accident_id,datetime,annee,mois,jour,heure,minute,departement,commune_insee,adresse,latitude,longitude,luminosite,agglomeration,intersection,meteo,collision,catr,circ,nbv,vosp,prof,plan,surf,infra,situ,vma,nb_vehicules,nb_usagers,nb_indemnes,nb_tues,nb_blesses_hosp,nb_blesses_legers,age_cond_1,age_cond_2,veh_type_cond_1,veh_type_cond_2,lum_code,agg_code,int_code,atm_code,col_code
202000000276,2020-09-18 13:35:00,2020,9,18,13,35,971,97125,8 Les Floralies à Meudon,16.2604,-61.27588,Plein jour,En agglomération,Intersection en X,Normale,Trois véhicules et plus - collisions multiples,2,2,2,0,1,1,1,0,1,50,3,4,2,1,0,1,30.0,54.0,deux_roues,voiture,1,2,2,1,5
202000000277,2020-08-29 09:30:00,2020,8,29,9,30,971,97125,Desvarieux,16.2732692,-61.2786645,Plein jour,Hors agglomération,Intersection en T,Normale,Autre collision,4,2,2,0,1,1,1,0,8,50,1,2,0,1,0,1,23.0,,deux_roues,,1,1,3,1,6
202000000278,2020-09-20 19:30:00,2020,9,20,19,30,29,29233,Lieu-Dit Lothéa,47.84656,-3.544636,Crépuscule ou aube,Hors agglomération,Hors intersection,Normale,Sans collision,4,2,2,0,1,1,1,0,1,80,1,1,0,0,1,0,17.0,,deux_roues,,2,1,1,1,7
202000000279,2020-09-20 04:00:00,2020,9,20,4,0,45,45278,D43,47.8052,2.830567,Nuit sans éclairage public,Hors agglomération,Hors intersection,Normale,Deux véhicules - arrière,3,2,2,0,1,1,1,0,1,80,2,3,2,1,0,0,23.0,19.0,voiture,deux_roues,3,1,1,1,2
202000000280,2020-09-20 00:15:00,2020,9,20,0,15,83,83065,D98a,43.257999,6.59472,Nuit avec éclairage allumé,Hors agglomération,Hors intersection,Temps couvert,Deux véhicules - frontale,3,1,1,0,1,1,1,0,1,70,2,5,4,0,1,0,27.0,19.0,voiture,deux_roues,5,1,1,8,1
202000000281,2020-09-05 12:42:00,2020,9,5,12,42,13,13004,RD570,43.60841,4.47768,Plein jour,Hors agglomération,Autre intersection,Normale,Deux véhicules - côté,3,2,2,0,1,1,1,5,1,80,2,2,1,0,1,0,46.0,61.0,voiture,deux_roues,1,1,9,1,3
202000000282,2020-09-20 19:45:00,2020,9,20,19,45,13,13096,D38,43.498309,4.382579,Nuit sans éclairage public,Hors agglomération,Intersection en T,Normale,Deux véhicules - côté,3,2,2,0,1,1,1,0,1,70,2,2,1,1,0,0,34.0,58.0,deux_roues,voiture,3,1,3,1,3
202000000283,2020-09-18 09:50:00,2020,9,18,9,50,39,39097,317 Avenue du Maréchal de Lattre de Tassigny,46.747955,5.918654,Plein jour,En agglomération,Hors intersection,Normale,Deux véhicules - arrière,4,2,2,0,1,1,1,0,1,50,2,2,1,0,1,0,77.0,88.0,voiture,deux_roues,1,2,1,1,2
202000000284,2020-09-21 16:05:00,2020,9,21,16,5,57,57433,34 Route de Metz,49.200327,6.160015,Plein jour,En agglomération,Hors intersection,Normale,Autre collision,3,2,2,0,1,1,1,9,1,50,1,2,1,0,1,0,93.0,,voiture,,1,2,1,1,6
202000000285,2020-09-21 17:25:00,2020,9,21,17,25,42,42147,Avenue d'Allard,45.606656,4.055972,Plein jour,En agglomération,Hors intersection,Normale,Autre collision,3,2,1,0,1,1,1,0,4,50,1,1,0,0,0,1,17.0,,deux_roues,,1,2,1,1,6
202000000286,2020-09-20 21:08:00,2020,9,20,21,8,38,38051,Route de Chanas,45.329778,4.88743,Nuit sans éclairage public,Hors agglomération,Hors intersection,Normale,Autre collision,3,2,2,0,1,1,1,0,3,80,1,2,0,0,1,1,40.0,,voiture,,3,1,1,1,6
202000000287,2020-09-20 20:55:00,2020,9,20,20,55,69,69291,19 Avenue de Burago Di Molgora,45.633297,4.859677,Nuit avec éclairage allumé,En agglomération,Intersection en X,Temps couvert,Deux véhicules - frontale,3,2,2,0,1,1,2,0,1,50,2,4,0,0,1,3,35.0,22.0,voiture,voiture,5,2,2,8,1
202000000288,2020-09-20 19:45:00,2020,9,20,19,45,69,69125,Route de Chazay,45.87275,4.72475,Nuit avec éclairage allumé,En agglomération,Passage à niveau,Pluie légère,Deux véhicules - côté,3,2,2,3,1,1,2,4,6,30,2,2,0,0,1,1,49.0,,voiture,,5,2,8,2,3
202000000289,2020-09-20 11:00:00,2020,9,20,11,0,85,85227,La Bonnette,46.478555,-0.661822,Plein jour,Hors agglomération,Intersection en X,Normale,Deux véhicules - arrière,3,2,2,0,1,1,1,0,1,80,2,2,1,0,1,0,30.0,72.0,voiture,deux_roues,1,1,2,1,2
202000000290,2020-09-21 17:35:00,2020,9,21,17,35,85,85178,La Bardinière,46.777822,-1.487898,Plein jour,Hors agglomération,Intersection en T,Normale,Deux véhicules - frontale,4,2,2,0,1,1,1,0,1,50,2,2,1,1,0,0,44.0,12.0,voiture,deux_roues,1,1,3,1,1
202000000291,2020-09-21 07:30:00,2020,9,21,7,30,50,50099,Route de Saint-côme,49.313534,-1.258605,Crépuscule ou aube,En agglomération,Hors intersection,Normale,Autre collision,3,2,2,0,1,1,1,0,1,50,1,2,1,0,1,0,58.0,,voiture,,2,2,1,1,6
202000000292,2020-09-16 12:45:00,2020,9,16,12,45,14,14068,40 Rue d'Outreval,49.230066,-0.331038,Plein jour,En agglomération,Hors intersection,Normale,Autre collision,3,2,2,0,1,1,1,9,1,50,1,2,1,0,0,1,34.0,,voiture,,1,2,1,1,6
202000000293,2020-09-17 13:45:00,2020,9,17,13,45,29,29144,D764 - Rosquervel,48.436803,-4.163861,Plein jour,Hors agglomération,Hors intersection,Normale,Autre collision,3,2,2,0,1,1,1,0,3,80,1,1,0,0,1,0,70.0,,voiture,,1,1,1,1,6
202000000294,2020-09-20 17:45:00,2020,9,20,17,45,27,27280,Route départementale 57,49.032396,1.268706,Plein jour,Hors agglomération,Hors intersection,Normale,Autre collision,3,2,2,0,1,2,9,0,3,50,1,1,0,0,1,0,20.0,,voiture,,1,1,1,1,6
202000000295,2020-09-21 14:20:00,2020,9,21,14,20,60,60395,87 Rue Louis Deshayes,49.2463534,2.1336089,Plein jour,En agglomération,Hors intersection,Normale,Deux véhicules - côté,3,2,2,0,1,1,1,0,1,50,2,2,1,0,1,0,23.0,41.0,deux_roues,voiture,1,2,1,1,3
202000000296,2020-09-21 15:20:00,2020,9,21,15,20,80,80625,route nationale,49.7155936,2.5395314,Plein jour,En agglomération,Hors intersection,Normale,Autre collision,3,2,2,0,1,1,1,0,4,50,1,2,0,0,1,1,70.0,,voiture,,1,2,1,1,6
202000000297,2020-09-19 22:50:00,2020,9,19,22,50,59,59011,10 Rue Lavoisier,50.528007,2.94395,Nuit avec éclairage allumé,En agglomération,Hors intersection,Normale,Deux véhicules - côté,4,2,2,0,1,1,1,0,1,50,2,6,4,0,0,2,18.0,21.0,voiture,voiture,5,2,1,1,3
202000000298,2020-09-19 21:08:00,2020,9,19,21,8,13,13055,A507 sens Marseille - Aubagne,43.2954,5.4243,Nuit avec éclairage allumé,Hors agglomération,Hors intersection,Pluie légère,Trois véhicules et plus - collisions multiples,1,1,3,0,3,1,2,0,1,50,5,12,5,0,0,7,28.0,33.0,voiture,voiture,5,1,1,2,5
202000000299,2020-09-19 20:10:00,2020,9,19,20,10,42,42110,A47,45.49492,4.55475,Nuit sans éclairage public,Hors agglomération,Autre intersection,Temps couvert,Deux véhicules - arrière,1,3,4,0,1,1,2,0,1,90,2,3,1,0,0,2,23.0,54.0,voiture,voiture,3,1,9,8,2
202000000300,2020-09-20 17:05:00,2020,9,20,17,5,91,91312,RD 444,48.73307,2.2337,Plein jour,Hors agglomération,Hors intersection,Normale,Sans collision,3,2,2,0,2,3,1,0,3,70,1,1,0,0,1,0,39.0,,deux_roues,,1,1,1,1,7
202000000301,2020-06-24 12:00:00,2020,6,24,12,0,35,35238,PAYS-BAS (AVENUE DES),48.0846,-1.66073,Plein jour,En agglomération,Intersection en X,Normale,Deux véhicules - côté,4,3,2,2,1,1,1,0,5,50,2,2,1,0,0,1,55.0,71.0,deux_roues,voiture,1,2,2,1,3
202000000302,2020-06-24 12:45:00,2020,6,24,12,45,33,33013,ROUTE NATIONALE 89,44.86642,-0.48688,Plein jour,Hors agglomération,Hors intersection,Normale,Trois véhicules et plus - en chaîne,2,3,4,0,1,1,1,0,1,90,3,3,0,0,0,3,48.0,43.0,voiture,voiture,1,1,1,1,4
202000000303,2020-06-24 07:30:00,2020,6,24,7,30,33,33318,Avenue du Bourgailh,44.80246,-0.66319,Plein jour,En agglomération,Intersection en T,Normale,Deux véhicules - côté,4,2,7,2,1,1,1,5,1,50,2,2,1,0,0,1,55.0,32.0,deux_roues,voiture,1,2,3,1,3
202000000304,2020-06-15 16:41:00,2020,6,15,16,41,33,33522,PARKING INTERMARCHE,44.80685,-0.57423,Plein jour,En agglomération,Autre intersection,Normale,Autre collision,6,-1,0,0,1,1,1,0,8,20,1,3,1,0,0,2,65.0,,voiture,,1,2,9,1,6
202000000305,2020-06-23 14:45:00,2020,6,23,14,45,31,31555,RTE DE NARBONNE,43.57141,1.4539,Plein jour,En agglomération,Hors intersection,Normale,Deux véhicules - arrière,3,2,3,0,1,1,1,0,1,50,2,2,1,0,0,1,28.0,35.0,voiture,deux_roues,1,2,1,1,2
202000000306,2020-06-22 11:50:00,2020,6,22,11,50,30,30189,CURIE PIERRE (RUE),43.8358,4.3769,Plein jour,En agglomération,Intersection en X,Normale,Deux véhicules - côté,4,2,2,0,1,1,1,0,1,50,2,2,1,0,1,0,36.0,65.0,voiture,deux_roues,1,2,2,1,3
202000000307,2020-06-24 13:55:00,2020,6,24,13,55,28,28134,SAINT THIBAULT (RUE),48.73629,1.36318,Plein jour,En agglomération,Hors intersection,Normale,,4,1,1,0,1,1,1,0,1,50,2,2,1,0,0,1,45.0,19.0,deux_roues,voiture,1,2,1,1,-1
202000000308,2020-06-18 19:40:00,2020,6,18,19,40,18,18033,PLANCHAT (PLACE),47.0855,2.35307,Plein jour,En agglomération,Hors intersection,Normale,Autre collision,3,2,2,3,1,1,1,9,6,30,1,2,1,0,0,1,68.0,,transport_commun,,1,2,1,1,6
202000000309,2020-06-24 12:39:00,2020,6,24,12,39,17,17300,STADE   RUE DU,46.16038,-1.178,Plein jour,En agglomération,Hors intersection,Normale,Autre collision,4,2,2,0,1,1,1,0,1,50,1,2,1,0,0,1,33.0,,utilitaire_camion,,1,2,1,1,6
202000000310,2020-06-23 11:28:00,2020,6,23,11,28,17,17300,SARTRE   AVENUE JEAN-PAUL,46.15451,-1.11694,Plein jour,En agglomération,Intersection en X,Normale,Trois véhicules et plus - collisions multiples,4,2,2,0,1,1,1,0,1,50,3,6,4,0,0,2,76.0,23.0,voiture,voiture,1,2,2,1,5
202000000311,2020-06-19 22:40:00,2020,6,19,22,40,13,13071,ROUTE NATIONALE 368 (PLAN DES PENNES),43.405194,5.283127,Nuit avec éclairage allumé,Hors agglomération,Hors intersection,Normale,Deux véhicules - frontale,3,2,2,0,2,1,1,0,1,30,2,2,0,0,1,1,37.0,25.0,deux_roues,voiture,5,1,1,1,1
202000000312,2020-06-24 23:35:00,2020,6,24,23,35,13,13213,GEMY (BOULEVARD),43.3222,5.41268,Nuit avec éclairage allumé,En agglomération,Intersection en T,Normale,Deux véhicules - côté,4,2,2,0,1,1,1,0,1,50,2,2,1,0,0,1,36.0,15.0,voiture,deux_roues,5,2,3,1,3
202000000313,2020-06-24 10:40:00,2020,6,24,10,40,13,13211,VALBARELLE (CHEMIN DE LA),43.28853,5.4544,Plein jour,En agglomération,Intersection en T,Normale,Deux véhicules - côté,4,2,2,0,1,1,1,0,1,50,2,2,1,0,1,0,67.0,55.0,voiture,deux_roues,1,2,3,1,3
202000000314,2020-06-23 15:20:00,2020,6,23,15,20,13,13206,LIEUTAUD (COURS),43.2917703,5.382978,Plein jour,En agglomération,Intersection en Y,Normale,Deux véhicules - côté,7,2,1,0,1,1,1,0,1,50,2,3,2,0,0,1,30.0,21.0,voiture,deux_roues,1,2,4,1,3
202000000315,2020-06-23 09:30:00,2020,6,23,9,30,11,11262,HUGO (QUAI ET PASSERELLE VICTOR),43.181378,3.008148,Plein jour,En agglomération,Hors intersection,Normale,Autre collision,4,2,2,0,1,1,1,0,1,50,1,2,1,0,0,1,50.0,,voiture,,1,2,1,1,6
202000000316,2020-06-22 17:20:00,2020,6,22,17,20,11,11069,RD 6113,43.2303388,2.3437545,Plein jour,Hors agglomération,Giratoire,Normale,Deux véhicules - arrière,3,2,2,0,1,2,1,0,1,80,2,2,1,0,0,1,23.0,36.0,voiture,voiture,1,1,6,1,2
202000000317,2020-06-23 11:00:00,2020,6,23,11,0,75,75112,BOULEVARD PERIPHERIQUE,48.826866,2.389663,Plein jour,En agglomération,Intersection en Y,Normale,Deux véhicules - côté,4,1,1,0,2,3,1,0,1,70,2,2,1,0,0,1,57.0,26.0,utilitaire_camion,voiture,1,2,4,1,3
202000000318,2020-06-24 20:10:00,2020,6,24,20,10,75,75119,BOULEVARD SERURIER,48.885039,2.394466,Plein jour,En agglomération,Intersection en T,Normale,Deux véhicules - arrière,4,2,4,0,4,1,1,0,1,50,2,2,1,0,0,1,25.0,22.0,voiture,deux_roues,1,2,3,1,2
202000000319,2020-06-24 17:50:00,2020,6,24,17,50,75,75119,RUE DE BELLEVILLE,48.873402,2.38261,Plein jour,En agglomération,Intersection en T,Normale,Deux véhicules - arrière,4,2,2,0,2,1,1,0,1,30,2,2,1,0,0,1,26.0,24.0,deux_roues,utilitaire_camion,1,2,3,1,2
202000000320,2020-06-24 03:00:00,2020,6,24,3,0,75,75119,AVENUE CORENTIN CARIOU,48.896094,2.38409,Nuit avec éclairage allumé,En agglomération,Intersection en T,Normale,Deux véhicules - côté,4,3,4,0,1,1,1,0,1,50,2,3,2,0,0,1,40.0,30.0,voiture,deux_roues,5,2,3,1,3
202000000321,2020-06-24 15:35:00,2020,6,24,15,35,75,75118,BOULEVARD BARBES,48.891156,2.349629,Plein jour,En agglomération,Hors intersection,Normale,Deux véhicules - côté,4,-1,4,0,2,1,1,0,1,50,2,2,1,0,0,1,33.0,41.0,deux_roues,deux_roues,1,2,1,1,3
202000000322,2020-06-24 00:45:00,2020,6,24,0,45,75,75118,RUE DE LA CHAPELLE,48.892014,2.35984,Nuit avec éclairage allumé,En agglomération,Intersection en T,Normale,,4,2,4,0,1,1,1,0,1,50,2,1,0,0,0,1,43.0,,deux_roues,,5,2,3,1,-1
202000000323,2020-06-24 10:00:00,2020,6,24,10,0,75,75116,AVENUE MARCEAU,48.867447,2.299243,Plein jour,En agglomération,Intersection en X,Normale,Deux véhicules - côté,4,2,3,3,1,1,1,-1,6,50,2,3,2,0,0,1,27.0,35.0,deux_roues,voiture,1,2,2,1,3
202000000324,2020-06-24 10:00:00,2020,6,24,10,0,75,75116,RUE D AUTEUIL,48.848046,2.263656,Plein jour,En agglomération,Intersection en T,Normale,Autre collision,4,1,2,0,1,1,1,0,1,50,1,1,0,0,0,1,,,,,1,2,3,1,6
202000000325,2020-06-24 04:20:00,2020,6,24,4,20,75,75116,PLACE DE VARSOVIE,48.860414,2.291152,Nuit avec éclairage allumé,En agglomération,Place,Normale,Deux véhicules - frontale,4,-1,3,1,1,1,1,-1,5,50,2,2,0,0,0,2,24.0,,deux_roues,,5,2,7,1,1
202000000326,2020-06-23 14:15:00,2020,6,23,14,15,75,75116,AVENUE HENRI MARTIN,48.864216,2.274985,Plein jour,En agglomération,Intersection en X,Normale,Autre collision,4,3,2,0,1,1,1,0,1,50,1,2,1,0,0,1,14.0,,deux_roues,,1,2,2,1,6
202000000327,2020-06-22 15:30:00,2020,6,22,15,30,75,75116,BOULEVARD DE L AMIRAL BRUIX,48.874717,2.278951,Plein jour,En agglomération,Intersection en T,Normale,Deux véhicules - côté,4,2,4,0,1,1,1,0,1,50,2,2,1,0,0,1,52.0,18.0,utilitaire_camion,deux_roues,1,2,3,1,3
202000000328,2020-06-24 12:50:00,2020,6,24,12,50,75,75115,AVENUE EMILE ZOLA,48.846547,2.286013,Plein jour,En agglomération,Intersection en X,Normale,Autre collision,4,2,2,0,1,1,1,0,1,50,1,2,1,0,0,1,33.0,,utilitaire_camion,,1,2,2,1,6
202000000329,2020-06-24 11:50:00,2020,6,24,11,50,75,75114,PLACE DENFERT ROCHEREAU,48.835017,2.332132,Plein jour,En agglomération,Place,Normale,Deux véhicules - arrière,4,1,5,0,1,1,1,0,1,50,2,2,1,0,0,1,34.0,78.0,deux_roues,voiture,1,2,7,1,2
202000000330,2020-06-24 18:30:00,2020,6,24,18,30,75,75112,BOULEVARD PERIPHERIQUE,48.830927,2.402991,Plein jour,En agglomération,Hors intersection,Normale,Deux véhicules - arrière,4,3,8,0,1,1,1,0,1,70,2,2,1,0,0,1,73.0,50.0,deux_roues,utilitaire_camion,1,2,1,1,2
202000000331,2020-06-24 08:25:00,2020,6,24,8,25,75,75112,PORT DE BERCY,48.832644,2.382991,Plein jour,En agglomération,Hors intersection,Normale,Autre collision,4,1,1,0,1,1,1,0,1,50,1,1,0,0,0,1,48.0,,deux_roues,,1,2,1,1,6
202000000332,2020-06-24 19:00:00,2020,6,24,19,0,75,75110,BOULEVARD DE LA VILLETTE,48.873359,2.375342,Plein jour,En agglomération,Hors intersection,Normale,Autre collision,4,1,2,0,1,1,1,0,1,50,1,2,1,0,0,1,52.0,,voiture,,1,2,1,1,6
202000000333,2020-06-24 15:24:00,2020,6,24,15,24,75,75110,QUAI DE VALMY,48.877983,2.365658,Plein jour,En agglomération,Hors intersection,Normale,Deux véhicules - arrière,4,1,2,0,2,1,1,0,1,30,2,2,1,0,0,1,51.0,35.0,utilitaire_camion,voiture,1,2,1,1,2
202000000334,2020-06-24 09:37:00,2020,6,24,9,37,75,75106,QUAI VOLTAIRE,48.858526,2.332465,Plein jour,En agglomération,Intersection en T,Temps éblouissant,Sans collision,4,1,3,1,1,1,1,-1,5,50,1,1,0,0,0,1,40.0,,deux_roues,,1,2,3,7,7
202000000335,2020-06-24 11:05:00,2020,6,24,11,5,75,75101,AVENUE DE L OPERA,48.864546,2.334929,Plein jour,En agglomération,Intersection en Y,Normale,Deux véhicules - côté,4,2,6,0,1,1,1,0,1,50,2,2,1,0,0,1,33.0,23.0,deux_roues,voiture,1,2,4,1,3
202000000336,2020-06-23 15:05:00,2020,6,23,15,5,75,75104,QUAI DE GESVRES,48.856711,2.348926,Plein jour,En agglomération,Intersection en X,Normale,Autre collision,4,1,4,0,1,1,1,0,1,50,1,2,1,0,0,1,55.0,,voiture,,1,2,2,1,6
202000000337,2020-06-24 07:05:00,2020,6,24,7,5,94,94046,GEORGES MEDERIC (R),48.79525,2.43985,Plein jour,En agglomération,Hors intersection,Normale,Autre collision,4,2,3,0,1,1,1,0,1,50,1,2,1,0,0,1,37.0,,voiture,,1,2,1,1,6
202000000338,2020-06-22 10:50:00,2020,6,22,10,50,93,93066,R DE LA METALLURGIE / R DE L'ENCYCLOPEDIE,48.90925,2.36239,Plein jour,En agglomération,Intersection en X,Normale,Deux véhicules - côté,4,2,2,0,1,1,1,0,1,50,2,3,1,0,0,2,28.0,35.0,voiture,utilitaire_camion,1,2,2,1,3
202000000339,2020-06-24 23:00:00,2020,6,24,23,0,93,93064,DE GAULLE (AV DU GENERAL) 58/49 - FIN,48.8774332,2.480905,Nuit avec éclairage allumé,Hors agglomération,Hors intersection,Normale,Sans collision,3,-1,-1,0,1,1,1,9,8,10,1,1,0,0,0,1,18.0,,deux_roues,,5,1,1,1,7
202000000340,2020-06-24 12:20:00,2020,6,24,12,20,93,93048,R DES GRANDS PECHERS / R LENAIN DE TILLEMONT,48.85846,2.46246,Plein jour,En agglomération,Intersection en X,Normale,Autre collision,4,1,1,0,1,1,1,0,1,50,1,1,0,0,1,0,,,,,1,2,2,1,6
202000000341,2020-06-23 17:25:00,2020,6,23,17,25,93,93006,R DES CHAMPEAUX / AV DE LA REPUBLIQUE,48.86343,2.414464,Plein jour,En agglomération,Intersection en T,Temps éblouissant,Deux véhicules - arrière,3,2,2,0,1,1,1,0,8,50,2,2,1,0,0,1,46.0,31.0,voiture,deux_roues,1,2,3,7,2
202000000342,2020-06-24 15:30:00,2020,6,24,15,30,93,93057,AV DU PRESIDENT WILSON / ALL ROBERT ESTIENNE,48.90646,2.51191,Plein jour,En agglomération,Intersection en X,Normale,Deux véhicules - côté,3,1,1,0,1,1,1,5,1,30,2,2,1,0,0,1,73.0,56.0,voiture,voiture,1,2,2,1,3
202000000343,2020-06-24 01:10:00,2020,6,24,1,10,93,93005,"""PAUL VAILLANT COUTURIER (AVENUE """"DU 01",48.9295005,2.4805931,Nuit avec éclairage allumé,En agglomération,Intersection en X,Normale,Trois véhicules et plus - collisions multiples,3,2,2,0,1,1,1,0,1,50,3,3,2,0,1,0,28.0,51.0,voiture,voiture,5,2,2,1,5
202000000344,2020-06-24 19:25:00,2020,6,24,19,25,93,93005,R JACQUES DUCLOS,48.9463828,2.4933612,Plein jour,En agglomération,Hors intersection,Normale,Autre collision,3,3,4,0,1,1,1,0,1,50,1,3,2,0,1,0,20.0,,voiture,,1,2,1,1,6
202000000345,2020-06-24 08:40:00,2020,6,24,8,40,93,93001,R ANDRE KARMAN ,48.9091508,2.3848101,Plein jour,En agglomération,Hors intersection,Normale,Deux véhicules - arrière,4,1,1,0,1,1,1,0,1,50,2,3,1,0,0,2,38.0,48.0,utilitaire_camion,utilitaire_camion,1,2,1,1,2
202000000346,2020-06-24 03:25:00,2020,6,24,3,25,92,92078,VERDUN (AVENUE) (PAIRS 92 ET PLUS),48.935206,2.328025,Nuit avec éclairage allumé,En agglomération,Autre intersection,Normale,Autre collision,3,-1,2,0,1,1,1,0,1,30,1,3,0,0,0,3,,,,,5,2,9,1,6
202000000347,2020-06-24 18:25:00,2020,6,24,18,25,92,92051,"CHARLES DE GAULLE (AVENUE, N°27 A 129)",48.885549,2.255746,Plein jour,En agglomération,Hors intersection,Normale,,4,1,4,0,1,1,1,0,1,50,3,4,3,0,0,1,59.0,45.0,transport_commun,deux_roues,1,2,1,1,-1
202000000348,2020-06-24 16:20:00,2020,6,24,16,20,92,92051,PARMENTIER (RUE),48.8823136,2.2804825,Plein jour,En agglomération,Hors intersection,Normale,Deux véhicules - côté,4,1,1,0,1,1,1,0,1,30,2,2,1,0,0,1,53.0,71.0,deux_roues,voiture,1,2,1,1,3
202000000349,2020-06-25 07:45:00,2020,6,25,7,45,81,81222,2351 Route de Castres,43.779801,2.187427,Plein jour,En agglomération,Intersection en T,Normale,Deux véhicules - arrière,3,2,2,0,1,1,1,0,1,50,2,2,1,0,0,1,30.0,81.0,utilitaire_camion,voiture,1,2,3,1,2
202000000350,2020-06-24 15:39:00,2020,6,24,15,39,68,68143,D4,48.110433,7.402017,Plein jour,Hors agglomération,Intersection en Y,Normale,Deux véhicules - côté,3,2,2,0,1,1,1,0,1,80,2,4,3,0,0,1,21.0,30.0,voiture,voiture,1,1,4,1,3
202000000351,2020-06-25 08:45:00,2020,6,25,8,45,12,12265,Verrières,44.542572,2.685213,Plein jour,Hors agglomération,Intersection en X,Normale,Deux véhicules - frontale,3,2,2,0,1,2,1,0,1,50,2,2,1,0,0,1,33.0,62.0,voiture,deux_roues,1,1,2,1,1
202000000352,2020-06-24 19:30:00,2020,6,24,19,30,01,01354,Rue de la Faucille,46.261874,6.029869,Plein jour,En agglomération,Intersection en T,Normale,Autre collision,4,2,2,0,1,1,1,5,3,50,1,2,0,0,0,2,23.0,,voiture,,1,2,3,1,6
202000000353,2020-06-25 05:45:00,2020,6,25,5,45,974,97410,RN2,-21.081621,55.691636,Crépuscule ou aube,En agglomération,Hors intersection,Normale,Autre collision,3,2,2,0,1,1,1,0,8,50,1,2,1,0,1,0,42.0,,utilitaire_camion,,2,2,1,1,6
202000000354,2020-06-25 17:30:00,2020,6,25,17,30,38,38133,Route de Croix Bayard,45.36212,5.62179,Plein jour,Hors agglomération,Hors intersection,Temps éblouissant,Deux véhicules - frontale,3,2,2,0,2,1,1,0,1,80,2,2,0,1,0,1,89.0,49.0,voiture,voiture,1,1,1,7,1
202000000355,2020-06-24 10:20:00,2020,6,24,10,20,26,26041,310 Route de la Sizeranne,45.215331,4.834676,Plein jour,En agglomération,Intersection en X,Normale,Deux véhicules - frontale,3,2,2,0,2,1,1,0,1,50,2,2,1,0,1,0,68.0,66.0,deux_roues,voiture,1,2,2,1,1
202000000356,2020-06-22 01:43:00,2020,6,22,1,43,87,87021,Rue du Boucheron,45.767987,1.209735,Nuit avec éclairage non allumé,En agglomération,Hors intersection,Normale,Autre collision,3,-1,2,0,2,2,1,0,3,50,1,2,0,0,1,1,33.0,,voiture,,4,2,1,1,6
202000000357,2020-06-24 19:45:00,2020,6,24,19,45,56,56057,Le Drezers,48.064767,-3.480745,Plein jour,Hors agglomération,Hors intersection,Normale,Sans collision,3,2,2,0,1,1,1,0,3,80,1,1,0,0,1,0,41.0,,deux_roues,,1,1,1,1,7
202000000358,2020-06-25 13:50:00,2020,6,25,13,50,74,74223,92 Route de la Sage,46.092296,6.649507,Plein jour,Hors agglomération,Intersection en T,Normale,Deux véhicules - côté,3,2,2,0,1,1,1,0,1,80,2,2,1,0,1,0,30.0,60.0,deux_roues,utilitaire_camion,1,1,3,1,3
202000000359,2020-06-24 18:30:00,2020,6,24,18,30,74,74267,Route d'Albertville,45.866885,6.140008,Plein jour,En agglomération,Intersection en X,Normale,Deux véhicules - côté,3,2,3,0,1,1,1,5,1,50,2,2,1,0,1,0,31.0,31.0,deux_roues,voiture,1,2,2,1,3
202000000360,2020-06-24 14:32:00,2020,6,24,14,32,65,65242,D5,43.348994,0.154999,Plein jour,Hors agglomération,Hors intersection,Temps éblouissant,Deux véhicules - frontale,3,2,2,0,1,1,1,0,1,80,2,2,1,0,1,0,62.0,20.0,voiture,voiture,1,1,1,7,1
202000000361,2020-06-24 19:30:00,2020,6,24,19,30,61,61486,Lieu Dit la Guitonniere,48.71565,-0.719374,Plein jour,Hors agglomération,Hors intersection,Normale,Deux véhicules - frontale,4,2,2,0,2,4,1,0,1,80,2,2,1,0,1,0,18.0,69.0,deux_roues,voiture,1,1,1,1,1
202000000362,2020-06-24 15:05:00,2020,6,24,15,5,12,12240,Le Garric,44.629403,2.311588,Plein jour,Hors agglomération,Hors intersection,Temps éblouissant,Sans collision,4,2,2,0,2,3,1,0,3,-1,1,1,0,0,1,0,57.0,,utilitaire_camion,,1,1,1,7,7
202000000363,2020-06-24 18:00:00,2020,6,24,18,0,46,46065,Lieu Dit le Duc,45.030021,1.620741,Plein jour,Hors agglomération,Hors intersection,Normale,Sans collision,4,2,2,0,2,1,1,0,3,80,1,1,0,0,1,0,76.0,,deux_roues,,1,1,1,1,7
202000000364,2020-06-24 23:00:00,2020,6,24,23,0,31,31455,Avenue de Montesquieu,43.2371418,1.2051899,Nuit sans éclairage public,Hors agglomération,Hors intersection,Normale,Autre collision,3,2,2,1,1,2,1,0,3,80,1,1,0,1,0,0,31.0,,voiture,,3,1,1,1,6
202000000365,2020-06-24 20:15:00,2020,6,24,20,15,31,31118,Route de Bouloc,43.793367,1.372466,Plein jour,Hors agglomération,Giratoire,Normale,Deux véhicules - côté,3,2,2,0,1,1,1,0,1,80,2,2,1,0,1,0,34.0,50.0,voiture,deux_roues,1,1,6,1,3
202000000366,2020-06-24 18:30:00,2020,6,24,18,30,38,38182,Route de Chartreuse,45.398088,5.427954,Plein jour,En agglomération,Hors intersection,Normale,Deux véhicules - arrière,3,2,2,0,1,1,1,0,1,50,2,2,1,0,1,0,67.0,17.0,voiture,deux_roues,1,2,1,1,2
202000000367,2020-06-24 13:45:00,2020,6,24,13,45,02,02095,Rue de Saint-quentin,49.982399,3.452893,Plein jour,En agglomération,Autre intersection,Temps éblouissant,Deux véhicules - frontale,3,2,2,0,1,1,1,0,1,50,2,6,4,0,0,2,46.0,21.0,voiture,voiture,1,2,9,7,1