accident_id,datetime,annee,mois,jour,heure,minute,departement,commune_insee,adresse,latitude,longitude,luminosite,agglomeration,intersection,meteo,collision,catr,circ,nbv,vosp,prof,plan,surf,infra,situ,vma,nb_vehicules,nb_usagers,nb_indemnes,nb_tues,nb_blesses_hosp,nb_blesses_legers,age_cond_1,age_cond_2,veh_type_cond_1,veh_type_cond_2,lum_code,agg_code,int_code,atm_code,col_code
202000000461,2020-10-16 22:00:00,2020,10,16,22,0,971,97113,BAS DU FORT,16.2184,-61.5175,Nuit avec éclairage allumé,En agglomération,Autre intersection,Pluie légère,Deux véhicules - côté,4,2,2,0,1,2,2,0,1,50,2,2,1,0,1,0,50.0,65.0,voiture,voiture,5,2,9,2,3
202000000462,2020-10-19 11:50:00,2020,10,19,11,50,2A,2A004,NAPOLEON COURS APRES BEVERINI,41.9286403,8.7387437,Plein jour,En agglomération,Intersection en T,Normale,Autre collision,2,2,3,0,1,3,1,0,1,30,1,2,1,0,0,1,38.0,,voiture,,1,2,3,1,6
202000000463,2020-10-14 07:30:00,2020,10,14,7,30,91,91027,AV JEAN PIERRE BENARD,48.711754,2.381103,Nuit avec éclairage allumé,En agglomération,Hors intersection,Pluie légère,Deux véhicules - côté,3,2,2,0,1,1,2,0,1,50,2,2,1,0,0,1,28.0,35.0,deux_roues,voiture,5,2,1,2,3
202000000464,2020-10-14 18:18:00,2020,10,14,18,18,87,87085,PERRIN (RUE FRANCOIS),45.82673,1.23806,Plein jour,En agglomération,Intersection en T,Pluie légère,Sans collision,4,2,2,0,1,1,2,0,1,50,1,1,0,0,0,1,18.0,,deux_roues,,1,2,3,2,7
202000000465,2020-10-19 07:44:00,2020,10,19,7,44,87,87085,SABLARD (AVENUE DE),45.8282127,1.2823846,Nuit avec éclairage allumé,En agglomération,Intersection en T,Normale,Deux véhicules - côté,4,4,3,0,1,1,1,2,1,50,2,2,0,0,0,2,54.0,23.0,voiture,voiture,5,2,3,1,3
202000000466,2020-10-16 14:27:00,2020,10,16,14,27,87,87085,MONTJOVIS (AVENUE),45.83805,1.24828,Plein jour,En agglomération,Intersection en T,Normale,Deux véhicules - arrière,4,2,2,0,1,1,1,0,1,50,2,2,1,0,0,1,19.0,43.0,voiture,utilitaire_camion,1,2,3,1,2
202000000467,2020-10-10 15:00:00,2020,10,10,15,0,83,83137,NOGUES (AVE DU GENERAL),43.12779,5.9208,Plein jour,En agglomération,Intersection en T,Normale,Deux véhicules - côté,4,1,1,0,2,1,1,0,1,50,2,3,2,0,1,0,56.0,23.0,deux_roues,voiture,1,2,3,1,3
202000000468,2020-10-14 09:30:00,2020,10,14,9,30,80,80261,AMIENS (ROUTE D'),49.85309,2.27264,Plein jour,En agglomération,Hors intersection,Normale,Deux véhicules - côté,3,2,2,0,1,1,1,0,1,50,2,2,1,0,0,1,21.0,63.0,deux_roues,voiture,1,2,1,1,3
202000000469,2020-10-19 11:15:00,2020,10,19,11,15,79,79191,Avenue de Nantes,46.33489,-0.47284,Plein jour,En agglomération,Giratoire,Normale,Deux véhicules - côté,3,2,2,1,2,1,1,5,1,50,2,1,0,1,0,0,70.0,,deux_roues,,1,2,6,1,3
202000000470,2020-10-19 12:10:00,2020,10,19,12,10,77,77146,GEORGES BIDAULT (BOULEVARD),48.83072,2.6505,Plein jour,En agglomération,Hors intersection,Normale,Deux véhicules - côté,3,2,2,0,1,1,1,0,1,50,2,2,1,0,1,0,46.0,55.0,deux_roues,voiture,1,2,1,1,3
202000000471,2020-10-18 23:20:00,2020,10,18,23,20,76,76319,MARITIME. BOULEVARD,49.36202,0.99607,Nuit avec éclairage allumé,Hors agglomération,Hors intersection,Normale,Deux véhicules - arrière,4,2,2,0,1,1,1,0,1,80,2,2,0,0,0,2,41.0,,deux_roues,,5,1,1,1,2
202000000472,2020-10-17 02:40:00,2020,10,17,2,40,76,76351,FRISSARD (QUAI),49.49081,0.12919,Nuit avec éclairage allumé,En agglomération,Hors intersection,Normale,Deux véhicules - frontale,4,2,2,0,1,1,1,0,1,50,2,2,1,0,0,1,28.0,41.0,deux_roues,voiture,5,2,1,1,1
202000000473,2020-10-16 11:10:00,2020,10,16,11,10,71,71306,BLANQUI (RUE),46.6751136,4.3643868,Plein jour,En agglomération,Hors intersection,Normale,Autre collision,4,1,1,0,2,1,1,0,1,30,1,2,1,0,0,1,26.0,,voiture,,1,2,1,1,6
202000000474,2020-10-17 13:25:00,2020,10,17,13,25,71,71270,SAONE (CARREFOUR DE),46.3093916,4.837493,Plein jour,En agglomération,Giratoire,Normale,Deux véhicules - côté,3,1,2,0,1,2,1,0,1,50,2,2,1,0,1,0,83.0,54.0,deux_roues,voiture,1,2,6,1,3
202000000475,2020-10-19 13:40:00,2020,10,19,13,40,69,69029,GENAS (DE)                          (RO),45.7508239,4.9085753,Plein jour,En agglomération,Hors intersection,Normale,Deux véhicules - côté,4,2,5,0,1,1,1,0,1,50,2,2,1,0,0,1,63.0,35.0,utilitaire_camion,voiture,1,2,1,1,3
202000000476,2020-10-15 14:30:00,2020,10,15,14,30,69,69029,CAMILLE ROUSSET                     (AV),45.7357,4.91054,Plein jour,En agglomération,Intersection en T,Pluie légère,Autre collision,4,2,2,0,1,1,2,5,1,50,1,2,1,0,0,1,74.0,,voiture,,1,2,3,2,6
202000000477,2020-10-19 16:20:00,2020,10,19,16,20,69,69264,GAMBETTA  BD,45.99293,4.71506,Plein jour,En agglomération,Hors intersection,Normale,Trois véhicules et plus - en chaîne,4,2,2,0,2,1,1,0,1,50,4,3,2,0,0,1,55.0,72.0,utilitaire_camion,utilitaire_camion,1,2,1,1,4
202000000478,2020-10-17 19:15:00,2020,10,17,19,15,67,67482,FAUBOURG DE PIERRE (PONT DU),48.58695,7.74641,Nuit avec éclairage allumé,En agglomération,Intersection en T,Normale,Deux véhicules - côté,4,2,3,0,1,1,1,2,1,30,2,3,2,0,0,1,31.0,54.0,voiture,deux_roues,5,2,3,1,3
202000000479,2020-10-16 12:27:00,2020,10,16,12,27,65,65286,Av Général Baron Maransin,43.098396,-0.045558,Plein jour,En agglomération,Hors intersection,Normale,Deux véhicules - arrière,4,3,2,0,1,1,1,0,1,50,2,3,1,0,1,1,71.0,40.0,voiture,voiture,1,2,1,1,2
202000000480,2020-10-18 16:20:00,2020,10,18,16,20,64,64140,GLIZE (RUE RAYMOND ET MARCEL),43.51433,-1.48262,Plein jour,En agglomération,Hors intersection,Normale,Sans collision,4,1,1,0,4,3,1,0,4,50,1,1,0,0,0,1,51.0,,voiture,,1,2,1,1,7
202000000481,2020-10-16 19:40:00,2020,10,16,19,40,63,63113,CHARTOIRE (BD LOUIS),45.79814,3.14676,Nuit avec éclairage allumé,Hors agglomération,Giratoire,Temps couvert,,7,4,0,0,1,2,2,0,1,50,2,2,1,0,0,1,62.0,28.0,voiture,deux_roues,5,1,6,8,-1
202000000482,2020-10-10 10:10:00,2020,10,10,10,10,62,62617,ROUTE NATIONALE (CD 937),50.48045,2.663,Plein jour,En agglomération,Hors intersection,Normale,Autre collision,3,2,2,0,1,1,1,0,1,50,1,2,1,0,0,1,16.0,,deux_roues,,1,2,1,1,6
202000000483,2020-10-17 20:55:00,2020,10,17,20,55,62,62178,CARON ( AUGUSTIN ),50.47508,2.53815,Nuit avec éclairage allumé,En agglomération,Intersection en X,Temps couvert,Autre collision,4,2,1,0,2,1,2,5,1,50,1,2,1,0,1,0,25.0,,voiture,,5,2,2,8,6
202000000484,2020-10-17 18:15:00,2020,10,17,18,15,59,59509,BLUM (RUE LEON),50.42068,3.07338,Crépuscule ou aube,Hors agglomération,Intersection en T,Normale,Deux véhicules - côté,3,3,2,0,1,2,1,0,1,80,2,2,1,0,1,0,21.0,33.0,voiture,deux_roues,2,1,3,1,3
202000000485,2020-10-16 12:30:00,2020,10,16,12,30,59,59017,FUSILLES (RUE DES ),50.68962,2.8816,Plein jour,En agglomération,Hors intersection,Normale,Deux véhicules - frontale,4,2,2,0,1,1,1,0,1,50,2,2,1,0,1,0,26.0,43.0,deux_roues,voiture,1,2,1,1,1
202000000486,2020-10-17 13:10:00,2020,10,17,13,10,56,56121,LIEGE (RUE  DE ),47.74753,-3.35966,Plein jour,En agglomération,Hors intersection,Normale,Deux véhicules - côté,4,1,1,0,1,1,1,0,1,30,2,2,1,0,0,1,73.0,76.0,voiture,voiture,1,2,1,1,3
202000000487,2020-10-16 13:15:00,2020,10,16,13,15,50,50129,PARIS (AVENUE DE),49.62639,-1.61725,Plein jour,En agglomération,Intersection en Y,Normale,Trois véhicules et plus - en chaîne,4,2,3,0,2,1,2,0,1,50,3,3,2,0,0,1,20.0,35.0,voiture,voiture,1,2,4,1,4
202000000488,2020-10-17 22:15:00,2020,10,17,22,15,49,49328,CESSART (PONT),47.2634,-0.07415,Nuit avec éclairage non allumé,En agglomération,Hors intersection,Normale,Autre collision,4,-1,2,0,1,1,1,8,1,50,1,2,0,0,1,1,15.0,,deux_roues,,4,2,1,1,6
202000000489,2020-10-17 11:05:00,2020,10,17,11,5,47,47001,CARNOT (BD DU PRESIDENT),44.20443,0.62059,Plein jour,En agglomération,Intersection en X,Normale,Autre collision,4,2,2,0,1,1,1,0,1,30,1,2,1,0,1,0,19.0,,voiture,,1,2,2,1,6
202000000490,2020-10-19 18:00:00,2020,10,19,18,0,44,44109,BOULEVARD BENONI GOULLIN,47.20153,-1.554,Plein jour,En agglomération,Hors intersection,Normale,Deux véhicules - côté,4,3,0,1,1,2,1,0,1,50,2,2,1,0,0,1,20.0,33.0,deux_roues,voiture,1,2,1,1,3
202000000491,2020-10-13 11:40:00,2020,10,13,11,40,44,44109,COULMIERS ( RUE DE ),47.22401,-1.5384,Plein jour,En agglomération,Intersection en T,Normale,Deux véhicules - côté,4,2,0,0,1,1,1,0,1,30,2,2,1,0,0,1,35.0,46.0,voiture,deux_roues,1,2,3,1,3
202000000492,2020-10-17 20:43:00,2020,10,17,20,43,42,42147,Rue Paul Deschanel,45.601852,4.078701,Plein jour,En agglomération,Hors intersection,Normale,Deux véhicules - arrière,4,1,1,0,2,1,1,0,1,50,2,1,0,0,0,1,51.0,,voiture,,1,2,1,1,2
202000000493,2020-10-19 09:50:00,2020,10,19,9,50,38,38421,Avenue Gabriel Péri,45.1876,5.7531,Plein jour,En agglomération,Hors intersection,Normale,Deux véhicules - côté,3,2,7,0,1,1,1,0,1,50,2,2,1,0,0,1,24.0,59.0,utilitaire_camion,deux_roues,1,2,1,1,3
202000000494,2020-10-10 19:30:00,2020,10,10,19,30,38,38053,Avenue des Alpes,45.58508,5.27293,Crépuscule ou aube,En agglomération,Hors intersection,Normale,Autre collision,3,1,2,0,1,1,1,0,1,50,1,2,1,0,1,0,76.0,,voiture,,2,2,1,1,6
202000000495,2020-10-19 04:55:00,2020,10,19,4,55,37,37261,LOUIS XI (BOULEVARD),47.3756527,0.6651744,Nuit sans éclairage public,En agglomération,Giratoire,Normale,Sans collision,3,2,4,0,1,1,1,9,1,50,1,1,0,0,0,1,18.0,,voiture,,3,2,6,1,7
202000000496,2020-10-17 23:55:00,2020,10,17,23,55,34,34301,REVOLUTION (RUE DE LA),43.406333,3.691147,Nuit avec éclairage allumé,En agglomération,Intersection en T,Normale,Deux véhicules - côté,4,1,1,0,1,1,1,0,1,30,2,6,4,0,2,0,17.0,24.0,deux_roues,voiture,5,2,3,1,3
202000000497,2020-10-19 19:50:00,2020,10,19,19,50,34,34172,CONSULS MER (BOULEVARD DES),43.60397,3.89481,Nuit avec éclairage allumé,En agglomération,Hors intersection,Normale,Deux véhicules - arrière,4,-1,1,0,1,1,1,5,1,50,2,2,1,0,0,1,29.0,57.0,voiture,voiture,5,2,1,1,2
202000000498,2020-10-19 21:10:00,2020,10,19,21,10,33,33063,ALL DE LOS ANGELES,44.8449,-0.57496,Nuit avec éclairage allumé,En agglomération,Autre intersection,Normale,Autre collision,4,2,2,0,1,3,1,0,6,50,1,2,1,0,0,1,33.0,,deux_roues,,5,2,9,1,6
202000000499,2020-10-19 17:40:00,2020,10,19,17,40,33,33529,PALUE (CH. DE LA),44.63216,-1.15919,Plein jour,Hors agglomération,Hors intersection,Normale,Sans collision,4,2,2,0,1,2,1,0,1,50,1,2,0,0,0,2,32.0,,deux_roues,,1,1,1,1,7
202000000500,2020-10-19 08:45:00,2020,10,19,8,45,32,32013,IRENEE DAVID,43.6433,0.5888,Plein jour,En agglomération,Hors intersection,Temps couvert,Sans collision,3,1,1,0,1,1,8,0,1,50,1,1,0,0,0,1,18.0,,deux_roues,,1,2,1,8,7
202000000501,2020-10-18 15:30:00,2020,10,18,15,30,31,31555,RUE LOUBIAGUE,43.63175,1.44956,Plein jour,En agglomération,Hors intersection,Normale,Deux véhicules - côté,4,1,1,0,1,1,1,0,1,50,2,2,1,0,0,1,34.0,32.0,voiture,deux_roues,1,2,1,1,3
202000000502,2020-10-17 18:00:00,2020,10,17,18,0,31,31555,VA007622 RANGUEIL A620 Sortie 23,43.57293,1.45228,Plein jour,En agglomération,Hors intersection,Normale,Trois véhicules et plus - en chaîne,1,3,3,3,1,1,1,0,1,90,3,3,2,0,0,1,21.0,23.0,voiture,deux_roues,1,2,1,1,4
202000000503,2020-10-16 16:45:00,2020,10,16,16,45,31,31555,AV JULES JULIEN,43.57606,1.45114,Plein jour,En agglomération,Hors intersection,Normale,Deux véhicules - côté,4,1,0,0,1,1,1,0,1,50,2,2,1,0,0,1,42.0,22.0,deux_roues,voiture,1,2,1,1,3
202000000504,2020-10-16 09:53:00,2020,10,16,9,53,29,29019,Rue de Champagne,48.4048867,-4.5062023,Plein jour,En agglomération,Intersection en T,Normale,Autre collision,4,2,2,0,1,1,1,5,1,50,1,2,1,0,0,1,87.0,,voiture,,1,2,3,1,6
202000000505,2020-10-19 22:40:00,2020,10,19,22,40,27,27375,CANAL(ROND POINT DU),49.21991,1.17937,Nuit avec éclairage allumé,En agglomération,Giratoire,Normale,Autre collision,3,1,1,0,1,1,1,0,1,50,1,5,4,0,0,1,24.0,,voiture,,5,2,6,1,6
202000000506,2020-10-19 07:15:00,2020,10,19,7,15,27,27375,PARIS (CHAUSSEE DE),49.20476,1.19505,Crépuscule ou aube,Hors agglomération,Intersection en T,Brouillard / fumée,Deux véhicules - arrière,3,2,2,0,2,1,1,0,1,80,2,2,0,0,2,0,24.0,25.0,deux_roues,deux_roues,2,1,3,5,2
202000000507,2020-07-21 09:45:00,2020,7,21,9,45,27,27375,FOCH (RUE DU ML),49.2116,1.1706,Plein jour,En agglomération,Autre intersection,Temps éblouissant,Autre collision,4,2,2,0,1,1,1,6,1,50,1,2,1,0,0,1,56.0,,voiture,,1,2,9,7,6
202000000508,2020-10-16 15:40:00,2020,10,16,15,40,22,22360,MERIMEE (PROSPER),48.4932334,-2.7617371,Plein jour,En agglomération,Giratoire,Normale,Deux véhicules - côté,3,1,1,0,1,2,1,0,1,50,2,3,2,0,0,1,54.0,72.0,deux_roues,voiture,1,2,6,1,3
202000000509,2020-10-19 17:43:00,2020,10,19,17,43,17,17299,DENFERT ROCHEREAU RUE,45.938478,-0.966563,Plein jour,En agglomération,Hors intersection,Normale,Autre collision,3,2,2,0,1,1,1,0,1,30,1,2,1,0,1,0,25.0,,voiture,,1,2,1,1,6
202000000510,2020-10-14 15:51:00,2020,10,14,15,51,14,14118,GEOLE (RUE DE),49.18437,-0.36176,Plein jour,En agglomération,Hors intersection,Normale,Autre collision,4,2,2,0,1,1,1,0,1,50,1,2,1,0,1,0,18.0,,voiture,,1,2,1,1,6
202000000511,2020-10-15 11:40:00,2020,10,15,11,40,13,13054,MARECHAL JUIN (AV DU ),43.4214,5.2291,Plein jour,En agglomération,Intersection en T,Normale,Deux véhicules - côté,3,2,2,0,1,1,1,3,1,50,2,2,1,0,1,0,18.0,63.0,voiture,voiture,1,2,3,1,3
202000000512,2020-10-19 11:35:00,2020,10,19,11,35,13,13201,DUGOMMIER (BOULEVARD)     1 A 29,43.297779,5.381029,Plein jour,En agglomération,Hors intersection,Normale,Deux véhicules - arrière,4,1,2,0,1,1,1,0,1,50,2,3,1,0,0,2,38.0,30.0,deux_roues,voiture,1,2,1,1,2
202000000513,2020-10-18 23:34:00,2020,10,18,23,34,11,11262,FERROUL (BOULEVARD DU DOCTEUR),43.181267,3.006126,Nuit avec éclairage allumé,En agglomération,Hors intersection,Normale,,4,2,2,0,1,1,1,0,1,50,2,2,1,0,1,0,16.0,54.0,deux_roues,voiture,5,2,1,1,-1
202000000514,2020-10-19 19:35:00,2020,10,19,19,35,06,06159,MARECHAL FOCH (AVENUE),43.701752,7.307123,Nuit avec éclairage allumé,En agglomération,Hors intersection,Normale,Deux véhicules - arrière,7,2,1,0,1,1,1,0,1,30,2,3,1,0,0,2,55.0,44.0,voiture,voiture,5,2,1,1,2
202000000515,2020-10-19 21:43:00,2020,10,19,21,43,03,03101,Rue Jean Jaurès,46.3561112,2.5381171,Nuit avec éclairage allumé,En agglomération,Hors intersection,Normale,Deux véhicules - côté,3,2,2,0,1,1,1,0,1,50,2,2,1,0,1,0,18.0,47.0,voiture,voiture,5,2,1,1,3
202000000516,2020-10-18 13:25:00,2020,10,18,13,25,75,75119,PORTE DE LA VILLETTE,48.896328,2.394569,Plein jour,En agglomération,Hors intersection,Normale,Deux véhicules - arrière,4,1,4,0,1,2,1,0,1,70,2,2,1,0,0,1,44.0,55.0,voiture,voiture,1,2,1,1,2
202000000517,2020-10-19 16:50:00,2020,10,19,16,50,75,75120,RUE DE BAGNOLET,48.863754,2.407685,Plein jour,En agglomération,Intersection en T,Normale,Deux véhicules - côté,4,2,3,0,1,1,1,0,1,50,2,2,1,0,0,1,39.0,40.0,utilitaire_camion,deux_roues,1,2,3,1,3
202000000518,2020-10-19 18:00:00,2020,10,19,18,0,75,75119,BOULEVARD DE LA COMMANDERIE,48.901896,2.38523,Plein jour,En agglomération,Intersection en Y,Normale,Autre collision,4,2,2,0,1,1,1,9,1,50,1,2,1,0,0,1,63.0,,voiture,,1,2,4,1,6
202000000519,2020-10-19 08:09:00,2020,10,19,8,9,75,75119,AVENUE JEAN JAURES,48.888142,2.390648,Plein jour,En agglomération,Hors intersection,Normale,,4,2,2,0,1,1,1,0,1,50,2,2,1,0,0,1,30.0,45.0,utilitaire_camion,deux_roues,1,2,1,1,-1
202000000520,2020-10-18 22:25:00,2020,10,18,22,25,75,75118,RUE DE LA CHAPELLE,48.890812,2.359963,Nuit avec éclairage allumé,En agglomération,Intersection en T,Normale,Deux véhicules - arrière,4,4,5,0,2,1,1,0,1,50,2,2,0,0,0,2,53.0,53.0,voiture,voiture,5,2,3,1,2
202000000521,2020-10-19 19:40:00,2020,10,19,19,40,75,75116,PLACE DU MARECHAL DE LATTRE DE TASSIGNY,48.871242,2.274273,Nuit avec éclairage allumé,En agglomération,Place,Normale,Deux véhicules - côté,4,1,2,0,1,2,1,0,1,50,2,2,1,0,0,1,55.0,36.0,voiture,deux_roues,5,2,7,1,3
202000000522,2020-10-19 18:10:00,2020,10,19,18,10,75,75116,PLACE DU MARECHAL DE LATTRE DE TASSIGNY,48.870869,2.273674,Plein jour,En agglomération,Intersection en Y,Normale,Trois véhicules et plus - en chaîne,4,1,2,0,2,1,1,0,1,50,3,3,2,0,0,1,19.0,21.0,voiture,voiture,1,2,4,1,4
202000000523,2020-10-19 13:00:00,2020,10,19,13,0,75,75114,BOULEVARD JOURDAN,48.81982,2.340725,Plein jour,En agglomération,Hors intersection,Normale,Deux véhicules - côté,4,1,4,1,2,1,1,-1,5,50,2,2,1,0,0,1,47.0,28.0,deux_roues,deux_roues,1,2,1,1,3
202000000524,2020-10-19 11:05:00,2020,10,19,11,5,75,75114,RUE RAYMOND LOSSERAND,48.836417,2.322558,Plein jour,En agglomération,Hors intersection,Normale,Deux véhicules - arrière,4,1,1,0,1,1,1,0,1,30,2,2,1,0,0,1,27.0,43.0,deux_roues,utilitaire_camion,1,2,1,1,2
202000000525,2020-10-18 22:50:00,2020,10,18,22,50,75,75114,RUE D ALESIA,48.829298,2.322666,Nuit avec éclairage allumé,En agglomération,Intersection en X,Normale,,4,1,2,0,1,1,1,0,1,50,2,2,0,0,0,2,35.0,,deux_roues,,5,2,2,1,-1
202000000526,2020-10-19 19:35:00,2020,10,19,19,35,75,75111,BOULEVARD VOLTAIRE,48.863765,2.370109,Nuit avec éclairage allumé,En agglomération,Intersection en X,Normale,Deux véhicules - côté,4,2,2,1,1,1,1,-1,5,50,2,2,1,0,0,1,63.0,18.0,deux_roues,deux_roues,5,2,2,1,3
202000000527,2020-10-19 06:35:00,2020,10,19,6,35,75,75111,BOULEVARD VOLTAIRE,48.863039,2.371399,Nuit avec éclairage allumé,En agglomération,Intersection à plus de 4 branches,Normale,Deux véhicules - côté,4,2,2,0,1,1,1,0,1,50,2,2,1,0,0,1,20.0,45.0,deux_roues,utilitaire_camion,5,2,5,1,3
202000000528,2020-10-19 09:55:00,2020,10,19,9,55,75,75109,RUE DU FAUBOURG POISSONNIERE,48.883193,2.349877,Plein jour,En agglomération,Intersection en Y,Normale,Deux véhicules - côté,4,1,1,1,1,1,1,-1,5,30,2,1,0,0,0,1,26.0,,deux_roues,,1,2,4,1,3
202000000529,2020-10-19 16:14:00,2020,10,19,16,14,75,75108,AVENUE DE WAGRAM,48.876299,2.296874,Plein jour,En agglomération,Intersection en T,Normale,Deux véhicules - côté,4,1,1,1,2,1,1,-1,5,50,2,3,2,0,0,1,38.0,18.0,voiture,deux_roues,1,2,3,1,3
202000000530,2020-10-19 19:30:00,2020,10,19,19,30,94,94078,GAMBETTA (R),48.7353,2.45994,Nuit avec éclairage allumé,En agglomération,Hors intersection,Normale,Autre collision,4,-1,2,0,1,1,1,0,4,50,1,1,0,0,0,1,29.0,,voiture,,5,2,1,1,6
202000000531,2020-10-19 18:35:00,2020,10,19,18,35,94,94046,JEAN JAURES (R),48.7962,2.4337,Crépuscule ou aube,En agglomération,Intersection en T,Normale,Deux véhicules - frontale,3,2,4,0,1,1,1,0,1,50,2,2,1,0,0,1,27.0,20.0,voiture,deux_roues,2,2,3,1,1
202000000532,2020-10-19 11:48:00,2020,10,19,11,48,94,94043,FONTAINEBLEAU (AV DE),48.8083,2.36275,Plein jour,En agglomération,Hors intersection,Temps couvert,Deux véhicules - côté,3,2,0,1,1,1,1,9,5,50,2,2,1,0,0,1,44.0,51.0,deux_roues,voiture,1,2,1,8,3
202000000533,2020-10-18 12:00:00,2020,10,18,12,0,94,94076,VERDUN (R DE),48.79491,2.35436,Plein jour,En agglomération,Intersection en X,Normale,Deux véhicules - frontale,4,2,2,0,1,1,1,0,1,50,2,2,0,0,0,2,39.0,26.0,voiture,utilitaire_camion,1,2,2,1,1
202000000534,2020-10-19 11:26:00,2020,10,19,11,26,93,93072,MAXIME GORKI (BOULEVARD) DES N°1 AU 87,48.9559483,2.3831518,Plein jour,En agglomération,Hors intersection,Normale,Deux véhicules - côté,3,2,4,0,1,1,1,0,1,50,2,2,1,0,0,1,20.0,48.0,voiture,deux_roues,1,2,1,1,3
202000000535,2020-10-19 20:50:00,2020,10,19,20,50,93,93077,MERCIERE (RUE),48.88296,2.51287,Nuit avec éclairage allumé,En agglomération,Intersection en T,Normale,Deux véhicules - frontale,3,2,2,-1,1,1,1,0,1,50,2,2,1,0,0,1,26.0,17.0,voiture,deux_roues,5,2,3,1,1
202000000536,2020-10-19 20:50:00,2020,10,19,20,50,93,93077,MERCIERE (RUE),48.8837638,2.5134154,,En agglomération,Hors intersection,,Deux véhicules - frontale,4,1,1,-1,1,1,-1,0,1,50,2,2,1,0,0,1,26.0,17.0,voiture,deux_roues,-1,2,1,-1,1
202000000537,2020-10-18 06:50:00,2020,10,18,6,50,93,93053,MONTREUIL A CLAYE (RUE DE),48.8868338,2.4704077,Nuit avec éclairage allumé,En agglomération,Intersection en T,Normale,Deux véhicules - côté,3,-1,2,1,1,1,1,0,1,50,2,1,0,0,1,0,24.0,,deux_roues,,5,2,3,1,3
202000000538,2020-10-19 21:00:00,2020,10,19,21,0,93,93032,Rue Parmentier,48.88351,2.53225,Nuit avec éclairage allumé,En agglomération,Hors intersection,Normale,Deux véhicules - côté,3,2,2,0,1,1,1,0,1,50,2,2,1,0,0,1,23.0,21.0,deux_roues,voiture,5,2,1,1,3
202000000539,2020-10-18 13:50:00,2020,10,18,13,50,93,93048,ROMAINVILLE (RUE DE),48.8700675,2.4467884,Plein jour,En agglomération,Hors intersection,Normale,Deux véhicules - côté,4,2,2,0,1,1,1,0,1,50,2,2,1,0,0,1,20.0,62.0,deux_roues,voiture,1,2,1,1,3
202000000540,2020-10-18 11:45:00,2020,10,18,11,45,93,93063,METZ AVENUE DE,48.8967,2.4325,Plein jour,Hors agglomération,Hors intersection,Normale,Deux véhicules - côté,3,2,4,0,1,1,1,0,1,50,2,3,1,0,0,2,35.0,51.0,voiture,voiture,1,1,1,1,3
202000000541,2020-10-18 15:25:00,2020,10,18,15,25,93,93032,PETIT CLOS  (SENTIER DU),48.8837007,2.5303775,Plein jour,En agglomération,Intersection en T,Normale,Autre collision,3,2,2,0,1,1,1,0,4,50,1,2,1,0,1,0,22.0,,voiture,,1,2,3,1,6
202000000542,2020-10-19 17:30:00,2020,10,19,17,30,93,93027,R DE LA CONVENTION / RUE RASPAIL,48.9260937,2.3966484,Plein jour,En agglomération,Intersection en X,Normale,Deux véhicules - côté,3,3,4,3,1,1,1,0,1,50,2,6,4,0,2,0,19.0,21.0,deux_roues,utilitaire_camion,1,2,2,1,3
202000000543,2020-10-19 14:40:00,2020,10,19,14,40,93,93027,AV ROGER SALENGRO,48.93563,2.38735,Plein jour,En agglomération,Hors intersection,Normale,Deux véhicules - côté,3,1,3,0,1,1,1,0,1,50,2,2,1,0,0,1,35.0,54.0,deux_roues,voiture,1,2,1,1,3
202000000544,2020-10-19 07:35:00,2020,10,19,7,35,93,93027,ROCHET (RUE WALDECK),48.94015,2.40783,Crépuscule ou aube,En agglomération,Giratoire,Normale,Autre collision,3,1,2,0,1,1,1,0,1,50,1,1,0,0,0,1,57.0,,voiture,,2,2,6,1,6
202000000545,2020-10-19 09:25:00,2020,10,19,9,25,92,92064,VERRERIE,48.8541556,2.2221722,Plein jour,En agglomération,Intersection en T,Normale,Deux véhicules - côté,4,2,3,0,1,1,1,0,1,50,2,2,1,0,0,1,44.0,55.0,deux_roues,voiture,1,2,3,1,3
202000000546,2020-10-19 21:10:00,2020,10,19,21,10,92,92040,FERDINAND BUISSON,48.8139975,2.2629409,Nuit avec éclairage allumé,En agglomération,Hors intersection,Normale,Autre collision,4,-1,1,0,1,1,1,0,1,50,1,2,1,0,1,0,19.0,,voiture,,5,2,1,1,6
202000000547,2020-10-19 10:10:00,2020,10,19,10,10,92,92036,JEAN JAURES (RUE) (1/33),48.931043,2.294983,Plein jour,En agglomération,Intersection en T,Normale,Deux véhicules - côté,4,2,2,0,1,1,1,0,1,50,2,2,1,0,0,1,82.0,24.0,voiture,autre,1,2,3,1,3
202000000548,2020-10-19 18:15:00,2020,10,19,18,15,92,92012,NATIONALE (RUE) 1/37 - 2/30BIS,48.82646,2.24268,Crépuscule ou aube,En agglomération,Hors intersection,Temps couvert,Autre collision,4,1,1,1,1,1,1,0,1,50,1,2,1,0,0,1,27.0,,utilitaire_camion,,2,2,1,8,6
202000000549,2020-10-19 16:25:00,2020,10,19,16,25,92,92012,ANDRE MORIZET (AVENUE) 1/47 - 2/52,48.83687,2.23665,Plein jour,En agglomération,Hors intersection,Normale,Sans collision,3,3,2,0,1,1,1,0,4,50,1,1,0,0,0,1,79.0,,voiture,,1,2,1,1,7
202000000550,2020-09-24 20:00:00,2020,9,24,20,0,92,92004,ARGENTEUIL N° 176 A 388,48.922624,2.276662,Crépuscule ou aube,En agglomération,Hors intersection,Normale,Deux véhicules - côté,3,2,2,0,1,1,1,0,1,50,2,2,1,0,0,1,27.0,19.0,voiture,deux_roues,2,2,1,1,3