accident_id,datetime,annee,mois,jour,heure,minute,departement,commune_insee,adresse,latitude,longitude,luminosite,agglomeration,intersection,meteo,collision,catr,circ,nbv,vosp,prof,plan,surf,infra,situ,vma,nb_vehicules,nb_usagers,nb_indemnes,nb_tues,nb_blesses_hosp,nb_blesses_legers,age_cond_1,age_cond_2,veh_type_cond_1,veh_type_cond_2,lum_code,agg_code,int_code,atm_code,col_code
202000000735,2020-08-25 10:20:00,2020,8,25,10,20,81,81168,RD 905 La barraque,44.1265771,2.1729744,Plein jour,Hors agglomération,Hors intersection,Normale,,3,2,2,0,1,1,1,0,1,70,2,2,1,1,0,0,88.0,,voiture,,1,1,1,1,-1
202000000736,2020-08-20 13:25:00,2020,8,20,13,25,38,38157,Rue des Potiers,45.498699,4.929106,Plein jour,Hors agglomération,Intersection en X,Normale,Deux véhicules - frontale,3,2,2,0,1,1,1,0,1,80,2,3,0,0,1,2,20.0,70.0,voiture,voiture,1,1,2,1,1
202000000737,2020-08-24 21:45:00,2020,8,24,21,45,49,49092,Zone commerciale des Trois Routes,47.236207,-0.723786,Nuit sans éclairage public,En agglomération,Autre intersection,Normale,Sans collision,6,2,2,0,1,2,1,9,4,50,1,1,0,0,0,1,14.0,,deux_roues,,3,2,9,1,7
202000000738,2020-08-14 18:10:00,2020,8,14,18,10,23,23169,36 Le Mery,46.1322,1.938116,Plein jour,Hors agglomération,Intersection en X,Normale,,3,2,2,0,1,1,1,0,1,70,2,2,1,0,1,0,79.0,51.0,voiture,deux_roues,1,1,2,1,-1
202000000739,2020-08-18 12:45:00,2020,8,18,12,45,67,67135,1 Rue Principale,48.805161,7.585861,Plein jour,En agglomération,Autre intersection,Normale,Deux véhicules - côté,3,2,2,0,1,1,1,5,1,50,2,2,1,0,1,0,41.0,21.0,utilitaire_camion,deux_roues,1,2,9,1,3
202000000740,2020-08-18 23:10:00,2020,8,18,23,10,35,35231,N137,47.893521,-1.687109,Nuit sans éclairage public,Hors agglomération,Autre intersection,Normale,Autre collision,2,3,4,0,4,3,1,3,8,50,1,2,0,0,0,2,19.0,,voiture,,3,1,9,1,6
202000000741,2020-08-25 07:50:00,2020,8,25,7,50,48,48099,A75,44.569502,3.251207,Plein jour,Hors agglomération,Hors intersection,Normale,Autre collision,1,3,4,0,2,2,1,0,3,130,1,1,0,0,1,0,26.0,,voiture,,1,1,1,1,6
202000000742,2020-08-24 15:40:00,2020,8,24,15,40,15,15207,A 75 - sens nord vers sud - PK 079.100,45.161242,3.14967,Plein jour,Hors agglomération,Hors intersection,Normale,Deux véhicules - arrière,1,3,4,0,3,1,1,0,1,-1,2,3,1,0,1,1,44.0,66.0,utilitaire_camion,voiture,1,1,1,1,2
202000000743,2020-08-24 11:50:00,2020,8,24,11,50,58,58187,A77,47.437885,2.941225,Plein jour,Hors agglomération,Autre intersection,Normale,Deux véhicules - côté,1,3,4,0,1,1,1,7,1,130,2,2,1,0,0,1,64.0,38.0,voiture,deux_roues,1,1,9,1,3
202000000744,2020-08-25 12:20:00,2020,8,25,12,20,19,19192,"20, avenue du fidèle",45.125594,1.897379,Plein jour,En agglomération,Hors intersection,Normale,Deux véhicules - frontale,3,2,2,0,1,1,1,0,1,50,2,3,1,0,0,2,42.0,78.0,utilitaire_camion,voiture,1,2,1,1,1
202000000745,2020-08-23 18:55:00,2020,8,23,18,55,56,56258,14 Rue des Résistants,47.592638,-3.026693,Plein jour,En agglomération,Hors intersection,Normale,Autre collision,3,2,2,0,1,1,1,0,1,-1,1,2,1,0,1,0,52.0,,voiture,,1,2,1,1,6
202000000746,2020-08-25 08:25:00,2020,8,25,8,25,65,65439,D27,43.317466,-0.009538,Plein jour,En agglomération,Hors intersection,Normale,Autre collision,3,2,2,0,2,1,1,0,1,50,1,1,0,0,1,0,72.0,,deux_roues,,1,2,1,1,6
202000000747,2020-08-24 17:50:00,2020,8,24,17,50,33,33506,1 Lieu Dit Penic,44.68569,-0.04498,Plein jour,Hors agglomération,Hors intersection,Normale,Deux véhicules - côté,3,2,2,0,1,1,1,0,1,80,2,2,1,0,0,1,23.0,48.0,deux_roues,utilitaire_camion,1,1,1,1,3
202000000748,2020-08-16 09:00:00,2020,8,16,9,0,32,32044,84 Route de Saint Puy,43.917161,0.407868,Plein jour,Hors agglomération,Hors intersection,Normale,Deux véhicules - côté,3,2,2,0,1,1,1,0,1,80,2,2,1,0,1,0,76.0,83.0,voiture,voiture,1,1,1,1,3
202000000749,2020-08-25 11:55:00,2020,8,25,11,55,49,49261,D952,47.306996,-0.134846,Plein jour,Hors agglomération,Hors intersection,Normale,Autre collision,3,3,1,0,1,1,1,0,1,80,1,1,0,0,0,1,18.0,,deux_roues,,1,1,1,1,6
202000000750,2020-08-24 14:05:00,2020,8,24,14,5,44,44013,RD 773,47.407092,-2.094011,Plein jour,Hors agglomération,Hors intersection,Normale,Deux véhicules - frontale,3,2,2,0,1,1,1,2,1,80,2,3,0,1,1,1,56.0,66.0,voiture,voiture,1,1,1,1,1
202000000751,2020-08-24 14:45:00,2020,8,24,14,45,29,29221,Rue du Port,48.4829561,-4.7693606,Plein jour,En agglomération,Intersection en T,Normale,Deux véhicules - frontale,3,2,2,0,1,1,1,0,1,50,2,7,4,0,1,2,63.0,36.0,autre,voiture,1,2,3,1,1
202000000752,2020-08-24 20:00:00,2020,8,24,20,0,54,54579,D89,48.949055,6.013952,Crépuscule ou aube,Hors agglomération,Hors intersection,Normale,Sans collision,3,2,2,0,2,2,1,0,3,80,1,1,0,0,1,0,54.0,,deux_roues,,2,1,1,1,7
202000000753,2020-08-23 11:15:00,2020,8,23,11,15,83,83025,D34 route de BRAS,43.52313,5.978816,Plein jour,Hors agglomération,Hors intersection,Normale,Autre collision,3,2,2,0,1,1,1,0,3,80,1,2,1,0,1,0,54.0,,voiture,,1,1,1,1,6
202000000754,2020-08-25 14:00:00,2020,8,25,14,0,40,40118,D3,43.588131,-0.921049,Plein jour,Hors agglomération,Hors intersection,Normale,,3,2,2,0,2,1,1,0,1,80,2,2,1,0,1,0,39.0,52.0,utilitaire_camion,voiture,1,1,1,1,-1
202000000755,2020-08-24 23:45:00,2020,8,24,23,45,08,08222,Rue du Monument Prolongée,50.007656,4.713886,Nuit sans éclairage public,Hors agglomération,Hors intersection,Normale,Sans collision,4,2,2,0,4,3,1,0,3,50,1,1,0,0,1,0,32.0,,voiture,,3,1,1,1,7
202000000756,2020-08-25 09:50:00,2020,8,25,9,50,24,24035,D710,44.760813,1.01366,Plein jour,Hors agglomération,Hors intersection,Normale,Sans collision,3,2,2,0,1,2,1,0,3,80,1,5,1,0,0,4,46.0,,voiture,,1,1,1,1,7
202000000757,2020-08-25 10:30:00,2020,8,25,10,30,35,35275,RN 12,48.160031,-1.841111,Plein jour,Hors agglomération,Hors intersection,Normale,Trois véhicules et plus - en chaîne,2,3,4,0,1,1,1,0,1,110,4,4,2,0,0,2,22.0,77.0,voiture,voiture,1,1,1,1,4
202000000758,2020-06-17 09:40:00,2020,6,17,9,40,74,74010,12 Avenue d'Aix-les-bains (Seynod),45.89239,6.110753,Plein jour,En agglomération,Intersection à plus de 4 branches,Pluie légère,Autre collision,3,2,3,0,2,1,2,5,1,50,1,2,1,0,1,0,59.0,,voiture,,1,2,5,2,6
202000000759,2020-08-23 20:15:00,2020,8,23,20,15,06,06085,Chemin des Argelas,43.586875,7.022011,Plein jour,En agglomération,Intersection en T,Normale,Deux véhicules - côté,4,2,2,0,1,1,1,0,3,50,2,2,0,0,0,2,30.0,26.0,voiture,deux_roues,1,2,3,1,3
202000000760,2020-12-01 19:25:00,2020,12,1,19,25,93,93055,Avenue Edouard Vaillant,48.896918,2.4002482,Nuit avec éclairage allumé,En agglomération,Intersection en T,Normale,Deux véhicules - arrière,3,2,2,0,1,1,1,0,1,50,2,2,1,0,0,1,29.0,57.0,deux_roues,voiture,5,2,3,1,2
202000000761,2020-12-30 07:30:00,2020,12,30,7,30,93,93055,JEAN LOLIVE (AVENUE)(1/55 2/60),48.8923962,2.408919,Nuit avec éclairage allumé,En agglomération,Hors intersection,Pluie légère,Deux véhicules - côté,3,2,4,0,1,1,2,0,1,50,2,2,1,0,0,1,21.0,46.0,voiture,deux_roues,5,2,1,2,3
202000000762,2020-12-23 15:04:00,2020,12,23,15,4,93,93055,VICTOR HUGO (65/FIN . 62/FIN),48.89345,2.41108,Plein jour,En agglomération,Hors intersection,Temps couvert,Deux véhicules - côté,4,2,0,0,1,1,2,8,1,50,2,2,1,0,0,1,32.0,25.0,voiture,deux_roues,1,2,1,8,3
202000000763,2020-12-21 19:25:00,2020,12,21,19,25,93,93055,JEAN LOLIVE (AVENUE)(55/73.62/86),48.89138,2.40399,Nuit avec éclairage allumé,En agglomération,Hors intersection,Pluie légère,Deux véhicules - côté,3,3,6,1,1,1,2,0,1,50,2,2,0,0,0,2,26.0,48.0,voiture,voiture,5,2,1,2,3
202000000764,2020-12-20 19:35:00,2020,12,20,19,35,93,93055,JEAN LOLIVE (AVENUE)(137/FIN ET 134/FIN),48.89355,2.41493,Crépuscule ou aube,En agglomération,Giratoire,Normale,Deux véhicules - côté,3,4,2,0,1,1,1,9,1,50,2,2,0,0,0,2,36.0,60.0,autre,voiture,2,2,6,1,3
202000000765,2020-12-17 17:25:00,2020,12,17,17,25,93,93055,CARTIER BRESSON DU 41/93.46/100,48.9013125,2.4022089,Crépuscule ou aube,En agglomération,Hors intersection,Normale,Deux véhicules - côté,4,2,2,0,1,1,1,0,4,50,2,2,1,1,0,0,59.0,3.0,transport_commun,deux_roues,2,2,1,1,3
202000000766,2020-12-08 11:12:00,2020,12,8,11,12,93,93055,EDOUARD VAILLANT DU 1 A FIN.,48.9002236,2.3955337,Plein jour,En agglomération,Hors intersection,Normale,,3,4,2,0,1,1,1,0,1,50,2,2,1,0,0,1,65.0,36.0,autre,deux_roues,1,2,1,1,-1
202000000767,2020-12-05 14:10:00,2020,12,5,14,10,93,93055,PRE ST GERVAIS (DU) (29/53 . 28/54),48.88948,2.4034,Plein jour,En agglomération,Hors intersection,Normale,Deux véhicules - côté,4,2,2,0,1,1,1,0,1,50,2,1,0,0,0,1,30.0,,deux_roues,,1,2,1,1,3
202000000768,2020-12-01 10:20:00,2020,12,1,10,20,93,93008,SEMARD (RUE PIERRE),48.9118417,2.446442,Plein jour,En agglomération,Intersection en T,Normale,Deux véhicules - côté,3,2,2,0,1,1,1,9,1,30,2,2,1,0,0,1,27.0,69.0,deux_roues,voiture,1,2,3,1,3
202000000769,2020-11-19 14:39:00,2020,11,19,14,39,93,93055,MEHUL (1/37. 2/24),48.8891511,2.4101446,Plein jour,En agglomération,Intersection à plus de 4 branches,Normale,Deux véhicules - frontale,3,4,2,0,1,1,1,0,1,50,2,2,1,0,1,0,32.0,18.0,voiture,deux_roues,1,2,5,1,1
202000000770,2020-11-17 18:01:00,2020,11,17,18,1,93,93055,GENERAL LECLERC (AVENUE)(1/41 ET 2/76),48.8955081,2.4005275,Nuit avec éclairage allumé,En agglomération,Hors intersection,Normale,Autre collision,3,1,3,3,1,3,1,0,6,50,1,2,0,0,1,1,33.0,,deux_roues,,5,2,1,1,6
202000000771,2020-11-09 11:30:00,2020,11,9,11,30,93,93055,GABRIELLE JOSSERAND,48.90391,2.3947,Plein jour,En agglomération,Hors intersection,Normale,Autre collision,4,1,1,0,1,1,1,9,8,50,1,2,1,0,0,1,28.0,,voiture,,1,2,1,1,6
202000000772,2020-11-07 18:30:00,2020,11,7,18,30,93,93001,LUCIEN LEFRANC (QUAI),48.9109881,2.3738928,Nuit avec éclairage non allumé,En agglomération,Hors intersection,Normale,Deux véhicules - arrière,3,2,0,0,1,1,1,0,1,50,2,2,1,0,1,0,37.0,28.0,deux_roues,autre,4,2,1,1,2
202000000773,2020-11-06 17:05:00,2020,11,6,17,5,93,93055,JEAN LOLIVE (AVENUE)(137/FIN ET 134/FIN),48.8954189,2.4257724,Crépuscule ou aube,En agglomération,Giratoire,Normale,Deux véhicules - côté,3,4,7,0,1,1,1,5,1,50,2,2,1,0,0,1,59.0,35.0,voiture,deux_roues,2,2,6,1,3
202000000774,2020-11-03 11:50:00,2020,11,3,11,50,93,93055,JEAN LOLIVE (AVENUE)(1/55 2/60),48.890448,2.3987887,Plein jour,En agglomération,Intersection en T,Normale,Deux véhicules - côté,3,2,4,0,1,1,1,0,1,50,2,1,0,0,0,1,23.0,,deux_roues,,1,2,3,1,3
202000000775,2020-11-03 10:50:00,2020,11,3,10,50,93,93055,EDOUARD VAILLANT DU 1 A FIN.,48.8969094,2.4002195,Plein jour,En agglomération,Intersection en T,Normale,Deux véhicules - côté,3,2,4,0,1,1,1,0,1,50,2,2,1,0,0,1,41.0,28.0,voiture,deux_roues,1,2,3,1,3
202000000776,2020-11-03 07:35:00,2020,11,3,7,35,93,93055,Rue Rouget de Lisle,48.8898199,2.4100272,Crépuscule ou aube,En agglomération,Intersection en T,Normale,Deux véhicules - côté,3,2,2,0,1,1,1,0,1,30,2,2,1,0,0,1,45.0,29.0,voiture,deux_roues,2,2,3,1,3
202000000777,2020-10-29 13:40:00,2020,10,29,13,40,93,93055,JEAN LOLIVE (AVENUE)(75/105.88/106),48.8919,2.40725,Plein jour,En agglomération,Hors intersection,Pluie légère,,3,3,2,1,1,1,2,0,5,50,2,4,3,0,0,1,27.0,17.0,voiture,deux_roues,1,2,1,2,-1
202000000778,2020-10-28 20:10:00,2020,10,28,20,10,93,93055,JEAN LOLIVE (AVENUE)(137/FIN ET 134/FIN),48.894102,2.4178927,Nuit avec éclairage allumé,En agglomération,Intersection en T,Normale,Deux véhicules - arrière,3,2,6,0,1,1,2,0,1,50,2,2,0,0,0,2,40.0,31.0,deux_roues,deux_roues,5,2,3,1,2
202000000779,2020-10-21 17:40:00,2020,10,21,17,40,93,93055,GENERAL LECLERC(AVE DU)89/FIN ET 122/FIN,48.90195,2.41396,Plein jour,En agglomération,Hors intersection,Normale,Trois véhicules et plus - collisions multiples,3,2,4,0,1,1,1,0,1,50,3,3,2,0,0,1,53.0,58.0,deux_roues,voiture,1,2,1,1,5
202000000780,2020-10-19 19:20:00,2020,10,19,19,20,93,93055,DELIZY (DU 23 A FIN ET DU 20 A FIN),48.896828,2.4086297,Crépuscule ou aube,En agglomération,Autre intersection,Normale,Deux véhicules - côté,4,3,0,0,2,1,1,0,5,50,2,2,1,0,0,1,33.0,52.0,voiture,autre,2,2,9,1,3
202000000781,2020-10-16 15:20:00,2020,10,16,15,20,93,93055,COURTOIS,48.89375,2.41619,Plein jour,En agglomération,Intersection en T,Normale,Autre collision,3,-1,2,0,2,1,1,0,1,50,1,2,1,0,0,1,47.0,,voiture,,1,2,3,1,6
202000000782,2020-10-15 12:35:00,2020,10,15,12,35,93,93055,JEAN JAURES (AVENUE)(130 AU 172),48.90836,2.3971824,Plein jour,En agglomération,Hors intersection,Normale,Deux véhicules - côté,3,-1,2,3,1,1,1,0,5,50,2,2,1,0,0,1,43.0,74.0,voiture,deux_roues,1,2,1,1,3
202000000783,2020-10-11 15:00:00,2020,10,11,15,0,93,93055,MAGENTA,48.90054,2.39389,Plein jour,En agglomération,Autre intersection,Normale,Deux véhicules - arrière,4,1,1,0,1,1,1,0,1,50,2,2,1,0,0,1,29.0,42.0,voiture,autre,1,2,9,1,2
202000000784,2020-10-10 09:15:00,2020,10,10,9,15,93,93055,VICTOR HUGO (65/FIN . 62/FIN),48.8934482,2.4112119,Plein jour,En agglomération,Intersection en T,Normale,Deux véhicules - côté,4,-1,2,0,1,1,1,0,1,50,2,2,1,0,0,1,21.0,63.0,voiture,deux_roues,1,2,3,1,3
202000000785,2020-10-03 22:10:00,2020,10,3,22,10,93,93055,JEAN LOLIVE (AVENUE)(137/FIN ET 134/FIN),48.89527,2.42467,Nuit avec éclairage allumé,En agglomération,Hors intersection,Pluie légère,Sans collision,3,1,3,0,1,1,2,0,1,50,1,1,0,0,0,1,49.0,,voiture,,5,2,1,2,7
202000000786,2020-10-01 18:45:00,2020,10,1,18,45,93,93055,GENERAL LECLERC(AVE DU)(43/87 ET 78/120),48.8970879,2.4036781,Plein jour,En agglomération,Hors intersection,Normale,Deux véhicules - côté,3,2,2,0,2,1,1,0,5,50,2,2,1,0,0,1,44.0,27.0,autre,voiture,1,2,1,1,3
202000000787,2020-09-30 09:30:00,2020,9,30,9,30,93,93055,SCANDICCI,48.8929491,2.3983564,Plein jour,En agglomération,Hors intersection,Temps couvert,Autre collision,4,-1,1,0,1,3,2,0,1,50,1,2,1,0,0,1,40.0,,voiture,,1,2,1,8,6
202000000788,2020-09-30 09:28:00,2020,9,30,9,28,93,93055,BERGES,48.8934587,2.4112285,Plein jour,En agglomération,Intersection en T,Pluie légère,Deux véhicules - frontale,4,1,0,0,1,1,2,0,1,50,2,2,1,0,0,1,22.0,23.0,voiture,autre,1,2,3,2,1
202000000789,2020-09-29 02:50:00,2020,9,29,2,50,93,93055,JEAN LOLIVE (AVENUE)(137/FIN ET 134/FIN),48.89491,2.42221,Nuit sans éclairage public,En agglomération,Hors intersection,Normale,Deux véhicules - arrière,3,2,6,0,1,1,1,0,1,50,2,3,1,0,2,0,28.0,25.0,voiture,voiture,3,2,1,1,2
202000000790,2020-09-25 13:15:00,2020,9,25,13,15,93,93055,Rue Jules Auffret,48.88686,2.4104,Plein jour,En agglomération,Hors intersection,Pluie légère,Autre collision,3,2,2,0,1,1,2,0,8,50,1,1,0,0,0,1,,,,,1,2,1,2,6
202000000791,2020-09-24 21:30:00,2020,9,24,21,30,93,93055,JEAN LOLIVE (AVENUE)(137/FIN ET 134/FIN),48.8932789,2.413227,Nuit avec éclairage allumé,En agglomération,Hors intersection,Pluie légère,Autre collision,3,3,1,0,2,1,2,1,1,50,1,2,1,0,1,0,44.0,,autre,,5,2,1,2,6
202000000792,2020-09-19 17:05:00,2020,9,19,17,5,93,93055,LAVOISIER,48.8894213,2.4198114,Plein jour,En agglomération,Intersection en T,Temps couvert,Deux véhicules - frontale,3,2,3,0,1,1,1,0,1,50,2,5,4,0,0,1,26.0,26.0,voiture,voiture,1,2,3,8,1
202000000793,2020-09-16 18:55:00,2020,9,16,18,55,93,93029,JUMELLE (AVENUE DE LA ),48.9163986,2.4638343,Crépuscule ou aube,En agglomération,Hors intersection,Normale,Deux véhicules - frontale,4,2,2,0,1,1,1,0,1,50,2,3,2,0,0,1,27.0,44.0,voiture,voiture,2,2,1,1,1
202000000794,2020-09-15 11:05:00,2020,9,15,11,5,93,93055,GENERAL LECLERC(AVE DU)(43/87 ET 78/120),48.9026543,2.4154928,Plein jour,En agglomération,Hors intersection,Normale,Deux véhicules - côté,3,1,3,0,1,1,1,5,1,50,2,2,1,0,0,1,30.0,47.0,voiture,voiture,1,2,1,1,3
202000000795,2020-09-07 00:00:00,2020,9,7,0,0,93,93055,GABRIELLE JOSSERAND,48.9050569,2.3963145,Nuit avec éclairage allumé,En agglomération,Hors intersection,Normale,Deux véhicules - frontale,4,2,0,0,1,1,1,0,1,50,2,2,1,0,0,1,27.0,27.0,deux_roues,voiture,5,2,1,1,1
202000000796,2020-08-22 00:55:00,2020,8,22,0,55,93,93055,JEAN LOLIVE (AVENUE)(107/135 ET 108/132),48.8930797,2.4122546,Nuit sans éclairage public,En agglomération,Intersection en T,Normale,Deux véhicules - côté,3,3,6,1,1,1,1,0,1,50,2,4,0,0,0,4,33.0,45.0,voiture,voiture,3,2,3,1,3
202000000797,2020-08-13 19:02:00,2020,8,13,19,2,93,93055,GENERAL LECLERC(AVE DU)89/FIN ET 122/FIN,48.8967749,2.4029119,Plein jour,En agglomération,Hors intersection,Normale,,3,2,4,0,1,1,1,8,1,50,2,2,1,0,1,0,60.0,19.0,utilitaire_camion,deux_roues,1,2,1,1,-1
202000000798,2020-07-17 22:05:00,2020,7,17,22,5,93,93055,JEAN JAURES (AVENUE) (178/204),48.9092,2.3982,Nuit avec éclairage allumé,En agglomération,Autre intersection,Normale,Deux véhicules - côté,3,-1,4,0,1,1,1,0,1,50,2,2,1,0,0,1,41.0,20.0,deux_roues,voiture,5,2,9,1,3
202000000799,2020-07-07 05:26:00,2020,7,7,5,26,93,93008,ALLENDE (AVE DU P. SALVADOR),48.90141,2.44317,Crépuscule ou aube,En agglomération,Hors intersection,Normale,Autre collision,3,3,4,0,1,1,1,0,1,50,1,1,0,0,1,0,31.0,,voiture,,2,2,1,1,6
202000000800,2020-06-27 12:53:00,2020,6,27,12,53,93,93055,AV DU GENERAL LECLERC,48.8979869,2.4054934,Plein jour,En agglomération,Hors intersection,Normale,Deux véhicules - arrière,3,1,1,0,1,1,1,0,1,50,2,4,3,0,0,1,45.0,44.0,voiture,voiture,1,2,1,1,2
202000000801,2020-07-09 15:05:00,2020,7,9,15,5,93,93055,DELIZY (DU 23 A FIN ET DU 20 A FIN),48.89638,2.40906,Plein jour,En agglomération,Hors intersection,Normale,Trois véhicules et plus - en chaîne,3,2,2,0,3,1,1,0,1,50,3,4,2,0,0,2,29.0,30.0,utilitaire_camion,voiture,1,2,1,1,4
202000000802,2020-06-26 17:05:00,2020,6,26,17,5,93,93055,CIMETIERE PARISIEN (AVENUE DU),48.9091229,2.3981551,Plein jour,En agglomération,Hors intersection,Temps éblouissant,Deux véhicules - arrière,4,1,1,0,1,1,1,0,1,50,2,2,1,0,0,1,41.0,51.0,voiture,utilitaire_camion,1,2,1,7,2
202000000803,2020-06-19 19:15:00,2020,6,19,19,15,93,93055,DIVISION LECLERC (AVE DE LA),48.91058,2.4143868,Plein jour,En agglomération,Hors intersection,Pluie légère,Deux véhicules - arrière,3,3,4,0,1,1,1,0,1,50,2,1,0,0,0,1,51.0,,deux_roues,,1,2,1,2,2
202000000804,2020-06-16 08:15:00,2020,6,16,8,15,93,93055,GENERAL LECLERC(AVE DU)(43/87 ET 78/120),48.896784,2.4030074,Plein jour,En agglomération,Hors intersection,Normale,Autre collision,3,1,1,1,1,1,1,0,5,50,1,2,1,0,0,1,22.0,,deux_roues,,1,2,1,1,6
202000000805,2020-06-06 13:00:00,2020,6,6,13,0,93,93055,GENERAL LECLERC(AVE DU)89/FIN ET 122/FIN,48.901972,2.4140322,Plein jour,En agglomération,Hors intersection,Normale,Deux véhicules - côté,3,-1,4,0,1,1,1,0,1,50,2,2,1,0,0,1,65.0,38.0,voiture,deux_roues,1,2,1,1,3
202000000806,2020-06-24 11:24:00,2020,6,24,11,24,93,93055,JEAN LOLIVE (AVENUE)(137/FIN ET 134/FIN),48.89347,2.41456,Plein jour,En agglomération,Autre intersection,Normale,Deux véhicules - arrière,3,2,2,1,1,1,1,0,1,50,2,2,1,0,0,1,42.0,31.0,utilitaire_camion,deux_roues,1,2,9,1,2
202000000807,2020-05-26 13:08:00,2020,5,26,13,8,93,93008,STALINGRAD (RUE DE) A10,48.9156315,2.4262844,Plein jour,En agglomération,Intersection en T,Normale,Autre collision,3,1,2,0,1,1,1,0,1,50,1,1,0,0,0,1,50.0,,voiture,,1,2,3,1,6
202000000808,2020-05-19 12:13:00,2020,5,19,12,13,93,93055,JEAN JAURES (AVENUE)(130 AU 172),48.9070796,2.3957944,Plein jour,En agglomération,Hors intersection,Normale,Deux véhicules - côté,3,2,2,1,1,1,1,0,5,50,2,2,1,0,0,1,23.0,27.0,voiture,autre,1,2,1,1,3
202000000809,2020-05-18 18:45:00,2020,5,18,18,45,93,93055,JEAN LOLIVE (AVENUE)(75/105.88/106),48.89249,2.40982,Plein jour,En agglomération,Intersection en T,Temps éblouissant,Deux véhicules - côté,3,3,4,2,1,1,1,0,1,50,2,2,1,0,1,0,30.0,30.0,deux_roues,voiture,1,2,3,7,3
202000000810,2020-05-06 23:10:00,2020,5,6,23,10,93,93008,BARBUSSE (AVENUE HENRI) A30,48.90735,2.4254,Nuit avec éclairage allumé,En agglomération,Giratoire,Normale,Deux véhicules - côté,3,4,6,0,1,1,1,5,1,50,2,3,2,0,0,1,25.0,21.0,utilitaire_camion,voiture,5,2,6,1,3
202000000811,2020-05-13 15:00:00,2020,5,13,15,0,93,93055,EDOUARD VAILLANT DU 64/130,48.9001065,2.3956618,Plein jour,En agglomération,Hors intersection,Normale,Autre collision,3,2,3,0,1,1,1,0,3,50,1,3,2,0,0,1,20.0,,voiture,,1,2,1,1,6
202000000812,2020-03-09 08:30:00,2020,3,9,8,30,93,93055,ERNEST RENAN,48.8945514,2.418563,Plein jour,En agglomération,Hors intersection,Normale,Autre collision,4,2,1,0,1,1,1,0,1,30,1,2,1,0,0,1,29.0,,voiture,,1,2,1,1,6
202000000813,2020-03-05 16:57:00,2020,3,5,16,57,93,93055,GENERAL LECLERC (AVENUE)(1/41 ET 2/76),48.896,2.402,Plein jour,En agglomération,Hors intersection,Pluie forte,Autre collision,3,3,4,0,1,1,2,0,1,50,1,2,1,0,1,0,26.0,,utilitaire_camion,,1,2,1,3,6
202000000814,2020-03-20 14:35:00,2020,3,20,14,35,93,93055,JEAN LOLIVE (AVENUE)(137/FIN ET 134/FIN),48.89549,2.42606,Plein jour,En agglomération,Giratoire,Normale,Deux véhicules - côté,3,2,2,0,1,1,1,5,1,50,2,2,1,0,0,1,21.0,29.0,deux_roues,transport_commun,1,2,6,1,3
202000000815,2020-02-21 08:50:00,2020,2,21,8,50,93,93055,CECILE FAGUET,48.89024,2.42109,Plein jour,En agglomération,Intersection en X,Normale,Deux véhicules - côté,3,2,2,0,1,1,1,0,1,30,2,3,1,0,0,2,27.0,27.0,voiture,voiture,1,2,2,1,3
202000000816,2020-02-08 20:50:00,2020,2,8,20,50,93,93055,JEAN LOLIVE (AVENUE)(1/55 2/60),48.8907034,2.4003144,Nuit avec éclairage allumé,En agglomération,Hors intersection,Normale,Deux véhicules - arrière,3,3,6,3,1,1,1,0,1,50,2,2,1,0,0,1,25.0,23.0,deux_roues,voiture,5,2,1,1,2
202000000817,2020-02-20 18:19:00,2020,2,20,18,19,93,93055,JEAN LOLIVE (AVENUE)(1/55 2/60),48.8934882,2.4144068,Plein jour,En agglomération,Hors intersection,Pluie légère,Autre collision,3,3,6,3,1,1,2,0,1,50,1,2,1,0,0,1,27.0,,deux_roues,,1,2,1,2,6
202000000818,2020-01-23 21:15:00,2020,1,23,21,15,93,93008,VAILLANT COUTURIER (AVENUE PAUL),48.9098882,2.444178,Nuit avec éclairage allumé,En agglomération,Hors intersection,Normale,Deux véhicules - arrière,3,1,2,0,1,1,1,0,3,50,2,2,1,0,0,1,24.0,27.0,voiture,deux_roues,5,2,1,1,2
202000000819,2020-01-22 15:00:00,2020,1,22,15,0,93,93008,PARIS (RUE DE),48.89571,2.42597,Plein jour,En agglomération,Giratoire,Normale,Deux véhicules - côté,3,1,4,3,1,3,1,5,1,50,2,2,1,0,0,1,19.0,46.0,deux_roues,voiture,1,2,6,1,3
202000000820,2020-03-04 23:05:00,2020,3,4,23,5,06,06029,Avenue du Docteur PICAUD,43.55044,6.99003,Nuit avec éclairage allumé,En agglomération,Hors intersection,Normale,Deux véhicules - frontale,3,2,2,0,1,2,1,0,1,50,2,2,1,1,0,0,36.0,24.0,deux_roues,voiture,5,2,1,1,1
202000000821,2020-08-12 20:10:00,2020,8,12,20,10,84,84007,PIERRE SEMARD (avenue),43.93672,4.82654,Crépuscule ou aube,En agglomération,Intersection en T,Normale,Deux véhicules - côté,4,2,3,0,1,1,1,0,1,30,2,5,4,0,1,0,21.0,41.0,deux_roues,voiture,2,2,3,1,3
202000000822,2020-12-02 14:30:00,2020,12,2,14,30,93,93008,NORMANDIE (RUE DE),48.9092077,2.4385893,Plein jour,En agglomération,Place,Normale,Autre collision,4,-1,2,0,1,3,1,9,1,50,1,2,1,0,0,1,64.0,,utilitaire_camion,,1,2,7,1,6
202000000823,2020-12-07 11:00:00,2020,12,7,11,0,93,93008,PLACE SAINT JUSTE,48.90608,2.4696,Plein jour,En agglomération,Place,Temps couvert,Deux véhicules - côté,3,1,3,0,1,2,1,0,1,50,2,2,1,0,0,1,20.0,27.0,voiture,deux_roues,1,2,7,8,3