accident_id,datetime,annee,mois,jour,heure,minute,departement,commune_insee,adresse,latitude,longitude,luminosite,agglomeration,intersection,meteo,collision,catr,circ,nbv,vosp,prof,plan,surf,infra,situ,vma,nb_vehicules,nb_usagers,nb_indemnes,nb_tues,nb_blesses_hosp,nb_blesses_legers,age_cond_1,age_cond_2,veh_type_cond_1,veh_type_cond_2,lum_code,agg_code,int_code,atm_code,col_code
202000000824,2020-12-31 03:30:00,2020,12,31,3,30,06,06088,"autoroute A8, PK 191.800 chaussée nord, descente de Crémat",43.710416,7.199607,Nuit sans éclairage public,Hors agglomération,Hors intersection,Pluie légère,Autre collision,1,3,3,0,2,3,2,0,1,90,1,1,0,0,1,0,21.0,,voiture,,3,1,1,2,6
202000000825,2020-09-12 15:15:00,2020,9,12,15,15,38,38395,Route des 3 Villages,45.309934,5.887004,Plein jour,En agglomération,Place,Normale,Deux véhicules - frontale,3,2,2,0,1,1,1,0,1,50,2,2,1,0,0,1,84.0,19.0,voiture,deux_roues,1,2,7,1,1
202000000826,2020-12-18 20:17:00,2020,12,18,20,17,57,57663,Autoroute A31,49.23452,6.17995,Nuit sans éclairage public,Hors agglomération,Hors intersection,Normale,Deux véhicules - arrière,1,3,6,0,1,1,1,0,1,110,2,5,1,0,0,4,34.0,21.0,voiture,voiture,3,1,1,1,2
202000000827,2020-07-02 16:05:00,2020,7,2,16,5,976,97611,m'tsapere-Nationale 2 (route),-12.79072,45.21964,Plein jour,Hors agglomération,Hors intersection,Normale,Autre collision,2,2,0,0,1,1,1,0,1,70,1,3,0,0,0,3,47.0,,deux_roues,,1,1,1,1,6
202000000828,2020-10-11 10:30:00,2020,10,11,10,30,85,85262,D17,47.02136,-1.48985,Plein jour,Hors agglomération,Hors intersection,Temps couvert,Sans collision,3,2,2,0,1,1,1,0,1,80,1,1,0,0,1,0,20.0,,voiture,,1,1,1,8,7
202000000829,2020-01-03 14:25:00,2020,1,3,14,25,95,95280,SALENGRO ROGER ( BOULEVARD),49.03331,2.47293,Plein jour,En agglomération,Intersection en X,Normale,Autre collision,4,2,2,0,1,1,1,0,1,50,1,2,1,0,1,0,34.0,,utilitaire_camion,,1,2,2,1,6
202000000830,2020-01-02 13:50:00,2020,1,2,13,50,35,35238,ARMORIQUE (BD D'),48.131333,-1.673324,Plein jour,En agglomération,Intersection en X,Temps couvert,Trois véhicules et plus - en chaîne,4,3,5,0,1,1,1,5,1,50,3,3,2,0,0,1,19.0,25.0,voiture,voiture,1,2,2,8,4
202000000831,2020-09-24 11:53:00,2020,9,24,11,53,18,18279,GAILLARDIERE (CHEMIN DE LA),47.2243,2.10966,Plein jour,En agglomération,Hors intersection,Normale,Autre collision,4,2,1,0,3,1,1,0,3,50,1,4,1,0,0,3,24.0,,voiture,,1,2,1,1,6
202000000832,2020-09-10 17:15:00,2020,9,10,17,15,03,03133,Grande Rue,46.1647044,3.1900793,Plein jour,En agglomération,Hors intersection,Normale,Autre collision,3,2,2,0,1,1,1,2,1,50,1,1,0,0,1,0,42.0,,voiture,,1,2,1,1,6
202000000833,2020-10-21 06:55:00,2020,10,21,6,55,973,97302,MADELEINE (ROUTE DE LA),4.9259663,-52.324276,Plein jour,En agglomération,Hors intersection,Normale,Deux véhicules - côté,3,2,2,0,1,1,1,0,6,50,2,2,1,0,1,0,32.0,11.0,voiture,deux_roues,1,2,1,1,3
202000000834,2020-09-05 10:30:00,2020,9,5,10,30,973,97302,HEDER (place),4.9394185,-52.3348224,Plein jour,En agglomération,Hors intersection,Normale,Sans collision,4,1,2,0,1,1,1,9,1,50,1,2,1,0,0,1,72.0,,voiture,,1,2,1,1,7
202000000835,2020-02-16 15:17:00,2020,2,16,15,17,987,98724,MAROE,-16.749572,-150.997907,Plein jour,Hors agglomération,Hors intersection,Normale,Sans collision,2,2,2,0,1,1,1,0,3,60,1,1,0,0,1,0,45.0,,deux_roues,,1,1,1,1,7
202000000836,2020-12-11 16:46:00,2020,12,11,16,46,13,13051,D113,43.564829,5.157566,Crépuscule ou aube,Hors agglomération,Hors intersection,Pluie légère,Trois véhicules et plus - en chaîne,3,2,4,0,3,1,2,0,1,90,3,3,0,0,0,3,38.0,53.0,voiture,voiture,2,1,1,2,4
202000000837,2020-07-02 09:10:00,2020,7,2,9,10,01,01390,Route de Loyettes,45.808476,5.269961,Plein jour,Hors agglomération,Hors intersection,Normale,Autre collision,3,2,2,0,1,3,1,0,3,80,1,1,0,0,1,0,28.0,,voiture,,1,1,1,1,6
202000000838,2020-02-18 20:05:00,2020,2,18,20,5,93,93027,SAINT-DENIS (RUE DE),48.9300757,2.3850193,Nuit avec éclairage allumé,En agglomération,Place,Normale,Autre collision,3,3,4,0,1,1,1,9,1,50,1,2,1,0,0,1,30.0,,voiture,,5,2,7,1,6
202000000839,2020-12-18 17:45:00,2020,12,18,17,45,84,84003,Quai de la Liberté,43.877178,5.394759,Nuit avec éclairage allumé,En agglomération,Hors intersection,Normale,Autre collision,3,2,2,0,1,1,1,0,1,50,1,2,1,0,1,0,61.0,,voiture,,5,2,1,1,6
202000000840,2020-12-10 14:10:00,2020,12,10,14,10,84,84086,Route de Menerbes,43.851102,5.147012,Plein jour,Hors agglomération,Hors intersection,Normale,Sans collision,3,2,2,0,1,1,1,0,8,80,1,2,0,0,1,1,20.0,,voiture,,1,1,1,1,7
202000000841,2020-11-30 02:15:00,2020,11,30,2,15,90,90096,Fêche-l'Église,47.517712,6.960139,Nuit sans éclairage public,Hors agglomération,Hors intersection,Normale,Autre collision,3,2,2,0,1,1,1,0,8,80,1,2,0,0,1,1,20.0,,voiture,,3,1,1,1,6
202000000842,2020-08-15 22:30:00,2020,8,15,22,30,03,03190,Route de Montilly,46.5729719,3.307396,Nuit avec éclairage allumé,Hors agglomération,Hors intersection,Normale,Sans collision,3,2,2,0,1,1,1,0,8,80,1,2,0,1,1,0,30.0,,voiture,,5,1,1,1,7
202000000843,2020-06-20 03:15:00,2020,6,20,3,15,88,88069,Bouxières-aux-Bois,48.265237,6.316493,Nuit sans éclairage public,Hors agglomération,Hors intersection,Normale,Autre collision,4,2,2,0,1,2,1,0,3,80,1,3,0,0,1,2,18.0,,voiture,,3,1,1,1,6
202000000844,2020-07-06 02:40:00,2020,7,6,2,40,93,93008,PUREE (RUE DE LA),48.91066,2.43271,Nuit avec éclairage allumé,En agglomération,Hors intersection,Normale,Autre collision,4,1,1,0,1,2,1,0,3,50,1,2,1,0,0,1,24.0,,voiture,,5,2,1,1,6
202000000845,2020-01-08 16:32:00,2020,1,8,16,32,13,13215,A7-Sens Lyon vers Marseille,43.375453,5.35993,Plein jour,Hors agglomération,Hors intersection,Normale,Trois véhicules et plus - en chaîne,1,-1,3,0,1,1,1,0,1,90,4,6,5,0,0,1,54.0,44.0,voiture,voiture,1,1,1,1,4
202000000846,2020-12-20 20:55:00,2020,12,20,20,55,972,97217,"N5, petite Poterie",14.450561,-60.896723,Nuit sans éclairage public,Hors agglomération,Hors intersection,Normale,Deux véhicules - frontale,2,2,2,0,1,1,1,0,1,70,2,3,2,0,1,0,48.0,32.0,voiture,voiture,3,1,1,1,1
202000000847,2020-09-05 18:21:00,2020,9,5,18,21,973,97302,ZONE COLLERY I OU II,4.9066399,-52.3248339,Crépuscule ou aube,Hors agglomération,Hors intersection,Normale,Autre collision,4,2,1,0,1,1,1,0,1,50,1,1,0,0,0,1,56.0,,deux_roues,,2,1,1,1,6
202000000848,2020-09-05 16:50:00,2020,9,5,16,50,973,97302,MARINGOUINS (ROND-POINT),4.9077302,-52.3225272,Plein jour,Hors agglomération,Giratoire,Normale,Deux véhicules - côté,2,1,1,0,1,3,1,0,1,50,2,2,0,0,0,2,23.0,69.0,voiture,deux_roues,1,1,6,1,3
202000000849,2020-06-15 17:00:00,2020,6,15,17,0,06,06030,AUBAREDE (CHEMIN DE L'),43.5667,7.0167,Plein jour,En agglomération,Hors intersection,Normale,Autre collision,4,2,2,0,1,3,1,0,1,50,1,1,0,1,0,0,64.0,,voiture,,1,2,1,1,6
202000000850,2020-06-14 05:20:00,2020,6,14,5,20,93,93008,ROSTAND (PROMENADE JEAN),48.9086499,2.4542142,Nuit avec éclairage allumé,En agglomération,Intersection en X,Normale,Deux véhicules - côté,4,-1,0,0,1,1,1,0,1,30,2,4,1,0,3,0,25.0,26.0,utilitaire_camion,voiture,5,2,2,1,3
202000000851,2020-11-18 10:40:00,2020,11,18,10,40,84,84137,Avenue du Général de Gaulle,44.241125,5.074005,Plein jour,En agglomération,Intersection en T,Normale,Autre collision,4,1,1,0,1,1,1,6,1,30,1,2,1,0,1,0,35.0,,utilitaire_camion,,1,2,3,1,6
202000000852,2020-08-06 08:55:00,2020,8,6,8,55,38,38563,PATINIERE (AVENUE DE LA),45.34739,5.5769,Plein jour,En agglomération,Hors intersection,Normale,Autre collision,4,2,3,1,1,3,1,0,1,50,1,2,1,0,1,0,62.0,,voiture,,1,2,1,1,6
202000000853,2020-06-13 05:30:00,2020,6,13,5,30,93,93008,¨PLACE DE L'ESCADRILLE NORMANDIE NIEMEN,48.91289,2.43681,Crépuscule ou aube,En agglomération,Autre intersection,Normale,Deux véhicules - côté,3,1,2,0,1,2,1,5,1,50,2,2,1,0,0,1,35.0,30.0,utilitaire_camion,deux_roues,2,2,9,1,3
202000000854,2020-08-30 22:00:00,2020,8,30,22,0,973,97302,MONTABO (ROUTE DE) 1,4.94118,-52.30286,Nuit avec éclairage allumé,En agglomération,Autre intersection,Normale,Sans collision,3,3,2,0,1,1,1,5,1,50,1,2,0,0,0,2,33.0,,utilitaire_camion,,5,2,9,1,7
202000000855,2020-01-04 06:28:00,2020,1,4,6,28,973,97302,FLAMBOYANTS (RUE DES),4.9234008,-52.3202741,Crépuscule ou aube,En agglomération,Hors intersection,Normale,Deux véhicules - côté,4,2,2,0,1,1,1,0,1,50,2,2,1,0,1,0,47.0,20.0,voiture,deux_roues,2,2,1,1,3
202000000856,2020-12-15 10:15:00,2020,12,15,10,15,93,93079,SAINT LEU (ROUTE),48.95302,2.33661,Plein jour,En agglomération,Hors intersection,Pluie légère,Deux véhicules - côté,3,2,4,1,1,1,2,0,5,50,2,3,2,0,0,1,64.0,24.0,deux_roues,voiture,1,2,1,2,3
202000000857,2020-12-08 19:40:00,2020,12,8,19,40,93,93031,DE LATTRE DE TASSIGNY (1 A 51),48.95287,2.31575,Nuit avec éclairage allumé,En agglomération,Autre intersection,Normale,Deux véhicules - côté,3,3,2,0,1,1,1,5,1,50,2,2,1,0,0,1,38.0,27.0,utilitaire_camion,utilitaire_camion,5,2,9,1,3
202000000858,2020-09-17 17:32:00,2020,9,17,17,32,61,61092,,48.753061,0.740295,Plein jour,En agglomération,Intersection en X,Normale,Deux véhicules - arrière,3,2,2,0,1,1,1,0,1,50,2,2,1,0,0,1,52.0,47.0,voiture,voiture,1,2,2,1,2
202000000859,2020-06-28 09:00:00,2020,6,28,9,0,85,85074,,46.52495,-1.26262,Plein jour,En agglomération,Hors intersection,Normale,,3,2,-1,-1,1,1,1,0,1,50,2,2,0,0,0,2,56.0,20.0,deux_roues,deux_roues,1,2,1,1,-1
202000000860,2020-04-24 13:15:00,2020,4,24,13,15,85,85047,Route des Sables,46.83517,-1.87374,Plein jour,En agglomération,Hors intersection,Normale,Trois véhicules et plus - collisions multiples,3,2,-1,-1,1,1,1,0,1,50,3,3,2,0,0,1,60.0,27.0,voiture,utilitaire_camion,1,2,1,1,5
202000000861,2020-12-25 16:40:00,2020,12,25,16,40,83,83129,BRUSC (CHE DU),43.0744132,5.8004352,Plein jour,En agglomération,Hors intersection,Normale,Autre collision,4,2,2,0,1,1,1,0,1,50,1,2,1,0,0,1,73.0,,voiture,,1,2,1,1,6
202000000862,2020-01-01 05:00:00,2020,1,1,5,0,93,93027,JAURES (AVENUE JEAN),48.924153,2.4026234,Nuit avec éclairage allumé,En agglomération,Hors intersection,Normale,Deux véhicules - côté,3,1,2,3,1,2,1,-1,6,50,2,3,0,0,0,3,49.0,30.0,utilitaire_camion,utilitaire_camion,5,2,1,1,3
202000000863,2020-01-25 01:02:00,2020,1,25,1,2,91,91687,AUTOROUTE A6,48.66258,2.368,Nuit sans éclairage public,Hors agglomération,Hors intersection,Brouillard / fumée,Trois véhicules et plus - en chaîne,1,2,6,0,1,1,1,0,1,70,3,4,2,0,0,2,22.0,24.0,voiture,voiture,3,1,1,5,4
202000000864,2020-12-06 05:31:00,2020,12,6,5,31,13,13004,RTE NATIONALE PONT DE CRAU,43.65015,4.67998,Nuit sans éclairage public,Hors agglomération,Hors intersection,Brouillard / fumée,Autre collision,3,2,2,0,1,1,2,0,1,70,1,1,0,1,0,0,18.0,,voiture,,3,1,1,5,6
202000000865,2020-04-05 17:40:00,2020,4,5,17,40,93,93070,ROSIERS(DES) :N° 1 AU 59,48.90601,2.33605,Plein jour,En agglomération,Hors intersection,Pluie légère,Autre collision,4,2,2,0,1,1,2,0,1,50,1,2,0,0,0,2,25.0,,deux_roues,,1,2,1,2,6
202000000866,2020-06-15 07:15:00,2020,6,15,7,15,988,98818,RUE PASTEUR/RUE EDOUARD UNGER,-22.26256,166.44485,Plein jour,En agglomération,Intersection en T,Normale,Deux véhicules - côté,4,2,2,0,1,1,1,5,1,50,2,2,1,0,0,1,54.0,19.0,voiture,utilitaire_camion,1,2,3,1,3
202000000867,2020-10-18 19:50:00,2020,10,18,19,50,42,42223,D15,45.453028,4.342652,Nuit sans éclairage public,Hors agglomération,Hors intersection,Pluie légère,Deux véhicules - frontale,3,2,2,0,2,1,2,0,1,80,2,3,2,0,1,0,56.0,23.0,autre,voiture,3,1,1,2,1
202000000868,2020-12-11 15:20:00,2020,12,11,15,20,75,75116,ROUTE DES MOULINS,48.865894,2.235764,Plein jour,En agglomération,Hors intersection,Pluie forte,Autre collision,4,1,1,0,1,1,2,0,1,50,1,1,0,0,0,1,77.0,,voiture,,1,2,1,3,6
202000000869,2020-02-25 01:45:00,2020,2,25,1,45,75,75102,RUE MONTMARTRE,48.871206,2.342986,Nuit avec éclairage allumé,En agglomération,Hors intersection,Pluie légère,Autre collision,4,1,2,0,1,1,2,0,1,30,1,1,0,0,0,1,24.0,,deux_roues,,5,2,1,2,6
202000000870,2020-08-11 13:30:00,2020,8,11,13,30,976,97611,vahibe-Vietnam (rue),-12.72991,45.17743,Plein jour,En agglomération,Hors intersection,Normale,Autre collision,4,2,0,0,1,1,1,0,1,50,1,2,1,0,0,1,14.0,,deux_roues,,1,2,1,1,6
202000000871,2020-06-26 17:25:00,2020,6,26,17,25,976,97611,mamoudzou centre-Haladi Selemani ( rue ),-12.780951,45.231999,Crépuscule ou aube,En agglomération,Hors intersection,Normale,Autre collision,4,2,0,0,1,1,1,0,1,50,1,2,1,0,0,1,28.0,,voiture,,2,2,1,1,6
202000000872,2020-06-29 18:05:00,2020,6,29,18,5,68,68315,D83,47.88787,7.255268,Plein jour,Hors agglomération,Autre intersection,Normale,Deux véhicules - arrière,3,1,1,0,2,3,1,3,1,70,2,2,1,0,0,1,25.0,52.0,transport_commun,transport_commun,1,1,9,1,2
202000000873,2020-12-30 10:36:00,2020,12,30,10,36,2A,2A004,Bd Louis Campi,41.94429,8.75584,Plein jour,En agglomération,Hors intersection,Pluie légère,Deux véhicules - côté,4,2,-1,-1,1,1,2,0,1,50,2,2,1,0,0,1,69.0,44.0,deux_roues,voiture,1,2,1,2,3
202000000874,2020-08-22 11:00:00,2020,8,22,11,0,976,97611,tsoundzou-SIM ( rue de la ),-12.81835,45.19668,Plein jour,En agglomération,Hors intersection,Normale,Deux véhicules - frontale,2,2,0,0,2,1,1,0,1,50,2,2,1,0,0,1,39.0,34.0,voiture,deux_roues,1,2,1,1,1
202000000875,2020-08-12 14:00:00,2020,8,12,14,0,976,97611,cavani-Rond point du Baobab,-12.78541,45.22594,Plein jour,En agglomération,Giratoire,Normale,Deux véhicules - côté,2,2,0,0,1,1,1,0,1,50,2,3,1,0,0,2,25.0,16.0,voiture,deux_roues,1,2,6,1,3
202000000876,2020-07-18 09:00:00,2020,7,18,9,0,976,97611,passamanty-Rassini (ruelle),-12.80043,45.2152,Plein jour,En agglomération,Hors intersection,Normale,,2,2,0,0,1,1,1,0,1,50,2,3,1,0,0,2,39.0,48.0,voiture,deux_roues,1,2,1,1,-1
202000000877,2020-09-06 17:25:00,2020,9,6,17,25,976,97611,kaweni-SPPM ( rue de la ),-12.77166,45.22287,Plein jour,Hors agglomération,Hors intersection,Normale,Autre collision,4,2,0,0,1,1,1,0,1,50,1,2,0,0,0,2,46.0,,voiture,,1,1,1,1,6
202000000878,2020-02-17 06:40:00,2020,2,17,6,40,976,97611,passamanty-Rassini (ruelle),-12.8004,45.2159,Plein jour,En agglomération,Intersection en T,Normale,Deux véhicules - côté,4,2,0,0,1,1,1,0,1,50,2,2,1,0,0,1,50.0,23.0,deux_roues,voiture,1,2,3,1,3
202000000879,2020-08-23 06:56:00,2020,8,23,6,56,976,97611,m'tsapere-M'tsapéré- M'tsangani ( rue ),-12.7876,45.22506,Plein jour,En agglomération,Hors intersection,Normale,Deux véhicules - arrière,2,2,0,0,1,1,1,0,1,50,2,2,1,0,0,1,36.0,54.0,voiture,deux_roues,1,2,1,1,2
202000000880,2020-07-13 14:55:00,2020,7,13,14,55,976,97611,kaweni-Poste ( rue de la ),-12.7722459,45.2224879,Plein jour,En agglomération,Hors intersection,Normale,Autre collision,2,2,0,0,1,1,1,0,1,50,1,1,0,0,0,1,,,,,1,2,1,1,6
202000000881,2020-07-27 14:25:00,2020,7,27,14,25,976,97611,kaweni-Mangrove ( rue de la ),-12.77588,45.22681,Plein jour,En agglomération,Hors intersection,Normale,Deux véhicules - côté,2,2,0,0,1,1,1,0,1,50,2,2,1,0,0,1,48.0,39.0,voiture,deux_roues,1,2,1,1,3
202000000882,2020-02-09 02:20:00,2020,2,9,2,20,57,57306,Autoroute A30,49.3269361,6.0629758,Nuit sans éclairage public,Hors agglomération,Hors intersection,Normale,Deux véhicules - côté,1,3,4,0,1,1,1,2,1,90,2,4,0,1,1,2,33.0,31.0,voiture,voiture,3,1,1,1,3
202000000883,2020-07-01 00:05:00,2020,7,1,0,5,75,75110,BOULEVARD DE STRASBOURG,48.869644,2.35443,Nuit avec éclairage allumé,En agglomération,Hors intersection,Normale,Deux véhicules - côté,4,1,2,1,1,1,1,-1,5,15,2,1,0,0,0,1,60.0,,deux_roues,,5,2,1,1,3
202000000884,2020-08-20 16:25:00,2020,8,20,16,25,84,84007,PLACE SAINT LAZARE,43.95102,4.81952,Plein jour,En agglomération,Hors intersection,Normale,Autre collision,4,1,1,0,1,1,1,0,1,30,1,2,1,0,1,0,51.0,,voiture,,1,2,1,1,6
202000000885,2020-12-11 13:47:00,2020,12,11,13,47,76,76329,D6015,49.56115,0.48267,Plein jour,Hors agglomération,Hors intersection,Pluie légère,Trois véhicules et plus - collisions multiples,3,2,3,0,2,1,2,0,1,70,5,5,2,0,2,1,43.0,71.0,voiture,voiture,1,1,1,2,5
202000000886,2020-05-07 23:14:00,2020,5,7,23,14,91,91617,RN6 PROVINCE / RN104 INT,48.63152,2.51594,Nuit sans éclairage public,Hors agglomération,Hors intersection,Normale,Autre collision,2,1,3,0,1,1,1,0,3,90,1,1,0,0,0,1,32.0,,voiture,,3,1,1,1,6
202000000887,2020-01-01 01:25:00,2020,1,1,1,25,93,93046,TURGOT,48.9186846,2.5204487,Nuit avec éclairage allumé,En agglomération,Giratoire,Temps couvert,Deux véhicules - côté,4,2,2,0,1,1,9,9,1,50,2,1,0,0,0,1,45.0,,voiture,,5,2,6,8,3
202000000888,2020-11-28 16:55:00,2020,11,28,16,55,75,75119,BOULEVARD DE LA VILLETTE,48.884339,2.366883,Nuit avec éclairage allumé,En agglomération,Intersection en X,Normale,Autre collision,4,1,2,1,1,1,1,-1,5,30,1,1,0,0,0,1,,,,,5,2,2,1,6
202000000889,2020-12-28 18:25:00,2020,12,28,18,25,77,77508,D96,48.823727,2.834864,Nuit sans éclairage public,Hors agglomération,Hors intersection,Pluie forte,Deux véhicules - arrière,3,2,2,0,1,1,2,0,1,80,2,2,1,0,0,1,21.0,40.0,voiture,voiture,3,1,1,3,2
202000000890,2020-02-26 09:45:00,2020,2,26,9,45,92,92062,DE DION BOUTON (QUAI) DU 29 AU 65,48.8827958,2.2479292,Plein jour,En agglomération,Hors intersection,Normale,Trois véhicules et plus - en chaîne,3,3,6,0,1,1,1,0,1,50,3,3,2,0,0,1,29.0,56.0,voiture,voiture,1,2,1,1,4
202000000891,2020-11-23 13:55:00,2020,11,23,13,55,74,74042,Route de Cluses,46.07351,6.410034,Plein jour,En agglomération,Hors intersection,Normale,Autre collision,9,2,2,1,1,3,1,2,5,-1,1,1,0,1,0,0,17.0,,deux_roues,,1,2,1,1,6
202000000892,2020-07-28 23:25:00,2020,7,28,23,25,73,73008,D1201 ROOSEVELT FRANKLIN AVENUE,45.7018314,5.9091384,Nuit avec éclairage allumé,En agglomération,Giratoire,Normale,Deux véhicules - côté,3,3,4,2,1,1,1,5,1,50,2,2,1,0,0,1,50.0,22.0,voiture,deux_roues,5,2,6,1,3
202000000893,2020-12-09 05:20:00,2020,12,9,5,20,62,62193,LOUIS BLERIOT (AVENUE),50.949418,1.862252,Nuit avec éclairage allumé,En agglomération,Giratoire,Pluie légère,Deux véhicules - côté,4,1,2,0,1,2,2,0,1,50,2,2,1,0,0,1,34.0,34.0,deux_roues,voiture,5,2,6,2,3
202000000894,2020-12-14 22:00:00,2020,12,14,22,0,62,62351,OUSSEKINE (R MALIK),50.4209671,2.9069245,Nuit avec éclairage allumé,En agglomération,Hors intersection,Temps couvert,Autre collision,3,3,3,0,1,2,2,0,3,50,1,1,0,1,0,0,68.0,,voiture,,5,2,1,8,6
202000000895,2020-12-30 19:10:00,2020,12,30,19,10,62,62186,SCHWEITZER ( R DU DOCTEUR),50.4482779,2.705044,Nuit sans éclairage public,Hors agglomération,Hors intersection,Pluie légère,Autre collision,3,2,2,0,1,1,2,0,3,70,1,2,1,0,1,0,19.0,,voiture,,3,1,1,2,6
202000000896,2020-12-05 16:10:00,2020,12,5,16,10,62,62498,LANOY (R RENE),50.431121,2.83319,Plein jour,En agglomération,Intersection en T,Normale,Autre collision,4,3,2,0,1,1,2,6,1,50,1,2,1,0,1,0,46.0,,voiture,,1,2,3,1,6
202000000897,2020-10-07 20:30:00,2020,10,7,20,30,62,62624,REPUBLIQUE (AVE DE LA ),50.41491,2.98257,Nuit avec éclairage allumé,En agglomération,Hors intersection,Normale,Autre collision,4,3,2,0,1,1,1,0,1,50,1,2,1,0,1,0,36.0,,voiture,,5,2,1,1,6
202000000898,2020-12-19 13:30:00,2020,12,19,13,30,74,74012,RESISTANCE (RUE DE LA),46.19622,6.25684,Plein jour,En agglomération,Intersection en T,Normale,Deux véhicules - côté,4,2,2,0,1,1,1,5,1,50,2,2,1,0,0,1,48.0,29.0,voiture,deux_roues,1,2,3,1,3
202000000899,2020-12-15 07:40:00,2020,12,15,7,40,73,73008,D991 WILSON BOULEVARD,45.6897799,5.9094724,Nuit avec éclairage allumé,En agglomération,Giratoire,Pluie légère,Autre collision,3,3,2,2,1,1,2,5,1,50,1,1,0,0,0,1,,,,,5,2,6,2,6
202000000900,2020-12-02 09:40:00,2020,12,2,9,40,73,73008,PN 10 ROSELIERE CHEMIN DE LA,45.7090736,5.892132,Plein jour,En agglomération,Passage à niveau,Temps couvert,Autre collision,4,2,2,3,1,1,1,4,1,30,1,2,1,1,0,0,47.0,,transport_commun,,1,2,8,8,6
202000000901,2020-06-24 23:30:00,2020,6,24,23,30,64,64102,PAMPELUNE (AVENUE DE),43.4885,-1.4788,Nuit avec éclairage allumé,En agglomération,Hors intersection,Normale,Sans collision,4,2,2,0,1,1,1,0,1,30,1,1,0,0,0,1,29.0,,voiture,,5,2,1,1,7
202000000902,2020-06-19 23:30:00,2020,6,19,23,30,64,64102,ALSACE LORRAINE (BOULEVARD),43.49144,-1.46378,Nuit avec éclairage allumé,En agglomération,Hors intersection,Normale,Sans collision,4,2,2,0,1,1,1,0,1,50,1,1,0,0,0,1,44.0,,deux_roues,,5,2,1,1,7
202000000903,2020-08-24 09:30:00,2020,8,24,9,30,92,92035,National ( boulevard ),48.9085201,2.2371876,Plein jour,En agglomération,Intersection en X,Normale,Deux véhicules - côté,3,1,2,0,1,1,1,0,1,50,2,2,1,0,0,1,19.0,49.0,deux_roues,voiture,1,2,2,1,3
202000000904,2020-04-12 17:00:00,2020,4,12,17,0,35,35288,La Grande Toutenais,48.665922,-1.958077,Plein jour,Hors agglomération,Hors intersection,Normale,Sans collision,3,2,-1,0,3,2,1,0,3,70,1,1,0,0,1,0,52.0,,deux_roues,,1,1,1,1,7
202000000905,2020-12-24 17:25:00,2020,12,24,17,25,76,76351,DEMIDOFF (RUE),49.49765,0.13615,Nuit avec éclairage allumé,En agglomération,Intersection en X,Normale,Deux véhicules - côté,4,2,4,2,1,1,2,0,1,50,2,1,0,0,0,1,50.0,,deux_roues,,5,2,2,1,3
202000000906,2020-12-21 20:07:00,2020,12,21,20,7,76,76351,BELLOT,49.48618,0.12675,Nuit avec éclairage allumé,En agglomération,Hors intersection,Normale,Deux véhicules - frontale,4,2,2,-1,1,1,1,0,1,30,2,2,1,0,0,1,48.0,49.0,voiture,voiture,5,2,1,1,1
202000000907,2020-12-09 18:00:00,2020,12,9,18,0,76,76351,BOIS AU COQ (AVENUE),49.5128,0.1255,Nuit avec éclairage allumé,En agglomération,Intersection en X,Normale,Deux véhicules - côté,4,3,4,0,1,1,1,0,1,50,2,2,1,0,0,1,25.0,30.0,voiture,voiture,5,2,2,1,3
202000000908,2020-12-05 14:15:00,2020,12,5,14,15,76,76351,HUIT MAI 1945 (AVENUE DU),49.51567,0.17092,Plein jour,En agglomération,Hors intersection,Normale,Autre collision,4,3,1,-1,1,1,3,0,1,50,1,1,0,0,0,1,,,,,1,2,1,1,6
202000000909,2020-12-04 17:30:00,2020,12,4,17,30,76,76351,AUGUSTE RISPAL,49.4931,0.1419,Nuit avec éclairage allumé,En agglomération,Hors intersection,Normale,Autre collision,4,2,2,0,1,1,2,0,1,50,1,1,0,0,0,1,,,,,5,2,1,1,6
202000000910,2020-06-12 20:40:00,2020,6,12,20,40,971,97105,BD GERTY ARCHIMEDE,15.99073,-61.72808,Nuit avec éclairage allumé,En agglomération,Hors intersection,Normale,Autre collision,2,3,2,0,1,1,1,0,1,50,1,2,1,0,0,1,72.0,,voiture,,5,2,1,1,6
202000000911,2020-12-05 07:15:00,2020,12,5,7,15,83,83050,PIQUEMAL( PLACE),43.53942,6.45959,Crépuscule ou aube,En agglomération,Hors intersection,Temps couvert,Autre collision,4,2,1,0,1,1,2,0,1,50,1,2,1,0,1,0,52.0,,transport_commun,,2,2,1,8,6
202000000912,2020-12-28 11:30:00,2020,12,28,11,30,24,24037,PASTEUR (AVENUE),44.85836,0.49285,Plein jour,En agglomération,Hors intersection,Pluie légère,Autre collision,9,-1,1,0,1,1,2,0,8,20,1,2,1,0,1,0,46.0,,utilitaire_camion,,1,2,1,2,6
202000000913,2020-11-13 14:55:00,2020,11,13,14,55,02,02691,NEUVILLE-ST-AMAND (RTE DE),49.850564,3.267931,Plein jour,En agglomération,Intersection en X,Normale,Deux véhicules - côté,4,2,2,0,1,1,1,5,1,50,2,2,1,0,1,0,15.0,72.0,deux_roues,voiture,1,2,2,1,3
202000000914,2020-02-04 13:13:00,2020,2,4,13,13,17,17300,CHAUDRIER   RUE,46.16256,-1.15245,Plein jour,En agglomération,Hors intersection,Normale,Autre collision,4,2,0,0,1,1,1,0,1,30,1,2,1,0,0,1,60.0,,deux_roues,,1,2,1,1,6
202000000915,2020-12-01 16:20:00,2020,12,1,16,20,01,01014,CD 31,46.275115,5.660406,Plein jour,En agglomération,Giratoire,Pluie légère,Deux véhicules - côté,3,3,2,0,1,1,2,5,1,50,2,2,1,0,1,0,47.0,25.0,deux_roues,voiture,1,2,6,2,3