accident_id,datetime,annee,mois,jour,heure,minute,departement,commune_insee,adresse,latitude,longitude,luminosite,agglomeration,intersection,meteo,collision,catr,circ,nbv,vosp,prof,plan,surf,infra,situ,vma,nb_vehicules,nb_usagers,nb_indemnes,nb_tues,nb_blesses_hosp,nb_blesses_legers,age_cond_1,age_cond_2,veh_type_cond_1,veh_type_cond_2,lum_code,agg_code,int_code,atm_code,col_code
202000000916,2020-12-01 14:50:00,2020,12,1,14,50,75,75120,RUE DES PYRENEES,48.858118,2.403376,Plein jour,En agglomération,Intersection en T,Normale,Deux véhicules - arrière,4,2,2,0,1,1,1,0,1,50,2,1,0,0,0,1,36.0,,deux_roues,,1,2,3,1,2
202000000917,2020-12-01 19:30:00,2020,12,1,19,30,75,75119,RUE MANIN,48.883226,2.387832,Nuit avec éclairage allumé,En agglomération,Intersection en X,Normale,Deux véhicules - côté,4,2,2,0,1,1,1,0,1,50,2,2,1,0,0,1,38.0,43.0,deux_roues,voiture,5,2,2,1,3
202000000918,2020-12-01 17:15:00,2020,12,1,17,15,75,75119,BOULEVARD D ALGERIE,48.882146,2.400504,Nuit avec éclairage allumé,En agglomération,Hors intersection,Temps couvert,Sans collision,4,2,4,1,2,2,2,-1,5,30,1,1,0,0,0,1,38.0,,deux_roues,,5,2,1,8,7
202000000919,2020-12-01 12:45:00,2020,12,1,12,45,75,75119,BOULEVARD MACDONALD,48.898774,2.374103,Plein jour,En agglomération,Intersection en T,Normale,Autre collision,4,2,4,0,1,1,1,0,1,50,1,2,1,0,0,1,75.0,,voiture,,1,2,3,1,6
202000000920,2020-12-01 06:55:00,2020,12,1,6,55,75,75119,RUE CLAVEL,48.874555,2.385085,Nuit avec éclairage allumé,En agglomération,Hors intersection,Normale,Deux véhicules - côté,4,1,1,0,1,1,2,0,1,50,2,2,1,0,0,1,32.0,52.0,deux_roues,voiture,5,2,1,1,3
202000000921,2020-11-30 17:30:00,2020,11,30,17,30,75,75118,RUE ORDENER,48.890878,2.353211,Nuit avec éclairage allumé,En agglomération,Intersection en Y,Normale,Deux véhicules - côté,4,2,3,1,1,1,1,-1,5,50,2,1,0,0,0,1,22.0,,deux_roues,,5,2,4,1,3
202000000922,2020-12-01 12:15:00,2020,12,1,12,15,75,75115,BOULEVARD PASTEUR,48.844545,2.311553,Plein jour,En agglomération,Intersection en Y,Normale,Deux véhicules - côté,4,3,2,0,1,1,1,0,1,50,2,2,1,0,0,1,55.0,27.0,voiture,deux_roues,1,2,4,1,3
202000000923,2020-12-01 13:30:00,2020,12,1,13,30,75,75114,RUE PERNETY,48.832956,2.319729,Plein jour,En agglomération,Hors intersection,Normale,Sans collision,4,2,2,1,1,1,1,-1,5,30,1,1,0,0,0,1,40.0,,deux_roues,,1,2,1,1,7
202000000924,2020-12-01 11:56:00,2020,12,1,11,56,75,75112,RUE DE PICPUS,48.841093,2.398887,Plein jour,En agglomération,Intersection en T,Normale,Trois véhicules et plus - collisions multiples,4,2,2,0,1,1,1,0,1,30,3,3,2,0,0,1,27.0,34.0,transport_commun,transport_commun,1,2,3,1,5
202000000925,2020-12-01 08:00:00,2020,12,1,8,0,75,75110,RUE DE DUNKERQUE,48.879655,2.356548,Plein jour,En agglomération,Hors intersection,Normale,Deux véhicules - arrière,4,2,2,0,1,1,1,0,1,30,2,2,1,0,0,1,48.0,35.0,voiture,utilitaire_camion,1,2,1,1,2
202000000926,2020-12-01 11:19:00,2020,12,1,11,19,75,75107,AVENUE DU MARECHAL GALLIENI,48.861044,2.313252,Plein jour,En agglomération,Intersection en X,Normale,Deux véhicules - côté,4,2,6,0,1,1,1,0,1,50,2,2,1,0,0,1,41.0,48.0,voiture,deux_roues,1,2,2,1,3
202000000927,2020-11-30 19:00:00,2020,11,30,19,0,94,94068,HENRI MARTIN (AV),48.79806,2.48828,Nuit avec éclairage allumé,En agglomération,Autre intersection,Normale,Deux véhicules - côté,3,2,2,0,1,1,1,0,1,50,2,2,1,0,0,1,48.0,21.0,voiture,deux_roues,5,2,9,1,3
202000000928,2020-12-01 09:45:00,2020,12,1,9,45,94,94016,MARECHAL DE LATTRE DE TASSIGNY (AV DU),48.78765,2.33258,Plein jour,En agglomération,Hors intersection,Normale,Autre collision,3,1,1,0,1,1,1,0,1,50,1,1,0,0,0,1,,,,,1,2,1,1,6
202000000929,2020-12-01 22:05:00,2020,12,1,22,5,94,94022,VICTOR HUGO (AV),48.77069,2.42713,Nuit avec éclairage allumé,En agglomération,Hors intersection,Normale,Autre collision,3,1,1,2,1,1,1,9,1,50,1,1,0,0,0,1,30.0,,deux_roues,,5,2,1,1,6
202000000930,2020-12-01 17:10:00,2020,12,1,17,10,94,94022,MARECHAL DE LATTRE DE TASSIGNY (AV),48.75665,2.40457,Crépuscule ou aube,En agglomération,Intersection en T,Normale,Sans collision,3,2,2,0,1,1,1,0,1,50,1,1,0,0,0,1,20.0,,deux_roues,,2,2,3,1,7
202000000931,2020-12-01 13:25:00,2020,12,1,13,25,94,94019,Rue des Bordes,48.7978,2.54915,Plein jour,En agglomération,Hors intersection,Normale,Deux véhicules - côté,4,2,2,0,1,1,1,0,1,30,2,2,1,0,0,1,48.0,45.0,deux_roues,voiture,1,2,1,1,3
202000000932,2020-12-01 07:20:00,2020,12,1,7,20,94,94002,BLANQUI (QU),48.79826,2.42027,Nuit avec éclairage allumé,En agglomération,Autre intersection,Normale,Deux véhicules - côté,3,3,0,0,2,1,2,5,1,50,2,2,1,0,0,1,34.0,20.0,utilitaire_camion,voiture,5,2,9,1,3
202000000933,2020-12-01 10:10:00,2020,12,1,10,10,93,93073,Avenue du Valquiou,48.9806,2.53131,Plein jour,En agglomération,Hors intersection,Normale,Deux véhicules - côté,4,1,1,0,1,1,1,0,1,30,2,2,1,0,0,1,44.0,52.0,deux_roues,utilitaire_camion,1,2,1,1,3
202000000934,2020-12-01 16:10:00,2020,12,1,16,10,93,93070,BERTHOUD (RUE EUGENE),48.9057412,2.3465434,Plein jour,En agglomération,Hors intersection,Normale,Autre collision,4,2,2,0,1,1,1,0,1,50,1,1,0,0,0,1,,,,,1,2,1,1,6
202000000935,2020-11-30 12:30:00,2020,11,30,12,30,93,93070,GABRIEL-PERI (AV),48.9077949,2.3324589,Plein jour,En agglomération,Autre intersection,Normale,Deux véhicules - côté,3,-1,2,0,1,1,1,0,1,50,2,2,0,0,0,2,30.0,35.0,deux_roues,voiture,1,2,9,1,3
202000000936,2020-11-30 22:45:00,2020,11,30,22,45,93,93050,ANDRE GIDE (ALLEE),48.8562746,2.5179698,Nuit avec éclairage allumé,En agglomération,Autre intersection,Temps couvert,Autre collision,4,-1,0,3,1,1,1,6,8,50,1,1,0,0,0,1,21.0,,deux_roues,,5,2,9,8,6
202000000937,2020-12-01 16:40:00,2020,12,1,16,40,93,93048,MADELEINE (RUE),48.8729114,2.4592149,Crépuscule ou aube,En agglomération,Intersection en T,Pluie légère,Deux véhicules - côté,4,2,2,0,1,1,2,0,1,30,2,3,2,0,0,1,27.0,37.0,voiture,voiture,2,2,3,2,3
202000000938,2020-12-01 14:20:00,2020,12,1,14,20,93,93048,DIDIER DAURAT (RUE),48.8704977,2.4532127,Plein jour,En agglomération,Intersection en T,Normale,Deux véhicules - côté,4,1,1,0,1,1,1,0,1,50,2,2,1,0,0,1,51.0,35.0,deux_roues,voiture,1,2,3,1,3
202000000939,2020-11-30 17:00:00,2020,11,30,17,0,93,93029,HENRI BARBUSSE (AVE) N°126-280,48.9204204,2.4526739,Nuit avec éclairage allumé,En agglomération,Hors intersection,Normale,Autre collision,3,2,2,0,1,1,1,0,1,50,1,2,1,0,0,1,41.0,,voiture,,5,2,1,1,6
202000000940,2020-12-01 18:00:00,2020,12,1,18,0,92,92073,SELLIER (BOULEVARD HENRI),48.865543,2.219715,Nuit avec éclairage allumé,En agglomération,Hors intersection,Pluie forte,Trois véhicules et plus - collisions multiples,3,3,6,0,1,1,1,0,1,50,3,4,1,0,1,2,73.0,41.0,voiture,voiture,5,2,1,3,5
202000000941,2020-12-01 08:05:00,2020,12,1,8,5,92,92062,DE DION BOUTON (QUAI) DU 29 AU 65,48.8838854,2.2494953,Crépuscule ou aube,En agglomération,Intersection en T,Normale,Deux véhicules - côté,3,3,6,0,1,1,1,0,1,50,2,2,1,0,0,1,20.0,49.0,deux_roues,voiture,2,2,3,1,3
202000000942,2020-11-30 16:25:00,2020,11,30,16,25,92,92036,CABOEUFS (RUE DES) (52/132),48.925096,2.307392,Plein jour,En agglomération,Intersection en X,Normale,Deux véhicules - côté,4,2,2,0,1,1,1,0,1,50,2,2,1,0,0,1,29.0,22.0,utilitaire_camion,voiture,1,2,2,1,3
202000000943,2020-12-01 08:00:00,2020,12,1,8,0,92,92019,TURLURETS (RUE DES),48.7633619,2.274933,Crépuscule ou aube,En agglomération,Hors intersection,Temps couvert,Autre collision,4,2,2,0,4,1,2,0,8,50,1,2,1,0,0,1,65.0,,voiture,,2,2,1,8,6
202000000944,2020-12-01 18:25:00,2020,12,1,18,25,92,92007,BRIAND (AVENUE ARISTIDE) N° 2 A 98,48.80145,2.32376,Nuit avec éclairage allumé,En agglomération,Hors intersection,Normale,Sans collision,3,3,6,1,2,1,1,0,8,70,1,4,2,0,0,2,32.0,,transport_commun,,5,2,1,1,7
202000000945,2020-12-01 18:45:00,2020,12,1,18,45,18,18259,RD926,47.488079,2.723177,Nuit sans éclairage public,Hors agglomération,Hors intersection,Normale,Autre collision,3,2,2,0,2,3,2,0,1,80,1,1,0,0,1,0,29.0,,voiture,,3,1,1,1,6
202000000946,2020-11-30 17:15:00,2020,11,30,17,15,59,59278,Rue du Général de Gaulle,50.6087365,2.9621791,Crépuscule ou aube,En agglomération,Hors intersection,Pluie légère,Autre collision,7,2,2,2,1,1,2,0,1,50,1,2,1,0,0,1,61.0,,voiture,,2,2,1,2,6
202000000947,2020-11-29 20:15:00,2020,11,29,20,15,34,34311,A75 - PK: 316+000,43.444804,3.40354,Nuit sans éclairage public,Hors agglomération,Hors intersection,Normale,,1,-1,4,0,1,1,1,0,1,110,3,4,2,0,0,2,38.0,36.0,voiture,voiture,3,1,1,1,-1
202000000948,2020-12-01 09:25:00,2020,12,1,9,25,87,87020,A20 PR169.100 sens CHATEAUROUX-LIMOGES,45.943276,1.308693,Plein jour,Hors agglomération,Hors intersection,Brouillard / fumée,Deux véhicules - arrière,1,3,4,0,1,1,2,0,1,110,2,3,0,0,0,3,38.0,82.0,voiture,voiture,1,1,1,5,2
202000000949,2020-12-01 18:50:00,2020,12,1,18,50,83,83096,"Intersection rue de ste croix, DN 7",43.467518,5.7872576,Nuit sans éclairage public,Hors agglomération,Hors intersection,Normale,Deux véhicules - frontale,3,2,2,0,1,1,1,0,1,80,2,2,1,0,1,0,23.0,60.0,deux_roues,voiture,3,1,1,1,1
202000000950,2020-12-01 10:15:00,2020,12,1,10,15,51,51267,D27,49.2531375,3.8742415,Plein jour,Hors agglomération,Hors intersection,Pluie légère,Deux véhicules - frontale,3,3,2,0,1,1,2,0,1,80,2,4,2,0,1,1,29.0,18.0,voiture,voiture,1,1,1,2,1
202000000951,2020-10-23 07:45:00,2020,10,23,7,45,80,80521,D146,49.982963,2.850967,Nuit sans éclairage public,Hors agglomération,Hors intersection,Brouillard / fumée,Trois véhicules et plus - en chaîne,3,2,2,0,1,3,2,0,1,80,3,3,1,0,2,0,38.0,25.0,deux_roues,deux_roues,3,1,1,5,4
202000000952,2020-12-02 07:25:00,2020,12,2,7,25,80,80222,d938,50.256984,1.87215,Nuit sans éclairage public,Hors agglomération,Hors intersection,Normale,Deux véhicules - frontale,3,2,2,0,1,1,2,0,1,80,2,2,1,1,0,0,16.0,27.0,deux_roues,voiture,3,1,1,1,1
202000000953,2020-12-01 19:00:00,2020,12,1,19,0,22,22245,D74,48.63678,-3.387512,Nuit sans éclairage public,Hors agglomération,Hors intersection,Normale,Deux véhicules - frontale,3,2,2,0,1,1,1,0,1,80,2,2,1,0,1,0,66.0,35.0,voiture,utilitaire_camion,3,1,1,1,1
202000000954,2020-11-28 10:45:00,2020,11,28,10,45,25,25527,916 Chemin du Moulin de Bénusse,47.188506,5.854307,Plein jour,En agglomération,Hors intersection,Normale,Deux véhicules - frontale,4,2,2,0,4,3,1,0,1,50,2,2,1,0,1,0,19.0,14.0,voiture,deux_roues,1,2,1,1,1
202000000955,2020-12-01 17:15:00,2020,12,1,17,15,29,29260,Rue de Kerzouar,48.4266534,-4.6189401,Plein jour,En agglomération,Hors intersection,Normale,Autre collision,4,1,1,0,1,1,1,0,1,50,1,2,1,0,0,1,18.0,,voiture,,1,2,1,1,6
202000000956,2020-12-01 18:15:00,2020,12,1,18,15,31,31293,Route de la Plage,43.707516,1.381128,Nuit sans éclairage public,En agglomération,Hors intersection,Pluie légère,Autre collision,3,2,2,0,1,1,2,0,1,80,1,2,1,0,1,0,24.0,,utilitaire_camion,,3,2,1,2,6
202000000957,2020-12-02 06:50:00,2020,12,2,6,50,38,38001,Route Nationale 75,45.564691,5.563304,Crépuscule ou aube,Hors agglomération,Hors intersection,Pluie légère,Autre collision,3,2,2,0,3,1,2,0,8,70,1,1,0,0,1,0,40.0,,voiture,,2,1,1,2,6
202000000958,2020-12-02 13:00:00,2020,12,2,13,0,03,03246,,46.353509,2.4571287,Plein jour,Hors agglomération,Hors intersection,Pluie légère,Autre collision,3,2,2,0,1,1,2,0,3,80,1,1,0,0,0,1,59.0,,voiture,,1,1,1,2,6
202000000959,2020-12-02 06:00:00,2020,12,2,6,0,58,58304,D977 - PK 56,47.3829436,3.3799106,Nuit sans éclairage public,Hors agglomération,Hors intersection,Pluie légère,Autre collision,3,2,2,0,1,1,2,0,3,80,1,1,0,1,0,0,18.0,,voiture,,3,1,1,2,6
202000000960,2020-12-01 10:00:00,2020,12,1,10,0,72,72138,Rue de l'Abbé Lelièvre,48.284796,0.023158,Plein jour,En agglomération,Hors intersection,Normale,Sans collision,3,2,2,0,1,1,1,0,1,50,1,1,0,0,1,0,50.0,,deux_roues,,1,2,1,1,7
202000000961,2020-11-27 10:55:00,2020,11,27,10,55,72,72373,11 Rue de la Rivière,48.059526,0.736431,Plein jour,En agglomération,Hors intersection,Normale,Autre collision,3,2,2,0,2,1,1,5,1,30,1,2,1,0,1,0,89.0,,voiture,,1,2,1,1,6
202000000962,2020-12-02 07:20:00,2020,12,2,7,20,40,40236,Départementale 58,43.680466,-0.87351,Crépuscule ou aube,Hors agglomération,Hors intersection,Normale,Deux véhicules - côté,3,2,2,0,1,1,1,0,1,80,2,2,1,0,1,0,22.0,57.0,voiture,voiture,2,1,1,1,3
202000000963,2020-12-01 14:45:00,2020,12,1,14,45,24,24087,Fongoumier,44.8898,1.09946,Plein jour,Hors agglomération,Hors intersection,Normale,Deux véhicules - frontale,3,3,2,0,2,4,1,0,1,80,2,3,2,0,1,0,60.0,20.0,voiture,voiture,1,1,1,1,1
202000000964,2020-12-02 08:00:00,2020,12,2,8,0,04,04091,RD 4096 / RD 30,43.986718,5.911878,Crépuscule ou aube,Hors agglomération,Intersection en T,Normale,Deux véhicules - arrière,3,2,2,0,1,1,1,0,1,80,2,2,1,0,1,0,41.0,54.0,utilitaire_camion,deux_roues,2,1,3,1,2
202000000965,2020-12-01 14:50:00,2020,12,1,14,50,19,19234,pk 199.800 A89,45.3047191,1.5843977,Plein jour,Hors agglomération,Hors intersection,Temps couvert,Sans collision,1,3,4,0,1,1,2,0,2,110,1,1,0,0,1,0,40.0,,voiture,,1,1,1,8,7
202000000966,2020-12-02 16:20:00,2020,12,2,16,20,38,38329,Route Napoléon,44.836548,5.884895,Plein jour,Hors agglomération,Hors intersection,Normale,Deux véhicules - côté,2,2,2,0,2,3,1,0,1,80,2,2,1,0,1,0,59.0,23.0,utilitaire_camion,voiture,1,1,1,1,3
202000000967,2020-11-01 18:30:00,2020,11,1,18,30,06,06088,A8 pk 185+300 nord,43.67083,7.201393,Nuit sans éclairage public,Hors agglomération,Hors intersection,Normale,Autre collision,1,1,1,0,2,3,1,3,1,50,1,1,0,0,0,1,29.0,,deux_roues,,3,1,1,1,6
202000000968,2020-12-01 18:45:00,2020,12,1,18,45,77,77333,"A6, PK 70+600, direction Paris",48.28682,2.691693,Nuit sans éclairage public,Hors agglomération,Hors intersection,Temps couvert,Trois véhicules et plus - collisions multiples,1,1,5,0,1,1,2,2,1,130,3,4,3,0,0,1,32.0,39.0,voiture,voiture,3,1,1,8,5
202000000969,2020-12-02 11:45:00,2020,12,2,11,45,988,98825,Inersection avec la route de Crique Salé,-21.131142,164.889636,Plein jour,Hors agglomération,Intersection en X,Temps éblouissant,Deux véhicules - côté,2,2,2,0,1,1,1,0,1,110,2,3,0,0,1,2,55.0,28.0,voiture,voiture,1,1,2,7,3
202000000970,2020-11-28 11:45:00,2020,11,28,11,45,988,98817,RPS1,-22.231765,166.546335,Plein jour,Hors agglomération,Hors intersection,Normale,Deux véhicules - frontale,3,2,2,0,1,1,1,0,1,70,2,3,2,0,1,0,55.0,28.0,utilitaire_camion,utilitaire_camion,1,1,1,1,1
202000000971,2020-12-02 09:30:00,2020,12,2,9,30,974,97415,N1a,-21.108622,55.255384,Plein jour,Hors agglomération,Giratoire,Normale,,2,2,2,0,1,2,1,5,1,50,2,1,0,0,0,1,63.0,,deux_roues,,1,1,6,1,-1
202000000972,2020-12-02 13:30:00,2020,12,2,13,30,95,95554,D14,49.16301,1.764443,Plein jour,Hors agglomération,Hors intersection,Normale,Trois véhicules et plus - en chaîne,3,3,4,0,3,1,1,0,1,110,5,5,4,0,1,0,42.0,56.0,voiture,utilitaire_camion,1,1,1,1,4
202000000973,2020-11-27 22:20:00,2020,11,27,22,20,21,21138,RUE GRANDE,47.181743,5.304192,Nuit avec éclairage allumé,En agglomération,Intersection en X,Normale,Autre collision,3,2,2,0,1,1,1,0,4,50,1,1,0,0,0,1,17.0,,deux_roues,,5,2,2,1,6
202000000974,2020-11-28 06:00:00,2020,11,28,6,0,57,57511,D7,49.178183,6.073814,Nuit sans éclairage public,Hors agglomération,Intersection en T,Brouillard / fumée,Autre collision,3,2,2,0,1,1,1,0,3,80,1,3,0,0,2,1,20.0,,voiture,,3,1,3,5,6
202000000975,2020-12-02 10:00:00,2020,12,2,10,0,38,38542,Route de Moras,45.690829,5.239298,Plein jour,Hors agglomération,Hors intersection,Normale,Trois véhicules et plus - collisions multiples,3,2,2,0,1,3,1,0,1,80,3,4,1,0,3,0,51.0,39.0,voiture,voiture,1,1,1,1,5
202000000976,2020-12-02 18:15:00,2020,12,2,18,15,85,85119,D755,46.97194,-1.128549,Nuit sans éclairage public,Hors agglomération,Hors intersection,Temps couvert,Deux véhicules - frontale,3,2,2,0,1,1,1,0,1,80,2,2,1,1,0,0,20.0,23.0,deux_roues,voiture,3,1,1,8,1
202000000977,2020-11-30 19:45:00,2020,11,30,19,45,49,49301,RN 249- SAINT GERMAIN SUR MOINE,47.125666,-1.114426,Nuit sans éclairage public,Hors agglomération,Hors intersection,Normale,Deux véhicules - arrière,2,2,4,0,1,1,1,0,1,110,2,3,0,0,0,3,34.0,33.0,voiture,utilitaire_camion,3,1,1,1,2
202000000978,2020-11-30 09:00:00,2020,11,30,9,0,13,13203,A7-Sens Marseille vers Lyon,43.30732,5.37554,Plein jour,Hors agglomération,Hors intersection,Normale,Deux véhicules - côté,1,-1,2,0,1,1,1,0,1,90,2,2,1,0,0,1,46.0,30.0,deux_roues,voiture,1,1,1,1,3
202000000979,2020-11-30 20:38:00,2020,11,30,20,38,67,67471,Autoroute A4,48.63301,7.72402,Nuit sans éclairage public,Hors agglomération,Hors intersection,Pluie légère,Deux véhicules - arrière,1,3,3,0,1,1,2,0,1,90,2,3,1,0,0,2,22.0,26.0,voiture,voiture,3,1,1,2,2
202000000980,2020-11-26 16:30:00,2020,11,26,16,30,67,67482,Autoroute A.351,48.5862523,7.7193917,Plein jour,Hors agglomération,Hors intersection,Normale,Deux véhicules - arrière,1,3,3,0,1,1,1,3,1,90,2,4,2,0,0,2,51.0,60.0,voiture,voiture,1,1,1,1,2
202000000981,2020-11-30 07:05:00,2020,11,30,7,5,33,33075,ROCADE A 630,44.89014,-0.61259,Nuit sans éclairage public,Hors agglomération,Hors intersection,Normale,Trois véhicules et plus - en chaîne,1,3,4,0,1,1,1,0,1,90,3,3,2,0,0,1,60.0,28.0,voiture,deux_roues,3,1,1,1,4
202000000982,2020-11-29 09:50:00,2020,11,29,9,50,59,59646,ROUTE DEPARTEMENTALE 656,50.673388,3.11765,Plein jour,Hors agglomération,Hors intersection,Brouillard / fumée,Deux véhicules - arrière,7,3,4,0,1,1,1,0,1,90,2,2,1,0,0,1,63.0,46.0,voiture,voiture,1,1,1,5,2
202000000983,2020-11-24 08:50:00,2020,11,24,8,50,62,62634,AUTOROUTE A16,50.93205,2.026463,Crépuscule ou aube,Hors agglomération,Hors intersection,Normale,Autre collision,1,3,4,0,1,1,1,0,1,110,1,1,0,0,0,1,30.0,,voiture,,2,1,1,1,6
202000000984,2020-12-01 18:15:00,2020,12,1,18,15,91,91689,AUTOROUTE A6,48.728174,2.314049,Nuit sans éclairage public,Hors agglomération,Hors intersection,Normale,Deux véhicules - arrière,1,1,3,0,1,1,1,0,1,110,2,2,1,0,0,1,32.0,23.0,deux_roues,voiture,3,1,1,1,2
202000000985,2020-12-01 11:07:00,2020,12,1,11,7,92,92002,AUTOROUTE A86,48.76114,2.29529,Plein jour,Hors agglomération,Hors intersection,Normale,Trois véhicules et plus - collisions multiples,1,3,5,0,1,1,1,0,1,90,3,3,2,1,0,0,45.0,46.0,utilitaire_camion,deux_roues,1,1,1,1,5
202000000986,2020-11-30 06:10:00,2020,11,30,6,10,91,91521,AUTOROUTE A6,48.66427,2.36522,Nuit sans éclairage public,Hors agglomération,Hors intersection,Normale,Deux véhicules - arrière,1,3,6,0,1,1,2,0,1,110,2,2,1,0,0,1,42.0,50.0,voiture,voiture,3,1,1,1,2
202000000987,2020-12-01 21:30:00,2020,12,1,21,30,78,78140,A13,48.960745,1.930592,Nuit sans éclairage public,Hors agglomération,Hors intersection,Temps couvert,Deux véhicules - arrière,1,3,6,0,2,1,1,0,1,130,2,2,1,0,0,1,55.0,40.0,utilitaire_camion,voiture,3,1,1,8,2
202000000988,2020-12-01 08:25:00,2020,12,1,8,25,77,77122,RN104,48.6508401,2.6116759,Crépuscule ou aube,Hors agglomération,Hors intersection,Normale,,2,3,6,0,1,1,2,0,1,90,2,1,0,0,0,1,63.0,,voiture,,2,1,1,1,-1
202000000989,2020-11-30 20:00:00,2020,11,30,20,0,94,94069,A4,48.8171,2.4422,Nuit sans éclairage public,Hors agglomération,Hors intersection,Normale,Autre collision,1,-1,3,0,1,1,1,0,1,90,1,1,0,0,0,1,32.0,,deux_roues,,3,1,1,1,6
202000000990,2020-09-23 20:53:00,2020,9,23,20,53,94,94078,NUNGESSER ET COLI (R),48.75105,2.44976,Nuit sans éclairage public,En agglomération,Hors intersection,Pluie légère,Autre collision,4,-1,1,0,1,1,2,0,1,30,1,1,0,0,0,1,,,,,3,2,1,2,6
202000000991,2020-06-24 14:55:00,2020,6,24,14,55,92,92009,GENERAL LECLERC ( RUE DU ),48.913836,2.271803,Plein jour,En agglomération,Hors intersection,Normale,Autre collision,3,-1,1,0,1,1,1,0,1,50,1,2,1,0,0,1,60.0,,voiture,,1,2,1,1,6
202000000992,2020-11-30 17:20:00,2020,11,30,17,20,75,75120,BOULEVARD PERIPHERIQUE,48.873965,2.411229,Nuit avec éclairage allumé,En agglomération,Hors intersection,Normale,Deux véhicules - arrière,4,1,4,0,1,1,1,1,1,70,2,2,1,0,0,1,31.0,52.0,voiture,deux_roues,5,2,1,1,2
202000000993,2020-11-30 21:00:00,2020,11,30,21,0,75,75120,RUE DES PYRENEES,48.871021,2.393135,Nuit avec éclairage allumé,En agglomération,Intersection en Y,Normale,Deux véhicules - côté,4,2,2,0,2,1,1,0,1,50,2,1,0,0,0,1,43.0,,deux_roues,,5,2,4,1,3
202000000994,2020-11-30 16:55:00,2020,11,30,16,55,75,75119,ROUTE DES PETITS PONTS,48.8917,2.398407,Plein jour,En agglomération,Hors intersection,Normale,Deux véhicules - côté,4,2,2,0,1,1,1,0,1,50,2,2,1,0,0,1,29.0,21.0,deux_roues,voiture,1,2,1,1,3
202000000995,2020-11-30 08:23:00,2020,11,30,8,23,75,75119,AVENUE DE FLANDRE,48.887773,2.373025,Plein jour,En agglomération,Intersection en T,Normale,Autre collision,4,3,3,3,1,1,1,-1,6,50,1,2,1,0,0,1,46.0,,deux_roues,,1,2,3,1,6
202000000996,2020-11-30 09:05:00,2020,11,30,9,5,75,75118,AVENUE DE LA PORTE DE LA CHAPELLE,48.899491,2.359386,Plein jour,En agglomération,Intersection en Y,Normale,Deux véhicules - arrière,4,2,4,0,1,1,1,0,1,50,2,2,1,0,0,1,38.0,43.0,voiture,deux_roues,1,2,4,1,2
202000000997,2020-11-30 17:50:00,2020,11,30,17,50,75,75116,QUAI LOUIS BLERIOT,48.850704,2.277907,Nuit avec éclairage allumé,En agglomération,Intersection en X,Normale,Deux véhicules - côté,4,2,2,0,1,1,1,0,1,30,2,3,2,0,0,1,49.0,33.0,deux_roues,voiture,5,2,2,1,3
202000000998,2020-11-30 17:15:00,2020,11,30,17,15,75,75116,PLACE DU TROCADERO ET DU 11 NOVEMBRE,48.862984,2.287901,Crépuscule ou aube,En agglomération,Place,Normale,Deux véhicules - côté,4,1,4,0,1,1,1,0,1,50,2,2,1,0,0,1,74.0,54.0,voiture,deux_roues,2,2,7,1,3
202000000999,2020-11-29 17:10:00,2020,11,29,17,10,75,75115,RUE DE LA CONVENTION,48.838948,2.292627,Nuit sans éclairage public,En agglomération,Hors intersection,Normale,Deux véhicules - côté,4,2,2,0,1,1,1,0,1,50,2,3,1,0,0,2,24.0,30.0,deux_roues,utilitaire_camion,3,2,1,1,3
202000001000,2020-11-30 11:10:00,2020,11,30,11,10,75,75113,RUE PASCAL,48.834912,2.347968,Plein jour,En agglomération,Intersection en T,Normale,Deux véhicules - côté,4,2,2,1,1,1,1,-1,5,50,2,2,1,0,0,1,51.0,32.0,utilitaire_camion,deux_roues,1,2,3,1,3
202000001001,2020-11-30 10:25:00,2020,11,30,10,25,75,75113,BOULEVARD DE L HOPITAL,48.835691,2.358648,Plein jour,En agglomération,Intersection en Y,Normale,Deux véhicules - côté,4,2,3,0,1,1,1,0,1,50,2,2,1,0,0,1,37.0,36.0,deux_roues,voiture,1,2,4,1,3
202000001002,2020-11-30 21:00:00,2020,11,30,21,0,75,75112,ROUTE DE LA PYRAMIDE,48.837733,2.439969,Nuit avec éclairage allumé,En agglomération,Hors intersection,Normale,Trois véhicules et plus - en chaîne,4,2,2,0,1,1,1,0,1,50,3,4,1,0,1,2,39.0,42.0,voiture,voiture,5,2,1,1,4
202000001003,2020-11-30 05:45:00,2020,11,30,5,45,75,75110,RUE LA FAYETTE,48.882551,2.370212,Nuit avec éclairage allumé,En agglomération,Intersection en X,Normale,Deux véhicules - côté,4,2,4,0,1,1,1,0,1,50,2,2,1,0,0,1,50.0,39.0,transport_commun,utilitaire_camion,5,2,2,1,3
202000001004,2020-11-30 18:38:00,2020,11,30,18,38,75,75108,RUE SAINT LAZARE,48.875416,2.325415,Nuit avec éclairage allumé,En agglomération,Hors intersection,Normale,Deux véhicules - côté,4,2,5,1,1,1,1,-1,5,50,2,2,1,0,0,1,62.0,17.0,voiture,deux_roues,5,2,1,1,3
202000001005,2020-11-29 23:10:00,2020,11,29,23,10,75,75102,BOULEVARD DE BONNE NOUVELLE,48.870148,2.350486,Nuit sans éclairage public,En agglomération,Intersection en T,Normale,Deux véhicules - côté,4,2,2,0,1,1,1,0,1,40,2,2,1,0,0,1,54.0,22.0,voiture,deux_roues,3,2,3,1,3