accident_id,datetime,annee,mois,jour,heure,minute,departement,commune_insee,adresse,latitude,longitude,luminosite,agglomeration,intersection,meteo,collision,catr,circ,nbv,vosp,prof,plan,surf,infra,situ,vma,nb_vehicules,nb_usagers,nb_indemnes,nb_tues,nb_blesses_hosp,nb_blesses_legers,age_cond_1,age_cond_2,veh_type_cond_1,veh_type_cond_2,lum_code,agg_code,int_code,atm_code,col_code
202000001006,2020-11-30 11:20:00,2020,11,30,11,20,94,94003,ARISTIDE BRIAND (AV),48.81057,2.32683,Plein jour,En agglomération,Hors intersection,Normale,Deux véhicules - arrière,3,3,8,0,1,1,1,5,1,50,2,3,2,0,0,1,58.0,39.0,utilitaire_camion,voiture,1,2,1,1,2
202000001007,2020-11-30 10:05:00,2020,11,30,10,5,94,94076,VERDUN (R DE),48.79,2.35,Plein jour,En agglomération,Hors intersection,Normale,Deux véhicules - côté,4,2,1,0,1,1,1,0,1,50,2,2,1,0,0,1,37.0,41.0,voiture,deux_roues,1,2,1,1,3
202000001008,2020-11-30 18:30:00,2020,11,30,18,30,94,94041,HOCHE (R),48.81206,2.37167,Nuit avec éclairage allumé,En agglomération,Hors intersection,Normale,Deux véhicules - côté,4,2,2,0,1,1,1,0,1,50,2,2,1,0,0,1,12.0,31.0,deux_roues,voiture,5,2,1,1,3
202000001009,2020-11-30 10:58:00,2020,11,30,10,58,94,94041,COLONEL FABIEN - PONT D'IVRY (BD DU),48.81453,2.40717,Plein jour,En agglomération,Intersection en T,Normale,Deux véhicules - côté,3,2,3,0,1,1,1,0,1,50,2,2,1,0,0,1,20.0,28.0,voiture,deux_roues,1,2,3,1,3
202000001010,2020-11-30 10:45:00,2020,11,30,10,45,94,94021,GEORGES GUYNEMER (AV),48.76472,2.3383,Plein jour,En agglomération,Autre intersection,Normale,Autre collision,6,-1,0,0,2,1,1,0,1,10,1,2,1,0,0,1,50.0,,voiture,,1,2,9,1,6
202000001011,2020-11-30 11:35:00,2020,11,30,11,35,93,93073,CHAPIT RE ( RUE DU),48.98349,2.54122,Plein jour,En agglomération,Hors intersection,Normale,Deux véhicules - côté,9,1,4,0,1,1,1,0,1,50,2,2,1,0,0,1,25.0,50.0,voiture,utilitaire_camion,1,2,1,1,3
202000001012,2020-11-30 07:45:00,2020,11,30,7,45,93,93072,STALINGRAD (AVENUE) DES N°2 AU N°100,48.9499661,2.3863748,Plein jour,En agglomération,Hors intersection,Normale,Autre collision,3,3,4,0,1,1,1,0,1,50,1,1,0,0,0,1,18.0,,voiture,,1,2,1,1,6
202000001013,2020-11-30 13:50:00,2020,11,30,13,50,93,93047,R DES JARDINS,48.8992657,2.5749103,Plein jour,En agglomération,Hors intersection,Normale,Autre collision,4,2,2,0,1,1,1,0,1,30,1,2,1,0,0,1,48.0,,transport_commun,,1,2,1,1,6
202000001014,2020-11-30 08:25:00,2020,11,30,8,25,93,93014,GAGNY (ALLEE DE),48.9025667,2.5475597,Plein jour,Hors agglomération,Hors intersection,Normale,Autre collision,3,3,2,2,1,1,1,0,1,30,1,3,1,0,0,2,51.0,,utilitaire_camion,,1,1,1,1,6
202000001015,2020-11-30 14:30:00,2020,11,30,14,30,93,93010,GALLIENI (AV.) DE 177 A 211,48.90697,2.48695,Plein jour,En agglomération,Hors intersection,Normale,Autre collision,3,2,6,0,1,1,1,0,1,50,1,1,0,0,0,1,42.0,,voiture,,1,2,1,1,6
202000001016,2020-11-30 22:30:00,2020,11,30,22,30,93,93007,"""MEYERBEER (RUE """"COTE IMPAIRS"""")""",48.9378947,2.4638225,Nuit avec éclairage allumé,En agglomération,Hors intersection,Pluie légère,,4,1,1,0,1,1,2,0,1,50,2,1,0,0,0,1,25.0,,deux_roues,,5,2,1,2,-1
202000001017,2020-11-30 11:40:00,2020,11,30,11,40,93,93001,FERRAGUS (RUE)  => 5/6,48.9140486,2.3811626,Plein jour,En agglomération,Hors intersection,Normale,Autre collision,4,1,2,0,1,1,1,0,1,10,1,2,1,0,0,1,51.0,,voiture,,1,2,1,1,6
202000001018,2020-11-30 17:40:00,2020,11,30,17,40,22,22304,kerpierres,48.553049,-3.020575,Nuit sans éclairage public,Hors agglomération,Hors intersection,Temps couvert,Sans collision,3,2,2,0,3,3,1,0,1,80,1,1,0,0,1,0,15.0,,deux_roues,,3,1,1,8,7
202000001019,2020-12-01 14:20:00,2020,12,1,14,20,68,68112,D430,47.903516,7.222143,Plein jour,En agglomération,Intersection en X,Temps couvert,Deux véhicules - arrière,3,2,2,0,1,3,2,5,1,50,2,2,1,0,0,1,52.0,31.0,voiture,voiture,1,2,2,8,2
202000001020,2020-12-01 07:40:00,2020,12,1,7,40,58,58227,La Chapelle,47.534603,3.037001,Crépuscule ou aube,En agglomération,Hors intersection,Normale,Deux véhicules - frontale,3,2,2,0,1,2,2,0,1,50,2,2,1,0,1,0,19.0,47.0,deux_roues,voiture,2,2,1,1,1
202000001021,2020-11-30 06:30:00,2020,11,30,6,30,44,44129,N165 PK 49+000,47.445715,-2.086823,Nuit sans éclairage public,Hors agglomération,Hors intersection,Temps couvert,Sans collision,2,3,4,0,1,1,1,0,1,110,1,1,0,0,0,1,43.0,,deux_roues,,3,1,1,8,7
202000001022,2020-11-30 17:15:00,2020,11,30,17,15,33,33290,Route de Libourne,44.930301,-0.133504,Plein jour,En agglomération,Intersection en X,Normale,Deux véhicules - frontale,3,2,2,0,2,1,1,0,1,-1,2,2,1,0,1,0,63.0,18.0,utilitaire_camion,deux_roues,1,2,2,1,1
202000001023,2020-11-30 10:00:00,2020,11,30,10,0,69,69248,"D8 E, Lieud dit: Le pont Gauthier, Mardore",46.062839,4.331145,Plein jour,Hors agglomération,Hors intersection,Pluie légère,Sans collision,3,2,2,0,1,3,2,0,3,80,1,2,0,0,1,1,36.0,,voiture,,1,1,1,2,7
202000001024,2020-11-28 16:15:00,2020,11,28,16,15,89,89419,32 Boulevard Pierre Larousse,47.734225,3.29781,Plein jour,En agglomération,Hors intersection,Normale,Deux véhicules - arrière,3,2,2,0,1,1,1,9,1,30,2,2,1,0,1,0,40.0,65.0,voiture,deux_roues,1,2,1,1,2
202000001025,2020-11-30 20:07:00,2020,11,30,20,7,55,55166,D34,49.089972,5.394416,Nuit sans éclairage public,Hors agglomération,Hors intersection,Pluie légère,Sans collision,3,2,2,0,1,2,7,0,3,80,1,1,0,0,1,0,28.0,,voiture,,3,1,1,2,7
202000001026,2020-12-01 07:00:00,2020,12,1,7,0,25,25489,Route de Bolandoz,47.010167,6.136782,Crépuscule ou aube,Hors agglomération,Hors intersection,Neige / grêle,Deux véhicules - frontale,3,2,2,0,2,3,7,0,1,80,2,3,1,0,1,1,48.0,19.0,voiture,voiture,2,1,1,4,1
202000001027,2020-11-29 20:45:00,2020,11,29,20,45,35,35133,Le Bruchet,48.154203,-2.013876,Nuit sans éclairage public,Hors agglomération,Intersection en X,Normale,Deux véhicules - côté,3,2,2,0,1,1,1,5,1,80,2,3,0,0,1,2,21.0,51.0,voiture,voiture,3,1,2,1,3
202000001028,2020-12-01 09:30:00,2020,12,1,9,30,31,31135,Rue du 4 Septembre,43.205418,1.085227,Plein jour,En agglomération,Intersection en X,Normale,,4,1,1,0,1,1,2,0,1,50,2,3,2,0,1,0,17.0,74.0,voiture,deux_roues,1,2,2,1,-1
202000001029,2020-11-30 22:25:00,2020,11,30,22,25,58,58250,Route de la Machine,46.854571,3.456295,Nuit sans éclairage public,Hors agglomération,Hors intersection,Normale,Autre collision,3,2,2,0,1,1,1,0,8,80,1,4,2,0,1,1,19.0,,voiture,,3,1,1,1,6
202000001030,2020-11-28 10:20:00,2020,11,28,10,20,72,72172,33 Rue des Vignes,48.069438,0.587618,Plein jour,En agglomération,Hors intersection,Temps éblouissant,Deux véhicules - côté,3,2,2,0,4,1,1,0,1,50,2,2,1,0,1,0,23.0,64.0,voiture,deux_roues,1,2,1,7,3
202000001031,2020-12-01 07:15:00,2020,12,1,7,15,14,14472,D39,48.956996,0.049739,Nuit sans éclairage public,Hors agglomération,Hors intersection,Normale,Sans collision,3,2,2,0,2,1,1,0,3,80,1,1,0,0,1,0,32.0,,deux_roues,,3,1,1,1,7
202000001032,2020-12-01 09:00:00,2020,12,1,9,0,50,50412,Rue de la Graye,49.33496,-1.694899,Crépuscule ou aube,En agglomération,Intersection en T,Normale,Autre collision,4,2,1,0,1,1,1,0,1,50,1,2,1,1,0,0,55.0,,voiture,,2,2,3,1,6
202000001033,2020-12-01 11:43:00,2020,12,1,11,43,50,50410,Route nationale 175,48.570211,-1.464701,Plein jour,Hors agglomération,Hors intersection,Normale,Deux véhicules - arrière,2,3,4,0,1,1,1,0,1,110,2,2,1,0,1,0,24.0,62.0,utilitaire_camion,voiture,1,1,1,1,2
202000001034,2020-12-01 09:15:00,2020,12,1,9,15,60,60497,"RD 938, PK 18.350",49.494988,2.32378,Plein jour,Hors agglomération,Hors intersection,Normale,Sans collision,3,2,2,0,1,1,1,0,3,80,1,1,0,0,1,0,27.0,,utilitaire_camion,,1,1,1,1,7
202000001035,2020-11-30 15:50:00,2020,11,30,15,50,36,36037,16 Rue de la Mairie,46.941185,1.801801,Crépuscule ou aube,En agglomération,Hors intersection,Normale,Autre collision,3,2,2,0,1,1,1,0,1,50,1,2,1,0,1,0,56.0,,voiture,,2,2,1,1,6
202000001036,2020-11-30 21:30:00,2020,11,30,21,30,24,24352,Route de Perigueux,45.252527,0.348816,Nuit avec éclairage allumé,En agglomération,Autre intersection,Normale,Autre collision,3,2,2,0,1,3,1,0,3,50,1,1,0,0,1,0,28.0,,voiture,,5,2,9,1,6
202000001037,2020-11-30 17:15:00,2020,11,30,17,15,04,04079,Rue de la grande fontaine,44.085211,6.025105,Crépuscule ou aube,En agglomération,Hors intersection,Normale,Autre collision,4,2,2,0,1,1,1,0,1,50,1,2,1,0,0,1,52.0,,voiture,,2,2,1,1,6
202000001038,2020-11-30 11:50:00,2020,11,30,11,50,28,28280,Rue Abbé Beulé,48.321635,0.81817,Crépuscule ou aube,En agglomération,Hors intersection,Normale,Deux véhicules - frontale,4,2,2,0,1,1,1,0,1,50,2,2,1,0,1,0,27.0,49.0,voiture,deux_roues,2,2,1,1,1
202000001039,2020-11-30 19:20:00,2020,11,30,19,20,28,28324,D24,48.484994,1.28929,Nuit sans éclairage public,Hors agglomération,Hors intersection,Normale,Deux véhicules - côté,3,2,2,0,1,1,1,0,1,80,2,2,1,0,1,0,62.0,27.0,deux_roues,voiture,3,1,1,1,3
202000001040,2020-12-01 10:50:00,2020,12,1,10,50,17,17218,Place de la république,46.31143,-0.99511,Plein jour,En agglomération,Place,Normale,Autre collision,4,2,2,0,1,1,1,0,1,50,1,1,0,1,0,0,76.0,,voiture,,1,2,7,1,6
202000001041,2020-11-30 01:00:00,2020,11,30,1,0,24,24035,Le Moulin de Lastours,44.758969,1.016085,Nuit sans éclairage public,Hors agglomération,Hors intersection,Normale,Autre collision,3,2,2,0,1,2,1,0,1,80,1,1,0,0,1,0,21.0,,voiture,,3,1,1,1,6
202000001042,2020-11-25 08:30:00,2020,11,25,8,30,987,98738,Route de Punavai Montagne,-17.618416,-149.570803,Plein jour,Hors agglomération,Hors intersection,Pluie forte,,4,2,2,0,2,1,2,0,3,40,2,2,1,0,1,0,47.0,34.0,utilitaire_camion,utilitaire_camion,1,1,1,3,-1
202000001043,2020-11-30 17:10:00,2020,11,30,17,10,06,06088,A8 - PK 199+930 NORD,43.733554,7.283399,Nuit avec éclairage allumé,Hors agglomération,Hors intersection,Normale,Deux véhicules - côté,1,3,4,0,4,2,1,1,1,90,2,2,1,0,0,1,53.0,32.0,utilitaire_camion,voiture,5,1,1,1,3
202000001044,2020-12-01 08:30:00,2020,12,1,8,30,25,25320,D9,46.778479,6.306581,Plein jour,Hors agglomération,Hors intersection,Neige / grêle,Sans collision,3,2,2,0,2,2,5,0,3,80,1,31,27,0,2,2,65.0,,transport_commun,,1,1,1,4,7
202000001045,2020-11-28 16:10:00,2020,11,28,16,10,974,97422,Rue Jean de Fos du Rau,-21.228059,55.551213,Plein jour,En agglomération,Intersection en T,Normale,Deux véhicules - frontale,2,2,2,0,2,4,1,0,1,50,2,2,1,0,1,0,36.0,17.0,voiture,deux_roues,1,2,3,1,1
202000001046,2020-11-07 18:00:00,2020,11,7,18,0,972,97228,Bon Air,14.748043,-61.004323,Nuit sans éclairage public,Hors agglomération,Hors intersection,Temps couvert,,3,2,2,0,2,1,2,0,1,50,2,2,1,0,1,0,30.0,22.0,voiture,deux_roues,3,1,1,8,-1
202000001047,2020-11-30 17:30:00,2020,11,30,17,30,33,33085,Route de Creon,44.76932,-0.44662,Crépuscule ou aube,Hors agglomération,Intersection en T,Normale,Deux véhicules - frontale,3,2,2,0,1,1,1,0,1,80,2,3,0,0,0,3,46.0,59.0,utilitaire_camion,voiture,2,1,3,1,1
202000001048,2020-11-23 19:25:00,2020,11,23,19,25,84,84092,D28,43.952722,4.866981,Nuit sans éclairage public,En agglomération,Hors intersection,Normale,Deux véhicules - frontale,3,2,2,0,1,1,1,0,1,80,2,2,1,0,0,1,74.0,53.0,voiture,voiture,3,2,1,1,1
202000001049,2020-11-30 17:55:00,2020,11,30,17,55,13,13107,CD6,43.425722,5.444762,Nuit sans éclairage public,Hors agglomération,Hors intersection,Normale,Deux véhicules - arrière,3,3,4,0,1,1,1,0,1,110,2,2,1,0,1,0,29.0,31.0,voiture,deux_roues,3,1,1,1,2
202000001050,2020-11-30 08:30:00,2020,11,30,8,30,89,89257,D377,47.956784,3.505052,Crépuscule ou aube,En agglomération,Intersection en T,Normale,Deux véhicules - côté,3,2,2,0,2,1,1,0,1,-1,2,6,5,0,0,1,51.0,53.0,voiture,voiture,2,2,3,1,3
202000001051,2020-11-30 17:15:00,2020,11,30,17,15,73,73068,RD 1006 et D204,45.562171,6.205924,Crépuscule ou aube,Hors agglomération,Intersection en X,Normale,Deux véhicules - côté,3,2,2,0,1,1,1,5,1,70,2,2,1,0,1,0,54.0,57.0,voiture,voiture,2,1,2,1,3
202000001052,2020-11-30 08:00:00,2020,11,30,8,0,44,44201,la marvilliere,47.326672,-1.537131,Plein jour,Hors agglomération,Hors intersection,Normale,Sans collision,3,2,2,0,1,1,1,0,3,80,1,1,0,0,1,0,24.0,,deux_roues,,1,1,1,1,7
202000001053,2020-11-28 10:19:00,2020,11,28,10,19,01,01224,Rue du Bugey,45.774737,5.206516,Plein jour,En agglomération,Hors intersection,Normale,Autre collision,3,2,2,0,1,1,1,9,1,50,1,2,1,0,0,1,27.0,,voiture,,1,2,1,1,6
202000001054,2020-12-01 17:35:00,2020,12,1,17,35,17,17395,N141,45.725446,-0.502732,Nuit sans éclairage public,Hors agglomération,Hors intersection,Normale,Trois véhicules et plus - en chaîne,2,2,2,0,1,1,1,0,1,80,3,3,2,1,0,0,46.0,28.0,voiture,voiture,3,1,1,1,4
202000001055,2020-11-27 14:38:00,2020,11,27,14,38,17,17240,11 Rue du Bois des Granges,45.288886,-0.408425,Plein jour,En agglomération,Hors intersection,Normale,Autre collision,4,2,2,0,2,3,1,0,4,50,1,1,0,0,1,0,40.0,,deux_roues,,1,2,1,1,6
202000001056,2020-11-27 08:40:00,2020,11,27,8,40,33,33165,97 Avenue de l'Entre 2 Mers,44.825456,-0.437662,Plein jour,En agglomération,Intersection en T,Normale,Deux véhicules - frontale,3,2,2,0,1,1,1,0,1,50,2,2,1,0,0,1,36.0,29.0,voiture,deux_roues,1,2,3,1,1
202000001057,2020-11-10 06:35:00,2020,11,10,6,35,44,44073,Sainte Anne,47.427517,-1.602298,Nuit sans éclairage public,Hors agglomération,Intersection en X,Pluie légère,Deux véhicules - côté,3,2,2,0,1,1,2,5,1,80,2,2,1,0,1,0,59.0,23.0,deux_roues,voiture,3,1,2,2,3
202000001058,2020-12-01 17:15:00,2020,12,1,17,15,27,27279,Route départementale 7,49.117587,1.60004,Nuit sans éclairage public,Hors agglomération,Hors intersection,Normale,Sans collision,3,2,2,0,1,3,1,0,8,80,1,1,0,0,0,1,19.0,,utilitaire_camion,,3,1,1,1,7
202000001059,2020-12-01 07:20:00,2020,12,1,7,20,59,59471,Route d'Aulnoy cd 73,50.319134,3.567252,Crépuscule ou aube,Hors agglomération,Hors intersection,Pluie légère,Deux véhicules - frontale,3,2,2,0,2,1,2,0,1,70,2,2,0,0,0,2,42.0,37.0,voiture,voiture,2,1,1,2,1
202000001060,2020-11-30 16:10:00,2020,11,30,16,10,13,13005,A50-Sens Aubagne vers Marseille,43.28453,5.57228,Plein jour,Hors agglomération,Hors intersection,Normale,Autre collision,1,3,2,0,2,1,1,0,1,90,1,1,0,0,0,1,49.0,,voiture,,1,1,1,1,6
202000001061,2020-11-30 10:00:00,2020,11,30,10,0,13,13056,A55-Sens Martigues vers Marseille,43.3969405,5.0710702,Plein jour,Hors agglomération,Hors intersection,Normale,Sans collision,1,1,2,0,1,1,1,0,1,90,1,2,0,0,0,2,20.0,,voiture,,1,1,1,1,7
202000001062,2020-11-30 07:40:00,2020,11,30,7,40,33,33448,AUTOROUTE A 62,44.70039,-0.50172,Nuit sans éclairage public,Hors agglomération,Hors intersection,Normale,Deux véhicules - arrière,1,3,4,0,1,1,1,0,1,130,2,2,1,0,0,1,61.0,51.0,voiture,utilitaire_camion,3,1,1,1,2
202000001063,2020-11-30 12:25:00,2020,11,30,12,25,91,91235,RN 104,48.6242,2.367,Plein jour,Hors agglomération,Hors intersection,Normale,Sans collision,2,1,1,0,1,1,1,0,1,50,1,1,0,0,0,1,21.0,,voiture,,1,1,1,1,7
202000001064,2020-11-30 07:55:00,2020,11,30,7,55,91,91553,RN 104,48.6285,2.4804,Nuit sans éclairage public,Hors agglomération,Hors intersection,Normale,Deux véhicules - côté,2,-1,7,0,2,1,1,0,1,90,2,2,1,0,0,1,40.0,62.0,voiture,utilitaire_camion,3,1,1,1,3
202000001065,2020-11-30 06:25:00,2020,11,30,6,25,91,91064,RN 118,48.749,2.1857,Nuit sans éclairage public,Hors agglomération,Hors intersection,Normale,Sans collision,2,3,4,0,4,2,9,0,1,90,1,2,1,0,0,1,55.0,,voiture,,3,1,1,1,7
202000001066,2020-11-30 17:40:00,2020,11,30,17,40,92,92050,A86,48.905219,2.208756,Nuit avec éclairage allumé,Hors agglomération,Hors intersection,Normale,Trois véhicules et plus - en chaîne,1,3,8,0,1,1,1,1,1,90,3,3,2,0,0,1,40.0,24.0,voiture,voiture,5,1,1,1,4
202000001067,2020-11-30 12:15:00,2020,11,30,12,15,92,92064,A13,48.8395693,2.2020815,Plein jour,Hors agglomération,Hors intersection,Normale,Deux véhicules - arrière,1,3,4,0,1,1,1,0,1,70,2,3,1,0,0,2,42.0,25.0,voiture,voiture,1,1,1,1,2
202000001068,2020-02-25 13:50:00,2020,2,25,13,50,50,50602,EST (BOULEVARD DE L'),49.63513,-1.58638,Plein jour,Hors agglomération,Intersection en X,Pluie légère,Trois véhicules et plus - en chaîne,3,2,5,0,1,1,2,0,1,70,3,3,1,0,0,2,41.0,20.0,voiture,voiture,1,1,2,2,4
202000001069,2020-03-05 05:52:00,2020,3,5,5,52,49,49007,DUNANT BOULEVARD,47.48772,-0.54109,Nuit sans éclairage public,En agglomération,Hors intersection,Pluie forte,Trois véhicules et plus - en chaîne,4,2,2,0,1,1,2,0,1,60,3,3,2,0,0,1,63.0,54.0,voiture,voiture,3,2,1,3,4
202000001070,2020-03-05 13:55:00,2020,3,5,13,55,49,49267,MONTAIGNE AVENUE,47.46641,-0.51594,Plein jour,En agglomération,Hors intersection,Pluie forte,Sans collision,4,2,2,0,1,1,2,0,1,60,1,1,0,0,0,1,26.0,,voiture,,1,2,1,3,7
202000001071,2020-03-02 14:57:00,2020,3,2,14,57,49,49007,GALLIENI BOULEVARD,47.48617,-0.52985,Plein jour,En agglomération,Hors intersection,Normale,Sans collision,4,2,2,0,1,1,2,0,1,50,1,1,0,0,1,0,18.0,,deux_roues,,1,2,1,1,7
202000001072,2020-03-06 07:30:00,2020,3,6,7,30,45,45234,Rue du Nécotin - Rue des Prateaux,47.9277,1.93773,Crépuscule ou aube,En agglomération,Giratoire,Temps éblouissant,Deux véhicules - côté,4,2,2,0,1,2,1,0,1,50,2,2,1,0,0,1,53.0,50.0,voiture,deux_roues,2,2,6,7,3
202000001073,2020-03-05 13:05:00,2020,3,5,13,5,44,44184,RD 92,47.256504,-2.25825,Plein jour,En agglomération,Hors intersection,Normale,Autre collision,4,2,2,3,1,1,1,9,1,30,1,2,1,0,0,1,72.0,,voiture,,1,2,1,1,6
202000001074,2020-03-05 12:20:00,2020,3,5,12,20,44,44184,D537,47.281481,-2.228816,Plein jour,Hors agglomération,Intersection en X,Pluie légère,Deux véhicules - côté,4,2,2,0,1,2,2,0,1,50,2,2,1,0,0,1,19.0,16.0,voiture,deux_roues,1,1,2,2,3
202000001075,2020-03-05 20:40:00,2020,3,5,20,40,38,38563,Cours Senozan,45.36529,5.59094,Nuit avec éclairage allumé,En agglomération,Hors intersection,Pluie légère,,3,1,2,0,2,3,2,0,1,50,2,3,2,0,0,1,27.0,46.0,voiture,voiture,5,2,1,2,-1
202000001076,2020-03-06 16:25:00,2020,3,6,16,25,37,37261,WAGNER (BOULEVARD RICHARD),47.3743879,0.7043285,Plein jour,En agglomération,Hors intersection,Normale,Trois véhicules et plus - en chaîne,3,3,4,0,1,1,1,0,1,50,3,4,3,0,0,1,26.0,26.0,voiture,voiture,1,2,1,1,4
202000001077,2020-03-06 16:29:00,2020,3,6,16,29,35,35238,VILLEBOIS MAREUIL (BD),48.10998,-1.65507,Plein jour,En agglomération,Hors intersection,Pluie légère,Sans collision,4,2,2,0,1,1,2,0,1,50,1,1,0,0,0,1,51.0,,deux_roues,,1,2,1,2,7
202000001078,2020-03-06 07:55:00,2020,3,6,7,55,35,35238,DONZELOT (AVENUE PIERRE),48.12338,-1.63958,Plein jour,En agglomération,Hors intersection,Pluie légère,Deux véhicules - côté,4,2,2,0,1,1,2,0,1,50,2,2,1,0,0,1,20.0,19.0,deux_roues,deux_roues,1,2,1,2,3
202000001079,2020-03-06 05:20:00,2020,3,6,5,20,35,35238,VERN (DE),48.09465,-1.64977,Nuit avec éclairage allumé,En agglomération,Hors intersection,Temps couvert,Autre collision,4,2,2,2,1,1,2,9,1,50,1,4,2,0,0,2,,,,,5,2,1,8,6
202000001080,2020-03-06 06:15:00,2020,3,6,6,15,35,35238,RD 837,48.0922,-1.62862,Plein jour,En agglomération,Hors intersection,Normale,Deux véhicules - côté,4,3,4,1,1,1,2,0,1,50,2,2,1,0,0,1,25.0,21.0,voiture,voiture,1,2,1,1,3
202000001081,2020-03-06 01:45:00,2020,3,6,1,45,35,35238,GUEHENNO (JEAN),48.11823,-1.6709,Nuit avec éclairage allumé,En agglomération,Hors intersection,Normale,Deux véhicules - arrière,4,2,1,0,1,1,1,0,1,50,2,2,1,0,0,1,23.0,28.0,deux_roues,voiture,5,2,1,1,2
202000001082,2020-01-08 09:30:00,2020,1,8,9,30,35,35238,7 rue VANEAU,48.1086159,-1.6929775,Plein jour,En agglomération,Intersection en X,Pluie légère,Autre collision,4,2,3,2,1,1,2,5,1,30,1,2,1,0,0,1,83.0,,voiture,,1,2,2,2,6
202000001083,2020-03-04 23:10:00,2020,3,4,23,10,34,34172,DUBOUT (AVENUE ALBERT),43.59695,3.88057,Nuit avec éclairage allumé,En agglomération,Intersection à plus de 4 branches,Normale,Deux véhicules - arrière,4,4,2,0,1,1,1,5,1,50,2,2,1,0,0,1,25.0,24.0,deux_roues,voiture,5,2,5,1,2
202000001084,2020-03-06 09:50:00,2020,3,6,9,50,33,33063,Rue de la Motte Picquet,44.87329,-0.56068,Plein jour,En agglomération,Hors intersection,Pluie forte,Deux véhicules - arrière,4,2,1,0,1,1,2,0,1,50,2,2,1,0,0,1,40.0,62.0,utilitaire_camion,deux_roues,1,2,1,3,2
202000001085,2020-03-06 08:55:00,2020,3,6,8,55,31,31555,VA007331 A620,43.59314,1.39831,Plein jour,Hors agglomération,Hors intersection,Pluie légère,Trois véhicules et plus - collisions multiples,1,3,3,0,1,1,2,0,1,90,3,3,2,0,0,1,24.0,31.0,deux_roues,voiture,1,1,1,2,5
202000001086,2020-03-05 16:00:00,2020,3,5,16,0,31,31149,ALLEE DE BRESSE,43.62104,1.33023,Plein jour,En agglomération,Hors intersection,Pluie légère,Deux véhicules - côté,4,2,2,0,1,1,2,0,1,50,2,2,1,0,0,1,25.0,26.0,voiture,deux_roues,1,2,1,2,3
202000001087,2020-03-04 14:45:00,2020,3,4,14,45,31,31555,RD916,43.5579,1.49461,Plein jour,Hors agglomération,Hors intersection,Pluie légère,Autre collision,3,1,0,0,2,2,2,0,1,50,1,1,0,0,1,0,29.0,,deux_roues,,1,1,1,2,6
202000001088,2020-03-06 08:45:00,2020,3,6,8,45,29,29051,Rue du Cimetiere,47.9953,-4.03328,Plein jour,Hors agglomération,Hors intersection,Pluie légère,Autre collision,4,2,1,0,2,4,2,0,3,70,1,1,0,0,0,1,59.0,,voiture,,1,1,1,2,6
202000001089,2020-03-05 17:10:00,2020,3,5,17,10,29,29232,Route de Cuzon,48.01297,-4.076,Plein jour,Hors agglomération,Hors intersection,Normale,Deux véhicules - arrière,4,2,2,0,2,1,1,0,1,50,2,2,1,0,0,1,58.0,19.0,voiture,voiture,1,1,1,1,2
202000001090,2020-03-06 13:25:00,2020,3,6,13,25,29,29019,Rue de Tréornou,48.4111502,-4.4996327,Plein jour,En agglomération,Intersection en T,Normale,Trois véhicules et plus - collisions multiples,4,-1,2,0,1,1,1,5,1,50,3,3,1,0,0,2,36.0,54.0,voiture,voiture,1,2,3,1,5
202000001091,2020-03-05 08:15:00,2020,3,5,8,15,29,29019,Avenue Georges Pompidou,48.413884,-4.4796002,Plein jour,En agglomération,Giratoire,Normale,Trois véhicules et plus - collisions multiples,4,1,2,0,2,1,2,5,1,50,3,3,2,0,0,1,31.0,38.0,voiture,voiture,1,2,6,1,5
202000001092,2020-03-06 11:30:00,2020,3,6,11,30,27,27681,IVRY (ROUTE D'),49.07947,1.47548,Plein jour,En agglomération,Autre intersection,Normale,Deux véhicules - arrière,4,2,2,0,1,1,1,0,1,50,2,2,1,0,0,1,74.0,50.0,voiture,voiture,1,2,9,1,2
202000001093,2020-03-06 18:10:00,2020,3,6,18,10,25,25634,R-N 57.,46.93428,6.34292,Crépuscule ou aube,Hors agglomération,Hors intersection,Normale,Deux véhicules - frontale,2,2,2,0,1,2,1,0,1,80,2,2,1,0,0,1,22.0,44.0,voiture,utilitaire_camion,2,1,1,1,1
202000001094,2020-03-05 13:50:00,2020,3,5,13,50,22,22278,BEAUVALLON (ALL. DE),48.5031,-2.754215,Plein jour,En agglomération,Hors intersection,Normale,Sans collision,4,2,2,0,1,1,2,0,1,50,1,1,0,0,1,0,69.0,,voiture,,1,2,1,1,7
202000001095,2020-03-06 21:45:00,2020,3,6,21,45,14,14118,DETOLLE (BOULEVARD ANDRE),49.178875,-0.388834,Nuit avec éclairage allumé,Hors agglomération,Hors intersection,Normale,Deux véhicules - arrière,4,-1,4,0,1,1,1,0,1,50,2,2,0,0,0,2,25.0,51.0,deux_roues,deux_roues,5,1,1,1,2
202000001096,2020-03-06 14:45:00,2020,3,6,14,45,14,14118,MONNET (AVENUE JEAN),49.2026703,-0.3856617,Plein jour,En agglomération,Hors intersection,Normale,Autre collision,4,2,2,0,1,1,1,0,1,50,1,2,1,0,1,0,34.0,,voiture,,1,2,1,1,6