accident_id,datetime,annee,mois,jour,heure,minute,departement,commune_insee,adresse,latitude,longitude,luminosite,agglomeration,intersection,meteo,collision,catr,circ,nbv,vosp,prof,plan,surf,infra,situ,vma,nb_vehicules,nb_usagers,nb_indemnes,nb_tues,nb_blesses_hosp,nb_blesses_legers,age_cond_1,age_cond_2,veh_type_cond_1,veh_type_cond_2,lum_code,agg_code,int_code,atm_code,col_code
202000001097,2020-03-06 09:22:00,2020,3,6,9,22,14,14167,WILKIN (RUE DES FRERES),49.20596,-0.29914,Plein jour,En agglomération,Hors intersection,Normale,Deux véhicules - arrière,4,-1,0,0,1,1,1,0,1,50,2,2,1,0,0,1,49.0,44.0,utilitaire_camion,deux_roues,1,2,1,1,2
202000001098,2020-03-06 20:40:00,2020,3,6,20,40,13,13215,VISTE (AVENUE DE LA),43.359,5.3577,Nuit avec éclairage allumé,En agglomération,Hors intersection,Normale,Deux véhicules - côté,3,2,2,0,2,1,1,0,1,50,2,2,0,0,0,2,18.0,49.0,deux_roues,voiture,5,2,1,1,3
202000001099,2020-03-06 19:10:00,2020,3,6,19,10,13,13207,Corniche John Fitzgérald Kennedy,43.278793,5.354242,Nuit avec éclairage allumé,En agglomération,Hors intersection,Normale,Deux véhicules - frontale,4,2,4,0,2,2,1,0,1,50,2,2,1,0,0,1,29.0,39.0,deux_roues,voiture,5,2,1,1,1
202000001100,2020-03-06 17:45:00,2020,3,6,17,45,13,13213,JEAN PAUL SARTRE (AVENUE),43.31451,5.40705,Plein jour,En agglomération,Hors intersection,Normale,Deux véhicules - arrière,3,1,2,0,1,1,1,0,1,70,2,2,1,0,1,0,37.0,51.0,voiture,deux_roues,1,2,1,1,2
202000001101,2020-03-07 01:44:00,2020,3,7,1,44,10,10343,CANAL (RUE DU),48.27315,4.08979,Nuit avec éclairage allumé,En agglomération,Hors intersection,Normale,Sans collision,4,1,1,0,1,2,1,0,1,50,1,1,0,0,0,1,53.0,,deux_roues,,5,2,1,1,7
202000001102,2020-03-06 13:00:00,2020,3,6,13,0,08,08105,Rue André Joseph,49.7379,4.7096,Plein jour,En agglomération,Autre intersection,Normale,Autre collision,4,-1,0,0,2,1,1,9,8,50,1,1,0,0,1,0,,,,,1,2,9,1,6
202000001103,2020-03-06 06:15:00,2020,3,6,6,15,06,06088,JOLY (CORNICHE ANDRE DE),43.702,7.2947,Nuit avec éclairage allumé,En agglomération,Intersection en X,Normale,Deux véhicules - côté,4,2,3,0,2,2,2,0,1,50,2,2,1,0,0,1,59.0,23.0,voiture,voiture,5,2,2,1,3
202000001104,2020-03-06 22:30:00,2020,3,6,22,30,06,06083,"SOLEIL (PROMENADE DU, N° 850 A 960)",43.7715,7.4966,Nuit avec éclairage allumé,En agglomération,Autre intersection,Normale,Deux véhicules - côté,3,2,2,0,1,1,1,0,1,30,2,2,1,0,1,0,61.0,63.0,deux_roues,voiture,5,2,9,1,3
202000001105,2020-03-06 20:00:00,2020,3,6,20,0,75,75120,PORTE DE BAGNOLET,48.865153,2.413215,Nuit avec éclairage allumé,En agglomération,Hors intersection,Normale,Trois véhicules et plus - collisions multiples,4,1,4,0,1,1,1,0,1,70,3,3,2,0,0,1,26.0,25.0,voiture,voiture,5,2,1,1,5
202000001106,2020-03-06 15:15:00,2020,3,6,15,15,75,75120,PORTE DES LILAS,48.869643,2.413267,Plein jour,En agglomération,Hors intersection,Normale,Trois véhicules et plus - collisions multiples,4,1,4,0,1,1,1,0,1,70,3,3,2,0,0,1,41.0,59.0,voiture,voiture,1,2,1,1,5
202000001107,2020-03-06 12:55:00,2020,3,6,12,55,75,75120,BD PERIPHERIQUE INTERIEUR,48.861712,2.413697,Plein jour,En agglomération,Hors intersection,Temps couvert,,4,1,4,0,1,1,1,0,1,70,2,2,1,0,0,1,54.0,33.0,deux_roues,voiture,1,2,1,8,-1
202000001108,2020-03-04 18:15:00,2020,3,4,18,15,75,75118,AVENUE DE SAINT OUEN,48.890435,2.326587,Nuit sans éclairage public,En agglomération,Intersection en Y,Normale,Autre collision,4,2,2,0,1,1,2,0,1,50,1,2,1,0,1,0,48.0,,transport_commun,,3,2,4,1,6
202000001109,2020-03-05 20:45:00,2020,3,5,20,45,75,75106,RUE DES SAINTS PERES,48.854031,2.330189,Nuit avec éclairage allumé,En agglomération,Hors intersection,Pluie légère,Deux véhicules - côté,4,1,1,0,1,1,2,0,1,50,2,2,1,0,0,1,27.0,27.0,deux_roues,deux_roues,5,2,1,2,3
202000001110,2020-03-06 16:35:00,2020,3,6,16,35,75,75120,RUE DES PARTANTS,48.865115,2.391869,Plein jour,En agglomération,Intersection en Y,Normale,Deux véhicules - côté,4,1,1,0,2,1,1,0,1,50,2,2,1,0,0,1,28.0,29.0,voiture,voiture,1,2,4,1,3
202000001111,2020-03-06 14:18:00,2020,3,6,14,18,75,75120,RUE DE BAGNOLET,48.862693,2.40667,Plein jour,En agglomération,Intersection en Y,Normale,Autre collision,4,2,3,0,1,1,1,0,1,50,1,2,1,0,0,1,48.0,,voiture,,1,2,4,1,6
202000001112,2020-03-05 13:45:00,2020,3,5,13,45,75,75120,RUE HAXO,48.874739,2.403073,Plein jour,En agglomération,Hors intersection,Temps couvert,Deux véhicules - côté,4,2,2,0,1,1,2,0,1,30,2,2,1,0,0,1,66.0,43.0,deux_roues,voiture,1,2,1,8,3
202000001113,2020-03-06 22:35:00,2020,3,6,22,35,75,75119,AVENUE JEAN JAURES,48.883396,2.372575,Nuit avec éclairage allumé,En agglomération,Hors intersection,Normale,Deux véhicules - côté,4,2,2,0,1,1,1,0,1,50,2,2,1,0,0,1,21.0,29.0,voiture,deux_roues,5,2,1,1,3
202000001114,2020-03-06 14:00:00,2020,3,6,14,0,75,75118,AVENUE DE LA PORTE DE MONTMARTRE,48.898462,2.336864,Plein jour,En agglomération,Intersection en Y,Normale,Trois véhicules et plus - collisions multiples,4,2,2,0,1,1,1,0,1,50,3,3,2,0,0,1,32.0,71.0,deux_roues,voiture,1,2,4,1,5
202000001115,2020-03-06 08:40:00,2020,3,6,8,40,75,75117,RUE TARBE,48.886322,2.313971,Plein jour,En agglomération,Intersection en X,Temps couvert,Autre collision,4,1,1,0,1,1,2,0,1,20,1,3,2,0,0,1,26.0,,utilitaire_camion,,1,2,2,8,6
202000001116,2020-03-05 15:00:00,2020,3,5,15,0,75,75116,RUE CHARDON LAGACHE,48.844461,2.266153,Plein jour,En agglomération,Hors intersection,Normale,Deux véhicules - côté,4,1,2,0,1,1,2,0,1,50,2,2,1,0,0,1,55.0,29.0,deux_roues,utilitaire_camion,1,2,1,1,3
202000001117,2020-03-06 20:50:00,2020,3,6,20,50,75,75115,AVENUE DE SUFFREN,48.85052,2.302062,Nuit avec éclairage allumé,En agglomération,Intersection en T,Normale,Deux véhicules - côté,4,2,2,0,1,1,1,0,1,50,2,1,0,0,0,1,28.0,,deux_roues,,5,2,3,1,3
202000001118,2020-03-06 20:15:00,2020,3,6,20,15,75,75115,RUE LOUIS ARMAND,48.833469,2.276202,Nuit avec éclairage allumé,En agglomération,Intersection en X,Normale,Deux véhicules - arrière,4,2,3,0,1,1,1,0,1,50,2,3,2,0,0,1,27.0,28.0,voiture,voiture,5,2,2,1,2
202000001119,2020-03-06 14:20:00,2020,3,6,14,20,75,75115,RUE DE LA CONVENTION,48.837234,2.296432,Plein jour,En agglomération,Intersection en X,Normale,Autre collision,4,2,3,3,1,1,1,0,1,50,1,2,1,0,0,1,38.0,,utilitaire_camion,,1,2,2,1,6
202000001120,2020-03-06 12:50:00,2020,3,6,12,50,75,75113,RUE DU JAVELOT,48.826811,2.365045,Plein jour,En agglomération,Intersection en T,Normale,Autre collision,4,1,1,0,2,1,1,1,1,20,1,2,1,0,0,1,38.0,,voiture,,1,2,3,1,6
202000001121,2020-03-06 12:58:00,2020,3,6,12,58,75,75112,QUAI DE LA RAPEE,48.844014,2.36933,Plein jour,En agglomération,Hors intersection,Temps couvert,Autre collision,4,3,6,0,1,2,1,9,1,50,1,1,0,0,0,1,24.0,,deux_roues,,1,2,1,8,6
202000001122,2020-03-05 19:00:00,2020,3,5,19,0,75,75112,PLACE FELIX EBOUE,48.839364,2.395801,Nuit avec éclairage allumé,En agglomération,Place,Pluie forte,Deux véhicules - arrière,4,1,3,0,1,2,2,0,1,50,2,2,1,0,0,1,64.0,30.0,utilitaire_camion,deux_roues,5,2,7,3,2
202000001123,2020-03-06 12:00:00,2020,3,6,12,0,75,75110,RUE DU FAUBOURG DU TEMPLE,48.871032,2.374125,Plein jour,En agglomération,Intersection en T,Normale,Autre collision,4,1,1,0,1,1,1,0,1,30,1,2,1,0,0,1,58.0,,voiture,,1,2,3,1,6
202000001124,2020-03-06 09:00:00,2020,3,6,9,0,75,75110,RUE DES PETITES ECURIES,48.8733964,2.3526469,Plein jour,En agglomération,Intersection en T,Normale,,4,1,1,0,1,1,2,0,1,50,2,2,1,0,0,1,44.0,45.0,deux_roues,utilitaire_camion,1,2,3,1,-1
202000001125,2020-03-06 02:45:00,2020,3,6,2,45,75,75109,AVENUE TRUDAINE,48.880723,2.3402564,Nuit avec éclairage allumé,En agglomération,Intersection en T,Normale,,4,2,2,0,1,1,2,0,1,50,2,3,2,0,0,1,50.0,34.0,utilitaire_camion,deux_roues,5,2,3,1,-1
202000001126,2020-03-06 02:15:00,2020,3,6,2,15,75,75110,BOULEVARD DE STRASBOURG,48.873337,2.356529,Nuit avec éclairage allumé,En agglomération,Intersection en X,Pluie légère,,4,1,4,0,1,1,2,0,1,50,2,2,0,0,0,2,24.0,,deux_roues,,5,2,2,2,-1
202000001127,2020-03-06 02:00:00,2020,3,6,2,0,75,75107,QUAI D ORSAY,48.862331,2.307492,Nuit avec éclairage allumé,En agglomération,Intersection en T,Pluie légère,Deux véhicules - arrière,4,2,4,1,1,1,2,0,1,50,2,2,1,0,0,1,63.0,30.0,voiture,voiture,5,2,3,2,2
202000001128,2020-03-05 16:00:00,2020,3,5,16,0,75,75115,AVENUE DE SUFFREN,48.853905,2.296632,Plein jour,En agglomération,Intersection en T,Pluie légère,Deux véhicules - côté,4,2,2,0,1,1,2,0,1,50,2,2,1,0,0,1,51.0,30.0,deux_roues,utilitaire_camion,1,2,3,2,3
202000001129,2020-03-05 20:15:00,2020,3,5,20,15,75,75104,BOULEVARD HENRI IV,48.851539,2.36369,Nuit avec éclairage allumé,En agglomération,Intersection en T,Pluie légère,Autre collision,4,2,4,0,1,1,2,0,1,50,1,2,1,0,0,1,39.0,,voiture,,5,2,3,2,6
202000001130,2020-03-06 12:25:00,2020,3,6,12,25,75,75104,RUE DES DEUX PONTS,48.8518436,2.3565483,Plein jour,En agglomération,Intersection en X,Normale,Sans collision,4,1,2,3,1,1,1,0,1,30,1,1,0,0,0,1,24.0,,deux_roues,,1,2,2,1,7
202000001131,2020-03-05 09:25:00,2020,3,5,9,25,94,94081,HENRI BARBUSSE (AV),48.79267,2.38924,Plein jour,En agglomération,Hors intersection,Pluie légère,Autre collision,3,2,6,0,1,1,2,0,1,50,1,2,1,0,0,1,28.0,,deux_roues,,1,2,1,2,6
202000001132,2020-02-26 14:40:00,2020,2,26,14,40,94,94081,CAMILLE GROULT (R),48.789127,2.400816,Plein jour,En agglomération,Hors intersection,Normale,Autre collision,4,-1,2,0,2,1,1,0,4,50,1,2,1,0,0,1,47.0,,autre,,1,2,1,1,6
202000001133,2020-03-06 16:05:00,2020,3,6,16,5,94,94067,GENERAL DE GAULLE (AV DU),48.8372231,2.4171431,Plein jour,En agglomération,Hors intersection,Normale,Autre collision,3,2,2,0,1,1,2,0,1,50,1,2,1,0,0,1,53.0,,utilitaire_camion,,1,2,1,1,6
202000001134,2020-03-06 20:55:00,2020,3,6,20,55,94,94074,RU DE GIRONDE (AV DU),48.742,2.4663,Nuit avec éclairage allumé,En agglomération,Intersection en X,Normale,Autre collision,3,3,2,0,2,1,1,0,1,50,1,2,1,0,0,1,26.0,,voiture,,5,2,2,1,6
202000001135,2020-03-03 11:35:00,2020,3,3,11,35,94,94058,ALSACE LORRAINE (BD D),48.85,2.5,Plein jour,En agglomération,Hors intersection,Normale,Trois véhicules et plus - collisions multiples,3,1,2,0,1,1,1,0,1,50,3,3,2,0,0,1,16.0,40.0,deux_roues,voiture,1,2,1,1,5
202000001136,2020-03-06 07:00:00,2020,3,6,7,0,94,94003,ARISTIDE BRIAND (AV),48.80541,2.3255,Plein jour,En agglomération,Hors intersection,Temps couvert,Trois véhicules et plus - en chaîne,3,1,3,0,1,1,2,0,1,50,5,5,4,0,0,1,35.0,56.0,utilitaire_camion,deux_roues,1,2,1,8,4
202000001137,2020-03-06 12:00:00,2020,3,6,12,0,94,94028,SEBASTIEN(VILLA),48.78917,2.46536,Plein jour,En agglomération,Hors intersection,Normale,Deux véhicules - côté,4,1,1,1,2,1,1,0,5,50,2,2,1,0,0,1,70.0,40.0,voiture,deux_roues,1,2,1,1,3
202000001138,2020-03-06 08:00:00,2020,3,6,8,0,94,94028,POINCARE.(RUE RAYMOND),48.78315,2.44347,Plein jour,En agglomération,Hors intersection,Temps couvert,Deux véhicules - arrière,9,-1,2,0,1,1,2,0,1,30,2,2,1,0,0,1,23.0,59.0,voiture,voiture,1,2,1,8,2
202000001139,2020-03-06 10:40:00,2020,3,6,10,40,93,93070,DOCTEUR BAUER(RUE DU) :N°  75 AU 129,48.9081806,2.3404661,Plein jour,En agglomération,Hors intersection,Normale,Deux véhicules - côté,3,2,2,0,1,1,1,0,1,50,2,2,1,0,0,1,53.0,24.0,deux_roues,voiture,1,2,1,1,3
202000001140,2020-03-06 17:50:00,2020,3,6,17,50,93,93066,FORT DE LA BRICHE,48.9453685,2.3427319,Plein jour,En agglomération,Hors intersection,Normale,Deux véhicules - côté,3,2,4,0,1,1,1,0,1,50,2,2,1,0,0,1,29.0,34.0,voiture,deux_roues,1,2,1,1,3
202000001141,2020-03-06 20:10:00,2020,3,6,20,10,93,93077,R DE NEUILLY,48.87764,2.52192,Nuit avec éclairage allumé,En agglomération,Hors intersection,Normale,Autre collision,3,2,2,0,1,1,1,0,1,30,1,1,0,0,0,1,30.0,,voiture,,5,2,1,1,6
202000001142,2020-03-06 17:25:00,2020,3,6,17,25,93,93055,JEAN JAURES (AVENUE) (2/74),48.90356,2.39212,Plein jour,En agglomération,Intersection en X,Normale,Autre collision,3,3,4,3,1,1,1,0,1,50,1,1,0,0,0,1,,,,,1,2,2,1,6
202000001143,2020-03-06 10:15:00,2020,3,6,10,15,93,93050,MARECHAL FOCH (AVENUE) COTE IMPAIR,48.8552293,2.5249887,Plein jour,En agglomération,Hors intersection,Normale,Deux véhicules - côté,3,1,4,0,1,1,1,0,1,50,2,1,0,0,0,1,28.0,,deux_roues,,1,2,1,1,3
202000001144,2020-03-05 07:50:00,2020,3,5,7,50,93,93079,ROGER SALENGRO,48.9628503,2.3441062,Crépuscule ou aube,En agglomération,Hors intersection,Pluie légère,Autre collision,4,2,0,0,1,1,2,0,1,50,1,2,1,0,0,1,42.0,,deux_roues,,2,2,1,2,6
202000001145,2020-03-03 15:40:00,2020,3,3,15,40,93,93031,Route de Saint-Leu,48.9487785,2.342812,Plein jour,En agglomération,Autre intersection,Normale,Trois véhicules et plus - collisions multiples,3,2,1,0,1,1,1,5,1,50,3,3,2,0,0,1,22.0,29.0,utilitaire_camion,deux_roues,1,2,9,1,5
202000001146,2020-03-06 08:25:00,2020,3,6,8,25,93,93029,R ARMAND CARREL,48.92295,2.42171,Plein jour,En agglomération,Hors intersection,Normale,Autre collision,4,1,1,0,1,1,1,0,1,50,1,2,1,0,0,1,47.0,,utilitaire_camion,,1,2,1,1,6
202000001147,2020-03-06 19:00:00,2020,3,6,19,0,93,93014,GAGNY (ALLEE DE),48.905947,2.5490443,Nuit avec éclairage allumé,En agglomération,Hors intersection,Temps couvert,Autre collision,3,2,2,0,1,1,1,0,1,50,1,2,1,0,0,1,53.0,,voiture,,5,2,1,8,6
202000001148,2020-03-06 20:30:00,2020,3,6,20,30,93,93010,VAILLANT (RUE EDOUARD) 24 A 96,48.8955927,2.4880001,Nuit avec éclairage allumé,En agglomération,Hors intersection,Normale,Autre collision,4,2,2,0,1,1,1,0,1,50,1,1,0,0,0,1,22.0,,voiture,,5,2,1,1,6
202000001149,2020-03-06 16:30:00,2020,3,6,16,30,92,92073,VERDUN (RUE DE),48.875485,2.2315711,Plein jour,En agglomération,Hors intersection,Normale,Autre collision,4,2,2,0,1,1,1,0,1,30,1,2,1,0,0,1,28.0,,voiture,,1,2,1,1,6
202000001150,2020-03-06 08:50:00,2020,3,6,8,50,92,92073,REGNAULT (RUE HENRI),48.86098,2.21914,Plein jour,En agglomération,Hors intersection,Normale,Autre collision,4,1,1,0,2,1,1,0,1,50,1,1,0,0,0,1,26.0,,voiture,,1,2,1,1,6
202000001151,2020-03-06 00:05:00,2020,3,6,0,5,92,92063,HUGO (AVENUE VICTOR),48.88681,2.17443,Nuit avec éclairage allumé,En agglomération,Intersection en X,Pluie légère,Deux véhicules - côté,3,3,2,2,1,1,2,5,5,50,2,2,1,0,0,1,28.0,25.0,voiture,deux_roues,5,2,2,2,3
202000001152,2020-03-05 15:00:00,2020,3,5,15,0,92,92040,PONT D ISSY,48.830301,2.259417,Plein jour,En agglomération,Hors intersection,Pluie légère,Sans collision,3,1,0,0,1,1,2,0,1,50,1,1,0,0,0,1,32.0,,deux_roues,,1,2,1,2,7
202000001153,2020-03-05 13:40:00,2020,3,5,13,40,92,92040,RODIN (BOULEVARD),48.81865,2.25777,Plein jour,En agglomération,Autre intersection,Normale,,3,2,2,0,2,1,2,0,1,50,2,2,1,0,0,1,52.0,48.0,voiture,deux_roues,1,2,9,1,-1
202000001154,2020-03-06 07:40:00,2020,3,6,7,40,92,92036,LOUIS ROCHE (AVENUE) (1/45),48.92248,2.323022,Crépuscule ou aube,En agglomération,Intersection en T,Normale,,3,2,2,0,1,1,1,0,1,50,2,2,1,0,0,1,59.0,21.0,voiture,deux_roues,2,2,3,1,-1
202000001155,2020-03-06 10:05:00,2020,3,6,10,5,92,92012,THIERS (RUE) 1/65,48.837415,2.248065,Plein jour,En agglomération,Hors intersection,Temps couvert,Autre collision,4,2,2,0,1,1,2,0,1,50,1,2,1,0,0,1,31.0,,voiture,,1,2,1,8,6
202000001156,2020-03-05 23:30:00,2020,3,5,23,30,92,92009,CHARLES-DE-GAULLE ( AVENUE ),48.9194062,2.2763777,Nuit avec éclairage allumé,En agglomération,Autre intersection,Vent fort / tempête,Deux véhicules - arrière,3,2,2,0,1,1,2,0,1,50,2,3,2,0,0,1,51.0,41.0,utilitaire_camion,voiture,5,2,9,6,2
202000001157,2020-03-05 17:00:00,2020,3,5,17,0,92,92004,VOLTAIRE ( BD 16 A FIN ),48.91702,2.28756,Plein jour,En agglomération,Hors intersection,Pluie forte,Deux véhicules - arrière,3,2,2,1,1,1,2,0,1,50,2,3,2,0,0,1,32.0,32.0,voiture,voiture,1,2,1,3,2
202000001158,2020-03-07 02:20:00,2020,3,7,2,20,10,10240,D660,48.277153,3.906239,Nuit sans éclairage public,Hors agglomération,Hors intersection,Normale,Autre collision,3,2,2,0,1,2,1,0,3,80,1,1,0,0,1,0,,,,,3,1,1,1,6
202000001159,2020-03-06 15:35:00,2020,3,6,15,35,44,44051,D537,47.691754,-1.690553,Plein jour,Hors agglomération,Hors intersection,Pluie légère,Sans collision,3,2,2,0,1,2,2,0,3,80,1,4,2,0,1,1,19.0,,voiture,,1,1,1,2,7
202000001160,2020-03-06 11:52:00,2020,3,6,11,52,56,56199,Keranrous RD1,48.139516,-3.671365,Plein jour,Hors agglomération,Hors intersection,Normale,Deux véhicules - arrière,3,2,1,0,2,4,1,0,1,80,2,2,1,1,0,0,87.0,43.0,voiture,utilitaire_camion,1,1,1,1,2
202000001161,2020-03-03 13:30:00,2020,3,3,13,30,74,74256,7 Rue Saint Joseph,45.937271,6.627109,Plein jour,En agglomération,Intersection en X,Normale,Deux véhicules - côté,4,1,1,0,1,1,1,0,1,50,2,2,1,0,1,0,64.0,14.0,voiture,deux_roues,1,2,2,1,3
202000001162,2020-03-06 15:20:00,2020,3,6,15,20,65,65138,10 Avenue du Mamelon Vert,42.888303,-0.115995,Plein jour,En agglomération,Intersection en Y,Neige / grêle,Autre collision,3,2,2,0,4,3,5,0,1,50,1,2,1,0,1,0,70.0,,voiture,,1,2,4,4,6
202000001163,2020-03-06 23:00:00,2020,3,6,23,0,32,32305,D152,43.822762,-0.086753,Nuit sans éclairage public,Hors agglomération,Hors intersection,Pluie légère,Autre collision,3,2,2,0,1,1,2,0,3,50,1,1,0,0,1,0,19.0,,voiture,,3,1,1,2,6
202000001164,2020-03-06 15:50:00,2020,3,6,15,50,11,11261,D6113,43.183353,2.66589,Plein jour,Hors agglomération,Hors intersection,Vent fort / tempête,Trois véhicules et plus - collisions multiples,3,2,3,0,4,1,2,0,1,90,3,3,1,0,2,0,43.0,20.0,utilitaire_camion,voiture,1,1,1,6,5
202000001165,2020-03-06 02:15:00,2020,3,6,2,15,89,89481,D200,47.7825901,4.0379203,Nuit sans éclairage public,Hors agglomération,Hors intersection,Pluie légère,Deux véhicules - arrière,3,2,2,0,2,1,2,0,1,80,2,3,2,0,1,0,45.0,32.0,voiture,voiture,3,1,1,2,2
202000001166,2020-03-07 10:30:00,2020,3,7,10,30,63,63110,D80 - La Foret,45.8388321,2.6807147,Plein jour,Hors agglomération,Hors intersection,Normale,Sans collision,3,2,2,0,2,3,2,0,8,80,1,1,0,0,1,0,19.0,,voiture,,1,1,1,1,7
202000001167,2020-03-06 22:50:00,2020,3,6,22,50,63,63040,D212,45.724008,3.290405,Nuit sans éclairage public,Hors agglomération,Hors intersection,Pluie légère,Deux véhicules - frontale,3,2,2,0,1,2,2,0,1,80,2,3,0,0,2,1,50.0,48.0,voiture,voiture,3,1,1,2,1
202000001168,2020-03-06 18:15:00,2020,3,6,18,15,39,39081,,46.865166,5.715023,Plein jour,Hors agglomération,Hors intersection,Normale,Trois véhicules et plus - collisions multiples,2,2,2,0,2,4,1,0,1,70,3,4,1,0,0,3,62.0,30.0,voiture,voiture,1,1,1,1,5
202000001169,2020-03-06 22:20:00,2020,3,6,22,20,44,44079,,47.219408,-1.307244,Plein jour,Hors agglomération,Hors intersection,Pluie légère,Autre collision,3,2,2,0,2,1,2,0,3,80,1,1,0,0,1,0,20.0,,voiture,,1,1,1,2,6
202000001170,2020-03-05 19:45:00,2020,3,5,19,45,44,44127,ROUTE DE LA ROBERTIERE,47.014198,-1.440298,Plein jour,Hors agglomération,Intersection en T,Pluie légère,Deux véhicules - côté,3,2,2,0,1,1,2,0,1,70,2,4,3,0,1,0,37.0,18.0,voiture,deux_roues,1,1,3,2,3
202000001171,2020-03-01 23:40:00,2020,3,1,23,40,29,29130,Route de Plouzané,48.375124,-4.643294,Nuit sans éclairage public,En agglomération,Hors intersection,Pluie forte,Autre collision,4,2,2,0,1,1,2,0,1,50,1,1,0,0,0,1,33.0,,voiture,,3,2,1,3,6
202000001172,2020-03-02 23:10:00,2020,3,2,23,10,13,13036,Route de Chateaurenard,43.844718,4.842621,Nuit sans éclairage public,Hors agglomération,Hors intersection,Normale,Deux véhicules - arrière,3,2,2,0,1,1,1,0,1,80,2,2,1,0,1,0,19.0,42.0,voiture,voiture,3,1,1,1,2
202000001173,2020-03-06 18:20:00,2020,3,6,18,20,15,15221,RN 122- Route de Figeac,44.880882,2.3323,Crépuscule ou aube,Hors agglomération,Hors intersection,Pluie forte,Deux véhicules - frontale,2,2,2,0,2,4,2,0,1,80,2,3,1,0,2,0,37.0,51.0,utilitaire_camion,voiture,2,1,1,3,1
202000001174,2020-03-07 08:30:00,2020,3,7,8,30,06,06079,Avenue de Cannes,43.540851,6.936136,Plein jour,En agglomération,Intersection en X,Normale,,1,2,-1,-1,1,1,1,0,1,-1,2,3,1,0,0,2,66.0,27.0,deux_roues,voiture,1,2,2,1,-1
202000001175,2020-03-07 16:45:00,2020,3,7,16,45,05,05046,Route nationale 94,44.579173,6.511395,Plein jour,Hors agglomération,Hors intersection,Normale,Trois véhicules et plus - collisions multiples,2,2,3,0,1,1,1,0,1,80,3,8,0,0,2,6,67.0,51.0,voiture,voiture,1,1,1,1,5
202000001176,2020-03-07 17:00:00,2020,3,7,17,0,45,45224,D11 - PR  36 + 900,48.082989,2.05402,Plein jour,Hors agglomération,Hors intersection,Normale,Autre collision,3,2,2,0,1,1,1,0,3,80,1,1,0,1,0,0,36.0,,deux_roues,,1,1,1,1,6
202000001177,2020-03-06 13:15:00,2020,3,6,13,15,45,45053,D2007 - D50,47.60812,2.776309,Plein jour,Hors agglomération,Intersection en T,Temps couvert,Deux véhicules - côté,3,2,2,0,2,1,1,0,1,80,2,2,1,0,1,0,39.0,44.0,voiture,deux_roues,1,1,3,8,3
202000001178,2020-03-02 06:30:00,2020,3,2,6,30,64,64443,Départementale 2,43.357669,-0.582769,Nuit avec éclairage allumé,Hors agglomération,Hors intersection,Vent fort / tempête,Autre collision,3,2,2,0,1,1,2,0,1,80,1,1,0,0,1,0,67.0,,voiture,,5,1,1,6,6
202000001179,2020-03-06 17:30:00,2020,3,6,17,30,64,64259,CD 22,43.298565,-1.247592,Plein jour,Hors agglomération,Hors intersection,Neige / grêle,Autre collision,3,2,2,0,2,3,5,0,1,80,1,1,0,0,1,0,85.0,,voiture,,1,1,1,4,6
202000001180,2020-02-29 15:00:00,2020,2,29,15,0,43,43212,D12,45.353401,3.978091,Plein jour,Hors agglomération,Intersection en T,Pluie légère,Deux véhicules - côté,3,2,2,0,2,1,2,0,1,80,2,4,3,0,1,0,84.0,24.0,voiture,voiture,1,1,3,2,3
202000001181,2020-03-07 03:30:00,2020,3,7,3,30,16,16106,Ld Le Petit Negrat,46.0373503,0.6712218,Nuit sans éclairage public,Hors agglomération,Hors intersection,Normale,Autre collision,3,2,2,0,4,4,2,0,4,80,1,1,0,0,1,0,36.0,,deux_roues,,3,1,1,1,6
202000001182,2020-02-07 16:40:00,2020,2,7,16,40,16,16016,Route d'Angoulême,45.993213,0.643376,Crépuscule ou aube,En agglomération,Intersection en T,Normale,Deux véhicules - côté,3,2,2,0,2,1,1,5,1,30,2,2,1,0,1,0,62.0,60.0,deux_roues,voiture,2,2,3,1,3
202000001183,2020-02-20 15:10:00,2020,2,20,15,10,07,07304,Route de Barjac,44.394584,4.378674,Plein jour,En agglomération,Hors intersection,Normale,Sans collision,3,3,2,0,1,2,1,0,1,-1,1,2,1,0,1,0,51.0,,deux_roues,,1,2,1,1,7
202000001184,2020-03-07 01:15:00,2020,3,7,1,15,27,27638,Route de la Saussaye,49.262946,0.970209,Nuit sans éclairage public,Hors agglomération,Hors intersection,Normale,Autre collision,4,2,2,0,1,1,2,0,3,-1,1,1,0,0,1,0,28.0,,utilitaire_camion,,3,1,1,1,6
202000001185,2020-03-06 12:50:00,2020,3,6,12,50,27,27284,D181,49.269765,1.786137,Plein jour,En agglomération,Hors intersection,Normale,Deux véhicules - frontale,3,2,2,0,2,2,1,0,1,50,2,3,1,0,0,2,63.0,31.0,voiture,utilitaire_camion,1,2,1,1,1
202000001186,2020-03-07 07:00:00,2020,3,7,7,0,27,27630,Rue du Hery,49.152447,0.792459,Crépuscule ou aube,En agglomération,Hors intersection,Normale,Autre collision,4,2,1,0,1,1,1,0,3,50,1,1,0,0,0,1,23.0,,utilitaire_camion,,2,2,1,1,6
202000001187,2020-03-07 13:30:00,2020,3,7,13,30,28,28385,Rue le Blottier,48.405731,1.130739,Plein jour,En agglomération,Hors intersection,Normale,Autre collision,3,2,2,0,1,1,1,0,4,50,1,1,0,0,1,0,21.0,,deux_roues,,1,2,1,1,6
202000001188,2020-03-06 18:50:00,2020,3,6,18,50,37,37167,D766,47.5466563,0.5470538,Crépuscule ou aube,En agglomération,Intersection en X,Normale,Deux véhicules - frontale,3,2,2,0,1,1,1,0,1,50,2,2,1,0,1,0,78.0,20.0,voiture,deux_roues,2,2,2,1,1