accident_id,datetime,annee,mois,jour,heure,minute,departement,commune_insee,adresse,latitude,longitude,luminosite,agglomeration,intersection,meteo,collision,catr,circ,nbv,vosp,prof,plan,surf,infra,situ,vma,nb_vehicules,nb_usagers,nb_indemnes,nb_tues,nb_blesses_hosp,nb_blesses_legers,age_cond_1,age_cond_2,veh_type_cond_1,veh_type_cond_2,lum_code,agg_code,int_code,atm_code,col_code
202000001373,2020-05-20 11:55:00,2020,5,20,11,55,35,35238,MARBAUDAIS (DE LA),48.12659,-1.66277,Plein jour,En agglomération,Intersection en T,Normale,Deux véhicules - côté,4,1,1,0,1,1,1,0,1,50,2,2,1,0,0,1,29.0,42.0,deux_roues,voiture,1,2,3,1,3
202000001374,2020-05-16 21:45:00,2020,5,16,21,45,35,35238,FREVILLE (AVENUE HENRI),48.09106,-1.67488,Nuit avec éclairage allumé,En agglomération,Hors intersection,Normale,Autre collision,4,3,6,1,1,1,1,0,1,50,1,1,0,0,0,1,19.0,,deux_roues,,5,2,1,1,6
202000001375,2020-05-20 14:00:00,2020,5,20,14,0,34,34172,GOSSEC (RUE FRANCOIS-JOSEPH),43.575089,3.858703,Plein jour,En agglomération,Hors intersection,Normale,Deux véhicules - frontale,3,2,2,0,1,1,1,0,1,50,2,2,0,1,0,1,37.0,60.0,voiture,deux_roues,1,2,1,1,1
202000001376,2020-05-20 18:45:00,2020,5,20,18,45,33,33192,RUE DU BRANDIER,44.7827,-0.5984,Plein jour,En agglomération,Hors intersection,Normale,Autre collision,4,2,2,0,1,1,1,0,1,50,1,2,1,0,1,0,,,,,1,2,1,1,6
202000001377,2020-05-20 17:00:00,2020,5,20,17,0,33,33013,121 AVE DE L'EGLISE ROMANE,44.85666,-0.49109,Plein jour,En agglomération,Hors intersection,Normale,Deux véhicules - côté,4,2,4,2,1,2,1,0,1,50,2,1,0,0,0,1,13.0,,deux_roues,,1,2,1,1,3
202000001378,2020-05-20 10:20:00,2020,5,20,10,20,33,33318,AVE DU DOCTEUR NANCEL PENARD / AVE ROGER COHE / AVE ROGER COHE,44.8091,-0.63284,Plein jour,En agglomération,Intersection en X,Normale,Deux véhicules - frontale,4,2,5,2,1,1,1,5,1,50,2,2,1,0,0,1,59.0,22.0,deux_roues,voiture,1,2,2,1,1
202000001379,2020-05-20 07:40:00,2020,5,20,7,40,33,33162,AVE DU MEDOC,44.89295,-0.6669,Plein jour,Hors agglomération,Hors intersection,Normale,Deux véhicules - côté,4,2,3,0,1,1,1,0,1,50,2,2,1,0,1,0,42.0,62.0,voiture,deux_roues,1,1,1,1,3
202000001380,2020-05-07 17:45:00,2020,5,7,17,45,33,33063,RUE DES GENERAUX D/UCHE / RUE PIERRE TREBOD,44.85661,-0.58278,Plein jour,En agglomération,Intersection en T,Normale,Deux véhicules - frontale,4,2,2,0,1,1,1,0,8,50,2,1,0,0,1,0,57.0,,deux_roues,,1,2,3,1,1
202000001381,2020-05-19 20:05:00,2020,5,19,20,5,31,31555,VA007495 A62,43.64913,1.43431,Plein jour,Hors agglomération,Hors intersection,Normale,Trois véhicules et plus - collisions multiples,1,3,6,0,1,1,1,0,1,90,3,3,2,0,0,1,23.0,40.0,voiture,voiture,1,1,1,1,5
202000001382,2020-05-20 13:10:00,2020,5,20,13,10,30,30189,TEDENAT (RUE),43.83603,4.35643,Plein jour,En agglomération,Intersection en Y,Normale,Autre collision,4,1,1,0,1,1,1,0,1,50,1,2,1,0,1,0,19.0,,deux_roues,,1,2,4,1,6
202000001383,2020-05-20 07:45:00,2020,5,20,7,45,30,30007,QUINET (RUE EDGAR),44.123735,4.081035,Plein jour,En agglomération,Hors intersection,Normale,Autre collision,4,2,2,0,1,1,9,0,1,50,1,2,1,1,0,0,25.0,,utilitaire_camion,,1,2,1,1,6
202000001384,2020-05-20 16:59:00,2020,5,20,16,59,29,29039,D22 - Rue de Melgven,47.87646,-3.89021,Plein jour,Hors agglomération,Hors intersection,Temps éblouissant,Autre collision,3,2,2,0,4,3,1,0,3,70,1,2,0,0,0,2,86.0,,utilitaire_camion,,1,1,1,7,6
202000001385,2020-05-20 08:30:00,2020,5,20,8,30,29,29019,104 Avenue de l'Ecole Navale,48.3801554,-4.5270558,Plein jour,En agglomération,Hors intersection,Normale,Deux véhicules - côté,4,-1,1,0,2,1,1,0,1,50,2,2,1,0,0,1,74.0,44.0,voiture,voiture,1,2,1,1,3
202000001386,2020-05-20 08:45:00,2020,5,20,8,45,29,29019,Pont Robert Schumann ,48.3980009,-4.4917313,Plein jour,En agglomération,Hors intersection,Normale,Deux véhicules - arrière,4,2,2,0,1,1,1,2,1,50,2,2,1,0,0,1,30.0,23.0,deux_roues,voiture,1,2,1,1,2
202000001387,2020-05-19 14:30:00,2020,5,19,14,30,22,22278,LUZEL,48.5059,-2.7746,Plein jour,En agglomération,Hors intersection,Normale,Deux véhicules - côté,4,2,2,0,1,1,1,0,1,50,2,2,1,0,0,1,51.0,56.0,deux_roues,voiture,1,2,1,1,3
202000001388,2020-05-20 15:20:00,2020,5,20,15,20,17,17200,ROSE AVENUE DU FIEF,46.17867,-1.16754,Plein jour,En agglomération,Hors intersection,Normale,Sans collision,4,2,2,0,1,1,1,0,3,50,1,1,0,0,0,1,62.0,,deux_roues,,1,2,1,1,7
202000001389,2020-05-20 11:40:00,2020,5,20,11,40,17,17300,GRANDES VARENNES   AVENUE DES,46.17142,-1.17698,Plein jour,En agglomération,Intersection en X,Normale,Deux véhicules - côté,4,2,2,0,1,1,1,0,1,50,2,2,1,0,0,1,76.0,21.0,voiture,voiture,1,2,2,1,3
202000001390,2020-05-20 13:55:00,2020,5,20,13,55,15,15014,PAVATOU (BOULEVARD DU),44.93263,2.44918,Plein jour,En agglomération,Intersection en X,Temps éblouissant,Deux véhicules - côté,4,2,2,0,1,1,1,5,1,50,2,3,2,0,0,1,19.0,40.0,voiture,deux_roues,1,2,2,7,3
202000001391,2020-05-20 17:15:00,2020,5,20,17,15,14,14699,CD 677,49.35113,0.09293,Plein jour,Hors agglomération,Intersection en X,Temps éblouissant,Trois véhicules et plus - collisions multiples,3,3,0,0,1,1,1,5,1,70,3,4,3,0,0,1,31.0,47.0,voiture,voiture,1,1,2,7,5
202000001392,2020-05-21 00:30:00,2020,5,21,0,30,13,13208,MENDES FRANCE (AVENUE),43.257778,5.376151,Nuit avec éclairage allumé,En agglomération,Hors intersection,Normale,Autre collision,4,2,1,3,1,1,1,6,1,50,1,2,0,0,0,2,23.0,,voiture,,5,2,1,1,6
202000001393,2020-05-20 19:20:00,2020,5,20,19,20,12,12202,DOCTEUR LOUIS BONNEFOUS (AVENUE DU),44.34441,2.57339,Crépuscule ou aube,En agglomération,Hors intersection,Normale,Deux véhicules - frontale,3,2,2,0,2,2,1,0,1,50,2,2,1,0,1,0,65.0,33.0,voiture,deux_roues,2,2,1,1,1
202000001394,2020-05-19 08:25:00,2020,5,19,8,25,12,12202,TOULOUSE (AVENUE DE),44.34486,2.56612,Plein jour,En agglomération,Intersection en Y,Normale,Autre collision,4,2,2,0,2,3,1,5,1,50,1,2,1,0,1,0,78.0,,voiture,,1,2,4,1,6
202000001395,2020-05-18 09:35:00,2020,5,18,9,35,12,12202,CHARLES DE GAULLE (PLACE),44.34963,2.57511,Plein jour,En agglomération,Hors intersection,Normale,Autre collision,4,1,1,0,2,4,1,0,1,50,1,2,1,0,1,0,58.0,,utilitaire_camion,,1,2,1,1,6
202000001396,2020-05-15 10:00:00,2020,5,15,10,0,06,06029,BORDE (AVENUE DE LA)(BOCCA),43.56702,6.9662,Plein jour,En agglomération,Hors intersection,Normale,Autre collision,3,-1,4,0,1,1,1,0,1,50,1,2,1,0,1,0,76.0,,utilitaire_camion,,1,2,1,1,6
202000001397,2020-05-20 21:47:00,2020,5,20,21,47,06,06004,VALLAURIS CH.DE,43.5764,7.0974,Nuit avec éclairage allumé,En agglomération,Hors intersection,Normale,Deux véhicules - côté,4,2,2,0,1,1,1,0,1,50,2,2,1,0,0,1,25.0,22.0,voiture,deux_roues,5,2,1,1,3
202000001398,2020-05-10 21:00:00,2020,5,10,21,0,01,01283,PAIX (RUE DE LA),46.25616,5.65976,Crépuscule ou aube,En agglomération,Intersection en T,Normale,Deux véhicules - côté,4,2,2,0,2,1,1,0,1,50,2,2,1,0,0,1,54.0,19.0,voiture,voiture,2,2,3,1,3
202000001399,2020-05-20 18:40:00,2020,5,20,18,40,75,75113,QUAI D IVRY,48.82304,2.381235,Plein jour,En agglomération,Hors intersection,Normale,Deux véhicules - arrière,4,1,4,0,1,1,1,0,1,70,2,2,1,0,0,1,27.0,59.0,voiture,deux_roues,1,2,1,1,2
202000001400,2020-05-20 07:40:00,2020,5,20,7,40,75,75119,PORTE D AUBERVILLIERS,48.900479,2.37528,Plein jour,En agglomération,Hors intersection,Normale,Trois véhicules et plus - en chaîne,4,1,4,0,1,1,1,0,1,70,3,3,2,0,0,1,58.0,43.0,voiture,voiture,1,2,1,1,4
202000001401,2020-05-19 23:37:00,2020,5,19,23,37,75,75113,BOULEVARD PERIPHERIQUE INTERIEUR SUD,48.817416,2.354674,Nuit avec éclairage allumé,En agglomération,Hors intersection,Normale,Autre collision,4,1,3,0,1,3,1,0,1,70,1,1,0,0,0,1,45.0,,deux_roues,,5,2,1,1,6
202000001402,2020-05-20 20:00:00,2020,5,20,20,0,75,75105,RUE CENSIER,48.839399,2.350173,Plein jour,En agglomération,Place,Normale,Autre collision,4,2,2,0,1,1,1,0,1,30,1,2,1,0,0,1,74.0,,voiture,,1,2,7,1,6
202000001403,2020-05-20 11:00:00,2020,5,20,11,0,75,75105,RUE SAINT JACQUES,48.849581,2.34491,Plein jour,En agglomération,Intersection en X,Normale,Autre collision,4,1,3,0,2,1,1,0,1,30,1,3,2,0,0,1,64.0,,voiture,,1,2,2,1,6
202000001404,2020-05-19 22:45:00,2020,5,19,22,45,75,75105,BOULEVARD DE PORT ROYAL,48.839249,2.338351,Nuit avec éclairage allumé,En agglomération,Intersection en T,Normale,Deux véhicules - côté,4,2,2,0,1,1,1,9,1,50,2,4,2,0,0,2,25.0,30.0,voiture,deux_roues,5,2,3,1,3
202000001405,2020-05-20 18:20:00,2020,5,20,18,20,75,75112,COURS DE VINCENNES,48.84795,2.400698,Plein jour,En agglomération,Hors intersection,Normale,Deux véhicules - arrière,4,2,3,0,1,1,1,0,1,50,2,3,2,0,0,1,30.0,65.0,voiture,deux_roues,1,2,1,1,2
202000001406,2020-05-20 18:35:00,2020,5,20,18,35,75,75119,RUE DE CRIMEE,48.877495,2.391897,Plein jour,En agglomération,Hors intersection,Normale,Deux véhicules - arrière,4,2,3,3,3,1,1,-1,6,50,2,4,1,0,0,3,29.0,,transport_commun,,1,2,1,1,2
202000001407,2020-05-20 16:45:00,2020,5,20,16,45,75,75119,QUAI DE L OISE,48.889496,2.381131,Plein jour,En agglomération,Hors intersection,Normale,Deux véhicules - côté,4,1,1,1,1,1,1,-1,5,30,2,2,0,0,0,2,44.0,12.0,deux_roues,deux_roues,1,2,1,1,3
202000001408,2020-05-20 17:05:00,2020,5,20,17,5,75,75119,BOULEVARD MACDONALD,48.898872,2.379324,Plein jour,En agglomération,Hors intersection,Normale,Autre collision,4,1,1,1,1,1,1,-1,5,20,1,2,1,0,0,1,24.0,,deux_roues,,1,2,1,1,6
202000001409,2020-05-20 13:20:00,2020,5,20,13,20,75,75118,RUE PHILIPPE DE GIRARD,48.888516,2.360627,Plein jour,En agglomération,Hors intersection,Normale,Autre collision,4,1,1,1,1,1,1,0,1,50,1,2,0,0,0,2,42.0,,deux_roues,,1,2,1,1,6
202000001410,2020-05-20 14:50:00,2020,5,20,14,50,75,75117,PLACE DU BRESIL,48.884255,2.302688,Plein jour,En agglomération,Intersection en X,Normale,Deux véhicules - côté,4,2,2,0,1,1,1,-1,5,30,2,2,1,0,0,1,22.0,59.0,deux_roues,voiture,1,2,2,1,3
202000001411,2020-05-19 12:25:00,2020,5,19,12,25,75,75116,PLACE DE LA PORTE MAILLOT,48.877153,2.283278,Plein jour,En agglomération,Place,Normale,Trois véhicules et plus - collisions multiples,4,2,5,0,1,2,1,0,1,50,3,2,1,0,0,1,46.0,41.0,deux_roues,utilitaire_camion,1,2,7,1,5
202000001412,2020-05-17 13:45:00,2020,5,17,13,45,75,75116,PLACE CHARLES DE GAULLE,48.873733,2.294071,Plein jour,En agglomération,Place,Normale,Deux véhicules - côté,4,1,-1,0,1,2,1,0,1,50,2,2,1,0,0,1,32.0,24.0,voiture,deux_roues,1,2,7,1,3
202000001413,2020-09-20 05:55:00,2020,9,20,5,55,93,93066,AUTOROUTE A1,48.9289705,2.3601722,Nuit sans éclairage public,Hors agglomération,Hors intersection,Normale,Autre collision,1,3,10,0,1,1,1,0,1,90,1,1,0,0,0,1,31.0,,voiture,,3,1,1,1,6
202000001414,2020-09-20 00:30:00,2020,9,20,0,30,95,95582, A15,48.96697,2.25474,Nuit sans éclairage public,Hors agglomération,Hors intersection,Normale,Deux véhicules - arrière,1,3,8,0,1,1,2,0,1,110,2,5,1,0,0,4,24.0,46.0,voiture,voiture,3,1,1,1,2
202000001415,2020-09-19 19:20:00,2020,9,19,19,20,95,95572,AUTOROUTE A15,49.03342,2.10533,Crépuscule ou aube,Hors agglomération,Hors intersection,Pluie forte,Trois véhicules et plus - en chaîne,1,3,9,0,1,1,2,0,1,90,6,7,6,0,0,1,26.0,34.0,utilitaire_camion,voiture,2,1,1,3,4
202000001416,2020-09-20 17:20:00,2020,9,20,17,20,94,94028,A86 EXT,48.7916209,2.4409774,Plein jour,Hors agglomération,Hors intersection,Normale,Deux véhicules - côté,1,-1,2,0,1,1,1,0,1,90,2,2,1,0,0,1,24.0,57.0,deux_roues,voiture,1,1,1,1,3
202000001417,2020-09-20 14:55:00,2020,9,20,14,55,77,77059,A104,48.8405776,2.6637615,Plein jour,Hors agglomération,Hors intersection,Normale,Sans collision,1,3,3,0,1,1,1,0,1,90,1,2,0,0,0,2,48.0,,deux_roues,,1,1,1,1,7
202000001418,2020-09-20 05:35:00,2020,9,20,5,35,77,77468,A4.W,48.8324869,2.6630188,Nuit sans éclairage public,Hors agglomération,Hors intersection,Normale,Sans collision,1,3,2,0,1,1,1,0,8,90,1,3,1,0,1,1,21.0,,voiture,,3,1,1,1,7
202000001419,2020-09-20 05:30:00,2020,9,20,5,30,77,77384,A5b,48.60463,2.63368,Nuit sans éclairage public,Hors agglomération,Hors intersection,Normale,,1,1,3,0,1,1,2,0,1,110,3,7,1,0,0,6,25.0,48.0,voiture,voiture,3,1,1,1,-1
202000001420,2020-09-19 06:30:00,2020,9,19,6,30,77,77517,A104.EXT,48.9031392,2.6475279,Nuit sans éclairage public,Hors agglomération,Hors intersection,Normale,,1,3,2,0,1,1,1,0,1,90,3,5,4,0,0,1,52.0,65.0,utilitaire_camion,voiture,3,1,1,1,-1
202000001421,2020-09-19 16:00:00,2020,9,19,16,0,974,97411,VINH-SAN (BLD 3 DU PRINCE),-20.883,55.4454,Plein jour,En agglomération,Hors intersection,Normale,Trois véhicules et plus - en chaîne,4,1,2,0,2,1,1,0,1,70,3,4,3,0,0,1,38.0,31.0,voiture,voiture,1,2,1,1,4
202000001422,2020-09-19 11:05:00,2020,9,19,11,5,974,97416,ANCIENNE RN 1,-21.325,55.4463,Plein jour,Hors agglomération,Autre intersection,Normale,Deux véhicules - côté,4,2,2,0,1,1,1,0,1,50,2,2,1,0,1,0,45.0,57.0,deux_roues,voiture,1,1,9,1,3
202000001423,2020-09-18 20:20:00,2020,9,18,20,20,69,69383,VENDOME                             (R ),45.76025,4.84667,Nuit avec éclairage allumé,En agglomération,Intersection en X,Normale,Autre collision,4,1,1,0,1,1,1,0,1,50,1,2,1,0,0,1,45.0,,voiture,,5,2,2,1,6
202000001424,2020-09-19 14:40:00,2020,9,19,14,40,971,97120,FAIDHERBE (BOULEVARD),16.24098,-61.53521,Plein jour,En agglomération,Intersection en X,Normale,Sans collision,3,2,4,0,1,1,1,0,1,30,1,1,0,0,0,1,26.0,,voiture,,1,2,2,1,7
202000001425,2020-09-19 17:45:00,2020,9,19,17,45,91,91687,MARGOT (RUE),48.67166,2.37196,Plein jour,En agglomération,Intersection en T,Normale,Deux véhicules - arrière,4,2,2,0,2,1,1,5,1,30,2,6,5,0,0,1,23.0,33.0,voiture,voiture,1,2,3,1,2
202000001426,2020-09-19 22:10:00,2020,9,19,22,10,91,91657,JULES VERNE (RUE),48.69713,2.4408,Nuit avec éclairage allumé,En agglomération,Intersection en X,Autre,Deux véhicules - côté,4,2,2,0,1,1,2,0,1,50,2,3,2,0,0,1,22.0,21.0,voiture,voiture,5,2,2,9,3
202000001427,2020-09-19 14:00:00,2020,9,19,14,0,83,83062,FABRI DE PEIRESC (AVENUE),43.14164,6.03,Plein jour,Hors agglomération,Hors intersection,Normale,Deux véhicules - côté,4,2,1,0,1,1,1,2,1,50,2,2,0,0,2,0,19.0,19.0,deux_roues,deux_roues,1,1,1,1,3
202000001428,2020-09-18 15:05:00,2020,9,18,15,5,83,83129,DE GAULLE (PROMENADE CHARLES),43.1099,5.81281,Plein jour,En agglomération,Hors intersection,Normale,Autre collision,4,2,2,1,1,1,1,0,5,20,1,2,0,0,0,2,52.0,,deux_roues,,1,2,1,1,6
202000001429,2020-09-11 08:15:00,2020,9,11,8,15,83,83129,STADE (RUE DU) N° IMPAIRS,43.095175,5.84476,Plein jour,En agglomération,Autre intersection,Normale,Deux véhicules - côté,4,2,2,1,1,1,1,0,1,50,2,2,1,0,0,1,11.0,52.0,deux_roues,voiture,1,2,9,1,3
202000001430,2020-09-18 17:40:00,2020,9,18,17,40,77,77215,RN4 HORS AGGLOMERATION,48.73533,2.74899,Plein jour,Hors agglomération,Hors intersection,Normale,,2,3,4,0,2,1,1,0,1,90,2,2,1,0,1,0,44.0,34.0,utilitaire_camion,voiture,1,1,1,1,-1
202000001431,2020-09-19 00:40:00,2020,9,19,0,40,76,76540,RENARD. RUE DU,49.45167,1.06954,Nuit avec éclairage allumé,En agglomération,Hors intersection,Normale,Deux véhicules - côté,4,2,2,0,1,1,1,0,1,30,2,2,1,0,1,0,27.0,20.0,deux_roues,voiture,5,2,1,1,3
202000001432,2020-09-18 14:00:00,2020,9,18,14,0,76,76540,LYONS. ROUTE DE (BRETELLE C),49.43686,1.12719,Plein jour,En agglomération,Hors intersection,Normale,Deux véhicules - arrière,3,1,3,0,1,1,1,0,1,50,2,2,0,0,0,2,20.0,23.0,voiture,voiture,1,2,1,1,2
202000001433,2020-09-18 11:35:00,2020,9,18,11,35,74,74305,DEUX MONTAGNES AU QUEBEC (RUE),46.20568,6.28047,Plein jour,En agglomération,Hors intersection,Normale,Deux véhicules - côté,4,2,2,0,1,1,1,0,1,50,2,2,1,0,0,1,38.0,19.0,deux_roues,voiture,1,2,1,1,3
202000001434,2020-09-19 22:00:00,2020,9,19,22,0,69,69266,EDOUARD VAILLANT      (Rue),45.77522,4.88024,Nuit avec éclairage allumé,En agglomération,Intersection en X,Normale,Deux véhicules - côté,4,1,1,1,1,1,1,0,5,50,2,2,1,0,0,1,43.0,24.0,utilitaire_camion,deux_roues,5,2,2,1,3
202000001435,2020-09-19 21:10:00,2020,9,19,21,10,69,69266,EMILE ZOLA     (Cours),45.7639087,4.9103341,Nuit avec éclairage allumé,En agglomération,Hors intersection,Normale,Autre collision,4,1,1,0,2,3,1,3,1,50,1,1,0,0,0,1,16.0,,deux_roues,,5,2,1,1,6
202000001436,2020-09-18 17:45:00,2020,9,18,17,45,69,69290,JEAN JAURES                         (AV),45.69723,4.93611,Plein jour,En agglomération,Intersection en X,Normale,Deux véhicules - côté,4,2,2,0,1,1,1,0,1,50,2,2,1,0,0,1,78.0,25.0,voiture,deux_roues,1,2,2,1,3
202000001437,2020-09-19 13:15:00,2020,9,19,13,15,69,69256,JEAN JAURES                         (R ),45.78699,4.93159,Plein jour,En agglomération,Hors intersection,Normale,Autre collision,4,1,1,0,1,2,1,0,1,30,1,2,1,0,0,1,56.0,,voiture,,1,2,1,1,6
202000001438,2020-09-19 13:55:00,2020,9,19,13,55,64,64140,COTE DU MOULIN,43.51781,-1.46484,Plein jour,En agglomération,Hors intersection,Normale,Sans collision,3,2,2,0,2,1,1,0,1,50,1,1,0,0,1,0,39.0,,deux_roues,,1,2,1,1,7
202000001439,2020-09-19 17:05:00,2020,9,19,17,5,59,59512,REPUBLIQUE (BOULEVARD DE LA),50.70222,3.16086,Plein jour,En agglomération,Hors intersection,Normale,Deux véhicules - côté,7,1,4,1,1,1,1,5,1,50,2,2,1,0,0,1,48.0,42.0,deux_roues,voiture,1,2,1,1,3
202000001440,2020-09-19 13:00:00,2020,9,19,13,0,51,51454,Rue Noël,49.257605,4.0277438,Plein jour,En agglomération,Hors intersection,Normale,Deux véhicules - côté,4,1,1,1,1,1,1,0,1,50,2,3,2,0,0,1,45.0,44.0,deux_roues,voiture,1,2,1,1,3
202000001441,2020-09-18 17:05:00,2020,9,18,17,5,51,51108,Rue Jean Jaurès,48.954284,4.3508828,Plein jour,En agglomération,Intersection en X,Normale,Deux véhicules - côté,4,2,6,1,2,1,1,0,1,50,2,2,1,0,0,1,69.0,55.0,voiture,deux_roues,1,2,2,1,3
202000001442,2020-09-19 12:50:00,2020,9,19,12,50,44,44162,RUE DE SAINT NAZAIRE,47.21132,-1.61735,Plein jour,En agglomération,Giratoire,Pluie légère,Deux véhicules - frontale,4,2,0,0,1,1,2,0,1,50,2,2,1,0,0,1,17.0,38.0,deux_roues,voiture,1,2,6,2,1
202000001443,2020-09-20 00:20:00,2020,9,20,0,20,38,38169,Avenue du Vercors,45.19244,5.69844,Nuit avec éclairage allumé,En agglomération,Intersection en X,Normale,Deux véhicules - arrière,3,2,2,0,4,1,1,0,1,50,2,5,0,0,0,5,23.0,19.0,voiture,voiture,5,2,2,1,2
202000001444,2020-09-18 18:38:00,2020,9,18,18,38,33,33522,CRS GAMBETTA / RUE ROGER SALENGRO,44.81562,-0.58664,Plein jour,En agglomération,Passage à niveau,Normale,,4,2,4,3,1,1,1,4,6,50,2,2,1,0,1,0,24.0,55.0,deux_roues,transport_commun,1,2,8,1,-1
202000001445,2020-09-17 16:45:00,2020,9,17,16,45,28,28085,MERMOZ (RUE JEAN),48.4503,1.50923,Plein jour,En agglomération,Intersection en T,Normale,Deux véhicules - arrière,4,2,3,0,1,1,1,0,1,50,2,2,1,0,0,1,60.0,63.0,voiture,deux_roues,1,2,3,1,2
202000001446,2020-09-19 16:30:00,2020,9,19,16,30,17,17333,COTE DE BEAUTE (BOULEVARD),45.59758,-0.99256,Plein jour,En agglomération,Hors intersection,Normale,Deux véhicules - arrière,4,2,2,0,1,1,1,0,1,30,2,3,1,0,0,2,76.0,66.0,voiture,deux_roues,1,2,1,1,2
202000001447,2020-09-18 18:50:00,2020,9,18,18,50,17,17306,TARTANE (DE LA),45.61903,-1.03057,Plein jour,En agglomération,Hors intersection,Normale,Deux véhicules - côté,4,3,1,0,2,1,1,9,1,10,2,4,3,0,0,1,37.0,76.0,utilitaire_camion,deux_roues,1,2,1,1,3
202000001448,2020-09-18 08:15:00,2020,9,18,8,15,14,14715,FERNAND MOUREAUX (BOULEVARD),49.36481,0.08241,Plein jour,En agglomération,Hors intersection,Normale,Deux véhicules - côté,3,1,2,0,1,1,1,0,1,30,2,2,1,0,0,1,23.0,27.0,deux_roues,utilitaire_camion,1,2,1,1,3
202000001449,2020-09-19 20:20:00,2020,9,19,20,20,13,13214,ARNAVON (AVENUE),43.33,5.382,Nuit avec éclairage allumé,En agglomération,Hors intersection,Normale,,2,1,3,0,2,1,1,0,3,50,2,5,2,0,1,2,39.0,,voiture,,5,2,1,1,-1
202000001450,2020-09-19 12:10:00,2020,9,19,12,10,13,13205,BRIFFAUT (RUE),43.294715,5.395462,Plein jour,En agglomération,Hors intersection,Normale,Autre collision,4,2,2,0,1,1,1,0,1,50,1,1,0,0,1,0,16.0,,deux_roues,,1,2,1,1,6
202000001451,2020-09-18 11:50:00,2020,9,18,11,50,10,10387,PIERRE BROSSOLETTE AVENUE,48.292564,4.074128,Plein jour,En agglomération,Hors intersection,Normale,Deux véhicules - arrière,4,2,4,0,1,1,1,0,1,50,2,2,1,0,0,1,36.0,43.0,deux_roues,voiture,1,2,1,1,2
202000001452,2020-09-19 13:45:00,2020,9,19,13,45,75,75119,BOULEVARD PERIPHERIQUE,48.900334,2.380785,Plein jour,En agglomération,Hors intersection,Normale,Trois véhicules et plus - en chaîne,4,1,4,0,1,1,1,0,1,70,3,9,8,0,0,1,37.0,39.0,voiture,voiture,1,2,1,1,4
202000001453,2020-09-19 14:08:00,2020,9,19,14,8,75,75117,BOULEVARD PERIPHERIQUE,48.90005,2.320884,Plein jour,En agglomération,Hors intersection,Normale,Deux véhicules - côté,4,1,4,0,1,3,1,0,1,70,2,3,1,0,2,0,51.0,22.0,deux_roues,voiture,1,2,1,1,3
202000001454,2020-09-18 23:55:00,2020,9,18,23,55,75,75105,RUE BUFFON,48.843186,2.364158,Nuit avec éclairage allumé,En agglomération,Intersection en Y,Normale,Deux véhicules - côté,4,1,1,0,1,3,1,0,1,30,2,1,0,0,1,0,62.0,,deux_roues,,5,2,4,1,3
202000001455,2020-09-18 17:50:00,2020,9,18,17,50,75,75105,RUE DES CARMES,48.848904,2.347471,Plein jour,En agglomération,Intersection en X,Normale,Deux véhicules - côté,4,1,1,0,2,1,1,0,1,50,2,2,1,0,0,1,26.0,27.0,voiture,deux_roues,1,2,2,1,3
202000001456,2020-09-19 02:45:00,2020,9,19,2,45,75,75120,PLACE DE LA PORTE DE MONTREUIL,48.853912,2.413003,Nuit avec éclairage allumé,En agglomération,Place,Normale,Deux véhicules - côté,4,1,4,0,1,3,1,0,1,50,2,3,1,0,0,2,48.0,30.0,voiture,voiture,5,2,7,1,3
202000001457,2020-09-19 17:00:00,2020,9,19,17,0,75,75119,AVENUE DE LA PORTE DE PANTIN,48.889723,2.396672,Plein jour,En agglomération,Intersection en Y,Normale,Sans collision,4,2,6,0,1,1,8,0,1,50,1,2,1,0,0,1,48.0,,deux_roues,,1,2,4,1,7
202000001458,2020-09-19 19:55:00,2020,9,19,19,55,75,75118,RUE ORDENER,48.89087,2.35326,Nuit avec éclairage allumé,En agglomération,Intersection en T,Normale,Trois véhicules et plus - collisions multiples,4,2,2,0,1,1,1,0,1,50,3,2,1,0,1,0,43.0,36.0,deux_roues,voiture,5,2,3,1,5
202000001459,2020-09-19 19:40:00,2020,9,19,19,40,75,75117,RUE GUY MOQUET,48.891511,2.320329,Nuit avec éclairage allumé,En agglomération,Intersection en X,Pluie forte,Sans collision,4,2,2,0,1,1,2,0,1,30,1,2,1,0,0,1,30.0,,deux_roues,,5,2,2,3,7
202000001460,2020-09-19 16:15:00,2020,9,19,16,15,75,75116,AVENUE DE LA PORTE DE SAINT CLOUD,48.838568,2.252683,Plein jour,En agglomération,Hors intersection,Normale,Deux véhicules - côté,4,2,4,0,1,1,1,0,1,50,2,2,1,0,0,1,45.0,35.0,voiture,deux_roues,1,2,1,1,3
202000001461,2020-09-19 02:35:00,2020,9,19,2,35,75,75116,AVENUE DU PRESIDENT KENNEDY,48.855826,2.285247,Nuit avec éclairage allumé,En agglomération,Intersection en T,Normale,Deux véhicules - arrière,4,2,3,0,1,1,1,0,1,50,2,2,1,0,0,1,25.0,50.0,voiture,voiture,5,2,3,1,2
202000001462,2020-09-19 22:00:00,2020,9,19,22,0,75,75113,AVENUE D ITALIE,48.829891,2.356121,Nuit avec éclairage allumé,En agglomération,Hors intersection,Normale,Deux véhicules - arrière,4,2,4,0,1,1,2,0,1,50,2,2,1,0,0,1,28.0,,voiture,,5,2,1,1,2
202000001463,2020-09-19 16:00:00,2020,9,19,16,0,75,75111,AVENUE DU TRONE,48.84844,2.397814,Plein jour,En agglomération,Hors intersection,Normale,Autre collision,4,2,6,0,1,1,1,0,1,50,1,3,1,0,0,2,84.0,,voiture,,1,2,1,1,6