accident_id,datetime,annee,mois,jour,heure,minute,departement,commune_insee,adresse,latitude,longitude,luminosite,agglomeration,intersection,meteo,collision,catr,circ,nbv,vosp,prof,plan,surf,infra,situ,vma,nb_vehicules,nb_usagers,nb_indemnes,nb_tues,nb_blesses_hosp,nb_blesses_legers,age_cond_1,age_cond_2,veh_type_cond_1,veh_type_cond_2,lum_code,agg_code,int_code,atm_code,col_code
202000001557,2020-09-19 23:20:00,2020,9,19,23,20,69,69110,Lieu dit Choules,45.624213,4.497115,Nuit sans éclairage public,Hors agglomération,Hors intersection,Pluie légère,Autre collision,3,2,2,0,1,3,8,0,1,80,1,1,0,0,1,0,59.0,,voiture,,3,1,1,2,6
202000001558,2020-09-20 17:00:00,2020,9,20,17,0,60,60612,Cours Thore Montmorency,49.208731,2.5861,Plein jour,En agglomération,Hors intersection,Normale,Trois véhicules et plus - collisions multiples,3,2,2,0,1,1,1,0,1,50,3,6,4,0,0,2,68.0,49.0,voiture,voiture,1,2,1,1,5
202000001559,2020-09-19 21:30:00,2020,9,19,21,30,02,02495,2 Rue de Quiquengrogne,49.959931,4.013271,Nuit avec éclairage allumé,Hors agglomération,Intersection en X,Normale,Deux véhicules - côté,3,2,2,0,3,1,1,0,1,70,2,2,1,0,1,0,38.0,21.0,voiture,voiture,5,1,2,1,3
202000001560,2020-09-18 07:45:00,2020,9,18,7,45,13,13015,A51-Sens Aix en Provence vers Marseille,43.43004,5.3908,Crépuscule ou aube,Hors agglomération,Hors intersection,Normale,Deux véhicules - arrière,1,1,1,0,3,1,1,0,1,70,2,2,1,0,0,1,32.0,32.0,utilitaire_camion,voiture,2,1,1,1,2
202000001561,2020-09-16 11:15:00,2020,9,16,11,15,57,57672,Autoroute A31,49.3482,6.1645,Plein jour,Hors agglomération,Hors intersection,Normale,Deux véhicules - arrière,1,3,5,0,1,1,1,2,1,90,2,3,1,0,1,1,55.0,69.0,utilitaire_camion,utilitaire_camion,1,1,1,1,2
202000001562,2020-09-19 19:35:00,2020,9,19,19,35,91,91182,AUTOROUTE A6,48.6227,2.4217,Plein jour,Hors agglomération,Hors intersection,Pluie forte,Trois véhicules et plus - en chaîne,1,3,3,0,1,1,2,0,1,110,3,3,1,0,0,2,51.0,54.0,voiture,voiture,1,1,1,3,4
202000001563,2020-09-18 23:48:00,2020,9,18,23,48,91,91136,AUTOROUTE A10,48.71717,2.26385,Nuit sans éclairage public,Hors agglomération,Hors intersection,Normale,Deux véhicules - arrière,1,3,6,0,1,1,1,0,1,90,2,2,1,0,0,1,31.0,29.0,utilitaire_camion,voiture,3,1,1,1,2
202000001564,2020-09-19 20:45:00,2020,9,19,20,45,92,92050,A86,48.9157716,2.2208185,Nuit avec éclairage non allumé,Hors agglomération,Hors intersection,Pluie légère,Trois véhicules et plus - en chaîne,1,3,4,0,1,1,2,0,1,90,3,5,4,0,0,1,48.0,25.0,utilitaire_camion,voiture,4,1,1,2,4
202000001565,2020-09-19 18:40:00,2020,9,19,18,40,92,92036,A86,48.9385824,2.3027274,Plein jour,Hors agglomération,Hors intersection,Pluie légère,Sans collision,1,1,1,0,1,3,2,0,1,70,1,1,0,0,0,1,52.0,,voiture,,1,1,1,2,7
202000001566,2020-09-19 02:22:00,2020,9,19,2,22,92,92050,A86,48.89329,2.18799,Nuit avec éclairage non allumé,Hors agglomération,Hors intersection,Normale,Deux véhicules - arrière,1,3,6,0,1,3,1,0,1,70,2,2,0,0,0,2,21.0,26.0,voiture,voiture,4,1,1,1,2
202000001567,2020-09-19 02:22:00,2020,9,19,2,22,92,92050,A86,48.89329,2.18799,Nuit avec éclairage non allumé,Hors agglomération,Hors intersection,Normale,Autre collision,1,1,3,0,1,3,1,0,1,70,1,1,0,1,0,0,34.0,,deux_roues,,4,1,1,1,6
202000001568,2020-09-19 02:05:00,2020,9,19,2,5,78,78158,A13,48.83131,2.1461,Nuit avec éclairage allumé,Hors agglomération,Hors intersection,Normale,Autre collision,1,3,1,0,2,2,1,0,1,70,1,1,0,0,0,1,77.0,,voiture,,5,1,1,1,6
202000001569,2020-09-18 19:20:00,2020,9,18,19,20,93,93010,AUTOROUTE A3,48.90567,2.47214,Crépuscule ou aube,Hors agglomération,Hors intersection,Normale,,1,3,6,0,1,1,1,0,1,70,2,2,1,0,0,1,21.0,25.0,voiture,voiture,2,1,1,1,-1
202000001570,2020-09-19 00:05:00,2020,9,19,0,5,95,95061,RN 104,49.06826,2.25331,Nuit sans éclairage public,Hors agglomération,Hors intersection,Normale,Autre collision,2,3,4,0,1,1,1,0,1,110,1,1,0,0,0,1,40.0,,voiture,,3,1,1,1,6
202000001571,2020-09-18 19:20:00,2020,9,18,19,20,95,95572, A15,49.03199,2.11556,Plein jour,Hors agglomération,Hors intersection,Normale,Trois véhicules et plus - en chaîne,1,3,9,0,1,1,1,0,1,90,4,4,2,0,0,2,38.0,59.0,voiture,voiture,1,1,1,1,4
202000001572,2020-09-18 17:50:00,2020,9,18,17,50,93,93053,AUTOROUTE A103,48.88383,2.46932,Plein jour,Hors agglomération,Hors intersection,Normale,Trois véhicules et plus - en chaîne,1,3,5,0,1,3,1,0,1,70,3,5,2,0,0,3,52.0,21.0,voiture,voiture,1,1,1,1,4
202000001573,2020-09-18 09:30:00,2020,9,18,9,30,93,93066,AUTOROUTE A86,48.92235,2.35848,Plein jour,Hors agglomération,Hors intersection,Normale,Deux véhicules - arrière,1,3,9,0,1,1,1,0,1,90,2,2,1,0,0,1,23.0,45.0,deux_roues,utilitaire_camion,1,1,1,1,2
202000001574,2020-09-18 21:00:00,2020,9,18,21,0,75,75112,A4,48.8257,2.46474,Nuit avec éclairage allumé,Hors agglomération,Hors intersection,Normale,Autre collision,1,3,4,0,2,3,1,2,1,90,1,1,0,0,1,0,37.0,,utilitaire_camion,,5,1,1,1,6
202000001575,2020-07-19 13:30:00,2020,7,19,13,30,64,64102,BAB (Boulevard),43.49071,-1.48314,Plein jour,En agglomération,Intersection en T,Normale,Deux véhicules - côté,4,1,3,0,1,1,1,0,1,50,2,2,1,0,0,1,57.0,16.0,voiture,deux_roues,1,2,3,1,3
202000001576,2020-07-09 14:45:00,2020,7,9,14,45,13,13002,DES TERMES (ROUTE) RD 908,43.36823,5.50266,Plein jour,Hors agglomération,Hors intersection,Normale,Sans collision,3,2,2,0,2,2,1,0,1,70,1,2,0,0,0,2,30.0,,deux_roues,,1,1,1,1,7
202000001577,2020-09-18 09:30:00,2020,9,18,9,30,974,97411,BERTIN,-20.88793,55.45346,Plein jour,En agglomération,Intersection en T,Normale,,4,2,2,0,1,1,1,0,1,50,2,2,1,0,0,1,78.0,48.0,utilitaire_camion,utilitaire_camion,1,2,3,1,-1
202000001578,2020-09-16 07:40:00,2020,9,16,7,40,974,97411,BOUVET,-20.887,55.483,Crépuscule ou aube,En agglomération,Hors intersection,Normale,Autre collision,4,2,2,0,1,1,1,9,1,50,1,2,1,0,1,0,25.0,,utilitaire_camion,,2,2,1,1,6
202000001579,2020-08-08 20:14:00,2020,8,8,20,14,973,97302,TIGRE (ROUTE DU),4.91827,-52.3152208,Nuit avec éclairage allumé,En agglomération,Autre intersection,Normale,Deux véhicules - côté,3,2,2,0,1,1,1,0,1,2,2,2,1,0,0,1,30.0,19.0,voiture,deux_roues,5,2,9,1,3
202000001580,2020-09-18 15:30:00,2020,9,18,15,30,69,69388,AMBROISE PARE                       (BD),45.7373262,4.8842138,Plein jour,En agglomération,Intersection en X,Normale,Deux véhicules - côté,4,2,2,0,1,1,1,5,1,50,2,3,2,0,0,1,30.0,23.0,voiture,voiture,1,2,2,1,3
202000001581,2020-09-18 14:25:00,2020,9,18,14,25,69,69199,JEAN JAURES                         (AV),45.7129,4.8551,Plein jour,En agglomération,Hors intersection,Normale,Deux véhicules - côté,3,2,4,3,1,1,1,9,1,50,2,2,1,0,1,0,29.0,54.0,voiture,deux_roues,1,2,1,1,3
202000001582,2020-09-18 13:45:00,2020,9,18,13,45,69,69387,TONY GARNIER                        (AV),45.726509,4.8292087,Plein jour,En agglomération,Hors intersection,Normale,Autre collision,4,3,3,0,1,1,1,0,1,50,1,1,0,0,0,1,20.0,,voiture,,1,2,1,1,6
202000001583,2020-09-18 13:58:00,2020,9,18,13,58,69,69387,YVES FARGES                         (BD),45.7389415,4.8303968,Plein jour,En agglomération,Intersection en X,Normale,Sans collision,4,2,4,0,1,1,1,0,1,50,1,1,0,0,0,1,29.0,,deux_roues,,1,2,2,1,7
202000001584,2020-09-18 12:00:00,2020,9,18,12,0,69,69388,EPARGNE (DE L')                     (R ),45.74485,4.85155,Plein jour,En agglomération,Hors intersection,Normale,Deux véhicules - côté,4,2,4,1,1,1,1,0,1,50,2,2,1,0,0,1,37.0,37.0,voiture,deux_roues,1,2,1,1,3
202000001585,2020-09-18 09:00:00,2020,9,18,9,0,69,69259,FRANCIS DE PRESSENSE                (AV),45.72585,4.86314,Plein jour,En agglomération,Hors intersection,Normale,Deux véhicules - côté,4,2,2,1,1,1,1,0,1,50,2,2,1,0,0,1,44.0,35.0,voiture,deux_roues,1,2,1,1,3
202000001586,2020-09-18 08:10:00,2020,9,18,8,10,69,69384,PHILIPPE DE LASSALLE                (R ),45.7836025,4.820818,Plein jour,En agglomération,Hors intersection,Normale,Deux véhicules - arrière,4,2,2,0,1,1,1,0,1,50,2,2,1,0,0,1,45.0,22.0,voiture,deux_roues,1,2,1,1,2
202000001587,2020-09-18 05:10:00,2020,9,18,5,10,69,69081,VALVERT                                 ,45.77168,4.78787,Nuit avec éclairage allumé,En agglomération,Hors intersection,Normale,Sans collision,7,1,2,0,2,3,1,3,1,50,1,2,1,0,1,0,19.0,,voiture,,5,2,1,1,7
202000001588,2020-09-17 11:15:00,2020,9,17,11,15,69,69034,FRANCOIS PEISSEL                    (R ),45.7965233,4.8425862,Plein jour,En agglomération,Hors intersection,Normale,Autre collision,4,2,2,0,2,1,1,0,1,50,1,2,1,0,0,1,31.0,,voiture,,1,2,1,1,6
202000001589,2020-09-18 16:40:00,2020,9,18,16,40,91,91687,DUPARCHY (RUE),48.6741,2.36571,Plein jour,En agglomération,Intersection en X,Normale,Autre collision,3,-1,2,0,1,2,1,0,1,50,1,2,1,0,0,1,47.0,,voiture,,1,2,2,1,6
202000001590,2020-09-18 11:30:00,2020,9,18,11,30,91,91286,GUSTAVE EIFFEL (RUE),48.67004,2.39556,Plein jour,En agglomération,Hors intersection,Normale,Deux véhicules - côté,3,2,0,0,1,1,1,0,1,50,2,3,2,0,0,1,48.0,34.0,voiture,voiture,1,2,1,1,3
202000001591,2020-09-17 18:17:00,2020,9,17,18,17,87,87085,BEL AIR (BOULEVARD DE),45.8215,1.2457,Plein jour,En agglomération,Intersection en X,Normale,Deux véhicules - côté,4,2,2,0,1,1,1,5,1,50,2,2,1,0,1,0,35.0,40.0,deux_roues,voiture,1,2,2,1,3
202000001592,2020-09-16 11:45:00,2020,9,16,11,45,87,87048,NEXON (ROUTE DE),45.78023,1.22185,Plein jour,Hors agglomération,Hors intersection,Normale,Sans collision,3,2,2,0,1,1,1,0,3,80,1,1,0,0,0,1,19.0,,deux_roues,,1,1,1,1,7
202000001593,2020-09-17 10:43:00,2020,9,17,10,43,87,87085,CURIE  (RUE PIERRE ET MARIE),45.82024,1.24504,Plein jour,En agglomération,Hors intersection,Normale,Deux véhicules - côté,4,2,2,0,2,1,1,0,1,50,2,2,1,0,0,1,37.0,88.0,deux_roues,voiture,1,2,1,1,3
202000001594,2020-09-12 23:05:00,2020,9,12,23,5,84,84087,JONQUIERES (ROUTE DE),44.1227,4.835,Nuit sans éclairage public,En agglomération,Hors intersection,Normale,Autre collision,3,2,2,0,1,2,1,0,3,70,1,1,0,0,1,0,34.0,,voiture,,3,2,1,1,6
202000001595,2020-09-17 09:55:00,2020,9,17,9,55,83,83050,RD 54,43.5226687,6.5252084,Plein jour,Hors agglomération,Hors intersection,Normale,Deux véhicules - côté,3,-1,0,0,1,1,1,9,1,70,2,2,1,0,1,0,49.0,51.0,voiture,voiture,1,1,1,1,3
202000001596,2020-09-18 13:39:00,2020,9,18,13,39,81,81065,Chemin de Tournemire,43.6232268,2.283661,Plein jour,En agglomération,Hors intersection,Normale,Deux véhicules - côté,4,2,2,0,2,2,1,0,1,50,2,4,0,0,3,1,41.0,24.0,voiture,voiture,1,2,1,1,3
202000001597,2020-09-17 08:30:00,2020,9,17,8,30,80,80021,POULAINVILLE (RUE DE),49.93331,2.27885,Plein jour,En agglomération,Hors intersection,Normale,Deux véhicules - arrière,4,2,2,0,1,1,1,0,1,50,2,2,1,0,0,1,42.0,34.0,voiture,utilitaire_camion,1,2,1,1,2
202000001598,2020-09-17 22:05:00,2020,9,17,22,5,80,80021,VULFRAN WARME (RUE),49.88882,2.30697,Nuit avec éclairage allumé,En agglomération,Intersection en T,Normale,Deux véhicules - frontale,4,2,2,0,2,1,1,0,1,50,2,2,1,0,0,1,18.0,28.0,deux_roues,voiture,5,2,3,1,1
202000001599,2020-09-18 19:30:00,2020,9,18,19,30,78,78498,MALADRERIE AV DE LA,48.919667,2.029353,Plein jour,En agglomération,Hors intersection,Normale,Deux véhicules - côté,3,2,2,0,1,1,1,0,1,50,2,2,1,0,0,1,59.0,41.0,deux_roues,voiture,1,2,1,1,3
202000001600,2020-09-18 18:55:00,2020,9,18,18,55,77,77294,EVREUX (RUE D'),48.962091,2.59141,Plein jour,En agglomération,Hors intersection,Normale,Autre collision,4,2,1,0,1,1,1,0,1,50,1,2,1,0,0,1,49.0,,voiture,,1,2,1,1,6
202000001601,2020-09-18 13:45:00,2020,9,18,13,45,77,77468,LEON BLUM (RUE),48.84034,2.65527,Plein jour,En agglomération,Hors intersection,Normale,Autre collision,4,2,2,0,1,1,1,0,1,50,1,2,1,0,0,1,30.0,,voiture,,1,2,1,1,6
202000001602,2020-09-18 12:10:00,2020,9,18,12,10,77,77269,D.408,48.54248,2.70411,Plein jour,Hors agglomération,Intersection en X,Normale,Deux véhicules - côté,3,3,3,0,1,1,1,5,1,90,2,2,1,1,0,0,34.0,40.0,voiture,deux_roues,1,1,2,1,3
202000001603,2020-09-18 15:26:00,2020,9,18,15,26,77,77237,GONDOIRE (COURS DE LA),48.84975,2.768383,Plein jour,Hors agglomération,Intersection en T,Normale,Deux véhicules - frontale,3,3,-1,-1,1,1,1,5,1,-1,2,3,1,0,0,2,21.0,20.0,voiture,voiture,1,1,3,1,1
202000001604,2020-09-18 14:55:00,2020,9,18,14,55,77,77186,RD 409 panneau ONF à LIBERATION,48.4157896,2.6249502,Plein jour,Hors agglomération,Hors intersection,Normale,Autre collision,3,2,2,0,2,2,1,0,8,90,1,1,0,0,1,0,19.0,,deux_roues,,1,1,1,1,6
202000001605,2020-09-17 15:55:00,2020,9,17,15,55,77,77186,ANDRE MAGINOT (BOULEVARD),48.4067293,2.6884689,Plein jour,En agglomération,Intersection en X,Temps éblouissant,Deux véhicules - côté,3,2,2,0,1,1,1,0,1,50,2,2,1,0,1,0,20.0,41.0,voiture,deux_roues,1,2,2,7,3
202000001606,2020-09-17 14:10:00,2020,9,17,14,10,76,76108,JUIN. AVENUE DU MARECHAL,49.46354,1.1172,Plein jour,En agglomération,Hors intersection,Normale,Deux véhicules - côté,3,2,2,0,1,1,1,0,1,50,2,2,1,0,0,1,47.0,82.0,voiture,voiture,1,2,1,1,3
202000001607,2020-09-17 17:20:00,2020,9,17,17,20,76,76498,JAURES. AVENUE JEAN,49.42747,1.06676,Plein jour,En agglomération,Hors intersection,Normale,,3,1,1,3,1,1,1,0,1,30,2,1,0,0,0,1,33.0,,deux_roues,,1,2,1,1,-1
202000001608,2020-09-17 13:10:00,2020,9,17,13,10,76,76366,FRESQUIENNES. ROUTE DE (CD 124),49.51072,1.0329,Plein jour,En agglomération,Hors intersection,Normale,Deux véhicules - frontale,3,2,2,0,1,2,1,0,1,50,2,2,0,0,0,2,22.0,40.0,deux_roues,voiture,1,2,1,1,1
202000001609,2020-09-16 19:50:00,2020,9,16,19,50,76,76366,SAINT JEAN. ROUTE DE,49.51011,1.03158,Crépuscule ou aube,En agglomération,Intersection en T,Normale,Sans collision,3,2,2,0,1,1,1,0,1,50,1,2,1,0,0,1,33.0,,voiture,,2,2,3,1,7
202000001610,2020-06-23 20:20:00,2020,6,23,20,20,45,45298,ROUTE DE SAINT MESMIN - Rue Hatton,47.884738,1.878332,Plein jour,En agglomération,Intersection en T,Normale,Deux véhicules - côté,3,4,5,0,1,1,1,0,1,50,2,1,0,0,0,1,20.0,,voiture,,1,2,3,1,3
202000001611,2020-06-23 10:40:00,2020,6,23,10,40,45,45234,Boulevard de Chateaudun - rue des murlins,47.9141193,1.8957877,Plein jour,En agglomération,Intersection en X,Normale,Deux véhicules - frontale,4,2,3,1,1,1,1,0,1,50,2,2,1,0,0,1,73.0,18.0,voiture,deux_roues,1,2,2,1,1
202000001612,2020-03-13 14:44:00,2020,3,13,14,44,42,42218,Chemin Crx de l'Orme Béraudière,45.40909,4.37823,Plein jour,En agglomération,Hors intersection,Normale,Deux véhicules - frontale,4,2,2,0,1,1,1,0,1,50,2,2,1,0,0,1,66.0,16.0,voiture,deux_roues,1,2,1,1,1
202000001613,2020-06-23 10:45:00,2020,6,23,10,45,35,35238,133 Rue de Lorient,48.1071,-1.7196,Plein jour,En agglomération,Hors intersection,Normale,Trois véhicules et plus - en chaîne,2,3,6,0,1,1,1,3,1,50,3,4,3,0,0,1,43.0,58.0,voiture,voiture,1,2,1,1,4
202000001614,2020-06-19 17:00:00,2020,6,19,17,0,34,34032,MISTRAL FREDERIC (BD),43.3449,3.21996,Plein jour,En agglomération,Intersection en X,Normale,Deux véhicules - côté,4,2,2,0,2,1,1,0,1,50,2,2,1,0,1,0,32.0,34.0,voiture,deux_roues,1,2,2,1,3
202000001615,2020-06-23 13:30:00,2020,6,23,13,30,33,33069,RUE COUDOL / AVE DE TIVOLI,44.8665946,-0.5958238,Plein jour,En agglomération,Intersection en T,Normale,Deux véhicules - frontale,4,2,4,2,1,1,1,5,1,50,2,2,1,0,0,1,69.0,24.0,deux_roues,voiture,1,2,3,1,1
202000001616,2020-06-20 23:00:00,2020,6,20,23,0,33,33529,BISCAROSSE (AVE) DUNE VERS BISCA,44.495194,-1.235851,Nuit sans éclairage public,Hors agglomération,Hors intersection,Normale,Autre collision,3,2,2,0,1,1,1,0,1,80,1,2,1,1,0,0,37.0,,voiture,,3,1,1,1,6
202000001617,2020-06-23 13:33:00,2020,6,23,13,33,32,32013,BATAILLE (CHEMIN DE),43.6626,0.5888,Plein jour,En agglomération,Hors intersection,Normale,Sans collision,2,2,2,0,1,1,1,1,1,50,1,1,0,0,1,0,25.0,,deux_roues,,1,2,1,1,7
202000001618,2020-06-23 12:00:00,2020,6,23,12,0,31,31555,VA007495 A62,43.65295,1.42929,Plein jour,Hors agglomération,Intersection en Y,Normale,Deux véhicules - côté,1,1,2,3,1,3,1,0,1,90,2,2,1,0,0,1,41.0,23.0,voiture,deux_roues,1,1,4,1,3
202000001619,2020-06-23 08:08:00,2020,6,23,8,8,31,31555,30 PONTS JUMEAUX  (PERIPH OUEST A620),43.6063,1.4061,Plein jour,Hors agglomération,Autre intersection,Normale,Trois véhicules et plus - en chaîne,1,1,4,3,1,1,1,0,1,90,3,3,2,0,1,0,24.0,62.0,deux_roues,voiture,1,1,9,1,4
202000001620,2020-06-20 00:30:00,2020,6,20,0,30,31,31555,AV JEAN CHAUBET,43.6043,1.47433,Nuit avec éclairage allumé,En agglomération,Intersection en T,Normale,Deux véhicules - côté,3,2,2,0,2,1,1,0,1,50,2,5,0,0,2,3,34.0,17.0,voiture,deux_roues,5,2,3,1,3
202000001621,2020-06-19 08:20:00,2020,6,19,8,20,30,30028,VINCENT AURIOL (AVENUE),44.155573,4.616684,Plein jour,En agglomération,Hors intersection,Normale,Deux véhicules - côté,4,2,0,0,1,1,1,0,1,30,2,2,1,0,0,1,42.0,23.0,voiture,deux_roues,1,2,1,1,3
202000001622,2020-06-23 08:00:00,2020,6,23,8,0,28,28085,FRESNAY (RUE DE),48.46309,1.47275,Plein jour,Hors agglomération,Intersection en T,Normale,Deux véhicules - côté,3,2,2,0,1,1,1,5,1,70,2,2,1,0,0,1,46.0,10.0,voiture,deux_roues,1,1,3,1,3
202000001623,2020-06-18 19:00:00,2020,6,18,19,0,27,27229,FER A CHEVAL (RUE DU),49.02913,1.16903,Plein jour,En agglomération,Hors intersection,Normale,Autre collision,4,1,2,0,1,1,1,0,1,50,1,2,1,0,0,1,21.0,,voiture,,1,2,1,1,6
202000001624,2020-06-22 05:20:00,2020,6,22,5,20,24,24322,SAUMANDE (BOULEVARD GEORGES),45.1837,0.72444,Nuit avec éclairage allumé,En agglomération,Intersection en X,Normale,Deux véhicules - côté,3,2,2,0,1,1,1,2,1,50,2,3,0,0,2,1,21.0,30.0,deux_roues,voiture,5,2,2,1,3
202000001625,2020-06-22 10:38:00,2020,6,22,10,38,23,23096,BERRY (AVENUE DU),46.1756,1.8745,Plein jour,En agglomération,Intersection en X,Normale,Deux véhicules - côté,4,2,2,0,1,1,1,0,1,50,2,2,1,0,1,0,18.0,76.0,deux_roues,voiture,1,2,2,1,3
202000001626,2020-06-20 11:41:00,2020,6,20,11,41,21,21166,92 Rue Maxime Guillot,47.29953,5.01565,Plein jour,En agglomération,Intersection en T,Normale,Deux véhicules - côté,4,2,2,0,1,1,1,0,1,50,2,2,1,0,1,0,21.0,25.0,deux_roues,voiture,1,2,3,1,3
202000001627,2020-06-23 11:25:00,2020,6,23,11,25,17,17028,SALENGRO   AVENUE ROGER,46.13949,-1.13154,Plein jour,En agglomération,Hors intersection,Normale,Deux véhicules - côté,4,2,2,1,2,3,1,1,1,50,2,2,1,0,0,1,70.0,49.0,utilitaire_camion,deux_roues,1,2,1,1,3
202000001628,2020-06-23 19:05:00,2020,6,23,19,5,13,13211,MIREILLE LAUZE (Bd),43.287,5.4333,Plein jour,En agglomération,Hors intersection,Normale,Deux véhicules - côté,4,2,2,0,1,1,1,0,1,50,2,2,1,0,1,0,40.0,20.0,voiture,deux_roues,1,2,1,1,3
202000001629,2020-06-23 16:20:00,2020,6,23,16,20,13,13206,EDOUARD PONS (RUE),43.28864,5.38841,Plein jour,En agglomération,Intersection en X,Normale,Deux véhicules - côté,4,1,2,0,1,1,1,0,1,50,2,3,2,0,0,1,59.0,46.0,voiture,utilitaire_camion,1,2,2,1,3
202000001630,2020-06-23 09:30:00,2020,6,23,9,30,13,13213,CHATEAU GOMBERT CHEMIN,43.345104,5.423716,Plein jour,En agglomération,Hors intersection,Normale,Autre collision,4,2,2,0,1,1,1,0,1,50,1,2,1,0,1,0,67.0,,voiture,,1,2,1,1,6
202000001631,2020-06-19 11:00:00,2020,6,19,11,0,13,13212,SAINT PIERRE (RUE),43.291538,5.416089,Plein jour,En agglomération,Hors intersection,Normale,Deux véhicules - côté,4,2,3,0,2,1,1,0,1,50,2,2,1,0,0,1,71.0,30.0,voiture,deux_roues,1,2,1,1,3
202000001632,2020-06-23 09:20:00,2020,6,23,9,20,13,13209,LALI (RUE),43.246092,5.404044,Plein jour,En agglomération,Intersection en T,Normale,Autre collision,4,2,1,0,1,1,1,0,1,50,1,2,1,0,0,1,78.0,,voiture,,1,2,3,1,6
202000001633,2020-06-22 06:30:00,2020,6,22,6,30,13,13210,RABATAU (BOULEVARD),43.276326,5.39731,Plein jour,En agglomération,Hors intersection,Normale,Sans collision,7,2,4,0,1,1,1,0,1,50,1,1,0,0,1,0,57.0,,deux_roues,,1,2,1,1,7
202000001634,2020-06-23 22:40:00,2020,6,23,22,40,13,13047,FOS (ROUTE DE) - RN 569,43.4897,4.9665,Nuit sans éclairage public,Hors agglomération,Hors intersection,Normale,Deux véhicules - côté,4,2,2,0,1,1,1,0,1,70,2,2,0,0,0,2,21.0,30.0,voiture,deux_roues,3,1,1,1,3
202000001635,2020-06-22 18:35:00,2020,6,22,18,35,06,06069,POUOST (RUE DE LA),43.65906,6.92517,Plein jour,En agglomération,Hors intersection,Normale,Autre collision,4,2,1,0,1,1,1,0,1,30,1,2,1,0,0,1,53.0,,voiture,,1,2,1,1,6
202000001636,2020-06-23 20:00:00,2020,6,23,20,0,06,06004,VERDUN AV.DE,43.5839,7.12568,Plein jour,En agglomération,Hors intersection,Normale,Autre collision,4,2,0,0,1,3,1,0,8,50,1,3,1,0,2,0,31.0,,voiture,,1,2,1,1,6
202000001637,2020-06-23 09:30:00,2020,6,23,9,30,75,75119,BOULEVARD PERIPHERIQUE,48.897213,2.394354,Plein jour,En agglomération,Hors intersection,Normale,Deux véhicules - côté,4,1,4,0,1,1,1,0,1,70,2,2,1,0,0,1,40.0,29.0,deux_roues,voiture,1,2,1,1,3
202000001638,2020-06-23 14:30:00,2020,6,23,14,30,75,75113,AVENUE DE LA PORTE D IVRY,48.821014,2.370336,Plein jour,En agglomération,Intersection en T,Normale,Autre collision,4,2,4,0,1,1,1,0,1,50,1,2,1,1,0,0,43.0,,utilitaire_camion,,1,2,3,1,6
202000001639,2020-06-23 11:54:00,2020,6,23,11,54,75,75120,AVENUE IBSEN,48.865519,2.411708,Plein jour,En agglomération,Intersection en X,Normale,Deux véhicules - arrière,4,1,4,0,1,1,1,0,1,50,2,2,1,0,0,1,51.0,48.0,voiture,deux_roues,1,2,2,1,2
202000001640,2020-06-23 11:45:00,2020,6,23,11,45,75,75120,RUE REYNALDO HAHN,48.850266,2.412093,Plein jour,En agglomération,Hors intersection,Normale,Deux véhicules - côté,4,2,2,1,1,1,1,-1,5,30,2,2,1,0,0,1,69.0,47.0,deux_roues,voiture,1,2,1,1,3
202000001641,2020-06-23 06:40:00,2020,6,23,6,40,75,75120,PLACE GAMBETTA,48.864758,2.398336,Plein jour,En agglomération,Place,Normale,Sans collision,4,1,3,0,1,2,1,0,1,50,1,1,0,0,0,1,27.0,,deux_roues,,1,2,7,1,7
202000001642,2020-06-23 16:00:00,2020,6,23,16,0,75,75118,BOULEVARD NEY,48.897677,2.334589,Plein jour,En agglomération,Intersection en Y,Normale,Deux véhicules - côté,4,3,3,0,1,1,9,0,6,50,2,2,1,0,0,1,37.0,28.0,deux_roues,transport_commun,1,2,4,1,3
202000001643,2020-06-23 11:30:00,2020,6,23,11,30,75,75118,BOULEVARD NEY,48.897545,2.32896,Plein jour,En agglomération,Intersection à plus de 4 branches,Normale,Deux véhicules - côté,4,3,2,0,1,1,1,0,1,50,2,2,1,0,0,1,49.0,55.0,voiture,deux_roues,1,2,5,1,3
202000001644,2020-06-23 11:10:00,2020,6,23,11,10,75,75116,BOULEVARD SUCHET,48.862017,2.267767,Plein jour,En agglomération,Intersection en Y,Normale,Deux véhicules - côté,4,3,2,0,1,1,1,0,1,50,2,2,1,0,0,1,35.0,44.0,utilitaire_camion,deux_roues,1,2,4,1,3
202000001645,2020-06-22 08:00:00,2020,6,22,8,0,75,75116,ROUTE DE SURESNES,48.865046,2.234453,Plein jour,En agglomération,Intersection en X,Normale,Autre collision,4,3,4,0,1,1,1,0,1,50,1,2,1,0,0,1,30.0,,deux_roues,,1,2,2,1,6
202000001646,2020-06-23 15:05:00,2020,6,23,15,5,75,75115,RUE BRANCION,48.832127,2.302981,Plein jour,En agglomération,Intersection en X,Normale,Deux véhicules - côté,4,2,2,0,2,1,1,0,1,30,2,2,1,0,0,1,25.0,71.0,voiture,deux_roues,1,2,2,1,3
202000001647,2020-06-23 08:20:00,2020,6,23,8,20,75,75115,PLACE DES INSURGES DE VARSOVIE,48.827777,2.292426,Plein jour,En agglomération,Place,Normale,Deux véhicules - arrière,4,1,3,0,1,2,1,0,1,50,2,2,1,0,0,1,44.0,36.0,deux_roues,utilitaire_camion,1,2,7,1,2
202000001648,2020-06-22 18:48:00,2020,6,22,18,48,75,75115,RUE DE L ARRIVEE,48.844184,2.322901,Plein jour,En agglomération,Intersection en X,Normale,Deux véhicules - côté,4,2,2,1,1,1,1,0,1,50,2,2,1,0,0,1,51.0,49.0,voiture,deux_roues,1,2,2,1,3