accident_id,datetime,annee,mois,jour,heure,minute,departement,commune_insee,adresse,latitude,longitude,luminosite,agglomeration,intersection,meteo,collision,catr,circ,nbv,vosp,prof,plan,surf,infra,situ,vma,nb_vehicules,nb_usagers,nb_indemnes,nb_tues,nb_blesses_hosp,nb_blesses_legers,age_cond_1,age_cond_2,veh_type_cond_1,veh_type_cond_2,lum_code,agg_code,int_code,atm_code,col_code
202000001649,2020-06-22 19:45:00,2020,6,22,19,45,75,75115,QUAI DE GRENELLE,48.854418,2.288672,Crépuscule ou aube,En agglomération,Intersection en X,Normale,Deux véhicules - côté,4,2,4,1,1,1,1,0,1,50,2,2,1,0,0,1,44.0,35.0,deux_roues,voiture,2,2,2,1,3
202000001650,2020-06-23 14:25:00,2020,6,23,14,25,75,75113,AVENUE D ITALIE,48.826186,2.35726,Plein jour,En agglomération,Intersection en X,Normale,Autre collision,4,2,5,0,1,1,1,0,1,50,1,4,3,0,0,1,47.0,,utilitaire_camion,,1,2,2,1,6
202000001651,2020-06-23 08:40:00,2020,6,23,8,40,75,75112,RUE DE CHARENTON,48.834708,2.393454,Plein jour,En agglomération,Hors intersection,Normale,Sans collision,4,2,2,0,1,1,1,0,1,50,1,1,0,0,0,1,34.0,,deux_roues,,1,2,1,1,7
202000001652,2020-06-23 20:20:00,2020,6,23,20,20,75,75111,AVENUE DE LA REPUBLIQUE,48.866343,2.368853,Plein jour,En agglomération,Intersection en X,Normale,Deux véhicules - côté,4,2,4,0,1,1,1,0,1,30,2,2,1,0,0,1,40.0,27.0,deux_roues,deux_roues,1,2,2,1,3
202000001653,2020-06-23 11:15:00,2020,6,23,11,15,75,75111,BOULEVARD DE CHARONNE,48.857175,2.392951,Plein jour,En agglomération,Hors intersection,Normale,Autre collision,4,3,2,0,1,1,1,0,1,30,1,2,1,0,0,1,74.0,,voiture,,1,2,1,1,6
202000001654,2020-06-23 15:25:00,2020,6,23,15,25,75,75110,BOULEVARD DE MAGENTA,48.874793,2.357431,Plein jour,En agglomération,Intersection à plus de 4 branches,Temps éblouissant,Deux véhicules - côté,4,2,4,0,1,1,1,0,1,50,2,3,1,0,0,2,52.0,20.0,voiture,deux_roues,1,2,5,7,3
202000001655,2020-06-22 10:15:00,2020,6,22,10,15,75,75104,QUAI DU MARCHE NEUF,48.854344,2.344912,Plein jour,En agglomération,Intersection en X,Normale,Deux véhicules - côté,4,-1,2,0,1,1,1,-1,5,50,2,2,1,0,0,1,57.0,36.0,voiture,deux_roues,1,2,2,1,3
202000001656,2020-06-23 21:30:00,2020,6,23,21,30,75,75108,RUE LA BOETIE,48.873692,2.314469,Plein jour,En agglomération,Intersection en X,Normale,Deux véhicules - côté,4,1,2,0,2,1,1,0,1,50,2,2,0,0,2,0,28.0,28.0,deux_roues,deux_roues,1,2,2,1,3
202000001657,2020-06-22 23:00:00,2020,6,22,23,0,75,75108,COURS ALBERT 1ER,48.864878,2.30876,Nuit avec éclairage allumé,En agglomération,Hors intersection,Normale,Autre collision,4,1,2,0,1,1,1,0,1,50,1,1,0,0,1,0,68.0,,voiture,,5,2,1,1,6
202000001658,2020-06-23 16:40:00,2020,6,23,16,40,75,75115,AVENUE DE SUFFREN,48.852799,2.298358,Plein jour,En agglomération,Intersection en T,Normale,Deux véhicules - côté,4,2,2,0,1,1,1,0,1,50,2,3,2,0,0,1,39.0,31.0,deux_roues,voiture,1,2,3,1,3
202000001659,2020-06-23 12:40:00,2020,6,23,12,40,75,75107,AVENUE BOSQUET,48.858468,2.303668,Plein jour,En agglomération,Hors intersection,Normale,Autre collision,4,1,1,0,1,1,1,0,1,50,1,2,1,0,0,1,91.0,,voiture,,1,2,1,1,6
202000001660,2020-06-23 16:30:00,2020,6,23,16,30,75,75101,RUE DE RIVOLI,48.863729,2.33224,Plein jour,En agglomération,Intersection en X,Normale,Autre collision,4,1,5,0,1,1,1,0,1,50,1,2,1,0,0,1,55.0,,voiture,,1,2,2,1,6
202000001661,2020-06-21 14:50:00,2020,6,21,14,50,75,75102,BOULEVARD DE SEBASTOPOL,48.869329,2.354257,Plein jour,En agglomération,Intersection en X,Temps couvert,Deux véhicules - côté,4,1,4,0,1,1,1,5,1,50,2,2,1,0,0,1,23.0,45.0,deux_roues,voiture,1,2,2,8,3
202000001662,2020-06-23 10:15:00,2020,6,23,10,15,94,94068,8 MAI 1945 (CARR DU),48.8022,2.49229,Plein jour,En agglomération,Giratoire,Normale,Deux véhicules - côté,3,2,2,0,1,1,1,5,1,50,2,2,1,0,0,1,42.0,59.0,deux_roues,voiture,1,2,6,1,3
202000001663,2020-06-23 08:20:00,2020,6,23,8,20,94,94046,REPUBLIQUE (AV DE LA),48.8051,2.439308,Plein jour,En agglomération,Hors intersection,Normale,Autre collision,3,-1,2,0,1,1,1,0,4,5,1,1,0,0,0,1,,,,,1,2,1,1,6
202000001664,2020-06-23 11:30:00,2020,6,23,11,30,94,94037,GALLIENI (AV),48.8175,2.3534,Plein jour,En agglomération,Hors intersection,Normale,Sans collision,4,2,3,0,1,1,1,0,1,50,1,1,0,0,0,1,,,,,1,2,1,1,7
202000001665,2020-06-22 20:05:00,2020,6,22,20,5,94,94043,FONTAINEBLEAU (AV DE),48.80956,2.36241,Plein jour,En agglomération,Hors intersection,Normale,Autre collision,3,1,0,3,1,1,1,0,1,50,1,1,0,0,0,1,,,,,1,2,1,1,6
202000001666,2020-06-22 09:50:00,2020,6,22,9,50,94,94041,MAURICE GUNSBOURG (R),48.8111,2.401,Plein jour,En agglomération,Hors intersection,Normale,Deux véhicules - côté,4,2,2,0,1,1,1,9,1,50,2,2,1,0,0,1,33.0,48.0,utilitaire_camion,deux_roues,1,2,1,1,3
202000001667,2020-06-23 19:40:00,2020,6,23,19,40,94,94054,BAS MARIN (R DU),48.7496344,2.3893052,Plein jour,Hors agglomération,Hors intersection,Normale,Deux véhicules - côté,3,1,2,0,1,3,1,0,6,50,2,2,1,0,0,1,38.0,21.0,deux_roues,voiture,1,1,1,1,3
202000001668,2020-06-22 18:50:00,2020,6,22,18,50,94,94019,ARISTIDE BRIAND (R),48.799031,2.534039,Plein jour,En agglomération,Giratoire,Normale,Deux véhicules - côté,3,1,1,2,1,3,1,0,5,50,2,2,1,0,0,1,34.0,59.0,voiture,deux_roues,1,2,6,1,3
202000001669,2020-06-23 07:10:00,2020,6,23,7,10,93,93059,EMILE ZOLA (AVENUE),48.9482,2.3629,Plein jour,En agglomération,Autre intersection,Normale,Deux véhicules - côté,4,1,3,3,1,1,1,0,1,50,2,1,0,0,0,1,20.0,,deux_roues,,1,2,9,1,3
202000001670,2020-06-22 14:20:00,2020,6,22,14,20,93,93070,RASPAIL(RUE),48.9045075,2.3296673,Plein jour,En agglomération,Hors intersection,Normale,,4,2,1,0,1,1,1,0,1,50,2,1,0,0,0,1,37.0,,voiture,,1,2,1,1,-1
202000001671,2020-06-23 15:30:00,2020,6,23,15,30,93,93066,ROGER SALENGRO AVENUE,48.94301,2.38738,Plein jour,En agglomération,Hors intersection,Normale,Deux véhicules - arrière,3,1,2,0,1,1,1,0,1,50,2,2,1,0,0,1,34.0,49.0,utilitaire_camion,voiture,1,2,1,1,2
202000001672,2020-06-23 18:30:00,2020,6,23,18,30,93,93062,RESISTANCE (AVENUE DE LA),48.8963672,2.5148799,Plein jour,En agglomération,Hors intersection,Normale,Deux véhicules - côté,4,2,2,0,2,1,1,0,1,50,2,2,1,0,0,1,16.0,17.0,deux_roues,deux_roues,1,2,1,1,3
202000001673,2020-06-22 23:45:00,2020,6,22,23,45,93,93048,PARIS (RUE DE),48.8556356,2.4225549,Nuit avec éclairage allumé,En agglomération,Hors intersection,Normale,Deux véhicules - frontale,3,2,2,0,1,1,1,0,1,50,2,2,1,0,0,1,38.0,33.0,deux_roues,deux_roues,5,2,1,1,1
202000001674,2020-06-23 01:25:00,2020,6,23,1,25,93,93031,AV DE LATTRE DE TASSIGNY (1 A 51),48.9595818,2.3037882,Nuit avec éclairage allumé,En agglomération,Hors intersection,Normale,Autre collision,3,3,4,1,1,2,1,0,4,50,1,1,0,0,0,1,20.0,,autre,,5,2,1,1,6
202000001675,2020-06-22 17:30:00,2020,6,22,17,30,93,93031,JOFFRE (AVENUE),48.9616381,2.2949499,Plein jour,En agglomération,Giratoire,Normale,Deux véhicules - frontale,3,4,4,0,1,1,1,5,1,50,2,2,1,0,0,1,27.0,33.0,deux_roues,voiture,1,2,6,1,1
202000001676,2020-06-23 11:15:00,2020,6,23,11,15,93,93007,"""HENRI BARBUSSE (AVENUE """"DU 81 AU 141""""",48.9407781,2.4631118,Plein jour,En agglomération,Intersection en T,Normale,Deux véhicules - côté,4,2,0,0,1,1,1,9,1,50,2,2,1,0,0,1,44.0,44.0,utilitaire_camion,voiture,1,2,3,1,3
202000001677,2020-06-22 13:40:00,2020,6,22,13,40,93,93007,"""PAUL VAILLANT COUTURIER (AVENUE """"DU 01",48.92692,2.47214,Plein jour,En agglomération,Intersection en T,Normale,Trois véhicules et plus - collisions multiples,3,2,2,0,1,1,1,0,1,50,3,2,1,0,1,0,18.0,42.0,deux_roues,utilitaire_camion,1,2,3,1,5
202000001678,2020-06-23 15:20:00,2020,6,23,15,20,93,93001,AV DU PRESIDENT ROOSEVELT,48.9167821,2.3798855,Plein jour,En agglomération,Hors intersection,Normale,Autre collision,3,2,4,3,1,1,1,0,1,50,1,2,1,0,0,1,60.0,,utilitaire_camion,,1,2,1,1,6
202000001679,2020-06-23 14:48:00,2020,6,23,14,48,92,92049,BROSSOLETTE AVENUE PIERRE,48.8181434,2.3084995,Plein jour,En agglomération,Intersection en X,Temps éblouissant,Deux véhicules - côté,3,2,4,1,1,1,1,5,5,50,2,2,1,0,0,1,47.0,53.0,deux_roues,voiture,1,2,2,7,3
202000001680,2020-06-23 12:00:00,2020,6,23,12,0,92,92048,GARDES (ROUTE DES) N° 2 A 12,48.818988,2.242551,Plein jour,En agglomération,Intersection en T,Normale,Deux véhicules - côté,3,2,3,0,2,1,1,0,1,50,2,2,1,0,0,1,38.0,69.0,voiture,voiture,1,2,3,1,3
202000001681,2020-06-22 16:50:00,2020,6,22,16,50,92,92036,LAURENT CELY (AVENUE) (1/143),48.918364,2.307144,Plein jour,En agglomération,Hors intersection,Normale,Deux véhicules - arrière,3,3,4,0,1,1,1,0,1,50,2,2,1,0,0,1,31.0,18.0,voiture,deux_roues,1,2,1,1,2
202000001682,2020-06-23 12:50:00,2020,6,23,12,50,92,92026,BEZONS (DE 23 A FIN),48.8959436,2.2489788,Plein jour,En agglomération,Intersection en X,Normale,Autre collision,3,2,2,0,1,1,1,0,1,50,1,2,1,0,0,1,71.0,,voiture,,1,2,2,1,6
202000001683,2020-06-23 14:20:00,2020,6,23,14,20,2A,2A212,D824,42.239511,8.611693,Plein jour,Hors agglomération,Hors intersection,Normale,Sans collision,3,2,2,0,1,1,1,0,8,-1,1,1,0,0,1,0,50.0,,utilitaire_camion,,1,1,1,1,7
202000001684,2020-06-23 18:15:00,2020,6,23,18,15,66,66190,Autoroute A9 PK 231,42.845388,2.921677,Plein jour,Hors agglomération,Hors intersection,Normale,Autre collision,1,1,3,0,1,1,1,0,1,130,1,2,1,0,1,0,48.0,,voiture,,1,1,1,1,6
202000001685,2020-06-23 19:26:00,2020,6,23,19,26,83,83023,A8,43.418577,6.086855,Plein jour,Hors agglomération,Hors intersection,Normale,Trois véhicules et plus - collisions multiples,1,3,3,0,1,2,1,0,1,130,4,4,3,0,1,0,62.0,42.0,voiture,voiture,1,1,1,1,5
202000001686,2020-06-24 07:45:00,2020,6,24,7,45,974,97404,Avenue Octave Bénard,-21.276643,55.337561,Plein jour,Hors agglomération,Hors intersection,Normale,Deux véhicules - frontale,2,-1,2,1,1,1,1,9,5,-1,2,2,0,1,0,1,44.0,61.0,deux_roues,deux_roues,1,1,1,1,1
202000001687,2020-06-24 13:05:00,2020,6,24,13,5,38,38383,Route de Voiron,45.36758,5.63335,Plein jour,Hors agglomération,Hors intersection,Normale,Autre collision,3,2,2,0,2,2,1,0,1,80,1,4,3,1,0,0,42.0,,voiture,,1,1,1,1,6
202000001688,2020-06-23 13:10:00,2020,6,23,13,10,83,83031,D17,43.430951,6.328865,Plein jour,Hors agglomération,Hors intersection,Normale,Sans collision,3,2,2,0,3,2,1,0,3,80,1,1,0,0,1,0,68.0,,deux_roues,,1,1,1,1,7
202000001689,2020-06-23 07:00:00,2020,6,23,7,0,19,19031,La Rebeyrotte,45.159324,1.533056,Plein jour,Hors agglomération,Hors intersection,Normale,Autre collision,3,2,2,0,2,1,1,8,1,90,1,1,0,0,1,0,50.0,,deux_roues,,1,1,1,1,6
202000001690,2020-06-24 09:05:00,2020,6,24,9,5,56,56017,Rue Pierre Guillemot,47.873796,-2.767873,Plein jour,Hors agglomération,Intersection en X,Normale,Autre collision,3,2,2,0,4,1,1,0,3,80,1,1,0,1,0,0,69.0,,deux_roues,,1,1,2,1,6
202000001691,2020-06-24 16:15:00,2020,6,24,16,15,79,79329,,47.009012,-0.2575,Plein jour,Hors agglomération,Intersection en T,Normale,Deux véhicules - frontale,3,2,2,0,1,1,1,0,1,80,2,3,0,0,1,2,65.0,46.0,voiture,voiture,1,1,3,1,1
202000001692,2020-06-24 10:26:00,2020,6,24,10,26,80,80212,19 Rue du Rempart des Poissonnier,49.907488,2.514845,Plein jour,En agglomération,Hors intersection,Normale,Autre collision,4,1,1,0,1,3,1,0,1,50,1,1,0,0,1,0,31.0,,deux_roues,,1,2,1,1,6
202000001693,2020-06-24 13:00:00,2020,6,24,13,0,61,61269,D224,48.842972,-0.437114,Plein jour,Hors agglomération,Hors intersection,Normale,Deux véhicules - frontale,3,2,2,0,1,2,1,0,1,80,2,2,1,1,0,0,20.0,48.0,voiture,deux_roues,1,1,1,1,1
202000001694,2020-06-23 17:00:00,2020,6,23,17,0,49,49345,Le Petit Pineau,47.2708711,-0.5819631,Plein jour,Hors agglomération,Hors intersection,Normale,Sans collision,3,2,2,0,1,1,1,0,3,80,1,1,0,0,1,0,23.0,,deux_roues,,1,1,1,1,7
202000001695,2020-06-10 13:50:00,2020,6,10,13,50,49,49050,D176,47.276448,-0.380766,Plein jour,Hors agglomération,Hors intersection,Temps couvert,Deux véhicules - frontale,3,2,2,0,1,3,1,0,1,80,2,2,1,0,1,0,45.0,17.0,voiture,deux_roues,1,1,1,8,1
202000001696,2020-06-24 12:45:00,2020,6,24,12,45,34,34130,Avenue de Beziers,43.520929,3.18891,Plein jour,Hors agglomération,Intersection en T,Normale,Deux véhicules - côté,3,-1,2,0,1,1,1,5,1,80,2,2,0,0,0,2,23.0,26.0,voiture,voiture,1,1,3,1,3
202000001697,2020-06-23 18:10:00,2020,6,23,18,10,22,22152,Le Quillio,48.766377,-3.27877,Plein jour,Hors agglomération,Intersection en X,Normale,Deux véhicules - côté,3,2,2,0,1,1,1,5,1,80,2,3,0,0,1,2,65.0,28.0,voiture,deux_roues,1,1,2,1,3
202000001698,2020-06-23 18:50:00,2020,6,23,18,50,25,25329,D20,47.187179,6.627658,Plein jour,Hors agglomération,Intersection en T,Normale,Deux véhicules - côté,3,-1,2,0,4,1,1,0,1,80,2,2,1,0,1,0,47.0,54.0,utilitaire_camion,deux_roues,1,1,3,1,3
202000001699,2020-06-24 09:23:00,2020,6,24,9,23,31,31451,19 Boulevard de la République,43.459945,2.003233,Plein jour,En agglomération,Hors intersection,Normale,Autre collision,6,-1,-1,0,1,2,1,9,8,50,1,2,1,0,1,0,66.0,,voiture,,1,2,1,1,6
202000001700,2020-06-24 19:20:00,2020,6,24,19,20,58,58095,14 Route des Feuillats,46.81766,3.454997,Plein jour,En agglomération,Hors intersection,Normale,Deux véhicules - côté,3,2,2,0,1,3,1,0,1,50,2,2,1,0,1,0,31.0,71.0,deux_roues,voiture,1,2,1,1,3
202000001701,2020-06-23 13:00:00,2020,6,23,13,0,14,14230,D16,49.251339,0.104056,Plein jour,Hors agglomération,Hors intersection,Normale,Deux véhicules - arrière,3,2,2,0,2,1,1,0,1,80,2,2,1,0,1,0,71.0,48.0,deux_roues,voiture,1,1,1,1,2
202000001702,2020-06-23 15:05:00,2020,6,23,15,5,18,18197,128 Avenue du Tour de France,46.72141,2.525514,Plein jour,En agglomération,Hors intersection,Normale,Deux véhicules - arrière,3,2,2,0,1,1,1,0,1,50,2,3,2,0,0,1,65.0,15.0,voiture,deux_roues,1,2,1,1,2
202000001703,2020-06-23 16:45:00,2020,6,23,16,45,53,53226,Le Poirier,48.222745,-0.936944,Plein jour,Hors agglomération,Hors intersection,Normale,Autre collision,4,2,2,0,1,2,1,0,3,80,1,2,1,0,1,0,43.0,,deux_roues,,1,1,1,1,6
202000001704,2020-06-23 16:50:00,2020,6,23,16,50,85,85026,La Landette,46.56288,-1.45078,Plein jour,Hors agglomération,Hors intersection,Normale,Deux véhicules - frontale,3,2,2,0,1,1,1,0,1,80,2,3,0,1,1,1,60.0,74.0,voiture,voiture,1,1,1,1,1
202000001705,2020-06-22 17:20:00,2020,6,22,17,20,85,85005,La Chenelière,46.61872,-0.781939,Plein jour,Hors agglomération,Intersection en X,Normale,Deux véhicules - côté,3,2,2,0,3,2,1,5,1,80,2,3,1,0,1,1,91.0,27.0,voiture,voiture,1,1,2,1,3
202000001706,2020-06-24 12:05:00,2020,6,24,12,5,28,28290,D131,48.402883,1.28271,Plein jour,Hors agglomération,Intersection en Y,Normale,Deux véhicules - frontale,3,2,2,0,1,2,1,0,1,80,2,3,1,0,1,1,25.0,38.0,voiture,voiture,1,1,4,1,1
202000001707,2020-06-05 12:19:00,2020,6,5,12,19,17,17186,RD 113,46.180212,-0.8811139,Plein jour,Hors agglomération,Hors intersection,Normale,Sans collision,3,2,2,0,1,1,9,0,3,80,1,1,0,0,1,0,51.0,,voiture,,1,1,1,1,7
202000001708,2020-06-24 15:40:00,2020,6,24,15,40,30,30336,D2,43.864145,4.618764,Plein jour,Hors agglomération,Hors intersection,Normale,Autre collision,3,-1,2,0,1,2,1,0,3,80,1,1,0,0,0,1,49.0,,voiture,,1,1,1,1,6
202000001709,2020-06-23 16:40:00,2020,6,23,16,40,30,30237,D904,44.274305,4.199068,Plein jour,Hors agglomération,Hors intersection,Normale,Deux véhicules - côté,3,2,2,0,1,1,1,0,1,80,2,4,2,0,1,1,77.0,90.0,voiture,voiture,1,1,1,1,3
202000001710,2020-06-24 16:30:00,2020,6,24,16,30,49,49194,D61,47.4911528,-0.2751116,Plein jour,Hors agglomération,Hors intersection,Normale,Sans collision,3,2,2,0,1,2,1,0,3,80,1,1,0,0,1,0,54.0,,utilitaire_camion,,1,1,1,1,7
202000001711,2020-06-23 18:00:00,2020,6,23,18,0,01,01067,A40,46.112567,5.47914,Plein jour,Hors agglomération,Hors intersection,Normale,Deux véhicules - côté,1,2,3,3,2,2,1,0,6,110,2,2,1,0,0,1,24.0,46.0,voiture,utilitaire_camion,1,1,1,1,3
202000001712,2020-06-22 07:30:00,2020,6,22,7,30,27,27036,"Route Nationale 12, PK 022.300",48.743257,0.971668,Plein jour,Hors agglomération,Intersection en X,Normale,Deux véhicules - côté,2,3,2,0,2,2,1,0,1,90,2,3,2,0,0,1,46.0,47.0,utilitaire_camion,voiture,1,1,2,1,3
202000001713,2020-06-16 17:30:00,2020,6,16,17,30,976,97605,"CCD7, route de sohoa",-12.81925,45.109134,Plein jour,Hors agglomération,Hors intersection,Pluie légère,Deux véhicules - frontale,3,2,2,0,2,1,2,0,2,70,2,3,0,0,2,1,26.0,23.0,deux_roues,utilitaire_camion,1,1,1,2,1
202000001714,2020-06-23 13:50:00,2020,6,23,13,50,77,77191,17 Route de Nangis - D408,48.55616,2.957798,Plein jour,Hors agglomération,Hors intersection,Normale,Deux véhicules - côté,3,2,2,0,1,1,1,0,1,50,2,2,1,0,1,0,29.0,53.0,deux_roues,voiture,1,1,1,1,3
202000001715,2020-06-24 13:15:00,2020,6,24,13,15,95,95535,D28,49.050175,1.956489,Plein jour,Hors agglomération,Hors intersection,Normale,Trois véhicules et plus - collisions multiples,3,2,3,0,2,1,1,0,1,80,4,4,2,1,1,0,31.0,28.0,utilitaire_camion,voiture,1,1,1,1,5
202000001716,2020-06-16 16:10:00,2020,6,16,16,10,06,06028,Route de la Plaine de Caille,43.781124,6.760824,Plein jour,Hors agglomération,Hors intersection,Pluie forte,Deux véhicules - frontale,3,2,2,0,1,3,2,0,1,80,2,2,1,0,1,0,47.0,66.0,deux_roues,autre,1,1,1,3,1
202000001717,2020-06-24 10:50:00,2020,6,24,10,50,13,13042,D2,43.312829,5.666199,Plein jour,Hors agglomération,Hors intersection,Normale,Deux véhicules - frontale,3,2,2,0,2,2,1,0,1,80,2,2,1,0,1,0,53.0,73.0,deux_roues,deux_roues,1,1,1,1,1
202000001718,2020-06-24 06:15:00,2020,6,24,6,15,67,67295,RD62,48.392624,7.45417,Plein jour,Hors agglomération,Hors intersection,Temps éblouissant,Deux véhicules - arrière,3,2,2,0,2,1,1,0,1,80,2,2,1,0,1,0,31.0,54.0,utilitaire_camion,deux_roues,1,1,1,7,2
202000001719,2020-06-23 21:30:00,2020,6,23,21,30,73,73006,N90,45.550128,6.625606,Plein jour,Hors agglomération,Hors intersection,Normale,Deux véhicules - frontale,2,2,2,0,2,4,1,0,1,80,2,2,0,1,1,0,23.0,39.0,voiture,voiture,1,1,1,1,1
202000001720,2020-06-23 17:30:00,2020,6,23,17,30,42,42147,Rue de Beauregard,45.609125,4.054867,Plein jour,En agglomération,Giratoire,Normale,Deux véhicules - côté,3,2,2,0,1,1,1,0,1,50,2,2,1,0,0,1,76.0,12.0,voiture,deux_roues,1,2,6,1,3
202000001721,2020-06-22 14:00:00,2020,6,22,14,0,38,38085,Route de Lyon,45.749734,5.166176,Plein jour,En agglomération,Giratoire,Normale,Deux véhicules - côté,3,2,2,0,1,1,1,0,1,50,2,2,0,0,1,1,75.0,40.0,voiture,voiture,1,2,6,1,3
202000001722,2020-06-23 16:10:00,2020,6,23,16,10,69,69206,D20,46.0732346,4.7449964,Plein jour,Hors agglomération,Hors intersection,Normale,Sans collision,3,2,2,0,1,4,1,0,1,70,1,1,0,0,0,1,44.0,,deux_roues,,1,1,1,1,7
202000001723,2020-06-24 08:10:00,2020,6,24,8,10,69,69203,Route de Duerne,45.692092,4.503107,Plein jour,Hors agglomération,Hors intersection,Normale,Sans collision,3,2,2,0,2,2,9,0,1,50,1,1,0,0,0,1,32.0,,deux_roues,,1,1,1,1,7
202000001724,2020-06-23 14:10:00,2020,6,23,14,10,09,09268,route de toulouse,43.005192,1.126957,Plein jour,Hors agglomération,Giratoire,Temps éblouissant,Deux véhicules - côté,3,1,1,0,1,2,1,9,1,50,2,2,1,0,0,1,81.0,61.0,voiture,deux_roues,1,1,6,7,3
202000001725,2020-06-24 16:30:00,2020,6,24,16,30,60,60079,D922,49.147664,2.871754,Plein jour,Hors agglomération,Intersection en X,Normale,Deux véhicules - côté,3,2,2,0,1,1,1,0,1,80,2,4,2,0,0,2,62.0,34.0,deux_roues,voiture,1,1,2,1,3
202000001726,2020-06-23 16:45:00,2020,6,23,16,45,13,13033,A55-Sens Marseille vers Martigues,43.3734,5.1922,Plein jour,Hors agglomération,Hors intersection,Normale,Trois véhicules et plus - en chaîne,1,1,2,0,1,1,1,0,2,110,4,5,2,0,0,3,29.0,48.0,voiture,autre,1,1,1,1,4
202000001727,2020-06-23 17:40:00,2020,6,23,17,40,13,13211,A50-Sens Marseille vers Aubagne,43.29224,5.45339,Plein jour,Hors agglomération,Hors intersection,Normale,Trois véhicules et plus - en chaîne,1,1,3,0,1,1,1,0,1,90,3,3,2,0,0,1,25.0,23.0,voiture,utilitaire_camion,1,1,1,1,4
202000001728,2020-06-23 16:10:00,2020,6,23,16,10,13,13202,A55-Sens Marseille vers Martigues,43.323878,5.362914,Plein jour,Hors agglomération,Hors intersection,Normale,Autre collision,1,3,2,0,1,1,1,0,1,50,1,1,0,0,0,1,32.0,,deux_roues,,1,1,1,1,6
202000001729,2020-06-18 06:25:00,2020,6,18,6,25,13,13005,A52-Sens Toulon vers Pont de l'Etoile,43.31968,5.592642,Plein jour,Hors agglomération,Hors intersection,Normale,Sans collision,1,1,2,0,1,2,1,0,1,90,1,1,0,0,0,1,26.0,,utilitaire_camion,,1,1,1,1,7
202000001730,2020-06-23 12:20:00,2020,6,23,12,20,13,13215,A7-Sens Marseille vers Lyon,43.370368,5.361157,Plein jour,Hors agglomération,Hors intersection,Normale,Deux véhicules - côté,1,-1,3,0,1,1,1,0,1,90,2,2,1,0,0,1,53.0,31.0,utilitaire_camion,voiture,1,1,1,1,3
202000001731,2020-06-22 14:30:00,2020,6,22,14,30,13,13005,A50-Sens Marseille vers Aubagne,43.2875,5.5436,Plein jour,Hors agglomération,Hors intersection,Normale,Deux véhicules - arrière,1,3,3,0,1,1,1,0,1,90,2,3,1,0,0,2,28.0,26.0,voiture,voiture,1,1,1,1,2
202000001732,2020-06-22 07:25:00,2020,6,22,7,25,83,83137,A57,43.1322559,5.9815594,Plein jour,Hors agglomération,Hors intersection,Pluie légère,Deux véhicules - arrière,1,3,5,0,1,1,2,0,1,90,2,2,1,0,1,0,54.0,58.0,deux_roues,voiture,1,1,1,2,2
202000001733,2020-06-22 19:30:00,2020,6,22,19,30,69,69259,RD 383,45.72198,4.88652,Plein jour,Hors agglomération,Hors intersection,Normale,Deux véhicules - côté,3,3,3,0,1,1,1,0,1,70,2,2,1,0,0,1,22.0,50.0,voiture,voiture,1,1,1,1,3
202000001734,2020-06-23 05:00:00,2020,6,23,5,0,33,33366,AUTOROUTE A 10,44.98304,-0.42872,Nuit sans éclairage public,Hors agglomération,Hors intersection,Normale,Autre collision,1,3,3,0,1,1,1,0,1,130,1,1,0,0,0,1,49.0,,deux_roues,,3,1,1,1,6
202000001735,2020-06-22 07:25:00,2020,6,22,7,25,59,59569,AUTOROUTE A21,50.381103,3.139242,Plein jour,Hors agglomération,Hors intersection,Normale,Deux véhicules - côté,1,3,2,0,1,2,1,0,1,70,2,2,1,0,0,1,43.0,45.0,deux_roues,voiture,1,1,1,1,3
202000001736,2020-06-23 18:21:00,2020,6,23,18,21,94,94037,AUTOROUTE A6B,48.8159951,2.3568556,Plein jour,Hors agglomération,Hors intersection,Normale,Deux véhicules - côté,1,1,2,0,2,2,1,1,1,50,2,2,1,0,0,1,55.0,42.0,deux_roues,voiture,1,1,1,1,3
202000001737,2020-06-23 17:45:00,2020,6,23,17,45,91,91103,RN 104,48.6242,2.2992,Plein jour,Hors agglomération,Hors intersection,Normale,Deux véhicules - arrière,2,-1,2,0,1,1,1,0,1,110,2,2,1,0,0,1,50.0,35.0,voiture,voiture,1,1,1,1,2
202000001738,2020-06-23 15:40:00,2020,6,23,15,40,91,91589,AUTOROUTE A6,48.6793,2.3342001,Plein jour,Hors agglomération,Hors intersection,Normale,Deux véhicules - côté,1,1,3,0,1,3,1,0,1,110,2,2,1,0,0,1,57.0,23.0,deux_roues,voiture,1,1,1,1,3
202000001739,2020-06-22 23:05:00,2020,6,22,23,5,94,94038,AUTOROUTE A6B,48.78689,2.34503,Nuit avec éclairage allumé,Hors agglomération,Hors intersection,Normale,Sans collision,1,3,3,0,1,1,1,0,1,90,1,3,0,0,0,3,21.0,,voiture,,5,1,1,1,7
202000001740,2020-06-23 13:30:00,2020,6,23,13,30,78,78133,A13,48.893853,2.008026,Plein jour,Hors agglomération,Hors intersection,Normale,Deux véhicules - arrière,1,3,4,0,1,1,1,0,1,110,2,2,0,0,0,2,32.0,25.0,voiture,voiture,1,1,1,1,2
202000001741,2020-06-22 08:35:00,2020,6,22,8,35,78,78043,A12 Y,48.834181,2.086155,Plein jour,Hors agglomération,Hors intersection,Normale,Autre collision,1,-1,4,0,1,1,1,0,1,110,1,1,0,0,0,1,22.0,,voiture,,1,1,1,1,6