accident_id,datetime,annee,mois,jour,heure,minute,departement,commune_insee,adresse,latitude,longitude,luminosite,agglomeration,intersection,meteo,collision,catr,circ,nbv,vosp,prof,plan,surf,infra,situ,vma,nb_vehicules,nb_usagers,nb_indemnes,nb_tues,nb_blesses_hosp,nb_blesses_legers,age_cond_1,age_cond_2,veh_type_cond_1,veh_type_cond_2,lum_code,agg_code,int_code,atm_code,col_code
202000001834,2020-10-18 22:18:00,2020,10,18,22,18,81,81048,104 Route de Saint Quintin,43.986975,2.116477,Nuit sans éclairage public,Hors agglomération,Hors intersection,Normale,Autre collision,4,2,2,0,1,1,1,0,3,80,1,1,0,0,1,0,32.0,,voiture,,3,1,1,1,6
202000001835,2020-10-18 21:45:00,2020,10,18,21,45,32,32268,N124,43.606499,0.990658,Nuit sans éclairage public,Hors agglomération,Hors intersection,Normale,Sans collision,2,2,2,0,1,2,1,0,3,80,1,1,0,0,1,0,52.0,,deux_roues,,3,1,1,1,7
202000001836,2020-10-17 22:30:00,2020,10,17,22,30,34,34300,Grand Rue,43.426698,3.30022,Nuit avec éclairage allumé,En agglomération,Hors intersection,Normale,Autre collision,4,2,2,0,1,1,1,6,1,50,1,5,1,0,4,0,32.0,,voiture,,5,2,1,1,6
202000001837,2020-10-17 09:05:00,2020,10,17,9,5,68,68263,D419,47.583924,7.461947,Plein jour,Hors agglomération,Intersection en T,Pluie légère,Deux véhicules - arrière,3,2,2,0,2,1,2,0,1,70,2,3,1,0,1,1,63.0,56.0,voiture,voiture,1,1,3,2,2
202000001838,2020-10-16 08:30:00,2020,10,16,8,30,44,44123,lieu-dit la noé,47.693288,-1.785166,Crépuscule ou aube,Hors agglomération,Intersection en X,Temps éblouissant,Deux véhicules - côté,3,2,2,0,1,1,1,0,1,80,2,2,0,0,2,0,79.0,71.0,voiture,voiture,2,1,2,7,3
202000001839,2020-10-16 15:55:00,2020,10,16,15,55,03,03159,Malicorne,46.3061945,2.7289036,Plein jour,Hors agglomération,Hors intersection,Pluie légère,Sans collision,3,2,2,0,1,3,2,0,8,-1,1,1,0,0,0,1,42.0,,deux_roues,,1,1,1,2,7
202000001840,2020-10-19 15:30:00,2020,10,19,15,30,54,54533,3 Rue Emile Binda,49.324556,5.928175,Plein jour,En agglomération,Intersection en Y,Normale,,3,2,2,0,1,1,1,0,1,50,2,2,1,0,1,0,47.0,14.0,voiture,deux_roues,1,2,4,1,-1
202000001841,2020-10-02 15:53:00,2020,10,2,15,53,60,60430,D935,49.310976,2.9264103,Plein jour,Hors agglomération,Hors intersection,Pluie légère,Sans collision,3,2,2,0,4,2,2,0,8,-1,1,2,1,0,0,1,54.0,,voiture,,1,1,1,2,7
202000001842,2020-10-17 09:17:00,2020,10,17,9,17,53,53110,Rue de Taude,47.874764,-0.519952,Crépuscule ou aube,En agglomération,Hors intersection,Neige / grêle,Autre collision,4,2,2,0,1,3,1,0,3,50,1,2,0,0,2,0,24.0,,utilitaire_camion,,2,2,1,4,6
202000001843,2020-10-18 02:00:00,2020,10,18,2,0,53,53007,Haut Mont Roux,48.081864,-0.654765,Nuit sans éclairage public,Hors agglomération,Hors intersection,Normale,Autre collision,4,2,2,0,2,3,1,0,3,80,1,5,3,0,2,0,19.0,,voiture,,3,1,1,1,6
202000001844,2020-10-18 04:40:00,2020,10,18,4,40,21,21268,D31,47.1181378,5.4030788,Nuit sans éclairage public,Hors agglomération,Hors intersection,Normale,Autre collision,3,2,2,0,1,3,1,0,3,80,1,2,0,0,1,1,20.0,,voiture,,3,1,1,1,6
202000001845,2020-10-18 19:41:00,2020,10,18,19,41,04,04174,RN 202,43.959569,6.729362,Nuit sans éclairage public,Hors agglomération,Hors intersection,Normale,Deux véhicules - frontale,2,2,2,0,2,1,1,0,1,80,2,3,1,0,0,2,44.0,54.0,voiture,voiture,3,1,1,1,1
202000001846,2020-10-18 16:00:00,2020,10,18,16,0,27,27679,RD 841,48.723691,0.926156,Plein jour,Hors agglomération,Hors intersection,Normale,Deux véhicules - côté,3,2,2,0,1,1,1,0,1,80,2,2,1,0,1,0,51.0,20.0,deux_roues,voiture,1,1,1,1,3
202000001847,2020-10-18 04:50:00,2020,10,18,4,50,30,30223,Rue Justin Agniel,44.184108,4.150624,Nuit sans éclairage public,En agglomération,Hors intersection,Normale,Autre collision,4,2,2,0,1,1,1,0,1,50,1,3,0,0,3,0,20.0,,voiture,,3,2,1,1,6
202000001848,2020-08-13 10:00:00,2020,8,13,10,0,13,13044,D569,43.628496,5.01792,Plein jour,Hors agglomération,Hors intersection,Normale,Deux véhicules - frontale,2,2,2,0,1,1,1,0,1,80,2,3,1,0,1,1,18.0,23.0,voiture,utilitaire_camion,1,1,1,1,1
202000001849,2020-10-18 17:00:00,2020,10,18,17,0,34,34333,Route des Aresquiers,43.467143,3.814139,Plein jour,Hors agglomération,Hors intersection,Normale,Trois véhicules et plus - collisions multiples,3,2,2,0,1,1,1,9,1,70,3,3,2,0,1,0,38.0,22.0,voiture,voiture,1,1,1,1,5
202000001850,2020-10-19 15:00:00,2020,10,19,15,0,13,13118,A8 PK 0+200 DIRECTION LYON,43.560522,5.228591,Plein jour,Hors agglomération,Hors intersection,Normale,Autre collision,1,1,4,0,2,1,1,0,1,130,1,2,0,0,1,1,50.0,,voiture,,1,1,1,1,6
202000001851,2020-10-18 17:15:00,2020,10,18,17,15,988,98821,PORT-LAGUERRE,-22.119456,166.328174,Plein jour,Hors agglomération,Hors intersection,Normale,Autre collision,2,2,2,0,1,1,1,0,1,90,1,2,0,0,2,0,69.0,,deux_roues,,1,1,1,1,6
202000001852,2020-10-18 17:40:00,2020,10,18,17,40,971,97114,Rue Richard Devaux,16.114266,-61.575322,Crépuscule ou aube,Hors agglomération,Hors intersection,Pluie forte,Deux véhicules - frontale,2,2,3,0,1,1,2,0,1,80,2,2,0,0,1,1,60.0,31.0,voiture,voiture,2,1,1,3,1
202000001853,2020-10-18 03:00:00,2020,10,18,3,0,67,67160,D27,48.977823,7.768965,Nuit sans éclairage public,Hors agglomération,Hors intersection,Normale,Autre collision,3,2,2,0,1,3,1,0,8,80,1,1,0,0,1,0,34.0,,voiture,,3,1,1,1,6
202000001854,2020-10-18 19:50:00,2020,10,18,19,50,88,88367,35 Rue Carnot,48.343723,6.635123,Nuit avec éclairage allumé,En agglomération,Hors intersection,Normale,Deux véhicules - frontale,3,2,2,0,1,1,1,0,1,50,2,3,2,0,1,0,16.0,28.0,deux_roues,voiture,5,2,1,1,1
202000001855,2020-10-17 09:40:00,2020,10,17,9,40,63,63335,D 978,45.5457072,2.9981646,Plein jour,Hors agglomération,Hors intersection,Temps couvert,Sans collision,3,2,2,0,2,3,2,0,1,80,1,1,0,0,1,0,61.0,,voiture,,1,1,1,8,7
202000001856,2020-10-19 10:00:00,2020,10,19,10,0,81,81011,415 Route de Gaillac,43.72829,1.823334,Plein jour,En agglomération,Hors intersection,Normale,Autre collision,3,2,2,0,1,1,1,0,1,30,1,1,0,0,0,1,35.0,,voiture,,1,2,1,1,6
202000001857,2020-10-19 14:15:00,2020,10,19,14,15,33,33218,19 Lieu Dit Montigaud,45.084058,-0.164535,Plein jour,En agglomération,Intersection en T,Normale,Deux véhicules - côté,3,2,2,0,2,1,1,0,1,50,2,3,0,0,2,1,52.0,74.0,voiture,voiture,1,2,3,1,3
202000001858,2020-10-18 14:20:00,2020,10,18,14,20,60,60197,D1001,49.2379983,2.2165567,Plein jour,Hors agglomération,Hors intersection,Normale,Deux véhicules - frontale,3,2,3,0,1,1,1,0,1,80,2,2,0,0,0,2,74.0,41.0,voiture,voiture,1,1,1,1,1
202000001859,2020-10-19 10:15:00,2020,10,19,10,15,60,60668,D149,49.4889932,2.0880042,Plein jour,Hors agglomération,Hors intersection,Brouillard / fumée,Deux véhicules - frontale,3,2,2,0,1,3,1,0,1,80,2,2,0,0,0,2,35.0,22.0,voiture,voiture,1,1,1,5,1
202000001860,2020-10-17 18:06:00,2020,10,17,18,6,13,13071,A51-Sens Aix en Provence vers Marseille,43.41564,5.36491,Plein jour,Hors agglomération,Hors intersection,Normale,Deux véhicules - côté,1,-1,3,0,1,1,1,0,1,90,2,1,0,0,0,1,31.0,,voiture,,1,1,1,1,3
202000001861,2020-10-17 07:30:00,2020,10,17,7,30,13,13015,A51-Sens Marseille vers Aix en Provence,43.4303,5.3921,Nuit sans éclairage public,Hors agglomération,Hors intersection,Normale,Trois véhicules et plus - collisions multiples,1,1,3,0,1,1,1,0,1,90,3,3,1,0,0,2,28.0,29.0,voiture,voiture,3,1,1,1,5
202000001862,2020-10-18 19:50:00,2020,10,18,19,50,33,33023,AUTOROUTE A 62,44.6946,-0.49662,Nuit sans éclairage public,Hors agglomération,Hors intersection,Normale,Trois véhicules et plus - collisions multiples,1,3,4,0,1,1,1,0,1,90,4,5,4,0,0,1,25.0,36.0,voiture,voiture,3,1,1,1,5
202000001863,2020-10-18 19:33:00,2020,10,18,19,33,92,92064,A13,48.837553,2.189255,Plein jour,Hors agglomération,Hors intersection,Normale,Trois véhicules et plus - en chaîne,1,3,6,0,1,1,1,0,1,110,4,4,3,0,1,0,31.0,21.0,deux_roues,deux_roues,1,1,1,1,4
202000001864,2020-10-18 20:35:00,2020,10,18,20,35,93,93007,AUTOROUTE A3,48.9185788,2.4785405,Nuit sans éclairage public,Hors agglomération,Hors intersection,Normale,Sans collision,1,3,6,0,1,1,1,0,2,90,1,1,0,0,0,1,22.0,,deux_roues,,3,1,1,1,7
202000001865,2020-10-18 18:25:00,2020,10,18,18,25,93,93048,AUTOROUTE A86,48.86318,2.48271,Nuit sans éclairage public,Hors agglomération,Hors intersection,Normale,Trois véhicules et plus - en chaîne,1,3,6,0,1,1,1,0,1,70,3,3,2,0,1,0,24.0,22.0,voiture,voiture,3,1,1,1,4
202000001866,2020-10-18 11:45:00,2020,10,18,11,45,95,95241,RN 104,49.046341,2.440222,Plein jour,Hors agglomération,Hors intersection,Normale,Deux véhicules - arrière,2,3,4,0,1,2,1,0,1,110,2,2,1,0,0,1,25.0,46.0,voiture,voiture,1,1,1,1,2
202000001867,2020-10-17 20:15:00,2020,10,17,20,15,93,93066,AUTOROUTE A86,48.92212,2.36038,Nuit sans éclairage public,Hors agglomération,Hors intersection,Normale,Deux véhicules - arrière,1,3,8,0,1,1,1,0,1,90,2,2,1,0,1,0,25.0,24.0,voiture,deux_roues,3,1,1,1,2
202000001868,2020-10-17 01:20:00,2020,10,17,1,20,95,95572,RN 184,49.048373,2.133756,Nuit sans éclairage public,Hors agglomération,Hors intersection,Normale,Autre collision,2,3,2,0,1,1,1,0,1,90,1,1,0,0,0,1,40.0,,voiture,,3,1,1,1,6
202000001869,2020-10-18 23:10:00,2020,10,18,23,10,93,93051,A4,48.836,2.5553,Nuit sans éclairage public,Hors agglomération,Hors intersection,Normale,Autre collision,1,1,4,0,1,1,1,0,1,110,1,1,0,0,0,1,29.0,,voiture,,3,1,1,1,6
202000001870,2020-10-18 15:00:00,2020,10,18,15,0,77,77258,A4.W,48.8305927,2.6321618,Plein jour,Hors agglomération,Hors intersection,Normale,Deux véhicules - arrière,1,3,5,0,1,1,1,0,1,110,2,3,1,0,0,2,37.0,29.0,voiture,voiture,1,1,1,1,2
202000001871,2020-10-16 20:40:00,2020,10,16,20,40,77,77169,RN104.INT,48.8145331,2.6261489,Nuit sans éclairage public,Hors agglomération,Hors intersection,Normale,Deux véhicules - côté,2,-1,3,0,1,1,1,0,1,90,2,2,1,0,0,1,58.0,26.0,voiture,voiture,3,1,1,1,3
202000001872,2020-10-16 19:00:00,2020,10,16,19,0,94,94052,A86 INT,48.82722,2.52094,Crépuscule ou aube,Hors agglomération,Hors intersection,Normale,Sans collision,1,1,2,0,1,3,1,1,1,90,1,1,0,0,0,1,33.0,,deux_roues,,2,1,1,1,7
202000001873,2020-10-16 14:30:00,2020,10,16,14,30,94,94017,A4,48.82974,2.48456,Plein jour,Hors agglomération,Hors intersection,Normale,Deux véhicules - arrière,1,3,3,0,1,1,1,0,1,90,2,2,0,0,0,2,37.0,25.0,voiture,deux_roues,1,1,1,1,2
202000001874,2020-10-18 05:40:00,2020,10,18,5,40,988,98818,AVENUE JAMES COOK/RUE COMMANDANT ALEXANDRE BABO,-22.26789,166.42704,Crépuscule ou aube,En agglomération,Intersection en T,Normale,Deux véhicules - côté,4,2,2,0,4,3,1,2,1,50,2,3,2,0,0,1,25.0,25.0,voiture,voiture,2,2,3,1,3
202000001875,2020-10-18 06:40:00,2020,10,18,6,40,988,98818,AVENUE JAMES COOK,-22.2681,166.42911,Plein jour,En agglomération,Hors intersection,Normale,Trois véhicules et plus - en chaîne,4,2,2,0,1,1,1,0,1,50,3,5,3,0,0,2,27.0,38.0,voiture,voiture,1,2,1,1,4
202000001876,2020-10-17 16:20:00,2020,10,17,16,20,988,98818,PROMENADE ROGER LAROQUE,-22.30755,166.45016,Plein jour,En agglomération,Intersection en T,Normale,Deux véhicules - côté,4,2,2,0,2,1,1,-1,1,50,2,2,1,0,0,1,44.0,70.0,voiture,deux_roues,1,2,3,1,3
202000001877,2020-10-17 10:05:00,2020,10,17,10,5,988,98818,ROUTE EXPRESS DU MONT DORE,-22.22813,166.48969,Plein jour,En agglomération,Hors intersection,Normale,Deux véhicules - arrière,1,2,2,0,1,3,1,3,1,70,2,4,1,0,1,2,28.0,21.0,voiture,voiture,1,2,1,1,2
202000001878,2020-10-17 14:35:00,2020,10,17,14,35,974,97407,Rue Amilcar Cabral,-20.94636,55.29951,Crépuscule ou aube,En agglomération,Hors intersection,Normale,Deux véhicules - côté,4,2,2,0,2,2,1,0,1,50,2,2,1,0,1,0,16.0,18.0,deux_roues,voiture,2,2,1,1,3
202000001879,2020-10-17 20:50:00,2020,10,17,20,50,69,69259,PRESIDENT EDOUARD HERRIOT (DU)      (R ),45.696445,4.8767737,Nuit avec éclairage allumé,En agglomération,Hors intersection,Normale,Autre collision,4,2,2,0,1,1,1,0,1,50,1,2,1,0,0,1,56.0,,voiture,,5,2,1,1,6
202000001880,2020-10-16 20:40:00,2020,10,16,20,40,972,97213,AUTOROUTE A1,14.6182051,-61.0339236,Nuit avec éclairage allumé,Hors agglomération,Hors intersection,Pluie légère,Trois véhicules et plus - en chaîne,1,1,3,3,1,1,2,0,1,90,5,4,2,0,0,2,89.0,47.0,voiture,voiture,5,1,1,2,4
202000001881,2020-10-17 19:17:00,2020,10,17,19,17,95,95585,ZOLA (RUE EMILE),48.9859379,2.392568,Nuit avec éclairage allumé,En agglomération,Hors intersection,Normale,Deux véhicules - côté,3,3,2,0,1,1,1,0,1,50,2,4,3,0,0,1,41.0,,voiture,,5,2,1,1,3
202000001882,2020-10-17 17:20:00,2020,10,17,17,20,95,95585,FRANCK (AVENUE CESAR),48.97306,2.37512,Plein jour,En agglomération,Hors intersection,Normale,Deux véhicules - côté,4,2,2,0,1,1,1,0,1,50,2,4,2,0,0,2,44.0,52.0,deux_roues,voiture,1,2,1,1,3
202000001883,2020-10-16 18:45:00,2020,10,16,18,45,95,95280,MARECHAL DELATTRE DE TASSIGNY (DU),49.032076,2.471743,Plein jour,En agglomération,Hors intersection,Normale,Deux véhicules - côté,4,1,1,0,1,1,1,0,1,50,2,2,1,0,0,1,41.0,20.0,voiture,deux_roues,1,2,1,1,3
202000001884,2020-10-17 12:20:00,2020,10,17,12,20,91,91570,TIPHOINES (RUE)VILLAGE HOTEL,48.62841,2.29957,Plein jour,En agglomération,Autre intersection,Temps couvert,Autre collision,4,-1,0,0,1,1,1,9,8,30,1,2,0,0,0,2,63.0,,utilitaire_camion,,1,2,9,8,6
202000001885,2020-10-17 10:30:00,2020,10,17,10,30,91,91064,PARIS (RUE DE),48.75742,2.21876,Plein jour,En agglomération,Hors intersection,Temps couvert,Deux véhicules - côté,3,2,2,0,1,1,1,0,1,50,2,2,1,0,1,0,22.0,23.0,utilitaire_camion,deux_roues,1,2,1,8,3
202000001886,2020-10-17 14:44:00,2020,10,17,14,44,91,91377,GARE (AVENUE DE LA),48.7342,2.27307,Plein jour,En agglomération,Hors intersection,Normale,Autre collision,4,2,2,0,1,1,1,2,1,30,1,2,1,0,0,1,23.0,,voiture,,1,2,1,1,6
202000001887,2020-10-16 14:00:00,2020,10,16,14,0,91,91377,LECLERC (AVENUE DU MARECHAL),48.7215,2.2991,Plein jour,En agglomération,Autre intersection,Temps couvert,Deux véhicules - arrière,2,1,2,0,1,3,1,0,1,50,2,2,1,0,0,1,48.0,35.0,transport_commun,utilitaire_camion,1,2,9,8,2
202000001888,2020-10-09 08:00:00,2020,10,9,8,0,91,91027,RUE ANDRE LAUNAY,48.712852,2.390989,Plein jour,En agglomération,Intersection en X,Pluie légère,Trois véhicules et plus - collisions multiples,4,2,2,0,1,1,2,0,1,50,3,3,2,0,0,1,56.0,42.0,voiture,voiture,1,2,2,2,5
202000001889,2020-10-17 16:15:00,2020,10,17,16,15,82,82121,SARRAIL (RUE DU GENERAL),44.0151,1.3477,Plein jour,En agglomération,Intersection en T,Normale,Autre collision,4,3,2,0,1,1,1,0,1,50,1,3,1,0,1,1,68.0,,voiture,,1,2,3,1,6
202000001890,2020-10-17 20:45:00,2020,10,17,20,45,77,77296,RD 306,48.617541,2.568832,Nuit avec éclairage allumé,Hors agglomération,Intersection en X,Normale,Autre collision,3,3,2,0,1,1,1,5,1,70,1,2,1,0,1,0,36.0,,voiture,,5,1,2,1,6
202000001891,2020-10-17 16:25:00,2020,10,17,16,25,77,77320,GENERAL DE GAULLE (AVENUE DU),48.8280545,3.031558,Plein jour,En agglomération,Hors intersection,Normale,Deux véhicules - frontale,3,2,2,0,1,3,1,0,1,50,2,2,1,0,0,1,40.0,25.0,transport_commun,voiture,1,2,1,1,1
202000001892,2020-10-16 08:40:00,2020,10,16,8,40,76,76575,MARE AUX DAIMS. AVENUE DE LA,49.38976,1.07145,Plein jour,En agglomération,Giratoire,Normale,Deux véhicules - arrière,4,1,2,0,1,1,1,5,1,50,2,2,1,0,0,1,32.0,27.0,voiture,deux_roues,1,2,6,1,2
202000001893,2020-10-16 16:09:00,2020,10,16,16,9,67,67462,GENERAL DE GAULLE (PLACE DU),48.259562,7.446471,Plein jour,En agglomération,Intersection en X,Normale,Deux véhicules - côté,3,2,2,1,1,1,1,5,1,50,2,2,1,0,0,1,13.0,60.0,deux_roues,voiture,1,2,2,1,3
202000001894,2020-10-17 06:43:00,2020,10,17,6,43,65,65440,BRIAND (AVENUE ARISTIDE),43.2172528,0.0560942,Nuit avec éclairage allumé,En agglomération,Intersection en T,Normale,Deux véhicules - côté,3,2,3,3,1,1,1,0,1,50,2,2,1,0,1,0,51.0,50.0,utilitaire_camion,deux_roues,5,2,3,1,3
202000001895,2020-10-17 10:30:00,2020,10,17,10,30,64,64445,JEAN JACQUES DE MONAIX,43.3029,-0.3589,Plein jour,En agglomération,Hors intersection,Normale,,4,2,2,0,1,1,1,0,1,50,2,2,1,0,0,1,20.0,86.0,deux_roues,voiture,1,2,1,1,-1
202000001896,2020-10-17 18:55:00,2020,10,17,18,55,59,59656,BRIAND (RUE ARISTIDE),50.770668,3.042637,Nuit avec éclairage allumé,En agglomération,Intersection en T,Normale,Deux véhicules - côté,7,2,2,1,1,1,1,0,1,50,2,2,1,0,1,0,30.0,24.0,utilitaire_camion,deux_roues,5,2,3,1,3
202000001897,2020-10-17 10:35:00,2020,10,17,10,35,59,59279,NEUVILLE (ROUTE DE),50.776851,3.133132,Plein jour,En agglomération,Intersection en X,Normale,Deux véhicules - frontale,7,2,2,0,2,1,1,5,1,50,2,3,1,0,2,0,27.0,26.0,utilitaire_camion,deux_roues,1,2,2,1,1
202000001898,2020-09-22 22:30:00,2020,9,22,22,30,59,59009,VAN GOGH BOULEVARD,50.62013,3.13542,Nuit avec éclairage allumé,En agglomération,Intersection en X,Normale,Deux véhicules - côté,7,2,-1,-1,1,1,1,5,1,-1,2,2,1,0,0,1,22.0,,voiture,,5,2,2,1,3
202000001899,2020-10-17 19:45:00,2020,10,17,19,45,59,59328,DE GAULLE AVENUE DU GAL,50.6539416,3.0312744,Nuit avec éclairage allumé,En agglomération,Hors intersection,Pluie légère,Deux véhicules - côté,4,2,1,0,1,1,2,5,1,50,2,3,1,0,0,2,23.0,43.0,voiture,voiture,5,2,1,2,3
202000001900,2020-10-17 21:45:00,2020,10,17,21,45,45,45234,Avenue des Droits de l’Homme - rue du petit pont,47.922612,1.929645,Nuit avec éclairage allumé,En agglomération,Intersection en X,Normale,Deux véhicules - côté,4,3,4,0,1,1,1,0,1,50,2,2,1,0,1,0,20.0,64.0,utilitaire_camion,voiture,5,2,2,1,3
202000001901,2020-10-17 09:07:00,2020,10,17,9,7,45,45075,Route d’Orléans,47.893537,1.849155,Plein jour,En agglomération,Giratoire,Normale,Autre collision,3,2,2,0,1,1,1,0,1,50,1,2,1,0,0,1,80.0,,voiture,,1,2,6,1,6
202000001902,2020-07-12 08:30:00,2020,7,12,8,30,42,42305,Rue Victor Hugo,45.4797857,4.4310623,Plein jour,En agglomération,Hors intersection,Normale,Autre collision,3,2,2,0,1,1,1,0,1,30,1,2,1,0,1,0,66.0,,voiture,,1,2,1,1,6
202000001903,2020-10-17 16:00:00,2020,10,17,16,0,38,38185,A480,45.16219,5.7017,Plein jour,En agglomération,Hors intersection,Normale,Deux véhicules - arrière,1,3,4,0,1,1,1,0,1,90,2,3,1,0,0,2,34.0,37.0,utilitaire_camion,utilitaire_camion,1,2,1,1,2
202000001904,2020-10-17 08:55:00,2020,10,17,8,55,35,35055,06 JUIN 1944 (RUE DU),48.093872,-1.6149504,Plein jour,En agglomération,Hors intersection,Temps couvert,Deux véhicules - côté,4,2,2,0,1,1,1,0,1,50,2,2,1,0,0,1,41.0,26.0,voiture,voiture,1,2,1,8,3
202000001905,2020-10-17 17:10:00,2020,10,17,17,10,33,33009,D650,44.65884,-1.15176,Plein jour,En agglomération,Hors intersection,Normale,Deux véhicules - arrière,3,2,2,0,1,1,1,9,1,50,2,2,1,0,0,1,24.0,39.0,deux_roues,voiture,1,2,1,1,2
202000001906,2020-10-17 23:45:00,2020,10,17,23,45,29,29019,Rue Dupleix,48.39277,-4.48278,Nuit avec éclairage allumé,En agglomération,Hors intersection,Normale,Trois véhicules et plus - en chaîne,4,2,2,0,2,1,1,0,1,30,3,3,1,0,0,2,39.0,29.0,voiture,deux_roues,5,2,1,1,4
202000001907,2020-10-17 16:35:00,2020,10,17,16,35,29,29019,Rue Albert Thibaudet,48.3754,-4.5413,Plein jour,En agglomération,Intersection en X,Normale,Deux véhicules - côté,4,2,2,0,4,1,1,5,1,30,2,9,6,0,0,3,49.0,38.0,voiture,voiture,1,2,2,1,3
202000001908,2020-04-06 20:30:00,2020,4,6,20,30,19,19272,Alsace Lorraine (Avenue),45.26146,1.75692,Nuit avec éclairage allumé,En agglomération,Hors intersection,Normale,Autre collision,9,-1,1,0,1,2,1,0,8,50,1,1,0,0,0,1,58.0,,voiture,,5,2,1,1,6
202000001909,2020-10-17 07:20:00,2020,10,17,7,20,13,13214,AYGALADES (AVENUE DES),43.339917,5.365728,Nuit avec éclairage allumé,En agglomération,Hors intersection,Normale,Deux véhicules - frontale,4,2,0,0,1,1,1,0,1,50,2,2,0,0,0,2,46.0,45.0,voiture,utilitaire_camion,5,2,1,1,1
202000001910,2020-10-17 01:40:00,2020,10,17,1,40,13,13215,Petite Ourse (rue de la),43.34175,5.37296,Nuit avec éclairage allumé,En agglomération,Hors intersection,Normale,Deux véhicules - côté,4,-1,2,0,1,1,1,0,1,50,2,3,2,0,0,1,35.0,,voiture,,5,2,1,1,3
202000001911,2020-08-25 06:10:00,2020,8,25,6,10,62,62680,A1,50.366956,2.966931,Nuit sans éclairage public,Hors agglomération,Hors intersection,Pluie légère,Trois véhicules et plus - en chaîne,1,3,3,3,1,1,2,0,2,130,7,8,7,0,1,0,65.0,25.0,voiture,voiture,3,1,1,2,4
202000001912,2020-10-16 20:30:00,2020,10,16,20,30,13,13205,SAINT PIERRE (RUE),43.29226,5.396,Nuit avec éclairage allumé,En agglomération,Hors intersection,Normale,Deux véhicules - côté,4,1,2,0,1,1,1,0,1,50,2,1,0,0,0,1,28.0,,deux_roues,,5,2,1,1,3
202000001913,2020-08-23 07:20:00,2020,8,23,7,20,988,98827,Tribu de Gohapin,-21.26833,165.27488,Plein jour,Hors agglomération,Hors intersection,Pluie légère,Deux véhicules - côté,4,2,2,0,2,1,2,0,1,90,2,6,3,0,1,2,23.0,29.0,voiture,voiture,1,1,1,2,3
202000001914,2020-10-17 13:55:00,2020,10,17,13,55,13,13001,RD 7,43.58164,5.377,Plein jour,Hors agglomération,Hors intersection,Normale,Deux véhicules - arrière,3,2,2,0,1,1,1,0,1,70,2,4,1,0,0,3,32.0,52.0,voiture,voiture,1,1,1,1,2
202000001915,2020-08-24 02:40:00,2020,8,24,2,40,971,97124,2 Route de Bologne,16.013187,-61.710141,Nuit avec éclairage allumé,En agglomération,Hors intersection,Normale,Autre collision,2,2,2,0,2,1,9,8,1,50,1,2,0,0,2,0,27.0,,deux_roues,,5,2,1,1,6
202000001916,2020-10-17 20:10:00,2020,10,17,20,10,10,10333,AUXERRE (ROUTE),48.26851,4.04793,Nuit avec éclairage allumé,En agglomération,Autre intersection,Normale,Deux véhicules - côté,2,2,2,0,1,1,1,5,1,50,2,5,1,0,0,4,27.0,23.0,voiture,voiture,5,2,9,1,3
202000001917,2020-08-12 10:40:00,2020,8,12,10,40,45,45108,D956,47.646251,2.530975,Plein jour,Hors agglomération,Hors intersection,Normale,Autre collision,3,2,2,0,1,1,1,0,3,80,1,1,0,0,1,0,18.0,,voiture,,1,1,1,1,6
202000001918,2020-10-17 20:41:00,2020,10,17,20,41,10,10357,GENERAL DE GAULLE (RUE DU),48.29406,4.14469,Nuit sans éclairage public,Hors agglomération,Hors intersection,Normale,Autre collision,4,-1,1,0,1,1,1,0,8,500,1,3,0,0,0,3,85.0,,voiture,,3,1,1,1,6
202000001919,2020-08-16 16:30:00,2020,8,16,16,30,77,77329,D225 - D58,48.240477,2.809126,Plein jour,Hors agglomération,Intersection en X,Normale,Deux véhicules - côté,3,2,2,0,2,1,1,5,1,90,2,5,0,0,0,5,23.0,28.0,voiture,voiture,1,1,2,1,3
202000001920,2020-10-17 15:55:00,2020,10,17,15,55,75,75120,PORTE DE BAGNOLET,48.869643,2.413267,Plein jour,En agglomération,Hors intersection,Normale,Deux véhicules - arrière,4,1,4,0,1,1,1,0,1,70,2,2,1,0,0,1,47.0,46.0,voiture,voiture,1,2,1,1,2
202000001921,2020-08-24 06:55:00,2020,8,24,6,55,91,91098,D191,48.456104,2.059808,Plein jour,Hors agglomération,Hors intersection,Normale,Autre collision,3,2,2,0,1,3,1,0,8,50,1,2,0,0,1,1,21.0,,voiture,,1,1,1,1,6
202000001922,2020-10-17 15:13:00,2020,10,17,15,13,75,75108,PLACE DE LA CONCORDE,48.866663,2.322011,Plein jour,En agglomération,Intersection en X,Normale,Deux véhicules - côté,4,2,4,3,1,1,1,0,1,50,2,2,1,0,0,1,40.0,26.0,voiture,utilitaire_camion,1,2,2,1,3
202000001923,2020-08-24 20:40:00,2020,8,24,20,40,2A,2A163,croisement T40 / D50,41.5000018,9.0049085,Nuit sans éclairage public,Hors agglomération,Intersection en T,Normale,Deux véhicules - côté,2,2,2,0,1,1,1,0,1,80,2,2,1,0,1,0,55.0,52.0,deux_roues,voiture,3,1,3,1,3