accident_id,datetime,annee,mois,jour,heure,minute,departement,commune_insee,adresse,latitude,longitude,luminosite,agglomeration,intersection,meteo,collision,catr,circ,nbv,vosp,prof,plan,surf,infra,situ,vma,nb_vehicules,nb_usagers,nb_indemnes,nb_tues,nb_blesses_hosp,nb_blesses_legers,age_cond_1,age_cond_2,veh_type_cond_1,veh_type_cond_2,lum_code,agg_code,int_code,atm_code,col_code
202000001924,2020-10-16 16:42:00,2020,10,16,16,42,75,75112,AVENUE DE FONTENAY,48.84013,2.461389,Plein jour,En agglomération,Intersection en X,Normale,Autre collision,4,2,2,0,1,1,1,0,1,50,1,1,0,1,0,0,57.0,,utilitaire_camion,,1,2,2,1,6
202000001925,2020-08-15 18:00:00,2020,8,15,18,0,84,84092,d 225,43.970185,4.863581,Plein jour,En agglomération,Hors intersection,Normale,,3,3,2,0,1,1,1,3,1,90,2,2,1,0,0,1,33.0,19.0,deux_roues,deux_roues,1,2,1,1,-1
202000001926,2020-02-02 01:35:00,2020,2,2,1,35,62,62160,NATIONALE (Rue),50.72247,1.60603,Nuit avec éclairage allumé,En agglomération,Hors intersection,Normale,Sans collision,4,2,2,0,1,1,1,0,1,50,1,1,0,0,1,0,,,,,5,2,1,1,7
202000001927,2020-10-17 20:30:00,2020,10,17,20,30,75,75117,AVENUE DE LA PORTE D ASNIERES,48.89227,2.301009,Nuit avec éclairage allumé,En agglomération,Intersection en X,Normale,Deux véhicules - côté,4,2,7,3,2,1,1,0,1,50,2,2,0,0,0,2,36.0,16.0,deux_roues,deux_roues,5,2,2,1,3
202000001928,2020-08-23 17:30:00,2020,8,23,17,30,83,83099,Route Nationale 7,43.452872,6.691441,Plein jour,En agglomération,Hors intersection,Normale,Deux véhicules - côté,3,2,4,0,1,1,1,0,1,50,2,2,1,0,1,0,66.0,24.0,voiture,voiture,1,2,1,1,3
202000001929,2020-10-17 16:00:00,2020,10,17,16,0,75,75116,RUE D AUTEUIL,48.847988,2.264094,Plein jour,En agglomération,Intersection en X,Normale,Autre collision,4,1,1,0,1,1,1,0,1,50,1,2,0,0,0,2,,,,,1,2,2,1,6
202000001930,2020-02-03 18:49:00,2020,2,3,18,49,59,59588,CHAPEAU ROUGE - ROUTE,51.0275679,2.4282441,Nuit avec éclairage allumé,En agglomération,Hors intersection,Pluie forte,Autre collision,3,2,2,0,1,1,2,0,1,50,1,3,1,0,1,1,74.0,,voiture,,5,2,1,3,6
202000001931,2020-08-25 18:25:00,2020,8,25,18,25,05,05070,Avenue de Grenoble,44.316894,5.813983,Plein jour,En agglomération,Intersection en Y,Normale,Deux véhicules - frontale,3,2,2,0,1,3,1,0,1,50,2,3,2,0,1,0,45.0,45.0,voiture,deux_roues,1,2,4,1,1
202000001932,2020-10-16 10:15:00,2020,10,16,10,15,75,75116,AVENUE DE VERSAILLES,48.838557,2.259479,Plein jour,En agglomération,Hors intersection,Normale,Deux véhicules - côté,4,1,3,0,1,1,1,0,1,50,2,2,1,0,0,1,49.0,44.0,deux_roues,voiture,1,2,1,1,3
202000001933,2020-02-03 18:17:00,2020,2,3,18,17,59,59183,QUATRE ECLUSES - QUAI,51.02979,2.38033,Nuit avec éclairage allumé,En agglomération,Intersection en T,Pluie forte,Deux véhicules - frontale,3,2,2,0,1,1,2,0,1,50,2,2,1,0,0,1,48.0,59.0,deux_roues,voiture,5,2,3,3,1
202000001934,2020-08-25 08:00:00,2020,8,25,8,0,13,13109,Avenue Paul Julien,43.511032,5.486957,Plein jour,En agglomération,Intersection en X,Normale,Deux véhicules - côté,3,2,2,0,1,1,1,0,1,50,2,2,1,0,1,0,26.0,37.0,voiture,deux_roues,1,2,2,1,3
202000001935,2020-08-24 09:20:00,2020,8,24,9,20,70,70310,Route de Belfort,47.675022,6.518884,Plein jour,En agglomération,Hors intersection,Normale,Deux véhicules - côté,3,2,2,2,1,1,1,0,1,50,2,2,1,0,1,0,68.0,68.0,voiture,deux_roues,1,2,1,1,3
202000001936,2020-10-16 23:00:00,2020,10,16,23,0,75,75113,RUE DE TOLBIAC,48.826341,2.361495,Nuit avec éclairage allumé,En agglomération,Intersection en T,Normale,Deux véhicules - côté,4,2,2,0,1,1,1,0,1,30,2,2,1,0,0,1,40.0,23.0,voiture,deux_roues,5,2,3,1,3
202000001937,2020-02-01 06:10:00,2020,2,1,6,10,59,59183,MARDYCK - QUAI,51.02892,2.36633,Nuit avec éclairage allumé,En agglomération,Intersection en T,Temps couvert,Autre collision,4,2,2,0,1,3,2,0,1,50,1,3,0,1,2,0,36.0,,voiture,,5,2,3,8,6
202000001938,2020-10-17 11:50:00,2020,10,17,11,50,75,75112,AVENUE DE LA PORTE DE CHARENTON,48.831704,2.397896,Plein jour,En agglomération,Intersection en X,Normale,Deux véhicules - côté,4,2,3,1,1,1,1,0,1,50,2,2,1,0,0,1,61.0,24.0,utilitaire_camion,deux_roues,1,2,2,1,3
202000001939,2020-08-24 09:35:00,2020,8,24,9,35,88,88222,PK 16+450 RD 420,48.247683,6.618243,Plein jour,Hors agglomération,Hors intersection,Normale,Deux véhicules - frontale,3,2,2,0,1,1,1,0,1,80,2,2,0,0,1,1,32.0,20.0,voiture,voiture,1,1,1,1,1
202000001940,2020-08-24 17:20:00,2020,8,24,17,20,74,74136,D4,45.978698,6.46775,Plein jour,Hors agglomération,Hors intersection,Normale,Sans collision,3,2,2,0,2,1,1,0,1,80,1,1,0,0,1,0,60.0,,deux_roues,,1,1,1,1,7
202000001941,2020-10-16 21:30:00,2020,10,16,21,30,75,75108,BOULEVARD MALESHERBES,48.879436,2.314265,Nuit avec éclairage allumé,En agglomération,Intersection en X,Normale,Sans collision,4,2,6,1,1,1,1,-1,5,50,1,1,0,0,0,1,16.0,,deux_roues,,5,2,2,1,7
202000001942,2020-02-02 14:30:00,2020,2,2,14,30,56,56083,RN 165,47.7881772,-3.2804417,Plein jour,Hors agglomération,Hors intersection,Pluie légère,Autre collision,2,3,4,0,1,1,2,0,3,90,1,1,0,0,0,1,48.0,,voiture,,1,1,1,2,6
202000001943,2020-02-02 02:05:00,2020,2,2,2,5,56,56083,JAURES ( AV. JEAN ),47.8013856,-3.2812725,Nuit avec éclairage allumé,En agglomération,Hors intersection,Pluie forte,Autre collision,3,2,2,0,2,1,2,0,4,30,1,1,0,0,0,1,62.0,,voiture,,5,2,1,3,6
202000001944,2020-10-16 22:45:00,2020,10,16,22,45,75,75107,RUE DE SEVRES,48.846004,2.313817,Nuit avec éclairage allumé,En agglomération,Intersection en T,Normale,Deux véhicules - côté,4,2,3,1,1,1,1,-1,5,50,2,2,0,0,1,1,63.0,,deux_roues,,5,2,3,1,3
202000001945,2020-06-24 15:30:00,2020,6,24,15,30,73,73179,Residence Sainte Anne,45.5975712,5.8753155,Plein jour,En agglomération,Intersection en T,Normale,Deux véhicules - côté,5,2,2,0,1,1,1,0,1,30,2,2,1,0,1,0,29.0,31.0,voiture,deux_roues,1,2,3,1,3
202000001946,2020-02-01 18:35:00,2020,2,1,18,35,56,56083,8 MAI 1945 ( AV. DU ),47.80243,-3.29013,Nuit avec éclairage allumé,En agglomération,Intersection en X,Pluie légère,Deux véhicules - côté,4,2,2,0,1,1,2,5,1,50,2,2,1,0,0,1,16.0,71.0,deux_roues,voiture,5,2,2,2,3
202000001947,2020-08-24 19:00:00,2020,8,24,19,0,07,07341,,44.571852,4.510746,Plein jour,En agglomération,Giratoire,Normale,Sans collision,2,3,2,0,1,1,1,9,8,80,1,2,0,0,2,0,83.0,,voiture,,1,2,6,1,7
202000001948,2020-10-17 14:45:00,2020,10,17,14,45,75,75104,RUE CRILLON,48.849518,2.365621,Plein jour,En agglomération,Intersection en X,Normale,Deux véhicules - côté,4,1,1,0,1,1,1,0,1,30,2,3,1,0,0,2,19.0,22.0,voiture,deux_roues,1,2,2,1,3
202000001949,2020-10-17 00:43:00,2020,10,17,0,43,75,75101,RUE MONTMARTRE,48.864783,2.345133,Nuit avec éclairage allumé,En agglomération,Intersection à plus de 4 branches,Normale,Sans collision,4,1,2,0,1,2,1,8,1,50,1,1,0,0,0,1,40.0,,deux_roues,,5,2,5,1,7
202000001950,2020-01-31 20:33:00,2020,1,31,20,33,54,54431,D952,48.91295,6.037494,Nuit avec éclairage allumé,Hors agglomération,Intersection en T,Normale,Deux véhicules - frontale,3,2,3,0,1,1,2,5,1,70,2,2,0,0,0,2,51.0,,voiture,,5,1,3,1,1
202000001951,2020-08-20 14:10:00,2020,8,20,14,10,17,17161,17 Rue Jean Henry Laine,46.18649,-1.321755,Plein jour,En agglomération,Hors intersection,Normale,Deux véhicules - côté,4,2,2,0,1,1,1,0,1,30,2,2,1,0,1,0,49.0,62.0,autre,deux_roues,1,2,1,1,3
202000001952,2020-08-21 16:10:00,2020,8,21,16,10,33,33164,D8,44.53993,-0.28662,Plein jour,Hors agglomération,Hors intersection,Normale,Autre collision,3,2,2,0,1,2,1,9,3,70,1,1,0,0,1,0,56.0,,deux_roues,,1,1,1,1,6
202000001953,2020-10-17 12:10:00,2020,10,17,12,10,94,94081,JEAN JAURES (AV),48.7941706,2.4008874,Plein jour,En agglomération,Hors intersection,Normale,Deux véhicules - côté,3,2,0,0,1,1,1,0,1,50,2,2,1,0,0,1,34.0,36.0,voiture,deux_roues,1,2,1,1,3
202000001954,2020-02-03 18:15:00,2020,2,3,18,15,54,54184,avenue Foch,48.7051,6.2254,Nuit avec éclairage allumé,En agglomération,Hors intersection,Pluie légère,Autre collision,4,2,3,0,1,1,2,0,6,50,1,2,1,0,0,1,21.0,,voiture,,5,2,1,2,6
202000001955,2020-10-16 19:20:00,2020,10,16,19,20,94,94058,LAMARTINE (AV),48.850816,2.497032,Nuit avec éclairage allumé,En agglomération,Intersection en Y,Normale,Deux véhicules - frontale,4,1,1,0,1,3,1,0,1,50,2,2,1,0,1,0,62.0,19.0,deux_roues,deux_roues,5,2,4,1,1
202000001956,2020-08-25 08:10:00,2020,8,25,8,10,33,33260,Rue de la Gare,44.452776,-0.941048,Crépuscule ou aube,Hors agglomération,Hors intersection,Normale,Deux véhicules - arrière,3,2,2,0,1,1,1,0,1,80,2,2,1,0,1,0,73.0,65.0,voiture,utilitaire_camion,2,1,1,1,2
202000001957,2020-02-03 13:05:00,2020,2,3,13,5,54,54395,MAZAGRAN (RUE),48.6905992,6.1755026,Plein jour,En agglomération,Intersection en T,Pluie légère,Deux véhicules - arrière,4,1,3,0,1,1,2,0,1,30,2,2,1,0,0,1,46.0,39.0,voiture,deux_roues,1,2,3,2,2
202000001958,2020-10-17 09:30:00,2020,10,17,9,30,94,94043,FONTAINEBLEAU (AV DE),48.8149,2.3609,Plein jour,En agglomération,Hors intersection,Temps couvert,Deux véhicules - arrière,3,1,1,3,1,1,1,0,1,50,2,2,1,0,0,1,37.0,48.0,autre,transport_commun,1,2,1,8,2
202000001959,2020-01-31 22:30:00,2020,1,31,22,30,54,54382,PINS (AVENUE DES),49.53659,5.76453,Nuit sans éclairage public,En agglomération,Intersection en X,Normale,Deux véhicules - côté,4,2,2,0,1,1,1,0,1,50,2,3,0,0,0,3,72.0,28.0,voiture,utilitaire_camion,3,2,2,1,3
202000001960,2020-10-16 20:00:00,2020,10,16,20,0,94,94041,GEORGES GOSNAT (AV),48.81476,2.3907,Nuit avec éclairage allumé,En agglomération,Hors intersection,Normale,Deux véhicules - frontale,3,2,6,1,3,1,1,2,1,50,2,2,1,0,0,1,24.0,42.0,deux_roues,voiture,5,2,1,1,1
202000001961,2020-02-03 19:12:00,2020,2,3,19,12,53,53130,ELAIN (BOULEVARD PIERRE),48.08436,-0.78851,Nuit sans éclairage public,En agglomération,Hors intersection,Normale,Deux véhicules - côté,3,1,0,3,1,1,1,3,1,90,2,2,1,0,1,0,47.0,40.0,utilitaire_camion,voiture,3,2,1,1,3
202000001962,2020-08-25 12:20:00,2020,8,25,12,20,80,80383,autoroute A1 PK103+800,49.72647,2.780281,Plein jour,Hors agglomération,Hors intersection,Normale,Sans collision,1,3,3,0,1,1,2,0,3,130,1,5,1,0,1,3,38.0,,voiture,,1,1,1,1,7
202000001963,2020-08-24 17:10:00,2020,8,24,17,10,13,13210,A50-Sens Marseille vers Aubagne,43.28452,5.4067,Plein jour,Hors agglomération,Hors intersection,Normale,Deux véhicules - arrière,1,3,3,0,1,1,1,0,1,90,2,2,1,0,0,1,37.0,49.0,voiture,deux_roues,1,1,1,1,2
202000001964,2020-02-03 18:20:00,2020,2,3,18,20,51,51172,Rue de Picardie,49.2238849,4.0411897,Nuit avec éclairage allumé,En agglomération,Hors intersection,Pluie légère,Deux véhicules - frontale,4,2,2,0,1,3,2,0,1,50,2,2,1,0,0,1,18.0,62.0,deux_roues,voiture,5,2,1,2,1
202000001965,2020-10-17 19:41:00,2020,10,17,19,41,94,94022,REPUBLIQUE (AV DE LA),48.75761,2.41006,Crépuscule ou aube,En agglomération,Intersection en X,Normale,Deux véhicules - côté,3,3,4,0,1,1,1,0,1,50,2,3,1,0,0,2,35.0,20.0,voiture,voiture,2,2,2,1,3
202000001966,2020-08-24 18:30:00,2020,8,24,18,30,13,13106,A51-Sens Aix en Provence vers Marseille,43.4065986,5.361709,Plein jour,Hors agglomération,Hors intersection,Normale,Trois véhicules et plus - collisions multiples,1,3,4,0,1,2,1,3,1,90,3,5,4,0,0,1,47.0,22.0,voiture,voiture,1,1,1,1,5
202000001967,2020-10-17 17:50:00,2020,10,17,17,50,94,94022,VICTOR HUGO (AV),48.76815,2.418155,Plein jour,En agglomération,Hors intersection,Temps couvert,Autre collision,3,1,2,2,1,1,1,0,8,10,1,2,1,0,0,1,78.0,,voiture,,1,2,1,8,6
202000001968,2020-02-02 03:52:00,2020,2,2,3,52,49,49007,ESTIENNE D'ORVES BOULEVARD,47.45988,-0.52034,Nuit sans éclairage public,En agglomération,Hors intersection,Pluie légère,Sans collision,4,2,2,0,1,1,2,0,1,60,1,1,0,0,0,1,29.0,,voiture,,3,2,1,2,7
202000001969,2020-10-17 21:45:00,2020,10,17,21,45,94,94081,167 R GABRIEL PERI,48.7920952,2.4016047,Nuit avec éclairage non allumé,En agglomération,Hors intersection,Normale,Deux véhicules - frontale,4,2,2,0,1,1,1,0,1,50,2,2,1,0,0,1,16.0,28.0,deux_roues,voiture,4,2,1,1,1
202000001970,2020-08-20 18:35:00,2020,8,20,18,35,13,13005,A50-Sens Aubagne vers Marseille,43.2889659,5.5600183,Plein jour,Hors agglomération,Hors intersection,Normale,Trois véhicules et plus - en chaîne,1,1,2,0,2,2,1,0,1,90,4,6,4,0,0,2,19.0,23.0,voiture,voiture,1,1,1,1,4
202000001971,2020-02-03 21:40:00,2020,2,3,21,40,44,44109,Quai Malakoff,47.21426,-1.54071,Nuit sans éclairage public,En agglomération,Hors intersection,Pluie légère,Deux véhicules - côté,4,2,2,1,1,1,2,9,1,50,2,4,3,0,1,0,17.0,58.0,deux_roues,voiture,3,2,1,2,3
202000001972,2020-10-17 20:10:00,2020,10,17,20,10,93,93064,DE GAULLE (AV DU GENERAL) 58/49 - FIN,48.88449,2.47386,Nuit avec éclairage allumé,En agglomération,Hors intersection,Normale,Autre collision,3,3,4,0,1,1,1,8,1,50,1,5,0,0,0,5,61.0,,voiture,,5,2,1,1,6
202000001973,2020-08-23 23:10:00,2020,8,23,23,10,69,69199,A7 ,45.69148,4.84529,Nuit sans éclairage public,Hors agglomération,Hors intersection,Normale,Deux véhicules - arrière,1,1,4,0,1,1,1,2,1,70,2,2,1,0,0,1,43.0,70.0,utilitaire_camion,voiture,3,1,1,1,2
202000001974,2020-08-24 12:40:00,2020,8,24,12,40,92,92078,AUTOROUTE A86,48.92811,2.33279,Plein jour,Hors agglomération,Hors intersection,Normale,Sans collision,1,1,1,0,2,3,1,0,1,50,1,1,0,0,0,1,41.0,,deux_roues,,1,1,1,1,7
202000001975,2020-08-24 04:25:00,2020,8,24,4,25,95,95252,A15,48.9803,2.2263,Nuit sans éclairage public,Hors agglomération,Hors intersection,Normale,Sans collision,1,3,7,0,1,1,1,0,1,110,1,1,0,0,1,0,24.0,,deux_roues,,3,1,1,1,7
202000001976,2020-10-17 10:40:00,2020,10,17,10,40,93,93074,R ALEXANDRE BOUCHER / D933,48.9339,2.56666,Plein jour,En agglomération,Intersection en T,Normale,Deux véhicules - côté,3,2,2,0,1,1,1,0,1,50,2,2,1,0,0,1,50.0,54.0,utilitaire_camion,deux_roues,1,2,3,1,3
202000001977,2020-08-24 02:30:00,2020,8,24,2,30,95,95060, A115,49.0351529,2.1963139,Nuit sans éclairage public,Hors agglomération,Hors intersection,Normale,Sans collision,1,3,4,0,1,1,1,0,1,90,1,1,0,0,0,1,21.0,,voiture,,3,1,1,1,7
202000001978,2020-10-17 10:50:00,2020,10,17,10,50,93,93031,REPUBLIQUE (AVENUE),48.94666,2.34424,Plein jour,En agglomération,Autre intersection,Normale,Deux véhicules - côté,3,1,1,1,1,1,1,9,5,50,2,1,0,0,0,1,25.0,,deux_roues,,1,2,9,1,3
202000001979,2020-02-02 11:15:00,2020,2,2,11,15,37,37261,WAGNER (BOULEVARD RICHARD),47.3768594,0.7134019,Plein jour,En agglomération,Intersection en T,Normale,Deux véhicules - arrière,3,2,4,0,1,1,2,0,1,50,2,4,3,0,0,1,54.0,24.0,voiture,voiture,1,2,3,1,2
202000001980,2020-10-17 18:15:00,2020,10,17,18,15,93,93029,HENRI BARBUSSE (AVE) N°2-124,48.91894,2.44953,Crépuscule ou aube,En agglomération,Hors intersection,Normale,Autre collision,3,2,2,0,1,1,1,9,1,50,1,3,2,1,0,0,46.0,,voiture,,2,2,1,1,6
202000001981,2020-08-24 02:10:00,2020,8,24,2,10,93,93066,AUTOROUTE A1,48.91391,2.35772,Nuit avec éclairage non allumé,Hors agglomération,Hors intersection,Normale,Autre collision,1,3,8,0,1,1,1,1,1,90,1,2,1,0,0,1,48.0,,voiture,,4,1,1,1,6
202000001982,2020-02-03 08:50:00,2020,2,3,8,50,37,37261,MAGINOT (AV. ANDRE),47.4134312,0.6864742,Plein jour,En agglomération,Hors intersection,Pluie légère,Sans collision,3,3,2,3,1,1,2,0,1,50,1,1,0,0,0,1,47.0,,deux_roues,,1,2,1,2,7
202000001983,2020-10-17 11:10:00,2020,10,17,11,10,93,93007,HENRI BARBUSSE (AVENUE),48.9431558,2.4658807,Plein jour,En agglomération,Intersection en Y,Normale,Deux véhicules - côté,4,2,2,0,1,1,1,0,1,50,2,7,5,0,0,2,39.0,34.0,utilitaire_camion,transport_commun,1,2,4,1,3
202000001984,2020-02-02 18:10:00,2020,2,2,18,10,37,37233,Quai de la Loire,47.3967257,0.724918,Nuit sans éclairage public,En agglomération,Hors intersection,Pluie légère,Autre collision,3,2,2,0,1,1,2,0,1,50,1,2,1,0,1,0,27.0,,voiture,,3,2,1,2,6
202000001985,2020-08-23 02:25:00,2020,8,23,2,25,95,95500,AUTOROUTE A15,49.03762,2.09024,Nuit sans éclairage public,Hors agglomération,Hors intersection,Normale,Deux véhicules - arrière,1,3,8,0,1,1,1,0,1,90,2,3,0,1,0,2,45.0,55.0,voiture,voiture,3,1,1,1,2
202000001986,2020-10-17 08:40:00,2020,10,17,8,40,93,93005,GEORGES BRAQUE (BOULEVARD),48.9555909,2.4800835,Plein jour,En agglomération,Giratoire,Normale,Deux véhicules - côté,3,1,2,0,1,1,1,0,1,50,2,2,1,0,0,1,66.0,35.0,voiture,voiture,1,2,6,1,3
202000001987,2020-10-17 16:05:00,2020,10,17,16,5,93,93001,GAMBETTA (QUAI),48.9046107,2.3787524,Plein jour,En agglomération,Autre intersection,Normale,,4,2,2,1,1,1,1,0,5,30,2,1,0,0,0,1,10.0,,autre,,1,2,9,1,-1
202000001988,2020-02-03 19:50:00,2020,2,3,19,50,35,35238,TILLON (AVENUE CHARLES),48.12449,-1.70976,Nuit avec éclairage allumé,En agglomération,Intersection en X,Pluie forte,Deux véhicules - côté,4,3,4,0,1,1,2,0,1,50,2,3,1,0,0,2,25.0,68.0,voiture,voiture,5,2,2,3,3
202000001989,2020-08-23 19:30:00,2020,8,23,19,30,69,69383,VOLTAIRE                            (R ),45.75837,4.84865,Plein jour,En agglomération,Intersection en T,Normale,Deux véhicules - côté,4,1,1,0,1,1,1,0,1,50,2,3,2,0,0,1,66.0,28.0,voiture,deux_roues,1,2,3,1,3
202000001990,2020-10-17 11:30:00,2020,10,17,11,30,92,92020,PARIS AVENUE DE N° IMPAIRS,48.8063654,2.2924371,Plein jour,En agglomération,Hors intersection,Normale,Autre collision,3,2,2,0,2,1,1,0,1,50,1,2,1,0,0,1,33.0,,voiture,,1,2,1,1,6
202000001991,2020-08-23 04:30:00,2020,8,23,4,30,69,69386,BOSSUET                             (R ),45.76799,4.8524581,Nuit sans éclairage public,En agglomération,Hors intersection,Normale,Autre collision,4,1,1,0,1,1,1,0,1,50,1,1,0,0,1,0,35.0,,deux_roues,,3,2,1,1,6
202000001992,2020-02-03 09:30:00,2020,2,3,9,30,35,35051,PARIS (RUE DE),48.114249,-1.607372,Plein jour,En agglomération,Intersection en T,Normale,Deux véhicules - côté,4,1,1,1,1,3,1,5,1,50,2,2,1,0,0,1,21.0,63.0,deux_roues,voiture,1,2,3,1,3
202000001993,2020-10-17 12:10:00,2020,10,17,12,10,92,92019,SALENGRO ROGER (AV),48.769112,2.273724,Plein jour,En agglomération,Autre intersection,Normale,Deux véhicules - côté,3,2,2,2,2,1,1,0,1,50,2,3,2,0,0,1,58.0,21.0,voiture,utilitaire_camion,1,2,9,1,3
202000001994,2020-02-03 13:10:00,2020,2,3,13,10,34,34172,GIRAUD (AVENUE DU DOYEN GASTON),43.634327,3.849406,Plein jour,En agglomération,Intersection en X,Normale,Deux véhicules - côté,4,1,3,0,1,1,1,5,1,50,2,2,0,0,0,2,19.0,40.0,voiture,voiture,1,2,2,1,3
202000001995,2020-10-17 20:15:00,2020,10,17,20,15,92,92012,MARCEL SEMBAT (PLACE),48.83379,2.24357,Nuit avec éclairage allumé,En agglomération,Giratoire,Temps couvert,Deux véhicules - côté,3,4,3,0,1,3,1,0,1,50,2,2,1,0,0,1,59.0,,voiture,,5,2,6,8,3
202000001996,2020-08-23 14:19:00,2020,8,23,14,19,95,95680,PIERRE SEMARD (AVENUE),48.9996666,2.4123359,Plein jour,En agglomération,Intersection en T,Normale,Deux véhicules - côté,3,2,2,0,1,1,1,0,1,50,2,2,1,0,0,1,49.0,23.0,voiture,deux_roues,1,2,3,1,3
202000001997,2020-02-04 02:06:00,2020,2,4,2,6,33,33063,Quai de Bacalan,44.85792,-0.55856,Nuit avec éclairage allumé,En agglomération,Hors intersection,Normale,,4,3,6,2,1,1,1,0,1,50,2,4,0,0,0,4,23.0,51.0,voiture,voiture,5,2,1,1,-1
202000001998,2020-10-18 11:27:00,2020,10,18,11,27,54,54109,D913,48.5173932,6.1556321,Plein jour,Hors agglomération,Hors intersection,Normale,Deux véhicules - côté,3,2,2,0,2,1,1,0,1,80,2,3,2,0,1,0,77.0,86.0,deux_roues,voiture,1,1,1,1,3
202000001999,2020-10-17 10:15:00,2020,10,17,10,15,51,51649,Grande Rue de Vaux,48.7286085,4.5870305,Plein jour,En agglomération,Giratoire,Normale,Deux véhicules - arrière,2,2,2,0,1,3,1,0,1,50,2,2,1,0,0,1,43.0,38.0,voiture,deux_roues,1,2,6,1,2
202000002000,2020-02-03 15:50:00,2020,2,3,15,50,33,33192,23 Cours du Général de Gaulle,44.78633,-0.6051,Plein jour,En agglomération,Intersection en T,Normale,Deux véhicules - côté,4,2,4,2,1,1,1,0,1,50,2,2,1,0,0,1,34.0,58.0,deux_roues,voiture,1,2,3,1,3
202000002001,2020-10-18 12:00:00,2020,10,18,12,0,17,17010,8 Avenue de Chatelaillon,46.10109,-1.0986396,Plein jour,En agglomération,Giratoire,Normale,Deux véhicules - côté,3,1,1,0,1,2,1,0,1,50,2,2,1,0,1,0,63.0,56.0,voiture,deux_roues,1,2,6,1,3
202000002002,2020-08-23 04:00:00,2020,8,23,4,0,91,91589,ECOLES (AVENUE DES),48.6891,2.34787,Nuit avec éclairage allumé,En agglomération,Hors intersection,Normale,Autre collision,4,2,2,0,1,1,1,0,1,50,1,3,2,0,1,0,22.0,,voiture,,5,2,1,1,6
202000002003,2020-02-03 06:30:00,2020,2,3,6,30,33,33039,354 RTE DE TOULOUSE,44.79794,-0.56886,Nuit avec éclairage allumé,En agglomération,Hors intersection,Normale,Deux véhicules - côté,4,2,2,0,1,1,1,0,1,50,2,2,1,1,0,0,56.0,27.0,deux_roues,utilitaire_camion,5,2,1,1,3
202000002004,2020-10-18 11:45:00,2020,10,18,11,45,31,31364,1 Chemin du Tucol,43.721769,1.4814,Plein jour,En agglomération,Hors intersection,Normale,Deux véhicules - frontale,3,2,2,0,2,1,1,0,1,50,2,2,1,0,1,0,44.0,60.0,voiture,deux_roues,1,2,1,1,1
202000002005,2020-10-18 12:49:00,2020,10,18,12,49,12,12027,D920,44.521475,2.734029,Plein jour,Hors agglomération,Hors intersection,Brouillard / fumée,Autre collision,3,2,3,0,2,2,1,0,3,90,1,2,0,0,1,1,33.0,,deux_roues,,1,1,1,5,6
202000002006,2020-08-23 16:05:00,2020,8,23,16,5,91,91286,ROUTE NATIONALE 7,48.664982,2.398302,Plein jour,En agglomération,Autre intersection,Normale,Autre collision,2,3,5,0,1,1,1,0,1,50,1,3,2,0,1,0,29.0,,voiture,,1,2,9,1,6
202000002007,2020-02-01 06:09:00,2020,2,1,6,9,31,31555,VA007331 A620,43.5723187,1.4365611,Nuit sans éclairage public,Hors agglomération,Hors intersection,Pluie légère,Autre collision,1,2,3,0,1,1,2,0,1,90,1,2,0,0,0,2,30.0,,voiture,,3,1,1,2,6
202000002008,2020-08-23 03:25:00,2020,8,23,3,25,71,71153,VERDUN (AVENUE DE),46.800137,4.4391835,Nuit avec éclairage allumé,En agglomération,Hors intersection,Normale,Autre collision,4,2,2,0,2,3,1,0,4,50,1,1,0,0,1,0,23.0,,voiture,,5,2,1,1,6
202000002009,2020-10-18 12:45:00,2020,10,18,12,45,974,97414,Rue de la Palissade,-21.282501,55.419744,Plein jour,En agglomération,Hors intersection,Normale,Sans collision,4,2,2,0,1,2,1,0,8,50,1,1,0,0,1,0,77.0,,deux_roues,,1,2,1,1,7
202000002010,2020-01-31 23:55:00,2020,1,31,23,55,31,31555,FITTE (ALL CHARLES DE) DU 39AU 109,43.60051,1.42876,Nuit avec éclairage allumé,En agglomération,Hors intersection,Normale,Deux véhicules - côté,4,2,2,0,1,1,1,0,1,50,2,2,1,0,0,1,25.0,23.0,deux_roues,voiture,5,2,1,1,3
202000002011,2020-10-18 03:40:00,2020,10,18,3,40,38,38239,Route de Valence,45.324051,5.548471,Nuit avec éclairage non allumé,Hors agglomération,Hors intersection,Normale,Sans collision,3,2,2,0,2,1,1,0,3,80,1,2,0,0,0,2,25.0,,voiture,,4,1,1,1,7
202000002012,2020-10-17 16:45:00,2020,10,17,16,45,30,30117,Rue d'Arles,43.687007,4.605685,Plein jour,Hors agglomération,Hors intersection,Normale,,3,2,2,0,1,1,1,2,1,80,3,3,1,0,2,0,44.0,34.0,voiture,voiture,1,1,1,1,-1
202000002013,2020-02-02 18:55:00,2020,2,2,18,55,27,27681,IVRY (ROUTE D'),49.0745,1.4747,Nuit sans éclairage public,Hors agglomération,Hors intersection,Pluie légère,Deux véhicules - frontale,4,2,2,0,3,2,2,0,1,50,2,3,0,0,1,2,51.0,74.0,voiture,voiture,3,1,1,2,1
202000002014,2020-08-21 20:15:00,2020,8,21,20,15,69,69256,MAURICE THOREZ                      (AV),45.7803194,4.9141395,Plein jour,En agglomération,Hors intersection,Normale,Deux véhicules - frontale,4,2,2,0,1,1,1,0,1,50,2,2,1,0,0,1,29.0,,voiture,,1,2,1,1,1
202000002015,2020-10-17 01:20:00,2020,10,17,1,20,29,29226,D43 - Trefest Izella,48.049112,-4.391956,Nuit sans éclairage public,Hors agglomération,Hors intersection,Normale,Deux véhicules - frontale,3,2,2,0,1,1,1,0,1,80,2,2,1,0,0,1,25.0,53.0,voiture,voiture,3,1,1,1,1