accident_id,datetime,annee,mois,jour,heure,minute,departement,commune_insee,adresse,latitude,longitude,luminosite,agglomeration,intersection,meteo,collision,catr,circ,nbv,vosp,prof,plan,surf,infra,situ,vma,nb_vehicules,nb_usagers,nb_indemnes,nb_tues,nb_blesses_hosp,nb_blesses_legers,age_cond_1,age_cond_2,veh_type_cond_1,veh_type_cond_2,lum_code,agg_code,int_code,atm_code,col_code
202000002109,2020-10-17 16:30:00,2020,10,17,16,30,17,17452,D25,45.762613,-1.215513,Plein jour,Hors agglomération,Hors intersection,Normale,Sans collision,3,2,2,0,2,3,1,0,3,-1,1,1,0,0,1,0,24.0,,deux_roues,,1,1,1,1,7
202000002110,2020-02-03 10:20:00,2020,2,3,10,20,94,94033,DAME BLANCHE (AV DE LA),48.84451,2.45081,Plein jour,En agglomération,Intersection en X,Normale,,4,2,2,1,1,1,2,0,1,50,2,1,0,0,0,1,51.0,,deux_roues,,1,2,2,1,-1
202000002111,2020-10-17 07:45:00,2020,10,17,7,45,86,86102,N149,46.652953,0.122303,Nuit sans éclairage public,Hors agglomération,Hors intersection,Normale,Deux véhicules - frontale,2,2,2,0,2,1,1,5,1,80,2,2,1,0,1,0,44.0,22.0,voiture,voiture,3,1,1,1,1
202000002112,2020-02-02 08:00:00,2020,2,2,8,0,94,94002,JEAN BAPTISTE CLEMENT (QU),48.79813,2.42069,Crépuscule ou aube,En agglomération,Hors intersection,Pluie légère,Deux véhicules - arrière,3,3,4,0,3,1,2,5,1,50,2,3,2,0,0,1,49.0,31.0,deux_roues,voiture,2,2,1,2,2
202000002113,2020-08-23 07:57:00,2020,8,23,7,57,93,93057,AV ARISTIDE BRIAND,48.9097125,2.5068168,Plein jour,En agglomération,Hors intersection,Normale,Deux véhicules - arrière,3,3,6,3,1,1,1,5,1,50,2,2,1,0,0,1,37.0,27.0,voiture,voiture,1,2,1,1,2
202000002114,2020-02-02 22:35:00,2020,2,2,22,35,93,93071,AV HENRI DUNANT / R GASTON LEVY,48.9374379,2.5222443,Nuit avec éclairage allumé,En agglomération,Intersection en T,Pluie forte,Autre collision,4,2,2,0,1,1,2,0,1,50,1,2,1,0,0,1,29.0,,voiture,,5,2,3,3,6
202000002115,2020-10-17 20:45:00,2020,10,17,20,45,22,22384,5 Rue Paul Féval,48.285185,-2.834076,Nuit avec éclairage allumé,En agglomération,Intersection en T,Normale,Sans collision,4,2,2,0,1,3,1,0,8,50,1,3,0,0,2,1,33.0,,voiture,,5,2,3,1,7
202000002116,2020-10-18 07:13:00,2020,10,18,7,13,59,59611,Rue de Wambrechies,50.685828,3.004986,Crépuscule ou aube,En agglomération,Hors intersection,Pluie légère,Sans collision,7,2,2,0,1,3,2,0,3,50,1,1,0,0,1,0,21.0,,voiture,,2,2,1,2,7
202000002117,2020-02-01 23:20:00,2020,2,1,23,20,93,93046,BD ROBERT SCHUMANN / AV LUCIE AUBRAC,48.92825,2.5493,Nuit avec éclairage allumé,En agglomération,Intersection en X,Pluie légère,Deux véhicules - côté,3,2,2,-1,1,1,2,5,1,-1,2,1,0,0,0,1,30.0,,voiture,,5,2,2,2,3
202000002118,2020-08-23 02:10:00,2020,8,23,2,10,92,92076,REPUBLIQUE,48.836927,2.145845,Nuit avec éclairage allumé,En agglomération,Intersection en T,Normale,Deux véhicules - côté,3,3,4,0,2,1,1,5,1,50,2,5,3,0,0,2,20.0,29.0,voiture,voiture,5,2,3,1,3
202000002119,2020-02-03 02:41:00,2020,2,3,2,41,93,93066,FRANCE ANATOLE ENTREE A86,48.9225417,2.3462689,Nuit avec éclairage allumé,En agglomération,Giratoire,Pluie forte,Sans collision,3,2,2,1,2,3,2,5,1,50,1,2,1,0,0,1,32.0,,transport_commun,,5,2,6,3,7
202000002120,2020-08-23 21:44:00,2020,8,23,21,44,47,47069,1076 Route d'Agen,44.219273,0.583627,Nuit avec éclairage allumé,Hors agglomération,Hors intersection,Normale,Autre collision,3,2,3,0,1,1,1,0,3,80,1,1,0,0,1,0,36.0,,deux_roues,,5,1,1,1,6
202000002121,2020-08-23 18:15:00,2020,8,23,18,15,01,01085,RD7,46.085492,5.025773,Plein jour,Hors agglomération,Intersection en X,Normale,Deux véhicules - côté,3,2,2,0,1,1,1,0,1,80,2,5,1,0,1,3,20.0,19.0,voiture,voiture,1,1,2,1,3
202000002122,2020-02-02 17:00:00,2020,2,2,17,0,93,93032,ROGER SALENGRO  (AVENUE),48.8717651,2.5665951,Plein jour,En agglomération,Intersection en T,Pluie légère,Deux véhicules - côté,4,2,2,0,1,1,2,0,1,50,2,3,2,0,0,1,48.0,19.0,voiture,utilitaire_camion,1,2,3,2,3
202000002123,2020-08-23 12:00:00,2020,8,23,12,0,11,11195,A61 PK 292.500 SENS NARBONNE / TOULOUSE,43.2683756,2.0085239,Plein jour,Hors agglomération,Hors intersection,Normale,Deux véhicules - arrière,1,3,4,0,1,1,1,0,1,-1,2,8,5,0,0,3,38.0,43.0,voiture,voiture,1,1,1,1,2
202000002124,2020-08-02 19:00:00,2020,8,2,19,0,76,76054,CD149,49.901633,1.396795,Plein jour,Hors agglomération,Hors intersection,Normale,,3,2,2,0,1,1,1,0,1,80,2,3,2,0,1,0,52.0,54.0,voiture,utilitaire_camion,1,1,1,1,-1
202000002125,2020-08-24 15:45:00,2020,8,24,15,45,28,28409,A11,48.276738,1.184464,Plein jour,Hors agglomération,Hors intersection,Normale,Autre collision,1,3,5,0,1,1,1,0,3,130,1,2,0,0,2,0,68.0,,voiture,,1,1,1,1,6
202000002126,2020-02-02 12:10:00,2020,2,2,12,10,92,92063,MARTIGNON (RUE),48.8861,2.180773,Plein jour,En agglomération,Intersection en T,Normale,Deux véhicules - arrière,4,2,1,0,1,1,2,0,1,50,2,2,1,0,0,1,38.0,58.0,voiture,voiture,1,2,3,1,2
202000002127,2020-08-23 20:20:00,2020,8,23,20,20,83,83073,D97,43.382463,6.305279,Crépuscule ou aube,Hors agglomération,Hors intersection,Normale,Autre collision,3,3,3,0,1,1,1,0,1,130,1,1,0,0,0,1,46.0,,voiture,,2,1,1,1,6
202000002128,2020-08-23 19:00:00,2020,8,23,19,0,51,51063,D1,49.0880856,3.7812351,Plein jour,Hors agglomération,Hors intersection,Normale,Sans collision,3,2,2,0,1,4,1,0,8,80,1,1,0,1,0,0,38.0,,voiture,,1,1,1,1,7
202000002129,2020-02-02 22:00:00,2020,2,2,22,0,92,92002,NATIONS  UNIES (RUE DES),48.732704,2.303196,Nuit avec éclairage allumé,En agglomération,Intersection en T,Pluie légère,Autre collision,4,2,2,0,1,1,2,0,1,50,1,2,1,0,0,1,32.0,,voiture,,5,2,3,2,6
202000002130,2020-02-02 08:30:00,2020,2,2,8,30,62,62359,D928,50.441436,2.07751,Plein jour,Hors agglomération,Hors intersection,Pluie légère,Deux véhicules - côté,3,2,2,0,1,1,2,0,1,80,2,2,1,0,1,0,26.0,47.0,voiture,voiture,1,1,1,2,3
202000002131,2020-08-23 23:20:00,2020,8,23,23,20,11,11203,cd11,43.230258,2.795591,Nuit sans éclairage public,Hors agglomération,Intersection en X,Normale,,3,2,2,0,1,1,1,0,1,80,2,3,2,0,0,1,26.0,23.0,voiture,voiture,3,1,2,1,-1
202000002132,2020-01-31 08:00:00,2020,1,31,8,0,01,01290,D124,45.858575,5.199366,Plein jour,Hors agglomération,Hors intersection,Temps couvert,Deux véhicules - côté,3,2,2,0,1,1,2,0,1,80,2,2,0,0,0,2,45.0,33.0,voiture,voiture,1,1,1,8,3
202000002133,2020-08-24 05:30:00,2020,8,24,5,30,71,71073,Autoroute A6 - PK 320.900,46.8769198,4.8186529,Crépuscule ou aube,Hors agglomération,Hors intersection,Normale,Deux véhicules - arrière,1,3,5,0,1,1,1,0,1,130,2,3,2,0,1,0,55.0,21.0,utilitaire_camion,voiture,2,1,1,1,2
202000002134,2020-02-03 20:30:00,2020,2,3,20,30,01,01290,D22a,45.898282,5.185826,Nuit avec éclairage allumé,Hors agglomération,Giratoire,Temps couvert,Deux véhicules - côté,3,2,1,0,1,1,2,0,1,80,2,2,1,0,0,1,43.0,31.0,voiture,voiture,5,1,6,8,3
202000002135,2020-08-22 15:05:00,2020,8,22,15,5,68,68315,D431,47.891456,7.112789,Plein jour,Hors agglomération,Hors intersection,Normale,Deux véhicules - côté,3,2,2,0,2,2,1,0,1,70,2,2,0,0,1,1,51.0,72.0,deux_roues,deux_roues,1,1,1,1,3
202000002136,2020-02-02 14:30:00,2020,2,2,14,30,42,42294,Le Pont Maréchal,46.018349,4.1027974,Plein jour,Hors agglomération,Hors intersection,Normale,Sans collision,2,1,1,0,4,3,1,3,1,50,1,1,0,0,0,1,35.0,,deux_roues,,1,1,1,1,7
202000002137,2020-08-24 17:30:00,2020,8,24,17,30,44,44089,Malville,47.33955,-1.820748,Plein jour,Hors agglomération,Hors intersection,Normale,Autre collision,2,3,4,0,1,1,1,0,3,80,1,1,0,0,1,0,50.0,,utilitaire_camion,,1,1,1,1,6
202000002138,2020-01-31 11:30:00,2020,1,31,11,30,42,42239,Route du Ménard,45.964031,3.993866,Plein jour,En agglomération,Hors intersection,Normale,Autre collision,4,2,2,0,1,1,1,0,3,50,1,1,0,0,1,0,80.0,,voiture,,1,2,1,1,6
202000002139,2020-08-23 22:05:00,2020,8,23,22,5,50,50393,D999 - PERCY,48.911129,-1.195482,Nuit avec éclairage allumé,En agglomération,Giratoire,Normale,Deux véhicules - frontale,3,1,2,0,1,2,1,0,1,50,2,4,2,0,1,1,60.0,29.0,voiture,deux_roues,5,2,6,1,1
202000002140,2020-02-02 16:00:00,2020,2,2,16,0,81,81273,N126,43.579178,2.147999,Plein jour,Hors agglomération,Intersection en T,Normale,Deux véhicules - côté,2,4,3,0,1,1,1,5,1,80,2,5,4,0,0,1,62.0,41.0,deux_roues,voiture,1,1,3,1,3
202000002141,2020-08-22 08:45:00,2020,8,22,8,45,51,51643,34 Le Pont de Bois,49.0088594,3.916253,Plein jour,Hors agglomération,Intersection en X,Normale,Trois véhicules et plus - en chaîne,3,2,2,0,1,1,1,0,1,80,3,3,2,0,0,1,75.0,53.0,voiture,voiture,1,1,2,1,4
202000002142,2020-02-04 17:25:00,2020,2,4,17,25,974,97422,Rue du Paille En Queue,-21.30471,55.534147,Plein jour,Hors agglomération,Hors intersection,Normale,Autre collision,3,2,2,0,1,2,1,9,8,90,1,1,0,1,0,0,90.0,,voiture,,1,1,1,1,6
202000002143,2020-08-23 23:00:00,2020,8,23,23,0,56,56020,18 Rue Saint Gildas,47.77764,-2.441587,Nuit sans éclairage public,En agglomération,Hors intersection,Normale,Autre collision,4,2,1,0,1,1,1,0,1,50,1,1,0,0,1,0,,,,,3,2,1,1,6
202000002144,2020-02-03 19:12:00,2020,2,3,19,12,57,57690,D910a,49.088419,6.689789,Nuit sans éclairage public,Hors agglomération,Hors intersection,Pluie légère,Deux véhicules - frontale,3,3,2,0,1,1,2,0,1,80,2,2,0,1,0,1,31.0,82.0,voiture,voiture,3,1,1,2,1
202000002145,2020-02-03 03:20:00,2020,2,3,3,20,51,51389,Rue du 11 Novembre 1918,49.1318882,4.3170353,Nuit avec éclairage allumé,En agglomération,Hors intersection,Pluie légère,Sans collision,3,2,2,0,1,3,2,0,3,50,1,1,0,0,1,0,50.0,,deux_roues,,5,2,1,2,7
202000002146,2020-08-24 10:20:00,2020,8,24,10,20,56,56205,D780,47.557299,-2.713623,Plein jour,Hors agglomération,Hors intersection,Normale,Deux véhicules - frontale,3,2,2,0,1,1,1,0,1,80,2,3,0,0,1,2,23.0,35.0,voiture,voiture,1,1,1,1,1
202000002147,2020-02-04 18:00:00,2020,2,4,18,0,60,60069,route communale 4,49.141657,2.967596,Nuit sans éclairage public,Hors agglomération,Hors intersection,Temps couvert,Deux véhicules - côté,4,2,2,0,1,1,1,0,1,80,2,2,1,0,0,1,35.0,56.0,voiture,utilitaire_camion,3,1,1,8,3
202000002148,2020-08-12 12:00:00,2020,8,12,12,0,74,74258,Route du Col de Joux Plane,46.126251,6.711016,Plein jour,Hors agglomération,Hors intersection,Normale,Sans collision,3,2,2,0,1,2,1,0,3,80,1,1,0,0,1,0,56.0,,deux_roues,,1,1,1,1,7
202000002149,2020-08-23 18:45:00,2020,8,23,18,45,79,79188,,46.688758,-0.608765,Plein jour,Hors agglomération,Hors intersection,Normale,Deux véhicules - côté,3,2,2,0,1,1,1,0,1,80,2,3,2,0,1,0,53.0,42.0,voiture,deux_roues,1,1,1,1,3
202000002150,2020-02-03 15:50:00,2020,2,3,15,50,66,66189,Chemin de Villeneuve de la Raho,42.653408,2.936383,Plein jour,Hors agglomération,Intersection en T,Normale,Deux véhicules - côté,3,2,2,0,1,1,1,9,1,80,2,2,1,0,1,0,75.0,25.0,deux_roues,voiture,1,1,3,1,3
202000002151,2020-01-25 09:20:00,2020,1,25,9,20,51,51374,D45/D439,48.7890008,3.7833558,Plein jour,Hors agglomération,Intersection en Y,Normale,Deux véhicules - côté,3,2,2,0,4,1,2,0,1,80,2,4,3,0,1,0,30.0,39.0,voiture,voiture,1,1,4,1,3
202000002152,2020-08-23 16:45:00,2020,8,23,16,45,82,82112,Route de Laujol,44.148556,1.106658,Plein jour,Hors agglomération,Hors intersection,Normale,Trois véhicules et plus - collisions multiples,3,2,2,0,1,1,1,0,1,80,3,5,3,0,2,0,38.0,22.0,voiture,voiture,1,1,1,1,5
202000002153,2020-08-24 19:15:00,2020,8,24,19,15,69,69066,CD 308,46.061023,4.312348,Plein jour,Hors agglomération,Hors intersection,Normale,Deux véhicules - arrière,3,2,3,0,1,2,1,0,5,90,2,2,1,0,1,0,16.0,22.0,deux_roues,deux_roues,1,1,1,1,2
202000002154,2020-02-04 10:05:00,2020,2,4,10,5,51,51339,D2,48.875583,4.418644,Plein jour,Hors agglomération,Hors intersection,Neige / grêle,Deux véhicules - frontale,3,2,2,0,1,1,7,0,1,80,2,3,2,1,0,0,50.0,22.0,voiture,utilitaire_camion,1,1,1,4,1
202000002155,2020-08-23 09:30:00,2020,8,23,9,30,69,69209,d10,46.2353704,4.4162128,Plein jour,Hors agglomération,Hors intersection,Normale,Deux véhicules - côté,3,-1,2,0,1,2,1,0,1,80,2,2,1,0,1,0,81.0,61.0,voiture,deux_roues,1,1,1,1,3
202000002156,2020-02-04 13:10:00,2020,2,4,13,10,56,56078,Z.A. Pen Mané (Arrêt de bus),47.807026,-3.464035,Plein jour,Hors agglomération,Giratoire,Temps couvert,Deux véhicules - côté,3,-1,1,0,1,2,1,0,1,50,2,2,1,0,1,0,44.0,51.0,voiture,deux_roues,1,1,6,8,3
202000002157,2020-08-24 05:30:00,2020,8,24,5,30,32,32233,D3,43.533985,0.160804,Nuit sans éclairage public,Hors agglomération,Hors intersection,Normale,Autre collision,3,2,2,0,1,1,1,0,3,80,1,1,0,0,1,0,50.0,,deux_roues,,3,1,1,1,6
202000002158,2020-08-24 17:00:00,2020,8,24,17,0,71,71351,25 Route de Lons-le-saunier,46.879826,5.269468,Plein jour,En agglomération,Hors intersection,Normale,Deux véhicules - arrière,3,2,2,0,1,1,1,0,1,70,2,2,1,0,1,0,15.0,54.0,deux_roues,utilitaire_camion,1,2,1,1,2
202000002159,2020-02-04 09:15:00,2020,2,4,9,15,77,77032,N4,48.701133,3.255011,Plein jour,Hors agglomération,Hors intersection,Pluie légère,Deux véhicules - frontale,2,2,2,0,2,1,2,0,1,80,2,2,0,1,1,0,41.0,51.0,voiture,voiture,1,1,1,2,1
202000002160,2020-08-23 16:30:00,2020,8,23,16,30,47,47203,D103,44.38737,0.806503,Plein jour,Hors agglomération,Hors intersection,Normale,Deux véhicules - frontale,3,3,2,0,3,1,1,2,1,70,2,4,1,0,0,3,64.0,47.0,voiture,voiture,1,1,1,1,1
202000002161,2020-02-02 11:55:00,2020,2,2,11,55,31,31351,Route de Mondonville,43.677199,1.306407,Plein jour,Hors agglomération,Hors intersection,Normale,Deux véhicules - côté,3,2,2,0,1,2,1,0,1,80,2,2,1,0,0,1,27.0,55.0,utilitaire_camion,deux_roues,1,1,1,1,3
202000002162,2020-08-23 16:53:00,2020,8,23,16,53,22,22194,rue des Écoles,48.651754,-3.631962,Plein jour,En agglomération,Hors intersection,Normale,Deux véhicules - côté,6,-1,-1,0,1,1,1,9,8,-1,2,2,1,0,0,1,15.0,14.0,voiture,deux_roues,1,2,1,1,3
202000002163,2020-02-04 07:15:00,2020,2,4,7,15,82,82044,1309 Route de Reynies,43.932324,1.381579,Crépuscule ou aube,Hors agglomération,Hors intersection,Normale,Autre collision,3,2,2,0,1,1,2,0,3,80,1,2,0,0,2,0,20.0,,voiture,,2,1,1,1,6
202000002164,2020-08-22 15:15:00,2020,8,22,15,15,29,29160,Lieu-dit Kerhuel,48.483838,-4.410962,Plein jour,Hors agglomération,Hors intersection,Normale,Sans collision,4,2,2,0,1,3,1,0,3,80,1,4,2,0,1,1,22.0,,voiture,,1,1,1,1,7
202000002165,2020-02-04 09:00:00,2020,2,4,9,0,71,71187,N80,46.749337,4.505365,Plein jour,Hors agglomération,Hors intersection,Pluie légère,Trois véhicules et plus - en chaîne,2,3,4,0,4,2,2,9,1,110,3,3,2,0,0,1,37.0,39.0,voiture,voiture,1,1,1,2,4
202000002166,2020-08-24 11:30:00,2020,8,24,11,30,15,15051,rd04,44.982872,3.2899654,Plein jour,Hors agglomération,Hors intersection,Normale,Autre collision,3,2,2,0,1,3,1,0,1,90,1,1,0,0,1,0,23.0,,deux_roues,,1,1,1,1,6
202000002167,2020-02-03 23:30:00,2020,2,3,23,30,61,61486,La Cocquetiere,48.745837,-0.719962,Nuit sans éclairage public,Hors agglomération,Hors intersection,Pluie légère,Autre collision,3,2,2,0,2,2,2,0,1,80,1,1,0,0,0,1,49.0,,voiture,,3,1,1,2,6
202000002168,2020-08-23 19:30:00,2020,8,23,19,30,72,72189,24 Rue de Bellevue,48.250763,0.311581,Plein jour,Hors agglomération,Hors intersection,Normale,Autre collision,4,2,2,0,1,2,1,0,3,90,1,1,0,0,0,1,42.0,,voiture,,1,1,1,1,6
202000002169,2020-02-04 16:35:00,2020,2,4,16,35,29,29293,route de Nevez,47.8534782,-3.8432279,Plein jour,En agglomération,Hors intersection,Normale,Autre collision,3,2,2,0,1,1,1,0,1,50,1,2,1,1,0,0,72.0,,deux_roues,,1,2,1,1,6
202000002170,2020-06-24 23:30:00,2020,6,24,23,30,50,50072,Route du Village Quintaine,49.083838,-1.48111,Nuit sans éclairage public,Hors agglomération,Intersection en T,Normale,Deux véhicules - côté,3,2,2,0,1,1,1,0,1,50,2,2,1,0,0,1,35.0,35.0,voiture,voiture,3,1,3,1,3
202000002171,2020-02-03 20:00:00,2020,2,3,20,0,29,29160,Lieu-dit Kergoat,48.4734421,-4.4825168,Nuit sans éclairage public,Hors agglomération,Hors intersection,Pluie légère,Sans collision,3,2,2,0,1,1,2,0,3,80,1,1,0,0,1,0,35.0,,deux_roues,,3,1,1,2,7
202000002172,2020-07-24 19:00:00,2020,7,24,19,0,45,45182,1795 Route de la Crimée,47.708274,1.772162,Plein jour,Hors agglomération,Hors intersection,Normale,Autre collision,4,2,2,0,1,2,1,0,3,80,1,1,0,0,1,0,60.0,,voiture,,1,1,1,1,6
202000002173,2020-01-22 07:40:00,2020,1,22,7,40,38,38229,Allée de la Piat,45.21094,5.77766,Plein jour,En agglomération,Hors intersection,Normale,Sans collision,4,2,2,0,1,2,7,0,1,30,1,1,0,0,1,0,65.0,,deux_roues,,1,2,1,1,7
202000002174,2020-08-24 17:15:00,2020,8,24,17,15,73,73128,D1201 Route de l'Albanais,45.715241,5.917382,Plein jour,Hors agglomération,Hors intersection,Normale,,3,2,2,0,4,1,1,0,1,80,2,2,1,0,1,0,29.0,74.0,deux_roues,voiture,1,1,1,1,-1
202000002175,2020-02-03 18:15:00,2020,2,3,18,15,02,02173,94 Rue Anciens Combattants Afn Tom,49.627892,3.23631,Nuit avec éclairage allumé,En agglomération,Giratoire,Pluie forte,Deux véhicules - côté,3,2,2,0,1,1,2,5,1,50,2,2,1,1,0,0,26.0,60.0,voiture,deux_roues,5,2,6,3,3
202000002176,2020-08-23 07:45:00,2020,8,23,7,45,18,18052,Rue Nationale,46.731188,2.638085,Plein jour,En agglomération,Hors intersection,Normale,Autre collision,3,2,2,0,1,1,1,0,1,50,1,2,1,0,1,0,56.0,,voiture,,1,2,1,1,6
202000002177,2020-08-12 17:10:00,2020,8,12,17,10,43,43224,Lieu Dit la Guide,45.256692,4.245197,Plein jour,Hors agglomération,Giratoire,Normale,Deux véhicules - côté,3,2,2,0,1,1,1,5,1,80,2,3,2,0,1,0,46.0,31.0,deux_roues,voiture,1,1,6,1,3
202000002178,2020-02-03 12:55:00,2020,2,3,12,55,70,70117,D619,47.6458929,6.779849,Plein jour,Hors agglomération,Intersection en T,Pluie forte,Deux véhicules - côté,3,2,3,0,1,1,2,5,1,70,2,2,1,0,1,0,23.0,63.0,voiture,voiture,1,1,3,3,3
202000002179,2020-08-23 17:05:00,2020,8,23,17,5,53,53051,N12,48.351636,-0.500731,Plein jour,Hors agglomération,Hors intersection,Normale,Sans collision,2,1,1,0,2,2,1,9,8,80,1,1,0,0,1,0,56.0,,voiture,,1,1,1,1,7
202000002180,2020-02-03 05:15:00,2020,2,3,5,15,70,70011,38 Route des 3 Fontaines,47.836843,6.489787,Nuit avec éclairage allumé,En agglomération,Hors intersection,Pluie forte,Deux véhicules - frontale,3,2,2,0,2,1,2,0,1,50,2,2,1,1,0,0,71.0,29.0,voiture,voiture,5,2,1,3,1
202000002181,2020-08-23 15:00:00,2020,8,23,15,0,53,53029,La Potterie,47.778458,-0.579561,Plein jour,Hors agglomération,Hors intersection,Normale,Autre collision,3,2,1,0,1,2,1,0,3,80,1,1,0,0,1,0,21.0,,deux_roues,,1,1,1,1,6
202000002182,2020-02-02 22:30:00,2020,2,2,22,30,70,70297,D5,47.626731,5.630064,Nuit avec éclairage allumé,En agglomération,Intersection en T,Pluie légère,Deux véhicules - frontale,3,2,2,0,3,1,2,0,1,50,2,5,4,0,0,1,28.0,59.0,voiture,voiture,5,2,3,2,1
202000002183,2020-08-06 12:55:00,2020,8,6,12,55,40,40231,2325 route de BAYONNE,43.56446,-1.180521,Plein jour,En agglomération,Intersection en T,Normale,Deux véhicules - arrière,3,2,2,0,1,1,1,0,1,50,2,2,1,0,1,0,54.0,23.0,deux_roues,voiture,1,2,3,1,2
202000002184,2020-02-04 07:15:00,2020,2,4,7,15,72,72291,Le Point du Jour,47.763705,0.017198,Crépuscule ou aube,Hors agglomération,Hors intersection,Pluie légère,Deux véhicules - côté,3,2,2,0,1,1,2,5,1,80,2,2,1,0,1,0,62.0,52.0,deux_roues,utilitaire_camion,2,1,1,2,3
202000002185,2020-08-18 18:25:00,2020,8,18,18,25,24,24015,Route de Proumeyssac,44.88512,0.943601,Plein jour,Hors agglomération,Hors intersection,Temps éblouissant,Sans collision,3,2,2,0,2,1,1,0,1,80,1,1,0,0,1,0,67.0,,deux_roues,,1,1,1,7,7
202000002186,2020-08-19 14:30:00,2020,8,19,14,30,37,37047,9 Rue de la Choisille,47.4957932,0.6972541,Plein jour,En agglomération,Hors intersection,Normale,Deux véhicules - frontale,3,2,2,0,4,1,1,0,1,50,2,4,1,0,0,3,26.0,72.0,voiture,voiture,1,2,1,1,1
202000002187,2020-08-22 12:20:00,2020,8,22,12,20,30,30083,N113,43.727026,4.21934,Plein jour,En agglomération,Hors intersection,Normale,Deux véhicules - côté,2,2,2,0,1,1,1,0,1,50,2,2,1,0,1,0,59.0,33.0,deux_roues,voiture,1,2,1,1,3
202000002188,2020-02-04 11:30:00,2020,2,4,11,30,60,60037,rd 1032,49.5832541,3.0751156,Plein jour,Hors agglomération,Hors intersection,Normale,,3,2,2,0,1,1,1,0,1,80,2,3,0,0,2,1,82.0,77.0,voiture,voiture,1,1,1,1,-1
202000002189,2020-08-21 21:50:00,2020,8,21,21,50,30,30181,cd6110,43.897336,4.101999,Nuit sans éclairage public,Hors agglomération,Hors intersection,Normale,Autre collision,3,2,2,0,1,2,1,0,3,80,1,1,0,0,1,0,42.0,,voiture,,3,1,1,1,6
202000002190,2020-02-03 21:53:00,2020,2,3,21,53,60,60477,Route du Pont Qui Penche,49.4186791,1.9468117,Nuit avec éclairage allumé,En agglomération,Hors intersection,Pluie forte,Deux véhicules - arrière,2,2,2,0,2,1,2,0,1,50,2,3,2,0,0,1,36.0,55.0,voiture,voiture,5,2,1,3,2
202000002191,2020-08-23 01:10:00,2020,8,23,1,10,08,08385,Rue des Genets,49.763846,4.769866,Nuit avec éclairage allumé,En agglomération,Intersection en T,Normale,Deux véhicules - frontale,3,2,2,0,1,1,1,0,1,50,2,2,1,0,0,1,30.0,24.0,deux_roues,voiture,5,2,3,1,1
202000002192,2020-02-03 21:25:00,2020,2,3,21,25,16,16328,Chez Mestraud (Saint-Laurent-de-Belzagot),45.3806958,0.1157945,Nuit sans éclairage public,Hors agglomération,Hors intersection,Normale,Deux véhicules - frontale,3,2,2,0,2,1,1,0,1,80,2,4,0,2,2,0,29.0,32.0,voiture,voiture,3,1,1,1,1
202000002193,2020-08-18 16:40:00,2020,8,18,16,40,31,31184,24 Chemin Lalie Cisarol,43.585256,1.569221,Plein jour,Hors agglomération,Intersection en X,Normale,,3,2,2,0,3,1,1,0,1,70,2,2,1,0,0,1,38.0,25.0,transport_commun,voiture,1,1,2,1,-1
202000002194,2020-02-03 16:50:00,2020,2,3,16,50,40,40157,Route des Lacs,43.981791,-1.278083,Plein jour,Hors agglomération,Hors intersection,Normale,Deux véhicules - frontale,3,2,2,0,1,1,1,0,1,80,2,2,1,0,1,0,29.0,84.0,deux_roues,voiture,1,1,1,1,1
202000002195,2020-08-22 03:36:00,2020,8,22,3,36,67,67049,Rue du Lavoir,48.5036754,7.6079813,Nuit sans éclairage public,En agglomération,Autre intersection,Normale,Autre collision,6,-1,-1,0,1,1,1,0,8,-1,1,2,1,0,1,0,22.0,,voiture,,3,2,9,1,6
202000002196,2020-02-04 17:30:00,2020,2,4,17,30,85,85160,La Domangère,46.61684,-1.41179,Plein jour,Hors agglomération,Hors intersection,Normale,Autre collision,3,2,2,0,1,1,1,9,1,80,1,2,1,1,0,0,28.0,,voiture,,1,1,1,1,6
202000002197,2020-08-24 18:35:00,2020,8,24,18,35,03,03277,A71,46.2801157,3.0503509,Plein jour,Hors agglomération,Hors intersection,Normale,Deux véhicules - arrière,1,3,2,0,1,1,1,0,1,130,2,6,1,0,1,4,21.0,44.0,voiture,utilitaire_camion,1,1,1,1,2
202000002198,2020-08-24 17:10:00,2020,8,24,17,10,42,42256,Route de l'Hospitalet,45.480148,4.190399,Plein jour,Hors agglomération,Intersection en Y,Normale,Autre collision,4,2,2,0,1,1,1,0,3,80,1,1,0,1,0,0,79.0,,voiture,,1,1,4,1,6
202000002199,2020-02-02 18:45:00,2020,2,2,18,45,13,13082,quartier Coustières,43.644274,5.319228,Nuit sans éclairage public,Hors agglomération,Hors intersection,Temps couvert,Sans collision,3,2,2,0,1,3,2,0,3,80,1,4,3,0,1,0,18.0,,voiture,,3,1,1,8,7
202000002200,2020-08-24 11:14:00,2020,8,24,11,14,57,57333,Hommarting,48.749646,7.141199,Plein jour,Hors agglomération,Hors intersection,Normale,Deux véhicules - arrière,2,3,4,0,1,1,1,0,1,110,2,2,1,1,0,0,65.0,59.0,utilitaire_camion,voiture,1,1,1,1,2
202000002201,2020-02-04 11:40:00,2020,2,4,11,40,38,38454,Route d'Izeron,45.153631,5.33468,Plein jour,En agglomération,Intersection en X,Normale,Deux véhicules - côté,3,2,2,0,1,1,1,5,1,50,2,3,2,0,1,0,89.0,31.0,voiture,utilitaire_camion,1,2,2,1,3