accident_id,datetime,annee,mois,jour,heure,minute,departement,commune_insee,adresse,latitude,longitude,luminosite,agglomeration,intersection,meteo,collision,catr,circ,nbv,vosp,prof,plan,surf,infra,situ,vma,nb_vehicules,nb_usagers,nb_indemnes,nb_tues,nb_blesses_hosp,nb_blesses_legers,age_cond_1,age_cond_2,veh_type_cond_1,veh_type_cond_2,lum_code,agg_code,int_code,atm_code,col_code
202000002202,2020-02-04 09:00:00,2020,2,4,9,0,33,33122,Chemin de la Croix d'Hins,44.732478,-0.725135,Plein jour,Hors agglomération,Intersection en T,Normale,Deux véhicules - frontale,4,2,2,0,1,1,1,0,1,-1,2,3,2,0,0,1,49.0,28.0,voiture,voiture,1,1,3,1,1
202000002203,2020-08-23 09:17:00,2020,8,23,9,17,987,98725,Ahonu,-17.562591,-149.476051,Plein jour,Hors agglomération,Hors intersection,Normale,Trois véhicules et plus - collisions multiples,4,2,2,0,1,3,1,0,1,50,3,6,3,0,1,2,24.0,29.0,deux_roues,voiture,1,1,1,1,5
202000002204,2020-02-03 18:45:00,2020,2,3,18,45,13,13065,D17,43.683775,4.890938,Nuit sans éclairage public,Hors agglomération,Hors intersection,Normale,Deux véhicules - arrière,3,2,2,0,4,3,1,0,1,80,2,2,0,0,1,1,47.0,27.0,voiture,voiture,3,1,1,1,2
202000002205,2020-08-22 22:45:00,2020,8,22,22,45,987,98712,RT 2,-17.524964,-149.526608,Nuit avec éclairage allumé,En agglomération,Giratoire,Normale,Autre collision,2,3,2,0,1,4,1,0,4,50,1,1,0,0,1,0,44.0,,voiture,,5,2,6,1,6
202000002206,2020-02-04 09:00:00,2020,2,4,9,0,13,13058,D17,43.71241,4.816518,Plein jour,Hors agglomération,Intersection en T,Normale,Deux véhicules - côté,3,2,2,0,1,1,1,0,1,80,2,2,1,0,0,1,30.0,64.0,voiture,deux_roues,1,1,3,1,3
202000002207,2020-08-23 09:00:00,2020,8,23,9,0,988,98830,RPN2,-20.90733,165.1147,Plein jour,Hors agglomération,Hors intersection,Pluie légère,Sans collision,3,2,2,0,1,2,2,0,8,90,1,3,1,0,1,1,68.0,,voiture,,1,1,1,2,7
202000002208,2020-02-04 10:25:00,2020,2,4,10,25,17,17264,6 avenue de la rochelle,46.203484,-1.160506,Plein jour,En agglomération,Hors intersection,Normale,Autre collision,3,2,2,0,1,1,1,9,1,50,1,2,1,0,1,0,59.0,,utilitaire_camion,,1,2,1,1,6
202000002209,2020-02-04 01:50:00,2020,2,4,1,50,95,95604,D1017,49.1173497,2.5329548,Nuit sans éclairage public,En agglomération,Hors intersection,Normale,Autre collision,3,2,2,0,1,1,1,0,1,80,1,2,1,0,1,0,39.0,,transport_commun,,3,2,1,1,6
202000002210,2020-08-22 17:00:00,2020,8,22,17,0,973,97311,Route Apatou,5.403217,-54.062347,Plein jour,Hors agglomération,Hors intersection,Normale,Trois véhicules et plus - collisions multiples,9,2,2,0,2,1,1,0,1,80,5,13,10,0,0,3,25.0,24.0,voiture,voiture,1,1,1,1,5
202000002211,2020-02-04 10:00:00,2020,2,4,10,0,38,38053,A43,45.59734,5.27744,Plein jour,Hors agglomération,Hors intersection,Temps éblouissant,Deux véhicules - arrière,1,3,3,0,1,1,1,0,1,130,2,2,1,0,1,0,26.0,44.0,voiture,utilitaire_camion,1,1,1,7,2
202000002212,2020-08-23 19:20:00,2020,8,23,19,20,973,97304,Avenue de Pariacabo,5.155872,-52.659659,Nuit avec éclairage allumé,En agglomération,Hors intersection,Normale,Deux véhicules - frontale,4,2,2,0,1,1,1,9,1,70,2,4,0,0,4,0,61.0,38.0,voiture,voiture,5,2,1,1,1
202000002213,2020-02-04 06:15:00,2020,2,4,6,15,84,84054,Rond point de villevieille,43.92184,5.047878,Nuit avec éclairage allumé,En agglomération,Giratoire,Normale,Deux véhicules - côté,4,-1,2,0,1,2,1,0,1,50,2,2,1,0,1,0,38.0,30.0,deux_roues,voiture,5,2,6,1,3
202000002214,2020-02-04 06:23:00,2020,2,4,6,23,38,38455,Route de Saint Romain de Joliénas,45.64607,5.30197,Crépuscule ou aube,Hors agglomération,Hors intersection,Temps couvert,Deux véhicules - frontale,3,2,2,0,1,2,9,0,1,80,2,2,0,0,1,1,66.0,39.0,transport_commun,voiture,2,1,1,8,1
202000002215,2020-08-24 06:30:00,2020,8,24,6,30,971,97116,N5,16.322147,-61.418306,Plein jour,En agglomération,Intersection en T,Normale,Deux véhicules - frontale,2,2,2,0,1,1,1,0,1,80,2,2,1,0,1,0,32.0,80.0,deux_roues,voiture,1,2,3,1,1
202000002216,2020-02-04 07:45:00,2020,2,4,7,45,81,81140,Avenue du Pont Saint Roch,43.701521,1.822309,Crépuscule ou aube,En agglomération,Hors intersection,Pluie légère,Autre collision,3,2,2,0,1,1,2,0,1,50,1,2,1,0,0,1,67.0,,voiture,,2,2,1,2,6
202000002217,2020-08-22 04:00:00,2020,8,22,4,0,971,97117,Route de Saint Protais,16.287327,-61.419148,Nuit avec éclairage allumé,Hors agglomération,Hors intersection,Pluie forte,Autre collision,3,2,2,0,2,2,2,0,3,70,1,2,1,0,1,0,31.0,,voiture,,5,1,1,3,6
202000002218,2020-02-03 18:45:00,2020,2,3,18,45,33,33165,8 Avenue de Lignan,44.822901,-0.444582,Nuit avec éclairage allumé,En agglomération,Intersection en T,Normale,Deux véhicules - arrière,3,2,2,0,1,1,1,0,1,50,2,2,1,0,1,0,23.0,38.0,deux_roues,voiture,5,2,3,1,2
202000002219,2020-02-03 07:10:00,2020,2,3,7,10,22,22093,Rue de la Déhanne,48.474458,-2.556156,Nuit avec éclairage allumé,En agglomération,Intersection en X,Pluie légère,Deux véhicules - côté,3,2,2,0,1,1,2,5,8,80,2,1,0,0,0,1,17.0,,deux_roues,,5,2,2,2,3
202000002220,2020-08-13 17:58:00,2020,8,13,17,58,45,45324,Rue des Etangs-rue du moulin,47.791892,2.195554,Plein jour,En agglomération,Intersection en X,Normale,Deux véhicules - côté,4,2,2,0,1,1,1,0,1,50,2,3,2,0,0,1,22.0,63.0,voiture,voiture,1,2,2,1,3
202000002221,2020-01-30 08:15:00,2020,1,30,8,15,01,01248,A46N   14.305 A 17.210,45.88252,4.89512,Plein jour,Hors agglomération,Hors intersection,Normale,Autre collision,1,1,1,0,2,2,2,3,1,50,1,1,0,0,0,1,38.0,,voiture,,1,1,1,1,6
202000002222,2020-08-15 22:15:00,2020,8,15,22,15,91,91386,Rue de Tournenfils,48.573929,2.448324,Nuit avec éclairage allumé,En agglomération,Passage à niveau,Normale,Autre collision,4,2,2,0,2,1,1,4,5,50,1,1,0,0,1,0,39.0,,voiture,,5,2,8,1,6
202000002223,2020-01-31 13:40:00,2020,1,31,13,40,69,69029,RD 383  ,45.7304,4.8987,Plein jour,Hors agglomération,Autre intersection,Normale,Deux véhicules - arrière,3,1,3,0,2,1,1,3,1,70,2,2,1,0,0,1,61.0,47.0,voiture,voiture,1,1,9,1,2
202000002224,2020-08-23 23:40:00,2020,8,23,23,40,05,05063,D1091,45.046541,6.311672,Nuit avec éclairage allumé,Hors agglomération,Hors intersection,Normale,Autre collision,3,2,2,0,2,3,1,1,1,50,1,1,0,0,0,1,29.0,,voiture,,5,1,1,1,6
202000002225,2020-01-30 23:00:00,2020,1,30,23,0,59,59515,AUTOROUTE A2,50.33372,3.446083,Nuit sans éclairage public,Hors agglomération,Hors intersection,Pluie légère,,1,3,4,0,1,1,2,0,1,110,2,2,1,0,0,1,30.0,26.0,voiture,deux_roues,3,1,1,2,-1
202000002226,2020-08-23 16:00:00,2020,8,23,16,0,05,05063,D1091,45.036205,6.221915,Plein jour,Hors agglomération,Hors intersection,Normale,,3,2,2,0,2,1,1,0,1,90,2,3,2,0,0,1,56.0,29.0,utilitaire_camion,deux_roues,1,1,1,1,-1
202000002227,2020-01-30 19:30:00,2020,1,30,19,30,59,59378,ROUTE NATIONALE 356,50.644499,3.094989,Nuit sans éclairage public,Hors agglomération,Hors intersection,Normale,Deux véhicules - côté,2,3,4,0,1,1,2,0,1,90,2,2,1,0,0,1,30.0,30.0,voiture,voiture,3,1,1,1,3
202000002228,2020-01-26 18:10:00,2020,1,26,18,10,59,59509,AUTOROUTE A21,50.3993406,3.1069207,Nuit sans éclairage public,Hors agglomération,Hors intersection,Normale,Deux véhicules - arrière,1,3,4,0,1,1,1,0,1,110,2,2,1,0,0,1,35.0,59.0,voiture,voiture,3,1,1,1,2
202000002229,2020-08-24 10:40:00,2020,8,24,10,40,04,04039,RD 4085,43.854711,6.501616,Plein jour,En agglomération,Intersection en T,Normale,Deux véhicules - côté,3,2,2,0,1,1,1,0,1,50,2,3,2,0,0,1,65.0,57.0,deux_roues,utilitaire_camion,1,2,3,1,3
202000002230,2020-02-03 17:40:00,2020,2,3,17,40,91,91340,AUTOROUTE A6,48.6057,2.4361,Nuit sans éclairage public,Hors agglomération,Hors intersection,Pluie légère,Trois véhicules et plus - en chaîne,1,1,1,0,1,1,2,0,1,70,3,3,2,0,0,1,26.0,49.0,voiture,utilitaire_camion,3,1,1,2,4
202000002231,2020-08-24 10:50:00,2020,8,24,10,50,26,26058,autoroute du Soleil,44.979037,4.883595,Plein jour,Hors agglomération,Hors intersection,Normale,Trois véhicules et plus - en chaîne,1,3,5,0,1,1,1,0,1,110,3,4,3,0,0,1,40.0,61.0,utilitaire_camion,voiture,1,1,1,1,4
202000002232,2020-08-23 17:15:00,2020,8,23,17,15,57,57134,Rue de Verdun,49.118542,6.083727,Plein jour,En agglomération,Hors intersection,Normale,Autre collision,3,2,2,0,1,1,1,0,1,50,1,1,0,0,1,0,52.0,,deux_roues,,1,2,1,1,6
202000002233,2020-02-01 23:30:00,2020,2,1,23,30,94,94034,AUTOROUTE A86,48.76037,2.32017,Nuit avec éclairage allumé,Hors agglomération,Hors intersection,Pluie légère,Deux véhicules - arrière,1,3,2,0,1,1,2,1,1,70,2,6,5,0,0,1,58.0,35.0,voiture,voiture,5,1,1,2,2
202000002234,2020-02-03 07:30:00,2020,2,3,7,30,92,92047,A13,48.8327031,2.1569367,Crépuscule ou aube,Hors agglomération,Hors intersection,Normale,Deux véhicules - côté,1,3,3,0,1,1,2,0,1,110,2,2,1,0,0,1,22.0,43.0,deux_roues,utilitaire_camion,2,1,1,1,3
202000002235,2020-08-23 19:15:00,2020,8,23,19,15,74,74032,Route de Thonon,46.266232,6.537133,Plein jour,Hors agglomération,Intersection en Y,Normale,Deux véhicules - arrière,3,2,2,0,1,1,1,0,1,80,2,1,0,0,0,1,17.0,,deux_roues,,1,1,4,1,2
202000002236,2020-02-02 11:00:00,2020,2,2,11,0,92,92078,AUTOROUTE A86,48.9311347,2.3235192,Plein jour,Hors agglomération,Hors intersection,Pluie légère,Autre collision,1,3,3,0,1,3,2,0,1,90,1,1,0,0,0,1,28.0,,voiture,,1,1,1,2,6
202000002237,2020-08-23 17:20:00,2020,8,23,17,20,38,38061,Rue de la Charriere,45.335665,5.622007,Plein jour,Hors agglomération,Hors intersection,Normale,Autre collision,4,2,2,0,2,2,1,9,1,80,1,1,0,0,0,1,61.0,,deux_roues,,1,1,1,1,6
202000002238,2020-08-24 18:00:00,2020,8,24,18,0,69,69220,D4,45.749655,4.459167,Plein jour,Hors agglomération,Hors intersection,Normale,Autre collision,3,2,2,0,2,1,1,0,1,-1,1,3,2,0,1,0,23.0,,voiture,,1,1,1,1,6
202000002239,2020-02-02 05:40:00,2020,2,2,5,40,93,93006,AUTOROUTE A3,48.86388,2.41433,Nuit sans éclairage public,Hors agglomération,Hors intersection,Pluie forte,Deux véhicules - côté,1,1,2,0,4,3,2,0,1,50,2,3,1,0,0,2,21.0,48.0,voiture,voiture,3,1,1,3,3
202000002240,2020-08-24 18:05:00,2020,8,24,18,5,69,69003,Avenue Henri Barbusse,45.861594,4.835261,Plein jour,En agglomération,Hors intersection,Normale,Deux véhicules - arrière,3,2,2,0,1,1,1,0,1,50,2,2,1,0,0,1,63.0,38.0,voiture,voiture,1,2,1,1,2
202000002241,2020-02-02 00:10:00,2020,2,2,0,10,95,95018,AUTOROUTE A15,48.9497,2.28052,Nuit sans éclairage public,Hors agglomération,Hors intersection,Pluie légère,Deux véhicules - arrière,1,3,8,0,2,3,2,2,1,110,2,2,1,0,0,1,21.0,36.0,voiture,voiture,3,1,1,2,2
202000002242,2020-08-14 15:00:00,2020,8,14,15,0,69,69163,Route du Grand Veissieux,45.92108,4.755728,Plein jour,En agglomération,Hors intersection,Normale,Deux véhicules - côté,3,2,2,0,1,1,1,5,1,-1,2,2,1,0,0,1,16.0,23.0,deux_roues,voiture,1,2,1,1,3
202000002243,2020-02-02 01:15:00,2020,2,2,1,15,93,93027,BDL,48.9271,2.4035,Nuit sans éclairage public,Hors agglomération,Hors intersection,Pluie légère,Deux véhicules - frontale,1,1,2,0,3,2,2,2,1,50,2,2,1,0,0,1,39.0,36.0,voiture,voiture,3,1,1,2,1
202000002244,2020-02-03 04:00:00,2020,2,3,4,0,77,77122,RN104,48.6624223,2.6136211,Nuit sans éclairage public,Hors agglomération,Hors intersection,Pluie légère,Autre collision,2,1,3,0,1,1,2,0,1,90,1,1,0,0,0,1,29.0,,voiture,,3,1,1,2,6
202000002245,2020-02-02 23:20:00,2020,2,2,23,20,77,77146,A4.Y,48.831567,2.646332,Nuit sans éclairage public,Hors agglomération,Hors intersection,Pluie forte,,1,1,4,0,1,1,2,0,1,110,5,5,4,0,1,0,62.0,23.0,voiture,transport_commun,3,1,1,3,-1
202000002246,2020-02-02 18:29:00,2020,2,2,18,29,69,69259,CORSIERE (DE LA)                    (R ),45.6955,4.8611,Nuit avec éclairage allumé,En agglomération,Hors intersection,Pluie légère,Deux véhicules - frontale,4,2,2,0,1,1,2,0,1,50,2,2,1,0,0,1,22.0,24.0,voiture,voiture,5,2,1,2,1
202000002247,2020-02-02 07:52:00,2020,2,2,7,52,69,69276,FEYZIN (DE)                             ,45.68707,4.86139,Crépuscule ou aube,En agglomération,Giratoire,Pluie légère,Autre collision,3,2,1,0,1,1,2,9,1,50,1,2,1,0,0,1,31.0,,utilitaire_camion,,2,2,6,2,6
202000002248,2020-08-20 01:30:00,2020,8,20,1,30,33,33109,D1113,44.697739,-0.447242,Nuit avec éclairage allumé,En agglomération,Intersection en X,Normale,Trois véhicules et plus - collisions multiples,3,2,2,0,2,3,1,0,1,50,3,3,2,0,0,1,23.0,23.0,voiture,voiture,5,2,2,1,5
202000002249,2020-02-02 00:30:00,2020,2,2,0,30,95,95585,8 MAI 1945 (AVENUE DU),48.97824,2.36774,Nuit avec éclairage allumé,En agglomération,Intersection en X,Pluie légère,Deux véhicules - côté,3,1,2,0,1,1,2,0,1,50,2,5,1,0,0,4,24.0,26.0,utilitaire_camion,utilitaire_camion,5,2,2,2,3
202000002250,2020-03-14 07:00:00,2020,3,14,7,0,72,72154,Route du Barreau,47.72239,-0.081362,Nuit sans éclairage public,Hors agglomération,Hors intersection,Normale,Sans collision,4,2,2,0,1,2,2,0,8,80,1,5,4,0,1,0,21.0,,voiture,,3,1,1,1,7
202000002251,2020-02-02 04:50:00,2020,2,2,4,50,83,83069,GARDE (CHEMIN DE LA),43.12565,6.09057,Nuit sans éclairage public,Hors agglomération,Hors intersection,Normale,Autre collision,4,1,1,0,1,3,1,0,1,50,1,2,0,0,0,2,28.0,,voiture,,3,1,1,1,6
202000002252,2020-08-23 20:30:00,2020,8,23,20,30,29,29238,D355,48.310516,-4.570699,Plein jour,Hors agglomération,Hors intersection,Normale,Autre collision,3,2,2,0,1,2,1,0,3,80,1,1,0,0,1,0,23.0,,deux_roues,,1,1,1,1,6
202000002253,2020-08-23 20:30:00,2020,8,23,20,30,29,29238,D355,48.310473,-4.570709,Plein jour,Hors agglomération,Hors intersection,Normale,Autre collision,3,2,2,0,1,2,1,0,3,80,1,1,0,0,1,0,57.0,,deux_roues,,1,1,1,1,6
202000002254,2020-02-02 10:55:00,2020,2,2,10,55,82,82121,1430 Route de Saint-nauphary,43.99371,1.38695,Plein jour,Hors agglomération,Hors intersection,Normale,Deux véhicules - frontale,3,2,2,0,1,1,1,0,1,80,2,4,2,1,0,1,80.0,32.0,voiture,voiture,1,1,1,1,1
202000002255,2020-08-23 13:00:00,2020,8,23,13,0,29,29042,D8 - Lieu-dit Kerloch,48.258456,-4.554525,Plein jour,Hors agglomération,Hors intersection,Normale,Sans collision,3,2,2,0,2,1,1,0,1,70,1,1,0,0,1,0,53.0,,deux_roues,,1,1,1,1,7
202000002256,2020-08-24 07:10:00,2020,8,24,7,10,27,27279,Route de Fourges,49.101774,1.615146,Crépuscule ou aube,En agglomération,Hors intersection,Normale,Deux véhicules - côté,3,2,2,0,1,1,1,0,1,50,2,2,1,0,0,1,27.0,40.0,voiture,deux_roues,2,2,1,1,3
202000002257,2020-02-01 11:00:00,2020,2,1,11,0,77,77305,BATEAU (RUE DU) - D39,48.38982,2.94602,Plein jour,En agglomération,Intersection en T,Pluie forte,Deux véhicules - côté,3,2,2,0,1,1,2,0,1,50,2,2,0,0,1,1,59.0,27.0,autre,autre,1,2,3,3,3
202000002258,2020-08-23 18:31:00,2020,8,23,18,31,60,60542,,49.401053,2.177653,Plein jour,En agglomération,Autre intersection,Normale,Sans collision,9,1,1,3,1,2,1,6,6,-1,1,1,0,0,1,0,31.0,,deux_roues,,1,2,9,1,7
202000002259,2020-02-02 20:35:00,2020,2,2,20,35,69,69266,MURIERS    (Rue des),45.7625695,4.8819208,Nuit avec éclairage allumé,En agglomération,Intersection en T,Normale,Deux véhicules - côté,4,1,1,0,1,1,1,0,1,50,2,1,0,0,0,1,30.0,,voiture,,5,2,3,1,3
202000002260,2020-02-02 16:34:00,2020,2,2,16,34,69,69256,8 MAI 1945 (DU)                     (AV),45.7887,4.9083,Plein jour,En agglomération,Hors intersection,Pluie légère,Deux véhicules - arrière,4,2,2,0,1,1,2,0,1,50,2,2,1,0,0,1,23.0,24.0,voiture,deux_roues,1,2,1,2,2
202000002261,2020-08-23 15:50:00,2020,8,23,15,50,59,59054,Route Departementale 933,50.761153,2.422037,Plein jour,Hors agglomération,Hors intersection,Normale,,3,2,2,0,1,1,1,0,1,70,2,3,1,0,2,0,38.0,49.0,utilitaire_camion,deux_roues,1,1,1,1,-1
202000002262,2020-02-02 18:25:00,2020,2,2,18,25,64,64024,PLAGES (BOULEVARD DES),43.51816,-1.52374,Crépuscule ou aube,En agglomération,Intersection en T,Normale,Deux véhicules - côté,4,2,2,1,1,3,1,0,1,50,2,2,1,0,0,1,68.0,50.0,voiture,voiture,2,2,3,1,3
202000002263,2020-08-23 19:12:00,2020,8,23,19,12,13,13005,A50-Sens Aubagne vers Marseille,43.28888,5.54948,Plein jour,Hors agglomération,Hors intersection,Normale,Trois véhicules et plus - en chaîne,1,-1,3,0,1,1,1,0,1,90,3,3,2,0,0,1,29.0,26.0,voiture,voiture,1,1,1,1,4
202000002264,2020-02-02 16:20:00,2020,2,2,16,20,64,64024,SOURCES (PROMENADE DES),43.49714,-1.54312,Plein jour,En agglomération,Hors intersection,Normale,Deux véhicules - arrière,4,2,2,0,1,1,1,0,1,30,2,2,1,0,0,1,14.0,74.0,deux_roues,voiture,1,2,1,1,2
202000002265,2020-08-22 12:00:00,2020,8,22,12,0,69,69290,A43   3.865 A 9.894,45.70113,4.97078,Plein jour,Hors agglomération,Hors intersection,Normale,Autre collision,1,3,5,0,1,1,1,3,1,90,1,3,0,0,1,2,21.0,,voiture,,1,1,1,1,6
202000002266,2020-08-23 00:20:00,2020,8,23,0,20,69,69287,A43   9.894 A 13.029,45.6827524,5.0111167,Nuit sans éclairage public,Hors agglomération,Hors intersection,Normale,Trois véhicules et plus - collisions multiples,1,3,4,0,1,1,1,0,1,130,3,4,2,0,0,2,30.0,27.0,voiture,voiture,3,1,1,1,5
202000002267,2020-02-01 12:35:00,2020,2,1,12,35,54,54079,RD 657,48.87344,6.06281,Plein jour,Hors agglomération,Hors intersection,Pluie forte,Sans collision,3,2,2,0,1,1,2,0,1,80,1,1,0,0,0,1,30.0,,deux_roues,,1,1,1,3,7
202000002268,2020-08-17 20:50:00,2020,8,17,20,50,42,42097,A72,45.51221,4.30145,Plein jour,Hors agglomération,Hors intersection,Normale,Deux véhicules - arrière,1,3,7,0,2,3,1,0,1,110,2,4,2,0,0,2,51.0,39.0,utilitaire_camion,utilitaire_camion,1,1,1,1,2
202000002269,2020-08-22 08:45:00,2020,8,22,8,45,57,57764,Autoroute A.31,49.45447,6.12087,Plein jour,Hors agglomération,Autre intersection,Normale,Autre collision,1,3,5,3,2,1,1,0,8,110,1,1,0,1,0,0,54.0,,deux_roues,,1,1,9,1,6
202000002270,2020-02-02 04:02:00,2020,2,2,4,2,45,45068,D 2007 -  PR 17 + 200,48.015,2.73975,Nuit sans éclairage public,Hors agglomération,Hors intersection,Pluie forte,Autre collision,3,2,3,0,1,3,2,2,1,70,1,2,1,0,0,1,22.0,,voiture,,3,1,1,3,6
202000002271,2020-08-23 19:45:00,2020,8,23,19,45,91,91339,RN 104,48.62339,2.26772,Plein jour,Hors agglomération,Hors intersection,Normale,Deux véhicules - arrière,2,1,3,0,1,1,1,0,1,110,2,2,1,0,0,1,27.0,40.0,voiture,voiture,1,1,1,1,2
202000002272,2020-02-02 17:40:00,2020,2,2,17,40,38,38544,Rue Lafayette,45.5283271,4.8725098,Nuit avec éclairage allumé,En agglomération,Hors intersection,Pluie légère,Deux véhicules - frontale,3,2,2,0,2,1,2,0,1,50,2,3,2,0,0,1,18.0,29.0,deux_roues,voiture,5,2,1,2,1
202000002273,2020-02-02 12:15:00,2020,2,2,12,15,35,35238,RN 136 PORTE DE BEAUREGARD,48.12343,-1.71861,Plein jour,Hors agglomération,Hors intersection,Temps couvert,Autre collision,2,3,8,0,4,2,2,3,1,90,1,1,0,0,0,1,23.0,,voiture,,1,1,1,8,6
202000002274,2020-08-23 03:00:00,2020,8,23,3,0,91,91689,AUTOROUTE A6A,48.7453,2.32454,Nuit sans éclairage public,Hors agglomération,Hors intersection,Normale,Deux véhicules - arrière,1,3,12,0,2,1,1,0,1,110,2,4,2,0,0,2,33.0,31.0,voiture,voiture,3,1,1,1,2
202000002275,2020-02-02 08:50:00,2020,2,2,8,50,34,34172,ASSAS (AVENUE D'),43.61703,3.86115,Plein jour,En agglomération,Intersection en X,Normale,Deux véhicules - côté,4,2,2,2,1,1,1,5,1,50,2,1,0,0,0,1,65.0,,voiture,,1,2,2,1,3
202000002276,2020-08-23 21:30:00,2020,8,23,21,30,92,92036,A86,48.9335031,2.2748584,Nuit sans éclairage public,Hors agglomération,Hors intersection,Normale,Trois véhicules et plus - en chaîne,1,3,2,0,1,1,1,0,1,90,4,4,2,0,0,2,34.0,23.0,voiture,voiture,3,1,1,1,4
202000002277,2020-02-02 22:30:00,2020,2,2,22,30,33,33318,AVE DU GENERAL LECLERC,44.78237,-0.68887,Nuit avec éclairage allumé,Hors agglomération,Intersection en X,Normale,Deux véhicules - frontale,3,2,3,0,1,1,1,0,8,50,2,2,1,0,1,0,27.0,45.0,deux_roues,voiture,5,1,2,1,1
202000002278,2020-08-22 21:00:00,2020,8,22,21,0,93,93029,AUTOROUTE A86,48.91954,2.4281,Nuit avec éclairage non allumé,Hors agglomération,Hors intersection,Normale,Autre collision,1,3,6,0,1,1,1,0,1,90,1,1,0,0,0,1,23.0,,voiture,,4,1,1,1,6
202000002279,2020-02-01 22:20:00,2020,2,1,22,20,14,14437,TOURVILLE (AVENUE DE),49.1853358,-0.3338853,Nuit avec éclairage allumé,En agglomération,Hors intersection,Pluie légère,Autre collision,4,2,2,0,1,2,2,0,1,50,1,2,0,1,1,0,49.0,,voiture,,5,2,1,2,6
202000002280,2020-08-22 21:35:00,2020,8,22,21,35,94,94074,RN406.Y,48.7679129,2.4522546,Nuit sans éclairage public,Hors agglomération,Hors intersection,Normale,Sans collision,2,1,2,0,1,1,1,3,1,90,1,3,1,0,0,2,27.0,,voiture,,3,1,1,1,7
202000002281,2020-02-02 20:30:00,2020,2,2,20,30,13,13202,BASSINS DE RADOUB (BOULEVARD DES),43.3214,5.3628,Nuit avec éclairage allumé,En agglomération,Hors intersection,Normale,Autre collision,4,2,3,0,1,2,1,0,1,50,1,1,0,0,1,0,48.0,,deux_roues,,5,2,1,1,6
202000002282,2020-02-02 18:20:00,2020,2,2,18,20,13,13210,PONT DE VIVAUX (BOULEVARD),43.2816344,5.4238523,Nuit avec éclairage allumé,En agglomération,Hors intersection,Normale,,4,2,3,0,1,2,1,0,1,50,2,2,1,0,0,1,41.0,28.0,deux_roues,utilitaire_camion,5,2,1,1,-1
202000002283,2020-05-29 17:20:00,2020,5,29,17,20,67,67180,MOINES (RUE DES),48.8208816,7.7830378,Plein jour,En agglomération,Intersection en T,Normale,Trois véhicules et plus - collisions multiples,4,2,2,0,1,1,1,0,1,50,3,3,2,0,1,0,25.0,50.0,deux_roues,utilitaire_camion,1,2,3,1,5
202000002284,2020-02-02 16:10:00,2020,2,2,16,10,13,13201,CANEBIERE     70 A FIN,43.29764,5.38156,Plein jour,En agglomération,Hors intersection,Normale,Autre collision,7,1,2,0,2,1,1,0,1,50,1,2,1,0,0,1,50.0,,deux_roues,,1,2,1,1,6
202000002285,2020-02-08 03:50:00,2020,2,8,3,50,05,05061,Rue Faure du Serre,44.56109,6.08023,Nuit avec éclairage allumé,En agglomération,Hors intersection,Normale,Deux véhicules - arrière,3,1,2,-1,1,2,1,0,1,50,2,4,3,0,0,1,48.0,22.0,utilitaire_camion,voiture,5,2,1,1,2
202000002286,2020-02-02 04:40:00,2020,2,2,4,40,13,13210,ACIERIES (BOULEVARD DES),43.276757,5.403617,Nuit avec éclairage allumé,En agglomération,Hors intersection,Normale,Deux véhicules - arrière,4,1,2,0,1,1,1,9,1,50,2,3,1,0,0,2,23.0,23.0,voiture,voiture,5,2,1,1,2
202000002287,2020-02-02 03:50:00,2020,2,2,3,50,07,07186,COUX (AVENUE DE),44.734986,4.604629,Nuit avec éclairage allumé,En agglomération,Hors intersection,Normale,Autre collision,3,2,2,0,2,1,1,0,1,50,1,4,1,0,0,3,32.0,,voiture,,5,2,1,1,6
202000002288,2020-07-02 16:18:00,2020,7,2,16,18,987,98735,CLEMENCEAU (RUE),-17.53759,-149.56219,Plein jour,En agglomération,Intersection en X,Autre,Autre collision,4,2,2,0,1,1,1,0,1,50,1,2,1,0,0,1,22.0,,utilitaire_camion,,1,2,2,9,6
202000002289,2020-08-22 20:20:00,2020,8,22,20,20,69,69387,JEAN FRANCOIS RACLET                (AV),45.73412,4.83835,Plein jour,En agglomération,Hors intersection,Normale,Sans collision,4,2,2,0,1,1,1,0,1,50,1,1,0,0,0,1,50.0,,deux_roues,,1,2,1,1,7
202000002290,2020-02-02 15:00:00,2020,2,2,15,0,06,06069,LAC (CHEMIN DU),43.6483,6.9555,Plein jour,En agglomération,Hors intersection,Normale,Autre collision,4,2,1,0,1,4,1,0,3,50,1,2,1,0,0,1,19.0,,voiture,,1,2,1,1,6
202000002291,2020-08-22 07:40:00,2020,8,22,7,40,69,69259,IRENE JOLIOT CURIE                  (BD),45.71584,4.87827,Plein jour,En agglomération,Hors intersection,Pluie légère,,4,2,2,0,1,4,2,9,4,50,1,3,0,0,0,3,20.0,,voiture,,1,2,1,2,-1
202000002292,2020-02-02 03:05:00,2020,2,2,3,5,75,75113,PORTE D ITALIE,48.817369,2.366121,Nuit avec éclairage allumé,En agglomération,Intersection en Y,Pluie forte,,4,1,2,0,1,3,3,0,1,70,2,1,0,0,0,1,21.0,,voiture,,5,2,4,3,-1