accident_id,datetime,annee,mois,jour,heure,minute,departement,commune_insee,adresse,latitude,longitude,luminosite,agglomeration,intersection,meteo,collision,catr,circ,nbv,vosp,prof,plan,surf,infra,situ,vma,nb_vehicules,nb_usagers,nb_indemnes,nb_tues,nb_blesses_hosp,nb_blesses_legers,age_cond_1,age_cond_2,veh_type_cond_1,veh_type_cond_2,lum_code,agg_code,int_code,atm_code,col_code
202000002293,2020-08-22 18:10:00,2020,8,22,18,10,972,97209,BISHOP (Avenue Maurice),14.61433,-61.05138,Plein jour,En agglomération,Intersection en T,Normale,Deux véhicules - frontale,2,3,5,0,1,1,1,9,1,50,2,2,1,0,0,1,57.0,22.0,deux_roues,voiture,1,2,3,1,1
202000002294,2020-02-02 22:28:00,2020,2,2,22,28,75,75106,RUE DE SEINE,48.856288,2.336607,Nuit avec éclairage allumé,En agglomération,Intersection en T,Pluie légère,Deux véhicules - côté,4,1,1,0,1,1,2,0,1,30,2,3,2,0,0,1,28.0,39.0,voiture,deux_roues,5,2,3,2,3
202000002295,2020-08-22 11:04:00,2020,8,22,11,4,972,97209,GENERAL DE GAULLE (BLD DU),14.60527,-61.06459,Plein jour,En agglomération,Hors intersection,Normale,Deux véhicules - arrière,2,2,6,3,1,1,1,0,1,50,2,1,0,0,0,1,74.0,,voiture,,1,2,1,1,2
202000002296,2020-08-21 17:15:00,2020,8,21,17,15,2B,2B033,CARDO - RT INFERIEURE DE,42.69386,9.43939,Plein jour,Hors agglomération,Hors intersection,Normale,Deux véhicules - frontale,3,2,2,0,2,2,1,0,1,50,2,5,2,0,0,3,37.0,18.0,voiture,voiture,1,1,1,1,1
202000002297,2020-02-02 19:20:00,2020,2,2,19,20,75,75106,BOULEVARD DU MONTPARNASSE,48.846325,2.317578,Nuit avec éclairage allumé,En agglomération,Hors intersection,Pluie légère,Autre collision,4,2,6,0,1,1,2,0,1,50,1,2,1,0,0,1,19.0,,deux_roues,,5,2,1,2,6
202000002298,2020-08-21 14:45:00,2020,8,21,14,45,95,95585,GARGES (ROUTE DE),48.987117,2.379491,Plein jour,En agglomération,Hors intersection,Normale,Deux véhicules - côté,3,2,2,0,1,1,1,0,1,50,2,2,0,0,0,2,40.0,32.0,utilitaire_camion,autre,1,2,1,1,3
202000002299,2020-02-02 12:05:00,2020,2,2,12,5,75,75106,BOULEVARD SAINT GERMAIN,48.85139,2.343174,Plein jour,En agglomération,Intersection en X,Temps couvert,Deux véhicules - côté,4,1,4,0,1,1,2,0,1,50,2,2,1,0,0,1,32.0,68.0,deux_roues,voiture,1,2,2,8,3
202000002300,2020-08-22 14:30:00,2020,8,22,14,30,95,95060,Rue de Pierrelaye,49.03641,2.20965,Plein jour,En agglomération,Hors intersection,Normale,Deux véhicules - arrière,3,1,1,0,1,1,1,0,1,30,2,3,0,0,0,3,48.0,32.0,voiture,voiture,1,2,1,1,2
202000002301,2020-08-22 14:55:00,2020,8,22,14,55,91,91161,PIERRE BROSSOLETTE (AVENUE),48.699599,2.311832,Plein jour,En agglomération,Hors intersection,Normale,Deux véhicules - arrière,3,2,2,0,1,1,1,6,1,50,2,2,1,0,0,1,24.0,31.0,voiture,deux_roues,1,2,1,1,2
202000002302,2020-02-02 01:35:00,2020,2,2,1,35,75,75105,RUE DES ECOLES,48.848902,2.347461,Nuit avec éclairage allumé,En agglomération,Intersection en X,Pluie légère,Trois véhicules et plus - en chaîne,4,2,3,0,2,1,2,0,1,50,3,3,2,0,0,1,62.0,19.0,voiture,voiture,5,2,2,2,4
202000002303,2020-08-21 04:45:00,2020,8,21,4,45,91,91201,REPUBLIQUE (PLACE DE LA),48.6862,2.40884,Nuit avec éclairage allumé,En agglomération,Intersection en X,Pluie légère,Sans collision,3,2,3,0,1,1,2,0,4,50,1,2,0,0,2,0,21.0,,voiture,,5,2,2,2,7
202000002304,2020-02-02 12:00:00,2020,2,2,12,0,75,75119,AVENUE RENE FONCK,48.880434,2.408309,Plein jour,En agglomération,Intersection en X,Pluie légère,Deux véhicules - côté,4,2,2,0,2,2,2,0,1,50,2,2,1,0,0,1,23.0,34.0,deux_roues,voiture,1,2,2,2,3
202000002305,2020-08-22 16:30:00,2020,8,22,16,30,83,83069,SALINS ( ROUTE DES VIEUX),43.12066,6.1859,Plein jour,Hors agglomération,Hors intersection,Normale,Trois véhicules et plus - en chaîne,3,2,1,0,1,3,1,0,1,70,3,7,4,0,0,3,20.0,59.0,voiture,voiture,1,1,1,1,4
202000002306,2020-08-22 10:30:00,2020,8,22,10,30,83,83069,DENIS (AVENUE ALPHONSE),43.12105,6.13422,Plein jour,En agglomération,Hors intersection,Pluie légère,Deux véhicules - côté,4,2,2,0,1,1,2,0,1,50,2,2,1,0,0,1,18.0,74.0,voiture,voiture,1,2,1,2,3
202000002307,2020-08-22 17:00:00,2020,8,22,17,0,78,78551,VIDAL (RAYMOND),48.89686,2.08001,Plein jour,En agglomération,Hors intersection,Normale,Trois véhicules et plus - collisions multiples,4,2,-1,-1,1,1,1,0,1,-1,3,3,2,0,0,1,70.0,54.0,voiture,voiture,1,2,1,1,5
202000002308,2020-08-22 20:55:00,2020,8,22,20,55,78,78440,PIERRE PANLOUP (ALLEE),48.98433,1.9131,Crépuscule ou aube,En agglomération,Hors intersection,Temps couvert,Autre collision,4,1,1,0,1,1,1,0,1,50,1,1,0,0,1,0,,,,,2,2,1,8,6
202000002309,2020-08-22 23:00:00,2020,8,22,23,0,77,77459,R.D. 78,48.5269769,3.3457017,Nuit sans éclairage public,Hors agglomération,Hors intersection,Normale,Autre collision,3,2,2,0,4,1,1,0,1,80,1,2,1,0,1,0,32.0,,deux_roues,,3,1,1,1,6
202000002310,2020-08-22 09:39:00,2020,8,22,9,39,74,74010,JEAN JAURES,45.903635,6.12737,Plein jour,En agglomération,Intersection en X,Normale,Deux véhicules - côté,4,2,2,0,1,1,1,0,1,50,2,2,1,0,1,0,60.0,69.0,utilitaire_camion,deux_roues,1,2,2,1,3
202000002311,2020-08-22 06:20:00,2020,8,22,6,20,71,71153,PRESIDENT WILSON (RUE DU),46.7952867,4.4258525,Plein jour,En agglomération,Hors intersection,Normale,Autre collision,3,4,3,0,3,1,1,0,1,50,1,1,0,0,0,1,33.0,,voiture,,1,2,1,1,6
202000002312,2020-08-21 17:00:00,2020,8,21,17,0,71,71540,D984,46.7878501,4.4443368,Plein jour,Hors agglomération,Intersection en T,Normale,Deux véhicules - côté,3,2,2,0,1,1,1,0,1,80,2,3,1,0,2,0,39.0,50.0,deux_roues,utilitaire_camion,1,1,3,1,3
202000002313,2020-08-22 14:44:00,2020,8,22,14,44,69,69256,8 MAI 1945 (DU)                     (AV),45.78823,4.912597,Plein jour,En agglomération,Intersection en T,Normale,Deux véhicules - frontale,4,2,2,0,1,1,1,0,8,50,2,3,2,0,0,1,29.0,17.0,voiture,voiture,1,2,3,1,1
202000002314,2020-08-22 12:30:00,2020,8,22,12,30,60,60159,Rue Pierre Sauvage,49.41907,2.82607,Plein jour,Hors agglomération,Hors intersection,Normale,Autre collision,4,-1,1,0,2,1,1,0,1,50,1,3,2,0,0,1,44.0,,voiture,,1,1,1,1,6
202000002315,2020-08-21 19:00:00,2020,8,21,19,0,59,59512,VAILLANT (RUE EDOUARD),50.67196,3.17178,Plein jour,En agglomération,Hors intersection,Normale,Deux véhicules - côté,4,1,1,0,1,1,1,0,1,50,2,2,0,0,2,0,9.0,33.0,deux_roues,voiture,1,2,1,1,3
202000002316,2020-08-22 08:50:00,2020,8,22,8,50,59,59410,COLBERT RUE,50.63539,3.10176,Plein jour,En agglomération,Intersection en X,Normale,Deux véhicules - côté,4,-1,1,0,1,1,1,0,1,50,2,2,1,0,0,1,39.0,33.0,utilitaire_camion,utilitaire_camion,1,2,2,1,3
202000002317,2020-08-21 13:15:00,2020,8,21,13,15,35,35238,COLLIN (RENE),48.1326114,-1.6902306,Plein jour,En agglomération,Giratoire,Normale,Deux véhicules - frontale,4,1,2,0,1,1,1,0,1,50,2,2,1,0,0,1,49.0,20.0,deux_roues,voiture,1,2,6,1,1
202000002318,2020-08-22 09:40:00,2020,8,22,9,40,34,34172,CHATEAU D'O (ROND-POINT DU),43.63117,3.8425,Plein jour,En agglomération,Hors intersection,Normale,Autre collision,4,2,2,0,1,1,1,0,1,30,1,2,1,0,1,0,61.0,,voiture,,1,2,1,1,6
202000002319,2020-08-22 04:35:00,2020,8,22,4,35,33,33063,PCE RAVESIES,44.86621,-0.57489,Nuit avec éclairage allumé,En agglomération,Place,Normale,Deux véhicules - côté,4,3,8,2,1,1,1,5,1,50,2,1,0,0,1,0,61.0,,deux_roues,,5,2,7,1,3
202000002320,2020-08-22 11:30:00,2020,8,22,11,30,33,33009,MESTREZAT (BD),44.65197,-1.14764,Plein jour,En agglomération,Hors intersection,Normale,Autre collision,4,2,2,1,1,1,1,0,5,50,1,1,0,0,0,1,31.0,,deux_roues,,1,2,1,1,6
202000002321,2020-08-22 17:05:00,2020,8,22,17,5,30,30189,FONTAINE (QUAI),43.8384,4.3498,Plein jour,En agglomération,Hors intersection,Normale,Autre collision,4,1,2,0,1,1,1,6,1,50,1,2,1,0,0,1,54.0,,voiture,,1,2,1,1,6
202000002322,2020-08-21 23:25:00,2020,8,21,23,25,30,30189,MENDES FRANCE PIERRE (AVENUE),43.8143,4.39658,Nuit sans éclairage public,Hors agglomération,Intersection en X,Normale,Deux véhicules - côté,3,2,2,0,1,1,1,9,1,80,2,4,1,0,0,3,22.0,28.0,voiture,voiture,3,1,2,1,3
202000002323,2020-08-20 09:15:00,2020,8,20,9,15,29,29039,D322 - Rue de Trégunc,47.871951,-3.906738,Plein jour,En agglomération,Intersection en T,Normale,Autre collision,3,2,2,0,2,1,1,5,1,50,1,2,1,0,0,1,74.0,,voiture,,1,2,3,1,6
202000002324,2020-08-21 12:00:00,2020,8,21,12,0,29,29019,56 Rue de Kermaria,48.4168997,-4.487026,Plein jour,En agglomération,Intersection en X,Normale,Deux véhicules - frontale,4,2,0,0,1,1,1,5,1,50,2,2,1,0,0,1,57.0,41.0,deux_roues,voiture,1,2,2,1,1
202000002325,2020-08-21 22:45:00,2020,8,21,22,45,25,25056,Avenue de Bourgogne,47.22151,5.97291,Crépuscule ou aube,En agglomération,Hors intersection,Normale,Deux véhicules - côté,4,3,2,3,1,1,1,0,1,50,2,3,0,0,0,3,39.0,16.0,voiture,deux_roues,2,2,1,1,3
202000002326,2020-08-22 20:54:00,2020,8,22,20,54,17,17300,ROMPSAY   AVENUE DE,46.161,-1.13705,Plein jour,En agglomération,Hors intersection,Normale,Sans collision,4,2,2,0,2,2,9,0,1,50,1,1,0,0,0,1,19.0,,deux_roues,,1,2,1,1,7
202000002327,2020-08-22 10:05:00,2020,8,22,10,5,15,15014,MARCHANDE (RUE),44.930536,2.445892,Plein jour,En agglomération,Hors intersection,Normale,Autre collision,4,1,1,0,1,1,1,0,1,30,1,3,2,0,1,0,28.0,,voiture,,1,2,1,1,6
202000002328,2020-08-21 08:00:00,2020,8,21,8,0,14,14578,R.D. 74,49.3686477,0.1327671,Plein jour,Hors agglomération,Hors intersection,Normale,Autre collision,3,2,2,0,1,3,1,0,3,80,1,1,0,0,0,1,22.0,,voiture,,1,1,1,1,6
202000002329,2020-08-03 16:48:00,2020,8,3,16,48,14,14117,GUILLAUME LE CONQUERANT (AVENUE),49.2859364,-0.1225606,Plein jour,En agglomération,Intersection en X,Normale,Autre collision,3,2,2,0,1,1,1,0,1,50,1,5,3,0,1,1,42.0,,voiture,,1,2,2,1,6
202000002330,2020-08-22 21:35:00,2020,8,22,21,35,13,13206,NOTRE DAME (BOULEVARD),43.288691,5.373103,Nuit avec éclairage allumé,En agglomération,Intersection en X,Normale,Deux véhicules - côté,4,1,2,0,2,1,1,0,1,50,2,4,2,0,0,2,55.0,29.0,voiture,utilitaire_camion,5,2,2,1,3
202000002331,2020-08-22 22:50:00,2020,8,22,22,50,06,06088,SAINT-SIAGRE (R.),43.70573,7.26577,Nuit avec éclairage allumé,En agglomération,Hors intersection,Normale,Autre collision,4,1,1,0,1,1,1,0,1,50,1,2,1,0,0,1,34.0,,voiture,,5,2,1,1,6
202000002332,2020-08-22 21:10:00,2020,8,22,21,10,06,06083,"FRANCE (AVENUE PORTE DE,N°53 ET +)",43.784185,7.517495,Nuit avec éclairage allumé,En agglomération,Hors intersection,Normale,Autre collision,3,1,2,0,1,1,1,0,1,50,1,2,1,0,0,1,87.0,,voiture,,5,2,1,1,6
202000002333,2020-08-22 11:40:00,2020,8,22,11,40,06,06029,CROISETTE (BOULEVARD DE),43.55141,7.01749,Plein jour,En agglomération,Hors intersection,Normale,Deux véhicules - arrière,4,3,2,0,1,1,1,0,1,50,2,3,2,1,0,0,24.0,29.0,deux_roues,utilitaire_camion,1,2,1,1,2
202000002334,2020-08-21 16:30:00,2020,8,21,16,30,75,75116,PORTE DAUPHINE,48.869784,2.271684,Plein jour,En agglomération,Hors intersection,Normale,Deux véhicules - arrière,4,-1,4,0,1,1,1,0,1,70,2,2,1,0,0,1,35.0,18.0,voiture,deux_roues,1,2,1,1,2
202000002335,2020-08-21 18:15:00,2020,8,21,18,15,75,75113,PORTE D ITALIE,48.817884,2.35351,Plein jour,En agglomération,Hors intersection,Normale,,4,1,3,0,1,2,1,0,1,70,2,1,0,0,0,1,44.0,,deux_roues,,1,2,1,1,-1
202000002336,2020-08-22 18:35:00,2020,8,22,18,35,75,75105,RUE DES FOSSES SAINT MARCEL,48.83809,2.355953,Plein jour,En agglomération,Intersection en X,Normale,Autre collision,4,2,4,0,1,1,1,0,4,50,1,3,2,0,0,1,32.0,,utilitaire_camion,,1,2,2,1,6
202000002337,2020-08-22 17:45:00,2020,8,22,17,45,75,75120,AVENUE GAMBETTA,48.863307,2.389016,Plein jour,En agglomération,Hors intersection,Normale,Deux véhicules - côté,4,2,4,0,2,1,1,0,1,30,2,2,1,0,0,1,26.0,53.0,voiture,deux_roues,1,2,1,1,3
202000002338,2020-07-23 10:55:00,2020,7,23,10,55,2A,2A004,TERRASSES D'ASSUNTA RUE DES MAGNOLIAS,41.94553,8.75225,Plein jour,En agglomération,Hors intersection,Normale,Autre collision,4,1,1,0,3,1,1,0,1,30,1,2,1,0,0,1,27.0,,utilitaire_camion,,1,2,1,1,6
202000002339,2020-07-19 15:48:00,2020,7,19,15,48,91,91477,EMILE BAUDOT (RUE),48.7211,2.2612,Plein jour,En agglomération,Hors intersection,Temps éblouissant,Trois véhicules et plus - en chaîne,4,2,2,0,1,1,1,0,1,50,3,3,2,0,1,0,55.0,38.0,utilitaire_camion,voiture,1,2,1,7,4
202000002340,2020-07-23 08:15:00,2020,7,23,8,15,91,91691,GOURGAUD(AVENUE),48.73075,2.50342,Plein jour,En agglomération,Hors intersection,Temps éblouissant,Autre collision,4,2,2,0,1,1,1,0,1,50,1,2,1,0,0,1,32.0,,voiture,,1,2,1,7,6
202000002341,2020-07-22 15:45:00,2020,7,22,15,45,91,91223,GUETTARD (RUE J.E.),48.444819,2.1670332,Plein jour,En agglomération,Hors intersection,Pluie légère,Sans collision,4,2,2,0,1,1,1,0,1,50,1,1,0,0,0,1,29.0,,deux_roues,,1,2,1,2,7
202000002342,2020-07-22 20:45:00,2020,7,22,20,45,91,91223,SAINT MICHEL (BOULEVARD),48.45021,2.17204,Plein jour,En agglomération,Hors intersection,Normale,Deux véhicules - arrière,4,2,2,0,1,1,1,0,1,50,2,2,1,0,0,1,43.0,69.0,deux_roues,voiture,1,2,1,1,2
202000002343,2020-07-23 10:49:00,2020,7,23,10,49,87,87085,BARBES (RUE ARMAND),45.83907,1.26082,Plein jour,En agglomération,Intersection en X,Normale,Autre collision,4,2,2,0,1,1,1,5,1,50,1,2,1,0,0,1,71.0,,voiture,,1,2,2,1,6
202000002344,2020-07-21 18:55:00,2020,7,21,18,55,85,85194,Avenue de Talmont,46.4817,-1.7162,Plein jour,En agglomération,Hors intersection,Normale,Deux véhicules - arrière,3,2,2,0,1,1,1,0,1,50,2,3,2,0,0,1,49.0,19.0,voiture,voiture,1,2,1,1,2
202000002345,2020-07-22 18:27:00,2020,7,22,18,27,80,80021,RIOLAN (RUE),49.8884,2.31851,Plein jour,En agglomération,Hors intersection,Normale,Autre collision,4,2,2,0,1,1,1,0,1,50,1,2,1,0,0,1,40.0,,voiture,,1,2,1,1,6
202000002346,2020-07-22 18:55:00,2020,7,22,18,55,76,76540,FRANCE. QUAI DE,49.4399,1.0652,Plein jour,En agglomération,Intersection en X,Normale,Deux véhicules - côté,4,3,5,0,1,1,1,-1,1,50,2,2,1,0,1,0,40.0,42.0,deux_roues,voiture,1,2,2,1,3
202000002347,2020-07-22 20:45:00,2020,7,22,20,45,76,76351,SALVADOR ALLENDE (RUE),49.5045477,0.1400154,Plein jour,En agglomération,Hors intersection,Normale,Deux véhicules - frontale,4,2,2,0,1,1,1,0,1,50,2,2,1,0,0,1,37.0,49.0,voiture,voiture,1,2,1,1,1
202000002348,2020-07-22 16:55:00,2020,7,22,16,55,74,74118,SAINT-JULIEN (ROUTE DE),46.17152,6.21414,Plein jour,Hors agglomération,Hors intersection,Normale,Deux véhicules - côté,3,2,2,0,2,2,1,2,1,80,2,2,0,0,0,2,30.0,31.0,voiture,voiture,1,1,1,1,3
202000002349,2020-07-22 12:30:00,2020,7,22,12,30,74,74012,BASTIN (RUE ALFRED),46.19176,6.23741,Plein jour,En agglomération,Hors intersection,Normale,Autre collision,4,2,2,0,1,1,1,0,4,50,1,2,1,0,0,1,22.0,,utilitaire_camion,,1,2,1,1,6
202000002350,2020-07-23 13:30:00,2020,7,23,13,30,74,74010,ALBIGNY (AVE),45.90176,6.13022,Plein jour,En agglomération,Hors intersection,Normale,Autre collision,3,1,0,0,1,1,1,9,1,30,1,6,5,0,1,0,18.0,,voiture,,1,2,1,1,6
202000002351,2020-07-22 21:20:00,2020,7,22,21,20,73,73065,TURIN (AVENUE),45.5695318,5.9330445,Nuit avec éclairage allumé,En agglomération,Intersection en T,Normale,Deux véhicules - arrière,4,2,2,0,1,1,1,0,1,50,2,3,2,0,0,1,28.0,29.0,voiture,deux_roues,5,2,3,1,2
202000002352,2020-07-22 21:00:00,2020,7,22,21,0,67,67043,DIGUE (CHEMIN DE LA),48.6137475,7.7625997,Nuit avec éclairage allumé,En agglomération,Hors intersection,Normale,Deux véhicules - frontale,4,2,1,1,1,1,1,0,5,30,2,2,1,0,0,1,35.0,20.0,deux_roues,deux_roues,5,2,1,1,1
202000002353,2020-07-22 07:40:00,2020,7,22,7,40,67,67482,LYON (BOULEVARD DE),48.5749724,7.7339287,Crépuscule ou aube,En agglomération,Intersection en X,Temps éblouissant,Deux véhicules - côté,4,2,4,1,1,1,1,0,5,50,2,2,1,0,0,1,52.0,25.0,voiture,deux_roues,2,2,2,7,3
202000002354,2020-07-23 15:50:00,2020,7,23,15,50,64,64445,124 Boulevard Tourasse,43.31131,-0.36527,Plein jour,En agglomération,Hors intersection,Normale,Deux véhicules - côté,4,1,3,1,1,1,1,0,5,50,2,2,1,0,0,1,37.0,78.0,voiture,deux_roues,1,2,1,1,3
202000002355,2020-07-22 17:15:00,2020,7,22,17,15,64,64102,Boulevard du Bab,43.497096,-1.48776,Plein jour,En agglomération,Hors intersection,Normale,Deux véhicules - côté,4,2,6,3,1,1,1,0,1,50,2,2,1,0,0,1,75.0,17.0,voiture,deux_roues,1,2,1,1,3
202000002356,2020-07-22 15:50:00,2020,7,22,15,50,64,64102,BAB (Boulevard),43.4925,-1.4653,Plein jour,En agglomération,Hors intersection,Normale,Deux véhicules - côté,4,2,2,0,1,1,1,0,1,50,2,2,1,0,1,0,57.0,54.0,deux_roues,voiture,1,2,1,1,3
202000002357,2020-07-22 16:15:00,2020,7,22,16,15,62,62277,departementale ,50.39209,2.94209,Plein jour,Hors agglomération,Hors intersection,Normale,Deux véhicules - frontale,3,3,1,0,1,1,1,0,1,80,2,3,0,2,1,0,69.0,19.0,voiture,voiture,1,1,1,1,1
202000002358,2020-07-23 17:05:00,2020,7,23,17,5,61,61117,D1,48.424938,0.020149,Plein jour,Hors agglomération,Intersection en T,Normale,Deux véhicules - arrière,3,2,2,0,2,2,1,0,1,80,2,4,3,0,0,1,31.0,42.0,utilitaire_camion,voiture,1,1,3,1,2
202000002359,2020-07-23 16:20:00,2020,7,23,16,20,59,59350,CHASSEURS DE DRIANT PLACE DES,50.6182493,3.0329293,Plein jour,En agglomération,Autre intersection,Normale,Deux véhicules - côté,4,1,2,0,1,3,1,0,5,50,2,3,1,0,0,2,25.0,20.0,voiture,deux_roues,1,2,9,1,3
202000002360,2020-07-19 17:20:00,2020,7,19,17,20,59,59360,CHEVALIER DE L'ESPINARD RUE,50.61424,3.02753,Plein jour,En agglomération,Autre intersection,Normale,Deux véhicules - frontale,4,1,1,2,1,2,1,0,5,30,2,1,0,0,0,1,26.0,,deux_roues,,1,2,9,1,1
202000002361,2020-07-23 11:00:00,2020,7,23,11,0,52,52448,27 Avenue de la République,48.637381,4.944678,Plein jour,En agglomération,Hors intersection,Normale,,4,-1,2,0,1,1,1,0,1,50,2,2,1,0,1,0,37.0,33.0,deux_roues,voiture,1,2,1,1,-1
202000002362,2020-07-23 19:25:00,2020,7,23,19,25,51,51454,Rue Jean Jaurès,49.2610094,4.0489804,Plein jour,En agglomération,Intersection en X,Temps éblouissant,Deux véhicules - côté,4,2,3,3,1,1,1,0,6,50,2,3,2,0,0,1,25.0,29.0,voiture,deux_roues,1,2,2,7,3
202000002363,2020-07-20 12:10:00,2020,7,20,12,10,50,50129,MILLET (AVENUE JEAN-FRANCOIS),49.63377,-1.61829,Plein jour,En agglomération,Hors intersection,Normale,Deux véhicules - côté,4,-1,6,0,1,1,1,5,4,50,2,2,1,0,0,1,48.0,19.0,voiture,deux_roues,1,2,1,1,3
202000002364,2020-07-22 17:32:00,2020,7,22,17,32,49,49007,TARDAT,47.45057,-0.55278,Plein jour,En agglomération,Hors intersection,Normale,Deux véhicules - côté,4,2,2,0,1,1,1,0,1,60,2,2,1,0,0,1,32.0,20.0,voiture,voiture,1,2,1,1,3
202000002365,2020-07-07 11:39:00,2020,7,7,11,39,44,44184,BROODCOORENS (RUE) DU 124 AU 176 - DU 11,47.26555,-2.25154,Plein jour,En agglomération,Hors intersection,Normale,Deux véhicules - côté,4,2,2,3,1,1,1,0,1,50,2,2,1,0,0,1,37.0,64.0,deux_roues,voiture,1,2,1,1,3
202000002366,2020-07-22 20:30:00,2020,7,22,20,30,42,42071,Rue Ayel Salasse,46.02752,4.08406,Plein jour,En agglomération,Intersection en X,Normale,Deux véhicules - côté,4,1,1,0,1,1,1,0,1,50,2,2,0,0,0,2,22.0,48.0,voiture,voiture,1,2,2,1,3
202000002367,2020-07-23 14:35:00,2020,7,23,14,35,42,42095,Rue de la Tour de Varan,45.39131,4.28313,Plein jour,En agglomération,Hors intersection,Normale,Deux véhicules - frontale,3,2,2,0,1,1,1,0,1,50,2,2,0,0,0,2,37.0,33.0,voiture,voiture,1,2,1,1,1
202000002368,2020-07-23 13:15:00,2020,7,23,13,15,38,38151,Cours Jean Jaurès,45.14937,5.70597,Plein jour,En agglomération,Hors intersection,Normale,Deux véhicules - arrière,3,2,-1,-1,1,1,1,0,1,-1,2,5,3,0,0,2,21.0,20.0,voiture,voiture,1,2,1,1,2
202000002369,2020-07-23 22:00:00,2020,7,23,22,0,37,37261,MIRABEAU (PONT),47.4004291,0.7008188,Nuit avec éclairage allumé,En agglomération,Hors intersection,Normale,,7,1,2,0,1,1,1,2,1,50,2,1,0,0,0,1,23.0,,deux_roues,,5,2,1,1,-1
202000002370,2020-07-23 18:40:00,2020,7,23,18,40,37,37261,VERDUN (RUE DE),47.4169302,0.6933571,Plein jour,En agglomération,Intersection en T,Normale,Deux véhicules - arrière,4,2,2,0,1,1,1,0,1,50,2,2,1,0,0,1,44.0,49.0,voiture,deux_roues,1,2,3,1,2
202000002371,2020-07-23 16:50:00,2020,7,23,16,50,37,37122,RD 37,47.3727657,0.6533272,Plein jour,En agglomération,Hors intersection,Normale,Trois véhicules et plus - en chaîne,3,3,4,0,1,1,1,0,1,50,3,8,7,0,0,1,43.0,29.0,voiture,utilitaire_camion,1,2,1,1,4
202000002372,2020-07-23 23:00:00,2020,7,23,23,0,35,35238,CLEMENCEAU (BD GEORGES),48.09401,-1.6774,Nuit avec éclairage allumé,En agglomération,Hors intersection,Normale,Sans collision,4,2,2,0,1,1,1,5,1,50,1,1,0,0,0,1,23.0,,deux_roues,,5,2,1,1,7
202000002373,2020-07-23 09:20:00,2020,7,23,9,20,35,35238,HERVE (BD GAETAN),48.090567,-1.666394,Plein jour,En agglomération,Hors intersection,Normale,Deux véhicules - côté,4,1,1,2,1,1,1,0,5,30,2,2,1,0,0,1,28.0,44.0,deux_roues,voiture,1,2,1,1,3
202000002374,2020-07-14 15:00:00,2020,7,14,15,0,33,33039,BD JEAN-JACQUES BOSC / RUE LEON JOUHAUX,44.81556,-0.55143,Plein jour,En agglomération,Intersection en X,Normale,Autre collision,4,2,4,2,1,1,1,5,1,50,1,2,1,0,0,1,30.0,,voiture,,1,2,2,1,6
202000002375,2020-07-03 17:15:00,2020,7,3,17,15,33,33063,RUE DES IMPASSES / RUE CAMBON,44.82627,-0.55337,Plein jour,En agglomération,Intersection en Y,Normale,Autre collision,4,2,2,0,1,1,1,0,1,50,1,1,0,0,0,1,,,,,1,2,4,1,6
202000002376,2020-07-03 13:20:00,2020,7,3,13,20,33,33063,CRS DE LA MARNE / RUE KLEBER,44.83018,-0.56979,Plein jour,En agglomération,Intersection en X,Normale,Autre collision,4,2,2,0,1,1,1,0,1,50,1,2,1,0,0,1,49.0,,deux_roues,,1,2,2,1,6
202000002377,2020-07-03 07:29:00,2020,7,3,7,29,33,33063,RUE CHARLES DOMERCQ,44.82534,-0.55704,Plein jour,En agglomération,Passage à niveau,Normale,Autre collision,4,2,4,3,1,1,1,4,6,50,1,2,1,0,1,0,50.0,,transport_commun,,1,2,8,1,6
202000002378,2020-07-23 21:05:00,2020,7,23,21,5,33,33009,OCEAN (BD DE L'.),44.66023,-1.19077,Crépuscule ou aube,En agglomération,Hors intersection,Normale,Sans collision,4,2,4,2,2,3,1,0,5,50,1,1,0,0,0,1,30.0,,deux_roues,,2,2,1,1,7
202000002379,2020-07-23 00:20:00,2020,7,23,0,20,31,31555,23 Boulevard d'Arcole,43.6113519,1.4397293,Nuit avec éclairage allumé,En agglomération,Hors intersection,Normale,Autre collision,4,2,2,0,1,1,1,0,1,50,1,1,0,0,1,0,,,,,5,2,1,1,6
202000002380,2020-07-22 21:05:00,2020,7,22,21,5,30,30189,HAROUN TAZIEFF (ROND POINT),43.83137,4.38158,Crépuscule ou aube,En agglomération,Giratoire,Normale,Deux véhicules - arrière,4,-1,2,0,1,3,1,5,1,50,2,2,1,0,0,1,32.0,49.0,voiture,deux_roues,2,2,6,1,2
202000002381,2020-07-22 09:35:00,2020,7,22,9,35,27,27299,BRIAND (AVENUE ARISTIDE),49.04657,1.16217,Plein jour,En agglomération,Hors intersection,Normale,Autre collision,3,2,2,0,1,1,1,9,8,50,1,2,1,0,0,1,55.0,,voiture,,1,2,1,1,6
202000002382,2020-07-23 19:35:00,2020,7,23,19,35,26,26362,7 Rue André Lhote,44.91027,4.91917,Plein jour,En agglomération,Intersection en T,Normale,Deux véhicules - côté,4,2,2,0,1,1,1,5,1,50,2,5,4,0,1,0,21.0,22.0,voiture,deux_roues,1,2,3,1,3
202000002383,2020-07-21 17:35:00,2020,7,21,17,35,22,22187,AVENUE DU TREGOR,48.564006,-2.758317,Plein jour,En agglomération,Hors intersection,Normale,Autre collision,4,1,1,0,1,1,1,0,1,30,1,2,1,0,1,0,45.0,,voiture,,1,2,1,1,6
202000002384,2020-07-23 18:10:00,2020,7,23,18,10,17,17300,REPUBLIQUE   BOULEVARD DE LA,46.1383,-1.1532,Plein jour,En agglomération,Hors intersection,Normale,Sans collision,4,2,4,2,2,1,1,0,1,30,1,1,0,0,0,1,61.0,,deux_roues,,1,2,1,1,7
202000002385,2020-07-23 17:25:00,2020,7,23,17,25,17,17299,73 Rue du Breuil,45.94635,-0.96802,Plein jour,En agglomération,Hors intersection,Normale,Deux véhicules - côté,4,2,2,0,1,1,1,0,1,50,2,1,0,0,0,1,81.0,,voiture,,1,2,1,1,3