accident_id,datetime,annee,mois,jour,heure,minute,departement,commune_insee,adresse,latitude,longitude,luminosite,agglomeration,intersection,meteo,collision,catr,circ,nbv,vosp,prof,plan,surf,infra,situ,vma,nb_vehicules,nb_usagers,nb_indemnes,nb_tues,nb_blesses_hosp,nb_blesses_legers,age_cond_1,age_cond_2,veh_type_cond_1,veh_type_cond_2,lum_code,agg_code,int_code,atm_code,col_code
202000002386,2020-07-23 16:05:00,2020,7,23,16,5,15,15014,PUPILLES DE LA NATION (AVENUE DES),44.91975,2.4391,Plein jour,En agglomération,Intersection en T,Normale,Deux véhicules - côté,4,2,4,1,1,1,1,0,5,50,2,3,1,0,0,2,32.0,73.0,deux_roues,utilitaire_camion,1,2,3,1,3
202000002387,2020-07-23 01:45:00,2020,7,23,1,45,13,13216,LITTORAL (CHEMIN DU),43.35262,5.33784,Nuit avec éclairage allumé,En agglomération,Hors intersection,Normale,Sans collision,3,3,4,0,1,1,1,0,4,50,1,4,1,0,1,2,,,,,5,2,1,1,7
202000002388,2020-07-23 04:45:00,2020,7,23,4,45,13,13002,7 RMENT DE TIRAILLEURS ALGERIENS (AVENUE,43.3379687,5.472547,Nuit avec éclairage allumé,En agglomération,Giratoire,Normale,Deux véhicules - côté,4,2,2,0,1,1,1,0,3,50,2,2,0,0,0,2,49.0,32.0,voiture,voiture,5,2,6,1,3
202000002389,2020-07-23 03:50:00,2020,7,23,3,50,13,13206,PRADO (AVENUE DU),43.284,5.3848,Nuit avec éclairage allumé,En agglomération,Hors intersection,Normale,Deux véhicules - côté,4,2,6,0,1,1,1,0,1,50,2,2,0,0,0,2,19.0,,deux_roues,,5,2,1,1,3
202000002390,2020-07-22 19:50:00,2020,7,22,19,50,13,13028,SANDRAL (AVENUE MAURICE ),43.169303,5.603569,Plein jour,En agglomération,Intersection en X,Normale,,4,2,2,0,2,1,1,0,1,50,2,2,1,0,1,0,62.0,,utilitaire_camion,,1,2,2,1,-1
202000002391,2020-07-22 11:20:00,2020,7,22,11,20,13,13004,RTE N113 MARSEILLE A BORBEAUX,43.678182,4.611199,Plein jour,Hors agglomération,Hors intersection,Normale,Trois véhicules et plus - en chaîne,2,3,4,3,1,1,1,3,1,90,4,5,3,0,0,2,36.0,62.0,utilitaire_camion,voiture,1,1,1,1,4
202000002392,2020-07-23 15:16:00,2020,7,23,15,16,10,10387,BLANQUI (RUE),48.299,4.05,Plein jour,En agglomération,Intersection en X,Temps éblouissant,Deux véhicules - côté,4,2,5,0,2,1,1,0,1,50,2,2,1,0,0,1,44.0,22.0,voiture,deux_roues,1,2,2,7,3
202000002393,2020-07-22 16:40:00,2020,7,22,16,40,10,10387,JEAN LEGUISE (RUE),48.29038,4.07179,Plein jour,En agglomération,Intersection en T,Normale,Deux véhicules - côté,4,2,2,0,1,1,1,0,1,50,2,2,1,0,0,1,32.0,48.0,voiture,voiture,1,2,3,1,3
202000002394,2020-07-23 11:50:00,2020,7,23,11,50,06,06069,RIOU BLANQUET (AVENUE ET TRAVERSE),43.663847,6.933658,Plein jour,En agglomération,Hors intersection,Normale,Sans collision,3,2,1,0,2,1,1,0,1,50,1,1,0,0,0,1,22.0,,deux_roues,,1,2,1,1,7
202000002395,2020-07-23 11:00:00,2020,7,23,11,0,06,06069,MADELEINE,43.656677,6.934098,Plein jour,En agglomération,Hors intersection,Normale,Autre collision,4,2,2,0,2,1,1,0,1,50,1,2,1,0,1,0,28.0,,voiture,,1,2,1,1,6
202000002396,2020-07-22 02:15:00,2020,7,22,2,15,06,06004,NICE(RN.7) AV.ET RTE DE,43.612558,7.126362,Nuit avec éclairage allumé,Hors agglomération,Giratoire,Normale,Autre collision,3,1,2,0,1,2,1,0,1,50,1,1,0,0,0,1,28.0,,voiture,,5,1,6,1,6
202000002397,2020-07-16 17:42:00,2020,7,16,17,42,06,06004,JEAN CH.ET RTE DE ST,43.58381,7.10639,Plein jour,En agglomération,Intersection en X,Normale,Autre collision,4,2,2,0,2,1,1,0,1,50,1,2,1,0,1,0,55.0,,transport_commun,,1,2,2,1,6
202000002398,2020-07-23 08:15:00,2020,7,23,8,15,75,75113,BOULEVARD PERIPHERIQUE,48.818711,2.370252,Plein jour,En agglomération,Intersection en Y,Normale,Trois véhicules et plus - en chaîne,4,1,4,0,1,1,1,0,1,70,3,3,2,0,0,1,47.0,54.0,utilitaire_camion,voiture,1,2,4,1,4
202000002399,2020-07-21 12:40:00,2020,7,21,12,40,75,75118,BOULEVARD PERIPHERIQUE,48.900847,2.334437,Plein jour,En agglomération,Hors intersection,Normale,Sans collision,4,1,4,0,1,1,1,0,1,70,1,1,0,0,0,1,27.0,,deux_roues,,1,2,1,1,7
202000002400,2020-07-22 18:45:00,2020,7,22,18,45,75,75112,RUE TRAVERSIERE,48.849598,2.37509,Plein jour,En agglomération,Hors intersection,Normale,Deux véhicules - arrière,4,1,1,0,1,1,1,0,1,50,2,2,1,0,1,0,18.0,54.0,deux_roues,utilitaire_camion,1,2,1,1,2
202000002401,2020-07-22 15:32:00,2020,7,22,15,32,75,75108,RUE DE ROME,48.881972,2.320489,Plein jour,En agglomération,Intersection en X,Normale,,4,2,2,0,1,1,1,0,1,50,2,3,2,0,0,1,36.0,28.0,deux_roues,voiture,1,2,2,1,-1
202000002402,2020-07-23 18:30:00,2020,7,23,18,30,75,75118,RUE MARX DORMOY,48.886842,2.359627,Plein jour,En agglomération,Intersection en T,Normale,Autre collision,4,2,4,0,1,1,1,0,1,50,1,2,0,0,0,2,22.0,,deux_roues,,1,2,3,1,6
202000002403,2020-07-22 12:00:00,2020,7,22,12,0,75,75116,BOULEVARD PERIPHERIQUE INTERIEUR OUEST,48.854539,2.254923,Plein jour,En agglomération,Hors intersection,Normale,Deux véhicules - arrière,4,3,4,0,1,1,1,0,1,70,2,3,2,0,0,1,45.0,59.0,voiture,voiture,1,2,1,1,2
202000002404,2020-07-23 12:30:00,2020,7,23,12,30,75,75115,RUE PEGOUD,48.83457,2.266843,Plein jour,En agglomération,Intersection en X,Normale,Trois véhicules et plus - collisions multiples,4,1,2,0,1,1,1,1,1,50,3,3,2,0,0,1,68.0,56.0,voiture,deux_roues,1,2,2,1,5
202000002405,2020-07-23 17:10:00,2020,7,23,17,10,75,75114,RUE D ALESIA,48.832229,2.312869,Plein jour,En agglomération,Intersection en T,Normale,Autre collision,4,2,3,0,1,1,1,0,1,50,1,2,1,0,0,1,59.0,,voiture,,1,2,3,1,6
202000002406,2020-07-22 23:57:00,2020,7,22,23,57,75,75113,PONT CHARLES DE GAULLE,48.841918,2.367889,Nuit avec éclairage allumé,En agglomération,Intersection en X,Normale,Deux véhicules - côté,4,1,5,0,1,1,1,2,1,30,2,3,1,0,0,2,25.0,49.0,voiture,deux_roues,5,2,2,1,3
202000002407,2020-07-22 21:45:00,2020,7,22,21,45,75,75111,BOULEVARD DE CHARONNE,48.857218,2.39286,Nuit avec éclairage allumé,En agglomération,Hors intersection,Normale,Deux véhicules - côté,4,1,2,0,1,1,1,0,1,50,2,2,1,0,0,1,44.0,38.0,deux_roues,voiture,5,2,1,1,3
202000002408,2020-07-23 16:30:00,2020,7,23,16,30,75,75109,BOULEVARD DE ROCHECHOUART,48.883481,2.348325,Plein jour,En agglomération,Hors intersection,Normale,Deux véhicules - côté,4,1,3,3,1,1,1,-1,6,50,2,2,1,0,0,1,8.0,68.0,deux_roues,voiture,1,2,1,1,3
202000002409,2020-07-23 10:40:00,2020,7,23,10,40,75,75109,RUE SAINT LAZARE,48.875687,2.327774,Plein jour,En agglomération,Intersection en T,Normale,Autre collision,4,2,3,0,1,1,1,0,1,30,1,2,1,0,0,1,61.0,,voiture,,1,2,3,1,6
202000002410,2020-07-23 12:50:00,2020,7,23,12,50,75,75108,RUE DU FAUBOURG SAINT HONORE,48.868783,2.32185,Plein jour,En agglomération,Intersection en X,Normale,Autre collision,4,1,1,0,1,1,1,0,1,50,1,2,1,0,0,1,43.0,,utilitaire_camion,,1,2,2,1,6
202000002411,2020-07-23 00:07:00,2020,7,23,0,7,75,75108,PLACE DE L ALMA,48.864283,2.302239,Nuit avec éclairage allumé,En agglomération,Place,Normale,Autre collision,4,2,4,0,1,1,1,0,1,50,1,3,2,0,0,1,20.0,,voiture,,5,2,7,1,6
202000002412,2020-07-23 15:10:00,2020,7,23,15,10,75,75107,AVENUE DE LOWENDAL,48.849416,2.303787,Plein jour,En agglomération,Intersection en X,Normale,Deux véhicules - côté,4,2,2,0,1,1,1,0,1,50,2,2,1,0,0,1,63.0,37.0,voiture,deux_roues,1,2,2,1,3
202000002413,2020-07-23 19:30:00,2020,7,23,19,30,75,75102,RUE DE CLERY,48.867328,2.343942,Plein jour,En agglomération,Intersection à plus de 4 branches,Normale,Deux véhicules - côté,4,2,2,1,2,1,1,-1,5,30,2,2,1,0,0,1,39.0,35.0,voiture,deux_roues,1,2,5,1,3
202000002414,2020-07-23 17:00:00,2020,7,23,17,0,75,75103,BOULEVARD DE SEBASTOPOL,48.866233,2.352534,Plein jour,En agglomération,Intersection en X,Normale,Deux véhicules - côté,4,1,5,1,1,1,1,-1,5,50,2,2,1,0,0,1,46.0,54.0,deux_roues,deux_roues,1,2,2,1,3
202000002415,2020-07-23 06:43:00,2020,7,23,6,43,75,75104,QUAI DE GESVRES,48.85723,2.347112,Plein jour,En agglomération,Intersection en X,Normale,Deux véhicules - côté,4,1,4,3,1,3,1,-1,6,50,2,2,1,0,0,1,21.0,42.0,deux_roues,utilitaire_camion,1,2,2,1,3
202000002416,2020-07-22 21:40:00,2020,7,22,21,40,94,94081,ROUGET DE L ISLE (AV),48.7781,2.3965,Crépuscule ou aube,En agglomération,Intersection en T,Normale,Deux véhicules - côté,3,2,3,0,1,1,1,0,1,50,2,3,2,0,0,1,54.0,17.0,voiture,deux_roues,2,2,3,1,3
202000002417,2020-07-23 17:40:00,2020,7,23,17,40,94,94067,JOFFRE (AV),48.84742,2.41775,Plein jour,En agglomération,Place,Normale,Autre collision,3,2,2,1,1,1,1,9,1,50,1,2,1,0,0,1,64.0,,voiture,,1,2,7,1,6
202000002418,2020-07-22 16:45:00,2020,7,22,16,45,94,94041,JEAN COMPAGNON (QU),48.81949,2.39838,Plein jour,En agglomération,Hors intersection,Normale,Deux véhicules - frontale,3,2,2,0,2,2,1,0,1,50,2,2,1,0,0,1,37.0,62.0,voiture,deux_roues,1,2,1,1,1
202000002419,2020-07-21 16:10:00,2020,7,21,16,10,94,94033,PARMENTIER (AV),48.853553,2.452422,Plein jour,En agglomération,Intersection en X,Normale,Deux véhicules - côté,4,2,2,0,2,1,1,0,1,50,2,2,1,0,0,1,27.0,15.0,voiture,deux_roues,1,2,2,1,3
202000002420,2020-07-23 18:20:00,2020,7,23,18,20,94,94054,VICTOIRE (AV DE LA),48.7451,2.3887,Plein jour,En agglomération,Intersection en X,Normale,Deux véhicules - côté,3,2,2,0,2,1,1,0,1,50,2,2,1,0,0,1,13.0,47.0,deux_roues,voiture,1,2,2,1,3
202000002421,2020-07-22 13:50:00,2020,7,22,13,50,94,94017,ROGER SALENGRO (AV),48.8201,2.48174,Plein jour,En agglomération,Intersection en T,Temps éblouissant,Deux véhicules - côté,3,2,4,1,1,1,1,0,1,50,2,2,1,0,0,1,35.0,39.0,deux_roues,utilitaire_camion,1,2,3,7,3
202000002422,2020-07-23 21:50:00,2020,7,23,21,50,93,93072,MAXIME GORKI (BOULEVARD) DES N°89 A ...,48.94547,2.38666,Nuit avec éclairage allumé,En agglomération,Autre intersection,Normale,Deux véhicules - côté,3,2,4,0,1,1,1,0,1,50,2,2,1,0,1,0,22.0,38.0,voiture,deux_roues,5,2,9,1,3
202000002423,2020-07-23 16:10:00,2020,7,23,16,10,93,93070,JEAN-JAURES (BD),48.9149,2.33767,Plein jour,En agglomération,Hors intersection,Normale,Trois véhicules et plus - en chaîne,3,1,2,0,1,1,1,0,1,50,5,4,3,0,0,1,39.0,37.0,voiture,voiture,1,2,1,1,4
202000002424,2020-07-23 11:10:00,2020,7,23,11,10,93,93070,MICHELET (AVE) : DU 1 AU 103,48.90693,2.34437,Plein jour,En agglomération,Hors intersection,Normale,Autre collision,3,-1,0,0,1,1,1,0,1,50,1,2,1,0,1,0,25.0,,deux_roues,,1,2,1,1,6
202000002425,2020-07-23 22:45:00,2020,7,23,22,45,93,93048,PARIS (RUE DE),48.85786,2.43497,Nuit avec éclairage allumé,En agglomération,Hors intersection,Normale,Autre collision,3,1,1,0,1,1,1,0,1,50,1,2,1,0,0,1,32.0,,voiture,,5,2,1,1,6
202000002426,2020-07-23 17:55:00,2020,7,23,17,55,93,93010,COCHIN (RUE DENYS),48.8990757,2.4922026,Plein jour,En agglomération,Intersection en X,Normale,Deux véhicules - côté,4,1,1,0,1,1,1,0,1,50,2,1,0,0,0,1,45.0,,deux_roues,,1,2,2,1,3
202000002427,2020-07-22 18:20:00,2020,7,22,18,20,92,92072,PAVE DES GARDES (ROUTE DU),48.8092392,2.2058699,Nuit avec éclairage allumé,En agglomération,Autre intersection,Normale,Deux véhicules - arrière,3,2,2,0,1,1,1,0,1,50,2,3,1,0,0,2,45.0,22.0,voiture,voiture,5,2,9,1,2
202000002428,2020-07-23 15:30:00,2020,7,23,15,30,92,92012,JEAN JAURES (BOULEVARD) 63/215 - 70/208,48.8383046,2.2408569,Plein jour,En agglomération,Hors intersection,Normale,Deux véhicules - arrière,3,2,2,0,1,1,1,9,1,50,2,2,1,0,0,1,53.0,66.0,deux_roues,voiture,1,2,1,1,2
202000002429,2020-07-23 14:45:00,2020,7,23,14,45,54,54238,RN57 sens EPINAL-NANCY,48.4116562,6.2328529,Plein jour,Hors agglomération,Hors intersection,Normale,Trois véhicules et plus - en chaîne,2,3,2,0,1,1,1,0,2,110,3,3,2,0,0,1,50.0,41.0,utilitaire_camion,utilitaire_camion,1,1,1,1,4
202000002430,2020-07-24 16:40:00,2020,7,24,16,40,01,01248,Route de Lyon,45.890708,4.92685,Plein jour,Hors agglomération,Hors intersection,Normale,Deux véhicules - côté,3,2,2,0,1,1,1,0,1,80,2,2,1,0,1,0,33.0,42.0,utilitaire_camion,deux_roues,1,1,1,1,3
202000002431,2020-07-23 14:00:00,2020,7,23,14,0,83,83072,Chemin de la Table Ronde,43.503873,6.357248,Plein jour,Hors agglomération,Hors intersection,Normale,Sans collision,4,2,2,0,2,1,1,0,1,50,1,1,0,0,1,0,57.0,,utilitaire_camion,,1,1,1,1,7
202000002432,2020-07-23 12:00:00,2020,7,23,12,0,41,41137,D1,47.521577,1.133866,Plein jour,Hors agglomération,Hors intersection,Normale,Sans collision,3,2,2,0,1,2,1,0,5,80,1,1,0,0,1,0,75.0,,deux_roues,,1,1,1,1,7
202000002433,2020-07-23 18:35:00,2020,7,23,18,35,81,81311,RD 612,43.711882,2.207093,Plein jour,Hors agglomération,Intersection en T,Normale,Deux véhicules - côté,3,2,2,0,2,1,1,5,1,80,2,2,1,0,0,1,23.0,43.0,voiture,voiture,1,1,3,1,3
202000002434,2020-07-23 16:30:00,2020,7,23,16,30,60,60256,D129,49.297039,2.026865,Plein jour,Hors agglomération,Intersection en X,Normale,Deux véhicules - côté,3,2,2,0,1,1,1,0,1,80,2,4,3,0,0,1,35.0,45.0,voiture,deux_roues,1,1,2,1,3
202000002435,2020-07-23 17:30:00,2020,7,23,17,30,60,60196,Rue Désiré Bailly,49.3010242,2.0892921,Plein jour,En agglomération,Hors intersection,Normale,Autre collision,3,2,2,0,1,3,1,0,8,50,1,1,0,0,0,1,32.0,,voiture,,1,2,1,1,6
202000002436,2020-07-23 17:45:00,2020,7,23,17,45,28,28309,Prunay-le-Gillon,48.349747,1.62323,Plein jour,Hors agglomération,Hors intersection,Normale,Sans collision,2,2,2,0,1,1,1,0,8,110,1,1,0,0,1,0,22.0,,voiture,,1,1,1,1,7
202000002437,2020-07-24 07:05:00,2020,7,24,7,5,974,97414,Pln du Gol,-21.283846,55.395373,Plein jour,En agglomération,Hors intersection,Normale,Deux véhicules - frontale,2,2,2,0,2,2,1,1,1,70,2,4,3,0,0,1,45.0,60.0,voiture,voiture,1,2,1,1,1
202000002438,2020-07-23 01:45:00,2020,7,23,1,45,59,59553,Avenue de l'Amitie,50.594465,2.964839,Nuit avec éclairage allumé,En agglomération,Hors intersection,Normale,Autre collision,4,2,2,0,1,1,1,0,4,50,1,1,0,0,1,0,65.0,,voiture,,5,2,1,1,6
202000002439,2020-07-22 01:25:00,2020,7,22,1,25,57,57269,Route de Thionville,49.298845,6.191483,Nuit avec éclairage allumé,En agglomération,Giratoire,Normale,Autre collision,3,1,1,0,1,2,1,0,3,50,1,2,1,0,1,0,20.0,,voiture,,5,2,6,1,6
202000002440,2020-07-21 15:15:00,2020,7,21,15,15,57,57409,rue de Saint Avold,49.038415,6.752823,Plein jour,En agglomération,Hors intersection,Normale,Deux véhicules - arrière,3,2,2,0,1,1,1,0,1,50,2,2,1,0,0,1,36.0,57.0,voiture,deux_roues,1,2,1,1,2
202000002441,2020-07-23 18:10:00,2020,7,23,18,10,56,56178,Quai Niemen,48.065931,-2.968385,Plein jour,En agglomération,Intersection en T,Normale,Deux véhicules - côté,4,2,3,1,1,1,1,0,1,50,2,1,0,0,0,1,46.0,,deux_roues,,1,2,3,1,3
202000002442,2020-07-21 15:55:00,2020,7,21,15,55,56,56175,D133,47.736329,-2.91407,Plein jour,En agglomération,Giratoire,Normale,Autre collision,3,2,2,0,2,1,1,0,1,50,1,1,0,0,0,1,56.0,,deux_roues,,1,2,6,1,6
202000002443,2020-07-24 16:50:00,2020,7,24,16,50,81,81242,D14,43.515319,2.138085,Plein jour,Hors agglomération,Intersection en T,Normale,Deux véhicules - côté,3,2,2,0,1,1,1,0,1,80,2,2,1,0,0,1,18.0,24.0,utilitaire_camion,voiture,1,1,3,1,3
202000002444,2020-07-24 07:30:00,2020,7,24,7,30,61,61486,D22,48.733903,-0.705507,Crépuscule ou aube,Hors agglomération,Hors intersection,Normale,Autre collision,3,2,2,0,3,2,1,0,3,90,1,1,0,0,1,0,43.0,,voiture,,2,1,1,1,6
202000002445,2020-07-23 18:10:00,2020,7,23,18,10,61,61198,Le Vau Benard,48.897565,0.207469,Plein jour,Hors agglomération,Hors intersection,Normale,Autre collision,3,2,2,0,4,2,1,0,3,-1,1,1,0,0,0,1,52.0,,voiture,,1,1,1,1,6
202000002446,2020-07-23 17:36:00,2020,7,23,17,36,42,42227,Route d'Epezy,45.715634,3.915575,Plein jour,Hors agglomération,Hors intersection,Normale,Trois véhicules et plus - en chaîne,3,2,2,0,1,2,1,0,1,80,3,3,2,0,0,1,23.0,29.0,voiture,deux_roues,1,1,1,1,4
202000002447,2020-07-23 11:37:00,2020,7,23,11,37,22,22232,D21,48.641452,-2.891142,Plein jour,Hors agglomération,Giratoire,Normale,Deux véhicules - côté,3,1,1,0,1,2,1,9,1,50,2,2,1,0,1,0,63.0,46.0,deux_roues,utilitaire_camion,1,1,6,1,3
202000002448,2020-07-23 21:50:00,2020,7,23,21,50,44,44186,Le Rozay,47.073596,-1.85486,Nuit sans éclairage public,Hors agglomération,Hors intersection,Normale,Autre collision,4,2,2,0,1,1,9,0,3,80,1,1,0,0,1,0,36.0,,deux_roues,,3,1,1,1,6
202000002449,2020-07-24 16:10:00,2020,7,24,16,10,02,02373,24 La Chaussee de Hary,49.808558,3.918622,Plein jour,En agglomération,Hors intersection,Normale,Deux véhicules - côté,3,2,2,0,2,1,1,0,1,50,2,2,1,0,1,0,24.0,14.0,voiture,utilitaire_camion,1,2,1,1,3
202000002450,2020-07-23 14:05:00,2020,7,23,14,5,02,02810,61 Avenue de la Ferté - Milon,49.238461,3.098429,Plein jour,En agglomération,Hors intersection,Normale,Deux véhicules - arrière,3,-1,2,0,1,1,1,0,1,50,2,2,1,0,1,0,40.0,70.0,voiture,deux_roues,1,2,1,1,2
202000002451,2020-07-23 09:15:00,2020,7,23,9,15,02,02543,43 rue Jean de la fontaine,49.169755,3.261952,Plein jour,En agglomération,Hors intersection,Normale,Deux véhicules - côté,3,-1,2,0,2,1,1,0,1,50,2,2,1,0,1,0,58.0,63.0,voiture,deux_roues,1,2,1,1,3
202000002452,2020-07-23 12:10:00,2020,7,23,12,10,03,03284,Le Moutier,46.4004451,3.5812378,Plein jour,Hors agglomération,Hors intersection,Normale,Sans collision,3,2,2,0,4,1,1,0,3,80,1,1,0,0,0,1,23.0,,voiture,,1,1,1,1,7
202000002453,2020-07-24 17:25:00,2020,7,24,17,25,03,03213,Route de Hérisson,46.4632717,2.6227127,Plein jour,Hors agglomération,Hors intersection,Normale,Deux véhicules - frontale,3,2,2,0,2,1,1,0,1,80,2,2,1,0,1,0,49.0,54.0,utilitaire_camion,deux_roues,1,1,1,1,1
202000002454,2020-07-24 16:55:00,2020,7,24,16,55,15,15019,PK 61+400 - Sens décroissant - D922,45.299011,2.402658,Plein jour,Hors agglomération,Hors intersection,Normale,Autre collision,3,2,2,0,1,1,1,0,3,90,1,2,1,0,1,0,35.0,,voiture,,1,1,1,1,6
202000002455,2020-07-21 10:00:00,2020,7,21,10,0,70,70554,D48,47.887025,5.94281,Plein jour,Hors agglomération,Autre intersection,Normale,Deux véhicules - frontale,3,2,2,0,1,3,1,0,1,80,2,2,0,0,1,1,52.0,75.0,voiture,voiture,1,1,9,1,1
202000002456,2020-07-24 11:30:00,2020,7,24,11,30,26,26113,1347 Boulevard du Marechal Leclerc,44.751008,5.372835,Plein jour,En agglomération,Hors intersection,Normale,Trois véhicules et plus - en chaîne,3,2,2,0,4,1,1,0,1,50,3,3,2,0,0,1,54.0,33.0,voiture,voiture,1,2,1,1,4
202000002457,2020-07-23 17:15:00,2020,7,23,17,15,14,14578,d288,49.355419,0.170814,Plein jour,Hors agglomération,Intersection en X,Normale,Trois véhicules et plus - collisions multiples,3,2,2,0,1,1,1,0,1,80,3,7,6,0,1,0,26.0,40.0,voiture,voiture,1,1,2,1,5
202000002458,2020-07-23 18:05:00,2020,7,23,18,5,04,04157,RD 953,43.8535673,6.1166423,Plein jour,Hors agglomération,Hors intersection,Normale,Sans collision,3,2,2,0,1,3,1,0,3,80,1,1,0,0,0,1,22.0,,voiture,,1,1,1,1,7
202000002459,2020-07-23 11:45:00,2020,7,23,11,45,85,85116,Rue des Artisans,46.421248,-1.390892,Plein jour,Hors agglomération,Intersection en Y,Normale,Deux véhicules - côté,4,2,2,0,1,1,1,0,1,80,2,5,0,0,0,5,59.0,52.0,voiture,voiture,1,1,4,1,3
202000002460,2020-07-14 09:00:00,2020,7,14,9,0,27,27643,N12,48.750159,1.0302335,Plein jour,Hors agglomération,Hors intersection,Pluie légère,Sans collision,2,3,4,0,2,3,2,0,3,110,1,3,1,0,2,0,65.0,,voiture,,1,1,1,2,7
202000002461,2020-07-23 05:40:00,2020,7,23,5,40,30,30116,N100,43.940083,4.601303,Crépuscule ou aube,Hors agglomération,Hors intersection,Normale,Deux véhicules - côté,2,2,2,0,2,1,1,0,1,80,2,3,2,0,1,0,59.0,56.0,deux_roues,voiture,2,1,1,1,3
202000002462,2020-07-24 11:45:00,2020,7,24,11,45,48,48089,D4,44.844482,3.363233,Plein jour,Hors agglomération,Intersection en T,Normale,Deux véhicules - côté,3,2,2,0,2,1,1,0,1,80,2,2,1,0,1,0,69.0,85.0,deux_roues,voiture,1,1,3,1,3
202000002463,2020-07-24 15:30:00,2020,7,24,15,30,88,88124,Route d'Attigny,48.082229,6.041563,Plein jour,Hors agglomération,Hors intersection,Normale,Sans collision,4,2,2,0,1,2,1,0,1,50,1,1,0,1,0,0,49.0,,voiture,,1,1,1,1,7
202000002464,2020-07-23 17:30:00,2020,7,23,17,30,34,34247,D145,43.702878,3.852489,Plein jour,Hors agglomération,Hors intersection,Pluie forte,Deux véhicules - frontale,3,2,2,0,1,1,2,0,1,80,2,3,0,0,0,3,37.0,32.0,voiture,voiture,1,1,1,3,1
202000002465,2020-07-14 01:01:00,2020,7,14,1,1,06,06088,Autoroute A8 - PK 186+000 CHAUSSÉE SUD,43.671542,7.201586,Nuit sans éclairage public,Hors agglomération,Hors intersection,Pluie légère,Autre collision,1,2,3,0,1,2,2,0,1,70,1,1,0,0,1,0,36.0,,voiture,,3,1,1,2,6
202000002466,2020-07-24 09:15:00,2020,7,24,9,15,38,38485,Avenue de Grenoble,45.171455,5.695987,Plein jour,En agglomération,Hors intersection,Normale,,3,2,2,0,1,1,1,5,1,-1,2,2,1,0,0,1,85.0,19.0,voiture,deux_roues,1,2,1,1,-1
202000002467,2020-07-24 18:30:00,2020,7,24,18,30,69,69143,53 Avenue Carnot,45.8863968,4.8315037,Plein jour,En agglomération,Hors intersection,Normale,Deux véhicules - côté,3,2,2,1,1,1,1,0,5,50,2,2,1,0,1,0,39.0,61.0,utilitaire_camion,deux_roues,1,2,1,1,3
202000002468,2020-07-24 14:45:00,2020,7,24,14,45,13,13051,"autoroute A7, pk 240+600, sens nord/sud",43.592763,5.176792,Plein jour,Hors agglomération,Hors intersection,Normale,Deux véhicules - arrière,1,3,4,3,1,1,1,0,1,-1,2,3,2,0,1,0,55.0,51.0,voiture,deux_roues,1,1,1,1,2
202000002469,2020-07-23 17:27:00,2020,7,23,17,27,51,51205,A4,49.0339863,4.3901906,Plein jour,Hors agglomération,Hors intersection,Normale,Deux véhicules - arrière,1,3,4,0,1,1,1,0,1,130,2,2,1,0,1,0,49.0,42.0,utilitaire_camion,voiture,1,1,1,1,2
202000002470,2020-07-18 13:15:00,2020,7,18,13,15,973,97312,Barrage de Petit Saut,5.060632,-53.050703,Plein jour,Hors agglomération,Hors intersection,Temps couvert,Sans collision,4,2,2,0,2,2,1,0,1,80,1,1,0,0,1,0,27.0,,deux_roues,,1,1,1,8,7
202000002471,2020-07-23 19:05:00,2020,7,23,19,5,78,78068,A13,49.035055,1.461654,Plein jour,Hors agglomération,Hors intersection,Normale,Sans collision,1,3,5,0,1,1,1,0,3,130,1,4,0,0,2,2,,,,,1,1,1,1,7
202000002472,2020-07-24 14:32:00,2020,7,24,14,32,2B,2B314,D81,42.661421,9.27598,Plein jour,Hors agglomération,Hors intersection,Normale,Sans collision,3,2,2,0,1,2,1,0,1,80,1,2,0,0,1,1,19.0,,deux_roues,,1,1,1,1,7
202000002473,2020-07-24 18:20:00,2020,7,24,18,20,2A,2A041,T40,41.4031082,9.1588773,Plein jour,Hors agglomération,Hors intersection,Normale,Deux véhicules - côté,2,2,2,0,1,1,1,0,1,80,2,2,1,0,0,1,57.0,47.0,voiture,voiture,1,1,1,1,3
202000002474,2020-07-24 16:50:00,2020,7,24,16,50,84,84019,D243,44.308741,4.735386,Plein jour,Hors agglomération,Hors intersection,Normale,Sans collision,3,2,2,0,1,3,1,0,3,70,1,1,0,0,1,0,38.0,,deux_roues,,1,1,1,1,7
202000002475,2020-07-22 15:15:00,2020,7,22,15,15,05,05014,D942,44.268159,5.762887,Plein jour,Hors agglomération,Hors intersection,Normale,Autre collision,3,2,2,0,1,1,1,0,1,80,1,4,1,0,1,2,30.0,,voiture,,1,1,1,1,6
202000002476,2020-07-23 09:00:00,2020,7,23,9,0,13,13062,D8,43.418235,5.499172,Plein jour,Hors agglomération,Hors intersection,Normale,Trois véhicules et plus - collisions multiples,3,2,2,0,2,1,1,0,1,80,3,3,2,0,1,0,63.0,24.0,voiture,deux_roues,1,1,1,1,5
202000002477,2020-07-20 21:00:00,2020,7,20,21,0,67,67519,Rue du Chemin de Fer,48.67051,7.825238,Plein jour,Hors agglomération,Hors intersection,Normale,Deux véhicules - frontale,7,2,2,0,1,1,1,0,1,80,2,3,1,0,0,2,34.0,19.0,deux_roues,voiture,1,1,1,1,1
202000002478,2020-07-23 19:30:00,2020,7,23,19,30,67,67188,D1420,48.5303215,7.3810299,Plein jour,Hors agglomération,Giratoire,Normale,Deux véhicules - arrière,3,3,2,0,1,1,1,0,1,50,2,2,1,0,0,1,49.0,70.0,deux_roues,voiture,1,1,6,1,2