accident_id,datetime,annee,mois,jour,heure,minute,departement,commune_insee,adresse,latitude,longitude,luminosite,agglomeration,intersection,meteo,collision,catr,circ,nbv,vosp,prof,plan,surf,infra,situ,vma,nb_vehicules,nb_usagers,nb_indemnes,nb_tues,nb_blesses_hosp,nb_blesses_legers,age_cond_1,age_cond_2,veh_type_cond_1,veh_type_cond_2,lum_code,agg_code,int_code,atm_code,col_code
202000002754,2020-11-26 01:45:00,2020,11,26,1,45,14,14469,Route départementale n°90,48.905845,-0.016952,Nuit sans éclairage public,Hors agglomération,Hors intersection,Normale,Sans collision,3,2,2,0,1,1,1,0,1,80,1,2,0,0,0,2,25.0,,voiture,,3,1,1,1,7
202000002755,2020-11-30 17:35:00,2020,11,30,17,35,14,14047,Boulevard du 6 Juin,49.279103,-0.718768,Nuit avec éclairage allumé,En agglomération,Hors intersection,Temps couvert,Trois véhicules et plus - en chaîne,3,3,2,0,1,1,1,0,1,50,3,3,1,0,0,2,21.0,20.0,voiture,voiture,5,2,1,8,4
202000002756,2020-11-29 07:00:00,2020,11,29,7,0,29,29006,D44 - Route de Fouesnant,47.8777022,-4.0876252,Nuit avec éclairage allumé,En agglomération,Hors intersection,Normale,Autre collision,3,2,2,0,1,1,1,5,1,50,1,1,0,0,1,0,20.0,,voiture,,5,2,1,1,6
202000002757,2020-11-26 20:50:00,2020,11,26,20,50,22,22054,Rue de Clairville,48.629661,-2.432045,Nuit sans éclairage public,Hors agglomération,Hors intersection,Pluie légère,Sans collision,4,2,2,0,2,2,2,0,3,70,1,1,0,0,1,0,38.0,,voiture,,3,1,1,2,7
202000002758,2020-11-30 07:35:00,2020,11,30,7,35,60,60257,D923,49.256266,1.98947,Crépuscule ou aube,Hors agglomération,Hors intersection,Brouillard / fumée,Deux véhicules - frontale,3,2,2,0,1,2,1,0,1,80,2,2,1,0,0,1,30.0,25.0,voiture,voiture,2,1,1,5,1
202000002759,2020-11-29 12:00:00,2020,11,29,12,0,13,13055,A507 sens Aubagne- Marseille,43.28961,5.4247,Plein jour,Hors agglomération,Hors intersection,Normale,Deux véhicules - arrière,1,-1,4,0,1,1,1,1,1,70,2,2,1,0,0,1,25.0,25.0,voiture,voiture,1,1,1,1,2
202000002760,2020-11-27 19:15:00,2020,11,27,19,15,13,13071,A7-Sens Marseille vers Lyon,43.403392,5.344528,Nuit sans éclairage public,Hors agglomération,Hors intersection,Normale,Sans collision,1,1,1,0,2,1,1,0,1,90,1,1,0,0,0,1,45.0,,voiture,,3,1,1,1,7
202000002761,2020-11-27 18:15:00,2020,11,27,18,15,13,13106,A7-Sens Lyon vers Marseille,43.3878,5.3508,Nuit sans éclairage public,Hors agglomération,Hors intersection,Normale,Deux véhicules - côté,1,1,3,0,2,1,1,0,1,90,2,3,1,0,0,2,24.0,34.0,voiture,deux_roues,3,1,1,1,3
202000002762,2020-11-27 09:20:00,2020,11,27,9,20,13,13088,A55-Sens Martigues vers Marseille,43.38677,5.24186,Plein jour,Hors agglomération,Hors intersection,Normale,Deux véhicules - arrière,1,-1,2,0,1,1,1,0,1,90,2,2,0,0,0,2,29.0,37.0,utilitaire_camion,voiture,1,1,1,1,2
202000002763,2020-11-28 13:20:00,2020,11,28,13,20,69,69081,BPNL   34.000 A 34.614,45.77234,4.78962,Plein jour,Hors agglomération,Hors intersection,Normale,Deux véhicules - côté,7,3,6,0,1,3,1,3,1,70,2,2,1,0,0,1,21.0,34.0,voiture,voiture,1,1,1,1,3
202000002764,2020-11-29 21:50:00,2020,11,29,21,50,33,33065,ROUTE NATIONALE 230,44.81391,-0.52083,Nuit sans éclairage public,Hors agglomération,Hors intersection,Normale,Autre collision,2,3,6,0,1,1,1,0,1,90,1,1,0,0,0,1,63.0,,voiture,,3,1,1,1,6
202000002765,2020-11-27 23:06:00,2020,11,27,23,6,91,91161,AUTOROUTE A6,48.70321,2.3071,Nuit sans éclairage public,Hors agglomération,Hors intersection,Normale,Trois véhicules et plus - en chaîne,1,3,3,0,1,3,1,3,1,110,3,3,2,0,0,1,59.0,56.0,voiture,voiture,3,1,1,1,4
202000002766,2020-07-26 21:30:00,2020,7,26,21,30,67,67180,MARX (RUE),48.820301,7.800024,Nuit avec éclairage allumé,En agglomération,Hors intersection,Normale,Deux véhicules - frontale,4,1,1,1,1,1,1,0,1,50,2,2,1,0,1,0,17.0,19.0,deux_roues,voiture,5,2,1,1,1
202000002767,2020-11-27 19:30:00,2020,11,27,19,30,987,98735,PRINCE HINOI (AVENUE BLOC STATION TAUNOA,-17.53209,-149.55616,Nuit avec éclairage allumé,En agglomération,Intersection en X,Normale,Deux véhicules - côté,2,3,2,0,1,1,1,0,1,50,2,2,0,2,0,0,45.0,56.0,deux_roues,voiture,5,2,2,1,3
202000002768,2020-11-28 14:25:00,2020,11,28,14,25,974,97416,PRESBYTERE(RUE),-21.33504,55.47344,Plein jour,En agglomération,Intersection en T,Normale,Deux véhicules - côté,9,1,1,0,1,1,1,9,1,50,2,3,2,0,0,1,21.0,19.0,voiture,deux_roues,1,2,3,1,3
202000002769,2020-11-28 17:35:00,2020,11,28,17,35,974,97409,CAMBUSTON (rue de),-20.93204,55.64342,Plein jour,En agglomération,Intersection en T,Normale,Deux véhicules - côté,4,2,2,0,1,1,1,0,1,50,2,2,1,0,0,1,47.0,11.0,voiture,deux_roues,1,2,3,1,3
202000002770,2020-11-28 08:00:00,2020,11,28,8,0,974,97409,RN2 Sens Saint Benoit Saint Denis,-20.96018,55.65764,Plein jour,Hors agglomération,Autre intersection,Normale,Trois véhicules et plus - collisions multiples,2,1,3,0,1,1,1,9,6,110,3,5,1,0,0,4,20.0,44.0,voiture,voiture,1,1,9,1,5
202000002771,2020-11-28 19:30:00,2020,11,28,19,30,974,97407,VOIE DE LIAISON PORTUAIRE EST/ OUEST,-20.9301,55.30214,Nuit sans éclairage public,En agglomération,Hors intersection,Normale,Autre collision,4,2,2,0,1,1,1,0,1,50,1,2,1,0,1,0,35.0,,voiture,,3,2,1,1,6
202000002772,2020-11-28 18:15:00,2020,11,28,18,15,973,97302,MANDELA  (BOULEVARD),4.9378312,-52.3260999,Crépuscule ou aube,En agglomération,Hors intersection,Normale,Sans collision,3,2,1,0,1,1,1,0,1,50,1,2,0,0,0,2,21.0,,deux_roues,,2,2,1,1,7
202000002773,2020-11-28 11:00:00,2020,11,28,11,0,972,97213,AUTOROUTE A1,14.6183297,-61.0324001,Plein jour,Hors agglomération,Hors intersection,Normale,Deux véhicules - côté,1,1,3,0,1,1,1,0,1,90,2,2,1,0,0,1,35.0,45.0,deux_roues,voiture,1,1,1,1,3
202000002774,2020-11-27 22:10:00,2020,11,27,22,10,972,97209,BISHOP (Avenue Maurice),14.61317,-61.0524,Nuit avec éclairage allumé,En agglomération,Hors intersection,Normale,Autre collision,2,3,6,0,1,1,1,0,1,30,1,1,0,0,0,1,,,,,5,2,1,1,6
202000002775,2020-11-27 15:20:00,2020,11,27,15,20,69,69385,PAUL DUQUAIRE                       (PL),45.7626979,4.8806658,Plein jour,En agglomération,Hors intersection,Normale,Sans collision,4,1,0,0,1,1,1,0,1,50,1,1,0,0,0,1,51.0,,deux_roues,,1,2,1,1,7
202000002776,2020-11-28 00:50:00,2020,11,28,0,50,971,97101,DOTHEMARE,16.2673,-61.5175,Nuit avec éclairage allumé,Hors agglomération,Autre intersection,Normale,Autre collision,4,1,2,0,1,1,1,0,1,50,1,10,2,0,1,7,18.0,,voiture,,5,1,9,1,6
202000002777,2020-11-27 07:35:00,2020,11,27,7,35,971,97105,CHAMP D'ARBAUD (RUE DU),15.9941253,-61.7262876,Plein jour,En agglomération,Hors intersection,Normale,Autre collision,9,2,2,0,1,1,1,6,8,50,1,2,1,0,1,0,79.0,,voiture,,1,2,1,1,6
202000002778,2020-11-28 14:40:00,2020,11,28,14,40,91,91549,REGIMENT NORMANDIE-NIEMEN (AVENUE DU),48.6376,2.32856,Plein jour,En agglomération,Hors intersection,Temps éblouissant,Autre collision,3,2,1,0,1,1,1,0,6,50,1,2,1,0,0,1,69.0,,voiture,,1,2,1,7,6
202000002779,2020-11-28 11:45:00,2020,11,28,11,45,83,83137,FAVIERES (CHEMIN DES),43.151784,5.9683925,Plein jour,En agglomération,Hors intersection,Pluie légère,Trois véhicules et plus - collisions multiples,3,2,2,0,2,3,2,0,1,50,3,3,2,0,1,0,54.0,34.0,voiture,voiture,1,2,1,2,5
202000002780,2020-11-28 22:25:00,2020,11,28,22,25,81,81163,PONT DE CAVILLE,43.49347,2.37609,Nuit avec éclairage allumé,En agglomération,Autre intersection,Normale,Autre collision,3,1,1,0,1,1,1,0,1,50,1,1,0,0,0,1,27.0,,voiture,,5,2,9,1,6
202000002781,2020-11-28 08:55:00,2020,11,28,8,55,78,78481,Pont Georges Pompidou,48.897918,2.107094,Crépuscule ou aube,En agglomération,Hors intersection,Normale,Deux véhicules - côté,3,3,4,0,1,1,1,2,1,50,2,2,1,0,0,1,69.0,59.0,voiture,voiture,2,2,1,1,3
202000002782,2020-11-27 07:45:00,2020,11,27,7,45,71,71270,LUMIERE (RUE DES FRERES),46.2869588,4.8202444,Plein jour,En agglomération,Hors intersection,Normale,Deux véhicules - côté,4,2,2,0,1,1,1,0,1,50,2,2,1,0,0,1,16.0,22.0,deux_roues,voiture,1,2,1,1,3
202000002783,2020-11-28 18:35:00,2020,11,28,18,35,69,69115,LOUP (chemin du),45.9777633,4.7077216,Nuit avec éclairage allumé,En agglomération,Giratoire,Normale,Deux véhicules - arrière,3,-1,1,0,1,2,1,0,1,50,2,2,1,0,0,1,34.0,19.0,utilitaire_camion,deux_roues,5,2,6,1,2
202000002784,2020-11-28 17:48:00,2020,11,28,17,48,68,68056,19ème Dragon (rue),47.71316,7.33314,Nuit sans éclairage public,Hors agglomération,Hors intersection,Brouillard / fumée,Autre collision,3,2,2,0,2,2,2,0,1,70,1,4,0,0,3,1,20.0,,utilitaire_camion,,3,1,1,5,6
202000002785,2020-11-28 23:30:00,2020,11,28,23,30,64,64024,CHAMBRE D'AMOUR (AVENUE DE LA),43.4949444,-1.5319072,Nuit avec éclairage allumé,En agglomération,Hors intersection,Normale,Autre collision,4,2,2,0,2,1,1,0,1,30,1,2,0,0,0,2,20.0,,deux_roues,,5,2,1,1,6
202000002786,2020-11-28 11:28:00,2020,11,28,11,28,64,64102,RESPLANDY (AVENUE DU CAPITAINE),43.4854407,-1.4600827,Plein jour,En agglomération,Hors intersection,Normale,Deux véhicules - arrière,4,2,2,0,1,1,1,0,1,50,2,2,1,0,0,1,23.0,34.0,deux_roues,voiture,1,2,1,1,2
202000002787,2020-11-27 22:00:00,2020,11,27,22,0,60,60175,PASCAL (RUE BLAISE),49.25521,2.48675,Nuit avec éclairage allumé,En agglomération,Hors intersection,Normale,Autre collision,4,-1,2,0,1,1,1,9,4,30,1,3,0,1,1,1,31.0,,voiture,,5,2,1,1,6
202000002788,2020-11-26 15:15:00,2020,11,26,15,15,54,54431,CHAMPAGNE (AVENUE DE),48.91329,6.05686,Plein jour,En agglomération,Hors intersection,Normale,Deux véhicules - arrière,4,2,0,0,1,1,1,0,1,50,2,2,1,0,0,1,17.0,17.0,deux_roues,deux_roues,1,2,1,1,2
202000002789,2020-11-28 08:30:00,2020,11,28,8,30,54,54304,MOSELLE (RUE DE LA),48.69866,6.13247,Plein jour,En agglomération,Intersection en T,Brouillard / fumée,Deux véhicules - côté,4,2,3,0,1,1,1,0,1,50,2,1,0,0,0,1,28.0,,deux_roues,,1,2,3,5,3
202000002790,2020-11-28 10:50:00,2020,11,28,10,50,44,44162,RUE OCEANE,47.2248,-1.62597,Plein jour,En agglomération,Hors intersection,Temps éblouissant,Autre collision,6,-1,-1,0,1,1,2,0,1,30,1,2,1,0,1,0,38.0,,voiture,,1,2,1,7,6
202000002791,2020-11-28 10:27:00,2020,11,28,10,27,37,37233,JAURES (BOULEVARD JEAN),47.3920986,0.7255387,Plein jour,En agglomération,Giratoire,Normale,Autre collision,4,2,2,0,1,2,1,5,1,30,1,2,1,0,0,1,40.0,,voiture,,1,2,6,1,6
202000002792,2020-11-28 19:21:00,2020,11,28,19,21,35,35238,Loriettes (Rue des),48.08395,-1.67807,Nuit avec éclairage allumé,En agglomération,Hors intersection,Pluie légère,Sans collision,4,2,2,0,1,1,2,0,1,30,1,1,0,0,1,0,37.0,,deux_roues,,5,2,1,2,7
202000002793,2020-11-27 17:30:00,2020,11,27,17,30,25,25056,CHURCHILL BD WINSTON,47.24648,5.99794,Nuit avec éclairage allumé,En agglomération,Intersection en X,Normale,Deux véhicules - côté,4,3,4,1,2,1,1,5,1,50,2,2,1,0,0,1,18.0,38.0,deux_roues,voiture,5,2,2,1,3
202000002794,2020-11-28 18:50:00,2020,11,28,18,50,17,17142,N11,46.18181,-1.0877,Nuit sans éclairage public,Hors agglomération,Hors intersection,Normale,Sans collision,2,2,4,0,1,1,1,9,1,90,1,1,0,0,0,1,37.0,,voiture,,3,1,1,1,7
202000002795,2020-11-28 18:35:00,2020,11,28,18,35,15,15014,JORDANNE (RUE DE LA),44.91403,2.44244,Nuit avec éclairage allumé,En agglomération,Hors intersection,Normale,Deux véhicules - côté,6,-1,0,0,1,1,1,0,8,30,2,2,1,0,0,1,19.0,33.0,deux_roues,voiture,5,2,1,1,3
202000002796,2020-11-24 18:45:00,2020,11,24,18,45,14,14327,LION CD60 (ROUTE DE),49.2064,-0.3509,Nuit avec éclairage allumé,En agglomération,Hors intersection,Normale,Autre collision,3,2,4,0,1,1,1,0,1,50,1,2,1,0,1,0,32.0,,voiture,,5,2,1,1,6
202000002797,2020-11-28 17:40:00,2020,11,28,17,40,13,13208,RABATAU (BOULEVARD),43.2733231,5.392718,Nuit avec éclairage allumé,En agglomération,Hors intersection,Normale,Deux véhicules - côté,4,2,2,0,1,1,1,0,1,50,2,2,1,0,0,1,20.0,40.0,voiture,deux_roues,5,2,1,1,3
202000002798,2020-11-28 06:10:00,2020,11,28,6,10,13,13214,LAVOISIER (BOULEVARD),43.33839,5.36737,Nuit avec éclairage allumé,En agglomération,Hors intersection,Normale,Deux véhicules - côté,4,3,2,0,2,1,1,0,4,50,2,1,0,1,0,0,30.0,,voiture,,5,2,1,1,3
202000002799,2020-11-25 17:55:00,2020,11,25,17,55,13,13001,BELLEC MAURICE (RTE DU COLONEL),43.5768957,5.4103899,Nuit avec éclairage allumé,En agglomération,Intersection en X,Normale,Deux véhicules - côté,3,2,2,0,1,1,1,5,1,50,2,5,0,0,0,5,18.0,73.0,voiture,voiture,5,2,2,1,3
202000002800,2020-11-28 01:46:00,2020,11,28,1,46,06,06088,PAPE JEAN XXIII (BD),43.714745,7.294716,Nuit avec éclairage allumé,En agglomération,Hors intersection,Normale,Trois véhicules et plus - collisions multiples,7,2,2,0,1,1,2,0,1,30,5,5,4,0,0,1,29.0,31.0,voiture,voiture,5,2,1,1,5
202000002801,2020-11-28 17:35:00,2020,11,28,17,35,06,06123,BORD DE MER RN 98,43.658,7.1853,Crépuscule ou aube,En agglomération,Hors intersection,Normale,Sans collision,4,1,4,0,1,1,1,0,1,70,1,2,1,0,1,0,72.0,,voiture,,2,2,1,1,7
202000002802,2020-11-28 12:05:00,2020,11,28,12,5,75,75105,RUE GEOFFROY SAINT HILAIRE,48.839989,2.356407,Plein jour,En agglomération,Place,Normale,Autre collision,4,2,2,0,1,1,1,0,1,30,1,2,1,0,0,1,17.0,,deux_roues,,1,2,7,1,6
202000002803,2020-11-28 23:15:00,2020,11,28,23,15,75,75120,PLACE GAMBETTA,48.864884,2.398823,Nuit avec éclairage allumé,En agglomération,Place,Normale,Autre collision,4,2,2,0,1,4,1,0,1,50,1,2,1,0,0,1,24.0,,voiture,,5,2,7,1,6
202000002804,2020-11-27 14:20:00,2020,11,27,14,20,75,75120,RUE DES PYRENEES,48.867538,2.396397,Plein jour,En agglomération,Intersection en T,Normale,Deux véhicules - côté,4,2,3,0,2,1,1,0,1,50,2,2,0,0,0,2,39.0,39.0,deux_roues,deux_roues,1,2,3,1,3
202000002805,2020-11-28 12:05:00,2020,11,28,12,5,75,75118,AVENUE DE LA PORTE D AUBERVILLIERS,48.899841,2.370251,Plein jour,En agglomération,Intersection en T,Normale,,4,-1,4,0,1,1,1,0,1,50,2,3,2,0,0,1,28.0,34.0,voiture,deux_roues,1,2,3,1,-1
202000002806,2020-11-28 14:50:00,2020,11,28,14,50,75,75116,VOIE GEORGES POMPIDOU,48.853611,2.282747,Plein jour,En agglomération,Hors intersection,Normale,Deux véhicules - arrière,4,-1,1,0,1,1,1,0,1,50,2,2,1,0,0,1,40.0,49.0,voiture,deux_roues,1,2,1,1,2
202000002807,2020-11-28 20:50:00,2020,11,28,20,50,75,75113,BOULEVARD DE L HOPITAL,48.831942,2.355758,Nuit avec éclairage allumé,En agglomération,Place,Normale,Deux véhicules - arrière,4,2,4,0,2,1,1,0,1,50,2,3,2,0,0,1,28.0,62.0,voiture,deux_roues,5,2,7,1,2
202000002808,2020-11-28 13:55:00,2020,11,28,13,55,75,75112,ROUTE DE LA FERME,48.823811,2.457696,Plein jour,En agglomération,Intersection en X,Normale,Autre collision,4,2,2,0,1,1,1,0,1,50,1,2,1,0,0,1,68.0,,voiture,,1,2,2,1,6
202000002809,2020-11-28 18:15:00,2020,11,28,18,15,75,75111,AVENUE PHILIPPE AUGUSTE,48.850053,2.394874,Crépuscule ou aube,En agglomération,Hors intersection,Normale,Trois véhicules et plus - en chaîne,4,2,2,0,1,1,1,0,1,50,3,5,4,0,0,1,45.0,26.0,voiture,voiture,2,2,1,1,4
202000002810,2020-11-28 22:05:00,2020,11,28,22,5,75,75110,RUE DU FAUBOURG SAINT MARTIN,48.878939,2.362363,Nuit avec éclairage allumé,En agglomération,Intersection en Y,Normale,Deux véhicules - côté,4,2,2,0,1,1,1,0,1,50,2,3,0,0,1,2,17.0,30.0,deux_roues,deux_roues,5,2,4,1,3
202000002811,2020-11-28 15:50:00,2020,11,28,15,50,94,94081,Rue Ansèlme Rondenay,48.77973,2.39989,Plein jour,En agglomération,Autre intersection,Normale,Deux véhicules - côté,4,2,2,0,2,1,1,0,1,50,2,1,0,0,0,1,14.0,,deux_roues,,1,2,9,1,3
202000002812,2020-11-28 16:00:00,2020,11,28,16,0,94,94052,Boulevard de Strasbourg,48.845107,2.4889532,Plein jour,En agglomération,Hors intersection,Normale,Autre collision,3,2,2,0,2,1,1,0,1,50,1,2,1,0,0,1,41.0,,voiture,,1,2,1,1,6
202000002813,2020-11-28 17:15:00,2020,11,28,17,15,94,94073,Rue du Bas Marin,48.75435,2.38624,Crépuscule ou aube,En agglomération,Intersection en T,Normale,Deux véhicules - côté,3,2,4,0,1,1,1,5,1,50,2,3,2,0,0,1,18.0,32.0,voiture,voiture,2,2,3,1,3
202000002814,2020-11-28 00:44:00,2020,11,28,0,44,94,94018,MARECHAL DE LATTRE DE TASSIGNY (AV DU),48.818593,2.419635,Nuit avec éclairage allumé,En agglomération,Hors intersection,Normale,Deux véhicules - arrière,3,1,1,0,4,1,1,9,8,30,2,1,0,0,0,1,52.0,,deux_roues,,5,2,1,1,2
202000002815,2020-11-28 13:20:00,2020,11,28,13,20,94,94004,GENERAL LECLERC (AV),48.749483,2.508445,Plein jour,En agglomération,Hors intersection,Normale,Deux véhicules - côté,2,2,4,0,1,1,1,0,1,50,2,2,1,0,0,1,61.0,25.0,voiture,voiture,1,2,1,1,3
202000002816,2020-11-28 18:40:00,2020,11,28,18,40,93,93078,CLEMENCEAU (AVENUE GEORGES),48.9603937,2.5564259,Nuit avec éclairage allumé,En agglomération,Hors intersection,Normale,Deux véhicules - arrière,3,-1,1,0,1,1,1,0,1,50,2,1,0,0,0,1,18.0,,voiture,,5,2,1,1,2
202000002817,2020-11-28 15:10:00,2020,11,28,15,10,93,93078,BD ROBERT BALLANGER,48.95649,2.54202,Plein jour,En agglomération,Hors intersection,Normale,Trois véhicules et plus - en chaîne,3,3,2,0,1,1,1,0,1,50,3,3,2,0,0,1,21.0,39.0,voiture,voiture,1,2,1,1,4
202000002818,2020-11-28 14:26:00,2020,11,28,14,26,93,93051,MEDERIC (AVENUE),48.83025,2.58489,Plein jour,En agglomération,Intersection en X,Normale,Deux véhicules - côté,3,2,2,0,1,1,1,0,1,50,2,4,2,0,0,2,38.0,36.0,voiture,voiture,1,2,2,1,3
202000002819,2020-11-27 23:40:00,2020,11,27,23,40,93,93051,PIERRE BROSSOLETTE,48.84699,2.54025,Nuit avec éclairage allumé,En agglomération,Intersection en T,Normale,Deux véhicules - frontale,3,1,3,0,2,1,1,6,1,50,2,3,2,0,0,1,33.0,37.0,deux_roues,deux_roues,5,2,3,1,1
202000002820,2020-11-27 11:15:00,2020,11,27,11,15,93,93061,JAURES AVENUE JEAN,48.8858032,2.4074064,Plein jour,En agglomération,Intersection en X,Normale,Deux véhicules - frontale,4,2,1,0,1,1,1,0,1,50,2,2,1,0,1,0,69.0,64.0,voiture,deux_roues,1,2,2,1,1
202000002821,2020-11-27 17:35:00,2020,11,27,17,35,92,92073,WASHINGTON (BOULEVARD),48.8773719,2.2164352,Nuit sans éclairage public,En agglomération,Intersection en T,Normale,Deux véhicules - frontale,3,-1,0,0,1,2,1,0,1,50,2,2,1,0,0,1,53.0,59.0,autre,deux_roues,3,2,3,1,1
202000002822,2020-11-28 11:40:00,2020,11,28,11,40,92,92064,DAILLY,48.84182,2.22134,Plein jour,En agglomération,Hors intersection,Normale,Deux véhicules - arrière,3,2,5,0,4,1,1,0,1,50,2,2,1,0,0,1,51.0,47.0,voiture,deux_roues,1,2,1,1,2
202000002823,2020-11-28 13:07:00,2020,11,28,13,7,92,92035,Léon Maurice Nordmann ( rue ),48.9044343,2.2404083,Plein jour,En agglomération,Intersection en T,Normale,Deux véhicules - arrière,3,2,2,0,1,1,1,0,1,50,2,2,1,0,0,1,43.0,42.0,deux_roues,voiture,1,2,3,1,2
202000002824,2020-11-28 15:54:00,2020,11,28,15,54,92,92023,RENE SAMUEL (AVENUE),48.80039,2.26155,Plein jour,En agglomération,Hors intersection,Normale,Autre collision,4,1,1,1,1,1,1,0,1,30,1,2,1,0,0,1,39.0,,voiture,,1,2,1,1,6
202000002825,2020-11-28 00:25:00,2020,11,28,0,25,92,92004,GRESILLONS ( AVENUE DES  ),48.9196595,2.3137385,Nuit avec éclairage allumé,En agglomération,Hors intersection,Normale,Deux véhicules - arrière,3,2,2,0,1,1,1,0,1,50,2,2,1,0,0,1,41.0,36.0,deux_roues,voiture,5,2,1,1,2
202000002826,2020-11-28 16:30:00,2020,11,28,16,30,06,06149,Boulevard de l'Oli,43.733387,7.30689,Plein jour,En agglomération,Hors intersection,Normale,Deux véhicules - frontale,4,2,2,0,1,1,1,0,1,50,2,2,1,0,1,0,63.0,32.0,voiture,deux_roues,1,2,1,1,1
202000002827,2020-11-29 14:30:00,2020,11,29,14,30,974,97412,204 bis Rue Albert Lougnon,-21.362603,55.620829,Plein jour,En agglomération,Hors intersection,Normale,Sans collision,4,2,2,0,2,3,1,0,4,50,1,1,0,0,1,0,19.0,,deux_roues,,1,2,1,1,7
202000002828,2020-11-28 19:20:00,2020,11,28,19,20,01,01075,Rte Rd 28,46.012716,4.789546,Nuit sans éclairage public,Hors agglomération,Hors intersection,Normale,Deux véhicules - frontale,3,2,2,0,1,1,2,0,1,80,2,3,2,0,0,1,42.0,31.0,voiture,utilitaire_camion,3,1,1,1,1
202000002829,2020-11-28 09:19:00,2020,11,28,9,19,57,57089,RUE DES TILLEULS,49.041959,7.439393,Nuit avec éclairage allumé,En agglomération,Hors intersection,Normale,Deux véhicules - frontale,4,2,2,0,1,1,1,0,1,50,2,2,1,0,0,1,58.0,68.0,voiture,voiture,5,2,1,1,1
202000002830,2020-11-28 17:13:00,2020,11,28,17,13,56,56200,Bodel,47.842292,-2.300313,Plein jour,Hors agglomération,Hors intersection,Normale,Autre collision,3,2,2,0,1,2,1,0,3,80,1,3,0,0,0,3,19.0,,utilitaire_camion,,1,1,1,1,6
202000002831,2020-11-28 10:51:00,2020,11,28,10,51,56,56036,Kerbéban (Arrêt de bus),47.798274,-3.348759,Plein jour,En agglomération,Intersection en T,Normale,Deux véhicules - côté,4,2,2,0,1,1,1,0,1,50,2,2,1,0,1,0,67.0,31.0,voiture,deux_roues,1,2,3,1,3
202000002832,2020-11-25 07:45:00,2020,11,25,7,45,79,79066,Route de Saint Maixent l'Ecole,46.482906,-0.397294,Crépuscule ou aube,En agglomération,Intersection en X,Normale,Deux véhicules - côté,3,2,2,0,1,1,1,0,1,50,2,2,1,0,0,1,22.0,48.0,voiture,deux_roues,2,2,2,1,3
202000002833,2020-11-29 16:20:00,2020,11,29,16,20,65,65322,chemin de la mairie,43.0647142,0.410496,Plein jour,Hors agglomération,Hors intersection,Normale,Sans collision,5,-1,0,0,2,4,6,0,8,-1,1,2,1,0,1,0,48.0,,deux_roues,,1,1,1,1,7
202000002834,2020-11-28 20:30:00,2020,11,28,20,30,49,49331,Rue Principale (Châtelais),47.758073,-0.926104,Nuit avec éclairage allumé,En agglomération,Hors intersection,Normale,Autre collision,3,2,2,0,2,2,1,0,3,50,1,3,0,0,2,1,22.0,,voiture,,5,2,1,1,6
202000002835,2020-11-28 19:00:00,2020,11,28,19,0,12,12002,D809 ,44.133065,3.099174,Nuit sans éclairage public,Hors agglomération,Hors intersection,Normale,Deux véhicules - arrière,3,3,4,0,1,1,1,0,1,110,2,3,1,0,1,1,16.0,73.0,deux_roues,voiture,3,1,1,1,2
202000002836,2020-11-29 15:15:00,2020,11,29,15,15,12,12133,La Brienne (Buse),44.31737,2.549665,Crépuscule ou aube,Hors agglomération,Hors intersection,Normale,Sans collision,4,2,2,0,2,4,1,0,8,80,1,1,0,0,1,0,75.0,,deux_roues,,2,1,1,1,7
202000002837,2020-11-28 10:00:00,2020,11,28,10,0,44,44072,"RD 774, Duret",47.467398,-2.309489,Plein jour,Hors agglomération,Hors intersection,Normale,Trois véhicules et plus - collisions multiples,3,2,2,0,1,1,2,0,1,80,3,3,1,0,1,1,31.0,18.0,utilitaire_camion,voiture,1,1,1,1,5
202000002838,2020-11-29 00:30:00,2020,11,29,0,30,44,44157,D 13,46.95905,-1.750174,Nuit sans éclairage public,Hors agglomération,Hors intersection,Normale,Deux véhicules - côté,3,2,2,0,1,1,1,0,1,80,2,2,0,2,0,0,25.0,49.0,voiture,voiture,3,1,1,1,3
202000002839,2020-11-29 10:50:00,2020,11,29,10,50,72,72062,Rue de la Ferté Bernard,48.220291,0.593584,Crépuscule ou aube,En agglomération,Autre intersection,Normale,Deux véhicules - côté,3,2,2,0,1,1,1,0,1,30,2,2,1,0,0,1,72.0,60.0,voiture,deux_roues,2,2,9,1,3
202000002840,2020-11-28 19:40:00,2020,11,28,19,40,43,43211,RN88,45.22771,4.136138,Nuit sans éclairage public,Hors agglomération,Hors intersection,Normale,Deux véhicules - arrière,2,3,4,0,1,1,1,0,1,-1,2,2,1,0,0,1,34.0,48.0,voiture,voiture,3,1,1,1,2
202000002841,2020-11-28 15:20:00,2020,11,28,15,20,07,07339,Chauliac,44.66842,4.45523,Plein jour,Hors agglomération,Hors intersection,Normale,Autre collision,3,2,2,0,2,3,1,0,3,70,1,4,0,0,1,3,21.0,,voiture,,1,1,1,1,6
202000002842,2020-11-28 20:50:00,2020,11,28,20,50,85,85171,"rue de chauray, D50",46.505718,-1.236852,Nuit sans éclairage public,Hors agglomération,Hors intersection,Normale,Sans collision,3,2,2,0,1,1,1,0,3,80,1,1,0,0,0,1,31.0,,voiture,,3,1,1,1,7