accident_id,datetime,annee,mois,jour,heure,minute,departement,commune_insee,adresse,latitude,longitude,luminosite,agglomeration,intersection,meteo,collision,catr,circ,nbv,vosp,prof,plan,surf,infra,situ,vma,nb_vehicules,nb_usagers,nb_indemnes,nb_tues,nb_blesses_hosp,nb_blesses_legers,age_cond_1,age_cond_2,veh_type_cond_1,veh_type_cond_2,lum_code,agg_code,int_code,atm_code,col_code
202000002843,2020-11-28 16:35:00,2020,11,28,16,35,37,37136,Le Petit Bray,47.1479303,0.7849588,Plein jour,Hors agglomération,Intersection en X,Normale,Sans collision,3,2,2,0,1,2,1,0,1,50,1,1,0,0,1,0,65.0,,deux_roues,,1,1,2,1,7
202000002844,2020-11-28 09:55:00,2020,11,28,9,55,88,88116,Rue de la 3e Dia,47.962126,6.837283,Plein jour,En agglomération,Intersection en Y,Normale,Autre collision,3,2,2,0,1,2,2,0,1,50,1,2,1,1,0,0,68.0,,voiture,,1,2,4,1,6
202000002845,2020-11-29 09:45:00,2020,11,29,9,45,31,31022,A62,43.660933,1.424671,Plein jour,Hors agglomération,Hors intersection,Normale,Sans collision,1,2,3,0,1,1,1,0,1,110,1,1,0,0,1,0,31.0,,deux_roues,,1,1,1,1,7
202000002846,2020-11-30 03:15:00,2020,11,30,3,15,988,98809,Place de l'Eglise,-22.668947,167.488836,Nuit avec éclairage allumé,En agglomération,Intersection en T,Normale,Sans collision,4,2,2,0,1,2,1,9,1,30,1,2,1,0,1,0,19.0,,utilitaire_camion,,5,2,3,1,7
202000002847,2020-11-29 15:59:00,2020,11,29,15,59,974,97417,Takamaka,-21.334033,55.801669,Plein jour,En agglomération,Hors intersection,Normale,Trois véhicules et plus - collisions multiples,2,2,2,0,1,1,1,0,1,50,4,5,3,2,0,0,72.0,45.0,voiture,deux_roues,1,2,1,1,5
202000002848,2020-11-28 17:00:00,2020,11,28,17,0,974,97424,RN5,-21.165954,55.46944,Plein jour,Hors agglomération,Hors intersection,Normale,Autre collision,2,2,2,0,2,3,1,0,3,80,1,1,0,0,1,0,22.0,,deux_roues,,1,1,1,1,6
202000002849,2020-11-29 01:00:00,2020,11,29,1,0,971,97122,Lieu Dit Goguette,16.451476,-61.516114,Nuit sans éclairage public,Hors agglomération,Hors intersection,Pluie forte,Autre collision,2,2,2,0,3,2,2,0,3,80,1,1,0,1,0,0,65.0,,voiture,,3,1,1,3,6
202000002850,2020-11-28 21:35:00,2020,11,28,21,35,91,91273,Départementale 1 PK 09+785,48.367902,2.356683,Nuit sans éclairage public,Hors agglomération,Hors intersection,Normale,Deux véhicules - côté,3,2,2,0,1,1,1,0,1,70,2,2,0,0,1,1,19.0,46.0,voiture,voiture,3,1,1,1,3
202000002851,2020-11-28 14:35:00,2020,11,28,14,35,01,01262,Cours de la Portelle,45.852175,5.059456,Plein jour,En agglomération,Hors intersection,Normale,Deux véhicules - côté,6,-1,-1,0,1,1,1,0,1,-1,2,3,2,0,0,1,16.0,64.0,deux_roues,voiture,1,2,1,1,3
202000002852,2020-11-29 00:10:00,2020,11,29,0,10,69,69204,17 Chemin de la Mouche,45.692703,4.810815,Nuit avec éclairage allumé,En agglomération,Hors intersection,Normale,Deux véhicules - frontale,4,2,2,1,1,3,1,0,1,50,2,4,0,0,1,3,34.0,18.0,voiture,voiture,5,2,1,1,1
202000002853,2020-11-29 12:00:00,2020,11,29,12,0,69,69143,Rue Victor Hugo,45.877196,4.839944,Plein jour,En agglomération,Hors intersection,Normale,Autre collision,4,1,1,0,1,1,1,0,1,50,1,2,1,0,0,1,31.0,,voiture,,1,2,1,1,6
202000002854,2020-11-28 21:15:00,2020,11,28,21,15,81,81093,Route de Marssac,43.884284,2.037857,Nuit sans éclairage public,Hors agglomération,Hors intersection,Normale,Autre collision,3,2,2,0,1,2,1,0,3,80,1,1,0,0,1,0,39.0,,utilitaire_camion,,3,1,1,1,6
202000002855,2020-11-29 11:50:00,2020,11,29,11,50,85,85178,cd763,46.75452,-1.430781,Plein jour,Hors agglomération,Hors intersection,Temps éblouissant,Autre collision,3,1,4,0,2,2,1,2,1,110,1,2,0,2,0,0,23.0,,voiture,,1,1,1,7,6
202000002856,2020-11-28 15:35:00,2020,11,28,15,35,22,22225,Pont Caffin,48.534916,-3.162887,Plein jour,Hors agglomération,Hors intersection,Normale,Sans collision,3,2,2,0,2,2,8,0,3,50,1,2,1,0,0,1,22.0,,deux_roues,,1,1,1,1,7
202000002857,2020-11-29 17:40:00,2020,11,29,17,40,76,76684,D982,49.483489,0.443498,Nuit sans éclairage public,Hors agglomération,Giratoire,Brouillard / fumée,Sans collision,3,1,1,0,1,2,2,5,1,50,1,2,1,0,1,0,41.0,,deux_roues,,3,1,6,5,7
202000002858,2020-11-28 21:15:00,2020,11,28,21,15,59,59275,D90,50.588056,3.228469,Nuit sans éclairage public,Hors agglomération,Hors intersection,Normale,Autre collision,7,2,2,2,1,3,1,0,3,80,1,1,0,1,0,0,54.0,,deux_roues,,3,1,1,1,6
202000002859,2020-11-27 14:30:00,2020,11,27,14,30,13,13210,A50-Sens Marseille vers Aubagne,43.28494,5.4185,Plein jour,Hors agglomération,Hors intersection,Normale,Deux véhicules - côté,1,-1,3,0,1,1,1,0,1,90,2,2,1,0,0,1,20.0,65.0,voiture,voiture,1,1,1,1,3
202000002860,2020-11-28 20:45:00,2020,11,28,20,45,95,95572,A15,49.0253372,2.1317321,Nuit sans éclairage public,Hors agglomération,Hors intersection,Normale,Deux véhicules - arrière,1,3,6,0,1,1,1,0,1,110,2,2,1,0,0,1,27.0,39.0,deux_roues,voiture,3,1,1,1,2
202000002861,2020-11-28 00:35:00,2020,11,28,0,35,92,92078,AUTOROUTE A86,48.9277796,2.3326267,Nuit sans éclairage public,Hors agglomération,Hors intersection,Normale,Deux véhicules - côté,1,3,6,0,1,1,1,0,3,90,2,3,1,0,0,2,23.0,38.0,voiture,voiture,3,1,1,1,3
202000002862,2020-11-27 15:40:00,2020,11,27,15,40,93,93066,AUTOROUTE A1,48.93008,2.3649,Plein jour,Hors agglomération,Hors intersection,Normale,Autre collision,1,3,10,0,1,1,1,0,1,90,1,1,0,0,0,1,19.0,,voiture,,1,1,1,1,6
202000002863,2020-06-30 23:30:00,2020,6,30,23,30,14,14333,REPUBLIQUE (RUE DE LA),49.418,0.232,Nuit avec éclairage allumé,En agglomération,Intersection en T,Normale,Sans collision,4,2,2,0,1,1,1,0,1,30,1,2,1,0,1,0,25.0,,voiture,,5,2,3,1,7
202000002864,2020-05-06 17:25:00,2020,5,6,17,25,14,14333,MONTS (LES),49.40451,0.2315,Plein jour,Hors agglomération,Intersection en T,Normale,Deux véhicules - frontale,4,2,2,0,1,3,1,0,1,50,2,2,1,0,0,1,6.0,23.0,deux_roues,voiture,1,1,3,1,1
202000002865,2020-02-01 12:20:00,2020,2,1,12,20,14,14333,RENOUF (RUE EMILE),49.413437,0.245106,Plein jour,En agglomération,Hors intersection,Temps couvert,Deux véhicules - côté,3,2,2,0,1,1,2,0,1,30,2,5,4,0,0,1,21.0,16.0,voiture,deux_roues,1,2,1,8,3
202000002866,2020-03-08 13:30:00,2020,3,8,13,30,94,94078,PARIS (R DE),48.73115,2.44687,Plein jour,En agglomération,Hors intersection,Normale,Autre collision,2,1,4,0,1,1,1,6,1,50,1,2,1,0,1,0,44.0,,voiture,,1,2,1,1,6
202000002867,2020-03-07 23:45:00,2020,3,7,23,45,94,94078,HUIT MAI 1945 (AV DU),48.73014,2.44621,Nuit avec éclairage allumé,En agglomération,Hors intersection,Normale,Deux véhicules - côté,2,1,2,0,1,1,1,0,1,50,2,2,1,0,0,1,25.0,,deux_roues,,5,2,1,1,3
202000002868,2020-11-27 07:30:00,2020,11,27,7,30,974,97411,GUICHARD (RUE ROGER),-20.90594,55.47944,Plein jour,En agglomération,Hors intersection,Normale,Autre collision,4,2,1,0,1,1,1,0,1,50,1,2,1,0,0,1,21.0,,voiture,,1,2,1,1,6
202000002869,2020-11-27 18:45:00,2020,11,27,18,45,974,97407,VERGES(AVENUE),-20.93956,55.30181,Crépuscule ou aube,En agglomération,Hors intersection,Normale,Autre collision,4,1,1,0,1,1,1,0,1,50,1,2,0,0,0,2,51.0,,deux_roues,,2,2,1,1,6
202000002870,2020-11-27 12:00:00,2020,11,27,12,0,973,97302,REPUBLIQUE (BD DE LA),4.9383656,-52.321744,Plein jour,En agglomération,Hors intersection,Normale,Deux véhicules - frontale,4,2,2,0,1,1,1,0,1,50,2,2,1,0,0,1,18.0,46.0,deux_roues,voiture,1,2,1,1,1
202000002871,2020-11-27 16:50:00,2020,11,27,16,50,69,69383,PROFESSEUR PAUL SISLEY (DU)         (R ),45.7512292,4.8685852,Crépuscule ou aube,En agglomération,Hors intersection,Normale,Autre collision,4,1,1,0,1,1,1,0,1,50,1,1,0,0,0,1,,,,,2,2,1,1,6
202000002872,2020-11-27 11:35:00,2020,11,27,11,35,69,69383,LACASSAGNE                          (AV),45.7512144,4.8728685,Plein jour,En agglomération,Hors intersection,Normale,Deux véhicules - arrière,4,2,3,0,1,1,1,0,1,50,2,2,1,0,0,1,21.0,52.0,autre,autre,1,2,1,1,2
202000002873,2020-11-24 20:15:00,2020,11,24,20,15,69,69149,EMILE ZOLA                          (BD),45.71984,4.79909,Nuit avec éclairage allumé,En agglomération,Hors intersection,Normale,Autre collision,3,2,2,0,1,1,1,0,1,50,1,2,1,0,0,1,42.0,,voiture,,5,2,1,1,6
202000002874,2020-11-27 17:27:00,2020,11,27,17,27,2A,2A004,VAZZIO CITE EDF,41.92997,8.78298,Nuit sans éclairage public,En agglomération,Hors intersection,Normale,Autre collision,3,2,2,0,1,1,1,0,1,50,1,1,0,0,0,1,,,,,3,2,1,1,6
202000002875,2020-05-20 07:55:00,2020,5,20,7,55,75,75115,RUE BRANCION,48.834005,2.304551,Plein jour,En agglomération,Hors intersection,Normale,Sans collision,4,1,1,1,2,1,1,0,1,30,1,1,0,0,0,1,36.0,,deux_roues,,1,2,1,1,7
202000002876,2020-05-20 14:57:00,2020,5,20,14,57,75,75113,BOULEVARD SAINT MARCEL,48.837977,2.355947,Plein jour,En agglomération,Intersection en T,Normale,Deux véhicules - côté,4,4,4,3,1,1,1,5,1,50,2,2,1,0,1,0,39.0,36.0,voiture,deux_roues,1,2,3,1,3
202000002877,2020-05-20 12:24:00,2020,5,20,12,24,75,75113,AVENUE D ITALIE,48.823806,2.357998,Plein jour,En agglomération,Hors intersection,Normale,Autre collision,4,2,6,0,1,1,1,0,1,50,1,1,0,0,0,1,27.0,,deux_roues,,1,2,1,1,6
202000002878,2020-05-20 07:20:00,2020,5,20,7,20,75,75112,BOULEVARD DE REUILLY,48.838992,2.389236,Plein jour,En agglomération,Intersection en X,Normale,Deux véhicules - côté,4,2,3,1,1,1,1,-1,5,50,2,2,1,0,0,1,28.0,53.0,voiture,deux_roues,1,2,2,1,3
202000002879,2020-05-20 19:45:00,2020,5,20,19,45,75,75110,BOULEVARD DE STRASBOURG,48.875338,2.357725,Plein jour,En agglomération,Hors intersection,Normale,Autre collision,4,2,5,1,2,1,1,0,1,50,1,1,0,0,0,1,,,,,1,2,1,1,6
202000002880,2020-05-20 14:00:00,2020,5,20,14,0,75,75110,PLACE DE LA BATAILLE DE STALINGRAD,48.883861,2.368584,Plein jour,En agglomération,Intersection en X,Normale,Deux véhicules - côté,4,-1,2,0,1,1,1,5,1,50,2,2,1,0,0,1,55.0,34.0,deux_roues,deux_roues,1,2,2,1,3
202000002881,2020-05-18 11:49:00,2020,5,18,11,49,75,75108,AVENUE DES CHAMPS ELYSEES,48.867743,2.31398,Plein jour,En agglomération,Intersection en X,Normale,Deux véhicules - arrière,4,2,4,0,1,1,1,0,1,50,2,2,1,0,0,1,44.0,45.0,deux_roues,voiture,1,2,2,1,2
202000002882,2020-05-20 09:00:00,2020,5,20,9,0,75,75109,BOULEVARD HAUSSMANN,48.871975,2.340043,Plein jour,En agglomération,Intersection à plus de 4 branches,Normale,Deux véhicules - côté,4,1,2,0,1,2,1,0,1,30,2,2,1,0,0,1,64.0,33.0,deux_roues,voiture,1,2,5,1,3
202000002883,2020-05-20 18:10:00,2020,5,20,18,10,75,75102,BOULEVARD DE SEBASTOPOL,48.867032,2.35297,Plein jour,En agglomération,Intersection en T,Normale,Deux véhicules - côté,4,1,4,0,1,1,1,0,1,50,2,3,2,0,0,1,34.0,32.0,deux_roues,voiture,1,2,3,1,3
202000002884,2020-05-19 16:10:00,2020,5,19,16,10,94,94028,MAURIAC.(RUE FRANCOIS),48.7855674,2.4534226,Plein jour,En agglomération,Autre intersection,Normale,Deux véhicules - arrière,4,2,4,0,1,3,1,0,1,50,2,3,2,0,0,1,29.0,18.0,voiture,voiture,1,2,9,1,2
202000002885,2020-05-19 15:45:00,2020,5,19,15,45,94,94079,GENERAL DE GAULLE (R DU),48.827216,2.546237,Plein jour,En agglomération,Hors intersection,Normale,Deux véhicules - frontale,3,2,2,0,1,1,1,0,1,50,2,2,1,0,0,1,45.0,60.0,deux_roues,voiture,1,2,1,1,1
202000002886,2020-05-19 21:45:00,2020,5,19,21,45,94,94002,BLANQUI (QU),48.80002,2.41796,Nuit avec éclairage allumé,En agglomération,Hors intersection,Normale,Deux véhicules - côté,3,3,2,0,1,1,1,0,1,50,2,2,1,0,0,1,36.0,25.0,deux_roues,voiture,5,2,1,1,3
202000002887,2020-05-19 07:06:00,2020,5,19,7,6,93,93073,rue de new york/ rue des acacias,49.0119791,2.5754488,Plein jour,En agglomération,Intersection en X,Normale,Trois véhicules et plus - collisions multiples,7,3,5,0,1,1,1,0,1,50,3,3,1,0,1,1,24.0,47.0,voiture,deux_roues,1,2,2,1,5
202000002888,2020-05-20 17:15:00,2020,5,20,17,15,93,93066,LIBERATION RD14 (BOULEVARD),48.9283775,2.3411927,Plein jour,En agglomération,Hors intersection,Normale,Deux véhicules - arrière,3,2,4,0,1,1,1,0,1,50,2,5,3,0,0,2,36.0,34.0,voiture,voiture,1,2,1,1,2
202000002889,2020-05-19 19:50:00,2020,5,19,19,50,93,93064,PERI (BOULEVARD GABRIEL) 39 / 44 - FIN,48.8785164,2.4728885,Plein jour,En agglomération,Hors intersection,Normale,Deux véhicules - arrière,3,2,2,0,2,1,1,0,1,50,2,3,1,0,0,2,28.0,21.0,voiture,deux_roues,1,2,1,1,2
202000002890,2020-05-20 19:17:00,2020,5,20,19,17,93,93046,AV JEAN JAURES / AV MONTESQUIEU,48.922579,2.524321,Plein jour,En agglomération,Intersection à plus de 4 branches,Normale,Deux véhicules - frontale,3,3,4,0,1,1,1,5,1,50,2,2,1,0,0,1,60.0,20.0,deux_roues,voiture,1,2,5,1,1
202000002891,2020-05-19 18:15:00,2020,5,19,18,15,93,93063,R MARCEL ETHIS ,48.8775407,2.443667,Plein jour,En agglomération,Hors intersection,Normale,Deux véhicules - arrière,4,2,2,0,1,1,1,0,1,50,2,2,1,0,0,1,53.0,61.0,voiture,voiture,1,2,1,1,2
202000002892,2020-05-20 14:25:00,2020,5,20,14,25,93,93029,AV HENRI BARBUSSE,48.91691,2.44527,Plein jour,En agglomération,Hors intersection,Normale,Autre collision,3,2,2,0,1,1,1,0,1,50,1,2,1,0,0,1,41.0,,deux_roues,,1,2,1,1,6
202000002893,2020-05-20 18:05:00,2020,5,20,18,5,93,93047,SCIENCES   (AVENUE DES),48.905658,2.581049,Plein jour,En agglomération,Intersection en T,Normale,Trois véhicules et plus - collisions multiples,4,2,2,0,1,1,1,0,1,50,3,4,3,0,0,1,27.0,52.0,voiture,voiture,1,2,3,1,5
202000002894,2020-05-20 18:40:00,2020,5,20,18,40,93,93010,R JULES GUESDE,48.90361,2.47729,Plein jour,En agglomération,Hors intersection,Normale,Autre collision,3,2,2,0,1,1,1,0,1,50,1,2,1,0,1,0,26.0,,voiture,,1,2,1,1,6
202000002895,2020-05-20 17:00:00,2020,5,20,17,0,93,93007,ABBE NIORT (RUE DE L'),48.9407439,2.4339042,Plein jour,En agglomération,Hors intersection,Normale,Deux véhicules - côté,3,2,2,0,1,1,1,0,1,50,2,2,1,0,0,1,21.0,53.0,voiture,deux_roues,1,2,1,1,3
202000002896,2020-05-20 11:50:00,2020,5,20,11,50,93,93007,8 MAI 45 (AVENUE DU 184 AU 240)  Z1,48.9509827,2.4404476,Plein jour,En agglomération,Hors intersection,Normale,Deux véhicules - arrière,3,1,2,0,1,1,9,8,1,50,2,1,0,0,1,0,51.0,,autre,,1,2,1,1,2
202000002897,2020-05-20 13:10:00,2020,5,20,13,10,93,93001,AV JEAN JAURES / R EMILIE DUBOIS,48.9135151,2.4026937,Plein jour,En agglomération,Intersection en T,Normale,Deux véhicules - côté,3,2,4,0,1,1,1,0,1,50,2,2,1,0,0,1,55.0,38.0,autre,deux_roues,1,2,3,1,3
202000002898,2020-05-19 13:00:00,2020,5,19,13,0,92,92022,SALENGRO (AVENUE ROGER),48.8141,2.192672,Plein jour,En agglomération,Hors intersection,Normale,Autre collision,3,2,3,0,1,1,1,9,4,50,1,2,1,0,0,1,47.0,,voiture,,1,2,1,1,6
202000002899,2020-05-19 12:20:00,2020,5,19,12,20,92,92063,HUGO (AVENUE VICTOR),48.88448,2.17802,Plein jour,En agglomération,Hors intersection,Normale,Deux véhicules - côté,3,2,3,2,1,1,1,0,1,50,2,2,1,0,1,0,63.0,53.0,voiture,deux_roues,1,2,1,1,3
202000002900,2020-05-20 16:00:00,2020,5,20,16,0,92,92051,"ROULE (AVENUE DU, N° 29 A 91 ET 30 A 86)",48.8825561,2.2772149,Plein jour,En agglomération,Giratoire,Normale,Autre collision,4,2,2,0,1,1,1,0,1,50,1,2,1,0,0,1,87.0,,voiture,,1,2,6,1,6
202000002901,2020-03-31 06:35:00,2020,3,31,6,35,92,92035,Château (rue du)/ République (bd de la),48.90579,2.25277,Nuit avec éclairage allumé,En agglomération,Intersection en T,Normale,Autre collision,3,2,3,0,1,1,1,0,1,50,1,2,1,0,0,1,59.0,,voiture,,5,2,3,1,6
202000002902,2020-05-20 10:50:00,2020,5,20,10,50,54,54104,Buissoncourt,48.699346,6.340879,Plein jour,Hors agglomération,Intersection en X,Normale,Deux véhicules - côté,3,2,2,0,2,1,1,0,1,70,2,3,2,0,1,0,44.0,72.0,voiture,voiture,1,1,2,1,3
202000002903,2020-05-21 18:30:00,2020,5,21,18,30,43,43189,RD 9,45.297637,3.881135,Plein jour,Hors agglomération,Intersection en X,Normale,Deux véhicules - côté,3,2,2,0,2,1,1,0,1,70,2,2,1,1,0,0,39.0,64.0,voiture,deux_roues,1,1,2,1,3
202000002904,2020-05-21 17:30:00,2020,5,21,17,30,95,95313,Avenue de Paris,49.1038751,2.2494528,Plein jour,Hors agglomération,Hors intersection,Normale,Deux véhicules - côté,3,2,2,0,1,1,1,0,8,70,2,2,1,0,0,1,59.0,45.0,voiture,deux_roues,1,1,1,1,3
202000002905,2020-05-20 22:45:00,2020,5,20,22,45,06,06161,Route du Bord de Mer,43.625555,7.132794,Nuit avec éclairage allumé,Hors agglomération,Hors intersection,Normale,Deux véhicules - arrière,3,2,2,2,1,1,1,0,1,70,2,2,1,0,1,0,18.0,23.0,deux_roues,voiture,5,1,1,1,2
202000002906,2020-05-16 04:45:00,2020,5,16,4,45,972,97207,rn5,14.558886,-60.973102,Nuit sans éclairage public,Hors agglomération,Hors intersection,Pluie forte,Autre collision,2,3,4,0,2,2,2,0,3,70,1,3,1,0,2,0,54.0,,utilitaire_camion,,3,1,1,3,6
202000002907,2020-05-20 13:00:00,2020,5,20,13,0,972,97217,N5,14.450327,-60.897587,Plein jour,Hors agglomération,Hors intersection,Normale,Deux véhicules - frontale,2,2,2,0,1,2,1,0,1,80,2,5,2,0,2,1,21.0,25.0,voiture,voiture,1,1,1,1,1
202000002908,2020-05-21 09:00:00,2020,5,21,9,0,28,28024,Rue Jean de la Fontaine,48.400966,1.485096,Plein jour,En agglomération,Hors intersection,Normale,Sans collision,3,2,2,0,1,1,1,0,1,50,1,1,0,1,0,0,73.0,,deux_roues,,1,2,1,1,7
202000002909,2020-05-20 20:15:00,2020,5,20,20,15,71,71170,A6,46.9381861,4.8246273,Plein jour,Hors agglomération,Hors intersection,Normale,Deux véhicules - arrière,1,3,5,0,1,1,1,0,1,130,2,4,2,0,1,1,54.0,39.0,utilitaire_camion,utilitaire_camion,1,1,1,1,2
202000002910,2020-05-21 01:00:00,2020,5,21,1,0,51,51276,4 Rue Saint Maurice,48.6913283,4.0160919,Nuit sans éclairage public,En agglomération,Hors intersection,Normale,Sans collision,3,2,2,0,1,3,1,0,4,50,1,1,0,0,1,0,19.0,,voiture,,3,2,1,1,7
202000002911,2020-05-21 19:45:00,2020,5,21,19,45,51,51179,Rue d'Avat,48.9097408,4.6278301,Plein jour,En agglomération,Hors intersection,Normale,Sans collision,4,2,2,0,1,1,1,0,3,50,1,1,0,0,1,0,24.0,,deux_roues,,1,2,1,1,7
202000002912,2020-05-21 18:10:00,2020,5,21,18,10,59,59546,D37,50.780565,2.5641384,Plein jour,Hors agglomération,Hors intersection,Normale,Deux véhicules - arrière,3,2,1,0,2,1,1,0,1,80,2,2,1,1,0,0,41.0,38.0,deux_roues,utilitaire_camion,1,1,1,1,2
202000002913,2020-05-20 17:00:00,2020,5,20,17,0,11,11071,D106,42.9918058,2.7456218,Plein jour,Hors agglomération,Hors intersection,Normale,Autre collision,3,2,2,0,2,2,1,0,8,80,1,2,0,0,2,0,71.0,,deux_roues,,1,1,1,1,6
202000002914,2020-05-20 22:00:00,2020,5,20,22,0,63,63420,14 Rue des Sables,45.805447,3.344055,Nuit avec éclairage allumé,En agglomération,Hors intersection,Normale,Sans collision,3,2,2,0,1,1,1,0,3,80,1,1,0,0,1,0,24.0,,voiture,,5,2,1,1,7
202000002915,2020-05-20 15:00:00,2020,5,20,15,0,61,61362,Lieu Dit les Refours,48.702831,-0.529282,Plein jour,Hors agglomération,Intersection en Y,Normale,Deux véhicules - arrière,3,2,2,0,1,1,1,0,1,80,2,2,1,0,1,0,40.0,71.0,voiture,deux_roues,1,1,4,1,2
202000002916,2020-05-20 16:20:00,2020,5,20,16,20,68,68218,Chemin de Didenheim,47.7272609,7.2762157,Plein jour,Hors agglomération,Hors intersection,Normale,Sans collision,4,-1,1,3,1,2,1,0,3,-1,1,2,1,0,1,0,27.0,,deux_roues,,1,1,1,1,7
202000002917,2020-05-21 11:15:00,2020,5,21,11,15,25,25018,D31,47.360768,6.570012,Plein jour,Hors agglomération,Intersection en Y,Normale,Autre collision,3,2,2,0,2,3,1,0,3,80,1,1,0,1,0,0,72.0,,voiture,,1,1,4,1,6
202000002918,2020-05-20 09:00:00,2020,5,20,9,0,44,44069,9 Boulevard du Midi,47.326141,-2.430808,Plein jour,En agglomération,Hors intersection,Normale,Autre collision,4,1,1,0,1,1,1,0,1,50,1,2,1,0,0,1,67.0,,voiture,,1,2,1,1,6
202000002919,2020-05-20 16:35:00,2020,5,20,16,35,29,29259,Rue de Morlaix,48.678359,-3.981267,Plein jour,En agglomération,Intersection en T,Temps éblouissant,Deux véhicules - frontale,3,2,2,0,2,2,1,5,1,-1,2,3,2,0,1,0,61.0,17.0,voiture,deux_roues,1,2,3,7,1
202000002920,2020-05-19 18:30:00,2020,5,19,18,30,31,31280,Route de Bax,43.244665,1.287969,Plein jour,Hors agglomération,Hors intersection,Normale,Sans collision,3,2,2,0,2,2,1,0,1,90,1,1,0,0,1,0,61.0,,deux_roues,,1,1,1,1,7
202000002921,2020-05-21 18:00:00,2020,5,21,18,0,02,02656,D22,49.380221,3.823671,Plein jour,Hors agglomération,Hors intersection,Normale,Sans collision,3,2,2,0,1,1,1,0,1,80,1,1,0,1,0,0,27.0,,deux_roues,,1,1,1,1,7
202000002922,2020-05-21 17:00:00,2020,5,21,17,0,03,03152,,46.2327774,2.9629626,Plein jour,Hors agglomération,Hors intersection,Normale,Autre collision,3,2,2,0,1,2,1,0,3,80,1,1,0,0,0,1,48.0,,deux_roues,,1,1,1,1,6
202000002923,2020-05-21 10:05:00,2020,5,21,10,5,15,15139,D990,44.933446,2.754081,Plein jour,Hors agglomération,Intersection en X,Normale,Deux véhicules - côté,3,2,2,0,1,1,1,0,1,90,2,3,2,0,1,0,51.0,64.0,utilitaire_camion,voiture,1,1,2,1,3
202000002924,2020-05-21 20:00:00,2020,5,21,20,0,72,72090,Lieu Dit les Galandais,48.067498,0.466168,Plein jour,Hors agglomération,Hors intersection,Normale,Autre collision,3,-1,2,0,2,1,1,0,1,80,1,1,0,0,1,0,17.0,,deux_roues,,1,1,1,1,6
202000002925,2020-05-21 15:50:00,2020,5,21,15,50,72,72087,Le Grand Pre,47.956005,0.723118,Plein jour,Hors agglomération,Hors intersection,Normale,,4,2,2,0,1,2,1,0,1,80,2,2,1,0,0,1,89.0,17.0,voiture,deux_roues,1,1,1,1,-1
202000002926,2020-05-16 16:20:00,2020,5,16,16,20,14,14254,Departementale 8,49.144408,-0.417931,Plein jour,Hors agglomération,Hors intersection,Normale,Deux véhicules - arrière,3,2,2,0,1,1,1,0,1,80,2,2,1,0,1,0,37.0,53.0,utilitaire_camion,deux_roues,1,1,1,1,2
202000002927,2020-05-21 13:00:00,2020,5,21,13,0,50,50410,RN 175 - lieu dit ''Cassouet'' Curey,48.567293,-1.470923,Plein jour,Hors agglomération,Hors intersection,Normale,Deux véhicules - côté,2,3,4,0,2,4,1,0,1,110,2,7,6,0,1,0,40.0,31.0,voiture,voiture,1,1,1,1,3
202000002928,2020-05-20 05:08:00,2020,5,20,5,8,64,64228,D29,43.387335,-1.020355,Nuit sans éclairage public,Hors agglomération,Hors intersection,Normale,Sans collision,3,2,2,0,4,2,1,0,3,80,1,1,0,0,0,1,22.0,,voiture,,3,1,1,1,7
202000002929,2020-05-21 16:35:00,2020,5,21,16,35,73,73297,D201C,45.6471527,6.3179832,Plein jour,En agglomération,Hors intersection,Temps éblouissant,Sans collision,3,2,2,0,2,1,1,0,1,50,1,1,0,0,1,0,49.0,,deux_roues,,1,2,1,7,7
202000002930,2020-05-21 12:35:00,2020,5,21,12,35,18,18011,D176,47.570518,2.3541,Plein jour,Hors agglomération,Hors intersection,Normale,Sans collision,3,2,2,0,1,1,1,0,1,80,1,1,0,0,1,0,23.0,,deux_roues,,1,1,1,1,7
202000002931,2020-05-20 18:50:00,2020,5,20,18,50,36,36231,Les Loges Brulées,46.659981,1.666142,Plein jour,Hors agglomération,Hors intersection,Normale,Deux véhicules - côté,3,2,2,0,2,3,1,0,1,80,2,2,0,0,1,1,58.0,33.0,deux_roues,voiture,1,1,1,1,3
202000002932,2020-05-20 19:50:00,2020,5,20,19,50,16,16134,12 Route de Chirac,45.891193,0.668714,Plein jour,En agglomération,Hors intersection,Normale,Sans collision,3,2,2,0,2,1,1,9,1,50,1,1,0,0,0,1,35.0,,deux_roues,,1,2,1,1,7
202000002933,2020-05-20 13:40:00,2020,5,20,13,40,16,16181,Ld l'Allonge,46.045702,0.62303,Plein jour,Hors agglomération,Hors intersection,Normale,Deux véhicules - arrière,3,2,2,0,2,1,1,0,1,80,2,4,1,1,1,1,76.0,19.0,voiture,utilitaire_camion,1,1,1,1,2
202000002934,2020-05-21 12:00:00,2020,5,21,12,0,04,04163,RD 950,44.095876,5.512755,Plein jour,Hors agglomération,Hors intersection,Normale,Deux véhicules - arrière,3,2,2,0,2,1,1,0,1,80,2,2,1,0,0,1,31.0,50.0,utilitaire_camion,deux_roues,1,1,1,1,2
202000002935,2020-05-20 15:56:00,2020,5,20,15,56,04,04189,RD 952,43.765515,5.934366,Plein jour,Hors agglomération,Hors intersection,Normale,Sans collision,3,2,2,0,1,3,1,0,3,80,1,1,0,0,1,0,26.0,,deux_roues,,1,1,1,1,7