accident_id,datetime,annee,mois,jour,heure,minute,departement,commune_insee,adresse,latitude,longitude,luminosite,agglomeration,intersection,meteo,collision,catr,circ,nbv,vosp,prof,plan,surf,infra,situ,vma,nb_vehicules,nb_usagers,nb_indemnes,nb_tues,nb_blesses_hosp,nb_blesses_legers,age_cond_1,age_cond_2,veh_type_cond_1,veh_type_cond_2,lum_code,agg_code,int_code,atm_code,col_code
202000003120,2020-05-20 19:40:00,2020,5,20,19,40,61,61005,Route de Saint Germain,48.344153,0.556886,Plein jour,En agglomération,Intersection en Y,Normale,Deux véhicules - frontale,3,2,2,0,1,1,1,0,1,50,2,2,1,0,1,0,13.0,25.0,deux_roues,voiture,1,2,4,1,1
202000003121,2020-03-05 10:33:00,2020,3,5,10,33,75,75105,PLACE VALHUBERT,48.844818,2.363948,Plein jour,En agglomération,Place,Pluie légère,Deux véhicules - côté,4,1,6,0,1,2,2,5,1,50,2,2,1,0,0,1,26.0,73.0,deux_roues,voiture,1,2,7,2,3
202000003122,2020-05-20 19:55:00,2020,5,20,19,55,61,61072,Route de Pontchardon,48.940909,0.269267,Crépuscule ou aube,Hors agglomération,Hors intersection,Normale,Deux véhicules - côté,3,2,2,0,1,3,1,0,1,80,2,2,1,1,0,0,47.0,26.0,deux_roues,voiture,2,1,1,1,3
202000003123,2020-03-05 19:35:00,2020,3,5,19,35,75,75111,AVENUE PARMENTIER,48.866871,2.373361,Nuit avec éclairage allumé,En agglomération,Intersection en X,Pluie légère,Deux véhicules - côté,4,2,2,0,1,1,2,0,1,30,2,2,1,0,0,1,61.0,32.0,voiture,deux_roues,5,2,2,2,3
202000003124,2020-05-20 10:30:00,2020,5,20,10,30,49,49211,D156,47.152938,-0.517881,Plein jour,Hors agglomération,Intersection en X,Temps éblouissant,Deux véhicules - côté,3,2,2,0,1,1,1,0,1,80,2,2,1,0,0,1,73.0,15.0,voiture,deux_roues,1,1,2,7,3
202000003125,2020-05-20 19:55:00,2020,5,20,19,55,49,49241,Le Petit Loiron,47.484729,-0.443702,Plein jour,Hors agglomération,Hors intersection,Normale,Sans collision,4,2,2,0,2,1,1,0,3,80,1,1,0,0,1,0,76.0,,voiture,,1,1,1,1,7
202000003126,2020-03-05 18:45:00,2020,3,5,18,45,75,75111,RUE OBERKAMPF,48.865809,2.37803,Nuit avec éclairage allumé,En agglomération,Hors intersection,Pluie forte,Deux véhicules - côté,4,1,1,0,2,1,2,0,1,50,2,1,0,0,0,1,28.0,,deux_roues,,5,2,1,3,3
202000003127,2020-05-18 15:50:00,2020,5,18,15,50,46,46030,D39,44.787215,1.79259,Plein jour,Hors agglomération,Hors intersection,Normale,Deux véhicules - frontale,3,2,2,0,1,4,1,0,1,80,2,5,4,0,1,0,18.0,41.0,deux_roues,voiture,1,1,1,1,1
202000003128,2020-03-02 00:50:00,2020,3,2,0,50,75,75107,QUAI BRANLY,48.8606462,2.2954796,Nuit avec éclairage allumé,En agglomération,Intersection en X,Pluie légère,Autre collision,4,2,6,1,1,1,2,0,5,50,1,1,0,0,0,1,22.0,,deux_roues,,5,2,2,2,6
202000003129,2020-03-03 22:50:00,2020,3,3,22,50,75,75104,BOULEVARD BOURDON,48.849328,2.366576,Nuit avec éclairage allumé,En agglomération,Intersection en X,Normale,Deux véhicules - côté,4,1,4,2,1,1,1,0,1,50,2,2,1,0,0,1,43.0,30.0,deux_roues,voiture,5,2,2,1,3
202000003130,2020-03-05 10:10:00,2020,3,5,10,10,75,75109,BOULEVARD DES ITALIENS,48.87146,2.336999,Plein jour,En agglomération,Intersection en T,Pluie légère,Deux véhicules - côté,4,2,4,0,1,1,2,0,1,50,2,2,1,0,0,1,26.0,32.0,deux_roues,deux_roues,1,2,3,2,3
202000003131,2020-03-04 14:40:00,2020,3,4,14,40,75,75101,AVENUE GENERAL LEMONNIER,48.86095,2.330009,Plein jour,En agglomération,Intersection en X,Pluie légère,Deux véhicules - frontale,4,2,3,0,1,1,2,6,1,30,2,2,1,0,0,1,30.0,30.0,deux_roues,deux_roues,1,2,2,2,1
202000003132,2020-03-05 19:35:00,2020,3,5,19,35,94,94080,FONTENAY (R DE),48.848253,2.437483,Nuit avec éclairage allumé,En agglomération,Hors intersection,Pluie légère,Deux véhicules - côté,3,2,2,0,1,1,2,0,1,50,2,2,1,0,0,1,36.0,51.0,deux_roues,voiture,5,2,1,2,3
202000003133,2020-03-04 15:50:00,2020,3,4,15,50,94,94042,Avenue Jean Jaurès,48.821,2.464,Plein jour,En agglomération,Hors intersection,Pluie légère,Autre collision,3,1,1,3,1,1,2,0,4,50,1,2,1,0,0,1,37.0,,utilitaire_camion,,1,2,1,2,6
202000003134,2020-03-03 13:45:00,2020,3,3,13,45,94,94042,Avenue du Général Galliéni,48.8201042,2.4737973,Plein jour,En agglomération,Autre intersection,Normale,Deux véhicules - arrière,3,2,1,0,1,1,1,0,1,50,2,2,1,0,0,1,30.0,31.0,deux_roues,utilitaire_camion,1,2,9,1,2
202000003135,2020-03-05 15:35:00,2020,3,5,15,35,94,94044,HENRI BARBUSSE (R),48.7558,2.4841,Plein jour,En agglomération,Hors intersection,Pluie forte,Autre collision,3,1,1,0,1,1,2,0,1,30,1,2,1,0,0,1,24.0,,voiture,,1,2,1,3,6
202000003136,2020-03-05 18:00:00,2020,3,5,18,0,94,94076,GENTILLY (R DE),48.79942,2.35355,Crépuscule ou aube,En agglomération,Hors intersection,Pluie forte,Sans collision,4,1,1,0,1,1,3,0,1,30,1,1,0,0,0,1,50.0,,deux_roues,,2,2,1,3,7
202000003137,2020-03-05 09:15:00,2020,3,5,9,15,94,94069,MARECHAL DE LATTRE DE TASSIGNY (AV),48.8240599,2.4199623,Plein jour,En agglomération,Intersection en X,Pluie légère,Deux véhicules - côté,3,2,4,0,1,1,2,0,1,50,2,3,2,0,0,1,40.0,42.0,utilitaire_camion,deux_roues,1,2,2,2,3
202000003138,2020-03-04 08:25:00,2020,3,4,8,25,93,93066,CASANOVA DANIELLE NR 2 A 50 ET 1 A 19,48.92652,2.36604,Plein jour,En agglomération,Intersection en X,Normale,Deux véhicules - côté,3,2,2,0,1,1,1,0,1,50,2,2,1,0,0,1,55.0,52.0,utilitaire_camion,utilitaire_camion,1,2,2,1,3
202000003139,2020-03-05 17:15:00,2020,3,5,17,15,93,93064,DE GAULLE (AV DU GENERAL) 0 / 56 - 47,48.88009,2.47573,Plein jour,Hors agglomération,Hors intersection,Pluie forte,Deux véhicules - arrière,1,1,4,0,1,1,2,0,1,90,2,2,1,0,0,1,27.0,34.0,voiture,voiture,1,1,1,3,2
202000003140,2020-03-05 16:45:00,2020,3,5,16,45,93,93015,RTE STRATEGIQUE,48.92442,2.57421,Plein jour,Hors agglomération,Autre intersection,Pluie légère,Trois véhicules et plus - collisions multiples,3,2,2,0,1,1,2,0,1,80,3,3,0,0,1,2,31.0,55.0,utilitaire_camion,voiture,1,1,9,2,5
202000003141,2020-03-05 08:30:00,2020,3,5,8,30,93,93045,R DE PARIS,48.8821728,2.4238855,Crépuscule ou aube,En agglomération,Hors intersection,Pluie légère,Deux véhicules - côté,3,2,2,0,1,1,2,0,1,50,2,2,1,0,0,1,51.0,41.0,utilitaire_camion,deux_roues,2,2,1,2,3
202000003142,2020-03-05 05:35:00,2020,3,5,5,35,93,93001,AV DE LA REPUBLIQUE,48.907065,2.388695,Nuit avec éclairage allumé,En agglomération,Autre intersection,Pluie légère,Deux véhicules - côté,3,2,4,3,1,1,2,9,6,50,2,3,2,0,0,1,33.0,37.0,utilitaire_camion,transport_commun,5,2,9,2,3
202000003143,2020-02-19 21:05:00,2020,2,19,21,5,92,92078,MARECHAL LECLERC (AVENUE) (N° IMPAIRS),48.938278,2.324159,Nuit avec éclairage allumé,En agglomération,Autre intersection,Normale,Deux véhicules - côté,3,4,8,0,1,1,1,9,1,30,2,2,1,0,0,1,27.0,24.0,voiture,voiture,5,2,9,1,3
202000003144,2020-03-05 09:25:00,2020,3,5,9,25,92,92072,VILLE D'AVRAY (RUE DE ),48.8259015,2.2009993,Plein jour,En agglomération,Hors intersection,Pluie légère,Deux véhicules - frontale,3,2,2,0,2,1,2,0,1,50,2,3,2,0,0,1,49.0,23.0,voiture,deux_roues,1,2,1,2,1
202000003145,2020-03-05 17:55:00,2020,3,5,17,55,92,92049,PERI RUE GABRIEL N°37 A 99,48.819427,2.3142839,Crépuscule ou aube,En agglomération,Hors intersection,Pluie forte,Autre collision,3,2,2,0,1,1,2,0,1,50,1,3,1,0,0,2,24.0,,deux_roues,,2,2,1,3,6
202000003146,2020-03-05 08:20:00,2020,3,5,8,20,92,92049,BRIAND AVENUE ARISTIDE N°1 A 129,48.8185041,2.3256732,Plein jour,Hors agglomération,Hors intersection,Pluie légère,Sans collision,3,1,0,0,1,1,2,0,1,50,1,1,0,0,0,1,54.0,,deux_roues,,1,1,1,2,7
202000003147,2020-03-05 08:30:00,2020,3,5,8,30,92,92036,LOUISE MICHEL (BD) (IMPAIRS),48.922142,2.320019,Plein jour,En agglomération,Hors intersection,Pluie légère,,3,2,2,0,1,1,1,0,1,50,2,2,1,0,0,1,42.0,28.0,voiture,deux_roues,1,2,1,2,-1
202000003148,2020-03-05 20:15:00,2020,3,5,20,15,92,92062,DE DION BOUTON (QUAI) DU 1 AU 28,48.8755374,2.2386722,Nuit avec éclairage allumé,En agglomération,Hors intersection,Pluie légère,Deux véhicules - arrière,3,3,5,0,1,1,2,0,1,50,2,2,1,0,0,1,51.0,54.0,deux_roues,voiture,5,2,1,2,2
202000003149,2020-03-05 17:40:00,2020,3,5,17,40,92,92024,PIERRE DREYFUS (RUE),48.9036913,2.3205047,Crépuscule ou aube,En agglomération,Intersection en X,Pluie forte,Autre collision,3,2,2,0,1,1,2,8,1,50,1,2,1,0,0,1,49.0,,voiture,,2,2,2,3,6
202000003150,2020-03-02 23:40:00,2020,3,2,23,40,92,92024,CLICHY (QUAI DE) DE (8 A 60)/ CLICHY (PONT DE),48.90844,2.30008,Nuit avec éclairage allumé,En agglomération,Intersection en X,Normale,Deux véhicules - côté,3,2,4,0,1,1,1,0,1,50,2,2,1,0,0,1,19.0,52.0,deux_roues,voiture,5,2,2,1,3
202000003151,2020-03-05 19:05:00,2020,3,5,19,5,92,92012,PIERRE GRENIER (AVENUE),48.832846,2.253597,Nuit avec éclairage allumé,En agglomération,Intersection en T,Pluie légère,Deux véhicules - côté,3,2,2,1,1,1,2,0,1,50,2,2,1,0,0,1,55.0,29.0,deux_roues,voiture,5,2,3,2,3
202000003152,2020-03-05 12:45:00,2020,3,5,12,45,92,92012,SEVRES (RUE DE) 1/55 - 2/40,48.8326496,2.2292255,Plein jour,En agglomération,Intersection en T,Pluie légère,Deux véhicules - côté,4,2,2,0,1,1,2,0,1,50,2,2,1,0,0,1,62.0,45.0,voiture,deux_roues,1,2,3,2,3
202000003153,2020-03-06 13:40:00,2020,3,6,13,40,02,02124,A26,49.740522,3.400236,Plein jour,Hors agglomération,Hors intersection,Normale,Deux véhicules - arrière,1,1,2,0,1,1,1,0,1,130,2,3,1,0,1,1,33.0,55.0,voiture,utilitaire_camion,1,1,1,1,2
202000003154,2020-03-05 16:00:00,2020,3,5,16,0,27,27230,Rue Clovis Vigny,48.867061,1.417387,Plein jour,En agglomération,Autre intersection,Pluie légère,Autre collision,3,2,2,1,2,1,2,5,1,50,1,3,2,1,0,0,20.0,,voiture,,1,2,9,2,6
202000003155,2020-03-01 21:00:00,2020,3,1,21,0,54,54137,D172,49.478526,5.701668,Nuit sans éclairage public,Hors agglomération,Hors intersection,Neige / grêle,Deux véhicules - frontale,3,2,2,0,2,1,2,0,1,80,2,2,1,0,0,1,56.0,35.0,voiture,voiture,3,1,1,4,1
202000003156,2020-03-05 21:50:00,2020,3,5,21,50,36,36006,A20,46.583701,1.493454,Nuit sans éclairage public,Hors agglomération,Hors intersection,Pluie légère,Autre collision,1,3,4,0,3,4,2,0,1,110,1,2,1,0,1,0,68.0,,voiture,,3,1,1,2,6
202000003157,2020-03-06 13:50:00,2020,3,6,13,50,2B,2B096,68 Colombo,42.299357,9.154342,Plein jour,En agglomération,Autre intersection,Normale,Autre collision,4,2,2,0,2,1,1,0,1,50,1,2,1,0,1,0,32.0,,utilitaire_camion,,1,2,9,1,6
202000003158,2020-03-06 20:45:00,2020,3,6,20,45,71,71182,Route d’Autun,46.8022921,4.7818422,Nuit sans éclairage public,Hors agglomération,Hors intersection,Normale,Autre collision,3,2,2,0,1,1,1,0,1,80,1,2,1,1,0,0,19.0,,voiture,,3,1,1,1,6
202000003159,2020-03-06 09:45:00,2020,3,6,9,45,76,76711,D925 D,50.039945,1.397135,Plein jour,En agglomération,Hors intersection,Normale,Deux véhicules - arrière,3,2,2,0,1,1,1,0,1,80,2,2,1,0,1,0,56.0,47.0,voiture,deux_roues,1,2,1,1,2
202000003160,2020-03-05 19:30:00,2020,3,5,19,30,68,68365,D83,48.049886,7.316192,Nuit sans éclairage public,Hors agglomération,Hors intersection,Pluie légère,Trois véhicules et plus - collisions multiples,3,2,2,0,1,1,2,0,1,80,3,3,2,0,0,1,26.0,47.0,voiture,voiture,3,1,1,2,5
202000003161,2020-03-06 00:35:00,2020,3,6,0,35,31,31100,D11,43.297964,1.624367,Nuit sans éclairage public,Hors agglomération,Hors intersection,Pluie légère,Autre collision,3,2,2,0,2,1,2,0,3,80,1,1,0,0,0,1,27.0,,voiture,,3,1,1,2,6
202000003162,2020-03-06 07:00:00,2020,3,6,7,0,38,38013,route de Lyon,45.39994,5.47581,Plein jour,Hors agglomération,Intersection en X,Normale,Deux véhicules - côté,3,2,2,0,1,1,1,5,1,50,2,3,2,0,1,0,46.0,20.0,voiture,voiture,1,1,2,1,3
202000003163,2020-03-06 12:20:00,2020,3,6,12,20,50,50394,43 Rue de Saint-lô,49.185652,-1.405048,Plein jour,En agglomération,Giratoire,Normale,Deux véhicules - côté,3,2,2,0,1,2,1,0,1,50,2,2,1,0,1,0,38.0,71.0,voiture,deux_roues,1,2,6,1,3
202000003164,2020-03-06 08:00:00,2020,3,6,8,0,83,83025,D560,43.526149,5.955877,Plein jour,Hors agglomération,Hors intersection,Normale,Deux véhicules - arrière,3,2,2,0,1,2,1,0,1,80,2,2,1,0,0,1,50.0,53.0,deux_roues,utilitaire_camion,1,1,1,1,2
202000003165,2020-03-06 12:20:00,2020,3,6,12,20,60,60220,Route Nationale 31 les Landrons,49.4410044,1.8707137,Plein jour,En agglomération,Hors intersection,Normale,,2,2,2,0,2,3,1,0,1,50,2,2,1,0,1,0,72.0,47.0,voiture,deux_roues,1,2,1,1,-1
202000003166,2020-03-04 17:50:00,2020,3,4,17,50,64,64499,D17,43.474766,-0.958595,Crépuscule ou aube,Hors agglomération,Hors intersection,Pluie légère,Deux véhicules - frontale,3,2,2,0,1,1,2,0,1,80,2,4,1,0,3,0,49.0,32.0,voiture,voiture,2,1,1,2,1
202000003167,2020-03-05 21:10:00,2020,3,5,21,10,10,10360,14 Rue Richebourg,48.229376,4.038746,Nuit avec éclairage allumé,En agglomération,Hors intersection,Vent fort / tempête,Autre collision,3,2,2,0,1,1,2,0,3,50,1,2,1,0,1,0,19.0,,voiture,,5,2,1,6,6
202000003168,2020-03-06 07:30:00,2020,3,6,7,30,27,27260,D6178,49.413018,0.423907,Crépuscule ou aube,Hors agglomération,Hors intersection,Normale,Sans collision,3,2,2,0,1,1,2,0,3,80,1,1,0,0,0,1,19.0,,deux_roues,,2,1,1,1,7
202000003169,2020-03-05 11:30:00,2020,3,5,11,30,23,23190,2 La Croix de l'Arbre,46.058882,2.275962,Plein jour,Hors agglomération,Hors intersection,Pluie forte,Autre collision,3,2,2,0,1,2,2,9,1,70,1,1,0,0,0,1,60.0,,voiture,,1,1,1,3,6
202000003170,2020-03-06 20:00:00,2020,3,6,20,0,42,42256,Rue Carles de Mazenod,45.497734,4.165812,Nuit avec éclairage allumé,En agglomération,Hors intersection,Pluie forte,Autre collision,4,1,2,0,1,1,2,0,1,50,1,2,1,0,0,1,47.0,,voiture,,5,2,1,3,6
202000003171,2020-03-06 15:20:00,2020,3,6,15,20,69,69043,52 Route de Brignais,45.707633,4.76885,Plein jour,Hors agglomération,Hors intersection,Normale,,3,2,2,0,1,1,1,0,1,70,3,3,1,0,1,1,42.0,62.0,voiture,voiture,1,1,1,1,-1
202000003172,2020-03-06 07:45:00,2020,3,6,7,45,28,28367,A10,48.1395,1.855,Plein jour,Hors agglomération,Hors intersection,Normale,Deux véhicules - arrière,1,3,3,0,1,1,1,0,1,130,2,2,1,0,1,0,56.0,23.0,voiture,voiture,1,1,1,1,2
202000003173,2020-03-06 11:00:00,2020,3,6,11,0,976,97616,Rue du commerce,-12.852928,45.107689,Plein jour,En agglomération,Hors intersection,Normale,Autre collision,2,1,1,0,1,1,1,0,1,50,1,2,1,1,0,0,41.0,,utilitaire_camion,,1,2,1,1,6
202000003174,2020-03-06 05:45:00,2020,3,6,5,45,987,98729,RT 91,-17.570158,-149.795333,Crépuscule ou aube,Hors agglomération,Hors intersection,Normale,Autre collision,2,2,2,0,1,2,2,0,3,60,1,1,0,0,1,0,17.0,,voiture,,2,1,1,1,6
202000003175,2020-03-05 17:15:00,2020,3,5,17,15,987,98729,PK 4.5 RT 91 VAIARE,-17.533102,-149.838624,Plein jour,Hors agglomération,Hors intersection,Normale,,2,2,2,0,1,2,1,0,1,60,2,2,1,0,1,0,19.0,65.0,deux_roues,voiture,1,1,1,1,-1
202000003176,2020-03-05 15:34:00,2020,3,5,15,34,77,77343,D401,49.023405,3.066666,Plein jour,Hors agglomération,Hors intersection,Pluie forte,Autre collision,3,2,2,0,2,2,2,0,3,80,1,1,0,0,1,0,66.0,,voiture,,1,1,1,3,6
202000003177,2020-03-06 08:00:00,2020,3,6,8,0,78,78246,rue de la Paix,49.031091,1.757954,Plein jour,Hors agglomération,Intersection en T,Normale,Deux véhicules - côté,3,2,2,0,1,2,2,0,1,80,2,2,0,0,1,1,48.0,31.0,voiture,voiture,1,1,3,1,3
202000003178,2020-03-05 18:50:00,2020,3,5,18,50,84,84145,D111,43.913796,5.39752,Nuit sans éclairage public,Hors agglomération,Hors intersection,Pluie légère,Deux véhicules - frontale,3,2,2,0,1,1,2,5,1,80,2,2,1,0,0,1,57.0,32.0,deux_roues,voiture,3,1,1,2,1
202000003179,2020-03-06 17:30:00,2020,3,6,17,30,13,13110,7 Avenue Marx Dormoy,43.447439,5.690269,Plein jour,En agglomération,Hors intersection,Normale,Deux véhicules - frontale,4,2,2,0,1,2,1,0,1,50,2,2,1,1,0,0,66.0,34.0,voiture,deux_roues,1,2,1,1,1
202000003180,2020-03-06 16:15:00,2020,3,6,16,15,88,88308,D674,48.345468,5.657766,Plein jour,Hors agglomération,Hors intersection,Normale,Deux véhicules - frontale,3,2,2,0,2,3,2,0,1,80,2,3,1,2,0,0,72.0,20.0,voiture,voiture,1,1,1,1,1
202000003181,2020-03-04 18:00:00,2020,3,4,18,0,26,26271,Avenue du Vercors,45.015086,4.855142,Plein jour,Hors agglomération,Hors intersection,Temps couvert,,3,2,2,0,2,1,1,0,1,50,2,2,1,0,1,0,16.0,16.0,deux_roues,deux_roues,1,1,1,8,-1
202000003182,2020-03-03 19:05:00,2020,3,3,19,5,01,01262,450 Faubourg de Lyon,45.848183,5.0470879,Nuit avec éclairage allumé,En agglomération,Giratoire,Normale,Deux véhicules - frontale,3,2,2,0,1,1,1,5,1,50,2,2,1,0,1,0,16.0,48.0,deux_roues,voiture,5,2,6,1,1
202000003183,2020-02-27 17:00:00,2020,2,27,17,0,27,27439,N154,49.068728,1.180306,Plein jour,Hors agglomération,Hors intersection,Normale,,2,3,4,0,2,1,1,0,1,110,2,1,0,0,0,1,28.0,,voiture,,1,1,1,1,-1
202000003184,2020-03-06 08:30:00,2020,3,6,8,30,27,27180,Rue des Champs,49.184673,1.36533,Plein jour,En agglomération,Place,Normale,Autre collision,6,-1,-1,0,1,2,1,0,1,50,1,2,1,0,1,0,36.0,,voiture,,1,2,7,1,6
202000003185,2020-02-28 04:35:00,2020,2,28,4,35,57,57039,Autoroute A31,49.06307,6.11158,Nuit sans éclairage public,Hors agglomération,Hors intersection,Normale,Deux véhicules - arrière,1,3,6,0,1,1,1,0,1,110,2,2,1,0,0,1,62.0,22.0,utilitaire_camion,voiture,3,1,1,1,2
202000003186,2020-03-05 10:30:00,2020,3,5,10,30,33,33080,AUTOROUTE A 62,44.73019,-0.52953,Plein jour,Hors agglomération,Hors intersection,Pluie légère,Deux véhicules - arrière,1,3,4,0,1,1,2,0,1,130,2,2,1,0,0,1,63.0,44.0,voiture,voiture,1,1,1,2,2
202000003187,2020-03-03 12:00:00,2020,3,3,12,0,59,59013,AUTOROUTE A27,50.599805,3.193552,Plein jour,Hors agglomération,Hors intersection,Normale,Trois véhicules et plus - en chaîne,1,3,4,0,1,1,2,0,1,110,6,6,5,0,1,0,53.0,39.0,utilitaire_camion,voiture,1,1,1,1,4
202000003188,2020-03-05 13:40:00,2020,3,5,13,40,91,91235,RN 104,48.62649,2.35228,Plein jour,Hors agglomération,Hors intersection,Pluie légère,Sans collision,2,1,3,0,1,3,2,0,1,50,1,1,0,0,0,1,20.0,,voiture,,1,1,1,2,7
202000003189,2020-03-05 13:00:00,2020,3,5,13,0,91,91521,RN 104,48.63624,2.40916,Plein jour,Hors agglomération,Hors intersection,Pluie légère,Deux véhicules - côté,2,1,2,0,3,2,2,2,1,50,2,2,1,0,0,1,32.0,61.0,voiture,voiture,1,1,1,2,3
202000003190,2020-03-05 09:30:00,2020,3,5,9,30,94,94021,AUTOROUTE A6A,48.7667,2.3436,Plein jour,Hors agglomération,Hors intersection,Pluie légère,Trois véhicules et plus - collisions multiples,1,3,6,0,1,1,2,0,1,90,3,3,2,0,0,1,20.0,41.0,voiture,deux_roues,1,1,1,2,5
202000003191,2020-03-05 07:00:00,2020,3,5,7,0,94,94076,AUTOROUTE A6B,48.79184,2.34474,Crépuscule ou aube,Hors agglomération,Hors intersection,Pluie légère,Deux véhicules - côté,1,3,3,0,1,1,2,0,1,90,2,2,1,0,0,1,31.0,29.0,voiture,utilitaire_camion,2,1,1,2,3
202000003192,2020-03-05 15:46:00,2020,3,5,15,46,78,78073,A12 Y,48.801522,2.046706,Plein jour,Hors agglomération,Hors intersection,Pluie légère,Trois véhicules et plus - en chaîne,1,3,2,0,1,1,2,1,1,90,3,4,3,0,0,1,36.0,58.0,voiture,voiture,1,1,1,2,4
202000003193,2020-03-05 07:20:00,2020,3,5,7,20,78,78217,A13,48.96459,1.82103,Plein jour,Hors agglomération,Hors intersection,Pluie forte,Deux véhicules - arrière,1,3,6,0,1,1,2,0,1,130,2,2,1,0,0,1,53.0,22.0,voiture,voiture,1,1,1,3,2
202000003194,2020-03-05 03:40:00,2020,3,5,3,40,95,95527, A1,48.99915,2.52055,Nuit sans éclairage public,Hors agglomération,Hors intersection,Pluie légère,Autre collision,1,3,6,0,1,1,2,0,2,110,1,1,0,0,0,1,40.0,,utilitaire_camion,,3,1,1,2,6
202000003195,2020-03-04 19:50:00,2020,3,4,19,50,95,95607, A115,49.01255,2.2213,Nuit sans éclairage public,Hors agglomération,Hors intersection,Pluie légère,Deux véhicules - côté,1,3,6,0,1,2,2,0,1,90,2,2,1,0,0,1,29.0,25.0,voiture,voiture,3,1,1,2,3
202000003196,2020-03-04 18:30:00,2020,3,4,18,30,95,95572,RN 184,49.03782,2.12308,Plein jour,Hors agglomération,Hors intersection,Pluie légère,Deux véhicules - côté,2,3,6,0,1,1,2,0,1,90,2,2,0,0,0,2,25.0,27.0,voiture,deux_roues,1,1,1,2,3
202000003197,2020-02-25 08:15:00,2020,2,25,8,15,93,93010,AUTOROUTE A3,48.90654,2.47247,Plein jour,Hors agglomération,Hors intersection,Pluie légère,Deux véhicules - arrière,1,3,6,0,1,1,2,0,1,90,2,2,1,0,0,1,61.0,39.0,voiture,deux_roues,1,1,1,2,2
202000003198,2020-03-05 20:45:00,2020,3,5,20,45,77,77373,N104,48.7650704,2.6149062,Nuit sans éclairage public,Hors agglomération,Hors intersection,Pluie légère,Sans collision,2,1,2,0,1,1,2,0,1,110,1,1,0,0,0,1,27.0,,utilitaire_camion,,3,1,1,2,7
202000003199,2020-03-05 16:37:00,2020,3,5,16,37,94,94017,A4,48.8267061,2.5150986,Plein jour,Hors agglomération,Hors intersection,Pluie légère,Trois véhicules et plus - en chaîne,1,1,4,0,1,1,2,1,1,90,3,3,1,0,0,2,23.0,37.0,utilitaire_camion,voiture,1,1,1,2,4
202000003200,2020-03-05 12:15:00,2020,3,5,12,15,94,94065,A86 INT,48.75397,2.35128,Plein jour,Hors agglomération,Hors intersection,Pluie légère,Autre collision,2,1,4,0,1,3,2,0,1,50,1,1,0,0,0,1,63.0,,deux_roues,,1,1,1,2,6
202000003201,2020-01-02 02:10:00,2020,1,2,2,10,63,63075,THERMES (AVENUE DES),45.76851,3.0584,Nuit avec éclairage allumé,En agglomération,Hors intersection,Normale,Autre collision,6,-1,-1,0,1,1,1,9,1,30,1,2,1,0,0,1,25.0,,voiture,,5,2,1,1,6
202000003202,2020-01-04 18:15:00,2020,1,4,18,15,59,59178,GUYNEMER (RUE GEORGES),50.37195,3.0567,Nuit avec éclairage allumé,En agglomération,Hors intersection,Normale,Autre collision,3,2,2,0,1,1,2,0,1,50,1,2,1,0,0,1,53.0,,voiture,,5,2,1,1,6
202000003203,2020-02-27 01:50:00,2020,2,27,1,50,988,98818,PROMENADE ROGER LAROQUE,-22.30325,166.43735,Nuit avec éclairage allumé,En agglomération,Hors intersection,Normale,Autre collision,4,3,4,0,1,1,1,0,1,50,1,1,0,0,1,0,32.0,,deux_roues,,5,2,1,1,6
202000003204,2020-03-04 19:50:00,2020,3,4,19,50,69,69388,JEAN MERMOZ                         (AV),45.7339199,4.8771187,Nuit avec éclairage allumé,En agglomération,Hors intersection,Normale,Deux véhicules - côté,4,2,4,0,1,1,1,0,1,50,2,3,2,0,0,1,49.0,,transport_commun,,5,2,1,1,3
202000003205,2020-03-04 17:50:00,2020,3,4,17,50,69,69276,LOUIS GRENIER                           ,45.6746,4.8599,Plein jour,En agglomération,Hors intersection,Normale,Autre collision,4,2,2,0,1,1,1,0,1,30,1,2,1,0,0,1,73.0,,voiture,,1,2,1,1,6
202000003206,2020-01-08 06:10:00,2020,1,8,6,10,971,97113,SECTION GRANDE RAVINE,16.2161237,-61.4789826,Plein jour,En agglomération,Autre intersection,Normale,Autre collision,3,-1,2,0,1,1,1,0,3,50,1,2,1,0,0,1,58.0,,voiture,,1,2,9,1,6
202000003207,2020-03-04 06:15:00,2020,3,4,6,15,95,95268,RUE DES DOUCETTES,48.965289,2.393484,Nuit avec éclairage allumé,En agglomération,Intersection en T,Normale,Deux véhicules - côté,4,2,2,0,1,1,1,0,1,50,2,2,1,0,0,1,27.0,24.0,deux_roues,voiture,5,2,3,1,3
202000003208,2020-03-04 17:15:00,2020,3,4,17,15,91,91687,VICTOR SCHOELCHER (AVENUE),48.659255,2.37323,Plein jour,En agglomération,Intersection en T,Pluie légère,Deux véhicules - côté,1,1,1,0,3,1,2,0,1,50,2,2,1,0,1,0,19.0,16.0,voiture,deux_roues,1,2,3,2,3
202000003209,2020-03-04 18:30:00,2020,3,4,18,30,91,91201,HENRI BARBUSSE(BOULEVARD),48.67414,2.412,Crépuscule ou aube,En agglomération,Intersection en X,Pluie légère,Deux véhicules - côté,4,2,2,0,1,1,2,0,1,50,2,3,2,0,0,1,27.0,47.0,voiture,voiture,2,2,2,2,3
202000003210,2020-03-04 07:50:00,2020,3,4,7,50,91,91027,J B DE LA SALLE (RUE),48.7,2.3825,Plein jour,En agglomération,Hors intersection,Normale,Autre collision,4,2,2,0,1,1,1,0,1,30,1,2,1,0,0,1,35.0,,voiture,,1,2,1,1,6
202000003211,2020-03-04 07:28:00,2020,3,4,7,28,91,91021,JAURES JEAN (BOULEVARD),48.5886,2.24572,Crépuscule ou aube,En agglomération,Intersection en T,Normale,Deux véhicules - côté,4,2,2,0,1,1,1,0,1,50,2,2,1,0,0,1,39.0,20.0,voiture,deux_roues,2,2,3,1,3