accident_id,datetime,annee,mois,jour,heure,minute,departement,commune_insee,adresse,latitude,longitude,luminosite,agglomeration,intersection,meteo,collision,catr,circ,nbv,vosp,prof,plan,surf,infra,situ,vma,nb_vehicules,nb_usagers,nb_indemnes,nb_tues,nb_blesses_hosp,nb_blesses_legers,age_cond_1,age_cond_2,veh_type_cond_1,veh_type_cond_2,lum_code,agg_code,int_code,atm_code,col_code
202000003303,2020-09-18 17:20:00,2020,9,18,17,20,13,13205,SAINT PIERRE (RUE),43.291743,5.413874,Plein jour,En agglomération,Hors intersection,Normale,Deux véhicules - arrière,4,2,1,0,1,1,1,0,1,50,2,3,1,0,0,2,50.0,19.0,utilitaire_camion,utilitaire_camion,1,2,1,1,2
202000003304,2020-09-18 11:00:00,2020,9,18,11,0,13,13206,PRADO (AVENUE DU),43.2820552,5.3859634,Plein jour,En agglomération,Intersection en X,Normale,Deux véhicules - côté,4,2,6,3,1,1,1,0,1,50,2,2,1,0,0,1,35.0,39.0,deux_roues,voiture,1,2,2,1,3
202000003305,2020-09-18 12:30:00,2020,9,18,12,30,13,13214,BASSIN (CHEMIN DU),43.34222,5.40205,Plein jour,En agglomération,Hors intersection,Normale,Deux véhicules - côté,4,2,2,0,2,1,1,0,1,50,2,2,1,0,1,0,31.0,23.0,deux_roues,utilitaire_camion,1,2,1,1,3
202000003306,2020-09-18 09:05:00,2020,9,18,9,5,13,13212,CAILLOLS (AVENUE DES),43.303903,5.435444,Plein jour,En agglomération,Hors intersection,Normale,Deux véhicules - côté,4,2,2,0,2,1,1,0,1,50,2,2,1,0,0,1,23.0,28.0,voiture,voiture,1,2,1,1,3
202000003307,2020-09-18 03:45:00,2020,9,18,3,45,13,13201,FORT NOTRE DAME (RUE),43.2916985,5.3718488,Nuit avec éclairage allumé,En agglomération,Intersection en X,Normale,Deux véhicules - côté,4,1,3,0,2,1,1,9,1,50,2,1,0,0,0,1,28.0,,deux_roues,,5,2,2,1,3
202000003308,2020-09-17 19:10:00,2020,9,17,19,10,13,13211,CHAPELLE (TRAVERSE DE LA),43.301945,5.511869,Crépuscule ou aube,En agglomération,Hors intersection,Normale,Deux véhicules - frontale,4,2,2,0,2,2,1,0,1,50,2,2,0,0,1,1,53.0,53.0,voiture,voiture,2,2,1,1,1
202000003309,2020-09-18 19:30:00,2020,9,18,19,30,13,13047,FOS (ROUTE DE) - RN 569,43.489,4.965,Crépuscule ou aube,Hors agglomération,Autre intersection,Temps couvert,Deux véhicules - arrière,3,2,2,0,1,1,1,3,1,50,2,2,1,0,0,1,30.0,24.0,voiture,voiture,2,1,9,8,2
202000003310,2020-09-18 15:55:00,2020,9,18,15,55,13,13001,BROSSOLETTE PIERRE (AV),43.514,5.4425,Plein jour,En agglomération,Hors intersection,Normale,,4,2,2,0,1,1,1,9,1,50,2,2,1,0,0,1,80.0,54.0,voiture,deux_roues,1,2,1,1,-1
202000003311,2020-09-17 22:00:00,2020,9,17,22,0,13,13001,RD9,43.50599,5.40271,Nuit sans éclairage public,En agglomération,Hors intersection,Normale,Deux véhicules - côté,3,3,4,0,1,1,1,0,1,90,2,2,1,0,0,1,54.0,19.0,voiture,voiture,3,2,1,1,3
202000003312,2020-09-18 19:55:00,2020,9,18,19,55,11,11069,MUSSET ALFRED -ET IMPASSE-,43.21954,2.34398,Nuit avec éclairage allumé,En agglomération,Hors intersection,Normale,Deux véhicules - côté,4,2,2,0,1,1,1,0,1,50,2,1,0,0,0,1,37.0,,deux_roues,,5,2,1,1,3
202000003313,2020-09-17 17:30:00,2020,9,17,17,30,11,11069,GARIGLIANO -PONT DU-,43.20463,2.33242,Plein jour,En agglomération,Hors intersection,Normale,Deux véhicules - arrière,4,2,2,0,1,1,1,0,1,50,2,2,1,0,0,1,43.0,73.0,voiture,voiture,1,2,1,1,2
202000003314,2020-09-17 14:00:00,2020,9,17,14,0,11,11069,MINERVOISE -ROUTE-,43.2232,2.3601,Plein jour,En agglomération,Hors intersection,Normale,Sans collision,4,2,2,0,1,1,1,0,1,50,1,1,0,0,0,1,38.0,,deux_roues,,1,2,1,1,7
202000003315,2020-09-17 10:40:00,2020,9,17,10,40,11,11069,LIMOUX - ROUTE DE-,43.2044,2.333,Plein jour,Hors agglomération,Giratoire,Normale,Sans collision,3,1,2,0,1,3,1,9,1,50,1,1,0,0,0,1,61.0,,deux_roues,,1,1,6,1,7
202000003316,2020-09-18 13:55:00,2020,9,18,13,55,10,10325,PASTEUR (RUE),48.2618,4.0739,Plein jour,En agglomération,Intersection en Y,Temps éblouissant,Deux véhicules - côté,4,2,2,0,1,2,9,0,1,50,2,2,1,0,0,1,54.0,62.0,voiture,voiture,1,2,4,7,3
202000003317,2020-09-17 21:22:00,2020,9,17,21,22,10,10387,CLAUDE HUEZ (RUE),48.29822,4.07392,Nuit avec éclairage allumé,En agglomération,Intersection en T,Normale,Autre collision,4,2,2,0,1,1,1,5,1,50,1,2,1,0,0,1,30.0,,voiture,,5,2,3,1,6
202000003318,2020-09-17 10:50:00,2020,9,17,10,50,10,10387,PIERRE BROSSOLETTE (RUE),48.28847,4.07694,Plein jour,En agglomération,Hors intersection,Normale,Deux véhicules - côté,4,2,2,0,1,1,1,0,1,50,2,3,2,0,0,1,25.0,80.0,deux_roues,voiture,1,2,1,1,3
202000003319,2020-09-18 14:57:00,2020,9,18,14,57,08,08105,MONTHERME,49.79,4.71,Plein jour,En agglomération,Intersection en T,Normale,Deux véhicules - côté,4,2,2,0,3,1,1,0,1,50,2,2,1,0,0,1,55.0,50.0,deux_roues,voiture,1,2,3,1,3
202000003320,2020-09-14 17:20:00,2020,9,14,17,20,06,06088,SEMERIA (AV. DENIS),43.7153,7.2928,Plein jour,En agglomération,Hors intersection,Normale,Autre collision,4,-1,1,0,1,1,1,0,1,50,1,2,1,0,1,0,72.0,,voiture,,1,2,1,1,6
202000003321,2020-09-18 21:40:00,2020,9,18,21,40,06,06069,DE LATTRE DE TASSIGNY (AVENUE DU MARECHA,43.64914,6.93176,Nuit avec éclairage allumé,En agglomération,Autre intersection,Normale,Deux véhicules - côté,4,2,3,0,2,1,1,0,1,50,2,2,0,0,0,2,37.0,44.0,voiture,voiture,5,2,9,1,3
202000003322,2020-09-18 16:10:00,2020,9,18,16,10,06,06069,POMPIDOU (AVENUE GEORGES) -RD 6085,43.648534,6.935694,Plein jour,En agglomération,Hors intersection,Normale,Deux véhicules - frontale,4,2,0,0,2,2,1,0,1,50,2,2,1,0,0,1,16.0,56.0,deux_roues,deux_roues,1,2,1,1,1
202000003323,2020-09-18 14:28:00,2020,9,18,14,28,06,06069,PAOUTE (ROUTE ET TRAVERSE DE LA),43.637156,6.956574,Plein jour,Hors agglomération,Hors intersection,Normale,Deux véhicules - côté,3,2,2,0,1,1,1,0,1,50,2,2,1,0,0,1,54.0,26.0,voiture,deux_roues,1,1,1,1,3
202000003324,2020-09-18 15:10:00,2020,9,18,15,10,06,06004,SAINT JEAN RTE ET CH.DE,43.58378,7.10648,Plein jour,En agglomération,Intersection en X,Normale,Trois véhicules et plus - en chaîne,4,2,0,0,2,1,1,0,1,50,3,3,0,1,0,2,34.0,59.0,utilitaire_camion,voiture,1,2,2,1,4
202000003325,2020-09-17 17:50:00,2020,9,17,17,50,01,01053,DE VIGNY (RUE ALFRED ),46.19829,5.224638,Plein jour,En agglomération,Hors intersection,Normale,Sans collision,4,2,2,2,2,1,1,0,1,30,1,2,0,0,0,2,17.0,,deux_roues,,1,2,1,1,7
202000003326,2020-09-17 10:55:00,2020,9,17,10,55,75,75116,BOULEVARD PERIPHERIQUE,48.836323,2.25676,Plein jour,En agglomération,Intersection en Y,Normale,Deux véhicules - côté,4,1,4,0,1,1,1,1,1,70,2,3,2,0,0,1,23.0,78.0,utilitaire_camion,voiture,1,2,4,1,3
202000003327,2020-09-14 22:35:00,2020,9,14,22,35,75,75119,PORTE D AUBERVILLIERS,48.900309,2.377994,Nuit avec éclairage allumé,En agglomération,Hors intersection,Normale,Deux véhicules - arrière,4,-1,4,0,1,1,1,0,1,70,2,2,1,0,1,0,26.0,36.0,voiture,deux_roues,5,2,1,1,2
202000003328,2020-09-18 08:40:00,2020,9,18,8,40,75,75120,BOULEVARD MORTIER,48.876421,2.407288,Plein jour,En agglomération,Intersection en T,Normale,Deux véhicules - côté,4,1,2,1,2,1,1,0,1,5,2,2,1,0,0,1,29.0,28.0,deux_roues,voiture,1,2,3,1,3
202000003329,2020-09-18 02:05:00,2020,9,18,2,5,75,75118,BOULEVARD DE LA CHAPELLE,48.88406,2.355698,Nuit avec éclairage allumé,En agglomération,Intersection en X,Normale,Deux véhicules - côté,4,1,2,0,1,1,1,0,1,50,2,2,1,0,0,1,32.0,41.0,deux_roues,voiture,5,2,2,1,3
202000003330,2020-09-18 10:45:00,2020,9,18,10,45,75,75119,RUE DE L OURCQ,48.891878,2.379968,Plein jour,En agglomération,Hors intersection,Normale,Autre collision,4,2,2,0,2,1,1,0,1,30,1,2,1,0,0,1,26.0,,deux_roues,,1,2,1,1,6
202000003331,2020-09-18 13:25:00,2020,9,18,13,25,75,75118,RUE FIRMIN GEMIER,48.89574,2.331097,Plein jour,En agglomération,Intersection en Y,Normale,Autre collision,4,2,1,0,1,1,1,0,1,50,1,2,1,0,0,1,42.0,,voiture,,1,2,4,1,6
202000003332,2020-09-18 19:00:00,2020,9,18,19,0,75,75108,PONT DE L ALMA,48.863768,2.301622,Crépuscule ou aube,En agglomération,Hors intersection,Normale,Deux véhicules - côté,4,1,3,3,1,1,1,-1,6,50,2,2,1,0,1,0,29.0,39.0,deux_roues,voiture,2,2,1,1,3
202000003333,2020-09-18 16:00:00,2020,9,18,16,0,75,75117,BOULEVARD DE COURCELLES,48.878855,2.301764,Plein jour,En agglomération,Intersection en Y,Normale,Autre collision,4,2,4,1,1,1,1,0,4,30,1,1,0,0,0,1,16.0,,deux_roues,,1,2,4,1,6
202000003334,2020-09-18 15:30:00,2020,9,18,15,30,75,75117,BOULEVARD MALESHERBES,48.887572,2.304645,Plein jour,En agglomération,Place,Normale,Deux véhicules - arrière,4,2,4,3,1,1,1,0,1,50,2,2,1,0,0,1,26.0,36.0,voiture,deux_roues,1,2,7,1,2
202000003335,2020-09-18 09:40:00,2020,9,18,9,40,75,75117,BOULEVARD DE COURCELLES,48.879152,2.303151,Plein jour,En agglomération,Intersection à plus de 4 branches,Normale,,4,2,4,2,1,1,1,-1,5,50,2,2,1,0,0,1,59.0,35.0,voiture,deux_roues,1,2,5,1,-1
202000003336,2020-09-17 22:40:00,2020,9,17,22,40,75,75117,"AVENUE DE CLICHY,",48.890263,2.320751,Nuit avec éclairage allumé,En agglomération,Intersection en X,Normale,Deux véhicules - côté,4,2,2,3,2,1,1,-1,6,30,2,2,1,0,0,1,31.0,27.0,deux_roues,deux_roues,5,2,2,1,3
202000003337,2020-09-17 16:50:00,2020,9,17,16,50,75,75117,BOULEVARD DES BATIGNOLLES,48.88244,2.321464,Plein jour,En agglomération,Hors intersection,Normale,Sans collision,4,3,3,3,1,1,1,-1,6,50,1,1,0,0,0,1,50.0,,deux_roues,,1,2,1,1,7
202000003338,2020-09-18 15:50:00,2020,9,18,15,50,75,75108,AVENUE MARCEAU,48.866114,2.299658,Plein jour,En agglomération,Intersection en Y,Normale,Deux véhicules - côté,4,1,4,3,1,1,1,-1,6,50,2,2,1,0,0,1,83.0,37.0,voiture,deux_roues,1,2,4,1,3
202000003339,2020-09-18 09:00:00,2020,9,18,9,0,75,75116,PLACE DU TROCADERO ET DU 11 NOVEMBRE,48.863286,2.286667,Plein jour,En agglomération,Place,Normale,Deux véhicules - arrière,4,1,0,0,1,2,1,0,1,50,2,2,1,0,0,1,64.0,30.0,voiture,deux_roues,1,2,7,1,2
202000003340,2020-09-18 00:41:00,2020,9,18,0,41,75,75117,AVENUE DE LA GRANDE ARMEE,48.874459,2.292281,Nuit avec éclairage allumé,En agglomération,Hors intersection,Normale,Autre collision,4,1,1,0,1,1,1,0,1,50,1,1,0,0,0,1,,,,,5,2,1,1,6
202000003341,2020-09-17 18:15:00,2020,9,17,18,15,75,75116,ROUTE DE SEVRES A NEUILLY,48.857578,2.237326,Plein jour,En agglomération,Hors intersection,Normale,Deux véhicules - côté,4,2,2,0,1,1,1,0,1,30,2,2,1,0,0,1,47.0,27.0,deux_roues,deux_roues,1,2,1,1,3
202000003342,2020-09-18 20:15:00,2020,9,18,20,15,75,75113,AVENUE DE FRANCE,48.8314,2.37588,Nuit avec éclairage allumé,En agglomération,Intersection en X,Normale,Deux véhicules - côté,4,2,5,1,1,1,1,-1,5,50,2,2,1,0,0,1,38.0,60.0,voiture,deux_roues,5,2,2,1,3
202000003343,2020-09-18 15:20:00,2020,9,18,15,20,75,75113,BOULEVARD KELLERMANN,48.820817,2.355831,Plein jour,En agglomération,Intersection en T,Normale,Deux véhicules - côté,4,2,6,3,2,2,1,0,1,50,2,2,0,0,0,2,38.0,24.0,deux_roues,deux_roues,1,2,3,1,3
202000003344,2020-09-17 23:20:00,2020,9,17,23,20,75,75113,QUAI D AUSTERLITZ,48.841035,2.369116,Nuit avec éclairage allumé,En agglomération,Hors intersection,Normale,Deux véhicules - côté,4,2,5,1,1,1,1,-1,5,30,2,2,1,0,0,1,46.0,21.0,voiture,deux_roues,5,2,1,1,3
202000003345,2020-09-18 17:50:00,2020,9,18,17,50,75,75111,RUE RICHARD LENOIR,48.855468,2.381814,Plein jour,En agglomération,Intersection en T,Normale,Deux véhicules - côté,4,2,2,2,1,1,1,0,1,30,2,2,1,0,0,1,63.0,33.0,voiture,deux_roues,1,2,3,1,3
202000003346,2020-09-17 22:58:00,2020,9,17,22,58,75,75111,RUE DE CHARONNE,48.854697,2.385324,Nuit avec éclairage allumé,En agglomération,Intersection en X,Normale,Deux véhicules - côté,4,2,2,0,1,1,1,0,1,50,2,2,1,0,0,1,26.0,26.0,deux_roues,voiture,5,2,2,1,3
202000003347,2020-09-18 17:45:00,2020,9,18,17,45,75,75110,RUE DU FAUBOURG SAINT DENIS,48.878466,2.35668,Plein jour,En agglomération,Intersection en Y,Normale,Autre collision,4,2,3,3,2,1,1,-1,6,50,1,2,1,0,0,1,32.0,,transport_commun,,1,2,4,1,6
202000003348,2020-09-18 09:00:00,2020,9,18,9,0,75,75116,ROUTE DES LACS A PASSY,48.858474,2.257737,Plein jour,En agglomération,Hors intersection,Normale,Deux véhicules - côté,4,3,1,0,1,1,1,0,1,50,2,2,1,0,0,1,64.0,41.0,deux_roues,deux_roues,1,2,1,1,3
202000003349,2020-09-18 00:48:00,2020,9,18,0,48,75,75108,PLACE DE L ALMA,48.864741,2.301943,Nuit avec éclairage allumé,En agglomération,Place,Normale,Deux véhicules - côté,4,1,2,0,1,1,1,0,1,50,2,3,2,0,0,1,24.0,54.0,deux_roues,deux_roues,5,2,7,1,3
202000003350,2020-09-18 12:50:00,2020,9,18,12,50,75,75104,QUAI DES CELESTINS,48.852911,2.358971,Plein jour,En agglomération,Intersection en T,Normale,Sans collision,4,-1,2,0,1,1,1,0,1,50,1,1,0,0,0,1,59.0,,deux_roues,,1,2,3,1,7
202000003351,2020-09-18 12:00:00,2020,9,18,12,0,75,75104,RUE DE LUTECE,48.85496,2.346862,Plein jour,En agglomération,Intersection en T,Normale,Sans collision,4,-1,1,0,1,1,1,0,1,30,1,1,0,0,0,1,17.0,,deux_roues,,1,2,3,1,7
202000003352,2020-09-17 15:30:00,2020,9,17,15,30,75,75103,RUE SAINT MARTIN,48.865943,2.353777,Plein jour,En agglomération,Intersection en X,Normale,Deux véhicules - côté,4,2,3,0,1,1,1,0,1,30,2,2,1,0,0,1,41.0,29.0,voiture,deux_roues,1,2,2,1,3
202000003353,2020-09-18 10:10:00,2020,9,18,10,10,94,94033,MARECHAL DE LATTRE DE TASSIGNY (AV DU),48.8528609,2.4940038,Plein jour,En agglomération,Hors intersection,Normale,Deux véhicules - arrière,3,1,1,0,1,1,1,9,8,50,2,2,1,0,0,1,37.0,58.0,voiture,voiture,1,2,1,1,2
202000003354,2020-09-18 19:20:00,2020,9,18,19,20,94,94042,Avenue du Général Galliéni & Boulevard de Polangis,48.8200514,2.4817218,Crépuscule ou aube,En agglomération,Intersection en T,Normale,Deux véhicules - côté,3,2,0,0,1,1,1,0,5,50,2,2,1,0,1,0,42.0,22.0,deux_roues,voiture,2,2,3,1,3
202000003355,2020-09-16 09:20:00,2020,9,16,9,20,94,94068,CARNOT (AV),48.79736,2.48711,Plein jour,En agglomération,Hors intersection,Normale,Deux véhicules - arrière,4,1,1,0,1,1,1,0,1,30,2,2,1,0,0,1,80.0,33.0,voiture,deux_roues,1,2,1,1,2
202000003356,2020-09-18 09:05:00,2020,9,18,9,5,94,94046,REPUBLIQUE (AV DE LA),48.80255,2.433536,Plein jour,En agglomération,Hors intersection,Normale,,3,2,2,0,1,1,1,0,1,50,2,1,0,0,0,1,29.0,,deux_roues,,1,2,1,1,-1
202000003357,2020-09-18 12:00:00,2020,9,18,12,0,94,94074,LOUIS ARMAND (R),48.760729,2.443844,Plein jour,En agglomération,Giratoire,Normale,Deux véhicules - côté,3,-1,2,3,1,2,1,5,8,30,2,2,1,0,0,1,36.0,28.0,voiture,deux_roues,1,2,6,1,3
202000003358,2020-09-18 02:10:00,2020,9,18,2,10,94,94046,GENERAL DE GAULLE (AV DU),48.814,2.4211,Nuit avec éclairage allumé,En agglomération,Hors intersection,Normale,Deux véhicules - côté,3,2,4,0,1,1,1,0,1,50,2,1,0,0,0,1,21.0,,deux_roues,,5,2,1,1,3
202000003359,2020-09-18 17:40:00,2020,9,18,17,40,94,94016,MARCEL BONNET (R),48.7953895,2.3287482,Plein jour,En agglomération,Hors intersection,Normale,Deux véhicules - arrière,3,2,2,0,1,1,1,0,1,50,2,2,1,0,0,1,24.0,,deux_roues,,1,2,1,1,2
202000003360,2020-09-18 17:10:00,2020,9,18,17,10,94,94073,LUXEMBOURG (AV DU),48.76132,2.37094,Plein jour,En agglomération,Hors intersection,Normale,Deux véhicules - côté,4,2,2,0,1,1,1,0,1,50,2,2,1,0,0,1,27.0,40.0,deux_roues,utilitaire_camion,1,2,1,1,3
202000003361,2020-09-17 00:10:00,2020,9,17,0,10,94,94073,FONTAINEBLEAU (AV DE),48.769,2.368,Nuit avec éclairage allumé,En agglomération,Autre intersection,Normale,Deux véhicules - arrière,3,2,2,0,1,1,1,9,1,50,2,2,1,0,0,1,33.0,,utilitaire_camion,,5,2,9,1,2
202000003362,2020-09-18 16:45:00,2020,9,18,16,45,94,94028,LECLERC.(RUE DU GENERAL),48.7905,2.46516,Plein jour,En agglomération,Hors intersection,Normale,Autre collision,7,2,2,0,1,1,1,0,1,30,1,4,3,0,0,1,25.0,,voiture,,1,2,1,1,6
202000003363,2020-09-18 14:40:00,2020,9,18,14,40,94,94028,GOUNOD.(RUE CHARLES),48.7848389,2.4510086,Plein jour,En agglomération,Intersection en T,Normale,Deux véhicules - côté,3,1,0,0,1,1,1,0,1,3,2,2,1,0,0,1,30.0,22.0,deux_roues,voiture,1,2,3,1,3
202000003364,2020-09-18 18:20:00,2020,9,18,18,20,94,94022,AUGUSTE BLANQUI (R),48.7667,2.405,Plein jour,En agglomération,Hors intersection,Normale,Autre collision,4,1,1,0,1,1,1,9,8,30,1,2,1,0,0,1,44.0,,voiture,,1,2,1,1,6
202000003365,2020-09-18 19:45:00,2020,9,18,19,45,94,94033,MARECHAL JOFFRE (AV DU),48.85356,2.47503,Crépuscule ou aube,En agglomération,Intersection en T,Normale,Deux véhicules - côté,3,2,4,0,1,1,1,0,1,50,2,1,0,0,0,1,17.0,,deux_roues,,2,2,3,1,3
202000003366,2020-09-18 18:00:00,2020,9,18,18,0,94,94071,VICTOR HUGO (R),48.78089,2.51368,Plein jour,En agglomération,Intersection en Y,Normale,Deux véhicules - arrière,3,2,0,0,1,1,1,0,1,50,2,2,0,0,0,2,46.0,24.0,voiture,voiture,1,2,4,1,2
202000003367,2020-09-18 21:00:00,2020,9,18,21,0,93,93078,BALLANGER (BD ROBERT),48.9552,2.538,Nuit avec éclairage allumé,En agglomération,Autre intersection,Normale,Deux véhicules - arrière,3,-1,2,0,1,1,1,0,1,50,2,1,0,0,0,1,48.0,,utilitaire_camion,,5,2,9,1,2
202000003368,2020-09-18 13:05:00,2020,9,18,13,5,93,93078,BD ROBERT BALLANGER,48.9548117,2.5368279,Plein jour,En agglomération,Hors intersection,Normale,Deux véhicules - côté,3,2,2,0,1,1,1,0,1,50,2,2,1,0,0,1,35.0,23.0,deux_roues,voiture,1,2,1,1,3
202000003369,2020-09-18 12:30:00,2020,9,18,12,30,93,93053,REPUBLIQUE (BLD DE LA) N°,48.8957789,2.4611954,Plein jour,En agglomération,Hors intersection,Normale,Autre collision,4,1,2,0,1,1,1,0,4,50,1,2,1,0,0,1,30.0,,transport_commun,,1,2,1,1,6
202000003370,2020-09-17 11:30:00,2020,9,17,11,30,93,93049,FAUVETTES (AVENUE) J-BACHELET->BEL AIR,48.8699883,2.5055672,Plein jour,En agglomération,Intersection en X,Normale,Deux véhicules - côté,4,2,2,0,4,1,1,0,1,30,2,2,1,0,0,1,32.0,51.0,deux_roues,voiture,1,2,2,1,3
202000003371,2020-09-18 15:20:00,2020,9,18,15,20,93,93074,MEAUX RUE DE,48.93464,2.56668,Plein jour,En agglomération,Autre intersection,Normale,Autre collision,3,4,3,0,1,1,1,0,1,50,1,3,2,0,0,1,33.0,,voiture,,1,2,9,1,6
202000003372,2020-09-18 10:15:00,2020,9,18,10,15,93,93032,R DE PARIS,48.865689,2.565413,Plein jour,Hors agglomération,Autre intersection,Normale,Deux véhicules - côté,3,3,4,0,1,1,1,0,1,50,2,2,0,0,0,2,59.0,20.0,utilitaire_camion,voiture,1,1,9,1,3
202000003373,2020-09-18 08:50:00,2020,9,18,8,50,93,93007,CHARLES FLOQUET (AVENUE),48.94002,2.44072,Plein jour,En agglomération,Intersection en X,Normale,Autre collision,4,2,3,0,1,1,1,0,1,50,1,2,1,0,1,0,19.0,,voiture,,1,2,2,1,6
202000003374,2020-09-18 09:55:00,2020,9,18,9,55,93,93071,ALLEE DE VILLENAUT,48.9300477,2.5169819,Plein jour,En agglomération,Intersection en X,Normale,Autre collision,3,3,2,2,1,1,1,0,1,50,1,2,1,0,0,1,37.0,,voiture,,1,2,2,1,6
202000003375,2020-09-18 15:50:00,2020,9,18,15,50,92,92073,JAURES (AVENUE JEAN),48.86387,2.20873,Plein jour,En agglomération,Hors intersection,Normale,Autre collision,3,2,0,0,1,1,1,0,1,50,1,2,1,0,0,1,58.0,,deux_roues,,1,2,1,1,6
202000003376,2020-09-18 17:30:00,2020,9,18,17,30,92,92064,REPUBLIQUE,48.851264,2.213128,Plein jour,En agglomération,Hors intersection,Normale,Autre collision,3,1,1,0,1,3,1,0,1,50,1,2,1,0,0,1,18.0,,deux_roues,,1,2,1,1,6
202000003377,2020-09-18 16:40:00,2020,9,18,16,40,92,92033,SURESNES,48.8468655,2.1954095,Plein jour,En agglomération,Intersection en T,Normale,Deux véhicules - arrière,4,2,2,0,1,1,1,8,1,50,2,2,1,0,0,1,52.0,64.0,utilitaire_camion,deux_roues,1,2,3,1,2
202000003378,2020-09-18 13:45:00,2020,9,18,13,45,92,92064,MARCEL DASSAULT,48.85547,2.22295,Plein jour,En agglomération,Hors intersection,Normale,Trois véhicules et plus - en chaîne,3,2,2,0,1,1,1,0,1,50,3,3,2,0,0,1,39.0,21.0,voiture,utilitaire_camion,1,2,1,1,4
202000003379,2020-09-18 17:40:00,2020,9,18,17,40,92,92050,SARTROUVILLE RUE DE,48.911959,2.2175539,Plein jour,En agglomération,Hors intersection,Normale,Deux véhicules - arrière,4,1,2,0,1,1,1,0,1,50,2,1,0,0,0,1,28.0,,deux_roues,,1,2,1,1,2
202000003380,2020-09-17 09:15:00,2020,9,17,9,15,92,92050,GARENNE RUE DE LA,48.8987239,2.2255857,Plein jour,En agglomération,Intersection en T,Normale,Deux véhicules - côté,4,2,2,0,1,1,1,0,1,50,2,2,1,0,0,1,51.0,58.0,utilitaire_camion,deux_roues,1,2,3,1,3
202000003381,2020-09-15 09:45:00,2020,9,15,9,45,92,92050,DROITS DE L'HOMME PLACE DES,48.89583,2.21602,Plein jour,En agglomération,Giratoire,Normale,Deux véhicules - côté,4,1,2,0,1,2,1,0,1,50,2,3,0,0,0,3,38.0,79.0,transport_commun,voiture,1,2,6,1,3
202000003382,2020-09-18 17:10:00,2020,9,18,17,10,92,92019,DIVISION LECLERC (AVENUE DE LA),48.7639459,2.2713202,Plein jour,En agglomération,Hors intersection,Normale,Autre collision,3,3,3,0,1,1,1,5,1,50,1,2,1,0,0,1,26.0,,voiture,,1,2,1,1,6
202000003383,2020-09-18 20:55:00,2020,9,18,20,55,92,92012,JEAN BAPTISTE CLEMENT (AVENUE) 49/FIN -,48.8436266,2.2323173,Nuit avec éclairage allumé,En agglomération,Hors intersection,Normale,,3,2,2,1,1,1,1,0,1,50,2,2,1,0,1,0,36.0,26.0,voiture,deux_roues,5,2,1,1,-1
202000003384,2020-09-17 14:30:00,2020,9,17,14,30,92,92009,ARGENTEUIL ( AVENUE D' ),48.9199141,2.2769871,Plein jour,En agglomération,Intersection en T,Normale,Deux véhicules - côté,3,2,2,0,1,1,1,0,1,50,2,2,1,0,0,1,35.0,65.0,deux_roues,voiture,1,2,3,1,3
202000003385,2020-09-18 19:15:00,2020,9,18,19,15,974,97415,Ruelle des Bambous,-21.048167,55.302472,Nuit avec éclairage allumé,En agglomération,Hors intersection,Normale,Sans collision,4,2,2,0,1,3,1,0,3,50,1,1,0,0,1,0,57.0,,deux_roues,,5,2,1,1,7
202000003386,2020-09-19 10:20:00,2020,9,19,10,20,26,26301,1169 route de chateauneuf de galaure,45.127895,4.982514,Plein jour,Hors agglomération,Hors intersection,Normale,Autre collision,3,2,2,0,1,1,1,0,3,90,1,3,2,0,1,0,43.0,,voiture,,1,1,1,1,6
202000003387,2020-09-18 18:10:00,2020,9,18,18,10,86,86128,349 Lieu Dit le Colombier,46.802162,0.274123,Plein jour,Hors agglomération,Hors intersection,Normale,Deux véhicules - côté,3,2,2,0,1,1,1,0,1,80,2,3,0,0,2,1,74.0,72.0,voiture,voiture,1,1,1,1,3
202000003388,2020-09-11 15:55:00,2020,9,11,15,55,06,06044,Boulevard Alex Roubert,43.684674,7.101962,Plein jour,En agglomération,Hors intersection,Normale,,4,2,2,1,2,2,2,0,1,30,2,2,1,0,0,1,49.0,64.0,deux_roues,voiture,1,2,1,1,-1
202000003389,2020-09-19 09:55:00,2020,9,19,9,55,974,97412,176 Rue Marcel Pagnol,-21.371134,55.672982,Plein jour,En agglomération,Intersection en X,Normale,Deux véhicules - frontale,2,2,2,0,1,4,1,5,1,50,2,2,1,0,1,0,34.0,61.0,deux_roues,voiture,1,2,2,1,1
202000003390,2020-09-19 12:00:00,2020,9,19,12,0,972,97212,Chemin Duverger,14.707928,-61.01202,Plein jour,En agglomération,Hors intersection,Normale,Sans collision,4,-1,2,0,1,1,1,0,1,-1,1,1,0,0,1,0,29.0,,deux_roues,,1,2,1,1,7
202000003391,2020-09-18 16:00:00,2020,9,18,16,0,52,52469,Autoroute A.5 - gare de péage Semoutiers,48.042836,5.05929,Plein jour,Hors agglomération,Hors intersection,Normale,Trois véhicules et plus - en chaîne,1,3,4,0,1,1,1,7,1,50,3,6,3,0,2,1,23.0,78.0,voiture,voiture,1,1,1,1,4
202000003392,2020-09-17 11:50:00,2020,9,17,11,50,51,51388,Rue Canrobert,49.1388154,4.3599106,Plein jour,En agglomération,Intersection en X,Normale,Deux véhicules - frontale,4,2,2,0,1,1,1,0,4,50,2,3,2,0,1,0,90.0,57.0,voiture,voiture,1,2,2,1,1
202000003393,2020-09-19 11:25:00,2020,9,19,11,25,38,38118,RD 119,45.371443,5.450249,Plein jour,Hors agglomération,Hors intersection,Normale,Deux véhicules - arrière,3,3,4,0,1,1,1,0,1,110,2,2,1,0,1,0,23.0,27.0,voiture,voiture,1,1,1,1,2