accident_id,datetime,annee,mois,jour,heure,minute,departement,commune_insee,adresse,latitude,longitude,luminosite,agglomeration,intersection,meteo,collision,catr,circ,nbv,vosp,prof,plan,surf,infra,situ,vma,nb_vehicules,nb_usagers,nb_indemnes,nb_tues,nb_blesses_hosp,nb_blesses_legers,age_cond_1,age_cond_2,veh_type_cond_1,veh_type_cond_2,lum_code,agg_code,int_code,atm_code,col_code
202000003394,2020-09-18 15:15:00,2020,9,18,15,15,22,22391,D39,48.341739,-2.154726,Plein jour,Hors agglomération,Intersection en X,Normale,Deux véhicules - côté,3,2,2,0,2,1,1,0,1,80,2,2,1,0,1,0,56.0,37.0,utilitaire_camion,deux_roues,1,1,2,1,3
202000003395,2020-09-19 13:57:00,2020,9,19,13,57,37,37159,,47.2771525,0.6778626,Plein jour,Hors agglomération,Hors intersection,Normale,Deux véhicules - arrière,1,3,4,0,3,1,1,8,1,90,2,4,0,0,2,2,59.0,30.0,voiture,voiture,1,1,1,1,2
202000003396,2020-09-19 00:00:00,2020,9,19,0,0,89,89326,RD606,48.1508374,3.3093504,Nuit avec éclairage non allumé,En agglomération,Hors intersection,Normale,Autre collision,3,2,2,0,4,2,1,5,1,50,1,1,0,0,1,0,32.0,,deux_roues,,4,2,1,1,6
202000003397,2020-09-18 18:35:00,2020,9,18,18,35,74,74173,Route du Leutaz,45.839777,6.598277,Plein jour,Hors agglomération,Hors intersection,Normale,Autre collision,4,2,2,0,1,3,1,0,1,50,1,1,0,0,1,0,39.0,,deux_roues,,1,1,1,1,6
202000003398,2020-09-19 03:10:00,2020,9,19,3,10,2B,2B050,La Vigna,42.554693,8.790736,Nuit avec éclairage non allumé,Hors agglomération,Autre intersection,Normale,Autre collision,2,2,2,0,1,2,1,0,3,70,1,1,0,0,0,1,28.0,,deux_roues,,4,1,9,1,6
202000003399,2020-09-19 17:30:00,2020,9,19,17,30,12,12286,Rayssac,43.915377,2.829452,Plein jour,Hors agglomération,Hors intersection,Normale,Sans collision,4,2,2,0,1,3,1,0,3,80,1,1,0,0,1,0,60.0,,deux_roues,,1,1,1,1,7
202000003400,2020-09-18 14:37:00,2020,9,18,14,37,42,42224,Route de Jonzieux,45.3380929,4.3963491,Plein jour,Hors agglomération,Hors intersection,Normale,Trois véhicules et plus - collisions multiples,3,2,2,0,1,2,1,0,1,80,3,3,1,0,1,1,22.0,57.0,voiture,utilitaire_camion,1,1,1,1,5
202000003401,2020-09-19 16:00:00,2020,9,19,16,0,34,34114,Boulevard Pasteur,43.653757,3.552162,Plein jour,En agglomération,Intersection en T,Normale,Deux véhicules - arrière,3,2,2,0,1,1,1,0,1,50,2,3,1,0,2,0,73.0,13.0,voiture,deux_roues,1,2,3,1,2
202000003402,2020-08-15 09:35:00,2020,8,15,9,35,68,68105,D26.2,47.690107,7.151063,Plein jour,Hors agglomération,Hors intersection,Normale,Deux véhicules - frontale,3,2,2,0,2,3,1,0,1,80,2,2,1,0,0,1,21.0,73.0,voiture,voiture,1,1,1,1,1
202000003403,2020-09-19 11:45:00,2020,9,19,11,45,29,29241,D36 - Rond point de Rozanduc,47.969328,-3.831047,Plein jour,Hors agglomération,Giratoire,Pluie légère,Sans collision,3,1,1,0,1,2,2,5,1,70,1,1,0,0,1,0,36.0,,deux_roues,,1,1,6,2,7
202000003404,2020-09-19 11:50:00,2020,9,19,11,50,31,31232,19 Allee Alsace Lorraine,43.77071,1.295325,Plein jour,En agglomération,Hors intersection,Normale,Autre collision,3,2,2,0,1,1,1,6,1,50,1,3,2,0,1,0,29.0,,voiture,,1,2,1,1,6
202000003405,2020-07-12 01:45:00,2020,7,12,1,45,02,02804,D1,49.300558,3.339157,Nuit sans éclairage public,Hors agglomération,Hors intersection,Normale,Deux véhicules - frontale,3,2,2,0,1,3,1,0,1,80,2,2,1,0,1,0,34.0,,voiture,,3,1,1,1,1
202000003406,2020-09-19 10:30:00,2020,9,19,10,30,15,15265,42 Avenue de la République,45.345623,2.437581,Plein jour,En agglomération,Hors intersection,Normale,Autre collision,3,2,2,0,1,1,1,9,4,50,1,2,1,0,1,0,24.0,,voiture,,1,2,1,1,6
202000003407,2020-08-23 13:20:00,2020,8,23,13,20,06,06125,D78,44.16272,6.711574,Plein jour,Hors agglomération,Hors intersection,Normale,Sans collision,3,-1,2,0,2,3,1,0,1,80,1,1,0,0,1,0,48.0,,deux_roues,,1,1,1,1,7
202000003408,2020-09-19 16:11:00,2020,9,19,16,11,83,83082,Route Departementale 955,43.6054459,6.47975,Plein jour,Hors agglomération,Hors intersection,Normale,Trois véhicules et plus - collisions multiples,3,2,2,0,1,1,1,0,1,80,3,3,0,0,3,0,70.0,60.0,deux_roues,deux_roues,1,1,1,1,5
202000003409,2020-09-18 18:20:00,2020,9,18,18,20,60,60223,D36,49.432957,2.672639,Plein jour,Hors agglomération,Autre intersection,Normale,Trois véhicules et plus - en chaîne,3,2,2,0,1,1,1,0,1,80,3,3,2,0,0,1,45.0,49.0,voiture,voiture,1,1,9,1,4
202000003410,2020-09-19 08:55:00,2020,9,19,8,55,60,60104,Rue de Montdidier,49.6291945,2.3257418,Plein jour,Hors agglomération,Hors intersection,Normale,Deux véhicules - frontale,3,2,2,0,1,1,1,0,1,80,2,2,1,1,0,0,74.0,50.0,voiture,utilitaire_camion,1,1,1,1,1
202000003411,2020-09-18 11:45:00,2020,9,18,11,45,64,64547,D932,43.414003,-1.474432,Plein jour,Hors agglomération,Hors intersection,Normale,Deux véhicules - frontale,3,2,2,0,2,1,1,0,1,50,2,3,1,1,1,0,51.0,39.0,voiture,voiture,1,1,1,1,1
202000003412,2020-09-18 07:30:00,2020,9,18,7,30,18,18271,3 Route de Saint Eloy de Gy,47.150542,2.375665,Crépuscule ou aube,En agglomération,Hors intersection,Normale,Autre collision,4,2,2,0,1,4,1,0,8,80,1,1,0,0,0,1,29.0,,deux_roues,,2,2,1,1,6
202000003413,2020-09-19 05:30:00,2020,9,19,5,30,16,16210,,45.736231,0.061637,Nuit sans éclairage public,Hors agglomération,Hors intersection,Pluie légère,Autre collision,3,2,2,0,2,1,2,0,3,90,1,1,0,1,0,0,19.0,,voiture,,3,1,1,2,6
202000003414,2020-09-19 05:00:00,2020,9,19,5,0,16,16132,Lieu dit Le Pilas,45.867997,0.784639,Nuit sans éclairage public,Hors agglomération,Hors intersection,Pluie légère,Autre collision,3,2,2,0,2,3,2,0,1,80,1,1,0,1,0,0,51.0,,voiture,,3,1,1,2,6
202000003415,2020-09-19 08:55:00,2020,9,19,8,55,07,07349,Route de Celles,44.79752,4.762917,Plein jour,Hors agglomération,Hors intersection,Normale,Trois véhicules et plus - en chaîne,3,2,2,0,2,1,1,0,1,-1,3,5,4,0,1,0,47.0,40.0,deux_roues,deux_roues,1,1,1,1,4
202000003416,2020-09-19 11:10:00,2020,9,19,11,10,24,24388,Falgueyrat,44.861957,0.900911,Plein jour,Hors agglomération,Intersection en T,Normale,Deux véhicules - côté,3,2,2,0,1,1,1,0,1,90,2,3,1,0,2,0,53.0,47.0,deux_roues,voiture,1,1,3,1,3
202000003417,2020-09-18 18:30:00,2020,9,18,18,30,24,24115,Rue du Château,45.245336,0.684135,Plein jour,En agglomération,Hors intersection,Pluie légère,Autre collision,4,2,2,0,1,2,2,0,3,50,1,1,0,1,0,0,62.0,,deux_roues,,1,2,1,2,6
202000003418,2020-09-19 17:30:00,2020,9,19,17,30,27,27480,18 Rue Camelet,49.34521,1.53652,Plein jour,En agglomération,Hors intersection,Normale,Autre collision,3,2,2,0,1,3,1,0,8,50,1,2,0,2,0,0,35.0,,voiture,,1,2,1,1,6
202000003419,2020-09-18 11:40:00,2020,9,18,11,40,30,30249,4 Chemin de Clarensac,43.808746,4.226526,Plein jour,Hors agglomération,Intersection en X,Normale,Deux véhicules - côté,3,2,2,0,1,1,1,5,1,80,2,2,1,0,1,0,27.0,58.0,deux_roues,voiture,1,1,2,1,3
202000003420,2020-09-18 20:45:00,2020,9,18,20,45,38,38352,Montée de la Ladrière,45.592279,5.238204,Nuit avec éclairage allumé,En agglomération,Hors intersection,Normale,Deux véhicules - arrière,3,2,2,0,1,2,1,5,8,50,2,2,1,0,0,1,17.0,,deux_roues,,5,2,1,1,2
202000003421,2020-09-16 10:30:00,2020,9,16,10,30,13,13051,Chemin de la Garenne,43.597622,5.091893,Plein jour,Hors agglomération,Giratoire,Normale,Deux véhicules - côté,3,2,2,0,1,1,1,0,1,50,2,2,1,0,1,0,79.0,31.0,voiture,deux_roues,1,1,6,1,3
202000003422,2020-09-19 01:20:00,2020,9,19,1,20,44,44028,"autoroute A11, PK 332+000",47.338183,-1.385736,Nuit sans éclairage public,Hors agglomération,Hors intersection,Pluie légère,Deux véhicules - arrière,1,3,4,0,1,1,2,0,1,130,2,3,2,0,1,0,64.0,39.0,utilitaire_camion,voiture,3,1,1,2,2
202000003423,2020-09-16 03:50:00,2020,9,16,3,50,33,33199,A660,44.61485,-1.072476,Nuit sans éclairage public,Hors agglomération,Giratoire,Normale,Autre collision,1,3,4,0,1,1,1,8,1,50,1,1,0,0,1,0,24.0,,voiture,,3,1,6,1,6
202000003424,2020-09-18 14:45:00,2020,9,18,14,45,06,06161,A8  - pk 176.700,43.625514,7.116137,Plein jour,Hors agglomération,Hors intersection,Normale,Autre collision,1,3,4,0,1,1,1,0,1,110,1,2,0,0,2,0,43.0,,deux_roues,,1,1,1,1,6
202000003425,2020-09-14 21:20:00,2020,9,14,21,20,69,69268,13 Avenue du General Brosset,45.6538,4.751014,Nuit avec éclairage allumé,En agglomération,Hors intersection,Normale,Sans collision,3,3,2,0,1,1,1,8,1,50,1,2,0,0,1,1,44.0,,deux_roues,,5,2,1,1,7
202000003426,2020-09-18 08:15:00,2020,9,18,8,15,69,69027,Chemin du Bois des Côtes,45.670444,4.762251,Plein jour,En agglomération,Intersection en T,Temps éblouissant,Autre collision,4,2,2,0,1,1,1,0,1,50,1,2,1,0,1,0,29.0,,voiture,,1,2,3,7,6
202000003427,2020-09-19 18:22:00,2020,9,19,18,22,988,98829,RM2 - Saint Gabriel,-21.634991,166.282711,Nuit sans éclairage public,Hors agglomération,Hors intersection,Normale,Autre collision,4,2,2,0,1,3,1,0,3,-1,1,1,0,1,0,0,31.0,,utilitaire_camion,,3,1,1,1,6
202000003428,2020-09-17 09:30:00,2020,9,17,9,30,37,37073,46 Rue Nationale,47.3311828,1.0937587,Plein jour,En agglomération,Hors intersection,Temps éblouissant,Deux véhicules - côté,3,2,2,0,1,1,1,0,1,50,2,3,2,0,1,0,61.0,82.0,deux_roues,voiture,1,2,1,7,3
202000003429,2020-09-18 20:35:00,2020,9,18,20,35,45,45049,D948,47.866501,2.381887,Nuit sans éclairage public,Hors agglomération,Hors intersection,Normale,Autre collision,3,2,2,0,1,1,1,0,3,80,1,1,0,1,0,0,43.0,,voiture,,3,1,1,1,6
202000003430,2020-09-18 20:00:00,2020,9,18,20,0,89,89111,A5,48.238415,3.456853,Crépuscule ou aube,Hors agglomération,Hors intersection,Normale,Autre collision,1,3,4,0,3,1,1,0,2,130,1,1,0,0,0,1,49.0,,voiture,,2,1,1,1,6
202000003431,2020-09-19 11:40:00,2020,9,19,11,40,88,88321,37 Rue de la Vaux,48.348367,5.686353,Plein jour,En agglomération,Autre intersection,Normale,Autre collision,4,2,2,0,2,2,1,0,8,50,1,1,0,0,1,0,19.0,,deux_roues,,1,2,9,1,6
202000003432,2020-09-15 16:00:00,2020,9,15,16,0,88,88460,31 Route de Fruze,48.396948,5.741397,Plein jour,Hors agglomération,Hors intersection,Normale,Deux véhicules - arrière,3,2,2,0,1,1,1,0,1,80,2,2,1,0,0,1,76.0,60.0,voiture,utilitaire_camion,1,1,1,1,2
202000003433,2020-09-18 12:30:00,2020,9,18,12,30,69,69236,D488,45.566006,4.703082,Plein jour,Hors agglomération,Autre intersection,Normale,,3,-1,2,0,1,1,1,0,1,90,2,2,0,0,1,1,48.0,32.0,deux_roues,deux_roues,1,1,9,1,-1
202000003434,2020-09-19 18:30:00,2020,9,19,18,30,33,33146,D2,45.107473,-0.729185,Plein jour,En agglomération,Hors intersection,Pluie légère,Deux véhicules - frontale,3,2,2,0,1,1,8,0,1,50,2,2,0,0,1,1,34.0,45.0,voiture,voiture,1,2,1,2,1
202000003435,2020-09-19 00:20:00,2020,9,19,0,20,72,72110,rue nationale,47.747176,-0.151354,Nuit sans éclairage public,En agglomération,Hors intersection,Pluie légère,Autre collision,3,3,2,0,1,1,2,0,1,50,1,1,0,0,1,0,21.0,,voiture,,3,2,1,2,6
202000003436,2020-09-19 12:35:00,2020,9,19,12,35,29,29247,163 Route de la Véronique,47.9566074,-3.9883448,Plein jour,Hors agglomération,Hors intersection,Normale,Autre collision,4,2,2,0,2,2,2,0,3,70,1,1,0,0,1,0,25.0,,voiture,,1,1,1,1,6
202000003437,2020-09-19 07:00:00,2020,9,19,7,0,76,76057,Route de Fresquiennes,49.545773,0.973122,Crépuscule ou aube,Hors agglomération,Hors intersection,Normale,Deux véhicules - frontale,3,4,1,0,1,1,1,1,1,80,2,1,0,0,1,0,24.0,,deux_roues,,2,1,1,1,1
202000003438,2020-09-18 17:45:00,2020,9,18,17,45,60,60360,,49.33711,2.454962,Plein jour,Hors agglomération,Intersection en X,Normale,Deux véhicules - frontale,3,2,2,0,2,1,1,5,1,70,2,3,0,0,1,2,18.0,85.0,voiture,voiture,1,1,2,1,1
202000003439,2020-09-19 10:50:00,2020,9,19,10,50,62,62014,rd 943 ,50.6296583,2.3903391,Plein jour,En agglomération,Hors intersection,Normale,Deux véhicules - arrière,3,-1,-1,0,1,1,1,0,8,30,2,2,1,0,0,1,22.0,54.0,voiture,deux_roues,1,2,1,1,2
202000003440,2020-09-18 14:20:00,2020,9,18,14,20,13,13215,A7-Sens Marseille vers Lyon,43.35997,5.36208,Plein jour,Hors agglomération,Hors intersection,Normale,Trois véhicules et plus - en chaîne,1,-1,3,0,1,1,1,0,1,90,3,4,0,0,0,4,43.0,59.0,voiture,voiture,1,1,1,1,4
202000003441,2020-09-13 12:28:00,2020,9,13,12,28,13,13005,A52-Sens Toulon vers Pont de l'Etoile,43.2806,5.58475,Plein jour,Hors agglomération,Hors intersection,Normale,Deux véhicules - arrière,1,1,2,0,1,1,1,0,1,90,2,5,1,0,0,4,54.0,37.0,voiture,voiture,1,1,1,1,2
202000003442,2020-09-15 08:20:00,2020,9,15,8,20,13,13071,A51-Sens Aix en Provence vers Marseille,43.4066,5.3618,Plein jour,Hors agglomération,Hors intersection,Normale,Deux véhicules - arrière,1,1,3,0,1,1,1,0,1,90,2,3,2,0,0,1,50.0,41.0,voiture,utilitaire_camion,1,1,1,1,2
202000003443,2020-09-18 09:00:00,2020,9,18,9,0,13,13055,A507 sens Marseille - Aubagne,43.3157465,5.4224686,Plein jour,En agglomération,Hors intersection,Normale,Deux véhicules - arrière,1,1,2,0,2,1,1,0,1,70,2,3,2,0,0,1,30.0,21.0,voiture,voiture,1,2,1,1,2
202000003444,2020-09-16 17:22:00,2020,9,16,17,22,13,13015,A51-Sens Marseille vers Aix en Provence,43.4543,5.398,Plein jour,Hors agglomération,Hors intersection,Normale,Deux véhicules - arrière,1,3,2,0,1,1,1,0,1,90,2,2,1,0,0,1,36.0,55.0,voiture,voiture,1,1,1,1,2
202000003445,2020-09-15 17:30:00,2020,9,15,17,30,13,13056,A55-Sens Marseille vers Martigues,43.3945,5.052,Plein jour,Hors agglomération,Hors intersection,Normale,Sans collision,1,1,1,0,1,1,1,0,3,70,1,1,0,0,0,1,73.0,,voiture,,1,1,1,1,7
202000003446,2020-09-18 20:40:00,2020,9,18,20,40,33,33249,ROUTE NATIONALE 230,44.8853,-0.5097,Nuit avec éclairage allumé,Hors agglomération,Hors intersection,Normale,Trois véhicules et plus - en chaîne,2,1,2,0,2,3,1,3,1,50,4,5,3,0,0,2,41.0,46.0,voiture,voiture,5,1,1,1,4
202000003447,2020-08-11 11:33:00,2020,8,11,11,33,59,59449,AUTOROUTE A23,50.464293,3.248117,Plein jour,Hors agglomération,Hors intersection,Normale,Sans collision,1,3,4,0,1,1,1,0,1,110,1,1,0,1,0,0,57.0,,voiture,,1,1,1,1,7
202000003448,2020-09-18 16:00:00,2020,9,18,16,0,91,91064,RN 118,48.7542,2.2235,Plein jour,Hors agglomération,Hors intersection,Normale,Deux véhicules - arrière,2,3,2,0,1,1,1,0,1,90,2,2,1,0,0,1,42.0,39.0,voiture,voiture,1,1,1,1,2
202000003449,2020-09-18 14:30:00,2020,9,18,14,30,92,92072,N118,48.8260941,2.222528,Plein jour,Hors agglomération,Hors intersection,Normale,Deux véhicules - côté,2,3,5,0,2,1,1,0,1,70,2,2,1,0,0,1,37.0,33.0,voiture,deux_roues,1,1,1,1,3
202000003450,2020-09-18 11:30:00,2020,9,18,11,30,94,94042,A4,48.828368,2.4755836,Plein jour,Hors agglomération,Hors intersection,Normale,Deux véhicules - arrière,1,3,4,0,1,1,1,0,1,90,2,2,1,0,0,1,59.0,35.0,voiture,deux_roues,1,1,1,1,2
202000003451,2020-09-18 09:30:00,2020,9,18,9,30,94,94018,A4,48.8205076,2.4018322,Plein jour,Hors agglomération,Hors intersection,Normale,Deux véhicules - arrière,1,3,5,0,1,1,1,0,1,90,2,2,1,0,0,1,29.0,41.0,deux_roues,voiture,1,1,1,1,2
202000003452,2020-09-16 18:55:00,2020,9,16,18,55,988,98818,RUE GABRIEL LAROQUE/PROMENADE PIERRE VERNIER,-22.2955,166.4581,Nuit avec éclairage allumé,En agglomération,Intersection en T,Normale,Autre collision,4,2,2,0,2,1,1,5,1,50,1,1,0,0,0,1,38.0,,voiture,,5,2,3,1,6
202000003453,2020-09-17 11:20:00,2020,9,17,11,20,974,97411,PAYET (RUE ROGER),-20.8931,55.488,Plein jour,En agglomération,Hors intersection,Normale,Deux véhicules - arrière,4,1,1,0,1,1,1,0,1,50,2,2,1,0,0,1,42.0,29.0,voiture,deux_roues,1,2,1,1,2
202000003454,2020-06-21 20:20:00,2020,6,21,20,20,19,19031,QUEUILLE (AVENUE HENRI),45.1709494,1.5303612,Plein jour,En agglomération,Intersection en T,Normale,Autre collision,4,2,2,0,2,1,1,0,1,50,1,1,0,0,0,1,45.0,,deux_roues,,1,2,3,1,6
202000003455,2020-06-20 15:50:00,2020,6,20,15,50,14,14366,MARECHAL DE LATTRE DE TASSIGNY (BOULEVAR,49.14179,0.243967,Plein jour,En agglomération,Intersection en T,Normale,Deux véhicules - côté,4,2,2,0,1,1,1,0,1,50,2,2,1,0,0,1,29.0,29.0,voiture,deux_roues,1,2,3,1,3
202000003456,2020-06-22 17:30:00,2020,6,22,17,30,14,14118,JUIN (BOULEVARD MARECHAL),49.2103368,-0.3675232,Plein jour,En agglomération,Intersection en X,Normale,Deux véhicules - frontale,3,2,4,0,1,1,1,0,1,50,2,2,1,0,1,0,57.0,17.0,voiture,deux_roues,1,2,2,1,1
202000003457,2020-06-20 06:20:00,2020,6,20,6,20,13,13056,L'HERMINIER AVENUE COMMANDANT JEAN,43.40578,5.04724,Plein jour,En agglomération,Hors intersection,Normale,Deux véhicules - côté,4,1,2,0,1,2,1,0,1,50,2,2,1,0,0,1,53.0,53.0,voiture,deux_roues,1,2,1,1,3
202000003458,2020-06-22 22:55:00,2020,6,22,22,55,13,13208,ANDRE ZENATTI (AVENUE),43.247301,5.382551,Nuit avec éclairage allumé,En agglomération,Giratoire,Normale,Sans collision,4,2,2,0,1,1,1,5,1,50,1,4,1,0,0,3,17.0,,voiture,,5,2,6,1,7
202000003459,2020-06-22 16:15:00,2020,6,22,16,15,13,13213,JEAN PAUL SARTRE (AVENUE),43.32831,5.42867,Plein jour,Hors agglomération,Hors intersection,Normale,Deux véhicules - arrière,3,3,4,0,1,1,1,0,1,50,2,2,1,1,0,0,87.0,48.0,deux_roues,voiture,1,1,1,1,2
202000003460,2020-06-22 14:05:00,2020,6,22,14,5,13,13203,BATTALA (BOULEVARD),43.31794,5.37885,Plein jour,En agglomération,Intersection en X,Normale,Deux véhicules - côté,4,1,1,0,1,1,1,0,1,50,2,2,0,0,0,2,81.0,22.0,voiture,utilitaire_camion,1,2,2,1,3
202000003461,2020-06-21 18:40:00,2020,6,21,18,40,13,13098,D.51,43.46147,4.99672,Plein jour,Hors agglomération,Hors intersection,Normale,Sans collision,3,2,2,0,2,3,1,0,1,80,1,4,0,0,0,4,19.0,,voiture,,1,1,1,1,7
202000003462,2020-06-21 15:25:00,2020,6,21,15,25,13,13047,COMBE AUX FEES CHEMIN DE LA,43.5027626,4.9943205,Plein jour,En agglomération,Hors intersection,Normale,Autre collision,4,2,1,0,1,3,1,0,1,50,1,3,1,0,0,2,15.0,,deux_roues,,1,2,1,1,6
202000003463,2020-06-21 18:39:00,2020,6,21,18,39,10,10362,GENERAL LECLERC (RUE DU),48.29108,4.02707,Plein jour,En agglomération,Hors intersection,Normale,Deux véhicules - arrière,3,2,2,1,1,1,1,5,1,50,2,5,3,0,0,2,37.0,37.0,voiture,voiture,1,2,1,1,2
202000003464,2020-06-17 16:15:00,2020,6,17,16,15,10,10362,LOUIS BLANC (RUE),48.29754,4.05857,Plein jour,En agglomération,Hors intersection,Normale,,7,1,1,0,1,1,1,0,1,50,3,3,2,0,0,1,59.0,44.0,voiture,deux_roues,1,2,1,1,-1
202000003465,2020-06-22 11:46:00,2020,6,22,11,46,06,06088,GAMBETTA (A PARTIR DU N° 63-74),43.70944,7.25594,Plein jour,En agglomération,Intersection en X,Normale,Autre collision,4,1,2,0,2,1,1,0,8,50,1,2,1,0,0,1,29.0,,utilitaire_camion,,1,2,2,1,6
202000003466,2020-06-21 01:00:00,2020,6,21,1,0,06,06088,VOIE RAPIDE,43.70299,7.25903,Nuit avec éclairage allumé,En agglomération,Hors intersection,Normale,Trois véhicules et plus - collisions multiples,4,1,2,0,3,3,1,0,1,70,3,3,2,0,0,1,54.0,34.0,voiture,voiture,5,2,1,1,5
202000003467,2020-07-04 12:20:00,2020,7,4,12,20,06,06069,MARIGARDE (ROUTE DE LA),43.65384,6.92796,Plein jour,En agglomération,Giratoire,Normale,Deux véhicules - côté,3,2,2,0,2,1,1,0,1,50,2,2,1,0,0,1,73.0,48.0,voiture,transport_commun,1,2,6,1,3
202000003468,2020-06-21 11:15:00,2020,6,21,11,15,06,06027,PLAGE BOULEVARD DE LA,43.65776,7.16923,Plein jour,En agglomération,Hors intersection,Normale,Trois véhicules et plus - en chaîne,7,2,3,0,1,1,1,0,1,50,3,3,2,0,0,1,53.0,43.0,voiture,voiture,1,2,1,1,4
202000003469,2020-06-21 08:45:00,2020,6,21,8,45,05,05061,FAUVINS ( ROUTE  DES ),44.56396,6.09372,Plein jour,En agglomération,Giratoire,Normale,,4,1,1,0,1,2,1,0,1,50,2,2,1,0,0,1,46.0,39.0,voiture,deux_roues,1,2,6,1,-1
202000003470,2020-06-22 16:09:00,2020,6,22,16,9,05,05023,GAP (ROUTE DE   RN94),44.8800381,6.6197437,Plein jour,Hors agglomération,Hors intersection,Normale,Deux véhicules - arrière,2,2,2,0,1,1,1,0,1,80,2,2,1,0,0,1,50.0,68.0,autre,deux_roues,1,1,1,1,2
202000003471,2020-06-22 13:10:00,2020,6,22,13,10,75,75117,PORTE DE CHAMPERRET,48.88901,2.294676,Plein jour,En agglomération,Hors intersection,Normale,Deux véhicules - côté,4,1,4,0,1,1,1,1,1,50,2,2,1,0,0,1,38.0,58.0,voiture,voiture,1,2,1,1,3
202000003472,2020-06-22 08:45:00,2020,6,22,8,45,75,75115,PORTE BRANCION,48.827343,2.293198,Plein jour,En agglomération,Hors intersection,Normale,Trois véhicules et plus - en chaîne,4,1,3,0,1,1,1,0,1,70,3,3,2,0,0,1,51.0,68.0,deux_roues,voiture,1,2,1,1,4
202000003473,2020-06-22 07:30:00,2020,6,22,7,30,75,75119,PORTE DE LA VILLETTE,48.89961,2.392084,Plein jour,En agglomération,Intersection en Y,Normale,Trois véhicules et plus - collisions multiples,4,1,4,0,1,3,1,0,1,70,4,5,2,0,0,3,28.0,29.0,utilitaire_camion,voiture,1,2,4,1,5
202000003474,2020-06-20 04:20:00,2020,6,20,4,20,75,75117,BOULEVARD PERIPHERIQUE EXTERIEUR OUEST,48.890245,2.298465,Nuit avec éclairage allumé,En agglomération,Hors intersection,Normale,Deux véhicules - arrière,4,3,4,0,1,3,1,1,1,70,2,2,1,0,0,1,36.0,21.0,utilitaire_camion,voiture,5,2,1,1,2
202000003475,2020-06-19 20:23:00,2020,6,19,20,23,75,75108,SOUTERRAIN ALMA,48.864506,2.30327,Nuit avec éclairage allumé,En agglomération,Hors intersection,Normale,,4,2,2,0,2,1,1,1,1,50,3,6,4,0,1,1,27.0,40.0,voiture,voiture,5,2,1,1,-1
202000003476,2020-06-22 23:10:00,2020,6,22,23,10,75,75118,BOULEVARD ORNANO,48.895641,2.346297,Nuit avec éclairage allumé,En agglomération,Place,Normale,Autre collision,4,2,2,1,1,1,1,0,1,50,1,2,0,0,0,2,33.0,,deux_roues,,5,2,7,1,6
202000003477,2020-06-22 20:30:00,2020,6,22,20,30,75,75118,BOULEVARD BARBES,48.888351,2.349585,Crépuscule ou aube,En agglomération,Intersection en X,Normale,Autre collision,4,3,6,1,4,1,1,-1,5,50,1,2,1,0,0,1,33.0,,deux_roues,,2,2,2,1,6
202000003478,2020-06-22 20:10:00,2020,6,22,20,10,75,75117,AVENUE DE CLICHY,48.892324,2.317194,Plein jour,En agglomération,Intersection en T,Normale,Autre collision,4,2,3,1,1,1,1,-1,5,50,1,2,1,0,0,1,28.0,,deux_roues,,1,2,3,1,6
202000003479,2020-06-21 22:00:00,2020,6,21,22,0,75,75117,BOULEVARD PERSHING,48.880179,2.283154,Nuit avec éclairage allumé,En agglomération,Hors intersection,Normale,Autre collision,4,3,4,0,2,2,1,1,1,50,1,2,0,0,0,2,16.0,,deux_roues,,5,2,1,1,6
202000003480,2020-06-22 09:00:00,2020,6,22,9,0,75,75116,AVENUE DE L HIPPODROME,48.859246,2.243209,Plein jour,En agglomération,Hors intersection,Normale,Deux véhicules - côté,4,2,2,0,1,1,1,0,1,50,2,2,1,0,0,1,41.0,37.0,deux_roues,voiture,1,2,1,1,3
202000003481,2020-06-22 09:30:00,2020,6,22,9,30,75,75115,RUE SAINT AMAND,48.835385,2.307575,Plein jour,En agglomération,Hors intersection,Normale,Sans collision,4,2,2,0,1,1,1,0,1,50,1,1,0,0,0,1,25.0,,deux_roues,,1,2,1,1,7
202000003482,2020-06-22 02:55:00,2020,6,22,2,55,75,75107,RUE SAINT DOMINIQUE,48.859958,2.314845,Nuit avec éclairage allumé,En agglomération,Intersection en X,Normale,Autre collision,4,1,1,0,1,1,1,0,1,30,1,3,1,0,0,2,29.0,,voiture,,5,2,2,1,6
202000003483,2020-06-22 07:40:00,2020,6,22,7,40,75,75112,CARREFOUR DE PYRAMIDE,48.83378,2.445165,Plein jour,En agglomération,Intersection à plus de 4 branches,Normale,Deux véhicules - côté,4,1,1,1,1,2,1,-1,5,50,2,2,1,0,0,1,38.0,25.0,deux_roues,utilitaire_camion,1,2,5,1,3
202000003484,2020-06-22 18:30:00,2020,6,22,18,30,75,75111,RUE MORET,48.867297,2.379268,Plein jour,En agglomération,Hors intersection,Normale,Deux véhicules - côté,4,1,1,0,1,1,1,0,1,50,2,2,1,0,0,1,61.0,38.0,voiture,deux_roues,1,2,1,1,3
202000003485,2020-06-21 03:05:00,2020,6,21,3,5,75,75110,BOULEVARD DE MAGENTA,48.877996,2.354528,Nuit avec éclairage allumé,En agglomération,Hors intersection,Normale,Trois véhicules et plus - en chaîne,4,3,4,0,1,1,1,0,1,50,3,4,3,0,0,1,23.0,27.0,voiture,voiture,5,2,1,1,4
202000003486,2020-06-22 10:45:00,2020,6,22,10,45,75,75109,RUE HALEVY,48.871119,2.332319,Plein jour,En agglomération,Place,Normale,Autre collision,4,1,2,0,1,1,1,0,1,50,1,2,1,0,0,1,40.0,,voiture,,1,2,7,1,6