accident_id,datetime,annee,mois,jour,heure,minute,departement,commune_insee,adresse,latitude,longitude,luminosite,agglomeration,intersection,meteo,collision,catr,circ,nbv,vosp,prof,plan,surf,infra,situ,vma,nb_vehicules,nb_usagers,nb_indemnes,nb_tues,nb_blesses_hosp,nb_blesses_legers,age_cond_1,age_cond_2,veh_type_cond_1,veh_type_cond_2,lum_code,agg_code,int_code,atm_code,col_code
202000003579,2020-06-21 18:00:00,2020,6,21,18,0,42,42071,Avenue Parmentier,46.027166,4.0898595,Plein jour,En agglomération,Hors intersection,Normale,Trois véhicules et plus - en chaîne,3,2,2,0,1,3,1,0,1,50,3,3,1,0,0,2,43.0,78.0,voiture,voiture,1,2,1,1,4
202000003580,2020-06-21 22:25:00,2020,6,21,22,25,42,42044,Rue Benoit Frachon,45.3980599,4.3466205,Nuit avec éclairage allumé,En agglomération,Hors intersection,Normale,Autre collision,4,2,1,0,1,1,1,8,3,50,1,3,1,0,0,2,20.0,,utilitaire_camion,,5,2,1,1,6
202000003581,2020-06-20 12:15:00,2020,6,20,12,15,37,37261,ENTRAIGUES (RUE D'),47.386097,0.6766602,Plein jour,En agglomération,Intersection en X,Normale,Autre collision,4,2,2,0,1,1,1,0,1,50,1,2,1,0,1,0,20.0,,voiture,,1,2,2,1,6
202000003582,2020-06-20 09:20:00,2020,6,20,9,20,34,34172,HUGO (BOULEVARD VICTOR),43.6064631,3.877814,Plein jour,En agglomération,Hors intersection,Normale,Sans collision,4,1,2,0,1,1,1,0,1,50,1,1,0,0,1,0,,,,,1,2,1,1,7
202000003583,2020-06-21 16:40:00,2020,6,21,16,40,33,33281,AVE MARCEL DASSAULT / Rocade A630  -E10-,44.8433106,-0.672495,Plein jour,En agglomération,Intersection en Y,Normale,Deux véhicules - arrière,1,1,1,0,1,1,1,3,1,50,2,2,1,0,0,1,65.0,44.0,voiture,voiture,1,2,4,1,2
202000003584,2020-06-20 11:39:00,2020,6,20,11,39,29,29232,Boulevard Gutenberg,47.98275,-4.07502,Plein jour,En agglomération,Giratoire,Normale,Deux véhicules - arrière,3,1,3,0,1,1,1,0,1,50,2,5,4,0,0,1,77.0,33.0,voiture,utilitaire_camion,1,2,6,1,2
202000003585,2020-06-21 23:30:00,2020,6,21,23,30,26,26198,2 Allée Georges Bizet,44.56781,4.7366,Nuit avec éclairage allumé,Hors agglomération,Hors intersection,Normale,Autre collision,2,2,2,0,1,1,1,0,3,80,1,1,0,1,0,0,47.0,,voiture,,5,1,1,1,6
202000003586,2020-06-21 02:40:00,2020,6,21,2,40,17,17300,REMPARTS   CHEMIN DES,46.16473,-1.15557,Nuit avec éclairage allumé,En agglomération,Autre intersection,Normale,Autre collision,4,1,2,0,1,1,1,6,1,30,1,1,0,0,0,1,,,,,5,2,9,1,6
202000003587,2020-06-20 11:50:00,2020,6,20,11,50,17,17300,RN 237,46.17561,-1.21271,Plein jour,Hors agglomération,Hors intersection,Normale,Deux véhicules - arrière,2,3,1,0,1,3,1,0,1,90,2,3,2,0,0,1,60.0,22.0,voiture,voiture,1,1,1,1,2
202000003588,2020-06-21 22:20:00,2020,6,21,22,20,13,13208,SAINTE FAMILLE (RUE),43.27844,5.393915,Nuit avec éclairage allumé,En agglomération,Intersection en X,Normale,Deux véhicules - côté,4,1,2,0,1,1,1,6,1,50,2,1,0,0,0,1,36.0,,deux_roues,,5,2,2,1,3
202000003589,2020-06-21 20:40:00,2020,6,21,20,40,13,13215,SAINT ANTOINE (AVENUE DE),43.37517,5.35579,Plein jour,En agglomération,Intersection en Y,Normale,Deux véhicules - arrière,4,2,3,0,1,1,1,0,1,50,2,2,0,0,0,2,31.0,,voiture,,1,2,4,1,2
202000003590,2020-06-21 06:45:00,2020,6,21,6,45,13,13208,JOSEPH VIDAL (AVENUE),43.25154,5.37784,Plein jour,En agglomération,Hors intersection,Normale,Trois véhicules et plus - en chaîne,4,-1,2,0,1,1,1,0,1,50,4,2,1,0,0,1,25.0,,voiture,,1,2,1,1,4
202000003591,2020-06-21 05:50:00,2020,6,21,5,50,13,13215,LITTORAL (CHEMIN DU),43.3397,5.3481,Crépuscule ou aube,En agglomération,Hors intersection,Normale,Autre collision,3,-1,2,0,1,1,1,0,1,50,1,3,1,0,1,1,21.0,,voiture,,2,2,1,1,6
202000003592,2020-06-21 04:47:00,2020,6,21,4,47,13,13208,GOUDES (CHEMIN DES),43.22583,5.348439,Nuit avec éclairage allumé,En agglomération,Hors intersection,Normale,Autre collision,4,2,2,0,1,2,1,0,3,50,1,1,0,0,0,1,,,,,5,2,1,1,6
202000003593,2020-06-20 15:30:00,2020,6,20,15,30,13,13205,ABBE DE L'EPEE (rue),43.2972674,5.3940788,Plein jour,En agglomération,Intersection en X,Normale,Deux véhicules - côté,4,1,1,0,1,1,1,0,1,50,2,3,1,0,1,1,20.0,33.0,deux_roues,utilitaire_camion,1,2,2,1,3
202000003594,2020-06-18 11:07:00,2020,6,18,11,7,12,12145,JAURES JEAN (AVENUE),44.10294,3.07963,Plein jour,En agglomération,Hors intersection,Normale,Autre collision,4,2,2,0,1,1,1,0,1,30,1,2,1,0,0,1,54.0,,deux_roues,,1,2,1,1,6
202000003595,2020-06-21 23:30:00,2020,6,21,23,30,06,06027,7 PLAGE BOULEVARD DE LA,43.6523779,7.154527,Nuit avec éclairage allumé,En agglomération,Hors intersection,Normale,Autre collision,7,3,4,0,1,1,1,0,1,50,1,2,1,1,0,0,22.0,,voiture,,5,2,1,1,6
202000003596,2020-06-21 17:10:00,2020,6,21,17,10,06,06027,DELATTRE DE TASSIGNY AV DU MAL,43.65816,7.1629,Plein jour,En agglomération,Hors intersection,Normale,Autre collision,7,2,2,0,1,1,1,0,1,50,1,2,1,0,1,0,38.0,,utilitaire_camion,,1,2,1,1,6
202000003597,2020-06-20 04:04:00,2020,6,20,4,4,75,75117,PORTE D ASNIERES,48.889371,2.296098,Nuit avec éclairage allumé,En agglomération,Hors intersection,Normale,Trois véhicules et plus - en chaîne,4,1,4,0,1,1,1,1,1,70,3,7,6,0,0,1,43.0,67.0,voiture,voiture,5,2,1,1,4
202000003598,2020-06-20 23:05:00,2020,6,20,23,5,75,75119,RUE MANIN,48.886391,2.394019,Nuit avec éclairage allumé,En agglomération,Place,Normale,Deux véhicules - arrière,4,2,2,0,1,1,1,0,1,50,2,3,1,0,0,2,29.0,,voiture,,5,2,7,1,2
202000003599,2020-06-20 20:45:00,2020,6,20,20,45,75,75118,RUE ORDENER,48.892159,2.346341,Plein jour,En agglomération,Intersection en T,Normale,Deux véhicules - côté,4,2,3,0,1,1,1,0,1,50,2,1,0,0,0,1,30.0,,deux_roues,,1,2,3,1,3
202000003600,2020-06-20 23:40:00,2020,6,20,23,40,75,75117,BOULEVARD DES BATIGNOLLES,48.882212,2.320345,Nuit avec éclairage allumé,En agglomération,Intersection en X,Normale,Deux véhicules - côté,4,1,4,0,1,1,1,0,1,50,2,2,1,0,0,1,61.0,25.0,deux_roues,deux_roues,5,2,2,1,3
202000003601,2020-06-21 21:00:00,2020,6,21,21,0,75,75111,BOULEVARD VOLTAIRE,48.861976,2.373127,Plein jour,En agglomération,Hors intersection,Pluie légère,Deux véhicules - côté,4,2,2,0,1,1,2,0,1,50,2,1,0,0,0,1,18.0,,deux_roues,,1,2,1,2,3
202000003602,2020-06-20 13:45:00,2020,6,20,13,45,75,75111,RUE DU FAUBOURG SAINT ANTOINE,48.848612,2.394357,Plein jour,En agglomération,Place,Normale,Sans collision,4,2,2,0,1,1,1,5,1,30,1,1,0,0,1,0,36.0,,deux_roues,,1,2,7,1,7
202000003603,2020-06-21 02:50:00,2020,6,21,2,50,75,75111,RUE OBERKAMPF,48.865639,2.377333,Nuit avec éclairage allumé,En agglomération,Intersection en X,Normale,Autre collision,4,1,1,0,2,1,1,0,1,50,1,2,1,0,0,1,36.0,,voiture,,5,2,2,1,6
202000003604,2020-06-21 00:55:00,2020,6,21,0,55,75,75108,BOULEVARD MALESHERBES,48.880112,2.313453,Nuit avec éclairage allumé,En agglomération,Intersection en T,Normale,Autre collision,4,2,4,0,1,1,1,0,1,50,1,1,0,0,1,0,53.0,,deux_roues,,5,2,3,1,6
202000003605,2020-06-21 00:05:00,2020,6,21,0,5,75,75108,AVENUE DES CHAMPS ELYSEES,48.871869,2.300855,Nuit avec éclairage allumé,En agglomération,Intersection en X,Normale,Deux véhicules - arrière,4,2,4,0,2,1,1,0,1,50,2,2,1,0,0,1,76.0,22.0,deux_roues,voiture,5,2,2,1,2
202000003606,2020-06-21 19:10:00,2020,6,21,19,10,94,94043,JEAN JAURES (PL),48.81213,2.3564,Plein jour,En agglomération,Intersection en T,Pluie légère,Deux véhicules - côté,3,2,2,0,2,1,2,0,1,30,2,2,1,0,0,1,37.0,56.0,voiture,deux_roues,1,2,3,2,3
202000003607,2020-06-21 00:50:00,2020,6,21,0,50,94,94070,MARC ANTOINE CHARPENTIER (R),48.73488,2.58053,Nuit avec éclairage allumé,En agglomération,Hors intersection,Normale,Deux véhicules - côté,4,2,2,0,1,2,1,0,8,30,2,2,1,0,0,1,21.0,,deux_roues,,5,2,1,1,3
202000003608,2020-06-20 23:45:00,2020,6,20,23,45,92,92050,JOLIOT CURIE F. ET IRENE AVENUE  N°PAIRS,48.8888,2.2032,Nuit avec éclairage allumé,En agglomération,Intersection en X,Normale,,3,3,4,1,1,1,1,0,1,50,2,3,0,0,3,0,30.0,33.0,deux_roues,deux_roues,5,2,2,1,-1
202000003609,2020-06-21 19:48:00,2020,6,21,19,48,92,92048,HENRI SAVIGNAC (RUE),48.8221637,2.2321612,Plein jour,En agglomération,Hors intersection,Normale,Sans collision,4,2,1,0,2,1,2,0,4,50,1,1,0,0,0,1,44.0,,deux_roues,,1,2,1,1,7
202000003610,2020-06-20 20:40:00,2020,6,20,20,40,92,92036,LUCIEN LANTERNIER (AVENUE) (1/17),48.932796,2.292729,Plein jour,En agglomération,Intersection en T,Normale,Deux véhicules - côté,3,-1,2,1,1,1,1,0,1,50,2,2,1,0,0,1,22.0,39.0,deux_roues,voiture,1,2,3,1,3
202000003611,2020-06-21 17:50:00,2020,6,21,17,50,92,92026,VERDUN (DE 01 A 61),48.9004163,2.2607726,Plein jour,En agglomération,Intersection en X,Normale,Deux véhicules - côté,3,2,3,0,1,1,1,8,1,50,2,3,2,0,0,1,43.0,28.0,voiture,utilitaire_camion,1,2,2,1,3
202000003612,2020-06-21 17:45:00,2020,6,21,17,45,54,54552,D53,48.418702,6.052646,Plein jour,Hors agglomération,Hors intersection,Normale,Deux véhicules - frontale,3,2,2,0,2,1,1,0,1,80,2,2,0,0,0,2,19.0,30.0,voiture,deux_roues,1,1,1,1,1
202000003613,2020-06-21 19:00:00,2020,6,21,19,0,51,51262,134 Rue du Grand Der,48.6926939,4.5975317,Plein jour,En agglomération,Hors intersection,Normale,Deux véhicules - arrière,3,2,2,0,1,1,1,0,1,50,2,2,1,0,1,0,43.0,48.0,deux_roues,utilitaire_camion,1,2,1,1,2
202000003614,2020-06-21 12:36:00,2020,6,21,12,36,68,68188,D430,47.937553,7.061975,Plein jour,Hors agglomération,Hors intersection,Normale,Sans collision,3,2,2,0,2,3,9,0,1,80,1,1,0,0,0,1,52.0,,deux_roues,,1,1,1,1,7
202000003615,2020-06-21 21:35:00,2020,6,21,21,35,68,68173,314 Derriere la Roche,48.109052,7.191914,Nuit avec éclairage allumé,En agglomération,Hors intersection,Normale,,3,2,2,0,1,1,1,0,1,50,2,3,0,0,1,2,18.0,17.0,voiture,deux_roues,5,2,1,1,-1
202000003616,2020-06-22 19:45:00,2020,6,22,19,45,28,28127,La Perruche,48.17005,1.267424,Plein jour,Hors agglomération,Hors intersection,Normale,Sans collision,3,2,2,0,1,2,1,0,1,80,1,3,2,0,1,0,20.0,,voiture,,1,1,1,1,7
202000003617,2020-06-22 15:45:00,2020,6,22,15,45,67,67003,Albé,48.351294,7.311836,Plein jour,Hors agglomération,Hors intersection,Normale,Sans collision,3,2,2,0,1,1,1,0,8,-1,1,1,0,0,1,0,77.0,,deux_roues,,1,1,1,1,7
202000003618,2020-06-21 22:00:00,2020,6,21,22,0,974,97414,Rue Jean Robert,-21.2893544,55.4043531,Plein jour,En agglomération,Intersection en T,Normale,Autre collision,4,2,2,0,1,1,1,6,4,50,1,1,0,0,1,0,31.0,,deux_roues,,1,2,3,1,6
202000003619,2020-06-21 20:40:00,2020,6,21,20,40,48,48140,A75,44.82483,3.265836,Crépuscule ou aube,Hors agglomération,Hors intersection,Temps couvert,Autre collision,1,1,1,0,1,4,1,8,1,50,1,2,0,0,1,1,77.0,,voiture,,2,1,1,8,6
202000003620,2020-06-21 08:45:00,2020,6,21,8,45,19,19121,D901,45.4667021,1.3895729,Plein jour,Hors agglomération,Hors intersection,Normale,Sans collision,3,2,2,0,1,1,1,0,3,90,1,1,0,0,1,0,15.0,,deux_roues,,1,1,1,1,7
202000003621,2020-06-20 09:00:00,2020,6,20,9,0,19,19063,155 Rue du 19 Mars 1962,45.1347222,1.5843372,Plein jour,En agglomération,Hors intersection,Normale,Autre collision,4,2,2,0,2,2,1,0,8,30,1,1,0,0,1,0,86.0,,voiture,,1,2,1,1,6
202000003622,2020-06-21 18:05:00,2020,6,21,18,5,56,56169,Rue du Pont Lorois,47.678117,-3.205369,Plein jour,En agglomération,Hors intersection,Normale,Trois véhicules et plus - en chaîne,3,2,2,0,1,1,1,9,1,50,3,7,5,0,0,2,44.0,49.0,voiture,voiture,1,2,1,1,4
202000003623,2020-06-22 02:30:00,2020,6,22,2,30,2A,2A269,RT 10,41.8180148,9.4022451,Nuit sans éclairage public,Hors agglomération,Hors intersection,Normale,Autre collision,2,-1,2,0,1,1,1,0,3,80,1,1,0,0,1,0,36.0,,utilitaire_camion,,3,1,1,1,6
202000003624,2020-06-19 15:35:00,2020,6,19,15,35,2A,2A269,"RT 10, Canella",41.8182773,9.4022962,Plein jour,Hors agglomération,Hors intersection,Normale,Sans collision,2,-1,2,0,1,3,1,0,3,80,1,1,0,0,1,0,69.0,,deux_roues,,1,1,1,1,7
202000003625,2020-06-22 11:45:00,2020,6,22,11,45,2B,2B286,Départementale 406,42.486324,9.522851,Plein jour,Hors agglomération,Hors intersection,Normale,Autre collision,3,2,2,0,1,2,1,0,3,80,1,1,0,0,0,1,39.0,,voiture,,1,1,1,1,6
202000003626,2020-06-21 11:30:00,2020,6,21,11,30,80,80686,D 11,50.0077993,2.3820725,Plein jour,Hors agglomération,Hors intersection,Normale,Deux véhicules - frontale,3,2,2,0,3,1,2,0,1,80,2,2,0,1,1,0,20.0,25.0,voiture,voiture,1,1,1,1,1
202000003627,2020-06-21 10:05:00,2020,6,21,10,5,32,32147,Route de Samatan,43.619625,0.882197,Plein jour,En agglomération,Hors intersection,Normale,Autre collision,3,2,2,0,1,1,1,9,3,50,1,1,0,0,1,0,35.0,,voiture,,1,2,1,1,6
202000003628,2020-06-21 22:45:00,2020,6,21,22,45,49,49218,Avenue de la Belliere,47.2666015,-1.0253784,Nuit avec éclairage allumé,En agglomération,Intersection en X,Normale,Deux véhicules - côté,3,2,2,0,1,1,1,5,1,50,2,3,2,0,1,0,42.0,17.0,voiture,deux_roues,5,2,2,1,3
202000003629,2020-06-21 13:10:00,2020,6,21,13,10,12,12215,RD 840,44.482315,2.40232,Plein jour,Hors agglomération,Hors intersection,Normale,Deux véhicules - frontale,3,2,2,0,2,1,1,0,1,80,2,2,0,0,0,2,29.0,60.0,voiture,voiture,1,1,1,1,1
202000003630,2020-06-22 09:20:00,2020,6,22,9,20,22,22203,D700,48.344912,-2.838871,Plein jour,Hors agglomération,Intersection en Y,Normale,Deux véhicules - côté,3,2,2,0,1,2,1,5,1,80,2,2,1,0,1,0,72.0,49.0,voiture,voiture,1,1,4,1,3
202000003631,2020-06-21 18:00:00,2020,6,21,18,0,35,35078,RD 797,48.604385,-1.719228,Plein jour,Hors agglomération,Intersection en Y,Normale,Deux véhicules - côté,3,3,1,0,1,2,1,9,1,70,2,2,1,0,1,0,31.0,72.0,deux_roues,voiture,1,1,4,1,3
202000003632,2020-06-21 23:00:00,2020,6,21,23,0,29,29061,Rue Jules Verne,48.4509904,-4.4520707,Nuit avec éclairage allumé,En agglomération,Hors intersection,Normale,Sans collision,4,-1,2,0,1,1,1,0,1,30,1,1,0,0,0,1,17.0,,deux_roues,,5,2,1,1,7
202000003633,2020-06-22 10:20:00,2020,6,22,10,20,38,38006,D9,45.411112,6.08148,Plein jour,Hors agglomération,Hors intersection,Normale,Sans collision,3,2,2,0,2,4,1,0,3,80,1,1,0,0,1,0,37.0,,voiture,,1,1,1,1,7
202000003634,2020-06-22 10:15:00,2020,6,22,10,15,14,14239,D125,49.387813,-0.948923,Plein jour,Hors agglomération,Intersection en T,Normale,,3,2,2,0,2,2,1,0,1,70,3,3,2,0,0,1,35.0,17.0,utilitaire_camion,deux_roues,1,1,3,1,-1
202000003635,2020-06-22 07:35:00,2020,6,22,7,35,60,60405,D68,49.689798,1.806436,Plein jour,Hors agglomération,Hors intersection,Normale,Deux véhicules - frontale,3,2,2,0,1,2,1,0,1,80,2,2,1,0,0,1,44.0,23.0,voiture,voiture,1,1,1,1,1
202000003636,2020-06-21 19:50:00,2020,6,21,19,50,60,60557,d7,49.5965293,1.9337466,Plein jour,Hors agglomération,Hors intersection,Normale,Deux véhicules - côté,3,2,2,0,2,1,1,0,1,80,2,2,1,0,0,1,65.0,57.0,voiture,deux_roues,1,1,1,1,3
202000003637,2020-06-20 19:25:00,2020,6,20,19,25,18,18226,D33,47.139001,2.483232,Plein jour,Hors agglomération,Hors intersection,Normale,Sans collision,3,2,2,0,1,2,1,0,3,80,1,1,0,0,1,0,42.0,,deux_roues,,1,1,1,1,7
202000003638,2020-06-19 13:10:00,2020,6,19,13,10,36,36018,Rue de Poitiers,46.630763,1.058089,Crépuscule ou aube,En agglomération,Hors intersection,Normale,Deux véhicules - côté,3,2,2,0,2,2,1,0,1,50,2,2,1,0,0,1,46.0,69.0,deux_roues,deux_roues,2,2,1,1,3
202000003639,2020-06-22 16:25:00,2020,6,22,16,25,36,36005,,46.758121,1.810985,Plein jour,Hors agglomération,Hors intersection,Normale,Deux véhicules - côté,3,2,2,0,1,1,1,0,1,80,2,2,1,0,0,1,20.0,41.0,voiture,utilitaire_camion,1,1,1,1,3
202000003640,2020-06-22 02:40:00,2020,6,22,2,40,04,04007,RN 202,43.9359013,6.5316715,Nuit sans éclairage public,Hors agglomération,Hors intersection,Normale,Sans collision,2,2,2,0,1,2,1,0,8,80,1,2,0,0,2,0,23.0,,voiture,,3,1,1,1,7
202000003641,2020-06-22 18:15:00,2020,6,22,18,15,85,85039,Rue de Nantes,47.01974,-1.20055,Plein jour,En agglomération,Intersection en X,Normale,Deux véhicules - frontale,4,2,1,0,1,1,1,0,1,50,2,2,1,0,1,0,24.0,31.0,deux_roues,voiture,1,2,2,1,1
202000003642,2020-06-20 19:00:00,2020,6,20,19,0,48,48097,D983,44.162427,3.795691,Plein jour,Hors agglomération,Hors intersection,Normale,Sans collision,3,2,2,0,1,3,1,2,1,80,1,2,1,0,1,0,53.0,,deux_roues,,1,1,1,1,7
202000003643,2020-06-21 17:30:00,2020,6,21,17,30,48,48130,D907,44.205758,3.58194,Plein jour,Hors agglomération,Hors intersection,Normale,Autre collision,3,2,2,0,1,3,9,0,3,80,1,1,0,0,1,0,59.0,,deux_roues,,1,1,1,1,6
202000003644,2020-06-21 19:55:00,2020,6,21,19,55,08,08490,D983,49.432782,4.672692,Plein jour,Hors agglomération,Hors intersection,Normale,Sans collision,3,2,2,0,1,1,1,0,3,80,1,1,0,0,1,0,53.0,,deux_roues,,1,1,1,1,7
202000003645,2020-06-22 14:25:00,2020,6,22,14,25,69,69244,Avenue Général Brosset,45.756664,4.782135,Plein jour,En agglomération,Intersection en X,Normale,Deux véhicules - frontale,3,2,2,0,1,1,1,0,1,50,2,2,1,0,0,1,47.0,29.0,voiture,deux_roues,1,2,2,1,1
202000003646,2020-02-02 15:05:00,2020,2,2,15,5,75,75118,BOULEVARD BARBES,48.887171,2.349482,Plein jour,En agglomération,Intersection en T,Pluie légère,Deux véhicules - côté,4,4,1,0,1,1,2,0,1,50,2,2,1,0,0,1,45.0,31.0,voiture,deux_roues,1,2,3,2,3
202000003647,2020-02-01 15:15:00,2020,2,1,15,15,75,75118,RUE DU RUISSEAU,48.897219,2.342292,Plein jour,En agglomération,Intersection en X,Normale,Autre collision,4,1,2,0,1,1,1,0,1,30,1,2,1,0,0,1,84.0,,voiture,,1,2,2,1,6
202000003648,2020-02-01 13:20:00,2020,2,1,13,20,75,75115,RUE DE LA CONVENTION,48.845091,2.279153,Plein jour,En agglomération,Hors intersection,Pluie légère,Deux véhicules - côté,4,2,2,0,1,1,2,0,1,50,2,2,1,0,0,1,72.0,71.0,voiture,deux_roues,1,2,1,2,3
202000003649,2020-02-02 03:00:00,2020,2,2,3,0,75,75114,AVENUE DU MAINE,48.837514,2.322909,Nuit avec éclairage allumé,En agglomération,Intersection en X,Pluie légère,Autre collision,4,2,5,0,1,1,2,9,1,50,1,1,0,0,0,1,28.0,,deux_roues,,5,2,2,2,6
202000003650,2020-02-02 10:30:00,2020,2,2,10,30,75,75113,BOULEVARD VINCENT AURIOL,48.833767,2.365031,Plein jour,En agglomération,Intersection en X,Pluie légère,,4,1,2,1,2,1,2,-1,5,50,2,2,1,0,0,1,61.0,,deux_roues,,1,2,2,2,-1
202000003651,2020-02-02 09:50:00,2020,2,2,9,50,75,75111,BOULEVARD RICHARD LENOIR,48.856348,2.370272,Plein jour,En agglomération,Hors intersection,Temps couvert,Deux véhicules - côté,4,1,2,0,1,1,1,0,1,50,2,2,1,0,0,1,30.0,53.0,deux_roues,voiture,1,2,1,8,3
202000003652,2020-02-01 16:30:00,2020,2,1,16,30,75,75109,RUE DES MARTYRS,48.876777,2.339227,Plein jour,En agglomération,Intersection à plus de 4 branches,Normale,Autre collision,4,-1,2,3,2,1,1,-1,6,30,1,3,2,0,1,0,15.0,,deux_roues,,1,2,5,1,6
202000003653,2020-02-02 13:33:00,2020,2,2,13,33,75,75108,BOULEVARD DE COURCELLES,48.881131,2.315333,Plein jour,En agglomération,Intersection en X,Normale,Deux véhicules - côté,4,-1,2,0,1,1,1,0,1,50,2,2,1,0,0,1,23.0,34.0,deux_roues,voiture,1,2,2,1,3
202000003654,2020-02-02 05:55:00,2020,2,2,5,55,94,94065,PONT DES HALLES (R DU),48.75762,2.34788,Nuit avec éclairage allumé,En agglomération,Hors intersection,Pluie forte,Autre collision,6,2,1,0,1,1,2,0,1,10,1,3,1,0,0,2,24.0,,voiture,,5,2,1,3,6
202000003655,2020-02-01 20:00:00,2020,2,1,20,0,94,94033,MARECHAL JOFFRE (AV DU),48.85377,2.47021,Nuit avec éclairage allumé,En agglomération,Place,Pluie légère,Deux véhicules - côté,3,2,2,1,2,1,2,0,1,50,2,2,1,0,0,1,43.0,17.0,voiture,deux_roues,5,2,7,2,3
202000003656,2020-02-02 19:20:00,2020,2,2,19,20,94,94017,Avenue Roger Salengro,48.81805,2.49344,Nuit avec éclairage allumé,En agglomération,Hors intersection,Pluie légère,Deux véhicules - frontale,3,2,2,0,1,1,2,0,1,30,2,2,0,0,0,2,47.0,75.0,voiture,voiture,5,2,1,2,1
202000003657,2020-02-02 11:10:00,2020,2,2,11,10,93,93071,HELENE BOUCHER (ALLEE),48.934852,2.5168699,Plein jour,En agglomération,Hors intersection,Pluie légère,Deux véhicules - côté,4,2,2,0,1,1,2,0,1,50,2,2,1,0,0,1,49.0,21.0,voiture,voiture,1,2,1,2,3
202000003658,2020-02-02 18:45:00,2020,2,2,18,45,93,93055,JEAN NICOT,48.8915642,2.4153519,Nuit avec éclairage allumé,En agglomération,Hors intersection,Pluie légère,Autre collision,4,2,4,0,1,1,2,0,1,50,1,3,2,0,0,1,62.0,,voiture,,5,2,1,2,6
202000003659,2020-02-02 15:15:00,2020,2,2,15,15,93,93008,VAILLANT COUTURIER (AVENUE PAUL),48.90724,2.45674,Plein jour,En agglomération,Autre intersection,Pluie légère,Deux véhicules - côté,3,1,2,0,1,1,2,0,1,50,2,5,2,0,0,3,33.0,43.0,voiture,voiture,1,2,9,2,3
202000003660,2020-02-02 00:45:00,2020,2,2,0,45,93,93007,ROND POINT PABLO NERUDA,48.95011,2.46673,Nuit avec éclairage allumé,En agglomération,Intersection en X,Pluie légère,Deux véhicules - côté,3,3,6,0,1,2,2,9,1,50,2,3,2,0,0,1,65.0,31.0,voiture,voiture,5,2,2,2,3
202000003661,2020-02-02 03:40:00,2020,2,2,3,40,93,93001,BD ANATOLE FRANCE / R DU CREVECOEUR,48.91948,2.38267,Nuit avec éclairage allumé,En agglomération,Intersection en X,Pluie légère,Deux véhicules - côté,3,-1,2,0,1,1,2,0,1,50,2,4,2,0,1,1,51.0,43.0,voiture,voiture,5,2,2,2,3
202000003662,2020-02-02 17:30:00,2020,2,2,17,30,92,92040,PROFESSEUR CALMETTE (AVENUE DU),48.8148244,2.2720768,Crépuscule ou aube,En agglomération,Intersection en X,Pluie légère,Deux véhicules - côté,3,2,2,0,2,1,2,5,1,50,2,2,1,0,0,1,63.0,42.0,voiture,deux_roues,2,2,2,2,3
202000003663,2020-02-02 20:09:00,2020,2,2,20,9,92,92004,DOCTEUR DERVAUX  ( QUAI DU ),48.90988,2.29496,Nuit avec éclairage allumé,En agglomération,Hors intersection,Pluie légère,Deux véhicules - côté,3,2,4,0,1,1,1,0,1,50,2,2,1,0,0,1,38.0,26.0,voiture,deux_roues,5,2,1,2,3
202000003664,2020-02-02 14:40:00,2020,2,2,14,40,92,92004,DOCTEUR DERVAUX  ( QUAI DU ),48.9044158,2.2865979,Plein jour,En agglomération,Hors intersection,Pluie légère,Deux véhicules - arrière,3,2,4,0,1,1,2,0,1,50,2,2,1,0,0,1,26.0,25.0,voiture,voiture,1,2,1,2,2
202000003665,2020-02-01 11:45:00,2020,2,1,11,45,65,65296,D48  Route du Vignoble,43.5310869,-0.0403213,Plein jour,Hors agglomération,Autre intersection,Normale,Deux véhicules - frontale,3,3,2,0,2,4,2,0,1,70,2,3,0,0,1,2,63.0,22.0,voiture,voiture,1,1,9,1,1
202000003666,2020-01-31 15:30:00,2020,1,31,15,30,12,12259,D922,44.306077,2.039225,Plein jour,Hors agglomération,Hors intersection,Temps couvert,Trois véhicules et plus - collisions multiples,3,2,2,0,3,2,2,0,1,80,3,3,2,0,1,0,72.0,76.0,voiture,voiture,1,1,1,8,5
202000003667,2020-02-01 19:52:00,2020,2,1,19,52,74,74011,1 Rue Commandant Ratel,45.923203,6.136562,Nuit avec éclairage allumé,En agglomération,Giratoire,Pluie légère,Deux véhicules - côté,4,1,2,0,2,3,2,5,1,50,2,1,0,0,0,1,31.0,,deux_roues,,5,2,6,2,3
202000003668,2020-02-03 07:45:00,2020,2,3,7,45,80,80092,CD 933,49.960528,2.27395,Plein jour,Hors agglomération,Intersection en X,Pluie légère,Deux véhicules - côté,3,2,2,0,2,1,2,5,1,80,2,2,1,0,0,1,36.0,36.0,voiture,deux_roues,1,1,2,2,3
202000003669,2020-02-02 16:30:00,2020,2,2,16,30,11,11024,D 6009,43.132599,2.964581,Plein jour,Hors agglomération,Autre intersection,Normale,,3,2,2,0,1,1,1,9,1,90,2,3,1,0,1,1,47.0,22.0,voiture,voiture,1,1,9,1,-1
202000003670,2020-02-03 11:20:00,2020,2,3,11,20,89,89167,D176,47.870935,3.436146,Plein jour,Hors agglomération,Intersection en X,Pluie légère,Deux véhicules - côté,3,2,2,0,2,1,2,0,1,80,2,2,1,0,0,1,39.0,30.0,voiture,deux_roues,1,1,2,2,3
202000003671,2020-02-03 13:20:00,2020,2,3,13,20,63,63109,D996,45.56483,3.160543,Plein jour,Hors agglomération,Intersection en X,Normale,Deux véhicules - arrière,3,2,2,0,1,1,1,0,1,80,2,2,1,0,0,1,64.0,70.0,voiture,deux_roues,1,1,2,1,2