accident_id,datetime,annee,mois,jour,heure,minute,departement,commune_insee,adresse,latitude,longitude,luminosite,agglomeration,intersection,meteo,collision,catr,circ,nbv,vosp,prof,plan,surf,infra,situ,vma,nb_vehicules,nb_usagers,nb_indemnes,nb_tues,nb_blesses_hosp,nb_blesses_legers,age_cond_1,age_cond_2,veh_type_cond_1,veh_type_cond_2,lum_code,agg_code,int_code,atm_code,col_code
202000003763,2020-02-01 20:30:00,2020,2,1,20,30,75,75119,AVENUE DE FLANDRE,48.890564,2.376844,Nuit avec éclairage allumé,En agglomération,Intersection en X,Normale,Autre collision,4,2,4,0,1,1,1,0,1,50,1,2,1,0,0,1,31.0,,voiture,,5,2,2,1,6
202000003764,2020-02-01 14:05:00,2020,2,1,14,5,75,75119,QUAI DE LA SEINE,48.886682,2.374542,Plein jour,En agglomération,Intersection en T,Normale,Autre collision,4,2,1,1,1,1,1,-1,5,20,1,2,0,0,0,2,32.0,,deux_roues,,1,2,3,1,6
202000003765,2020-02-01 01:30:00,2020,2,1,1,30,75,75116,VOIE GEORGES POMPIDOU,48.851664,2.280092,Nuit avec éclairage allumé,En agglomération,Hors intersection,Normale,Sans collision,4,1,1,2,1,1,1,-1,5,50,1,1,0,0,0,1,45.0,,deux_roues,,5,2,1,1,7
202000003766,2020-01-31 20:50:00,2020,1,31,20,50,75,75116,AVENUE DU MAHATMA GANDHI,48.876914,2.267862,Nuit avec éclairage allumé,En agglomération,Hors intersection,Normale,Autre collision,4,2,3,0,1,1,1,0,1,50,1,1,0,0,0,1,31.0,,voiture,,5,2,1,1,6
202000003767,2020-01-31 10:28:00,2020,1,31,10,28,75,75116,AVENUE FOCH,48.871947,2.282549,Plein jour,En agglomération,Intersection en T,Normale,Deux véhicules - côté,4,1,2,0,1,1,1,0,1,50,2,3,2,0,0,1,46.0,60.0,utilitaire_camion,voiture,1,2,3,1,3
202000003768,2020-02-01 01:55:00,2020,2,1,1,55,75,75114,PLACE VICTOR BASCH,48.827811,2.326662,Nuit avec éclairage allumé,En agglomération,Place,Normale,Deux véhicules - côté,4,1,2,0,1,1,1,9,1,50,2,2,1,0,0,1,50.0,19.0,deux_roues,voiture,5,2,7,1,3
202000003769,2020-02-01 18:50:00,2020,2,1,18,50,75,75112,ROUTE DE LA PYRAMIDE,48.834063,2.44482,Nuit avec éclairage allumé,En agglomération,Giratoire,Pluie légère,,4,3,2,0,1,1,2,9,1,50,2,3,2,0,0,1,36.0,36.0,voiture,voiture,5,2,6,2,-1
202000003770,2020-02-01 12:00:00,2020,2,1,12,0,75,75112,AVENUE DE SAINT MANDE,48.844885,2.401977,Plein jour,En agglomération,Place,Normale,Deux véhicules - arrière,4,2,2,0,1,1,1,0,1,50,2,2,1,0,0,1,47.0,61.0,voiture,voiture,1,2,7,1,2
202000003771,2020-02-01 00:20:00,2020,2,1,0,20,75,75112,QUAI DE LA RAPEE,48.842489,2.371841,Nuit avec éclairage allumé,En agglomération,Hors intersection,Normale,,4,1,2,0,1,1,1,0,1,50,2,1,0,0,0,1,40.0,,deux_roues,,5,2,1,1,-1
202000003772,2020-02-01 01:40:00,2020,2,1,1,40,75,75109,BOULEVARD DE CLICHY,48.882708,2.335753,Nuit avec éclairage allumé,En agglomération,Hors intersection,Normale,Autre collision,4,1,1,0,1,1,1,0,1,50,1,1,0,0,0,1,34.0,,deux_roues,,5,2,1,1,6
202000003773,2020-02-01 02:24:00,2020,2,1,2,24,75,75108,VOIE GEORGES POMPIDOU,48.864663,2.307402,Nuit avec éclairage allumé,En agglomération,Intersection en Y,Normale,Deux véhicules - côté,4,2,4,0,3,1,1,0,1,50,2,2,1,0,0,1,33.0,45.0,voiture,voiture,5,2,4,1,3
202000003774,2020-01-30 12:45:00,2020,1,30,12,45,75,75108,RUE DE LA PEPINIERE,48.8748506,2.3198769,Plein jour,En agglomération,Place,Pluie légère,Deux véhicules - côté,4,3,8,3,1,1,2,-1,6,50,2,2,1,0,0,1,24.0,23.0,utilitaire_camion,deux_roues,1,2,7,2,3
202000003775,2020-02-01 01:45:00,2020,2,1,1,45,75,75104,QUAI DE GESVRES,48.856699,2.348918,Nuit avec éclairage allumé,En agglomération,Intersection en X,Normale,Deux véhicules - côté,4,1,4,1,1,1,1,-1,6,50,2,2,1,0,0,1,61.0,34.0,deux_roues,voiture,5,2,2,1,3
202000003776,2020-02-01 06:55:00,2020,2,1,6,55,94,94081,ROUGET DE L ISLE (AV),48.77816,2.39679,Nuit avec éclairage allumé,En agglomération,Intersection en X,Pluie légère,Deux véhicules - arrière,3,2,2,0,1,1,2,5,1,30,2,2,1,0,0,1,37.0,53.0,voiture,deux_roues,5,2,2,2,2
202000003777,2020-01-31 16:30:00,2020,1,31,16,30,94,94068,LA FONTAINE (AV),48.80829,2.50629,Plein jour,En agglomération,Hors intersection,Normale,Sans collision,3,2,2,0,2,3,1,0,3,50,1,2,1,0,0,1,20.0,,voiture,,1,2,1,1,7
202000003778,2020-01-31 19:10:00,2020,1,31,19,10,94,94015,GEORGES MELIES (BD),48.8289315,2.5257733,Nuit avec éclairage allumé,En agglomération,Intersection en T,Normale,Autre collision,3,2,3,0,2,1,1,0,1,50,1,1,0,1,0,0,39.0,,deux_roues,,5,2,3,1,6
202000003779,2020-02-03 19:15:00,2020,2,3,19,15,94,94076,STALINGRAD (AV DE),48.7829,2.36704,Nuit avec éclairage allumé,En agglomération,Hors intersection,Temps éblouissant,Autre collision,3,1,2,0,1,1,2,0,4,50,1,1,0,0,0,1,52.0,,voiture,,5,2,1,7,6
202000003780,2020-02-01 19:30:00,2020,2,1,19,30,94,94034,JEAN JAURES (BD),48.7549,2.31955,Nuit avec éclairage allumé,En agglomération,Autre intersection,Pluie légère,Autre collision,3,2,2,0,2,1,2,0,1,50,1,2,1,0,0,1,20.0,,deux_roues,,5,2,9,2,6
202000003781,2020-02-01 15:25:00,2020,2,1,15,25,94,94017,François Mittérrand (avenue),48.81514,2.51632,Plein jour,En agglomération,Hors intersection,Pluie légère,Deux véhicules - arrière,3,1,2,0,2,1,2,0,1,50,2,4,3,0,1,0,32.0,49.0,voiture,voiture,1,2,1,2,2
202000003782,2020-02-01 13:45:00,2020,2,1,13,45,94,94017,HAUTS BONNE EAU (R DES),48.82427,2.52062,Plein jour,En agglomération,Hors intersection,Pluie légère,Deux véhicules - côté,4,2,1,0,2,1,2,0,1,50,2,2,1,0,0,1,21.0,69.0,voiture,voiture,1,2,1,2,3
202000003783,2020-02-01 01:35:00,2020,2,1,1,35,94,94017,ALLIES (BD DES),48.82973,2.48987,Nuit avec éclairage allumé,En agglomération,Giratoire,Normale,Deux véhicules - côté,2,1,2,0,1,1,1,9,1,50,2,6,2,0,0,4,51.0,28.0,voiture,voiture,5,2,6,1,3
202000003784,2020-02-01 01:40:00,2020,2,1,1,40,94,94004,CHARLES DE GAULLE (AV),48.7592511,2.5006571,Nuit avec éclairage allumé,En agglomération,Hors intersection,Pluie légère,Autre collision,3,2,2,0,1,1,2,0,1,50,1,1,0,1,0,0,41.0,,deux_roues,,5,2,1,2,6
202000003785,2020-02-01 22:10:00,2020,2,1,22,10,93,93055,EDOUARD VAILLANT DU 1 A FIN.,48.89724,2.39974,Nuit avec éclairage allumé,En agglomération,Hors intersection,Pluie légère,Deux véhicules - arrière,3,1,2,0,1,4,2,0,1,50,2,2,1,0,0,1,42.0,,voiture,,5,2,1,2,2
202000003786,2020-02-01 19:07:00,2020,2,1,19,7,92,92072,VILLE D'AVRAY (RUE DE ),48.82481,2.20738,Nuit avec éclairage allumé,En agglomération,Hors intersection,Pluie légère,Sans collision,3,2,2,0,2,3,2,0,1,50,1,1,0,0,0,1,23.0,,deux_roues,,5,2,1,2,7
202000003787,2020-02-01 19:15:00,2020,2,1,19,15,92,92020,PARIS AVENUE DE N° IMPAIRS,48.8091,2.29719,Nuit avec éclairage allumé,En agglomération,Hors intersection,Pluie légère,Deux véhicules - côté,3,2,2,0,2,1,2,0,3,50,2,2,1,0,0,1,58.0,23.0,voiture,deux_roues,5,2,1,2,3
202000003788,2020-01-30 19:30:00,2020,1,30,19,30,92,92025,VERDUN (RUE DE),48.924005,2.252594,Crépuscule ou aube,En agglomération,Intersection en T,Normale,Trois véhicules et plus - en chaîne,3,2,2,0,1,1,1,0,1,50,3,3,2,0,0,1,28.0,33.0,voiture,voiture,2,2,3,1,4
202000003789,2020-01-31 16:05:00,2020,1,31,16,5,14,14656,Route de Caen,48.9373108,-0.5064867,Plein jour,En agglomération,Hors intersection,Normale,Deux véhicules - frontale,3,2,2,0,2,1,1,8,1,50,2,2,1,0,0,1,42.0,53.0,voiture,voiture,1,2,1,1,1
202000003790,2020-02-02 17:30:00,2020,2,2,17,30,01,01378,D65,45.831778,5.189973,Crépuscule ou aube,Hors agglomération,Hors intersection,Pluie légère,Autre collision,3,2,2,0,1,1,2,0,3,80,1,3,0,0,3,0,28.0,,voiture,,2,1,1,2,6
202000003791,2020-02-01 19:40:00,2020,2,1,19,40,972,97214,RN1,14.843216,-61.089048,Nuit sans éclairage public,Hors agglomération,Hors intersection,Normale,Deux véhicules - frontale,2,2,2,0,1,1,1,0,1,80,2,2,1,0,1,0,21.0,39.0,deux_roues,voiture,3,1,1,1,1
202000003792,2020-02-01 19:00:00,2020,2,1,19,0,34,34114,A750,43.645905,3.54985,Nuit sans éclairage public,Hors agglomération,Hors intersection,Normale,Autre collision,1,3,4,0,2,3,1,0,2,110,1,1,0,0,1,0,58.0,,voiture,,3,1,1,1,6
202000003793,2020-02-02 16:10:00,2020,2,2,16,10,2B,2B229,D343,42.137644,9.278018,Plein jour,Hors agglomération,Hors intersection,Normale,Autre collision,3,2,2,0,2,2,2,2,8,80,1,5,0,0,1,4,50.0,,voiture,,1,1,1,1,6
202000003794,2020-01-26 03:30:00,2020,1,26,3,30,57,57611,86 Rue de France,48.657281,6.924911,Nuit avec éclairage allumé,Hors agglomération,Hors intersection,Normale,Sans collision,3,2,2,0,1,1,1,0,1,80,1,1,0,0,1,0,19.0,,voiture,,5,1,1,1,7
202000003795,2020-02-01 19:45:00,2020,2,1,19,45,51,51527,D28,49.2605735,3.7914097,Nuit sans éclairage public,Hors agglomération,Hors intersection,Pluie forte,Deux véhicules - côté,3,2,2,0,1,1,2,0,1,80,2,3,1,0,0,2,22.0,35.0,voiture,voiture,3,1,1,3,3
202000003796,2020-02-02 11:10:00,2020,2,2,11,10,19,19150,D38,45.0760602,1.6065751,Plein jour,Hors agglomération,Hors intersection,Normale,Autre collision,3,2,2,0,1,3,2,0,3,70,1,2,0,1,0,1,20.0,,voiture,,1,1,1,1,6
202000003797,2020-02-02 19:30:00,2020,2,2,19,30,76,76594,Route du Havre,49.490997,1.015173,Nuit sans éclairage public,Hors agglomération,Intersection en T,Pluie légère,Deux véhicules - côté,3,2,3,0,3,1,2,0,1,80,2,3,2,0,1,0,50.0,21.0,voiture,deux_roues,3,1,3,2,3
202000003798,2020-02-01 23:10:00,2020,2,1,23,10,76,76648,210 Avenue du General Hely d'Oissel,49.668683,1.271904,Nuit avec éclairage allumé,Hors agglomération,Hors intersection,Normale,Autre collision,3,2,2,0,3,1,2,0,3,70,1,1,0,1,0,0,71.0,,voiture,,5,1,1,1,6
202000003799,2020-02-01 14:25:00,2020,2,1,14,25,11,11255,D224,43.169286,2.914875,Plein jour,Hors agglomération,Intersection en X,Normale,Deux véhicules - côté,3,2,1,0,1,1,1,5,1,80,2,4,2,0,2,0,63.0,60.0,voiture,deux_roues,1,1,2,1,3
202000003800,2020-02-02 16:55:00,2020,2,2,16,55,34,34028,D908,43.615211,3.186877,Plein jour,Hors agglomération,Hors intersection,Normale,Deux véhicules - côté,3,2,2,0,2,1,1,0,1,80,2,1,0,0,1,0,55.0,,deux_roues,,1,1,1,1,3
202000003801,2020-02-01 23:15:00,2020,2,1,23,15,68,68065,D32,47.643815,7.036142,Nuit sans éclairage public,Hors agglomération,Hors intersection,Pluie légère,Sans collision,3,2,2,0,1,3,2,0,1,80,1,1,0,0,0,1,48.0,,voiture,,3,1,1,2,7
202000003802,2020-02-01 15:40:00,2020,2,1,15,40,22,22222,Le Chêne Vert,48.6894,-2.931877,Plein jour,En agglomération,Hors intersection,Normale,Autre collision,3,2,2,0,1,1,2,0,1,70,1,3,0,0,1,2,62.0,,deux_roues,,1,2,1,1,6
202000003803,2020-01-31 16:30:00,2020,1,31,16,30,38,38389,Avenue du Stade,45.55518,5.08177,Plein jour,En agglomération,Intersection en X,Normale,Deux véhicules - côté,4,2,2,0,1,1,1,0,1,50,2,2,1,0,1,0,16.0,80.0,deux_roues,voiture,1,2,2,1,3
202000003804,2020-01-31 20:05:00,2020,1,31,20,5,38,38503,Route du Lac,45.316004,5.945014,Nuit sans éclairage public,Hors agglomération,Hors intersection,Normale,Deux véhicules - frontale,3,2,2,0,1,1,2,2,1,50,2,5,3,0,0,2,42.0,19.0,voiture,voiture,3,1,1,1,1
202000003805,2020-02-01 04:00:00,2020,2,1,4,0,38,38042,Route de Grenoble,45.37051,5.40532,Nuit sans éclairage public,Hors agglomération,Hors intersection,Normale,Autre collision,3,2,2,0,1,1,1,0,1,80,1,2,1,1,0,0,41.0,,voiture,,3,1,1,1,6
202000003806,2020-02-01 15:45:00,2020,2,1,15,45,01,01320,D68a,46.312731,4.85909,Plein jour,Hors agglomération,Hors intersection,Temps couvert,Autre collision,3,2,2,0,1,3,2,0,8,80,1,1,0,0,1,0,41.0,,deux_roues,,1,1,1,8,6
202000003807,2020-02-01 20:52:00,2020,2,1,20,52,01,01445,D1083,46.326092,5.309912,Nuit sans éclairage public,Hors agglomération,Hors intersection,Normale,Sans collision,3,2,2,0,1,1,2,0,3,80,1,6,0,1,0,5,45.0,,voiture,,3,1,1,1,7
202000003808,2020-01-31 10:30:00,2020,1,31,10,30,54,54054,RD112,48.475732,6.313914,Plein jour,En agglomération,Hors intersection,Pluie légère,Autre collision,3,2,2,0,1,1,2,0,1,50,1,2,1,1,0,0,59.0,,voiture,,1,2,1,2,6
202000003809,2020-02-02 08:10:00,2020,2,2,8,10,72,72186,112 Route du Mans,48.209174,0.130205,Crépuscule ou aube,Hors agglomération,Hors intersection,Pluie légère,Autre collision,3,2,2,0,1,1,2,0,3,80,1,3,1,1,0,1,43.0,,voiture,,2,1,1,2,6
202000003810,2020-02-02 11:05:00,2020,2,2,11,5,06,06138,Avenue de Lérins,43.513472,6.937147,Plein jour,En agglomération,Hors intersection,Normale,Sans collision,3,2,2,0,1,4,1,0,1,50,1,1,0,0,1,0,29.0,,deux_roues,,1,2,1,1,7
202000003811,2020-02-01 03:00:00,2020,2,1,3,0,90,90069,1 Rue des Redais,47.525294,6.91731,Nuit sans éclairage public,Hors agglomération,Hors intersection,Normale,Autre collision,3,2,2,0,2,4,1,0,8,50,1,1,0,0,1,0,41.0,,voiture,,3,1,1,1,6
202000003812,2020-02-02 15:30:00,2020,2,2,15,30,60,60531,718 Rue de Francières,49.4416695,2.7025871,Plein jour,En agglomération,Autre intersection,Pluie légère,Sans collision,3,2,2,0,1,1,2,0,1,50,1,1,0,0,1,0,53.0,,deux_roues,,1,2,9,2,7
202000003813,2020-02-02 12:15:00,2020,2,2,12,15,24,24038,D708,45.297796,0.357678,Plein jour,Hors agglomération,Hors intersection,Pluie légère,Sans collision,3,2,2,0,1,1,2,0,3,80,1,1,0,0,1,0,62.0,,voiture,,1,1,1,2,7
202000003814,2020-02-01 22:00:00,2020,2,1,22,0,88,88486,D43,48.013988,6.709166,Nuit sans éclairage public,Hors agglomération,Hors intersection,Pluie légère,Autre collision,3,2,2,0,1,3,2,0,1,80,1,1,0,0,1,0,46.0,,voiture,,3,1,1,2,6
202000003815,2020-02-02 01:45:00,2020,2,2,1,45,03,03256,A71,46.3363894,2.8864546,Nuit sans éclairage public,Hors agglomération,Hors intersection,Normale,Autre collision,1,-1,2,0,1,1,1,0,2,130,1,2,1,0,1,0,34.0,,voiture,,3,1,1,1,6
202000003816,2020-02-02 12:00:00,2020,2,2,12,0,01,01254,A40,46.16862,5.3015439,Plein jour,Hors agglomération,Hors intersection,Pluie forte,Deux véhicules - frontale,1,1,5,0,1,1,2,0,1,110,2,7,2,0,0,5,27.0,73.0,voiture,voiture,1,1,1,3,1
202000003817,2020-02-01 18:30:00,2020,2,1,18,30,971,97121,D17,16.2245106,-61.7746739,Nuit avec éclairage allumé,En agglomération,Hors intersection,Normale,Autre collision,3,2,2,0,1,1,1,0,1,50,1,2,1,0,1,0,57.0,,voiture,,5,2,1,1,6
202000003818,2020-02-02 17:20:00,2020,2,2,17,20,34,34329,D37e9,43.25188,3.250993,Crépuscule ou aube,Hors agglomération,Hors intersection,Normale,Deux véhicules - côté,3,2,2,0,1,1,1,0,1,80,2,2,1,0,0,1,56.0,62.0,deux_roues,voiture,2,1,1,1,3
202000003819,2020-01-06 17:50:00,2020,1,6,17,50,83,83023,Avenue de la Liberation,43.405871,6.073008,Nuit avec éclairage allumé,En agglomération,Hors intersection,Pluie légère,Deux véhicules - côté,4,4,2,0,1,1,2,5,1,50,2,2,1,0,1,0,23.0,34.0,deux_roues,utilitaire_camion,5,2,1,2,3
202000003820,2020-02-01 11:57:00,2020,2,1,11,57,67,67400,D263,48.9859219,7.9584208,Plein jour,Hors agglomération,Hors intersection,Pluie forte,Deux véhicules - frontale,3,2,2,0,1,1,2,0,1,80,2,3,0,0,2,1,55.0,25.0,voiture,voiture,1,1,1,3,1
202000003821,2020-02-02 01:45:00,2020,2,2,1,45,38,38412,Route de Fourvoirie,45.3794,5.74346,Nuit sans éclairage public,Hors agglomération,Hors intersection,Normale,Autre collision,3,2,2,0,1,1,2,0,3,80,1,1,0,0,1,0,61.0,,utilitaire_camion,,3,1,1,1,6
202000003822,2020-02-02 14:45:00,2020,2,2,14,45,26,26206,Quartier le Rozet,44.822694,5.009983,Plein jour,Hors agglomération,Hors intersection,Normale,Sans collision,3,2,2,0,1,1,1,0,8,80,1,2,1,0,0,1,37.0,,voiture,,1,1,1,1,7
202000003823,2020-02-02 15:47:00,2020,2,2,15,47,23,23081,Faureix,45.755255,2.355044,Plein jour,Hors agglomération,Hors intersection,Pluie légère,Sans collision,3,2,2,0,2,3,2,0,3,80,1,5,4,0,0,1,26.0,,voiture,,1,1,1,2,7
202000003824,2020-02-02 18:00:00,2020,2,2,18,0,64,64230,Haut de Gan,43.169755,-0.441336,Plein jour,Hors agglomération,Hors intersection,Normale,Trois véhicules et plus - collisions multiples,2,2,3,0,2,1,1,0,1,90,3,8,0,0,1,7,40.0,35.0,utilitaire_camion,utilitaire_camion,1,1,1,1,5
202000003825,2020-01-31 13:45:00,2020,1,31,13,45,44,44103,Rue de la Chalandière,47.3285909,-2.1773642,Plein jour,En agglomération,Intersection en T,Pluie légère,Deux véhicules - côté,4,2,2,1,1,1,2,0,5,50,2,2,1,0,0,1,17.0,54.0,deux_roues,voiture,1,2,3,2,3
202000003826,2020-01-23 13:15:00,2020,1,23,13,15,59,59310,84 chaussée du bois,50.325043,3.826675,Plein jour,En agglomération,Intersection en T,Normale,Deux véhicules - frontale,3,2,2,0,1,1,1,0,1,70,2,2,1,0,1,0,26.0,75.0,voiture,deux_roues,1,2,3,1,1
202000003827,2020-01-31 20:40:00,2020,1,31,20,40,13,13015,A51-Sens Marseille vers Aix en Provence,43.458655,5.402754,Nuit sans éclairage public,Hors agglomération,Hors intersection,Normale,Trois véhicules et plus - en chaîne,1,1,2,0,1,1,1,0,1,90,3,4,2,0,0,2,25.0,60.0,utilitaire_camion,utilitaire_camion,3,1,1,1,4
202000003828,2020-01-28 17:25:00,2020,1,28,17,25,13,13055,A507 sens Marseille - Aubagne,43.296266,5.424594,Plein jour,Hors agglomération,Hors intersection,Normale,Deux véhicules - arrière,1,1,4,0,2,1,1,1,1,70,2,2,1,0,0,1,45.0,22.0,voiture,voiture,1,1,1,1,2
202000003829,2020-01-31 08:25:00,2020,1,31,8,25,67,67309,Autoroute A.4,48.6414859,7.7309619,Nuit sans éclairage public,Hors agglomération,Hors intersection,Temps couvert,Sans collision,1,1,3,0,1,1,2,0,1,90,1,1,0,0,0,1,43.0,,deux_roues,,3,1,1,8,7
202000003830,2020-02-01 15:43:00,2020,2,1,15,43,78,78640,A86 EXT,48.778689,2.206584,Plein jour,Hors agglomération,Hors intersection,Temps couvert,Trois véhicules et plus - en chaîne,1,3,3,0,1,1,1,0,1,110,4,7,6,0,0,1,29.0,25.0,voiture,voiture,1,1,1,8,4
202000003831,2020-01-31 20:59:00,2020,1,31,20,59,78,78640,N118,48.778338,2.222416,Nuit avec éclairage allumé,Hors agglomération,Hors intersection,Pluie légère,Deux véhicules - arrière,2,3,2,0,2,1,2,0,1,90,2,2,1,0,0,1,28.0,24.0,voiture,voiture,5,1,1,2,2
202000003832,2020-02-01 12:20:00,2020,2,1,12,20,93,93066,AUTOROUTE A1,48.92813,2.35799,Plein jour,Hors agglomération,Hors intersection,Pluie légère,Deux véhicules - côté,1,3,8,0,2,3,2,2,1,90,2,2,1,0,0,1,32.0,21.0,voiture,voiture,1,1,1,2,3
202000003833,2020-02-01 10:20:00,2020,2,1,10,20,92,92078,AUTOROUTE A86,48.9311319,2.3235238,Plein jour,Hors agglomération,Hors intersection,Pluie légère,Autre collision,1,3,3,0,1,3,2,0,1,90,1,1,0,0,0,1,19.0,,voiture,,1,1,1,2,6
202000003834,2020-02-01 05:55:00,2020,2,1,5,55,95,95277, A3,48.97999,2.49662,Nuit sans éclairage public,Hors agglomération,Hors intersection,Pluie forte,Autre collision,1,3,-1,0,1,1,2,0,1,90,1,1,0,0,0,1,57.0,,utilitaire_camion,,3,1,1,3,6
202000003835,2020-07-22 19:55:00,2020,7,22,19,55,92,92050,A86,48.9057399,2.2099512,Plein jour,Hors agglomération,Hors intersection,Normale,Trois véhicules et plus - en chaîne,1,3,8,0,1,1,1,0,1,70,3,4,3,0,0,1,17.0,39.0,voiture,voiture,1,1,1,1,4
202000003836,2020-07-22 18:00:00,2020,7,22,18,0,78,78402,A13,48.96389,1.792038,Plein jour,Hors agglomération,Hors intersection,Normale,Deux véhicules - arrière,1,3,6,0,1,1,1,0,1,130,2,2,0,0,0,2,44.0,19.0,voiture,voiture,1,1,1,1,2
202000003837,2020-07-23 19:00:00,2020,7,23,19,0,95,95424,AUTOROUTE A15,48.9893,2.1978,Plein jour,Hors agglomération,Hors intersection,Normale,Sans collision,1,3,8,0,2,2,1,3,1,70,1,1,0,0,0,1,27.0,,deux_roues,,1,1,1,1,7
202000003838,2020-07-22 18:30:00,2020,7,22,18,30,93,93066,AUTOROUTE A1,48.90852,2.35846,Plein jour,Hors agglomération,Hors intersection,Normale,Deux véhicules - arrière,1,3,8,0,1,1,1,1,1,90,2,2,1,0,0,1,52.0,34.0,voiture,deux_roues,1,1,1,1,2
202000003839,2020-07-23 19:45:00,2020,7,23,19,45,93,93051,A4,48.8359199,2.5613794,Plein jour,Hors agglomération,Hors intersection,Normale,Trois véhicules et plus - collisions multiples,1,1,3,0,1,1,1,8,1,90,3,3,2,0,0,1,31.0,58.0,voiture,voiture,1,1,1,1,5
202000003840,2020-07-23 08:40:00,2020,7,23,8,40,94,94017,A4,48.82788,2.50432,Plein jour,Hors agglomération,Hors intersection,Normale,Deux véhicules - arrière,1,3,10,0,1,1,1,1,1,90,2,2,1,0,0,1,27.0,30.0,deux_roues,deux_roues,1,1,1,1,2
202000003841,2020-07-22 16:15:00,2020,7,22,16,15,94,94017,A4,48.8287167,2.4781208,Plein jour,Hors agglomération,Hors intersection,Normale,Deux véhicules - arrière,1,1,3,0,1,1,1,0,1,90,2,2,1,0,0,1,81.0,45.0,voiture,utilitaire_camion,1,1,1,1,2
202000003842,2020-07-22 09:52:00,2020,7,22,9,52,974,97416,LORION(RUE LUC),-21.34067,55.46906,Plein jour,En agglomération,Hors intersection,Normale,Autre collision,4,2,2,0,1,1,1,0,1,50,1,2,1,0,0,1,58.0,,voiture,,1,2,1,1,6
202000003843,2020-06-30 18:50:00,2020,6,30,18,50,974,97416,Rue Hippolyte Piot,-21.29866,55.45385,Nuit avec éclairage allumé,En agglomération,Intersection en X,Normale,Deux véhicules - côté,3,2,2,0,1,1,1,9,1,50,2,2,1,0,1,0,23.0,17.0,voiture,autre,5,2,2,1,3
202000003844,2020-07-22 19:15:00,2020,7,22,19,15,974,97411,CHAUDRON  (BLD 1 DU),-20.89867,55.49649,Nuit avec éclairage allumé,En agglomération,Intersection en Y,Normale,Deux véhicules - côté,2,-1,2,0,1,3,1,0,1,50,2,2,1,0,0,1,21.0,59.0,voiture,deux_roues,5,2,4,1,3
202000003845,2020-07-23 02:00:00,2020,7,23,2,0,69,69259,MARCEL PAUL                         (AV),45.69933,4.88203,Nuit avec éclairage allumé,En agglomération,Hors intersection,Normale,Deux véhicules - arrière,4,2,2,0,1,1,1,8,1,50,2,2,1,0,0,1,57.0,23.0,voiture,voiture,5,2,1,1,2
202000003846,2020-07-22 19:15:00,2020,7,22,19,15,69,69383,AUBIGNY (D')                        (R ),45.7613,4.8638,Plein jour,En agglomération,Intersection en T,Normale,Deux véhicules - côté,4,1,1,1,1,1,1,0,1,50,2,2,1,0,0,1,36.0,22.0,deux_roues,voiture,1,2,3,1,3
202000003847,2020-07-22 18:45:00,2020,7,22,18,45,69,69387,CLAUDE BERNARD                      (QU),45.75258,4.83675,Plein jour,En agglomération,Hors intersection,Normale,Autre collision,4,2,5,1,1,1,1,6,5,50,1,2,1,0,0,1,32.0,,deux_roues,,1,2,1,1,6
202000003848,2020-07-22 16:05:00,2020,7,22,16,5,69,69387,GARIBALDI                           (R ),45.7481,4.85214,Plein jour,En agglomération,Hors intersection,Pluie légère,Deux véhicules - côté,4,1,4,0,1,1,2,0,1,50,2,2,1,0,0,1,21.0,19.0,voiture,utilitaire_camion,1,2,1,2,3
202000003849,2020-07-22 16:50:00,2020,7,22,16,50,69,69387,GAMBETTA                            (CO),45.75414,4.84627,Plein jour,En agglomération,Intersection en T,Pluie forte,Sans collision,4,2,4,1,1,1,2,0,1,50,1,1,0,0,0,1,29.0,,deux_roues,,1,2,3,3,7
202000003850,2020-07-21 07:00:00,2020,7,21,7,0,972,97209,AUTOROUTE (A1),14.61823,-61.03478,Plein jour,Hors agglomération,Hors intersection,Normale,Deux véhicules - côté,1,3,6,0,1,1,1,0,1,90,2,2,1,0,0,1,63.0,33.0,voiture,utilitaire_camion,1,1,1,1,3
202000003851,2020-07-21 08:10:00,2020,7,21,8,10,972,97209,NELSON MANDELA (BOULEVARD),14.60185,-61.05135,Plein jour,En agglomération,Hors intersection,Normale,Deux véhicules - frontale,4,2,2,0,1,1,1,0,1,50,2,3,2,0,0,1,48.0,36.0,voiture,voiture,1,2,1,1,1
202000003852,2020-07-21 23:20:00,2020,7,21,23,20,69,69034,SOLDATS (DES)                       (MO),45.7972,4.8529,Nuit avec éclairage allumé,En agglomération,Intersection en T,Normale,Sans collision,3,2,0,0,1,1,1,0,1,50,1,1,0,0,0,1,32.0,,deux_roues,,5,2,3,1,7
202000003853,2020-07-22 15:30:00,2020,7,22,15,30,971,97113,SECTION GRANDE RAVINE,16.21364,-61.47776,Plein jour,Hors agglomération,Autre intersection,Pluie légère,Deux véhicules - arrière,2,-1,4,0,1,3,2,0,1,50,2,3,2,0,0,1,47.0,71.0,voiture,voiture,1,1,9,2,2
202000003854,2020-07-21 15:40:00,2020,7,21,15,40,971,97113,RN4 - SECTION RIVIERA,16.21874,-61.50213,Plein jour,Hors agglomération,Hors intersection,Normale,Deux véhicules - côté,2,2,3,0,1,1,1,0,1,70,2,2,1,0,0,1,52.0,70.0,utilitaire_camion,voiture,1,1,1,1,3