accident_id,datetime,annee,mois,jour,heure,minute,departement,commune_insee,adresse,latitude,longitude,luminosite,agglomeration,intersection,meteo,collision,catr,circ,nbv,vosp,prof,plan,surf,infra,situ,vma,nb_vehicules,nb_usagers,nb_indemnes,nb_tues,nb_blesses_hosp,nb_blesses_legers,age_cond_1,age_cond_2,veh_type_cond_1,veh_type_cond_2,lum_code,agg_code,int_code,atm_code,col_code
202000004041,2020-10-17 00:15:00,2020,10,17,0,15,95,95306, A15,49.007858,2.1606003,Nuit sans éclairage public,Hors agglomération,Hors intersection,Normale,Deux véhicules - arrière,1,-1,6,0,1,1,1,0,1,110,2,1,0,0,0,1,27.0,,deux_roues,,3,1,1,1,2
202000004042,2020-10-16 07:20:00,2020,10,16,7,20,93,93006,AUTOROUTE A3,48.86586,2.42032,Crépuscule ou aube,Hors agglomération,Hors intersection,Normale,Deux véhicules - arrière,1,3,8,0,1,1,1,1,8,70,2,2,1,0,0,1,37.0,46.0,voiture,utilitaire_camion,2,1,1,1,2
202000004043,2020-10-17 16:15:00,2020,10,17,16,15,93,93051,A4,48.8347865,2.5801011,Plein jour,Hors agglomération,Hors intersection,Normale,Deux véhicules - côté,1,3,3,0,1,1,2,0,1,110,2,2,1,0,0,1,21.0,27.0,deux_roues,voiture,1,1,1,1,3
202000004044,2020-10-16 16:00:00,2020,10,16,16,0,93,93051,A4,48.83634,2.55446,Plein jour,Hors agglomération,Hors intersection,Normale,Trois véhicules et plus - en chaîne,1,3,8,0,1,1,1,0,1,110,5,6,4,0,0,2,34.0,46.0,voiture,voiture,1,1,1,1,4
202000004045,2020-05-28 23:00:00,2020,5,28,23,0,69,69256,REPUBLIQUE (DE LA)                  (R ),45.78647,4.924,Nuit avec éclairage allumé,En agglomération,Intersection en X,Normale,Deux véhicules - côté,4,2,2,0,1,1,1,0,1,50,2,3,2,0,0,1,37.0,32.0,voiture,voiture,5,2,2,1,3
202000004046,2020-10-16 03:40:00,2020,10,16,3,40,988,98818,RUE JULES GARNIER/RUE TINDALE,-22.28984,166.44276,Nuit avec éclairage allumé,En agglomération,Intersection en T,Normale,Autre collision,4,3,2,1,1,1,1,0,1,50,1,2,1,0,1,0,41.0,,voiture,,5,2,3,1,6
202000004047,2020-10-15 12:55:00,2020,10,15,12,55,974,97411,Boulevard Gabriel Macé,-20.87296,55.452005,Plein jour,En agglomération,Hors intersection,Normale,Deux véhicules - côté,2,2,0,0,1,1,1,0,1,50,2,4,3,0,0,1,24.0,17.0,voiture,deux_roues,1,2,1,1,3
202000004048,2020-10-15 18:00:00,2020,10,15,18,0,974,97411,Route Gabriel Macé,-20.91129,55.498835,Plein jour,En agglomération,Hors intersection,Pluie légère,Autre collision,3,2,2,0,1,1,1,0,1,50,1,2,1,0,1,0,27.0,,utilitaire_camion,,1,2,1,2,6
202000004049,2020-10-16 14:05:00,2020,10,16,14,5,973,97302,MANGUES (RUE DES - CITE MANGUIERS),4.9343252,-52.3230743,Plein jour,En agglomération,Hors intersection,Normale,Autre collision,4,2,2,0,1,1,1,0,1,30,1,2,1,0,0,1,57.0,,voiture,,1,2,1,1,6
202000004050,2020-10-16 07:20:00,2020,10,16,7,20,972,97209,AUTOROUTE (A1),14.61647,-61.04248,Plein jour,En agglomération,Hors intersection,Normale,Deux véhicules - arrière,1,1,3,0,2,1,1,0,1,90,2,2,1,0,0,1,30.0,64.0,voiture,voiture,1,2,1,1,2
202000004051,2020-10-15 00:15:00,2020,10,15,0,15,972,97209,CHATEAUBOEUF (ROUTE DE),14.6181051,-61.0459575,Nuit sans éclairage public,En agglomération,Autre intersection,Pluie légère,Deux véhicules - côté,3,2,2,0,2,1,2,0,4,30,2,1,0,0,0,1,27.0,,voiture,,3,2,9,2,3
202000004052,2020-09-30 07:40:00,2020,9,30,7,40,83,83050,THOMAS(BOULEVARD  EMILE),43.5293,6.4814,Plein jour,En agglomération,Hors intersection,Normale,Sans collision,4,-1,2,0,1,1,1,0,1,30,1,2,1,0,1,0,51.0,,voiture,,1,2,1,1,7
202000004053,2020-10-16 11:45:00,2020,10,16,11,45,81,81065,Route de Toulouse,43.58964,2.19743,Plein jour,Hors agglomération,Hors intersection,Temps couvert,Deux véhicules - côté,2,3,4,0,1,1,1,0,1,90,2,2,0,1,0,1,70.0,27.0,voiture,voiture,1,1,1,8,3
202000004054,2020-10-15 14:21:00,2020,10,15,14,21,78,78646,ORANGERIE (RUE DE L'),48.80084,2.11997,Plein jour,En agglomération,Intersection en X,Normale,Trois véhicules et plus - collisions multiples,3,2,2,0,1,1,1,5,1,50,3,3,2,0,1,0,49.0,24.0,voiture,deux_roues,1,2,2,1,5
202000004055,2020-10-16 18:35:00,2020,10,16,18,35,78,78190,ECLUSE (RUE DE),48.878642,2.131473,Plein jour,En agglomération,Hors intersection,Normale,Autre collision,4,1,1,1,1,1,1,9,5,50,1,1,0,1,0,0,18.0,,deux_roues,,1,2,1,1,6
202000004056,2020-10-13 16:40:00,2020,10,13,16,40,77,77146,BEAUBOURG (BOULEVARD DE),48.81802,2.63042,Plein jour,En agglomération,Hors intersection,Normale,Deux véhicules - arrière,4,2,2,0,1,1,1,0,1,50,2,2,1,0,0,1,45.0,48.0,utilitaire_camion,voiture,1,2,1,1,2
202000004057,2020-10-15 10:30:00,2020,10,15,10,30,76,76351,PHILIPPE LEBON,49.495763,0.13133,Plein jour,En agglomération,Intersection en T,Normale,Deux véhicules - côté,4,2,1,0,1,1,1,2,1,50,2,4,3,0,0,1,22.0,18.0,voiture,voiture,1,2,3,1,3
202000004058,2020-10-16 13:30:00,2020,10,16,13,30,74,74218,CHAMPANGES (ROUTE DE),46.3833421,6.5697943,Plein jour,Hors agglomération,Hors intersection,Temps couvert,Sans collision,3,2,2,0,2,1,1,0,1,80,1,1,0,0,1,0,47.0,,deux_roues,,1,1,1,8,7
202000004059,2020-10-15 12:45:00,2020,10,15,12,45,71,71040,MACON (ROUTE DE),46.6957051,4.3913942,Plein jour,En agglomération,Hors intersection,Normale,Deux véhicules - côté,3,2,2,0,1,1,1,0,1,50,2,2,1,0,0,1,28.0,64.0,voiture,voiture,1,2,1,1,3
202000004060,2020-10-16 10:20:00,2020,10,16,10,20,69,69290,VICTOR SCHOELCHER                   (R ),45.70214,4.98181,Plein jour,En agglomération,Hors intersection,Normale,Deux véhicules - frontale,4,1,1,0,1,2,1,0,1,30,2,2,1,0,0,1,52.0,38.0,voiture,deux_roues,1,2,1,1,1
202000004061,2020-10-15 19:30:00,2020,10,15,19,30,67,67043,BRUMATH (ROUTE DE),48.614626,7.732714,Nuit avec éclairage allumé,En agglomération,Hors intersection,Pluie légère,Deux véhicules - arrière,7,2,2,0,1,1,2,0,1,50,2,2,1,0,0,1,58.0,56.0,voiture,voiture,5,2,1,2,2
202000004062,2020-10-15 18:20:00,2020,10,15,18,20,67,67482,SCHIRMECK (ROUTE DE),48.5746362,7.7257218,Nuit avec éclairage allumé,En agglomération,Hors intersection,Normale,Trois véhicules et plus - collisions multiples,7,2,4,3,1,1,1,0,3,50,3,3,1,0,0,2,37.0,48.0,voiture,voiture,5,2,1,1,5
202000004063,2020-10-15 08:30:00,2020,10,15,8,30,67,67447,PAIX (RUE DE LA),48.60624,7.72913,Plein jour,En agglomération,Intersection en T,Pluie légère,,4,2,4,1,1,3,2,0,5,50,2,2,1,0,0,1,37.0,63.0,deux_roues,voiture,1,2,3,2,-1
202000004064,2020-10-16 20:00:00,2020,10,16,20,0,64,64102,ALSACE LORRAINE (BOULEVARD),43.49353,-1.4668,Nuit avec éclairage allumé,En agglomération,Hors intersection,Normale,Deux véhicules - frontale,4,2,2,0,1,1,1,0,1,50,2,2,1,0,1,0,23.0,23.0,voiture,deux_roues,5,2,1,1,1
202000004065,2020-10-16 17:20:00,2020,10,16,17,20,64,64102,DELVAILLE (AVENUE DU DOCTEUR CAMILLE),43.50197,-1.48111,Plein jour,En agglomération,Intersection en T,Normale,Deux véhicules - frontale,4,2,2,1,2,3,1,0,5,30,2,1,0,0,1,0,35.0,,deux_roues,,1,2,3,1,1
202000004066,2020-10-16 08:15:00,2020,10,16,8,15,64,64102,SOULT (AVENUE MARECHAL),43.48675,-1.48609,Plein jour,En agglomération,Hors intersection,Brouillard / fumée,Sans collision,3,1,4,0,1,1,2,0,1,50,1,1,0,0,0,1,17.0,,deux_roues,,1,2,1,5,7
202000004067,2020-10-15 18:05:00,2020,10,15,18,5,64,64102,BOUFFLERS (ALLEES),43.49198,-1.46986,Plein jour,En agglomération,Intersection en T,Normale,Deux véhicules - côté,4,2,2,0,1,1,1,0,1,50,2,2,1,0,1,0,49.0,22.0,deux_roues,voiture,1,2,3,1,3
202000004068,2020-10-15 14:33:00,2020,10,15,14,33,63,63075,FONTMAURE (AVENUE DE),45.77791,3.06182,Plein jour,En agglomération,Hors intersection,Pluie légère,Deux véhicules - arrière,7,-1,4,0,1,1,2,9,1,50,2,2,1,0,1,0,70.0,59.0,voiture,voiture,1,2,1,2,2
202000004069,2020-10-13 16:15:00,2020,10,13,16,15,59,59648,MERMOZ JEAN RUE,50.59297,3.0484,Plein jour,En agglomération,Hors intersection,Pluie légère,Deux véhicules - frontale,4,2,2,0,1,4,2,0,1,50,2,1,0,0,0,1,31.0,,voiture,,1,2,1,2,1
202000004070,2020-10-03 03:00:00,2020,10,3,3,0,59,59350,ESPLANADE FACADE,50.64275,3.05331,Nuit avec éclairage allumé,En agglomération,Hors intersection,Pluie légère,Deux véhicules - arrière,7,2,2,0,1,1,2,0,1,30,2,1,0,0,0,1,19.0,,utilitaire_camion,,5,2,1,2,2
202000004071,2020-10-13 19:35:00,2020,10,13,19,35,59,59017,LIAISON NIEPPE,50.69031,2.86238,Nuit avec éclairage allumé,En agglomération,Intersection en X,Normale,Deux véhicules - côté,7,2,2,2,1,1,2,0,1,50,2,2,1,0,1,0,47.0,59.0,voiture,deux_roues,5,2,2,1,3
202000004072,2020-10-15 17:06:00,2020,10,15,17,6,57,57672,EUROPE (CHAUSSEE D'),49.3556,6.1434,Plein jour,En agglomération,Hors intersection,Normale,Autre collision,4,3,4,0,1,1,1,3,1,50,1,2,1,0,0,1,24.0,,voiture,,1,2,1,1,6
202000004073,2020-10-15 14:10:00,2020,10,15,14,10,56,56260,HERRIOT(AVENUE EDOUARD),47.65721,-2.74565,Plein jour,En agglomération,Intersection en T,Normale,Deux véhicules - côté,3,2,4,1,1,1,1,5,1,50,2,2,1,0,0,1,49.0,19.0,deux_roues,voiture,1,2,3,1,3
202000004074,2020-10-15 18:00:00,2020,10,15,18,0,56,56098,NORMANDIE NIEMEN ( BD ),47.76282,-3.35893,Plein jour,En agglomération,Hors intersection,Normale,Autre collision,4,2,2,0,1,1,1,0,8,50,1,1,0,0,0,1,22.0,,voiture,,1,2,1,1,6
202000004075,2020-10-15 17:12:00,2020,10,15,17,12,54,54547,CREVIC (RUE DE),48.6539346,6.176151,Plein jour,En agglomération,Intersection en T,Pluie légère,Autre collision,4,2,2,0,1,1,2,0,1,30,1,2,1,0,0,1,63.0,,voiture,,1,2,3,2,6
202000004076,2020-10-15 08:10:00,2020,10,15,8,10,54,54184,AGINCOURT  (ANCIENNE ROUTE D'),48.71894,6.24038,Plein jour,Hors agglomération,Hors intersection,Normale,Trois véhicules et plus - collisions multiples,3,2,1,0,1,1,1,0,1,80,3,4,3,0,0,1,25.0,67.0,voiture,voiture,1,1,1,1,5
202000004077,2020-10-10 00:04:00,2020,10,10,0,4,54,54395,SAINT DIZIER (RUE 82 ET 113 A FIN),48.6877341,6.1847303,Nuit avec éclairage allumé,En agglomération,Intersection en T,Pluie légère,Deux véhicules - côté,4,1,1,0,1,1,2,0,1,30,2,2,1,0,0,1,19.0,19.0,voiture,voiture,5,2,3,2,3
202000004078,2020-10-15 02:40:00,2020,10,15,2,40,50,50602,ENTREPRISES (RUE DES),49.63761,-1.59397,Nuit avec éclairage allumé,En agglomération,Hors intersection,Normale,Autre collision,4,2,2,0,1,1,1,0,1,50,1,2,1,0,1,0,19.0,,voiture,,5,2,1,1,6
202000004079,2020-10-05 14:18:00,2020,10,5,14,18,47,47001,STALINGRAD (AVENUE DE ),44.20998,0.62907,Plein jour,En agglomération,Intersection en Y,Pluie légère,Autre collision,3,2,2,0,4,1,2,5,1,50,1,2,1,0,0,1,59.0,,voiture,,1,2,4,2,6
202000004080,2020-10-15 17:20:00,2020,10,15,17,20,46,46042,BARTASSEC (CHEMIN DU),44.436554,1.441922,Plein jour,En agglomération,Hors intersection,Normale,Deux véhicules - côté,3,2,2,0,1,1,1,0,1,50,2,2,1,0,0,1,14.0,52.0,deux_roues,voiture,1,2,1,1,3
202000004081,2020-08-22 20:25:00,2020,8,22,20,25,75,75119,RUE PETIT,48.88533,2.385164,Plein jour,En agglomération,Intersection en T,Normale,Autre collision,4,1,1,0,1,1,1,0,1,50,1,2,1,0,0,1,58.0,,voiture,,1,2,3,1,6
202000004082,2020-10-16 08:00:00,2020,10,16,8,0,45,45285,D520,47.9148444,1.8688678,Nuit avec éclairage allumé,En agglomération,Hors intersection,Normale,Deux véhicules - arrière,3,3,4,0,2,1,1,2,1,70,2,2,1,0,0,1,52.0,71.0,utilitaire_camion,voiture,5,2,1,1,2
202000004083,2020-10-16 23:10:00,2020,10,16,23,10,44,44109,BOULEVARD GENERAL PIERRE KOENIG,47.196285,-1.614882,Plein jour,En agglomération,Hors intersection,Pluie légère,Deux véhicules - arrière,4,2,0,0,1,2,2,0,1,50,2,2,1,0,0,1,46.0,33.0,deux_roues,voiture,1,2,1,2,2
202000004084,2020-08-22 06:50:00,2020,8,22,6,50,75,75114,RUE RAYMOND LOSSERAND,48.835991,2.321865,Plein jour,En agglomération,Intersection à plus de 4 branches,Normale,Autre collision,4,1,1,0,1,3,1,0,1,50,1,1,0,0,0,1,26.0,,deux_roues,,1,2,5,1,6
202000004085,2020-08-22 13:30:00,2020,8,22,13,30,75,75112,RUE DU FAUBOURG SAINT ANTOINE,48.8501,2.384617,Plein jour,En agglomération,Intersection à plus de 4 branches,Normale,Deux véhicules - arrière,4,2,3,0,1,1,1,0,1,50,2,3,2,0,0,1,25.0,33.0,deux_roues,voiture,1,2,5,1,2
202000004086,2020-10-16 22:20:00,2020,10,16,22,20,44,44109,BOULEVARD BENOIT FRACHON,47.20736,-1.58018,Nuit avec éclairage allumé,Hors agglomération,Hors intersection,Normale,Autre collision,4,1,0,0,2,1,1,0,1,50,1,1,0,0,0,1,50.0,,voiture,,5,1,1,1,6
202000004087,2020-08-22 20:10:00,2020,8,22,20,10,75,75111,RUE DE CHARONNE,48.855923,2.392363,Crépuscule ou aube,En agglomération,Intersection en T,Temps couvert,Autre collision,4,2,2,0,2,1,1,0,1,50,1,2,1,0,0,1,22.0,,deux_roues,,2,2,3,8,6
202000004088,2020-08-22 18:30:00,2020,8,22,18,30,75,75111,RUE DE LA FONTAINE AU ROI,48.868082,2.372521,Plein jour,En agglomération,Intersection en X,Normale,Autre collision,4,1,2,0,4,3,1,0,4,50,1,3,2,0,0,1,56.0,,voiture,,1,2,2,1,6
202000004089,2020-10-16 10:00:00,2020,10,16,10,0,44,44162,PERIPHERIQUE,47.204488,-1.6235764,Plein jour,Hors agglomération,Hors intersection,Normale,Trois véhicules et plus - en chaîne,2,1,0,0,4,1,1,0,1,70,4,4,3,0,0,1,27.0,81.0,voiture,voiture,1,1,1,1,4
202000004090,2020-09-29 10:30:00,2020,9,29,10,30,42,42275,Impasse de l'Eparre,45.47493,4.38224,Plein jour,En agglomération,Intersection en T,Normale,Deux véhicules - côté,3,2,-1,-1,1,1,1,0,4,-1,2,2,1,0,0,1,43.0,27.0,voiture,autre,1,2,3,1,3
202000004091,2020-08-22 22:30:00,2020,8,22,22,30,75,75107,RUE DE SEVRES,48.846907,2.316814,Nuit avec éclairage allumé,En agglomération,Intersection en X,Normale,Deux véhicules - arrière,4,2,3,1,1,3,1,-1,5,50,2,2,1,0,0,1,21.0,44.0,voiture,deux_roues,5,2,2,1,2
202000004092,2020-09-24 05:25:00,2020,9,24,5,25,42,42189,Voie communale,45.4152315,4.3505695,Nuit avec éclairage allumé,En agglomération,Hors intersection,Normale,Deux véhicules - côté,4,1,1,0,1,1,1,0,1,50,2,2,1,0,0,1,45.0,23.0,voiture,voiture,5,2,1,1,3
202000004093,2020-08-22 12:00:00,2020,8,22,12,0,75,75107,QUAI D ORSAY,48.86243,2.311636,Plein jour,En agglomération,Intersection en T,Temps couvert,Sans collision,4,2,7,1,1,1,1,-1,5,50,1,1,0,0,0,1,49.0,,deux_roues,,1,2,3,8,7
202000004094,2020-09-04 20:35:00,2020,9,4,20,35,42,42218,Boulevard Antonio Vivaldi,45.4676722,4.3975672,Nuit avec éclairage allumé,En agglomération,Hors intersection,Normale,Deux véhicules - frontale,4,2,2,0,4,1,1,0,1,50,2,2,1,0,0,1,25.0,37.0,voiture,voiture,5,2,1,1,1
202000004095,2020-08-21 19:35:00,2020,8,21,19,35,75,75107,QUAI BRANLY,48.860585,2.29554,Plein jour,En agglomération,Intersection en X,Normale,Sans collision,4,3,2,0,1,1,1,0,1,50,1,1,0,0,0,1,44.0,,deux_roues,,1,2,2,1,7
202000004096,2020-09-05 22:35:00,2020,9,5,22,35,42,42218,Cours Gustave Nadaud,45.434436,4.395059,Nuit sans éclairage public,En agglomération,Hors intersection,Normale,Autre collision,4,2,4,0,1,1,1,0,1,50,1,3,1,0,0,2,26.0,,deux_roues,,3,2,1,1,6
202000004097,2020-08-22 14:30:00,2020,8,22,14,30,75,75102,RUE DE CLERY,48.867338,2.343989,Plein jour,En agglomération,Intersection à plus de 4 branches,Normale,Deux véhicules - côté,4,1,1,0,1,1,1,0,1,50,2,3,2,0,0,1,18.0,31.0,deux_roues,deux_roues,1,2,5,1,3
202000004098,2020-10-10 20:05:00,2020,10,10,20,5,41,41018,RD 956,47.59471,1.35305,Nuit avec éclairage allumé,Hors agglomération,Hors intersection,Normale,Deux véhicules - arrière,3,3,2,0,1,1,1,0,1,70,2,2,1,0,0,1,25.0,21.0,voiture,voiture,5,1,1,1,2
202000004099,2020-10-16 22:30:00,2020,10,16,22,30,35,35238,ROBINOT DE ST-CYR (QUAI),48.103373,-1.722535,Nuit avec éclairage allumé,En agglomération,Hors intersection,Normale,Autre collision,4,2,2,0,1,1,1,0,1,50,1,2,0,0,1,1,24.0,,voiture,,5,2,1,1,6
202000004100,2020-08-22 15:15:00,2020,8,22,15,15,75,75101,BOULEVARD DE LA MADELEINE,48.869619,2.325889,Plein jour,En agglomération,Intersection en T,Normale,Sans collision,4,2,4,0,1,1,1,0,1,50,1,1,0,0,0,1,32.0,,deux_roues,,1,2,3,1,7
202000004101,2020-10-16 17:20:00,2020,10,16,17,20,35,35055,BONNIN ANDRE (AVENUE),48.08517,-1.61077,Plein jour,En agglomération,Hors intersection,Normale,Autre collision,4,2,2,0,1,1,1,0,1,50,1,2,1,0,0,1,45.0,,voiture,,1,2,1,1,6
202000004102,2020-08-21 19:55:00,2020,8,21,19,55,94,94052,JOINVILLE (AV DE),48.828968,2.466716,Crépuscule ou aube,En agglomération,Hors intersection,Normale,Deux véhicules - arrière,3,1,1,0,1,1,1,0,1,50,2,2,1,0,0,1,27.0,21.0,voiture,deux_roues,2,2,1,1,2
202000004103,2020-08-22 15:00:00,2020,8,22,15,0,94,94017,JULIEN HEULOT (R),48.810109,2.539171,Plein jour,En agglomération,Hors intersection,Normale,Autre collision,7,2,2,0,1,1,1,0,1,30,1,2,1,0,0,1,43.0,,utilitaire_camion,,1,2,1,1,6
202000004104,2020-10-16 09:00:00,2020,10,16,9,0,35,35278,ALPHASIS (AVENUE D'),48.15194,-1.69723,Plein jour,Hors agglomération,Giratoire,Normale,Deux véhicules - côté,4,3,2,0,1,1,1,5,1,50,2,2,1,0,0,1,56.0,29.0,voiture,deux_roues,1,1,6,1,3
202000004105,2020-08-22 02:00:00,2020,8,22,2,0,93,93073,BERGER (RUE GILBERT),48.9499615,2.5771392,Nuit avec éclairage allumé,En agglomération,Autre intersection,Normale,Autre collision,4,-1,0,0,1,1,1,9,8,30,1,3,0,0,0,3,28.0,,voiture,,5,2,9,1,6
202000004106,2020-10-16 23:52:00,2020,10,16,23,52,34,34172,VANIERES (AVENUE DE),43.59671,3.84488,Nuit avec éclairage allumé,En agglomération,Intersection en X,Normale,Trois véhicules et plus - collisions multiples,4,3,5,0,2,1,1,0,1,50,3,4,0,0,3,1,25.0,20.0,voiture,voiture,5,2,2,1,5
202000004107,2020-08-22 14:00:00,2020,8,22,14,0,93,93071,WESTINGHOUSE (BOULEVARD),48.9270892,2.5198107,Plein jour,En agglomération,Hors intersection,Normale,Deux véhicules - côté,3,2,2,0,1,1,1,0,1,50,2,4,2,0,0,2,19.0,46.0,voiture,transport_commun,1,2,1,1,3
202000004108,2020-08-22 20:50:00,2020,8,22,20,50,93,93064,GAGNY (AVENUE DE),48.8837802,2.4890903,Nuit avec éclairage allumé,En agglomération,Hors intersection,Normale,Autre collision,3,2,4,0,1,1,1,0,1,70,1,2,1,0,0,1,42.0,,utilitaire_camion,,5,2,1,1,6
202000004109,2020-10-15 09:20:00,2020,10,15,9,20,34,34172,POMPIGNANE (AVENUE DE LA),43.61129,3.89846,Plein jour,En agglomération,Intersection en T,Normale,Deux véhicules - côté,4,2,2,1,1,1,1,0,1,50,2,2,1,0,1,0,52.0,56.0,voiture,deux_roues,1,2,3,1,3
202000004110,2020-08-22 23:05:00,2020,8,22,23,5,93,93055,HOCHE,48.89569,2.40104,Nuit avec éclairage allumé,En agglomération,Intersection en T,Normale,Autre collision,3,2,0,0,1,2,1,0,1,50,1,2,1,0,0,1,27.0,,voiture,,5,2,3,1,6
202000004111,2020-10-16 17:50:00,2020,10,16,17,50,33,33063,CRS DE L'YSER,44.82574,-0.5697,Plein jour,En agglomération,Intersection en X,Normale,Deux véhicules - côté,4,2,4,2,1,1,1,0,1,50,2,2,1,0,0,1,27.0,37.0,deux_roues,voiture,1,2,2,1,3
202000004112,2020-08-21 11:47:00,2020,8,21,11,47,93,93055,GENERAL LECLERC(AVE DU)89/FIN ET 122/FIN,48.8975649,2.4047658,Plein jour,En agglomération,Hors intersection,Normale,Deux véhicules - côté,3,2,2,1,1,1,1,8,1,30,2,2,1,0,0,1,24.0,54.0,deux_roues,voiture,1,2,1,1,3
202000004113,2020-10-16 07:50:00,2020,10,16,7,50,33,33522,CRS DE LA LIBERATION,44.79899,-0.59869,Nuit avec éclairage allumé,En agglomération,Hors intersection,Normale,,4,2,6,2,1,1,1,0,1,50,2,3,1,0,1,1,38.0,38.0,deux_roues,transport_commun,5,2,1,1,-1
202000004114,2020-08-22 15:00:00,2020,8,22,15,0,93,93045,R DE PARIS / R JEAN MOULIN,48.8794,2.41491,Plein jour,En agglomération,Intersection en X,Normale,Deux véhicules - côté,3,2,2,0,1,1,1,0,1,50,2,2,1,0,0,1,50.0,42.0,voiture,deux_roues,1,2,2,1,3
202000004115,2020-10-15 21:00:00,2020,10,15,21,0,33,33063,RUE LUCIEN FAURE,44.86527,-0.5599,Nuit avec éclairage allumé,En agglomération,Hors intersection,Temps couvert,Deux véhicules - côté,4,2,6,2,1,1,1,-1,6,50,2,2,1,0,0,1,40.0,48.0,deux_roues,voiture,5,2,1,8,3
202000004116,2020-08-22 17:30:00,2020,8,22,17,30,93,93031,REPUBLIQUE (AVENUE),48.9504113,2.3262092,Plein jour,En agglomération,Hors intersection,Normale,Trois véhicules et plus - collisions multiples,3,1,2,0,1,1,1,9,1,50,4,5,4,0,1,0,27.0,35.0,utilitaire_camion,utilitaire_camion,1,2,1,1,5
202000004117,2020-10-15 16:50:00,2020,10,15,16,50,31,31555,RUE DU LOT,43.58184,1.40782,Plein jour,En agglomération,Hors intersection,Normale,Deux véhicules - côté,4,2,3,0,1,1,1,0,1,50,2,1,0,0,0,1,57.0,,utilitaire_camion,,1,2,1,1,3
202000004118,2020-10-16 07:50:00,2020,10,16,7,50,29,29039,Chemin de la Haie,47.8865624,-3.8847119,Nuit sans éclairage public,Hors agglomération,Hors intersection,Normale,Autre collision,4,2,2,0,1,3,1,0,3,50,1,1,0,0,0,1,20.0,,voiture,,3,1,1,1,6
202000004119,2020-10-14 08:05:00,2020,10,14,8,5,29,29019,Boulevard Léon Blum,48.40417,-4.48453,Nuit avec éclairage non allumé,En agglomération,Intersection en T,Pluie forte,Deux véhicules - frontale,4,2,2,0,1,1,2,5,1,50,2,2,1,0,0,1,40.0,36.0,voiture,voiture,4,2,3,3,1
202000004120,2020-10-16 09:25:00,2020,10,16,9,25,27,27375,DUNANT (AVENUE HENRI),49.20486,1.16786,Plein jour,En agglomération,Intersection en Y,Normale,Deux véhicules - côté,3,2,2,0,2,1,1,0,1,50,2,2,0,0,0,2,29.0,29.0,voiture,voiture,1,2,4,1,3
202000004121,2020-10-15 17:10:00,2020,10,15,17,10,26,26058,LONG MONTEE DU,44.9645,4.88723,Plein jour,En agglomération,Hors intersection,Normale,Deux véhicules - arrière,3,2,2,0,2,1,1,0,1,50,2,4,2,0,2,0,24.0,35.0,voiture,voiture,1,2,1,1,2
202000004122,2020-08-22 12:35:00,2020,8,22,12,35,93,93047,AV DENIS PAPIN / AV PASCAL,48.90648,2.58787,Plein jour,En agglomération,Intersection en X,Normale,Deux véhicules - côté,4,2,2,0,1,1,1,0,1,50,2,3,1,0,0,2,21.0,27.0,voiture,voiture,1,2,2,1,3
202000004123,2020-10-15 12:00:00,2020,10,15,12,0,25,25056,MEGEVAND RUE,47.23512,6.02462,Plein jour,En agglomération,Hors intersection,Normale,Deux véhicules - côté,4,1,1,2,1,1,1,0,5,50,2,2,1,0,0,1,57.0,41.0,transport_commun,deux_roues,1,2,1,1,3
202000004124,2020-08-22 15:00:00,2020,8,22,15,0,93,93001,LECUYER (RUE),48.90807,2.39468,Plein jour,En agglomération,Intersection en X,Normale,Deux véhicules - côté,4,2,2,0,1,1,1,0,1,50,2,2,1,0,0,1,50.0,36.0,voiture,deux_roues,1,2,2,1,3
202000004125,2020-10-15 18:50:00,2020,10,15,18,50,25,25056,CHURCHILL BD WINSTON,47.245079,5.995987,Nuit avec éclairage allumé,En agglomération,Giratoire,Pluie légère,Deux véhicules - arrière,3,2,2,-1,1,1,2,5,1,50,2,4,2,0,0,2,30.0,51.0,voiture,voiture,5,2,6,2,2
202000004126,2020-10-16 11:43:00,2020,10,16,11,43,14,14118,CREULLY (AVENUE DE),49.18585,-0.35912,Plein jour,En agglomération,Hors intersection,Normale,Deux véhicules - arrière,4,2,2,0,1,1,1,0,1,50,2,2,0,0,0,2,57.0,26.0,voiture,voiture,1,2,1,1,2
202000004127,2020-08-22 13:45:00,2020,8,22,13,45,92,92026,COLOMBES,48.8968897,2.2564794,Plein jour,En agglomération,Intersection en T,Normale,Deux véhicules - côté,3,2,4,0,1,1,1,0,1,50,2,3,2,0,0,1,32.0,46.0,voiture,deux_roues,1,2,3,1,3
202000004128,2020-10-16 08:50:00,2020,10,16,8,50,14,14137,ROUTE NATIONALE 13,49.19163,-0.43221,Crépuscule ou aube,Hors agglomération,Hors intersection,Normale,,2,3,4,0,1,1,2,0,1,90,3,3,2,0,0,1,35.0,37.0,utilitaire_camion,voiture,2,1,1,1,-1
202000004129,2020-08-22 11:30:00,2020,8,22,11,30,92,92078,GALLIENI (BD) (109 A 141),48.9292808,2.3318213,Plein jour,En agglomération,Hors intersection,Normale,Deux véhicules - frontale,3,4,2,0,1,1,1,0,1,50,2,2,1,0,0,1,29.0,32.0,deux_roues,voiture,1,2,1,1,1
202000004130,2020-10-16 23:20:00,2020,10,16,23,20,13,13208,TURBINE (RUE DE LA),43.276697,5.379905,Nuit avec éclairage allumé,En agglomération,Hors intersection,Normale,Deux véhicules - frontale,4,2,2,0,2,3,1,0,1,50,2,3,1,0,1,1,40.0,24.0,voiture,deux_roues,5,2,1,1,1