accident_id,datetime,annee,mois,jour,heure,minute,departement,commune_insee,adresse,latitude,longitude,luminosite,agglomeration,intersection,meteo,collision,catr,circ,nbv,vosp,prof,plan,surf,infra,situ,vma,nb_vehicules,nb_usagers,nb_indemnes,nb_tues,nb_blesses_hosp,nb_blesses_legers,age_cond_1,age_cond_2,veh_type_cond_1,veh_type_cond_2,lum_code,agg_code,int_code,atm_code,col_code
202000004223,2020-10-16 16:30:00,2020,10,16,16,30,92,92048,BRUYERES (CARREFOUR DES),48.8123238,2.2148915,Plein jour,En agglomération,Intersection en X,Normale,Deux véhicules - côté,3,2,4,0,1,1,1,5,1,50,2,3,2,0,0,1,23.0,24.0,voiture,voiture,1,2,2,1,3
202000004224,2020-10-15 08:05:00,2020,10,15,8,5,92,92063,REGNAULT (RUE HENRI),48.8589705,2.1856711,Crépuscule ou aube,En agglomération,Intersection en T,Normale,Deux véhicules - côté,4,2,2,0,1,1,1,0,4,50,2,2,1,0,0,1,11.0,55.0,deux_roues,voiture,2,2,3,1,3
202000004225,2020-10-16 14:30:00,2020,10,16,14,30,92,92062,WALLACE (BD RICHARD) DU 17 AU 91 ET DU 3,48.8806997,2.2380862,Plein jour,En agglomération,Hors intersection,Normale,Autre collision,4,3,0,0,1,1,1,0,1,30,1,2,1,0,0,1,80.0,,voiture,,1,2,1,1,6
202000004226,2020-10-15 08:25:00,2020,10,15,8,25,92,92051,"CHARLES DE GAULLE (AVENUE, N° 18 A 116)",48.881323,2.271483,Plein jour,En agglomération,Hors intersection,Normale,Deux véhicules - arrière,2,3,6,1,1,1,1,0,1,70,2,2,1,0,0,1,47.0,22.0,utilitaire_camion,voiture,1,2,1,1,2
202000004227,2020-10-15 15:15:00,2020,10,15,15,15,92,92036,GABRIEL PERI (AVENUE) (101/129),48.920754,2.295172,Plein jour,En agglomération,Hors intersection,Normale,Deux véhicules - côté,3,2,2,0,1,1,1,0,1,50,2,2,1,0,0,1,22.0,36.0,autre,utilitaire_camion,1,2,1,1,3
202000004228,2020-10-15 21:30:00,2020,10,15,21,30,92,92025,CHARLES DE GAULLE (BD),48.91787,2.22456,Nuit avec éclairage allumé,En agglomération,Hors intersection,Normale,Trois véhicules et plus - en chaîne,3,1,3,0,1,1,1,9,1,50,3,5,4,0,0,1,29.0,22.0,voiture,voiture,5,2,1,1,4
202000004229,2020-10-14 19:10:00,2020,10,14,19,10,92,92025,LOUIS SEGUIN (BD),48.9338,2.24835,Nuit avec éclairage allumé,En agglomération,Hors intersection,Normale,Deux véhicules - arrière,4,2,2,0,1,1,1,0,1,50,2,2,1,0,0,1,37.0,33.0,voiture,deux_roues,5,2,1,1,2
202000004230,2020-10-16 20:50:00,2020,10,16,20,50,92,92024,RUE DU 08 MAI 1945,48.898857,2.3099175,Nuit avec éclairage allumé,En agglomération,Intersection en X,Normale,Deux véhicules - côté,3,1,3,0,1,1,1,0,1,50,2,2,1,0,0,1,67.0,34.0,deux_roues,utilitaire_camion,5,2,2,1,3
202000004231,2020-10-16 08:00:00,2020,10,16,8,0,92,92071,CLEMENCEAU GEORGES (AVENUE),48.7835209,2.3057234,Crépuscule ou aube,En agglomération,Hors intersection,Normale,Deux véhicules - côté,3,2,2,0,2,1,1,0,1,50,2,2,1,0,0,1,18.0,43.0,deux_roues,voiture,2,2,1,1,3
202000004232,2020-10-14 08:20:00,2020,10,14,8,20,92,92012,GENERAL LECLERC (AVENUE DU) 35/FIN - 60/,48.8305715,2.2340122,Plein jour,En agglomération,Hors intersection,Normale,Sans collision,3,-1,0,0,1,1,1,0,4,50,1,1,0,0,0,1,28.0,,deux_roues,,1,2,1,1,7
202000004233,2020-08-23 03:00:00,2020,8,23,3,0,83,83107,Route Nd7,43.462965,6.643124,Nuit avec éclairage allumé,Hors agglomération,Hors intersection,Normale,Autre collision,3,3,4,0,1,3,1,0,1,50,1,1,0,0,1,0,26.0,,voiture,,5,1,1,1,6
202000004234,2020-08-22 16:45:00,2020,8,22,16,45,13,13082,Route Departementale 543,43.705112,5.352402,Plein jour,Hors agglomération,Hors intersection,Normale,Sans collision,3,-1,2,0,2,3,1,0,3,80,1,2,1,0,1,0,44.0,,deux_roues,,1,1,1,1,7
202000004235,2020-08-16 18:03:00,2020,8,16,18,3,13,13096,D38c,43.550515,4.381185,Plein jour,Hors agglomération,Hors intersection,Normale,Deux véhicules - frontale,3,2,2,2,1,3,1,0,5,80,2,5,4,0,1,0,34.0,62.0,voiture,voiture,1,1,1,1,1
202000004236,2020-08-17 18:45:00,2020,8,17,18,45,54,54115,Rue Philippe Martin,48.731441,6.164199,Plein jour,En agglomération,Intersection en X,Normale,Deux véhicules - côté,4,2,2,0,1,1,1,0,1,50,2,2,1,0,1,0,49.0,40.0,voiture,deux_roues,1,2,2,1,3
202000004237,2020-08-22 19:10:00,2020,8,22,19,10,33,33324,D 708 Aux Grandes Joualles,44.80129,0.22588,Plein jour,Hors agglomération,Intersection en Y,Normale,Sans collision,3,2,2,0,1,4,1,0,1,80,1,1,0,0,1,0,35.0,,deux_roues,,1,1,4,1,7
202000004238,2020-08-23 10:36:00,2020,8,23,10,36,22,22389,D765,48.463147,-2.650956,Plein jour,Hors agglomération,Hors intersection,Normale,Sans collision,3,2,2,0,1,1,1,0,1,80,1,1,0,0,0,1,65.0,,deux_roues,,1,1,1,1,7
202000004239,2020-10-16 07:55:00,2020,10,16,7,55,92,92012,REINE (ROUTE DE LA) 82/FIN - 107TER/FIN,48.8404176,2.2313847,Crépuscule ou aube,En agglomération,Hors intersection,Temps couvert,Autre collision,3,3,6,0,1,1,1,0,1,50,1,2,1,0,0,1,37.0,,deux_roues,,2,2,1,8,6
202000004240,2020-10-16 13:30:00,2020,10,16,13,30,92,92002,PRESIDENT KENNEDY (50 A LA FIN),48.738936,2.298998,Plein jour,En agglomération,Autre intersection,Normale,Deux véhicules - côté,3,4,4,2,1,1,1,0,5,50,2,1,0,0,0,1,20.0,,autre,,1,2,9,1,3
202000004241,2020-10-17 05:40:00,2020,10,17,5,40,01,01362,Au treney,45.957405,4.875398,Nuit sans éclairage public,Hors agglomération,Hors intersection,Normale,Autre collision,3,2,1,0,4,1,1,0,3,80,1,2,0,0,1,1,20.0,,voiture,,3,1,1,1,6
202000004242,2020-10-17 00:05:00,2020,10,17,0,5,62,62265,D193,50.609879,2.217007,Nuit sans éclairage public,Hors agglomération,Hors intersection,Normale,Autre collision,3,2,2,0,1,1,1,0,3,80,1,1,0,0,1,0,21.0,,voiture,,3,1,1,1,6
202000004243,2020-08-21 19:42:00,2020,8,21,19,42,13,13001,A51-Sens Marseille vers Aix en Provence,43.4877,5.4079,Crépuscule ou aube,Hors agglomération,Hors intersection,Normale,Deux véhicules - arrière,1,-1,2,0,1,1,1,0,2,90,2,5,4,0,0,1,54.0,39.0,voiture,deux_roues,2,1,1,1,2
202000004244,2020-10-16 12:00:00,2020,10,16,12,0,01,01004,L'Aviation,45.972562,5.338154,Plein jour,Hors agglomération,Hors intersection,Temps couvert,Deux véhicules - arrière,3,-1,-1,0,1,1,1,9,8,80,2,2,1,0,0,1,71.0,,voiture,,1,1,1,8,2
202000004245,2020-10-16 19:20:00,2020,10,16,19,20,41,41150,Rue de l'Aumône,47.5618,1.452763,Crépuscule ou aube,En agglomération,Intersection en X,Normale,Deux véhicules - côté,4,2,2,0,1,1,1,0,1,50,2,4,2,0,1,1,19.0,17.0,voiture,deux_roues,2,2,2,1,3
202000004246,2020-10-17 03:39:00,2020,10,17,3,39,71,71150,A6,46.2382031,4.7967109,Nuit sans éclairage public,Hors agglomération,Hors intersection,Temps couvert,Deux véhicules - arrière,1,3,5,0,1,1,2,0,1,130,2,2,1,1,0,0,32.0,35.0,voiture,utilitaire_camion,3,1,1,8,2
202000004247,2020-10-17 00:05:00,2020,10,17,0,5,10,10248,D141,48.309317,3.96615,Nuit sans éclairage public,Hors agglomération,Hors intersection,Normale,Deux véhicules - frontale,3,2,2,0,2,2,1,0,1,80,2,3,1,0,0,2,23.0,25.0,voiture,voiture,3,1,1,1,1
202000004248,2020-08-21 16:40:00,2020,8,21,16,40,69,69256,RN346  S/N   25.686 A 29.300,45.79592,4.93414,Plein jour,Hors agglomération,Hors intersection,Normale,Deux véhicules - côté,2,2,4,0,1,3,1,0,1,90,2,3,1,0,2,0,40.0,61.0,utilitaire_camion,voiture,1,1,1,1,3
202000004249,2020-10-16 16:45:00,2020,10,16,16,45,972,97210,rd 6 Clément,14.606532,-60.909598,Plein jour,Hors agglomération,Hors intersection,Normale,Deux véhicules - frontale,3,2,2,0,1,2,1,0,1,80,2,2,1,0,1,0,34.0,34.0,deux_roues,voiture,1,1,1,1,1
202000004250,2020-10-04 18:15:00,2020,10,4,18,15,01,01143,D984c,46.359946,6.12123,Crépuscule ou aube,Hors agglomération,Intersection en X,Pluie légère,Deux véhicules - arrière,3,2,2,0,2,3,2,5,1,80,2,2,1,0,1,0,26.0,55.0,voiture,deux_roues,2,1,2,2,2
202000004251,2020-08-16 22:30:00,2020,8,16,22,30,54,54304, A 33,48.69565,6.11693,Nuit sans éclairage public,Hors agglomération,Hors intersection,Normale,Deux véhicules - arrière,1,3,5,0,1,2,1,0,1,130,2,3,2,0,1,0,46.0,63.0,voiture,voiture,3,1,1,1,2
202000004252,2020-08-22 22:53:00,2020,8,22,22,53,33,33013,N230 / N89,44.86847,-0.50264,Nuit sans éclairage public,Hors agglomération,Intersection en T,Normale,Deux véhicules - arrière,2,1,4,0,1,1,1,3,1,50,2,6,5,0,1,0,43.0,28.0,voiture,voiture,3,1,3,1,2
202000004253,2020-08-22 17:30:00,2020,8,22,17,30,91,91037,AUTOROUTE A6,48.5417,2.498,Plein jour,Hors agglomération,Hors intersection,Normale,Deux véhicules - côté,1,2,3,0,1,1,1,0,1,110,2,3,1,0,0,2,57.0,71.0,voiture,voiture,1,1,1,1,3
202000004254,2020-08-22 16:35:00,2020,8,22,16,35,91,91363,AUTOROUTE A10,48.6587,2.1832,Plein jour,Hors agglomération,Hors intersection,Normale,Autre collision,2,3,5,0,4,1,1,3,1,90,1,3,0,0,0,3,47.0,,voiture,,1,1,1,1,6
202000004255,2020-08-22 07:40:00,2020,8,22,7,40,91,91174,RN 104,48.62334,2.46768,Plein jour,Hors agglomération,Hors intersection,Normale,Autre collision,2,3,4,0,1,1,1,0,1,90,1,1,0,0,0,1,23.0,,voiture,,1,1,1,1,6
202000004256,2020-10-16 16:00:00,2020,10,16,16,0,63,63404,"A75, pk 27+600, N/S",45.571667,3.249147,Plein jour,Hors agglomération,Hors intersection,Pluie légère,Sans collision,1,1,4,0,1,3,2,0,3,90,1,2,1,0,1,0,73.0,,voiture,,1,1,1,2,7
202000004257,2020-08-21 06:45:00,2020,8,21,6,45,91,91521,RN 104,48.6336,2.4007,Crépuscule ou aube,Hors agglomération,Hors intersection,Pluie légère,Sans collision,2,1,2,0,1,3,2,0,1,50,1,1,0,0,0,1,45.0,,voiture,,2,1,1,2,7
202000004258,2020-08-22 12:30:00,2020,8,22,12,30,93,93053,AUTOROUTE A103,48.88851,2.47223,Plein jour,Hors agglomération,Hors intersection,Normale,Autre collision,1,3,4,0,1,2,1,0,1,50,1,1,0,0,0,1,42.0,,voiture,,1,1,1,1,6
202000004259,2020-08-21 23:45:00,2020,8,21,23,45,95,95582,A15,48.96848,2.25136,Nuit sans éclairage public,Hors agglomération,Hors intersection,Normale,Trois véhicules et plus - en chaîne,1,3,8,0,2,2,1,0,1,110,3,5,2,0,0,3,20.0,44.0,voiture,voiture,3,1,1,1,4
202000004260,2020-08-21 12:55:00,2020,8,21,12,55,93,93064,AUTOROUTE A86,48.88148,2.47393,Plein jour,Hors agglomération,Hors intersection,Normale,Deux véhicules - côté,1,3,4,0,1,1,1,0,1,60,2,2,1,0,0,1,31.0,65.0,deux_roues,utilitaire_camion,1,1,1,1,3
202000004261,2020-08-22 22:00:00,2020,8,22,22,0,77,77449,A4,48.83295,2.79062,Nuit sans éclairage public,Hors agglomération,Hors intersection,Normale,Autre collision,1,1,2,0,1,1,1,3,1,90,1,1,0,0,0,1,30.0,,deux_roues,,3,1,1,1,6
202000004262,2020-08-22 03:15:00,2020,8,22,3,15,77,77294,A104,48.969904,2.598358,Nuit sans éclairage public,Hors agglomération,Hors intersection,Normale,Deux véhicules - arrière,1,1,2,3,1,1,1,0,2,90,2,4,0,0,0,4,26.0,20.0,voiture,voiture,3,1,1,1,2
202000004263,2020-04-26 14:20:00,2020,4,26,14,20,974,97409,LAGOURGUE(CHEMIN),-20.9480701,55.6624522,Plein jour,En agglomération,Hors intersection,Normale,Deux véhicules - arrière,4,2,2,0,1,1,1,0,1,50,2,2,1,0,0,1,29.0,26.0,deux_roues,voiture,1,2,1,1,2
202000004264,2020-10-16 16:15:00,2020,10,16,16,15,59,59418,Rue Pierre Boeynaems,50.504137,3.454583,Plein jour,En agglomération,Hors intersection,Normale,Autre collision,3,2,2,0,1,1,1,0,1,50,1,2,1,0,0,1,33.0,,voiture,,1,2,1,1,6
202000004265,2020-02-23 04:57:00,2020,2,23,4,57,75,75102,PLACE DE L OPERA,48.870657,2.33255,Nuit avec éclairage non allumé,En agglomération,Place,Normale,Autre collision,4,-1,4,0,1,1,1,0,1,50,1,1,0,0,0,1,,,,,4,2,7,1,6
202000004266,2020-10-16 20:10:00,2020,10,16,20,10,57,57186,D55,49.268463,6.384945,Nuit sans éclairage public,Hors agglomération,Hors intersection,Normale,Deux véhicules - frontale,3,2,2,0,2,1,1,0,1,80,2,2,0,0,1,1,42.0,32.0,voiture,voiture,3,1,1,1,1
202000004267,2020-08-21 10:30:00,2020,8,21,10,30,988,98818,AVENUE JAMES COOK,-22.26821,166.42621,Plein jour,En agglomération,Intersection en T,Normale,Deux véhicules - frontale,4,2,2,0,1,1,1,2,1,50,2,3,1,0,0,2,41.0,53.0,voiture,voiture,1,2,3,1,1
202000004268,2020-10-16 23:45:00,2020,10,16,23,45,76,76222,RD43,49.4895069,0.887666,Nuit sans éclairage public,Hors agglomération,Hors intersection,Normale,Deux véhicules - frontale,3,2,2,0,2,2,1,0,1,50,2,4,3,0,0,1,55.0,19.0,voiture,voiture,3,1,1,1,1
202000004269,2020-10-17 10:00:00,2020,10,17,10,0,82,82046,Coutures,43.942483,0.983105,Plein jour,Hors agglomération,Hors intersection,Normale,Autre collision,4,2,2,0,2,3,1,0,3,50,1,1,0,0,1,0,68.0,,deux_roues,,1,1,1,1,6
202000004270,2020-08-21 18:00:00,2020,8,21,18,0,974,97416,BEGUE (RUE MOISE),-21.34497,55.48086,Crépuscule ou aube,En agglomération,Intersection en T,Normale,Deux véhicules - côté,4,2,2,0,2,3,1,5,1,30,2,2,1,0,0,1,18.0,23.0,deux_roues,voiture,2,2,3,1,3
202000004271,2020-10-17 10:30:00,2020,10,17,10,30,71,71028,D323,46.829552,5.437887,Plein jour,Hors agglomération,Hors intersection,Normale,Autre collision,3,2,2,0,1,1,1,9,1,80,1,2,0,0,2,0,57.0,,deux_roues,,1,1,1,1,6
202000004272,2020-08-21 17:50:00,2020,8,21,17,50,974,97411,JAURES (BOULEVARD JEAN),-20.90071,55.49682,Crépuscule ou aube,En agglomération,Autre intersection,Normale,Deux véhicules - arrière,2,1,4,0,2,3,1,0,1,50,2,2,1,0,1,0,46.0,59.0,voiture,deux_roues,2,2,9,1,2
202000004273,2020-10-16 21:30:00,2020,10,16,21,30,86,86137,D347,47.018799,0.068836,Nuit sans éclairage public,Hors agglomération,Intersection en T,Normale,Deux véhicules - côté,3,-1,2,0,1,1,1,5,1,90,2,2,1,0,0,1,50.0,57.0,voiture,voiture,3,1,3,1,3
202000004274,2020-08-20 16:15:00,2020,8,20,16,15,974,97411,RAMBAUD (LEOPOLD),-20.8863,55.4813,Plein jour,En agglomération,Hors intersection,Normale,Deux véhicules - côté,2,1,3,0,1,1,1,0,1,50,2,2,1,0,0,1,34.0,47.0,voiture,voiture,1,2,1,1,3
202000004275,2020-10-16 21:35:00,2020,10,16,21,35,86,86281,D757,46.683496,0.302296,Nuit sans éclairage public,Hors agglomération,Hors intersection,Normale,Deux véhicules - arrière,3,2,2,0,1,1,1,0,1,80,2,2,1,0,0,1,22.0,16.0,voiture,deux_roues,3,1,1,1,2
202000004276,2020-08-20 07:30:00,2020,8,20,7,30,974,97411,MONNERVILLE (BOULEVARD GASTON),-20.896,55.448,Plein jour,En agglomération,Hors intersection,Pluie légère,Trois véhicules et plus - en chaîne,4,2,0,0,2,1,2,0,1,50,3,5,2,0,0,3,63.0,56.0,voiture,voiture,1,2,1,2,4
202000004277,2020-08-20 05:35:00,2020,8,20,5,35,974,97411,RN2/043,-20.88634,55.49348,Crépuscule ou aube,Hors agglomération,Hors intersection,Pluie légère,Autre collision,2,1,2,0,2,2,2,0,1,90,1,1,0,0,0,1,26.0,,voiture,,2,1,1,2,6
202000004278,2020-10-17 14:40:00,2020,10,17,14,40,34,34338,D908,43.608455,3.380535,Plein jour,Hors agglomération,Hors intersection,Normale,Autre collision,3,2,2,0,2,1,1,0,3,70,1,1,0,1,0,0,45.0,,deux_roues,,1,1,1,1,6
202000004279,2020-08-21 18:20:00,2020,8,21,18,20,69,69386,FRANKLIN ROOSEVELT                  (CO),45.76894,4.84731,Plein jour,En agglomération,Intersection en X,Normale,Deux véhicules - frontale,4,1,4,3,1,1,1,0,1,50,2,2,1,0,0,1,32.0,18.0,voiture,deux_roues,1,2,2,1,1
202000004280,2020-10-16 23:40:00,2020,10,16,23,40,22,22004,17 Rue Saint Bernard,48.632852,-3.297433,Nuit sans éclairage public,En agglomération,Hors intersection,Normale,Autre collision,3,2,2,0,2,1,1,9,1,50,1,2,1,0,1,0,57.0,,utilitaire_camion,,3,2,1,1,6
202000004281,2020-08-21 14:45:00,2020,8,21,14,45,69,69387,MARCEL MERIEUX                      (R ),45.72882,4.8302613,Plein jour,En agglomération,Hors intersection,Normale,Sans collision,4,2,2,0,1,1,1,0,1,50,1,1,0,0,0,1,52.0,,deux_roues,,1,2,1,1,7
202000004282,2020-10-17 19:40:00,2020,10,17,19,40,25,25172,RD 459,47.258765,5.742717,Nuit sans éclairage public,Hors agglomération,Intersection en X,Normale,Deux véhicules - côté,3,2,2,0,1,1,1,5,1,80,2,2,0,0,1,1,37.0,57.0,voiture,utilitaire_camion,3,1,2,1,3
202000004283,2020-08-21 12:15:00,2020,8,21,12,15,69,69386,THIERS                              (AV),45.7662974,4.8619943,Plein jour,En agglomération,Intersection en X,Normale,Deux véhicules - côté,4,1,3,0,1,1,1,0,1,50,2,2,1,0,0,1,44.0,47.0,deux_roues,utilitaire_camion,1,2,2,1,3
202000004284,2020-10-16 13:00:00,2020,10,16,13,0,44,44002,30 Avenue de la Vendée,47.075412,-1.397882,Plein jour,En agglomération,Hors intersection,Normale,Autre collision,3,2,2,0,1,1,1,9,1,-1,1,2,1,0,1,0,16.0,,deux_roues,,1,2,1,1,6
202000004285,2020-08-21 16:25:00,2020,8,21,16,25,972,97213,ROUTE DEPARTEMENTALE 3,14.675,-60.991,Plein jour,Hors agglomération,Hors intersection,Pluie légère,Deux véhicules - frontale,3,2,0,0,4,4,9,0,1,70,2,2,0,0,0,2,58.0,49.0,voiture,voiture,1,1,1,2,1
202000004286,2020-10-16 18:41:00,2020,10,16,18,41,35,35109,Le Bas Monperron,48.089568,-1.227695,Plein jour,Hors agglomération,Hors intersection,Normale,Deux véhicules - frontale,3,2,2,0,4,1,1,0,1,80,2,2,0,0,2,0,26.0,40.0,voiture,voiture,1,1,1,1,1
202000004287,2020-08-21 00:21:00,2020,8,21,0,21,972,97213,ROUTE NATIONALE 1,14.6,-60.977602,Nuit sans éclairage public,Hors agglomération,Hors intersection,Pluie légère,Autre collision,2,3,0,0,1,1,1,0,1,70,1,2,1,0,0,1,20.0,,voiture,,3,1,1,2,6
202000004288,2020-08-20 20:47:00,2020,8,20,20,47,972,97213,ROUTE NATIONALE 5,14.5964859,-60.9942627,Nuit avec éclairage allumé,Hors agglomération,Hors intersection,Normale,Deux véhicules - côté,2,-1,4,0,1,1,1,0,1,90,2,2,1,0,0,1,58.0,39.0,voiture,voiture,5,1,1,1,3
202000004289,2020-10-16 17:55:00,2020,10,16,17,55,29,29079,D58 - Rue Jacques Gueguen,48.645132,-3.947694,Plein jour,Hors agglomération,Giratoire,Normale,Trois véhicules et plus - en chaîne,3,3,2,0,1,1,1,5,1,70,3,4,1,0,0,3,33.0,76.0,voiture,voiture,1,1,6,1,4
202000004290,2020-10-17 00:35:00,2020,10,17,0,35,38,38006,Route de la Ratz,45.403154,6.082655,Nuit avec éclairage allumé,En agglomération,Hors intersection,Normale,Autre collision,3,2,2,0,2,1,1,0,4,30,1,1,0,0,1,0,30.0,,voiture,,5,2,1,1,6
202000004291,2020-08-21 17:05:00,2020,8,21,17,5,69,69034,GEORGES CLEMENCEAU                  (QU),45.79009,4.82097,Plein jour,En agglomération,Intersection en T,Normale,Deux véhicules - frontale,4,2,2,0,1,1,1,9,1,50,2,2,1,0,1,0,31.0,60.0,utilitaire_camion,deux_roues,1,2,3,1,1
202000004292,2020-10-16 23:50:00,2020,10,16,23,50,02,02085,D1,49.090796,3.397763,Nuit sans éclairage public,En agglomération,Hors intersection,Normale,Sans collision,3,2,1,0,2,1,1,0,8,50,1,2,0,0,1,1,26.0,,voiture,,3,2,1,1,7
202000004293,2020-08-20 08:20:00,2020,8,20,8,20,69,69389,PROFESSEUR PATEL (DU)               (R ),45.76582,4.78729,Plein jour,En agglomération,Hors intersection,Normale,Deux véhicules - côté,4,3,4,0,1,1,1,0,1,70,2,2,1,0,0,1,59.0,33.0,deux_roues,voiture,1,2,1,1,3
202000004294,2020-10-16 19:45:00,2020,10,16,19,45,70,70111,N19,47.644776,6.291293,Nuit sans éclairage public,Hors agglomération,Hors intersection,Normale,Sans collision,2,2,2,0,1,1,1,0,3,80,1,1,0,0,1,0,51.0,,utilitaire_camion,,3,1,1,1,7
202000004295,2020-08-21 12:20:00,2020,8,21,12,20,2A,2A004,PIETRI FRANCOIS RUE,41.9351,8.75096,Plein jour,En agglomération,Intersection en X,Normale,Deux véhicules - côté,4,3,2,0,1,1,1,0,1,50,2,2,0,0,0,2,52.0,23.0,voiture,voiture,1,2,2,1,3
202000004296,2020-10-12 07:15:00,2020,10,12,7,15,54,54077,D21,48.5927711,6.8415481,Crépuscule ou aube,En agglomération,Hors intersection,Normale,Deux véhicules - frontale,3,2,2,0,1,1,1,0,1,50,2,2,1,0,0,1,21.0,24.0,utilitaire_camion,deux_roues,2,2,1,1,1
202000004297,2020-08-21 09:15:00,2020,8,21,9,15,91,91589,BRIAND (BOULEVARD ARISTIDE),48.682301,2.343473,Plein jour,En agglomération,Intersection en Y,Normale,Deux véhicules - côté,3,2,2,0,1,1,1,0,1,50,2,2,1,0,0,1,51.0,47.0,deux_roues,voiture,1,2,4,1,3
202000004298,2020-08-15 17:00:00,2020,8,15,17,0,06,06016,D28,44.092733,6.991532,Plein jour,Hors agglomération,Hors intersection,Normale,Sans collision,3,2,2,0,2,3,1,0,1,80,1,2,1,0,0,1,68.0,,deux_roues,,1,1,1,1,7
202000004299,2020-08-21 11:05:00,2020,8,21,11,5,91,91377,CHAMPARTS (RUE DES),48.716854,2.293668,Plein jour,En agglomération,Intersection en T,Normale,Autre collision,4,2,2,3,1,1,1,5,1,50,1,1,0,0,0,1,,,,,1,2,3,1,6
202000004300,2020-10-17 16:00:00,2020,10,17,16,0,05,05061,Les Farreaux (Arrêt de bus),44.625366,6.083347,Plein jour,Hors agglomération,Hors intersection,Normale,Deux véhicules - frontale,2,2,2,0,2,1,1,0,1,80,2,2,0,0,2,0,26.0,22.0,voiture,voiture,1,1,1,1,1
202000004301,2020-08-20 22:41:00,2020,8,20,22,41,87,87085,BEAUBREUIL (AVENUE DE),45.87544,1.29985,Nuit sans éclairage public,En agglomération,Hors intersection,Normale,Autre collision,4,2,2,0,1,1,1,0,1,50,1,4,1,0,0,3,25.0,,voiture,,3,2,1,1,6
202000004302,2020-10-16 21:55:00,2020,10,16,21,55,45,45081,Rue de Villemain,47.9356926,1.5807434,Nuit sans éclairage public,Hors agglomération,Hors intersection,Normale,Sans collision,3,2,2,0,1,3,1,0,8,80,1,1,0,0,0,1,20.0,,voiture,,3,1,1,1,7
202000004303,2020-08-07 22:08:00,2020,8,7,22,8,84,84007,PARKING CAP SUD,43.9299,4.8359,Nuit avec éclairage allumé,En agglomération,Hors intersection,Normale,Deux véhicules - frontale,4,2,2,0,1,4,1,0,1,30,2,3,1,0,2,0,18.0,28.0,deux_roues,voiture,5,2,1,1,1
202000004304,2020-10-17 00:25:00,2020,10,17,0,25,64,64152,200 Chemin de Guitte,43.3435583,-0.3005736,Nuit sans éclairage public,En agglomération,Intersection en T,Normale,Autre collision,4,2,2,0,2,2,1,0,1,50,1,2,1,1,0,0,53.0,,voiture,,3,2,3,1,6
202000004305,2020-10-17 03:50:00,2020,10,17,3,50,10,10261,3 Ruelle des 3 Poissons,47.976793,4.498345,Nuit avec éclairage allumé,En agglomération,Hors intersection,Normale,Sans collision,4,2,2,0,1,1,1,0,5,50,1,1,0,0,0,1,22.0,,deux_roues,,5,2,1,1,7
202000004306,2020-08-14 10:14:00,2020,8,14,10,14,84,84007,SIXTE ISNARD (Boulevard),43.9376,4.81148,Plein jour,En agglomération,Hors intersection,Normale,Deux véhicules - côté,4,2,2,1,1,1,1,0,1,50,2,2,1,0,1,0,63.0,55.0,voiture,deux_roues,1,2,1,1,3
202000004307,2020-10-16 18:45:00,2020,10,16,18,45,53,53112,D119,48.360462,-0.315117,Crépuscule ou aube,Hors agglomération,Intersection en X,Normale,Deux véhicules - côté,3,2,2,0,1,1,1,0,1,80,2,3,1,0,1,1,68.0,49.0,voiture,voiture,2,1,2,1,3
202000004308,2020-10-16 17:30:00,2020,10,16,17,30,53,53134,La Baillée,48.121299,-0.461555,Plein jour,Hors agglomération,Intersection en T,Normale,Deux véhicules - côté,3,2,2,0,1,1,1,5,1,80,2,4,3,0,1,0,30.0,77.0,voiture,voiture,1,1,3,1,3
202000004309,2020-08-07 01:00:00,2020,8,7,1,0,83,83137,DE LATTRE DE TASSIGNY (AVE MARECHAL),43.1169,5.937,Nuit avec éclairage allumé,En agglomération,Intersection en T,Normale,Deux véhicules - côté,4,2,2,0,1,1,1,0,1,50,2,4,1,0,1,2,27.0,39.0,voiture,deux_roues,5,2,3,1,3
202000004310,2020-10-16 10:00:00,2020,10,16,10,0,24,24133,Les Communaux,45.531587,0.966813,Plein jour,Hors agglomération,Hors intersection,Normale,Deux véhicules - arrière,2,2,2,0,1,1,1,0,1,80,2,2,1,0,1,0,53.0,43.0,utilitaire_camion,deux_roues,1,1,1,1,2
202000004311,2020-08-20 11:00:00,2020,8,20,11,0,83,83069,COMBATTANTS D' AFRIQUE DU NORD ( AVENUE,43.12169,6.11003,Plein jour,En agglomération,Hors intersection,Normale,Autre collision,4,2,2,0,1,1,1,5,1,50,1,2,1,0,0,1,88.0,,voiture,,1,2,1,1,6
202000004312,2020-10-16 18:40:00,2020,10,16,18,40,27,27317,Rue de la Chapelle,49.383389,0.684677,Plein jour,Hors agglomération,Hors intersection,Normale,Deux véhicules - frontale,4,2,2,0,1,3,1,0,1,80,2,5,4,0,1,0,17.0,58.0,deux_roues,voiture,1,1,1,1,1
202000004313,2020-08-21 16:50:00,2020,8,21,16,50,77,77468,PARIS (RUE DE),48.85079,2.65337,Plein jour,En agglomération,Hors intersection,Normale,Autre collision,4,2,2,0,1,2,1,0,1,30,1,1,0,0,0,1,,,,,1,2,1,1,6