accident_id,datetime,annee,mois,jour,heure,minute,departement,commune_insee,adresse,latitude,longitude,luminosite,agglomeration,intersection,meteo,collision,catr,circ,nbv,vosp,prof,plan,surf,infra,situ,vma,nb_vehicules,nb_usagers,nb_indemnes,nb_tues,nb_blesses_hosp,nb_blesses_legers,age_cond_1,age_cond_2,veh_type_cond_1,veh_type_cond_2,lum_code,agg_code,int_code,atm_code,col_code
202000004407,2020-08-21 17:40:00,2020,8,21,17,40,93,93005,R PAUL CEZANNE,48.9526855,2.4918706,Plein jour,Hors agglomération,Hors intersection,Normale,Deux véhicules - arrière,3,1,2,0,3,2,1,0,8,50,2,3,0,1,2,0,33.0,23.0,transport_commun,utilitaire_camion,1,1,1,1,2
202000004408,2020-08-02 13:45:00,2020,8,2,13,45,92,92077,ST CLOUD (RUE DE),48.8275,2.18885,Plein jour,En agglomération,Hors intersection,Normale,Deux véhicules - côté,3,2,2,0,1,3,1,0,1,30,2,2,1,0,0,1,45.0,21.0,voiture,deux_roues,1,2,1,1,3
202000004409,2020-08-20 17:30:00,2020,8,20,17,30,92,92050,DROITS DE L'HOMME PLACE DES,48.8960049,2.2157782,Plein jour,En agglomération,Giratoire,Normale,Deux véhicules - arrière,3,1,2,0,1,2,1,9,1,30,2,2,1,0,0,1,37.0,41.0,deux_roues,voiture,1,2,6,1,2
202000004410,2020-08-21 15:40:00,2020,8,21,15,40,92,92040,STALINGRAD (QUAI DE),48.8249014,2.2575057,Plein jour,En agglomération,Hors intersection,Normale,Sans collision,3,2,-1,1,1,1,9,0,5,50,1,1,0,0,0,1,56.0,,deux_roues,,1,2,1,1,7
202000004411,2020-08-16 20:28:00,2020,8,16,20,28,92,92012,SAUSSIERE (RUE DE LA),48.8377443,2.2403861,Crépuscule ou aube,En agglomération,Intersection en X,Normale,Deux véhicules - côté,4,1,1,0,1,1,1,0,1,30,2,4,3,0,0,1,25.0,27.0,voiture,voiture,2,2,2,1,3
202000004412,2020-08-22 11:10:00,2020,8,22,11,10,22,22050,Place du 11 Novembre 1918,48.456747,-2.052791,Plein jour,En agglomération,Place,Normale,Autre collision,3,1,1,0,1,2,1,5,1,30,1,2,1,0,1,0,50.0,,voiture,,1,2,7,1,6
202000004413,2020-08-22 07:15:00,2020,8,22,7,15,11,11261,A 61 PK 346.400,43.173448,2.629702,Plein jour,Hors agglomération,Hors intersection,Normale,Deux véhicules - arrière,1,3,5,0,2,1,1,0,1,130,2,2,1,0,1,0,49.0,24.0,utilitaire_camion,voiture,1,1,1,1,2
202000004414,2020-08-18 16:45:00,2020,8,18,16,45,71,71583,A6,46.2619593,4.7924377,Plein jour,Hors agglomération,Hors intersection,Normale,Deux véhicules - arrière,1,3,5,0,1,1,1,2,1,130,2,6,4,0,0,2,21.0,34.0,voiture,voiture,1,1,1,1,2
202000004415,2020-08-22 19:15:00,2020,8,22,19,15,41,41232,AUTROUTE A71 PK 156+200,47.422968,2.019124,Plein jour,Hors agglomération,Autre intersection,Normale,Sans collision,1,1,2,0,1,1,1,0,1,130,1,1,0,0,0,1,57.0,,voiture,,1,1,9,1,7
202000004416,2020-08-21 22:00:00,2020,8,21,22,0,22,22369,RN 12 PR 014+900,48.343272,-2.287517,Nuit sans éclairage public,Hors agglomération,Hors intersection,Normale,Sans collision,2,3,4,0,1,1,1,2,1,110,1,1,0,0,0,1,36.0,,voiture,,3,1,1,1,7
202000004417,2020-08-21 18:30:00,2020,8,21,18,30,51,51476,D977,49.0268395,4.4142578,Plein jour,Hors agglomération,Intersection en X,Normale,Deux véhicules - côté,3,2,2,0,1,1,1,0,1,80,2,2,1,0,0,1,25.0,35.0,voiture,voiture,1,1,2,1,3
202000004418,2020-08-21 23:30:00,2020,8,21,23,30,59,59094,Route de Craywick,50.956494,2.218745,Nuit sans éclairage public,Hors agglomération,Hors intersection,Normale,Sans collision,3,2,2,0,1,1,1,0,3,70,1,1,0,0,0,1,30.0,,voiture,,3,1,1,1,7
202000004419,2020-08-22 13:00:00,2020,8,22,13,0,36,36033, ÉCHANGEUR 19,46.506529,1.5048594,Plein jour,Hors agglomération,Hors intersection,Normale,,1,1,1,0,2,2,1,3,2,70,2,2,1,0,1,0,47.0,63.0,utilitaire_camion,voiture,1,1,1,1,-1
202000004420,2020-02-04 12:40:00,2020,2,4,12,40,02,02408,FOCH (AVENUE DU MARECHAL),49.56272,3.60067,Plein jour,En agglomération,Giratoire,Temps couvert,Deux véhicules - arrière,3,2,1,0,2,3,2,9,1,50,2,2,1,0,0,1,25.0,61.0,deux_roues,voiture,1,2,6,8,2
202000004421,2020-02-26 13:05:00,2020,2,26,13,5,92,92040,BOURGAIN (AVENE),48.8217793,2.2672074,Plein jour,En agglomération,Hors intersection,Pluie légère,Autre collision,3,2,2,0,2,1,2,5,1,30,1,1,0,0,0,1,,,,,1,2,1,2,6
202000004422,2020-12-02 08:45:00,2020,12,2,8,45,93,93029,FERNAND PENA,48.916572,2.433065,Plein jour,En agglomération,Hors intersection,,Deux véhicules - arrière,4,1,-1,-1,1,1,-1,0,1,-1,2,1,0,0,0,1,16.0,,deux_roues,,1,2,1,-1,2
202000004423,2020-12-02 08:45:00,2020,12,2,8,45,93,93029,R FERNAND PENA,48.91733,2.43366,Nuit avec éclairage allumé,En agglomération,Hors intersection,Normale,Deux véhicules - arrière,4,2,2,0,1,1,1,0,1,50,2,2,1,0,0,1,16.0,52.0,deux_roues,voiture,5,2,1,1,2
202000004424,2020-11-29 11:35:00,2020,11,29,11,35,38,38298,Rue de Bregnieux,45.378494,4.804346,Plein jour,En agglomération,Giratoire,Normale,Deux véhicules - frontale,4,2,2,0,3,1,1,0,1,50,2,3,2,0,0,1,15.0,32.0,deux_roues,voiture,1,2,6,1,1
202000004425,2020-11-16 23:47:00,2020,11,16,23,47,38,38451,2 Rue de la Girine,45.757277,5.218606,Nuit avec éclairage allumé,En agglomération,Hors intersection,Normale,Autre collision,3,2,2,0,1,1,1,0,1,50,1,2,1,0,0,1,20.0,,voiture,,5,2,1,1,6
202000004426,2020-12-01 13:00:00,2020,12,1,13,0,76,76351,ETRETAT (D'),49.497899,0.096258,Plein jour,En agglomération,Hors intersection,Normale,Autre collision,4,2,1,0,2,1,1,0,1,50,1,2,1,0,0,1,30.0,,transport_commun,,1,2,1,1,6
202000004427,2020-09-15 13:57:00,2020,9,15,13,57,26,26198,136 route du Teil,44.55631,4.724872,Plein jour,En agglomération,Hors intersection,Normale,Trois véhicules et plus - collisions multiples,2,2,2,0,1,1,1,0,1,50,3,3,2,0,0,1,87.0,24.0,voiture,deux_roues,1,2,1,1,5
202000004428,2020-12-04 11:30:00,2020,12,4,11,30,07,07102,,44.93696,4.86712,Plein jour,En agglomération,Hors intersection,Pluie forte,Sans collision,6,-1,-1,0,1,1,2,0,1,50,1,1,0,0,0,1,18.0,,deux_roues,,1,2,1,3,7
202000004429,2020-12-16 17:15:00,2020,12,16,17,15,05,05061,SILOS ( RUE DES ),44.56791,6.0952,Nuit avec éclairage allumé,En agglomération,Hors intersection,Normale,Autre collision,4,2,2,0,1,1,1,0,1,50,1,2,1,0,0,1,57.0,,voiture,,5,2,1,1,6
202000004430,2020-11-24 08:14:00,2020,11,24,8,14,78,78551,SCHNAPPER,48.887633,2.095558,Plein jour,En agglomération,Autre intersection,Normale,Autre collision,4,2,2,0,1,3,1,0,1,50,1,2,1,0,0,1,50.0,,voiture,,1,2,9,1,6
202000004431,2020-11-28 21:25:00,2020,11,28,21,25,27,27229,QUATORZE JUILLET (BOULEVARD),49.01453,1.17005,Nuit avec éclairage allumé,En agglomération,Hors intersection,Normale,Autre collision,4,3,4,0,1,3,1,0,1,50,1,2,1,0,1,0,32.0,,voiture,,5,2,1,1,6
202000004432,2020-12-13 17:00:00,2020,12,13,17,0,70,70388,FRAPERTUIS (RUE DU),47.60327,6.10922,Crépuscule ou aube,Hors agglomération,Hors intersection,Normale,Sans collision,4,2,2,0,2,1,1,0,1,80,1,1,0,1,0,0,67.0,,deux_roues,,2,1,1,1,7
202000004433,2020-12-16 18:00:00,2020,12,16,18,0,17,17010,Route du Pont de la Pierre,46.113103,-1.116807,Nuit sans éclairage public,Hors agglomération,Hors intersection,Pluie légère,Deux véhicules - frontale,4,2,2,0,1,3,2,0,1,80,2,2,1,0,1,0,85.0,42.0,voiture,deux_roues,3,1,1,2,1
202000004434,2020-12-18 18:46:00,2020,12,18,18,46,69,69006,D13e3,45.973673,4.292886,Nuit sans éclairage public,Hors agglomération,Hors intersection,Normale,Autre collision,3,2,2,0,1,4,1,0,3,80,1,1,0,0,1,0,40.0,,voiture,,3,1,1,1,6
202000004435,2020-12-13 13:05:00,2020,12,13,13,5,27,27547,d49,49.053677,0.399456,Plein jour,Hors agglomération,Hors intersection,Normale,Autre collision,3,2,2,0,1,1,1,0,3,80,1,1,0,0,1,0,,,,,1,1,1,1,6
202000004436,2020-12-18 08:15:00,2020,12,18,8,15,77,77222,59 Rue de Troyes,48.635043,2.800844,Plein jour,En agglomération,Intersection en Y,Normale,Deux véhicules - arrière,3,2,2,0,1,1,1,0,1,50,2,2,1,0,1,0,49.0,20.0,deux_roues,voiture,1,2,4,1,2
202000004437,2020-10-05 12:10:00,2020,10,5,12,10,92,92025,PIERRE CURIE (RUE),48.915633,2.234932,Plein jour,En agglomération,Intersection en X,Temps couvert,Deux véhicules - côté,4,-1,1,0,1,1,1,0,1,50,2,2,1,0,0,1,28.0,28.0,voiture,voiture,1,2,2,8,3
202000004438,2020-09-10 12:20:00,2020,9,10,12,20,92,92025,MENELOTTE  2A 50 (AV),48.9284375,2.2595988,Plein jour,En agglomération,Intersection en X,Normale,Autre collision,4,2,2,0,1,1,1,0,1,50,1,2,1,0,1,0,76.0,,voiture,,1,2,2,1,6
202000004439,2020-10-08 08:35:00,2020,10,8,8,35,73,73065,AV LECLERC / PARENT NICOLAS (RUE),45.570275,5.916717,Plein jour,En agglomération,Intersection en T,Normale,Deux véhicules - côté,4,2,2,0,1,1,1,0,5,30,2,2,1,0,0,1,47.0,48.0,voiture,deux_roues,1,2,3,1,3
202000004440,2020-10-01 09:50:00,2020,10,1,9,50,60,60159,D 14,49.3962,2.89242,Plein jour,Hors agglomération,Hors intersection,Pluie forte,Autre collision,3,2,2,0,1,2,2,0,1,80,1,2,0,1,0,1,30.0,,voiture,,1,1,1,3,6
202000004441,2020-09-15 16:30:00,2020,9,15,16,30,94,94028,MESLY(AVENUE DU CHEMIN DE),48.78549,2.46024,Plein jour,En agglomération,Hors intersection,Normale,Deux véhicules - côté,4,2,2,0,1,1,1,0,1,30,2,2,1,0,0,1,12.0,82.0,deux_roues,voiture,1,2,1,1,3
202000004442,2020-01-04 12:05:00,2020,1,4,12,5,92,92025,CHARLES DE GAULLE (BD),48.9117714,2.2324508,Plein jour,En agglomération,Intersection en X,Normale,Deux véhicules - côté,3,2,6,3,1,1,1,5,3,50,2,4,2,0,0,2,31.0,27.0,voiture,voiture,1,2,2,1,3
202000004443,2020-09-29 14:32:00,2020,9,29,14,32,70,70550,R.N. 19,47.63415,6.15821,Plein jour,En agglomération,Hors intersection,Pluie légère,Autre collision,6,-1,-1,0,2,1,1,0,8,50,1,2,1,0,1,0,46.0,,utilitaire_camion,,1,2,1,2,6
202000004444,2020-03-13 14:40:00,2020,3,13,14,40,976,97611,mamoudzou centre-Jardin du collège(rue d,-12.78009,45.22381,Plein jour,En agglomération,Autre intersection,Normale,Autre collision,4,2,0,0,2,1,1,0,1,50,1,2,1,0,0,1,34.0,,voiture,,1,2,9,1,6
202000004445,2020-11-13 09:30:00,2020,11,13,9,30,78,78551,DESOYER (LEON),48.89951,2.085557,Plein jour,En agglomération,Giratoire,Pluie légère,Autre collision,4,2,2,0,1,1,2,0,1,30,1,2,1,0,0,1,90.0,,voiture,,1,2,6,2,6
202000004446,2020-12-01 14:15:00,2020,12,1,14,15,13,13202,PORT (QUAI DU),43.296065,5.374023,Plein jour,En agglomération,Intersection en T,Normale,Deux véhicules - côté,4,2,1,0,1,1,1,0,1,50,2,2,1,0,0,1,45.0,34.0,deux_roues,deux_roues,1,2,3,1,3
202000004447,2020-11-30 10:50:00,2020,11,30,10,50,11,11262,ESPAGNE (AVENUE D'),43.16968,2.98936,Plein jour,En agglomération,Giratoire,Normale,Sans collision,4,4,2,0,1,2,1,9,1,30,1,3,1,0,1,1,54.0,,voiture,,1,2,6,1,7
202000004448,2020-12-08 18:20:00,2020,12,8,18,20,76,76351,RENE COTY,49.498096,0.11636,Nuit avec éclairage allumé,En agglomération,Hors intersection,Pluie forte,Autre collision,4,2,3,0,2,1,2,0,1,50,1,3,2,0,0,1,42.0,,voiture,,5,2,1,3,6
202000004449,2020-12-15 20:48:00,2020,12,15,20,48,60,60667,Avenue René Firmin,49.314163,2.736626,Nuit avec éclairage allumé,En agglomération,Hors intersection,Pluie légère,Deux véhicules - frontale,3,2,2,0,1,1,2,0,1,50,2,4,3,0,0,1,28.0,30.0,voiture,voiture,5,2,1,2,1
202000004450,2020-10-23 16:38:00,2020,10,23,16,38,81,81105,Square Maréchal Foch,43.762935,1.991326,Plein jour,En agglomération,Hors intersection,Normale,Deux véhicules - frontale,4,2,2,2,1,3,2,0,1,50,2,2,1,0,0,1,20.0,83.0,voiture,voiture,1,2,1,1,1
202000004451,2020-10-19 11:00:00,2020,10,19,11,0,95,95210,MALLEVILLE (RUE DE),48.96764,2.30549,Plein jour,En agglomération,Hors intersection,Normale,Deux véhicules - arrière,4,2,2,0,2,1,1,0,1,50,2,2,1,0,0,1,20.0,37.0,deux_roues,utilitaire_camion,1,2,1,1,2
202000004452,2020-10-14 07:55:00,2020,10,14,7,55,69,69142,GENERAL DE GAULLE                   (AV),45.72597,4.81178,Crépuscule ou aube,En agglomération,Hors intersection,Pluie légère,Deux véhicules - côté,4,2,4,3,2,1,2,0,6,50,2,2,1,0,0,1,24.0,57.0,deux_roues,utilitaire_camion,2,2,1,2,3
202000004453,2020-10-12 13:20:00,2020,10,12,13,20,45,45068,Rue Condorcet,48.02289,2.73539,Plein jour,En agglomération,Hors intersection,Normale,Deux véhicules - côté,4,-1,1,0,1,1,1,0,1,50,2,4,2,0,0,2,30.0,21.0,utilitaire_camion,utilitaire_camion,1,2,1,1,3
202000004454,2020-09-24 16:10:00,2020,9,24,16,10,49,49007,Avenue du Général Patton,47.47367,-0.58285,Plein jour,En agglomération,Hors intersection,Normale,Deux véhicules - frontale,4,-1,2,0,1,1,1,0,1,30,2,2,1,0,0,1,26.0,58.0,deux_roues,voiture,1,2,1,1,1
202000004455,2020-06-13 15:50:00,2020,6,13,15,50,92,92025,VALMY 1 A 53   2 A 66 (BD DE),48.92612,2.25302,Plein jour,En agglomération,Intersection en X,Normale,Deux véhicules - frontale,3,2,3,0,1,1,1,0,1,50,2,2,1,0,0,1,24.0,31.0,voiture,deux_roues,1,2,2,1,1
202000004456,2020-06-28 12:05:00,2020,6,28,12,5,83,83069,AEROPORT (AVENUE DE L'),43.09973,6.13249,Plein jour,Hors agglomération,Hors intersection,Normale,Trois véhicules et plus - collisions multiples,3,2,2,0,1,1,1,0,1,70,4,10,8,0,0,2,39.0,53.0,voiture,voiture,1,1,1,1,5
202000004457,2020-09-13 05:45:00,2020,9,13,5,45,06,06004,R.N.98 BORD DE MER SIESTA,43.590571,7.124334,Nuit avec éclairage allumé,En agglomération,Hors intersection,Normale,Sans collision,3,2,4,1,1,1,1,0,1,50,1,2,0,0,2,0,83.0,,deux_roues,,5,2,1,1,7
202000004458,2020-08-28 17:30:00,2020,8,28,17,30,69,69382,CHARLEMAGNE                         (CO),45.73973,4.81832,Plein jour,En agglomération,Intersection en X,Pluie légère,Deux véhicules - côté,4,3,5,3,1,1,2,9,6,30,2,4,1,0,0,3,28.0,43.0,transport_commun,transport_commun,1,2,2,2,3
202000004459,2020-08-27 22:39:00,2020,8,27,22,39,35,35281,DODIN (AVENUE ROGER),48.07836,-1.71257,Nuit avec éclairage allumé,En agglomération,Autre intersection,Normale,Sans collision,3,3,4,0,1,1,1,5,1,50,1,1,0,0,0,1,42.0,,deux_roues,,5,2,9,1,7
202000004460,2020-09-18 18:30:00,2020,9,18,18,30,35,35238,CHATILLON (DE),48.08881,-1.67178,Plein jour,En agglomération,Hors intersection,Normale,Autre collision,6,-1,0,0,1,1,1,9,8,-1,1,2,1,0,0,1,52.0,,voiture,,1,2,1,1,6
202000004461,2020-11-30 16:35:00,2020,11,30,16,35,02,02750,28 Route de Coucy-le-château,49.517892,3.227216,Plein jour,En agglomération,Hors intersection,Normale,Autre collision,3,2,2,0,1,1,1,0,1,50,1,2,1,0,0,1,20.0,,voiture,,1,2,1,1,6
202000004462,2020-08-22 12:55:00,2020,8,22,12,55,976,97611,kaweni-Mangrove (route de la),-12.775,45.225,Plein jour,En agglomération,Autre intersection,Normale,Deux véhicules - côté,2,2,0,0,1,1,1,0,1,50,2,3,1,0,0,2,52.0,40.0,voiture,deux_roues,1,2,9,1,3
202000004463,2020-08-31 11:15:00,2020,8,31,11,15,06,06069,CASTORS (CHEMIN DES),43.63921,6.93372,Plein jour,En agglomération,Hors intersection,Normale,Deux véhicules - arrière,3,2,2,0,1,1,1,9,6,50,2,3,2,0,0,1,31.0,42.0,voiture,transport_commun,1,2,1,1,2
202000004464,2020-01-15 12:50:00,2020,1,15,12,50,94,94046,VICTOR HUGO (R),48.7997,2.4415,Plein jour,En agglomération,Hors intersection,Normale,Autre collision,3,2,2,0,1,1,1,0,1,30,1,2,1,0,0,1,22.0,,deux_roues,,1,2,1,1,6
202000004465,2020-09-26 22:00:00,2020,9,26,22,0,24,24145,ROQUE (AVENUE  DE LA),44.85258,0.55041,Nuit avec éclairage allumé,En agglomération,Autre intersection,Normale,Deux véhicules - frontale,3,2,2,0,1,1,2,0,1,50,2,2,1,0,0,1,21.0,79.0,voiture,voiture,5,2,9,1,1
202000004466,2020-09-13 09:57:00,2020,9,13,9,57,24,24037,N1021 (rocade RN21-D660),44.8199,0.4761,Plein jour,En agglomération,Autre intersection,Normale,Deux véhicules - côté,3,1,2,0,1,2,1,0,1,50,2,2,1,0,1,0,73.0,70.0,voiture,deux_roues,1,2,9,1,3
202000004467,2020-06-30 07:20:00,2020,6,30,7,20,59,59350,RENARD RUE VICTOIRE,50.6118159,3.0656523,Plein jour,En agglomération,Intersection en T,Normale,Deux véhicules - arrière,4,1,2,0,1,1,1,0,1,50,2,3,0,0,0,3,17.0,67.0,voiture,voiture,1,2,3,1,2
202000004468,2020-06-25 13:15:00,2020,6,25,13,15,59,59648,JAURES JEAN RUE,50.60003,3.05182,Plein jour,En agglomération,Intersection en X,Normale,Deux véhicules - côté,7,2,1,0,1,1,1,5,1,50,2,2,1,0,0,1,47.0,43.0,voiture,voiture,1,2,2,1,3
202000004469,2020-05-26 11:25:00,2020,5,26,11,25,59,59663,BELLE CROIX (RUE DE LA),50.8821328,2.4711535,Plein jour,Hors agglomération,Intersection en X,Normale,Deux véhicules - côté,3,2,2,0,1,1,1,0,1,70,2,2,0,0,0,2,21.0,65.0,autre,autre,1,1,2,1,3
202000004470,2020-05-20 19:25:00,2020,5,20,19,25,59,59043,STEENWERCK (ROUTE DE),50.71452,2.76689,Plein jour,Hors agglomération,Hors intersection,Normale,Autre collision,3,2,2,0,2,3,1,2,8,70,1,3,0,0,1,2,35.0,,voiture,,1,1,1,1,6
202000004471,2020-05-16 11:10:00,2020,5,16,11,10,59,59043,LILLE (RUE DE),50.73023,2.7468,Plein jour,En agglomération,Autre intersection,Normale,Deux véhicules - côté,3,1,2,0,1,2,1,0,1,50,2,2,1,0,1,0,66.0,32.0,voiture,deux_roues,1,2,9,1,3
202000004472,2020-07-29 09:20:00,2020,7,29,9,20,14,14220,REPUBLIQUE (AVENUE DE LA),49.3574002,0.0741746,Plein jour,En agglomération,Intersection en X,Temps éblouissant,Autre collision,3,-1,2,0,1,1,1,0,1,50,1,2,1,0,0,1,23.0,,voiture,,1,2,2,7,6
202000004473,2020-07-08 11:25:00,2020,7,8,11,25,14,14715,CARNOT,49.36691,0.07972,Plein jour,En agglomération,Hors intersection,Temps couvert,Autre collision,4,1,1,0,1,1,1,0,1,50,1,2,1,0,0,1,54.0,,voiture,,1,2,1,8,6
202000004474,2020-12-28 18:15:00,2020,12,28,18,15,42,42187,Rue Pierre Semard,46.03862,4.05799,Nuit avec éclairage allumé,En agglomération,Hors intersection,Normale,Autre collision,4,2,2,0,1,1,1,0,1,50,1,1,0,0,1,0,,,,,5,2,1,1,6
202000004475,2020-12-18 17:00:00,2020,12,18,17,0,33,33448,D214,44.714416,-0.50211,Plein jour,En agglomération,Hors intersection,Normale,Deux véhicules - frontale,3,2,2,0,1,1,1,0,1,50,2,2,1,0,1,0,17.0,19.0,deux_roues,voiture,1,2,1,1,1
202000004476,2020-12-04 16:30:00,2020,12,4,16,30,65,65100,MOULIN (RUE JEAN),43.260901,0.042701,Plein jour,En agglomération,Hors intersection,Normale,Autre collision,4,2,2,0,2,1,1,0,4,50,1,1,0,1,0,0,,,,,1,2,1,1,6
202000004477,2020-12-03 17:57:00,2020,12,3,17,57,08,08105,DUCALE PLACE,49.77356,4.72069,Nuit avec éclairage allumé,En agglomération,Place,Pluie légère,Autre collision,4,1,1,0,1,1,1,0,1,50,1,2,1,0,0,1,51.0,,voiture,,5,2,7,2,6
202000004478,2020-11-25 17:45:00,2020,11,25,17,45,91,91553,RN 104,48.631,2.49126,Nuit sans éclairage public,Hors agglomération,Hors intersection,Normale,Deux véhicules - côté,2,3,4,0,1,1,1,0,1,90,2,2,1,0,0,1,43.0,26.0,deux_roues,voiture,3,1,1,1,3
202000004479,2020-12-30 06:30:00,2020,12,30,6,30,60,60196,D927,49.290006,2.090235,Nuit sans éclairage public,Hors agglomération,Hors intersection,Pluie légère,Deux véhicules - frontale,3,2,2,0,1,1,2,0,1,80,2,2,1,0,0,1,37.0,45.0,voiture,voiture,3,1,1,2,1
202000004480,2020-09-30 16:00:00,2020,9,30,16,0,69,69091,ALARCON (RUE MICHEL),45.58249,4.77531,Plein jour,En agglomération,Hors intersection,Normale,Autre collision,4,2,1,0,1,1,1,0,1,50,1,2,1,0,1,0,66.0,,voiture,,1,2,1,1,6
202000004481,2020-07-06 21:10:00,2020,7,6,21,10,65,65440,HUGO (RUE VICTOR),43.235709,0.069869,Plein jour,En agglomération,Intersection en X,Normale,Deux véhicules - côté,4,2,2,0,1,1,1,0,1,50,2,2,1,0,0,1,57.0,18.0,voiture,deux_roues,1,2,2,1,3
202000004482,2020-02-11 16:30:00,2020,2,11,16,30,36,36044,Avenue des Marins,46.8088576,1.6804036,Plein jour,En agglomération,Hors intersection,Normale,Deux véhicules - arrière,4,2,2,0,1,1,1,6,1,50,2,3,0,0,0,3,46.0,62.0,voiture,voiture,1,2,1,1,2
202000004483,2020-08-14 17:00:00,2020,8,14,17,0,36,36044,ARGENTON (AV D'),46.8025834,1.6721696,Plein jour,En agglomération,Hors intersection,Normale,Autre collision,4,3,1,0,1,1,1,0,1,50,1,2,1,0,0,1,86.0,,utilitaire_camion,,1,2,1,1,6
202000004484,2020-08-21 18:35:00,2020,8,21,18,35,36,36044,48 Chemin de Soulasse,46.8181138,1.7223269,Plein jour,En agglomération,Hors intersection,Normale,Sans collision,4,2,2,0,1,3,1,0,1,50,1,1,0,0,0,1,40.0,,deux_roues,,1,2,1,1,7
202000004485,2020-01-25 15:13:00,2020,1,25,15,13,36,36202,34 Avenue d’Occitanie,46.7906355,1.6616888,Plein jour,En agglomération,Hors intersection,Normale,Trois véhicules et plus - en chaîne,4,3,2,0,1,1,1,0,1,50,3,3,2,0,0,1,37.0,22.0,voiture,deux_roues,1,2,1,1,4
202000004486,2020-02-15 16:04:00,2020,2,15,16,4,36,36044,Avenue de la Châtre,46.8068435,1.7088227,Plein jour,En agglomération,Hors intersection,Normale,Sans collision,4,2,2,0,1,1,1,0,1,50,1,1,0,0,1,0,18.0,,deux_roues,,1,2,1,1,7
202000004487,2020-09-29 14:00:00,2020,9,29,14,0,35,35238,ROOSEVELT (BD FRANKLIN),48.09746,-1.65727,Plein jour,En agglomération,Autre intersection,Normale,Deux véhicules - côté,4,2,3,1,1,1,1,0,5,50,2,2,1,0,0,1,70.0,50.0,voiture,deux_roues,1,2,9,1,3
202000004488,2020-08-22 15:05:00,2020,8,22,15,5,17,17306,sous l'avenue Louis Bouchet,45.626041,-0.999265,Plein jour,En agglomération,Hors intersection,Normale,Deux véhicules - côté,3,2,2,0,1,1,1,0,1,80,2,2,1,0,0,1,23.0,47.0,voiture,deux_roues,1,2,1,1,3
202000004489,2020-07-19 07:00:00,2020,7,19,7,0,17,17306,BAILLET (BD COLONEL ROBERT),45.63183,-1.03211,Plein jour,En agglomération,Hors intersection,Normale,Deux véhicules - côté,4,1,2,0,1,1,1,5,1,50,2,2,1,0,0,1,70.0,80.0,voiture,deux_roues,1,2,1,1,3
202000004490,2020-07-15 18:25:00,2020,7,15,18,25,17,17306,REUTIN (BD FELIX),45.62385,-1.03233,Plein jour,En agglomération,Hors intersection,Normale,Deux véhicules - arrière,4,2,2,0,1,1,1,0,1,50,2,2,0,0,0,2,27.0,56.0,voiture,voiture,1,2,1,1,2
202000004491,2020-07-15 17:50:00,2020,7,15,17,50,17,17461,GARNIER (AVENUE  FREDERIC),45.642162,-1.065811,Plein jour,En agglomération,Intersection en T,Normale,Deux véhicules - côté,4,-1,2,0,1,1,1,0,1,30,2,2,1,0,0,1,8.0,74.0,deux_roues,voiture,1,2,3,1,3
202000004492,2020-05-29 06:45:00,2020,5,29,6,45,02,02168,D1,49.04747,3.383416,Plein jour,En agglomération,Intersection en X,Normale,Deux véhicules - côté,3,3,3,0,1,1,1,0,1,70,2,2,1,0,1,0,47.0,60.0,voiture,voiture,1,2,2,1,3
202000004493,2020-11-27 18:30:00,2020,11,27,18,30,973,97302,MADELEINE (ROUTE DE LA),4.91516,-52.32097,Nuit avec éclairage allumé,En agglomération,Hors intersection,Normale,Autre collision,3,2,2,0,1,1,1,0,1,50,1,2,0,0,0,2,33.0,,deux_roues,,5,2,1,1,6
202000004494,2020-11-30 13:03:00,2020,11,30,13,3,973,97302,BARTHELEMY (RENE),4.9355777,-52.3309476,Plein jour,En agglomération,Intersection en T,Normale,Deux véhicules - côté,4,2,2,0,1,1,1,0,1,50,2,3,1,0,0,2,35.0,24.0,deux_roues,voiture,1,2,3,1,3
202000004495,2020-11-29 23:25:00,2020,11,29,23,25,973,97302,MADELEINE (ROUTE DE LA),4.9393063,-52.3264861,Nuit avec éclairage allumé,En agglomération,Hors intersection,Normale,Sans collision,3,2,2,0,1,1,1,9,1,50,1,1,0,0,1,0,50.0,,deux_roues,,5,2,1,1,7
202000004496,2020-11-29 09:40:00,2020,11,29,9,40,973,97302,MERE THERESA (rue),4.91943,-52.31267,Plein jour,En agglomération,Hors intersection,Normale,Autre collision,4,-1,1,0,1,1,1,0,4,50,1,3,1,0,0,2,43.0,,voiture,,1,2,1,1,6
202000004497,2020-11-30 07:40:00,2020,11,30,7,40,972,97213,AUTOROUTE A1,14.617,-61.017,Plein jour,Hors agglomération,Hors intersection,Normale,Deux véhicules - arrière,1,1,4,3,1,1,1,0,1,90,2,2,1,0,1,0,19.0,42.0,deux_roues,utilitaire_camion,1,1,1,1,2
202000004498,2020-11-29 17:27:00,2020,11,29,17,27,91,91021,AV DIVISION LECLERC,48.59677,2.24592,Plein jour,En agglomération,Hors intersection,Normale,Deux véhicules - arrière,3,3,4,0,1,1,1,0,1,30,2,2,1,0,0,1,21.0,48.0,voiture,voiture,1,2,1,1,2
202000004499,2020-11-30 23:45:00,2020,11,30,23,45,91,91161,AV MAZARIN,48.708,2.31066,Nuit avec éclairage allumé,En agglomération,Giratoire,Pluie légère,Autre collision,3,1,1,0,1,2,2,5,1,50,1,3,2,0,0,1,,,,,5,2,6,2,6