accident_id,datetime,annee,mois,jour,heure,minute,departement,commune_insee,adresse,latitude,longitude,luminosite,agglomeration,intersection,meteo,collision,catr,circ,nbv,vosp,prof,plan,surf,infra,situ,vma,nb_vehicules,nb_usagers,nb_indemnes,nb_tues,nb_blesses_hosp,nb_blesses_legers,age_cond_1,age_cond_2,veh_type_cond_1,veh_type_cond_2,lum_code,agg_code,int_code,atm_code,col_code
202000004500,2020-11-30 17:30:00,2020,11,30,17,30,91,91687,GUYNEMER (BOULEVARD),48.677713,2.37633,Nuit avec éclairage allumé,En agglomération,Hors intersection,Normale,Autre collision,4,2,2,0,1,1,1,0,1,50,1,2,1,0,0,1,29.0,,utilitaire_camion,,5,2,1,1,6
202000004501,2020-11-28 10:50:00,2020,11,28,10,50,76,76351,BOIS AU COQ (AVENUE),49.5165,0.1194,Plein jour,Hors agglomération,Hors intersection,Normale,Autre collision,6,-1,-1,0,1,1,1,0,8,10,1,1,0,0,0,1,,,,,1,1,1,1,6
202000004502,2020-11-29 13:22:00,2020,11,29,13,22,74,74298,BONNEVILLE (ROUTE DE ),46.1685,6.272,Plein jour,Hors agglomération,Hors intersection,Normale,Deux véhicules - frontale,3,2,2,0,1,3,1,2,1,70,2,4,3,0,0,1,45.0,18.0,voiture,voiture,1,1,1,1,1
202000004503,2020-11-29 11:40:00,2020,11,29,11,40,69,69290,COLOMBIER (DU)                      (R ),45.7064384,4.9327771,Plein jour,En agglomération,Hors intersection,Normale,Autre collision,4,2,2,0,1,1,1,0,1,50,1,3,2,0,0,1,21.0,,voiture,,1,2,1,1,6
202000004504,2020-11-30 12:25:00,2020,11,30,12,25,65,65100,FRANCE (RUE ANATOLE),43.254551,0.046963,Plein jour,En agglomération,Intersection en X,Normale,Deux véhicules - côté,3,2,2,0,1,1,1,0,1,50,2,2,1,0,0,1,72.0,50.0,voiture,voiture,1,2,2,1,3
202000004505,2020-11-24 11:29:00,2020,11,24,11,29,63,63113,VERDUN (PLACE DE),45.76541,3.08231,Plein jour,En agglomération,Intersection à plus de 4 branches,Normale,Deux véhicules - côté,4,2,3,0,1,1,1,0,1,50,2,2,1,0,0,1,79.0,37.0,deux_roues,voiture,1,2,5,1,3
202000004506,2020-11-28 17:10:00,2020,11,28,17,10,59,59350,BELFORT BOULEVARD DE,50.62187,3.07936,Nuit avec éclairage allumé,En agglomération,Intersection en X,Normale,Deux véhicules - côté,7,1,1,1,1,1,1,5,1,50,2,2,1,0,1,0,31.0,23.0,deux_roues,voiture,5,2,2,1,3
202000004507,2020-11-28 15:04:00,2020,11,28,15,4,56,56162,AEROGARE,47.75009,-3.43442,Plein jour,Hors agglomération,Intersection en T,Normale,Deux véhicules - côté,4,2,2,0,1,1,1,0,1,50,2,3,2,0,1,0,20.0,22.0,deux_roues,voiture,1,1,3,1,3
202000004508,2020-11-27 09:39:00,2020,11,27,9,39,54,54329,BLD. GEORGES POMPIDOU,48.58594,6.4809,Plein jour,En agglomération,Intersection en T,Normale,Autre collision,4,2,2,0,1,1,1,0,1,2,1,2,1,0,1,0,31.0,,voiture,,1,2,3,1,6
202000004509,2020-11-27 07:53:00,2020,11,27,7,53,49,49007,DE LATTRE DE TASSIGNY,47.45779,-0.54435,Nuit avec éclairage allumé,En agglomération,Giratoire,Brouillard / fumée,Deux véhicules - côté,4,-1,2,1,1,1,1,0,1,50,2,2,1,0,0,1,12.0,62.0,deux_roues,voiture,5,2,6,5,3
202000004510,2020-11-29 16:15:00,2020,11,29,16,15,49,49007,GATELLERIE IMPASSE,47.49625,-0.55696,Plein jour,En agglomération,Hors intersection,Normale,Autre collision,4,-1,2,0,1,1,1,0,4,50,1,4,1,0,0,3,43.0,,voiture,,1,2,1,1,6
202000004511,2020-11-30 09:35:00,2020,11,30,9,35,45,45285,Rue des Chaises - rue des cerises,47.9213728,1.883189,Plein jour,En agglomération,Intersection en X,Normale,Autre collision,4,2,2,0,1,1,1,0,1,50,1,2,1,0,0,1,29.0,,voiture,,1,2,2,1,6
202000004512,2020-11-30 09:35:00,2020,11,30,9,35,29,29232,Avenue Jacques le Viol,47.9935299,-4.138907,Crépuscule ou aube,En agglomération,Hors intersection,Temps éblouissant,Deux véhicules - frontale,4,2,2,0,2,1,1,0,1,50,2,3,2,0,0,1,34.0,61.0,voiture,voiture,2,2,1,7,1
202000004513,2020-11-30 10:30:00,2020,11,30,10,30,29,29232,Rue Charles le Goffic,47.98529,-4.06113,Plein jour,En agglomération,Hors intersection,Normale,Deux véhicules - côté,4,2,2,0,1,3,1,0,1,50,2,2,1,0,0,1,42.0,37.0,voiture,voiture,1,2,1,1,3
202000004514,2020-11-28 09:25:00,2020,11,28,9,25,25,25056,RAGOTS   CHEMIN DES,47.23358,6.04993,Plein jour,En agglomération,Hors intersection,Normale,Sans collision,4,2,2,0,2,1,1,0,1,50,1,1,0,0,0,1,24.0,,voiture,,1,2,1,1,7
202000004515,2020-11-30 08:00:00,2020,11,30,8,0,21,21166,Avenue Roland Carraz,47.2987991,5.0197866,Plein jour,En agglomération,Intersection en X,Normale,Trois véhicules et plus - collisions multiples,7,3,5,0,1,1,1,0,1,50,3,3,2,0,0,1,52.0,27.0,voiture,voiture,1,2,2,1,5
202000004516,2020-11-30 15:00:00,2020,11,30,15,0,17,17461,FALAISE (BOULEVARD DE LA),45.629261,-1.06326,Plein jour,En agglomération,Hors intersection,Normale,Deux véhicules - côté,4,2,1,1,1,1,1,0,1,50,2,2,1,0,0,1,66.0,73.0,deux_roues,deux_roues,1,2,1,1,3
202000004517,2020-11-27 07:30:00,2020,11,27,7,30,14,14118,BRIAND (BOULEVARD ARISTIDE),49.17812,-0.36385,Nuit avec éclairage allumé,En agglomération,Intersection en Y,Normale,Autre collision,4,2,2,0,1,2,1,0,1,50,1,2,1,0,0,1,39.0,,voiture,,5,2,4,1,6
202000004518,2020-11-24 10:30:00,2020,11,24,10,30,14,14118,SAINT OUEN (RUE),49.17519,-0.37743,Plein jour,En agglomération,Place,Normale,Autre collision,4,2,2,0,1,1,1,0,4,50,1,2,1,0,1,0,73.0,,utilitaire_camion,,1,2,7,1,6
202000004519,2020-11-30 20:15:00,2020,11,30,20,15,13,13203,GUIBAL (RUE),43.30572,5.38397,Nuit avec éclairage allumé,En agglomération,Intersection en X,Normale,Deux véhicules - arrière,4,2,2,0,2,1,1,0,1,50,2,5,2,0,0,3,20.0,34.0,voiture,voiture,5,2,2,1,2
202000004520,2020-11-28 09:34:00,2020,11,28,9,34,11,11262,HUBERT MOULY (AVENUE),43.1801609,3.0188828,Plein jour,En agglomération,Giratoire,Normale,Sans collision,4,1,2,0,1,1,1,9,1,30,1,1,0,0,0,1,16.0,,deux_roues,,1,2,6,1,7
202000004521,2020-11-30 12:15:00,2020,11,30,12,15,06,06069,PLAN (ROUTE DU) -D304-,43.650718,6.948747,Plein jour,Hors agglomération,Autre intersection,Normale,Deux véhicules - côté,3,2,2,0,1,1,1,0,8,30,2,2,0,0,0,2,41.0,30.0,voiture,voiture,1,1,9,1,3
202000004522,2020-08-29 18:50:00,2020,8,29,18,50,976,97611,doujani-Carrière ( rue de la ),-12.79318,45.20818,Nuit sans éclairage public,En agglomération,Hors intersection,Normale,Autre collision,9,2,0,0,1,1,1,0,1,50,1,2,1,0,1,0,24.0,,deux_roues,,3,2,1,1,6
202000004523,2020-07-07 18:55:00,2020,7,7,18,55,976,97611,mgombani-Baobab ( Bd ),-12.7825155,45.2336901,Nuit sans éclairage public,En agglomération,Hors intersection,Normale,Autre collision,2,2,0,0,1,1,1,0,1,50,1,2,1,0,1,0,20.0,,voiture,,3,2,1,1,6
202000004524,2020-07-02 09:20:00,2020,7,2,9,20,93,93072,MOLIERE (SQUARE),48.94973,2.3734,Plein jour,En agglomération,Hors intersection,Pluie légère,Autre collision,4,2,2,0,1,1,2,0,1,30,1,2,1,0,0,1,32.0,,utilitaire_camion,,1,2,1,2,6
202000004525,2020-07-27 15:15:00,2020,7,27,15,15,59,59122,COMTE D'ARTOIS (RUE DU),50.18069,3.22035,Plein jour,En agglomération,Hors intersection,Normale,Deux véhicules - arrière,3,2,2,0,1,1,1,0,1,50,2,3,2,0,0,1,72.0,17.0,voiture,deux_roues,1,2,1,1,2
202000004526,2020-01-30 21:00:00,2020,1,30,21,0,59,59122,CREVECOEUR (RUE DE),50.1582248,3.241771,Nuit avec éclairage allumé,En agglomération,Intersection en X,Pluie légère,Autre collision,3,2,6,0,2,1,2,0,4,50,1,1,0,0,0,1,31.0,,voiture,,5,2,2,2,6
202000004527,2020-01-26 11:10:00,2020,1,26,11,10,59,59122,VICTOIRE (AVENUE DE LA),50.1734,3.233072,Plein jour,En agglomération,Hors intersection,Normale,Autre collision,4,-1,2,0,1,1,1,0,1,40,1,2,1,0,1,0,67.0,,voiture,,1,2,1,1,6
202000004528,2020-11-26 12:55:00,2020,11,26,12,55,59,59350,PASTEUR CARREFOUR,50.6430019,3.0726154,Plein jour,Hors agglomération,Giratoire,Normale,Deux véhicules - côté,4,1,3,0,1,2,1,5,1,50,2,2,1,0,0,1,22.0,42.0,voiture,deux_roues,1,1,6,1,3
202000004529,2020-11-23 10:05:00,2020,11,23,10,5,38,38185,Cours Berriat,45.18864,5.70941,Plein jour,En agglomération,Intersection en T,Normale,Autre collision,4,2,2,0,1,2,1,0,1,50,1,1,0,0,0,1,,,,,1,2,3,1,6
202000004530,2020-11-18 18:24:00,2020,11,18,18,24,38,38151,Avenue du 8 Mai 1945,45.14919,5.71804,Nuit avec éclairage allumé,En agglomération,Autre intersection,Normale,Autre collision,4,-1,0,3,1,1,1,6,4,1,1,1,0,0,0,1,,,,,5,2,9,1,6
202000004531,2020-09-14 05:00:00,2020,9,14,5,0,92,92050,A14,48.8960999,2.2250306,Nuit avec éclairage allumé,Hors agglomération,Hors intersection,Normale,Deux véhicules - arrière,1,3,6,0,1,1,1,0,1,70,2,4,3,0,0,1,59.0,26.0,voiture,voiture,5,1,1,1,2
202000004532,2020-08-22 09:30:00,2020,8,22,9,30,976,97611,passamanty-Vahibé ( route ),-12.793,45.193,Plein jour,Hors agglomération,Hors intersection,Normale,Sans collision,3,2,0,0,2,1,1,0,1,50,1,2,0,0,0,2,23.0,,voiture,,1,1,1,1,7
202000004533,2020-12-05 15:45:00,2020,12,5,15,45,58,58194,HENRI BOUQUILLARD,46.99459,3.13422,Plein jour,En agglomération,Hors intersection,Normale,Autre collision,4,1,1,0,1,1,1,0,1,50,1,2,1,0,1,0,20.0,,voiture,,1,2,1,1,6
202000004534,2020-09-20 18:30:00,2020,9,20,18,30,91,91247,D836,48.477217,2.051193,Plein jour,Hors agglomération,Hors intersection,Normale,Sans collision,3,2,2,0,1,1,1,0,1,80,1,1,0,0,1,0,53.0,,deux_roues,,1,1,1,1,7
202000004535,2020-06-17 18:45:00,2020,6,17,18,45,73,73213,D201 - 320 Rte d'Apremont,45.555247,5.951382,Plein jour,Hors agglomération,Autre intersection,Normale,Deux véhicules - côté,3,2,2,1,1,3,1,6,5,70,2,2,1,0,0,1,52.0,28.0,utilitaire_camion,deux_roues,1,1,9,1,3
202000004536,2020-01-28 14:50:00,2020,1,28,14,50,78,78158,,48.833768,2.142882,Plein jour,Hors agglomération,Intersection en X,Normale,Deux véhicules - côté,3,2,-1,-1,1,1,1,5,1,-1,2,2,1,0,0,1,44.0,42.0,utilitaire_camion,deux_roues,1,1,2,1,3
202000004537,2020-02-06 18:30:00,2020,2,6,18,30,41,41018,RD 956.,47.59373,1.35432,Crépuscule ou aube,Hors agglomération,Hors intersection,Normale,Deux véhicules - arrière,3,3,4,0,1,1,1,2,1,70,2,2,1,0,0,1,43.0,33.0,voiture,voiture,2,1,1,1,2
202000004538,2020-09-03 08:00:00,2020,9,3,8,0,69,69034,JEAN PETIT                          (CH),45.80786,4.85606,Plein jour,En agglomération,Autre intersection,Normale,Deux véhicules - arrière,4,3,2,0,1,2,1,0,1,50,2,2,1,0,0,1,47.0,30.0,deux_roues,voiture,1,2,9,1,2
202000004539,2020-08-09 20:56:00,2020,8,9,20,56,2A,2A004,RICANTO ROUTE ET PLAGE,41.92849,8.7707,Nuit avec éclairage allumé,Hors agglomération,Hors intersection,Normale,Deux véhicules - frontale,4,2,2,0,2,1,1,0,1,50,2,3,0,0,0,3,68.0,41.0,voiture,voiture,5,1,1,1,1
202000004540,2020-05-15 18:25:00,2020,5,15,18,25,95,95585,REFUZNICKS (ROUTE DES),48.98446,2.3867,Plein jour,En agglomération,Hors intersection,Normale,Trois véhicules et plus - collisions multiples,3,3,4,0,1,1,1,0,1,50,3,3,0,0,0,3,35.0,35.0,utilitaire_camion,voiture,1,2,1,1,5
202000004541,2020-10-17 11:30:00,2020,10,17,11,30,84,84035,LIBERATION (AVENUE DE LA),43.84951,5.03737,Plein jour,En agglomération,Hors intersection,Normale,Autre collision,3,3,1,0,1,1,1,9,1,50,1,2,1,0,1,0,23.0,,voiture,,1,2,1,1,6
202000004542,2020-11-17 08:10:00,2020,11,17,8,10,64,64445,LILAS DES,43.30924,-0.3442,Crépuscule ou aube,En agglomération,Intersection en X,Normale,Autre collision,4,-1,2,0,1,1,1,0,1,50,1,2,1,0,0,1,33.0,,voiture,,2,2,2,1,6
202000004543,2020-11-24 10:15:00,2020,11,24,10,15,11,11262,HUGO (QUAI ET PASSERELLE VICTOR),43.1816,3.00759,Plein jour,En agglomération,Hors intersection,Normale,Sans collision,4,2,2,0,1,1,1,0,1,50,1,2,1,0,1,0,39.0,,deux_roues,,1,2,1,1,7
202000004544,2020-11-24 02:30:00,2020,11,24,2,30,11,11262,LECLERC (AVENUE DU GENERAL),43.1769833,2.9942811,Nuit avec éclairage allumé,En agglomération,Hors intersection,Normale,Deux véhicules - côté,4,2,2,0,1,1,1,0,1,50,2,2,1,0,1,0,55.0,20.0,deux_roues,utilitaire_camion,5,2,1,1,3
202000004545,2020-12-28 16:33:00,2020,12,28,16,33,86,86214,Rue de la Chaume,46.554587,0.333643,Plein jour,En agglomération,Intersection en X,Normale,Autre collision,3,2,6,0,1,1,1,0,1,70,1,2,1,0,1,0,43.0,,voiture,,1,2,2,1,6
202000004546,2020-07-08 09:52:00,2020,7,8,9,52,976,97611,cavani-Rond point du Baobab,-12.78517,45.22786,Plein jour,En agglomération,Hors intersection,Normale,Deux véhicules - frontale,4,2,0,0,2,1,1,0,1,50,2,2,0,0,0,2,49.0,26.0,voiture,voiture,1,2,1,1,1
202000004547,2020-02-21 13:25:00,2020,2,21,13,25,976,97611,kaweni-Poste ( rue de la ),-12.77474,45.22285,Plein jour,En agglomération,Hors intersection,Normale,,2,2,0,0,1,1,1,0,1,50,2,2,1,0,0,1,34.0,,deux_roues,,1,2,1,1,-1
202000004548,2020-12-05 16:45:00,2020,12,5,16,45,33,33234,Rue du Bourg,44.785073,-0.495635,Plein jour,En agglomération,Hors intersection,Pluie légère,Deux véhicules - frontale,4,2,2,0,2,2,2,0,1,50,2,2,1,0,1,0,63.0,78.0,voiture,voiture,1,2,1,2,1
202000004549,2020-12-12 08:54:00,2020,12,12,8,54,69,69275,RN346  ,45.763,4.985,Crépuscule ou aube,Hors agglomération,Hors intersection,Pluie légère,Autre collision,2,3,4,0,1,1,2,0,1,90,1,1,0,0,0,1,25.0,,voiture,,2,1,1,2,6
202000004550,2020-12-14 19:20:00,2020,12,14,19,20,58,58194,LOURDES,46.9915,3.1553,Nuit avec éclairage allumé,En agglomération,Hors intersection,Normale,Autre collision,4,2,2,0,2,1,1,0,1,50,1,2,1,0,0,1,74.0,,voiture,,5,2,1,1,6
202000004551,2020-12-04 13:20:00,2020,12,4,13,20,92,92051,"ROULE (AVENUE DU, N° 29 A 91 ET 30 A 86)",48.882644,2.276826,Plein jour,En agglomération,Autre intersection,Normale,Autre collision,4,2,2,1,1,1,1,6,4,30,1,2,1,0,0,1,30.0,,voiture,,1,2,9,1,6
202000004552,2020-12-22 00:35:00,2020,12,22,0,35,38,38544,A7,45.54329,4.85197,Nuit sans éclairage public,Hors agglomération,Hors intersection,Pluie légère,Autre collision,1,3,3,0,1,2,2,0,2,110,1,2,0,0,0,2,27.0,,voiture,,3,1,1,2,6
202000004553,2020-10-29 16:49:00,2020,10,29,16,49,38,38152,D1085,45.498643,5.300941,Plein jour,En agglomération,Intersection en X,Normale,Deux véhicules - côté,3,2,2,0,1,1,1,8,1,50,2,3,0,0,0,3,50.0,42.0,voiture,voiture,1,2,2,1,3
202000004554,2020-08-23 07:00:00,2020,8,23,7,0,13,13215,LYON (RUE DE),43.333077,5.364257,Crépuscule ou aube,En agglomération,Autre intersection,Normale,Autre collision,4,2,2,0,1,1,1,0,1,50,1,1,0,0,1,0,,,,,2,2,9,1,6
202000004555,2020-11-23 08:35:00,2020,11,23,8,35,11,11262,FRANCE (AVENUE ANATOLE),43.183974,2.995756,Plein jour,En agglomération,Hors intersection,Normale,Sans collision,3,2,2,0,1,1,1,9,1,50,1,2,1,0,0,1,37.0,,voiture,,1,2,1,1,7
202000004556,2020-08-01 10:38:00,2020,8,1,10,38,976,97611,m'tsapere-M'tsapéré- M'tsangani ( rue ),-12.79364,45.2192,Plein jour,En agglomération,Hors intersection,Normale,Deux véhicules - côté,2,2,0,0,1,1,1,0,1,50,2,2,1,0,0,1,20.0,34.0,deux_roues,voiture,1,2,1,1,3
202000004557,2020-07-06 18:00:00,2020,7,6,18,0,93,93078,SAUSSET (AVENUE DU),48.96325,2.51786,Plein jour,Hors agglomération,Hors intersection,Normale,Autre collision,6,-1,0,0,1,1,1,0,1,30,1,2,1,0,1,0,20.0,,voiture,,1,1,1,1,6
202000004558,2020-02-26 18:30:00,2020,2,26,18,30,93,93048,DOCTEUR FERNAND LAMAZE (AVENUE DU),48.8770469,2.4510071,Crépuscule ou aube,En agglomération,Hors intersection,Normale,Deux véhicules - côté,4,2,2,0,1,1,1,0,1,50,2,2,1,0,0,1,70.0,32.0,voiture,deux_roues,2,2,1,1,3
202000004559,2020-02-05 10:10:00,2020,2,5,10,10,93,93048,FAIDHERBE (AVENUE),48.8659981,2.440871,Plein jour,En agglomération,Intersection en X,Temps couvert,Autre collision,4,1,1,0,1,1,1,0,1,50,1,2,1,0,0,1,85.0,,voiture,,1,2,2,8,6
202000004560,2020-11-21 14:45:00,2020,11,21,14,45,33,33063,CRS D'ALBRET,44.83723,-0.5812,Plein jour,En agglomération,Intersection en T,Normale,Deux véhicules - côté,4,2,4,1,1,1,1,0,1,50,2,2,1,0,0,1,42.0,28.0,voiture,deux_roues,1,2,3,1,3
202000004561,2020-06-09 08:25:00,2020,6,9,8,25,976,97611,kaweni-Caserne ( rue de la ),-12.775674,45.224152,Plein jour,En agglomération,Hors intersection,Normale,Autre collision,2,2,0,0,1,1,1,0,1,50,1,2,1,0,0,1,35.0,,voiture,,1,2,1,1,6
202000004562,2020-11-12 08:40:00,2020,11,12,8,40,95,95252,VERT DES GRATTES BOEUFS (CHEMIN),48.99121,2.21566,Plein jour,En agglomération,Hors intersection,Normale,Autre collision,4,2,2,0,1,1,1,0,4,50,1,2,0,0,0,2,,,,,1,2,1,1,6
202000004563,2020-08-19 12:20:00,2020,8,19,12,20,84,84007,TRILLADE (avenue de la ),43.9288,4.8208,Plein jour,En agglomération,Hors intersection,Normale,Deux véhicules - arrière,4,2,2,1,1,1,1,0,4,50,2,3,1,0,1,1,72.0,57.0,voiture,voiture,1,2,1,1,2
202000004564,2020-08-23 10:45:00,2020,8,23,10,45,68,68224,ROMAINS (RUE DES),47.7734,7.3212,Plein jour,En agglomération,Intersection en X,Normale,Deux véhicules - côté,3,2,5,1,1,3,1,9,5,50,2,2,1,0,0,1,28.0,,voiture,,1,2,2,1,3
202000004565,2020-04-25 23:18:00,2020,4,25,23,18,63,63113,DORMOY (AVENUE MARX),45.7671571,3.0820165,Nuit avec éclairage allumé,En agglomération,Hors intersection,Normale,Autre collision,4,1,1,0,1,1,1,0,3,50,1,1,0,0,1,0,25.0,,voiture,,5,2,1,1,6
202000004566,2020-06-01 06:20:00,2020,6,1,6,20,29,29151,Rampe Saint Nicolas,48.58156,-3.82652,Plein jour,En agglomération,Hors intersection,Normale,Autre collision,4,2,2,0,2,1,1,0,4,50,1,1,0,0,0,1,17.0,,voiture,,1,2,1,1,6
202000004567,2020-10-22 17:14:00,2020,10,22,17,14,05,05061,EMBRUN ( AVENUE D'),44.568746,6.100189,Plein jour,En agglomération,Hors intersection,Temps couvert,Autre collision,2,2,2,0,1,1,1,0,1,50,1,1,0,0,0,1,,,,,1,2,1,8,6
202000004568,2020-08-29 05:04:00,2020,8,29,5,4,75,75106,QUAI DE CONTI,48.857767,2.336836,Nuit avec éclairage allumé,En agglomération,Place,Normale,Deux véhicules - arrière,4,1,4,1,1,1,1,0,1,30,2,3,1,0,0,2,28.0,27.0,deux_roues,voiture,5,2,7,1,2
202000004569,2020-08-19 00:45:00,2020,8,19,0,45,84,84007,C.De GAULLE (Rocade),43.93404,4.83153,Nuit avec éclairage allumé,En agglomération,Intersection en X,Normale,Trois véhicules et plus - collisions multiples,4,3,6,0,1,1,1,0,1,50,3,4,2,0,2,0,24.0,26.0,voiture,voiture,5,2,2,1,5
202000004570,2020-11-29 10:15:00,2020,11,29,10,15,44,44184,RAMPE (PLACE DE LA),47.2724,-2.2002,Plein jour,En agglomération,Intersection en X,Temps éblouissant,Autre collision,4,2,2,0,1,1,1,0,1,50,1,2,1,0,1,0,53.0,,voiture,,1,2,2,7,6
202000004571,2020-10-27 18:40:00,2020,10,27,18,40,49,49007,LYCEE PLACE,47.46718,-0.54498,Crépuscule ou aube,En agglomération,Hors intersection,Normale,Autre collision,4,2,2,0,1,1,1,9,1,30,1,2,1,0,0,1,25.0,,voiture,,2,2,1,1,6
202000004572,2020-03-02 06:20:00,2020,3,2,6,20,93,93010,AV GALLIENI / R JULES GUESDE,48.9043,2.4729,Nuit sans éclairage public,En agglomération,Intersection en X,Pluie légère,Deux véhicules - côté,3,3,4,0,1,1,2,0,1,50,2,4,3,0,0,1,40.0,38.0,voiture,utilitaire_camion,3,2,2,2,3
202000004573,2020-02-26 12:40:00,2020,2,26,12,40,93,93010,AV HENRI BARBUSSE,48.90188,2.48503,Plein jour,En agglomération,Autre intersection,Pluie forte,Autre collision,3,2,2,0,1,1,2,9,1,30,1,2,1,0,0,1,38.0,,transport_commun,,1,2,9,3,6
202000004574,2020-10-27 18:30:00,2020,10,27,18,30,69,69266,FREDERIC FAYS      (Rue),45.76371,4.90444,Crépuscule ou aube,En agglomération,Hors intersection,Normale,Deux véhicules - côté,4,1,1,1,1,1,1,0,5,50,2,2,1,0,1,0,17.0,51.0,deux_roues,voiture,2,2,1,1,3
202000004575,2020-02-17 07:20:00,2020,2,17,7,20,26,26057,Route d'Alixan,45.002988,5.035847,Crépuscule ou aube,Hors agglomération,Hors intersection,Normale,Deux véhicules - frontale,3,2,2,0,1,1,1,0,1,80,2,2,1,0,1,0,21.0,21.0,voiture,voiture,2,1,1,1,1
202000004576,2020-08-27 21:25:00,2020,8,27,21,25,27,27375,HAYE MALHERBE (ROUTE DE LA),49.21391,1.14113,Nuit avec éclairage allumé,En agglomération,Hors intersection,Pluie légère,Autre collision,3,2,2,0,1,1,2,0,1,50,1,1,0,0,0,1,55.0,,voiture,,5,2,1,2,6
202000004577,2020-08-19 05:50:00,2020,8,19,5,50,27,27701,ORMET (VOIE DE L'),49.2402,1.2309,Nuit sans éclairage public,Hors agglomération,Hors intersection,Normale,Deux véhicules - frontale,3,2,2,0,1,1,1,0,1,80,2,2,0,0,0,2,49.0,45.0,voiture,voiture,3,1,1,1,1
202000004578,2020-08-15 01:10:00,2020,8,15,1,10,27,27375,RD313,49.22756,1.15616,Nuit sans éclairage public,Hors agglomération,Hors intersection,Normale,Sans collision,3,2,2,0,2,2,1,0,8,80,1,3,0,0,1,2,33.0,,utilitaire_camion,,3,1,1,1,7
202000004579,2020-07-31 21:20:00,2020,7,31,21,20,27,27375,MONTFORT (ROUTE DE),49.21278,1.15559,Plein jour,En agglomération,Hors intersection,Normale,Sans collision,4,2,2,0,4,1,1,0,1,50,1,1,0,0,0,1,40.0,,deux_roues,,1,2,1,1,7
202000004580,2020-07-26 07:38:00,2020,7,26,7,38,67,67482,Autoroute A.351,48.5848808,7.7257705,Plein jour,Hors agglomération,Hors intersection,Temps couvert,Autre collision,1,1,1,0,2,3,1,0,1,70,1,1,0,0,0,1,29.0,,voiture,,1,1,1,8,6
202000004581,2020-07-18 19:00:00,2020,7,18,19,0,27,27375,FOLLEVILLE (ROND POINT DE),49.209,1.1803,Plein jour,En agglomération,Giratoire,Temps éblouissant,Deux véhicules - arrière,3,1,1,0,1,1,1,0,1,50,2,4,1,0,0,3,58.0,21.0,transport_commun,utilitaire_camion,1,2,6,7,2
202000004582,2020-07-18 01:55:00,2020,7,18,1,55,27,27375,BLERIOT (RUE LOUIS),49.20335,1.18741,Nuit avec éclairage allumé,En agglomération,Hors intersection,Normale,Autre collision,4,2,2,0,2,1,1,0,1,50,1,2,0,0,2,0,17.0,,deux_roues,,5,2,1,1,6
202000004583,2020-06-19 16:56:00,2020,6,19,16,56,63,63113,BIEN ASSIS (RUE DE),45.7880806,3.0956065,Plein jour,En agglomération,Intersection en T,Normale,Autre collision,4,2,2,0,1,2,1,0,1,50,1,2,1,1,0,0,45.0,,transport_commun,,1,2,3,1,6
202000004584,2020-12-19 09:10:00,2020,12,19,9,10,08,08105,BRONNERT BOULEVARD,49.76402,4.69388,Plein jour,En agglomération,Intersection en T,Normale,Autre collision,4,2,2,0,1,1,1,0,1,50,1,2,1,1,0,0,40.0,,voiture,,1,2,3,1,6
202000004585,2020-12-18 15:15:00,2020,12,18,15,15,41,41046,C1,47.618741,1.92044,Plein jour,Hors agglomération,Hors intersection,Normale,Sans collision,4,2,2,0,1,3,1,0,1,80,1,1,0,0,0,1,51.0,,voiture,,1,1,1,1,7
202000004586,2020-12-18 15:45:00,2020,12,18,15,45,86,86066,"A10, PK 276+000",46.805086,0.513368,Plein jour,Hors agglomération,Autre intersection,Normale,Deux véhicules - arrière,1,1,4,0,1,1,1,0,1,130,2,2,1,0,1,0,27.0,84.0,voiture,voiture,1,1,9,1,2
202000004587,2020-12-31 10:10:00,2020,12,31,10,10,66,66037,52 Boulevard de Las Bigues,42.704587,3.019769,Plein jour,En agglomération,Autre intersection,Normale,Autre collision,4,2,2,1,1,1,1,9,1,50,1,2,1,0,1,0,57.0,,deux_roues,,1,2,9,1,6
202000004588,2020-06-09 09:05:00,2020,6,9,9,5,27,27229,MONNET (RUE JEAN),49.03393,1.18349,Plein jour,En agglomération,Intersection en X,Normale,Deux véhicules - arrière,4,-1,1,0,1,1,1,0,1,50,2,2,1,0,0,1,48.0,26.0,voiture,deux_roues,1,2,2,1,2
202000004589,2020-11-11 14:35:00,2020,11,11,14,35,976,97611,kaweni-Centrale EDM (rue de la ),-12.77538,45.22328,Plein jour,En agglomération,Hors intersection,Normale,Deux véhicules - côté,2,2,0,0,1,1,1,0,1,50,2,2,1,0,0,1,50.0,23.0,voiture,deux_roues,1,2,1,1,3
202000004590,2020-01-18 08:50:00,2020,1,18,8,50,29,29254,Rue du Tunes,48.5703385,-3.847373,Crépuscule ou aube,En agglomération,Hors intersection,Normale,Autre collision,4,2,2,0,2,1,1,0,1,50,1,2,1,0,1,0,70.0,,voiture,,2,2,1,1,6
202000004591,2020-11-17 17:40:00,2020,11,17,17,40,27,27229,QUATORZE JUILLET (BOULEVARD),49.00652,1.16289,Nuit avec éclairage allumé,En agglomération,Autre intersection,Normale,Autre collision,4,1,4,0,1,1,1,0,6,50,1,1,0,0,0,1,,,,,5,2,9,1,6
202000004592,2020-12-24 12:20:00,2020,12,24,12,20,43,43157,2 Avenue de la Dentelle,45.0412727,3.8884091,Plein jour,En agglomération,Hors intersection,Normale,Deux véhicules - côté,4,1,2,0,1,1,1,0,1,50,2,2,1,0,0,1,47.0,24.0,deux_roues,voiture,1,2,1,1,3