accident_id,datetime,annee,mois,jour,heure,minute,departement,commune_insee,adresse,latitude,longitude,luminosite,agglomeration,intersection,meteo,collision,catr,circ,nbv,vosp,prof,plan,surf,infra,situ,vma,nb_vehicules,nb_usagers,nb_indemnes,nb_tues,nb_blesses_hosp,nb_blesses_legers,age_cond_1,age_cond_2,veh_type_cond_1,veh_type_cond_2,lum_code,agg_code,int_code,atm_code,col_code
202000004959,2020-05-19 16:55:00,2020,5,19,16,55,77,77274,RD 38 - RD 401,49.033097,2.896646,Plein jour,Hors agglomération,Intersection en X,Temps éblouissant,Deux véhicules - côté,3,2,2,0,2,1,1,0,1,90,2,2,1,1,0,0,22.0,25.0,deux_roues,utilitaire_camion,1,1,2,7,3
202000004960,2020-05-19 17:30:00,2020,5,19,17,30,77,77473,"11 Rue de la Croix Bonnard - D58, D136, D92 ",48.275939,2.809131,Plein jour,En agglomération,Intersection en X,Normale,Deux véhicules - frontale,3,2,2,0,2,1,1,0,1,50,2,4,2,0,2,0,44.0,52.0,deux_roues,voiture,1,2,2,1,1
202000004961,2020-05-19 17:13:00,2020,5,19,17,13,95,95429,15 rue des plantes,49.172428,1.6809,Plein jour,En agglomération,Hors intersection,Normale,Autre collision,4,2,2,0,2,1,1,0,1,50,1,1,0,0,0,1,,,,,1,2,1,1,6
202000004962,2020-05-18 14:40:00,2020,5,18,14,40,91,91332,D26,48.562521,2.320869,Plein jour,Hors agglomération,Giratoire,Temps éblouissant,Deux véhicules - côté,3,1,2,0,1,2,1,9,1,50,2,2,1,0,1,0,51.0,83.0,voiture,deux_roues,1,1,6,7,3
202000004963,2020-05-17 18:50:00,2020,5,17,18,50,2A,2A114,D859,41.504536,9.141022,Plein jour,Hors agglomération,Intersection en T,Normale,Autre collision,3,2,2,0,1,1,1,0,4,80,1,1,0,0,1,0,52.0,,deux_roues,,1,1,3,1,6
202000004964,2020-05-12 19:20:00,2020,5,12,19,20,34,34057,Avenue de l'Europe,43.633203,3.916977,Plein jour,En agglomération,Hors intersection,Normale,Deux véhicules - côté,4,1,1,0,1,1,1,0,1,50,2,2,1,0,1,0,42.0,54.0,voiture,deux_roues,1,2,1,1,3
202000004965,2020-05-18 19:10:00,2020,5,18,19,10,04,04148,VC Rte de Mousteiret,43.797394,6.631628,Plein jour,Hors agglomération,Hors intersection,Pluie légère,Sans collision,4,2,2,0,2,3,2,0,1,80,1,2,1,0,0,1,23.0,,deux_roues,,1,1,1,2,7
202000004966,2020-05-17 15:45:00,2020,5,17,15,45,10,10365,D7,48.65256,4.009581,Plein jour,Hors agglomération,Hors intersection,Normale,Sans collision,3,2,2,0,1,1,1,0,3,80,1,2,0,0,0,2,19.0,,voiture,,1,1,1,1,7
202000004967,2020-05-17 15:30:00,2020,5,17,15,30,68,68185,D48.1,48.267027,7.291317,Plein jour,Hors agglomération,Hors intersection,Normale,,3,2,2,0,2,2,1,0,1,80,2,2,0,0,0,2,20.0,48.0,deux_roues,deux_roues,1,1,1,1,-1
202000004968,2020-05-19 09:40:00,2020,5,19,9,40,03,03113,2 Route de Thiers,46.0228949,3.6428352,Plein jour,Hors agglomération,Hors intersection,Normale,,3,2,2,0,2,1,1,0,1,80,2,2,1,0,1,0,66.0,56.0,deux_roues,utilitaire_camion,1,1,1,1,-1
202000004969,2020-05-16 19:15:00,2020,5,16,19,15,69,69272,5 rue des brosses,45.605984,4.828556,Plein jour,En agglomération,Hors intersection,Normale,Deux véhicules - côté,4,1,1,0,1,1,1,0,1,30,2,2,1,0,1,0,32.0,10.0,voiture,deux_roues,1,2,1,1,3
202000004970,2020-05-18 21:30:00,2020,5,18,21,30,81,81117,D43,43.801084,2.040904,Nuit sans éclairage public,Hors agglomération,Hors intersection,Normale,Trois véhicules et plus - collisions multiples,3,2,2,0,1,2,1,0,1,80,3,3,2,0,1,0,24.0,23.0,voiture,voiture,3,1,1,1,5
202000004971,2020-05-19 17:10:00,2020,5,19,17,10,60,60369,D200 en direction de CREIL,49.324954,2.70489,Plein jour,Hors agglomération,Hors intersection,Normale,Deux véhicules - arrière,3,3,4,0,1,1,1,0,1,110,2,4,2,0,0,2,38.0,41.0,voiture,voiture,1,1,1,1,2
202000004972,2020-05-18 09:45:00,2020,5,18,9,45,13,13106,A51-Sens Aix en Provence vers Marseille,43.4044,5.3588,Plein jour,Hors agglomération,Hors intersection,Normale,Deux véhicules - côté,1,1,3,0,1,1,1,0,1,90,2,2,1,0,0,1,34.0,29.0,voiture,voiture,1,1,1,1,3
202000004973,2020-05-18 15:55:00,2020,5,18,15,55,33,33281,ROCADE A 630,44.84088,-0.67427,Plein jour,Hors agglomération,Hors intersection,Normale,Deux véhicules - arrière,1,3,3,0,1,1,1,0,1,90,2,3,2,0,0,1,83.0,21.0,voiture,deux_roues,1,1,1,1,2
202000004974,2020-05-17 21:00:00,2020,5,17,21,0,92,92051,RN13,48.8839,2.2634,Crépuscule ou aube,Hors agglomération,Hors intersection,Normale,Deux véhicules - côté,2,1,2,0,1,1,1,0,1,70,2,2,1,0,0,1,36.0,30.0,deux_roues,voiture,2,1,1,1,3
202000004975,2020-05-16 20:35:00,2020,5,16,20,35,78,78217,A13,48.965752,1.813265,Plein jour,Hors agglomération,Hors intersection,Normale,Deux véhicules - arrière,1,3,6,0,1,1,1,0,1,130,2,5,0,0,0,5,49.0,39.0,voiture,voiture,1,1,1,1,2
202000004976,2020-05-17 04:20:00,2020,5,17,4,20,93,93010,AUTOROUTE A3,48.90412,2.47217,Nuit sans éclairage public,Hors agglomération,Hors intersection,Normale,Autre collision,1,1,1,0,2,3,1,2,1,50,1,3,1,0,0,2,19.0,,voiture,,3,1,1,1,6
202000004977,2020-05-17 20:45:00,2020,5,17,20,45,95,95277, A3,48.97095,2.48304,Crépuscule ou aube,Hors agglomération,Hors intersection,Normale,Autre collision,1,3,4,0,1,1,1,0,1,90,1,1,0,0,0,1,21.0,,voiture,,2,1,1,1,6
202000004978,2020-05-16 19:44:00,2020,5,16,19,44,93,93064,AUTOROUTE A86,48.87676,2.47765,Plein jour,Hors agglomération,Hors intersection,Normale,Deux véhicules - côté,1,3,6,0,1,1,1,0,1,90,2,2,1,0,0,1,71.0,34.0,voiture,utilitaire_camion,1,1,1,1,3
202000004979,2020-05-16 17:30:00,2020,5,16,17,30,95,95572,RN 184,49.04846,2.13451,Plein jour,Hors agglomération,Hors intersection,Normale,Autre collision,2,3,4,0,1,3,1,0,1,90,1,1,0,0,0,1,35.0,,voiture,,1,1,1,1,6
202000004980,2020-05-15 15:30:00,2020,5,15,15,30,93,93066,AUTOROUTE A1,48.92991,2.36419,Plein jour,Hors agglomération,Hors intersection,Normale,Deux véhicules - côté,1,3,10,0,2,1,1,0,1,90,2,2,0,0,0,2,23.0,,deux_roues,,1,1,1,1,3
202000004981,2020-05-18 07:55:00,2020,5,18,7,55,77,77294,A104,48.9612862,2.6181123,Plein jour,Hors agglomération,Hors intersection,Normale,Deux véhicules - côté,1,3,2,0,1,1,1,0,1,90,2,2,1,0,0,1,33.0,48.0,deux_roues,utilitaire_camion,1,1,1,1,3
202000004982,2020-02-25 15:25:00,2020,2,25,15,25,26,26362,103 Avenue de Romans,44.93909,4.91427,Plein jour,En agglomération,Hors intersection,Normale,Autre collision,4,2,2,0,1,1,1,0,1,50,1,2,1,0,1,0,63.0,,voiture,,1,2,1,1,6
202000004983,2020-05-17 12:35:00,2020,5,17,12,35,69,69387,VICTORIEN SARDOU                    (R ),45.7498002,4.8549352,Plein jour,En agglomération,Hors intersection,Normale,Autre collision,9,1,1,0,2,2,1,1,8,10,1,2,1,0,1,0,46.0,,voiture,,1,2,1,1,6
202000004984,2020-05-17 00:50:00,2020,5,17,0,50,69,69386,MARECHAL DE SAXE                    (R ),45.76021,4.8457,Nuit avec éclairage allumé,En agglomération,Intersection en X,Normale,Deux véhicules - côté,4,2,3,3,1,1,1,0,1,50,2,5,2,0,0,3,53.0,19.0,voiture,voiture,5,2,2,1,3
202000004985,2020-05-17 11:20:00,2020,5,17,11,20,972,97213,ROUTE DEPARTEMENTALE 14,14.63091,-61.00429,Plein jour,Hors agglomération,Hors intersection,Normale,Deux véhicules - frontale,4,2,1,0,1,1,1,0,1,30,2,2,1,0,1,0,59.0,36.0,voiture,deux_roues,1,1,1,1,1
202000004986,2020-05-17 18:15:00,2020,5,17,18,15,69,69382,PASTEUR                             (PT),45.7337379,4.8191336,Plein jour,En agglomération,Intersection en X,Normale,Deux véhicules - côté,9,2,4,0,1,1,1,2,1,50,2,2,1,0,0,1,44.0,26.0,deux_roues,utilitaire_camion,1,2,2,1,3
202000004987,2020-05-17 19:25:00,2020,5,17,19,25,2A,2A004,BONAPARTE CHARLES  BD,41.9289975,8.7401548,Crépuscule ou aube,En agglomération,Hors intersection,Normale,Autre collision,4,2,3,0,1,1,1,0,1,30,1,1,0,0,1,0,21.0,,deux_roues,,2,2,1,1,6
202000004988,2020-05-17 02:08:00,2020,5,17,2,8,95,95018,56 Rue du Trouillet,48.966298,2.24366,Nuit avec éclairage allumé,En agglomération,Hors intersection,Normale,Autre collision,4,2,1,0,1,1,1,0,4,50,1,1,0,1,0,0,19.0,,deux_roues,,5,2,1,1,6
202000004989,2020-05-17 18:55:00,2020,5,17,18,55,91,91114,WITTLICH (ROND POINT),48.6947,2.5024,Plein jour,En agglomération,Giratoire,Normale,Deux véhicules - côté,4,1,2,0,1,2,1,0,1,50,2,3,2,0,0,1,27.0,27.0,deux_roues,voiture,1,2,6,1,3
202000004990,2020-05-17 05:00:00,2020,5,17,5,0,86,86027,Rocade Ouest,46.578771,0.3149417,Nuit avec éclairage allumé,En agglomération,Intersection en X,Normale,Deux véhicules - côté,3,3,4,0,1,1,1,0,1,70,2,2,1,0,0,1,21.0,20.0,voiture,voiture,5,2,2,1,3
202000004991,2020-05-17 17:35:00,2020,5,17,17,35,83,83137,STRASBOURG (BD DE ),43.124751,5.933335,Plein jour,En agglomération,Hors intersection,Normale,Deux véhicules - côté,4,2,3,0,1,1,1,0,1,50,2,2,1,0,0,1,39.0,48.0,deux_roues,voiture,1,2,1,1,3
202000004992,2020-03-04 08:00:00,2020,3,4,8,0,13,13212,SARIETTE (TRAVERSE DE LA),43.3058184,5.4488862,Crépuscule ou aube,Hors agglomération,Hors intersection,Normale,Autre collision,4,1,1,0,1,1,1,0,1,30,1,2,1,0,0,1,28.0,,voiture,,2,1,1,1,6
202000004993,2020-03-04 07:20:00,2020,3,4,7,20,13,13214,SAINTE MARTHE (chemin),43.326709,5.387701,Plein jour,En agglomération,Hors intersection,Normale,Deux véhicules - côté,4,2,2,0,1,1,1,0,1,50,2,4,2,0,0,2,59.0,45.0,utilitaire_camion,transport_commun,1,2,1,1,3
202000004994,2020-01-11 21:50:00,2020,1,11,21,50,13,13047,FELIX GOUIN AVENUE,43.4900369,4.9871874,Nuit avec éclairage allumé,En agglomération,Giratoire,Normale,Sans collision,4,3,0,0,1,1,1,0,1,50,1,1,0,0,0,1,21.0,,voiture,,5,2,6,1,7
202000004995,2020-04-01 08:05:00,2020,4,1,8,5,12,12202,42 Av des Fusilles de Ste Radegonde,44.356438,2.584694,Plein jour,En agglomération,Hors intersection,Normale,Autre collision,3,2,2,0,1,1,1,0,1,30,1,2,1,0,1,0,49.0,,voiture,,1,2,1,1,6
202000004996,2020-03-04 13:00:00,2020,3,4,13,0,06,06088,PENETRANTE DU PAILLON,43.7412,7.3089,Plein jour,En agglomération,Hors intersection,Normale,Deux véhicules - arrière,4,2,1,0,2,1,1,2,1,70,2,2,1,0,0,1,32.0,40.0,utilitaire_camion,deux_roues,1,2,1,1,2
202000004997,2020-03-04 14:15:00,2020,3,4,14,15,06,06069,Route de Valbonne,43.640166,6.97912,Plein jour,Hors agglomération,Autre intersection,Normale,Deux véhicules - arrière,3,2,2,0,1,1,1,0,1,50,2,2,1,0,0,1,64.0,51.0,voiture,voiture,1,1,9,1,2
202000004998,2020-03-04 14:25:00,2020,3,4,14,25,06,06123,VESPINS ROUTE DES,43.65998,7.18875,Plein jour,En agglomération,Hors intersection,Normale,Deux véhicules - côté,7,2,2,0,1,1,1,0,1,50,2,1,0,0,0,1,18.0,,deux_roues,,1,2,1,1,3
202000004999,2020-03-03 13:55:00,2020,3,3,13,55,06,06027,11 NOVEMBRE COURS DU,43.66153,7.15014,Plein jour,En agglomération,Intersection en T,Normale,Autre collision,4,2,1,0,1,2,1,0,1,30,1,2,0,0,0,2,58.0,,voiture,,1,2,3,1,6
202000005000,2020-03-04 16:50:00,2020,3,4,16,50,03,03140,Route de Villebret,46.3068442,2.6173322,Plein jour,Hors agglomération,Intersection en X,Normale,Deux véhicules - côté,3,2,2,0,2,1,1,0,1,80,2,3,1,0,1,1,84.0,18.0,voiture,deux_roues,1,1,2,1,3
202000005001,2020-03-04 13:45:00,2020,3,4,13,45,01,01053,JOLIOT CURIE ( BOULEVARD IRENE COTE PAIR,46.20973,5.23201,Plein jour,En agglomération,Hors intersection,Normale,Autre collision,3,3,4,0,1,1,1,0,1,50,1,2,1,0,0,1,22.0,,voiture,,1,2,1,1,6
202000005002,2020-03-04 15:10:00,2020,3,4,15,10,75,75116,PORTE DE PASSY,48.857246,2.258489,Plein jour,En agglomération,Hors intersection,Normale,Sans collision,4,1,4,0,1,1,1,1,1,70,1,1,0,0,1,0,54.0,,deux_roues,,1,2,1,1,7
202000005003,2020-02-26 18:25:00,2020,2,26,18,25,75,75116,BOULEVARD PERIPHERIQUE,48.843953,2.254895,Crépuscule ou aube,En agglomération,Intersection en Y,Temps couvert,Trois véhicules et plus - en chaîne,4,1,2,0,1,1,2,1,1,70,3,3,1,0,0,2,37.0,20.0,deux_roues,deux_roues,2,2,4,8,4
202000005004,2020-03-04 19:35:00,2020,3,4,19,35,75,75117,AVENUE DE CLICHY,48.888035,2.324618,Nuit avec éclairage allumé,En agglomération,Intersection en T,Pluie légère,Autre collision,4,2,3,3,2,1,2,0,1,30,1,2,0,0,0,2,31.0,,deux_roues,,5,2,3,2,6
202000005005,2020-02-27 14:00:00,2020,2,27,14,0,75,75116,BOULEVARD D AUTEUIL,48.845462,2.253663,Plein jour,En agglomération,Hors intersection,Vent fort / tempête,Autre collision,4,2,2,0,1,1,2,0,1,50,1,1,0,0,0,1,23.0,,voiture,,1,2,1,6,6
202000005006,2020-03-04 10:00:00,2020,3,4,10,0,75,75116,RUE DE L AMIRAL CLOUE,48.8471306,2.2744113,Plein jour,En agglomération,Intersection en X,Normale,Deux véhicules - côté,4,-1,3,0,1,1,1,0,1,50,2,2,0,0,0,2,58.0,25.0,deux_roues,deux_roues,1,2,2,1,3
202000005007,2020-03-04 09:00:00,2020,3,4,9,0,75,75116,BOULEVARD SUCHET,48.857351,2.264669,Plein jour,En agglomération,Intersection en X,Normale,Deux véhicules - côté,4,2,6,1,1,1,1,0,5,50,2,2,1,0,0,1,57.0,38.0,deux_roues,deux_roues,1,2,2,1,3
202000005008,2020-02-28 21:00:00,2020,2,28,21,0,75,75116,ALLEE DE LONGCHAMP,48.874926,2.271107,Nuit avec éclairage allumé,En agglomération,Intersection en X,Normale,Deux véhicules - côté,4,2,4,0,1,1,1,0,1,50,2,3,2,0,0,1,54.0,46.0,voiture,voiture,5,2,2,1,3
202000005009,2020-03-04 15:55:00,2020,3,4,15,55,75,75115,RUE DES ENTREPRENEURS,48.8446665,2.2905019,Plein jour,En agglomération,Intersection en T,Temps couvert,Autre collision,4,1,1,0,1,1,1,0,1,50,1,2,1,0,0,1,35.0,,utilitaire_camion,,1,2,3,8,6
202000005010,2020-03-04 09:50:00,2020,3,4,9,50,75,75115,PORTE DE SEVRES,48.833651,2.276453,Plein jour,En agglomération,Intersection en X,Normale,Deux véhicules - côté,4,1,2,0,1,1,1,5,1,50,2,2,1,0,0,1,29.0,57.0,deux_roues,voiture,1,2,2,1,3
202000005011,2020-03-04 16:20:00,2020,3,4,16,20,75,75113,AVENUE DE LA PORTE D ITALIE,48.816402,2.360084,Plein jour,En agglomération,Place,Pluie légère,Trois véhicules et plus - en chaîne,4,2,4,0,1,1,2,5,1,50,3,3,2,0,0,1,94.0,35.0,voiture,deux_roues,1,2,7,2,4
202000005012,2020-03-04 09:45:00,2020,3,4,9,45,75,75113,RUE DE LA GLACIERE,48.831743,2.344387,Plein jour,En agglomération,Intersection en Y,Normale,Autre collision,4,2,2,0,1,1,1,0,1,50,1,2,1,0,0,1,43.0,,deux_roues,,1,2,4,1,6
202000005013,2020-03-04 19:00:00,2020,3,4,19,0,75,75111,BOULEVARD VOLTAIRE,48.860683,2.3753,Nuit avec éclairage allumé,En agglomération,Intersection en T,Pluie légère,Deux véhicules - côté,4,2,2,1,1,1,2,0,5,50,2,2,1,0,0,1,29.0,24.0,deux_roues,deux_roues,5,2,3,2,3
202000005014,2020-03-04 09:30:00,2020,3,4,9,30,75,75110,AVENUE PARMENTIER,48.871702,2.369764,Plein jour,En agglomération,Intersection en T,Normale,Deux véhicules - arrière,4,2,4,0,1,1,1,0,1,50,2,2,1,0,0,1,28.0,52.0,voiture,voiture,1,2,3,1,2
202000005015,2020-03-04 19:50:00,2020,3,4,19,50,75,75108,BOULEVARD DE COURCELLES,48.88085,2.312549,Nuit avec éclairage allumé,En agglomération,Intersection en X,Pluie légère,Autre collision,4,2,2,0,1,1,2,0,1,50,1,2,1,0,0,1,30.0,,deux_roues,,5,2,2,2,6
202000005016,2020-03-01 20:50:00,2020,3,1,20,50,94,94076,STALINGRAD (AV DE),48.781572,2.367341,Nuit avec éclairage allumé,En agglomération,Hors intersection,Normale,Autre collision,3,2,4,3,1,1,1,0,1,50,1,2,1,0,0,1,58.0,,voiture,,5,2,1,1,6
202000005017,2020-03-04 02:30:00,2020,3,4,2,30,94,94041,VERDUN (AV DE),48.815829,2.368286,Nuit avec éclairage allumé,En agglomération,Intersection en X,Normale,Autre collision,3,1,1,0,1,1,1,8,1,50,1,1,0,0,0,1,,,,,5,2,2,1,6
202000005018,2020-03-04 03:40:00,2020,3,4,3,40,94,94002,GENERAL CHARLES DE GAULLE (R DU),48.8145,2.4119,Nuit avec éclairage allumé,En agglomération,Intersection en T,Normale,Deux véhicules - côté,3,2,0,0,1,1,1,0,1,50,2,3,2,0,0,1,53.0,28.0,voiture,voiture,5,2,3,1,3
202000005019,2020-03-04 08:15:00,2020,3,4,8,15,93,93064,MONTGOLFIER (RUE J ET E),48.8860637,2.4839383,Plein jour,En agglomération,Hors intersection,Normale,Deux véhicules - côté,4,2,2,0,1,1,1,0,1,30,2,2,1,0,1,0,36.0,34.0,voiture,deux_roues,1,2,1,1,3
202000005020,2020-03-04 13:30:00,2020,3,4,13,30,93,93051,Route de Neuilly,48.84699,2.5403432,Plein jour,En agglomération,Intersection en T,Normale,Deux véhicules - frontale,3,2,2,0,2,2,1,5,1,50,2,2,1,0,0,1,19.0,36.0,deux_roues,voiture,1,2,3,1,1
202000005021,2020-03-04 12:10:00,2020,3,4,12,10,93,93049,CAHOUETTES (RUE),48.8632,2.5091,Plein jour,En agglomération,Hors intersection,Normale,Autre collision,4,1,1,0,2,1,1,0,1,30,1,1,0,0,0,1,,,,,1,2,1,1,6
202000005022,2020-03-04 12:50:00,2020,3,4,12,50,93,93050,AV LEON BLUM,48.86745,2.5324,Plein jour,En agglomération,Autre intersection,Temps couvert,Autre collision,3,2,2,0,1,1,1,6,4,10,1,2,1,0,0,1,65.0,,autre,,1,2,9,8,6
202000005023,2020-03-04 14:45:00,2020,3,4,14,45,93,93048,ROUGET DE L'ISLE (BOULEVARD),48.86036,2.43919,Plein jour,En agglomération,Hors intersection,Temps couvert,Autre collision,3,2,2,0,1,1,1,0,1,30,1,2,1,0,1,0,33.0,,transport_commun,,1,2,1,8,6
202000005024,2020-03-04 13:40:00,2020,3,4,13,40,93,93048,ERNEST RENAN (AVENUE),48.8561355,2.4607153,Plein jour,En agglomération,Intersection en X,Normale,Deux véhicules - côté,3,2,0,0,1,1,1,0,1,50,2,2,1,0,0,1,31.0,33.0,autre,deux_roues,1,2,2,1,3
202000005025,2020-03-04 19:35:00,2020,3,4,19,35,93,93029,AV JEAN JAURES / R JACQUELINE QUATREMAIRE,48.9165215,2.4580022,Crépuscule ou aube,En agglomération,Intersection en T,Pluie légère,Autre collision,3,2,2,0,1,1,2,0,1,50,1,1,0,0,0,1,22.0,,deux_roues,,2,2,3,2,6
202000005026,2020-03-04 09:10:00,2020,3,4,9,10,92,92073,SELLIER (BOULEVARD HENRI),48.8668763,2.2211429,Plein jour,En agglomération,Hors intersection,Normale,Deux véhicules - frontale,3,3,4,0,1,1,1,0,1,50,2,2,1,0,0,1,56.0,72.0,deux_roues,deux_roues,1,2,1,1,1
202000005027,2020-03-04 17:45:00,2020,3,4,17,45,92,92025,CHARLES DE GAULLE (BD),48.910245,2.234968,Plein jour,En agglomération,Autre intersection,Pluie légère,Deux véhicules - côté,3,3,8,0,1,1,2,0,1,50,2,3,2,0,0,1,32.0,39.0,utilitaire_camion,voiture,1,2,9,2,3
202000005028,2020-03-04 04:08:00,2020,3,4,4,8,92,92012,ANATOLE FRANCE (BOULEVARD) 5/FIN,48.8504715,2.2371393,Nuit avec éclairage allumé,En agglomération,Hors intersection,Normale,Sans collision,4,2,2,0,1,1,1,0,3,50,1,1,0,0,0,1,37.0,,voiture,,5,2,1,1,7
202000005029,2020-02-26 22:40:00,2020,2,26,22,40,95,95529,"A16, PK 38+500",49.168671,2.229087,Nuit sans éclairage public,Hors agglomération,Hors intersection,Pluie légère,Deux véhicules - arrière,1,3,4,0,1,1,2,0,1,130,2,2,1,0,0,1,52.0,25.0,voiture,voiture,3,1,1,2,2
202000005030,2020-03-03 21:00:00,2020,3,3,21,0,95,95205,53 Rue de la Libération,49.024279,2.371586,Nuit avec éclairage allumé,En agglomération,Hors intersection,Normale,Autre collision,3,2,2,0,2,1,1,0,1,50,1,2,1,0,0,1,68.0,,voiture,,5,2,1,1,6
202000005031,2020-03-05 06:55:00,2020,3,5,6,55,06,06161,D2,43.647141,7.136516,Crépuscule ou aube,Hors agglomération,Intersection à plus de 4 branches,Normale,Deux véhicules - côté,3,2,2,0,2,2,1,5,1,50,2,2,1,0,0,1,44.0,55.0,utilitaire_camion,voiture,2,1,5,1,3
202000005032,2020-03-04 10:00:00,2020,3,4,10,0,06,06161,3 Avenue Marechal Koenig,43.642428,7.138393,Plein jour,En agglomération,Autre intersection,Normale,Autre collision,4,2,2,0,1,1,1,9,1,50,1,2,1,0,1,0,71.0,,voiture,,1,2,9,1,6
202000005033,2020-02-28 06:00:00,2020,2,28,6,0,91,91665,Avenue de la Division Leclerc,48.664728,2.277657,Nuit avec éclairage allumé,En agglomération,Intersection en X,Normale,Autre collision,2,3,2,0,2,1,1,5,1,50,1,3,2,1,0,0,26.0,,voiture,,5,2,2,1,6
202000005034,2020-03-03 17:10:00,2020,3,3,17,10,83,83019,Avenue Lou Mistraou,43.143023,6.345119,Plein jour,En agglomération,Giratoire,Normale,Deux véhicules - arrière,3,1,1,0,1,2,1,0,1,50,2,3,2,0,0,1,41.0,62.0,voiture,deux_roues,1,2,6,1,2
202000005035,2020-03-05 07:48:00,2020,3,5,7,48,34,34095,D613,43.526771,3.741279,Crépuscule ou aube,Hors agglomération,Hors intersection,Pluie légère,Trois véhicules et plus - collisions multiples,3,2,2,0,1,1,2,0,1,80,3,3,2,0,1,0,26.0,59.0,utilitaire_camion,voiture,2,1,1,2,5
202000005036,2020-03-05 07:30:00,2020,3,5,7,30,74,74105,104 Avenue de Genève,46.302933,6.292902,Crépuscule ou aube,En agglomération,Hors intersection,Pluie légère,Deux véhicules - arrière,3,2,1,0,1,1,2,0,1,50,2,2,1,0,1,0,22.0,60.0,deux_roues,voiture,2,2,1,2,2
202000005037,2020-03-04 23:20:00,2020,3,4,23,20,95,95682,D9,49.071705,2.396409,Nuit sans éclairage public,Hors agglomération,Hors intersection,Pluie légère,Autre collision,3,2,2,0,1,1,2,0,3,80,1,1,0,0,1,0,23.0,,voiture,,3,1,1,2,6
202000005038,2020-02-26 17:40:00,2020,2,26,17,40,19,19262,D16,45.569487,1.750753,Plein jour,Hors agglomération,Hors intersection,Normale,Deux véhicules - frontale,3,2,2,0,2,1,1,0,1,90,2,3,1,0,1,1,55.0,48.0,voiture,voiture,1,1,1,1,1
202000005039,2020-03-03 18:30:00,2020,3,3,18,30,74,74236,977 Avenue de Miage,45.88245,6.716278,Crépuscule ou aube,En agglomération,Intersection en T,Normale,Autre collision,3,2,2,0,1,1,1,5,1,-1,1,2,1,0,0,1,34.0,,voiture,,2,2,3,1,6
202000005040,2020-03-04 18:10:00,2020,3,4,18,10,76,76367,D121,49.486528,1.094674,Crépuscule ou aube,Hors agglomération,Hors intersection,Pluie forte,Trois véhicules et plus - collisions multiples,3,2,2,0,1,1,2,0,1,80,3,3,2,0,1,0,42.0,35.0,transport_commun,voiture,2,1,1,3,5
202000005041,2020-03-04 17:21:00,2020,3,4,17,21,2B,2B150,T30,42.571769,8.830851,Nuit sans éclairage public,Hors agglomération,Hors intersection,Normale,Autre collision,2,2,2,0,2,1,1,0,1,50,1,2,1,0,1,0,24.0,,deux_roues,,3,1,1,1,6
202000005042,2020-03-05 08:30:00,2020,3,5,8,30,42,42267,Route de Pouilly,46.150844,4.152929,Plein jour,Hors agglomération,Intersection en T,Normale,Deux véhicules - frontale,3,2,2,0,1,1,1,0,1,70,2,3,1,0,1,1,59.0,35.0,voiture,voiture,1,1,3,1,1
202000005043,2020-02-28 00:15:00,2020,2,28,0,15,46,46335,RD 656,44.403373,1.282954,Nuit sans éclairage public,Hors agglomération,Hors intersection,Normale,Sans collision,3,2,2,0,1,1,1,0,1,80,1,2,1,0,1,0,28.0,,voiture,,3,1,1,1,7
202000005044,2020-03-04 11:20:00,2020,3,4,11,20,22,22183,15 Rue de la Croix Hyava,48.175215,-2.602409,Plein jour,En agglomération,Hors intersection,Normale,Autre collision,4,2,2,0,1,1,1,0,3,50,1,2,1,0,1,0,56.0,,utilitaire_camion,,1,2,1,1,6
202000005045,2020-03-05 10:25:00,2020,3,5,10,25,31,31499,92 Avenue du Languedoc,43.511514,1.189495,Plein jour,En agglomération,Giratoire,Pluie légère,Autre collision,3,2,2,0,1,1,2,6,1,50,1,2,1,0,1,0,76.0,,voiture,,1,2,6,2,6
202000005046,2020-03-04 07:00:00,2020,3,4,7,0,31,31341,Route des Platanes,43.718231,1.305876,Nuit sans éclairage public,Hors agglomération,Hors intersection,Pluie légère,Deux véhicules - arrière,3,2,2,0,1,1,2,0,1,80,2,2,1,0,1,0,49.0,46.0,deux_roues,voiture,3,1,1,2,2
202000005047,2020-03-04 19:30:00,2020,3,4,19,30,02,02775,D1044,49.726317,3.347687,Nuit sans éclairage public,Hors agglomération,Hors intersection,Pluie légère,Deux véhicules - frontale,3,2,2,0,2,1,2,0,1,80,2,3,0,0,2,1,34.0,44.0,voiture,voiture,3,1,1,2,1
202000005048,2020-03-05 11:44:00,2020,3,5,11,44,03,03275,Route d'Autry Issards,46.5394035,3.1856458,Plein jour,En agglomération,Hors intersection,Pluie forte,Deux véhicules - côté,3,2,2,0,1,1,2,0,1,50,2,2,1,0,1,0,42.0,62.0,voiture,utilitaire_camion,1,2,1,3,3
202000005049,2020-03-05 07:15:00,2020,3,5,7,15,70,70104,D185,47.426447,5.83896,Plein jour,En agglomération,Intersection en T,Pluie légère,Deux véhicules - côté,3,2,2,0,1,1,2,0,1,50,2,3,2,0,1,0,28.0,17.0,voiture,deux_roues,1,2,3,2,3
202000005050,2020-03-03 14:45:00,2020,3,3,14,45,26,26289,315 Avenue Georges Coupois,44.69644,5.191062,Plein jour,En agglomération,Autre intersection,Normale,Deux véhicules - côté,4,2,2,0,1,1,1,0,1,50,2,2,1,0,1,0,77.0,33.0,voiture,voiture,1,2,9,1,3