accident_id,datetime,annee,mois,jour,heure,minute,departement,commune_insee,adresse,latitude,longitude,luminosite,agglomeration,intersection,meteo,collision,catr,circ,nbv,vosp,prof,plan,surf,infra,situ,vma,nb_vehicules,nb_usagers,nb_indemnes,nb_tues,nb_blesses_hosp,nb_blesses_legers,age_cond_1,age_cond_2,veh_type_cond_1,veh_type_cond_2,lum_code,agg_code,int_code,atm_code,col_code
202000005051,2020-03-04 18:20:00,2020,3,4,18,20,14,14278,32 Rue Saint-martin,49.169092,-0.576696,Crépuscule ou aube,En agglomération,Intersection en T,Pluie légère,Deux véhicules - côté,3,2,2,0,1,1,2,0,1,50,2,2,1,0,1,0,30.0,19.0,voiture,deux_roues,2,2,3,2,3
202000005052,2020-03-05 04:38:00,2020,3,5,4,38,64,64199,28 route du vic bilh,43.575836,-0.165975,Nuit sans éclairage public,Hors agglomération,Hors intersection,Temps couvert,Sans collision,3,2,2,0,2,1,2,0,3,80,1,5,1,0,1,3,17.0,,voiture,,3,1,1,8,7
202000005053,2020-03-05 10:40:00,2020,3,5,10,40,85,85047,Route de la Roche-sur-yon,46.83216,-1.816649,Plein jour,Hors agglomération,Hors intersection,Pluie légère,Autre collision,3,1,1,0,2,3,2,0,8,80,1,1,0,0,1,0,28.0,,utilitaire_camion,,1,1,1,2,6
202000005054,2020-03-05 18:45:00,2020,3,5,18,45,30,30083,D979,43.72118,4.225144,Plein jour,Hors agglomération,Intersection en X,Normale,Deux véhicules - côté,3,2,2,0,1,1,2,5,1,80,2,6,0,1,2,3,39.0,62.0,utilitaire_camion,utilitaire_camion,1,1,2,1,3
202000005055,2020-03-05 06:20:00,2020,3,5,6,20,08,08067,74 Route Nationale,49.625647,5.178352,Nuit avec éclairage allumé,En agglomération,Hors intersection,Pluie légère,Deux véhicules - arrière,3,2,2,0,1,1,2,0,1,50,2,2,1,0,1,0,53.0,60.0,utilitaire_camion,deux_roues,5,2,1,2,2
202000005056,2020-03-05 07:11:00,2020,3,5,7,11,33,33108,Rue Michel de Montaigne,44.85705,-0.03293,Crépuscule ou aube,En agglomération,Hors intersection,Pluie légère,Deux véhicules - frontale,3,2,2,0,1,1,2,0,1,50,2,3,0,0,2,1,40.0,21.0,voiture,voiture,2,2,1,2,1
202000005057,2020-03-04 17:26:00,2020,3,4,17,26,40,40261,A63,43.683096,-1.266904,Plein jour,Hors agglomération,Hors intersection,Normale,Deux véhicules - arrière,1,1,3,0,1,1,2,0,1,90,2,2,1,1,0,0,30.0,31.0,utilitaire_camion,utilitaire_camion,1,1,1,1,2
202000005058,2020-03-05 09:00:00,2020,3,5,9,0,69,69225,A 89,45.8814655,4.4341573,Plein jour,Hors agglomération,Hors intersection,Pluie légère,Autre collision,1,3,2,3,1,1,2,0,8,110,1,1,0,0,0,1,47.0,,voiture,,1,1,1,2,6
202000005059,2020-03-05 00:30:00,2020,3,5,0,30,971,97103,Boulevard des Armees la Jaille,16.254179,-61.566192,Nuit sans éclairage public,En agglomération,Hors intersection,Normale,Deux véhicules - arrière,2,3,4,0,1,1,1,0,1,90,2,2,1,1,0,0,42.0,22.0,voiture,deux_roues,3,2,1,1,2
202000005060,2020-03-04 19:10:00,2020,3,4,19,10,987,98712,PK 4.5,-17.542977,-149.503646,Nuit avec éclairage allumé,En agglomération,Hors intersection,Normale,Autre collision,2,3,4,0,1,1,1,0,1,60,1,2,1,1,0,0,54.0,,utilitaire_camion,,5,2,1,1,6
202000005061,2020-03-04 20:30:00,2020,3,4,20,30,95,95008,RD 983,49.062591,1.772876,Nuit sans éclairage public,Hors agglomération,Hors intersection,Pluie légère,Deux véhicules - arrière,3,3,2,0,1,1,2,0,1,80,2,2,0,0,0,2,59.0,22.0,voiture,voiture,3,1,1,2,2
202000005062,2020-03-04 07:30:00,2020,3,4,7,30,06,06147,828 Route de Levens,43.805879,7.268697,Plein jour,En agglomération,Hors intersection,Normale,,7,2,2,0,1,3,1,0,1,50,2,2,1,0,1,0,33.0,37.0,voiture,deux_roues,1,2,1,1,-1
202000005063,2020-03-04 15:10:00,2020,3,4,15,10,08,08367,Chemin du Bochet,49.95151,4.524865,Plein jour,Hors agglomération,Hors intersection,Neige / grêle,Deux véhicules - arrière,3,3,4,0,1,3,7,0,1,110,2,5,4,0,1,0,86.0,55.0,voiture,utilitaire_camion,1,1,1,4,2
202000005064,2020-03-04 16:45:00,2020,3,4,16,45,69,69296,Solaize Est,45.6330593,4.8217542,Plein jour,Hors agglomération,Hors intersection,Normale,Deux véhicules - côté,3,2,2,2,1,1,1,0,1,80,2,2,0,0,0,2,59.0,53.0,deux_roues,voiture,1,1,1,1,3
202000005065,2020-03-02 14:55:00,2020,3,2,14,55,69,69194,2 Avenue Ampère,45.833946,4.793472,Plein jour,Hors agglomération,Hors intersection,Pluie forte,Deux véhicules - frontale,3,2,2,0,1,1,2,0,1,70,2,2,0,0,1,1,39.0,80.0,voiture,voiture,1,1,1,3,1
202000005066,2020-03-05 13:40:00,2020,3,5,13,40,81,81138,Cante Gal,43.822158,2.045002,Plein jour,Hors agglomération,Hors intersection,Pluie forte,Sans collision,3,2,2,0,1,2,2,0,3,80,1,1,0,0,1,0,36.0,,voiture,,1,1,1,3,7
202000005067,2020-03-04 09:30:00,2020,3,4,9,30,76,76069,D7,49.386391,1.127771,Plein jour,Hors agglomération,Hors intersection,Temps couvert,Deux véhicules - côté,3,2,2,0,2,3,2,0,1,80,2,2,1,0,1,0,26.0,36.0,deux_roues,voiture,1,1,1,8,3
202000005068,2020-03-04 23:10:00,2020,3,4,23,10,76,76464,D138,49.352875,1.263476,Nuit sans éclairage public,Hors agglomération,Hors intersection,Pluie légère,Sans collision,3,2,2,0,1,2,2,0,3,80,1,1,0,0,1,0,26.0,,deux_roues,,3,1,1,2,7
202000005069,2020-03-05 00:50:00,2020,3,5,0,50,60,60504,D125,49.3428585,2.2018635,Nuit sans éclairage public,Hors agglomération,Hors intersection,Pluie légère,,3,2,2,0,1,3,2,0,1,80,2,5,4,0,0,1,24.0,23.0,voiture,voiture,3,1,1,2,-1
202000005070,2020-03-04 11:00:00,2020,3,4,11,0,13,13005,Sens Aubagne vers Marseille,43.28821,5.54747,Plein jour,Hors agglomération,Hors intersection,Normale,Deux véhicules - côté,1,3,3,0,1,1,1,0,1,90,2,3,1,0,0,2,32.0,26.0,utilitaire_camion,voiture,1,1,1,1,3
202000005071,2020-03-04 09:38:00,2020,3,4,9,38,13,13005,A50-Sens Marseille vers Aubagne,43.2897512,5.5563328,Plein jour,Hors agglomération,Hors intersection,Normale,Trois véhicules et plus - collisions multiples,1,3,2,0,3,3,1,0,1,90,3,3,1,0,0,2,38.0,37.0,voiture,voiture,1,1,1,1,5
202000005072,2020-03-04 08:40:00,2020,3,4,8,40,13,13015,A515CD-Gardanne vers A51-Marseille,43.43024,5.39627,Plein jour,Hors agglomération,Hors intersection,Normale,Deux véhicules - arrière,1,1,2,0,1,1,1,0,1,90,2,2,1,0,0,1,63.0,35.0,utilitaire_camion,voiture,1,1,1,1,2
202000005073,2020-03-02 18:15:00,2020,3,2,18,15,83,83137,A50 TUNNEL TUBE SUD,43.12132,5.95331,Plein jour,Hors agglomération,Hors intersection,Normale,Deux véhicules - arrière,1,1,2,0,1,1,1,1,1,70,2,2,1,0,0,1,54.0,20.0,voiture,voiture,1,1,1,1,2
202000005074,2020-03-03 20:10:00,2020,3,3,20,10,59,59360,AUTOROUTE A25,50.620379,3.011799,Nuit sans éclairage public,Hors agglomération,Hors intersection,Normale,Autre collision,1,3,6,0,1,1,1,0,1,90,1,1,0,0,0,1,27.0,,voiture,,3,1,1,1,6
202000005075,2020-03-04 13:46:00,2020,3,4,13,46,91,91645,RN 385 Extèrieure,48.75924,2.2669,Plein jour,Hors agglomération,Hors intersection,Normale,Sans collision,1,1,1,0,2,2,1,0,1,50,1,1,0,0,0,1,22.0,,deux_roues,,1,1,1,1,7
202000005076,2020-03-04 11:25:00,2020,3,4,11,25,94,94038,AUTOROUTE A6A,48.77112,2.34553,Plein jour,Hors agglomération,Hors intersection,Normale,Deux véhicules - arrière,1,3,3,0,1,1,1,0,1,110,2,3,2,0,0,1,41.0,69.0,voiture,voiture,1,1,1,1,2
202000005077,2020-03-04 09:00:00,2020,3,4,9,0,94,94003,AUTOROUTE A6A,48.81168,2.337,Plein jour,Hors agglomération,Hors intersection,Normale,Deux véhicules - arrière,1,3,3,0,1,1,1,0,1,70,2,2,1,0,0,1,43.0,35.0,voiture,deux_roues,1,1,1,1,2
202000005078,2020-03-04 07:50:00,2020,3,4,7,50,91,91363,AUTOROUTE A10,48.65897,2.18324,Plein jour,Hors agglomération,Hors intersection,Normale,Deux véhicules - arrière,2,3,2,0,1,1,1,0,1,90,2,3,1,0,0,2,85.0,49.0,utilitaire_camion,utilitaire_camion,1,1,1,1,2
202000005079,2020-03-04 09:20:00,2020,3,4,9,20,92,92036,A86,48.9352235,2.2662619,Plein jour,Hors agglomération,Hors intersection,Normale,,1,3,2,0,1,1,1,0,1,90,3,3,2,0,0,1,38.0,43.0,voiture,deux_roues,1,1,1,1,-1
202000005080,2020-03-04 08:40:00,2020,3,4,8,40,78,78043,A13,48.841297,2.100282,Plein jour,Hors agglomération,Hors intersection,Pluie forte,Trois véhicules et plus - collisions multiples,1,1,2,0,1,1,2,0,1,110,3,3,2,0,0,1,46.0,44.0,voiture,voiture,1,1,1,3,5
202000005081,2020-03-04 07:45:00,2020,3,4,7,45,78,78524,A13,48.83995,2.11428,Plein jour,Hors agglomération,Hors intersection,Normale,Deux véhicules - côté,1,3,3,0,1,1,1,0,1,110,2,2,1,0,0,1,45.0,43.0,deux_roues,voiture,1,1,1,1,3
202000005082,2020-03-03 20:40:00,2020,3,3,20,40,95,95203,RD 170,48.9774,2.28613,Nuit sans éclairage public,Hors agglomération,Hors intersection,Normale,Deux véhicules - arrière,3,3,4,0,1,3,1,0,1,70,2,2,1,0,0,1,25.0,20.0,voiture,voiture,3,1,1,1,2
202000005083,2020-03-03 18:20:00,2020,3,3,18,20,95,95582,A15,48.96994,2.25001,Crépuscule ou aube,Hors agglomération,Hors intersection,Normale,Trois véhicules et plus - en chaîne,1,3,9,0,1,3,1,0,1,110,4,4,3,0,0,1,30.0,37.0,voiture,voiture,2,1,1,1,4
202000005084,2020-03-03 13:35:00,2020,3,3,13,35,93,93064,AUTOROUTE A86,48.87426,2.47921,Plein jour,Hors agglomération,Hors intersection,Normale,Sans collision,1,3,6,0,2,1,1,0,1,90,1,1,0,0,1,0,42.0,,deux_roues,,1,1,1,1,7
202000005085,2020-03-03 13:00:00,2020,3,3,13,0,95,95604, A1,49.10548,2.55131,Plein jour,Hors agglomération,Hors intersection,Normale,Deux véhicules - côté,1,3,6,0,2,1,1,0,1,130,2,3,2,0,0,1,23.0,33.0,voiture,voiture,1,1,1,1,3
202000005086,2020-03-02 11:30:00,2020,3,2,11,30,92,92078,AUTOROUTE A86,48.9293205,2.3292719,Plein jour,Hors agglomération,Hors intersection,Pluie légère,Deux véhicules - côté,1,3,3,0,1,1,2,1,1,70,2,2,1,0,0,1,34.0,58.0,voiture,utilitaire_camion,1,1,1,2,3
202000005087,2020-03-01 19:15:00,2020,3,1,19,15,95,95277, A104,48.97228,2.48476,Nuit sans éclairage public,Hors agglomération,Hors intersection,Pluie légère,Autre collision,1,3,-1,0,2,3,2,3,1,70,1,1,0,0,0,1,39.0,,voiture,,3,1,1,2,6
202000005088,2020-03-01 12:10:00,2020,3,1,12,10,95,95394,A115,49.05214,2.1834,Plein jour,Hors agglomération,Hors intersection,Normale,Sans collision,1,3,3,0,2,2,2,0,1,70,1,1,0,0,0,1,23.0,,deux_roues,,1,1,1,1,7
202000005089,2020-03-04 06:35:00,2020,3,4,6,35,94,94033,A86.EXT,48.8295,2.4842,Nuit sans éclairage public,Hors agglomération,Hors intersection,Normale,Autre collision,1,1,2,0,1,1,1,0,1,90,1,1,0,0,0,1,25.0,,voiture,,3,1,1,1,6
202000005090,2020-03-04 02:50:00,2020,3,4,2,50,77,77146,A4.Y,48.832323,2.660365,Nuit sans éclairage public,Hors agglomération,Hors intersection,Pluie légère,Autre collision,1,-1,2,0,1,3,2,0,1,70,1,1,0,0,0,1,18.0,,voiture,,3,1,1,2,6
202000005091,2020-03-01 22:10:00,2020,3,1,22,10,77,77337,RN104,48.8290275,2.618463,Nuit sans éclairage public,Hors agglomération,Hors intersection,Normale,Autre collision,2,1,2,0,1,3,2,0,1,90,1,2,0,0,0,2,26.0,,voiture,,3,1,1,1,6
202000005092,2020-01-02 12:30:00,2020,1,2,12,30,971,97113,MONTAUBAN (SECTEUR),16.20819,-61.49983,Plein jour,En agglomération,Hors intersection,Normale,Sans collision,3,-1,2,0,1,1,1,0,8,50,1,2,1,0,0,1,44.0,,voiture,,1,2,1,1,7
202000005093,2020-01-02 15:20:00,2020,1,2,15,20,13,13210,MIREILLE LAUZE (BOULEVARD),43.2832,5.41193,Plein jour,En agglomération,Intersection en T,Normale,Deux véhicules - frontale,4,2,2,0,1,1,1,9,8,30,2,2,1,1,0,0,28.0,58.0,voiture,deux_roues,1,2,3,1,1
202000005094,2020-03-03 20:10:00,2020,3,3,20,10,976,97611,m'tsapere-Nationale 2 (route),-12.80485,45.2106,Nuit avec éclairage allumé,En agglomération,Hors intersection,Normale,Deux véhicules - côté,2,2,2,0,1,1,1,0,1,50,2,2,1,0,0,1,41.0,31.0,deux_roues,voiture,5,2,1,1,3
202000005095,2020-03-03 12:50:00,2020,3,3,12,50,974,97416,PRESIDENT MITTERAND(AVENUE),-21.34717,55.49085,Plein jour,En agglomération,Giratoire,Normale,Deux véhicules - arrière,4,3,2,0,1,4,1,0,1,50,2,2,1,0,0,1,37.0,56.0,voiture,deux_roues,1,2,6,1,2
202000005096,2020-03-02 06:40:00,2020,3,2,6,40,974,97416,RN2 (2),-21.3532,55.51047,Plein jour,Hors agglomération,Hors intersection,Normale,Deux véhicules - côté,2,2,2,0,1,1,1,0,1,50,2,3,1,0,0,2,49.0,41.0,deux_roues,voiture,1,1,1,1,3
202000005097,2020-03-02 19:30:00,2020,3,2,19,30,974,97411,HUBERT DELISLE (AVENUE),-20.8928,55.4829,Nuit avec éclairage allumé,Hors agglomération,Hors intersection,Temps couvert,Autre collision,4,2,4,3,1,1,2,9,1,50,1,1,0,0,1,0,,,,,5,1,1,8,6
202000005098,2020-03-02 08:50:00,2020,3,2,8,50,974,97407,OWENS JAMES,-20.936942,55.32349,Plein jour,En agglomération,Hors intersection,Normale,Trois véhicules et plus - collisions multiples,2,2,2,0,1,1,1,0,1,70,3,4,3,0,0,1,24.0,46.0,voiture,voiture,1,2,1,1,5
202000005099,2020-03-03 18:00:00,2020,3,3,18,0,973,97302,BADUEL (ROUTE DE),4.9291089,-52.2964883,Plein jour,En agglomération,Hors intersection,Normale,Deux véhicules - côté,3,2,1,0,1,1,1,0,1,50,2,3,2,0,0,1,16.0,32.0,deux_roues,voiture,1,2,1,1,3
202000005100,2020-03-03 08:02:00,2020,3,3,8,2,973,97302,BADUEL (ROUTE DE),4.9301564,-52.3045778,Plein jour,En agglomération,Hors intersection,Normale,Deux véhicules - côté,3,2,2,1,1,1,1,0,1,50,2,2,1,0,0,1,32.0,40.0,utilitaire_camion,deux_roues,1,2,1,1,3
202000005101,2020-03-03 21:00:00,2020,3,3,21,0,69,69383,BONNEL (DE)                         (R ),45.76211,4.85186,Nuit avec éclairage allumé,En agglomération,Intersection en X,Normale,Deux véhicules - côté,4,1,5,0,1,1,1,0,1,50,2,2,1,0,0,1,56.0,54.0,voiture,voiture,5,2,2,1,3
202000005102,2020-03-03 11:00:00,2020,3,3,11,0,69,69387,REPOS (DU)                          (R ),45.7480584,4.8473271,Plein jour,En agglomération,Hors intersection,Normale,Deux véhicules - arrière,4,1,1,0,1,1,1,0,1,30,2,1,0,0,0,1,78.0,,deux_roues,,1,2,1,1,2
202000005103,2020-03-03 12:00:00,2020,3,3,12,0,69,69199,MARCEL SEMBAT                       (R ),45.71156,4.84433,Plein jour,Hors agglomération,Intersection en X,Normale,Deux véhicules - côté,3,2,2,0,2,1,1,5,1,50,2,4,3,0,0,1,39.0,34.0,voiture,voiture,1,1,2,1,3
202000005104,2020-03-01 14:42:00,2020,3,1,14,42,69,69259,CHARLES DE GAULLE                   (AV),45.7111661,4.9016969,Plein jour,En agglomération,Hors intersection,Normale,Trois véhicules et plus - en chaîne,4,3,7,3,1,1,1,0,1,70,3,3,2,0,0,1,25.0,26.0,voiture,voiture,1,2,1,1,4
202000005105,2020-03-03 15:00:00,2020,3,3,15,0,972,97213,NELSON MANDELA,14.6125,-60.9979,Plein jour,En agglomération,Hors intersection,Normale,Deux véhicules - côté,3,2,2,0,1,1,1,0,1,50,2,4,1,0,0,3,57.0,27.0,voiture,voiture,1,2,1,1,3
202000005106,2020-03-02 20:30:00,2020,3,2,20,30,972,97213,AUTOROUTE A1,14.60744,-61.00408,Nuit avec éclairage allumé,Hors agglomération,Hors intersection,Pluie légère,Deux véhicules - côté,1,1,2,0,1,2,1,0,1,90,2,3,2,0,0,1,35.0,37.0,voiture,deux_roues,5,1,1,2,3
202000005107,2020-03-03 16:45:00,2020,3,3,16,45,972,97209,VICTOIRE EDMOND MARIETTE (RUE),14.6219,-61.058,Plein jour,En agglomération,Hors intersection,Normale,Sans collision,4,2,2,0,2,3,1,0,1,50,1,1,0,0,1,0,22.0,,deux_roues,,1,2,1,1,7
202000005108,2020-03-03 18:31:00,2020,3,3,18,31,69,69385,CHOULANS (DE)                       (CH),45.7534,4.819,Crépuscule ou aube,En agglomération,Hors intersection,Normale,Deux véhicules - côté,4,1,2,0,2,4,1,5,1,50,2,2,1,0,0,1,25.0,23.0,voiture,deux_roues,2,2,1,1,3
202000005109,2020-03-01 09:30:00,2020,3,1,9,30,69,69381,FEUILLEE DE LA                      (PT),45.76651,4.82942,Plein jour,En agglomération,Hors intersection,Normale,Deux véhicules - arrière,4,2,2,0,1,1,1,0,1,50,2,2,1,0,1,0,19.0,54.0,deux_roues,utilitaire_camion,1,2,1,1,2
202000005110,2020-02-29 12:30:00,2020,2,29,12,30,69,69385,JOLIOT CURIE                        (R ),45.754,4.7767,Plein jour,En agglomération,Hors intersection,Normale,Deux véhicules - arrière,4,2,2,0,2,1,1,0,1,50,2,2,1,0,0,1,21.0,60.0,deux_roues,voiture,1,2,1,1,2
202000005111,2020-03-02 16:50:00,2020,3,2,16,50,971,97113,RN4 - SECTION RIVIERA,16.21773,-61.4901,Plein jour,Hors agglomération,Hors intersection,Normale,Trois véhicules et plus - en chaîne,2,2,2,0,1,1,1,0,5,70,3,3,2,0,0,1,32.0,49.0,voiture,voiture,1,1,1,1,4
202000005112,2020-03-02 13:00:00,2020,3,2,13,0,95,95539,LUAT  (CHEMIN  DU ),49.0003191,2.3679626,Plein jour,En agglomération,Hors intersection,Normale,Trois véhicules et plus - collisions multiples,4,2,2,0,1,1,1,0,1,50,3,5,3,0,1,1,23.0,20.0,voiture,voiture,1,2,1,1,5
202000005113,2020-03-03 15:05:00,2020,3,3,15,5,95,95051,JULES CESAR (CHAUSSEE),49.00979,2.19605,Plein jour,En agglomération,Hors intersection,Normale,Autre collision,4,2,2,0,1,1,1,0,1,50,1,2,1,0,1,0,62.0,,voiture,,1,2,1,1,6
202000005114,2020-03-02 20:50:00,2020,3,2,20,50,95,95424,VICTOR BORDIER(BOULEVARD),48.9951916,2.1926104,Nuit avec éclairage allumé,En agglomération,Autre intersection,Pluie légère,Autre collision,3,2,4,0,1,1,2,0,1,50,1,1,0,0,1,0,,,,,5,2,9,2,6
202000005115,2020-02-16 19:50:00,2020,2,16,19,50,95,95210,CEINTURE (AVENUE DE),48.96983,2.30369,Nuit avec éclairage non allumé,En agglomération,Hors intersection,Pluie légère,Autre collision,4,2,2,0,1,1,2,0,1,50,1,2,1,0,0,1,21.0,,voiture,,4,2,1,2,6
202000005116,2020-03-02 14:20:00,2020,3,2,14,20,91,91692,GUYENNE (AVENUE),48.6782,2.16281,Plein jour,En agglomération,Autre intersection,Pluie légère,Autre collision,4,2,2,0,1,1,2,9,1,50,1,2,1,0,1,0,49.0,,voiture,,1,2,9,2,6
202000005117,2020-01-21 11:45:00,2020,1,21,11,45,91,91645,ANTONY (RUE D'),48.747485,2.267803,Plein jour,En agglomération,Giratoire,Normale,Autre collision,4,2,2,0,1,1,1,0,1,30,1,1,0,0,0,1,,,,,1,2,6,1,6
202000005118,2020-03-02 07:15:00,2020,3,2,7,15,91,91377,PARIS (RUE DE),48.7224,2.2627,Crépuscule ou aube,En agglomération,Intersection en X,Pluie légère,Autre collision,4,2,2,0,1,1,2,0,1,50,1,2,1,0,1,0,24.0,,voiture,,2,2,2,2,6
202000005119,2020-03-02 10:51:00,2020,3,2,10,51,91,91339,ROCHES (CHEMIN DES),48.61537,2.24552,Plein jour,En agglomération,Hors intersection,Pluie légère,Autre collision,4,2,2,0,1,1,2,8,1,50,1,6,5,0,1,0,44.0,,voiture,,1,2,1,2,6
202000005120,2020-02-28 21:10:00,2020,2,28,21,10,87,87085,FEYTIAT (RUE DE),45.81968,1.2855,Nuit avec éclairage allumé,En agglomération,Hors intersection,Pluie légère,Autre collision,4,2,2,0,1,1,2,0,1,50,1,1,0,0,0,1,39.0,,voiture,,5,2,1,2,6
202000005121,2020-02-28 16:14:00,2020,2,28,16,14,87,87065,BOISSEUIL (RUE DE),45.79449,1.29738,Plein jour,Hors agglomération,Hors intersection,Pluie légère,Autre collision,4,2,2,0,1,1,2,0,1,80,1,1,0,0,0,1,21.0,,deux_roues,,1,1,1,2,6
202000005122,2020-03-01 18:45:00,2020,3,1,18,45,85,85194,Avenue d'Anjou,46.50153,-1.77771,Crépuscule ou aube,En agglomération,Hors intersection,Normale,Autre collision,4,2,2,0,1,1,1,0,1,50,1,1,0,0,1,0,41.0,,deux_roues,,2,2,1,1,6
202000005123,2020-02-29 18:35:00,2020,2,29,18,35,85,85194,RD 160,46.52792,-1.73545,Nuit sans éclairage public,Hors agglomération,Hors intersection,Pluie légère,Deux véhicules - arrière,3,2,2,0,1,1,2,9,1,70,2,3,2,0,1,0,68.0,57.0,voiture,voiture,3,1,1,2,2
202000005124,2020-03-01 18:15:00,2020,3,1,18,15,85,85191,D160,46.68964,-1.3742,Plein jour,Hors agglomération,Hors intersection,Normale,Deux véhicules - arrière,3,2,2,0,1,1,1,0,1,80,2,3,1,0,0,2,33.0,20.0,voiture,voiture,1,1,1,1,2
202000005125,2020-02-28 18:15:00,2020,2,28,18,15,84,84007,LYON (route de ),43.9528,4.83095,Plein jour,En agglomération,Hors intersection,Normale,Autre collision,4,2,4,1,1,1,1,0,1,50,1,2,0,1,1,0,28.0,,deux_roues,,1,2,1,1,6
202000005126,2020-02-26 12:18:00,2020,2,26,12,18,83,83126,ESTIENNES D'ORVES (AV),43.1098552,5.8774334,Plein jour,En agglomération,Hors intersection,Vent fort / tempête,Autre collision,4,3,3,3,2,1,1,0,1,50,1,1,0,0,1,0,,,,,1,2,1,6,6
202000005127,2020-02-22 09:30:00,2020,2,22,9,30,83,83126,SELON (CHEMIN DE),43.09425,5.85946,Plein jour,En agglomération,Hors intersection,Normale,Autre collision,4,2,1,0,2,1,1,0,1,50,1,2,1,0,1,0,65.0,,voiture,,1,2,1,1,6
202000005128,2020-02-28 08:56:00,2020,2,28,8,56,80,80021,PINCEAU (RUE DU),49.88706,2.31616,Plein jour,En agglomération,Hors intersection,Normale,Deux véhicules - côté,4,1,1,0,2,1,1,0,1,50,2,2,1,0,0,1,33.0,28.0,voiture,deux_roues,1,2,1,1,3
202000005129,2020-03-02 04:30:00,2020,3,2,4,30,79,79300,Avenue Emile Zola,46.999146,-0.20625,Nuit avec éclairage allumé,En agglomération,Intersection en T,Pluie forte,Deux véhicules - côté,3,2,3,1,1,1,2,5,1,50,2,2,1,0,1,0,24.0,57.0,deux_roues,utilitaire_camion,5,2,3,3,3
202000005130,2020-02-29 23:00:00,2020,2,29,23,0,78,78335,AVENUE J.B COROT,48.992796,1.727044,Nuit avec éclairage non allumé,En agglomération,Hors intersection,Normale,Deux véhicules - côté,3,2,2,0,1,3,1,0,1,50,2,3,2,0,1,0,21.0,51.0,voiture,deux_roues,4,2,1,1,3
202000005131,2020-03-02 08:40:00,2020,3,2,8,40,76,76540,LECANUET. RUE JEAN,49.44467,1.09205,Plein jour,En agglomération,Intersection en X,Normale,Deux véhicules - côté,4,2,2,2,1,1,2,0,1,30,2,2,1,0,0,1,43.0,48.0,deux_roues,voiture,1,2,2,1,3
202000005132,2020-02-28 23:00:00,2020,2,28,23,0,76,76498,VOIE RAPIDE SUD 3 (RN 338),49.431876,1.0590277,Nuit sans éclairage public,En agglomération,Hors intersection,Pluie légère,Deux véhicules - côté,2,3,4,0,1,1,2,0,1,90,2,2,1,0,0,1,26.0,19.0,voiture,voiture,3,2,1,2,3
202000005133,2020-03-01 07:15:00,2020,3,1,7,15,76,76351,D138,49.49211,0.12367,Nuit sans éclairage public,En agglomération,Intersection en X,Pluie légère,Sans collision,4,3,4,0,1,1,1,0,1,50,1,2,0,0,0,2,24.0,,voiture,,3,2,2,2,7
202000005134,2020-02-29 14:20:00,2020,2,29,14,20,76,76351,IRENE JOLIOT CURIE (RUE),49.5224,0.10467,Plein jour,En agglomération,Intersection en X,Normale,Deux véhicules - arrière,4,2,2,0,1,1,1,0,1,50,2,2,1,0,0,1,26.0,,voiture,,1,2,2,1,2
202000005135,2020-01-21 09:25:00,2020,1,21,9,25,76,76351,LESUEUR (RUE),49.49288,0.12319,Plein jour,En agglomération,Intersection en X,Normale,Autre collision,4,2,2,0,1,1,1,0,1,50,1,2,1,0,0,1,73.0,,voiture,,1,2,2,1,6
202000005136,2020-02-28 12:25:00,2020,2,28,12,25,74,74012,TOURNELLES (RUE DES),46.1955724,6.2413942,Plein jour,En agglomération,Hors intersection,Normale,Autre collision,4,2,2,0,1,1,1,0,1,50,1,2,1,0,1,0,76.0,,voiture,,1,2,1,1,6
202000005137,2020-03-03 17:06:00,2020,3,3,17,6,72,72181,BOLLEE (AV) N° PAIRS 224 ET >,47.99749,0.22897,Plein jour,En agglomération,Hors intersection,Normale,Deux véhicules - côté,4,3,4,2,1,1,1,0,6,50,2,2,1,0,1,0,65.0,36.0,deux_roues,voiture,1,2,1,1,3
202000005138,2020-03-01 11:39:00,2020,3,1,11,39,69,69029,GENAS (DE)                          (RO),45.7497,4.9128,Plein jour,En agglomération,Hors intersection,Normale,Autre collision,6,1,0,0,1,1,1,0,8,50,1,2,1,0,0,1,42.0,,voiture,,1,2,1,1,6
202000005139,2020-02-26 18:00:00,2020,2,26,18,0,69,69290,HENRI GERMAIN                       (AV),45.70841,4.90877,Plein jour,En agglomération,Intersection en X,Temps couvert,Deux véhicules - côté,4,2,2,0,1,1,2,0,1,50,2,5,4,0,0,1,44.0,49.0,voiture,voiture,1,2,2,8,3
202000005140,2020-03-03 14:20:00,2020,3,3,14,20,69,69013,RN6 (CHARTONNIERE),46.0106,4.7198,Plein jour,Hors agglomération,Intersection en T,Normale,Deux véhicules - frontale,3,2,3,0,1,1,1,0,1,50,2,2,1,0,0,1,48.0,77.0,voiture,voiture,1,1,3,1,1
202000005141,2020-02-28 11:15:00,2020,2,28,11,15,69,69013,RD 43 ,46.0248,4.7061,Plein jour,Hors agglomération,Autre intersection,Temps couvert,Deux véhicules - arrière,3,3,2,0,2,2,2,2,1,50,2,2,1,0,0,1,55.0,43.0,voiture,voiture,1,1,9,8,2
202000005142,2020-02-15 09:35:00,2020,2,15,9,35,69,69264,MARTINI JEAN-BAPTISTE  R,45.9826,4.7093,Plein jour,En agglomération,Giratoire,Normale,Deux véhicules - côté,4,-1,2,0,1,3,1,0,1,50,2,2,1,0,0,1,33.0,45.0,voiture,deux_roues,1,2,6,1,3