accident_id,datetime,annee,mois,jour,heure,minute,departement,commune_insee,adresse,latitude,longitude,luminosite,agglomeration,intersection,meteo,collision,catr,circ,nbv,vosp,prof,plan,surf,infra,situ,vma,nb_vehicules,nb_usagers,nb_indemnes,nb_tues,nb_blesses_hosp,nb_blesses_legers,age_cond_1,age_cond_2,veh_type_cond_1,veh_type_cond_2,lum_code,agg_code,int_code,atm_code,col_code
202000005143,2020-03-02 09:00:00,2020,3,2,9,0,69,69264,BERT PAUL (impasse et rue),45.98978,4.71551,Plein jour,En agglomération,Intersection en T,Pluie légère,Autre collision,4,1,2,0,1,1,2,0,1,50,1,2,1,0,1,0,18.0,,voiture,,1,2,3,2,6
202000005144,2020-01-27 12:15:00,2020,1,27,12,15,68,68376,REPUBLIQUE (ESPACE DE LA ),47.80553,7.3359,Plein jour,En agglomération,Hors intersection,Normale,Deux véhicules - côté,4,1,1,0,1,1,1,9,8,30,2,2,1,0,0,1,50.0,34.0,deux_roues,voiture,1,2,1,1,3
202000005145,2020-02-28 10:15:00,2020,2,28,10,15,67,67482,ROME (RUE DE),48.5773269,7.7660777,Plein jour,En agglomération,Hors intersection,Normale,Autre collision,4,2,4,1,1,1,1,0,1,50,1,2,0,0,1,1,32.0,,deux_roues,,1,2,1,1,6
202000005146,2020-02-26 04:45:00,2020,2,26,4,45,67,67043,BRUMATH (ROUTE DE),48.6173853,7.7318858,Nuit avec éclairage allumé,En agglomération,Hors intersection,Pluie légère,Autre collision,7,2,2,3,1,2,2,0,1,50,1,1,0,0,0,1,26.0,,voiture,,5,2,1,2,6
202000005147,2020-03-01 19:57:00,2020,3,1,19,57,66,66136,FRANCE LIBRE (BOULEVARD DE LA),42.7042,2.89732,Nuit avec éclairage allumé,En agglomération,Hors intersection,Normale,Deux véhicules - arrière,4,2,2,0,1,1,1,0,1,50,2,2,1,0,1,0,31.0,57.0,deux_roues,voiture,5,2,1,1,2
202000005148,2020-03-02 17:15:00,2020,3,2,17,15,64,64348,ERCKMAN CHATRIAN,43.327745,-0.393596,Plein jour,En agglomération,Hors intersection,Pluie légère,Trois véhicules et plus - collisions multiples,4,2,2,0,1,1,2,0,1,50,4,4,3,0,0,1,32.0,23.0,voiture,voiture,1,2,1,2,5
202000005149,2020-03-02 09:15:00,2020,3,2,9,15,64,64445,LEON BLUM,43.32513,-0.32501,Plein jour,En agglomération,Hors intersection,Pluie légère,Deux véhicules - côté,4,3,2,0,1,1,2,0,1,50,2,2,1,0,0,1,19.0,27.0,voiture,voiture,1,2,1,2,3
202000005150,2020-02-28 19:10:00,2020,2,28,19,10,64,64335,ANDRE MARIE AMPERE,43.31757,-0.4319,Nuit avec éclairage allumé,En agglomération,Hors intersection,Normale,Autre collision,4,2,2,0,1,1,1,0,1,50,1,2,1,0,0,1,33.0,,voiture,,5,2,1,1,6
202000005151,2020-03-03 00:15:00,2020,3,3,0,15,64,64024,BAYONNE (AVENUE DE),43.48531,-1.50155,Nuit avec éclairage allumé,En agglomération,Autre intersection,Pluie légère,Sans collision,6,-1,-1,0,1,1,2,9,1,30,1,3,2,0,0,1,19.0,,voiture,,5,2,9,2,7
202000005152,2020-02-29 21:05:00,2020,2,29,21,5,63,63113,COTTAGES (AVENUE DES),45.76494,3.0792,Nuit avec éclairage allumé,En agglomération,Intersection en X,Normale,Deux véhicules - côté,4,1,1,0,1,1,1,9,1,30,2,2,1,0,0,1,31.0,17.0,voiture,deux_roues,5,2,2,1,3
202000005153,2020-02-29 20:46:00,2020,2,29,20,46,63,63113,FLAUBERT (BD GUSTAVE),45.76415,3.12593,Nuit avec éclairage allumé,En agglomération,Intersection à plus de 4 branches,Normale,Deux véhicules - côté,7,2,0,0,1,1,2,5,1,50,2,2,0,0,0,2,22.0,51.0,voiture,voiture,5,2,5,1,3
202000005154,2020-02-08 20:50:00,2020,2,8,20,50,62,62386,VICTOIRE (R DE LA),50.45621,2.74443,Nuit avec éclairage allumé,En agglomération,Intersection en X,Pluie légère,Deux véhicules - côté,3,2,2,0,1,1,2,0,1,50,2,2,0,0,0,2,53.0,,voiture,,5,2,2,2,3
202000005155,2020-03-02 20:30:00,2020,3,2,20,30,59,59599,JUIN (RUE DU MARECHAL),50.7374142,3.182905,Nuit avec éclairage allumé,En agglomération,Intersection en T,Temps couvert,Autre collision,4,2,2,0,1,1,2,0,8,50,1,1,0,0,0,1,,,,,5,2,3,8,6
202000005156,2020-03-03 21:00:00,2020,3,3,21,0,59,59512,GAND (QUAI DE),50.70571,3.17026,Nuit avec éclairage allumé,En agglomération,Intersection en X,Normale,Deux véhicules - côté,7,2,2,0,1,1,1,0,1,50,2,2,1,0,1,0,68.0,26.0,voiture,deux_roues,5,2,2,1,3
202000005157,2020-02-28 20:40:00,2020,2,28,20,40,59,59350,DE COUBERTIN PIERRE BOULEVARD,50.64777,3.06878,Nuit avec éclairage allumé,En agglomération,Autre intersection,Pluie légère,Autre collision,7,1,3,0,1,1,2,0,1,70,1,2,0,0,1,1,35.0,,deux_roues,,5,2,9,2,6
202000005158,2020-02-07 10:30:00,2020,2,7,10,30,59,59457,DE GAULLE PLACE DU GENERAL,50.66834,2.97322,Plein jour,En agglomération,Place,Normale,Deux véhicules - côté,7,2,2,0,1,2,1,0,1,50,2,2,1,0,0,1,48.0,26.0,deux_roues,voiture,1,2,7,1,3
202000005159,2020-02-28 15:15:00,2020,2,28,15,15,59,59486,BAILLON (RUE DE),50.4164,3.14309,Plein jour,En agglomération,Hors intersection,Pluie légère,Deux véhicules - arrière,3,2,2,0,1,1,2,0,1,30,2,2,1,0,1,0,36.0,46.0,deux_roues,voiture,1,2,1,2,2
202000005160,2020-03-02 18:15:00,2020,3,2,18,15,56,56098,MITTERAND ( AV. FRANCOIS ),47.76572,-3.32924,Plein jour,En agglomération,Giratoire,Normale,Deux véhicules - côté,3,1,2,0,1,2,1,5,1,50,2,2,1,0,0,1,80.0,21.0,voiture,deux_roues,1,2,6,1,3
202000005161,2020-01-29 16:00:00,2020,1,29,16,0,54,54184,BRIGACHTAL (AVENUE DE),48.701215,6.225109,Plein jour,En agglomération,Hors intersection,Pluie légère,Autre collision,4,2,4,0,1,1,2,0,1,50,1,2,1,0,0,1,70.0,,voiture,,1,2,1,2,6
202000005162,2020-03-04 01:06:00,2020,3,4,1,6,51,51454,Rue Gustave Laurent,49.2545747,4.0482399,Nuit avec éclairage allumé,En agglomération,Intersection en X,Normale,Deux véhicules - côté,4,2,2,0,1,1,1,0,1,50,2,2,1,0,0,1,36.0,31.0,voiture,voiture,5,2,2,1,3
202000005163,2020-02-15 12:50:00,2020,2,15,12,50,50,50647,EUROPE (AVENUE DE L'),48.83855,-1.56044,Plein jour,En agglomération,Hors intersection,Normale,Autre collision,6,-1,0,0,1,1,1,9,8,30,1,2,1,0,0,1,83.0,,voiture,,1,2,1,1,6
202000005164,2020-03-02 07:35:00,2020,3,2,7,35,50,50129,FERRY (RUE JULES),49.61296,-1.65051,Crépuscule ou aube,Hors agglomération,Hors intersection,Pluie légère,Deux véhicules - côté,3,2,2,0,1,1,2,0,1,80,2,1,0,0,0,1,29.0,,deux_roues,,2,1,1,2,3
202000005165,2020-02-28 12:25:00,2020,2,28,12,25,50,50129,ABBAYE (RUE DE L'),49.64518,-1.63678,Crépuscule ou aube,En agglomération,Intersection en T,Pluie légère,Trois véhicules et plus - collisions multiples,4,3,4,0,1,1,2,0,1,50,3,3,2,0,0,1,54.0,61.0,voiture,voiture,2,2,3,2,5
202000005166,2020-02-29 20:30:00,2020,2,29,20,30,49,49328,MUSEE DU MOTEUR (ROND-POINT DU),47.24559,-0.08123,Nuit avec éclairage allumé,En agglomération,Giratoire,Pluie légère,Deux véhicules - côté,4,2,2,0,1,1,2,0,1,50,2,2,1,0,0,1,17.0,36.0,deux_roues,voiture,5,2,6,2,3
202000005167,2020-03-01 15:55:00,2020,3,1,15,55,49,49007,MILLOT BOULEVARD JACQUES,47.45281,-0.54061,Plein jour,En agglomération,Hors intersection,Vent fort / tempête,,4,2,2,0,1,1,2,0,1,60,3,3,2,0,0,1,41.0,62.0,voiture,voiture,1,2,1,6,-1
202000005168,2020-02-29 18:40:00,2020,2,29,18,40,49,49007,CHAPTAL,47.4743,-0.53057,Crépuscule ou aube,En agglomération,Hors intersection,Vent fort / tempête,Deux véhicules - côté,4,2,2,0,1,1,2,0,1,60,2,2,1,0,0,1,12.0,57.0,deux_roues,voiture,2,2,1,6,3
202000005169,2020-02-28 19:10:00,2020,2,28,19,10,49,49007,PYRAMIDE ROUTE,47.45265,-0.52416,Nuit avec éclairage allumé,En agglomération,Hors intersection,Pluie légère,Deux véhicules - côté,4,2,2,0,1,1,2,0,1,60,2,2,1,0,0,1,66.0,23.0,deux_roues,voiture,5,2,1,2,3
202000005170,2020-02-25 13:03:00,2020,2,25,13,3,49,49007,HUGO,47.4791268,-0.5373109,Plein jour,En agglomération,Hors intersection,Normale,Autre collision,4,2,2,0,1,1,1,0,1,60,1,1,0,0,0,1,39.0,,voiture,,1,2,1,1,6
202000005171,2020-02-22 02:05:00,2020,2,22,2,5,49,49007,MONTESQUIEU PASSAGE,47.4728175,-0.5834404,Nuit sans éclairage public,En agglomération,Hors intersection,Normale,Autre collision,4,-1,1,0,1,1,1,0,1,60,1,1,0,0,0,1,24.0,,voiture,,3,2,1,1,6
202000005172,2020-03-03 17:30:00,2020,3,3,17,30,45,45147,D2060-PR97+650,47.94139,1.90924,Plein jour,Hors agglomération,Autre intersection,Normale,Deux véhicules - arrière,3,2,4,0,2,1,1,3,1,90,2,3,2,0,0,1,40.0,53.0,voiture,voiture,1,1,9,1,2
202000005173,2020-03-03 11:10:00,2020,3,3,11,10,45,45169,Rue de la Justice,47.9274848,1.8404197,Plein jour,En agglomération,Hors intersection,Normale,Autre collision,4,1,1,0,1,1,1,8,1,30,1,1,0,0,0,1,59.0,,voiture,,1,2,1,1,6
202000005174,2020-03-03 08:30:00,2020,3,3,8,30,45,45234,Boulevard Marie Stuart-Rue d'Ambert,47.908499,1.938271,Plein jour,En agglomération,Intersection en X,Normale,Deux véhicules - côté,4,2,2,0,1,1,1,0,1,50,2,3,2,0,0,1,36.0,36.0,voiture,voiture,1,2,2,1,3
202000005175,2020-02-28 19:30:00,2020,2,28,19,30,45,45232,Av de Verdun-Av R Secrétain,47.868337,1.912208,Nuit avec éclairage allumé,En agglomération,Intersection en T,Normale,Deux véhicules - côté,4,3,4,0,1,1,2,0,1,50,2,2,1,0,0,1,36.0,78.0,autre,voiture,5,2,3,1,3
202000005176,2020-02-13 09:30:00,2020,2,13,9,30,45,45075,D2152 - PR 66+350,47.8836417,1.820839,Plein jour,Hors agglomération,Hors intersection,Pluie légère,Sans collision,3,2,2,0,1,1,2,0,4,80,1,1,0,0,0,1,51.0,,voiture,,1,1,1,2,7
202000005177,2020-03-02 15:40:00,2020,3,2,15,40,45,45208,RTE FORESTIERE  DES SEPT FRERES,48.0117,2.74858,Plein jour,En agglomération,Hors intersection,Pluie légère,Autre collision,4,2,2,0,1,1,2,0,3,50,1,2,1,0,0,1,19.0,,voiture,,1,2,1,2,6
202000005178,2020-03-02 02:45:00,2020,3,2,2,45,45,45004,D2060 - PR 25+390,47.9928255,2.7787401,Nuit sans éclairage public,Hors agglomération,Hors intersection,Normale,Autre collision,3,2,2,0,1,3,1,0,3,80,1,1,0,0,1,0,35.0,,voiture,,3,1,1,1,6
202000005179,2020-02-29 23:00:00,2020,2,29,23,0,45,45338,R J JAURES - R DU G DE SALLES,47.9972155,2.7126329,Nuit avec éclairage allumé,En agglomération,Intersection en X,Normale,Autre collision,4,2,2,0,1,3,1,0,4,50,1,2,1,0,0,1,,,,,5,2,2,1,6
202000005180,2020-01-09 13:15:00,2020,1,9,13,15,44,44109,RUE HENRI PICHERIT,47.25252,-1.55333,Plein jour,En agglomération,Giratoire,Pluie légère,Autre collision,4,2,2,0,1,1,2,0,1,50,1,2,1,0,1,0,36.0,,voiture,,1,2,6,2,6
202000005181,2020-02-22 23:38:00,2020,2,22,23,38,42,42270,Route des Gorges,45.3975043,4.2359155,Nuit avec éclairage allumé,Hors agglomération,Hors intersection,Normale,Deux véhicules - frontale,3,2,2,0,1,3,1,0,1,70,2,2,0,0,1,1,26.0,26.0,voiture,voiture,5,1,1,1,1
202000005182,2020-02-29 13:30:00,2020,2,29,13,30,39,39198,Carrefour Bd Wilson / Av. de la Paix,47.097049,5.494695,Plein jour,En agglomération,Intersection en X,Vent fort / tempête,Deux véhicules - côté,4,2,2,0,1,1,1,5,1,50,2,2,1,0,1,0,35.0,17.0,voiture,deux_roues,1,2,2,6,3
202000005183,2020-09-17 12:40:00,2020,9,17,12,40,973,97302,RABAN (ROUTE DE),4.9345176,-52.3139763,Plein jour,En agglomération,Hors intersection,Normale,Autre collision,4,2,2,0,1,2,1,0,1,50,1,2,1,0,0,1,69.0,,voiture,,1,2,1,1,6
202000005184,2020-09-17 07:57:00,2020,9,17,7,57,973,97302,CABASSOU (ROUTE DE),4.9174,-52.31274,Plein jour,En agglomération,Hors intersection,Normale,Deux véhicules - côté,3,2,2,1,1,1,1,0,1,50,2,2,1,0,0,1,33.0,29.0,voiture,deux_roues,1,2,1,1,3
202000005185,2020-09-16 12:31:00,2020,9,16,12,31,973,97302,CABASSOU (ROUTE DE),4.91926,-52.31758,Plein jour,En agglomération,Intersection en X,Normale,Trois véhicules et plus - collisions multiples,3,2,2,0,1,1,1,0,1,50,3,3,2,0,0,1,36.0,66.0,voiture,voiture,1,2,2,1,5
202000005186,2020-09-17 14:45:00,2020,9,17,14,45,69,69386,GARIBALDI                           (R ),45.7666228,4.8508897,Plein jour,En agglomération,Intersection en X,Normale,Deux véhicules - côté,4,2,5,3,1,1,1,0,1,50,2,4,3,0,0,1,19.0,53.0,voiture,deux_roues,1,2,2,1,3
202000005187,2020-09-17 06:05:00,2020,9,17,6,5,69,69383,VICTOR AUGAGNEUR                    (QU),45.7598104,4.8410164,Nuit avec éclairage allumé,En agglomération,Hors intersection,Normale,Sans collision,4,2,1,1,1,1,1,6,5,15,1,1,0,0,0,1,16.0,,deux_roues,,5,2,1,1,7
202000005188,2020-09-16 07:30:00,2020,9,16,7,30,972,97209,REDOUTE (ROUTE DE LA),14.6153,-61.062,Plein jour,Hors agglomération,Intersection en T,Normale,Deux véhicules - côté,2,1,1,0,2,1,1,0,1,50,2,3,1,0,0,2,44.0,18.0,voiture,voiture,1,1,3,1,3
202000005189,2020-09-17 18:30:00,2020,9,17,18,30,69,69384,HENON                               (R ),45.77959,4.82356,Plein jour,En agglomération,Intersection en T,Normale,Deux véhicules - côté,4,2,2,0,1,1,1,0,1,50,2,2,1,0,0,1,52.0,63.0,deux_roues,voiture,1,2,3,1,3
202000005190,2020-09-17 17:20:00,2020,9,17,17,20,69,69389,PROFESSEUR GUERIN (DU)              (R ),45.7654333,4.8006162,Plein jour,En agglomération,Hors intersection,Normale,Deux véhicules - côté,4,2,2,3,1,3,1,2,1,50,2,2,1,0,0,1,56.0,59.0,transport_commun,deux_roues,1,2,1,1,3
202000005191,2020-09-17 10:00:00,2020,9,17,10,0,69,69034,Rue Coste,45.78875,4.83499,Plein jour,En agglomération,Hors intersection,Normale,Deux véhicules - côté,4,2,2,0,1,1,1,0,1,50,2,2,1,0,0,1,29.0,66.0,utilitaire_camion,deux_roues,1,2,1,1,3
202000005192,2020-09-16 19:30:00,2020,9,16,19,30,69,69389,DOCTEUR HORAND (DU)                 (R ),45.77292,4.80124,Plein jour,En agglomération,Hors intersection,Normale,Deux véhicules - côté,4,1,1,0,1,1,1,0,1,50,2,2,1,0,0,1,13.0,33.0,deux_roues,utilitaire_camion,1,2,1,1,3
202000005193,2020-09-17 13:55:00,2020,9,17,13,55,2A,2A004,CALVI  ROUTE,41.9534768,8.7839507,Plein jour,En agglomération,Hors intersection,Normale,Deux véhicules - arrière,3,2,2,0,1,3,1,0,1,70,2,2,1,0,1,0,33.0,20.0,voiture,deux_roues,1,2,1,1,2
202000005194,2020-09-17 13:22:00,2020,9,17,13,22,2A,2A004,PARIS AVENUE,41.918387,8.7355589,Plein jour,En agglomération,Hors intersection,Normale,Sans collision,4,2,3,0,1,1,1,6,1,30,1,2,1,0,0,1,55.0,,voiture,,1,2,1,1,7
202000005195,2020-09-16 10:40:00,2020,9,16,10,40,95,95197,SAINT-DENIS (ROUTE),48.965321,2.319798,Plein jour,En agglomération,Hors intersection,Normale,Deux véhicules - côté,3,2,2,0,1,1,1,0,1,50,2,2,1,0,0,1,40.0,31.0,deux_roues,utilitaire_camion,1,2,1,1,3
202000005196,2020-09-17 19:45:00,2020,9,17,19,45,95,95257,VILLE DE PARIS(RUE DE LA),48.982614,2.175173,Plein jour,En agglomération,Intersection en X,Normale,Deux véhicules - côté,4,2,2,0,1,1,1,0,1,50,2,2,1,0,0,1,15.0,29.0,deux_roues,voiture,1,2,2,1,3
202000005197,2020-09-17 23:00:00,2020,9,17,23,0,91,91421,NATIONALE 6 (PARTIE FORET),48.68868,2.48109,Nuit sans éclairage public,Hors agglomération,Hors intersection,Normale,Sans collision,2,3,2,0,1,3,1,0,3,90,1,2,0,0,0,2,31.0,,voiture,,3,1,1,1,7
202000005198,2020-09-17 10:45:00,2020,9,17,10,45,91,91421,CORBEIL (ROUTE DE),48.7112,2.44233,Plein jour,En agglomération,Autre intersection,Normale,Autre collision,4,1,2,0,1,1,1,0,1,50,1,1,0,0,0,1,79.0,,voiture,,1,2,9,1,6
202000005199,2020-09-17 10:45:00,2020,9,17,10,45,91,91027,CONCORDE (RUE DE LA),48.69943,2.36181,Plein jour,En agglomération,Intersection en X,Temps éblouissant,Deux véhicules - côté,7,-1,1,0,1,1,1,0,1,50,2,2,1,0,0,1,34.0,24.0,voiture,voiture,1,2,2,7,3
202000005200,2020-09-16 20:06:00,2020,9,16,20,6,87,87085,254 Avenue Maréchal de Lattre de Tassigny,45.8269701,1.2855318,Nuit avec éclairage allumé,En agglomération,Hors intersection,Normale,Autre collision,3,2,2,0,1,3,1,0,1,50,1,1,0,0,0,1,19.0,,voiture,,5,2,1,1,6
202000005201,2020-09-15 20:05:00,2020,9,15,20,5,84,84007,128 (Route Nationale)-MONTFAVET,43.94078,4.8273,Nuit avec éclairage allumé,En agglomération,Intersection en T,Normale,Deux véhicules - côté,4,2,2,0,1,1,1,0,1,50,2,2,1,0,1,0,52.0,17.0,voiture,deux_roues,5,2,3,1,3
202000005202,2020-09-16 08:15:00,2020,9,16,8,15,82,82121,giratoire marc DAUTRY,44.0273,1.32573,Plein jour,Hors agglomération,Giratoire,Normale,Deux véhicules - côté,3,2,2,0,1,1,1,5,8,50,2,2,1,0,1,0,61.0,30.0,voiture,deux_roues,1,1,6,1,3
202000005203,2020-09-14 13:40:00,2020,9,14,13,40,80,80021,JULES VALLES (AVENUE),49.91568,2.24727,Plein jour,En agglomération,Hors intersection,Normale,Deux véhicules - côté,4,2,2,0,1,1,1,0,1,50,2,2,0,0,0,2,29.0,34.0,deux_roues,voiture,1,2,1,1,3
202000005204,2020-09-16 08:50:00,2020,9,16,8,50,78,78396,AVENUE DE POISSY,48.94243,2.12333,Plein jour,En agglomération,Intersection en T,Normale,Deux véhicules - côté,3,2,2,0,1,1,1,0,1,50,2,2,1,0,0,1,28.0,33.0,voiture,deux_roues,1,2,3,1,3
202000005205,2020-09-16 17:40:00,2020,9,16,17,40,77,77053,JEAN JAURES (BOULEVARD) - D50,48.69263,2.608,Plein jour,En agglomération,Hors intersection,Normale,Autre collision,3,2,2,0,1,1,1,0,1,50,1,2,1,0,1,0,52.0,,voiture,,1,2,1,1,6
202000005206,2020-09-17 21:00:00,2020,9,17,21,0,77,77445,MENDES-FRANCE (AVENUE PIERRE) / D50,48.59495,2.56551,Nuit avec éclairage allumé,En agglomération,Giratoire,Normale,Autre collision,3,3,2,0,1,3,1,5,4,70,1,1,0,0,1,0,20.0,,deux_roues,,5,2,6,1,6
202000005207,2020-09-17 08:10:00,2020,9,17,8,10,77,77468,NOISIEL (ROUTE DE),48.8566006,2.6385748,Plein jour,En agglomération,Hors intersection,Normale,Trois véhicules et plus - en chaîne,3,-1,1,0,1,1,1,0,1,50,3,5,4,0,0,1,26.0,25.0,voiture,voiture,1,2,1,1,4
202000005208,2020-09-17 17:15:00,2020,9,17,17,15,77,77186,RD606. de la rochette à l'obélisque,48.4811958,2.6692174,Plein jour,Hors agglomération,Intersection en X,Normale,Deux véhicules - côté,3,2,2,0,2,1,1,5,1,70,2,2,1,0,0,1,47.0,33.0,deux_roues,voiture,1,1,2,1,3
202000005209,2020-08-11 17:20:00,2020,8,11,17,20,77,77186,D606,48.41148,2.69509,Plein jour,En agglomération,Hors intersection,Normale,Trois véhicules et plus - en chaîne,3,2,2,0,1,1,1,9,1,50,3,3,2,0,0,1,37.0,70.0,transport_commun,voiture,1,2,1,1,4
202000005210,2020-09-17 17:35:00,2020,9,17,17,35,74,74012,COMMERCE (RUE DU),46.19411,6.23522,Plein jour,En agglomération,Autre intersection,Normale,Autre collision,4,1,1,2,1,1,1,0,1,30,1,2,1,0,0,1,23.0,,voiture,,1,2,9,1,6
202000005211,2020-09-17 18:00:00,2020,9,17,18,0,72,72181,RUAUDIN (RUE) N° IMP 1 A 67,47.9803,0.21659,Plein jour,En agglomération,Intersection en T,Normale,Autre collision,4,2,2,0,4,1,1,0,1,50,1,1,0,0,0,1,,,,,1,2,3,1,6
202000005212,2020-09-11 16:00:00,2020,9,11,16,0,69,69091,JEAN LIGONNET ( R ),45.59179,4.77036,Plein jour,En agglomération,Hors intersection,Normale,Trois véhicules et plus - en chaîne,3,2,2,0,1,1,1,0,1,50,3,2,0,0,1,1,35.0,,voiture,,1,2,1,1,4
202000005213,2020-09-15 20:35:00,2020,9,15,20,35,67,67482,SALLUSTE (RUE),48.5840708,7.6934642,Nuit avec éclairage allumé,En agglomération,Hors intersection,Normale,Deux véhicules - côté,4,2,2,0,1,1,1,0,1,50,2,2,1,0,1,0,39.0,24.0,voiture,deux_roues,5,2,1,1,3
202000005214,2020-09-17 07:50:00,2020,9,17,7,50,66,66136,PYRENEES (BOULEVARD DES),42.69535,2.88882,Plein jour,En agglomération,Hors intersection,Normale,Deux véhicules - côté,4,2,4,0,1,1,1,0,1,50,2,2,1,0,0,1,15.0,73.0,deux_roues,voiture,1,2,1,1,3
202000005215,2020-09-10 09:35:00,2020,9,10,9,35,65,65286,MARANSIN (CHAUSSEE),43.09849,-0.045543,Plein jour,En agglomération,Hors intersection,Normale,Autre collision,4,2,2,0,2,1,1,0,1,50,1,2,1,0,0,1,53.0,,voiture,,1,2,1,1,6
202000005216,2020-09-16 15:18:00,2020,9,16,15,18,64,64445,ALSACE LORRAINE D',43.30293,-0.36231,Plein jour,En agglomération,Hors intersection,Normale,Deux véhicules - côté,4,2,2,0,1,1,1,0,1,50,2,1,0,0,0,1,26.0,,deux_roues,,1,2,1,1,3
202000005217,2020-09-16 11:40:00,2020,9,16,11,40,64,64445,MARCA,43.29433,-0.37724,Plein jour,En agglomération,Hors intersection,Normale,Deux véhicules - frontale,4,2,3,0,1,1,1,0,1,50,2,2,1,0,0,1,29.0,16.0,voiture,deux_roues,1,2,1,1,1
202000005218,2020-09-16 06:20:00,2020,9,16,6,20,64,64122,DASSAULT MARCEL (BD),43.45486,-1.55283,Nuit avec éclairage allumé,En agglomération,Hors intersection,Normale,Sans collision,3,2,3,0,2,1,1,0,1,70,1,1,0,0,0,1,47.0,,deux_roues,,5,2,1,1,7
202000005219,2020-09-17 19:20:00,2020,9,17,19,20,59,59599,FRANCS (RUE DES),50.7181,3.1408,Crépuscule ou aube,En agglomération,Giratoire,Normale,Autre collision,7,3,4,0,1,1,1,0,1,50,1,2,1,0,0,1,25.0,,voiture,,2,2,6,1,6
202000005220,2020-09-17 14:55:00,2020,9,17,14,55,59,59295,AVENUE DES FLANDRES,50.73144,2.52906,Plein jour,En agglomération,Hors intersection,Normale,Autre collision,4,2,-1,-1,1,1,1,0,1,-1,1,2,1,0,0,1,25.0,,voiture,,1,2,1,1,6
202000005221,2020-09-17 01:30:00,2020,9,17,1,30,54,54451,route nationale 52,49.5148,5.749,Nuit sans éclairage public,Hors agglomération,Hors intersection,Normale,,2,4,5,0,2,3,1,0,1,80,3,4,1,0,0,3,33.0,20.0,voiture,voiture,3,1,1,1,-1
202000005222,2020-09-17 17:30:00,2020,9,17,17,30,45,45234,avenue Gaston Galloux,47.8625183,1.9366908,Plein jour,Hors agglomération,Hors intersection,Normale,Deux véhicules - frontale,4,2,2,0,1,1,1,0,1,80,2,3,0,0,3,0,24.0,48.0,voiture,voiture,1,1,1,1,1
202000005223,2020-09-17 15:40:00,2020,9,17,15,40,45,45234, Rue Eugene Vignat-Boulevard Guy - Marie Riobe,47.912859,1.912513,Plein jour,En agglomération,Intersection en X,Normale,Deux véhicules - côté,4,2,3,0,1,1,1,0,1,50,2,2,1,0,0,1,65.0,20.0,voiture,deux_roues,1,2,2,1,3
202000005224,2020-09-13 09:50:00,2020,9,13,9,50,44,44109,Route de Carquefou,47.26615,-1.51389,Plein jour,En agglomération,Hors intersection,Temps éblouissant,Deux véhicules - côté,4,1,0,0,1,2,1,0,1,50,2,2,1,0,1,0,84.0,74.0,deux_roues,voiture,1,2,1,7,3
202000005225,2020-09-17 13:40:00,2020,9,17,13,40,35,35281,MERMOZ (BOULEVARD JEAN),48.09361,-1.70094,Plein jour,En agglomération,Hors intersection,Normale,Autre collision,4,2,2,0,1,1,1,0,1,50,1,1,0,0,0,1,20.0,,deux_roues,,1,2,1,1,6
202000005226,2020-09-17 18:05:00,2020,9,17,18,5,34,34172,CLEMENT ST,43.6163,3.8468,Plein jour,En agglomération,Intersection en T,Normale,Deux véhicules - côté,4,2,2,0,2,1,1,5,1,50,2,2,1,0,0,1,27.0,26.0,voiture,voiture,1,2,3,1,3
202000005227,2020-09-17 08:45:00,2020,9,17,8,45,34,34172,CROIX DE LAVIT (RUE DE LA),43.64095,3.83752,Plein jour,En agglomération,Hors intersection,Normale,Deux véhicules - côté,4,2,2,0,2,1,1,0,1,50,2,2,1,0,0,1,48.0,28.0,voiture,deux_roues,1,2,1,1,3
202000005228,2020-09-16 16:48:00,2020,9,16,16,48,31,31555,RTE DE SAINT SIMON,43.59073,1.41767,Plein jour,En agglomération,Hors intersection,Normale,Deux véhicules - côté,4,2,5,0,1,1,1,0,1,50,2,2,1,0,0,1,38.0,24.0,deux_roues,voiture,1,2,1,1,3
202000005229,2020-09-16 20:56:00,2020,9,16,20,56,30,30189,CASERNETTE (RUE),43.8305,4.3539,Nuit avec éclairage allumé,En agglomération,Intersection en X,Normale,Deux véhicules - côté,4,1,1,0,1,1,1,0,1,50,2,4,1,0,0,3,51.0,22.0,utilitaire_camion,voiture,5,2,2,1,3
202000005230,2020-09-16 17:10:00,2020,9,16,17,10,28,28134,ARC (BD JEANNE D'),48.74238,1.34665,Plein jour,En agglomération,Hors intersection,Normale,Deux véhicules - arrière,7,2,2,1,2,1,1,0,5,30,2,2,1,0,0,1,7.0,63.0,deux_roues,voiture,1,2,1,1,2
202000005231,2020-09-16 20:45:00,2020,9,16,20,45,27,27375,CHAMP DE VILLE (PLACE DU),49.2097,1.1631,Nuit sans éclairage public,En agglomération,Hors intersection,Normale,,3,2,2,0,1,1,1,0,1,50,2,1,0,0,0,1,37.0,,deux_roues,,3,2,1,1,-1
202000005232,2020-09-14 15:50:00,2020,9,14,15,50,22,22278,HOCHE (BD),48.50523,-2.76956,Plein jour,En agglomération,Hors intersection,Normale,Deux véhicules - côté,4,1,1,0,1,1,1,0,1,50,2,1,0,0,0,1,46.0,,voiture,,1,2,1,1,3
202000005233,2020-09-16 21:00:00,2020,9,16,21,0,18,18255,N151,47.03278,2.31306,Nuit sans éclairage public,Hors agglomération,Hors intersection,Normale,Deux véhicules - arrière,2,3,4,0,1,1,1,0,1,110,2,2,1,1,0,0,44.0,30.0,deux_roues,voiture,3,1,1,1,2