accident_id,datetime,annee,mois,jour,heure,minute,departement,commune_insee,adresse,latitude,longitude,luminosite,agglomeration,intersection,meteo,collision,catr,circ,nbv,vosp,prof,plan,surf,infra,situ,vma,nb_vehicules,nb_usagers,nb_indemnes,nb_tues,nb_blesses_hosp,nb_blesses_legers,age_cond_1,age_cond_2,veh_type_cond_1,veh_type_cond_2,lum_code,agg_code,int_code,atm_code,col_code
202000005234,2020-09-17 20:20:00,2020,9,17,20,20,17,17300,ONZE NOVEMBRE 1918   AVENUE DU,46.1734,-1.15049,Nuit avec éclairage allumé,En agglomération,Hors intersection,Normale,Deux véhicules - arrière,4,2,4,3,1,1,1,5,1,50,2,2,1,0,0,1,21.0,52.0,voiture,voiture,5,2,1,1,2
202000005235,2020-09-15 10:13:00,2020,9,15,10,13,17,17274,D108,46.16057,-1.08195,Plein jour,Hors agglomération,Hors intersection,Normale,Trois véhicules et plus - en chaîne,3,2,2,1,1,1,1,0,1,80,6,6,2,2,2,0,71.0,66.0,voiture,deux_roues,1,1,1,1,4
202000005236,2020-09-17 19:30:00,2020,9,17,19,30,13,13209,COL DE LA GINESTE D559,43.2398,5.4517,Crépuscule ou aube,En agglomération,Hors intersection,Normale,Sans collision,4,2,2,0,2,3,1,0,8,50,1,2,0,0,1,1,19.0,,deux_roues,,2,2,1,1,7
202000005237,2020-09-17 15:30:00,2020,9,17,15,30,13,13205,SAKAKINI (BOULEVARD),43.29242,5.40118,Plein jour,En agglomération,Intersection en X,Normale,Deux véhicules - côté,4,2,6,0,1,1,1,0,1,50,2,2,1,0,0,1,84.0,46.0,voiture,deux_roues,1,2,2,1,3
202000005238,2020-09-17 15:20:00,2020,9,17,15,20,13,13210,RABATAU (BOULEVARD),43.279355,5.399238,Plein jour,En agglomération,Intersection en X,Normale,Deux véhicules - côté,4,4,4,0,1,1,1,5,1,50,2,2,1,0,1,0,40.0,25.0,deux_roues,voiture,1,2,2,1,3
202000005239,2020-09-17 15:05:00,2020,9,17,15,5,13,13209,GOUFFONNE (TRAVERSE DE LA),43.24668,5.41302,Plein jour,En agglomération,Hors intersection,Normale,Deux véhicules - arrière,4,-1,1,0,1,1,1,0,1,50,2,2,1,0,0,1,86.0,35.0,voiture,deux_roues,1,2,1,1,2
202000005240,2020-09-17 08:00:00,2020,9,17,8,0,13,13203,GÉNÉRAL LECLERC (RUE),43.3044599,5.3759287,Plein jour,En agglomération,Intersection en Y,Normale,Sans collision,1,3,5,0,1,3,9,1,1,50,1,1,0,0,0,1,51.0,,deux_roues,,1,2,4,1,7
202000005241,2020-09-16 00:00:00,2020,9,16,0,0,13,13208,RABATAU (BOULEVARD),43.275641,5.396269,Nuit avec éclairage allumé,En agglomération,Hors intersection,Normale,,4,2,2,0,1,1,1,8,1,50,2,2,1,0,1,0,22.0,,deux_roues,,5,2,1,1,-1
202000005242,2020-09-17 11:50:00,2020,9,17,11,50,13,13005,CAMP DE SARLIER ROUTE DE GEMENOS,43.29293,5.58966,Plein jour,En agglomération,Autre intersection,Normale,Deux véhicules - côté,6,2,2,0,1,1,1,0,8,30,2,3,2,0,0,1,53.0,28.0,voiture,voiture,1,2,9,1,3
202000005243,2020-09-16 16:25:00,2020,9,16,16,25,13,13005,NATIONALE 8 DE PARIS A TOULON (ROUTE),43.28475,5.5506,Plein jour,En agglomération,Hors intersection,Normale,Deux véhicules - côté,3,2,2,0,1,1,1,0,1,50,2,4,2,0,0,2,64.0,29.0,voiture,deux_roues,1,2,1,1,3
202000005244,2020-09-17 13:45:00,2020,9,17,13,45,12,12145,DE GAULLE CHARLES (AVENUE),44.11632,3.06702,Plein jour,En agglomération,Giratoire,Normale,Deux véhicules - côté,4,2,2,0,2,1,1,0,1,50,2,2,1,0,0,1,44.0,58.0,deux_roues,voiture,1,2,6,1,3
202000005245,2020-09-17 06:15:00,2020,9,17,6,15,06,06027,BIR HAKEIM RUE,43.657,7.15265,Nuit avec éclairage allumé,En agglomération,Hors intersection,Normale,Sans collision,4,2,2,1,1,3,1,0,1,50,1,1,0,0,0,1,49.0,,deux_roues,,5,2,1,1,7
202000005246,2020-09-16 06:55:00,2020,9,16,6,55,05,05061,BELLE AUREILLE (RUE DE),44.53449,6.05095,Crépuscule ou aube,En agglomération,Giratoire,Normale,Deux véhicules - côté,4,1,1,0,1,2,1,5,1,50,2,2,1,0,0,1,46.0,58.0,deux_roues,voiture,2,2,6,1,3
202000005247,2020-09-15 12:00:00,2020,9,15,12,0,04,04070,Inter Av Cuzin / Rue Jules et Alexandre Arnoux,44.0883963,6.2316238,Plein jour,En agglomération,Intersection en T,Normale,Deux véhicules - côté,4,2,2,0,1,1,1,0,1,50,2,2,1,0,1,0,19.0,57.0,deux_roues,voiture,1,2,3,1,3
202000005248,2020-09-16 17:00:00,2020,9,16,17,0,03,03211,Route de l’Hermitage,46.3249625,2.5592563,Plein jour,Hors agglomération,Giratoire,Normale,Autre collision,3,2,2,0,1,3,1,0,1,50,1,2,1,0,0,1,59.0,,voiture,,1,1,6,1,6
202000005249,2020-09-16 12:40:00,2020,9,16,12,40,01,01289,LYON ( AVE DE) A PARTIR,46.19185,5.21238,Plein jour,En agglomération,Intersection en X,Normale,Autre collision,3,2,5,1,1,1,1,0,1,50,1,2,1,0,1,0,49.0,,voiture,,1,2,2,1,6
202000005250,2020-09-17 08:35:00,2020,9,17,8,35,75,75116,BOULEVARD PERIPHERIQUE,48.867412,2.269163,Plein jour,En agglomération,Hors intersection,Normale,Trois véhicules et plus - en chaîne,4,1,4,0,1,1,1,0,1,70,3,4,1,0,0,3,44.0,22.0,voiture,deux_roues,1,2,1,1,4
202000005251,2020-09-16 08:40:00,2020,9,16,8,40,75,75113,PORTE D IVRY,48.826635,2.388995,Plein jour,En agglomération,Hors intersection,Normale,Deux véhicules - arrière,4,3,4,0,1,1,1,0,1,70,2,3,2,0,0,1,52.0,52.0,voiture,voiture,1,2,1,1,2
202000005252,2020-09-17 11:33:00,2020,9,17,11,33,75,75116,BOULEVARD MURAT,48.845347,2.257547,Plein jour,En agglomération,Intersection en X,Normale,Autre collision,4,2,4,0,1,1,1,0,1,50,1,3,1,0,1,1,88.0,,voiture,,1,2,2,1,6
202000005253,2020-09-17 13:35:00,2020,9,17,13,35,75,75105,RUE GAY LUSSAC,48.846091,2.341152,Plein jour,En agglomération,Intersection en X,Normale,Deux véhicules - côté,4,2,3,0,1,1,1,0,1,30,2,2,1,0,0,1,42.0,26.0,deux_roues,voiture,1,2,2,1,3
202000005254,2020-09-17 18:15:00,2020,9,17,18,15,75,75119,AVENUE DE FLANDRE,48.889934,2.375695,Plein jour,En agglomération,Hors intersection,Normale,Deux véhicules - arrière,4,3,3,0,1,1,1,0,1,50,2,6,5,0,0,1,37.0,48.0,utilitaire_camion,voiture,1,2,1,1,2
202000005255,2020-09-17 16:45:00,2020,9,17,16,45,75,75119,RUE ALPHONSE KARR,48.894843,2.380758,Plein jour,En agglomération,Hors intersection,Normale,Sans collision,4,1,1,0,1,1,1,0,4,30,1,1,0,0,0,1,44.0,,deux_roues,,1,2,1,1,7
202000005256,2020-09-16 22:32:00,2020,9,16,22,32,75,75119,AVENUE DE LA PORTE DE LA VILLETTE,48.898821,2.386811,Nuit avec éclairage allumé,En agglomération,Hors intersection,Normale,Deux véhicules - frontale,4,-1,5,3,1,1,1,-1,6,50,2,1,0,0,0,1,54.0,,deux_roues,,5,2,1,1,1
202000005257,2020-09-17 08:45:00,2020,9,17,8,45,75,75117,BOULEVARD MALESHERBES,48.884973,2.307509,Plein jour,En agglomération,Hors intersection,Normale,Sans collision,4,2,3,1,1,2,1,-1,5,50,1,1,0,0,0,1,45.0,,deux_roues,,1,2,1,1,7
202000005258,2020-09-16 12:00:00,2020,9,16,12,0,75,75117,PLACE DU MARECHAL JUIN,48.88458,2.297651,Plein jour,En agglomération,Place,Normale,Deux véhicules - côté,4,-1,3,0,1,2,1,0,1,30,2,2,1,0,0,1,29.0,58.0,deux_roues,voiture,1,2,7,1,3
202000005259,2020-09-17 10:30:00,2020,9,17,10,30,75,75116,AVENUE D IENA,48.869548,2.29574,Plein jour,En agglomération,Intersection en X,Normale,Deux véhicules - arrière,4,2,2,0,1,1,1,0,1,50,2,2,1,0,0,1,65.0,18.0,voiture,deux_roues,1,2,2,1,2
202000005260,2020-09-15 22:40:00,2020,9,15,22,40,75,75116,AVENUE DE NEW YORK,48.858816,2.289003,Nuit sans éclairage public,En agglomération,Intersection en T,Normale,Deux véhicules - arrière,4,2,8,0,1,1,1,0,1,50,2,2,1,0,0,1,22.0,24.0,deux_roues,voiture,3,2,3,1,2
202000005261,2020-09-17 18:50:00,2020,9,17,18,50,75,75115,BOULEVARD DE GRENELLE,48.853886,2.289562,Plein jour,En agglomération,Hors intersection,Normale,Sans collision,4,3,2,1,1,1,1,-1,5,50,1,1,0,0,0,1,27.0,,deux_roues,,1,2,1,1,7
202000005262,2020-09-17 16:40:00,2020,9,17,16,40,75,75115,RUE DESNOUETTES,48.83579,2.286816,Plein jour,En agglomération,Hors intersection,Normale,Deux véhicules - arrière,4,1,4,0,1,1,1,0,1,50,2,2,1,0,0,1,52.0,41.0,voiture,voiture,1,2,1,1,2
202000005263,2020-09-16 19:15:00,2020,9,16,19,15,75,75115,RUE LOUIS ARMAND,48.832984,2.278113,Crépuscule ou aube,En agglomération,Hors intersection,Normale,Autre collision,4,2,1,0,1,1,1,0,4,50,1,2,1,0,0,1,44.0,,voiture,,2,2,1,1,6
202000005264,2020-09-16 15:45:00,2020,9,16,15,45,75,75114,RUE ALAIN,48.83553,2.315428,Plein jour,En agglomération,Intersection en X,Normale,Autre collision,4,2,2,1,1,2,1,-1,5,50,1,2,1,0,0,1,34.0,,deux_roues,,1,2,2,1,6
202000005265,2020-09-16 09:40:00,2020,9,16,9,40,75,75114,AVENUE DU MAINE,48.834083,2.324321,Plein jour,En agglomération,Intersection en Y,Normale,Autre collision,4,2,4,0,1,1,1,0,1,50,1,2,1,0,0,1,58.0,,utilitaire_camion,,1,2,4,1,6
202000005266,2020-09-17 17:10:00,2020,9,17,17,10,75,75113,AVENUE D ITALIE,48.822198,2.358534,Plein jour,En agglomération,Intersection en X,Normale,Deux véhicules - côté,4,2,4,0,1,1,1,0,1,50,2,2,0,0,0,2,41.0,47.0,deux_roues,deux_roues,1,2,2,1,3
202000005267,2020-09-17 16:15:00,2020,9,17,16,15,75,75111,AVENUE DE LA REPUBLIQUE,48.866348,2.368855,Plein jour,En agglomération,Intersection en X,Normale,Deux véhicules - côté,4,2,4,0,1,1,1,0,1,50,2,2,1,0,0,1,15.0,26.0,deux_roues,deux_roues,1,2,2,1,3
202000005268,2020-09-16 23:10:00,2020,9,16,23,10,75,75109,RUE DES MARTYRS,48.877095,2.339325,Nuit avec éclairage allumé,En agglomération,Hors intersection,Normale,Deux véhicules - côté,4,1,2,0,2,1,1,0,1,20,2,3,2,0,0,1,45.0,19.0,voiture,deux_roues,5,2,1,1,3
202000005269,2020-09-17 18:00:00,2020,9,17,18,0,75,75108,RUE DE CONSTANTINOPLE,48.880131,2.319965,Plein jour,En agglomération,Intersection en T,Normale,Autre collision,4,1,1,0,1,1,1,0,1,50,1,2,1,0,0,1,54.0,,deux_roues,,1,2,3,1,6
202000005270,2020-09-17 13:59:00,2020,9,17,13,59,75,75108,RUE ROYALE,48.866667,2.322023,Plein jour,En agglomération,Place,Normale,Deux véhicules - côté,4,2,6,0,1,1,1,0,1,50,2,2,1,0,0,1,46.0,22.0,voiture,deux_roues,1,2,7,1,3
202000005271,2020-09-17 09:50:00,2020,9,17,9,50,75,75108,RUE JEAN MERMOZ,48.871609,2.312097,Plein jour,En agglomération,Hors intersection,Normale,Deux véhicules - arrière,4,1,1,0,1,1,1,0,1,50,2,1,0,0,0,1,28.0,,deux_roues,,1,2,1,1,2
202000005272,2020-09-16 13:15:00,2020,9,16,13,15,75,75108,AVENUE DES CHAMPS ELYSEES,48.871482,2.302502,Plein jour,En agglomération,Intersection en T,Normale,Autre collision,4,-1,4,1,1,1,1,0,1,50,1,1,0,0,0,1,77.0,,deux_roues,,1,2,3,1,6
202000005273,2020-09-17 11:45:00,2020,9,17,11,45,75,75107,QUAI D ORSAY,48.862828,2.313461,Plein jour,En agglomération,Intersection en X,Normale,Deux véhicules - côté,4,2,4,0,1,1,1,0,1,50,2,2,1,0,0,1,18.0,22.0,deux_roues,utilitaire_camion,1,2,2,1,3
202000005274,2020-09-17 18:20:00,2020,9,17,18,20,75,75104,BOULEVARD DE SEBASTOPOL,48.858733,2.348347,Plein jour,En agglomération,Intersection en T,Normale,Deux véhicules - côté,4,1,5,3,1,1,1,-1,6,50,2,2,1,0,0,1,67.0,37.0,voiture,deux_roues,1,2,3,1,3
202000005275,2020-09-17 10:00:00,2020,9,17,10,0,75,75104,RUE SAINT ANTOINE,48.855062,2.36168,Plein jour,En agglomération,Intersection en T,Normale,Autre collision,4,2,4,1,1,1,1,-1,5,50,1,1,0,0,0,1,59.0,,deux_roues,,1,2,3,1,6
202000005276,2020-09-17 12:20:00,2020,9,17,12,20,94,94081,ANATOLE FRANCE (AV),48.80184,2.40292,Plein jour,En agglomération,Hors intersection,Normale,Autre collision,3,2,2,0,1,1,1,9,1,50,1,2,1,0,0,1,63.0,,voiture,,1,2,1,1,6
202000005277,2020-09-17 18:30:00,2020,9,17,18,30,94,94068,VICTORIA (AV),48.797926,2.496022,Plein jour,En agglomération,Intersection en T,Normale,Autre collision,3,2,2,0,1,1,1,0,1,50,1,2,1,0,0,1,40.0,,voiture,,1,2,3,1,6
202000005278,2020-09-17 13:50:00,2020,9,17,13,50,94,94046,DIX HUIT JUIN 1940 (R DU),48.802935,2.442162,Plein jour,En agglomération,Hors intersection,Normale,Autre collision,4,2,2,0,2,2,1,0,1,500,1,3,2,0,0,1,85.0,,voiture,,1,2,1,1,6
202000005279,2020-09-16 10:50:00,2020,9,16,10,50,94,94041,JEAN LE GALLEU (R),48.81061,2.38,Plein jour,En agglomération,Intersection en X,Normale,Deux véhicules - côté,3,1,2,0,1,1,1,0,1,50,2,2,1,0,0,1,55.0,56.0,voiture,deux_roues,1,2,2,1,3
202000005280,2020-09-17 17:45:00,2020,9,17,17,45,94,94028,CHOISY(ROUTE DE),48.78374,2.44744,Plein jour,En agglomération,Hors intersection,Normale,Trois véhicules et plus - collisions multiples,3,3,4,0,1,1,1,0,1,50,3,4,3,0,0,1,34.0,79.0,utilitaire_camion,voiture,1,2,1,1,5
202000005281,2020-09-17 10:20:00,2020,9,17,10,20,94,94001,SIMON (R),48.72548,2.42327,Plein jour,En agglomération,Intersection en X,Normale,Deux véhicules - côté,4,1,1,0,1,1,1,0,5,50,2,2,1,0,0,1,60.0,25.0,voiture,deux_roues,1,2,2,1,3
202000005282,2020-09-17 08:30:00,2020,9,17,8,30,94,94077,REPUBLIQUE (AV DE LA),48.73209,2.40985,Plein jour,En agglomération,Intersection en X,Normale,Deux véhicules - côté,3,2,0,0,2,1,1,0,1,50,2,2,1,0,0,1,46.0,49.0,utilitaire_camion,deux_roues,1,2,2,1,3
202000005283,2020-09-17 22:02:00,2020,9,17,22,2,94,94060,GEORGES POMPIDOU (AV),48.79297,2.56732,Nuit avec éclairage allumé,En agglomération,Hors intersection,Normale,Sans collision,4,2,2,0,2,3,1,0,1,50,1,1,0,0,0,1,66.0,,deux_roues,,5,2,1,1,7
202000005284,2020-09-17 08:25:00,2020,9,17,8,25,94,94053,D'ESTIENNE D'ORVES (R),48.777268,2.545104,Plein jour,En agglomération,Intersection en X,Normale,Deux véhicules - frontale,4,2,2,0,1,1,1,0,1,50,2,2,1,0,0,1,72.0,35.0,utilitaire_camion,deux_roues,1,2,2,1,1
202000005285,2020-09-16 10:25:00,2020,9,16,10,25,94,94019,RABELAIS (R),48.8028,2.5524,Plein jour,En agglomération,Hors intersection,Normale,Deux véhicules - côté,4,2,2,0,1,1,1,0,1,50,2,2,1,0,0,1,33.0,61.0,voiture,deux_roues,1,2,1,1,3
202000005286,2020-09-17 12:40:00,2020,9,17,12,40,94,94004,GENERAL LECLERC (AV DU),48.75621,2.50453,Plein jour,En agglomération,Hors intersection,Normale,Deux véhicules - frontale,3,2,4,0,4,3,1,0,1,50,2,2,1,0,0,1,32.0,50.0,voiture,voiture,1,2,1,1,1
202000005287,2020-09-17 16:10:00,2020,9,17,16,10,93,93073,PETITS PONTS (ROUTE DES),48.96443,2.56597,Plein jour,En agglomération,Hors intersection,Normale,Trois véhicules et plus - en chaîne,3,2,1,0,1,1,1,0,1,50,4,4,3,0,0,1,39.0,19.0,voiture,utilitaire_camion,1,2,1,1,4
202000005288,2020-09-17 18:50:00,2020,9,17,18,50,93,93059,LENINE (AVENUE) N°36 AU 120 ET N°45 AU 1,48.9606317,2.3587883,Plein jour,En agglomération,Hors intersection,Normale,Autre collision,3,2,2,0,1,1,1,0,1,50,1,2,1,0,0,1,49.0,,voiture,,1,2,1,1,6
202000005289,2020-09-15 21:50:00,2020,9,15,21,50,93,93070,ALBERT-DHALENNE (RUE),48.9152205,2.3314315,Nuit avec éclairage allumé,En agglomération,Hors intersection,Normale,Deux véhicules - côté,3,3,4,1,1,1,1,5,1,50,2,3,1,0,1,1,33.0,79.0,deux_roues,voiture,5,2,1,1,3
202000005290,2020-09-17 17:30:00,2020,9,17,17,30,93,93066,BD ANATOLE FRANCE / BD JEAN JAURES,48.91526,2.33773,Plein jour,En agglomération,Intersection en X,Normale,Deux véhicules - côté,3,3,4,2,1,1,1,0,1,50,2,2,1,0,0,1,27.0,17.0,voiture,deux_roues,1,2,2,1,3
202000005291,2020-09-17 04:20:00,2020,9,17,4,20,93,93077,AV DU RAINCY,48.88947,2.51122,Nuit avec éclairage allumé,En agglomération,Autre intersection,Normale,Autre collision,3,3,6,0,1,1,1,0,1,50,1,1,0,0,0,1,28.0,,voiture,,5,2,9,1,6
202000005292,2020-09-17 21:25:00,2020,9,17,21,25,93,93051,ROUGET DE LISLE,48.84175,2.55729,Nuit avec éclairage allumé,En agglomération,Hors intersection,Normale,Autre collision,4,1,1,0,1,1,1,0,1,50,1,1,0,0,0,1,,,,,5,2,1,1,6
202000005293,2020-09-17 15:55:00,2020,9,17,15,55,93,93031,R DE PARIS,48.95383,2.31109,Plein jour,En agglomération,Hors intersection,Normale,Autre collision,4,2,2,0,1,1,1,0,1,50,1,2,1,0,0,1,20.0,,voiture,,1,2,1,1,6
202000005294,2020-09-16 18:10:00,2020,9,16,18,10,93,93029,AV HENRI BARBUSSE N°2-124,48.91832,2.4482,Plein jour,En agglomération,Hors intersection,Normale,,3,2,2,0,1,1,1,0,1,50,2,2,1,0,1,0,51.0,23.0,deux_roues,voiture,1,2,1,1,-1
202000005295,2020-09-17 05:10:00,2020,9,17,5,10,93,93014,COTEAU (AVENUE DU),48.91457,2.54581,Nuit avec éclairage allumé,En agglomération,Intersection en X,Normale,Deux véhicules - côté,7,2,2,0,2,1,1,0,1,50,2,1,0,0,0,1,19.0,,utilitaire_camion,,5,2,2,1,3
202000005296,2020-09-16 23:08:00,2020,9,16,23,8,93,93057,AV ARISTIDE BRIAND,48.90967,2.50611,Nuit avec éclairage allumé,En agglomération,Hors intersection,Normale,Autre collision,3,3,6,0,1,1,1,0,4,50,1,2,0,0,0,2,23.0,,voiture,,5,2,1,1,6
202000005297,2020-09-17 10:00:00,2020,9,17,10,0,93,93001,DANIELLE CASANOVA (RUE)  56 =>,48.9186143,2.3921135,Plein jour,En agglomération,Hors intersection,Normale,Autre collision,3,2,2,0,1,1,1,0,1,50,1,2,1,0,0,1,20.0,,deux_roues,,1,2,1,1,6
202000005298,2020-08-28 17:00:00,2020,8,28,17,0,92,92062,PUTEAUX (PONT DE),48.8774,2.244,Plein jour,En agglomération,Autre intersection,Normale,Trois véhicules et plus - collisions multiples,3,3,3,0,1,1,1,2,1,50,3,3,2,0,0,1,38.0,31.0,deux_roues,utilitaire_camion,1,2,9,1,5
202000005299,2020-09-17 16:15:00,2020,9,17,16,15,92,92035,Aigle ( rue de l' ),48.9096769,2.2526184,Plein jour,En agglomération,Hors intersection,Normale,Autre collision,4,1,1,0,1,1,1,0,1,50,1,2,1,0,0,1,41.0,,deux_roues,,1,2,1,1,6
202000005300,2020-09-17 15:45:00,2020,9,17,15,45,92,92062,DELARIVIERE LEFOULLON (RUE),48.8881124,2.2426921,Plein jour,En agglomération,Hors intersection,Normale,Sans collision,4,1,1,0,2,3,1,9,3,50,1,1,0,0,0,1,53.0,,deux_roues,,1,2,1,1,7
202000005301,2020-09-16 18:55:00,2020,9,16,18,55,92,92025,PAUL BERT (RUE),48.92738,2.24702,Plein jour,En agglomération,Intersection en X,Normale,Deux véhicules - côté,3,2,4,0,1,1,1,0,1,50,2,2,1,0,0,1,36.0,13.0,voiture,deux_roues,1,2,2,1,3
202000005302,2020-09-17 11:10:00,2020,9,17,11,10,92,92024,GENERAL LECLERC (BD DU) (9 A 59)   (4 A,48.9013219,2.3152349,Plein jour,En agglomération,Intersection en X,Normale,Deux véhicules - côté,3,2,4,1,1,1,1,0,8,50,2,2,1,0,0,1,49.0,29.0,voiture,deux_roues,1,2,2,1,3
202000005303,2020-06-10 12:50:00,2020,6,10,12,50,92,92004,LAURENT-CELY  ( AVENUE ),48.91547,2.30892,Plein jour,En agglomération,Hors intersection,Normale,Deux véhicules - côté,3,1,5,0,1,1,1,0,1,50,2,2,1,0,0,1,45.0,33.0,utilitaire_camion,deux_roues,1,2,1,1,3
202000005304,2020-09-17 07:15:00,2020,9,17,7,15,01,01381,Chemin de Camet,46.039608,5.13201,Plein jour,Hors agglomération,Hors intersection,Normale,Autre collision,3,2,2,0,1,1,9,8,3,50,1,2,1,0,1,0,36.0,,voiture,,1,1,1,1,6
202000005305,2020-09-18 14:35:00,2020,9,18,14,35,62,62229,D928,50.662853,2.187363,Plein jour,Hors agglomération,Hors intersection,Normale,Deux véhicules - côté,3,2,2,0,1,1,1,0,1,80,2,3,0,0,2,1,29.0,52.0,utilitaire_camion,utilitaire_camion,1,1,1,1,3
202000005306,2020-09-15 11:55:00,2020,9,15,11,55,67,67061,1 Rue du 22 Novembre,48.8244357,7.4802247,Plein jour,En agglomération,Hors intersection,Normale,Autre collision,4,2,2,0,2,1,1,0,1,50,1,3,2,0,1,0,9.0,,deux_roues,,1,2,1,1,6
202000005307,2020-09-17 16:45:00,2020,9,17,16,45,973,97353,lucien vochel,3.6442931,-54.0330577,Plein jour,En agglomération,Hors intersection,Normale,Deux véhicules - côté,4,2,2,0,1,1,9,0,1,50,2,3,1,0,1,1,43.0,17.0,voiture,deux_roues,1,2,1,1,3
202000005308,2020-08-15 03:25:00,2020,8,15,3,25,40,40065,Quai du Bourret,43.653986,-1.434842,Nuit avec éclairage allumé,En agglomération,Hors intersection,Normale,Autre collision,4,2,2,0,2,1,1,0,3,50,1,1,0,0,1,0,28.0,,deux_roues,,5,2,1,1,6
202000005309,2020-09-18 09:15:00,2020,9,18,9,15,974,97401,Chemin Kerbel,-21.240249,55.333461,Plein jour,En agglomération,Intersection en T,Normale,Autre collision,3,2,2,-1,1,1,1,0,1,70,1,2,1,0,1,0,87.0,,voiture,,1,2,3,1,6
202000005310,2020-09-18 07:35:00,2020,9,18,7,35,83,83086,Chemin de Barnafé,43.468988,6.554552,Plein jour,En agglomération,Hors intersection,Normale,Autre collision,3,2,2,0,1,1,1,0,8,-1,1,2,1,0,1,0,47.0,,deux_roues,,1,2,1,1,6
202000005311,2020-09-18 13:42:00,2020,9,18,13,42,63,63020,D2089,45.6908007,2.9251226,Plein jour,Hors agglomération,Hors intersection,Normale,Autre collision,3,2,3,0,1,1,1,0,3,80,1,1,0,0,1,0,65.0,,voiture,,1,1,1,1,6
202000005312,2020-09-17 08:24:00,2020,9,17,8,24,01,01166,Route des Sorbiers,45.99152,4.773377,Crépuscule ou aube,En agglomération,Intersection en X,Normale,Deux véhicules - côté,3,1,1,0,1,1,1,0,1,50,2,2,1,0,0,1,19.0,23.0,deux_roues,voiture,2,2,2,1,3
202000005313,2020-09-18 08:05:00,2020,9,18,8,5,83,83019,Route de Bénat,43.1376049,6.3505425,Plein jour,En agglomération,Hors intersection,Normale,Deux véhicules - côté,6,-1,-1,0,1,3,1,0,1,-1,2,2,1,0,1,0,36.0,79.0,voiture,deux_roues,1,2,1,1,3
202000005314,2020-09-17 11:35:00,2020,9,17,11,35,50,50523,Sainte-Mère-Église,49.39141,-1.304476,Plein jour,Hors agglomération,Hors intersection,Normale,,2,3,4,0,2,1,1,0,1,110,2,2,1,0,0,1,43.0,42.0,utilitaire_camion,voiture,1,1,1,1,-1
202000005315,2020-09-18 17:20:00,2020,9,18,17,20,62,62465,18 Rue de la Basèque,50.185699,2.5705,Plein jour,En agglomération,Hors intersection,Normale,Deux véhicules - côté,3,2,2,0,1,3,1,0,1,50,2,2,1,0,1,0,47.0,25.0,utilitaire_camion,deux_roues,1,2,1,1,3
202000005316,2020-09-18 17:15:00,2020,9,18,17,15,67,67434,D8,48.9444873,7.1174096,Plein jour,Hors agglomération,Hors intersection,Normale,Autre collision,3,2,2,0,2,2,1,0,3,80,1,4,0,1,1,2,69.0,,voiture,,1,1,1,1,6
202000005317,2020-09-18 13:50:00,2020,9,18,13,50,81,81063,Départementale 1,43.9389141,2.0779455,Plein jour,En agglomération,Giratoire,Normale,Deux véhicules - côté,3,2,2,0,2,1,1,0,1,30,2,2,1,0,1,0,68.0,41.0,deux_roues,voiture,1,2,6,1,3
202000005318,2020-09-18 09:20:00,2020,9,18,9,20,42,42278,Route du Sauzet,45.795301,3.815976,Plein jour,En agglomération,Hors intersection,Normale,Autre collision,4,2,1,0,1,2,1,0,1,50,1,2,1,0,1,0,34.0,,voiture,,1,2,1,1,6
202000005319,2020-09-12 09:50:00,2020,9,12,9,50,44,44154,39 Rue de Pornic,47.244793,-2.162182,Plein jour,En agglomération,Giratoire,Normale,Deux véhicules - côté,3,1,1,1,1,2,1,5,1,50,2,2,1,0,1,0,31.0,30.0,voiture,deux_roues,1,2,6,1,3
202000005320,2020-08-18 02:35:00,2020,8,18,2,35,29,29215,Prat Meur,47.9780427,-4.4478377,Nuit sans éclairage public,En agglomération,Intersection en Y,Normale,Autre collision,4,2,2,0,1,3,1,0,3,50,1,1,0,0,0,1,27.0,,deux_roues,,3,2,4,1,6
202000005321,2020-09-16 19:30:00,2020,9,16,19,30,31,31390,Avenue du Nord,43.0879,0.565968,Crépuscule ou aube,En agglomération,Hors intersection,Normale,Deux véhicules - arrière,3,2,2,0,1,1,1,0,1,50,2,3,2,0,1,0,38.0,43.0,voiture,voiture,2,2,1,1,2
202000005322,2020-09-18 18:35:00,2020,9,18,18,35,38,38384,D154D,45.355372,5.335906,Plein jour,Hors agglomération,Giratoire,Normale,Deux véhicules - côté,3,1,2,0,1,2,1,5,1,80,2,3,2,0,0,1,68.0,56.0,utilitaire_camion,deux_roues,1,1,6,1,3
202000005323,2020-09-17 11:40:00,2020,9,17,11,40,38,38457,Rue des Rogations,45.330007,5.244784,Plein jour,En agglomération,Hors intersection,Normale,Autre collision,4,2,2,0,1,1,1,0,1,50,1,1,0,0,1,0,16.0,,deux_roues,,1,2,1,1,6
202000005324,2020-09-17 18:45:00,2020,9,17,18,45,15,15187,Avenue du Sailhant,45.041364,3.082674,Plein jour,En agglomération,Hors intersection,Normale,Deux véhicules - frontale,3,2,2,0,2,1,1,0,1,50,2,3,0,0,2,1,35.0,32.0,voiture,voiture,1,2,1,1,1
202000005325,2020-09-18 17:20:00,2020,9,18,17,20,15,15175,D922,45.027459,2.449597,Plein jour,Hors agglomération,Hors intersection,Normale,Trois véhicules et plus - collisions multiples,3,2,2,0,4,3,1,0,1,90,3,3,2,0,0,1,62.0,30.0,voiture,deux_roues,1,1,1,1,5
202000005326,2020-09-17 22:00:00,2020,9,17,22,0,01,01428,D75,46.110835,4.860871,Nuit sans éclairage public,Hors agglomération,Intersection en X,Normale,Deux véhicules - frontale,3,2,2,0,1,1,1,0,1,80,2,2,1,0,1,0,48.0,32.0,deux_roues,voiture,3,1,2,1,1