accident_id,datetime,annee,mois,jour,heure,minute,departement,commune_insee,adresse,latitude,longitude,luminosite,agglomeration,intersection,meteo,collision,catr,circ,nbv,vosp,prof,plan,surf,infra,situ,vma,nb_vehicules,nb_usagers,nb_indemnes,nb_tues,nb_blesses_hosp,nb_blesses_legers,age_cond_1,age_cond_2,veh_type_cond_1,veh_type_cond_2,lum_code,agg_code,int_code,atm_code,col_code
202000005327,2020-09-17 14:00:00,2020,9,17,14,0,72,72006,D338,48.398189,0.087741,Plein jour,En agglomération,Hors intersection,Normale,Autre collision,3,1,2,0,1,1,1,0,1,50,1,2,1,0,0,1,56.0,,voiture,,1,2,1,1,6
202000005328,2020-09-18 09:15:00,2020,9,18,9,15,60,60062,RD 130,49.660808,3.071516,Plein jour,Hors agglomération,Intersection en T,Normale,Deux véhicules - côté,3,2,2,0,1,1,1,0,1,80,2,3,2,0,0,1,81.0,23.0,voiture,voiture,1,1,3,1,3
202000005329,2020-09-17 06:55:00,2020,9,17,6,55,60,60641,D130,49.472307,2.97545,Crépuscule ou aube,Hors agglomération,Hors intersection,Normale,Deux véhicules - côté,3,2,2,0,3,1,1,0,1,80,2,2,1,0,0,1,62.0,23.0,deux_roues,voiture,2,1,1,1,3
202000005330,2020-09-18 00:03:00,2020,9,18,0,3,64,64451,D202,43.336939,-0.057442,Nuit sans éclairage public,Hors agglomération,Hors intersection,Normale,Sans collision,3,2,2,0,1,1,1,0,3,80,1,2,1,0,0,1,22.0,,voiture,,3,1,1,1,7
202000005331,2020-09-17 15:57:00,2020,9,17,15,57,43,43039,RN88,44.945734,3.847618,Plein jour,En agglomération,Hors intersection,Normale,Deux véhicules - côté,2,2,2,0,2,1,1,0,1,70,2,2,1,0,0,1,46.0,70.0,deux_roues,voiture,1,2,1,1,3
202000005332,2020-09-18 09:00:00,2020,9,18,9,0,10,10033,14 Boulevard Gambetta,48.234131,4.710176,Plein jour,En agglomération,Hors intersection,Normale,Autre collision,3,1,1,1,1,1,1,0,1,50,1,2,1,0,1,0,87.0,,voiture,,1,2,1,1,6
202000005333,2020-09-17 18:15:00,2020,9,17,18,15,16,16393,Route de Fonciron à Coursac,45.742311,0.111344,Crépuscule ou aube,Hors agglomération,Hors intersection,Normale,Sans collision,4,2,2,0,1,1,1,0,1,80,1,1,0,0,0,1,29.0,,voiture,,2,1,1,1,7
202000005334,2020-09-10 15:45:00,2020,9,10,15,45,37,37281,Avenue Maginot,47.4119763,0.7990997,Plein jour,En agglomération,Intersection en X,Normale,Deux véhicules - côté,3,1,1,0,1,1,1,8,1,30,2,2,1,0,0,1,63.0,50.0,deux_roues,voiture,1,2,2,1,3
202000005335,2020-08-30 22:55:00,2020,8,30,22,55,08,08327,Rue Paul Vaillant Couturier,49.70443,4.794449,Nuit avec éclairage allumé,En agglomération,Intersection en T,Pluie légère,Deux véhicules - côté,3,2,2,0,1,1,2,0,1,50,2,3,1,0,0,2,24.0,38.0,voiture,voiture,5,2,3,2,3
202000005336,2020-09-11 11:55:00,2020,9,11,11,55,24,24274,D107,44.773063,0.471565,Plein jour,Hors agglomération,Hors intersection,Normale,Deux véhicules - frontale,3,2,2,0,2,2,1,0,1,-1,2,2,0,0,1,1,24.0,43.0,deux_roues,utilitaire_camion,1,1,1,1,1
202000005337,2020-09-18 08:15:00,2020,9,18,8,15,95,95392,4 Ruelle de la Gare,49.0776306,2.2047329,Plein jour,En agglomération,Hors intersection,Normale,Autre collision,4,1,1,0,4,1,1,0,1,30,1,1,0,0,0,1,,,,,1,2,1,1,6
202000005338,2020-09-18 10:15:00,2020,9,18,10,15,31,31341,"RD 2, PK 005.955",43.745526,1.307443,Plein jour,Hors agglomération,Hors intersection,Normale,Deux véhicules - frontale,3,2,2,0,1,1,1,0,1,80,2,2,1,0,1,0,42.0,64.0,utilitaire_camion,voiture,1,1,1,1,1
202000005339,2020-09-18 10:30:00,2020,9,18,10,30,74,74010,Chemin de Chateau - Vieux,45.874335,6.08443,Plein jour,Hors agglomération,Intersection en T,Temps éblouissant,Deux véhicules - frontale,4,2,2,0,1,2,1,0,1,50,2,2,1,0,1,0,55.0,46.0,voiture,deux_roues,1,1,3,7,1
202000005340,2020-08-14 21:45:00,2020,8,14,21,45,976,97601,Rue Boira Soilihi,-12.722134,45.055756,Nuit avec éclairage allumé,En agglomération,Hors intersection,Normale,Deux véhicules - frontale,3,2,2,0,2,1,1,0,1,30,2,2,1,0,0,1,41.0,38.0,voiture,voiture,5,2,1,1,1
202000005341,2020-09-17 19:30:00,2020,9,17,19,30,13,13068,57 Avenue de la Vallée des Baux,43.720495,4.785502,Nuit sans éclairage public,En agglomération,Hors intersection,Normale,Autre collision,3,2,2,0,1,3,1,0,4,50,1,1,0,0,1,0,43.0,,deux_roues,,3,2,1,1,6
202000005342,2020-08-18 07:19:00,2020,8,18,7,19,28,28392,A10 PK 061+800 sens PROVINCE PARIS,48.228847,1.848278,Plein jour,Hors agglomération,Hors intersection,Normale,Autre collision,1,3,5,0,1,1,1,0,3,130,1,1,0,0,1,0,20.0,,voiture,,1,1,1,1,6
202000005343,2020-09-17 22:45:00,2020,9,17,22,45,988,98829,RP4/VU56,-21.63534,166.20185,Nuit sans éclairage public,Hors agglomération,Intersection en T,Normale,Autre collision,3,2,2,0,1,1,1,0,3,70,1,3,0,0,3,0,35.0,,utilitaire_camion,,3,1,3,1,6
202000005344,2020-09-17 22:30:00,2020,9,17,22,30,971,97119,12 Rue de Balin,16.369629,-61.453689,Nuit avec éclairage allumé,Hors agglomération,Hors intersection,Normale,Deux véhicules - frontale,3,2,2,0,1,1,1,0,1,70,2,2,1,0,1,0,56.0,35.0,utilitaire_camion,voiture,5,1,1,1,1
202000005345,2020-09-17 09:55:00,2020,9,17,9,55,978,97801,rue de Hollande - Marigot,18.072125,-63.081109,Plein jour,En agglomération,Hors intersection,Normale,Autre collision,2,2,2,0,1,1,1,0,1,50,1,1,0,0,1,0,,,,,1,2,1,1,6
202000005346,2020-09-17 09:25:00,2020,9,17,9,25,91,91249,D97,48.629388,2.066878,Plein jour,Hors agglomération,Intersection en T,Normale,Deux véhicules - côté,3,2,2,0,3,1,1,9,1,90,2,2,1,0,1,0,31.0,39.0,voiture,voiture,1,1,3,1,3
202000005347,2020-09-18 08:00:00,2020,9,18,8,0,78,78120,474 Rue du Chat Noir,48.623488,1.98845,Plein jour,En agglomération,Hors intersection,Normale,Trois véhicules et plus - collisions multiples,3,2,2,0,1,1,1,0,1,50,3,3,1,0,2,0,36.0,49.0,voiture,deux_roues,1,2,1,1,5
202000005348,2020-09-16 17:30:00,2020,9,16,17,30,84,84147,chemin des plaines,43.698007,5.447717,Plein jour,Hors agglomération,Hors intersection,Normale,Trois véhicules et plus - collisions multiples,4,2,2,0,1,1,1,0,1,80,3,5,1,0,3,1,29.0,22.0,voiture,voiture,1,1,1,1,5
202000005349,2020-09-17 17:00:00,2020,9,17,17,0,83,83143,D22,43.453955,6.094494,Plein jour,Hors agglomération,Hors intersection,Normale,Deux véhicules - frontale,3,2,2,0,2,3,1,0,1,80,2,2,1,0,1,0,40.0,70.0,voiture,voiture,1,1,1,1,1
202000005350,2020-09-18 15:00:00,2020,9,18,15,0,04,04148,RD 4085,43.8151429,6.5929695,Plein jour,Hors agglomération,Hors intersection,Normale,Sans collision,3,2,2,0,2,3,1,0,8,80,1,1,0,0,1,0,33.0,,deux_roues,,1,1,1,1,7
202000005351,2020-09-18 17:00:00,2020,9,18,17,0,39,39210,Route Forestière de la Vieille Fresse,46.759682,5.953157,Plein jour,Hors agglomération,Hors intersection,Normale,Sans collision,4,2,2,0,2,3,1,0,1,80,1,1,0,0,1,0,66.0,,deux_roues,,1,1,1,1,7
202000005352,2020-09-18 15:55:00,2020,9,18,15,55,54,54364,D331,48.6006933,6.1262512,Plein jour,Hors agglomération,Hors intersection,Normale,Trois véhicules et plus - collisions multiples,3,2,2,0,1,1,1,0,1,80,3,3,2,1,0,0,34.0,54.0,voiture,utilitaire_camion,1,1,1,1,5
202000005353,2020-09-18 12:19:00,2020,9,18,12,19,38,38344,Roue d'Auberives,45.3924218,4.8294143,Plein jour,Hors agglomération,Intersection en T,Normale,Deux véhicules - arrière,3,2,2,0,1,1,1,0,1,80,2,2,1,0,1,0,23.0,25.0,deux_roues,voiture,1,1,3,1,2
202000005354,2020-09-18 19:45:00,2020,9,18,19,45,69,69019,Rue Saint-exupéry (Belleville)/entrée parking INTERMARCHÉ,46.104278,4.747735,Crépuscule ou aube,En agglomération,Autre intersection,Normale,Deux véhicules - côté,6,-1,-1,0,1,1,1,0,1,50,2,4,1,0,1,2,37.0,17.0,voiture,deux_roues,2,2,9,1,3
202000005355,2020-09-18 08:00:00,2020,9,18,8,0,69,69089,75 Grande Rue,45.736092,4.765459,Crépuscule ou aube,En agglomération,Hors intersection,Normale,Trois véhicules et plus - en chaîne,3,2,2,0,2,2,1,0,1,-1,3,3,2,0,0,1,33.0,18.0,transport_commun,deux_roues,2,2,1,1,4
202000005356,2020-09-17 21:30:00,2020,9,17,21,30,09,09150,D7,43.055789,1.923648,Nuit sans éclairage public,Hors agglomération,Hors intersection,Normale,Sans collision,3,2,2,0,1,1,1,0,1,80,1,1,0,0,1,0,72.0,,autre,,3,1,1,1,7
202000005357,2020-08-30 07:13:00,2020,8,30,7,13,19,19203,D940,45.184873,1.762018,Crépuscule ou aube,Hors agglomération,Autre intersection,Normale,Autre collision,3,2,2,0,1,1,1,0,3,90,1,1,0,0,1,0,22.0,,voiture,,2,1,9,1,6
202000005358,2020-09-15 17:10:00,2020,9,15,17,10,53,53001,D545,48.019977,-0.876868,Plein jour,Hors agglomération,Hors intersection,Normale,Deux véhicules - côté,3,2,2,0,1,2,1,0,1,80,2,2,1,0,1,0,32.0,17.0,voiture,deux_roues,1,1,1,1,3
202000005359,2020-09-17 11:00:00,2020,9,17,11,0,49,49332,3 Allée des Pinsons,47.0622,-0.935104,Plein jour,En agglomération,Intersection en T,Normale,Deux véhicules - côté,4,2,2,0,3,1,1,0,1,50,2,2,1,0,1,0,39.0,34.0,deux_roues,utilitaire_camion,1,2,3,1,3
202000005360,2020-09-18 10:55:00,2020,9,18,10,55,22,22173,le val,48.54535,-2.595767,Plein jour,Hors agglomération,Intersection en X,Normale,Autre collision,4,2,2,0,2,1,1,0,1,80,1,1,0,0,1,0,23.0,,deux_roues,,1,1,2,1,6
202000005361,2020-08-16 05:50:00,2020,8,16,5,50,35,35037,Le Grand Pont,48.065976,-1.856906,Nuit sans éclairage public,Hors agglomération,Autre intersection,Autre,Autre collision,2,3,4,0,1,1,2,0,2,110,1,2,1,1,0,0,40.0,,voiture,,3,1,9,9,6
202000005362,2020-09-16 13:00:00,2020,9,16,13,0,60,60325,Rue Charles Ladame,49.378538,2.770542,Plein jour,En agglomération,Hors intersection,Normale,Autre collision,3,2,2,0,1,1,1,0,1,50,1,2,1,0,1,0,49.0,,voiture,,1,2,1,1,6
202000005363,2020-08-16 11:30:00,2020,8,16,11,30,60,60041,D12,49.3927519,2.2073582,Plein jour,En agglomération,Passage à niveau,Pluie forte,Sans collision,3,2,2,0,1,1,2,4,1,50,1,1,0,0,1,0,67.0,,deux_roues,,1,2,8,3,7
202000005364,2020-09-18 10:40:00,2020,9,18,10,40,80,80561,12 Rue de Roye,49.648278,2.5808,Plein jour,En agglomération,Hors intersection,Normale,Autre collision,6,-1,-1,0,1,1,1,0,8,30,1,2,1,0,0,1,74.0,,voiture,,1,2,1,1,6
202000005365,2020-09-17 16:10:00,2020,9,17,16,10,59,59053,D649,50.2969984,3.820334,Plein jour,Hors agglomération,Hors intersection,Normale,Deux véhicules - arrière,3,3,4,0,1,1,1,0,1,110,2,3,2,0,1,0,22.0,38.0,utilitaire_camion,utilitaire_camion,1,1,1,1,2
202000005366,2020-09-15 22:10:00,2020,9,15,22,10,59,59618,Rue de Marpent,50.320176,4.05211,Nuit sans éclairage public,Hors agglomération,Autre intersection,Normale,Sans collision,3,2,2,0,1,2,1,0,3,80,1,5,3,0,2,0,19.0,,voiture,,3,1,9,1,7
202000005367,2020-09-16 19:12:00,2020,9,16,19,12,13,13202,Tunnel Joliette Marseille vers Aubagne,43.30662,5.36583,Nuit avec éclairage allumé,En agglomération,Hors intersection,Normale,Trois véhicules et plus - en chaîne,7,1,2,0,1,1,1,1,1,50,3,3,2,0,0,1,39.0,29.0,voiture,utilitaire_camion,5,2,1,1,4
202000005368,2020-09-17 09:40:00,2020,9,17,9,40,13,13207,Tunnel Prado Carénage,43.296487,5.362849,Plein jour,Hors agglomération,Hors intersection,Normale,Deux véhicules - arrière,7,1,2,0,1,1,1,1,1,50,2,4,3,0,0,1,27.0,45.0,deux_roues,utilitaire_camion,1,1,1,1,2
202000005369,2020-09-17 06:00:00,2020,9,17,6,0,13,13071,A5502D-Sens Marseille vers A55-Martigues,43.40463,5.3036,Nuit sans éclairage public,Hors agglomération,Hors intersection,Normale,Sans collision,1,1,2,0,1,3,1,3,1,90,1,1,0,0,0,1,22.0,,voiture,,3,1,1,1,7
202000005370,2020-09-12 04:30:00,2020,9,12,4,30,69,69297,A7   15.770 A 20.110,45.6209703,4.8132045,Nuit sans éclairage public,Hors agglomération,Autre intersection,Normale,Trois véhicules et plus - en chaîne,1,1,6,0,2,1,1,0,1,110,4,3,1,0,1,1,34.0,33.0,voiture,voiture,3,1,9,1,4
202000005371,2020-09-17 08:10:00,2020,9,17,8,10,67,67218,BRETELLE SORTIE,48.5471547,7.7268015,Plein jour,Hors agglomération,Hors intersection,Normale,Deux véhicules - côté,1,1,1,0,2,2,1,3,1,50,2,2,1,0,1,0,26.0,57.0,utilitaire_camion,deux_roues,1,1,1,1,3
202000005372,2020-09-17 19:40:00,2020,9,17,19,40,91,91340,RN 104,48.60889,2.43878,Plein jour,Hors agglomération,Hors intersection,Normale,Deux véhicules - arrière,2,1,3,0,1,1,1,0,1,90,2,5,3,0,0,2,28.0,49.0,utilitaire_camion,utilitaire_camion,1,1,1,1,2
202000005373,2020-09-17 16:00:00,2020,9,17,16,0,91,91340,RN 104,48.60826,2.4455,Plein jour,Hors agglomération,Hors intersection,Normale,Deux véhicules - arrière,2,3,6,0,1,1,1,0,1,90,2,2,1,0,0,1,69.0,52.0,voiture,utilitaire_camion,1,1,1,1,2
202000005374,2020-09-17 15:55:00,2020,9,17,15,55,94,94034,AUTOROUTE A6A,48.74428,2.32429,Plein jour,Hors agglomération,Hors intersection,Normale,Trois véhicules et plus - en chaîne,1,1,3,0,2,1,1,0,1,110,3,2,1,0,0,1,43.0,22.0,utilitaire_camion,voiture,1,1,1,1,4
202000005375,2020-09-17 15:55:00,2020,9,17,15,55,92,92050,A86,48.90113,2.202127,Plein jour,Hors agglomération,Hors intersection,Normale,Autre collision,1,1,1,0,1,1,1,1,1,70,1,1,0,0,0,1,24.0,,deux_roues,,1,1,1,1,6
202000005376,2020-09-17 08:50:00,2020,9,17,8,50,78,78423,RN12,48.79476,2.048471,Plein jour,Hors agglomération,Hors intersection,Normale,Deux véhicules - arrière,2,3,4,0,1,1,1,0,2,110,2,3,2,0,0,1,20.0,46.0,voiture,deux_roues,1,1,1,1,2
202000005377,2020-06-17 19:30:00,2020,6,17,19,30,27,27065,A13,49.319646,0.316415,Plein jour,Hors agglomération,Hors intersection,Normale,Autre collision,1,1,2,0,2,3,1,0,2,70,1,1,0,0,1,0,58.0,,deux_roues,,1,1,1,1,6
202000005378,2020-06-22 07:40:00,2020,6,22,7,40,51,51212,A26,48.7776744,4.2592645,Plein jour,Hors agglomération,Hors intersection,Normale,Deux véhicules - arrière,1,3,4,0,1,1,1,0,1,130,2,2,1,0,0,1,41.0,22.0,utilitaire_camion,utilitaire_camion,1,1,1,1,2
202000005379,2020-06-21 00:00:00,2020,6,21,0,0,987,98739,RT 322,-23.868998,-147.675272,Nuit sans éclairage public,Hors agglomération,Hors intersection,Normale,Deux véhicules - frontale,4,2,2,0,2,1,1,0,1,50,2,2,1,1,0,0,44.0,32.0,deux_roues,voiture,3,1,1,1,1
202000005380,2020-06-20 17:20:00,2020,6,20,17,20,987,98729,PK 13+200 Pihaena,-17.533189,-149.838611,Plein jour,Hors agglomération,Hors intersection,Normale,Deux véhicules - arrière,2,2,2,0,1,1,1,0,1,60,2,2,1,0,1,0,27.0,17.0,voiture,deux_roues,1,1,1,1,2
202000005381,2020-06-22 13:50:00,2020,6,22,13,50,974,97408,Rue Saint Louis,-20.9592755,55.3277117,Nuit avec éclairage allumé,En agglomération,Hors intersection,Normale,Deux véhicules - frontale,4,2,2,1,1,1,1,0,1,50,2,2,1,0,0,1,22.0,,deux_roues,,5,2,1,1,1
202000005382,2020-06-21 19:50:00,2020,6,21,19,50,77,77168,38 Rue des Fossés - D69A,48.176882,2.873107,Plein jour,En agglomération,Intersection en X,Normale,Deux véhicules - côté,3,2,2,0,1,1,1,0,1,50,2,3,2,0,0,1,25.0,31.0,voiture,voiture,1,2,2,1,3
202000005383,2020-06-22 16:30:00,2020,6,22,16,30,77,77388,Rue du 8 Mai 1945 - D402,48.963518,3.154963,Plein jour,En agglomération,Hors intersection,Normale,Autre collision,3,2,2,0,1,1,1,0,1,30,1,2,1,0,1,0,25.0,,utilitaire_camion,,1,2,1,1,6
202000005384,2020-06-21 14:00:00,2020,6,21,14,0,2B,2B265,Rd82,42.594638,9.368935,Plein jour,Hors agglomération,Hors intersection,Normale,Deux véhicules - arrière,3,2,2,0,2,2,1,0,1,80,2,2,1,0,0,1,63.0,,deux_roues,,1,1,1,1,2
202000005385,2020-06-22 17:29:00,2020,6,22,17,29,34,34157,51 Chemin du Ceinturon,43.436865,3.589917,Plein jour,En agglomération,Autre intersection,Normale,Deux véhicules - côté,4,2,2,0,1,1,1,0,1,50,2,2,1,0,1,0,48.0,23.0,voiture,deux_roues,1,2,9,1,3
202000005386,2020-06-21 18:00:00,2020,6,21,18,0,34,34023,Rd 2 - route de Sete,43.443401,3.696706,Plein jour,En agglomération,Intersection en X,Normale,Deux véhicules - côté,3,2,1,0,1,1,1,5,1,-1,2,3,1,0,0,2,82.0,24.0,voiture,voiture,1,2,2,1,3
202000005387,2020-06-21 14:20:00,2020,6,21,14,20,06,06057,140 Route du Col de Nice,43.829593,7.350637,Plein jour,Hors agglomération,Hors intersection,Normale,Deux véhicules - frontale,3,2,2,0,2,1,1,0,1,80,2,3,0,0,0,3,56.0,48.0,voiture,voiture,1,1,1,1,1
202000005388,2020-06-21 18:20:00,2020,6,21,18,20,13,13041,D58a,43.44536,5.457652,Plein jour,Hors agglomération,Intersection en T,Normale,Deux véhicules - côté,3,2,2,0,1,1,1,5,1,50,2,3,2,0,1,0,33.0,49.0,deux_roues,voiture,1,1,3,1,3
202000005389,2020-06-21 17:45:00,2020,6,21,17,45,71,71074,277 Rue Savy le Haut,46.2543035,4.7654536,Plein jour,En agglomération,Hors intersection,Normale,Autre collision,3,2,2,0,1,1,1,0,1,50,1,2,1,0,1,0,34.0,,voiture,,1,2,1,1,6
202000005390,2020-06-19 18:25:00,2020,6,19,18,25,21,21370,3 Rue du Moulin,47.2764792,5.1723965,Plein jour,En agglomération,Hors intersection,Normale,Deux véhicules - côté,4,2,2,0,1,1,1,0,1,50,2,2,1,0,1,0,67.0,18.0,voiture,deux_roues,1,2,1,1,3
202000005391,2020-06-22 11:15:00,2020,6,22,11,15,68,68116,D83,47.929683,7.272772,Plein jour,Hors agglomération,Hors intersection,Normale,Deux véhicules - arrière,3,3,4,3,1,1,1,0,1,110,2,2,0,0,1,1,34.0,66.0,utilitaire_camion,utilitaire_camion,1,1,1,1,2
202000005392,2020-06-22 18:50:00,2020,6,22,18,50,03,03286,,46.5252275,3.3529685,Plein jour,En agglomération,Giratoire,Normale,Deux véhicules - côté,3,2,2,0,1,1,1,9,1,50,2,3,2,0,0,1,33.0,69.0,deux_roues,voiture,1,2,6,1,3
202000005393,2020-06-21 02:30:00,2020,6,21,2,30,38,38197,D517,45.7648544,5.1218416,Nuit sans éclairage public,Hors agglomération,Hors intersection,Normale,Sans collision,3,-1,2,0,1,1,1,0,3,80,1,1,0,0,1,0,30.0,,deux_roues,,3,1,1,1,7
202000005394,2020-06-22 10:00:00,2020,6,22,10,0,38,38135,Grande Rue de Lancin,45.71817,5.419269,Plein jour,Hors agglomération,Hors intersection,Normale,Sans collision,3,2,2,0,2,2,1,0,3,80,1,1,0,0,0,1,49.0,,voiture,,1,1,1,1,7
202000005395,2020-06-22 00:05:00,2020,6,22,0,5,38,38071,N85,45.08346,5.739369,Nuit sans éclairage public,Hors agglomération,Hors intersection,Normale,Trois véhicules et plus - collisions multiples,2,2,2,0,1,1,1,2,1,70,3,6,2,1,3,0,19.0,52.0,voiture,voiture,3,1,1,1,5
202000005396,2020-06-21 18:20:00,2020,6,21,18,20,26,26004,2160 Chemin de Bramefaim,44.983841,5.002835,Plein jour,Hors agglomération,Intersection en X,Normale,Deux véhicules - côté,4,2,2,0,1,1,1,0,1,70,2,3,1,0,1,1,71.0,35.0,voiture,voiture,1,1,2,1,3
202000005397,2020-06-20 17:45:00,2020,6,20,17,45,26,26081,D68,44.889384,5.141945,Plein jour,Hors agglomération,Hors intersection,Normale,Sans collision,3,2,2,0,2,3,1,0,1,80,1,1,0,0,1,0,58.0,,deux_roues,,1,1,1,1,7
202000005398,2020-06-19 16:45:00,2020,6,19,16,45,26,26206,La Charlotte,44.824634,4.990609,Plein jour,Hors agglomération,Intersection en X,Normale,Deux véhicules - côté,4,2,2,0,1,1,1,0,1,80,2,2,0,0,0,2,47.0,22.0,voiture,voiture,1,1,2,1,3
202000005399,2020-06-22 17:00:00,2020,6,22,17,0,81,81120,N112,43.5279227,2.2923761,Plein jour,Hors agglomération,Hors intersection,Normale,Trois véhicules et plus - collisions multiples,2,2,2,0,1,1,1,0,1,80,3,5,0,1,1,3,64.0,30.0,utilitaire_camion,voiture,1,1,1,1,5
202000005400,2020-06-20 17:30:00,2020,6,20,17,30,31,31458,D42,43.507865,1.350578,Plein jour,Hors agglomération,Hors intersection,Normale,,3,2,2,0,1,1,1,0,1,70,3,3,2,0,1,0,57.0,29.0,utilitaire_camion,voiture,1,1,1,1,-1
202000005401,2020-06-21 13:40:00,2020,6,21,13,40,17,17444,D6,45.652598,-0.652742,Plein jour,Hors agglomération,Hors intersection,Normale,Autre collision,3,2,2,0,1,3,1,0,3,80,1,1,0,1,0,0,21.0,,voiture,,1,1,1,1,6
202000005402,2020-06-20 05:15:00,2020,6,20,5,15,44,44210,D213,47.30771,-2.194111,Nuit sans éclairage public,Hors agglomération,Hors intersection,Normale,Sans collision,3,3,4,0,1,2,1,0,1,90,1,1,0,0,1,0,24.0,,voiture,,3,1,1,1,7
202000005403,2020-06-19 12:50:00,2020,6,19,12,50,44,44052,Avenue Vice Amiral Halgan,47.318298,-2.075348,Plein jour,En agglomération,Intersection en X,Normale,Deux véhicules - côté,4,2,2,0,1,1,1,0,1,50,2,2,1,0,1,0,19.0,39.0,deux_roues,voiture,1,2,2,1,3
202000005404,2020-06-17 22:10:00,2020,6,17,22,10,35,35004,La Gaucherais,48.44496,-1.411003,Nuit sans éclairage public,Hors agglomération,Hors intersection,Normale,Autre collision,3,2,2,0,1,2,1,0,3,80,1,1,0,0,1,0,53.0,,voiture,,3,1,1,1,6
202000005405,2020-05-23 16:53:00,2020,5,23,16,53,35,35004,5 avenue Kleber,48.460437,-1.486893,Plein jour,En agglomération,Hors intersection,Normale,Deux véhicules - arrière,3,2,2,0,2,1,1,0,1,50,2,2,0,0,0,2,15.0,15.0,deux_roues,deux_roues,1,2,1,1,2
202000005406,2020-06-22 17:00:00,2020,6,22,17,0,60,60462,Rue Marcel Annoepel,49.327957,2.195265,Plein jour,En agglomération,Hors intersection,Normale,Deux véhicules - arrière,6,-1,-1,-1,1,1,1,0,1,30,2,2,1,0,0,1,15.0,43.0,deux_roues,voiture,1,2,1,1,2
202000005407,2020-06-21 18:05:00,2020,6,21,18,5,13,13071,A7-Sens Lyon vers Marseille,43.404972,5.339421,Plein jour,Hors agglomération,Hors intersection,Normale,Trois véhicules et plus - en chaîne,1,1,3,0,1,1,1,0,1,90,3,3,2,0,0,1,27.0,43.0,deux_roues,voiture,1,1,1,1,4
202000005408,2020-06-19 11:55:00,2020,6,19,11,55,13,13210,A50-Sens Marseille vers Aubagne,43.2849,5.4186,Plein jour,Hors agglomération,Hors intersection,Normale,Trois véhicules et plus - en chaîne,1,1,3,0,1,1,1,0,1,90,3,3,2,0,0,1,22.0,31.0,voiture,voiture,1,1,1,1,4
202000005409,2020-06-20 19:05:00,2020,6,20,19,5,13,13055,A507 sens Marseille - Aubagne,43.293454,5.4732191,Plein jour,Hors agglomération,Hors intersection,Normale,Trois véhicules et plus - en chaîne,1,1,4,0,1,1,1,1,1,70,3,4,2,0,1,1,53.0,26.0,voiture,voiture,1,1,1,1,4
202000005410,2020-06-20 14:04:00,2020,6,20,14,4,13,13055,A507 sens Aubagne- Marseille,43.3042801,5.4255447,Plein jour,Hors agglomération,Hors intersection,Normale,Deux véhicules - côté,1,3,4,0,2,1,1,1,1,70,2,3,1,0,0,2,36.0,58.0,voiture,deux_roues,1,1,1,1,3
202000005411,2020-06-19 05:15:00,2020,6,19,5,15,01,01249,A42     5.760 A 6.180,45.81498,4.958226,Crépuscule ou aube,Hors agglomération,Hors intersection,Normale,Deux véhicules - arrière,1,3,6,0,1,1,2,0,1,90,2,2,0,1,0,1,33.0,57.0,voiture,voiture,2,1,1,1,2
202000005412,2020-06-21 18:49:00,2020,6,21,18,49,91,91339,RN 104,48.63397,2.22113,Plein jour,Hors agglomération,Hors intersection,Normale,Trois véhicules et plus - collisions multiples,2,1,2,0,1,1,1,0,1,110,4,10,3,0,2,5,38.0,80.0,voiture,voiture,1,1,1,1,5
202000005413,2020-06-21 08:00:00,2020,6,21,8,0,91,91216,AUTOROUTE A6,48.683173,2.329077,Plein jour,Hors agglomération,Hors intersection,Normale,Deux véhicules - arrière,1,3,6,0,2,1,1,0,1,110,2,4,2,0,0,2,28.0,30.0,voiture,voiture,1,1,1,1,2
202000005414,2020-06-20 14:46:00,2020,6,20,14,46,94,94038,AUTOROUTE A6A,48.77783,2.34644,Plein jour,Hors agglomération,Hors intersection,Normale,Trois véhicules et plus - en chaîne,1,3,3,0,1,1,1,0,1,90,4,5,2,0,0,3,52.0,26.0,voiture,voiture,1,1,1,1,4
202000005415,2020-06-21 20:15:00,2020,6,21,20,15,92,92036,AUTOROUTE A15,48.94584,2.2837,Plein jour,Hors agglomération,Hors intersection,Pluie légère,Autre collision,1,3,4,0,1,1,2,0,1,110,1,1,0,0,0,1,24.0,,voiture,,1,1,1,2,6
202000005416,2020-06-21 10:10:00,2020,6,21,10,10,77,77373,RN104,48.791586,2.6186104,Plein jour,Hors agglomération,Hors intersection,Normale,Deux véhicules - arrière,2,3,6,0,1,3,1,0,1,70,2,1,0,0,0,1,34.0,,voiture,,1,1,1,1,2
202000005417,2020-06-21 10:25:00,2020,6,21,10,25,77,77018,A4,48.8349683,2.8054598,Plein jour,Hors agglomération,Hors intersection,Normale,Deux véhicules - côté,1,3,10,0,1,1,1,0,1,110,2,4,1,0,0,3,24.0,40.0,voiture,voiture,1,1,1,1,3
202000005418,2020-06-21 06:30:00,2020,6,21,6,30,94,94028,A86 EXT,48.78649,2.44032,Plein jour,Hors agglomération,Hors intersection,Normale,Sans collision,1,-1,3,0,1,1,1,0,1,90,1,1,0,0,0,1,22.0,,voiture,,1,1,1,1,7