accident_id,datetime,annee,mois,jour,heure,minute,departement,commune_insee,adresse,latitude,longitude,luminosite,agglomeration,intersection,meteo,collision,catr,circ,nbv,vosp,prof,plan,surf,infra,situ,vma,nb_vehicules,nb_usagers,nb_indemnes,nb_tues,nb_blesses_hosp,nb_blesses_legers,age_cond_1,age_cond_2,veh_type_cond_1,veh_type_cond_2,lum_code,agg_code,int_code,atm_code,col_code
202000005510,2020-01-29 12:35:00,2020,1,29,12,35,87,87085,AUZETTE (RUE D'),45.8233,1.26952,Plein jour,En agglomération,Intersection en T,Pluie légère,Deux véhicules - côté,4,2,2,0,1,1,2,5,1,50,2,2,1,0,0,1,40.0,50.0,voiture,deux_roues,1,2,3,2,3
202000005511,2020-06-20 22:50:00,2020,6,20,22,50,83,83116,2539 Chemin du Moulin,43.470682,5.891107,Nuit sans éclairage public,Hors agglomération,Autre intersection,Normale,Sans collision,5,2,1,0,1,1,9,0,8,-1,1,2,1,0,1,0,17.0,,voiture,,3,1,9,1,7
202000005512,2020-01-29 16:10:00,2020,1,29,16,10,84,84087,EUROPE (AVENUE DE L'),44.12491,4.84039,Plein jour,En agglomération,Hors intersection,Normale,Autre collision,4,2,3,0,2,1,1,5,1,50,1,2,1,0,1,0,32.0,,voiture,,1,2,1,1,6
202000005513,2020-01-31 16:30:00,2020,1,31,16,30,83,83137,JONQUET (CHEMIN / PONT DU),43.1409,5.9109,Plein jour,En agglomération,Hors intersection,Temps éblouissant,Autre collision,4,2,-1,0,1,1,1,0,1,50,1,2,1,0,0,1,20.0,,utilitaire_camion,,1,2,1,7,6
202000005514,2020-06-20 18:50:00,2020,6,20,18,50,74,74256,134 Avenue de Geneve,45.937857,6.630667,Plein jour,En agglomération,Intersection en X,Normale,,3,2,1,0,1,1,1,0,1,50,2,3,1,0,0,2,31.0,36.0,deux_roues,voiture,1,2,2,1,-1
202000005515,2020-01-30 18:50:00,2020,1,30,18,50,83,83050,MURAIRE(BOULEVARD COMTE),43.533423,6.468228,Nuit avec éclairage allumé,En agglomération,Intersection en T,Normale,Deux véhicules - côté,4,2,2,0,1,1,1,0,1,50,2,2,1,0,1,0,48.0,30.0,voiture,deux_roues,5,2,3,1,3
202000005516,2020-06-21 16:50:00,2020,6,21,16,50,77,77456,chemin communal le long du rudu Veillien,48.51374,3.284268,Plein jour,Hors agglomération,Hors intersection,Normale,Deux véhicules - frontale,4,1,1,0,3,1,1,0,1,30,2,2,0,0,1,1,16.0,24.0,deux_roues,deux_roues,1,1,1,1,1
202000005517,2020-06-19 17:50:00,2020,6,19,17,50,79,79062,Lieu Dit la Gondromiere,46.809665,-0.665402,Plein jour,Hors agglomération,Place,Normale,Sans collision,5,-1,0,0,2,1,1,0,8,-1,1,1,0,0,1,0,20.0,,autre,,1,1,7,1,7
202000005518,2020-01-31 12:50:00,2020,1,31,12,50,82,82121,AUCH (ROUTE D'),43.983439,1.29758,Plein jour,Hors agglomération,Hors intersection,Normale,Deux véhicules - arrière,3,2,2,0,1,1,1,0,1,80,2,2,0,0,0,2,41.0,25.0,voiture,voiture,1,1,1,1,2
202000005519,2020-06-19 17:15:00,2020,6,19,17,15,82,82008,D953,44.057639,0.865189,Plein jour,Hors agglomération,Hors intersection,Normale,Autre collision,3,2,2,0,1,2,1,0,3,80,1,1,0,0,1,0,26.0,,voiture,,1,1,1,1,6
202000005520,2020-06-21 14:55:00,2020,6,21,14,55,71,71056,675 Route des Sables,46.6447526,5.2012868,Plein jour,Hors agglomération,Hors intersection,Normale,Sans collision,3,2,2,0,1,3,1,0,1,80,1,1,0,0,0,1,16.0,,deux_roues,,1,1,1,1,7
202000005521,2020-01-31 08:50:00,2020,1,31,8,50,78,78646,VILLENEUVE L'ETANG (AVENUE DE),48.81386,2.14104,Plein jour,En agglomération,Intersection en X,Normale,Deux véhicules - frontale,4,2,2,0,1,1,2,5,1,50,2,2,1,0,0,1,30.0,26.0,voiture,deux_roues,1,2,2,1,1
202000005522,2020-06-21 02:35:00,2020,6,21,2,35,63,63085,D62,45.912168,2.861938,Nuit sans éclairage public,En agglomération,Hors intersection,Normale,Autre collision,3,2,2,0,2,3,1,0,8,50,1,1,0,0,1,0,24.0,,voiture,,3,2,1,1,6
202000005523,2020-01-30 15:05:00,2020,1,30,15,5,78,78646,ROYALE (RUE),48.79928,2.12791,Plein jour,En agglomération,Intersection en X,Normale,Deux véhicules - côté,4,2,2,1,1,1,1,5,1,50,2,2,1,0,1,0,72.0,56.0,deux_roues,voiture,1,2,2,1,3
202000005524,2020-06-20 20:45:00,2020,6,20,20,45,61,61208,730 Route de l'Aigle,48.650646,0.673277,Plein jour,En agglomération,Hors intersection,Normale,Autre collision,3,2,2,0,1,1,1,0,3,50,1,1,0,0,1,0,45.0,,voiture,,1,2,1,1,6
202000005525,2020-06-21 19:23:00,2020,6,21,19,23,55,55433,Rue des Preyens,48.620758,5.703111,Plein jour,En agglomération,Intersection en Y,Normale,Sans collision,3,2,2,0,1,1,9,0,1,50,1,1,0,0,0,1,40.0,,deux_roues,,1,2,4,1,7
202000005526,2020-01-29 17:28:00,2020,1,29,17,28,77,77114,CHARLES PATHE (RUE) - D216,48.72594,2.66566,Nuit avec éclairage allumé,En agglomération,Hors intersection,Normale,Autre collision,3,2,3,0,1,1,1,0,1,50,1,1,0,0,1,0,62.0,,voiture,,5,2,1,1,6
202000005527,2020-06-18 23:15:00,2020,6,18,23,15,49,49259,Les Basses Brosses,47.3424772,-0.6578671,Crépuscule ou aube,Hors agglomération,Hors intersection,Normale,Sans collision,9,2,1,0,2,2,1,0,8,90,1,1,0,0,0,1,14.0,,deux_roues,,2,1,1,1,7
202000005528,2020-06-20 19:15:00,2020,6,20,19,15,12,12272,D 994,44.547413,2.125574,Plein jour,Hors agglomération,Intersection en X,Normale,Autre collision,3,2,2,0,3,2,1,0,1,80,1,1,0,1,0,0,66.0,,deux_roues,,1,1,2,1,6
202000005529,2020-01-30 17:00:00,2020,1,30,17,0,76,76540,CARREL. RUE ARMAND,49.44006,1.10203,Plein jour,En agglomération,Intersection en T,Normale,Autre collision,4,2,2,0,1,1,1,0,1,30,1,2,1,0,0,1,60.0,,voiture,,1,2,3,1,6
202000005530,2020-06-20 17:55:00,2020,6,20,17,55,42,42266,Route de Beauvoir,45.421347,4.053698,Plein jour,Hors agglomération,Intersection en X,Normale,Deux véhicules - côté,3,2,2,0,1,1,1,0,1,80,2,2,1,0,0,1,30.0,57.0,voiture,voiture,1,1,2,1,3
202000005531,2020-01-30 09:55:00,2020,1,30,9,55,71,71306,Quai Général de Gaulle,46.6734058,4.3613935,Plein jour,En agglomération,Hors intersection,Normale,Sans collision,4,1,2,0,1,1,1,0,1,50,1,2,1,0,1,0,36.0,,voiture,,1,2,1,1,7
202000005532,2020-01-30 17:15:00,2020,1,30,17,15,71,71153,Rue du Marechal Joffre,46.7945916,4.423566,Plein jour,En agglomération,Hors intersection,Pluie légère,Autre collision,3,2,2,0,1,1,2,0,1,50,1,2,1,0,0,1,26.0,,voiture,,1,2,1,2,6
202000005533,2020-06-20 16:50:00,2020,6,20,16,50,42,42219,Les baraques,45.738028,4.115496,Plein jour,Hors agglomération,Hors intersection,Normale,Autre collision,3,2,2,0,1,1,1,0,3,80,1,1,0,0,1,0,26.0,,voiture,,1,1,1,1,6
202000005534,2020-01-31 18:55:00,2020,1,31,18,55,69,69266,LOUIS MAYNARD     (Rue),45.7865328,4.8997306,Nuit avec éclairage allumé,En agglomération,Hors intersection,Normale,Deux véhicules - arrière,4,1,1,0,1,1,1,0,1,50,2,3,2,0,0,1,32.0,29.0,voiture,voiture,5,2,1,1,2
202000005535,2020-06-17 10:00:00,2020,6,17,10,0,46,46231,RD8 PK 7+400,44.500194,1.117816,Plein jour,Hors agglomération,Hors intersection,Normale,Sans collision,3,2,2,0,1,1,1,0,8,80,1,1,0,0,1,0,59.0,,voiture,,1,1,1,1,7
202000005536,2020-01-29 11:45:00,2020,1,29,11,45,69,69290,HENRI GERMAIN                       (AV),45.7017157,4.9004892,Plein jour,En agglomération,Giratoire,Pluie légère,Deux véhicules - frontale,4,1,1,1,1,2,2,0,8,50,2,2,1,0,0,1,53.0,26.0,deux_roues,voiture,1,2,6,2,1
202000005537,2020-06-20 17:22:00,2020,6,20,17,22,22,22005,Kerguiguès,48.52413,-3.387367,Plein jour,Hors agglomération,Hors intersection,Normale,Sans collision,4,2,2,0,1,1,1,0,1,80,1,3,2,0,1,0,20.0,,voiture,,1,1,1,1,7
202000005538,2020-01-29 12:00:00,2020,1,29,12,0,69,69091,PAIX (DE LA) ( R ),45.58599,4.75418,Plein jour,En agglomération,Hors intersection,Temps couvert,Deux véhicules - frontale,4,2,1,0,3,2,2,0,1,50,2,2,1,0,0,1,39.0,25.0,voiture,voiture,1,2,1,8,1
202000005539,2020-01-23 10:20:00,2020,1,23,10,20,68,68066,BALE ( ROUTE DE),48.070318,7.360579,Plein jour,En agglomération,Autre intersection,Normale,Autre collision,4,1,0,1,1,1,1,9,5,50,1,2,1,0,1,0,50.0,,deux_roues,,1,2,9,1,6
202000005540,2020-06-21 07:40:00,2020,6,21,7,40,39,39167,,46.744248,5.417484,Plein jour,Hors agglomération,Hors intersection,Normale,Deux véhicules - frontale,3,-1,2,0,1,1,1,0,1,80,2,4,0,0,4,0,19.0,61.0,voiture,voiture,1,1,1,1,1
202000005541,2020-01-30 15:00:00,2020,1,30,15,0,67,67447,GABRIELLE COLETTE (RUE),48.612823,7.739883,Plein jour,En agglomération,Hors intersection,Normale,Autre collision,4,2,2,0,1,1,1,9,4,50,1,3,2,0,1,0,19.0,,voiture,,1,2,1,1,6
202000005542,2020-06-20 17:40:00,2020,6,20,17,40,44,44211,Rue du Docteur Gouret,47.353144,-2.511599,Plein jour,En agglomération,Hors intersection,Normale,Autre collision,6,-1,-1,0,1,1,1,0,1,30,1,2,1,0,1,0,69.0,,voiture,,1,2,1,1,6
202000005543,2020-01-31 14:20:00,2020,1,31,14,20,67,67180,RD 27,48.876001,7.7607134,Plein jour,Hors agglomération,Hors intersection,Normale,Deux véhicules - côté,3,2,2,0,1,1,1,0,1,80,2,2,1,0,0,1,23.0,53.0,voiture,deux_roues,1,1,1,1,3
202000005544,2020-06-20 09:30:00,2020,6,20,9,30,31,31187,2249 Route de Tarbes,43.536466,1.230368,Plein jour,En agglomération,Hors intersection,Normale,Autre collision,3,2,2,0,1,1,1,9,1,50,1,2,1,0,1,0,42.0,,deux_roues,,1,2,1,1,6
202000005545,2020-01-31 19:30:00,2020,1,31,19,30,65,65440,LARREY (RUE),43.230692,0.081502,Crépuscule ou aube,En agglomération,Hors intersection,Normale,Autre collision,4,1,2,0,1,1,1,0,1,50,1,2,0,0,0,2,35.0,,deux_roues,,2,2,1,1,6
202000005546,2020-06-20 22:30:00,2020,6,20,22,30,02,02355,3 Rue Robespierre,49.883958,3.247297,Nuit sans éclairage public,En agglomération,Hors intersection,Normale,Sans collision,4,2,2,0,1,1,1,0,1,50,1,2,1,0,1,0,21.0,,voiture,,3,2,1,1,7
202000005547,2020-06-21 02:30:00,2020,6,21,2,30,03,03119,7 Chemin des Terriens,46.7315858,3.6199307,Nuit sans éclairage public,Hors agglomération,Hors intersection,Normale,Autre collision,9,2,2,0,1,2,1,0,3,80,1,1,0,0,0,1,23.0,,voiture,,3,1,1,1,6
202000005548,2020-01-31 11:10:00,2020,1,31,11,10,64,64445,BORDEU DE,43.3032,-0.37089,Plein jour,En agglomération,Intersection en X,Normale,Deux véhicules - côté,4,2,2,0,1,1,1,0,1,50,2,2,1,0,0,1,47.0,64.0,deux_roues,voiture,1,2,2,1,3
202000005549,2020-06-20 02:20:00,2020,6,20,2,20,01,01196,Route de Chalon,46.394172,5.114678,Nuit sans éclairage public,Hors agglomération,Hors intersection,Normale,Sans collision,3,2,2,0,1,1,1,0,3,80,1,1,0,0,1,0,22.0,,voiture,,3,1,1,1,7
202000005550,2020-06-21 12:15:00,2020,6,21,12,15,70,70085,Route de Bussières,47.374556,5.999056,Plein jour,Hors agglomération,Hors intersection,Normale,Autre collision,3,2,2,0,1,2,1,0,3,-1,1,1,0,0,0,1,35.0,,deux_roues,,1,1,1,1,6
202000005551,2020-01-30 08:17:00,2020,1,30,8,17,64,64024,BASTIE (RUE MARYSE),43.46366,-1.50484,Plein jour,En agglomération,Intersection en X,Pluie légère,Deux véhicules - côté,4,-1,2,0,1,1,2,0,1,50,2,2,1,0,0,1,50.0,29.0,utilitaire_camion,deux_roues,1,2,2,2,3
202000005552,2020-01-31 13:20:00,2020,1,31,13,20,62,62540,CD941,50.455717,2.573616,Plein jour,Hors agglomération,Hors intersection,Normale,Sans collision,3,1,2,0,1,3,1,0,1,50,1,1,0,0,0,1,49.0,,utilitaire_camion,,1,1,1,1,7
202000005553,2020-06-21 16:30:00,2020,6,21,16,30,60,60166,Départementale 142,49.4703944,2.8012964,Plein jour,Hors agglomération,Hors intersection,Normale,Sans collision,3,2,2,0,1,3,1,0,1,80,1,1,0,0,1,0,28.0,,deux_roues,,1,1,1,1,7
202000005554,2020-06-20 14:30:00,2020,6,20,14,30,45,45129,Les Joigneaux,47.9779117,3.05291,Plein jour,Hors agglomération,Intersection en X,Normale,Deux véhicules - côté,4,2,1,0,1,1,1,0,1,80,2,3,0,0,1,2,72.0,61.0,voiture,voiture,1,1,2,1,3
202000005555,2020-01-30 17:10:00,2020,1,30,17,10,59,59178,PONT DE LA DEULE (RUE DE),50.39639,3.0861,Crépuscule ou aube,En agglomération,Intersection en T,Temps couvert,Trois véhicules et plus - collisions multiples,3,2,2,0,1,1,2,0,1,50,3,3,1,0,1,1,35.0,46.0,deux_roues,deux_roues,2,2,3,8,5
202000005556,2020-06-21 10:10:00,2020,6,21,10,10,64,64353,D35,43.089094,-0.411526,Plein jour,Hors agglomération,Hors intersection,Normale,Sans collision,3,2,2,0,2,2,1,0,3,80,1,1,0,0,1,0,79.0,,deux_roues,,1,1,1,1,7
202000005557,2020-01-16 11:12:00,2020,1,16,11,12,57,57019,USINE (RUE DE L'),49.25945,6.15047,Plein jour,En agglomération,Intersection en T,Normale,Autre collision,4,2,2,0,1,2,1,0,1,50,1,2,1,0,1,0,57.0,,voiture,,1,2,3,1,6
202000005558,2020-06-21 09:15:00,2020,6,21,9,15,64,64259,D22,43.293388,-1.241734,Plein jour,Hors agglomération,Hors intersection,Normale,Deux véhicules - côté,3,2,2,0,2,4,1,0,1,80,2,2,1,0,0,1,32.0,59.0,autre,deux_roues,1,1,1,1,3
202000005559,2020-06-20 06:40:00,2020,6,20,6,40,36,36129,348 Le Monteil,46.668258,1.902663,Crépuscule ou aube,En agglomération,Hors intersection,Normale,Autre collision,4,2,2,0,1,2,1,0,3,80,1,3,2,0,1,0,22.0,,voiture,,2,2,1,1,6
202000005560,2020-01-31 16:38:00,2020,1,31,16,38,54,54395,BOUFFLERS (AVENUE) DE 2 AU 72),48.6896183,6.1596756,Crépuscule ou aube,En agglomération,Hors intersection,Pluie légère,Deux véhicules - arrière,4,-1,2,0,1,1,2,0,1,50,2,2,1,0,0,1,38.0,22.0,voiture,voiture,2,2,1,2,2
202000005561,2020-06-19 22:30:00,2020,6,19,22,30,85,85046,D101,46.61843,-1.3091,Nuit sans éclairage public,Hors agglomération,Hors intersection,Normale,Autre collision,3,2,2,0,4,3,1,2,3,80,1,1,0,1,0,0,22.0,,voiture,,3,1,1,1,6
202000005562,2020-01-23 14:05:00,2020,1,23,14,5,51,51431,D951,49.0146184,3.9421941,Plein jour,Hors agglomération,Intersection en X,Normale,Deux véhicules - côté,3,2,2,0,1,1,1,5,1,80,2,3,1,0,0,2,49.0,54.0,voiture,voiture,1,1,2,1,3
202000005563,2020-06-21 16:15:00,2020,6,21,16,15,37,37223,D749,47.5138274,0.2856074,Plein jour,Hors agglomération,Intersection en X,Normale,Deux véhicules - frontale,3,2,2,0,3,2,1,0,1,80,2,4,0,0,2,2,22.0,78.0,voiture,voiture,1,1,2,1,1
202000005564,2020-01-31 08:20:00,2020,1,31,8,20,45,45285,Rue Charles Beauhaire,47.9128527,1.8747437,Plein jour,En agglomération,Hors intersection,Pluie légère,Autre collision,4,2,3,1,1,1,2,0,1,50,1,2,1,0,0,1,47.0,,voiture,,1,2,1,2,6
202000005565,2020-06-21 17:44:00,2020,6,21,17,44,88,88408,7 Rue de Saulx,47.908245,6.688539,Plein jour,En agglomération,Hors intersection,Normale,Deux véhicules - côté,3,2,2,0,1,3,1,0,1,50,2,2,1,0,1,0,16.0,58.0,deux_roues,voiture,1,2,1,1,3
202000005566,2020-01-31 23:30:00,2020,1,31,23,30,44,44109,Rue Crébillon,47.2138,-1.5604,Nuit avec éclairage allumé,En agglomération,Hors intersection,Pluie légère,Deux véhicules - arrière,4,1,0,0,1,1,2,0,1,30,2,2,1,0,0,1,27.0,28.0,deux_roues,voiture,5,2,1,2,2
202000005567,2020-06-20 18:45:00,2020,6,20,18,45,976,97603,musical plage CCD4,-12.917986,45.184107,Nuit sans éclairage public,Hors agglomération,Hors intersection,Pluie légère,Autre collision,3,2,2,0,1,3,2,0,3,70,1,3,1,1,0,1,24.0,,voiture,,3,1,1,2,6
202000005568,2020-06-19 19:45:00,2020,6,19,19,45,34,34270,A9,43.559321,3.826928,Plein jour,Hors agglomération,Intersection en Y,Normale,Autre collision,1,3,3,0,1,2,1,9,2,110,1,2,1,0,1,0,23.0,,voiture,,1,1,4,1,6
202000005569,2020-01-31 19:30:00,2020,1,31,19,30,44,44109,Péripherique,47.198976,-1.6165,Nuit avec éclairage allumé,En agglomération,Hors intersection,Pluie légère,Deux véhicules - arrière,2,3,0,0,1,1,2,0,1,70,2,2,1,0,0,1,29.0,38.0,voiture,deux_roues,5,2,1,2,2
202000005570,2020-06-21 14:50:00,2020,6,21,14,50,69,69013,A6,46.010093,4.730033,Plein jour,Hors agglomération,Hors intersection,Normale,Autre collision,1,3,3,0,1,1,1,0,3,130,1,3,1,0,1,1,66.0,,voiture,,1,1,1,1,6
202000005571,2020-01-30 12:40:00,2020,1,30,12,40,42,42044,Rue de la République,45.3960219,4.3220715,Plein jour,En agglomération,Intersection en X,Pluie légère,Deux véhicules - côté,3,2,2,0,2,1,2,5,1,50,2,2,1,0,0,1,52.0,52.0,deux_roues,voiture,1,2,2,2,3
202000005572,2020-06-20 15:05:00,2020,6,20,15,5,971,97129,Boulevard Saint Charles,16.33441,-61.698162,Plein jour,En agglomération,Hors intersection,Normale,Deux véhicules - côté,4,2,2,0,1,1,1,5,1,50,2,2,1,1,0,0,28.0,65.0,deux_roues,utilitaire_camion,1,2,1,1,3
202000005573,2020-01-31 20:43:00,2020,1,31,20,43,37,37214,VOISIN (BOULEVARD ANDRE-GEORGES),47.430935,0.6679577,Nuit avec éclairage allumé,En agglomération,Autre intersection,Normale,Deux véhicules - côté,3,1,2,0,1,2,2,0,1,50,2,2,1,0,0,1,20.0,52.0,deux_roues,voiture,5,2,9,1,3
202000005574,2020-01-30 21:45:00,2020,1,30,21,45,37,37261,LOUIS XI (ROND-POINT),47.3747353,0.6713758,Nuit avec éclairage allumé,En agglomération,Giratoire,Pluie légère,Autre collision,7,3,4,1,1,1,2,0,1,50,1,1,0,0,0,1,23.0,,voiture,,5,2,6,2,6
202000005575,2020-06-20 23:15:00,2020,6,20,23,15,33,33333,rd 107,44.87551,-1.07253,Nuit sans éclairage public,Hors agglomération,Hors intersection,Normale,Deux véhicules - arrière,3,2,2,0,1,1,1,0,1,80,2,3,1,2,0,0,35.0,32.0,deux_roues,voiture,3,1,1,1,2
202000005576,2020-06-21 07:10:00,2020,6,21,7,10,18,18198,D18,46.925697,2.136393,Plein jour,Hors agglomération,Hors intersection,Normale,Autre collision,3,2,2,0,1,1,1,0,3,80,1,1,0,0,1,0,19.0,,voiture,,1,1,1,1,6
202000005577,2020-01-31 08:15:00,2020,1,31,8,15,35,35281,RN 136 PORTE DE ST NAZAIRE,48.09247,-1.70805,Plein jour,En agglomération,Autre intersection,Pluie légère,Deux véhicules - arrière,2,3,8,0,1,1,2,0,1,90,2,6,4,0,0,2,27.0,58.0,voiture,utilitaire_camion,1,2,9,2,2
202000005578,2020-06-21 17:00:00,2020,6,21,17,0,77,77078,74 Avenue des Vignes,48.967988,3.138818,Plein jour,En agglomération,Autre intersection,Normale,Deux véhicules - frontale,9,-1,2,0,2,3,1,0,1,30,2,2,1,0,0,1,12.0,23.0,deux_roues,utilitaire_camion,1,2,9,1,1
202000005579,2020-01-31 07:12:00,2020,1,31,7,12,34,34172,VIEILLE POSTE (RUE DE LA,43.6178485,3.9126622,Nuit avec éclairage allumé,En agglomération,Autre intersection,Normale,Autre collision,4,1,1,0,1,3,1,9,1,50,1,2,1,0,0,1,50.0,,voiture,,5,2,9,1,6
202000005580,2020-06-21 00:00:00,2020,6,21,0,0,77,77142,D934,48.8536367,2.9311195,Nuit sans éclairage public,Hors agglomération,Hors intersection,Normale,Deux véhicules - côté,3,2,3,0,2,1,1,0,1,80,2,2,1,0,1,0,57.0,33.0,deux_roues,voiture,3,1,1,1,3
202000005581,2020-01-31 13:00:00,2020,1,31,13,0,33,33013,AVE DE L' ILE DE FRANCE / BD FEYDEAU / AVE GAY LUSSAC,44.84909,-0.4969,Plein jour,En agglomération,Giratoire,Pluie légère,Deux véhicules - côté,4,2,2,0,1,1,2,0,8,50,2,2,1,0,0,1,31.0,31.0,voiture,voiture,1,2,6,2,3
202000005582,2020-01-31 01:55:00,2020,1,31,1,55,31,31555,BD DU MARECHAL JUIN,43.5888,1.44007,Nuit avec éclairage allumé,En agglomération,Hors intersection,Pluie légère,Autre collision,4,2,2,0,1,1,2,0,1,50,1,1,0,0,0,1,,,,,5,2,1,2,6
202000005583,2020-06-21 06:40:00,2020,6,21,6,40,95,95355,Rue du Général de Gaulle,49.152685,1.78067,Crépuscule ou aube,En agglomération,Autre intersection,Normale,Deux véhicules - côté,3,2,2,0,1,1,1,0,1,50,2,2,1,0,1,0,32.0,42.0,deux_roues,voiture,2,2,9,1,3
202000005584,2020-01-30 17:50:00,2020,1,30,17,50,31,31555,RD916,43.554407,1.497,Crépuscule ou aube,Hors agglomération,Hors intersection,Normale,Deux véhicules - côté,3,1,2,0,1,1,1,0,1,70,2,2,1,0,1,0,54.0,22.0,voiture,deux_roues,2,1,1,1,3
202000005585,2020-06-21 08:40:00,2020,6,21,8,40,34,34143,Route de Villeveyrac,43.450991,3.612426,Plein jour,En agglomération,Hors intersection,Normale,Deux véhicules - côté,3,2,2,0,2,1,1,0,1,50,2,2,1,0,1,0,41.0,64.0,deux_roues,voiture,1,2,1,1,3
202000005586,2020-01-31 21:35:00,2020,1,31,21,35,30,30189,JAURES JEAN (BOULEVARD),43.83176,4.35176,Nuit avec éclairage allumé,En agglomération,Hors intersection,Normale,Trois véhicules et plus - collisions multiples,4,1,2,0,1,1,1,0,1,50,5,4,3,0,0,1,19.0,62.0,voiture,voiture,5,2,1,1,5
202000005587,2020-06-09 22:15:00,2020,6,9,22,15,34,34113,1 Impasse des Mimosas,43.506151,3.708611,Nuit sans éclairage public,En agglomération,Hors intersection,Normale,Sans collision,4,1,2,0,1,2,1,0,3,50,1,1,0,0,1,0,18.0,,deux_roues,,3,2,1,1,7
202000005588,2020-06-20 12:35:00,2020,6,20,12,35,13,13023,Route de Ceyreste,43.225318,5.648083,Plein jour,Hors agglomération,Hors intersection,Normale,Deux véhicules - frontale,3,2,2,0,2,3,1,0,1,80,2,2,1,0,1,0,30.0,30.0,deux_roues,voiture,1,1,1,1,1
202000005589,2020-01-31 13:23:00,2020,1,31,13,23,29,29019,Rue Louis Pasteur,48.3880996,-4.4903719,Plein jour,En agglomération,Intersection en X,Pluie forte,Deux véhicules - côté,4,2,0,0,1,1,2,0,1,50,2,3,2,0,0,1,49.0,19.0,deux_roues,voiture,1,2,2,3,3
202000005590,2020-01-28 14:14:00,2020,1,28,14,14,29,29019,Rue Yves Collet,48.388976,-4.48383,Plein jour,En agglomération,Giratoire,Pluie légère,Autre collision,4,2,2,0,4,1,2,0,1,50,1,2,1,0,0,1,33.0,,voiture,,1,2,6,2,6
202000005591,2020-06-21 13:15:00,2020,6,21,13,15,13,13095,D10,43.537715,5.484291,Plein jour,En agglomération,Hors intersection,Normale,Deux véhicules - frontale,3,2,2,0,1,1,1,0,1,50,2,7,1,0,1,5,63.0,41.0,voiture,voiture,1,2,1,1,1
202000005592,2020-01-31 17:45:00,2020,1,31,17,45,26,26362,260 Bis rue Antoine Barnave,44.9411666,4.917455,Crépuscule ou aube,En agglomération,Hors intersection,Normale,Autre collision,6,-1,-1,-1,1,1,1,9,8,50,1,2,1,0,1,0,46.0,,utilitaire_camion,,2,2,1,1,6
202000005593,2020-01-31 23:47:00,2020,1,31,23,47,25,25056,CHARDONNET AV. DE,47.23041,6.04038,Nuit avec éclairage allumé,En agglomération,Hors intersection,Normale,Autre collision,4,2,2,0,1,1,2,0,3,50,1,4,3,0,0,1,23.0,,voiture,,5,2,1,1,6
202000005594,2020-06-21 16:45:00,2020,6,21,16,45,67,67101,D392,48.522798,7.505985,Plein jour,Hors agglomération,Intersection en T,Normale,Deux véhicules - frontale,3,2,1,0,1,1,1,5,1,80,2,2,1,0,0,1,45.0,70.0,deux_roues,voiture,1,1,3,1,1
202000005595,2020-01-29 00:04:00,2020,1,29,0,4,22,22278,RN12,48.52127,-2.74851,Nuit avec éclairage allumé,Hors agglomération,Hors intersection,Normale,Autre collision,2,1,1,0,1,3,1,3,6,90,1,1,0,1,0,0,21.0,,voiture,,5,1,1,1,6
202000005596,2020-06-21 15:30:00,2020,6,21,15,30,01,01187,5 Rue Principale,46.034446,5.674219,Plein jour,En agglomération,Intersection en T,Normale,Deux véhicules - côté,3,2,1,0,4,2,1,0,1,50,2,3,1,0,1,1,11.0,44.0,deux_roues,utilitaire_camion,1,2,3,1,3
202000005597,2020-01-31 14:00:00,2020,1,31,14,0,14,14341,DRONNIERE (RUE DE LA),49.13827,-0.33556,Plein jour,En agglomération,Hors intersection,Normale,Sans collision,3,2,2,0,1,1,1,0,3,50,1,2,1,0,0,1,42.0,,voiture,,1,2,1,1,7
202000005598,2020-06-21 18:30:00,2020,6,21,18,30,69,69254,D313,45.9404744,4.4354905,Plein jour,Hors agglomération,Hors intersection,Normale,Trois véhicules et plus - collisions multiples,3,2,2,0,1,1,1,0,1,80,3,3,2,0,1,0,59.0,38.0,deux_roues,utilitaire_camion,1,1,1,1,5
202000005599,2020-01-31 16:45:00,2020,1,31,16,45,13,13212,PEINTRES ROUX (AVENUE DES),43.305554,5.470533,Plein jour,En agglomération,Hors intersection,Normale,Deux véhicules - côté,3,2,2,0,1,1,1,0,1,50,2,2,1,0,0,1,31.0,42.0,voiture,deux_roues,1,2,1,1,3
202000005600,2020-06-21 06:30:00,2020,6,21,6,30,81,81140,44 Rue de Lagarrigue,43.693448,1.819843,Crépuscule ou aube,En agglomération,Hors intersection,Normale,Autre collision,4,1,1,0,1,3,1,0,3,50,1,4,0,0,0,4,21.0,,voiture,,2,2,1,1,6
202000005601,2020-06-20 15:30:00,2020,6,20,15,30,65,65123,D918,42.936129,0.20874,Plein jour,Hors agglomération,Hors intersection,Normale,Autre collision,3,2,2,0,2,2,1,0,8,80,1,2,0,0,2,0,72.0,,voiture,,1,1,1,1,6
202000005602,2020-01-29 17:40:00,2020,1,29,17,40,13,13202,COLBERT(RUE),43.299268,5.374096,Crépuscule ou aube,En agglomération,Passage à niveau,Normale,Deux véhicules - côté,4,2,3,3,1,1,1,4,6,50,2,4,2,0,0,2,17.0,31.0,deux_roues,transport_commun,2,2,8,1,3