accident_id,datetime,annee,mois,jour,heure,minute,departement,commune_insee,adresse,latitude,longitude,luminosite,agglomeration,intersection,meteo,collision,catr,circ,nbv,vosp,prof,plan,surf,infra,situ,vma,nb_vehicules,nb_usagers,nb_indemnes,nb_tues,nb_blesses_hosp,nb_blesses_legers,age_cond_1,age_cond_2,veh_type_cond_1,veh_type_cond_2,lum_code,agg_code,int_code,atm_code,col_code
202000005694,2020-01-30 09:15:00,2020,1,30,9,15,92,92023,SABLONS (RUE DES),48.80702,2.25778,Plein jour,En agglomération,Intersection en X,Pluie forte,Deux véhicules - côté,4,1,1,0,1,1,2,0,1,30,2,2,1,0,0,1,52.0,39.0,deux_roues,voiture,1,2,2,3,3
202000005695,2020-01-31 14:30:00,2020,1,31,14,30,92,92036,BAS ( RUE DES ),48.920461,2.288438,Plein jour,En agglomération,Intersection en T,Normale,Deux véhicules - côté,3,2,4,0,1,1,1,0,1,70,2,3,1,0,0,2,49.0,55.0,voiture,deux_roues,1,2,3,1,3
202000005696,2020-01-30 17:45:00,2020,1,30,17,45,92,92002,LEBRUN (AVENUE),48.763596,2.304559,Crépuscule ou aube,En agglomération,Hors intersection,Pluie légère,,3,2,2,0,2,1,2,0,1,50,2,2,1,0,1,0,50.0,43.0,voiture,deux_roues,2,2,1,2,-1
202000005697,2020-02-01 07:20:00,2020,2,1,7,20,38,38336,Chemin du Vieux Pave,45.47375,4.82914,Plein jour,En agglomération,Giratoire,Normale,Autre collision,2,2,2,0,1,1,1,5,4,50,1,1,0,0,1,0,42.0,,voiture,,1,2,6,1,6
202000005698,2020-01-31 20:15:00,2020,1,31,20,15,85,85126,D148,46.458437,-0.837836,Nuit sans éclairage public,Hors agglomération,Hors intersection,Normale,Deux véhicules - frontale,3,2,2,0,1,1,2,0,1,80,2,2,1,0,1,0,41.0,47.0,voiture,utilitaire_camion,3,1,1,1,1
202000005699,2020-01-27 12:25:00,2020,1,27,12,25,68,68019,468,48.095247,7.533435,Plein jour,Hors agglomération,Intersection en T,Normale,Trois véhicules et plus - en chaîne,3,2,2,0,1,1,1,0,1,80,3,3,1,0,0,2,28.0,39.0,voiture,voiture,1,1,3,1,4
202000005700,2020-01-31 19:15:00,2020,1,31,19,15,01,01157,D933,46.007827,4.751002,Nuit sans éclairage public,Hors agglomération,Hors intersection,Normale,Autre collision,3,2,2,0,1,1,1,0,3,70,1,1,0,0,0,1,47.0,,voiture,,3,1,1,1,6
202000005701,2020-01-28 12:42:00,2020,1,28,12,42,68,68300,D201,47.785105,7.388273,Plein jour,Hors agglomération,Hors intersection,Temps couvert,Deux véhicules - arrière,3,2,2,0,1,1,1,0,1,80,2,2,1,0,0,1,51.0,46.0,deux_roues,voiture,1,1,1,8,2
202000005702,2020-01-31 08:30:00,2020,1,31,8,30,29,29142,Lothey N165,48.162464,-4.044106,Plein jour,Hors agglomération,Hors intersection,Temps couvert,Autre collision,2,3,4,0,2,1,2,0,3,110,1,2,1,0,0,1,43.0,,utilitaire_camion,,1,1,1,8,6
202000005703,2020-01-31 17:55:00,2020,1,31,17,55,22,22093,RN 12 - PR 40+500,48.470474,-2.55372,Plein jour,Hors agglomération,Hors intersection,Normale,Deux véhicules - arrière,2,3,4,0,1,1,1,0,1,110,2,3,1,0,0,2,20.0,21.0,voiture,voiture,1,1,1,1,2
202000005704,2020-01-30 12:00:00,2020,1,30,12,0,06,06095,53 Avenue des Termes,43.638503,6.883911,Plein jour,En agglomération,Intersection en X,Normale,Deux véhicules - côté,4,2,1,0,2,1,1,0,1,50,2,3,1,0,0,2,49.0,46.0,utilitaire_camion,voiture,1,2,2,1,3
202000005705,2020-01-31 17:20:00,2020,1,31,17,20,50,50512,La Pilauderie,49.059849,-1.1761,Plein jour,Hors agglomération,Hors intersection,Normale,Sans collision,3,2,2,0,1,1,1,0,3,80,1,1,0,0,1,0,17.0,,deux_roues,,1,1,1,1,7
202000005706,2020-02-01 09:00:00,2020,2,1,9,0,83,83054,Route Nationale 97,43.160846,6.04203,Plein jour,En agglomération,Hors intersection,Normale,Deux véhicules - frontale,3,2,2,0,1,1,1,0,1,50,2,2,1,0,1,0,49.0,81.0,voiture,voiture,1,2,1,1,1
202000005707,2020-01-31 18:45:00,2020,1,31,18,45,62,62595,Route de Houlle,50.7899872,2.1761747,Nuit avec éclairage allumé,En agglomération,Intersection en T,Temps couvert,Deux véhicules - côté,3,2,2,0,1,1,2,0,1,50,2,2,1,0,0,1,23.0,56.0,voiture,voiture,5,2,3,8,3
202000005708,2020-02-01 08:15:00,2020,2,1,8,15,74,74173,510 Route du Leutaz,45.838943,6.597928,Plein jour,En agglomération,Hors intersection,Normale,Deux véhicules - frontale,4,2,2,0,2,1,2,0,1,80,2,2,1,0,0,1,21.0,29.0,voiture,utilitaire_camion,1,2,1,1,1
202000005709,2020-02-01 18:10:00,2020,2,1,18,10,67,67463,1 route de strasbourg,48.895925,8.108111,Nuit avec éclairage allumé,En agglomération,Intersection en T,Pluie légère,Deux véhicules - frontale,3,2,2,2,1,1,2,0,1,50,2,2,1,0,1,0,31.0,16.0,voiture,deux_roues,5,2,3,2,1
202000005710,2020-01-31 13:57:00,2020,1,31,13,57,31,31150,N 224,43.661352,1.353078,Plein jour,Hors agglomération,Hors intersection,Normale,Autre collision,2,2,2,0,1,1,1,0,3,80,1,1,0,0,1,0,51.0,,voiture,,1,1,1,1,6
202000005711,2020-02-01 18:45:00,2020,2,1,18,45,55,55088,D964,48.5526147,5.6675202,Nuit sans éclairage public,Hors agglomération,Hors intersection,Pluie légère,Sans collision,3,2,2,0,1,3,2,0,8,80,1,1,0,0,0,1,30.0,,voiture,,3,1,1,2,7
202000005712,2020-01-31 18:15:00,2020,1,31,18,15,68,68258,D2,47.830328,7.295008,Nuit sans éclairage public,Hors agglomération,Hors intersection,Normale,Sans collision,3,2,2,0,1,1,1,0,1,80,1,1,0,0,0,1,17.0,,deux_roues,,3,1,1,1,7
202000005713,2020-02-01 01:40:00,2020,2,1,1,40,22,22164,Collet Meur,48.597234,-3.29018,Nuit sans éclairage public,Hors agglomération,Hors intersection,Pluie légère,Sans collision,3,2,2,0,2,3,2,0,3,80,1,1,0,0,1,0,39.0,,voiture,,3,1,1,2,7
202000005714,2020-01-31 21:10:00,2020,1,31,21,10,44,44069,Avenue de la Brière,47.331323,-2.423279,Nuit avec éclairage allumé,En agglomération,Hors intersection,Pluie légère,Autre collision,4,2,2,0,1,1,2,0,1,50,1,2,1,0,1,0,56.0,,utilitaire_camion,,5,2,1,2,6
202000005715,2020-02-01 18:50:00,2020,2,1,18,50,13,13010,D570n,43.896346,4.785533,Nuit sans éclairage public,Hors agglomération,Giratoire,Pluie légère,Deux véhicules - arrière,3,-1,1,0,1,3,2,5,1,80,2,2,1,0,0,1,46.0,25.0,deux_roues,voiture,3,1,6,2,2
202000005716,2020-02-01 01:00:00,2020,2,1,1,0,05,05072,N85,44.658794,6.084613,Nuit sans éclairage public,Hors agglomération,Hors intersection,Normale,Autre collision,2,2,2,0,2,1,1,0,3,80,1,1,0,0,1,0,27.0,,voiture,,3,1,1,1,6
202000005717,2020-02-01 14:10:00,2020,2,1,14,10,60,60155,Lieu Dit la Villeneuve,49.2438974,2.324069,Plein jour,Hors agglomération,Autre intersection,Normale,Deux véhicules - côté,3,2,2,0,1,3,1,0,1,70,2,2,0,2,0,0,59.0,41.0,voiture,voiture,1,1,9,1,3
202000005718,2020-01-31 14:15:00,2020,1,31,14,15,18,18004,Les Bouchis,47.225722,2.266182,Plein jour,Hors agglomération,Intersection en X,Pluie légère,Deux véhicules - côté,3,2,2,0,1,1,2,0,1,80,2,3,1,0,1,1,30.0,60.0,voiture,voiture,1,1,2,2,3
202000005719,2020-01-30 14:30:00,2020,1,30,14,30,43,43137,10 Avenue du 11 Novembre,45.287286,4.167901,Plein jour,En agglomération,Hors intersection,Normale,Deux véhicules - côté,4,2,2,0,1,1,1,0,1,50,2,2,1,0,1,0,24.0,18.0,voiture,deux_roues,1,2,1,1,3
202000005720,2020-02-01 01:20:00,2020,2,1,1,20,53,53147,Rue Roullois,48.304239,-0.614198,Nuit sans éclairage public,En agglomération,Intersection en X,Pluie forte,Deux véhicules - frontale,2,2,3,0,2,1,2,0,1,50,2,3,2,0,1,0,16.0,32.0,deux_roues,voiture,3,2,2,3,1
202000005721,2020-02-01 09:40:00,2020,2,1,9,40,40,40001,2505 Avenue de Bordeaux,43.732096,-0.266815,Plein jour,En agglomération,Hors intersection,Normale,Deux véhicules - arrière,3,2,2,0,1,1,1,0,1,70,2,4,1,0,0,3,45.0,64.0,voiture,voiture,1,2,1,1,2
202000005722,2020-01-31 23:40:00,2020,1,31,23,40,40,40272,D12,43.570893,-1.274865,Nuit sans éclairage public,Hors agglomération,Hors intersection,Normale,Autre collision,3,2,2,0,1,1,1,0,8,80,1,1,0,1,0,0,22.0,,voiture,,3,1,1,1,6
202000005723,2020-01-31 17:33:00,2020,1,31,17,33,17,17218,RD 137 Route de la Rochelle,46.283406,-0.994391,Crépuscule ou aube,Hors agglomération,Intersection en T,Pluie légère,Deux véhicules - côté,3,2,2,0,1,1,2,0,1,70,2,2,1,0,1,0,23.0,64.0,deux_roues,voiture,2,1,3,2,3
202000005724,2020-02-01 02:35:00,2020,2,1,2,35,30,30123,N113,43.698488,4.176328,Nuit sans éclairage public,Hors agglomération,Hors intersection,Normale,Deux véhicules - frontale,2,2,2,0,1,1,1,0,1,80,2,2,0,0,1,1,24.0,39.0,voiture,voiture,3,1,1,1,1
202000005725,2020-01-31 17:08:00,2020,1,31,17,8,33,33352,D9e1,44.57857,-0.022808,Plein jour,Hors agglomération,Hors intersection,Temps couvert,Deux véhicules - frontale,3,2,2,0,1,1,2,9,1,80,2,6,1,1,3,1,47.0,54.0,voiture,utilitaire_camion,1,1,1,8,1
202000005726,2020-01-31 16:30:00,2020,1,31,16,30,76,76684,"Pont, route national 182",49.473771,0.463593,Plein jour,Hors agglomération,Hors intersection,Normale,Trois véhicules et plus - collisions multiples,2,2,4,0,1,1,1,0,1,70,3,5,3,0,0,2,30.0,70.0,utilitaire_camion,voiture,1,1,1,1,5
202000005727,2020-01-25 19:00:00,2020,1,25,19,0,13,13044,D19,43.611875,5.050342,Nuit sans éclairage public,Hors agglomération,Hors intersection,Normale,Deux véhicules - arrière,3,2,2,0,1,1,1,0,1,80,2,4,2,0,0,2,58.0,37.0,voiture,voiture,3,1,1,1,2
202000005728,2020-02-01 15:45:00,2020,2,1,15,45,34,34337,Route Départemental 185,43.53927,3.883356,Plein jour,Hors agglomération,Hors intersection,Normale,Deux véhicules - frontale,3,2,2,1,1,1,1,0,1,80,2,4,0,0,0,4,25.0,54.0,voiture,voiture,1,1,1,1,1
202000005729,2020-01-31 18:45:00,2020,1,31,18,45,69,69244,Avenue du 11 Novembre 1918,45.764045,4.760267,Crépuscule ou aube,En agglomération,Intersection en X,Normale,Sans collision,4,2,2,0,1,1,1,0,1,50,1,2,1,0,0,1,19.0,,voiture,,2,2,2,1,7
202000005730,2020-01-31 17:20:00,2020,1,31,17,20,69,69027,D342,45.684762,4.766457,Crépuscule ou aube,Hors agglomération,Hors intersection,Normale,Deux véhicules - arrière,3,3,4,0,2,1,1,0,1,70,2,2,1,0,0,1,23.0,54.0,voiture,voiture,2,1,1,1,2
202000005731,2020-02-01 08:30:00,2020,2,1,8,30,91,91441,"Autoroute A 6, PK 040+700, circulant vers PARIS",48.507539,2.510988,Plein jour,Hors agglomération,Hors intersection,Pluie forte,Sans collision,1,3,5,0,1,1,3,0,1,110,1,2,1,0,0,1,60.0,,voiture,,1,1,1,3,7
202000005732,2020-01-31 18:50:00,2020,1,31,18,50,971,97107,289 Boulevard de Bananier,16.001946,-61.599355,Nuit avec éclairage allumé,En agglomération,Hors intersection,Normale,Autre collision,2,2,2,0,2,1,1,0,1,50,1,2,1,0,1,0,72.0,,voiture,,5,2,1,1,6
202000005733,2020-01-31 21:30:00,2020,1,31,21,30,971,97107,1492 Rue de Roseau,16.087107,-61.563027,Nuit avec éclairage allumé,Hors agglomération,Giratoire,Normale,Deux véhicules - frontale,2,2,2,0,1,1,1,5,1,-1,2,4,1,0,1,2,26.0,28.0,voiture,voiture,5,1,6,1,1
202000005734,2020-02-01 10:10:00,2020,2,1,10,10,37,37003,D61,47.3893681,1.0470395,Plein jour,Hors agglomération,Intersection en X,Pluie légère,Deux véhicules - frontale,3,2,2,0,2,3,2,0,1,80,2,4,1,0,2,1,20.0,56.0,utilitaire_camion,voiture,1,1,2,2,1
202000005735,2020-01-31 10:20:00,2020,1,31,10,20,45,45297,D119 - PR 1+600,47.775805,2.3915,Plein jour,Hors agglomération,Hors intersection,Temps couvert,Sans collision,3,2,2,0,1,3,2,0,3,80,1,2,0,0,0,2,28.0,,voiture,,1,1,1,8,7
202000005736,2020-01-31 18:37:00,2020,1,31,18,37,77,77099,D7,48.160779,2.673932,Nuit sans éclairage public,Hors agglomération,Hors intersection,Temps couvert,Deux véhicules - frontale,3,2,2,0,1,3,2,0,1,80,2,4,0,0,4,0,54.0,36.0,voiture,voiture,3,1,1,8,1
202000005737,2020-01-31 16:45:00,2020,1,31,16,45,91,91338,D838,48.63477,2.063659,Plein jour,Hors agglomération,Intersection en X,Temps couvert,Deux véhicules - frontale,3,2,2,0,1,1,1,0,1,-1,2,3,2,0,0,1,70.0,64.0,voiture,voiture,1,1,2,8,1
202000005738,2020-01-31 12:00:00,2020,1,31,12,0,34,34058,Saint Leonard,43.690864,4.015334,Plein jour,Hors agglomération,Hors intersection,Normale,,3,2,2,0,1,1,1,0,3,80,2,2,1,0,0,1,50.0,61.0,utilitaire_camion,voiture,1,1,1,1,-1
202000005739,2020-01-29 19:00:00,2020,1,29,19,0,74,74224,Route de Lavillat,46.05515,6.290805,Nuit sans éclairage public,Hors agglomération,Hors intersection,Pluie légère,Autre collision,4,2,2,0,2,2,2,2,8,50,1,1,0,1,0,0,55.0,,voiture,,3,1,1,2,6
202000005740,2020-02-01 11:00:00,2020,2,1,11,0,17,17444,RD6 - Route de Gémozac,45.654473,-0.652764,Plein jour,Hors agglomération,Hors intersection,Pluie légère,Deux véhicules - arrière,3,2,2,0,3,1,2,0,1,80,2,2,1,0,0,1,84.0,46.0,voiture,deux_roues,1,1,1,2,2
202000005741,2020-01-22 19:50:00,2020,1,22,19,50,33,33019,24 Allée Ernest de Boissière,44.68369,-1.01574,Nuit avec éclairage allumé,En agglomération,Hors intersection,Temps couvert,Autre collision,3,2,2,0,1,1,2,6,1,50,1,2,1,0,1,0,57.0,,voiture,,5,2,1,8,6
202000005742,2020-02-01 09:08:00,2020,2,1,9,8,27,27321,D133,49.197747,1.130111,Plein jour,Hors agglomération,Hors intersection,Normale,Autre collision,3,2,2,0,2,2,2,0,3,70,1,1,0,1,0,0,34.0,,voiture,,1,1,1,1,6
202000005743,2020-01-31 08:34:00,2020,1,31,8,34,13,13071,A55-Sens Martigues vers Marseille,43.37755,5.3177,Plein jour,Hors agglomération,Hors intersection,Normale,Trois véhicules et plus - en chaîne,1,3,2,0,1,1,1,0,1,110,3,3,1,0,0,2,37.0,29.0,voiture,utilitaire_camion,1,1,1,1,4
202000005744,2020-01-29 09:45:00,2020,1,29,9,45,83,83137,A50,43.12506,5.90625,Plein jour,Hors agglomération,Hors intersection,Normale,Trois véhicules et plus - en chaîne,1,3,8,0,1,3,1,0,1,90,3,3,2,0,0,1,46.0,68.0,voiture,voiture,1,1,1,1,4
202000005745,2020-01-31 11:00:00,2020,1,31,11,0,33,33448,AUTOROUTE A 62,44.71918,-0.52156,Plein jour,Hors agglomération,Hors intersection,Normale,Autre collision,1,3,4,0,1,1,1,0,3,130,1,1,0,0,0,1,29.0,,voiture,,1,1,1,1,6
202000005746,2020-01-31 08:55:00,2020,1,31,8,55,92,92048,N118,48.8045487,2.2135654,Plein jour,Hors agglomération,Hors intersection,Temps couvert,Sans collision,2,3,6,0,1,1,2,0,1,110,1,1,0,0,0,1,28.0,,deux_roues,,1,1,1,8,7
202000005747,2020-01-31 15:00:00,2020,1,31,15,0,95,95277,AUTOROUTE A104,48.97226,2.48601,Plein jour,Hors agglomération,Hors intersection,Normale,Trois véhicules et plus - collisions multiples,1,3,12,0,1,1,1,9,1,90,3,2,1,0,0,1,50.0,54.0,voiture,voiture,1,1,1,1,5
202000005748,2020-01-31 07:00:00,2020,1,31,7,0,95,95252,AUTOROUTE A15,48.97715,2.23392,Nuit sans éclairage public,Hors agglomération,Hors intersection,Pluie légère,Deux véhicules - côté,1,3,7,0,2,3,2,0,1,110,2,2,1,0,0,1,59.0,59.0,utilitaire_camion,utilitaire_camion,3,1,1,2,3
202000005749,2020-01-31 08:45:00,2020,1,31,8,45,95,95277,AUTOROUTE A104,48.97311,2.48527,Plein jour,Hors agglomération,Hors intersection,Normale,Autre collision,1,3,3,0,2,2,2,0,1,70,1,1,0,0,0,1,28.0,,voiture,,1,1,1,1,6
202000005750,2020-01-31 06:30:00,2020,1,31,6,30,95,95572,AUTOROUTE A15,49.03253,2.11217,Nuit avec éclairage non allumé,Hors agglomération,Hors intersection,Normale,Autre collision,1,1,1,0,2,3,2,0,1,50,1,1,0,0,0,1,32.0,,voiture,,4,1,1,1,6
202000005751,2020-01-30 20:30:00,2020,1,30,20,30,95,95582,AUTOROUTE A115,48.975,2.2415,Nuit sans éclairage public,Hors agglomération,Hors intersection,Pluie légère,Autre collision,1,1,2,0,2,2,2,2,1,70,1,3,0,0,0,3,39.0,,voiture,,3,1,1,2,6
202000005752,2020-01-30 16:30:00,2020,1,30,16,30,93,93027,BDL,48.92664,2.40224,Plein jour,Hors agglomération,Hors intersection,Pluie légère,Autre collision,1,1,2,0,2,3,2,3,1,50,1,1,0,0,0,1,22.0,,voiture,,1,1,1,2,6
202000005753,2020-01-30 08:15:00,2020,1,30,8,15,92,92036,AUTOROUTE A15,48.94239,2.28948,Crépuscule ou aube,Hors agglomération,Hors intersection,Normale,Deux véhicules - côté,1,3,8,0,1,1,1,2,1,90,2,2,1,0,0,1,36.0,23.0,voiture,deux_roues,2,1,1,1,3
202000005754,2020-01-29 16:20:00,2020,1,29,16,20,93,93007,AUTOROUTE A3,48.93266,2.48072,Plein jour,Hors agglomération,Hors intersection,Normale,Trois véhicules et plus - en chaîne,1,3,8,0,2,1,1,2,1,90,3,4,2,0,0,2,43.0,32.0,utilitaire_camion,voiture,1,1,1,1,4
202000005755,2020-01-31 17:30:00,2020,1,31,17,30,93,93051,A4,48.8349003,2.5774734,Plein jour,Hors agglomération,Hors intersection,Normale,Deux véhicules - côté,1,1,4,0,1,1,1,0,1,110,2,2,1,0,0,1,28.0,32.0,deux_roues,voiture,1,1,1,1,3
202000005756,2020-01-31 10:40:00,2020,1,31,10,40,94,94069,A4,48.81744,2.42903,Plein jour,Hors agglomération,Hors intersection,Temps couvert,Deux véhicules - côté,1,3,5,0,1,1,2,0,1,90,2,2,1,0,0,1,46.0,34.0,utilitaire_camion,voiture,1,1,1,8,3
202000005757,2020-01-30 07:00:00,2020,1,30,7,0,974,97416,Chemin Antoine Picard,-21.31495,55.5416,Plein jour,Hors agglomération,Hors intersection,Normale,Trois véhicules et plus - en chaîne,3,2,2,0,2,1,1,0,1,90,3,3,2,0,0,1,35.0,26.0,voiture,voiture,1,1,1,1,4
202000005758,2020-01-29 05:45:00,2020,1,29,5,45,974,97409,RN2 SENS STE SUZANNE ST BENOIT,-20.95881,55.65733,Crépuscule ou aube,Hors agglomération,Autre intersection,Normale,Deux véhicules - côté,2,3,1,0,1,1,1,9,1,110,2,3,2,0,0,1,47.0,58.0,voiture,utilitaire_camion,2,1,9,1,3
202000005759,2020-01-29 09:45:00,2020,1,29,9,45,973,97302,REPUBLIQUE (BD DE LA),4.9373,-52.32539,Plein jour,En agglomération,Hors intersection,Normale,Deux véhicules - arrière,4,2,1,0,1,1,1,9,1,50,2,3,1,0,1,1,56.0,27.0,voiture,deux_roues,1,2,1,1,2
202000005760,2020-01-30 18:00:00,2020,1,30,18,0,69,69259,FRANCIS DE PRESSENSE                (AV),45.728522,4.8611766,Nuit avec éclairage allumé,En agglomération,Hors intersection,Pluie légère,Autre collision,4,3,2,0,1,1,2,6,1,50,1,2,1,0,1,0,24.0,,voiture,,5,2,1,2,6
202000005761,2020-01-29 22:45:00,2020,1,29,22,45,972,97213,BELFORT (CHEMIN RURAL N°36 DE),14.65279,-61.0059,Nuit sans éclairage public,Hors agglomération,Hors intersection,Normale,Autre collision,4,2,1,0,4,1,1,0,3,70,1,1,0,0,0,1,28.0,,deux_roues,,3,1,1,1,6
202000005762,2020-01-30 09:51:00,2020,1,30,9,51,2A,2A004,NICOLI JEAN COURS,41.9341677,8.7473923,Plein jour,En agglomération,Hors intersection,Normale,Deux véhicules - arrière,2,2,5,0,1,1,1,0,1,50,2,2,1,0,0,1,65.0,21.0,voiture,deux_roues,1,2,1,1,2
202000005763,2020-01-29 19:00:00,2020,1,29,19,0,2A,2A004,GEORGES POMPIDOU AVENUE,41.9331744,8.7554318,Nuit avec éclairage allumé,En agglomération,Hors intersection,Normale,Deux véhicules - arrière,2,3,4,0,1,1,1,0,1,50,2,2,1,0,0,1,60.0,26.0,voiture,voiture,5,2,1,1,2
202000005764,2020-01-29 18:50:00,2020,1,29,18,50,91,91514,BOISSY (RUE DE),48.6727,2.5372,Nuit avec éclairage allumé,En agglomération,Intersection en T,Temps couvert,Deux véhicules - côté,4,2,0,0,1,1,1,0,1,30,2,2,1,0,1,0,30.0,48.0,deux_roues,voiture,5,2,3,8,3
202000005765,2020-01-30 08:00:00,2020,1,30,8,0,87,87065,VALIN (AVENUE MARTIAL),45.81619,1.3086,Plein jour,En agglomération,Intersection en T,Pluie forte,Deux véhicules - côté,3,2,2,0,1,1,2,0,1,50,2,2,1,0,0,1,30.0,31.0,voiture,utilitaire_camion,1,2,3,3,3
202000005766,2020-07-21 14:45:00,2020,7,21,14,45,95,95127,RN 14,49.047455,2.071986,Plein jour,Hors agglomération,Hors intersection,Normale,Sans collision,2,3,4,0,1,1,1,3,1,110,1,1,0,0,0,1,21.0,,voiture,,1,1,1,1,7
202000005767,2020-07-20 16:13:00,2020,7,20,16,13,91,91570,MONTLHERY (RUE),48.634335,2.302234,Plein jour,En agglomération,Intersection en X,Temps éblouissant,Autre collision,3,2,2,0,1,1,1,0,1,50,1,2,1,0,0,1,49.0,,utilitaire_camion,,1,2,2,7,6
202000005768,2020-07-20 09:17:00,2020,7,20,9,17,91,91223,CHARPENTIER (AVENUE THEODORE),48.4286,2.1521,Plein jour,En agglomération,Hors intersection,Normale,Sans collision,4,2,2,0,1,1,1,0,1,50,1,1,0,0,0,1,23.0,,voiture,,1,2,1,1,7
202000005769,2020-07-21 16:00:00,2020,7,21,16,0,91,91657,TOURELLE (AVENUE DE LA ),48.690518,2.439715,Plein jour,En agglomération,Hors intersection,Normale,Sans collision,3,2,2,0,1,1,1,0,1,50,1,1,0,0,0,1,43.0,,voiture,,1,2,1,1,7
202000005770,2020-07-21 06:50:00,2020,7,21,6,50,91,91174,Emile ZOLA (rue),48.6184,2.46997,Crépuscule ou aube,En agglomération,Hors intersection,Normale,Deux véhicules - arrière,4,2,2,0,1,1,1,0,1,30,2,2,1,0,0,1,51.0,22.0,utilitaire_camion,utilitaire_camion,2,2,1,1,2
202000005771,2020-07-19 22:42:00,2020,7,19,22,42,91,91339,BENOIST ROBERT (AVENUE),48.6352,2.2661,Nuit avec éclairage allumé,En agglomération,Intersection en X,Normale,Deux véhicules - arrière,4,3,4,0,4,1,1,0,1,50,2,9,7,0,1,1,22.0,27.0,voiture,voiture,5,2,2,1,2
202000005772,2020-07-18 12:25:00,2020,7,18,12,25,91,91425,CROIX DU MESNIL (CHEMIN DE LA),48.64753,2.27498,Plein jour,En agglomération,Giratoire,Normale,Deux véhicules - arrière,4,1,1,0,1,1,1,0,1,50,2,3,2,0,0,1,18.0,49.0,voiture,voiture,1,2,6,1,2
202000005773,2020-07-21 09:25:00,2020,7,21,9,25,88,88160,4 NATIONS (PLACE DES),48.1765,6.4462,Plein jour,En agglomération,Hors intersection,Normale,Autre collision,4,1,2,3,1,1,1,9,1,50,1,2,1,0,0,1,53.0,,transport_commun,,1,2,1,1,6
202000005774,2020-07-21 12:14:00,2020,7,21,12,14,87,87085,DUTREIX (RUE ARMAND),45.83084,1.24476,Plein jour,En agglomération,Intersection en X,Normale,,4,2,2,0,1,1,1,5,1,50,2,2,1,0,0,1,62.0,32.0,voiture,voiture,1,2,2,1,-1
202000005775,2020-07-13 12:20:00,2020,7,13,12,20,81,81144,ALBI A CARMAUX  ( D.97),43.962944,2.190423,Plein jour,En agglomération,Intersection en X,Normale,Deux véhicules - frontale,3,2,2,0,1,1,1,0,1,50,2,2,1,1,0,0,33.0,33.0,deux_roues,voiture,1,2,2,1,1
202000005776,2020-07-13 15:00:00,2020,7,13,15,0,81,81004,LATTRE DE TASSIGNY (AV DE),43.931539,2.165108,Plein jour,En agglomération,Hors intersection,Normale,Autre collision,4,2,3,0,1,1,1,0,1,50,1,3,1,2,0,0,45.0,,voiture,,1,2,1,1,6
202000005777,2020-07-16 15:00:00,2020,7,16,15,0,80,80021,ABBEVILLE (RUE D'),49.90825,2.26305,Plein jour,En agglomération,Hors intersection,Normale,Deux véhicules - arrière,4,2,4,0,1,1,1,0,1,50,2,3,1,0,0,2,19.0,22.0,voiture,voiture,1,2,1,1,2
202000005778,2020-07-20 12:15:00,2020,7,20,12,15,77,77258,SOUBRIARDE (AVENUE DE LA) - D10P,48.83396,2.64269,Plein jour,En agglomération,Hors intersection,Normale,Autre collision,3,3,4,0,1,1,1,0,1,50,1,2,1,0,0,1,46.0,,voiture,,1,2,1,1,6
202000005779,2020-07-21 15:30:00,2020,7,21,15,30,77,77305,ROSTAND (RUE EDMOND),48.398237,2.954936,Plein jour,En agglomération,Hors intersection,Temps éblouissant,Autre collision,4,2,2,0,1,1,1,0,1,500,1,3,2,0,0,1,74.0,,voiture,,1,2,1,7,6
202000005780,2020-07-21 12:50:00,2020,7,21,12,50,77,77517,LAGNY (RUE DE),48.90617,2.662,Plein jour,Hors agglomération,Hors intersection,Normale,Deux véhicules - arrière,3,2,2,1,1,1,1,0,1,80,2,2,1,0,0,1,58.0,22.0,deux_roues,utilitaire_camion,1,1,1,1,2
202000005781,2020-07-20 00:20:00,2020,7,20,0,20,76,76540,RONDEAUX. AVENUE JEAN,49.43188,1.07394,Nuit avec éclairage allumé,En agglomération,Intersection en X,Normale,Deux véhicules - arrière,3,3,3,3,1,1,1,-1,1,50,2,3,1,0,0,2,33.0,22.0,voiture,voiture,5,2,2,1,2
202000005782,2020-07-21 01:20:00,2020,7,21,1,20,76,76108,RN 28 (ROUTE DE NEUFCHATEL),49.4605429,1.1101652,Nuit avec éclairage allumé,En agglomération,Hors intersection,Normale,Sans collision,3,2,2,0,1,1,1,-1,1,50,1,1,0,0,0,1,30.0,,voiture,,5,2,1,1,7
202000005783,2020-07-18 23:20:00,2020,7,18,23,20,76,76351,JEAN JAURES (AVENUE),49.5005,0.16692,Nuit avec éclairage allumé,En agglomération,Intersection en T,Normale,Autre collision,4,2,2,0,1,1,1,0,1,50,1,2,1,1,0,0,60.0,,voiture,,5,2,3,1,6
202000005784,2020-07-21 17:35:00,2020,7,21,17,35,69,69266,ROGER SALENGRO     (Avenue),45.77943,4.88158,Plein jour,En agglomération,Hors intersection,Pluie légère,Deux véhicules - côté,4,3,2,0,1,1,1,0,1,50,2,3,2,0,0,1,61.0,32.0,deux_roues,voiture,1,2,1,2,3
202000005785,2020-07-20 07:20:00,2020,7,20,7,20,69,69115,GRANGE ROLLIN (rue de la),45.97282,4.72236,Plein jour,En agglomération,Hors intersection,Normale,,4,2,2,0,2,1,1,0,1,50,3,3,2,0,0,1,33.0,55.0,utilitaire_camion,utilitaire_camion,1,2,1,1,-1