accident_id,datetime,annee,mois,jour,heure,minute,departement,commune_insee,adresse,latitude,longitude,luminosite,agglomeration,intersection,meteo,collision,catr,circ,nbv,vosp,prof,plan,surf,infra,situ,vma,nb_vehicules,nb_usagers,nb_indemnes,nb_tues,nb_blesses_hosp,nb_blesses_legers,age_cond_1,age_cond_2,veh_type_cond_1,veh_type_cond_2,lum_code,agg_code,int_code,atm_code,col_code
202000005786,2020-07-18 14:00:00,2020,7,18,14,0,67,67482,ROMAINS (ROUTE DES),48.579544,7.7156357,Plein jour,En agglomération,Intersection en X,Normale,Deux véhicules - côté,4,2,3,2,1,1,1,0,5,50,2,2,1,0,0,1,27.0,18.0,voiture,deux_roues,1,2,2,1,3
202000005787,2020-07-21 23:10:00,2020,7,21,23,10,64,64445,DUFAU,43.3055,-0.36774,Nuit avec éclairage allumé,En agglomération,Hors intersection,Normale,,4,1,2,1,1,2,1,0,1,50,2,1,0,0,0,1,45.0,,deux_roues,,5,2,1,1,-1
202000005788,2020-07-21 11:47:00,2020,7,21,11,47,64,64348,CHARLES DE GAULLE,43.31165,-0.41374,Plein jour,Hors agglomération,Hors intersection,Normale,Deux véhicules - arrière,4,2,2,0,1,1,1,0,1,50,2,3,2,0,0,1,29.0,75.0,voiture,voiture,1,1,1,1,2
202000005789,2020-07-21 10:30:00,2020,7,21,10,30,64,64445,PAIX,43.31849,-0.345,Plein jour,En agglomération,Hors intersection,Normale,Sans collision,4,2,2,1,1,1,1,0,8,50,1,1,0,0,0,1,56.0,,voiture,,1,2,1,1,7
202000005790,2020-07-20 18:00:00,2020,7,20,18,0,64,64269,TARBES DE,43.30112,-0.31381,Plein jour,Hors agglomération,Hors intersection,Normale,Sans collision,4,2,3,0,1,1,1,0,1,70,1,1,0,0,0,1,24.0,,deux_roues,,1,1,1,1,7
202000005791,2020-07-21 14:55:00,2020,7,21,14,55,64,64102,DUVERGIER DE HAURANNE (AVENUE),43.48597,-1.46613,Plein jour,En agglomération,Hors intersection,Normale,Deux véhicules - arrière,4,1,1,0,2,1,1,0,1,50,2,2,1,0,0,1,23.0,26.0,voiture,voiture,1,2,1,1,2
202000005792,2020-07-21 09:15:00,2020,7,21,9,15,64,64024,GENERAL LECLERC (PLACE DU),43.49497,-1.52953,Plein jour,En agglomération,Place,Normale,Autre collision,4,2,2,0,1,1,1,0,1,30,1,2,1,0,0,1,26.0,,deux_roues,,1,2,7,1,6
202000005793,2020-07-20 15:32:00,2020,7,20,15,32,63,63164,MITTERRAND ( Avenue François),45.83674,3.15824,Plein jour,En agglomération,Intersection en T,Normale,Deux véhicules - arrière,7,2,2,0,1,1,1,0,1,70,2,2,1,0,0,1,54.0,17.0,utilitaire_camion,deux_roues,1,2,3,1,2
202000005794,2020-07-20 16:30:00,2020,7,20,16,30,62,62178,EVRARD ( FLORENT ),50.485627,2.546554,Plein jour,En agglomération,Hors intersection,Normale,Sans collision,4,2,2,0,2,1,1,0,1,50,1,1,0,0,0,1,18.0,,deux_roues,,1,2,1,1,7
202000005795,2020-07-20 14:20:00,2020,7,20,14,20,62,62400,PREMIER MAI ( DU ),50.4721477,2.5775383,Plein jour,En agglomération,Intersection en X,Normale,Deux véhicules - côté,3,2,2,0,1,1,1,5,5,50,2,2,1,0,0,1,33.0,55.0,deux_roues,voiture,1,2,2,1,3
202000005796,2020-07-21 19:20:00,2020,7,21,19,20,59,59599,LILLE (RUE DE),50.72247,3.153354,Plein jour,En agglomération,Intersection en T,Normale,Deux véhicules - frontale,4,2,1,0,1,1,1,0,1,50,2,2,1,0,0,1,52.0,19.0,voiture,deux_roues,1,2,3,1,1
202000005797,2020-07-21 16:30:00,2020,7,21,16,30,59,59128,POINCARE RUE,50.645763,2.9624301,Plein jour,En agglomération,Autre intersection,Normale,Trois véhicules et plus - collisions multiples,7,2,2,0,1,1,1,9,1,50,3,6,3,0,0,3,41.0,33.0,transport_commun,voiture,1,2,9,1,5
202000005798,2020-07-21 21:25:00,2020,7,21,21,25,54,54300,PATTON (RUE DU GENERAL),48.65632,6.23128,Plein jour,En agglomération,Place,Normale,Deux véhicules - frontale,3,3,2,0,1,1,1,0,1,50,2,4,3,0,0,1,33.0,24.0,voiture,voiture,1,2,7,1,1
202000005799,2020-07-21 14:40:00,2020,7,21,14,40,51,51573,Avenue du 29 Août 1944,49.2473844,3.9991922,Plein jour,En agglomération,Giratoire,Normale,Deux véhicules - frontale,3,2,2,0,1,1,1,0,1,50,2,2,1,0,0,1,91.0,17.0,voiture,deux_roues,1,2,6,1,1
202000005800,2020-07-21 17:15:00,2020,7,21,17,15,50,50002,RN 174 (2X2) Rocreuil-sortie Agneaux,49.11089,-1.1389,Plein jour,Hors agglomération,Autre intersection,Normale,Autre collision,2,1,2,0,1,1,1,0,3,110,1,4,3,0,0,1,28.0,,voiture,,1,1,9,1,6
202000005801,2020-07-21 21:30:00,2020,7,21,21,30,50,50218,PLAT GOUSSET (PROMENADE),48.843065,-1.593952,Plein jour,En agglomération,Hors intersection,Normale,Autre collision,9,-1,1,3,1,1,1,6,8,1,1,2,1,0,0,1,15.0,,deux_roues,,1,2,1,1,6
202000005802,2020-07-18 21:24:00,2020,7,18,21,24,49,49353,JEAN JAURES RUE,47.44377,-0.49816,Plein jour,En agglomération,Hors intersection,Normale,Deux véhicules - côté,4,2,2,0,1,1,1,0,1,60,2,2,1,0,0,1,21.0,43.0,deux_roues,voiture,1,2,1,1,3
202000005803,2020-07-18 18:09:00,2020,7,18,18,9,49,49007,ROI RENE BOULEVARD,47.46682,-0.55464,Plein jour,En agglomération,Hors intersection,Normale,Deux véhicules - arrière,4,-1,2,0,1,1,1,0,1,60,2,2,1,0,0,1,17.0,32.0,deux_roues,voiture,1,2,1,1,2
202000005804,2020-07-17 14:21:00,2020,7,17,14,21,49,49267,Route d'ANGERS,47.46689,-0.49634,Plein jour,En agglomération,Hors intersection,Normale,Deux véhicules - arrière,4,2,2,0,1,1,1,0,1,60,2,2,1,0,0,1,19.0,55.0,deux_roues,voiture,1,2,1,1,2
202000005805,2020-07-20 19:43:00,2020,7,20,19,43,48,48095,route du Puy,44.53096,3.5257,Plein jour,Hors agglomération,Hors intersection,Normale,Sans collision,2,2,2,0,1,1,1,0,1,80,1,1,0,0,1,0,45.0,,deux_roues,,1,1,1,1,7
202000005806,2020-07-21 19:10:00,2020,7,21,19,10,45,45234,rond point de la tangentielle,47.9243,1.9412,Plein jour,En agglomération,Giratoire,Normale,Deux véhicules - côté,3,1,2,2,2,1,1,0,1,50,2,3,2,0,0,1,40.0,21.0,voiture,deux_roues,1,2,6,1,3
202000005807,2020-07-11 19:50:00,2020,7,11,19,50,44,44184,Avenue de Penhoet,47.28985,-2.19349,Plein jour,En agglomération,Intersection en T,Normale,Deux véhicules - côté,4,2,2,0,1,1,1,0,1,50,2,2,1,0,0,1,32.0,44.0,voiture,deux_roues,1,2,3,1,3
202000005808,2020-07-20 17:15:00,2020,7,20,17,15,44,44109,Boulevard Emile Romanet,47.21024,-1.60373,Plein jour,En agglomération,Hors intersection,Normale,Autre collision,4,2,0,0,1,1,1,9,1,50,1,3,1,0,0,2,30.0,,voiture,,1,2,1,1,6
202000005809,2020-07-21 19:15:00,2020,7,21,19,15,37,37261,ROND POINT JEAN LE RESTE,47.4036257,0.7240247,Plein jour,En agglomération,Intersection en X,Normale,Sans collision,3,1,2,0,1,2,1,5,3,50,1,1,0,0,0,1,20.0,,voiture,,1,2,2,1,7
202000005810,2020-07-21 17:20:00,2020,7,21,17,20,37,37261,EIFFEL (AVENUE GUSTAVE),47.4317587,0.6975205,Plein jour,En agglomération,Giratoire,Normale,,3,1,2,0,1,2,1,5,1,50,2,2,1,0,0,1,16.0,23.0,deux_roues,voiture,1,2,6,1,-1
202000005811,2020-07-20 19:12:00,2020,7,20,19,12,37,37122,RD 37,47.3622009,0.6475578,Plein jour,En agglomération,Hors intersection,Normale,Trois véhicules et plus - en chaîne,3,2,2,0,1,1,1,0,1,50,3,6,3,0,0,3,34.0,30.0,voiture,voiture,1,2,1,1,4
202000005812,2020-07-21 08:00:00,2020,7,21,8,0,37,37261,SAINT-SAUVEUR (ROND POINT),47.373797,0.6784434,Plein jour,En agglomération,Giratoire,Normale,Sans collision,3,1,1,0,1,2,1,5,1,50,1,1,0,0,0,1,32.0,,deux_roues,,1,2,6,1,7
202000005813,2020-07-21 21:45:00,2020,7,21,21,45,35,35278,Les Buinado,48.1431,-1.6713,Crépuscule ou aube,Hors agglomération,Hors intersection,Normale,Autre collision,4,2,2,0,1,2,1,0,5,50,1,1,0,0,0,1,32.0,,voiture,,2,1,1,1,6
202000005814,2020-07-21 20:35:00,2020,7,21,20,35,35,35051,RENNES (RUE DE),48.1143,-1.6152,Crépuscule ou aube,En agglomération,Giratoire,Normale,Deux véhicules - côté,4,1,1,0,1,1,1,5,8,30,2,2,1,0,0,1,23.0,66.0,voiture,deux_roues,2,2,6,1,3
202000005815,2020-07-21 19:25:00,2020,7,21,19,25,35,35238,CHATEAU (AVENUE FRANCOIS),48.11153,-1.64611,Plein jour,En agglomération,Giratoire,Normale,Deux véhicules - côté,4,4,1,1,1,3,1,0,5,50,2,2,1,0,0,1,24.0,34.0,voiture,deux_roues,1,2,6,1,3
202000005816,2020-07-20 19:00:00,2020,7,20,19,0,33,33063,RUE MONTGOLFIER / RUE FRERE,44.85316,-0.57669,Plein jour,En agglomération,Intersection en X,Normale,Deux véhicules - côté,4,1,1,0,1,1,1,0,8,50,2,2,1,0,0,1,43.0,35.0,voiture,voiture,1,2,2,1,3
202000005817,2020-07-11 02:00:00,2020,7,11,2,0,33,33162,AVE JEAN MERMOZ,44.86194,-0.66602,Nuit sans éclairage public,En agglomération,Hors intersection,Normale,Autre collision,4,2,2,0,1,1,1,0,1,50,1,1,0,0,1,0,,,,,3,2,1,1,6
202000005818,2020-07-21 06:03:00,2020,7,21,6,3,31,31555,217 Route d'Albi,43.643079,1.467716,Crépuscule ou aube,En agglomération,Hors intersection,Normale,Deux véhicules - côté,3,2,2,0,1,1,1,0,1,50,2,2,1,0,1,0,42.0,47.0,voiture,deux_roues,2,2,1,1,3
202000005819,2020-07-21 23:40:00,2020,7,21,23,40,29,29232,Rue de la Deesse,47.9935112,-4.104876,Nuit avec éclairage allumé,En agglomération,Autre intersection,Normale,Autre collision,4,1,2,0,1,1,1,0,1,50,1,3,1,0,0,2,77.0,,voiture,,5,2,9,1,6
202000005820,2020-07-21 14:07:00,2020,7,21,14,7,27,27681,AZEMIA (BOULEVARD GEORGES),49.07919,1.48809,Plein jour,En agglomération,Hors intersection,Normale,Deux véhicules - arrière,4,2,1,0,1,1,1,0,1,50,2,1,0,0,0,1,32.0,,utilitaire_camion,,1,2,1,1,2
202000005821,2020-07-20 11:10:00,2020,7,20,11,10,27,27229,NEUBOURG (RUE DU),49.033993,1.129309,Plein jour,En agglomération,Intersection en X,Normale,Deux véhicules - côté,4,2,1,0,1,1,1,0,1,50,2,2,0,0,0,2,83.0,59.0,utilitaire_camion,voiture,1,2,2,1,3
202000005822,2020-07-21 13:40:00,2020,7,21,13,40,26,26281,78 bis Avenue Château Fleury,45.04113,5.0755,Plein jour,En agglomération,Intersection en Y,Normale,Deux véhicules - frontale,4,2,2,0,2,3,1,0,1,30,2,3,2,0,1,0,17.0,42.0,deux_roues,voiture,1,2,4,1,1
202000005823,2020-07-07 09:40:00,2020,7,7,9,40,22,22113,MENDES FRANCE (BOULEVARD),48.7220622,-3.4817255,Plein jour,En agglomération,Giratoire,Normale,Deux véhicules - arrière,3,1,1,0,1,2,1,3,1,30,2,2,1,0,0,1,56.0,50.0,voiture,deux_roues,1,2,6,1,2
202000005824,2020-07-21 18:15:00,2020,7,21,18,15,17,17300,DEMEOCQ   RUE JEAN,46.1523201,-1.1423636,Plein jour,En agglomération,Hors intersection,Normale,Autre collision,4,2,1,1,1,3,1,9,1,50,1,1,0,0,0,1,,,,,1,2,1,1,6
202000005825,2020-07-20 16:50:00,2020,7,20,16,50,17,17028,RENAN   RUE ERNEST,46.1290359,-1.1189449,Plein jour,En agglomération,Hors intersection,Normale,Deux véhicules - côté,4,2,4,0,1,1,1,9,1,30,2,2,1,0,0,1,16.0,57.0,deux_roues,voiture,1,2,1,1,3
202000005826,2020-07-21 18:55:00,2020,7,21,18,55,14,14333,CARNOT (ROND POINT),49.4178043,0.2401757,Plein jour,En agglomération,Giratoire,Normale,Sans collision,3,1,2,0,1,3,8,5,1,50,1,1,0,0,0,1,18.0,,deux_roues,,1,2,6,1,7
202000005827,2020-07-21 19:20:00,2020,7,21,19,20,06,06088,TURIN (RTE DE),43.7089722,7.2842967,Plein jour,En agglomération,Autre intersection,Normale,Trois véhicules et plus - en chaîne,4,1,1,0,1,1,1,0,1,50,4,2,1,0,1,0,32.0,29.0,voiture,deux_roues,1,2,9,1,4
202000005828,2020-07-21 12:45:00,2020,7,21,12,45,06,06069,ROUQUIER (BOULEVARD EMMANUEL),43.63,6.94,Plein jour,En agglomération,Hors intersection,Normale,Deux véhicules - côté,4,2,1,0,2,3,1,0,1,50,2,2,1,0,0,1,59.0,27.0,voiture,deux_roues,1,2,1,1,3
202000005829,2020-07-21 12:30:00,2020,7,21,12,30,06,06029,MIDI (BOULEVARD DU),43.549,6.9901,Plein jour,Hors agglomération,Hors intersection,Normale,Deux véhicules - côté,4,2,2,0,1,1,1,0,1,50,2,2,1,0,1,0,49.0,65.0,voiture,deux_roues,1,1,1,1,3
202000005830,2020-07-18 01:36:00,2020,7,18,1,36,03,03094,Rue de l'Industrie,46.155621,3.4107318,Nuit avec éclairage allumé,En agglomération,Hors intersection,Normale,Autre collision,4,2,2,0,1,3,1,0,1,50,1,3,0,0,1,2,19.0,,voiture,,5,2,1,1,6
202000005831,2020-07-21 12:42:00,2020,7,21,12,42,75,75113,BOULEVARD PERIPHERIQUE,48.82158,2.379131,Plein jour,En agglomération,Hors intersection,Normale,Deux véhicules - arrière,4,1,4,0,1,1,1,0,1,70,2,2,1,0,1,0,25.0,55.0,deux_roues,utilitaire_camion,1,2,1,1,2
202000005832,2020-07-21 20:30:00,2020,7,21,20,30,75,75119,PLACE DE LA PORTE DE PANTIN,48.889875,2.396629,Plein jour,En agglomération,Intersection en Y,Normale,Deux véhicules - côté,4,1,2,0,4,1,1,0,1,50,2,2,1,0,0,1,35.0,32.0,deux_roues,voiture,1,2,4,1,3
202000005833,2020-07-21 20:15:00,2020,7,21,20,15,75,75119,PLACE DE LA BATAILLE DE STALINGRAD,48.883287,2.369353,Plein jour,En agglomération,Place,Normale,Deux véhicules - côté,4,2,4,1,1,1,1,-1,5,50,2,1,0,0,0,1,48.0,,deux_roues,,1,2,7,1,3
202000005834,2020-07-20 19:00:00,2020,7,20,19,0,75,75116,AVENUE D IENA,48.866611,2.295027,Plein jour,En agglomération,Hors intersection,Normale,Deux véhicules - côté,4,2,2,0,1,1,1,0,1,50,2,2,1,0,0,1,42.0,53.0,deux_roues,deux_roues,1,2,1,1,3
202000005835,2020-07-21 19:35:00,2020,7,21,19,35,75,75113,RUE RAYMOND ARON,48.835283,2.374709,Plein jour,En agglomération,Hors intersection,Normale,Autre collision,4,1,1,0,2,1,1,0,1,50,1,2,1,0,0,1,48.0,,utilitaire_camion,,1,2,1,1,6
202000005836,2020-07-21 13:00:00,2020,7,21,13,0,75,75111,BOULEVARD DE MENILMONTANT,48.864836,2.385071,Plein jour,En agglomération,Intersection en T,Normale,Deux véhicules - côté,4,3,2,1,1,1,1,-1,5,30,2,2,1,0,0,1,33.0,44.0,deux_roues,utilitaire_camion,1,2,3,1,3
202000005837,2020-07-20 22:25:00,2020,7,20,22,25,75,75111,BOULEVARD VOLTAIRE,48.850401,2.392506,Nuit avec éclairage allumé,En agglomération,Intersection à plus de 4 branches,Normale,Deux véhicules - côté,4,2,2,0,1,1,1,0,1,50,2,2,1,0,0,1,32.0,25.0,deux_roues,voiture,5,2,5,1,3
202000005838,2020-10-07 19:15:00,2020,10,7,19,15,75,75110,QUAI DE JEMMAPES,48.870943,2.366048,Crépuscule ou aube,En agglomération,Hors intersection,Normale,Deux véhicules - côté,4,1,2,1,1,1,1,-1,5,50,2,2,1,0,0,1,41.0,18.0,deux_roues,voiture,2,2,1,1,3
202000005839,2020-07-21 22:30:00,2020,7,21,22,30,75,75108,PLACE DE LA CONCORDE,48.866653,2.322016,Nuit avec éclairage allumé,En agglomération,Place,Normale,Deux véhicules - côté,4,1,8,0,1,2,1,0,1,50,2,3,2,0,0,1,31.0,60.0,voiture,deux_roues,5,2,7,1,3
202000005840,2020-07-21 14:32:00,2020,7,21,14,32,75,75108,BOULEVARD MALESHERBES,48.87378,2.320637,Plein jour,En agglomération,Intersection en X,Normale,Deux véhicules - côté,4,2,6,0,1,1,1,0,1,50,2,2,1,0,0,1,59.0,32.0,voiture,deux_roues,1,2,2,1,3
202000005841,2020-07-20 23:25:00,2020,7,20,23,25,75,75108,AVENUE GEORGE V,48.868382,2.301115,Nuit avec éclairage allumé,En agglomération,Intersection en X,Normale,Deux véhicules - côté,4,2,2,0,1,1,1,0,1,50,2,2,1,0,0,1,45.0,,deux_roues,,5,2,2,1,3
202000005842,2020-07-15 18:25:00,2020,7,15,18,25,75,75104,RUE SAINT ANTOINE,48.855006,2.361351,Crépuscule ou aube,En agglomération,Hors intersection,Normale,Deux véhicules - côté,4,1,1,1,1,1,1,-1,5,50,2,2,1,0,0,1,18.0,26.0,deux_roues,deux_roues,2,2,1,1,3
202000005843,2020-07-21 11:26:00,2020,7,21,11,26,75,75104,RUE SAINT ANTOINE,48.85342,2.367191,Plein jour,En agglomération,Intersection en T,Normale,Sans collision,4,2,4,0,1,1,1,0,1,30,1,1,0,0,0,1,43.0,,deux_roues,,1,2,3,1,7
202000005844,2020-07-21 10:10:00,2020,7,21,10,10,94,94068,BAC (AV DU),48.797062,2.504878,Plein jour,En agglomération,Intersection en X,Normale,Deux véhicules - frontale,3,2,2,0,1,1,1,0,1,50,2,2,1,0,0,1,75.0,68.0,voiture,deux_roues,1,2,2,1,1
202000005845,2020-07-21 09:50:00,2020,7,21,9,50,94,94068,BAC (AV DU),48.79634,2.50673,Plein jour,En agglomération,Intersection à plus de 4 branches,Normale,Deux véhicules - côté,3,2,2,0,1,1,1,0,1,50,2,2,1,0,0,1,21.0,48.0,deux_roues,voiture,1,2,5,1,3
202000005846,2020-07-20 19:15:00,2020,7,20,19,15,94,94073,LEON MARCHAND (AV),48.76646,2.38648,Plein jour,En agglomération,Intersection en T,Normale,Deux véhicules - frontale,3,2,2,0,1,1,1,0,1,50,2,2,1,0,0,1,49.0,43.0,voiture,deux_roues,1,2,3,1,1
202000005847,2020-07-21 21:40:00,2020,7,21,21,40,94,94022,JEAN JAURES (R),48.7654,2.4085,Crépuscule ou aube,En agglomération,Autre intersection,Normale,Deux véhicules - arrière,3,3,2,0,1,1,1,0,1,50,2,1,0,0,0,1,19.0,,deux_roues,,2,2,9,1,2
202000005848,2020-07-21 18:30:00,2020,7,21,18,30,94,94054,PAUL VAILLANT COUTURIER (R),48.7444,2.4009,Plein jour,En agglomération,Intersection en T,Normale,Autre collision,4,2,2,0,1,1,1,0,1,50,1,3,2,0,0,1,39.0,,voiture,,1,2,3,1,6
202000005849,2020-07-21 06:50:00,2020,7,21,6,50,94,94022,JEAN JAURES (R),48.7643,2.4059,Plein jour,En agglomération,Hors intersection,Temps éblouissant,Autre collision,4,2,0,3,1,1,1,0,1,35,1,1,0,0,0,1,39.0,,voiture,,1,2,1,7,6
202000005850,2020-07-21 18:30:00,2020,7,21,18,30,94,94019,CROIX SAINT VINCENT (CHE DE LA),48.80093,2.52787,Plein jour,En agglomération,Autre intersection,Normale,Deux véhicules - frontale,4,2,1,0,2,2,1,0,1,50,2,2,1,0,0,1,26.0,27.0,deux_roues,utilitaire_camion,1,2,9,1,1
202000005851,2020-07-21 07:05:00,2020,7,21,7,5,94,94017,SONIA DE LAUNAY (VOI),48.81172,2.53649,Crépuscule ou aube,En agglomération,Giratoire,Normale,Deux véhicules - côté,3,1,1,0,1,2,1,0,1,50,2,2,1,0,0,1,30.0,25.0,voiture,deux_roues,2,2,6,1,3
202000005852,2020-07-20 08:15:00,2020,7,20,8,15,94,94017,PLESSIS TREVISE (R DU),48.80435,2.55312,Plein jour,En agglomération,Hors intersection,Normale,Autre collision,3,1,1,0,1,1,1,0,1,50,1,1,0,0,0,1,27.0,,voiture,,1,2,1,1,6
202000005853,2020-07-21 19:50:00,2020,7,21,19,50,94,94075,RENARD (ALL DU),48.7287,2.5232,Plein jour,En agglomération,Intersection en T,Normale,Deux véhicules - côté,4,2,0,0,1,1,1,0,1,50,2,3,2,0,0,1,27.0,49.0,deux_roues,voiture,1,2,3,1,3
202000005854,2020-07-21 14:57:00,2020,7,21,14,57,93,93078,DE GAULLE (AVENUE CHARLES),48.95821,2.55855,Plein jour,En agglomération,Intersection en X,Normale,,3,4,4,0,1,1,1,5,4,50,2,2,1,0,0,1,67.0,31.0,voiture,voiture,1,2,2,1,-1
202000005855,2020-07-21 17:49:00,2020,7,21,17,49,93,93070,JEAN-JAURES (BD),48.9134547,2.3356653,Plein jour,En agglomération,Hors intersection,Normale,Deux véhicules - côté,3,2,7,1,1,1,1,0,1,50,2,2,1,0,0,1,26.0,21.0,voiture,deux_roues,1,2,1,1,3
202000005856,2020-07-21 21:10:00,2020,7,21,21,10,93,93066,LIBERATION RD14 (BOULEVARD),48.9280747,2.3413216,Plein jour,En agglomération,Hors intersection,Normale,Autre collision,3,2,2,0,2,1,1,2,1,50,1,2,1,0,0,1,37.0,,voiture,,1,2,1,1,6
202000005857,2020-07-21 09:10:00,2020,7,21,9,10,93,93077,GALLIENI (AVENUE DU GENERAL),48.8918915,2.5058543,Plein jour,En agglomération,Intersection en T,Normale,Deux véhicules - côté,3,2,2,0,1,1,1,0,1,50,2,2,1,0,0,1,42.0,22.0,transport_commun,deux_roues,1,2,3,1,3
202000005858,2020-07-21 17:40:00,2020,7,21,17,40,93,93048,PASTEUR S3 (AVENUE),48.866272,2.4361747,Plein jour,En agglomération,Hors intersection,Normale,Deux véhicules - côté,4,2,2,0,2,1,1,0,1,30,2,2,1,0,0,1,21.0,40.0,voiture,deux_roues,1,2,1,1,3
202000005859,2020-07-21 17:19:00,2020,7,21,17,19,93,93046,AV DU PDT FITZGERALD KENNEDY,48.915213,2.534109,Plein jour,En agglomération,Hors intersection,Normale,Autre collision,3,2,2,0,1,1,1,0,1,50,1,2,1,0,0,1,39.0,,voiture,,1,2,1,1,6
202000005860,2020-07-21 07:00:00,2020,7,21,7,0,93,93010,GUESDES (RUE JULES),48.9036627,2.4770432,Crépuscule ou aube,En agglomération,Intersection en X,Normale,Trois véhicules et plus - collisions multiples,3,2,2,0,1,1,1,0,1,30,3,4,1,0,0,3,19.0,67.0,voiture,voiture,2,2,2,1,5
202000005861,2020-07-21 19:30:00,2020,7,21,19,30,93,93071,STALINGRAD (BOULEVARD DE),48.9353,2.5341,Crépuscule ou aube,En agglomération,Intersection à plus de 4 branches,Normale,Autre collision,3,1,2,0,1,1,1,0,1,30,1,2,1,0,0,1,68.0,,voiture,,2,2,5,1,6
202000005862,2020-07-21 22:53:00,2020,7,21,22,53,92,92075,JEAN BLEUZEN,48.8230069,2.2957698,Nuit avec éclairage allumé,En agglomération,Hors intersection,Normale,Deux véhicules - côté,3,2,2,0,1,1,1,0,1,30,2,2,1,0,0,1,22.0,30.0,deux_roues,voiture,5,2,1,1,3
202000005863,2020-07-15 21:00:00,2020,7,15,21,0,92,92050,STALINGRAD RUE DE,48.8937599,2.1966369,Crépuscule ou aube,En agglomération,Intersection en T,Normale,Sans collision,4,2,2,0,1,1,1,0,1,50,1,2,0,0,0,2,35.0,,utilitaire_camion,,2,2,3,1,7
202000005864,2020-07-21 12:17:00,2020,7,21,12,17,92,92049,BRIAND AVENUE ARISTIDE AUTRES N°,48.8111742,2.3263979,Plein jour,En agglomération,Hors intersection,Normale,Deux véhicules - côté,3,1,3,2,1,1,1,0,5,50,2,2,1,0,0,1,37.0,50.0,deux_roues,voiture,1,2,1,1,3
202000005865,2020-07-20 22:35:00,2020,7,20,22,35,92,92049,DARDAN RUE GERMAIN,48.8122072,2.3028454,Nuit avec éclairage allumé,En agglomération,Hors intersection,Normale,Sans collision,4,1,1,0,2,1,1,0,1,50,1,1,0,0,0,1,55.0,,deux_roues,,5,2,1,1,7
202000005866,2020-07-21 14:30:00,2020,7,21,14,30,92,92040,GALLIENI (BOULEVARD),48.8279579,2.2675277,Plein jour,En agglomération,Autre intersection,Normale,Deux véhicules - arrière,3,2,0,0,1,1,1,9,8,50,2,2,1,0,0,1,42.0,31.0,deux_roues,deux_roues,1,2,9,1,2
202000005867,2020-07-21 19:40:00,2020,7,21,19,40,92,92024,HENRI BARBUSSE (RUE) DE (1 A 73)   (2 A,48.90001,2.30621,Plein jour,En agglomération,Intersection en X,Normale,Autre collision,3,1,3,2,1,1,1,0,1,50,1,2,1,0,1,0,65.0,,voiture,,1,2,2,1,6
202000005868,2020-07-21 09:10:00,2020,7,21,9,10,17,17245,30 Grande Rue,46.155612,-1.012014,Plein jour,En agglomération,Hors intersection,Temps éblouissant,,3,2,2,0,1,1,1,0,1,30,4,4,2,0,0,2,65.0,76.0,deux_roues,deux_roues,1,2,1,7,-1
202000005869,2020-07-22 09:15:00,2020,7,22,9,15,84,84142,D31,43.959797,5.026551,Plein jour,Hors agglomération,Hors intersection,Normale,Trois véhicules et plus - collisions multiples,3,2,2,0,1,1,1,0,1,80,3,4,1,0,2,1,42.0,74.0,utilitaire_camion,voiture,1,1,1,1,5
202000005870,2020-07-22 08:50:00,2020,7,22,8,50,71,71047,Rue du Musée,46.621667,3.7675298,Plein jour,En agglomération,Intersection en X,Normale,Deux véhicules - côté,3,2,2,0,4,1,1,0,1,50,2,2,1,0,0,1,11.0,39.0,deux_roues,voiture,1,2,2,1,3
202000005871,2020-07-22 17:00:00,2020,7,22,17,0,31,31273,54 Route de Saint-pierre,43.6999161,1.5065455,Plein jour,En agglomération,Hors intersection,Normale,Deux véhicules - côté,3,2,2,0,2,1,1,0,1,30,2,2,1,0,0,1,42.0,49.0,deux_roues,voiture,1,2,1,1,3
202000005872,2020-07-20 10:20:00,2020,7,20,10,20,84,84094,D71,44.278799,5.140105,Plein jour,Hors agglomération,Hors intersection,Normale,Deux véhicules - frontale,3,2,2,0,2,1,1,0,1,80,2,5,2,0,1,2,30.0,49.0,voiture,voiture,1,1,1,1,1
202000005873,2020-07-21 22:25:00,2020,7,21,22,25,63,63264,D983,45.623065,2.822818,Crépuscule ou aube,Hors agglomération,Hors intersection,Normale,Sans collision,3,2,2,0,2,2,1,0,3,80,1,1,0,1,0,0,29.0,,deux_roues,,2,1,1,1,7
202000005874,2020-07-21 18:04:00,2020,7,21,18,4,57,57224,38 Rue de Metz,49.061976,6.675412,Plein jour,Hors agglomération,Hors intersection,Temps éblouissant,Deux véhicules - arrière,3,2,2,0,1,2,1,0,1,80,2,2,1,0,1,0,27.0,21.0,voiture,deux_roues,1,1,1,7,2
202000005875,2020-07-19 11:16:00,2020,7,19,11,16,01,01194,Rue du Beaujolais,45.98559,4.754398,Plein jour,En agglomération,Intersection en T,Normale,Deux véhicules - côté,3,2,2,0,1,1,1,0,1,50,2,2,1,0,1,0,26.0,52.0,voiture,deux_roues,1,2,3,1,3
202000005876,2020-07-22 12:55:00,2020,7,22,12,55,06,06130,D6085,43.71796,6.835409,Plein jour,Hors agglomération,Hors intersection,Normale,Autre collision,3,2,2,0,1,2,1,0,3,80,1,1,0,0,1,0,83.0,,voiture,,1,1,1,1,6
202000005877,2020-07-21 17:00:00,2020,7,21,17,0,58,58086,Rue du Ponceau,47.411739,2.927154,Plein jour,En agglomération,Intersection en X,Normale,Deux véhicules - côté,4,1,1,0,2,1,1,0,1,30,2,3,0,0,1,2,42.0,39.0,voiture,voiture,1,2,2,1,3
202000005878,2020-07-21 07:00:00,2020,7,21,7,0,59,59016,rue du nord,50.965353,2.346423,Plein jour,En agglomération,Intersection en X,Normale,Deux véhicules - côté,3,2,2,0,1,1,1,0,1,50,2,2,1,0,1,0,37.0,51.0,voiture,deux_roues,1,2,2,1,3