accident_id,datetime,annee,mois,jour,heure,minute,departement,commune_insee,adresse,latitude,longitude,luminosite,agglomeration,intersection,meteo,collision,catr,circ,nbv,vosp,prof,plan,surf,infra,situ,vma,nb_vehicules,nb_usagers,nb_indemnes,nb_tues,nb_blesses_hosp,nb_blesses_legers,age_cond_1,age_cond_2,veh_type_cond_1,veh_type_cond_2,lum_code,agg_code,int_code,atm_code,col_code
202000005879,2020-07-15 16:00:00,2020,7,15,16,0,974,97413,Rue du General de Gaulle,-21.158099,55.285268,Plein jour,En agglomération,Hors intersection,Normale,Deux véhicules - côté,2,2,2,2,1,3,1,0,1,50,2,2,1,0,1,0,66.0,38.0,deux_roues,voiture,1,2,1,1,3
202000005880,2020-07-22 17:00:00,2020,7,22,17,0,30,30202,D343,44.257241,4.625373,Plein jour,Hors agglomération,Hors intersection,Normale,Autre collision,3,2,2,0,2,2,1,0,1,70,1,1,0,1,0,0,23.0,,voiture,,1,1,1,1,6
202000005881,2020-07-22 20:00:00,2020,7,22,20,0,62,62430,D6,50.153067,2.525504,Plein jour,Hors agglomération,Hors intersection,Normale,Sans collision,3,2,2,0,1,3,1,0,8,80,1,1,0,0,1,0,21.0,,voiture,,1,1,1,1,7
202000005882,2020-07-21 20:30:00,2020,7,21,20,30,56,56248,Grand Coëdigo,47.570822,-2.601013,Crépuscule ou aube,Hors agglomération,Intersection en X,Temps éblouissant,Deux véhicules - côté,3,2,2,0,1,1,1,0,1,80,2,3,0,0,0,3,21.0,30.0,utilitaire_camion,voiture,2,1,2,7,3
202000005883,2020-07-21 10:35:00,2020,7,21,10,35,56,56184,rue des acacias,47.668151,-2.450321,Plein jour,En agglomération,Giratoire,Normale,Autre collision,4,2,2,0,1,1,1,5,1,50,1,2,1,0,1,0,39.0,,utilitaire_camion,,1,2,6,1,6
202000005884,2020-07-21 09:25:00,2020,7,21,9,25,56,56123,La Chaussée,47.667757,-2.299511,Plein jour,Hors agglomération,Hors intersection,Normale,Sans collision,3,3,4,0,1,2,1,0,3,90,1,1,0,0,0,1,20.0,,voiture,,1,1,1,1,7
202000005885,2020-07-21 06:40:00,2020,7,21,6,40,76,76463,D1,49.426356,1.688547,Plein jour,Hors agglomération,Hors intersection,Normale,Autre collision,3,2,2,0,1,3,1,0,1,80,1,1,0,0,1,0,53.0,,deux_roues,,1,1,1,1,6
202000005886,2020-07-21 18:15:00,2020,7,21,18,15,76,76179,Rue Edmond Spalikowski,49.601048,1.115665,Plein jour,En agglomération,Intersection en T,Normale,Deux véhicules - côté,3,2,2,0,1,1,1,5,1,50,2,4,3,0,1,0,53.0,44.0,deux_roues,voiture,1,2,3,1,3
202000005887,2020-07-22 09:50:00,2020,7,22,9,50,2B,2B343,7 Arena Soprana,42.498094,9.468316,Plein jour,En agglomération,Hors intersection,Normale,Trois véhicules et plus - en chaîne,2,2,2,0,1,1,1,0,1,80,3,3,2,0,0,1,82.0,30.0,voiture,voiture,1,2,1,1,4
202000005888,2020-07-18 18:35:00,2020,7,18,18,35,80,80649,D940,50.344023,1.645052,Plein jour,Hors agglomération,Hors intersection,Normale,Sans collision,3,2,2,0,1,1,1,0,3,80,1,1,0,0,0,1,43.0,,deux_roues,,1,1,1,1,7
202000005889,2020-07-21 18:30:00,2020,7,21,18,30,82,82154,Lieu Dit Haut Castels,44.230729,1.137482,Plein jour,Hors agglomération,Intersection en T,Normale,Deux véhicules - côté,3,2,2,0,3,2,1,0,1,80,2,2,1,0,1,0,34.0,59.0,deux_roues,voiture,1,1,3,1,3
202000005890,2020-07-22 12:26:00,2020,7,22,12,26,33,33437,D936,44.85504,-0.089929,Plein jour,Hors agglomération,Hors intersection,Normale,Trois véhicules et plus - collisions multiples,3,2,2,0,1,1,1,0,1,-1,3,4,1,1,1,1,60.0,19.0,voiture,voiture,1,1,1,1,5
202000005891,2020-07-01 16:00:00,2020,7,1,16,0,61,61153,Zone d’Activite Actival d’Orne,48.727714,-0.052478,Plein jour,Hors agglomération,Intersection en X,Normale,Deux véhicules - côté,4,2,2,0,1,1,1,0,1,50,2,4,3,1,0,0,69.0,17.0,voiture,deux_roues,1,1,2,1,3
202000005892,2020-07-21 18:00:00,2020,7,21,18,0,49,49135,Rue d'Epinard,47.562497,-0.585408,Plein jour,Hors agglomération,Intersection en X,Temps éblouissant,Deux véhicules - côté,3,2,2,0,1,1,1,5,1,80,2,2,1,0,1,0,57.0,48.0,deux_roues,utilitaire_camion,1,1,2,7,3
202000005893,2020-07-21 11:45:00,2020,7,21,11,45,49,49378,D767,47.3081638,-0.0310587,Plein jour,Hors agglomération,Giratoire,Normale,Autre collision,3,-1,1,0,1,4,1,0,1,-1,1,1,0,0,1,0,53.0,,deux_roues,,1,1,6,1,6
202000005894,2020-07-21 20:45:00,2020,7,21,20,45,49,49228,Bignon de Vert (Parçay-les-Pins),47.407568,0.150032,Plein jour,Hors agglomération,Hors intersection,Normale,Sans collision,3,2,2,0,1,3,1,0,8,80,1,1,0,1,0,0,63.0,,voiture,,1,1,1,1,7
202000005895,2020-07-22 15:40:00,2020,7,22,15,40,29,29220,D44 - 29 Rue de Menez Rouz,47.88374,-4.205114,Plein jour,Hors agglomération,Intersection en T,Normale,Deux véhicules - côté,3,2,2,1,1,2,1,5,1,-1,2,2,1,0,1,0,53.0,33.0,utilitaire_camion,deux_roues,1,1,3,1,3
202000005896,2020-07-21 09:44:00,2020,7,21,9,44,84,84020,D36,43.814572,5.328562,Plein jour,Hors agglomération,Hors intersection,Normale,Autre collision,3,2,2,0,2,4,1,0,1,-1,1,1,0,0,1,0,66.0,,deux_roues,,1,1,1,1,6
202000005897,2020-07-22 16:41:00,2020,7,22,16,41,01,01113,D26,46.177758,5.073146,Plein jour,Hors agglomération,Intersection en X,Pluie forte,Deux véhicules - côté,3,2,2,0,1,1,4,5,1,70,2,3,0,0,2,1,19.0,28.0,voiture,utilitaire_camion,1,1,2,3,3
202000005898,2020-07-21 14:25:00,2020,7,21,14,25,50,50417,D902,49.589411,-1.316332,Plein jour,Hors agglomération,Hors intersection,Normale,Autre collision,3,2,2,0,3,1,1,0,3,80,1,1,0,0,1,0,37.0,,voiture,,1,1,1,1,6
202000005899,2020-07-22 09:40:00,2020,7,22,9,40,83,83095,RD560,43.555865,6.116756,Plein jour,Hors agglomération,Hors intersection,Normale,Sans collision,3,2,2,0,2,1,1,0,1,80,1,1,0,0,0,1,79.0,,deux_roues,,1,1,1,1,7
202000005900,2020-07-22 07:30:00,2020,7,22,7,30,60,60485,intersection d11 et d930,49.612656,2.17083,Plein jour,Hors agglomération,Intersection en X,Normale,Deux véhicules - frontale,3,2,2,0,1,1,1,0,1,80,2,2,1,0,0,1,22.0,26.0,voiture,voiture,1,1,2,1,1
202000005901,2020-07-22 11:30:00,2020,7,22,11,30,18,18110,D199,47.261663,2.938237,Plein jour,Hors agglomération,Hors intersection,Normale,Autre collision,3,2,2,0,1,1,1,0,8,80,1,1,0,0,0,1,65.0,,voiture,,1,1,1,1,6
202000005902,2020-07-21 17:10:00,2020,7,21,17,10,07,07010,27 Rue du Quebec,45.249884,4.680452,Plein jour,En agglomération,Hors intersection,Normale,Deux véhicules - arrière,6,-1,-1,0,2,1,1,0,8,50,2,2,1,0,1,0,60.0,27.0,deux_roues,utilitaire_camion,1,2,1,1,2
202000005903,2020-07-22 18:30:00,2020,7,22,18,30,53,53126,La paisière,48.364803,-0.972344,Plein jour,Hors agglomération,Intersection en X,Normale,Deux véhicules - côté,3,2,2,0,1,1,1,0,1,80,2,3,2,0,1,0,43.0,71.0,utilitaire_camion,voiture,1,1,2,1,3
202000005904,2020-07-21 20:20:00,2020,7,21,20,20,53,53039,D30,48.156109,-0.95933,Plein jour,Hors agglomération,Hors intersection,Normale,Sans collision,3,2,2,0,1,3,1,0,1,80,1,1,0,0,1,0,26.0,,voiture,,1,1,1,1,7
202000005905,2020-07-20 12:15:00,2020,7,20,12,15,04,04013,RD 4085,44.127012,5.9790637,Plein jour,Hors agglomération,Hors intersection,Normale,Deux véhicules - arrière,3,2,2,0,1,1,1,0,1,80,2,2,1,0,0,1,55.0,40.0,voiture,voiture,1,1,1,1,2
202000005906,2020-07-19 04:15:00,2020,7,19,4,15,17,17253,D911,46.02626,-0.835927,Nuit sans éclairage public,Hors agglomération,Hors intersection,Normale,Autre collision,3,2,2,0,1,1,1,0,3,80,1,2,1,0,1,0,38.0,,voiture,,3,1,1,1,6
202000005907,2020-07-19 06:10:00,2020,7,19,6,10,24,24126,Planque,44.801281,0.518235,Nuit sans éclairage public,Hors agglomération,Hors intersection,Normale,Sans collision,2,3,1,0,4,1,1,0,1,80,1,3,0,0,3,0,21.0,,voiture,,3,1,1,1,7
202000005908,2020-07-21 20:55:00,2020,7,21,20,55,973,97307,Rue du Champ de Canne,4.888462,-52.318193,Nuit sans éclairage public,En agglomération,Hors intersection,Normale,Autre collision,4,2,2,0,2,1,9,0,1,50,1,3,2,0,0,1,34.0,,voiture,,3,2,1,1,6
202000005909,2020-07-21 14:15:00,2020,7,21,14,15,65,65062,A64,43.208571,0.136287,Plein jour,Hors agglomération,Hors intersection,Normale,Deux véhicules - arrière,1,1,4,0,3,1,1,0,2,130,2,6,4,0,1,1,43.0,78.0,voiture,voiture,1,1,1,1,2
202000005910,2020-07-21 13:10:00,2020,7,21,13,10,74,74264,114 Avenue du Mont Blanc,46.056303,6.567011,Plein jour,En agglomération,Hors intersection,Normale,Deux véhicules - arrière,3,2,2,0,1,1,1,0,1,50,2,2,1,0,0,1,17.0,46.0,deux_roues,voiture,1,2,1,1,2
202000005911,2020-07-18 23:00:00,2020,7,18,23,0,976,97612,Impasse Stade,-12.689453,45.07493,Nuit avec éclairage allumé,En agglomération,Hors intersection,Normale,Trois véhicules et plus - en chaîne,2,2,2,0,1,3,1,0,1,-1,3,3,1,0,0,2,36.0,37.0,voiture,voiture,5,2,1,1,4
202000005912,2020-07-22 10:25:00,2020,7,22,10,25,69,69044,2 Route de Sain-bel,45.775732,4.734287,Plein jour,En agglomération,Hors intersection,Normale,Deux véhicules - arrière,3,2,2,0,1,1,1,9,1,50,2,3,0,0,0,3,52.0,39.0,voiture,transport_commun,1,2,1,1,2
202000005913,2020-02-26 14:45:00,2020,2,26,14,45,21,21173,A31,47.0433777,4.8893795,Plein jour,Hors agglomération,Hors intersection,Normale,Deux véhicules - arrière,1,3,5,0,1,1,1,0,1,130,2,3,1,0,2,0,45.0,64.0,utilitaire_camion,voiture,1,1,1,1,2
202000005914,2020-07-12 16:30:00,2020,7,12,16,30,971,97125,N4,16.256141,-61.289715,Plein jour,En agglomération,Intersection en X,Normale,Deux véhicules - côté,2,2,2,0,2,1,1,5,1,50,2,2,1,0,1,0,31.0,63.0,deux_roues,voiture,1,2,2,1,3
202000005915,2020-07-21 18:25:00,2020,7,21,18,25,34,34135,cd 609,43.300773,3.153618,Plein jour,Hors agglomération,Hors intersection,Normale,Sans collision,3,2,2,0,1,1,1,0,3,80,1,1,0,0,1,0,63.0,,voiture,,1,1,1,1,7
202000005916,2020-07-21 04:45:00,2020,7,21,4,45,67,67336,D1083,48.450817,7.65696,Nuit sans éclairage public,Hors agglomération,Hors intersection,Normale,Deux véhicules - frontale,3,3,4,0,1,1,1,0,1,110,2,2,1,0,1,0,42.0,36.0,voiture,utilitaire_camion,3,1,1,1,1
202000005917,2020-07-21 17:00:00,2020,7,21,17,0,69,69190,Rue Marcel Mérieux,45.768211,4.69923,Plein jour,En agglomération,Hors intersection,Normale,Deux véhicules - côté,3,2,2,0,1,2,1,0,1,50,2,3,2,0,0,1,18.0,33.0,voiture,deux_roues,1,2,1,1,3
202000005918,2020-07-21 12:00:00,2020,7,21,12,0,81,81099,Rue Saint-jean,43.902384,1.891459,Plein jour,En agglomération,Hors intersection,Normale,Autre collision,3,2,2,0,2,1,1,9,1,50,1,2,1,0,1,0,53.0,,voiture,,1,2,1,1,6
202000005919,2020-07-21 13:50:00,2020,7,21,13,50,09,09306,Avenue de Sabart,42.832989,1.607974,Plein jour,Hors agglomération,Hors intersection,Normale,Autre collision,2,1,1,0,1,1,1,8,1,80,1,1,0,0,0,1,73.0,,voiture,,1,1,1,1,6
202000005920,2020-07-21 13:20:00,2020,7,21,13,20,16,16018,5 Chaussée de Gimeux,45.642873,-0.383376,Plein jour,En agglomération,Hors intersection,Normale,Deux véhicules - arrière,3,2,2,0,1,1,1,0,1,50,2,2,1,0,1,0,52.0,30.0,utilitaire_camion,voiture,1,2,1,1,2
202000005921,2020-07-21 15:00:00,2020,7,21,15,0,13,13028,A50-Sens Aubagne vers Toulon,43.2050448,5.5902389,Plein jour,Hors agglomération,Hors intersection,Normale,Deux véhicules - arrière,1,3,11,0,1,1,1,7,1,30,2,5,2,0,0,3,56.0,37.0,voiture,voiture,1,1,1,1,2
202000005922,2020-07-21 13:15:00,2020,7,21,13,15,13,13005,A50-Sens Marseille vers Aubagne,43.288567,5.560682,Plein jour,Hors agglomération,Hors intersection,Normale,Sans collision,1,1,3,0,1,1,1,0,8,90,1,1,0,0,0,1,21.0,,voiture,,1,1,1,1,7
202000005923,2020-07-20 19:45:00,2020,7,20,19,45,13,13055,A507 sens Marseille - Aubagne,43.32997,5.396658,Plein jour,Hors agglomération,Hors intersection,Normale,Trois véhicules et plus - collisions multiples,1,1,4,0,2,1,1,1,1,70,4,4,3,0,1,0,25.0,55.0,voiture,voiture,1,1,1,1,5
202000005924,2020-07-20 17:01:00,2020,7,20,17,1,83,83137,A50,43.12655,5.89131,Plein jour,Hors agglomération,Hors intersection,Normale,Trois véhicules et plus - collisions multiples,1,3,6,0,1,1,1,0,1,110,4,4,1,0,1,2,43.0,31.0,voiture,voiture,1,1,1,1,5
202000005925,2020-07-20 23:12:00,2020,7,20,23,12,69,69272,A46S   57.400 A 61.010,45.59414,4.84718,Nuit sans éclairage public,Hors agglomération,Hors intersection,Normale,,1,3,4,0,1,1,1,9,1,110,2,5,4,1,0,0,34.0,54.0,utilitaire_camion,voiture,3,1,1,1,-1
202000005926,2020-07-21 18:45:00,2020,7,21,18,45,92,92050,A86,48.9088703,2.2144267,Plein jour,Hors agglomération,Hors intersection,Normale,Deux véhicules - arrière,1,3,4,0,1,1,1,9,1,90,2,2,1,0,0,1,54.0,20.0,deux_roues,voiture,1,1,1,1,2
202000005927,2020-07-20 08:30:00,2020,7,20,8,30,92,92048,N118,48.7955155,2.2178484,Plein jour,Hors agglomération,Hors intersection,Normale,,2,3,4,0,1,1,1,0,1,90,2,2,1,0,0,1,42.0,46.0,deux_roues,voiture,1,1,1,1,-1
202000005928,2020-07-21 21:20:00,2020,7,21,21,20,93,93053,AUTOROUTE A3,48.88343,2.45856,Crépuscule ou aube,Hors agglomération,Hors intersection,Normale,Deux véhicules - côté,1,3,7,0,1,1,1,0,1,90,2,2,1,0,0,1,34.0,37.0,voiture,deux_roues,2,1,1,1,3
202000005929,2020-07-21 17:30:00,2020,7,21,17,30,93,93063,AUTOROUTE A3,48.87944,2.44947,Plein jour,Hors agglomération,Hors intersection,Normale,Sans collision,1,3,7,0,2,1,1,0,1,90,1,1,0,0,0,1,23.0,,deux_roues,,1,1,1,1,7
202000005930,2020-07-21 07:55:00,2020,7,21,7,55,93,93066,AUTOROUTE A1,48.9338,2.38069,Plein jour,Hors agglomération,Hors intersection,Normale,Deux véhicules - côté,1,3,8,0,1,1,1,0,1,90,2,2,1,0,0,1,20.0,25.0,deux_roues,voiture,1,1,1,1,3
202000005931,2020-07-21 07:25:00,2020,7,21,7,25,94,94017,A4,48.8296743,2.4982711,Plein jour,Hors agglomération,Hors intersection,Normale,Deux véhicules - côté,1,1,5,0,1,1,1,1,1,90,2,2,1,0,0,1,32.0,58.0,deux_roues,voiture,1,1,1,1,3
202000005932,2020-07-21 07:15:00,2020,7,21,7,15,77,77169,RN104.INT,48.81247,2.62878,Plein jour,Hors agglomération,Hors intersection,Normale,Deux véhicules - arrière,2,1,3,0,1,3,1,0,1,90,2,2,1,0,0,1,41.0,45.0,utilitaire_camion,utilitaire_camion,1,1,1,1,2
202000005933,2020-07-20 18:30:00,2020,7,20,18,30,77,77337,A4,48.8303864,2.6112166,Plein jour,Hors agglomération,Hors intersection,Normale,Deux véhicules - côté,1,3,3,0,1,1,1,0,1,110,2,3,2,0,0,1,48.0,26.0,voiture,deux_roues,1,1,1,1,3
202000005934,2020-07-17 23:10:00,2020,7,17,23,10,94,94065,A86 INT,48.755221,2.34391,Nuit avec éclairage allumé,Hors agglomération,Hors intersection,Normale,Deux véhicules - arrière,2,1,3,0,1,1,1,0,1,90,2,2,1,0,0,1,26.0,43.0,deux_roues,voiture,5,1,1,1,2
202000005935,2020-07-20 22:55:00,2020,7,20,22,55,69,69387,JEAN JAURES                         (AV),45.74818,4.84368,Nuit avec éclairage allumé,En agglomération,Intersection en X,Normale,Deux véhicules - côté,4,2,4,3,1,1,1,5,1,50,2,6,5,0,0,1,27.0,21.0,voiture,voiture,5,2,2,1,3
202000005936,2020-07-20 16:50:00,2020,7,20,16,50,69,69388,ETATS UNIS (DES)                    (BD),45.7261,4.87,Plein jour,En agglomération,Hors intersection,Normale,Autre collision,4,1,2,3,1,1,1,0,1,50,1,3,1,0,2,0,42.0,,voiture,,1,2,1,1,6
202000005937,2020-07-20 13:50:00,2020,7,20,13,50,69,69259,FRANCIS DE PRESSENSE                (AV),45.71588,4.87144,Plein jour,En agglomération,Intersection en T,Normale,,4,3,1,1,1,1,1,0,1,50,3,3,2,0,0,1,58.0,19.0,voiture,voiture,1,2,3,1,-1
202000005938,2020-07-20 11:50:00,2020,7,20,11,50,69,69383,LAFAYETTE                           (CO),45.76359,4.85021,Plein jour,En agglomération,Hors intersection,Normale,Deux véhicules - arrière,4,1,1,0,1,1,1,0,1,50,2,2,1,0,1,0,55.0,52.0,voiture,deux_roues,1,2,1,1,2
202000005939,2020-07-20 19:09:00,2020,7,20,19,9,2A,2A004,MARECHAL JUIN AVENUE,41.9341287,8.7506722,Plein jour,En agglomération,Intersection en T,Normale,Deux véhicules - côté,2,1,3,0,1,1,1,0,1,50,2,2,1,0,1,0,62.0,70.0,deux_roues,voiture,1,2,3,1,3
202000005940,2020-07-19 15:43:00,2020,7,19,15,43,95,95539,Avenue Jean Moulin,48.9947,2.3653,Plein jour,En agglomération,Hors intersection,Normale,Deux véhicules - frontale,4,2,2,0,1,1,1,0,1,50,2,5,4,1,0,0,20.0,20.0,voiture,deux_roues,1,2,1,1,1
202000005941,2020-07-18 12:17:00,2020,7,18,12,17,91,91477,VALLEE (CHEMIN DE LA),48.72388,2.23832,Plein jour,En agglomération,Intersection en X,Normale,Deux véhicules - côté,4,-1,2,0,2,1,1,9,1,50,2,2,1,0,1,0,22.0,51.0,deux_roues,voiture,1,2,2,1,3
202000005942,2020-07-20 17:50:00,2020,7,20,17,50,91,91377,PREMIER MAI (BOULEVARD DU),48.7335,2.2623,Plein jour,En agglomération,Hors intersection,Normale,Autre collision,4,3,2,0,1,1,1,0,6,30,1,2,1,0,1,0,29.0,,voiture,,1,2,1,1,6
202000005943,2020-07-16 09:52:00,2020,7,16,9,52,91,91552,ALLENDE SALVADOR (AVENUE),48.59117,2.25794,Plein jour,En agglomération,Intersection en T,Normale,Deux véhicules - côté,4,2,2,0,1,1,1,0,1,50,2,4,0,0,0,4,34.0,27.0,voiture,utilitaire_camion,1,2,3,1,3
202000005944,2020-07-13 10:00:00,2020,7,13,10,0,91,91425,ORLEANS (ROUTE D'),48.63408,2.26611,Plein jour,En agglomération,Intersection en X,Normale,Trois véhicules et plus - collisions multiples,4,3,6,0,1,1,1,0,1,50,3,3,2,0,0,1,25.0,37.0,utilitaire_camion,voiture,1,2,2,1,5
202000005945,2020-07-20 01:10:00,2020,7,20,1,10,83,83137,BLACHE (PLACE NOEL),43.1241,5.9363,Nuit avec éclairage allumé,En agglomération,Intersection à plus de 4 branches,Normale,Deux véhicules - côté,4,2,6,0,1,1,1,0,1,50,2,2,1,0,1,0,25.0,23.0,deux_roues,voiture,5,2,5,1,3
202000005946,2020-07-20 08:15:00,2020,7,20,8,15,83,83069,DECUGIS (AVENUE ALFRED),43.1149774,6.1554819,Plein jour,En agglomération,Hors intersection,Normale,Deux véhicules - frontale,4,3,2,0,1,1,1,0,1,50,2,2,1,0,0,1,63.0,19.0,autre,voiture,1,2,1,1,1
202000005947,2020-07-19 22:20:00,2020,7,19,22,20,76,76231,RN 840 (ROUTE DU NEUBOURG),49.278669,1.005934,Crépuscule ou aube,En agglomération,Hors intersection,Normale,Trois véhicules et plus - en chaîne,3,2,2,0,2,1,1,0,1,50,3,7,1,0,0,6,45.0,30.0,utilitaire_camion,voiture,2,2,1,1,4
202000005948,2020-07-17 16:30:00,2020,7,17,16,30,76,76705,PICARD. AVENUE GUSTAVE,49.32892,1.10207,Plein jour,Hors agglomération,Giratoire,Normale,Sans collision,3,1,2,0,1,2,1,0,1,80,1,1,0,0,0,1,42.0,,deux_roues,,1,1,6,1,7
202000005949,2020-07-20 12:30:00,2020,7,20,12,30,74,74119,JAURES (BOULEVARD JEAN),46.39981,6.59786,Plein jour,En agglomération,Hors intersection,Normale,Deux véhicules - arrière,4,2,2,0,4,1,1,0,1,50,2,2,1,0,0,1,33.0,25.0,voiture,voiture,1,2,1,1,2
202000005950,2020-07-19 20:30:00,2020,7,19,20,30,71,71306,NANCY (RUE DE),46.6740158,4.343518,Plein jour,En agglomération,Hors intersection,Normale,Deux véhicules - frontale,3,2,2,0,1,2,1,0,1,50,2,2,1,0,1,0,40.0,39.0,voiture,deux_roues,1,2,1,1,1
202000005951,2020-07-20 18:40:00,2020,7,20,18,40,69,69266,ALSACE   (Rue d'),45.7637802,4.8699254,Plein jour,En agglomération,Intersection en T,Normale,Deux véhicules - côté,4,1,0,3,1,1,1,0,1,30,2,1,0,0,0,1,24.0,,voiture,,1,2,3,1,3
202000005952,2020-07-19 14:00:00,2020,7,19,14,0,67,67482,LYON (BOULEVARD DE),48.57602,7.73212,Plein jour,En agglomération,Hors intersection,Normale,Deux véhicules - côté,4,1,4,0,1,1,1,0,1,50,2,3,1,0,0,2,37.0,37.0,voiture,deux_roues,1,2,1,1,3
202000005953,2020-07-18 19:00:00,2020,7,18,19,0,67,67482,RAOUL CLAINCHARD (RUE),48.54185,7.77636,Plein jour,En agglomération,Hors intersection,Normale,Deux véhicules - côté,6,-1,-1,0,1,1,1,9,1,30,2,3,1,0,0,2,27.0,,voiture,,1,2,1,1,3
202000005954,2020-07-19 12:40:00,2020,7,19,12,40,64,64445,ALLEES DE MORLAAS DES,43.3045,-0.34903,Plein jour,En agglomération,Hors intersection,Normale,,4,2,2,0,1,1,1,0,1,30,2,2,1,0,0,1,57.0,49.0,deux_roues,voiture,1,2,1,1,-1
202000005955,2020-07-20 14:45:00,2020,7,20,14,45,64,64024,BARRE (PROMENADE DE LA),43.4961,-1.5288,Plein jour,En agglomération,Giratoire,Normale,Sans collision,4,-1,1,0,1,1,1,0,1,30,1,1,0,0,0,1,37.0,,deux_roues,,1,2,6,1,7
202000005956,2020-07-13 07:25:00,2020,7,13,7,25,63,63124,D216,45.7300664,3.1908015,Plein jour,En agglomération,Intersection en X,Normale,Autre collision,7,2,2,0,1,1,1,0,1,50,1,2,1,0,0,1,33.0,,voiture,,1,2,2,1,6
202000005957,2020-07-07 09:45:00,2020,7,7,9,45,59,59350,MAUBEUGE RUE N°1 - 32,50.6243142,3.0711561,Plein jour,En agglomération,Intersection en T,Normale,Autre collision,4,2,2,0,1,1,1,0,1,30,1,2,1,0,1,0,35.0,,voiture,,1,2,3,1,6
202000005958,2020-07-17 23:00:00,2020,7,17,23,0,56,56121,RN165 sens Brest-Nantes,47.76936,-3.37843,Nuit sans éclairage public,Hors agglomération,Hors intersection,Normale,Deux véhicules - arrière,2,2,4,0,1,3,1,3,1,70,2,4,3,0,0,1,19.0,59.0,voiture,voiture,3,1,1,1,2
202000005959,2020-09-03 19:10:00,2020,9,3,19,10,44,44172,Rond Point des Bornes,47.274971,-1.468306,Plein jour,En agglomération,Giratoire,Normale,Deux véhicules - côté,3,2,2,0,1,1,1,5,1,80,2,1,0,0,1,0,57.0,,deux_roues,,1,2,6,1,3
202000005960,2020-10-16 20:18:00,2020,10,16,20,18,60,60313,37 Rue de Mouy,49.3555313,2.2531677,Nuit avec éclairage allumé,En agglomération,Intersection en T,Normale,Deux véhicules - côté,3,2,2,0,1,1,1,0,1,50,2,3,2,0,1,0,30.0,34.0,voiture,deux_roues,5,2,3,1,3
202000005961,2020-10-17 11:50:00,2020,10,17,11,50,80,80383,A1,49.724618,2.779026,Plein jour,Hors agglomération,Hors intersection,Normale,Deux véhicules - arrière,1,3,3,0,1,1,1,0,5,130,2,2,0,0,2,0,24.0,26.0,deux_roues,deux_roues,1,1,1,1,2
202000005962,2020-10-16 18:30:00,2020,10,16,18,30,13,13055,A507 sens Marseille - Aubagne,43.32986,5.403007,Plein jour,Hors agglomération,Hors intersection,Normale,Deux véhicules - arrière,1,1,3,0,1,1,1,0,1,70,2,3,2,0,0,1,41.0,59.0,utilitaire_camion,voiture,1,1,1,1,2
202000005963,2020-10-16 16:00:00,2020,10,16,16,0,13,13211,A50-Sens Aubagne vers Marseille,43.29123,5.48504,Plein jour,Hors agglomération,Hors intersection,Normale,Deux véhicules - arrière,1,1,3,0,1,1,1,0,1,90,2,3,1,0,0,2,35.0,27.0,utilitaire_camion,utilitaire_camion,1,1,1,1,2
202000005964,2020-10-16 09:10:00,2020,10,16,9,10,13,13071,A7-Sens Marseille vers Lyon,43.402944,5.345433,Plein jour,Hors agglomération,Hors intersection,Normale,Trois véhicules et plus - en chaîne,1,-1,3,0,1,1,1,0,1,110,3,3,2,0,0,1,62.0,27.0,voiture,voiture,1,1,1,1,4
202000005965,2020-10-14 08:45:00,2020,10,14,8,45,69,69283,A46S  ,45.6741,4.9503,Plein jour,Hors agglomération,Hors intersection,Normale,Deux véhicules - arrière,1,3,2,0,1,1,1,3,1,90,2,2,0,0,0,2,36.0,22.0,voiture,voiture,1,1,1,1,2
202000005966,2020-10-16 08:30:00,2020,10,16,8,30,33,33080,AUTOROUTE A 62,44.75974,-0.54633,Plein jour,Hors agglomération,Hors intersection,Normale,Deux véhicules - côté,1,3,4,0,1,1,1,0,1,110,2,2,1,0,0,1,61.0,28.0,utilitaire_camion,deux_roues,1,1,1,1,3
202000005967,2020-10-14 08:15:00,2020,10,14,8,15,33,33249,ROCADE A 630,44.88473,-0.51613,Plein jour,Hors agglomération,Hors intersection,Normale,Deux véhicules - côté,1,-1,6,0,1,1,2,0,1,90,2,3,2,0,0,1,43.0,53.0,deux_roues,voiture,1,1,1,1,3
202000005968,2020-10-16 07:30:00,2020,10,16,7,30,78,78362,A13,48.977009,1.716873,Plein jour,Hors agglomération,Hors intersection,Normale,Deux véhicules - arrière,1,3,6,0,1,1,1,0,1,110,2,2,1,0,0,1,29.0,58.0,utilitaire_camion,deux_roues,1,1,1,1,2
202000005969,2020-10-15 15:10:00,2020,10,15,15,10,95,95277, A3,48.972771,2.486684,Plein jour,En agglomération,Hors intersection,Normale,Autre collision,1,3,2,0,1,1,1,0,2,90,1,1,0,0,0,1,44.0,,voiture,,1,2,1,1,6
202000005970,2020-10-16 07:15:00,2020,10,16,7,15,93,93051,A4,48.836557,2.548272,Nuit sans éclairage public,Hors agglomération,Hors intersection,Normale,Trois véhicules et plus - collisions multiples,1,1,3,0,1,1,1,0,1,110,3,3,2,0,0,1,23.0,60.0,voiture,deux_roues,3,1,1,1,5