accident_id,datetime,annee,mois,jour,heure,minute,departement,commune_insee,adresse,latitude,longitude,luminosite,agglomeration,intersection,meteo,collision,catr,circ,nbv,vosp,prof,plan,surf,infra,situ,vma,nb_vehicules,nb_usagers,nb_indemnes,nb_tues,nb_blesses_hosp,nb_blesses_legers,age_cond_1,age_cond_2,veh_type_cond_1,veh_type_cond_2,lum_code,agg_code,int_code,atm_code,col_code
202000005971,2020-10-15 07:20:00,2020,10,15,7,20,976,97611,tsoundzou-Maternelle ( rue de la ),-12.81598,45.19925,Plein jour,En agglomération,Hors intersection,Normale,Autre collision,2,2,0,0,1,1,1,0,1,50,1,2,0,0,0,2,45.0,,deux_roues,,1,2,1,1,6
202000005972,2020-10-14 20:15:00,2020,10,14,20,15,974,97416,ANCIENNE RN 1,-21.22223,55.44492,Nuit sans éclairage public,Hors agglomération,Hors intersection,Normale,Deux véhicules - côté,3,2,2,0,2,2,1,9,1,70,2,2,1,0,1,0,56.0,19.0,voiture,autre,3,1,1,1,3
202000005973,2020-10-14 19:50:00,2020,10,14,19,50,974,97416,Chemin Bassin Plat,-21.33123,55.49038,Plein jour,Hors agglomération,Hors intersection,Normale,Autre collision,2,2,5,0,2,1,1,1,1,110,1,2,1,0,1,0,23.0,,voiture,,1,1,1,1,6
202000005974,2020-10-14 15:40:00,2020,10,14,15,40,974,97409,Rue de Cambuston,-20.933091,55.652114,Plein jour,En agglomération,Intersection en T,Normale,Deux véhicules - côté,3,2,2,0,2,2,1,9,1,50,2,2,1,0,1,0,53.0,60.0,voiture,deux_roues,1,2,3,1,3
202000005975,2020-10-14 18:00:00,2020,10,14,18,0,974,97407,VOIE DE LIAISON PORTUAIRE EST/ OUEST,-20.93027,55.30149,Plein jour,En agglomération,Autre intersection,Normale,Deux véhicules - côté,9,2,2,0,1,1,1,0,1,70,2,2,1,0,0,1,58.0,42.0,deux_roues,voiture,1,2,9,1,3
202000005976,2020-10-15 17:15:00,2020,10,15,17,15,973,97302,MANDELA  (BOULEVARD),4.93747,-52.3258,Plein jour,En agglomération,Hors intersection,Normale,Deux véhicules - côté,3,1,2,0,1,1,1,0,1,50,2,1,0,0,0,1,15.0,,deux_roues,,1,2,1,1,3
202000005977,2020-10-15 20:00:00,2020,10,15,20,0,69,69387,GAMBETTA                            (CO),45.7521,4.8522,Nuit avec éclairage allumé,En agglomération,Intersection en X,Normale,Deux véhicules - frontale,4,2,4,2,1,1,1,0,1,50,2,2,1,0,0,1,36.0,26.0,deux_roues,voiture,5,2,2,1,1
202000005978,2020-10-15 17:30:00,2020,10,15,17,30,69,69387,GUILLOTIERE (DE LA)                 (GR),45.74794,4.8562,Crépuscule ou aube,En agglomération,Intersection en X,Normale,Deux véhicules - frontale,4,1,3,1,1,1,1,0,1,50,2,2,1,0,0,1,55.0,39.0,deux_roues,voiture,2,2,2,1,1
202000005979,2020-10-15 13:55:00,2020,10,15,13,55,69,69383,VICTOR AUGAGNEUR                    (QU),45.75926,4.84094,Plein jour,En agglomération,Hors intersection,Normale,,4,1,3,0,1,1,1,0,1,50,2,2,1,0,0,1,77.0,55.0,voiture,deux_roues,1,2,1,1,-1
202000005980,2020-10-15 13:30:00,2020,10,15,13,30,69,69202,CHAVRIL (DE)                        (R ),45.7466772,4.8011967,Plein jour,En agglomération,Hors intersection,Temps couvert,Autre collision,4,2,2,0,1,1,1,6,1,30,1,2,1,0,0,1,65.0,,voiture,,1,2,1,8,6
202000005981,2020-10-14 12:15:00,2020,10,14,12,15,971,97101,DES FINANCES - MORNE CARUEL (RUE),16.26819,-61.51171,Plein jour,Hors agglomération,Hors intersection,Pluie légère,Autre collision,4,1,2,0,1,3,2,0,1,50,1,4,2,0,0,2,19.0,,voiture,,1,1,1,2,6
202000005982,2020-10-13 08:25:00,2020,10,13,8,25,95,95585,Rue Victor Hugo,48.99811,2.38263,Plein jour,En agglomération,Hors intersection,Normale,Autre collision,4,2,1,0,1,1,1,0,1,30,1,2,1,0,0,1,20.0,,autre,,1,2,1,1,6
202000005983,2020-10-13 08:30:00,2020,10,13,8,30,91,91552,RTE DE LEUVILLE,48.6028,2.25698,Plein jour,En agglomération,Hors intersection,Pluie forte,Trois véhicules et plus - collisions multiples,4,2,2,0,1,1,2,0,1,50,3,3,1,0,0,2,32.0,46.0,voiture,voiture,1,2,1,3,5
202000005984,2020-10-11 17:49:00,2020,10,11,17,49,91,91549,RD 117,48.64017,2.33317,Plein jour,En agglomération,Hors intersection,Normale,Deux véhicules - arrière,3,2,2,0,1,1,1,0,1,50,2,2,1,0,0,1,43.0,44.0,voiture,voiture,1,2,1,1,2
202000005985,2020-10-11 00:25:00,2020,10,11,0,25,91,91552,CD 19,48.57723,2.28667,Nuit avec éclairage allumé,Hors agglomération,Hors intersection,Normale,Deux véhicules - arrière,3,3,4,0,1,1,1,0,1,90,2,5,3,0,0,2,26.0,35.0,voiture,voiture,5,1,1,1,2
202000005986,2020-10-10 11:20:00,2020,10,10,11,20,91,91549,GABRIEL PERI (AVENUE),48.65266,2.31538,Plein jour,En agglomération,Hors intersection,Normale,Autre collision,4,2,2,0,1,1,1,0,1,50,1,3,2,0,0,1,58.0,,deux_roues,,1,2,1,1,6
202000005987,2020-10-06 13:30:00,2020,10,6,13,30,91,91570,ROSIERES (RUE),48.6258,2.31382,Plein jour,En agglomération,Autre intersection,Normale,Deux véhicules - côté,4,2,2,0,1,1,1,3,1,50,2,3,2,0,0,1,24.0,23.0,voiture,voiture,1,2,9,1,3
202000005988,2020-10-14 17:28:00,2020,10,14,17,28,87,87085,REVOLUTION (PONT DE LA),45.8199,1.26479,Plein jour,En agglomération,Hors intersection,Pluie légère,Trois véhicules et plus - en chaîne,3,2,4,0,1,1,2,2,1,50,3,3,2,0,0,1,18.0,54.0,voiture,voiture,1,2,1,2,4
202000005989,2020-10-14 20:15:00,2020,10,14,20,15,87,87065,MERMOZ (RUE JEAN-),45.81596,1.3086,Nuit avec éclairage allumé,En agglomération,Intersection en T,Pluie légère,Sans collision,3,2,3,0,1,1,2,0,3,50,1,1,0,0,0,1,21.0,,voiture,,5,2,3,2,7
202000005990,2020-10-14 16:07:00,2020,10,14,16,7,87,87065,AUTOROUTE A20,45.79878,1.29628,Plein jour,Hors agglomération,Hors intersection,Pluie légère,Autre collision,1,3,4,0,1,1,2,0,1,110,1,1,0,0,0,1,47.0,,utilitaire_camion,,1,1,1,2,6
202000005991,2020-10-15 13:45:00,2020,10,15,13,45,83,83090,NATIONALE 8 (ROUTE),43.1327345,5.8648999,Plein jour,En agglomération,Hors intersection,Normale,Deux véhicules - côté,3,2,1,0,1,1,1,0,1,70,2,2,0,0,0,2,24.0,67.0,voiture,voiture,1,2,1,1,3
202000005992,2020-10-14 08:00:00,2020,10,14,8,0,76,76540,MARNE. BOULEVARD DE LA,49.4462,1.08839,Plein jour,En agglomération,Hors intersection,Normale,Deux véhicules - arrière,3,2,2,3,2,1,1,0,1,50,2,2,1,0,0,1,44.0,32.0,voiture,voiture,1,2,1,1,2
202000005993,2020-10-14 18:30:00,2020,10,14,18,30,76,76575,UNIVERSITE. AVENUE DE L',49.38684,1.06603,Plein jour,En agglomération,Hors intersection,Normale,Autre collision,4,2,1,0,1,1,1,-1,8,30,1,1,0,0,0,1,,,,,1,2,1,1,6
202000005994,2020-10-14 15:15:00,2020,10,14,15,15,76,76165,FAURE. RUE FELIX,49.28714,1.02294,Plein jour,En agglomération,Intersection en T,Normale,Deux véhicules - côté,4,2,2,0,1,1,1,0,1,30,2,1,0,0,0,1,39.0,,deux_roues,,1,2,3,1,3
202000005995,2020-10-15 18:30:00,2020,10,15,18,30,76,76349,CABARET (RUE DU),49.89309,1.03138,Plein jour,En agglomération,Intersection en T,Normale,Deux véhicules - côté,3,2,2,0,4,2,1,0,1,50,2,2,1,0,0,1,23.0,45.0,deux_roues,voiture,1,2,3,1,3
202000005996,2020-08-31 09:40:00,2020,8,31,9,40,69,69264,BARBUSSE HENRI  (boulvard),45.9799,4.7162,Plein jour,En agglomération,Hors intersection,Normale,Deux véhicules - côté,4,2,2,0,1,1,1,0,1,50,2,2,1,0,0,1,70.0,72.0,voiture,voiture,1,2,1,1,3
202000005997,2020-10-15 08:30:00,2020,10,15,8,30,69,69264,GAMBETTA  BD,45.9908798,4.7150969,Plein jour,En agglomération,Hors intersection,Normale,Deux véhicules - côté,4,2,2,0,2,1,1,0,1,50,2,2,1,0,0,1,37.0,12.0,voiture,deux_roues,1,2,1,1,3
202000005998,2020-10-14 18:00:00,2020,10,14,18,0,67,67482,NANTES (RUE DE),48.5718,7.78,Crépuscule ou aube,En agglomération,Hors intersection,Pluie légère,Deux véhicules - frontale,4,2,2,1,1,2,2,0,5,35,2,2,0,0,0,2,14.0,25.0,deux_roues,deux_roues,2,2,1,2,1
202000005999,2020-10-15 10:32:00,2020,10,15,10,32,66,66136,LANGUEDOC (AVENUE DU CD 88),42.72245,2.88653,Plein jour,En agglomération,Hors intersection,Normale,Deux véhicules - côté,4,2,2,0,1,1,1,0,1,50,2,3,2,0,1,0,21.0,33.0,voiture,voiture,1,2,1,1,3
202000006000,2020-10-15 09:55:00,2020,10,15,9,55,64,64445,DROITS DE L' HOMME DES,43.31306,-0.36896,Plein jour,En agglomération,Giratoire,Normale,Deux véhicules - côté,4,2,2,1,1,1,1,0,1,50,2,2,1,0,0,1,14.0,23.0,deux_roues,voiture,1,2,6,1,3
202000006001,2020-10-15 15:20:00,2020,10,15,15,20,64,64102,9 chemin des barthes,43.49792,-1.4937,Plein jour,En agglomération,Giratoire,Temps couvert,Deux véhicules - côté,4,1,3,1,1,2,1,5,5,50,2,2,1,0,0,1,45.0,49.0,voiture,deux_roues,1,2,6,8,3
202000006002,2020-10-15 08:00:00,2020,10,15,8,0,64,64024,BARTHES (RUE DES),43.4835,-1.51088,Crépuscule ou aube,En agglomération,Intersection en T,Pluie forte,Autre collision,4,2,2,0,1,1,2,6,1,50,1,2,1,0,0,1,39.0,,voiture,,2,2,3,3,6
202000006003,2020-10-15 16:25:00,2020,10,15,16,25,59,59599,PAPIN (CHAUSSEE DENIS),50.73265,3.14312,Plein jour,En agglomération,Hors intersection,Normale,Autre collision,7,2,4,0,1,1,1,0,1,50,1,2,1,0,0,1,66.0,,voiture,,1,2,1,1,6
202000006004,2020-10-15 18:25:00,2020,10,15,18,25,59,59346,APPERT NICOLAS RUE,50.60407,3.13374,Crépuscule ou aube,En agglomération,Autre intersection,Normale,Deux véhicules - côté,7,3,4,1,1,1,1,9,1,50,2,2,1,0,0,1,47.0,18.0,deux_roues,voiture,2,2,9,1,3
202000006005,2020-10-14 11:50:00,2020,10,14,11,50,59,59346,LEZENNES BOULEVARD DE,50.61807,3.1097,Plein jour,En agglomération,Autre intersection,Normale,Deux véhicules - arrière,7,1,2,0,1,1,1,0,1,50,2,2,1,0,0,1,50.0,30.0,voiture,voiture,1,2,9,1,2
202000006006,2020-10-15 06:55:00,2020,10,15,6,55,58,58194,PETIT MOUESSE,46.98881,3.17205,Crépuscule ou aube,En agglomération,Intersection en T,Normale,Deux véhicules - côté,3,2,4,0,1,1,1,0,1,50,2,2,0,0,0,2,63.0,34.0,voiture,voiture,2,2,3,1,3
202000006007,2020-10-12 03:25:00,2020,10,12,3,25,57,57672,BREUIL (BOUCLE DU),49.3679885,6.1084413,Nuit avec éclairage non allumé,En agglomération,Hors intersection,Pluie légère,Autre collision,4,2,2,0,1,2,1,0,3,50,1,4,2,0,1,1,23.0,,voiture,,4,2,1,2,6
202000006008,2020-10-15 07:50:00,2020,10,15,7,50,56,56260,PAIX(BLD DE LA) 41 A 109 ET 52 A 124,47.66138,-2.75649,Crépuscule ou aube,En agglomération,Hors intersection,Normale,Deux véhicules - frontale,3,2,2,1,1,1,1,0,1,50,2,2,1,0,0,1,35.0,74.0,deux_roues,voiture,2,2,1,1,1
202000006009,2020-10-14 17:15:00,2020,10,14,17,15,56,56121,BELGIQUE (RUE  DE ),47.75976,-3.38152,Plein jour,En agglomération,Intersection en T,Normale,Deux véhicules - côté,4,2,2,0,1,1,1,0,1,50,2,2,1,0,0,1,17.0,44.0,deux_roues,voiture,1,2,3,1,3
202000006010,2020-10-14 19:40:00,2020,10,14,19,40,54,54395,MOUILLERON (RUE GABRIEL),48.6849367,6.1753904,Nuit avec éclairage allumé,En agglomération,Intersection en T,Pluie légère,Deux véhicules - côté,4,1,1,1,2,1,2,0,1,30,2,2,1,0,0,1,26.0,22.0,deux_roues,voiture,5,2,3,2,3
202000006011,2020-10-14 19:40:00,2020,10,14,19,40,54,54395,CARMES (RUE DES),48.690496,6.181296,Nuit avec éclairage allumé,En agglomération,Hors intersection,Pluie légère,Autre collision,4,2,2,0,2,1,2,0,1,30,1,2,1,0,0,1,30.0,,deux_roues,,5,2,1,2,6
202000006012,2020-10-14 18:35:00,2020,10,14,18,35,54,54395,BRABOIS (AVENUE DE),48.6718,6.1613,Nuit avec éclairage allumé,En agglomération,Intersection en X,Pluie légère,Deux véhicules - côté,4,2,3,0,1,1,2,0,1,50,2,2,1,0,0,1,33.0,25.0,deux_roues,voiture,5,2,2,2,3
202000006013,2020-10-13 07:30:00,2020,10,13,7,30,54,54395,FOLLER (RUE),48.6863,6.19365,Crépuscule ou aube,En agglomération,Hors intersection,Normale,Trois véhicules et plus - collisions multiples,4,1,2,0,1,1,1,0,1,50,3,3,2,0,0,1,22.0,51.0,voiture,voiture,2,2,1,1,5
202000006014,2020-10-15 17:30:00,2020,10,15,17,30,51,51454,Rue Ambroise Petit,49.2401435,4.041466,Plein jour,En agglomération,Intersection en X,Normale,Sans collision,4,2,3,1,2,1,1,0,1,50,1,2,1,0,1,0,70.0,,voiture,,1,2,2,1,7
202000006015,2020-10-13 15:30:00,2020,10,13,15,30,50,50129,NAPOLEON (PLACE),49.64281,-1.62407,Plein jour,En agglomération,Hors intersection,Normale,Autre collision,4,3,2,0,1,1,2,0,1,50,1,2,1,0,0,1,61.0,,voiture,,1,2,1,1,6
202000006016,2020-10-14 11:45:00,2020,10,14,11,45,50,50129,DOM PEDRO (RUE ),49.64055,-1.61212,Plein jour,En agglomération,Hors intersection,Temps couvert,Deux véhicules - côté,4,1,1,0,1,1,1,5,1,50,2,1,0,0,0,1,21.0,,deux_roues,,1,2,1,8,3
202000006017,2020-10-14 16:25:00,2020,10,14,16,25,49,49099,ANJOU (RUE DE L'),47.074472,-0.8438935,Plein jour,En agglomération,Intersection en T,Normale,Deux véhicules - côté,7,2,2,0,1,1,1,0,1,50,2,2,1,0,1,0,43.0,67.0,deux_roues,voiture,1,2,3,1,3
202000006018,2020-10-13 20:00:00,2020,10,13,20,0,49,49007,ATLANTIQUE  AVENUE DE L',47.46951,-0.59211,Crépuscule ou aube,Hors agglomération,Hors intersection,Pluie légère,Trois véhicules et plus - en chaîne,3,2,2,0,1,1,1,0,1,70,4,5,2,0,0,3,20.0,21.0,voiture,voiture,2,1,1,2,4
202000006019,2020-10-13 17:27:00,2020,10,13,17,27,49,49007,Rue de Buffon,47.47642,-0.547547,Crépuscule ou aube,En agglomération,Hors intersection,Normale,Deux véhicules - côté,4,-1,2,0,1,1,1,0,1,50,2,2,1,0,0,1,22.0,49.0,deux_roues,voiture,2,2,1,1,3
202000006020,2020-10-14 15:04:00,2020,10,14,15,4,49,49007,POIREL BOULEVARD,47.4597,-0.5605,Nuit avec éclairage allumé,En agglomération,Hors intersection,Brouillard / fumée,Autre collision,6,-1,2,0,1,1,1,0,1,30,1,2,1,0,0,1,33.0,,voiture,,5,2,1,5,6
202000006021,2020-10-09 11:55:00,2020,10,9,11,55,44,44109,Bd Meusnier de Querlon,47.22764,-1.57445,Plein jour,En agglomération,Hors intersection,Pluie légère,Deux véhicules - frontale,4,2,0,0,1,1,2,0,1,30,2,2,1,0,0,1,21.0,42.0,deux_roues,voiture,1,2,1,2,1
202000006022,2020-10-10 16:20:00,2020,10,10,16,20,41,41269,CHASSEURS (RUE DU 20EME),47.80337,1.06636,Plein jour,En agglomération,Hors intersection,Normale,Deux véhicules - côté,4,2,2,0,1,1,1,0,1,50,2,2,1,0,0,1,31.0,58.0,deux_roues,voiture,1,2,1,1,3
202000006023,2020-10-16 01:25:00,2020,10,16,1,25,37,37208,MIDY (RUE DE LA),47.3539855,0.7517663,Nuit sans éclairage public,En agglomération,Hors intersection,Normale,Sans collision,4,2,2,0,1,3,1,0,3,50,1,2,0,0,0,2,19.0,,voiture,,3,2,1,1,7
202000006024,2020-10-15 07:30:00,2020,10,15,7,30,37,37261,EIFFEL (AVENUE GUSTAVE),47.4261004,0.6969158,Plein jour,En agglomération,Hors intersection,Normale,Deux véhicules - côté,4,2,2,0,1,2,1,0,1,50,2,2,1,0,0,1,31.0,30.0,utilitaire_camion,deux_roues,1,2,1,1,3
202000006025,2020-10-15 07:10:00,2020,10,15,7,10,35,35238,REPUBLIQUE (PLACE DE LA),48.1102,-1.67871,Nuit avec éclairage non allumé,En agglomération,Hors intersection,Temps couvert,Autre collision,4,2,0,3,1,1,1,6,1,30,1,2,1,0,0,1,58.0,,utilitaire_camion,,4,2,1,8,6
202000006026,2020-10-14 17:40:00,2020,10,14,17,40,35,35238,FOULON (AVENUE PROFESSEUR CHARLES),48.11916,-1.64926,Plein jour,En agglomération,Autre intersection,Normale,Deux véhicules - côté,4,1,1,1,2,3,1,5,1,50,2,2,1,1,0,0,46.0,67.0,utilitaire_camion,deux_roues,1,2,9,1,3
202000006027,2020-10-15 07:20:00,2020,10,15,7,20,33,33039,ALL BOYER,44.80941,-0.53734,Nuit avec éclairage allumé,En agglomération,Intersection en Y,Normale,Deux véhicules - côté,4,2,2,0,1,1,1,0,8,30,2,2,1,0,0,1,38.0,53.0,deux_roues,voiture,5,2,4,1,3
202000006028,2020-10-15 10:55:00,2020,10,15,10,55,31,31555,AV ALBERT BEDOUCE,43.57832,1.45783,Plein jour,En agglomération,Hors intersection,Normale,Deux véhicules - côté,4,2,2,0,1,1,1,0,1,50,2,2,1,0,0,1,53.0,27.0,deux_roues,voiture,1,2,1,1,3
202000006029,2020-10-14 18:30:00,2020,10,14,18,30,31,31555,AV DE LATTRE DE TASSIGNY,43.57661,1.43626,Crépuscule ou aube,En agglomération,Hors intersection,Normale,Deux véhicules - frontale,4,3,2,0,1,3,2,0,1,50,2,4,2,0,2,0,22.0,30.0,voiture,voiture,2,2,1,1,1
202000006030,2020-10-14 17:00:00,2020,10,14,17,0,31,31555,RD901,43.61713,1.39384,Plein jour,Hors agglomération,Hors intersection,Pluie légère,Trois véhicules et plus - en chaîne,3,3,4,0,1,1,2,0,1,90,7,7,4,0,2,1,19.0,40.0,voiture,utilitaire_camion,1,1,1,2,4
202000006031,2020-10-14 12:10:00,2020,10,14,12,10,31,31555,PORT SAINT SAUVEUR,43.59802,1.45589,Plein jour,En agglomération,Hors intersection,Pluie forte,Deux véhicules - côté,4,2,3,1,2,1,2,0,1,50,2,2,1,0,0,1,67.0,39.0,deux_roues,voiture,1,2,1,3,3
202000006032,2020-10-13 20:09:00,2020,10,13,20,9,31,31555,BD LASCROSSES,43.60979,1.43276,Nuit avec éclairage allumé,En agglomération,Hors intersection,Pluie légère,Deux véhicules - côté,4,3,6,0,1,1,2,0,1,50,2,2,0,1,0,1,48.0,29.0,deux_roues,deux_roues,5,2,1,2,3
202000006033,2020-10-14 15:00:00,2020,10,14,15,0,29,29019,Rue Dupetit Thouars,48.3788746,-4.5203934,Plein jour,En agglomération,Intersection en T,Normale,Deux véhicules - côté,4,2,2,0,2,1,1,5,1,50,2,2,1,0,0,1,44.0,44.0,deux_roues,voiture,1,2,3,1,3
202000006034,2020-10-14 12:05:00,2020,10,14,12,5,29,29019,D112 - Pen Ar Chleuz,48.4150638,-4.4797467,Plein jour,En agglomération,Hors intersection,Pluie légère,Deux véhicules - arrière,3,3,4,0,1,1,2,5,1,50,2,3,1,0,0,2,49.0,59.0,utilitaire_camion,voiture,1,2,1,2,2
202000006035,2020-10-15 08:05:00,2020,10,15,8,5,27,27229,ORLEANS (RUE D'),48.99856,1.15489,Plein jour,En agglomération,Giratoire,Normale,Deux véhicules - côté,3,1,1,0,1,1,1,0,1,50,2,2,1,0,0,1,39.0,15.0,voiture,deux_roues,1,2,6,1,3
202000006036,2020-10-15 18:45:00,2020,10,15,18,45,26,26198,70 Avenue de Rochemaure,44.56374,4.73985,Plein jour,En agglomération,Intersection en T,Pluie légère,Deux véhicules - côté,4,2,2,0,1,1,2,0,1,50,2,2,1,0,0,1,21.0,17.0,voiture,deux_roues,1,2,3,2,3
202000006037,2020-10-14 12:15:00,2020,10,14,12,15,22,22113,LOGUIVY (LIEU DIT),48.738708,-3.477897,Plein jour,En agglomération,Hors intersection,Normale,Deux véhicules - arrière,4,2,2,0,1,3,2,0,1,50,2,2,1,0,0,1,64.0,18.0,voiture,deux_roues,1,2,1,1,2
202000006038,2020-10-14 06:58:00,2020,10,14,6,58,21,21054,Boulevard Maréchal Joffre,47.026167,4.842561,Nuit avec éclairage allumé,En agglomération,Hors intersection,Pluie légère,Trois véhicules et plus - collisions multiples,4,1,2,0,1,2,2,0,1,50,4,4,2,0,1,1,46.0,55.0,voiture,voiture,5,2,1,2,5
202000006039,2020-10-15 22:55:00,2020,10,15,22,55,17,17306,PONTAILLAC (DE) (AVENUE),45.625031,-1.047742,Nuit avec éclairage allumé,En agglomération,Hors intersection,Normale,Autre collision,4,2,2,0,1,1,1,0,4,50,1,2,1,0,0,1,37.0,,autre,,5,2,1,1,6
202000006040,2020-10-15 20:45:00,2020,10,15,20,45,13,13207,CHARLES LIVON (BOULEVARD),43.2921,5.359,Nuit avec éclairage allumé,En agglomération,Hors intersection,Normale,Deux véhicules - côté,4,2,4,0,2,1,1,0,1,50,2,1,0,0,0,1,40.0,,deux_roues,,5,2,1,1,3
202000006041,2020-10-15 19:45:00,2020,10,15,19,45,13,13211,VALBARELLE (BOULEVARD DE LA ),43.288608,5.454804,Nuit avec éclairage allumé,En agglomération,Intersection en X,Normale,Deux véhicules - côté,3,2,2,0,1,1,1,0,1,2,2,2,1,0,1,0,34.0,25.0,voiture,deux_roues,5,2,2,1,3
202000006042,2020-10-15 14:40:00,2020,10,15,14,40,13,13207,CORDERIE (BOULEVARD DE LA),43.29021,5.368582,Plein jour,En agglomération,Hors intersection,Normale,Deux véhicules - côté,4,2,3,3,1,1,1,0,1,50,2,2,1,0,0,1,32.0,40.0,deux_roues,voiture,1,2,1,1,3
202000006043,2020-10-15 08:10:00,2020,10,15,8,10,13,13206,BRETEUIL (RUE),43.286532,5.377394,Plein jour,En agglomération,Hors intersection,Normale,Deux véhicules - côté,4,1,1,0,2,1,1,0,1,50,2,2,1,0,0,1,35.0,50.0,deux_roues,voiture,1,2,1,1,3
202000006044,2020-10-14 10:51:00,2020,10,14,10,51,10,10387,ST DOMINIQUE (MAIL),48.29488,4.08189,Plein jour,En agglomération,Giratoire,Normale,Deux véhicules - côté,4,-1,2,0,1,1,1,0,1,50,2,4,3,0,0,1,31.0,32.0,voiture,voiture,1,2,6,1,3
202000006045,2020-10-09 09:10:00,2020,10,9,9,10,08,08174,SAINT-MENGES (ROUTE DE),49.73062,4.92581,Plein jour,En agglomération,Hors intersection,Pluie légère,Sans collision,3,-1,2,0,2,3,2,0,3,50,1,2,0,0,1,1,29.0,,voiture,,1,2,1,2,7
202000006046,2020-10-15 15:55:00,2020,10,15,15,55,06,06088,ANGLAIS (A PARTIR DU N° 351),43.66961,7.22205,Plein jour,En agglomération,Hors intersection,Normale,Trois véhicules et plus - collisions multiples,4,3,8,0,1,1,1,8,1,50,3,3,2,0,0,1,26.0,64.0,voiture,utilitaire_camion,1,2,1,1,5
202000006047,2020-10-15 15:30:00,2020,10,15,15,30,06,06027,CHENES AVENUE DES,43.6616,7.1658,Plein jour,En agglomération,Intersection en T,Normale,Deux véhicules - côté,4,-1,2,0,1,1,1,0,1,50,2,2,1,0,1,0,50.0,32.0,deux_roues,voiture,1,2,3,1,3
202000006048,2020-10-15 08:25:00,2020,10,15,8,25,06,06027,BESSET AVENUE CYRILLE,43.659707,7.158226,Plein jour,En agglomération,Hors intersection,Normale,Autre collision,4,2,2,0,1,1,1,0,1,50,1,2,1,0,0,1,60.0,,voiture,,1,2,1,1,6
202000006049,2020-10-15 21:02:00,2020,10,15,21,2,03,03185,,46.3281896,2.6086831,Nuit avec éclairage allumé,En agglomération,Intersection en X,Pluie légère,Deux véhicules - côté,3,2,2,0,1,1,2,0,1,50,2,3,1,0,1,1,54.0,35.0,voiture,voiture,5,2,2,2,3
202000006050,2020-10-13 08:40:00,2020,10,13,8,40,75,75116,PORTE D AUTEUIL,48.843922,2.254874,Plein jour,En agglomération,Intersection en Y,Pluie légère,Deux véhicules - arrière,4,1,4,0,1,1,2,1,1,70,2,2,1,0,0,1,35.0,45.0,deux_roues,voiture,1,2,4,2,2
202000006051,2020-10-15 15:40:00,2020,10,15,15,40,75,75120,RUE DE MENILMONTANT,48.867533,2.385094,Plein jour,En agglomération,Intersection en T,Normale,Autre collision,4,2,2,0,2,1,1,0,1,30,1,2,1,0,0,1,46.0,,deux_roues,,1,2,3,1,6
202000006052,2020-10-14 09:10:00,2020,10,14,9,10,75,75120,RUE DE MENILMONTANT,48.868647,2.389575,Plein jour,En agglomération,Intersection en X,Temps couvert,Deux véhicules - côté,4,2,2,0,2,1,2,0,1,50,2,2,1,0,0,1,71.0,48.0,voiture,deux_roues,1,2,2,8,3
202000006053,2020-10-15 17:30:00,2020,10,15,17,30,75,75118,BOULEVARD NEY,48.898329,2.361658,Plein jour,En agglomération,Hors intersection,Normale,Sans collision,4,2,4,0,1,1,1,0,1,50,1,1,0,0,0,1,20.0,,deux_roues,,1,2,1,1,7
202000006054,2020-10-15 09:30:00,2020,10,15,9,30,75,75118,RUE MARX DORMOY,48.886847,2.359665,Plein jour,En agglomération,Intersection en T,Normale,Autre collision,4,2,4,3,1,1,1,0,4,50,1,1,0,0,0,1,,,,,1,2,3,1,6
202000006055,2020-10-15 08:25:00,2020,10,15,8,25,75,75116,AVENUE DE VERSAILLES,48.843606,2.269899,Plein jour,En agglomération,Hors intersection,Normale,Autre collision,4,2,4,0,1,1,1,0,1,50,1,2,1,0,0,1,56.0,,deux_roues,,1,2,1,1,6
202000006056,2020-10-14 22:36:00,2020,10,14,22,36,75,75116,RUE RAYNOUARD,48.853726,2.277434,Nuit avec éclairage allumé,En agglomération,Intersection en X,Normale,Sans collision,4,2,2,0,2,1,1,0,1,50,1,1,0,0,0,1,26.0,,deux_roues,,5,2,2,1,7
202000006057,2020-10-15 19:30:00,2020,10,15,19,30,75,75114,AVENUE DU MAINE,48.833796,2.324471,Nuit avec éclairage allumé,En agglomération,Hors intersection,Normale,Autre collision,4,2,3,0,1,1,1,0,1,50,1,2,1,0,0,1,25.0,,deux_roues,,5,2,1,1,6
202000006058,2020-10-15 09:50:00,2020,10,15,9,50,75,75114,AVENUE RENE COTY,48.831275,2.333399,Plein jour,En agglomération,Hors intersection,Normale,Deux véhicules - arrière,4,1,1,0,1,1,1,0,1,50,2,1,0,0,0,1,31.0,,deux_roues,,1,2,1,1,2
202000006059,2020-10-15 19:00:00,2020,10,15,19,0,75,75113,AVENUE DES GOBELINS,48.836833,2.351802,Nuit avec éclairage allumé,En agglomération,Intersection à plus de 4 branches,Normale,Deux véhicules - côté,4,2,3,0,2,1,1,0,1,50,2,3,2,0,0,1,22.0,50.0,deux_roues,voiture,5,2,5,1,3
202000006060,2020-10-15 11:05:00,2020,10,15,11,5,75,75112,AVENUE DAUMESNIL,48.84052,2.391681,Plein jour,En agglomération,Hors intersection,Normale,Deux véhicules - côté,4,2,2,0,2,1,1,0,1,50,2,2,1,0,0,1,50.0,36.0,voiture,deux_roues,1,2,1,1,3
202000006061,2020-10-15 08:45:00,2020,10,15,8,45,75,75112,PONT D AUSTERLITZ,48.845121,2.36637,Plein jour,En agglomération,Hors intersection,Temps couvert,Deux véhicules - côté,4,1,4,0,1,1,1,2,1,50,2,2,1,0,0,1,26.0,29.0,utilitaire_camion,deux_roues,1,2,1,8,3