accident_id,datetime,annee,mois,jour,heure,minute,departement,commune_insee,adresse,latitude,longitude,luminosite,agglomeration,intersection,meteo,collision,catr,circ,nbv,vosp,prof,plan,surf,infra,situ,vma,nb_vehicules,nb_usagers,nb_indemnes,nb_tues,nb_blesses_hosp,nb_blesses_legers,age_cond_1,age_cond_2,veh_type_cond_1,veh_type_cond_2,lum_code,agg_code,int_code,atm_code,col_code
202000006154,2020-08-21 20:05:00,2020,8,21,20,5,77,77006,D409,48.412796,2.565747,Crépuscule ou aube,En agglomération,Intersection en Y,Normale,Autre collision,3,2,2,0,1,2,1,0,1,50,1,1,0,1,0,0,47.0,,deux_roues,,2,2,4,1,6
202000006155,2020-08-18 10:39:00,2020,8,18,10,39,51,51514,N4,48.7205096,3.773093,Plein jour,Hors agglomération,Autre intersection,Normale,Deux véhicules - côté,2,2,1,0,1,1,1,0,1,80,2,2,1,1,0,0,29.0,60.0,utilitaire_camion,utilitaire_camion,1,1,9,1,3
202000006156,2020-08-21 17:15:00,2020,8,21,17,15,19,19114,Les combeaux,45.6117134,2.295506,Plein jour,Hors agglomération,Autre intersection,Normale,Autre collision,3,2,2,0,2,2,1,0,3,90,1,1,0,0,1,0,14.0,,deux_roues,,1,1,9,1,6
202000006157,2020-08-21 10:45:00,2020,8,21,10,45,19,19062,42 AVENUE DE LA GARE,45.3708169,1.8735584,Plein jour,En agglomération,Hors intersection,Normale,Autre collision,3,2,2,0,1,1,1,0,1,50,1,2,1,0,1,0,70.0,,voiture,,1,2,1,1,6
202000006158,2020-08-21 18:45:00,2020,8,21,18,45,79,79293,Rue de Benet,46.372591,-0.535326,Plein jour,Hors agglomération,Hors intersection,Normale,,4,2,2,0,1,1,1,0,1,80,2,2,1,0,1,0,35.0,20.0,deux_roues,deux_roues,1,1,1,1,-1
202000006159,2020-08-21 13:15:00,2020,8,21,13,15,31,31056,Place de la Mairie,43.669734,1.358013,Plein jour,Hors agglomération,Giratoire,Normale,Deux véhicules - côté,3,-1,2,0,1,2,1,0,1,50,2,2,1,0,1,0,30.0,52.0,voiture,deux_roues,1,1,6,1,3
202000006160,2020-08-15 21:15:00,2020,8,15,21,15,65,65291,D821,43.063824,-0.041907,Crépuscule ou aube,Hors agglomération,Hors intersection,Pluie légère,Deux véhicules - arrière,3,3,4,0,1,2,4,0,2,-1,2,2,1,0,0,1,84.0,49.0,voiture,voiture,2,1,1,2,2
202000006161,2020-08-21 15:20:00,2020,8,21,15,20,33,33540,D102,45.376071,-1.137916,Plein jour,Hors agglomération,Intersection en T,Normale,Deux véhicules - arrière,3,2,2,0,1,1,1,0,1,80,2,2,1,0,1,0,46.0,16.0,voiture,deux_roues,1,1,3,1,2
202000006162,2020-08-21 18:20:00,2020,8,21,18,20,63,63178,102 Boulevard de Barrière,45.5432377,3.2416741,Plein jour,En agglomération,Intersection en T,Normale,Autre collision,3,2,2,0,1,1,1,0,1,50,1,2,1,0,1,0,24.0,,voiture,,1,2,3,1,6
202000006163,2020-08-22 10:05:00,2020,8,22,10,5,55,55344,Montbras,48.5261713,5.6902541,Plein jour,Hors agglomération,Hors intersection,Normale,Deux véhicules - côté,3,2,2,0,2,1,1,0,1,50,2,2,1,0,0,1,30.0,36.0,deux_roues,deux_roues,1,1,1,1,3
202000006164,2020-08-22 13:00:00,2020,8,22,13,0,12,12246,D963,44.6277189,2.2472243,Plein jour,Hors agglomération,Hors intersection,Normale,Autre collision,3,2,2,0,3,2,1,0,3,80,1,1,0,1,0,0,38.0,,deux_roues,,1,1,1,1,6
202000006165,2020-08-18 11:00:00,2020,8,18,11,0,12,12241,Route départementale 12 puech,44.32133,2.646375,Plein jour,Hors agglomération,Intersection en X,Normale,Deux véhicules - côté,3,2,2,0,2,2,1,0,1,80,2,2,1,0,1,0,70.0,63.0,deux_roues,utilitaire_camion,1,1,2,1,3
202000006166,2020-08-21 18:28:00,2020,8,21,18,28,34,34031,Chemin d'Agde,43.347699,3.43724,Plein jour,Hors agglomération,Hors intersection,Normale,Autre collision,3,2,2,0,1,2,1,0,3,-1,1,1,0,1,0,0,27.0,,voiture,,1,1,1,1,6
202000006167,2020-08-22 06:37:00,2020,8,22,6,37,34,34268,D144,43.713867,3.43297,Crépuscule ou aube,Hors agglomération,Hors intersection,Normale,Sans collision,3,2,2,0,2,2,1,2,1,70,1,1,0,0,0,1,75.0,,voiture,,2,1,1,1,7
202000006168,2020-08-21 22:20:00,2020,8,21,22,20,34,34119,17 Avenue de l'Espinouse,43.593312,3.112485,Nuit avec éclairage allumé,En agglomération,Hors intersection,Normale,Deux véhicules - frontale,3,2,2,0,1,1,1,0,1,50,2,2,1,0,1,0,48.0,45.0,deux_roues,voiture,5,2,1,1,1
202000006169,2020-08-21 15:10:00,2020,8,21,15,10,22,22158,Pont Quemer (Mûr-de-Bretagne),48.203091,-2.965418,Plein jour,Hors agglomération,Intersection en X,Vent fort / tempête,Deux véhicules - côté,2,2,2,0,1,1,1,5,1,70,2,2,1,0,1,0,72.0,45.0,voiture,deux_roues,1,1,2,6,3
202000006170,2020-08-09 10:30:00,2020,8,9,10,30,22,22325,Rue du Clos de Pierre,48.6514923,-2.8533427,Plein jour,Hors agglomération,Intersection en X,Normale,Deux véhicules - côté,4,2,2,0,1,1,1,0,1,50,2,2,1,0,1,0,57.0,56.0,deux_roues,voiture,1,1,2,1,3
202000006171,2020-08-21 11:30:00,2020,8,21,11,30,44,44069,D92,47.304746,-2.455498,Plein jour,Hors agglomération,Hors intersection,Normale,Autre collision,3,2,2,0,1,2,1,0,1,70,1,6,3,0,1,2,19.0,,voiture,,1,1,1,1,6
202000006172,2020-08-21 19:40:00,2020,8,21,19,40,29,29026,D887 - 70 Rue de Kerlobret,48.192592,-4.109323,Plein jour,Hors agglomération,Intersection en T,Normale,,3,2,2,0,1,1,1,5,3,50,2,2,1,0,1,0,70.0,26.0,voiture,voiture,1,1,3,1,-1
202000006173,2020-08-21 19:40:00,2020,8,21,19,40,29,29075,Rue Anne de Bretagne,48.436775,-4.407341,Plein jour,En agglomération,Giratoire,Normale,Deux véhicules - arrière,4,2,2,0,1,1,1,5,1,50,2,3,2,0,1,0,25.0,28.0,utilitaire_camion,voiture,1,2,6,1,2
202000006174,2020-08-22 13:55:00,2020,8,22,13,55,03,03290,RN 7 / C3,46.6504321,3.271736,Plein jour,Hors agglomération,Intersection en T,Normale,Deux véhicules - arrière,3,2,2,0,2,3,1,0,1,80,2,9,6,0,0,3,68.0,38.0,voiture,voiture,1,1,3,1,2
202000006175,2020-08-22 12:05:00,2020,8,22,12,5,26,26069,D 518,44.836463,5.392039,Plein jour,Hors agglomération,Hors intersection,Normale,Autre collision,3,2,2,0,2,3,1,0,3,80,1,1,0,0,1,0,39.0,,deux_roues,,1,1,1,1,6
202000006176,2020-08-22 15:00:00,2020,8,22,15,0,58,58198,D977,47.457127,3.461927,Plein jour,Hors agglomération,Intersection en T,Normale,Deux véhicules - côté,3,2,2,0,1,1,1,0,1,80,2,2,1,0,1,0,59.0,16.0,voiture,deux_roues,1,1,3,1,3
202000006177,2020-08-21 18:50:00,2020,8,21,18,50,45,45111,D109-PR8+700,48.0612149,2.2352173,Crépuscule ou aube,Hors agglomération,Hors intersection,Normale,Autre collision,3,2,2,0,1,1,1,0,3,80,1,1,0,0,1,0,41.0,,voiture,,2,1,1,1,6
202000006178,2020-08-04 19:00:00,2020,8,4,19,0,64,64558,35 Chemin Barberaenea,43.444478,-1.446247,Plein jour,En agglomération,Hors intersection,Normale,Deux véhicules - frontale,4,2,2,0,2,4,1,0,1,50,2,4,3,0,1,0,34.0,16.0,voiture,deux_roues,1,2,1,1,1
202000006179,2020-08-21 17:50:00,2020,8,21,17,50,73,73114,D1212 Avenue de Savoie,45.8164548,6.51222,Plein jour,En agglomération,Hors intersection,Normale,Deux véhicules - côté,3,2,2,0,2,1,1,0,1,50,2,2,1,0,1,0,52.0,68.0,voiture,deux_roues,1,2,1,1,3
202000006180,2020-08-22 11:30:00,2020,8,22,11,30,16,16247,Lieu dit l'Ormeau,45.52191,-0.092488,Plein jour,Hors agglomération,Hors intersection,Normale,Trois véhicules et plus - collisions multiples,2,3,4,0,1,1,1,0,1,110,3,4,3,0,1,0,48.0,64.0,deux_roues,voiture,1,1,1,1,5
202000006181,2020-08-22 10:00:00,2020,8,22,10,0,16,16382,Lieu dit les Chénevaux,45.5616,0.231603,Plein jour,Hors agglomération,Hors intersection,Normale,Autre collision,3,2,2,0,2,3,1,0,3,80,1,1,0,0,1,0,61.0,,deux_roues,,1,1,1,1,6
202000006182,2020-08-21 17:30:00,2020,8,21,17,30,21,21378,D965,47.8546535,4.4199398,Plein jour,Hors agglomération,Hors intersection,Normale,Sans collision,3,2,2,0,1,1,1,0,3,90,1,1,0,1,0,0,82.0,,voiture,,1,1,1,1,7
202000006183,2020-08-17 19:45:00,2020,8,17,19,45,40,40031,chemin  de la barthe,43.818071,-0.855925,Plein jour,Hors agglomération,Hors intersection,Normale,Autre collision,4,2,2,0,1,1,1,0,3,50,1,2,0,1,0,1,21.0,,voiture,,1,1,1,1,6
202000006184,2020-08-22 17:10:00,2020,8,22,17,10,40,40077,906 Route de Labatut,43.547467,-1.051362,Plein jour,Hors agglomération,Hors intersection,Normale,Deux véhicules - frontale,3,2,2,0,1,1,1,0,1,80,2,3,1,0,1,1,60.0,75.0,voiture,voiture,1,1,1,1,1
202000006185,2020-08-22 13:15:00,2020,8,22,13,15,04,04108,RN 85,44.050367,6.024805,Plein jour,En agglomération,Hors intersection,Normale,Deux véhicules - frontale,2,2,2,0,1,1,1,0,1,50,2,7,0,0,0,7,27.0,35.0,voiture,utilitaire_camion,1,2,1,1,1
202000006186,2020-08-21 21:10:00,2020,8,21,21,10,27,27011,D85,49.23415,0.91665,Nuit sans éclairage public,Hors agglomération,Hors intersection,Normale,Sans collision,3,2,2,0,1,1,9,0,1,80,1,1,0,0,0,1,56.0,,voiture,,3,1,1,1,7
202000006187,2020-08-21 17:50:00,2020,8,21,17,50,17,17127,Rue de Ferrieres,46.240793,-0.817899,Plein jour,En agglomération,Intersection en X,Normale,Deux véhicules - côté,3,2,2,0,2,1,1,5,1,50,2,2,1,1,0,0,59.0,31.0,deux_roues,voiture,1,2,2,1,3
202000006188,2020-08-22 05:00:00,2020,8,22,5,0,23,23055,Châtelard,45.966167,2.469199,Nuit sans éclairage public,En agglomération,Hors intersection,Normale,Autre collision,4,2,2,0,1,1,1,0,8,50,1,1,0,0,1,0,21.0,,voiture,,3,2,1,1,6
202000006189,2020-08-11 23:55:00,2020,8,11,23,55,08,08362,Route départementale 946,49.521493,4.349272,Nuit sans éclairage public,Hors agglomération,Hors intersection,Normale,Sans collision,3,2,2,0,2,2,1,0,1,80,1,1,0,0,0,1,37.0,,utilitaire_camion,,3,1,1,1,7
202000006190,2020-08-22 04:30:00,2020,8,22,4,30,76,76593,autoroute A29. ,49.585,0.4446,Nuit sans éclairage public,Hors agglomération,Hors intersection,Normale,Sans collision,1,1,1,0,1,1,1,0,3,130,1,1,0,0,0,1,37.0,,voiture,,3,1,1,1,7
202000006191,2020-08-18 23:00:00,2020,8,18,23,0,17,17116,A10,45.405377,-0.601727,Nuit sans éclairage public,Hors agglomération,Hors intersection,Normale,Deux véhicules - arrière,1,1,4,0,2,1,1,0,1,130,2,5,3,0,1,1,27.0,39.0,utilitaire_camion,utilitaire_camion,3,1,1,1,2
202000006192,2020-08-22 12:10:00,2020,8,22,12,10,33,33042,A63,44.51613,-0.84013,Plein jour,Hors agglomération,Hors intersection,Normale,Trois véhicules et plus - collisions multiples,1,3,6,0,2,1,1,0,1,130,4,5,4,0,0,1,54.0,64.0,voiture,voiture,1,1,1,1,5
202000006193,2020-08-21 16:30:00,2020,8,21,16,30,13,13032,Route de Pelissanne Cd17,43.576275,5.343974,Plein jour,Hors agglomération,Intersection en T,Normale,Deux véhicules - frontale,3,2,2,0,1,1,1,5,1,80,2,2,1,0,1,0,48.0,70.0,deux_roues,voiture,1,1,3,1,1
202000006194,2020-08-21 06:12:00,2020,8,21,6,12,69,69242,A6 PK 409.900,46.126497,4.764419,Crépuscule ou aube,Hors agglomération,Hors intersection,Normale,Deux véhicules - arrière,1,1,3,0,1,1,1,0,1,130,2,5,3,0,0,2,38.0,23.0,utilitaire_camion,voiture,2,1,1,1,2
202000006195,2020-08-21 20:00:00,2020,8,21,20,0,45,45036,Les Marches,47.77008,2.684226,Crépuscule ou aube,Hors agglomération,Hors intersection,Normale,Autre collision,4,2,2,0,1,2,1,0,3,80,1,1,0,0,1,0,29.0,,voiture,,2,1,1,1,6
202000006196,2020-08-20 14:40:00,2020,8,20,14,40,77,77486,D231,48.701328,3.063898,Plein jour,Hors agglomération,Hors intersection,Normale,Deux véhicules - frontale,3,2,2,0,4,1,1,0,1,80,2,2,1,1,0,0,45.0,44.0,utilitaire_camion,voiture,1,1,1,1,1
202000006197,2020-08-22 08:30:00,2020,8,22,8,30,77,77238,D402,48.895012,3.099056,Plein jour,Hors agglomération,Hors intersection,Normale,Deux véhicules - côté,3,2,2,0,1,1,1,0,1,70,2,2,1,0,1,0,35.0,33.0,utilitaire_camion,voiture,1,1,1,1,3
202000006198,2020-08-22 16:38:00,2020,8,22,16,38,2B,2B314,D81,42.660947,9.229674,Plein jour,Hors agglomération,Hors intersection,Normale,Sans collision,3,-1,2,0,1,2,1,0,8,80,1,1,0,0,0,1,25.0,,deux_roues,,1,1,1,1,7
202000006199,2020-08-21 18:00:00,2020,8,21,18,0,83,83127,D202,43.27469,5.915194,Plein jour,Hors agglomération,Hors intersection,Temps éblouissant,Deux véhicules - frontale,3,2,2,0,1,1,1,0,1,80,2,2,1,0,1,0,64.0,26.0,deux_roues,voiture,1,1,1,7,1
202000006200,2020-08-22 16:35:00,2020,8,22,16,35,13,13084,D561,43.71555,5.339999,Plein jour,Hors agglomération,Hors intersection,Normale,Autre collision,3,-1,2,0,2,1,1,0,3,80,1,4,1,1,1,1,27.0,,utilitaire_camion,,1,1,1,1,6
202000006201,2020-08-21 19:21:00,2020,8,21,19,21,13,13041,Gardanne,43.452034,5.495244,Plein jour,Hors agglomération,Hors intersection,Normale,Sans collision,3,2,2,0,1,2,1,0,1,80,1,1,0,0,1,0,48.0,,deux_roues,,1,1,1,1,7
202000006202,2020-08-21 18:25:00,2020,8,21,18,25,67,67364,37 Rue des Pierres,48.401236,7.637832,Plein jour,En agglomération,Hors intersection,Normale,Autre collision,3,2,2,0,1,1,1,0,1,30,1,2,1,1,0,0,30.0,,voiture,,1,2,1,1,6
202000006203,2020-08-22 01:10:00,2020,8,22,1,10,88,88177,16 Route des Founelles,48.074687,6.733464,Nuit sans éclairage public,En agglomération,Hors intersection,Normale,Deux véhicules - frontale,4,2,2,0,3,1,1,0,1,50,2,5,0,0,1,4,74.0,19.0,utilitaire_camion,utilitaire_camion,3,2,1,1,1
202000006204,2020-08-15 18:40:00,2020,8,15,18,40,57,57663,grand rue,49.237149,6.172578,Plein jour,En agglomération,Intersection en X,Normale,Deux véhicules - côté,4,-1,1,0,1,1,1,0,1,50,2,2,1,0,0,1,19.0,55.0,deux_roues,voiture,1,2,2,1,3
202000006205,2020-08-22 17:45:00,2020,8,22,17,45,07,07086,Chemin de Beaudier,45.100673,4.723579,Plein jour,En agglomération,Intersection en X,Normale,Sans collision,4,2,2,0,4,1,1,0,3,50,1,1,0,0,0,1,23.0,,deux_roues,,1,2,2,1,7
202000006206,2020-08-21 19:45:00,2020,8,21,19,45,17,17164,D129,45.773749,-0.568006,Plein jour,Hors agglomération,Hors intersection,Normale,Sans collision,3,2,2,0,1,3,1,0,3,80,1,1,0,0,1,0,60.0,,deux_roues,,1,1,1,1,7
202000006207,2020-08-21 18:00:00,2020,8,21,18,0,22,22300,"D7, D 41",48.268514,-2.831586,Plein jour,Hors agglomération,Intersection en Y,Temps couvert,Deux véhicules - frontale,3,2,2,0,2,2,1,0,1,80,2,5,3,0,0,2,62.0,22.0,voiture,voiture,1,1,4,8,1
202000006208,2020-08-21 15:10:00,2020,8,21,15,10,13,13215,A7-Sens Lyon vers Marseille,43.3482,5.371,Plein jour,Hors agglomération,Hors intersection,Normale,Autre collision,1,1,3,0,1,1,1,0,1,90,1,2,1,0,0,1,75.0,,deux_roues,,1,1,1,1,6
202000006209,2020-08-19 23:50:00,2020,8,19,23,50,57,57303,Autoroute A31,49.20243,6.1754,Nuit sans éclairage public,Hors agglomération,Hors intersection,Temps couvert,Autre collision,1,3,6,0,1,1,2,0,1,110,1,3,2,1,0,0,31.0,,voiture,,3,1,1,8,6
202000006210,2020-08-21 18:30:00,2020,8,21,18,30,33,33122,AUTOROUTE A 63,44.72083,-0.73845,Plein jour,Hors agglomération,Hors intersection,Pluie légère,Autre collision,1,3,6,0,1,1,2,3,3,50,1,1,0,0,0,1,74.0,,voiture,,1,1,1,2,6
202000006211,2020-08-21 13:55:00,2020,8,21,13,55,33,33063,ROCADE A 630,44.88408,-0.55927,Plein jour,Hors agglomération,Hors intersection,Pluie légère,Deux véhicules - côté,1,1,2,0,1,1,2,3,1,70,2,5,1,0,0,4,33.0,31.0,voiture,voiture,1,1,1,2,3
202000006212,2020-08-21 16:15:00,2020,8,21,16,15,91,91661,AUTOROUTE A10,48.6999,2.2458,Plein jour,Hors agglomération,Hors intersection,Normale,Deux véhicules - côté,1,3,3,3,4,2,1,0,1,90,2,2,1,0,0,1,22.0,70.0,deux_roues,voiture,1,1,1,1,3
202000006213,2020-08-21 13:00:00,2020,8,21,13,0,78,78043,A13W,48.84224,2.093001,Plein jour,Hors agglomération,Hors intersection,Normale,Deux véhicules - arrière,1,1,2,0,1,1,1,3,2,110,2,4,2,0,0,2,34.0,44.0,voiture,voiture,1,1,1,1,2
202000006214,2020-08-20 23:00:00,2020,8,20,23,0,78,78524,A13,48.8412,2.105,Nuit sans éclairage public,Hors agglomération,Hors intersection,Normale,Deux véhicules - arrière,1,3,6,0,1,1,1,0,1,110,2,6,4,0,0,2,20.0,23.0,voiture,voiture,3,1,1,1,2
202000006215,2020-05-28 19:20:00,2020,5,28,19,20,93,93078,RUE HENRI BARBUSSE,48.9646998,2.531579,Plein jour,En agglomération,Hors intersection,Temps éblouissant,Autre collision,4,1,2,0,1,1,1,0,1,50,1,2,1,0,0,1,24.0,,utilitaire_camion,,1,2,1,7,6
202000006216,2020-08-19 14:35:00,2020,8,19,14,35,974,97411,NONGE (AVENUE EUDOXIE),-20.89916,55.49613,Plein jour,En agglomération,Autre intersection,Normale,Deux véhicules - côté,4,2,2,0,1,1,1,9,1,50,2,2,1,0,1,0,32.0,43.0,utilitaire_camion,deux_roues,1,2,9,1,3
202000006217,2020-08-20 20:30:00,2020,8,20,20,30,973,97302,RABAN (ROUTE DE),4.9340045,-52.313633,Nuit avec éclairage non allumé,En agglomération,Hors intersection,Normale,Deux véhicules - frontale,4,2,0,0,1,1,1,0,1,50,2,2,1,0,0,1,21.0,41.0,deux_roues,voiture,4,2,1,1,1
202000006218,2020-08-20 17:20:00,2020,8,20,17,20,69,69383,PENSIONNAT (DU)                     (R ),45.755,4.8572,Plein jour,En agglomération,Giratoire,Normale,Deux véhicules - côté,4,1,1,0,1,1,1,0,1,50,2,3,2,0,0,1,12.0,50.0,deux_roues,voiture,1,2,6,1,3
202000006219,2020-08-10 12:45:00,2020,8,10,12,45,84,84007,CHARLES DE GAULLE,43.92738,4.78874,Plein jour,En agglomération,Hors intersection,Normale,Deux véhicules - arrière,4,3,4,0,3,1,1,2,1,70,2,2,1,0,1,0,25.0,36.0,voiture,voiture,1,2,1,1,2
202000006220,2020-08-20 21:00:00,2020,8,20,21,0,77,77243,RAYMOND POINCARE  (AVENUE),48.87523,2.72241,Plein jour,En agglomération,Autre intersection,Normale,Deux véhicules - côté,3,2,1,0,2,3,1,3,1,50,2,3,2,0,0,1,38.0,37.0,voiture,voiture,1,2,9,1,3
202000006221,2020-08-19 13:50:00,2020,8,19,13,50,76,76575,MADRILLET. RUE DU,49.39247,1.07301,Plein jour,En agglomération,Hors intersection,Normale,Deux véhicules - côté,4,2,2,0,1,1,1,0,1,50,2,4,0,0,0,4,32.0,,voiture,,1,2,1,1,3
202000006222,2020-08-19 15:30:00,2020,8,19,15,30,76,76540,HAVRE. QUAI (HAUT) DU,49.43956,1.08609,Plein jour,En agglomération,Hors intersection,Normale,Autre collision,3,3,4,0,1,1,1,0,1,50,1,1,0,0,0,1,,,,,1,2,1,1,6
202000006223,2020-08-19 17:20:00,2020,8,19,17,20,76,76351,PAUL VERLAINE (AVENUE),49.5093,0.1631,Plein jour,En agglomération,Intersection en X,Normale,Deux véhicules - côté,4,2,2,0,1,1,1,0,1,50,2,2,1,0,1,0,22.0,33.0,deux_roues,voiture,1,2,2,1,3
202000006224,2020-08-20 09:05:00,2020,8,20,9,5,71,71153,JAURES (RUE JEAN),46.8061177,4.4216558,Plein jour,En agglomération,Hors intersection,Normale,Deux véhicules - arrière,3,2,2,0,1,1,1,0,1,50,2,2,1,0,0,1,25.0,44.0,deux_roues,voiture,1,2,1,1,2
202000006225,2020-08-20 22:05:00,2020,8,20,22,5,69,69266,ALBERT EINSTEIN    (Avenue),45.7823503,4.8777518,Nuit avec éclairage allumé,En agglomération,Hors intersection,Normale,Autre collision,9,2,2,3,1,1,1,4,6,50,1,2,1,0,0,1,54.0,,transport_commun,,5,2,1,1,6
202000006226,2020-08-20 19:35:00,2020,8,20,19,35,69,69290,EDOUARD HERRIOT                     (BD),45.69442,4.94116,Plein jour,En agglomération,Intersection en X,Normale,Deux véhicules - côté,4,4,2,0,1,1,1,9,1,50,2,2,0,0,2,0,24.0,22.0,voiture,voiture,1,2,2,1,3
202000006227,2020-06-09 11:27:00,2020,6,9,11,27,69,69290,CHARBONNIER (DU)                    (CH),45.691576,4.9073902,Plein jour,En agglomération,Intersection en T,Normale,Deux véhicules - arrière,4,2,2,0,1,1,2,0,1,50,2,2,1,0,0,1,48.0,44.0,utilitaire_camion,utilitaire_camion,1,2,3,1,2
202000006228,2020-08-13 23:04:00,2020,8,13,23,4,68,68126,HUNINGUE ( RUE DE ),47.563768,7.526574,Plein jour,En agglomération,Intersection en X,Normale,Deux véhicules - côté,3,2,2,0,1,1,1,0,1,50,2,3,0,0,2,1,26.0,23.0,voiture,voiture,1,2,2,1,3
202000006229,2020-08-19 09:00:00,2020,8,19,9,0,67,67447,HERRENSCHMIDT (AVENUE),48.6001641,7.7542571,Plein jour,En agglomération,Hors intersection,Normale,Deux véhicules - arrière,4,1,3,0,1,1,1,0,1,50,2,2,1,0,0,1,57.0,28.0,transport_commun,utilitaire_camion,1,2,1,1,2
202000006230,2020-08-20 17:38:00,2020,8,20,17,38,65,65440,CLEMENCEAU (RUE GEORGES),43.2336,0.07567,Plein jour,En agglomération,Intersection en X,Normale,Deux véhicules - côté,4,1,1,0,1,1,1,0,1,50,2,2,1,0,0,1,55.0,57.0,deux_roues,voiture,1,2,2,1,3
202000006231,2020-08-01 22:00:00,2020,8,1,22,0,62,62510,GUESDE (R JULES),50.431356,2.779477,Crépuscule ou aube,En agglomération,Intersection en T,Normale,Deux véhicules - frontale,4,2,2,0,1,1,1,0,1,50,2,5,2,0,0,3,19.0,21.0,voiture,voiture,2,2,3,1,1
202000006232,2020-08-02 12:10:00,2020,8,2,12,10,62,62516,CD 188,50.5396,2.4928,Plein jour,Hors agglomération,Hors intersection,Normale,Sans collision,3,2,2,0,2,2,1,0,3,70,1,1,0,0,1,0,41.0,,utilitaire_camion,,1,1,1,1,7
202000006233,2020-08-19 19:15:00,2020,8,19,19,15,56,56121,MULLER ( DU COLONEL JEAN ),47.76538,-3.39957,Plein jour,En agglomération,Hors intersection,Normale,Deux véhicules - côté,4,2,3,3,2,1,1,0,1,50,2,3,0,0,0,3,55.0,55.0,voiture,transport_commun,1,2,1,1,3
202000006234,2020-08-20 20:39:00,2020,8,20,20,39,51,51454,Place Aristide Briand,49.2573767,4.0394897,Crépuscule ou aube,En agglomération,Place,Normale,Autre collision,2,2,3,0,1,1,1,0,5,50,1,1,0,0,0,1,26.0,,voiture,,2,2,7,1,6
202000006235,2020-08-20 17:00:00,2020,8,20,17,0,51,51454,Rue Clovis,49.2504313,4.0286457,Plein jour,En agglomération,Intersection en T,Normale,Deux véhicules - arrière,4,1,1,0,1,1,1,0,1,50,2,2,1,0,0,1,32.0,55.0,voiture,voiture,1,2,3,1,2
202000006236,2020-08-19 07:45:00,2020,8,19,7,45,51,51454,Place Saint Nicaise,49.2439734,4.0454732,Plein jour,En agglomération,Place,Normale,Deux véhicules - côté,4,2,2,0,1,2,1,0,1,50,2,2,1,0,0,1,34.0,31.0,utilitaire_camion,deux_roues,1,2,7,1,3
202000006237,2020-08-19 17:00:00,2020,8,19,17,0,50,50129,PARIS (AVENUE DE),49.63343,-1.61735,Plein jour,En agglomération,Intersection en X,Normale,Deux véhicules - côté,4,2,4,0,1,1,1,0,1,50,2,2,1,0,0,1,43.0,30.0,deux_roues,voiture,1,2,2,1,3
202000006238,2020-08-18 09:55:00,2020,8,18,9,55,50,50129,CALIGNY (QUAI DE),49.64015,-1.62145,Plein jour,En agglomération,Hors intersection,Normale,Deux véhicules - arrière,4,2,3,0,1,3,1,0,1,50,2,2,1,0,0,1,43.0,50.0,deux_roues,voiture,1,2,1,1,2
202000006239,2020-08-19 17:19:00,2020,8,19,17,19,49,49007,CONTADES AVENUE,47.46362,-0.55394,Plein jour,En agglomération,Hors intersection,Normale,Autre collision,4,2,2,0,1,1,1,0,1,50,1,2,1,0,0,1,55.0,,voiture,,1,2,1,1,6
202000006240,2020-08-19 13:10:00,2020,8,19,13,10,49,49267,A87N,47.46916,-0.51629,Plein jour,En agglomération,Hors intersection,Normale,Sans collision,1,3,4,0,1,1,1,0,1,90,1,1,0,0,0,1,19.0,,voiture,,1,2,1,1,7
202000006241,2020-08-20 12:57:00,2020,8,20,12,57,37,37261,MAINE (RUE DU),47.4254176,0.6778036,Plein jour,En agglomération,Intersection en T,Normale,Deux véhicules - côté,4,2,2,0,1,1,1,0,1,50,2,2,0,0,0,2,79.0,61.0,voiture,voiture,1,2,3,1,3
202000006242,2020-07-24 16:55:00,2020,7,24,16,55,36,36044,120 Route de Velles,46.778918,1.688526,Plein jour,Hors agglomération,Hors intersection,Normale,Deux véhicules - côté,3,2,2,0,1,1,1,0,1,80,2,2,0,0,1,1,46.0,25.0,voiture,deux_roues,1,1,1,1,3
202000006243,2020-03-16 17:59:00,2020,3,16,17,59,36,36044,47 AVENUE DE LA CHATRE,46.808145,1.7061022,Plein jour,En agglomération,Hors intersection,Pluie légère,Trois véhicules et plus - collisions multiples,4,2,2,0,1,1,2,9,1,50,3,4,3,0,0,1,25.0,29.0,deux_roues,voiture,1,2,1,2,5
202000006244,2020-08-20 19:00:00,2020,8,20,19,0,34,34129,BOIRARGUES (AVENUE DE),43.5911516,3.9087027,Plein jour,Hors agglomération,Intersection en X,Normale,Deux véhicules - côté,3,2,2,0,1,1,1,0,1,50,2,3,1,0,0,2,51.0,33.0,voiture,voiture,1,1,2,1,3
202000006245,2020-08-20 22:00:00,2020,8,20,22,0,33,33281,avenue de Beaudésert,44.83669,-0.69397,Nuit sans éclairage public,En agglomération,Intersection en X,Normale,Deux véhicules - côté,4,2,4,2,1,1,1,0,1,50,2,2,1,0,0,1,39.0,28.0,voiture,deux_roues,3,2,2,1,3
202000006246,2020-08-13 12:20:00,2020,8,13,12,20,33,33318,AVE DE BEUTRE,44.79947,-0.66337,Plein jour,En agglomération,Intersection à plus de 4 branches,Pluie légère,Autre collision,4,1,1,0,1,1,2,9,1,50,1,2,1,0,0,1,39.0,,voiture,,1,2,5,2,6