accident_id,datetime,annee,mois,jour,heure,minute,departement,commune_insee,adresse,latitude,longitude,luminosite,agglomeration,intersection,meteo,collision,catr,circ,nbv,vosp,prof,plan,surf,infra,situ,vma,nb_vehicules,nb_usagers,nb_indemnes,nb_tues,nb_blesses_hosp,nb_blesses_legers,age_cond_1,age_cond_2,veh_type_cond_1,veh_type_cond_2,lum_code,agg_code,int_code,atm_code,col_code
202000006521,2020-12-31 17:30:00,2020,12,31,17,30,71,71445,RN 80,46.7599393,4.8650658,Nuit sans éclairage public,Hors agglomération,Hors intersection,Pluie légère,Deux véhicules - côté,3,2,2,0,1,1,2,0,1,80,2,5,3,0,1,1,22.0,48.0,voiture,voiture,3,1,1,2,3
202000006522,2020-12-28 17:25:00,2020,12,28,17,25,69,69256,ERNEST RENAN                        (R ),45.78513,4.91043,Nuit avec éclairage allumé,En agglomération,Intersection en Y,Pluie légère,Autre collision,4,2,2,0,1,1,2,0,1,50,1,2,1,0,0,1,79.0,,voiture,,5,2,4,2,6
202000006523,2020-12-29 06:02:00,2020,12,29,6,2,63,63113,CHATEAU DES VERGNES (RUE DU),45.80783,3.12578,Nuit avec éclairage allumé,En agglomération,Hors intersection,Normale,Autre collision,4,2,2,0,1,1,1,0,3,50,1,1,0,0,0,1,33.0,,voiture,,5,2,1,1,6
202000006524,2020-12-21 17:45:00,2020,12,21,17,45,59,59350,TURIN BOULEVARD,50.63902,3.07639,Nuit avec éclairage allumé,En agglomération,Hors intersection,Normale,Autre collision,4,1,1,0,1,1,1,0,1,30,1,2,1,0,0,1,26.0,,voiture,,5,2,1,1,6
202000006525,2020-12-29 12:15:00,2020,12,29,12,15,42,42186,Rue Dorian,45.531075,4.622308,Plein jour,En agglomération,Hors intersection,Normale,Autre collision,4,1,1,0,2,1,1,0,1,50,1,2,1,0,1,0,51.0,,voiture,,1,2,1,1,6
202000006526,2020-12-29 09:15:00,2020,12,29,9,15,35,35238,ROUTE DE ST MALO,48.13235,-1.6911,Plein jour,En agglomération,Giratoire,Normale,Deux véhicules - côté,4,2,2,1,1,3,1,0,1,50,2,1,0,0,0,1,22.0,,deux_roues,,1,2,6,1,3
202000006527,2020-12-31 17:45:00,2020,12,31,17,45,75,75120,BOULEVARD DAVOUT,48.86061,2.409493,Nuit avec éclairage allumé,En agglomération,Intersection en X,Normale,Deux véhicules - côté,4,3,2,0,1,1,2,0,1,50,2,2,1,0,0,1,37.0,26.0,deux_roues,voiture,5,2,2,1,3
202000006528,2020-12-31 16:15:00,2020,12,31,16,15,75,75120,BOULEVARD DAVOUT,48.851882,2.411026,Plein jour,En agglomération,Hors intersection,Normale,Deux véhicules - côté,4,3,2,0,2,1,2,0,1,50,2,2,1,0,0,1,57.0,29.0,voiture,deux_roues,1,2,1,1,3
202000006529,2020-12-31 16:40:00,2020,12,31,16,40,75,75115,RUE DE LA CONVENTION,48.845905,2.277392,Crépuscule ou aube,En agglomération,Intersection en X,Normale,Deux véhicules - arrière,4,2,3,0,1,1,1,0,1,50,2,1,0,0,0,1,50.0,,deux_roues,,2,2,2,1,2
202000006530,2020-12-31 20:30:00,2020,12,31,20,30,94,94076,PRESIDENT ALLENDE (AV DU),48.79588,2.3522,Nuit avec éclairage non allumé,En agglomération,Hors intersection,Temps couvert,Autre collision,3,2,2,0,2,1,1,0,1,50,1,1,0,0,0,1,36.0,,voiture,,4,2,1,8,6
202000006531,2020-12-31 13:52:00,2020,12,31,13,52,94,94033,MARECHAL JOFFRE (AV DU),48.85289,2.48327,Plein jour,En agglomération,Hors intersection,Pluie légère,Autre collision,6,-1,0,0,1,1,2,9,8,15,1,2,1,0,0,1,47.0,,voiture,,1,2,1,2,6
202000006532,2020-12-31 17:25:00,2020,12,31,17,25,93,93005,R EUGENE DELACROIX / BD MARC CHAGALL,48.95303,2.4991,Nuit avec éclairage allumé,En agglomération,Intersection en X,Normale,Autre collision,3,3,4,0,1,1,1,5,1,50,1,2,1,0,0,1,34.0,,transport_commun,,5,2,2,1,6
202000006533,2020-12-31 14:12:00,2020,12,31,14,12,92,92048,GARDES (ROUTE DES) N° 55 A 87,48.8157715,2.2248935,Plein jour,En agglomération,Intersection en T,Normale,Deux véhicules - côté,3,2,3,0,2,1,1,5,1,50,2,3,2,0,0,1,60.0,16.0,voiture,deux_roues,1,2,3,1,3
202000006534,2020-12-30 19:50:00,2020,12,30,19,50,11,11005,A61- pk 314.650 sens NARBONNE-TOULOUSE,43.204441,2.247756,Nuit sans éclairage public,Hors agglomération,Hors intersection,Normale,Trois véhicules et plus - collisions multiples,1,3,4,0,1,1,1,0,1,130,3,4,3,0,1,0,18.0,46.0,voiture,utilitaire_camion,3,1,1,1,5
202000006535,2020-11-25 05:25:00,2020,11,25,5,25,972,97217,Pointe Borgnèse (Informations),14.450309,-60.897938,Crépuscule ou aube,Hors agglomération,Hors intersection,Normale,Deux véhicules - frontale,2,2,2,0,2,2,1,0,1,80,2,2,0,0,1,1,51.0,31.0,voiture,voiture,2,1,1,1,1
202000006536,2020-12-30 16:00:00,2020,12,30,16,0,54,54581,carrefour RD952 et D132,49.111864,5.880716,Plein jour,Hors agglomération,Intersection en T,Normale,Deux véhicules - côté,3,2,2,0,1,1,1,0,1,80,2,2,1,0,0,1,70.0,26.0,deux_roues,voiture,1,1,3,1,3
202000006537,2020-12-31 14:45:00,2020,12,31,14,45,59,59278,Avenue Industrielle,50.60499,2.95154,Plein jour,En agglomération,Hors intersection,Normale,Autre collision,4,2,2,0,1,1,1,0,4,50,1,4,0,0,1,3,18.0,,voiture,,1,2,1,1,6
202000006538,2020-12-31 16:15:00,2020,12,31,16,15,44,44097,Route de Kerlagadec,47.395557,-2.467278,Plein jour,Hors agglomération,Intersection en T,Normale,Deux véhicules - frontale,3,2,2,0,1,1,1,0,1,70,2,5,4,0,1,0,74.0,63.0,voiture,voiture,1,1,3,1,1
202000006539,2020-12-31 15:00:00,2020,12,31,15,0,66,66003,Ville Nouvelle,42.481027,2.678545,Plein jour,En agglomération,Hors intersection,Normale,Autre collision,5,-1,1,0,1,1,1,0,8,-1,1,2,1,0,0,1,37.0,,voiture,,1,2,1,1,6
202000006540,2020-12-31 22:50:00,2020,12,31,22,50,17,17335,Rue de la Rosiere,45.374372,-0.644283,Nuit sans éclairage public,En agglomération,Hors intersection,Normale,Autre collision,3,2,2,1,1,1,1,0,3,50,1,2,0,0,2,0,19.0,,voiture,,3,2,1,1,6
202000006541,2020-12-30 18:59:00,2020,12,30,18,59,04,04112,A51 sortie 18,43.802025,5.814938,Nuit sans éclairage public,Hors agglomération,Intersection en Y,Normale,Deux véhicules - côté,1,1,4,0,1,1,1,0,1,130,2,1,0,0,0,1,41.0,,voiture,,3,1,4,1,3
202000006542,2020-12-31 22:43:00,2020,12,31,22,43,987,98715,PK 4+700 - RT 1 - CHAUSSEE,-17.584522,-149.568578,Nuit avec éclairage allumé,En agglomération,Hors intersection,Normale,Autre collision,2,2,2,0,1,1,1,9,8,60,1,3,0,0,2,1,39.0,,voiture,,5,2,1,1,6
202000006543,2020-11-26 18:00:00,2020,11,26,18,0,75,75114,BOULEVARD PERIPHERIQUE,48.824004,2.307669,Nuit avec éclairage allumé,En agglomération,Hors intersection,Normale,Deux véhicules - côté,4,1,3,0,1,1,1,0,1,70,2,2,1,0,0,1,62.0,24.0,voiture,deux_roues,5,2,1,1,3
202000006544,2020-11-26 17:00:00,2020,11,26,17,0,75,75114,ECHANGEUR ORLEANS,48.819575,2.328101,Plein jour,En agglomération,Intersection en Y,Normale,Trois véhicules et plus - en chaîne,4,1,2,0,1,1,1,0,1,50,3,3,2,0,0,1,44.0,37.0,deux_roues,utilitaire_camion,1,2,4,1,4
202000006545,2020-11-25 15:10:00,2020,11,25,15,10,75,75120,PORTE DE BAGNOLET,48.868537,2.413237,Plein jour,En agglomération,Intersection en Y,Normale,Autre collision,4,1,4,0,1,1,1,0,1,70,1,1,0,0,1,0,38.0,,deux_roues,,1,2,4,1,6
202000006546,2020-11-26 17:50:00,2020,11,26,17,50,75,75120,RUE DE MENILMONTANT,48.869778,2.393814,Nuit avec éclairage allumé,En agglomération,Hors intersection,Normale,Autre collision,4,2,2,0,2,1,1,0,1,50,1,2,1,0,0,1,34.0,,deux_roues,,5,2,1,1,6
202000006547,2020-11-26 15:50:00,2020,11,26,15,50,75,75119,AVENUE JEAN JAURES,48.885175,2.379369,Plein jour,En agglomération,Intersection en T,Normale,Deux véhicules - côté,4,2,4,0,1,1,1,0,1,50,2,1,0,0,0,1,19.0,,deux_roues,,1,2,3,1,3
202000006548,2020-11-26 07:50:00,2020,11,26,7,50,75,75118,BOULEVARD DE LA CHAPELLE,48.884208,2.354511,Crépuscule ou aube,En agglomération,Hors intersection,Normale,Deux véhicules - côté,4,3,2,0,1,1,2,0,1,30,2,1,0,0,0,1,18.0,,deux_roues,,2,2,1,1,3
202000006549,2020-11-26 21:40:00,2020,11,26,21,40,75,75117,AVENUE DE LA PORTE DES TERNES,48.881496,2.2818,Nuit avec éclairage allumé,En agglomération,Intersection en X,Normale,Sans collision,4,2,5,0,1,1,1,8,1,50,1,1,0,0,0,1,29.0,,deux_roues,,5,2,2,1,7
202000006550,2020-11-26 08:12:00,2020,11,26,8,12,75,75117,AVENUE DE CLICHY,48.891548,2.318443,Plein jour,En agglomération,Intersection en X,Normale,Deux véhicules - arrière,4,2,2,0,1,1,1,0,1,50,2,1,0,0,0,1,45.0,,deux_roues,,1,2,2,1,2
202000006551,2020-11-26 06:47:00,2020,11,26,6,47,75,75117,BOULEVARD BESSIERES,48.894315,2.313768,Nuit avec éclairage allumé,En agglomération,Intersection en X,Normale,Deux véhicules - arrière,4,3,2,0,1,1,1,0,1,30,2,2,1,0,0,1,35.0,65.0,deux_roues,utilitaire_camion,5,2,2,1,2
202000006552,2020-11-26 18:05:00,2020,11,26,18,5,75,75115,BOULEVARD DU MONTPARNASSE,48.845079,2.320129,Nuit avec éclairage allumé,En agglomération,Intersection à plus de 4 branches,Normale,Autre collision,4,2,4,0,2,1,1,0,1,50,1,2,1,0,0,1,20.0,,deux_roues,,5,2,5,1,6
202000006553,2020-11-26 20:05:00,2020,11,26,20,5,75,75113,RUE DE DOMREMY,48.828783,2.370142,Nuit avec éclairage allumé,En agglomération,Hors intersection,Normale,Autre collision,4,2,2,1,2,1,1,-1,5,30,1,2,0,0,0,2,26.0,,deux_roues,,5,2,1,1,6
202000006554,2020-11-26 07:55:00,2020,11,26,7,55,75,75113,AVENUE DE LA PORTE D IVRY,48.82027,2.371815,Plein jour,En agglomération,Intersection en Y,Normale,Deux véhicules - côté,4,2,4,0,1,1,1,0,1,50,2,2,1,0,0,1,53.0,25.0,voiture,deux_roues,1,2,4,1,3
202000006555,2020-11-26 15:20:00,2020,11,26,15,20,75,75108,RUE ROYALE,48.866661,2.32202,Plein jour,En agglomération,Place,Temps éblouissant,Deux véhicules - arrière,4,2,4,0,1,1,1,0,1,50,2,2,1,0,0,1,28.0,49.0,deux_roues,utilitaire_camion,1,2,7,7,2
202000006556,2020-11-26 22:05:00,2020,11,26,22,5,75,75107,QUAI ANATOLE FRANCE,48.860283,2.326928,Nuit avec éclairage allumé,En agglomération,Hors intersection,Normale,Deux véhicules - arrière,4,2,5,0,1,1,1,0,1,50,2,2,1,0,0,1,59.0,36.0,deux_roues,deux_roues,5,2,1,1,2
202000006557,2020-11-26 14:40:00,2020,11,26,14,40,75,75104,RUE AUBRIOT,48.858314,2.356812,Plein jour,En agglomération,Hors intersection,Normale,Autre collision,4,1,1,0,1,1,1,0,1,50,1,2,1,0,1,0,40.0,,utilitaire_camion,,1,2,1,1,6
202000006558,2020-11-26 22:10:00,2020,11,26,22,10,94,94081,PRESIDENT SALVADOR ALLENDE (AV DU),48.79607,2.41699,Nuit avec éclairage allumé,En agglomération,Giratoire,Normale,Deux véhicules - côté,3,1,2,0,1,2,1,0,1,50,2,2,1,0,0,1,33.0,26.0,voiture,deux_roues,5,2,6,1,3
202000006559,2020-11-26 19:15:00,2020,11,26,19,15,94,94078,PIERRE SEMARD (PL),48.729,2.446,Nuit avec éclairage allumé,En agglomération,Hors intersection,Normale,Autre collision,2,2,0,0,2,1,1,0,1,50,1,1,0,0,0,1,35.0,,deux_roues,,5,2,1,1,6
202000006560,2020-11-26 09:10:00,2020,11,26,9,10,94,94042,EUROPE (BD DE L),48.81441,2.46379,Plein jour,En agglomération,Hors intersection,Normale,Deux véhicules - arrière,3,2,4,0,1,1,1,0,1,50,2,2,1,0,0,1,24.0,31.0,utilitaire_camion,voiture,1,2,1,1,2
202000006561,2020-11-26 17:45:00,2020,11,26,17,45,94,94046,VALENTON (R DE),48.79006,2.438553,Nuit sans éclairage public,En agglomération,Hors intersection,Normale,Autre collision,4,2,1,0,1,1,1,9,1,20,1,1,0,0,0,1,51.0,,deux_roues,,3,2,1,1,6
202000006562,2020-11-26 12:10:00,2020,11,26,12,10,94,94076,KARL MARX (AV),48.784525,2.360607,Plein jour,En agglomération,Hors intersection,Normale,Autre collision,4,2,2,0,1,1,1,9,1,50,1,2,1,0,0,1,24.0,,voiture,,1,2,1,1,6
202000006563,2020-11-26 13:55:00,2020,11,26,13,55,94,94079,GENERAL LECLERC (R DU),48.82169,2.54048,Plein jour,En agglomération,Intersection en T,Normale,Deux véhicules - arrière,3,2,2,0,1,1,1,0,1,50,2,2,1,0,0,1,42.0,31.0,voiture,voiture,1,2,3,1,2
202000006564,2020-11-26 16:15:00,2020,11,26,16,15,93,93078,SAUSSET (AVENUE DU),48.961522,2.5110267,Plein jour,En agglomération,Hors intersection,Normale,Deux véhicules - côté,4,-1,1,0,1,1,1,0,1,50,2,1,0,0,0,1,34.0,,transport_commun,,1,2,1,1,3
202000006565,2020-11-26 13:45:00,2020,11,26,13,45,93,93064,PERI (BOULEVARD GABRIEL) 39 / 44 - FIN,48.8774501,2.4783,Plein jour,En agglomération,Hors intersection,Normale,Autre collision,3,2,2,0,2,1,1,0,1,50,1,2,1,0,0,1,21.0,,voiture,,1,2,1,1,6
202000006566,2020-11-25 17:30:00,2020,11,25,17,30,93,93032,ABBESSES  (CHEMIN D'ACCES AUX),48.8765163,2.5614912,Crépuscule ou aube,En agglomération,Hors intersection,Normale,Deux véhicules - frontale,4,2,2,0,2,1,1,0,1,50,2,2,1,0,0,1,14.0,51.0,deux_roues,voiture,2,2,1,1,1
202000006567,2020-11-26 06:05:00,2020,11,26,6,5,93,93013,R DDU COMMANDANT ROLLAND / AV ELISE DEROCHE,48.93305,2.42818,Nuit avec éclairage allumé,En agglomération,Intersection en T,Normale,Deux véhicules - côté,4,2,2,0,1,3,1,9,1,50,2,2,1,0,0,1,19.0,22.0,deux_roues,utilitaire_camion,5,2,3,1,3
202000006568,2020-11-26 16:40:00,2020,11,26,16,40,93,93057,WILSON (AV. DU PRESIDENT) 62 A 129,48.906785,2.5122626,Plein jour,En agglomération,Hors intersection,Normale,Deux véhicules - côté,3,1,1,0,1,1,1,0,1,50,2,2,1,0,0,1,18.0,33.0,deux_roues,utilitaire_camion,1,2,1,1,3
202000006569,2020-11-26 16:57:00,2020,11,26,16,57,93,93008,MARAT (RUE),48.9169322,2.4171121,Crépuscule ou aube,En agglomération,Hors intersection,Normale,Autre collision,4,2,2,0,1,1,1,0,1,50,1,2,1,0,0,1,66.0,,voiture,,2,2,1,1,6
202000006570,2020-11-26 08:50:00,2020,11,26,8,50,93,93005,R SADI CARNOT,48.93746,2.49476,Plein jour,En agglomération,Hors intersection,Normale,Autre collision,4,1,1,0,1,1,1,5,1,50,1,2,1,0,0,1,33.0,,voiture,,1,2,1,1,6
202000006571,2020-11-26 16:00:00,2020,11,26,16,0,92,92073,PASTEUR (RUE),48.861443,2.222933,Plein jour,En agglomération,Intersection en T,Normale,Deux véhicules - côté,4,-1,1,0,1,1,1,0,1,50,2,2,1,0,0,1,22.0,35.0,voiture,voiture,1,2,3,1,3
202000006572,2020-11-26 19:15:00,2020,11,26,19,15,92,92022,SALENGRO (AVENUE ROGER),48.8053401,2.1835032,Nuit avec éclairage allumé,En agglomération,Hors intersection,Normale,Deux véhicules - arrière,3,2,4,0,1,1,1,0,1,50,2,2,1,0,0,1,21.0,65.0,deux_roues,voiture,5,2,1,1,2
202000006573,2020-11-26 08:25:00,2020,11,26,8,25,92,92049,JAURES AVENUE JEAN N°52 A FIN,48.8160945,2.3111884,Crépuscule ou aube,En agglomération,Intersection en X,Normale,Autre collision,3,2,2,0,1,1,1,6,1,20,1,3,1,0,0,2,43.0,,voiture,,2,2,2,1,6
202000006574,2020-11-25 08:45:00,2020,11,25,8,45,92,92026,VERDUN (DE 01 A 61),48.899502,2.261703,Plein jour,En agglomération,Intersection en X,Normale,Autre collision,3,1,2,1,1,1,1,0,1,50,1,2,1,0,0,1,68.0,,voiture,,1,2,2,1,6
202000006575,2020-11-25 17:40:00,2020,11,25,17,40,92,92002,MIRABEAU (RUE),48.7391867,2.2992459,Crépuscule ou aube,En agglomération,Hors intersection,Normale,Deux véhicules - arrière,3,2,2,0,1,3,1,0,1,50,2,2,1,0,0,1,24.0,37.0,voiture,deux_roues,2,2,1,1,2
202000006576,2020-11-27 14:30:00,2020,11,27,14,30,12,12210,puech de beteil,44.171374,2.005863,Plein jour,Hors agglomération,Hors intersection,Normale,Deux véhicules - frontale,3,2,2,0,2,3,1,0,1,80,2,2,1,0,1,0,45.0,53.0,voiture,utilitaire_camion,1,1,1,1,1
202000006577,2020-11-26 18:35:00,2020,11,26,18,35,14,14411,la bijude,48.966836,-0.402246,Nuit sans éclairage public,Hors agglomération,Intersection en X,Normale,Trois véhicules et plus - collisions multiples,3,2,2,0,1,1,1,0,1,80,4,4,1,0,2,1,65.0,60.0,voiture,voiture,3,1,2,1,5
202000006578,2020-11-27 19:20:00,2020,11,27,19,20,47,47108,Au Luc,44.489399,0.132523,Nuit sans éclairage public,Hors agglomération,Hors intersection,Normale,Deux véhicules - frontale,3,2,2,0,1,4,1,0,1,80,2,2,0,0,2,0,45.0,40.0,voiture,voiture,3,1,1,1,1
202000006579,2020-11-26 09:45:00,2020,11,26,9,45,30,30117,19 rue des malautières,43.709001,4.572013,Plein jour,En agglomération,Hors intersection,Normale,Autre collision,4,1,1,0,1,1,1,0,1,50,1,2,1,0,0,1,27.0,,utilitaire_camion,,1,2,1,1,6
202000006580,2020-11-27 00:15:00,2020,11,27,0,15,76,76355,Rd 149,49.708191,0.719604,Nuit sans éclairage public,Hors agglomération,Hors intersection,Normale,Autre collision,3,2,2,0,1,3,1,0,3,80,1,2,0,1,1,0,31.0,,voiture,,3,1,1,1,6
202000006581,2020-11-27 07:45:00,2020,11,27,7,45,79,79322,,46.634896,-0.269637,Crépuscule ou aube,Hors agglomération,Intersection en Y,Normale,Deux véhicules - côté,3,2,3,1,1,1,1,5,1,70,2,2,1,0,1,0,15.0,16.0,deux_roues,deux_roues,2,1,4,1,3
202000006582,2020-11-26 12:00:00,2020,11,26,12,0,33,33506,Lieu Dit Balette,44.688217,-0.090991,Plein jour,En agglomération,Intersection en T,Temps éblouissant,Deux véhicules - côté,3,2,2,0,1,1,1,0,1,50,2,2,1,0,1,0,26.0,27.0,voiture,voiture,1,2,3,7,3
202000006583,2020-11-26 16:30:00,2020,11,26,16,30,33,33036,Lieu Dit le Pontet,44.449866,-0.205865,Plein jour,Hors agglomération,Intersection en X,Normale,Deux véhicules - côté,3,2,2,0,1,1,1,0,1,80,2,2,1,0,1,0,50.0,19.0,voiture,voiture,1,1,2,1,3
202000006584,2020-10-29 21:30:00,2020,10,29,21,30,72,72290,D338,48.16333,0.124036,Nuit sans éclairage public,Hors agglomération,Hors intersection,Normale,Deux véhicules - arrière,3,2,2,0,1,1,1,0,1,90,2,2,1,0,1,0,38.0,20.0,utilitaire_camion,voiture,3,1,1,1,2
202000006585,2020-11-27 13:20:00,2020,11,27,13,20,14,14011,D9,49.139597,-0.692584,Plein jour,Hors agglomération,Hors intersection,Normale,Autre collision,3,2,2,0,1,1,1,0,3,90,1,1,0,0,0,1,50.0,,voiture,,1,1,1,1,6
202000006586,2020-11-27 07:45:00,2020,11,27,7,45,14,14098,RD83,49.150001,-0.544778,Nuit sans éclairage public,Hors agglomération,Hors intersection,Temps couvert,Autre collision,3,2,2,0,1,2,2,0,3,80,1,1,0,0,1,0,19.0,,voiture,,3,1,1,8,6
202000006587,2020-11-27 07:30:00,2020,11,27,7,30,60,60233,2 Rue des Glycines,49.6509699,1.8365972,Crépuscule ou aube,En agglomération,Intersection en T,Pluie légère,Autre collision,3,2,2,0,1,3,2,0,1,50,1,3,2,1,0,0,52.0,,utilitaire_camion,,2,2,3,2,6
202000006588,2020-11-27 16:15:00,2020,11,27,16,15,18,18096,16 Rue Gaston Cornavin,47.179045,2.159534,Plein jour,En agglomération,Hors intersection,Normale,Autre collision,3,2,2,0,1,1,1,0,4,50,1,1,0,0,1,0,55.0,,transport_commun,,1,2,1,1,6
202000006589,2020-11-26 19:00:00,2020,11,26,19,0,18,18062,Route de Torteron,46.98284,2.967006,Nuit sans éclairage public,Hors agglomération,Hors intersection,Temps couvert,Autre collision,3,2,2,0,2,1,2,0,8,70,1,1,0,0,1,0,30.0,,voiture,,3,1,1,8,6
202000006590,2020-11-26 09:20:00,2020,11,26,9,20,40,40312,rue Joliot Curie,43.543381,-1.482417,Plein jour,En agglomération,Hors intersection,Normale,Deux véhicules - côté,4,2,2,0,1,1,1,0,1,50,2,2,1,0,1,0,45.0,17.0,utilitaire_camion,deux_roues,1,2,1,1,3
202000006591,2020-11-27 14:00:00,2020,11,27,14,0,87,87165,Le Bourg,46.362924,1.217911,Plein jour,En agglomération,Hors intersection,Normale,Deux véhicules - frontale,3,-1,2,0,1,1,1,0,1,50,2,3,2,0,1,0,18.0,66.0,deux_roues,voiture,1,2,1,1,1
202000006592,2020-11-26 09:20:00,2020,11,26,9,20,88,88468,6 Avenue de Verdun,47.881245,6.762344,Plein jour,En agglomération,Hors intersection,Normale,Autre collision,2,2,2,0,1,1,1,0,1,50,1,2,1,0,1,0,60.0,,voiture,,1,2,1,1,6
202000006593,2020-11-26 17:15:00,2020,11,26,17,15,88,88530,Route de Moyenpal,48.058148,6.370386,Crépuscule ou aube,Hors agglomération,Hors intersection,Normale,Deux véhicules - côté,3,2,2,0,2,1,1,0,1,80,2,35,31,0,0,4,41.0,29.0,transport_commun,autre,2,1,1,1,3
202000006594,2020-11-27 07:30:00,2020,11,27,7,30,30,30169,RN 113 - PR 33+500,43.786114,4.315245,Crépuscule ou aube,Hors agglomération,Hors intersection,Normale,Deux véhicules - frontale,2,2,2,0,1,1,1,0,1,80,2,2,1,0,1,0,58.0,39.0,utilitaire_camion,voiture,2,1,1,1,1
202000006595,2020-11-26 19:15:00,2020,11,26,19,15,13,13069,Chemin de la Petite Brulière,43.632759,5.153387,Nuit avec éclairage allumé,En agglomération,Intersection en X,Normale,Deux véhicules - côté,3,2,2,0,1,1,1,0,1,50,2,3,2,0,0,1,20.0,56.0,voiture,voiture,5,2,2,1,3
202000006596,2020-11-21 18:20:00,2020,11,21,18,20,13,13073,"A52, PK 11.700, sens Aix-Aubagne",43.39682,5.57878,Crépuscule ou aube,Hors agglomération,Hors intersection,Normale,Autre collision,1,1,4,3,2,1,1,0,1,130,1,1,0,0,0,1,22.0,,voiture,,2,1,1,1,6
202000006597,2020-11-26 13:30:00,2020,11,26,13,30,973,97311,avenue symphorien,5.495683,-54.030279,Plein jour,En agglomération,Hors intersection,Normale,Deux véhicules - arrière,3,2,2,2,1,1,1,0,1,50,2,2,1,0,1,0,20.0,60.0,deux_roues,voiture,1,2,1,1,2
202000006598,2020-11-24 19:00:00,2020,11,24,19,0,971,97122,Rue Robert Loyson,16.416635,-61.528636,Nuit avec éclairage non allumé,En agglomération,Intersection en X,Normale,Deux véhicules - frontale,4,2,2,0,1,1,1,5,1,50,2,2,1,0,1,0,37.0,50.0,voiture,deux_roues,4,2,2,1,1
202000006599,2020-11-27 11:20:00,2020,11,27,11,20,28,28074,d24,48.423327,1.827679,Plein jour,Hors agglomération,Hors intersection,Normale,Deux véhicules - arrière,3,2,2,0,2,1,1,0,1,80,2,2,1,0,1,0,36.0,26.0,utilitaire_camion,utilitaire_camion,1,1,1,1,2
202000006600,2020-11-25 13:30:00,2020,11,25,13,30,13,13097,Route de Craponne,43.649368,4.80234,Plein jour,En agglomération,Hors intersection,Normale,Deux véhicules - arrière,3,-1,2,0,1,1,1,0,1,30,2,2,1,0,1,0,60.0,83.0,deux_roues,voiture,1,2,1,1,2
202000006601,2020-11-26 07:50:00,2020,11,26,7,50,13,13103,avenue de l' europe,43.6421714,5.1027976,Plein jour,En agglomération,Autre intersection,Normale,Deux véhicules - arrière,4,2,4,0,2,1,1,0,1,50,2,2,1,0,0,1,52.0,41.0,deux_roues,utilitaire_camion,1,2,9,1,2
202000006602,2020-11-27 08:50:00,2020,11,27,8,50,10,10257,D48,48.502502,4.324579,Crépuscule ou aube,Hors agglomération,Hors intersection,Temps couvert,Deux véhicules - frontale,3,2,2,0,1,3,1,0,1,80,2,2,1,0,1,0,26.0,31.0,voiture,utilitaire_camion,2,1,1,8,1
202000006603,2020-11-26 09:10:00,2020,11,26,9,10,54,54115,RD657,48.72893,6.17038,Plein jour,En agglomération,Hors intersection,Temps éblouissant,Autre collision,3,2,2,0,1,1,1,6,1,50,1,2,1,0,1,0,50.0,,voiture,,1,2,1,7,6
202000006604,2020-11-26 21:50:00,2020,11,26,21,50,24,24195,lieu dit la rivière,44.669691,0.8822,Nuit sans éclairage public,Hors agglomération,Hors intersection,Normale,Autre collision,3,2,2,0,1,1,1,0,3,80,1,1,0,1,0,0,20.0,,voiture,,3,1,1,1,6
202000006605,2020-11-16 10:30:00,2020,11,16,10,30,13,13211,A50-Sens Aubagne vers Marseille,43.29267,5.45419,Plein jour,Hors agglomération,Hors intersection,Normale,Trois véhicules et plus - en chaîne,1,3,3,0,1,1,1,0,1,90,3,3,2,0,0,1,47.0,45.0,utilitaire_camion,utilitaire_camion,1,1,1,1,4
202000006606,2020-11-25 17:00:00,2020,11,25,17,0,13,13214,A7-Sens Marseille vers Lyon,43.3199704,5.3777838,Crépuscule ou aube,Hors agglomération,Hors intersection,Normale,Sans collision,1,1,3,0,1,1,1,0,1,90,1,2,0,0,0,2,19.0,,voiture,,2,1,1,1,7
202000006607,2020-11-26 08:15:00,2020,11,26,8,15,77,77251,AUTOROUTE A5A,48.62949,2.537,Crépuscule ou aube,Hors agglomération,Hors intersection,Normale,Deux véhicules - arrière,1,1,4,0,1,1,1,0,1,110,2,2,1,0,0,1,22.0,35.0,voiture,voiture,2,1,1,1,2
202000006608,2020-11-26 20:50:00,2020,11,26,20,50,78,78490,RN12 INT,48.800212,1.981444,Nuit sans éclairage public,Hors agglomération,Hors intersection,Normale,Autre collision,2,3,4,0,1,1,1,0,1,110,1,1,0,0,0,1,42.0,,voiture,,3,1,1,1,6
202000006609,2020-11-26 18:50:00,2020,11,26,18,50,78,78133,A13,48.894099,2.007903,Nuit sans éclairage public,Hors agglomération,Hors intersection,Normale,Deux véhicules - arrière,1,3,4,0,1,1,1,0,1,110,2,2,1,0,0,1,27.0,42.0,voiture,voiture,3,1,1,1,2
202000006610,2020-11-26 14:50:00,2020,11,26,14,50,92,92036,A86,48.9371304,2.2931028,Plein jour,Hors agglomération,Hors intersection,Normale,Deux véhicules - arrière,1,3,4,0,1,1,1,0,1,90,2,4,2,0,0,2,18.0,55.0,voiture,utilitaire_camion,1,1,1,1,2