accident_id,datetime,annee,mois,jour,heure,minute,departement,commune_insee,adresse,latitude,longitude,luminosite,agglomeration,intersection,meteo,collision,catr,circ,nbv,vosp,prof,plan,surf,infra,situ,vma,nb_vehicules,nb_usagers,nb_indemnes,nb_tues,nb_blesses_hosp,nb_blesses_legers,age_cond_1,age_cond_2,veh_type_cond_1,veh_type_cond_2,lum_code,agg_code,int_code,atm_code,col_code
202000006794,2020-05-16 18:20:00,2020,5,16,18,20,49,49329,D111,47.381843,-0.653949,Plein jour,Hors agglomération,Hors intersection,Normale,Deux véhicules - côté,3,2,2,0,1,1,1,0,1,80,2,2,1,0,1,0,22.0,54.0,voiture,deux_roues,1,1,1,1,3
202000006795,2020-05-15 10:00:00,2020,5,15,10,0,42,42323,Place de l'Europe,45.561427,4.276943,Plein jour,En agglomération,Hors intersection,Normale,Sans collision,6,-1,-1,0,1,1,1,0,1,50,1,2,1,0,1,0,79.0,,voiture,,1,2,1,1,7
202000006796,2020-05-15 15:45:00,2020,5,15,15,45,42,42043,Route de Saint Bonnet les Oules,45.576494,4.316683,Plein jour,En agglomération,Hors intersection,Normale,Sans collision,3,2,2,0,1,1,1,0,3,70,1,1,0,0,1,0,54.0,,deux_roues,,1,2,1,1,7
202000006797,2020-05-17 17:35:00,2020,5,17,17,35,42,42059,Rue de la Gimond,45.634617,4.403324,Plein jour,En agglomération,Intersection en X,Normale,Deux véhicules - côté,4,2,1,0,1,1,1,0,1,50,2,2,1,0,1,0,19.0,31.0,deux_roues,voiture,1,2,2,1,3
202000006798,2020-05-15 18:45:00,2020,5,15,18,45,22,22164,Chapelle duméné bré,48.57638,-3.30534,Plein jour,Hors agglomération,Hors intersection,Temps éblouissant,Sans collision,9,2,1,0,2,1,1,0,8,-1,1,1,0,0,1,0,15.0,,deux_roues,,1,1,1,7,7
202000006799,2020-05-16 16:05:00,2020,5,16,16,5,25,25147,D673,47.206071,5.894272,Plein jour,Hors agglomération,Hors intersection,Normale,Trois véhicules et plus - collisions multiples,3,3,4,0,1,1,1,0,1,90,3,3,2,0,1,0,41.0,28.0,voiture,deux_roues,1,1,1,1,5
202000006800,2020-05-17 16:55:00,2020,5,17,16,55,25,25223,Route départementale 492,46.991846,6.004887,Plein jour,Hors agglomération,Hors intersection,Normale,Autre collision,3,2,2,0,2,3,1,0,3,80,1,1,0,0,1,0,66.0,,deux_roues,,1,1,1,1,6
202000006801,2020-05-17 13:30:00,2020,5,17,13,30,29,29205,Lieu Dit Kerampudou,48.2915047,-3.6074976,Plein jour,Hors agglomération,Intersection en T,Normale,Autre collision,3,2,2,0,1,1,1,5,1,80,1,1,0,0,1,0,35.0,,deux_roues,,1,1,3,1,6
202000006802,2020-05-18 10:10:00,2020,5,18,10,10,31,31212,D888,43.71241,1.560933,Plein jour,En agglomération,Autre intersection,Temps éblouissant,Deux véhicules - côté,3,3,2,0,1,1,1,0,1,50,2,2,1,0,1,0,39.0,34.0,deux_roues,utilitaire_camion,1,2,9,7,3
202000006803,2020-05-17 11:02:00,2020,5,17,11,2,02,02014,D7,49.602506,3.279569,Plein jour,Hors agglomération,Hors intersection,Normale,Deux véhicules - arrière,3,2,2,0,1,1,1,0,1,80,2,2,1,0,0,1,27.0,64.0,voiture,voiture,1,1,1,1,2
202000006804,2020-05-17 11:40:00,2020,5,17,11,40,26,26060,3890 route de Bourdeaux ,44.539197,5.196036,Plein jour,Hors agglomération,Hors intersection,Normale,Sans collision,3,2,2,0,1,2,1,0,8,80,1,1,0,0,1,0,71.0,,deux_roues,,1,1,1,1,7
202000006805,2020-05-16 05:40:00,2020,5,16,5,40,26,26305,275 avenue de fourèges,44.59642,4.888858,Crépuscule ou aube,Hors agglomération,Intersection en T,Normale,Deux véhicules - côté,3,2,2,0,1,1,1,0,1,80,2,6,3,0,0,3,47.0,20.0,voiture,voiture,2,1,3,1,3
202000006806,2020-05-18 11:30:00,2020,5,18,11,30,14,14104,D51,49.238004,0.285805,Plein jour,Hors agglomération,Intersection en X,Normale,Deux véhicules - côté,3,2,2,0,2,2,1,0,1,-1,2,2,1,0,0,1,63.0,33.0,voiture,deux_roues,1,1,2,1,3
202000006807,2020-05-17 20:55:00,2020,5,17,20,55,50,50120,Le Bouillon Boucher,48.889201,-1.451461,Plein jour,Hors agglomération,Hors intersection,Normale,Autre collision,3,2,2,0,3,3,1,0,8,80,1,1,0,0,1,0,19.0,,voiture,,1,1,1,1,6
202000006808,2020-05-18 17:04:00,2020,5,18,17,4,90,90044,rd83,47.70195,6.994817,Plein jour,Hors agglomération,Intersection en T,Normale,Deux véhicules - frontale,3,2,2,0,1,1,1,0,1,80,2,3,0,0,0,3,25.0,28.0,voiture,voiture,1,1,3,1,1
202000006809,2020-05-17 13:50:00,2020,5,17,13,50,16,16405,Ld l'Ormeau,45.520905,-0.098689,Plein jour,Hors agglomération,Hors intersection,Temps éblouissant,Sans collision,2,3,4,0,2,2,1,0,1,110,1,1,0,0,1,0,68.0,,voiture,,1,1,1,7,7
202000006810,2020-05-18 16:05:00,2020,5,18,16,5,16,16236,Ld Le Fort des Anglais,45.585982,0.132029,Plein jour,Hors agglomération,Hors intersection,Normale,Deux véhicules - côté,3,2,2,0,2,1,1,0,1,80,2,2,1,1,0,0,41.0,67.0,utilitaire_camion,deux_roues,1,1,1,1,3
202000006811,2020-05-18 13:20:00,2020,5,18,13,20,21,21317,D3,47.547016,5.122011,Plein jour,Hors agglomération,Intersection en T,Temps éblouissant,Deux véhicules - côté,3,2,2,0,1,2,1,0,1,90,2,2,1,0,1,0,39.0,48.0,voiture,deux_roues,1,1,3,7,3
202000006812,2020-05-17 11:10:00,2020,5,17,11,10,40,40195,5 Rue du Bon Vieux Temps,43.742317,-0.483504,Plein jour,En agglomération,Hors intersection,Normale,Autre collision,3,1,1,0,1,1,1,0,1,50,1,2,1,0,0,1,52.0,,voiture,,1,2,1,1,6
202000006813,2020-05-18 08:25:00,2020,5,18,8,25,24,24354,48 Avenue d'Aquitaine,45.146782,0.005391,Plein jour,En agglomération,Hors intersection,Normale,Deux véhicules - arrière,3,2,2,0,2,1,1,0,1,50,2,2,1,0,1,0,16.0,68.0,deux_roues,voiture,1,2,1,1,2
202000006814,2020-05-17 17:00:00,2020,5,17,17,0,24,24354,D730,45.094156,0.103555,Plein jour,Hors agglomération,Hors intersection,Normale,Deux véhicules - frontale,3,2,2,0,2,4,1,0,1,80,2,3,2,0,0,1,53.0,22.0,deux_roues,deux_roues,1,1,1,1,1
202000006815,2020-05-18 12:05:00,2020,5,18,12,5,27,27116,Brionne,49.178912,0.70335,Plein jour,Hors agglomération,Intersection en T,Normale,Deux véhicules - frontale,3,2,2,0,1,1,1,5,1,80,2,2,0,1,0,1,21.0,66.0,deux_roues,voiture,1,1,3,1,1
202000006816,2020-05-18 10:35:00,2020,5,18,10,35,28,28089,Route de Brezolles,48.589014,1.235361,Plein jour,En agglomération,Hors intersection,Normale,Autre collision,3,2,2,0,1,1,1,0,3,70,1,1,0,1,0,0,57.0,,voiture,,1,2,1,1,6
202000006817,2020-05-17 17:25:00,2020,5,17,17,25,87,87140,Allée du Pacage du Milieu,45.903124,0.9734,Plein jour,Hors agglomération,Intersection en T,Normale,Deux véhicules - côté,3,-1,2,0,1,1,1,0,1,80,2,2,0,0,1,1,31.0,43.0,voiture,deux_roues,1,1,3,1,3
202000006818,2020-05-17 10:45:00,2020,5,17,10,45,37,37263,rue de vaugaudet,47.2748863,0.8365154,Plein jour,En agglomération,Hors intersection,Normale,Deux véhicules - arrière,3,2,2,0,1,1,1,0,1,30,2,2,1,0,0,1,21.0,32.0,voiture,deux_roues,1,2,1,1,2
202000006819,2020-05-18 07:45:00,2020,5,18,7,45,30,30138,départementale 40,43.808487,4.239736,Plein jour,Hors agglomération,Hors intersection,Normale,Deux véhicules - frontale,3,2,2,0,1,1,1,0,1,80,2,2,1,1,0,0,30.0,22.0,utilitaire_camion,voiture,1,1,1,1,1
202000006820,2020-05-15 15:45:00,2020,5,15,15,45,95,95042,RD 9,49.068313,2.282624,Plein jour,Hors agglomération,Hors intersection,Normale,Sans collision,3,2,2,0,1,2,1,0,1,50,1,1,0,0,1,0,73.0,,deux_roues,,1,1,1,1,7
202000006821,2020-05-17 19:40:00,2020,5,17,19,40,95,95535,RD14,49.063913,1.982281,Plein jour,Hors agglomération,Hors intersection,Normale,Trois véhicules et plus - en chaîne,3,3,2,0,1,1,1,0,1,110,3,3,2,0,1,0,60.0,54.0,deux_roues,voiture,1,1,1,1,4
202000006822,2020-05-18 19:10:00,2020,5,18,19,10,2B,2B355,T20,42.51877,9.39507,Crépuscule ou aube,Hors agglomération,Hors intersection,Pluie forte,Deux véhicules - côté,2,2,2,0,2,2,2,0,1,80,2,4,1,0,1,2,57.0,28.0,voiture,voiture,2,1,1,3,3
202000006823,2020-05-17 16:35:00,2020,5,17,16,35,68,68171,D430,47.970801,6.988709,Plein jour,Hors agglomération,Hors intersection,Normale,Trois véhicules et plus - collisions multiples,3,2,2,0,1,3,1,0,1,80,3,4,3,0,0,1,53.0,66.0,deux_roues,voiture,1,1,1,1,5
202000006824,2020-05-17 10:30:00,2020,5,17,10,30,68,68252,Route de Ribeauvillé,48.164225,7.366687,Plein jour,Hors agglomération,Intersection en T,Normale,Deux véhicules - côté,3,2,1,0,1,1,1,0,1,80,2,2,1,0,1,0,92.0,50.0,voiture,deux_roues,1,1,3,1,3
202000006825,2020-05-16 20:25:00,2020,5,16,20,25,67,67464,lieu dit AUE,48.341953,7.565804,Crépuscule ou aube,Hors agglomération,Hors intersection,Normale,Sans collision,5,-1,1,0,1,1,1,0,8,-1,1,1,0,0,0,1,25.0,,deux_roues,,2,1,1,1,7
202000006826,2020-05-16 17:25:00,2020,5,16,17,25,67,67464,Rue de Strasbourg,48.3241537,7.5716773,Plein jour,Hors agglomération,Intersection en X,Temps éblouissant,Deux véhicules - côté,3,2,2,0,1,1,1,0,1,80,2,2,1,0,0,1,23.0,58.0,voiture,deux_roues,1,1,2,7,3
202000006827,2020-05-17 16:00:00,2020,5,17,16,0,88,88531,D430,48.048746,7.00932,Plein jour,Hors agglomération,Hors intersection,Normale,Deux véhicules - côté,3,2,2,0,1,1,1,0,1,80,2,4,3,0,0,1,57.0,34.0,voiture,deux_roues,1,1,1,1,3
202000006828,2020-05-16 16:30:00,2020,5,16,16,30,57,57550,D26,49.152226,6.631923,Plein jour,Hors agglomération,Hors intersection,Normale,Deux véhicules - côté,3,2,2,0,2,4,1,0,1,80,2,2,1,0,1,0,38.0,41.0,deux_roues,voiture,1,1,1,1,3
202000006829,2020-05-18 17:55:00,2020,5,18,17,55,74,74073,Sur le Feu Courbe,46.334506,6.652769,Plein jour,Hors agglomération,Hors intersection,Temps éblouissant,Deux véhicules - côté,3,2,2,0,2,1,1,0,1,80,2,2,1,0,1,0,42.0,46.0,voiture,deux_roues,1,1,1,7,3
202000006830,2020-05-17 17:30:00,2020,5,17,17,30,42,42201,Route du Tracol,45.348383,4.660901,Plein jour,Hors agglomération,Hors intersection,Normale,,3,2,2,0,2,1,1,0,1,80,2,2,1,0,1,0,64.0,28.0,deux_roues,voiture,1,1,1,1,-1
202000006831,2020-05-18 10:08:00,2020,5,18,10,8,64,64376,D 938,43.278756,-0.314473,Plein jour,Hors agglomération,Hors intersection,Normale,Deux véhicules - frontale,3,2,3,0,2,1,1,0,1,80,2,2,0,1,0,1,45.0,77.0,voiture,voiture,1,1,1,1,1
202000006832,2020-05-16 12:15:00,2020,5,16,12,15,33,33042,D1010,44.514031,-0.793,Plein jour,En agglomération,Hors intersection,Normale,Deux véhicules - arrière,3,2,2,0,3,1,1,0,1,50,2,2,0,0,1,1,59.0,52.0,deux_roues,deux_roues,1,2,1,1,2
202000006833,2020-05-17 01:44:00,2020,5,17,1,44,60,60612,5 Avenue du Poteau,49.2213821,2.5883512,Nuit avec éclairage allumé,Hors agglomération,Hors intersection,Normale,Deux véhicules - arrière,4,3,2,0,2,1,1,9,8,-1,2,2,1,0,0,1,25.0,25.0,voiture,voiture,5,1,1,1,2
202000006834,2020-05-18 17:50:00,2020,5,18,17,50,62,62106,rue de sailly,50.301752,3.038787,Plein jour,Hors agglomération,Hors intersection,Normale,Sans collision,4,2,2,0,1,1,1,0,3,80,1,1,0,0,1,0,31.0,,deux_roues,,1,1,1,1,7
202000006835,2020-05-17 16:50:00,2020,5,17,16,50,13,13005,A50 - Sens Aubagne vers Marseille,43.2803,5.5832,Plein jour,Hors agglomération,Hors intersection,Pluie forte,Autre collision,1,3,2,0,1,1,2,0,1,90,1,1,0,0,0,1,31.0,,voiture,,1,1,1,3,6
202000006836,2020-05-16 19:30:00,2020,5,16,19,30,13,13026,A55-Sens Martigues vers Marseille,43.377338,5.171821,Plein jour,Hors agglomération,Hors intersection,Pluie légère,Sans collision,1,1,2,0,1,1,2,0,2,110,1,1,0,0,0,1,48.0,,utilitaire_camion,,1,1,1,2,7
202000006837,2020-05-17 09:40:00,2020,5,17,9,40,94,94037,AUTOROUTE A6B,48.8157905,2.3367697,Plein jour,Hors agglomération,Hors intersection,Normale,Sans collision,1,1,2,0,2,3,1,1,1,50,1,1,0,0,0,1,48.0,,deux_roues,,1,1,1,1,7
202000006838,2020-05-15 18:20:00,2020,5,15,18,20,91,91228,AUTOROUTE A6,48.61962,2.42611,Plein jour,Hors agglomération,Autre intersection,Normale,Trois véhicules et plus - en chaîne,1,2,6,0,1,1,1,0,1,90,3,3,1,1,0,1,26.0,57.0,voiture,deux_roues,1,1,9,1,4
202000006839,2020-05-16 13:15:00,2020,5,16,13,15,974,97416,GENERAL DE GAULLE(AVENUE),-21.29074,55.46644,Plein jour,En agglomération,Hors intersection,Normale,Sans collision,4,2,2,0,1,1,1,9,1,50,1,1,0,0,0,1,41.0,,deux_roues,,1,2,1,1,7
202000006840,2020-05-16 09:45:00,2020,5,16,9,45,974,97416,BOISSY (CHEMIN DE),-21.33991,55.50948,Plein jour,Hors agglomération,Intersection en X,Normale,Deux véhicules - côté,4,2,2,0,1,1,1,0,1,50,2,2,0,0,2,0,78.0,38.0,voiture,deux_roues,1,1,2,1,3
202000006841,2020-05-16 16:25:00,2020,5,16,16,25,973,97302,GALMOT (AVENUE),4.9319308,-52.3283744,Plein jour,En agglomération,Autre intersection,Normale,Deux véhicules - côté,4,2,0,0,1,1,1,0,1,50,2,2,1,0,0,1,48.0,32.0,autre,deux_roues,1,2,9,1,3
202000006842,2020-05-16 14:30:00,2020,5,16,14,30,973,97302,BONHOMME (CITE),4.9220326,-52.3194158,Plein jour,En agglomération,Hors intersection,Normale,Deux véhicules - côté,4,2,0,0,1,1,1,9,1,50,2,2,1,0,0,1,33.0,33.0,deux_roues,voiture,1,2,1,1,3
202000006843,2020-05-16 10:40:00,2020,5,16,10,40,973,97302,ROUTE NATIONALE 1,4.90534,-52.32321,Plein jour,Hors agglomération,Hors intersection,Normale,Deux véhicules - arrière,2,3,4,1,1,1,1,0,1,90,2,3,2,0,0,1,41.0,46.0,voiture,voiture,1,1,1,1,2
202000006844,2020-05-16 17:50:00,2020,5,16,17,50,69,69388,MARIUS BERLIET                      (R ),45.7394,4.86601,Plein jour,En agglomération,Hors intersection,Normale,Autre collision,4,2,3,3,1,1,1,0,1,50,1,3,0,0,0,3,26.0,,deux_roues,,1,2,1,1,6
202000006845,2020-05-16 18:55:00,2020,5,16,18,55,972,97209,PARADISIERS (AVENUE DES),14.62194,-61.03686,Nuit sans éclairage public,En agglomération,Hors intersection,Pluie légère,Sans collision,4,2,1,0,2,1,2,0,1,30,1,1,0,0,1,0,15.0,,deux_roues,,3,2,1,2,7
202000006846,2020-05-16 14:38:00,2020,5,16,14,38,69,69382,JEAN MOULIN                         (QU),45.7656729,4.8380948,Plein jour,En agglomération,Hors intersection,Normale,Deux véhicules - arrière,4,1,3,0,1,1,1,0,1,50,2,1,0,0,0,1,39.0,,deux_roues,,1,2,1,1,2
202000006847,2020-05-16 03:00:00,2020,5,16,3,0,69,69034,PASTEUR                             (R ),45.7908821,4.8424221,Nuit avec éclairage allumé,En agglomération,Intersection à plus de 4 branches,Normale,Deux véhicules - côté,4,2,0,0,1,1,1,0,1,50,2,3,2,0,1,0,19.0,19.0,voiture,deux_roues,5,2,5,1,3
202000006848,2020-05-16 19:42:00,2020,5,16,19,42,91,91570,BRANLY (RUE EDOUARD),48.63388,2.305228,Plein jour,En agglomération,Autre intersection,Normale,Deux véhicules - côté,9,2,2,0,1,1,1,0,1,50,2,2,1,0,0,1,50.0,76.0,deux_roues,voiture,1,2,9,1,3
202000006849,2020-05-15 19:50:00,2020,5,15,19,50,91,91174,Emile ZOLA (rue),48.61383,2.47202,Plein jour,En agglomération,Hors intersection,Normale,Autre collision,9,1,0,3,1,1,1,9,1,15,1,2,1,0,0,1,31.0,,voiture,,1,2,1,1,6
202000006850,2020-05-15 19:14:00,2020,5,15,19,14,83,83126,Ytzhak RABIN - D63,43.114914,5.871448,Plein jour,En agglomération,Hors intersection,Normale,Autre collision,3,2,2,3,1,1,1,9,6,50,1,2,0,0,2,0,18.0,,autre,,1,2,1,1,6
202000006851,2020-05-15 16:37:00,2020,5,15,16,37,79,79329,Rue Camille Pelletan,46.98196,-0.21916,Plein jour,En agglomération,Hors intersection,Normale,Sans collision,3,2,2,0,1,1,1,5,1,50,1,2,1,0,1,0,88.0,,voiture,,1,2,1,1,7
202000006852,2020-05-16 17:00:00,2020,5,16,17,0,77,77118,ROUTE NATIONALE 3,48.94305,2.65938,Plein jour,Hors agglomération,Hors intersection,Normale,Trois véhicules et plus - en chaîne,2,3,4,0,1,1,1,0,1,50,3,6,4,0,0,2,86.0,46.0,voiture,voiture,1,1,1,1,4
202000006853,2020-05-17 00:45:00,2020,5,17,0,45,77,77407,OLIVIERI(RUE A.) - D50,48.53046,2.55179,Nuit avec éclairage allumé,En agglomération,Intersection en T,Normale,,3,-1,0,0,2,2,1,0,1,50,2,1,0,0,0,1,19.0,,deux_roues,,5,2,3,1,-1
202000006854,2020-05-15 18:30:00,2020,5,15,18,30,77,77186,ANDRE MAGINOT (BOULEVARD) - D417,48.40531,2.68983,Plein jour,En agglomération,Intersection en T,Normale,Deux véhicules - côté,3,-1,2,0,1,1,1,0,1,30,2,2,1,0,1,0,34.0,74.0,voiture,deux_roues,1,2,3,1,3
202000006855,2020-05-15 17:20:00,2020,5,15,17,20,77,77186,d301 de chantoiseau /grand veneur,48.4055848,2.7789559,Plein jour,En agglomération,Intersection en T,Normale,Deux véhicules - frontale,3,2,2,0,4,2,1,5,1,70,2,2,1,0,1,0,58.0,30.0,deux_roues,voiture,1,2,3,1,1
202000006856,2020-05-16 00:50:00,2020,5,16,0,50,76,76540,MONT RIBOUDET. AVENUE DU,49.44821,1.06675,Nuit avec éclairage allumé,En agglomération,Intersection en X,Normale,Deux véhicules - côté,3,2,5,3,1,1,1,0,1,50,2,2,1,0,0,1,20.0,28.0,voiture,voiture,5,2,2,1,3
202000006857,2020-05-16 15:00:00,2020,5,16,15,0,72,72181,GARENNE (RUE DE LA),48.01858,0.19111,Plein jour,En agglomération,Hors intersection,Normale,Autre collision,4,2,2,0,1,1,1,0,1,50,1,2,1,0,0,1,39.0,,voiture,,1,2,1,1,6
202000006858,2020-05-16 09:20:00,2020,5,16,9,20,71,71270,Avenue Edouard Herriot,46.2993486,4.8275028,Plein jour,En agglomération,Hors intersection,Normale,Autre collision,3,1,2,0,1,1,1,0,1,50,1,2,1,0,0,1,75.0,,voiture,,1,2,1,1,6
202000006859,2020-05-15 13:50:00,2020,5,15,13,50,71,71270,Avenue Edouard Herriot,46.2927336,4.8157504,Plein jour,En agglomération,Hors intersection,Normale,Deux véhicules - côté,3,3,3,0,1,1,1,0,1,70,2,2,1,0,0,1,69.0,46.0,voiture,deux_roues,1,2,1,1,3
202000006860,2020-05-16 19:11:00,2020,5,16,19,11,69,69275,JEAN JAURES                         (AV),45.7697,4.9493,Plein jour,En agglomération,Intersection en T,Normale,Deux véhicules - côté,4,2,1,0,1,1,1,0,1,50,2,3,2,0,0,1,46.0,20.0,voiture,voiture,1,2,3,1,3
202000006861,2020-04-24 21:20:00,2020,4,24,21,20,59,59350,THUMESNIL RUE,50.6205,3.0672,Nuit avec éclairage allumé,En agglomération,Hors intersection,Normale,,4,1,1,0,1,1,1,0,1,50,2,2,1,0,1,0,22.0,49.0,voiture,deux_roues,5,2,1,1,-1
202000006862,2020-05-16 09:50:00,2020,5,16,9,50,42,42044,Rue de la République,45.39431,4.30538,Plein jour,En agglomération,Hors intersection,Normale,Autre collision,3,1,0,0,1,1,1,0,1,50,1,2,1,0,0,1,54.0,,voiture,,1,2,1,1,6
202000006863,2020-05-16 17:56:00,2020,5,16,17,56,37,37261,CHURCHILL (BOULEVARD WINSTON),47.3738729,0.6788172,Plein jour,En agglomération,Giratoire,Normale,Sans collision,3,3,4,0,1,1,1,0,1,50,1,1,0,0,0,1,32.0,,deux_roues,,1,2,6,1,7
202000006864,2020-05-16 15:30:00,2020,5,16,15,30,37,37261,FLORENCE (AVENUE DE),47.3744416,0.7248585,Plein jour,En agglomération,Hors intersection,Normale,Sans collision,4,2,2,0,1,1,1,0,1,50,1,1,0,0,0,1,49.0,,voiture,,1,2,1,1,7
202000006865,2020-05-15 20:04:00,2020,5,15,20,4,37,37261,PONT CHER (AVENUE DE),47.3717137,0.6776768,Plein jour,En agglomération,Intersection en T,Normale,,3,2,2,1,1,1,1,2,1,50,2,2,1,0,0,1,20.0,62.0,deux_roues,voiture,1,2,3,1,-1
202000006866,2020-05-16 18:40:00,2020,5,16,18,40,35,35238,BREST (DE),48.1139948,-1.698696,Plein jour,En agglomération,Hors intersection,Normale,Trois véhicules et plus - en chaîne,4,3,4,0,2,1,1,0,1,50,3,4,1,0,0,3,60.0,29.0,voiture,voiture,1,2,1,1,4
202000006867,2020-05-16 20:41:00,2020,5,16,20,41,33,33162,AVE DU TAILLAN-MEDOC / RUE ANDRE BLANC,44.87714,-0.64247,Plein jour,En agglomération,Intersection en X,Normale,Deux véhicules - côté,4,2,5,2,1,1,1,5,1,50,2,2,1,0,0,1,20.0,40.0,voiture,deux_roues,1,2,2,1,3
202000006868,2020-05-16 16:15:00,2020,5,16,16,15,33,33529,RD804 piste cyclable,44.57228,-1.22012,Plein jour,Hors agglomération,Hors intersection,Normale,Sans collision,3,2,2,1,4,3,1,-1,5,20,1,1,0,0,0,1,30.0,,deux_roues,,1,1,1,1,7
202000006869,2020-05-12 19:25:00,2020,5,12,19,25,26,26362,191 Rue Antoine Barnave,44.94194,4.91535,Plein jour,En agglomération,Hors intersection,Normale,Deux véhicules - frontale,4,2,2,0,1,1,1,0,1,50,2,2,1,0,1,0,45.0,56.0,voiture,deux_roues,1,2,1,1,1
202000006870,2020-05-16 04:10:00,2020,5,16,4,10,13,13075,LIBERATION (AVE DE LA),43.342774,5.457497,Nuit avec éclairage allumé,En agglomération,Hors intersection,Normale,Trois véhicules et plus - en chaîne,3,2,2,0,1,1,1,0,1,50,4,2,1,0,0,1,27.0,,voiture,,5,2,1,1,4
202000006871,2020-05-16 23:50:00,2020,5,16,23,50,13,13028,GASSION (AVENUE FERNAND ),43.184139,5.606493,Nuit avec éclairage allumé,En agglomération,Intersection en T,Pluie légère,Deux véhicules - côté,4,-1,2,0,1,1,2,0,1,50,2,2,1,0,1,0,57.0,20.0,deux_roues,utilitaire_camion,5,2,3,2,3
202000006872,2020-05-13 02:28:00,2020,5,13,2,28,07,07231,Route d’Alès,44.59295,4.3775,Nuit avec éclairage allumé,En agglomération,Hors intersection,Normale,Autre collision,4,2,2,0,1,1,1,0,8,50,1,1,0,0,1,0,28.0,,voiture,,5,2,1,1,6
202000006873,2020-05-15 16:57:00,2020,5,15,16,57,06,06027,RENOIR AVENUE AUGUSTE,43.6647534,7.1517354,Plein jour,En agglomération,Hors intersection,Normale,Autre collision,4,1,2,0,1,1,1,0,1,50,1,3,2,0,0,1,69.0,,voiture,,1,2,1,1,6
202000006874,2020-05-16 09:45:00,2020,5,16,9,45,01,01289,LENT ( ROUTE DE ),46.1648695,5.220703,Plein jour,Hors agglomération,Intersection en X,Normale,Deux véhicules - côté,3,2,2,0,1,1,1,0,1,80,2,2,0,0,1,1,71.0,28.0,voiture,voiture,1,1,2,1,3
202000006875,2020-05-16 17:00:00,2020,5,16,17,0,75,75115,PORTE DE SEVRES,48.832373,2.280542,Plein jour,En agglomération,Hors intersection,Normale,Trois véhicules et plus - en chaîne,4,1,3,0,1,1,1,0,1,70,4,10,8,0,0,2,34.0,26.0,voiture,voiture,1,2,1,1,4
202000006876,2020-05-16 17:51:00,2020,5,16,17,51,75,75106,RUE SAINT SULPICE,48.851468,2.33706,Plein jour,En agglomération,Intersection en X,Normale,Deux véhicules - côté,4,1,2,3,1,1,1,0,1,50,2,2,1,0,1,0,37.0,53.0,deux_roues,transport_commun,1,2,2,1,3
202000006877,2020-05-16 13:00:00,2020,5,16,13,0,75,75105,RUE MONGE,48.847122,2.351239,Plein jour,En agglomération,Intersection en X,Normale,Autre collision,4,2,2,0,2,1,1,0,1,30,1,3,1,0,0,2,49.0,,deux_roues,,1,2,2,1,6
202000006878,2020-05-16 04:38:00,2020,5,16,4,38,75,75105,BOULEVARD SAINT MARCEL,48.836981,2.352296,Nuit avec éclairage allumé,En agglomération,Hors intersection,Normale,Deux véhicules - côté,4,2,3,0,1,1,1,0,1,50,2,2,1,0,0,1,57.0,26.0,deux_roues,voiture,5,2,1,1,3
202000006879,2020-05-16 00:30:00,2020,5,16,0,30,75,75105,BOULEVARD SAINT GERMAIN,48.850837,2.345596,Nuit avec éclairage allumé,En agglomération,Intersection à plus de 4 branches,Normale,Autre collision,4,1,2,0,1,1,1,0,1,50,1,1,0,0,0,1,45.0,,deux_roues,,5,2,5,1,6
202000006880,2020-05-16 17:50:00,2020,5,16,17,50,75,75119,AVENUE DE FLANDRE,48.894303,2.381726,Plein jour,En agglomération,Intersection en X,Normale,Deux véhicules - côté,4,1,0,1,1,1,1,-1,5,50,2,1,0,0,0,1,77.0,,deux_roues,,1,2,2,1,3
202000006881,2020-05-16 16:30:00,2020,5,16,16,30,75,75118,BOULEVARD DE LA CHAPELLE,48.884197,2.354315,Plein jour,En agglomération,Hors intersection,Normale,Deux véhicules - côté,4,1,1,1,1,1,1,-1,5,50,2,3,2,0,0,1,28.0,59.0,voiture,deux_roues,1,2,1,1,3
202000006882,2020-05-16 14:00:00,2020,5,16,14,0,75,75117,BOULEVARD BESSIERES,48.89758,2.324153,Plein jour,En agglomération,Intersection en X,Normale,Deux véhicules - côté,4,2,2,0,1,1,1,0,1,50,2,3,1,0,0,2,31.0,58.0,deux_roues,voiture,1,2,2,1,3
202000006883,2020-05-16 18:00:00,2020,5,16,18,0,75,75116,ROUTE DE SEVRES A NEUILLY,48.857742,2.237261,Plein jour,En agglomération,Hors intersection,Normale,Deux véhicules - côté,4,1,2,1,2,1,1,-1,5,50,2,5,4,0,0,1,44.0,48.0,deux_roues,voiture,1,2,1,1,3
202000006884,2020-05-16 11:30:00,2020,5,16,11,30,75,75115,PORT DE GRENELLE,48.85392,2.287361,Plein jour,En agglomération,Hors intersection,Normale,Autre collision,4,1,1,0,2,1,1,9,1,30,1,1,0,0,0,1,25.0,,deux_roues,,1,2,1,1,6
202000006885,2020-05-16 15:40:00,2020,5,16,15,40,75,75114,BOULEVARD ARAGO,48.83447,2.333851,Plein jour,En agglomération,Hors intersection,Normale,Autre collision,4,-1,0,3,2,1,1,0,4,50,1,2,1,0,0,1,9.0,,deux_roues,,1,2,1,1,6
202000006886,2020-05-15 10:40:00,2020,5,15,10,40,75,75114,RUE DES PLANTES,48.826172,2.319583,Plein jour,En agglomération,Intersection en X,Normale,Autre collision,4,1,2,0,1,1,1,0,1,50,1,2,1,0,1,0,59.0,,voiture,,1,2,2,1,6