accident_id,datetime,annee,mois,jour,heure,minute,departement,commune_insee,adresse,latitude,longitude,luminosite,agglomeration,intersection,meteo,collision,catr,circ,nbv,vosp,prof,plan,surf,infra,situ,vma,nb_vehicules,nb_usagers,nb_indemnes,nb_tues,nb_blesses_hosp,nb_blesses_legers,age_cond_1,age_cond_2,veh_type_cond_1,veh_type_cond_2,lum_code,agg_code,int_code,atm_code,col_code
202000006979,2020-03-02 06:45:00,2020,3,2,6,45,13,13212,SAINT JULIEN (AVENUE DE ),43.3059464,5.419139,Crépuscule ou aube,En agglomération,Hors intersection,Pluie forte,Autre collision,4,2,2,0,1,1,2,0,1,50,1,2,1,0,0,1,62.0,,voiture,,2,2,1,3,6
202000006980,2020-03-03 00:35:00,2020,3,3,0,35,13,13063,RN 1569,43.58811,4.99814,Nuit sans éclairage public,Hors agglomération,Hors intersection,Normale,Autre collision,4,2,2,0,2,1,1,2,3,80,1,2,1,0,0,1,23.0,,voiture,,3,1,1,1,6
202000006981,2020-03-02 17:00:00,2020,3,2,17,0,13,13001,PUY SAINTE REPARADE (CH),43.589175,5.432212,Plein jour,En agglomération,Hors intersection,Normale,Deux véhicules - côté,3,3,4,1,1,1,1,0,1,50,2,2,1,0,0,1,80.0,49.0,voiture,deux_roues,1,2,1,1,3
202000006982,2020-03-02 18:05:00,2020,3,2,18,5,10,10343,PHILIPPATS (RUE),48.270752,4.088464,Nuit avec éclairage allumé,En agglomération,Hors intersection,Pluie forte,Sans collision,4,2,2,0,1,1,2,0,1,50,1,2,0,0,0,2,17.0,,deux_roues,,5,2,1,3,7
202000006983,2020-03-01 06:15:00,2020,3,1,6,15,09,09225,RIJOLE AVENUE DE LA,43.115923,1.621658,Nuit avec éclairage allumé,Hors agglomération,Hors intersection,Normale,Deux véhicules - arrière,4,-1,2,0,1,1,1,0,1,50,2,4,0,0,0,4,19.0,20.0,voiture,voiture,5,1,1,1,2
202000006984,2020-03-03 17:00:00,2020,3,3,17,0,06,06069,LIBERATION (AVENUE DE LA),43.643961,6.913699,Plein jour,En agglomération,Intersection en T,Normale,Deux véhicules - côté,3,2,2,0,2,1,1,0,1,50,2,3,1,0,0,2,34.0,18.0,voiture,deux_roues,1,2,3,1,3
202000006985,2020-03-01 15:45:00,2020,3,1,15,45,06,06027,39 MIMOSAS AVENUE DES,43.660415,7.176559,Plein jour,En agglomération,Autre intersection,Normale,Deux véhicules - côté,9,-1,0,0,2,1,1,0,1,50,2,2,1,0,0,1,52.0,20.0,voiture,voiture,1,2,9,1,3
202000006986,2020-03-03 15:30:00,2020,3,3,15,30,06,06004,BORD DE MER RN.98 LA SIESTA,43.613016,7.127414,Plein jour,Hors agglomération,Hors intersection,Normale,Deux véhicules - côté,3,2,2,0,1,1,1,0,1,50,2,2,1,0,1,0,34.0,44.0,deux_roues,voiture,1,1,1,1,3
202000006987,2020-03-01 10:40:00,2020,3,1,10,40,05,05061,LUYE ( ROUTE DE LA ),44.51003,6.06888,Plein jour,Hors agglomération,Hors intersection,Normale,Sans collision,3,2,2,0,1,4,2,0,1,80,1,1,0,0,0,1,36.0,,voiture,,1,1,1,1,7
202000006988,2020-01-01 15:45:00,2020,1,1,15,45,93,93073,BERRY (RUE DE),48.93999,2.58933,Plein jour,En agglomération,Intersection en T,Pluie légère,Deux véhicules - côté,4,2,2,0,1,1,2,0,1,50,2,2,1,0,0,1,38.0,33.0,voiture,voiture,1,2,3,2,3
202000006989,2020-01-03 19:35:00,2020,1,3,19,35,94,94018,A4,48.8173919,2.4147525,Nuit avec éclairage allumé,Hors agglomération,Hors intersection,Normale,Trois véhicules et plus - en chaîne,1,-1,5,0,1,2,2,0,1,90,3,4,3,0,0,1,30.0,41.0,voiture,voiture,5,1,1,1,4
202000006990,2020-01-01 16:50:00,2020,1,1,16,50,94,94017,A4,48.8267841,2.5141683,Plein jour,Hors agglomération,Hors intersection,Normale,Deux véhicules - arrière,1,1,2,0,1,1,1,1,1,90,2,4,3,0,0,1,20.0,33.0,voiture,voiture,1,1,1,1,2
202000006991,2020-02-29 17:46:00,2020,2,29,17,46,988,98818,PROMENADE PIERRE VERNIER,-22.31024,166.45326,Plein jour,En agglomération,Hors intersection,Pluie légère,Autre collision,4,2,2,0,2,3,2,0,3,50,1,6,3,0,1,2,33.0,,voiture,,1,2,1,2,6
202000006992,2020-02-28 18:40:00,2020,2,28,18,40,988,98818,LAROQUE (PROMENADE ROGER),-22.30319,166.43664,Crépuscule ou aube,En agglomération,Hors intersection,Normale,Sans collision,4,2,2,0,1,1,1,0,1,50,1,1,0,0,0,1,43.0,,deux_roues,,2,2,1,1,7
202000006993,2020-02-28 16:05:00,2020,2,28,16,5,988,98818,RUE EDOUARD UNGER,-22.26336,166.44418,Plein jour,En agglomération,Hors intersection,Normale,Autre collision,4,2,2,0,1,1,1,0,1,50,1,3,2,0,0,1,34.0,,voiture,,1,2,1,1,6
202000006994,2020-02-28 16:15:00,2020,2,28,16,15,988,98818,BOULEVARD EXTERIEUR/RUE LEON COURSIN,-22.276,166.44915,Plein jour,En agglomération,Intersection en X,Normale,Deux véhicules - côté,4,1,3,0,1,1,1,0,1,50,2,2,1,0,0,1,17.0,91.0,deux_roues,voiture,1,2,2,1,3
202000006995,2020-02-28 07:50:00,2020,2,28,7,50,988,98818,LAROQUE (PROMENADE ROGER),-22.30276,166.44321,Plein jour,En agglomération,Hors intersection,Normale,Deux véhicules - arrière,4,3,4,0,1,1,1,0,1,50,2,2,1,0,0,1,31.0,61.0,voiture,deux_roues,1,2,1,1,2
202000006996,2020-02-28 06:00:00,2020,2,28,6,0,988,98818,COOK (AVENUE JAMES),-22.26718,166.41262,Plein jour,En agglomération,Hors intersection,Normale,Deux véhicules - côté,4,2,2,0,1,1,1,0,1,50,2,2,1,0,0,1,27.0,45.0,voiture,deux_roues,1,2,1,1,3
202000006997,2020-02-26 07:10:00,2020,2,26,7,10,988,98818,RUE JEAN OHLEN/RUE AUGUSTE BENEBIG,-22.26771,166.45591,Plein jour,En agglomération,Intersection en T,Normale,Deux véhicules - côté,4,2,2,0,2,1,1,5,1,50,2,2,1,0,0,1,18.0,59.0,deux_roues,voiture,1,2,3,1,3
202000006998,2020-02-25 14:00:00,2020,2,25,14,0,988,98818,BAIE DES DAMES (ROUTE DE LA),-22.2499,166.4507,Plein jour,En agglomération,Hors intersection,Normale,Deux véhicules - arrière,4,1,1,0,2,3,1,3,1,50,2,2,1,0,0,1,50.0,43.0,utilitaire_camion,utilitaire_camion,1,2,1,1,2
202000006999,2020-02-24 16:30:00,2020,2,24,16,30,988,98818,ROUTE DE L'ANSE VATA,-22.29658,166.44516,Plein jour,En agglomération,Intersection en T,Normale,Autre collision,4,2,2,0,1,1,1,0,1,50,1,2,1,0,0,1,74.0,,voiture,,1,2,3,1,6
202000007000,2020-03-01 14:25:00,2020,3,1,14,25,974,97416,RN3 (3),-21.30545,55.4989,Plein jour,Hors agglomération,Hors intersection,Pluie forte,Sans collision,2,1,4,0,2,2,2,0,1,90,1,3,0,0,0,3,33.0,,autre,,1,1,1,3,7
202000007001,2020-02-29 01:05:00,2020,2,29,1,5,974,97416,HUBERT DE LISLE(BOULEVARD),-21.3435792,55.4685629,Nuit avec éclairage allumé,En agglomération,Hors intersection,Normale,Autre collision,4,3,1,0,1,1,1,0,1,50,1,1,0,0,0,1,43.0,,deux_roues,,5,2,1,1,6
202000007002,2020-02-28 22:49:00,2020,2,28,22,49,974,97416,BOEUF(CHEMIN),-21.2888,55.4665,Nuit avec éclairage allumé,En agglomération,Hors intersection,Normale,Sans collision,4,2,2,0,2,4,1,0,1,50,1,1,0,0,0,1,25.0,,voiture,,5,2,1,1,7
202000007003,2020-02-29 07:30:00,2020,2,29,7,30,974,97411,VINH-SAN (BLD 1 DU PRINCE),-20.8873856,55.4413301,Plein jour,Hors agglomération,Hors intersection,Normale,Deux véhicules - arrière,2,2,2,0,2,1,1,2,1,70,2,4,3,0,0,1,29.0,54.0,voiture,voiture,1,1,1,1,2
202000007004,2020-02-29 02:45:00,2020,2,29,2,45,974,97411,VICTOIRE (AVENUE DE LA),-20.87662,55.44782,Nuit avec éclairage allumé,En agglomération,Intersection en X,Normale,Deux véhicules - côté,4,2,2,0,2,1,1,9,1,50,2,2,1,0,0,1,35.0,29.0,deux_roues,voiture,5,2,2,1,3
202000007005,2020-02-26 15:46:00,2020,2,26,15,46,974,97411,LANCASTEL (BOULEVARD),-20.882177,55.463692,Plein jour,En agglomération,Hors intersection,Normale,,2,2,4,0,1,1,1,0,1,70,2,4,2,0,0,2,30.0,43.0,voiture,voiture,1,2,1,1,-1
202000007006,2020-02-26 07:45:00,2020,2,26,7,45,974,97411,Route Nationale 2,-20.89032,55.50109,Plein jour,Hors agglomération,Hors intersection,Pluie légère,Deux véhicules - côté,2,1,2,0,1,1,2,0,1,90,2,2,1,0,1,0,57.0,46.0,deux_roues,voiture,1,1,1,2,3
202000007007,2020-02-24 18:10:00,2020,2,24,18,10,974,97411,AUBER (RUE JULES),-20.8858847,55.4549584,Plein jour,En agglomération,Hors intersection,Normale,Deux véhicules - arrière,4,1,2,0,1,1,1,0,1,50,2,3,2,0,0,1,23.0,32.0,voiture,utilitaire_camion,1,2,1,1,2
202000007008,2020-02-27 06:43:00,2020,2,27,6,43,974,97408,Rue Jacques Prévert,-20.95732,55.32283,Plein jour,En agglomération,Hors intersection,Normale,Deux véhicules - côté,4,2,2,0,1,1,1,0,1,50,2,2,0,1,0,1,21.0,30.0,voiture,deux_roues,1,2,1,1,3
202000007009,2020-02-28 20:45:00,2020,2,28,20,45,973,97302,MADELEINE (ROUTE DE LA),4.9143042,-52.3208964,Nuit sans éclairage public,En agglomération,Hors intersection,Normale,Autre collision,3,2,2,0,1,1,1,0,1,50,1,3,2,0,1,0,55.0,,voiture,,3,2,1,1,6
202000007010,2020-02-25 11:46:00,2020,2,25,11,46,973,97302,ROUTE NATIONALE 1,4.9310556,-52.3263157,Plein jour,En agglomération,Hors intersection,Normale,Deux véhicules - côté,2,1,2,0,1,1,1,0,1,80,2,3,1,0,0,2,28.0,47.0,deux_roues,voiture,1,2,1,1,3
202000007011,2020-03-01 13:10:00,2020,3,1,13,10,69,69387,DOMER                               (R ),45.7483817,4.8549558,Plein jour,En agglomération,Intersection en Y,Normale,Deux véhicules - côté,4,1,2,1,1,1,1,0,1,50,2,2,1,0,0,1,29.0,29.0,voiture,deux_roues,1,2,4,1,3
202000007012,2020-02-29 16:05:00,2020,2,29,16,5,69,69383,ANDRE PHILIP                        (R ),45.7545531,4.8517443,Plein jour,En agglomération,Intersection en X,Pluie légère,Deux véhicules - côté,4,1,1,0,1,1,2,0,1,50,2,5,2,0,1,2,37.0,24.0,voiture,voiture,1,2,2,2,3
202000007013,2020-02-29 08:30:00,2020,2,29,8,30,69,69259,MARCEL HOUEL                        (AV),45.6968,4.8865,Plein jour,En agglomération,Intersection en X,Normale,Autre collision,4,2,2,0,1,1,1,0,1,50,1,2,1,0,0,1,21.0,,voiture,,1,2,2,1,6
202000007014,2020-02-27 15:45:00,2020,2,27,15,45,69,69383,ROCKEFELLER                         (AV),45.7424,4.8805,Plein jour,En agglomération,Intersection en X,Pluie légère,Autre collision,4,1,1,0,1,1,2,0,1,50,1,2,1,0,1,0,39.0,,voiture,,1,2,2,2,6
202000007015,2020-02-25 19:15:00,2020,2,25,19,15,69,69388,JEAN XXIII                          (BD),45.7422,4.8776,Nuit avec éclairage allumé,En agglomération,Intersection en X,Normale,Deux véhicules - côté,4,2,3,3,1,1,2,5,1,50,2,2,1,0,0,1,19.0,60.0,deux_roues,voiture,5,2,2,1,3
202000007016,2020-02-25 10:20:00,2020,2,25,10,20,69,69387,DEBOURG                             (AV),45.73124,4.83373,Plein jour,En agglomération,Intersection en X,Pluie légère,Autre collision,4,2,3,3,1,1,2,0,1,50,1,2,1,0,1,0,59.0,,utilitaire_camion,,1,2,2,2,6
202000007017,2020-02-29 23:10:00,2020,2,29,23,10,972,97209,BEAUSEJOUR JAMBETTE (ROUTE DE ),14.638825,-61.040915,Nuit avec éclairage allumé,En agglomération,Hors intersection,Pluie légère,Sans collision,3,2,2,0,2,3,2,0,1,50,1,1,0,0,0,1,27.0,,autre,,5,2,1,2,7
202000007018,2020-02-25 21:45:00,2020,2,25,21,45,972,97209,ISAMBERT (RUE),14.605015,-61.071029,Nuit avec éclairage allumé,En agglomération,Intersection en X,Normale,Deux véhicules - côté,4,1,1,0,1,1,1,0,1,30,2,3,1,0,0,2,21.0,32.0,autre,voiture,5,2,2,1,3
202000007019,2020-02-24 21:40:00,2020,2,24,21,40,972,97209,BISHOP (Avenue Maurice),14.603,-61.06149,Nuit avec éclairage allumé,En agglomération,Hors intersection,Normale,Deux véhicules - frontale,2,3,6,3,1,2,1,0,1,50,2,1,0,0,1,0,24.0,,deux_roues,,5,2,1,1,1
202000007020,2020-02-24 23:00:00,2020,2,24,23,0,972,97209,FOLIE (ROUTE DE LA),14.61062,-61.06346,Nuit avec éclairage non allumé,En agglomération,Hors intersection,Normale,Sans collision,2,1,2,0,2,1,1,0,1,30,1,1,0,0,1,0,,,,,4,2,1,1,7
202000007021,2020-02-23 22:50:00,2020,2,23,22,50,972,97209,RELIGIEUSES (ROUTE DES),14.61024,-61.06023,Nuit avec éclairage allumé,En agglomération,Hors intersection,Normale,Sans collision,3,2,2,0,2,1,1,0,1,50,1,2,1,0,1,0,31.0,,voiture,,5,2,1,1,7
202000007022,2020-02-25 20:45:00,2020,2,25,20,45,69,69382,BAYARD                              (CO),45.74459,4.81952,Nuit avec éclairage allumé,En agglomération,Intersection en X,Normale,Autre collision,4,2,2,0,1,1,1,0,1,50,1,2,1,0,0,1,28.0,,voiture,,5,2,2,1,6
202000007023,2020-02-28 18:50:00,2020,2,28,18,50,69,69382,DOCTEUR GAILLETON (DU)              (QU),45.7558,4.8358,Nuit sans éclairage public,En agglomération,Hors intersection,Normale,Sans collision,4,1,2,0,2,1,1,9,1,50,1,1,0,0,0,1,43.0,,deux_roues,,3,2,1,1,7
202000007024,2020-02-27 19:45:00,2020,2,27,19,45,69,69149,EMILE ZOLA                          (BD),45.71794,4.80856,Nuit avec éclairage allumé,En agglomération,Intersection en Y,Pluie légère,Deux véhicules - côté,4,2,2,0,1,1,2,5,1,30,2,2,1,0,0,1,34.0,25.0,voiture,deux_roues,5,2,4,2,3
202000007025,2020-02-28 07:00:00,2020,2,28,7,0,69,69389,JAYR                                (QU),45.77731,4.80767,Crépuscule ou aube,En agglomération,Hors intersection,Normale,Deux véhicules - côté,4,2,4,0,1,1,1,0,1,50,2,2,1,0,0,1,39.0,21.0,deux_roues,voiture,2,2,1,1,3
202000007026,2020-02-27 20:10:00,2020,2,27,20,10,69,69202,LIMBURG (DE)                        (AV),45.73363,4.77965,Nuit avec éclairage allumé,En agglomération,Hors intersection,Normale,Deux véhicules - frontale,4,2,2,0,1,1,2,0,1,50,2,3,1,0,0,2,17.0,77.0,deux_roues,voiture,5,2,1,1,1
202000007027,2020-02-27 18:45:00,2020,2,27,18,45,69,69034,PIERRE BRUNIER                      (R ),45.7877052,4.8302136,Nuit avec éclairage allumé,En agglomération,Hors intersection,Normale,Autre collision,4,-1,0,0,1,1,2,6,4,50,1,2,1,0,0,1,54.0,,voiture,,5,2,1,1,6
202000007028,2020-02-24 09:20:00,2020,2,24,9,20,69,69385,JOLIOT CURIE                        (R ),45.7562,4.7959,Plein jour,En agglomération,Hors intersection,Normale,Autre collision,4,2,2,0,1,1,1,6,1,50,1,3,2,0,0,1,86.0,,voiture,,1,2,1,1,6
202000007029,2020-02-28 12:10:00,2020,2,28,12,10,2B,2B033,SAMPIERO CORSO - AV,42.6641,9.44249,Plein jour,Hors agglomération,Hors intersection,Normale,Deux véhicules - côté,2,1,2,0,1,1,1,0,1,70,2,2,1,0,1,0,59.0,24.0,deux_roues,voiture,1,1,1,1,3
202000007030,2020-02-28 14:20:00,2020,2,28,14,20,971,97113,BAS DU FORT,16.21712,-61.5167,Plein jour,Hors agglomération,Hors intersection,Normale,Deux véhicules - frontale,4,2,2,0,4,1,1,5,1,50,2,2,0,0,0,2,25.0,25.0,voiture,voiture,1,1,1,1,1
202000007031,2020-02-24 14:20:00,2020,2,24,14,20,971,97113,BAS DU FORT,16.21818,-61.51619,Plein jour,Hors agglomération,Hors intersection,Temps éblouissant,Autre collision,6,-1,-1,0,1,1,1,9,8,20,1,2,1,0,0,1,32.0,,voiture,,1,1,1,7,6
202000007032,2020-02-28 06:30:00,2020,2,28,6,30,971,97107,BOUGAINVILLIERS ( ALLEE DES ),16.046278,-61.56652,Crépuscule ou aube,En agglomération,Autre intersection,Normale,Autre collision,4,1,1,0,1,1,1,0,1,50,1,1,0,0,1,0,,,,,2,2,9,1,6
202000007033,2020-02-14 15:20:00,2020,2,14,15,20,95,95427,EPINAY (RUE D'),48.96472,2.33656,Plein jour,En agglomération,Hors intersection,Normale,Deux véhicules - côté,3,2,1,0,1,1,1,0,1,50,2,2,1,0,0,1,26.0,38.0,deux_roues,voiture,1,2,1,1,3
202000007034,2020-02-25 18:46:00,2020,2,25,18,46,95,95210,LECLERC (AVENUE DE LA DIVISION),48.97805,2.306,Nuit avec éclairage allumé,En agglomération,Hors intersection,Pluie légère,Deux véhicules - côté,3,3,2,0,1,1,2,0,1,50,2,2,1,0,1,0,28.0,38.0,deux_roues,utilitaire_camion,5,2,1,2,3
202000007035,2020-02-26 17:20:00,2020,2,26,17,20,95,95427,SAINT LEU (ROUTE DE),48.9558,2.33294,Plein jour,En agglomération,Autre intersection,Pluie légère,,4,2,2,1,1,1,2,0,4,50,2,4,2,0,1,1,58.0,59.0,voiture,voiture,1,2,9,2,-1
202000007036,2020-02-25 19:07:00,2020,2,25,19,7,91,91216,SILLERY (RUE),48.676221,2.324892,Nuit avec éclairage allumé,En agglomération,Hors intersection,Normale,Autre collision,4,1,1,0,1,1,1,0,1,30,1,2,1,0,0,1,43.0,,voiture,,5,2,1,1,6
202000007037,2020-02-26 16:48:00,2020,2,26,16,48,91,91570,SAINT SAENS (RUE),48.634379,2.322192,Plein jour,En agglomération,Hors intersection,Pluie légère,Autre collision,4,-1,1,0,1,1,2,6,4,30,1,2,1,0,0,1,29.0,,utilitaire_camion,,1,2,1,2,6
202000007038,2020-02-29 12:45:00,2020,2,29,12,45,91,91064,PARIS (RUE DE),48.77306,2.22897,Plein jour,Hors agglomération,Autre intersection,Temps couvert,Autre collision,2,1,3,0,2,1,2,3,3,50,1,1,0,0,0,1,31.0,,voiture,,1,1,9,8,6
202000007039,2020-02-28 08:30:00,2020,2,28,8,30,91,91345,ROUX DR (RUE DU),48.689972,2.297233,Plein jour,En agglomération,Hors intersection,Normale,Autre collision,4,2,2,0,1,1,1,0,1,50,1,2,1,0,0,1,24.0,,utilitaire_camion,,1,2,1,1,6
202000007040,2020-02-27 23:35:00,2020,2,27,23,35,91,91433,R.N. 20,48.45193,2.174,Nuit avec éclairage allumé,Hors agglomération,Hors intersection,Normale,Sans collision,2,3,4,0,1,1,1,0,1,90,1,1,0,0,0,1,31.0,,voiture,,5,1,1,1,7
202000007041,2020-02-28 09:20:00,2020,2,28,9,20,91,91174,JEAN JAURES (BOULEVARD),48.60739,2.46503,Plein jour,En agglomération,Hors intersection,Temps couvert,Autre collision,2,3,5,0,2,1,1,0,1,50,1,2,1,0,1,0,50.0,,autre,,1,2,1,8,6
202000007042,2020-02-27 12:55:00,2020,2,27,12,55,91,91174,BOURGOIN(QUAI),48.61307,2.48347,Plein jour,En agglomération,Intersection en X,Pluie légère,Deux véhicules - côté,4,1,1,0,2,1,2,0,1,50,2,3,2,0,0,1,38.0,19.0,autre,autre,1,2,2,2,3
202000007043,2020-02-27 15:30:00,2020,2,27,15,30,91,91457,LEUDEVILLE OU DE BEAULIEU (CHEMIN DE),48.583057,2.266052,Plein jour,En agglomération,Hors intersection,Vent fort / tempête,Deux véhicules - arrière,4,2,2,0,1,1,2,0,1,50,2,2,1,0,0,1,37.0,49.0,voiture,voiture,1,2,1,6,2
202000007044,2020-02-27 14:00:00,2020,2,27,14,0,91,91339,RN 20,48.621715,2.259679,Plein jour,En agglomération,Hors intersection,Vent fort / tempête,Autre collision,2,3,4,0,1,1,1,0,1,70,1,1,0,0,0,1,29.0,,voiture,,1,2,1,6,6
202000007045,2020-02-27 08:10:00,2020,2,27,8,10,91,91103,VIEUX PAVE (CHEMIN DU),48.622573,2.314029,Plein jour,En agglomération,Autre intersection,Pluie forte,Deux véhicules - côté,4,-1,2,0,1,1,2,0,1,50,2,2,1,0,0,1,17.0,40.0,utilitaire_camion,deux_roues,1,2,9,3,3
202000007046,2020-02-24 12:10:00,2020,2,24,12,10,91,91103,DUCROS ERNEST (RUE),48.615036,2.304377,Plein jour,En agglomération,Intersection en T,Normale,Deux véhicules - arrière,4,1,1,0,1,1,1,0,1,50,2,2,1,0,0,1,73.0,74.0,voiture,voiture,1,2,3,1,2
202000007047,2020-02-24 11:40:00,2020,2,24,11,40,91,91021,VERDUN (AVENUE DE),48.58415,2.24435,Plein jour,En agglomération,Intersection en T,Normale,Deux véhicules - côté,3,3,4,0,2,1,1,0,1,30,2,4,0,0,0,4,34.0,20.0,voiture,voiture,1,2,3,1,3
202000007048,2020-02-24 22:40:00,2020,2,24,22,40,89,89024,R.N.6,47.8180021,3.5638013,Nuit sans éclairage public,Hors agglomération,Hors intersection,Normale,Autre collision,2,3,4,0,2,4,1,0,1,90,1,1,0,1,0,0,23.0,,deux_roues,,3,1,1,1,6
202000007049,2020-02-25 11:11:00,2020,2,25,11,11,87,87085,CHURCHILL WINSTON (PLACE),45.83161,1.2535,Plein jour,En agglomération,Intersection en X,Normale,Autre collision,4,1,4,0,1,1,2,5,1,50,1,2,1,0,0,1,59.0,,utilitaire_camion,,1,2,2,1,6
202000007050,2020-02-22 16:35:00,2020,2,22,16,35,87,87065,BOISSEUIL (RUE DE),45.78442,1.31152,Plein jour,Hors agglomération,Intersection en X,Normale,Deux véhicules - arrière,3,2,2,0,2,1,1,0,1,70,2,2,1,0,1,0,21.0,34.0,voiture,deux_roues,1,1,2,1,2
202000007051,2020-01-24 19:30:00,2020,1,24,19,30,86,86194,Avenue Jacques Coeur,46.5685126,0.3739268,Nuit sans éclairage public,En agglomération,Hors intersection,Normale,Autre collision,4,2,2,0,1,1,1,0,1,50,1,2,1,0,0,1,33.0,,voiture,,3,2,1,1,6
202000007052,2020-02-12 12:45:00,2020,2,12,12,45,84,84007,CROIX ROUGE( Avenue de la ),43.9268066,4.8362288,Plein jour,En agglomération,Hors intersection,Normale,Deux véhicules - frontale,4,2,2,0,1,1,1,0,1,50,2,1,0,0,0,1,32.0,,deux_roues,,1,2,1,1,1
202000007053,2020-03-01 21:35:00,2020,3,1,21,35,83,83137,Lieutenant d'ESTIENNE D'ORVES (AVE),43.12663,5.91251,Nuit avec éclairage allumé,En agglomération,Hors intersection,Normale,Sans collision,4,1,2,3,2,2,1,2,1,50,1,1,0,0,1,0,26.0,,deux_roues,,5,2,1,1,7
202000007054,2020-02-29 19:15:00,2020,2,29,19,15,83,83137,JOFFRE (BD MARECHAL),43.123835,5.952532,Nuit avec éclairage allumé,En agglomération,Hors intersection,Temps couvert,Autre collision,3,-1,2,0,1,1,1,0,1,50,1,1,0,0,0,1,,,,,5,2,1,8,6
202000007055,2020-03-01 16:00:00,2020,3,1,16,0,83,83069,Route de l’Almanarre,43.090778,6.129346,Plein jour,En agglomération,Hors intersection,Normale,Deux véhicules - côté,3,2,2,0,1,1,1,0,1,50,2,2,1,0,1,0,36.0,57.0,voiture,deux_roues,1,2,1,1,3
202000007056,2020-02-29 09:35:00,2020,2,29,9,35,83,83069,GODILLOT  ( AVENUE ALEXIS ),43.1113201,6.12401,Plein jour,En agglomération,Intersection en X,Normale,Deux véhicules - côté,4,2,2,0,1,1,1,0,1,50,2,2,1,0,0,1,36.0,72.0,deux_roues,voiture,1,2,2,1,3
202000007057,2020-02-27 14:15:00,2020,2,27,14,15,83,83069,FRONT DE MER (BOULEVARD),43.1074,6.178,Plein jour,Hors agglomération,Autre intersection,Pluie légère,Autre collision,3,2,2,0,1,1,2,2,1,70,1,1,0,0,0,1,63.0,,voiture,,1,1,9,2,6
202000007058,2020-02-27 16:53:00,2020,2,27,16,53,82,82121,TOULOUSE (AVENUE DE),44.003297,1.340915,Plein jour,En agglomération,Hors intersection,Pluie légère,Deux véhicules - côté,4,2,2,0,1,1,2,0,1,50,2,3,1,0,0,2,23.0,36.0,voiture,voiture,1,2,1,2,3
202000007059,2020-02-25 20:00:00,2020,2,25,20,0,80,80021,ITALIE (AVENUE D'),49.87153,2.28447,Nuit avec éclairage allumé,En agglomération,Intersection en T,Normale,Deux véhicules - côté,4,2,2,0,1,1,1,0,1,50,2,2,1,0,0,1,36.0,36.0,deux_roues,voiture,5,2,3,1,3
202000007060,2020-02-26 08:52:00,2020,2,26,8,52,80,80021,JULES BARNI (RUE),49.88925,2.3103,Plein jour,En agglomération,Hors intersection,Normale,Deux véhicules - côté,4,2,2,0,1,1,1,0,1,30,2,1,0,0,0,1,23.0,,deux_roues,,1,2,1,1,3
202000007061,2020-02-29 19:10:00,2020,2,29,19,10,78,78158,DUTARTRE (AVENUE),48.821804,2.116599,Nuit avec éclairage allumé,En agglomération,Hors intersection,Temps couvert,Autre collision,4,1,1,0,1,2,1,6,1,30,1,2,1,0,1,0,31.0,,voiture,,5,2,1,8,6
202000007062,2020-02-25 08:40:00,2020,2,25,8,40,78,78586,RD 1021,48.931656,2.169246,Crépuscule ou aube,Hors agglomération,Hors intersection,Pluie légère,Trois véhicules et plus - collisions multiples,3,2,2,0,1,1,2,1,1,70,3,3,0,0,1,2,69.0,40.0,voiture,voiture,2,1,1,2,5
202000007063,2020-02-25 18:55:00,2020,2,25,18,55,78,78299,MICHELET (BOULEVARD),49.00497,1.90105,Nuit avec éclairage allumé,En agglomération,Intersection en X,Pluie forte,Deux véhicules - arrière,3,2,2,0,1,1,2,0,1,50,2,2,1,0,0,1,18.0,41.0,deux_roues,utilitaire_camion,5,2,2,3,2
202000007064,2020-02-28 14:20:00,2020,2,28,14,20,78,78123,EUROPE (RN 190) AVENUE DE L',48.951349,2.023063,Plein jour,Hors agglomération,Hors intersection,Normale,Deux véhicules - côté,3,2,2,0,1,1,1,0,1,50,2,2,0,0,1,1,48.0,27.0,voiture,voiture,1,1,1,1,3
202000007065,2020-02-11 11:10:00,2020,2,11,11,10,77,77368,POIGNY (AVENUE DE) D1f,48.545963,3.2870932,Plein jour,En agglomération,Intersection en X,Normale,Autre collision,3,2,2,0,1,1,1,0,1,50,1,2,1,0,1,0,75.0,,voiture,,1,2,2,1,6
202000007066,2020-02-26 14:20:00,2020,2,26,14,20,77,77312,D 148,48.34394,2.77265,Plein jour,En agglomération,Hors intersection,Normale,Autre collision,3,2,2,0,2,1,1,0,3,50,1,1,0,1,0,0,34.0,,voiture,,1,2,1,1,6
202000007067,2020-02-20 21:05:00,2020,2,20,21,5,77,77053,D. 50,48.6912406,2.607202,Nuit sans éclairage public,En agglomération,Giratoire,Pluie légère,Trois véhicules et plus - collisions multiples,3,2,1,0,1,1,2,8,1,50,3,4,1,0,0,3,35.0,74.0,voiture,voiture,3,2,6,2,5
202000007068,2020-03-01 16:15:00,2020,3,1,16,15,77,77369,DAMPLEGER (RUE DE),48.97577,2.9209,Plein jour,Hors agglomération,Hors intersection,Temps couvert,Deux véhicules - frontale,4,2,2,0,1,1,2,0,1,80,2,3,0,0,0,3,46.0,48.0,voiture,voiture,1,1,1,8,1
202000007069,2020-02-28 14:45:00,2020,2,28,14,45,77,77243,RAYMOND POINCARE  (AVENUE),48.87643,2.721422,Plein jour,En agglomération,Intersection en T,Normale,Deux véhicules - côté,3,2,2,0,2,4,1,3,1,50,2,2,1,0,0,1,66.0,33.0,voiture,voiture,1,2,3,1,3