accident_id,datetime,annee,mois,jour,heure,minute,departement,commune_insee,adresse,latitude,longitude,luminosite,agglomeration,intersection,meteo,collision,catr,circ,nbv,vosp,prof,plan,surf,infra,situ,vma,nb_vehicules,nb_usagers,nb_indemnes,nb_tues,nb_blesses_hosp,nb_blesses_legers,age_cond_1,age_cond_2,veh_type_cond_1,veh_type_cond_2,lum_code,agg_code,int_code,atm_code,col_code
202000007070,2020-02-25 17:30:00,2020,2,25,17,30,77,77058,CLOS SAINT GEORGES  (AVENUE DU) - D5,48.84498,2.72766,Plein jour,En agglomération,Hors intersection,Autre,Autre collision,3,2,2,0,1,1,2,0,1,50,1,2,1,0,0,1,19.0,,voiture,,1,2,1,9,6
202000007071,2020-02-24 18:20:00,2020,2,24,18,20,76,76540,REPUBLIQUE. RUE DE LA,49.43803,1.09643,Crépuscule ou aube,En agglomération,Hors intersection,Normale,Deux véhicules - côté,4,1,2,3,1,1,1,0,1,30,2,2,1,0,0,1,45.0,23.0,voiture,deux_roues,2,2,1,1,3
202000007072,2020-02-25 14:00:00,2020,2,25,14,0,76,76351,RAOUL MAIL (AVENUE),49.51573,0.14705,Plein jour,En agglomération,Autre intersection,Normale,Deux véhicules - frontale,4,2,2,0,1,1,1,0,1,30,2,3,1,0,0,2,19.0,34.0,voiture,voiture,1,2,9,1,1
202000007073,2020-02-27 16:05:00,2020,2,27,16,5,73,73065,CHEVALIERS TIREURS (AVENUE DES),45.57591,5.90692,Plein jour,En agglomération,Intersection en X,Pluie légère,Deux véhicules - côté,3,3,4,0,1,1,2,5,1,50,2,2,1,0,0,1,22.0,33.0,deux_roues,utilitaire_camion,1,2,2,2,3
202000007074,2020-02-25 20:17:00,2020,2,25,20,17,72,72181,SAINT VINCENT (PL) N° 8 A 11,48.0177,0.1993,Nuit avec éclairage allumé,En agglomération,Intersection en Y,Pluie légère,Autre collision,4,2,2,0,3,3,2,0,1,50,1,2,1,0,0,1,20.0,,voiture,,5,2,4,2,6
202000007075,2020-02-26 17:20:00,2020,2,26,17,20,71,71270,Boulevard de la Liberté,46.3025098,4.8198784,Plein jour,En agglomération,Hors intersection,Normale,Autre collision,4,-1,2,0,1,1,1,0,8,50,1,2,1,0,1,0,38.0,,voiture,,1,2,1,1,6
202000007076,2020-02-28 07:05:00,2020,2,28,7,5,71,71153,Rue des Lamineurs,46.8034215,4.4395964,Crépuscule ou aube,En agglomération,Hors intersection,Temps couvert,Autre collision,4,2,2,0,1,1,2,9,1,50,1,2,1,0,0,1,32.0,,voiture,,2,2,1,8,6
202000007077,2020-02-24 17:20:00,2020,2,24,17,20,71,71153,Rue Albert Camus,46.8030922,4.4540092,Plein jour,En agglomération,Autre intersection,Normale,Deux véhicules - côté,4,2,2,0,1,1,1,0,1,50,2,2,1,0,0,1,62.0,72.0,voiture,voiture,1,2,9,1,3
202000007078,2020-03-01 08:00:00,2020,3,1,8,0,69,69266,EMILE ZOLA     (Cours),45.76619,4.89754,Plein jour,En agglomération,Hors intersection,Temps éblouissant,Autre collision,4,2,4,1,1,1,1,5,3,50,1,2,1,0,0,1,49.0,,voiture,,1,2,1,7,6
202000007079,2020-02-29 13:40:00,2020,2,29,13,40,69,69266,ANDRE PHILIP      (Cours),45.7726,4.8632,Plein jour,En agglomération,Passage à niveau,Temps couvert,Deux véhicules - côté,4,2,2,3,1,1,1,5,6,50,2,3,1,0,0,2,38.0,36.0,transport_commun,voiture,1,2,8,8,3
202000007080,2020-02-27 11:30:00,2020,2,27,11,30,69,69013,RN6 (CHARTONNIERE),46.0181,4.72058,Plein jour,Hors agglomération,Hors intersection,Normale,Deux véhicules - arrière,3,2,2,0,1,2,1,0,1,70,2,2,1,0,0,1,43.0,55.0,autre,voiture,1,1,1,1,2
202000007081,2020-02-17 11:40:00,2020,2,17,11,40,69,69264,LOUISE MICHEL (PL),45.9961,4.7298,Plein jour,En agglomération,Place,Pluie légère,Deux véhicules - côté,9,-1,2,0,1,1,2,0,1,50,2,2,1,0,0,1,29.0,20.0,utilitaire_camion,deux_roues,1,2,7,2,3
202000007082,2020-02-24 10:10:00,2020,2,24,10,10,69,69115,ANSE (route d'),45.97328,4.71708,Plein jour,Hors agglomération,Hors intersection,Normale,Trois véhicules et plus - en chaîne,3,-1,2,0,1,1,1,0,1,50,3,4,3,0,0,1,36.0,24.0,utilitaire_camion,voiture,1,1,1,1,4
202000007083,2020-02-27 16:15:00,2020,2,27,16,15,67,67482,NEUHOF (ROUTE),48.55485,7.76646,Plein jour,En agglomération,Intersection en T,Pluie légère,Deux véhicules - côté,4,2,3,0,1,1,2,0,1,50,2,3,1,0,0,2,47.0,20.0,voiture,voiture,1,2,3,2,3
202000007084,2020-02-26 12:40:00,2020,2,26,12,40,67,67482,SPESBOURG (RUE DU),48.5775746,7.7336131,Plein jour,Hors agglomération,Passage à niveau,Normale,Deux véhicules - côté,4,1,1,0,1,1,1,4,6,30,2,2,1,0,0,1,52.0,31.0,transport_commun,utilitaire_camion,1,1,8,1,3
202000007085,2020-02-26 12:30:00,2020,2,26,12,30,67,67447,EUROPE (AVENUE DE L ),48.6111423,7.712945,Plein jour,En agglomération,Hors intersection,Pluie légère,Deux véhicules - côté,4,3,3,1,1,1,2,0,1,50,2,2,0,0,0,2,35.0,32.0,voiture,voiture,1,2,1,2,3
202000007086,2020-02-24 20:30:00,2020,2,24,20,30,67,67218,STRASBOURG (AVENUE DE),48.5463711,7.7391922,Nuit avec éclairage allumé,En agglomération,Intersection en X,Normale,Autre collision,4,1,3,2,1,1,1,5,1,50,1,2,1,1,0,0,21.0,,voiture,,5,2,2,1,6
202000007087,2020-02-22 13:45:00,2020,2,22,13,45,67,67218,ANDRE MALRAUX (AVENUE),48.525563,7.721201,Plein jour,En agglomération,Hors intersection,Normale,Autre collision,4,3,2,0,1,1,1,0,1,50,1,3,2,0,0,1,19.0,,voiture,,1,2,1,1,6
202000007088,2020-02-25 23:25:00,2020,2,25,23,25,67,67462,RD 424,48.242932,7.469369,Nuit sans éclairage public,Hors agglomération,Hors intersection,Pluie légère,Deux véhicules - frontale,3,2,2,1,1,1,2,0,1,80,2,3,0,0,1,2,72.0,19.0,voiture,voiture,3,1,1,2,1
202000007089,2020-02-27 18:20:00,2020,2,27,18,20,66,66136,AERODROME AVENUE DE L'(CD117),42.72154,2.8855,Plein jour,En agglomération,Hors intersection,Normale,Autre collision,4,2,2,0,1,1,1,0,4,50,1,2,1,0,0,1,54.0,,voiture,,1,2,1,1,6
202000007090,2020-02-27 11:18:00,2020,2,27,11,18,66,66136,R D 900,42.678522,2.880753,Plein jour,Hors agglomération,Giratoire,Normale,Deux véhicules - côté,3,1,2,0,1,2,1,0,1,50,2,2,1,0,0,1,52.0,42.0,deux_roues,voiture,1,1,6,1,3
202000007091,2020-02-26 15:30:00,2020,2,26,15,30,66,66136,AGASSE PASCAL MARIE,42.69592,2.87691,Plein jour,En agglomération,Hors intersection,Normale,Deux véhicules - frontale,4,1,2,1,1,1,1,0,1,50,2,2,1,0,0,1,14.0,38.0,deux_roues,voiture,1,2,1,1,1
202000007092,2020-02-25 10:40:00,2020,2,25,10,40,66,66136,JULIEN PANCHOT (AVENUE),42.68707,2.87026,Plein jour,En agglomération,Hors intersection,Normale,Deux véhicules - côté,4,3,2,1,1,1,1,0,5,50,2,2,1,0,0,1,53.0,52.0,deux_roues,voiture,1,2,1,1,3
202000007093,2020-02-24 20:00:00,2020,2,24,20,0,66,66172,R D 900,42.70064,2.86526,Nuit avec éclairage allumé,Hors agglomération,Hors intersection,Normale,Deux véhicules - arrière,3,2,2,0,1,2,1,0,1,70,2,2,0,0,0,2,30.0,66.0,voiture,voiture,5,1,1,1,2
202000007094,2020-02-24 18:30:00,2020,2,24,18,30,66,66136,FOCH (MARECHAL),42.69604,2.89066,Plein jour,En agglomération,Hors intersection,Normale,Deux véhicules - arrière,4,2,2,0,1,1,1,0,1,50,2,2,1,0,0,1,64.0,24.0,voiture,voiture,1,2,1,1,2
202000007095,2020-02-24 19:48:00,2020,2,24,19,48,66,66136,GIONO (AVENUE JEAN),42.68814,2.91086,Nuit avec éclairage allumé,En agglomération,Intersection en T,Normale,,4,3,2,1,1,1,1,0,1,50,2,2,1,0,0,1,63.0,24.0,voiture,deux_roues,5,2,3,1,-1
202000007096,2020-02-28 19:00:00,2020,2,28,19,0,65,65440,SAINT-EXUPERY (AVENUE ANTOINE DE),43.244278,0.070416,Nuit avec éclairage allumé,En agglomération,Intersection en T,Normale,Deux véhicules - côté,4,2,2,0,1,1,1,0,1,50,2,2,1,0,1,0,52.0,16.0,voiture,deux_roues,5,2,3,1,3
202000007097,2020-02-28 14:20:00,2020,2,28,14,20,64,64335,D817,43.34475,-0.43072,Plein jour,Hors agglomération,Giratoire,Normale,Deux véhicules - côté,3,1,2,0,1,1,1,0,1,70,2,2,1,0,0,1,78.0,75.0,deux_roues,voiture,1,1,6,1,3
202000007098,2020-02-28 11:40:00,2020,2,28,11,40,64,64129,BAYONNE DE,43.3045,-0.4006,Plein jour,En agglomération,Hors intersection,Normale,Trois véhicules et plus - en chaîne,4,2,-1,0,1,1,1,0,1,50,3,3,2,0,0,1,47.0,61.0,voiture,voiture,1,2,1,1,4
202000007099,2020-02-26 17:15:00,2020,2,26,17,15,64,64445,LOUP DU,43.3065,-0.35661,Plein jour,En agglomération,Intersection en T,Pluie légère,Deux véhicules - côté,4,-1,1,0,1,1,2,0,1,50,2,2,1,0,0,1,43.0,29.0,voiture,deux_roues,1,2,3,2,3
202000007100,2020-02-25 15:40:00,2020,2,25,15,40,64,64445,JEAN BIRAY,43.2932916,-0.3754617,Plein jour,En agglomération,Hors intersection,Pluie légère,Autre collision,4,2,3,0,1,1,2,0,1,50,1,2,1,0,1,0,56.0,,utilitaire_camion,,1,2,1,2,6
202000007101,2020-02-25 13:00:00,2020,2,25,13,0,64,64445,QUATORZE JUILLET DU,43.28737,-0.3806,Plein jour,En agglomération,Hors intersection,Normale,Deux véhicules - arrière,4,2,3,0,1,1,1,0,1,50,2,2,1,0,0,1,38.0,56.0,transport_commun,voiture,1,2,1,1,2
202000007102,2020-02-28 14:05:00,2020,2,28,14,5,64,64102,LOUIS DE FOIX (AVENUE),43.50623,-1.46723,Plein jour,En agglomération,Hors intersection,Normale,Deux véhicules - arrière,4,2,2,0,1,1,1,0,1,50,2,3,2,0,0,1,35.0,44.0,voiture,voiture,1,2,1,1,2
202000007103,2020-02-27 17:45:00,2020,2,27,17,45,64,64024,DOUS BOS (RUE DE),43.48934,-1.50053,Plein jour,En agglomération,Intersection en T,Pluie légère,Deux véhicules - côté,4,2,2,0,2,1,2,0,1,50,2,3,1,0,1,1,73.0,27.0,voiture,voiture,1,2,3,2,3
202000007104,2020-02-27 12:35:00,2020,2,27,12,35,64,64102,BEYRIS (GIRATOIRE),43.47807,-1.49208,Plein jour,En agglomération,Hors intersection,Pluie légère,Deux véhicules - côté,4,1,2,1,1,3,2,5,5,50,2,2,1,0,0,1,32.0,37.0,deux_roues,voiture,1,2,1,2,3
202000007105,2020-02-22 19:55:00,2020,2,22,19,55,64,64024,PHENIX (RUE DU),43.49705,-1.50673,Nuit avec éclairage allumé,En agglomération,Intersection en T,Normale,Deux véhicules - côté,4,1,1,0,1,1,1,0,1,50,2,2,1,0,0,1,15.0,21.0,deux_roues,voiture,5,2,3,1,3
202000007106,2020-01-29 07:30:00,2020,1,29,7,30,62,62637,DARCHICOURT (AV FERNAND),50.4675718,2.9794906,Nuit avec éclairage non allumé,En agglomération,Hors intersection,Normale,Deux véhicules - frontale,3,2,2,0,1,1,2,0,1,50,2,4,1,0,0,3,20.0,21.0,voiture,voiture,4,2,1,1,1
202000007107,2020-02-24 13:45:00,2020,2,24,13,45,62,62400,LIBERATION ( DE LA ),50.4811,2.57519,Plein jour,En agglomération,Hors intersection,Temps couvert,Deux véhicules - frontale,3,2,2,0,1,1,1,0,1,50,2,2,1,0,0,1,22.0,,voiture,,1,2,1,8,1
202000007108,2020-02-28 00:35:00,2020,2,28,0,35,62,62004,TRIANGLE ( DU ),50.27563,2.7693,Nuit avec éclairage allumé,En agglomération,Hors intersection,Autre,Deux véhicules - côté,4,2,2,0,2,1,2,0,1,50,2,3,2,0,1,0,22.0,22.0,voiture,deux_roues,5,2,1,9,3
202000007109,2020-03-01 00:00:00,2020,3,1,0,0,60,60325,DE DIANVAL (RUE),49.40215,2.7771,Nuit avec éclairage allumé,Hors agglomération,Hors intersection,Normale,Deux véhicules - frontale,3,3,2,0,1,1,2,0,1,50,2,3,0,0,1,2,48.0,65.0,voiture,voiture,5,1,1,1,1
202000007110,2020-02-19 18:50:00,2020,2,19,18,50,59,59616,RENE BETH (RUE),50.4754478,3.5742527,Nuit avec éclairage allumé,En agglomération,Hors intersection,Pluie forte,Autre collision,3,2,1,0,1,1,2,6,1,30,1,3,2,0,1,0,27.0,,voiture,,5,2,1,3,6
202000007111,2020-02-28 13:55:00,2020,2,28,13,55,59,59350,LIBERTE BVD N°2 - 90-51 - 145,50.63368,3.05843,Plein jour,En agglomération,Intersection en T,Pluie légère,Autre collision,4,1,2,0,1,1,2,9,8,50,1,2,1,0,0,1,55.0,,utilitaire_camion,,1,2,3,2,6
202000007112,2020-02-27 19:30:00,2020,2,27,19,30,59,59350,HUGO VICTOR  BVD N°104 - 294,50.62046,3.05627,Nuit avec éclairage allumé,En agglomération,Intersection à plus de 4 branches,Normale,Deux véhicules - côté,4,2,2,0,1,1,2,0,1,50,2,2,1,0,1,0,38.0,29.0,voiture,deux_roues,5,2,5,1,3
202000007113,2020-02-28 02:55:00,2020,2,28,2,55,59,59183,REPUBLIQUE - F MITTERAND - BOULEVARD,51.0466183,2.410925,Nuit avec éclairage allumé,En agglomération,Hors intersection,Normale,Autre collision,3,2,2,0,1,1,1,0,4,50,1,3,1,0,2,0,21.0,,voiture,,5,2,1,1,6
202000007114,2020-02-16 14:20:00,2020,2,16,14,20,59,59183,VILLETTE - AVENUE,51.02679,2.35981,Plein jour,En agglomération,Intersection en X,Pluie légère,Deux véhicules - côté,3,2,1,0,1,1,2,5,1,50,2,4,3,0,1,0,32.0,32.0,voiture,voiture,1,2,2,2,3
202000007115,2020-02-28 01:05:00,2020,2,28,1,5,57,57751,THIONVILLE (ROUTE),49.16769,6.16297,Nuit avec éclairage allumé,Hors agglomération,Hors intersection,Normale,Sans collision,3,2,2,0,1,3,7,0,3,80,1,1,0,0,1,0,37.0,,voiture,,5,1,1,1,7
202000007116,2020-02-22 17:56:00,2020,2,22,17,56,57,57019,CHATEAU DE MERTEN (RUE),49.24938,6.12347,Plein jour,Hors agglomération,Hors intersection,Normale,Deux véhicules - frontale,5,-1,0,0,1,1,6,9,8,50,2,2,0,0,1,1,24.0,20.0,deux_roues,autre,1,1,1,1,1
202000007117,2020-02-23 20:10:00,2020,2,23,20,10,57,57019,ROMBAS (RUE DE),49.25456,6.14089,Nuit avec éclairage allumé,En agglomération,Hors intersection,Pluie légère,Autre collision,4,2,2,0,1,1,2,0,1,50,1,2,1,0,1,0,30.0,,voiture,,5,2,1,2,6
202000007118,2020-02-29 22:20:00,2020,2,29,22,20,56,56260,STRASBOURG(RUE DE),47.66603,-2.7532,Nuit avec éclairage allumé,En agglomération,Hors intersection,Pluie légère,Autre collision,3,2,2,0,1,1,2,0,1,50,1,3,2,0,1,0,27.0,,voiture,,5,2,1,2,6
202000007119,2020-02-29 10:15:00,2020,2,29,10,15,56,56083,RN 165,47.78811,-3.27876,Plein jour,Hors agglomération,Hors intersection,Normale,Autre collision,2,3,4,0,1,1,2,0,3,110,1,2,0,0,0,2,46.0,,voiture,,1,1,1,1,6
202000007120,2020-03-01 09:40:00,2020,3,1,9,40,54,54339,LION D'OR (RUE DU),48.709,6.1811,Plein jour,En agglomération,Intersection en Y,Normale,Deux véhicules - frontale,4,2,2,0,1,3,1,0,1,50,2,2,1,0,0,1,74.0,68.0,voiture,deux_roues,1,2,4,1,1
202000007121,2020-09-17 18:55:00,2020,9,17,18,55,92,92036,AUTOROUTE A86,48.93892,2.3079,Plein jour,Hors agglomération,Hors intersection,Normale,Deux véhicules - côté,1,3,7,0,1,1,1,0,1,90,2,3,1,0,0,2,42.0,21.0,voiture,deux_roues,1,1,1,1,3
202000007122,2020-09-17 10:10:00,2020,9,17,10,10,93,93008,AUTOROUTE A86,48.909,2.44826,Plein jour,Hors agglomération,Hors intersection,Normale,Trois véhicules et plus - en chaîne,1,3,8,0,1,1,1,1,1,90,3,3,2,0,0,1,31.0,46.0,voiture,voiture,1,1,1,1,4
202000007123,2020-09-17 09:00:00,2020,9,17,9,0,95,95351,RN 104,49.03847,2.4843,Plein jour,Hors agglomération,Hors intersection,Normale,Trois véhicules et plus - en chaîne,2,3,4,0,2,1,1,0,1,110,4,4,2,0,0,2,46.0,39.0,voiture,utilitaire_camion,1,1,1,1,4
202000007124,2020-09-16 19:30:00,2020,9,16,19,30,93,93066,AUTOROUTE A1,48.91121,2.35791,Plein jour,Hors agglomération,Hors intersection,Normale,Deux véhicules - côté,1,3,8,0,1,1,1,1,1,90,2,2,1,0,0,1,28.0,34.0,voiture,deux_roues,1,1,1,1,3
202000007125,2020-09-16 16:50:00,2020,9,16,16,50,95,95154, A1,49.03453,2.54071,Plein jour,Hors agglomération,Hors intersection,Normale,Autre collision,1,3,7,0,1,1,1,0,1,110,1,1,0,0,0,1,43.0,,deux_roues,,1,1,1,1,6
202000007126,2020-09-16 13:45:00,2020,9,16,13,45,93,93010,AUTOROUTE A3,48.88895,2.47378,Plein jour,Hors agglomération,Hors intersection,Normale,Deux véhicules - arrière,1,3,9,0,1,1,1,0,1,70,2,2,1,0,0,1,30.0,28.0,voiture,voiture,1,1,1,1,2
202000007127,2020-09-17 20:15:00,2020,9,17,20,15,77,77410,A5b,48.5876879,2.7053251,Nuit sans éclairage public,Hors agglomération,Hors intersection,Normale,Deux véhicules - arrière,1,-1,3,0,1,1,1,0,1,110,2,2,1,0,0,1,47.0,19.0,voiture,voiture,3,1,1,1,2
202000007128,2020-09-17 13:50:00,2020,9,17,13,50,94,94065,A86 EXT,48.7559,2.3379,Plein jour,Hors agglomération,Hors intersection,Normale,Trois véhicules et plus - collisions multiples,1,3,3,0,1,1,1,0,1,90,3,3,2,0,1,0,38.0,25.0,deux_roues,utilitaire_camion,1,1,1,1,5
202000007129,2020-09-17 13:30:00,2020,9,17,13,30,94,94033,A86.EXT,48.8605912,2.4849125,Plein jour,Hors agglomération,Hors intersection,Normale,Deux véhicules - arrière,1,3,2,0,1,1,1,0,1,90,2,3,1,0,1,1,57.0,39.0,deux_roues,voiture,1,1,1,1,2
202000007130,2020-09-12 10:00:00,2020,9,12,10,0,77,77249,RN104,48.74581,2.61371,Plein jour,Hors agglomération,Hors intersection,Normale,Deux véhicules - arrière,2,1,2,0,1,2,1,0,1,110,2,3,2,0,0,1,19.0,32.0,voiture,deux_roues,1,1,1,1,2
202000007131,2020-09-17 09:00:00,2020,9,17,9,0,94,94074,RN406.W,48.76871,2.45056,Plein jour,Hors agglomération,Hors intersection,Normale,Deux véhicules - arrière,2,3,6,0,1,1,1,0,1,90,2,2,1,0,0,1,40.0,61.0,deux_roues,voiture,1,1,1,1,2
202000007132,2020-09-17 08:00:00,2020,9,17,8,0,94,94018,A4,48.81909,2.40718,Plein jour,Hors agglomération,Hors intersection,Normale,Deux véhicules - arrière,1,3,5,0,1,1,1,0,1,90,2,2,1,0,0,1,64.0,48.0,voiture,deux_roues,1,1,1,1,2
202000007133,2020-09-16 15:00:00,2020,9,16,15,0,94,94017,A4,48.8283362,2.5023593,Plein jour,Hors agglomération,Hors intersection,Normale,Deux véhicules - côté,1,3,4,0,1,1,1,1,1,90,2,2,1,0,0,1,43.0,30.0,utilitaire_camion,voiture,1,1,1,1,3
202000007134,2020-02-27 15:00:00,2020,2,27,15,0,78,78165,BOIS (AVENUE DU),48.82334,1.99176,Plein jour,En agglomération,Hors intersection,Normale,Deux véhicules - côté,4,2,2,0,1,1,1,9,1,50,2,2,1,0,0,1,22.0,88.0,deux_roues,voiture,1,2,1,1,3
202000007135,2020-09-16 05:50:00,2020,9,16,5,50,976,97611,mamoudzou centre-Jardin du collège(rue d,-12.77833,45.22448,Crépuscule ou aube,En agglomération,Hors intersection,Normale,Deux véhicules - côté,4,2,0,0,2,4,1,0,1,50,2,2,1,0,0,1,61.0,51.0,deux_roues,voiture,2,2,1,1,3
202000007136,2020-09-16 13:55:00,2020,9,16,13,55,974,97411,Rue Lory les Hauts,-20.897181,55.480685,Plein jour,Hors agglomération,Hors intersection,Normale,Autre collision,4,2,2,0,2,1,1,9,1,50,1,3,2,0,0,1,26.0,,voiture,,1,1,1,1,6
202000007137,2020-09-16 16:00:00,2020,9,16,16,0,973,97302,ROUTE NATIONALE 1,4.9113433,-52.3264647,Plein jour,Hors agglomération,Hors intersection,Pluie forte,Deux véhicules - côté,2,1,1,0,1,1,2,0,1,50,2,2,1,0,0,1,31.0,73.0,voiture,voiture,1,1,1,3,3
202000007138,2020-09-16 20:30:00,2020,9,16,20,30,69,69386,CUVIER                              (R ),45.7670685,4.8476478,Crépuscule ou aube,En agglomération,Intersection en X,Normale,Deux véhicules - côté,4,1,1,1,1,1,1,0,5,50,2,2,1,0,0,1,44.0,41.0,deux_roues,voiture,2,2,2,1,3
202000007139,2020-09-15 09:00:00,2020,9,15,9,0,971,97101,PETIT PEROU,16.2572696,-61.5120398,Plein jour,Hors agglomération,Hors intersection,Normale,Deux véhicules - frontale,2,1,4,0,1,1,1,6,6,70,2,2,1,0,0,1,27.0,23.0,utilitaire_camion,deux_roues,1,1,1,1,1
202000007140,2020-09-14 11:35:00,2020,9,14,11,35,971,97101,DOTHEMARE,16.2737584,-61.5109706,Plein jour,En agglomération,Hors intersection,Normale,Sans collision,4,1,2,0,1,1,1,0,1,50,1,1,0,0,0,1,64.0,,voiture,,1,2,1,1,7
202000007141,2020-09-14 08:20:00,2020,9,14,8,20,95,95598,CEINTURE (AVENUE DE),48.9751327,2.2982669,Plein jour,En agglomération,Hors intersection,Normale,Deux véhicules - côté,4,2,2,0,1,1,1,0,1,50,2,3,2,0,1,0,16.0,50.0,voiture,deux_roues,1,2,1,1,3
202000007142,2020-09-15 09:10:00,2020,9,15,9,10,91,91312,VAUHALLAN (ROUTE),48.737576,2.225627,Plein jour,En agglomération,Autre intersection,Normale,Deux véhicules - côté,3,2,2,0,1,1,1,9,1,50,2,2,1,0,0,1,25.0,22.0,deux_roues,voiture,1,2,9,1,3
202000007143,2020-09-16 20:05:00,2020,9,16,20,5,91,91657,HENRI CHARON (AVENUE),48.704774,2.427153,Nuit avec éclairage allumé,En agglomération,Intersection en T,Normale,Trois véhicules et plus - collisions multiples,4,2,2,0,1,1,1,0,1,50,3,3,1,0,0,2,27.0,60.0,voiture,voiture,5,2,3,1,5
202000007144,2020-09-15 22:05:00,2020,9,15,22,5,83,83062,PREMIER (BAT.INF.DU PACIF.),43.1374,6.0257,Nuit avec éclairage allumé,En agglomération,Intersection en Y,Normale,Deux véhicules - côté,3,1,4,0,1,1,1,5,1,50,2,7,5,0,0,2,28.0,20.0,voiture,voiture,5,2,4,1,3
202000007145,2020-09-16 07:15:00,2020,9,16,7,15,78,78551,RN 184,48.96449,2.0912,Crépuscule ou aube,Hors agglomération,Hors intersection,Normale,Sans collision,2,2,2,0,1,1,1,0,1,80,1,1,0,0,0,1,57.0,,deux_roues,,2,1,1,1,7
202000007146,2020-09-16 08:00:00,2020,9,16,8,0,77,77479,MARNE (BOULEVARD DE LA),48.865916,2.642569,Plein jour,En agglomération,Giratoire,Normale,Deux véhicules - côté,4,2,1,0,1,3,1,0,1,50,2,2,1,0,0,1,50.0,36.0,voiture,deux_roues,1,2,6,1,3
202000007147,2020-09-15 18:01:00,2020,9,15,18,1,76,76498,SUD III (RN 338),49.4308,1.05777,Plein jour,Hors agglomération,Hors intersection,Normale,Deux véhicules - côté,2,3,4,0,1,1,1,0,1,90,2,4,3,0,0,1,24.0,37.0,deux_roues,voiture,1,1,1,1,3
202000007148,2020-09-15 07:29:00,2020,9,15,7,29,76,76366,RN 27 (RUE DU GENERAL DE GAULLE),49.50023,1.04593,Crépuscule ou aube,En agglomération,Hors intersection,Normale,Deux véhicules - côté,3,2,2,0,1,1,1,0,1,50,2,2,1,0,1,0,26.0,20.0,utilitaire_camion,deux_roues,2,2,1,1,3
202000007149,2020-09-15 17:55:00,2020,9,15,17,55,76,76351,DEMIDOFF (RUE),49.4976,0.1361,Plein jour,En agglomération,Intersection en X,Normale,Deux véhicules - côté,4,2,2,1,1,1,1,0,1,50,2,2,1,0,0,1,42.0,30.0,deux_roues,voiture,1,2,2,1,3
202000007150,2020-09-15 23:00:00,2020,9,15,23,0,76,76447,JEAN JAURES,49.54729,0.2075,Nuit avec éclairage allumé,Hors agglomération,Hors intersection,Normale,Autre collision,3,2,2,0,2,2,1,0,3,50,1,1,0,0,0,1,28.0,,utilitaire_camion,,5,1,1,1,6
202000007151,2020-09-16 17:08:00,2020,9,16,17,8,74,74012,ETREMBIERES (ROUTE D'),46.18796,6.23244,Plein jour,En agglomération,Hors intersection,Normale,Deux véhicules - arrière,3,2,3,0,2,1,1,0,1,50,2,2,1,0,0,1,41.0,40.0,voiture,deux_roues,1,2,1,1,2
202000007152,2020-09-16 19:10:00,2020,9,16,19,10,71,71475,LYON (ROUTE DE ),46.7649847,4.8424172,Plein jour,En agglomération,Giratoire,Normale,Deux véhicules - côté,3,2,2,0,1,1,1,0,1,50,2,1,0,0,1,0,33.0,,deux_roues,,1,2,6,1,3
202000007153,2020-09-16 16:30:00,2020,9,16,16,30,69,69264,NATIONALE  R,45.9885446,4.7184873,Plein jour,En agglomération,Intersection en T,Normale,Deux véhicules - côté,3,-1,1,0,1,1,1,0,4,30,2,2,1,0,0,1,7.0,55.0,deux_roues,utilitaire_camion,1,2,3,1,3
202000007154,2020-09-15 16:10:00,2020,9,15,16,10,67,67447,SELESTAT (RUE DE),48.61022,7.73966,Plein jour,En agglomération,Intersection en T,Normale,Deux véhicules - côté,4,2,3,0,1,1,1,0,1,50,2,2,1,0,0,1,54.0,26.0,deux_roues,voiture,1,2,3,1,3
202000007155,2020-09-15 17:11:00,2020,9,15,17,11,66,66136,PENETRANTE NORD,42.72559,2.87794,Plein jour,Hors agglomération,Autre intersection,Normale,Autre collision,3,3,6,0,1,1,1,0,1,70,1,2,0,0,0,2,22.0,,deux_roues,,1,1,9,1,6
202000007156,2020-09-16 11:55:00,2020,9,16,11,55,66,66136,Départementale 914,42.66552,2.91878,Plein jour,Hors agglomération,Hors intersection,Normale,Deux véhicules - arrière,4,1,2,0,1,3,1,0,1,50,2,2,1,0,0,1,29.0,37.0,voiture,deux_roues,1,1,1,1,2
202000007157,2020-09-14 09:50:00,2020,9,14,9,50,64,64122,LARREPUNTE (RUE),43.471792,-1.557256,Plein jour,En agglomération,Hors intersection,Normale,Autre collision,4,2,2,0,1,1,1,0,1,50,1,2,0,0,0,2,60.0,,deux_roues,,1,2,1,1,6
202000007158,2020-09-15 16:30:00,2020,9,15,16,30,64,64024,MAIGNON (ROUTE DE),43.4806759,-1.5089947,Plein jour,En agglomération,Intersection en T,Normale,Deux véhicules - côté,3,3,2,0,1,1,1,0,1,30,2,2,1,0,0,1,36.0,15.0,voiture,deux_roues,1,2,3,1,3
202000007159,2020-09-14 15:55:00,2020,9,14,15,55,64,64102,ALBERT THOMAS (RUE),43.49542,-1.4605,Plein jour,En agglomération,Hors intersection,Normale,Deux véhicules - côté,4,1,1,0,1,1,1,0,1,50,2,2,1,0,0,1,51.0,,utilitaire_camion,,1,2,1,1,3
202000007160,2020-09-16 18:35:00,2020,9,16,18,35,62,62774,CD 940,50.9496564,1.7662641,Plein jour,En agglomération,Intersection en T,Temps éblouissant,Deux véhicules - côté,3,2,2,0,1,1,1,0,1,50,2,6,0,0,3,3,38.0,24.0,autre,voiture,1,2,3,7,3