accident_id,datetime,annee,mois,jour,heure,minute,departement,commune_insee,adresse,latitude,longitude,luminosite,agglomeration,intersection,meteo,collision,catr,circ,nbv,vosp,prof,plan,surf,infra,situ,vma,nb_vehicules,nb_usagers,nb_indemnes,nb_tues,nb_blesses_hosp,nb_blesses_legers,age_cond_1,age_cond_2,veh_type_cond_1,veh_type_cond_2,lum_code,agg_code,int_code,atm_code,col_code
202000007161,2020-09-11 11:55:00,2020,9,11,11,55,59,59122,LIBERTE (BOULEVARD DE LA),50.171819,3.227732,Plein jour,En agglomération,Autre intersection,Normale,Autre collision,3,1,1,0,1,3,1,9,8,50,1,1,0,0,1,0,,,,,1,2,9,1,6
202000007162,2020-09-08 11:00:00,2020,9,8,11,0,57,57240,ROSSELLE (RUE DE LA),49.1431,6.81413,Plein jour,En agglomération,Intersection en T,Normale,Deux véhicules - côté,3,2,3,0,1,1,1,0,1,50,2,3,2,0,0,1,36.0,72.0,voiture,voiture,1,2,3,1,3
202000007163,2020-09-16 14:45:00,2020,9,16,14,45,51,51454,Boulevard Pommery,49.2473889,4.0512357,Plein jour,En agglomération,Hors intersection,Normale,Deux véhicules - arrière,2,2,2,0,1,1,1,0,1,50,2,2,1,0,0,1,18.0,50.0,deux_roues,utilitaire_camion,1,2,1,1,2
202000007164,2020-09-15 21:20:00,2020,9,15,21,20,51,51454,Avenue Jean Jaurès,49.2616445,4.0510181,Nuit avec éclairage allumé,En agglomération,Intersection en X,Normale,Deux véhicules - côté,4,2,3,3,1,1,1,0,1,50,2,2,1,0,1,0,24.0,43.0,voiture,deux_roues,5,2,2,1,3
202000007165,2020-09-16 15:20:00,2020,9,16,15,20,45,45285,Rue Gambetta-rue Paul Doumer,47.9076357,1.8795415,Plein jour,En agglomération,Intersection en X,Normale,,4,2,2,0,1,1,1,0,1,50,2,2,1,0,0,1,25.0,94.0,voiture,deux_roues,1,2,2,1,-1
202000007166,2020-09-16 16:20:00,2020,9,16,16,20,42,42044,Rue de l'Ondaine,45.39679,4.29646,Plein jour,En agglomération,Intersection en X,Normale,Deux véhicules - côté,4,2,1,0,1,1,2,0,1,50,2,3,2,0,0,1,55.0,35.0,voiture,voiture,1,2,2,1,3
202000007167,2020-09-16 14:40:00,2020,9,16,14,40,38,38185,Rue du 19 Mars 1962,45.18934,5.74215,Plein jour,En agglomération,Intersection en X,Normale,Deux véhicules - arrière,3,2,2,0,1,1,1,0,5,50,2,2,1,0,0,1,42.0,15.0,voiture,deux_roues,1,2,2,1,2
202000007168,2020-09-16 14:10:00,2020,9,16,14,10,38,38185,Cours de la Libération,45.17444,5.71432,Plein jour,En agglomération,Intersection en X,Normale,Deux véhicules - frontale,3,2,2,0,1,1,1,0,1,50,2,3,1,0,0,2,24.0,14.0,voiture,deux_roues,1,2,2,1,1
202000007169,2020-09-14 16:30:00,2020,9,14,16,30,37,37261,ALOUETTE (AVENUE),47.3638523,0.6995,Plein jour,En agglomération,Giratoire,Normale,Deux véhicules - arrière,3,2,4,1,2,1,1,5,1,50,2,2,1,0,0,1,35.0,42.0,voiture,voiture,1,2,6,1,2
202000007170,2020-09-16 20:00:00,2020,9,16,20,0,35,35238,Boulevard d’Armorique,48.1296432,-1.6792866,Crépuscule ou aube,En agglomération,Autre intersection,Normale,Deux véhicules - côté,4,4,2,1,1,1,1,0,5,50,2,2,1,0,0,1,18.0,41.0,deux_roues,voiture,2,2,9,1,3
202000007171,2020-09-16 17:20:00,2020,9,16,17,20,35,35281,PILATE (RUE DE LA),48.0937602,-1.693303,Plein jour,En agglomération,Hors intersection,Normale,Autre collision,4,2,2,0,1,1,1,0,1,30,1,2,1,0,0,1,47.0,,voiture,,1,2,1,1,6
202000007172,2020-09-16 14:40:00,2020,9,16,14,40,35,35238,LIBERTE (BD DE LA),48.1069,-1.68115,Plein jour,En agglomération,Hors intersection,Normale,Autre collision,4,1,1,1,1,1,1,0,5,50,1,2,1,0,0,1,21.0,,deux_roues,,1,2,1,1,6
202000007173,2020-09-27 15:10:00,2020,9,27,15,10,33,33063,BD JOLIOT-CURIE,44.83753,-0.5487,Plein jour,En agglomération,Intersection en T,Normale,Deux véhicules - côté,4,2,4,0,1,1,1,0,1,50,2,6,0,0,0,6,39.0,18.0,voiture,voiture,1,2,3,1,3
202000007174,2020-09-16 11:00:00,2020,9,16,11,0,33,33063,RUE DES VIVANTS / RUE ANDRE LAMANDE / RUE DE LAUZAC,44.8528,-0.5422,Plein jour,En agglomération,Intersection en X,Normale,Deux véhicules - côté,4,2,2,0,1,1,1,0,1,30,2,2,1,0,0,1,33.0,28.0,voiture,voiture,1,2,2,1,3
202000007175,2020-09-16 03:30:00,2020,9,16,3,30,33,33069,AVE D'EYSINES / RUE RENAULT,44.85816,-0.6052,Nuit avec éclairage allumé,En agglomération,Intersection en X,Normale,Deux véhicules - côté,4,2,2,0,1,1,1,0,1,50,2,2,1,0,0,1,20.0,30.0,voiture,voiture,5,2,2,1,3
202000007176,2020-09-16 18:50:00,2020,9,16,18,50,33,33009,PLAGE (BD DE LA) DU 02 AU 194,44.66266,-1.16421,Crépuscule ou aube,En agglomération,Giratoire,Normale,Deux véhicules - côté,3,2,-1,0,1,1,1,0,1,50,2,2,1,0,0,1,44.0,70.0,deux_roues,voiture,2,2,6,1,3
202000007177,2020-09-16 06:40:00,2020,9,16,6,40,31,31149,RD POINT GASCOGNE,43.60858,1.32679,Nuit avec éclairage allumé,En agglomération,Giratoire,Normale,Deux véhicules - côté,4,1,2,0,1,1,1,0,1,50,2,2,1,0,0,1,47.0,38.0,deux_roues,voiture,5,2,6,1,3
202000007178,2020-09-15 17:40:00,2020,9,15,17,40,31,31555,BD DES MINIMES,43.61539,1.44419,Plein jour,En agglomération,Hors intersection,Temps éblouissant,Deux véhicules - côté,4,1,2,0,1,1,1,0,1,50,2,3,2,0,0,1,32.0,36.0,voiture,voiture,1,2,1,7,3
202000007179,2020-09-15 18:00:00,2020,9,15,18,0,31,31069,GINESTET (RUE),43.62626,1.39159,Plein jour,En agglomération,Intersection en Y,Normale,Deux véhicules - côté,4,2,2,0,1,4,1,0,1,50,2,2,1,0,0,1,74.0,42.0,voiture,deux_roues,1,2,4,1,3
202000007180,2020-08-26 16:25:00,2020,8,26,16,25,30,30189,Route Départementale 135,43.7856,4.3584,Plein jour,Hors agglomération,Hors intersection,Normale,Deux véhicules - frontale,3,2,2,0,1,1,1,0,1,80,2,2,0,1,0,1,21.0,29.0,utilitaire_camion,deux_roues,1,1,1,1,1
202000007181,2020-09-16 10:02:00,2020,9,16,10,2,28,28220,GUTEMBERG (RUE),48.42753,1.46275,Plein jour,En agglomération,Hors intersection,Normale,Autre collision,3,2,2,0,1,1,1,0,1,50,1,2,1,0,1,0,85.0,,voiture,,1,2,1,1,6
202000007182,2020-09-16 07:45:00,2020,9,16,7,45,27,27701,LACS (ROUTE DES) BLANCHE A GALION,49.27537,1.20958,Plein jour,En agglomération,Intersection en T,Normale,Deux véhicules - frontale,4,2,2,0,1,1,1,0,1,50,2,2,1,0,1,0,14.0,26.0,deux_roues,voiture,1,2,3,1,1
202000007183,2020-09-16 20:45:00,2020,9,16,20,45,27,27229,SAINT LEGER (RUE DU FAUBOURG),49.03456,1.15608,Nuit avec éclairage allumé,En agglomération,Giratoire,Normale,Deux véhicules - frontale,3,-1,2,0,1,4,1,9,1,50,2,3,2,0,0,1,24.0,40.0,deux_roues,voiture,5,2,6,1,1
202000007184,2020-09-13 19:30:00,2020,9,13,19,30,25,25056,BATTANT,47.243127,6.021495,Plein jour,En agglomération,Hors intersection,Normale,Deux véhicules - arrière,4,1,1,0,2,1,1,0,1,20,2,2,1,0,0,1,47.0,29.0,voiture,deux_roues,1,2,1,1,2
202000007185,2020-09-15 07:11:00,2020,9,15,7,11,21,21054,BOISSEAUX (AVENUE ANDRE),47.00891,4.82032,Plein jour,Hors agglomération,Hors intersection,Normale,Deux véhicules - frontale,3,2,2,0,1,1,1,0,1,90,2,2,1,0,1,0,72.0,55.0,utilitaire_camion,deux_roues,1,1,1,1,1
202000007186,2020-09-16 10:20:00,2020,9,16,10,20,17,17380,PALMYRE (AVENUE DE LA),45.65716,-1.12071,Plein jour,Hors agglomération,Intersection en X,Normale,Deux véhicules - côté,3,-1,2,0,1,1,1,0,1,70,2,2,1,0,0,1,69.0,63.0,voiture,deux_roues,1,1,2,1,3
202000007187,2020-09-16 09:55:00,2020,9,16,9,55,17,17300,SAUTEL  BOULEVARD ANDRE,46.1691779,-1.1290641,Plein jour,En agglomération,Intersection en T,Normale,Autre collision,4,3,6,0,2,1,1,0,1,50,1,2,1,0,0,1,30.0,,voiture,,1,2,3,1,6
202000007188,2020-09-13 17:25:00,2020,9,13,17,25,15,15014,N122 VERDUN (BOULEVARD DE),44.91282,2.44172,Plein jour,En agglomération,Intersection en X,Normale,Deux véhicules - côté,2,2,5,0,1,1,1,0,1,50,2,4,1,0,0,3,42.0,78.0,voiture,voiture,1,2,2,1,3
202000007189,2020-09-16 21:54:00,2020,9,16,21,54,13,13204,LIBERATION (BOULEVARD),43.30115,5.39166,Nuit avec éclairage allumé,En agglomération,Hors intersection,Normale,Deux véhicules - frontale,4,2,2,0,1,1,1,0,1,50,2,1,0,0,1,0,26.0,,deux_roues,,5,2,1,1,1
202000007190,2020-09-16 20:30:00,2020,9,16,20,30,13,13211,DOCTEUR HECKEL (RUE DU),43.28937,5.44163,Nuit avec éclairage allumé,En agglomération,Hors intersection,Normale,Deux véhicules - côté,4,2,2,0,1,1,1,0,1,50,2,2,1,0,0,1,29.0,24.0,deux_roues,voiture,5,2,1,1,3
202000007191,2020-09-16 17:30:00,2020,9,16,17,30,13,13210,ANDRÉ AUDOLI  (RUE),43.2705931,5.4322087,Plein jour,En agglomération,Hors intersection,Normale,Deux véhicules - côté,4,2,2,0,2,3,1,0,1,30,2,1,0,0,0,1,24.0,,deux_roues,,1,2,1,1,3
202000007192,2020-09-16 13:30:00,2020,9,16,13,30,13,13211,RTE D' ALLAUCH,43.3033384,5.5008167,Plein jour,En agglomération,Hors intersection,Normale,Deux véhicules - frontale,3,2,2,0,2,3,1,0,1,50,2,2,1,0,0,1,22.0,73.0,deux_roues,voiture,1,2,1,1,1
202000007193,2020-09-16 07:40:00,2020,9,16,7,40,13,13205,CHAVE (BOULEVARD),43.29544,5.3966,Plein jour,En agglomération,Hors intersection,Normale,Autre collision,9,1,2,1,1,1,1,0,5,50,1,2,1,0,0,1,49.0,,voiture,,1,2,1,1,6
202000007194,2020-09-16 01:00:00,2020,9,16,1,0,13,13209,TROLLAT (IMPASSE),43.2726,5.41467,Nuit avec éclairage allumé,En agglomération,Hors intersection,Normale,Sans collision,4,2,2,0,2,1,1,0,1,50,1,1,0,0,0,1,25.0,,deux_roues,,5,2,1,1,7
202000007195,2020-09-16 00:00:00,2020,9,16,0,0,13,13201,NATIONAL   1 A 51 (BOULEVARD),43.3034,5.386,Nuit avec éclairage allumé,En agglomération,Intersection en X,Normale,Deux véhicules - frontale,4,2,5,1,1,1,1,1,1,50,2,3,1,0,0,2,33.0,18.0,voiture,deux_roues,5,2,2,1,1
202000007196,2020-09-15 18:00:00,2020,9,15,18,0,13,13205,BAILLE (BOULEVARD),43.2886238,5.3938883,Plein jour,En agglomération,Hors intersection,Normale,Trois véhicules et plus - en chaîne,7,2,3,1,1,1,1,0,1,50,3,3,2,0,1,0,16.0,24.0,deux_roues,voiture,1,2,1,1,4
202000007197,2020-09-13 00:30:00,2020,9,13,0,30,11,11069,RD 118,43.199309,2.327244,Nuit avec éclairage allumé,En agglomération,Intersection en Y,Normale,Deux véhicules - côté,3,2,2,0,1,1,1,0,1,50,2,5,1,0,0,4,38.0,56.0,voiture,voiture,5,2,4,1,3
202000007198,2020-09-16 13:00:00,2020,9,16,13,0,06,06029,ANTIBES (RUE D'),43.55241,7.0235077,Plein jour,En agglomération,Hors intersection,Normale,Autre collision,4,1,1,0,1,1,1,0,1,50,1,1,0,0,1,0,18.0,,deux_roues,,1,2,1,1,6
202000007199,2020-09-16 18:33:00,2020,9,16,18,33,06,06027,TAMARIS CHEMIN DES,43.663084,7.145721,Plein jour,En agglomération,Hors intersection,Normale,Deux véhicules - côté,4,2,2,0,2,4,1,0,1,50,2,4,3,0,0,1,22.0,49.0,voiture,voiture,1,2,1,1,3
202000007200,2020-09-15 09:35:00,2020,9,15,9,35,06,06027,ALPES AVENUE DES,43.6629,7.1317,Plein jour,En agglomération,Giratoire,Normale,Autre collision,7,3,4,2,1,3,1,0,1,50,1,2,1,0,0,1,89.0,,voiture,,1,2,6,1,6
202000007201,2020-09-16 08:20:00,2020,9,16,8,20,03,03321,,46.5384819,3.3662897,Plein jour,En agglomération,Hors intersection,Normale,Deux véhicules - arrière,3,2,2,0,1,1,1,0,1,50,2,2,1,0,1,0,74.0,14.0,voiture,deux_roues,1,2,1,1,2
202000007202,2020-09-16 10:00:00,2020,9,16,10,0,75,75120,PORTE DE BAGNOLET,48.861712,2.413697,Plein jour,En agglomération,Hors intersection,Normale,Trois véhicules et plus - en chaîne,4,1,4,0,1,1,1,0,1,70,3,3,2,0,0,1,26.0,60.0,deux_roues,voiture,1,2,1,1,4
202000007203,2020-09-16 01:00:00,2020,9,16,1,0,75,75117,BOULEVARD PERIPHERIQUE,48.879379,2.281345,Nuit avec éclairage allumé,En agglomération,Hors intersection,Normale,Deux véhicules - côté,4,1,4,0,1,1,1,0,1,70,2,2,1,0,1,0,21.0,51.0,utilitaire_camion,deux_roues,5,2,1,1,3
202000007204,2020-09-15 09:45:00,2020,9,15,9,45,75,75106,RUE DU VIEUX COLOMBIER,48.851382,2.33192,Plein jour,En agglomération,Intersection en T,Normale,Deux véhicules - côté,4,2,4,0,1,1,1,0,1,30,2,2,1,0,0,1,36.0,15.0,deux_roues,deux_roues,1,2,3,1,3
202000007205,2020-09-16 14:15:00,2020,9,16,14,15,75,75120,RUE DE BAGNOLET,48.863749,2.407696,Plein jour,En agglomération,Intersection en T,Normale,Autre collision,4,2,2,0,1,1,1,0,1,50,1,1,0,0,0,1,,,,,1,2,3,1,6
202000007206,2020-09-16 02:15:00,2020,9,16,2,15,75,75120,RUE REYNALDO HAHN,48.851281,2.411918,Nuit avec éclairage allumé,En agglomération,Intersection en X,Normale,Autre collision,4,1,1,0,1,1,1,0,4,50,1,1,0,0,0,1,,,,,5,2,2,1,6
202000007207,2020-09-16 13:30:00,2020,9,16,13,30,75,75119,AVENUE DE LA PORTE DES LILAS,48.877482,2.407576,Plein jour,En agglomération,Hors intersection,Normale,Deux véhicules - côté,4,1,3,1,1,1,1,-1,5,50,2,2,1,0,0,1,31.0,59.0,deux_roues,voiture,1,2,1,1,3
202000007208,2020-09-16 10:35:00,2020,9,16,10,35,75,75119,AVENUE JEAN JAURES,48.888476,2.391932,Plein jour,En agglomération,Intersection en T,Normale,Autre collision,4,2,4,0,1,1,1,0,1,50,1,2,1,0,0,1,47.0,,deux_roues,,1,2,3,1,6
202000007209,2020-09-16 08:20:00,2020,9,16,8,20,75,75118,RUE CHAMPIONNET,48.893499,2.329425,Plein jour,En agglomération,Intersection en T,Normale,Deux véhicules - côté,4,2,2,0,1,1,1,0,1,50,2,2,1,0,0,1,20.0,34.0,deux_roues,utilitaire_camion,1,2,3,1,3
202000007210,2020-09-16 20:10:00,2020,9,16,20,10,75,75117,AVENUE DES TERNES,48.880442,2.286372,Nuit avec éclairage allumé,En agglomération,Intersection en Y,Normale,Deux véhicules - arrière,4,2,2,0,1,1,1,0,1,50,2,2,1,0,0,1,50.0,22.0,utilitaire_camion,deux_roues,5,2,4,1,2
202000007211,2020-09-16 19:05:00,2020,9,16,19,5,75,75117,AVENUE DE LA GRANDE ARMEE,48.875224,2.290913,Plein jour,En agglomération,Intersection en Y,Normale,,4,2,8,1,2,1,1,-1,5,30,2,2,1,0,0,1,56.0,27.0,voiture,deux_roues,1,2,4,1,-1
202000007212,2020-09-16 12:00:00,2020,9,16,12,0,75,75117,AVENUE DE WAGRAM,48.88156,2.300709,Plein jour,En agglomération,Intersection en X,Normale,Deux véhicules - côté,4,2,2,0,1,1,1,0,1,50,2,2,1,0,0,1,22.0,51.0,deux_roues,voiture,1,2,2,1,3
202000007213,2020-09-16 10:30:00,2020,9,16,10,30,75,75117,RUE GAUTHEY,48.893739,2.322139,Plein jour,En agglomération,Intersection en X,Normale,Autre collision,4,-1,1,0,1,1,1,0,1,30,1,2,1,0,0,1,23.0,,utilitaire_camion,,1,2,2,1,6
202000007214,2020-09-16 10:00:00,2020,9,16,10,0,75,75117,AVENUE DE VILLIERS,48.882043,2.313165,Plein jour,En agglomération,Hors intersection,Normale,Deux véhicules - côté,4,2,0,0,1,1,1,0,1,30,2,2,1,0,0,1,39.0,66.0,deux_roues,voiture,1,2,1,1,3
202000007215,2020-09-15 20:00:00,2020,9,15,20,0,75,75116,RUE DE LA POMPE,48.862798,2.276342,Nuit avec éclairage allumé,En agglomération,Intersection à plus de 4 branches,Normale,Deux véhicules - arrière,4,1,1,0,1,1,1,0,1,50,2,2,1,0,0,1,19.0,69.0,deux_roues,voiture,5,2,5,1,2
202000007216,2020-09-15 17:10:00,2020,9,15,17,10,75,75116,AVENUE KLEBER,48.863662,2.287704,Plein jour,En agglomération,Intersection en T,Normale,Deux véhicules - côté,4,2,2,0,1,1,1,0,1,50,2,2,1,0,0,1,47.0,17.0,voiture,deux_roues,1,2,3,1,3
202000007217,2020-09-16 08:05:00,2020,9,16,8,5,75,75114,AVENUE DAVID WEILL,48.821211,2.334312,Plein jour,En agglomération,Intersection en T,Normale,Autre collision,4,1,-1,1,1,1,1,-1,5,50,1,1,0,0,0,1,50.0,,deux_roues,,1,2,3,1,6
202000007218,2020-09-16 08:40:00,2020,9,16,8,40,75,75112,BOULEVARD PONIATOWSKI,48.833125,2.401196,Plein jour,En agglomération,Hors intersection,Normale,Deux véhicules - côté,4,-1,2,1,1,1,1,-1,5,50,2,2,1,0,0,1,43.0,34.0,voiture,deux_roues,1,2,1,1,3
202000007219,2020-09-16 18:10:00,2020,9,16,18,10,75,75111,PLACE DE LA REPUBLIQUE,48.867758,2.364392,Plein jour,En agglomération,Intersection en T,Normale,Deux véhicules - côté,4,2,3,0,1,1,1,0,1,30,2,2,1,0,0,1,13.0,70.0,deux_roues,deux_roues,1,2,3,1,3
202000007220,2020-09-16 18:00:00,2020,9,16,18,0,75,75111,BOULEVARD VOLTAIRE,48.863063,2.371273,Plein jour,En agglomération,Intersection en T,Normale,Autre collision,4,1,1,1,1,1,1,-1,5,25,1,2,1,0,0,1,46.0,,deux_roues,,1,2,3,1,6
202000007221,2020-09-16 14:55:00,2020,9,16,14,55,75,75111,BOULEVARD VOLTAIRE,48.856702,2.381959,Plein jour,En agglomération,Intersection en T,Normale,Deux véhicules - côté,4,2,4,1,1,1,1,-1,5,30,2,2,1,0,0,1,63.0,44.0,utilitaire_camion,deux_roues,1,2,3,1,3
202000007222,2020-09-16 23:00:00,2020,9,16,23,0,75,75107,AVENUE DU MARECHAL GALLIENI,48.859951,2.313117,Nuit avec éclairage allumé,En agglomération,Intersection en X,Normale,Deux véhicules - côté,4,2,4,0,1,1,1,0,1,50,2,2,1,0,0,1,17.0,26.0,deux_roues,deux_roues,5,2,2,1,3
202000007223,2020-09-16 20:25:00,2020,9,16,20,25,75,75107,AVENUE DE SAXE,48.846004,2.313863,Nuit avec éclairage allumé,En agglomération,Intersection en T,Normale,Deux véhicules - côté,4,1,3,1,1,1,1,-1,5,30,2,2,1,0,0,1,74.0,20.0,voiture,deux_roues,5,2,3,1,3
202000007224,2020-09-16 19:15:00,2020,9,16,19,15,94,94080,PARIS (AV DE),48.84,2.42,Crépuscule ou aube,En agglomération,Hors intersection,Normale,Deux véhicules - arrière,7,2,2,1,1,1,1,0,1,50,2,2,1,0,0,1,37.0,63.0,voiture,deux_roues,2,2,1,1,2
202000007225,2020-09-16 18:05:00,2020,9,16,18,5,94,94074,COLONEL FABIEN (R),48.7458,2.4686,Plein jour,En agglomération,Hors intersection,Normale,Autre collision,3,2,2,0,2,1,1,0,1,50,1,2,1,0,1,0,33.0,,voiture,,1,2,1,1,6
202000007226,2020-09-16 16:20:00,2020,9,16,16,20,94,94044,VERDUN (AV DE),48.749503,2.478647,Plein jour,En agglomération,Autre intersection,Normale,Deux véhicules - arrière,3,-1,2,0,1,1,1,0,1,50,2,2,1,0,0,1,36.0,39.0,voiture,voiture,1,2,9,1,2
202000007227,2020-09-16 18:00:00,2020,9,16,18,0,94,94068,BAC (AV DU),48.79221,2.51781,Plein jour,Hors agglomération,Hors intersection,Normale,Deux véhicules - côté,3,2,2,0,1,1,1,0,1,50,2,2,1,0,0,1,36.0,37.0,deux_roues,voiture,1,1,1,1,3
202000007228,2020-09-16 16:20:00,2020,9,16,16,20,94,94076,MAXIME GORKI (BD),48.79272,2.36925,Plein jour,En agglomération,Hors intersection,Normale,Deux véhicules - côté,3,3,3,0,1,1,1,0,5,50,2,1,0,0,0,1,31.0,,deux_roues,,1,2,1,1,3
202000007229,2020-09-16 09:00:00,2020,9,16,9,0,94,94076,JEAN LURCAT (R),48.786175,2.370257,Plein jour,En agglomération,Hors intersection,Normale,Sans collision,4,-1,2,0,1,1,1,0,1,30,1,2,1,0,0,1,65.0,,voiture,,1,2,1,1,7
202000007230,2020-09-15 19:30:00,2020,9,15,19,30,93,93066,VAILLANT COUTURIER PAUL (AV) NR 2 A 110,48.9321453,2.3651052,Plein jour,En agglomération,Autre intersection,Normale,Autre collision,3,-1,2,1,1,1,1,0,1,50,1,2,1,0,0,1,37.0,,voiture,,1,2,9,1,6
202000007231,2020-09-15 14:08:00,2020,9,15,14,8,93,93066,"""STALINGRAD (AVENUE), NR 88 A 114 BIS""",48.9473363,2.3734471,Plein jour,En agglomération,Intersection en T,Normale,Deux véhicules - côté,3,1,2,0,1,1,1,0,1,50,2,2,1,0,0,1,29.0,29.0,deux_roues,voiture,1,2,3,1,3
202000007232,2020-09-16 12:30:00,2020,9,16,12,30,93,93048,GENERAL DE GAULE (PLACE DU),48.8684108,2.4338632,Plein jour,En agglomération,Hors intersection,Normale,Autre collision,4,2,2,0,2,1,1,5,1,30,1,2,1,0,1,0,43.0,,voiture,,1,2,1,1,6
202000007233,2020-09-16 08:15:00,2020,9,16,8,15,93,93048,PROCESSIONS (RUE DES),48.8782859,2.4611791,Plein jour,En agglomération,Autre intersection,Temps éblouissant,Deux véhicules - côté,4,1,1,0,1,3,1,0,1,30,2,2,1,0,0,1,31.0,27.0,voiture,deux_roues,1,2,9,7,3
202000007234,2020-09-16 17:00:00,2020,9,16,17,0,93,93079,SAINT LEU (ROUTE),48.95406,2.33521,Plein jour,En agglomération,Intersection en X,Normale,Sans collision,3,2,2,0,1,1,1,0,1,50,1,2,1,0,1,0,50.0,,deux_roues,,1,2,2,1,7
202000007235,2020-09-16 14:18:00,2020,9,16,14,18,93,93010,RTE DE VILLEMOMBLE,48.89265,2.4864,Plein jour,En agglomération,Hors intersection,Normale,Deux véhicules - arrière,4,2,2,0,1,1,1,0,1,50,2,2,1,0,0,1,57.0,49.0,voiture,voiture,1,2,1,1,2
202000007236,2020-09-16 10:00:00,2020,9,16,10,0,93,93010,SALENGRO (RUE ROGER) 27 A 69,48.8987451,2.478021,Plein jour,En agglomération,Hors intersection,Normale,Deux véhicules - côté,4,1,1,0,1,1,1,0,1,30,2,2,1,0,0,1,34.0,48.0,deux_roues,voiture,1,2,1,1,3
202000007237,2020-09-16 07:20:00,2020,9,16,7,20,93,93010,GROSLAY (CHEM. DE),48.9114383,2.4747635,Plein jour,En agglomération,Autre intersection,Normale,Deux véhicules - côté,4,-1,2,0,1,1,1,0,1,50,2,2,1,0,0,1,34.0,31.0,voiture,voiture,1,2,9,1,3
202000007238,2020-09-16 19:50:00,2020,9,16,19,50,92,92078,CHARLES DE GAULLE (BD)(72 AU 308),48.939096,2.326513,Plein jour,Hors agglomération,Hors intersection,Normale,Sans collision,3,-1,2,0,1,1,1,0,8,50,1,2,0,0,0,2,37.0,,deux_roues,,1,1,1,1,7
202000007239,2020-09-16 13:20:00,2020,9,16,13,20,92,92078,VIEUX CHEMIN DE ST DENIS (AVENUE),48.929725,2.325996,Plein jour,En agglomération,Intersection en T,Normale,Deux véhicules - côté,3,1,2,0,1,1,1,5,1,50,2,3,2,0,0,1,86.0,34.0,voiture,voiture,1,2,3,1,3
202000007240,2020-09-16 11:10:00,2020,9,16,11,10,92,92046,Charles de gaulle,48.82451,2.30114,Plein jour,En agglomération,Hors intersection,Normale,Sans collision,3,2,2,0,1,3,1,0,1,50,1,1,0,0,0,1,55.0,,deux_roues,,1,2,1,1,7
202000007241,2020-09-16 19:00:00,2020,9,16,19,0,92,92050,ERMITES RUE DES,48.8774817,2.2088997,Plein jour,En agglomération,Intersection en Y,Normale,Deux véhicules - frontale,4,1,1,0,2,3,1,0,1,30,2,2,1,0,0,1,51.0,22.0,transport_commun,deux_roues,1,2,4,1,1
202000007242,2020-09-16 19:35:00,2020,9,16,19,35,92,92023,JEAN JAURES (AVENUE) N°57 A 259 ET 64 A,48.8138553,2.2721589,Crépuscule ou aube,En agglomération,Intersection en T,Normale,Deux véhicules - côté,4,1,2,1,2,2,1,0,1,30,2,2,1,0,0,1,26.0,44.0,deux_roues,autre,2,2,3,1,3
202000007243,2020-09-16 09:05:00,2020,9,16,9,5,92,92023,PORTE DE TRIVAUX (RUE DE) N°57 A 197 ET,48.78465,2.23573,Plein jour,En agglomération,Hors intersection,Normale,Deux véhicules - côté,3,1,2,0,1,1,1,0,1,50,2,3,2,0,0,1,39.0,58.0,voiture,voiture,1,2,1,1,3
202000007244,2020-09-16 14:00:00,2020,9,16,14,0,86,86015,D34,46.116516,0.6270512,Plein jour,Hors agglomération,Hors intersection,Normale,Autre collision,3,2,2,0,1,1,1,0,3,80,1,1,0,1,0,0,78.0,,voiture,,1,1,1,1,6
202000007245,2020-09-16 13:15:00,2020,9,16,13,15,38,38536,Route du Pilat,45.427958,4.875274,Plein jour,Hors agglomération,Intersection en X,Normale,Trois véhicules et plus - collisions multiples,3,2,2,0,1,1,1,0,1,80,3,3,2,0,1,0,16.0,39.0,deux_roues,voiture,1,1,2,1,5
202000007246,2020-09-17 19:00:00,2020,9,17,19,0,54,54463,D611,48.795603,6.014886,Plein jour,Hors agglomération,Intersection en X,Normale,Deux véhicules - côté,3,2,2,0,1,1,1,0,1,80,2,3,1,0,1,1,57.0,23.0,utilitaire_camion,voiture,1,1,2,1,3
202000007247,2020-08-16 12:50:00,2020,8,16,12,50,83,83086,PK 83+200  - Route de fréjus,43.467887,6.599039,Plein jour,Hors agglomération,Hors intersection,Normale,Trois véhicules et plus - collisions multiples,3,2,2,0,1,1,1,0,1,80,3,6,1,0,1,4,32.0,42.0,voiture,voiture,1,1,1,1,5
202000007248,2020-09-16 19:00:00,2020,9,16,19,0,23,23206,La Combette,46.173271,1.941758,Plein jour,Hors agglomération,Hors intersection,Pluie forte,Deux véhicules - frontale,3,2,2,0,1,1,2,0,1,80,2,3,1,0,1,1,46.0,27.0,voiture,voiture,1,1,1,3,1
202000007249,2020-08-18 11:40:00,2020,8,18,11,40,60,60196,D927,49.296695,2.089119,Plein jour,Hors agglomération,Hors intersection,Normale,Deux véhicules - frontale,3,2,2,0,1,1,1,0,1,80,2,2,1,0,0,1,22.0,42.0,voiture,voiture,1,1,1,1,1
202000007250,2020-09-16 11:45:00,2020,9,16,11,45,91,91363,D446,48.653636,2.212055,Plein jour,Hors agglomération,Hors intersection,Normale,Deux véhicules - côté,3,2,2,0,2,3,1,0,1,50,2,2,1,0,0,1,64.0,30.0,deux_roues,utilitaire_camion,1,1,1,1,3
202000007251,2020-09-16 14:17:00,2020,9,16,14,17,25,25370,Rue de la Gare,47.437241,6.779863,Plein jour,En agglomération,Intersection en T,Normale,Deux véhicules - côté,4,2,2,0,1,1,1,0,1,50,2,2,1,0,1,0,21.0,12.0,utilitaire_camion,deux_roues,1,2,3,1,3
202000007252,2020-09-17 09:10:00,2020,9,17,9,10,06,06095,58 Route de Draguignan,43.63902,6.868701,Plein jour,En agglomération,Hors intersection,Normale,Deux véhicules - frontale,3,2,2,0,1,1,1,0,1,50,2,2,1,0,0,1,50.0,24.0,voiture,deux_roues,1,2,1,1,1