accident_id,datetime,annee,mois,jour,heure,minute,departement,commune_insee,adresse,latitude,longitude,luminosite,agglomeration,intersection,meteo,collision,catr,circ,nbv,vosp,prof,plan,surf,infra,situ,vma,nb_vehicules,nb_usagers,nb_indemnes,nb_tues,nb_blesses_hosp,nb_blesses_legers,age_cond_1,age_cond_2,veh_type_cond_1,veh_type_cond_2,lum_code,agg_code,int_code,atm_code,col_code
202000007345,2020-01-29 15:50:00,2020,1,29,15,50,37,37214,RD 37,47.4275248,0.6381794,Plein jour,En agglomération,Hors intersection,Normale,Sans collision,3,3,4,0,1,1,1,0,1,90,1,1,0,0,1,0,21.0,,deux_roues,,1,2,1,1,7
202000007346,2020-01-30 20:15:00,2020,1,30,20,15,35,35051,CHARMILLES (RUE DES),48.10237,-1.62263,Nuit avec éclairage allumé,En agglomération,Intersection en X,Temps couvert,Deux véhicules - côté,4,2,2,1,1,1,2,0,1,50,2,2,1,0,0,1,25.0,74.0,voiture,voiture,5,2,2,8,3
202000007347,2020-01-30 16:45:00,2020,1,30,16,45,35,35055,HALLERAIS (ROND-POINT),48.07828,-1.63279,Plein jour,Hors agglomération,Giratoire,Normale,Deux véhicules - arrière,3,-1,4,0,1,1,1,5,1,90,2,2,1,0,0,1,28.0,30.0,voiture,voiture,1,1,6,1,2
202000007348,2020-01-30 07:33:00,2020,1,30,7,33,35,35238,3 CHATEAUGIRON (RUE DE),48.1019,-1.6598,Nuit avec éclairage allumé,En agglomération,Intersection en Y,Pluie légère,Autre collision,4,2,2,1,2,2,2,5,1,50,1,2,1,0,0,1,20.0,,voiture,,5,2,4,2,6
202000007349,2020-01-30 19:40:00,2020,1,30,19,40,34,34172,VERDANSON (QUAI DU),43.61503,3.88245,Nuit avec éclairage allumé,En agglomération,Hors intersection,Temps couvert,Trois véhicules et plus - en chaîne,4,2,3,0,1,1,1,0,1,50,3,5,2,0,0,3,20.0,42.0,voiture,voiture,5,2,1,8,4
202000007350,2020-01-30 18:25:00,2020,1,30,18,25,34,34198,D66  VOIE RAPIDE,43.57553,3.95039,Nuit sans éclairage public,Hors agglomération,Hors intersection,Normale,Deux véhicules - arrière,3,2,2,0,1,1,1,0,1,90,2,2,1,0,1,0,22.0,40.0,voiture,deux_roues,3,1,1,1,2
202000007351,2020-01-30 14:40:00,2020,1,30,14,40,34,34129,EUROPE (AVENUE DE L'),43.57165,3.90563,Plein jour,En agglomération,Intersection en T,Normale,Deux véhicules - côté,3,2,2,0,1,1,1,0,1,50,2,2,1,0,0,1,19.0,21.0,deux_roues,voiture,1,2,3,1,3
202000007352,2020-01-30 18:45:00,2020,1,30,18,45,33,33063,CRS DE LA MARNE / RUE PEYRONNET / RUE MALBEC,44.82818,-0.56076,Crépuscule ou aube,En agglomération,Intersection en X,Pluie légère,Autre collision,4,2,4,-1,1,1,2,5,1,50,1,2,1,0,1,0,25.0,,voiture,,2,2,2,2,6
202000007353,2020-01-30 13:35:00,2020,1,30,13,35,33,33032,QUAI ALFRED DE VIAL / RUE RICHELIEU,44.90961,-0.53539,Plein jour,En agglomération,Giratoire,Autre,Deux véhicules - côté,4,2,-1,0,1,1,2,0,1,50,2,2,1,0,0,1,23.0,19.0,utilitaire_camion,voiture,1,2,6,9,3
202000007354,2020-01-30 08:00:00,2020,1,30,8,0,33,33063,QUAI DE LA SOUYS / RUE FRANC SANSON,44.82795,-0.53962,Plein jour,En agglomération,Intersection en T,Pluie légère,Deux véhicules - arrière,4,2,5,3,1,1,2,0,1,50,2,2,1,0,0,1,36.0,32.0,utilitaire_camion,deux_roues,1,2,3,2,2
202000007355,2020-01-27 16:40:00,2020,1,27,16,40,31,31069,GRENADE (ROUTE DE),43.6288148,1.3920198,Plein jour,En agglomération,Hors intersection,Pluie légère,,3,2,2,3,1,1,2,0,1,50,2,2,1,0,0,1,53.0,59.0,deux_roues,voiture,1,2,1,2,-1
202000007356,2020-01-27 08:30:00,2020,1,27,8,30,30,30189,ALES (ROUTE),43.88455,4.30228,Nuit avec éclairage allumé,Hors agglomération,Hors intersection,Normale,Deux véhicules - frontale,2,2,3,0,2,1,2,0,1,80,2,3,0,0,2,1,32.0,49.0,voiture,utilitaire_camion,5,1,1,1,1
202000007357,2020-01-30 08:10:00,2020,1,30,8,10,29,29019,Rue du Valy-hir,48.38525,-4.52822,Crépuscule ou aube,En agglomération,Giratoire,Pluie légère,Deux véhicules - côté,4,2,2,0,1,1,2,0,1,50,2,2,1,0,0,1,17.0,45.0,deux_roues,utilitaire_camion,2,2,6,2,3
202000007358,2020-01-30 07:05:00,2020,1,30,7,5,29,29019,Rue Neuve,48.3832421,-4.4986044,Nuit avec éclairage allumé,En agglomération,Hors intersection,Pluie légère,,4,1,2,0,2,3,2,0,1,50,2,2,1,0,0,1,40.0,25.0,deux_roues,voiture,5,2,1,2,-1
202000007359,2020-01-29 07:56:00,2020,1,29,7,56,26,26198,VILLEPRE (Rond point de),44.566365,4.735143,Plein jour,En agglomération,Giratoire,Normale,Deux véhicules - côté,2,1,2,0,1,2,1,5,1,50,2,2,1,0,0,1,50.0,23.0,deux_roues,voiture,1,2,6,1,3
202000007360,2020-01-30 08:45:00,2020,1,30,8,45,18,18205,ORLEANS (ROUTE D'),47.12357,2.37091,Crépuscule ou aube,En agglomération,Hors intersection,Pluie légère,Deux véhicules - côté,4,2,1,0,1,1,2,0,1,70,2,2,1,0,1,0,17.0,40.0,deux_roues,utilitaire_camion,2,2,1,2,3
202000007361,2020-01-30 20:00:00,2020,1,30,20,0,17,17415,MARTEL RUE GEOFFROY,45.7427893,-0.6212023,Nuit avec éclairage allumé,En agglomération,Intersection en X,Normale,Deux véhicules - côté,4,2,1,0,1,1,1,0,1,50,2,4,2,0,0,2,38.0,48.0,voiture,voiture,5,2,2,1,3
202000007362,2020-01-30 17:00:00,2020,1,30,17,0,13,13215,DE SAINT LOUIS AU ROVE (chemin),43.350809,5.354243,Crépuscule ou aube,En agglomération,Hors intersection,Normale,Autre collision,3,2,2,0,1,3,1,5,1,50,1,2,1,0,0,1,35.0,,voiture,,2,2,1,1,6
202000007363,2020-01-30 13:10:00,2020,1,30,13,10,13,13211,SAINT LOUP (BOULEVARD DE),43.2840607,5.4355976,Plein jour,En agglomération,Hors intersection,Normale,Deux véhicules - côté,4,2,2,0,1,1,1,0,1,50,2,2,0,0,0,2,18.0,34.0,deux_roues,voiture,1,2,1,1,3
202000007364,2020-01-30 14:45:00,2020,1,30,14,45,13,13206,BONS ENFANT (RUE DES),43.28927,5.38841,Plein jour,En agglomération,Intersection en X,Normale,Deux véhicules - côté,4,1,1,0,1,1,1,0,1,50,2,2,0,0,0,2,20.0,28.0,deux_roues,voiture,1,2,2,1,3
202000007365,2020-01-30 13:45:00,2020,1,30,13,45,13,13209,HUVEAUNE (BOULEVARD DE),43.2744757,5.4086697,Plein jour,En agglomération,Autre intersection,Normale,Deux véhicules - côté,4,1,1,0,1,1,1,0,1,30,2,2,1,0,0,1,60.0,35.0,voiture,voiture,1,2,9,1,3
202000007366,2020-01-30 13:00:00,2020,1,30,13,0,13,13215,SAINT ANTOINE A SAINT JOSEPH (CHEMIN DE),43.36037,5.36386,Plein jour,En agglomération,Autre intersection,Normale,Deux véhicules - côté,4,3,3,0,2,1,1,9,1,50,2,1,0,0,0,1,21.0,,voiture,,1,2,9,1,3
202000007367,2020-01-30 13:45:00,2020,1,30,13,45,13,13063,ARISTIDE BRIAND BOULEVARD,43.5791937,5.0028979,Plein jour,En agglomération,Intersection en X,Normale,Deux véhicules - arrière,3,2,2,0,1,1,1,2,1,50,2,3,1,0,0,2,22.0,47.0,voiture,voiture,1,2,2,1,2
202000007368,2020-01-30 10:22:00,2020,1,30,10,22,10,10387,CHOMEDEY DE MAISONNEUVE (AVE),48.30335,4.07334,Plein jour,En agglomération,Hors intersection,Temps couvert,Deux véhicules - arrière,4,2,4,0,1,1,1,0,1,50,2,2,1,0,0,1,55.0,57.0,utilitaire_camion,voiture,1,2,1,8,2
202000007369,2020-01-30 18:32:00,2020,1,30,18,32,06,06088,TURIN (RTE DE),43.73053,7.28654,Nuit avec éclairage allumé,En agglomération,Autre intersection,Normale,Deux véhicules - côté,4,2,4,0,1,2,1,0,1,50,2,2,1,0,0,1,26.0,35.0,voiture,voiture,5,2,9,1,3
202000007370,2020-01-28 10:30:00,2020,1,28,10,30,05,05023,FANTON (CHEMIN),44.9048,6.62955,Plein jour,En agglomération,Autre intersection,Normale,Deux véhicules - côté,6,-1,0,0,1,1,5,0,1,30,2,2,1,0,0,1,37.0,65.0,voiture,voiture,1,2,9,1,3
202000007371,2020-01-24 18:30:00,2020,1,24,18,30,05,05023,ROND POINT FAURE-GEORS,44.8871045,6.6336458,Nuit avec éclairage allumé,En agglomération,Giratoire,Normale,Deux véhicules - côté,3,1,1,0,1,2,1,5,1,50,2,2,1,0,0,1,38.0,49.0,deux_roues,voiture,5,2,6,1,3
202000007372,2020-01-30 20:00:00,2020,1,30,20,0,75,75115,BD PERIPHERIQUE EXTERIEUR,48.834762,2.265418,Nuit avec éclairage allumé,En agglomération,Hors intersection,Pluie légère,Deux véhicules - arrière,4,1,4,0,1,1,2,0,1,70,2,3,2,0,0,1,62.0,26.0,voiture,deux_roues,5,2,1,2,2
202000007373,2020-01-30 17:45:00,2020,1,30,17,45,75,75117,BD PERIPHERIQUE INTERIEUR,48.896912,2.311243,Nuit avec éclairage non allumé,En agglomération,Hors intersection,Pluie légère,Sans collision,4,1,4,0,1,1,3,0,1,70,1,2,1,0,0,1,54.0,,deux_roues,,4,2,1,2,7
202000007374,2020-01-30 12:30:00,2020,1,30,12,30,75,75112,BD PERIPHERIQUE INTERIEUR,48.8296164,2.4010233,Plein jour,En agglomération,Hors intersection,Pluie légère,Trois véhicules et plus - en chaîne,4,1,4,0,1,1,2,0,1,70,3,3,2,0,0,1,34.0,38.0,voiture,utilitaire_camion,1,2,1,2,4
202000007375,2020-01-28 18:52:00,2020,1,28,18,52,75,75116,AVENUE EDOUARD VAILLANT,48.838126,2.25421,Nuit avec éclairage allumé,En agglomération,Intersection en X,Pluie forte,Autre collision,4,1,2,0,1,1,2,5,1,50,1,2,1,1,0,0,65.0,,voiture,,5,2,2,3,6
202000007376,2020-01-30 13:50:00,2020,1,30,13,50,75,75118,RUE DE LA CHAPELLE,48.890255,2.3599133,Plein jour,En agglomération,Intersection en X,Pluie légère,Autre collision,4,2,5,0,1,1,2,0,1,50,1,2,1,0,0,1,44.0,,voiture,,1,2,2,2,6
202000007377,2020-01-30 20:00:00,2020,1,30,20,0,75,75117,RUE JOUFFROY D ABBANS,48.885967,2.309575,Nuit avec éclairage allumé,En agglomération,Intersection en X,Pluie légère,Deux véhicules - côté,4,2,2,0,1,1,2,0,1,30,2,2,1,0,0,1,29.0,21.0,voiture,deux_roues,5,2,2,2,3
202000007378,2020-01-30 18:20:00,2020,1,30,18,20,75,75117,AVENUE DE WAGRAM,48.8753286,2.2961801,Nuit avec éclairage allumé,En agglomération,Intersection en Y,Pluie légère,Deux véhicules - côté,4,2,2,0,1,1,2,0,1,50,2,2,1,0,0,1,30.0,72.0,deux_roues,voiture,5,2,4,2,3
202000007379,2020-01-30 09:50:00,2020,1,30,9,50,75,75117,BOULEVARD DE LA SOMME,48.886582,2.290066,Plein jour,En agglomération,Intersection en X,Pluie légère,Deux véhicules - arrière,4,1,4,0,1,1,2,0,1,30,2,2,1,0,0,1,54.0,51.0,deux_roues,voiture,1,2,2,2,2
202000007380,2020-01-30 14:45:00,2020,1,30,14,45,75,75116,AVENUE DU PRESIDENT KENNEDY,48.856377,2.2859971,Plein jour,En agglomération,Hors intersection,Temps couvert,Deux véhicules - arrière,4,1,4,0,1,1,2,0,1,50,2,3,1,0,0,2,47.0,29.0,deux_roues,voiture,1,2,1,8,2
202000007381,2020-01-30 12:45:00,2020,1,30,12,45,75,75116,PLACE DU TROCADERO ET DU 11 NOVEMBRE,48.862509,2.286821,Plein jour,En agglomération,Place,Pluie légère,Deux véhicules - côté,4,1,3,0,1,1,2,0,1,50,2,2,1,0,0,1,30.0,52.0,deux_roues,utilitaire_camion,1,2,7,2,3
202000007382,2020-01-30 07:30:00,2020,1,30,7,30,75,75116,PORTE DE MADRID,48.8741501,2.2553821,Nuit avec éclairage allumé,En agglomération,Place,Normale,,4,4,3,0,1,1,1,0,1,50,2,1,0,0,0,1,26.0,,deux_roues,,5,2,7,1,-1
202000007383,2020-01-30 10:30:00,2020,1,30,10,30,75,75114,BOULEVARD ADOLPHE PINARD,48.825014,2.3021471,Plein jour,En agglomération,Intersection en X,Pluie légère,Autre collision,4,1,2,0,1,2,2,0,1,50,1,2,1,0,0,1,55.0,,voiture,,1,2,2,2,6
202000007384,2020-01-30 17:30:00,2020,1,30,17,30,75,75114,RUE D ALESIA,48.8298377,2.3211765,Nuit avec éclairage allumé,En agglomération,Intersection en T,Pluie légère,Autre collision,4,2,3,3,1,1,2,-1,6,50,1,2,1,0,0,1,63.0,,voiture,,5,2,3,2,6
202000007385,2020-01-30 18:00:00,2020,1,30,18,0,75,75113,QUAI PANHARD ET LEVASSOR,48.8322321,2.3797659,Nuit avec éclairage allumé,En agglomération,Intersection en X,Pluie légère,Deux véhicules - côté,4,2,3,0,1,1,2,0,1,50,2,2,1,0,0,1,24.0,46.0,voiture,deux_roues,5,2,2,2,3
202000007386,2020-01-30 16:15:00,2020,1,30,16,15,75,75113,QUAI FRANCOIS MAURIAC,48.8326359,2.3792179,Plein jour,En agglomération,Hors intersection,Temps couvert,Deux véhicules - côté,4,2,4,0,1,1,2,0,1,50,2,2,1,0,0,1,32.0,36.0,voiture,deux_roues,1,2,1,8,3
202000007387,2020-01-30 19:20:00,2020,1,30,19,20,75,75112,AVENUE DAUMESNIL,48.8494957,2.3709427,Nuit avec éclairage allumé,En agglomération,Intersection en T,Normale,Autre collision,4,1,3,0,1,1,2,0,1,50,1,1,0,0,0,1,,,,,5,2,3,1,6
202000007388,2020-01-30 16:15:00,2020,1,30,16,15,75,75112,BOULEVARD PONIATOWSKI,48.8337985,2.4030949,Plein jour,En agglomération,Hors intersection,Pluie légère,Deux véhicules - arrière,4,3,2,0,1,1,2,0,1,50,2,3,2,0,0,1,34.0,32.0,deux_roues,voiture,1,2,1,2,2
202000007389,2020-01-30 09:30:00,2020,1,30,9,30,75,75112,QUAI DE BERCY,48.829625,2.387229,Plein jour,En agglomération,Hors intersection,Pluie légère,,4,1,0,0,1,1,2,0,1,50,2,1,0,0,0,1,25.0,,deux_roues,,1,2,1,2,-1
202000007390,2020-01-30 13:55:00,2020,1,30,13,55,75,75111,BOULEVARD VOLTAIRE,48.8539495,2.3865731,Plein jour,En agglomération,Hors intersection,Pluie légère,Deux véhicules - arrière,4,2,2,0,1,1,2,0,1,50,2,2,1,0,0,1,47.0,36.0,deux_roues,deux_roues,1,2,1,2,2
202000007391,2020-01-30 14:42:00,2020,1,30,14,42,75,75110,QUAI DE VALMY,48.8735023,2.3632893,Plein jour,En agglomération,Hors intersection,Normale,,4,1,2,1,2,1,2,-1,5,50,2,1,0,0,0,1,53.0,,deux_roues,,1,2,1,1,-1
202000007392,2020-01-30 14:30:00,2020,1,30,14,30,75,75110,PLACE FRANZ LISTZ,48.8779022,2.3516094,Plein jour,En agglomération,Place,Pluie légère,Deux véhicules - côté,4,1,2,1,1,1,2,-1,5,50,2,2,1,0,0,1,59.0,31.0,utilitaire_camion,deux_roues,1,2,7,2,3
202000007393,2020-01-30 14:30:00,2020,1,30,14,30,75,75110,RUE DES VINAIGRIERS,48.873169,2.361468,Plein jour,En agglomération,Intersection en X,Normale,Deux véhicules - côté,4,2,1,0,1,1,2,0,1,30,2,2,1,0,0,1,50.0,28.0,utilitaire_camion,deux_roues,1,2,2,1,3
202000007394,2020-01-30 08:25:00,2020,1,30,8,25,75,75109,BOULEVARD HAUSSMANN,48.8731075,2.332025,Plein jour,En agglomération,Hors intersection,Pluie légère,Deux véhicules - arrière,4,1,3,0,1,1,2,0,1,50,2,2,0,0,0,2,31.0,36.0,deux_roues,deux_roues,1,2,1,2,2
202000007395,2020-01-30 20:10:00,2020,1,30,20,10,75,75102,BOULEVARD DE SEBASTOPOL,48.8654629,2.3520412,Nuit avec éclairage allumé,En agglomération,Hors intersection,Pluie légère,Autre collision,4,2,3,1,1,1,2,-1,5,50,1,2,1,0,0,1,32.0,,deux_roues,,5,2,1,2,6
202000007396,2020-01-30 09:55:00,2020,1,30,9,55,75,75103,RUE BEAUBOURG,48.8617513,2.3537828,Plein jour,En agglomération,Hors intersection,Pluie légère,Deux véhicules - côté,4,1,3,3,1,1,2,-1,6,50,2,2,1,0,0,1,27.0,35.0,deux_roues,voiture,1,2,1,2,3
202000007397,2020-01-29 13:20:00,2020,1,29,13,20,94,94067,DAUMESNIL (AV),48.8350322,2.4197588,Plein jour,En agglomération,Intersection en X,Normale,Deux véhicules - côté,3,2,2,0,1,1,1,0,1,50,2,4,2,0,0,2,38.0,63.0,voiture,voiture,1,2,2,1,3
202000007398,2020-01-29 14:30:00,2020,1,29,14,30,94,94046,JEAN JAURES (R),48.79389,2.43436,Plein jour,En agglomération,Hors intersection,Normale,Autre collision,3,1,4,0,1,1,1,6,1,50,1,2,0,0,1,1,39.0,,deux_roues,,1,2,1,1,6
202000007399,2020-01-28 19:50:00,2020,1,28,19,50,94,94046,REPUBLIQUE (AV DE LA),48.8011647,2.4316196,Nuit avec éclairage allumé,En agglomération,Intersection en X,Pluie légère,Autre collision,3,2,2,0,1,1,2,0,1,50,1,3,2,0,1,0,45.0,,voiture,,5,2,2,2,6
202000007400,2020-01-30 07:45:00,2020,1,30,7,45,94,94011,OUEST(ROUTE DE L'),48.7799,2.48,Plein jour,En agglomération,Hors intersection,Normale,Deux véhicules - côté,4,2,2,0,1,1,1,0,1,50,2,3,1,0,0,2,22.0,28.0,autre,utilitaire_camion,1,2,1,1,3
202000007401,2020-01-30 16:30:00,2020,1,30,16,30,94,94069,MARECHAL LECLERC (R DU),48.8181229,2.4334743,Plein jour,En agglomération,Hors intersection,Temps couvert,Deux véhicules - arrière,3,2,2,0,1,1,2,9,1,50,2,1,0,0,0,1,51.0,,deux_roues,,1,2,1,8,2
202000007402,2020-01-30 08:15:00,2020,1,30,8,15,94,94044,PRESIDENT WILSON (AV DU),48.75086,2.49945,Plein jour,En agglomération,Hors intersection,Normale,Autre collision,3,2,2,0,1,1,1,0,1,50,1,2,1,0,0,1,47.0,,voiture,,1,2,1,1,6
202000007403,2020-01-29 08:15:00,2020,1,29,8,15,94,94002,MARCEL BOURDARIAS (R),48.8048,2.42454,Plein jour,En agglomération,Hors intersection,Normale,Deux véhicules - frontale,4,1,1,0,1,1,1,0,1,30,2,2,1,0,0,1,34.0,58.0,voiture,deux_roues,1,2,1,1,1
202000007404,2020-01-30 09:20:00,2020,1,30,9,20,93,93053,JEAN JAURES (RUE),48.89427,2.45786,Plein jour,En agglomération,Hors intersection,Normale,Autre collision,4,1,1,3,1,1,1,0,2,30,1,2,1,0,0,1,36.0,,transport_commun,,1,2,1,1,6
202000007405,2020-01-30 22:00:00,2020,1,30,22,0,93,93027,CACHIN (AVENUE MARCEL),48.9262,2.3968,Nuit avec éclairage allumé,En agglomération,Hors intersection,Autre,Deux véhicules - arrière,3,2,2,1,1,1,2,9,1,50,2,1,0,0,0,1,41.0,,deux_roues,,5,2,1,9,2
202000007406,2020-01-30 09:10:00,2020,1,30,9,10,92,92077,RONCE (RUE DE LA),48.82316,2.19285,Plein jour,En agglomération,Hors intersection,Pluie légère,Deux véhicules - côté,4,2,1,0,1,1,2,0,3,50,2,2,0,0,0,2,40.0,24.0,voiture,voiture,1,2,1,2,3
202000007407,2020-01-29 10:10:00,2020,1,29,10,10,92,92063,COLMAR (AV DE),48.8873081,2.1681375,Plein jour,En agglomération,Intersection en T,Normale,Deux véhicules - côté,1,1,4,0,3,2,1,3,1,50,2,2,1,0,0,1,31.0,59.0,utilitaire_camion,deux_roues,1,2,3,1,3
202000007408,2020-01-29 07:45:00,2020,1,29,7,45,92,92050,CHAMPS PIERREUX (AVENUE DES),48.88933,2.2135,Plein jour,En agglomération,Autre intersection,Normale,Deux véhicules - frontale,4,2,2,0,1,1,1,0,1,50,2,2,1,0,0,1,14.0,26.0,deux_roues,voiture,1,2,9,1,1
202000007409,2020-01-29 17:20:00,2020,1,29,17,20,92,92036,LOUISE MICHEL (PAIRS),48.92266,2.32061,Plein jour,En agglomération,Intersection en T,Normale,Trois véhicules et plus - collisions multiples,3,2,2,0,1,1,1,0,1,50,3,3,2,0,0,1,44.0,31.0,voiture,deux_roues,1,2,3,1,5
202000007410,2020-01-30 18:50:00,2020,1,30,18,50,92,92026,SAINT-DENIS BD DE (01 A 197 / 02 A 118),48.90011,2.2688949,Nuit avec éclairage allumé,En agglomération,Hors intersection,Pluie légère,Autre collision,3,2,2,0,1,1,2,0,1,50,1,2,1,0,0,1,60.0,,voiture,,5,2,1,2,6
202000007411,2020-01-30 12:36:00,2020,1,30,12,36,92,92026,BEZONS  (DE 01 A 22),48.89354,2.25217,Plein jour,En agglomération,Hors intersection,Pluie légère,Autre collision,3,1,1,1,4,1,2,0,6,50,1,2,1,0,0,1,64.0,,voiture,,1,2,1,2,6
202000007412,2020-01-30 20:38:00,2020,1,30,20,38,92,92024,VICTOR HUGO (BD),48.89839,2.31201,Nuit avec éclairage allumé,En agglomération,Hors intersection,Temps couvert,Deux véhicules - côté,3,2,4,0,1,1,2,0,1,50,2,1,0,0,0,1,34.0,,deux_roues,,5,2,1,8,3
202000007413,2020-01-30 16:35:00,2020,1,30,16,35,92,92012,VICTOR HUGO (AVENUE) 49/FIN - 60/FIN,48.8360324,2.2450076,Plein jour,En agglomération,Intersection en T,Normale,Sans collision,4,-1,1,1,1,1,2,0,1,50,1,1,0,0,0,1,62.0,,deux_roues,,1,2,3,1,7
202000007414,2020-01-30 18:45:00,2020,1,30,18,45,47,47170,Lieu dit BIARDS,44.541464,0.544553,Nuit sans éclairage public,Hors agglomération,Hors intersection,Pluie légère,Sans collision,3,2,2,0,1,1,2,0,3,80,1,1,0,0,1,0,67.0,,voiture,,3,1,1,2,7
202000007415,2020-01-28 06:45:00,2020,1,28,6,45,35,35245,La Lande Guinard,48.238712,-1.867547,Nuit sans éclairage public,Hors agglomération,Hors intersection,Pluie légère,Deux véhicules - arrière,3,2,2,0,1,1,2,0,1,80,2,2,1,0,1,0,18.0,44.0,deux_roues,voiture,3,1,1,2,2
202000007416,2020-01-31 05:30:00,2020,1,31,5,30,25,25532,Saône,47.212106,6.095138,Nuit sans éclairage public,Hors agglomération,Hors intersection,Pluie légère,Deux véhicules - frontale,2,3,4,0,1,1,2,0,1,110,2,2,0,1,0,1,36.0,49.0,voiture,utilitaire_camion,3,1,1,2,1
202000007417,2020-01-31 14:05:00,2020,1,31,14,5,66,66141,A9,42.752401,2.892773,Plein jour,Hors agglomération,Hors intersection,Normale,Deux véhicules - arrière,1,1,5,0,1,1,1,0,1,130,2,5,1,0,0,4,42.0,30.0,utilitaire_camion,voiture,1,1,1,1,2
202000007418,2020-01-29 20:50:00,2020,1,29,20,50,95,95487,Rue Etienne Dolet,49.1509291,2.2671994,Nuit avec éclairage allumé,En agglomération,Giratoire,Normale,Autre collision,3,3,2,0,1,1,1,0,1,50,1,2,1,0,1,0,20.0,,voiture,,5,2,6,1,6
202000007419,2020-01-30 21:55:00,2020,1,30,21,55,71,71576,A6,46.52831,4.919493,Nuit sans éclairage public,Hors agglomération,Hors intersection,Pluie légère,Trois véhicules et plus - collisions multiples,1,2,5,0,1,2,2,0,8,130,3,5,2,0,0,3,52.0,19.0,utilitaire_camion,voiture,3,1,1,2,5
202000007420,2020-01-30 15:10:00,2020,1,30,15,10,67,67073,route de sainte marie aux mines,48.2800447,7.3896409,Plein jour,En agglomération,Hors intersection,Pluie forte,Deux véhicules - frontale,2,2,1,0,1,1,2,0,1,-1,2,3,2,0,0,1,35.0,20.0,voiture,voiture,1,2,1,3,1
202000007421,2020-01-31 18:08:00,2020,1,31,18,8,11,11111,D6113,43.210446,2.827005,Crépuscule ou aube,Hors agglomération,Intersection en X,Normale,Deux véhicules - arrière,3,2,2,0,1,1,1,0,1,80,2,2,1,0,1,0,23.0,24.0,voiture,deux_roues,2,1,2,1,2
202000007422,2020-01-30 17:15:00,2020,1,30,17,15,60,60010,D205,49.2144684,2.1264412,Crépuscule ou aube,Hors agglomération,Giratoire,Normale,Deux véhicules - côté,3,-1,0,0,1,1,1,9,8,80,2,2,1,0,1,0,30.0,82.0,utilitaire_camion,voiture,2,1,6,1,3
202000007423,2020-01-30 10:00:00,2020,1,30,10,0,06,06130,31 Avenue de Provence,43.69407,6.848857,Plein jour,En agglomération,Hors intersection,Temps éblouissant,Autre collision,4,2,2,0,2,2,1,0,1,50,1,2,1,0,1,0,87.0,,voiture,,1,2,1,7,6
202000007424,2020-01-30 19:40:00,2020,1,30,19,40,38,38239,Rue des Pautes,45.32942,5.569156,Nuit avec éclairage allumé,Hors agglomération,Hors intersection,Pluie forte,Autre collision,3,3,4,0,1,1,2,0,8,70,1,2,1,0,0,1,45.0,,voiture,,5,1,1,3,6
202000007425,2020-01-31 11:50:00,2020,1,31,11,50,44,44187,Route de Nantes,47.194874,-2.028093,Plein jour,Hors agglomération,Hors intersection,Pluie légère,Deux véhicules - frontale,3,2,2,0,2,3,2,0,1,80,2,2,1,0,1,0,45.0,50.0,voiture,utilitaire_camion,1,1,1,2,1
202000007426,2020-01-30 17:00:00,2020,1,30,17,0,62,62086,D8,50.21812,2.578365,Plein jour,Hors agglomération,Intersection en X,Pluie légère,Deux véhicules - côté,2,2,2,0,1,1,2,0,8,80,2,3,0,0,1,2,22.0,32.0,voiture,voiture,1,1,2,2,3
202000007427,2020-01-30 17:35:00,2020,1,30,17,35,77,77402,30 Rue des Prés de la Foire - D215,48.813424,3.358592,Crépuscule ou aube,En agglomération,Hors intersection,Pluie légère,Autre collision,3,2,2,0,1,1,2,9,1,50,1,2,1,0,0,1,87.0,,voiture,,2,2,1,2,6
202000007428,2020-01-31 08:25:00,2020,1,31,8,25,69,69260,Rue de la Salle des Fêtes,45.647465,4.812672,Plein jour,En agglomération,Hors intersection,Normale,Deux véhicules - frontale,3,1,1,0,1,1,1,0,8,30,2,2,1,0,0,1,70.0,33.0,voiture,deux_roues,1,2,1,1,1
202000007429,2020-01-30 23:55:00,2020,1,30,23,55,74,74263,Avenue de Coudrée,46.336047,6.380798,Nuit avec éclairage allumé,En agglomération,Intersection en Y,Pluie forte,Autre collision,4,2,2,0,2,3,2,0,3,30,1,3,1,0,2,0,29.0,,voiture,,5,2,4,3,6
202000007430,2020-01-30 06:50:00,2020,1,30,6,50,57,57488,Rue d'Avricourt,48.6726,6.788864,Crépuscule ou aube,Hors agglomération,Hors intersection,Temps couvert,Deux véhicules - frontale,3,2,2,0,1,1,2,0,1,80,2,2,0,0,1,1,22.0,35.0,voiture,voiture,2,1,1,8,1
202000007431,2020-01-26 16:05:00,2020,1,26,16,5,51,51569,D227,49.2500367,3.9445119,Plein jour,Hors agglomération,Hors intersection,Normale,Trois véhicules et plus - collisions multiples,4,2,2,0,1,3,9,0,1,70,4,5,2,1,0,2,22.0,70.0,voiture,deux_roues,1,1,1,1,5
202000007432,2020-01-30 08:00:00,2020,1,30,8,0,51,51563,D43/D951,48.8287298,3.7551948,Crépuscule ou aube,Hors agglomération,Intersection en X,Temps couvert,Deux véhicules - côté,3,2,1,0,3,1,2,0,1,80,2,5,4,0,0,1,34.0,38.0,voiture,voiture,2,1,2,8,3
202000007433,2020-01-27 07:00:00,2020,1,27,7,0,59,59037,D942,50.189446,3.384674,Crépuscule ou aube,En agglomération,Autre intersection,Normale,Deux véhicules - frontale,3,2,2,0,1,1,1,9,1,50,2,2,1,0,1,0,41.0,27.0,voiture,voiture,2,2,9,1,1
202000007434,2020-01-31 17:10:00,2020,1,31,17,10,80,80546,D925,50.100656,1.725288,Plein jour,Hors agglomération,Hors intersection,Normale,Trois véhicules et plus - collisions multiples,3,-1,2,0,2,3,1,0,1,90,5,9,7,0,2,0,47.0,34.0,voiture,voiture,1,1,1,1,5