accident_id,datetime,annee,mois,jour,heure,minute,departement,commune_insee,adresse,latitude,longitude,luminosite,agglomeration,intersection,meteo,collision,catr,circ,nbv,vosp,prof,plan,surf,infra,situ,vma,nb_vehicules,nb_usagers,nb_indemnes,nb_tues,nb_blesses_hosp,nb_blesses_legers,age_cond_1,age_cond_2,veh_type_cond_1,veh_type_cond_2,lum_code,agg_code,int_code,atm_code,col_code
202000007527,2020-06-18 18:00:00,2020,6,18,18,0,56,56083,RN 165,47.7892034,-3.2902718,Plein jour,Hors agglomération,Hors intersection,Normale,Trois véhicules et plus - en chaîne,2,3,4,0,1,1,1,0,1,110,3,3,2,0,0,1,48.0,53.0,utilitaire_camion,utilitaire_camion,1,1,1,1,4
202000007528,2020-06-18 17:05:00,2020,6,18,17,5,56,56083,Avenue de la République,47.80067,-3.28505,Plein jour,En agglomération,Hors intersection,Normale,Trois véhicules et plus - collisions multiples,3,2,2,0,2,1,1,0,1,50,3,3,1,0,0,2,52.0,65.0,voiture,voiture,1,2,1,1,5
202000007529,2020-06-18 13:00:00,2020,6,18,13,0,54,54526,CAMELINAT (RUE),48.6880247,6.2074283,Plein jour,En agglomération,Intersection en T,Normale,Deux véhicules - côté,4,2,2,0,1,1,1,0,1,50,2,2,1,0,0,1,44.0,57.0,voiture,deux_roues,1,2,3,1,3
202000007530,2020-06-18 14:45:00,2020,6,18,14,45,51,51454,Rue Ponsardin,49.2527287,4.0398722,Plein jour,En agglomération,Hors intersection,Normale,Deux véhicules - côté,4,1,1,0,1,1,1,0,1,30,2,1,0,0,0,1,40.0,,deux_roues,,1,2,1,1,3
202000007531,2020-06-16 18:05:00,2020,6,16,18,5,50,50129,PONT CARREAU,49.63354,-1.61739,Plein jour,En agglomération,Intersection en X,Normale,Deux véhicules - côté,4,4,4,0,1,1,1,5,1,50,2,3,2,0,0,1,45.0,64.0,utilitaire_camion,transport_commun,1,2,2,1,3
202000007532,2020-06-19 09:10:00,2020,6,19,9,10,45,45208,Rue de l'Europe,47.9949492,2.7405918,Plein jour,En agglomération,Hors intersection,Normale,Autre collision,4,2,2,0,1,1,1,0,1,50,1,2,1,0,1,0,85.0,,voiture,,1,2,1,1,6
202000007533,2020-06-19 21:10:00,2020,6,19,21,10,38,38185,Boulevard Gambetta,45.18784,5.72345,Nuit avec éclairage allumé,En agglomération,Intersection en X,Normale,Deux véhicules - côté,3,2,2,2,1,1,1,5,1,50,2,3,2,0,0,1,28.0,26.0,deux_roues,voiture,5,2,2,1,3
202000007534,2020-06-19 09:30:00,2020,6,19,9,30,38,38185,Rue Pascal,45.16812,5.73534,Plein jour,En agglomération,Hors intersection,Normale,Autre collision,4,1,1,0,1,3,1,0,1,50,1,2,1,0,1,0,50.0,,voiture,,1,2,1,1,6
202000007535,2020-06-18 18:55:00,2020,6,18,18,55,34,34172,ASSAS (AVENUE D'),43.61995,3.85892,Plein jour,En agglomération,Autre intersection,Normale,Deux véhicules - côté,4,-1,2,0,1,3,1,0,8,50,2,2,1,0,0,1,74.0,62.0,deux_roues,voiture,1,2,9,1,3
202000007536,2020-06-18 13:09:00,2020,6,18,13,9,32,32013,HAGET (CHEMIN DU),43.65849,0.61275,Plein jour,Hors agglomération,Hors intersection,Normale,Sans collision,4,2,2,0,2,2,1,0,3,80,1,1,0,0,1,0,34.0,,deux_roues,,1,1,1,1,7
202000007537,2020-06-20 00:53:00,2020,6,20,0,53,29,29019,Place Albert Premier,48.3980542,-4.4893067,Nuit avec éclairage allumé,En agglomération,Hors intersection,Normale,Autre collision,4,1,2,0,1,3,2,5,4,50,1,2,1,0,1,0,22.0,,voiture,,5,2,1,1,6
202000007538,2020-06-18 12:05:00,2020,6,18,12,5,25,25056,CAUSSES RUE DES,47.2176,5.96651,Plein jour,En agglomération,Hors intersection,Normale,Autre collision,4,2,2,0,1,1,1,0,1,50,1,2,1,0,0,1,47.0,,voiture,,1,2,1,1,6
202000007539,2020-06-19 17:38:00,2020,6,19,17,38,17,17028,SALENGRO   AVENUE ROGER,46.14027,-1.13502,Plein jour,En agglomération,Hors intersection,Normale,Autre collision,4,2,2,1,1,2,1,0,1,50,1,1,0,1,0,0,51.0,,deux_roues,,1,2,1,1,6
202000007540,2020-06-19 11:00:00,2020,6,19,11,0,16,16015,267 Avenue de Navarre,45.634927,0.154182,Plein jour,En agglomération,Hors intersection,Normale,Autre collision,4,-1,2,0,2,1,1,0,1,50,1,2,1,0,1,0,56.0,,voiture,,1,2,1,1,6
202000007541,2020-06-20 00:00:00,2020,6,20,0,0,14,14574,D. 159,49.1573,0.18509,Nuit sans éclairage public,Hors agglomération,Hors intersection,Normale,Autre collision,3,2,2,0,1,2,1,0,3,80,1,2,0,0,0,2,19.0,,voiture,,3,1,1,1,6
202000007542,2020-06-19 17:45:00,2020,6,19,17,45,14,14327,BOSTON (PLACE DE),49.2119,-0.35602,Plein jour,En agglomération,Giratoire,Normale,Deux véhicules - côté,4,2,2,0,1,1,1,5,1,50,2,2,1,0,0,1,47.0,39.0,utilitaire_camion,deux_roues,1,2,6,1,3
202000007543,2020-06-19 08:15:00,2020,6,19,8,15,14,14118,SAINT NORBERT (RUE),49.18953,-0.40347,Plein jour,En agglomération,Intersection en T,Pluie légère,Trois véhicules et plus - collisions multiples,4,2,2,0,1,1,2,0,1,50,3,4,1,0,0,3,49.0,49.0,voiture,voiture,1,2,3,2,5
202000007544,2020-06-19 18:50:00,2020,6,19,18,50,13,13075,LOUIS PASTEUR (AVE),43.3560112,5.4665694,Plein jour,En agglomération,Hors intersection,Normale,Sans collision,4,2,2,0,1,1,1,0,1,50,1,1,0,0,1,0,13.0,,deux_roues,,1,2,1,1,7
202000007545,2020-06-18 19:50:00,2020,6,18,19,50,13,13202,CHEMIN DU LITTORAL (CHEMIN DU),43.347085,5.344351,Plein jour,En agglomération,Autre intersection,Normale,Autre collision,3,2,2,0,1,1,1,0,1,50,1,2,1,0,0,1,52.0,,voiture,,1,2,9,1,6
202000007546,2020-06-19 08:10:00,2020,6,19,8,10,13,13201,BELSUNCE (COURS),43.29638,5.37769,Plein jour,En agglomération,Intersection en T,Normale,Deux véhicules - côté,4,2,2,3,1,1,1,9,6,50,2,2,1,0,0,1,78.0,41.0,voiture,transport_commun,1,2,3,1,3
202000007547,2020-06-18 16:16:00,2020,6,18,16,16,13,13202,LITTORAL (CHEMIN DU),43.3323177,5.3547472,Plein jour,En agglomération,Hors intersection,Normale,Deux véhicules - côté,3,-1,1,0,1,1,1,0,1,50,2,2,0,0,0,2,53.0,,voiture,,1,2,1,1,3
202000007548,2020-06-19 02:55:00,2020,6,19,2,55,11,11262,BORDEAUX (AVENUE DE),43.18197,2.98906,Nuit avec éclairage allumé,En agglomération,Hors intersection,Normale,Sans collision,3,2,2,0,4,1,1,2,1,50,1,1,0,0,1,0,30.0,,voiture,,5,2,1,1,7
202000007549,2020-06-13 03:20:00,2020,6,13,3,20,11,11262,1848 (BOULEVARD),43.1916318,3.01518,Nuit avec éclairage allumé,En agglomération,Intersection en T,Normale,Autre collision,4,3,4,0,1,1,1,0,1,50,1,2,1,0,1,0,21.0,,voiture,,5,2,3,1,6
202000007550,2020-07-11 02:25:00,2020,7,11,2,25,54,54395,FOUCAULD (RUE CHARLES DE),48.7016606,6.1831623,Nuit avec éclairage allumé,En agglomération,Hors intersection,Normale,Deux véhicules - côté,4,1,2,0,1,1,1,0,1,50,2,1,0,0,0,1,43.0,,deux_roues,,5,2,1,1,3
202000007551,2020-06-17 15:15:00,2020,6,17,15,15,11,11262,MISTRAL (BOULEVARD FREDERIC),43.18506,3.00053,Plein jour,En agglomération,Intersection en T,Normale,Deux véhicules - côté,4,1,3,0,1,1,1,2,1,50,2,2,1,0,0,1,41.0,18.0,voiture,deux_roues,1,2,3,1,3
202000007552,2020-07-20 19:15:00,2020,7,20,19,15,51,51454,Rue Chanzy,49.2522465,4.0320437,Plein jour,En agglomération,Intersection en X,Normale,Deux véhicules - côté,4,1,2,3,2,1,1,0,1,50,2,2,1,0,0,1,24.0,31.0,deux_roues,voiture,1,2,2,1,3
202000007553,2020-07-20 04:00:00,2020,7,20,4,0,51,51454,Rue Ledru Rollin,49.2371336,4.0349388,Nuit avec éclairage allumé,En agglomération,Hors intersection,Normale,Deux véhicules - côté,4,2,0,0,1,1,1,0,1,50,2,2,1,0,0,1,76.0,22.0,voiture,voiture,5,2,1,1,3
202000007554,2020-06-18 16:10:00,2020,6,18,16,10,06,06088,ANGLAIS (A PARTIR DU N° 351),43.6717,7.2246,Plein jour,En agglomération,Hors intersection,Normale,Deux véhicules - côté,7,1,4,0,1,3,1,9,1,50,2,2,1,0,1,0,42.0,26.0,voiture,deux_roues,1,2,1,1,3
202000007555,2020-06-19 17:15:00,2020,6,19,17,15,06,06155,JAUBERT AV.,43.579147,7.049886,Plein jour,En agglomération,Intersection en T,Normale,Deux véhicules - côté,4,1,1,0,1,1,1,0,1,50,2,2,1,0,0,1,40.0,6.0,voiture,deux_roues,1,2,3,1,3
202000007556,2020-07-19 04:50:00,2020,7,19,4,50,45,45208,D973 PR 0 + 1,47.9983,2.7464,Nuit avec éclairage allumé,En agglomération,Intersection en X,Normale,Deux véhicules - côté,3,2,2,0,1,1,1,0,1,50,2,5,2,0,0,3,43.0,29.0,voiture,voiture,5,2,2,1,3
202000007557,2020-07-20 13:45:00,2020,7,20,13,45,42,42186,Route de Montjoint,45.5320448,4.6199941,Plein jour,En agglomération,Hors intersection,Normale,Autre collision,4,3,2,0,1,1,1,0,1,50,1,2,0,0,1,1,36.0,,deux_roues,,1,2,1,1,6
202000007558,2020-06-19 21:00:00,2020,6,19,21,0,75,75115,BOULEVARD PERIPHERIQUE,48.826376,2.297013,Crépuscule ou aube,En agglomération,Hors intersection,Normale,Deux véhicules - arrière,4,1,3,0,1,1,1,0,1,70,2,2,1,0,0,1,39.0,29.0,voiture,deux_roues,2,2,1,1,2
202000007559,2020-07-19 22:20:00,2020,7,19,22,20,39,39300,280 Rue des Violettes,46.6766,5.5725,Nuit avec éclairage allumé,En agglomération,Hors intersection,Normale,Deux véhicules - frontale,4,2,2,0,1,2,1,0,1,50,2,2,1,1,0,0,26.0,41.0,voiture,deux_roues,5,2,1,1,1
202000007560,2020-07-20 15:17:00,2020,7,20,15,17,37,37261,GRAMMONT (AVENUE DE),47.3731276,0.6956984,Plein jour,En agglomération,Hors intersection,Normale,Deux véhicules - arrière,3,3,4,0,1,1,1,0,1,50,2,2,1,0,0,1,34.0,36.0,voiture,voiture,1,2,1,1,2
202000007561,2020-06-19 11:55:00,2020,6,19,11,55,75,75116,BOULEVARD PERIPHERIQUE,48.841068,2.254187,Plein jour,En agglomération,Intersection en Y,Normale,Trois véhicules et plus - en chaîne,4,1,4,0,1,1,1,1,1,70,3,4,3,0,0,1,43.0,32.0,voiture,voiture,1,2,4,1,4
202000007562,2020-07-20 09:15:00,2020,7,20,9,15,37,37261,FEBVOTTE (RUE),47.3771454,0.6882322,Plein jour,En agglomération,Intersection en X,Normale,Autre collision,4,2,2,0,1,1,1,0,1,50,1,2,1,0,0,1,34.0,,voiture,,1,2,2,1,6
202000007563,2020-07-20 10:00:00,2020,7,20,10,0,35,35055,RD 173,48.0782,-1.632781,Plein jour,Hors agglomération,Giratoire,Normale,Sans collision,3,1,2,0,1,2,1,5,1,50,1,1,0,0,0,1,27.0,,utilitaire_camion,,1,1,6,1,7
202000007564,2020-07-20 15:27:00,2020,7,20,15,27,34,34003,ROCHELONGUE (G14 A O16,43.2791314,3.4811445,Plein jour,En agglomération,Hors intersection,Normale,Deux véhicules - côté,4,2,2,0,1,1,1,9,1,50,2,2,1,0,1,0,64.0,22.0,voiture,deux_roues,1,2,1,1,3
202000007565,2020-06-19 08:45:00,2020,6,19,8,45,75,75114,BOULEVARD PERIPHERIQUE,48.820678,2.323145,Plein jour,En agglomération,Hors intersection,Normale,Deux véhicules - côté,4,1,3,0,1,1,1,0,1,70,2,2,1,0,0,1,52.0,34.0,voiture,deux_roues,1,2,1,1,3
202000007566,2020-07-20 04:38:00,2020,7,20,4,38,33,33069,AVE DE TIVOLI,44.86287,-0.59339,Nuit avec éclairage allumé,En agglomération,Hors intersection,Normale,Deux véhicules - côté,4,2,2,0,1,1,1,0,1,50,2,1,0,0,0,1,23.0,,deux_roues,,5,2,1,1,3
202000007567,2020-06-18 18:00:00,2020,6,18,18,0,75,75117,PORTE DE CHAMPERRET,48.883981,2.285279,Plein jour,En agglomération,Hors intersection,Normale,Deux véhicules - côté,4,1,4,0,1,1,1,1,1,70,2,2,1,0,0,1,53.0,45.0,deux_roues,voiture,1,2,1,1,3
202000007568,2020-06-17 19:45:00,2020,6,17,19,45,75,75117,PORTE DE SAINT OUEN,48.900348,2.322174,Plein jour,En agglomération,Hors intersection,Normale,Deux véhicules - côté,4,1,4,0,1,1,1,0,1,70,2,2,1,0,0,1,21.0,33.0,voiture,deux_roues,1,2,1,1,3
202000007569,2020-07-18 16:30:00,2020,7,18,16,30,31,31555,AV DES ETATS UNIS,43.6282373,1.4331847,Plein jour,En agglomération,Intersection en Y,Normale,Deux véhicules - côté,4,1,2,0,2,3,1,0,1,50,2,3,2,0,0,1,35.0,28.0,voiture,voiture,1,2,4,1,3
202000007570,2020-07-20 08:15:00,2020,7,20,8,15,29,29232,D783 - Boulevard President Allende,47.99532,-4.07309,Plein jour,En agglomération,Giratoire,Normale,Deux véhicules - arrière,3,2,4,0,1,1,1,0,1,50,2,2,1,0,0,1,16.0,30.0,deux_roues,voiture,1,2,6,1,2
202000007571,2020-07-14 15:55:00,2020,7,14,15,55,29,29019,Rue du Carpon,48.3897361,-4.5011061,Plein jour,En agglomération,Intersection en T,Normale,Autre collision,4,2,2,0,2,1,1,5,1,30,1,3,2,0,0,1,34.0,,voiture,,1,2,3,1,6
202000007572,2020-06-19 10:06:00,2020,6,19,10,6,75,75111,BOULEVARD BEAUMARCHAIS,48.855271,2.36862,Plein jour,En agglomération,Hors intersection,Normale,Deux véhicules - côté,4,2,4,3,1,1,1,-1,6,50,2,3,2,0,0,1,22.0,27.0,voiture,deux_roues,1,2,1,1,3
202000007573,2020-07-20 14:00:00,2020,7,20,14,0,17,17306,ROCHEFORT (DE)  (AVENUE),45.64888,-1.02441,Plein jour,En agglomération,Hors intersection,Normale,Deux véhicules - côté,4,-1,2,0,1,1,1,0,1,50,2,2,1,0,0,1,56.0,87.0,deux_roues,voiture,1,2,1,1,3
202000007574,2020-06-19 09:20:00,2020,6,19,9,20,75,75120,RUE DE BUZENVAL,48.854036,2.399944,Plein jour,En agglomération,Intersection en X,Normale,Deux véhicules - côté,4,1,2,0,3,1,1,0,1,30,2,2,1,0,0,1,28.0,21.0,deux_roues,utilitaire_camion,1,2,2,1,3
202000007575,2020-07-20 17:05:00,2020,7,20,17,5,16,16374,Av du Général de Gaulle,45.6363,0.207591,Plein jour,En agglomération,Hors intersection,Normale,Autre collision,4,3,2,0,1,1,1,0,1,50,1,2,1,0,1,0,22.0,,voiture,,1,2,1,1,6
202000007576,2020-07-20 10:30:00,2020,7,20,10,30,13,13117,SALYENS ( AVENUE DES ),43.44195,5.2531,Plein jour,En agglomération,Hors intersection,Normale,Autre collision,4,2,2,1,2,1,1,0,4,50,1,2,1,0,1,0,32.0,,utilitaire_camion,,1,2,1,1,6
202000007577,2020-06-19 14:10:00,2020,6,19,14,10,75,75119,RUE MANIN,48.883691,2.38962,Plein jour,En agglomération,Hors intersection,Normale,Deux véhicules - côté,4,2,2,0,1,1,1,0,1,50,2,2,1,0,0,1,51.0,23.0,utilitaire_camion,deux_roues,1,2,1,1,3
202000007578,2020-07-20 18:30:00,2020,7,20,18,30,13,13215,BERNABO (Bd),43.33658,5.3549728,Plein jour,En agglomération,Hors intersection,Normale,Deux véhicules - arrière,4,2,2,0,2,1,1,0,1,50,2,1,0,0,0,1,56.0,,voiture,,1,2,1,1,2
202000007579,2020-06-19 14:50:00,2020,6,19,14,50,75,75120,RUE DE BELLEVILLE,48.876807,2.405246,Plein jour,En agglomération,Intersection en Y,Normale,Autre collision,4,2,2,0,1,1,1,0,1,30,1,2,1,0,0,1,23.0,,deux_roues,,1,2,4,1,6
202000007580,2020-07-20 02:42:00,2020,7,20,2,42,13,13208,MENDES FRANCE (AVENUE),43.25376,5.37604,Nuit avec éclairage allumé,En agglomération,Hors intersection,Normale,Deux véhicules - arrière,4,2,4,0,1,1,1,0,1,50,2,2,1,0,1,0,21.0,,deux_roues,,5,2,1,1,2
202000007581,2020-06-19 12:30:00,2020,6,19,12,30,75,75119,AVENUE SIMON BOLIVAR,48.876918,2.374349,Plein jour,En agglomération,Hors intersection,Normale,Deux véhicules - côté,4,2,2,0,2,3,1,0,1,50,2,2,1,0,0,1,61.0,22.0,voiture,deux_roues,1,2,1,1,3
202000007582,2020-07-18 22:30:00,2020,7,18,22,30,13,13207,Corniche John Fitzgérald Kennedy,43.28834,5.35307,Nuit avec éclairage allumé,En agglomération,Hors intersection,Normale,,4,2,2,0,1,1,1,0,1,50,2,2,1,0,1,0,24.0,39.0,deux_roues,voiture,5,2,1,1,-1
202000007583,2020-07-19 05:30:00,2020,7,19,5,30,13,13005,LASCOURS (CHEMIN DE ),43.3302273,5.5732387,Crépuscule ou aube,Hors agglomération,Hors intersection,Normale,Sans collision,3,2,2,0,2,3,1,0,1,80,1,3,0,0,3,0,20.0,,voiture,,2,1,1,1,7
202000007584,2020-07-20 01:35:00,2020,7,20,1,35,06,06088,JAURES (BD JEAN),43.6966,7.2706,Nuit avec éclairage allumé,En agglomération,Autre intersection,Normale,Autre collision,4,1,2,0,1,1,1,0,1,50,1,2,0,0,2,0,70.0,,deux_roues,,5,2,9,1,6
202000007585,2020-06-19 07:40:00,2020,6,19,7,40,75,75118,RUE DAMREMONT,48.893638,2.336375,Plein jour,En agglomération,Intersection en X,Normale,Deux véhicules - côté,4,2,2,0,1,1,1,0,1,50,2,2,1,0,0,1,47.0,42.0,voiture,deux_roues,1,2,2,1,3
202000007586,2020-07-17 11:47:00,2020,7,17,11,47,05,05061,GENERAL DE GAULLE ( BD ),44.55903,6.07515,Plein jour,En agglomération,Intersection en T,Normale,Deux véhicules - côté,3,1,2,0,1,1,1,0,1,50,2,6,3,0,0,3,28.0,41.0,utilitaire_camion,voiture,1,2,3,1,3
202000007587,2020-06-19 19:40:00,2020,6,19,19,40,75,75117,RUE DU CAPORAL PEUGEOT,48.887918,2.288789,Plein jour,En agglomération,Place,Normale,Deux véhicules - côté,4,2,4,0,1,1,1,0,1,50,2,2,1,0,0,1,24.0,46.0,deux_roues,voiture,1,2,7,1,3
202000007588,2020-07-19 06:25:00,2020,7,19,6,25,75,75120,PORTE DES LILAS,48.875556,2.409953,Plein jour,En agglomération,Hors intersection,Normale,Autre collision,4,1,4,0,1,1,1,1,1,70,1,1,0,0,0,1,26.0,,deux_roues,,1,2,1,1,6
202000007589,2020-06-19 15:00:00,2020,6,19,15,0,75,75117,BOULEVARD DE COURCELLES,48.881206,2.315572,Plein jour,En agglomération,Intersection en X,Normale,Autre collision,4,2,4,0,1,1,1,9,1,50,1,2,1,0,0,1,45.0,,voiture,,1,2,2,1,6
202000007590,2020-07-20 22:50:00,2020,7,20,22,50,75,75119,RUE PETIT,48.884779,2.381261,Nuit avec éclairage allumé,En agglomération,Intersection en X,Normale,Trois véhicules et plus - en chaîne,4,1,1,0,1,1,1,0,1,30,3,3,2,0,0,1,38.0,27.0,voiture,deux_roues,5,2,2,1,4
202000007591,2020-06-19 00:25:00,2020,6,19,0,25,75,75116,ALLEE DE LONGCHAMP,48.864437,2.24187,Nuit avec éclairage allumé,En agglomération,Hors intersection,Normale,Deux véhicules - arrière,4,2,2,0,1,1,1,0,1,50,2,1,0,0,0,1,36.0,,deux_roues,,5,2,1,1,2
202000007592,2020-07-19 23:00:00,2020,7,19,23,0,75,75117,RUE DES APENNINS,48.890231,2.321512,Nuit avec éclairage non allumé,En agglomération,Hors intersection,Normale,Sans collision,4,1,1,0,1,1,1,0,1,20,1,1,0,0,0,1,24.0,,deux_roues,,4,2,1,1,7
202000007593,2020-06-19 01:35:00,2020,6,19,1,35,75,75116,ALLEE DE LONGCHAMP,48.867655,2.250882,Nuit avec éclairage allumé,En agglomération,Intersection en X,Normale,Deux véhicules - côté,4,2,2,0,1,1,1,0,1,50,2,1,0,0,0,1,25.0,,deux_roues,,5,2,2,1,3
202000007594,2020-07-20 05:40:00,2020,7,20,5,40,75,75115,QUAI ANDRE CITROEN,48.849329,2.281626,Plein jour,En agglomération,Intersection en X,Normale,Sans collision,4,2,5,0,1,1,1,0,1,50,1,2,0,0,0,2,21.0,,deux_roues,,1,2,2,1,7
202000007595,2020-07-20 22:05:00,2020,7,20,22,5,75,75114,RUE D ALESIA,48.830535,2.319267,Crépuscule ou aube,En agglomération,Intersection à plus de 4 branches,Normale,Deux véhicules - côté,4,2,4,0,1,1,1,0,1,50,2,1,0,0,0,1,32.0,,deux_roues,,2,2,5,1,3
202000007596,2020-06-19 20:30:00,2020,6,19,20,30,75,75115,PONT MIRABEAU,48.846446,2.276069,Plein jour,En agglomération,Hors intersection,Normale,Deux véhicules - côté,4,2,6,1,1,1,1,-1,5,50,2,3,1,0,0,2,65.0,21.0,voiture,deux_roues,1,2,1,1,3
202000007597,2020-06-18 11:55:00,2020,6,18,11,55,75,75115,AVENUE DE SUFFREN,48.852797,2.298347,Plein jour,En agglomération,Intersection en Y,Normale,,4,2,2,0,1,1,1,0,1,50,2,3,2,0,0,1,69.0,45.0,voiture,utilitaire_camion,1,2,4,1,-1
202000007598,2020-07-20 06:00:00,2020,7,20,6,0,75,75113,BOULEVARD MASSENA,48.820124,2.364649,Plein jour,En agglomération,Intersection en X,Normale,Deux véhicules - côté,4,2,4,0,1,1,1,0,1,50,2,6,2,0,0,4,61.0,20.0,voiture,voiture,1,2,2,1,3
202000007599,2020-07-20 10:10:00,2020,7,20,10,10,75,75110,QUAI DE VALMY,48.881957,2.368758,Plein jour,En agglomération,Hors intersection,Normale,Deux véhicules - côté,4,1,1,0,1,1,1,0,1,30,2,2,1,0,0,1,18.0,35.0,deux_roues,voiture,1,2,1,1,3
202000007600,2020-06-19 16:55:00,2020,6,19,16,55,75,75114,AVENUE RENE COTY,48.83254,2.332937,Plein jour,En agglomération,Hors intersection,Normale,Deux véhicules - côté,4,3,1,0,1,1,1,0,1,50,2,2,1,0,0,1,26.0,44.0,deux_roues,voiture,1,2,1,1,3
202000007601,2020-07-20 14:55:00,2020,7,20,14,55,75,75109,BOULEVARD DES ITALIENS,48.871276,2.33593,Plein jour,En agglomération,Intersection en X,Normale,Deux véhicules - côté,4,2,4,0,1,1,1,0,1,50,2,2,1,0,0,1,31.0,62.0,deux_roues,deux_roues,1,2,2,1,3
202000007602,2020-06-19 09:24:00,2020,6,19,9,24,75,75113,RUE CHARLES MOUREU,48.82757,2.362454,Plein jour,En agglomération,Intersection en T,Normale,Deux véhicules - côté,4,2,2,0,1,1,1,0,1,30,2,2,1,0,0,1,36.0,32.0,deux_roues,transport_commun,1,2,3,1,3
202000007603,2020-07-20 22:15:00,2020,7,20,22,15,75,75103,RUE DU TEMPLE,48.867162,2.362909,Nuit avec éclairage allumé,En agglomération,Intersection en Y,Normale,Deux véhicules - côté,4,2,7,0,1,1,1,0,1,50,2,2,1,0,0,1,42.0,48.0,deux_roues,deux_roues,5,2,4,1,3
202000007604,2020-06-18 21:40:00,2020,6,18,21,40,75,75111,BOULEVARD DE MENILMONTANT,48.865255,2.384572,Crépuscule ou aube,En agglomération,Intersection en T,Normale,Deux véhicules - côté,4,1,0,0,1,1,1,-1,5,50,2,2,1,0,0,1,32.0,21.0,deux_roues,voiture,2,2,3,1,3
202000007605,2020-07-20 20:30:00,2020,7,20,20,30,75,75101,PLACE VENDOME,48.867086,2.329043,Plein jour,En agglomération,Place,Normale,Autre collision,4,1,1,0,1,1,1,0,1,50,1,1,0,0,0,1,44.0,,deux_roues,,1,2,7,1,6
202000007606,2020-06-19 08:19:00,2020,6,19,8,19,75,75111,RUE DE LA FONTAINE AU ROI,48.868688,2.368128,Plein jour,En agglomération,Intersection en Y,Normale,Autre collision,4,2,2,0,2,1,1,0,1,30,1,1,0,0,0,1,,,,,1,2,4,1,6
202000007607,2020-07-20 17:40:00,2020,7,20,17,40,75,75104,RUE DE RIVOLI,48.855456,2.36009,Plein jour,En agglomération,Intersection en T,Normale,Autre collision,4,2,5,1,1,1,1,-1,5,50,1,2,1,0,1,0,16.0,,deux_roues,,1,2,3,1,6
202000007608,2020-06-19 14:25:00,2020,6,19,14,25,75,75108,PLACE DE LA MADELEINE,48.869989,2.325248,Plein jour,En agglomération,Place,Normale,Sans collision,4,1,2,0,1,1,1,0,1,50,1,1,0,0,0,1,22.0,,deux_roues,,1,2,7,1,7
202000007609,2020-07-20 18:25:00,2020,7,20,18,25,75,75104,RUE DE RIVOLI,48.857896,2.3502,Plein jour,En agglomération,Intersection en X,Normale,Autre collision,4,2,5,0,1,1,1,0,1,50,1,1,0,0,0,1,,,,,1,2,2,1,6
202000007610,2020-06-19 00:15:00,2020,6,19,0,15,75,75104,BOULEVARD HENRI IV,48.851413,2.363261,Nuit avec éclairage allumé,En agglomération,Hors intersection,Normale,Sans collision,4,2,3,0,1,1,1,0,4,30,1,1,0,0,0,1,52.0,,deux_roues,,5,2,1,1,7
202000007611,2020-07-20 13:35:00,2020,7,20,13,35,75,75102,RUE DU LOUVRE,48.866749,2.343837,Plein jour,En agglomération,Intersection en X,Normale,Deux véhicules - côté,4,2,3,0,1,1,1,0,1,30,2,2,1,0,0,1,24.0,33.0,utilitaire_camion,deux_roues,1,2,2,1,3
202000007612,2020-06-19 07:20:00,2020,6,19,7,20,75,75103,RUE SAINT MARTIN,48.867905,2.355007,Plein jour,En agglomération,Intersection en X,Normale,Deux véhicules - côté,4,1,2,0,1,1,1,0,1,50,2,1,0,0,0,1,28.0,,deux_roues,,1,2,2,1,3
202000007613,2020-07-19 01:55:00,2020,7,19,1,55,94,94081,FERME (R DE LA),48.78744,2.40154,Nuit avec éclairage allumé,En agglomération,Intersection en X,Normale,Deux véhicules - côté,4,2,4,0,1,1,1,0,1,50,2,2,1,0,0,1,33.0,41.0,voiture,deux_roues,5,2,2,1,3
202000007614,2020-06-19 19:30:00,2020,6,19,19,30,94,94042,GENERAL GALLIENI - PONT DE JOINVILLE (AV,48.82,2.468,Plein jour,En agglomération,Hors intersection,Normale,Deux véhicules - arrière,3,2,4,1,1,1,1,2,1,50,2,2,1,0,0,1,20.0,28.0,voiture,deux_roues,1,2,1,1,2
202000007615,2020-07-19 21:42:00,2020,7,19,21,42,94,94068,MAURICE BERTEAUX (BD),48.80979,2.47113,Crépuscule ou aube,En agglomération,Intersection en Y,Normale,Deux véhicules - côté,3,2,2,0,1,2,1,0,1,50,2,2,1,0,0,1,27.0,42.0,voiture,deux_roues,2,2,4,1,3
202000007616,2020-06-18 21:10:00,2020,6,18,21,10,94,94042,GENERAL GALLIENI (AV DU),48.82008,2.47713,Crépuscule ou aube,En agglomération,Hors intersection,Normale,Deux véhicules - côté,3,2,4,2,1,1,1,0,1,50,2,5,3,0,0,2,43.0,25.0,voiture,voiture,2,2,1,1,3
202000007617,2020-07-20 18:45:00,2020,7,20,18,45,94,94042,EUROPE (BD DE L),48.81492,2.46321,Plein jour,En agglomération,Intersection en X,Normale,Deux véhicules - côté,3,2,4,0,1,1,1,0,1,50,2,2,1,0,0,1,27.0,46.0,deux_roues,voiture,1,2,2,1,3
202000007618,2020-07-20 18:20:00,2020,7,20,18,20,94,94046,REPUBLIQUE (AV DE LA),48.808,2.4497,Plein jour,En agglomération,Hors intersection,Normale,Autre collision,3,2,2,0,1,1,1,0,1,50,1,2,1,0,0,1,34.0,,deux_roues,,1,2,1,1,6
202000007619,2020-06-19 08:40:00,2020,6,19,8,40,94,94076,DAUPHIN (R),48.80581,2.3642,Plein jour,En agglomération,Hors intersection,Normale,Sans collision,4,-1,2,0,1,1,1,0,4,50,1,1,0,0,0,1,26.0,,deux_roues,,1,2,1,1,7