accident_id,datetime,annee,mois,jour,heure,minute,departement,commune_insee,adresse,latitude,longitude,luminosite,agglomeration,intersection,meteo,collision,catr,circ,nbv,vosp,prof,plan,surf,infra,situ,vma,nb_vehicules,nb_usagers,nb_indemnes,nb_tues,nb_blesses_hosp,nb_blesses_legers,age_cond_1,age_cond_2,veh_type_cond_1,veh_type_cond_2,lum_code,agg_code,int_code,atm_code,col_code
202000007620,2020-06-18 12:32:00,2020,6,18,12,32,94,94076,MAXIME GORKI (BD),48.79336,2.36912,Plein jour,En agglomération,Hors intersection,Normale,Deux véhicules - côté,3,2,4,1,1,1,1,0,1,50,2,4,3,0,0,1,16.0,24.0,deux_roues,voiture,1,2,1,1,3
202000007621,2020-07-19 23:30:00,2020,7,19,23,30,94,94028,AV DE LA POMPADOUR,48.7734,2.4357,Nuit avec éclairage allumé,En agglomération,Hors intersection,Normale,Trois véhicules et plus - en chaîne,3,1,1,0,1,1,1,2,1,50,4,8,4,0,0,4,32.0,20.0,voiture,voiture,5,2,1,1,4
202000007622,2020-07-20 20:10:00,2020,7,20,20,10,94,94076,MAXIME GORKI (BD),48.794101,2.369003,Plein jour,En agglomération,Hors intersection,Normale,Sans collision,3,2,4,1,1,1,1,9,1,50,1,1,0,0,0,1,29.0,,deux_roues,,1,2,1,1,7
202000007623,2020-06-17 22:00:00,2020,6,17,22,0,94,94016,EUROPE (AV DE L),48.78587,2.32784,Nuit avec éclairage allumé,En agglomération,Hors intersection,Normale,Deux véhicules - arrière,3,2,2,1,1,1,1,0,5,50,2,2,1,0,0,1,46.0,22.0,voiture,voiture,5,2,1,1,2
202000007624,2020-07-19 17:54:00,2020,7,19,17,54,94,94016,MARX DORMOY (R),48.793761,2.333729,Plein jour,En agglomération,Intersection en X,Normale,Deux véhicules - côté,3,2,2,0,1,1,1,0,1,50,2,5,4,0,0,1,40.0,22.0,voiture,voiture,1,2,2,1,3
202000007625,2020-07-18 20:45:00,2020,7,18,20,45,94,94076,MAXIME GORKI (R),48.79811,2.36732,Plein jour,En agglomération,Autre intersection,Normale,Deux véhicules - arrière,3,-1,2,1,1,3,1,0,1,50,2,2,1,0,1,0,49.0,55.0,deux_roues,voiture,1,2,9,1,2
202000007626,2020-07-17 23:00:00,2020,7,17,23,0,94,94028,Duvauchelle (rue Dominique),48.7680203,2.4554749,Nuit sans éclairage public,En agglomération,Hors intersection,Normale,Deux véhicules - côté,4,2,2,0,1,2,1,0,1,50,2,2,1,0,0,1,37.0,32.0,utilitaire_camion,utilitaire_camion,3,2,1,1,3
202000007627,2020-06-19 10:05:00,2020,6,19,10,5,93,93066,CHEMIN VERT,48.9451264,2.380857,Plein jour,En agglomération,Hors intersection,Normale,Deux véhicules - côté,4,2,2,0,1,1,1,0,1,50,2,2,1,0,0,1,30.0,20.0,deux_roues,voiture,1,2,1,1,3
202000007628,2020-07-19 12:30:00,2020,7,19,12,30,93,93073,AV LOUIS DEQUET,48.9547883,2.58109,Plein jour,En agglomération,Hors intersection,Normale,Deux véhicules - arrière,4,2,2,0,1,1,1,0,1,50,2,2,1,0,0,1,24.0,62.0,transport_commun,utilitaire_camion,1,2,1,1,2
202000007629,2020-06-19 15:10:00,2020,6,19,15,10,93,93077,OUTREBON (AVENUE),48.88886,2.5111,Plein jour,En agglomération,Giratoire,Normale,Autre collision,3,1,0,0,1,1,1,0,1,50,1,2,1,0,0,1,16.0,,autre,,1,2,6,1,6
202000007630,2020-07-19 20:50:00,2020,7,19,20,50,93,93066,BRISE ECHALAS,48.9386547,2.3458908,Plein jour,En agglomération,Intersection en T,Normale,Autre collision,4,-1,1,0,1,1,1,0,1,30,1,2,1,0,0,1,26.0,,deux_roues,,1,2,3,1,6
202000007631,2020-06-19 14:40:00,2020,6,19,14,40,93,93014,ALL DE COUBRON,48.91173,2.55008,Plein jour,En agglomération,Hors intersection,Normale,Deux véhicules - côté,3,2,3,0,1,1,1,0,1,50,2,2,1,0,0,1,68.0,29.0,voiture,voiture,1,2,1,1,3
202000007632,2020-07-20 18:15:00,2020,7,20,18,15,93,93049,GALLIENI (BOULEVARD),48.8534054,2.5160171,Plein jour,En agglomération,Hors intersection,Normale,Deux véhicules - côté,3,3,3,0,1,1,1,0,1,50,2,3,2,0,0,1,27.0,34.0,utilitaire_camion,deux_roues,1,2,1,1,3
202000007633,2020-06-18 23:00:00,2020,6,18,23,0,92,92020,VANVES BOULEVARD DE N° PAIRS,48.8099597,2.2825454,Nuit avec éclairage allumé,En agglomération,Intersection en X,Normale,Deux véhicules - côté,3,2,2,0,1,1,1,0,1,50,2,2,1,0,1,0,22.0,44.0,deux_roues,voiture,5,2,2,1,3
202000007634,2020-06-19 17:40:00,2020,6,19,17,40,92,92024,GENERAL LECLERC (BD DU) (9 A 59)   (4 A,48.9024,2.3139,Plein jour,En agglomération,Intersection en X,Pluie légère,Deux véhicules - côté,3,2,4,1,1,1,2,0,1,50,2,2,1,0,0,1,27.0,30.0,deux_roues,voiture,1,2,2,2,3
202000007635,2020-07-20 19:30:00,2020,7,20,19,30,93,93001,DANIELLE CASANOVA (RUE)  56 =>,48.9185654,2.3925636,Plein jour,En agglomération,Hors intersection,Normale,Autre collision,3,2,3,0,1,1,1,0,1,50,1,2,1,0,0,1,37.0,,utilitaire_camion,,1,2,1,1,6
202000007636,2020-06-19 11:05:00,2020,6,19,11,5,92,92002,FONTAINE MOUTON (AVENUE DE LA),48.7386368,2.2903632,Plein jour,En agglomération,Intersection en T,Normale,Autre collision,4,2,2,0,2,1,1,0,1,30,1,2,1,1,0,0,58.0,,transport_commun,,1,2,3,1,6
202000007637,2020-07-19 10:50:00,2020,7,19,10,50,93,93027,JAURES (AVENUE JEAN),48.92518,2.39876,Plein jour,En agglomération,Hors intersection,Normale,Deux véhicules - côté,3,1,2,2,2,1,1,0,1,30,2,2,1,0,0,1,47.0,44.0,voiture,deux_roues,1,2,1,1,3
202000007638,2020-06-19 17:15:00,2020,6,19,17,15,83,83003,D49,43.606064,6.370429,Plein jour,Hors agglomération,Hors intersection,Normale,Deux véhicules - côté,3,2,2,0,1,3,1,0,1,80,2,2,1,1,0,0,48.0,61.0,voiture,deux_roues,1,1,1,1,3
202000007639,2020-07-20 21:00:00,2020,7,20,21,0,93,93047,CLICHY (AVENUE DE),48.9030648,2.5621743,Plein jour,En agglomération,Intersection en T,Normale,Deux véhicules - côté,4,2,2,0,1,1,1,0,1,50,2,2,1,0,0,1,51.0,41.0,voiture,deux_roues,1,2,3,1,3
202000007640,2020-06-20 12:24:00,2020,6,20,12,24,74,74238,D902 ROUTE DES GRANDES ALPES,46.247133,6.636531,Plein jour,Hors agglomération,Hors intersection,Normale,Deux véhicules - frontale,3,2,2,0,1,3,1,1,1,80,2,4,3,0,0,1,45.0,48.0,voiture,deux_roues,1,1,1,1,1
202000007641,2020-06-20 05:30:00,2020,6,20,5,30,972,97229,44 Ancienne Route de Schoelcher,14.611014,-61.092417,Nuit avec éclairage allumé,En agglomération,Hors intersection,Normale,Sans collision,3,2,2,0,2,1,2,0,1,50,1,1,0,1,0,0,21.0,,deux_roues,,5,2,1,1,7
202000007642,2020-07-20 19:00:00,2020,7,20,19,0,93,93005,ANDRE CITROEN (BOULEVARD),48.9590033,2.4860566,Plein jour,En agglomération,Hors intersection,Normale,Autre collision,3,2,4,0,1,1,1,0,1,50,1,1,0,0,0,1,36.0,,voiture,,1,2,1,1,6
202000007643,2020-06-20 09:20:00,2020,6,20,9,20,83,83004,D555,43.470222,6.484852,Plein jour,Hors agglomération,Intersection en X,Normale,Deux véhicules - côté,3,2,3,0,2,2,1,5,1,70,2,2,0,0,1,1,68.0,63.0,deux_roues,voiture,1,1,2,1,3
202000007644,2020-06-19 14:25:00,2020,6,19,14,25,27,27478,Rue Charles de Gaulle,48.967949,1.207541,Plein jour,En agglomération,Hors intersection,Normale,Autre collision,4,2,2,0,1,1,1,0,3,50,1,2,0,0,0,2,79.0,,voiture,,1,2,1,1,6
202000007645,2020-07-20 08:15:00,2020,7,20,8,15,93,93005,R DE LA DIVISION LECLERC,48.9241772,2.4901748,Plein jour,En agglomération,Hors intersection,Normale,Deux véhicules - arrière,4,1,1,0,1,1,1,0,1,50,2,2,1,0,0,1,22.0,39.0,voiture,deux_roues,1,2,1,1,2
202000007646,2020-06-19 20:00:00,2020,6,19,20,0,42,42194,D46 Chez garon,46.251058,3.842034,Plein jour,Hors agglomération,Hors intersection,Normale,Deux véhicules - frontale,3,2,2,0,1,1,1,0,1,80,2,4,0,0,0,4,40.0,32.0,voiture,voiture,1,1,1,1,1
202000007647,2020-07-20 18:40:00,2020,7,20,18,40,93,93001,JEAN JAURES  (AVE)  157 A 213,48.9113628,2.4003266,Plein jour,En agglomération,Intersection en X,Normale,Autre collision,3,3,4,1,1,1,1,0,1,50,1,1,0,1,0,0,,,,,1,2,2,1,6
202000007648,2020-06-19 17:10:00,2020,6,19,17,10,79,79307,16 Rue de la Chevalonnerie,46.13375,0.108452,Plein jour,En agglomération,Hors intersection,Normale,,4,2,2,0,1,1,1,0,1,50,2,2,1,0,1,0,35.0,35.0,deux_roues,voiture,1,2,1,1,-1
202000007649,2020-06-19 17:22:00,2020,6,19,17,22,68,68043,D83 - rons point du nouveau monde,47.8731836,7.2479008,Plein jour,Hors agglomération,Giratoire,Normale,Deux véhicules - côté,3,3,4,0,1,3,1,5,1,50,2,3,1,0,0,2,29.0,42.0,deux_roues,voiture,1,1,6,1,3
202000007650,2020-06-20 04:13:00,2020,6,20,4,13,44,44036,D771,47.700563,-1.404254,Nuit avec éclairage allumé,En agglomération,Giratoire,Normale,Deux véhicules - frontale,3,2,2,0,1,1,1,5,1,50,2,2,1,1,0,0,46.0,27.0,utilitaire_camion,voiture,5,2,6,1,1
202000007651,2020-07-20 14:50:00,2020,7,20,14,50,93,93001,JEAN JAURES  (AVE)  157 A 213,48.9095889,2.3983984,Plein jour,En agglomération,Hors intersection,Normale,Deux véhicules - côté,3,2,2,1,1,1,1,0,5,50,2,2,1,0,0,1,20.0,54.0,deux_roues,voiture,1,2,1,1,3
202000007652,2020-06-19 18:00:00,2020,6,19,18,0,87,87143,Rue de la Gagnerie,45.913086,1.14158,Plein jour,Hors agglomération,Autre intersection,Normale,Deux véhicules - frontale,3,2,2,0,2,2,1,0,1,80,2,4,0,1,2,1,42.0,20.0,voiture,voiture,1,1,9,1,1
202000007653,2020-06-09 18:55:00,2020,6,9,18,55,51,51508,8 Rue du Stade,48.6071505,4.405248,Plein jour,En agglomération,Hors intersection,Normale,Autre collision,3,2,2,0,1,2,1,0,3,50,1,2,1,1,0,0,68.0,,voiture,,1,2,1,1,6
202000007654,2020-06-19 15:15:00,2020,6,19,15,15,51,51535,N4,48.7197348,3.7625386,Plein jour,Hors agglomération,Hors intersection,Normale,Deux véhicules - arrière,2,2,1,0,1,1,1,0,1,80,2,2,1,0,0,1,33.0,41.0,deux_roues,voiture,1,1,1,1,2
202000007655,2020-07-20 20:50:00,2020,7,20,20,50,92,92048,PARIS (RUE DE) N° 12 A 164,48.812599,2.244714,Plein jour,En agglomération,Hors intersection,Normale,Deux véhicules - arrière,4,3,0,0,2,1,1,0,1,50,2,2,1,0,1,0,18.0,52.0,deux_roues,voiture,1,2,1,1,2
202000007656,2020-06-20 01:35:00,2020,6,20,1,35,56,56063,Route de Pont-scorff,47.817701,-3.435341,Nuit sans éclairage public,Hors agglomération,Hors intersection,Normale,Autre collision,3,2,2,0,1,2,1,0,1,80,1,1,0,0,1,0,23.0,,deux_roues,,3,1,1,1,6
202000007657,2020-06-20 10:45:00,2020,6,20,10,45,74,74071,75 Route d'Annecy,46.027474,5.890356,Plein jour,En agglomération,Intersection en T,Normale,Deux véhicules - côté,3,2,2,0,4,3,1,5,1,50,2,2,1,0,1,0,66.0,55.0,voiture,deux_roues,1,2,3,1,3
202000007658,2020-06-20 04:50:00,2020,6,20,4,50,76,76258,Le Vogosse (Sainte-Marguerite-sur-Fauville),49.67336,0.613186,Crépuscule ou aube,En agglomération,Hors intersection,Normale,Sans collision,9,-1,5,0,1,1,9,0,8,-1,1,4,3,0,1,0,23.0,,deux_roues,,2,2,1,1,7
202000007659,2020-07-19 14:00:00,2020,7,19,14,0,92,92004,VOLTAIRE ( BD 16 A FIN ),48.91629,2.29001,Plein jour,En agglomération,Hors intersection,Normale,Deux véhicules - côté,3,2,2,0,1,1,1,0,1,50,2,2,1,0,0,1,25.0,32.0,voiture,deux_roues,1,2,1,1,3
202000007660,2020-07-21 06:45:00,2020,7,21,6,45,26,26177,15 Grande Rue,45.117933,4.941487,Plein jour,En agglomération,Intersection en X,Normale,Deux véhicules - frontale,3,2,2,0,1,1,1,0,1,50,2,2,1,0,0,1,28.0,17.0,voiture,deux_roues,1,2,2,1,1
202000007661,2020-07-18 12:55:00,2020,7,18,12,55,95,95229,Avenue Jean Rostand,49.0341805,2.3419283,Plein jour,En agglomération,Giratoire,Normale,Sans collision,3,2,2,0,1,3,1,0,4,50,1,1,0,0,0,1,77.0,,deux_roues,,1,2,6,1,7
202000007662,2020-07-19 16:00:00,2020,7,19,16,0,52,52331,63 Avenue de Champagne,48.487554,4.759279,Plein jour,En agglomération,Hors intersection,Normale,,3,2,2,0,1,1,1,0,1,50,2,2,1,0,1,0,31.0,41.0,deux_roues,deux_roues,1,2,1,1,-1
202000007663,2020-06-18 15:45:00,2020,6,18,15,45,2A,2A228,Allee des Rouges Gorges,41.839793,8.770153,Plein jour,Hors agglomération,Hors intersection,Normale,Deux véhicules - arrière,3,2,2,0,1,1,1,0,3,50,2,2,1,0,1,0,79.0,46.0,voiture,deux_roues,1,1,1,1,2
202000007664,2020-06-19 19:15:00,2020,6,19,19,15,2A,2A271,RT 22,41.962823,8.8117282,Plein jour,En agglomération,Hors intersection,Normale,Deux véhicules - côté,2,2,2,0,1,1,1,0,1,70,2,2,1,0,1,0,18.0,24.0,deux_roues,voiture,1,2,1,1,3
202000007665,2020-06-19 23:15:00,2020,6,19,23,15,2B,2B096,D39,42.306856,9.163338,Nuit sans éclairage public,En agglomération,Hors intersection,Normale,Sans collision,3,2,2,0,1,1,1,0,1,50,1,1,0,0,0,1,39.0,,deux_roues,,3,2,1,1,7
202000007666,2020-06-21 14:58:00,2020,6,21,14,58,73,73180,D991,45.931946,5.835747,Plein jour,Hors agglomération,Intersection en T,Normale,Deux véhicules - côté,3,2,2,1,2,1,1,5,1,50,2,2,1,0,1,0,27.0,35.0,deux_roues,voiture,1,1,3,1,3
202000007667,2020-06-20 03:00:00,2020,6,20,3,0,82,82155,D115,44.140696,1.794779,Nuit sans éclairage public,Hors agglomération,Hors intersection,Normale,Autre collision,3,2,2,0,1,1,1,2,8,80,1,1,0,0,1,0,29.0,,voiture,,3,1,1,1,6
202000007668,2020-07-20 21:30:00,2020,7,20,21,30,31,31044,14 Avenue des Mourlingues,43.603607,1.509465,Plein jour,En agglomération,Hors intersection,Normale,Autre collision,4,2,2,0,2,3,1,0,4,50,1,1,0,0,0,1,47.0,,deux_roues,,1,2,1,1,6
202000007669,2020-06-19 18:05:00,2020,6,19,18,5,32,32180,D254,43.905932,0.203505,Plein jour,Hors agglomération,Hors intersection,Normale,Deux véhicules - arrière,3,2,2,0,2,1,1,0,1,80,2,3,0,0,2,1,20.0,58.0,deux_roues,voiture,1,1,1,1,2
202000007670,2020-07-21 18:23:00,2020,7,21,18,23,21,21138,A39,47.1891,5.324454,Plein jour,Hors agglomération,Hors intersection,Normale,Trois véhicules et plus - collisions multiples,1,3,4,0,1,1,1,0,1,130,4,6,3,0,1,2,85.0,23.0,voiture,voiture,1,1,1,1,5
202000007671,2020-06-20 09:13:00,2020,6,20,9,13,11,11251,Route du pont neuf - Montlaur,43.126813,2.554343,Plein jour,En agglomération,Hors intersection,Normale,Autre collision,3,2,2,0,1,1,1,0,3,50,1,2,0,1,0,1,86.0,,voiture,,1,2,1,1,6
202000007672,2020-07-21 12:35:00,2020,7,21,12,35,67,67490,3 Rue Principale,48.319338,7.348663,Plein jour,Hors agglomération,Giratoire,Normale,Deux véhicules - côté,3,1,1,0,1,2,1,5,1,80,2,2,1,0,0,1,45.0,31.0,deux_roues,voiture,1,1,6,1,3
202000007673,2020-06-20 10:00:00,2020,6,20,10,0,89,89405,D950,47.6288239,3.4853533,Plein jour,Hors agglomération,Hors intersection,Normale,Sans collision,3,2,2,0,1,1,1,0,8,80,1,1,0,0,1,0,17.0,,deux_roues,,1,1,1,1,7
202000007674,2020-07-21 14:00:00,2020,7,21,14,0,11,11203,D6113,43.207209,2.799969,Plein jour,Hors agglomération,Hors intersection,Normale,Deux véhicules - côté,3,2,2,0,1,1,1,0,1,80,2,2,0,0,1,1,23.0,45.0,voiture,deux_roues,1,1,1,1,3
202000007675,2020-06-20 04:30:00,2020,6,20,4,30,63,63179,D906,45.596902,3.723373,Nuit sans éclairage public,Hors agglomération,Hors intersection,Normale,Sans collision,3,2,2,0,1,3,1,0,8,80,1,1,0,0,1,0,26.0,,voiture,,3,1,1,1,7
202000007676,2020-07-21 13:15:00,2020,7,21,13,15,85,85215,D11,46.85492,-1.15318,Plein jour,Hors agglomération,Hors intersection,Normale,Autre collision,3,2,2,0,1,1,1,0,3,80,1,1,0,0,1,0,21.0,,voiture,,1,1,1,1,6
202000007677,2020-06-18 17:15:00,2020,6,18,17,15,68,68065,D32,47.644422,7.036861,Plein jour,Hors agglomération,Hors intersection,Normale,Sans collision,3,2,2,0,1,2,1,0,8,80,1,2,0,0,0,2,21.0,,utilitaire_camion,,1,1,1,1,7
202000007678,2020-07-19 17:30:00,2020,7,19,17,30,63,63352,A75 - PK 43+800 - Sens Nord / Sud,45.445801,3.26957,Plein jour,Hors agglomération,Hors intersection,Temps éblouissant,Autre collision,1,3,4,0,1,1,1,0,2,-1,1,2,1,0,1,0,71.0,,voiture,,1,1,1,7,6
202000007679,2020-07-21 13:20:00,2020,7,21,13,20,50,50512,Les Trois Cailloux,49.039922,-1.158162,Plein jour,Hors agglomération,Hors intersection,Normale,Sans collision,3,2,2,0,2,2,1,0,1,80,1,1,0,0,0,1,41.0,,deux_roues,,1,1,1,1,7
202000007680,2020-07-19 09:20:00,2020,7,19,9,20,83,83131,3 Rue des Vergers,43.213057,6.025946,Plein jour,Hors agglomération,Autre intersection,Normale,Deux véhicules - arrière,3,2,2,0,1,1,1,0,1,70,2,3,1,0,1,1,41.0,59.0,voiture,deux_roues,1,1,9,1,2
202000007681,2020-06-19 15:05:00,2020,6,19,15,5,26,26299,D93,44.762089,5.289693,Plein jour,Hors agglomération,Hors intersection,Normale,Deux véhicules - frontale,3,2,2,0,1,1,1,0,1,80,2,3,0,0,2,1,20.0,71.0,voiture,voiture,1,1,1,1,1
202000007682,2020-07-12 11:45:00,2020,7,12,11,45,57,57089,7 Rue de Wissembourg,49.054742,7.446762,Plein jour,En agglomération,Hors intersection,Normale,Autre collision,3,2,2,0,1,1,1,0,4,30,1,1,0,0,1,0,57.0,,deux_roues,,1,2,1,1,6
202000007683,2020-06-19 16:35:00,2020,6,19,16,35,54,54131,D120,48.882508,6.191343,Plein jour,Hors agglomération,Hors intersection,Normale,Autre collision,3,2,2,0,4,1,1,0,8,80,1,1,0,0,1,0,31.0,,voiture,,1,1,1,1,6
202000007684,2020-06-28 10:26:00,2020,6,28,10,26,76,76191,Terres de la Corbiere,49.7226286,1.1453594,Plein jour,Hors agglomération,Intersection en X,Normale,Deux véhicules - côté,3,2,2,0,1,1,1,0,1,80,2,2,1,0,1,0,52.0,56.0,voiture,deux_roues,1,1,2,1,3
202000007685,2020-07-10 14:30:00,2020,7,10,14,30,76,76395,Route de Dieppe,49.879897,0.967076,Plein jour,Hors agglomération,Intersection en T,Normale,Deux véhicules - côté,3,2,2,0,2,1,1,0,1,80,2,2,1,0,0,1,50.0,61.0,deux_roues,utilitaire_camion,1,1,3,1,3
202000007686,2020-06-20 16:20:00,2020,6,20,16,20,61,61203,RD 30,48.396325,0.059427,Plein jour,Hors agglomération,Intersection en T,Normale,Trois véhicules et plus - en chaîne,3,2,2,0,1,1,1,5,1,80,3,3,2,0,1,0,29.0,61.0,deux_roues,voiture,1,1,3,1,4
202000007687,2020-07-20 14:00:00,2020,7,20,14,0,79,79202,Rue de Chanzy,46.64445,-0.242826,Plein jour,En agglomération,Giratoire,Normale,Deux véhicules - côté,4,1,1,0,1,1,1,5,1,50,2,2,1,0,0,1,37.0,16.0,voiture,deux_roues,1,2,6,1,3
202000007688,2020-06-20 18:25:00,2020,6,20,18,25,14,14371,Les Prés de Court,49.051926,0.201423,Plein jour,Hors agglomération,Intersection en X,Normale,Autre collision,3,2,2,0,1,1,1,0,3,80,1,1,0,0,1,0,19.0,,deux_roues,,1,1,2,1,6
202000007689,2020-07-21 13:45:00,2020,7,21,13,45,80,80791,9 Cote de Vers,49.85311,2.237912,Plein jour,En agglomération,Hors intersection,Normale,Autre collision,3,2,2,0,2,1,1,0,4,50,1,1,0,0,1,0,33.0,,utilitaire_camion,,1,2,1,1,6
202000007690,2020-06-20 18:00:00,2020,6,20,18,0,05,05152,L'ubac 05800,44.804981,6.11814,Plein jour,Hors agglomération,Hors intersection,Normale,Sans collision,4,2,2,0,2,3,1,0,8,50,1,2,0,0,2,0,17.0,,deux_roues,,1,1,1,1,7
202000007691,2020-07-21 10:50:00,2020,7,21,10,50,81,81177,D612,43.699559,2.212924,Plein jour,Hors agglomération,Hors intersection,Normale,Sans collision,3,2,3,0,1,1,1,0,8,90,1,6,4,0,0,2,29.0,,voiture,,1,1,1,1,7
202000007692,2020-06-20 13:15:00,2020,6,20,13,15,50,50267,Route du Calvaire,49.250229,-1.543332,Plein jour,Hors agglomération,Hors intersection,Normale,Autre collision,3,2,2,0,1,1,1,0,3,80,1,1,0,0,1,0,70.0,,voiture,,1,1,1,1,6
202000007693,2020-07-18 19:40:00,2020,7,18,19,40,47,47038,D146,44.345335,0.391645,Plein jour,Hors agglomération,Hors intersection,Normale,Sans collision,3,2,2,0,1,3,1,0,3,80,1,1,0,0,1,0,52.0,,voiture,,1,1,1,1,7
202000007694,2020-06-20 16:50:00,2020,6,20,16,50,60,60193,chemin d'amiens,49.6962249,1.923573,Plein jour,Hors agglomération,Hors intersection,Normale,Sans collision,4,2,2,0,1,3,1,0,3,80,1,2,0,0,0,2,20.0,,voiture,,1,1,1,1,7
202000007695,2020-07-11 18:29:00,2020,7,11,18,29,38,38130,Route de Champier,45.415658,5.261349,Plein jour,Hors agglomération,Intersection en X,Normale,Deux véhicules - côté,3,2,2,0,1,1,1,0,1,80,2,3,2,0,0,1,37.0,60.0,voiture,voiture,1,1,2,1,3
202000007696,2020-07-21 17:30:00,2020,7,21,17,30,38,38416,Boulevard du Champ de Mars,45.15274,5.31927,Plein jour,En agglomération,Hors intersection,Normale,Autre collision,4,2,2,0,1,1,1,0,4,50,1,1,0,0,1,0,19.0,,deux_roues,,1,2,1,1,6
202000007697,2020-06-13 16:44:00,2020,6,13,16,44,45,45182,D19 - PR 18 + 700,47.6742167,1.7983917,Plein jour,En agglomération,Hors intersection,Pluie légère,,3,2,2,0,1,1,2,0,1,80,2,3,0,0,1,2,58.0,59.0,deux_roues,deux_roues,1,2,1,2,-1
202000007698,2020-06-20 10:45:00,2020,6,20,10,45,73,73183,D22 Route des Vignes,45.5098637,5.9858643,Plein jour,Hors agglomération,Intersection en X,Normale,Deux véhicules - côté,3,2,2,0,1,1,1,0,1,80,2,2,1,0,1,0,29.0,47.0,deux_roues,voiture,1,1,2,1,3
202000007699,2020-07-21 10:25:00,2020,7,21,10,25,03,03210,,46.703581,3.0089199,Plein jour,Hors agglomération,Intersection en T,Normale,Deux véhicules - arrière,3,2,2,0,2,1,1,0,1,80,2,2,1,0,1,0,56.0,17.0,voiture,deux_roues,1,1,3,1,2
202000007700,2020-06-20 04:00:00,2020,6,20,4,0,10,10209,RD 619 PK 80+500,48.243939,4.281964,Nuit sans éclairage public,Hors agglomération,Hors intersection,Normale,Deux véhicules - arrière,3,2,2,0,2,1,1,0,1,80,2,2,1,0,0,1,42.0,22.0,voiture,voiture,3,1,1,1,2
202000007701,2020-07-20 22:48:00,2020,7,20,22,48,01,01195,233 Rue Charles Robin,46.212143,5.325424,Nuit avec éclairage allumé,En agglomération,Intersection en T,Normale,Autre collision,3,2,2,0,1,1,1,5,1,50,1,1,0,0,0,1,34.0,,deux_roues,,5,2,3,1,6
202000007702,2020-07-21 21:05:00,2020,7,21,21,5,54,54200,D 904,48.882526,5.845928,Plein jour,Hors agglomération,Hors intersection,Normale,Sans collision,3,2,2,0,2,1,1,0,3,80,1,2,0,0,1,1,23.0,,voiture,,1,1,1,1,7
202000007703,2020-06-19 18:20:00,2020,6,19,18,20,16,16192,Ld Pont Sigoulant,45.8841155,0.5962469,Plein jour,Hors agglomération,Intersection en T,Normale,Deux véhicules - côté,2,2,2,0,4,1,1,0,1,70,2,3,2,0,1,0,17.0,58.0,voiture,deux_roues,1,1,3,1,3
202000007704,2020-07-21 04:10:00,2020,7,21,4,10,16,16400,Lieu dit Le Bois des Chaumes,45.954384,0.20127,Nuit sans éclairage public,Hors agglomération,Hors intersection,Normale,Autre collision,2,3,4,0,1,1,1,0,1,90,1,4,2,0,2,0,17.0,,voiture,,3,1,1,1,6
202000007705,2020-06-19 20:08:00,2020,6,19,20,8,16,16064,Ld Anglars,45.966637,0.869536,Plein jour,Hors agglomération,Hors intersection,Normale,Autre collision,3,2,2,0,1,3,1,0,3,80,1,1,0,0,1,0,47.0,,deux_roues,,1,1,1,1,6
202000007706,2020-07-20 17:45:00,2020,7,20,17,45,16,16249,Lieu-dit Chevillac,46.124725,0.756129,Plein jour,Hors agglomération,Hors intersection,Normale,Autre collision,3,2,2,0,2,3,1,0,1,80,1,1,0,0,0,1,84.0,,voiture,,1,1,1,1,6
202000007707,2020-06-19 19:45:00,2020,6,19,19,45,07,07339,D104,44.672315,4.458046,Plein jour,Hors agglomération,Hors intersection,Normale,Deux véhicules - côté,3,2,2,0,2,1,1,0,1,80,2,2,1,0,1,0,68.0,35.0,voiture,deux_roues,1,1,1,1,3
202000007708,2020-07-20 19:45:00,2020,7,20,19,45,85,85103,910 Route des Sables,46.536259,-1.626567,Plein jour,Hors agglomération,Hors intersection,Normale,Trois véhicules et plus - collisions multiples,3,-1,2,0,2,1,1,0,1,80,3,3,0,0,1,2,22.0,22.0,voiture,voiture,1,1,1,1,5
202000007709,2020-06-20 17:50:00,2020,6,20,17,50,53,53040,RD 106 PK 9+200,48.136867,-1.054591,Plein jour,Hors agglomération,Hors intersection,Normale,Deux véhicules - côté,3,2,2,0,1,3,1,0,1,80,2,3,0,0,2,1,48.0,22.0,deux_roues,deux_roues,1,1,1,1,3
202000007710,2020-07-20 19:59:00,2020,7,20,19,59,27,27028,D46,49.221704,0.697653,Plein jour,En agglomération,Passage à niveau,Normale,Deux véhicules - côté,3,2,2,0,1,4,1,4,1,50,2,2,1,0,0,1,20.0,50.0,voiture,transport_commun,1,2,8,1,3
202000007711,2020-07-19 15:41:00,2020,7,19,15,41,27,27680,D438,48.914153,0.422854,Plein jour,Hors agglomération,Hors intersection,Normale,Autre collision,3,2,2,0,1,1,1,0,3,80,1,3,0,0,1,2,26.0,,voiture,,1,1,1,1,6
202000007712,2020-06-19 17:50:00,2020,6,19,17,50,87,87012,N147,46.060502,1.117237,Plein jour,Hors agglomération,Hors intersection,Normale,Sans collision,2,2,2,0,2,2,1,0,3,70,1,2,1,0,1,0,30.0,,deux_roues,,1,1,1,1,7