accident_id,datetime,annee,mois,jour,heure,minute,departement,commune_insee,adresse,latitude,longitude,luminosite,agglomeration,intersection,meteo,collision,catr,circ,nbv,vosp,prof,plan,surf,infra,situ,vma,nb_vehicules,nb_usagers,nb_indemnes,nb_tues,nb_blesses_hosp,nb_blesses_legers,age_cond_1,age_cond_2,veh_type_cond_1,veh_type_cond_2,lum_code,agg_code,int_code,atm_code,col_code
202000007713,2020-07-19 20:30:00,2020,7,19,20,30,17,17459,rue du bois de garde,45.912349,-0.423463,Plein jour,Hors agglomération,Hors intersection,Normale,Deux véhicules - frontale,3,-1,2,0,1,1,1,0,1,-1,2,4,0,0,1,3,24.0,66.0,voiture,voiture,1,1,1,1,1
202000007714,2020-06-20 07:35:00,2020,6,20,7,35,87,87012,pont de la varogne,46.057017,1.121303,Plein jour,Hors agglomération,Hors intersection,Normale,Deux véhicules - frontale,2,2,2,0,2,2,1,2,1,50,2,3,0,0,2,1,69.0,33.0,voiture,voiture,1,1,1,1,1
202000007715,2020-07-21 12:40:00,2020,7,21,12,40,30,30339,Val-d'Aigoual,44.098496,3.55618,Plein jour,Hors agglomération,Hors intersection,Normale,Autre collision,3,2,2,0,2,2,1,0,1,-1,1,1,0,0,1,0,37.0,,deux_roues,,1,1,1,1,6
202000007716,2020-07-21 07:40:00,2020,7,21,7,40,973,97309,Rue Passiflore,4.892364,-52.285346,Plein jour,En agglomération,Hors intersection,Normale,Deux véhicules - arrière,4,2,2,0,1,1,2,0,1,50,2,2,1,0,1,0,58.0,21.0,voiture,deux_roues,1,2,1,1,2
202000007717,2020-07-21 13:20:00,2020,7,21,13,20,51,51572,A4,49.0359472,4.614822,Plein jour,Hors agglomération,Hors intersection,Normale,Autre collision,1,-1,2,0,1,1,1,0,1,90,1,1,0,0,1,0,23.0,,utilitaire_camion,,1,1,1,1,6
202000007718,2020-06-19 20:30:00,2020,6,19,20,30,30,30030,route departentale 161,44.035473,4.278459,Plein jour,Hors agglomération,Hors intersection,Normale,Deux véhicules - arrière,3,2,2,0,1,1,1,0,1,80,2,3,2,0,1,0,22.0,51.0,deux_roues,voiture,1,1,1,1,2
202000007719,2020-07-20 19:10:00,2020,7,20,19,10,76,76391,A13,49.33877,0.954416,Plein jour,Hors agglomération,Hors intersection,Normale,Trois véhicules et plus - en chaîne,1,3,3,3,1,2,1,0,1,130,6,7,5,0,0,2,30.0,21.0,utilitaire_camion,voiture,1,1,1,1,4
202000007720,2020-06-11 06:45:00,2020,6,11,6,45,30,30077,Route de la Baume,44.154476,4.033645,Plein jour,Hors agglomération,Hors intersection,Normale,Autre collision,3,2,2,0,1,1,1,0,8,80,1,1,0,0,1,0,27.0,,deux_roues,,1,1,1,1,6
202000007721,2020-06-19 13:23:00,2020,6,19,13,23,30,30284,Route de Villefort,44.172586,4.082612,Plein jour,En agglomération,Hors intersection,Normale,Autre collision,3,2,2,0,1,2,1,0,3,70,1,1,0,0,1,0,58.0,,voiture,,1,2,1,1,6
202000007722,2020-06-20 10:25:00,2020,6,20,10,25,08,08460,D8043,49.846894,4.501165,Plein jour,En agglomération,Intersection en T,Temps couvert,Deux véhicules - côté,3,2,2,0,1,1,1,0,1,50,2,2,1,0,1,0,39.0,36.0,voiture,deux_roues,1,2,3,8,3
202000007723,2020-07-20 11:23:00,2020,7,20,11,23,13,13051,A7,43.593936,5.17499,Plein jour,Hors agglomération,Hors intersection,Normale,Trois véhicules et plus - collisions multiples,1,3,5,0,1,1,1,0,1,130,5,11,10,0,1,0,52.0,29.0,voiture,utilitaire_camion,1,1,1,1,5
202000007724,2020-07-19 20:30:00,2020,7,19,20,30,988,98817,RP2/RUE DES JAMELONNIERS,-22.242888,166.576123,Nuit avec éclairage allumé,En agglomération,Intersection en T,Pluie légère,Autre collision,3,2,2,0,1,1,2,0,3,50,1,1,0,0,1,0,34.0,,utilitaire_camion,,5,2,3,2,6
202000007725,2020-06-20 11:50:00,2020,6,20,11,50,88,88468,9 Avenue de Verdun,47.881368,6.762139,Plein jour,En agglomération,Intersection en T,Normale,Deux véhicules - côté,2,2,2,0,1,1,1,0,1,50,2,2,1,0,0,1,48.0,30.0,voiture,deux_roues,1,2,3,1,3
202000007726,2020-07-21 23:00:00,2020,7,21,23,0,988,98804,TRIBU DE HAOULI/CANALA/RPN3,-21.527442,165.870874,Nuit sans éclairage public,Hors agglomération,Hors intersection,Normale,Sans collision,3,2,2,0,1,1,1,0,3,-1,1,1,0,0,1,0,,,,,3,1,1,1,7
202000007727,2020-07-17 11:30:00,2020,7,17,11,30,973,97313,N2,4.782288,-52.418454,Plein jour,Hors agglomération,Hors intersection,Normale,Sans collision,2,2,2,0,1,2,1,0,8,-1,1,1,0,0,1,0,57.0,,utilitaire_camion,,1,1,1,1,7
202000007728,2020-06-20 00:30:00,2020,6,20,0,30,49,49092,bretelle de sortie A87 sens 2,47.23838,-0.730419,Nuit sans éclairage public,Hors agglomération,Hors intersection,Normale,Sans collision,1,1,1,0,2,3,1,3,1,90,1,1,0,0,0,1,23.0,,voiture,,3,1,1,1,7
202000007729,2020-07-20 16:00:00,2020,7,20,16,0,971,97116,Marieulle,16.327131,-61.466178,Plein jour,En agglomération,Hors intersection,Normale,Deux véhicules - frontale,2,2,2,0,2,1,1,0,1,50,2,4,1,0,1,2,24.0,75.0,voiture,utilitaire_camion,1,2,1,1,1
202000007730,2020-06-19 18:55:00,2020,6,19,18,55,11,11225,A61,43.310206,1.901332,Plein jour,Hors agglomération,Hors intersection,Normale,Trois véhicules et plus - en chaîne,1,3,4,0,1,1,1,0,1,130,3,4,3,0,1,0,25.0,27.0,voiture,voiture,1,1,1,1,4
202000007731,2020-07-20 15:10:00,2020,7,20,15,10,78,78193,Rue de Versailles,48.710015,1.989754,Plein jour,Hors agglomération,Hors intersection,Normale,Deux véhicules - frontale,3,2,2,0,1,1,1,0,1,50,2,2,0,0,1,1,36.0,48.0,voiture,voiture,1,1,1,1,1
202000007732,2020-06-19 02:30:00,2020,6,19,2,30,988,98813,Rue Geston LENEZ,-21.712211,165.840543,Nuit avec éclairage allumé,En agglomération,Hors intersection,Normale,Autre collision,4,2,2,0,4,1,1,0,1,50,1,1,0,1,0,0,,,,,5,2,1,1,6
202000007733,2020-07-20 18:40:00,2020,7,20,18,40,83,83068,D61,43.266381,6.556945,Plein jour,Hors agglomération,Hors intersection,Normale,Deux véhicules - côté,3,2,2,0,1,1,1,0,1,-1,2,2,1,0,0,1,67.0,25.0,voiture,deux_roues,1,1,1,1,3
202000007734,2020-05-27 17:25:00,2020,5,27,17,25,986,98613,route,-13.2750225,-176.190191,Plein jour,Hors agglomération,Intersection en X,Normale,Deux véhicules - côté,2,2,2,0,1,1,1,0,1,70,2,2,0,0,2,0,41.0,25.0,voiture,voiture,1,1,2,1,3
202000007735,2020-06-19 18:50:00,2020,6,19,18,50,976,97608,Boulevard des Crabes,-12.785379,45.260249,Nuit sans éclairage public,En agglomération,Hors intersection,Pluie légère,Deux véhicules - arrière,3,2,1,0,1,1,2,0,1,50,2,2,1,0,0,1,25.0,31.0,deux_roues,voiture,3,2,1,2,2
202000007736,2020-07-18 18:45:00,2020,7,18,18,45,13,13097,RD.24,43.630238,4.806355,Plein jour,Hors agglomération,Intersection en Y,Normale,Deux véhicules - frontale,2,2,-1,-1,1,2,1,0,1,-1,2,7,1,0,2,4,20.0,44.0,voiture,voiture,1,1,4,1,1
202000007737,2020-06-20 16:40:00,2020,6,20,16,40,77,77029,D211,48.637602,2.862496,Plein jour,Hors agglomération,Intersection en X,Normale,Deux véhicules - côté,3,2,1,0,1,1,1,0,1,80,2,4,2,0,2,0,37.0,37.0,deux_roues,utilitaire_camion,1,1,2,1,3
202000007738,2020-07-20 18:58:00,2020,7,20,18,58,26,26002,Autoroute du Soleil,45.255193,4.835744,Plein jour,Hors agglomération,Hors intersection,Normale,Sans collision,1,3,5,0,1,1,1,0,3,130,1,9,0,5,4,0,42.0,,voiture,,1,1,1,1,7
202000007739,2020-06-19 21:50:00,2020,6,19,21,50,2B,2B307,16 Scalo,42.381852,9.528499,Nuit avec éclairage allumé,En agglomération,Hors intersection,Normale,Deux véhicules - frontale,3,2,2,0,1,1,1,0,1,50,2,2,1,0,0,1,36.0,27.0,autre,voiture,5,2,1,1,1
202000007740,2020-06-09 22:30:00,2020,6,9,22,30,83,83035,Route du Grand Vallat,43.202634,5.769598,Nuit sans éclairage public,Hors agglomération,Hors intersection,Normale,Sans collision,3,2,2,0,1,2,1,0,8,70,1,2,0,0,1,1,23.0,,voiture,,3,1,1,1,7
202000007741,2020-06-20 14:00:00,2020,6,20,14,0,05,05136,N94,44.70055,6.60929,Plein jour,Hors agglomération,Intersection en T,Normale,Deux véhicules - côté,2,2,2,0,1,1,1,5,8,80,2,2,0,0,0,2,34.0,66.0,voiture,deux_roues,1,1,3,1,3
202000007742,2020-06-20 12:30:00,2020,6,20,12,30,13,13041,Route de Greasque,43.452043,5.495165,Plein jour,Hors agglomération,Intersection en T,Normale,Deux véhicules - arrière,3,2,2,0,1,1,1,0,1,80,2,4,2,0,2,0,20.0,59.0,voiture,voiture,1,1,3,1,2
202000007743,2020-06-20 14:35:00,2020,6,20,14,35,89,89257,Avenue du Port,47.960781,3.504733,Plein jour,En agglomération,Intersection en X,Normale,Autre collision,3,2,2,0,2,1,1,2,1,50,1,2,1,0,1,0,67.0,,voiture,,1,2,2,1,6
202000007744,2020-07-20 10:15:00,2020,7,20,10,15,26,26002,Autoroute du Soleil,45.237487,4.846258,Plein jour,Hors agglomération,Hors intersection,Normale,Trois véhicules et plus - en chaîne,1,3,4,3,2,1,1,0,1,130,4,5,3,1,1,0,68.0,60.0,voiture,voiture,1,1,1,1,4
202000007745,2020-06-20 16:30:00,2020,6,20,16,30,71,71238,Voie Communale des Pierres,46.2194594,4.0572411,Plein jour,Hors agglomération,Hors intersection,Normale,Deux véhicules - frontale,4,2,2,0,2,2,1,0,1,80,2,2,0,0,1,1,18.0,32.0,deux_roues,voiture,1,1,1,1,1
202000007746,2020-07-16 11:55:00,2020,7,16,11,55,52,52312,13 Rue de Langres,47.887546,5.206608,Plein jour,En agglomération,Intersection en Y,Normale,Deux véhicules - côté,3,2,2,0,1,2,1,0,1,45,2,2,1,0,0,1,10.0,32.0,deux_roues,utilitaire_camion,1,2,4,1,3
202000007747,2020-07-19 15:25:00,2020,7,19,15,25,38,38341,Montee des Grimaudieres,45.586789,5.409275,Plein jour,En agglomération,Hors intersection,Normale,Autre collision,4,2,2,0,2,3,1,0,3,50,1,3,0,0,2,1,18.0,,voiture,,1,2,1,1,6
202000007748,2020-07-21 03:50:00,2020,7,21,3,50,38,38153,Route de Villard de Lans,45.18201,5.62025,Nuit sans éclairage public,Hors agglomération,Hors intersection,Normale,Autre collision,3,2,2,0,2,4,1,0,1,80,1,4,1,0,1,2,17.0,,voiture,,3,1,1,1,6
202000007749,2020-07-20 06:50:00,2020,7,20,6,50,26,26168,Route de Sisteron,44.663806,5.69582,Crépuscule ou aube,Hors agglomération,Hors intersection,Normale,Autre collision,3,2,2,0,1,1,1,0,3,80,1,1,0,0,1,0,19.0,,voiture,,2,1,1,1,6
202000007750,2020-07-21 09:15:00,2020,7,21,9,15,26,26064,2105 Route de Malissard,44.898413,4.983222,Plein jour,Hors agglomération,Intersection en X,Normale,Deux véhicules - frontale,3,2,2,0,1,2,1,0,1,80,2,2,0,0,0,2,26.0,36.0,voiture,voiture,1,1,2,1,1
202000007751,2020-07-20 04:00:00,2020,7,20,4,0,65,65059,Avenue Maquis de Payolle,43.059972,0.154361,Nuit avec éclairage allumé,En agglomération,Hors intersection,Normale,Autre collision,3,2,2,0,1,1,1,0,4,50,1,1,0,0,1,0,35.0,,deux_roues,,5,2,1,1,6
202000007752,2020-07-20 23:30:00,2020,7,20,23,30,17,17119,167 Rue de la Traverserie,45.613076,-0.882425,Nuit avec éclairage allumé,Hors agglomération,Hors intersection,Normale,Autre collision,3,-1,2,0,1,1,1,0,3,70,1,2,0,1,1,0,28.0,,voiture,,5,1,1,1,6
202000007753,2020-07-12 19:30:00,2020,7,12,19,30,86,86210,D147,47.133437,0.055599,Plein jour,Hors agglomération,Hors intersection,Normale,Deux véhicules - côté,3,2,2,0,1,1,1,0,1,80,2,2,1,0,1,0,33.0,64.0,deux_roues,voiture,1,1,1,1,3
202000007754,2020-06-20 12:40:00,2020,6,20,12,40,74,74042,Avenue Charles de Gaulle,46.072821,6.40622,Plein jour,En agglomération,Intersection en T,Normale,Deux véhicules - côté,3,2,2,0,1,3,1,0,1,50,2,4,3,0,0,1,24.0,62.0,voiture,deux_roues,1,2,3,1,3
202000007755,2020-07-21 15:30:00,2020,7,21,15,30,33,33227,Rond-point d'Aquitaine,44.556943,-0.252825,Plein jour,En agglomération,Giratoire,Normale,Autre collision,3,2,4,2,1,3,1,5,1,50,1,1,0,0,1,0,63.0,,voiture,,1,2,6,1,6
202000007756,2020-06-19 18:15:00,2020,6,19,18,15,74,74003,D909,45.892241,6.25783,Plein jour,Hors agglomération,Hors intersection,Normale,Deux véhicules - arrière,3,-1,2,2,1,1,1,0,5,80,2,2,1,0,1,0,32.0,57.0,voiture,deux_roues,1,1,1,1,2
202000007757,2020-07-20 08:24:00,2020,7,20,8,24,85,85106,Route de l'Epine,46.967998,-2.245663,Plein jour,Hors agglomération,Hors intersection,Normale,Autre collision,3,2,2,0,1,1,1,0,1,80,1,1,0,0,1,0,74.0,,deux_roues,,1,1,1,1,6
202000007758,2020-07-20 18:15:00,2020,7,20,18,15,76,76321,240 Rue d'Orival,49.789884,1.222344,Plein jour,En agglomération,Intersection en T,Normale,Deux véhicules - frontale,4,2,2,0,1,1,1,0,1,50,2,2,1,0,1,0,52.0,21.0,utilitaire_camion,voiture,1,2,3,1,1
202000007759,2020-06-20 01:00:00,2020,6,20,1,0,81,81099,avenue charles de gaulle,43.903752,1.906579,Nuit avec éclairage allumé,En agglomération,Hors intersection,Normale,Autre collision,3,2,2,1,1,1,1,0,1,50,1,1,0,0,1,0,42.0,,deux_roues,,5,2,1,1,6
202000007760,2020-07-07 03:10:00,2020,7,7,3,10,80,80033,Aire d'Assevillers Ouest (Embranchement d'autoroute),49.888808,2.838823,Nuit avec éclairage allumé,Hors agglomération,Autre intersection,Normale,Sans collision,1,1,1,0,1,3,1,9,1,-1,1,1,0,0,1,0,56.0,,voiture,,5,1,9,1,7
202000007761,2020-06-20 20:15:00,2020,6,20,20,15,81,81173,N126,43.611195,1.740469,Crépuscule ou aube,Hors agglomération,Hors intersection,Normale,Deux véhicules - côté,2,2,2,0,1,1,1,0,1,80,2,4,3,0,0,1,38.0,44.0,voiture,voiture,2,1,1,1,3
202000007762,2020-07-16 11:40:00,2020,7,16,11,40,67,67152,Route Nationale 83,48.531392,7.693356,Plein jour,Hors agglomération,Hors intersection,Pluie légère,Autre collision,2,1,2,0,2,2,2,0,1,50,1,1,0,0,0,1,49.0,,voiture,,1,1,1,2,6
202000007763,2020-07-20 16:00:00,2020,7,20,16,0,94,94037,AUTOROUTE A6B,48.8159951,2.3568556,Plein jour,Hors agglomération,Hors intersection,Normale,Deux véhicules - côté,1,1,2,0,1,2,1,1,1,50,2,2,1,0,0,1,51.0,23.0,utilitaire_camion,deux_roues,1,1,1,1,3
202000007764,2020-06-19 08:45:00,2020,6,19,8,45,31,31433,78 Route d'Espagne,43.540463,1.414062,Plein jour,En agglomération,Hors intersection,Normale,Deux véhicules - côté,3,2,4,0,1,1,1,9,1,50,2,2,1,0,1,0,33.0,23.0,voiture,deux_roues,1,2,1,1,3
202000007765,2020-07-20 12:15:00,2020,7,20,12,15,91,91340,RN 104,48.6078,2.4338,Plein jour,Hors agglomération,Hors intersection,Normale,Sans collision,1,1,2,0,1,3,1,0,3,70,1,1,0,0,0,1,34.0,,utilitaire_camion,,1,1,1,1,7
202000007766,2020-06-11 07:30:00,2020,6,11,7,30,50,50612,9 Route de la Côte,48.681742,-1.412795,Plein jour,En agglomération,Autre intersection,Normale,Deux véhicules - côté,3,2,2,0,2,1,1,0,1,50,2,2,1,0,0,1,17.0,20.0,deux_roues,voiture,1,2,9,1,3
202000007767,2020-07-20 11:10:00,2020,7,20,11,10,91,91434,AUTOROUTE A6,48.6687,2.3577,Plein jour,Hors agglomération,Hors intersection,Normale,Deux véhicules - arrière,1,1,3,0,1,1,1,0,1,110,2,2,1,0,0,1,28.0,39.0,voiture,deux_roues,1,1,1,1,2
202000007768,2020-07-20 07:30:00,2020,7,20,7,30,95,95582,AUTOROUTE A15,48.9719817,2.248285,Plein jour,Hors agglomération,Hors intersection,Normale,Deux véhicules - arrière,1,3,9,0,1,1,1,0,1,110,2,2,1,0,0,1,21.0,38.0,voiture,deux_roues,1,1,1,1,2
202000007769,2020-07-20 06:15:00,2020,7,20,6,15,95,95365,RN 104,49.06336,2.41233,Plein jour,Hors agglomération,Hors intersection,Normale,Deux véhicules - arrière,2,3,4,0,1,1,1,0,1,110,2,2,1,0,0,1,54.0,39.0,utilitaire_camion,voiture,1,1,1,1,2
202000007770,2020-07-20 08:40:00,2020,7,20,8,40,77,77337,A4,48.8303864,2.6112166,Plein jour,Hors agglomération,Hors intersection,Normale,,1,-1,3,0,1,1,1,0,1,110,3,3,1,0,0,2,26.0,30.0,deux_roues,deux_roues,1,1,1,1,-1
202000007771,2020-06-20 11:15:00,2020,6,20,11,15,27,27448,155 Route de Paris,49.009399,1.400945,Plein jour,En agglomération,Autre intersection,Normale,Deux véhicules - côté,4,4,2,3,2,1,1,9,1,50,2,3,2,0,0,1,36.0,44.0,deux_roues,voiture,1,2,9,1,3
202000007772,2020-07-18 23:57:00,2020,7,18,23,57,988,98818,FERRY (RUE JULES),-22.26656,166.43746,Nuit avec éclairage allumé,En agglomération,Hors intersection,Pluie légère,Autre collision,4,1,2,0,1,2,2,0,3,70,1,5,4,0,0,1,20.0,,utilitaire_camion,,5,2,1,2,6
202000007773,2020-07-10 09:15:00,2020,7,10,9,15,988,98818,FOREST (RUE FERNAND),-22.24464,166.45132,Plein jour,En agglomération,Hors intersection,Normale,Autre collision,4,2,2,0,1,1,1,0,1,50,1,2,1,0,1,0,33.0,,voiture,,1,2,1,1,6
202000007774,2020-06-20 18:45:00,2020,6,20,18,45,60,60575,Route Nationale 1,49.288593,2.201021,Plein jour,En agglomération,Hors intersection,Normale,Deux véhicules - arrière,3,2,2,0,1,1,1,0,1,50,2,2,0,0,0,2,51.0,24.0,deux_roues,voiture,1,2,1,1,2
202000007775,2020-07-19 22:20:00,2020,7,19,22,20,974,97416,MITTERAND (AVENUE DU PDT),-21.34511,55.48518,Nuit avec éclairage allumé,En agglomération,Hors intersection,Normale,Deux véhicules - côté,4,2,2,0,1,1,1,0,1,50,2,2,1,0,0,1,24.0,21.0,voiture,deux_roues,5,2,1,1,3
202000007776,2020-07-19 21:30:00,2020,7,19,21,30,69,69259,LEON TOLSTOI                        (R ),45.6995543,4.8616287,Plein jour,En agglomération,Hors intersection,Normale,Autre collision,4,2,2,0,2,1,1,0,1,50,1,2,1,0,0,1,25.0,,voiture,,1,2,1,1,6
202000007777,2020-06-20 00:30:00,2020,6,20,0,30,59,59051,M441,50.542181,2.813745,Nuit avec éclairage allumé,Hors agglomération,Giratoire,Normale,Autre collision,7,2,2,0,1,1,1,0,1,80,1,1,0,0,1,0,33.0,,deux_roues,,5,1,6,1,6
202000007778,2020-07-19 21:00:00,2020,7,19,21,0,69,69199,ALBERT THOMAS                       (AV),45.7073203,4.8590098,Crépuscule ou aube,En agglomération,Hors intersection,Normale,Autre collision,4,1,4,0,1,1,1,5,1,30,1,2,1,0,1,0,23.0,,voiture,,2,2,1,1,6
202000007779,2020-06-16 14:40:00,2020,6,16,14,40,13,13001,A51-Sens Marseille vers Aix en Provence,43.51682,5.428491,Plein jour,Hors agglomération,Hors intersection,Normale,Deux véhicules - arrière,1,1,2,0,1,1,1,0,1,90,2,2,1,0,0,1,33.0,60.0,voiture,voiture,1,1,1,1,2
202000007780,2020-07-19 09:35:00,2020,7,19,9,35,69,69388,CROIX BARRET (DE LA)                (R ),45.73675,4.84496,Plein jour,En agglomération,Hors intersection,Normale,Autre collision,4,2,2,1,2,1,1,2,1,50,1,2,1,0,0,1,23.0,,voiture,,1,2,1,1,6
202000007781,2020-06-18 11:45:00,2020,6,18,11,45,13,13026,A55-Sens Martigues vers Marseille,43.3749,5.1775,Plein jour,Hors agglomération,Hors intersection,Normale,Deux véhicules - arrière,1,1,2,0,1,1,1,0,1,110,2,3,2,0,0,1,30.0,34.0,voiture,utilitaire_camion,1,1,1,1,2
202000007782,2020-07-19 08:20:00,2020,7,19,8,20,69,69387,BERTHELOT                           (AV),45.7467101,4.8371364,Plein jour,En agglomération,Intersection en X,Normale,Deux véhicules - côté,4,4,3,0,1,1,1,9,1,50,2,2,1,0,0,1,21.0,64.0,deux_roues,voiture,1,2,2,1,3
202000007783,2020-06-19 17:00:00,2020,6,19,17,0,93,93007,AUTOROUTE A1,48.94683,2.44258,Plein jour,Hors agglomération,Hors intersection,Normale,Trois véhicules et plus - en chaîne,1,3,8,0,1,1,1,1,1,110,4,4,3,0,0,1,56.0,23.0,utilitaire_camion,utilitaire_camion,1,1,1,1,4
202000007784,2020-07-18 15:55:00,2020,7,18,15,55,972,97213,ROUTE DEPARTEMENTALE 15,14.6436,-61.01033,Plein jour,Hors agglomération,Intersection en X,Normale,Deux véhicules - côté,3,-1,2,0,2,1,1,0,1,50,2,2,1,0,1,0,22.0,31.0,voiture,deux_roues,1,1,2,1,3
202000007785,2020-06-19 16:10:00,2020,6,19,16,10,93,93008,AUTOROUTE A86,48.91326,2.43476,Plein jour,Hors agglomération,Hors intersection,Normale,Deux véhicules - côté,1,3,8,0,1,1,1,1,1,90,2,2,1,0,0,1,61.0,45.0,voiture,deux_roues,1,1,1,1,3
202000007786,2020-07-18 13:10:00,2020,7,18,13,10,91,91549,CORBEIL (ROUTE DE),48.648395,2.335974,Plein jour,En agglomération,Hors intersection,Normale,Deux véhicules - côté,3,2,2,0,1,1,1,0,1,50,2,3,2,0,1,0,34.0,44.0,voiture,deux_roues,1,2,1,1,3
202000007787,2020-06-19 07:15:00,2020,6,19,7,15,95,95018, A15,48.94967,2.28021,Crépuscule ou aube,Hors agglomération,Hors intersection,Normale,Deux véhicules - côté,1,3,8,0,1,1,1,2,1,110,2,2,1,0,0,1,27.0,60.0,voiture,deux_roues,2,1,1,1,3
202000007788,2020-07-18 18:30:00,2020,7,18,18,30,91,91345,PRESIDENT FRANCOIS MITTERAND,48.69438,2.29373,Plein jour,En agglomération,Hors intersection,Normale,Autre collision,3,2,2,0,1,1,1,0,4,30,1,5,3,1,0,1,43.0,,voiture,,1,2,1,1,6
202000007789,2020-06-18 14:20:00,2020,6,18,14,20,92,92036,AUTOROUTE A86,48.93883,2.30686,Plein jour,Hors agglomération,Hors intersection,Normale,Deux véhicules - arrière,1,3,3,0,1,1,1,0,1,90,2,3,2,0,0,1,35.0,23.0,voiture,utilitaire_camion,1,1,1,1,2
202000007790,2020-07-19 13:55:00,2020,7,19,13,55,83,83129,RAYOLET (CORNICHE DU),43.08716,5.81222,Plein jour,En agglomération,Hors intersection,Normale,Deux véhicules - côté,4,2,1,0,1,1,1,0,1,50,2,2,1,0,1,0,77.0,38.0,voiture,deux_roues,1,2,1,1,3
202000007791,2020-06-18 14:30:00,2020,6,18,14,30,93,93066,AUTOROUTE A1,48.91989,2.35725,Plein jour,Hors agglomération,Hors intersection,Normale,Deux véhicules - arrière,1,3,8,0,1,1,1,0,1,90,2,2,1,0,0,1,63.0,29.0,voiture,voiture,1,1,1,1,2
202000007792,2020-07-18 22:40:00,2020,7,18,22,40,83,83129,FORT (MONTEE DU),43.10197,5.84129,Nuit sans éclairage public,En agglomération,Hors intersection,Normale,Autre collision,4,2,1,0,2,3,1,0,3,50,1,7,3,0,1,3,18.0,,voiture,,3,2,1,1,6
202000007793,2020-07-20 00:27:00,2020,7,20,0,27,83,83061,AVENUE DE PORT-FRÉJUS,43.42394,6.74814,Nuit avec éclairage allumé,En agglomération,Hors intersection,Normale,Autre collision,4,2,2,0,1,1,1,0,1,50,1,4,3,1,0,0,21.0,,voiture,,5,2,1,1,6
202000007794,2020-06-19 07:00:00,2020,6,19,7,0,94,94017,A4,48.83012,2.49239,Plein jour,Hors agglomération,Hors intersection,Normale,Sans collision,1,1,2,0,1,1,1,0,1,70,1,1,0,0,0,1,23.0,,deux_roues,,1,1,1,1,7
202000007795,2020-07-19 17:10:00,2020,7,19,17,10,83,83118,BOULEVARD EUGÈNE BRIEUX,43.435654,6.892512,Plein jour,En agglomération,Hors intersection,Normale,Sans collision,4,2,2,0,1,2,1,0,1,70,1,2,0,0,1,1,66.0,,deux_roues,,1,2,1,1,7
202000007796,2020-04-12 18:05:00,2020,4,12,18,5,33,33318,Avenue Pasteur / Avenue de la Forge / Avenue Sainte Marie,44.80243,-0.6455,Plein jour,En agglomération,Intersection en X,Normale,Deux véhicules - côté,4,2,5,2,1,1,1,5,8,50,2,2,1,0,0,1,32.0,19.0,voiture,deux_roues,1,2,2,1,3
202000007797,2020-07-18 10:10:00,2020,7,18,10,10,69,69290,GEORGE SAND                         (R ),45.6937951,4.9363524,Plein jour,En agglomération,Hors intersection,Normale,Autre collision,4,1,1,0,1,1,1,0,8,50,1,1,0,0,1,0,,,,,1,2,1,1,6
202000007798,2020-07-13 15:44:00,2020,7,13,15,44,68,68297,GARE ( RUE DE LA ),47.59124,7.55733,Plein jour,En agglomération,Giratoire,Normale,Autre collision,4,2,2,1,1,1,1,9,1,50,1,3,1,0,0,2,78.0,,voiture,,1,2,6,1,6
202000007799,2020-06-18 00:00:00,2020,6,18,0,0,988,98818,AVENUE JAMES COOK,-22.26663,166.41134,Nuit sans éclairage public,En agglomération,Hors intersection,Normale,Sans collision,4,2,2,0,2,1,1,0,3,50,1,2,0,0,0,2,24.0,,voiture,,3,2,1,1,7
202000007800,2020-07-19 18:05:00,2020,7,19,18,5,60,60463,Avenue du 8 Mai 1945,49.2775548,2.4627049,Plein jour,En agglomération,Hors intersection,Normale,Autre collision,3,2,2,0,1,1,1,0,1,30,1,2,1,0,0,1,44.0,,voiture,,1,2,1,1,6
202000007801,2020-06-18 11:00:00,2020,6,18,11,0,988,98818,HT N°176 RUE GEORGES LEQUES,-22.23343,166.495545,Plein jour,En agglomération,Hors intersection,Normale,Autre collision,4,2,2,1,1,2,1,0,4,30,1,2,1,0,0,1,73.0,,voiture,,1,2,1,1,6
202000007802,2020-07-19 21:30:00,2020,7,19,21,30,57,57606,CD 72 (ROUTE DE PORCELETTE),49.13889,6.6785,Crépuscule ou aube,Hors agglomération,Hors intersection,Normale,Autre collision,3,2,2,0,1,3,1,0,1,70,1,4,0,0,1,3,22.0,,voiture,,2,1,1,1,6
202000007803,2020-06-18 08:40:00,2020,6,18,8,40,974,97416,CD 29,-21.35095,55.50908,Plein jour,En agglomération,Hors intersection,Normale,Deux véhicules - côté,3,2,2,0,2,1,2,0,1,50,2,2,1,0,0,1,57.0,19.0,utilitaire_camion,voiture,1,2,1,1,3
202000007804,2020-07-17 19:18:00,2020,7,17,19,18,51,51108,Rue Jean Jaurès,48.95328,4.34603,Plein jour,En agglomération,Intersection en T,Normale,Deux véhicules - côté,4,3,2,3,2,1,1,0,1,50,2,2,1,0,1,0,25.0,34.0,voiture,deux_roues,1,2,3,1,3
202000007805,2020-07-19 11:00:00,2020,7,19,11,0,45,45234,Rue du 11 Novembre,47.9163213,1.9282208,Plein jour,En agglomération,Hors intersection,Normale,Sans collision,4,2,2,0,1,2,1,0,3,50,1,1,0,0,0,1,42.0,,voiture,,1,2,1,1,7