accident_id,datetime,annee,mois,jour,heure,minute,departement,commune_insee,adresse,latitude,longitude,luminosite,agglomeration,intersection,meteo,collision,catr,circ,nbv,vosp,prof,plan,surf,infra,situ,vma,nb_vehicules,nb_usagers,nb_indemnes,nb_tues,nb_blesses_hosp,nb_blesses_legers,age_cond_1,age_cond_2,veh_type_cond_1,veh_type_cond_2,lum_code,agg_code,int_code,atm_code,col_code
202000007806,2020-07-19 19:30:00,2020,7,19,19,30,37,37261,SAINT SAUVEUR (PONT),47.3732283,0.6785342,Plein jour,En agglomération,Hors intersection,Normale,,3,2,4,0,1,1,1,0,1,50,2,2,1,0,0,1,47.0,14.0,voiture,deux_roues,1,2,1,1,-1
202000007807,2020-06-18 14:00:00,2020,6,18,14,0,69,69388,ETATS UNIS (DES)                    (BD),45.7349034,4.8634163,Plein jour,En agglomération,Intersection en X,Normale,Deux véhicules - arrière,4,3,6,2,1,1,1,5,1,50,2,2,1,0,0,1,34.0,52.0,deux_roues,deux_roues,1,2,2,1,2
202000007808,2020-07-19 23:10:00,2020,7,19,23,10,35,35238,92 rue d'Antrain,48.11933,-1.67479,Nuit avec éclairage allumé,En agglomération,Hors intersection,Normale,Autre collision,4,2,2,0,1,1,1,5,1,50,1,1,0,0,0,1,23.0,,deux_roues,,5,2,1,1,6
202000007809,2020-06-18 09:25:00,2020,6,18,9,25,69,69383,ARSONVAL (D')                       (PL),45.7432695,4.8796906,Plein jour,En agglomération,Hors intersection,Normale,Autre collision,6,-1,-1,0,2,1,6,9,8,50,1,1,0,0,0,1,80.0,,voiture,,1,2,1,1,6
202000007810,2020-07-19 20:05:00,2020,7,19,20,5,34,34172,ORIENT (BOULEVARD D'),43.6037,3.88996,Plein jour,En agglomération,Hors intersection,Normale,Autre collision,4,-1,1,0,1,2,1,0,1,50,1,3,2,0,0,1,21.0,,voiture,,1,2,1,1,6
202000007811,2020-06-17 10:00:00,2020,6,17,10,0,972,97209,AUTOROUTE (A1),14.614,-61.046,Plein jour,Hors agglomération,Hors intersection,Normale,Sans collision,1,3,4,0,2,1,1,0,1,90,1,2,0,0,0,2,55.0,,utilitaire_camion,,1,1,1,1,7
202000007812,2020-07-18 17:00:00,2020,7,18,17,0,30,30189,CITE FOULC (RUE),43.83221,4.36077,Plein jour,En agglomération,Intersection en X,Normale,Deux véhicules - côté,7,-1,1,0,1,1,1,0,1,50,2,2,1,0,0,1,28.0,26.0,voiture,deux_roues,1,2,2,1,3
202000007813,2020-06-18 18:10:00,2020,6,18,18,10,69,69385,ROMAIN ROLLAND                      (QU),45.76249,4.82889,Plein jour,En agglomération,Hors intersection,Normale,,4,1,2,1,2,1,1,0,5,50,2,3,2,0,0,1,46.0,21.0,deux_roues,voiture,1,2,1,1,-1
202000007814,2020-07-19 18:12:00,2020,7,19,18,12,26,26058,BART RUE JEAN,44.95364,4.88786,Plein jour,En agglomération,Hors intersection,Normale,Trois véhicules et plus - en chaîne,4,2,2,0,1,1,1,0,1,50,3,3,2,0,0,1,57.0,33.0,voiture,voiture,1,2,1,1,4
202000007815,2020-06-18 18:00:00,2020,6,18,18,0,69,69202,GRANDE RUE                          (GR),45.7341657,4.8038733,Plein jour,En agglomération,Hors intersection,Normale,Autre collision,4,2,2,0,1,3,1,9,1,30,1,2,1,0,0,1,51.0,,deux_roues,,1,2,1,1,6
202000007816,2020-07-19 23:48:00,2020,7,19,23,48,17,17300,MONNAIE   AVENUE DE LA,46.15631,-1.15731,Nuit avec éclairage allumé,En agglomération,Intersection en X,Normale,Deux véhicules - côté,4,1,1,1,1,1,1,0,1,30,2,2,1,0,0,1,48.0,48.0,voiture,deux_roues,5,2,2,1,3
202000007817,2020-06-17 21:30:00,2020,6,17,21,30,69,69152,BARRAGE                             (CH ,45.6934,4.82803,Crépuscule ou aube,En agglomération,Giratoire,Normale,Deux véhicules - côté,3,3,2,1,1,1,1,0,1,50,2,2,1,0,0,1,17.0,34.0,deux_roues,voiture,2,2,6,1,3
202000007818,2020-07-18 11:55:00,2020,7,18,11,55,13,13208,BARRAL (BOULEVARD),43.264789,5.3938425,Plein jour,En agglomération,Hors intersection,Normale,Trois véhicules et plus - en chaîne,4,2,1,0,1,1,1,0,1,50,3,3,2,0,0,1,20.0,18.0,deux_roues,deux_roues,1,2,1,1,4
202000007819,2020-07-19 14:15:00,2020,7,19,14,15,13,13002,GENERAL LECLERC (AVENUE DU),43.34525,5.48717,Plein jour,En agglomération,Intersection en Y,Normale,Autre collision,4,2,2,0,2,1,1,0,8,50,1,1,0,0,0,1,20.0,,utilitaire_camion,,1,2,4,1,6
202000007820,2020-06-17 18:15:00,2020,6,17,18,15,91,91223,R.N.20,48.39061,2.10813,Plein jour,Hors agglomération,Hors intersection,Normale,Autre collision,2,3,4,0,1,1,1,0,1,90,1,1,0,0,0,1,48.0,,voiture,,1,1,1,1,6
202000007821,2020-07-19 11:10:00,2020,7,19,11,10,13,13209,SAINTE MARGUERITE (BOULEVARD),43.2634,5.40491,Plein jour,En agglomération,Intersection en X,Normale,Deux véhicules - côté,4,2,2,0,1,1,1,5,1,50,2,2,1,0,0,1,41.0,63.0,voiture,deux_roues,1,2,2,1,3
202000007822,2020-06-18 17:30:00,2020,6,18,17,30,91,91201,GENERAL DE GAULLE(BOULEVARD),48.6872,2.39914,Plein jour,En agglomération,Autre intersection,Pluie légère,Sans collision,3,2,2,0,2,4,1,5,1,30,1,1,0,0,1,0,33.0,,deux_roues,,1,2,9,2,7
202000007823,2020-07-17 23:15:00,2020,7,17,23,15,13,13208,PRADO (AVENUE DU),43.26573,5.38083,Nuit avec éclairage allumé,En agglomération,Hors intersection,Normale,Trois véhicules et plus - collisions multiples,4,2,6,3,1,1,1,0,1,50,3,5,0,0,0,5,21.0,25.0,voiture,voiture,5,2,1,1,5
202000007824,2020-06-13 07:20:00,2020,6,13,7,20,86,86194,Rue Dom Fonteneau,46.587005,0.340015,Crépuscule ou aube,En agglomération,Autre intersection,Normale,Autre collision,4,2,2,0,1,1,1,0,1,50,1,1,0,0,0,1,20.0,,voiture,,2,2,9,1,6
202000007825,2020-05-06 18:30:00,2020,5,6,18,30,30,30351,OLIVIERS CHEMIN DES,43.97642,4.79569,Plein jour,En agglomération,Hors intersection,Normale,Autre collision,4,2,2,0,2,3,1,0,1,30,1,5,1,0,2,2,58.0,,voiture,,1,2,1,1,6
202000007826,2020-07-19 18:00:00,2020,7,19,18,0,06,06088,ANGLAIS (A PARTIR DU N° 351),43.67132,7.22431,Plein jour,En agglomération,Hors intersection,Normale,Trois véhicules et plus - collisions multiples,4,1,4,0,1,1,1,0,1,50,4,7,3,0,0,4,48.0,58.0,voiture,voiture,1,2,1,1,5
202000007827,2020-07-19 17:00:00,2020,7,19,17,0,06,06069,CARNOT (BOULEVARD ET TRAVERSE),43.655871,6.922244,Crépuscule ou aube,En agglomération,Hors intersection,Normale,Autre collision,3,2,2,0,1,1,1,9,1,50,1,2,1,0,0,1,69.0,,voiture,,2,2,1,1,6
202000007828,2020-07-19 07:12:00,2020,7,19,7,12,75,75110,RUE LOUIS BLANC,48.881102,2.365161,Plein jour,En agglomération,Intersection en X,Normale,Deux véhicules - côté,4,1,1,0,1,1,1,0,1,50,2,6,0,0,0,6,22.0,26.0,utilitaire_camion,voiture,1,2,2,1,3
202000007829,2020-07-18 10:08:00,2020,7,18,10,8,75,75110,BOULEVARD DE LA CHAPELLE,48.884318,2.359134,Plein jour,En agglomération,Intersection à plus de 4 branches,Normale,Deux véhicules - côté,4,1,1,0,1,1,1,0,1,50,2,6,4,0,0,2,31.0,29.0,voiture,voiture,1,2,5,1,3
202000007830,2020-07-19 14:10:00,2020,7,19,14,10,75,75106,QUAI MALAQUAIS,48.858301,2.333544,Plein jour,En agglomération,Hors intersection,Normale,Deux véhicules - côté,4,2,6,1,1,1,1,-1,5,50,2,2,0,0,0,2,36.0,22.0,deux_roues,deux_roues,1,2,1,1,3
202000007831,2020-07-19 07:18:00,2020,7,19,7,18,75,75105,BOULEVARD DE L HOPITAL,48.843214,2.364105,Plein jour,En agglomération,Intersection en Y,Normale,Deux véhicules - côté,4,2,2,0,1,1,1,0,1,50,2,2,1,0,0,1,60.0,33.0,voiture,deux_roues,1,2,4,1,3
202000007832,2020-07-19 01:43:00,2020,7,19,1,43,75,75105,QUAI SAINT BERNARD,48.849085,2.357671,Nuit avec éclairage allumé,En agglomération,Hors intersection,Normale,Deux véhicules - frontale,4,2,4,0,1,1,1,0,1,50,2,2,1,0,0,1,20.0,30.0,voiture,deux_roues,5,2,1,1,1
202000007833,2020-07-19 01:00:00,2020,7,19,1,0,75,75120,RUE DES PYRENEES,48.872754,2.390833,Nuit avec éclairage allumé,En agglomération,Hors intersection,Normale,Deux véhicules - côté,4,2,2,0,1,1,1,0,1,50,2,2,1,0,0,1,31.0,46.0,deux_roues,deux_roues,5,2,1,1,3
202000007834,2020-07-08 02:25:00,2020,7,8,2,25,75,75111,RUE DE CHARONNE,48.852049,2.373949,Nuit avec éclairage allumé,En agglomération,Hors intersection,Normale,Autre collision,4,1,2,0,1,1,1,0,1,30,1,2,0,0,0,2,,,,,5,2,1,1,6
202000007835,2020-07-19 16:45:00,2020,7,19,16,45,75,75118,BOULEVARD NEY,48.897739,2.329064,Plein jour,En agglomération,Intersection à plus de 4 branches,Normale,Trois véhicules et plus - collisions multiples,4,2,0,0,1,1,1,0,1,50,3,3,2,0,0,1,22.0,25.0,voiture,deux_roues,1,2,5,1,5
202000007836,2020-07-19 11:30:00,2020,7,19,11,30,75,75117,AVENUE DE VILLIERS,48.883896,2.3044,Plein jour,En agglomération,Hors intersection,Normale,Autre collision,4,2,2,0,1,1,1,0,1,50,1,2,0,0,0,2,80.0,,voiture,,1,2,1,1,6
202000007837,2020-07-19 21:00:00,2020,7,19,21,0,75,75112,AVENUE DAUMESNIL,48.836691,2.403518,Plein jour,En agglomération,Intersection en X,Normale,Deux véhicules - côté,4,2,2,0,1,1,1,0,1,50,2,3,2,0,0,1,27.0,18.0,voiture,deux_roues,1,2,2,1,3
202000007838,2020-07-19 10:30:00,2020,7,19,10,30,75,75112,AVENUE DE LA PORTE DE VINCENNES,48.846866,2.411993,Plein jour,En agglomération,Hors intersection,Normale,Sans collision,4,-1,2,0,1,1,1,0,1,50,1,1,0,0,0,1,37.0,,deux_roues,,1,2,1,1,7
202000007839,2020-07-19 14:45:00,2020,7,19,14,45,75,75110,BOULEVARD DE MAGENTA,48.882373,2.350489,Plein jour,En agglomération,Hors intersection,Normale,Autre collision,4,2,4,3,2,1,1,-1,6,50,1,2,1,0,0,1,44.0,,transport_commun,,1,2,1,1,6
202000007840,2020-07-19 01:35:00,2020,7,19,1,35,75,75110,BOULEVARD DE LA VILLETTE,48.876704,2.371512,Nuit avec éclairage allumé,En agglomération,Hors intersection,Normale,Autre collision,4,1,1,0,1,1,1,0,1,50,1,2,1,0,0,1,41.0,,voiture,,5,2,1,1,6
202000007841,2020-07-19 23:10:00,2020,7,19,23,10,94,94078,L'APPEL DU DIX-HUIT JUIN 1940 (AV DE),48.7553,2.4444,Nuit avec éclairage allumé,En agglomération,Intersection en Y,Normale,Trois véhicules et plus - en chaîne,2,4,3,0,1,1,1,0,1,50,3,3,1,0,0,2,37.0,56.0,voiture,voiture,5,2,4,1,4
202000007842,2020-06-15 11:15:00,2020,6,15,11,15,83,83126,rd pt du sous-marin Prothée,43.07966,5.89902,Plein jour,Hors agglomération,Hors intersection,Normale,Autre collision,4,2,2,2,1,1,1,9,5,30,1,2,1,0,0,1,55.0,,voiture,,1,1,1,1,6
202000007843,2020-06-12 15:10:00,2020,6,12,15,10,83,83126,ANCIENS COMBATANTS D'INDOCHINE (AV DES),43.10506,5.85604,Plein jour,En agglomération,Intersection en T,Pluie légère,Autre collision,3,3,5,0,1,1,2,5,1,50,1,1,0,1,0,0,42.0,,deux_roues,,1,2,3,2,6
202000007844,2020-06-18 08:40:00,2020,6,18,8,40,78,78172,BRETELLE ACCES RD203/RN184,48.99068,2.08154,Plein jour,Hors agglomération,Hors intersection,Normale,Deux véhicules - arrière,2,-1,1,0,1,1,1,0,1,90,2,2,1,0,1,0,60.0,46.0,voiture,deux_roues,1,1,1,1,2
202000007845,2020-06-17 20:30:00,2020,6,17,20,30,77,77372,GENERAL LECLERC  (RUE   ) - D334,48.881886,2.697526,Plein jour,En agglomération,Intersection en T,Normale,Autre collision,3,2,2,0,1,2,1,0,1,50,1,2,1,0,0,1,28.0,,voiture,,1,2,3,1,6
202000007846,2020-07-19 11:10:00,2020,7,19,11,10,94,94077,HENRI GILBERT (AV),48.73526,2.42426,Plein jour,En agglomération,Intersection en X,Temps éblouissant,Autre collision,4,2,2,0,1,1,1,0,1,50,1,2,1,0,0,1,74.0,,autre,,1,2,2,7,6
202000007847,2020-06-03 13:15:00,2020,6,3,13,15,77,77132,D934,48.88123,2.78638,Plein jour,Hors agglomération,Hors intersection,Normale,Deux véhicules - frontale,3,3,2,0,2,1,1,0,1,70,2,3,0,0,0,3,43.0,39.0,voiture,voiture,1,1,1,1,1
202000007848,2020-06-17 22:15:00,2020,6,17,22,15,72,72181,PIED SEC (RUE DE),47.98257,0.20652,Nuit avec éclairage allumé,En agglomération,Hors intersection,Normale,Autre collision,4,2,2,0,1,1,1,0,1,50,1,1,0,0,0,1,,,,,5,2,1,1,6
202000007849,2020-07-18 19:20:00,2020,7,18,19,20,94,94022,HUIT MAI 1945 (AV DU),48.7652852,2.4106783,Plein jour,En agglomération,Hors intersection,Normale,Deux véhicules - côté,3,2,2,0,1,1,1,0,1,50,2,2,1,0,0,1,31.0,27.0,voiture,deux_roues,1,2,1,1,3
202000007850,2020-06-18 11:40:00,2020,6,18,11,40,69,69290,DOCTEUR GALLAVARDIN (DU)            (R ),45.69142,4.93758,Plein jour,En agglomération,Hors intersection,Normale,Autre collision,4,2,2,0,1,1,1,0,4,50,1,2,1,0,0,1,22.0,,deux_roues,,1,2,1,1,6
202000007851,2020-06-17 11:56:00,2020,6,17,11,56,67,67482,ROMAINS (ROUTE DES),48.57973,7.71683,Plein jour,En agglomération,Hors intersection,Pluie légère,Autre collision,4,3,2,3,1,1,2,5,1,50,1,2,1,0,0,1,26.0,,voiture,,1,2,1,2,6
202000007852,2020-06-18 09:15:00,2020,6,18,9,15,64,64445,POUGUET,43.32122,-0.3521,Plein jour,En agglomération,Hors intersection,Normale,Autre collision,4,2,2,0,1,1,1,0,1,50,1,2,1,0,0,1,79.0,,voiture,,1,2,1,1,6
202000007853,2020-06-18 12:35:00,2020,6,18,12,35,59,59350,ESPLANADE FACADE,50.64102,3.05353,Plein jour,En agglomération,Autre intersection,Temps couvert,Autre collision,7,-1,4,0,1,1,1,0,1,50,1,2,1,0,1,0,32.0,,voiture,,1,2,9,8,6
202000007854,2020-06-17 15:10:00,2020,6,17,15,10,54,54395,METZ (RUE DE),48.7001698,6.1725891,Plein jour,En agglomération,Intersection en X,Pluie forte,Deux véhicules - côté,3,2,3,0,1,1,2,0,1,50,2,2,0,0,0,2,23.0,40.0,voiture,utilitaire_camion,1,2,2,3,3
202000007855,2020-06-16 16:30:00,2020,6,16,16,30,54,54197,SAINT-EXUPERY (RUE ANTOINE DE),48.6384,6.1877,Plein jour,En agglomération,Hors intersection,Normale,Deux véhicules - arrière,4,2,2,0,1,1,1,0,1,50,2,2,1,0,0,1,57.0,40.0,voiture,voiture,1,2,1,1,2
202000007856,2020-06-18 12:12:00,2020,6,18,12,12,51,51172,Rue des Remouleurs,49.2156078,4.0639379,Plein jour,En agglomération,Intersection en X,Normale,Trois véhicules et plus - en chaîne,4,2,-1,0,1,1,1,0,1,50,3,3,2,0,0,1,37.0,41.0,voiture,utilitaire_camion,1,2,2,1,4
202000007857,2020-07-19 19:00:00,2020,7,19,19,0,93,93048,BOISSIERE (BOULEVARD DE LA),48.8760248,2.467992,Plein jour,En agglomération,Hors intersection,Normale,Autre collision,3,2,1,0,1,1,1,0,1,15,1,2,1,0,0,1,57.0,,voiture,,1,2,1,1,6
202000007858,2020-06-17 14:48:00,2020,6,17,14,48,49,49267,CHAMPFLEUR,47.4787543,-0.5047213,Plein jour,En agglomération,Hors intersection,Normale,Deux véhicules - côté,4,2,2,0,1,1,2,0,1,60,2,2,1,0,1,0,73.0,49.0,voiture,deux_roues,1,2,1,1,3
202000007859,2020-06-18 19:05:00,2020,6,18,19,5,45,45147,Rue Colonel Fabien,47.9365767,1.9122121,Plein jour,Hors agglomération,Place,Normale,Deux véhicules - frontale,6,-1,0,0,1,1,2,0,1,50,2,2,1,0,0,1,10.0,38.0,deux_roues,voiture,1,1,7,1,1
202000007860,2020-06-17 12:10:00,2020,6,17,12,10,45,45234,Rue du Nécotin,47.9250579,1.9376109,Plein jour,En agglomération,Hors intersection,Normale,,4,2,2,0,1,1,1,0,1,50,2,2,1,0,0,1,37.0,25.0,deux_roues,utilitaire_camion,1,2,1,1,-1
202000007861,2020-06-17 18:10:00,2020,6,17,18,10,45,45338,D2060 - 29+600,47.9727065,2.7151732,Plein jour,Hors agglomération,Hors intersection,Normale,Sans collision,3,3,4,0,1,1,1,0,1,90,1,2,0,0,0,2,30.0,,utilitaire_camion,,1,1,1,1,7
202000007862,2020-06-18 08:55:00,2020,6,18,8,55,37,37261,MARCEAU (RUE),47.3942422,0.6847261,Plein jour,En agglomération,Intersection en X,Normale,,4,1,1,1,1,1,1,0,1,30,2,2,1,0,0,1,33.0,73.0,deux_roues,voiture,1,2,2,1,-1
202000007863,2020-06-19 00:10:00,2020,6,19,0,10,34,34172,STRASBOURG (BOULEVARD DE),43.60322,3.88344,Nuit avec éclairage allumé,En agglomération,Hors intersection,Normale,Deux véhicules - côté,4,1,3,3,1,1,1,0,1,50,2,2,1,0,1,0,18.0,19.0,deux_roues,deux_roues,5,2,1,1,3
202000007864,2020-06-18 19:40:00,2020,6,18,19,40,34,34172,FLAHAULT (AVENUE CHARLES,43.61905,3.86592,Plein jour,En agglomération,Hors intersection,Normale,Trois véhicules et plus - collisions multiples,4,2,4,0,1,1,1,0,1,50,3,3,0,0,3,0,80.0,43.0,voiture,voiture,1,2,1,1,5
202000007865,2020-06-18 14:13:00,2020,6,18,14,13,33,33318,AVE DU GENERAL LECLERC,44.79391,-0.66997,Plein jour,En agglomération,Hors intersection,Pluie légère,Autre collision,4,2,4,2,1,3,2,0,1,50,1,1,0,0,0,1,48.0,,transport_commun,,1,2,1,2,6
202000007866,2020-07-19 07:30:00,2020,7,19,7,30,93,93010,GALLIENI (AV.) DE 2 A 96,48.9049081,2.475454,Plein jour,En agglomération,Autre intersection,Normale,Deux véhicules - arrière,3,-1,2,0,1,1,1,0,1,50,2,4,3,0,0,1,27.0,29.0,voiture,utilitaire_camion,1,2,9,1,2
202000007867,2020-06-18 08:10:00,2020,6,18,8,10,33,33318,AVE JEAN CORDIER / AVE HECTOR DOMECQ,44.81144,-0.62461,Plein jour,En agglomération,Intersection en X,Pluie forte,Deux véhicules - côté,4,2,2,0,1,1,2,0,1,50,2,4,1,0,0,3,51.0,40.0,voiture,voiture,1,2,2,3,3
202000007868,2020-06-18 11:15:00,2020,6,18,11,15,31,31555,RUE DE BELFORT,43.60864,1.45121,Plein jour,En agglomération,Hors intersection,Normale,Autre collision,4,1,1,0,1,1,1,0,1,50,1,2,1,0,0,1,61.0,,utilitaire_camion,,1,2,1,1,6
202000007869,2020-06-18 08:00:00,2020,6,18,8,0,31,31555,CHE DU CANAL,43.57347,1.46375,Plein jour,En agglomération,Intersection en Y,Normale,Deux véhicules - côté,4,2,2,0,1,4,1,0,1,50,2,2,1,0,0,1,23.0,46.0,voiture,deux_roues,1,2,4,1,3
202000007870,2020-06-17 13:45:00,2020,6,17,13,45,31,31149,DEFERRE (BOULEVARD GASTON),43.61813,1.33429,Plein jour,En agglomération,Intersection en T,Normale,Deux véhicules - côté,3,2,2,0,2,1,1,0,1,50,2,2,1,0,0,1,54.0,26.0,voiture,voiture,1,2,3,1,3
202000007871,2020-06-18 20:50:00,2020,6,18,20,50,29,29254,Route de Saint-Germain,48.5863756,-3.8402659,Plein jour,En agglomération,Hors intersection,Pluie légère,Sans collision,4,2,2,0,2,1,2,0,4,50,1,1,0,1,0,0,68.0,,deux_roues,,1,2,1,2,7
202000007872,2020-07-19 21:00:00,2020,7,19,21,0,93,93005,FRANCOIS 1ER (ALLEE),48.91815,2.492294,Plein jour,En agglomération,Intersection en X,Normale,Deux véhicules - côté,4,4,1,0,1,1,1,0,1,50,2,5,2,0,0,3,52.0,36.0,voiture,voiture,1,2,2,1,3
202000007873,2020-07-18 22:50:00,2020,7,18,22,50,92,92024,JEAN JAURES (BD) DE 47 A 109)   (56 A 14,48.9028404,2.3039527,Nuit avec éclairage allumé,En agglomération,Intersection en T,Normale,Autre collision,3,1,3,1,1,1,1,0,1,50,1,2,0,0,1,1,22.0,,deux_roues,,5,2,3,1,6
202000007874,2020-07-19 18:20:00,2020,7,19,18,20,47,47241,Chemin rural de constant,44.584675,0.71394,Plein jour,Hors agglomération,Hors intersection,Normale,Autre collision,9,2,2,0,2,1,1,0,3,80,1,2,1,0,1,0,20.0,,voiture,,1,1,1,1,6
202000007875,2020-07-16 16:50:00,2020,7,16,16,50,51,51649,N4,48.74047,4.59265,Plein jour,Hors agglomération,Giratoire,Normale,Deux véhicules - arrière,2,2,2,0,1,1,1,5,1,80,2,5,1,0,0,4,23.0,32.0,voiture,voiture,1,1,6,1,2
202000007876,2020-07-18 09:35:00,2020,7,18,9,35,01,01052,RD 70 VILLARS LES DOMBES,46.003714,5.001976,Plein jour,Hors agglomération,Hors intersection,Normale,Deux véhicules - arrière,3,-1,2,0,1,1,1,0,1,50,2,2,1,0,0,1,40.0,50.0,utilitaire_camion,voiture,1,1,1,1,2
202000007877,2020-07-20 15:35:00,2020,7,20,15,35,66,66136,Autoroute A9 PK 246+250 sens Espagne-France,42.745436,2.891121,Plein jour,Hors agglomération,Hors intersection,Normale,Trois véhicules et plus - collisions multiples,1,1,3,0,1,1,1,0,1,130,3,6,3,0,0,3,69.0,43.0,voiture,voiture,1,1,1,1,5
202000007878,2020-07-20 20:05:00,2020,7,20,20,5,60,60157,5 Avenue Gambetta,49.383248,2.412077,Plein jour,En agglomération,Hors intersection,Normale,Autre collision,3,2,2,0,2,1,1,0,1,50,1,1,0,0,0,1,,,,,1,2,1,1,6
202000007879,2020-07-19 02:00:00,2020,7,19,2,0,41,41246,D77,47.511954,1.348615,Nuit sans éclairage public,Hors agglomération,Hors intersection,Normale,Autre collision,3,2,2,0,1,2,1,0,3,70,1,4,0,1,0,3,18.0,,voiture,,3,1,1,1,6
202000007880,2020-07-20 07:30:00,2020,7,20,7,30,69,69062,D2,45.6242314,4.4808765,Plein jour,Hors agglomération,Hors intersection,Normale,Deux véhicules - côté,3,2,2,0,1,1,1,0,1,90,2,3,1,0,1,1,32.0,37.0,voiture,utilitaire_camion,1,1,1,1,3
202000007881,2020-07-19 00:30:00,2020,7,19,0,30,33,33002,D9,44.516017,-0.049953,Nuit sans éclairage public,Hors agglomération,Intersection en T,Normale,Deux véhicules - côté,3,2,2,0,1,1,1,0,1,80,2,4,2,0,2,0,31.0,24.0,voiture,voiture,3,1,3,1,3
202000007882,2020-07-19 12:45:00,2020,7,19,12,45,972,97210,Chemin Pointe Courchet,14.619973,-60.899979,Plein jour,En agglomération,Hors intersection,Normale,Deux véhicules - frontale,4,2,2,0,1,1,1,0,3,50,2,3,0,0,1,2,24.0,24.0,voiture,voiture,1,2,1,1,1
202000007883,2020-07-19 11:50:00,2020,7,19,11,50,11,11203,RD6113 lezignan corbieres,43.198591,2.747929,Plein jour,Hors agglomération,Hors intersection,Normale,Deux véhicules - frontale,3,2,2,0,1,3,1,0,1,80,2,2,1,1,0,0,57.0,34.0,deux_roues,voiture,1,1,1,1,1
202000007884,2020-07-20 00:25:00,2020,7,20,0,25,35,35239,D173,47.897283,-1.372036,Nuit sans éclairage public,Hors agglomération,Hors intersection,Normale,Autre collision,3,3,4,0,1,2,1,0,3,110,1,1,0,0,1,0,34.0,,voiture,,3,1,1,1,6
202000007885,2020-07-18 17:45:00,2020,7,18,17,45,59,59570,Faubourg de Cassel,50.962799,2.432817,Plein jour,En agglomération,Intersection en T,Normale,Deux véhicules - côté,3,3,2,3,1,1,1,5,1,50,2,2,1,0,1,0,33.0,73.0,deux_roues,voiture,1,2,3,1,3
202000007886,2020-07-14 19:50:00,2020,7,14,19,50,62,62361,7 Cite des Marronniers,50.26768,2.300568,Plein jour,En agglomération,Hors intersection,Normale,,3,2,2,0,1,1,1,0,1,50,2,1,0,0,0,1,34.0,,deux_roues,,1,2,1,1,-1
202000007887,2020-07-12 20:00:00,2020,7,12,20,0,62,62633,D101,50.353577,2.219242,Plein jour,Hors agglomération,Hors intersection,Normale,Deux véhicules - côté,3,2,2,0,1,1,1,0,1,80,2,1,0,0,0,1,57.0,,deux_roues,,1,1,1,1,3
202000007888,2020-07-19 16:20:00,2020,7,19,16,20,62,62452,Rue de Saint-omer,50.696586,2.283317,Plein jour,En agglomération,Hors intersection,Normale,Sans collision,3,2,2,0,2,1,1,0,3,50,1,3,2,0,1,0,21.0,,voiture,,1,2,1,1,7
202000007889,2020-07-12 10:25:00,2020,7,12,10,25,56,56040,Lieu-dit Kerlivio,47.846344,-3.384991,Plein jour,Hors agglomération,Hors intersection,Normale,Sans collision,3,2,2,0,2,2,1,0,1,70,1,1,0,0,0,1,48.0,,deux_roues,,1,1,1,1,7
202000007890,2020-07-18 19:35:00,2020,7,18,19,35,59,59282,d 338,50.824346,2.500334,Plein jour,Hors agglomération,Hors intersection,Normale,Sans collision,3,2,2,0,1,1,1,0,8,80,1,1,0,0,1,0,43.0,,deux_roues,,1,1,1,1,7
202000007891,2020-07-20 13:15:00,2020,7,20,13,15,76,76146,Route de Rouen (Buchy),49.584264,1.351157,Plein jour,En agglomération,Hors intersection,Normale,Autre collision,3,2,2,0,2,1,1,0,4,50,1,2,0,0,1,1,27.0,,voiture,,1,2,1,1,6
202000007892,2020-07-20 10:00:00,2020,7,20,10,0,2B,2B319,Figareto,42.417671,9.529132,Plein jour,Hors agglomération,Hors intersection,Normale,Deux véhicules - côté,2,-1,2,0,2,1,1,0,1,70,2,5,2,0,0,3,46.0,84.0,voiture,voiture,1,1,1,1,3
202000007893,2020-07-20 17:00:00,2020,7,20,17,0,82,82141,Lieu Dit Capelanios,44.095699,0.926805,Plein jour,Hors agglomération,Hors intersection,Normale,Sans collision,3,2,2,0,2,3,1,0,1,80,1,1,0,0,0,1,41.0,,utilitaire_camion,,1,1,1,1,7
202000007894,2020-07-20 13:50:00,2020,7,20,13,50,65,65281,D937  Route des Pyrénées,43.118481,0.079608,Plein jour,Hors agglomération,Hors intersection,Normale,Sans collision,3,2,2,0,2,2,1,0,8,80,1,1,0,1,0,0,65.0,,voiture,,1,1,1,1,7
202000007895,2020-07-20 11:55:00,2020,7,20,11,55,81,81171,Route de Barrabie,43.839936,1.841299,Plein jour,Hors agglomération,Hors intersection,Normale,Trois véhicules et plus - collisions multiples,4,2,2,0,1,1,1,0,1,80,3,4,3,1,0,0,23.0,55.0,voiture,deux_roues,1,1,1,1,5
202000007896,2020-10-15 20:45:00,2020,10,15,20,45,95,95018, A15,48.958417,2.274739,Nuit sans éclairage public,Hors agglomération,Hors intersection,Normale,Trois véhicules et plus - en chaîne,1,3,8,0,1,2,1,0,1,110,3,4,1,0,0,3,21.0,42.0,voiture,voiture,3,1,1,1,4
202000007897,2020-10-15 18:00:00,2020,10,15,18,0,95,95212, A1,49.026157,2.536722,Plein jour,Hors agglomération,Hors intersection,Normale,Trois véhicules et plus - en chaîne,1,3,2,0,1,1,1,0,1,90,3,3,2,0,0,1,29.0,26.0,voiture,voiture,1,1,1,1,4