accident_id,datetime,annee,mois,jour,heure,minute,departement,commune_insee,adresse,latitude,longitude,luminosite,agglomeration,intersection,meteo,collision,catr,circ,nbv,vosp,prof,plan,surf,infra,situ,vma,nb_vehicules,nb_usagers,nb_indemnes,nb_tues,nb_blesses_hosp,nb_blesses_legers,age_cond_1,age_cond_2,veh_type_cond_1,veh_type_cond_2,lum_code,agg_code,int_code,atm_code,col_code
202000007898,2020-10-15 08:15:00,2020,10,15,8,15,95,95394,RN 184,49.053054,2.197673,Plein jour,Hors agglomération,Hors intersection,Normale,Trois véhicules et plus - en chaîne,2,3,4,0,1,3,1,0,1,110,5,5,4,0,0,1,24.0,26.0,voiture,voiture,1,1,1,1,4
202000007899,2020-10-15 06:30:00,2020,10,15,6,30,95,95582, A115,48.98063,2.240934,Nuit sans éclairage public,Hors agglomération,Hors intersection,Normale,Trois véhicules et plus - en chaîne,1,3,5,0,1,1,1,0,1,90,4,4,3,0,0,1,26.0,24.0,voiture,utilitaire_camion,3,1,1,1,4
202000007900,2020-10-14 16:30:00,2020,10,14,16,30,93,93007,AUTOROUTE A1,48.9538,2.4554,Plein jour,Hors agglomération,Hors intersection,Normale,Deux véhicules - arrière,1,3,9,0,1,1,1,0,1,110,2,2,1,0,0,1,43.0,54.0,utilitaire_camion,deux_roues,1,1,1,1,2
202000007901,2020-10-14 14:30:00,2020,10,14,14,30,93,93066,AUTOROUTE A1,48.9058,2.3586,Plein jour,Hors agglomération,Hors intersection,Normale,Deux véhicules - arrière,1,3,8,0,1,1,1,0,1,90,2,2,1,0,0,1,29.0,22.0,deux_roues,utilitaire_camion,1,1,1,1,2
202000007902,2020-10-15 07:50:00,2020,10,15,7,50,93,93051,A4,48.8362788,2.5545923,Plein jour,Hors agglomération,Hors intersection,Normale,Trois véhicules et plus - en chaîne,1,3,6,0,1,1,1,0,1,110,3,3,2,0,0,1,60.0,47.0,voiture,deux_roues,1,1,1,1,4
202000007903,2020-07-17 15:30:00,2020,7,17,15,30,66,66050,Départementale 83,42.777006,2.943576,Plein jour,Hors agglomération,Autre intersection,Vent fort / tempête,Autre collision,3,1,1,0,1,3,1,0,8,80,1,1,0,1,0,0,34.0,,deux_roues,,1,1,9,6,6
202000007904,2020-10-14 17:50:00,2020,10,14,17,50,974,97411,CAMP CALIXTE (RUELLE),-20.89078,55.4562,Plein jour,En agglomération,Intersection en T,Normale,Deux véhicules - côté,4,1,1,1,1,1,1,9,5,50,2,2,1,0,0,1,8.0,49.0,deux_roues,autre,1,2,3,1,3
202000007905,2020-10-13 12:25:00,2020,10,13,12,25,973,97302,CABASSOU (ROUTE DE),4.9203651,-52.3207247,Plein jour,En agglomération,Hors intersection,Normale,Deux véhicules - arrière,3,2,2,0,1,1,1,0,1,50,2,2,1,0,1,0,34.0,29.0,deux_roues,voiture,1,2,1,1,2
202000007906,2020-10-14 07:25:00,2020,10,14,7,25,69,69386,DUQUESNE                            (R ),45.77242,4.84265,Crépuscule ou aube,En agglomération,Hors intersection,Pluie légère,Autre collision,4,3,2,3,1,1,2,0,1,50,1,2,1,0,1,0,27.0,,voiture,,2,2,1,2,6
202000007907,2020-10-14 07:30:00,2020,10,14,7,30,69,69259,JEAN MACE                           (R ),45.6984524,4.8837395,Crépuscule ou aube,En agglomération,Hors intersection,Temps couvert,Autre collision,4,2,2,0,1,3,2,6,1,30,1,2,1,0,0,1,59.0,,voiture,,2,2,1,8,6
202000007908,2020-10-14 03:30:00,2020,10,14,3,30,69,69387,TONY GARNIER                        (AV),45.73159,4.82415,Nuit avec éclairage allumé,En agglomération,Intersection en X,Normale,Deux véhicules - côté,4,1,3,3,1,1,1,5,1,50,2,1,0,0,0,1,37.0,,deux_roues,,5,2,2,1,3
202000007909,2020-10-14 13:25:00,2020,10,14,13,25,972,97213,ROUTE DEPARTEMENTALE 3 BIS,14.61753,-60.99518,Plein jour,En agglomération,Intersection en X,Pluie légère,Deux véhicules - frontale,3,4,3,0,1,1,2,5,1,50,2,2,1,0,1,0,56.0,34.0,voiture,deux_roues,1,2,2,2,1
202000007910,2020-10-14 16:25:00,2020,10,14,16,25,69,69382,VAUBECOUR                           (R ),45.7538,4.826,Plein jour,En agglomération,Intersection en X,Temps couvert,Deux véhicules - côté,4,1,2,1,1,1,1,0,1,30,2,2,1,0,0,1,40.0,39.0,voiture,deux_roues,1,2,2,8,3
202000007911,2020-10-14 18:45:00,2020,10,14,18,45,95,95268,PL VOLTAIRE,48.97403,2.3977,Crépuscule ou aube,En agglomération,Hors intersection,Normale,Autre collision,6,-1,-1,0,1,1,1,9,8,30,1,2,1,0,0,1,50.0,,voiture,,2,2,1,1,6
202000007912,2020-10-05 07:50:00,2020,10,5,7,50,91,91552,RUE SALVADOR ALLENDE,48.591322,2.258162,Plein jour,En agglomération,Hors intersection,Pluie légère,Sans collision,3,2,2,0,1,1,2,0,1,50,1,1,0,0,0,1,14.0,,deux_roues,,1,2,1,2,7
202000007913,2020-10-03 22:50:00,2020,10,3,22,50,91,91425,GR GRANDE RUE,48.637232,2.271153,Nuit avec éclairage allumé,En agglomération,Hors intersection,Normale,Deux véhicules - frontale,4,1,-1,-1,1,1,-1,0,1,-1,2,3,1,0,0,2,47.0,25.0,voiture,voiture,5,2,1,1,1
202000007914,2020-10-02 19:15:00,2020,10,2,19,15,91,91425,RTE D ORLEANS RN 20,48.637819,2.267266,Plein jour,En agglomération,Hors intersection,Normale,Deux véhicules - côté,2,3,4,0,1,1,1,0,1,50,2,2,1,0,0,1,24.0,50.0,deux_roues,voiture,1,2,1,1,3
202000007915,2020-10-01 20:28:00,2020,10,1,20,28,91,91103,RUE VICTOR HUGO,48.60773,2.30583,Nuit avec éclairage allumé,En agglomération,Intersection en X,Normale,Autre collision,3,2,2,0,1,1,1,0,1,50,1,2,1,0,0,1,64.0,,transport_commun,,5,2,2,1,6
202000007916,2020-10-02 07:50:00,2020,10,2,7,50,91,91691,MARCEAU BAILLIOTI(RUE),48.709,2.49415,Plein jour,En agglomération,Hors intersection,Pluie forte,Autre collision,3,3,2,1,1,1,2,0,1,50,1,2,1,0,1,0,26.0,,utilitaire_camion,,1,2,1,3,6
202000007917,2020-10-14 18:00:00,2020,10,14,18,0,91,91286,CONDORCET (RUE),48.644381,2.379293,Crépuscule ou aube,En agglomération,Intersection en Y,Pluie légère,Autre collision,4,2,2,0,1,1,2,0,1,50,1,3,2,0,0,1,24.0,,voiture,,2,2,4,2,6
202000007918,2020-10-14 16:00:00,2020,10,14,16,0,91,91286,FERDINAND DE LESSEPS (RUE),48.6659954,2.3981931,Plein jour,En agglomération,Autre intersection,Normale,Trois véhicules et plus - collisions multiples,6,2,2,0,1,1,1,9,8,30,3,4,3,0,0,1,12.0,76.0,voiture,voiture,1,2,9,1,5
202000007919,2020-10-14 12:45:00,2020,10,14,12,45,91,91434,SAVIGNY (RUE DE),48.666841,2.353939,Plein jour,En agglomération,Hors intersection,Normale,Autre collision,3,2,2,0,1,1,1,0,1,50,1,2,1,0,0,1,28.0,,transport_commun,,1,2,1,1,6
202000007920,2020-10-14 08:40:00,2020,10,14,8,40,87,87085,Rue Emile Montégut,45.82529,1.24195,Plein jour,En agglomération,Intersection en X,Pluie légère,Deux véhicules - côté,4,2,2,0,4,1,2,0,1,50,2,2,1,0,0,1,50.0,65.0,voiture,voiture,1,2,2,2,3
202000007921,2020-10-13 15:25:00,2020,10,13,15,25,83,83123,HUIDE (CHEMIN DE) N° PAIRS,43.12873,5.79851,Plein jour,Hors agglomération,Hors intersection,Normale,Deux véhicules - arrière,4,2,2,0,2,3,1,0,1,50,2,4,3,0,1,0,14.0,42.0,deux_roues,voiture,1,1,1,1,2
202000007922,2020-10-09 17:35:00,2020,10,9,17,35,83,83069,TOULON (VIEUX CHEMIN DE),43.123795,6.096241,,En agglomération,Hors intersection,,Autre collision,4,2,-1,-1,-1,-1,-1,-1,-1,-1,1,1,0,0,0,1,54.0,,voiture,,-1,2,1,-1,6
202000007923,2020-10-14 15:25:00,2020,10,14,15,25,81,81065,JEAN (RUE ST.),43.619068,2.240953,Plein jour,En agglomération,Hors intersection,Normale,Autre collision,4,2,-1,-1,1,1,1,0,1,-1,1,2,1,0,1,0,36.0,,voiture,,1,2,1,1,6
202000007924,2020-10-14 17:50:00,2020,10,14,17,50,78,78029,CHARLES DE GAULLE (AVENUE),48.963512,1.851261,Plein jour,En agglomération,Hors intersection,Normale,Deux véhicules - arrière,3,-1,1,0,1,1,1,0,1,50,2,2,1,0,1,0,23.0,16.0,voiture,deux_roues,1,2,1,1,2
202000007925,2020-10-14 18:45:00,2020,10,14,18,45,77,77337,DES QUATRE PAVES (ROND-POINT),48.85118,2.621039,Plein jour,En agglomération,Giratoire,Pluie légère,Sans collision,3,-1,2,0,1,3,2,0,1,50,1,2,1,0,0,1,61.0,,deux_roues,,1,2,6,2,7
202000007926,2020-10-13 21:15:00,2020,10,13,21,15,76,76575,CROIZAT. AVENUE AMBROISE,49.37203,1.10366,Nuit avec éclairage allumé,En agglomération,Hors intersection,Normale,Deux véhicules - arrière,3,2,2,0,3,1,1,0,1,50,2,3,1,0,0,2,57.0,22.0,transport_commun,voiture,5,2,1,1,2
202000007927,2020-10-13 17:05:00,2020,10,13,17,5,76,76351,VLADIMIR KOMAROV (AVE),49.50527,0.18181,Plein jour,En agglomération,Hors intersection,Normale,Autre collision,4,2,2,0,1,1,1,0,1,50,1,2,1,0,0,1,33.0,,voiture,,1,2,1,1,6
202000007928,2020-10-13 07:20:00,2020,10,13,7,20,71,71076,MESSAGERIES (QUAI DES ),46.7803836,4.8567644,Nuit avec éclairage allumé,En agglomération,Hors intersection,Temps couvert,Autre collision,4,2,2,0,1,1,2,0,1,50,1,2,1,0,1,0,31.0,,voiture,,5,2,1,8,6
202000007929,2020-10-13 12:20:00,2020,10,13,12,20,67,67365,BOHRIE (ALLEE DU),48.54994,7.70274,Plein jour,En agglomération,Passage à niveau,Normale,Deux véhicules - côté,7,3,6,3,1,1,1,4,6,50,2,3,1,0,0,2,51.0,53.0,transport_commun,voiture,1,2,8,1,3
202000007930,2020-10-14 08:50:00,2020,10,14,8,50,62,62737,EGALITE (RUE DE L'),50.446548,2.688153,Crépuscule ou aube,En agglomération,Hors intersection,Temps couvert,Autre collision,4,2,2,0,1,1,2,0,1,50,1,2,1,0,0,1,24.0,,voiture,,2,2,1,8,6
202000007931,2020-06-01 14:00:00,2020,6,1,14,0,62,62895,MEURCHIN (R DE ),50.4969736,2.8752127,Plein jour,En agglomération,Hors intersection,Normale,Deux véhicules - côté,4,2,2,0,1,1,1,0,1,30,2,2,1,0,1,0,34.0,53.0,autre,voiture,1,2,1,1,3
202000007932,2020-09-23 19:15:00,2020,9,23,19,15,62,62624,BRETON,50.42605,2.99556,Crépuscule ou aube,En agglomération,Hors intersection,Pluie légère,Autre collision,3,2,2,0,1,1,2,0,1,50,1,2,1,0,0,1,42.0,,voiture,,2,2,1,2,6
202000007933,2020-10-09 22:45:00,2020,10,9,22,45,59,59378,REPUBLIQUE AV DE LA (N°829-931),50.6612,3.0948,Nuit avec éclairage allumé,En agglomération,Hors intersection,Normale,Deux véhicules - arrière,7,1,4,0,1,1,1,1,1,50,2,3,1,0,0,2,20.0,58.0,voiture,voiture,5,2,1,1,2
202000007934,2020-10-14 23:25:00,2020,10,14,23,25,59,59220,VERDUN AVENUE DE,50.58921,3.07855,Nuit avec éclairage allumé,En agglomération,Intersection en X,Normale,Deux véhicules - côté,4,2,2,0,1,1,1,0,1,50,2,2,1,0,0,1,19.0,19.0,voiture,voiture,5,2,2,1,3
202000007935,2020-08-04 16:05:00,2020,8,4,16,5,58,58194,MARECHAL JUIN,47.00413,3.15395,Plein jour,En agglomération,Intersection en T,Normale,Autre collision,3,2,5,0,1,1,1,0,1,50,1,2,1,0,1,0,74.0,,voiture,,1,2,3,1,6
202000007936,2020-10-14 07:30:00,2020,10,14,7,30,57,57344,CD42,48.70784,7.02,Plein jour,En agglomération,Autre intersection,Normale,Deux véhicules - frontale,3,2,2,0,1,1,1,0,1,50,2,3,0,0,1,2,22.0,25.0,voiture,voiture,1,2,9,1,1
202000007937,2020-10-11 09:42:00,2020,10,11,9,42,57,57597,GRAND'RUE,49.25431,6.06937,Plein jour,En agglomération,Hors intersection,Normale,Autre collision,4,2,2,0,1,1,1,0,1,50,1,1,0,0,1,0,66.0,,voiture,,1,2,1,1,6
202000007938,2020-10-10 17:02:00,2020,10,10,17,2,57,57597,CD9,49.25675,6.07176,Plein jour,En agglomération,Giratoire,Normale,Autre collision,3,-1,1,0,1,1,1,0,1,50,1,2,1,0,0,1,64.0,,voiture,,1,2,6,1,6
202000007939,2020-10-13 14:50:00,2020,10,13,14,50,56,56107,KERNEVEL (PORT DU),47.71816,-3.36951,Plein jour,En agglomération,Hors intersection,Normale,Deux véhicules - côté,6,-1,-1,0,1,1,1,0,1,30,2,2,1,0,0,1,38.0,36.0,deux_roues,voiture,1,2,1,1,3
202000007940,2020-10-14 17:30:00,2020,10,14,17,30,51,51454,Rue Emile Zola,49.2682507,4.026396,Plein jour,En agglomération,Intersection en T,Normale,Trois véhicules et plus - en chaîne,3,2,2,1,2,1,1,0,1,50,3,4,3,0,0,1,87.0,46.0,voiture,voiture,1,2,3,1,4
202000007941,2020-10-13 18:00:00,2020,10,13,18,0,51,51454,Rue Mazarin,49.2159832,4.0283106,Crépuscule ou aube,En agglomération,Intersection en T,Pluie légère,Deux véhicules - côté,4,2,2,0,1,1,2,0,1,50,2,3,2,0,0,1,34.0,56.0,voiture,voiture,2,2,3,2,3
202000007942,2020-10-13 08:05:00,2020,10,13,8,5,51,51454,Quai du Pré aux Moines,49.2337457,4.0458733,Plein jour,En agglomération,Hors intersection,Pluie légère,Sans collision,4,2,4,0,2,2,2,0,1,50,1,1,0,0,0,1,20.0,,deux_roues,,1,2,1,2,7
202000007943,2020-10-13 08:07:00,2020,10,13,8,7,51,51454,Rue Ruinart de Brimont,49.2565747,4.0456536,Crépuscule ou aube,En agglomération,Intersection en T,Pluie légère,Trois véhicules et plus - en chaîne,4,2,2,0,1,1,2,0,1,50,3,3,2,0,0,1,27.0,52.0,voiture,voiture,2,2,3,2,4
202000007944,2020-10-13 07:30:00,2020,10,13,7,30,51,51454,Rond-Point Porte Farman,49.2365355,4.0713448,Nuit avec éclairage allumé,Hors agglomération,Giratoire,Normale,Deux véhicules - côté,3,1,2,0,1,2,2,0,1,50,2,2,1,0,0,1,35.0,43.0,deux_roues,voiture,5,1,6,1,3
202000007945,2020-10-14 08:10:00,2020,10,14,8,10,50,50218,VENDEENS (AV DES),48.83461,-1.57777,Plein jour,En agglomération,Hors intersection,Normale,Autre collision,4,2,2,0,1,1,2,0,1,50,1,2,1,0,0,1,21.0,,voiture,,1,2,1,1,6
202000007946,2020-10-02 07:50:00,2020,10,2,7,50,49,49099,CURIE (RUE PIERRE ET MARIE),47.06761,-0.85968,Crépuscule ou aube,En agglomération,Hors intersection,Normale,Autre collision,7,2,2,0,1,1,1,0,1,50,1,2,1,0,1,0,37.0,,utilitaire_camion,,2,2,1,1,6
202000007947,2020-10-13 13:22:00,2020,10,13,13,22,47,47001,JAURES (AV. JEAN),44.20357,0.62824,Plein jour,En agglomération,Intersection en T,Pluie légère,Deux véhicules - côté,3,2,3,0,1,1,2,0,1,50,2,2,1,0,1,0,39.0,39.0,voiture,deux_roues,1,2,3,2,3
202000007948,2020-10-12 12:20:00,2020,10,12,12,20,42,42127,Rue Alfred de Musset,46.05946,4.06029,Plein jour,En agglomération,Intersection en Y,Normale,Deux véhicules - côté,3,2,4,1,1,1,1,0,1,50,2,2,1,0,0,1,71.0,28.0,utilitaire_camion,deux_roues,1,2,4,1,3
202000007949,2020-10-13 09:40:00,2020,10,13,9,40,37,37214,PORTILLON (QUAI),47.4004919,0.6801231,Plein jour,En agglomération,Hors intersection,Pluie légère,Sans collision,3,3,2,0,1,1,2,0,1,50,1,1,0,0,0,1,47.0,,deux_roues,,1,2,1,2,7
202000007950,2020-10-14 19:55:00,2020,10,14,19,55,35,35238,228 Rue de Fougères,48.13005,-1.64059,Nuit avec éclairage allumé,En agglomération,Hors intersection,Normale,Autre collision,6,-1,-1,0,1,1,1,9,8,10,1,1,0,0,0,1,,,,,5,2,1,1,6
202000007951,2020-10-14 10:20:00,2020,10,14,10,20,35,35238,PATTON (AVENUE DU GENERAL SIR GEORGES),48.1284,-1.6642,Plein jour,En agglomération,Intersection en T,Normale,Deux véhicules - côté,4,2,2,0,1,1,1,0,1,50,2,2,0,0,0,2,62.0,21.0,voiture,voiture,1,2,3,1,3
202000007952,2020-10-14 08:00:00,2020,10,14,8,0,35,35238,PARIS (RUE DE),48.11328,-1.66164,Crépuscule ou aube,En agglomération,Hors intersection,Brouillard / fumée,Deux véhicules - côté,4,2,1,0,1,1,1,0,1,30,2,2,1,0,0,1,17.0,51.0,deux_roues,voiture,2,2,1,5,3
202000007953,2020-10-11 14:40:00,2020,10,11,14,40,34,34003,BEAULIEU (Q4 A S4,43.28691,3.44703,Plein jour,En agglomération,Intersection en X,Normale,Deux véhicules - côté,4,2,1,0,1,1,1,0,1,50,2,2,1,0,1,0,47.0,47.0,voiture,deux_roues,1,2,2,1,3
202000007954,2020-10-14 19:50:00,2020,10,14,19,50,33,33318,AVE CAMILLE JULLIAN,44.79268,-0.61484,Plein jour,En agglomération,Intersection en T,Normale,Deux véhicules - arrière,4,1,3,2,1,1,2,0,1,50,2,2,1,0,0,1,44.0,26.0,deux_roues,voiture,1,2,3,1,2
202000007955,2020-10-13 08:15:00,2020,10,13,8,15,31,31557,PEYRETTE (CH DE LA),43.57954,1.29051,Plein jour,En agglomération,Hors intersection,Pluie légère,Deux véhicules - côté,4,2,2,0,1,1,2,0,1,50,2,2,1,0,0,1,47.0,43.0,deux_roues,voiture,1,2,1,2,3
202000007956,2020-10-10 11:10:00,2020,10,10,11,10,27,27229,ALLENDE (BOULEVARD DU PRESIDENT),49.00374,1.1484,Plein jour,En agglomération,Hors intersection,Normale,Autre collision,9,3,2,0,2,3,1,0,1,70,1,1,0,0,0,1,,,,,1,2,1,1,6
202000007957,2020-10-12 16:25:00,2020,10,12,16,25,26,26198,Route du Teil,44.55331,4.70988,Plein jour,Hors agglomération,Hors intersection,Normale,Deux véhicules - côté,2,2,2,0,1,1,1,0,1,70,2,3,1,0,0,2,53.0,80.0,utilitaire_camion,voiture,1,1,1,1,3
202000007958,2020-10-14 12:15:00,2020,10,14,12,15,17,17306,QUEBEC (AVENUE),45.63442,-1.02232,Plein jour,En agglomération,Hors intersection,Normale,Deux véhicules - côté,4,2,2,1,1,1,1,0,5,50,2,2,1,0,0,1,64.0,63.0,utilitaire_camion,deux_roues,1,2,1,1,3
202000007959,2020-10-14 08:35:00,2020,10,14,8,35,16,16015,route de Bordeaux,45.63719,0.128524,Plein jour,En agglomération,Intersection en T,Normale,Deux véhicules - côté,4,2,3,3,1,1,1,5,1,50,2,2,1,0,1,0,38.0,38.0,deux_roues,utilitaire_camion,1,2,3,1,3
202000007960,2020-10-13 12:25:00,2020,10,13,12,25,14,14059,LAIS DE MER (RUE DES),49.35043,0.05075,Plein jour,En agglomération,Intersection en X,Normale,Deux véhicules - côté,4,1,2,0,1,1,1,0,1,50,2,2,1,0,1,0,70.0,14.0,voiture,deux_roues,1,2,2,1,3
202000007961,2020-10-14 16:50:00,2020,10,14,16,50,14,14437,MONTALIVET (COURS),49.17997,-0.32991,Plein jour,Hors agglomération,Hors intersection,Normale,Autre collision,3,2,4,0,1,1,1,0,1,50,1,2,1,0,0,1,60.0,,utilitaire_camion,,1,1,1,1,6
202000007962,2020-10-14 20:00:00,2020,10,14,20,0,13,13075,GEORGES POMPIDOU (AVE),43.3432,5.462,Nuit avec éclairage allumé,En agglomération,Hors intersection,Normale,Deux véhicules - arrière,4,2,2,0,1,1,1,0,1,50,2,3,1,0,0,2,27.0,47.0,voiture,voiture,5,2,1,1,2
202000007963,2020-10-14 12:15:00,2020,10,14,12,15,13,13212,CAILLOLS (AVENUE DES),43.304183,5.434875,Plein jour,En agglomération,Intersection en T,Normale,Deux véhicules - côté,4,2,2,0,1,1,1,0,1,50,2,2,1,0,0,1,36.0,51.0,voiture,deux_roues,1,2,3,1,3
202000007964,2020-10-13 14:45:00,2020,10,13,14,45,13,13202,MAZEAU (PLACE DU),43.297836,5.370583,Plein jour,En agglomération,Hors intersection,Normale,Autre collision,4,2,2,0,1,1,1,0,1,50,1,1,0,0,0,1,,,,,1,2,1,1,6
202000007965,2020-10-12 13:15:00,2020,10,12,13,15,13,13205,SAKAKINI (BOULEVARD),43.29369,5.40146,Plein jour,En agglomération,Intersection en X,Normale,Deux véhicules - frontale,4,2,6,0,1,1,1,0,1,50,2,2,1,0,0,1,18.0,74.0,deux_roues,voiture,1,2,2,1,1
202000007966,2020-10-13 09:10:00,2020,10,13,9,10,13,13001,AMPERE  ANDRE (RUE),43.48902,5.376278,Plein jour,En agglomération,Autre intersection,Normale,Autre collision,3,1,4,0,1,1,1,0,8,50,1,2,1,0,1,0,20.0,,voiture,,1,2,9,1,6
202000007967,2020-10-02 12:25:00,2020,10,2,12,25,10,10387,RAYMOND POINCARE (RUE),48.29564,4.07711,Plein jour,En agglomération,Hors intersection,Pluie forte,Sans collision,4,2,0,0,1,1,2,0,1,50,1,1,0,0,0,1,51.0,,deux_roues,,1,2,1,3,7
202000007968,2020-10-13 17:55:00,2020,10,13,17,55,10,10297,MICHEL BERGER (RUE),48.32139,4.10673,Plein jour,En agglomération,Intersection en X,Pluie légère,Deux véhicules - côté,4,3,2,0,1,1,2,0,1,50,2,2,1,0,0,1,8.0,64.0,deux_roues,voiture,1,2,2,2,3
202000007969,2020-10-14 18:05:00,2020,10,14,18,5,06,06088,FABRON (AV. DE) (JUSQU'AU N° 77),43.687479,7.233744,Crépuscule ou aube,En agglomération,Hors intersection,Pluie forte,Autre collision,4,2,2,0,2,3,2,0,4,50,1,1,0,0,1,0,51.0,,deux_roues,,2,2,1,3,6
202000007970,2020-10-13 10:09:00,2020,10,13,10,9,06,06083,"GARAVAN (BOULEVARD, N° 1 A 36)",43.7864,7.5131,Plein jour,En agglomération,Intersection en T,Normale,Deux véhicules - frontale,4,2,2,0,1,2,1,0,1,50,2,2,1,0,1,0,63.0,80.0,deux_roues,voiture,1,2,3,1,1
202000007971,2020-10-10 12:30:00,2020,10,10,12,30,02,02691,GUISE (RUE DE),49.840663,3.312425,Plein jour,En agglomération,Autre intersection,Normale,Sans collision,4,2,2,-1,1,1,1,0,1,-1,1,2,1,0,1,0,31.0,,voiture,,1,2,9,1,7
202000007972,2020-10-14 19:25:00,2020,10,14,19,25,75,75115,BOULEVARD PERIPHERIQUE,48.825793,2.299593,Nuit sans éclairage public,En agglomération,Hors intersection,Normale,Deux véhicules - côté,4,1,3,0,1,1,1,1,1,70,2,1,0,0,0,1,41.0,,deux_roues,,3,2,1,1,3
202000007973,2020-10-14 17:40:00,2020,10,14,17,40,75,75116,BOULEVARD PERIPHERIQUE,48.861934,2.2646,Plein jour,En agglomération,Hors intersection,Normale,Deux véhicules - côté,4,1,4,0,1,1,1,1,1,70,2,2,1,0,0,1,21.0,47.0,voiture,deux_roues,1,2,1,1,3
202000007974,2020-10-13 14:20:00,2020,10,13,14,20,75,75120,ECHANGEUR BAGNOLET,48.867288,2.413216,Plein jour,En agglomération,Intersection en Y,Normale,Autre collision,4,1,4,0,1,1,2,0,1,70,1,1,0,0,0,1,30.0,,deux_roues,,1,2,4,1,6
202000007975,2020-10-14 16:50:00,2020,10,14,16,50,75,75107,PLACE JOFFRE,48.853208,2.303857,Plein jour,En agglomération,Hors intersection,Normale,Deux véhicules - côté,4,2,3,0,1,1,1,8,1,30,2,3,1,0,1,1,27.0,38.0,deux_roues,voiture,1,2,1,1,3
202000007976,2020-10-14 08:20:00,2020,10,14,8,20,75,75119,AVENUE DE LA PORTE DE LA VILLETTE,48.899556,2.387655,Plein jour,En agglomération,Hors intersection,Pluie légère,Deux véhicules - côté,4,2,7,0,1,1,2,0,1,50,2,2,1,0,0,1,25.0,39.0,deux_roues,deux_roues,1,2,1,2,3
202000007977,2020-10-14 07:05:00,2020,10,14,7,5,75,75119,RUE BOTZARIS,48.876623,2.381234,Nuit avec éclairage allumé,En agglomération,Hors intersection,Normale,Autre collision,4,2,2,0,2,1,1,0,1,50,1,1,0,0,0,1,14.0,,deux_roues,,5,2,1,1,6
202000007978,2020-10-14 20:08:00,2020,10,14,20,8,75,75118,RUE MARX DORMOY,48.889872,2.359933,Nuit avec éclairage allumé,En agglomération,Hors intersection,Normale,Deux véhicules - côté,4,2,4,0,1,1,1,0,1,50,2,1,0,0,1,0,26.0,,deux_roues,,5,2,1,1,3
202000007979,2020-10-14 19:35:00,2020,10,14,19,35,75,75118,BOULEVARD BARBES,48.88556,2.349534,Nuit avec éclairage allumé,En agglomération,Intersection en X,Normale,Deux véhicules - côté,4,2,6,1,2,1,1,-1,5,50,2,3,2,0,0,1,23.0,30.0,deux_roues,voiture,5,2,2,1,3
202000007980,2020-10-14 17:21:00,2020,10,14,17,21,75,75118,RUE DE LA CHAPELLE,48.896173,2.359287,Plein jour,En agglomération,Hors intersection,Normale,Autre collision,4,2,6,0,1,1,1,0,1,50,1,2,1,0,0,1,54.0,,deux_roues,,1,2,1,1,6
202000007981,2020-10-14 19:15:00,2020,10,14,19,15,75,75117,AVENUE DE WAGRAM,48.881558,2.300707,Nuit avec éclairage allumé,En agglomération,Intersection en X,Normale,Autre collision,4,2,4,0,1,1,1,0,1,50,1,1,0,0,0,1,,,,,5,2,2,1,6
202000007982,2020-10-14 14:40:00,2020,10,14,14,40,75,75117,AVENUE DE LA GRANDE ARMEE,48.876271,2.287243,Plein jour,En agglomération,Intersection en T,Normale,Deux véhicules - côté,4,2,6,0,2,1,1,5,1,30,2,2,1,0,0,1,44.0,52.0,deux_roues,voiture,1,2,3,1,3
202000007983,2020-10-13 13:15:00,2020,10,13,13,15,75,75116,ROUTE DES MOULINS,48.865032,2.234448,Plein jour,En agglomération,Intersection en X,Normale,Deux véhicules - côté,4,2,1,0,1,1,1,0,1,50,2,2,1,0,0,1,19.0,61.0,voiture,deux_roues,1,2,2,1,3
202000007984,2020-10-14 19:45:00,2020,10,14,19,45,75,75115,BOULEVARD DU MONTPARNASSE,48.845097,2.320117,Nuit sans éclairage public,En agglomération,Intersection à plus de 4 branches,Normale,Deux véhicules - côté,4,2,6,0,1,1,1,0,1,50,2,2,1,0,0,1,55.0,35.0,deux_roues,voiture,3,2,5,1,3
202000007985,2020-10-14 13:25:00,2020,10,14,13,25,75,75114,BOULEVARD ROMAIN ROLLAND,48.81969,2.326305,Plein jour,En agglomération,Intersection en Y,Pluie légère,Deux véhicules - côté,4,2,5,0,1,1,2,0,1,50,2,3,2,0,0,1,32.0,56.0,deux_roues,utilitaire_camion,1,2,4,2,3
202000007986,2020-10-14 15:00:00,2020,10,14,15,0,75,75113,RUE DE LA GLACIERE,48.833085,2.344634,Plein jour,En agglomération,Hors intersection,Normale,Deux véhicules - côté,4,2,2,0,1,1,1,0,1,50,2,3,2,0,0,1,21.0,45.0,voiture,deux_roues,1,2,1,1,3
202000007987,2020-10-13 08:15:00,2020,10,13,8,15,75,75113,BOULEVARD MASSENA,48.823144,2.374303,Plein jour,En agglomération,Hors intersection,Pluie légère,Autre collision,4,1,2,0,2,1,2,0,1,50,1,1,0,0,0,1,61.0,,deux_roues,,1,2,1,2,6
202000007988,2020-10-14 13:00:00,2020,10,14,13,0,75,75111,AVENUE DE LA REPUBLIQUE,48.865245,2.374773,Plein jour,En agglomération,Intersection en X,Normale,Deux véhicules - côté,4,2,3,0,1,1,1,0,1,50,2,2,1,0,0,1,45.0,59.0,deux_roues,voiture,1,2,2,1,3