accident_id,datetime,annee,mois,jour,heure,minute,departement,commune_insee,adresse,latitude,longitude,luminosite,agglomeration,intersection,meteo,collision,catr,circ,nbv,vosp,prof,plan,surf,infra,situ,vma,nb_vehicules,nb_usagers,nb_indemnes,nb_tues,nb_blesses_hosp,nb_blesses_legers,age_cond_1,age_cond_2,veh_type_cond_1,veh_type_cond_2,lum_code,agg_code,int_code,atm_code,col_code
202000007989,2020-10-14 08:55:00,2020,10,14,8,55,75,75111,BOULEVARD VOLTAIRE,48.853643,2.38711,Plein jour,En agglomération,Hors intersection,Pluie légère,Deux véhicules - côté,4,2,6,1,1,1,2,-1,5,50,2,2,1,0,0,1,40.0,31.0,voiture,deux_roues,1,2,1,2,3
202000007990,2020-10-14 20:10:00,2020,10,14,20,10,75,75110,RUE DU FAUBOURG SAINT MARTIN,48.871761,2.357202,Nuit avec éclairage allumé,En agglomération,Intersection en X,Normale,Deux véhicules - côté,4,2,3,0,1,1,1,0,1,50,2,2,1,0,0,1,32.0,30.0,deux_roues,voiture,5,2,2,1,3
202000007991,2020-10-14 09:45:00,2020,10,14,9,45,75,75110,RUE BEAUREPAIRE,48.869334,2.363378,Plein jour,En agglomération,Intersection en X,Pluie légère,Deux véhicules - côté,4,1,2,1,1,1,2,-1,5,30,2,2,1,0,0,1,35.0,83.0,deux_roues,voiture,1,2,2,2,3
202000007992,2020-10-14 14:05:00,2020,10,14,14,5,75,75107,BOULEVARD SAINT GERMAIN,48.856971,2.324605,Plein jour,En agglomération,Intersection en T,Normale,Deux véhicules - côté,4,2,4,3,1,1,1,-1,6,50,2,1,0,0,0,1,17.0,,deux_roues,,1,2,3,1,3
202000007993,2020-10-14 13:55:00,2020,10,14,13,55,75,75107,RUE SAINT DOMINIQUE,48.859947,2.310923,Plein jour,En agglomération,Hors intersection,Normale,Autre collision,4,1,1,0,1,1,1,0,1,50,1,2,1,0,0,1,56.0,,utilitaire_camion,,1,2,1,1,6
202000007994,2020-10-14 09:40:00,2020,10,14,9,40,75,75101,VOIE GEORGES POMPIDOU,48.857886,2.343919,Plein jour,En agglomération,Intersection en Y,Pluie légère,Deux véhicules - côté,4,2,2,0,1,1,2,6,1,50,2,2,0,0,0,2,39.0,46.0,deux_roues,deux_roues,1,2,4,2,3
202000007995,2020-10-14 08:47:00,2020,10,14,8,47,75,75104,PONT NOTRE DAME,48.855663,2.348327,Plein jour,En agglomération,Intersection en X,Pluie légère,Sans collision,4,1,3,0,1,1,2,0,1,50,1,1,0,0,0,1,28.0,,deux_roues,,1,2,2,2,7
202000007996,2020-10-14 00:30:00,2020,10,14,0,30,75,75101,BOULEVARD DE SEBASTOPOL,48.857726,2.347787,Nuit avec éclairage allumé,En agglomération,Intersection en X,Normale,Autre collision,4,1,4,1,1,1,2,-1,5,50,1,1,0,0,0,1,24.0,,deux_roues,,5,2,2,1,6
202000007997,2020-10-14 10:40:00,2020,10,14,10,40,94,94074,COLONEL FABIEN (R),48.746,2.4686,Plein jour,En agglomération,Hors intersection,Pluie légère,Autre collision,3,2,0,0,2,1,2,0,1,30,1,2,1,0,0,1,25.0,,voiture,,1,2,1,2,6
202000007998,2020-10-14 09:15:00,2020,10,14,9,15,94,94046,REPUBLIQUE (AV DE LA),48.805808,2.441013,Plein jour,En agglomération,Intersection en X,Pluie légère,Autre collision,3,2,2,0,1,1,2,0,1,50,1,2,1,0,0,1,71.0,,voiture,,1,2,2,2,6
202000007999,2020-10-13 13:00:00,2020,10,13,13,0,94,94043,DANTON (R),48.81009,2.36097,Plein jour,En agglomération,Hors intersection,Pluie légère,Deux véhicules - frontale,4,1,1,0,1,1,2,0,1,50,2,2,1,0,0,1,48.0,45.0,voiture,deux_roues,1,2,1,2,1
202000008000,2020-10-14 08:15:00,2020,10,14,8,15,94,94018,ARCHEVECHE (R DE L),48.821118,2.407667,Plein jour,En agglomération,Autre intersection,Pluie légère,Autre collision,4,-1,0,0,2,2,2,0,4,6,1,2,1,0,0,1,16.0,,autre,,1,2,9,2,6
202000008001,2020-10-14 12:20:00,2020,10,14,12,20,94,94017,RODIN (R),48.80511,2.55139,Plein jour,En agglomération,Autre intersection,Normale,Autre collision,5,-1,0,0,1,1,1,9,8,50,1,2,1,0,0,1,31.0,,voiture,,1,2,9,1,6
202000008002,2020-10-14 10:20:00,2020,10,14,10,20,93,93078,DELATTRE DE TASSIGNY (AVENUE),48.96371,2.53771,Plein jour,En agglomération,Hors intersection,Temps couvert,Autre collision,4,-1,1,0,1,1,1,0,1,50,1,2,1,0,0,1,44.0,,utilitaire_camion,,1,2,1,8,6
202000008003,2020-10-14 17:20:00,2020,10,14,17,20,93,93071,JEAN BAPTISTE (AVENUE),48.93321,2.53263,Plein jour,En agglomération,Intersection en T,Normale,Deux véhicules - côté,4,-1,1,0,1,1,1,0,8,50,2,3,2,0,0,1,16.0,20.0,deux_roues,utilitaire_camion,1,2,3,1,3
202000008004,2020-10-14 08:50:00,2020,10,14,8,50,93,93045,MOULIN JEAN RUE,48.8807951,2.4151249,Plein jour,En agglomération,Hors intersection,Pluie légère,Autre collision,4,2,2,0,1,1,2,6,1,20,1,2,1,0,0,1,60.0,,voiture,,1,2,1,2,6
202000008005,2020-10-14 07:45:00,2020,10,14,7,45,93,93079,RTE DE SAINT LEU / RUE ALEXANDRE RIBOT,48.95162,2.33887,Nuit avec éclairage allumé,En agglomération,Intersection en T,Pluie légère,Deux véhicules - côté,3,2,2,1,1,1,2,0,1,50,2,2,1,0,0,1,46.0,41.0,voiture,deux_roues,5,2,3,2,3
202000008006,2020-10-14 11:45:00,2020,10,14,11,45,93,93007,MARCEL ALIZARD (AVENUE),48.9459814,2.4458492,Plein jour,En agglomération,Intersection en X,Normale,Deux véhicules - côté,4,2,2,0,1,1,1,0,1,50,2,4,3,0,0,1,23.0,44.0,utilitaire_camion,voiture,1,2,2,1,3
202000008007,2020-10-14 22:00:00,2020,10,14,22,0,93,93005,CLEMENT ADER (RUE),48.9437315,2.4814268,Nuit avec éclairage allumé,Hors agglomération,Hors intersection,Normale,Sans collision,4,2,3,0,1,1,1,0,1,50,1,1,0,0,1,0,25.0,,deux_roues,,5,1,1,1,7
202000008008,2020-10-14 08:40:00,2020,10,14,8,40,93,93001,REPUBLIQUE (AVE DE LA ) DE 52 A 104,48.9103312,2.3854567,Plein jour,En agglomération,Autre intersection,Pluie légère,Trois véhicules et plus - collisions multiples,3,2,2,0,1,1,2,0,1,50,3,4,2,0,0,2,34.0,37.0,voiture,deux_roues,1,2,9,2,5
202000008009,2020-10-14 10:00:00,2020,10,14,10,0,92,92062,PARMENTIER (RUE),48.87805,2.23956,Plein jour,En agglomération,Hors intersection,Temps couvert,Deux véhicules - côté,4,1,1,0,1,1,2,0,1,50,2,2,1,0,0,1,44.0,45.0,deux_roues,voiture,1,2,1,8,3
202000008010,2020-10-12 19:35:00,2020,10,12,19,35,92,92050,ROSIERS RUE DES,48.886449,2.225973,Nuit avec éclairage allumé,En agglomération,Intersection en T,Normale,Deux véhicules - côté,4,2,2,0,1,1,1,0,1,50,2,3,1,0,0,2,21.0,33.0,utilitaire_camion,voiture,5,2,3,1,3
202000008011,2020-10-12 17:10:00,2020,10,12,17,10,92,92050,CLEMENCEAU GEORGES AVENUE N°IMPAIR,48.886282,2.212138,Plein jour,Hors agglomération,Hors intersection,Temps couvert,Autre collision,3,-1,2,0,2,1,1,0,1,50,1,2,0,0,1,1,43.0,,deux_roues,,1,1,1,8,6
202000008012,2020-10-13 10:40:00,2020,10,13,10,40,92,92049,MAURICE ARNOUX (RUE),48.816839,2.311703,Plein jour,En agglomération,Hors intersection,Pluie légère,Autre collision,3,1,1,0,1,1,2,0,5,50,1,2,1,0,0,1,53.0,,deux_roues,,1,2,1,2,6
202000008013,2020-10-13 18:30:00,2020,10,13,18,30,92,92036,LOUISE MICHEL (IMPAIRS),48.9226588,2.3205949,Crépuscule ou aube,En agglomération,Intersection en T,Normale,Deux véhicules - côté,3,2,2,0,1,1,1,0,1,50,2,2,1,0,0,1,21.0,46.0,deux_roues,voiture,2,2,3,1,3
202000008014,2020-10-13 01:30:00,2020,10,13,1,30,92,92036,PRINCIPALE DU PORT (ROUTE) (1/17),48.9396589,2.2867616,Nuit avec éclairage allumé,En agglomération,Giratoire,Pluie légère,Sans collision,4,3,4,0,1,1,1,0,1,50,1,1,0,0,0,1,30.0,,utilitaire_camion,,5,2,6,2,7
202000008015,2020-10-12 20:20:00,2020,10,12,20,20,92,92025,KLEBER (AV),48.93115,2.24432,Nuit avec éclairage allumé,En agglomération,Intersection en T,Pluie légère,Deux véhicules - arrière,4,2,4,0,1,1,2,0,1,50,2,2,1,0,0,1,28.0,41.0,voiture,voiture,5,2,3,2,2
202000008016,2020-10-13 20:40:00,2020,10,13,20,40,92,92025,CHARLES DE GAULLE (BD),48.915625,2.227799,Nuit avec éclairage allumé,En agglomération,Hors intersection,Normale,Deux véhicules - arrière,3,1,3,0,1,1,1,2,1,50,2,2,1,0,0,1,31.0,21.0,deux_roues,voiture,5,2,1,1,2
202000008017,2020-10-13 06:25:00,2020,10,13,6,25,92,92025,CHARLES DE GAULLE (BD),48.917938,2.223983,Nuit avec éclairage allumé,En agglomération,Intersection en X,Pluie légère,Deux véhicules - côté,3,3,4,0,1,1,2,0,1,50,2,2,0,0,0,2,52.0,21.0,voiture,voiture,5,2,2,2,3
202000008018,2020-10-15 15:50:00,2020,10,15,15,50,974,97415,Chaussee Royale,-21.012249,55.27203,Plein jour,En agglomération,Hors intersection,Pluie légère,Deux véhicules - côté,2,1,2,0,1,1,2,0,1,50,2,2,1,0,0,1,45.0,51.0,deux_roues,voiture,1,2,1,2,3
202000008019,2020-10-14 21:45:00,2020,10,14,21,45,974,97415,Chemin Summer 3,-21.030809,55.296668,Nuit sans éclairage public,Hors agglomération,Hors intersection,Normale,Autre collision,9,2,2,0,2,4,1,0,8,80,1,1,0,1,0,0,57.0,,voiture,,3,1,1,1,6
202000008020,2020-10-14 18:00:00,2020,10,14,18,0,54,54513, RD904,48.456843,6.127796,Plein jour,Hors agglomération,Intersection en X,Temps éblouissant,Deux véhicules - côté,3,2,2,3,1,1,1,5,1,80,2,2,1,0,0,1,31.0,52.0,voiture,voiture,1,1,2,7,3
202000008021,2020-10-14 11:25:00,2020,10,14,11,25,51,51066,D396,48.660602,4.57952,Plein jour,Hors agglomération,Hors intersection,Normale,,3,2,2,0,1,1,1,0,1,80,3,3,2,0,1,0,45.0,58.0,utilitaire_camion,voiture,1,1,1,1,-1
202000008022,2020-10-14 19:50:00,2020,10,14,19,50,01,01105,D4,45.934692,4.904264,Nuit sans éclairage public,Hors agglomération,Hors intersection,Normale,Deux véhicules - frontale,3,2,2,0,1,2,2,0,1,80,2,2,0,0,1,1,39.0,23.0,voiture,voiture,3,1,1,1,1
202000008023,2020-10-14 20:30:00,2020,10,14,20,30,86,86174,D910,46.767892,0.501854,Nuit sans éclairage public,Hors agglomération,Hors intersection,Normale,Deux véhicules - arrière,3,3,4,0,1,1,1,0,1,90,2,2,1,0,1,0,66.0,26.0,voiture,deux_roues,3,1,1,1,2
202000008024,2020-10-15 01:10:00,2020,10,15,1,10,74,74188,Route de l'Elé,46.193353,6.69768,Nuit avec éclairage allumé,En agglomération,Intersection en Y,Normale,Autre collision,3,2,-1,-1,1,1,1,0,1,-1,1,1,0,0,1,0,29.0,,voiture,,5,2,4,1,6
202000008025,2020-10-14 20:50:00,2020,10,14,20,50,63,63464,02 rue du bourg,45.968904,2.876889,Nuit avec éclairage allumé,En agglomération,Intersection en Y,Pluie légère,Autre collision,4,2,2,0,2,1,2,0,4,50,1,1,0,0,1,0,41.0,,voiture,,5,2,4,2,6
202000008026,2020-10-15 14:35:00,2020,10,15,14,35,48,48005,"A75, pk 152+600",44.586719,3.250886,Plein jour,Hors agglomération,Hors intersection,Normale,Autre collision,1,3,4,0,2,1,1,3,2,130,1,1,0,0,1,0,67.0,,voiture,,1,1,1,1,6
202000008027,2020-10-15 05:45:00,2020,10,15,5,45,19,19002,D1089,45.600122,2.403002,Nuit sans éclairage public,Hors agglomération,Intersection en T,Pluie légère,Deux véhicules - côté,2,2,2,0,1,1,2,0,8,90,2,2,0,0,2,0,19.0,25.0,voiture,voiture,3,1,3,2,3
202000008028,2020-10-15 08:30:00,2020,10,15,8,30,2B,2B150,T30,42.599061,8.839445,Plein jour,Hors agglomération,Intersection en T,Temps couvert,Deux véhicules - arrière,2,2,2,0,1,2,2,0,1,70,2,2,1,0,0,1,27.0,44.0,voiture,voiture,1,1,3,8,2
202000008029,2020-10-15 18:00:00,2020,10,15,18,0,33,33541,D1e4,45.385408,-1.032447,Plein jour,Hors agglomération,Hors intersection,Normale,Deux véhicules - frontale,3,2,2,0,1,1,1,2,1,80,2,3,0,0,0,3,69.0,40.0,voiture,voiture,1,1,1,1,1
202000008030,2020-10-15 03:30:00,2020,10,15,3,30,69,69063,2 Quai de la Jonchère,45.813991,4.845158,Nuit avec éclairage allumé,En agglomération,Hors intersection,Normale,Autre collision,3,2,2,2,2,1,1,0,5,70,1,1,0,0,1,0,34.0,,deux_roues,,5,2,1,1,6
202000008031,2020-10-14 14:30:00,2020,10,14,14,30,29,29045,203 Lieu-dit Keranfalc'her,48.387298,-4.251637,Plein jour,Hors agglomération,Hors intersection,Normale,Trois véhicules et plus - collisions multiples,3,2,1,0,1,1,1,0,1,80,3,4,2,0,1,1,57.0,24.0,utilitaire_camion,voiture,1,1,1,1,5
202000008032,2020-10-14 14:25:00,2020,10,14,14,25,68,68201,2 Route de Mulhouse,47.768796,7.005361,Plein jour,En agglomération,Hors intersection,Normale,Deux véhicules - arrière,3,2,2,0,1,1,1,0,1,50,2,2,1,0,0,1,23.0,49.0,voiture,voiture,1,2,1,1,2
202000008033,2020-10-14 16:15:00,2020,10,14,16,15,35,35270,RD 797,48.574549,-1.555166,Plein jour,Hors agglomération,Hors intersection,Normale,Deux véhicules - frontale,3,2,2,0,1,1,1,0,1,80,2,3,2,0,0,1,71.0,72.0,voiture,voiture,1,1,1,1,1
202000008034,2020-10-14 12:45:00,2020,10,14,12,45,35,35070,1 rue de la Carrée,48.559881,-1.930745,Plein jour,En agglomération,Intersection en X,Normale,Deux véhicules - frontale,3,2,2,0,1,1,1,5,1,50,2,2,1,0,1,0,53.0,44.0,deux_roues,voiture,1,2,2,1,1
202000008035,2020-10-14 19:45:00,2020,10,14,19,45,29,29191,Pen Ar Roz,48.533658,-3.755693,Nuit sans éclairage public,Hors agglomération,Hors intersection,Pluie légère,Sans collision,4,2,2,0,4,1,2,0,1,-1,1,1,0,0,0,1,29.0,,deux_roues,,3,1,1,2,7
202000008036,2020-10-15 07:40:00,2020,10,15,7,40,29,29061,D788 - Pen Ar Valy,48.439002,-4.465844,Nuit avec éclairage allumé,Hors agglomération,Hors intersection,Normale,Sans collision,3,3,4,0,2,1,2,0,1,70,1,1,0,0,0,1,17.0,,deux_roues,,5,1,1,1,7
202000008037,2020-10-15 16:45:00,2020,10,15,16,45,31,31270,La Serre,43.136571,0.755103,Plein jour,Hors agglomération,Hors intersection,Normale,Deux véhicules - côté,3,2,2,0,1,2,1,0,1,80,2,3,2,0,0,1,16.0,82.0,deux_roues,voiture,1,1,1,1,3
202000008038,2020-10-14 08:00:00,2020,10,14,8,0,84,84030,D974 quartier de la Combe,44.081921,5.108449,Plein jour,Hors agglomération,Hors intersection,Normale,Deux véhicules - côté,3,2,2,0,1,1,1,0,1,80,2,3,1,1,1,0,51.0,25.0,voiture,voiture,1,1,1,1,3
202000008039,2020-10-07 18:00:00,2020,10,7,18,0,72,72064,La Borde Janvier,47.849433,0.726793,Plein jour,Hors agglomération,Hors intersection,Normale,Deux véhicules - frontale,3,2,2,0,1,1,1,0,1,80,2,2,0,0,2,0,41.0,49.0,utilitaire_camion,voiture,1,1,1,1,1
202000008040,2020-10-15 12:30:00,2020,10,15,12,30,14,14726,Le Bourg Estry (Estry),48.898637,-0.737886,Plein jour,En agglomération,Intersection en X,Normale,Deux véhicules - côté,3,2,2,0,1,1,1,0,1,50,2,2,0,0,1,1,36.0,32.0,voiture,voiture,1,2,2,1,3
202000008041,2020-10-14 15:30:00,2020,10,14,15,30,14,14299,RD 140 et RD 119,49.339679,0.263886,Plein jour,Hors agglomération,Intersection en X,Normale,Deux véhicules - côté,3,2,2,0,1,1,1,0,1,90,2,2,1,0,0,1,55.0,53.0,voiture,voiture,1,1,2,1,3
202000008042,2020-10-13 08:29:00,2020,10,13,8,29,18,18180,D216,47.035594,2.401899,Plein jour,Hors agglomération,Hors intersection,Pluie forte,Deux véhicules - frontale,3,2,2,0,2,2,2,0,1,80,2,2,0,0,0,2,34.0,58.0,voiture,voiture,1,1,1,3,1
202000008043,2020-10-14 15:55:00,2020,10,14,15,55,21,21425,"Carrefour Les médaillés, Avenue du Maréchal LECLERC",47.622798,4.323796,Plein jour,En agglomération,Giratoire,Normale,Deux véhicules - arrière,3,2,2,0,1,2,1,5,1,50,2,1,0,0,0,1,66.0,,deux_roues,,1,2,6,1,2
202000008044,2020-10-14 20:30:00,2020,10,14,20,30,04,04116,RD 4,44.046273,6.019333,Nuit sans éclairage public,Hors agglomération,Hors intersection,Normale,Autre collision,3,2,2,0,1,1,1,0,8,80,1,1,0,0,1,0,40.0,,voiture,,3,1,1,1,6
202000008045,2020-10-14 17:50:00,2020,10,14,17,50,28,28214,Avenue du Thymerais,48.477402,1.023276,Plein jour,En agglomération,Hors intersection,Pluie légère,Sans collision,3,2,2,0,1,1,2,0,1,50,1,1,0,0,1,0,21.0,,deux_roues,,1,2,1,2,7
202000008046,2020-10-13 21:10:00,2020,10,13,21,10,28,28259,RN 10 - PR 48+514,48.236965,1.407537,Nuit sans éclairage public,Hors agglomération,Hors intersection,Normale,Deux véhicules - arrière,2,-1,3,0,1,1,1,0,1,90,2,2,1,0,1,0,26.0,48.0,voiture,voiture,3,1,1,1,2
202000008047,2020-10-15 16:00:00,2020,10,15,16,0,37,37097,2 rue agnès sorel,47.1646507,0.8938281,Plein jour,En agglomération,Intersection en X,Normale,Autre collision,3,2,2,0,1,1,1,0,1,50,1,2,1,0,0,1,53.0,,voiture,,1,2,2,1,6
202000008048,2020-10-15 18:30:00,2020,10,15,18,30,37,37273,72 Avenue Jeanne d'Arc,47.396166,0.7638178,Plein jour,En agglomération,Intersection en T,Normale,Deux véhicules - côté,4,2,2,2,1,1,1,0,1,50,2,6,2,0,2,2,69.0,17.0,voiture,voiture,1,2,3,1,3
202000008049,2020-10-14 16:35:00,2020,10,14,16,35,37,37050,108 Avenue du Grand Sud,47.3402523,0.703562,Plein jour,En agglomération,Hors intersection,Normale,Deux véhicules - côté,3,2,4,0,1,1,1,0,1,50,2,2,1,0,0,1,16.0,52.0,deux_roues,voiture,1,2,1,1,3
202000008050,2020-10-15 16:00:00,2020,10,15,16,0,48,48178,N106,44.284614,3.816665,Plein jour,Hors agglomération,Hors intersection,Normale,Autre collision,2,2,2,0,2,1,1,0,3,90,1,3,0,0,1,2,82.0,,voiture,,1,1,1,1,6
202000008051,2020-10-14 16:45:00,2020,10,14,16,45,88,88465,Rue de Lorraine (Thaon-les-Vosges),48.251605,6.419625,Plein jour,En agglomération,Hors intersection,Normale,Autre collision,3,2,2,0,1,1,1,0,1,50,1,2,1,0,1,0,81.0,,voiture,,1,2,1,1,6
202000008052,2020-10-14 02:15:00,2020,10,14,2,15,35,35352,Rond point de la Croix Rouge,48.049438,-1.609046,Nuit sans éclairage public,Hors agglomération,Giratoire,Brouillard / fumée,Sans collision,3,3,2,0,1,2,1,5,4,70,1,1,0,0,1,0,30.0,,voiture,,3,1,6,5,7
202000008053,2020-10-13 20:50:00,2020,10,13,20,50,35,35189,5 Rue des Chênes,48.15332,-1.706748,Nuit avec éclairage allumé,En agglomération,Hors intersection,Normale,Autre collision,3,3,2,0,2,1,2,0,1,50,1,1,0,0,0,1,,,,,5,2,1,1,6
202000008054,2020-10-14 18:05:00,2020,10,14,18,5,33,33122,A63,44.70492,-0.75417,Plein jour,Hors agglomération,Hors intersection,Normale,Trois véhicules et plus - en chaîne,1,3,4,0,1,1,1,0,1,130,4,4,2,0,1,1,49.0,37.0,utilitaire_camion,utilitaire_camion,1,1,1,1,4
202000008055,2020-10-15 09:05:00,2020,10,15,9,5,06,06088,"A8, PK 185.500 chaussée sud",43.668388,7.198336,Plein jour,Hors agglomération,Hors intersection,Normale,Sans collision,1,3,5,0,1,1,2,2,1,90,1,1,0,0,1,0,33.0,,deux_roues,,1,1,1,1,7
202000008056,2020-10-14 14:00:00,2020,10,14,14,0,971,97118,D33 - Route de VIARD,16.157387,-61.587038,Plein jour,Hors agglomération,Hors intersection,Normale,Deux véhicules - côté,3,2,2,0,4,1,1,0,1,80,2,3,2,1,0,0,40.0,44.0,deux_roues,voiture,1,1,1,1,3
202000008057,2020-10-15 07:25:00,2020,10,15,7,25,2B,2B307,1101 Scalo,42.380802,9.530125,Plein jour,En agglomération,Hors intersection,Normale,Autre collision,2,2,2,0,1,1,1,8,1,-1,1,1,0,0,0,1,,,,,1,2,1,1,6
202000008058,2020-10-15 06:50:00,2020,10,15,6,50,11,11076,rond-point du 4e régiment étranger,43.302637,1.974755,Nuit avec éclairage allumé,Hors agglomération,Giratoire,Pluie légère,Deux véhicules - côté,3,2,2,0,1,2,2,0,1,80,2,1,0,0,1,0,46.0,,deux_roues,,5,1,6,2,3
202000008059,2020-08-27 07:00:00,2020,8,27,7,0,11,11076,Rond-point du 4e Régiment Étranger (Zone militaire),43.302672,1.97454,Crépuscule ou aube,Hors agglomération,Giratoire,Normale,Deux véhicules - côté,3,2,2,0,1,1,1,5,1,80,2,2,1,0,0,1,74.0,43.0,voiture,deux_roues,2,1,6,1,3
202000008060,2020-10-15 00:05:00,2020,10,15,0,5,34,34135,D609,43.303925,3.158344,Nuit sans éclairage public,Hors agglomération,Hors intersection,Normale,Sans collision,3,2,2,0,1,1,1,0,8,80,1,1,0,0,1,0,28.0,,voiture,,3,1,1,1,7
202000008061,2020-10-15 13:10:00,2020,10,15,13,10,84,84019,Chemin du coucaou,44.2883869,4.7523042,Plein jour,Hors agglomération,Intersection en T,Temps couvert,Deux véhicules - côté,3,2,2,0,1,1,1,9,1,80,2,2,1,0,1,0,57.0,21.0,deux_roues,voiture,1,1,3,8,3
202000008062,2020-10-14 18:10:00,2020,10,14,18,10,83,83023,Route Departementale 12,43.365091,6.09554,Plein jour,Hors agglomération,Passage à niveau,Normale,Deux véhicules - côté,3,2,2,0,1,4,1,4,1,80,2,3,1,0,0,2,39.0,70.0,voiture,voiture,1,1,8,1,3
202000008063,2020-10-15 07:05:00,2020,10,15,7,5,71,71491,D352 bis,46.4182669,4.0565317,Crépuscule ou aube,Hors agglomération,Intersection en T,Normale,Deux véhicules - côté,3,2,2,0,3,1,1,0,1,80,2,2,1,1,0,0,49.0,44.0,utilitaire_camion,deux_roues,2,1,3,1,3
202000008064,2020-10-06 13:00:00,2020,10,6,13,0,67,67348,Rue du General Leclerc,48.473416,7.496184,Plein jour,En agglomération,Intersection en T,Normale,Deux véhicules - arrière,3,2,2,0,1,1,1,0,1,50,2,1,0,0,0,1,15.0,,deux_roues,,1,2,3,1,2
202000008065,2020-10-13 12:15:00,2020,10,13,12,15,73,73097,D21,45.551868,6.01436,Plein jour,En agglomération,Hors intersection,Normale,Deux véhicules - frontale,3,2,2,0,2,1,1,0,1,50,2,2,1,0,1,0,65.0,52.0,voiture,deux_roues,1,2,1,1,1
202000008066,2020-10-13 16:50:00,2020,10,13,16,50,38,38158,Avenue du Général de Gaulle,45.160553,5.741483,Plein jour,En agglomération,Hors intersection,Normale,Autre collision,3,1,2,0,1,1,1,0,1,50,1,2,1,0,0,1,51.0,,voiture,,1,2,1,1,6
202000008067,2020-10-14 16:00:00,2020,10,14,16,0,50,50025,51 Rue Division Leclerc,48.679278,-1.343628,Plein jour,En agglomération,Intersection en T,Normale,Autre collision,3,2,2,0,1,1,1,0,6,50,1,2,1,0,0,1,62.0,,voiture,,1,2,3,1,6
202000008068,2020-10-15 17:10:00,2020,10,15,17,10,60,60141,route des Bourgognes,49.202521,2.467772,Plein jour,En agglomération,Hors intersection,Normale,Autre collision,5,1,1,0,1,2,1,9,8,-1,1,2,1,0,0,1,55.0,,transport_commun,,1,2,1,1,6
202000008069,2020-10-10 21:25:00,2020,10,10,21,25,60,60587,RUE DE PARIS,49.342321,2.606378,Nuit avec éclairage allumé,En agglomération,Intersection en X,Normale,Deux véhicules - frontale,3,2,2,0,1,1,1,5,1,50,2,4,3,0,0,1,21.0,20.0,voiture,voiture,5,2,2,1,1
202000008070,2020-10-14 19:00:00,2020,10,14,19,0,60,60644,D981,49.280432,1.806747,Nuit sans éclairage public,Hors agglomération,Hors intersection,Normale,Deux véhicules - frontale,3,2,2,0,3,1,1,0,1,80,2,2,0,0,2,0,20.0,61.0,voiture,voiture,3,1,1,1,1
202000008071,2020-10-15 13:15:00,2020,10,15,13,15,60,60628,Therdonne,49.4228073,2.1504839,Plein jour,Hors agglomération,Hors intersection,Normale,Sans collision,2,3,4,0,1,1,1,0,1,110,1,1,0,0,1,0,22.0,,voiture,,1,1,1,1,7
202000008072,2020-10-13 18:05:00,2020,10,13,18,5,83,83062,A57,43.1436071,6.019915,Plein jour,Hors agglomération,Hors intersection,Normale,Trois véhicules et plus - en chaîne,1,3,6,0,1,1,1,0,1,110,3,3,1,0,0,2,56.0,24.0,voiture,voiture,1,1,1,1,4
202000008073,2020-10-12 07:35:00,2020,10,12,7,35,83,83144,A57,43.13349,5.98476,Crépuscule ou aube,Hors agglomération,Hors intersection,Normale,Sans collision,1,3,4,0,1,1,1,0,1,110,1,1,0,0,0,1,21.0,,deux_roues,,2,1,1,1,7
202000008074,2020-10-14 09:10:00,2020,10,14,9,10,33,33550,ROCADE A 630,44.77918,-0.55177,Plein jour,Hors agglomération,Hors intersection,Normale,Autre collision,1,3,6,0,1,1,2,0,1,90,1,1,0,0,0,1,41.0,,deux_roues,,1,1,1,1,6
202000008075,2020-10-11 20:00:00,2020,10,11,20,0,62,62498,AUTOROUTE A211,50.423695,2.830009,Nuit sans éclairage public,Hors agglomération,Hors intersection,Normale,,1,3,4,0,1,3,1,0,1,90,2,2,1,0,0,1,21.0,33.0,voiture,voiture,3,1,1,1,-1
202000008076,2020-10-11 11:10:00,2020,10,11,11,10,59,59343,AUTOROUTE A22,50.600899,3.120798,Plein jour,Hors agglomération,Hors intersection,Normale,Autre collision,1,3,1,0,1,2,2,0,1,70,1,2,1,0,0,1,32.0,,voiture,,1,1,1,1,6
202000008077,2020-10-14 18:16:00,2020,10,14,18,16,91,91689,AUTOROUTE A6B,48.74395,2.32219,Plein jour,Hors agglomération,Hors intersection,Normale,Deux véhicules - arrière,1,1,3,0,1,1,1,0,1,110,2,2,1,0,0,1,35.0,39.0,utilitaire_camion,deux_roues,1,1,1,1,2
202000008078,2020-10-14 13:23:00,2020,10,14,13,23,94,94021,AUTOROUTE A106,48.7614,2.3449,Plein jour,Hors agglomération,Hors intersection,Normale,Deux véhicules - arrière,1,3,4,0,1,1,1,2,1,110,2,2,1,0,0,1,34.0,51.0,voiture,deux_roues,1,1,1,1,2
202000008079,2020-10-11 09:20:00,2020,10,11,9,20,91,91377,RN20,48.720718,2.299194,Plein jour,En agglomération,Hors intersection,Normale,Sans collision,2,3,4,0,1,1,2,3,3,50,1,3,0,0,0,3,29.0,,voiture,,1,2,1,1,7
202000008080,2020-10-14 17:50:00,2020,10,14,17,50,92,92050,A14,48.9011605,2.2056742,Plein jour,Hors agglomération,Hors intersection,Normale,Deux véhicules - arrière,1,3,4,0,1,1,1,1,1,70,2,2,1,0,0,1,38.0,27.0,voiture,deux_roues,1,1,1,1,2