accident_id,datetime,annee,mois,jour,heure,minute,departement,commune_insee,adresse,latitude,longitude,luminosite,agglomeration,intersection,meteo,collision,catr,circ,nbv,vosp,prof,plan,surf,infra,situ,vma,nb_vehicules,nb_usagers,nb_indemnes,nb_tues,nb_blesses_hosp,nb_blesses_legers,age_cond_1,age_cond_2,veh_type_cond_1,veh_type_cond_2,lum_code,agg_code,int_code,atm_code,col_code
202000008173,2020-08-17 15:15:00,2020,8,17,15,15,94,94081,JULIAN GRIMAU (R),48.78042,2.37358,Plein jour,En agglomération,Hors intersection,Pluie légère,Deux véhicules - arrière,4,2,2,0,1,1,2,0,1,50,2,2,1,0,0,1,33.0,18.0,voiture,deux_roues,1,2,1,2,2
202000008174,2020-08-19 13:40:00,2020,8,19,13,40,94,94044,GABRIEL PERI (AV),48.755906,2.483801,Plein jour,En agglomération,Autre intersection,Normale,Deux véhicules - côté,3,1,2,0,1,1,1,0,1,50,2,2,1,0,0,1,40.0,26.0,voiture,voiture,1,2,9,1,3
202000008175,2020-08-19 19:05:00,2020,8,19,19,5,94,94052,ALBERT 1ER (BD),48.83541,2.4941,Plein jour,En agglomération,Intersection en X,Normale,Deux véhicules - arrière,2,1,3,0,1,1,1,0,1,50,2,2,1,0,0,1,27.0,42.0,voiture,deux_roues,1,2,2,1,2
202000008176,2020-08-19 19:20:00,2020,8,19,19,20,94,94043,GAMBETTA (R),48.81363,2.357261,Plein jour,En agglomération,Intersection en X,Normale,Deux véhicules - côté,4,1,1,0,1,1,1,0,1,50,2,2,1,0,0,1,30.0,42.0,deux_roues,voiture,1,2,2,1,3
202000008177,2020-08-19 16:40:00,2020,8,19,16,40,94,94038,PAUL VAILLANT COUTURIER (BD),48.77626,2.33998,Plein jour,En agglomération,Hors intersection,Normale,Autre collision,3,-1,2,0,1,1,1,0,1,30,1,2,1,0,0,1,33.0,,voiture,,1,2,1,1,6
202000008178,2020-08-17 15:20:00,2020,8,17,15,20,94,94033,VICTOR HUGO (AV),48.85893,2.47578,Plein jour,En agglomération,Intersection en X,Temps couvert,Deux véhicules - côté,3,-1,2,0,1,1,2,0,1,50,2,3,1,0,0,2,38.0,31.0,voiture,voiture,1,2,2,8,3
202000008179,2020-08-18 18:30:00,2020,8,18,18,30,94,94054,JEAN MERMOZ (R),48.748884,2.41483,Plein jour,En agglomération,Hors intersection,Normale,Deux véhicules - côté,4,-1,2,0,2,1,1,0,4,30,2,2,1,0,0,1,5.0,29.0,deux_roues,voiture,1,2,1,1,3
202000008180,2020-08-18 09:05:00,2020,8,18,9,5,94,94079,FRIEDBERG (BD DE),48.8364,2.5473,Plein jour,En agglomération,Hors intersection,Normale,Deux véhicules - côté,3,3,4,0,1,1,1,0,1,50,2,2,1,0,0,1,46.0,41.0,utilitaire_camion,deux_roues,1,2,1,1,3
202000008181,2020-08-19 11:36:00,2020,8,19,11,36,94,94017,MAURICE THOREZ (AV),48.81437,2.53777,Plein jour,En agglomération,Intersection en T,Normale,Deux véhicules - côté,7,2,2,0,1,1,1,5,1,50,2,2,1,0,0,1,43.0,40.0,deux_roues,voiture,1,2,3,1,3
202000008182,2020-08-19 10:35:00,2020,8,19,10,35,93,93057,BRIAND ( AV. ARISTIDE) 1 A29,48.9103595,2.5106189,Plein jour,En agglomération,Hors intersection,Normale,Deux véhicules - arrière,3,1,3,3,1,1,1,0,1,50,2,2,1,0,1,0,33.0,35.0,autre,deux_roues,1,2,1,1,2
202000008183,2020-08-19 10:05:00,2020,8,19,10,5,92,92046,PIERRE LAROUSSE (AVENUE),48.8248,2.3021,Plein jour,En agglomération,Intersection en X,Normale,Deux véhicules - côté,3,2,-1,-1,2,1,1,5,1,-1,2,2,1,0,0,1,55.0,38.0,autre,voiture,1,2,2,1,3
202000008184,2020-08-19 17:21:00,2020,8,19,17,21,92,92062,CIRCULAIRE BLD,48.892247,2.245809,Plein jour,En agglomération,Hors intersection,Pluie légère,Deux véhicules - côté,3,1,3,0,1,1,2,0,1,20,2,2,1,0,0,1,17.0,37.0,deux_roues,voiture,1,2,1,2,3
202000008185,2020-08-18 14:43:00,2020,8,18,14,43,92,92025,EUROPE (AV DE L'),48.926385,2.243682,Plein jour,En agglomération,Hors intersection,Normale,Deux véhicules - côté,4,2,3,1,1,1,1,0,1,50,2,2,1,0,0,1,34.0,30.0,voiture,voiture,1,2,1,1,3
202000008186,2020-08-20 13:20:00,2020,8,20,13,20,35,35176,RD53,47.770959,-1.845408,Plein jour,Hors agglomération,Hors intersection,Normale,Autre collision,3,2,2,0,2,2,1,0,3,80,1,1,0,1,0,0,55.0,,voiture,,1,1,1,1,6
202000008187,2020-08-20 10:44:00,2020,8,20,10,44,38,38344,Route du Gue d'Agnin,45.3604,4.83134,Plein jour,Hors agglomération,Intersection en X,Normale,Trois véhicules et plus - collisions multiples,3,2,2,0,2,1,1,0,1,80,3,8,5,0,0,3,52.0,35.0,voiture,voiture,1,1,2,1,5
202000008188,2020-08-18 16:45:00,2020,8,18,16,45,43,43040,18 Avenue Léon Blum,45.289551,3.386734,Plein jour,En agglomération,Hors intersection,Normale,Autre collision,3,2,2,0,1,1,1,6,1,50,1,2,1,0,1,0,89.0,,voiture,,1,2,1,1,6
202000008189,2020-08-20 09:45:00,2020,8,20,9,45,95,95052,RD 922,49.1379972,2.2721469,Plein jour,En agglomération,Giratoire,Normale,Deux véhicules - arrière,3,1,2,0,1,2,1,0,1,50,2,2,1,0,0,1,47.0,80.0,voiture,deux_roues,1,2,6,1,2
202000008190,2020-08-19 16:30:00,2020,8,19,16,30,45,45187,D88-PR13+800,47.8785668,2.4910261,Plein jour,Hors agglomération,Hors intersection,Normale,Deux véhicules - frontale,3,2,2,0,1,3,2,0,1,80,2,3,0,1,1,1,20.0,62.0,voiture,voiture,1,1,1,1,1
202000008191,2020-08-20 07:25:00,2020,8,20,7,25,49,49192,19 Rue des Mésanges,47.0143857,-0.7392107,Plein jour,Hors agglomération,Hors intersection,Normale,Sans collision,3,2,2,0,1,1,1,0,3,80,1,1,0,0,1,0,47.0,,deux_roues,,1,1,1,1,7
202000008192,2020-08-10 18:14:00,2020,8,10,18,14,31,31044,122 Route de Castres,43.5877793,1.5185417,Plein jour,En agglomération,Autre intersection,Normale,Deux véhicules - arrière,7,3,1,3,1,1,1,9,1,50,2,2,1,0,1,0,45.0,36.0,voiture,deux_roues,1,2,9,1,2
202000008193,2020-08-18 04:00:00,2020,8,18,4,0,31,31439,D31,43.515273,1.619925,Nuit sans éclairage public,Hors agglomération,Hors intersection,Normale,Autre collision,3,2,2,0,4,2,1,0,3,80,1,4,0,0,1,3,19.0,,voiture,,3,1,1,1,6
202000008194,2020-08-05 18:14:00,2020,8,5,18,14,28,28018,A11,48.203533,0.895482,Plein jour,Hors agglomération,Hors intersection,Normale,Autre collision,1,3,5,0,1,1,1,9,3,130,1,2,0,1,1,0,22.0,,voiture,,1,1,1,1,6
202000008195,2020-08-20 11:49:00,2020,8,20,11,49,83,83023,A8,43.415865,6.128616,Plein jour,Hors agglomération,Hors intersection,Normale,Autre collision,1,3,3,3,1,3,1,0,2,130,1,1,0,1,0,0,23.0,,deux_roues,,1,1,1,1,6
202000008196,2020-08-16 10:30:00,2020,8,16,10,30,83,83049,"Autoroute A57, PK 018.700",43.243865,6.071611,Plein jour,Hors agglomération,Hors intersection,Normale,Autre collision,1,3,4,0,1,1,1,0,1,110,1,3,2,0,1,0,31.0,,voiture,,1,1,1,1,6
202000008197,2020-08-17 19:45:00,2020,8,17,19,45,10,10030,D60,48.312569,3.991038,Crépuscule ou aube,Hors agglomération,Intersection en T,Normale,Deux véhicules - côté,3,2,2,0,1,1,1,0,1,80,2,5,2,0,0,3,35.0,65.0,voiture,voiture,2,1,3,1,3
202000008198,2020-08-17 15:15:00,2020,8,17,15,15,51,51320,D36,49.052614,3.7878423,Plein jour,Hors agglomération,Hors intersection,Pluie forte,Sans collision,3,2,2,0,1,3,2,0,3,80,1,1,0,0,1,0,21.0,,voiture,,1,1,1,3,7
202000008199,2020-08-18 18:10:00,2020,8,18,18,10,27,27429,D163,48.918072,1.404179,Plein jour,Hors agglomération,Intersection en X,Normale,Deux véhicules - côté,3,2,2,0,1,1,1,0,1,80,2,2,1,0,1,0,59.0,72.0,voiture,voiture,1,1,2,1,3
202000008200,2020-08-18 21:00:00,2020,8,18,21,0,26,26005,Autourte du Soleil,44.524646,4.795103,Crépuscule ou aube,Hors agglomération,Hors intersection,Normale,Deux véhicules - côté,1,3,3,0,1,1,1,0,1,130,2,4,2,0,0,2,18.0,31.0,voiture,utilitaire_camion,2,1,1,1,3
202000008201,2020-08-18 19:54:00,2020,8,18,19,54,01,01399,D1005,46.294194,6.077349,Crépuscule ou aube,En agglomération,Giratoire,Normale,Autre collision,3,2,2,3,1,1,1,0,1,-1,1,1,0,0,0,1,50.0,,deux_roues,,2,2,6,1,6
202000008202,2020-06-28 14:15:00,2020,6,28,14,15,21,21559,A38,47.297976,4.803686,Plein jour,Hors agglomération,Hors intersection,Normale,Deux véhicules - arrière,1,3,4,0,1,1,1,3,1,130,2,2,1,0,1,0,32.0,66.0,voiture,deux_roues,1,1,1,1,2
202000008203,2020-08-18 08:35:00,2020,8,18,8,35,06,06130,Route Napoléon (Pont),43.705704,6.829506,Plein jour,Hors agglomération,Hors intersection,Normale,Deux véhicules - côté,3,2,2,0,2,1,1,0,1,80,2,3,2,1,0,0,34.0,59.0,voiture,deux_roues,1,1,1,1,3
202000008204,2020-08-19 07:35:00,2020,8,19,7,35,06,06033,2011 Route de la ZA de la Grave,43.782381,7.211382,Crépuscule ou aube,En agglomération,Hors intersection,Normale,Deux véhicules - côté,9,2,2,0,1,1,1,0,1,50,2,2,1,0,0,1,30.0,58.0,deux_roues,utilitaire_camion,2,2,1,1,3
202000008205,2020-08-16 12:45:00,2020,8,16,12,45,34,34259,N109,43.631094,3.764448,Plein jour,Hors agglomération,Hors intersection,Pluie forte,,2,3,4,0,1,1,2,0,1,110,4,6,4,0,0,2,21.0,37.0,voiture,voiture,1,1,1,3,-1
202000008206,2020-08-20 08:38:00,2020,8,20,8,38,15,15108,A75,44.932377,3.203383,Plein jour,Hors agglomération,Hors intersection,Normale,Autre collision,1,3,4,0,1,2,1,0,3,130,1,2,1,0,1,0,57.0,,utilitaire_camion,,1,1,1,1,6
202000008207,2020-08-20 08:05:00,2020,8,20,8,5,12,12270,A75 ,44.351534,3.106985,Plein jour,Hors agglomération,Hors intersection,Normale,Deux véhicules - arrière,1,3,4,0,3,2,1,0,1,130,2,4,3,0,0,1,52.0,24.0,voiture,voiture,1,1,1,1,2
202000008208,2020-08-19 14:00:00,2020,8,19,14,0,87,87107,Maisons Neuves,45.916094,1.169143,Plein jour,Hors agglomération,Hors intersection,Normale,Sans collision,3,2,2,0,1,1,1,0,8,80,1,1,0,0,1,0,21.0,,voiture,,1,1,1,1,7
202000008209,2020-08-20 06:45:00,2020,8,20,6,45,62,62650,D33e1,50.278562,2.904339,Crépuscule ou aube,Hors agglomération,Hors intersection,Normale,Sans collision,3,2,2,0,2,1,2,0,3,80,1,1,0,0,1,0,58.0,,voiture,,2,1,1,1,7
202000008210,2020-08-18 17:20:00,2020,8,18,17,20,83,83026,D79,43.422263,6.204218,Plein jour,Hors agglomération,Hors intersection,Temps éblouissant,Deux véhicules - frontale,3,2,2,0,1,1,1,0,1,80,2,2,1,0,1,0,56.0,64.0,voiture,deux_roues,1,1,1,7,1
202000008211,2020-08-11 15:30:00,2020,8,11,15,30,51,51507,D85,49.1033334,4.9021969,Plein jour,Hors agglomération,Hors intersection,Temps éblouissant,Deux véhicules - côté,3,2,2,0,2,1,1,0,1,80,2,2,1,0,0,1,78.0,48.0,voiture,deux_roues,1,1,1,7,3
202000008212,2020-08-11 15:15:00,2020,8,11,15,15,51,51569,Rue de la Gravelle,49.2725953,3.9306064,Plein jour,Hors agglomération,Hors intersection,Normale,Sans collision,4,2,2,0,1,3,1,0,3,80,1,1,0,1,0,0,71.0,,deux_roues,,1,1,1,1,7
202000008213,2020-08-20 14:40:00,2020,8,20,14,40,51,51617,N44,49.0209397,4.3281479,Plein jour,Hors agglomération,Hors intersection,Normale,Sans collision,2,3,4,0,1,1,1,0,3,110,1,4,2,0,1,1,46.0,,voiture,,1,1,1,1,7
202000008214,2020-08-18 23:30:00,2020,8,18,23,30,79,79252,,46.88417,-0.16045,Nuit sans éclairage public,En agglomération,Hors intersection,Normale,Autre collision,3,2,2,0,1,3,1,0,3,80,1,2,1,0,1,0,19.0,,voiture,,3,2,1,1,6
202000008215,2020-08-17 12:40:00,2020,8,17,12,40,2A,2A362,Route de Cirindinu - STE LUCIE DE PORTO-VECCHIO,41.6609395,9.3600036,Plein jour,Hors agglomération,Intersection en T,Normale,Deux véhicules - arrière,3,2,2,0,1,1,1,0,1,80,2,2,1,0,0,1,44.0,57.0,deux_roues,voiture,1,1,3,1,2
202000008216,2020-08-20 18:30:00,2020,8,20,18,30,2B,2B242,Poggio,42.411671,9.530489,Plein jour,Hors agglomération,Hors intersection,Normale,Deux véhicules - arrière,2,3,2,0,1,1,1,0,1,70,2,3,2,0,0,1,23.0,29.0,deux_roues,voiture,1,1,1,1,2
202000008217,2020-08-19 17:40:00,2020,8,19,17,40,80,80396,Rue Bucquet,50.243843,2.039959,Plein jour,Hors agglomération,Autre intersection,Pluie forte,Sans collision,4,-1,2,0,1,1,2,0,1,-1,1,11,6,0,0,5,64.0,,autre,,1,1,9,3,7
202000008218,2020-08-15 23:30:00,2020,8,15,23,30,65,65444,D 26,43.058329,0.546881,Nuit sans éclairage public,Hors agglomération,Hors intersection,Pluie légère,Sans collision,3,2,2,0,2,2,2,0,8,80,1,1,0,0,1,0,32.0,,voiture,,3,1,1,2,7
202000008219,2020-08-19 11:50:00,2020,8,19,11,50,65,65138,Route départementale 920,42.927111,-0.088577,Plein jour,Hors agglomération,Hors intersection,Temps éblouissant,Deux véhicules - frontale,3,2,2,0,2,1,1,0,1,70,2,2,1,0,1,0,30.0,22.0,deux_roues,voiture,1,1,1,7,1
202000008220,2020-08-13 20:10:00,2020,8,13,20,10,69,69012,pk 20+200 sur la RD 43,46.1908581,4.5439555,Nuit sans éclairage public,Hors agglomération,Hors intersection,Pluie forte,,3,2,2,0,2,4,2,0,3,80,1,2,0,0,1,1,68.0,,voiture,,3,1,1,3,-1
202000008221,2020-08-20 00:00:00,2020,8,20,0,0,69,69088,Place des Marronniers,45.81562,4.862861,Nuit avec éclairage allumé,En agglomération,Hors intersection,Normale,Deux véhicules - arrière,3,2,2,0,1,1,1,0,1,50,2,3,1,0,0,2,25.0,22.0,deux_roues,voiture,5,2,1,1,2
202000008222,2020-08-19 10:10:00,2020,8,19,10,10,11,11262,Route de Gruissan,43.169264,3.036979,Plein jour,Hors agglomération,Intersection en Y,Normale,Trois véhicules et plus - collisions multiples,3,2,2,0,1,3,1,0,1,70,4,6,5,0,1,0,49.0,79.0,voiture,deux_roues,1,1,4,1,5
202000008223,2020-08-19 19:00:00,2020,8,19,19,0,11,11035,départementale 117,42.843185,2.203338,Plein jour,Hors agglomération,Hors intersection,Normale,Deux véhicules - côté,3,2,2,0,1,3,1,0,1,50,2,2,1,0,1,0,43.0,45.0,utilitaire_camion,deux_roues,1,1,1,1,3
202000008224,2020-08-18 11:45:00,2020,8,18,11,45,71,71079,departementale 1083,46.4851835,5.3711206,Plein jour,Hors agglomération,Hors intersection,Normale,Deux véhicules - frontale,3,2,2,0,1,1,1,0,1,80,2,2,0,1,0,1,52.0,72.0,utilitaire_camion,voiture,1,1,1,1,1
202000008225,2020-08-19 18:45:00,2020,8,19,18,45,83,83068,4044 Route du Littoral,43.289671,6.605594,Plein jour,Hors agglomération,Hors intersection,Normale,Deux véhicules - côté,3,2,2,1,1,1,1,0,1,70,2,4,2,0,1,1,30.0,56.0,deux_roues,voiture,1,1,1,1,3
202000008226,2020-08-19 11:45:00,2020,8,19,11,45,63,63419,Route de Moureuille,46.138865,2.9285,Plein jour,En agglomération,Intersection en Y,Normale,Autre collision,3,2,2,0,1,1,1,0,1,50,1,2,1,0,1,0,70.0,,voiture,,1,2,4,1,6
202000008227,2020-08-18 14:55:00,2020,8,18,14,55,61,61257,RD 976,48.504315,-0.386539,Plein jour,En agglomération,Hors intersection,Pluie légère,Deux véhicules - arrière,3,2,2,0,3,1,2,0,1,50,2,4,3,0,0,1,19.0,23.0,utilitaire_camion,voiture,1,2,1,2,2
202000008228,2020-08-15 06:00:00,2020,8,15,6,0,61,61324,52 L'Etre Havard,48.5284,-0.746437,Nuit sans éclairage public,Hors agglomération,Hors intersection,Normale,Autre collision,3,2,2,0,1,1,1,0,3,90,1,3,2,0,1,0,21.0,,voiture,,3,1,1,1,6
202000008229,2020-08-19 23:15:00,2020,8,19,23,15,12,12258,D905,44.259062,2.185464,Nuit sans éclairage public,Hors agglomération,Intersection en X,Normale,Deux véhicules - côté,3,2,2,0,1,1,1,0,1,80,2,5,2,0,1,2,20.0,51.0,voiture,voiture,3,1,2,1,3
202000008230,2020-08-19 21:33:00,2020,8,19,21,33,47,47276,Pech de Peyre,44.328809,0.4975003,Nuit sans éclairage public,Hors agglomération,Intersection en T,Normale,Sans collision,3,2,2,0,3,3,1,0,8,80,1,2,0,0,2,0,61.0,,utilitaire_camion,,3,1,3,1,7
202000008231,2020-08-19 23:50:00,2020,8,19,23,50,41,41186,RD36,47.860768,1.04067,Nuit sans éclairage public,Hors agglomération,Hors intersection,Temps couvert,Autre collision,3,2,2,0,2,1,1,2,1,80,1,1,0,0,1,0,44.0,,voiture,,3,1,1,8,6
202000008232,2020-08-18 17:55:00,2020,8,18,17,55,29,29140,12 Rue de la Gare,48.3793794,-4.3106913,Plein jour,Hors agglomération,Intersection en X,Normale,Deux véhicules - côté,4,2,2,0,1,2,1,0,1,50,2,2,1,0,0,1,60.0,59.0,voiture,deux_roues,1,1,2,1,3
202000008233,2020-08-18 10:42:00,2020,8,18,10,42,29,29137,Rue Ar Mor,48.320723,-4.298698,Plein jour,En agglomération,Hors intersection,Normale,Deux véhicules - côté,4,2,2,0,1,1,1,0,1,30,2,2,1,0,0,1,57.0,7.0,voiture,deux_roues,1,2,1,1,3
202000008234,2020-08-18 17:28:00,2020,8,18,17,28,86,86271,D15,46.771681,0.229227,Plein jour,Hors agglomération,Hors intersection,Normale,Deux véhicules - côté,3,2,2,0,1,3,1,0,1,80,2,3,1,0,2,0,49.0,25.0,utilitaire_camion,deux_roues,1,1,1,1,3
202000008235,2020-08-19 07:46:00,2020,8,19,7,46,68,68338,D417,48.07619,7.257682,Plein jour,Hors agglomération,Intersection en Y,Normale,Deux véhicules - côté,3,2,2,0,1,1,1,5,1,80,2,5,1,0,2,2,66.0,48.0,voiture,utilitaire_camion,1,1,4,1,3
202000008236,2020-08-15 20:17:00,2020,8,15,20,17,22,22135,23 Rue du Manaty,48.579315,-3.328487,Plein jour,En agglomération,Hors intersection,Normale,Sans collision,3,-1,2,0,1,1,1,0,4,5,1,1,0,0,1,0,14.0,,deux_roues,,1,2,1,1,7
202000008237,2020-08-19 00:50:00,2020,8,19,0,50,25,25258,D673,47.213155,5.928068,Nuit sans éclairage public,Hors agglomération,Hors intersection,Normale,Autre collision,3,3,4,0,1,2,1,0,1,90,1,3,2,1,0,0,59.0,,voiture,,3,1,1,1,6
202000008238,2020-08-17 18:20:00,2020,8,17,18,20,35,35204,La Maison Neuve,48.044571,-1.563503,Plein jour,Hors agglomération,Hors intersection,Normale,Deux véhicules - arrière,3,2,2,0,4,1,1,0,1,-1,2,3,2,0,0,1,30.0,29.0,voiture,utilitaire_camion,1,1,1,1,2
202000008239,2020-08-17 18:15:00,2020,8,17,18,15,35,35068,Rue de Rennes,48.105017,-1.411427,Plein jour,En agglomération,Hors intersection,Normale,Autre collision,3,3,1,0,1,1,1,0,1,50,1,3,2,0,1,0,29.0,,voiture,,1,2,1,1,6
202000008240,2020-08-20 11:45:00,2020,8,20,11,45,29,29148,Lieu Dit Sainte Catherine,48.618144,-4.054551,Plein jour,Hors agglomération,Giratoire,Normale,Deux véhicules - côté,3,-1,2,0,1,1,1,5,1,80,2,2,1,0,1,0,82.0,54.0,voiture,deux_roues,1,1,6,1,3
202000008241,2020-08-16 09:45:00,2020,8,16,9,45,38,38310,D48,45.258727,5.476481,Plein jour,En agglomération,Intersection en T,Normale,,3,2,2,0,1,1,1,0,1,50,3,3,0,0,0,3,21.0,42.0,voiture,deux_roues,1,2,3,1,-1
202000008242,2020-08-13 11:20:00,2020,8,13,11,20,38,38409,Grand Rue,45.07471,5.28341,Plein jour,En agglomération,Hors intersection,Normale,Deux véhicules - arrière,3,2,2,0,1,1,1,9,3,50,2,7,6,0,1,0,87.0,,voiture,,1,2,1,1,2
202000008243,2020-07-07 21:50:00,2020,7,7,21,50,02,02423,Place du Chateau,49.478188,3.358367,Nuit avec éclairage allumé,En agglomération,Hors intersection,Normale,Deux véhicules - frontale,3,2,2,0,2,2,1,0,1,50,2,5,4,0,1,0,28.0,25.0,voiture,voiture,5,2,1,1,1
202000008244,2020-08-20 01:20:00,2020,8,20,1,20,03,03071,Domaine des Brirots,46.362156,3.6156927,Nuit sans éclairage public,Hors agglomération,Hors intersection,Normale,Sans collision,4,2,2,0,1,1,1,0,1,80,1,1,0,0,1,0,47.0,,deux_roues,,3,1,1,1,7
202000008245,2020-08-15 12:00:00,2020,8,15,12,0,03,03269,,46.4285136,2.7891749,Plein jour,Hors agglomération,Hors intersection,Normale,Sans collision,3,2,2,0,1,1,1,0,3,80,1,1,0,0,1,0,44.0,,deux_roues,,1,1,1,1,7
202000008246,2020-08-10 18:00:00,2020,8,10,18,0,06,06020,Le Graou,43.995007,7.33906,Plein jour,Hors agglomération,Hors intersection,Normale,Deux véhicules - frontale,9,2,2,0,2,3,1,0,1,80,2,3,1,0,0,2,16.0,61.0,deux_roues,voiture,1,1,1,1,1
202000008247,2020-08-19 17:00:00,2020,8,19,17,0,06,06073,M97,44.197055,7.0657,Plein jour,Hors agglomération,Hors intersection,Normale,Sans collision,7,2,2,0,2,3,1,0,1,90,1,1,0,0,1,0,51.0,,deux_roues,,1,1,1,1,7
202000008248,2020-08-18 12:38:00,2020,8,18,12,38,06,06023,Route du Col de Brouis,43.95446,7.51423,Plein jour,Hors agglomération,Hors intersection,Normale,Autre collision,3,2,2,0,2,3,1,0,1,80,1,1,0,0,1,0,58.0,,deux_roues,,1,1,1,1,6
202000008249,2020-08-20 16:05:00,2020,8,20,16,5,14,14431,D154,49.095038,0.015997,Plein jour,Hors agglomération,Hors intersection,Normale,Autre collision,3,2,2,0,1,2,1,0,3,80,1,1,0,0,1,0,30.0,,voiture,,1,1,1,1,6
202000008250,2020-08-20 12:00:00,2020,8,20,12,0,05,05145,D944,44.667848,6.230519,Plein jour,En agglomération,Hors intersection,Normale,,3,2,2,0,1,1,1,0,1,50,2,2,1,0,0,1,19.0,25.0,deux_roues,utilitaire_camion,1,2,1,1,-1
202000008251,2020-08-19 11:05:00,2020,8,19,11,5,50,50349,D73,48.988427,-1.511199,Plein jour,Hors agglomération,Hors intersection,Temps couvert,Deux véhicules - côté,3,2,2,0,1,1,2,0,1,80,2,6,0,3,3,0,34.0,22.0,voiture,voiture,1,1,1,8,3
202000008252,2020-08-18 01:00:00,2020,8,18,1,0,45,45314,Sully-la-Chapelle,47.9669336,2.1687811,Nuit sans éclairage public,Hors agglomération,Hors intersection,Normale,Autre collision,3,2,2,0,1,1,1,0,3,80,1,1,0,0,1,0,20.0,,voiture,,3,1,1,1,6
202000008253,2020-08-20 18:45:00,2020,8,20,18,45,45,45182,Rue du Docteur Pierre Segelle,47.683043,1.783041,Plein jour,En agglomération,Hors intersection,Normale,Deux véhicules - arrière,3,2,2,0,1,1,1,0,1,50,2,2,1,0,0,1,12.0,49.0,deux_roues,voiture,1,2,1,1,2
202000008254,2020-08-20 16:30:00,2020,8,20,16,30,64,64066,Route de Lasse,43.204393,-1.2737596,Plein jour,Hors agglomération,Hors intersection,Normale,Autre collision,3,2,2,0,1,2,1,0,3,80,1,1,0,0,1,0,52.0,,deux_roues,,1,1,1,1,6
202000008255,2020-08-19 13:25:00,2020,8,19,13,25,64,64438,3 Chemin des Chênes,43.329907,-0.232175,Plein jour,Hors agglomération,Hors intersection,Normale,Deux véhicules - frontale,3,2,2,0,2,1,1,0,1,70,2,2,1,1,0,0,49.0,55.0,voiture,deux_roues,1,1,1,1,1
202000008256,2020-08-19 00:50:00,2020,8,19,0,50,36,36065,Chemin de la Ferte Gilbert,47.047535,2.025253,Plein jour,Hors agglomération,Hors intersection,Temps éblouissant,Autre collision,4,2,2,0,1,1,1,0,3,50,1,1,0,0,1,0,20.0,,deux_roues,,1,1,1,7,6
202000008257,2020-08-13 17:10:00,2020,8,13,17,10,21,21489,Rue Basse,47.576138,4.804378,Plein jour,En agglomération,Hors intersection,Normale,Autre collision,4,2,2,0,1,1,1,0,1,50,1,2,1,0,1,0,80.0,,voiture,,1,2,1,1,6
202000008258,2020-08-18 12:15:00,2020,8,18,12,15,40,40083,D111,43.623464,-0.379243,Plein jour,Hors agglomération,Hors intersection,Normale,Autre collision,3,2,2,0,2,1,1,0,8,80,1,1,0,0,1,0,61.0,,voiture,,1,1,1,1,6
202000008259,2020-08-19 11:54:00,2020,8,19,11,54,40,40282,D924,43.784635,-0.500908,Plein jour,Hors agglomération,Intersection en T,Normale,Deux véhicules - côté,3,2,2,0,1,1,1,0,1,80,2,4,1,0,1,2,30.0,31.0,voiture,voiture,1,1,3,1,3
202000008260,2020-08-19 18:20:00,2020,8,19,18,20,85,85305,Rue de la Filée,46.571673,-0.761533,Plein jour,En agglomération,Autre intersection,Normale,Deux véhicules - côté,3,2,2,0,2,3,1,0,1,50,2,5,4,0,0,1,15.0,64.0,deux_roues,voiture,1,2,9,1,3
202000008261,2020-08-18 17:45:00,2020,8,18,17,45,85,85289,L'Etruyere,46.64958,-0.7088,Plein jour,Hors agglomération,Hors intersection,Normale,Deux véhicules - arrière,3,2,2,0,1,1,1,0,1,80,2,3,2,0,1,0,50.0,58.0,voiture,voiture,1,1,1,1,2
202000008262,2020-08-20 18:00:00,2020,8,20,18,0,27,27198,Rue des Aubepines,48.84988,1.136763,Plein jour,Hors agglomération,Intersection en X,Normale,Deux véhicules - frontale,3,2,2,0,1,1,1,0,1,-1,2,4,3,0,1,0,42.0,30.0,deux_roues,voiture,1,1,2,1,1
202000008263,2020-08-20 19:45:00,2020,8,20,19,45,37,37273,Avenue George Sand,47.3876107,0.7859624,Plein jour,En agglomération,Hors intersection,Normale,Autre collision,4,2,2,0,1,2,1,0,3,50,1,1,0,0,1,0,52.0,,voiture,,1,2,1,1,6
202000008264,2020-08-19 10:35:00,2020,8,19,10,35,30,30161,D6110,44.022497,4.108973,Plein jour,Hors agglomération,Intersection en Y,Normale,Deux véhicules - côté,3,2,2,0,2,1,1,0,1,80,2,5,1,0,4,0,77.0,53.0,voiture,utilitaire_camion,1,1,4,1,3
202000008265,2020-08-20 00:00:00,2020,8,20,0,0,48,48104,D52,44.628107,3.062224,Nuit sans éclairage public,Hors agglomération,Hors intersection,Normale,Sans collision,3,2,2,0,1,2,1,0,1,80,1,3,1,0,1,1,33.0,,voiture,,3,1,1,1,7
202000008266,2020-07-21 06:45:00,2020,7,21,6,45,08,08139,Grande Rue,49.87337,4.699906,Plein jour,En agglomération,Intersection en Y,Normale,Sans collision,3,2,2,0,4,1,1,0,8,50,1,1,0,0,1,0,44.0,,utilitaire_camion,,1,2,4,1,7