accident_id,datetime,annee,mois,jour,heure,minute,departement,commune_insee,adresse,latitude,longitude,luminosite,agglomeration,intersection,meteo,collision,catr,circ,nbv,vosp,prof,plan,surf,infra,situ,vma,nb_vehicules,nb_usagers,nb_indemnes,nb_tues,nb_blesses_hosp,nb_blesses_legers,age_cond_1,age_cond_2,veh_type_cond_1,veh_type_cond_2,lum_code,agg_code,int_code,atm_code,col_code
202000008358,2020-12-31 20:15:00,2020,12,31,20,15,973,97309,Rue des Zignias,4.912049,-52.284842,Nuit avec éclairage allumé,En agglomération,Hors intersection,Normale,Deux véhicules - côté,4,2,2,0,1,4,1,0,1,50,2,1,0,0,1,0,20.0,,deux_roues,,5,2,1,1,3
202000008359,2020-12-31 17:15:00,2020,12,31,17,15,45,45051,RD 952-35+1,47.833108,2.364163,Crépuscule ou aube,Hors agglomération,Hors intersection,Normale,Deux véhicules - frontale,3,2,2,0,1,1,1,0,1,90,2,3,0,0,1,2,29.0,52.0,voiture,voiture,2,1,1,1,1
202000008360,2020-12-31 18:44:00,2020,12,31,18,44,80,80646,A1,49.794328,2.804861,Nuit sans éclairage public,Hors agglomération,Hors intersection,Normale,Trois véhicules et plus - en chaîne,1,1,3,0,1,1,1,0,1,130,5,10,1,0,1,8,31.0,65.0,voiture,voiture,3,1,1,1,4
202000008361,2020-12-31 12:15:00,2020,12,31,12,15,13,13055,A507 sens Marseille - Aubagne,43.33858,5.37648,Plein jour,Hors agglomération,Hors intersection,Pluie légère,Autre collision,1,1,1,0,1,2,2,0,2,70,1,1,0,0,0,1,26.0,,voiture,,1,1,1,2,6
202000008362,2020-12-22 11:45:00,2020,12,22,11,45,42,42207,RN 88,45.45738,4.48386,Plein jour,Hors agglomération,Hors intersection,Temps couvert,Deux véhicules - arrière,2,3,6,0,1,1,2,0,1,110,2,3,0,0,1,2,72.0,28.0,voiture,utilitaire_camion,1,1,1,8,2
202000008363,2020-12-31 08:37:00,2020,12,31,8,37,33,33487,AUTOROUTE A 10,44.951972,-0.460515,Plein jour,Hors agglomération,Hors intersection,Pluie forte,Trois véhicules et plus - en chaîne,1,3,6,0,2,2,2,0,1,130,5,4,1,0,0,3,71.0,33.0,voiture,voiture,1,1,1,3,4
202000008364,2020-12-31 18:00:00,2020,12,31,18,0,94,94034,AUTOROUTE A86,48.7558158,2.3386478,Nuit avec éclairage allumé,Hors agglomération,Hors intersection,Normale,Trois véhicules et plus - en chaîne,1,1,2,0,1,1,1,1,1,70,3,5,2,0,0,3,48.0,28.0,voiture,voiture,5,1,1,1,4
202000008365,2020-12-31 10:20:00,2020,12,31,10,20,94,94043,AUTOROUTE A6B,48.8144,2.3557,Plein jour,Hors agglomération,Hors intersection,Pluie légère,Autre collision,1,-1,3,0,1,2,2,0,1,70,1,2,1,0,0,1,21.0,,voiture,,1,1,1,2,6
202000008366,2020-12-31 04:30:00,2020,12,31,4,30,94,94037,AUTOROUTE A6B,48.81528,2.35603,Nuit avec éclairage allumé,Hors agglomération,Hors intersection,Pluie légère,Autre collision,1,3,2,0,1,1,2,1,1,50,1,1,0,0,0,1,38.0,,voiture,,5,1,1,2,6
202000008367,2020-12-31 18:45:00,2020,12,31,18,45,78,78090,A13,48.970139,1.909364,Nuit avec éclairage allumé,Hors agglomération,Hors intersection,Normale,Trois véhicules et plus - en chaîne,1,1,3,0,1,1,1,0,1,110,3,5,3,0,0,2,29.0,73.0,voiture,voiture,5,1,1,1,4
202000008368,2020-12-31 18:05:00,2020,12,31,18,5,92,92060,RN385,48.7764017,2.2356829,Nuit sans éclairage public,Hors agglomération,Hors intersection,Normale,Deux véhicules - arrière,2,3,6,0,1,1,2,0,1,90,2,3,2,0,0,1,53.0,33.0,voiture,voiture,3,1,1,1,2
202000008369,2020-12-31 03:10:00,2020,12,31,3,10,92,92025,A86,48.9344,2.2569,Nuit avec éclairage allumé,Hors agglomération,Hors intersection,Pluie légère,Autre collision,1,3,4,0,1,1,2,0,1,90,1,1,0,0,0,1,23.0,,voiture,,5,1,1,2,6
202000008370,2020-12-31 17:40:00,2020,12,31,17,40,95,95678,RN 184,49.06261,2.21273,Crépuscule ou aube,Hors agglomération,Hors intersection,Normale,Trois véhicules et plus - en chaîne,2,3,6,0,1,1,1,0,1,90,3,4,2,0,0,2,48.0,37.0,voiture,voiture,2,1,1,1,4
202000008371,2020-12-31 16:15:00,2020,12,31,16,15,95,95394, A115,49.05462,2.20061,Plein jour,Hors agglomération,Hors intersection,Normale,Deux véhicules - arrière,1,3,7,0,1,1,1,3,1,70,2,2,1,0,0,1,20.0,35.0,voiture,voiture,1,1,1,1,2
202000008372,2020-12-31 13:10:00,2020,12,31,13,10,93,93005,AUTOROUTE A1,48.96416,2.47364,Plein jour,Hors agglomération,Hors intersection,Normale,Autre collision,1,3,9,0,1,1,2,2,1,70,1,2,0,0,1,1,19.0,,utilitaire_camion,,1,1,1,1,6
202000008373,2020-12-31 10:40:00,2020,12,31,10,40,93,93027,AUTOROUTE A86,48.92871,2.41469,Plein jour,Hors agglomération,Hors intersection,Pluie légère,Autre collision,1,3,3,0,1,2,2,0,1,90,1,1,0,0,0,1,21.0,,utilitaire_camion,,1,1,1,2,6
202000008374,2020-12-31 08:40:00,2020,12,31,8,40,92,92078,AUTOROUTE A86,48.9298303,2.3273213,Crépuscule ou aube,Hors agglomération,Hors intersection,Temps couvert,Autre collision,1,3,6,0,1,1,2,1,1,70,1,1,0,0,0,1,24.0,,voiture,,2,1,1,8,6
202000008375,2020-12-30 20:15:00,2020,12,30,20,15,95,95582, A15,48.96718,2.25473,Nuit sans éclairage public,Hors agglomération,Hors intersection,Pluie légère,Deux véhicules - arrière,1,3,4,0,1,1,2,0,1,110,2,4,1,0,0,3,40.0,38.0,voiture,voiture,3,1,1,2,2
202000008376,2020-12-30 07:00:00,2020,12,30,7,0,95,95212,A1,49.029546,2.5383478,Nuit sans éclairage public,Hors agglomération,Hors intersection,Normale,Deux véhicules - arrière,1,1,2,0,1,1,1,3,1,70,2,2,1,0,0,1,31.0,36.0,voiture,voiture,3,1,1,1,2
202000008377,2020-12-30 05:30:00,2020,12,30,5,30,95,95582, A115,48.9747055,2.2446227,Nuit sans éclairage public,Hors agglomération,Hors intersection,Normale,Autre collision,1,3,8,0,1,3,1,0,1,90,1,1,0,0,0,1,21.0,,voiture,,3,1,1,1,6
202000008378,2020-12-30 19:30:00,2020,12,30,19,30,94,94052,A4,48.8265629,2.4667862,Nuit sans éclairage public,Hors agglomération,Hors intersection,Pluie légère,Deux véhicules - arrière,1,1,5,0,1,1,2,0,1,110,2,3,1,0,0,2,26.0,23.0,voiture,utilitaire_camion,3,1,1,2,2
202000008379,2020-12-31 05:00:00,2020,12,31,5,0,988,98818,VE1,-22.22402,166.47463,Nuit sans éclairage public,En agglomération,Hors intersection,Pluie légère,Autre collision,3,2,2,0,1,1,2,2,1,70,1,2,1,0,1,0,31.0,,voiture,,3,2,1,2,6
202000008380,2020-12-30 07:05:00,2020,12,30,7,5,987,98735,PRINCE HINOI (AVENUE),-17.53487,-149.56347,Plein jour,En agglomération,Intersection en X,Normale,Deux véhicules - côté,4,3,4,0,1,1,1,5,1,60,2,2,1,0,1,0,81.0,36.0,utilitaire_camion,deux_roues,1,2,2,1,3
202000008381,2020-06-18 09:45:00,2020,6,18,9,45,976,97611,doujani-Mosquée doujani ( rue ),-12.7794,45.2272,Plein jour,En agglomération,Hors intersection,Normale,,2,2,0,0,1,1,1,0,1,50,2,2,1,0,0,1,24.0,52.0,deux_roues,utilitaire_camion,1,2,1,1,-1
202000008382,2020-06-27 11:20:00,2020,6,27,11,20,976,97611,tsoundzou-KOUALE ( rue de ),-12.7794,45.2272,Plein jour,En agglomération,Hors intersection,Normale,Deux véhicules - côté,2,2,0,0,1,1,1,0,1,50,2,2,0,0,0,2,29.0,37.0,voiture,deux_roues,1,2,1,1,3
202000008383,2020-08-17 15:35:00,2020,8,17,15,35,976,97611,mgombani-Mahabou (rue de ),-12.7794,45.2272,Plein jour,En agglomération,Hors intersection,Normale,Deux véhicules - côté,2,2,0,0,1,1,1,0,1,50,2,3,1,0,0,2,38.0,36.0,voiture,deux_roues,1,2,1,1,3
202000008384,2020-11-14 15:25:00,2020,11,14,15,25,976,97611,convalescence/vetivers-Seize Villas ( ru,-12.7794,45.2272,Plein jour,En agglomération,Hors intersection,Pluie forte,Deux véhicules - frontale,4,2,0,0,2,1,2,0,1,50,2,2,0,0,0,2,34.0,17.0,voiture,deux_roues,1,2,1,3,1
202000008385,2020-09-02 13:40:00,2020,9,2,13,40,976,97611,mamoudzou centre-Adrian SOULI (avenue),-12.7794,45.2272,Plein jour,En agglomération,Hors intersection,Normale,Deux véhicules - côté,2,2,0,0,1,1,1,0,1,50,2,2,1,0,0,1,28.0,16.0,voiture,deux_roues,1,2,1,1,3
202000008386,2020-12-30 10:43:00,2020,12,30,10,43,974,97413,210 b Route Hubert Delisle,-21.162762,55.308266,Plein jour,En agglomération,Hors intersection,Pluie légère,Autre collision,4,2,2,0,2,1,1,9,1,50,1,1,0,0,1,0,62.0,,deux_roues,,1,2,1,2,6
202000008387,2020-12-30 08:45:00,2020,12,30,8,45,974,97411,SAINT-FRANCOIS (ROUTE DE),-20.90048,55.46245,Plein jour,En agglomération,Hors intersection,Normale,Autre collision,3,2,2,0,2,3,1,0,1,50,1,1,0,0,0,1,,,,,1,2,1,1,6
202000008388,2020-12-30 12:10:00,2020,12,30,12,10,973,97302,PREVOT (ERNEST),4.93409,-52.33307,Plein jour,En agglomération,Hors intersection,Normale,Deux véhicules - arrière,4,1,2,0,1,1,1,0,1,50,2,2,1,0,0,1,75.0,68.0,voiture,deux_roues,1,2,1,1,2
202000008389,2020-12-29 20:10:00,2020,12,29,20,10,69,69387,DOMER                               (R ),45.7482941,4.8543608,Nuit avec éclairage allumé,En agglomération,Hors intersection,Normale,Sans collision,4,1,2,2,1,1,1,0,1,50,1,1,0,0,0,1,38.0,,deux_roues,,5,2,1,1,7
202000008390,2020-12-30 09:05:00,2020,12,30,9,5,69,69388,ETATS UNIS (DES)                    (BD),45.7278752,4.8688961,Plein jour,En agglomération,Hors intersection,Pluie forte,Deux véhicules - arrière,4,1,2,0,1,1,2,0,1,50,2,2,1,0,0,1,19.0,36.0,voiture,voiture,1,2,1,3,2
202000008391,2020-12-30 17:58:00,2020,12,30,17,58,972,97213,MAHAULT,14.6189388,-61.0042906,Nuit sans éclairage public,Hors agglomération,Hors intersection,Normale,Deux véhicules - arrière,2,2,4,0,1,1,1,2,1,50,2,2,0,0,2,0,20.0,41.0,deux_roues,voiture,3,1,1,1,2
202000008392,2020-12-29 12:40:00,2020,12,29,12,40,91,91377,IMP DE L'AULNAYE DRACOURT,48.72045,2.27978,Plein jour,En agglomération,Intersection en X,Pluie légère,Deux véhicules - côté,4,2,2,0,3,1,2,0,1,50,2,3,1,0,0,2,45.0,59.0,utilitaire_camion,voiture,1,2,2,2,3
202000008393,2020-12-30 11:35:00,2020,12,30,11,35,91,91027,AV FRANCOIS MITTERRAND,48.70183,2.37187,Plein jour,En agglomération,Hors intersection,Normale,Autre collision,2,1,2,0,1,1,1,0,1,50,1,2,1,0,0,1,30.0,,deux_roues,,1,2,1,1,6
202000008394,2020-12-26 20:40:00,2020,12,26,20,40,89,89354,NAILLY(ROUTE),48.2168827,3.2616562,Nuit avec éclairage allumé,En agglomération,Intersection en X,Normale,Deux véhicules - côté,3,2,2,0,1,1,2,5,1,50,2,2,1,1,0,0,32.0,24.0,deux_roues,utilitaire_camion,5,2,2,1,3
202000008395,2020-12-29 16:55:00,2020,12,29,16,55,86,86194,Rue de la Blaiserie,46.594296,0.322799,Plein jour,En agglomération,Giratoire,Normale,Deux véhicules - côté,4,1,2,0,1,3,1,0,1,50,2,2,1,0,0,1,82.0,47.0,voiture,deux_roues,1,2,6,1,3
202000008396,2020-12-30 07:10:00,2020,12,30,7,10,78,78440,AMPERE (RUE),48.996624,1.913256,Nuit avec éclairage allumé,En agglomération,Giratoire,Normale,Deux véhicules - côté,3,1,2,0,1,2,2,9,1,50,2,6,2,0,1,3,59.0,57.0,voiture,voiture,5,2,6,1,3
202000008397,2020-12-30 13:00:00,2020,12,30,13,0,69,69282,VERDUN (DE)                         (AV),45.7900138,5.0301521,Plein jour,Hors agglomération,Hors intersection,Pluie légère,Deux véhicules - côté,3,2,2,1,1,1,2,0,1,50,2,3,2,0,0,1,57.0,49.0,utilitaire_camion,voiture,1,1,1,2,3
202000008398,2020-12-30 16:05:00,2020,12,30,16,5,69,69013,CHANTEGRILLET (route de),46.0094143,4.711965,Plein jour,En agglomération,Intersection en X,Normale,Deux véhicules - côté,4,2,2,0,1,1,1,5,1,50,2,2,1,0,0,1,78.0,21.0,utilitaire_camion,utilitaire_camion,1,2,2,1,3
202000008399,2020-12-29 15:15:00,2020,12,29,15,15,69,69264,EUROPE L'  AV DE,45.998,4.7393,Plein jour,En agglomération,Hors intersection,Temps couvert,Sans collision,3,1,3,1,1,3,1,9,5,50,1,1,0,0,0,1,37.0,,deux_roues,,1,2,1,8,7
202000008400,2020-12-30 14:20:00,2020,12,30,14,20,64,64445,AUGUSTE RENOIR,43.31023,-0.35982,Plein jour,En agglomération,Intersection en T,Pluie légère,Deux véhicules - arrière,4,2,2,0,1,1,2,0,1,30,2,2,1,0,0,1,45.0,43.0,voiture,voiture,1,2,3,2,2
202000008401,2020-12-30 10:50:00,2020,12,30,10,50,64,64445,YITZHAK RABIN,43.30654,-0.33304,Plein jour,En agglomération,Giratoire,Pluie légère,Deux véhicules - côté,4,1,2,1,1,2,2,0,1,30,2,2,1,0,0,1,28.0,86.0,deux_roues,voiture,1,2,6,2,3
202000008402,2020-12-29 12:08:00,2020,12,29,12,8,63,63113,NIEL (RUE)/liève,45.78331,3.10237,Plein jour,En agglomération,Intersection en T,Normale,Autre collision,4,2,2,0,1,1,1,0,1,50,1,3,1,0,0,2,28.0,,voiture,,1,2,3,1,6
202000008403,2020-12-29 14:24:00,2020,12,29,14,24,63,63113,SCHUMAN (BD ROBERT),45.761719,3.1307752,Plein jour,En agglomération,Hors intersection,Normale,Deux véhicules - côté,7,3,4,0,1,1,1,0,1,50,2,2,1,0,0,1,57.0,62.0,voiture,voiture,1,2,1,1,3
202000008404,2020-12-30 09:00:00,2020,12,30,9,0,59,59350,RUE DU PONT A FOURCHON,50.630266,3.023526,Plein jour,En agglomération,Hors intersection,Normale,Deux véhicules - côté,4,2,2,0,1,1,1,0,1,50,2,1,0,0,0,1,62.0,,voiture,,1,2,1,1,3
202000008405,2020-12-30 10:15:00,2020,12,30,10,15,54,54257,D570,48.64771,6.18239,Plein jour,En agglomération,Hors intersection,Normale,Deux véhicules - frontale,3,2,2,0,1,1,1,5,1,50,2,2,0,0,0,2,67.0,74.0,voiture,voiture,1,2,1,1,1
202000008406,2020-12-30 16:32:00,2020,12,30,16,32,53,53054,REPUBLIQUE ( BOULEVARD DE ),48.090672,-0.773156,Nuit sans éclairage public,Hors agglomération,Hors intersection,Pluie légère,Trois véhicules et plus - en chaîne,3,3,4,0,2,1,2,0,1,90,3,3,2,0,1,0,45.0,88.0,voiture,voiture,3,1,1,2,4
202000008407,2020-12-29 20:25:00,2020,12,29,20,25,50,50129,VAL DE SAIRE (RUE DU),49.63904,-1.61904,Nuit avec éclairage allumé,En agglomération,Intersection en X,Normale,Deux véhicules - côté,4,2,6,0,1,1,2,0,1,50,2,2,1,0,0,1,18.0,51.0,deux_roues,voiture,5,2,2,1,3
202000008408,2020-12-25 01:40:00,2020,12,25,1,40,50,50173,PREVERT (AVENUE JACQUES),49.65231,-1.6605,Nuit avec éclairage allumé,En agglomération,Hors intersection,Normale,Deux véhicules - frontale,4,2,2,0,2,1,1,0,1,50,2,2,0,0,1,1,75.0,32.0,voiture,voiture,5,2,1,1,1
202000008409,2020-12-17 17:00:00,2020,12,17,17,0,44,44132,OCEANIDES (BOULEVARD DES),47.26,-2.341,Plein jour,En agglomération,Hors intersection,Normale,Autre collision,4,1,2,0,1,1,1,0,1,50,1,2,1,0,1,0,24.0,,voiture,,1,2,1,1,6
202000008410,2020-12-30 11:50:00,2020,12,30,11,50,38,38151,Cours Jean Jaurès,45.15807,5.70876,Plein jour,En agglomération,Intersection en T,Pluie légère,Deux véhicules - côté,3,1,2,3,1,1,2,0,1,50,2,6,2,0,0,4,31.0,47.0,transport_commun,voiture,1,2,3,2,3
202000008411,2020-12-29 17:59:00,2020,12,29,17,59,37,37195,RD 37,47.3880092,0.6490575,Nuit sans éclairage public,En agglomération,Hors intersection,Normale,Deux véhicules - arrière,3,3,2,0,2,1,1,0,1,90,2,4,2,0,0,2,47.0,59.0,utilitaire_camion,voiture,3,2,1,1,2
202000008412,2020-12-30 17:20:00,2020,12,30,17,20,35,35278,RD 437,48.133321,-1.691373,Nuit avec éclairage allumé,Hors agglomération,Hors intersection,Pluie légère,Autre collision,3,3,4,0,1,1,2,0,3,50,1,1,0,0,0,1,73.0,,voiture,,5,1,1,2,6
202000008413,2020-11-30 11:15:00,2020,11,30,11,15,35,35278,RD 137,48.15643,-1.70325,Plein jour,Hors agglomération,Hors intersection,Normale,Sans collision,3,3,4,0,2,1,2,0,8,90,1,1,0,0,0,1,47.0,,voiture,,1,1,1,1,7
202000008414,2020-12-30 21:50:00,2020,12,30,21,50,33,33075,ALLEE DU BOIS,44.89921,-0.57931,Nuit avec éclairage allumé,Hors agglomération,Hors intersection,Pluie légère,Autre collision,4,2,2,1,1,1,2,0,3,50,1,1,0,0,0,1,39.0,,voiture,,5,1,1,2,6
202000008415,2020-12-23 19:50:00,2020,12,23,19,50,33,33063,RUE DE SEM,44.8412,-0.56192,Nuit sans éclairage public,En agglomération,Intersection en X,Pluie légère,Deux véhicules - côté,4,2,4,2,1,3,2,0,8,50,2,1,0,0,0,1,62.0,,deux_roues,,3,2,2,2,3
202000008416,2020-12-30 10:40:00,2020,12,30,10,40,29,29232,Rue de la Republique,48.0036,-4.08886,Plein jour,En agglomération,Giratoire,Pluie légère,Deux véhicules - arrière,4,-1,2,0,2,1,2,5,1,50,2,3,0,0,0,3,91.0,59.0,voiture,voiture,1,2,6,2,2
202000008417,2020-12-30 11:35:00,2020,12,30,11,35,17,17300,CORDOUAN   RUE DU,46.1626,-1.1494,Plein jour,En agglomération,Hors intersection,Normale,Deux véhicules - côté,4,1,1,0,1,1,1,0,1,30,2,2,1,0,0,1,16.0,67.0,deux_roues,deux_roues,1,2,1,1,3
202000008418,2020-11-30 09:30:00,2020,11,30,9,30,13,13103,AVENUE DU PAYS CATALAN,43.65436,5.0983,Plein jour,En agglomération,Hors intersection,Temps éblouissant,Autre collision,4,2,2,0,1,1,1,0,1,50,1,2,1,0,0,1,54.0,,voiture,,1,2,1,7,6
202000008419,2020-12-30 21:20:00,2020,12,30,21,20,13,13213,ALBERT EINSTEIN (RUE),43.332867,5.4300812,Nuit avec éclairage allumé,En agglomération,Hors intersection,Normale,Trois véhicules et plus - collisions multiples,7,2,2,0,1,1,1,0,1,50,3,3,2,0,0,1,37.0,20.0,voiture,voiture,5,2,1,1,5
202000008420,2020-12-30 20:10:00,2020,12,30,20,10,13,13202,PARIS (BOULEVARD DE),43.30889,5.37077,Nuit avec éclairage allumé,En agglomération,Hors intersection,Normale,Deux véhicules - arrière,4,1,4,0,2,1,1,0,1,50,2,2,1,0,0,1,20.0,28.0,voiture,deux_roues,5,2,1,1,2
202000008421,2020-12-30 15:00:00,2020,12,30,15,0,13,13202,BASSINS DE RADOUB (BOULEVARD DES),43.32233,5.36218,Plein jour,En agglomération,Hors intersection,Normale,Deux véhicules - arrière,4,2,2,0,1,1,1,0,1,30,2,2,0,0,2,0,25.0,,deux_roues,,1,2,1,1,2
202000008422,2020-12-30 14:15:00,2020,12,30,14,15,13,13206,ROUET (RUE DU),43.2839,5.38572,Plein jour,En agglomération,Hors intersection,Normale,Autre collision,7,1,2,0,1,1,1,0,1,50,1,2,1,0,0,1,42.0,,utilitaire_camion,,1,2,1,1,6
202000008423,2020-12-30 14:10:00,2020,12,30,14,10,13,13208,BONNEVEINE (AVENUE),43.254347,5.379332,Plein jour,En agglomération,Autre intersection,Normale,Deux véhicules - arrière,4,2,2,0,1,1,1,0,1,50,2,2,1,0,0,1,44.0,47.0,voiture,deux_roues,1,2,9,1,2
202000008424,2020-12-29 22:20:00,2020,12,29,22,20,13,13201,LIBERATION (BOULEVARD)  1 A 65,43.30091,5.39116,Nuit avec éclairage allumé,En agglomération,Hors intersection,Normale,,4,2,1,0,1,1,1,5,1,50,2,2,1,0,0,1,38.0,19.0,utilitaire_camion,deux_roues,5,2,1,1,-1
202000008425,2020-12-29 07:35:00,2020,12,29,7,35,13,13206,LIEUTAUD (COURS),43.29648,5.36978,Plein jour,En agglomération,Intersection en X,Normale,Autre collision,7,2,2,0,1,1,1,0,1,50,1,2,1,0,0,1,67.0,,utilitaire_camion,,1,2,2,1,6
202000008426,2020-12-27 02:55:00,2020,12,27,2,55,11,11262,CARNOT (AVENUE),43.19688,3.01302,Nuit avec éclairage allumé,En agglomération,Hors intersection,Vent fort / tempête,Autre collision,4,2,2,0,1,1,1,0,3,50,1,3,1,0,1,1,28.0,,voiture,,5,2,1,6,6
202000008427,2020-12-29 18:03:00,2020,12,29,18,3,10,10357,ROCADE EST (RD 610),48.29621,4.13293,Nuit avec éclairage allumé,En agglomération,Giratoire,Pluie légère,Deux véhicules - côté,3,1,2,0,1,2,2,0,1,50,2,3,2,0,0,1,19.0,15.0,voiture,deux_roues,5,2,6,2,3
202000008428,2020-12-30 19:20:00,2020,12,30,19,20,06,06069,PROVENCE (AVENUE DE),43.65604,6.92441,Nuit avec éclairage allumé,En agglomération,Hors intersection,Normale,Sans collision,4,1,1,0,1,1,1,0,4,50,1,1,0,0,0,1,15.0,,voiture,,5,2,1,1,7
202000008429,2020-12-30 20:15:00,2020,12,30,20,15,75,75116,AVENUE DE VERSAILLES,48.840856,2.265305,Nuit avec éclairage allumé,En agglomération,Intersection en X,Normale,Deux véhicules - côté,4,2,2,0,1,1,2,0,1,50,2,2,1,0,0,1,26.0,25.0,deux_roues,voiture,5,2,2,1,3
202000008430,2020-12-30 11:40:00,2020,12,30,11,40,75,75108,PLACE DE L ALMA,48.864497,2.301712,Plein jour,En agglomération,Place,Normale,Deux véhicules - côté,4,1,3,0,1,1,1,0,1,50,2,2,1,0,0,1,36.0,32.0,utilitaire_camion,deux_roues,1,2,7,1,3
202000008431,2020-12-30 17:05:00,2020,12,30,17,5,75,75101,RUE DE RIVOLI,48.86574,2.326029,Crépuscule ou aube,En agglomération,Intersection en T,Normale,,4,1,3,0,1,1,1,0,1,50,2,1,0,0,0,1,35.0,,deux_roues,,2,2,3,1,-1
202000008432,2020-12-29 20:50:00,2020,12,29,20,50,94,94081,LUCIEN FRANCAIS (AV),48.78735,2.38642,Nuit avec éclairage allumé,En agglomération,Hors intersection,Pluie légère,Deux véhicules - côté,4,2,2,0,1,1,2,0,1,50,2,2,1,0,0,1,26.0,29.0,voiture,deux_roues,5,2,1,2,3
202000008433,2020-12-30 10:30:00,2020,12,30,10,30,94,94068,GAMBETTA (AV),48.79926,2.48977,Plein jour,En agglomération,Hors intersection,Normale,Deux véhicules - frontale,4,2,2,0,1,1,1,0,1,50,2,2,1,0,0,1,46.0,89.0,voiture,voiture,1,2,1,1,1
202000008434,2020-12-28 13:25:00,2020,12,28,13,25,94,94068,CONDE (AV DE),48.810414,2.480594,Plein jour,En agglomération,Intersection en T,Normale,Deux véhicules - côté,3,2,2,0,1,1,1,0,1,50,2,3,1,0,0,2,23.0,29.0,voiture,deux_roues,1,2,3,1,3
202000008435,2020-12-30 15:00:00,2020,12,30,15,0,93,93073,CHAPIT RE ( RUE DU),49.00263,2.53693,Plein jour,En agglomération,Intersection en X,Normale,Deux véhicules - côté,4,1,2,0,1,1,1,0,1,30,2,2,1,0,0,1,51.0,37.0,transport_commun,voiture,1,2,2,1,3
202000008436,2020-12-26 21:10:00,2020,12,26,21,10,93,93066,"""LANDY RD 20, NR PAIRS 2 A 144""",48.9153666,2.3549168,Nuit avec éclairage allumé,En agglomération,Intersection en T,Normale,Autre collision,3,2,2,1,1,1,1,0,1,50,1,4,0,0,0,4,19.0,,voiture,,5,2,3,1,6
202000008437,2020-12-30 15:40:00,2020,12,30,15,40,93,93077,GALLIENI (AVENUE DU GENERAL),48.891506,2.5067516,Plein jour,En agglomération,Hors intersection,Pluie légère,Autre collision,4,2,3,0,1,1,2,5,1,50,1,1,0,0,0,1,,,,,1,2,1,2,6
202000008438,2020-12-26 01:12:00,2020,12,26,1,12,93,93053,PARIS (RUE DE),48.8995021,2.4479835,Nuit avec éclairage allumé,Hors agglomération,Hors intersection,Pluie forte,Autre collision,3,1,2,0,1,1,2,0,4,50,1,1,0,0,1,0,42.0,,voiture,,5,1,1,3,6
202000008439,2020-12-30 10:05:00,2020,12,30,10,5,93,93051,CENTRE,48.83844,2.54574,Plein jour,En agglomération,Intersection en X,Normale,Deux véhicules - côté,4,1,2,0,1,1,1,0,1,50,2,3,2,0,0,1,30.0,47.0,voiture,voiture,1,2,2,1,3
202000008440,2020-12-30 09:31:00,2020,12,30,9,31,93,93050,GARE (PLACE),48.86005,2.52163,Plein jour,En agglomération,Autre intersection,Normale,Autre collision,4,1,1,0,1,1,1,0,1,50,1,2,1,0,0,1,48.0,,utilitaire_camion,,1,2,9,1,6
202000008441,2020-12-30 14:25:00,2020,12,30,14,25,93,93010,LETTRES (AL. DES),48.8897753,2.4940465,Plein jour,En agglomération,Intersection en T,Normale,Deux véhicules - côté,4,2,2,0,1,1,1,0,1,50,2,2,1,0,0,1,41.0,45.0,deux_roues,voiture,1,2,3,1,3
202000008442,2020-12-30 20:30:00,2020,12,30,20,30,92,92072,HAUTS CLOSEAUX (RUE DES),48.8227582,2.2016698,Nuit avec éclairage allumé,En agglomération,Hors intersection,Pluie légère,Sans collision,4,1,1,0,4,1,2,0,1,50,1,1,0,0,1,0,33.0,,deux_roues,,5,2,1,2,7
202000008443,2020-12-30 10:40:00,2020,12,30,10,40,92,92064,REPUBLIQUE,48.8504935,2.2133837,Plein jour,En agglomération,Hors intersection,Normale,Deux véhicules - côté,3,2,1,0,1,1,2,0,1,50,2,3,2,0,0,1,80.0,18.0,voiture,deux_roues,1,2,1,1,3
202000008444,2020-12-24 21:40:00,2020,12,24,21,40,92,92063,DOUMER (AVENUE PAUL) NORD,48.88127,2.18426,Nuit avec éclairage allumé,En agglomération,Intersection en X,Pluie légère,Deux véhicules - côté,3,3,5,0,1,1,2,5,1,50,2,2,0,0,1,1,43.0,25.0,deux_roues,deux_roues,5,2,2,2,3
202000008445,2020-12-18 20:50:00,2020,12,18,20,50,92,92063,HOUTRAITS (RUE DES),48.86827,2.20551,Nuit avec éclairage allumé,En agglomération,Intersection en X,Normale,Deux véhicules - côté,4,2,2,0,1,1,1,0,1,50,2,2,1,0,0,1,40.0,21.0,voiture,deux_roues,5,2,2,1,3
202000008446,2020-12-30 10:05:00,2020,12,30,10,5,92,92048,PARIS (RUE DE) N° 12 A 164,48.8139981,2.2466129,Plein jour,En agglomération,Hors intersection,Temps couvert,Deux véhicules - côté,4,2,2,0,2,1,1,0,1,30,2,2,1,0,0,1,31.0,62.0,deux_roues,utilitaire_camion,1,2,1,8,3
202000008447,2020-12-30 09:40:00,2020,12,30,9,40,92,92026,EUGENE CARON,48.897229,2.244445,Crépuscule ou aube,En agglomération,Hors intersection,Normale,,4,1,1,2,1,1,2,0,1,50,2,2,1,0,0,1,38.0,58.0,deux_roues,deux_roues,2,2,1,1,-1