accident_id,datetime,annee,mois,jour,heure,minute,departement,commune_insee,adresse,latitude,longitude,luminosite,agglomeration,intersection,meteo,collision,catr,circ,nbv,vosp,prof,plan,surf,infra,situ,vma,nb_vehicules,nb_usagers,nb_indemnes,nb_tues,nb_blesses_hosp,nb_blesses_legers,age_cond_1,age_cond_2,veh_type_cond_1,veh_type_cond_2,lum_code,agg_code,int_code,atm_code,col_code
202000008722,2020-05-13 18:25:00,2020,5,13,18,25,80,80021,CESAR FRANCK (RUE),49.91119,2.30989,Plein jour,En agglomération,Hors intersection,Normale,Autre collision,4,-1,3,0,1,1,1,0,1,50,1,2,1,0,0,1,51.0,,utilitaire_camion,,1,2,1,1,6
202000008723,2020-05-15 21:10:00,2020,5,15,21,10,78,78440,RÉPUBLIQUE (RUE DE LA),48.986547,1.921569,Plein jour,En agglomération,Hors intersection,Normale,Autre collision,4,2,2,0,3,1,1,0,3,50,1,1,0,0,0,1,28.0,,deux_roues,,1,2,1,1,6
202000008724,2020-05-14 17:20:00,2020,5,14,17,20,78,78403,CHATEAUBRIAND (AVENUE),48.994349,1.869023,Plein jour,En agglomération,Hors intersection,Normale,Deux véhicules - arrière,3,2,2,0,1,1,1,0,1,50,2,2,1,0,0,1,43.0,49.0,voiture,voiture,1,2,1,1,2
202000008725,2020-05-15 12:35:00,2020,5,15,12,35,77,77400,MELUN (RUE DE) - D15,48.780889,3.031068,Plein jour,En agglomération,Hors intersection,Normale,Autre collision,3,2,2,0,1,1,1,0,1,50,1,1,0,0,0,1,74.0,,voiture,,1,2,1,1,6
202000008726,2020-05-14 18:20:00,2020,5,14,18,20,76,76322,PROVINCES. AVENUE DES,49.41145,1.05299,Plein jour,En agglomération,Intersection en T,Normale,Deux véhicules - côté,4,2,4,3,1,1,1,0,1,50,2,2,1,0,1,0,27.0,70.0,voiture,voiture,1,2,3,1,3
202000008727,2020-05-14 15:00:00,2020,5,14,15,0,76,76351,CHEMIN RURAL 47,49.5293,0.08483,Plein jour,En agglomération,Hors intersection,Normale,Autre collision,4,2,2,0,1,3,1,0,3,50,1,1,0,0,0,1,73.0,,voiture,,1,2,1,1,6
202000008728,2020-05-13 03:15:00,2020,5,13,3,15,71,71040,N70,46.7004054,4.4075349,Nuit sans éclairage public,Hors agglomération,Hors intersection,Normale,,2,2,4,0,1,1,1,0,1,50,3,3,1,0,0,2,43.0,51.0,utilitaire_camion,voiture,3,1,1,1,-1
202000008729,2020-05-15 13:25:00,2020,5,15,13,25,69,69266,EMILE ZOLA     (Cours),45.76781,4.8887,Plein jour,En agglomération,Hors intersection,Normale,Deux véhicules - côté,4,2,4,1,1,1,1,0,1,50,2,2,1,0,0,1,89.0,24.0,voiture,deux_roues,1,2,1,1,3
202000008730,2020-05-15 10:50:00,2020,5,15,10,50,69,69275,JEAN JAURES                         (AV),45.7692,4.94605,Plein jour,En agglomération,Intersection en T,Temps couvert,Autre collision,3,2,2,0,1,1,1,0,1,50,1,2,1,0,0,1,25.0,,voiture,,1,2,3,8,6
202000008731,2020-05-14 19:31:00,2020,5,14,19,31,69,69029,PAUL GAUGUIN                            ,45.7355836,4.9175771,Crépuscule ou aube,En agglomération,Hors intersection,Normale,Autre collision,4,2,2,0,2,1,1,0,4,30,1,1,0,0,0,1,,,,,2,2,1,1,6
202000008732,2020-05-15 16:40:00,2020,5,15,16,40,64,64024,BAYONNE (AVENUE DE),43.48216,-1.5075,Plein jour,En agglomération,Autre intersection,Normale,Sans collision,3,2,6,3,1,1,1,0,1,50,1,2,0,0,0,2,15.0,,deux_roues,,1,2,9,1,7
202000008733,2020-05-15 12:15:00,2020,5,15,12,15,64,64024,MOULIN DE BRINDOS (ROND POINT DU),43.4743236,-1.5002705,Plein jour,En agglomération,Giratoire,Normale,Sans collision,4,2,2,0,1,3,1,0,1,50,1,1,0,0,0,1,60.0,,voiture,,1,2,6,1,7
202000008734,2020-05-05 15:30:00,2020,5,5,15,30,62,62498,COLOMB (R CHRISTOPHE),50.44184,2.80399,Plein jour,En agglomération,Autre intersection,Normale,Sans collision,4,1,0,0,1,1,1,0,3,30,1,2,1,0,1,0,35.0,,voiture,,1,2,9,1,7
202000008735,2020-05-15 18:00:00,2020,5,15,18,0,62,62193,CHEVAL GRIS (RUE DU),50.939325,1.851304,Plein jour,En agglomération,Hors intersection,Normale,Deux véhicules - frontale,4,2,2,0,1,3,1,0,1,50,2,2,1,0,1,0,44.0,52.0,deux_roues,voiture,1,2,1,1,1
202000008736,2020-05-14 15:50:00,2020,5,14,15,50,59,59271,CHAMP D'AVIATION CD 131,51.02176,2.27365,Plein jour,Hors agglomération,Intersection en X,Normale,Deux véhicules - côté,3,2,4,0,1,1,1,0,1,50,2,2,0,0,1,1,22.0,,voiture,,1,1,2,1,3
202000008737,2020-05-13 21:12:00,2020,5,13,21,12,56,56260,PAIX(BLD DE LA) 1 A 39  ET 2 A 50,47.661309,-2.755377,Plein jour,En agglomération,Intersection en X,Normale,Autre collision,3,2,4,0,1,1,1,5,1,50,1,2,1,0,0,1,20.0,,voiture,,1,2,2,1,6
202000008738,2020-05-14 17:40:00,2020,5,14,17,40,56,56098,DJIBAOU (RUE  JEAN-MARIE ),47.77822,-3.35125,Plein jour,En agglomération,Hors intersection,Normale,Deux véhicules - côté,4,2,2,0,1,1,1,0,1,50,2,2,1,0,1,0,68.0,32.0,voiture,deux_roues,1,2,1,1,3
202000008739,2020-05-15 12:20:00,2020,5,15,12,20,54,54578,FABERT (RUE),48.67817,6.16205,Plein jour,En agglomération,Hors intersection,Normale,Deux véhicules - arrière,4,1,1,0,1,1,1,0,1,50,2,2,1,0,0,1,35.0,57.0,voiture,voiture,1,2,1,1,2
202000008740,2020-05-15 12:00:00,2020,5,15,12,0,54,54395,ARC ( RUE JEANNE D'N,48.685112,6.172312,Plein jour,En agglomération,Hors intersection,Normale,Autre collision,4,1,1,0,1,1,1,0,1,50,1,2,1,0,0,1,79.0,,voiture,,1,2,1,1,6
202000008741,2020-05-15 10:30:00,2020,5,15,10,30,54,54257,RD570,48.6475,6.1824,Plein jour,Hors agglomération,Hors intersection,Normale,Deux véhicules - côté,3,2,2,0,1,1,1,0,1,70,2,2,1,0,0,1,36.0,36.0,voiture,voiture,1,1,1,1,3
202000008742,2020-05-14 19:13:00,2020,5,14,19,13,49,49007,GAULLE BOULEVARD CHARLES DE,47.46874,-0.55907,Plein jour,En agglomération,Hors intersection,Normale,Sans collision,4,2,2,0,1,1,1,0,1,60,1,1,0,0,1,0,18.0,,deux_roues,,1,2,1,1,7
202000008743,2020-05-14 10:02:00,2020,5,14,10,2,49,49007,GUINEL,47.44278,-0.53497,Plein jour,En agglomération,Hors intersection,Normale,Deux véhicules - côté,4,2,2,0,1,1,1,0,1,60,2,2,1,0,1,0,66.0,65.0,voiture,deux_roues,1,2,1,1,3
202000008744,2020-05-15 15:30:00,2020,5,15,15,30,45,45298,Rue Gaston Deffié,47.89297,1.87576,Plein jour,Hors agglomération,Giratoire,Normale,Deux véhicules - arrière,4,1,2,0,1,1,1,0,1,50,2,2,1,0,0,1,27.0,48.0,voiture,deux_roues,1,1,6,1,2
202000008745,2020-05-15 10:25:00,2020,5,15,10,25,45,45068,Rue Roger Salengro - rue du solin,48.0142587,2.7172025,Plein jour,En agglomération,Intersection en T,Normale,Deux véhicules - arrière,4,2,2,0,1,1,1,0,1,50,2,2,1,0,0,1,54.0,46.0,voiture,voiture,1,2,3,1,2
202000008746,2020-05-14 15:40:00,2020,5,14,15,40,45,45208,RUE VILLA RENEE DE FRANCE,48.0002,2.7313,Plein jour,En agglomération,Hors intersection,Normale,Autre collision,4,2,2,0,1,1,1,6,1,30,1,3,1,0,1,1,35.0,,voiture,,1,2,1,1,6
202000008747,2020-05-15 19:15:00,2020,5,15,19,15,44,44109,2 Boulevard Eugène Orieux,47.23526,-1.54955,Plein jour,En agglomération,Hors intersection,Normale,Autre collision,4,2,0,0,2,1,1,0,1,50,1,2,1,0,1,0,57.0,,voiture,,1,2,1,1,6
202000008748,2020-05-15 16:20:00,2020,5,15,16,20,44,44109,Place de Pirmil,47.19779,-1.54253,Plein jour,En agglomération,Intersection en X,Normale,Deux véhicules - côté,4,2,0,0,1,1,1,0,1,50,2,2,1,0,1,0,68.0,20.0,voiture,deux_roues,1,2,2,1,3
202000008749,2020-05-14 12:20:00,2020,5,14,12,20,37,37122,AUVERGNE (RUE D'),47.3593445,0.6732967,Plein jour,En agglomération,Hors intersection,Normale,Sans collision,4,2,2,0,1,2,1,0,1,50,1,1,0,0,1,0,52.0,,deux_roues,,1,2,1,1,7
202000008750,2020-05-15 13:10:00,2020,5,15,13,10,35,35281,HAIE-DES-COGNETS (BOUL DE LA),48.0835,-1.7307,Plein jour,En agglomération,Intersection en X,Normale,Deux véhicules - côté,4,2,5,0,1,1,1,5,1,50,2,2,1,0,0,1,50.0,61.0,voiture,voiture,1,2,2,1,3
202000008751,2020-05-14 12:30:00,2020,5,14,12,30,35,35238,VILLEBOIS MAREUIL (BD),48.1061863,-1.6507516,Plein jour,En agglomération,Hors intersection,Normale,Deux véhicules - arrière,4,-1,0,0,4,1,1,2,1,30,2,2,1,0,1,0,23.0,38.0,deux_roues,voiture,1,2,1,1,2
202000008752,2020-05-15 08:50:00,2020,5,15,8,50,33,33063,RUE JULES FERRY / RUE DU MOULIN ROUGE / RUE OSCAR BALARESQUE CAUD,44.842046,-0.602841,Plein jour,En agglomération,Intersection en X,Normale,Deux véhicules - côté,4,1,3,2,1,1,1,0,6,50,2,2,1,0,0,1,39.0,58.0,deux_roues,voiture,1,2,2,1,3
202000008753,2020-05-14 14:15:00,2020,5,14,14,15,33,33529,Avenue de l'Aérodrome sur canal des Landes,44.6017,-1.11767,Plein jour,En agglomération,Hors intersection,Normale,Autre collision,4,2,2,0,1,1,1,2,1,50,1,1,0,0,0,1,46.0,,utilitaire_camion,,1,2,1,1,6
202000008754,2020-05-14 16:27:00,2020,5,14,16,27,31,31069,RUE HENRI MARTIN ,43.64365,1.38084,Plein jour,En agglomération,Intersection en T,Pluie légère,Deux véhicules - côté,4,2,2,0,1,1,2,0,1,50,2,2,1,0,1,0,47.0,26.0,utilitaire_camion,deux_roues,1,2,3,2,3
202000008755,2020-05-10 22:00:00,2020,5,10,22,0,31,31044,VA007553 A61,43.59566,1.49343,Nuit avec éclairage allumé,Hors agglomération,Hors intersection,Pluie légère,Trois véhicules et plus - collisions multiples,1,3,3,0,1,1,2,0,1,90,3,3,2,0,0,1,29.0,36.0,voiture,voiture,5,1,1,2,5
202000008756,2020-05-12 16:20:00,2020,5,12,16,20,28,28134,Jean Hieaux,48.7312,1.3641,Plein jour,En agglomération,Giratoire,Normale,Sans collision,4,2,2,1,2,4,1,0,1,30,1,2,1,0,1,0,31.0,,voiture,,1,2,6,1,7
202000008757,2020-02-26 14:05:00,2020,2,26,14,5,27,27554,ROUEN (AVENUE DE),49.1142799,1.4483299,Plein jour,En agglomération,Hors intersection,Pluie légère,Trois véhicules et plus - en chaîne,3,2,2,0,1,1,2,0,1,80,3,3,0,0,1,2,29.0,62.0,utilitaire_camion,voiture,1,2,1,2,4
202000008758,2020-05-15 16:39:00,2020,5,15,16,39,11,11069,RD 6113,43.22845,2.33732,Plein jour,En agglomération,Hors intersection,Normale,Trois véhicules et plus - en chaîne,3,2,2,0,1,1,1,0,1,80,3,3,1,0,0,2,62.0,54.0,voiture,voiture,1,2,1,1,4
202000008759,2020-02-26 16:25:00,2020,2,26,16,25,07,07281,MARCALE (RUE DE),44.941293,4.843222,Plein jour,En agglomération,Hors intersection,Normale,Autre collision,4,2,2,0,2,4,1,0,1,30,1,2,1,0,0,1,82.0,,voiture,,1,2,1,1,6
202000008760,2020-05-15 12:59:00,2020,5,15,12,59,06,06069,ROUQUIER (BOULEVARD EMMANUEL),43.633761,6.939371,Plein jour,En agglomération,Hors intersection,Normale,Deux véhicules - frontale,4,2,2,0,1,1,1,0,1,50,2,2,0,0,1,1,44.0,21.0,deux_roues,voiture,1,2,1,1,1
202000008761,2020-05-15 17:50:00,2020,5,15,17,50,75,75120,BOULEVARD DAVOUT,48.85842,2.40959,Plein jour,En agglomération,Hors intersection,Normale,Autre collision,4,3,2,0,1,1,1,0,1,50,1,1,0,0,0,1,15.0,,deux_roues,,1,2,1,1,6
202000008762,2020-05-15 19:30:00,2020,5,15,19,30,75,75119,RUE DE LA MARSEILLAISE,48.886029,2.398127,Plein jour,En agglomération,Intersection en X,Normale,Deux véhicules - côté,4,2,2,3,1,1,1,-1,6,50,2,2,1,0,0,1,25.0,23.0,voiture,deux_roues,1,2,2,1,3
202000008763,2020-05-15 14:00:00,2020,5,15,14,0,75,75119,AVENUE SECRETAN,48.881838,2.371852,Plein jour,En agglomération,Hors intersection,Normale,Autre collision,4,2,3,0,2,1,1,0,1,50,1,1,0,0,0,1,,,,,1,2,1,1,6
202000008764,2020-05-15 15:30:00,2020,5,15,15,30,75,75118,BOULEVARD BARBES,48.88718,2.349569,Plein jour,En agglomération,Intersection en Y,Normale,Deux véhicules - côté,4,2,4,1,3,1,1,-1,5,50,2,2,1,0,0,1,46.0,41.0,deux_roues,voiture,1,2,4,1,3
202000008765,2020-05-15 08:15:00,2020,5,15,8,15,75,75116,AVENUE DE LA PORTE DE SAINT CLOUD,48.838593,2.252266,Plein jour,En agglomération,Intersection en Y,Normale,Deux véhicules - côté,4,2,6,0,1,1,1,0,1,50,2,2,1,0,0,1,62.0,48.0,deux_roues,voiture,1,2,4,1,3
202000008766,2020-05-15 19:10:00,2020,5,15,19,10,75,75113,RUE REGNAULT,48.824411,2.376411,Plein jour,En agglomération,Intersection en X,Normale,Autre collision,4,2,2,0,1,1,1,0,1,30,1,2,1,0,0,1,26.0,,deux_roues,,1,2,2,1,6
202000008767,2020-05-15 12:08:00,2020,5,15,12,8,75,75113,RUE DE TOLBIAC,48.826162,2.359988,Plein jour,En agglomération,Intersection à plus de 4 branches,Normale,Deux véhicules - côté,4,2,3,3,1,2,1,-1,5,50,2,2,1,0,0,1,54.0,88.0,deux_roues,voiture,1,2,5,1,3
202000008768,2020-05-10 21:35:00,2020,5,10,21,35,75,75112,BOULEVARD PONIATOWSKI,48.829723,2.391325,Nuit avec éclairage non allumé,En agglomération,Hors intersection,Pluie légère,Autre collision,4,3,1,0,1,1,2,9,1,50,1,1,0,0,0,1,28.0,,voiture,,4,2,1,2,6
202000008769,2020-05-14 16:45:00,2020,5,14,16,45,94,94068,SAINT LOUIS (AV),48.78747,2.50948,Plein jour,En agglomération,Autre intersection,Normale,Deux véhicules - arrière,4,2,2,0,1,1,1,0,1,50,2,2,1,0,0,1,20.0,19.0,voiture,deux_roues,1,2,9,1,2
202000008770,2020-05-14 12:20:00,2020,5,14,12,20,94,94068,VICTOR HUGO (AV),48.8033103,2.4846643,Plein jour,En agglomération,Intersection en X,Normale,Autre collision,4,1,1,0,1,1,1,0,1,50,1,2,1,0,0,1,67.0,,voiture,,1,2,2,1,6
202000008771,2020-05-15 12:20:00,2020,5,15,12,20,94,94046,PROFESSEUR CADIOT (AV DU),48.804,2.4329,Plein jour,En agglomération,Hors intersection,Normale,Deux véhicules - côté,3,2,4,0,1,1,1,0,1,50,2,2,1,0,0,1,50.0,49.0,voiture,deux_roues,1,2,1,1,3
202000008772,2020-05-15 09:20:00,2020,5,15,9,20,94,94046,PROFESSEUR CADIOT (AV DU),48.80491,2.43228,Plein jour,En agglomération,Hors intersection,Normale,Deux véhicules - côté,3,2,4,0,1,1,1,0,1,50,2,2,1,0,0,1,39.0,62.0,deux_roues,autre,1,2,1,1,3
202000008773,2020-05-15 07:32:00,2020,5,15,7,32,94,94046,BUSTEAU (AV),48.8057445,2.4315319,Plein jour,En agglomération,Intersection en T,Normale,Deux véhicules - côté,3,2,0,0,1,1,1,0,1,50,2,2,1,0,0,1,28.0,62.0,deux_roues,utilitaire_camion,1,2,3,1,3
202000008774,2020-05-15 11:45:00,2020,5,15,11,45,94,94037,CHARLES FREROT (R),48.815643,2.351392,Plein jour,En agglomération,Autre intersection,Normale,Deux véhicules - côté,3,2,2,0,1,1,1,5,1,50,2,2,1,0,0,1,39.0,75.0,deux_roues,voiture,1,2,9,1,3
202000008775,2020-05-15 01:05:00,2020,5,15,1,5,94,94043,GABRIEL PERI (R),48.810407,2.349871,Nuit avec éclairage allumé,En agglomération,Giratoire,Normale,Deux véhicules - côté,3,3,2,0,2,1,1,5,1,50,2,3,2,0,0,1,33.0,41.0,voiture,deux_roues,5,2,6,1,3
202000008776,2020-05-14 15:05:00,2020,5,14,15,5,94,94033,DALAYRAC (R),48.84869,2.46543,Plein jour,En agglomération,Intersection en T,Normale,Deux véhicules - arrière,3,1,1,0,1,1,1,0,1,30,2,2,1,0,0,1,38.0,24.0,voiture,deux_roues,1,2,3,1,2
202000008777,2020-05-15 21:05:00,2020,5,15,21,5,94,94053,GRANDE RUE PIERRE MENDES-FRANCE (R),48.76772,2.54164,Crépuscule ou aube,En agglomération,Hors intersection,Normale,Deux véhicules - arrière,3,2,2,0,1,1,1,0,1,50,2,2,1,0,0,1,27.0,54.0,deux_roues,voiture,2,2,1,1,2
202000008778,2020-05-15 15:05:00,2020,5,15,15,5,94,94018,LIBERTE (AV DE LA),48.8222,2.4027,Plein jour,En agglomération,Hors intersection,Normale,Deux véhicules - arrière,3,1,2,1,2,1,1,0,1,50,2,2,1,0,0,1,42.0,40.0,deux_roues,deux_roues,1,2,1,1,2
202000008779,2020-05-15 19:15:00,2020,5,15,19,15,94,94017,ROGER SALENGRO (AV),48.81671,2.50089,Crépuscule ou aube,En agglomération,Hors intersection,Normale,Deux véhicules - arrière,6,-1,0,0,1,1,1,0,8,50,2,3,2,0,0,1,40.0,33.0,autre,voiture,2,2,1,1,2
202000008780,2020-05-15 15:15:00,2020,5,15,15,15,94,94075,JEAN CAVAILLES (R),48.72548,2.52726,Plein jour,En agglomération,Intersection en X,Normale,Deux véhicules - côté,4,4,1,0,1,1,1,0,1,50,2,2,1,0,0,1,45.0,50.0,utilitaire_camion,deux_roues,1,2,2,1,3
202000008781,2020-05-14 18:30:00,2020,5,14,18,30,93,93066,R FRANCIS DE PRESSENCE,48.9250424,2.3749164,Plein jour,En agglomération,Hors intersection,Normale,Deux véhicules - côté,3,2,4,0,1,1,1,0,1,50,2,2,1,0,0,1,25.0,29.0,voiture,deux_roues,1,2,1,1,3
202000008782,2020-05-14 21:30:00,2020,5,14,21,30,93,93048,R RAPATEL / R GASTON LAURIAU,48.8579,2.4476,Nuit avec éclairage allumé,En agglomération,Intersection en X,Normale,Deux véhicules - côté,3,2,2,0,1,1,1,0,1,50,2,2,1,0,0,1,23.0,27.0,voiture,voiture,5,2,2,1,3
202000008783,2020-05-15 16:15:00,2020,5,15,16,15,93,93046,BD DE L'EUROPE / AV LUCIE AUBRAC,48.927221,2.5506469,Plein jour,En agglomération,Giratoire,Normale,Trois véhicules et plus - collisions multiples,3,3,4,0,1,2,1,0,1,50,4,4,3,0,0,1,48.0,44.0,utilitaire_camion,voiture,1,2,6,1,5
202000008784,2020-05-14 16:26:00,2020,5,14,16,26,92,92078,DUPONT DU CHAMBON (RUE),48.9362462,2.3317704,Plein jour,En agglomération,Autre intersection,Normale,Autre collision,3,-1,2,0,1,1,1,0,1,50,1,2,1,0,1,0,44.0,,voiture,,1,2,9,1,6
202000008785,2020-05-14 16:20:00,2020,5,14,16,20,92,92075,JULLIEN (RUE),48.8267382,2.2843529,Plein jour,En agglomération,Hors intersection,Normale,Deux véhicules - arrière,4,1,1,0,2,1,1,0,1,50,2,2,1,0,0,1,63.0,32.0,voiture,deux_roues,1,2,1,1,2
202000008786,2020-05-15 17:30:00,2020,5,15,17,30,92,92048,TRIVAUX (AVENUE DE) N° 1,48.7944116,2.2320901,Plein jour,Hors agglomération,Hors intersection,Normale,Deux véhicules - arrière,3,2,1,0,2,4,1,0,1,50,2,2,1,0,0,1,53.0,41.0,voiture,voiture,1,1,1,1,2
202000008787,2020-05-15 07:20:00,2020,5,15,7,20,92,92023,GENERAL DE GAULLE (AVENUE DU),48.78477,2.24961,Plein jour,En agglomération,Autre intersection,Normale,Deux véhicules - côté,3,2,5,2,1,1,1,0,1,50,2,2,1,0,0,1,33.0,50.0,deux_roues,voiture,1,2,9,1,3
202000008788,2020-05-15 18:05:00,2020,5,15,18,5,92,92007,SUISSES (VOIE DES),48.8012206,2.3005548,Plein jour,En agglomération,Hors intersection,Normale,Deux véhicules - côté,4,2,1,0,1,1,1,0,1,50,2,2,1,0,0,1,22.0,49.0,deux_roues,voiture,1,2,1,1,3
202000008789,2020-05-14 20:00:00,2020,5,14,20,0,92,92004,ARGENTEUIL AV D',48.9107573,2.285678,Nuit avec éclairage allumé,En agglomération,Hors intersection,Normale,,3,2,2,0,1,1,1,0,1,50,2,2,1,0,0,1,57.0,28.0,voiture,deux_roues,5,2,1,1,-1
202000008790,2020-05-16 14:20:00,2020,5,16,14,20,24,24436,La Croix de Chaulant,45.038949,0.23302,Plein jour,Hors agglomération,Hors intersection,Normale,Autre collision,4,2,2,0,2,1,1,0,3,80,1,1,0,1,0,0,72.0,,voiture,,1,1,1,1,6
202000008791,2020-05-16 14:50:00,2020,5,16,14,50,38,38107,Chemin des Littes,45.462121,4.802731,Plein jour,Hors agglomération,Intersection en X,Normale,Deux véhicules - frontale,4,2,2,0,2,1,1,0,1,50,2,2,1,0,1,0,37.0,17.0,voiture,deux_roues,1,1,2,1,1
202000008792,2020-05-16 15:55:00,2020,5,16,15,55,41,41194,142 Avenue de Villefranche,47.342145,1.749208,Plein jour,En agglomération,Giratoire,Normale,Deux véhicules - côté,3,-1,2,0,1,2,1,5,1,-1,2,2,1,0,0,1,85.0,55.0,voiture,deux_roues,1,2,6,1,3
202000008793,2020-05-13 14:33:00,2020,5,13,14,33,33,33170,RD9,44.56288,-0.03612,Plein jour,Hors agglomération,Hors intersection,Normale,Deux véhicules - frontale,3,2,2,0,1,1,1,0,1,80,2,2,1,0,1,0,56.0,33.0,utilitaire_camion,voiture,1,1,1,1,1
202000008794,2020-05-16 14:50:00,2020,5,16,14,50,18,18256,D152,47.41264,2.765551,Plein jour,Hors agglomération,Hors intersection,Normale,Sans collision,3,2,2,0,1,3,1,0,3,80,1,1,0,0,1,0,29.0,,deux_roues,,1,1,1,1,7
202000008795,2020-05-13 17:40:00,2020,5,13,17,40,68,68227,D4,48.105619,7.456595,Plein jour,Hors agglomération,Hors intersection,Pluie légère,Deux véhicules - frontale,3,2,2,0,3,4,2,2,1,80,2,4,3,0,0,1,39.0,32.0,voiture,voiture,1,1,1,2,1
202000008796,2020-05-16 15:30:00,2020,5,16,15,30,60,60395,Boulevard de Picardie,49.2453913,2.1299684,Plein jour,En agglomération,Hors intersection,Normale,Deux véhicules - côté,3,2,2,0,1,1,1,0,1,50,2,2,1,0,0,1,63.0,56.0,deux_roues,voiture,1,2,1,1,3
202000008797,2020-05-09 12:05:00,2020,5,9,12,5,42,42231,D81,46.088063,3.943094,Plein jour,Hors agglomération,Intersection en Y,Normale,Autre collision,3,2,2,0,1,1,1,2,8,70,1,2,1,0,1,0,74.0,,voiture,,1,1,4,1,6
202000008798,2020-05-16 14:25:00,2020,5,16,14,25,85,85082,Le Puy du Fou,46.88863,-0.93498,Plein jour,Hors agglomération,Hors intersection,Normale,Deux véhicules - côté,4,2,2,0,1,3,1,0,1,80,2,3,2,0,0,1,57.0,37.0,voiture,deux_roues,1,1,1,1,3
202000008799,2020-05-16 11:40:00,2020,5,16,11,40,30,30209,départementale 377,43.97693,4.741352,Plein jour,Hors agglomération,Intersection à plus de 4 branches,Normale,Deux véhicules - frontale,3,2,2,0,1,1,1,0,1,80,2,2,1,0,1,0,18.0,29.0,voiture,deux_roues,1,1,5,1,1
202000008800,2020-05-15 18:10:00,2020,5,15,18,10,56,56131,Kerhoat,48.0096415,-3.435995,Plein jour,En agglomération,Intersection en T,Normale,Deux véhicules - côté,3,2,2,0,1,3,1,0,1,80,2,2,1,0,1,0,35.0,40.0,deux_roues,voiture,1,2,3,1,3
202000008801,2020-05-15 16:45:00,2020,5,15,16,45,31,31150,7 Chemin de Terrefort,43.652484,1.337575,Plein jour,En agglomération,Hors intersection,Normale,Deux véhicules - côté,4,2,2,0,1,1,1,0,1,50,2,2,1,0,1,0,20.0,20.0,voiture,voiture,1,2,1,1,3
202000008802,2020-05-16 11:40:00,2020,5,16,11,40,2B,2B152,D532,42.9018705,9.3995373,Plein jour,Hors agglomération,Hors intersection,Normale,Sans collision,3,2,2,0,1,1,1,0,1,80,1,2,1,0,1,0,44.0,,voiture,,1,1,1,1,7
202000008803,2020-05-16 13:40:00,2020,5,16,13,40,33,33545,Rue de la Chatellenie,45.250061,-0.849154,Plein jour,En agglomération,Autre intersection,Normale,Deux véhicules - arrière,3,2,2,0,1,1,1,0,1,50,2,2,1,0,1,0,44.0,28.0,deux_roues,utilitaire_camion,1,2,9,1,2
202000008804,2020-05-16 15:35:00,2020,5,16,15,35,47,47179,"D 276, PLACE DE LA MAIRIE",44.491278,0.939135,Plein jour,En agglomération,Place,Normale,Deux véhicules - frontale,3,2,2,0,1,1,1,0,1,50,2,4,3,0,1,0,22.0,66.0,voiture,deux_roues,1,2,7,1,1
202000008805,2020-05-15 21:10:00,2020,5,15,21,10,34,34018,D909,43.497017,3.187752,Nuit sans éclairage public,Hors agglomération,Hors intersection,Pluie légère,Sans collision,3,2,2,0,1,1,2,0,3,80,1,1,0,0,1,0,31.0,,voiture,,3,1,1,2,7
202000008806,2020-05-15 15:35:00,2020,5,15,15,35,68,68135,Rue de Saint-louis,47.578038,7.535543,Plein jour,En agglomération,Hors intersection,Normale,Deux véhicules - côté,3,2,2,1,1,1,1,0,1,50,2,2,1,0,1,0,47.0,58.0,voiture,deux_roues,1,2,1,1,3
202000008807,2020-05-16 15:45:00,2020,5,16,15,45,35,35291,Lieu Dit Colombel,48.5911618,-1.6337816,Plein jour,Hors agglomération,Intersection en X,Normale,Deux véhicules - côté,3,-1,2,0,1,1,1,0,1,50,2,2,1,1,0,0,43.0,81.0,voiture,deux_roues,1,1,2,1,3
202000008808,2020-05-16 12:05:00,2020,5,16,12,5,35,35112,La Guiberdiere,48.351686,-1.125755,Plein jour,Hors agglomération,Intersection en T,Normale,Deux véhicules - côté,3,2,2,0,2,1,1,0,1,80,2,2,1,0,1,0,34.0,13.0,voiture,deux_roues,1,1,3,1,3
202000008809,2020-05-16 17:55:00,2020,5,16,17,55,02,02520,D14,49.29135,3.584311,Plein jour,Hors agglomération,Hors intersection,Normale,Sans collision,3,2,2,0,2,3,1,0,1,80,1,2,0,0,1,1,53.0,,deux_roues,,1,1,1,1,7
202000008810,2020-05-16 17:00:00,2020,5,16,17,0,02,02306,7 Rue du Petit Marais,49.738678,3.558835,Plein jour,En agglomération,Hors intersection,Normale,Autre collision,4,2,2,0,1,3,1,0,4,50,1,1,0,1,0,0,41.0,,deux_roues,,1,2,1,1,6
202000008811,2020-05-16 12:00:00,2020,5,16,12,0,15,15088,Le Puech des Ouilhes,44.9239898,2.2740488,Plein jour,Hors agglomération,Intersection en T,Normale,Sans collision,4,2,2,0,2,3,1,0,1,30,1,1,0,0,1,0,72.0,,deux_roues,,1,1,3,1,7
202000008812,2020-05-15 13:40:00,2020,5,15,13,40,70,70245,702 Blanzey,47.88396,6.448781,Plein jour,En agglomération,Hors intersection,Normale,Sans collision,4,2,1,0,1,3,1,0,3,50,1,1,0,0,1,0,15.0,,deux_roues,,1,2,1,1,7
202000008813,2020-05-16 14:00:00,2020,5,16,14,0,58,58058,Croisy,47.400891,3.346244,Plein jour,Hors agglomération,Hors intersection,Normale,Autre collision,3,2,2,0,1,3,1,0,3,70,1,1,0,1,0,0,28.0,,deux_roues,,1,1,1,1,6
202000008814,2020-05-16 14:10:00,2020,5,16,14,10,14,14031,Route du Mont Piste,49.065428,0.071068,Plein jour,Hors agglomération,Intersection en X,Normale,Deux véhicules - côté,3,2,2,0,3,2,1,0,1,70,2,2,1,0,1,0,41.0,44.0,deux_roues,voiture,1,1,2,1,3