accident_id,datetime,annee,mois,jour,heure,minute,departement,commune_insee,adresse,latitude,longitude,luminosite,agglomeration,intersection,meteo,collision,catr,circ,nbv,vosp,prof,plan,surf,infra,situ,vma,nb_vehicules,nb_usagers,nb_indemnes,nb_tues,nb_blesses_hosp,nb_blesses_legers,age_cond_1,age_cond_2,veh_type_cond_1,veh_type_cond_2,lum_code,agg_code,int_code,atm_code,col_code
202000008815,2020-05-15 17:35:00,2020,5,15,17,35,14,14342,PLACE DE GAULLE,49.31806,-1.10145,Plein jour,En agglomération,Intersection en X,Temps éblouissant,Deux véhicules - côté,3,2,2,0,1,1,1,0,1,50,2,2,1,0,0,1,51.0,22.0,voiture,deux_roues,1,2,2,7,3
202000008816,2020-05-16 04:30:00,2020,5,16,4,30,50,50400,20 Rue d'Utah-beach,49.378954,-1.414447,Crépuscule ou aube,En agglomération,Hors intersection,Normale,Autre collision,3,2,2,0,1,1,1,0,4,50,1,3,0,0,0,3,23.0,,voiture,,2,2,1,1,6
202000008817,2020-05-15 16:45:00,2020,5,15,16,45,50,50042,Polder le Pas aux Boeufs,48.582655,-1.537292,Plein jour,Hors agglomération,Hors intersection,Normale,Sans collision,4,2,2,0,1,1,1,0,3,80,1,1,0,0,1,0,68.0,,deux_roues,,1,1,1,1,7
202000008818,2020-05-16 11:25:00,2020,5,16,11,25,43,43039,Départementale 49,44.8907189,3.8626045,Plein jour,Hors agglomération,Hors intersection,Normale,Autre collision,3,2,2,0,2,2,1,0,3,80,1,1,0,1,0,0,30.0,,deux_roues,,1,1,1,1,6
202000008819,2020-05-16 18:15:00,2020,5,16,18,15,16,16295,11 Route de Mansle,45.802777,0.138617,Plein jour,En agglomération,Hors intersection,Normale,Autre collision,3,2,2,0,2,1,1,0,1,50,1,1,0,0,1,0,33.0,,deux_roues,,1,2,1,1,6
202000008820,2020-05-16 03:30:00,2020,5,16,3,30,85,85008,Le Finiou,46.63298,-1.51945,Plein jour,Hors agglomération,Hors intersection,Normale,Autre collision,3,2,2,0,1,3,1,0,1,80,1,1,0,0,1,0,46.0,,utilitaire_camion,,1,1,1,1,6
202000008821,2020-05-15 17:05:00,2020,5,15,17,5,85,85193,Rue du Perrot,46.539765,-1.302438,Plein jour,En agglomération,Hors intersection,Normale,Deux véhicules - frontale,3,2,2,0,4,2,1,0,1,50,2,2,1,0,0,1,70.0,33.0,voiture,deux_roues,1,2,1,1,1
202000008822,2020-05-15 16:25:00,2020,5,15,16,25,27,27105,Rue d'Elbeuf,49.2978931,0.8937338,Plein jour,Hors agglomération,Hors intersection,Normale,Deux véhicules - arrière,3,2,2,0,1,1,1,0,1,70,2,4,3,0,0,1,26.0,57.0,utilitaire_camion,voiture,1,1,1,1,2
202000008823,2020-05-15 08:00:00,2020,5,15,8,0,87,87168,Chambouraud,45.693741,0.745327,Plein jour,Hors agglomération,Hors intersection,Normale,Sans collision,4,2,2,0,2,2,1,0,1,80,1,1,0,0,1,0,73.0,,deux_roues,,1,1,1,1,7
202000008824,2020-05-06 08:10:00,2020,5,6,8,10,37,37021,469 Les Poupinieres,47.5679352,0.641189,Plein jour,Hors agglomération,Hors intersection,Normale,,3,2,2,0,2,3,1,0,3,80,2,1,0,0,0,1,36.0,,voiture,,1,1,1,1,-1
202000008825,2020-05-16 15:30:00,2020,5,16,15,30,48,48166,D983,44.284579,3.597282,Plein jour,Hors agglomération,Hors intersection,Normale,Autre collision,3,2,2,0,2,3,1,0,3,80,1,1,0,0,1,0,31.0,,deux_roues,,1,1,1,1,6
202000008826,2020-05-15 16:10:00,2020,5,15,16,10,67,67084,A35,48.311372,7.477784,Plein jour,Hors agglomération,Hors intersection,Normale,Deux véhicules - arrière,1,3,2,0,1,1,9,2,1,-1,2,2,1,0,0,1,43.0,48.0,voiture,deux_roues,1,1,1,1,2
202000008827,2020-05-17 00:20:00,2020,5,17,0,20,988,98802,Route de Thio,-21.8402,166.0538,Nuit sans éclairage public,Hors agglomération,Hors intersection,Normale,Deux véhicules - frontale,3,2,2,0,1,2,1,0,1,90,2,6,0,1,5,0,17.0,35.0,voiture,utilitaire_camion,3,1,1,1,1
202000008828,2020-05-15 16:56:00,2020,5,15,16,56,974,97405,RN2,-21.368866,55.575714,Plein jour,En agglomération,Hors intersection,Normale,Deux véhicules - arrière,2,2,2,0,1,1,1,0,1,50,2,3,2,0,0,1,59.0,31.0,voiture,transport_commun,1,2,1,1,2
202000008829,2020-05-16 05:45:00,2020,5,16,5,45,28,28247,RD 302.5,48.879957,1.527786,Crépuscule ou aube,Hors agglomération,Hors intersection,Brouillard / fumée,Autre collision,3,2,2,0,1,2,1,0,3,80,1,4,3,0,1,0,20.0,,voiture,,2,1,1,5,6
202000008830,2020-05-14 22:40:00,2020,5,14,22,40,11,11076,Avenue Arnaut Vidal,43.3123424,1.9458675,Nuit avec éclairage allumé,En agglomération,Hors intersection,Pluie légère,Autre collision,3,2,2,0,1,2,2,2,6,50,1,1,0,0,1,0,35.0,,voiture,,5,2,1,2,6
202000008831,2020-05-16 03:00:00,2020,5,16,3,0,34,34057,D65e1,43.63168,3.935294,Nuit sans éclairage public,Hors agglomération,Hors intersection,Normale,Sans collision,3,3,4,0,2,3,1,0,8,70,1,1,0,1,0,0,49.0,,deux_roues,,3,1,1,1,7
202000008832,2020-05-15 23:00:00,2020,5,15,23,0,83,83023,Avenue frédéric mistral,43.400463,6.057979,Nuit avec éclairage allumé,En agglomération,Hors intersection,Normale,Sans collision,4,1,1,0,1,1,1,0,1,-1,1,1,0,0,1,0,38.0,,deux_roues,,5,2,1,1,7
202000008833,2020-05-16 19:45:00,2020,5,16,19,45,39,39364,,46.792421,5.82704,Plein jour,Hors agglomération,Hors intersection,Normale,Autre collision,4,2,2,0,3,2,1,0,1,80,1,1,0,0,1,0,13.0,,deux_roues,,1,1,1,1,6
202000008834,2020-05-15 17:15:00,2020,5,15,17,15,68,68298,Rue des Cerisiers,48.248869,7.190622,Plein jour,En agglomération,Giratoire,Normale,Deux véhicules - frontale,4,2,2,0,2,1,1,0,1,50,2,2,1,0,0,1,57.0,25.0,voiture,deux_roues,1,2,6,1,1
202000008835,2020-05-02 14:30:00,2020,5,2,14,30,67,67046,21 Rue de Hanhoffen,48.7602455,7.8589686,Plein jour,En agglomération,Place,Normale,Sans collision,6,-1,-1,0,1,1,1,0,8,50,1,1,0,0,1,0,54.0,,deux_roues,,1,2,7,1,7
202000008836,2020-05-15 19:10:00,2020,5,15,19,10,01,01202,D40,45.88844,5.328798,Plein jour,Hors agglomération,Intersection en T,Normale,Deux véhicules - côté,3,2,2,0,1,1,1,5,1,80,2,2,0,0,1,1,16.0,27.0,deux_roues,voiture,1,1,3,1,3
202000008837,2020-05-16 11:00:00,2020,5,16,11,0,69,69163,Impasse du Grand Veissieux,45.921699,4.756404,Plein jour,En agglomération,Hors intersection,Normale,Deux véhicules - frontale,3,2,2,0,1,1,1,0,1,50,2,2,1,0,1,0,38.0,38.0,voiture,deux_roues,1,2,1,1,1
202000008838,2020-05-15 23:25:00,2020,5,15,23,25,79,79049,,46.833202,-0.436277,Nuit sans éclairage public,Hors agglomération,Giratoire,Normale,Deux véhicules - côté,2,2,2,0,1,3,1,5,1,80,2,2,1,0,0,1,43.0,,voiture,,3,1,6,1,3
202000008839,2020-05-16 14:30:00,2020,5,16,14,30,33,33177,Route de Lesparre,45.32177,-0.95725,Plein jour,En agglomération,Giratoire,Normale,Deux véhicules - côté,3,1,1,0,1,1,1,5,1,50,2,3,2,0,0,1,59.0,25.0,voiture,voiture,1,2,6,1,3
202000008840,2020-05-15 22:35:00,2020,5,15,22,35,60,60666,Route Nationale 330,49.1153083,2.6883012,Nuit sans éclairage public,Hors agglomération,Hors intersection,Normale,Autre collision,2,2,1,0,4,1,1,0,1,80,1,1,0,0,0,1,24.0,,deux_roues,,3,1,1,1,6
202000008841,2020-05-16 16:00:00,2020,5,16,16,0,02,02378,D963,49.895101,4.045871,Plein jour,Hors agglomération,Hors intersection,Normale,Deux véhicules - côté,3,2,2,0,2,1,1,0,1,80,2,2,1,0,1,0,45.0,50.0,voiture,deux_roues,1,1,1,1,3
202000008842,2020-03-01 01:55:00,2020,3,1,1,55,42,42099,RN88,45.379294,4.273349,Nuit sans éclairage public,Hors agglomération,Hors intersection,Normale,Deux véhicules - frontale,2,3,4,0,1,3,1,0,1,90,2,2,1,0,1,0,44.0,33.0,voiture,voiture,3,1,1,1,1
202000008843,2020-05-15 20:05:00,2020,5,15,20,5,57,57474,Autoroute A31,49.2647023,6.1768549,Plein jour,Hors agglomération,Hors intersection,Normale,Autre collision,1,3,6,0,1,1,1,0,1,110,1,1,0,1,0,0,55.0,,voiture,,1,1,1,1,6
202000008844,2020-05-14 17:00:00,2020,5,14,17,0,93,93010,AUTOROUTE A3,48.89069,2.47322,Plein jour,Hors agglomération,Hors intersection,Normale,Deux véhicules - arrière,1,3,10,0,1,2,1,0,1,70,2,1,0,0,0,1,35.0,,utilitaire_camion,,1,1,1,1,2
202000008845,2020-05-14 10:20:00,2020,5,14,10,20,95,95572,RN 184,49.03634,2.11969,Plein jour,Hors agglomération,Hors intersection,Normale,Deux véhicules - arrière,2,3,6,0,1,2,1,0,1,90,2,2,1,0,0,1,20.0,41.0,voiture,utilitaire_camion,1,1,1,1,2
202000008846,2020-05-14 08:50:00,2020,5,14,8,50,93,93053,AUTOROUTE A3,48.88418,2.46179,Plein jour,Hors agglomération,Hors intersection,Normale,Deux véhicules - arrière,1,3,8,0,1,1,1,0,1,70,2,2,1,0,0,1,53.0,25.0,deux_roues,utilitaire_camion,1,1,1,1,2
202000008847,2020-01-03 08:45:00,2020,1,3,8,45,75,75109,BOULEVARD MONTMARTRE,48.871971,2.340045,Plein jour,En agglomération,Intersection à plus de 4 branches,Pluie légère,Deux véhicules - arrière,4,2,4,0,1,1,2,0,1,50,2,3,1,0,0,2,20.0,28.0,utilitaire_camion,deux_roues,1,2,5,2,2
202000008848,2020-05-15 09:16:00,2020,5,15,9,16,988,98818,RUE DE L'YSER/RUE AUGUSTE BENEBIG,-22.27094,166.45258,Plein jour,En agglomération,Intersection en T,Pluie légère,Autre collision,4,2,2,0,1,1,2,5,1,50,1,2,1,0,1,0,59.0,,voiture,,1,2,3,2,6
202000008849,2020-05-13 09:20:00,2020,5,13,9,20,988,98818,RUE JACQUES IEKAWE/RUE ARMAND OHLEN,-22.24873,166.46373,Plein jour,En agglomération,Intersection en X,Normale,Deux véhicules - côté,4,2,2,0,1,1,1,5,1,50,2,2,1,0,0,1,48.0,39.0,voiture,utilitaire_camion,1,2,2,1,3
202000008850,2020-05-14 14:30:00,2020,5,14,14,30,976,97611,kaweni-Massakini (rue),-12.7639,45.22561,Plein jour,En agglomération,Hors intersection,Normale,Deux véhicules - côté,2,2,0,0,1,1,1,0,1,50,2,6,4,0,0,2,30.0,37.0,voiture,voiture,1,2,1,1,3
202000008851,2020-05-12 11:20:00,2020,5,12,11,20,974,97416,RN3 (1),-21.30707,55.49836,Plein jour,En agglomération,Hors intersection,Normale,Deux véhicules - côté,2,2,2,0,1,3,1,3,1,50,2,2,1,0,1,0,52.0,62.0,utilitaire_camion,deux_roues,1,2,1,1,3
202000008852,2020-05-13 17:25:00,2020,5,13,17,25,974,97407,MONDON (AVENUE),-20.93354,55.30859,Plein jour,En agglomération,Hors intersection,Normale,Autre collision,4,2,2,0,1,1,1,0,8,50,1,2,1,0,0,1,24.0,,voiture,,1,2,1,1,6
202000008853,2020-05-04 13:10:00,2020,5,4,13,10,69,69388,ETATS UNIS (DES)                    (BD),45.73223,4.86547,Plein jour,En agglomération,Hors intersection,Normale,Autre collision,4,-1,7,3,1,1,1,0,6,50,1,2,1,0,0,1,42.0,,transport_commun,,1,2,1,1,6
202000008854,2020-05-14 09:11:00,2020,5,14,9,11,69,69386,FRANKLIN ROOSEVELT                  (CO),45.7685372,4.8439361,Plein jour,En agglomération,Intersection en X,Normale,Autre collision,4,1,4,0,1,1,1,0,1,50,1,2,1,0,0,1,55.0,,voiture,,1,2,2,1,6
202000008855,2020-05-13 17:18:00,2020,5,13,17,18,972,97209,RD 41 (ROCADE),14.61421,-61.0527,Plein jour,En agglomération,Hors intersection,Normale,Deux véhicules - côté,3,3,4,0,2,3,1,0,1,60,2,2,1,0,0,1,40.0,34.0,voiture,deux_roues,1,2,1,1,3
202000008856,2020-05-14 01:30:00,2020,5,14,1,30,69,69385,CHOULANS (DE)                       (CH),45.75234,4.81898,Nuit avec éclairage allumé,En agglomération,Hors intersection,Normale,Sans collision,4,3,4,0,2,2,2,0,1,50,1,1,0,0,0,1,50.0,,deux_roues,,5,2,1,1,7
202000008857,2020-05-13 19:05:00,2020,5,13,19,5,2B,2B037,TOUTES RUES,42.6274,9.4236,Plein jour,Hors agglomération,Hors intersection,Normale,Deux véhicules - frontale,4,2,2,0,2,3,1,0,1,30,2,2,1,0,0,1,34.0,16.0,voiture,deux_roues,1,1,1,1,1
202000008858,2020-05-12 22:58:00,2020,5,12,22,58,971,97101,BAIMBRIDGE,16.2428,-61.5226,Nuit avec éclairage allumé,Hors agglomération,Hors intersection,Normale,Autre collision,2,3,2,0,1,2,1,0,3,90,1,1,0,0,0,1,20.0,,voiture,,5,1,1,1,6
202000008859,2020-05-14 04:50:00,2020,5,14,4,50,91,91521,REMY (RUE ALBERT),48.65747,2.40649,Nuit avec éclairage allumé,En agglomération,Autre intersection,Normale,Deux véhicules - côté,2,2,2,0,1,1,1,0,1,50,2,2,1,0,1,0,63.0,48.0,voiture,deux_roues,5,2,9,1,3
202000008860,2020-02-29 13:15:00,2020,2,29,13,15,54,54304,SAPINIERE (RUE DE LA),48.6932833,6.1281073,Plein jour,En agglomération,Intersection en X,Vent fort / tempête,Deux véhicules - côté,4,2,2,0,1,1,1,0,1,50,2,2,1,0,0,1,20.0,63.0,deux_roues,voiture,1,2,2,6,3
202000008861,2020-02-26 20:20:00,2020,2,26,20,20,54,54395,BOUFFLERS (AVENUE) DE 2 AU 72),48.6902885,6.1566299,Nuit avec éclairage allumé,En agglomération,Intersection en X,Pluie forte,Deux véhicules - frontale,4,2,2,0,1,1,2,0,1,50,2,2,1,0,0,1,69.0,35.0,voiture,voiture,5,2,2,3,1
202000008862,2020-02-26 16:50:00,2020,2,26,16,50,54,54395,VICTOR HUGO (RUE ET RUELLE),48.692208,6.168353,Plein jour,En agglomération,Intersection en X,Normale,Sans collision,4,1,2,3,1,1,2,0,1,50,1,2,1,0,0,1,40.0,,voiture,,1,2,2,1,7
202000008863,2020-02-26 13:20:00,2020,2,26,13,20,54,54395,LIBERATION (AVENUE DE LA),48.692333,6.168003,Plein jour,En agglomération,Intersection en X,Normale,Deux véhicules - frontale,4,1,3,0,1,1,1,0,1,50,2,3,2,0,1,0,22.0,39.0,voiture,deux_roues,1,2,2,1,1
202000008864,2020-01-03 17:45:00,2020,1,3,17,45,54,54099,ALBERT 1ER (AVENUE),49.254043,5.946688,Nuit avec éclairage allumé,En agglomération,Giratoire,Pluie légère,Autre collision,3,2,2,0,1,1,2,0,1,50,1,4,3,0,1,0,20.0,,voiture,,5,2,6,2,6
202000008865,2020-02-29 15:50:00,2020,2,29,15,50,51,51055,Boulevard des Tondeurs,49.2846968,4.0347502,Plein jour,En agglomération,Hors intersection,Normale,Deux véhicules - côté,4,3,4,0,1,3,2,0,1,70,2,2,1,0,0,1,45.0,39.0,voiture,voiture,1,2,1,1,3
202000008866,2020-02-28 16:40:00,2020,2,28,16,40,51,51454,Avenue Georges Pompidou,49.2199488,4.0333198,Plein jour,En agglomération,Hors intersection,Pluie légère,Trois véhicules et plus - collisions multiples,4,2,2,0,1,2,2,0,1,50,3,4,1,0,0,3,26.0,25.0,voiture,voiture,1,2,1,2,5
202000008867,2020-02-27 19:01:00,2020,2,27,19,1,51,51454,Rue Gosset,49.2660107,4.0405452,Nuit avec éclairage allumé,En agglomération,Intersection en T,Normale,Deux véhicules - côté,4,2,2,0,1,1,2,0,1,50,2,7,1,0,0,6,27.0,47.0,voiture,voiture,5,2,3,1,3
202000008868,2020-02-27 16:10:00,2020,2,27,16,10,50,50218,MATIGNON (AV DES),48.83814,-1.57147,Plein jour,En agglomération,Hors intersection,Normale,Autre collision,3,-1,1,3,1,1,1,6,4,50,1,2,1,0,0,1,46.0,,voiture,,1,2,1,1,6
202000008869,2020-02-27 18:35:00,2020,2,27,18,35,50,50129,PARIS (AVENUE DE),49.627669,-1.61793,Plein jour,En agglomération,Hors intersection,Normale,Deux véhicules - arrière,3,2,2,0,2,1,1,0,1,50,2,2,1,0,0,1,17.0,36.0,deux_roues,voiture,1,2,1,1,2
202000008870,2020-02-22 16:10:00,2020,2,22,16,10,50,50173,SALINE (BOULEVARD DE LA),49.64892,-1.64423,Plein jour,Hors agglomération,Intersection en T,Normale,Deux véhicules - arrière,3,3,6,0,1,1,1,0,1,70,2,3,0,0,0,3,55.0,21.0,voiture,voiture,1,1,3,1,2
202000008871,2020-02-26 15:47:00,2020,2,26,15,47,49,49007,ARNAULD ( HENRI) BOULEVARD,47.47302,-0.56232,Plein jour,En agglomération,Hors intersection,Normale,Autre collision,4,2,2,0,1,1,1,0,1,60,1,3,1,0,0,2,47.0,,voiture,,1,2,1,1,6
202000008872,2020-02-25 09:21:00,2020,2,25,9,21,49,49007,JEANNE D'ARC SQUARE,47.46735,-0.53592,Plein jour,En agglomération,Hors intersection,Normale,Deux véhicules - arrière,4,2,2,0,1,1,1,0,1,60,2,2,1,0,0,1,20.0,73.0,voiture,voiture,1,2,1,1,2
202000008873,2020-02-24 16:05:00,2020,2,24,16,5,48,48095,CAPUCINS (BOULEVARD DES),44.519677,3.497084,Plein jour,En agglomération,Hors intersection,Temps éblouissant,Autre collision,3,2,2,0,2,1,1,0,1,50,1,2,1,0,1,0,21.0,,voiture,,1,2,1,7,6
202000008874,2020-02-24 16:15:00,2020,2,24,16,15,47,47323,LEYGUES (BLVD GEORGES),44.40822,0.70721,Plein jour,En agglomération,Place,Normale,Deux véhicules - côté,4,3,2,0,1,1,1,5,1,50,2,2,1,0,1,0,17.0,53.0,deux_roues,voiture,1,2,7,1,3
202000008875,2020-02-28 20:35:00,2020,2,28,20,35,45,45234,Quai du Chatelet,47.89807,1.91255,Nuit avec éclairage allumé,En agglomération,Hors intersection,Pluie légère,Trois véhicules et plus - en chaîne,4,2,2,1,1,1,2,0,1,30,3,4,1,0,0,3,42.0,25.0,voiture,voiture,5,2,1,2,4
202000008876,2020-02-28 09:00:00,2020,2,28,9,0,45,45169,Rue de la Bate,47.9298,1.8173,Plein jour,Hors agglomération,Hors intersection,Normale,Autre collision,4,-1,2,0,2,2,1,0,3,70,1,1,0,0,0,1,22.0,,voiture,,1,1,1,1,6
202000008877,2020-02-25 17:50:00,2020,2,25,17,50,45,45147,D2060-PR97+650,47.94122,1.90959,Plein jour,Hors agglomération,Hors intersection,Temps couvert,Deux véhicules - côté,3,3,4,0,1,1,2,0,1,90,2,2,1,0,0,1,51.0,44.0,deux_roues,voiture,1,1,1,8,3
202000008878,2020-03-01 21:00:00,2020,3,1,21,0,44,44215,PERIPHERIQUE,47.18655,-1.49566,Nuit avec éclairage allumé,Hors agglomération,Hors intersection,Pluie légère,Deux véhicules - arrière,2,3,0,0,1,1,2,0,1,90,2,2,0,0,0,2,40.0,36.0,voiture,voiture,5,1,1,2,2
202000008879,2020-03-01 02:30:00,2020,3,1,2,30,44,44109,Quai Président Wilson,47.1997,-1.5648,Nuit avec éclairage allumé,En agglomération,Hors intersection,Pluie légère,Autre collision,4,2,0,0,1,2,2,0,1,50,1,2,1,0,1,0,32.0,,deux_roues,,5,2,1,2,6
202000008880,2020-02-28 23:30:00,2020,2,28,23,30,44,44114,PERIPHERIQUE ROUTIER,47.26105,-1.61448,Nuit sans éclairage public,Hors agglomération,Hors intersection,Normale,Autre collision,1,1,1,0,1,1,1,0,1,70,1,1,0,0,1,0,28.0,,deux_roues,,3,1,1,1,6
202000008881,2020-02-28 01:15:00,2020,2,28,1,15,44,44109,Chemin du Pont de l'Arche de Mauves,47.2158237,-1.531321,Nuit sans éclairage public,Hors agglomération,Hors intersection,Normale,Autre collision,4,2,0,0,1,1,2,0,1,50,1,1,0,0,1,0,21.0,,deux_roues,,3,1,1,1,6
202000008882,2020-02-25 21:38:00,2020,2,25,21,38,44,44109,Rue du Calvaire,47.21515,-1.5629,Nuit avec éclairage allumé,En agglomération,Hors intersection,Pluie légère,Autre collision,4,2,0,0,3,1,2,0,1,30,1,2,1,0,0,1,48.0,,transport_commun,,5,2,1,2,6
202000008883,2020-02-23 17:09:00,2020,2,23,17,9,42,42207,Rue du Repos,45.46346,4.50087,Plein jour,En agglomération,Intersection en T,Normale,Deux véhicules - côté,4,2,1,0,1,1,1,0,1,50,2,2,1,0,0,1,26.0,36.0,deux_roues,voiture,1,2,3,1,3
202000008884,2020-02-22 20:14:00,2020,2,22,20,14,42,42218,Boulevard Fredo Krumnow,45.440515,4.378801,Nuit avec éclairage allumé,En agglomération,Hors intersection,Normale,Deux véhicules - côté,4,-1,2,0,1,1,1,0,1,50,2,3,2,0,1,0,33.0,,deux_roues,,5,2,1,1,3
202000008885,2020-02-29 20:15:00,2020,2,29,20,15,38,38185,Boulevard Joseph Vallier,45.18007,5.71182,Nuit avec éclairage allumé,En agglomération,Hors intersection,Pluie légère,Deux véhicules - côté,3,1,2,0,1,1,2,0,1,30,2,1,0,0,0,1,22.0,,deux_roues,,5,2,1,2,3
202000008886,2020-03-01 17:36:00,2020,3,1,17,36,37,37261,DE GAULLE (AVENUE DU GENERAL),47.3814206,0.7029366,Plein jour,En agglomération,Intersection en X,Normale,Autre collision,4,2,2,2,1,1,1,0,5,50,1,2,1,0,0,1,44.0,,voiture,,1,2,2,1,6
202000008887,2020-03-01 06:15:00,2020,3,1,6,15,37,37261,CHEVALLIER (RUE AUGUSTE),47.3757633,0.6791269,Nuit avec éclairage allumé,En agglomération,Intersection en T,Pluie légère,Deux véhicules - côté,7,2,3,0,3,1,2,2,1,50,2,4,2,0,0,2,21.0,,voiture,,5,2,3,2,3
202000008888,2020-02-28 19:00:00,2020,2,28,19,0,37,37261,RABELAIS (PLACE),47.3844262,0.6763303,Nuit avec éclairage allumé,En agglomération,Place,Pluie légère,,4,3,3,0,1,1,2,0,1,30,2,2,1,0,0,1,48.0,50.0,deux_roues,voiture,5,2,7,2,-1
202000008889,2020-02-28 14:00:00,2020,2,28,14,0,37,37261,GIRAUDEAU (RUE),47.3877972,0.6764634,Plein jour,En agglomération,Hors intersection,Temps couvert,Autre collision,4,3,3,0,1,1,1,0,1,50,1,2,1,0,0,1,81.0,,voiture,,1,2,1,8,6
202000008890,2020-02-25 17:40:00,2020,2,25,17,40,35,35238,GRIMAULT (BD LEON),48.09131,-1.65487,Plein jour,En agglomération,Intersection en T,Pluie forte,Autre collision,4,3,2,2,1,1,2,0,1,50,1,2,1,0,0,1,29.0,,voiture,,1,2,3,3,6
202000008891,2020-02-25 08:35:00,2020,2,25,8,35,35,35238,STATION DE METRO POTERIE (AUX ABORDS),48.08766,-1.64502,Plein jour,En agglomération,Giratoire,Normale,Deux véhicules - côté,4,1,1,1,1,2,1,5,5,50,2,2,1,0,0,1,27.0,26.0,deux_roues,voiture,1,2,6,1,3
202000008892,2020-03-01 02:05:00,2020,3,1,2,5,34,34172,LOGE (RUE DE LA),43.60999,3.8774,Nuit avec éclairage allumé,En agglomération,Hors intersection,Pluie légère,Autre collision,4,2,1,3,2,1,2,9,1,30,1,3,1,0,2,0,18.0,,deux_roues,,5,2,1,2,6
202000008893,2020-02-28 19:25:00,2020,2,28,19,25,34,34172,MAS ARGELLIERS (AVENUE DU),43.58382,3.88784,Nuit avec éclairage allumé,En agglomération,Hors intersection,Normale,Deux véhicules - côté,4,2,4,0,1,1,1,0,1,50,2,2,1,0,0,1,42.0,27.0,voiture,deux_roues,5,2,1,1,3
202000008894,2020-02-28 19:00:00,2020,2,28,19,0,34,34172,BONNES NOUVELLES (BOULEVARD DE),43.61244,3.88095,Nuit avec éclairage allumé,En agglomération,Hors intersection,Temps couvert,Deux véhicules - arrière,4,2,2,0,2,1,1,0,1,50,2,2,1,0,0,1,36.0,18.0,utilitaire_camion,deux_roues,5,2,1,8,2
202000008895,2020-02-28 13:20:00,2020,2,28,13,20,34,34172,FLAHAULT (AVENUE CHARLES,43.62135,3.86445,Plein jour,En agglomération,Intersection en T,Normale,Sans collision,4,2,4,0,1,1,1,0,1,50,1,2,1,0,0,1,25.0,,voiture,,1,2,3,1,7
202000008896,2020-02-22 18:20:00,2020,2,22,18,20,34,34172,KRAFFT (RUE MAURICE ET KATIA),43.6385443,3.8500321,Crépuscule ou aube,En agglomération,Hors intersection,Normale,Deux véhicules - côté,4,2,2,0,1,1,1,0,1,50,2,2,1,0,1,0,35.0,20.0,deux_roues,voiture,2,2,1,1,3
202000008897,2020-02-27 20:05:00,2020,2,27,20,5,34,34172,BUGAREL (RUE DE,43.59181,3.85023,Nuit avec éclairage allumé,En agglomération,Hors intersection,Normale,Autre collision,4,2,2,0,2,1,1,0,1,50,1,2,0,0,0,2,23.0,,deux_roues,,5,2,1,1,6
202000008898,2020-02-27 08:05:00,2020,2,27,8,5,34,34172,MORSE (RUE SAMUEL),43.60657,3.91337,Plein jour,En agglomération,Intersection en X,Pluie légère,Deux véhicules - arrière,4,2,2,0,1,1,2,5,1,50,2,2,1,0,0,1,56.0,44.0,deux_roues,voiture,1,2,2,2,2
202000008899,2020-02-26 11:20:00,2020,2,26,11,20,34,34172,CLEMENCEAU (AVENUE GEORGES),43.6024,3.87023,Plein jour,En agglomération,Hors intersection,Normale,Deux véhicules - côté,4,2,3,3,1,1,1,0,1,50,2,2,1,0,0,1,44.0,65.0,deux_roues,voiture,1,2,1,1,3
202000008900,2020-02-25 10:45:00,2020,2,25,10,45,34,34172,COMMINGES (RUE JEAN-RAIMOND DE),43.5941346,3.8677198,Plein jour,En agglomération,Hors intersection,Normale,Autre collision,4,2,2,0,1,1,1,0,1,30,1,3,2,0,0,1,28.0,,voiture,,1,2,1,1,6
202000008901,2020-02-25 09:00:00,2020,2,25,9,0,34,34172,SOULAS (AVENUE DU PERE,43.6256639,3.8498197,Plein jour,En agglomération,Hors intersection,Normale,Deux véhicules - arrière,4,2,2,0,1,1,1,0,1,50,2,2,1,0,0,1,65.0,63.0,voiture,voiture,1,2,1,1,2
202000008902,2020-02-25 04:06:00,2020,2,25,4,6,34,34129,PALAVAS D986 (ROUTE DE),43.57479,3.89684,Nuit sans éclairage public,En agglomération,Hors intersection,Normale,Autre collision,3,3,5,0,1,1,1,0,1,90,1,2,0,0,0,2,21.0,,voiture,,3,2,1,1,6
202000008903,2020-02-08 18:35:00,2020,2,8,18,35,33,33063,QUAI DES CHARTRONS / CRS DE LA MARTINIQUE,44.85216,-0.56819,Nuit avec éclairage allumé,En agglomération,Intersection en T,Normale,Autre collision,4,3,10,-1,1,1,1,5,1,50,1,1,0,0,1,0,35.0,,voiture,,5,2,3,1,6
202000008904,2020-02-26 15:30:00,2020,2,26,15,30,33,33063,PCE DE LA VICTOIRE / CRS DE L'ARGONNE,44.83033,-0.57285,Plein jour,En agglomération,Passage à niveau,Normale,Autre collision,4,2,2,3,1,4,1,4,6,50,1,2,0,0,1,1,49.0,,transport_commun,,1,2,8,1,6
202000008905,2020-02-25 19:30:00,2020,2,25,19,30,33,33281,AVE DE SAINT-MEDARD / RUE PIERRE DE COUBERTIN,44.8622,-0.64512,Nuit avec éclairage allumé,En agglomération,Intersection en X,Pluie légère,Deux véhicules - côté,4,2,4,2,1,1,2,0,1,50,2,2,1,0,0,1,42.0,79.0,voiture,voiture,5,2,2,2,3
202000008906,2020-02-14 13:15:00,2020,2,14,13,15,33,33063,RUE GEORGES BARRES / RUE RENE MAGNE,44.88852,-0.5468,Plein jour,En agglomération,Intersection en T,Normale,Deux véhicules - frontale,4,2,2,0,1,1,1,0,1,50,2,2,1,0,0,1,46.0,37.0,voiture,deux_roues,1,2,3,1,1