accident_id,datetime,annee,mois,jour,heure,minute,departement,commune_insee,adresse,latitude,longitude,luminosite,agglomeration,intersection,meteo,collision,catr,circ,nbv,vosp,prof,plan,surf,infra,situ,vma,nb_vehicules,nb_usagers,nb_indemnes,nb_tues,nb_blesses_hosp,nb_blesses_legers,age_cond_1,age_cond_2,veh_type_cond_1,veh_type_cond_2,lum_code,agg_code,int_code,atm_code,col_code
202000008997,2020-02-25 07:20:00,2020,2,25,7,20,75,75120,RUE DE BELLEVILLE,48.876711,2.404963,Nuit avec éclairage allumé,En agglomération,Hors intersection,Pluie légère,,4,2,2,0,2,1,2,0,1,50,2,2,1,0,0,1,34.0,23.0,deux_roues,voiture,5,2,1,2,-1
202000008998,2020-03-03 17:30:00,2020,3,3,17,30,75,75119,QUAI DE LA SEINE,48.8888239,2.3788924,Plein jour,En agglomération,Intersection en T,Normale,Deux véhicules - côté,4,1,1,1,1,1,1,6,1,30,2,2,1,0,0,1,37.0,12.0,voiture,deux_roues,1,2,3,1,3
202000008999,2020-02-28 08:00:00,2020,2,28,8,0,75,75119,BOULEVARD SERURIER,48.878637,2.402223,Plein jour,En agglomération,Hors intersection,Normale,Deux véhicules - côté,4,2,2,1,2,1,1,-1,5,50,2,2,1,0,0,1,53.0,17.0,voiture,deux_roues,1,2,1,1,3
202000009000,2020-02-27 19:14:00,2020,2,27,19,14,75,75119,RUE DE TANGER,48.884863,2.367406,Nuit avec éclairage allumé,En agglomération,Intersection en T,Temps couvert,Deux véhicules - côté,4,2,2,1,1,1,1,0,1,30,2,2,1,0,0,1,47.0,27.0,deux_roues,voiture,5,2,3,8,3
202000009001,2020-02-26 16:55:00,2020,2,26,16,55,75,75119,BOULEVARD SERURIER,48.87725,2.406798,Plein jour,En agglomération,Intersection en X,Temps éblouissant,Deux véhicules - côté,4,3,4,1,2,1,2,-1,5,50,2,2,1,0,0,1,23.0,58.0,deux_roues,voiture,1,2,2,7,3
202000009002,2020-02-25 19:50:00,2020,2,25,19,50,75,75119,RUE ARCHEREAU,48.892152,2.375097,Nuit avec éclairage allumé,En agglomération,Intersection en X,Pluie légère,Autre collision,4,1,2,0,1,1,2,0,1,50,1,1,0,0,0,1,,,,,5,2,2,2,6
202000009003,2020-02-25 13:00:00,2020,2,25,13,0,75,75119,AVENUE DE FLANDRE,48.886618,2.371994,Plein jour,En agglomération,Hors intersection,Pluie légère,Autre collision,4,1,1,0,1,1,2,0,1,50,1,1,0,0,0,1,18.0,,deux_roues,,1,2,1,2,6
202000009004,2020-03-03 19:20:00,2020,3,3,19,20,75,75118,RUE MARX DORMOY,48.885439,2.359364,Nuit avec éclairage allumé,En agglomération,Hors intersection,Temps couvert,Autre collision,4,2,4,3,1,1,1,0,6,50,1,2,1,0,0,1,23.0,,voiture,,5,2,1,8,6
202000009005,2020-02-29 12:45:00,2020,2,29,12,45,75,75118,BOULEVARD DE CLICHY,48.88388,2.332818,Plein jour,En agglomération,Place,Pluie légère,Autre collision,4,1,1,0,1,1,2,0,1,50,1,2,1,0,0,1,37.0,,deux_roues,,1,2,7,2,6
202000009006,2020-02-29 12:30:00,2020,2,29,12,30,75,75118,RUE CHAMPIONNET,48.893376,2.329031,Plein jour,En agglomération,Hors intersection,Temps couvert,Deux véhicules - côté,4,2,3,0,1,1,2,0,1,50,2,3,2,0,0,1,66.0,31.0,voiture,deux_roues,1,2,1,8,3
202000009007,2020-02-27 17:45:00,2020,2,27,17,45,75,75118,BOULEVARD BARBES,48.883851,2.34946,Crépuscule ou aube,En agglomération,Intersection en X,Normale,,4,1,2,0,1,1,1,0,1,50,2,1,0,0,0,1,35.0,,deux_roues,,2,2,2,1,-1
202000009008,2020-03-01 23:50:00,2020,3,1,23,50,75,75117,BOULEVARD BESSIERES,48.897617,2.324139,Nuit avec éclairage allumé,En agglomération,Intersection à plus de 4 branches,Normale,,4,3,2,0,1,1,2,0,1,50,2,1,0,0,0,1,26.0,,deux_roues,,5,2,5,1,-1
202000009009,2020-02-29 22:00:00,2020,2,29,22,0,75,75117,RUE TOULOUSE LAUTREC,48.900937,2.327704,Nuit avec éclairage allumé,En agglomération,Hors intersection,Normale,Deux véhicules - côté,4,1,2,0,1,1,1,0,1,50,2,2,1,0,0,1,28.0,39.0,voiture,deux_roues,5,2,1,1,3
202000009010,2020-02-28 14:05:00,2020,2,28,14,5,75,75117,RUE BOURSAULT,48.886384,2.317439,Plein jour,En agglomération,Hors intersection,Pluie légère,,4,1,1,0,1,1,2,0,1,30,3,2,1,0,0,1,25.0,33.0,transport_commun,deux_roues,1,2,1,2,-1
202000009011,2020-02-27 18:30:00,2020,2,27,18,30,75,75117,BOULEVARD BERTHIER,48.893939,2.31284,Nuit avec éclairage non allumé,En agglomération,Hors intersection,Pluie légère,Autre collision,4,3,3,1,1,1,2,-1,5,30,1,2,1,0,0,1,71.0,,deux_roues,,4,2,1,2,6
202000009012,2020-02-27 16:00:00,2020,2,27,16,0,75,75116,RUE DE PASSY,48.858158,2.275069,Plein jour,En agglomération,Hors intersection,Vent fort / tempête,Autre collision,4,1,2,0,1,1,1,0,1,30,1,2,1,0,0,1,27.0,,voiture,,1,2,1,6,6
202000009013,2020-02-27 12:45:00,2020,2,27,12,45,75,75108,AVENUE DES CHAMPS ELYSEES,48.86824,2.312364,Plein jour,En agglomération,Intersection en T,Pluie légère,Deux véhicules - arrière,4,2,1,0,1,1,2,0,1,50,2,3,2,0,0,1,45.0,67.0,utilitaire_camion,voiture,1,2,3,2,2
202000009014,2020-02-27 00:50:00,2020,2,27,0,50,75,75108,AVENUE GEORGE V,48.871941,2.300857,Nuit avec éclairage allumé,En agglomération,Intersection en T,Normale,Deux véhicules - arrière,4,2,4,0,1,1,1,0,1,50,2,3,2,0,0,1,23.0,42.0,voiture,voiture,5,2,3,1,2
202000009015,2020-02-26 18:45:00,2020,2,26,18,45,75,75117,RUE DES BATIGNOLLES,48.886242,2.318773,Nuit avec éclairage allumé,En agglomération,Hors intersection,Normale,Autre collision,4,2,2,0,2,1,2,0,1,30,1,2,1,0,0,1,53.0,,deux_roues,,5,2,1,1,6
202000009016,2020-02-25 01:02:00,2020,2,25,1,2,75,75117,BOULEVARD BERTHIER,48.890134,2.303813,Nuit avec éclairage allumé,En agglomération,Intersection en X,Pluie légère,Autre collision,4,2,6,0,1,1,2,0,1,50,1,1,0,0,0,1,30.0,,deux_roues,,5,2,2,2,6
202000009017,2020-03-02 22:45:00,2020,3,2,22,45,75,75116,AVENUE DE L HIPPODROME,48.862279,2.238321,Nuit avec éclairage allumé,En agglomération,Intersection en X,Normale,Deux véhicules - côté,4,2,2,0,2,1,2,5,1,50,2,2,1,0,0,1,23.0,37.0,deux_roues,voiture,5,2,2,1,3
202000009018,2020-03-02 14:39:00,2020,3,2,14,39,75,75116,RUE DE LA POMPE,48.859547,2.275201,Plein jour,En agglomération,Intersection en X,Normale,Deux véhicules - côté,4,2,3,0,1,1,2,0,1,50,2,2,0,0,0,2,27.0,28.0,voiture,voiture,1,2,2,1,3
202000009019,2020-02-28 15:00:00,2020,2,28,15,0,75,75116,RUE BOISSIERE,48.869062,2.286288,Plein jour,En agglomération,Hors intersection,Pluie légère,Autre collision,4,1,1,0,1,1,2,0,1,50,1,2,1,0,0,1,37.0,,deux_roues,,1,2,1,2,6
202000009020,2020-02-26 20:30:00,2020,2,26,20,30,75,75116,RUE POUSSIN,48.848565,2.262081,Nuit avec éclairage allumé,En agglomération,Intersection en Y,Normale,Deux véhicules - côté,4,1,2,0,1,1,1,0,1,50,2,2,1,0,0,1,67.0,52.0,voiture,deux_roues,5,2,4,1,3
202000009021,2020-02-28 09:45:00,2020,2,28,9,45,75,75116,BOULEVARD FLANDRIN,48.864192,2.272405,Plein jour,En agglomération,Place,Normale,Autre collision,4,1,1,0,1,1,1,0,1,50,1,2,1,0,0,1,32.0,,deux_roues,,1,2,7,1,6
202000009022,2020-02-27 11:00:00,2020,2,27,11,0,75,75116,RUE DE LUBECK,48.8639279,2.2905126,Plein jour,En agglomération,Intersection en X,Pluie légère,Autre collision,4,1,3,0,1,1,2,9,1,50,1,3,2,0,0,1,52.0,,voiture,,1,2,2,2,6
202000009023,2020-02-25 10:05:00,2020,2,25,10,5,75,75108,RUE DE COURCELLES,48.876383,2.307866,Plein jour,En agglomération,Intersection à plus de 4 branches,Normale,Deux véhicules - côté,4,1,2,0,1,2,1,0,1,50,2,2,1,0,0,1,69.0,47.0,voiture,deux_roues,1,2,5,1,3
202000009024,2020-03-03 19:30:00,2020,3,3,19,30,75,75115,RUE BRANCION,48.834721,2.305189,Nuit sans éclairage public,En agglomération,Intersection en X,Normale,Deux véhicules - arrière,4,2,2,0,1,1,1,0,1,50,2,3,2,0,0,1,48.0,40.0,voiture,transport_commun,3,2,2,1,2
202000009025,2020-02-29 21:25:00,2020,2,29,21,25,75,75115,BOULEVARD DU MONTPARNASSE,48.845079,2.320124,Nuit avec éclairage allumé,En agglomération,Intersection en X,Normale,Deux véhicules - côté,4,2,4,0,1,1,1,5,1,50,2,3,2,0,0,1,36.0,29.0,voiture,deux_roues,5,2,2,1,3
202000009026,2020-02-29 21:30:00,2020,2,29,21,30,75,75115,RUE DE VAUGIRARD,48.836789,2.295608,Nuit avec éclairage non allumé,En agglomération,Hors intersection,Normale,Autre collision,4,1,1,0,1,1,1,0,1,50,1,2,1,0,0,1,31.0,,voiture,,4,2,1,1,6
202000009027,2020-02-27 09:45:00,2020,2,27,9,45,75,75115,RUE DESNOUETTES,48.83588,2.287363,Plein jour,En agglomération,Hors intersection,Pluie légère,Deux véhicules - côté,4,1,2,0,1,1,2,0,1,50,2,2,1,0,0,1,23.0,40.0,voiture,deux_roues,1,2,1,2,3
202000009028,2020-02-27 07:10:00,2020,2,27,7,10,75,75115,RUE DE LOURMEL,48.842159,2.28558,Crépuscule ou aube,En agglomération,Intersection en X,Pluie forte,Autre collision,4,1,3,0,1,1,2,9,1,50,1,1,0,0,0,1,,,,,2,2,2,3,6
202000009029,2020-02-25 20:45:00,2020,2,25,20,45,75,75115,RUE DE LA CONVENTION,48.84216,2.285581,Nuit avec éclairage allumé,En agglomération,Intersection en X,Normale,Trois véhicules et plus - collisions multiples,4,2,3,0,1,1,1,0,1,50,3,3,2,0,0,1,35.0,21.0,deux_roues,voiture,5,2,2,1,5
202000009030,2020-02-25 19:55:00,2020,2,25,19,55,75,75115,RUE CAMBRONNE,48.842619,2.302708,Nuit avec éclairage allumé,En agglomération,Intersection en X,Pluie légère,Autre collision,4,2,3,0,1,1,2,0,1,50,1,2,1,0,0,1,52.0,,utilitaire_camion,,5,2,2,2,6
202000009031,2020-02-24 08:45:00,2020,2,24,8,45,75,75115,RUE GASTON BOISSIER,48.829723,2.295697,Plein jour,En agglomération,Intersection à plus de 4 branches,Normale,Autre collision,4,2,3,0,1,1,1,0,1,50,1,2,1,0,0,1,47.0,,voiture,,1,2,5,1,6
202000009032,2020-03-02 17:40:00,2020,3,2,17,40,75,75114,AVENUE DAVID WEILL,48.8213288,2.3338018,Plein jour,En agglomération,Intersection en T,Normale,Trois véhicules et plus - en chaîne,4,2,3,0,1,1,2,0,1,50,3,4,3,0,0,1,39.0,49.0,voiture,voiture,1,2,3,1,4
202000009033,2020-03-02 09:45:00,2020,3,2,9,45,75,75114,Avenue Reille,48.8244759,2.3383337,Plein jour,En agglomération,Intersection en X,Pluie légère,Autre collision,4,2,2,0,1,1,2,0,1,50,1,3,2,0,0,1,36.0,,deux_roues,,1,2,2,2,6
202000009034,2020-02-29 12:32:00,2020,2,29,12,32,75,75114,PLACE SAINT JACQUES,48.83357,2.336324,Plein jour,En agglomération,Place,Temps couvert,Trois véhicules et plus - collisions multiples,4,2,3,0,1,1,2,0,1,50,3,4,3,0,0,1,28.0,52.0,utilitaire_camion,voiture,1,2,7,8,5
202000009035,2020-02-28 11:05:00,2020,2,28,11,5,75,75114,RUE D ALESIA,48.828713,2.324302,Plein jour,En agglomération,Intersection en T,Normale,Autre collision,4,2,1,0,1,1,1,0,1,50,1,2,1,0,0,1,27.0,,deux_roues,,1,2,3,1,6
202000009036,2020-02-27 23:20:00,2020,2,27,23,20,75,75114,BOULEVARD RASPAIL,48.840584,2.330114,Nuit avec éclairage allumé,En agglomération,Intersection en T,Normale,Deux véhicules - côté,4,2,4,0,1,1,1,0,1,50,2,2,1,0,0,1,48.0,37.0,deux_roues,voiture,5,2,3,1,3
202000009037,2020-03-03 23:20:00,2020,3,3,23,20,75,75113,BOULEVARD VINCENT AURIOL,48.8345722,2.3673847,Nuit avec éclairage allumé,En agglomération,Intersection en X,Normale,Sans collision,4,1,2,1,2,1,1,0,5,30,1,1,0,0,0,1,50.0,,deux_roues,,5,2,2,1,7
202000009038,2020-03-02 13:27:00,2020,3,2,13,27,75,75113,AVENUE D IVRY,48.8256673,2.3610063,Plein jour,En agglomération,Intersection en T,Normale,Deux véhicules - côté,4,1,2,0,1,1,2,0,1,50,2,2,1,0,0,1,32.0,39.0,deux_roues,voiture,1,2,3,1,3
202000009039,2020-02-28 00:48:00,2020,2,28,0,48,75,75113,BOULEVARD DE L HOPITAL,48.843716,2.364635,Nuit avec éclairage allumé,En agglomération,Place,Normale,Deux véhicules - côté,4,2,3,3,1,1,1,-1,6,50,2,2,1,0,0,1,26.0,41.0,deux_roues,transport_commun,5,2,7,1,3
202000009040,2020-02-27 18:30:00,2020,2,27,18,30,75,75113,BOULEVARD MASSENA,48.823365,2.375037,Crépuscule ou aube,En agglomération,Intersection en T,Normale,Deux véhicules - côté,4,3,2,1,4,1,1,-1,5,50,2,2,1,0,0,1,27.0,58.0,deux_roues,voiture,2,2,3,1,3
202000009041,2020-03-03 15:15:00,2020,3,3,15,15,75,75112,PORT HENRI IV,48.845926,2.366172,Plein jour,En agglomération,Hors intersection,Normale,Deux véhicules - côté,4,1,4,0,1,1,1,0,1,50,2,2,1,0,0,1,62.0,32.0,voiture,deux_roues,1,2,1,1,3
202000009042,2020-03-02 11:40:00,2020,3,2,11,40,75,75112,RUE LAMBLARDIE,48.83971,2.396153,Plein jour,En agglomération,Place,Pluie légère,Autre collision,4,1,1,0,1,1,2,0,1,50,1,2,1,0,0,1,64.0,,utilitaire_camion,,1,2,7,2,6
202000009043,2020-03-01 03:25:00,2020,3,1,3,25,75,75112,RUE SAINT MARTIN,48.84755,2.375497,Nuit avec éclairage allumé,En agglomération,Hors intersection,Normale,Autre collision,4,1,2,0,1,1,2,0,1,30,1,1,0,0,0,1,20.0,,deux_roues,,5,2,1,1,6
202000009044,2020-02-25 13:15:00,2020,2,25,13,15,75,75112,AVENUE DU GENERAL MICHEL BIZOT,48.838858,2.404149,Plein jour,En agglomération,Hors intersection,Pluie légère,Deux véhicules - arrière,4,2,2,0,1,1,2,0,1,50,2,2,1,0,0,1,59.0,35.0,voiture,deux_roues,1,2,1,2,2
202000009045,2020-03-02 09:55:00,2020,3,2,9,55,75,75111,RUE RICHARD LENOIR,48.855833,2.381592,Plein jour,En agglomération,Intersection en T,Pluie forte,Deux véhicules - côté,4,1,2,1,1,1,2,0,1,50,2,2,1,0,0,1,29.0,43.0,deux_roues,voiture,1,2,3,3,3
202000009046,2020-03-01 03:10:00,2020,3,1,3,10,75,75111,RUE DE CHARONNE,48.855939,2.392367,Nuit sans éclairage public,En agglomération,Intersection en T,Pluie légère,Autre collision,4,2,2,0,1,1,2,0,1,50,1,1,0,0,0,1,,,,,3,2,3,2,6
202000009047,2020-02-29 17:45:00,2020,2,29,17,45,75,75111,AVENUE PARMENTIER,48.861017,2.377955,Plein jour,En agglomération,Hors intersection,Pluie légère,Deux véhicules - côté,4,-1,2,0,1,1,2,0,1,30,2,2,1,0,0,1,44.0,65.0,deux_roues,voiture,1,2,1,2,3
202000009048,2020-02-28 00:50:00,2020,2,28,0,50,75,75111,RUE DE LA ROQUETTE,48.855525,2.374438,Nuit avec éclairage allumé,En agglomération,Intersection en T,Normale,Trois véhicules et plus - collisions multiples,4,1,2,0,1,1,1,0,1,30,3,3,2,0,0,1,30.0,34.0,deux_roues,voiture,5,2,3,1,5
202000009049,2020-02-27 11:05:00,2020,2,27,11,5,75,75111,AVENUE DE LA REPUBLIQUE,48.864842,2.376799,Plein jour,En agglomération,Hors intersection,Pluie légère,Deux véhicules - côté,4,2,2,0,1,1,2,0,1,50,2,2,1,0,0,1,67.0,41.0,voiture,deux_roues,1,2,1,2,3
202000009050,2020-02-25 13:55:00,2020,2,25,13,55,75,75111,RUE DE LA ROQUETTE,48.859122,2.385928,Plein jour,En agglomération,Intersection en T,Temps couvert,,4,2,2,0,2,3,2,0,1,30,2,1,0,0,0,1,37.0,,deux_roues,,1,2,3,8,-1
202000009051,2020-03-01 03:16:00,2020,3,1,3,16,75,75110,BOULEVARD SAINT DENIS,48.86905,2.355433,Nuit avec éclairage allumé,En agglomération,Intersection en X,Pluie légère,,4,2,1,0,1,1,2,0,1,50,2,2,1,0,0,1,34.0,30.0,deux_roues,deux_roues,5,2,2,2,-1
202000009052,2020-02-27 18:40:00,2020,2,27,18,40,75,75110,BOULEVARD DE BONNE NOUVELLE,48.870145,2.350502,Nuit avec éclairage allumé,En agglomération,Intersection en T,Normale,Autre collision,4,2,4,3,1,1,2,-1,6,50,1,2,1,0,0,1,41.0,,deux_roues,,5,2,3,1,6
202000009053,2020-03-02 15:00:00,2020,3,2,15,0,75,75109,RUE DU FAUBOURG POISSONNIERE,48.8730564,2.3479253,Plein jour,En agglomération,Intersection en T,Pluie légère,Deux véhicules - côté,4,1,2,0,1,1,2,0,1,50,2,2,1,0,0,1,37.0,59.0,deux_roues,utilitaire_camion,1,2,3,2,3
202000009054,2020-03-02 10:15:00,2020,3,2,10,15,75,75109,RUE RICHER,48.874015,2.347893,Plein jour,En agglomération,Intersection en X,Pluie légère,Autre collision,4,1,1,0,1,1,2,0,1,50,1,2,1,0,0,1,60.0,,deux_roues,,1,2,2,2,6
202000009055,2020-09-16 07:45:00,2020,9,16,7,45,78,78126,A13,48.838554,2.122031,Plein jour,Hors agglomération,Hors intersection,Normale,Deux véhicules - arrière,1,3,8,0,1,1,1,0,1,110,2,2,1,0,0,1,41.0,35.0,deux_roues,voiture,1,1,1,1,2
202000009056,2020-09-16 09:15:00,2020,9,16,9,15,93,93078,AUTOROUTE A104,48.9672892,2.5119989,Plein jour,Hors agglomération,Hors intersection,Normale,Deux véhicules - arrière,1,3,8,0,1,1,1,0,1,110,2,2,1,0,0,1,28.0,24.0,deux_roues,voiture,1,1,1,1,2
202000009057,2020-09-16 07:30:00,2020,9,16,7,30,93,93064,AUTOROUTE A86,48.87917,2.47631,Plein jour,Hors agglomération,Hors intersection,Normale,Deux véhicules - côté,1,3,8,0,1,1,1,0,1,90,2,2,1,0,0,1,48.0,36.0,voiture,deux_roues,1,1,1,1,3
202000009058,2020-09-15 22:40:00,2020,9,15,22,40,95,95582,A15,48.96494,2.26079,Nuit sans éclairage public,Hors agglomération,Hors intersection,Normale,Deux véhicules - arrière,1,-1,11,0,1,1,1,0,1,110,2,3,1,0,0,2,26.0,51.0,voiture,voiture,3,1,1,1,2
202000009059,2020-09-16 19:30:00,2020,9,16,19,30,94,94028,A86 EXT,48.7838384,2.4405909,Plein jour,Hors agglomération,Hors intersection,Normale,Trois véhicules et plus - en chaîne,1,3,4,0,1,1,1,0,1,90,3,3,2,0,0,1,38.0,43.0,voiture,voiture,1,1,1,1,4
202000009060,2020-09-16 08:00:00,2020,9,16,8,0,77,77337,A4,48.82996,2.61721,Plein jour,Hors agglomération,Hors intersection,Normale,,1,1,3,0,1,1,1,0,1,110,2,2,1,0,0,1,27.0,24.0,deux_roues,deux_roues,1,1,1,1,-1
202000009061,2020-09-16 08:00:00,2020,9,16,8,0,94,94042,A4,48.82823,2.47385,Plein jour,Hors agglomération,Hors intersection,Normale,Trois véhicules et plus - en chaîne,1,3,9,0,1,1,1,0,1,90,3,4,3,0,0,1,72.0,58.0,voiture,utilitaire_camion,1,1,1,1,4
202000009062,2020-07-10 22:15:00,2020,7,10,22,15,64,64024,BAYONNE (AVENUE DE),43.48093,-1.51233,Nuit avec éclairage allumé,En agglomération,Hors intersection,Normale,Deux véhicules - arrière,3,2,2,0,1,1,1,0,1,50,2,4,2,0,0,2,73.0,26.0,voiture,utilitaire_camion,5,2,1,1,2
202000009063,2020-02-26 19:15:00,2020,2,26,19,15,75,75111,AVENUE PARMENTIER,48.868348,2.372255,Nuit avec éclairage allumé,En agglomération,Intersection en T,Normale,Deux véhicules - côté,4,2,4,0,1,1,1,0,1,30,2,2,1,0,0,1,37.0,30.0,deux_roues,voiture,5,2,3,1,3
202000009064,2020-02-26 13:20:00,2020,2,26,13,20,75,75108,PLACE DE LA MADELEINE,48.869245,2.323903,Plein jour,En agglomération,Place,Pluie légère,Sans collision,4,1,6,0,1,1,2,0,1,30,1,1,0,0,0,1,23.0,,deux_roues,,1,2,7,2,7
202000009065,2020-07-10 15:00:00,2020,7,10,15,0,93,93027,AUTOROUTE A86,48.9268564,2.4053173,Plein jour,Hors agglomération,Hors intersection,Normale,Autre collision,1,-1,4,0,2,2,1,0,8,90,1,1,0,0,0,1,32.0,,voiture,,1,1,1,1,6
202000009066,2020-09-15 13:20:00,2020,9,15,13,20,974,97416,ARCHAMBAUD (RUE),-21.32739,55.48233,Plein jour,En agglomération,Hors intersection,Normale,Autre collision,4,2,2,0,2,1,1,0,1,30,1,2,1,0,1,0,46.0,,voiture,,1,2,1,1,6
202000009067,2020-09-15 18:15:00,2020,9,15,18,15,973,97302,TIGRE (ROUTE DU),4.9122412,-52.3082256,Crépuscule ou aube,En agglomération,Hors intersection,Pluie légère,Autre collision,3,2,2,0,1,4,2,0,8,50,1,2,1,0,0,1,42.0,,voiture,,2,2,1,2,6
202000009068,2020-09-16 00:10:00,2020,9,16,0,10,69,69386,GARIBALDI                           (R ),45.7712,4.8501,Nuit avec éclairage allumé,En agglomération,Intersection en X,Normale,Deux véhicules - côté,4,1,4,3,1,1,1,0,1,50,2,2,1,0,0,1,21.0,,voiture,,5,2,2,1,3
202000009069,2020-09-15 23:00:00,2020,9,15,23,0,69,69388,ETATS UNIS (DES)                    (BD),45.7294146,4.8677242,Nuit avec éclairage allumé,En agglomération,Intersection en X,Normale,Deux véhicules - côté,4,3,5,2,1,1,1,0,1,50,2,3,2,0,0,1,32.0,19.0,voiture,deux_roues,5,2,2,1,3
202000009070,2020-09-15 17:20:00,2020,9,15,17,20,69,69386,DUQUESNE                            (R ),45.77315,4.84981,Plein jour,En agglomération,Intersection en T,Normale,Deux véhicules - côté,4,1,3,0,1,1,1,0,1,50,2,2,1,0,0,1,41.0,56.0,voiture,deux_roues,1,2,3,1,3
202000009071,2020-09-15 15:10:00,2020,9,15,15,10,69,69387,JULES CARTERET                      (BD),45.7258141,4.8440357,Plein jour,En agglomération,Hors intersection,Normale,Deux véhicules - arrière,4,2,4,1,1,1,1,0,1,50,2,2,1,0,0,1,35.0,60.0,deux_roues,voiture,1,2,1,1,2
202000009072,2020-09-15 15:40:00,2020,9,15,15,40,69,69276,VENISSIEUX (DE)                         ,45.68339,4.87045,Plein jour,En agglomération,Giratoire,Normale,Autre collision,4,2,2,0,1,3,8,0,1,50,1,2,1,0,0,1,58.0,,utilitaire_camion,,1,2,6,1,6
202000009073,2020-09-15 01:50:00,2020,9,15,1,50,69,69387,GUILLOTIERE (DE LA)                 (PT),45.7565402,4.8392334,Nuit avec éclairage allumé,En agglomération,Hors intersection,Normale,Sans collision,4,2,7,1,1,1,1,2,1,50,1,3,2,0,1,0,21.0,,voiture,,5,2,1,1,7
202000009074,2020-09-15 23:00:00,2020,9,15,23,0,69,69389,ABBE PIERRE                        (PL),45.7863069,4.7961605,Nuit avec éclairage allumé,En agglomération,Hors intersection,Normale,Deux véhicules - côté,4,2,2,0,1,1,1,0,1,50,2,1,0,0,0,1,28.0,,deux_roues,,5,2,1,1,3
202000009075,2020-09-15 20:30:00,2020,9,15,20,30,69,69389,ROSA PARKS                        (AV),45.78673,4.79141,Nuit avec éclairage allumé,En agglomération,Hors intersection,Normale,Autre collision,4,2,2,3,1,1,1,0,1,50,1,1,0,0,0,1,45.0,,transport_commun,,5,2,1,1,6
202000009076,2020-09-15 08:00:00,2020,9,15,8,0,69,69381,ALGERIE (D')                        (R ),45.7672354,4.8309503,Crépuscule ou aube,En agglomération,Intersection en X,Normale,Deux véhicules - côté,4,1,2,3,1,1,1,0,1,50,2,2,1,0,0,1,55.0,23.0,deux_roues,voiture,2,2,2,1,3
202000009077,2020-08-28 17:48:00,2020,8,28,17,48,971,97107,MARQUISAT ( ROUTE DE ),16.04093,-61.56664,Plein jour,En agglomération,Hors intersection,Normale,Autre collision,3,2,1,0,4,1,1,0,4,50,1,2,1,1,0,0,46.0,,utilitaire_camion,,1,2,1,1,6
202000009078,2020-09-15 17:30:00,2020,9,15,17,30,95,95280,Avenue de Montmorency,49.03015,2.455264,Plein jour,En agglomération,Hors intersection,Normale,Autre collision,4,3,4,0,1,1,1,0,1,50,1,2,1,0,0,1,55.0,,voiture,,1,2,1,1,6
202000009079,2020-09-15 18:05:00,2020,9,15,18,5,91,91549,FREDERIC HENRI MANHES (RUE),48.6373713,2.343631,Plein jour,En agglomération,Hors intersection,Normale,Autre collision,4,2,2,0,1,1,1,0,1,30,1,2,1,0,0,1,28.0,,voiture,,1,2,1,1,6
202000009080,2020-09-15 13:05:00,2020,9,15,13,5,91,91549,JACQUES DUCLOS (AVENUE),48.635073,2.346666,Plein jour,En agglomération,Hors intersection,Normale,Deux véhicules - arrière,3,2,2,0,1,1,1,0,1,50,2,4,2,0,0,2,32.0,49.0,utilitaire_camion,transport_commun,1,2,1,1,2
202000009081,2020-09-14 20:08:00,2020,9,14,20,8,91,91223,MAI 1945 (AVENUE DU 8),48.44109,2.1466,Crépuscule ou aube,En agglomération,Hors intersection,Normale,Autre collision,6,-1,1,0,1,1,1,9,8,30,1,1,0,0,0,1,58.0,,voiture,,2,2,1,1,6
202000009082,2020-09-15 17:10:00,2020,9,15,17,10,91,91201,GENERAL DE GAULLE(BOULEVARD),48.687035,2.400078,Plein jour,En agglomération,Hors intersection,Normale,Autre collision,3,2,4,0,1,1,1,9,1,30,1,3,2,0,0,1,48.0,,voiture,,1,2,1,1,6
202000009083,2020-09-16 00:20:00,2020,9,16,0,20,91,91174,GEORGES LEDU,48.595558,2.471264,Nuit avec éclairage allumé,En agglomération,Hors intersection,Normale,Sans collision,4,2,2,0,2,2,1,0,4,30,1,4,2,0,1,1,45.0,,voiture,,5,2,1,1,7
202000009084,2020-09-15 06:40:00,2020,9,15,6,40,91,91552,RN 20,48.6117,2.25362,Nuit avec éclairage allumé,En agglomération,Hors intersection,Normale,Trois véhicules et plus - en chaîne,2,3,4,0,1,1,1,0,1,70,3,4,2,0,0,2,28.0,43.0,utilitaire_camion,voiture,5,2,1,1,4
202000009085,2020-09-10 16:10:00,2020,9,10,16,10,91,91021,VERDUN (AVENUE DE),48.57707,2.23832,Plein jour,En agglomération,Hors intersection,Normale,Trois véhicules et plus - en chaîne,4,2,2,0,1,1,1,0,1,50,3,6,5,0,0,1,25.0,31.0,voiture,voiture,1,2,1,1,4
202000009086,2020-09-11 23:40:00,2020,9,11,23,40,86,86194,Route de Parthenay,46.599619,0.321355,Nuit avec éclairage allumé,En agglomération,Intersection en X,Normale,Deux véhicules - frontale,3,2,4,0,1,1,1,0,1,50,2,2,1,0,1,0,21.0,27.0,voiture,deux_roues,5,2,2,1,1
202000009087,2020-09-13 16:50:00,2020,9,13,16,50,85,85194,CASTELNEAU (BOULEVARD DE),46.49534,-1.77681,Plein jour,En agglomération,Intersection en X,Normale,Deux véhicules - côté,4,3,2,0,1,1,1,0,1,50,2,2,1,0,0,1,68.0,29.0,voiture,deux_roues,1,2,2,1,3