accident_id,datetime,annee,mois,jour,heure,minute,departement,commune_insee,adresse,latitude,longitude,luminosite,agglomeration,intersection,meteo,collision,catr,circ,nbv,vosp,prof,plan,surf,infra,situ,vma,nb_vehicules,nb_usagers,nb_indemnes,nb_tues,nb_blesses_hosp,nb_blesses_legers,age_cond_1,age_cond_2,veh_type_cond_1,veh_type_cond_2,lum_code,agg_code,int_code,atm_code,col_code
202000009179,2020-09-15 18:50:00,2020,9,15,18,50,75,75108,AVENUE FRANKLIN D ROOSEVELT,48.868283,2.309996,Plein jour,En agglomération,Place,Normale,Deux véhicules - frontale,4,2,6,1,1,1,1,-1,5,50,2,1,0,0,0,1,25.0,,deux_roues,,1,2,7,1,1
202000009180,2020-09-15 16:30:00,2020,9,15,16,30,75,75108,PLACE DE LA CONCORDE,48.866663,2.322043,Plein jour,En agglomération,Place,Normale,Deux véhicules - côté,4,1,8,0,1,2,1,0,1,50,2,2,1,0,0,1,25.0,54.0,voiture,deux_roues,1,2,7,1,3
202000009181,2020-09-14 09:45:00,2020,9,14,9,45,75,75108,PLACE CHARLES DE GAULLE,48.8738159,2.2959058,Plein jour,En agglomération,Place,Normale,Deux véhicules - arrière,4,4,4,0,1,1,1,0,1,50,2,2,1,0,0,1,67.0,29.0,utilitaire_camion,utilitaire_camion,1,2,7,1,2
202000009182,2020-09-14 21:30:00,2020,9,14,21,30,75,75101,RUE DE RIVOLI,48.864517,2.329962,Nuit avec éclairage allumé,En agglomération,Hors intersection,Normale,Sans collision,4,2,3,1,1,1,1,-1,5,50,1,1,0,0,0,1,30.0,,deux_roues,,5,2,1,1,7
202000009183,2020-09-15 12:01:00,2020,9,15,12,1,94,94080,CHATEAU (AV DU),48.84648,2.43659,Plein jour,En agglomération,Hors intersection,Normale,Autre collision,4,2,2,0,1,1,1,0,1,50,1,2,1,0,0,1,80.0,,voiture,,1,2,1,1,6
202000009184,2020-09-15 09:29:00,2020,9,15,9,29,94,94046,REPUBLIQUE (AV DE LA),48.8041,2.4371,Plein jour,En agglomération,Hors intersection,Normale,Deux véhicules - côté,3,2,2,0,1,1,1,0,1,50,2,2,1,0,0,1,64.0,68.0,deux_roues,voiture,1,2,1,1,3
202000009185,2020-09-15 07:40:00,2020,9,15,7,40,94,94028,GAULLE(AVENUE DU GENERAL DE),48.7977,2.44848,Plein jour,En agglomération,Hors intersection,Normale,Autre collision,3,3,2,0,1,1,1,0,1,50,1,2,1,0,0,1,60.0,,voiture,,1,2,1,1,6
202000009186,2020-09-14 18:37:00,2020,9,14,18,37,94,94019,SUCY (R DE),48.78756,2.52052,Plein jour,En agglomération,Intersection en Y,Normale,Deux véhicules - côté,3,2,2,0,2,1,1,0,1,50,2,2,1,0,0,1,37.0,48.0,autre,voiture,1,2,4,1,3
202000009187,2020-09-14 14:05:00,2020,9,14,14,5,94,94017,SALVADOR ALLENDE (AV),48.80941,2.54518,Plein jour,En agglomération,Hors intersection,Normale,Trois véhicules et plus - en chaîne,3,3,2,0,1,1,1,0,1,50,3,3,2,0,0,1,47.0,26.0,voiture,deux_roues,1,2,1,1,4
202000009188,2020-09-14 19:25:00,2020,9,14,19,25,93,93066,SAINT OUEN (QUAI DE ),48.9267483,2.3378244,Plein jour,En agglomération,Hors intersection,Normale,Deux véhicules - arrière,3,2,3,0,1,1,1,8,1,50,2,2,0,1,1,0,51.0,31.0,deux_roues,deux_roues,1,2,1,1,2
202000009189,2020-09-13 14:30:00,2020,9,13,14,30,93,93066,R MAURICE THOREZ ,48.94055,2.34587,Plein jour,En agglomération,Hors intersection,Normale,Deux véhicules - arrière,4,2,2,0,1,1,1,0,1,50,2,3,2,0,0,1,26.0,23.0,voiture,deux_roues,1,2,1,1,2
202000009190,2020-09-15 13:00:00,2020,9,15,13,0,93,93064,QUATRIEME ZOUAVES (RUE DU),48.8742441,2.4824741,Plein jour,En agglomération,Intersection en X,Normale,Autre collision,3,2,2,0,1,1,1,0,1,50,1,2,1,0,0,1,85.0,,voiture,,1,2,2,1,6
202000009191,2020-09-15 17:10:00,2020,9,15,17,10,93,93055,JEAN LOLIVE (AVENUE)(137/FIN ET 134/FIN),48.89332,2.41369,Plein jour,En agglomération,Hors intersection,Normale,Deux véhicules - côté,3,2,4,1,1,1,1,0,1,50,2,2,1,0,0,1,47.0,73.0,deux_roues,voiture,1,2,1,1,3
202000009192,2020-09-15 13:15:00,2020,9,15,13,15,93,93055,JULES AUFFRET (51/FIN ET 56/FIN),48.8875,2.4103,Plein jour,En agglomération,Intersection en T,Normale,Deux véhicules - côté,3,2,2,0,2,1,1,5,1,50,2,2,1,0,0,1,57.0,31.0,deux_roues,voiture,1,2,3,1,3
202000009193,2020-09-15 16:50:00,2020,9,15,16,50,93,93008,BARBUSSE (AVENUE HENRI) A30,48.9081647,2.4268276,Plein jour,En agglomération,Autre intersection,Normale,Deux véhicules - côté,3,1,2,0,1,1,1,0,1,50,2,2,1,0,0,1,27.0,44.0,voiture,deux_roues,1,2,9,1,3
202000009194,2020-09-15 18:14:00,2020,9,15,18,14,93,93048,ANATOLE FRANCE (RUE),48.86193,2.46195,Plein jour,En agglomération,Hors intersection,Normale,Deux véhicules - frontale,4,2,2,0,1,1,1,0,1,50,2,2,1,0,0,1,20.0,23.0,deux_roues,voiture,1,2,1,1,1
202000009195,2020-09-14 16:00:00,2020,9,14,16,0,93,93006,AV GAMBETTA,48.8695,2.4161,Plein jour,En agglomération,Hors intersection,Normale,Deux véhicules - arrière,3,2,2,0,1,1,1,0,3,50,2,2,1,0,0,1,21.0,45.0,deux_roues,voiture,1,2,1,1,2
202000009196,2020-09-14 10:40:00,2020,9,14,10,40,93,93006,R SADI CARNOT / R LAHAYE ADELAIDE,48.86726,2.41819,Plein jour,En agglomération,Intersection en X,Normale,Deux véhicules - côté,3,2,2,0,1,1,1,5,1,50,2,3,2,0,0,1,21.0,26.0,voiture,voiture,1,2,2,1,3
202000009197,2020-09-15 15:50:00,2020,9,15,15,50,93,93031,AV DE LA REPUBLIQUE,48.94799,2.33871,Plein jour,En agglomération,Autre intersection,Normale,,3,3,4,0,1,1,1,0,1,50,2,2,1,0,0,1,30.0,32.0,utilitaire_camion,deux_roues,1,2,9,1,-1
202000009198,2020-09-15 09:25:00,2020,9,15,9,25,93,93072,R D'AMIENS / R DU COLONEL ROL TANGUY,48.958054,2.36584,Plein jour,En agglomération,Intersection en T,Normale,Deux véhicules - côté,3,2,4,0,1,1,1,0,1,50,2,2,1,0,0,1,28.0,31.0,voiture,deux_roues,1,2,3,1,3
202000009199,2020-09-15 08:57:00,2020,9,15,8,57,93,93029,SEDOV,48.9222716,2.4211883,Plein jour,En agglomération,Hors intersection,Normale,Deux véhicules - côté,4,2,2,0,1,1,1,0,1,50,2,2,1,0,0,1,12.0,36.0,deux_roues,utilitaire_camion,1,2,1,1,3
202000009200,2020-09-14 19:10:00,2020,9,14,19,10,93,93029,REPUBLIQUE (DE LA) N° 1-161,48.9216,2.44411,Crépuscule ou aube,En agglomération,Place,Temps éblouissant,Autre collision,4,2,2,0,1,1,1,0,1,50,1,2,1,0,0,1,57.0,,voiture,,2,2,7,7,6
202000009201,2020-09-15 15:30:00,2020,9,15,15,30,93,93010,VARAGNAT (AVENUE HENRI),48.9126201,2.4817678,Plein jour,Hors agglomération,Hors intersection,Normale,Autre collision,3,-1,0,0,1,1,1,9,8,30,1,2,1,0,0,1,18.0,,voiture,,1,1,1,1,6
202000009202,2020-09-15 18:30:00,2020,9,15,18,30,93,93008,VARSOVIE (RUE DE),48.9093331,2.4731653,Plein jour,En agglomération,Intersection en T,Normale,Deux véhicules - arrière,3,2,2,-1,1,1,1,0,1,50,2,2,1,0,0,1,19.0,24.0,voiture,deux_roues,1,2,3,1,2
202000009203,2020-09-14 21:32:00,2020,9,14,21,32,92,92022,PAVE DES GARDES (RUE DU),48.80547,2.18455,Nuit avec éclairage allumé,En agglomération,Hors intersection,Normale,Deux véhicules - côté,3,2,2,0,2,1,1,0,1,50,2,2,1,0,0,1,28.0,29.0,deux_roues,deux_roues,5,2,1,1,3
202000009204,2020-09-15 08:15:00,2020,9,15,8,15,92,92024,CLICHY (QUAI DE) DE (8 A 60),48.9034623,2.2895532,Plein jour,En agglomération,Intersection en X,Normale,Deux véhicules - arrière,3,2,2,0,2,1,1,8,1,50,2,2,1,0,0,1,60.0,52.0,utilitaire_camion,deux_roues,1,2,2,1,2
202000009205,2020-09-15 15:00:00,2020,9,15,15,0,92,92002,CHATENAY (RUE DE),48.761289,2.290944,Plein jour,En agglomération,Giratoire,Normale,Deux véhicules - côté,3,-1,4,0,1,1,1,0,1,50,2,2,1,0,0,1,17.0,68.0,deux_roues,voiture,1,2,6,1,3
202000009206,2020-09-15 18:55:00,2020,9,15,18,55,22,22339,D2,48.509412,-2.08045,Plein jour,Hors agglomération,Hors intersection,Pluie légère,Deux véhicules - frontale,3,2,2,0,2,3,2,0,1,70,2,3,0,0,2,1,30.0,24.0,voiture,voiture,1,1,1,2,1
202000009207,2020-09-15 17:30:00,2020,9,15,17,30,37,37175,Rue du Clos,47.546693,0.7502022,Plein jour,En agglomération,Intersection en T,Normale,Deux véhicules - côté,4,2,2,0,1,1,1,0,1,50,2,2,1,0,1,0,60.0,68.0,voiture,deux_roues,1,2,3,1,3
202000009208,2020-08-06 18:20:00,2020,8,6,18,20,87,87125,Quatre Routes,45.915355,1.335944,Plein jour,Hors agglomération,Intersection en X,Temps éblouissant,Trois véhicules et plus - en chaîne,3,2,2,0,1,2,1,0,1,70,3,7,4,0,1,2,37.0,21.0,voiture,voiture,1,1,2,7,4
202000009209,2020-09-16 14:00:00,2020,9,16,14,0,41,41194,Avenue de Villefranche,47.340054,1.749409,Plein jour,En agglomération,Autre intersection,Normale,Deux véhicules - arrière,4,2,2,0,1,1,1,5,1,50,2,2,1,0,0,1,51.0,52.0,voiture,deux_roues,1,2,9,1,2
202000009210,2020-09-15 16:30:00,2020,9,15,16,30,43,43183,RN102,45.1389729,3.626462,Plein jour,Hors agglomération,Hors intersection,Normale,Deux véhicules - frontale,2,2,2,0,1,3,1,0,1,80,2,2,0,0,2,0,19.0,49.0,voiture,voiture,1,1,1,1,1
202000009211,2020-09-16 09:17:00,2020,9,16,9,17,63,63143,D223,46.028443,3.248402,Plein jour,Hors agglomération,Intersection en X,Normale,Deux véhicules - côté,3,2,3,0,1,1,1,5,1,80,2,3,2,0,0,1,25.0,42.0,deux_roues,voiture,1,1,2,1,3
202000009212,2020-09-15 08:45:00,2020,9,15,8,45,28,28006,Intersection RD 923 - RD 343,48.435675,1.414468,Plein jour,Hors agglomération,Intersection en X,Normale,Deux véhicules - côté,3,1,1,0,1,1,1,0,1,80,2,4,2,1,1,0,80.0,23.0,voiture,utilitaire_camion,1,1,2,1,3
202000009213,2020-09-15 14:45:00,2020,9,15,14,45,91,91665,n20,48.652581,2.273006,Plein jour,En agglomération,Hors intersection,Normale,Deux véhicules - arrière,2,-1,4,0,1,1,1,0,1,50,2,2,1,0,1,0,60.0,40.0,deux_roues,voiture,1,2,1,1,2
202000009214,2020-09-16 04:00:00,2020,9,16,4,0,65,65153,D21,43.237371,0.201101,Nuit sans éclairage public,Hors agglomération,Hors intersection,Normale,Sans collision,3,2,2,0,2,2,1,0,1,80,1,1,0,0,1,0,21.0,,voiture,,3,1,1,1,7
202000009215,2020-09-16 13:15:00,2020,9,16,13,15,72,72008,315 Avenue Nationale,47.913532,0.176035,Plein jour,Hors agglomération,Hors intersection,Normale,Deux véhicules - côté,3,2,1,0,1,1,1,0,6,70,2,2,1,1,0,0,88.0,56.0,voiture,utilitaire_camion,1,1,1,1,3
202000009216,2020-09-16 07:45:00,2020,9,16,7,45,50,50458,La Carrière,49.343817,-1.273706,Plein jour,Hors agglomération,Hors intersection,Normale,Sans collision,2,3,4,0,2,2,1,0,3,110,1,1,0,0,1,0,24.0,,voiture,,1,1,1,1,7
202000009217,2020-09-16 16:25:00,2020,9,16,16,25,30,30232,D23,44.175229,4.483243,Plein jour,Hors agglomération,Hors intersection,Normale,Autre collision,3,2,2,0,2,1,1,0,1,80,1,4,0,0,0,4,39.0,,utilitaire_camion,,1,1,1,1,6
202000009218,2020-09-13 17:25:00,2020,9,13,17,25,74,74190,Chemin Rural de la Biolle,46.088211,6.663288,Plein jour,Hors agglomération,Hors intersection,Normale,Deux véhicules - frontale,3,2,2,0,1,1,1,8,1,80,2,2,1,0,1,0,31.0,41.0,deux_roues,voiture,1,1,1,1,1
202000009219,2020-09-16 13:00:00,2020,9,16,13,0,2A,2A130,Grosseto-Prugna,41.890977,8.804104,Plein jour,En agglomération,Hors intersection,Normale,Autre collision,3,2,2,0,1,1,1,0,1,-1,1,3,1,0,2,0,77.0,,voiture,,1,2,1,1,6
202000009220,2020-09-16 13:00:00,2020,9,16,13,0,82,82127,D957,44.183193,1.084406,Plein jour,Hors agglomération,Hors intersection,Normale,Deux véhicules - frontale,3,2,2,0,1,3,1,0,1,70,2,2,1,0,1,0,27.0,51.0,deux_roues,voiture,1,1,1,1,1
202000009221,2020-09-15 17:45:00,2020,9,15,17,45,69,69162,D43,46.112159,4.64197,Plein jour,Hors agglomération,Intersection en T,Normale,Deux véhicules - frontale,3,2,2,0,2,1,1,0,1,80,2,2,1,0,1,0,27.0,25.0,deux_roues,voiture,1,1,3,1,1
202000009222,2020-09-14 18:05:00,2020,9,14,18,5,61,61095,D25,48.706718,-0.637282,Plein jour,Hors agglomération,Intersection en X,Normale,Deux véhicules - côté,3,2,2,0,1,1,1,0,1,80,2,4,2,0,0,2,20.0,37.0,voiture,voiture,1,1,2,1,3
202000009223,2020-09-15 10:00:00,2020,9,15,10,0,12,12142,D994,44.397011,2.370225,Plein jour,Hors agglomération,Hors intersection,Normale,Deux véhicules - frontale,3,2,1,0,2,2,1,0,1,80,2,2,1,1,0,0,20.0,86.0,voiture,voiture,1,1,1,1,1
202000009224,2020-09-15 16:15:00,2020,9,15,16,15,25,25535,D492,47.132929,6.216309,Plein jour,Hors agglomération,Hors intersection,Normale,Trois véhicules et plus - collisions multiples,3,2,2,0,2,3,1,0,1,80,3,3,1,0,2,0,58.0,52.0,deux_roues,voiture,1,1,1,1,5
202000009225,2020-09-13 10:20:00,2020,9,13,10,20,29,29206,Lieu Dit Brengoel,48.621172,-4.193484,Plein jour,Hors agglomération,Hors intersection,Normale,Sans collision,4,2,2,0,2,1,1,0,1,50,1,1,0,0,1,0,56.0,,deux_roues,,1,1,1,1,7
202000009226,2020-09-16 15:59:00,2020,9,16,15,59,02,02012,D6,49.323654,3.421919,Plein jour,Hors agglomération,Hors intersection,Normale,Deux véhicules - frontale,3,2,2,0,1,1,1,0,1,80,2,3,1,0,1,1,38.0,66.0,voiture,voiture,1,1,1,1,1
202000009227,2020-09-14 17:40:00,2020,9,14,17,40,01,01034,493 Route de Saint Germain,45.756861,5.673789,Plein jour,En agglomération,Intersection en T,Normale,Deux véhicules - arrière,3,2,2,0,1,1,1,0,1,50,2,2,1,0,1,0,17.0,24.0,deux_roues,voiture,1,2,3,1,2
202000009228,2020-09-15 17:15:00,2020,9,15,17,15,70,70442,D27,47.646999,5.754059,Plein jour,Hors agglomération,Hors intersection,Normale,Autre collision,3,2,2,0,1,3,1,0,3,80,1,2,1,0,1,0,20.0,,voiture,,1,1,1,1,6
202000009229,2020-09-14 20:20:00,2020,9,14,20,20,58,58223,D978,47.021483,3.526922,Nuit sans éclairage public,Hors agglomération,Hors intersection,Normale,Sans collision,3,2,2,0,1,1,1,0,3,-1,1,1,0,1,0,0,62.0,,voiture,,3,1,1,1,7
202000009230,2020-09-16 20:00:00,2020,9,16,20,0,72,72223,Rue du 11 Novembre,47.865877,-0.100746,Plein jour,En agglomération,Hors intersection,Normale,Deux véhicules - côté,3,2,2,0,1,1,1,0,1,50,2,4,0,0,0,4,36.0,20.0,utilitaire_camion,utilitaire_camion,1,2,1,1,3
202000009231,2020-09-12 10:15:00,2020,9,12,10,15,72,72046,Départementale 357,47.984234,0.501637,Plein jour,Hors agglomération,Hors intersection,Normale,Autre collision,3,2,2,0,1,1,1,0,3,80,1,2,1,0,0,1,26.0,,utilitaire_camion,,1,1,1,1,6
202000009232,2020-09-16 16:25:00,2020,9,16,16,25,50,50085,Route du Village Adam,48.915823,-1.533,Plein jour,Hors agglomération,Intersection en X,Normale,Trois véhicules et plus - collisions multiples,4,2,2,0,1,1,1,0,1,80,3,6,4,0,1,1,28.0,14.0,voiture,deux_roues,1,1,2,1,5
202000009233,2020-09-15 17:15:00,2020,9,15,17,15,60,60173,D12,49.258941,2.388947,Plein jour,Hors agglomération,Hors intersection,Normale,Deux véhicules - côté,3,2,2,0,1,1,1,0,1,80,2,1,0,0,0,1,41.0,,voiture,,1,1,1,1,3
202000009234,2020-09-15 20:45:00,2020,9,15,20,45,27,27698,Route de la Neuville,49.171141,0.868306,Nuit sans éclairage public,Hors agglomération,Hors intersection,Normale,Sans collision,3,2,2,0,1,3,1,0,1,80,1,1,0,0,1,0,26.0,,deux_roues,,3,1,1,1,7
202000009235,2020-09-15 11:25:00,2020,9,15,11,25,17,17385,Route des Allards,45.952284,-1.251326,Plein jour,Hors agglomération,Hors intersection,Normale,,3,2,2,0,1,3,1,0,1,80,2,2,1,0,1,0,54.0,72.0,utilitaire_camion,deux_roues,1,1,1,1,-1
202000009236,2020-09-15 11:45:00,2020,9,15,11,45,37,37281,68 Rue de la Vallée Coquette,47.421361,0.7824536,Plein jour,En agglomération,Intersection en T,Normale,Autre collision,4,2,2,0,4,1,1,0,1,30,1,1,0,0,0,1,70.0,,utilitaire_camion,,1,2,3,1,6
202000009237,2020-09-09 22:15:00,2020,9,9,22,15,37,37167,215 La Riandiere,47.5528686,0.549084,Nuit sans éclairage public,Hors agglomération,Hors intersection,Normale,Autre collision,3,2,2,0,1,2,1,0,3,80,1,1,0,0,1,0,24.0,,voiture,,3,1,1,1,6
202000009238,2020-09-13 08:30:00,2020,9,13,8,30,68,68375,RN 66,47.773476,7.222084,Plein jour,Hors agglomération,Hors intersection,Normale,Sans collision,2,3,4,0,1,1,1,0,3,110,1,1,0,0,0,1,26.0,,voiture,,1,1,1,1,7
202000009239,2020-09-16 09:40:00,2020,9,16,9,40,78,78575,16 Rue Jean Jaures,48.719759,2.088915,Plein jour,Hors agglomération,Giratoire,Normale,Autre collision,3,2,2,0,1,1,1,0,1,70,1,2,1,0,1,0,84.0,,voiture,,1,1,6,1,6
202000009240,2020-09-15 12:30:00,2020,9,15,12,30,13,13044,33 Cours Camille Pelletan,43.606771,5.064059,Plein jour,En agglomération,Hors intersection,Normale,Deux véhicules - côté,4,1,1,0,1,3,1,0,1,50,2,2,1,0,0,1,26.0,43.0,deux_roues,utilitaire_camion,1,2,1,1,3
202000009241,2020-09-16 14:59:00,2020,9,16,14,59,82,82037,A20,44.1437172,1.5026285,Plein jour,Hors agglomération,Autre intersection,Normale,Deux véhicules - arrière,1,3,4,0,1,1,1,0,2,130,2,2,1,0,1,0,29.0,40.0,voiture,utilitaire_camion,1,1,9,1,2
202000009242,2020-09-12 14:40:00,2020,9,12,14,40,57,57413,A4 PK357+600 sens PARIS/STRASBOURG,49.135424,6.646729,Plein jour,Hors agglomération,Hors intersection,Normale,Sans collision,1,3,4,0,1,1,1,0,3,130,1,2,1,0,1,0,66.0,,voiture,,1,1,1,1,7
202000009243,2020-09-16 01:20:00,2020,9,16,1,20,973,97306,37 rue des frères,5.6684946,-53.7779743,Nuit sans éclairage public,En agglomération,Hors intersection,Normale,Deux véhicules - côté,4,2,2,0,1,1,1,0,1,50,2,3,0,0,2,1,25.0,29.0,voiture,deux_roues,3,2,1,1,3
202000009244,2020-09-15 14:30:00,2020,9,15,14,30,972,97228,466 Route du Calvaire,14.744513,-61.021425,Plein jour,En agglomération,Hors intersection,Normale,Deux véhicules - frontale,9,2,2,0,2,2,1,0,1,50,2,4,2,0,2,0,76.0,17.0,voiture,deux_roues,1,2,1,1,1
202000009245,2020-09-15 11:40:00,2020,9,15,11,40,972,97230,Avenue Raisiniers,14.734342,-60.953887,Plein jour,En agglomération,Hors intersection,Normale,Deux véhicules - frontale,3,1,1,0,2,1,1,0,1,50,2,3,1,0,0,2,26.0,29.0,deux_roues,utilitaire_camion,1,2,1,1,1
202000009246,2020-09-15 16:55:00,2020,9,15,16,55,21,21452,2 Passage Jean de la Fontaine,47.279367,5.107725,Plein jour,En agglomération,Hors intersection,Normale,Autre collision,6,-1,-1,0,1,1,1,0,1,50,1,2,1,0,0,1,31.0,,voiture,,1,2,1,1,6
202000009247,2020-09-13 12:20:00,2020,9,13,12,20,84,84003,Avenue de Viton,43.876644,5.400633,Plein jour,En agglomération,Hors intersection,Normale,Deux véhicules - arrière,3,2,3,0,1,1,1,2,1,50,2,3,2,0,0,1,42.0,26.0,voiture,utilitaire_camion,1,2,1,1,2
202000009248,2020-09-15 08:00:00,2020,9,15,8,0,84,84092,Route de Sorgues (rd 907),43.975125,4.857985,Plein jour,En agglomération,Autre intersection,Normale,Deux véhicules - arrière,3,4,2,0,1,3,1,3,6,70,2,2,1,0,0,1,33.0,44.0,voiture,voiture,1,2,9,1,2
202000009249,2020-01-29 08:25:00,2020,1,29,8,25,59,59350,MOSELLE BOULEVARD N°IMPAIRS,50.6212304,3.0332372,Plein jour,En agglomération,Hors intersection,Normale,Autre collision,7,3,2,0,1,1,2,0,1,50,1,2,1,0,1,0,28.0,,voiture,,1,2,1,1,6
202000009250,2020-01-29 17:25:00,2020,1,29,17,25,56,56260,LE PONTOIS(RUE ALEXANDRE),47.6546667,-2.7566619,Plein jour,En agglomération,Intersection en T,Normale,Deux véhicules - côté,4,2,2,0,2,1,1,0,1,50,2,2,1,0,1,0,47.0,42.0,voiture,deux_roues,1,2,3,1,3
202000009251,2020-01-29 14:45:00,2020,1,29,14,45,51,51454,Avenue de Laon,49.2664269,4.0254319,Plein jour,En agglomération,Hors intersection,Normale,Sans collision,2,1,2,0,1,1,1,0,1,50,1,3,2,0,0,1,41.0,,voiture,,1,2,1,1,7
202000009252,2020-01-29 07:45:00,2020,1,29,7,45,51,51454,Boulevard du Docteur Roux,49.2321871,4.0233387,Crépuscule ou aube,En agglomération,Hors intersection,Normale,Deux véhicules - côté,4,2,2,0,1,1,2,0,1,50,2,3,2,0,0,1,27.0,22.0,voiture,voiture,2,2,1,1,3
202000009253,2020-01-25 14:10:00,2020,1,25,14,10,51,51230,Boulevard de la Motte,49.0461025,3.9571292,Plein jour,En agglomération,Intersection en X,Normale,Sans collision,3,1,2,0,1,1,1,0,1,50,1,1,0,0,1,0,63.0,,deux_roues,,1,2,2,1,7
202000009254,2020-01-28 07:45:00,2020,1,28,7,45,49,49353,BARA,47.44358,-0.4884,Crépuscule ou aube,En agglomération,Hors intersection,Pluie légère,Autre collision,4,2,2,0,1,1,2,0,1,50,1,2,1,0,0,1,46.0,,utilitaire_camion,,2,2,1,2,6
202000009255,2020-01-28 16:52:00,2020,1,28,16,52,47,47001,BERGE (voie sur ),44.19522,0.6119,Plein jour,Hors agglomération,Hors intersection,Normale,Deux véhicules - frontale,2,2,2,0,1,1,1,0,1,70,2,2,1,0,1,0,54.0,49.0,voiture,voiture,1,1,1,1,1
202000009256,2020-01-29 13:50:00,2020,1,29,13,50,45,45302,Rue Louis Aragon - Allée des mélinières,47.934956,1.889568,Plein jour,En agglomération,Intersection en T,Normale,Autre collision,4,2,2,0,1,1,1,0,1,30,1,2,1,0,0,1,76.0,,voiture,,1,2,3,1,6
202000009257,2020-01-29 08:05:00,2020,1,29,8,5,45,45234,Rue de Blois - Rue de Vendôme,47.84521,1.93093,Plein jour,En agglomération,Intersection en T,Normale,Deux véhicules - côté,4,2,2,0,1,1,2,0,1,30,2,2,1,0,0,1,71.0,23.0,voiture,deux_roues,1,2,3,1,3
202000009258,2020-01-28 17:25:00,2020,1,28,17,25,44,44184,Boulevard de Sunderland,47.2708,-2.2422,Crépuscule ou aube,En agglomération,Hors intersection,Normale,Autre collision,4,3,2,0,1,1,1,0,1,50,1,2,1,0,1,0,51.0,,voiture,,2,2,1,1,6
202000009259,2020-01-29 16:50:00,2020,1,29,16,50,44,44162, PERIPHERIQUE,47.245846,-1.621567,Plein jour,Hors agglomération,Hors intersection,Normale,Deux véhicules - arrière,2,2,0,0,1,1,1,0,1,90,2,3,0,0,0,3,64.0,73.0,voiture,voiture,1,1,1,1,2
202000009260,2020-01-28 12:21:00,2020,1,28,12,21,42,42031,Route du Pertuiset,45.41414,4.2363,Plein jour,Hors agglomération,Hors intersection,Normale,Autre collision,3,-1,2,0,2,4,1,0,3,80,1,1,0,0,0,1,45.0,,utilitaire_camion,,1,1,1,1,6
202000009261,2020-01-29 10:20:00,2020,1,29,10,20,35,35278,Avenue Général de Gaulle,48.15298,-1.68623,Plein jour,En agglomération,Intersection en T,Normale,Deux véhicules - côté,4,1,1,1,1,1,1,0,1,30,2,2,1,0,0,1,21.0,83.0,deux_roues,voiture,1,2,3,1,3
202000009262,2020-01-28 13:15:00,2020,1,28,13,15,34,34172,ANDY WARHOL ( RUE ),43.6023,3.90645,Plein jour,En agglomération,Autre intersection,Normale,Deux véhicules - côté,4,1,1,0,1,1,1,0,1,30,2,2,1,0,0,1,37.0,40.0,deux_roues,voiture,1,2,9,1,3
202000009263,2020-01-29 15:10:00,2020,1,29,15,10,33,33162,AVE DU TAILLAN-MEDOC / RUE PAUL DUMONT / RUE DU BRETEIL,44.8798,-0.64755,Plein jour,En agglomération,Intersection en X,Normale,Deux véhicules - côté,4,2,3,0,1,1,1,5,1,50,2,3,2,0,0,1,20.0,42.0,voiture,voiture,1,2,2,1,3
202000009264,2020-01-29 16:50:00,2020,1,29,16,50,33,33075,Boulevard Jacques Chaban-delmas,44.87714,-0.57812,Crépuscule ou aube,En agglomération,Hors intersection,Pluie légère,Autre collision,4,2,4,2,1,1,2,0,1,50,1,2,1,0,1,0,21.0,,voiture,,2,2,1,2,6
202000009265,2020-01-29 07:25:00,2020,1,29,7,25,33,33529,Rue Victor Hugo (D217) / Rue Pierre Dignac - Piétonne traverse rue Victor Hugor vers place Jean Hameau,44.63272,-1.14562,Nuit avec éclairage allumé,En agglomération,Intersection en T,Normale,Autre collision,3,2,2,0,1,1,1,0,1,50,1,2,1,0,0,1,56.0,,voiture,,5,2,3,1,6
202000009266,2020-01-16 12:30:00,2020,1,16,12,30,22,22113,MARECHAL JOFFRE (QUAI DU),48.73198,-3.46511,Plein jour,En agglomération,Hors intersection,Normale,Deux véhicules - arrière,4,1,1,0,1,1,1,0,1,50,2,2,1,0,0,1,48.0,47.0,voiture,voiture,1,2,1,1,2
202000009267,2020-01-28 19:05:00,2020,1,28,19,5,19,19031,MALRAUX (AVENUE ANDRE),45.1645501,1.4933252,Nuit avec éclairage allumé,En agglomération,Hors intersection,Pluie forte,Autre collision,3,2,2,0,1,2,2,0,1,50,1,2,1,0,1,0,74.0,,voiture,,5,2,1,3,6
202000009268,2020-01-29 15:30:00,2020,1,29,15,30,13,13205,JEAN MOULIN (BOULEVARD),43.2888,5.40027,Plein jour,En agglomération,Hors intersection,Normale,Deux véhicules - côté,4,2,6,0,1,1,1,0,4,50,2,2,1,0,0,1,33.0,32.0,deux_roues,utilitaire_camion,1,2,1,1,3
202000009269,2020-01-29 12:12:00,2020,1,29,12,12,13,13202,REPUBLIQUE (RUE DE LA),43.300592,5.370563,Plein jour,En agglomération,Hors intersection,Normale,Autre collision,4,3,4,3,1,1,1,0,1,50,1,3,2,1,0,0,43.0,,utilitaire_camion,,1,2,1,1,6
202000009270,2020-01-29 11:05:00,2020,1,29,11,5,13,13212,CAILLOLS (AVENUE DES),43.303987,5.440744,Plein jour,En agglomération,Hors intersection,Normale,Trois véhicules et plus - en chaîne,4,2,2,0,2,3,1,0,1,50,3,3,2,0,0,1,29.0,21.0,voiture,voiture,1,2,1,1,4