accident_id,datetime,annee,mois,jour,heure,minute,departement,commune_insee,adresse,latitude,longitude,luminosite,agglomeration,intersection,meteo,collision,catr,circ,nbv,vosp,prof,plan,surf,infra,situ,vma,nb_vehicules,nb_usagers,nb_indemnes,nb_tues,nb_blesses_hosp,nb_blesses_legers,age_cond_1,age_cond_2,veh_type_cond_1,veh_type_cond_2,lum_code,agg_code,int_code,atm_code,col_code
202000009546,2020-07-19 01:15:00,2020,7,19,1,15,09,09225,BELPECH ROUTE DE,43.11694,1.63361,Nuit sans éclairage public,Hors agglomération,Hors intersection,Autre,Autre collision,3,2,1,0,1,1,1,0,1,50,1,2,0,0,2,0,28.0,,voiture,,3,1,1,9,6
202000009547,2020-07-18 18:50:00,2020,7,18,18,50,06,06088,DELVALLE (RUE PROF.),43.721384,7.283796,Plein jour,En agglomération,Hors intersection,Normale,Deux véhicules - arrière,4,1,0,0,1,1,1,0,1,50,2,4,1,0,0,3,54.0,41.0,utilitaire_camion,voiture,1,2,1,1,2
202000009548,2020-07-18 17:30:00,2020,7,18,17,30,06,06088,MADELEINE (BD DE LA),43.69624,7.24176,Plein jour,En agglomération,Hors intersection,Normale,Deux véhicules - côté,4,3,4,0,4,1,1,0,1,50,2,2,1,0,0,1,24.0,29.0,voiture,deux_roues,1,2,1,1,3
202000009549,2020-07-18 02:35:00,2020,7,18,2,35,75,75117,PORTE DE CLICHY,48.898726,2.315877,Nuit avec éclairage allumé,En agglomération,Hors intersection,Normale,Trois véhicules et plus - en chaîne,4,1,4,0,1,1,1,0,1,70,3,3,2,0,0,1,32.0,38.0,deux_roues,voiture,5,2,1,1,4
202000009550,2020-07-17 23:50:00,2020,7,17,23,50,75,75113,BOULEVARD PERIPHERIQUE,48.824789,2.384561,Nuit avec éclairage allumé,En agglomération,Intersection en Y,Normale,Deux véhicules - arrière,4,1,4,0,1,1,1,0,1,70,2,5,3,0,0,2,69.0,33.0,voiture,voiture,5,2,4,1,2
202000009551,2020-07-16 14:30:00,2020,7,16,14,30,75,75118,BOULEVARD PERIPHERIQUE,48.900701,2.334452,Plein jour,En agglomération,Hors intersection,Normale,Deux véhicules - côté,4,1,4,0,1,1,1,0,1,70,2,2,1,0,0,1,55.0,29.0,voiture,deux_roues,1,2,1,1,3
202000009552,2020-07-16 13:10:00,2020,7,16,13,10,75,75118,RUE ORDENER,48.890502,2.355299,Plein jour,En agglomération,Intersection en T,Normale,Deux véhicules - arrière,4,2,3,0,1,1,1,0,1,50,2,5,4,0,0,1,29.0,25.0,voiture,deux_roues,1,2,3,1,2
202000009553,2020-07-18 17:50:00,2020,7,18,17,50,75,75118,BOULEVARD BARBES,48.885264,2.349526,Plein jour,En agglomération,Intersection en T,Normale,Autre collision,4,3,4,0,1,1,1,0,1,50,1,1,0,0,0,1,,,,,1,2,3,1,6
202000009554,2020-07-18 15:51:00,2020,7,18,15,51,75,75118,AVENUE DE SAINT OUEN,48.891334,2.326886,Plein jour,En agglomération,Intersection en X,Normale,Deux véhicules - arrière,4,2,4,0,2,1,1,0,1,50,2,2,1,0,0,1,48.0,20.0,voiture,deux_roues,1,2,2,1,2
202000009555,2020-07-18 03:25:00,2020,7,18,3,25,75,75117,AVENUE DE LA PORTE DE CLICHY,48.896921,2.31032,Nuit avec éclairage allumé,En agglomération,Intersection en X,Normale,Deux véhicules - côté,4,2,2,0,1,1,1,0,1,30,2,6,1,0,0,5,25.0,41.0,voiture,voiture,5,2,2,1,3
202000009556,2020-07-18 00:07:00,2020,7,18,0,7,75,75117,AVENUE DE CLICHY,48.884336,2.327047,Nuit avec éclairage allumé,En agglomération,Hors intersection,Normale,Autre collision,4,2,2,1,3,1,1,0,1,30,1,1,0,0,0,1,43.0,,deux_roues,,5,2,1,1,6
202000009557,2020-07-18 16:40:00,2020,7,18,16,40,75,75116,AVENUE DU MAHATMA GANDHI,48.876419,2.264608,Plein jour,En agglomération,Hors intersection,Normale,Autre collision,4,2,2,0,1,1,1,0,1,50,1,1,0,0,0,1,51.0,,deux_roues,,1,2,1,1,6
202000009558,2020-07-18 03:00:00,2020,7,18,3,0,75,75114,BOULEVARD BRUNE,48.827083,2.307811,Nuit avec éclairage allumé,En agglomération,Hors intersection,Normale,Sans collision,4,3,2,0,1,1,1,0,1,50,1,1,0,0,0,1,55.0,,deux_roues,,5,2,1,1,7
202000009559,2020-07-18 16:27:00,2020,7,18,16,27,75,75113,QUAI PANHARD ET LEVASSOR,48.832235,2.379768,Plein jour,En agglomération,Intersection en X,Normale,Deux véhicules - côté,4,2,4,0,1,1,1,0,1,50,2,1,0,0,0,1,21.0,,deux_roues,,1,2,2,1,3
202000009560,2020-07-17 21:30:00,2020,7,17,21,30,75,75113,BOULEVARD PERIPHERIQUE,48.821026,2.377323,Crépuscule ou aube,En agglomération,Intersection en Y,Normale,Trois véhicules et plus - en chaîne,4,1,4,0,1,1,1,0,1,70,3,3,2,0,0,1,22.0,31.0,voiture,voiture,2,2,4,1,4
202000009561,2020-07-18 18:05:00,2020,7,18,18,5,75,75108,RUE DE COURCELLES,48.878028,2.305299,Plein jour,En agglomération,Intersection à plus de 4 branches,Normale,Sans collision,4,2,2,0,1,1,1,0,1,50,1,1,0,0,0,1,61.0,,deux_roues,,1,2,5,1,7
202000009562,2020-07-18 06:00:00,2020,7,18,6,0,75,75104,QUAI DE L HOTEL DE VILLE,48.854594,2.354468,Crépuscule ou aube,En agglomération,Hors intersection,Normale,Sans collision,4,2,6,1,1,1,1,-1,5,30,1,1,0,0,0,1,30.0,,deux_roues,,2,2,1,1,7
202000009563,2020-07-18 20:00:00,2020,7,18,20,0,94,94074,SALVADOR ALLENDE (AV),48.749297,2.464428,Plein jour,En agglomération,Autre intersection,Normale,Autre collision,9,-1,0,0,1,1,1,9,8,10,1,2,1,0,0,1,,,,,1,2,9,1,6
202000009564,2020-07-18 17:45:00,2020,7,18,17,45,93,93078,SCHWEITZER (RUE DU DOCTEUR),48.9589805,2.5427452,Plein jour,En agglomération,Hors intersection,Normale,Autre collision,4,2,0,0,1,1,1,0,1,30,1,2,1,0,0,1,57.0,,voiture,,1,2,1,1,6
202000009565,2020-07-17 17:35:00,2020,7,17,17,35,93,93066,WILSON (AVENUE DU PRESIDENT),48.91057,2.35778,Plein jour,En agglomération,Hors intersection,Normale,Autre collision,3,1,2,3,1,1,1,0,1,50,1,3,1,0,0,2,25.0,,deux_roues,,1,2,1,1,6
202000009566,2020-07-18 18:50:00,2020,7,18,18,50,93,93077,R DU GROS BUISSON / R ALEXIS CARREL,48.89005,2.4925,Plein jour,En agglomération,Intersection en T,Normale,Deux véhicules - frontale,4,2,2,0,1,1,1,0,1,50,2,3,2,0,0,1,24.0,19.0,voiture,deux_roues,1,2,3,1,1
202000009567,2020-07-18 17:45:00,2020,7,18,17,45,93,93077,AV DU GENERAL GALLIENI,48.89318,2.50303,Plein jour,En agglomération,Hors intersection,Normale,Autre collision,4,2,2,1,1,1,1,0,1,30,1,2,1,0,0,1,,,,,1,2,1,1,6
202000009568,2020-07-18 14:45:00,2020,7,18,14,45,93,93053,PARC (RUE DU),48.8945626,2.4437148,Plein jour,En agglomération,Intersection en T,Normale,Deux véhicules - côté,3,1,1,1,2,1,1,0,5,50,2,2,1,0,0,1,48.0,18.0,utilitaire_camion,deux_roues,1,2,3,1,3
202000009569,2020-07-18 01:00:00,2020,7,18,1,0,93,93051,RTE DE NEUILLY,48.8512,2.53432,Nuit avec éclairage allumé,En agglomération,Hors intersection,Normale,Deux véhicules - frontale,3,2,3,0,1,1,1,0,1,50,2,2,1,0,1,0,33.0,17.0,voiture,deux_roues,5,2,1,1,1
202000009570,2020-07-18 05:00:00,2020,7,18,5,0,93,93008,SEMARD (RUE PIERRE),48.9124134,2.4463713,Plein jour,En agglomération,Autre intersection,Normale,Deux véhicules - arrière,3,1,2,0,1,1,1,0,8,50,2,1,0,0,0,1,35.0,,utilitaire_camion,,1,2,9,1,2
202000009571,2020-07-18 18:54:00,2020,7,18,18,54,92,92022,SALENGRO (AVENUE ROGER),48.8055449,2.1842717,Plein jour,En agglomération,Intersection en X,Normale,Deux véhicules - frontale,3,-1,4,0,1,2,1,9,1,50,2,2,1,0,0,1,74.0,50.0,voiture,deux_roues,1,2,2,1,1
202000009572,2020-07-18 09:10:00,2020,7,18,9,10,92,92049,BRIAND AVENUE ARISTIDE N°2 A 114,48.81674,2.32569,Plein jour,En agglomération,Hors intersection,Normale,Sans collision,3,3,8,1,1,1,1,0,1,50,1,1,0,0,0,1,26.0,,deux_roues,,1,2,1,1,7
202000009573,2020-07-17 16:30:00,2020,7,17,16,30,22,22050,Rue du Guinefort,48.446476,-2.069485,Plein jour,En agglomération,Hors intersection,Normale,Deux véhicules - arrière,4,2,2,0,2,1,1,0,1,50,2,2,1,0,1,0,17.0,72.0,deux_roues,voiture,1,2,1,1,2
202000009574,2020-07-06 17:45:00,2020,7,6,17,45,22,22050,Rue Thiers,48.454656,-2.048752,Plein jour,En agglomération,Hors intersection,Normale,Autre collision,3,2,2,0,1,1,1,5,1,50,1,2,1,0,1,0,65.0,,voiture,,1,2,1,1,6
202000009575,2020-07-19 01:30:00,2020,7,19,1,30,02,02060,A29,49.84403,3.087459,Nuit sans éclairage public,Hors agglomération,Hors intersection,Normale,Deux véhicules - arrière,1,3,4,0,1,3,1,0,1,130,2,3,0,0,1,2,41.0,27.0,voiture,voiture,3,1,1,1,2
202000009576,2020-07-18 09:25:00,2020,7,18,9,25,40,40304,Avenue Edmond Rostand,43.663161,-1.420058,Plein jour,En agglomération,Intersection en T,Temps éblouissant,Deux véhicules - côté,3,2,2,2,4,1,1,0,5,-1,2,2,1,0,0,1,52.0,61.0,voiture,deux_roues,1,2,3,7,3
202000009577,2020-07-19 10:10:00,2020,7,19,10,10,77,77141,A4,48.8651611,2.8501556,Plein jour,Hors agglomération,Hors intersection,Normale,Sans collision,1,3,3,0,1,1,1,0,1,130,1,1,0,0,0,1,32.0,,deux_roues,,1,1,1,1,7
202000009578,2020-07-17 13:45:00,2020,7,17,13,45,68,68162,D10,48.13533,7.265918,Plein jour,En agglomération,Intersection en T,Normale,Deux véhicules - côté,3,1,2,0,1,1,1,0,1,50,2,2,1,0,1,0,82.0,21.0,voiture,voiture,1,2,3,1,3
202000009579,2020-07-16 13:00:00,2020,7,16,13,0,974,97412,Route de Bel Air,-21.338688,55.591619,Plein jour,Hors agglomération,Hors intersection,Normale,Sans collision,4,2,2,0,2,1,1,0,3,50,1,1,0,1,0,0,72.0,,voiture,,1,1,1,1,7
202000009580,2020-07-18 19:30:00,2020,7,18,19,30,01,01347,D936,45.961465,4.772487,Plein jour,En agglomération,Intersection en X,Temps éblouissant,Deux véhicules - côté,3,2,2,0,3,3,1,0,1,50,2,3,0,0,0,3,39.0,43.0,voiture,voiture,1,2,2,7,3
202000009581,2020-07-19 10:00:00,2020,7,19,10,0,74,74152,Route de Poisy,45.903859,6.032041,Plein jour,Hors agglomération,Hors intersection,Normale,Trois véhicules et plus - collisions multiples,3,2,2,1,1,1,1,0,1,80,3,3,2,0,1,0,67.0,73.0,voiture,deux_roues,1,1,1,1,5
202000009582,2020-07-19 13:55:00,2020,7,19,13,55,44,44210,N171 - PR 87+600,47.314315,-2.199004,Plein jour,Hors agglomération,Hors intersection,Normale,Sans collision,2,2,2,0,1,1,1,0,1,90,1,1,0,0,1,0,24.0,,deux_roues,,1,1,1,1,7
202000009583,2020-07-17 19:10:00,2020,7,17,19,10,44,44089,Malville,47.346158,-1.86347,Plein jour,Hors agglomération,Autre intersection,Normale,Sans collision,2,3,4,0,1,1,1,3,8,110,1,5,0,0,2,3,35.0,,voiture,,1,1,9,1,7
202000009584,2020-07-18 22:30:00,2020,7,18,22,30,74,74048,Route de Thonon-les-bains,46.277167,6.39974,Nuit sans éclairage public,En agglomération,Intersection en T,Normale,Deux véhicules - frontale,3,2,2,0,1,1,1,0,1,80,2,3,2,0,1,0,27.0,70.0,voiture,voiture,3,2,3,1,1
202000009585,2020-07-19 16:35:00,2020,7,19,16,35,57,57321,D44,48.702216,7.044522,Plein jour,Hors agglomération,Hors intersection,Normale,Deux véhicules - côté,3,2,2,0,3,1,1,0,1,80,2,2,1,1,0,0,24.0,93.0,voiture,deux_roues,1,1,1,1,3
202000009586,2020-07-18 19:30:00,2020,7,18,19,30,62,62566,Rue du Croq Ouest,50.678292,1.867193,Plein jour,En agglomération,Hors intersection,Normale,Autre collision,4,2,2,0,2,1,1,0,3,50,1,1,0,0,0,1,73.0,,deux_roues,,1,2,1,1,6
202000009587,2020-07-18 12:45:00,2020,7,18,12,45,82,82102,D3,44.012293,0.86189,Plein jour,Hors agglomération,Hors intersection,Normale,Sans collision,3,2,2,0,2,2,1,0,1,80,1,1,0,0,1,0,46.0,,deux_roues,,1,1,1,1,7
202000009588,2020-07-19 16:45:00,2020,7,19,16,45,89,89235,Route de Magny,47.4782833,3.9526765,Plein jour,Hors agglomération,Hors intersection,Normale,Autre collision,3,2,2,0,2,1,1,0,3,80,1,5,4,1,0,0,40.0,,voiture,,1,1,1,1,6
202000009589,2020-07-19 12:03:00,2020,7,19,12,3,61,61426,La Soufletiere,48.357504,0.544682,Plein jour,Hors agglomération,Intersection en T,Normale,Deux véhicules - côté,3,2,2,0,1,1,1,0,1,90,2,2,1,0,1,0,22.0,20.0,utilitaire_camion,deux_roues,1,1,3,1,3
202000009590,2020-06-29 12:20:00,2020,6,29,12,20,61,61432,D926,48.758933,0.67405,Plein jour,Hors agglomération,Hors intersection,Normale,Autre collision,3,3,2,0,1,2,1,5,2,90,1,1,0,0,0,1,33.0,,deux_roues,,1,1,1,1,6
202000009591,2020-07-19 11:00:00,2020,7,19,11,0,61,61474,D14,48.763205,0.175781,Plein jour,Hors agglomération,Hors intersection,Normale,Autre collision,3,2,2,0,2,2,1,0,3,90,1,2,0,1,1,0,24.0,,deux_roues,,1,1,1,1,6
202000009592,2020-07-18 16:15:00,2020,7,18,16,15,55,55008,D618,49.243492,5.667143,Plein jour,Hors agglomération,Hors intersection,Normale,Autre collision,3,2,2,0,1,1,1,0,3,80,1,1,0,0,1,0,49.0,,deux_roues,,1,1,1,1,6
202000009593,2020-07-19 16:19:00,2020,7,19,16,19,55,55215,44 Rue General Leclerc,48.513958,5.503177,Plein jour,En agglomération,Hors intersection,Normale,Autre collision,3,2,2,0,1,1,1,9,1,50,1,2,1,0,1,0,51.0,,voiture,,1,2,1,1,6
202000009594,2020-07-18 11:10:00,2020,7,18,11,10,34,34150,Ancienne Route de Sète,43.319316,3.546803,Plein jour,En agglomération,Hors intersection,Normale,Autre collision,3,2,2,0,1,1,1,0,1,50,1,3,1,0,0,2,39.0,,voiture,,1,2,1,1,6
202000009595,2020-07-18 18:45:00,2020,7,18,18,45,22,22181,1 Le Bout du Pont,48.2243029,-3.1782572,Plein jour,En agglomération,Intersection en Y,Temps éblouissant,Deux véhicules - frontale,3,2,2,0,1,2,1,0,1,50,2,5,4,1,0,0,69.0,35.0,deux_roues,voiture,1,2,4,7,1
202000009596,2020-07-18 22:43:00,2020,7,18,22,43,25,25228,20 Rue Armand Japy,47.515476,6.869459,Nuit avec éclairage allumé,En agglomération,Autre intersection,Normale,Sans collision,4,2,2,0,1,1,1,0,1,50,1,1,0,0,1,0,31.0,,deux_roues,,5,2,9,1,7
202000009597,2020-07-19 11:15:00,2020,7,19,11,15,35,35078,D797,48.601921,-1.710879,Plein jour,Hors agglomération,Intersection en X,Temps éblouissant,Deux véhicules - côté,3,2,2,0,1,1,1,5,1,70,2,5,4,0,1,0,29.0,71.0,voiture,voiture,1,1,2,7,3
202000009598,2020-07-19 07:00:00,2020,7,19,7,0,02,02294,N2,49.520667,3.5868,Plein jour,Hors agglomération,Hors intersection,Normale,Sans collision,2,3,2,0,1,2,1,0,8,110,1,1,0,0,0,1,53.0,,voiture,,1,1,1,1,7
202000009599,2020-07-18 10:20:00,2020,7,18,10,20,03,03273,,46.2055257,3.445238,Plein jour,Hors agglomération,Giratoire,Normale,Deux véhicules - côté,3,2,2,0,1,2,1,0,1,70,2,2,1,0,1,0,32.0,64.0,utilitaire_camion,deux_roues,1,1,6,1,3
202000009600,2020-07-18 10:45:00,2020,7,18,10,45,15,15248,chemin chamartel - le Che,45.061215,2.873118,Plein jour,Hors agglomération,Hors intersection,Normale,Deux véhicules - frontale,4,2,2,0,2,1,9,0,8,-1,2,1,0,0,0,1,17.0,,deux_roues,,1,1,1,1,1
202000009601,2020-07-18 12:30:00,2020,7,18,12,30,26,26345,Route de Baume ,44.301282,4.836838,Plein jour,Hors agglomération,Hors intersection,Normale,Autre collision,3,2,2,0,2,2,1,0,3,80,1,1,0,0,1,0,26.0,,voiture,,1,1,1,1,6
202000009602,2020-07-18 15:30:00,2020,7,18,15,30,26,26069,"Route du Col de Rousset, ",44.82553,5.386348,Plein jour,Hors agglomération,Hors intersection,Normale,Trois véhicules et plus - collisions multiples,3,2,2,0,2,4,1,0,1,80,3,3,2,0,0,1,60.0,55.0,voiture,deux_roues,1,1,1,1,5
202000009603,2020-07-19 03:00:00,2020,7,19,3,0,58,58291,D194,46.910794,3.504848,Nuit sans éclairage public,Hors agglomération,Hors intersection,Normale,Autre collision,3,2,2,0,1,1,1,2,8,80,1,3,0,1,2,0,50.0,,voiture,,3,1,1,1,6
202000009604,2020-07-19 11:35:00,2020,7,19,11,35,83,83007,4128 Route de Verignon,43.657658,6.222038,Plein jour,Hors agglomération,Hors intersection,Normale,Deux véhicules - frontale,3,2,2,0,2,3,1,0,1,80,2,4,3,0,1,0,44.0,52.0,deux_roues,voiture,1,1,1,1,1
202000009605,2020-07-17 12:40:00,2020,7,17,12,40,09,09140,D613,42.751113,1.84743,Plein jour,Hors agglomération,Hors intersection,Normale,Sans collision,3,2,2,0,2,3,1,0,8,80,1,4,0,0,1,3,55.0,,voiture,,1,1,1,1,7
202000009606,2020-07-19 12:15:00,2020,7,19,12,15,45,45193,D7-PR 21 + 900,47.765811,2.084763,Plein jour,Hors agglomération,Hors intersection,Normale,Sans collision,3,2,2,0,3,2,1,0,3,80,1,1,0,0,0,1,41.0,,deux_roues,,1,1,1,1,7
202000009607,2020-07-19 05:00:00,2020,7,19,5,0,45,45272,"D 2020, PR 39+100",47.81551,1.927425,Nuit sans éclairage public,Hors agglomération,Hors intersection,Normale,Deux véhicules - frontale,3,2,2,0,1,1,1,0,1,80,2,2,0,0,2,0,33.0,24.0,voiture,voiture,3,1,1,1,1
202000009608,2020-07-19 18:50:00,2020,7,19,18,50,73,73151,D1090,45.5095958,6.0048561,Plein jour,Hors agglomération,Intersection en T,Temps éblouissant,Deux véhicules - côté,1,3,4,-1,1,2,1,5,1,50,2,5,4,0,1,0,64.0,24.0,deux_roues,voiture,1,1,3,7,3
202000009609,2020-07-18 16:15:00,2020,7,18,16,15,43,43140,Route de la Chartreuse,45.056524,3.91506,Plein jour,Hors agglomération,Hors intersection,Normale,Trois véhicules et plus - collisions multiples,3,2,2,0,1,1,1,0,1,80,3,4,3,0,1,0,65.0,51.0,voiture,deux_roues,1,1,1,1,5
202000009610,2020-07-18 21:40:00,2020,7,18,21,40,16,16135,La Procession,45.651518,0.528835,Crépuscule ou aube,Hors agglomération,Hors intersection,Normale,Deux véhicules - frontale,3,2,2,0,1,4,1,0,1,80,2,6,0,0,5,1,32.0,43.0,voiture,voiture,2,1,1,1,1
202000009611,2020-07-17 16:50:00,2020,7,17,16,50,07,07139,Le Chambon de l'Homme,44.756033,4.343628,Plein jour,Hors agglomération,Hors intersection,Vent fort / tempête,Autre collision,3,2,2,0,1,3,1,9,1,80,1,1,0,0,1,0,18.0,,deux_roues,,1,1,1,6,6
202000009612,2020-07-19 02:40:00,2020,7,19,2,40,24,24237,Chemin de la Tour Cyrano,44.888624,0.551162,Nuit sans éclairage public,Hors agglomération,Giratoire,Normale,Autre collision,2,1,2,0,1,2,1,0,3,80,1,1,0,0,1,0,28.0,,voiture,,3,1,6,1,6
202000009613,2020-06-17 17:45:00,2020,6,17,17,45,37,37231,D69,47.5522225,0.4377567,Plein jour,Hors agglomération,Intersection en X,Normale,Deux véhicules - côté,3,2,2,0,1,1,1,0,1,80,2,2,0,0,0,2,33.0,38.0,voiture,voiture,1,1,2,1,3
202000009614,2020-07-17 19:10:00,2020,7,17,19,10,37,37231,,47.5971347,0.5268288,Plein jour,Hors agglomération,Hors intersection,Temps éblouissant,Deux véhicules - côté,3,2,2,0,1,1,1,0,1,80,2,2,1,0,1,0,71.0,18.0,utilitaire_camion,deux_roues,1,1,1,7,3
202000009615,2020-07-19 11:15:00,2020,7,19,11,15,30,30009,D999,43.978487,3.417006,Plein jour,Hors agglomération,Hors intersection,Normale,Deux véhicules - frontale,3,2,2,0,2,2,1,0,1,80,2,2,1,0,1,0,21.0,66.0,voiture,deux_roues,1,1,1,1,1
202000009616,2020-07-18 19:45:00,2020,7,18,19,45,48,48075,D31,44.382582,3.520818,Plein jour,Hors agglomération,Hors intersection,Normale,Sans collision,3,2,2,0,2,1,1,0,3,80,1,2,0,0,1,1,52.0,,deux_roues,,1,1,1,1,7
202000009617,2020-07-18 18:00:00,2020,7,18,18,0,18,18190,A71,47.128582,2.189104,Plein jour,Hors agglomération,Hors intersection,Normale,Sans collision,1,3,4,0,1,1,1,0,3,130,1,3,0,0,0,3,54.0,,voiture,,1,1,1,1,7
202000009618,2020-07-18 15:10:00,2020,7,18,15,10,74,74064,Route de Cluses,46.082191,6.579781,Plein jour,Hors agglomération,Hors intersection,Normale,Deux véhicules - arrière,3,2,3,0,3,2,1,0,1,90,2,2,1,0,1,0,39.0,70.0,voiture,utilitaire_camion,1,1,1,1,2
202000009619,2020-07-19 11:10:00,2020,7,19,11,10,69,69264,A6,45.998178,4.735714,Plein jour,Hors agglomération,Hors intersection,Normale,,1,3,4,0,1,1,1,2,1,130,3,8,7,0,0,1,26.0,48.0,voiture,voiture,1,1,1,1,-1
202000009620,2020-07-18 10:00:00,2020,7,18,10,0,13,13118,A8,43.552296,5.248117,Plein jour,Hors agglomération,Hors intersection,Normale,Trois véhicules et plus - en chaîne,1,3,3,0,1,1,1,0,1,130,5,16,15,0,1,0,49.0,32.0,voiture,voiture,1,1,1,1,4
202000009621,2020-07-18 23:50:00,2020,7,18,23,50,988,98833,RPN3/KOUAOUA,-21.438239,165.82445,Nuit sans éclairage public,Hors agglomération,Hors intersection,Normale,Autre collision,3,2,2,0,1,1,1,0,3,90,1,1,0,0,1,0,65.0,,utilitaire_camion,,3,1,1,1,6
202000009622,2020-07-19 08:30:00,2020,7,19,8,30,78,78164,Route de Saint Arnoult,48.597292,1.928022,Plein jour,Hors agglomération,Hors intersection,Normale,Autre collision,3,2,2,0,2,3,1,0,3,80,1,1,0,1,0,0,22.0,,voiture,,1,1,1,1,6
202000009623,2020-07-19 12:00:00,2020,7,19,12,0,2B,2B042,route des marines de BORGO - à hauteur du 4674 entrée du lotssement des sables de BIGUGLIA,42.596186,9.496908,Plein jour,En agglomération,Autre intersection,Normale,Deux véhicules - côté,3,2,2,0,1,1,1,0,1,50,2,2,1,0,1,0,30.0,55.0,deux_roues,voiture,1,2,9,1,3
202000009624,2020-07-19 18:15:00,2020,7,19,18,15,30,30130,RD 278,44.318099,3.966628,Plein jour,Hors agglomération,Hors intersection,Normale,Deux véhicules - frontale,3,-1,2,0,2,2,1,0,1,50,2,2,1,0,1,0,24.0,58.0,deux_roues,voiture,1,1,1,1,1
202000009625,2020-07-18 16:50:00,2020,7,18,16,50,69,69239,D313,45.909355,4.514107,Plein jour,Hors agglomération,Hors intersection,Normale,Sans collision,3,2,2,0,1,3,1,0,1,90,1,1,0,0,1,0,29.0,,voiture,,1,1,1,1,7
202000009626,2020-07-19 04:30:00,2020,7,19,4,30,85,85298,Le Moulin de la Flaivière,46.58805,-1.73015,Nuit sans éclairage public,Hors agglomération,Hors intersection,Normale,Sans collision,4,2,2,0,2,4,1,0,1,80,1,1,0,0,1,0,18.0,,deux_roues,,3,1,1,1,7
202000009627,2020-07-19 01:15:00,2020,7,19,1,15,85,85003,Route de Martinet,46.70155,-1.65736,Nuit sans éclairage public,Hors agglomération,Intersection en X,Normale,Deux véhicules - côté,3,2,-1,-1,3,1,1,0,1,-1,2,4,1,0,3,0,40.0,36.0,voiture,utilitaire_camion,3,1,2,1,3
202000009628,2020-07-19 08:20:00,2020,7,19,8,20,72,72154,Boulevard de Montréal,47.697738,-0.074702,Plein jour,En agglomération,Hors intersection,Temps éblouissant,Deux véhicules - côté,3,2,2,0,1,1,1,0,1,-1,2,2,1,0,1,0,16.0,18.0,deux_roues,voiture,1,2,1,7,3
202000009629,2020-07-19 19:00:00,2020,7,19,19,0,14,14289,D63,48.889552,-0.115528,Plein jour,Hors agglomération,Intersection en X,Normale,Deux véhicules - arrière,3,2,1,0,2,3,1,0,1,70,2,2,1,0,0,1,29.0,42.0,deux_roues,utilitaire_camion,1,1,2,1,2
202000009630,2020-07-18 17:20:00,2020,7,18,17,20,29,29057,D783 - 114 Lieu Dit Kerdiles,47.933119,-3.984502,Plein jour,Hors agglomération,Hors intersection,Normale,Trois véhicules et plus - collisions multiples,3,2,2,0,1,1,1,0,1,70,3,4,3,0,1,0,21.0,66.0,voiture,voiture,1,1,1,1,5
202000009631,2020-07-18 14:00:00,2020,7,18,14,0,35,35098,l'hotel roux,47.7548028,-1.6819899,Plein jour,Hors agglomération,Hors intersection,Normale,Sans collision,3,2,2,0,1,4,1,0,1,80,1,3,0,0,0,3,20.0,,utilitaire_camion,,1,1,1,1,7
202000009632,2020-06-18 18:00:00,2020,6,18,18,0,19,19275,R.D. 982 SUD,45.51577,2.30493,Plein jour,Hors agglomération,Hors intersection,Pluie légère,Sans collision,3,2,2,0,2,2,2,0,3,90,1,1,0,0,0,1,79.0,,voiture,,1,1,1,2,7
202000009633,2020-06-18 23:00:00,2020,6,18,23,0,13,13206,PRADO (AVENUE DU),43.2697462,5.3868601,Nuit avec éclairage allumé,En agglomération,Intersection en T,Normale,Deux véhicules - côté,4,2,2,0,1,1,1,0,1,50,2,3,1,0,0,2,19.0,51.0,deux_roues,voiture,5,2,3,1,3
202000009634,2020-06-18 11:50:00,2020,6,18,11,50,13,13201,RIVE NEUVE (QUAI DE),43.2923,5.3657,Plein jour,En agglomération,Hors intersection,Normale,Deux véhicules - côté,7,2,4,0,1,1,1,0,1,50,2,2,1,0,0,1,22.0,65.0,voiture,deux_roues,1,2,1,1,3
202000009635,2020-06-18 12:50:00,2020,6,18,12,50,13,13203,NATIONAL (BOULEVARD),43.308913,5.380598,Plein jour,En agglomération,Hors intersection,Normale,Autre collision,4,1,1,3,2,1,1,0,6,50,1,1,0,0,0,1,,,,,1,2,1,1,6
202000009636,2020-06-18 10:30:00,2020,6,18,10,30,13,13211,SAINT MARCEL (BOULEVARD DE ),43.287658,5.464816,Plein jour,En agglomération,Hors intersection,Normale,Deux véhicules - arrière,3,-1,2,0,1,1,1,0,1,50,2,2,1,0,0,1,33.0,90.0,deux_roues,utilitaire_camion,1,2,1,1,2
202000009637,2020-06-18 07:10:00,2020,6,18,7,10,13,13202,CHEMIN DU LITTORAL (CHEMIN DU),43.3357795,5.3543699,Plein jour,En agglomération,Hors intersection,Normale,Trois véhicules et plus - en chaîne,3,2,2,0,1,3,1,9,1,50,3,6,2,0,0,4,23.0,40.0,voiture,voiture,1,2,1,1,4
202000009638,2020-06-17 19:10:00,2020,6,17,19,10,13,13207,CORDERIE (BOULEVARD DE LA),43.290343,5.369125,Plein jour,En agglomération,Hors intersection,Normale,Trois véhicules et plus - collisions multiples,4,2,4,3,2,1,1,0,1,50,3,3,2,0,0,1,38.0,19.0,voiture,deux_roues,1,2,1,1,5