accident_id,datetime,annee,mois,jour,heure,minute,departement,commune_insee,adresse,latitude,longitude,luminosite,agglomeration,intersection,meteo,collision,catr,circ,nbv,vosp,prof,plan,surf,infra,situ,vma,nb_vehicules,nb_usagers,nb_indemnes,nb_tues,nb_blesses_hosp,nb_blesses_legers,age_cond_1,age_cond_2,veh_type_cond_1,veh_type_cond_2,lum_code,agg_code,int_code,atm_code,col_code
202000009639,2020-06-17 07:45:00,2020,6,17,7,45,13,13208,ALAIN SAVARY (ROND-POINT),43.2459212,5.394611,Plein jour,En agglomération,Giratoire,Normale,Autre collision,4,1,2,0,1,2,1,0,1,50,1,2,1,0,0,1,36.0,,voiture,,1,2,6,1,6
202000009640,2020-06-16 08:40:00,2020,6,16,8,40,13,13201,DUGOMMIER (BOULEVARD)     1 A 29,43.29764,5.38104,Plein jour,En agglomération,Intersection en X,Normale,Deux véhicules - côté,4,2,4,0,1,1,1,0,1,50,2,2,0,0,0,2,51.0,41.0,deux_roues,autre,1,2,2,1,3
202000009641,2020-06-16 21:00:00,2020,6,16,21,0,11,11262,CAMELLE (RUE CALIXTE),43.188243,3.012101,Crépuscule ou aube,En agglomération,Intersection en T,Normale,Sans collision,4,2,2,0,1,1,1,0,1,50,1,2,1,0,0,1,18.0,,deux_roues,,2,2,3,1,7
202000009642,2020-06-18 08:55:00,2020,6,18,8,55,10,10387,MARIE DE CHAMPAGNE (RUE),48.307018,4.059628,Plein jour,En agglomération,Giratoire,Normale,Deux véhicules - côté,4,2,2,0,1,2,1,5,1,50,2,2,1,0,0,1,37.0,43.0,deux_roues,voiture,1,2,6,1,3
202000009643,2020-06-18 14:55:00,2020,6,18,14,55,06,06088,VEROLA (AV. AUGUSTE),43.7105,7.1896,Plein jour,En agglomération,Hors intersection,Normale,Autre collision,7,1,2,0,1,1,1,9,1,50,1,1,0,0,1,0,,,,,1,2,1,1,6
202000009644,2020-06-18 14:15:00,2020,6,18,14,15,06,06088,GIOFFREDO (R.),43.7013,7.275921,Plein jour,En agglomération,Hors intersection,Normale,Deux véhicules - arrière,4,1,2,1,1,1,1,0,1,30,2,2,1,0,0,1,54.0,18.0,voiture,deux_roues,1,2,1,1,2
202000009645,2020-06-18 02:38:00,2020,6,18,2,38,06,06088,CROTTI (DESCENTE),43.6973,7.2737,Nuit avec éclairage allumé,En agglomération,Hors intersection,Normale,Sans collision,4,2,2,1,2,2,1,0,1,50,1,2,1,0,0,1,22.0,,voiture,,5,2,1,1,7
202000009646,2020-06-19 00:10:00,2020,6,19,0,10,06,06083,"SERRES DE LA MADONE (ROUTE DES, N° 115 E",43.775199,7.474291,Nuit avec éclairage allumé,En agglomération,Hors intersection,Normale,Deux véhicules - frontale,4,2,2,0,2,4,1,0,1,50,2,2,0,0,1,1,26.0,19.0,voiture,voiture,5,2,1,1,1
202000009647,2020-06-18 08:40:00,2020,6,18,8,40,06,06069,VICTORIA (AVENUE ET TRAVERSE),43.666618,6.93645,Plein jour,En agglomération,Hors intersection,Normale,Deux véhicules - frontale,3,2,2,0,1,1,1,0,1,50,2,2,1,0,0,1,41.0,54.0,voiture,voiture,1,2,1,1,1
202000009648,2020-06-17 15:30:00,2020,6,17,15,30,05,05061,Bernard GIVAUDAN (Avenue) D900B,44.5431,6.06513,Plein jour,En agglomération,Giratoire,Normale,Deux véhicules - côté,3,2,2,0,1,1,1,5,1,50,2,2,1,0,0,1,71.0,16.0,voiture,deux_roues,1,2,6,1,3
202000009649,2020-06-14 11:45:00,2020,6,14,11,45,04,04112,379 av Georges Pompidou,43.82442,5.784461,Plein jour,En agglomération,Hors intersection,Normale,Autre collision,4,2,2,0,1,1,1,5,1,30,1,2,1,0,1,0,39.0,,utilitaire_camion,,1,2,1,1,6
202000009650,2020-06-18 16:35:00,2020,6,18,16,35,01,01053,SAINT NICOLAS ( BD ) IMPAIR,46.20294,5.23334,Plein jour,En agglomération,Hors intersection,Normale,Trois véhicules et plus - collisions multiples,3,2,2,1,4,1,1,0,1,50,3,5,4,0,0,1,45.0,21.0,utilitaire_camion,voiture,1,2,1,1,5
202000009651,2020-06-18 09:00:00,2020,6,18,9,0,75,75118,PORTE DE CLIGNANCOURT,48.901047,2.344,Plein jour,En agglomération,Hors intersection,Normale,Trois véhicules et plus - collisions multiples,4,1,4,0,1,1,1,0,1,70,3,3,2,0,0,1,36.0,29.0,voiture,deux_roues,1,2,1,1,5
202000009652,2020-06-18 07:20:00,2020,6,18,7,20,75,75119,PORTE DES LILAS,48.882809,2.400819,Plein jour,En agglomération,Hors intersection,Normale,Deux véhicules - côté,4,1,4,0,1,1,1,0,1,70,2,3,2,0,0,1,32.0,33.0,voiture,deux_roues,1,2,1,1,3
202000009653,2020-06-17 18:20:00,2020,6,17,18,20,75,75117,PORTE D ASNIERES,48.889591,2.297417,Plein jour,En agglomération,Hors intersection,Normale,Deux véhicules - arrière,4,1,4,0,1,1,1,0,1,50,2,2,1,0,1,0,39.0,52.0,utilitaire_camion,deux_roues,1,2,1,1,2
202000009654,2020-06-15 13:55:00,2020,6,15,13,55,75,75119,BOULEVARD PERIPHERIQUE,48.892924,2.395445,Plein jour,En agglomération,Intersection en Y,Normale,Deux véhicules - arrière,4,1,4,0,1,1,1,0,1,70,2,5,3,0,0,2,48.0,35.0,utilitaire_camion,utilitaire_camion,1,2,4,1,2
202000009655,2020-06-18 09:10:00,2020,6,18,9,10,75,75101,RUE DE RIVOLI,48.865296,2.327295,Plein jour,En agglomération,Intersection en T,Normale,Deux véhicules - côté,4,2,5,1,1,1,1,5,1,50,2,2,1,0,1,0,31.0,42.0,deux_roues,deux_roues,1,2,3,1,3
202000009656,2020-06-18 05:01:00,2020,6,18,5,1,75,75101,QUAI FRANCOIS MITTERRAND,48.860111,2.333348,Crépuscule ou aube,En agglomération,Intersection en X,Normale,Deux véhicules - côté,4,1,5,0,1,1,1,0,1,50,2,3,2,0,1,0,18.0,59.0,deux_roues,voiture,2,2,2,1,3
202000009657,2020-06-18 20:55:00,2020,6,18,20,55,75,75120,RUE DES GRANDS CHAMPS,48.851659,2.407002,Plein jour,En agglomération,Intersection en X,Normale,Deux véhicules - côté,4,2,2,0,1,1,1,-1,5,50,2,2,1,0,0,1,36.0,39.0,deux_roues,deux_roues,1,2,2,1,3
202000009658,2020-06-18 16:50:00,2020,6,18,16,50,75,75119,RUE DE BELLEVILLE,48.872417,2.378097,Plein jour,En agglomération,Intersection en Y,Normale,Autre collision,4,2,2,3,2,1,1,0,1,50,1,2,1,0,0,1,24.0,,deux_roues,,1,2,4,1,6
202000009659,2020-06-18 18:45:00,2020,6,18,18,45,75,75119,BOULEVARD SERURIER,48.895264,2.394158,Plein jour,En agglomération,Hors intersection,Normale,Sans collision,4,2,2,0,1,1,2,0,1,50,1,1,0,0,0,1,56.0,,deux_roues,,1,2,1,1,7
202000009660,2020-06-18 02:38:00,2020,6,18,2,38,75,75118,BOULEVARD DE CLICHY,48.88442,2.330552,Nuit avec éclairage allumé,En agglomération,Intersection en T,Normale,Autre collision,4,1,2,3,1,1,1,0,1,50,1,2,1,0,0,1,26.0,,voiture,,5,2,3,1,6
202000009661,2020-06-18 04:15:00,2020,6,18,4,15,75,75116,PLACE DE LA PORTE D AUTEUIL,48.848112,2.259021,Nuit avec éclairage allumé,En agglomération,Place,Normale,Deux véhicules - côté,4,-1,0,0,1,1,1,0,1,50,2,1,0,0,0,1,54.0,,utilitaire_camion,,5,2,7,1,3
202000009662,2020-06-17 18:50:00,2020,6,17,18,50,75,75116,RUE DE LONGCHAMP,48.867338,2.277874,Plein jour,En agglomération,Hors intersection,Normale,Deux véhicules - arrière,4,2,2,0,1,1,1,0,1,50,2,2,1,0,0,1,37.0,76.0,voiture,deux_roues,1,2,1,1,2
202000009663,2020-05-30 13:50:00,2020,5,30,13,50,75,75116,PLACE DU TROCADERO ET DU 11 NOVEMBRE,48.8634108,2.286952,Plein jour,En agglomération,Place,Normale,Deux véhicules - côté,4,1,5,0,1,2,1,0,1,50,2,3,2,0,0,1,47.0,29.0,voiture,deux_roues,1,2,7,1,3
202000009664,2020-06-18 07:50:00,2020,6,18,7,50,75,75114,AVENUE DE LA PORTE DE CHATILLON,48.823855,2.317716,Plein jour,En agglomération,Intersection en T,Normale,Deux véhicules - côté,4,2,2,3,1,1,1,0,1,50,2,2,1,0,0,1,60.0,45.0,deux_roues,voiture,1,2,3,1,3
202000009665,2020-06-17 22:38:00,2020,6,17,22,38,75,75114,BOULEVARD ARAGO,48.834559,2.335732,Nuit avec éclairage allumé,En agglomération,Hors intersection,Normale,Autre collision,4,3,2,0,1,1,1,0,1,50,1,1,0,0,1,0,50.0,,deux_roues,,5,2,1,1,6
202000009666,2020-06-17 19:10:00,2020,6,17,19,10,75,75114,RUE DU COMMANDANT RENE MOUCHOTTE,48.838821,2.320464,Plein jour,En agglomération,Hors intersection,Normale,Deux véhicules - côté,4,2,2,0,1,1,1,8,1,50,2,2,1,0,0,1,26.0,47.0,deux_roues,voiture,1,2,1,1,3
202000009667,2020-06-17 16:45:00,2020,6,17,16,45,75,75114,BOULEVARD BRUNE,48.827083,2.307831,Plein jour,En agglomération,Hors intersection,Normale,Deux véhicules - côté,4,3,8,1,1,1,1,-1,5,50,2,2,1,0,0,1,58.0,17.0,utilitaire_camion,deux_roues,1,2,1,1,3
202000009668,2020-06-18 19:35:00,2020,6,18,19,35,75,75113,RUE DES PEUPLIERS,48.821597,2.35255,Plein jour,En agglomération,Intersection en X,Normale,Deux véhicules - côté,4,2,2,0,1,1,1,0,1,50,2,2,1,0,0,1,24.0,26.0,deux_roues,deux_roues,1,2,2,1,3
202000009669,2020-06-18 09:35:00,2020,6,18,9,35,75,75112,RUE FABRE D EGLANTINE,48.847853,2.395827,Plein jour,En agglomération,Place,Normale,Deux véhicules - côté,4,3,3,2,1,1,1,0,1,50,2,1,0,0,0,1,51.0,,deux_roues,,1,2,7,1,3
202000009670,2020-06-18 10:57:00,2020,6,18,10,57,75,75111,BOULEVARD VOLTAIRE,48.858242,2.379375,Plein jour,En agglomération,Place,Normale,,4,3,2,1,1,1,1,-1,5,50,2,2,1,0,0,1,36.0,,deux_roues,,1,2,7,1,-1
202000009671,2020-06-18 08:50:00,2020,6,18,8,50,75,75109,RUE DE LA CHAUSSEE D ANTIN,48.876252,2.331866,Plein jour,En agglomération,Intersection en X,Normale,Autre collision,4,1,2,1,1,1,1,0,1,30,1,2,1,0,0,1,24.0,,deux_roues,,1,2,2,1,6
202000009672,2020-06-17 15:25:00,2020,6,17,15,25,75,75109,RUE HALEVY,48.871123,2.332299,Plein jour,En agglomération,Place,Normale,Deux véhicules - arrière,4,1,2,0,1,1,1,0,1,50,2,2,1,0,0,1,41.0,56.0,deux_roues,voiture,1,2,7,1,2
202000009673,2020-06-18 20:20:00,2020,6,18,20,20,75,75108,RUE DE BASSANO,48.871396,2.299985,Plein jour,En agglomération,Intersection en X,Normale,Deux véhicules - côté,4,1,2,0,1,1,1,0,1,50,2,2,1,0,0,1,55.0,53.0,deux_roues,voiture,1,2,2,1,3
202000009674,2020-06-18 09:23:00,2020,6,18,9,23,75,75107,PLACE DE LA RESISTANCE,48.862297,2.301953,Plein jour,En agglomération,Place,Normale,Deux véhicules - arrière,4,2,8,0,1,1,1,0,1,50,2,2,1,0,0,1,40.0,40.0,voiture,deux_roues,1,2,7,1,2
202000009675,2020-06-18 18:00:00,2020,6,18,18,0,75,75103,RUE DU PARC ROYAL,48.858347,2.363845,Plein jour,En agglomération,Intersection en T,Normale,Sans collision,4,1,1,0,1,1,1,0,1,30,1,1,0,0,0,1,19.0,,deux_roues,,1,2,3,1,7
202000009676,2020-06-17 22:45:00,2020,6,17,22,45,94,94081,FONTAINEBLEAU (RTE DE),48.776402,2.367665,Nuit avec éclairage allumé,En agglomération,Hors intersection,Normale,Deux véhicules - arrière,3,2,4,0,1,1,1,0,1,50,2,2,1,0,0,1,47.0,57.0,voiture,voiture,5,2,1,1,2
202000009677,2020-06-18 22:45:00,2020,6,18,22,45,94,94081,FONTAINEBLEAU (RTE DE),48.776637,2.36765,Nuit avec éclairage allumé,En agglomération,Hors intersection,Normale,Deux véhicules - arrière,3,1,1,0,1,1,1,0,1,50,2,2,1,0,0,1,47.0,57.0,voiture,voiture,5,2,1,1,2
202000009678,2020-06-18 14:00:00,2020,6,18,14,0,94,94028,TASSIGNY(AVE DU MARECHAL DE LATTRE DE),48.799008,2.4538464,Plein jour,En agglomération,Hors intersection,Pluie légère,Autre collision,3,2,0,0,1,1,2,0,1,50,1,2,0,0,0,2,35.0,,deux_roues,,1,2,1,2,6
202000009679,2020-06-16 14:00:00,2020,6,16,14,0,93,93066,CYGNE,48.9354327,2.3573085,Plein jour,En agglomération,Hors intersection,Normale,Deux véhicules - arrière,4,-1,1,0,1,1,1,0,1,30,2,2,1,0,0,1,46.0,42.0,utilitaire_camion,utilitaire_camion,1,2,1,1,2
202000009680,2020-06-18 19:15:00,2020,6,18,19,15,93,93051,AV PAVE NEUF,48.8403715,2.5590863,Plein jour,En agglomération,Giratoire,Normale,Deux véhicules - arrière,3,1,1,0,1,3,1,0,1,50,2,2,1,0,1,0,41.0,48.0,voiture,voiture,1,2,6,1,2
202000009681,2020-06-18 11:05:00,2020,6,18,11,5,93,93049,GALLIENI (BOULEVARD),48.8533,2.5152,Plein jour,En agglomération,Hors intersection,Normale,Sans collision,3,3,4,0,1,1,1,-1,6,50,1,3,1,0,0,2,24.0,,transport_commun,,1,2,1,1,7
202000009682,2020-06-18 14:20:00,2020,6,18,14,20,93,93048,HENRI BARBUSSE (BOULEVARD),48.8684,2.4415,Plein jour,En agglomération,Intersection en X,Normale,Deux véhicules - côté,3,2,1,0,2,1,1,0,1,50,2,2,1,0,0,1,66.0,22.0,voiture,deux_roues,1,2,2,1,3
202000009683,2020-06-18 11:50:00,2020,6,18,11,50,93,93048,ROSNY (RUE DE),48.8606422,2.4439377,Plein jour,En agglomération,Intersection en T,Normale,Deux véhicules - côté,4,2,2,0,4,1,1,0,1,50,2,3,1,0,0,2,62.0,34.0,voiture,deux_roues,1,2,3,1,3
202000009684,2020-06-18 14:15:00,2020,6,18,14,15,93,93031,FOCH (BOULEVARD),48.9472,2.3341617,Plein jour,En agglomération,Hors intersection,Normale,Deux véhicules - arrière,3,-1,4,0,1,1,1,8,1,50,2,2,1,0,0,1,33.0,21.0,deux_roues,autre,1,2,1,1,2
202000009685,2020-06-18 18:30:00,2020,6,18,18,30,92,92026,GEORGES CLEMENCEAU,48.9028,2.2735,Plein jour,En agglomération,Hors intersection,Normale,Deux véhicules - côté,3,2,2,0,1,1,1,0,1,50,2,2,1,0,0,1,89.0,27.0,voiture,deux_roues,1,2,1,1,3
202000009686,2020-06-17 01:51:00,2020,6,17,1,51,92,92060,MOULIN FIDEL (RUE DU),48.7755992,2.2631202,Nuit avec éclairage allumé,En agglomération,Intersection en T,Normale,Autre collision,4,1,1,0,1,1,1,0,1,30,1,1,0,1,0,0,29.0,,deux_roues,,5,2,3,1,6
202000009687,2020-06-18 16:20:00,2020,6,18,16,20,60,60623,Rue d'Hémécourt,49.5498301,1.850281,Plein jour,En agglomération,Intersection en Y,Normale,Deux véhicules - frontale,4,2,2,0,1,1,1,0,1,50,2,2,1,0,1,0,13.0,29.0,deux_roues,voiture,1,2,4,1,1
202000009688,2020-06-19 08:55:00,2020,6,19,8,55,95,95134,D301,49.135318,2.255352,Plein jour,Hors agglomération,Hors intersection,Normale,Trois véhicules et plus - en chaîne,3,3,2,0,1,1,1,3,1,90,3,4,2,0,0,2,29.0,33.0,voiture,voiture,1,1,1,1,4
202000009689,2020-06-19 08:20:00,2020,6,19,8,20,83,83058,Route de Salernes,43.544773,6.315331,Plein jour,Hors agglomération,Hors intersection,Temps éblouissant,Deux véhicules - côté,3,2,2,3,3,1,1,0,1,80,2,3,1,0,1,1,59.0,42.0,utilitaire_camion,utilitaire_camion,1,1,1,7,3
202000009690,2020-06-16 18:50:00,2020,6,16,18,50,86,86260,D72,46.9102359,0.3526746,Plein jour,Hors agglomération,Intersection en X,Pluie forte,Deux véhicules - côté,3,2,4,0,1,1,2,0,1,80,2,2,1,0,1,0,75.0,74.0,voiture,voiture,1,1,2,3,3
202000009691,2020-06-17 14:00:00,2020,6,17,14,0,06,06019,D2204,43.771955,7.333036,Plein jour,En agglomération,Intersection en T,Normale,Deux véhicules - côté,3,2,2,0,1,2,1,0,1,50,2,3,2,0,0,1,52.0,33.0,voiture,voiture,1,2,3,1,3
202000009692,2020-06-18 19:15:00,2020,6,18,19,15,28,28173,44 grande rue,48.469905,1.537861,Plein jour,En agglomération,Hors intersection,Normale,Deux véhicules - côté,3,2,2,0,1,1,1,0,1,50,2,2,1,0,1,0,37.0,34.0,voiture,deux_roues,1,2,1,1,3
202000009693,2020-06-19 14:45:00,2020,6,19,14,45,60,60479,Route Departementale 136,49.207231,2.857958,Plein jour,Hors agglomération,Hors intersection,Normale,Trois véhicules et plus - collisions multiples,3,2,2,0,1,1,1,0,1,80,3,5,1,0,0,4,76.0,28.0,voiture,voiture,1,1,1,1,5
202000009694,2020-06-19 10:30:00,2020,6,19,10,30,83,83070,Avenue André Gide,43.138534,6.373835,Plein jour,En agglomération,Hors intersection,Normale,Deux véhicules - côté,3,2,2,0,2,3,1,0,1,50,2,2,1,0,0,1,62.0,75.0,voiture,deux_roues,1,2,1,1,3
202000009695,2020-06-16 15:15:00,2020,6,16,15,15,62,62631,5 Route Nationale,50.306768,2.294855,Plein jour,En agglomération,Hors intersection,Normale,,3,2,2,0,1,3,1,0,4,50,2,2,1,1,0,0,50.0,,voiture,,1,2,1,1,-1
202000009696,2020-06-18 22:05:00,2020,6,18,22,5,83,83096,Dn7,43.4702556,5.7758657,Nuit avec éclairage allumé,Hors agglomération,Hors intersection,Normale,Deux véhicules - arrière,3,2,2,0,3,1,1,0,1,80,2,3,2,0,0,1,59.0,32.0,deux_roues,voiture,5,1,1,1,2
202000009697,2020-05-20 19:30:00,2020,5,20,19,30,83,83087,d560,43.39529,5.799959,Plein jour,Hors agglomération,Giratoire,Normale,Deux véhicules - côté,3,2,2,0,1,1,1,0,1,80,2,1,0,0,0,1,48.0,,deux_roues,,1,1,6,1,3
202000009698,2020-06-18 23:45:00,2020,6,18,23,45,56,56130,Lieu Dit Kerviherne,47.73927,-3.271377,Nuit sans éclairage public,Hors agglomération,Hors intersection,Normale,Autre collision,3,2,2,0,1,3,1,0,1,80,1,1,0,0,1,0,31.0,,voiture,,3,1,1,1,6
202000009699,2020-06-18 17:30:00,2020,6,18,17,30,80,80811,D417,49.761433,2.994525,Plein jour,Hors agglomération,Hors intersection,Normale,Deux véhicules - côté,3,2,2,0,1,1,2,0,1,80,2,2,1,0,1,0,69.0,21.0,deux_roues,voiture,1,1,1,1,3
202000009700,2020-06-19 13:25:00,2020,6,19,13,25,63,63003,97 Avenue de Lyon,45.544144,3.754315,Plein jour,En agglomération,Hors intersection,Normale,Deux véhicules - côté,3,2,2,0,3,3,1,0,1,50,2,2,1,0,0,1,84.0,32.0,voiture,deux_roues,1,2,1,1,3
202000009701,2020-06-18 23:30:00,2020,6,18,23,30,55,55263,15 Rue Molguson,48.859499,5.485321,Nuit sans éclairage public,En agglomération,Hors intersection,Temps couvert,Autre collision,3,2,2,0,1,4,1,0,3,80,1,1,0,0,1,0,26.0,,deux_roues,,3,2,1,8,6
202000009702,2020-06-18 23:45:00,2020,6,18,23,45,47,47144,D227,44.591495,0.397278,Nuit avec éclairage allumé,En agglomération,Intersection en Y,Normale,Autre collision,3,2,2,0,1,1,1,0,4,50,1,2,1,0,1,0,31.0,,voiture,,5,2,4,1,6
202000009703,2020-06-19 01:00:00,2020,6,19,1,0,41,41074,La Vallee des Ouches,47.57751,1.670147,Nuit sans éclairage public,Hors agglomération,Hors intersection,Normale,Sans collision,4,2,2,0,1,1,2,0,3,80,1,2,1,0,1,0,35.0,,voiture,,3,1,1,1,7
202000009704,2020-06-18 16:30:00,2020,6,18,16,30,25,25434,RUE DE LA CORVÉE,47.107433,6.138954,Plein jour,En agglomération,Hors intersection,Normale,Deux véhicules - arrière,4,2,2,0,1,1,1,0,1,50,2,2,1,0,0,1,21.0,71.0,deux_roues,voiture,1,2,1,1,2
202000009705,2020-06-17 15:20:00,2020,6,17,15,20,84,84133,RD9,43.727317,5.508694,Plein jour,Hors agglomération,Intersection en T,Normale,Deux véhicules - côté,3,2,1,0,1,1,1,0,1,80,2,2,1,0,1,0,23.0,75.0,utilitaire_camion,deux_roues,1,1,3,1,3
202000009706,2020-06-19 12:10:00,2020,6,19,12,10,03,03236,96 Route de Bourzat,46.1852679,3.4242035,Plein jour,Hors agglomération,Hors intersection,Normale,Deux véhicules - côté,3,2,2,0,1,1,1,0,1,70,2,2,0,0,1,1,45.0,42.0,voiture,deux_roues,1,1,1,1,3
202000009707,2020-06-18 15:15:00,2020,6,18,15,15,15,15098,lieu dit la jureuge,45.270054,3.092244,Plein jour,Hors agglomération,Hors intersection,Normale,,3,2,2,0,2,2,1,0,8,90,2,2,1,0,1,0,55.0,18.0,utilitaire_camion,deux_roues,1,1,1,1,-1
202000009708,2020-06-19 05:15:00,2020,6,19,5,15,72,72062,Le Petit Chene aux Loups,48.227182,0.603584,Crépuscule ou aube,Hors agglomération,Hors intersection,Normale,Sans collision,3,-1,2,0,1,2,1,0,1,80,1,1,0,0,1,0,36.0,,voiture,,2,1,1,1,7
202000009709,2020-06-18 12:28:00,2020,6,18,12,28,06,06010,D3,43.696046,6.967948,Plein jour,Hors agglomération,Intersection en T,Normale,Deux véhicules - frontale,3,2,3,0,2,1,1,0,1,80,2,2,1,0,0,1,43.0,40.0,voiture,deux_roues,1,1,3,1,1
202000009710,2020-06-19 14:45:00,2020,6,19,14,45,06,06007,1645 Route de Saint Jacques,43.619716,6.918425,Plein jour,Hors agglomération,Hors intersection,Temps éblouissant,Sans collision,3,2,2,0,4,1,1,0,1,70,1,1,0,0,0,1,55.0,,deux_roues,,1,1,1,7,7
202000009711,2020-06-19 13:30:00,2020,6,19,13,30,06,06085,Chemin du Coudouron,43.584282,6.970836,Plein jour,Hors agglomération,Hors intersection,Normale,Sans collision,4,2,2,0,2,2,1,0,1,50,1,2,1,0,0,1,43.0,,voiture,,1,1,1,1,7
202000009712,2020-06-19 15:45:00,2020,6,19,15,45,14,14726,Lieu Dit la Criere,48.910432,-0.801073,Plein jour,En agglomération,Hors intersection,Normale,Autre collision,6,-1,0,0,1,1,1,0,8,-1,1,2,1,0,1,0,26.0,,voiture,,1,2,1,1,6
202000009713,2020-06-18 22:30:00,2020,6,18,22,30,60,60584,7 Rue de Rouen,49.215659,2.4086341,Nuit avec éclairage allumé,En agglomération,Hors intersection,Normale,Deux véhicules - côté,9,-1,2,0,2,3,1,0,1,50,2,5,3,0,0,2,20.0,19.0,deux_roues,voiture,5,2,1,1,3
202000009714,2020-06-19 10:10:00,2020,6,19,10,10,64,64256,Route de cambo -- Départementale 10,43.382761,-1.320785,Plein jour,En agglomération,Hors intersection,Normale,Deux véhicules - côté,3,2,2,0,1,1,1,0,1,50,2,2,1,1,0,0,80.0,57.0,voiture,utilitaire_camion,1,2,1,1,3
202000009715,2020-06-18 16:15:00,2020,6,18,16,15,73,73010,D54 / Impasse du Longeret,45.7903617,5.9427541,Plein jour,En agglomération,Intersection en T,Normale,Deux véhicules - côté,3,2,2,0,2,4,1,0,1,50,2,2,1,0,1,0,38.0,15.0,voiture,deux_roues,1,2,3,1,3
202000009716,2020-06-19 12:00:00,2020,6,19,12,0,16,16300,8 Rue de Neufgrange,45.847891,0.288624,Plein jour,En agglomération,Hors intersection,Normale,Autre collision,4,2,2,0,1,1,1,0,1,50,1,2,1,0,1,0,36.0,,utilitaire_camion,,1,2,1,1,6
202000009717,2020-06-19 16:30:00,2020,6,19,16,30,53,53276,intersection D125 et rue des ruisseaux,48.140379,-0.291181,Plein jour,En agglomération,Intersection en T,Normale,Deux véhicules - frontale,3,2,2,0,2,1,1,0,1,30,2,2,1,1,0,0,20.0,57.0,voiture,deux_roues,1,2,3,1,1
202000009718,2020-06-06 01:15:00,2020,6,6,1,15,21,21562,D27,47.558023,5.378451,Nuit sans éclairage public,Hors agglomération,Hors intersection,Normale,Sans collision,3,2,2,0,1,1,1,0,8,80,1,2,1,0,1,0,44.0,,voiture,,3,1,1,1,7
202000009719,2020-06-19 20:00:00,2020,6,19,20,0,27,27065,Rue de la Bertinière,49.344611,0.343336,Plein jour,En agglomération,Hors intersection,Normale,Autre collision,3,1,1,0,1,1,1,0,1,50,1,3,2,0,1,0,41.0,,voiture,,1,2,1,1,6
202000009720,2020-06-19 16:20:00,2020,6,19,16,20,48,48013,Zone économique jean-Antoine Chaptal - Lieu dit Redoundels,44.563375,3.526772,Plein jour,Hors agglomération,Intersection en T,Normale,Deux véhicules - côté,4,2,2,0,1,1,1,0,1,50,2,2,1,0,0,1,20.0,17.0,voiture,deux_roues,1,1,3,1,3
202000009721,2020-06-18 19:30:00,2020,6,18,19,30,52,52175,RD 67 A PK 2 + 160,48.356434,5.168059,Plein jour,Hors agglomération,Hors intersection,Pluie légère,Deux véhicules - frontale,3,2,2,0,2,3,2,0,1,90,2,2,1,0,1,0,24.0,19.0,voiture,voiture,1,1,1,2,1
202000009722,2020-06-19 10:40:00,2020,6,19,10,40,49,49373,D960,47.156601,-0.419626,Plein jour,Hors agglomération,Hors intersection,Pluie légère,Deux véhicules - côté,3,2,2,3,1,1,2,0,1,80,2,2,1,0,1,0,58.0,63.0,utilitaire_camion,utilitaire_camion,1,1,1,2,3
202000009723,2020-06-05 22:30:00,2020,6,5,22,30,06,06088,"A8, PK 191+500 chaussée sud",43.710246,7.198963,Nuit sans éclairage public,Hors agglomération,Hors intersection,Normale,Deux véhicules - arrière,1,1,4,0,2,1,1,0,1,90,2,2,1,0,1,0,46.0,62.0,utilitaire_camion,voiture,3,1,1,1,2
202000009724,2020-06-19 09:55:00,2020,6,19,9,55,31,31254,2286 Route de Baziège,43.542805,1.520528,Plein jour,En agglomération,Hors intersection,Normale,Autre collision,3,1,2,0,1,1,1,0,1,50,1,2,1,0,0,1,31.0,,deux_roues,,1,2,1,1,6
202000009725,2020-06-19 16:35:00,2020,6,19,16,35,34,34172,autoroute 709,43.597223,3.91242,Plein jour,Hors agglomération,Hors intersection,Normale,Autre collision,1,3,3,0,1,1,1,2,8,90,1,1,0,0,1,0,58.0,,voiture,,1,1,1,1,6
202000009726,2020-06-18 16:34:00,2020,6,18,16,34,62,62121,A1,50.127182,2.871809,Plein jour,Hors agglomération,Hors intersection,Normale,Trois véhicules et plus - en chaîne,1,3,5,0,1,1,1,0,1,130,3,4,3,0,0,1,59.0,49.0,utilitaire_camion,utilitaire_camion,1,1,1,1,4
202000009727,2020-05-24 07:30:00,2020,5,24,7,30,974,97412,Cratère Commerson (Volcan),-21.203178,55.647039,Plein jour,Hors agglomération,Hors intersection,Temps éblouissant,Sans collision,9,2,2,0,2,2,2,2,8,80,1,4,3,0,1,0,44.0,,voiture,,1,1,1,7,7
202000009728,2020-06-19 16:30:00,2020,6,19,16,30,77,77437,Route Nationale 330,49.043326,2.79469,Plein jour,Hors agglomération,Hors intersection,Normale,Deux véhicules - frontale,2,2,2,0,2,1,1,0,1,80,2,2,0,0,0,2,35.0,54.0,voiture,voiture,1,1,1,1,1
202000009729,2020-06-19 11:40:00,2020,6,19,11,40,84,84129,chemin des coutchougous,44.009992,4.86906,Plein jour,En agglomération,Hors intersection,Normale,Autre collision,4,-1,2,0,1,1,1,0,1,50,1,2,1,1,0,0,56.0,,voiture,,1,2,1,1,6
202000009730,2020-06-19 09:20:00,2020,6,19,9,20,83,83047,Route de Toulon,43.140546,6.045098,Plein jour,Hors agglomération,Hors intersection,Normale,Deux véhicules - côté,3,2,2,0,1,1,1,0,1,70,2,2,1,0,1,0,64.0,69.0,utilitaire_camion,deux_roues,1,1,1,1,3