accident_id,datetime,annee,mois,jour,heure,minute,departement,commune_insee,adresse,latitude,longitude,luminosite,agglomeration,intersection,meteo,collision,catr,circ,nbv,vosp,prof,plan,surf,infra,situ,vma,nb_vehicules,nb_usagers,nb_indemnes,nb_tues,nb_blesses_hosp,nb_blesses_legers,age_cond_1,age_cond_2,veh_type_cond_1,veh_type_cond_2,lum_code,agg_code,int_code,atm_code,col_code
202000010098,2020-08-17 17:30:00,2020,8,17,17,30,25,25056,NICOLE  RUE NICOLAS,47.25746,6.04191,Plein jour,En agglomération,Intersection en X,Normale,Deux véhicules - côté,4,1,2,3,1,1,1,5,6,30,2,5,2,0,0,3,19.0,19.0,voiture,deux_roues,1,2,2,1,3
202000010099,2020-08-18 17:30:00,2020,8,18,17,30,14,14699,BRIQUETTERIE (CHEMIN DE LA),49.3472326,0.092504,Plein jour,Hors agglomération,Hors intersection,Normale,Deux véhicules - arrière,3,2,2,0,1,1,1,0,1,70,2,2,1,0,0,1,45.0,31.0,voiture,voiture,1,1,1,1,2
202000010100,2020-08-17 12:05:00,2020,8,17,12,5,13,13071,RD 543,43.41568,5.36754,Plein jour,Hors agglomération,Intersection en T,Normale,,3,2,2,0,1,1,1,5,1,50,2,3,0,0,0,3,44.0,71.0,voiture,voiture,1,1,3,1,-1
202000010101,2020-08-18 18:59:00,2020,8,18,18,59,13,13208,MAZARGUES (AVENUE DE),43.25622,5.39387,Plein jour,En agglomération,Hors intersection,Normale,,4,2,2,0,1,1,1,0,1,50,2,3,0,0,0,3,19.0,26.0,deux_roues,deux_roues,1,2,1,1,-1
202000010102,2020-08-18 02:00:00,2020,8,18,2,0,13,13202,PORT (QUAI DU),43.2960349,5.3697771,Nuit avec éclairage allumé,En agglomération,Hors intersection,Normale,Deux véhicules - côté,4,2,2,3,1,1,1,0,1,50,2,1,0,0,0,1,35.0,,deux_roues,,5,2,1,1,3
202000010103,2020-08-17 15:25:00,2020,8,17,15,25,13,13201,CANEBIERE     1 A 79,43.2976,5.381,Plein jour,En agglomération,Intersection en X,Normale,Deux véhicules - frontale,4,2,3,1,2,1,1,0,1,50,2,2,1,0,1,0,41.0,26.0,deux_roues,deux_roues,1,2,2,1,1
202000010104,2020-08-18 12:45:00,2020,8,18,12,45,13,13001,MOURET HENRI (AV),43.51884,5.43348,Plein jour,En agglomération,Intersection en X,Normale,Deux véhicules - côté,4,-1,2,0,1,1,1,0,1,50,2,5,2,0,0,3,29.0,44.0,voiture,voiture,1,2,2,1,3
202000010105,2020-08-18 15:00:00,2020,8,18,15,0,12,12145,VC POMPIDOU GEORGES,44.09987,3.0733,Plein jour,En agglomération,Intersection en T,Normale,Deux véhicules - arrière,4,1,1,0,2,1,1,0,1,50,2,2,1,0,1,0,32.0,53.0,deux_roues,voiture,1,2,3,1,2
202000010106,2020-08-13 15:45:00,2020,8,13,15,45,12,12089,BOUQUIES LIEU-DIT,44.5838,2.23214,Plein jour,Hors agglomération,Hors intersection,Normale,Deux véhicules - frontale,4,-1,2,0,1,2,1,0,1,50,2,3,0,0,0,3,14.0,14.0,deux_roues,deux_roues,1,1,1,1,1
202000010107,2020-08-18 08:55:00,2020,8,18,8,55,06,06088,GIOFFREDO (R.),43.6845911,7.2478867,Plein jour,En agglomération,Intersection en X,Normale,Deux véhicules - frontale,4,1,1,0,1,1,1,0,1,50,2,2,1,0,0,1,54.0,44.0,deux_roues,transport_commun,1,2,2,1,1
202000010108,2020-08-18 13:30:00,2020,8,18,13,30,06,06029,VERRERIE (RUE DE LA),43.54761,6.98024,Plein jour,En agglomération,Hors intersection,Normale,Deux véhicules - côté,4,2,2,0,1,1,1,0,1,50,2,2,1,0,0,1,42.0,22.0,deux_roues,utilitaire_camion,1,2,1,1,3
202000010109,2020-08-16 02:38:00,2020,8,16,2,38,05,05061,FREDERIC MISTRAL ( COURS ),44.55828,6.07444,Nuit avec éclairage non allumé,En agglomération,Hors intersection,Normale,Sans collision,3,-1,2,0,1,2,1,0,1,50,1,1,0,0,0,1,35.0,,deux_roues,,4,2,1,1,7
202000010110,2020-08-15 15:31:00,2020,8,15,15,31,05,05061,LUYE ( ROUTE DE LA ),44.5109928,6.064024,Plein jour,En agglomération,Hors intersection,Normale,Sans collision,3,2,2,0,1,4,1,0,1,80,1,1,0,0,0,1,22.0,,deux_roues,,1,2,1,1,7
202000010111,2020-08-15 11:10:00,2020,8,15,11,10,05,05061,Chemin de la Ruche (Gap),44.550162,6.105828,Plein jour,Hors agglomération,Hors intersection,Normale,Sans collision,4,2,1,0,1,2,9,0,1,50,1,1,0,0,0,1,27.0,,deux_roues,,1,1,1,1,7
202000010112,2020-08-14 16:25:00,2020,8,14,16,25,05,05061,GEORGES POMPIDOU ( BD),44.55729,6.08095,Plein jour,En agglomération,Hors intersection,Normale,Trois véhicules et plus - en chaîne,4,2,3,0,1,1,1,0,1,50,3,4,2,0,0,2,54.0,48.0,voiture,voiture,1,2,1,1,4
202000010113,2020-08-13 16:10:00,2020,8,13,16,10,05,05061,VEYNES ( AVENUE DE  ),44.55603,6.06563,Plein jour,En agglomération,Hors intersection,Normale,Sans collision,3,2,2,0,2,2,1,0,1,50,1,1,0,0,0,1,19.0,,voiture,,1,2,1,1,7
202000010114,2020-08-12 09:00:00,2020,8,12,9,0,05,05061,VEYNES ( AVENUE DE  ),44.5568,6.06398,Plein jour,En agglomération,Intersection en T,Normale,Deux véhicules - côté,3,2,2,0,2,1,1,5,1,50,2,2,1,0,0,1,60.0,58.0,voiture,voiture,1,2,3,1,3
202000010115,2020-08-10 19:22:00,2020,8,10,19,22,05,05061,FAURE DU  SERRE ( RUE ),44.56144,6.0814,Plein jour,En agglomération,Hors intersection,Pluie légère,Sans collision,3,1,2,0,1,1,2,0,4,50,1,1,0,0,0,1,15.0,,deux_roues,,1,2,1,2,7
202000010116,2020-08-08 11:45:00,2020,8,8,11,45,05,05061,EMILE DIDIER ( AV ),44.56669,6.09517,Plein jour,En agglomération,Hors intersection,Normale,Deux véhicules - arrière,2,2,2,0,1,1,1,0,1,50,2,5,4,0,0,1,47.0,57.0,voiture,voiture,1,2,1,1,2
202000010117,2020-08-07 14:15:00,2020,8,7,14,15,05,05061,LUYE ( ROUTE DE LA ),44.52329,6.0596,Plein jour,En agglomération,Hors intersection,Normale,Sans collision,3,2,2,0,2,2,1,0,1,70,1,1,0,0,0,1,21.0,,deux_roues,,1,2,1,1,7
202000010118,2020-08-04 07:30:00,2020,8,4,7,30,05,05061,RN 85,44.59647,6.08182,Plein jour,En agglomération,Hors intersection,Normale,Sans collision,2,2,2,0,2,1,1,0,1,80,1,1,0,0,0,1,28.0,,voiture,,1,2,1,1,7
202000010119,2020-07-30 10:30:00,2020,7,30,10,30,05,05061,FRANCOIS MITTERAND (AVENUE),44.54386,6.06116,Plein jour,En agglomération,Hors intersection,Normale,Deux véhicules - côté,2,2,2,0,1,1,1,0,1,50,2,2,1,0,0,1,51.0,62.0,voiture,deux_roues,1,2,1,1,3
202000010120,2020-07-25 08:02:00,2020,7,25,8,2,05,05061,RN 85,44.61448,6.08127,Plein jour,En agglomération,Hors intersection,Normale,Deux véhicules - arrière,2,2,2,0,2,1,1,0,1,80,2,2,1,0,0,1,70.0,61.0,voiture,voiture,1,2,1,1,2
202000010121,2020-07-25 01:00:00,2020,7,25,1,0,05,05061,GUILLAUME FAREL ( AVENUE ),44.55794,6.07071,Nuit avec éclairage allumé,En agglomération,Hors intersection,Normale,Autre collision,3,2,2,0,2,2,1,0,1,30,1,1,0,0,0,1,48.0,,voiture,,5,2,1,1,6
202000010122,2020-08-18 01:50:00,2020,8,18,1,50,01,01344,TREVOUX (AVENUE DE),46.2011,5.2025,Nuit sans éclairage public,En agglomération,Autre intersection,Normale,Deux véhicules - côté,4,2,0,0,1,1,1,0,1,50,2,8,1,0,0,7,28.0,30.0,autre,voiture,3,2,9,1,3
202000010123,2020-08-18 21:15:00,2020,8,18,21,15,75,75105,BOULEVARD DE PORT ROYAL,48.83947,2.337576,Nuit sans éclairage public,En agglomération,Intersection en X,Normale,Trois véhicules et plus - collisions multiples,4,2,4,3,2,1,1,0,1,50,3,3,2,0,0,1,23.0,29.0,voiture,deux_roues,3,2,2,1,5
202000010124,2020-08-18 18:59:00,2020,8,18,18,59,75,75120,RUE DES PYRENEES,48.852699,2.406123,Plein jour,En agglomération,Intersection en X,Normale,Trois véhicules et plus - en chaîne,4,2,2,0,1,1,1,0,1,30,4,4,2,0,0,2,31.0,42.0,deux_roues,voiture,1,2,2,1,4
202000010125,2020-08-18 15:01:00,2020,8,18,15,1,75,75119,RUE DE CAMBRAI,48.895921,2.379519,Plein jour,En agglomération,Intersection en X,Normale,Deux véhicules - côté,4,1,1,0,1,3,1,1,1,50,2,4,1,0,0,3,51.0,48.0,utilitaire_camion,deux_roues,1,2,2,1,3
202000010126,2020-08-17 13:00:00,2020,8,17,13,0,75,75118,PLACE ALBERT KAHN,48.89564,2.346297,Plein jour,En agglomération,Place,Temps couvert,Deux véhicules - côté,4,1,2,1,1,1,2,-1,5,50,2,2,1,0,0,1,22.0,34.0,deux_roues,voiture,1,2,7,8,3
202000010127,2020-08-18 18:45:00,2020,8,18,18,45,75,75117,RUE FLOREAL,48.900478,2.320687,Plein jour,En agglomération,Intersection en T,Normale,Sans collision,4,1,1,0,1,1,1,0,4,30,1,1,0,0,0,1,14.0,,deux_roues,,1,2,3,1,7
202000010128,2020-08-16 14:00:00,2020,8,16,14,0,75,75116,AVENUE DE LA GRANDE ARMEE,48.874424,2.293007,Plein jour,En agglomération,Intersection en X,Normale,Deux véhicules - côté,4,3,4,0,1,1,1,0,1,50,2,3,2,0,0,1,38.0,32.0,utilitaire_camion,deux_roues,1,2,2,1,3
202000010129,2020-08-18 14:30:00,2020,8,18,14,30,75,75115,RUE BLOMET,48.839652,2.296531,Plein jour,En agglomération,Intersection en X,Normale,Deux véhicules - côté,4,1,1,0,1,1,1,0,1,30,2,2,1,0,0,1,59.0,44.0,deux_roues,voiture,1,2,2,1,3
202000010130,2020-08-16 17:40:00,2020,8,16,17,40,75,75115,BOULEVARD DU MONTPARNASSE,48.84496,2.320545,Plein jour,En agglomération,Hors intersection,Pluie légère,Sans collision,4,-1,0,0,2,1,2,0,4,10,1,1,0,0,0,1,10.0,,deux_roues,,1,2,1,2,7
202000010131,2020-08-18 14:45:00,2020,8,18,14,45,75,75113,RUE BOBILLOT,48.827494,2.352075,Plein jour,En agglomération,Place,Normale,Autre collision,4,2,3,1,2,1,1,0,1,50,1,2,1,0,0,1,49.0,,deux_roues,,1,2,7,1,6
202000010132,2020-08-17 15:15:00,2020,8,17,15,15,75,75112,BOULEVARD DIDEROT,48.847605,2.38907,Plein jour,En agglomération,Intersection en X,Normale,Deux véhicules - côté,4,2,2,0,2,1,1,0,1,50,2,2,1,0,0,1,18.0,58.0,deux_roues,voiture,1,2,2,1,3
202000010133,2020-08-18 21:24:00,2020,8,18,21,24,75,75111,RUE DU CHEMIN VERT,48.861108,2.38115,Nuit avec éclairage non allumé,En agglomération,Intersection en X,Normale,Deux véhicules - côté,4,1,1,0,1,1,1,0,1,30,2,2,1,0,0,1,31.0,21.0,deux_roues,voiture,4,2,2,1,3
202000010134,2020-08-18 18:00:00,2020,8,18,18,0,75,75110,RUE GUY PATIN,48.883695,2.351249,Plein jour,En agglomération,Intersection en X,Normale,Autre collision,4,2,1,0,1,1,1,0,4,30,1,2,1,0,0,1,23.0,,deux_roues,,1,2,2,1,6
202000010135,2020-08-18 18:35:00,2020,8,18,18,35,75,75107,PLACE DE LA RESISTANCE,48.862451,2.301952,Plein jour,En agglomération,Place,Normale,Deux véhicules - côté,4,2,2,1,1,1,1,-1,5,50,2,2,1,0,0,1,26.0,50.0,voiture,deux_roues,1,2,7,1,3
202000010136,2020-08-18 10:45:00,2020,8,18,10,45,93,93066,TREMIES,48.92231,2.36268,Plein jour,En agglomération,Autre intersection,Normale,Trois véhicules et plus - en chaîne,4,1,2,0,1,1,1,0,1,50,3,4,3,0,1,0,51.0,32.0,utilitaire_camion,voiture,1,2,9,1,4
202000010137,2020-08-18 07:56:00,2020,8,18,7,56,93,93077,GRANDE RUE,48.88277,2.51473,Plein jour,En agglomération,Hors intersection,Normale,Deux véhicules - côté,3,2,2,0,1,1,1,0,1,50,2,2,1,0,0,1,28.0,35.0,deux_roues,utilitaire_camion,1,2,1,1,3
202000010138,2020-08-18 09:45:00,2020,8,18,9,45,93,93053,BOBIGNY (AVENUE DE),48.893311,2.4538402,Plein jour,En agglomération,Autre intersection,Normale,Deux véhicules - côté,4,1,1,1,1,1,1,0,5,50,2,2,1,0,0,1,20.0,39.0,voiture,deux_roues,1,2,9,1,3
202000010139,2020-08-18 13:05:00,2020,8,18,13,5,93,93048,PRESIDENT WILSON (AVENUE DU),48.8556766,2.4395844,Plein jour,En agglomération,Intersection en X,Normale,Autre collision,4,2,2,0,1,1,1,0,1,50,1,2,1,0,0,1,57.0,,voiture,,1,2,2,1,6
202000010140,2020-08-18 10:20:00,2020,8,18,10,20,93,93031,AV JOFFRE,48.9613577,2.2961281,Plein jour,En agglomération,Hors intersection,Normale,Deux véhicules - côté,3,2,4,0,1,1,1,0,1,50,2,2,1,0,0,1,65.0,46.0,utilitaire_camion,deux_roues,1,2,1,1,3
202000010141,2020-08-17 11:45:00,2020,8,17,11,45,93,93027,AV MARCEL CACHIN,48.92692,2.39669,Plein jour,En agglomération,Hors intersection,Normale,Deux véhicules - côté,3,2,2,1,2,1,2,0,1,50,2,2,1,0,0,1,29.0,42.0,deux_roues,voiture,1,2,1,1,3
202000010142,2020-08-17 23:00:00,2020,8,17,23,0,92,92022,SALENGRO (AVENUE ROGER),48.805576,2.1842,Nuit avec éclairage allumé,En agglomération,Intersection en T,Normale,Deux véhicules - côté,3,2,4,0,1,1,1,0,1,50,2,2,1,0,0,1,54.0,21.0,voiture,deux_roues,5,2,3,1,3
202000010143,2020-08-18 12:45:00,2020,8,18,12,45,92,92025,STALINGRAD (AV DE),48.9307647,2.2672901,Plein jour,En agglomération,Hors intersection,Normale,Deux véhicules - côté,3,2,2,0,1,1,1,0,1,50,2,2,1,0,0,1,34.0,36.0,voiture,deux_roues,1,2,1,1,3
202000010144,2020-08-15 15:00:00,2020,8,15,15,0,92,92025,STALINGRAD (AV DE),48.933916,2.255789,Plein jour,En agglomération,Intersection en X,Normale,Deux véhicules - côté,3,2,2,0,1,1,1,0,1,50,2,5,3,0,0,2,28.0,20.0,voiture,voiture,1,2,2,1,3
202000010145,2020-08-18 15:00:00,2020,8,18,15,0,92,92012,MONTMORENCY (RUE DE),48.8445156,2.2337363,Plein jour,En agglomération,Hors intersection,Normale,Deux véhicules - côté,4,1,0,0,1,1,1,0,1,30,2,2,1,0,0,1,56.0,70.0,deux_roues,voiture,1,2,1,1,3
202000010146,2020-08-18 18:00:00,2020,8,18,18,0,92,92007,FRERES LUMIERE (RUE DES),48.790092,2.311097,Plein jour,En agglomération,Hors intersection,Normale,Autre collision,4,2,2,0,2,1,1,0,1,50,1,2,1,0,0,1,29.0,,deux_roues,,1,2,1,1,6
202000010147,2020-08-18 19:35:00,2020,8,18,19,35,13,13214,A7-Sens Marseille vers Lyon,43.337479,5.376971,Plein jour,Hors agglomération,Hors intersection,Normale,Deux véhicules - arrière,1,1,3,0,2,1,1,0,1,90,2,5,0,0,0,5,29.0,31.0,voiture,voiture,1,1,1,1,2
202000010148,2020-08-18 18:40:00,2020,8,18,18,40,13,13215,A7-Sens Marseille vers Lyon,43.358845,5.362478,Plein jour,Hors agglomération,Hors intersection,Normale,Deux véhicules - côté,1,1,3,0,2,1,1,0,1,90,2,3,2,0,0,1,56.0,44.0,utilitaire_camion,voiture,1,1,1,1,3
202000010149,2020-08-18 14:35:00,2020,8,18,14,35,13,13026,A55-Sens Marseille vers Martigues,43.381052,5.158883,Plein jour,Hors agglomération,Hors intersection,Normale,Deux véhicules - côté,1,3,2,0,1,1,1,0,1,110,2,3,2,0,0,1,46.0,25.0,voiture,utilitaire_camion,1,1,1,1,3
202000010150,2020-08-17 19:50:00,2020,8,17,19,50,69,69266,RD383   3.750 A 7.640,45.77519,4.89867,Plein jour,Hors agglomération,Hors intersection,Normale,Trois véhicules et plus - collisions multiples,3,3,6,0,1,1,1,0,1,70,3,4,2,0,0,2,29.0,20.0,voiture,voiture,1,1,1,1,5
202000010151,2020-08-14 15:15:00,2020,8,14,15,15,54,54232, A 31,48.69071,6.03378,Plein jour,Hors agglomération,Hors intersection,Normale,Trois véhicules et plus - en chaîne,1,-1,4,0,1,1,1,0,1,110,3,3,2,0,0,1,60.0,27.0,voiture,voiture,1,1,1,1,4
202000010152,2020-08-18 16:38:00,2020,8,18,16,38,91,91471,RN 118,48.714,2.1763,Plein jour,Hors agglomération,Hors intersection,Normale,Autre collision,3,2,4,0,2,1,1,0,1,90,1,1,0,0,0,1,25.0,,voiture,,1,1,1,1,6
202000010153,2020-08-18 17:00:00,2020,8,18,17,0,92,92025,A86,48.9334931,2.2533023,Plein jour,Hors agglomération,Hors intersection,Normale,Deux véhicules - arrière,1,3,2,0,1,1,1,0,1,70,2,6,4,0,0,2,49.0,37.0,utilitaire_camion,voiture,1,1,1,1,2
202000010154,2020-08-18 15:25:00,2020,8,18,15,25,78,78423,A12,48.794937,2.041784,Plein jour,Hors agglomération,Hors intersection,Normale,Deux véhicules - côté,1,-1,2,0,3,3,1,9,1,70,2,4,2,0,0,2,62.0,54.0,voiture,deux_roues,1,1,1,1,3
202000010155,2020-08-17 18:20:00,2020,8,17,18,20,78,78571,A13,48.874196,2.023953,Plein jour,Hors agglomération,Hors intersection,Temps couvert,Trois véhicules et plus - en chaîne,1,-1,2,0,1,1,2,0,1,110,3,3,2,0,0,1,33.0,45.0,voiture,voiture,1,1,1,8,4
202000010156,2020-08-17 11:25:00,2020,8,17,11,25,78,78043,A13W,48.846374,2.08172,Plein jour,Hors agglomération,Hors intersection,Pluie légère,Deux véhicules - côté,1,1,2,0,1,1,2,0,1,110,2,2,1,0,0,1,30.0,87.0,deux_roues,voiture,1,1,1,2,3
202000010157,2020-08-18 17:30:00,2020,8,18,17,30,93,93066,AUTOROUTE A1,48.92106,2.35743,Plein jour,Hors agglomération,Hors intersection,Normale,Trois véhicules et plus - en chaîne,1,3,6,0,1,1,1,0,1,90,6,6,5,0,0,1,29.0,31.0,utilitaire_camion,utilitaire_camion,1,1,1,1,4
202000010158,2020-08-18 09:45:00,2020,8,18,9,45,93,93010,AUTOROUTE A3,48.9015,2.47011,Plein jour,Hors agglomération,Hors intersection,Normale,Deux véhicules - arrière,1,3,6,0,1,1,1,0,1,90,2,2,1,0,0,1,42.0,33.0,utilitaire_camion,deux_roues,1,1,1,1,2
202000010159,2020-08-18 10:40:00,2020,8,18,10,40,93,93010,AUTOROUTE A3,48.89863,2.46949,Plein jour,Hors agglomération,Hors intersection,Normale,Trois véhicules et plus - collisions multiples,1,3,10,0,1,1,1,0,1,90,3,5,4,0,0,1,52.0,30.0,voiture,utilitaire_camion,1,1,1,1,5
202000010160,2020-08-17 13:40:00,2020,8,17,13,40,93,93027,AUTOROUTE A86,48.92851,2.41359,Plein jour,Hors agglomération,Hors intersection,Pluie forte,Autre collision,1,3,8,0,3,2,2,9,1,70,1,1,0,0,0,1,20.0,,voiture,,1,1,1,3,6
202000010161,2020-08-17 17:00:00,2020,8,17,17,0,95,95500,AUTOROUTE A15,49.04137,2.08096,Plein jour,Hors agglomération,Hors intersection,Normale,Trois véhicules et plus - en chaîne,1,3,7,0,1,1,1,0,1,90,3,3,2,0,0,1,22.0,52.0,voiture,voiture,1,1,1,1,4
202000010162,2020-08-17 13:10:00,2020,8,17,13,10,93,93027,BDL,48.92732,2.40345,Plein jour,Hors agglomération,Hors intersection,Pluie légère,Autre collision,1,3,4,0,2,2,2,0,1,70,1,1,0,0,0,1,55.0,,voiture,,1,1,1,2,6
202000010163,2020-08-17 21:00:00,2020,8,17,21,0,94,94073,A86 EXT,48.7628607,2.3813598,Plein jour,Hors agglomération,Hors intersection,Pluie légère,Sans collision,1,3,3,0,1,1,2,0,1,90,1,1,0,0,0,1,33.0,,voiture,,1,1,1,2,7
202000010164,2020-08-17 19:00:00,2020,8,17,19,0,94,94017,A4,48.826762,2.5125234,Plein jour,Hors agglomération,Hors intersection,Normale,Deux véhicules - arrière,1,-1,4,0,1,1,1,1,1,90,2,2,1,0,0,1,53.0,24.0,voiture,voiture,1,1,1,1,2
202000010165,2020-08-16 09:25:00,2020,8,16,9,25,974,97411,LECLERC (DU MARECHAL),-20.8803691,55.4573777,Plein jour,En agglomération,Intersection en X,Normale,Deux véhicules - côté,4,2,3,3,1,1,1,0,1,50,2,3,2,0,0,1,79.0,61.0,voiture,voiture,1,2,2,1,3
202000010166,2020-08-17 08:50:00,2020,8,17,8,50,69,69383,LACASSAGNE                          (AV),45.7464,4.8857,Plein jour,En agglomération,Intersection en X,Normale,Deux véhicules - côté,4,2,3,1,1,1,1,0,1,50,2,4,3,0,0,1,25.0,29.0,voiture,voiture,1,2,2,1,3
202000010167,2020-08-17 11:10:00,2020,8,17,11,10,69,69259,PICARD                              (AL),45.70665,4.86509,Plein jour,En agglomération,Hors intersection,Normale,Deux véhicules - côté,4,2,2,0,1,1,1,0,1,50,2,2,1,0,0,1,15.0,34.0,deux_roues,voiture,1,2,1,1,3
202000010168,2020-08-17 10:15:00,2020,8,17,10,15,69,69383,LAFAYETTE                           (CO),45.76355,4.84494,Plein jour,En agglomération,Intersection en X,Normale,Deux véhicules - frontale,4,1,2,3,1,1,1,0,1,50,2,2,1,0,0,1,37.0,30.0,deux_roues,utilitaire_camion,1,2,2,1,1
202000010169,2020-08-14 18:35:00,2020,8,14,18,35,69,69383,TURBIL                              (R ),45.75663,4.86839,Plein jour,En agglomération,Intersection en T,Normale,Deux véhicules - côté,4,1,1,0,1,1,1,0,1,50,2,4,2,0,0,2,62.0,27.0,deux_roues,voiture,1,2,3,1,3
202000010170,2020-08-15 21:03:00,2020,8,15,21,3,972,97213,AUTOROUTE A1,14.618153,-61.03551,Nuit avec éclairage non allumé,Hors agglomération,Hors intersection,Normale,Deux véhicules - côté,1,1,3,0,1,1,1,0,1,90,2,2,1,0,0,1,,,,,4,1,1,1,3
202000010171,2020-08-17 17:50:00,2020,8,17,17,50,69,69149,DUBOIS CRANCE                       (R ),45.71161,4.8194,Plein jour,En agglomération,Autre intersection,Normale,Sans collision,4,2,2,0,1,1,1,0,1,50,1,1,0,0,0,1,16.0,,deux_roues,,1,2,9,1,7
202000010172,2020-08-17 14:20:00,2020,8,17,14,20,69,69389,SERGENT MICHEL BERTHET (DU)         (R ),45.76603,4.8054,Plein jour,En agglomération,Intersection en T,Normale,Deux véhicules - côté,4,2,3,1,1,2,1,0,1,50,2,2,1,0,0,1,23.0,51.0,utilitaire_camion,deux_roues,1,2,3,1,3
202000010173,2020-08-17 16:25:00,2020,8,17,16,25,971,97101,ACHILLE RENE BOISNEUF (RUE),16.26586,-61.50995,Plein jour,Hors agglomération,Hors intersection,Normale,Deux véhicules - frontale,3,-1,2,0,1,1,1,0,1,50,2,2,1,0,0,1,20.0,21.0,deux_roues,deux_roues,1,1,1,1,1
202000010174,2020-08-17 15:15:00,2020,8,17,15,15,971,97101,COUR CHARNEAU,16.2515645,-61.529451,Plein jour,Hors agglomération,Autre intersection,Normale,Deux véhicules - arrière,4,3,2,0,1,1,1,0,1,90,2,2,1,0,0,1,70.0,23.0,voiture,voiture,1,1,9,1,2
202000010175,2020-08-17 11:00:00,2020,8,17,11,0,95,95018,BARBUSSE (RUE HENRI),48.940228,2.245306,Plein jour,En agglomération,Intersection en X,Pluie légère,Autre collision,3,2,4,1,1,1,2,0,1,50,1,2,1,1,0,0,52.0,,utilitaire_camion,,1,2,2,2,6
202000010176,2020-08-17 13:20:00,2020,8,17,13,20,91,91174,JOHN KENNEDY (BOULEVARD),48.58059,2.476241,Plein jour,En agglomération,Giratoire,Pluie légère,,2,-1,1,0,1,2,2,0,8,50,2,3,2,0,0,1,49.0,25.0,voiture,voiture,1,2,6,2,-1
202000010177,2020-08-15 09:50:00,2020,8,15,9,50,91,91552,NATIONALE 20 (ROUTE),48.59687,2.24439,Plein jour,Hors agglomération,Hors intersection,Normale,Autre collision,2,3,4,0,1,1,1,2,1,90,1,1,0,0,0,1,79.0,,voiture,,1,1,1,1,6
202000010178,2020-08-14 05:00:00,2020,8,14,5,0,91,91103,BABIN (RUE DU DOCTEUR),48.59812,2.28838,Nuit avec éclairage allumé,En agglomération,Hors intersection,Normale,Autre collision,3,2,2,0,1,1,2,0,8,50,1,1,0,0,0,1,21.0,,voiture,,5,2,1,1,6
202000010179,2020-08-14 03:50:00,2020,8,14,3,50,91,91425,TEMPLIERS (ROUTE DES),48.64738,2.276,Nuit avec éclairage allumé,Hors agglomération,Giratoire,Pluie légère,Autre collision,3,1,1,0,1,3,2,0,3,50,1,3,2,0,0,1,18.0,,voiture,,5,1,6,2,6
202000010180,2020-08-17 08:40:00,2020,8,17,8,40,87,87085,COTY (AVENUE DU PRESIDENT RENE),45.84276,1.23089,Plein jour,En agglomération,Hors intersection,Normale,Deux véhicules - côté,4,2,2,0,1,1,1,0,1,50,2,1,0,0,0,1,29.0,,deux_roues,,1,2,1,1,3
202000010181,2020-08-16 12:14:00,2020,8,16,12,14,87,87085,POIDS-PUBLIC (PLACE DU),45.82846,1.25847,Plein jour,En agglomération,Hors intersection,Normale,Deux véhicules - côté,4,1,1,0,2,1,1,0,1,50,2,4,1,0,0,3,70.0,48.0,voiture,voiture,1,2,1,1,3
202000010182,2020-08-15 11:11:00,2020,8,15,11,11,87,87085,ABBE PIERRE (Rue),45.84067,1.19338,Plein jour,En agglomération,Hors intersection,Normale,Autre collision,4,2,2,0,1,1,1,0,1,30,1,2,1,0,0,1,27.0,,voiture,,1,2,1,1,6
202000010183,2020-08-14 19:38:00,2020,8,14,19,38,87,87085,BAUDIN ( AVENUE) (VC),45.8259,1.25774,Plein jour,En agglomération,Intersection en T,Normale,Deux véhicules - côté,4,4,5,0,2,1,1,0,1,50,2,3,2,0,0,1,25.0,35.0,voiture,voiture,1,2,3,1,3
202000010184,2020-08-16 07:50:00,2020,8,16,7,50,86,86194,Rue du Pont Saint Cyprien,46.576546,0.3451129,Plein jour,En agglomération,Intersection en X,Normale,Deux véhicules - côté,4,1,2,0,2,1,1,0,1,50,2,2,1,0,1,0,59.0,53.0,deux_roues,utilitaire_camion,1,2,2,1,3
202000010185,2020-08-15 00:15:00,2020,8,15,0,15,85,85194,Avenue François Mitterrand,46.52227,-1.7753,Nuit sans éclairage public,En agglomération,Hors intersection,Normale,Deux véhicules - côté,4,2,2,0,1,1,1,0,1,50,2,3,1,0,0,2,46.0,52.0,deux_roues,voiture,3,2,1,1,3
202000010186,2020-08-15 01:55:00,2020,8,15,1,55,83,83129,Corniche du Cros,43.079421,5.805374,Nuit avec éclairage allumé,En agglomération,Hors intersection,Normale,Deux véhicules - frontale,3,2,2,0,1,1,1,0,1,50,2,2,0,0,0,2,31.0,18.0,deux_roues,deux_roues,5,2,1,1,1
202000010187,2020-08-16 08:05:00,2020,8,16,8,5,83,83069,NICE (ROUTE DE),43.12881,6.18727,Plein jour,Hors agglomération,Hors intersection,Normale,Autre collision,3,2,2,0,1,1,1,0,3,80,1,4,0,0,2,2,26.0,,utilitaire_camion,,1,1,1,1,6
202000010188,2020-07-19 22:00:00,2020,7,19,22,0,79,79191,Place Saint-Jean,46.32139,-0.46447,Plein jour,En agglomération,Place,Normale,Autre collision,4,2,2,0,1,1,1,0,2,50,1,3,1,0,0,2,81.0,,voiture,,1,2,7,1,6
202000010189,2020-08-15 08:10:00,2020,8,15,8,10,76,76540,CORNEILLE. PONT PIERRE,49.43602,1.0957,Crépuscule ou aube,En agglomération,Hors intersection,Normale,Autre collision,3,1,3,3,1,1,2,2,1,50,1,2,0,0,2,0,35.0,,deux_roues,,2,2,1,1,6