accident_id,datetime,annee,mois,jour,heure,minute,departement,commune_insee,adresse,latitude,longitude,luminosite,agglomeration,intersection,meteo,collision,catr,circ,nbv,vosp,prof,plan,surf,infra,situ,vma,nb_vehicules,nb_usagers,nb_indemnes,nb_tues,nb_blesses_hosp,nb_blesses_legers,age_cond_1,age_cond_2,veh_type_cond_1,veh_type_cond_2,lum_code,agg_code,int_code,atm_code,col_code
202000010282,2020-12-29 10:40:00,2020,12,29,10,40,93,93029,SAINT-STENAY,48.9202086,2.4206096,Plein jour,En agglomération,Hors intersection,Normale,Autre collision,4,2,3,0,1,1,2,0,8,50,1,2,1,0,1,0,32.0,,utilitaire_camion,,1,2,1,1,6
202000010283,2020-12-29 17:15:00,2020,12,29,17,15,93,93027,SALENGRO (AVENUE ROGER),48.93827,2.38844,Nuit sans éclairage public,En agglomération,Hors intersection,Pluie légère,Deux véhicules - arrière,3,1,3,0,1,1,3,0,1,50,2,2,0,0,0,2,51.0,,voiture,,3,2,1,2,2
202000010284,2020-12-29 09:00:00,2020,12,29,9,0,93,93001,REPUBLIQUE (AVE DE LA ) 43/106 =>,48.9099443,2.385841,Plein jour,En agglomération,Hors intersection,Normale,Autre collision,4,2,2,0,1,1,1,0,1,50,1,1,0,0,0,1,,,,,1,2,1,1,6
202000010285,2020-12-28 16:00:00,2020,12,28,16,0,92,92064,18 JUIN 1940,48.85028,2.221776,Crépuscule ou aube,En agglomération,Intersection en T,Pluie forte,Trois véhicules et plus - en chaîne,4,1,1,0,1,1,2,0,1,50,3,4,3,0,0,1,37.0,49.0,voiture,voiture,2,2,3,3,4
202000010286,2020-12-26 18:35:00,2020,12,26,18,35,92,92050,CLEMENCEAU GEORGES AVENUE N°IMPAIR,48.8853291,2.2243886,Nuit avec éclairage allumé,En agglomération,Intersection en T,Normale,Deux véhicules - côté,3,2,5,1,1,1,1,0,1,50,2,4,3,0,1,0,41.0,35.0,voiture,deux_roues,5,2,3,1,3
202000010287,2020-12-29 09:40:00,2020,12,29,9,40,92,92036,ARGENTEUIL (AVENUE D'),48.9362481,2.2600991,Plein jour,En agglomération,Hors intersection,Normale,Deux véhicules - côté,3,2,4,0,1,1,1,0,1,50,2,1,0,0,0,1,32.0,,voiture,,1,2,1,1,3
202000010288,2020-12-29 09:50:00,2020,12,29,9,50,92,92023,GARENNE (ROUTE DE LA),48.7777752,2.2296489,Plein jour,En agglomération,Hors intersection,Pluie légère,Autre collision,3,2,2,0,1,1,2,0,1,50,1,2,1,0,0,1,33.0,,voiture,,1,2,1,2,6
202000010289,2020-12-28 17:40:00,2020,12,28,17,40,92,92023,PICARDIE (RUE DE),48.7864435,2.2454267,Nuit avec éclairage allumé,En agglomération,Hors intersection,Pluie forte,Deux véhicules - frontale,4,2,2,0,1,1,2,0,1,30,2,2,1,0,0,1,27.0,52.0,deux_roues,voiture,5,2,1,3,1
202000010290,2020-12-29 12:15:00,2020,12,29,12,15,14,14656,Le Pont de la Mousse,48.95193,-0.502195,Plein jour,Hors agglomération,Hors intersection,Temps éblouissant,Autre collision,3,2,2,0,2,3,2,0,1,50,1,2,1,0,0,1,76.0,,voiture,,1,1,1,7,6
202000010291,2020-12-22 15:35:00,2020,12,22,15,35,01,01248,D1083,45.902431,4.934109,Plein jour,Hors agglomération,Hors intersection,Normale,Autre collision,3,2,2,0,2,1,1,5,1,80,1,1,0,0,1,0,59.0,,deux_roues,,1,1,1,1,6
202000010292,2020-12-29 16:45:00,2020,12,29,16,45,41,41271,l'auvergne - RD 13,47.506128,1.677904,Plein jour,Hors agglomération,Hors intersection,Normale,Autre collision,3,2,2,0,2,1,2,0,1,90,1,2,1,1,0,0,43.0,,voiture,,1,1,1,1,6
202000010293,2020-12-29 10:45:00,2020,12,29,10,45,81,81311,RD 612,43.7282684,2.1908658,Plein jour,En agglomération,Hors intersection,Pluie légère,Deux véhicules - arrière,3,-1,2,0,1,1,2,0,1,50,2,3,2,0,1,0,87.0,64.0,voiture,voiture,1,2,1,2,2
202000010294,2020-12-30 06:30:00,2020,12,30,6,30,972,97201,quartier sencé,14.829926,-61.107658,Crépuscule ou aube,En agglomération,Hors intersection,Normale,Deux véhicules - frontale,2,2,2,0,2,1,1,0,1,50,2,2,1,0,1,0,22.0,56.0,deux_roues,voiture,2,2,1,1,1
202000010295,2020-12-30 14:25:00,2020,12,30,14,25,12,12073,Comps-la-Grand-Ville,44.221891,2.565179,Plein jour,Hors agglomération,Hors intersection,Normale,Sans collision,4,2,2,0,1,1,3,0,1,80,1,2,1,0,1,0,15.0,,utilitaire_camion,,1,1,1,1,7
202000010296,2020-12-30 10:30:00,2020,12,30,10,30,83,83048,Boulevard Saint Raphael,43.20602,6.56549,Plein jour,En agglomération,Hors intersection,Normale,Deux véhicules - frontale,3,2,2,0,2,1,1,0,1,50,2,2,1,0,0,1,73.0,51.0,voiture,deux_roues,1,2,1,1,1
202000010297,2020-12-30 08:00:00,2020,12,30,8,0,72,72200,85 Boulevard des Avocats,47.894543,0.194603,Nuit avec éclairage non allumé,En agglomération,Hors intersection,Temps couvert,Autre collision,3,2,2,0,1,1,2,0,1,50,1,2,0,1,0,1,48.0,,voiture,,4,2,1,8,6
202000010298,2020-12-30 09:30:00,2020,12,30,9,30,51,51439,D20A,49.3484278,4.1442436,Plein jour,Hors agglomération,Hors intersection,Normale,Deux véhicules - frontale,3,2,2,0,4,1,1,0,1,80,2,2,1,1,0,0,37.0,32.0,utilitaire_camion,voiture,1,1,1,1,1
202000010299,2020-12-30 10:30:00,2020,12,30,10,30,79,79103,,46.760804,-0.570633,Plein jour,Hors agglomération,Hors intersection,Autre,Autre collision,3,2,2,0,2,2,7,0,3,80,1,3,0,0,0,3,38.0,,voiture,,1,1,1,9,6
202000010300,2020-12-29 15:20:00,2020,12,29,15,20,80,80167,D928,50.1954265,1.8795766,Plein jour,Hors agglomération,Hors intersection,Pluie légère,Sans collision,3,2,2,0,1,1,2,0,3,80,1,1,0,0,1,0,63.0,,voiture,,1,1,1,2,7
202000010301,2020-12-29 12:00:00,2020,12,29,12,0,11,11434,route de villespy,43.281595,2.085621,Plein jour,En agglomération,Intersection en X,Pluie légère,Deux véhicules - côté,3,2,2,0,1,1,2,5,1,30,2,2,1,0,1,0,48.0,22.0,voiture,deux_roues,1,2,2,2,3
202000010302,2020-12-29 10:30:00,2020,12,29,10,30,89,89311,Croisement D4 et D48,47.783836,3.392351,Plein jour,Hors agglomération,Intersection en X,Temps couvert,Deux véhicules - côté,3,2,2,0,1,1,2,0,1,80,2,5,3,0,2,0,70.0,77.0,voiture,voiture,1,1,2,8,3
202000010303,2020-12-28 13:59:00,2020,12,28,13,59,86,86082,N10,46.286065,0.175009,Plein jour,Hors agglomération,Hors intersection,Neige / grêle,Trois véhicules et plus - collisions multiples,2,3,4,0,1,1,7,2,1,110,6,11,7,0,1,3,24.0,23.0,voiture,voiture,1,1,1,4,5
202000010304,2020-12-29 15:30:00,2020,12,29,15,30,34,34074,D14,43.461517,3.024845,Plein jour,Hors agglomération,Hors intersection,Normale,Sans collision,3,2,2,0,1,1,1,0,1,80,1,1,0,0,1,0,67.0,,deux_roues,,1,1,1,1,7
202000010305,2020-12-29 15:30:00,2020,12,29,15,30,44,44151,D247,47.325967,-2.337717,Plein jour,Hors agglomération,Intersection en T,Pluie légère,Trois véhicules et plus - en chaîne,3,2,2,0,1,1,2,0,1,80,4,4,2,0,1,1,34.0,47.0,voiture,voiture,1,1,3,2,4
202000010306,2020-12-29 10:30:00,2020,12,29,10,30,44,44182,Lieu-dit Le Jardinet - RD78,47.192301,-2.106736,Plein jour,Hors agglomération,Hors intersection,Normale,Autre collision,3,2,2,0,1,1,1,0,3,80,1,1,0,1,0,0,63.0,,voiture,,1,1,1,1,6
202000010307,2020-12-22 14:15:00,2020,12,22,14,15,15,15215,Route Départementale 17,44.968411,2.500312,Plein jour,Hors agglomération,Hors intersection,Normale,Deux véhicules - côté,3,2,2,2,1,1,1,0,1,90,2,2,1,0,0,1,52.0,48.0,deux_roues,deux_roues,1,1,1,1,3
202000010308,2020-12-30 11:40:00,2020,12,30,11,40,24,24564,Les Sions,45.201695,0.303669,Plein jour,Hors agglomération,Hors intersection,Normale,Autre collision,4,2,2,0,1,3,1,9,3,80,1,1,0,1,0,0,67.0,,utilitaire_camion,,1,1,1,1,6
202000010309,2020-12-30 06:00:00,2020,12,30,6,0,24,24098,Route d'Agonac,45.211469,0.701408,Nuit sans éclairage public,Hors agglomération,Hors intersection,Temps couvert,Autre collision,3,2,2,0,2,1,2,0,1,80,1,2,1,0,1,0,54.0,,voiture,,3,1,1,8,6
202000010310,2020-12-30 15:30:00,2020,12,30,15,30,27,27520,D38,49.234585,0.611994,Plein jour,Hors agglomération,Hors intersection,Pluie légère,Autre collision,3,2,2,0,1,1,2,2,3,80,1,1,0,1,0,0,49.0,,utilitaire_camion,,1,1,1,2,6
202000010311,2020-12-30 08:45:00,2020,12,30,8,45,17,17465,D739,45.962979,-0.55496,Plein jour,Hors agglomération,Hors intersection,Autre,Deux véhicules - frontale,3,2,2,0,1,2,7,0,1,80,2,2,0,0,1,1,33.0,35.0,voiture,voiture,1,1,1,9,1
202000010312,2020-12-30 18:15:00,2020,12,30,18,15,03,03311,A71,46.1549141,3.1206536,Nuit sans éclairage public,Hors agglomération,Hors intersection,Normale,Deux véhicules - arrière,1,2,2,0,1,1,1,0,1,130,2,5,2,0,1,2,24.0,47.0,voiture,voiture,3,1,1,1,2
202000010313,2020-12-30 00:45:00,2020,12,30,0,45,44,44094,AUTOROUTE A 11 PK.333+000,47.3289045,-1.4019392,Nuit sans éclairage public,Hors agglomération,Hors intersection,Normale,Autre collision,1,3,4,0,1,1,1,0,3,130,1,2,0,0,1,1,35.0,,voiture,,3,1,1,1,6
202000010314,2020-12-29 12:20:00,2020,12,29,12,20,57,57630,"N4, PR 017+700 SARREBOURG",48.715084,7.041893,Plein jour,Hors agglomération,Hors intersection,Normale,Autre collision,2,3,4,0,2,2,2,0,2,100,1,1,0,0,1,0,20.0,,voiture,,1,1,1,1,6
202000010315,2020-12-30 09:50:00,2020,12,30,9,50,38,38191,Avenue des Jardins,45.08086,6.05876,Plein jour,En agglomération,Hors intersection,Normale,Autre collision,3,2,2,0,2,3,5,0,1,50,1,1,0,0,0,1,21.0,,voiture,,1,2,1,1,6
202000010316,2020-12-29 13:35:00,2020,12,29,13,35,34,34240,A9 PK 090+900,43.6426659,3.975015,Plein jour,Hors agglomération,Hors intersection,Normale,Deux véhicules - côté,1,3,4,0,1,1,1,0,1,110,2,2,1,0,1,0,49.0,71.0,utilitaire_camion,voiture,1,1,1,1,3
202000010317,2020-12-29 15:50:00,2020,12,29,15,50,69,69013,A6,46.000867,4.73455,Plein jour,Hors agglomération,Hors intersection,Normale,,1,3,3,0,1,1,1,0,1,130,2,5,2,0,0,3,21.0,68.0,utilitaire_camion,voiture,1,1,1,1,-1
202000010318,2020-12-30 06:00:00,2020,12,30,6,0,91,91587,N 20,48.686718,2.286122,Nuit sans éclairage public,Hors agglomération,Hors intersection,Pluie légère,Trois véhicules et plus - en chaîne,2,3,4,0,3,3,2,0,1,90,3,3,2,0,0,1,62.0,42.0,voiture,utilitaire_camion,3,1,1,2,4
202000010319,2020-12-27 17:00:00,2020,12,27,17,0,2A,2A247,rue denis de rocca serra,41.587539,9.282597,Crépuscule ou aube,En agglomération,Hors intersection,Autre,Sans collision,3,2,2,0,1,3,9,0,1,50,1,1,0,0,0,1,56.0,,deux_roues,,2,2,1,9,7
202000010320,2020-12-29 15:30:00,2020,12,29,15,30,73,73075,D925b,45.442929,6.057854,Plein jour,Hors agglomération,Hors intersection,Pluie légère,Autre collision,3,2,2,2,1,2,2,-1,3,80,1,1,0,0,1,0,72.0,,voiture,,1,1,1,2,6
202000010321,2020-12-30 18:10:00,2020,12,30,18,10,27,27684,Rn 13,49.015367,1.188712,Nuit sans éclairage public,Hors agglomération,Hors intersection,Normale,Trois véhicules et plus - en chaîne,4,3,4,0,1,1,2,0,1,-1,3,3,1,0,0,2,32.0,47.0,voiture,voiture,3,1,1,1,4
202000010322,2020-12-29 07:30:00,2020,12,29,7,30,62,62560,24 Rue du Cimetière,50.80946,1.712232,Crépuscule ou aube,En agglomération,Hors intersection,Normale,Autre collision,4,2,2,0,2,1,1,0,4,50,1,1,0,0,1,0,42.0,,voiture,,2,2,1,1,6
202000010323,2020-12-29 09:10:00,2020,12,29,9,10,62,62089,D191e1,50.824888,1.662972,Plein jour,Hors agglomération,Hors intersection,Normale,Autre collision,3,2,2,0,1,1,1,0,3,80,1,3,0,0,3,0,21.0,,voiture,,1,1,1,1,6
202000010324,2020-12-28 15:16:00,2020,12,28,15,16,13,13055,A507 sens Aubagne- Marseille,43.2939186,5.4246202,Plein jour,En agglomération,Hors intersection,Normale,Autre collision,1,1,4,0,1,1,1,1,8,70,1,1,0,0,0,1,20.0,,voiture,,1,2,1,1,6
202000010325,2020-12-12 22:40:00,2020,12,12,22,40,69,69256,A42     0.560 A 4.020,45.79786,4.9289,Nuit avec éclairage allumé,Hors agglomération,Hors intersection,Normale,,1,1,2,0,1,2,1,3,1,90,2,2,1,0,0,1,66.0,22.0,voiture,voiture,5,1,1,1,-1
202000010326,2020-12-29 00:10:00,2020,12,29,0,10,01,01275,A42 4.020 A 4.329   LYON/GEN,45.8086979,4.9312252,Nuit sans éclairage public,Hors agglomération,Hors intersection,Normale,Autre collision,1,1,2,0,1,2,2,0,1,70,1,1,0,0,0,1,45.0,,voiture,,3,1,1,1,6
202000010327,2020-12-29 07:35:00,2020,12,29,7,35,91,91340,RN 104,48.609,2.4359,Crépuscule ou aube,Hors agglomération,Hors intersection,Normale,Sans collision,2,2,3,0,1,3,2,0,1,70,1,1,0,0,0,1,22.0,,voiture,,2,1,1,1,7
202000010328,2020-12-28 16:30:00,2020,12,28,16,30,91,91339,RN 104,48.62807,2.25779,Crépuscule ou aube,Hors agglomération,Intersection en Y,Pluie forte,Deux véhicules - côté,2,1,2,0,1,1,2,3,3,110,2,2,1,1,0,0,41.0,41.0,utilitaire_camion,voiture,2,1,4,3,3
202000010329,2020-12-29 02:20:00,2020,12,29,2,20,92,92036,A86,48.93576,2.2624,Nuit sans éclairage public,Hors agglomération,Hors intersection,Normale,Autre collision,1,3,6,0,1,2,2,0,1,90,1,2,1,0,0,1,34.0,,voiture,,3,1,1,1,6
202000010330,2020-12-28 23:25:00,2020,12,28,23,25,78,78672,A13,48.9297,1.9841,Nuit sans éclairage public,Hors agglomération,Hors intersection,Pluie légère,Deux véhicules - arrière,1,3,6,0,1,1,2,0,1,130,2,5,4,0,0,1,44.0,18.0,utilitaire_camion,utilitaire_camion,3,1,1,2,2
202000010331,2020-12-28 23:35:00,2020,12,28,23,35,78,78233,A13,48.882775,2.01482,Nuit sans éclairage public,Hors agglomération,Hors intersection,Pluie légère,Autre collision,1,3,4,0,1,1,2,0,1,110,1,1,0,0,0,1,41.0,,voiture,,3,1,1,2,6
202000010332,2020-12-29 12:15:00,2020,12,29,12,15,95,95256,AUTOROUTE A115,49.04539,2.18599,Plein jour,Hors agglomération,Hors intersection,Pluie légère,Deux véhicules - côté,1,3,5,0,1,2,2,0,1,70,2,3,2,0,0,1,41.0,56.0,voiture,voiture,1,1,1,2,3
202000010333,2020-12-29 09:30:00,2020,12,29,9,30,95,95582,RD 170,48.9634333,2.266475,Plein jour,Hors agglomération,Hors intersection,Normale,Autre collision,3,3,2,0,2,1,1,0,1,50,1,2,1,0,0,1,34.0,,voiture,,1,1,1,1,6
202000010334,2020-12-29 09:00:00,2020,12,29,9,0,95,95582, A115,48.97362,2.24519,Plein jour,Hors agglomération,Hors intersection,Normale,Deux véhicules - arrière,1,3,2,0,2,2,1,0,1,70,2,2,1,0,0,1,21.0,46.0,voiture,voiture,1,1,1,1,2
202000010335,2020-12-28 10:30:00,2020,12,28,10,30,92,92036,AUTOROUTE A15,48.9380181,2.2940383,Plein jour,Hors agglomération,Hors intersection,Pluie légère,Autre collision,1,3,5,0,1,2,2,0,1,50,1,3,0,0,0,3,30.0,,utilitaire_camion,,1,1,1,2,6
202000010336,2020-12-28 10:15:00,2020,12,28,10,15,93,93078,AUTOROUTE A104,48.96569,2.51684,Plein jour,Hors agglomération,Hors intersection,Normale,Deux véhicules - arrière,1,3,6,0,1,1,2,0,1,90,2,2,1,0,0,1,55.0,21.0,utilitaire_camion,voiture,1,1,1,1,2
202000010337,2020-12-28 06:50:00,2020,12,28,6,50,93,93027,AUTOROUTE A86,48.92829,2.4122,Nuit sans éclairage public,Hors agglomération,Hors intersection,Pluie légère,Trois véhicules et plus - collisions multiples,1,3,7,0,2,1,2,0,1,90,5,5,4,0,0,1,21.0,32.0,voiture,utilitaire_camion,3,1,1,2,5
202000010338,2020-12-28 06:15:00,2020,12,28,6,15,93,93078,AUTOROUTE A104,48.96569,2.51684,Nuit sans éclairage public,Hors agglomération,Hors intersection,Normale,Autre collision,1,3,6,0,1,1,2,0,1,90,1,1,0,0,0,1,51.0,,utilitaire_camion,,3,1,1,1,6
202000010339,2020-12-27 22:40:00,2020,12,27,22,40,93,93027,AUTOROUTE A86,48.92862,2.41407,Nuit avec éclairage non allumé,Hors agglomération,Hors intersection,Normale,Deux véhicules - arrière,1,3,8,0,3,2,2,0,1,70,2,2,0,0,0,2,47.0,30.0,voiture,utilitaire_camion,4,1,1,1,2
202000010340,2020-12-29 22:15:00,2020,12,29,22,15,77,77121,A104,48.83408,2.66558,Nuit sans éclairage public,Hors agglomération,Hors intersection,Normale,Sans collision,1,3,1,0,1,1,1,3,3,90,1,1,0,0,0,1,28.0,,utilitaire_camion,,3,1,1,1,7
202000010341,2020-12-29 16:20:00,2020,12,29,16,20,77,77121,A4,48.831963,2.672918,Plein jour,Hors agglomération,Hors intersection,Pluie forte,,1,-1,3,0,2,1,2,0,1,110,4,6,1,0,0,5,30.0,37.0,voiture,voiture,1,1,1,3,-1
202000010342,2020-11-23 13:00:00,2020,11,23,13,0,47,47201,Giratoire de Beauregard,44.169846,0.60884,Plein jour,En agglomération,Giratoire,Normale,Autre collision,2,2,4,-1,1,1,1,5,8,50,1,1,0,1,0,0,60.0,,utilitaire_camion,,1,2,6,1,6
202000010343,2020-03-13 11:50:00,2020,3,13,11,50,47,47031,Avenue Lacapellette,44.178753,0.630126,Plein jour,En agglomération,Giratoire,Normale,Autre collision,4,2,2,-1,1,1,1,5,3,50,1,1,0,1,0,0,71.0,,voiture,,1,2,6,1,6
202000010344,2020-12-29 02:30:00,2020,12,29,2,30,988,98818,RUE JACQUES NATUREL,-22.24827,166.4672,Nuit avec éclairage allumé,En agglomération,Hors intersection,Normale,Autre collision,4,2,2,0,2,3,1,0,1,50,1,2,0,0,0,2,20.0,,voiture,,5,2,1,1,6
202000010345,2020-12-26 21:00:00,2020,12,26,21,0,988,98818,COOK (AVENUE JAMES),-22.2623,166.3967,Nuit sans éclairage public,En agglomération,Hors intersection,Normale,Autre collision,4,2,2,0,1,2,1,0,3,50,1,1,0,0,0,1,28.0,,voiture,,3,2,1,1,6
202000010346,2020-12-28 13:05:00,2020,12,28,13,5,973,97302,RABAN (ROUTE DE),4.9180548,-52.3127731,Plein jour,En agglomération,Hors intersection,Normale,Deux véhicules - côté,4,2,2,0,1,1,1,0,1,50,2,2,1,0,0,1,33.0,58.0,deux_roues,voiture,1,2,1,1,3
202000010347,2020-12-28 13:50:00,2020,12,28,13,50,69,69199,PIERRE SEMARD                       (BD),45.69454,4.84416,Plein jour,En agglomération,Intersection en X,Normale,Deux véhicules - côté,4,1,2,0,1,3,1,0,1,50,2,1,0,0,0,1,21.0,,voiture,,1,2,2,1,3
202000010348,2020-12-28 12:24:00,2020,12,28,12,24,972,97213,BELEME (VOIE COMMUNAL N°7 DE),14.64711,-61.01041,Plein jour,En agglomération,Hors intersection,Normale,Deux véhicules - frontale,3,2,1,0,1,1,1,0,1,50,2,2,0,0,0,2,64.0,58.0,voiture,voiture,1,2,1,1,1
202000010349,2020-12-28 11:00:00,2020,12,28,11,0,972,97213,AUTOROUTE A1,14.6185235,-61.0206091,Plein jour,En agglomération,Hors intersection,Normale,Deux véhicules - arrière,1,2,6,0,1,1,1,0,1,90,2,4,2,0,0,2,35.0,24.0,voiture,utilitaire_camion,1,2,1,1,2
202000010350,2020-12-26 16:14:00,2020,12,26,16,14,2A,2A004,MEZZAVIA ROUTE DE,41.94526,8.75864,Plein jour,En agglomération,Giratoire,Normale,Trois véhicules et plus - collisions multiples,2,2,1,0,4,3,1,0,1,50,4,5,3,0,1,1,15.0,75.0,deux_roues,voiture,1,2,6,1,5
202000010351,2020-12-21 19:20:00,2020,12,21,19,20,91,91103,RUE DES PRES D'AULNAY,48.612533,2.278168,Nuit avec éclairage non allumé,En agglomération,Intersection à plus de 4 branches,Pluie légère,Deux véhicules - côté,4,2,2,0,1,1,2,0,1,50,2,3,1,0,0,2,44.0,40.0,voiture,voiture,4,2,5,2,3
202000010352,2020-12-19 17:45:00,2020,12,19,17,45,91,91103,RUE DU COLONEL HUSSENOT,48.60224,2.30741,Nuit avec éclairage allumé,En agglomération,Hors intersection,Normale,Deux véhicules - côté,4,2,2,0,1,1,1,0,1,30,2,2,1,0,0,1,10.0,41.0,deux_roues,voiture,5,2,1,1,3
202000010353,2020-12-18 12:18:00,2020,12,18,12,18,91,91570,BRETIGNY (AVENUE),48.6271,2.29099,Plein jour,En agglomération,Hors intersection,Normale,Autre collision,4,2,2,0,1,1,1,0,1,50,1,2,1,0,0,1,42.0,,voiture,,1,2,1,1,6
202000010354,2020-12-28 17:10:00,2020,12,28,17,10,91,91471,DUBREUIL (BOULEVARD),48.696,2.17653,Nuit avec éclairage allumé,En agglomération,Hors intersection,Pluie légère,Deux véhicules - côté,4,1,2,0,1,1,2,0,1,50,2,2,0,0,0,2,23.0,19.0,deux_roues,utilitaire_camion,5,2,1,2,3
202000010355,2020-12-28 08:25:00,2020,12,28,8,25,91,91377,AV DU M DE LATTRE DE TASSIGNY,48.71555,2.29751,Crépuscule ou aube,En agglomération,Autre intersection,Pluie légère,Autre collision,2,3,4,0,1,1,2,5,8,50,1,1,0,0,0,1,23.0,,voiture,,2,2,9,2,6
202000010356,2020-12-28 17:30:00,2020,12,28,17,30,91,91514,RUE DE LA MARNIERE,48.68394,2.53683,Nuit avec éclairage allumé,En agglomération,Hors intersection,Pluie légère,Autre collision,6,-1,2,0,1,1,2,0,1,20,1,2,1,0,0,1,44.0,,voiture,,5,2,1,2,6
202000010357,2020-12-26 06:32:00,2020,12,26,6,32,87,87085,RUCHOUX (AVENUE DES),45.83404,1.24722,Nuit avec éclairage allumé,En agglomération,Hors intersection,Normale,Sans collision,4,2,2,0,1,1,1,0,1,50,1,1,0,0,0,1,61.0,,deux_roues,,5,2,1,1,7
202000010358,2020-12-24 15:53:00,2020,12,24,15,53,87,87085,GARIBALDI (AVENUE),45.83699,1.25988,Plein jour,En agglomération,Hors intersection,Pluie légère,Deux véhicules - côté,4,2,3,0,1,1,2,0,1,50,2,2,1,0,0,1,21.0,24.0,deux_roues,voiture,1,2,1,2,3
202000010359,2020-12-26 10:35:00,2020,12,26,10,35,86,86158,Route de Chardonchamp,46.618007,0.315611,Plein jour,En agglomération,Hors intersection,Normale,Autre collision,4,2,2,0,1,1,1,0,1,50,1,2,1,1,0,0,75.0,,voiture,,1,2,1,1,6
202000010360,2020-12-27 23:20:00,2020,12,27,23,20,82,82121,A20 sortie 64 Paris Toulouse,43.9953,1.35225,Nuit sans éclairage public,Hors agglomération,Hors intersection,Pluie légère,Autre collision,1,3,4,0,1,1,2,0,2,90,1,4,1,0,1,2,20.0,,voiture,,3,1,1,2,6
202000010361,2020-12-28 13:05:00,2020,12,28,13,5,71,71270,JULIENAS (ROUTE DE),46.2785426,4.790654,Plein jour,Hors agglomération,Hors intersection,Temps couvert,Deux véhicules - frontale,3,3,2,0,1,3,1,0,1,50,2,3,0,1,1,1,34.0,67.0,voiture,voiture,1,1,1,8,1
202000010362,2020-12-24 23:15:00,2020,12,24,23,15,67,67482,NEUHOF (ROUTE),48.54615,7.76556,Nuit avec éclairage non allumé,En agglomération,Intersection en T,Pluie légère,Autre collision,4,2,2,0,1,1,2,0,1,50,1,2,1,0,0,1,57.0,,voiture,,4,2,3,2,6
202000010363,2020-12-24 17:05:00,2020,12,24,17,5,67,67267,MARECHAL FOCH (RUE DU),48.559861,7.6914906,Nuit avec éclairage allumé,En agglomération,Hors intersection,Pluie légère,Autre collision,7,2,2,0,1,1,2,0,1,50,1,2,1,0,0,1,54.0,,voiture,,5,2,1,2,6
202000010364,2020-12-18 16:35:00,2020,12,18,16,35,64,64483,SALLAGOITY GARRA (RUE),43.38757,-1.65884,Plein jour,En agglomération,Hors intersection,Normale,Autre collision,4,1,1,0,1,1,1,0,4,50,1,2,1,0,1,0,47.0,,utilitaire_camion,,1,2,1,1,6
202000010365,2020-12-24 14:15:00,2020,12,24,14,15,63,63113,CLEMENTEL (BD ETIENNE),45.81309,3.10931,Plein jour,En agglomération,Intersection en T,Pluie légère,Autre collision,7,1,4,0,1,1,2,0,1,50,1,2,1,0,1,0,67.0,,voiture,,1,2,3,2,6
202000010366,2020-12-26 10:40:00,2020,12,26,10,40,60,60159,,49.41854,2.82484,Plein jour,En agglomération,Hors intersection,Normale,Autre collision,4,2,3,0,2,1,2,0,1,50,1,2,1,0,0,1,75.0,,voiture,,1,2,1,1,6
202000010367,2020-12-27 19:30:00,2020,12,27,19,30,59,59350,FAUBOURG DE ROUBAIX RUE,50.64229,3.08874,Nuit avec éclairage allumé,En agglomération,Intersection en T,Normale,Autre collision,4,2,2,0,1,1,2,0,1,50,1,2,1,0,0,1,40.0,,utilitaire_camion,,5,2,3,1,6
202000010368,2020-12-25 01:04:00,2020,12,25,1,4,57,57757,JAURES (RUE JEAN),49.35647,6.18233,Nuit avec éclairage non allumé,En agglomération,Hors intersection,Normale,Autre collision,4,2,2,0,1,1,2,0,1,50,1,2,1,0,0,1,29.0,,voiture,,4,2,1,1,6
202000010369,2020-12-26 18:10:00,2020,12,26,18,10,56,56107,Kermélo,47.72686,-3.38376,Nuit avec éclairage allumé,En agglomération,Giratoire,Pluie légère,Autre collision,3,2,4,0,1,1,2,5,1,50,1,2,1,0,0,1,62.0,,voiture,,5,2,6,2,6
202000010370,2020-12-23 15:10:00,2020,12,23,15,10,55,55545,METZ ( AVENUE DE ),49.14824,5.40201,Plein jour,En agglomération,Hors intersection,Pluie forte,Sans collision,4,2,2,0,1,1,2,0,1,50,1,2,1,0,0,1,18.0,,utilitaire_camion,,1,2,1,3,7
202000010371,2020-12-21 17:00:00,2020,12,21,17,0,54,54580,83 avenue de la libération,49.45572,5.92412,Plein jour,En agglomération,Intersection en T,Normale,Autre collision,4,2,2,0,2,1,2,0,1,50,1,2,1,1,0,0,79.0,,voiture,,1,2,3,1,6
202000010372,2020-12-28 17:36:00,2020,12,28,17,36,49,49267,A87N,47.46662,-0.5161,Crépuscule ou aube,En agglomération,Hors intersection,Normale,Deux véhicules - côté,1,1,2,0,1,1,2,0,1,80,2,2,0,0,0,2,26.0,33.0,voiture,voiture,2,2,1,1,3
202000010373,2020-12-24 15:40:00,2020,12,24,15,40,44,44184,RD 213,47.28912,-2.24158,Plein jour,Hors agglomération,Hors intersection,Normale,Deux véhicules - arrière,3,1,2,0,1,1,1,3,1,90,2,2,1,0,0,1,30.0,29.0,utilitaire_camion,voiture,1,1,1,1,2