accident_id,datetime,annee,mois,jour,heure,minute,departement,commune_insee,adresse,latitude,longitude,luminosite,agglomeration,intersection,meteo,collision,catr,circ,nbv,vosp,prof,plan,surf,infra,situ,vma,nb_vehicules,nb_usagers,nb_indemnes,nb_tues,nb_blesses_hosp,nb_blesses_legers,age_cond_1,age_cond_2,veh_type_cond_1,veh_type_cond_2,lum_code,agg_code,int_code,atm_code,col_code
202000010740,2020-05-03 16:15:00,2020,5,3,16,15,93,93053,PARIS (RUE DE),48.9038766,2.4707446,Plein jour,En agglomération,Autre intersection,Pluie légère,Deux véhicules - côté,3,2,2,0,1,1,2,5,1,50,2,3,1,0,0,2,30.0,33.0,voiture,voiture,1,2,9,2,3
202000010741,2020-05-13 13:40:00,2020,5,13,13,40,92,92051,BOURDON (BOULEVARD),48.89381,2.26804,Plein jour,En agglomération,Hors intersection,Normale,Deux véhicules - côté,3,1,2,0,1,1,1,1,1,50,2,1,0,0,0,1,35.0,,voiture,,1,2,1,1,3
202000010742,2020-05-13 17:29:00,2020,5,13,17,29,49,49127,La Bersillere Godivier,47.677488,-0.2693305,Plein jour,Hors agglomération,Hors intersection,Normale,Sans collision,4,2,1,0,1,2,1,0,3,80,1,2,0,0,0,2,60.0,,deux_roues,,1,1,1,1,7
202000010743,2020-05-12 14:45:00,2020,5,12,14,45,62,62774,D940,50.923225,1.717397,Plein jour,Hors agglomération,Hors intersection,Normale,Autre collision,3,2,2,0,2,3,1,0,1,90,1,1,0,0,1,0,22.0,,deux_roues,,1,1,1,1,6
202000010744,2020-05-11 23:45:00,2020,5,11,23,45,59,59202,Rue du Moulin,50.675219,2.833448,Nuit avec éclairage allumé,En agglomération,Giratoire,Normale,Sans collision,7,2,1,0,2,3,1,5,1,50,1,1,0,0,1,0,31.0,,voiture,,5,2,6,1,7
202000010745,2020-05-12 16:50:00,2020,5,12,16,50,59,59301,D102a,50.470767,3.52401,Plein jour,En agglomération,Intersection en T,Normale,Deux véhicules - côté,3,2,2,0,1,2,1,0,1,50,2,2,0,0,1,1,37.0,64.0,deux_roues,voiture,1,2,3,1,3
202000010746,2020-05-13 16:10:00,2020,5,13,16,10,57,57329,D19,49.256952,6.492169,Plein jour,Hors agglomération,Hors intersection,Normale,Deux véhicules - côté,3,2,2,0,1,1,1,0,1,80,2,2,1,0,1,0,25.0,23.0,deux_roues,utilitaire_camion,1,1,1,1,3
202000010747,2020-05-14 14:04:00,2020,5,14,14,4,56,56081,Creno Vras,48.062651,-3.617592,Plein jour,Hors agglomération,Hors intersection,Normale,Autre collision,3,2,2,0,1,1,1,0,3,80,1,2,0,1,1,0,41.0,,voiture,,1,1,1,1,6
202000010748,2020-05-14 10:15:00,2020,5,14,10,15,74,74083,2027 Route de Sallanches,45.899086,6.651088,Plein jour,Hors agglomération,Hors intersection,Temps couvert,Deux véhicules - arrière,3,2,2,0,2,2,2,0,1,80,2,4,3,0,0,1,72.0,20.0,voiture,voiture,1,1,1,8,2
202000010749,2020-05-13 18:45:00,2020,5,13,18,45,77,77109,"D75, PR016+500",48.600963,3.178396,Plein jour,Hors agglomération,Hors intersection,Normale,Sans collision,3,2,2,0,1,1,1,0,3,80,1,1,0,0,1,0,28.0,,voiture,,1,1,1,1,7
202000010750,2020-05-13 13:30:00,2020,5,13,13,30,67,67434,8 rue du maréchal FOCH,48.940082,7.086155,Plein jour,En agglomération,Hors intersection,Normale,Deux véhicules - frontale,3,2,2,0,1,1,1,0,1,-1,2,2,1,0,1,0,36.0,16.0,voiture,deux_roues,1,2,1,1,1
202000010751,2020-05-14 18:50:00,2020,5,14,18,50,71,71158,Route de Loisy,46.5711826,4.9871855,Plein jour,Hors agglomération,Hors intersection,Normale,Autre collision,3,2,2,0,1,3,1,0,3,80,1,1,0,0,1,0,35.0,,deux_roues,,1,1,1,1,6
202000010752,2020-05-14 12:30:00,2020,5,14,12,30,89,89199,N151,47.694158,3.536455,Plein jour,Hors agglomération,Hors intersection,Normale,Deux véhicules - frontale,2,2,2,0,1,1,1,0,1,80,2,2,1,1,0,0,59.0,97.0,utilitaire_camion,voiture,1,1,1,1,1
202000010753,2020-05-13 13:40:00,2020,5,13,13,40,61,61486,15 Rue de Domfront,48.763191,-0.73114,Plein jour,En agglomération,Hors intersection,Normale,Deux véhicules - frontale,3,2,2,0,2,2,1,0,1,50,2,4,0,0,0,4,67.0,26.0,voiture,voiture,1,2,1,1,1
202000010754,2020-05-13 18:00:00,2020,5,13,18,0,47,47086,boucaud,44.6854213,0.2045501,Plein jour,Hors agglomération,Hors intersection,Normale,Sans collision,3,-1,2,0,2,2,1,0,3,80,1,1,0,0,1,0,35.0,,deux_roues,,1,1,1,1,7
202000010755,2020-05-12 11:10:00,2020,5,12,11,10,29,29101,Lieu-dit Kleuz Fos,48.583066,-4.545819,Plein jour,Hors agglomération,Intersection en T,Normale,Autre collision,4,2,2,0,1,1,1,5,3,80,1,1,0,0,1,0,84.0,,voiture,,1,1,3,1,6
202000010756,2020-05-13 20:00:00,2020,5,13,20,0,31,31118,4480 Route de Fronton,43.816012,1.378557,Plein jour,Hors agglomération,Hors intersection,Normale,Sans collision,3,2,2,0,1,2,1,0,3,70,1,2,0,0,1,1,29.0,,voiture,,1,1,1,1,7
202000010757,2020-05-13 14:15:00,2020,5,13,14,15,02,02232,N2,49.22595,2.97369,Plein jour,Hors agglomération,Hors intersection,Normale,Autre collision,2,3,4,0,1,3,1,0,1,110,1,1,0,0,1,0,69.0,,voiture,,1,1,1,1,6
202000010758,2020-05-13 14:13:00,2020,5,13,14,13,84,84102,D104,43.896966,5.321334,Plein jour,Hors agglomération,Hors intersection,Normale,Deux véhicules - frontale,3,2,2,0,2,3,1,0,1,70,2,2,1,0,1,0,38.0,80.0,voiture,deux_roues,1,1,1,1,1
202000010759,2020-05-14 09:00:00,2020,5,14,9,0,15,15006,fignac,45.206569,2.441776,Plein jour,Hors agglomération,Hors intersection,Normale,Sans collision,4,2,1,0,1,1,1,0,3,90,1,1,0,0,1,0,55.0,,deux_roues,,1,1,1,1,7
202000010760,2020-05-13 20:20:00,2020,5,13,20,20,14,14371,D135,49.056345,0.259713,Plein jour,Hors agglomération,Hors intersection,Normale,Autre collision,3,2,1,0,2,4,1,0,3,50,1,5,3,0,1,1,20.0,,voiture,,1,1,1,1,6
202000010761,2020-05-14 09:30:00,2020,5,14,9,30,83,83032,D13,43.481881,6.175202,Plein jour,Hors agglomération,Hors intersection,Normale,Deux véhicules - frontale,3,2,1,0,1,1,1,2,1,80,2,2,1,0,1,0,58.0,52.0,voiture,voiture,1,1,1,1,1
202000010762,2020-05-13 11:30:00,2020,5,13,11,30,73,73204,D1006 Rue Porte de Ville,45.534852,5.675082,Plein jour,En agglomération,Hors intersection,Pluie légère,Autre collision,3,2,2,0,1,1,2,0,1,30,1,2,1,0,1,0,77.0,,voiture,,1,2,1,2,6
202000010763,2020-05-14 12:30:00,2020,5,14,12,30,40,40313,Route de Gouts,43.819737,-0.800974,Plein jour,Hors agglomération,Hors intersection,Normale,Sans collision,3,2,2,0,1,2,1,0,8,80,1,1,0,0,1,0,60.0,,deux_roues,,1,1,1,1,7
202000010764,2020-05-12 13:20:00,2020,5,12,13,20,27,27105,route de Brionne,49.295566,0.8705611,Plein jour,En agglomération,Hors intersection,Normale,Deux véhicules - frontale,4,2,2,0,1,1,1,0,1,30,2,2,1,0,1,0,68.0,35.0,voiture,utilitaire_camion,1,2,1,1,1
202000010765,2020-05-13 10:50:00,2020,5,13,10,50,67,67291,D148,48.8744838,7.6993541,Plein jour,Hors agglomération,Hors intersection,Normale,Sans collision,3,-1,2,0,1,1,1,0,1,80,1,1,0,0,1,0,44.0,,deux_roues,,1,1,1,1,7
202000010766,2020-04-12 10:30:00,2020,4,12,10,30,974,97422,76 Route du Piton Hyacinthe,-21.225179,55.53934,Plein jour,En agglomération,Hors intersection,Normale,Deux véhicules - frontale,4,2,2,0,3,4,1,0,1,50,2,2,1,0,1,0,29.0,21.0,voiture,deux_roues,1,2,1,1,1
202000010767,2020-04-10 01:57:00,2020,4,10,1,57,91,91085,46 Rue de l'Ormeteau,48.553978,2.205543,Nuit avec éclairage allumé,En agglomération,Hors intersection,Normale,Deux véhicules - frontale,4,2,2,0,1,1,1,0,4,50,2,2,0,0,1,1,53.0,55.0,voiture,deux_roues,5,2,1,1,1
202000010768,2020-05-14 13:15:00,2020,5,14,13,15,84,84118,D2,43.933321,5.359848,Plein jour,Hors agglomération,Hors intersection,Normale,,3,2,2,0,1,2,1,0,1,80,2,2,1,0,0,1,71.0,84.0,voiture,voiture,1,1,1,1,-1
202000010769,2020-05-14 12:25:00,2020,5,14,12,25,84,84112,Départementale D900,43.850622,5.480461,Plein jour,Hors agglomération,Hors intersection,Normale,Deux véhicules - frontale,3,2,2,0,2,4,1,0,1,80,2,2,0,0,2,0,56.0,19.0,voiture,voiture,1,1,1,1,1
202000010770,2020-05-14 15:30:00,2020,5,14,15,30,13,13089,D74,43.822065,4.938033,Plein jour,Hors agglomération,Intersection en X,Normale,Deux véhicules - côté,3,2,2,0,1,1,1,0,1,50,2,2,1,0,0,1,39.0,24.0,voiture,deux_roues,1,1,2,1,3
202000010771,2020-04-23 15:10:00,2020,4,23,15,10,33,33483,D13,44.891436,-0.396645,Plein jour,Hors agglomération,Hors intersection,Normale,Deux véhicules - arrière,3,2,2,0,1,2,1,0,1,70,2,2,1,0,1,0,30.0,50.0,utilitaire_camion,utilitaire_camion,1,1,1,1,2
202000010772,2020-05-13 18:10:00,2020,5,13,18,10,94,94069,A4,48.81723,2.4329,Plein jour,Hors agglomération,Hors intersection,Normale,Trois véhicules et plus - en chaîne,1,3,5,0,1,1,1,0,1,90,3,3,2,0,0,1,38.0,50.0,voiture,utilitaire_camion,1,1,1,1,4
202000010773,2020-03-13 15:00:00,2020,3,13,15,0,63,63032,Route de Romagant / rue du Masage,45.75158,3.09057,Plein jour,En agglomération,Intersection en X,Normale,Autre collision,7,2,-1,0,1,1,1,9,1,50,1,3,1,1,1,0,84.0,,voiture,,1,2,2,1,6
202000010774,2020-03-13 08:00:00,2020,3,13,8,0,93,93078,R JACQUES DUCLOS / BD ROBERT BALLENGER,48.9588679,2.549355,Plein jour,En agglomération,Intersection en T,Normale,Autre collision,3,3,4,-1,1,1,1,5,1,50,1,2,1,0,0,1,22.0,,voiture,,1,2,3,1,6
202000010775,2020-02-25 20:30:00,2020,2,25,20,30,93,93073,CHAPIT RE ( RUE DU),49.002,2.53699,Nuit avec éclairage allumé,Hors agglomération,Autre intersection,Pluie légère,Trois véhicules et plus - en chaîne,4,1,4,0,1,1,2,9,8,90,3,3,0,0,0,3,51.0,21.0,voiture,voiture,5,1,9,2,4
202000010776,2020-02-25 11:30:00,2020,2,25,11,30,93,93073,R DU CHAPITRE,49.00181,2.53709,Plein jour,En agglomération,Autre intersection,Normale,Deux véhicules - côté,4,1,2,0,1,1,1,0,1,50,2,2,0,0,0,2,41.0,42.0,utilitaire_camion,utilitaire_camion,1,2,9,1,3
202000010777,2020-05-12 06:35:00,2020,5,12,6,35,988,98818,LAMARTINE (RUE),-22.28507,166.44533,Plein jour,En agglomération,Hors intersection,Pluie légère,Autre collision,4,2,2,0,2,1,2,0,1,50,1,1,0,0,0,1,50.0,,deux_roues,,1,2,1,2,6
202000010778,2020-05-12 09:30:00,2020,5,12,9,30,974,97411,JAURES (BOULEVARD JEAN),-20.901,55.4924,Plein jour,Hors agglomération,Giratoire,Normale,Deux véhicules - frontale,2,3,4,0,1,1,1,0,1,70,2,3,2,0,0,1,24.0,58.0,voiture,voiture,1,1,6,1,1
202000010779,2020-05-12 20:30:00,2020,5,12,20,30,973,97302,ZEPHIR (ROCADE),4.92618,-52.3212719,Nuit avec éclairage allumé,Hors agglomération,Hors intersection,Pluie légère,Deux véhicules - côté,3,2,1,1,1,1,2,0,1,50,2,2,1,0,1,0,27.0,40.0,deux_roues,voiture,5,1,1,2,3
202000010780,2020-05-12 09:21:00,2020,5,12,9,21,973,97302,MADELEINE (ROUTE DE LA),4.9255708,-52.3241794,Plein jour,Hors agglomération,Hors intersection,Pluie forte,Deux véhicules - arrière,3,2,1,0,1,1,2,0,1,50,2,2,1,0,0,1,37.0,78.0,voiture,deux_roues,1,1,1,3,2
202000010781,2020-05-12 14:45:00,2020,5,12,14,45,69,69387,GUILLOTIERE (DE LA)                 (GR),45.75188,4.84705,Plein jour,En agglomération,Intersection en T,Normale,Deux véhicules - côté,4,1,3,1,1,1,1,0,1,30,2,2,1,0,0,1,22.0,48.0,deux_roues,voiture,1,2,3,1,3
202000010782,2020-05-12 05:50:00,2020,5,12,5,50,69,69389,BOURGOGNE (DE)                      (R ),45.7786,4.80245,Crépuscule ou aube,En agglomération,Intersection en X,Normale,Deux véhicules - côté,4,2,4,0,1,1,1,2,1,50,2,2,1,0,0,1,45.0,,voiture,,2,2,2,1,3
202000010783,2020-05-11 09:25:00,2020,5,11,9,25,2B,2B037,TOUTES RUES,42.59337,9.43875,Plein jour,Hors agglomération,Hors intersection,Normale,Deux véhicules - frontale,2,2,2,0,1,1,1,3,1,50,2,2,0,0,0,2,49.0,48.0,voiture,deux_roues,1,1,1,1,1
202000010784,2020-05-12 22:25:00,2020,5,12,22,25,91,91201,HENRI BARBUSSE(BOULEVARD),48.669406,2.414917,Nuit avec éclairage allumé,En agglomération,Hors intersection,Normale,Deux véhicules - frontale,4,2,2,0,1,1,1,0,1,50,2,2,1,0,1,0,19.0,29.0,deux_roues,transport_commun,5,2,1,1,1
202000010785,2020-05-11 17:05:00,2020,5,11,17,5,87,87085,MAS-BOUYOL  (CITE ET BOULEVARD DU),45.82748,1.22636,Plein jour,En agglomération,Intersection en X,Pluie légère,Deux véhicules - côté,4,3,6,0,1,1,2,5,1,50,2,2,1,0,0,1,23.0,27.0,voiture,voiture,1,2,2,2,3
202000010786,2020-02-25 13:20:00,2020,2,25,13,20,75,75108,RUE DE ROME,48.875247,2.324191,Plein jour,En agglomération,Intersection en X,Pluie légère,Deux véhicules - côté,4,2,4,0,2,1,2,0,1,50,2,3,2,0,0,1,46.0,32.0,voiture,deux_roues,1,2,2,2,3
202000010787,2020-03-01 15:50:00,2020,3,1,15,50,75,75108,RUE DE BERRI,48.872408,2.304107,Plein jour,En agglomération,Intersection en T,Pluie forte,Autre collision,4,1,2,0,1,1,2,0,1,50,1,2,1,0,0,1,36.0,,voiture,,1,2,3,3,6
202000010788,2020-02-28 12:30:00,2020,2,28,12,30,75,75108,AVENUE DE FRIEDLAND,48.874152,2.298914,Plein jour,En agglomération,Intersection en X,Pluie légère,Deux véhicules - côté,4,2,2,0,2,1,2,0,1,50,2,2,0,0,0,2,52.0,32.0,deux_roues,deux_roues,1,2,2,2,3
202000010789,2020-02-28 11:56:00,2020,2,28,11,56,75,75108,PLACE DE LA CONCORDE,48.865855,2.319889,Plein jour,En agglomération,Place,Normale,Deux véhicules - côté,4,1,8,0,1,1,1,5,1,50,2,4,3,0,0,1,45.0,55.0,voiture,voiture,1,2,7,1,3
202000010790,2020-02-27 12:05:00,2020,2,27,12,5,75,75108,RUE BALZAC,48.875889,2.303153,Plein jour,En agglomération,Intersection en T,Pluie légère,Autre collision,4,1,2,0,1,1,2,0,1,50,1,2,1,0,0,1,40.0,,utilitaire_camion,,1,2,3,2,6
202000010791,2020-02-25 13:30:00,2020,2,25,13,30,75,75108,PLACE DE LA CONCORDE,48.865611,2.320692,Plein jour,En agglomération,Place,Pluie légère,Trois véhicules et plus - collisions multiples,4,4,8,0,1,1,2,0,1,50,3,5,3,0,0,2,57.0,39.0,voiture,voiture,1,2,7,2,5
202000010792,2020-02-25 17:13:00,2020,2,25,17,13,75,75108,AVENUE HOCHE,48.876558,2.301701,Plein jour,En agglomération,Intersection en X,Normale,Autre collision,4,2,4,0,1,1,2,0,1,50,1,2,1,0,0,1,41.0,,voiture,,1,2,2,1,6
202000010793,2020-02-27 08:30:00,2020,2,27,8,30,75,75107,QUAI VOLTAIRE,48.859565,2.329325,Plein jour,En agglomération,Intersection en X,Pluie forte,Deux véhicules - côté,4,1,2,0,1,1,2,0,1,50,2,2,1,0,0,1,45.0,26.0,deux_roues,voiture,1,2,2,3,3
202000010794,2020-02-25 16:32:00,2020,2,25,16,32,75,75107,AVENUE DE SUFFREN,48.847899,2.306149,Plein jour,En agglomération,Intersection en X,Normale,Autre collision,4,2,4,0,1,1,1,0,1,50,1,2,1,0,0,1,58.0,,voiture,,1,2,2,1,6
202000010795,2020-02-26 10:10:00,2020,2,26,10,10,75,75103,RUE VOLTA,48.865233,2.357133,Plein jour,En agglomération,Intersection en X,Pluie légère,Autre collision,4,1,1,0,1,1,2,0,1,50,1,1,0,0,0,1,,,,,1,2,2,2,6
202000010796,2020-02-25 07:30:00,2020,2,25,7,30,75,75104,QUAI DES CELESTINS,48.852243,2.360751,Crépuscule ou aube,En agglomération,Hors intersection,Normale,Deux véhicules - arrière,4,2,4,0,1,1,2,0,1,50,2,2,1,0,0,1,31.0,30.0,voiture,deux_roues,2,2,1,1,2
202000010797,2020-03-02 03:15:00,2020,3,2,3,15,75,75104,BOULEVARD DE SEBASTOPOL,48.86055,2.34936,Nuit avec éclairage allumé,En agglomération,Intersection en X,Pluie légère,Deux véhicules - arrière,4,1,3,3,1,1,2,0,1,50,2,2,1,0,0,1,40.0,32.0,voiture,voiture,5,2,2,2,2
202000010798,2020-02-28 23:20:00,2020,2,28,23,20,75,75101,AVENUE GENERAL LEMONNIER,48.863731,2.332236,Nuit avec éclairage allumé,En agglomération,Intersection en X,Pluie légère,Sans collision,4,1,4,1,3,1,2,-1,5,50,1,1,0,0,0,1,38.0,,deux_roues,,5,2,2,2,7
202000010799,2020-02-24 06:40:00,2020,2,24,6,40,75,75104,QUAI HENRI IV,48.847958,2.363914,Nuit avec éclairage allumé,En agglomération,Hors intersection,Normale,,4,1,2,0,1,1,1,0,1,50,2,1,0,0,0,1,39.0,,voiture,,5,2,1,1,-1
202000010800,2020-03-01 06:10:00,2020,3,1,6,10,75,75104,BOULEVARD BESSIERES,48.858044,2.349637,Nuit avec éclairage allumé,En agglomération,Intersection à plus de 4 branches,Normale,Autre collision,4,1,2,0,1,1,1,0,4,50,1,1,0,0,0,1,24.0,,deux_roues,,5,2,5,1,6
202000010801,2020-03-01 00:50:00,2020,3,1,0,50,75,75104,RUE FRANCOIS MIRON,48.855578,2.357391,Nuit avec éclairage allumé,En agglomération,Intersection en T,Normale,Sans collision,4,1,2,0,1,1,1,0,1,30,1,1,0,0,0,1,27.0,,deux_roues,,5,2,3,1,7
202000010802,2020-02-29 15:45:00,2020,2,29,15,45,75,75104,QUAI DES CELESTINS,48.853322,2.357785,Plein jour,En agglomération,Intersection en X,Pluie légère,Deux véhicules - côté,4,2,3,0,1,1,2,0,1,50,2,2,1,0,0,1,36.0,52.0,voiture,deux_roues,1,2,2,2,3
202000010803,2020-02-25 15:40:00,2020,2,25,15,40,75,75102,BOULEVARD DE SEBASTOPOL,48.867033,2.352973,Plein jour,En agglomération,Intersection en T,Pluie légère,Sans collision,4,1,4,1,1,1,2,-1,5,50,1,1,0,0,0,1,45.0,,deux_roues,,1,2,3,2,7
202000010804,2020-03-03 10:55:00,2020,3,3,10,55,94,94080,FONTENAY (R DE),48.84775,2.43949,Plein jour,En agglomération,Hors intersection,Normale,Deux véhicules - frontale,3,-1,2,0,1,1,1,0,1,50,2,2,1,0,0,1,67.0,23.0,utilitaire_camion,deux_roues,1,2,1,1,1
202000010805,2020-02-26 21:30:00,2020,2,26,21,30,94,94080,FOCH (AV),48.8458912,2.4432628,Nuit avec éclairage allumé,En agglomération,Hors intersection,Normale,Autre collision,4,2,2,0,1,1,2,0,1,50,1,2,1,0,1,0,21.0,,voiture,,5,2,1,1,6
202000010806,2020-02-28 12:40:00,2020,2,28,12,40,94,94080,CHATEAU (AV DU),48.84528,2.43649,Plein jour,En agglomération,Hors intersection,Normale,Deux véhicules - côté,4,2,2,0,1,1,1,0,1,50,2,2,1,0,0,1,20.0,22.0,voiture,deux_roues,1,2,1,1,3
202000010807,2020-02-25 09:50:00,2020,2,25,9,50,94,94080,PARIS (AV DE),48.844766,2.4359518,Plein jour,En agglomération,Hors intersection,Normale,Deux véhicules - arrière,3,2,4,0,1,1,1,0,1,50,2,2,1,0,0,1,55.0,57.0,deux_roues,voiture,1,2,1,1,2
202000010808,2020-03-02 20:17:00,2020,3,2,20,17,94,94078,HUIT MAI 1945 (AV DU),48.7283,2.4462,Nuit sans éclairage public,En agglomération,Hors intersection,Normale,Deux véhicules - côté,2,2,4,0,2,1,1,0,1,50,2,2,1,0,0,1,29.0,21.0,utilitaire_camion,deux_roues,3,2,1,1,3
202000010809,2020-03-02 17:30:00,2020,3,2,17,30,94,94078,FUSILLES (AV DES),48.728751,2.44777,Plein jour,En agglomération,Hors intersection,Temps couvert,Sans collision,4,-1,3,0,2,2,8,0,1,50,1,2,1,0,0,1,40.0,,deux_roues,,1,2,1,8,7
202000010810,2020-02-29 15:50:00,2020,2,29,15,50,94,94074,JULIEN DURANTON (avenue),48.76147,2.44872,Plein jour,En agglomération,Giratoire,Normale,Sans collision,3,1,2,0,1,3,1,0,1,50,1,3,0,0,0,3,19.0,,voiture,,1,2,6,1,7
202000010811,2020-02-27 18:20:00,2020,2,27,18,20,94,94044,GABRIEL PERI (AV),48.75657,2.48344,Crépuscule ou aube,En agglomération,Giratoire,Normale,Deux véhicules - côté,3,1,2,0,1,2,1,0,1,50,2,2,1,0,0,1,36.0,29.0,voiture,deux_roues,2,2,6,1,3
202000010812,2020-03-03 12:20:00,2020,3,3,12,20,94,94068,GRADE (AV),48.8069718,2.479038,Plein jour,En agglomération,Intersection en T,Normale,Deux véhicules - côté,4,2,2,0,1,1,1,0,1,50,2,2,1,0,0,1,26.0,35.0,voiture,deux_roues,1,2,3,1,3
202000010813,2020-03-03 11:30:00,2020,3,3,11,30,94,94068,FOCH (AV),48.799,2.4985,Plein jour,En agglomération,Hors intersection,Normale,Deux véhicules - côté,3,2,1,0,1,1,1,0,1,50,2,2,1,0,0,1,35.0,60.0,voiture,deux_roues,1,2,1,1,3
202000010814,2020-03-02 09:15:00,2020,3,2,9,15,94,94068,CHAMPIGNY (BD DE),48.80839,2.50891,Plein jour,En agglomération,Hors intersection,Pluie légère,Sans collision,3,2,2,3,1,1,2,0,1,50,1,1,0,0,0,1,18.0,,deux_roues,,1,2,1,2,7
202000010815,2020-02-28 10:30:00,2020,2,28,10,30,94,94068,RABELAIS (BD),48.8052418,2.4840769,Plein jour,En agglomération,Giratoire,Normale,Sans collision,3,1,1,0,1,1,1,0,1,50,1,1,0,0,0,1,52.0,,voiture,,1,2,6,1,7
202000010816,2020-02-27 13:50:00,2020,2,27,13,50,94,94068,PONT DE CRETEIL (R DU),48.80265,2.47173,Plein jour,En agglomération,Hors intersection,Pluie légère,Sans collision,3,1,2,0,1,1,2,1,1,50,1,1,0,0,0,1,27.0,,deux_roues,,1,2,1,2,7
202000010817,2020-02-29 11:40:00,2020,2,29,11,40,94,94015,ETIENNE DE SILHOUETTE (AV),48.84371,2.52638,Plein jour,En agglomération,Hors intersection,Pluie légère,Autre collision,3,2,2,0,1,1,2,0,1,30,1,2,1,0,0,1,46.0,,transport_commun,,1,2,1,2,6
202000010818,2020-02-26 13:45:00,2020,2,26,13,45,94,94016,MARCEL BONNET (R),48.795892,2.32527,Plein jour,En agglomération,Intersection en X,Pluie légère,Trois véhicules et plus - en chaîne,3,2,2,0,2,1,2,0,1,50,3,2,1,0,0,1,27.0,20.0,voiture,voiture,1,2,2,2,4
202000010819,2020-03-01 18:15:00,2020,3,1,18,15,94,94081,ROBERT DEGERT (R),48.805212,2.373934,Plein jour,En agglomération,Hors intersection,Temps couvert,Sans collision,4,2,2,0,1,1,2,0,1,50,1,1,0,0,0,1,41.0,,voiture,,1,2,1,8,7
202000010820,2020-02-27 08:40:00,2020,2,27,8,40,94,94041,PIERRE SEMARD (AV),48.81937,2.38034,Plein jour,En agglomération,Hors intersection,Pluie légère,Deux véhicules - côté,3,2,2,0,1,1,2,0,1,50,2,2,1,0,0,1,53.0,70.0,deux_roues,voiture,1,2,1,2,3
202000010821,2020-02-26 11:45:00,2020,2,26,11,45,94,94041,PIERRE SEMARD (AV),48.81976,2.37999,Plein jour,En agglomération,Hors intersection,Temps couvert,Trois véhicules et plus - collisions multiples,3,2,0,0,1,1,2,0,1,50,3,3,2,0,0,1,36.0,76.0,utilitaire_camion,voiture,1,2,1,8,5
202000010822,2020-02-24 23:15:00,2020,2,24,23,15,94,94041,REPUBLIQUE (AV DE LA),48.802424,2.397399,Nuit avec éclairage allumé,En agglomération,Intersection en T,Pluie légère,Deux véhicules - frontale,3,2,3,0,1,1,2,5,1,50,2,2,1,0,0,1,19.0,26.0,deux_roues,voiture,5,2,3,2,1
202000010823,2020-03-02 18:00:00,2020,3,2,18,0,94,94073,VINCENT VAN GOGH (PL),48.7694283,2.3888507,Crépuscule ou aube,En agglomération,Autre intersection,Normale,Autre collision,4,2,2,0,1,3,1,0,1,50,1,2,1,0,0,1,57.0,,utilitaire_camion,,2,2,9,1,6
202000010824,2020-03-02 17:40:00,2020,3,2,17,40,94,94073,GENERAL DE GAULLE (AV DU),48.7668056,2.3851973,Plein jour,En agglomération,Giratoire,Normale,Deux véhicules - côté,3,1,1,0,1,2,2,5,1,50,2,2,1,0,0,1,56.0,20.0,utilitaire_camion,deux_roues,1,2,6,1,3
202000010825,2020-03-02 14:00:00,2020,3,2,14,0,94,94073,LUXEMBOURG (AV DU),48.7585,2.37277,Plein jour,En agglomération,Hors intersection,Pluie forte,Sans collision,4,2,4,0,1,1,2,0,1,50,1,4,0,0,0,4,20.0,,voiture,,1,2,1,3,7
202000010826,2020-03-01 15:40:00,2020,3,1,15,40,94,94065,RUE DU VIADUC,48.76116,2.3506,Plein jour,En agglomération,Intersection en X,Pluie forte,Deux véhicules - côté,4,3,0,0,1,1,2,0,1,50,2,2,1,0,0,1,32.0,65.0,utilitaire_camion,voiture,1,2,2,3,3
202000010827,2020-02-27 14:05:00,2020,2,27,14,5,94,94065,PIROUETTE (R DE LA),48.7492913,2.3497084,Plein jour,En agglomération,Intersection en T,Pluie légère,Autre collision,4,1,1,0,1,1,2,0,1,50,1,2,1,0,1,0,59.0,,voiture,,1,2,3,2,6
202000010828,2020-02-26 18:30:00,2020,2,26,18,30,94,94065,CHARLES LINDBERGH (AV),48.75182,2.35307,Nuit avec éclairage allumé,En agglomération,Hors intersection,Normale,Trois véhicules et plus - collisions multiples,3,3,0,0,1,2,2,0,1,50,3,3,2,0,0,1,47.0,57.0,voiture,deux_roues,5,2,1,1,5
202000010829,2020-02-25 08:15:00,2020,2,25,8,15,94,94021,GENERAL DE GAULLE (AV DU),48.7730301,2.3385029,Plein jour,En agglomération,Intersection en T,Pluie légère,Deux véhicules - arrière,3,3,4,0,1,1,2,0,1,50,2,2,1,0,0,1,63.0,66.0,voiture,voiture,1,2,3,2,2
202000010830,2020-02-26 09:30:00,2020,2,26,9,30,94,94033,STALINGRAD (AV DE),48.85267,2.44932,Plein jour,En agglomération,Intersection en X,Normale,Deux véhicules - frontale,3,2,2,0,1,1,2,5,1,50,2,2,1,0,0,1,57.0,20.0,deux_roues,voiture,1,2,2,1,1
202000010831,2020-03-02 11:10:00,2020,3,2,11,10,94,94028,POMPADOUR(CARREFOUR),48.774682,2.4390648,Plein jour,En agglomération,Hors intersection,Pluie forte,Deux véhicules - arrière,2,1,0,0,1,1,2,0,1,50,2,2,1,0,0,1,35.0,42.0,utilitaire_camion,voiture,1,2,1,3,2
202000010832,2020-02-25 22:15:00,2020,2,25,22,15,94,94028,LYAUTEY.(AVENUE DU MARECHAL),48.7911,2.4479,Nuit avec éclairage non allumé,En agglomération,Hors intersection,Pluie légère,Deux véhicules - arrière,4,-1,2,0,1,1,2,0,1,50,2,2,1,0,0,1,18.0,28.0,deux_roues,voiture,4,2,1,2,2