accident_id,datetime,annee,mois,jour,heure,minute,departement,commune_insee,adresse,latitude,longitude,luminosite,agglomeration,intersection,meteo,collision,catr,circ,nbv,vosp,prof,plan,surf,infra,situ,vma,nb_vehicules,nb_usagers,nb_indemnes,nb_tues,nb_blesses_hosp,nb_blesses_legers,age_cond_1,age_cond_2,veh_type_cond_1,veh_type_cond_2,lum_code,agg_code,int_code,atm_code,col_code
202000010833,2020-02-24 15:50:00,2020,2,24,15,50,94,94011,BICENTENAIRE.(AVENUE DU),48.76473,2.48817,Plein jour,En agglomération,Autre intersection,Temps couvert,Autre collision,9,2,2,0,1,1,1,9,1,50,1,2,1,0,0,1,30.0,,voiture,,1,2,9,8,6
202000010834,2020-02-29 14:50:00,2020,2,29,14,50,94,94022,POSTE (R DE LA),48.76461,2.40961,Plein jour,En agglomération,Hors intersection,Normale,Autre collision,4,2,2,0,1,1,1,1,1,30,1,4,3,0,0,1,28.0,,voiture,,1,2,1,1,6
202000010835,2020-02-28 17:35:00,2020,2,28,17,35,94,94022,VICTOR HUGO (AV),48.770797,2.427415,Plein jour,En agglomération,Hors intersection,Pluie légère,Autre collision,9,2,2,3,1,1,2,0,1,30,1,2,1,0,0,1,39.0,,transport_commun,,1,2,1,2,6
202000010836,2020-02-28 15:40:00,2020,2,28,15,40,94,94054,CHARLES TILLON (route),48.7441,2.3863,Plein jour,En agglomération,Hors intersection,Pluie légère,Deux véhicules - arrière,3,2,2,0,1,1,2,0,1,50,2,2,1,0,0,1,29.0,31.0,utilitaire_camion,utilitaire_camion,1,2,1,2,2
202000010837,2020-02-28 14:50:00,2020,2,28,14,50,94,94073,STALINGRAD (BD DE),48.7708639,2.4012755,Plein jour,En agglomération,Hors intersection,Pluie légère,Deux véhicules - arrière,3,3,2,0,1,1,2,0,1,30,2,2,1,0,0,1,56.0,25.0,voiture,transport_commun,1,2,1,2,2
202000010838,2020-02-27 18:45:00,2020,2,27,18,45,94,94053,GENERAL DE GAULLE (R DU),48.77771,2.54396,Plein jour,En agglomération,Hors intersection,Normale,Autre collision,4,2,2,0,1,1,1,0,1,50,1,2,1,0,0,1,24.0,,voiture,,1,2,1,1,6
202000010839,2020-02-26 06:50:00,2020,2,26,6,50,94,94053,GENERAL DE GAULLE (R DU),48.777,2.54,Nuit avec éclairage allumé,En agglomération,Hors intersection,Pluie légère,Trois véhicules et plus - en chaîne,4,2,2,0,2,1,2,0,1,50,3,3,1,0,0,2,39.0,28.0,voiture,voiture,5,2,1,2,4
202000010840,2020-02-25 13:48:00,2020,2,25,13,48,94,94069,ALL VACASSY,48.822689,2.424361,Plein jour,En agglomération,Hors intersection,Pluie légère,Deux véhicules - frontale,5,1,1,0,2,2,2,0,1,30,2,5,2,0,0,3,34.0,23.0,voiture,voiture,1,2,1,2,1
202000010841,2020-03-03 12:55:00,2020,3,3,12,55,94,94017,ALBERT THOMAS (R),48.81437,2.51166,Plein jour,En agglomération,Hors intersection,Normale,Autre collision,4,1,1,0,2,1,1,0,1,50,1,1,0,0,0,1,,,,,1,2,1,1,6
202000010842,2020-02-29 19:15:00,2020,2,29,19,15,94,94017,REPUBLIQUE (AV DE LA),48.82095,2.51082,Nuit avec éclairage allumé,En agglomération,Hors intersection,Pluie légère,Autre collision,3,2,2,0,1,1,2,0,1,30,1,2,1,0,0,1,73.0,,voiture,,5,2,1,2,6
202000010843,2020-02-29 15:15:00,2020,2,29,15,15,94,94017,PROFESSEUR PAUL MILLIEZ (R DU),48.8161,2.5325,Plein jour,En agglomération,Hors intersection,Normale,Deux véhicules - côté,4,2,0,0,2,1,1,0,1,50,2,1,0,0,0,1,53.0,,deux_roues,,1,2,1,1,3
202000010844,2020-02-28 08:50:00,2020,2,28,8,50,94,94017,PIERRE RENAUDEL (R),48.813409,2.509364,Plein jour,En agglomération,Hors intersection,Normale,Deux véhicules - frontale,4,1,0,0,2,1,1,0,1,50,2,2,1,0,0,1,14.0,62.0,deux_roues,voiture,1,2,1,1,1
202000010845,2020-02-27 07:00:00,2020,2,27,7,0,94,94017,GENERAL DE GAULLE (AV DU),48.826866,2.509957,Crépuscule ou aube,En agglomération,Intersection en Y,Pluie forte,Deux véhicules - côté,3,1,2,0,1,1,2,0,1,50,2,2,1,0,0,1,31.0,45.0,deux_roues,voiture,2,2,4,3,3
202000010846,2020-02-11 09:15:00,2020,2,11,9,15,94,94017,GENERAL DE GAULLE (AV DU),48.8273095,2.5117761,Plein jour,En agglomération,Hors intersection,Normale,Autre collision,3,-1,0,0,1,1,9,0,1,30,1,2,1,0,0,1,43.0,,voiture,,1,2,1,1,6
202000010847,2020-02-27 13:10:00,2020,2,27,13,10,94,94071,GEORGES POMPIDOU (AV),48.77144,2.52506,Plein jour,En agglomération,Intersection en T,Pluie légère,Deux véhicules - côté,3,2,0,0,1,1,2,0,1,50,2,2,1,0,0,1,20.0,32.0,utilitaire_camion,utilitaire_camion,1,2,3,2,3
202000010848,2020-02-27 22:25:00,2020,2,27,22,25,94,94028,CHERET(R ET IMP),48.805062,2.457534,Nuit avec éclairage allumé,En agglomération,Hors intersection,Normale,Autre collision,4,2,1,0,1,1,1,0,1,50,1,1,0,0,0,1,,,,,5,2,1,1,6
202000010849,2020-02-25 10:15:00,2020,2,25,10,15,94,94002,BLANQUI (QU),48.79916,2.41924,Plein jour,En agglomération,Hors intersection,Normale,Deux véhicules - arrière,3,3,4,0,1,1,1,0,1,50,2,2,1,0,0,1,17.0,42.0,deux_roues,voiture,1,2,1,1,2
202000010850,2020-03-03 19:00:00,2020,3,3,19,0,93,93073,CHAPIT RE ( RUE DU),49.0021691,2.536962,Nuit avec éclairage allumé,En agglomération,Hors intersection,Normale,Deux véhicules - frontale,4,2,4,0,1,1,1,0,1,50,2,2,1,0,0,1,89.0,52.0,voiture,voiture,5,2,1,1,1
202000010851,2020-03-03 14:20:00,2020,3,3,14,20,93,93078,BD ROBERT BALLANGER,48.9556296,2.5393268,Plein jour,En agglomération,Hors intersection,Pluie légère,Autre collision,3,2,2,0,1,1,2,0,1,50,1,2,1,0,0,1,82.0,,voiture,,1,2,1,2,6
202000010852,2020-03-02 23:10:00,2020,3,2,23,10,93,93073,CHAPIT RE ( RUE DU),49.0032529,2.5368203,Nuit avec éclairage allumé,En agglomération,Hors intersection,Normale,Trois véhicules et plus - en chaîne,9,1,2,0,1,1,1,2,1,50,3,3,2,0,0,1,23.0,33.0,voiture,voiture,5,2,1,1,4
202000010853,2020-03-01 18:37:00,2020,3,1,18,37,93,93078,AV GEORGES CLEMENCEAU,48.96024,2.55635,Nuit avec éclairage allumé,En agglomération,Hors intersection,Pluie légère,Autre collision,3,3,4,0,1,1,2,0,1,50,1,1,0,0,0,1,27.0,,voiture,,5,2,1,2,6
202000010854,2020-02-28 23:40:00,2020,2,28,23,40,93,93078,EUROPE (AVENUE DE L'),48.9571666,2.5577791,Nuit avec éclairage allumé,En agglomération,Hors intersection,Normale,Deux véhicules - côté,4,2,2,0,1,1,1,9,1,50,2,3,2,0,0,1,30.0,53.0,autre,autre,5,2,1,1,3
202000010855,2020-02-27 16:45:00,2020,2,27,16,45,93,93078,AV VAUBAN,48.962,2.5547,Plein jour,En agglomération,Hors intersection,Vent fort / tempête,Deux véhicules - côté,3,3,3,0,1,1,1,0,1,50,2,2,1,0,0,1,41.0,27.0,deux_roues,voiture,1,2,1,6,3
202000010856,2020-02-27 07:40:00,2020,2,27,7,40,93,93073,RTE DE LA CROIX DU PLATRE / AV CAROLE,48.98407,2.52584,Crépuscule ou aube,En agglomération,Giratoire,Pluie forte,Trois véhicules et plus - en chaîne,4,1,1,0,1,2,2,0,1,50,3,3,0,0,0,3,19.0,29.0,voiture,voiture,2,2,6,3,4
202000010857,2020-02-27 13:40:00,2020,2,27,13,40,93,93059,PARMENTIER (RUE) COTE N° IMPAIRS,48.96534,2.37349,Plein jour,En agglomération,Autre intersection,Normale,Trois véhicules et plus - en chaîne,4,2,2,0,1,1,1,0,1,50,3,3,0,0,0,3,29.0,23.0,voiture,voiture,1,2,9,1,4
202000010858,2020-02-25 14:00:00,2020,2,25,14,0,93,93072,AV LOUIS BORDES,48.95523,2.38533,Plein jour,En agglomération,Hors intersection,Temps couvert,Autre collision,4,2,2,0,1,3,1,0,1,50,1,2,1,0,0,1,35.0,,voiture,,1,2,1,8,6
202000010859,2020-03-02 19:35:00,2020,3,2,19,35,93,93005,R AMBOURGET,48.94772,2.50705,Nuit avec éclairage non allumé,En agglomération,Hors intersection,Pluie légère,Autre collision,4,1,1,0,1,1,2,0,1,50,1,1,0,0,0,1,,,,,4,2,1,2,6
202000010860,2020-02-25 23:40:00,2020,2,25,23,40,93,93073,BARBUSSE (RUE HENRI),48.9620165,2.5705282,Nuit avec éclairage allumé,En agglomération,Hors intersection,Normale,Autre collision,3,2,2,0,1,1,1,0,1,50,1,2,1,0,0,1,52.0,,voiture,,5,2,1,1,6
202000010861,2020-03-02 21:00:00,2020,3,2,21,0,93,93070,Rue Alfred Ottino,48.9046227,2.3321918,Nuit avec éclairage allumé,En agglomération,Autre intersection,Normale,Autre collision,4,1,1,0,1,1,1,0,1,50,1,1,0,0,0,1,,,,,5,2,9,1,6
202000010862,2020-02-27 11:15:00,2020,2,27,11,15,93,93070,DOCTEUR BAUER(RUE DU) :N°  75 AU 129,48.9089922,2.3393103,Plein jour,En agglomération,Autre intersection,Pluie légère,Autre collision,3,2,1,0,1,1,2,0,4,50,1,2,1,0,0,1,26.0,,autre,,1,2,9,2,6
202000010863,2020-02-25 16:40:00,2020,2,25,16,40,93,93070,SEINE (QUAI DE),48.91402,2.31718,Plein jour,En agglomération,Hors intersection,Pluie légère,Deux véhicules - côté,3,2,3,0,1,1,2,0,1,50,2,2,1,0,0,1,30.0,29.0,voiture,utilitaire_camion,1,2,1,2,3
202000010864,2020-02-25 11:15:00,2020,2,25,11,15,93,93066,R FRANCIS DE PRESSENSE / AV DU GENERAL DE GAULLE,48.92173,2.36677,Plein jour,En agglomération,Intersection en Y,Pluie légère,Autre collision,3,2,3,0,1,1,1,2,3,50,1,1,0,0,0,1,37.0,,voiture,,1,2,4,2,6
202000010865,2020-02-25 20:00:00,2020,2,25,20,0,93,93066,"""PHARMA. UNIVERSITE 42, AV. STALINGRAD""",48.9460186,2.3666993,Nuit avec éclairage allumé,En agglomération,Hors intersection,Pluie forte,Autre collision,3,2,4,0,1,1,2,0,1,50,1,2,1,0,1,0,24.0,,autre,,5,2,1,3,6
202000010866,2020-02-22 22:50:00,2020,2,22,22,50,93,93066,FRANCE ANATOLE ENTREE A86,48.9231718,2.34711,Nuit avec éclairage allumé,En agglomération,Hors intersection,Normale,Autre collision,4,1,3,0,2,3,1,0,8,50,1,4,2,0,0,2,20.0,,voiture,,5,2,1,1,6
202000010867,2020-02-25 13:10:00,2020,2,25,13,10,93,93064,R JULES GUESDE / R DES GRAVIERS,48.87423,2.49287,Plein jour,En agglomération,Intersection en X,Pluie légère,Deux véhicules - frontale,4,2,2,0,3,1,2,5,1,50,2,2,1,0,0,1,53.0,44.0,deux_roues,voiture,1,2,2,2,1
202000010868,2020-02-27 08:25:00,2020,2,27,8,25,93,93053,PARC (RUE DU),48.89185,2.44498,Plein jour,En agglomération,Intersection en X,Pluie forte,Deux véhicules - côté,3,2,4,0,2,1,2,0,1,50,2,3,2,0,0,1,23.0,31.0,voiture,deux_roues,1,2,2,3,3
202000010869,2020-02-29 15:40:00,2020,2,29,15,40,93,93051,MONT D'EST (BD),48.84217,2.54301,Plein jour,En agglomération,Hors intersection,Normale,Deux véhicules - côté,3,2,6,0,1,1,1,0,1,50,2,3,2,0,0,1,28.0,,voiture,,1,2,1,1,3
202000010870,2020-03-02 17:30:00,2020,3,2,17,30,93,93050,PAUL ET CAMILLE THOMOUX (RUE) COTE PAIR,48.8661737,2.5291157,Plein jour,En agglomération,Hors intersection,Normale,Deux véhicules - côté,3,2,2,0,1,1,1,0,1,50,2,2,1,0,0,1,25.0,61.0,deux_roues,voiture,1,2,1,1,3
202000010871,2020-03-03 16:15:00,2020,3,3,16,15,93,93074,PLACE DES FETES,48.92979,2.569633,Plein jour,En agglomération,Hors intersection,Normale,Trois véhicules et plus - collisions multiples,9,1,1,0,1,1,1,9,8,50,3,3,2,0,0,1,44.0,53.0,voiture,voiture,1,2,1,1,5
202000010872,2020-03-01 22:10:00,2020,3,1,22,10,93,93057,AV ARISTIDE BRIAND / ALL EMILE ZOLA,48.90927,2.50381,Nuit avec éclairage allumé,En agglomération,Intersection en X,Normale,Trois véhicules et plus - en chaîne,3,2,6,2,1,1,1,5,1,50,3,6,4,0,0,2,21.0,50.0,utilitaire_camion,utilitaire_camion,5,2,2,1,4
202000010873,2020-02-26 08:45:00,2020,2,26,8,45,93,93063,NOISY ROUTE DE,48.89362,2.43591,Plein jour,En agglomération,Hors intersection,Pluie légère,Deux véhicules - côté,3,2,2,0,1,1,2,0,1,50,2,2,1,0,0,1,42.0,29.0,voiture,deux_roues,1,2,1,2,3
202000010874,2020-02-29 15:00:00,2020,2,29,15,0,93,93032,AV JEAN JAURES,48.88361,2.52983,Plein jour,En agglomération,Hors intersection,Normale,Autre collision,3,2,2,0,1,1,1,0,1,50,1,2,1,0,0,1,39.0,,voiture,,1,2,1,1,6
202000010875,2020-02-28 14:00:00,2020,2,28,14,0,93,93031,AV DE JARROW / R MAURICE RAVEL,48.9527494,2.3292363,Plein jour,En agglomération,Intersection en T,Pluie légère,Deux véhicules - côté,4,2,2,0,2,1,2,0,1,50,2,2,1,0,0,1,26.0,54.0,voiture,voiture,1,2,3,2,3
202000010876,2020-02-24 21:40:00,2020,2,24,21,40,93,93079,SAINT LEU (ROUTE),48.9519377,2.3383769,Nuit avec éclairage allumé,En agglomération,Hors intersection,Normale,Deux véhicules - côté,3,2,4,1,1,1,1,0,1,50,2,2,1,0,0,1,66.0,36.0,utilitaire_camion,deux_roues,5,2,1,1,3
202000010877,2020-03-02 12:15:00,2020,3,2,12,15,93,93029,R SADI CARNOT / R RAYMOND LEFEVRE,48.9244486,2.4428821,Plein jour,En agglomération,Intersection en T,Pluie légère,Deux véhicules - côté,3,2,4,0,1,1,2,0,1,50,2,2,1,0,0,1,23.0,55.0,voiture,deux_roues,1,2,3,2,3
202000010878,2020-02-28 19:55:00,2020,2,28,19,55,93,93029,GARIBALDI (AVENUE) N°,48.9225607,2.4526311,Nuit avec éclairage allumé,En agglomération,Intersection en X,Pluie légère,Autre collision,4,-1,2,0,1,1,2,0,1,50,1,2,1,0,0,1,52.0,,voiture,,5,2,2,2,6
202000010879,2020-02-27 18:45:00,2020,2,27,18,45,93,93029,HENRI BARBUSSE (AVE) N°2-124,48.92084,2.45345,Nuit avec éclairage allumé,En agglomération,Autre intersection,Normale,Autre collision,3,2,2,0,1,1,2,0,1,50,1,2,1,0,0,1,30.0,,deux_roues,,5,2,9,1,6
202000010880,2020-02-27 08:10:00,2020,2,27,8,10,93,93029,HENRI BARBUSSE (AVE) N°126-280,48.9155274,2.4422477,Plein jour,En agglomération,Hors intersection,Pluie forte,Autre collision,3,2,2,0,1,1,2,0,1,50,1,2,1,0,0,1,39.0,,voiture,,1,2,1,3,6
202000010881,2020-02-26 21:10:00,2020,2,26,21,10,93,93029,AMBROISE CROIZAT,48.9264,2.4539,Nuit avec éclairage allumé,En agglomération,Intersection en X,Normale,Deux véhicules - côté,4,1,1,0,1,1,1,9,1,30,2,3,2,0,0,1,29.0,33.0,voiture,voiture,5,2,2,1,3
202000010882,2020-02-26 07:30:00,2020,2,26,7,30,93,93013,ROLLAND (RUE DU CDT),48.9348166,2.4259949,Crépuscule ou aube,En agglomération,Intersection en T,Pluie forte,Autre collision,3,2,4,0,1,1,2,0,1,50,1,2,1,0,0,1,60.0,,utilitaire_camion,,2,2,3,3,6
202000010883,2020-03-01 10:20:00,2020,3,1,10,20,93,93014,ALL DE COUBRON,48.912643,2.551923,Plein jour,En agglomération,Hors intersection,Normale,Deux véhicules - arrière,3,2,2,0,1,1,1,0,1,50,2,3,1,0,0,2,57.0,24.0,voiture,voiture,1,2,1,1,2
202000010884,2020-03-01 16:10:00,2020,3,1,16,10,93,93010,MOULIN (AV. JEAN) COTE IMPAIRS,48.9125337,2.4787664,Plein jour,En agglomération,Hors intersection,Pluie légère,Deux véhicules - arrière,4,2,2,0,1,1,2,0,1,30,2,2,1,0,0,1,33.0,56.0,voiture,voiture,1,2,1,2,2
202000010885,2020-02-29 16:25:00,2020,2,29,16,25,93,93008,MARX (AVENUE KARL),48.9052511,2.4424135,Plein jour,En agglomération,Autre intersection,Pluie légère,Autre collision,4,2,2,0,1,1,2,0,1,50,1,2,1,0,0,1,28.0,,utilitaire_camion,,1,2,9,2,6
202000010886,2020-03-03 13:30:00,2020,3,3,13,30,93,93071,COMMANDANT CHARCOT (AVENUE DU),48.9356601,2.5173279,Plein jour,En agglomération,Hors intersection,Normale,Deux véhicules - frontale,4,2,2,0,1,1,1,0,1,50,2,2,1,0,0,1,56.0,18.0,voiture,voiture,1,2,1,1,1
202000010887,2020-03-01 11:20:00,2020,3,1,11,20,93,93005,EUGENE DELACROIX (RUE),48.95258,2.499051,Plein jour,En agglomération,Autre intersection,Normale,Autre collision,4,3,1,0,1,1,1,0,1,50,1,2,1,0,0,1,52.0,,transport_commun,,1,2,9,1,6
202000010888,2020-02-28 08:15:00,2020,2,28,8,15,93,93005,CARR DE L'EUROPE,48.95148,2.481943,Crépuscule ou aube,En agglomération,Hors intersection,Normale,Deux véhicules - arrière,3,3,4,0,1,1,1,3,1,50,2,2,1,0,0,1,48.0,39.0,utilitaire_camion,voiture,2,2,1,1,2
202000010889,2020-02-27 09:45:00,2020,2,27,9,45,93,93001,R DE LA HAIE COQ ,48.904068,2.3722329,Plein jour,En agglomération,Hors intersection,Pluie légère,Autre collision,4,2,2,0,1,1,2,0,1,50,1,2,1,0,0,1,27.0,,deux_roues,,1,2,1,2,6
202000010890,2020-02-28 11:34:00,2020,2,28,11,34,92,92078,MOULIN CAGE (QUAI),48.92353,2.3282,Plein jour,En agglomération,Autre intersection,Normale,Deux véhicules - arrière,3,1,6,0,1,1,1,9,8,70,2,2,1,0,0,1,41.0,24.0,voiture,voiture,1,2,9,1,2
202000010891,2020-02-29 15:30:00,2020,2,29,15,30,92,92075,RAYMOND MARCHERON (RUE)/ CARREFOUR DE L'INSURRECTION,48.82026,2.29039,Plein jour,En agglomération,Giratoire,Pluie légère,Autre collision,3,2,2,0,1,1,2,0,1,50,1,2,1,0,0,1,90.0,,voiture,,1,2,6,2,6
202000010892,2020-02-28 08:50:00,2020,2,28,8,50,92,92049,PIERRE BROSSOLETTE (AVENUE),48.8162,2.3058,Plein jour,En agglomération,Hors intersection,Normale,Deux véhicules - côté,3,2,4,3,1,1,1,0,1,50,2,2,1,0,0,1,35.0,64.0,deux_roues,voiture,1,2,1,1,3
202000010893,2020-02-27 09:55:00,2020,2,27,9,55,92,92075,PASTEUR (AVENUE),48.825883,2.29239,Crépuscule ou aube,En agglomération,Hors intersection,Pluie légère,,3,2,2,0,1,1,2,0,1,50,2,2,1,0,0,1,70.0,26.0,voiture,deux_roues,2,2,1,2,-1
202000010894,2020-02-24 17:10:00,2020,2,24,17,10,92,92046,HENRI BARBUSSE (BOULEVARD),48.81404,2.28725,Plein jour,En agglomération,Hors intersection,Normale,Autre collision,4,2,2,0,1,1,1,6,1,50,1,2,1,0,0,1,49.0,,voiture,,1,2,1,1,6
202000010895,2020-02-25 08:00:00,2020,2,25,8,0,92,92073,SELLIER (BOULEVARD HENRI),48.8627,2.21784,Plein jour,En agglomération,Autre intersection,Pluie légère,Deux véhicules - côté,3,1,4,0,2,2,2,0,1,50,2,2,1,0,0,1,52.0,39.0,deux_roues,voiture,1,2,9,2,3
202000010896,2020-02-29 10:05:00,2020,2,29,10,5,92,92072,VILLE D'AVRAY (RUE DE ),48.82425,2.208,Plein jour,En agglomération,Hors intersection,Temps couvert,Deux véhicules - côté,3,2,2,0,2,1,2,0,1,50,2,3,2,0,0,1,18.0,51.0,deux_roues,voiture,1,2,1,8,3
202000010897,2020-02-28 09:26:00,2020,2,28,9,26,92,92072,MANUFACTURE NATIONALE (PLACE DE LA),48.829144,2.224331,Plein jour,En agglomération,Hors intersection,Normale,Deux véhicules - arrière,3,1,2,0,1,1,2,3,1,70,2,2,1,0,0,1,58.0,50.0,utilitaire_camion,deux_roues,1,2,1,1,2
202000010898,2020-02-29 06:35:00,2020,2,29,6,35,92,92064,ANDRE CHEVRILLON,48.8465831,2.2198914,Nuit avec éclairage allumé,En agglomération,Hors intersection,Normale,Autre collision,4,2,2,0,1,2,2,0,1,50,1,3,2,0,0,1,24.0,,voiture,,5,2,1,1,6
202000010899,2020-02-27 07:40:00,2020,2,27,7,40,92,92033,BUZENVAL,48.8525359,2.2030875,Crépuscule ou aube,En agglomération,Hors intersection,Pluie forte,Autre collision,3,2,2,0,1,1,2,0,8,50,1,2,1,0,0,1,57.0,,voiture,,2,2,1,3,6
202000010900,2020-02-29 22:10:00,2020,2,29,22,10,92,92063,FOUILLEUSE (AVENUE DE),48.8630529,2.1919783,Nuit avec éclairage allumé,En agglomération,Hors intersection,Normale,Deux véhicules - côté,4,3,2,0,4,1,1,0,1,50,2,2,1,0,0,1,34.0,21.0,voiture,deux_roues,5,2,1,1,3
202000010901,2020-02-29 05:15:00,2020,2,29,5,15,92,92063,GALLIENI (RUE),48.8719066,2.203036,Nuit avec éclairage allumé,En agglomération,Hors intersection,Normale,Autre collision,4,2,2,0,1,1,1,0,1,50,1,2,1,0,0,1,46.0,,voiture,,5,2,1,1,6
202000010902,2020-03-03 19:00:00,2020,3,3,19,0,92,92051,"ROULE (AVENUE DU, N° 29 A 91 ET 30 A 86)",48.8822122,2.278713,Nuit avec éclairage allumé,En agglomération,Hors intersection,Normale,Deux véhicules - côté,4,2,4,1,1,1,1,0,1,50,2,2,1,0,0,1,20.0,61.0,deux_roues,voiture,5,2,1,1,3
202000010903,2020-03-03 15:30:00,2020,3,3,15,30,92,92051,"ROULE (AVENUE DU, N° 29 A 91 ET 30 A 86)",48.8832034,2.2744422,Plein jour,En agglomération,Hors intersection,Normale,Deux véhicules - côté,4,2,5,1,1,1,1,0,1,50,2,2,1,0,0,1,35.0,13.0,transport_commun,deux_roues,1,2,1,1,3
202000010904,2020-02-27 11:36:00,2020,2,27,11,36,92,92050,LENINE VLADIMIR ILITCH AVENUE/ JOLIOT CURIE F. ET IRENE AVENUE N°PAIRS,48.8873422,2.2001466,Plein jour,En agglomération,Giratoire,Normale,Autre collision,3,1,2,0,1,1,1,0,1,50,1,3,2,0,0,1,22.0,,voiture,,1,2,6,1,6
202000010905,2020-02-26 13:10:00,2020,2,26,13,10,92,92050,ARRAS RUE D'/ ARAGO FRANCOIS AVENUE,48.90128,2.22536,Plein jour,En agglomération,Intersection en X,Pluie légère,Autre collision,3,4,0,0,1,1,2,5,4,50,1,2,1,0,1,0,25.0,,deux_roues,,1,2,2,2,6
202000010906,2020-02-25 20:15:00,2020,2,25,20,15,92,92048,COLONEL MORAINE (ROUTE DU),48.7875,2.2229,Nuit avec éclairage allumé,En agglomération,Intersection en T,Pluie légère,Deux véhicules - côté,4,2,3,0,1,1,2,0,1,50,2,2,1,0,0,1,27.0,25.0,voiture,deux_roues,5,2,3,2,3
202000010907,2020-03-02 12:05:00,2020,3,2,12,5,92,92044,LOUISE MICHEL(RUE) 1A39 ET 2A30,48.88874,2.28758,Plein jour,En agglomération,Hors intersection,Pluie légère,Deux véhicules - côté,4,1,1,0,1,1,2,0,1,50,2,2,1,0,0,1,35.0,70.0,utilitaire_camion,voiture,1,2,1,2,3
202000010908,2020-02-27 20:05:00,2020,2,27,20,5,92,92040,RODIN (BOULEVARD),48.814801,2.264631,Plein jour,En agglomération,Autre intersection,Normale,,4,2,0,0,1,1,1,0,1,50,2,2,1,0,0,1,29.0,35.0,voiture,deux_roues,1,2,9,1,-1
202000010909,2020-03-01 20:50:00,2020,3,1,20,50,92,92035,Général de Gaulle  ( avenue du ),48.91326,2.25335,Nuit avec éclairage allumé,En agglomération,Intersection en X,Normale,Deux véhicules - côté,3,2,3,0,2,1,2,0,1,50,2,2,1,0,0,1,74.0,21.0,voiture,deux_roues,5,2,2,1,3
202000010910,2020-03-02 13:10:00,2020,3,2,13,10,92,92062,ROQUE DE FILLOL (RUE),48.8855764,2.2456159,Plein jour,En agglomération,Hors intersection,Temps couvert,Autre collision,4,1,1,0,1,1,2,0,4,50,1,2,1,0,0,1,40.0,,voiture,,1,2,1,8,6
202000010911,2020-03-01 17:05:00,2020,3,1,17,5,92,92026,ALBERT GLEIZES (AVENUE),48.8927912,2.2452495,Plein jour,En agglomération,Intersection en X,Pluie forte,Deux véhicules - côté,3,1,3,0,1,1,2,5,1,50,2,2,1,0,0,1,41.0,36.0,voiture,voiture,1,2,2,3,3
202000010912,2020-02-27 14:00:00,2020,2,27,14,0,92,92025,G.PERI > 418   437 (RUE),48.915617,2.232068,Plein jour,En agglomération,Hors intersection,Vent fort / tempête,Deux véhicules - côté,3,2,2,0,1,1,2,0,1,50,2,3,2,0,0,1,39.0,30.0,transport_commun,voiture,1,2,1,6,3
202000010913,2020-02-24 16:30:00,2020,2,24,16,30,92,92025,PAUL BERT (RUE),48.9310692,2.2441699,Plein jour,En agglomération,Intersection en X,Normale,Deux véhicules - côté,3,2,5,2,1,1,1,2,1,50,2,2,1,0,0,1,59.0,41.0,deux_roues,voiture,1,2,2,1,3
202000010914,2020-02-05 01:20:00,2020,2,5,1,20,92,92025,STALINGRAD (AV DE),48.930758,2.267305,Nuit avec éclairage allumé,En agglomération,Hors intersection,Normale,Autre collision,3,2,2,0,1,1,1,0,1,50,1,4,0,0,1,3,20.0,,voiture,,5,2,1,1,6
202000010915,2020-03-03 11:35:00,2020,3,3,11,35,92,92024,CLICHY (QUAI DE) DE (8 A 60),48.9035482,2.2893968,Plein jour,En agglomération,Intersection en X,Normale,Deux véhicules - côté,3,2,2,0,1,1,1,5,1,50,2,2,1,0,0,1,33.0,23.0,deux_roues,utilitaire_camion,1,2,2,1,3
202000010916,2020-03-03 08:50:00,2020,3,3,8,50,92,92024,VICTOR HUGO (BD)/ MOREL (RUE),48.90217,2.31812,Plein jour,En agglomération,Intersection en T,Normale,Deux véhicules - côté,3,2,4,0,1,1,1,0,1,50,2,2,1,0,0,1,36.0,48.0,voiture,deux_roues,1,2,3,1,3
202000010917,2020-03-01 04:50:00,2020,3,1,4,50,92,92024,MARTRE DE (4 A 54)/ HENRI BARBUSSE (RUE) DE (73 A 139),48.900885,2.308029,Nuit avec éclairage allumé,En agglomération,Intersection en X,Normale,Trois véhicules et plus - en chaîne,3,1,3,3,1,1,2,5,1,50,3,3,2,0,0,1,33.0,27.0,voiture,voiture,5,2,2,1,4
202000010918,2020-02-28 12:16:00,2020,2,28,12,16,92,92024,HENRI BARBUSSE (RUE) DE (1 A 73)   (2 A,48.8985526,2.3028119,Plein jour,En agglomération,Hors intersection,Normale,Deux véhicules - côté,3,2,2,0,1,1,1,0,1,50,2,2,1,0,0,1,32.0,24.0,voiture,deux_roues,1,2,1,1,3
202000010919,2020-02-23 20:50:00,2020,2,23,20,50,92,92024,ASNIERES (ROUTE D'),48.90259,2.29048,Nuit sans éclairage public,En agglomération,Hors intersection,Normale,Autre collision,3,2,2,0,1,1,2,0,1,50,1,2,1,0,0,1,45.0,,deux_roues,,3,2,1,1,6
202000010920,2020-03-01 14:20:00,2020,3,1,14,20,92,92023,PORTE DE TRIVAUX (RUE DE) N°57 A 197 ET,48.7868,2.2453,Plein jour,En agglomération,Intersection en T,Pluie légère,Deux véhicules - côté,3,2,2,1,1,1,2,0,1,50,2,2,0,0,0,2,68.0,68.0,voiture,voiture,1,2,3,2,3
202000010921,2020-02-28 02:50:00,2020,2,28,2,50,92,92060,HUIT MAI 1945 (PLACE DU),48.77609,2.25628,Nuit avec éclairage allumé,En agglomération,Place,Normale,Deux véhicules - côté,4,2,0,0,1,1,1,0,1,50,2,2,1,0,0,1,43.0,29.0,voiture,deux_roues,5,2,7,1,3
202000010922,2020-02-27 09:20:00,2020,2,27,9,20,92,92060,ALLIES (PLACE DES),48.7748,2.2583,Plein jour,En agglomération,Hors intersection,Pluie forte,Autre collision,4,2,2,0,1,2,2,0,1,30,1,2,1,0,0,1,35.0,,voiture,,1,2,1,3,6