accident_id,datetime,annee,mois,jour,heure,minute,departement,commune_insee,adresse,latitude,longitude,luminosite,agglomeration,intersection,meteo,collision,catr,circ,nbv,vosp,prof,plan,surf,infra,situ,vma,nb_vehicules,nb_usagers,nb_indemnes,nb_tues,nb_blesses_hosp,nb_blesses_legers,age_cond_1,age_cond_2,veh_type_cond_1,veh_type_cond_2,lum_code,agg_code,int_code,atm_code,col_code
202000010923,2020-02-29 10:00:00,2020,2,29,10,0,92,92032,DOLIVET J ET M (AVENUE),48.79292,2.2905,Plein jour,En agglomération,Hors intersection,Temps couvert,Autre collision,3,2,2,0,2,1,1,0,1,50,1,2,1,0,0,1,48.0,,deux_roues,,1,2,1,8,6
202000010924,2020-03-01 20:55:00,2020,3,1,20,55,92,92012,SEVRES (RUE DE) 1/55 - 2/40,48.8319067,2.2381732,Plein jour,En agglomération,Intersection en T,Pluie légère,Deux véhicules - côté,3,2,4,1,1,1,2,0,1,50,2,2,1,0,0,1,27.0,65.0,utilitaire_camion,deux_roues,1,2,3,2,3
202000010925,2020-02-29 02:40:00,2020,2,29,2,40,92,92012,POINT DU JOUR (RUE DU),48.82891,2.246491,Nuit avec éclairage allumé,En agglomération,Intersection en Y,Normale,Deux véhicules - côté,3,-1,1,0,1,1,1,0,1,50,2,1,0,0,0,1,18.0,,deux_roues,,5,2,4,1,3
202000010926,2020-02-28 15:10:00,2020,2,28,15,10,92,92012,REINE (ROUTE DE LA) 1/37- 6/80,48.8394092,2.2432832,Plein jour,En agglomération,Hors intersection,Temps couvert,Autre collision,3,2,2,0,1,1,1,0,1,50,1,2,1,0,1,0,28.0,,deux_roues,,1,2,1,8,6
202000010927,2020-02-28 10:55:00,2020,2,28,10,55,92,92012,SILLY (RUE DE) 1/87 - 2/88,48.8379823,2.2322155,Plein jour,En agglomération,Hors intersection,Normale,Trois véhicules et plus - en chaîne,4,2,2,1,1,1,1,0,1,50,3,3,2,0,0,1,28.0,28.0,voiture,utilitaire_camion,1,2,1,1,4
202000010928,2020-02-27 19:45:00,2020,2,27,19,45,92,92012,ANDRE MORIZET (AVENUE) - 49/FIN - 54/FIN,48.83461,2.24196,Nuit avec éclairage allumé,En agglomération,Intersection en X,Normale,Sans collision,3,2,3,0,1,1,1,9,1,50,1,1,0,0,1,0,24.0,,deux_roues,,5,2,2,1,7
202000010929,2020-03-03 11:30:00,2020,3,3,11,30,92,92004,EMILE ZOLA ( RUE ),48.9228871,2.2857732,Plein jour,En agglomération,Hors intersection,Normale,Autre collision,4,2,3,3,1,1,1,0,1,50,1,2,1,0,0,1,29.0,,voiture,,1,2,1,1,6
202000010930,2020-03-01 14:30:00,2020,3,1,14,30,92,92004,GRESILLONS ( AVENUE DES  ),48.9196022,2.3135035,Plein jour,En agglomération,Hors intersection,Temps couvert,Deux véhicules - côté,3,2,2,0,1,1,1,0,1,50,2,2,1,0,0,1,31.0,40.0,deux_roues,voiture,1,2,1,8,3
202000010931,2020-02-29 12:17:00,2020,2,29,12,17,92,92004,BAS ( RUE DES ),48.9158907,2.2949242,Plein jour,En agglomération,Hors intersection,Normale,Autre collision,3,1,2,0,1,1,1,0,1,50,1,2,1,0,0,1,56.0,,voiture,,1,2,1,1,6
202000010932,2020-03-02 11:20:00,2020,3,2,11,20,974,97415,4 Rue des Salins (st Paul),-21.007865,55.275972,Plein jour,En agglomération,Hors intersection,Normale,Deux véhicules - côté,4,2,2,0,1,1,1,0,1,30,2,2,1,0,0,1,18.0,62.0,deux_roues,utilitaire_camion,1,2,1,1,3
202000010933,2020-02-27 09:30:00,2020,2,27,9,30,974,97415,N1,-21.019738,55.244091,Plein jour,Hors agglomération,Hors intersection,Normale,Deux véhicules - frontale,2,2,2,0,1,2,1,0,1,70,2,3,1,0,2,0,74.0,21.0,voiture,voiture,1,1,1,1,1
202000010934,2020-02-24 15:55:00,2020,2,24,15,55,974,97415,67 Route du Vieux Flamboyant,-21.042271,55.28271,Plein jour,Hors agglomération,Hors intersection,Normale,Deux véhicules - côté,3,2,2,0,2,1,1,0,1,70,2,2,1,0,1,0,51.0,44.0,deux_roues,voiture,1,1,1,1,3
202000010935,2020-03-02 17:40:00,2020,3,2,17,40,35,35176,40 rue de Vannes,47.8258,-1.849425,Plein jour,En agglomération,Hors intersection,Pluie légère,Deux véhicules - arrière,3,2,2,0,1,1,2,0,1,50,2,3,2,0,0,1,17.0,35.0,deux_roues,voiture,1,2,1,2,2
202000010936,2020-03-03 14:40:00,2020,3,3,14,40,65,65130,Route des Pyrénées,43.601387,-0.019011,Plein jour,En agglomération,Hors intersection,Vent fort / tempête,Autre collision,3,2,2,0,1,1,2,0,1,70,1,2,0,0,1,1,61.0,,voiture,,1,2,1,6,6
202000010937,2020-02-25 21:05:00,2020,2,25,21,5,65,65296,D48 Route du Vignoble,43.544726,-0.055101,Nuit avec éclairage allumé,Hors agglomération,Hors intersection,Normale,Autre collision,3,2,2,0,1,1,9,0,1,80,1,2,1,1,0,0,72.0,,voiture,,5,1,1,1,6
202000010938,2020-03-01 21:40:00,2020,3,1,21,40,95,95504,RN 184,49.10431,2.265673,Nuit sans éclairage public,Hors agglomération,Hors intersection,Pluie légère,Sans collision,2,1,1,0,1,2,2,0,1,70,1,1,0,0,0,1,25.0,,voiture,,3,1,1,2,7
202000010939,2020-03-03 06:00:00,2020,3,3,6,0,49,49244,La Panne - Le Mesnil en Vallée,47.37339,-0.916007,Nuit sans éclairage public,Hors agglomération,Intersection en X,Normale,Deux véhicules - côté,3,2,2,0,1,2,2,0,1,80,2,2,0,0,1,1,47.0,39.0,voiture,voiture,3,1,2,1,3
202000010940,2020-02-28 12:27:00,2020,2,28,12,27,12,12300,Avenue de Toulouse,44.361752,2.033468,Plein jour,En agglomération,Hors intersection,Normale,Autre collision,6,-1,-1,0,1,1,1,0,1,30,1,2,1,0,1,0,30.0,,voiture,,1,2,1,1,6
202000010941,2020-02-26 10:04:00,2020,2,26,10,4,12,12281,RD1,44.363095,1.986915,Plein jour,Hors agglomération,Hors intersection,Normale,Deux véhicules - arrière,3,2,3,0,3,1,2,0,1,80,2,2,0,0,1,1,27.0,88.0,voiture,voiture,1,1,1,1,2
202000010942,2020-03-01 20:10:00,2020,3,1,20,10,54,54117,D53,48.449888,6.065767,Nuit sans éclairage public,Hors agglomération,Hors intersection,Vent fort / tempête,Autre collision,3,2,2,0,1,1,2,0,3,80,1,3,2,0,0,1,44.0,,voiture,,3,1,1,6,6
202000010943,2020-02-20 07:25:00,2020,2,20,7,25,14,14162,Les Bruyères de Bellevue,48.890219,-0.497566,Crépuscule ou aube,Hors agglomération,Hors intersection,Temps couvert,Deux véhicules - arrière,3,2,2,0,3,1,2,0,1,80,2,2,1,0,0,1,16.0,31.0,deux_roues,voiture,2,1,1,8,2
202000010944,2020-03-03 10:30:00,2020,3,3,10,30,2A,2A272,D48,41.5482706,8.8877648,Plein jour,Hors agglomération,Hors intersection,Vent fort / tempête,Autre collision,3,2,2,0,2,1,1,0,3,80,1,1,0,0,1,0,40.0,,voiture,,1,1,1,6,6
202000010945,2020-02-28 18:00:00,2020,2,28,18,0,2A,2A048,D81,42.03087,8.761017,Crépuscule ou aube,Hors agglomération,Hors intersection,Normale,Deux véhicules - frontale,3,2,2,0,2,2,1,0,1,80,2,3,1,0,1,1,50.0,63.0,voiture,deux_roues,2,1,1,1,1
202000010946,2020-02-25 15:55:00,2020,2,25,15,55,51,51262,20 Avenue de Champagne,48.7049602,4.5900319,Plein jour,En agglomération,Hors intersection,Normale,Autre collision,4,2,2,0,1,1,1,0,4,-1,1,1,0,1,0,0,71.0,,voiture,,1,2,1,1,6
202000010947,2020-02-26 12:30:00,2020,2,26,12,30,51,51224,N4,48.696307,4.693769,Plein jour,Hors agglomération,Intersection en X,Normale,Deux véhicules - côté,2,3,4,0,1,1,1,0,1,110,2,5,3,0,2,0,48.0,33.0,utilitaire_camion,voiture,1,1,2,1,3
202000010948,2020-03-04 15:15:00,2020,3,4,15,15,01,01052,D2,46.037895,4.994037,Plein jour,Hors agglomération,Hors intersection,Normale,Deux véhicules - côté,3,2,2,0,1,1,1,0,1,80,2,1,0,0,0,1,69.0,,voiture,,1,1,1,1,3
202000010949,2020-03-01 16:30:00,2020,3,1,16,30,62,62229,D928,50.6664211,2.1901476,Plein jour,Hors agglomération,Hors intersection,Normale,Deux véhicules - frontale,3,2,2,0,1,1,1,0,1,80,2,3,0,0,0,3,26.0,80.0,voiture,voiture,1,1,1,1,1
202000010950,2020-02-25 22:30:00,2020,2,25,22,30,52,52386,N4,48.657705,4.81464,Nuit avec éclairage allumé,Hors agglomération,Hors intersection,Neige / grêle,Autre collision,2,3,4,0,1,1,2,0,3,110,1,3,0,1,2,0,43.0,,voiture,,5,1,1,4,6
202000010951,2020-03-03 23:40:00,2020,3,3,23,40,01,01004,7 Avenue Roger Salengro,45.957822,5.349939,Nuit avec éclairage allumé,En agglomération,Hors intersection,Pluie légère,Autre collision,3,2,2,0,1,1,2,0,1,50,1,2,1,0,1,0,29.0,,voiture,,5,2,1,2,6
202000010952,2020-03-03 18:20:00,2020,3,3,18,20,91,91390,2 Chemin du Lavoir,48.314055,2.087617,Plein jour,En agglomération,Hors intersection,Normale,Autre collision,4,2,2,0,4,1,1,0,3,50,1,2,1,0,0,1,29.0,,utilitaire_camion,,1,2,1,1,6
202000010953,2020-03-02 19:45:00,2020,3,2,19,45,91,91511,Place du Carrouge,48.349404,1.991406,Nuit avec éclairage allumé,En agglomération,Intersection en T,Normale,Autre collision,3,2,-1,-1,1,1,1,5,4,-1,1,2,1,0,0,1,39.0,,voiture,,5,2,3,1,6
202000010954,2020-02-04 16:00:00,2020,2,4,16,0,71,71047,Rue du Sénateur Turlier,46.623561,3.76845,Plein jour,En agglomération,Intersection en X,Normale,Deux véhicules - côté,4,2,2,0,1,1,2,0,1,50,2,3,1,0,0,2,80.0,60.0,voiture,voiture,1,2,2,1,3
202000010955,2020-02-29 10:07:00,2020,2,29,10,7,21,21370,A39,47.268572,5.171041,Plein jour,Hors agglomération,Hors intersection,Normale,Trois véhicules et plus - en chaîne,1,3,4,3,1,1,1,0,1,130,3,4,0,0,3,1,31.0,59.0,voiture,voiture,1,1,1,1,4
202000010956,2020-03-01 11:15:00,2020,3,1,11,15,81,81266,place de l'hotel de ville,43.647613,1.97564,Plein jour,En agglomération,Hors intersection,Normale,Autre collision,4,2,2,0,1,1,1,0,1,50,1,2,1,0,1,0,73.0,,voiture,,1,2,1,1,6
202000010957,2020-02-28 17:25:00,2020,2,28,17,25,81,81052,Chemin du Pigeonnier,43.920258,2.214968,Plein jour,Hors agglomération,Hors intersection,Normale,Deux véhicules - arrière,4,2,2,0,2,1,1,0,1,50,2,1,0,0,1,0,58.0,,deux_roues,,1,1,1,1,2
202000010958,2020-03-01 21:10:00,2020,3,1,21,10,77,77078,A4,49.0031559,3.1326669,Nuit sans éclairage public,Hors agglomération,Hors intersection,Normale,Trois véhicules et plus - en chaîne,1,3,2,0,1,1,1,0,1,130,5,14,12,1,1,0,27.0,30.0,utilitaire_camion,utilitaire_camion,3,1,1,1,4
202000010959,2020-02-25 11:00:00,2020,2,25,11,0,28,28031,Autoroute Oceane - A11,48.212962,0.939409,Plein jour,Hors agglomération,Hors intersection,Normale,Sans collision,1,3,5,0,1,1,1,0,3,130,1,1,0,0,1,0,62.0,,voiture,,1,1,1,1,7
202000010960,2020-03-02 14:45:00,2020,3,2,14,45,10,10282,D619,48.382197,3.957605,Plein jour,Hors agglomération,Hors intersection,Pluie forte,Deux véhicules - frontale,3,2,2,0,1,1,2,0,1,80,2,2,1,1,0,0,43.0,38.0,utilitaire_camion,voiture,1,1,1,3,1
202000010961,2020-03-03 10:15:00,2020,3,3,10,15,28,28041,Beaurouvres,48.320048,1.275562,Plein jour,Hors agglomération,Hors intersection,Normale,Deux véhicules - côté,3,2,2,0,1,1,1,0,1,80,2,2,1,0,1,0,37.0,66.0,deux_roues,voiture,1,1,1,1,3
202000010962,2020-02-28 20:50:00,2020,2,28,20,50,28,28106,D 130,48.094119,1.43687,Nuit sans éclairage public,Hors agglomération,Hors intersection,Pluie légère,Deux véhicules - frontale,3,2,2,0,1,1,2,0,1,80,2,2,0,0,1,1,22.0,32.0,voiture,voiture,3,1,1,2,1
202000010963,2020-02-28 18:30:00,2020,2,28,18,30,974,97405,Rue Augustin Mézino,-21.367463,55.55961,Plein jour,En agglomération,Giratoire,Normale,Deux véhicules - frontale,2,2,2,0,2,1,1,0,1,70,2,2,1,0,0,1,69.0,60.0,deux_roues,voiture,1,2,6,1,1
202000010964,2020-03-01 10:00:00,2020,3,1,10,0,972,97201,Rue Abandonée,14.817988,-61.11498,Plein jour,En agglomération,Hors intersection,Normale,Deux véhicules - côté,2,2,2,0,1,2,1,0,1,50,2,5,2,0,1,2,22.0,67.0,utilitaire_camion,voiture,1,2,1,1,3
202000010965,2020-02-25 16:00:00,2020,2,25,16,0,972,97205,RN 2,14.637943,-61.136727,Plein jour,Hors agglomération,Autre intersection,Normale,Deux véhicules - côté,2,3,2,0,1,1,1,9,1,50,2,2,1,0,1,0,40.0,38.0,voiture,deux_roues,1,1,9,1,3
202000010966,2020-03-03 16:40:00,2020,3,3,16,40,83,83086,rue barbes,43.472504,6.566198,Plein jour,En agglomération,Hors intersection,Normale,Autre collision,4,1,1,0,1,1,1,0,1,50,1,2,1,0,1,0,21.0,,voiture,,1,2,1,1,6
202000010967,2020-03-01 08:30:00,2020,3,1,8,30,63,63025,route départementale 99 PK 22 500 décroissant,46.0537199,2.8612576,Plein jour,Hors agglomération,Hors intersection,Temps couvert,Autre collision,3,2,2,0,1,2,2,0,3,80,1,1,0,0,1,0,22.0,,voiture,,1,1,1,8,6
202000010968,2020-03-01 05:20:00,2020,3,1,5,20,63,63244,D17,45.9522955,3.1272256,Nuit sans éclairage public,Hors agglomération,Hors intersection,Normale,Sans collision,3,2,2,0,1,2,1,0,3,80,1,2,0,0,2,0,25.0,,voiture,,3,1,1,1,7
202000010969,2020-03-02 15:00:00,2020,3,2,15,0,41,41256,A71,47.300717,2.045608,Plein jour,Hors agglomération,Hors intersection,Pluie forte,Sans collision,1,1,2,0,1,1,3,0,1,130,1,3,0,0,0,3,22.0,,voiture,,1,1,1,3,7
202000010970,2020-03-01 04:00:00,2020,3,1,4,0,01,01075,Chemin du Pirolon,46.05185,4.822564,Nuit sans éclairage public,Hors agglomération,Hors intersection,Normale,Autre collision,3,2,2,0,1,3,1,0,3,80,1,1,0,1,0,0,20.0,,voiture,,3,1,1,1,6
202000010971,2020-02-24 16:15:00,2020,2,24,16,15,01,01071,187 Route de Mury,46.3180415,6.0618232,Plein jour,En agglomération,Hors intersection,Normale,Deux véhicules - frontale,3,2,2,0,1,1,1,0,1,80,2,2,0,0,2,0,52.0,30.0,voiture,voiture,1,2,1,1,1
202000010972,2020-03-03 08:10:00,2020,3,3,8,10,22,22389,RN 12 PR 049.300 vers Saint-Brieuc,48.479294,-2.663541,Plein jour,Hors agglomération,Hors intersection,Normale,Trois véhicules et plus - en chaîne,2,3,4,0,1,3,2,0,1,110,3,5,3,0,0,2,40.0,55.0,voiture,voiture,1,1,1,1,4
202000010973,2020-03-01 19:30:00,2020,3,1,19,30,14,14061,D290,48.951042,-0.726771,Nuit sans éclairage public,Hors agglomération,Hors intersection,Temps couvert,Sans collision,3,2,2,0,1,2,1,0,8,80,1,1,0,1,0,0,67.0,,voiture,,3,1,1,8,7
202000010974,2020-02-29 19:05:00,2020,2,29,19,5,974,97415,Rue de la Cheminee,-21.041984,55.220383,Plein jour,En agglomération,Hors intersection,Normale,Deux véhicules - frontale,2,2,2,0,4,3,1,0,1,80,2,2,1,0,0,1,30.0,47.0,deux_roues,voiture,1,2,1,1,1
202000010975,2020-03-02 17:50:00,2020,3,2,17,50,58,58044,D907,47.492494,2.91863,Plein jour,Hors agglomération,Hors intersection,Pluie légère,Deux véhicules - frontale,3,2,2,0,1,2,2,0,1,70,2,2,0,0,2,0,67.0,19.0,voiture,voiture,1,1,1,2,1
202000010976,2020-02-25 15:30:00,2020,2,25,15,30,38,38400,Côte du Marché aux Cerises,45.3435,5.58157,Plein jour,En agglomération,Hors intersection,Normale,Sans collision,3,2,2,0,4,2,1,0,1,50,1,1,0,1,0,0,74.0,,deux_roues,,1,2,1,1,7
202000010977,2020-02-26 06:00:00,2020,2,26,6,0,01,01357,La Voûte,46.1736897,5.7317187,Nuit sans éclairage public,Hors agglomération,Hors intersection,Pluie légère,Deux véhicules - côté,3,2,2,0,1,3,2,0,1,80,2,3,0,0,1,2,71.0,34.0,voiture,voiture,3,1,1,2,3
202000010978,2020-02-28 15:00:00,2020,2,28,15,0,59,59107,Rue des Sports,51.077465,2.514094,Plein jour,En agglomération,Intersection en X,Pluie légère,Deux véhicules - côté,4,1,1,0,1,1,2,0,1,50,2,2,1,0,0,1,35.0,65.0,deux_roues,voiture,1,2,2,2,3
202000010979,2020-02-25 20:20:00,2020,2,25,20,20,59,59605,57 Rue Albert Poidevin,51.01181,2.51826,Nuit sans éclairage public,En agglomération,Hors intersection,Pluie légère,Sans collision,3,2,2,0,1,1,2,0,1,50,1,1,0,0,1,0,51.0,,deux_roues,,3,2,1,2,7
202000010980,2020-01-28 12:10:00,2020,1,28,12,10,75,75111,BOULEVARD VOLTAIRE,48.86055,2.375506,Plein jour,En agglomération,Intersection en Y,Normale,Autre collision,4,2,2,1,1,1,1,0,1,50,1,2,1,0,0,1,64.0,,voiture,,1,2,4,1,6
202000010981,2020-01-28 10:12:00,2020,1,28,10,12,75,75111,RUE DU CHEMIN VERT,48.86185,2.383387,Plein jour,En agglomération,Intersection en T,Temps couvert,Deux véhicules - côté,4,1,2,0,2,1,2,0,1,30,2,2,1,0,0,1,50.0,38.0,deux_roues,deux_roues,1,2,3,8,3
202000010982,2020-01-27 19:30:00,2020,1,27,19,30,75,75109,RUE VICTOR MASSE,48.880917,2.337736,Crépuscule ou aube,En agglomération,Intersection à plus de 4 branches,Pluie légère,Autre collision,4,1,1,0,1,1,2,0,1,50,1,2,1,0,0,1,41.0,,voiture,,2,2,5,2,6
202000010983,2020-01-28 19:02:00,2020,1,28,19,2,75,75108,PLACE CHARLES DE GAULLE,48.873258,2.295617,Nuit avec éclairage allumé,En agglomération,Place,Pluie légère,Deux véhicules - côté,4,1,4,0,1,1,2,0,1,50,2,2,1,0,0,1,50.0,45.0,voiture,deux_roues,5,2,7,2,3
202000010984,2020-01-28 18:30:00,2020,1,28,18,30,75,75108,RUE DU FAUBOURG SAINT HONORE,48.876662,2.301465,Nuit avec éclairage allumé,En agglomération,Intersection en T,Pluie légère,Deux véhicules - côté,4,2,1,0,1,1,2,0,1,50,2,2,1,0,0,1,33.0,29.0,deux_roues,voiture,5,2,3,2,3
202000010985,2020-01-28 20:10:00,2020,1,28,20,10,75,75104,RUE SAINT ANTOINE,48.853944,2.364759,Nuit avec éclairage allumé,En agglomération,Intersection en X,Pluie légère,Autre collision,4,2,2,0,1,1,2,0,1,50,1,2,1,0,0,1,34.0,,deux_roues,,5,2,2,2,6
202000010986,2020-01-28 13:00:00,2020,1,28,13,0,75,75104,BOULEVARD DE SEBASTOPOL,48.860612,2.349404,Plein jour,En agglomération,Intersection en X,Normale,Deux véhicules - côté,4,1,2,1,1,1,1,-1,5,50,2,2,1,0,0,1,31.0,41.0,deux_roues,deux_roues,1,2,2,1,3
202000010987,2020-01-28 15:40:00,2020,1,28,15,40,75,75101,RUE DE RIVOLI,48.860892,2.340821,Plein jour,En agglomération,Intersection en X,Normale,Deux véhicules - côté,4,1,5,2,1,1,1,-1,5,50,2,2,1,0,0,1,68.0,46.0,voiture,deux_roues,1,2,2,1,3
202000010988,2020-01-28 14:30:00,2020,1,28,14,30,75,75101,RUE DU LOUVRE,48.864451,2.342647,Plein jour,En agglomération,Intersection en Y,Normale,Autre collision,4,2,3,0,1,1,1,0,1,50,1,2,1,0,0,1,27.0,,deux_roues,,1,2,4,1,6
202000010989,2020-01-28 11:00:00,2020,1,28,11,0,75,75104,RUE SAINT ANTOINE,48.854792,2.362411,Plein jour,En agglomération,Intersection en T,Normale,Deux véhicules - frontale,4,2,1,0,1,4,1,0,1,50,2,2,1,0,0,1,50.0,37.0,deux_roues,deux_roues,1,2,3,1,1
202000010990,2020-01-28 08:10:00,2020,1,28,8,10,94,94041,HENRI BARBUSSE (AV),48.81051,2.37984,Crépuscule ou aube,En agglomération,Hors intersection,Normale,Autre collision,3,2,2,0,1,1,1,0,1,50,1,1,0,0,0,1,,,,,2,2,1,1,6
202000010991,2020-01-27 17:10:00,2020,1,27,17,10,94,94041,REPUBLIQUE (AV DE LA),48.80651,2.3924,Nuit avec éclairage allumé,En agglomération,Hors intersection,Pluie légère,Deux véhicules - frontale,3,2,2,0,1,1,2,0,1,50,2,3,2,0,0,1,23.0,38.0,voiture,voiture,5,2,1,2,1
202000010992,2020-01-28 18:20:00,2020,1,28,18,20,94,94017,GENERAL DE GAULLE (AV DU),48.82733,2.52066,Nuit avec éclairage allumé,En agglomération,Hors intersection,Pluie forte,Deux véhicules - arrière,3,2,0,0,2,1,2,0,1,50,2,2,1,0,0,1,68.0,36.0,deux_roues,voiture,5,2,1,3,2
202000010993,2020-01-28 21:00:00,2020,1,28,21,0,93,93072,JULES GUESDE (AVENUE) COTE N° IMPAIRS,48.9630251,2.3848257,Nuit avec éclairage allumé,En agglomération,Intersection en Y,Pluie légère,Deux véhicules - côté,3,2,2,0,2,1,2,0,1,50,2,3,2,0,0,1,52.0,21.0,voiture,voiture,5,2,4,2,3
202000010994,2020-01-28 10:30:00,2020,1,28,10,30,93,93059,LENINE (AVENUE) N°36 AU 120 ET N°45 AU 1,48.95596,2.35824,Plein jour,En agglomération,Autre intersection,Vent fort / tempête,Deux véhicules - côté,3,1,4,0,1,1,2,0,1,50,2,2,0,0,0,2,68.0,61.0,voiture,voiture,1,2,9,6,3
202000010995,2020-01-28 10:27:00,2020,1,28,10,27,93,93071,BRUNO BANCHER (AVENUE),48.93392,2.5332,Plein jour,En agglomération,Hors intersection,Pluie légère,Deux véhicules - arrière,4,1,1,0,1,1,2,0,1,50,2,2,1,0,0,1,68.0,57.0,voiture,deux_roues,1,2,1,2,2
202000010996,2020-01-28 09:00:00,2020,1,28,9,0,93,93048,MARCELIN BERTHELOT (RUE),48.85649,2.43719,Plein jour,En agglomération,Intersection en X,Normale,Autre collision,3,2,1,0,1,1,1,0,1,50,1,2,1,0,0,1,45.0,,utilitaire_camion,,1,2,2,1,6
202000010997,2020-01-28 09:00:00,2020,1,28,9,0,93,93046,KENNEDY AVENUE DU PRESIDENT,48.916,2.5327,Plein jour,En agglomération,Hors intersection,Pluie légère,Autre collision,3,2,2,0,1,1,2,0,1,50,1,2,1,0,0,1,35.0,,deux_roues,,1,2,1,2,6
202000010998,2020-01-28 18:50:00,2020,1,28,18,50,93,93031,DIX HUIT JUIN 1940 (AVENUE DU),48.9529429,2.3074153,Nuit avec éclairage allumé,En agglomération,Autre intersection,Pluie légère,Deux véhicules - côté,3,3,4,0,2,1,2,0,1,50,2,2,1,0,0,1,23.0,50.0,utilitaire_camion,voiture,5,2,9,2,3
202000010999,2020-01-26 18:35:00,2020,1,26,18,35,93,93013,LECLERC (AVENU DE LA DIVISION),48.9308414,2.4214605,Nuit avec éclairage allumé,En agglomération,Hors intersection,Normale,Autre collision,3,3,4,0,1,1,1,0,8,50,1,2,1,0,1,0,26.0,,voiture,,5,2,1,1,6
202000011000,2020-01-28 08:40:00,2020,1,28,8,40,93,93047,R DU LAVOIR,48.89971,2.57633,Plein jour,En agglomération,Autre intersection,Temps couvert,Autre collision,4,2,2,0,1,1,2,9,4,30,1,2,1,0,0,1,20.0,,voiture,,1,2,9,8,6
202000011001,2020-01-28 09:05:00,2020,1,28,9,5,93,93047,LAVOIR (RUE DU),48.89971,2.57633,Plein jour,En agglomération,Autre intersection,Temps couvert,Autre collision,4,1,1,0,1,1,2,9,2,30,1,2,1,0,0,1,45.0,,voiture,,1,2,9,8,6
202000011002,2020-01-28 14:29:00,2020,1,28,14,29,93,93007,CASANOVA (AVENUE),48.92406,2.47323,Plein jour,En agglomération,Intersection en X,Pluie légère,Sans collision,4,2,2,0,1,1,2,0,1,50,1,1,0,0,0,1,24.0,,deux_roues,,1,2,2,2,7
202000011003,2020-01-28 10:50:00,2020,1,28,10,50,93,93005,HAVRE (RUE DU),48.92233,2.48919,Plein jour,En agglomération,Intersection en T,Pluie légère,Deux véhicules - arrière,4,1,1,0,1,1,2,0,1,30,2,2,1,0,0,1,67.0,13.0,voiture,deux_roues,1,2,3,2,2
202000011004,2020-01-27 18:25:00,2020,1,27,18,25,92,92046,RAYMOND DAVID,48.817465,2.2945825,Nuit avec éclairage allumé,En agglomération,Autre intersection,Pluie légère,Deux véhicules - côté,3,2,2,0,1,1,2,0,4,50,2,2,1,0,0,1,50.0,26.0,deux_roues,voiture,5,2,9,2,3
202000011005,2020-01-28 07:50:00,2020,1,28,7,50,92,92076,VILLEPREUX,48.840882,2.1458475,Nuit avec éclairage allumé,En agglomération,Intersection en Y,Pluie légère,Autre collision,4,3,1,0,1,2,2,0,1,50,1,2,1,0,0,1,24.0,,voiture,,5,2,4,2,6
202000011006,2020-01-28 12:10:00,2020,1,28,12,10,92,92051,"CHARLES DE GAULLE (AVENUE, N°27 A 129)",48.8815148,2.271536,Plein jour,En agglomération,Hors intersection,Normale,Deux véhicules - côté,4,3,5,0,1,1,1,0,1,50,2,2,1,0,0,1,59.0,34.0,deux_roues,utilitaire_camion,1,2,1,1,3
202000011007,2020-01-28 16:20:00,2020,1,28,16,20,92,92049,ARCUEIL RUE D',48.8112855,2.3235337,Plein jour,En agglomération,Hors intersection,Normale,Autre collision,4,1,1,0,1,1,1,0,3,50,1,2,1,0,0,1,49.0,,deux_roues,,1,2,1,1,6
202000011008,2020-01-28 10:50:00,2020,1,28,10,50,92,92020,PERI RUE GABRIEL,48.8010395,2.2867779,Plein jour,En agglomération,Hors intersection,Normale,Autre collision,4,2,2,0,2,1,1,0,3,50,1,2,1,0,0,1,35.0,,utilitaire_camion,,1,2,1,1,6
202000011009,2020-01-28 06:35:00,2020,1,28,6,35,92,92020,FAURE BLD FELIX N°1 A 35 ET 28 A 36,48.80181,2.28374,Nuit avec éclairage allumé,En agglomération,Intersection en X,Normale,Deux véhicules - côté,4,1,1,0,2,1,1,0,1,50,2,2,1,0,0,1,56.0,49.0,voiture,deux_roues,5,2,2,1,3
202000011010,2020-01-28 18:20:00,2020,1,28,18,20,92,92044,ED.VAILLANT(RUE) 75A117 ET80A96,48.8973618,2.2879387,Nuit avec éclairage allumé,En agglomération,Hors intersection,Pluie légère,Autre collision,4,1,1,0,1,1,2,0,1,50,1,2,1,0,0,1,32.0,,deux_roues,,5,2,1,2,6
202000011011,2020-01-27 19:00:00,2020,1,27,19,0,92,92036,GRESILLONS (AVENUE DES) (1/45),48.9136347,2.2986659,Nuit avec éclairage allumé,En agglomération,Intersection en T,Normale,Autre collision,3,2,2,0,1,1,1,0,1,50,1,2,1,0,0,1,38.0,,utilitaire_camion,,5,2,3,1,6
202000011012,2020-01-28 20:20:00,2020,1,28,20,20,92,92012,PONT DE SEVRES (ROND POINT DU),48.8292609,2.2289433,Nuit sans éclairage public,En agglomération,Hors intersection,Pluie légère,Autre collision,3,1,1,0,2,1,2,0,1,50,1,2,1,0,0,1,29.0,,voiture,,3,2,1,2,6
202000011013,2020-01-27 17:55:00,2020,1,27,17,55,92,92012,REINE (ROUTE DE LA) 1/37- 6/80,48.83919,2.24554,Nuit avec éclairage allumé,En agglomération,Intersection en X,Pluie légère,Deux véhicules - côté,3,2,4,0,1,1,2,0,1,50,2,2,1,0,0,1,39.0,29.0,utilitaire_camion,deux_roues,5,2,2,2,3