accident_id,datetime,annee,mois,jour,heure,minute,departement,commune_insee,adresse,latitude,longitude,luminosite,agglomeration,intersection,meteo,collision,catr,circ,nbv,vosp,prof,plan,surf,infra,situ,vma,nb_vehicules,nb_usagers,nb_indemnes,nb_tues,nb_blesses_hosp,nb_blesses_legers,age_cond_1,age_cond_2,veh_type_cond_1,veh_type_cond_2,lum_code,agg_code,int_code,atm_code,col_code
202000011014,2020-01-28 18:40:00,2020,1,28,18,40,92,92002,DIVISION LECLERC (53 A 217 - 58 A 186),48.74755,2.30384,Nuit avec éclairage allumé,En agglomération,Hors intersection,Pluie légère,Deux véhicules - côté,3,2,4,0,2,1,2,0,1,50,2,2,1,0,1,0,58.0,87.0,deux_roues,voiture,5,2,1,2,3
202000011015,2020-01-28 21:15:00,2020,1,28,21,15,09,09268,Rue du Pont,42.999809,1.137233,Nuit avec éclairage allumé,En agglomération,Hors intersection,Normale,Deux véhicules - frontale,3,1,2,0,3,1,1,0,1,50,2,3,1,0,1,1,50.0,29.0,voiture,deux_roues,5,2,1,1,1
202000011016,2020-01-27 18:50:00,2020,1,27,18,50,74,74191,792 Avenue de Joux Plane,46.180462,6.702175,Nuit avec éclairage allumé,En agglomération,Intersection en X,Pluie légère,Autre collision,3,2,2,0,1,1,2,5,1,50,1,2,1,0,0,1,57.0,,voiture,,5,2,2,2,6
202000011017,2020-01-28 15:45:00,2020,1,28,15,45,42,42166,Route Bleue,45.98571,4.109986,Plein jour,Hors agglomération,Hors intersection,Pluie légère,Autre collision,3,2,2,0,1,1,2,0,3,80,1,1,0,0,1,0,49.0,,deux_roues,,1,1,1,2,6
202000011018,2020-01-29 07:15:00,2020,1,29,7,15,68,68145,5 Grand'Rue,48.081183,7.388198,Nuit avec éclairage allumé,En agglomération,Intersection en Y,Pluie légère,Autre collision,3,2,2,0,1,1,2,0,1,50,1,2,1,0,1,0,54.0,,voiture,,5,2,4,2,6
202000011019,2020-01-28 19:10:00,2020,1,28,19,10,37,37005,AUTOROUTE A10,46.964918,0.5482925,Nuit sans éclairage public,Hors agglomération,Hors intersection,Normale,Deux véhicules - arrière,1,3,4,0,1,1,1,0,1,130,2,2,1,1,0,0,49.0,26.0,utilitaire_camion,voiture,3,1,1,1,2
202000011020,2020-01-28 18:45:00,2020,1,28,18,45,56,56237,3 Rue de Botspern,48.009647,-2.949767,Nuit sans éclairage public,Hors agglomération,Hors intersection,Normale,Deux véhicules - frontale,4,2,2,0,2,1,2,0,1,80,2,2,0,0,1,1,22.0,34.0,voiture,voiture,3,1,1,1,1
202000011021,2020-01-28 16:50:00,2020,1,28,16,50,74,74083,2663 Route de Saint Gervais,45.891177,6.669085,Crépuscule ou aube,Hors agglomération,Hors intersection,Neige / grêle,Sans collision,3,2,2,0,2,3,5,0,3,80,1,3,0,0,1,2,45.0,,voiture,,2,1,1,4,7
202000011022,2020-01-28 16:20:00,2020,1,28,16,20,74,74276,D907,46.09618,6.660419,Plein jour,Hors agglomération,Hors intersection,Neige / grêle,Deux véhicules - frontale,3,2,2,0,1,3,5,0,1,80,2,5,3,0,1,1,33.0,21.0,voiture,voiture,1,1,1,4,1
202000011023,2020-01-25 19:15:00,2020,1,25,19,15,42,42013,Route de Lyon,45.650026,4.311973,Nuit sans éclairage public,Hors agglomération,Hors intersection,Normale,Deux véhicules - frontale,3,2,2,0,1,1,1,0,1,70,2,7,2,0,0,5,20.0,46.0,voiture,voiture,3,1,1,1,1
202000011024,2020-01-28 17:20:00,2020,1,28,17,20,44,44014,La Jarie,47.1063413,-1.5097994,Plein jour,Hors agglomération,Hors intersection,Pluie légère,Deux véhicules - frontale,3,2,2,0,1,4,2,0,1,80,2,2,1,0,0,1,26.0,28.0,voiture,voiture,1,1,1,2,1
202000011025,2020-01-28 19:30:00,2020,1,28,19,30,29,29049,D765 - Lieu Dit Nenez,47.967618,-3.891419,Nuit sans éclairage public,Hors agglomération,Hors intersection,Pluie forte,Deux véhicules - frontale,3,2,2,0,1,3,2,0,1,80,2,6,2,2,1,1,28.0,47.0,voiture,voiture,3,1,1,3,1
202000011026,2020-01-29 05:47:00,2020,1,29,5,47,02,02085,D1,49.085991,3.397291,Nuit sans éclairage public,Hors agglomération,Hors intersection,Pluie légère,Trois véhicules et plus - collisions multiples,3,-1,2,0,1,1,2,0,1,80,3,3,2,0,1,0,40.0,23.0,voiture,voiture,3,1,1,2,5
202000011027,2020-01-29 02:00:00,2020,1,29,2,0,72,72248,D96,47.81925,0.387622,Nuit sans éclairage public,Hors agglomération,Hors intersection,Normale,Autre collision,3,2,2,0,1,1,1,0,3,80,1,3,0,0,1,2,20.0,,voiture,,3,1,1,1,6
202000011028,2020-01-29 15:00:00,2020,1,29,15,0,05,05170,D46,44.460725,6.036392,Plein jour,Hors agglomération,Hors intersection,Normale,Sans collision,3,2,2,0,1,2,1,0,3,50,1,2,1,0,1,0,73.0,,voiture,,1,1,1,1,7
202000011029,2020-01-29 17:40:00,2020,1,29,17,40,60,60035,RD 154,49.6554296,2.8521939,Crépuscule ou aube,Hors agglomération,Hors intersection,Normale,,3,2,2,0,1,1,1,0,1,-1,3,3,1,0,0,2,37.0,16.0,voiture,deux_roues,2,1,1,1,-1
202000011030,2020-01-29 10:30:00,2020,1,29,10,30,60,60286,Rue d'Amiens,49.665552,1.94186,Plein jour,En agglomération,Intersection en T,Normale,Deux véhicules - frontale,3,2,2,0,1,1,1,0,1,50,2,2,1,0,0,1,24.0,70.0,voiture,deux_roues,1,2,3,1,1
202000011031,2020-01-27 11:25:00,2020,1,27,11,25,18,18155,D2076,46.820121,3.021712,Plein jour,Hors agglomération,Hors intersection,Normale,Deux véhicules - frontale,3,2,2,0,1,1,1,0,1,80,2,2,0,0,0,2,69.0,66.0,voiture,voiture,1,1,1,1,1
202000011032,2020-01-26 17:39:00,2020,1,26,17,39,40,40094,Gaye,44.174506,-1.108058,Crépuscule ou aube,Hors agglomération,Hors intersection,Normale,Deux véhicules - frontale,3,2,2,0,1,2,1,0,1,80,2,3,2,0,1,0,36.0,91.0,voiture,voiture,2,1,1,1,1
202000011033,2020-01-28 15:00:00,2020,1,28,15,0,04,04049,Route du Pierraret,44.090425,6.008465,Plein jour,En agglomération,Hors intersection,Normale,Sans collision,4,2,2,0,2,1,1,0,1,50,1,1,0,1,0,0,60.0,,deux_roues,,1,2,1,1,7
202000011034,2020-01-29 10:20:00,2020,1,29,10,20,85,85117,RD 60,46.470354,-1.25389,Plein jour,Hors agglomération,Giratoire,Normale,Deux véhicules - côté,3,2,2,0,1,3,2,0,1,80,2,3,2,0,1,0,32.0,59.0,voiture,deux_roues,1,1,6,1,3
202000011035,2020-01-28 17:45:00,2020,1,28,17,45,85,85146,,46.97581,-1.29902,Crépuscule ou aube,En agglomération,Hors intersection,Normale,Autre collision,4,2,2,0,1,1,1,0,1,50,1,2,1,0,1,0,84.0,,voiture,,2,2,1,1,6
202000011036,2020-01-19 19:00:00,2020,1,19,19,0,987,98734,PK 38+900,-17.723379,-149.50573,Crépuscule ou aube,Hors agglomération,Hors intersection,Normale,Deux véhicules - frontale,2,2,2,0,4,2,1,0,1,60,2,3,1,0,1,1,68.0,48.0,voiture,voiture,2,1,1,1,1
202000011037,2020-01-28 18:10:00,2020,1,28,18,10,10,10438,A5,48.166114,4.528642,Nuit sans éclairage public,Hors agglomération,Hors intersection,Pluie légère,Deux véhicules - arrière,1,1,4,0,2,1,2,0,8,110,2,2,1,0,0,1,56.0,57.0,voiture,voiture,3,1,1,2,2
202000011038,2020-01-28 21:30:00,2020,1,28,21,30,973,97307,Rue de l'Alambic,4.882527,-52.32261,Nuit sans éclairage public,En agglomération,Hors intersection,Normale,Autre collision,4,-1,-1,-1,-1,-1,-1,-1,8,-1,1,2,1,1,0,0,60.0,,voiture,,3,2,1,1,6
202000011039,2020-01-17 18:40:00,2020,1,17,18,40,973,97307,33 Rue Citron Vert,4.8756216,-52.3248031,Nuit avec éclairage non allumé,En agglomération,Hors intersection,Normale,Deux véhicules - frontale,4,2,2,0,1,1,1,0,1,50,2,2,1,0,1,0,29.0,18.0,deux_roues,deux_roues,4,2,1,1,1
202000011040,2020-01-26 19:00:00,2020,1,26,19,0,06,06004,a8 pk 173.100 chaussée nord,43.611258,7.106769,Nuit sans éclairage public,Hors agglomération,Hors intersection,Normale,Deux véhicules - arrière,1,1,3,0,1,1,1,0,1,110,2,2,0,0,1,1,62.0,89.0,voiture,voiture,3,1,1,1,2
202000011041,2020-01-28 08:15:00,2020,1,28,8,15,06,06079,A8,43.557533,6.95515,Plein jour,Hors agglomération,Hors intersection,Normale,Deux véhicules - côté,1,3,3,0,1,2,1,0,1,-1,2,2,1,0,0,1,37.0,60.0,voiture,utilitaire_camion,1,1,1,1,3
202000011042,2020-01-29 05:35:00,2020,1,29,5,35,38,38053,A43,45.58113,5.30349,Nuit sans éclairage public,Hors agglomération,Hors intersection,Pluie forte,Trois véhicules et plus - collisions multiples,1,3,3,0,1,1,2,0,1,110,6,6,3,0,0,3,50.0,20.0,voiture,voiture,3,1,1,3,5
202000011043,2020-01-28 10:09:00,2020,1,28,10,9,38,38553,D1006,45.627357,5.162255,Plein jour,Hors agglomération,Hors intersection,Pluie légère,Deux véhicules - frontale,3,3,2,0,1,1,2,0,1,80,2,2,1,0,1,0,58.0,48.0,voiture,utilitaire_camion,1,1,1,2,1
202000011044,2020-01-28 17:25:00,2020,1,28,17,25,972,97228,Chemin Rural du Quartier Francois,14.757982,-61.023034,Plein jour,Hors agglomération,Hors intersection,Normale,Deux véhicules - arrière,4,2,2,0,2,1,1,0,1,50,2,2,1,0,1,0,30.0,59.0,deux_roues,voiture,1,1,1,1,2
202000011045,2020-01-29 07:48:00,2020,1,29,7,48,13,13088,Route Departementale 568,43.366287,5.2633889,Crépuscule ou aube,En agglomération,Intersection en T,Normale,Deux véhicules - côté,3,2,2,0,1,3,1,0,5,50,2,2,1,1,0,0,37.0,55.0,deux_roues,transport_commun,2,2,3,1,3
202000011046,2020-01-28 12:02:00,2020,1,28,12,2,77,77318,Route nationale 36,48.777826,2.8654862,Plein jour,Hors agglomération,Hors intersection,Normale,,2,2,2,0,1,1,1,0,1,80,3,3,2,0,1,0,46.0,45.0,voiture,utilitaire_camion,1,1,1,1,-1
202000011047,2020-01-29 08:05:00,2020,1,29,8,5,78,78522,D988,48.585785,1.981509,Plein jour,Hors agglomération,Intersection en X,Normale,Deux véhicules - frontale,3,2,2,0,1,1,1,5,1,80,2,3,2,0,0,1,29.0,25.0,voiture,voiture,1,1,2,1,1
202000011048,2020-01-24 18:35:00,2020,1,24,18,35,66,66037,RD.81A,42.652807,3.033045,Nuit sans éclairage public,Hors agglomération,Hors intersection,Normale,Deux véhicules - frontale,3,2,2,0,1,1,1,0,1,70,2,3,0,0,1,2,80.0,38.0,voiture,voiture,3,1,1,1,1
202000011049,2020-01-27 00:15:00,2020,1,27,0,15,38,38451,Route de Cremieu,45.74007,5.23133,Nuit sans éclairage public,Hors agglomération,Hors intersection,Pluie légère,Autre collision,3,-1,2,0,1,1,2,0,3,80,1,1,0,0,1,0,23.0,,voiture,,3,1,1,2,6
202000011050,2020-01-28 13:15:00,2020,1,28,13,15,01,01012,La Grange Goyet,46.004623,5.546808,Plein jour,Hors agglomération,Hors intersection,Neige / grêle,Sans collision,3,2,2,0,1,1,5,0,3,80,1,1,0,0,0,1,60.0,,voiture,,1,1,1,4,7
202000011051,2020-01-28 16:50:00,2020,1,28,16,50,17,17184,D733,45.794848,-0.936069,Plein jour,Hors agglomération,Hors intersection,Normale,Deux véhicules - frontale,3,2,2,0,1,1,2,0,1,80,2,2,0,0,1,1,51.0,60.0,voiture,voiture,1,1,1,1,1
202000011052,2020-01-28 23:15:00,2020,1,28,23,15,85,85155,Le Vigneau,46.690178,-1.46565,Nuit sans éclairage public,Hors agglomération,Hors intersection,Pluie légère,Deux véhicules - arrière,3,3,4,0,1,1,2,0,1,110,2,3,2,0,0,1,62.0,21.0,voiture,voiture,3,1,1,2,2
202000011053,2020-01-29 19:25:00,2020,1,29,19,25,27,27448,40 Rue Edouard Isambard,49.01376,1.37961,Nuit avec éclairage allumé,En agglomération,Hors intersection,Normale,Autre collision,3,2,2,0,1,1,1,0,1,50,1,2,1,0,0,1,58.0,,voiture,,5,2,1,1,6
202000011054,2020-01-28 18:30:00,2020,1,28,18,30,60,60341,D84,49.089298,2.74022,Nuit avec éclairage allumé,En agglomération,Intersection en T,Pluie forte,Autre collision,3,2,2,0,1,1,2,0,1,50,1,2,1,0,1,0,58.0,,voiture,,5,2,3,3,6
202000011055,2020-01-22 11:30:00,2020,1,22,11,30,02,02242,D969,48.977752,3.248284,Plein jour,En agglomération,Hors intersection,Normale,Sans collision,3,2,2,0,1,1,2,0,3,50,1,1,0,0,1,0,59.0,,voiture,,1,2,1,1,7
202000011056,2020-01-29 15:00:00,2020,1,29,15,0,62,62380,D65,50.394552,2.647741,Plein jour,Hors agglomération,Hors intersection,Normale,Trois véhicules et plus - en chaîne,3,2,2,0,2,1,1,0,1,80,4,4,1,0,1,2,26.0,52.0,deux_roues,deux_roues,1,1,1,1,4
202000011057,2020-01-23 09:05:00,2020,1,23,9,5,13,13001,A51-Sens Marseille vers Aix en Provence,43.511607,5.422244,Plein jour,Hors agglomération,Hors intersection,Normale,,1,-1,3,0,1,1,1,0,6,90,3,4,2,0,0,2,27.0,35.0,utilitaire_camion,utilitaire_camion,1,1,1,1,-1
202000011058,2020-01-28 09:15:00,2020,1,28,9,15,13,13005,A50-Sens Marseille vers Aubagne,43.2885999,5.5497001,Plein jour,Hors agglomération,Hors intersection,Normale,Trois véhicules et plus - collisions multiples,1,3,6,0,1,1,1,0,1,90,4,4,3,0,0,1,56.0,48.0,utilitaire_camion,voiture,1,1,1,1,5
202000011059,2020-01-27 08:10:00,2020,1,27,8,10,13,13216,A55-Sens Martigues vers Marseille,43.36667,5.329757,Plein jour,Hors agglomération,Hors intersection,Normale,Deux véhicules - arrière,1,1,2,0,1,1,1,0,1,110,2,5,2,0,0,3,42.0,22.0,voiture,voiture,1,1,1,1,2
202000011060,2020-01-23 15:30:00,2020,1,23,15,30,69,69296,A7  ,45.65421,4.83875,Plein jour,Hors agglomération,Hors intersection,Normale,Deux véhicules - arrière,1,1,3,0,1,1,1,0,1,110,2,1,0,0,0,1,40.0,,utilitaire_camion,,1,1,1,1,2
202000011061,2020-01-24 16:30:00,2020,1,24,16,30,69,69266,RD 383  ,45.7850193,4.8905892,Plein jour,Hors agglomération,Hors intersection,Normale,Trois véhicules et plus - en chaîne,3,3,3,0,1,1,1,0,1,70,4,6,2,0,0,4,45.0,65.0,utilitaire_camion,voiture,1,1,1,1,4
202000011062,2020-01-28 15:15:00,2020,1,28,15,15,33,33366,AUTOROUTE A 10,45.00981,-0.42838,Plein jour,Hors agglomération,Hors intersection,Normale,Deux véhicules - arrière,1,3,7,0,3,1,1,0,1,130,2,2,1,0,0,1,30.0,55.0,utilitaire_camion,utilitaire_camion,1,1,1,1,2
202000011063,2020-01-28 07:00:00,2020,1,28,7,0,91,91570,RN 104,48.6253,2.3255,Nuit sans éclairage public,Hors agglomération,Hors intersection,Normale,Deux véhicules - côté,2,3,4,0,1,1,2,0,1,110,2,3,1,0,0,2,30.0,48.0,utilitaire_camion,voiture,3,1,1,1,3
202000011064,2020-01-28 08:40:00,2020,1,28,8,40,91,91689,AUTOROUTE A6,48.729884,2.314649,Plein jour,Hors agglomération,Hors intersection,Normale,Deux véhicules - côté,1,1,6,0,1,1,1,0,1,110,2,2,1,0,0,1,73.0,23.0,voiture,deux_roues,1,1,1,1,3
202000011065,2020-01-28 07:45:00,2020,1,28,7,45,91,91687,AUTOROUTE A6,48.6636605,2.3661172,Plein jour,Hors agglomération,Hors intersection,Normale,Deux véhicules - côté,1,3,6,0,1,1,9,0,1,110,2,2,1,0,0,1,37.0,34.0,voiture,voiture,1,1,1,1,3
202000011066,2020-01-28 13:22:00,2020,1,28,13,22,78,78238,A13W,48.96922,1.864501,Nuit sans éclairage public,Hors agglomération,Hors intersection,Normale,Deux véhicules - arrière,1,1,3,0,1,3,1,3,1,50,2,2,1,0,0,1,29.0,74.0,voiture,voiture,3,1,1,1,2
202000011067,2020-01-27 18:10:00,2020,1,27,18,10,78,78043,A12 Y,48.842281,2.099314,Nuit sans éclairage public,Hors agglomération,Hors intersection,Pluie légère,Sans collision,1,-1,4,0,1,1,2,0,1,90,1,1,0,0,1,0,71.0,,deux_roues,,3,1,1,2,7
202000011068,2020-01-27 11:15:00,2020,1,27,11,15,95,95582,RD 170,48.96667,2.27366,Plein jour,Hors agglomération,Hors intersection,Pluie légère,Deux véhicules - arrière,3,1,2,0,3,2,2,0,1,70,2,4,2,0,0,2,22.0,21.0,voiture,voiture,1,1,1,2,2
202000011069,2020-01-27 17:30:00,2020,1,27,17,30,95,95277,AUTOROUTE A104,48.97221,2.4861,Crépuscule ou aube,Hors agglomération,Hors intersection,Pluie forte,Deux véhicules - arrière,1,3,-1,0,1,1,2,0,1,90,2,4,3,0,0,1,47.0,23.0,utilitaire_camion,voiture,2,1,1,3,2
202000011070,2020-01-27 18:46:00,2020,1,27,18,46,93,93066,AUTOROUTE A1,48.92989,2.36419,Nuit avec éclairage non allumé,Hors agglomération,Hors intersection,Pluie légère,Deux véhicules - arrière,1,3,10,0,1,1,2,0,1,90,2,2,1,0,0,1,61.0,34.0,voiture,utilitaire_camion,4,1,1,2,2
202000011071,2020-01-27 09:00:00,2020,1,27,9,0,95,95582,RD 170,48.9671,2.27351,Crépuscule ou aube,Hors agglomération,Hors intersection,Pluie légère,Trois véhicules et plus - en chaîne,3,3,4,0,1,3,2,0,1,90,3,3,2,0,0,1,25.0,44.0,voiture,voiture,2,1,1,2,4
202000011072,2020-01-27 08:30:00,2020,1,27,8,30,95,95582,RD 170,48.96642,2.27347,Crépuscule ou aube,Hors agglomération,Hors intersection,Pluie légère,Sans collision,3,1,2,0,4,1,2,0,1,70,1,1,0,0,0,1,36.0,,deux_roues,,2,1,1,2,7
202000011073,2020-01-26 00:00:00,2020,1,26,0,0,95,95572,AUTOROUTE A15,49.03207,2.10666,Nuit sans éclairage public,Hors agglomération,Hors intersection,Normale,Deux véhicules - côté,2,1,2,0,2,2,1,3,1,70,2,3,0,0,0,3,37.0,33.0,voiture,voiture,3,1,1,1,3
202000011074,2020-01-25 20:45:00,2020,1,25,20,45,93,93005,AUTOROUTE A3,48.94731,2.47581,Nuit sans éclairage public,Hors agglomération,Hors intersection,Normale,Sans collision,1,3,9,0,1,1,1,0,1,110,1,1,0,0,0,1,28.0,,deux_roues,,3,1,1,1,7
202000011075,2020-01-24 18:10:00,2020,1,24,18,10,95,95241,RN 104,49.04753,2.46166,Nuit sans éclairage public,Hors agglomération,Hors intersection,Normale,Autre collision,2,3,4,0,1,3,1,0,1,110,1,1,0,0,0,1,31.0,,voiture,,3,1,1,1,6
202000011076,2020-01-27 17:00:00,2020,1,27,17,0,94,94073,A86 INT,48.7603946,2.3827328,Crépuscule ou aube,Hors agglomération,Hors intersection,Pluie légère,Trois véhicules et plus - collisions multiples,1,3,3,0,1,1,2,0,1,90,3,3,2,0,0,1,35.0,71.0,deux_roues,voiture,2,1,1,2,5
202000011077,2020-01-27 06:35:00,2020,1,27,6,35,94,94018,A4,48.81936,2.40617,Nuit sans éclairage public,Hors agglomération,Hors intersection,Pluie légère,Deux véhicules - côté,1,3,10,0,1,1,2,0,1,90,2,2,1,0,0,1,50.0,46.0,utilitaire_camion,deux_roues,3,1,1,2,3
202000011078,2020-01-27 17:10:00,2020,1,27,17,10,976,97611,kaweni-Zamantalé (ruelle),-12.7737744,45.2202637,Plein jour,En agglomération,Autre intersection,Normale,Deux véhicules - frontale,4,2,0,0,1,1,1,0,1,50,2,2,1,0,0,1,42.0,50.0,deux_roues,voiture,1,2,9,1,1
202000011079,2020-01-26 23:20:00,2020,1,26,23,20,974,97416,RN2 (2),-21.3532,55.50983,Nuit sans éclairage public,Hors agglomération,Autre intersection,Normale,Autre collision,2,-1,2,0,1,2,1,0,3,50,1,1,0,0,1,0,41.0,,voiture,,3,1,9,1,6
202000011080,2020-01-26 19:20:00,2020,1,26,19,20,972,97213,ROUTE DEPARTEMENTALE 15,14.643593,-61.010429,Nuit sans éclairage public,Hors agglomération,Hors intersection,Normale,Trois véhicules et plus - en chaîne,3,2,2,0,1,1,1,0,1,80,3,6,1,0,0,5,39.0,85.0,voiture,voiture,3,1,1,1,4
202000011081,2020-01-26 20:40:00,2020,1,26,20,40,69,69385,ROMAIN ROLLAND                      (QU),45.7623,4.8288,Nuit avec éclairage allumé,En agglomération,Hors intersection,Temps couvert,Deux véhicules - côté,4,1,2,3,1,1,2,0,1,50,2,3,2,0,0,1,20.0,19.0,deux_roues,voiture,5,2,1,8,3
202000011082,2020-01-10 17:20:00,2020,1,10,17,20,69,69384,GEORGES CLEMENCEAU                  (QU),45.7748844,4.8096675,Plein jour,En agglomération,Hors intersection,Normale,Autre collision,4,2,2,0,1,1,1,9,1,50,1,2,1,0,0,1,27.0,,voiture,,1,2,1,1,6
202000011083,2020-01-27 08:55:00,2020,1,27,8,55,971,97120,CHANZY (BOULEVARD),16.24152,-61.5378,Plein jour,En agglomération,Hors intersection,Normale,Sans collision,3,-1,2,0,1,1,1,0,1,50,1,2,1,0,0,1,74.0,,voiture,,1,2,1,1,7
202000011084,2020-01-26 18:50:00,2020,1,26,18,50,971,97113,RN4 - SECTION RIVIERA,16.2097879,-61.4720839,Nuit avec éclairage allumé,Hors agglomération,Hors intersection,Normale,Deux véhicules - frontale,2,2,3,0,1,1,1,9,1,70,2,4,2,0,0,2,24.0,31.0,voiture,voiture,5,1,1,1,1
202000011085,2020-01-26 16:25:00,2020,1,26,16,25,971,97101,BESSON,16.23704,-61.50162,Plein jour,Hors agglomération,Hors intersection,Normale,Deux véhicules - côté,3,2,2,0,1,1,1,0,1,50,2,2,1,0,0,1,63.0,47.0,voiture,deux_roues,1,1,1,1,3
202000011086,2020-01-25 21:25:00,2020,1,25,21,25,95,95288,PASTEUR (RUE),48.98627,2.35175,Nuit avec éclairage allumé,En agglomération,Autre intersection,Normale,Deux véhicules - côté,4,1,1,0,1,1,1,0,1,30,2,2,1,0,1,0,21.0,20.0,deux_roues,voiture,5,2,9,1,3
202000011087,2020-01-27 17:30:00,2020,1,27,17,30,91,91471,DUBREUIL (BOULEVARD),48.69791,2.18393,Nuit avec éclairage non allumé,En agglomération,Hors intersection,Pluie légère,Autre collision,4,-1,2,0,4,1,2,0,1,50,1,2,1,0,1,0,58.0,,voiture,,4,2,1,2,6
202000011088,2020-01-27 18:25:00,2020,1,27,18,25,91,91687,BELLAY (AVENUE DU),48.675822,2.363351,Nuit avec éclairage allumé,En agglomération,Autre intersection,Pluie légère,Deux véhicules - côté,7,2,2,0,1,1,2,9,1,50,2,2,1,0,0,1,16.0,40.0,deux_roues,voiture,5,2,9,2,3
202000011089,2020-01-27 16:20:00,2020,1,27,16,20,91,91174,JOHN KENNEDY (BOULEVARD),48.58351,2.47662,Plein jour,En agglomération,Hors intersection,Pluie légère,Deux véhicules - côté,4,2,1,1,1,1,2,0,5,50,2,2,1,0,0,1,35.0,25.0,voiture,deux_roues,1,2,1,2,3
202000011090,2020-01-27 08:10:00,2020,1,27,8,10,91,91174,DUNANT ( BD HENRI),48.60439,2.48209,Crépuscule ou aube,En agglomération,Autre intersection,Pluie forte,Autre collision,4,2,0,0,2,1,2,9,1,50,1,2,1,0,0,1,41.0,,autre,,2,2,9,3,6
202000011091,2020-01-27 05:40:00,2020,1,27,5,40,91,91339,RN 20,48.63506,2.26616,Nuit sans éclairage public,En agglomération,Hors intersection,Pluie légère,Deux véhicules - arrière,2,3,4,0,2,1,2,0,1,50,2,2,1,0,0,1,41.0,44.0,voiture,voiture,3,2,1,2,2
202000011092,2020-01-14 17:50:00,2020,1,14,17,50,88,88383,RUE DES 5 EME ET 15 EME B.C.P.,48.01731,6.59634,Nuit avec éclairage allumé,En agglomération,Intersection en T,Normale,Autre collision,3,2,3,0,1,1,1,0,1,50,1,2,1,0,1,0,69.0,,voiture,,5,2,3,1,6
202000011093,2020-01-25 16:19:00,2020,1,25,16,19,87,87048,NEXON (ROUTE DE),45.77668,1.22097,Plein jour,Hors agglomération,Hors intersection,Normale,Sans collision,3,2,2,0,1,2,1,0,1,70,1,2,1,0,0,1,21.0,,deux_roues,,1,1,1,1,7
202000011094,2020-01-27 18:45:00,2020,1,27,18,45,85,85191,ROND-POINT DUCHESNE-DE-DENANT ,46.65085,-1.43763,Nuit avec éclairage allumé,En agglomération,Giratoire,Pluie forte,Autre collision,4,2,2,0,1,3,2,0,1,50,1,2,1,0,0,1,56.0,,voiture,,5,2,6,3,6
202000011095,2020-01-26 09:45:00,2020,1,26,9,45,83,83062,THOUAR MONTEE,43.13315,6.00968,Plein jour,En agglomération,Hors intersection,Temps couvert,Deux véhicules - frontale,3,2,2,0,2,3,1,0,1,50,2,5,2,0,0,3,16.0,25.0,deux_roues,voiture,1,2,1,8,1
202000011096,2020-01-26 22:00:00,2020,1,26,22,0,83,83129,MER (AVENUE DE LA) N° PAIRS,43.105072,5.8170117,Nuit avec éclairage allumé,En agglomération,Hors intersection,Temps couvert,Deux véhicules - arrière,3,2,2,0,1,1,2,0,1,50,2,2,1,0,0,1,28.0,27.0,voiture,voiture,5,2,1,8,2
202000011097,2020-01-25 23:00:00,2020,1,25,23,0,83,83129,KENNEDY(AVENUE J.)N° PAIRS après 2742,43.1085046,5.8463493,Nuit avec éclairage allumé,En agglomération,Hors intersection,Normale,Deux véhicules - côté,3,2,2,0,2,1,1,0,1,50,2,4,0,0,0,4,72.0,48.0,voiture,voiture,5,2,1,1,3
202000011098,2020-01-27 07:40:00,2020,1,27,7,40,78,78440,PAUL RAOULT (AVENUE),48.994971,1.913736,Nuit sans éclairage public,En agglomération,Intersection en T,Pluie forte,Autre collision,3,3,2,0,1,1,2,5,1,50,1,2,1,0,0,1,59.0,,voiture,,3,2,3,3,6
202000011099,2020-01-24 18:11:00,2020,1,24,18,11,76,76351,GUSTAVE BRINDEAU (RUE),49.49064,0.14137,Plein jour,En agglomération,Intersection en T,Normale,Autre collision,4,2,2,0,1,1,1,0,1,50,1,2,1,0,0,1,52.0,,voiture,,1,2,3,1,6
202000011100,2020-01-25 14:30:00,2020,1,25,14,30,67,67218,CEINTURE (RUE DE LA),48.52674,7.72111,Plein jour,En agglomération,Hors intersection,Normale,Deux véhicules - arrière,4,3,5,3,1,3,1,0,1,50,2,2,1,0,0,1,49.0,54.0,voiture,deux_roues,1,2,1,1,2
202000011101,2020-01-24 19:06:00,2020,1,24,19,6,66,66136,REART (AVENUE DE LA),42.68367,2.90836,Nuit avec éclairage non allumé,En agglomération,Intersection en X,Normale,Deux véhicules - côté,4,2,2,0,1,1,1,0,1,50,2,2,1,0,0,1,19.0,50.0,voiture,voiture,4,2,2,1,3
202000011102,2020-01-25 03:10:00,2020,1,25,3,10,63,63113,MITTERRAND (BD FRANCOIS),45.77082,3.08743,Nuit avec éclairage allumé,En agglomération,Hors intersection,Normale,Autre collision,4,2,4,0,1,1,1,9,4,50,1,2,1,0,0,1,24.0,,voiture,,5,2,1,1,6
202000011103,2020-01-25 13:03:00,2020,1,25,13,3,63,63113,RECLUS (AVENUE ELISEE),45.78827,3.1396,Plein jour,En agglomération,Giratoire,Normale,Deux véhicules - arrière,7,1,2,0,1,2,1,9,1,50,2,2,1,0,0,1,47.0,46.0,deux_roues,voiture,1,2,6,1,2