accident_id,datetime,annee,mois,jour,heure,minute,departement,commune_insee,adresse,latitude,longitude,luminosite,agglomeration,intersection,meteo,collision,catr,circ,nbv,vosp,prof,plan,surf,infra,situ,vma,nb_vehicules,nb_usagers,nb_indemnes,nb_tues,nb_blesses_hosp,nb_blesses_legers,age_cond_1,age_cond_2,veh_type_cond_1,veh_type_cond_2,lum_code,agg_code,int_code,atm_code,col_code
202000011104,2020-01-24 14:45:00,2020,1,24,14,45,63,63113,DUMAS (BD J.BAPTISTE),45.78652,3.09153,Plein jour,En agglomération,Intersection en Y,Normale,Deux véhicules - côté,4,2,3,0,1,1,1,0,1,50,2,2,1,0,0,1,70.0,23.0,voiture,voiture,1,2,4,1,3
202000011105,2020-01-27 08:15:00,2020,1,27,8,15,59,59009,CANTELEU AVENUE DE,50.63846,3.14824,Crépuscule ou aube,En agglomération,Hors intersection,Temps couvert,Autre collision,7,3,2,0,1,1,2,0,1,50,1,2,1,0,1,0,55.0,,voiture,,2,2,1,8,6
202000011106,2020-01-26 20:50:00,2020,1,26,20,50,59,59017,RESISTANTS (RUE DES ),50.69137,2.87311,Nuit avec éclairage allumé,En agglomération,Intersection en X,Pluie légère,Deux véhicules - côté,7,2,2,0,1,1,2,5,1,50,2,2,1,0,1,0,28.0,21.0,deux_roues,voiture,5,2,2,2,3
202000011107,2020-01-24 22:00:00,2020,1,24,22,0,58,58194,MADEMOISELLE BOURGEOIS,46.99995,3.17566,Nuit avec éclairage allumé,En agglomération,Intersection en T,Normale,Deux véhicules - frontale,4,2,3,0,1,1,1,0,1,50,2,4,0,0,0,4,22.0,23.0,voiture,voiture,5,2,3,1,1
202000011108,2020-01-28 02:00:00,2020,1,28,2,0,54,54547,M 674,48.671044,6.193199,Nuit avec éclairage allumé,En agglomération,Hors intersection,Pluie légère,Autre collision,7,1,4,0,1,3,2,0,3,70,1,1,0,0,0,1,22.0,,voiture,,5,2,1,2,6
202000011109,2020-01-27 17:30:00,2020,1,27,17,30,54,54395,TOMBLAINE (RUE DE),48.686785,6.20102,Nuit avec éclairage allumé,En agglomération,Intersection en X,Pluie forte,Autre collision,4,2,3,0,1,1,2,0,1,50,1,2,1,0,0,1,54.0,,voiture,,5,2,2,3,6
202000011110,2020-01-26 00:10:00,2020,1,26,0,10,54,54526,PROUVE (RUE VICTOR),48.679252,6.217304,Nuit avec éclairage allumé,En agglomération,Intersection en X,Brouillard / fumée,Deux véhicules - côté,4,-1,2,0,1,1,1,0,1,30,2,3,0,0,0,3,51.0,22.0,voiture,voiture,5,2,2,5,3
202000011111,2020-01-25 23:24:00,2020,1,25,23,24,49,49267,A87N,47.46688,-0.51622,Nuit sans éclairage public,En agglomération,Hors intersection,Normale,Sans collision,1,2,2,0,1,1,1,0,1,60,1,2,1,0,0,1,21.0,,voiture,,3,2,1,1,7
202000011112,2020-01-26 10:40:00,2020,1,26,10,40,47,47001,DURRENS (RUE DE),44.2004,0.63403,Plein jour,En agglomération,Intersection en T,Normale,,3,2,0,0,1,1,1,0,1,50,2,3,1,0,1,1,64.0,28.0,voiture,voiture,1,2,3,1,-1
202000011113,2020-01-27 08:00:00,2020,1,27,8,0,45,45274,D951 - PR86+350,47.865892,1.9641602,Crépuscule ou aube,En agglomération,Hors intersection,Pluie légère,Deux véhicules - frontale,3,2,2,0,1,1,2,0,1,80,2,2,0,0,0,2,46.0,53.0,voiture,voiture,2,2,1,2,1
202000011114,2020-01-25 16:50:00,2020,1,25,16,50,45,45068,R ANDRE GIDE,48.032562,2.744253,Plein jour,En agglomération,Hors intersection,Normale,Autre collision,3,2,2,0,1,1,1,0,3,50,1,1,0,0,0,1,42.0,,voiture,,1,2,1,1,6
202000011115,2020-01-21 13:25:00,2020,1,21,13,25,37,37122,VERDUN (RUE DE),47.3467269,0.6655133,Plein jour,En agglomération,Hors intersection,Temps éblouissant,Autre collision,3,2,4,2,1,1,1,0,1,50,1,2,1,0,0,1,79.0,,voiture,,1,2,1,7,6
202000011116,2020-01-26 20:05:00,2020,1,26,20,5,35,35288,CONTI (RUE ANITA),48.64674,-2.005279,Nuit avec éclairage non allumé,En agglomération,Hors intersection,Pluie forte,Autre collision,4,3,2,2,1,1,2,0,1,30,1,2,1,0,1,0,72.0,,voiture,,4,2,1,3,6
202000011117,2020-01-27 19:45:00,2020,1,27,19,45,35,35238,VERN (DE),48.0995916,-1.6575926,Nuit avec éclairage non allumé,En agglomération,Hors intersection,Pluie légère,Deux véhicules - côté,4,2,4,1,4,1,2,0,1,50,2,2,1,0,0,1,42.0,31.0,voiture,deux_roues,4,2,1,2,3
202000011118,2020-01-27 15:39:00,2020,1,27,15,39,35,35278,RN 136 PORTE DE ST MALO,48.144,-1.69665,Plein jour,Hors agglomération,Hors intersection,Pluie légère,Autre collision,2,1,1,0,1,3,2,3,3,90,1,1,0,0,0,1,20.0,,voiture,,1,1,1,2,6
202000011119,2020-01-24 01:45:00,2020,1,24,1,45,34,34172,AIGUERELLES (RUE DES),43.60387,3.88149,Nuit avec éclairage non allumé,En agglomération,Hors intersection,Normale,Autre collision,4,1,1,0,1,1,1,0,1,50,1,1,0,0,0,1,,,,,4,2,1,1,6
202000011120,2020-01-28 02:00:00,2020,1,28,2,0,33,33063,RUE GASPARD PHILIPPE / PL CANTELOUP,44.8331829,-0.5666536,Nuit avec éclairage allumé,En agglomération,Intersection en Y,Pluie légère,Autre collision,4,1,1,0,1,1,2,0,1,50,1,1,0,0,0,1,23.0,,voiture,,5,2,4,2,6
202000011121,2020-01-27 20:10:00,2020,1,27,20,10,33,33522,RUE PACARIS / RUE CLEMENT THOMAS / CHEM DE BENEDIGUES,44.79882,-0.5827,Nuit avec éclairage allumé,En agglomération,Giratoire,Pluie légère,Deux véhicules - côté,4,2,3,1,1,1,2,0,1,50,2,2,1,0,0,1,28.0,22.0,deux_roues,voiture,5,2,6,2,3
202000011122,2020-01-27 15:27:00,2020,1,27,15,27,33,33249,AVE DE LA LIBERATION / RUE DES GAROSSES,44.8764,-0.51921,Plein jour,En agglomération,Giratoire,Pluie légère,Deux véhicules - côté,4,3,4,3,1,1,2,4,6,30,2,2,1,0,0,1,37.0,32.0,deux_roues,transport_commun,1,2,6,2,3
202000011123,2020-01-17 08:30:00,2020,1,17,8,30,33,33281,AVE DES EYQUEMS / RUE MARBOTIN / CHEM DE LA TOUR DE VEYRINES,44.82793,-0.64614,Crépuscule ou aube,En agglomération,Intersection en X,Pluie légère,Autre collision,4,2,2,0,1,1,2,0,1,50,1,2,1,0,0,1,83.0,,voiture,,2,2,2,2,6
202000011124,2020-01-26 11:00:00,2020,1,26,11,0,31,31555,RUE DU LOT,43.58051,1.41017,Plein jour,En agglomération,Intersection en T,Normale,Deux véhicules - côté,4,2,2,0,1,1,1,0,1,50,2,2,1,0,0,1,32.0,38.0,voiture,voiture,1,2,3,1,3
202000011125,2020-01-26 21:15:00,2020,1,26,21,15,31,31555,AV DE MURET,43.59229,1.4342,Nuit avec éclairage allumé,En agglomération,Hors intersection,Normale,,2,2,2,0,1,1,1,0,5,50,2,2,1,0,1,0,34.0,34.0,voiture,deux_roues,5,2,1,1,-1
202000011126,2020-01-25 07:00:00,2020,1,25,7,0,31,31069,FIL D'ARIANE (RD902),43.64101,1.37481,Nuit avec éclairage non allumé,Hors agglomération,Hors intersection,Normale,Deux véhicules - côté,3,3,4,0,1,1,1,0,1,90,2,2,1,0,0,1,33.0,31.0,voiture,voiture,4,1,1,1,3
202000011127,2020-01-24 17:40:00,2020,1,24,17,40,31,31555,VA007331 A620,43.607043,1.407162,Crépuscule ou aube,Hors agglomération,Hors intersection,Normale,Deux véhicules - arrière,1,3,4,0,1,1,1,0,1,90,2,2,1,0,0,1,45.0,27.0,deux_roues,voiture,2,1,1,1,2
202000011128,2020-01-24 12:02:00,2020,1,24,12,2,31,31555,SEBASTOPOL (RUE DE) DU 1AU 28,43.61067,1.42973,Plein jour,En agglomération,Hors intersection,Normale,Deux véhicules - côté,4,2,2,0,1,1,1,0,1,50,2,2,1,0,1,0,27.0,64.0,voiture,deux_roues,1,2,1,1,3
202000011129,2020-01-20 20:17:00,2020,1,20,20,17,29,29039,Rue Charles le Goffic,47.8745661,-3.9287849,Nuit avec éclairage allumé,En agglomération,Intersection en T,Normale,Autre collision,4,2,2,0,1,1,1,0,1,50,1,2,0,0,0,2,29.0,,voiture,,5,2,3,1,6
202000011130,2020-01-27 07:55:00,2020,1,27,7,55,29,29019,Rue de Glasgow,48.3970539,-4.4833372,Nuit avec éclairage allumé,En agglomération,Intersection en T,Pluie légère,Deux véhicules - côté,4,2,2,0,1,1,2,5,1,50,2,2,1,0,0,1,25.0,24.0,voiture,voiture,5,2,3,2,3
202000011131,2020-01-24 17:50:00,2020,1,24,17,50,25,25462,MORTEAU DE (DU 0 AU 30),46.90847,6.35739,Nuit avec éclairage allumé,En agglomération,Hors intersection,Normale,Autre collision,3,2,2,0,2,1,1,0,1,50,1,2,1,0,1,0,86.0,,voiture,,5,2,1,1,6
202000011132,2020-01-24 08:00:00,2020,1,24,8,0,21,21054,10 Boulevard Perpreuil,47.0215563,4.8405882,Nuit avec éclairage allumé,En agglomération,Intersection en X,Brouillard / fumée,Autre collision,4,1,3,0,1,1,1,0,1,50,1,1,0,0,0,1,,,,,5,2,2,5,6
202000011133,2020-01-22 16:20:00,2020,1,22,16,20,18,18279,ROUX (RUE DU DOCTEUR),47.22404,2.07011,Plein jour,En agglomération,Hors intersection,Normale,Autre collision,4,2,0,0,2,1,1,0,1,50,1,2,0,0,1,1,29.0,,deux_roues,,1,2,1,1,6
202000011134,2020-01-16 16:30:00,2020,1,16,16,30,18,18255,RD 2151,47.0167,2.3,Crépuscule ou aube,Hors agglomération,Hors intersection,Normale,Deux véhicules - côté,3,2,1,0,1,1,1,0,1,70,2,2,1,0,1,0,60.0,46.0,deux_roues,utilitaire_camion,2,1,1,1,3
202000011135,2020-01-23 16:45:00,2020,1,23,16,45,16,16089,parking Hypermerché Auchan,45.68404,-0.30481,Crépuscule ou aube,En agglomération,Hors intersection,Normale,Autre collision,6,-1,0,0,1,1,1,0,1,30,1,3,1,0,1,1,41.0,,voiture,,2,2,1,1,6
202000011136,2020-01-27 17:00:00,2020,1,27,17,0,16,16341,Bretelle entrée sur RN,45.640041,0.118669,Crépuscule ou aube,Hors agglomération,Autre intersection,Normale,Deux véhicules - côté,2,3,4,-1,1,1,1,3,1,110,2,2,1,0,0,1,41.0,35.0,utilitaire_camion,voiture,2,1,9,1,3
202000011137,2020-01-24 17:45:00,2020,1,24,17,45,14,14366,PARIS (ROUTE DE),49.14582,0.240406,Nuit sans éclairage public,En agglomération,Hors intersection,Normale,Deux véhicules - côté,4,2,2,0,2,4,1,0,1,50,2,2,1,0,0,1,55.0,58.0,voiture,voiture,3,2,1,1,3
202000011138,2020-01-23 13:55:00,2020,1,23,13,55,14,14118,JUIN (BOULEVARD MARECHAL),49.21042,-0.36734,Plein jour,En agglomération,Hors intersection,Normale,Autre collision,3,-1,4,1,1,1,1,0,1,50,1,1,0,0,1,0,,,,,1,2,1,1,6
202000011139,2020-01-27 17:15:00,2020,1,27,17,15,13,13205,FERRARI (RUE),43.293795,5.388827,Crépuscule ou aube,En agglomération,Intersection en X,Normale,Deux véhicules - côté,4,1,1,0,1,1,1,0,1,50,2,2,1,0,0,1,20.0,21.0,utilitaire_camion,deux_roues,2,2,2,1,3
202000011140,2020-01-27 08:20:00,2020,1,27,8,20,13,13208,PERIER (BOULEVARD),43.2795176,5.3851542,Plein jour,En agglomération,Hors intersection,Normale,Deux véhicules - côté,4,2,3,3,2,1,1,0,1,50,2,2,0,0,0,2,52.0,42.0,voiture,deux_roues,1,2,1,1,3
202000011141,2020-01-25 20:21:00,2020,1,25,20,21,10,10387,LOUIS ULBACH (RUE),48.29448,4.07746,Nuit avec éclairage allumé,En agglomération,Hors intersection,Normale,Deux véhicules - côté,4,1,1,0,1,1,1,0,1,50,2,2,1,0,0,1,21.0,33.0,deux_roues,voiture,5,2,1,1,3
202000011142,2020-01-25 07:49:00,2020,1,25,7,49,10,10387,GENERAL CHARLES DELESTRAIN (RUE),48.29137,4.07095,Nuit avec éclairage allumé,En agglomération,Intersection en X,Normale,Deux véhicules - côté,4,2,2,0,1,1,7,0,1,50,2,4,1,0,0,3,43.0,86.0,voiture,voiture,5,2,2,1,3
202000011143,2020-01-22 08:20:00,2020,1,22,8,20,08,08409,FAUSSES BRAIES (RUE DES),49.69802,4.94998,Plein jour,En agglomération,Hors intersection,Normale,Autre collision,4,1,1,0,1,1,9,0,1,50,1,2,1,0,1,0,52.0,,voiture,,1,2,1,1,6
202000011144,2020-01-27 11:30:00,2020,1,27,11,30,07,07281,HUIT MAI (AVENUE DU),44.94648,4.85054,Plein jour,En agglomération,Hors intersection,Normale,Deux véhicules - arrière,3,3,2,0,1,1,1,0,1,50,2,2,1,0,0,1,35.0,55.0,voiture,utilitaire_camion,1,2,1,1,2
202000011145,2020-01-27 10:55:00,2020,1,27,10,55,75,75116,PORTE D AUTEUIL,48.847292,2.254037,Plein jour,En agglomération,Intersection en Y,Normale,Trois véhicules et plus - collisions multiples,4,1,4,0,1,1,2,1,1,70,3,2,1,0,0,1,47.0,54.0,voiture,voiture,1,2,4,1,5
202000011146,2020-01-26 08:30:00,2020,1,26,8,30,75,75113,QUAI D IVRY,48.825119,2.388775,Crépuscule ou aube,En agglomération,Intersection en T,Normale,Autre collision,4,3,0,1,1,4,1,-1,5,30,1,4,0,0,3,1,24.0,,voiture,,2,2,3,1,6
202000011147,2020-01-27 14:20:00,2020,1,27,14,20,75,75105,RUE GAY LUSSAC,48.845956,2.341213,Plein jour,En agglomération,Intersection en X,Pluie légère,,4,2,3,0,2,1,2,0,1,30,2,2,1,0,0,1,64.0,24.0,voiture,deux_roues,1,2,2,2,-1
202000011148,2020-01-27 08:30:00,2020,1,27,8,30,75,75105,RUE GAY LUSSAC,48.842587,2.34291,Nuit avec éclairage allumé,En agglomération,Intersection en X,Pluie légère,Autre collision,4,2,1,0,1,1,2,0,1,50,1,1,0,0,0,1,,,,,5,2,2,2,6
202000011149,2020-01-27 12:05:00,2020,1,27,12,5,75,75117,RUE GUY MOQUET,48.891706,2.321204,Plein jour,En agglomération,Intersection en X,Pluie légère,Sans collision,4,2,2,0,1,1,2,0,1,30,1,1,0,0,0,1,39.0,,deux_roues,,1,2,2,2,7
202000011150,2020-01-27 16:53:00,2020,1,27,16,53,75,75116,AVENUE THEOPHILE GAUTIER,48.850376,2.273314,Plein jour,En agglomération,Intersection en T,Pluie légère,Autre collision,4,2,2,0,1,1,2,0,1,50,1,3,1,0,0,2,69.0,,deux_roues,,1,2,3,2,6
202000011151,2020-01-27 12:10:00,2020,1,27,12,10,75,75116,AVENUE DE LA GRANDE ARMEE,48.87669,2.285848,Plein jour,En agglomération,Hors intersection,Pluie légère,Autre collision,4,3,3,0,1,1,2,0,1,50,1,2,1,0,0,1,71.0,,voiture,,1,2,1,2,6
202000011152,2020-01-26 03:50:00,2020,1,26,3,50,75,75115,RUE LECOURBE,48.844244,2.308214,Nuit avec éclairage allumé,En agglomération,Intersection en T,Normale,Deux véhicules - côté,4,1,3,0,1,1,1,5,1,50,2,5,4,0,0,1,26.0,27.0,voiture,voiture,5,2,3,1,3
202000011153,2020-01-27 19:36:00,2020,1,27,19,36,75,75113,RUE DE TOLBIAC,48.82616,2.359976,Nuit avec éclairage allumé,En agglomération,Intersection à plus de 4 branches,Pluie légère,Deux véhicules - côté,4,2,3,1,1,1,2,-1,5,50,2,2,1,0,0,1,44.0,56.0,deux_roues,voiture,5,2,5,2,3
202000011154,2020-01-26 22:32:00,2020,1,26,22,32,75,75113,AVENUE DE CHOISY,48.822604,2.362722,Nuit avec éclairage allumé,En agglomération,Intersection en T,Pluie légère,Deux véhicules - côté,4,1,2,0,1,1,2,0,1,50,2,2,1,0,0,1,21.0,56.0,voiture,voiture,5,2,3,2,3
202000011155,2020-01-27 21:00:00,2020,1,27,21,0,75,75112,AVENUE DAUMESNIL,48.834199,2.410761,Nuit avec éclairage allumé,En agglomération,Intersection à plus de 4 branches,Pluie légère,Deux véhicules - côté,4,4,3,0,1,1,2,0,1,50,2,2,1,0,0,1,62.0,64.0,voiture,deux_roues,5,2,5,2,3
202000011156,2020-01-27 19:30:00,2020,1,27,19,30,75,75112,PLACE LOUIS ARMAND,48.845196,2.372525,Nuit avec éclairage allumé,En agglomération,Hors intersection,Pluie légère,Autre collision,4,1,2,3,1,1,2,-1,6,30,1,1,0,0,0,1,,,,,5,2,1,2,6
202000011157,2020-01-27 15:08:00,2020,1,27,15,8,75,75109,RUE SAINT LAZARE,48.875546,2.326637,Plein jour,En agglomération,Intersection en X,Pluie légère,Autre collision,4,2,4,3,1,1,2,0,1,50,1,2,1,0,0,1,31.0,,deux_roues,,1,2,2,2,6
202000011158,2020-01-27 19:50:00,2020,1,27,19,50,75,75108,AVENUE DES CHAMPS ELYSEES,48.868052,2.313063,Nuit avec éclairage allumé,En agglomération,Hors intersection,Pluie légère,Deux véhicules - arrière,4,2,8,0,1,1,2,0,1,50,2,2,1,0,0,1,26.0,26.0,deux_roues,deux_roues,5,2,1,2,2
202000011159,2020-01-26 22:48:00,2020,1,26,22,48,75,75108,RUE DU FAUBOURG SAINT HONORE,48.877564,2.298908,Nuit avec éclairage allumé,En agglomération,Hors intersection,Pluie légère,Autre collision,4,2,4,0,1,1,2,0,1,50,1,5,1,0,0,4,27.0,,voiture,,5,2,1,2,6
202000011160,2020-01-27 18:45:00,2020,1,27,18,45,75,75107,QUAI BRANLY,48.861607,2.297679,Nuit avec éclairage non allumé,En agglomération,Intersection en T,Pluie légère,Sans collision,4,2,2,0,1,1,2,0,1,50,1,1,0,0,0,1,23.0,,deux_roues,,4,2,3,2,7
202000011161,2020-01-27 17:05:00,2020,1,27,17,5,75,75101,BOULEVARD DU PALAIS,48.855262,2.345849,Nuit avec éclairage allumé,En agglomération,Hors intersection,Pluie légère,Autre collision,4,2,4,0,1,1,2,0,1,50,1,2,1,0,0,1,33.0,,deux_roues,,5,2,1,2,6
202000011162,2020-01-24 19:00:00,2020,1,24,19,0,94,94046,CARNOT (R),48.8033447,2.4390512,Nuit avec éclairage non allumé,En agglomération,Hors intersection,Normale,Deux véhicules - frontale,4,2,2,0,1,1,1,0,1,50,2,5,4,0,0,1,43.0,34.0,voiture,voiture,4,2,1,1,1
202000011163,2020-01-27 07:40:00,2020,1,27,7,40,94,94076,MAXIME GORKI (BD),48.788591,2.368338,Nuit avec éclairage allumé,En agglomération,Intersection en T,Pluie légère,Autre collision,3,3,4,0,1,1,2,0,1,50,1,2,1,0,0,1,42.0,,voiture,,5,2,3,2,6
202000011164,2020-01-27 08:30:00,2020,1,27,8,30,94,94073,VERSAILLES (AV DE),48.76034,2.39971,Plein jour,En agglomération,Hors intersection,Pluie légère,Autre collision,3,3,4,0,2,1,2,0,1,50,1,2,1,0,0,1,28.0,,voiture,,1,2,1,2,6
202000011165,2020-01-26 20:40:00,2020,1,26,20,40,94,94065,Route nationale 186,48.75376,2.35788,Nuit sans éclairage public,Hors agglomération,Hors intersection,Normale,Deux véhicules - arrière,2,1,2,0,1,1,1,0,1,70,2,2,1,0,0,1,28.0,25.0,voiture,voiture,3,1,1,1,2
202000011166,2020-01-27 09:20:00,2020,1,27,9,20,94,94028,LECLERC.(RUE DU GENERAL),48.79078,2.46497,Plein jour,En agglomération,Intersection en T,Pluie légère,Deux véhicules - arrière,4,2,2,0,1,1,2,6,1,30,2,2,1,0,0,1,59.0,53.0,voiture,voiture,1,2,3,2,2
202000011167,2020-01-27 10:40:00,2020,1,27,10,40,94,94018,CARRIERES (QU DES),48.81959,2.40622,Plein jour,En agglomération,Hors intersection,Temps couvert,Deux véhicules - côté,3,-1,2,0,1,1,2,0,1,30,2,2,1,0,0,1,49.0,36.0,deux_roues,voiture,1,2,1,8,3
202000011168,2020-01-27 14:30:00,2020,1,27,14,30,93,93078,AV VAUBAN,48.9687417,2.5509235,Plein jour,En agglomération,Autre intersection,Pluie forte,Deux véhicules - arrière,3,2,2,0,1,1,2,0,1,50,2,2,1,0,0,1,31.0,36.0,voiture,voiture,1,2,9,3,2
202000011169,2020-01-27 08:15:00,2020,1,27,8,15,93,93046,ALL JOSEPH NOIZE / AV DU MARECHAL LECLERC,48.9202,2.5392,Crépuscule ou aube,En agglomération,Intersection en X,Pluie légère,Autre collision,3,3,4,0,1,1,2,0,1,50,1,1,0,0,0,1,,,,,2,2,2,2,6
202000011170,2020-01-27 01:22:00,2020,1,27,1,22,93,93046,CONSUL GENERAL NORDLING AVENUE,48.9169212,2.5327726,Nuit avec éclairage allumé,En agglomération,Hors intersection,Pluie légère,Deux véhicules - arrière,3,3,4,0,1,1,2,0,1,50,2,4,3,0,0,1,,28.0,voiture,voiture,5,2,1,2,2
202000011171,2020-01-27 21:15:00,2020,1,27,21,15,93,93029,FAIDHERBE N°,48.9224,2.4337,Nuit avec éclairage allumé,En agglomération,Intersection en X,Pluie légère,Deux véhicules - côté,4,2,0,0,1,1,2,0,3,50,2,2,1,0,0,1,48.0,32.0,voiture,deux_roues,5,2,2,2,3
202000011172,2020-09-15 07:55:00,2020,9,15,7,55,13,13041,Avenue Emile Zola Biver,43.4399127,5.4649942,Plein jour,En agglomération,Autre intersection,Normale,Trois véhicules et plus - collisions multiples,3,2,2,0,1,1,1,0,1,50,3,5,3,0,0,2,42.0,16.0,voiture,deux_roues,1,2,9,1,5
202000011173,2020-09-14 17:26:00,2020,9,14,17,26,57,57276,D19,49.074196,6.531469,Plein jour,Hors agglomération,Intersection en X,Normale,Trois véhicules et plus - collisions multiples,3,2,2,0,3,2,1,0,8,80,3,3,2,1,0,0,39.0,58.0,voiture,utilitaire_camion,1,1,2,1,5
202000011174,2020-09-11 10:00:00,2020,9,11,10,0,38,38449,Rue du Limousin,45.63817,5.10951,Plein jour,En agglomération,Hors intersection,Normale,Deux véhicules - arrière,6,-1,-1,0,1,1,1,0,1,10,2,2,1,0,1,0,43.0,53.0,voiture,deux_roues,1,2,1,1,2
202000011175,2020-09-15 21:40:00,2020,9,15,21,40,01,01032,Route du Cruisseau,45.866405,5.128037,Nuit sans éclairage public,Hors agglomération,Hors intersection,Normale,Deux véhicules - frontale,4,2,2,0,2,1,1,0,1,80,2,5,1,0,0,4,21.0,46.0,voiture,voiture,3,1,1,1,1
202000011176,2020-09-15 18:40:00,2020,9,15,18,40,31,31417,81 Route de Léguevin,43.606541,1.261063,Crépuscule ou aube,En agglomération,Hors intersection,Normale,Deux véhicules - frontale,3,2,2,0,1,3,1,0,1,50,2,2,1,0,1,0,37.0,52.0,voiture,deux_roues,2,2,1,1,1
202000011177,2020-08-28 08:00:00,2020,8,28,8,0,64,64496,D635,43.475334,-1.442036,Plein jour,En agglomération,Giratoire,Normale,Deux véhicules - côté,3,1,1,0,1,2,1,0,1,-1,2,2,1,0,0,1,38.0,44.0,voiture,deux_roues,1,2,6,1,3
202000011178,2020-09-16 16:30:00,2020,9,16,16,30,56,56069,Route des Plages,47.638437,-3.445083,Plein jour,Hors agglomération,Hors intersection,Normale,Sans collision,3,2,2,0,1,1,1,0,3,70,1,1,0,0,0,1,57.0,,deux_roues,,1,1,1,1,7
202000011179,2020-09-15 18:00:00,2020,9,15,18,0,13,13055,A507 sens Marseille - Aubagne,43.3299257,5.4025133,Plein jour,Hors agglomération,Hors intersection,Normale,Deux véhicules - arrière,1,1,3,0,1,1,1,0,1,70,2,3,2,0,0,1,34.0,24.0,voiture,voiture,1,1,1,1,2
202000011180,2020-09-15 08:14:00,2020,9,15,8,14,13,13207,Tunnel Prado Carénage,43.2832443,5.3856064,Plein jour,Hors agglomération,Hors intersection,Normale,Trois véhicules et plus - collisions multiples,7,1,2,0,1,1,1,1,1,60,3,3,2,0,0,1,36.0,22.0,utilitaire_camion,voiture,1,1,1,1,5
202000011181,2020-09-14 05:30:00,2020,9,14,5,30,13,13211,A50-Sens Aubagne vers Marseille,43.287294,5.43805,Nuit avec éclairage non allumé,Hors agglomération,Hors intersection,Normale,Deux véhicules - arrière,1,3,3,0,1,1,1,0,1,90,2,3,1,0,1,1,48.0,40.0,voiture,voiture,4,1,1,1,2
202000011182,2020-09-14 16:08:00,2020,9,14,16,8,13,13211,A50-Sens Aubagne vers Marseille,43.293,5.4551,Plein jour,Hors agglomération,Hors intersection,Normale,Deux véhicules - arrière,1,1,3,0,1,1,1,0,1,90,2,2,1,0,0,1,32.0,31.0,voiture,voiture,1,1,1,1,2
202000011183,2020-09-14 15:45:00,2020,9,14,15,45,13,13202,A55-Sens Marseille vers Martigues,43.3198,5.363723,Plein jour,Hors agglomération,Hors intersection,Normale,Sans collision,1,1,2,0,1,1,1,1,1,50,1,1,0,0,0,1,55.0,,deux_roues,,1,1,1,1,7
202000011184,2020-09-14 12:41:00,2020,9,14,12,41,13,13055,A507 sens Marseille - Aubagne,43.2922,5.4593,Plein jour,Hors agglomération,Hors intersection,Normale,Deux véhicules - arrière,3,1,2,0,1,1,1,0,1,50,2,2,1,0,0,1,24.0,44.0,utilitaire_camion,deux_roues,1,1,1,1,2
202000011185,2020-09-14 07:15:00,2020,9,14,7,15,13,13211,A50-Sens Marseille vers Aubagne,43.2858,5.4288,Plein jour,Hors agglomération,Hors intersection,Normale,Deux véhicules - côté,1,3,3,0,1,1,1,0,1,70,2,2,1,0,0,1,52.0,53.0,utilitaire_camion,voiture,1,1,1,1,3
202000011186,2020-09-14 06:15:00,2020,9,14,6,15,69,69297,A7   15.770 A 20.110,45.5884839,4.7982593,Crépuscule ou aube,Hors agglomération,Hors intersection,Normale,Trois véhicules et plus - collisions multiples,1,-1,6,0,1,1,1,0,1,110,3,3,2,0,0,1,56.0,58.0,voiture,transport_commun,2,1,1,1,5
202000011187,2020-09-15 14:20:00,2020,9,15,14,20,67,67482,Autoroute A.35,48.589869,7.73165,Plein jour,Hors agglomération,Hors intersection,Normale,Deux véhicules - côté,1,1,4,0,1,1,1,3,1,90,2,2,1,0,0,1,59.0,50.0,utilitaire_camion,voiture,1,1,1,1,3
202000011188,2020-09-13 11:58:00,2020,9,13,11,58,59,59143,AUTOROUTE A25,50.666518,2.882363,Plein jour,Hors agglomération,Hors intersection,Normale,Deux véhicules - arrière,1,3,4,0,1,1,1,0,1,110,2,2,1,0,1,0,51.0,55.0,deux_roues,deux_roues,1,1,1,1,2
202000011189,2020-09-14 18:00:00,2020,9,14,18,0,59,59507,AUTOROUTE A1,50.6041152,3.1009072,Plein jour,Hors agglomération,Hors intersection,Normale,Deux véhicules - côté,1,3,4,0,1,3,1,0,1,90,2,2,1,0,0,1,50.0,48.0,deux_roues,voiture,1,1,1,1,3
202000011190,2020-09-15 10:02:00,2020,9,15,10,2,91,91521,AUTOROUTE A6,48.6298,2.4109,Plein jour,Hors agglomération,Hors intersection,Normale,Deux véhicules - arrière,1,2,3,0,1,1,1,0,1,110,2,2,1,0,0,1,37.0,46.0,utilitaire_camion,utilitaire_camion,1,1,1,1,2
202000011191,2020-09-14 08:55:00,2020,9,14,8,55,91,91235,RN 104,48.62614,2.35414,Plein jour,Hors agglomération,Hors intersection,Normale,Deux véhicules - côté,2,1,2,0,1,1,1,3,1,110,2,2,1,0,0,1,28.0,19.0,deux_roues,utilitaire_camion,1,1,1,1,3
202000011192,2020-09-15 20:25:00,2020,9,15,20,25,92,92036,A86,48.9356989,2.26177,Nuit avec éclairage non allumé,Hors agglomération,Hors intersection,Normale,Deux véhicules - côté,1,3,4,0,1,1,1,9,1,90,2,2,1,1,0,0,27.0,54.0,deux_roues,deux_roues,4,1,1,1,3
202000011193,2020-09-15 07:45:00,2020,9,15,7,45,78,78498,A13,48.909606,2.00543,Plein jour,Hors agglomération,Hors intersection,Normale,Deux véhicules - côté,1,3,5,0,1,1,1,0,1,110,2,2,1,0,0,1,26.0,28.0,utilitaire_camion,deux_roues,1,1,1,1,3