accident_id,datetime,annee,mois,jour,heure,minute,departement,commune_insee,adresse,latitude,longitude,luminosite,agglomeration,intersection,meteo,collision,catr,circ,nbv,vosp,prof,plan,surf,infra,situ,vma,nb_vehicules,nb_usagers,nb_indemnes,nb_tues,nb_blesses_hosp,nb_blesses_legers,age_cond_1,age_cond_2,veh_type_cond_1,veh_type_cond_2,lum_code,agg_code,int_code,atm_code,col_code
202000011194,2020-09-14 09:30:00,2020,9,14,9,30,78,78423,RN12,48.795638,2.044935,Plein jour,Hors agglomération,Hors intersection,Normale,Trois véhicules et plus - en chaîne,2,3,4,0,1,1,1,0,1,90,5,5,3,0,0,2,31.0,47.0,voiture,utilitaire_camion,1,1,1,1,4
202000011195,2020-09-15 13:00:00,2020,9,15,13,0,93,93048,AUTOROUTE A3,48.87352,2.43639,Plein jour,Hors agglomération,Hors intersection,Normale,Trois véhicules et plus - en chaîne,1,3,11,0,1,1,1,0,1,90,3,3,2,0,0,1,37.0,27.0,voiture,voiture,1,1,1,1,4
202000011196,2020-09-15 08:55:00,2020,9,15,8,55,93,93010,AUTOROUTE A3,48.90625,2.47213,Plein jour,Hors agglomération,Hors intersection,Normale,Deux véhicules - arrière,1,3,6,0,3,2,1,0,1,90,2,2,1,0,0,1,38.0,32.0,utilitaire_camion,utilitaire_camion,1,1,1,1,2
202000011197,2020-09-15 06:30:00,2020,9,15,6,30,95,95018,A15,48.96026,2.27083,Nuit sans éclairage public,Hors agglomération,Hors intersection,Normale,Trois véhicules et plus - collisions multiples,1,3,12,0,1,1,1,0,1,110,3,3,2,0,0,1,57.0,36.0,utilitaire_camion,voiture,3,1,1,1,5
202000011198,2020-09-15 18:30:00,2020,9,15,18,30,77,77514,A104,48.9407145,2.6282125,Plein jour,Hors agglomération,Hors intersection,Normale,,1,3,2,0,2,1,1,0,1,90,3,1,0,0,0,1,27.0,,voiture,,1,1,1,1,-1
202000011199,2020-09-15 18:50:00,2020,9,15,18,50,75,75112,A4,48.821322,2.462068,Plein jour,Hors agglomération,Hors intersection,Normale,Deux véhicules - arrière,1,-1,5,0,1,2,1,0,1,90,2,2,1,0,0,1,31.0,34.0,deux_roues,utilitaire_camion,1,1,1,1,2
202000011200,2020-09-15 17:15:00,2020,9,15,17,15,94,94042,A4,48.8269503,2.4680133,Plein jour,Hors agglomération,Hors intersection,Normale,Trois véhicules et plus - en chaîne,1,3,8,0,1,1,1,0,1,90,4,4,3,0,0,1,34.0,59.0,deux_roues,voiture,1,1,1,1,4
202000011201,2020-09-15 11:00:00,2020,9,15,11,0,94,94046,A86 INT,48.787039,2.439996,Plein jour,Hors agglomération,Hors intersection,Normale,Trois véhicules et plus - en chaîne,1,1,4,0,1,1,1,0,1,90,3,3,2,0,0,1,24.0,47.0,voiture,utilitaire_camion,1,1,1,1,4
202000011202,2020-09-15 08:45:00,2020,9,15,8,45,77,77055,A104,48.90074,2.65283,Plein jour,Hors agglomération,Hors intersection,Normale,,1,3,2,0,1,1,1,0,1,90,3,2,1,0,0,1,38.0,33.0,voiture,deux_roues,1,1,1,1,-1
202000011203,2020-09-14 14:30:00,2020,9,14,14,30,94,94017,A4,48.82819,2.504,Plein jour,Hors agglomération,Hors intersection,Normale,Deux véhicules - côté,1,3,4,0,1,1,1,0,1,90,2,2,1,0,0,1,36.0,60.0,utilitaire_camion,utilitaire_camion,1,1,1,1,3
202000011204,2020-09-14 09:30:00,2020,9,14,9,30,93,93051,A4,48.8364292,2.5518916,Plein jour,Hors agglomération,Hors intersection,Normale,Deux véhicules - arrière,1,1,3,0,1,1,1,0,1,110,2,2,1,0,1,0,53.0,49.0,deux_roues,voiture,1,1,1,1,2
202000011205,2020-05-31 20:55:00,2020,5,31,20,55,17,17299,BARIL RUE DU DOCTEUR,45.941935,-0.975107,Crépuscule ou aube,En agglomération,Giratoire,Normale,Deux véhicules - arrière,4,2,2,0,1,2,1,0,1,50,2,2,1,0,0,1,42.0,19.0,voiture,deux_roues,2,2,6,1,2
202000011206,2020-09-13 11:56:00,2020,9,13,11,56,974,97411,Ancienne RN1,-21.325,55.4463,Plein jour,En agglomération,Autre intersection,Normale,Deux véhicules - côté,4,2,1,0,1,1,1,0,1,70,2,2,1,0,1,0,23.0,51.0,voiture,deux_roues,1,2,9,1,3
202000011207,2020-09-12 14:50:00,2020,9,12,14,50,974,97407,ROUTE DU SACRE COEUR,-20.9569399,55.3139813,Plein jour,Hors agglomération,Intersection en T,Normale,Deux véhicules - côté,4,2,2,0,1,1,1,9,1,30,2,6,5,0,0,1,56.0,19.0,voiture,voiture,1,1,3,1,3
202000011208,2020-09-14 15:00:00,2020,9,14,15,0,973,97302,MONTABO (ROUTE DE) 1,4.9338762,-52.2908878,Plein jour,En agglomération,Hors intersection,Normale,Deux véhicules - côté,3,2,2,2,1,2,1,0,1,50,2,2,1,0,1,0,16.0,57.0,deux_roues,voiture,1,2,1,1,3
202000011209,2020-09-14 19:00:00,2020,9,14,19,0,69,69259,JACQUES DUCLOS                      (AV),45.69738,4.89089,Crépuscule ou aube,En agglomération,Giratoire,Temps éblouissant,Deux véhicules - côté,4,4,1,0,1,1,1,9,1,50,2,3,2,0,0,1,47.0,23.0,voiture,voiture,2,2,6,7,3
202000011210,2020-09-14 10:43:00,2020,9,14,10,43,69,69199,CARNOT                              (R ),45.7080337,4.8586087,Plein jour,En agglomération,Hors intersection,Normale,Autre collision,4,2,2,0,1,1,1,0,1,50,1,1,0,0,0,1,,,,,1,2,1,1,6
202000011211,2020-09-13 19:00:00,2020,9,13,19,0,972,97213,ROUTE NATIONALE 5,14.5966,-60.9947,Nuit sans éclairage public,Hors agglomération,Hors intersection,Normale,Trois véhicules et plus - en chaîne,2,1,3,0,1,1,1,0,1,90,3,4,2,0,0,2,27.0,26.0,voiture,voiture,3,1,1,1,4
202000011212,2020-09-14 19:15:00,2020,9,14,19,15,972,97209,CLUNY (ROUTE DE),14.61599,-61.08335,Nuit sans éclairage public,Hors agglomération,Hors intersection,Normale,Trois véhicules et plus - collisions multiples,3,2,2,0,2,1,1,0,1,50,3,3,1,0,0,2,56.0,50.0,voiture,voiture,3,1,1,1,5
202000011213,2020-09-14 12:10:00,2020,9,14,12,10,69,69382,DOCTEUR GAILLETON (DU)              (QU),45.75061,4.83198,Plein jour,En agglomération,Intersection en X,Normale,Deux véhicules - côté,4,1,4,3,1,1,1,5,1,50,2,3,2,0,0,1,38.0,21.0,deux_roues,voiture,1,2,2,1,3
202000011214,2020-09-09 10:30:00,2020,9,9,10,30,91,91521,REMY (RUE ALBERT),48.65683,2.408,Plein jour,En agglomération,Hors intersection,Normale,Autre collision,2,3,4,0,1,1,1,0,1,50,1,2,1,0,1,0,23.0,,voiture,,1,2,1,1,6
202000011215,2020-09-14 08:10:00,2020,9,14,8,10,91,91657,HENRI CHARON (AVENUE),48.70632,2.42241,Plein jour,En agglomération,Intersection en T,Normale,Sans collision,4,2,2,0,1,1,1,0,4,50,1,4,3,0,0,1,44.0,,voiture,,1,2,3,1,7
202000011216,2020-09-12 16:45:00,2020,9,12,16,45,91,91339,BENOIST ROBERT (AVENUE),48.63478,2.26612,Plein jour,En agglomération,Hors intersection,Normale,Deux véhicules - arrière,2,3,4,0,1,1,1,0,1,50,2,6,5,0,0,1,43.0,17.0,utilitaire_camion,voiture,1,2,1,1,2
202000011217,2020-09-11 17:37:00,2020,9,11,17,37,87,87113,LIMOGES (AVENUE DE),45.85549,1.30834,Plein jour,En agglomération,Hors intersection,Normale,Trois véhicules et plus - en chaîne,3,2,2,0,1,1,1,0,1,50,4,4,2,0,0,2,36.0,73.0,voiture,voiture,1,2,1,1,4
202000011218,2020-09-12 01:45:00,2020,9,12,1,45,87,87085,HOCHE (RUE),45.83869,1.26,Nuit avec éclairage allumé,En agglomération,Hors intersection,Normale,Sans collision,4,1,1,0,1,1,1,0,1,50,1,1,0,0,0,1,20.0,,deux_roues,,5,2,1,1,7
202000011219,2020-09-11 10:49:00,2020,9,11,10,49,87,87085,GAMBETTA (BOULEVARD),45.82801,1.2571,Plein jour,En agglomération,Hors intersection,Normale,Sans collision,4,2,3,0,2,1,1,0,1,50,1,1,0,0,0,1,54.0,,deux_roues,,1,2,1,1,7
202000011220,2020-09-12 23:50:00,2020,9,12,23,50,86,86194,Avenue du 11 Novembre,46.571055,0.369929,Nuit avec éclairage allumé,En agglomération,Hors intersection,Normale,Deux véhicules - côté,3,3,5,3,1,1,1,0,1,50,2,4,2,0,0,2,22.0,59.0,voiture,voiture,5,2,1,1,3
202000011221,2020-09-14 07:00:00,2020,9,14,7,0,86,86194,Rue de la Jambe à l’Ane,46.57067,0.34982,Crépuscule ou aube,En agglomération,Giratoire,Normale,Deux véhicules - côté,4,-1,2,0,1,1,1,9,1,50,2,2,1,0,0,1,44.0,49.0,voiture,deux_roues,2,2,6,1,3
202000011222,2020-08-13 21:25:00,2020,8,13,21,25,83,83123,GARE (ROUTE),43.121674,5.818893,Nuit avec éclairage allumé,En agglomération,Hors intersection,Normale,Autre collision,3,2,2,0,1,1,1,0,1,50,1,2,1,0,1,0,20.0,,deux_roues,,5,2,1,1,6
202000011223,2020-09-11 14:15:00,2020,9,11,14,15,80,80021,GENERAL LECLERC (RUE DU ),49.8962,2.29397,Plein jour,En agglomération,Hors intersection,Normale,Deux véhicules - côté,4,2,2,0,1,1,1,0,1,50,2,2,1,0,0,1,30.0,34.0,deux_roues,voiture,1,2,1,1,3
202000011224,2020-09-12 18:20:00,2020,9,12,18,20,80,80021,GRAND MARAIS (RUE DU),49.92158,2.261,Plein jour,En agglomération,Hors intersection,Normale,Sans collision,4,2,2,0,1,1,1,0,1,50,1,2,0,0,0,2,,,,,1,2,1,1,7
202000011225,2020-09-12 11:15:00,2020,9,12,11,15,80,80021,COLBERT (RUE ),49.89425,2.27715,Plein jour,En agglomération,Hors intersection,Normale,Autre collision,4,2,2,0,1,1,1,0,1,50,1,2,1,0,1,0,74.0,,voiture,,1,2,1,1,6
202000011226,2020-09-13 02:20:00,2020,9,13,2,20,80,80164,AMBROISE CROIZAT (RUE),49.8988,2.34028,Nuit avec éclairage allumé,En agglomération,Hors intersection,Normale,Autre collision,4,2,2,0,1,1,1,0,1,50,1,2,0,0,0,2,26.0,,voiture,,5,2,1,1,6
202000011227,2020-09-09 15:40:00,2020,9,9,15,40,80,80131,CD116,49.851091,2.369957,Plein jour,Hors agglomération,Hors intersection,Normale,Sans collision,3,2,2,0,1,1,1,0,1,80,1,1,0,0,0,1,71.0,,voiture,,1,1,1,1,7
202000011228,2020-09-13 12:10:00,2020,9,13,12,10,78,78490,BRETECHELLE (RUE DE LA),48.81597,1.95906,Plein jour,En agglomération,Hors intersection,Normale,Deux véhicules - frontale,4,1,1,0,4,4,1,9,1,50,2,2,1,0,1,0,48.0,20.0,deux_roues,voiture,1,2,1,1,1
202000011229,2020-09-09 16:30:00,2020,9,9,16,30,78,78297,PERRET (PLACE DES FRERES),48.77114,2.08221,Plein jour,En agglomération,Autre intersection,Normale,Deux véhicules - côté,3,1,3,0,1,2,1,5,1,50,2,2,1,0,1,0,64.0,28.0,deux_roues,voiture,1,2,9,1,3
202000011230,2020-09-12 21:30:00,2020,9,12,21,30,77,77495,D306 - D82,48.56819,2.62601,Nuit avec éclairage allumé,Hors agglomération,Intersection en X,Normale,Deux véhicules - côté,3,2,3,0,1,1,1,0,1,50,2,2,0,0,0,2,17.0,40.0,deux_roues,deux_roues,5,1,2,1,3
202000011231,2020-09-11 16:00:00,2020,9,11,16,0,76,76410,MARTYRS DE LA RESISTANCE. RUE DES,49.48196,1.03848,Plein jour,En agglomération,Hors intersection,Normale,,3,2,3,0,1,1,1,0,3,30,2,2,1,0,0,1,64.0,45.0,voiture,utilitaire_camion,1,2,1,1,-1
202000011232,2020-09-12 00:26:00,2020,9,12,0,26,76,76540,EUROPE. BOULEVARD DE L',49.42594,1.08734,Nuit avec éclairage allumé,En agglomération,Intersection en X,Normale,Autre collision,4,2,4,3,1,2,1,5,1,50,1,1,0,0,0,1,27.0,,voiture,,5,2,2,1,6
202000011233,2020-09-13 00:55:00,2020,9,13,0,55,76,76351,GEORGES LAFAURIE (RUE),49.5014,0.1144,Nuit avec éclairage allumé,En agglomération,Hors intersection,Normale,Deux véhicules - côté,4,2,2,1,2,1,1,0,1,50,2,3,1,0,0,2,19.0,18.0,voiture,voiture,5,2,1,1,3
202000011234,2020-09-14 10:50:00,2020,9,14,10,50,74,74218,PAYS DE GAVOT (ROUTE DU)  RD11,46.3871424,6.5460128,Plein jour,En agglomération,Intersection en T,Normale,Deux véhicules - côté,3,2,2,0,2,2,1,0,1,50,2,2,1,0,0,1,27.0,38.0,deux_roues,voiture,1,2,3,1,3
202000011235,2020-09-13 15:00:00,2020,9,13,15,0,74,74281,TULLY (ROUTE DE),46.3732477,6.4974804,Plein jour,En agglomération,Place,Normale,Deux véhicules - côté,4,2,2,0,1,1,1,0,1,50,2,2,1,0,1,0,12.0,29.0,deux_roues,voiture,1,2,7,1,3
202000011236,2020-09-11 17:55:00,2020,9,11,17,55,68,68066,HENNER (RUE),48.06797,7.34833,Plein jour,En agglomération,Autre intersection,Temps éblouissant,Autre collision,4,2,1,0,1,1,1,9,1,30,1,2,1,0,1,0,33.0,,voiture,,1,2,9,7,6
202000011237,2020-07-19 17:20:00,2020,7,19,17,20,60,60282,D1016,49.204645,2.461774,Plein jour,En agglomération,Hors intersection,Temps éblouissant,Deux véhicules - côté,3,3,2,0,1,1,1,0,1,50,2,3,0,0,1,2,52.0,27.0,voiture,deux_roues,1,2,1,7,3
202000011238,2020-09-12 11:10:00,2020,9,12,11,10,67,67447,Route de Bischwiller,48.6091475,7.7504039,Plein jour,En agglomération,Hors intersection,Normale,Deux véhicules - côté,7,2,2,0,1,1,1,9,1,30,2,2,1,0,0,1,10.0,27.0,deux_roues,voiture,1,2,1,1,3
202000011239,2020-07-19 01:50:00,2020,7,19,1,50,80,80101,A1,49.641678,2.758942,Nuit sans éclairage public,Hors agglomération,Hors intersection,Normale,Deux véhicules - arrière,1,3,3,0,1,1,1,0,1,130,2,6,5,0,1,0,58.0,46.0,voiture,voiture,3,1,1,1,2
202000011240,2020-09-12 09:42:00,2020,9,12,9,42,66,66136,VAUBAN (TRAVERSE SEBASTIEN),42.69858,2.88978,Plein jour,En agglomération,Intersection en T,Normale,Deux véhicules - côté,4,1,1,0,1,1,1,0,1,30,2,2,1,0,0,1,73.0,47.0,deux_roues,voiture,1,2,3,1,3
202000011241,2020-07-18 02:15:00,2020,7,18,2,15,59,59133,la barolue,50.525071,2.976319,Nuit sans éclairage public,Hors agglomération,Hors intersection,Normale,Sans collision,4,2,2,0,1,1,1,9,8,50,1,2,1,0,1,0,19.0,,voiture,,3,1,1,1,7
202000011242,2020-09-10 17:48:00,2020,9,10,17,48,66,66136,PALAIS-DES-EXPO (AVENUE DU),42.7079788,2.9028261,Plein jour,En agglomération,Hors intersection,Normale,Deux véhicules - côté,4,2,2,0,1,1,1,0,1,50,2,2,1,0,0,1,64.0,82.0,voiture,voiture,1,2,1,1,3
202000011243,2020-07-17 23:20:00,2020,7,17,23,20,13,13106,A7-Sens Marseille vers Lyon,43.3893,5.35095,Nuit sans éclairage public,Hors agglomération,Hors intersection,Normale,Deux véhicules - arrière,1,3,4,0,2,1,1,0,1,90,2,2,1,0,0,1,22.0,23.0,deux_roues,deux_roues,3,1,1,1,2
202000011244,2020-07-16 22:45:00,2020,7,16,22,45,13,13015,A515CM-sortie Gardanne/Bouc Bel Air,43.4533,5.3972,Nuit avec éclairage allumé,Hors agglomération,Autre intersection,Normale,Sans collision,1,1,1,0,1,2,1,0,1,50,1,1,0,0,0,1,37.0,,deux_roues,,5,1,9,1,7
202000011245,2020-09-14 00:35:00,2020,9,14,0,35,64,64102,MARINES (AVENUE DES ALLEES),43.49612,-1.48106,Nuit avec éclairage allumé,En agglomération,Hors intersection,Normale,Sans collision,4,-1,2,0,1,1,1,0,1,30,1,1,0,0,0,1,65.0,,voiture,,5,2,1,1,7
202000011246,2020-07-18 14:15:00,2020,7,18,14,15,92,92019,RN 385,48.7598766,2.2778916,Plein jour,Hors agglomération,Hors intersection,Normale,Deux véhicules - arrière,2,3,4,0,1,1,1,0,1,90,2,2,1,0,0,1,39.0,49.0,utilitaire_camion,utilitaire_camion,1,1,1,1,2
202000011247,2020-09-13 18:50:00,2020,9,13,18,50,64,64102,MAUBEC (RUE),43.499362,-1.466997,Plein jour,En agglomération,Hors intersection,Normale,Sans collision,4,2,3,3,1,1,1,0,1,50,1,1,0,0,0,1,74.0,,deux_roues,,1,2,1,1,7
202000011248,2020-09-13 12:00:00,2020,9,13,12,0,64,64024,PLAGES (BOULEVARD DES),43.49993,-1.53991,Plein jour,En agglomération,Hors intersection,Normale,Sans collision,4,2,2,0,2,3,1,0,1,50,1,1,0,0,0,1,73.0,,deux_roues,,1,2,1,1,7
202000011249,2020-07-17 22:30:00,2020,7,17,22,30,92,92036,A86,48.9346513,2.2807401,Nuit sans éclairage public,Hors agglomération,Hors intersection,Normale,Deux véhicules - frontale,1,3,4,0,1,1,1,0,1,90,2,3,1,0,2,0,34.0,26.0,utilitaire_camion,deux_roues,3,1,1,1,1
202000011250,2020-07-17 08:00:00,2020,7,17,8,0,78,78423,RN12,48.793719,2.051394,Plein jour,Hors agglomération,Hors intersection,Normale,Deux véhicules - côté,2,3,4,0,1,1,1,0,1,110,2,2,1,0,0,1,31.0,21.0,deux_roues,voiture,1,1,1,1,3
202000011251,2020-09-12 18:30:00,2020,9,12,18,30,64,64024,FALAISES (PROMENADE DES),43.4964,-1.53903,Plein jour,En agglomération,Intersection en T,Normale,Deux véhicules - arrière,4,2,2,0,2,2,1,0,1,50,2,2,1,0,0,1,17.0,75.0,deux_roues,utilitaire_camion,1,2,3,1,2
202000011252,2020-07-18 18:00:00,2020,7,18,18,0,93,93048,AUTOROUTE A3,48.87313,2.43594,Plein jour,Hors agglomération,Hors intersection,Normale,Deux véhicules - arrière,1,3,11,0,1,1,1,0,1,90,2,2,0,0,0,2,39.0,,deux_roues,,1,1,1,1,2
202000011253,2020-07-18 13:30:00,2020,7,18,13,30,95,95203,RD 170,48.9775,2.28604,Plein jour,Hors agglomération,Hors intersection,Normale,Autre collision,3,3,5,0,1,2,1,0,1,70,1,2,0,0,0,2,43.0,,voiture,,1,1,1,1,6
202000011254,2020-09-13 17:45:00,2020,9,13,17,45,63,63300,COMMANDANT MADELINE (AVENUE DU),45.89331,3.10882,Plein jour,En agglomération,Intersection en X,Normale,Autre collision,3,2,2,0,1,1,1,0,1,30,1,2,1,0,1,0,40.0,,voiture,,1,2,2,1,6
202000011255,2020-07-18 00:35:00,2020,7,18,0,35,93,93066,AUTOROUTE A1,48.9282,2.354,Nuit sans éclairage public,Hors agglomération,Hors intersection,Normale,Deux véhicules - arrière,1,3,4,0,3,1,1,0,1,90,2,2,1,0,0,1,41.0,25.0,deux_roues,voiture,3,1,1,1,2
202000011256,2020-09-11 18:15:00,2020,9,11,18,15,63,63300,MARECHAT (RUE DU),45.8814,3.11665,Plein jour,En agglomération,Intersection en T,Normale,Trois véhicules et plus - collisions multiples,3,2,3,1,1,1,1,5,1,50,3,3,2,0,1,0,16.0,17.0,deux_roues,deux_roues,1,2,3,1,5
202000011257,2020-09-14 07:00:00,2020,9,14,7,0,62,62737,NATIONALE (ROUTE) CD937,50.450688,2.687632,Crépuscule ou aube,En agglomération,Hors intersection,Normale,Autre collision,3,2,2,0,1,1,1,0,1,50,1,2,1,0,1,0,21.0,,utilitaire_camion,,2,2,1,1,6
202000011258,2020-07-18 13:30:00,2020,7,18,13,30,93,93051,A4,48.8355815,2.5679363,Plein jour,Hors agglomération,Hors intersection,Normale,Deux véhicules - arrière,1,1,3,0,1,1,1,0,1,90,2,3,1,0,0,2,57.0,29.0,voiture,deux_roues,1,1,1,1,2
202000011259,2020-09-09 17:00:00,2020,9,9,17,0,59,59456,ANCHIN (HAMEAU D'),50.3837293,3.2204649,Plein jour,En agglomération,Hors intersection,Normale,Deux véhicules - frontale,4,2,2,0,1,1,1,0,1,50,2,2,1,0,1,0,74.0,49.0,deux_roues,voiture,1,2,1,1,1
202000011260,2020-07-18 12:55:00,2020,7,18,12,55,93,93051,A4,48.8361,2.5551,Plein jour,Hors agglomération,Hors intersection,Normale,Deux véhicules - arrière,1,-1,8,0,1,1,1,0,1,110,2,4,2,0,0,2,46.0,27.0,voiture,voiture,1,1,1,1,2
202000011261,2020-09-14 21:19:00,2020,9,14,21,19,56,56260,VERDUN(AVENUE DE),47.66104,-2.74271,Nuit avec éclairage allumé,En agglomération,Hors intersection,Normale,Autre collision,4,2,2,0,1,1,1,0,1,50,1,2,1,0,0,1,36.0,,voiture,,5,2,1,1,6
202000011262,2020-09-12 14:15:00,2020,9,12,14,15,50,50416,BRETON (RUE DU),49.65457,-1.70452,Plein jour,Hors agglomération,Hors intersection,Normale,Deux véhicules - arrière,3,2,2,0,1,1,1,0,1,70,2,3,2,0,0,1,17.0,39.0,voiture,voiture,1,1,1,1,2
202000011263,2020-09-10 17:27:00,2020,9,10,17,27,49,49015,LURCAT AVENUE JEAN,47.48524,-0.584,Plein jour,En agglomération,Hors intersection,Normale,Deux véhicules - arrière,4,-1,-1,0,1,2,1,0,1,50,2,2,1,0,0,1,50.0,17.0,voiture,deux_roues,1,2,1,1,2
202000011264,2020-09-10 17:34:00,2020,9,10,17,34,49,49007,LIZE,47.49019,-0.56629,Plein jour,En agglomération,Giratoire,Normale,Deux véhicules - côté,4,1,1,0,1,2,1,0,1,30,2,2,1,0,0,1,52.0,62.0,deux_roues,voiture,1,2,6,1,3
202000011265,2020-09-04 13:25:00,2020,9,4,13,25,44,44109,Quai de Versailles,47.221461,-1.553779,Plein jour,En agglomération,Hors intersection,Normale,Autre collision,4,-1,0,3,1,1,9,0,6,20,1,2,1,0,1,0,52.0,,transport_commun,,1,2,1,1,6
202000011266,2020-07-17 13:15:00,2020,7,17,13,15,75,75112,A86 INT,48.818203,2.45578,Plein jour,Hors agglomération,Hors intersection,Normale,Trois véhicules et plus - collisions multiples,1,-1,2,0,1,1,1,3,1,90,3,4,3,0,0,1,43.0,43.0,utilitaire_camion,utilitaire_camion,1,1,1,1,5
202000011267,2020-05-11 10:22:00,2020,5,11,10,22,84,84007,MARSEILLE (Route)-MONTFAVET,43.92223,4.85801,Plein jour,Hors agglomération,Hors intersection,Normale,Autre collision,2,3,4,0,1,1,1,0,1,70,1,1,0,0,1,0,60.0,,voiture,,1,1,1,1,6
202000011268,2020-09-11 16:15:00,2020,9,11,16,15,40,40192,LACROUTS (AV DE),43.8827,-0.47113,Plein jour,En agglomération,Hors intersection,Normale,Autre collision,4,2,3,0,1,1,1,6,1,30,1,2,1,0,1,0,46.0,,voiture,,1,2,1,1,6
202000011269,2020-07-16 10:43:00,2020,7,16,10,43,974,97411,RIVIERE DES PLUIES (ROUTE DE LA),-20.90247,55.5029,Plein jour,Hors agglomération,Giratoire,Normale,Deux véhicules - arrière,4,1,2,0,1,1,1,9,1,50,2,3,2,0,0,1,37.0,26.0,deux_roues,voiture,1,1,6,1,2
202000011270,2020-09-04 13:50:00,2020,9,4,13,50,38,38544,Place Saint Louis,45.52782,4.87372,Plein jour,En agglomération,Intersection en X,Normale,Deux véhicules - côté,2,4,3,0,1,1,1,5,1,50,2,3,2,0,1,0,49.0,62.0,voiture,deux_roues,1,2,2,1,3
202000011271,2020-09-14 20:05:00,2020,9,14,20,5,35,35238,REPUBLIQUE (PLACE DE LA),48.10983,-1.6802,Crépuscule ou aube,En agglomération,Intersection en X,Normale,Autre collision,4,2,-1,2,1,1,1,5,6,50,1,1,0,0,0,1,28.0,,deux_roues,,2,2,2,1,6
202000011272,2020-09-14 07:45:00,2020,9,14,7,45,35,35278,CHESNAIS BEAUREGARD (RUE DU),48.1371494,-1.6893592,Plein jour,En agglomération,Giratoire,Normale,Deux véhicules - côté,4,2,4,0,1,1,1,0,1,50,2,2,1,0,0,1,58.0,59.0,deux_roues,voiture,1,2,6,1,3
202000011273,2020-07-18 00:15:00,2020,7,18,0,15,69,69387,GUILLOTIERE (DE LA)                 (GR),45.7542,4.8438,Nuit avec éclairage allumé,En agglomération,Hors intersection,Normale,Autre collision,4,1,2,0,1,1,1,0,1,50,1,1,0,0,0,1,,,,,5,2,1,1,6
202000011274,2020-07-17 21:00:00,2020,7,17,21,0,69,69259,LEO LAGRANGE                        (R ),45.6993113,4.8706633,Crépuscule ou aube,En agglomération,Hors intersection,Normale,Autre collision,4,2,2,0,1,1,1,0,1,30,1,2,1,0,1,0,47.0,,voiture,,2,2,1,1,6
202000011275,2020-07-17 20:40:00,2020,7,17,20,40,69,69387,DEBOURG                             (AV),45.73146,4.83158,Plein jour,En agglomération,Hors intersection,Normale,Autre collision,4,2,2,0,1,1,1,9,6,50,1,2,1,0,0,1,59.0,,transport_commun,,1,2,1,1,6
202000011276,2020-07-17 20:00:00,2020,7,17,20,0,69,69386,GERMAIN                             (R ),45.7652,4.868,Plein jour,En agglomération,Intersection en T,Normale,Deux véhicules - côté,4,1,1,0,1,1,1,0,1,50,2,1,0,0,0,1,26.0,,voiture,,1,2,3,1,3
202000011277,2020-07-17 17:25:00,2020,7,17,17,25,69,69387,GUILLOTIERE (DE LA)                 (GR),45.7491,4.85345,Plein jour,En agglomération,Intersection en X,Normale,Deux véhicules - côté,4,1,3,0,1,2,1,0,1,50,2,2,1,0,0,1,45.0,19.0,deux_roues,voiture,1,2,2,1,3
202000011278,2020-07-17 12:15:00,2020,7,17,12,15,69,69383,LOUIS                               (R ),45.7511,4.889,Plein jour,En agglomération,Intersection en X,Normale,Deux véhicules - côté,4,1,1,0,1,1,1,0,1,30,2,3,1,0,0,2,41.0,26.0,voiture,voiture,1,2,2,1,3
202000011279,2020-09-12 00:30:00,2020,9,12,0,30,34,34032,MUSSET ALFRED DE (RUE),43.34107,3.21945,Nuit avec éclairage allumé,En agglomération,Intersection en X,Normale,Deux véhicules - côté,4,1,1,0,1,1,1,0,1,50,2,2,1,0,1,0,18.0,20.0,deux_roues,voiture,5,2,2,1,3
202000011280,2020-09-14 08:35:00,2020,9,14,8,35,33,33063,AVE D'ARES CAUD,44.83843,-0.61328,Plein jour,En agglomération,Hors intersection,Normale,Autre collision,4,1,2,1,1,1,1,0,1,50,1,1,0,0,0,1,19.0,,deux_roues,,1,2,1,1,6
202000011281,2020-09-12 10:10:00,2020,9,12,10,10,31,31555,AV PAUL SEJOURNE,43.60766,1.42834,Plein jour,En agglomération,Hors intersection,Normale,Deux véhicules - côté,4,2,2,0,1,1,1,0,1,50,2,2,1,0,0,1,21.0,46.0,deux_roues,deux_roues,1,2,1,1,3
202000011282,2020-09-11 19:00:00,2020,9,11,19,0,31,31555,AV RAYMOND BADIOU,43.59945,1.40586,Plein jour,En agglomération,Hors intersection,Normale,Autre collision,4,2,2,0,1,1,1,0,1,50,1,1,0,0,0,1,29.0,,voiture,,1,2,1,1,6
202000011283,2020-09-11 15:25:00,2020,9,11,15,25,31,31555,VA007331 A620,43.60793,1.40917,Plein jour,Hors agglomération,Hors intersection,Normale,Deux véhicules - côté,1,1,3,0,1,1,1,0,1,90,2,2,1,0,0,1,26.0,45.0,voiture,deux_roues,1,1,1,1,3
202000011284,2020-09-13 10:50:00,2020,9,13,10,50,29,29039,D783 - RPoint Kerviniou,47.86306,-3.89045,Plein jour,Hors agglomération,Giratoire,Normale,Deux véhicules - côté,3,2,3,0,1,3,1,5,3,70,2,4,3,0,0,1,38.0,72.0,voiture,voiture,1,1,6,1,3