accident_id,datetime,annee,mois,jour,heure,minute,departement,commune_insee,adresse,latitude,longitude,luminosite,agglomeration,intersection,meteo,collision,catr,circ,nbv,vosp,prof,plan,surf,infra,situ,vma,nb_vehicules,nb_usagers,nb_indemnes,nb_tues,nb_blesses_hosp,nb_blesses_legers,age_cond_1,age_cond_2,veh_type_cond_1,veh_type_cond_2,lum_code,agg_code,int_code,atm_code,col_code
202000011285,2020-09-14 18:30:00,2020,9,14,18,30,27,27681,IVRY (ROUTE D'),49.06682,1.46922,Plein jour,Hors agglomération,Hors intersection,Normale,Deux véhicules - arrière,4,2,2,0,1,1,1,0,1,80,2,4,0,0,0,4,32.0,76.0,voiture,voiture,1,1,1,1,2
202000011286,2020-09-14 15:45:00,2020,9,14,15,45,27,27229,GAMBETTA (BOULEVARD),49.0193,1.152,Plein jour,En agglomération,Autre intersection,Normale,Deux véhicules - côté,4,2,4,0,2,1,1,0,1,50,2,2,1,0,0,1,18.0,53.0,deux_roues,voiture,1,2,9,1,3
202000011287,2020-07-16 19:35:00,2020,7,16,19,35,69,69259,GEORGES LYVET                       (R ),45.69598,4.87472,Plein jour,En agglomération,Intersection en T,Normale,Deux véhicules - côté,4,2,2,2,1,1,1,0,1,50,2,5,4,0,0,1,19.0,56.0,voiture,deux_roues,1,2,3,1,3
202000011288,2020-09-10 12:50:00,2020,9,10,12,50,24,24256,SUDER (AVENUE LOUIS),45.1932963,0.6610551,Plein jour,Hors agglomération,Hors intersection,Normale,Autre collision,6,-1,-1,0,1,1,1,9,1,30,1,2,1,0,1,0,87.0,,voiture,,1,1,1,1,6
202000011289,2020-09-13 00:40:00,2020,9,13,0,40,21,21540,N274,47.33507,5.072743,Nuit sans éclairage public,Hors agglomération,Hors intersection,Normale,Autre collision,2,3,4,0,1,1,1,0,3,90,1,2,0,0,1,1,20.0,,voiture,,3,1,1,1,6
202000011290,2020-07-17 11:40:00,2020,7,17,11,40,69,69199,CARNOT                              (R ),45.70802,4.85983,Plein jour,En agglomération,Intersection en T,Normale,Deux véhicules - côté,4,2,2,1,1,1,1,0,1,50,2,2,0,0,0,2,55.0,71.0,utilitaire_camion,utilitaire_camion,1,2,3,1,3
202000011291,2020-07-15 10:25:00,2020,7,15,10,25,69,69386,GARIBALDI                           (R ),45.770455,4.8503389,Plein jour,En agglomération,Intersection en T,Normale,Deux véhicules - côté,4,1,1,0,1,1,1,0,1,30,2,3,2,0,0,1,55.0,47.0,voiture,deux_roues,1,2,3,1,3
202000011292,2020-07-17 12:40:00,2020,7,17,12,40,972,97213,ROUTE DEPARTEMENTALE 3,14.61232,-60.99529,Plein jour,En agglomération,Autre intersection,Normale,Deux véhicules - arrière,3,-1,2,0,1,2,1,9,1,50,2,2,1,0,0,1,67.0,21.0,deux_roues,voiture,1,2,9,1,2
202000011293,2020-07-17 22:42:00,2020,7,17,22,42,69,69389,MARIETTON                           (R ),45.77571,4.80259,Nuit avec éclairage allumé,En agglomération,Hors intersection,Normale,Deux véhicules - côté,4,2,2,0,1,1,1,0,1,50,2,2,1,0,0,1,28.0,30.0,utilitaire_camion,deux_roues,5,2,1,1,3
202000011294,2020-07-17 18:40:00,2020,7,17,18,40,2B,2B033,ALLEE DU 173° R.I.A.,42.70094,9.45177,Plein jour,En agglomération,Hors intersection,Normale,,4,1,1,0,1,1,1,0,1,30,3,6,4,0,0,2,46.0,38.0,voiture,voiture,1,2,1,1,-1
202000011295,2020-09-13 17:20:00,2020,9,13,17,20,17,17415,ROCADE OUEST,45.736807,-0.659897,Plein jour,Hors agglomération,Hors intersection,Normale,Deux véhicules - frontale,3,2,1,0,1,1,1,0,1,80,2,3,2,0,0,1,21.0,51.0,deux_roues,voiture,1,1,1,1,1
202000011296,2020-07-17 23:25:00,2020,7,17,23,25,2A,2A004,ROSSINI PASCAL BD,41.9171777,8.735272,Nuit avec éclairage allumé,En agglomération,Hors intersection,Normale,Autre collision,4,2,2,0,1,1,1,0,1,50,1,2,1,0,0,1,68.0,,voiture,,5,2,1,1,6
202000011297,2020-07-16 19:30:00,2020,7,16,19,30,91,91471,MOCQUET (RUE GUY),48.70054,2.19174,Plein jour,En agglomération,Giratoire,Normale,Deux véhicules - côté,2,2,2,0,1,1,1,3,6,50,2,2,1,0,0,1,36.0,29.0,deux_roues,voiture,1,2,6,1,3
202000011298,2020-07-17 18:55:00,2020,7,17,18,55,91,91286,PASTEUR (RUE),48.65444,2.39462,Plein jour,En agglomération,Hors intersection,Normale,Autre collision,4,2,2,0,1,1,1,0,1,50,1,2,1,0,0,1,41.0,,voiture,,1,2,1,1,6
202000011299,2020-07-17 17:45:00,2020,7,17,17,45,91,91657,HENRI BARBUSSE (AVENUE),48.70097,2.42237,Plein jour,En agglomération,Hors intersection,Normale,Deux véhicules - côté,4,2,2,0,1,1,1,0,1,50,2,3,2,0,0,1,44.0,33.0,voiture,deux_roues,1,2,1,1,3
202000011300,2020-07-17 15:35:00,2020,7,17,15,35,91,91174,FERAY ( rue ),48.60787,2.47425,Plein jour,En agglomération,Intersection en X,Normale,Trois véhicules et plus - collisions multiples,4,2,0,0,1,1,1,0,1,50,3,3,2,0,0,1,79.0,32.0,voiture,voiture,1,2,2,1,5
202000011301,2020-07-17 10:30:00,2020,7,17,10,30,91,91174,PLACE SAINT LEONARD,48.614218,2.485754,Plein jour,En agglomération,Giratoire,Normale,Deux véhicules - côté,4,2,2,0,1,1,1,0,1,50,2,2,1,0,0,1,21.0,63.0,deux_roues,voiture,1,2,6,1,3
202000011302,2020-07-12 23:45:00,2020,7,12,23,45,91,91425,ORLEANS (ROUTE D'),48.61933,2.25847,Nuit sans éclairage public,Hors agglomération,Hors intersection,Normale,Deux véhicules - arrière,2,3,4,0,1,1,1,0,1,70,2,1,0,0,0,1,24.0,,voiture,,3,1,1,1,2
202000011303,2020-07-09 15:19:00,2020,7,9,15,19,91,91339,RN 20,48.63171,2.26423,Plein jour,En agglomération,Hors intersection,Normale,Trois véhicules et plus - en chaîne,4,3,4,0,1,1,1,0,1,50,3,3,2,0,0,1,52.0,69.0,voiture,voiture,1,2,1,1,4
202000011304,2020-07-16 12:40:00,2020,7,16,12,40,87,87085,BORIE (BOULEVARD DE LA),45.8356,1.2276,Plein jour,En agglomération,Hors intersection,Normale,Autre collision,4,3,6,0,1,1,1,0,4,50,1,1,0,0,1,0,70.0,,voiture,,1,2,1,1,6
202000011305,2020-07-17 13:00:00,2020,7,17,13,0,83,83137,SAINTE MUSSE (VIEUX CHEMIN DE),43.1225047,5.9837077,Plein jour,En agglomération,Intersection en T,Normale,Deux véhicules - côté,4,2,2,0,1,1,1,0,1,30,2,2,1,0,1,0,70.0,47.0,voiture,deux_roues,1,2,3,1,3
202000011306,2020-07-16 18:05:00,2020,7,16,18,5,83,83129,SAINT PIERRE (QUAI),43.088,5.81825,Plein jour,En agglomération,Hors intersection,Normale,Autre collision,4,2,1,0,1,1,1,0,1,30,1,3,2,0,0,1,66.0,,voiture,,1,2,1,1,6
202000011307,2020-09-14 16:45:00,2020,9,14,16,45,17,17300,SAINT-LOUIS   RUE,46.160906,-1.145657,Plein jour,En agglomération,Intersection en X,Normale,Deux véhicules - côté,4,1,1,1,1,1,1,0,5,30,2,2,1,0,0,1,19.0,34.0,deux_roues,voiture,1,2,2,1,3
202000011308,2020-09-12 18:00:00,2020,9,12,18,0,16,16089,rue de la Trâche,45.685613,-0.288915,Plein jour,En agglomération,Hors intersection,Normale,Autre collision,3,2,2,0,2,4,1,0,1,50,1,1,0,0,1,0,22.0,,deux_roues,,1,2,1,1,6
202000011309,2020-07-16 09:35:00,2020,7,16,9,35,83,83123,Route de Bandol,43.13188,5.781,Plein jour,Hors agglomération,Intersection en Y,Normale,Deux véhicules - côté,3,2,2,0,1,1,1,0,1,50,2,2,1,0,0,1,44.0,79.0,voiture,deux_roues,1,1,4,1,3
202000011310,2020-09-10 08:20:00,2020,9,10,8,20,14,14215,HAUTS FOURNEAUX (RUE DES ),49.193344,-0.271354,Plein jour,En agglomération,Giratoire,Normale,Trois véhicules et plus - collisions multiples,3,2,2,0,1,1,1,0,1,80,3,4,3,0,0,1,30.0,55.0,voiture,voiture,1,2,6,1,5
202000011311,2020-09-14 11:30:00,2020,9,14,11,30,13,13204,EMILE DUCLAUX (RUE),43.296704,5.402134,Plein jour,En agglomération,Intersection en X,Normale,Deux véhicules - côté,4,1,1,0,1,1,1,0,1,50,2,2,1,0,0,1,25.0,19.0,voiture,deux_roues,1,2,2,1,3
202000011312,2020-09-14 11:05:00,2020,9,14,11,5,13,13210,CAPELETTE (AVENUE DE LA),43.2807,5.407437,Plein jour,En agglomération,Hors intersection,Normale,Autre collision,4,2,3,0,1,1,1,0,1,50,1,2,1,0,1,0,39.0,,voiture,,1,2,1,1,6
202000011313,2020-07-16 18:25:00,2020,7,16,18,25,83,83061,AVENUE EUGÈNE JOLY,43.423747,6.734514,Plein jour,En agglomération,Hors intersection,Normale,Autre collision,3,1,1,3,1,3,1,9,1,50,1,1,0,1,0,0,57.0,,deux_roues,,1,2,1,1,6
202000011314,2020-09-11 17:30:00,2020,9,11,17,30,13,13210,TIMONE (AVENUE DE LA),43.285666,5.401654,Plein jour,En agglomération,Hors intersection,Normale,Autre collision,4,-1,2,0,1,1,1,0,1,30,1,3,1,0,0,2,45.0,,voiture,,1,2,1,1,6
202000011315,2020-07-16 18:00:00,2020,7,16,18,0,77,77468,LINGENFELD (AVENUE DE),48.84528,2.65352,Plein jour,En agglomération,Hors intersection,Normale,Deux véhicules - arrière,3,2,2,0,1,1,1,0,1,50,2,2,1,0,0,1,34.0,30.0,voiture,voiture,1,2,1,1,2
202000011316,2020-09-12 19:50:00,2020,9,12,19,50,11,11262,CORNICHE (LA),43.16496,2.96832,Plein jour,En agglomération,Hors intersection,Normale,Sans collision,4,2,2,0,1,1,9,9,1,50,1,1,0,0,1,0,18.0,,deux_roues,,1,2,1,1,7
202000011317,2020-09-13 08:00:00,2020,9,13,8,0,11,11262,PYRENEES (PLACE ET AVENUE),43.18254,2.99795,Plein jour,En agglomération,Hors intersection,Normale,Sans collision,4,2,2,0,1,1,1,9,1,50,1,1,0,0,1,0,43.0,,deux_roues,,1,2,1,1,7
202000011318,2020-07-16 06:50:00,2020,7,16,6,50,77,77316,CHAUGNATS (CHEMIN DES),48.37654,2.83553,Plein jour,Hors agglomération,Hors intersection,Temps couvert,Deux véhicules - frontale,4,2,1,0,1,3,1,0,1,50,2,2,1,0,1,0,34.0,18.0,utilitaire_camion,deux_roues,1,1,1,8,1
202000011319,2020-09-13 18:27:00,2020,9,13,18,27,10,10343,DIJON (RUE DE),48.26872,4.08797,Plein jour,En agglomération,Intersection en X,Normale,Deux véhicules - côté,4,2,2,0,1,1,1,0,1,50,2,4,1,0,1,2,56.0,25.0,voiture,voiture,1,2,2,1,3
202000011320,2020-07-17 17:00:00,2020,7,17,17,0,77,77384,D306,48.59809,2.59138,Plein jour,Hors agglomération,Hors intersection,Normale,Deux véhicules - côté,3,2,5,0,1,1,1,0,1,70,2,2,1,0,0,1,54.0,69.0,deux_roues,voiture,1,1,1,1,3
202000011321,2020-09-14 21:10:00,2020,9,14,21,10,06,06083,CARNOT (AVENUE),43.772,7.496691,Nuit avec éclairage allumé,En agglomération,Hors intersection,Normale,Deux véhicules - côté,3,2,2,0,1,1,1,0,1,50,2,2,1,0,1,0,42.0,40.0,deux_roues,voiture,5,2,1,1,3
202000011322,2020-09-12 15:10:00,2020,9,12,15,10,06,06004,COLLE CH.DE LA,43.57402,7.10778,Plein jour,En agglomération,Autre intersection,Normale,Deux véhicules - côté,4,1,2,0,2,1,1,0,1,50,2,1,0,0,1,0,83.0,,deux_roues,,1,2,9,1,3
202000011323,2020-07-16 18:50:00,2020,7,16,18,50,77,77237,TOURNAN (ROUTE DE ),48.8355218,2.7531226,Plein jour,En agglomération,Hors intersection,Normale,Deux véhicules - arrière,3,2,1,0,1,1,1,9,2,50,2,2,1,0,0,1,27.0,49.0,deux_roues,voiture,1,2,1,1,2
202000011324,2020-07-16 14:55:00,2020,7,16,14,55,71,71270,LYON (RUE DE),46.295352,4.8183424,Plein jour,En agglomération,Hors intersection,Normale,Deux véhicules - côté,3,1,1,0,1,1,2,2,1,50,2,3,2,0,0,1,15.0,15.0,deux_roues,deux_roues,1,2,1,1,3
202000011325,2020-09-14 14:50:00,2020,9,14,14,50,01,01053,BROU ( BD N°68 A 182 PAIR),46.200358,5.233253,Plein jour,En agglomération,Hors intersection,Normale,,4,2,2,1,1,1,1,0,5,50,2,2,1,0,0,1,63.0,52.0,voiture,deux_roues,1,2,1,1,-1
202000011326,2020-09-11 13:10:00,2020,9,11,13,10,75,75119,ECHANGEUR PANTIN,48.889194,2.396526,Plein jour,En agglomération,Hors intersection,Normale,Sans collision,4,1,4,0,1,1,1,0,1,70,1,1,0,0,0,1,62.0,,deux_roues,,1,2,1,1,7
202000011327,2020-07-17 10:55:00,2020,7,17,10,55,69,69266,MAISONS NEUVES   (Place des),45.7557168,4.8763768,Plein jour,En agglomération,Hors intersection,Normale,Autre collision,4,2,4,1,1,1,1,0,1,50,1,2,1,0,0,1,25.0,,utilitaire_camion,,1,2,1,1,6
202000011328,2020-09-13 07:25:00,2020,9,13,7,25,75,75119,RUE DE TANGER,48.885971,2.368631,Plein jour,En agglomération,Hors intersection,Normale,Deux véhicules - frontale,4,2,3,0,1,1,1,0,1,50,2,2,1,1,0,0,23.0,73.0,deux_roues,utilitaire_camion,1,2,1,1,1
202000011329,2020-09-12 17:37:00,2020,9,12,17,37,75,75107,QUAI ANATOLE FRANCE,48.861783,2.321862,Plein jour,En agglomération,Hors intersection,Normale,Deux véhicules - frontale,4,2,4,0,1,1,1,0,1,50,2,3,2,1,0,0,49.0,61.0,deux_roues,voiture,1,2,1,1,1
202000011330,2020-09-14 20:50:00,2020,9,14,20,50,75,75118,BOULEVARD NEY,48.897992,2.3424,Nuit avec éclairage allumé,En agglomération,Intersection en T,Normale,Deux véhicules - côté,4,3,7,0,1,1,1,0,1,50,2,1,0,0,0,1,46.0,,deux_roues,,5,2,3,1,3
202000011331,2020-07-17 02:08:00,2020,7,17,2,8,67,67482,RHIN (ROUTE DU),48.570232,7.785039,Nuit avec éclairage allumé,En agglomération,Hors intersection,Normale,Autre collision,4,3,4,0,1,1,2,0,3,50,1,2,0,0,1,1,18.0,,voiture,,5,2,1,1,6
202000011332,2020-09-11 08:00:00,2020,9,11,8,0,75,75116,AVENUE DE NEW YORK,48.859939,2.2905,Plein jour,En agglomération,Hors intersection,Normale,Deux véhicules - arrière,4,1,1,0,1,1,1,0,1,50,2,2,1,0,0,1,64.0,41.0,deux_roues,voiture,1,2,1,1,2
202000011333,2020-07-17 02:38:00,2020,7,17,2,38,64,64445,JEAN BIRAY,43.29286,-0.37415,Nuit avec éclairage allumé,En agglomération,Hors intersection,Normale,Sans collision,4,3,3,3,1,1,1,0,6,50,1,1,0,0,0,1,63.0,,utilitaire_camion,,5,2,1,1,7
202000011334,2020-09-14 07:35:00,2020,9,14,7,35,75,75114,AVENUE DU GENERAL LECLERC,48.825615,2.326207,Plein jour,En agglomération,Hors intersection,Normale,Deux véhicules - côté,4,2,6,3,1,1,1,-1,6,50,2,2,1,0,0,1,46.0,59.0,utilitaire_camion,deux_roues,1,2,1,1,3
202000011335,2020-07-17 19:10:00,2020,7,17,19,10,64,64024,BARRE (PROMENADE DE LA),43.508182,-1.522261,Plein jour,En agglomération,Intersection en T,Normale,Deux véhicules - côté,4,2,2,0,1,1,1,0,1,50,2,2,1,0,0,1,72.0,47.0,deux_roues,voiture,1,2,3,1,3
202000011336,2020-09-14 00:24:00,2020,9,14,0,24,75,75114,BOULEVARD PERIPHERIQUE,48.822594,2.315084,Nuit avec éclairage allumé,En agglomération,Intersection en X,Normale,Trois véhicules et plus - en chaîne,4,1,2,0,3,1,1,0,1,50,4,3,2,0,0,1,52.0,39.0,transport_commun,voiture,5,2,2,1,4
202000011337,2020-09-14 22:00:00,2020,9,14,22,0,75,75112,RUE DU FAUBOURG SAINT ANTOINE,48.84971,2.387332,Nuit avec éclairage allumé,En agglomération,Intersection en T,Normale,Autre collision,4,3,2,0,2,1,1,0,1,50,1,2,0,0,0,2,76.0,,voiture,,5,2,3,1,6
202000011338,2020-07-17 14:50:00,2020,7,17,14,50,64,64102,GRAND HARGOUS (rue du),43.50454,-1.46706,Plein jour,En agglomération,Hors intersection,Temps couvert,Deux véhicules - arrière,4,2,2,0,2,1,1,0,1,50,2,2,1,0,0,1,58.0,53.0,deux_roues,utilitaire_camion,1,2,1,8,2
202000011339,2020-09-14 16:05:00,2020,9,14,16,5,75,75112,BOULEVARD SOULT,48.840143,2.408828,Plein jour,En agglomération,Hors intersection,Normale,Deux véhicules - côté,4,2,6,3,1,1,1,0,1,50,2,2,0,0,0,2,45.0,20.0,deux_roues,deux_roues,1,2,1,1,3
202000011340,2020-05-06 18:30:00,2020,5,6,18,30,62,62570,PREMIER MAI,50.402361,2.86875,Plein jour,En agglomération,Hors intersection,Normale,Deux véhicules - côté,4,2,2,0,1,1,1,0,1,50,2,2,1,0,1,0,29.0,23.0,deux_roues,voiture,1,2,1,1,3
202000011341,2020-09-14 11:15:00,2020,9,14,11,15,75,75111,BOULEVARD RICHARD LENOIR,48.856339,2.370266,Plein jour,En agglomération,Hors intersection,Normale,Trois véhicules et plus - collisions multiples,4,1,1,0,1,1,1,0,1,50,3,3,1,0,0,2,52.0,88.0,voiture,voiture,1,2,1,1,5
202000011342,2020-07-17 20:00:00,2020,7,17,20,0,62,62178,PLOUVIER ( AVENUE PAUL ),50.478309,2.53108,Plein jour,En agglomération,Intersection en Y,Normale,Deux véhicules - frontale,3,2,2,0,1,1,1,0,1,50,2,2,1,0,1,0,60.0,60.0,voiture,deux_roues,1,2,4,1,1
202000011343,2020-09-13 02:20:00,2020,9,13,2,20,75,75111,AVENUE DE LA REPUBLIQUE,48.864007,2.3812,Nuit avec éclairage allumé,En agglomération,Intersection à plus de 4 branches,Normale,Deux véhicules - côté,4,2,4,2,2,1,1,0,1,50,2,3,1,0,1,1,16.0,39.0,deux_roues,voiture,5,2,5,1,3
202000011344,2020-07-17 17:55:00,2020,7,17,17,55,62,62841,SAINT VENANT ( RUE DE ),50.54654,2.619234,Plein jour,En agglomération,Hors intersection,Normale,Deux véhicules - côté,3,2,2,0,1,3,1,0,1,50,2,2,1,0,1,0,36.0,41.0,voiture,deux_roues,1,2,1,1,3
202000011345,2020-09-14 00:32:00,2020,9,14,0,32,75,75107,QUAI D ORSAY,48.862676,2.319085,Nuit avec éclairage allumé,En agglomération,Intersection à plus de 4 branches,Normale,Deux véhicules - côté,4,2,5,0,1,1,1,0,1,50,2,2,1,0,0,1,29.0,26.0,deux_roues,deux_roues,5,2,5,1,3
202000011346,2020-07-17 10:35:00,2020,7,17,10,35,61,61006,LECLERC (PLACE DU GENERAL),48.741528,-0.025607,Plein jour,En agglomération,Giratoire,Normale,Deux véhicules - côté,3,-1,1,0,1,3,1,0,1,50,2,2,1,0,1,0,72.0,89.0,deux_roues,voiture,1,2,6,1,3
202000011347,2020-07-17 14:50:00,2020,7,17,14,50,60,60159,Avenue du Vermandois,49.4319998,2.8419733,Plein jour,Hors agglomération,Hors intersection,Normale,Autre collision,4,2,2,0,1,1,1,0,1,50,1,2,0,0,2,0,61.0,,utilitaire_camion,,1,1,1,1,6
202000011348,2020-07-17 20:35:00,2020,7,17,20,35,59,59599,MARNE (AVENUE DE LA),50.710232,3.153327,Plein jour,En agglomération,Autre intersection,Normale,Deux véhicules - frontale,7,3,4,1,1,1,1,0,1,50,2,2,1,0,0,1,26.0,34.0,deux_roues,voiture,1,2,9,1,1
202000011349,2020-07-17 15:45:00,2020,7,17,15,45,57,57751,EMILE ROUX (RUE ),49.1448,6.1646,Plein jour,En agglomération,Hors intersection,Normale,Autre collision,7,2,2,0,1,1,1,0,4,50,1,2,1,0,0,1,24.0,,voiture,,1,2,1,1,6
202000011350,2020-09-14 12:15:00,2020,9,14,12,15,75,75101,PLACE VENDOME,48.867367,2.328594,Plein jour,En agglomération,Place,Normale,Autre collision,4,1,0,0,1,1,1,0,1,30,1,1,0,0,0,1,21.0,,utilitaire_camion,,1,2,7,1,6
202000011351,2020-07-16 19:30:00,2020,7,16,19,30,56,56121,PERAULT (RUE ),47.74484,-3.36366,Plein jour,En agglomération,Intersection en T,Normale,Deux véhicules - arrière,4,2,2,0,1,1,1,0,1,30,2,2,1,0,0,1,22.0,51.0,deux_roues,voiture,1,2,3,1,2
202000011352,2020-09-13 20:33:00,2020,9,13,20,33,94,94078,PARIS (R DE),48.73556,2.44672,Crépuscule ou aube,En agglomération,Hors intersection,Normale,Deux véhicules - frontale,2,1,4,0,1,1,1,1,1,50,2,3,0,0,0,3,50.0,34.0,voiture,voiture,2,2,1,1,1
202000011353,2020-07-17 13:28:00,2020,7,17,13,28,51,51055,Rue Neuve,49.2862748,4.0557457,Plein jour,En agglomération,Hors intersection,Normale,Sans collision,4,2,1,0,1,1,1,0,1,50,1,1,0,0,0,1,37.0,,voiture,,1,2,1,1,7
202000011354,2020-09-13 22:00:00,2020,9,13,22,0,94,94078,118 R DE PARIS,48.732828,2.446951,Nuit avec éclairage allumé,En agglomération,Hors intersection,Normale,Trois véhicules et plus - en chaîne,2,1,0,0,1,1,1,0,1,50,3,5,4,0,0,1,32.0,65.0,voiture,voiture,5,2,1,1,4
202000011355,2020-07-17 10:00:00,2020,7,17,10,0,50,50537,LA CARRIERE SAINT MICHEL,49.0332,-1.44556,Plein jour,En agglomération,Hors intersection,Normale,Autre collision,6,-1,-1,0,3,1,1,0,8,50,1,2,1,0,1,0,40.0,,voiture,,1,2,1,1,6
202000011356,2020-09-14 20:45:00,2020,9,14,20,45,94,94038,PAUL VAILLANT COUTURIER (BD),48.78083,2.34105,Nuit avec éclairage allumé,En agglomération,Intersection en X,Normale,Deux véhicules - côté,3,2,1,0,1,1,1,0,1,50,2,2,1,0,0,1,27.0,49.0,deux_roues,voiture,5,2,2,1,3
202000011357,2020-07-17 08:55:00,2020,7,17,8,55,45,45285,Avenue Pierre Mendes France,47.90247,1.85956,Plein jour,En agglomération,Giratoire,Normale,,3,2,4,1,1,1,1,0,1,50,2,1,0,0,0,1,21.0,,deux_roues,,1,2,6,1,-1
202000011358,2020-05-27 17:15:00,2020,5,27,17,15,44,44109,Rue Paul Bellamy,47.2239,-1.5578,Plein jour,En agglomération,Hors intersection,Normale,Autre collision,4,-1,0,0,1,1,1,0,4,6,1,2,1,0,0,1,53.0,,deux_roues,,1,2,1,1,6
202000011359,2020-07-17 16:00:00,2020,7,17,16,0,35,35238,MITTERAND (MAIL FRANCOIS),48.1084,-1.69626,Plein jour,En agglomération,Hors intersection,Normale,Autre collision,4,2,2,2,1,1,1,0,4,30,1,2,1,0,0,1,76.0,,utilitaire_camion,,1,2,1,1,6
202000011360,2020-09-14 08:56:00,2020,9,14,8,56,94,94011,GROSS(RUE AUGUSTE),48.774,2.4839,Plein jour,En agglomération,Autre intersection,Normale,Deux véhicules - arrière,4,2,2,0,1,1,1,0,1,50,2,1,0,0,0,1,39.0,,voiture,,1,2,9,1,2
202000011361,2020-07-17 11:55:00,2020,7,17,11,55,35,35238,8 Avenue Gros Malhon,48.12231,-1.68183,Plein jour,En agglomération,Intersection en T,Normale,Deux véhicules - côté,4,2,2,1,2,1,1,9,1,50,2,3,2,0,1,0,51.0,40.0,voiture,voiture,1,2,3,1,3
202000011362,2020-07-17 20:10:00,2020,7,17,20,10,34,34198,D21E,43.57066,3.94009,Plein jour,En agglomération,Giratoire,Normale,Autre collision,3,3,2,0,1,3,1,0,1,50,1,2,1,0,1,0,33.0,,voiture,,1,2,6,1,6
202000011363,2020-09-14 09:15:00,2020,9,14,9,15,94,94018,CARRIERES (QU DES),48.81884,2.4093,Plein jour,En agglomération,Intersection en T,Normale,Deux véhicules - côté,3,2,2,0,1,1,1,0,1,50,2,2,1,0,0,1,57.0,37.0,deux_roues,voiture,1,2,3,1,3
202000011364,2020-07-16 22:23:00,2020,7,16,22,23,34,34172,ASSAS (AVENUE D'),43.61725,3.86097,Nuit sans éclairage public,En agglomération,Autre intersection,Normale,Deux véhicules - côté,4,2,4,1,1,1,1,9,1,50,2,3,0,1,0,2,81.0,23.0,voiture,voiture,3,2,9,1,3
202000011365,2020-07-16 21:50:00,2020,7,16,21,50,34,34172,TOULOUSE (AVENUE DE,43.58949,3.85594,Crépuscule ou aube,En agglomération,Hors intersection,Normale,Deux véhicules - côté,4,3,3,0,1,3,1,0,1,50,2,4,0,0,1,3,68.0,32.0,voiture,voiture,2,2,1,1,3
202000011366,2020-09-14 14:20:00,2020,9,14,14,20,93,93066,PRESSENCE FRANCIS (AVENUE),48.9231,2.36996,Plein jour,En agglomération,Intersection en X,Normale,Autre collision,3,1,2,0,1,1,1,0,8,50,1,2,1,0,0,1,29.0,,voiture,,1,2,2,1,6
202000011367,2020-07-18 01:20:00,2020,7,18,1,20,33,33063,RUE MALBEC,44.82411,-0.56496,Nuit avec éclairage allumé,En agglomération,Hors intersection,Normale,Autre collision,4,1,2,1,1,1,1,0,1,50,1,2,1,0,0,1,78.0,,voiture,,5,2,1,1,6
202000011368,2020-09-14 12:00:00,2020,9,14,12,0,93,93062,NICOLAS CARNOT (ALLEE),48.89274,2.51178,Plein jour,En agglomération,Intersection en T,Normale,Deux véhicules - côté,4,2,2,0,1,1,1,9,8,50,2,2,1,0,0,1,8.0,76.0,autre,voiture,1,2,3,1,3
202000011369,2020-07-17 23:40:00,2020,7,17,23,40,33,33063,RUE YVES GLOTIN,44.89273,-0.54569,Nuit avec éclairage allumé,En agglomération,Hors intersection,Normale,Trois véhicules et plus - collisions multiples,4,2,2,0,1,1,1,0,1,50,3,3,1,1,0,1,20.0,22.0,deux_roues,deux_roues,5,2,1,1,5
202000011370,2020-07-17 21:25:00,2020,7,17,21,25,33,33063,CRS JULES LADOUMEGUE FACE ALL F DU PARKING,44.89806,-0.5683,Plein jour,En agglomération,Giratoire,Normale,Autre collision,4,3,4,0,1,1,1,0,1,50,1,1,0,0,0,1,18.0,,deux_roues,,1,2,6,1,6
202000011371,2020-07-17 14:30:00,2020,7,17,14,30,33,33192,RUE DE LAHOUNEAU,44.78035,-0.6146,Plein jour,En agglomération,Hors intersection,Normale,Autre collision,4,2,4,2,1,1,1,0,1,50,1,1,0,0,0,1,18.0,,deux_roues,,1,2,1,1,6
202000011372,2020-09-14 12:30:00,2020,9,14,12,30,93,93010,BLANQUI (R. LOUIS-AUGUSTE) DE 136 A FIN,48.8973938,2.4942531,Plein jour,Hors agglomération,Intersection en T,Normale,Deux véhicules - arrière,4,2,2,0,1,1,1,0,1,30,2,2,1,0,0,1,22.0,18.0,voiture,deux_roues,1,1,3,1,2
202000011373,2020-07-17 03:45:00,2020,7,17,3,45,33,33529,FOCH (AVE MAL),44.64106,-1.19225,Nuit avec éclairage allumé,En agglomération,Intersection à plus de 4 branches,Normale,Autre collision,4,2,2,0,1,1,1,0,4,50,1,1,0,0,0,1,22.0,,voiture,,5,2,5,1,6
202000011374,2020-09-14 11:55:00,2020,9,14,11,55,92,92072,VILLE D'AVRAY (RUE DE ),48.8260096,2.1982369,Plein jour,En agglomération,Intersection en X,Normale,Autre collision,3,2,2,0,1,1,1,5,1,50,1,2,0,0,2,0,73.0,,voiture,,1,2,2,1,6
202000011375,2020-07-17 14:55:00,2020,7,17,14,55,32,32013,SAMBRE ET MEUSE (AVENUE),43.64712,0.5975,Plein jour,En agglomération,Hors intersection,Normale,Deux véhicules - côté,4,2,2,0,1,1,1,0,1,50,2,3,2,0,0,1,20.0,63.0,deux_roues,voiture,1,2,1,1,3
202000011376,2020-09-12 03:20:00,2020,9,12,3,20,92,92063,ALBERT 1ER (AVENUE),48.884445,2.1736744,Nuit avec éclairage allumé,En agglomération,Hors intersection,Normale,Autre collision,4,1,1,2,1,1,1,0,1,50,1,1,0,0,0,1,29.0,,voiture,,5,2,1,1,6