accident_id,datetime,annee,mois,jour,heure,minute,departement,commune_insee,adresse,latitude,longitude,luminosite,agglomeration,intersection,meteo,collision,catr,circ,nbv,vosp,prof,plan,surf,infra,situ,vma,nb_vehicules,nb_usagers,nb_indemnes,nb_tues,nb_blesses_hosp,nb_blesses_legers,age_cond_1,age_cond_2,veh_type_cond_1,veh_type_cond_2,lum_code,agg_code,int_code,atm_code,col_code
202000011377,2020-09-14 17:30:00,2020,9,14,17,30,92,92025,GABRIEL PERI (RUE),48.917533,2.237158,Plein jour,En agglomération,Intersection en T,Normale,Deux véhicules - côté,3,2,2,0,1,1,1,5,1,50,2,2,1,0,0,1,22.0,33.0,deux_roues,deux_roues,1,2,3,1,3
202000011378,2020-09-14 18:15:00,2020,9,14,18,15,92,92012,QUATRE SEPTEMBRE (QUAI DU),48.84504,2.22668,Plein jour,En agglomération,Intersection en T,Normale,Deux véhicules - côté,3,1,1,1,1,1,1,0,1,50,2,2,1,0,0,1,37.0,24.0,voiture,deux_roues,1,2,3,1,3
202000011379,2020-09-14 12:20:00,2020,9,14,12,20,92,92012,JEAN BAPTISTE CLEMENT (AVENUE) 49/FIN -,48.845695,2.236609,Plein jour,En agglomération,Autre intersection,Normale,Deux véhicules - côté,3,2,2,0,1,1,1,9,1,50,2,2,1,0,0,1,70.0,20.0,voiture,deux_roues,1,2,9,1,3
202000011380,2020-09-14 04:07:00,2020,9,14,4,7,92,92012,REINE (ROUTE DE LA) 39/107 BIS,48.8394538,2.2423241,Nuit avec éclairage allumé,En agglomération,Autre intersection,Normale,Sans collision,3,2,4,0,1,1,1,0,8,50,1,1,0,0,1,0,36.0,,deux_roues,,5,2,9,1,7
202000011381,2020-07-16 18:20:00,2020,7,16,18,20,31,31069,Voie lactée (RD902),43.66339,1.359896,Plein jour,Hors agglomération,Hors intersection,Normale,Trois véhicules et plus - collisions multiples,3,3,2,0,1,1,1,0,1,90,3,5,3,0,0,2,28.0,61.0,utilitaire_camion,voiture,1,1,1,1,5
202000011382,2020-07-16 17:17:00,2020,7,16,17,17,31,31149,NAUROUZE (ALLEE DE),43.609143,1.344262,Plein jour,En agglomération,Hors intersection,Normale,Autre collision,4,2,2,0,2,1,1,0,1,50,1,2,1,0,0,1,36.0,,voiture,,1,2,1,1,6
202000011383,2020-09-14 13:45:00,2020,9,14,13,45,92,92002,CHATENAY (RUE DE),48.7564444,2.2950764,Plein jour,En agglomération,Hors intersection,Temps éblouissant,Deux véhicules - côté,3,2,2,0,2,3,1,0,8,50,2,2,1,0,0,1,37.0,13.0,voiture,deux_roues,1,2,1,7,3
202000011384,2020-07-16 13:00:00,2020,7,16,13,0,31,31555,RPT DU DR MAURICE CAHUZAC,43.5661206,1.3940076,Plein jour,En agglomération,Giratoire,Normale,Deux véhicules - côté,4,1,2,0,1,2,1,0,1,30,2,1,0,0,0,1,36.0,,deux_roues,,1,2,6,1,3
202000011385,2020-09-13 14:40:00,2020,9,13,14,40,35,35328,Les Brulais,47.770743,-2.097262,Plein jour,Hors agglomération,Hors intersection,Normale,Deux véhicules - arrière,3,2,2,0,1,1,1,0,1,70,2,5,1,0,0,4,28.0,20.0,voiture,voiture,1,1,1,1,2
202000011386,2020-07-14 19:10:00,2020,7,14,19,10,31,31555,AV DES ETATS UNIS,43.65687,1.42066,Plein jour,En agglomération,Intersection en T,Normale,Deux véhicules - côté,3,2,2,0,1,1,1,0,1,50,2,2,0,0,1,1,28.0,34.0,voiture,deux_roues,1,2,3,1,3
202000011387,2020-09-06 06:40:00,2020,9,6,6,40,60,60088,A16,49.1920414,2.1971412,Crépuscule ou aube,Hors agglomération,Hors intersection,Normale,Autre collision,1,1,2,0,1,1,1,0,8,130,1,1,0,0,1,0,19.0,,voiture,,2,1,1,1,6
202000011388,2020-07-16 18:30:00,2020,7,16,18,30,31,31483,CAGIRE (AVENUE DU),43.134145,0.720368,Plein jour,Hors agglomération,Hors intersection,Normale,Deux véhicules - côté,3,2,1,0,1,1,1,0,1,50,2,3,1,0,0,2,29.0,64.0,deux_roues,voiture,1,1,1,1,3
202000011389,2020-09-15 09:40:00,2020,9,15,9,40,2B,2B049,D81,42.462157,8.751211,Plein jour,Hors agglomération,Hors intersection,Normale,,3,2,2,0,2,1,1,0,1,80,2,2,0,0,2,0,73.0,65.0,deux_roues,deux_roues,1,1,1,1,-1
202000011390,2020-07-17 07:17:00,2020,7,17,7,17,30,30189,ANCIENS COMBATTANTS D INDOCHINE,43.8829,4.3073,Plein jour,Hors agglomération,Hors intersection,Normale,Deux véhicules - côté,2,2,3,0,1,1,1,0,1,80,2,1,0,1,0,0,55.0,,deux_roues,,1,1,1,1,3
202000011391,2020-09-15 08:00:00,2020,9,15,8,0,62,62644,12 Chaussée Brunehaut,50.647454,2.134835,Plein jour,En agglomération,Intersection en T,Pluie légère,,3,2,2,0,1,1,2,0,1,50,2,2,1,0,1,0,45.0,24.0,voiture,deux_roues,1,2,3,2,-1
202000011392,2020-07-15 20:00:00,2020,7,15,20,0,22,22187,RUE DU GENERAL DE GAULLE,48.53453,-2.75228,Plein jour,En agglomération,Giratoire,Normale,Deux véhicules - arrière,4,1,2,0,1,1,1,0,1,30,2,3,2,0,0,1,74.0,54.0,voiture,deux_roues,1,2,6,1,2
202000011393,2020-09-14 19:30:00,2020,9,14,19,30,52,52130,D6,48.10429,4.882329,Plein jour,Hors agglomération,Intersection en T,Normale,Sans collision,3,2,2,0,1,2,1,0,3,90,1,1,0,0,1,0,51.0,,deux_roues,,1,1,3,1,7
202000011394,2020-07-17 15:45:00,2020,7,17,15,45,21,21231,9 Rue Adolphe Diétrich,47.33339,5.03071,Plein jour,En agglomération,Autre intersection,Normale,Deux véhicules - côté,4,2,1,0,1,1,1,0,1,50,2,2,1,0,0,1,25.0,10.0,voiture,deux_roues,1,2,9,1,3
202000011395,2020-09-15 07:30:00,2020,9,15,7,30,74,74213,Route de Lovagny,45.921076,6.060226,Plein jour,En agglomération,Intersection en T,Normale,Deux véhicules - côté,4,2,2,0,1,1,1,0,1,30,2,2,1,0,1,0,40.0,19.0,voiture,deux_roues,1,2,3,1,3
202000011396,2020-07-17 03:00:00,2020,7,17,3,0,13,13213,JEAN PAUL SARTRE (AVENUE),43.32683,5.42558,Nuit avec éclairage allumé,En agglomération,Hors intersection,Normale,Deux véhicules - côté,3,-1,2,0,1,1,1,0,8,50,2,6,3,0,0,3,22.0,25.0,voiture,voiture,5,2,1,1,3
202000011397,2020-09-14 18:00:00,2020,9,14,18,0,62,62261,Boulevard de France,50.478348,1.594643,Plein jour,En agglomération,Giratoire,Normale,Deux véhicules - côté,4,2,2,0,1,1,1,9,1,50,2,2,1,0,1,0,36.0,25.0,voiture,voiture,1,2,6,1,3
202000011398,2020-07-17 19:13:00,2020,7,17,19,13,13,13201,ROME (RUE DE)      ,43.288665,5.382153,Plein jour,En agglomération,Intersection en X,Normale,Deux véhicules - côté,4,2,3,3,1,1,1,9,6,50,2,2,1,0,0,1,22.0,22.0,voiture,deux_roues,1,2,2,1,3
202000011399,2020-07-17 18:35:00,2020,7,17,18,35,13,13209,COL DE LA GINESTE D559,43.24053,5.4572,Plein jour,En agglomération,Hors intersection,Normale,Deux véhicules - frontale,9,-1,2,0,2,4,1,0,8,50,2,2,1,0,0,1,24.0,19.0,voiture,voiture,1,2,1,1,1
202000011400,2020-09-15 08:00:00,2020,9,15,8,0,83,83019,Route du Dom,43.177493,6.336392,Plein jour,Hors agglomération,Hors intersection,Normale,Trois véhicules et plus - collisions multiples,3,2,2,0,2,1,1,0,1,80,3,3,2,0,1,0,33.0,31.0,voiture,voiture,1,1,1,1,5
202000011401,2020-09-13 17:00:00,2020,9,13,17,0,974,97423,Cd 9 de la Montee Panon,-21.116926,55.268258,Plein jour,Hors agglomération,Hors intersection,Normale,Sans collision,3,2,2,0,2,2,1,0,1,80,1,1,0,0,1,0,20.0,,deux_roues,,1,1,1,1,7
202000011402,2020-07-17 09:15:00,2020,7,17,9,15,13,13208,VINCENT DELPUECH (BOULEVARD),43.2828,5.38902,Plein jour,En agglomération,Hors intersection,Normale,Autre collision,4,1,2,0,3,1,1,0,1,50,1,2,1,0,0,1,25.0,,voiture,,1,2,1,1,6
202000011403,2020-07-16 10:00:00,2020,7,16,10,0,13,13075,FRÉDÉRIC CHEVILLON (AVENUE),43.34829,5.46519,Plein jour,En agglomération,Hors intersection,Normale,Autre collision,4,2,2,0,1,1,1,0,1,50,1,2,1,0,0,1,71.0,,voiture,,1,2,1,1,6
202000011404,2020-07-16 07:40:00,2020,7,16,7,40,11,11069,CHEMIN DE SAINTE CROIX,43.19386,2.37724,Plein jour,Hors agglomération,Hors intersection,Normale,,4,2,1,0,2,1,1,0,1,80,2,2,1,0,1,0,52.0,56.0,voiture,deux_roues,1,1,1,1,-1
202000011405,2020-09-11 09:25:00,2020,9,11,9,25,67,67194,2 Rue d'Offendorf,48.728115,7.906562,Plein jour,En agglomération,Intersection en Y,Normale,Deux véhicules - frontale,3,3,2,0,1,2,1,0,1,50,2,2,1,0,1,0,29.0,60.0,deux_roues,voiture,1,2,4,1,1
202000011406,2020-09-15 06:40:00,2020,9,15,6,40,57,57193,D1,49.212754,6.209947,Crépuscule ou aube,Hors agglomération,Hors intersection,Normale,Deux véhicules - arrière,3,3,4,0,1,1,1,0,1,90,2,2,0,0,1,1,55.0,27.0,voiture,utilitaire_camion,2,1,1,1,2
202000011407,2020-07-16 17:33:00,2020,7,16,17,33,10,10387,HAUTE CHARME (RUE),48.309,4.0572,Plein jour,En agglomération,Intersection en X,Normale,Deux véhicules - côté,4,2,2,0,1,1,1,0,1,50,2,3,1,0,0,2,50.0,21.0,utilitaire_camion,voiture,1,2,2,1,3
202000011408,2020-09-15 15:00:00,2020,9,15,15,0,51,51082,D284,49.0972874,4.8255774,Plein jour,Hors agglomération,Hors intersection,Normale,Sans collision,3,2,2,0,1,3,1,0,3,80,1,3,0,0,1,2,36.0,,voiture,,1,1,1,1,7
202000011409,2020-07-15 17:00:00,2020,7,15,17,0,07,07281,C.D.533,44.9354,4.8196,Plein jour,Hors agglomération,Hors intersection,Normale,Deux véhicules - côté,3,2,2,0,2,4,1,0,1,80,2,2,1,0,1,0,80.0,19.0,voiture,utilitaire_camion,1,1,1,1,3
202000011410,2020-07-16 20:00:00,2020,7,16,20,0,06,06069,MOTTET (PLACE PIERRE),43.630069,6.909804,Plein jour,En agglomération,Hors intersection,Normale,Deux véhicules - arrière,4,2,2,0,1,2,1,0,1,50,2,3,1,0,0,2,36.0,50.0,voiture,voiture,1,2,1,1,2
202000011411,2020-09-13 15:30:00,2020,9,13,15,30,56,56153,Le Vieux Moulin,47.594819,-2.310948,Plein jour,Hors agglomération,Hors intersection,Normale,Autre collision,3,2,2,0,3,3,1,0,3,80,1,1,0,0,1,0,24.0,,deux_roues,,1,1,1,1,6
202000011412,2020-07-17 16:20:00,2020,7,17,16,20,06,06027,COLLE AVENUE DE LA,43.6612,7.1283,Plein jour,En agglomération,Hors intersection,Normale,Trois véhicules et plus - collisions multiples,4,2,2,0,2,1,1,0,1,50,3,3,1,0,0,2,24.0,25.0,voiture,voiture,1,2,1,1,5
202000011413,2020-07-17 18:25:00,2020,7,17,18,25,75,75118,BOULEVARD PERIPHERIQUE,48.900787,2.338559,Plein jour,En agglomération,Hors intersection,Normale,Deux véhicules - côté,4,1,4,0,1,1,1,0,1,70,2,2,1,0,0,1,49.0,23.0,deux_roues,voiture,1,2,1,1,3
202000011414,2020-07-17 03:45:00,2020,7,17,3,45,75,75104,BOULEVARD BEAUMARCHAIS,48.854388,2.368846,Nuit avec éclairage allumé,En agglomération,Hors intersection,Normale,Autre collision,4,2,4,0,1,1,1,0,1,50,1,1,0,0,1,0,38.0,,deux_roues,,5,2,1,1,6
202000011415,2020-09-15 17:55:00,2020,9,15,17,55,56,56171,Quénelet,47.707321,-2.347233,Plein jour,Hors agglomération,Intersection en T,Normale,Trois véhicules et plus - en chaîne,3,2,2,0,2,1,1,8,1,80,4,5,2,0,1,2,32.0,31.0,utilitaire_camion,voiture,1,1,3,1,4
202000011416,2020-07-17 14:15:00,2020,7,17,14,15,75,75119,RUE DE CRIMEE,48.894462,2.372684,Plein jour,En agglomération,Hors intersection,Temps couvert,Autre collision,4,3,2,0,1,1,1,0,1,50,1,1,0,0,0,1,,,,,1,2,1,8,6
202000011417,2020-09-15 13:25:00,2020,9,15,13,25,56,56067,47 Rue Saint Yves,47.759075,-2.84084,Plein jour,En agglomération,Hors intersection,Normale,Autre collision,4,-1,2,0,2,1,1,0,1,-1,1,2,1,0,1,0,59.0,,voiture,,1,2,1,1,6
202000011418,2020-07-17 10:00:00,2020,7,17,10,0,75,75119,RUE DE CRIMEE,48.889845,2.377735,Plein jour,En agglomération,Hors intersection,Normale,Deux véhicules - arrière,4,2,2,0,1,1,1,0,1,30,2,2,1,0,0,1,55.0,21.0,deux_roues,utilitaire_camion,1,2,1,1,2
202000011419,2020-09-14 17:30:00,2020,9,14,17,30,56,56120,Keravel,47.74157,-2.7658,Plein jour,Hors agglomération,Hors intersection,Normale,Deux véhicules - frontale,3,2,3,0,3,2,1,0,1,80,2,2,1,1,0,0,21.0,44.0,voiture,utilitaire_camion,1,1,1,1,1
202000011420,2020-07-17 20:20:00,2020,7,17,20,20,75,75118,BOULEVARD BARBES,48.884124,2.349483,Plein jour,En agglomération,Intersection en T,Normale,Deux véhicules - arrière,4,2,4,0,1,1,1,0,1,50,2,1,0,0,0,1,29.0,,deux_roues,,1,2,3,1,2
202000011421,2020-07-17 17:50:00,2020,7,17,17,50,75,75118,RUE ORDENER,48.890406,2.355828,Plein jour,En agglomération,Intersection en T,Normale,Autre collision,4,2,2,0,1,1,1,0,1,30,1,2,1,0,0,1,67.0,,voiture,,1,2,3,1,6
202000011422,2020-08-15 21:59:00,2020,8,15,21,59,74,74236,551 Route des Contamines,45.870823,6.722713,Nuit sans éclairage public,En agglomération,Hors intersection,Normale,Trois véhicules et plus - collisions multiples,3,2,2,0,2,1,1,0,1,50,3,5,4,0,1,0,78.0,28.0,voiture,deux_roues,3,2,1,1,5
202000011423,2020-07-17 20:05:00,2020,7,17,20,5,75,75117,AVENUE DE LA PORTE DE CHAMPERRET,48.885995,2.2891,Plein jour,En agglomération,Intersection en Y,Normale,Deux véhicules - côté,4,2,4,0,1,1,1,0,1,50,2,2,1,0,0,1,37.0,17.0,voiture,deux_roues,1,2,4,1,3
202000011424,2020-09-14 09:15:00,2020,9,14,9,15,79,79047,Rue des Tilleuls,46.829508,-0.24846,Plein jour,En agglomération,Intersection en Y,Normale,Autre collision,3,2,2,-1,1,2,1,0,1,50,1,2,1,1,0,0,49.0,,utilitaire_camion,,1,2,4,1,6
202000011425,2020-07-17 18:00:00,2020,7,17,18,0,75,75117,RUE SISLEY,48.88968,2.302887,Plein jour,En agglomération,Intersection en T,Normale,Deux véhicules - côté,4,1,1,1,1,1,1,-1,5,50,2,3,1,0,0,2,18.0,29.0,deux_roues,deux_roues,1,2,3,1,3
202000011426,2020-09-12 19:50:00,2020,9,12,19,50,71,71263,78 Impasse des Abeilles,46.6446224,5.2413571,Crépuscule ou aube,Hors agglomération,Intersection en T,Normale,Deux véhicules - côté,4,2,2,0,1,1,1,0,1,80,2,3,2,0,1,0,15.0,48.0,deux_roues,voiture,2,1,3,1,3
202000011427,2020-09-14 16:40:00,2020,9,14,16,40,89,89017,route communale 5,47.743879,4.089506,Plein jour,Hors agglomération,Hors intersection,Normale,Sans collision,4,-1,2,0,3,2,9,0,1,80,1,1,0,0,1,0,52.0,,deux_roues,,1,1,1,1,7
202000011428,2020-07-17 00:10:00,2020,7,17,0,10,75,75116,AVENUE DE L HIPPODROME,48.858545,2.244896,Nuit avec éclairage allumé,En agglomération,Intersection en X,Normale,Trois véhicules et plus - collisions multiples,4,2,4,0,1,1,1,0,1,50,3,3,2,0,0,1,25.0,38.0,voiture,voiture,5,2,2,1,5
202000011429,2020-09-07 17:15:00,2020,9,7,17,15,68,68127,D466,47.656629,7.222331,Plein jour,Hors agglomération,Giratoire,Normale,Deux véhicules - côté,3,-1,2,0,4,3,1,5,1,80,2,3,2,0,1,0,54.0,69.0,voiture,deux_roues,1,1,6,1,3
202000011430,2020-07-16 14:15:00,2020,7,16,14,15,75,75116,PLACE DU TROCADERO ET DU 11 NOVEMBRE,48.862983,2.287929,Plein jour,En agglomération,Place,Normale,Deux véhicules - arrière,4,1,3,0,1,1,1,0,1,50,2,2,1,0,0,1,49.0,39.0,voiture,deux_roues,1,2,7,1,2
202000011431,2020-09-14 20:30:00,2020,9,14,20,30,25,25356,D464,47.217586,6.807232,Nuit sans éclairage public,Hors agglomération,Hors intersection,Normale,Deux véhicules - frontale,3,2,2,0,2,3,1,0,1,80,2,3,2,1,0,0,24.0,44.0,voiture,deux_roues,3,1,1,1,1
202000011432,2020-07-17 00:30:00,2020,7,17,0,30,75,75114,AVENUE DU GENERAL LECLERC,48.828029,2.326944,Nuit avec éclairage allumé,En agglomération,Place,Normale,Deux véhicules - côté,4,2,4,0,1,1,1,0,1,50,2,2,1,0,0,1,21.0,25.0,deux_roues,voiture,5,2,7,1,3
202000011433,2020-08-17 18:45:00,2020,8,17,18,45,35,35360,Chemin Champlet,48.129846,-1.231536,Plein jour,Hors agglomération,Intersection en X,Normale,Deux véhicules - côté,3,2,2,0,1,2,1,0,1,80,2,2,1,0,1,0,37.0,24.0,voiture,deux_roues,1,1,2,1,3
202000011434,2020-09-14 21:00:00,2020,9,14,21,0,29,29016,D30,48.323824,-3.9722,Nuit sans éclairage public,Hors agglomération,Hors intersection,Normale,Autre collision,3,2,2,0,2,3,1,0,3,80,1,1,0,1,0,0,54.0,,deux_roues,,3,1,1,1,6
202000011435,2020-07-17 21:00:00,2020,7,17,21,0,75,75113,BOULEVARD VINCENT AURIOL,48.833015,2.361831,Plein jour,En agglomération,Place,Normale,Deux véhicules - côté,4,3,2,0,2,1,1,0,1,50,2,1,0,0,0,1,40.0,,voiture,,1,2,7,1,3
202000011436,2020-09-14 18:55:00,2020,9,14,18,55,38,38163,Le Haut-Bréda,45.275974,6.059475,Crépuscule ou aube,Hors agglomération,Hors intersection,Normale,Sans collision,3,2,2,0,2,3,1,0,3,80,1,1,0,0,0,1,29.0,,deux_roues,,2,1,1,1,7
202000011437,2020-07-17 16:45:00,2020,7,17,16,45,75,75113,PONT CHARLES DE GAULLE,48.841915,2.367872,Plein jour,En agglomération,Intersection en T,Normale,Deux véhicules - côté,4,2,6,0,1,1,1,2,1,50,2,2,1,0,0,1,54.0,38.0,voiture,deux_roues,1,2,3,1,3
202000011438,2020-09-14 07:40:00,2020,9,14,7,40,26,26005,Route d'Aiguebelle,44.491278,4.790307,Plein jour,Hors agglomération,Intersection en X,Normale,Deux véhicules - côté,3,-1,2,0,1,1,1,5,1,80,2,3,1,0,1,1,68.0,37.0,voiture,voiture,1,1,2,1,3
202000011439,2020-07-17 19:55:00,2020,7,17,19,55,75,75112,RUE DE PRAGUE,48.84996,2.375834,Plein jour,En agglomération,Hors intersection,Normale,Deux véhicules - côté,4,2,2,0,1,1,1,0,1,30,2,2,1,0,0,1,38.0,36.0,deux_roues,voiture,1,2,1,1,3
202000011440,2020-09-14 07:50:00,2020,9,14,7,50,66,66054,D26,42.612991,2.333586,Crépuscule ou aube,Hors agglomération,Hors intersection,Normale,Sans collision,3,2,2,0,2,3,1,0,1,80,1,1,0,0,1,0,16.0,,deux_roues,,2,1,1,1,7
202000011441,2020-07-17 16:10:00,2020,7,17,16,10,75,75112,AVENUE COURTELINE,48.844159,2.41169,Plein jour,En agglomération,Intersection en X,Normale,Deux véhicules - côté,4,2,4,1,1,1,1,-1,5,50,2,1,0,0,0,1,27.0,,deux_roues,,1,2,2,1,3
202000011442,2020-09-15 13:30:00,2020,9,15,13,30,72,72073,"rd 357, pk 51",48.023816,0.059116,Plein jour,Hors agglomération,Hors intersection,Normale,Deux véhicules - frontale,3,2,2,0,2,1,1,0,1,90,2,2,0,0,1,1,53.0,31.0,voiture,voiture,1,1,1,1,1
202000011443,2020-09-14 16:05:00,2020,9,14,16,5,06,06150,Route de Peille,43.753142,7.405579,Plein jour,Hors agglomération,Hors intersection,Normale,Deux véhicules - frontale,3,2,2,0,2,3,1,0,1,80,2,3,2,0,1,0,49.0,51.0,deux_roues,voiture,1,1,1,1,1
202000011444,2020-07-17 09:50:00,2020,7,17,9,50,75,75112,RUE DE CHARENTON,48.847978,2.376628,Plein jour,En agglomération,Intersection en Y,Normale,,4,2,2,0,1,1,1,0,1,30,2,2,1,0,0,1,46.0,66.0,voiture,deux_roues,1,2,4,1,-1
202000011445,2020-09-15 00:03:00,2020,9,15,0,3,64,64495,D918,43.358215,-1.57877,Nuit sans éclairage public,Hors agglomération,Hors intersection,Normale,Autre collision,3,2,2,0,1,2,1,0,1,80,1,1,0,1,0,0,27.0,,deux_roues,,3,1,1,1,6
202000011446,2020-07-17 21:35:00,2020,7,17,21,35,75,75110,BOULEVARD DE MAGENTA,48.877344,2.355124,Crépuscule ou aube,En agglomération,Intersection en X,Normale,Autre collision,4,2,4,0,1,1,1,0,1,50,1,1,0,0,0,1,20.0,,deux_roues,,2,2,2,1,6
202000011447,2020-07-17 11:15:00,2020,7,17,11,15,75,75109,RUE TRONCHET,48.87276,2.326476,Plein jour,En agglomération,Intersection en Y,Normale,Deux véhicules - frontale,4,2,4,1,2,1,1,-1,5,50,2,2,1,0,0,1,37.0,30.0,deux_roues,deux_roues,1,2,4,1,1
202000011448,2020-09-15 15:25:00,2020,9,15,15,25,64,64238,rd817,43.24836,-0.082741,Plein jour,Hors agglomération,Intersection en X,Normale,Deux véhicules - côté,3,2,2,0,1,1,1,5,1,-1,2,2,1,0,1,0,62.0,21.0,deux_roues,voiture,1,1,2,1,3
202000011449,2020-07-17 01:56:00,2020,7,17,1,56,75,75109,BOULEVARD DE LA MADELEINE,48.869651,2.326466,Nuit avec éclairage allumé,En agglomération,Intersection en Y,Normale,Sans collision,4,2,4,0,1,1,1,0,1,50,1,1,0,0,1,0,51.0,,deux_roues,,5,2,4,1,7
202000011450,2020-09-15 07:30:00,2020,9,15,7,30,64,64519,Route d'Uzein,43.366108,-0.39113,Plein jour,En agglomération,Giratoire,Temps couvert,Sans collision,3,-1,2,0,1,2,1,5,1,50,1,1,0,0,0,1,51.0,,deux_roues,,1,2,6,8,7
202000011451,2020-07-16 23:15:00,2020,7,16,23,15,75,75109,RUE HALEVY,48.872946,2.333295,Nuit avec éclairage allumé,En agglomération,Intersection à plus de 4 branches,Normale,Deux véhicules - arrière,4,1,3,0,1,1,1,0,1,50,2,2,1,0,0,1,24.0,41.0,deux_roues,deux_roues,5,2,5,1,2
202000011452,2020-09-13 12:50:00,2020,9,13,12,50,10,10034,Faubourg de Champagne,48.11823,4.373894,Plein jour,En agglomération,Intersection en T,Normale,Deux véhicules - frontale,3,2,2,0,1,3,1,0,1,50,2,2,1,0,1,0,53.0,41.0,deux_roues,voiture,1,2,3,1,1
202000011453,2020-07-17 16:10:00,2020,7,17,16,10,75,75108,BOULEVARD DE COURCELLES,48.881203,2.315582,Plein jour,En agglomération,Intersection en X,Normale,Deux véhicules - côté,4,2,4,0,1,1,1,0,1,50,2,2,1,0,0,1,48.0,57.0,deux_roues,voiture,1,2,2,1,3
202000011454,2020-09-14 09:35:00,2020,9,14,9,35,36,36045,Route de Tours,46.991176,1.16815,Plein jour,En agglomération,Hors intersection,Normale,Autre collision,3,2,2,0,1,1,1,0,1,50,1,2,1,0,1,0,68.0,,voiture,,1,2,1,1,6
202000011455,2020-07-16 23:15:00,2020,7,16,23,15,75,75117,BOULEVARD PEREIRE,48.87796,2.284798,Nuit avec éclairage allumé,En agglomération,Intersection en Y,Normale,Autre collision,4,1,1,0,1,1,1,0,1,50,1,1,0,0,0,1,,,,,5,2,4,1,6
202000011456,2020-09-15 16:40:00,2020,9,15,16,40,07,07009,D86,45.22239,4.803193,Plein jour,Hors agglomération,Hors intersection,Normale,,3,2,2,0,1,1,1,0,8,80,2,2,1,0,1,0,22.0,22.0,deux_roues,utilitaire_camion,1,1,1,1,-1
202000011457,2020-07-16 09:30:00,2020,7,16,9,30,75,75115,PORT DE SUFFREN,48.854826,2.288548,Plein jour,En agglomération,Intersection en X,Normale,Autre collision,4,3,2,0,1,1,1,0,1,50,1,1,0,0,0,1,31.0,,deux_roues,,1,2,2,1,6
202000011458,2020-07-17 04:00:00,2020,7,17,4,0,75,75101,VOIE GEORGES POMPIDOU,48.857492,2.345304,Nuit avec éclairage allumé,En agglomération,Hors intersection,Normale,Sans collision,4,4,10,0,2,1,1,0,1,20,1,1,0,0,0,1,29.0,,deux_roues,,5,2,1,1,7
202000011459,2020-09-14 17:50:00,2020,9,14,17,50,40,40312,15 Boulevard de la Yayi,43.549404,-1.460581,Plein jour,En agglomération,Hors intersection,Normale,Autre collision,3,1,1,3,2,1,1,9,1,50,1,2,1,0,0,1,54.0,,voiture,,1,2,1,1,6
202000011460,2020-07-17 13:00:00,2020,7,17,13,0,75,75104,RUE DU RENARD,48.857518,2.351454,Plein jour,En agglomération,Intersection en X,Normale,Deux véhicules - côté,4,1,3,1,1,3,1,-1,5,50,2,2,0,0,0,2,32.0,28.0,deux_roues,deux_roues,1,2,2,1,3
202000011461,2020-08-15 15:30:00,2020,8,15,15,30,24,24259,le breuilh,44.932885,0.486758,Plein jour,Hors agglomération,Hors intersection,Normale,Sans collision,4,2,2,0,4,2,1,0,3,80,1,4,2,0,0,2,27.0,,utilitaire_camion,,1,1,1,1,7
202000011462,2020-07-17 12:30:00,2020,7,17,12,30,94,94081,EUGENE HENAFF (R),48.7947106,2.4179061,Plein jour,En agglomération,Intersection en T,Normale,Deux véhicules - côté,3,1,1,0,1,1,1,0,1,50,2,3,2,0,0,1,26.0,63.0,utilitaire_camion,utilitaire_camion,1,2,3,1,3
202000011463,2020-09-13 11:50:00,2020,9,13,11,50,27,27426,D10,49.275746,1.748339,Plein jour,Hors agglomération,Hors intersection,Normale,Deux véhicules - arrière,3,2,2,0,2,3,1,0,1,80,2,6,5,0,0,1,84.0,52.0,voiture,voiture,1,1,1,1,2
202000011464,2020-09-15 09:30:00,2020,9,15,9,30,27,27398,route de rouen,49.103713,0.612531,Plein jour,En agglomération,Hors intersection,Normale,Deux véhicules - arrière,3,2,2,0,1,1,1,0,1,50,2,3,1,0,0,2,50.0,17.0,voiture,deux_roues,1,2,1,1,2
202000011465,2020-09-14 15:30:00,2020,9,14,15,30,27,27679,N12,48.718432,0.871096,Plein jour,Hors agglomération,Hors intersection,Normale,Deux véhicules - côté,2,2,2,0,1,1,1,0,1,80,2,5,0,1,2,2,59.0,42.0,voiture,voiture,1,1,1,1,3
202000011466,2020-09-15 04:10:00,2020,9,15,4,10,28,28089,8 Rue Hubert Latham,48.581066,1.241831,Nuit avec éclairage allumé,En agglomération,Hors intersection,Normale,Autre collision,3,2,2,0,1,1,1,0,3,50,1,3,1,0,1,1,37.0,,voiture,,5,2,1,1,6
202000011467,2020-09-14 18:00:00,2020,9,14,18,0,87,87127,D704,45.589717,1.220384,Plein jour,Hors agglomération,Hors intersection,Normale,Deux véhicules - frontale,3,2,2,0,2,1,1,0,1,80,2,3,0,1,2,0,40.0,29.0,voiture,voiture,1,1,1,1,1
202000011468,2020-07-17 14:45:00,2020,7,17,14,45,94,94046,JEAN JAURES (R),48.79523,2.43387,Plein jour,En agglomération,Hors intersection,Normale,Trois véhicules et plus - en chaîne,3,2,4,0,1,1,1,0,1,50,3,3,2,0,0,1,59.0,30.0,voiture,voiture,1,2,1,1,4
202000011469,2020-09-14 08:45:00,2020,9,14,8,45,87,87185,Route de l'Abattoir,45.884046,1.073631,Plein jour,Hors agglomération,Hors intersection,Temps éblouissant,Deux véhicules - frontale,3,2,2,0,1,1,1,0,3,80,2,2,1,0,1,0,29.0,77.0,voiture,deux_roues,1,1,1,7,1