accident_id,datetime,annee,mois,jour,heure,minute,departement,commune_insee,adresse,latitude,longitude,luminosite,agglomeration,intersection,meteo,collision,catr,circ,nbv,vosp,prof,plan,surf,infra,situ,vma,nb_vehicules,nb_usagers,nb_indemnes,nb_tues,nb_blesses_hosp,nb_blesses_legers,age_cond_1,age_cond_2,veh_type_cond_1,veh_type_cond_2,lum_code,agg_code,int_code,atm_code,col_code
202000011564,2020-06-15 09:40:00,2020,6,15,9,40,75,75114,AVENUE RENE COTY,48.826713,2.335365,Plein jour,En agglomération,Hors intersection,Normale,Deux véhicules - côté,4,3,2,0,1,1,1,0,1,50,2,2,1,0,0,1,54.0,47.0,utilitaire_camion,deux_roues,1,2,1,1,3
202000011565,2020-06-17 21:40:00,2020,6,17,21,40,75,75112,COURS DE VINCENNES,48.84687,2.411216,Crépuscule ou aube,En agglomération,Intersection en X,Normale,Autre collision,4,1,3,0,1,1,1,5,1,50,1,1,0,0,0,1,51.0,,voiture,,2,2,2,1,6
202000011566,2020-06-17 08:40:00,2020,6,17,8,40,75,75110,PASSAGE DELESSERT,48.879042,2.365389,Plein jour,En agglomération,Hors intersection,Normale,Deux véhicules - arrière,4,1,1,0,1,1,1,0,1,30,2,2,1,0,0,1,21.0,35.0,voiture,utilitaire_camion,1,2,1,1,2
202000011567,2020-06-16 18:40:00,2020,6,16,18,40,75,75108,PLACE DE LA CONCORDE,48.867049,2.320672,Plein jour,En agglomération,Place,Normale,Deux véhicules - arrière,4,1,4,0,1,2,1,0,1,50,2,3,2,0,0,1,35.0,63.0,deux_roues,voiture,1,2,7,1,2
202000011568,2020-06-17 14:53:00,2020,6,17,14,53,75,75104,RUE DE RIVOLI,48.857874,2.350213,Plein jour,En agglomération,Intersection en X,Normale,Sans collision,4,-1,0,1,1,1,1,-1,5,50,1,1,0,0,0,1,57.0,,deux_roues,,1,2,2,1,7
202000011569,2020-06-17 17:35:00,2020,6,17,17,35,94,94067,EUGENE RINGUET (R),48.83808,2.41719,Plein jour,En agglomération,Intersection en T,Normale,Deux véhicules - arrière,4,1,1,0,1,1,1,0,1,50,2,2,1,0,0,1,13.0,40.0,deux_roues,voiture,1,2,3,1,2
202000011570,2020-06-17 06:35:00,2020,6,17,6,35,94,94052,JACQUES KABLE (R),48.835597,2.492906,Plein jour,En agglomération,Hors intersection,Normale,Autre collision,3,2,2,0,1,1,1,0,1,50,1,2,1,0,0,1,61.0,,voiture,,1,2,1,1,6
202000011571,2020-06-17 11:15:00,2020,6,17,11,15,94,94065,CHARLES LINDBERGH (AV),48.753471,2.348994,Plein jour,En agglomération,Hors intersection,Normale,Sans collision,3,1,2,0,1,3,8,3,1,50,1,1,0,0,0,1,63.0,,deux_roues,,1,2,1,1,7
202000011572,2020-06-17 15:10:00,2020,6,17,15,10,94,94028,TASSIGNY(AVE DU MARECHAL DE LATTRE DE),48.795,2.459,Plein jour,En agglomération,Intersection en X,Normale,Deux véhicules - côté,3,2,2,1,1,1,1,6,1,50,2,2,1,0,1,0,33.0,57.0,voiture,deux_roues,1,2,2,1,3
202000011573,2020-06-17 15:30:00,2020,6,17,15,30,94,94028,CHERET(RUE ET IMPASSE),48.801,2.463,Plein jour,En agglomération,Hors intersection,Normale,Deux véhicules - côté,4,2,2,0,1,1,1,0,1,50,2,2,1,0,0,1,24.0,26.0,deux_roues,voiture,1,2,1,1,3
202000011574,2020-06-16 08:05:00,2020,6,16,8,5,94,94004,SUCY (R DE),48.75,2.5167,Plein jour,En agglomération,Hors intersection,Normale,Deux véhicules - arrière,3,2,1,0,1,1,1,0,8,50,2,2,1,0,0,1,21.0,35.0,voiture,voiture,1,2,1,1,2
202000011575,2020-06-16 20:10:00,2020,6,16,20,10,93,93066,"""SEMBAT MARCEL (BD), NR 2 A 66 ET 1 A 47",48.930288,2.3554732,Plein jour,En agglomération,Hors intersection,Pluie légère,Deux véhicules - côté,4,1,1,0,1,1,2,0,1,50,2,2,1,0,0,1,33.0,43.0,deux_roues,utilitaire_camion,1,2,1,2,3
202000011576,2020-06-15 18:00:00,2020,6,15,18,0,93,93053,PARIS (RUE DE),48.9005042,2.4524414,Plein jour,En agglomération,Hors intersection,Normale,Deux véhicules - arrière,3,2,4,0,1,1,1,9,1,50,2,2,1,0,1,0,47.0,32.0,deux_roues,voiture,1,2,1,1,2
202000011577,2020-06-17 14:25:00,2020,6,17,14,25,93,93029,R ANATOLE FRANCE,48.92898,2.45289,Plein jour,En agglomération,Hors intersection,Normale,Deux véhicules - côté,4,2,2,0,1,1,1,0,1,50,2,3,2,0,0,1,28.0,44.0,utilitaire_camion,utilitaire_camion,1,2,1,1,3
202000011578,2020-06-17 12:50:00,2020,6,17,12,50,93,93047,DANIEL PERDRIGE  (AVENUE),48.8912069,2.5585773,Plein jour,En agglomération,Hors intersection,Normale,Deux véhicules - arrière,4,2,2,0,1,1,1,0,1,30,2,2,1,0,0,1,53.0,39.0,voiture,transport_commun,1,2,1,1,2
202000011579,2020-06-17 19:30:00,2020,6,17,19,30,93,93001,R DES CITES ,48.907606,2.3878899,Plein jour,En agglomération,Hors intersection,Normale,Deux véhicules - côté,4,1,1,0,1,1,1,0,1,50,2,1,0,0,0,1,28.0,,autre,,1,2,1,1,3
202000011580,2020-06-17 09:00:00,2020,6,17,9,0,92,92062,GENERAL DE GAULLE (AV) DU 44 AU 106,48.886588,2.2307066,Plein jour,En agglomération,Hors intersection,Normale,Autre collision,3,1,3,1,1,1,1,0,1,50,1,2,1,0,0,1,30.0,,deux_roues,,1,2,1,1,6
202000011581,2020-06-01 21:40:00,2020,6,1,21,40,92,92050,VAILLANT COUTURIER PAUL RUE,48.8816748,2.2051905,Plein jour,En agglomération,Hors intersection,Normale,Deux véhicules - côté,3,-1,2,0,2,1,1,0,1,50,2,2,1,0,0,1,24.0,22.0,deux_roues,deux_roues,1,2,1,1,3
202000011582,2020-06-16 15:00:00,2020,6,16,15,0,92,92050,DEFENSE (BD DE LA),48.903601,2.219018,Plein jour,En agglomération,Hors intersection,Normale,Deux véhicules - arrière,3,1,3,0,1,1,1,0,1,50,2,2,1,0,1,0,47.0,16.0,utilitaire_camion,deux_roues,1,2,1,1,2
202000011583,2020-06-17 00:12:00,2020,6,17,0,12,92,92026,BOULEVARD CIRCULAIRE,48.8904381,2.2488338,Nuit avec éclairage allumé,En agglomération,Intersection en T,Normale,Deux véhicules - côté,3,-1,2,2,1,1,1,0,5,50,2,2,1,0,0,1,28.0,26.0,deux_roues,deux_roues,5,2,3,1,3
202000011584,2020-06-17 19:55:00,2020,6,17,19,55,92,92026,VERDUN (DE 01 A 61),48.8976697,2.2634939,Crépuscule ou aube,En agglomération,Hors intersection,Normale,Autre collision,3,2,2,0,1,1,1,0,4,50,1,2,1,0,0,1,17.0,,deux_roues,,2,2,1,1,6
202000011585,2020-06-17 12:45:00,2020,6,17,12,45,92,92023,GENERAL DE GAULLE (AV DU) N°130 A 340 ET,48.785359,2.251461,Plein jour,En agglomération,Hors intersection,Normale,Trois véhicules et plus - collisions multiples,3,2,3,0,1,1,1,0,1,50,3,4,3,0,1,0,30.0,85.0,voiture,voiture,1,2,1,1,5
202000011586,2020-06-17 14:25:00,2020,6,17,14,25,92,92012,COURS DE L'ILE SEGUIN,48.827287,2.233947,Plein jour,En agglomération,Hors intersection,Normale,Deux véhicules - côté,4,1,1,0,1,1,1,0,1,50,2,2,1,0,0,1,35.0,47.0,deux_roues,voiture,1,2,1,1,3
202000011587,2020-06-16 16:20:00,2020,6,16,16,20,35,35123,Rue de la Vigne Soriette,48.007964,-1.844066,Plein jour,En agglomération,Giratoire,Pluie forte,Sans collision,4,2,2,0,1,1,2,5,1,30,1,1,0,0,1,0,46.0,,deux_roues,,1,2,6,3,7
202000011588,2020-06-18 17:15:00,2020,6,18,17,15,51,51373,D58,48.6530455,4.6636295,Plein jour,Hors agglomération,Intersection en X,Normale,Deux véhicules - côté,3,2,2,0,1,1,1,0,3,80,2,2,0,0,1,1,37.0,22.0,voiture,voiture,1,1,2,1,3
202000011589,2020-06-13 18:15:00,2020,6,13,18,15,2A,2A211,PK 41,41.7832909,8.9660082,Plein jour,Hors agglomération,Hors intersection,Normale,Deux véhicules - côté,2,2,2,0,2,2,1,0,1,-1,2,2,1,0,0,1,42.0,60.0,voiture,deux_roues,1,1,1,1,3
202000011590,2020-06-18 17:20:00,2020,6,18,17,20,38,38536,D37,45.424446,4.918192,Plein jour,Hors agglomération,Hors intersection,Normale,,3,2,2,0,1,1,1,0,8,80,3,6,2,0,0,4,18.0,26.0,voiture,voiture,1,1,1,1,-1
202000011591,2020-06-17 13:20:00,2020,6,17,13,20,33,33205,D11,44.626175,-0.369394,Plein jour,Hors agglomération,Intersection en X,Pluie forte,Deux véhicules - côté,3,2,2,0,1,1,2,0,1,80,2,2,0,0,1,1,42.0,85.0,voiture,voiture,1,1,2,3,3
202000011592,2020-06-18 08:47:00,2020,6,18,8,47,44,44083,D61,46.9989,-1.606407,Plein jour,Hors agglomération,Hors intersection,Normale,Sans collision,3,2,2,0,1,1,1,0,3,80,1,1,0,0,0,1,44.0,,transport_commun,,1,1,1,1,7
202000011593,2020-06-17 07:50:00,2020,6,17,7,50,68,68007,D415,48.057276,7.435562,Plein jour,Hors agglomération,Intersection en T,Temps couvert,Deux véhicules - frontale,3,2,2,0,1,1,1,5,1,80,2,2,1,0,0,1,54.0,32.0,voiture,voiture,1,1,3,8,1
202000011594,2020-06-17 23:45:00,2020,6,17,23,45,62,62770,1368 Rue d'Aire,50.626499,2.531018,Nuit avec éclairage allumé,En agglomération,Hors intersection,Pluie légère,Autre collision,4,2,2,0,1,1,2,0,1,50,1,1,0,0,0,1,21.0,,voiture,,5,2,1,2,6
202000011595,2020-06-16 12:05:00,2020,6,16,12,5,66,66021,Route de Claira,42.7405016,2.9410918,Plein jour,Hors agglomération,Hors intersection,Normale,Deux véhicules - arrière,3,2,2,0,1,1,1,0,1,80,2,3,2,0,1,0,77.0,41.0,voiture,deux_roues,1,1,1,1,2
202000011596,2020-06-17 13:50:00,2020,6,17,13,50,2B,2B050,388 Residence Padulella,42.551753,8.76503,Plein jour,En agglomération,Hors intersection,Normale,Autre collision,2,2,2,0,1,1,1,0,1,50,1,2,1,0,0,1,61.0,,voiture,,1,2,1,1,6
202000011597,2020-06-17 10:40:00,2020,6,17,10,40,65,65099,D618,42.863316,0.401284,Plein jour,Hors agglomération,Hors intersection,Normale,Deux véhicules - arrière,3,2,2,0,1,1,1,0,1,80,2,2,1,0,1,0,70.0,66.0,voiture,voiture,1,1,1,1,2
202000011598,2020-06-16 20:30:00,2020,6,16,20,30,11,11397,26 Route Minervoise,43.210665,2.449914,Plein jour,En agglomération,Hors intersection,Pluie légère,Autre collision,3,2,2,0,1,1,2,0,4,50,1,1,0,0,1,0,16.0,,deux_roues,,1,2,1,2,6
202000011599,2020-06-18 17:49:00,2020,6,18,17,49,89,89460,D606,48.34216,3.052826,Plein jour,Hors agglomération,Hors intersection,Pluie légère,Sans collision,3,2,2,0,1,1,2,0,1,70,1,1,0,0,1,0,26.0,,deux_roues,,1,1,1,2,7
202000011600,2020-06-16 16:28:00,2020,6,16,16,28,47,47004,D813,44.274904,0.335748,Plein jour,Hors agglomération,Intersection en T,Normale,Deux véhicules - frontale,3,3,4,0,1,1,1,0,1,-1,2,2,0,0,0,2,21.0,35.0,voiture,voiture,1,1,3,1,1
202000011601,2020-06-18 11:15:00,2020,6,18,11,15,31,31374,D16,43.415538,1.641941,Plein jour,Hors agglomération,Hors intersection,Normale,Autre collision,3,2,2,0,1,1,1,0,3,80,1,1,0,0,1,0,82.0,,voiture,,1,1,1,1,6
202000011602,2020-06-18 17:50:00,2020,6,18,17,50,38,38099,La Valette et les Plantées,45.202839,5.28955,Plein jour,Hors agglomération,Hors intersection,Normale,Autre collision,4,2,1,0,1,1,1,0,1,80,1,1,0,0,1,0,12.0,,deux_roues,,1,1,1,1,6
202000011603,2020-06-18 14:10:00,2020,6,18,14,10,02,02528,D81,49.340196,3.099732,Plein jour,Hors agglomération,Intersection en X,Normale,Deux véhicules - côté,3,2,2,0,1,1,1,0,1,80,2,2,1,0,1,0,33.0,66.0,voiture,voiture,1,1,2,1,3
202000011604,2020-06-17 17:30:00,2020,6,17,17,30,03,03158,,46.4452164,2.6547834,Plein jour,Hors agglomération,Intersection en T,Normale,Deux véhicules - arrière,3,2,2,0,1,1,2,0,1,80,2,2,1,0,0,1,48.0,59.0,voiture,voiture,1,1,3,1,2
202000011605,2020-06-17 19:45:00,2020,6,17,19,45,72,72180,48 Rue Ledru Rollin,48.348802,0.370912,Plein jour,En agglomération,Intersection en X,Normale,Deux véhicules - côté,3,2,2,0,1,1,1,0,1,50,2,2,1,0,1,0,71.0,17.0,voiture,deux_roues,1,2,2,1,3
202000011606,2020-06-17 18:15:00,2020,6,17,18,15,05,05074,cd942,44.472915,6.07501,Plein jour,Hors agglomération,Hors intersection,Normale,Deux véhicules - arrière,3,2,2,0,1,1,1,0,1,80,2,2,1,0,0,1,36.0,31.0,voiture,voiture,1,1,1,1,2
202000011607,2020-06-16 22:00:00,2020,6,16,22,0,50,50480,D650,49.487977,-1.795637,Nuit sans éclairage public,Hors agglomération,Hors intersection,Normale,Sans collision,3,2,2,0,2,1,1,0,1,80,1,1,0,0,1,0,32.0,,voiture,,3,1,1,1,7
202000011608,2020-06-12 10:20:00,2020,6,12,10,20,40,40328,27 Route des Lacs,43.788546,-1.396487,Plein jour,En agglomération,Giratoire,Normale,Deux véhicules - arrière,3,-1,1,0,1,3,1,0,1,50,2,2,1,0,0,1,71.0,65.0,voiture,deux_roues,1,2,6,1,2
202000011609,2020-06-17 10:02:00,2020,6,17,10,2,85,85297,La Dune,46.36799,-1.22885,Plein jour,Hors agglomération,Hors intersection,Temps couvert,Autre collision,3,-1,2,0,1,1,1,0,3,80,1,1,0,1,0,0,61.0,,voiture,,1,1,1,8,6
202000011610,2020-05-24 22:00:00,2020,5,24,22,0,27,27226,D3,49.319468,1.635455,Crépuscule ou aube,Hors agglomération,Hors intersection,Normale,Trois véhicules et plus - collisions multiples,3,2,2,0,1,1,1,0,1,80,4,4,2,0,1,1,16.0,15.0,deux_roues,deux_roues,2,1,1,1,5
202000011611,2020-06-12 08:00:00,2020,6,12,8,0,01,01374,A40,46.086239,5.289187,Plein jour,Hors agglomération,Hors intersection,Normale,Deux véhicules - arrière,1,1,4,0,1,3,1,0,1,130,2,2,1,0,0,1,47.0,28.0,voiture,voiture,1,1,1,1,2
202000011612,2020-06-17 15:29:00,2020,6,17,15,29,74,74014,Route de Flaine,46.046548,6.616237,Plein jour,Hors agglomération,Autre intersection,Pluie légère,Deux véhicules - frontale,3,2,2,0,2,3,2,0,1,80,2,2,1,0,1,0,60.0,46.0,deux_roues,utilitaire_camion,1,1,9,2,1
202000011613,2020-06-18 09:30:00,2020,6,18,9,30,13,13040,CD6,43.479705,5.550778,Plein jour,Hors agglomération,Hors intersection,Normale,Deux véhicules - côté,3,2,2,0,1,1,1,0,1,80,2,2,1,0,1,0,65.0,42.0,voiture,deux_roues,1,1,1,1,3
202000011614,2020-06-18 02:00:00,2020,6,18,2,0,77,77171,16 Avenue Foch - D5,48.904783,2.812716,Nuit avec éclairage non allumé,En agglomération,Hors intersection,Normale,Autre collision,3,2,2,0,1,3,1,0,4,50,1,1,0,0,0,1,41.0,,voiture,,4,2,1,1,6
202000011615,2020-06-18 13:45:00,2020,6,18,13,45,77,77141,1 Route de Melun - D436,48.8652425,2.85501,Plein jour,En agglomération,Intersection en Y,Normale,Deux véhicules - arrière,3,2,0,0,2,1,1,0,1,50,2,1,0,0,1,0,40.0,,deux_roues,,1,2,4,1,2
202000011616,2020-06-18 17:09:00,2020,6,18,17,9,83,83081,Route de Grasse,43.623805,6.822102,Plein jour,Hors agglomération,Hors intersection,Normale,Deux véhicules - frontale,3,2,2,0,2,3,1,0,1,80,2,2,1,0,1,0,69.0,40.0,voiture,deux_roues,1,1,1,1,1
202000011617,2020-06-18 17:55:00,2020,6,18,17,55,13,13022,route départementale 559,43.21452,5.578732,Plein jour,Hors agglomération,Hors intersection,Normale,Deux véhicules - frontale,3,2,2,0,2,2,1,0,1,80,2,2,0,0,1,1,32.0,68.0,voiture,deux_roues,1,1,1,1,1
202000011618,2020-06-17 15:40:00,2020,6,17,15,40,26,26332,A7,45.205271,4.875473,Plein jour,Hors agglomération,Hors intersection,Normale,Autre collision,1,3,3,0,2,3,1,0,2,130,1,2,1,0,0,1,67.0,,voiture,,1,1,1,1,6
202000011619,2020-06-18 16:45:00,2020,6,18,16,45,68,68247,D13b1,47.918117,6.951566,Plein jour,Hors agglomération,Hors intersection,Normale,Sans collision,3,2,2,0,2,3,1,0,1,70,1,1,0,0,0,1,24.0,,deux_roues,,1,1,1,1,7
202000011620,2020-06-17 16:30:00,2020,6,17,16,30,88,88031,RD16,48.347447,5.850955,Plein jour,Hors agglomération,Hors intersection,Normale,Deux véhicules - frontale,3,2,2,0,2,3,1,0,1,80,2,3,0,0,2,1,20.0,49.0,voiture,voiture,1,1,1,1,1
202000011621,2020-06-17 22:15:00,2020,6,17,22,15,38,38236,932 Route de Saint-roch,45.418903,5.696748,Nuit sans éclairage public,En agglomération,Hors intersection,Normale,Sans collision,3,2,2,0,1,1,1,0,1,50,1,1,0,0,1,0,24.0,,deux_roues,,3,2,1,1,7
202000011622,2020-06-17 16:25:00,2020,6,17,16,25,79,79189,Route de Poitiers,46.42255,-0.166726,Plein jour,Hors agglomération,Intersection en Y,Normale,Autre collision,3,2,3,1,2,2,1,0,3,90,1,2,0,0,0,2,28.0,,utilitaire_camion,,1,1,4,1,6
202000011623,2020-06-18 19:00:00,2020,6,18,19,0,60,60041,Bailleul-sur-Thérain,49.3814091,2.2287394,Plein jour,En agglomération,Autre intersection,Normale,Sans collision,3,2,2,1,1,2,1,0,1,70,1,2,0,0,0,2,53.0,,deux_roues,,1,2,9,1,7
202000011624,2020-06-18 12:15:00,2020,6,18,12,15,59,59087,Rue d'Aire,50.6676508,2.4576551,Plein jour,Hors agglomération,Intersection en X,Normale,Deux véhicules - côté,3,2,2,0,1,1,1,0,1,80,2,2,0,1,0,1,32.0,77.0,deux_roues,utilitaire_camion,1,1,2,1,3
202000011625,2020-06-17 22:00:00,2020,6,17,22,0,59,59034,D 549,50.531486,3.091465,Nuit sans éclairage public,Hors agglomération,Hors intersection,Pluie légère,Deux véhicules - côté,3,2,2,0,2,1,2,0,1,70,2,2,0,0,1,1,59.0,33.0,voiture,voiture,3,1,1,2,3
202000011626,2020-06-17 01:20:00,2020,6,17,1,20,92,92050,A14,48.901,2.2065,Nuit avec éclairage allumé,Hors agglomération,Hors intersection,Normale,Deux véhicules - arrière,1,1,2,0,2,1,1,1,1,70,2,3,2,0,0,1,21.0,31.0,voiture,voiture,5,1,1,1,2
202000011627,2020-06-16 02:30:00,2020,6,16,2,30,92,92048,N118,48.7889,2.2214,Nuit avec éclairage allumé,Hors agglomération,Hors intersection,Normale,Deux véhicules - arrière,2,-1,3,0,1,1,1,9,1,90,2,2,1,0,1,0,34.0,28.0,deux_roues,voiture,5,1,1,1,2
202000011628,2020-06-15 19:15:00,2020,6,15,19,15,92,92036,AUTOROUTE A86,48.93865,2.31062,Plein jour,Hors agglomération,Hors intersection,Normale,Deux véhicules - côté,1,3,3,0,1,3,1,0,1,90,2,3,2,0,0,1,43.0,28.0,deux_roues,deux_roues,1,1,1,1,3
202000011629,2020-06-15 15:30:00,2020,6,15,15,30,92,92036,AUTOROUTE A15,48.94537,2.2846,Plein jour,Hors agglomération,Hors intersection,Normale,Trois véhicules et plus - collisions multiples,1,3,4,0,1,3,1,2,1,110,3,3,2,0,0,1,56.0,54.0,utilitaire_camion,voiture,1,1,1,1,5
202000011630,2020-06-17 17:10:00,2020,6,17,17,10,75,75112,A4,48.825271,2.463846,Plein jour,Hors agglomération,Hors intersection,Normale,Trois véhicules et plus - collisions multiples,1,3,4,0,1,1,1,0,1,90,3,3,2,0,0,1,26.0,62.0,voiture,voiture,1,1,1,1,5
202000011631,2020-02-15 14:30:00,2020,2,15,14,30,62,62041,DE GAULLE ( BOULEVARD DU GENERAL ),50.286796,2.760889,Plein jour,En agglomération,Intersection en X,Normale,Deux véhicules - côté,4,3,4,0,2,3,1,0,1,50,2,3,1,0,0,2,21.0,19.0,deux_roues,voiture,1,2,2,1,3
202000011632,2020-02-26 19:10:00,2020,2,26,19,10,2A,2A004,NAPOLEON COURS APRES BEVERINI,41.9315487,8.7401005,Nuit avec éclairage allumé,En agglomération,Passage à niveau,Vent fort / tempête,Deux véhicules - côté,2,1,3,0,1,2,1,4,1,50,2,3,2,0,0,1,18.0,46.0,deux_roues,voiture,5,2,8,6,3
202000011633,2020-06-15 11:20:00,2020,6,15,11,20,974,97411,LATTRE DE TASSIGNY (AVENUE MARECHAL DE),-20.8908,55.47974,Plein jour,En agglomération,Hors intersection,Normale,Deux véhicules - arrière,4,2,1,0,1,1,1,0,1,50,2,3,2,0,0,1,24.0,43.0,voiture,voiture,1,2,1,1,2
202000011634,2020-06-15 18:00:00,2020,6,15,18,0,974,97411,MACE (CHEMIN GABRIEL),-20.9164,55.503,Nuit avec éclairage non allumé,En agglomération,Hors intersection,Normale,Autre collision,4,2,2,0,1,1,1,0,1,50,1,2,0,0,1,1,43.0,,deux_roues,,4,2,1,1,6
202000011635,2020-06-15 17:13:00,2020,6,15,17,13,974,97407,MARINE(BOULEVARD),-20.94989,55.28719,Plein jour,Hors agglomération,Giratoire,Normale,Deux véhicules - côté,4,2,2,1,1,1,1,0,5,50,2,2,1,0,0,1,25.0,59.0,voiture,deux_roues,1,1,6,1,3
202000011636,2020-06-16 08:50:00,2020,6,16,8,50,973,97302,CATAYEE (JUSTIN),4.938216,-52.3303163,Plein jour,En agglomération,Hors intersection,Normale,Autre collision,4,2,1,0,1,1,1,0,1,50,1,3,1,0,0,2,16.0,,deux_roues,,1,2,1,1,6
202000011637,2020-06-16 12:50:00,2020,6,16,12,50,69,69259,JODINO (DE)                         (BD),45.6921,4.8872,Plein jour,En agglomération,Hors intersection,Normale,Deux véhicules - côté,3,-1,2,0,1,1,1,0,1,70,2,2,1,0,0,1,30.0,34.0,deux_roues,voiture,1,2,1,1,3
202000011638,2020-06-15 10:10:00,2020,6,15,10,10,972,97213,PIERRE ZOBDA QUITMAN (RUE),14.61119,-61.00149,Plein jour,En agglomération,Hors intersection,Normale,Sans collision,4,2,1,0,1,1,1,0,1,50,1,2,1,0,0,1,55.0,,voiture,,1,2,1,1,7
202000011639,2020-06-11 18:00:00,2020,6,11,18,0,972,97213,ROUTE NATIONALE 1,14.62327,-60.98898,Plein jour,En agglomération,Autre intersection,Normale,Deux véhicules - arrière,2,-1,2,0,1,2,1,5,1,50,2,2,1,0,0,1,34.0,65.0,voiture,transport_commun,1,2,9,1,2
202000011640,2020-06-15 19:35:00,2020,6,15,19,35,972,97213,LA TREIZE (CHEMIN),14.6463,-61.0224,Nuit avec éclairage non allumé,En agglomération,Hors intersection,Normale,Sans collision,4,-1,2,0,2,3,1,0,1,50,1,1,0,0,0,1,46.0,,voiture,,4,2,1,1,7
202000011641,2020-06-15 08:20:00,2020,6,15,8,20,972,97213,VIEUX CHEMIN CALIFORNIE (RUE DU),14.621,-61.0298,Plein jour,En agglomération,Hors intersection,Normale,Deux véhicules - côté,3,2,2,0,4,1,1,0,1,50,2,2,1,0,0,1,36.0,43.0,deux_roues,voiture,1,2,1,1,3
202000011642,2020-06-16 08:30:00,2020,6,16,8,30,972,97209,AUTOROUTE (A1),14.61489,-61.04574,Plein jour,Hors agglomération,Hors intersection,Normale,Trois véhicules et plus - en chaîne,1,3,3,0,2,1,1,0,1,90,3,3,2,0,0,1,55.0,66.0,voiture,voiture,1,1,1,1,4
202000011643,2020-06-15 01:45:00,2020,6,15,1,45,972,97209,MORNE MORISSOT (RUE DU),14.62152,-61.04307,Nuit avec éclairage allumé,En agglomération,Intersection en Y,Normale,Autre collision,3,2,2,0,1,1,1,0,1,50,1,2,1,0,1,0,27.0,,voiture,,5,2,4,1,6
202000011644,2020-06-16 08:50:00,2020,6,16,8,50,69,69034,GEORGES CLEMENCEAU                  (QU),45.7892,4.81988,Plein jour,En agglomération,Intersection en T,Normale,Deux véhicules - côté,4,2,2,0,1,1,1,0,1,50,2,2,1,0,0,1,29.0,31.0,voiture,deux_roues,1,2,3,1,3
202000011645,2020-06-15 03:50:00,2020,6,15,3,50,69,69385,CHOULANS (DE)                       (CH),45.7534,4.817,Nuit avec éclairage allumé,En agglomération,Hors intersection,Normale,Autre collision,4,3,4,0,2,1,1,0,1,50,1,4,2,0,1,1,24.0,,voiture,,5,2,1,1,6
202000011646,2020-06-16 09:36:00,2020,6,16,9,36,2A,2A004,VITTULO ROUTE DU,41.9313136,8.7221917,Plein jour,Hors agglomération,Hors intersection,Normale,Deux véhicules - côté,3,2,2,0,1,3,1,0,1,50,2,3,2,0,0,1,24.0,45.0,utilitaire_camion,utilitaire_camion,1,1,1,1,3
202000011647,2020-06-16 15:00:00,2020,6,16,15,0,91,91589,DE GAULLE  (AVENUE CHARLES),48.70532,2.3411,Plein jour,En agglomération,Intersection en X,Normale,Deux véhicules - côté,4,1,2,0,1,1,1,0,1,50,2,2,1,0,0,1,26.0,50.0,utilitaire_camion,utilitaire_camion,1,2,2,1,3
202000011648,2020-06-12 11:40:00,2020,6,12,11,40,83,83034,RUE DES 3 PINS,43.10714,6.051923,Plein jour,Hors agglomération,Hors intersection,Normale,Autre collision,4,2,2,1,1,1,1,0,1,70,1,2,1,0,1,0,30.0,,voiture,,1,1,1,1,6
202000011649,2020-06-16 10:00:00,2020,6,16,10,0,83,83069,GODILLOT  ( AVENUE ALEXIS ),43.11132,6.12401,Plein jour,En agglomération,Hors intersection,Normale,Autre collision,4,2,2,0,1,1,1,0,1,50,1,2,1,0,0,1,89.0,,voiture,,1,2,1,1,6
202000011650,2020-06-16 21:10:00,2020,6,16,21,10,78,78440,JEAN DE LA FONTAINE (RUE),48.979404,1.914872,Plein jour,En agglomération,Hors intersection,Normale,Autre collision,4,1,1,0,1,1,1,0,1,50,1,2,1,0,0,1,19.0,,voiture,,1,2,1,1,6
202000011651,2020-06-16 13:10:00,2020,6,16,13,10,78,78440,AMPERE (RUE),48.998917,1.916308,Plein jour,En agglomération,Autre intersection,Normale,Deux véhicules - côté,3,1,1,0,1,1,1,9,1,50,2,4,3,0,0,1,84.0,41.0,voiture,voiture,1,2,9,1,3
202000011652,2020-06-15 08:15:00,2020,6,15,8,15,78,78362,RUE JEAN JAOUEN,48.98709,1.70619,Plein jour,En agglomération,Intersection en X,Temps couvert,Autre collision,3,2,3,0,1,1,1,0,1,50,1,15,0,0,0,15,28.0,,transport_commun,,1,2,2,8,6
202000011653,2020-06-15 17:30:00,2020,6,15,17,30,77,77438,D934,48.8667,2.6833,Plein jour,Hors agglomération,Hors intersection,Normale,Sans collision,3,3,0,0,1,1,1,0,3,90,1,1,0,0,0,1,42.0,,voiture,,1,1,1,1,7
202000011654,2020-05-05 19:10:00,2020,5,5,19,10,76,76231,SAUSSAYE. RUE DE LA,49.27166,0.99709,Plein jour,En agglomération,Hors intersection,Normale,Deux véhicules - côté,3,2,2,0,2,1,1,0,1,50,2,2,1,0,0,1,32.0,60.0,voiture,voiture,1,2,1,1,3
202000011655,2020-05-23 11:15:00,2020,5,23,11,15,76,76575,PARIS. RUE DE,49.39729,1.10317,Plein jour,En agglomération,Intersection en T,Normale,Autre collision,3,2,2,0,1,1,1,-1,1,50,1,2,1,0,1,0,33.0,,voiture,,1,2,3,1,6
202000011656,2020-06-15 18:45:00,2020,6,15,18,45,71,71306,DE LATTRE DE TASSIGNY (BLD DU MARECHAL),46.677242,4.3687394,Plein jour,En agglomération,Hors intersection,Normale,Deux véhicules - côté,3,2,3,0,1,1,1,0,1,50,2,2,1,0,0,1,91.0,18.0,voiture,deux_roues,1,2,1,1,3