accident_id,datetime,annee,mois,jour,heure,minute,departement,commune_insee,adresse,latitude,longitude,luminosite,agglomeration,intersection,meteo,collision,catr,circ,nbv,vosp,prof,plan,surf,infra,situ,vma,nb_vehicules,nb_usagers,nb_indemnes,nb_tues,nb_blesses_hosp,nb_blesses_legers,age_cond_1,age_cond_2,veh_type_cond_1,veh_type_cond_2,lum_code,agg_code,int_code,atm_code,col_code
202000011657,2020-06-15 18:20:00,2020,6,15,18,20,71,71153,MARTYRS DE LA LIBERATION (RUE DES),46.8060699,4.4394475,Plein jour,En agglomération,Hors intersection,Normale,Sans collision,4,2,2,0,1,1,1,0,1,50,1,1,0,0,0,1,50.0,,deux_roues,,1,2,1,1,7
202000011658,2020-06-15 21:50:00,2020,6,15,21,50,71,71059,CREUSOT (RUE DU),46.8036743,4.4684478,Crépuscule ou aube,En agglomération,Hors intersection,Normale,Deux véhicules - arrière,3,2,2,0,1,1,1,9,1,30,2,2,1,0,0,1,15.0,15.0,deux_roues,deux_roues,2,2,1,1,2
202000011659,2020-06-13 22:52:00,2020,6,13,22,52,67,67482,GENERAL DE GAULLE (AVENUE DU),48.57876,7.76962,Nuit avec éclairage allumé,En agglomération,Hors intersection,Normale,Deux véhicules - côté,4,2,2,0,1,1,1,0,1,50,2,2,1,0,1,0,35.0,38.0,deux_roues,voiture,5,2,1,1,3
202000011660,2020-06-12 18:45:00,2020,6,12,18,45,66,66136,CLEMENCEAU (BOULEVARD),42.69918,2.88856,Plein jour,En agglomération,Hors intersection,Normale,Deux véhicules - arrière,4,2,3,0,1,1,1,0,1,50,2,2,1,0,0,1,14.0,70.0,deux_roues,voiture,1,2,1,1,2
202000011661,2020-06-15 16:06:00,2020,6,15,16,6,65,65440,PYRENEES (RUE DES),43.23225,0.07058,Plein jour,En agglomération,Intersection en X,Normale,Deux véhicules - côté,4,-1,2,0,1,2,1,0,8,50,2,2,1,0,1,0,20.0,22.0,deux_roues,voiture,1,2,2,1,3
202000011662,2020-06-13 19:25:00,2020,6,13,19,25,64,64122,23 avenue du Golf,43.4881698,-1.5488128,Plein jour,En agglomération,Autre intersection,Normale,Deux véhicules - côté,4,-1,0,0,1,1,1,0,1,30,2,2,1,0,0,1,20.0,16.0,voiture,deux_roues,1,2,9,1,3
202000011663,2020-06-12 17:00:00,2020,6,12,17,0,64,64122,GENERAL MAC CROSKEY (AV DU),43.49258,-1.54743,Plein jour,En agglomération,Hors intersection,Normale,Deux véhicules - côté,4,2,2,0,1,1,1,0,1,30,2,2,1,0,0,1,27.0,14.0,voiture,deux_roues,1,2,1,1,3
202000011664,2020-06-16 11:10:00,2020,6,16,11,10,64,64102,LASSEGUETTE (CHEMIN DE),43.48092,-1.48056,Plein jour,En agglomération,Hors intersection,Normale,Deux véhicules - côté,4,2,2,0,1,2,1,0,1,50,2,2,1,0,0,1,54.0,68.0,deux_roues,voiture,1,2,1,1,3
202000011665,2020-06-16 06:55:00,2020,6,16,6,55,64,64140,DUVERT (RUE RENE),43.5234,-1.4901,Crépuscule ou aube,En agglomération,Intersection en T,Pluie légère,Deux véhicules - côté,4,2,2,0,1,1,2,0,1,50,2,2,1,0,0,1,40.0,30.0,voiture,voiture,2,2,3,2,3
202000011666,2020-06-09 20:37:00,2020,6,9,20,37,63,63113,VIVIANI /Busséol,45.81037,3.11995,Plein jour,En agglomération,Intersection en T,Normale,Deux véhicules - frontale,4,-1,3,1,1,1,1,9,1,50,2,2,1,0,1,0,23.0,41.0,deux_roues,voiture,1,2,3,1,1
202000011667,2020-06-15 18:00:00,2020,6,15,18,0,63,63113,JOUHAUX (BD LEON),45.791556,3.1150291,Plein jour,En agglomération,Hors intersection,Normale,Autre collision,4,3,4,0,1,1,1,0,1,50,1,2,1,0,1,0,39.0,,deux_roues,,1,2,1,1,6
202000011668,2020-05-25 17:00:00,2020,5,25,17,0,62,62413,2° VOIE (CHE. DE LA),50.4457,2.88365,Plein jour,En agglomération,Hors intersection,Normale,Autre collision,4,2,2,0,1,1,1,0,3,30,1,2,1,0,1,0,34.0,,voiture,,1,2,1,1,6
202000011669,2020-06-16 13:59:00,2020,6,16,13,59,51,51454,Avenue de Champagne,49.2341095,4.0396185,Plein jour,En agglomération,Intersection en T,Normale,Deux véhicules - côté,1,1,2,0,2,1,1,3,1,50,2,3,2,0,0,1,23.0,19.0,voiture,voiture,1,2,3,1,3
202000011670,2020-06-12 20:40:00,2020,6,12,20,40,50,50129,PLYMOUTH (AVENUE DE),49.62986,-1.6229,Plein jour,En agglomération,Hors intersection,Normale,,4,2,2,2,2,1,2,0,1,50,2,1,0,0,1,0,20.0,,deux_roues,,1,2,1,1,-1
202000011671,2020-06-14 02:25:00,2020,6,14,2,25,49,49007,VOLNEY,47.46059,-0.53793,Nuit sans éclairage public,En agglomération,Hors intersection,Normale,Deux véhicules - arrière,4,2,2,0,1,1,1,0,1,60,2,2,1,0,0,1,40.0,19.0,voiture,voiture,3,2,1,1,2
202000011672,2020-06-13 13:47:00,2020,6,13,13,47,49,49007,PASTEUR AVENUE,47.47233,-0.54104,Plein jour,En agglomération,Hors intersection,Normale,Deux véhicules - côté,4,2,2,0,1,1,2,0,1,60,2,2,1,0,0,1,38.0,20.0,voiture,deux_roues,1,2,1,1,3
202000011673,2020-06-14 19:45:00,2020,6,14,19,45,49,49007,ALLAIS(MADELEINE),47.45575,-0.51736,Plein jour,En agglomération,Hors intersection,Normale,Sans collision,4,2,2,0,1,1,1,0,1,60,1,1,0,0,0,1,53.0,,voiture,,1,2,1,1,7
202000011674,2020-06-16 06:45:00,2020,6,16,6,45,35,35238,RN136,48.12346,-1.71841,Plein jour,Hors agglomération,Hors intersection,Pluie légère,Autre collision,2,3,1,0,2,2,2,3,1,30,1,1,0,0,0,1,47.0,,deux_roues,,1,1,1,2,6
202000011675,2020-06-15 19:15:00,2020,6,15,19,15,33,33529,PARC DES EXPOSITIONS (Ave du),44.61052,-1.11975,Plein jour,En agglomération,Intersection en T,Normale,Deux véhicules - côté,4,2,2,0,1,1,1,0,1,50,2,4,1,0,0,3,53.0,26.0,voiture,voiture,1,2,3,1,3
202000011676,2020-06-16 08:25:00,2020,6,16,8,25,32,32013,SADI-CARNOT (BOULEVARD),43.64059,0.58573,Plein jour,En agglomération,Hors intersection,Normale,Trois véhicules et plus - en chaîne,2,2,2,0,1,1,1,0,1,50,3,3,1,0,0,2,26.0,37.0,voiture,voiture,1,2,1,1,4
202000011677,2020-06-16 12:10:00,2020,6,16,12,10,30,30007,metallurgistes,44.14969,4.07957,Plein jour,En agglomération,Hors intersection,Normale,Deux véhicules - frontale,4,2,2,0,1,3,1,0,1,50,2,5,2,0,0,3,19.0,23.0,utilitaire_camion,utilitaire_camion,1,2,1,1,1
202000011678,2020-06-15 14:55:00,2020,6,15,14,55,28,28404,RD 828A,48.7193,1.349,Plein jour,Hors agglomération,Giratoire,Normale,Deux véhicules - côté,3,1,2,0,1,2,1,0,1,50,2,2,1,0,0,1,24.0,18.0,deux_roues,voiture,1,1,6,1,3
202000011679,2020-06-14 19:15:00,2020,6,14,19,15,27,27229,VAL ITON (RUE DU),49.0344,1.14898,Plein jour,En agglomération,Hors intersection,Normale,Autre collision,4,2,2,0,2,3,1,0,1,50,1,1,0,0,0,1,30.0,,voiture,,1,2,1,1,6
202000011680,2020-06-16 17:32:00,2020,6,16,17,32,17,17028,SALENGRO   AVENUE ROGER,46.13988,-1.13193,Plein jour,En agglomération,Hors intersection,Normale,Deux véhicules - côté,4,2,3,1,2,3,1,0,1,50,2,2,1,0,0,1,44.0,66.0,voiture,voiture,1,2,1,1,3
202000011681,2020-06-16 22:26:00,2020,6,16,22,26,13,13201,NATIONAL   1 A 51 (BOULEVARD),43.303487,5.385962,Nuit avec éclairage non allumé,En agglomération,Intersection en X,Normale,Deux véhicules - arrière,4,-1,2,0,1,1,1,2,1,50,2,1,0,0,0,1,20.0,,deux_roues,,4,2,2,1,2
202000011682,2020-06-16 18:00:00,2020,6,16,18,0,13,13211,SAINT MARCEL (BOULEVARD DE ),43.287621,5.46497,Plein jour,En agglomération,Hors intersection,Normale,Autre collision,3,2,2,0,1,1,1,0,1,50,1,2,1,0,0,1,22.0,,deux_roues,,1,2,1,1,6
202000011683,2020-06-16 16:55:00,2020,6,16,16,55,13,13215,BOSPHORE (BOULEVARD DU),43.3738781,5.365989,Plein jour,En agglomération,Hors intersection,Normale,Sans collision,4,-1,1,0,1,1,1,0,6,30,1,1,0,0,1,0,30.0,,deux_roues,,1,2,1,1,7
202000011684,2020-06-15 15:00:00,2020,6,15,15,0,13,13207,CAPITAINE DESSEMOND (RUE),43.289192,5.354573,Plein jour,En agglomération,Intersection en T,Normale,Autre collision,4,-1,1,0,1,1,1,0,1,50,1,2,1,0,1,0,29.0,,utilitaire_camion,,1,2,3,1,6
202000011685,2020-06-16 17:30:00,2020,6,16,17,30,13,13063,JACQUES MINET BOULEVARD,43.5762638,4.9988276,Plein jour,En agglomération,Hors intersection,Normale,Autre collision,6,-1,-1,0,1,1,1,9,8,15,1,2,1,0,0,1,25.0,,voiture,,1,2,1,1,6
202000011686,2020-06-16 21:20:00,2020,6,16,21,20,10,10387,JEAN MACE (RUE),48.2833,4.08191,Plein jour,En agglomération,Intersection en T,Normale,Deux véhicules - côté,7,1,1,0,1,1,1,0,1,50,2,2,1,0,1,0,43.0,24.0,deux_roues,voiture,1,2,3,1,3
202000011687,2020-06-15 18:00:00,2020,6,15,18,0,07,07008,D2 ( ROUTE DEPARTEMENTALE ),44.712698,4.635007,Plein jour,Hors agglomération,Hors intersection,Normale,Deux véhicules - côté,3,2,2,0,1,1,1,0,1,70,2,2,1,1,0,0,40.0,51.0,utilitaire_camion,deux_roues,1,1,1,1,3
202000011688,2020-06-16 19:45:00,2020,6,16,19,45,06,06029,PANTIERO (PROMENADE DE LA),43.55153,7.01648,Plein jour,En agglomération,Hors intersection,Normale,Deux véhicules - côté,4,2,2,0,1,1,1,0,1,50,2,2,1,0,0,1,26.0,49.0,deux_roues,voiture,1,2,1,1,3
202000011689,2020-06-14 17:10:00,2020,6,14,17,10,06,06123,FAHNESTOCK G. CORNICHE,43.67951,7.18349,Plein jour,Hors agglomération,Hors intersection,Normale,Deux véhicules - frontale,7,2,2,0,2,2,1,0,1,70,2,2,1,0,1,0,43.0,23.0,utilitaire_camion,deux_roues,1,1,1,1,1
202000011690,2020-06-15 18:10:00,2020,6,15,18,10,05,05061,D994,44.55768,6.05538,Plein jour,Hors agglomération,Giratoire,Normale,Deux véhicules - arrière,3,1,1,0,1,2,1,0,1,50,2,2,1,0,0,1,53.0,77.0,deux_roues,voiture,1,1,6,1,2
202000011691,2020-06-09 06:30:00,2020,6,9,6,30,05,05061,RAVELIN ( ROUTE DU ),44.57886,6.10105,Plein jour,En agglomération,Hors intersection,Normale,Autre collision,3,2,2,0,1,1,1,2,1,50,1,1,0,0,0,1,62.0,,voiture,,1,2,1,1,6
202000011692,2020-06-15 14:25:00,2020,6,15,14,25,05,05061,RD944,44.60467,6.11643,Plein jour,Hors agglomération,Hors intersection,Normale,Sans collision,3,2,2,0,2,3,1,0,3,80,1,3,0,0,0,3,62.0,,voiture,,1,1,1,1,7
202000011693,2020-06-15 17:05:00,2020,6,15,17,5,75,75120,BOULEVARD PERIPHERIQUE,48.850038,2.415327,Plein jour,En agglomération,Hors intersection,Normale,Deux véhicules - côté,4,1,4,0,1,1,1,0,1,70,2,3,1,0,0,2,21.0,30.0,utilitaire_camion,deux_roues,1,2,1,1,3
202000011694,2020-06-15 23:46:00,2020,6,15,23,46,75,75113,AVENUE D ITALIE,48.82884,2.356459,Nuit avec éclairage allumé,En agglomération,Hors intersection,Normale,Deux véhicules - côté,4,2,4,0,1,1,1,8,1,30,2,2,1,0,1,0,26.0,41.0,deux_roues,voiture,5,2,1,1,3
202000011695,2020-06-16 01:10:00,2020,6,16,1,10,75,75120,RUE D AVRON,48.853335,2.409691,Nuit avec éclairage allumé,En agglomération,Intersection en T,Normale,Autre collision,4,2,2,0,1,1,1,9,1,50,1,1,0,0,0,1,64.0,,voiture,,5,2,3,1,6
202000011696,2020-06-16 09:10:00,2020,6,16,9,10,75,75119,BOULEVARD MACDONALD,48.897638,2.385693,Plein jour,En agglomération,Intersection en X,Normale,Deux véhicules - côté,4,2,0,0,1,1,1,0,1,50,2,2,1,0,0,1,30.0,36.0,voiture,deux_roues,1,2,2,1,3
202000011697,2020-06-16 07:10:00,2020,6,16,7,10,75,75119,AVENUE JEAN JAURES,48.885922,2.382197,Plein jour,En agglomération,Intersection en X,Normale,Deux véhicules - côté,4,2,4,0,1,1,1,0,1,50,2,2,1,0,0,1,26.0,25.0,deux_roues,utilitaire_camion,1,2,2,1,3
202000011698,2020-06-16 12:00:00,2020,6,16,12,0,75,75118,RUE DU NORD,48.893091,2.350003,Plein jour,En agglomération,Hors intersection,Normale,Autre collision,4,1,1,0,1,1,1,0,1,30,1,3,2,0,0,1,25.0,,utilitaire_camion,,1,2,1,1,6
202000011699,2020-06-16 16:30:00,2020,6,16,16,30,75,75117,RUE CARDINET,48.888623,2.315664,Plein jour,En agglomération,Place,Normale,Deux véhicules - côté,4,3,2,0,1,1,1,0,1,50,2,2,0,0,0,2,18.0,38.0,deux_roues,deux_roues,1,2,7,1,3
202000011700,2020-06-16 13:00:00,2020,6,16,13,0,75,75117,AVENUE DE CLICHY,48.889365,2.32234,Plein jour,En agglomération,Intersection en T,Normale,Sans collision,4,2,2,0,2,1,1,0,1,50,1,1,0,0,0,1,54.0,,deux_roues,,1,2,3,1,7
202000011701,2020-06-16 08:15:00,2020,6,16,8,15,75,75117,RUE GUILLAUME TELL,48.884047,2.293629,Plein jour,En agglomération,Intersection en T,Temps couvert,Autre collision,4,1,1,0,1,1,1,0,1,30,1,2,1,0,0,1,35.0,,voiture,,1,2,3,8,6
202000011702,2020-06-15 08:55:00,2020,6,15,8,55,75,75114,AVENUE DENFERT ROCHEREAU,48.834545,2.332615,Plein jour,En agglomération,Place,Normale,Deux véhicules - côté,4,1,4,3,1,3,1,-1,6,50,2,2,1,0,0,1,51.0,67.0,deux_roues,utilitaire_camion,1,2,7,1,3
202000011703,2020-06-16 08:35:00,2020,6,16,8,35,75,75113,RUE DE TOLBIAC,48.825994,2.353638,Plein jour,En agglomération,Intersection en X,Temps couvert,Autre collision,4,2,2,0,1,1,1,0,1,30,1,2,1,0,0,1,51.0,,utilitaire_camion,,1,2,2,8,6
202000011704,2020-06-16 14:00:00,2020,6,16,14,0,75,75110,BOULEVARD DE MAGENTA,48.883613,2.34949,Plein jour,En agglomération,Intersection en X,Normale,Autre collision,4,1,2,1,1,1,1,0,1,50,1,2,1,0,0,1,50.0,,deux_roues,,1,2,2,1,6
202000011705,2020-06-16 14:10:00,2020,6,16,14,10,75,75109,BOULEVARD HAUSSMANN,48.873419,2.329698,Plein jour,En agglomération,Intersection en T,Normale,Deux véhicules - côté,4,1,3,3,1,1,1,-1,6,50,2,2,1,0,0,1,22.0,31.0,utilitaire_camion,deux_roues,1,2,3,1,3
202000011706,2020-06-16 13:50:00,2020,6,16,13,50,75,75107,RUE DE SOLFERINO,48.861127,2.324185,Plein jour,En agglomération,Intersection en X,Normale,Trois véhicules et plus - collisions multiples,4,2,2,0,1,1,1,0,1,50,3,3,2,0,0,1,24.0,38.0,utilitaire_camion,voiture,1,2,2,1,5
202000011707,2020-06-13 12:00:00,2020,6,13,12,0,75,75107,PORT DE SOLFERINO,48.862914,2.318807,Plein jour,En agglomération,Hors intersection,Normale,Autre collision,4,2,2,0,1,1,1,6,1,30,1,2,1,0,0,1,11.0,,deux_roues,,1,2,1,1,6
202000011708,2020-06-16 19:20:00,2020,6,16,19,20,75,75104,RUE SAINT PAUL,48.854128,2.362294,Plein jour,En agglomération,Intersection en T,Normale,Deux véhicules - côté,4,1,1,0,1,1,1,0,1,30,2,2,1,0,0,1,50.0,50.0,utilitaire_camion,deux_roues,1,2,3,1,3
202000011709,2020-06-16 15:45:00,2020,6,16,15,45,75,75104,QUAI DES CELESTINS,48.852354,2.36049,Plein jour,En agglomération,Intersection en T,Normale,Autre collision,4,2,6,1,1,1,1,-1,5,50,1,1,0,0,0,1,62.0,,deux_roues,,1,2,3,1,6
202000011710,2020-06-16 12:00:00,2020,6,16,12,0,94,94042,PRESIDENT WILSON (AV DU),48.817112,2.4771605,Plein jour,En agglomération,Hors intersection,Normale,,4,1,1,0,1,1,1,0,1,50,2,4,3,0,0,1,46.0,36.0,transport_commun,voiture,1,2,1,1,-1
202000011711,2020-06-16 08:35:00,2020,6,16,8,35,94,94046,PASTEUR (R),48.8007,2.43087,Plein jour,En agglomération,Intersection en Y,Normale,Deux véhicules - côté,3,2,2,0,1,1,1,0,1,50,2,2,1,0,0,1,21.0,21.0,deux_roues,voiture,1,2,4,1,3
202000011712,2020-06-16 18:10:00,2020,6,16,18,10,94,94041,PAUL VAILLANT COUTURIER (BD),48.81959,2.39617,Plein jour,En agglomération,Hors intersection,Normale,Deux véhicules - côté,3,2,4,3,1,1,1,0,6,50,2,2,1,0,0,1,34.0,29.0,voiture,deux_roues,1,2,1,1,3
202000011713,2020-06-15 12:00:00,2020,6,15,12,0,94,94041,GEORGES GOSNAT (AV),48.81433,2.39007,Plein jour,En agglomération,Hors intersection,Normale,Deux véhicules - frontale,3,2,4,0,3,1,1,2,1,50,2,2,1,0,0,1,52.0,54.0,deux_roues,voiture,1,2,1,1,1
202000011714,2020-06-16 17:10:00,2020,6,16,17,10,94,94021,FRANKLIN ROOSEVELT (AV),48.77081,2.362505,Plein jour,En agglomération,Hors intersection,Pluie légère,Trois véhicules et plus - en chaîne,3,2,2,0,1,1,2,0,1,50,3,5,3,0,0,2,62.0,46.0,voiture,voiture,1,2,1,2,4
202000011715,2020-06-16 17:00:00,2020,6,16,17,0,93,93070,DOCTEUR BAUER(RUE DU) :N° 1 AU 73,48.9095,2.3387,Plein jour,En agglomération,Hors intersection,Normale,Deux véhicules - frontale,3,2,2,0,1,1,1,8,8,50,2,2,1,0,0,1,24.0,72.0,voiture,autre,1,2,1,1,1
202000011716,2020-06-16 22:35:00,2020,6,16,22,35,93,93048,AV GABRIEL PERI / R CARNOT,48.85717,2.44118,Nuit avec éclairage allumé,En agglomération,Intersection en X,Normale,Deux véhicules - côté,3,2,2,1,1,1,1,5,1,50,2,2,1,0,0,1,47.0,37.0,utilitaire_camion,autre,5,2,2,1,3
202000011717,2020-06-16 14:15:00,2020,6,16,14,15,93,93048,PASTEUR S3 (AVENUE),48.86724,2.43474,Plein jour,En agglomération,Place,Normale,Autre collision,4,2,1,0,3,3,1,9,1,50,1,2,1,0,0,1,48.0,,utilitaire_camion,,1,2,7,1,6
202000011718,2020-06-16 14:55:00,2020,6,16,14,55,93,93030,LARIVIERE (RUE LOUIS),48.95363,2.41638,Plein jour,En agglomération,Intersection en X,Normale,Autre collision,3,2,2,0,1,1,1,0,1,50,1,2,1,0,0,1,83.0,,voiture,,1,2,2,1,6
202000011719,2020-06-16 10:15:00,2020,6,16,10,15,93,93001,BD FELIX FAURE ,48.90596,2.38072,Plein jour,En agglomération,Hors intersection,Normale,Autre collision,3,2,2,0,1,1,1,0,1,50,1,2,1,0,0,1,36.0,,voiture,,1,2,1,1,6
202000011720,2020-06-16 09:42:00,2020,6,16,9,42,92,92051,GENERAL KOENIG (BOULEVARD DU),48.8840613,2.2545941,Plein jour,En agglomération,Hors intersection,Normale,Deux véhicules - arrière,3,1,1,0,1,1,1,0,1,50,2,3,2,0,0,1,49.0,38.0,deux_roues,voiture,1,2,1,1,2
202000011721,2020-06-16 18:20:00,2020,6,16,18,20,92,92049,ARNOUX AVENUE MAURICE AUTRES N°,48.816993,2.311772,Plein jour,En agglomération,Hors intersection,Normale,Sans collision,3,1,2,1,1,1,1,0,1,50,1,1,0,0,0,1,39.0,,deux_roues,,1,2,1,1,7
202000011722,2020-06-16 10:50:00,2020,6,16,10,50,92,92048,MARECHAL JUIN (AVENUE DU),48.7861277,2.2215043,Plein jour,En agglomération,Intersection en T,Normale,Deux véhicules - côté,3,1,2,0,1,1,1,0,1,50,2,2,1,0,0,1,64.0,56.0,voiture,voiture,1,2,3,1,3
202000011723,2020-06-15 17:35:00,2020,6,15,17,35,92,92036,HECTOR BERLIOZ (RUE),48.929259,2.286468,Plein jour,En agglomération,Hors intersection,Normale,Autre collision,4,1,1,0,1,1,1,0,1,50,1,2,1,0,0,1,38.0,,voiture,,1,2,1,1,6
202000011724,2020-06-13 15:50:00,2020,6,13,15,50,92,92025,VALMY (BD DE),48.926116,2.253024,Plein jour,En agglomération,Intersection en T,Normale,Deux véhicules - frontale,3,2,2,0,1,1,1,0,1,50,2,2,1,0,0,1,34.0,40.0,deux_roues,voiture,1,2,3,1,1
202000011725,2020-06-15 23:00:00,2020,6,15,23,0,92,92023,GENERAL DE GAULLE (AV DU) N°130 A 340 ET,48.78344,2.24669,Nuit avec éclairage allumé,En agglomération,Intersection en X,Normale,Deux véhicules - côté,3,2,2,0,1,1,1,0,1,50,2,3,2,0,0,1,22.0,48.0,voiture,deux_roues,5,2,2,1,3
202000011726,2020-06-15 13:30:00,2020,6,15,13,30,92,92014,MARECHAL JOFFRE (BD DU) (43 A 97 - 58 A,48.7824491,2.3148188,Plein jour,En agglomération,Intersection en T,Normale,Autre collision,3,1,3,3,1,1,1,0,1,50,1,3,1,0,0,2,68.0,,voiture,,1,2,3,1,6
202000011727,2020-06-16 13:14:00,2020,6,16,13,14,37,37191,Le Moulin Neuf,46.9668636,0.3976916,Plein jour,Hors agglomération,Intersection en X,Pluie légère,Deux véhicules - côté,4,2,2,0,1,1,2,0,1,80,2,2,0,0,1,1,67.0,59.0,deux_roues,voiture,1,1,2,2,3
202000011728,2020-06-17 06:00:00,2020,6,17,6,0,08,08239,Route Rimbaud Verlaine,49.398155,4.363074,Crépuscule ou aube,Hors agglomération,Hors intersection,Normale,Sans collision,3,2,2,0,1,1,1,0,3,-1,1,1,0,0,1,0,48.0,,utilitaire_camion,,2,1,1,1,7
202000011729,2020-06-17 18:00:00,2020,6,17,18,0,62,62788,D204,50.693855,2.040281,Plein jour,Hors agglomération,Hors intersection,Pluie légère,Autre collision,3,2,2,0,1,1,2,0,8,80,1,1,0,1,0,0,41.0,,voiture,,1,1,1,2,6
202000011730,2020-06-14 22:50:00,2020,6,14,22,50,40,40065,2 Boulevard du Docteur Junqua,43.644053,-1.43253,Nuit avec éclairage allumé,En agglomération,Intersection en X,Normale,Deux véhicules - côté,4,2,2,0,1,1,1,0,1,50,2,2,1,0,1,0,45.0,17.0,voiture,deux_roues,5,2,2,1,3
202000011731,2020-06-17 00:05:00,2020,6,17,0,5,51,51048,La Poterne Hameau,49.1206256,3.8628422,Nuit sans éclairage public,Hors agglomération,Hors intersection,Normale,Sans collision,4,2,2,0,2,1,1,0,8,50,1,1,0,0,1,0,30.0,,voiture,,3,1,1,1,7
202000011732,2020-06-17 15:32:00,2020,6,17,15,32,11,11041,Route de Carcassonne,43.300718,2.874869,Plein jour,En agglomération,Hors intersection,Normale,Deux véhicules - frontale,3,2,2,0,1,3,1,0,1,50,2,3,0,1,0,2,81.0,88.0,voiture,voiture,1,2,1,1,1
202000011733,2020-06-14 17:15:00,2020,6,14,17,15,46,46063,Lieu Dit Montaudie,44.28969,1.360309,Plein jour,Hors agglomération,Hors intersection,Normale,Autre collision,3,2,2,0,2,2,1,0,8,80,1,1,0,1,0,0,54.0,,voiture,,1,1,1,1,6
202000011734,2020-05-16 15:00:00,2020,5,16,15,0,51,51515,MONTVELLOIS,49.0927143,4.5576387,Plein jour,Hors agglomération,Intersection en Y,Normale,Sans collision,9,-1,2,0,1,1,1,0,8,80,1,1,0,0,1,0,25.0,,deux_roues,,1,1,4,1,7
202000011735,2020-06-17 08:45:00,2020,6,17,8,45,74,74208,PLACE DE LA MAIRIE,45.923528,6.686018,Plein jour,En agglomération,Giratoire,Normale,Deux véhicules - côté,3,2,2,0,1,1,2,0,1,50,2,2,1,0,1,0,49.0,73.0,voiture,deux_roues,1,2,6,1,3
202000011736,2020-06-17 11:00:00,2020,6,17,11,0,76,76013,D17,49.772569,0.522929,Plein jour,Hors agglomération,Hors intersection,Normale,Autre collision,3,2,2,0,1,4,1,0,3,80,1,1,0,1,0,0,81.0,,voiture,,1,1,1,1,6
202000011737,2020-06-17 15:50:00,2020,6,17,15,50,2B,2B207,D206,42.463328,9.460731,Plein jour,Hors agglomération,Hors intersection,Normale,Deux véhicules - frontale,3,2,2,0,2,2,1,0,1,80,2,2,1,0,0,1,32.0,49.0,utilitaire_camion,deux_roues,1,1,1,1,1
202000011738,2020-06-17 14:20:00,2020,6,17,14,20,11,11209,D 118,42.96712,2.260271,Plein jour,Hors agglomération,Hors intersection,Normale,,3,2,2,0,1,2,1,0,3,70,2,3,0,0,1,2,37.0,43.0,voiture,utilitaire_camion,1,1,1,1,-1
202000011739,2020-06-17 09:00:00,2020,6,17,9,0,89,89246,D86,47.643389,3.968972,Plein jour,Hors agglomération,Hors intersection,Normale,Sans collision,3,2,2,0,4,2,1,2,3,80,1,1,0,0,1,0,64.0,,deux_roues,,1,1,1,1,7
202000011740,2020-06-16 05:26:00,2020,6,16,5,26,61,61457,Lieu Dit la Piltiere,48.778447,0.561526,Plein jour,Hors agglomération,Hors intersection,Normale,Autre collision,3,2,2,0,1,1,1,0,3,80,1,2,0,0,1,1,28.0,,utilitaire_camion,,1,1,1,1,6
202000011741,2020-06-16 18:50:00,2020,6,16,18,50,49,49050,Rue des Bouches d'Or,47.356073,-0.361401,Plein jour,Hors agglomération,Hors intersection,Pluie forte,Deux véhicules - frontale,4,2,1,0,1,2,2,0,1,80,2,2,1,0,1,0,15.0,53.0,deux_roues,voiture,1,1,1,3,1
202000011742,2020-06-16 23:45:00,2020,6,16,23,45,42,42197,Les Echaux,45.738488,4.048644,Nuit sans éclairage public,Hors agglomération,Hors intersection,Normale,Autre collision,3,2,2,0,1,1,1,0,3,80,1,1,0,1,0,0,90.0,,voiture,,3,1,1,1,6
202000011743,2020-06-17 13:15:00,2020,6,17,13,15,68,68235,D1b,47.990227,7.402767,Plein jour,Hors agglomération,Hors intersection,Pluie forte,Deux véhicules - frontale,3,2,2,0,1,3,2,0,1,80,2,3,0,0,1,2,21.0,60.0,voiture,voiture,1,1,1,3,1
202000011744,2020-06-15 11:00:00,2020,6,15,11,0,39,39189,Place du 1er Mai,47.070419,5.413705,Plein jour,En agglomération,Hors intersection,Normale,Autre collision,6,-1,-1,0,1,1,1,0,1,50,1,3,2,0,1,0,25.0,,utilitaire_camion,,1,2,1,1,6
202000011745,2020-05-24 17:27:00,2020,5,24,17,27,25,25537,D67,47.127805,6.123998,Plein jour,Hors agglomération,Hors intersection,Normale,Autre collision,3,2,2,0,2,2,1,0,3,80,1,1,0,0,1,0,55.0,,deux_roues,,1,1,1,1,6
202000011746,2020-06-16 19:00:00,2020,6,16,19,0,38,38269,Route de Grenoble,44.916589,5.784388,Plein jour,En agglomération,Hors intersection,Normale,Deux véhicules - côté,2,3,1,0,3,1,1,5,1,50,2,2,1,0,0,1,42.0,22.0,voiture,voiture,1,2,1,1,3
202000011747,2020-06-16 10:25:00,2020,6,16,10,25,02,02506,N2,49.295919,3.18743,Plein jour,Hors agglomération,Hors intersection,Normale,Autre collision,2,3,4,0,1,1,1,0,1,110,1,1,0,0,1,0,61.0,,utilitaire_camion,,1,1,1,1,6
202000011748,2020-06-16 12:00:00,2020,6,16,12,0,26,26339,D74,44.618104,4.796412,Plein jour,Hors agglomération,Intersection en T,Normale,Deux véhicules - côté,3,2,2,0,1,1,1,0,1,80,2,4,2,0,1,1,42.0,55.0,voiture,voiture,1,1,3,1,3
202000011749,2020-06-16 12:55:00,2020,6,16,12,55,06,06032,Route Moyenne Corniche,43.724667,7.39201,Plein jour,En agglomération,Intersection en Y,Normale,Deux véhicules - côté,7,3,2,0,2,1,1,5,1,50,2,2,1,0,0,1,37.0,31.0,deux_roues,voiture,1,2,4,1,3