accident_id,datetime,annee,mois,jour,heure,minute,departement,commune_insee,adresse,latitude,longitude,luminosite,agglomeration,intersection,meteo,collision,catr,circ,nbv,vosp,prof,plan,surf,infra,situ,vma,nb_vehicules,nb_usagers,nb_indemnes,nb_tues,nb_blesses_hosp,nb_blesses_legers,age_cond_1,age_cond_2,veh_type_cond_1,veh_type_cond_2,lum_code,agg_code,int_code,atm_code,col_code
202000011750,2020-06-17 19:45:00,2020,6,17,19,45,60,60003,D9,49.524137,2.169064,Plein jour,Hors agglomération,Hors intersection,Normale,Sans collision,3,2,2,0,1,1,1,0,3,80,1,1,0,0,0,1,18.0,,deux_roues,,1,1,1,1,7
202000011751,2020-06-16 15:20:00,2020,6,16,15,20,27,27056,Place de Verdun,49.087745,0.592575,Plein jour,En agglomération,Giratoire,Normale,Autre collision,4,1,1,0,1,2,1,0,8,50,1,2,1,0,0,1,57.0,,voiture,,1,2,6,1,6
202000011752,2020-06-16 15:50:00,2020,6,16,15,50,37,37203,Chemin de la Cholterie,47.410113,0.7423201,Plein jour,En agglomération,Intersection en X,Normale,Deux véhicules - côté,4,2,2,0,1,1,1,0,1,50,2,2,1,0,0,1,77.0,20.0,voiture,voiture,1,2,2,1,3
202000011753,2020-06-16 07:20:00,2020,6,16,7,20,52,52113,D160,47.727316,5.375319,Plein jour,Hors agglomération,Hors intersection,Normale,Deux véhicules - frontale,3,2,2,0,1,4,1,0,1,80,2,2,0,0,1,1,60.0,39.0,voiture,utilitaire_camion,1,1,1,1,1
202000011754,2020-06-12 20:55:00,2020,6,12,20,55,24,24212,Chemin du Bout des Pres,44.732219,0.604023,Crépuscule ou aube,En agglomération,Hors intersection,Normale,Autre collision,3,2,2,0,2,2,1,0,3,50,1,1,0,0,1,0,39.0,,voiture,,2,2,1,1,6
202000011755,2020-06-17 05:45:00,2020,6,17,5,45,68,68234,A 35,47.951058,7.365904,Crépuscule ou aube,Hors agglomération,Autre intersection,Temps couvert,Sans collision,1,1,1,0,1,3,1,3,3,50,1,5,2,0,1,2,31.0,,voiture,,2,1,9,8,7
202000011756,2020-10-12 09:20:00,2020,10,12,9,20,91,91377,GALVANI (RUE),48.7237,2.2697,Plein jour,En agglomération,Hors intersection,Normale,Autre collision,4,2,2,0,1,1,1,0,6,50,1,2,1,0,0,1,21.0,,deux_roues,,1,2,1,1,6
202000011757,2020-10-11 15:45:00,2020,10,11,15,45,87,87085,BELLAC (RUE DE),45.85537,1.24831,Plein jour,En agglomération,Hors intersection,Pluie légère,Deux véhicules - arrière,3,2,3,0,1,1,2,5,1,50,2,3,2,0,0,1,36.0,61.0,voiture,voiture,1,2,1,2,2
202000011758,2020-10-11 20:35:00,2020,10,11,20,35,86,86041,N147,46.61439,0.36619,Nuit sans éclairage public,Hors agglomération,Hors intersection,Autre,Deux véhicules - frontale,2,3,4,0,1,2,2,0,1,90,2,4,2,0,0,2,38.0,32.0,voiture,voiture,3,1,1,9,1
202000011759,2020-09-11 14:00:00,2020,9,11,14,0,85,85194,RUE DE LA PLAINE,46.49798,-1.76074,Plein jour,En agglomération,Hors intersection,Normale,Deux véhicules - frontale,4,2,-1,-1,1,3,1,0,1,-1,2,2,1,0,1,0,85.0,38.0,deux_roues,voiture,1,2,1,1,1
202000011760,2020-10-05 07:30:00,2020,10,5,7,30,85,85194,TABARLY (BOULEVARD ERIC),46.51425,-1.76848,Nuit avec éclairage allumé,En agglomération,Giratoire,Normale,Deux véhicules - côté,3,3,2,0,1,1,1,5,1,50,2,2,1,0,0,1,28.0,60.0,deux_roues,utilitaire_camion,5,2,6,1,3
202000011761,2020-10-05 11:10:00,2020,10,5,11,10,85,85194,Boulevard du Vendée Globe,46.50304,-1.75922,Plein jour,En agglomération,Hors intersection,Normale,Deux véhicules - frontale,4,2,2,0,1,1,1,0,1,50,2,2,1,0,1,0,26.0,50.0,voiture,deux_roues,1,2,1,1,1
202000011762,2020-10-11 22:03:00,2020,10,11,22,3,85,85194,RUE D OLONNE,46.52634,-1.74463,Nuit sans éclairage public,Hors agglomération,Intersection en T,Normale,Deux véhicules - côté,3,2,-1,0,1,1,1,0,1,80,2,2,0,0,1,1,18.0,24.0,deux_roues,voiture,3,1,3,1,3
202000011763,2020-10-12 15:50:00,2020,10,12,15,50,83,83069,BELGIQUE ( AVENUE DE ),43.12035,6.13173,Plein jour,En agglomération,Hors intersection,Normale,Autre collision,4,1,2,0,1,1,1,0,6,50,1,2,0,0,0,2,27.0,,deux_roues,,1,2,1,1,6
202000011764,2020-10-10 18:50:00,2020,10,10,18,50,80,80021,DEPARTEMENTALE 412 (ROUTE),49.92495,2.25569,Nuit sans éclairage public,En agglomération,Hors intersection,Pluie légère,Deux véhicules - frontale,3,2,2,0,1,2,2,0,1,50,2,4,1,0,0,3,22.0,31.0,voiture,voiture,3,2,1,2,1
202000011765,2020-10-10 18:00:00,2020,10,10,18,0,80,80489,VILLE IDEALE (AVENUE DE LA ),49.86804,2.37613,Plein jour,En agglomération,Hors intersection,Normale,Deux véhicules - arrière,4,1,1,0,1,1,1,0,1,50,2,2,1,0,0,1,62.0,19.0,voiture,voiture,1,2,1,1,2
202000011766,2020-10-10 17:45:00,2020,10,10,17,45,80,80021,VERDUN (RUE DE ),49.89439,2.30948,Plein jour,En agglomération,Hors intersection,Normale,Autre collision,4,2,2,0,1,1,1,0,4,50,1,2,1,0,0,1,24.0,,deux_roues,,1,2,1,1,6
202000011767,2020-10-10 19:40:00,2020,10,10,19,40,78,78646,GENERAL LECLERC (RUE DU),48.79898,2.12689,Nuit avec éclairage allumé,En agglomération,Hors intersection,Normale,Deux véhicules - côté,3,2,2,0,1,1,1,0,1,50,2,2,1,0,1,0,31.0,32.0,voiture,deux_roues,5,2,1,1,3
202000011768,2020-10-12 10:10:00,2020,10,12,10,10,78,78551,ROOSEVELT (DU PRESIDENT),48.90108,2.06292,Plein jour,En agglomération,Hors intersection,Normale,Trois véhicules et plus - en chaîne,2,1,2,1,1,1,2,0,1,45,3,3,1,0,0,2,22.0,19.0,voiture,voiture,1,2,1,1,4
202000011769,2020-10-07 18:50:00,2020,10,7,18,50,76,76498,BRUYERES. ROND POINT DES,49.41257,1.07259,Plein jour,En agglomération,Giratoire,Normale,Deux véhicules - côté,3,2,3,3,1,2,1,0,1,30,2,3,1,0,0,2,30.0,36.0,voiture,utilitaire_camion,1,2,6,1,3
202000011770,2020-10-09 16:45:00,2020,10,9,16,45,76,76351,VERDUN (RUE DE),49.50453,0.15163,Plein jour,En agglomération,Intersection en X,Normale,Deux véhicules - côté,4,2,2,0,1,1,1,0,1,50,2,3,1,0,0,2,18.0,36.0,deux_roues,voiture,1,2,2,1,3
202000011771,2020-10-10 20:17:00,2020,10,10,20,17,76,76351,DEMIDOFF (RUE),49.4972,0.1277,Nuit avec éclairage allumé,En agglomération,Passage à niveau,Pluie légère,Deux véhicules - côté,4,2,2,0,1,1,2,5,6,50,2,3,1,0,0,2,47.0,61.0,voiture,transport_commun,5,2,8,2,3
202000011772,2020-10-12 09:25:00,2020,10,12,9,25,72,72181,DEMORIEUX ENTRE PT CHEM DE FER ET HUISNE,47.993,0.18479,Plein jour,En agglomération,Giratoire,Normale,Deux véhicules - frontale,4,3,2,0,1,1,1,0,1,50,2,2,1,0,0,1,57.0,30.0,utilitaire_camion,deux_roues,1,2,6,1,1
202000011773,2020-10-11 00:00:00,2020,10,11,0,0,71,71059,COUCHES (ROUTE DE),46.8113805,4.4828775,Nuit avec éclairage allumé,En agglomération,Hors intersection,Normale,Autre collision,3,2,2,0,1,1,1,0,3,50,1,1,0,0,0,1,49.0,,utilitaire_camion,,5,2,1,1,6
202000011774,2020-10-09 11:05:00,2020,10,9,11,5,67,67482,CHATEAUROUX (RUE DE),48.5537,7.76764,Plein jour,En agglomération,Intersection en T,Normale,Deux véhicules - côté,4,2,2,0,1,3,1,0,1,50,2,2,1,0,0,1,38.0,57.0,voiture,deux_roues,1,2,3,1,3
202000011775,2020-10-11 09:37:00,2020,10,11,9,37,66,66136,FRANCE LIBRE (BOULEVARD DE LA),42.7054,2.90185,Plein jour,En agglomération,Giratoire,Normale,Deux véhicules - côté,4,1,1,0,1,3,1,0,1,50,2,2,1,0,0,1,75.0,57.0,deux_roues,voiture,1,2,6,1,3
202000011776,2020-10-10 20:17:00,2020,10,10,20,17,66,66136,ABBE PIERRE,42.69239,2.8795,Nuit avec éclairage allumé,En agglomération,Hors intersection,Normale,Autre collision,4,2,2,0,1,1,1,0,1,50,1,2,1,0,0,1,47.0,,voiture,,5,2,1,1,6
202000011777,2020-10-12 21:55:00,2020,10,12,21,55,64,64445,PIERRE MASSE,43.31473,-0.3573,Nuit avec éclairage allumé,En agglomération,Giratoire,Normale,Sans collision,4,-1,1,0,1,1,2,0,1,50,1,1,0,0,0,1,23.0,,voiture,,5,2,6,1,7
202000011778,2020-10-12 16:45:00,2020,10,12,16,45,64,64445,LARRIBAU,43.31798,-0.31837,Plein jour,En agglomération,Intersection en X,Normale,Deux véhicules - côté,4,2,2,0,1,1,1,0,1,50,2,3,2,0,0,1,76.0,52.0,voiture,voiture,1,2,2,1,3
202000011779,2020-10-12 11:10:00,2020,10,12,11,10,64,64122,BERGERIE (RUE DE LA ),43.48607,-1.55102,Plein jour,En agglomération,Intersection en T,Normale,,4,1,1,0,1,1,2,0,1,30,2,2,1,0,0,1,42.0,36.0,deux_roues,voiture,1,2,3,1,-1
202000011780,2020-10-11 14:10:00,2020,10,11,14,10,64,64102,SOULT (AVENUE MARECHAL),43.48511,-1.49428,Plein jour,En agglomération,Intersection en T,Temps couvert,Deux véhicules - arrière,3,2,4,3,3,1,2,0,1,50,2,4,3,0,0,1,42.0,32.0,utilitaire_camion,voiture,1,2,3,8,2
202000011781,2020-10-12 09:45:00,2020,10,12,9,45,61,61397,KOUTIALA (BOULEVARD),48.42253,0.08433,Plein jour,En agglomération,Hors intersection,Normale,Deux véhicules - côté,3,2,2,0,2,1,1,0,1,50,2,2,1,0,1,0,24.0,17.0,utilitaire_camion,deux_roues,1,2,1,1,3
202000011782,2020-10-11 08:00:00,2020,10,11,8,0,59,59166,RD 659,50.32488,3.5977,Crépuscule ou aube,Hors agglomération,Hors intersection,Normale,Autre collision,3,3,2,0,1,3,2,0,1,110,1,1,0,1,0,0,29.0,,voiture,,2,1,1,1,6
202000011783,2020-10-08 17:10:00,2020,10,8,17,10,59,59339,LYS (RUE DE),50.6788,3.2377,Plein jour,En agglomération,Hors intersection,Pluie légère,Autre collision,7,2,2,0,1,1,2,0,1,50,1,2,1,0,0,1,23.0,,voiture,,1,2,1,2,6
202000011784,2020-10-12 22:55:00,2020,10,12,22,55,59,59507,LECLERCQ AVENUE DU GENERAL.,50.59424,3.08327,Nuit avec éclairage allumé,En agglomération,Hors intersection,Normale,Sans collision,7,2,2,1,1,1,1,0,3,50,1,1,0,0,1,0,45.0,,voiture,,5,2,1,1,7
202000011785,2020-10-09 17:30:00,2020,10,9,17,30,59,59486,NATIONALE (RUE),50.42861,3.13967,Plein jour,Hors agglomération,Intersection en T,Normale,Deux véhicules - côté,3,2,2,0,2,1,1,0,1,80,2,3,2,0,1,0,53.0,22.0,voiture,deux_roues,1,1,3,1,3
202000011786,2020-10-11 15:50:00,2020,10,11,15,50,56,56107,LE PORT (ROGER BOULEVARD),47.71699,-3.37325,Plein jour,En agglomération,Giratoire,Normale,Deux véhicules - côté,4,2,2,0,1,1,1,5,1,50,2,3,1,0,0,2,62.0,88.0,voiture,voiture,1,2,6,1,3
202000011787,2020-10-11 09:40:00,2020,10,11,9,40,56,56098,LANN-SEVELIN (ROND POINT DE),47.77824,-3.3452,Plein jour,En agglomération,Giratoire,Temps éblouissant,Deux véhicules - côté,4,1,3,0,1,2,1,5,5,50,2,2,1,0,0,1,81.0,80.0,deux_roues,voiture,1,2,6,7,3
202000011788,2020-10-10 23:45:00,2020,10,10,23,45,56,56185,RN 165,47.7711,-3.38095,Nuit avec éclairage non allumé,Hors agglomération,Hors intersection,Pluie légère,Autre collision,2,3,4,0,1,1,2,0,2,90,1,1,0,0,0,1,71.0,,voiture,,4,1,1,2,6
202000011789,2020-10-10 20:40:00,2020,10,10,20,40,56,56121,IRLANDE (ROND-POINT),47.75168,-3.36935,Nuit avec éclairage allumé,En agglomération,Giratoire,Normale,Deux véhicules - côté,4,1,1,0,1,1,1,5,1,50,2,3,1,0,1,1,73.0,17.0,voiture,deux_roues,5,2,6,1,3
202000011790,2020-10-10 13:25:00,2020,10,10,13,25,56,56121,Route Départementale 465 Desserte Portuaire,47.73724,-3.3781,Plein jour,Hors agglomération,Hors intersection,Normale,Autre collision,3,2,2,0,1,1,1,0,3,70,1,1,0,0,0,1,50.0,,voiture,,1,1,1,1,6
202000011791,2020-10-09 12:00:00,2020,10,9,12,0,54,54323,PARC (RUE DU),49.5173,5.7673,Plein jour,En agglomération,Intersection en Y,Pluie forte,Autre collision,4,1,1,0,2,1,2,0,1,30,1,2,1,0,0,1,34.0,,voiture,,1,2,4,3,6
202000011792,2020-10-09 07:45:00,2020,10,9,7,45,54,54323,rd918,49.523709,5.764391,Nuit avec éclairage non allumé,En agglomération,Hors intersection,Pluie légère,Autre collision,3,2,2,0,1,1,2,0,1,30,1,2,1,0,0,1,32.0,,voiture,,4,2,1,2,6
202000011793,2020-10-11 02:40:00,2020,10,11,2,40,51,51454,Rue Jean Jacques Rousseau,49.257901,4.0341222,Nuit sans éclairage public,En agglomération,Hors intersection,Pluie légère,Sans collision,4,2,2,0,1,1,2,0,1,50,1,3,1,0,0,2,27.0,,voiture,,3,2,1,2,7
202000011794,2020-10-10 17:00:00,2020,10,10,17,0,49,49267,A87N,47.48017,-0.49975,Plein jour,En agglomération,Hors intersection,Normale,Deux véhicules - côté,1,-1,4,0,1,1,1,0,1,90,2,2,1,0,0,1,19.0,56.0,voiture,voiture,1,2,1,1,3
202000011795,2020-10-10 10:45:00,2020,10,10,10,45,49,49007,THIERS,47.47572,-0.55285,Plein jour,En agglomération,Hors intersection,Normale,Deux véhicules - côté,4,2,2,0,1,1,1,0,1,50,2,2,1,0,0,1,51.0,26.0,voiture,deux_roues,1,2,1,1,3
202000011796,2020-10-11 15:53:00,2020,10,11,15,53,49,49007,PAUL BERT,47.46545,-0.55047,Plein jour,En agglomération,Hors intersection,Pluie légère,Deux véhicules - arrière,4,2,2,0,1,1,1,0,1,50,2,2,1,0,0,1,34.0,27.0,deux_roues,utilitaire_camion,1,2,1,2,2
202000011797,2020-10-09 08:21:00,2020,10,9,8,21,49,49353,Buisson,47.442327,-0.483344,Crépuscule ou aube,En agglomération,Giratoire,Pluie légère,Deux véhicules - frontale,3,2,2,0,1,1,1,0,1,50,2,2,1,0,0,1,48.0,55.0,deux_roues,utilitaire_camion,2,2,6,2,1
202000011798,2020-10-09 07:20:00,2020,10,9,7,20,49,49246,BEAUREPAIRE,47.42773,-0.52725,Crépuscule ou aube,En agglomération,Intersection en T,Pluie légère,Deux véhicules - frontale,3,2,2,0,1,1,2,0,1,50,2,2,1,0,1,0,57.0,57.0,deux_roues,voiture,2,2,3,2,1
202000011799,2020-10-09 14:10:00,2020,10,9,14,10,49,49353,BUISSONS LIEU DIT,47.44201,-0.48333,Crépuscule ou aube,En agglomération,Hors intersection,Pluie légère,Autre collision,3,-1,2,0,1,1,1,0,1,50,1,1,0,0,0,1,30.0,,deux_roues,,2,2,1,2,6
202000011800,2020-10-11 15:47:00,2020,10,11,15,47,47,47031,JEAN JAURES (Rue)  ,44.17709,0.64435,Plein jour,En agglomération,Hors intersection,Normale,Deux véhicules - côté,4,2,2,0,1,1,1,0,1,50,2,2,1,0,0,1,29.0,17.0,voiture,deux_roues,1,2,1,1,3
202000011801,2020-10-12 06:45:00,2020,10,12,6,45,45,45285,Rue Charles Beauhaire,47.91829,1.85939,Nuit avec éclairage allumé,En agglomération,Hors intersection,Normale,Autre collision,4,2,2,0,1,1,1,0,1,50,1,2,1,0,0,1,59.0,,deux_roues,,5,2,1,1,6
202000011802,2020-10-07 16:30:00,2020,10,7,16,30,43,43157,110 Avenue Marechal Foch,45.0320623,3.8857698,Plein jour,En agglomération,Hors intersection,Normale,Autre collision,2,2,2,0,1,1,1,0,1,50,1,2,1,0,1,0,73.0,,voiture,,1,2,1,1,6
202000011803,2020-10-09 19:15:00,2020,10,9,19,15,42,42186,Rue Edouard Vaillant,45.52488,4.60853,Nuit avec éclairage allumé,En agglomération,Hors intersection,Normale,Autre collision,3,2,0,3,1,1,1,0,1,50,1,2,0,0,1,1,18.0,,voiture,,5,2,1,1,6
202000011804,2020-10-12 06:45:00,2020,10,12,6,45,35,35238,GUILLAUDOT ( DU GENERAL MAURICE),48.11601,-1.674,Nuit avec éclairage allumé,En agglomération,Hors intersection,Temps couvert,Deux véhicules - côté,4,1,2,3,1,1,1,0,1,50,2,2,0,0,1,1,39.0,39.0,transport_commun,deux_roues,5,2,1,8,3
202000011805,2020-10-12 07:45:00,2020,10,12,7,45,35,35238,GERARD (MICHEL),48.08958,-1.64298,Plein jour,En agglomération,Hors intersection,Normale,Autre collision,4,2,2,0,1,1,1,0,1,50,1,1,0,0,0,1,18.0,,voiture,,1,2,1,1,6
202000011806,2020-10-12 20:20:00,2020,10,12,20,20,33,33249,COTE DE LA GARONNE,44.88524,-0.51835,Nuit avec éclairage allumé,En agglomération,Intersection en X,Pluie légère,Deux véhicules - côté,1,1,2,0,4,1,2,3,8,50,2,3,2,0,1,0,37.0,36.0,voiture,voiture,5,2,2,2,3
202000011807,2020-08-15 10:30:00,2020,8,15,10,30,42,42187,Rue Jean Jaurès,46.03565,4.07163,Plein jour,En agglomération,Intersection en T,Normale,Autre collision,4,1,1,0,4,1,1,0,1,50,1,2,1,0,1,0,85.0,,voiture,,1,2,3,1,6
202000011808,2020-08-16 07:15:00,2020,8,16,7,15,41,41018,BUTTE (AVENUE DE LA),47.58323,1.32087,Crépuscule ou aube,En agglomération,Intersection en X,Normale,Deux véhicules - côté,4,1,2,0,1,1,1,0,1,50,2,2,1,0,0,1,29.0,21.0,utilitaire_camion,voiture,2,2,2,1,3
202000011809,2020-08-15 18:00:00,2020,8,15,18,0,39,39411,,46.665464,5.58187,Plein jour,En agglomération,Intersection en T,Normale,Deux véhicules - côté,3,2,2,0,1,1,1,5,1,50,2,2,1,0,1,0,18.0,45.0,deux_roues,voiture,1,2,3,1,3
202000011810,2020-08-17 09:50:00,2020,8,17,9,50,33,33281,AVE MARCEL DASSAULT,44.8422,-0.74428,Plein jour,En agglomération,Hors intersection,Normale,Deux véhicules - arrière,4,2,4,2,1,1,1,9,1,80,2,2,1,0,1,0,21.0,35.0,voiture,deux_roues,1,2,1,1,2
202000011811,2020-10-12 18:15:00,2020,10,12,18,15,33,33522,CRS GAMBETTA / RUE LAMARTINE,44.81519,-0.58723,Plein jour,En agglomération,Passage à niveau,Normale,Deux véhicules - côté,4,2,2,3,1,1,1,4,6,50,2,2,1,0,0,1,28.0,15.0,transport_commun,deux_roues,1,2,8,1,3
202000011812,2020-10-03 12:15:00,2020,10,3,12,15,33,33281,AVE DE LA MARNE / AVE DE BELFORT,44.8327,-0.64769,Plein jour,En agglomération,Intersection en X,Pluie forte,Autre collision,4,3,9,-1,1,1,2,5,1,50,1,3,2,0,1,0,25.0,,voiture,,1,2,2,3,6
202000011813,2020-10-12 08:45:00,2020,10,12,8,45,33,33529,RD 1250 (OUSTALET - BONNEVAL),44.61363,-1.1537,Plein jour,Hors agglomération,Hors intersection,Normale,Trois véhicules et plus - collisions multiples,3,2,2,0,1,3,2,0,1,80,3,3,0,1,0,2,32.0,54.0,voiture,autre,1,1,1,1,5
202000011814,2020-08-16 22:10:00,2020,8,16,22,10,31,31555,AV M BOURGES MAUNOURY,43.639498,1.452717,Nuit avec éclairage allumé,Hors agglomération,Hors intersection,Normale,Autre collision,4,2,2,0,1,1,1,0,1,50,1,1,0,0,0,1,,,,,5,1,1,1,6
202000011815,2020-10-12 15:45:00,2020,10,12,15,45,29,29232,Rond point de l'Eau Blanche,47.99131,-4.07312,Plein jour,En agglomération,Giratoire,Pluie légère,Autre collision,4,1,2,0,1,2,2,5,1,50,1,1,0,0,0,1,19.0,,deux_roues,,1,2,6,2,6
202000011816,2020-08-14 23:25:00,2020,8,14,23,25,31,31555,MATABIAU (RUE) DU 1AU 82,43.61341,1.44992,Nuit avec éclairage allumé,En agglomération,Hors intersection,Normale,Autre collision,4,2,2,3,1,1,1,0,1,50,1,2,1,0,1,0,20.0,,voiture,,5,2,1,1,6
202000011817,2020-10-06 21:05:00,2020,10,6,21,5,22,22278,RN12,48.5234549,-2.7502298,Nuit sans éclairage public,En agglomération,Hors intersection,Normale,Autre collision,2,3,4,-1,1,1,1,0,5,90,1,2,0,0,0,2,28.0,,deux_roues,,3,2,1,1,6
202000011818,2020-08-14 12:30:00,2020,8,14,12,30,31,31555,CHE DES SAUGES,43.55311,1.46698,Plein jour,En agglomération,Intersection en X,Normale,Deux véhicules - côté,4,2,2,0,1,1,1,0,1,50,2,2,1,0,0,1,32.0,22.0,voiture,deux_roues,1,2,2,1,3
202000011819,2020-10-12 12:00:00,2020,10,12,12,0,14,14118,CALVADOS (AVENUE DU),49.18946,-0.3372,Plein jour,En agglomération,Hors intersection,Normale,Autre collision,4,2,2,0,1,1,1,0,1,50,1,3,2,0,1,0,73.0,,voiture,,1,2,1,1,6
202000011820,2020-10-07 07:40:00,2020,10,7,7,40,14,14118,FALAISE (RUE DE  - 90 PAIR 95 IMPAIR),49.15693,-0.34535,Crépuscule ou aube,Hors agglomération,Hors intersection,Temps couvert,Autre collision,4,2,2,0,1,1,1,0,1,50,1,2,1,0,1,0,25.0,,voiture,,2,1,1,8,6
202000011821,2020-08-13 23:40:00,2020,8,13,23,40,31,31555,AV DES ETATS UNIS,43.65641,1.421235,Nuit avec éclairage non allumé,En agglomération,Hors intersection,Normale,Deux véhicules - arrière,3,2,3,0,1,1,1,0,1,50,2,3,2,0,0,1,34.0,36.0,voiture,voiture,4,2,1,1,2
202000011822,2020-08-15 07:40:00,2020,8,15,7,40,31,31555,AV DE LARDENNE,43.59331,1.39306,Plein jour,En agglomération,Hors intersection,Normale,Deux véhicules - côté,3,3,4,3,1,1,1,0,1,50,2,2,1,0,0,1,55.0,24.0,deux_roues,utilitaire_camion,1,2,1,1,3
202000011823,2020-10-08 12:30:00,2020,10,8,12,30,13,13056,OLIVES CHEMIN DES,43.3789783,5.029269,Plein jour,En agglomération,Hors intersection,Normale,Deux véhicules - côté,4,2,2,0,1,3,1,0,1,50,2,2,0,0,1,1,34.0,58.0,deux_roues,voiture,1,2,1,1,3
202000011824,2020-08-17 15:20:00,2020,8,17,15,20,29,29232,Boulevard de France,47.98311,-4.12956,Plein jour,En agglomération,Autre intersection,Normale,Autre collision,4,3,4,0,2,2,1,0,1,70,1,1,0,0,0,1,48.0,,voiture,,1,2,9,1,6
202000011825,2020-10-12 15:36:00,2020,10,12,15,36,13,13210,PAUL CLAUDEL (BOULEVARD),43.2683,5.4131,Plein jour,En agglomération,Hors intersection,Normale,Sans collision,4,2,2,1,2,2,1,0,4,50,1,1,0,0,0,1,26.0,,voiture,,1,2,1,1,7
202000011826,2020-08-17 09:15:00,2020,8,17,9,15,29,29039,D122 - Rue Yves Trichard,47.8779695,-3.8791141,Plein jour,Hors agglomération,Intersection en T,Normale,Deux véhicules - arrière,3,2,2,0,1,1,1,5,1,80,2,3,0,0,0,3,61.0,46.0,utilitaire_camion,voiture,1,1,3,1,2
202000011827,2020-10-12 16:10:00,2020,10,12,16,10,13,13209,MARÉCHAL DE LATTRE (AVENUE),43.245879,5.417183,Plein jour,En agglomération,Hors intersection,Normale,Autre collision,3,2,3,3,4,1,1,0,1,50,1,2,1,0,0,1,27.0,,deux_roues,,1,2,1,1,6
202000011828,2020-10-12 11:00:00,2020,10,12,11,0,13,13209,ROMAIN ROLLAND (BOULEVARD),43.272705,5.411609,Plein jour,En agglomération,Hors intersection,Normale,Autre collision,4,2,4,0,1,1,1,0,1,50,1,2,0,0,0,2,46.0,,deux_roues,,1,2,1,1,6
202000011829,2020-08-17 07:10:00,2020,8,17,7,10,24,24102,ROUTE D'ANGOULEME,45.22005,0.67278,Plein jour,Hors agglomération,Hors intersection,Normale,Deux véhicules - frontale,3,2,0,0,1,3,1,0,1,70,2,3,0,0,0,3,26.0,47.0,voiture,utilitaire_camion,1,1,1,1,1
202000011830,2020-10-12 09:30:00,2020,10,12,9,30,13,13204,CHUTES LAVI (AVENUE),43.31195,5.39609,Plein jour,En agglomération,Hors intersection,Normale,Deux véhicules - frontale,4,2,2,0,1,3,1,0,1,50,2,1,0,0,1,0,17.0,,deux_roues,,1,2,1,1,1
202000011831,2020-10-09 20:00:00,2020,10,9,20,0,11,11262,JUIN (AVENUE MAREHAL),43.18039,3.01394,Crépuscule ou aube,En agglomération,Giratoire,Normale,Deux véhicules - côté,4,2,2,0,1,1,1,0,1,30,2,2,1,0,0,1,28.0,70.0,deux_roues,voiture,2,2,6,1,3
202000011832,2020-08-17 17:42:00,2020,8,17,17,42,17,17291,RN 237,46.174011,-1.122918,Plein jour,Hors agglomération,Hors intersection,Normale,Trois véhicules et plus - en chaîne,2,3,4,0,1,1,1,0,1,90,3,3,1,0,0,2,27.0,23.0,voiture,voiture,1,1,1,1,4
202000011833,2020-09-10 01:28:00,2020,9,10,1,28,08,08105,RN 43,49.75,4.70318,Nuit sans éclairage public,Hors agglomération,Hors intersection,Normale,Autre collision,2,3,4,0,1,1,1,0,1,90,1,2,1,1,0,0,29.0,,voiture,,3,1,1,1,6
202000011834,2020-08-16 03:43:00,2020,8,16,3,43,17,17300,REMPARTS   CHEMIN DES,46.16221,-1.15527,Nuit avec éclairage allumé,En agglomération,Hors intersection,Normale,Autre collision,4,2,2,3,1,4,2,5,1,30,1,1,0,0,1,0,,,,,5,2,1,1,6
202000011835,2020-10-12 21:10:00,2020,10,12,21,10,06,06083,"SOSPEL (AVENUE DE, N° 1 A 55)",43.77933,7.49352,Nuit avec éclairage allumé,En agglomération,Intersection en T,Normale,Deux véhicules - côté,3,3,2,0,1,1,1,0,1,50,2,2,1,0,1,0,61.0,18.0,utilitaire_camion,deux_roues,5,2,3,1,3
202000011836,2020-08-17 08:30:00,2020,8,17,8,30,14,14118,DUNOIS (BOULEVARD),49.18391,-0.38634,Plein jour,En agglomération,Intersection en X,Pluie légère,Deux véhicules - côté,4,2,4,0,1,1,2,0,1,50,2,2,1,0,0,1,64.0,27.0,deux_roues,voiture,1,2,2,2,3
202000011837,2020-10-12 08:10:00,2020,10,12,8,10,06,06027,NICE AVENUE DE (RN7),43.6605,7.1767,Plein jour,En agglomération,Hors intersection,Normale,Deux véhicules - frontale,7,2,6,0,1,1,1,0,1,50,2,2,1,0,1,0,59.0,62.0,voiture,deux_roues,1,2,1,1,1
202000011838,2020-08-17 14:10:00,2020,8,17,14,10,13,13214,LAVOISIER (BOULEVARD),43.339159,5.37173,Plein jour,En agglomération,Autre intersection,Normale,Sans collision,4,2,2,0,2,1,1,9,1,50,1,1,0,0,0,1,26.0,,voiture,,1,2,9,1,7
202000011839,2020-10-12 17:10:00,2020,10,12,17,10,75,75120,PORTE DES LILAS,48.876382,2.409421,Plein jour,En agglomération,Hors intersection,Normale,Trois véhicules et plus - en chaîne,4,1,4,0,1,1,1,1,1,70,3,3,2,0,0,1,43.0,59.0,voiture,voiture,1,2,1,1,4
202000011840,2020-08-17 03:25:00,2020,8,17,3,25,13,13208,PRADO (AVENUE DU),43.2642661,5.3787717,Nuit avec éclairage allumé,En agglomération,Intersection en X,Normale,Deux véhicules - côté,4,2,6,0,1,1,1,0,1,50,2,2,1,0,0,1,38.0,25.0,deux_roues,utilitaire_camion,5,2,2,1,3
202000011841,2020-10-12 13:00:00,2020,10,12,13,0,75,75107,QUAI D ORSAY,48.862362,2.30875,Plein jour,En agglomération,Hors intersection,Normale,Deux véhicules - arrière,4,2,3,0,1,1,1,0,1,50,2,2,1,0,0,1,43.0,47.0,deux_roues,voiture,1,2,1,1,2