accident_id,datetime,annee,mois,jour,heure,minute,departement,commune_insee,adresse,latitude,longitude,luminosite,agglomeration,intersection,meteo,collision,catr,circ,nbv,vosp,prof,plan,surf,infra,situ,vma,nb_vehicules,nb_usagers,nb_indemnes,nb_tues,nb_blesses_hosp,nb_blesses_legers,age_cond_1,age_cond_2,veh_type_cond_1,veh_type_cond_2,lum_code,agg_code,int_code,atm_code,col_code
202000011842,2020-08-18 00:40:00,2020,8,18,0,40,13,13063,THEODORE AUBANEL BOULEVARD,43.5884308,4.9898197,Nuit sans éclairage public,En agglomération,Hors intersection,Normale,Autre collision,2,1,2,0,1,2,1,5,1,50,1,1,0,0,0,1,28.0,,voiture,,3,2,1,1,6
202000011843,2020-10-12 09:20:00,2020,10,12,9,20,75,75120,BOULEVARD DE BELLEVILLE,48.867851,2.382331,Plein jour,En agglomération,Hors intersection,Normale,Deux véhicules - côté,4,1,2,3,1,1,1,-1,6,50,2,2,1,0,0,1,69.0,29.0,voiture,deux_roues,1,2,1,1,3
202000011844,2020-10-12 19:25:00,2020,10,12,19,25,75,75119,AVENUE JEAN JAURES,48.888704,2.392792,Nuit avec éclairage allumé,En agglomération,Hors intersection,Normale,Autre collision,4,2,4,1,1,1,1,-1,5,50,1,2,1,0,0,1,29.0,,deux_roues,,5,2,1,1,6
202000011845,2020-08-17 20:50:00,2020,8,17,20,50,06,06088,ANGLAIS (DU N° 1 AU N° 43),43.69518,7.26567,Nuit avec éclairage allumé,En agglomération,Hors intersection,Normale,Autre collision,4,3,4,0,1,1,1,0,1,50,1,2,0,1,1,0,21.0,,deux_roues,,5,2,1,1,6
202000011846,2020-10-12 14:50:00,2020,10,12,14,50,75,75116,RUE BOILEAU,48.840862,2.262395,Plein jour,En agglomération,Intersection en T,Normale,Deux véhicules - côté,4,1,1,0,1,1,1,0,1,50,2,1,0,0,0,1,34.0,,deux_roues,,1,2,3,1,3
202000011847,2020-10-12 14:30:00,2020,10,12,14,30,75,75116,RUE JEAN DE LA FONTAINE,48.850404,2.270527,Plein jour,En agglomération,Intersection en T,Normale,Autre collision,4,1,2,0,1,1,1,0,1,30,1,1,0,0,0,1,,,,,1,2,3,1,6
202000011848,2020-08-16 16:55:00,2020,8,16,16,55,06,06027,PLAGE BOULEVARD DE LA,43.655713,7.161482,Plein jour,En agglomération,Hors intersection,Normale,Autre collision,7,2,4,0,1,1,1,0,1,50,1,3,2,0,0,1,39.0,,voiture,,1,2,1,1,6
202000011849,2020-10-12 09:10:00,2020,10,12,9,10,75,75115,RUE ANDRE GIDE,48.83783,2.313953,Plein jour,En agglomération,Hors intersection,Normale,Autre collision,4,1,1,1,1,1,1,-1,5,30,1,2,1,0,0,1,38.0,,deux_roues,,1,2,1,1,6
202000011850,2020-08-13 20:25:00,2020,8,13,20,25,05,05023,R N  94,44.90973,6.66383,Nuit sans éclairage public,Hors agglomération,Hors intersection,Pluie forte,Deux véhicules - arrière,2,2,2,0,1,1,2,0,1,70,2,2,1,0,0,1,49.0,50.0,deux_roues,voiture,3,1,1,3,2
202000011851,2020-10-12 14:49:00,2020,10,12,14,49,75,75113,QUAI PANHARD ET LEVASSOR,48.831113,2.381186,Plein jour,En agglomération,Intersection en T,Normale,Deux véhicules - côté,4,2,5,0,1,1,1,0,1,50,2,2,1,0,0,1,33.0,50.0,deux_roues,utilitaire_camion,1,2,3,1,3
202000011852,2020-08-17 17:45:00,2020,8,17,17,45,75,75113,BOULEVARD VINCENT AURIOL,48.830985,2.356958,Plein jour,En agglomération,Hors intersection,Normale,Deux véhicules - côté,4,3,2,3,2,1,1,0,1,50,2,2,1,0,0,1,42.0,31.0,voiture,deux_roues,1,2,1,1,3
202000011853,2020-10-12 13:20:00,2020,10,12,13,20,75,75113,QUAI DE LA GARE,48.836757,2.374367,Plein jour,En agglomération,Intersection en T,Temps couvert,Deux véhicules - côté,4,2,2,1,1,1,1,-1,5,50,2,2,1,0,0,1,34.0,56.0,deux_roues,voiture,1,2,3,8,3
202000011854,2020-10-12 21:15:00,2020,10,12,21,15,75,75112,AVENUE DU TREMBLAY,48.835841,2.453162,Nuit avec éclairage allumé,En agglomération,Intersection en X,Normale,Deux véhicules - frontale,4,2,4,0,1,1,1,0,1,50,2,2,1,0,0,1,19.0,57.0,voiture,voiture,5,2,2,1,1
202000011855,2020-08-17 09:30:00,2020,8,17,9,30,75,75113,BOULEVARD MASSENA,48.819223,2.362074,Plein jour,En agglomération,Intersection en X,Normale,Deux véhicules - côté,4,3,2,0,1,1,1,0,1,50,2,2,1,0,0,1,65.0,33.0,deux_roues,deux_roues,1,2,2,1,3
202000011856,2020-10-12 15:00:00,2020,10,12,15,0,75,75112,RUE ABEL,48.847674,2.37565,Plein jour,En agglomération,Hors intersection,Normale,Autre collision,4,1,1,0,1,1,1,0,1,30,1,2,1,0,0,1,29.0,,utilitaire_camion,,1,2,1,1,6
202000011857,2020-08-17 12:55:00,2020,8,17,12,55,75,75112,QUAI DE BERCY,48.830026,2.386698,Plein jour,En agglomération,Hors intersection,Pluie légère,Deux véhicules - frontale,4,2,4,1,2,3,2,-1,5,50,2,2,0,0,0,2,20.0,54.0,deux_roues,deux_roues,1,2,1,2,1
202000011858,2020-10-12 16:30:00,2020,10,12,16,30,75,75112,COURS DE VINCENNES,48.847347,2.404224,Plein jour,En agglomération,Hors intersection,Normale,Deux véhicules - côté,4,2,6,0,1,1,1,0,1,50,2,3,2,0,0,1,34.0,64.0,deux_roues,voiture,1,2,1,1,3
202000011859,2020-08-16 17:30:00,2020,8,16,17,30,75,75112,ROUTE DE CEINTURE DU LAC DAUMESNIL,48.829477,2.415608,Plein jour,En agglomération,Hors intersection,Normale,Autre collision,4,-1,0,0,1,1,1,0,1,25,1,2,1,0,0,1,39.0,,deux_roues,,1,2,1,1,6
202000011860,2020-10-12 16:00:00,2020,10,12,16,0,75,75112,RUE DE REUILLY,48.841022,2.394111,Plein jour,En agglomération,Intersection en T,Normale,Deux véhicules - côté,4,2,2,0,1,1,1,8,1,50,2,2,1,0,0,1,29.0,14.0,deux_roues,deux_roues,1,2,3,1,3
202000011861,2020-08-17 10:35:00,2020,8,17,10,35,75,75111,RUE DU GRAND PRIEURE,48.865178,2.36896,Plein jour,En agglomération,Hors intersection,Normale,Autre collision,4,2,2,0,1,1,1,0,1,30,1,2,1,0,0,1,40.0,,deux_roues,,1,2,1,1,6
202000011862,2020-10-12 11:45:00,2020,10,12,11,45,75,75112,BOULEVARD DIDEROT,48.848044,2.392921,Plein jour,En agglomération,Intersection en X,Normale,Deux véhicules - côté,4,2,2,0,1,1,1,0,1,50,2,2,1,0,0,1,41.0,24.0,deux_roues,utilitaire_camion,1,2,2,1,3
202000011863,2020-08-16 23:10:00,2020,8,16,23,10,75,75110,RUE DU FAUBOURG POISSONNIERE,48.872461,2.347904,Nuit avec éclairage allumé,En agglomération,Intersection en T,Normale,Deux véhicules - côté,4,1,2,0,1,1,1,0,1,50,2,2,1,0,1,0,23.0,25.0,utilitaire_camion,deux_roues,5,2,3,1,3
202000011864,2020-10-12 08:52:00,2020,10,12,8,52,75,75112,BOULEVARD SOULT,48.845652,2.410864,Plein jour,En agglomération,Hors intersection,Normale,Sans collision,4,-1,3,1,1,1,1,-1,5,50,1,1,0,0,0,1,48.0,,deux_roues,,1,2,1,1,7
202000011865,2020-08-16 16:20:00,2020,8,16,16,20,75,75110,RUE DU FAUBOURG SAINT DENIS,48.881718,2.358391,Plein jour,En agglomération,Hors intersection,Normale,,4,2,3,0,1,1,1,0,1,50,2,2,1,0,0,1,58.0,36.0,voiture,deux_roues,1,2,1,1,-1
202000011866,2020-10-12 08:08:00,2020,10,12,8,8,75,75112,AVENUE COURTELINE,48.844058,2.41297,Crépuscule ou aube,En agglomération,Intersection en X,Normale,Deux véhicules - côté,4,2,8,0,1,1,1,0,1,50,2,2,1,0,0,1,59.0,55.0,utilitaire_camion,deux_roues,2,2,2,1,3
202000011867,2020-08-17 01:30:00,2020,8,17,1,30,75,75104,QUAI HENRI IV,48.849476,2.361683,Nuit sans éclairage public,En agglomération,Hors intersection,Normale,Autre collision,4,1,2,0,1,2,1,0,1,50,1,1,0,0,0,1,32.0,,deux_roues,,3,2,1,1,6
202000011868,2020-10-12 20:15:00,2020,10,12,20,15,75,75111,RUE JEAN PIERRE TIMBAUD,48.867066,2.375029,Nuit avec éclairage allumé,En agglomération,Hors intersection,Normale,Deux véhicules - frontale,4,1,2,1,2,1,1,-1,5,30,2,1,0,0,0,1,34.0,,deux_roues,,5,2,1,1,1
202000011869,2020-10-11 21:50:00,2020,10,11,21,50,75,75111,RUE DE LA ROQUETTE,48.856176,2.376178,Nuit avec éclairage allumé,En agglomération,Hors intersection,Normale,,4,1,1,0,1,1,1,0,1,30,2,2,1,0,0,1,57.0,26.0,voiture,deux_roues,5,2,1,1,-1
202000011870,2020-07-30 17:55:00,2020,7,30,17,55,75,75103,RUE DU VERTBOIS,48.867704,2.354869,Plein jour,En agglomération,Intersection en T,Normale,Deux véhicules - côté,4,1,2,0,1,1,1,0,1,50,2,1,0,0,0,1,46.0,,deux_roues,,1,2,3,1,3
202000011871,2020-10-12 02:30:00,2020,10,12,2,30,75,75108,AVENUE DES CHAMPS ELYSEES,48.867091,2.316083,Nuit avec éclairage allumé,En agglomération,Intersection en T,Normale,Deux véhicules - côté,4,2,8,0,1,1,1,0,1,50,2,3,2,0,0,1,33.0,47.0,deux_roues,voiture,5,2,3,1,3
202000011872,2020-08-16 16:05:00,2020,8,16,16,5,94,94081,CAMILLE BLANC (R),48.7842,2.3961,Plein jour,En agglomération,Hors intersection,Normale,Autre collision,4,-1,0,0,1,1,1,0,1,30,1,2,1,0,0,1,27.0,,voiture,,1,2,1,1,6
202000011873,2020-10-10 23:45:00,2020,10,10,23,45,94,94043,VOLTAIRE (R),48.80575,2.34528,Nuit avec éclairage allumé,En agglomération,Hors intersection,Temps couvert,Deux véhicules - arrière,3,1,1,0,1,1,1,0,1,50,2,1,0,0,0,1,37.0,,voiture,,5,2,1,8,2
202000011874,2020-10-12 19:15:00,2020,10,12,19,15,94,94065,CHARLES LINDBERGH (AV),48.74909,2.35639,Nuit avec éclairage allumé,En agglomération,Hors intersection,Normale,Deux véhicules - côté,3,1,2,0,1,1,1,0,1,50,2,2,1,0,0,1,32.0,37.0,utilitaire_camion,deux_roues,5,2,1,1,3
202000011875,2020-08-10 09:30:00,2020,8,10,9,30,94,94033,MOREAU DAVID (PL),48.84333,2.46555,Plein jour,En agglomération,Hors intersection,Normale,Deux véhicules - côté,4,2,2,0,1,1,1,0,1,50,2,5,4,0,0,1,28.0,16.0,voiture,deux_roues,1,2,1,1,3
202000011876,2020-10-10 20:15:00,2020,10,10,20,15,94,94058,ALSACE LORRAINE (BD D),48.84951,2.49714,Nuit sans éclairage public,En agglomération,Hors intersection,Normale,Autre collision,3,-1,3,0,1,1,1,0,1,50,1,2,1,0,1,0,23.0,,voiture,,3,2,1,1,6
202000011877,2020-08-16 03:40:00,2020,8,16,3,40,94,94022,VICTOR HUGO (AV),48.7669,2.4144,Nuit avec éclairage allumé,En agglomération,Hors intersection,Normale,Sans collision,3,1,2,0,1,1,1,2,6,50,1,1,0,0,0,1,29.0,,voiture,,5,2,1,1,7
202000011878,2020-10-12 14:00:00,2020,10,12,14,0,94,94077,PAUL VAILLANT COUTURIER (AV),48.73787,2.42362,Plein jour,En agglomération,Giratoire,Normale,Deux véhicules - côté,4,1,2,0,1,2,1,5,1,50,2,1,0,0,1,0,40.0,,autre,,1,2,6,1,3
202000011879,2020-08-17 21:30:00,2020,8,17,21,30,93,93073,CROS (RUE CHARLES),48.9670471,2.568024,Nuit avec éclairage allumé,En agglomération,Intersection en X,Normale,Deux véhicules - frontale,3,2,2,0,1,1,1,5,1,50,2,2,0,0,0,2,23.0,45.0,voiture,voiture,5,2,2,1,1
202000011880,2020-10-12 11:40:00,2020,10,12,11,40,94,94071,SOMME (AV DE LA),48.765454,2.512479,Plein jour,En agglomération,Intersection en X,Normale,Deux véhicules - côté,4,2,1,0,1,1,1,0,1,50,2,3,2,0,0,1,39.0,40.0,voiture,voiture,1,2,2,1,3
202000011881,2020-08-17 19:10:00,2020,8,17,19,10,93,93064,ALSACE-LORRAINE (BOULEVARD),48.8862042,2.4756977,Plein jour,En agglomération,Autre intersection,Normale,Deux véhicules - côté,3,1,2,0,1,1,1,0,1,50,2,2,1,0,0,1,48.0,19.0,deux_roues,utilitaire_camion,1,2,9,1,3
202000011882,2020-10-12 05:40:00,2020,10,12,5,40,94,94070,Route de Paris,48.71808,2.56951,Nuit avec éclairage allumé,En agglomération,Hors intersection,Normale,Deux véhicules - arrière,2,2,2,0,1,1,1,0,1,50,2,2,1,0,0,1,22.0,43.0,voiture,utilitaire_camion,5,2,1,1,2
202000011883,2020-08-17 20:30:00,2020,8,17,20,30,93,93051,PAVE NEUF (AVENUE),48.8384795,2.5610877,Nuit sans éclairage public,En agglomération,Hors intersection,Normale,Deux véhicules - arrière,3,3,1,0,1,1,1,0,1,50,2,2,1,0,1,0,28.0,49.0,deux_roues,voiture,3,2,1,1,2
202000011884,2020-10-11 21:20:00,2020,10,11,21,20,93,93070,GODILLOT(RUE),48.9098,2.34174,Nuit avec éclairage allumé,En agglomération,Hors intersection,Normale,Autre collision,4,1,1,0,1,1,1,0,1,50,1,1,0,0,1,0,48.0,,voiture,,5,2,1,1,6
202000011885,2020-08-17 11:25:00,2020,8,17,11,25,93,93077,R DU PARC,48.880878,2.526533,Plein jour,En agglomération,Hors intersection,Normale,Autre collision,4,1,1,0,2,1,1,0,6,30,1,2,1,0,0,1,29.0,,voiture,,1,2,1,1,6
202000011886,2020-10-12 13:50:00,2020,10,12,13,50,93,93051,MEDERIC (AVENUE),48.83034,2.58477,Plein jour,En agglomération,Hors intersection,Normale,Deux véhicules - côté,3,2,1,0,1,1,1,0,1,50,2,2,1,0,1,0,39.0,37.0,deux_roues,voiture,1,2,1,1,3
202000011887,2020-08-17 16:50:00,2020,8,17,16,50,93,93010,VAILLANT (RUE EDOUARD) 24 A 96,48.895267,2.4869121,Plein jour,En agglomération,Hors intersection,Pluie légère,Deux véhicules - côté,4,2,2,0,1,1,2,0,1,30,2,2,1,0,0,1,41.0,32.0,deux_roues,voiture,1,2,1,2,3
202000011888,2020-10-12 16:27:00,2020,10,12,16,27,93,93046,LUCIE AUBRAC ALLEE,48.93137,2.54562,Plein jour,En agglomération,Intersection en X,Temps couvert,Deux véhicules - côté,3,2,2,0,1,1,1,0,1,50,2,2,1,0,1,0,25.0,14.0,utilitaire_camion,deux_roues,1,2,2,8,3
202000011889,2020-08-17 09:45:00,2020,8,17,9,45,93,93007,HENRI BARBUSSE (AVENUE),48.94135,2.463902,Plein jour,En agglomération,Intersection en X,Normale,Deux véhicules - côté,4,2,2,0,1,1,1,0,1,50,2,5,3,0,1,1,39.0,24.0,transport_commun,utilitaire_camion,1,2,2,1,3
202000011890,2020-10-12 06:45:00,2020,10,12,6,45,93,93031,REPUBLIQUE (AVENUE),48.9501244,2.3284842,Nuit avec éclairage allumé,En agglomération,Intersection en X,Normale,Deux véhicules - côté,3,3,4,0,1,1,1,5,1,50,2,2,0,0,0,2,62.0,34.0,deux_roues,deux_roues,5,2,2,1,3
202000011891,2020-10-11 23:00:00,2020,10,11,23,0,93,93029,AV HENRI BARBUSSE / R CHARLES GIDE,48.91659,2.44463,Nuit avec éclairage allumé,En agglomération,Intersection en X,Normale,Deux véhicules - côté,3,2,4,0,1,1,1,5,1,50,2,2,1,0,1,0,38.0,20.0,deux_roues,voiture,5,2,2,1,3
202000011892,2020-10-11 19:10:00,2020,10,11,19,10,92,92077,THIERRY (AVENUE),48.8276863,2.1821178,Crépuscule ou aube,En agglomération,Hors intersection,Temps couvert,Deux véhicules - côté,4,2,2,0,2,1,2,0,1,50,2,2,1,0,0,1,41.0,25.0,voiture,deux_roues,2,2,1,8,3
202000011893,2020-08-16 23:30:00,2020,8,16,23,30,93,93005,HENRI BARBUSSE (RUE),48.92927,2.4892,Nuit avec éclairage allumé,En agglomération,Hors intersection,Normale,Autre collision,7,1,1,0,1,1,1,0,1,50,1,1,0,0,0,1,24.0,,deux_roues,,5,2,1,1,6
202000011894,2020-10-11 09:30:00,2020,10,11,9,30,92,92072,VILLE D'AVRAY (RUE DE),48.8260273,2.1982305,Plein jour,En agglomération,Intersection en X,Normale,Deux véhicules - côté,3,-1,2,0,2,1,2,0,1,50,2,2,1,0,0,1,48.0,17.0,voiture,deux_roues,1,2,2,1,3
202000011895,2020-08-17 19:35:00,2020,8,17,19,35,93,93066,CROIZAT AMBROISE RD 29 BIS,48.9312912,2.3495776,Plein jour,En agglomération,Hors intersection,Normale,Deux véhicules - côté,3,2,2,0,1,1,1,0,1,50,2,2,1,0,0,1,63.0,37.0,voiture,deux_roues,1,2,1,1,3
202000011896,2020-10-11 11:30:00,2020,10,11,11,30,92,92064,PARC SAINT CLOUD,48.8477259,2.2080543,Plein jour,Hors agglomération,Hors intersection,Normale,Sans collision,6,-1,-1,0,1,1,1,0,1,30,1,1,0,0,0,1,55.0,,autre,,1,1,1,1,7
202000011897,2020-10-07 09:00:00,2020,10,7,9,0,92,92040,PDT ROOSEVELT (QUAI DU),48.834098,2.264848,Plein jour,En agglomération,Hors intersection,Temps couvert,Deux véhicules - arrière,3,1,4,0,1,1,2,0,1,50,2,2,1,0,0,1,65.0,32.0,voiture,deux_roues,1,2,1,8,2
202000011898,2020-08-17 06:30:00,2020,8,17,6,30,93,93001,ANATOLE FRANCE (BLD) PAIR,48.9171777,2.3817897,Plein jour,En agglomération,Hors intersection,Normale,Trois véhicules et plus - collisions multiples,3,2,2,0,1,1,1,0,1,50,3,3,2,0,0,1,51.0,25.0,voiture,voiture,1,2,1,1,5
202000011899,2020-10-12 06:50:00,2020,10,12,6,50,92,92040,PAIX (AVENUE DE LA),48.816615,2.275022,Crépuscule ou aube,En agglomération,Intersection en X,Normale,Deux véhicules - côté,3,2,0,0,1,1,1,0,1,30,2,2,1,0,0,1,47.0,25.0,deux_roues,voiture,2,2,2,1,3
202000011900,2020-08-17 13:00:00,2020,8,17,13,0,92,92044,ALSACE (RUE) N°19 + ET 20+,48.8914005,2.2956423,Plein jour,En agglomération,Hors intersection,Pluie légère,Deux véhicules - côté,4,2,2,0,1,1,2,0,1,50,2,3,2,0,0,1,62.0,26.0,deux_roues,utilitaire_camion,1,2,1,2,3
202000011901,2020-10-12 19:00:00,2020,10,12,19,0,92,92026,NEUILLY DEFENSE (RESIDENCE),48.8886745,2.2490349,Nuit avec éclairage allumé,En agglomération,Hors intersection,Normale,Deux véhicules - arrière,4,1,3,0,1,1,1,2,1,50,2,2,1,0,0,1,38.0,33.0,voiture,voiture,5,2,1,1,2
202000011902,2020-10-10 20:25:00,2020,10,10,20,25,92,92004,AULAGNIER ( QUAI ),48.9139311,2.3094927,Nuit avec éclairage allumé,Hors agglomération,Autre intersection,Normale,,3,1,2,0,1,1,1,0,1,70,2,4,3,0,0,1,47.0,48.0,voiture,voiture,5,1,9,1,-1
202000011903,2020-08-17 19:20:00,2020,8,17,19,20,92,92007,PASTEUR (AVENUE LOUIS) N° 1 A 39 ET 2 A,48.79649,2.31725,Plein jour,En agglomération,Hors intersection,Normale,Trois véhicules et plus - collisions multiples,3,2,3,1,1,1,1,0,1,50,3,3,2,0,0,1,18.0,19.0,deux_roues,voiture,1,2,1,1,5
202000011904,2020-10-12 16:15:00,2020,10,12,16,15,974,97415,Chemin Lebel,-21.011007,55.320986,Crépuscule ou aube,En agglomération,Hors intersection,Normale,Deux véhicules - arrière,4,2,2,0,2,2,1,0,8,30,2,2,1,0,0,1,15.0,51.0,deux_roues,utilitaire_camion,2,2,1,1,2
202000011905,2020-08-14 16:25:00,2020,8,14,16,25,92,92004,PIERRE DE COUBERTIN  ( BD ),48.92792,2.2847,Plein jour,En agglomération,Hors intersection,Normale,Trois véhicules et plus - en chaîne,3,2,4,0,1,1,1,0,1,50,4,4,3,0,0,1,66.0,32.0,voiture,voiture,1,2,1,1,4
202000011906,2020-10-12 12:30:00,2020,10,12,12,30,67,67437,Rue Jean de Manderscheid,48.731197,7.353078,Plein jour,En agglomération,Hors intersection,Normale,Deux véhicules - côté,4,2,2,0,1,1,1,0,1,-1,2,2,1,0,1,0,62.0,15.0,voiture,deux_roues,1,2,1,1,3
202000011907,2020-08-17 15:30:00,2020,8,17,15,30,13,13215,A7-Sens Lyon vers Marseille,43.349476,5.369242,Plein jour,Hors agglomération,Autre intersection,Normale,Sans collision,1,1,3,0,2,3,1,0,1,90,1,1,0,0,0,1,43.0,,deux_roues,,1,1,9,1,7
202000011908,2020-10-13 10:00:00,2020,10,13,10,0,37,37233,sortie N°21 de l'autoroute A10,47.3952557,0.7068566,Plein jour,Hors agglomération,Hors intersection,Pluie légère,Autre collision,1,3,5,0,2,2,2,1,1,30,1,1,0,0,0,1,40.0,,voiture,,1,1,1,2,6
202000011909,2020-08-17 08:36:00,2020,8,17,8,36,13,13214,A7-Sens Lyon vers Marseille,43.351665,5.366638,Plein jour,Hors agglomération,Hors intersection,Normale,Deux véhicules - arrière,1,1,2,0,1,1,1,0,1,70,2,3,1,0,0,2,68.0,44.0,voiture,voiture,1,1,1,1,2
202000011910,2020-10-11 16:00:00,2020,10,11,16,0,62,62094,D138,50.4488022,1.778784,Plein jour,Hors agglomération,Intersection en X,Normale,Deux véhicules - côté,3,2,2,0,2,1,1,0,1,80,2,1,0,0,0,1,21.0,,deux_roues,,1,1,2,1,3
202000011911,2020-10-09 08:10:00,2020,10,9,8,10,35,35173,Lieu Dit la Herquiniere,48.191182,-1.719768,Crépuscule ou aube,Hors agglomération,Hors intersection,Temps couvert,Autre collision,4,2,2,0,2,1,2,0,1,80,1,1,0,0,0,1,56.0,,deux_roues,,2,1,1,8,6
202000011912,2020-08-16 21:30:00,2020,8,16,21,30,13,13215,A7-Sens Lyon vers Marseille,43.3772376,5.3582972,Nuit sans éclairage public,Hors agglomération,Hors intersection,Normale,Deux véhicules - arrière,1,1,3,0,1,1,1,0,1,90,2,3,2,0,0,1,27.0,21.0,voiture,voiture,3,1,1,1,2
202000011913,2020-08-10 09:25:00,2020,8,10,9,25,57,57463,Autoroute A31,49.139509,6.180282,Plein jour,Hors agglomération,Autre intersection,Normale,Deux véhicules - côté,1,3,6,0,1,1,1,3,1,90,2,1,0,0,0,1,63.0,,voiture,,1,1,9,1,3
202000011914,2020-10-12 18:50:00,2020,10,12,18,50,51,51090,D39,48.785778,3.861716,Plein jour,Hors agglomération,Intersection en X,Normale,Deux véhicules - côté,3,2,2,0,1,1,1,0,1,80,2,2,0,0,2,0,35.0,51.0,voiture,voiture,1,1,2,1,3
202000011915,2020-08-17 09:55:00,2020,8,17,9,55,33,33096,AUTOROUTE A 10,44.89126,-0.50196,Plein jour,Hors agglomération,Hors intersection,Normale,Deux véhicules - arrière,1,3,8,0,1,1,1,0,1,90,2,4,3,0,0,1,22.0,40.0,voiture,voiture,1,1,1,1,2
202000011916,2020-10-07 16:20:00,2020,10,7,16,20,76,76120,D7,49.609625,1.408256,Plein jour,Hors agglomération,Hors intersection,Normale,Autre collision,3,2,2,0,1,2,1,0,3,80,1,1,0,0,1,0,34.0,,deux_roues,,1,1,1,1,6
202000011917,2020-10-13 04:25:00,2020,10,13,4,25,79,79195,45 Rue Saint-charles,46.93463,-0.58862,Nuit avec éclairage allumé,En agglomération,Hors intersection,Pluie forte,Sans collision,3,2,2,0,2,1,2,0,1,50,1,1,0,0,0,1,46.0,,deux_roues,,5,2,1,3,7
202000011918,2020-08-17 18:00:00,2020,8,17,18,0,94,94076,AUTOROUTE A6A,48.7863,2.346,Plein jour,Hors agglomération,Hors intersection,Normale,Deux véhicules - côté,1,3,3,0,1,1,1,0,1,90,2,2,1,0,0,1,28.0,41.0,voiture,utilitaire_camion,1,1,1,1,3
202000011919,2020-10-13 07:43:00,2020,10,13,7,43,65,65460,21 Boulevard d'Alsace,43.385214,0.055169,Nuit avec éclairage allumé,En agglomération,Hors intersection,Temps couvert,Autre collision,3,2,2,0,1,1,2,0,1,50,1,2,1,0,0,1,59.0,,voiture,,5,2,1,8,6
202000011920,2020-08-17 11:05:00,2020,8,17,11,5,91,91136,RD188 PROVINCE / A10 PARIS,48.71636,2.2655,Plein jour,Hors agglomération,Hors intersection,Normale,Sans collision,1,1,3,0,1,1,2,9,1,70,1,1,0,0,0,1,46.0,,voiture,,1,1,1,1,7
202000011921,2020-10-13 10:55:00,2020,10,13,10,55,65,65460,Départementale 6,43.387756,0.008068,Plein jour,Hors agglomération,Hors intersection,Normale,Deux véhicules - arrière,3,2,2,0,1,1,2,0,1,80,2,2,1,0,0,1,21.0,36.0,voiture,voiture,1,1,1,1,2
202000011922,2020-10-13 10:07:00,2020,10,13,10,7,65,65460,Avenue Jacques Fourcade,43.392758,0.053081,Plein jour,En agglomération,Intersection en T,Temps couvert,Deux véhicules - côté,3,2,2,0,1,1,2,0,1,50,2,2,1,0,0,1,46.0,83.0,utilitaire_camion,voiture,1,2,3,8,3
202000011923,2020-08-17 07:50:00,2020,8,17,7,50,91,91347,RN 104,48.6227,2.28829,Plein jour,Hors agglomération,Hors intersection,Normale,Deux véhicules - côté,2,3,2,0,1,1,1,0,1,90,2,2,1,0,0,1,35.0,35.0,voiture,utilitaire_camion,1,1,1,1,3
202000011924,2020-10-12 14:40:00,2020,10,12,14,40,63,63011,D2144,46.195406,2.755809,Plein jour,Hors agglomération,Hors intersection,Normale,Autre collision,3,2,2,0,1,1,1,0,8,-1,1,1,0,0,0,1,22.0,,voiture,,1,1,1,1,6
202000011925,2020-08-17 17:25:00,2020,8,17,17,25,93,93064,AUTOROUTE A103,48.88536,2.48852,Plein jour,Hors agglomération,Hors intersection,Pluie forte,Deux véhicules - côté,1,3,4,0,2,2,1,0,1,70,2,2,1,0,0,1,22.0,21.0,voiture,voiture,1,1,1,3,3
202000011926,2020-10-13 02:00:00,2020,10,13,2,0,61,61414,RD938 - lieu-dit Perthuisiere,48.493396,0.546505,Nuit sans éclairage public,Hors agglomération,Hors intersection,Pluie légère,Autre collision,3,2,2,0,1,1,2,0,3,90,1,1,0,1,0,0,46.0,,voiture,,3,1,1,2,6
202000011927,2020-10-13 07:58:00,2020,10,13,7,58,41,41242,33 Route de Valencay,47.258626,1.547291,Crépuscule ou aube,Hors agglomération,Hors intersection,Pluie forte,Deux véhicules - frontale,3,2,2,0,1,1,2,0,1,70,2,2,1,1,0,0,39.0,58.0,utilitaire_camion,voiture,2,1,1,3,1
202000011928,2020-10-09 19:40:00,2020,10,9,19,40,34,34310,Rue de la Carriérasse,43.422717,3.167444,Nuit avec éclairage allumé,En agglomération,Intersection en X,Normale,Deux véhicules - frontale,4,2,2,0,1,1,1,0,1,-1,2,2,1,0,1,0,15.0,73.0,deux_roues,voiture,5,2,2,1,1
202000011929,2020-09-04 10:20:00,2020,9,4,10,20,44,44126,1 Boulevard de la Tara,47.152464,-2.216883,Plein jour,En agglomération,Intersection en T,Normale,Deux véhicules - frontale,4,1,1,1,1,3,1,0,1,30,2,2,1,0,1,0,54.0,47.0,deux_roues,voiture,1,2,3,1,1
202000011930,2020-08-17 13:30:00,2020,8,17,13,30,93,93053,AUTOROUTE A86,48.90098,2.46933,Plein jour,Hors agglomération,Hors intersection,Pluie légère,Deux véhicules - arrière,1,3,8,0,2,3,2,0,1,60,2,2,1,0,0,1,39.0,26.0,utilitaire_camion,utilitaire_camion,1,1,1,2,2
202000011931,2020-08-05 19:10:00,2020,8,5,19,10,02,02830,11 Rue de la Gloriette,50.017164,3.601997,Plein jour,En agglomération,Hors intersection,Normale,Deux véhicules - côté,3,2,2,0,1,1,1,0,1,50,2,2,1,0,1,0,63.0,16.0,deux_roues,deux_roues,1,2,1,1,3
202000011932,2020-10-08 15:50:00,2020,10,8,15,50,58,58225,Champ des pierges,46.921549,3.083838,Plein jour,Hors agglomération,Hors intersection,Normale,Sans collision,4,2,2,0,2,3,1,0,1,80,1,1,0,0,1,0,52.0,,deux_roues,,1,1,1,1,7