accident_id,datetime,annee,mois,jour,heure,minute,departement,commune_insee,adresse,latitude,longitude,luminosite,agglomeration,intersection,meteo,collision,catr,circ,nbv,vosp,prof,plan,surf,infra,situ,vma,nb_vehicules,nb_usagers,nb_indemnes,nb_tues,nb_blesses_hosp,nb_blesses_legers,age_cond_1,age_cond_2,veh_type_cond_1,veh_type_cond_2,lum_code,agg_code,int_code,atm_code,col_code
202000011933,2020-08-17 18:00:00,2020,8,17,18,0,77,77249,A104,48.729999,2.60821,Plein jour,Hors agglomération,Hors intersection,Normale,,1,-1,2,0,1,1,1,0,1,90,4,7,3,0,0,4,23.0,36.0,voiture,utilitaire_camion,1,1,1,1,-1
202000011934,2020-10-03 01:40:00,2020,10,3,1,40,72,72380,mirebeau,48.232386,0.148184,Nuit sans éclairage public,Hors agglomération,Hors intersection,Normale,Deux véhicules - arrière,3,2,2,0,1,2,1,0,3,70,2,2,1,0,1,0,22.0,20.0,deux_roues,deux_roues,3,1,1,1,2
202000011935,2020-08-16 18:34:00,2020,8,16,18,34,974,97416,DATTES (ALLEE DES),-21.30227,55.43086,Nuit avec éclairage allumé,En agglomération,Intersection en X,Normale,Deux véhicules - côté,4,2,2,0,1,1,1,5,1,30,2,2,1,0,0,1,62.0,18.0,voiture,deux_roues,5,2,2,1,3
202000011936,2020-08-18 10:55:00,2020,8,18,10,55,72,72223,ROUTE DEPARTEMENTALE 35,47.875008,-0.106516,Plein jour,En agglomération,Hors intersection,Normale,,3,2,2,0,3,3,8,2,1,50,2,2,1,0,0,1,77.0,31.0,deux_roues,utilitaire_camion,1,2,1,1,-1
202000011937,2020-10-13 06:00:00,2020,10,13,6,0,72,72026,Saint Cher,48.123254,0.318915,Nuit sans éclairage public,Hors agglomération,Hors intersection,Pluie légère,Autre collision,3,2,2,0,1,3,2,0,3,90,1,1,0,1,0,0,23.0,,voiture,,3,1,1,2,6
202000011938,2020-10-10 20:15:00,2020,10,10,20,15,14,14654,D271,49.045745,-0.026479,Nuit sans éclairage public,Hors agglomération,Hors intersection,Normale,Sans collision,3,2,2,0,1,4,1,0,1,80,1,1,0,0,1,0,14.0,,deux_roues,,3,1,1,1,7
202000011939,2020-08-16 09:45:00,2020,8,16,9,45,974,97409,Route de Salazie,-20.975266,55.645701,Plein jour,Hors agglomération,Autre intersection,Normale,Deux véhicules - frontale,3,2,2,0,1,2,1,2,1,50,2,4,2,0,0,2,40.0,51.0,voiture,voiture,1,1,9,1,1
202000011940,2020-10-13 17:25:00,2020,10,13,17,25,64,64519,Route d'Uzein,43.36027,-0.38362,Plein jour,En agglomération,Intersection en X,Normale,Deux véhicules - côté,3,2,2,0,1,1,1,0,1,70,2,2,1,0,1,0,34.0,50.0,deux_roues,utilitaire_camion,1,2,2,1,3
202000011941,2020-08-15 19:40:00,2020,8,15,19,40,973,97302,CESAIRE (CITE),4.9309153,-52.3225272,Nuit avec éclairage allumé,En agglomération,Intersection en X,Pluie légère,Deux véhicules - côté,4,2,2,0,1,1,2,0,1,50,2,2,1,0,0,1,43.0,63.0,voiture,voiture,5,2,2,2,3
202000011942,2020-10-11 16:00:00,2020,10,11,16,0,16,16135,Lieu dit Les Justices,45.633047,0.561644,Plein jour,Hors agglomération,Hors intersection,Pluie légère,Autre collision,3,2,2,0,2,1,2,0,1,80,1,1,0,0,1,0,41.0,,deux_roues,,1,1,1,2,6
202000011943,2020-08-15 23:30:00,2020,8,15,23,30,69,69383,BARABAN                             (R ),45.76169,4.86828,Nuit avec éclairage allumé,En agglomération,Hors intersection,Normale,Deux véhicules - côté,4,2,2,0,1,1,1,0,1,50,2,2,1,0,0,1,27.0,14.0,voiture,deux_roues,5,2,1,1,3
202000011944,2020-10-12 18:40:00,2020,10,12,18,40,27,27577,route de trouville RD95,49.4154669,0.5592695,Crépuscule ou aube,Hors agglomération,Hors intersection,Normale,Sans collision,3,-1,2,0,1,1,1,0,1,50,1,1,0,1,0,0,51.0,,voiture,,2,1,1,1,7
202000011945,2020-10-11 18:15:00,2020,10,11,18,15,01,01274,A40 PK 115+200,46.160513,5.652101,Plein jour,Hors agglomération,Hors intersection,Temps couvert,Autre collision,1,3,2,0,1,2,2,9,1,110,1,1,0,0,0,1,20.0,,voiture,,1,1,1,8,6
202000011946,2020-10-11 01:25:00,2020,10,11,1,25,35,35353,RN 1012,48.123345,-1.732802,Nuit sans éclairage public,Hors agglomération,Hors intersection,Normale,Autre collision,2,3,4,0,4,1,1,0,1,90,1,2,1,1,0,0,31.0,,voiture,,3,1,1,1,6
202000011947,2020-08-16 17:45:00,2020,8,16,17,45,69,69259,VIVIANI                             (AV),45.72049,4.88522,Plein jour,En agglomération,Hors intersection,Normale,Deux véhicules - arrière,4,1,4,1,1,1,1,0,1,50,2,3,1,2,0,0,27.0,48.0,deux_roues,voiture,1,2,1,1,2
202000011948,2020-08-16 15:50:00,2020,8,16,15,50,69,69199,YVES FARGE                          (BD),45.70119,4.85602,Plein jour,En agglomération,Hors intersection,Temps couvert,Sans collision,3,2,4,0,2,3,2,5,8,50,1,1,0,0,0,1,32.0,,voiture,,1,2,1,8,7
202000011949,2020-10-12 17:40:00,2020,10,12,17,40,06,06152,Route de Nice,43.643135,7.011876,Plein jour,En agglomération,Intersection en T,Normale,Deux véhicules - côté,3,2,2,0,1,1,1,5,1,50,2,2,1,0,1,0,77.0,50.0,deux_roues,voiture,1,2,3,1,3
202000011950,2020-08-16 04:30:00,2020,8,16,4,30,69,69387,CHAMBAUD DE LA BRUYERE              (BD),45.72432,4.84209,Nuit avec éclairage allumé,En agglomération,Hors intersection,Normale,Autre collision,4,3,2,0,1,2,1,1,1,50,1,1,0,0,1,0,18.0,,deux_roues,,5,2,1,1,6
202000011951,2020-10-10 08:23:00,2020,10,10,8,23,67,67239,Autoroute A35 PK 445.300 sens COLMAR-STRASBOURG,48.239195,7.40839,Plein jour,Hors agglomération,Hors intersection,Normale,Autre collision,1,3,4,3,1,1,1,0,1,110,1,3,0,0,1,2,71.0,,voiture,,1,1,1,1,6
202000011952,2020-08-16 15:15:00,2020,8,16,15,15,972,97213,ROUTE DEPARTEMENTALE 13,14.6345,-61.0141,Plein jour,Hors agglomération,Autre intersection,Normale,Autre collision,3,2,2,0,1,2,1,0,1,50,1,1,0,0,1,0,32.0,,deux_roues,,1,1,9,1,6
202000011953,2020-08-16 14:05:00,2020,8,16,14,5,972,97213,ROUTE DEPARTEMENTALE 3,14.6566,-60.9755,Plein jour,Hors agglomération,Hors intersection,Pluie légère,Deux véhicules - frontale,3,2,2,0,2,2,2,0,1,50,2,1,0,0,0,1,15.0,,deux_roues,,1,1,1,2,1
202000011954,2020-10-13 06:42:00,2020,10,13,6,42,51,51562,A4,49.2078713,4.0744882,Nuit sans éclairage public,Hors agglomération,Hors intersection,Normale,Deux véhicules - frontale,1,3,4,0,1,1,1,0,1,130,2,3,1,0,1,1,59.0,26.0,utilitaire_camion,voiture,3,1,1,1,1
202000011955,2020-08-15 08:25:00,2020,8,15,8,25,69,69034,CANUTS (DES)                        (BD),45.78219,4.82878,Plein jour,En agglomération,Hors intersection,Normale,,4,2,0,1,1,1,1,6,5,20,1,2,1,0,0,1,22.0,,deux_roues,,1,2,1,1,-1
202000011956,2020-10-12 22:20:00,2020,10,12,22,20,988,98825,Lieu-dit BELLE-BOSSE,-21.241882,164.911931,Nuit sans éclairage public,Hors agglomération,Hors intersection,Pluie légère,Deux véhicules - arrière,2,2,2,0,4,1,2,0,1,110,2,2,1,0,1,0,21.0,53.0,voiture,voiture,3,1,1,2,2
202000011957,2020-08-16 22:05:00,2020,8,16,22,5,91,91326,COUR DE FRANCE (AVENUE DE LA),48.684994,2.374813,Nuit avec éclairage allumé,En agglomération,Hors intersection,Pluie légère,Deux véhicules - côté,2,3,6,0,1,1,1,0,1,50,2,2,1,0,0,1,37.0,52.0,deux_roues,voiture,5,2,1,2,3
202000011958,2020-10-12 11:20:00,2020,10,12,11,20,974,97420,D46,-20.947371,55.632289,Plein jour,Hors agglomération,Hors intersection,Normale,Deux véhicules - côté,3,2,2,0,2,4,1,0,1,80,2,2,1,0,0,1,38.0,36.0,voiture,voiture,1,1,1,1,3
202000011959,2020-08-16 14:20:00,2020,8,16,14,20,83,83137,WEYGAND (AVE GENERAL),43.12032,5.94887,Plein jour,En agglomération,Intersection en T,Normale,Deux véhicules - côté,4,1,4,0,1,1,1,5,1,50,2,4,0,0,0,4,25.0,48.0,voiture,voiture,1,2,3,1,3
202000011960,2020-10-13 10:35:00,2020,10,13,10,35,972,97228,Bd Raymond Huygues Despointes,14.771635,-61.008646,Plein jour,Hors agglomération,Hors intersection,Normale,Autre collision,3,2,2,0,2,2,1,0,1,80,1,2,1,1,0,0,87.0,,voiture,,1,1,1,1,6
202000011961,2020-08-15 12:20:00,2020,8,15,12,20,83,83069,GODILLOT  ( AVENUE ALEXIS ),43.11137,6.12403,Plein jour,En agglomération,Intersection en X,Normale,Deux véhicules - côté,4,2,2,0,1,1,1,0,1,50,2,2,1,0,0,1,25.0,30.0,deux_roues,utilitaire_camion,1,2,2,1,3
202000011962,2020-10-09 16:15:00,2020,10,9,16,15,29,29147,D765 - La Croix,47.89724,-3.576522,Plein jour,Hors agglomération,Hors intersection,Normale,Sans collision,3,2,2,0,1,1,1,0,1,80,1,1,0,0,0,1,45.0,,deux_roues,,1,1,1,1,7
202000011963,2020-10-12 08:30:00,2020,10,12,8,30,37,37072,Boulevard des Hucherolles,47.1708765,0.2564191,Plein jour,En agglomération,Intersection en T,Normale,Autre collision,4,2,2,0,3,1,2,0,4,50,1,2,1,0,0,1,28.0,,voiture,,1,2,3,1,6
202000011964,2020-08-11 19:03:00,2020,8,11,19,3,69,69256,GEORGES DIMITROV                    (AV),45.7774,4.92555,Plein jour,En agglomération,Hors intersection,Normale,Autre collision,4,2,2,0,1,1,1,0,4,50,1,2,1,0,1,0,66.0,,voiture,,1,2,1,1,6
202000011965,2020-10-12 11:50:00,2020,10,12,11,50,77,77147,Rue du Brandon,48.596692,3.092308,Plein jour,Hors agglomération,Hors intersection,Normale,Sans collision,3,2,2,0,3,1,2,0,3,80,1,1,0,0,1,0,34.0,,voiture,,1,1,1,1,7
202000011966,2020-10-12 17:50:00,2020,10,12,17,50,77,77315,2 Rue de Touraine,48.882787,2.831718,Plein jour,En agglomération,Intersection en Y,Temps couvert,Autre collision,4,2,2,0,1,3,1,0,1,30,1,2,1,0,0,1,51.0,,voiture,,1,2,4,8,6
202000011967,2020-08-15 23:20:00,2020,8,15,23,20,69,69266,MARIE ANTOINETTE    (Rue),45.78431,4.88669,Nuit sans éclairage public,En agglomération,Intersection en T,Normale,Deux véhicules - frontale,4,2,2,0,1,1,1,0,1,50,2,2,1,0,1,0,19.0,31.0,voiture,deux_roues,3,2,3,1,1
202000011968,2020-10-13 08:30:00,2020,10,13,8,30,2B,2B042,Avenue de Borgo,42.561363,9.441177,Plein jour,En agglomération,Autre intersection,Normale,Autre collision,2,2,2,0,1,1,1,0,1,50,1,2,1,0,1,0,52.0,,deux_roues,,1,2,9,1,6
202000011969,2020-08-11 17:35:00,2020,8,11,17,35,69,69092,TARARE (route de),45.98418,4.70031,Plein jour,En agglomération,Hors intersection,Normale,Autre collision,4,2,3,0,1,1,1,0,1,50,1,2,1,0,0,1,42.0,,voiture,,1,2,1,1,6
202000011970,2020-10-12 16:14:00,2020,10,12,16,14,06,06011,7 Boulevard du Maréchal Leclerc,43.705942,7.334796,Plein jour,En agglomération,Hors intersection,Temps éblouissant,Deux véhicules - arrière,7,2,2,0,1,1,1,0,1,30,2,4,2,0,2,0,54.0,51.0,deux_roues,utilitaire_camion,1,2,1,7,2
202000011971,2020-08-16 23:40:00,2020,8,16,23,40,68,68224,STRASBOURG (RUE DE),47.750812,7.323595,Nuit avec éclairage allumé,En agglomération,Hors intersection,Normale,Deux véhicules - côté,4,2,2,0,1,1,2,0,1,50,2,3,1,0,1,1,25.0,47.0,deux_roues,voiture,5,2,1,1,3
202000011972,2020-10-12 17:10:00,2020,10,12,17,10,67,67046,5 Rue du Général Leclerc,48.764464,7.8586,Plein jour,En agglomération,Hors intersection,Pluie légère,Deux véhicules - côté,3,2,2,0,1,1,2,0,1,30,2,2,1,0,1,0,30.0,10.0,voiture,deux_roues,1,2,1,2,3
202000011973,2020-10-11 22:30:00,2020,10,11,22,30,73,73213,D1006 Route de Challes,45.567459,5.964439,Nuit avec éclairage allumé,Hors agglomération,Hors intersection,Normale,Deux véhicules - arrière,3,2,2,0,1,1,1,9,1,50,2,5,1,0,0,4,41.0,56.0,voiture,voiture,5,1,1,1,2
202000011974,2020-08-15 11:40:00,2020,8,15,11,40,59,59043,LILLE (ROUTE DE),50.72076,2.80253,Plein jour,Hors agglomération,Hors intersection,Normale,Deux véhicules - côté,3,2,2,2,1,1,1,0,1,70,2,2,1,0,0,1,41.0,72.0,deux_roues,voiture,1,1,1,1,3
202000011975,2020-08-15 20:12:00,2020,8,15,20,12,45,45274,Rue de la Levee,47.896032,1.952412,Plein jour,Hors agglomération,Hors intersection,Normale,Autre collision,4,2,2,0,1,1,1,0,1,50,1,1,0,0,1,0,49.0,,deux_roues,,1,1,1,1,6
202000011976,2020-10-13 16:45:00,2020,10,13,16,45,42,42285,Route de Montbrison,45.5522172,4.161061,Plein jour,Hors agglomération,Hors intersection,Normale,Deux véhicules - frontale,3,2,2,0,1,1,1,0,1,80,2,4,0,1,2,1,63.0,23.0,voiture,voiture,1,1,1,1,1
202000011977,2020-10-04 06:45:00,2020,10,4,6,45,44,44209,31 Rue des Landes,47.3042495,-1.6164481,Crépuscule ou aube,En agglomération,Autre intersection,Pluie forte,Sans collision,3,2,2,0,1,1,2,0,8,70,1,4,2,0,1,1,20.0,,voiture,,2,2,9,3,7
202000011978,2020-08-16 02:00:00,2020,8,16,2,0,34,34172,LIBERTE (AVENUE DE LA,43.60995,3.83621,Nuit avec éclairage allumé,En agglomération,Hors intersection,Normale,Deux véhicules - frontale,4,2,2,0,1,1,1,0,1,50,2,5,0,0,2,3,26.0,24.0,voiture,voiture,5,2,1,1,1
202000011979,2020-10-03 00:40:00,2020,10,3,0,40,69,69071,route de villefranche,45.879478,4.823223,Nuit sans éclairage public,En agglomération,Hors intersection,Pluie légère,Deux véhicules - frontale,3,2,2,0,1,1,2,0,1,50,2,3,0,0,0,3,17.0,25.0,voiture,voiture,3,2,1,2,1
202000011980,2020-10-13 14:55:00,2020,10,13,14,55,85,85003,Les Trois Chênes,46.715198,-1.691288,Plein jour,Hors agglomération,Intersection en T,Normale,Deux véhicules - côté,4,2,2,0,1,1,1,0,1,80,2,2,1,0,1,0,80.0,65.0,deux_roues,voiture,1,1,3,1,3
202000011981,2020-08-17 00:00:00,2020,8,17,0,0,33,33554,AVE DU TECHENEY,44.87554,-0.49175,Nuit avec éclairage allumé,En agglomération,Hors intersection,Normale,Autre collision,4,2,4,2,1,2,1,0,1,50,1,5,3,0,0,2,21.0,,voiture,,5,2,1,1,6
202000011982,2020-10-10 18:40:00,2020,10,10,18,40,60,60060,38 Rue des Groux,49.183624,2.194238,Plein jour,En agglomération,Hors intersection,Normale,Sans collision,4,2,2,0,2,1,2,0,1,50,1,1,0,0,1,0,18.0,,deux_roues,,1,2,1,1,7
202000011983,2020-10-13 18:00:00,2020,10,13,18,0,60,60355,90 Rue Saint-germain,49.4159384,2.1974479,Plein jour,En agglomération,Hors intersection,Normale,Autre collision,3,2,2,0,1,1,1,0,1,50,1,2,1,0,1,0,20.0,,voiture,,1,2,1,1,6
202000011984,2020-08-16 17:47:00,2020,8,16,17,47,29,29039,Boulevard Bougainville,47.87037,-3.92299,Plein jour,En agglomération,Intersection en T,Normale,Autre collision,4,2,2,0,2,2,1,5,1,50,1,2,1,0,1,0,60.0,,voiture,,1,2,3,1,6
202000011985,2020-10-13 11:31:00,2020,10,13,11,31,02,02381,AVENUE DE VERDUN,49.915237,4.090916,Plein jour,En agglomération,Autre intersection,Pluie légère,Deux véhicules - frontale,4,2,2,2,2,1,2,0,1,50,2,2,1,0,0,1,81.0,63.0,voiture,voiture,1,2,9,2,1
202000011986,2020-08-17 00:00:00,2020,8,17,0,0,13,13209,AVIATEUR LE BRIX (RUE),43.2618215,5.4040246,Nuit avec éclairage allumé,En agglomération,Intersection en T,Normale,Deux véhicules - côté,4,2,4,0,1,1,1,0,1,50,2,2,0,0,1,1,38.0,22.0,deux_roues,deux_roues,5,2,3,1,3
202000011987,2020-10-03 03:21:00,2020,10,3,3,21,13,13056,A55-Sens Martigues vers Marseille,43.40287,5.03954,Nuit sans éclairage public,Hors agglomération,Hors intersection,Pluie légère,Autre collision,1,1,1,0,2,3,2,0,1,70,1,1,0,0,0,1,20.0,,voiture,,3,1,1,2,6
202000011988,2020-08-16 23:05:00,2020,8,16,23,5,13,13216,CONDORCET (RUE),43.35691,5.34231,Nuit avec éclairage allumé,En agglomération,Hors intersection,Normale,Trois véhicules et plus - collisions multiples,4,2,2,0,1,1,1,0,1,50,3,3,2,0,0,1,43.0,51.0,voiture,voiture,5,2,1,1,5
202000011989,2020-10-12 06:50:00,2020,10,12,6,50,13,13215,A7-Sens Marseille vers Lyon,43.366509,5.360817,Nuit sans éclairage public,Hors agglomération,Hors intersection,Normale,Trois véhicules et plus - en chaîne,1,-1,3,0,1,1,1,0,1,90,4,5,3,0,0,2,54.0,32.0,deux_roues,voiture,3,1,1,1,4
202000011990,2020-08-16 15:00:00,2020,8,16,15,0,13,13215,Min (avenue du),43.34178,5.37293,Plein jour,En agglomération,Intersection en X,Normale,Deux véhicules - côté,4,3,4,0,2,2,1,0,1,50,2,4,3,0,0,1,29.0,38.0,voiture,autre,1,2,2,1,3
202000011991,2020-08-16 04:40:00,2020,8,16,4,40,13,13208,MENDES FRANCE (AVENUE),43.24991,5.37529,Nuit avec éclairage allumé,En agglomération,Hors intersection,Normale,Autre collision,4,3,4,0,2,1,1,0,1,50,1,1,0,0,1,0,,,,,5,2,1,1,6
202000011992,2020-10-10 11:10:00,2020,10,10,11,10,83,83137,BRETELLE D'ACCES N°17 TOULON/NICE,43.12132,5.95331,Plein jour,Hors agglomération,Hors intersection,Normale,Trois véhicules et plus - en chaîne,1,3,4,0,2,1,1,0,1,70,3,4,2,0,0,2,39.0,64.0,voiture,voiture,1,1,1,1,4
202000011993,2020-08-16 04:45:00,2020,8,16,4,45,13,13212,POILUS (AVENUE DES),43.318352,5.459747,Nuit avec éclairage allumé,En agglomération,Hors intersection,Normale,Autre collision,3,2,2,0,1,1,1,0,1,50,1,1,0,0,1,0,33.0,,voiture,,5,2,1,1,6
202000011994,2020-10-11 17:30:00,2020,10,11,17,30,69,69297,A7   15.770 A 20.110,45.5926,4.7971,Plein jour,Hors agglomération,Hors intersection,Normale,Trois véhicules et plus - en chaîne,1,1,4,0,1,1,1,0,1,90,3,4,2,0,0,2,49.0,20.0,voiture,voiture,1,1,1,1,4
202000011995,2020-08-15 16:20:00,2020,8,15,16,20,13,13210,ROMAIN ROLLAND (BOULEVARD),43.274481,5.415045,Plein jour,En agglomération,Hors intersection,Normale,Deux véhicules - côté,4,2,4,0,1,1,1,0,1,50,2,3,0,0,0,3,42.0,26.0,deux_roues,voiture,1,2,1,1,3
202000011996,2020-10-12 11:20:00,2020,10,12,11,20,78,78640,A86 EXT,48.777574,2.21959,Plein jour,Hors agglomération,Hors intersection,Normale,Trois véhicules et plus - en chaîne,1,-1,3,0,1,1,1,0,1,90,3,3,2,0,0,1,48.0,26.0,voiture,voiture,1,1,1,1,4
202000011997,2020-08-15 13:05:00,2020,8,15,13,5,13,13206,JULIEN (COURS),43.29606,5.38164,Plein jour,En agglomération,Hors intersection,Normale,Autre collision,7,2,2,0,2,2,1,0,1,50,1,2,1,0,0,1,25.0,,voiture,,1,2,1,1,6
202000011998,2020-10-11 22:30:00,2020,10,11,22,30,93,93048,AUTOROUTE A3,48.86844,2.42827,Nuit avec éclairage allumé,Hors agglomération,Hors intersection,Normale,Deux véhicules - arrière,1,3,5,0,2,2,1,1,1,70,2,2,1,0,0,1,35.0,55.0,voiture,voiture,5,1,1,1,2
202000011999,2020-06-17 12:30:00,2020,6,17,12,30,57,57256,D603,49.117275,6.037781,Plein jour,Hors agglomération,Hors intersection,Pluie forte,Deux véhicules - côté,3,2,3,0,2,1,2,0,1,90,2,3,0,1,2,0,41.0,28.0,voiture,voiture,1,1,1,3,3
202000012000,2020-08-15 09:05:00,2020,8,15,9,5,13,13005,EOURES (ROUTE D'),43.30628,5.55427,Plein jour,Hors agglomération,Hors intersection,Normale,Trois véhicules et plus - collisions multiples,3,2,2,0,2,2,1,0,1,70,3,6,4,0,0,2,74.0,20.0,voiture,voiture,1,1,1,1,5
202000012001,2020-10-11 10:00:00,2020,10,11,10,0,974,97411,FOUGERES (CHEMIN DES),-20.93068,55.48742,Plein jour,En agglomération,Hors intersection,Normale,Sans collision,4,2,2,0,2,1,1,0,4,50,1,2,0,0,0,2,24.0,,deux_roues,,1,2,1,1,7
202000012002,2020-08-16 22:15:00,2020,8,16,22,15,13,13004,RTE D EYGUIERES,43.66233,4.67468,Nuit sans éclairage public,Hors agglomération,Hors intersection,Normale,Deux véhicules - frontale,3,2,2,0,1,1,1,0,1,80,2,2,1,0,0,1,46.0,24.0,voiture,voiture,3,1,1,1,1
202000012003,2020-10-11 13:16:00,2020,10,11,13,16,69,69387,BERTHELOT                           (AV),45.74298,4.84883,Plein jour,En agglomération,Hors intersection,Temps couvert,Autre collision,4,2,2,3,1,1,1,0,1,50,1,4,1,0,0,3,33.0,,transport_commun,,1,2,1,8,6
202000012004,2020-08-14 15:30:00,2020,8,14,15,30,09,09122,LECLERC (AVENUE DU GENERAL),42.987168,1.615742,Plein jour,En agglomération,Hors intersection,Normale,Trois véhicules et plus - en chaîne,3,3,3,0,1,1,1,0,1,70,3,4,1,0,0,3,59.0,20.0,voiture,voiture,1,2,1,1,4
202000012005,2020-10-10 18:20:00,2020,10,10,18,20,69,69259,ALBERT EINSTEIN                     (R ),45.70014,4.87634,Plein jour,En agglomération,Intersection en T,Normale,Trois véhicules et plus - collisions multiples,4,2,2,0,1,1,1,0,1,50,3,6,3,0,0,3,25.0,28.0,voiture,voiture,1,2,3,1,5
202000012006,2020-10-09 08:25:00,2020,10,9,8,25,69,69034,FORTS (DES)                         (MO),45.79448,4.83012,Plein jour,En agglomération,Hors intersection,Normale,Autre collision,4,2,2,0,4,2,1,0,1,50,1,1,0,0,0,1,27.0,,deux_roues,,1,2,1,1,6
202000012007,2020-08-16 16:40:00,2020,8,16,16,40,06,06088,GAIRAUT (AV. DE),43.736544,7.263224,Plein jour,En agglomération,Autre intersection,Normale,Deux véhicules - côté,4,2,2,0,1,1,1,0,1,50,2,5,1,0,0,4,36.0,66.0,voiture,voiture,1,2,9,1,3
202000012008,2020-10-10 20:45:00,2020,10,10,20,45,69,69385,ETROITS (DES)                       (QU),45.7508833,4.8200101,Nuit avec éclairage allumé,En agglomération,Hors intersection,Normale,Deux véhicules - côté,4,2,2,0,1,1,1,0,1,50,2,3,1,0,0,2,20.0,24.0,voiture,deux_roues,5,2,1,1,3
202000012009,2020-08-16 15:00:00,2020,8,16,15,0,06,06088,QUINZIEME CORPS (AV. DU),43.70681,7.28018,Plein jour,En agglomération,Intersection en Y,Normale,Deux véhicules - côté,4,2,2,0,1,2,1,0,1,50,2,4,2,0,1,1,36.0,32.0,voiture,deux_roues,1,2,4,1,3
202000012010,2020-10-10 18:24:00,2020,10,10,18,24,79,79191,Route d'Aiffres,46.31601,-0.45471,Crépuscule ou aube,En agglomération,Hors intersection,Normale,Autre collision,3,2,2,0,2,1,1,2,1,50,1,2,1,0,1,0,69.0,,voiture,,2,2,1,1,6
202000012011,2020-08-16 03:26:00,2020,8,16,3,26,06,06088,PROMENADE DES ANGLAIS (DU N° 1 AU N° 43),43.694839,7.262915,Nuit avec éclairage allumé,En agglomération,Hors intersection,Normale,Autre collision,4,3,3,0,1,1,1,0,1,50,1,2,0,1,1,0,28.0,,deux_roues,,5,2,1,1,6
202000012012,2020-08-15 22:30:00,2020,8,15,22,30,75,75116,BOULEVARD PERIPHERIQUE,48.85464,2.254711,Nuit avec éclairage allumé,En agglomération,Hors intersection,Normale,Deux véhicules - côté,4,1,3,0,2,1,1,1,1,70,2,2,1,0,0,1,32.0,35.0,voiture,deux_roues,5,2,1,1,3
202000012013,2020-10-11 14:00:00,2020,10,11,14,0,77,77237,RD 345,48.8422,2.7761,Plein jour,En agglomération,Hors intersection,Normale,Deux véhicules - arrière,3,2,2,0,1,1,1,0,1,50,2,2,1,0,0,1,49.0,37.0,voiture,voiture,1,2,1,1,2
202000012014,2020-10-10 22:50:00,2020,10,10,22,50,74,74008,MARTINIERE (PLACE DE LA),46.19949,6.22504,Nuit avec éclairage allumé,En agglomération,Hors intersection,Pluie légère,Autre collision,4,-1,1,0,1,1,2,0,4,50,1,2,1,0,0,1,32.0,,voiture,,5,2,1,2,6
202000012015,2020-08-16 00:07:00,2020,8,16,0,7,75,75115,RUE LECOURBE,48.844708,2.309765,Nuit avec éclairage allumé,En agglomération,Hors intersection,Normale,Sans collision,4,2,3,1,1,1,1,-1,5,30,1,1,0,0,1,0,22.0,,deux_roues,,5,2,1,1,7
202000012016,2020-10-10 02:35:00,2020,10,10,2,35,74,74118,DEPORTES (ROUTE DES ),46.18277,6.23071,Nuit avec éclairage allumé,En agglomération,Hors intersection,Normale,Deux véhicules - frontale,3,2,2,0,2,2,1,0,1,50,2,2,1,0,0,1,28.0,19.0,deux_roues,voiture,5,2,1,1,1
202000012017,2020-10-10 16:40:00,2020,10,10,16,40,69,69264,BRAUN THEODORE  AV,45.98097,4.7404,Plein jour,En agglomération,Hors intersection,Normale,,3,3,2,3,1,1,1,0,6,50,2,2,1,0,0,1,17.0,58.0,deux_roues,voiture,1,2,1,1,-1
202000012018,2020-08-16 18:50:00,2020,8,16,18,50,75,75105,RUE MONGE,48.848089,2.350478,Plein jour,En agglomération,Intersection en X,Normale,,4,2,2,0,2,1,1,0,1,50,2,1,0,0,0,1,29.0,,deux_roues,,1,2,2,1,-1
202000012019,2020-10-11 07:10:00,2020,10,11,7,10,59,59350,TURENNE RUE,50.62714,3.0391,Nuit avec éclairage allumé,En agglomération,Intersection en X,Normale,Deux véhicules - frontale,4,2,2,0,1,1,2,0,1,50,2,3,1,0,0,2,36.0,48.0,voiture,voiture,5,2,2,1,1
202000012020,2020-08-16 17:16:00,2020,8,16,17,16,75,75119,PLACE DU COLONEL FABIEN,48.878432,2.370448,Plein jour,En agglomération,Place,Normale,Trois véhicules et plus - en chaîne,4,1,2,0,2,2,1,0,1,50,3,3,2,0,0,1,20.0,26.0,voiture,voiture,1,2,7,1,4
202000012021,2020-10-05 11:45:00,2020,10,5,11,45,59,59273,ISLANDAIS (RUE DES),50.986,2.1219,Plein jour,En agglomération,Hors intersection,Normale,Deux véhicules - côté,3,2,2,0,1,1,1,0,1,50,2,2,1,0,1,0,40.0,61.0,voiture,deux_roues,1,2,1,1,3
202000012022,2020-08-16 22:40:00,2020,8,16,22,40,75,75118,RUE MARX DORMOY,48.886948,2.359677,Nuit avec éclairage allumé,En agglomération,Hors intersection,Normale,Autre collision,4,2,4,3,1,1,1,0,1,50,1,2,1,0,0,1,42.0,,voiture,,5,2,1,1,6