accident_id,datetime,annee,mois,jour,heure,minute,departement,commune_insee,adresse,latitude,longitude,luminosite,agglomeration,intersection,meteo,collision,catr,circ,nbv,vosp,prof,plan,surf,infra,situ,vma,nb_vehicules,nb_usagers,nb_indemnes,nb_tues,nb_blesses_hosp,nb_blesses_legers,age_cond_1,age_cond_2,veh_type_cond_1,veh_type_cond_2,lum_code,agg_code,int_code,atm_code,col_code
202000012023,2020-10-09 18:14:00,2020,10,9,18,14,54,54375,RD 958  ,48.89952,5.99399,Plein jour,Hors agglomération,Hors intersection,Pluie légère,Deux véhicules - côté,3,2,2,0,2,4,2,0,1,70,2,5,0,1,0,4,19.0,38.0,voiture,voiture,1,1,1,2,3
202000012024,2020-08-15 23:50:00,2020,8,15,23,50,75,75110,RUE D HAUTEVILLE,48.871618,2.349906,Nuit avec éclairage allumé,En agglomération,Intersection en X,Normale,Autre collision,4,1,0,0,1,1,1,0,1,50,1,3,2,0,0,1,30.0,,voiture,,5,2,2,1,6
202000012025,2020-08-16 14:30:00,2020,8,16,14,30,75,75108,PLACE DE LA CONCORDE,48.866356,2.32339,Plein jour,En agglomération,Place,Normale,Autre collision,4,3,5,1,1,2,1,-1,5,50,1,1,0,0,0,1,71.0,,deux_roues,,1,2,7,1,6
202000012026,2020-10-11 02:30:00,2020,10,11,2,30,54,54395,SAINT DIZIER (RUE 2 A 80-1 A 109 BIS),48.6924406,6.1812204,Nuit avec éclairage allumé,En agglomération,Intersection en X,Temps couvert,Deux véhicules - arrière,4,1,2,3,1,1,1,0,1,30,2,5,2,0,0,3,39.0,24.0,voiture,voiture,5,2,2,8,2
202000012027,2020-08-16 01:10:00,2020,8,16,1,10,75,75101,RUE DE RIVOLI,48.866385,2.323763,Nuit avec éclairage allumé,En agglomération,Hors intersection,Normale,Sans collision,4,1,1,0,1,1,1,9,1,30,1,2,0,0,0,2,25.0,,deux_roues,,5,2,1,1,7
202000012028,2020-10-11 17:55:00,2020,10,11,17,55,51,51454,Rue de Louvois,49.2386629,4.0315103,Plein jour,En agglomération,Hors intersection,Normale,Deux véhicules - côté,4,2,2,0,2,1,1,0,1,30,2,2,1,0,0,1,35.0,18.0,voiture,deux_roues,1,2,1,1,3
202000012029,2020-08-16 14:00:00,2020,8,16,14,0,75,75103,RUE DU TEMPLE,48.865188,2.360209,Plein jour,En agglomération,Intersection en T,Normale,Deux véhicules - frontale,4,1,3,3,1,1,1,-1,6,50,2,2,1,0,0,1,47.0,32.0,utilitaire_camion,deux_roues,1,2,3,1,1
202000012030,2020-10-11 21:50:00,2020,10,11,21,50,44,44162,Boulevard du Massacre,47.23247,-1.59132,Nuit avec éclairage allumé,En agglomération,Intersection en T,Normale,Deux véhicules - côté,4,2,2,0,2,1,1,0,1,50,2,1,0,0,0,1,34.0,,deux_roues,,5,2,3,1,3
202000012031,2020-08-16 13:40:00,2020,8,16,13,40,75,75101,RUE DE RIVOLI,48.859496,2.345188,Plein jour,En agglomération,Intersection en T,Normale,Deux véhicules - côté,4,2,3,1,1,1,1,0,1,30,2,2,1,0,0,1,49.0,41.0,voiture,deux_roues,1,2,3,1,3
202000012032,2020-10-11 06:15:00,2020,10,11,6,15,44,44109,POILUS ( BD DES ),47.23011,-1.52857,Nuit avec éclairage allumé,En agglomération,Hors intersection,Normale,Autre collision,4,2,0,0,1,1,1,0,1,30,1,2,1,0,1,0,22.0,,voiture,,5,2,1,1,6
202000012033,2020-08-16 15:30:00,2020,8,16,15,30,94,94017,GENERAL LECLERC (AV DU),48.82807,2.51261,Plein jour,En agglomération,Hors intersection,Normale,Deux véhicules - côté,3,2,2,0,1,1,1,0,1,50,2,2,1,0,0,1,26.0,49.0,deux_roues,voiture,1,2,1,1,3
202000012034,2020-10-11 21:30:00,2020,10,11,21,30,33,33550,RTE DE TOULOUSE,44.78246,-0.56607,Nuit avec éclairage allumé,En agglomération,Hors intersection,Normale,Deux véhicules - frontale,4,2,4,2,1,1,1,0,1,50,2,2,1,0,0,1,23.0,29.0,deux_roues,voiture,5,2,1,1,1
202000012035,2020-08-16 07:08:00,2020,8,16,7,8,93,93032,R DE LA MARE,48.876138,2.5500055,Plein jour,En agglomération,Hors intersection,Temps couvert,Autre collision,4,1,1,0,1,1,1,0,1,50,1,2,1,0,1,0,59.0,,voiture,,1,2,1,8,6
202000012036,2020-10-11 05:45:00,2020,10,11,5,45,33,33249,QUAI CARRIET,44.8832,-0.53072,Nuit avec éclairage allumé,En agglomération,Hors intersection,Normale,Deux véhicules - frontale,4,2,2,0,1,1,1,0,1,50,2,3,0,0,0,3,25.0,21.0,voiture,voiture,5,2,1,1,1
202000012037,2020-10-11 22:40:00,2020,10,11,22,40,29,29232,Chemin de Kerequellou,47.9640664,-4.0624782,Nuit sans éclairage public,Hors agglomération,Hors intersection,Normale,Autre collision,4,1,2,0,1,1,1,0,8,70,1,1,0,0,0,1,23.0,,voiture,,3,1,1,1,6
202000012038,2020-10-11 15:30:00,2020,10,11,15,30,27,27681,LODARDS (BOULEVARD DES),49.08367,1.48782,Plein jour,En agglomération,Intersection en X,Pluie légère,Deux véhicules - côté,4,2,2,0,1,1,2,0,1,50,2,2,1,0,0,1,28.0,65.0,voiture,voiture,1,2,2,2,3
202000012039,2020-10-11 20:25:00,2020,10,11,20,25,27,27229,VERNON (RUE DE),49.0242375,1.1715349,Nuit avec éclairage allumé,En agglomération,Hors intersection,Autre,Deux véhicules - côté,4,2,2,0,1,1,1,0,1,50,2,2,1,0,0,1,53.0,23.0,voiture,deux_roues,5,2,1,9,3
202000012040,2020-08-16 14:00:00,2020,8,16,14,0,92,92012,JEAN JAURES (BOULEVARD) 217/FIN - 210/FI,48.83039,2.24536,Plein jour,En agglomération,Hors intersection,Normale,Deux véhicules - arrière,3,2,2,0,1,1,1,0,1,50,2,3,2,0,0,1,54.0,42.0,voiture,voiture,1,2,1,1,2
202000012041,2020-10-11 23:00:00,2020,10,11,23,0,18,18033,CHARITE (ROUTE DE LA),47.09494,2.42059,Nuit avec éclairage allumé,En agglomération,Hors intersection,Normale,Deux véhicules - arrière,4,2,1,0,1,1,2,0,1,50,2,2,1,0,0,1,23.0,49.0,deux_roues,voiture,5,2,1,1,2
202000012042,2020-10-11 21:05:00,2020,10,11,21,5,13,13208,GRAND LARGE (PROMENADE DU),43.241809,5.364469,Nuit avec éclairage allumé,En agglomération,Hors intersection,Normale,Deux véhicules - frontale,4,1,2,1,1,4,1,0,8,30,2,2,1,0,0,1,29.0,55.0,voiture,voiture,5,2,1,1,1
202000012043,2020-08-16 04:00:00,2020,8,16,4,0,62,62254,D157,50.610546,2.188798,Nuit sans éclairage public,Hors agglomération,Hors intersection,Brouillard / fumée,Autre collision,3,2,2,0,1,1,1,0,8,80,1,4,1,0,1,2,18.0,,voiture,,3,1,1,5,6
202000012044,2020-10-11 15:45:00,2020,10,11,15,45,13,13208,PRADO (AVENUE DU),43.2704223,5.3880376,Plein jour,En agglomération,Hors intersection,Normale,Trois véhicules et plus - collisions multiples,4,2,6,3,1,1,1,0,1,50,3,7,0,0,2,5,64.0,35.0,voiture,voiture,1,2,1,1,5
202000012045,2020-08-16 09:30:00,2020,8,16,9,30,66,66164,A9 PK 243.000,42.762579,2.89155,Plein jour,Hors agglomération,Hors intersection,Normale,Autre collision,1,3,3,0,1,1,1,0,2,130,1,3,2,0,0,1,51.0,,voiture,,1,1,1,1,6
202000012046,2020-10-11 04:40:00,2020,10,11,4,40,13,13209,SCHLOESING (BOULEVARD),43.272824,5.40089,Nuit avec éclairage allumé,En agglomération,Hors intersection,Normale,Deux véhicules - arrière,3,2,0,0,1,1,1,0,1,50,2,2,1,0,0,1,25.0,25.0,voiture,voiture,5,2,1,1,2
202000012047,2020-08-16 20:10:00,2020,8,16,20,10,972,97207,départementale 5 face à la résidence cécilion,14.571944,-60.963537,Nuit avec éclairage allumé,En agglomération,Hors intersection,Pluie légère,Deux véhicules - frontale,3,2,2,0,2,1,2,0,1,50,2,3,1,0,1,1,31.0,26.0,voiture,deux_roues,5,2,1,2,1
202000012048,2020-10-11 19:05:00,2020,10,11,19,5,13,13047,D.5,43.5853,4.94576,Crépuscule ou aube,Hors agglomération,Intersection en X,Normale,Deux véhicules - côté,3,2,3,0,1,1,1,5,1,70,2,2,0,0,0,2,57.0,69.0,voiture,voiture,2,1,2,1,3
202000012049,2020-08-05 19:00:00,2020,8,5,19,0,22,22341,D44,48.401714,-2.372961,Plein jour,Hors agglomération,Intersection en X,Normale,Deux véhicules - côté,3,2,2,0,1,1,1,0,1,80,2,4,1,0,0,3,20.0,40.0,voiture,voiture,1,1,2,1,3
202000012050,2020-10-11 15:30:00,2020,10,11,15,30,13,13005,AVELANEDE (CHEMIN DE L'),43.28765,5.58717,Plein jour,Hors agglomération,Intersection en T,Normale,Deux véhicules - côté,3,1,1,0,4,1,1,5,1,80,2,7,2,0,0,5,56.0,23.0,voiture,voiture,1,1,3,1,3
202000012051,2020-08-16 18:35:00,2020,8,16,18,35,50,50159,D38,49.0214,-1.238306,Plein jour,Hors agglomération,Hors intersection,Pluie légère,Autre collision,3,2,2,0,2,1,2,0,8,80,1,1,0,0,0,1,21.0,,voiture,,1,1,1,2,6
202000012052,2020-10-11 15:15:00,2020,10,11,15,15,06,06004,ESTEREL AV.DE L',43.56995,7.10866,Plein jour,En agglomération,Intersection en X,Autre,Deux véhicules - côté,4,1,1,0,2,1,2,0,1,50,2,4,2,0,1,1,17.0,17.0,voiture,deux_roues,1,2,2,9,3
202000012053,2020-10-11 12:30:00,2020,10,11,12,30,75,75105,BOULEVARD DE PORT ROYAL,48.839421,2.33754,Plein jour,En agglomération,Intersection en X,Normale,Deux véhicules - côté,4,2,4,3,1,1,1,-1,6,50,2,2,1,0,0,1,48.0,56.0,voiture,deux_roues,1,2,2,1,3
202000012054,2020-10-11 00:30:00,2020,10,11,0,30,75,75105,BOULEVARD SAINT MARCEL,48.838978,2.358592,Nuit avec éclairage allumé,En agglomération,Intersection en T,Temps couvert,Deux véhicules - frontale,4,2,4,0,1,1,1,0,1,50,2,4,3,0,0,1,42.0,38.0,voiture,voiture,5,2,3,8,1
202000012055,2020-10-10 12:20:00,2020,10,10,12,20,75,75115,QUAI ANDRE CITROEN,48.847377,2.278871,Plein jour,En agglomération,Intersection en T,Normale,Autre collision,4,2,4,0,1,1,1,5,1,50,1,2,1,0,0,1,36.0,,voiture,,1,2,3,1,6
202000012056,2020-10-11 13:15:00,2020,10,11,13,15,75,75120,RUE DES PYRENEES,48.858525,2.402867,Plein jour,En agglomération,Hors intersection,Normale,Autre collision,4,2,3,3,2,1,1,-1,6,50,1,2,1,0,0,1,53.0,,voiture,,1,2,1,1,6
202000012057,2020-08-17 12:10:00,2020,8,17,12,10,37,37050,A10,47.3181043,0.6891376,Plein jour,Hors agglomération,Hors intersection,Normale,Deux véhicules - arrière,1,3,4,0,1,1,1,0,1,110,2,8,6,0,0,2,69.0,46.0,voiture,voiture,1,1,1,1,2
202000012058,2020-08-12 20:00:00,2020,8,12,20,0,30,30141,Rue Jean Bouin,44.101774,4.658664,Plein jour,En agglomération,Hors intersection,Normale,Autre collision,4,2,2,0,4,1,1,0,3,50,1,1,0,0,1,0,20.0,,deux_roues,,1,2,1,1,6
202000012059,2020-08-10 18:40:00,2020,8,10,18,40,34,34095,D114,43.536457,3.755983,Plein jour,Hors agglomération,Hors intersection,Normale,Deux véhicules - côté,3,2,2,0,2,3,1,0,1,80,2,3,2,0,1,0,51.0,51.0,voiture,deux_roues,1,1,1,1,3
202000012060,2020-08-09 09:30:00,2020,8,9,9,30,34,34270,Bretelle de sortie de l'autoroute A 709 sortie N° 32 sens Montpellier Sete,43.568794,3.83616,Plein jour,En agglomération,Hors intersection,Normale,Trois véhicules et plus - collisions multiples,1,2,3,0,1,2,1,0,1,-1,3,3,2,0,0,1,92.0,51.0,voiture,utilitaire_camion,1,2,1,1,5
202000012061,2020-08-15 15:45:00,2020,8,15,15,45,74,74263,Route de Pérrignier,46.317281,6.398077,Plein jour,Hors agglomération,Hors intersection,Normale,Deux véhicules - arrière,3,2,2,0,1,1,1,0,1,80,2,2,1,1,0,0,30.0,70.0,voiture,deux_roues,1,1,1,1,2
202000012062,2020-08-16 05:52:00,2020,8,16,5,52,51,51231,D208,48.9851236,4.4577735,Crépuscule ou aube,Hors agglomération,Hors intersection,Normale,Sans collision,3,2,2,0,1,1,1,0,8,80,1,2,0,0,1,1,26.0,,voiture,,2,1,1,1,7
202000012063,2020-08-16 11:30:00,2020,8,16,11,30,19,19024,Meyade,45.3670251,1.3985102,Plein jour,Hors agglomération,Hors intersection,Pluie légère,Sans collision,4,-1,1,0,2,1,6,0,8,-1,1,1,0,0,1,0,57.0,,deux_roues,,1,1,1,2,7
202000012064,2020-08-17 10:25:00,2020,8,17,10,25,19,19093,RD8,45.0804491,1.560424,Plein jour,En agglomération,Hors intersection,Normale,Autre collision,3,2,2,0,1,1,1,0,8,50,1,4,0,1,1,2,66.0,,voiture,,1,2,1,1,6
202000012065,2020-08-15 11:45:00,2020,8,15,11,45,76,76542,D88,49.727822,0.760417,Plein jour,Hors agglomération,Hors intersection,Normale,Deux véhicules - frontale,3,2,2,0,1,3,1,0,1,80,2,4,2,0,1,1,85.0,24.0,voiture,voiture,1,1,1,1,1
202000012066,2020-08-15 11:35:00,2020,8,15,11,35,76,76188,Route de la Dreule,49.651189,1.240844,Plein jour,Hors agglomération,Autre intersection,Normale,Sans collision,3,2,2,0,2,3,1,0,1,70,1,1,0,0,1,0,58.0,,deux_roues,,1,1,9,1,7
202000012067,2020-08-17 11:15:00,2020,8,17,11,15,2A,2A139,Nivatoli,41.6355889,9.3405116,Plein jour,Hors agglomération,Intersection en T,Normale,Deux véhicules - côté,3,2,2,0,1,1,1,0,1,30,2,2,1,0,1,0,50.0,55.0,deux_roues,utilitaire_camion,1,1,3,1,3
202000012068,2020-07-23 18:00:00,2020,7,23,18,0,2A,2A362,T10,41.700434,9.348797,Plein jour,En agglomération,Hors intersection,Normale,Deux véhicules - côté,2,2,2,0,1,1,1,0,4,50,2,2,1,0,0,1,63.0,13.0,utilitaire_camion,deux_roues,1,2,1,1,3
202000012069,2020-08-17 06:50:00,2020,8,17,6,50,33,33173,Lieu Dit Bernarderie,44.95702,0.002967,Crépuscule ou aube,Hors agglomération,Intersection en T,Normale,Autre collision,4,2,2,0,1,1,1,0,8,70,1,2,0,1,1,0,46.0,,deux_roues,,2,1,3,1,6
202000012070,2020-08-17 00:22:00,2020,8,17,0,22,33,33236,CD106 CLAOUEY,44.77207,-1.17242,Nuit sans éclairage public,Hors agglomération,Hors intersection,Normale,Deux véhicules - arrière,3,2,2,0,1,1,1,0,1,80,2,2,1,1,0,0,37.0,25.0,deux_roues,voiture,3,1,1,1,2
202000012071,2020-08-17 10:45:00,2020,8,17,10,45,71,71310,62 Avenue de la République,46.7492569,4.4689549,Plein jour,En agglomération,Intersection en X,Normale,Autre collision,3,2,2,0,1,1,1,0,1,50,1,2,1,0,1,0,67.0,,voiture,,1,2,2,1,6
202000012072,2020-08-15 19:30:00,2020,8,15,19,30,71,71109,Valotte (Arrêt de bus),46.8965468,4.7107629,Crépuscule ou aube,Hors agglomération,Hors intersection,Normale,Sans collision,3,2,2,0,1,1,1,0,1,80,1,1,0,0,1,0,48.0,,deux_roues,,2,1,1,1,7
202000012073,2020-08-16 18:00:00,2020,8,16,18,0,63,63170,D941,45.83986,2.7173513,Plein jour,Hors agglomération,Hors intersection,Normale,Deux véhicules - frontale,3,2,2,0,1,2,1,0,1,80,2,4,1,0,1,2,49.0,63.0,voiture,voiture,1,1,1,1,1
202000012074,2020-08-15 21:00:00,2020,8,15,21,0,55,55448,D7,48.882441,5.415852,Crépuscule ou aube,Hors agglomération,Hors intersection,Normale,Sans collision,3,2,2,0,1,2,9,0,1,80,1,1,0,0,1,0,23.0,,deux_roues,,2,1,1,1,7
202000012075,2020-08-16 17:30:00,2020,8,16,17,30,12,12021,D69 Lieu dit Les Gazannes,44.338614,2.159194,Plein jour,Hors agglomération,Hors intersection,Normale,Autre collision,3,2,2,0,1,1,1,2,3,80,1,2,0,0,0,2,18.0,,voiture,,1,1,1,1,6
202000012076,2020-08-16 02:50:00,2020,8,16,2,50,41,41112,D20,47.365324,1.63662,Nuit sans éclairage public,Hors agglomération,Hors intersection,Pluie légère,Sans collision,3,2,2,0,1,1,2,0,3,80,1,1,0,0,1,0,28.0,,voiture,,3,1,1,2,7
202000012077,2020-08-15 03:35:00,2020,8,15,3,35,86,86281,Rond point d'étables,46.714543,0.217726,Nuit sans éclairage public,Hors agglomération,Giratoire,Normale,Sans collision,3,3,2,0,1,2,1,9,8,80,1,1,0,0,1,0,42.0,,voiture,,3,1,6,1,7
202000012078,2020-08-16 15:00:00,2020,8,16,15,0,34,34252,D23e2,43.65588,3.110354,Plein jour,Hors agglomération,Hors intersection,Normale,Deux véhicules - côté,3,2,2,0,1,1,1,0,1,80,2,2,1,0,1,0,46.0,55.0,voiture,deux_roues,1,1,1,1,3
202000012079,2020-08-16 16:05:00,2020,8,16,16,5,22,22055,Boulevard du Général Leclerc,48.599828,-2.82619,Plein jour,En agglomération,Hors intersection,Temps couvert,Deux véhicules - côté,3,2,2,0,1,1,2,0,1,50,2,4,3,0,0,1,50.0,50.0,deux_roues,voiture,1,2,1,8,3
202000012080,2020-08-14 23:15:00,2020,8,14,23,15,39,39514,,47.195764,5.604916,Nuit sans éclairage public,Hors agglomération,Hors intersection,Normale,Autre collision,3,2,2,0,2,1,9,0,3,80,1,3,1,0,1,1,31.0,,voiture,,3,1,1,1,6
202000012081,2020-08-17 03:30:00,2020,8,17,3,30,39,39434,,46.847851,5.704972,Nuit sans éclairage public,Hors agglomération,Hors intersection,Normale,Deux véhicules - frontale,2,2,2,0,1,2,1,0,1,80,2,2,1,0,1,0,63.0,30.0,utilitaire_camion,voiture,3,1,1,1,1
202000012082,2020-08-16 00:10:00,2020,8,16,0,10,29,29056,Le Fessiou,48.4420591,-4.3082552,Nuit sans éclairage public,Hors agglomération,Hors intersection,Vent fort / tempête,Sans collision,3,2,2,0,2,1,2,0,1,80,1,1,0,0,0,1,21.0,,deux_roues,,3,1,1,6,7
202000012083,2020-08-15 05:00:00,2020,8,15,5,0,38,38231,Route des Alpes,45.521143,5.21312,Nuit sans éclairage public,Hors agglomération,Hors intersection,Normale,Sans collision,3,2,2,0,1,1,1,0,1,80,1,1,0,0,1,0,22.0,,voiture,,3,1,1,1,7
202000012084,2020-08-15 14:35:00,2020,8,15,14,35,01,01134,Chemin de la Rolliere,46.276625,4.904591,Plein jour,En agglomération,Hors intersection,Normale,,4,2,2,0,1,4,1,0,1,50,2,2,0,0,0,2,16.0,,deux_roues,,1,2,1,1,-1
202000012085,2020-08-14 22:15:00,2020,8,14,22,15,01,01367,D1d,46.401324,5.1096,Nuit avec éclairage allumé,En agglomération,Hors intersection,Normale,Autre collision,3,-1,2,0,1,2,1,0,3,50,1,3,2,0,1,0,18.0,,voiture,,5,2,1,1,6
202000012086,2020-08-16 00:00:00,2020,8,16,0,0,70,70294,Rue des Vosges,47.749225,6.495868,Nuit sans éclairage public,En agglomération,Hors intersection,Normale,Autre collision,3,2,2,0,2,2,1,0,3,50,1,1,0,0,1,0,20.0,,voiture,,3,2,1,1,6
202000012087,2020-08-16 17:30:00,2020,8,16,17,30,70,70539,D13,47.565089,5.818623,Plein jour,Hors agglomération,Hors intersection,Normale,Autre collision,3,2,2,0,1,1,1,0,3,70,1,1,0,0,1,0,72.0,,voiture,,1,1,1,1,6
202000012088,2020-08-16 12:15:00,2020,8,16,12,15,26,26022,D542,44.24724,5.669755,Nuit sans éclairage public,Hors agglomération,Hors intersection,Normale,Autre collision,3,2,2,0,1,1,1,0,3,80,1,1,0,1,0,0,50.0,,deux_roues,,3,1,1,1,6
202000012089,2020-08-16 12:00:00,2020,8,16,12,0,66,66150,D115,42.409991,2.512736,Plein jour,Hors agglomération,Hors intersection,Normale,Autre collision,3,2,2,0,2,2,1,0,3,80,1,1,0,0,1,0,70.0,,deux_roues,,1,1,1,1,6
202000012090,2020-08-17 06:04:00,2020,8,17,6,4,54,54530,6 Grande Rue,48.39452,5.95412,Crépuscule ou aube,Hors agglomération,Hors intersection,Normale,Autre collision,3,2,2,0,1,1,1,0,3,80,1,1,0,0,1,0,25.0,,voiture,,2,1,1,1,6
202000012091,2020-08-15 16:30:00,2020,8,15,16,30,54,54040,1 Avenue Jean-baptiste Diedler,48.4974834,6.8970108,Plein jour,En agglomération,Intersection en T,Normale,Sans collision,3,2,2,0,1,1,1,0,4,50,1,1,0,0,1,0,25.0,,deux_roues,,1,2,3,1,7
202000012092,2020-08-17 02:30:00,2020,8,17,2,30,60,60155,65 Rue du Colombier,49.268137,2.350847,Nuit sans éclairage public,Hors agglomération,Hors intersection,Normale,Sans collision,3,2,2,0,1,1,1,0,3,80,1,1,0,0,0,1,28.0,,deux_roues,,3,1,1,1,7
202000012093,2020-08-12 11:50:00,2020,8,12,11,50,64,64160,4 Chemin de Berhartia,43.3487233,-1.3993398,Plein jour,En agglomération,Hors intersection,Normale,Trois véhicules et plus - en chaîne,3,2,2,0,1,1,1,0,1,50,3,4,3,0,1,0,17.0,53.0,voiture,voiture,1,2,1,1,4
202000012094,2020-08-14 14:00:00,2020,8,14,14,0,36,36018,131 Avenue Gambetta,46.641554,1.063205,Plein jour,En agglomération,Intersection en Y,Normale,Autre collision,3,2,2,0,1,2,1,5,3,50,1,2,0,0,2,0,92.0,,voiture,,1,2,4,1,6
202000012095,2020-08-17 06:55:00,2020,8,17,6,55,16,16004,Lieu dit Le Moulin d'Aignes,45.446253,0.138755,Plein jour,Hors agglomération,Hors intersection,Normale,Autre collision,3,2,2,0,2,2,1,0,3,90,1,1,0,1,0,0,68.0,,voiture,,1,1,1,1,6
202000012096,2020-07-11 14:50:00,2020,7,11,14,50,07,07337,Route de Talencieux,45.232742,4.72661,Plein jour,Hors agglomération,Hors intersection,Normale,Autre collision,3,2,2,0,1,1,1,0,1,80,1,1,0,0,1,0,48.0,,deux_roues,,1,1,1,1,6
202000012097,2020-08-15 11:21:00,2020,8,15,11,21,04,04241,RD 4100,43.8748783,5.7026435,Plein jour,Hors agglomération,Hors intersection,Normale,,3,-1,2,0,1,1,1,0,1,80,2,1,0,0,0,1,38.0,,deux_roues,,1,1,1,1,-1
202000012098,2020-08-09 18:00:00,2020,8,9,18,0,27,27521,N12,48.701243,0.83289,Plein jour,Hors agglomération,Hors intersection,Normale,Deux véhicules - frontale,2,2,2,0,1,1,1,0,1,80,2,4,2,0,0,2,34.0,28.0,voiture,voiture,1,1,1,1,1
202000012099,2020-08-17 18:10:00,2020,8,17,18,10,23,23130,l'abbaye,46.394274,1.765366,Plein jour,Hors agglomération,Hors intersection,Normale,Autre collision,3,2,2,0,2,3,1,0,8,80,1,1,0,0,1,0,30.0,,deux_roues,,1,1,1,1,6
202000012100,2020-08-16 12:30:00,2020,8,16,12,30,48,48082,Route Nationale 88,44.587965,3.659059,Plein jour,Hors agglomération,Hors intersection,Normale,Sans collision,2,2,2,0,3,2,1,0,1,80,1,3,1,0,0,2,26.0,,voiture,,1,1,1,1,7
202000012101,2020-08-16 08:30:00,2020,8,16,8,30,988,98805,Avenue Antoine Becquerel prolongee/Av. des parachutistes calédoniens,-22.198859,166.4511,Plein jour,En agglomération,Intersection en T,Normale,Deux véhicules - frontale,4,2,2,0,3,1,1,0,1,50,2,5,2,0,0,3,33.0,23.0,voiture,voiture,1,2,3,1,1
202000012102,2020-08-17 04:10:00,2020,8,17,4,10,03,03118,,46.094317,3.1371033,Nuit sans éclairage public,Hors agglomération,Hors intersection,Normale,Deux véhicules - arrière,1,3,4,0,3,3,1,0,1,110,2,5,4,0,0,1,36.0,45.0,voiture,utilitaire_camion,3,1,1,1,2
202000012103,2020-08-16 08:50:00,2020,8,16,8,50,34,34159,D116,43.521668,3.82925,Plein jour,Hors agglomération,Hors intersection,Normale,Deux véhicules - frontale,3,2,2,0,1,3,2,0,1,80,2,3,0,0,1,2,28.0,69.0,voiture,voiture,1,1,1,1,1
202000012104,2020-08-15 11:00:00,2020,8,15,11,0,38,38285,D526,45.05134,5.9872,Plein jour,En agglomération,Hors intersection,Normale,Deux véhicules - arrière,3,2,2,0,2,1,1,9,1,70,2,2,1,0,1,0,39.0,22.0,voiture,deux_roues,1,2,1,1,2
202000012105,2020-08-16 03:35:00,2020,8,16,3,35,59,59597,A2,50.200447,3.215555,Nuit sans éclairage public,Hors agglomération,Hors intersection,Brouillard / fumée,Deux véhicules - arrière,1,1,2,0,1,1,1,0,1,130,2,7,4,0,0,3,21.0,20.0,voiture,voiture,3,1,1,5,2
202000012106,2020-08-16 16:50:00,2020,8,16,16,50,60,60369,A1,49.3149603,2.6857098,Plein jour,Hors agglomération,Hors intersection,Normale,Trois véhicules et plus - en chaîne,1,1,3,0,1,1,1,0,1,130,4,9,8,0,0,1,42.0,52.0,voiture,voiture,1,1,1,1,4
202000012107,2020-08-16 18:27:00,2020,8,16,18,27,27,27456,A154,49.196564,1.173595,Plein jour,Hors agglomération,Hors intersection,Normale,Deux véhicules - arrière,1,1,2,0,1,1,1,0,1,110,2,5,3,0,0,2,33.0,52.0,voiture,voiture,1,1,1,1,2
202000012108,2020-08-16 22:20:00,2020,8,16,22,20,76,76484,A13,49.342852,1.061876,Nuit sans éclairage public,Hors agglomération,Hors intersection,Normale,Deux véhicules - arrière,1,3,5,0,2,1,1,3,1,110,2,6,4,0,0,2,69.0,35.0,voiture,voiture,3,1,1,1,2
202000012109,2020-08-15 14:15:00,2020,8,15,14,15,975,97502,Route de la Pointe Blanche,46.768534,-56.174691,Plein jour,En agglomération,Hors intersection,Normale,Sans collision,4,2,2,0,1,2,1,0,1,-1,1,1,0,0,0,1,15.0,,deux_roues,,1,2,1,1,7
202000012110,2020-08-14 15:30:00,2020,8,14,15,30,33,33085,Route des 2 Ponts,44.76338,-0.495297,Plein jour,Hors agglomération,Intersection en X,Normale,Deux véhicules - côté,3,2,2,0,1,1,1,0,1,80,2,2,1,0,1,0,36.0,25.0,deux_roues,utilitaire_camion,1,1,2,1,3
202000012111,2020-08-15 07:25:00,2020,8,15,7,25,2B,2B034,RT 30 - RT301 Losari,42.636451,9.012531,Crépuscule ou aube,Hors agglomération,Intersection en T,Temps éblouissant,,2,2,2,0,1,1,1,5,1,70,2,2,0,0,1,1,24.0,43.0,voiture,voiture,2,1,3,7,-1
202000012112,2020-08-16 16:50:00,2020,8,16,16,50,30,30330,132 Route de Nimes,44.037967,4.000483,Plein jour,En agglomération,Hors intersection,Normale,Deux véhicules - frontale,3,2,2,0,1,3,1,0,1,50,2,9,7,1,1,0,42.0,19.0,voiture,deux_roues,1,2,1,1,1
202000012113,2020-08-17 15:20:00,2020,8,17,15,20,34,34023,34 Avenue de la Gare,43.447061,3.691383,Plein jour,En agglomération,Hors intersection,Normale,Autre collision,3,2,2,0,1,1,1,0,1,50,1,2,1,0,0,1,73.0,,voiture,,1,2,1,1,6
202000012114,2020-05-31 15:15:00,2020,5,31,15,15,84,84105,Route Departementale 900--Aire de repos,43.868178,5.437813,Plein jour,Hors agglomération,Hors intersection,Normale,Sans collision,3,2,2,0,1,1,1,9,1,80,1,2,0,0,2,0,56.0,,deux_roues,,1,1,1,1,7
202000012115,2020-08-15 02:10:00,2020,8,15,2,10,13,13004,N113,43.654318,4.659582,Nuit sans éclairage public,Hors agglomération,Hors intersection,Normale,Deux véhicules - arrière,2,3,4,0,1,1,1,0,1,110,2,2,1,0,1,0,54.0,22.0,voiture,utilitaire_camion,3,1,1,1,2