accident_id,datetime,annee,mois,jour,heure,minute,departement,commune_insee,adresse,latitude,longitude,luminosite,agglomeration,intersection,meteo,collision,catr,circ,nbv,vosp,prof,plan,surf,infra,situ,vma,nb_vehicules,nb_usagers,nb_indemnes,nb_tues,nb_blesses_hosp,nb_blesses_legers,age_cond_1,age_cond_2,veh_type_cond_1,veh_type_cond_2,lum_code,agg_code,int_code,atm_code,col_code
202000012116,2020-08-15 13:55:00,2020,8,15,13,55,21,21038,Rue du Colonel Redoutey,47.191736,5.391406,Plein jour,En agglomération,Intersection en T,Normale,Deux véhicules - côté,3,2,2,0,1,1,1,0,1,50,2,2,1,0,1,0,49.0,34.0,voiture,deux_roues,1,2,3,1,3
202000012117,2020-08-16 22:15:00,2020,8,16,22,15,67,67230,Rue des Hirondelles,48.7930736,7.8317497,Nuit avec éclairage allumé,En agglomération,Intersection en T,Normale,Sans collision,3,2,2,0,1,3,1,0,4,-1,1,5,3,0,1,1,19.0,,voiture,,5,2,3,1,7
202000012118,2020-08-16 18:00:00,2020,8,16,18,0,88,88273,D46,48.227217,6.518412,Plein jour,Hors agglomération,Hors intersection,Normale,Deux véhicules - frontale,3,2,2,0,1,1,1,0,1,80,2,2,0,0,1,1,44.0,58.0,voiture,voiture,1,1,1,1,1
202000012119,2020-08-17 16:10:00,2020,8,17,16,10,55,55509,D643,49.578108,5.3406,Plein jour,Hors agglomération,Hors intersection,Normale,Autre collision,3,2,2,0,3,3,1,0,3,80,1,1,0,0,1,0,28.0,,voiture,,1,1,1,1,6
202000012120,2020-08-16 13:15:00,2020,8,16,13,15,55,55122,Avenue des Forges,48.766133,5.581897,Plein jour,En agglomération,Hors intersection,Normale,Sans collision,3,2,2,0,4,2,1,5,1,50,1,1,0,0,0,1,53.0,,deux_roues,,1,2,1,1,7
202000012121,2020-08-15 15:30:00,2020,8,15,15,30,73,73179,D14A Av Rene Cassin,45.600753,5.878737,Plein jour,Hors agglomération,Hors intersection,Normale,Deux véhicules - frontale,3,2,2,2,1,1,1,-1,1,70,2,2,0,1,0,1,30.0,25.0,voiture,voiture,1,1,1,1,1
202000012122,2020-08-15 19:20:00,2020,8,15,19,20,65,65078,35 Rue Dominique Larrey,43.026612,0.169172,Plein jour,En agglomération,Intersection en X,Normale,Deux véhicules - côté,3,2,2,0,1,4,1,0,1,50,2,4,2,0,1,1,55.0,45.0,voiture,deux_roues,1,2,2,1,3
202000012123,2020-08-16 17:30:00,2020,8,16,17,30,14,14677,N158,48.945631,-0.215092,Plein jour,Hors agglomération,Hors intersection,Normale,Autre collision,2,3,2,0,1,1,1,0,3,110,1,5,3,0,0,2,41.0,,voiture,,1,1,1,1,6
202000012124,2020-08-14 22:30:00,2020,8,14,22,30,56,56167,Les Deux Moulins,47.662085,-2.875714,Nuit sans éclairage public,Hors agglomération,Hors intersection,Normale,Autre collision,4,2,2,0,1,1,1,0,1,80,1,2,0,0,2,0,40.0,,deux_roues,,3,1,1,1,6
202000012125,2020-08-16 04:17:00,2020,8,16,4,17,13,13001,A51-Sens Marseille vers Aix en Provence,43.51311,5.4261,Nuit sans éclairage public,Hors agglomération,Intersection en Y,Normale,Autre collision,1,1,2,0,1,1,1,0,1,90,1,1,0,1,0,0,37.0,,voiture,,3,1,4,1,6
202000012126,2020-08-16 03:40:00,2020,8,16,3,40,13,13022,A50-Sens Toulon vers Aubagne,43.2290459,5.5842935,Nuit sans éclairage public,Hors agglomération,Hors intersection,Normale,Sans collision,1,1,3,0,2,1,1,0,2,110,1,1,0,0,0,1,23.0,,deux_roues,,3,1,1,1,7
202000012127,2020-08-15 12:00:00,2020,8,15,12,0,13,13211,A50-Sens Marseille vers Aubagne,43.29368,5.45698,Plein jour,Hors agglomération,Hors intersection,Normale,Trois véhicules et plus - en chaîne,1,1,3,0,1,1,1,0,1,90,3,4,2,0,0,2,58.0,43.0,voiture,voiture,1,1,1,1,4
202000012128,2020-08-16 16:30:00,2020,8,16,16,30,91,91471,RN 118,48.6983,2.19225,Plein jour,Hors agglomération,Hors intersection,Pluie légère,Sans collision,2,3,5,0,3,1,3,0,1,90,1,1,0,0,0,1,48.0,,utilitaire_camion,,1,1,1,2,7
202000012129,2020-08-16 11:10:00,2020,8,16,11,10,91,91363,RN 104,48.64985,2.1854,Plein jour,Hors agglomération,Hors intersection,Normale,Deux véhicules - côté,2,3,4,0,1,1,2,0,1,110,2,2,1,0,0,1,50.0,64.0,deux_roues,voiture,1,1,1,1,3
202000012130,2020-08-15 20:32:00,2020,8,15,20,32,94,94034,AUTOROUTE A86,48.75524,2.34269,Plein jour,Hors agglomération,Hors intersection,Pluie légère,Trois véhicules et plus - en chaîne,2,3,6,0,1,1,2,0,1,90,3,3,1,0,0,2,30.0,49.0,voiture,voiture,1,1,1,2,4
202000012131,2020-08-16 21:50:00,2020,8,16,21,50,93,93007,AUTOROUTE A3,48.92774,2.48136,Nuit sans éclairage public,Hors agglomération,Hors intersection,Normale,Deux véhicules - arrière,1,3,6,0,1,1,1,0,1,110,2,2,1,0,0,1,44.0,27.0,voiture,voiture,3,1,1,1,2
202000012132,2020-08-16 20:30:00,2020,8,16,20,30,93,93053,AUTOROUTE A86,48.89873,2.46923,Crépuscule ou aube,Hors agglomération,Autre intersection,Pluie légère,Autre collision,1,3,10,0,1,1,2,3,1,70,1,3,1,0,0,2,67.0,,voiture,,2,1,9,2,6
202000012133,2020-08-16 19:30:00,2020,8,16,19,30,95,95060,AUTOROUTE A115,49.0441,2.1874,Crépuscule ou aube,Hors agglomération,Hors intersection,Pluie légère,Autre collision,1,3,5,0,1,1,2,3,1,70,1,1,0,0,0,1,41.0,,voiture,,2,1,1,2,6
202000012134,2020-08-16 17:55:00,2020,8,16,17,55,95,95277,RD 170 B4,48.9747399,2.4867603,Plein jour,Hors agglomération,Hors intersection,Pluie légère,Deux véhicules - arrière,3,3,5,0,1,1,2,0,3,90,2,2,1,0,0,1,21.0,31.0,voiture,voiture,1,1,1,2,2
202000012135,2020-08-16 13:00:00,2020,8,16,13,0,92,92036,AUTOROUTE A15,48.94482,2.28567,Plein jour,Hors agglomération,Hors intersection,Normale,Autre collision,1,3,8,0,1,1,1,0,1,90,1,1,0,0,1,0,39.0,,voiture,,1,1,1,1,6
202000012136,2020-08-16 12:20:00,2020,8,16,12,20,95,95252,AUTOROUTE A15,48.97907,2.22895,Plein jour,Hors agglomération,Hors intersection,Normale,Sans collision,1,3,7,0,2,2,2,0,1,110,1,1,0,0,0,1,20.0,,voiture,,1,1,1,1,7
202000012137,2020-08-16 08:00:00,2020,8,16,8,0,93,93053,AUTOROUTE A103,48.88476,2.47223,Plein jour,Hors agglomération,Hors intersection,Normale,Autre collision,1,3,12,0,3,2,1,0,1,70,1,3,0,0,0,3,21.0,,voiture,,1,1,1,1,6
202000012138,2020-08-15 07:30:00,2020,8,15,7,30,93,93010,AUTOROUTE A86,48.90157,2.46919,Crépuscule ou aube,Hors agglomération,Hors intersection,Normale,Autre collision,1,3,4,0,2,2,1,0,1,70,1,1,0,0,0,1,34.0,,deux_roues,,2,1,1,1,6
202000012139,2020-08-16 11:00:00,2020,8,16,11,0,94,94073,A86 INT,48.7659411,2.3790876,Plein jour,Hors agglomération,Hors intersection,Normale,Sans collision,1,3,6,0,1,1,2,1,1,90,1,1,0,0,0,1,22.0,,voiture,,1,1,1,1,7
202000012140,2020-08-16 08:40:00,2020,8,16,8,40,75,75112,A4,48.82128,2.462015,Plein jour,Hors agglomération,Hors intersection,Normale,Autre collision,1,3,8,0,1,2,1,0,1,90,1,2,0,0,0,2,34.0,,voiture,,1,1,1,1,6
202000012141,2020-08-16 04:00:00,2020,8,16,4,0,77,77249,RN104,48.752818,2.614521,Nuit sans éclairage public,Hors agglomération,Hors intersection,Normale,Sans collision,2,1,2,0,1,1,1,0,1,90,1,2,0,0,0,2,33.0,,voiture,,3,1,1,1,7
202000012142,2020-12-24 12:30:00,2020,12,24,12,30,93,93006,DELESCLUSE CHARLES,48.8654659,2.4252943,Plein jour,En agglomération,Intersection en T,Pluie légère,Autre collision,4,2,2,0,1,1,1,5,1,50,1,2,0,0,0,2,,,,,1,2,3,2,6
202000012143,2020-12-28 10:00:00,2020,12,28,10,0,93,93013,ROLLAND (RUE DU CDT),48.9327943,2.4360255,Plein jour,En agglomération,Hors intersection,Pluie légère,Deux véhicules - côté,4,2,2,0,1,1,2,0,1,50,2,3,2,0,1,0,35.0,,voiture,,1,2,1,2,3
202000012144,2020-12-28 17:20:00,2020,12,28,17,20,93,93005,BD ANDRE CITROEN,48.96249,2.49167,Nuit avec éclairage allumé,En agglomération,Hors intersection,Pluie forte,Trois véhicules et plus - en chaîne,3,2,3,0,1,1,2,0,1,50,4,6,4,0,2,0,48.0,61.0,voiture,voiture,5,2,1,3,4
202000012145,2020-12-28 13:42:00,2020,12,28,13,42,92,92050,LIBERTE AVENUE DE LA,48.8873144,2.2073967,Plein jour,En agglomération,Intersection en T,Pluie forte,Autre collision,4,2,2,0,1,1,2,0,1,50,1,2,1,0,0,1,48.0,,transport_commun,,1,2,3,3,6
202000012146,2020-12-28 19:00:00,2020,12,28,19,0,92,92049,BARBES RUE,48.8172732,2.3288005,Nuit avec éclairage allumé,En agglomération,Intersection en X,Pluie légère,Deux véhicules - côté,3,3,6,1,1,1,2,0,1,50,2,2,1,0,1,0,41.0,45.0,deux_roues,voiture,5,2,2,2,3
202000012147,2020-12-27 15:20:00,2020,12,27,15,20,92,92020,PARIS AVENUE DE N°84 A FIN,48.8075493,2.294581,Plein jour,En agglomération,Hors intersection,Pluie forte,Autre collision,3,2,2,0,1,1,2,0,1,50,1,3,2,0,0,1,61.0,,voiture,,1,2,1,3,6
202000012148,2020-12-28 17:30:00,2020,12,28,17,30,92,92023,FLEURY (RUE DE),48.811584,2.259724,Nuit avec éclairage allumé,En agglomération,Hors intersection,Pluie légère,Autre collision,4,2,2,0,1,2,2,0,1,30,1,2,1,0,0,1,79.0,,voiture,,5,2,1,2,6
202000012149,2020-12-28 19:40:00,2020,12,28,19,40,92,92012,ANATOLE FRANCE (BOULEVARD) 5/FIN,48.8502788,2.2379681,Nuit avec éclairage allumé,En agglomération,Hors intersection,Pluie légère,Deux véhicules - côté,4,2,2,0,1,1,2,0,1,50,2,2,1,0,0,1,46.0,36.0,deux_roues,voiture,5,2,1,2,3
202000012150,2020-12-28 16:45:00,2020,12,28,16,45,84,84142,D31,43.951533,5.026996,Plein jour,Hors agglomération,Hors intersection,Normale,Deux véhicules - frontale,3,2,2,0,1,1,1,0,1,80,2,5,1,1,3,0,38.0,24.0,voiture,voiture,1,1,1,1,1
202000012151,2020-12-23 07:30:00,2020,12,23,7,30,95,95058,Route de Clermont,49.1548726,2.29098,Nuit avec éclairage allumé,En agglomération,Hors intersection,Pluie forte,Deux véhicules - côté,3,2,2,0,1,1,2,5,1,50,2,3,2,0,0,1,48.0,45.0,utilitaire_camion,deux_roues,5,2,1,3,3
202000012152,2020-12-29 18:20:00,2020,12,29,18,20,68,68173,376 B La Place,48.105671,7.192346,Nuit sans éclairage public,En agglomération,Hors intersection,Neige / grêle,,3,-1,2,0,2,1,5,0,1,50,2,3,2,0,0,1,46.0,51.0,voiture,voiture,3,2,1,4,-1
202000012153,2020-12-28 17:00:00,2020,12,28,17,0,67,67437,6 rue du Kochersberg,48.73799,7.378671,Nuit avec éclairage allumé,En agglomération,Hors intersection,Normale,Autre collision,4,2,2,0,1,1,1,0,1,40,1,2,1,0,1,0,52.0,,voiture,,5,2,1,1,6
202000012154,2020-12-29 12:35:00,2020,12,29,12,35,59,59266,Rue Carnot,50.543603,2.984687,Plein jour,En agglomération,Intersection en T,Normale,Trois véhicules et plus - collisions multiples,3,2,2,0,1,1,1,0,1,50,3,4,3,0,0,1,35.0,41.0,voiture,voiture,1,2,3,1,5
202000012155,2020-12-28 17:15:00,2020,12,28,17,15,22,22239,La Louviere,48.349747,-2.100019,Crépuscule ou aube,Hors agglomération,Hors intersection,Neige / grêle,Deux véhicules - côté,3,2,2,0,1,1,2,0,1,80,2,7,2,0,1,4,22.0,27.0,voiture,voiture,2,1,1,4,3
202000012156,2020-12-28 06:00:00,2020,12,28,6,0,2B,2B354,RT  20,42.115001,9.122343,Nuit sans éclairage public,Hors agglomération,Hors intersection,Vent fort / tempête,Deux véhicules - frontale,2,2,2,0,2,2,7,0,2,80,2,2,1,0,1,0,44.0,23.0,voiture,utilitaire_camion,3,1,1,6,1
202000012157,2020-12-28 08:00:00,2020,12,28,8,0,71,71010,Antully,46.9159962,4.3754446,Crépuscule ou aube,Hors agglomération,Intersection en T,Neige / grêle,Deux véhicules - arrière,3,2,1,0,1,1,2,0,1,80,2,2,1,0,0,1,22.0,33.0,voiture,voiture,2,1,3,4,2
202000012158,2020-12-29 09:50:00,2020,12,29,9,50,61,61043,Les Arpents,48.352923,0.721337,Plein jour,Hors agglomération,Hors intersection,Pluie légère,Sans collision,3,2,2,0,1,1,2,0,3,90,1,1,0,0,1,0,25.0,,voiture,,1,1,1,2,7
202000012159,2020-12-28 16:00:00,2020,12,28,16,0,61,61007,4 Rue Guillaume le Conquérant,48.809226,-0.500005,Plein jour,En agglomération,Hors intersection,Pluie légère,Autre collision,4,2,2,0,1,1,2,0,4,50,1,2,1,0,1,0,28.0,,utilitaire_camion,,1,2,1,2,6
202000012160,2020-12-28 07:00:00,2020,12,28,7,0,55,55089,Chemin de la Prairie,48.502233,5.701065,Nuit avec éclairage allumé,En agglomération,Hors intersection,Pluie légère,Autre collision,4,2,2,0,2,1,2,0,8,50,1,1,0,1,0,0,74.0,,voiture,,5,2,1,2,6
202000012161,2020-12-29 19:45:00,2020,12,29,19,45,12,12270,Avenue Marie Curie,44.326128,3.061162,Nuit avec éclairage allumé,En agglomération,Hors intersection,Temps couvert,Autre collision,4,2,2,0,2,1,2,0,1,50,1,2,1,0,0,1,35.0,,voiture,,5,2,1,8,6
202000012162,2020-12-28 21:00:00,2020,12,28,21,0,25,25256,Route départementale 437,47.21489,6.765668,Nuit sans éclairage public,Hors agglomération,Hors intersection,Neige / grêle,Deux véhicules - frontale,3,2,2,0,1,3,5,0,1,80,2,2,0,0,1,1,48.0,21.0,voiture,voiture,3,1,1,4,1
202000012163,2020-12-28 08:20:00,2020,12,28,8,20,72,72131,D79,47.899923,-0.028925,Crépuscule ou aube,Hors agglomération,Hors intersection,Normale,Deux véhicules - côté,3,2,1,0,1,1,2,2,1,50,2,2,1,0,1,0,17.0,58.0,deux_roues,voiture,2,1,1,1,3
202000012164,2020-12-29 08:45:00,2020,12,29,8,45,50,50341,Rue Paul Lecacheux,49.486573,-1.378022,Crépuscule ou aube,En agglomération,Hors intersection,Pluie légère,Autre collision,3,2,2,0,2,1,2,0,1,-1,1,2,1,0,1,0,31.0,,voiture,,2,2,1,2,6
202000012165,2020-12-29 09:05:00,2020,12,29,9,5,16,16223,lieu dit Moulin Neuf,45.671567,0.500488,Plein jour,En agglomération,Hors intersection,Normale,Autre collision,3,2,2,0,2,2,2,0,3,50,1,1,0,0,0,1,20.0,,voiture,,1,2,1,1,6
202000012166,2020-12-28 03:00:00,2020,12,28,3,0,21,21249,Rue des Buttes,47.090681,5.215754,Nuit avec éclairage non allumé,En agglomération,Hors intersection,Normale,Autre collision,4,2,2,0,1,2,2,0,8,50,1,2,0,1,0,1,18.0,,voiture,,4,2,1,1,6
202000012167,2020-12-29 18:42:00,2020,12,29,18,42,85,85217,La Faubretière,46.95483,-1.28698,Nuit sans éclairage public,Hors agglomération,Hors intersection,Normale,Autre collision,3,2,2,0,1,2,2,0,3,80,1,1,0,0,1,0,39.0,,voiture,,3,1,1,1,6
202000012168,2020-12-28 14:50:00,2020,12,28,14,50,37,37281,pont Charles de Gaulle,47.4055546,0.80572,Plein jour,Hors agglomération,Hors intersection,Pluie forte,Deux véhicules - frontale,3,2,2,2,2,2,2,2,1,80,2,2,1,0,1,0,68.0,,voiture,,1,1,1,3,1
202000012169,2020-12-28 11:50:00,2020,12,28,11,50,06,06085,72 Chemin Saint Barthelemy,43.598947,6.985239,Plein jour,En agglomération,Hors intersection,Normale,Autre collision,3,2,2,0,1,1,1,0,1,50,1,2,1,0,0,1,27.0,,voiture,,1,2,1,1,6
202000012170,2020-12-28 18:45:00,2020,12,28,18,45,06,06085,2 Place des Arcades,43.587354,7.039897,Nuit avec éclairage allumé,En agglomération,Place,Autre,Sans collision,4,2,2,0,1,1,3,0,1,30,1,1,0,0,1,0,30.0,,deux_roues,,5,2,7,9,7
202000012171,2020-12-28 16:15:00,2020,12,28,16,15,13,13081,Avenue Victor Hugo,43.491748,5.229358,Plein jour,En agglomération,Giratoire,Normale,Autre collision,3,2,2,0,2,3,1,0,1,50,1,2,1,0,1,0,30.0,,voiture,,1,2,6,1,6
202000012172,2020-12-28 11:32:00,2020,12,28,11,32,13,13107,les genets 606 avenue du général de GAULLE,43.434722,5.428115,Plein jour,En agglomération,Hors intersection,Normale,Autre collision,5,2,2,0,1,1,1,0,1,50,1,2,1,0,0,1,25.0,,voiture,,1,2,1,1,6
202000012173,2020-12-28 17:30:00,2020,12,28,17,30,67,67151,Route du Rhin,48.692566,7.890734,Nuit avec éclairage allumé,En agglomération,Intersection en T,Pluie légère,Autre collision,3,2,2,0,1,3,2,0,3,50,1,1,0,0,0,1,23.0,,voiture,,5,2,3,2,6
202000012174,2020-12-29 16:10:00,2020,12,29,16,10,69,69136,Route de Lyon,45.612581,4.770373,Plein jour,En agglomération,Hors intersection,Normale,Autre collision,3,2,2,0,1,1,1,9,1,50,1,1,0,0,0,1,42.0,,deux_roues,,1,2,1,1,6
202000012175,2020-12-29 17:50:00,2020,12,29,17,50,14,14712,route d'argences,49.178951,-0.186108,Nuit avec éclairage allumé,En agglomération,Hors intersection,Pluie légère,Autre collision,3,2,2,0,1,1,2,0,1,50,1,2,1,0,1,0,66.0,,voiture,,5,2,1,2,6
202000012176,2020-12-16 18:35:00,2020,12,16,18,35,27,27331,D1,49.13282,1.547747,Nuit sans éclairage public,Hors agglomération,Intersection en X,Normale,Deux véhicules - côté,3,2,2,0,1,1,1,0,1,80,2,3,1,0,0,2,64.0,75.0,voiture,voiture,3,1,2,1,3
202000012177,2020-12-28 14:25:00,2020,12,28,14,25,13,13215,A7-Sens Marseille vers Lyon,43.379,5.35509,Plein jour,Hors agglomération,Hors intersection,Normale,Trois véhicules et plus - collisions multiples,1,1,4,0,1,1,1,0,1,90,3,5,2,0,0,3,58.0,64.0,utilitaire_camion,voiture,1,1,1,1,5
202000012178,2020-12-23 06:30:00,2020,12,23,6,30,59,59414,AUTOROUTE A 21,50.380892,3.184943,Nuit sans éclairage public,Hors agglomération,Hors intersection,Pluie légère,Autre collision,1,3,0,0,1,1,2,0,1,110,1,1,0,0,1,0,45.0,,voiture,,3,1,1,2,6
202000012179,2020-12-28 03:05:00,2020,12,28,3,5,91,91340,RN 104,48.60874,2.43716,Nuit sans éclairage public,Hors agglomération,Hors intersection,Pluie légère,Sans collision,2,3,4,0,1,3,2,0,1,70,1,1,0,0,0,1,22.0,,voiture,,3,1,1,2,7
202000012180,2020-12-28 15:11:00,2020,12,28,15,11,78,78362,A13,48.973721,1.728959,Crépuscule ou aube,Hors agglomération,Hors intersection,Pluie forte,Trois véhicules et plus - collisions multiples,1,1,3,0,1,1,2,0,2,110,3,4,3,0,0,1,37.0,31.0,voiture,voiture,2,1,1,3,5
202000012181,2020-12-28 04:50:00,2020,12,28,4,50,92,92050,A86,48.8922393,2.1817995,Nuit avec éclairage non allumé,Hors agglomération,Hors intersection,Normale,Autre collision,1,3,4,0,1,3,2,1,1,70,1,1,0,0,0,1,30.0,,voiture,,4,1,1,1,6
202000012182,2020-12-28 08:05:00,2020,12,28,8,5,988,98818,ROUTE DU VELODROME,-22.28932,166.44524,Plein jour,En agglomération,Hors intersection,Normale,Deux véhicules - arrière,4,2,2,0,2,1,1,0,1,50,2,2,1,0,0,1,21.0,61.0,deux_roues,voiture,1,2,1,1,2
202000012183,2020-12-27 20:15:00,2020,12,27,20,15,69,69383,FERDINAND BUISSON                   (R ),45.75128,4.8939,Nuit avec éclairage allumé,En agglomération,Intersection en X,Normale,Deux véhicules - côté,4,1,2,1,1,1,1,0,1,50,2,2,1,0,1,0,31.0,20.0,deux_roues,voiture,5,2,2,1,3
202000012184,2020-12-26 10:40:00,2020,12,26,10,40,972,97213,AUTOROUTE A1,14.6182605,-61.0194397,Plein jour,Hors agglomération,Hors intersection,Normale,Deux véhicules - arrière,1,1,3,3,1,1,1,0,1,90,2,4,2,0,0,2,32.0,75.0,voiture,voiture,1,1,1,1,2
202000012185,2020-12-27 15:10:00,2020,12,27,15,10,69,69034,TUNNEL BELLEVUE (QUAI BELLEVUE COUVE(XX),45.78547,4.84819,Plein jour,En agglomération,Autre intersection,Pluie légère,Trois véhicules et plus - en chaîne,4,1,2,0,1,1,2,0,1,50,4,6,4,0,0,2,26.0,26.0,voiture,voiture,1,2,9,2,4
202000012186,2020-12-26 17:40:00,2020,12,26,17,40,971,97101,Bd René Serge NABAJOTH,16.2790005,-61.5038681,Plein jour,En agglomération,Hors intersection,Normale,Deux véhicules - frontale,4,2,2,0,1,1,1,6,1,50,2,2,0,0,1,1,23.0,15.0,deux_roues,deux_roues,1,2,1,1,1
202000012187,2020-12-25 17:45:00,2020,12,25,17,45,88,88413,Rue Marcel ROGE,48.28331,6.95736,Nuit avec éclairage allumé,En agglomération,Hors intersection,Autre,Autre collision,4,2,2,0,2,1,2,0,1,50,1,2,1,0,1,0,37.0,,autre,,5,2,1,9,6
202000012188,2020-12-27 20:30:00,2020,12,27,20,30,83,83137,OLLIVIER (RUE EMILE),43.11937,5.94332,Nuit avec éclairage allumé,En agglomération,Intersection en T,Normale,Deux véhicules - frontale,4,2,1,0,1,1,1,5,1,50,2,3,1,0,0,2,44.0,17.0,utilitaire_camion,deux_roues,5,2,3,1,1
202000012189,2020-12-26 13:00:00,2020,12,26,13,0,83,83069,LOUBES (ROUTE DES),43.110193,6.119279,Plein jour,En agglomération,Intersection en T,Normale,Deux véhicules - frontale,3,2,2,0,1,1,1,0,1,50,2,2,1,0,1,0,54.0,36.0,utilitaire_camion,deux_roues,1,2,3,1,1
202000012190,2020-12-26 11:45:00,2020,12,26,11,45,78,78440,CD 14,48.979174,1.886512,Plein jour,En agglomération,Autre intersection,Temps couvert,Trois véhicules et plus - en chaîne,3,2,0,0,1,1,2,0,1,80,3,4,0,0,0,4,38.0,26.0,utilitaire_camion,utilitaire_camion,1,2,9,8,4
202000012191,2020-12-27 12:10:00,2020,12,27,12,10,77,77305,PARIS (NOUVELLE ROUTE DE),48.39342,2.94428,Plein jour,En agglomération,Hors intersection,Autre,Sans collision,3,3,3,0,2,2,2,0,3,50,1,1,0,0,1,0,,,voiture,,1,2,1,9,7
202000012192,2020-12-27 00:50:00,2020,12,27,0,50,69,69266,GENAS    (Route de),45.7511087,4.9079275,Nuit avec éclairage allumé,En agglomération,Intersection à plus de 4 branches,Normale,Deux véhicules - côté,3,2,2,0,1,1,1,5,1,50,2,2,1,0,0,1,26.0,18.0,transport_commun,voiture,5,2,5,1,3
202000012193,2020-12-27 16:40:00,2020,12,27,16,40,68,68376,KELLERMANN (RUE),47.82489,7.33587,Crépuscule ou aube,En agglomération,Intersection à plus de 4 branches,Normale,Deux véhicules - côté,4,2,2,0,1,1,1,0,1,30,2,3,2,0,1,0,16.0,55.0,deux_roues,voiture,2,2,5,1,3
202000012194,2020-12-26 19:20:00,2020,12,26,19,20,64,64102,LACHEPAILLET (RUE DES REMPARTS),43.49047,-1.479,Nuit avec éclairage allumé,En agglomération,Intersection en T,Normale,Autre collision,4,2,2,0,1,1,1,0,1,50,1,2,1,0,0,1,50.0,,deux_roues,,5,2,3,1,6
202000012195,2020-12-26 00:15:00,2020,12,26,0,15,61,61169,MINIERE (RUE DE LA),48.725691,-0.567671,Nuit sans éclairage public,En agglomération,Hors intersection,Temps couvert,Autre collision,3,2,2,0,1,3,2,0,3,50,1,1,0,0,1,0,32.0,,voiture,,3,2,1,8,6
202000012196,2020-12-22 19:30:00,2020,12,22,19,30,61,61391,RAINETTE (RUE DE),48.755368,-0.568755,Nuit avec éclairage allumé,En agglomération,Hors intersection,Pluie forte,Autre collision,3,2,2,0,2,1,2,0,1,50,1,2,1,1,0,0,20.0,,voiture,,5,2,1,3,6
202000012197,2020-12-27 13:30:00,2020,12,27,13,30,59,59599,PARIS (RUE DE),50.7194648,3.142291,Plein jour,En agglomération,Hors intersection,Pluie légère,Deux véhicules - arrière,4,2,0,0,1,1,2,0,3,50,2,2,1,0,0,1,49.0,66.0,utilitaire_camion,utilitaire_camion,1,2,1,2,2
202000012198,2020-12-04 09:00:00,2020,12,4,9,0,59,59350,MITTERIE RUE DE LA,50.64913,2.99758,Plein jour,En agglomération,Giratoire,Normale,Autre collision,4,3,2,0,1,1,1,0,1,50,1,2,1,0,0,1,53.0,,utilitaire_camion,,1,2,6,1,6
202000012199,2020-12-27 19:03:00,2020,12,27,19,3,30,30189,FAITA VINCENT (RUE),43.84159,4.36719,Nuit avec éclairage allumé,En agglomération,Intersection en Y,Normale,Deux véhicules - frontale,7,2,2,0,1,1,1,0,1,50,2,2,1,0,0,1,33.0,19.0,voiture,deux_roues,5,2,4,1,1
202000012200,2020-12-27 14:47:00,2020,12,27,14,47,29,29232,D785 - Rond point de Ludugris,47.9798,-4.12106,Plein jour,En agglomération,Giratoire,Pluie légère,Autre collision,3,1,1,0,3,2,2,9,1,50,1,2,0,0,0,2,45.0,,voiture,,1,2,6,2,6
202000012201,2020-12-27 17:50:00,2020,12,27,17,50,13,13073,DES TERMES (ROUTE) RD 908,43.3842768,5.556303,Nuit sans éclairage public,Hors agglomération,Hors intersection,Temps couvert,Deux véhicules - frontale,3,2,2,0,2,3,1,0,1,70,2,3,1,0,0,2,60.0,64.0,utilitaire_camion,voiture,3,1,1,8,1
202000012202,2020-12-27 04:30:00,2020,12,27,4,30,10,10387,MAJOR GENERAL VANIER (AVENUE),48.304,4.0717,Nuit avec éclairage allumé,En agglomération,Hors intersection,Normale,Autre collision,4,1,2,0,1,1,1,0,1,50,1,1,0,0,0,1,,,,,5,2,1,1,6
202000012203,2020-12-27 12:35:00,2020,12,27,12,35,05,05023,CHABAS (ROUTE DU),44.90728,6.62326,Plein jour,En agglomération,Hors intersection,Temps couvert,Autre collision,3,2,2,0,2,2,1,0,3,50,1,2,1,0,0,1,89.0,,voiture,,1,2,1,8,6
202000012204,2020-12-27 05:35:00,2020,12,27,5,35,01,01283,FRANCE (RUE A. DU 151-162 ET 173-188),46.2592344,5.6573743,Nuit avec éclairage allumé,En agglomération,Hors intersection,Temps couvert,Deux véhicules - côté,4,3,1,0,1,1,1,5,1,50,2,5,3,0,1,1,46.0,23.0,autre,voiture,5,2,1,8,3
202000012205,2020-12-26 20:00:00,2020,12,26,20,0,75,75115,BOULEVARD DE GRENELLE,48.84912,2.297316,Nuit sans éclairage public,En agglomération,Hors intersection,Normale,Deux véhicules - arrière,4,1,1,0,1,1,1,0,1,50,2,2,1,0,0,1,20.0,20.0,deux_roues,voiture,3,2,1,1,2
202000012206,2020-12-26 23:30:00,2020,12,26,23,30,75,75115,RUE DE LA CONVENTION,48.844133,2.281244,Nuit avec éclairage allumé,En agglomération,Intersection en X,Normale,Autre collision,4,2,2,2,1,1,1,8,1,50,1,1,0,0,0,1,38.0,,deux_roues,,5,2,2,1,6