accident_id,datetime,annee,mois,jour,heure,minute,departement,commune_insee,adresse,latitude,longitude,luminosite,agglomeration,intersection,meteo,collision,catr,circ,nbv,vosp,prof,plan,surf,infra,situ,vma,nb_vehicules,nb_usagers,nb_indemnes,nb_tues,nb_blesses_hosp,nb_blesses_legers,age_cond_1,age_cond_2,veh_type_cond_1,veh_type_cond_2,lum_code,agg_code,int_code,atm_code,col_code
202000012207,2020-12-27 14:00:00,2020,12,27,14,0,93,93066,STADE DE FRANCE (AVENUE DU),48.9190154,2.3617575,Plein jour,En agglomération,Autre intersection,Pluie forte,Autre collision,4,2,4,3,1,1,2,2,6,50,1,1,0,0,0,1,25.0,,voiture,,1,2,9,3,6
202000012208,2020-12-27 00:00:00,2020,12,27,0,0,93,93008,BARBUSSE (AVENUE HENRI) A30,48.90618,2.42301,Nuit avec éclairage allumé,En agglomération,Intersection en T,Normale,Autre collision,3,3,1,0,1,1,1,0,1,50,1,1,0,0,0,1,19.0,,utilitaire_camion,,5,2,3,1,6
202000012209,2020-12-27 15:17:00,2020,12,27,15,17,92,92049,PERI RUE GABRIEL N°1 A 35,48.8178224,2.323586,Plein jour,En agglomération,Hors intersection,Pluie forte,Deux véhicules - côté,3,2,2,0,1,1,2,0,1,50,2,2,1,0,0,1,23.0,23.0,deux_roues,voiture,1,2,1,3,3
202000012210,2020-12-27 21:10:00,2020,12,27,21,10,11,11413,route départementale 118,43.341367,2.288541,Nuit sans éclairage public,Hors agglomération,Hors intersection,Normale,Autre collision,3,2,2,0,2,1,1,0,3,80,1,3,0,1,2,0,33.0,,voiture,,3,1,1,1,6
202000012211,2020-12-28 12:45:00,2020,12,28,12,45,2A,2A272,RT40 a madunina,41.6428397,8.9573143,Plein jour,Hors agglomération,Hors intersection,Pluie légère,Autre collision,2,2,2,0,1,1,2,0,3,80,1,2,0,0,0,2,60.0,,voiture,,1,1,1,2,6
202000012212,2020-12-27 18:05:00,2020,12,27,18,5,974,97416,BANK (BOULEVARD),-21.33136,55.47706,Nuit avec éclairage allumé,En agglomération,Autre intersection,Normale,Deux véhicules - côté,2,2,2,0,1,1,2,0,1,50,2,2,1,0,1,0,23.0,,voiture,,5,2,9,1,3
202000012213,2020-12-15 15:45:00,2020,12,15,15,45,34,34217,D17,43.707097,3.867831,Plein jour,Hors agglomération,Hors intersection,Pluie forte,Deux véhicules - frontale,3,2,2,0,1,1,3,0,1,80,2,2,1,0,0,1,65.0,52.0,voiture,voiture,1,1,1,3,1
202000012214,2020-12-28 12:30:00,2020,12,28,12,30,83,83067,Route de Pignans,43.318063,6.282833,Plein jour,En agglomération,Hors intersection,Normale,Deux véhicules - frontale,3,2,2,0,1,1,2,0,1,50,2,2,1,0,1,0,19.0,66.0,deux_roues,voiture,1,2,1,1,1
202000012215,2020-12-25 18:11:00,2020,12,25,18,11,78,78505,Rue du Bois de Prunay,48.858631,1.672223,Nuit sans éclairage public,Hors agglomération,Hors intersection,Temps couvert,Autre collision,4,2,2,0,1,1,2,0,3,80,1,2,1,0,0,1,34.0,,voiture,,3,1,1,8,6
202000012216,2020-12-27 10:18:00,2020,12,27,10,18,71,71543,Lieu Dit la Croix Leonard,46.5708211,4.8801653,Plein jour,En agglomération,Hors intersection,Temps couvert,Sans collision,3,2,2,0,3,1,1,0,1,50,1,1,0,0,1,0,73.0,,deux_roues,,1,2,1,8,7
202000012217,2020-12-27 20:18:00,2020,12,27,20,18,61,61140,La Boe,48.716008,0.661921,Nuit sans éclairage public,Hors agglomération,Hors intersection,Pluie légère,Autre collision,3,2,2,0,2,1,2,0,3,90,1,1,0,0,1,0,23.0,,voiture,,3,1,1,2,6
202000012218,2020-12-26 17:35:00,2020,12,26,17,35,49,49248,"5, Rue d'Anjou - Bel'air de Combrée (Combrée)",47.709852,-0.983893,Nuit avec éclairage allumé,En agglomération,Hors intersection,Pluie légère,Deux véhicules - frontale,4,2,2,0,1,1,2,0,1,50,2,2,1,0,1,0,63.0,51.0,voiture,voiture,5,2,1,2,1
202000012219,2020-12-19 15:15:00,2020,12,19,15,15,03,03036,11 Rue de la Paroisse,46.5841064,3.0573821,Crépuscule ou aube,En agglomération,Intersection en T,Pluie légère,Sans collision,3,2,1,0,2,1,2,0,1,50,1,1,0,0,1,0,40.0,,deux_roues,,2,2,3,2,7
202000012220,2020-12-24 04:25:00,2020,12,24,4,25,70,70566,D6,47.712429,6.071883,Nuit sans éclairage public,Hors agglomération,Hors intersection,Normale,Sans collision,3,2,2,0,2,3,2,0,8,80,1,1,0,0,1,0,37.0,,voiture,,3,1,1,1,7
202000012221,2020-12-27 11:10:00,2020,12,27,11,10,58,58095,Église Saint-Aré (Lieu de culte),46.827733,3.460919,Plein jour,En agglomération,Place,Normale,Autre collision,6,1,1,0,2,1,1,0,8,30,1,4,1,0,0,3,84.0,,voiture,,1,2,7,1,6
202000012222,2020-12-06 12:50:00,2020,12,6,12,50,72,72039,"Départementale 7, PK4",48.183888,0.452992,Plein jour,Hors agglomération,Hors intersection,Pluie légère,Sans collision,3,2,2,0,1,1,2,0,3,90,1,2,1,0,1,0,23.0,,voiture,,1,1,1,2,7
202000012223,2020-12-28 10:00:00,2020,12,28,10,0,18,18012,D45,47.131692,3.005508,Plein jour,Hors agglomération,Hors intersection,Temps couvert,Autre collision,3,2,2,0,1,1,2,0,3,80,1,1,0,1,0,0,20.0,,voiture,,1,1,1,8,6
202000012224,2020-12-27 19:35:00,2020,12,27,19,35,07,07199,Chamandre,44.5012988,4.2382496,Nuit sans éclairage public,Hors agglomération,Hors intersection,Pluie légère,Autre collision,4,2,2,0,1,2,2,0,1,80,1,1,0,0,1,0,23.0,,voiture,,3,1,1,2,6
202000012225,2020-12-27 18:45:00,2020,12,27,18,45,21,21112,D996,47.0777829,5.1030711,Nuit sans éclairage public,Hors agglomération,Hors intersection,Vent fort / tempête,Autre collision,3,2,2,0,4,1,2,0,3,90,1,2,1,1,0,0,55.0,,voiture,,3,1,1,6,6
202000012226,2020-12-26 19:00:00,2020,12,26,19,0,88,88445,D415,48.258034,6.961802,Nuit sans éclairage public,Hors agglomération,Hors intersection,Pluie légère,Trois véhicules et plus - collisions multiples,3,3,4,0,1,1,2,3,8,110,3,2,1,0,1,0,63.0,20.0,voiture,voiture,3,1,1,2,5
202000012227,2020-12-28 08:50:00,2020,12,28,8,50,95,95678,RN 184,49.072994,2.24134,Crépuscule ou aube,Hors agglomération,Hors intersection,Pluie légère,Deux véhicules - côté,2,1,2,0,1,2,2,3,1,110,2,3,2,0,0,1,60.0,30.0,voiture,voiture,2,1,1,2,3
202000012228,2020-12-28 10:15:00,2020,12,28,10,15,33,33095,A65 PK 28.100,44.304143,-0.229654,Plein jour,Hors agglomération,Hors intersection,Neige / grêle,Trois véhicules et plus - en chaîne,1,3,4,0,1,1,5,0,1,110,4,14,13,0,0,1,30.0,54.0,voiture,voiture,1,1,1,4,4
202000012229,2020-12-28 09:45:00,2020,12,28,9,45,17,17053,A837,45.8964,-0.753937,Plein jour,Hors agglomération,Hors intersection,Neige / grêle,Trois véhicules et plus - collisions multiples,1,3,4,0,2,1,7,0,1,-1,5,13,10,0,2,1,52.0,55.0,voiture,voiture,1,1,1,4,5
202000012230,2020-12-27 18:30:00,2020,12,27,18,30,95,95371,rue gabriel peri,49.078604,2.49917,Nuit avec éclairage allumé,En agglomération,Hors intersection,Pluie légère,Autre collision,3,2,2,0,1,1,2,0,1,50,1,2,1,0,0,1,80.0,,voiture,,5,2,1,2,6
202000012231,2020-12-28 20:30:00,2020,12,28,20,30,988,98808,Tribu de Nekoue,-21.252006,165.605106,Nuit sans éclairage public,Hors agglomération,Hors intersection,Pluie forte,Autre collision,2,2,2,0,1,1,2,0,4,70,1,2,0,0,0,2,45.0,,voiture,,3,1,1,3,6
202000012232,2020-12-28 05:48:00,2020,12,28,5,48,38,38449,Boulevard de Tharabie,45.647637,5.101712,Nuit avec éclairage allumé,Hors agglomération,Intersection en X,Normale,Deux véhicules - côté,3,2,4,0,1,1,2,0,1,70,2,3,2,0,0,1,68.0,21.0,voiture,voiture,5,1,2,1,3
202000012233,2020-12-17 18:15:00,2020,12,17,18,15,38,38557,Rue des Chênes,45.795103,5.114388,Nuit avec éclairage allumé,En agglomération,Hors intersection,Pluie légère,Autre collision,4,1,1,0,4,1,2,9,1,50,1,2,1,0,0,1,37.0,,voiture,,5,2,1,2,6
202000012234,2020-12-28 20:03:00,2020,12,28,20,3,44,44047,N444,47.246869,-1.674806,Nuit sans éclairage public,Hors agglomération,Hors intersection,Normale,Autre collision,2,1,4,0,1,3,2,3,3,110,1,2,1,1,0,0,67.0,,voiture,,3,1,1,1,6
202000012235,2020-12-27 19:15:00,2020,12,27,19,15,56,56114,Kervic,47.30723,-3.119559,Nuit sans éclairage public,Hors agglomération,Hors intersection,Pluie forte,Autre collision,4,2,2,0,2,3,2,0,3,80,1,1,0,0,1,0,34.0,,voiture,,3,1,1,3,6
202000012236,2020-12-28 11:15:00,2020,12,28,11,15,60,60589,rue de valmy,49.233832,2.467021,Plein jour,En agglomération,Intersection en T,Normale,Deux véhicules - frontale,4,2,2,0,1,1,1,0,1,50,2,2,1,0,0,1,36.0,57.0,voiture,voiture,1,2,3,1,1
202000012237,2020-12-27 10:30:00,2020,12,27,10,30,62,62887,A16,50.582242,1.640911,Plein jour,Hors agglomération,Hors intersection,Vent fort / tempête,Sans collision,1,3,4,0,1,1,2,0,3,110,1,2,0,0,2,0,62.0,,voiture,,1,1,1,6,7
202000012238,2020-12-27 02:00:00,2020,12,27,2,0,13,13106,A7-Sens Lyon vers Marseille,43.39024,5.35096,Nuit sans éclairage public,Hors agglomération,Hors intersection,Normale,Autre collision,1,1,4,0,2,1,1,3,1,90,1,1,0,0,0,1,36.0,,voiture,,3,1,1,1,6
202000012239,2020-12-27 08:40:00,2020,12,27,8,40,69,69388,RD383   11.460 A 11.750,45.7255,4.8963,Plein jour,Hors agglomération,Hors intersection,Normale,Autre collision,3,3,3,0,3,2,1,0,2,70,1,1,0,0,0,1,25.0,,voiture,,1,1,1,1,6
202000012240,2020-12-27 20:10:00,2020,12,27,20,10,94,94003,AUTOROUTE A6A,48.79899,2.34258,Nuit sans éclairage public,Hors agglomération,Hors intersection,Pluie légère,Trois véhicules et plus - en chaîne,1,3,6,0,1,1,2,0,1,90,3,4,3,0,0,1,40.0,47.0,voiture,voiture,3,1,1,2,4
202000012241,2020-12-27 16:15:00,2020,12,27,16,15,92,92002,AUTOROUTE A10,48.7323752,2.3113473,Crépuscule ou aube,Hors agglomération,Hors intersection,Pluie forte,Trois véhicules et plus - en chaîne,1,3,6,0,1,1,2,0,1,90,4,8,4,0,0,4,22.0,32.0,voiture,voiture,2,1,1,3,4
202000012242,2020-12-27 13:40:00,2020,12,27,13,40,91,91340,RN 104,48.60899,2.43422,Plein jour,Hors agglomération,Hors intersection,Pluie forte,Autre collision,2,1,3,0,2,3,2,3,1,70,1,1,0,0,0,1,43.0,,voiture,,1,1,1,3,6
202000012243,2020-12-27 20:10:00,2020,12,27,20,10,92,92012,A13,48.8484534,2.2296326,Nuit avec éclairage allumé,Hors agglomération,Hors intersection,Pluie légère,Autre collision,1,3,4,0,1,1,2,0,1,70,1,3,0,0,1,2,20.0,,voiture,,5,1,1,2,6
202000012244,2020-12-27 17:50:00,2020,12,27,17,50,78,78672,A13,48.928946,1.987624,Nuit avec éclairage non allumé,Hors agglomération,Hors intersection,Pluie légère,Deux véhicules - arrière,1,3,6,0,1,1,2,0,1,110,2,4,1,0,0,3,30.0,44.0,voiture,voiture,4,1,1,2,2
202000012245,2020-12-27 21:10:00,2020,12,27,21,10,95,95042,RN 104,49.05686,2.28811,Nuit sans éclairage public,Hors agglomération,Hors intersection,Pluie légère,Autre collision,2,3,5,0,1,3,2,0,1,110,1,1,0,0,0,1,46.0,,utilitaire_camion,,3,1,1,2,6
202000012246,2020-12-27 20:30:00,2020,12,27,20,30,93,93039,AUTOROUTE A86,48.92747,2.33356,Nuit avec éclairage non allumé,Hors agglomération,Hors intersection,Normale,Deux véhicules - côté,1,3,8,0,1,1,2,0,1,90,2,2,1,0,0,1,20.0,34.0,voiture,voiture,4,1,1,1,3
202000012247,2020-12-26 20:45:00,2020,12,26,20,45,95,95028,RN 104,49.06032,2.35629,Nuit sans éclairage public,Hors agglomération,Hors intersection,Normale,Deux véhicules - côté,2,3,5,0,1,1,1,0,1,110,2,2,1,0,0,1,38.0,22.0,utilitaire_camion,voiture,3,1,1,1,3
202000012248,2020-12-26 17:45:00,2020,12,26,17,45,92,92036,AUTOROUTE A86,48.939,2.30676,Nuit sans éclairage public,Hors agglomération,Hors intersection,Normale,Trois véhicules et plus - collisions multiples,1,3,7,0,1,1,1,0,1,90,4,5,4,0,0,1,53.0,29.0,utilitaire_camion,voiture,3,1,1,1,5
202000012249,2020-12-26 17:40:00,2020,12,26,17,40,60,60138,,49.21513,2.62659,Nuit avec éclairage allumé,Hors agglomération,Hors intersection,Normale,Autre collision,1,3,4,0,1,1,1,0,1,90,1,1,0,0,0,1,26.0,,voiture,,5,1,1,1,6
202000012250,2020-12-24 06:15:00,2020,12,24,6,15,988,98818,AVENUE JAMES COOK/ACCES PARKING LYCEE JULES GARNIER,-22.26752,166.42129,Plein jour,En agglomération,Giratoire,Normale,Autre collision,4,2,2,0,1,2,1,5,3,50,1,2,1,0,0,1,50.0,,voiture,,1,2,6,1,6
202000012251,2020-12-26 07:00:00,2020,12,26,7,0,976,97611,kaweni-Archipel (avenue de l'),-12.7737404,45.2247986,Plein jour,En agglomération,Hors intersection,Normale,Autre collision,4,2,0,0,1,1,1,0,1,50,1,1,0,0,0,1,36.0,,deux_roues,,1,2,1,1,6
202000012252,2020-12-26 14:00:00,2020,12,26,14,0,974,97416,LIGNE DES BAMBOUS(ROUTE),-21.3041,55.49603,Plein jour,Hors agglomération,Hors intersection,Normale,Autre collision,4,2,2,0,2,3,1,0,1,50,1,1,0,0,0,1,16.0,,deux_roues,,1,1,1,1,6
202000012253,2020-12-26 17:55:00,2020,12,26,17,55,973,97302,MERE THERESA (rue),4.92335,-52.31251,Plein jour,En agglomération,Hors intersection,Normale,Deux véhicules - côté,4,2,2,0,1,1,1,0,1,50,2,2,1,0,0,1,24.0,19.0,deux_roues,deux_roues,1,2,1,1,3
202000012254,2020-12-26 15:40:00,2020,12,26,15,40,973,97302,TROUBIRAN (CHEMIN DE),4.9152105,-52.3106884,Plein jour,En agglomération,Intersection en T,Normale,Deux véhicules - frontale,3,2,2,2,1,3,1,5,1,50,2,2,1,0,0,1,65.0,36.0,voiture,deux_roues,1,2,3,1,1
202000012255,2020-12-26 16:00:00,2020,12,26,16,0,69,69259,PROFESSEUR ROUX (DU)                (R ),45.72271,4.85868,Plein jour,En agglomération,Intersection en T,Normale,Autre collision,4,2,2,0,1,1,1,0,4,30,1,2,0,0,2,0,39.0,,voiture,,1,2,3,1,6
202000012256,2020-12-26 13:45:00,2020,12,26,13,45,972,97209,GENERAL DE GAULLE (BLD DU),14.60783,-61.06885,Plein jour,En agglomération,Intersection en T,Normale,Trois véhicules et plus - collisions multiples,2,3,4,0,1,1,1,5,1,30,4,4,2,0,0,2,42.0,61.0,voiture,voiture,1,2,3,1,5
202000012257,2020-10-19 09:20:00,2020,10,19,9,20,971,97120,FAIDHERBE (BOULEVARD),16.24069,-61.53374,Plein jour,En agglomération,Autre intersection,Normale,,3,1,4,0,1,1,1,6,1,50,2,3,2,0,0,1,57.0,56.0,voiture,transport_commun,1,2,9,1,-1
202000012258,2020-12-26 12:00:00,2020,12,26,12,0,95,95277,RAMBERT RAYMOND (AVENUE),48.9843197,2.4403113,Plein jour,En agglomération,Intersection en X,Normale,Trois véhicules et plus - collisions multiples,3,2,2,0,1,2,1,0,1,50,3,3,1,0,0,2,22.0,42.0,voiture,voiture,1,2,2,1,5
202000012259,2020-12-15 17:10:00,2020,12,15,17,10,95,95218,ROGER GUICHARD (AVENUE),49.0273034,2.0978456,Crépuscule ou aube,En agglomération,Hors intersection,Normale,Autre collision,3,2,2,0,1,3,1,9,1,50,1,2,1,0,0,1,32.0,,voiture,,2,2,1,1,6
202000012260,2020-12-26 15:25:00,2020,12,26,15,25,91,91549,ROND POINT CD 117,48.62546,2.33788,Plein jour,En agglomération,Autre intersection,Normale,Deux véhicules - arrière,2,1,1,0,2,1,1,3,1,70,2,2,1,0,0,1,24.0,19.0,voiture,voiture,1,2,9,1,2
202000012261,2020-12-26 18:15:00,2020,12,26,18,15,91,91114,RTE DE BRIE,48.70726,2.52392,Nuit avec éclairage allumé,En agglomération,Intersection en T,Temps couvert,Deux véhicules - arrière,3,2,2,0,1,1,1,0,1,50,2,2,1,0,1,0,22.0,26.0,deux_roues,voiture,5,2,3,8,2
202000012262,2020-12-26 16:45:00,2020,12,26,16,45,64,64445,CONDOM DE,43.3221,-0.34437,Plein jour,En agglomération,Hors intersection,Normale,Deux véhicules - côté,4,2,2,0,1,1,1,0,1,30,2,2,1,0,0,1,30.0,15.0,voiture,deux_roues,1,2,1,1,3
202000012263,2020-12-26 22:55:00,2020,12,26,22,55,64,64102,AVRIL (AVENUE DU 14),43.503545,-1.467195,Nuit avec éclairage allumé,En agglomération,Intersection en X,Normale,Deux véhicules - frontale,3,2,3,0,1,1,1,0,1,50,2,5,4,0,1,0,25.0,22.0,deux_roues,voiture,5,2,2,1,1
202000012264,2020-12-26 10:17:00,2020,12,26,10,17,59,59279,NOLLET (RUE MARTHE),50.782096,3.123471,Plein jour,En agglomération,Intersection en X,Normale,Deux véhicules - côté,4,2,2,0,1,1,1,5,1,50,2,2,1,0,0,1,31.0,22.0,voiture,voiture,1,2,2,1,3
202000012265,2020-12-26 15:20:00,2020,12,26,15,20,54,54395,ADAM  (RUE SIGISBERT),48.70011,6.18395,Plein jour,En agglomération,Hors intersection,Normale,Autre collision,4,1,1,0,1,1,1,0,1,30,1,2,1,0,0,1,62.0,,voiture,,1,2,1,1,6
202000012266,2020-12-25 21:08:00,2020,12,25,21,8,47,47323,MYRE MORY (AVENUE),44.412953,0.720731,Nuit avec éclairage allumé,En agglomération,Intersection à plus de 4 branches,Normale,Deux véhicules - frontale,3,2,0,0,2,2,1,5,1,50,2,6,1,0,2,3,25.0,59.0,voiture,voiture,5,2,5,1,1
202000012267,2020-12-10 19:30:00,2020,12,10,19,30,42,42275,Route de l’Etrat,45.4717064,4.383448,Nuit avec éclairage allumé,En agglomération,Hors intersection,Pluie légère,Autre collision,3,-1,2,0,1,1,2,0,1,50,1,2,1,0,1,0,43.0,,voiture,,5,2,1,2,6
202000012268,2020-11-13 06:15:00,2020,11,13,6,15,42,42218,Rue Amouroux,45.41391,4.39783,Nuit avec éclairage allumé,En agglomération,Intersection en X,Normale,Deux véhicules - côté,4,-1,0,0,1,1,1,0,1,50,2,2,1,0,0,1,41.0,46.0,voiture,utilitaire_camion,5,2,2,1,3
202000012269,2020-12-26 14:00:00,2020,12,26,14,0,33,33063,BD ALFRED DANEY,44.86794,-0.57088,Plein jour,En agglomération,Intersection en T,Normale,Trois véhicules et plus - en chaîne,4,3,4,2,1,1,1,5,1,50,4,4,3,0,0,1,25.0,36.0,voiture,voiture,1,2,3,1,4
202000012270,2020-12-26 11:10:00,2020,12,26,11,10,29,29232,Parking Leclerc - Route de Brest,48.01535,-4.08051,Plein jour,En agglomération,Hors intersection,Normale,Autre collision,6,-1,-1,0,1,1,1,9,8,10,1,2,1,0,0,1,32.0,,voiture,,1,2,1,1,6
202000012271,2020-12-26 16:45:00,2020,12,26,16,45,28,28134,CHEMIN VERT (RUE DU),48.7399,1.3827,Plein jour,En agglomération,Hors intersection,Normale,Autre collision,4,1,1,0,1,1,1,0,1,50,1,1,0,0,0,1,23.0,,deux_roues,,1,2,1,1,6
202000012272,2020-12-26 16:15:00,2020,12,26,16,15,13,13211,PEINTRES ROUX (avenue),43.3054,5.4705,Plein jour,En agglomération,Hors intersection,Normale,Deux véhicules - côté,3,2,4,0,2,1,1,0,1,50,2,2,0,0,0,2,19.0,,deux_roues,,1,2,1,1,3
202000012273,2020-12-26 09:45:00,2020,12,26,9,45,06,06069,PASTEUR (BOULEVARD),43.656988,6.913943,Plein jour,En agglomération,Hors intersection,Normale,Deux véhicules - côté,3,2,1,0,1,1,1,0,1,50,2,2,1,0,0,1,39.0,46.0,voiture,deux_roues,1,2,1,1,3
202000012274,2020-12-24 13:50:00,2020,12,24,13,50,75,75116,PORTE MAILLOT,48.873578,2.275295,Plein jour,En agglomération,Hors intersection,Pluie légère,Deux véhicules - côté,4,1,4,0,1,1,2,0,1,70,2,2,1,0,0,1,32.0,30.0,voiture,deux_roues,1,2,1,2,3
202000012275,2020-12-26 22:10:00,2020,12,26,22,10,75,75119,BOULEVARD SERURIER,48.892605,2.394834,Nuit avec éclairage allumé,En agglomération,Hors intersection,Normale,Autre collision,4,2,4,1,1,1,1,0,1,50,1,2,1,0,0,1,18.0,,voiture,,5,2,1,1,6
202000012276,2020-12-26 21:45:00,2020,12,26,21,45,75,75117,AVENUE DE LA GRANDE ARMEE,48.874423,2.292993,Nuit avec éclairage allumé,En agglomération,Intersection en X,Normale,Deux véhicules - arrière,4,2,6,3,2,1,1,0,1,50,2,3,2,0,0,1,26.0,19.0,voiture,deux_roues,5,2,2,1,2
202000012277,2020-12-25 12:15:00,2020,12,25,12,15,75,75116,QUAI LOUIS BLERIOT,48.844933,2.272293,Plein jour,En agglomération,Hors intersection,Temps couvert,Autre collision,4,1,1,0,1,1,2,0,1,50,1,2,1,0,0,1,56.0,,voiture,,1,2,1,8,6
202000012278,2020-12-26 11:46:00,2020,12,26,11,46,75,75111,RUE DE CHARONNE,48.855934,2.39235,Plein jour,En agglomération,Intersection en T,Normale,Deux véhicules - arrière,4,2,2,0,1,1,1,0,1,50,2,2,1,0,1,0,75.0,76.0,voiture,deux_roues,1,2,3,1,2
202000012279,2020-12-26 18:10:00,2020,12,26,18,10,75,75101,RUE MONTMARTRE,48.864135,2.34547,Nuit avec éclairage allumé,En agglomération,Intersection en T,Normale,Deux véhicules - arrière,4,1,1,0,1,1,2,0,1,30,2,3,2,0,0,1,51.0,,deux_roues,,5,2,3,1,2
202000012280,2020-12-26 21:25:00,2020,12,26,21,25,94,94078,DIDEROT (R),48.736773,2.448072,Nuit avec éclairage allumé,En agglomération,Hors intersection,Normale,Deux véhicules - côté,4,1,1,0,1,1,1,0,1,50,2,2,1,0,0,1,22.0,34.0,deux_roues,voiture,5,2,1,1,3
202000012281,2020-12-26 17:00:00,2020,12,26,17,0,94,94068,PERDRIX (AV DES),48.7876,2.49708,Nuit avec éclairage allumé,En agglomération,Hors intersection,Normale,Sans collision,4,1,1,0,1,1,1,0,1,50,1,1,0,0,1,0,22.0,,deux_roues,,5,2,1,1,7
202000012282,2020-12-02 09:00:00,2020,12,2,9,0,94,94052,PAUL BERT (R),48.8397,2.48159,Crépuscule ou aube,En agglomération,Hors intersection,Normale,Autre collision,4,1,1,0,1,1,1,0,1,30,1,2,1,0,0,1,45.0,,voiture,,2,2,1,1,6
202000012283,2020-12-26 03:05:00,2020,12,26,3,5,94,94046,CONCORDE (R DE LA),48.81193,2.44761,Nuit avec éclairage allumé,En agglomération,Hors intersection,Normale,Sans collision,4,2,2,0,1,1,1,0,4,50,1,1,0,0,1,0,17.0,,deux_roues,,5,2,1,1,7
202000012284,2020-12-25 22:35:00,2020,12,25,22,35,94,94003,PAUL VAILLANT COUTURIER (AV),48.8001,2.34263,Nuit avec éclairage allumé,En agglomération,Hors intersection,Normale,Autre collision,3,2,2,0,1,1,1,0,1,50,1,2,0,0,0,2,21.0,,utilitaire_camion,,5,2,1,1,6
202000012285,2020-12-26 23:05:00,2020,12,26,23,5,94,94073,ALOUETTES (R DES),48.752277,2.370338,Nuit avec éclairage allumé,En agglomération,Hors intersection,Normale,Sans collision,3,1,0,0,1,2,1,0,1,50,1,1,0,0,0,1,38.0,,deux_roues,,5,2,1,1,7
202000012286,2020-12-26 15:15:00,2020,12,26,15,15,94,94028,Rue de la Basse Quinte,48.77434,2.443111,Plein jour,En agglomération,Hors intersection,Normale,Autre collision,4,1,2,0,1,1,1,0,1,30,1,2,1,0,1,0,30.0,,voiture,,1,2,1,1,6
202000012287,2020-12-26 16:30:00,2020,12,26,16,30,94,94002,ETIENNE DOLET (R),48.790207,2.42575,Plein jour,En agglomération,Hors intersection,Temps couvert,,4,3,1,0,1,1,1,0,1,30,2,2,1,0,0,1,19.0,38.0,voiture,voiture,1,2,1,8,-1
202000012288,2020-12-26 19:29:00,2020,12,26,19,29,93,93029,AUGUSTE BLANQUI,48.9203217,2.4576938,Nuit avec éclairage allumé,En agglomération,Hors intersection,Normale,Deux véhicules - arrière,4,2,0,0,1,1,1,0,1,30,2,3,2,0,0,1,58.0,21.0,deux_roues,voiture,5,2,1,1,2
202000012289,2020-12-26 18:55:00,2020,12,26,18,55,93,93057,BRIAND (AV. ARISTIDE) 2 A 132,48.909782,2.5066038,Nuit avec éclairage allumé,En agglomération,Hors intersection,Normale,Autre collision,3,3,3,0,1,1,1,0,1,50,1,2,1,0,1,0,44.0,,voiture,,5,2,1,1,6
202000012290,2020-12-26 20:30:00,2020,12,26,20,30,92,92020,PARIS AVENUE DE N° IMPAIRS,48.8057009,2.2913073,Nuit avec éclairage allumé,En agglomération,Hors intersection,Normale,Deux véhicules - frontale,3,-1,2,0,1,1,1,0,1,50,2,2,0,0,0,2,33.0,52.0,voiture,voiture,5,2,1,1,1
202000012291,2020-12-27 20:10:00,2020,12,27,20,10,33,33352,D9e1,44.577599,-0.075595,Nuit sans éclairage public,Hors agglomération,Hors intersection,Pluie forte,Deux véhicules - frontale,3,2,2,0,1,2,2,0,1,80,2,3,1,2,0,0,89.0,38.0,voiture,voiture,3,1,1,3,1
202000012292,2020-12-23 17:45:00,2020,12,23,17,45,34,34199,A75,43.445341,3.422522,Nuit sans éclairage public,Hors agglomération,Hors intersection,Normale,Deux véhicules - arrière,1,3,4,0,1,1,1,0,1,110,2,5,1,0,0,4,39.0,41.0,voiture,voiture,3,1,1,1,2
202000012293,2020-12-26 13:19:00,2020,12,26,13,19,49,49180,,47.371559,-0.158186,Plein jour,Hors agglomération,Hors intersection,Normale,Autre collision,3,2,2,0,1,1,1,0,3,80,1,3,0,0,1,2,18.0,,voiture,,1,1,1,1,6
202000012294,2020-12-26 18:30:00,2020,12,26,18,30,34,34119,Place Etienne Pascal,43.593897,3.11412,Nuit avec éclairage allumé,En agglomération,Hors intersection,Normale,Sans collision,4,2,2,0,1,1,1,0,1,50,1,2,1,0,1,0,55.0,,voiture,,5,2,1,1,7
202000012295,2020-12-26 13:20:00,2020,12,26,13,20,44,44150,5 Route de la Garotterie,47.127055,-1.629073,Plein jour,En agglomération,Hors intersection,Normale,Deux véhicules - côté,7,2,2,0,1,1,1,0,1,50,2,2,1,0,1,0,19.0,15.0,voiture,deux_roues,1,2,1,1,3
202000012296,2020-12-25 12:40:00,2020,12,25,12,40,03,03036,Route de Bourbon ,46.5946546,3.0970122,Plein jour,Hors agglomération,Hors intersection,Normale,Autre collision,3,2,2,0,1,1,1,0,3,90,1,1,0,0,1,0,19.0,,voiture,,1,1,1,1,6
202000012297,2020-12-26 16:55:00,2020,12,26,16,55,64,64161,Avenue des Pyrénées,43.509417,-1.11176,Plein jour,Hors agglomération,Intersection en X,Normale,Deux véhicules - côté,3,2,2,0,1,1,1,0,1,80,2,3,0,0,1,2,43.0,72.0,voiture,voiture,1,1,2,1,3