accident_id,datetime,annee,mois,jour,heure,minute,departement,commune_insee,adresse,latitude,longitude,luminosite,agglomeration,intersection,meteo,collision,catr,circ,nbv,vosp,prof,plan,surf,infra,situ,vma,nb_vehicules,nb_usagers,nb_indemnes,nb_tues,nb_blesses_hosp,nb_blesses_legers,age_cond_1,age_cond_2,veh_type_cond_1,veh_type_cond_2,lum_code,agg_code,int_code,atm_code,col_code
202000012298,2020-12-26 18:10:00,2020,12,26,18,10,10,10114,45 Rue de Faverolles,48.516686,3.647386,Nuit avec éclairage allumé,En agglomération,Autre intersection,Temps couvert,Trois véhicules et plus - en chaîne,4,2,2,0,1,1,2,0,1,50,3,3,1,0,0,2,32.0,25.0,voiture,voiture,5,2,9,8,4
202000012299,2020-12-27 17:50:00,2020,12,27,17,50,36,36088,21 Avenue du Colombier,46.947474,2.007053,Nuit sans éclairage public,En agglomération,Hors intersection,Vent fort / tempête,Autre collision,2,2,2,0,1,1,2,9,1,50,1,2,1,0,0,1,35.0,,voiture,,3,2,1,6,6
202000012300,2020-12-26 11:45:00,2020,12,26,11,45,27,27263,25 Route du Château,49.399906,0.536884,Plein jour,Hors agglomération,Intersection en X,Normale,Deux véhicules - côté,3,2,2,0,1,1,1,0,1,50,2,6,5,0,1,0,59.0,19.0,voiture,voiture,1,1,2,1,3
202000012301,2020-12-15 18:30:00,2020,12,15,18,30,17,17397,Route de Saintes,45.87317,-0.674903,Nuit sans éclairage public,En agglomération,Hors intersection,Temps couvert,Autre collision,3,2,2,0,1,1,1,0,1,50,1,2,1,0,1,0,57.0,,voiture,,3,2,1,8,6
202000012302,2020-12-26 20:15:00,2020,12,26,20,15,37,37156,Avenue Paul-louis Courier,47.3794311,0.8223888,Nuit avec éclairage allumé,En agglomération,Hors intersection,Normale,Deux véhicules - frontale,3,2,2,0,1,1,2,0,1,50,2,2,1,0,0,1,30.0,57.0,voiture,voiture,5,2,1,1,1
202000012303,2020-12-26 19:24:00,2020,12,26,19,24,02,02211,a26 pk 243+200,49.421164,3.931389,Nuit sans éclairage public,Hors agglomération,Hors intersection,Pluie légère,Trois véhicules et plus - en chaîne,1,1,4,0,1,1,2,0,1,130,3,3,2,0,0,1,53.0,20.0,voiture,voiture,3,1,1,2,4
202000012304,2020-12-26 13:55:00,2020,12,26,13,55,40,40075,A63,43.85251,-1.169186,Plein jour,Hors agglomération,Hors intersection,Normale,Deux véhicules - arrière,1,3,3,0,1,1,1,0,1,130,2,3,2,0,0,1,47.0,67.0,utilitaire_camion,voiture,1,1,1,1,2
202000012305,2020-12-25 15:30:00,2020,12,25,15,30,987,98745,PK 4.300 HIPU,-16.630833,-151.504028,Plein jour,Hors agglomération,Hors intersection,Normale,Sans collision,4,2,2,0,1,1,1,0,3,50,1,1,0,0,1,0,45.0,,deux_roues,,1,1,1,1,7
202000012306,2020-12-27 19:30:00,2020,12,27,19,30,60,60494,D922,49.1043697,2.5691314,Nuit sans éclairage public,Hors agglomération,Hors intersection,Pluie légère,Sans collision,3,2,2,0,1,1,2,0,8,80,1,1,0,0,0,1,44.0,,voiture,,3,1,1,2,7
202000012307,2020-12-27 16:30:00,2020,12,27,16,30,28,28169,A10,48.439337,1.906729,Crépuscule ou aube,Hors agglomération,Hors intersection,Pluie légère,Deux véhicules - arrière,1,3,3,0,1,1,2,0,1,130,2,7,3,0,3,1,20.0,47.0,voiture,voiture,2,1,1,2,2
202000012308,2020-12-26 21:50:00,2020,12,26,21,50,987,98747,PK 6 à PUEU,-17.751545,-149.240354,Nuit avec éclairage allumé,Hors agglomération,Hors intersection,Pluie légère,Autre collision,2,2,2,0,1,1,2,0,3,60,1,1,0,1,0,0,28.0,,voiture,,5,1,1,2,6
202000012309,2020-12-18 05:35:00,2020,12,18,5,35,973,97304,RN1 - PK 44 + 800,5.096587,-52.617474,Nuit sans éclairage public,Hors agglomération,Hors intersection,Normale,Deux véhicules - côté,2,2,2,0,1,1,2,0,1,80,2,4,3,0,1,0,46.0,25.0,voiture,voiture,3,1,1,1,3
202000012310,2020-12-27 06:50:00,2020,12,27,6,50,978,97801,N7 route de bellevue,18.051704,-63.086028,Plein jour,Hors agglomération,Hors intersection,Normale,Sans collision,3,2,2,0,3,1,1,0,8,-1,1,1,0,0,1,0,32.0,,deux_roues,,1,1,1,1,7
202000012311,2020-12-27 11:20:00,2020,12,27,11,20,971,97131,Rue du Fort Napoleon,15.873641,-61.582248,Plein jour,En agglomération,Hors intersection,Normale,Autre collision,3,2,2,0,2,2,1,0,3,30,1,2,0,0,1,1,50.0,,deux_roues,,1,2,1,1,6
202000012312,2020-12-26 21:20:00,2020,12,26,21,20,66,66190,RD 11,42.816433,2.929101,Nuit sans éclairage public,Hors agglomération,Hors intersection,Normale,Autre collision,3,2,2,0,1,3,1,0,3,80,1,1,0,0,1,0,39.0,,voiture,,3,1,1,1,6
202000012313,2020-12-22 14:35:00,2020,12,22,14,35,52,52269,2 Rue Diderot,47.861844,5.333854,Plein jour,En agglomération,Intersection en X,Pluie légère,Autre collision,4,1,1,0,1,1,2,0,1,20,1,2,1,0,0,1,79.0,,voiture,,1,2,2,2,6
202000012314,2020-12-26 18:15:00,2020,12,26,18,15,03,03298,D46,46.3233309,3.3682227,Nuit sans éclairage public,Hors agglomération,Hors intersection,Normale,Trois véhicules et plus - collisions multiples,3,2,2,0,1,1,1,0,1,90,3,10,9,0,0,1,32.0,31.0,voiture,voiture,3,1,1,1,5
202000012315,2020-12-23 07:30:00,2020,12,23,7,30,69,69009,D39,45.944188,4.727616,Nuit sans éclairage public,Hors agglomération,Hors intersection,Normale,Deux véhicules - côté,3,2,2,0,1,1,2,0,1,50,2,2,1,0,0,1,26.0,51.0,deux_roues,utilitaire_camion,3,1,1,1,3
202000012316,2020-12-21 17:30:00,2020,12,21,17,30,69,69191,Route du mont Cindre,45.8191636,4.8223924,Nuit avec éclairage allumé,En agglomération,Autre intersection,Pluie légère,Autre collision,4,1,1,0,2,1,2,0,4,50,1,2,1,0,0,1,18.0,,utilitaire_camion,,5,2,9,2,6
202000012317,2020-12-04 16:40:00,2020,12,4,16,40,19,19085,LA CROIX D'ASSOU,45.3124979,1.8294668,Crépuscule ou aube,Hors agglomération,Hors intersection,Pluie légère,Deux véhicules - frontale,3,2,2,0,2,3,2,0,1,80,2,4,2,0,0,2,26.0,25.0,voiture,voiture,2,1,1,2,1
202000012318,2020-12-04 11:30:00,2020,12,4,11,30,49,49278,Avenue du Commerce,47.423758,-0.557653,Plein jour,En agglomération,Hors intersection,Normale,Autre collision,6,-1,2,0,1,1,1,9,8,30,1,3,1,0,0,2,54.0,,voiture,,1,2,1,1,6
202000012319,2020-12-27 10:20:00,2020,12,27,10,20,22,22149,Lieu dit Kerveno,48.291157,-2.917184,Plein jour,Hors agglomération,Hors intersection,Pluie légère,Autre collision,4,2,2,0,4,3,2,9,3,50,1,1,0,1,0,0,47.0,,voiture,,1,1,1,2,6
202000012320,2020-12-26 20:30:00,2020,12,26,20,30,02,02381,50 avenue de Verdun,49.91525,4.090908,Nuit avec éclairage allumé,En agglomération,Intersection en T,Pluie légère,Deux véhicules - côté,4,1,1,0,1,1,2,0,1,50,2,2,1,0,1,0,34.0,16.0,voiture,deux_roues,5,2,3,2,3
202000012321,2020-12-26 16:30:00,2020,12,26,16,30,13,13055,A507 sens Marseille - Aubagne,43.33014,5.39076,Plein jour,Hors agglomération,Hors intersection,Normale,Autre collision,7,1,3,0,1,2,1,1,2,70,1,1,0,0,1,0,23.0,,voiture,,1,1,1,1,6
202000012322,2020-12-25 05:00:00,2020,12,25,5,0,13,13026,A55-Sens Marseille vers Martigues,43.40215,5.10616,Nuit sans éclairage public,Hors agglomération,Hors intersection,Normale,Trois véhicules et plus - collisions multiples,1,1,2,0,1,1,1,0,1,110,3,3,2,0,0,1,30.0,30.0,voiture,voiture,3,1,1,1,5
202000012323,2020-12-26 01:25:00,2020,12,26,1,25,33,33448,AUTOROUTE A 62,44.710116,-0.513391,Nuit sans éclairage public,Hors agglomération,Hors intersection,Normale,Autre collision,1,3,4,0,1,1,1,0,1,130,1,1,0,0,0,1,58.0,,voiture,,3,1,1,1,6
202000012324,2020-12-26 10:50:00,2020,12,26,10,50,91,91228,RN 104,48.6164,2.4284,Plein jour,Hors agglomération,Hors intersection,Normale,Deux véhicules - arrière,2,3,11,0,1,1,2,0,1,90,2,2,1,0,0,1,22.0,51.0,deux_roues,voiture,1,1,1,1,2
202000012325,2020-12-25 01:15:00,2020,12,25,1,15,78,78646,RN12,48.793506,2.077518,Nuit sans éclairage public,Hors agglomération,Hors intersection,Normale,Autre collision,2,3,6,0,1,3,2,0,1,110,1,2,0,0,0,2,29.0,,voiture,,3,1,1,1,6
202000012326,2020-12-25 22:30:00,2020,12,25,22,30,95,95018, A15,48.9582402,2.2746366,Nuit sans éclairage public,Hors agglomération,Hors intersection,Normale,Deux véhicules - arrière,1,3,11,0,1,1,1,0,1,110,2,2,1,0,0,1,27.0,25.0,voiture,voiture,3,1,1,1,2
202000012327,2020-12-25 04:00:00,2020,12,25,4,0,973,97302,ROUTE NATIONALE 1,4.9143657,-52.3292921,Nuit avec éclairage allumé,Hors agglomération,Hors intersection,Pluie légère,Sans collision,2,2,4,0,1,1,2,0,8,90,1,1,0,0,0,1,28.0,,voiture,,5,1,1,2,7
202000012328,2020-12-16 19:25:00,2020,12,16,19,25,69,69387,GAMBETTA                            (CO),45.75082,4.85907,Nuit avec éclairage allumé,En agglomération,Hors intersection,Normale,,4,2,4,3,1,1,1,0,1,50,2,4,2,0,0,2,37.0,30.0,deux_roues,deux_roues,5,2,1,1,-1
202000012329,2020-12-25 05:10:00,2020,12,25,5,10,972,97213,ROUTE DEPARTEMENTALE 3,14.6372,-60.9917,Nuit sans éclairage public,Hors agglomération,Hors intersection,Normale,Sans collision,3,2,2,0,1,1,1,0,1,50,1,1,0,0,1,0,49.0,,voiture,,3,1,1,1,7
202000012330,2020-12-24 12:00:00,2020,12,24,12,0,972,97213,ACAJOU PROLONGEE,14.6195,-61.0205,Plein jour,Hors agglomération,Hors intersection,Normale,Sans collision,6,2,1,0,1,1,1,9,1,30,1,3,2,0,1,0,21.0,,voiture,,1,1,1,1,7
202000012331,2020-12-25 15:20:00,2020,12,25,15,20,69,69385,CHOULANS (DE)                       (CH),45.75437,4.81781,Plein jour,En agglomération,Hors intersection,Pluie légère,Autre collision,4,3,2,0,2,2,2,0,1,50,1,2,0,0,0,2,33.0,,voiture,,1,2,1,2,6
202000012332,2020-12-25 14:00:00,2020,12,25,14,0,2A,2A004,Rue Colonel Colonna d'Istria,41.93406,8.74087,Plein jour,En agglomération,Hors intersection,Normale,,3,1,1,0,1,2,1,0,1,30,2,2,1,0,0,1,14.0,,deux_roues,,1,2,1,1,-1
202000012333,2020-11-20 16:15:00,2020,11,20,16,15,93,93027,AUTOROUTE A1,48.9375053,2.41176,Plein jour,Hors agglomération,Hors intersection,Normale,Deux véhicules - côté,1,3,10,0,1,1,1,0,1,90,2,2,1,0,0,1,57.0,35.0,voiture,voiture,1,1,1,1,3
202000012334,2020-08-26 07:10:00,2020,8,26,7,10,13,13212,FERNAND NEGRO (BOULEVARD),43.31314,5.40957,Plein jour,En agglomération,Hors intersection,Normale,Autre collision,4,1,1,0,2,2,1,0,4,30,1,1,0,0,0,1,61.0,,voiture,,1,2,1,1,6
202000012335,2020-05-15 20:00:00,2020,5,15,20,0,33,33085,RD 10,44.762466,-0.495651,Plein jour,Hors agglomération,Hors intersection,Normale,Deux véhicules - frontale,3,2,2,0,1,1,1,0,1,80,2,4,2,0,1,1,38.0,33.0,voiture,voiture,1,1,1,1,1
202000012336,2020-11-20 17:00:00,2020,11,20,17,0,976,97611,cavani-Rond point du Stade,-12.7818873,45.2214196,Plein jour,En agglomération,Giratoire,Normale,Deux véhicules - côté,3,2,0,0,2,4,1,0,1,50,2,1,0,0,0,1,32.0,,deux_roues,,1,2,6,1,3
202000012337,2020-11-20 16:16:00,2020,11,20,16,16,976,97611,m'tsapere-Nationale 2 (route),-12.785126,45.2273709,Plein jour,Hors agglomération,Hors intersection,Normale,Deux véhicules - côté,2,2,2,0,1,1,1,0,1,50,2,2,1,0,0,1,19.0,27.0,deux_roues,voiture,1,1,1,1,3
202000012338,2020-11-20 09:28:00,2020,11,20,9,28,976,97611,vahibe-Departementale 3 ( route ),-12.79079,45.1801,Plein jour,En agglomération,Hors intersection,Normale,Deux véhicules - frontale,3,2,0,0,2,1,1,0,1,50,2,2,1,0,0,1,48.0,30.0,deux_roues,voiture,1,2,1,1,1
202000012339,2020-10-21 10:55:00,2020,10,21,10,55,976,97611,convalescence/vetivers-Seize Villas ( ru,-12.77967,45.22786,Plein jour,En agglomération,Hors intersection,Normale,Autre collision,3,2,0,0,1,4,1,0,1,50,1,2,1,0,0,1,46.0,,voiture,,1,2,1,1,6
202000012340,2020-11-19 10:50:00,2020,11,19,10,50,974,97416,Route Nationale 2,-21.35198,55.50779,Plein jour,En agglomération,Hors intersection,Normale,Trois véhicules et plus - collisions multiples,2,2,2,0,1,1,1,0,1,80,3,3,2,1,0,0,60.0,38.0,voiture,voiture,1,2,1,1,5
202000012341,2020-11-20 19:40:00,2020,11,20,19,40,974,97411,JAURES (BLD 1 JEAN),-20.89532,55.47287,Crépuscule ou aube,En agglomération,Hors intersection,Normale,Deux véhicules - arrière,2,3,4,2,1,1,1,2,1,50,2,2,1,0,0,1,27.0,48.0,deux_roues,voiture,2,2,1,1,2
202000012342,2020-11-20 12:50:00,2020,11,20,12,50,974,97411,MARIE (RUE SAINTE),-20.882512,55.45531,Plein jour,En agglomération,Intersection en X,Normale,Deux véhicules - côté,4,1,1,0,1,1,1,9,1,50,2,2,0,0,0,2,23.0,50.0,voiture,voiture,1,2,2,1,3
202000012343,2020-11-19 12:10:00,2020,11,19,12,10,974,97411,JAURES (BLD 1 JEAN),-20.88888,55.45003,Plein jour,En agglomération,Hors intersection,Normale,Trois véhicules et plus - en chaîne,4,1,4,0,1,1,1,0,1,50,3,5,4,0,0,1,31.0,24.0,voiture,voiture,1,2,1,1,4
202000012344,2020-11-19 07:05:00,2020,11,19,7,5,974,97411,JAURES (BLD 1 JEAN),-20.888806,55.449282,Plein jour,En agglomération,Hors intersection,Normale,Deux véhicules - côté,2,2,4,0,1,1,1,0,1,50,2,2,1,1,0,0,20.0,21.0,voiture,deux_roues,1,2,1,1,3
202000012345,2020-11-20 19:20:00,2020,11,20,19,20,973,97302,TIGRE (ROUTE DU),4.91514,-52.31069,Nuit avec éclairage allumé,En agglomération,Intersection en T,Temps couvert,Deux véhicules - côté,3,2,2,0,1,2,2,5,1,50,2,3,2,0,0,1,52.0,34.0,voiture,voiture,5,2,3,8,3
202000012346,2020-11-17 06:40:00,2020,11,17,6,40,973,97302,MONTABO (ROUTE DE) 1,4.9297641,-52.2903791,Crépuscule ou aube,En agglomération,Intersection en T,Temps couvert,Deux véhicules - côté,3,2,2,0,3,1,1,5,1,50,2,2,1,0,0,1,39.0,51.0,deux_roues,voiture,2,2,3,8,3
202000012347,2020-11-20 16:25:00,2020,11,20,16,25,973,97302,MONTABO (ROUTE DE) 2,4.93666,-52.29695,Plein jour,En agglomération,Intersection en T,Normale,Deux véhicules - côté,3,2,2,1,1,3,1,0,1,50,2,2,1,0,0,1,32.0,51.0,utilitaire_camion,deux_roues,1,2,3,1,3
202000012348,2020-11-20 23:05:00,2020,11,20,23,5,69,69387,UNIVERSITE (DE L')                  (R ),45.75182,4.83713,Nuit avec éclairage non allumé,En agglomération,Intersection en X,Normale,Sans collision,4,1,3,3,1,1,9,9,1,50,1,1,0,0,0,1,32.0,,deux_roues,,4,2,2,1,7
202000012349,2020-11-20 18:45:00,2020,11,20,18,45,69,69387,JEAN JAURES                         (AV),45.7396709,4.8385738,Nuit avec éclairage allumé,En agglomération,Hors intersection,Normale,Deux véhicules - arrière,4,2,4,1,1,1,1,0,4,50,2,1,0,0,0,1,53.0,,deux_roues,,5,2,1,1,2
202000012350,2020-11-20 15:40:00,2020,11,20,15,40,69,69383,WILSON                              (PT),45.76006,4.83989,Plein jour,En agglomération,Hors intersection,Normale,Trois véhicules et plus - collisions multiples,4,-1,4,0,1,1,1,2,1,50,3,4,3,0,0,1,55.0,43.0,voiture,voiture,1,2,1,1,5
202000012351,2020-11-20 16:50:00,2020,11,20,16,50,69,69386,DUQUESNE                            (R ),45.7728795,4.8476375,Crépuscule ou aube,En agglomération,Hors intersection,Normale,Trois véhicules et plus - en chaîne,4,-1,2,0,1,1,1,0,1,30,3,3,2,0,0,1,26.0,52.0,voiture,voiture,2,2,1,1,4
202000012352,2020-11-19 20:10:00,2020,11,19,20,10,69,69386,VAUBAN                              (R ),45.76517,4.84674,Nuit avec éclairage allumé,En agglomération,Intersection en X,Pluie légère,Deux véhicules - côté,4,1,2,1,1,1,2,0,1,50,2,1,0,0,0,1,26.0,,deux_roues,,5,2,2,2,3
202000012353,2020-11-20 19:06:00,2020,11,20,19,6,972,97209,SOLEIL LEVANT (BOULEVARD DU),14.62008,-61.03893,Nuit avec éclairage allumé,Hors agglomération,Hors intersection,Normale,Autre collision,4,2,2,0,1,1,1,0,1,50,1,2,1,0,0,1,59.0,,voiture,,5,1,1,1,6
202000012354,2020-11-19 17:20:00,2020,11,19,17,20,972,97209,MOUTTE (ROUTE DE),14.6181,-61.0569,Plein jour,En agglomération,Hors intersection,Pluie légère,Deux véhicules - côté,4,2,2,0,2,1,2,0,1,50,2,2,1,0,0,1,41.0,66.0,voiture,utilitaire_camion,1,2,1,2,3
202000012355,2020-11-19 15:50:00,2020,11,19,15,50,972,97209,RAVINE VILAINE (CHEMIN DEPARTEMENTAL DE),14.63074,-61.06007,Plein jour,Hors agglomération,Intersection en T,Normale,Deux véhicules - côté,3,2,1,0,2,1,1,0,1,50,2,3,1,0,0,2,37.0,33.0,voiture,voiture,1,1,3,1,3
202000012356,2020-11-19 07:50:00,2020,11,19,7,50,972,97209,SOLEIL LEVANT (BOULEVARD DU),14.62079,-61.03888,Plein jour,Hors agglomération,Hors intersection,Normale,Deux véhicules - arrière,4,2,2,0,1,1,1,0,1,50,2,3,1,0,0,2,43.0,26.0,voiture,voiture,1,1,1,1,2
202000012357,2020-11-18 05:46:00,2020,11,18,5,46,972,97209,SOLEIL LEVANT (BOULEVARD DU),14.6251,-61.03903,Nuit avec éclairage non allumé,Hors agglomération,Hors intersection,Temps couvert,Autre collision,3,2,2,0,1,1,1,0,1,50,1,2,1,0,0,1,64.0,,voiture,,4,1,1,8,6
202000012358,2020-11-20 13:00:00,2020,11,20,13,0,69,69389,OBSERVANCE (DE L')                  (MO),45.76928,4.81002,Plein jour,En agglomération,Intersection en T,Normale,Deux véhicules - côté,4,2,1,0,2,2,1,0,1,50,2,2,1,0,1,0,25.0,54.0,utilitaire_camion,deux_roues,1,2,3,1,3
202000012359,2020-11-20 08:00:00,2020,11,20,8,0,69,69385,SOEUR BOUVIER                       (R ),45.7504362,4.8112618,Plein jour,En agglomération,Hors intersection,Pluie légère,Sans collision,4,2,2,0,2,1,2,0,1,50,1,2,1,0,0,1,39.0,,deux_roues,,1,2,1,2,7
202000012360,2020-11-19 06:40:00,2020,11,19,6,40,971,97113,Chemin de la BOUAYE,16.26054,-61.49083,Plein jour,Hors agglomération,Hors intersection,Pluie légère,Deux véhicules - arrière,4,2,2,0,2,1,2,0,3,50,2,1,0,0,1,0,17.0,,voiture,,1,1,1,2,2
202000012361,2020-11-20 09:30:00,2020,11,20,9,30,95,95491,STAND (RUE DU),48.9981181,2.2473123,Plein jour,En agglomération,Hors intersection,Normale,Autre collision,3,1,1,0,2,2,1,3,1,50,1,2,1,0,1,0,34.0,,utilitaire_camion,,1,2,1,1,6
202000012362,2020-11-13 18:50:00,2020,11,13,18,50,91,91689,RD 118,48.71302,2.31421,Nuit sans éclairage public,Hors agglomération,Hors intersection,Normale,Deux véhicules - frontale,3,2,2,0,1,2,1,0,1,70,2,1,0,0,0,1,34.0,,voiture,,3,1,1,1,1
202000012363,2020-11-20 16:00:00,2020,11,20,16,0,91,91326,ESTIENNE D'ORVES (AVENUE D'),48.690799,2.380172,Plein jour,En agglomération,Autre intersection,Normale,Deux véhicules - côté,4,2,2,0,1,1,1,0,1,50,2,2,1,0,0,1,39.0,15.0,utilitaire_camion,deux_roues,1,2,9,1,3
202000012364,2020-11-20 15:25:00,2020,11,20,15,25,91,91589,RUE CHARLES ROSSIGNOL,48.67567,2.35545,Plein jour,En agglomération,Hors intersection,Normale,Autre collision,3,2,2,0,1,3,1,0,1,30,1,2,1,0,0,1,25.0,,utilitaire_camion,,1,2,1,1,6
202000012365,2020-10-27 13:40:00,2020,10,27,13,40,89,89342,D606,48.23671,3.25897,Plein jour,Hors agglomération,Hors intersection,Normale,Deux véhicules - arrière,3,2,0,0,1,1,1,0,1,90,2,2,0,0,1,1,48.0,52.0,voiture,utilitaire_camion,1,1,1,1,2
202000012366,2020-11-20 11:45:00,2020,11,20,11,45,87,87085,GARIBALDI (AVENUE),45.83894,1.25828,Plein jour,En agglomération,Hors intersection,Normale,Autre collision,4,2,2,0,1,1,1,0,1,50,1,2,1,0,1,0,72.0,,voiture,,1,2,1,1,6
202000012367,2020-11-19 15:41:00,2020,11,19,15,41,87,87114,QUINTAINE (DE LA),45.84144,1.31253,Plein jour,En agglomération,Hors intersection,Normale,Autre collision,4,2,2,0,1,1,1,5,1,50,1,2,1,0,0,1,59.0,,utilitaire_camion,,1,2,1,1,6
202000012368,2020-11-17 07:53:00,2020,11,17,7,53,87,87085,DUMONT (RUE HENRI),45.82678,1.27111,Nuit avec éclairage allumé,En agglomération,Hors intersection,Normale,Deux véhicules - arrière,4,2,2,0,1,1,1,0,1,50,2,2,1,0,0,1,22.0,44.0,deux_roues,voiture,5,2,1,1,2
202000012369,2020-11-20 08:15:00,2020,11,20,8,15,86,86194,Boulevard Chasseigne,46.590413,0.343591,Plein jour,En agglomération,Intersection en X,Normale,Autre collision,4,3,4,0,1,1,1,0,1,50,1,2,1,0,0,1,42.0,,voiture,,1,2,2,1,6
202000012370,2020-11-20 10:20:00,2020,11,20,10,20,83,83069,RENAUDEL (AVENUE PIERRE),43.108453,6.126431,Plein jour,En agglomération,Hors intersection,Normale,Autre collision,4,2,2,0,1,1,1,0,1,50,1,2,1,0,1,0,74.0,,utilitaire_camion,,1,2,1,1,6
202000012371,2020-11-19 14:20:00,2020,11,19,14,20,80,80021,SAINT FUSCIEN (RUE),49.8666,2.30829,Plein jour,En agglomération,Hors intersection,Pluie forte,Trois véhicules et plus - en chaîne,3,2,2,0,3,1,2,0,1,50,3,3,1,0,0,2,26.0,24.0,voiture,voiture,1,2,1,3,4
202000012372,2020-11-19 20:50:00,2020,11,19,20,50,78,78640,SADI LECOINTE (AVENUE),48.7832,2.18208,Nuit avec éclairage allumé,En agglomération,Hors intersection,Normale,Autre collision,4,2,2,0,1,2,1,0,1,50,1,1,0,0,1,0,48.0,,deux_roues,,5,2,1,1,6
202000012373,2020-11-19 11:10:00,2020,11,19,11,10,78,78322,Rue du Pont Colbert,48.78754,2.1505,Plein jour,En agglomération,Hors intersection,Normale,Autre collision,4,1,0,0,2,3,1,0,8,50,1,1,0,0,1,0,60.0,,voiture,,1,2,1,1,6
202000012374,2020-11-17 14:00:00,2020,11,17,14,0,77,77305,LAGRANGE (RUE LEO),48.379597,2.946368,Plein jour,En agglomération,Intersection en X,Normale,Deux véhicules - arrière,3,2,2,0,1,1,1,5,1,50,2,3,1,0,1,1,23.0,33.0,deux_roues,voiture,1,2,2,1,2
202000012375,2020-10-12 19:25:00,2020,10,12,19,25,73,73222,CHAMBERY (AVENUE DE),45.57358,5.954221,Crépuscule ou aube,En agglomération,Hors intersection,Normale,Deux véhicules - côté,4,2,4,3,1,1,1,0,1,50,2,3,2,0,1,0,51.0,22.0,voiture,deux_roues,2,2,1,1,3
202000012376,2020-11-20 13:15:00,2020,11,20,13,15,71,71486,VERDUN (BOULEVARD DE),46.6494902,4.3191075,Plein jour,En agglomération,Hors intersection,Normale,Deux véhicules - côté,4,2,2,0,1,1,1,0,1,50,2,2,1,0,0,1,38.0,55.0,voiture,voiture,1,2,1,1,3
202000012377,2020-11-19 17:20:00,2020,11,19,17,20,67,67447,HAUSBERGEN (ROUTE DE),48.60673,7.72696,Nuit avec éclairage allumé,En agglomération,Hors intersection,Normale,Deux véhicules - frontale,7,1,1,1,2,1,2,2,5,35,2,3,0,0,0,3,26.0,19.0,deux_roues,deux_roues,5,2,1,1,1
202000012378,2020-11-18 10:00:00,2020,11,18,10,0,66,66136,SALANQUE (AVENUE DE),42.72448,2.89102,Plein jour,En agglomération,Intersection en Y,Normale,Deux véhicules - côté,4,2,2,0,1,1,1,0,1,50,2,2,0,0,0,2,58.0,57.0,voiture,voiture,1,2,4,1,3
202000012379,2020-11-17 18:49:00,2020,11,17,18,49,66,66136,POUDRIERE (CHEMIN DE LA),42.71894,2.89528,Crépuscule ou aube,En agglomération,Intersection en X,Normale,Deux véhicules - côté,4,2,2,0,1,1,1,0,1,50,2,2,1,0,0,1,64.0,15.0,voiture,deux_roues,2,2,2,1,3
202000012380,2020-11-20 17:10:00,2020,11,20,17,10,64,64129,BAYONNE DE,43.30216,-0.3963,Plein jour,En agglomération,Intersection en X,Normale,Deux véhicules - côté,4,2,4,0,1,1,1,0,1,50,2,2,1,0,0,1,32.0,21.0,voiture,deux_roues,1,2,2,1,3
202000012381,2020-11-20 09:20:00,2020,11,20,9,20,64,64445,ALSACE LORRAINE D',43.30431,-0.36701,Plein jour,En agglomération,Giratoire,Normale,Deux véhicules - côté,4,2,2,1,1,1,1,0,1,50,2,2,1,0,0,1,51.0,30.0,voiture,deux_roues,1,2,6,1,3
202000012382,2020-11-19 15:45:00,2020,11,19,15,45,64,64335,EUROPE DE L',43.31771,-0.42907,Plein jour,En agglomération,Hors intersection,Pluie légère,Deux véhicules - arrière,4,1,2,0,2,1,2,2,1,50,2,2,1,0,1,0,59.0,24.0,voiture,voiture,1,2,1,2,2
202000012383,2020-11-19 13:25:00,2020,11,19,13,25,64,64102,INTERNE JACQUES LOEB (AVENUE DE L'),43.50308,-1.47656,Plein jour,En agglomération,Autre intersection,Pluie légère,Sans collision,4,1,2,0,1,3,2,0,1,50,1,1,0,0,0,1,17.0,,deux_roues,,1,2,9,2,7
202000012384,2020-11-20 19:45:00,2020,11,20,19,45,59,59599,YSER (RUE DE L'),50.746414,3.176986,Nuit avec éclairage allumé,En agglomération,Intersection en T,Normale,Trois véhicules et plus - collisions multiples,4,2,2,0,1,1,1,0,1,50,3,3,1,0,1,1,36.0,71.0,utilitaire_camion,voiture,5,2,3,1,5
202000012385,2020-11-19 12:30:00,2020,11,19,12,30,59,59569,MONTREAL (RUE DE),50.35521,3.10945,Plein jour,En agglomération,Hors intersection,Normale,Sans collision,4,2,2,0,1,1,2,9,8,30,1,1,0,1,0,0,57.0,,deux_roues,,1,2,1,1,7
202000012386,2020-11-19 15:40:00,2020,11,19,15,40,56,56162,SAINT BIEUZY (RUE DE),47.73464,-3.42988,Plein jour,En agglomération,Hors intersection,Normale,Autre collision,4,2,2,0,1,1,1,0,1,30,1,2,1,0,0,1,47.0,,voiture,,1,2,1,1,6
202000012387,2020-11-20 18:32:00,2020,11,20,18,32,54,54547, RD92A,48.6510995,6.1418737,Nuit avec éclairage allumé,En agglomération,Hors intersection,Normale,Trois véhicules et plus - en chaîne,3,2,4,0,1,1,1,0,1,70,3,3,2,0,0,1,24.0,26.0,voiture,voiture,5,2,1,1,4