accident_id,datetime,annee,mois,jour,heure,minute,departement,commune_insee,adresse,latitude,longitude,luminosite,agglomeration,intersection,meteo,collision,catr,circ,nbv,vosp,prof,plan,surf,infra,situ,vma,nb_vehicules,nb_usagers,nb_indemnes,nb_tues,nb_blesses_hosp,nb_blesses_legers,age_cond_1,age_cond_2,veh_type_cond_1,veh_type_cond_2,lum_code,agg_code,int_code,atm_code,col_code
202000012848,2020-03-02 13:35:00,2020,3,2,13,35,38,38291,Route de Beaurepaire,45.36121,5.1261,Plein jour,Hors agglomération,Hors intersection,Pluie forte,Autre collision,3,2,2,0,1,1,2,0,3,80,1,1,0,0,1,0,56.0,,voiture,,1,1,1,3,6
202000012849,2020-01-26 19:15:00,2020,1,26,19,15,78,78586,BARBUSSE (HENRI),48.93899,2.19186,Crépuscule ou aube,En agglomération,Intersection en X,Normale,Deux véhicules - frontale,4,2,2,0,1,1,1,0,1,50,2,2,1,0,1,0,47.0,21.0,utilitaire_camion,deux_roues,2,2,2,1,1
202000012850,2020-03-01 18:05:00,2020,3,1,18,5,38,38410,Route de Romans,45.08518,5.20927,Crépuscule ou aube,Hors agglomération,Hors intersection,Pluie légère,Autre collision,3,2,2,0,4,2,2,2,1,50,1,2,0,2,0,0,35.0,,deux_roues,,2,1,1,2,6
202000012851,2020-01-25 10:10:00,2020,1,25,10,10,68,68166,Rue du Ventron,47.77899,7.31231,Plein jour,En agglomération,Intersection en T,Normale,Deux véhicules - frontale,4,2,2,0,1,1,1,0,1,30,2,2,1,0,0,1,17.0,46.0,deux_roues,voiture,1,2,3,1,1
202000012852,2020-03-01 13:40:00,2020,3,1,13,40,38,38022,Route Departementale 33,45.66687,5.57269,Plein jour,Hors agglomération,Hors intersection,Normale,Deux véhicules - arrière,3,2,2,0,1,1,1,0,1,80,2,3,1,0,1,1,44.0,29.0,voiture,voiture,1,1,1,1,2
202000012853,2020-01-26 18:45:00,2020,1,26,18,45,60,60057,BINET  (RUE),49.4239971,2.0845753,Nuit avec éclairage allumé,En agglomération,Intersection en X,Pluie légère,Deux véhicules - côté,4,2,4,0,2,1,2,5,1,50,2,2,0,0,0,2,24.0,24.0,voiture,voiture,5,2,2,2,3
202000012854,2020-02-14 16:40:00,2020,2,14,16,40,38,38022,Chemin de la Bièvre,45.619579,5.607399,Plein jour,Hors agglomération,Intersection en T,Temps éblouissant,Autre collision,3,2,2,0,1,1,1,0,1,80,1,2,1,0,1,0,31.0,,voiture,,1,1,3,7,6
202000012855,2020-01-26 09:20:00,2020,1,26,9,20,60,60057,BERLIOZ HECTOR (RUE),49.415409,2.0769508,Plein jour,En agglomération,Intersection en X,Temps couvert,Deux véhicules - côté,4,2,2,0,1,1,2,0,1,50,2,3,0,0,0,3,43.0,29.0,voiture,voiture,1,2,2,8,3
202000012856,2020-01-26 10:30:00,2020,1,26,10,30,45,45147,Rue André Dessaux,47.93768,1.89473,Plein jour,En agglomération,Hors intersection,Normale,Deux véhicules - arrière,4,3,4,0,1,1,1,0,1,50,2,2,1,0,0,1,22.0,29.0,voiture,voiture,1,2,1,1,2
202000012857,2020-01-26 05:50:00,2020,1,26,5,50,45,45234,Avenue Jean Zay,47.90797,1.922411,Nuit avec éclairage allumé,En agglomération,Hors intersection,Normale,Autre collision,4,3,2,0,3,1,1,0,4,50,1,1,0,0,0,1,22.0,,voiture,,5,2,1,1,6
202000012858,2020-01-26 04:30:00,2020,1,26,4,30,44,44109,Rue du Poitou,47.22366,-1.56457,Nuit avec éclairage non allumé,En agglomération,Hors intersection,Normale,Autre collision,4,2,0,0,1,1,1,0,1,50,1,2,0,0,1,1,24.0,,voiture,,4,2,1,1,6
202000012859,2020-02-26 13:30:00,2020,2,26,13,30,02,02232,N2,49.230406,2.982659,Plein jour,Hors agglomération,Hors intersection,Neige / grêle,,2,3,4,0,2,1,2,0,2,110,2,3,1,0,2,0,38.0,47.0,voiture,utilitaire_camion,1,1,1,4,-1
202000012860,2020-01-26 19:00:00,2020,1,26,19,0,35,35238,VERDUN (BD DE),48.118563,-1.688952,Nuit avec éclairage allumé,En agglomération,Intersection en T,Pluie légère,Autre collision,4,1,2,0,1,1,2,5,1,50,1,2,1,0,0,1,30.0,,voiture,,5,2,3,2,6
202000012861,2020-02-29 09:45:00,2020,2,29,9,45,02,02694,D34,49.743954,3.192891,Plein jour,Hors agglomération,Hors intersection,Normale,Deux véhicules - côté,3,2,2,0,1,1,1,0,1,80,2,2,1,0,1,0,45.0,54.0,deux_roues,voiture,1,1,1,1,3
202000012862,2020-01-26 19:30:00,2020,1,26,19,30,33,33063,Avenue de Labarde,44.88723,-0.54939,Crépuscule ou aube,En agglomération,Giratoire,Normale,,4,2,2,0,1,1,1,0,1,50,2,1,0,0,0,1,24.0,,voiture,,2,2,6,1,-1
202000012863,2020-01-15 17:20:00,2020,1,15,17,20,02,02355,Mon Idee - D1044,49.893943,3.264012,Nuit sans éclairage public,Hors agglomération,Hors intersection,Pluie légère,Sans collision,3,2,2,0,1,1,2,0,8,80,1,4,2,0,1,1,23.0,,voiture,,3,1,1,2,7
202000012864,2020-02-25 17:40:00,2020,2,25,17,40,03,03204,route de Batelière,46.3192793,3.3503889,Plein jour,Hors agglomération,Hors intersection,Normale,Deux véhicules - arrière,3,2,2,0,1,1,2,0,1,80,2,2,1,0,0,1,46.0,51.0,voiture,voiture,1,1,1,1,2
202000012865,2020-01-26 04:45:00,2020,1,26,4,45,33,33529,LIGNON (BD LOUIS),44.63389,-1.18862,Nuit sans éclairage public,Hors agglomération,Hors intersection,Normale,Deux véhicules - frontale,3,2,2,0,2,3,1,0,1,50,2,4,0,0,1,3,38.0,30.0,voiture,voiture,3,1,1,1,1
202000012866,2020-02-19 16:30:00,2020,2,19,16,30,03,03160,Caffière,46.2274646,3.4007654,Plein jour,Hors agglomération,Hors intersection,Normale,Deux véhicules - arrière,3,2,2,0,1,1,1,0,1,70,2,2,1,0,1,0,71.0,68.0,deux_roues,deux_roues,1,1,1,1,2
202000012867,2020-01-26 17:40:00,2020,1,26,17,40,29,29232,D783 - Boulevard Ergué Armel,47.98973,-4.07397,Nuit sans éclairage public,En agglomération,Hors intersection,Pluie légère,Autre collision,3,1,4,0,2,3,2,5,3,70,1,1,0,0,0,1,20.0,,voiture,,3,2,1,2,6
202000012868,2020-01-26 06:14:00,2020,1,26,6,14,18,18033,CHARITE (ROUTE DE LA),47.093754,2.402259,Nuit avec éclairage allumé,En agglomération,Hors intersection,Normale,Autre collision,4,2,2,1,1,1,1,0,3,50,1,1,0,0,1,0,22.0,,voiture,,5,2,1,1,6
202000012869,2020-02-28 15:00:00,2020,2,28,15,0,15,15244,Croisement D926 D14,45.0642308,2.9777348,Plein jour,Hors agglomération,Intersection en X,Normale,Trois véhicules et plus - collisions multiples,3,2,2,3,1,1,1,5,1,90,3,6,4,0,1,1,54.0,65.0,voiture,voiture,1,1,2,1,5
202000012870,2020-03-01 22:10:00,2020,3,1,22,10,15,15083,D922,44.982111,2.411703,Nuit sans éclairage public,Hors agglomération,Hors intersection,Pluie légère,Autre collision,3,2,2,0,1,1,2,0,3,90,1,1,0,1,0,0,31.0,,voiture,,3,1,1,2,6
202000012871,2020-01-26 21:10:00,2020,1,26,21,10,13,13208,MAZARGUES (AVENUE DE),43.2584,5.3942,Nuit avec éclairage allumé,En agglomération,Hors intersection,Pluie légère,Deux véhicules - côté,4,2,2,0,1,1,2,0,1,50,2,2,1,0,0,1,29.0,53.0,autre,voiture,5,2,1,2,3
202000012872,2020-03-04 12:05:00,2020,3,4,12,5,01,01453,Arvière-en-Valromey,45.910608,5.742014,Plein jour,Hors agglomération,Hors intersection,Autre,Sans collision,3,2,2,0,2,2,7,0,3,80,1,5,3,0,0,2,53.0,,voiture,,1,1,1,9,7
202000012873,2020-01-26 14:00:00,2020,1,26,14,0,13,13204,MONTOLIVET (AVENUE DE),43.3079566,5.402423,Plein jour,En agglomération,Autre intersection,Temps couvert,Autre collision,4,1,1,0,1,3,2,0,1,50,1,2,1,0,0,1,,,voiture,,1,2,9,8,6
202000012874,2020-03-03 21:00:00,2020,3,3,21,0,01,01034,305 Avenue Livet,45.757752,5.67843,Nuit avec éclairage allumé,En agglomération,Giratoire,Normale,Deux véhicules - côté,4,2,2,0,4,1,1,0,1,50,2,2,1,0,0,1,24.0,26.0,voiture,voiture,5,2,6,1,3
202000012875,2020-01-26 12:15:00,2020,1,26,12,15,13,13211,SAINT MARCEL (BOULEVARD DE ),43.288866,5.461406,Plein jour,En agglomération,Intersection en T,Pluie forte,Deux véhicules - côté,4,2,2,0,1,1,2,0,1,50,2,2,1,0,0,1,39.0,52.0,voiture,deux_roues,1,2,3,3,3
202000012876,2020-02-29 14:45:00,2020,2,29,14,45,01,01457,1136 Route de Mezeriat,46.232118,5.006247,Plein jour,Hors agglomération,Hors intersection,Pluie légère,Sans collision,3,2,2,0,1,1,2,0,1,80,1,3,0,1,0,2,45.0,,voiture,,1,1,1,2,7
202000012877,2020-01-26 10:20:00,2020,1,26,10,20,13,13212,PIERRE BERANGER (RUE),43.3114688,5.445396,Plein jour,En agglomération,Hors intersection,Pluie légère,Deux véhicules - côté,4,2,2,0,1,1,2,0,1,50,2,2,1,0,0,1,29.0,22.0,voiture,voiture,1,2,1,2,3
202000012878,2020-03-03 17:00:00,2020,3,3,17,0,70,70082,Route de Thiénans,47.480001,6.277785,Crépuscule ou aube,Hors agglomération,Hors intersection,Pluie légère,Deux véhicules - frontale,4,2,2,0,2,1,2,0,1,80,2,3,0,1,2,0,61.0,77.0,voiture,voiture,2,1,1,2,1
202000012879,2020-01-26 06:15:00,2020,1,26,6,15,13,13209,CABOT (BOULEVARD),43.258838,5.417155,Nuit sans éclairage public,En agglomération,Hors intersection,Normale,Deux véhicules - côté,4,2,2,0,2,1,1,0,1,50,2,2,1,0,0,1,37.0,74.0,deux_roues,voiture,3,2,1,1,3
202000012880,2020-03-03 17:40:00,2020,3,3,17,40,70,70428,D118/ Chemin en grand combe,47.6474069,6.102299,Plein jour,Hors agglomération,Intersection en T,Normale,Deux véhicules - arrière,3,2,2,0,1,1,1,5,1,80,2,2,1,0,1,0,18.0,56.0,deux_roues,voiture,1,1,3,1,2
202000012881,2020-01-26 02:40:00,2020,1,26,2,40,13,13209,SAINTE MARGUERITE (BOULEVARD),43.2686,5.4039,Nuit avec éclairage allumé,En agglomération,Intersection en X,Normale,Deux véhicules - côté,4,-1,3,0,1,1,1,0,1,50,2,2,1,0,1,0,30.0,37.0,deux_roues,voiture,5,2,2,1,3
202000012882,2020-02-28 16:45:00,2020,2,28,16,45,26,26208,D555,44.810286,4.90517,Plein jour,Hors agglomération,Intersection en X,Normale,Deux véhicules - côté,3,2,2,0,2,1,1,0,1,80,2,2,0,0,0,2,51.0,26.0,voiture,voiture,1,1,2,1,3
202000012883,2020-01-26 16:40:00,2020,1,26,16,40,07,07070,COLONNEL ROUSSET (AVENUE DU),44.958176,4.847165,Plein jour,En agglomération,Hors intersection,Normale,Autre collision,3,2,2,2,1,1,1,0,1,50,1,1,0,0,0,1,19.0,,voiture,,1,2,1,1,6
202000012884,2020-03-03 16:30:00,2020,3,3,16,30,66,66124,Avenue Emmanuel Brousse,42.5052583,2.0437453,Plein jour,En agglomération,Hors intersection,Neige / grêle,,3,2,2,0,2,3,5,0,1,50,2,9,6,0,1,2,46.0,52.0,voiture,voiture,1,2,1,4,-1
202000012885,2020-01-26 03:55:00,2020,1,26,3,55,06,06088,VOIE RAPIDE,43.67553,7.22285,Nuit avec éclairage allumé,En agglomération,Hors intersection,Normale,Deux véhicules - arrière,4,1,3,0,1,1,1,0,1,70,2,7,5,0,1,1,26.0,19.0,voiture,voiture,5,2,1,1,2
202000012886,2020-01-26 20:41:00,2020,1,26,20,41,06,06088,SAINT-ANTOINE (RTE DE),43.69744,7.22729,Nuit avec éclairage allumé,En agglomération,Hors intersection,Normale,Deux véhicules - côté,4,2,2,0,2,1,1,0,1,30,2,2,0,1,0,1,46.0,26.0,utilitaire_camion,deux_roues,5,2,1,1,3
202000012887,2020-02-27 05:45:00,2020,2,27,5,45,72,72150,D300,48.103613,0.241581,Nuit sans éclairage public,Hors agglomération,Hors intersection,Vent fort / tempête,Sans collision,3,2,2,0,1,3,2,0,3,80,1,1,0,0,1,0,66.0,,voiture,,3,1,1,6,7
202000012888,2020-03-01 06:15:00,2020,3,1,6,15,72,72386,Avenue du mans,47.999015,0.236378,Nuit avec éclairage allumé,En agglomération,Giratoire,Normale,Autre collision,3,1,1,2,1,2,2,0,4,50,1,2,0,0,0,2,26.0,,voiture,,5,2,6,1,6
202000012889,2020-02-26 17:05:00,2020,2,26,17,5,72,72054,RD 323,48.014429,0.332233,Plein jour,Hors agglomération,Hors intersection,Temps couvert,Sans collision,3,2,2,0,1,1,1,0,1,70,1,1,0,0,0,1,44.0,,deux_roues,,1,1,1,8,7
202000012890,2020-01-26 11:20:00,2020,1,26,11,20,06,06069,FRAGONARD (BOULEVARD ET IMPASSE),43.657363,6.923264,Plein jour,En agglomération,Hors intersection,Normale,Deux véhicules - arrière,3,2,1,0,4,1,1,0,1,50,2,2,1,0,0,1,21.0,50.0,voiture,voiture,1,2,1,1,2
202000012891,2020-02-28 09:40:00,2020,2,28,9,40,06,06110,M30,44.088363,7.04214,Plein jour,Hors agglomération,Hors intersection,Normale,Deux véhicules - frontale,7,2,2,0,2,2,5,0,1,80,2,2,1,0,0,1,26.0,32.0,voiture,voiture,1,1,1,1,1
202000012892,2020-01-26 02:58:00,2020,1,26,2,58,75,75108,COURS LA REINE,48.86463,2.319558,Nuit avec éclairage allumé,En agglomération,Hors intersection,Normale,Autre collision,4,1,4,0,1,2,1,1,1,50,1,1,0,1,0,0,23.0,,deux_roues,,5,2,1,1,6
202000012893,2020-01-25 00:11:00,2020,1,25,0,11,75,75118,RUE DE LA CHAPELLE,48.8971123,2.3592247,Nuit avec éclairage allumé,En agglomération,Intersection en X,Brouillard / fumée,Autre collision,4,2,6,-1,1,1,1,0,1,50,1,3,2,0,1,0,34.0,,voiture,,5,2,2,5,6
202000012894,2020-02-25 11:35:00,2020,2,25,11,35,06,06059,2638 Avenue Raymond Poincaré,43.723936,7.382137,Plein jour,Hors agglomération,Hors intersection,Normale,Deux véhicules - arrière,7,2,2,0,1,3,1,0,1,50,2,2,1,0,1,0,50.0,55.0,voiture,voiture,1,1,1,1,2
202000012895,2020-02-26 19:15:00,2020,2,26,19,15,14,14257,17 Rue Camille Blaisot,49.100047,-0.501801,Nuit avec éclairage allumé,En agglomération,Hors intersection,Pluie légère,Autre collision,3,2,2,0,2,1,2,0,4,50,1,1,0,0,0,1,35.0,,voiture,,5,2,1,2,6
202000012896,2020-01-25 23:00:00,2020,1,25,23,0,75,75115,RUE DU COMMERCE,48.8478,2.29656,Nuit avec éclairage allumé,En agglomération,Intersection en X,Normale,Deux véhicules - côté,4,2,1,0,1,1,1,0,1,30,2,3,2,0,0,1,35.0,27.0,deux_roues,voiture,5,2,2,1,3
202000012897,2020-02-29 05:10:00,2020,2,29,5,10,05,05123,les marcellons - D994,44.548154,5.981884,Nuit sans éclairage public,Hors agglomération,Hors intersection,Normale,Deux véhicules - frontale,3,2,2,0,1,1,1,0,1,80,2,2,0,0,0,2,28.0,52.0,voiture,voiture,3,1,1,1,1
202000012898,2020-03-02 20:10:00,2020,3,2,20,10,05,05144,D16,44.792579,6.084285,Nuit avec éclairage allumé,En agglomération,Hors intersection,Vent fort / tempête,Autre collision,3,2,2,0,1,1,2,0,1,50,1,1,0,0,0,1,36.0,,voiture,,5,2,1,6,6
202000012899,2020-01-26 19:08:00,2020,1,26,19,8,75,75114,RUE DU DEPART,48.841238,2.321771,Nuit avec éclairage allumé,En agglomération,Hors intersection,Normale,Deux véhicules - côté,4,1,1,0,1,1,1,0,1,50,2,3,2,0,0,1,84.0,49.0,voiture,voiture,5,2,1,1,3
202000012900,2020-02-26 12:15:00,2020,2,26,12,15,50,50403,D2,49.154401,-1.511393,Plein jour,Hors agglomération,Hors intersection,Normale,Deux véhicules - arrière,3,2,2,0,1,1,1,0,1,80,2,2,1,0,0,1,46.0,33.0,voiture,utilitaire_camion,1,1,1,1,2
202000012901,2020-01-26 17:27:00,2020,1,26,17,27,75,75113,BOULEVARD AUGUSTE BLANQUI,48.830816,2.344123,Crépuscule ou aube,En agglomération,Intersection en X,Normale,Autre collision,4,1,4,0,2,1,1,0,1,50,1,2,1,0,0,1,31.0,,voiture,,2,2,2,1,6
202000012902,2020-03-04 00:30:00,2020,3,4,0,30,50,50003,54 Rue d'Agon,49.060275,-1.587122,Nuit sans éclairage public,Hors agglomération,Hors intersection,Pluie légère,Autre collision,3,2,2,0,1,1,2,0,3,-1,1,3,1,1,0,1,20.0,,voiture,,3,1,1,2,6
202000012903,2020-03-03 14:15:00,2020,3,3,14,15,50,50453,Avenue du President,48.845475,-1.201297,Plein jour,Hors agglomération,Intersection en X,Pluie légère,Deux véhicules - côté,3,3,3,0,1,1,2,5,1,80,2,2,1,0,0,1,52.0,82.0,utilitaire_camion,voiture,1,1,2,2,3
202000012904,2020-02-27 17:45:00,2020,2,27,17,45,50,50453,ZA les Monts Havard,48.848158,-1.208727,Plein jour,Hors agglomération,Hors intersection,Pluie légère,Deux véhicules - côté,3,4,3,0,1,3,2,0,1,-1,2,2,1,0,0,1,19.0,48.0,voiture,voiture,1,1,1,2,3
202000012905,2020-01-26 17:35:00,2020,1,26,17,35,75,75112,AVENUE DE GRAVELLE,48.818224,2.452596,Crépuscule ou aube,En agglomération,Hors intersection,Normale,Trois véhicules et plus - en chaîne,4,2,2,0,1,1,1,0,1,50,3,4,2,0,0,2,55.0,31.0,utilitaire_camion,voiture,2,2,1,1,4
202000012906,2020-03-01 18:30:00,2020,3,1,18,30,09,09326,N20,42.772062,1.710686,Plein jour,Hors agglomération,Hors intersection,Normale,Deux véhicules - côté,2,2,2,0,1,1,1,0,1,80,2,2,1,0,1,0,32.0,62.0,deux_roues,voiture,1,1,1,1,3
202000012907,2020-01-25 23:15:00,2020,1,25,23,15,75,75110,RUE LOUIS BLANC,48.8798737,2.3673671,Nuit avec éclairage allumé,En agglomération,Intersection en X,Normale,Autre collision,4,1,3,0,1,1,1,0,1,50,1,2,1,0,0,1,18.0,,deux_roues,,5,2,2,1,6
202000012908,2020-03-01 12:15:00,2020,3,1,12,15,60,60536,Route de Pont,49.3086252,2.7053755,Plein jour,Hors agglomération,Hors intersection,Pluie légère,Deux véhicules - côté,3,2,2,1,1,1,2,0,1,80,2,2,1,0,0,1,20.0,58.0,voiture,deux_roues,1,1,1,2,3
202000012909,2020-02-29 11:45:00,2020,2,29,11,45,60,60508,Rue des tournelles,49.302359,2.647616,Plein jour,En agglomération,Hors intersection,Pluie forte,Autre collision,4,2,2,0,1,1,2,0,4,50,1,1,0,0,0,1,37.0,,deux_roues,,1,2,1,3,6
202000012910,2020-01-26 09:25:00,2020,1,26,9,25,75,75108,PLACE DE LA CONCORDE,48.864101,2.320122,Plein jour,En agglomération,Intersection en X,Normale,Sans collision,4,1,6,0,1,1,2,0,1,50,1,1,0,0,0,1,20.0,,deux_roues,,1,2,2,1,7
202000012911,2020-02-28 01:30:00,2020,2,28,1,30,60,60291,D130,49.6541929,3.0702919,Nuit sans éclairage public,Hors agglomération,Hors intersection,Normale,Autre collision,3,2,2,0,3,1,2,0,8,80,1,1,0,0,1,0,,,,,3,1,1,1,6
202000012912,2020-01-26 14:45:00,2020,1,26,14,45,75,75107,QUAI D ORSAY,48.862316,2.306318,Plein jour,En agglomération,Intersection en T,Normale,Sans collision,4,2,1,0,1,1,2,0,1,50,1,1,0,0,0,1,29.0,,deux_roues,,1,2,3,1,7
202000012913,2020-03-01 04:55:00,2020,3,1,4,55,60,60636,D1032,49.4889537,2.8750781,Nuit sans éclairage public,Hors agglomération,Hors intersection,Temps couvert,Deux véhicules - frontale,3,3,4,0,1,1,1,0,1,110,2,2,0,0,0,2,34.0,71.0,voiture,voiture,3,1,1,8,1
202000012914,2020-01-21 08:40:00,2020,1,21,8,40,75,75107,PROMENADE DES BERGES DE LA SEINE ANDRE GORZ,48.8628473,2.3057476,Plein jour,En agglomération,Hors intersection,Neige / grêle,Autre collision,4,-1,4,-1,2,1,7,6,1,10,1,1,0,0,0,1,43.0,,deux_roues,,1,2,1,4,6
202000012915,2020-02-26 14:30:00,2020,2,26,14,30,60,60636,1 Route du Plessis Brion,49.47481,2.883267,Plein jour,En agglomération,Autre intersection,Temps couvert,Autre collision,6,-1,2,0,1,1,2,0,4,50,1,1,0,0,1,0,23.0,,deux_roues,,1,2,9,8,6
202000012916,2020-01-25 01:00:00,2020,1,25,1,0,75,75102,BOULEVARD DE BONNE NOUVELLE,48.8697621,2.3517695,Nuit avec éclairage allumé,En agglomération,Hors intersection,Normale,Trois véhicules et plus - en chaîne,4,2,4,0,1,1,1,0,1,50,3,3,2,0,0,1,24.0,66.0,deux_roues,voiture,5,2,1,1,4
202000012917,2020-02-21 08:45:00,2020,2,21,8,45,60,60247,D101,49.43064,2.542434,Plein jour,Hors agglomération,Hors intersection,Normale,Autre collision,3,2,2,0,1,1,2,0,3,80,1,1,0,0,0,1,20.0,,voiture,,1,1,1,1,6
202000012918,2020-01-26 02:30:00,2020,1,26,2,30,75,75101,PLACE DU PONT NEUF,48.856992,2.341198,Nuit avec éclairage allumé,En agglomération,Hors intersection,Pluie légère,Sans collision,4,2,2,0,1,1,2,0,1,50,1,1,0,0,0,1,30.0,,deux_roues,,5,2,1,2,7
202000012919,2020-01-25 20:45:00,2020,1,25,20,45,75,75103,RUE DE TURENNE,48.859445,2.364531,Nuit avec éclairage allumé,En agglomération,Intersection en Y,Normale,Deux véhicules - côté,4,2,2,0,1,1,1,0,1,50,2,2,1,0,0,1,30.0,57.0,deux_roues,voiture,5,2,4,1,3
202000012920,2020-03-02 21:10:00,2020,3,2,21,10,60,60477,Route Nationale 31,49.4354474,1.9118167,Nuit avec éclairage allumé,Hors agglomération,Hors intersection,Normale,Deux véhicules - arrière,2,2,2,0,1,1,1,0,1,70,2,2,1,0,0,1,54.0,30.0,utilitaire_camion,voiture,5,1,1,1,2
202000012921,2020-01-26 06:00:00,2020,1,26,6,0,93,93077,GRANDE RUE,48.88282,2.51426,Nuit avec éclairage allumé,En agglomération,Intersection en X,Pluie légère,Deux véhicules - côté,3,-1,2,0,1,1,2,0,1,50,2,2,1,0,0,1,30.0,24.0,voiture,voiture,5,2,2,2,3
202000012922,2020-02-26 09:20:00,2020,2,26,9,20,64,64368,D11,43.382127,-1.091852,Plein jour,Hors agglomération,Intersection en T,Pluie légère,Deux véhicules - arrière,3,2,2,0,2,1,2,0,1,80,2,2,1,0,0,1,51.0,26.0,voiture,voiture,1,1,3,2,2
202000012923,2020-01-26 19:50:00,2020,1,26,19,50,93,93051,REMPART (BD),48.837348,2.5469078,Nuit avec éclairage allumé,En agglomération,Autre intersection,Normale,Autre collision,4,1,1,0,1,1,1,0,1,50,1,2,1,0,1,0,28.0,,voiture,,5,2,9,1,6
202000012924,2020-02-28 10:00:00,2020,2,28,10,0,73,73240,D20A - Rue de l'Eglise,45.4817374,6.0647735,Plein jour,En agglomération,Hors intersection,Normale,Autre collision,3,2,2,0,1,3,1,0,4,30,1,2,1,0,1,0,35.0,,autre,,1,2,1,1,6
202000012925,2020-03-01 07:00:00,2020,3,1,7,0,43,43051,11 Route de Tence,45.059884,4.301521,Crépuscule ou aube,En agglomération,Hors intersection,Normale,Autre collision,3,2,2,0,1,2,1,0,1,50,1,1,0,0,1,0,23.0,,voiture,,2,2,1,1,6
202000012926,2020-01-26 15:30:00,2020,1,26,15,30,93,93005,R DE SEVRAN,48.940767,2.500556,Plein jour,En agglomération,Hors intersection,Temps couvert,Autre collision,3,2,2,0,1,1,1,0,1,50,1,2,1,0,0,1,52.0,,deux_roues,,1,2,1,8,6
202000012927,2020-01-26 13:40:00,2020,1,26,13,40,92,92073,WASHINGTON (BOULEVARD),48.8757,2.2178,Plein jour,En agglomération,Autre intersection,Normale,Autre collision,3,3,4,0,2,3,1,0,3,50,1,2,0,0,1,1,46.0,,voiture,,1,2,9,1,6
202000012928,2020-03-01 08:30:00,2020,3,1,8,30,43,43223,D23,45.258342,4.337352,Plein jour,Hors agglomération,Hors intersection,Normale,Deux véhicules - arrière,3,2,2,0,1,1,1,0,1,80,2,6,5,0,1,0,59.0,17.0,voiture,voiture,1,1,1,1,2
202000012929,2020-01-26 20:20:00,2020,1,26,20,20,92,92026,National ( boulevard )/ Fauvelles ( rue des ),48.902237,2.239507,Nuit avec éclairage allumé,En agglomération,Intersection en X,Normale,Deux véhicules - côté,3,3,2,0,1,1,1,0,1,50,2,2,1,0,0,1,25.0,58.0,deux_roues,voiture,5,2,2,1,3
202000012930,2020-02-25 12:20:00,2020,2,25,12,20,10,10031,15 Rue des Chaumes,48.551956,3.57899,Plein jour,En agglomération,Hors intersection,Normale,,3,2,2,0,1,1,1,0,1,50,3,3,2,0,0,1,37.0,54.0,voiture,voiture,1,2,1,1,-1
202000012931,2020-01-26 18:55:00,2020,1,26,18,55,22,22050,Rue Chateaubriand,48.452969,-2.048355,Nuit avec éclairage allumé,En agglomération,Intersection en T,Pluie légère,Autre collision,3,2,2,0,2,1,2,9,1,50,1,2,1,0,1,0,19.0,,voiture,,5,2,3,2,6
202000012932,2020-02-25 20:40:00,2020,2,25,20,40,10,10268,Quai Carbonel,48.494752,3.498958,Nuit avec éclairage allumé,En agglomération,Intersection en T,Normale,Deux véhicules - frontale,3,2,2,0,1,3,1,0,1,50,2,2,1,0,1,0,23.0,32.0,voiture,deux_roues,5,2,3,1,1
202000012933,2020-01-24 23:00:00,2020,1,24,23,0,49,49244,ZA de la Lande,47.351748,-1.02042,Nuit sans éclairage public,Hors agglomération,Hors intersection,Normale,Autre collision,4,2,2,0,1,3,9,0,3,80,1,1,0,0,1,0,15.0,,deux_roues,,3,1,1,1,6
202000012934,2020-02-28 06:45:00,2020,2,28,6,45,36,36020,,46.38729,1.251712,Plein jour,Hors agglomération,Intersection en X,Normale,Deux véhicules - côté,3,2,2,0,1,1,1,0,1,80,2,2,1,1,0,0,41.0,73.0,utilitaire_camion,voiture,1,1,2,1,3
202000012935,2020-01-04 14:52:00,2020,1,4,14,52,38,38425,2 Rue Georges Brassens,45.397629,4.776918,Plein jour,En agglomération,Intersection en T,Normale,Autre collision,4,2,2,1,1,1,1,0,5,50,1,2,1,0,0,1,62.0,,voiture,,1,2,3,1,6
202000012936,2020-03-01 06:30:00,2020,3,1,6,30,36,36241,,46.867534,1.525619,Crépuscule ou aube,Hors agglomération,Hors intersection,Pluie légère,Autre collision,3,2,2,0,1,2,2,0,3,80,1,1,0,0,1,0,20.0,,voiture,,2,1,1,2,6
202000012937,2020-01-26 15:00:00,2020,1,26,15,0,67,67242,D91,48.8239682,7.5351696,Plein jour,Hors agglomération,Hors intersection,Brouillard / fumée,Sans collision,3,2,2,0,2,2,7,0,1,80,1,2,1,0,0,1,28.0,,deux_roues,,1,1,1,5,7
202000012938,2020-01-12 12:30:00,2020,1,12,12,30,41,41246,D77,47.503091,1.335955,Plein jour,En agglomération,Intersection en X,Normale,Deux véhicules - côté,3,2,2,0,2,1,1,0,1,50,2,2,1,0,0,1,33.0,65.0,voiture,voiture,1,2,2,1,3
202000012939,2020-02-28 20:00:00,2020,2,28,20,0,36,36212,,46.8536083,1.2324927,Nuit sans éclairage public,Hors agglomération,Hors intersection,Pluie légère,Autre collision,3,2,2,0,1,2,2,0,3,80,1,1,0,0,1,0,27.0,,voiture,,3,1,1,2,6
202000012940,2020-02-29 18:00:00,2020,2,29,18,0,16,16206,Rue Grange du Chapitre,45.8748091,0.1790806,Nuit avec éclairage allumé,En agglomération,Hors intersection,Normale,Deux véhicules - arrière,3,2,2,0,1,1,1,0,1,50,2,3,2,0,0,1,34.0,15.0,voiture,deux_roues,5,2,1,1,2