accident_id,datetime,annee,mois,jour,heure,minute,departement,commune_insee,adresse,latitude,longitude,luminosite,agglomeration,intersection,meteo,collision,catr,circ,nbv,vosp,prof,plan,surf,infra,situ,vma,nb_vehicules,nb_usagers,nb_indemnes,nb_tues,nb_blesses_hosp,nb_blesses_legers,age_cond_1,age_cond_2,veh_type_cond_1,veh_type_cond_2,lum_code,agg_code,int_code,atm_code,col_code
202000012941,2020-01-26 10:15:00,2020,1,26,10,15,34,34042,D4,43.902067,3.699646,Plein jour,Hors agglomération,Intersection en T,Normale,Deux véhicules - côté,3,-1,2,0,1,1,2,5,1,80,2,3,2,0,1,0,46.0,87.0,deux_roues,voiture,1,1,3,1,3
202000012942,2020-03-01 12:45:00,2020,3,1,12,45,16,16281,Ld l'Abbaye,45.729906,0.390632,Plein jour,Hors agglomération,Hors intersection,Vent fort / tempête,Autre collision,3,2,2,0,1,3,2,0,3,80,1,1,0,0,1,0,24.0,,voiture,,1,1,1,6,6
202000012943,2020-03-02 22:00:00,2020,3,2,22,0,07,07198,RD86,44.777167,4.761765,Nuit sans éclairage public,Hors agglomération,Hors intersection,Pluie légère,Deux véhicules - frontale,3,2,2,0,1,2,2,0,1,80,2,2,0,0,1,1,47.0,19.0,voiture,voiture,3,1,1,2,1
202000012944,2020-01-27 17:00:00,2020,1,27,17,0,81,81005,D612,43.4699495,2.5343624,Plein jour,Hors agglomération,Intersection en T,Normale,Deux véhicules - frontale,3,2,2,0,1,3,1,5,1,80,2,4,1,0,0,3,61.0,58.0,voiture,voiture,1,1,3,1,1
202000012945,2020-02-25 18:40:00,2020,2,25,18,40,53,53086,17 Route de Vitré,48.20383,-1.059817,Plein jour,En agglomération,Hors intersection,Normale,Autre collision,3,2,2,0,2,1,1,0,8,30,1,1,0,1,0,0,64.0,,voiture,,1,2,1,1,6
202000012946,2020-01-26 15:18:00,2020,1,26,15,18,67,67073,Chemin rural dit Narchtweidweg,48.279934,7.411872,Plein jour,Hors agglomération,Hors intersection,Normale,Sans collision,4,2,1,3,1,2,9,0,3,30,1,1,0,0,0,1,27.0,,deux_roues,,1,1,1,1,7
202000012947,2020-02-28 16:20:00,2020,2,28,16,20,21,21584,Route de Paris,47.303652,4.209206,Plein jour,Hors agglomération,Intersection en T,Pluie légère,Deux véhicules - côté,3,2,2,0,1,1,2,0,1,80,2,5,3,0,1,1,73.0,31.0,voiture,voiture,1,1,3,2,3
202000012948,2020-01-26 20:10:00,2020,1,26,20,10,22,22036,RN 12 - PR : 00+400,48.2628478,-2.1455258,Nuit sans éclairage public,Hors agglomération,Hors intersection,Pluie forte,Sans collision,2,3,4,0,2,1,2,0,2,110,1,1,0,0,0,1,19.0,,voiture,,3,1,1,3,7
202000012949,2020-03-01 07:30:00,2020,3,1,7,30,21,21235,Duesme,47.62138,4.667923,Nuit sans éclairage public,Hors agglomération,Hors intersection,Pluie légère,Autre collision,4,2,2,0,2,2,2,0,3,80,1,1,0,1,0,0,25.0,,voiture,,3,1,1,2,6
202000012950,2020-03-01 15:45:00,2020,3,1,15,45,40,40081,D651,43.991992,-0.529286,Plein jour,En agglomération,Intersection en T,Pluie légère,Deux véhicules - côté,3,2,2,0,1,1,2,0,1,50,2,2,1,0,1,0,29.0,34.0,voiture,voiture,1,2,3,2,3
202000012951,2020-01-23 12:45:00,2020,1,23,12,45,85,85215,D37,46.867761,-1.160238,Plein jour,Hors agglomération,Hors intersection,Normale,Deux véhicules - frontale,3,2,2,0,1,3,1,0,1,80,2,2,0,0,1,1,25.0,25.0,voiture,voiture,1,1,1,1,1
202000012952,2020-02-29 11:50:00,2020,2,29,11,50,40,40274,D38 LA VACHERIE,43.920772,-0.625706,Plein jour,Hors agglomération,Hors intersection,Pluie légère,Sans collision,3,2,2,0,2,2,2,0,1,70,1,1,0,0,1,0,17.0,,deux_roues,,1,1,1,2,7
202000012953,2020-01-26 15:50:00,2020,1,26,15,50,62,62045,10 Place de la Gare,50.3526264,2.5930878,Plein jour,En agglomération,Hors intersection,Normale,Autre collision,3,2,2,0,1,3,1,0,4,50,1,1,0,0,1,0,16.0,,deux_roues,,1,2,1,1,6
202000012954,2020-01-26 03:30:00,2020,1,26,3,30,62,62342,20 Rue Principale,50.4999218,2.2750471,Nuit avec éclairage non allumé,En agglomération,Hors intersection,Brouillard / fumée,Autre collision,3,2,2,0,1,1,2,0,3,50,1,1,0,0,1,0,20.0,,voiture,,4,2,1,5,6
202000012955,2020-02-29 23:15:00,2020,2,29,23,15,24,24460,Les Bigoussies Est,45.253406,0.397727,Nuit sans éclairage public,Hors agglomération,Hors intersection,Pluie forte,Sans collision,3,2,2,0,1,1,2,0,1,80,1,1,0,0,1,0,17.0,,deux_roues,,3,1,1,3,7
202000012956,2020-03-02 22:00:00,2020,3,2,22,0,04,04088,RD 16,43.9240762,5.7903631,Nuit sans éclairage public,Hors agglomération,Hors intersection,Vent fort / tempête,Autre collision,3,2,2,0,1,3,1,0,3,80,1,1,0,0,1,0,44.0,,deux_roues,,3,1,1,6,6
202000012957,2020-01-17 12:30:00,2020,1,17,12,30,19,19100,route de la croix rouge,45.3474378,1.6383737,Plein jour,En agglomération,Intersection en T,Pluie légère,Deux véhicules - frontale,3,2,2,0,1,1,2,0,1,50,2,2,1,0,0,1,78.0,56.0,voiture,voiture,1,2,3,2,1
202000012958,2020-01-27 17:00:00,2020,1,27,17,0,77,77109,D75 - PK18+450,48.587963,3.168526,Plein jour,Hors agglomération,Hors intersection,Pluie légère,Autre collision,3,2,2,0,1,1,2,0,1,80,1,1,0,0,1,0,19.0,,voiture,,1,1,1,2,6
202000012959,2020-02-27 12:05:00,2020,2,27,12,5,27,27467,Rue des Papetiers,49.358261,0.509409,Plein jour,En agglomération,Hors intersection,Pluie légère,Deux véhicules - arrière,4,2,2,0,1,1,2,0,1,50,2,4,1,0,0,3,26.0,27.0,voiture,voiture,1,2,1,2,2
202000012960,2020-01-27 09:40:00,2020,1,27,9,40,80,80360,Rue Camille Pelletan,50.053343,1.565348,Plein jour,Hors agglomération,Hors intersection,Temps couvert,Sans collision,4,2,2,0,2,3,1,0,1,80,1,1,0,0,1,0,53.0,,utilitaire_camion,,1,1,1,8,7
202000012961,2020-01-26 05:30:00,2020,1,26,5,30,32,32107,5 Avenue d'Aquitaine,43.958092,0.36801,Nuit sans éclairage public,Hors agglomération,Hors intersection,Normale,Deux véhicules - frontale,3,2,2,0,1,1,1,0,1,80,2,3,0,0,1,2,55.0,31.0,voiture,voiture,3,1,1,1,1
202000012962,2020-01-28 09:00:00,2020,1,28,9,0,27,27428,Rue de la Paix,49.152103,0.90502,Crépuscule ou aube,En agglomération,Hors intersection,Temps éblouissant,Autre collision,4,2,2,0,1,1,1,0,1,50,1,2,1,0,1,0,46.0,,voiture,,2,2,1,7,6
202000012963,2020-01-25 18:45:00,2020,1,25,18,45,11,11340,RD 33,43.237825,2.196064,Nuit sans éclairage public,Hors agglomération,Hors intersection,Normale,Trois véhicules et plus - en chaîne,3,2,2,0,1,1,1,0,1,80,4,5,1,0,2,2,36.0,29.0,voiture,voiture,3,1,1,1,4
202000012964,2020-03-01 07:50:00,2020,3,1,7,50,27,27042,D28,49.163613,0.469869,Crépuscule ou aube,Hors agglomération,Hors intersection,Normale,Sans collision,3,2,2,0,1,2,2,0,3,80,1,3,1,0,0,2,26.0,,voiture,,2,1,1,1,7
202000012965,2020-01-27 09:05:00,2020,1,27,9,5,71,71379,D972,46.5680793,5.2974856,Plein jour,Hors agglomération,Intersection en X,Normale,Trois véhicules et plus - collisions multiples,3,2,2,0,1,1,2,0,1,80,3,3,1,0,0,2,23.0,38.0,utilitaire_camion,utilitaire_camion,1,1,2,1,5
202000012966,2020-01-26 18:40:00,2020,1,26,18,40,76,76255,Route d'Eu,50.053867,1.395017,Nuit avec éclairage allumé,En agglomération,Hors intersection,Pluie légère,Deux véhicules - frontale,3,2,2,0,1,1,2,0,1,50,2,2,1,0,1,0,14.0,69.0,deux_roues,voiture,5,2,1,2,1
202000012967,2020-03-02 17:30:00,2020,3,2,17,30,30,30198,L'Oriol,44.116669,3.723963,Plein jour,En agglomération,Hors intersection,Temps couvert,Autre collision,4,2,1,0,1,1,1,0,8,50,1,1,0,1,0,0,71.0,,voiture,,1,2,1,8,6
202000012968,2020-01-27 19:10:00,2020,1,27,19,10,61,61096,D916 COUTERNE,48.526524,-0.408801,Nuit sans éclairage public,Hors agglomération,Hors intersection,Pluie légère,Deux véhicules - frontale,3,2,2,0,3,2,2,0,1,70,2,5,3,1,0,1,82.0,41.0,voiture,voiture,3,1,1,2,1
202000012969,2020-02-27 18:00:00,2020,2,27,18,0,30,30325,D999,43.993231,3.687555,Plein jour,Hors agglomération,Hors intersection,Pluie légère,,3,2,2,0,1,3,2,0,1,80,3,3,1,0,1,1,33.0,58.0,voiture,voiture,1,1,1,2,-1
202000012970,2020-02-26 19:30:00,2020,2,26,19,30,48,48080,68 Avenue du Marechal Foch,44.731587,3.858266,Nuit avec éclairage allumé,En agglomération,Hors intersection,Normale,Autre collision,2,2,2,0,1,1,2,0,1,50,1,2,1,0,0,1,73.0,,voiture,,5,2,1,1,6
202000012971,2020-01-26 19:15:00,2020,1,26,19,15,44,44003, Parking,47.373405,-1.193787,Nuit avec éclairage allumé,En agglomération,Hors intersection,Pluie légère,Deux véhicules - côté,6,-1,-1,0,3,1,2,0,1,50,2,3,2,0,1,0,22.0,46.0,deux_roues,voiture,5,2,1,2,3
202000012972,2020-01-26 05:45:00,2020,1,26,5,45,29,29061,D112 - Kergaradec,48.432418,-4.470127,Nuit sans éclairage public,Hors agglomération,Hors intersection,Pluie légère,Sans collision,3,3,4,0,1,1,2,3,1,90,1,3,0,0,0,3,19.0,,voiture,,3,1,1,2,7
202000012973,2020-02-24 16:39:00,2020,2,24,16,39,52,52060,Avenue du General de Gaulle,47.954834,5.73393,Plein jour,En agglomération,Intersection en Y,Normale,Deux véhicules - arrière,3,2,2,0,1,1,1,0,1,50,2,4,3,0,0,1,72.0,89.0,voiture,voiture,1,2,4,1,2
202000012974,2020-01-26 20:00:00,2020,1,26,20,0,31,31375,37 Boulevard Pierre Alard,43.207947,1.226994,Nuit avec éclairage allumé,En agglomération,Hors intersection,Normale,Autre collision,3,2,2,0,1,2,1,0,3,50,1,1,0,0,1,0,74.0,,voiture,,5,2,1,1,6
202000012975,2020-03-01 05:30:00,2020,3,1,5,30,24,24373,D107,44.67452,0.471151,Nuit sans éclairage public,Hors agglomération,Intersection en X,Pluie forte,Deux véhicules - côté,3,2,2,0,1,1,2,0,1,70,2,2,1,0,1,0,26.0,24.0,voiture,voiture,3,1,2,3,3
202000012976,2020-01-26 14:05:00,2020,1,26,14,5,31,31584,D14,43.818179,1.464486,Plein jour,Hors agglomération,Intersection en X,Normale,Deux véhicules - côté,3,2,2,0,1,1,1,0,1,80,2,3,1,0,2,0,49.0,83.0,voiture,voiture,1,1,2,1,3
202000012977,2020-03-01 06:00:00,2020,3,1,6,0,68,68082,A35,47.8705734,7.3886753,Nuit sans éclairage public,Hors agglomération,Hors intersection,Normale,,1,3,4,0,1,1,1,0,1,130,2,2,1,0,1,0,45.0,24.0,voiture,voiture,3,1,1,1,-1
202000012978,2020-01-24 17:00:00,2020,1,24,17,0,03,03046,Le Bouis,46.4584337,2.9495266,Crépuscule ou aube,Hors agglomération,Hors intersection,Autre,Sans collision,3,2,2,0,1,3,6,0,8,80,1,1,0,0,0,1,24.0,,voiture,,2,1,1,9,7
202000012979,2020-01-27 15:42:00,2020,1,27,15,42,15,15122,N122,44.700302,2.192266,Plein jour,Hors agglomération,Hors intersection,Pluie légère,Deux véhicules - frontale,2,2,2,0,1,1,2,0,1,80,2,5,0,0,3,2,57.0,26.0,voiture,voiture,1,1,1,2,1
202000012980,2020-01-24 15:00:00,2020,1,24,15,0,58,58278,94 ter Route de Lyon,46.961825,3.157207,Plein jour,En agglomération,Hors intersection,Normale,Deux véhicules - côté,3,3,2,0,1,1,1,9,1,50,2,2,1,0,1,0,30.0,17.0,voiture,deux_roues,1,2,1,1,3
202000012981,2020-01-24 20:18:00,2020,1,24,20,18,54,54312,RD 910,48.923197,6.092308,Nuit sans éclairage public,Hors agglomération,Hors intersection,Brouillard / fumée,Deux véhicules - frontale,3,2,2,0,3,1,7,0,1,80,2,2,0,0,2,0,43.0,37.0,voiture,voiture,3,1,1,5,1
202000012982,2020-02-25 15:15:00,2020,2,25,15,15,978,97801,la savane,18.077963,-63.029051,Plein jour,Hors agglomération,Hors intersection,Normale,Sans collision,2,2,2,0,2,1,1,0,1,50,1,1,0,0,0,1,42.0,,deux_roues,,1,1,1,1,7
202000012983,2020-02-29 11:50:00,2020,2,29,11,50,13,13051,Route des Baisses,43.54043,5.148191,Plein jour,Hors agglomération,Hors intersection,Temps couvert,Deux véhicules - frontale,3,2,2,0,2,3,1,0,1,80,2,1,0,0,0,1,91.0,,voiture,,1,1,1,8,1
202000012984,2020-02-28 14:00:00,2020,2,28,14,0,34,34337,156 Chemin de la Mosson,43.535131,3.862016,Plein jour,En agglomération,Intersection en T,Normale,Deux véhicules - côté,4,2,2,0,1,1,1,0,1,50,2,2,1,0,0,1,72.0,14.0,voiture,deux_roues,1,2,3,1,3
202000012985,2020-01-27 10:10:00,2020,1,27,10,10,60,60029,D2,49.385264,1.961768,Plein jour,Hors agglomération,Hors intersection,Temps couvert,Deux véhicules - frontale,3,2,2,0,1,4,2,0,1,80,2,2,1,0,1,0,31.0,69.0,utilitaire_camion,voiture,1,1,1,8,1
202000012986,2020-03-02 10:40:00,2020,3,2,10,40,35,35210,Pacé,48.150248,-1.727135,Plein jour,Hors agglomération,Hors intersection,Vent fort / tempête,Autre collision,3,2,2,0,1,1,1,0,1,80,1,1,0,0,1,0,49.0,,voiture,,1,1,1,6,6
202000012987,2020-01-26 17:45:00,2020,1,26,17,45,45,45224,79 Rue de Rebréchien,48.0476362,2.0504235,Crépuscule ou aube,Hors agglomération,Autre intersection,Normale,Autre collision,3,2,2,0,1,1,1,0,3,80,1,1,0,0,1,0,71.0,,voiture,,2,1,9,1,6
202000012988,2020-02-29 14:10:00,2020,2,29,14,10,95,95151,RD 3 ,49.0582646,2.2773966,Plein jour,Hors agglomération,Hors intersection,Vent fort / tempête,Deux véhicules - arrière,3,2,2,0,2,1,1,0,1,70,2,2,1,0,1,0,23.0,39.0,utilitaire_camion,deux_roues,1,1,1,6,2
202000012989,2020-01-26 16:30:00,2020,1,26,16,30,43,43216,Rue de chabron,45.121832,3.810464,Plein jour,En agglomération,Hors intersection,Temps couvert,Sans collision,4,2,2,0,1,1,2,0,8,50,1,2,0,0,1,1,17.0,,deux_roues,,1,2,1,8,7
202000012990,2020-03-02 13:10:00,2020,3,2,13,10,13,13037,Avenue du Général de Gaulle,43.55064,5.202987,Plein jour,En agglomération,Intersection en T,Pluie légère,Sans collision,3,2,-1,-1,1,1,2,0,1,-1,1,1,0,0,1,0,14.0,,deux_roues,,1,2,3,2,7
202000012991,2020-01-26 12:30:00,2020,1,26,12,30,40,40282,5 Avenue de l'Armagnac,43.77133,-0.56969,Plein jour,En agglomération,Hors intersection,Normale,Deux véhicules - arrière,6,-1,2,0,1,1,1,0,8,-1,2,2,1,0,1,0,23.0,52.0,voiture,deux_roues,1,2,1,1,2
202000012992,2020-02-28 17:15:00,2020,2,28,17,15,13,13037,Avenue Vincent de Forbin,43.554182,5.200648,Plein jour,En agglomération,Intersection en T,Temps éblouissant,Deux véhicules - frontale,4,2,2,0,1,1,1,0,1,50,2,2,1,0,0,1,33.0,36.0,voiture,voiture,1,2,3,7,1
202000012993,2020-03-03 17:20:00,2020,3,3,17,20,973,97309,Avenue Cyprien Gildon,4.913374,-52.280105,Plein jour,En agglomération,Intersection en X,Normale,Deux véhicules - frontale,4,2,2,0,3,1,1,0,1,50,2,2,1,0,1,0,37.0,23.0,deux_roues,voiture,1,2,2,1,1
202000012994,2020-01-26 21:00:00,2020,1,26,21,0,85,85213,D746,46.622599,-1.368538,Nuit sans éclairage public,Hors agglomération,Giratoire,Pluie légère,Trois véhicules et plus - collisions multiples,3,2,2,0,1,1,2,0,1,70,3,6,2,0,1,3,64.0,31.0,voiture,voiture,3,1,6,2,5
202000012995,2020-02-27 20:20:00,2020,2,27,20,20,973,97309,Route de Montjoly,4.912663,-52.272633,Nuit avec éclairage allumé,En agglomération,Intersection en T,Normale,Deux véhicules - frontale,3,2,2,0,1,1,1,0,1,-1,2,2,1,0,0,1,29.0,35.0,voiture,deux_roues,5,2,3,1,1
202000012996,2020-01-16 16:00:00,2020,1,16,16,0,28,28280,1 Rue de Sully,48.321238,0.821843,Plein jour,En agglomération,Hors intersection,Normale,Autre collision,3,3,2,0,2,1,1,0,1,50,1,2,1,0,1,0,44.0,,deux_roues,,1,2,1,1,6
202000012997,2020-02-26 06:40:00,2020,2,26,6,40,973,97309,Route de Montjoly,4.92292,-52.282265,Plein jour,En agglomération,Intersection en T,Normale,Deux véhicules - frontale,3,2,2,0,1,1,1,0,1,50,2,2,0,0,1,1,57.0,66.0,deux_roues,voiture,1,2,3,1,1
202000012998,2020-03-01 16:35:00,2020,3,1,16,35,69,69244,Rue des Bruyères,45.757845,4.750615,Plein jour,En agglomération,Intersection en T,Normale,Deux véhicules - frontale,4,2,2,0,1,1,1,0,1,50,2,3,2,0,0,1,56.0,39.0,deux_roues,voiture,1,2,3,1,1
202000012999,2020-01-26 19:40:00,2020,1,26,19,40,17,17347,Avenue du General de Gaulle,45.939832,-0.51148,Nuit avec éclairage allumé,En agglomération,Intersection en X,Normale,Deux véhicules - côté,3,2,2,0,1,1,1,0,1,50,2,2,1,0,0,1,27.0,33.0,voiture,voiture,5,2,2,1,3
202000013000,2020-02-28 17:35:00,2020,2,28,17,35,01,01043,"A42, PK 009+800, sens GENEVE/LYON",45.82108,4.994241,Plein jour,Hors agglomération,Hors intersection,Normale,Deux véhicules - arrière,1,3,5,0,1,1,1,7,1,70,2,3,2,0,0,1,37.0,20.0,voiture,voiture,1,1,1,1,2
202000013001,2020-03-01 12:30:00,2020,3,1,12,30,06,06085,Avenue Saint-basile,43.604693,7.003111,Plein jour,En agglomération,Hors intersection,Temps couvert,Deux véhicules - frontale,3,2,2,0,4,3,2,0,1,50,2,2,0,0,0,2,61.0,19.0,voiture,voiture,1,2,1,8,1
202000013002,2020-01-20 19:10:00,2020,1,20,19,10,17,17175,RD 52 Route de Sainte l'Heurine,45.554566,-0.346157,Nuit sans éclairage public,Hors agglomération,Hors intersection,Normale,Deux véhicules - côté,3,2,2,0,1,1,1,0,1,80,2,2,1,0,1,0,19.0,41.0,voiture,voiture,3,1,1,1,3
202000013003,2020-01-26 16:30:00,2020,1,26,16,30,78,78143,RD938 PK11+100,48.726611,2.095047,Plein jour,Hors agglomération,Autre intersection,Normale,Deux véhicules - arrière,3,2,2,0,2,2,1,0,1,80,2,2,0,0,0,2,56.0,64.0,voiture,voiture,1,1,9,1,2
202000013004,2020-02-29 08:15:00,2020,2,29,8,15,38,38253,Chemin de la Soldanelle,45.01472,6.12554,Plein jour,En agglomération,Hors intersection,Normale,Autre collision,6,-1,-1,0,1,1,7,0,8,50,1,2,1,1,0,0,55.0,,utilitaire_camion,,1,2,1,1,6
202000013005,2020-02-27 15:35:00,2020,2,27,15,35,67,67546,A4,48.7667246,7.6497871,Plein jour,Hors agglomération,Hors intersection,Temps couvert,Autre collision,1,1,4,0,2,1,2,0,3,130,1,1,0,0,1,0,60.0,,voiture,,1,1,1,8,6
202000013006,2020-01-27 05:15:00,2020,1,27,5,15,67,67049,D84,48.5121016,7.6218369,Nuit sans éclairage public,Hors agglomération,Hors intersection,Normale,Autre collision,3,2,2,0,1,1,1,0,3,80,1,1,0,1,0,0,53.0,,voiture,,3,1,1,1,6
202000013007,2020-03-02 08:50:00,2020,3,2,8,50,90,90032,Autoroute A36 - PK 035.800,47.61945,6.858526,Plein jour,Hors agglomération,Hors intersection,Pluie légère,Trois véhicules et plus - collisions multiples,1,3,5,0,1,1,2,0,1,110,3,5,4,0,1,0,68.0,56.0,voiture,utilitaire_camion,1,1,1,2,5
202000013008,2020-01-15 21:15:00,2020,1,15,21,15,976,97602,Bandraboua,-12.709311,45.119106,Nuit sans éclairage public,Hors agglomération,Hors intersection,Normale,Deux véhicules - frontale,2,2,2,0,2,2,1,0,1,70,2,2,1,0,1,0,30.0,36.0,voiture,deux_roues,3,1,1,1,1
202000013009,2020-01-26 21:15:00,2020,1,26,21,15,03,03118,,46.0867328,3.1320085,Crépuscule ou aube,Hors agglomération,Hors intersection,Normale,Deux véhicules - arrière,1,3,4,0,2,3,2,0,1,110,2,5,0,0,0,5,22.0,31.0,voiture,voiture,2,1,1,1,2
202000013010,2020-03-01 03:52:00,2020,3,1,3,52,49,49007,A11,47.494589,-0.568542,Nuit sans éclairage public,Hors agglomération,Hors intersection,Pluie légère,Autre collision,1,3,4,0,1,1,2,0,1,90,1,3,2,0,1,0,,,,,3,1,1,2,6
202000013011,2020-01-17 07:50:00,2020,1,17,7,50,13,13069,7 Rue Cambo de Fedo,43.626178,5.150496,Plein jour,Hors agglomération,Giratoire,Normale,Deux véhicules - arrière,3,2,2,0,1,2,1,0,1,80,2,1,0,0,0,1,33.0,,deux_roues,,1,1,6,1,2
202000013012,2020-03-01 07:30:00,2020,3,1,7,30,38,38237,D1091,45.03834,6.20848,Crépuscule ou aube,Hors agglomération,Hors intersection,Brouillard / fumée,Autre collision,3,2,2,0,1,1,7,0,8,80,1,2,0,0,0,2,19.0,,voiture,,2,1,1,5,6
202000013013,2020-01-27 08:45:00,2020,1,27,8,45,973,97309,Route de Montjoly,4.914491,-52.274296,Plein jour,En agglomération,Hors intersection,Pluie forte,Autre collision,3,2,2,3,1,1,2,0,2,50,1,1,0,0,1,0,38.0,,deux_roues,,1,2,1,3,6
202000013014,2020-03-02 14:55:00,2020,3,2,14,55,26,26247,Route de LYON,45.158012,4.832182,Plein jour,Hors agglomération,Hors intersection,Temps couvert,Trois véhicules et plus - en chaîne,2,2,3,0,1,1,2,0,1,80,3,4,2,0,0,2,30.0,24.0,utilitaire_camion,voiture,1,1,1,8,4
202000013015,2020-01-27 15:00:00,2020,1,27,15,0,33,33122,151 Av Saint Jacques de Compostelle,44.72277,-0.68458,Plein jour,Hors agglomération,Hors intersection,Pluie légère,Autre collision,3,2,2,0,1,2,2,0,3,80,1,2,0,0,2,0,32.0,,voiture,,1,1,1,2,6
202000013016,2020-02-26 12:10:00,2020,2,26,12,10,11,11210,A61,43.1701307,2.786665,Plein jour,Hors agglomération,Hors intersection,Pluie légère,Deux véhicules - arrière,1,1,2,3,1,1,2,8,1,90,2,3,2,0,0,1,28.0,41.0,voiture,voiture,1,1,1,2,2
202000013017,2020-01-18 16:00:00,2020,1,18,16,0,06,06085,10 Avenue Saint-basile,43.605065,7.002073,Plein jour,En agglomération,Hors intersection,Normale,Deux véhicules - côté,3,2,2,0,2,2,1,0,1,50,2,3,0,0,1,2,30.0,82.0,voiture,voiture,1,2,1,1,3
202000013018,2020-02-29 06:00:00,2020,2,29,6,0,30,30189,autoroute A9 Point Kilométrique 046+500,43.818597,4.373063,Nuit sans éclairage public,Hors agglomération,Hors intersection,Pluie légère,Autre collision,1,3,4,0,1,1,2,2,2,130,1,5,1,1,1,2,72.0,,voiture,,3,1,1,2,6
202000013019,2020-03-02 15:40:00,2020,3,2,15,40,27,27517,A13,49.129513,1.320661,Plein jour,Hors agglomération,Hors intersection,Temps couvert,Autre collision,1,3,5,0,1,1,1,0,1,130,1,1,0,0,1,0,45.0,,voiture,,1,1,1,8,6
202000013020,2020-01-24 20:17:00,2020,1,24,20,17,44,44026,A11,47.296346,-1.443758,Nuit sans éclairage public,Hors agglomération,Hors intersection,Normale,Deux véhicules - frontale,1,3,4,0,1,1,1,0,1,130,2,2,1,0,0,1,85.0,61.0,voiture,voiture,3,1,1,1,1
202000013021,2020-02-28 16:20:00,2020,2,28,16,20,987,98750,PK 6 DISTRICT DE AVERA,-16.837468,-151.403166,Plein jour,Hors agglomération,Hors intersection,Normale,Autre collision,2,2,2,0,1,1,1,0,3,60,1,1,0,0,1,0,48.0,,deux_roues,,1,1,1,1,6
202000013022,2020-01-27 08:10:00,2020,1,27,8,10,976,97607,Rue Boboka,-12.836328,45.17245,Plein jour,En agglomération,Hors intersection,Normale,Autre collision,4,2,2,0,2,1,1,0,1,50,1,2,1,1,0,0,51.0,,voiture,,1,2,1,1,6
202000013023,2020-03-02 03:00:00,2020,3,2,3,0,988,98830,RPN10,-20.7911,165.25482,Nuit sans éclairage public,En agglomération,Hors intersection,Pluie légère,Sans collision,3,2,2,0,1,1,2,0,1,50,1,2,0,1,1,0,29.0,,voiture,,3,2,1,2,7
202000013024,2020-01-26 23:15:00,2020,1,26,23,15,974,97419,328 - Route Nationale 2,-21.1529354,55.8210973,Nuit sans éclairage public,En agglomération,Hors intersection,Normale,Autre collision,2,2,2,0,1,1,1,0,3,50,1,1,0,0,1,0,25.0,,voiture,,3,2,1,1,6
202000013025,2020-03-01 13:00:00,2020,3,1,13,0,988,98826,lieu dit Néhoué,-20.418084,164.225264,Plein jour,Hors agglomération,Hors intersection,Normale,Autre collision,3,2,2,0,1,2,1,0,3,90,1,3,0,0,2,1,32.0,,voiture,,1,1,1,1,6
202000013026,2020-01-27 08:05:00,2020,1,27,8,5,973,97311,390 Avenue Jean Galmot,5.492384,-53.971526,Plein jour,Hors agglomération,Hors intersection,Pluie légère,Autre collision,3,2,2,0,1,1,2,0,1,80,1,2,1,1,0,0,31.0,,voiture,,1,1,1,2,6
202000013027,2020-02-24 17:30:00,2020,2,24,17,30,988,98803,"Creek Salé, Poé",-21.60643,165.378066,Plein jour,Hors agglomération,Hors intersection,Normale,Autre collision,5,2,2,0,1,1,1,0,3,30,1,4,1,0,2,1,19.0,,voiture,,1,1,1,1,6
202000013028,2020-01-26 18:15:00,2020,1,26,18,15,971,97119,Roujol,16.363154,-61.456967,Crépuscule ou aube,Hors agglomération,Hors intersection,Normale,Deux véhicules - frontale,2,2,2,0,4,1,1,0,1,70,2,3,0,0,1,2,75.0,68.0,voiture,voiture,2,1,1,1,1
202000013029,2020-03-01 07:30:00,2020,3,1,7,30,974,97415,Rue de la Cheminee,-21.041984,55.220383,Plein jour,En agglomération,Hors intersection,Normale,Deux véhicules - frontale,4,2,2,0,1,1,1,0,1,50,2,2,1,0,0,1,23.0,81.0,voiture,voiture,1,2,1,1,1
202000013030,2020-01-25 06:45:00,2020,1,25,6,45,977,97701,la grande saline,17.89734,-62.828633,Plein jour,En agglomération,Autre intersection,Normale,Deux véhicules - côté,4,2,2,0,1,3,1,0,1,50,2,2,1,0,1,0,51.0,28.0,voiture,deux_roues,1,2,9,1,3
202000013031,2020-02-28 19:20:00,2020,2,28,19,20,974,97408,11 Rue de la Roche Glisse,-20.9656137,55.3325753,Crépuscule ou aube,En agglomération,Intersection en Y,Pluie légère,Deux véhicules - côté,4,2,1,0,2,3,2,0,1,30,2,2,1,0,1,0,54.0,15.0,voiture,deux_roues,2,2,4,2,3
202000013032,2020-02-28 14:20:00,2020,2,28,14,20,973,97303,mamaribo,5.517639,-53.364308,Plein jour,Hors agglomération,Hors intersection,Normale,Sans collision,2,2,2,0,1,1,1,0,3,80,1,2,0,0,1,1,63.0,,utilitaire_camion,,1,1,1,1,7