accident_id,datetime,annee,mois,jour,heure,minute,departement,commune_insee,adresse,latitude,longitude,luminosite,agglomeration,intersection,meteo,collision,catr,circ,nbv,vosp,prof,plan,surf,infra,situ,vma,nb_vehicules,nb_usagers,nb_indemnes,nb_tues,nb_blesses_hosp,nb_blesses_legers,age_cond_1,age_cond_2,veh_type_cond_1,veh_type_cond_2,lum_code,agg_code,int_code,atm_code,col_code
202000013217,2020-07-17 16:53:00,2020,7,17,16,53,74,74221,D4,46.0065936,6.5177644,Plein jour,Hors agglomération,Hors intersection,Normale,Deux véhicules - côté,3,2,2,0,3,3,1,0,1,90,2,3,0,0,1,2,53.0,35.0,deux_roues,deux_roues,1,1,1,1,3
202000013218,2020-07-09 11:15:00,2020,7,9,11,15,51,51454,A344,49.2339734,4.0393609,Plein jour,Hors agglomération,Hors intersection,Normale,Deux véhicules - arrière,1,1,2,0,2,3,1,3,1,70,2,3,2,0,0,1,23.0,52.0,voiture,voiture,1,1,1,1,2
202000013219,2020-07-16 10:05:00,2020,7,16,10,5,69,69007,Route Departementale 386,45.499803,4.827006,Plein jour,Hors agglomération,Autre intersection,Normale,Trois véhicules et plus - en chaîne,3,-1,2,0,1,1,1,0,5,80,3,4,1,0,0,3,68.0,57.0,voiture,voiture,1,1,9,1,4
202000013220,2020-07-09 10:00:00,2020,7,9,10,0,971,97125,Avenue de l'Europe,16.254658,-61.270055,Plein jour,En agglomération,Hors intersection,Normale,Deux véhicules - arrière,4,2,2,0,1,1,1,0,1,50,2,2,1,0,0,1,53.0,71.0,autre,voiture,1,2,1,1,2
202000013221,2020-07-15 13:30:00,2020,7,15,13,30,30,30155,D999,43.829821,4.460621,Plein jour,Hors agglomération,Hors intersection,Normale,Autre collision,3,3,4,0,1,1,1,0,3,90,1,1,0,0,1,0,20.0,,voiture,,1,1,1,1,6
202000013222,2020-07-17 00:50:00,2020,7,17,0,50,11,11383,D113,43.360609,1.915226,Nuit sans éclairage public,Hors agglomération,Hors intersection,Normale,Sans collision,3,2,2,0,1,3,1,0,3,80,1,4,0,0,2,2,27.0,,voiture,,3,1,1,1,7
202000013223,2020-07-17 17:22:00,2020,7,17,17,22,34,34166,Chateau de Coussergues,43.352738,3.347998,Plein jour,Hors agglomération,Hors intersection,Normale,Deux véhicules - frontale,3,2,2,0,1,3,1,0,1,80,2,2,1,0,1,0,55.0,75.0,voiture,voiture,1,1,1,1,1
202000013224,2020-09-14 14:28:00,2020,9,14,14,28,57,57047,2 Rue du 3 Juin,49.104607,6.593825,Plein jour,En agglomération,Hors intersection,Normale,Deux véhicules - côté,3,2,2,0,1,4,1,0,1,50,2,3,2,0,0,1,32.0,37.0,voiture,utilitaire_camion,1,2,1,1,3
202000013225,2020-09-15 11:30:00,2020,9,15,11,30,74,74031,D1201,46.093926,6.103967,Plein jour,Hors agglomération,Intersection en X,Normale,Deux véhicules - côté,3,2,2,0,2,1,1,0,1,80,2,2,1,0,1,0,59.0,29.0,utilitaire_camion,deux_roues,1,1,2,1,3
202000013226,2020-07-13 15:25:00,2020,7,13,15,25,83,83053,Dn8,43.158361,5.835897,Plein jour,Hors agglomération,Hors intersection,Normale,Trois véhicules et plus - collisions multiples,3,2,2,0,2,1,1,0,1,70,3,3,2,0,1,0,31.0,28.0,deux_roues,voiture,1,1,1,1,5
202000013227,2020-07-17 10:30:00,2020,7,17,10,30,83,83115,Rue du Docteur Sigallas,43.311272,6.636209,Plein jour,En agglomération,Autre intersection,Normale,Autre collision,4,2,2,0,1,1,1,9,1,50,1,2,1,0,1,0,70.0,,voiture,,1,2,9,1,6
202000013228,2020-09-13 17:25:00,2020,9,13,17,25,73,73290,D1006,45.218514,6.9689729,Plein jour,Hors agglomération,Hors intersection,Normale,Deux véhicules - arrière,3,2,2,0,2,1,1,0,1,80,2,2,1,0,1,0,27.0,20.0,deux_roues,voiture,1,1,1,1,2
202000013229,2020-09-14 09:20:00,2020,9,14,9,20,44,44209,D49,47.32981,-1.657184,Plein jour,Hors agglomération,Hors intersection,Temps éblouissant,Deux véhicules - arrière,3,2,2,0,2,1,1,0,1,80,2,2,1,0,1,0,51.0,61.0,voiture,deux_roues,1,1,1,7,2
202000013230,2020-07-17 12:15:00,2020,7,17,12,15,13,13022,D559,43.21818,5.580819,Plein jour,Hors agglomération,Hors intersection,Normale,Trois véhicules et plus - collisions multiples,3,2,2,0,2,1,1,0,1,70,3,4,2,1,1,0,35.0,75.0,voiture,deux_roues,1,1,1,1,5
202000013231,2020-09-15 15:55:00,2020,9,15,15,55,38,38442,pic de l'oreillette,45.348865,5.78059,Plein jour,Hors agglomération,Hors intersection,Normale,Autre collision,3,2,2,0,2,4,1,0,1,70,1,1,0,0,0,1,24.0,,deux_roues,,1,1,1,1,6
202000013232,2020-09-15 16:05:00,2020,9,15,16,5,38,38442,Les Marrons,45.323204,5.794709,Plein jour,Hors agglomération,Hors intersection,Normale,Autre collision,3,2,2,0,2,2,1,0,3,80,1,1,0,0,0,1,60.0,,deux_roues,,1,1,1,1,6
202000013233,2020-07-16 17:50:00,2020,7,16,17,50,88,88458,D157,48.392819,6.256724,Plein jour,En agglomération,Hors intersection,Normale,Deux véhicules - arrière,9,2,2,1,1,1,1,6,5,30,2,2,1,0,1,0,16.0,17.0,deux_roues,deux_roues,1,2,1,1,2
202000013234,2020-09-13 02:00:00,2020,9,13,2,0,40,40182,D66,44.070428,-1.17264,Nuit sans éclairage public,Hors agglomération,Hors intersection,Normale,Deux véhicules - arrière,3,2,2,0,2,1,1,0,1,-1,2,2,1,0,0,1,23.0,50.0,deux_roues,voiture,3,1,1,1,2
202000013235,2020-07-13 22:14:00,2020,7,13,22,14,57,57160,N33,49.201043,6.725559,Nuit sans éclairage public,Hors agglomération,Hors intersection,Normale,Autre collision,2,2,2,0,1,1,1,0,1,80,1,2,0,0,1,1,58.0,,deux_roues,,3,1,1,1,6
202000013236,2020-09-14 15:10:00,2020,9,14,15,10,40,40125,Route de Bardeuy,43.648513,-1.053025,Plein jour,En agglomération,Hors intersection,Normale,Sans collision,4,2,2,0,2,2,1,0,3,50,1,2,0,0,1,1,33.0,,voiture,,1,2,1,1,7
202000013237,2020-09-15 13:25:00,2020,9,15,13,25,44,44047,Route de la Grande Vallée,47.224581,-1.776052,Plein jour,Hors agglomération,Hors intersection,Normale,Sans collision,4,2,2,0,1,1,1,0,3,80,1,1,0,0,0,1,19.0,,deux_roues,,1,1,1,1,7
202000013238,2020-07-17 04:23:00,2020,7,17,4,23,03,03120,,46.6294977,3.7082411,Nuit sans éclairage public,Hors agglomération,Intersection en T,Normale,Deux véhicules - arrière,3,2,2,0,2,1,1,0,1,70,2,2,1,0,0,1,22.0,21.0,utilitaire_camion,voiture,3,1,3,1,2
202000013239,2020-09-11 12:00:00,2020,9,11,12,0,14,14365,Avenue Henri de Blagny,49.30142,-0.329594,Plein jour,En agglomération,Intersection en X,Normale,Deux véhicules - côté,3,2,2,0,2,1,1,0,1,30,2,2,1,0,1,0,52.0,71.0,voiture,deux_roues,1,2,2,1,3
202000013240,2020-09-15 17:55:00,2020,9,15,17,55,76,76647,15 Rue Saint Michel,49.527905,0.359516,Plein jour,En agglomération,Hors intersection,Normale,Autre collision,4,2,2,0,1,1,1,6,1,50,1,2,1,0,1,0,77.0,,voiture,,1,2,1,1,6
202000013241,2020-09-12 15:40:00,2020,9,12,15,40,59,59507,AUTOROUTE A1,50.608639,3.094384,Plein jour,Hors agglomération,Hors intersection,Normale,,1,3,10,0,1,1,1,0,1,90,3,3,2,0,0,1,28.0,26.0,voiture,voiture,1,1,1,1,-1
202000013242,2020-07-16 17:51:00,2020,7,16,17,51,69,69179,Route de Mornant,45.590814,4.727354,Plein jour,Hors agglomération,Hors intersection,Normale,Deux véhicules - arrière,3,2,2,0,1,1,1,0,1,80,2,2,1,0,0,1,51.0,43.0,deux_roues,voiture,1,1,1,1,2
202000013243,2020-09-10 12:45:00,2020,9,10,12,45,59,59183,AUTOROUTE A16,51.011473,2.340041,Plein jour,Hors agglomération,Hors intersection,Normale,Deux véhicules - arrière,1,3,1,0,1,1,1,8,1,70,2,2,1,0,1,0,33.0,59.0,utilitaire_camion,deux_roues,1,1,1,1,2
202000013244,2020-07-11 23:45:00,2020,7,11,23,45,33,33553,N10,45.01705,-0.426702,Nuit sans éclairage public,Hors agglomération,Hors intersection,Normale,Deux véhicules - arrière,2,3,4,0,1,1,1,0,1,110,2,3,1,0,0,2,39.0,61.0,voiture,voiture,3,1,1,1,2
202000013245,2020-09-14 17:25:00,2020,9,14,17,25,91,91570,RN 104,48.6249,2.3287,Plein jour,Hors agglomération,Hors intersection,Normale,Trois véhicules et plus - en chaîne,2,1,2,0,1,1,1,0,1,110,3,3,2,0,0,1,31.0,22.0,voiture,voiture,1,1,1,1,4
202000013246,2020-09-14 08:30:00,2020,9,14,8,30,91,91521,AUTOROUTE A6,48.6405,2.3939,Plein jour,Hors agglomération,Hors intersection,Normale,Trois véhicules et plus - collisions multiples,1,3,6,0,1,1,1,0,1,110,3,3,2,0,1,0,51.0,37.0,voiture,deux_roues,1,1,1,1,5
202000013247,2020-07-16 22:55:00,2020,7,16,22,55,85,85211,Le Tablier,46.59546,-1.53913,Nuit sans éclairage public,Hors agglomération,Intersection en X,Normale,Deux véhicules - côté,3,2,2,0,1,1,1,0,1,80,2,2,0,2,0,0,17.0,45.0,deux_roues,deux_roues,3,1,2,1,3
202000013248,2020-09-14 18:15:00,2020,9,14,18,15,78,78455,A13,48.860237,2.048159,Plein jour,Hors agglomération,Hors intersection,Normale,Deux véhicules - côté,1,3,4,0,1,1,1,0,1,110,2,2,1,0,0,1,56.0,56.0,deux_roues,voiture,1,1,1,1,3
202000013249,2020-07-17 08:50:00,2020,7,17,8,50,85,85300,RD 4,46.6548,-1.51025,Plein jour,Hors agglomération,Intersection en T,Normale,Deux véhicules - côté,3,2,2,0,1,1,1,0,1,80,2,2,1,0,1,0,23.0,32.0,deux_roues,utilitaire_camion,1,1,3,1,3
202000013250,2020-09-14 17:00:00,2020,9,14,17,0,93,93005,AUTOROUTE A3,48.96519,2.47547,Plein jour,Hors agglomération,Hors intersection,Normale,Deux véhicules - arrière,1,3,2,0,1,1,1,0,1,90,2,2,1,0,1,0,61.0,25.0,voiture,deux_roues,1,1,1,1,2
202000013251,2020-09-14 13:45:00,2020,9,14,13,45,95,95682,RN 104,49.0664897,2.3758992,Plein jour,Hors agglomération,Hors intersection,Temps éblouissant,Sans collision,2,3,4,0,1,1,1,0,3,110,1,2,0,0,0,2,36.0,,voiture,,1,1,1,7,7
202000013252,2020-07-17 14:05:00,2020,7,17,14,5,22,22179,Le Pré Gas,48.639325,-2.375633,Plein jour,Hors agglomération,Intersection en T,Normale,Deux véhicules - côté,3,2,2,0,1,1,1,0,1,80,2,2,1,0,1,0,39.0,23.0,voiture,deux_roues,1,1,3,1,3
202000013253,2020-09-14 00:45:00,2020,9,14,0,45,93,93066,AUTOROUTE A1,48.90257,2.3586,Nuit avec éclairage allumé,Hors agglomération,Hors intersection,Normale,Deux véhicules - arrière,1,3,8,0,1,1,1,0,1,90,2,5,1,0,0,4,36.0,30.0,voiture,voiture,5,1,1,1,2
202000013254,2020-07-17 01:40:00,2020,7,17,1,40,02,02282,D1044,49.555981,3.708529,Nuit avec éclairage non allumé,Hors agglomération,Hors intersection,Normale,Deux véhicules - arrière,3,2,2,0,1,1,1,0,1,80,2,2,1,0,1,0,64.0,22.0,deux_roues,voiture,4,1,1,1,2
202000013255,2020-07-17 08:00:00,2020,7,17,8,0,59,59423,Rue de Cassel,50.660248,2.672168,Plein jour,Hors agglomération,Hors intersection,Normale,Sans collision,3,2,2,0,1,1,1,0,3,70,1,1,0,0,1,0,25.0,,voiture,,1,1,1,1,7
202000013256,2020-07-16 14:38:00,2020,7,16,14,38,13,13202,TVPCM-Sens Saint Victor vers Les Ports,43.291927,5.365982,Plein jour,Hors agglomération,Hors intersection,Normale,Deux véhicules - arrière,7,-1,2,0,1,1,1,1,1,50,2,3,2,0,0,1,26.0,26.0,voiture,voiture,1,1,1,1,2
202000013257,2020-07-15 12:15:00,2020,7,15,12,15,13,13215,A55-Sens Martigues vers Marseille,43.35865,5.34412,Plein jour,Hors agglomération,Hors intersection,Normale,Deux véhicules - côté,1,1,3,0,4,3,1,0,1,90,2,2,1,0,0,1,27.0,26.0,voiture,voiture,1,1,1,1,3
202000013258,2020-07-15 17:20:00,2020,7,15,17,20,13,13215,A7-Sens Lyon vers Marseille,43.35066,5.34236,Plein jour,Hors agglomération,Hors intersection,Normale,Deux véhicules - arrière,1,-1,3,0,2,1,1,0,1,90,2,3,1,0,0,2,19.0,25.0,voiture,utilitaire_camion,1,1,1,1,2
202000013259,2020-02-02 18:45:00,2020,2,2,18,45,69,69266,RD383   3.750 A 7.640,45.7648,4.9073,Nuit avec éclairage allumé,Hors agglomération,Hors intersection,Pluie légère,Trois véhicules et plus - en chaîne,3,1,3,0,1,1,1,0,1,70,3,2,1,0,0,1,58.0,55.0,voiture,voiture,5,1,1,2,4
202000013260,2020-07-15 16:10:00,2020,7,15,16,10,13,13215,A7-Sens Lyon vers Marseille,43.39056,5.35133,Plein jour,Hors agglomération,Hors intersection,Normale,Deux véhicules - arrière,1,-1,3,0,1,1,1,0,1,90,2,1,0,0,0,1,49.0,,voiture,,1,1,1,1,2
202000013261,2020-09-13 15:30:00,2020,9,13,15,30,988,98818,AVENUE DES FRERES CARCOPINO,-22.2802,166.44328,Plein jour,En agglomération,Intersection en X,Pluie légère,Deux véhicules - côté,4,3,3,0,1,1,2,0,1,50,2,7,5,0,0,2,52.0,43.0,utilitaire_camion,voiture,1,2,2,2,3
202000013262,2020-07-15 10:30:00,2020,7,15,10,30,13,13015,A51 vers Marseille,43.444789,5.395797,Plein jour,Hors agglomération,Hors intersection,Normale,Deux véhicules - arrière,1,-1,3,0,1,1,1,0,1,90,2,2,1,0,0,1,36.0,52.0,voiture,utilitaire_camion,1,1,1,1,2
202000013263,2020-09-13 10:55:00,2020,9,13,10,55,973,97302,MONTABO (ROUTE DE) 1,4.9421923,-52.3049855,Plein jour,En agglomération,Hors intersection,Temps éblouissant,Deux véhicules - côté,3,2,4,2,1,1,1,0,1,50,2,2,1,0,0,1,49.0,39.0,deux_roues,voiture,1,2,1,7,3
202000013264,2020-09-12 16:56:00,2020,9,12,16,56,973,97302,RABAN (ROUTE DE),4.9338726,-52.3135001,Plein jour,En agglomération,Hors intersection,Normale,Deux véhicules - côté,4,2,2,0,1,1,1,0,3,50,2,5,4,0,0,1,34.0,34.0,deux_roues,utilitaire_camion,1,2,1,1,3
202000013265,2020-09-12 12:20:00,2020,9,12,12,20,973,97302,TIGRE (ROUTE DU),4.9151791,-52.3107514,Plein jour,En agglomération,Intersection en T,Normale,Deux véhicules - côté,3,-1,2,0,1,1,1,0,1,50,2,2,1,0,0,1,67.0,58.0,deux_roues,voiture,1,2,3,1,3
202000013266,2020-09-12 19:45:00,2020,9,12,19,45,69,69387,LECLERC                             (AV),45.74489,4.83086,Crépuscule ou aube,En agglomération,Hors intersection,Normale,Deux véhicules - côté,4,1,3,1,1,1,1,0,1,50,2,2,1,0,0,1,53.0,33.0,voiture,deux_roues,2,2,1,1,3
202000013267,2020-07-11 14:20:00,2020,7,11,14,20,59,59449,AUTOROUTE A23,50.4691772,3.2318103,Plein jour,Hors agglomération,Hors intersection,Normale,Deux véhicules - arrière,1,3,2,0,1,1,1,0,1,110,2,3,2,0,1,0,71.0,26.0,voiture,voiture,1,1,1,1,2
202000013268,2020-07-11 17:17:00,2020,7,11,17,17,59,59574,AUTOROUTE A 21,50.3676171,3.2603817,Plein jour,Hors agglomération,Hors intersection,Normale,Autre collision,1,3,2,0,1,2,1,0,1,70,1,1,0,0,1,0,45.0,,deux_roues,,1,1,1,1,6
202000013269,2020-09-13 02:40:00,2020,9,13,2,40,69,69386,CHARLES DE GAULLE                   (QU),45.78485,4.85144,Nuit avec éclairage allumé,En agglomération,Hors intersection,Normale,Deux véhicules - côté,4,1,3,1,1,1,1,0,1,50,2,2,0,0,0,2,24.0,,deux_roues,,5,2,1,1,3
202000013270,2020-07-12 11:10:00,2020,7,12,11,10,59,59143,AUTOROUTE A25,50.6568507,2.9043028,Plein jour,Hors agglomération,Hors intersection,Normale,Deux véhicules - arrière,1,3,2,0,1,1,1,0,1,110,2,2,1,0,0,1,24.0,38.0,voiture,deux_roues,1,1,1,1,2
202000013271,2020-09-13 00:40:00,2020,9,13,0,40,69,69383,CREQUI (DE)                         (R ),45.75927,4.84792,Nuit avec éclairage allumé,En agglomération,Hors intersection,Normale,Deux véhicules - côté,4,1,1,0,1,1,1,0,5,50,2,3,2,0,0,1,55.0,32.0,voiture,voiture,5,2,1,1,3
202000013272,2020-09-13 05:10:00,2020,9,13,5,10,972,97213,VIEUX CHEMIN CALIFORNIE (RUE DU),14.61839,-61.03144,Nuit avec éclairage allumé,Hors agglomération,Autre intersection,Normale,Deux véhicules - côté,3,-1,4,0,1,1,1,3,1,70,2,2,1,0,0,1,50.0,63.0,voiture,voiture,5,1,9,1,3
202000013273,2020-09-12 12:10:00,2020,9,12,12,10,972,97209,BALATA (ROUTE DE),14.63415,-61.07308,Plein jour,Hors agglomération,Hors intersection,Normale,Deux véhicules - côté,2,2,2,0,2,3,1,0,1,50,2,2,1,0,0,1,29.0,57.0,voiture,voiture,1,1,1,1,3
202000013274,2020-07-15 22:20:00,2020,7,15,22,20,91,91689,AUTOROUTE A6B,48.74344,2.32321,Nuit sans éclairage public,Hors agglomération,Hors intersection,Normale,Trois véhicules et plus - collisions multiples,1,3,12,0,2,1,1,0,1,90,3,2,1,0,0,1,32.0,33.0,voiture,utilitaire_camion,3,1,1,1,5
202000013275,2020-09-13 21:38:00,2020,9,13,21,38,95,95252,CHEMIN NEUF (RUE DU),48.9774,2.2284,Nuit sans éclairage public,En agglomération,Hors intersection,Normale,Sans collision,3,2,2,0,4,2,1,0,1,50,1,2,0,1,0,1,47.0,,voiture,,3,2,1,1,7
202000013276,2020-07-15 11:15:00,2020,7,15,11,15,92,92050,A86,48.9044147,2.2078903,Plein jour,Hors agglomération,Hors intersection,Normale,Deux véhicules - arrière,1,3,6,0,1,1,1,0,1,90,2,2,1,0,0,1,33.0,32.0,voiture,deux_roues,1,1,1,1,2
202000013277,2020-07-16 18:15:00,2020,7,16,18,15,93,93064,AUTOROUTE A86,48.86859,2.48213,Plein jour,Hors agglomération,Hors intersection,Normale,Deux véhicules - côté,1,3,6,0,1,1,1,0,1,90,2,2,1,0,0,1,62.0,52.0,voiture,deux_roues,1,1,1,1,3
202000013278,2020-09-13 19:40:00,2020,9,13,19,40,91,91174,Emile ZOLA (rue),48.6215,2.4662,Crépuscule ou aube,En agglomération,Intersection en T,Normale,Deux véhicules - arrière,4,2,2,0,1,1,1,0,1,50,2,2,1,0,0,1,38.0,56.0,voiture,deux_roues,2,2,3,1,2
202000013279,2020-07-16 11:00:00,2020,7,16,11,0,95,95306, A15,49.00625,2.16409,Plein jour,Hors agglomération,Hors intersection,Normale,Sans collision,1,3,6,0,1,1,1,0,1,110,1,1,0,0,1,0,62.0,,deux_roues,,1,1,1,1,7
202000013280,2020-09-13 14:10:00,2020,9,13,14,10,91,91174,PAPETERIE(RUE),48.592848,2.469862,Plein jour,En agglomération,Hors intersection,Normale,Autre collision,4,2,2,0,1,1,1,0,1,50,1,2,1,0,1,0,26.0,,voiture,,1,2,1,1,6
202000013281,2020-07-15 13:45:00,2020,7,15,13,45,95,95277, A3,48.97381,2.488372,Plein jour,Hors agglomération,Hors intersection,Normale,Autre collision,1,3,11,0,1,1,1,0,1,90,1,1,0,0,0,1,29.0,,utilitaire_camion,,1,1,1,1,6
202000013282,2020-09-12 22:24:00,2020,9,12,22,24,85,85191,Place Napoléon,46.67114,-1.42697,Nuit avec éclairage allumé,En agglomération,Intersection en T,Normale,Deux véhicules - côté,4,1,1,0,1,1,1,6,1,20,2,3,0,0,1,2,27.0,19.0,deux_roues,voiture,5,2,3,1,3
202000013283,2020-07-15 09:40:00,2020,7,15,9,40,95,95678,RN 184,49.07316,2.23268,Plein jour,Hors agglomération,Hors intersection,Normale,Deux véhicules - arrière,2,3,8,0,3,1,1,0,1,110,2,3,1,0,0,2,76.0,28.0,voiture,voiture,1,1,1,1,2
202000013284,2020-09-13 17:39:00,2020,9,13,17,39,83,83137,LYAUTEY (AVE MARECHAL),43.127907,5.922296,Plein jour,En agglomération,Intersection en X,Normale,,4,2,4,3,2,1,1,5,1,50,2,3,1,0,0,2,76.0,49.0,voiture,deux_roues,1,2,2,1,-1
202000013285,2020-07-16 10:00:00,2020,7,16,10,0,94,94028,RN406.Y,48.7747787,2.4444004,Plein jour,Hors agglomération,Hors intersection,Normale,Deux véhicules - arrière,2,3,1,0,1,2,1,3,1,90,2,2,1,0,1,0,33.0,40.0,deux_roues,utilitaire_camion,1,1,1,1,2
202000013286,2020-09-13 16:00:00,2020,9,13,16,0,83,83137,CLEMENCEAU (BD GEORGES),43.12267,5.93918,Plein jour,En agglomération,Intersection en X,Normale,Deux véhicules - arrière,4,-1,2,0,1,3,1,0,1,50,2,2,0,0,0,2,19.0,,deux_roues,,1,2,2,1,2
202000013287,2020-07-16 08:20:00,2020,7,16,8,20,94,94052,A86.EXT,48.8325671,2.4925325,Plein jour,Hors agglomération,Hors intersection,Pluie légère,Sans collision,1,1,2,0,1,2,3,1,1,90,1,1,0,0,0,1,56.0,,voiture,,1,1,1,2,7
202000013288,2020-07-16 07:00:00,2020,7,16,7,0,94,94079,A4,48.8345879,2.5372206,Plein jour,Hors agglomération,Hors intersection,Normale,Trois véhicules et plus - en chaîne,1,3,4,0,1,1,1,0,1,110,3,3,1,0,1,1,32.0,31.0,deux_roues,voiture,1,1,1,1,4
202000013289,2020-09-13 19:05:00,2020,9,13,19,5,69,69256,MARIUS GROSSO                       (R ),45.76303,4.93052,Plein jour,En agglomération,Hors intersection,Normale,Autre collision,4,2,3,1,1,1,1,0,1,50,1,2,1,0,1,0,38.0,,voiture,,1,2,1,1,6
202000013290,2020-05-13 15:45:00,2020,5,13,15,45,59,59588,BRANCHE VC 5,51.02263,2.41969,Plein jour,Hors agglomération,Intersection en Y,Normale,Deux véhicules - côté,4,2,2,0,1,1,1,0,1,70,2,3,2,0,1,0,25.0,66.0,voiture,deux_roues,1,1,4,1,3
202000013291,2020-09-13 18:45:00,2020,9,13,18,45,69,69266,GABRIEL PERI         (Rue),45.7711445,4.8641997,Plein jour,En agglomération,Hors intersection,Normale,Deux véhicules - côté,4,2,4,2,1,1,1,0,1,50,2,3,2,0,0,1,25.0,20.0,voiture,deux_roues,1,2,1,1,3
202000013292,2020-07-15 17:05:00,2020,7,15,17,5,974,97411,Avenue de la victoire,-20.876631,55.447848,Plein jour,En agglomération,Intersection en X,Normale,Autre collision,4,2,4,0,2,1,1,0,4,50,1,2,1,0,0,1,25.0,,voiture,,1,2,2,1,6
202000013293,2020-09-13 12:05:00,2020,9,13,12,5,69,69266,LOUIS ADAM       (Rue),45.769,4.8718,Plein jour,En agglomération,Hors intersection,Normale,Autre collision,4,1,1,0,1,1,1,0,1,50,1,2,1,0,1,0,31.0,,voiture,,1,2,1,1,6
202000013294,2020-09-10 10:30:00,2020,9,10,10,30,62,62023,RD 943,50.5471,2.5236,Plein jour,Hors agglomération,Intersection en T,Normale,Deux véhicules - côté,3,2,2,0,1,1,1,0,8,80,2,3,1,0,1,1,40.0,45.0,voiture,deux_roues,1,1,3,1,3
202000013295,2020-07-15 18:00:00,2020,7,15,18,0,69,69388,JOSEPH CHAPELLE                     (R ),45.73442,4.86609,Plein jour,En agglomération,Intersection en X,Normale,Deux véhicules - côté,4,1,1,0,1,1,1,0,1,50,2,2,0,0,0,2,36.0,31.0,voiture,voiture,1,2,2,1,3
202000013296,2020-09-12 22:15:00,2020,9,12,22,15,62,62160,CAMP DE DROITE (Rue du),50.72735,1.6027,Nuit avec éclairage allumé,En agglomération,Intersection en X,Normale,Deux véhicules - frontale,4,2,2,0,2,1,1,9,1,50,2,3,2,0,0,1,21.0,16.0,voiture,deux_roues,5,2,2,1,1
202000013297,2020-07-14 20:20:00,2020,7,14,20,20,69,69383,GAMBETTA                            (CO),45.7512175,4.8547463,Plein jour,En agglomération,Hors intersection,Normale,Deux véhicules - côté,4,2,4,3,1,1,1,0,1,50,2,2,1,0,0,1,33.0,28.0,voiture,deux_roues,1,2,1,1,3
202000013298,2020-09-08 17:30:00,2020,9,8,17,30,62,62263,WARLUS ( ROUTE DE),50.27745,2.68888,Plein jour,Hors agglomération,Hors intersection,Normale,Deux véhicules - côté,3,2,0,0,3,1,1,0,1,80,2,2,0,0,1,1,16.0,57.0,deux_roues,voiture,1,1,1,1,3
202000013299,2020-07-15 16:10:00,2020,7,15,16,10,69,69385,CHOULANS (DE)                       (CH),45.7539,4.81731,Plein jour,En agglomération,Hors intersection,Pluie légère,Sans collision,4,3,0,0,4,3,2,0,1,30,1,1,0,0,0,1,48.0,,deux_roues,,1,2,1,2,7
202000013300,2020-09-13 21:50:00,2020,9,13,21,50,59,59350,TOURNAI PONT DE,50.62231,3.0899,Nuit avec éclairage allumé,En agglomération,Hors intersection,Normale,Deux véhicules - arrière,7,2,5,2,1,1,1,2,1,50,2,1,0,0,0,1,36.0,,deux_roues,,5,2,1,1,2
202000013301,2020-07-15 12:45:00,2020,7,15,12,45,69,69202,MONTRAY (DE)                        (CH),45.73648,4.79736,Plein jour,En agglomération,Hors intersection,Temps couvert,Trois véhicules et plus - en chaîne,4,2,2,0,1,1,2,0,1,30,3,4,2,0,0,2,76.0,25.0,voiture,voiture,1,2,1,8,4
202000013302,2020-09-13 20:40:00,2020,9,13,20,40,37,37261,MALRAUX (QUAI ANDRE),47.3975885,0.6976161,Nuit avec éclairage allumé,En agglomération,Hors intersection,Normale,Deux véhicules - arrière,3,2,2,0,1,1,1,0,1,50,2,3,1,0,0,2,19.0,24.0,voiture,voiture,5,2,1,1,2
202000013303,2020-07-15 11:00:00,2020,7,15,11,0,69,69202,PRES (DES)                          (CH),45.745,4.794,Plein jour,En agglomération,Hors intersection,Pluie légère,Deux véhicules - côté,4,2,1,0,1,1,2,0,1,50,2,2,1,0,0,1,46.0,62.0,utilitaire_camion,deux_roues,1,2,1,2,3
202000013304,2020-09-13 14:55:00,2020,9,13,14,55,35,35238,ALMA (DE L'),48.09738,-1.67509,Plein jour,En agglomération,Intersection en X,Normale,Deux véhicules - côté,4,2,2,0,1,1,1,0,1,50,2,2,1,0,1,0,24.0,17.0,voiture,deux_roues,1,2,2,1,3
202000013305,2020-07-14 10:30:00,2020,7,14,10,30,69,69381,ST VINCENT                          (QU),45.7679018,4.8208655,Plein jour,En agglomération,Hors intersection,Normale,Deux véhicules - arrière,4,1,2,1,1,1,1,8,1,50,2,1,0,0,1,0,60.0,,deux_roues,,1,2,1,1,2
202000013306,2020-09-13 00:50:00,2020,9,13,0,50,34,34172,LIBERTE (AVENUE DE LA,43.61293,3.82283,Nuit avec éclairage allumé,En agglomération,Hors intersection,Normale,Autre collision,4,3,0,0,1,2,1,0,1,50,1,1,0,0,0,1,29.0,,voiture,,5,2,1,1,6
202000013307,2020-07-15 14:50:00,2020,7,15,14,50,2A,2A004,GRANDE ARMEE AVENUE,41.9265882,8.7290707,Plein jour,En agglomération,Intersection en T,Normale,Deux véhicules - côté,4,2,2,0,2,3,1,0,1,50,2,3,2,0,0,1,40.0,21.0,voiture,deux_roues,1,2,3,1,3