accident_id,datetime,annee,mois,jour,heure,minute,departement,commune_insee,adresse,latitude,longitude,luminosite,agglomeration,intersection,meteo,collision,catr,circ,nbv,vosp,prof,plan,surf,infra,situ,vma,nb_vehicules,nb_usagers,nb_indemnes,nb_tues,nb_blesses_hosp,nb_blesses_legers,age_cond_1,age_cond_2,veh_type_cond_1,veh_type_cond_2,lum_code,agg_code,int_code,atm_code,col_code
202000013401,2020-09-10 16:15:00,2020,9,10,16,15,83,83145,D554,43.608488,5.950652,Plein jour,Hors agglomération,Hors intersection,Autre,Deux véhicules - frontale,3,2,2,0,2,3,2,0,1,80,2,2,1,0,0,1,77.0,63.0,voiture,voiture,1,1,1,9,1
202000013402,2020-09-13 20:45:00,2020,9,13,20,45,60,60441,Rue du Bois de Lihus,49.402372,2.621698,Nuit sans éclairage public,Hors agglomération,Hors intersection,Normale,Deux véhicules - côté,2,2,2,0,1,1,1,0,1,80,2,2,1,0,1,0,35.0,38.0,deux_roues,voiture,3,1,1,1,3
202000013403,2020-09-13 15:30:00,2020,9,13,15,30,60,60206,D142,49.527927,2.816665,Plein jour,Hors agglomération,Hors intersection,Normale,Sans collision,3,-1,2,0,2,2,1,0,3,80,1,1,0,0,0,1,23.0,,deux_roues,,1,1,1,1,7
202000013404,2020-09-13 17:30:00,2020,9,13,17,30,43,43012,37 Route de Saint-paul,45.3848029,4.2247962,Plein jour,En agglomération,Hors intersection,Normale,Deux véhicules - frontale,4,2,2,0,1,3,1,0,1,30,2,4,0,0,2,2,35.0,18.0,voiture,voiture,1,2,1,1,1
202000013405,2020-09-13 04:45:00,2020,9,13,4,45,43,43113,Chemin du Grand Pré,45.0021979,4.0051633,Nuit avec éclairage allumé,En agglomération,Hors intersection,Normale,Autre collision,4,2,2,0,1,2,1,0,3,50,1,4,3,0,1,0,23.0,,voiture,,5,2,1,1,6
202000013406,2020-09-12 13:15:00,2020,9,12,13,15,43,43092,Route de Tence,44.980805,4.227371,Plein jour,Hors agglomération,Hors intersection,Normale,Autre collision,3,2,2,0,2,2,1,0,3,80,1,1,0,0,1,0,22.0,,deux_roues,,1,1,1,1,6
202000013407,2020-09-12 10:05:00,2020,9,12,10,5,10,10011,Le Moulin Rouge,48.251948,4.750278,Plein jour,Hors agglomération,Hors intersection,Normale,Sans collision,3,2,2,0,1,2,1,2,1,80,1,1,0,0,1,0,64.0,,deux_roues,,1,1,1,1,7
202000013408,2020-08-15 08:20:00,2020,8,15,8,20,16,16106,Lieu dit Le Petit Couividat,46.028958,0.645972,Plein jour,Hors agglomération,Hors intersection,Normale,Autre collision,3,2,2,0,2,1,1,0,3,90,1,4,3,0,1,0,38.0,,voiture,,1,1,1,1,6
202000013409,2020-09-13 16:40:00,2020,9,13,16,40,21,21256,Rue de Bourgogne,47.3236503,5.3081775,Plein jour,Hors agglomération,Hors intersection,Normale,Deux véhicules - arrière,3,2,2,0,1,1,1,0,1,90,2,2,1,0,1,0,35.0,23.0,voiture,deux_roues,1,1,1,1,2
202000013410,2020-09-13 20:45:00,2020,9,13,20,45,40,40326,1382 Route de Pichelebe,43.915007,-1.321084,Nuit sans éclairage public,Hors agglomération,Hors intersection,Normale,Autre collision,3,2,2,0,1,1,1,0,1,70,1,2,1,0,1,0,54.0,,voiture,,3,1,1,1,6
202000013411,2020-09-11 17:15:00,2020,9,11,17,15,28,28273,D30,48.210218,1.008725,Plein jour,Hors agglomération,Intersection en X,Normale,Deux véhicules - côté,3,2,2,0,1,1,1,0,1,80,2,3,1,0,1,1,21.0,60.0,voiture,voiture,1,1,2,1,3
202000013412,2020-09-14 11:12:00,2020,9,14,11,12,23,23016,D941,45.95814,2.014581,Plein jour,Hors agglomération,Hors intersection,Normale,Autre collision,3,2,2,0,1,1,1,0,3,80,1,3,0,1,2,0,26.0,,voiture,,1,1,1,1,6
202000013413,2020-09-13 16:30:00,2020,9,13,16,30,87,87046,D10,45.825181,1.045337,Plein jour,Hors agglomération,Intersection en Y,Temps éblouissant,Deux véhicules - côté,3,2,2,0,2,2,1,0,1,80,2,3,2,1,0,0,43.0,29.0,voiture,deux_roues,1,1,4,7,3
202000013414,2020-09-14 14:40:00,2020,9,14,14,40,30,30004,D1,43.713425,4.214501,Plein jour,Hors agglomération,Hors intersection,Normale,Sans collision,3,2,2,0,1,1,1,0,3,80,1,1,0,0,0,1,54.0,,voiture,,1,1,1,1,7
202000013415,2020-09-13 19:00:00,2020,9,13,19,0,52,52470,1 Grande Rue,47.991745,5.738066,Plein jour,En agglomération,Intersection en T,Normale,Deux véhicules - côté,4,2,2,0,2,1,1,0,1,50,2,2,1,0,1,0,59.0,11.0,voiture,deux_roues,1,2,3,1,3
202000013416,2020-09-14 08:40:00,2020,9,14,8,40,88,88468,35 Avenue de Verdun,47.883582,6.757842,Plein jour,En agglomération,Intersection en T,Temps éblouissant,Deux véhicules - côté,2,2,2,0,1,1,1,0,1,50,2,2,1,0,1,0,72.0,30.0,deux_roues,voiture,1,2,3,7,3
202000013417,2020-09-13 18:45:00,2020,9,13,18,45,21,21131,A36,47.032452,5.166166,Plein jour,Hors agglomération,Hors intersection,Normale,Sans collision,1,3,4,0,1,1,1,0,1,130,1,1,0,0,0,1,22.0,,voiture,,1,1,1,1,7
202000013418,2020-09-13 14:30:00,2020,9,13,14,30,62,62731,6 Rue de Saint-quentin,50.0848809,3.0364269,Plein jour,Hors agglomération,Hors intersection,Normale,Autre collision,1,3,4,0,1,1,1,0,3,130,1,7,0,0,1,6,38.0,,voiture,,1,1,1,1,6
202000013419,2020-09-12 23:00:00,2020,9,12,23,0,987,98740,Quai de Ohotu - Avatoru,-14.971926,-147.634438,Nuit sans éclairage public,En agglomération,Hors intersection,Normale,Autre collision,9,-1,2,0,1,1,1,9,8,50,1,2,0,2,0,0,58.0,,voiture,,3,2,1,1,6
202000013420,2020-09-14 13:00:00,2020,9,14,13,0,973,97311,Route Saint Maurice,5.491261,-54.030665,Plein jour,En agglomération,Hors intersection,Normale,Sans collision,4,2,2,0,1,1,1,0,1,50,1,2,0,0,1,1,18.0,,deux_roues,,1,2,1,1,7
202000013421,2020-09-14 04:00:00,2020,9,14,4,0,973,97311,PK11 - 1975 rte de st jean,5.4046309,-54.062497,Nuit sans éclairage public,Hors agglomération,Hors intersection,Normale,Autre collision,9,2,2,0,1,2,1,0,1,80,1,1,0,1,0,0,41.0,,deux_roues,,3,1,1,1,6
202000013422,2020-09-10 11:53:00,2020,9,10,11,53,971,97116,Allee des Amandiers,16.35114,-61.455755,Plein jour,Hors agglomération,Hors intersection,Normale,Autre collision,2,2,2,0,1,1,1,0,3,80,1,1,0,0,1,0,54.0,,voiture,,1,1,1,1,6
202000013423,2020-09-12 20:00:00,2020,9,12,20,0,971,97128,Grands Fonds,16.262718,-61.425312,Nuit avec éclairage allumé,Hors agglomération,Hors intersection,Normale,Autre collision,3,2,2,0,2,1,1,0,1,80,1,2,1,0,1,0,62.0,,voiture,,5,1,1,1,6
202000013424,2020-09-12 20:10:00,2020,9,12,20,10,972,97230,Tartane,14.759897,-60.918127,Nuit avec éclairage allumé,En agglomération,Hors intersection,Normale,Deux véhicules - frontale,3,2,2,0,1,1,1,0,1,50,2,2,0,1,1,0,47.0,21.0,deux_roues,deux_roues,5,2,1,1,1
202000013425,2020-09-13 09:30:00,2020,9,13,9,30,29,29233,Gare de la Foret,47.843497,-3.57899,Plein jour,Hors agglomération,Hors intersection,Normale,Deux véhicules - arrière,3,3,2,0,2,1,1,0,1,80,2,1,0,0,1,0,50.0,,deux_roues,,1,1,1,1,2
202000013426,2020-09-11 16:50:00,2020,9,11,16,50,41,41269,Rue de la Tuilerie,47.807945,1.068833,Plein jour,En agglomération,Intersection en T,Normale,Deux véhicules - côté,4,2,2,0,1,1,1,5,1,50,2,2,1,0,0,1,26.0,54.0,voiture,voiture,1,2,3,1,3
202000013427,2020-09-13 14:10:00,2020,9,13,14,10,37,37043,,47.514829,1.051653,Plein jour,Hors agglomération,Hors intersection,Normale,Autre collision,3,2,2,0,1,2,1,0,1,80,1,1,0,0,0,1,40.0,,deux_roues,,1,1,1,1,6
202000013428,2020-09-03 12:20:00,2020,9,3,12,20,45,45227,D953 PR 1 + 30,47.7189035,2.5767506,Plein jour,Hors agglomération,Intersection en X,Normale,Deux véhicules - côté,3,2,2,0,1,1,1,0,1,70,2,2,1,0,1,0,52.0,61.0,deux_roues,deux_roues,1,1,2,1,3
202000013429,2020-08-15 14:30:00,2020,8,15,14,30,84,84004,Avenue-jean-henri-fabre,44.100407,5.003929,Plein jour,Hors agglomération,Hors intersection,Normale,,3,2,2,0,1,2,1,0,1,80,2,2,1,0,0,1,42.0,33.0,voiture,voiture,1,1,1,1,-1
202000013430,2020-08-15 23:00:00,2020,8,15,23,0,84,84026,"1820, D943",43.750641,5.363796,Nuit sans éclairage public,Hors agglomération,Hors intersection,Normale,Sans collision,3,2,2,0,2,1,1,0,3,80,1,1,0,0,1,0,56.0,,autre,,3,1,1,1,7
202000013431,2020-08-22 18:00:00,2020,8,22,18,0,83,83107,D559,43.355617,6.715227,Plein jour,Hors agglomération,Hors intersection,Normale,Deux véhicules - frontale,3,2,2,0,1,1,1,0,1,50,2,5,4,0,0,1,58.0,19.0,voiture,voiture,1,1,1,1,1
202000013432,2020-09-11 02:30:00,2020,9,11,2,30,13,13097,D113,43.639068,4.856826,Nuit sans éclairage public,Hors agglomération,Hors intersection,Normale,Autre collision,3,1,2,0,1,1,1,0,3,80,1,1,0,0,1,0,35.0,,voiture,,3,1,1,1,6
202000013433,2020-09-10 11:30:00,2020,9,10,11,30,71,71453,les têtes,46.2476645,4.0527548,Plein jour,Hors agglomération,Autre intersection,Normale,Sans collision,9,-1,2,1,1,1,1,0,5,-1,1,1,0,0,1,0,58.0,,deux_roues,,1,1,9,1,7
202000013434,2020-09-12 07:50:00,2020,9,12,7,50,38,38537,Rue des Alpes,45.628636,5.158607,Crépuscule ou aube,Hors agglomération,Hors intersection,Normale,Deux véhicules - frontale,3,2,4,0,1,2,1,0,1,90,2,2,0,0,1,1,63.0,28.0,voiture,voiture,2,1,1,1,1
202000013435,2020-09-13 09:55:00,2020,9,13,9,55,26,26059,Route de l'Echarasson,44.9721,5.327103,Plein jour,Hors agglomération,Hors intersection,Normale,Autre collision,4,2,2,0,2,3,8,0,3,80,1,2,0,0,2,0,37.0,,voiture,,1,1,1,1,6
202000013436,2020-09-12 10:35:00,2020,9,12,10,35,07,07042,Intermarché (Carburant),44.382379,4.641665,Plein jour,En agglomération,Autre intersection,Normale,Deux véhicules - côté,6,-1,-1,0,1,1,1,0,1,30,2,2,1,0,0,1,58.0,53.0,deux_roues,voiture,1,2,9,1,3
202000013437,2020-09-13 20:53:00,2020,9,13,20,53,17,17100,D24,45.686945,-0.432157,Nuit sans éclairage public,Hors agglomération,Hors intersection,Normale,Deux véhicules - côté,3,2,2,0,1,1,1,0,1,80,2,2,0,0,1,1,20.0,24.0,voiture,deux_roues,3,1,1,1,3
202000013438,2020-09-12 08:20:00,2020,9,12,8,20,29,29179,6 Lieu-dit Kerfelgar,48.5198853,-4.3092629,Crépuscule ou aube,Hors agglomération,Hors intersection,Normale,Autre collision,3,2,2,0,1,2,1,0,3,70,1,1,0,1,0,0,42.0,,deux_roues,,2,1,1,1,6
202000013439,2020-09-14 12:40:00,2020,9,14,12,40,80,80002,A1,49.835099,2.829159,Plein jour,Hors agglomération,Hors intersection,Normale,Deux véhicules - arrière,1,1,3,0,1,1,1,0,2,130,2,2,1,0,1,0,46.0,24.0,utilitaire_camion,utilitaire_camion,1,1,1,1,2
202000013440,2020-09-14 08:45:00,2020,9,14,8,45,80,80186,A1,49.806363,2.815075,Plein jour,Hors agglomération,Hors intersection,Normale,Deux véhicules - arrière,1,3,3,0,1,1,1,0,1,130,2,4,3,0,0,1,42.0,24.0,utilitaire_camion,voiture,1,1,1,1,2
202000013441,2020-09-13 18:45:00,2020,9,13,18,45,13,13215,A7-Sens Lyon vers Marseille,43.3629105,5.3608507,Plein jour,Hors agglomération,Hors intersection,Normale,Deux véhicules - côté,1,1,3,0,1,1,1,0,1,90,2,3,2,0,0,1,34.0,25.0,deux_roues,voiture,1,1,1,1,3
202000013442,2020-09-13 18:20:00,2020,9,13,18,20,13,13215,A7-Sens Lyon vers Marseille,43.359655,5.361986,Plein jour,Hors agglomération,Hors intersection,Normale,Deux véhicules - arrière,1,1,3,0,1,1,1,0,1,90,2,2,1,0,0,1,70.0,21.0,voiture,voiture,1,1,1,1,2
202000013443,2020-02-12 21:15:00,2020,2,12,21,15,13,13215,A7-Sens Lyon vers Marseille,43.36412,5.36108,Nuit sans éclairage public,Hors agglomération,Hors intersection,Normale,Deux véhicules - côté,1,1,3,0,1,1,1,0,1,90,2,2,1,0,0,1,54.0,26.0,transport_commun,voiture,3,1,1,1,3
202000013444,2020-09-12 19:50:00,2020,9,12,19,50,13,13214,A7-Sens Lyon vers Marseille,43.3303,5.3777,Crépuscule ou aube,Hors agglomération,Hors intersection,Normale,Autre collision,1,1,3,0,1,1,1,0,3,90,1,2,0,0,0,2,29.0,,voiture,,2,1,1,1,6
202000013445,2020-09-11 17:00:00,2020,9,11,17,0,13,13106,A7-Sens Lyon vers Marseille,43.39419,5.35095,Plein jour,Hors agglomération,Hors intersection,Normale,Deux véhicules - arrière,1,1,4,0,1,1,1,0,1,90,2,2,1,0,0,1,31.0,60.0,voiture,voiture,1,1,1,1,2
202000013446,2020-09-13 18:20:00,2020,9,13,18,20,91,91659,AUTOROUTE A6,48.59178,2.44516,Plein jour,Hors agglomération,Hors intersection,Normale,Trois véhicules et plus - collisions multiples,1,3,6,0,1,1,1,0,1,110,3,4,2,0,0,2,30.0,61.0,voiture,deux_roues,1,1,1,1,5
202000013447,2020-09-13 03:00:00,2020,9,13,3,0,91,91659,AUTOROUTE A6,48.58919,2.44794,Nuit sans éclairage public,Hors agglomération,Hors intersection,Normale,Deux véhicules - arrière,1,1,3,0,1,1,1,0,1,110,2,2,1,0,1,0,37.0,49.0,voiture,voiture,3,1,1,1,2
202000013448,2020-09-13 15:40:00,2020,9,13,15,40,92,92036,A86,48.9360068,2.2884313,Plein jour,Hors agglomération,Hors intersection,Normale,Deux véhicules - arrière,1,3,6,0,1,1,1,0,1,90,2,3,2,0,0,1,29.0,22.0,voiture,voiture,1,1,1,1,2
202000013449,2020-09-13 00:30:00,2020,9,13,0,30,78,78297,RN12,48.78775,2.06558,Nuit sans éclairage public,Hors agglomération,Hors intersection,Normale,Autre collision,2,3,4,0,1,2,1,0,1,110,1,2,1,0,1,0,26.0,,voiture,,3,1,1,1,6
202000013450,2020-09-12 16:49:00,2020,9,12,16,49,78,78073,N12Y,48.798698,2.00284,Plein jour,Hors agglomération,Hors intersection,Normale,Deux véhicules - arrière,2,1,1,0,1,1,1,3,1,50,2,3,1,0,0,2,40.0,42.0,voiture,voiture,1,1,1,1,2
202000013451,2020-09-13 18:10:00,2020,9,13,18,10,93,93008,AUTOROUTE A86,48.90859,2.45033,Plein jour,Hors agglomération,Hors intersection,Normale,,1,3,8,0,1,1,1,1,1,90,2,2,0,0,0,2,29.0,,deux_roues,,1,1,1,1,-1
202000013452,2020-09-13 16:00:00,2020,9,13,16,0,93,93053,AUTOROUTE A3,48.89504,2.47121,Plein jour,Hors agglomération,Hors intersection,Normale,Deux véhicules - arrière,1,3,8,0,1,1,1,0,1,70,2,2,1,0,1,0,24.0,47.0,deux_roues,voiture,1,1,1,1,2
202000013453,2020-09-13 15:50:00,2020,9,13,15,50,93,93066,AUTOROUTE A1,48.91936,2.35753,Plein jour,Hors agglomération,Hors intersection,Normale,Trois véhicules et plus - en chaîne,1,3,8,0,1,1,1,0,1,90,3,4,3,0,0,1,36.0,51.0,voiture,voiture,1,1,1,1,4
202000013454,2020-09-13 13:35:00,2020,9,13,13,35,93,93007,AUTOROUTE A1,48.95493,2.45731,Plein jour,Hors agglomération,Hors intersection,Normale,Deux véhicules - arrière,1,3,9,0,1,1,1,0,1,110,2,2,1,0,0,1,39.0,22.0,deux_roues,voiture,1,1,1,1,2
202000013455,2020-09-13 08:30:00,2020,9,13,8,30,93,93053,AUTOROUTE A3,48.88381,2.46674,Plein jour,Hors agglomération,Hors intersection,Normale,Autre collision,1,3,9,0,1,1,1,0,1,90,1,1,0,0,0,1,37.0,,voiture,,1,1,1,1,6
202000013456,2020-09-13 09:10:00,2020,9,13,9,10,95,95212,A1,49.02593,2.53647,Plein jour,Hors agglomération,Hors intersection,Normale,Deux véhicules - arrière,1,3,9,0,1,1,1,0,1,110,2,5,1,0,0,4,48.0,29.0,voiture,voiture,1,1,1,1,2
202000013457,2020-09-12 21:00:00,2020,9,12,21,0,93,93039,AUTOROUTE A86,48.92747,2.33354,Nuit sans éclairage public,Hors agglomération,Hors intersection,Normale,Trois véhicules et plus - collisions multiples,1,3,8,0,1,1,1,2,1,70,3,3,2,0,0,1,24.0,41.0,utilitaire_camion,deux_roues,3,1,1,1,5
202000013458,2020-09-13 17:35:00,2020,9,13,17,35,94,94044,RN406.Y,48.7635558,2.4647593,Plein jour,Hors agglomération,Hors intersection,Normale,Autre collision,2,-1,2,0,1,2,1,0,1,70,1,1,0,0,0,1,20.0,,deux_roues,,1,1,1,1,6
202000013459,2020-09-13 12:20:00,2020,9,13,12,20,94,94069,A4,48.8173718,2.4349508,Plein jour,Hors agglomération,Hors intersection,Normale,Deux véhicules - arrière,1,3,8,0,1,1,1,0,1,90,2,2,1,0,0,1,41.0,40.0,voiture,deux_roues,1,1,1,1,2
202000013460,2020-09-13 09:25:00,2020,9,13,9,25,94,94046,A86 EXT,48.805206,2.4488296,Plein jour,Hors agglomération,Hors intersection,Normale,Deux véhicules - arrière,1,1,4,0,1,1,1,0,1,90,2,4,0,0,0,4,29.0,32.0,voiture,voiture,1,1,1,1,2
202000013461,2020-09-12 20:30:00,2020,9,12,20,30,94,94046,A86 EXT,48.8118278,2.4491292,Nuit sans éclairage public,Hors agglomération,Hors intersection,Normale,Deux véhicules - arrière,1,-1,4,0,1,1,1,0,1,90,2,2,1,0,0,1,55.0,28.0,voiture,deux_roues,3,1,1,1,2
202000013462,2020-09-12 20:15:00,2020,9,12,20,15,94,94017,A86.INT,48.8297175,2.4830468,Nuit sans éclairage public,Hors agglomération,Hors intersection,Normale,Trois véhicules et plus - en chaîne,1,1,3,0,1,1,1,0,1,90,3,4,3,0,0,1,31.0,21.0,voiture,deux_roues,3,1,1,1,4
202000013463,2020-09-12 21:10:00,2020,9,12,21,10,974,97416,ANCIENNE RN 1,-21.32225,55.44484,Nuit sans éclairage public,Hors agglomération,Hors intersection,Normale,Autre collision,4,2,2,0,2,1,1,0,1,90,1,1,0,0,0,1,,,,,3,1,1,1,6
202000013464,2020-09-12 16:25:00,2020,9,12,16,25,974,97409,Chemin Lagourgue,-20.944231,55.66692,Plein jour,En agglomération,Hors intersection,Normale,Deux véhicules - arrière,4,2,2,0,1,1,1,0,1,50,2,3,2,0,0,1,28.0,33.0,deux_roues,voiture,1,2,1,1,2
202000013465,2020-09-12 09:15:00,2020,9,12,9,15,973,97302,ZEPHIR (ROCADE),4.9375613,-52.3067159,Plein jour,En agglomération,Hors intersection,Normale,Sans collision,3,2,2,0,1,1,1,0,4,50,1,1,0,0,1,0,28.0,,deux_roues,,1,2,1,1,7
202000013466,2020-09-11 21:46:00,2020,9,11,21,46,973,97302,ROUTE NATIONALE 3,4.9052289,-52.3198128,Nuit avec éclairage non allumé,Hors agglomération,Hors intersection,Normale,,3,2,1,0,1,1,1,0,1,50,2,2,1,0,0,1,42.0,18.0,voiture,deux_roues,4,1,1,1,-1
202000013467,2020-09-12 22:52:00,2020,9,12,22,52,69,69383,DOCTEUR LONG (DU)                   (CO),45.751,4.8891,Nuit avec éclairage allumé,En agglomération,Intersection en T,Normale,Deux véhicules - côté,4,-1,1,0,1,1,1,0,1,50,2,3,0,0,0,3,21.0,21.0,voiture,voiture,5,2,3,1,3
202000013468,2020-09-12 09:10:00,2020,9,12,9,10,69,69386,BROTTEAUX (DES)                     (BD),45.7691421,4.8570241,Plein jour,En agglomération,Intersection en X,Normale,Deux véhicules - frontale,4,1,4,2,1,1,1,0,1,50,2,2,1,0,0,1,55.0,51.0,voiture,deux_roues,1,2,2,1,1
202000013469,2020-09-12 05:10:00,2020,9,12,5,10,69,69383,VICTOR AUGAGNEUR                    (QU),45.7615124,4.841193,Nuit avec éclairage non allumé,En agglomération,Hors intersection,Normale,Autre collision,4,2,1,3,2,1,1,0,6,30,1,1,0,0,0,1,,,,,4,2,1,1,6
202000013470,2020-09-11 07:50:00,2020,9,11,7,50,69,69388,ST MAURICE                          (R ),45.74189,4.86694,Plein jour,En agglomération,Intersection en X,Normale,Deux véhicules - côté,4,1,2,0,1,1,1,0,1,50,2,2,1,0,0,1,60.0,44.0,voiture,voiture,1,2,2,1,3
202000013471,2020-09-12 04:00:00,2020,9,12,4,0,972,97209,CASE (RUE DE LA),14.60818,-61.06127,Nuit avec éclairage allumé,En agglomération,Hors intersection,Normale,Autre collision,4,2,2,0,3,3,1,0,1,50,1,1,0,0,0,1,31.0,,deux_roues,,5,2,1,1,6
202000013472,2020-09-12 18:25:00,2020,9,12,18,25,69,69034,MARGNOLLES (DE)                     (R ),45.78878,4.84477,Plein jour,En agglomération,Hors intersection,Normale,Deux véhicules - côté,4,2,2,0,1,1,1,0,1,50,2,2,1,0,0,1,40.0,7.0,voiture,deux_roues,1,2,1,1,3
202000013473,2020-09-10 11:30:00,2020,9,10,11,30,95,95680,REPUBLIQUE (RUE DE LA),49.0015728,2.3847218,Plein jour,En agglomération,Intersection en X,Normale,Autre collision,3,2,2,0,1,1,1,0,1,15,1,1,0,0,0,1,,,,,1,2,2,1,6
202000013474,2020-09-11 20:10:00,2020,9,11,20,10,91,91027,DIX HUIT AVRIL (AVENUE DU),48.702439,2.387869,Crépuscule ou aube,En agglomération,Intersection en T,Normale,Sans collision,3,2,2,0,1,1,1,0,1,50,1,1,0,0,0,1,21.0,,deux_roues,,2,2,3,1,7
202000013475,2020-09-12 09:20:00,2020,9,12,9,20,82,82121,ITALIE (AVENUE D'),43.9824539,1.3308665,Plein jour,En agglomération,Giratoire,Normale,Deux véhicules - côté,3,3,2,0,2,3,1,0,1,50,2,2,1,0,1,0,60.0,60.0,deux_roues,utilitaire_camion,1,2,6,1,3
202000013476,2020-06-16 09:30:00,2020,6,16,9,30,73,73089,A43,45.5325101,6.1254528,Plein jour,Hors agglomération,Hors intersection,Normale,Autre collision,1,3,4,0,1,1,1,0,3,130,1,1,0,0,1,0,25.0,,voiture,,1,1,1,1,6
202000013477,2020-06-15 07:04:00,2020,6,15,7,4,01,01067,A40,46.127401,5.501415,Plein jour,Hors agglomération,Hors intersection,Normale,Deux véhicules - arrière,1,2,4,0,1,1,1,0,1,110,2,6,1,0,0,5,38.0,35.0,voiture,utilitaire_camion,1,1,1,1,2
202000013478,2020-06-15 04:47:00,2020,6,15,4,47,86,86116,Autoroute A10,46.48096,0.066905,Nuit sans éclairage public,Hors agglomération,Hors intersection,Pluie forte,Autre collision,1,3,4,0,1,1,2,0,2,130,1,1,0,0,1,0,25.0,,voiture,,3,1,1,3,6
202000013479,2020-06-16 20:45:00,2020,6,16,20,45,971,97103,N1,16.254055,-61.57153,Nuit avec éclairage allumé,Hors agglomération,Hors intersection,Pluie légère,Trois véhicules et plus - en chaîne,2,3,4,0,1,1,2,0,1,90,3,3,2,1,0,0,28.0,65.0,deux_roues,voiture,5,1,1,2,4
202000013480,2020-06-16 17:00:00,2020,6,16,17,0,45,45316,rd2060 - pk 58+300,47.947042,2.368498,Plein jour,Hors agglomération,Hors intersection,Normale,Deux véhicules - arrière,3,2,2,0,1,1,1,0,8,80,2,2,1,1,0,0,40.0,32.0,deux_roues,utilitaire_camion,1,1,1,1,2
202000013481,2020-05-24 19:00:00,2020,5,24,19,0,95,95651,30 Avenue des Millonets,49.063913,1.709683,Plein jour,En agglomération,Hors intersection,Normale,Deux véhicules - arrière,3,2,2,0,1,1,1,0,1,30,2,2,1,0,1,0,55.0,36.0,deux_roues,deux_roues,1,2,1,1,2
202000013482,2020-06-12 13:20:00,2020,6,12,13,20,57,57507,D73,49.158046,6.559063,Plein jour,Hors agglomération,Intersection en X,Normale,Trois véhicules et plus - collisions multiples,3,2,2,0,1,1,1,5,1,80,3,4,1,0,0,3,65.0,57.0,voiture,voiture,1,1,2,1,5
202000013483,2020-06-14 14:20:00,2020,6,14,14,20,73,73178,D911,45.694497,6.127281,Plein jour,Hors agglomération,Hors intersection,Normale,Deux véhicules - côté,3,2,2,0,2,1,1,0,1,80,2,2,1,0,0,1,22.0,19.0,deux_roues,voiture,1,1,1,1,3
202000013484,2020-06-17 09:30:00,2020,6,17,9,30,73,73329,Rue de la Francon/ D1504,45.6163252,5.8846138,Plein jour,Hors agglomération,Giratoire,Pluie légère,Deux véhicules - côté,3,1,2,0,1,2,2,5,1,70,2,2,1,0,0,1,71.0,56.0,voiture,deux_roues,1,1,6,2,3
202000013485,2020-06-16 16:50:00,2020,6,16,16,50,09,09236,Sentier de Lassalle a Beziou,42.932327,1.618209,Plein jour,Hors agglomération,Hors intersection,Pluie légère,Deux véhicules - frontale,3,2,2,0,1,1,2,0,1,80,2,5,0,0,1,4,38.0,19.0,voiture,voiture,1,1,1,2,1
202000013486,2020-05-18 11:00:00,2020,5,18,11,0,60,60009,RN31,49.400411,2.130983,Plein jour,Hors agglomération,Giratoire,Normale,Deux véhicules - arrière,2,1,1,0,1,1,1,0,1,70,2,2,1,0,0,1,24.0,59.0,voiture,transport_commun,1,1,6,1,2
202000013487,2020-06-15 19:45:00,2020,6,15,19,45,13,13055,A507 sens Marseille - Aubagne,43.32984,5.4067,Plein jour,Hors agglomération,Hors intersection,Normale,Trois véhicules et plus - en chaîne,1,1,3,0,2,1,1,3,1,70,3,4,2,0,0,2,21.0,22.0,voiture,voiture,1,1,1,1,4
202000013488,2020-06-15 16:25:00,2020,6,15,16,25,13,13215,A7-Sens Marseille vers Lyon,43.3493,5.3697,Plein jour,Hors agglomération,Hors intersection,Normale,Trois véhicules et plus - en chaîne,1,1,3,0,2,1,1,0,1,70,3,3,2,0,0,1,38.0,26.0,voiture,voiture,1,1,1,1,4
202000013489,2020-06-15 13:35:00,2020,6,15,13,35,13,13028,A50-Sens Toulon vers Aubagne,43.208406,5.585475,Plein jour,Hors agglomération,Hors intersection,Normale,Deux véhicules - arrière,1,1,3,0,1,1,1,0,1,110,2,2,1,0,0,1,60.0,21.0,voiture,voiture,1,1,1,1,2
202000013490,2020-02-21 10:00:00,2020,2,21,10,0,69,69297,A46S   61.220 A 62.000,45.5895,4.80642,Plein jour,Hors agglomération,Hors intersection,Normale,Deux véhicules - côté,1,1,3,0,2,1,1,3,1,110,2,2,1,0,0,1,46.0,57.0,voiture,utilitaire_camion,1,1,1,1,3
202000013491,2020-06-16 16:10:00,2020,6,16,16,10,33,33013,ROUTE NATIONALE 230,44.85283,-0.50509,Plein jour,Hors agglomération,Hors intersection,Normale,Deux véhicules - côté,2,3,3,0,1,1,1,0,1,90,2,2,1,0,0,1,74.0,59.0,voiture,utilitaire_camion,1,1,1,1,3
202000013492,2020-06-16 08:33:00,2020,6,16,8,33,91,91589,AUTOROUTE A6,48.682,2.3301,Plein jour,Hors agglomération,Hors intersection,Normale,Trois véhicules et plus - collisions multiples,1,3,6,0,2,1,1,0,1,110,3,3,2,0,0,1,56.0,60.0,voiture,voiture,1,1,1,1,5
202000013493,2020-06-15 21:55:00,2020,6,15,21,55,91,91689,AUTOROUTE A6,48.73232,2.31565,Crépuscule ou aube,Hors agglomération,Hors intersection,Normale,Deux véhicules - côté,1,3,6,0,1,1,1,0,2,110,2,2,1,0,0,1,36.0,28.0,voiture,voiture,2,1,1,1,3