accident_id,datetime,annee,mois,jour,heure,minute,departement,commune_insee,adresse,latitude,longitude,luminosite,agglomeration,intersection,meteo,collision,catr,circ,nbv,vosp,prof,plan,surf,infra,situ,vma,nb_vehicules,nb_usagers,nb_indemnes,nb_tues,nb_blesses_hosp,nb_blesses_legers,age_cond_1,age_cond_2,veh_type_cond_1,veh_type_cond_2,lum_code,agg_code,int_code,atm_code,col_code
202000013770,2020-08-14 19:05:00,2020,8,14,19,5,25,25462,BAUMONT,46.8974,6.34686,Plein jour,En agglomération,Intersection en T,Normale,Deux véhicules - côté,4,2,2,0,1,1,1,5,1,50,2,2,1,0,0,1,19.0,24.0,voiture,voiture,1,2,3,1,3
202000013771,2020-08-06 12:35:00,2020,8,6,12,35,22,22278,RAHUEL (DOCTEUR),48.50642,-2.74778,Plein jour,En agglomération,Intersection en T,Normale,Deux véhicules - arrière,4,2,2,2,1,1,1,0,1,50,2,2,1,0,0,1,22.0,48.0,voiture,voiture,1,2,3,1,2
202000013772,2020-08-13 18:28:00,2020,8,13,18,28,17,17300,PRUNIER   QUAI LOUIS,46.15306,-1.15,Plein jour,En agglomération,Hors intersection,Pluie légère,,4,2,1,3,1,1,2,9,1,30,2,2,1,0,0,1,26.0,58.0,deux_roues,deux_roues,1,2,1,2,-1
202000013773,2020-08-14 09:45:00,2020,8,14,9,45,15,15012,CABRIERES (ROUTE DE),44.87711,2.4065,Plein jour,Hors agglomération,Hors intersection,Normale,Autre collision,3,2,2,0,2,4,2,0,3,90,1,2,1,0,0,1,20.0,,voiture,,1,1,1,1,6
202000013774,2020-08-14 21:10:00,2020,8,14,21,10,13,13213,OLIVES (AVENUE DES),43.3260265,5.4398717,Nuit avec éclairage allumé,En agglomération,Hors intersection,Normale,Deux véhicules - côté,3,2,2,0,1,1,1,0,1,50,2,2,1,0,0,1,60.0,40.0,voiture,deux_roues,5,2,1,1,3
202000013775,2020-08-14 13:30:00,2020,8,14,13,30,13,13210,MAURIAC (RUE),43.274,5.4191,Plein jour,En agglomération,Hors intersection,Normale,Deux véhicules - arrière,4,-1,2,0,2,1,1,0,1,50,2,1,0,0,0,1,28.0,,deux_roues,,1,2,1,1,2
202000013776,2020-08-14 10:55:00,2020,8,14,10,55,13,13210,TOULON (AVENUE DE),43.283422,5.397137,Plein jour,En agglomération,Hors intersection,Normale,Deux véhicules - arrière,4,2,2,0,4,3,1,0,1,50,2,2,1,0,0,1,43.0,40.0,voiture,deux_roues,1,2,1,1,2
202000013777,2020-08-13 09:45:00,2020,8,13,9,45,13,13063,PERONNE CHEMIN DE LA,43.5833,4.9949,Plein jour,En agglomération,Hors intersection,Normale,Deux véhicules - frontale,4,2,0,0,1,1,1,0,8,50,2,2,0,0,2,0,58.0,49.0,voiture,voiture,1,2,1,1,1
202000013778,2020-08-14 12:45:00,2020,8,14,12,45,13,13001,MOULIN JEAN  (AV),43.537903,5.457146,Plein jour,En agglomération,Hors intersection,Normale,Autre collision,4,2,2,0,2,1,1,0,1,50,1,2,0,0,1,1,39.0,,deux_roues,,1,2,1,1,6
202000013779,2020-08-12 14:25:00,2020,8,12,14,25,11,11262,RUE DEMOGE,43.17909,3.03138,Plein jour,En agglomération,Intersection en X,Normale,Deux véhicules - côté,4,2,2,0,1,1,1,0,1,50,2,2,1,0,0,1,15.0,27.0,deux_roues,voiture,1,2,2,1,3
202000013780,2020-08-11 10:40:00,2020,8,11,10,40,11,11262,PERPIGNAN (RUE DE L'ANCIENNE PORTE),43.1496,2.9783,Plein jour,En agglomération,Hors intersection,Normale,Trois véhicules et plus - en chaîne,4,2,2,0,1,1,1,0,1,50,3,4,3,0,0,1,61.0,57.0,voiture,voiture,1,2,1,1,4
202000013781,2020-08-14 15:50:00,2020,8,14,15,50,06,06159,MARECHAL FOCH (AVENUE),43.70145,7.30663,Plein jour,En agglomération,Intersection en T,Normale,Deux véhicules - frontale,4,2,2,0,1,1,1,0,1,50,2,2,1,0,0,1,28.0,15.0,deux_roues,deux_roues,1,2,3,1,1
202000013782,2020-08-14 15:00:00,2020,8,14,15,0,06,06069,LECLERC (BOULEVARD DU MARECHAL),43.65058,6.92138,Plein jour,En agglomération,Hors intersection,Normale,Deux véhicules - côté,3,2,2,0,1,1,1,0,1,50,2,2,1,0,0,1,16.0,47.0,deux_roues,voiture,1,2,1,1,3
202000013783,2020-08-14 17:40:00,2020,8,14,17,40,06,06027,STATION AVENUE DE LA,43.659906,7.16728,Plein jour,En agglomération,Hors intersection,Normale,Autre collision,4,2,1,0,2,1,1,0,1,50,1,2,1,0,0,1,23.0,,utilitaire_camion,,1,2,1,1,6
202000013784,2020-08-13 15:40:00,2020,8,13,15,40,06,06123,CURIE PIERRE ET MARIE AVENUE,43.695,7.184672,Plein jour,Hors agglomération,Hors intersection,Normale,Deux véhicules - arrière,4,2,2,0,1,1,1,0,1,50,2,2,1,0,0,1,19.0,71.0,deux_roues,voiture,1,1,1,1,2
202000013785,2020-08-11 12:14:00,2020,8,11,12,14,03,03185,Avenue des Guineberts,46.3369355,2.5873597,Plein jour,En agglomération,Autre intersection,Normale,Autre collision,4,3,2,0,1,1,1,9,1,50,1,2,1,0,1,0,27.0,,voiture,,1,2,9,1,6
202000013786,2020-08-14 14:15:00,2020,8,14,14,15,75,75113,RUE DE TOLBIAC,48.825937,2.34518,Plein jour,En agglomération,Intersection en X,Normale,Deux véhicules - côté,4,2,4,0,1,1,1,0,1,50,2,2,1,0,1,0,54.0,59.0,voiture,deux_roues,1,2,2,1,3
202000013787,2020-08-13 19:10:00,2020,8,13,19,10,75,75120,BOULEVARD MORTIER,48.867312,2.408847,Plein jour,En agglomération,Hors intersection,Normale,Trois véhicules et plus - en chaîne,4,3,2,0,2,1,1,0,1,50,3,8,6,0,0,2,26.0,63.0,deux_roues,voiture,1,2,1,1,4
202000013788,2020-08-14 19:50:00,2020,8,14,19,50,75,75106,RUE DE VAUGIRARD,48.845096,2.320115,Plein jour,En agglomération,Intersection à plus de 4 branches,Normale,Deux véhicules - côté,4,1,1,0,1,1,1,0,1,50,2,2,1,0,0,1,56.0,25.0,utilitaire_camion,deux_roues,1,2,5,1,3
202000013789,2020-08-14 18:00:00,2020,8,14,18,0,75,75120,BOULEVARD DAVOUT,48.862339,2.408938,Plein jour,En agglomération,Hors intersection,Pluie légère,Deux véhicules - arrière,4,3,2,0,1,1,2,0,1,50,2,2,1,0,0,1,75.0,73.0,utilitaire_camion,voiture,1,2,1,2,2
202000013790,2020-08-14 10:20:00,2020,8,14,10,20,75,75119,RUE DE CRIMEE,48.878419,2.390823,Plein jour,En agglomération,Hors intersection,Normale,Deux véhicules - côté,4,2,2,0,2,1,1,0,1,50,2,2,1,0,0,1,75.0,54.0,voiture,utilitaire_camion,1,2,1,1,3
202000013791,2020-08-13 11:10:00,2020,8,13,11,10,75,75116,AVENUE VICTOR HUGO,48.872972,2.293131,Plein jour,En agglomération,Intersection en X,Normale,Sans collision,4,2,2,0,1,1,1,0,1,50,1,1,0,0,0,1,25.0,,deux_roues,,1,2,2,1,7
202000013792,2020-08-12 23:00:00,2020,8,12,23,0,75,75113,RUE BRUNESEAU,48.824416,2.384538,Nuit avec éclairage non allumé,En agglomération,Intersection en Y,Normale,Deux véhicules - arrière,4,1,2,0,2,2,1,0,1,50,2,3,2,0,0,1,20.0,48.0,voiture,voiture,4,2,4,1,2
202000013793,2020-08-12 20:10:00,2020,8,12,20,10,75,75115,RUE CAMBRONNE,48.845376,2.302069,Plein jour,En agglomération,Intersection en T,Temps couvert,Deux véhicules - arrière,4,2,2,0,1,1,1,5,1,50,2,2,1,0,0,1,48.0,20.0,voiture,deux_roues,1,2,3,8,2
202000013794,2020-08-14 17:35:00,2020,8,14,17,35,75,75113,BOULEVARD MASSENA,48.822757,2.37311,Plein jour,En agglomération,Intersection en Y,Temps couvert,Deux véhicules - côté,4,3,2,0,2,1,1,0,1,50,2,3,1,0,0,2,21.0,21.0,voiture,deux_roues,1,2,4,8,3
202000013795,2020-08-13 08:15:00,2020,8,13,8,15,75,75112,QUAI DE BERCY,48.834281,2.381773,Plein jour,En agglomération,Hors intersection,Normale,Trois véhicules et plus - en chaîne,4,2,6,0,2,1,1,0,1,50,3,3,2,0,0,1,45.0,21.0,voiture,utilitaire_camion,1,2,1,1,4
202000013796,2020-08-14 09:45:00,2020,8,14,9,45,75,75110,RUE DU HUIT MAI 1945,48.876158,2.358313,Plein jour,En agglomération,Intersection en T,Normale,Deux véhicules - côté,4,2,4,1,1,1,1,-1,5,30,2,2,1,0,0,1,75.0,29.0,voiture,deux_roues,1,2,3,1,3
202000013797,2020-08-13 13:20:00,2020,8,13,13,20,75,75110,RUE DU FAUBOURG SAINT MARTIN,48.878861,2.362302,Plein jour,En agglomération,Intersection en Y,Normale,Deux véhicules - côté,4,2,3,0,1,1,1,0,1,50,2,2,1,0,0,1,20.0,26.0,deux_roues,transport_commun,1,2,4,1,3
202000013798,2020-08-14 18:20:00,2020,8,14,18,20,75,75107,RUE DUROC,48.84769,2.313352,Plein jour,En agglomération,Intersection en X,Normale,Deux véhicules - côté,4,2,2,0,1,1,1,0,1,50,2,3,1,0,0,2,79.0,27.0,voiture,deux_roues,1,2,2,1,3
202000013799,2020-08-14 13:10:00,2020,8,14,13,10,75,75104,RUE SAINT ANTOINE,48.853384,2.367649,Plein jour,En agglomération,Intersection en T,Normale,Sans collision,4,2,4,1,2,1,1,-1,5,50,1,1,0,0,0,1,38.0,,deux_roues,,1,2,3,1,7
202000013800,2020-08-13 19:30:00,2020,8,13,19,30,94,94076,MAXIME GORKI (BD),48.79636,2.36793,Plein jour,En agglomération,Hors intersection,Normale,Deux véhicules - arrière,3,2,1,0,1,1,1,0,1,50,2,2,1,0,0,1,69.0,24.0,voiture,deux_roues,1,2,1,1,2
202000013801,2020-08-13 21:40:00,2020,8,13,21,40,94,94018,PARIS (R DE),48.825897,2.406913,Nuit avec éclairage allumé,En agglomération,Intersection en X,Pluie légère,Deux véhicules - côté,3,4,2,1,1,1,2,5,1,30,2,2,1,0,0,1,34.0,26.0,voiture,deux_roues,5,2,2,2,3
202000013802,2020-08-13 14:34:00,2020,8,13,14,34,94,94071,GAMBETTA (R),48.77804,2.515,Plein jour,En agglomération,Hors intersection,Normale,Sans collision,4,2,1,0,1,1,1,0,1,50,1,1,0,0,0,1,22.0,,deux_roues,,1,2,1,1,7
202000013803,2020-08-14 15:30:00,2020,8,14,15,30,93,93066,GORKI MAXIME,48.94333,2.38719,Plein jour,En agglomération,Autre intersection,Normale,Deux véhicules - côté,3,3,0,0,1,1,1,0,1,50,2,2,1,0,0,1,26.0,41.0,voiture,deux_roues,1,2,9,1,3
202000013804,2020-08-14 01:00:00,2020,8,14,1,0,93,93077,RAINCY (AVENUE DU),48.888154,2.510075,Nuit avec éclairage allumé,En agglomération,Intersection en T,Pluie légère,Deux véhicules - arrière,4,-1,1,0,1,1,2,0,1,50,2,1,0,0,0,1,25.0,,deux_roues,,5,2,3,2,2
202000013805,2020-08-14 17:30:00,2020,8,14,17,30,93,93053,ROSNY (AVENUE DE) N° 53 A 243,48.90384,2.47055,Plein jour,En agglomération,Intersection en X,Normale,Deux véhicules - côté,3,2,2,0,1,1,1,0,1,50,2,2,1,0,0,1,35.0,53.0,voiture,voiture,1,2,2,1,3
202000013806,2020-08-13 08:20:00,2020,8,13,8,20,93,93063,AV DE VERDUN,48.88291,2.4357,Plein jour,En agglomération,Hors intersection,Normale,Deux véhicules - arrière,4,1,1,0,1,1,1,0,1,20,2,2,1,0,0,1,39.0,54.0,deux_roues,voiture,1,2,1,1,2
202000013807,2020-08-14 19:30:00,2020,8,14,19,30,93,93066,"""STALINGRAD (AVENUE), NR 88 A 114 BIS""",48.9472224,2.3729497,Plein jour,En agglomération,Hors intersection,Normale,Deux véhicules - côté,3,2,4,0,1,1,1,0,1,50,2,3,2,0,0,1,21.0,23.0,voiture,deux_roues,1,2,1,1,3
202000013808,2020-08-14 21:00:00,2020,8,14,21,0,93,93010,VARAGNAT (AVENUE HENRI),48.9121468,2.4813995,Nuit avec éclairage allumé,En agglomération,Intersection en X,Normale,Deux véhicules - côté,3,2,3,0,1,1,1,0,1,50,2,2,0,0,0,2,25.0,24.0,voiture,voiture,5,2,2,1,3
202000013809,2020-08-14 16:15:00,2020,8,14,16,15,93,93010,GUESDES (RUE JULES),48.9035779,2.477487,Plein jour,En agglomération,Hors intersection,Normale,Autre collision,3,3,3,0,1,1,1,0,1,50,1,3,2,0,1,0,41.0,,voiture,,1,2,1,1,6
202000013810,2020-08-14 15:43:00,2020,8,14,15,43,93,93001,VICTOR HUGO (AVE)  => N° 129,48.9093141,2.3783164,Plein jour,En agglomération,Hors intersection,Normale,Autre collision,3,2,1,0,1,1,1,0,4,50,1,2,1,0,0,1,43.0,,utilitaire_camion,,1,2,1,1,6
202000013811,2020-08-14 20:57:00,2020,8,14,20,57,92,92073,PONT DE SURESNES,48.8672486,2.2282076,Plein jour,En agglomération,Hors intersection,Normale,Deux véhicules - arrière,3,-1,6,0,1,1,1,0,1,50,2,2,1,0,0,1,25.0,58.0,utilitaire_camion,deux_roues,1,2,1,1,2
202000013812,2020-08-14 19:55:00,2020,8,14,19,55,92,92051,"CHARLES DE GAULLE (AVENUE,N°118 A 192 +",48.884155,2.26317,Plein jour,En agglomération,Hors intersection,Normale,Autre collision,4,1,0,0,1,1,1,0,1,50,1,1,0,0,0,1,28.0,,deux_roues,,1,2,1,1,6
202000013813,2020-08-13 20:15:00,2020,8,13,20,15,92,92036,JEAN JAURES (RUE) (35/+),48.9276472,2.2948202,Crépuscule ou aube,En agglomération,Hors intersection,Pluie légère,Deux véhicules - arrière,3,2,2,0,1,1,2,0,1,50,2,2,1,0,0,1,16.0,48.0,deux_roues,voiture,2,2,1,2,2
202000013814,2020-08-13 18:40:00,2020,8,13,18,40,92,92004,MOURINOUX ( RUE DES ),48.9305236,2.2752721,Plein jour,En agglomération,Hors intersection,Normale,Deux véhicules - côté,4,1,1,0,1,1,1,0,1,50,2,2,1,0,0,1,23.0,33.0,deux_roues,voiture,1,2,1,1,3
202000013815,2020-08-03 23:15:00,2020,8,3,23,15,95,95313,Rue Louvet,49.10469,2.246382,Nuit sans éclairage public,Hors agglomération,Hors intersection,Normale,Sans collision,3,2,2,0,1,1,1,0,1,70,1,1,0,0,1,0,18.0,,deux_roues,,3,1,1,1,7
202000013816,2020-08-14 16:30:00,2020,8,14,16,30,11,11018,A61,43.219126,2.215987,Plein jour,Hors agglomération,Hors intersection,Normale,Trois véhicules et plus - en chaîne,1,1,2,0,1,1,1,0,1,130,3,6,5,0,0,1,42.0,46.0,voiture,utilitaire_camion,1,1,1,1,4
202000013817,2020-08-14 18:35:00,2020,8,14,18,35,41,41128,D924,47.6743,1.328529,Plein jour,Hors agglomération,Hors intersection,Normale,,3,2,2,0,1,1,1,0,1,90,2,3,0,0,2,1,34.0,21.0,voiture,voiture,1,1,1,1,-1
202000013818,2020-08-12 14:57:00,2020,8,12,14,57,10,10307,D53,48.242907,3.945433,Plein jour,Hors agglomération,Hors intersection,Normale,Sans collision,3,2,2,0,1,1,1,0,1,80,1,2,1,0,1,0,18.0,,deux_roues,,1,1,1,1,7
202000013819,2020-08-15 03:00:00,2020,8,15,3,0,974,97422,75 Chemin Jean Baptiste Huet,-21.283288,55.534909,Nuit avec éclairage non allumé,Hors agglomération,Hors intersection,Pluie légère,Autre collision,4,2,2,0,2,2,1,0,3,80,1,3,1,0,0,2,32.0,,voiture,,4,1,1,2,6
202000013820,2020-08-15 09:10:00,2020,8,15,9,10,29,29189,RN 165,48.383661,-4.365971,Plein jour,Hors agglomération,Hors intersection,Normale,Autre collision,2,3,4,0,2,1,1,0,1,110,1,2,0,0,1,1,32.0,,utilitaire_camion,,1,1,1,1,6
202000013821,2020-08-14 23:30:00,2020,8,14,23,30,974,97414,Rue François de Mahy,-21.29046,55.41328,Nuit avec éclairage allumé,En agglomération,Hors intersection,Normale,Autre collision,2,1,1,0,1,1,1,0,4,50,1,1,0,1,0,0,25.0,,deux_roues,,5,2,1,1,6
202000013822,2020-08-14 10:30:00,2020,8,14,10,30,65,65265,D21 Route du Lac,43.230889,0.186305,Plein jour,Hors agglomération,Hors intersection,Normale,Autre collision,3,2,2,0,1,2,9,0,3,80,1,2,1,0,1,0,18.0,,utilitaire_camion,,1,1,1,1,6
202000013823,2020-08-14 21:30:00,2020,8,14,21,30,44,44193,champ etienne,47.65744,-1.504961,Nuit sans éclairage public,Hors agglomération,Hors intersection,Normale,Deux véhicules - arrière,3,2,2,0,1,1,1,0,1,90,2,2,1,0,0,1,27.0,18.0,voiture,deux_roues,3,1,1,1,2
202000013824,2020-08-11 11:45:00,2020,8,11,11,45,34,34199,A75,43.448744,3.427048,Plein jour,Hors agglomération,Hors intersection,Normale,Autre collision,1,3,4,0,1,3,1,0,1,110,1,1,0,0,0,1,19.0,,voiture,,1,1,1,1,6
202000013825,2020-08-13 06:30:00,2020,8,13,6,30,74,74171,Route départementale 1005,46.320882,6.338296,Crépuscule ou aube,En agglomération,Hors intersection,Normale,Deux véhicules - côté,3,2,2,0,1,1,1,0,1,80,2,2,1,0,0,1,23.0,35.0,deux_roues,voiture,2,2,1,1,3
202000013826,2020-08-14 21:45:00,2020,8,14,21,45,83,83092,Rue des Maisons Neuves,43.301794,6.23288,Crépuscule ou aube,En agglomération,Hors intersection,Normale,Deux véhicules - frontale,3,2,2,0,1,1,1,0,1,50,2,2,0,0,0,2,46.0,41.0,voiture,voiture,2,2,1,1,1
202000013827,2020-08-10 20:15:00,2020,8,10,20,15,56,56136,Le Petit Chêne,47.900491,-2.200828,Plein jour,Hors agglomération,Hors intersection,Normale,Sans collision,3,2,2,0,4,2,1,0,1,80,1,1,0,0,0,1,32.0,,deux_roues,,1,1,1,1,7
202000013828,2020-08-14 23:35:00,2020,8,14,23,35,74,74273,lieu dit le perret,46.059511,6.745525,Nuit sans éclairage public,En agglomération,Hors intersection,Normale,Autre collision,3,2,2,0,1,2,1,0,3,50,1,1,0,0,1,0,24.0,,voiture,,3,2,1,1,6
202000013829,2020-08-15 17:40:00,2020,8,15,17,40,2B,2B049,A Flatta (Hôtel),42.503427,8.871889,Plein jour,Hors agglomération,Hors intersection,Normale,Sans collision,4,-1,2,0,2,2,9,0,8,50,1,6,0,0,0,6,16.0,,voiture,,1,1,1,1,7
202000013830,2020-08-14 09:20:00,2020,8,14,9,20,33,33466,44 Route de l'Entre 2 Mers,44.822296,-0.291272,Plein jour,En agglomération,Hors intersection,Normale,Deux véhicules - côté,3,2,2,0,2,1,1,0,1,50,2,2,1,0,1,0,75.0,52.0,voiture,deux_roues,1,2,1,1,3
202000013831,2020-08-14 17:20:00,2020,8,14,17,20,32,32391,Laliboy,43.995531,0.568317,Plein jour,Hors agglomération,Hors intersection,Normale,Sans collision,4,-1,2,0,3,1,1,0,1,50,1,1,0,0,1,0,55.0,,deux_roues,,1,1,1,1,7
202000013832,2020-08-14 17:15:00,2020,8,14,17,15,89,89420,D1,47.5439169,3.1471109,Plein jour,Hors agglomération,Hors intersection,Normale,Deux véhicules - frontale,3,2,2,0,4,2,1,0,1,80,2,2,1,0,1,0,79.0,64.0,voiture,voiture,1,1,1,1,1
202000013833,2020-08-14 19:30:00,2020,8,14,19,30,55,55400,D153,49.146542,5.728297,Plein jour,Hors agglomération,Hors intersection,Normale,Autre collision,3,2,2,0,2,1,1,0,3,80,1,1,0,0,1,0,49.0,,voiture,,1,1,1,1,6
202000013834,2020-08-15 18:35:00,2020,8,15,18,35,34,34126,D908,43.590944,3.101921,Plein jour,Hors agglomération,Hors intersection,Normale,Deux véhicules - frontale,3,2,2,0,1,2,1,0,1,70,2,7,0,3,0,4,33.0,65.0,voiture,voiture,1,1,1,1,1
202000013835,2020-08-14 19:45:00,2020,8,14,19,45,22,22194,7 Rue de Pont Menou,48.6604659,-3.6322987,Plein jour,En agglomération,Intersection en T,Normale,Deux véhicules - côté,3,2,2,0,1,3,1,0,1,50,2,2,1,0,1,0,22.0,80.0,deux_roues,voiture,1,2,3,1,3
202000013836,2020-08-12 18:05:00,2020,8,12,18,5,44,44079,Rue André Ripoche,47.196121,-1.34663,Plein jour,Hors agglomération,Intersection en X,Normale,Deux véhicules - arrière,3,2,2,0,1,1,1,0,1,-1,2,3,2,0,1,0,22.0,22.0,deux_roues,utilitaire_camion,1,1,2,1,2
202000013837,2020-08-14 22:25:00,2020,8,14,22,25,44,44082,D9,47.412549,-1.372492,Nuit avec éclairage allumé,En agglomération,Giratoire,Normale,Autre collision,3,2,2,0,1,1,1,0,4,50,1,1,0,0,1,0,33.0,,voiture,,5,2,6,1,6
202000013838,2020-08-15 00:40:00,2020,8,15,0,40,35,35023,Tournebride,48.208329,-1.941411,Nuit sans éclairage public,Hors agglomération,Intersection en X,Normale,Deux véhicules - côté,3,2,2,0,1,1,1,5,1,70,2,5,0,0,4,1,32.0,18.0,voiture,voiture,3,1,2,1,3
202000013839,2020-08-15 16:30:00,2020,8,15,16,30,31,31390,Place de l'Orme,43.084346,0.574197,Plein jour,En agglomération,Hors intersection,Normale,Autre collision,3,2,2,0,4,1,2,0,4,30,1,1,0,0,1,0,73.0,,deux_roues,,1,2,1,1,6
202000013840,2020-08-14 22:40:00,2020,8,14,22,40,31,31107,55 Avenue Etienne Prosjean,43.304095,1.229426,Nuit avec éclairage allumé,En agglomération,Hors intersection,Normale,Deux véhicules - côté,3,2,2,0,1,1,1,0,1,50,2,3,2,0,0,1,76.0,21.0,voiture,deux_roues,5,2,1,1,3
202000013841,2020-08-15 17:45:00,2020,8,15,17,45,02,02286,6 Route du Pré Cailloux,49.98262,3.724515,Plein jour,Hors agglomération,Hors intersection,Temps éblouissant,Autre collision,3,2,2,0,1,3,1,0,3,80,1,2,0,0,2,0,35.0,,deux_roues,,1,1,1,7,6
202000013842,2020-08-15 10:00:00,2020,8,15,10,0,01,01100,D1504,45.820411,5.622618,Plein jour,Hors agglomération,Hors intersection,Normale,Autre collision,3,2,2,0,2,2,1,0,3,70,1,1,0,0,0,1,26.0,,deux_roues,,1,1,1,1,6
202000013843,2020-08-14 10:25:00,2020,8,14,10,25,70,70463,RD 173,47.511766,5.85391,Plein jour,Hors agglomération,Hors intersection,Pluie forte,Sans collision,3,2,2,0,1,2,2,0,3,80,1,1,0,0,1,0,86.0,,voiture,,1,1,1,3,7
202000013844,2020-08-14 16:00:00,2020,8,14,16,0,05,05084,intersection RD942/RN94,44.559163,6.220665,Plein jour,Hors agglomération,Intersection en T,Normale,Deux véhicules - côté,2,2,2,0,1,1,1,5,1,80,2,3,2,0,0,1,58.0,40.0,deux_roues,voiture,1,1,3,1,3
202000013845,2020-08-14 19:15:00,2020,8,14,19,15,50,50003,1 Avenue de la Mer,49.043695,-1.596236,Plein jour,En agglomération,Intersection en X,Normale,Deux véhicules - côté,3,2,2,0,1,1,1,0,1,50,2,2,1,0,0,1,15.0,21.0,deux_roues,voiture,1,2,2,1,3
202000013846,2020-08-14 19:15:00,2020,8,14,19,15,50,50297,Place du Pont,49.163993,-1.126926,Plein jour,En agglomération,Hors intersection,Temps couvert,Autre collision,3,2,2,0,1,2,2,0,4,50,1,1,0,0,1,0,68.0,,voiture,,1,2,1,8,6
202000013847,2020-08-14 22:00:00,2020,8,14,22,0,60,60039,45 Rue de Montdidier,49.630509,2.3946631,Nuit sans éclairage public,Hors agglomération,Hors intersection,Normale,Sans collision,3,2,2,0,2,1,2,9,3,-1,1,1,0,0,1,0,42.0,,deux_roues,,3,1,1,1,7
202000013848,2020-08-15 01:00:00,2020,8,15,1,0,04,04172,RD 952,43.831979,6.141864,Nuit sans éclairage public,Hors agglomération,Hors intersection,Normale,Sans collision,3,2,2,0,1,2,1,2,3,80,1,5,4,0,0,1,22.0,,voiture,,3,1,1,1,7
202000013849,2020-08-15 15:20:00,2020,8,15,15,20,85,85018,64 Chemin des Mûres,46.91537,-2.02782,Plein jour,En agglomération,Hors intersection,Normale,Autre collision,4,2,2,0,1,1,1,0,4,50,1,1,0,1,0,0,15.0,,deux_roues,,1,2,1,1,6
202000013850,2020-08-13 09:45:00,2020,8,13,9,45,87,87056,D88,46.247545,1.127944,Plein jour,Hors agglomération,Hors intersection,Temps couvert,Deux véhicules - côté,3,2,2,0,1,3,1,0,1,80,2,2,1,0,1,0,82.0,28.0,utilitaire_camion,utilitaire_camion,1,1,1,8,3
202000013851,2020-08-14 23:10:00,2020,8,14,23,10,77,77295,A5,48.56789,2.75583,Nuit sans éclairage public,Hors agglomération,Hors intersection,Normale,Autre collision,1,3,5,0,1,1,1,0,3,130,1,1,0,1,0,0,28.0,,voiture,,3,1,1,1,6
202000013852,2020-08-14 19:30:00,2020,8,14,19,30,38,38530,Rue de la Commanderie le Temple,45.611264,5.20237,Plein jour,Hors agglomération,Hors intersection,Temps éblouissant,Deux véhicules - arrière,4,2,2,0,1,1,1,0,1,50,2,2,1,0,0,1,24.0,42.0,voiture,deux_roues,1,1,1,7,2
202000013853,2020-08-15 02:10:00,2020,8,15,2,10,68,68021,A36-PK116+600,47.646106,7.494457,Nuit sans éclairage public,Hors agglomération,Hors intersection,Normale,Deux véhicules - arrière,1,3,4,0,1,1,1,0,1,130,2,3,2,0,0,1,24.0,23.0,voiture,voiture,3,1,1,1,2
202000013854,2020-08-10 11:20:00,2020,8,10,11,20,33,33005,Boulevard du Maréchal Juin,44.732806,-1.079238,Plein jour,En agglomération,Intersection en X,Normale,Deux véhicules - côté,3,2,2,0,1,1,1,0,8,50,2,2,0,0,0,2,74.0,75.0,deux_roues,deux_roues,1,2,2,1,3
202000013855,2020-08-11 14:05:00,2020,8,11,14,5,971,97112,Gay,15.926873,-61.313646,Plein jour,Hors agglomération,Intersection en T,Normale,Deux véhicules - côté,2,2,2,0,1,1,1,0,1,80,2,2,1,0,1,0,23.0,32.0,deux_roues,voiture,1,1,3,1,3
202000013856,2020-08-13 11:45:00,2020,8,13,11,45,37,37072,38 Rue Alfred de Vigny,47.169304,0.2543509,Plein jour,En agglomération,Place,Pluie forte,Autre collision,4,2,2,0,1,1,2,0,4,50,1,2,1,0,1,0,48.0,,voiture,,1,2,7,3,6
202000013857,2020-08-14 20:15:00,2020,8,14,20,15,77,77141,D96,48.850654,2.846575,Plein jour,Hors agglomération,Hors intersection,Pluie forte,Sans collision,3,2,2,0,1,1,2,0,1,80,1,2,0,0,1,1,56.0,,deux_roues,,1,1,1,3,7
202000013858,2020-08-15 19:40:00,2020,8,15,19,40,78,78531,A13,48.988361,1.656835,Plein jour,Hors agglomération,Hors intersection,Normale,Sans collision,1,3,3,3,1,1,1,0,1,130,1,1,0,0,1,0,57.0,,deux_roues,,1,1,1,1,7
202000013859,2020-08-14 11:05:00,2020,8,14,11,5,66,66108,cd612 - pk15,42.6747714,2.7042113,Plein jour,Hors agglomération,Hors intersection,Normale,Sans collision,3,2,2,3,1,1,1,5,8,80,1,2,1,0,1,0,23.0,,voiture,,1,1,1,1,7
202000013860,2020-10-11 07:04:00,2020,10,11,7,4,75,75119,RUE DE LA SOLIDARITE,48.882841,2.389432,Nuit avec éclairage allumé,En agglomération,Intersection en T,Normale,Deux véhicules - frontale,4,1,2,0,1,2,2,0,1,30,2,1,0,0,0,1,50.0,,deux_roues,,5,2,3,1,1
202000013861,2020-10-11 03:45:00,2020,10,11,3,45,75,75119,RUE BOTZARIS,48.878692,2.382298,Nuit avec éclairage allumé,En agglomération,Hors intersection,Pluie légère,Autre collision,4,2,2,0,1,1,2,0,1,50,1,2,1,0,0,1,19.0,,voiture,,5,2,1,2,6
202000013862,2020-10-11 01:30:00,2020,10,11,1,30,75,75119,PLACE AUGUSTE BARON,48.900528,2.388548,Nuit avec éclairage allumé,En agglomération,Place,Pluie légère,Deux véhicules - côté,4,1,3,0,1,2,2,0,1,50,2,2,1,0,0,1,21.0,26.0,voiture,deux_roues,5,2,7,2,3