accident_id,datetime,annee,mois,jour,heure,minute,departement,commune_insee,adresse,latitude,longitude,luminosite,agglomeration,intersection,meteo,collision,catr,circ,nbv,vosp,prof,plan,surf,infra,situ,vma,nb_vehicules,nb_usagers,nb_indemnes,nb_tues,nb_blesses_hosp,nb_blesses_legers,age_cond_1,age_cond_2,veh_type_cond_1,veh_type_cond_2,lum_code,agg_code,int_code,atm_code,col_code
202000014046,2020-10-11 12:20:00,2020,10,11,12,20,07,07134,Route de Berguier,44.5047036,4.2787512,Plein jour,Hors agglomération,Intersection en Y,Normale,Deux véhicules - frontale,4,2,2,0,3,3,1,0,1,-1,2,2,1,0,1,0,39.0,60.0,deux_roues,voiture,1,1,4,1,1
202000014047,2020-10-11 14:50:00,2020,10,11,14,50,53,53111,D23,48.342748,-0.614609,Plein jour,Hors agglomération,Intersection en T,Normale,Deux véhicules - arrière,3,2,2,0,4,1,1,0,1,80,2,4,3,0,1,0,45.0,15.0,voiture,deux_roues,1,1,3,1,2
202000014048,2020-10-09 20:10:00,2020,10,9,20,10,30,30341,D135,43.69547,4.253007,Nuit sans éclairage public,Hors agglomération,Intersection en T,Normale,Deux véhicules - côté,3,2,2,0,1,1,1,0,1,80,2,2,1,0,0,1,29.0,20.0,deux_roues,voiture,3,1,3,1,3
202000014049,2020-10-11 01:00:00,2020,10,11,1,0,08,08385,D59,49.75909,4.78225,Nuit sans éclairage public,Hors agglomération,Hors intersection,Temps couvert,Autre collision,3,2,2,0,1,3,2,0,3,80,1,1,0,1,0,0,21.0,,voiture,,3,1,1,8,6
202000014050,2020-10-09 16:15:00,2020,10,9,16,15,68,68375,19 Rue de Reiningue,47.804736,7.2376,Plein jour,En agglomération,Hors intersection,Normale,Deux véhicules - côté,3,2,2,2,1,1,1,0,1,50,2,2,1,0,0,1,82.0,88.0,deux_roues,voiture,1,2,1,1,3
202000014051,2020-10-11 12:05:00,2020,10,11,12,5,72,72008,D323,47.942552,0.190179,Plein jour,Hors agglomération,Autre intersection,Normale,Sans collision,3,1,1,0,2,3,1,3,1,70,1,1,0,0,1,0,63.0,,deux_roues,,1,1,9,1,7
202000014052,2020-10-11 04:00:00,2020,10,11,4,0,35,35352,RD 86,48.062089,-1.603573,Nuit sans éclairage public,Hors agglomération,Hors intersection,Normale,Autre collision,3,2,2,0,1,2,1,0,3,50,1,1,0,0,0,1,21.0,,voiture,,3,1,1,1,6
202000014053,2020-10-11 10:10:00,2020,10,11,10,10,35,35353,La Vallée,48.122703,-1.773562,Plein jour,Hors agglomération,Hors intersection,Temps couvert,Trois véhicules et plus - collisions multiples,3,2,2,0,2,1,2,0,1,80,3,7,2,0,3,2,24.0,78.0,voiture,voiture,1,1,1,8,5
202000014054,2020-10-11 11:00:00,2020,10,11,11,0,30,30189,bretelle d'accès autoroute A9 Nimes Ouest,43.809787,4.347754,Plein jour,Hors agglomération,Hors intersection,Normale,Autre collision,1,1,1,0,2,3,1,3,1,50,1,2,0,0,2,0,64.0,,deux_roues,,1,1,1,1,6
202000014055,2020-10-11 01:40:00,2020,10,11,1,40,83,83097,A8,43.48171,5.734364,Nuit sans éclairage public,Hors agglomération,Hors intersection,Normale,Autre collision,1,3,3,0,1,2,1,0,2,130,1,3,2,0,1,0,22.0,,voiture,,3,1,1,1,6
202000014056,2020-12-24 10:50:00,2020,12,24,10,50,95,95277,BRIAND ARISTIDE (AVENUE),49.00063,2.42505,Plein jour,En agglomération,Hors intersection,Pluie légère,Deux véhicules - côté,4,1,0,0,1,3,2,0,1,30,2,2,1,0,0,1,50.0,,voiture,,1,2,1,2,3
202000014057,2020-12-25 03:00:00,2020,12,25,3,0,91,91421,RUE DES GAULOIS,48.71468,2.44042,Nuit sans éclairage public,En agglomération,Hors intersection,Temps couvert,Autre collision,4,2,2,0,1,1,2,0,1,50,1,1,0,0,0,1,,,,,3,2,1,8,6
202000014058,2020-12-25 18:25:00,2020,12,25,18,25,91,91027,RUE MAURICE NOGUES,48.71215,2.38453,Nuit avec éclairage allumé,En agglomération,Intersection en X,Normale,Deux véhicules - côté,4,3,2,0,1,1,1,5,1,50,2,2,1,0,0,1,33.0,51.0,voiture,voiture,5,2,2,1,3
202000014059,2020-12-25 17:40:00,2020,12,25,17,40,77,77186,D301e2.gare thomery giratoire duchatel,48.395283,2.764019,Nuit sans éclairage public,Hors agglomération,Hors intersection,Pluie légère,Sans collision,3,-1,2,0,2,1,2,1,1,70,1,1,0,0,0,1,20.0,,voiture,,3,1,1,2,7
202000014060,2020-12-21 17:45:00,2020,12,21,17,45,69,69290,GRENOBLE (DE)  -  RN 6              (RO),45.7149,4.964,Nuit avec éclairage allumé,En agglomération,Hors intersection,Pluie légère,Autre collision,3,2,4,0,1,1,2,0,1,50,1,2,1,0,0,1,52.0,,voiture,,5,2,1,2,6
202000014061,2020-12-25 17:05:00,2020,12,25,17,5,64,64445,RONSARD,43.3189,-0.358,Plein jour,En agglomération,Hors intersection,Normale,Autre collision,6,-1,0,0,1,1,1,0,1,30,1,1,0,0,0,1,26.0,,voiture,,1,2,1,1,6
202000014062,2020-12-25 22:15:00,2020,12,25,22,15,59,59152,HURLUPIN (RUE D'),50.76297,3.01109,Nuit avec éclairage allumé,En agglomération,Intersection en X,Pluie légère,Deux véhicules - côté,4,2,2,0,1,1,2,0,1,50,2,2,1,0,0,1,29.0,19.0,voiture,voiture,5,2,2,2,3
202000014063,2020-12-26 00:05:00,2020,12,26,0,5,59,59350,JAURES RUE JEAN,50.6228148,3.0728388,Nuit avec éclairage allumé,En agglomération,Hors intersection,Temps couvert,Autre collision,4,1,1,2,1,1,2,0,1,30,1,1,0,0,1,0,,,,,5,2,1,8,6
202000014064,2020-12-25 15:55:00,2020,12,25,15,55,51,51454,Avenue de Laon,49.2653208,4.0264219,Plein jour,En agglomération,Intersection en T,Normale,Sans collision,2,2,2,0,1,1,1,-1,1,50,1,2,1,0,0,1,28.0,,voiture,,1,2,3,1,7
202000014065,2020-12-24 12:10:00,2020,12,24,12,10,42,42183,Rue Jean Moulin,45.4056424,4.3726246,Plein jour,En agglomération,Hors intersection,Normale,Autre collision,4,2,1,0,1,1,1,0,3,50,1,2,0,0,0,2,18.0,,voiture,,1,2,1,1,6
202000014066,2020-12-22 09:00:00,2020,12,22,9,0,30,30028,PERRIERES (DESCENTE DES),44.160239,4.619164,Plein jour,En agglomération,Hors intersection,Normale,Autre collision,4,2,1,0,2,2,1,0,1,50,1,2,1,0,1,0,25.0,,voiture,,1,2,1,1,6
202000014067,2020-12-25 14:15:00,2020,12,25,14,15,25,25056,GRAY ROUTE DE,47.245784,5.980784,Plein jour,En agglomération,Autre intersection,Normale,Autre collision,3,2,2,0,1,2,2,0,1,50,1,2,0,0,0,2,18.0,,voiture,,1,2,9,1,6
202000014068,2020-12-25 17:30:00,2020,12,25,17,30,13,13211,GROGNARDE (AVENUE DE LA),43.290971,5.436051,Nuit avec éclairage allumé,En agglomération,Hors intersection,Vent fort / tempête,Autre collision,4,2,2,0,2,1,1,0,1,50,1,2,0,0,0,2,46.0,,voiture,,5,2,1,6,6
202000014069,2020-12-24 08:06:00,2020,12,24,8,6,13,13212,TROIS LUCS A LA VALENTINE (ROUTE),43.304542,5.473841,Crépuscule ou aube,En agglomération,Autre intersection,Normale,Deux véhicules - côté,4,2,2,0,2,2,2,0,1,50,2,2,0,0,0,2,36.0,19.0,utilitaire_camion,voiture,2,2,9,1,3
202000014070,2020-12-25 07:30:00,2020,12,25,7,30,13,13210,ANDRE BARDON (rue),43.27768,5.4265,Crépuscule ou aube,En agglomération,Hors intersection,Normale,Autre collision,7,1,1,0,1,3,1,1,1,50,1,1,0,0,0,1,21.0,,voiture,,2,2,1,1,6
202000014071,2020-12-24 19:50:00,2020,12,24,19,50,13,13047,D.51,43.47434,4.97788,Nuit sans éclairage public,Hors agglomération,Hors intersection,Temps couvert,Deux véhicules - frontale,3,2,2,0,1,1,1,0,1,80,2,2,0,0,0,2,37.0,71.0,voiture,voiture,3,1,1,8,1
202000014072,2020-12-24 21:05:00,2020,12,24,21,5,75,75117,ECHANGEUR MAILLOT,48.883056,2.283688,Nuit avec éclairage allumé,En agglomération,Intersection en Y,Pluie légère,Autre collision,4,1,4,0,1,1,2,0,1,70,1,1,0,0,1,0,34.0,,utilitaire_camion,,5,2,4,2,6
202000014073,2020-12-18 22:30:00,2020,12,18,22,30,75,75117,AVENUE STEPHANE MALLARME,48.886809,2.293649,Nuit avec éclairage allumé,En agglomération,Hors intersection,Normale,Sans collision,4,1,2,3,1,1,1,0,1,30,1,1,0,0,0,1,52.0,,deux_roues,,5,2,1,1,7
202000014074,2020-12-24 13:10:00,2020,12,24,13,10,75,75117,RUE DE ROME,48.887348,2.314131,Plein jour,En agglomération,Intersection à plus de 4 branches,Pluie forte,Autre collision,4,2,2,0,1,1,2,0,1,50,1,2,1,0,0,1,27.0,,voiture,,1,2,5,3,6
202000014075,2020-12-25 08:00:00,2020,12,25,8,0,75,75116,RUE DES BELLES FEUILLES,48.868551,2.280366,Crépuscule ou aube,En agglomération,Hors intersection,Normale,Autre collision,4,1,1,0,1,1,1,0,1,50,1,2,1,0,0,1,44.0,,voiture,,2,2,1,1,6
202000014076,2020-12-25 19:25:00,2020,12,25,19,25,75,75106,BOULEVARD SAINT GERMAIN,48.852474,2.338765,Nuit avec éclairage allumé,En agglomération,Intersection en X,Normale,Deux véhicules - côté,4,2,4,3,1,1,1,0,1,50,2,2,1,0,0,1,42.0,31.0,deux_roues,deux_roues,5,2,2,1,3
202000014077,2020-12-24 22:00:00,2020,12,24,22,0,93,93078,CLEMENCEAU (AVENUE GEORGES),48.96082,2.55615,Nuit avec éclairage allumé,En agglomération,Giratoire,Autre,Deux véhicules - côté,3,1,2,0,1,2,2,9,1,50,2,2,0,0,0,2,51.0,24.0,voiture,voiture,5,2,6,9,3
202000014078,2020-12-25 12:50:00,2020,12,25,12,50,93,93006,GAMBETTA AV.,48.8710554,2.4176831,Plein jour,En agglomération,Hors intersection,Normale,Deux véhicules - côté,3,2,1,1,1,1,1,0,5,50,2,2,1,0,0,1,31.0,31.0,voiture,deux_roues,1,2,1,1,3
202000014079,2020-12-25 22:00:00,2020,12,25,22,0,93,93066,"""PERI GABRIEL, NR 116 A 144 ET 135 A 149",48.9386028,2.3563731,Nuit sans éclairage public,En agglomération,Intersection en T,Normale,Autre collision,4,2,1,0,1,1,1,0,1,20,1,3,2,0,0,1,25.0,,voiture,,3,2,3,1,6
202000014080,2020-12-25 18:18:00,2020,12,25,18,18,92,92064,PASTEUR,48.841853,2.202099,Nuit avec éclairage allumé,En agglomération,Hors intersection,Normale,Deux véhicules - côté,3,2,2,0,1,1,1,0,1,50,2,2,1,0,0,1,26.0,40.0,deux_roues,deux_roues,5,2,1,1,3
202000014081,2020-12-25 18:40:00,2020,12,25,18,40,92,92026,VERDUN (BD DE),48.9010982,2.2601125,Nuit avec éclairage allumé,En agglomération,Hors intersection,Normale,Deux véhicules - arrière,3,2,2,2,1,1,1,0,1,50,2,3,2,0,0,1,37.0,16.0,voiture,deux_roues,5,2,1,1,2
202000014082,2020-12-24 22:45:00,2020,12,24,22,45,92,92004,AULAGNIER ( QUAI ),48.91432,2.3108,Nuit avec éclairage allumé,En agglomération,Intersection en X,Normale,Deux véhicules - côté,3,3,4,0,1,1,1,0,1,50,2,4,2,0,0,2,23.0,23.0,voiture,voiture,5,2,2,1,3
202000014083,2020-12-26 06:35:00,2020,12,26,6,35,60,60234,,49.390438,2.4132951,Nuit avec éclairage allumé,En agglomération,Intersection en T,Normale,Autre collision,3,2,2,0,1,2,1,0,1,50,1,4,1,0,0,3,23.0,,voiture,,5,2,3,1,6
202000014084,2020-12-24 19:00:00,2020,12,24,19,0,40,40213,Route de Labenne,43.594255,-1.385329,Nuit sans éclairage public,Hors agglomération,Hors intersection,Temps couvert,Sans collision,3,2,2,0,1,1,2,0,3,80,1,1,0,1,0,0,41.0,,voiture,,3,1,1,8,7
202000014085,2020-12-24 18:45:00,2020,12,24,18,45,33,33106,lieu dit sendets,44.56164,-0.116451,Nuit sans éclairage public,Hors agglomération,Hors intersection,Pluie légère,Sans collision,3,2,2,0,1,1,2,0,3,80,1,1,0,0,0,1,39.0,,voiture,,3,1,1,2,7
202000014086,2020-12-25 14:50:00,2020,12,25,14,50,974,97422,Avenue du Général de Gaulle,-21.274539,55.518122,Plein jour,En agglomération,Hors intersection,Normale,Autre collision,4,1,2,0,1,1,1,0,1,50,1,1,0,0,1,0,27.0,,deux_roues,,1,2,1,1,6
202000014087,2020-12-26 00:40:00,2020,12,26,0,40,974,97404,"RN1, voie d'insertion Les Sables Sens NORD/SURD",-21.279347,55.379274,Nuit sans éclairage public,Hors agglomération,Autre intersection,Normale,Autre collision,2,3,4,0,1,3,1,3,1,-1,1,2,1,1,0,0,43.0,,voiture,,3,1,9,1,6
202000014088,2020-12-24 15:25:00,2020,12,24,15,25,28,28281,921,48.397867,1.379964,Crépuscule ou aube,Hors agglomération,Hors intersection,Temps éblouissant,Trois véhicules et plus - collisions multiples,3,2,2,0,1,1,1,0,1,80,4,7,5,0,1,1,40.0,52.0,voiture,voiture,2,1,1,7,5
202000014089,2020-12-25 14:45:00,2020,12,25,14,45,06,06130,D5,43.687593,6.829469,Plein jour,Hors agglomération,Hors intersection,Neige / grêle,Deux véhicules - frontale,3,2,2,0,1,3,5,0,1,70,2,4,1,0,0,3,41.0,26.0,voiture,voiture,1,1,1,4,1
202000014090,2020-12-26 15:15:00,2020,12,26,15,15,77,77398,Route de la Vallée,48.876741,3.295306,Plein jour,En agglomération,Intersection en Y,Normale,Deux véhicules - côté,3,2,2,0,1,1,1,0,1,30,2,2,1,0,1,0,15.0,14.0,deux_roues,deux_roues,1,2,4,1,3
202000014091,2020-12-01 19:45:00,2020,12,1,19,45,59,59331,Route de Landrecies,50.124334,3.729944,Nuit sans éclairage public,Hors agglomération,Hors intersection,Normale,Deux véhicules - côté,3,2,2,0,4,1,1,0,1,70,2,3,0,0,0,3,31.0,19.0,voiture,voiture,3,1,1,1,3
202000014092,2020-12-26 17:30:00,2020,12,26,17,30,79,79162,Route de la Garette,46.311597,-0.576911,Plein jour,Hors agglomération,Intersection en Y,Normale,Autre collision,3,2,2,0,1,3,1,0,3,80,1,1,0,1,0,0,45.0,,voiture,,1,1,4,1,6
202000014093,2020-12-26 14:00:00,2020,12,26,14,0,32,32462,Route nationale 124,43.739352,0.356412,Plein jour,Hors agglomération,Hors intersection,Normale,Sans collision,2,2,2,0,2,2,1,0,1,80,1,1,0,0,1,0,23.0,,deux_roues,,1,1,1,1,7
202000014094,2020-12-23 13:55:00,2020,12,23,13,55,12,12086,D512,44.177672,3.125803,Plein jour,Hors agglomération,Hors intersection,Normale,Deux véhicules - arrière,3,2,2,0,1,1,1,2,1,80,2,2,1,0,0,1,72.0,50.0,voiture,deux_roues,1,1,1,1,2
202000014095,2020-12-26 12:00:00,2020,12,26,12,0,42,42288,Chemin du Bas Montcel,45.775463,4.003047,Plein jour,Hors agglomération,Intersection en X,Normale,Deux véhicules - frontale,3,2,2,0,2,1,1,0,1,80,2,3,1,0,2,0,46.0,26.0,voiture,utilitaire_camion,1,1,2,1,1
202000014096,2020-12-25 16:59:00,2020,12,25,16,59,34,34045,D15,43.550467,3.348789,Plein jour,Hors agglomération,Hors intersection,Vent fort / tempête,Deux véhicules - frontale,3,2,2,0,1,2,1,0,1,80,2,3,2,0,1,0,58.0,22.0,deux_roues,voiture,1,1,1,6,1
202000014097,2020-12-24 10:50:00,2020,12,24,10,50,35,35069,zone commerciale UNIVERS,48.041861,-1.516383,Plein jour,Hors agglomération,Autre intersection,Normale,Autre collision,6,-1,-1,0,1,1,1,0,8,30,1,2,1,0,1,0,20.0,,utilitaire_camion,,1,1,9,1,6
202000014098,2020-12-24 17:15:00,2020,12,24,17,15,35,35264,Le Bois,48.089016,-1.345863,Nuit sans éclairage public,Hors agglomération,Intersection en T,Normale,Deux véhicules - côté,3,2,2,0,1,1,1,0,1,80,2,2,1,0,1,0,21.0,52.0,deux_roues,voiture,3,1,3,1,3
202000014099,2020-12-25 19:00:00,2020,12,25,19,0,29,29017,D268 - Lieu Dit Lann Ar Poullou,48.477644,-4.6982,Nuit sans éclairage public,Hors agglomération,Hors intersection,Normale,Trois véhicules et plus - collisions multiples,3,2,2,0,2,2,1,0,1,80,3,3,1,0,1,1,19.0,69.0,voiture,voiture,3,1,1,1,5
202000014100,2020-12-24 18:20:00,2020,12,24,18,20,29,29160,D788 - Rue Maréchal Leclerc,48.5017813,-4.4269274,Nuit avec éclairage allumé,En agglomération,Hors intersection,Pluie légère,Autre collision,3,2,2,0,1,2,2,0,4,50,1,1,0,0,0,1,70.0,,voiture,,5,2,1,2,6
202000014101,2020-12-26 13:50:00,2020,12,26,13,50,02,02262,D553,49.636398,3.357353,Plein jour,Hors agglomération,Hors intersection,Normale,Sans collision,3,2,2,0,1,1,1,0,1,80,1,1,0,0,1,0,36.0,,deux_roues,,1,1,1,1,7
202000014102,2020-12-25 22:46:00,2020,12,25,22,46,01,01457,CHASSIN BOIS DE BEOST,46.1891666,4.9974,Nuit sans éclairage public,Hors agglomération,Hors intersection,Pluie légère,Autre collision,3,2,2,0,1,1,2,0,3,80,1,1,0,0,1,0,27.0,,voiture,,3,1,1,2,6
202000014103,2020-12-24 11:00:00,2020,12,24,11,0,72,72147,La Bique Rouge,48.126082,0.195635,Plein jour,Hors agglomération,Hors intersection,Temps couvert,Deux véhicules - frontale,3,2,2,0,2,2,2,0,1,80,2,2,1,0,1,0,57.0,40.0,voiture,utilitaire_camion,1,1,1,8,1
202000014104,2020-12-23 13:15:00,2020,12,23,13,15,72,72346,les touches,47.879628,0.029655,Plein jour,Hors agglomération,Hors intersection,Normale,Autre collision,3,2,2,0,1,1,1,0,1,80,1,1,0,0,1,0,84.0,,voiture,,1,1,1,1,6
202000014105,2020-12-23 14:00:00,2020,12,23,14,0,37,37245,Route du Serrain,47.4906386,0.5594072,Plein jour,Hors agglomération,Hors intersection,Pluie légère,Sans collision,4,2,2,0,1,3,2,0,1,80,1,1,0,0,0,1,18.0,,deux_roues,,1,1,1,2,7
202000014106,2020-12-26 14:00:00,2020,12,26,14,0,37,37050,rue monod,47.346856,0.7071738,Plein jour,En agglomération,Intersection en X,Normale,Deux véhicules - frontale,3,1,1,1,1,1,1,0,1,50,2,2,1,0,1,0,27.0,68.0,deux_roues,voiture,1,2,2,1,1
202000014107,2020-12-24 10:30:00,2020,12,24,10,30,987,98752,PK 47+800,-17.722055,-149.404653,Plein jour,Hors agglomération,Hors intersection,Normale,Autre collision,2,2,2,0,1,1,1,9,1,60,1,2,1,1,0,0,86.0,,voiture,,1,1,1,1,6
202000014108,2020-12-23 23:25:00,2020,12,23,23,25,01,01147,RD56,46.437365,5.293688,Nuit sans éclairage public,Hors agglomération,Hors intersection,Normale,Sans collision,3,2,2,0,2,2,1,0,3,80,1,1,0,0,0,1,35.0,,utilitaire_camion,,3,1,1,1,7
202000014109,2020-12-20 18:00:00,2020,12,20,18,0,21,21590,A6,47.0582915,4.8132198,Nuit sans éclairage public,Hors agglomération,Hors intersection,Pluie légère,Trois véhicules et plus - collisions multiples,1,3,4,0,2,4,2,0,1,110,4,13,7,0,0,6,49.0,38.0,voiture,voiture,3,1,1,2,5
202000014110,2020-12-23 17:10:00,2020,12,23,17,10,13,13051,A7,43.590345,5.18706,Nuit sans éclairage public,Hors agglomération,Hors intersection,Pluie légère,Trois véhicules et plus - en chaîne,1,1,5,0,1,1,2,0,1,110,5,10,6,0,1,3,21.0,23.0,voiture,voiture,3,1,1,2,4
202000014111,2020-12-25 14:30:00,2020,12,25,14,30,987,98724,RT 111 District de PAREA,-16.727384,-151.01125,Plein jour,Hors agglomération,Hors intersection,Normale,Autre collision,2,2,2,0,1,1,1,0,1,45,1,2,1,0,1,0,31.0,,voiture,,1,1,1,1,6
202000014112,2020-12-24 21:15:00,2020,12,24,21,15,987,98722,pk 32.200 coté montagne RT2 à TIAREI,-17.591429,-149.382126,Nuit sans éclairage public,En agglomération,Hors intersection,Normale,Autre collision,4,2,2,0,1,2,1,0,3,40,1,1,0,0,1,0,38.0,,voiture,,3,2,1,1,6
202000014113,2020-12-25 17:45:00,2020,12,25,17,45,988,98821,VE2,-22.164832,166.393304,Plein jour,Hors agglomération,Hors intersection,Normale,Deux véhicules - côté,1,3,4,0,1,1,1,0,1,110,2,2,1,0,1,0,55.0,56.0,utilitaire_camion,utilitaire_camion,1,1,1,1,3
202000014114,2020-11-20 17:15:00,2020,11,20,17,15,971,97117,Route de Neron,16.327923,-61.396151,Crépuscule ou aube,Hors agglomération,Autre intersection,Normale,Deux véhicules - arrière,3,2,2,0,1,4,1,0,1,80,2,2,1,0,0,1,27.0,56.0,voiture,deux_roues,2,1,9,1,2
202000014115,2020-12-26 02:00:00,2020,12,26,2,0,84,84067,"D126, 1070 route d'Aubignan",44.083801,5.012748,Nuit sans éclairage public,Hors agglomération,Hors intersection,Vent fort / tempête,Autre collision,3,2,2,0,1,2,1,0,1,70,1,1,0,1,0,0,41.0,,voiture,,3,1,1,6,6
202000014116,2020-12-24 14:50:00,2020,12,24,14,50,88,88308,D 674,48.345283,5.657616,Plein jour,Hors agglomération,Hors intersection,Pluie légère,Deux véhicules - frontale,3,2,2,0,2,2,2,0,1,80,2,3,1,0,1,1,48.0,45.0,voiture,voiture,1,1,1,2,1
202000014117,2020-12-24 12:06:00,2020,12,24,12,6,57,57645,voie romaine,49.193105,6.150606,Plein jour,Hors agglomération,Giratoire,Normale,Autre collision,3,2,2,0,1,2,1,5,1,80,1,2,1,0,0,1,27.0,,voiture,,1,1,6,1,6
202000014118,2020-12-26 10:45:00,2020,12,26,10,45,17,17164,route de saint jean,45.763062,-0.586041,Plein jour,En agglomération,Intersection en X,Normale,Deux véhicules - côté,3,2,2,0,4,1,1,0,1,70,2,2,1,0,1,0,65.0,73.0,deux_roues,voiture,1,2,2,1,3
202000014119,2020-12-26 14:30:00,2020,12,26,14,30,59,59105,Route de Coutiches,50.441378,3.22872,Plein jour,Hors agglomération,Hors intersection,Temps couvert,Sans collision,3,2,2,0,1,1,1,0,1,-1,1,3,2,0,0,1,25.0,,voiture,,1,1,1,8,7
202000014120,2020-12-24 20:20:00,2020,12,24,20,20,42,42110,A47,45.4951786,4.5552588,Nuit sans éclairage public,Hors agglomération,Hors intersection,Pluie légère,Trois véhicules et plus - collisions multiples,1,3,5,0,4,2,2,0,1,90,4,3,2,0,0,1,24.0,38.0,voiture,voiture,3,1,1,2,5
202000014121,2020-12-25 06:10:00,2020,12,25,6,10,91,91228,AUTOROUTE A6,48.61335,2.431,Nuit sans éclairage public,Hors agglomération,Hors intersection,Normale,Autre collision,1,1,3,0,1,1,2,0,2,110,1,4,0,0,0,4,37.0,,voiture,,3,1,1,1,6
202000014122,2020-12-25 17:15:00,2020,12,25,17,15,93,93066,AUTOROUTE A1,48.90851,2.35841,Nuit avec éclairage allumé,Hors agglomération,Hors intersection,Normale,Deux véhicules - arrière,1,3,8,0,1,1,1,1,1,90,2,3,1,0,0,2,48.0,23.0,voiture,voiture,5,1,1,1,2
202000014123,2020-09-22 11:14:00,2020,9,22,11,14,69,69273,BUS (RD301)   4.470 A 7.000,45.67883,4.89746,Plein jour,Hors agglomération,Hors intersection,Normale,Deux véhicules - arrière,3,3,2,0,1,2,1,0,1,90,2,4,0,0,0,4,21.0,44.0,voiture,utilitaire_camion,1,1,1,1,2
202000014124,2020-12-24 20:18:00,2020,12,24,20,18,973,97302,MADELEINE (ROUTE DE LA),4.9167,-52.32144,Nuit avec éclairage allumé,En agglomération,Hors intersection,Normale,Deux véhicules - côté,3,2,2,0,1,1,1,0,1,50,2,3,1,0,0,2,42.0,26.0,deux_roues,voiture,5,2,1,1,3
202000014125,2020-12-24 19:18:00,2020,12,24,19,18,973,97302,TECLE (EUGENE) CITE THEMIRE,4.93445,-52.32081,Nuit avec éclairage allumé,En agglomération,Intersection en X,Normale,Deux véhicules - côté,4,1,2,0,1,1,1,0,1,50,2,3,2,0,0,1,61.0,19.0,voiture,deux_roues,5,2,2,1,3
202000014126,2020-12-24 13:50:00,2020,12,24,13,50,69,69386,VITTON                              (CO),45.76948,4.8516,Plein jour,En agglomération,Hors intersection,Normale,Autre collision,4,2,3,1,1,1,1,0,4,30,1,1,0,0,1,0,,,,,1,2,1,1,6
202000014127,2020-12-24 12:30:00,2020,12,24,12,30,69,69259,CHARLES DE GAULLE                   (AV),45.71753,4.89167,Plein jour,En agglomération,Intersection en T,Normale,Deux véhicules - côté,3,1,2,3,1,1,1,0,1,50,2,2,1,0,0,1,37.0,24.0,voiture,voiture,1,2,3,1,3
202000014128,2020-12-24 11:15:00,2020,12,24,11,15,69,69383,LAFAYETTE                           (CO),45.7635903,4.8429344,Plein jour,En agglomération,Intersection en X,Normale,Deux véhicules - côté,4,2,2,3,1,1,1,0,1,50,2,3,2,0,0,1,26.0,55.0,deux_roues,utilitaire_camion,1,2,2,1,3
202000014129,2020-12-24 08:55:00,2020,12,24,8,55,69,69383,PIERRE CORNEILLE                    (R ),45.75938,4.84463,Plein jour,En agglomération,Intersection en X,Normale,Deux véhicules - côté,4,1,2,1,1,1,2,0,1,50,2,2,1,0,0,1,43.0,37.0,voiture,deux_roues,1,2,2,1,3
202000014130,2020-12-23 11:45:00,2020,12,23,11,45,69,69387,DEBOURG                             (AV),45.7315,4.82992,Plein jour,En agglomération,Intersection en X,Temps couvert,Autre collision,4,2,2,0,1,1,1,0,5,50,1,1,0,0,0,1,,,,,1,2,2,8,6
202000014131,2020-12-24 15:45:00,2020,12,24,15,45,972,97213,SCHOELCHER (RUE),14.61318,-61.00274,Plein jour,En agglomération,Hors intersection,Normale,Autre collision,4,-1,1,0,1,1,1,0,1,50,1,2,1,0,1,0,52.0,,utilitaire_camion,,1,2,1,1,6
202000014132,2020-12-24 07:05:00,2020,12,24,7,5,971,97101,PERRIN,16.29656,-61.51143,Plein jour,Hors agglomération,Hors intersection,Temps couvert,Deux véhicules - frontale,3,2,0,0,1,1,2,0,1,50,2,2,0,0,0,2,60.0,20.0,voiture,voiture,1,1,1,8,1
202000014133,2020-12-23 19:30:00,2020,12,23,19,30,95,95014,Route de la Croix Blanche,49.01167,2.30486,Nuit sans éclairage public,En agglomération,Intersection en T,Normale,Deux véhicules - côté,3,2,2,0,1,1,1,5,1,50,2,5,1,0,0,4,35.0,39.0,voiture,voiture,3,2,3,1,3
202000014134,2020-12-24 13:45:00,2020,12,24,13,45,91,91434,CORBEIL (ROUTE DE),48.66206,2.34063,Plein jour,En agglomération,Giratoire,Pluie forte,Deux véhicules - côté,3,1,2,0,1,2,2,0,1,50,2,2,1,0,0,1,44.0,55.0,deux_roues,utilitaire_camion,1,2,6,3,3
202000014135,2020-12-24 11:23:00,2020,12,24,11,23,87,87085,MAS-BOUYOL  (CITE ET BOULEVARD DU),45.82432,1.22653,Plein jour,En agglomération,Hors intersection,Pluie forte,Autre collision,4,3,4,0,1,1,2,0,4,50,1,2,1,0,0,1,45.0,,voiture,,1,2,1,3,6
202000014136,2020-12-24 10:11:00,2020,12,24,10,11,87,87085,ARCADES (BOULEVARD DES),45.85183,1.2633,Plein jour,En agglomération,Hors intersection,Pluie légère,Autre collision,4,3,4,0,2,3,2,0,1,50,1,1,0,0,0,1,28.0,,voiture,,1,2,1,2,6