accident_id,datetime,annee,mois,jour,heure,minute,departement,commune_insee,adresse,latitude,longitude,luminosite,agglomeration,intersection,meteo,collision,catr,circ,nbv,vosp,prof,plan,surf,infra,situ,vma,nb_vehicules,nb_usagers,nb_indemnes,nb_tues,nb_blesses_hosp,nb_blesses_legers,age_cond_1,age_cond_2,veh_type_cond_1,veh_type_cond_2,lum_code,agg_code,int_code,atm_code,col_code
202000014137,2020-12-18 16:45:00,2020,12,18,16,45,85,85191,NAPOLEON PLACE,46.67007,-1.42737,Plein jour,En agglomération,Hors intersection,Temps couvert,Autre collision,4,2,1,3,1,3,1,9,6,20,1,2,1,0,0,1,56.0,,transport_commun,,1,2,1,8,6
202000014138,2020-12-21 17:50:00,2020,12,21,17,50,85,85191,MOREAU BOULEVARD STEPHANE,46.6687,-1.40941,Nuit avec éclairage allumé,En agglomération,Hors intersection,Pluie légère,Autre collision,3,2,2,0,2,3,2,0,1,50,1,2,1,0,1,0,76.0,,voiture,,5,2,1,2,6
202000014139,2020-12-23 16:20:00,2020,12,23,16,20,76,76351,HOTEL DE VILLE (PLACE DE),49.49418,0.1096,Plein jour,En agglomération,Hors intersection,Normale,Autre collision,4,1,3,0,1,1,1,0,1,30,1,3,1,0,0,2,21.0,,voiture,,1,2,1,1,6
202000014140,2020-12-22 11:48:00,2020,12,22,11,48,76,76351,JULES DURAND (BD),49.4915175,0.16237,Plein jour,En agglomération,Hors intersection,Normale,Trois véhicules et plus - collisions multiples,3,2,3,0,2,1,2,2,1,30,4,4,3,0,0,1,30.0,57.0,utilitaire_camion,voiture,1,2,1,1,5
202000014141,2020-12-24 17:30:00,2020,12,24,17,30,69,69256,PABLO PICASSO                       (AV),45.77554,4.91733,Nuit avec éclairage allumé,En agglomération,Intersection en X,Pluie légère,Deux véhicules - frontale,4,2,2,2,1,1,2,0,1,50,2,2,1,0,0,1,49.0,20.0,voiture,voiture,5,2,2,2,1
202000014142,2020-12-24 19:45:00,2020,12,24,19,45,65,65440,EMBARQUEMENT (QUAI D'),43.241284,0.064429,Nuit avec éclairage allumé,En agglomération,Intersection en T,Pluie légère,Deux véhicules - côté,4,2,2,0,1,1,2,0,1,50,2,1,0,0,0,1,26.0,,voiture,,5,2,3,2,3
202000014143,2020-12-22 15:00:00,2020,12,22,15,0,64,64445,DIDIER DAURAT,43.32933,-0.37955,Plein jour,En agglomération,Intersection en X,Normale,Deux véhicules - côté,4,2,2,0,1,1,1,0,1,50,2,3,2,0,0,1,40.0,33.0,voiture,voiture,1,2,2,1,3
202000014144,2020-12-24 09:50:00,2020,12,24,9,50,64,64102,SABALCE (CHEMIN DE),43.49145,-1.49108,Plein jour,En agglomération,Hors intersection,Pluie forte,Deux véhicules - côté,4,2,2,0,1,1,2,0,1,50,2,2,1,0,0,1,57.0,45.0,deux_roues,voiture,1,2,1,3,3
202000014145,2020-12-23 08:10:00,2020,12,23,8,10,62,62753,RD 919,50.320676,2.816641,Nuit sans éclairage public,Hors agglomération,Hors intersection,Pluie forte,,3,-1,2,0,1,1,2,0,1,90,2,2,1,0,1,0,56.0,56.0,voiture,deux_roues,3,1,1,3,-1
202000014146,2020-12-22 17:57:00,2020,12,22,17,57,61,61001,TISONS (RUE DES),48.4223,0.09363,Crépuscule ou aube,En agglomération,Hors intersection,Pluie légère,Autre collision,4,2,2,0,1,1,2,0,6,50,1,1,0,0,1,0,,,,,2,2,1,2,6
202000014147,2020-12-24 15:10:00,2020,12,24,15,10,59,59508,LILLE (RUE DE)MENIN A 8 MAI 1945,50.7376604,3.1158203,Plein jour,En agglomération,Hors intersection,Pluie légère,Autre collision,4,2,2,0,1,1,2,9,1,50,1,2,0,0,0,2,15.0,,deux_roues,,1,2,1,2,6
202000014148,2020-12-23 18:00:00,2020,12,23,18,0,56,56083,TROTTIER (RUE),47.80478,-3.27882,Nuit avec éclairage allumé,En agglomération,Hors intersection,Vent fort / tempête,Autre collision,4,2,2,0,2,1,2,0,1,50,1,2,1,0,0,1,31.0,,voiture,,5,2,1,6,6
202000014149,2020-12-23 15:15:00,2020,12,23,15,15,56,56121,BELGIQUE (RUE  DE ),47.75922,-3.37963,Plein jour,En agglomération,Hors intersection,Vent fort / tempête,Trois véhicules et plus - en chaîne,4,2,2,0,1,1,2,0,1,50,3,3,2,0,1,0,25.0,25.0,voiture,voiture,1,2,1,6,4
202000014150,2020-12-23 18:20:00,2020,12,23,18,20,55,55545,MIRIBEL ( AVENUE ),49.1674,5.38709,Nuit avec éclairage allumé,En agglomération,Hors intersection,Normale,Sans collision,4,2,2,0,1,1,1,9,1,50,1,2,1,0,1,0,46.0,,utilitaire_camion,,5,2,1,1,7
202000014151,2020-12-24 19:40:00,2020,12,24,19,40,54,54395,OBERLIN (RUE),48.70325,6.18198,Nuit avec éclairage allumé,En agglomération,Intersection en X,Pluie forte,Deux véhicules - côté,4,2,3,0,1,1,2,5,1,50,2,2,1,0,0,1,21.0,28.0,deux_roues,voiture,5,2,2,3,3
202000014152,2020-12-23 17:30:00,2020,12,23,17,30,54,54395,SAINT DIZIER (RUE 82 ET 113 A FIN),48.6916438,6.18184,Nuit avec éclairage allumé,En agglomération,Hors intersection,Pluie légère,Deux véhicules - côté,4,1,2,3,1,1,2,0,1,30,2,2,1,0,0,1,33.0,33.0,transport_commun,voiture,5,2,1,2,3
202000014153,2020-12-23 18:10:00,2020,12,23,18,10,54,54257,GUYNEMER (RUE),48.6562194,6.1994024,Nuit avec éclairage allumé,En agglomération,Intersection en T,Pluie légère,Deux véhicules - arrière,4,2,2,0,1,2,2,0,1,50,2,2,1,0,0,1,44.0,43.0,voiture,voiture,5,2,3,2,2
202000014154,2020-12-23 17:10:00,2020,12,23,17,10,54,54547,BELGIQUE (RUE DE),48.666214,6.170501,Nuit avec éclairage allumé,En agglomération,Hors intersection,Pluie forte,Autre collision,4,2,2,0,1,1,2,5,1,30,1,2,1,0,0,1,75.0,,voiture,,5,2,1,3,6
202000014155,2020-12-24 17:35:00,2020,12,24,17,35,51,51454,Boulevard Louis Roederer,49.2569778,4.0230613,Nuit avec éclairage allumé,En agglomération,Intersection en T,Pluie légère,Trois véhicules et plus - en chaîne,4,2,4,0,2,1,2,2,1,50,3,6,3,0,0,3,41.0,40.0,voiture,voiture,5,2,3,2,4
202000014156,2020-12-24 14:15:00,2020,12,24,14,15,49,49007,RECULEE HAUTE,47.4833365,-0.5532675,Plein jour,En agglomération,Hors intersection,Normale,Sans collision,4,-1,2,0,1,1,2,0,1,50,1,1,0,0,0,1,19.0,,deux_roues,,1,2,1,1,7
202000014157,2020-12-24 11:28:00,2020,12,24,11,28,49,49007,Rue de la Madeleine,47.46203,-0.54129,Plein jour,En agglomération,Hors intersection,Normale,Deux véhicules - côté,4,-1,2,0,1,1,2,0,1,50,2,2,1,0,0,1,19.0,75.0,deux_roues,voiture,1,2,1,1,3
202000014158,2020-12-23 19:50:00,2020,12,23,19,50,47,47001,STRASBOURG (RUE DE),44.19942,0.61878,Nuit avec éclairage allumé,En agglomération,Hors intersection,Pluie légère,Deux véhicules - frontale,4,2,2,0,1,1,2,0,1,50,2,2,1,0,1,0,31.0,22.0,voiture,deux_roues,5,2,1,2,1
202000014159,2020-12-24 15:00:00,2020,12,24,15,0,45,45234,Rue de Bellebat-venelle de la voie,47.9086047,1.918598,Plein jour,En agglomération,Intersection en X,Pluie légère,Deux véhicules - côté,4,2,2,0,2,1,2,0,1,50,2,2,1,0,0,1,36.0,28.0,voiture,deux_roues,1,2,2,2,3
202000014160,2020-12-23 22:08:00,2020,12,23,22,8,44,44020,ROUTE DE PORNIC,47.19059,-1.57861,Nuit sans éclairage public,Hors agglomération,Hors intersection,Vent fort / tempête,,4,3,4,1,1,1,2,0,1,70,2,2,1,0,1,0,37.0,30.0,voiture,deux_roues,3,1,1,6,-1
202000014161,2020-12-01 14:40:00,2020,12,1,14,40,38,38185,Rue Raoul Blanchard,45.19017,5.72887,Plein jour,En agglomération,Hors intersection,Pluie légère,Autre collision,4,-1,1,1,1,1,2,0,1,50,1,3,2,0,0,1,88.0,,voiture,,1,2,1,2,6
202000014162,2020-11-29 18:05:00,2020,11,29,18,5,38,38185,Cours Jean Jaurès,45.1851,5.7183,Nuit avec éclairage allumé,En agglomération,Hors intersection,Normale,Autre collision,3,1,2,0,1,1,1,0,1,50,1,1,0,0,0,1,,,,,5,2,1,1,6
202000014163,2020-12-24 17:22:00,2020,12,24,17,22,37,37122,RD 37,47.34093,0.65172,Nuit sans éclairage public,En agglomération,Hors intersection,Normale,Sans collision,3,3,4,0,1,1,2,0,1,90,1,1,0,0,0,1,22.0,,voiture,,3,2,1,1,7
202000014164,2020-12-24 15:00:00,2020,12,24,15,0,37,37261,HALLES (PLACE DES),47.3928041,0.6786793,Plein jour,En agglomération,Intersection en X,Pluie légère,Autre collision,4,1,2,0,1,1,2,0,1,30,1,2,1,0,0,1,25.0,,voiture,,1,2,2,2,6
202000014165,2020-12-24 09:05:00,2020,12,24,9,5,35,35238,FREVILLE (AVENUE HENRI),48.0838,-1.67503,Plein jour,En agglomération,Intersection en X,Pluie légère,Deux véhicules - côté,4,3,4,0,1,1,2,5,1,50,2,2,0,0,0,2,52.0,20.0,voiture,voiture,1,2,2,2,3
202000014166,2020-12-23 17:50:00,2020,12,23,17,50,34,34172,VALLOIS (RUE PROFESSEUR LEON),43.61447,3.88374,Nuit avec éclairage allumé,En agglomération,Hors intersection,Pluie légère,Deux véhicules - côté,4,1,2,0,1,1,2,0,1,50,2,2,1,0,1,0,77.0,22.0,deux_roues,deux_roues,5,2,1,2,3
202000014167,2020-12-23 20:00:00,2020,12,23,20,0,31,31555,AV JEAN CHAUBET,43.60526,1.48014,Nuit avec éclairage allumé,En agglomération,Hors intersection,Normale,Deux véhicules - côté,3,3,4,0,1,1,1,0,1,50,2,5,1,0,0,4,40.0,24.0,voiture,voiture,5,2,1,1,3
202000014168,2020-12-23 19:25:00,2020,12,23,19,25,31,31149,ESPLANADE FRANCOIS MITTERRAND ,43.6057,1.33566,Nuit avec éclairage allumé,En agglomération,Hors intersection,Normale,Deux véhicules - côté,4,1,2,0,1,2,1,0,1,50,2,2,1,0,0,1,54.0,75.0,deux_roues,voiture,5,2,1,1,3
202000014169,2020-12-23 19:13:00,2020,12,23,19,13,30,30189,HUGO VICTOR (BOULEVARD),43.83702,4.35643,Nuit avec éclairage allumé,En agglomération,Hors intersection,Pluie légère,Autre collision,7,3,3,3,1,1,2,0,1,50,1,2,1,0,1,0,46.0,,transport_commun,,5,2,1,2,6
202000014170,2020-11-17 16:15:00,2020,11,17,16,15,30,30028,Place Pierre Boulot,44.16103,4.62195,Plein jour,En agglomération,Hors intersection,Normale,Autre collision,6,-1,-1,0,1,1,1,0,1,50,1,2,1,0,0,1,31.0,,voiture,,1,2,1,1,6
202000014171,2020-12-22 12:45:00,2020,12,22,12,45,29,29019,Rue Emile Rousse,48.38657,-4.52825,Plein jour,En agglomération,Intersection en X,Pluie forte,Deux véhicules - côté,4,-1,4,0,1,1,2,0,1,30,2,2,1,0,0,1,69.0,34.0,voiture,deux_roues,1,2,2,3,3
202000014172,2020-12-24 10:25:00,2020,12,24,10,25,27,27681,JAURES (BOULEVARD JAURES),49.09468,1.467291,Plein jour,En agglomération,Hors intersection,Pluie légère,Deux véhicules - arrière,9,-1,2,0,1,1,2,0,8,50,2,2,1,0,0,1,50.0,25.0,voiture,utilitaire_camion,1,2,1,2,2
202000014173,2020-12-23 13:55:00,2020,12,23,13,55,26,26058,ALSACE LORRAINE RUE,44.94902,4.88821,Plein jour,En agglomération,Intersection en X,Normale,Deux véhicules - côté,4,2,2,0,1,1,1,0,1,50,2,2,1,0,1,0,17.0,51.0,deux_roues,voiture,1,2,2,1,3
202000014174,2020-12-23 12:50:00,2020,12,23,12,50,25,25056,CHURCHILL BD WINSTON,47.247424,5.99905,Plein jour,En agglomération,Intersection en X,Pluie légère,Autre collision,4,3,2,0,1,1,2,5,1,50,1,2,1,0,1,0,21.0,,voiture,,1,2,2,2,6
202000014175,2020-12-23 13:30:00,2020,12,23,13,30,21,21231,28 Rue de l’Arquebuse,47.3222841,5.0298001,Plein jour,En agglomération,Intersection en Y,Pluie légère,Autre collision,4,2,3,0,1,3,2,2,1,50,1,2,1,0,1,0,52.0,,voiture,,1,2,4,2,6
202000014176,2020-12-23 17:45:00,2020,12,23,17,45,17,17415,TRAVERSIERE SAINT VIVIEN RUE,45.75185,-0.63231,Nuit avec éclairage allumé,En agglomération,Intersection en X,Normale,Deux véhicules - côté,4,1,1,0,3,1,1,0,1,50,2,2,1,0,1,0,16.0,27.0,deux_roues,voiture,5,2,2,1,3
202000014177,2020-12-19 13:15:00,2020,12,19,13,15,17,17415,N141,45.7419,-0.60064,Plein jour,Hors agglomération,Hors intersection,Normale,Sans collision,2,3,4,0,1,1,1,0,1,110,1,1,0,0,1,0,46.0,,voiture,,1,1,1,1,7
202000014178,2020-12-25 01:10:00,2020,12,25,1,10,17,17028,SALENGRO   AVENUE ROGER,46.14018,-1.13437,Nuit avec éclairage non allumé,En agglomération,Hors intersection,Normale,Deux véhicules - arrière,4,2,3,2,1,1,1,0,1,30,2,2,1,0,0,1,53.0,38.0,voiture,voiture,4,2,1,1,2
202000014179,2020-12-24 18:20:00,2020,12,24,18,20,17,17299,BACHELARD AVENUE VICTOR-LOUIS,45.934552,-0.959734,Nuit avec éclairage allumé,En agglomération,Hors intersection,Normale,Deux véhicules - côté,4,2,2,0,1,1,1,0,1,50,2,2,1,0,1,0,50.0,50.0,voiture,deux_roues,5,2,1,1,3
202000014180,2020-12-23 19:35:00,2020,12,23,19,35,16,16113,143 route de Bordeaux,45.60697,0.086923,Nuit sans éclairage public,En agglomération,Hors intersection,Normale,Deux véhicules - frontale,3,2,2,0,2,1,1,0,1,50,2,2,1,1,0,0,52.0,60.0,voiture,deux_roues,3,2,1,1,1
202000014181,2020-12-24 11:35:00,2020,12,24,11,35,13,13077,THOREZ MAURICE (avenue),43.40538,4.98082,Plein jour,En agglomération,Hors intersection,Normale,Autre collision,4,-1,2,0,1,1,1,9,8,50,1,2,1,0,1,0,39.0,,voiture,,1,2,1,1,6
202000014182,2020-12-24 12:05:00,2020,12,24,12,5,13,13210,L ARMEE D AFRIQUE (CHEMIN DE L'),43.28778,5.41181,Plein jour,En agglomération,Hors intersection,Normale,Autre collision,4,2,2,0,1,2,1,0,1,50,1,2,1,0,0,1,34.0,,deux_roues,,1,2,1,1,6
202000014183,2020-12-22 16:30:00,2020,12,22,16,30,13,13004,RTE N570 AVIGNON STES MARIES,43.70389,4.64747,Plein jour,Hors agglomération,Hors intersection,Temps couvert,Trois véhicules et plus - en chaîne,3,2,2,0,1,1,1,2,1,70,3,4,2,0,0,2,27.0,36.0,utilitaire_camion,voiture,1,1,1,8,4
202000014184,2020-12-24 09:20:00,2020,12,24,9,20,06,06088,MONTEL (BD PAUL),43.67783,7.20516,Plein jour,En agglomération,Intersection en X,Temps couvert,Sans collision,4,2,4,0,1,1,2,9,4,50,1,3,1,0,0,2,42.0,,voiture,,1,2,2,8,7
202000014185,2020-12-23 06:40:00,2020,12,23,6,40,05,05061,RN85,44.58137,6.08057,Nuit sans éclairage public,Hors agglomération,Hors intersection,Autre,Deux véhicules - frontale,2,2,2,0,2,4,9,0,1,80,2,3,1,0,0,2,38.0,41.0,utilitaire_camion,voiture,3,1,1,9,1
202000014186,2020-12-23 22:16:00,2020,12,23,22,16,75,75106,BOULEVARD SAINT GERMAIN,48.85249,2.338746,Nuit avec éclairage allumé,En agglomération,Intersection en T,Normale,Deux véhicules - côté,4,1,3,3,1,1,1,0,1,50,2,4,1,0,0,3,26.0,30.0,transport_commun,voiture,5,2,3,1,3
202000014187,2020-12-24 18:20:00,2020,12,24,18,20,75,75120,RUE BELGRAND,48.864843,2.40018,Nuit avec éclairage allumé,En agglomération,Intersection en Y,Normale,Autre collision,4,1,1,3,1,1,1,0,1,30,1,1,0,0,0,1,55.0,,transport_commun,,5,2,4,1,6
202000014188,2020-12-24 12:10:00,2020,12,24,12,10,75,75117,AVENUE MAC MAHON,48.878061,2.29416,Plein jour,En agglomération,Hors intersection,Pluie légère,Deux véhicules - arrière,4,2,2,3,1,1,2,0,1,50,2,2,1,0,0,1,39.0,37.0,voiture,deux_roues,1,2,1,2,2
202000014189,2020-12-24 15:10:00,2020,12,24,15,10,75,75116,PONT DE SURESNES,48.866667,2.230298,Plein jour,En agglomération,Hors intersection,Pluie légère,Deux véhicules - arrière,4,2,6,0,1,1,2,0,1,50,2,2,1,0,0,1,39.0,26.0,deux_roues,voiture,1,2,1,2,2
202000014190,2020-12-23 19:40:00,2020,12,23,19,40,75,75116,RUE BENJAMIN FRANKLIN,48.860211,2.285765,Nuit avec éclairage allumé,En agglomération,Hors intersection,Normale,Autre collision,4,2,2,0,1,1,1,0,4,50,1,2,1,0,0,1,50.0,,voiture,,5,2,1,1,6
202000014191,2020-12-24 19:05:00,2020,12,24,19,5,75,75111,AVENUE DE LA REPUBLIQUE,48.864609,2.378034,Nuit avec éclairage allumé,En agglomération,Intersection en X,Temps couvert,Autre collision,4,2,4,1,2,1,1,0,1,30,1,1,0,0,0,1,,,,,5,2,2,8,6
202000014192,2020-12-24 09:50:00,2020,12,24,9,50,75,75111,AVENUE PHILIPPE AUGUSTE,48.852925,2.393102,Plein jour,En agglomération,Hors intersection,Temps couvert,Deux véhicules - côté,4,-1,2,0,1,1,2,0,1,50,2,2,1,0,0,1,50.0,35.0,utilitaire_camion,deux_roues,1,2,1,8,3
202000014193,2020-12-24 16:00:00,2020,12,24,16,0,75,75107,PLACE DE BRETEUIL,48.847545,2.311971,Plein jour,En agglomération,Place,Pluie légère,Autre collision,4,1,1,0,1,1,2,0,1,50,1,1,0,0,0,1,,,,,1,2,7,2,6
202000014194,2020-12-24 16:30:00,2020,12,24,16,30,75,75101,QUAI DE LA MEGISSERIE,48.857968,2.344402,Plein jour,En agglomération,Intersection en T,Pluie légère,Deux véhicules - arrière,4,1,3,0,1,1,2,0,1,50,2,3,2,0,0,1,18.0,26.0,deux_roues,voiture,1,2,3,2,2
202000014195,2020-12-23 12:33:00,2020,12,23,12,33,75,75103,RUE DU GRENIER SAINT LAZARE,48.862782,2.353647,Plein jour,En agglomération,Hors intersection,Pluie légère,Deux véhicules - côté,4,2,2,0,1,1,2,0,1,30,2,2,1,0,0,1,57.0,19.0,utilitaire_camion,deux_roues,1,2,1,2,3
202000014196,2020-12-22 12:00:00,2020,12,22,12,0,94,94081,PRESIDENT SALVADOR ALLENDE (AV DU),48.7959394,2.4126953,Plein jour,En agglomération,Intersection en T,Pluie légère,Deux véhicules - côté,3,2,4,0,1,1,2,0,1,50,2,2,0,0,0,2,21.0,38.0,voiture,voiture,1,2,3,2,3
202000014197,2020-12-22 11:10:00,2020,12,22,11,10,94,94081,STALINGRAD (BD DE),48.79562,2.3842,Plein jour,En agglomération,Hors intersection,Temps couvert,Sans collision,3,1,2,0,1,1,1,9,4,50,1,1,0,0,0,1,74.0,,utilitaire_camion,,1,2,1,8,7
202000014198,2020-12-24 10:40:00,2020,12,24,10,40,94,94068,BAC (AV DU),48.79429,2.51187,Plein jour,En agglomération,Hors intersection,Pluie légère,Autre collision,3,-1,0,0,1,1,2,0,6,50,1,2,1,0,0,1,32.0,,utilitaire_camion,,1,2,1,2,6
202000014199,2020-12-23 18:20:00,2020,12,23,18,20,94,94068,CRETEIL (BD DE),48.79983,2.47173,Nuit avec éclairage allumé,En agglomération,Hors intersection,Normale,Sans collision,3,1,1,0,1,3,1,0,1,30,1,1,0,0,0,1,48.0,,deux_roues,,5,2,1,1,7
202000014200,2020-12-23 22:20:00,2020,12,23,22,20,94,94046,FOCH (AV),48.81576,2.43935,Nuit avec éclairage allumé,En agglomération,Hors intersection,Normale,Autre collision,4,2,1,0,1,1,1,0,1,50,1,1,0,0,1,0,27.0,,deux_roues,,5,2,1,1,6
202000014201,2020-12-24 18:00:00,2020,12,24,18,0,94,94041,VERDUN (AV DE),48.8116361,2.3713045,Nuit avec éclairage allumé,En agglomération,Hors intersection,Pluie légère,Deux véhicules - côté,3,2,4,1,1,1,2,0,4,50,2,2,1,0,0,1,22.0,35.0,deux_roues,voiture,5,2,1,2,3
202000014202,2020-12-24 11:21:00,2020,12,24,11,21,94,94054,MARCEL CACHIN (AV),48.747109,2.411203,Plein jour,En agglomération,Hors intersection,Pluie légère,Deux véhicules - côté,3,2,2,0,1,1,2,0,1,50,2,3,2,0,0,1,36.0,29.0,deux_roues,voiture,1,2,1,2,3
202000014203,2020-12-24 09:00:00,2020,12,24,9,0,94,94078,ANATOLE FRANCE (AV),48.743208,2.452197,Plein jour,En agglomération,Hors intersection,Pluie légère,Autre collision,4,3,2,0,1,1,2,0,1,30,1,2,1,0,0,1,59.0,,transport_commun,,1,2,1,2,6
202000014204,2020-12-18 09:50:00,2020,12,18,9,50,94,94017,ALFRED GREVIN (R),48.81492,2.51997,Plein jour,En agglomération,Giratoire,Normale,Autre collision,3,4,1,0,1,1,2,0,8,50,1,1,0,0,0,1,74.0,,deux_roues,,1,2,6,1,6
202000014205,2020-12-24 16:30:00,2020,12,24,16,30,94,94071,JEAN MOULIN (R),48.77519,2.514017,Plein jour,En agglomération,Hors intersection,Normale,Autre collision,3,2,2,0,2,1,2,0,1,50,1,2,1,0,1,0,53.0,,voiture,,1,2,1,1,6
202000014206,2020-12-24 14:15:00,2020,12,24,14,15,93,93079,SAINT LEU (ROUTE),48.95411,2.3352,Plein jour,En agglomération,Intersection en T,Pluie légère,Deux véhicules - côté,3,2,2,1,2,1,2,0,1,50,2,2,1,0,0,1,30.0,57.0,deux_roues,voiture,1,2,3,2,3
202000014207,2020-12-21 14:00:00,2020,12,21,14,0,93,93079,Rue Jules Ferry,48.9621163,2.3383847,Plein jour,En agglomération,Hors intersection,Pluie légère,Deux véhicules - frontale,4,2,2,0,1,1,2,0,1,50,2,2,1,0,0,1,40.0,46.0,voiture,voiture,1,2,1,2,1
202000014208,2020-12-24 14:54:00,2020,12,24,14,54,92,92062,DE DION BOUTON (QUAI) DU 29 AU 65,48.885526,2.251434,Plein jour,En agglomération,Intersection en T,Pluie légère,Deux véhicules - côté,3,1,5,0,1,1,2,9,1,50,2,3,1,0,0,2,30.0,31.0,voiture,voiture,1,2,3,2,3
202000014209,2020-12-23 17:40:00,2020,12,23,17,40,92,92051,"BINEAU (BOULEVARD, N°53 A 131 ET 52 A 13",48.895342,2.265941,Nuit avec éclairage allumé,En agglomération,Intersection en X,Temps couvert,Deux véhicules - côté,3,1,3,2,1,1,2,0,1,50,2,2,1,0,0,1,54.0,21.0,deux_roues,voiture,5,2,2,8,3
202000014210,2020-12-23 18:40:00,2020,12,23,18,40,92,92049,DORMOY AVENUE MARX N°102 A FIN,48.810228,2.313375,Nuit avec éclairage allumé,En agglomération,Hors intersection,Normale,Autre collision,3,3,3,3,1,1,1,0,6,30,1,1,0,0,0,1,18.0,,deux_roues,,5,2,1,1,6
202000014211,2020-12-23 00:15:00,2020,12,23,0,15,92,92024, ERIC TABARLY (QUAI),48.9121493,2.310757,Nuit avec éclairage allumé,En agglomération,Hors intersection,Pluie forte,Autre collision,3,1,3,0,1,1,3,9,1,50,1,1,0,1,0,0,49.0,,deux_roues,,5,2,1,3,6
202000014212,2020-12-24 15:35:00,2020,12,24,15,35,92,92012,HENRI MARTIN (RUE),48.837431,2.251772,Plein jour,En agglomération,Hors intersection,Pluie légère,Sans collision,4,1,1,0,1,1,2,0,1,50,1,1,0,0,0,1,38.0,,voiture,,1,2,1,2,7
202000014213,2020-12-23 21:00:00,2020,12,23,21,0,92,92004,PONT DE CLICHY,48.9102283,2.2992108,Nuit avec éclairage allumé,Hors agglomération,Hors intersection,Pluie légère,,3,2,2,0,1,1,2,2,1,50,2,2,1,0,0,1,28.0,28.0,deux_roues,voiture,5,1,1,2,-1
202000014214,2020-12-23 23:25:00,2020,12,23,23,25,92,92009,EUROPE (AVENUE),48.90685,2.26147,Nuit avec éclairage allumé,En agglomération,Autre intersection,Pluie légère,Deux véhicules - côté,3,2,2,0,1,1,2,0,1,50,2,2,1,0,0,1,28.0,23.0,deux_roues,voiture,5,2,9,2,3
202000014215,2020-12-24 16:55:00,2020,12,24,16,55,35,35127,RD 177,47.935085,-1.835511,Plein jour,Hors agglomération,Hors intersection,Temps éblouissant,Trois véhicules et plus - en chaîne,3,3,2,0,2,1,2,0,2,110,3,3,2,0,1,0,57.0,71.0,voiture,voiture,1,1,1,7,4
202000014216,2020-12-24 19:15:00,2020,12,24,19,15,60,60335,D930,49.540019,1.869532,Nuit sans éclairage public,Hors agglomération,Intersection en X,Pluie forte,Deux véhicules - côté,3,2,2,0,1,1,2,0,1,80,2,5,4,0,0,1,22.0,40.0,voiture,voiture,3,1,2,3,3
202000014217,2020-12-25 06:30:00,2020,12,25,6,30,17,17193,intersection D203  et   RD 939,46.123508,-1.046968,Nuit sans éclairage public,Hors agglomération,Intersection en X,Normale,Autre collision,3,2,2,0,1,1,1,0,1,80,1,2,1,1,0,0,21.0,,voiture,,3,1,2,1,6
202000014218,2020-12-24 23:45:00,2020,12,24,23,45,06,06006,424 Route de Castagniers,43.788422,7.243016,Nuit avec éclairage allumé,En agglomération,Hors intersection,Normale,Autre collision,9,2,2,0,2,1,1,0,1,-1,1,1,0,0,1,0,54.0,,deux_roues,,5,2,1,1,6
202000014219,2020-12-24 20:51:00,2020,12,24,20,51,08,08402,A34,49.584476,4.488438,Nuit sans éclairage public,Hors agglomération,Hors intersection,Normale,Deux véhicules - arrière,1,3,4,0,1,1,1,0,2,130,2,2,1,1,0,0,88.0,22.0,voiture,voiture,3,1,1,1,2
202000014220,2020-12-25 10:00:00,2020,12,25,10,0,43,43123,A75,45.333872,3.272561,Plein jour,Hors agglomération,Hors intersection,Neige / grêle,Sans collision,1,3,4,0,2,3,5,0,1,130,1,4,3,0,0,1,37.0,,voiture,,1,1,1,4,7
202000014221,2020-12-25 02:00:00,2020,12,25,2,0,76,76187,CD 926,49.727406,0.4372,Nuit sans éclairage public,Hors agglomération,Hors intersection,Pluie légère,Deux véhicules - frontale,3,2,2,0,1,1,2,0,1,80,2,3,0,1,1,1,49.0,53.0,voiture,voiture,3,1,1,2,1
202000014222,2020-12-24 18:50:00,2020,12,24,18,50,79,79179,,46.758772,-0.620776,Nuit sans éclairage public,Hors agglomération,Hors intersection,Normale,Deux véhicules - frontale,3,2,2,0,3,1,2,0,1,80,2,2,1,0,1,0,23.0,18.0,voiture,deux_roues,3,1,1,1,1
202000014223,2020-12-25 07:45:00,2020,12,25,7,45,69,69006,1 Rue Daniel Fargeot,45.976722,4.334198,Crépuscule ou aube,En agglomération,Hors intersection,Neige / grêle,Autre collision,3,2,2,0,1,3,2,0,1,50,1,2,1,0,1,0,65.0,,voiture,,2,2,1,4,6
202000014224,2020-12-16 13:00:00,2020,12,16,13,0,31,31377,D25,43.431917,1.725664,Plein jour,Hors agglomération,Hors intersection,Vent fort / tempête,Autre collision,3,4,2,0,2,1,1,8,6,80,1,1,0,0,1,0,62.0,,deux_roues,,1,1,1,6,6
202000014225,2020-12-25 08:45:00,2020,12,25,8,45,01,01452,D 904,45.842493,5.65327,Plein jour,Hors agglomération,Intersection en T,Temps couvert,Autre collision,3,2,2,0,1,1,1,5,1,80,1,1,0,1,0,0,76.0,,voiture,,1,1,3,8,6
202000014226,2020-12-24 19:05:00,2020,12,24,19,5,58,58258,RD 981 PR 18+423,46.8791,3.304632,Nuit sans éclairage public,Hors agglomération,Hors intersection,Pluie légère,Deux véhicules - frontale,3,2,2,0,2,3,2,0,1,80,2,2,0,1,1,0,51.0,53.0,voiture,voiture,3,1,1,2,1