accident_id,datetime,annee,mois,jour,heure,minute,departement,commune_insee,adresse,latitude,longitude,luminosite,agglomeration,intersection,meteo,collision,catr,circ,nbv,vosp,prof,plan,surf,infra,situ,vma,nb_vehicules,nb_usagers,nb_indemnes,nb_tues,nb_blesses_hosp,nb_blesses_legers,age_cond_1,age_cond_2,veh_type_cond_1,veh_type_cond_2,lum_code,agg_code,int_code,atm_code,col_code
202000014227,2020-12-24 18:10:00,2020,12,24,18,10,50,50077,RD 116,49.660329,-1.510373,Nuit sans éclairage public,Hors agglomération,Hors intersection,Vent fort / tempête,Deux véhicules - côté,3,2,2,0,1,1,1,0,1,80,2,2,1,0,1,0,29.0,47.0,utilitaire_camion,deux_roues,3,1,1,6,3
202000014228,2020-12-24 09:00:00,2020,12,24,9,0,45,45228,Route de Combreux,48.009715,2.349134,Plein jour,Hors agglomération,Hors intersection,Pluie légère,Deux véhicules - côté,3,2,2,0,1,1,2,0,1,90,2,4,1,0,1,2,77.0,29.0,voiture,voiture,1,1,1,2,3
202000014229,2020-12-24 15:45:00,2020,12,24,15,45,27,27050,D133,49.093323,0.804362,Plein jour,Hors agglomération,Intersection en X,Temps éblouissant,,3,2,2,0,1,1,1,0,1,-1,2,2,1,0,0,1,82.0,86.0,voiture,voiture,1,1,2,7,-1
202000014230,2020-12-24 19:45:00,2020,12,24,19,45,30,30274,290 Montee des Rosiers,44.175863,4.115267,Nuit avec éclairage allumé,En agglomération,Hors intersection,Normale,Deux véhicules - côté,3,2,2,0,3,2,1,0,1,50,2,2,0,0,1,1,50.0,38.0,voiture,voiture,5,2,1,1,3
202000014231,2020-12-25 17:20:00,2020,12,25,17,20,52,52470,D460,47.9837962,5.7871815,Nuit sans éclairage public,Hors agglomération,Hors intersection,Temps couvert,Autre collision,3,2,2,0,2,1,2,0,8,90,1,1,0,0,0,1,60.0,,voiture,,3,1,1,8,6
202000014232,2020-12-25 19:45:00,2020,12,25,19,45,988,98805,Avenue d'Auteuil,-22.205479,166.476678,Nuit avec éclairage allumé,En agglomération,Hors intersection,Normale,Deux véhicules - côté,4,2,2,0,1,3,1,0,1,30,2,2,1,0,1,0,60.0,7.0,utilitaire_camion,deux_roues,5,2,1,1,3
202000014233,2020-12-25 14:09:00,2020,12,25,14,9,62,62674,Autoroute A 26 sens CALAIS - REIMS,50.739422,2.14021,Plein jour,Hors agglomération,Hors intersection,Temps couvert,Autre collision,1,3,4,0,3,1,2,0,1,130,1,1,0,0,0,1,41.0,,deux_roues,,1,1,1,8,6
202000014234,2020-12-24 23:00:00,2020,12,24,23,0,973,97311,Rue du Village Pierre,5.468505,-54.045948,Nuit avec éclairage allumé,Hors agglomération,Autre intersection,Normale,Sans collision,4,2,2,0,1,3,1,0,3,50,1,3,0,0,3,0,24.0,,voiture,,5,1,9,1,7
202000014235,2020-12-24 20:30:00,2020,12,24,20,30,972,97224,53 Chemin Salubre,14.665777,-61.034358,Nuit avec éclairage allumé,Hors agglomération,Hors intersection,Normale,Sans collision,4,2,2,0,2,1,2,0,3,70,1,1,0,1,0,0,40.0,,deux_roues,,5,1,1,1,7
202000014236,2020-12-25 14:00:00,2020,12,25,14,0,29,29233,D16 - 151 Rue de Moëlan,47.8595631,-3.5642982,Plein jour,En agglomération,Hors intersection,Normale,Sans collision,3,2,2,0,1,1,1,0,1,50,1,1,0,0,1,0,54.0,,deux_roues,,1,2,1,1,7
202000014237,2020-12-24 18:00:00,2020,12,24,18,0,45,45310,D24-PR15 + 600,48.29722,2.179719,Nuit sans éclairage public,Hors agglomération,Hors intersection,Pluie légère,Autre collision,3,2,2,0,2,2,2,0,3,80,1,3,1,0,2,0,23.0,,voiture,,3,1,1,2,6
202000014238,2020-12-21 18:40:00,2020,12,21,18,40,45,45173,06 rue du général de Gaulle,47.865767,2.124288,Nuit avec éclairage allumé,En agglomération,Hors intersection,Normale,Autre collision,4,2,2,0,1,1,1,0,1,50,1,2,1,0,1,0,51.0,,voiture,,5,2,1,1,6
202000014239,2020-12-10 08:07:00,2020,12,10,8,7,77,77318,D231,48.765435,2.919243,Crépuscule ou aube,Hors agglomération,Hors intersection,Normale,Trois véhicules et plus - collisions multiples,3,2,2,0,1,1,1,0,1,80,3,3,2,0,0,1,43.0,45.0,voiture,voiture,2,1,1,1,5
202000014240,2020-12-24 17:30:00,2020,12,24,17,30,95,95211,D27,49.085939,2.107272,Nuit sans éclairage public,Hors agglomération,Hors intersection,Pluie légère,Autre collision,3,2,2,0,2,1,2,0,1,80,1,2,1,1,0,0,60.0,,voiture,,3,1,1,2,6
202000014241,2020-12-25 12:15:00,2020,12,25,12,15,89,89055,D78,47.982159,3.626926,Plein jour,Hors agglomération,Hors intersection,Temps couvert,Autre collision,3,2,2,0,1,3,2,0,1,80,1,1,0,0,0,1,25.0,,deux_roues,,1,1,1,8,6
202000014242,2020-12-25 10:12:00,2020,12,25,10,12,63,63284,Avenue Roger Coulon,45.798262,3.240598,Plein jour,En agglomération,Autre intersection,Pluie légère,Deux véhicules - arrière,7,2,2,0,1,1,2,0,1,50,2,3,2,0,1,0,22.0,84.0,voiture,voiture,1,2,9,2,2
202000014243,2020-12-24 18:55:00,2020,12,24,18,55,42,42202,Rue du Relais de Poste,45.721347,4.3422203,Nuit avec éclairage allumé,En agglomération,Hors intersection,Pluie légère,Autre collision,4,2,2,0,1,1,2,0,3,50,1,1,0,0,0,1,25.0,,voiture,,5,2,1,2,6
202000014244,2020-12-22 18:30:00,2020,12,22,18,30,01,01211,Grande Rue,46.117997,5.194731,Nuit avec éclairage allumé,En agglomération,Hors intersection,Normale,Sans collision,3,2,2,0,1,1,1,0,1,50,1,1,0,0,1,0,21.0,,deux_roues,,5,2,1,1,7
202000014245,2020-12-25 00:30:00,2020,12,25,0,30,85,85247,La Louvrenière,46.97196,-1.08711,Nuit sans éclairage public,Hors agglomération,Hors intersection,Normale,Autre collision,3,-1,2,0,2,2,1,0,8,80,1,2,1,0,1,0,41.0,,voiture,,3,1,1,1,6
202000014246,2020-12-17 04:15:00,2020,12,17,4,15,50,50564,Les Forges,49.2419,-1.319197,Nuit sans éclairage public,En agglomération,Hors intersection,Normale,Autre collision,3,2,2,0,1,1,2,9,8,50,1,2,0,0,1,1,20.0,,voiture,,3,2,1,1,6
202000014247,2020-12-24 23:35:00,2020,12,24,23,35,60,60060,,49.18197,2.218101,Nuit sans éclairage public,Hors agglomération,Hors intersection,Pluie légère,Autre collision,3,2,2,0,1,2,2,0,8,80,1,1,0,0,0,1,24.0,,voiture,,3,1,1,2,6
202000014248,2020-12-24 18:17:00,2020,12,24,18,17,13,13055,A507 sens Marseille - Aubagne,43.29563,5.42448,Nuit avec éclairage allumé,Hors agglomération,Hors intersection,Normale,Trois véhicules et plus - en chaîne,1,1,3,0,2,1,1,0,1,70,3,3,2,0,0,1,33.0,19.0,voiture,voiture,5,1,1,1,4
202000014249,2020-12-24 16:40:00,2020,12,24,16,40,13,13055,A507 sens Marseille - Aubagne,43.33139,5.38715,Crépuscule ou aube,Hors agglomération,Hors intersection,Normale,Deux véhicules - côté,1,1,3,0,1,1,1,1,1,70,2,2,1,0,0,1,19.0,39.0,voiture,voiture,2,1,1,1,3
202000014250,2020-12-23 12:15:00,2020,12,23,12,15,83,83137,A50 Accès Tunnel Tube Nord,43.12132,5.95331,Plein jour,Hors agglomération,Hors intersection,Normale,Autre collision,1,3,6,0,1,1,1,9,1,70,1,1,0,0,0,1,55.0,,deux_roues,,1,1,1,1,6
202000014251,2020-11-19 06:50:00,2020,11,19,6,50,33,33200,MAGUDAS (AVE DE),44.8585,-0.67743,Nuit avec éclairage allumé,En agglomération,Giratoire,Pluie légère,Deux véhicules - arrière,4,2,6,2,1,1,2,5,1,50,2,1,0,0,0,1,19.0,,deux_roues,,5,2,6,2,2
202000014252,2020-11-19 14:00:00,2020,11,19,14,0,32,32013,SADI-CARNOT (BOULEVARD),43.64082,0.58576,Plein jour,En agglomération,Hors intersection,Normale,Deux véhicules - côté,2,2,-1,0,1,1,1,0,1,50,2,2,1,0,0,1,56.0,32.0,deux_roues,voiture,1,2,1,1,3
202000014253,2020-11-18 08:45:00,2020,11,18,8,45,31,31149,AUBE (ALLEE DE L'),43.61816,1.33387,Plein jour,En agglomération,Hors intersection,Normale,Autre collision,4,2,2,0,1,1,1,0,1,50,1,2,1,0,0,1,39.0,,voiture,,1,2,1,1,6
202000014254,2020-11-19 18:48:00,2020,11,19,18,48,31,31555,AV DU DR MAURICE GRYNFOGEL,43.58068,1.3765,Nuit avec éclairage allumé,En agglomération,Hors intersection,Normale,Autre collision,4,2,2,0,1,3,1,0,1,50,1,1,0,0,0,1,,,,,5,2,1,1,6
202000014255,2020-11-19 12:35:00,2020,11,19,12,35,27,27681,CHANTEREINE (PLACE),49.09602,1.48314,Plein jour,En agglomération,Hors intersection,Temps couvert,Deux véhicules - arrière,3,-1,2,0,1,1,1,0,1,50,2,2,1,0,0,1,26.0,39.0,voiture,voiture,1,2,1,8,2
202000014256,2020-11-19 18:23:00,2020,11,19,18,23,17,17300,MOULIN   AVENUE JEAN,46.15305,-1.13945,Nuit avec éclairage allumé,En agglomération,Hors intersection,Normale,Deux véhicules - côté,4,4,4,0,1,1,1,0,1,50,2,1,0,0,1,0,17.0,,deux_roues,,5,2,1,1,3
202000014257,2020-11-19 05:55:00,2020,11,19,5,55,13,13117,CHEMIN DEPARTEMENTAL CD 20,43.443469,5.232058,Nuit sans éclairage public,Hors agglomération,Hors intersection,Normale,Autre collision,3,1,2,0,2,1,1,0,1,90,1,1,0,0,0,1,38.0,,voiture,,3,1,1,1,6
202000014258,2020-11-19 16:50:00,2020,11,19,16,50,13,13208,DOCTEUR BERTRAND (RUE),43.2467588,5.3818224,Plein jour,En agglomération,Hors intersection,Normale,Autre collision,4,2,2,0,1,1,1,0,1,50,1,2,1,0,1,0,37.0,,voiture,,1,2,1,1,6
202000014259,2020-11-19 14:38:00,2020,11,19,14,38,13,13208,ROUET (RUE DU),43.279,5.39,Plein jour,En agglomération,Autre intersection,Normale,Autre collision,4,1,1,0,1,1,1,0,1,50,1,2,1,0,0,1,44.0,,voiture,,1,2,9,1,6
202000014260,2020-11-19 13:00:00,2020,11,19,13,0,13,13206,SAINT SEBASTIEN (RUE),43.28549,5.38253,Plein jour,En agglomération,Intersection en X,Normale,Autre collision,4,1,1,0,1,1,1,0,1,50,1,2,1,0,0,1,18.0,,voiture,,1,2,2,1,6
202000014261,2020-11-19 08:15:00,2020,11,19,8,15,13,13001,GAUTIER DE LA LAUZIERE J.P (RUE),43.482404,5.3650812,Plein jour,En agglomération,Giratoire,Normale,Deux véhicules - arrière,4,1,1,0,1,2,1,9,1,50,2,2,1,0,0,1,47.0,56.0,voiture,deux_roues,1,2,6,1,2
202000014262,2020-11-19 14:15:00,2020,11,19,14,15,09,09122,SIBIAN (AVENUE DE),42.9652,1.5936,Plein jour,En agglomération,Hors intersection,Pluie légère,Deux véhicules - frontale,3,2,2,0,2,1,2,0,1,50,2,2,1,0,0,1,22.0,22.0,deux_roues,voiture,1,2,1,2,1
202000014263,2020-11-18 14:40:00,2020,11,18,14,40,06,06029,PICAUD (AVENUE DU DOCTEUR),43.5503874,6.991022,Plein jour,Hors agglomération,Hors intersection,Normale,Deux véhicules - côté,4,2,2,0,1,1,1,0,1,50,2,2,1,0,0,1,41.0,58.0,deux_roues,deux_roues,1,1,1,1,3
202000014264,2020-11-18 10:30:00,2020,11,18,10,30,04,04112,Parking laboratoire d'analyses de biologie médicale,43.83033,5.80474,Plein jour,En agglomération,Hors intersection,Normale,Autre collision,6,-1,0,0,1,1,1,9,8,30,1,2,1,0,0,1,71.0,,voiture,,1,2,1,1,6
202000014265,2020-11-19 18:20:00,2020,11,19,18,20,75,75119,RUE MANIN,48.883118,2.386668,Nuit avec éclairage allumé,En agglomération,Hors intersection,Pluie légère,Deux véhicules - côté,4,2,2,0,1,1,2,0,1,50,2,2,1,0,0,1,33.0,25.0,voiture,deux_roues,5,2,1,2,3
202000014266,2020-11-19 09:40:00,2020,11,19,9,40,75,75119,PLACE AUGUSTE BARON,48.900109,2.388373,Plein jour,En agglomération,Place,Normale,Deux véhicules - côté,4,1,2,0,1,2,1,0,1,50,2,1,0,0,0,1,37.0,,voiture,,1,2,7,1,3
202000014267,2020-11-19 09:00:00,2020,11,19,9,0,75,75119,BOULEVARD MACDONALD,48.898754,2.373144,Plein jour,En agglomération,Intersection en T,Normale,Deux véhicules - côté,4,2,4,0,1,1,1,0,1,50,2,2,1,0,0,1,41.0,31.0,voiture,deux_roues,1,2,3,1,3
202000014268,2020-11-19 13:45:00,2020,11,19,13,45,75,75118,AVENUE DE LA PORTE DE MONTMARTRE,48.89915,2.336254,Plein jour,En agglomération,Intersection en X,Normale,Autre collision,4,-1,4,0,1,1,1,0,1,50,1,2,1,0,0,1,44.0,,utilitaire_camion,,1,2,2,1,6
202000014269,2020-11-19 14:45:00,2020,11,19,14,45,75,75118,BOULEVARD NEY,48.898694,2.359368,Plein jour,En agglomération,Intersection en X,Pluie légère,Deux véhicules - côté,4,2,2,0,1,1,2,0,1,50,2,3,1,0,0,2,28.0,17.0,deux_roues,deux_roues,1,2,2,2,3
202000014270,2020-11-19 20:20:00,2020,11,19,20,20,75,75115,RUE DE LA PORTE D ISSY,48.833196,2.282329,Nuit avec éclairage allumé,En agglomération,Hors intersection,Pluie légère,Sans collision,4,1,3,0,1,1,2,0,1,50,1,1,0,0,0,1,33.0,,deux_roues,,5,2,1,2,7
202000014271,2020-11-18 21:40:00,2020,11,18,21,40,75,75115,QUAI BRANLY,48.85458,2.28885,Nuit avec éclairage allumé,En agglomération,Intersection en X,Normale,Deux véhicules - côté,4,2,6,1,1,1,1,-1,5,50,2,1,0,0,0,1,19.0,,deux_roues,,5,2,2,1,3
202000014272,2020-11-19 10:40:00,2020,11,19,10,40,75,75114,RUE FROIDEVAUX,48.836626,2.325834,Plein jour,En agglomération,Intersection en T,Normale,Deux véhicules - côté,4,2,4,0,2,1,1,0,1,50,2,2,1,0,0,1,65.0,57.0,voiture,deux_roues,1,2,3,1,3
202000014273,2020-11-17 13:48:00,2020,11,17,13,48,75,75113,PONT CHARLES DE GAULLE,48.841921,2.367869,Plein jour,En agglomération,Intersection en X,Normale,Deux véhicules - frontale,4,1,4,0,1,1,1,2,1,50,2,3,2,0,0,1,39.0,52.0,deux_roues,voiture,1,2,2,1,1
202000014274,2020-11-19 18:40:00,2020,11,19,18,40,75,75110,RUE DU FAUBOURG SAINT DENIS,48.883784,2.359218,Plein jour,En agglomération,Hors intersection,Pluie légère,Deux véhicules - arrière,4,-1,2,0,1,1,2,-1,6,50,2,2,1,0,0,1,28.0,40.0,voiture,deux_roues,1,2,1,2,2
202000014275,2020-11-19 07:30:00,2020,11,19,7,30,75,75109,RUE DU FAUBOURG POISSONNIERE,48.873446,2.347909,Plein jour,En agglomération,Intersection en T,Normale,Deux véhicules - côté,4,1,2,0,1,1,1,0,1,50,2,3,2,0,0,1,51.0,46.0,voiture,deux_roues,1,2,3,1,3
202000014276,2020-11-19 01:43:00,2020,11,19,1,43,75,75111,RUE SAINT SABIN,48.857432,2.369846,Nuit avec éclairage allumé,En agglomération,Intersection en X,Pluie légère,Deux véhicules - côté,4,1,1,0,1,1,2,0,1,30,2,5,0,0,0,5,52.0,28.0,utilitaire_camion,voiture,5,2,2,2,3
202000014277,2020-11-19 10:00:00,2020,11,19,10,0,75,75101,QUAI DE LA MEGISSERIE,48.85722,2.347098,Plein jour,En agglomération,Intersection en X,Normale,Deux véhicules - côté,4,1,0,0,1,1,1,-1,5,50,2,2,1,0,0,1,39.0,42.0,utilitaire_camion,deux_roues,1,2,2,1,3
202000014278,2020-11-18 19:20:00,2020,11,18,19,20,75,75104,RUE DU PONT LOUIS PHILIPPE,48.8546,2.355179,Nuit avec éclairage allumé,En agglomération,Intersection en X,Normale,Deux véhicules - côté,4,2,2,1,1,1,1,-1,5,30,2,2,1,0,0,1,38.0,48.0,deux_roues,utilitaire_camion,5,2,2,1,3
202000014279,2020-11-19 11:55:00,2020,11,19,11,55,94,94081,CHOISY (R DE),48.78475,2.4004,Plein jour,En agglomération,Hors intersection,Normale,Autre collision,4,2,2,0,1,1,1,0,1,50,1,2,1,0,0,1,43.0,,utilitaire_camion,,1,2,1,1,6
202000014280,2020-11-19 19:50:00,2020,11,19,19,50,94,94080,FONTENAY (R DE),48.8479,2.44309,Nuit avec éclairage allumé,En agglomération,Hors intersection,Normale,Autre collision,3,2,2,2,1,1,2,0,1,50,1,2,1,0,0,1,40.0,,deux_roues,,5,2,1,1,6
202000014281,2020-11-19 11:10:00,2020,11,19,11,10,94,94068,GENERAL GIRAUD (BD DU),48.793419,2.47859,Plein jour,En agglomération,Intersection en X,Temps couvert,Deux véhicules - côté,4,1,1,0,1,1,1,0,1,50,2,1,0,0,1,0,28.0,,deux_roues,,1,2,2,8,3
202000014282,2020-11-19 20:30:00,2020,11,19,20,30,94,94037,PAUL VAILLANT COUTURIER (AV),48.82,2.34,Nuit avec éclairage allumé,En agglomération,Hors intersection,Pluie légère,Deux véhicules - côté,3,2,2,0,1,1,2,0,1,50,2,2,1,0,0,1,20.0,29.0,voiture,deux_roues,5,2,1,2,3
202000014283,2020-11-19 09:10:00,2020,11,19,9,10,94,94065,rue d'auvergne,48.76019,2.35485,Plein jour,En agglomération,Hors intersection,Normale,Deux véhicules - côté,4,1,1,0,1,1,1,0,1,50,2,2,1,0,0,1,62.0,60.0,utilitaire_camion,voiture,1,2,1,1,3
202000014284,2020-11-19 11:20:00,2020,11,19,11,20,94,94004,GENERAL LECLERC (AV DU),48.753885,2.50656,Plein jour,En agglomération,Autre intersection,Normale,Deux véhicules - arrière,2,3,5,0,2,2,1,0,1,50,2,3,2,0,0,1,36.0,25.0,utilitaire_camion,transport_commun,1,2,9,1,2
202000014285,2020-11-19 13:08:00,2020,11,19,13,8,93,93078,R HENRI BARBUSSE,48.96485,2.53125,Plein jour,En agglomération,Hors intersection,Pluie légère,Autre collision,4,1,1,0,1,1,2,0,1,50,1,2,1,0,0,1,46.0,,voiture,,1,2,1,2,6
202000014286,2020-11-18 11:10:00,2020,11,18,11,10,93,93073,RTE DE LA CROIX DU PLATRE,48.98432,2.53457,Plein jour,Hors agglomération,Autre intersection,Temps éblouissant,Autre collision,4,2,2,0,1,1,1,0,3,70,1,3,0,0,0,3,19.0,,utilitaire_camion,,1,1,9,7,6
202000014287,2020-11-19 14:44:00,2020,11,19,14,44,93,93049,HENRIETTE SAVAETE (RUE),48.85745,2.49578,Plein jour,En agglomération,Intersection en T,Normale,Trois véhicules et plus - collisions multiples,4,2,2,0,1,1,1,0,1,50,3,2,1,0,0,1,28.0,32.0,deux_roues,utilitaire_camion,1,2,3,1,5
202000014288,2020-11-18 12:10:00,2020,11,18,12,10,93,93063,ORMES RUE DES,48.8722218,2.4399443,Plein jour,En agglomération,Intersection en T,Normale,Autre collision,3,2,2,0,1,1,1,0,1,50,1,2,1,0,0,1,48.0,,voiture,,1,2,3,1,6
202000014289,2020-11-18 22:40:00,2020,11,18,22,40,93,93027,SALENGRO (AVENUE ROGER),48.93757,2.38808,Nuit sans éclairage public,Hors agglomération,Hors intersection,Normale,Autre collision,3,1,1,0,1,1,1,0,1,50,1,2,1,0,0,1,24.0,,utilitaire_camion,,3,1,1,1,6
202000014290,2020-11-19 14:45:00,2020,11,19,14,45,92,92072,EUROPE (AVENUE DE L'),48.822096,2.2070431,Plein jour,En agglomération,Hors intersection,Normale,Autre collision,3,1,1,0,1,1,1,0,1,30,1,2,1,0,0,1,77.0,,voiture,,1,2,1,1,6
202000014291,2020-11-19 22:20:00,2020,11,19,22,20,92,92050,SADI CARNOT RUE,48.888425,2.2055309,Nuit sans éclairage public,En agglomération,Hors intersection,Normale,Sans collision,4,1,1,1,1,1,2,0,5,30,1,1,0,0,0,1,22.0,,deux_roues,,3,2,1,1,7
202000014292,2020-11-19 10:00:00,2020,11,19,10,0,92,92050,JOLIOT CURIE F. ET IRENE AVENUE  N°PAIRS,48.89348,2.21147,Plein jour,En agglomération,Hors intersection,Normale,Deux véhicules - arrière,3,3,4,0,4,1,1,0,1,50,2,2,1,0,0,1,42.0,17.0,voiture,deux_roues,1,2,1,1,2
202000014293,2020-11-19 07:55:00,2020,11,19,7,55,92,92040,GABRIEL PERI,48.8201112,2.2745427,Plein jour,En agglomération,Hors intersection,Normale,Autre collision,3,2,2,0,2,1,1,0,1,30,1,2,1,0,0,1,45.0,,voiture,,1,2,1,1,6
202000014294,2020-11-19 19:27:00,2020,11,19,19,27,92,92024,JEAN JAURES (BD) DE 47 A 109)   (56 A 14,48.9010066,2.3053801,Nuit avec éclairage allumé,En agglomération,Hors intersection,Pluie légère,Sans collision,3,1,1,0,1,1,2,0,1,50,1,1,0,0,0,1,24.0,,deux_roues,,5,2,1,2,7
202000014295,2020-11-19 12:25:00,2020,11,19,12,25,92,92019,SALENGRO ROGER (RUE),48.7728133,2.2757362,Plein jour,En agglomération,Intersection en X,Normale,Deux véhicules - côté,3,2,4,2,2,1,1,0,1,50,2,3,2,0,0,1,17.0,35.0,deux_roues,utilitaire_camion,1,2,2,1,3
202000014296,2020-11-19 09:15:00,2020,11,19,9,15,92,92019,Avenue de la Division Leclerc,48.76192,2.28679,Plein jour,En agglomération,Hors intersection,Normale,Deux véhicules - côté,3,2,2,0,1,1,1,0,1,50,2,2,1,0,0,1,17.0,55.0,deux_roues,voiture,1,2,1,1,3
202000014297,2020-11-18 18:17:00,2020,11,18,18,17,92,92019,PLESSIS PIQUET (ROUTE DU),48.76947,2.24799,Nuit sans éclairage public,En agglomération,Hors intersection,Normale,Autre collision,4,2,2,0,1,1,1,0,1,50,1,2,1,0,0,1,56.0,,deux_roues,,3,2,1,1,6
202000014298,2020-11-19 20:30:00,2020,11,19,20,30,92,92007,PASTEUR (AVENUE LOUIS) N° 1 A 39 ET 2 A,48.7997613,2.317953,Nuit avec éclairage allumé,En agglomération,Intersection en T,Pluie légère,Autre collision,3,2,4,2,1,1,2,0,1,50,1,2,1,0,0,1,21.0,,voiture,,5,2,3,2,6
202000014299,2020-11-19 18:15:00,2020,11,19,18,15,92,92004,DOCTEUR DERVAUX  ( QUAI DU ),48.90878,2.29316,Plein jour,Hors agglomération,Hors intersection,Pluie légère,Trois véhicules et plus - en chaîne,3,2,4,0,1,1,2,0,1,50,3,3,1,0,0,2,18.0,49.0,deux_roues,voiture,1,1,1,2,4
202000014300,2020-11-19 18:15:00,2020,11,19,18,15,92,92009,ARGENTEUIL ( AVENUE D' ),48.9165668,2.2821733,Plein jour,En agglomération,Hors intersection,Normale,Autre collision,3,2,2,0,1,1,1,0,1,50,1,1,0,0,0,1,,,,,1,2,1,1,6
202000014301,2020-11-16 17:00:00,2020,11,16,17,0,974,97415,Sans Souci,-20.973667,55.319692,Plein jour,Hors agglomération,Hors intersection,Normale,Trois véhicules et plus - collisions multiples,3,2,2,0,2,3,1,0,1,50,3,3,2,0,1,0,50.0,48.0,deux_roues,transport_commun,1,1,1,1,5
202000014302,2020-11-20 01:00:00,2020,11,20,1,0,974,97415,Grotte des Premiers Français (Parc),-21.015116,55.260823,Nuit avec éclairage allumé,En agglomération,Intersection en Y,Normale,Deux véhicules - côté,2,2,2,0,1,1,1,5,1,50,2,3,1,0,2,0,23.0,43.0,voiture,deux_roues,5,2,4,1,3
202000014303,2020-11-20 07:15:00,2020,11,20,7,15,62,62812,D341,50.644693,2.034853,Crépuscule ou aube,Hors agglomération,Intersection en X,Normale,Deux véhicules - frontale,3,2,2,0,1,1,1,0,1,70,2,3,0,0,3,0,40.0,31.0,voiture,utilitaire_camion,2,1,2,1,1
202000014304,2020-11-20 09:05:00,2020,11,20,9,5,85,85073,D7,46.493222,-1.163049,Plein jour,Hors agglomération,Hors intersection,Normale,Autre collision,3,2,2,0,1,2,1,0,3,80,1,1,0,0,1,0,44.0,,utilitaire_camion,,1,1,1,1,6
202000014305,2020-11-20 03:15:00,2020,11,20,3,15,988,98812,Karembe,-20.625783,164.34058,Nuit sans éclairage public,Hors agglomération,Hors intersection,Normale,Sans collision,2,2,2,0,1,1,1,0,3,110,1,2,0,0,2,0,33.0,,voiture,,3,1,1,1,7
202000014306,2020-11-19 18:05:00,2020,11,19,18,5,974,97422,Rue Jules Bertaut,-21.28053,55.516895,Plein jour,En agglomération,Intersection en X,Normale,Autre collision,4,1,1,0,2,1,1,0,1,50,1,2,1,1,0,0,57.0,,voiture,,1,2,2,1,6
202000014307,2020-11-19 19:20:00,2020,11,19,19,20,83,83004,Route Nationale 7,43.4477,6.478522,Nuit sans éclairage public,Hors agglomération,Hors intersection,Normale,Deux véhicules - arrière,3,2,2,0,1,1,1,0,1,80,2,2,1,0,1,0,39.0,18.0,utilitaire_camion,deux_roues,3,1,1,1,2
202000014308,2020-11-17 23:30:00,2020,11,17,23,30,22,22206,N12,48.536333,-3.022394,Nuit sans éclairage public,Hors agglomération,Hors intersection,Normale,Deux véhicules - arrière,2,3,4,0,2,2,1,0,1,110,2,2,1,0,1,0,64.0,44.0,voiture,utilitaire_camion,3,1,1,1,2
202000014309,2020-11-14 17:05:00,2020,11,14,17,5,974,97410,110 bis RN3,-21.064938,55.708001,Plein jour,Hors agglomération,Hors intersection,Normale,Trois véhicules et plus - en chaîne,2,2,2,0,2,3,1,0,1,80,3,3,1,0,0,2,36.0,25.0,deux_roues,voiture,1,1,1,1,4
202000014310,2020-11-20 19:40:00,2020,11,20,19,40,50,50175,Route nationale 13 pk 31.300,49.482708,-1.391101,Nuit sans éclairage public,Hors agglomération,Hors intersection,Pluie légère,Autre collision,2,2,2,0,2,2,2,0,1,110,1,1,0,0,1,0,65.0,,voiture,,3,1,1,2,6
202000014311,2020-10-23 12:00:00,2020,10,23,12,0,36,36150,,46.4361713,1.4796408,Plein jour,Hors agglomération,Hors intersection,Pluie forte,Autre collision,1,3,4,0,2,2,2,0,3,130,1,4,2,0,1,1,24.0,,utilitaire_camion,,1,1,1,3,6
202000014312,2020-11-19 18:24:00,2020,11,19,18,24,62,62268,D127,50.673927,1.822572,Nuit sans éclairage public,Hors agglomération,Intersection en X,Pluie légère,Deux véhicules - côté,3,2,2,0,2,1,2,5,1,70,2,3,2,0,1,0,25.0,62.0,voiture,voiture,3,1,2,2,3
202000014313,2020-11-19 17:20:00,2020,11,19,17,20,34,34310,D154e1,43.410383,3.170639,Crépuscule ou aube,Hors agglomération,Intersection en T,Normale,Deux véhicules - côté,3,2,2,0,1,1,1,0,1,80,2,2,1,0,1,0,33.0,44.0,deux_roues,voiture,2,1,3,1,3
202000014314,2020-11-19 10:45:00,2020,11,19,10,45,22,22366,le yar,48.620563,-3.590941,Plein jour,Hors agglomération,Hors intersection,Normale,Autre collision,4,2,2,0,2,1,2,0,1,80,1,2,1,0,1,0,54.0,,utilitaire_camion,,1,1,1,1,6
202000014315,2020-11-19 19:40:00,2020,11,19,19,40,29,29274,Lieu Dit Kereren,47.97043,-3.716834,Nuit sans éclairage public,Hors agglomération,Hors intersection,Normale,Sans collision,4,2,1,0,1,1,1,0,1,80,1,1,0,0,0,1,17.0,,deux_roues,,3,1,1,1,7
202000014316,2020-11-19 19:40:00,2020,11,19,19,40,29,29003,Rue de Kerivoas,48.0286618,-4.5568815,Nuit avec éclairage allumé,En agglomération,Intersection en T,Normale,Deux véhicules - côté,3,2,2,-1,1,1,1,5,1,50,2,2,1,0,0,1,15.0,45.0,deux_roues,voiture,5,2,3,1,3