accident_id,datetime,annee,mois,jour,heure,minute,departement,commune_insee,adresse,latitude,longitude,luminosite,agglomeration,intersection,meteo,collision,catr,circ,nbv,vosp,prof,plan,surf,infra,situ,vma,nb_vehicules,nb_usagers,nb_indemnes,nb_tues,nb_blesses_hosp,nb_blesses_legers,age_cond_1,age_cond_2,veh_type_cond_1,veh_type_cond_2,lum_code,agg_code,int_code,atm_code,col_code
202000014317,2020-11-19 15:30:00,2020,11,19,15,30,29,29215,Chemin de la Corniche,47.979146,-4.430408,Plein jour,En agglomération,Intersection en T,Normale,Autre collision,4,2,2,0,1,3,1,5,1,50,1,1,0,0,0,1,40.0,,voiture,,1,2,3,1,6
202000014318,2020-11-19 09:40:00,2020,11,19,9,40,31,31118,D29,43.8035,1.363024,Plein jour,Hors agglomération,Hors intersection,Pluie légère,Deux véhicules - frontale,3,2,2,0,1,3,2,0,1,80,2,2,0,0,1,1,51.0,45.0,voiture,voiture,1,1,1,2,1
202000014319,2020-11-20 18:05:00,2020,11,20,18,5,38,38130,Avenue du Marechal Joffre,45.389044,5.271024,Crépuscule ou aube,En agglomération,Hors intersection,Normale,Autre collision,3,2,2,0,1,1,1,0,1,50,1,2,1,0,0,1,24.0,,voiture,,2,2,1,1,6
202000014320,2020-11-20 13:25:00,2020,11,20,13,25,02,02215,5 Rue de Reims,49.462265,3.824381,Plein jour,En agglomération,Hors intersection,Normale,Deux véhicules - côté,3,2,2,0,1,1,1,0,1,50,2,2,1,0,1,0,83.0,7.0,voiture,deux_roues,1,2,1,1,3
202000014321,2020-11-20 16:45:00,2020,11,20,16,45,03,03128,Rue de la Patarianne,46.3712417,2.4782774,Plein jour,En agglomération,Intersection en Y,Normale,Autre collision,3,2,2,0,1,1,1,0,1,50,1,3,1,0,1,1,69.0,,voiture,,1,2,4,1,6
202000014322,2020-11-20 15:15:00,2020,11,20,15,15,01,01320,306 Route de Saint Laurent,46.302273,4.866343,Plein jour,En agglomération,Hors intersection,Normale,Autre collision,3,2,2,0,1,1,1,0,4,50,1,1,0,0,1,0,16.0,,deux_roues,,1,2,1,1,6
202000014323,2020-11-20 04:50:00,2020,11,20,4,50,66,66124,Boulevard du Cambre d'Aze,42.499512,2.041397,Nuit avec éclairage allumé,En agglomération,Hors intersection,Normale,Autre collision,4,2,2,0,1,3,9,0,3,50,1,2,1,0,0,1,20.0,,voiture,,5,2,1,1,6
202000014324,2020-11-19 21:30:00,2020,11,19,21,30,54,54425,3 Rue du Huit Mai,49.30807,5.78295,Nuit avec éclairage allumé,En agglomération,Hors intersection,Normale,Autre collision,3,2,2,0,1,2,2,0,3,50,1,1,0,0,1,0,21.0,,voiture,,5,2,1,1,6
202000014325,2020-11-20 07:34:00,2020,11,20,7,34,64,64335,Route de l'Aviation,43.360438,-0.414766,Crépuscule ou aube,Hors agglomération,Hors intersection,Normale,Deux véhicules - arrière,3,2,2,0,1,1,1,0,1,80,2,2,1,0,1,0,52.0,15.0,voiture,deux_roues,2,1,1,1,2
202000014326,2020-11-19 11:45:00,2020,11,19,11,45,36,36006,3 Place de la République,46.5887391,1.5193754,Plein jour,En agglomération,Place,Normale,Autre collision,3,2,2,0,1,1,1,5,1,50,1,2,1,0,1,0,59.0,,utilitaire_camion,,1,2,7,1,6
202000014327,2020-11-19 18:00:00,2020,11,19,18,0,67,67471,Rue des Rossignols,48.634454,7.736987,Nuit avec éclairage allumé,En agglomération,Hors intersection,Normale,Autre collision,4,2,2,0,1,1,1,9,1,50,1,2,1,0,0,1,59.0,,voiture,,5,2,1,1,6
202000014328,2020-11-19 04:00:00,2020,11,19,4,0,67,67471,Rue du Ried,48.635259,7.769517,Nuit sans éclairage public,En agglomération,Hors intersection,Normale,Sans collision,4,2,2,0,3,2,1,-1,8,30,1,1,0,0,1,0,18.0,,deux_roues,,3,2,1,1,7
202000014329,2020-11-09 12:15:00,2020,11,9,12,15,973,97309,Avenue Gaston Monnerville,4.887559,-52.279923,Plein jour,En agglomération,Hors intersection,Normale,Deux véhicules - frontale,3,2,2,0,1,1,1,0,1,50,2,2,1,0,0,1,28.0,52.0,voiture,voiture,1,2,1,1,1
202000014330,2020-11-20 05:55:00,2020,11,20,5,55,68,68297,A35,47.578046,7.558293,Nuit sans éclairage public,Hors agglomération,Hors intersection,Pluie légère,Deux véhicules - arrière,1,3,4,0,1,1,2,0,1,70,2,2,1,0,0,1,53.0,28.0,voiture,voiture,3,1,1,2,2
202000014331,2020-11-19 23:47:00,2020,11,19,23,47,47,47046,A62,44.3665904,0.2425077,Nuit sans éclairage public,Hors agglomération,Hors intersection,Normale,Deux véhicules - frontale,1,3,4,0,1,1,1,0,1,130,2,2,1,1,0,0,33.0,47.0,voiture,utilitaire_camion,3,1,1,1,1
202000014332,2020-11-19 14:10:00,2020,11,19,14,10,987,98729,RT 91,-17.481931,-149.8007995,Plein jour,Hors agglomération,Hors intersection,Pluie légère,Deux véhicules - arrière,2,2,2,0,1,1,2,0,1,60,2,2,1,0,1,0,64.0,49.0,voiture,deux_roues,1,1,1,2,2
202000014333,2020-11-19 19:30:00,2020,11,19,19,30,973,97305,35 Avenue Pripri Soula,4.929943,-52.410048,Nuit avec éclairage non allumé,En agglomération,Hors intersection,Normale,Autre collision,4,2,2,0,1,1,1,0,1,50,1,2,1,0,1,0,38.0,,voiture,,4,2,1,1,6
202000014334,2020-11-20 11:45:00,2020,11,20,11,45,45,45226,9 Route de Sully,47.7917955,2.2522569,Plein jour,En agglomération,Hors intersection,Normale,Sans collision,3,2,2,0,1,1,1,0,3,70,1,1,0,0,0,1,38.0,,deux_roues,,1,2,1,1,7
202000014335,2020-11-20 16:10:00,2020,11,20,16,10,04,04197,RD 4096,43.780537,5.767956,Plein jour,En agglomération,Hors intersection,Normale,Autre collision,3,2,2,0,1,1,1,0,3,50,1,2,0,1,0,1,41.0,,voiture,,1,2,1,1,6
202000014336,2020-11-19 11:00:00,2020,11,19,11,0,70,70026,8 Place Aristide Briand,47.455994,5.588057,Plein jour,En agglomération,Giratoire,Normale,Autre collision,9,2,2,0,1,1,1,0,1,50,1,2,1,0,0,1,74.0,,voiture,,1,2,6,1,6
202000014337,2020-11-20 12:00:00,2020,11,20,12,0,52,52269,avenue de l'Europe,47.871619,5.337585,Plein jour,En agglomération,Intersection en X,Normale,Deux véhicules - côté,3,2,2,0,1,1,1,5,1,50,2,2,1,0,1,0,20.0,18.0,deux_roues,voiture,1,2,2,1,3
202000014338,2020-11-20 12:00:00,2020,11,20,12,0,57,57474,Rue de Boussange,49.25817,6.159961,Plein jour,En agglomération,Hors intersection,Normale,Autre collision,3,2,2,0,1,1,1,0,1,50,1,2,1,0,0,1,55.0,,voiture,,1,2,1,1,6
202000014339,2020-11-20 07:00:00,2020,11,20,7,0,74,74220,Route de l'Eculaz,46.138683,6.285848,Crépuscule ou aube,Hors agglomération,Hors intersection,Pluie légère,Trois véhicules et plus - en chaîne,3,2,2,0,1,1,2,0,1,-1,3,5,3,0,1,1,23.0,26.0,voiture,voiture,2,1,1,2,4
202000014340,2020-11-20 16:20:00,2020,11,20,16,20,64,64067,d837,43.243812,-0.289196,Plein jour,Hors agglomération,Giratoire,Normale,Deux véhicules - côté,3,1,1,0,1,2,1,0,1,50,2,2,1,0,0,1,54.0,37.0,deux_roues,voiture,1,1,6,1,3
202000014341,2020-11-20 06:15:00,2020,11,20,6,15,85,85151,"D92, le gautreau",46.987586,-0.932458,Nuit avec éclairage non allumé,En agglomération,Hors intersection,Normale,Sans collision,3,2,2,0,1,1,1,0,3,50,1,1,0,0,1,0,21.0,,deux_roues,,4,2,1,1,7
202000014342,2020-11-20 04:40:00,2020,11,20,4,40,27,27249,D69 PR 10.840,49.174746,1.258063,Nuit sans éclairage public,Hors agglomération,Hors intersection,Normale,Autre collision,3,2,2,0,1,1,2,0,3,80,1,1,0,0,1,0,32.0,,voiture,,3,1,1,1,6
202000014343,2020-11-19 09:00:00,2020,11,19,9,0,13,13207,Tunnel Prado Carénage,43.285051,5.384256,Plein jour,Hors agglomération,Hors intersection,Normale,Autre collision,1,1,3,0,1,1,1,1,1,60,1,1,0,0,0,1,23.0,,voiture,,1,1,1,1,6
202000014344,2020-11-13 08:05:00,2020,11,13,8,5,83,83123,A50,43.1464222,5.7761264,Plein jour,Hors agglomération,Hors intersection,Normale,Trois véhicules et plus - collisions multiples,1,3,6,0,3,1,1,0,1,110,3,2,1,0,0,1,36.0,36.0,utilitaire_camion,utilitaire_camion,1,1,1,1,5
202000014345,2020-11-19 16:08:00,2020,11,19,16,8,33,33550,ROCADE A 630,44.7796,-0.57397,Plein jour,Hors agglomération,Hors intersection,Normale,Deux véhicules - arrière,1,3,6,0,1,1,1,0,1,90,2,2,1,0,0,1,48.0,47.0,voiture,utilitaire_camion,1,1,1,1,2
202000014346,2020-11-18 20:45:00,2020,11,18,20,45,91,91235,RN 104,48.6261,2.3551,Nuit sans éclairage public,Hors agglomération,Hors intersection,Normale,Deux véhicules - arrière,2,1,2,0,1,1,1,0,1,110,2,3,1,0,0,2,24.0,24.0,voiture,voiture,3,1,1,1,2
202000014347,2020-11-19 19:30:00,2020,11,19,19,30,93,93005,AUTOROUTE A3,48.9680356,2.4778582,Nuit sans éclairage public,Hors agglomération,Hors intersection,Pluie légère,Trois véhicules et plus - en chaîne,1,3,-1,0,1,2,2,0,1,90,3,2,1,0,0,1,48.0,40.0,utilitaire_camion,voiture,3,1,1,2,4
202000014348,2020-11-18 20:10:00,2020,11,18,20,10,93,93078,AUTOROUTE A104,48.95925,2.53716,Nuit sans éclairage public,Hors agglomération,Hors intersection,Normale,Trois véhicules et plus - collisions multiples,1,3,7,0,1,2,1,0,1,90,3,4,3,0,0,1,26.0,61.0,voiture,voiture,3,1,1,1,5
202000014349,2020-11-18 16:25:00,2020,11,18,16,25,93,93048,AUTOROUTE A86,48.86425,2.43236,Plein jour,Hors agglomération,Hors intersection,Normale,Trois véhicules et plus - en chaîne,1,3,6,0,1,1,1,1,1,90,3,3,2,0,0,1,39.0,26.0,utilitaire_camion,utilitaire_camion,1,1,1,1,4
202000014350,2020-11-19 09:15:00,2020,11,19,9,15,94,94046,A86 INT,48.8097497,2.4488551,Plein jour,Hors agglomération,Hors intersection,Normale,Trois véhicules et plus - en chaîne,1,3,5,0,1,1,1,0,1,90,3,4,3,0,0,1,25.0,58.0,utilitaire_camion,voiture,1,1,1,1,4
202000014351,2020-11-19 08:40:00,2020,11,19,8,40,94,94073,A86 EXT,48.7658022,2.3793953,Plein jour,Hors agglomération,Hors intersection,Normale,Deux véhicules - arrière,1,3,3,0,1,1,1,1,1,90,2,2,1,0,0,1,46.0,20.0,deux_roues,utilitaire_camion,1,1,1,1,2
202000014352,2020-11-18 19:35:00,2020,11,18,19,35,77,77146,A4.Y,48.83232,2.66031,Nuit sans éclairage public,Hors agglomération,Hors intersection,Normale,Autre collision,1,3,4,0,1,1,1,0,1,110,1,1,0,0,0,1,43.0,,deux_roues,,3,1,1,1,6
202000014353,2020-11-18 12:25:00,2020,11,18,12,25,94,94042,A4,48.8280073,2.4730466,Plein jour,Hors agglomération,Hors intersection,Normale,Trois véhicules et plus - en chaîne,1,-1,4,0,1,1,1,0,1,90,3,3,2,0,0,1,60.0,65.0,utilitaire_camion,voiture,1,1,1,1,4
202000014354,2020-02-05 19:00:00,2020,2,5,19,0,93,93050,JEAN JAURES (AVENUE) COTE MAISON BLANCHE,48.8656132,2.5640742,Nuit avec éclairage allumé,En agglomération,Intersection en X,Normale,Deux véhicules - côté,3,3,4,0,1,1,1,0,1,50,2,2,1,0,0,1,57.0,54.0,voiture,voiture,5,2,2,1,3
202000014355,2020-08-31 15:15:00,2020,8,31,15,15,67,67482,OBERHAUSBERGEN (ROUTE D ),48.59506,7.71014,Plein jour,En agglomération,Intersection en T,Temps couvert,Deux véhicules - côté,7,2,3,0,1,1,1,0,1,50,2,3,1,0,0,2,41.0,35.0,voiture,voiture,1,2,3,8,3
202000014356,2020-08-11 16:10:00,2020,8,11,16,10,67,67482,N.4 Contournement Sud,48.571187,7.729134,Plein jour,Hors agglomération,Hors intersection,Normale,Autre collision,2,1,3,0,1,2,1,0,1,70,1,1,0,1,0,0,28.0,,deux_roues,,1,1,1,1,6
202000014357,2020-09-19 14:40:00,2020,9,19,14,40,27,27229,ARGENCE (RUE D'),49.03225,1.15925,Plein jour,En agglomération,Hors intersection,Normale,Autre collision,4,-1,1,0,1,1,1,0,1,30,1,2,1,0,1,0,21.0,,voiture,,1,2,1,1,6
202000014358,2020-11-18 11:05:00,2020,11,18,11,5,988,98818,RUE TARAGNAT/RUE DU R.P. ROMAN,-22.27175,166.45329,Plein jour,En agglomération,Intersection en T,Normale,Deux véhicules - arrière,4,1,-1,2,1,1,1,0,1,50,2,2,1,0,0,1,58.0,79.0,deux_roues,voiture,1,2,3,1,2
202000014359,2020-11-18 08:40:00,2020,11,18,8,40,976,97611,m'tsapere-Pont (ruelle du ),-12.7910419,45.2225778,Plein jour,En agglomération,Hors intersection,Normale,Deux véhicules - frontale,2,2,0,0,1,1,1,0,1,50,2,2,1,0,0,1,49.0,22.0,deux_roues,deux_roues,1,2,1,1,1
202000014360,2020-11-18 18:45:00,2020,11,18,18,45,973,97302,MONTABO (ROUTE DE) 1,4.94394,-52.30784,Nuit avec éclairage allumé,En agglomération,Hors intersection,Pluie forte,Autre collision,3,2,2,0,1,1,4,9,1,50,1,3,2,0,0,1,50.0,,voiture,,5,2,1,3,6
202000014361,2020-11-18 12:50:00,2020,11,18,12,50,973,97302,CRIQUE FOUILLEE (ROND POINT),4.89675,-52.32897,Plein jour,Hors agglomération,Giratoire,Normale,Deux véhicules - côté,2,1,1,0,1,1,1,0,1,70,2,3,1,0,2,0,46.0,52.0,deux_roues,utilitaire_camion,1,1,6,1,3
202000014362,2020-11-18 16:10:00,2020,11,18,16,10,69,69259,YVES FARGE (RN 7)                   (BD),45.69852,4.8575,Plein jour,En agglomération,Hors intersection,Normale,Trois véhicules et plus - collisions multiples,3,2,3,0,1,1,1,0,1,50,3,4,2,0,0,2,20.0,49.0,voiture,voiture,1,2,1,1,5
202000014363,2020-11-18 14:15:00,2020,11,18,14,15,69,69387,JEAN MACE                           (PL),45.74589,4.84172,Plein jour,En agglomération,Intersection en T,Normale,Deux véhicules - frontale,4,1,2,1,1,1,1,0,1,50,2,2,1,0,0,1,24.0,22.0,utilitaire_camion,deux_roues,1,2,3,1,1
202000014364,2020-11-18 14:50:00,2020,11,18,14,50,69,69286,ROUTE DE STRASBOURG D 483           (RO),45.8206795,4.8967422,Plein jour,En agglomération,Intersection en T,Normale,Autre collision,3,2,2,0,1,1,1,0,1,50,1,2,1,0,0,1,35.0,,voiture,,1,2,3,1,6
202000014365,2020-11-18 12:00:00,2020,11,18,12,0,69,69149,GRANDE RUE                          (GR),45.7081557,4.7985256,Plein jour,En agglomération,Intersection en T,Normale,Deux véhicules - côté,3,2,4,1,1,1,1,0,1,50,2,2,1,0,1,0,22.0,51.0,deux_roues,voiture,1,2,3,1,3
202000014366,2020-11-17 20:50:00,2020,11,17,20,50,971,97113,SECTION PLIANE,16.21651,-61.4403,Nuit avec éclairage allumé,En agglomération,Hors intersection,Normale,Sans collision,4,2,1,0,1,3,1,0,3,50,1,1,0,0,1,0,31.0,,deux_roues,,5,2,1,1,7
202000014367,2020-11-18 15:00:00,2020,11,18,15,0,91,91286,RADARS (RUE DES),48.65,2.37,Plein jour,En agglomération,Intersection en T,Normale,Trois véhicules et plus - en chaîne,4,3,2,0,1,1,1,5,1,50,3,3,2,0,0,1,22.0,36.0,utilitaire_camion,utilitaire_camion,1,2,3,1,4
202000014368,2020-11-18 09:45:00,2020,11,18,9,45,83,83069,PETIT (ROND POINT HENRI),43.11355,6.12378,Plein jour,En agglomération,Autre intersection,Normale,Deux véhicules - côté,4,-1,3,0,1,2,1,0,1,50,2,2,0,0,1,1,31.0,60.0,voiture,deux_roues,1,2,9,1,3
202000014369,2020-11-10 14:25:00,2020,11,10,14,25,76,76540,A150,49.4508063,1.0574899,Plein jour,Hors agglomération,Hors intersection,Normale,Deux véhicules - arrière,1,2,2,0,1,1,1,0,1,70,2,2,1,0,0,1,29.0,42.0,voiture,utilitaire_camion,1,1,1,1,2
202000014370,2020-11-17 16:50:00,2020,11,17,16,50,76,76498,CANADIENS. AVENUE DES,49.41398,1.07397,Crépuscule ou aube,En agglomération,Intersection en X,Normale,Trois véhicules et plus - collisions multiples,4,2,2,0,1,1,1,-1,1,50,3,3,2,0,0,1,55.0,49.0,voiture,deux_roues,2,2,2,1,5
202000014371,2020-10-10 12:35:00,2020,10,10,12,35,76,76565,RD 54,49.871925,1.0662336,Plein jour,Hors agglomération,Intersection en T,Normale,Deux véhicules - côté,3,2,2,0,2,1,1,0,1,70,2,3,2,0,0,1,46.0,83.0,utilitaire_camion,utilitaire_camion,1,1,3,1,3
202000014372,2020-11-18 08:20:00,2020,11,18,8,20,72,72181,CHASSE ROYALE (PL DE LA),48.01416,0.18698,Plein jour,En agglomération,Place,Normale,Autre collision,4,2,2,0,1,4,1,8,1,50,1,2,1,0,1,0,43.0,,transport_commun,,1,2,7,1,6
202000014373,2020-11-17 16:05:00,2020,11,17,16,5,71,71153,GUYNEMER (RUE),46.8018429,4.4469953,Plein jour,En agglomération,Hors intersection,Normale,Sans collision,3,2,2,0,1,1,1,0,1,50,1,1,0,0,0,1,17.0,,deux_roues,,1,2,1,1,7
202000014374,2020-11-18 11:05:00,2020,11,18,11,5,71,71076,MONGE (RUE ),46.79767,4.84093,Plein jour,En agglomération,Intersection en T,Normale,Deux véhicules - côté,4,2,2,0,1,1,2,0,1,50,2,2,1,0,1,0,65.0,72.0,voiture,deux_roues,1,2,3,1,3
202000014375,2020-11-18 08:00:00,2020,11,18,8,0,69,69029,PIERRE ALLARD                       (AV),45.73915,4.91025,Crépuscule ou aube,En agglomération,Intersection en X,Normale,Autre collision,4,1,1,0,1,1,1,0,5,50,1,2,1,0,1,0,76.0,,voiture,,2,2,2,1,6
202000014376,2020-11-17 20:00:00,2020,11,17,20,0,69,69264,NATIONALE  R,45.99234,4.71887,Nuit avec éclairage allumé,En agglomération,Hors intersection,Normale,Autre collision,3,1,1,0,3,1,1,0,4,30,1,2,1,0,0,1,43.0,,utilitaire_camion,,5,2,1,1,6
202000014377,2020-11-10 06:35:00,2020,11,10,6,35,68,68297,HUNINGUE ( RUE DE ),47.58602,7.56105,Nuit avec éclairage allumé,En agglomération,Hors intersection,Normale,Deux véhicules - côté,4,2,2,0,2,1,1,2,1,50,2,1,0,0,0,1,55.0,,deux_roues,,5,2,1,1,3
202000014378,2020-11-18 07:30:00,2020,11,18,7,30,64,64348,FREDERIC ET IRENE JOLIOT CURIE,43.3045432,-0.419358,Crépuscule ou aube,En agglomération,Hors intersection,Normale,Deux véhicules - côté,4,2,2,0,1,1,1,0,1,50,2,2,1,0,0,1,36.0,18.0,voiture,deux_roues,2,2,1,1,3
202000014379,2020-10-24 19:00:00,2020,10,24,19,0,59,59350,PAVILLONS RUE DES,50.62208,3.09288,Crépuscule ou aube,En agglomération,Intersection en Y,Normale,Deux véhicules - côté,7,-1,2,0,1,1,1,0,1,50,2,2,1,0,0,1,23.0,28.0,deux_roues,voiture,2,2,4,1,3
202000014380,2020-11-17 14:05:00,2020,11,17,14,5,54,54526,RD2B,48.68378,6.22112,Plein jour,Hors agglomération,Hors intersection,Normale,Deux véhicules - côté,3,1,2,0,1,1,1,0,1,50,2,2,1,0,0,1,31.0,50.0,deux_roues,voiture,1,1,1,1,3
202000014381,2020-11-16 13:30:00,2020,11,16,13,30,50,50129,PARIS (AVENUE DE),49.62962,-1.61799,Plein jour,En agglomération,Hors intersection,Normale,Autre collision,2,2,2,1,1,1,1,0,1,50,1,2,1,0,1,0,60.0,,voiture,,1,2,1,1,6
202000014382,2020-11-16 10:20:00,2020,11,16,10,20,49,49099,LAENNEC (RUE DU DOCTEUR RENE),47.0561,-0.86923,Plein jour,En agglomération,Intersection en T,Pluie légère,Deux véhicules - côté,7,2,2,0,1,1,1,0,1,50,2,3,2,0,0,1,24.0,59.0,deux_roues,voiture,1,2,3,2,3
202000014383,2020-11-17 16:35:00,2020,11,17,16,35,47,47323,PECHARGOU (SUD),44.41552,0.75525,Plein jour,Hors agglomération,Hors intersection,Normale,Deux véhicules - frontale,4,2,1,0,1,2,1,0,1,70,2,2,1,0,1,0,40.0,58.0,deux_roues,voiture,1,1,1,1,1
202000014384,2020-11-18 14:13:00,2020,11,18,14,13,45,45302,Rue Elsa Triolet,47.93181,1.88884,Plein jour,En agglomération,Giratoire,Normale,Autre collision,4,2,2,0,1,1,1,0,1,50,1,4,0,0,1,3,18.0,,voiture,,1,2,6,1,6
202000014385,2020-11-18 11:19:00,2020,11,18,11,19,45,45234,Rue Gustave Eiffel,47.92338,1.94043,Plein jour,En agglomération,Hors intersection,Normale,Deux véhicules - frontale,4,2,2,0,1,3,1,0,1,50,2,4,3,0,0,1,48.0,20.0,voiture,voiture,1,2,1,1,1
202000014386,2020-11-18 10:35:00,2020,11,18,10,35,41,41269,SAULNERIE (RUE),47.79127,1.06532,Plein jour,En agglomération,Hors intersection,Temps éblouissant,Autre collision,4,2,0,0,1,2,1,5,1,30,1,2,1,0,1,0,35.0,,voiture,,1,2,1,7,6
202000014387,2020-11-18 13:06:00,2020,11,18,13,6,38,38544,Quai Claude Bernard,45.53763,4.86774,Plein jour,En agglomération,Intersection en T,Normale,Deux véhicules - côté,3,2,2,0,1,1,1,0,1,50,2,3,1,0,0,2,84.0,18.0,voiture,voiture,1,2,3,1,3
202000014388,2020-11-17 11:20:00,2020,11,17,11,20,37,37122,GITONNIERE (RUE DE LA),47.337936,0.6599762,Plein jour,En agglomération,Hors intersection,Normale,Sans collision,4,-1,2,0,1,2,1,0,4,50,1,1,0,0,1,0,84.0,,voiture,,1,2,1,1,7
202000014389,2020-11-02 10:45:00,2020,11,2,10,45,35,35093,17 Place de la République,48.6335,-2.05632,Plein jour,En agglomération,Place,Pluie légère,Autre collision,4,1,1,0,1,1,2,0,1,50,1,2,1,0,1,0,37.0,,utilitaire_camion,,1,2,7,2,6
202000014390,2020-11-18 07:55:00,2020,11,18,7,55,35,35115,103 Avenue de la Verrerie,48.36697,-1.18426,Crépuscule ou aube,En agglomération,Hors intersection,Normale,Autre collision,3,3,2,0,4,1,1,0,1,50,1,2,1,0,1,0,43.0,,voiture,,2,2,1,1,6
202000014391,2020-11-18 14:00:00,2020,11,18,14,0,32,32013,AGEN (ROUTE D'),43.66111,0.59916,Plein jour,En agglomération,Giratoire,Normale,Deux véhicules - côté,2,2,2,0,1,1,1,5,1,50,2,3,1,0,0,2,35.0,32.0,voiture,voiture,1,2,6,1,3
202000014392,2020-11-18 09:45:00,2020,11,18,9,45,30,30189,LANDI  LOUIS,43.81862,4.35711,Plein jour,En agglomération,Hors intersection,Normale,Autre collision,4,2,2,0,1,1,1,0,1,30,1,2,1,0,0,1,84.0,,voiture,,1,2,1,1,6
202000014393,2020-11-17 08:40:00,2020,11,17,8,40,29,29039,D322 - Rue de Trégunc,47.87329,-3.90513,Plein jour,En agglomération,Hors intersection,Normale,Sans collision,4,-1,2,0,2,1,1,9,1,50,1,1,0,0,0,1,32.0,,deux_roues,,1,2,1,1,7
202000014394,2020-11-13 19:10:00,2020,11,13,19,10,27,27562,REANVILLE (CHEMIN DE),49.09393,1.42219,Nuit sans éclairage public,Hors agglomération,Hors intersection,Normale,Autre collision,3,2,2,0,1,1,1,0,1,80,1,1,0,0,0,1,49.0,,voiture,,3,1,1,1,6
202000014395,2020-11-18 08:10:00,2020,11,18,8,10,27,27681,SAINT LAZARE (RUE),49.09636,1.47597,Plein jour,En agglomération,Intersection en T,Normale,Autre collision,4,1,0,0,1,1,1,0,1,50,1,2,1,0,0,1,33.0,,voiture,,1,2,3,1,6
202000014396,2020-11-18 09:25:00,2020,11,18,9,25,26,26198,7 Rue Paul Loubet,44.562976,4.747381,Plein jour,En agglomération,Hors intersection,Temps éblouissant,Autre collision,4,2,1,0,4,2,1,0,1,50,1,2,1,1,0,0,45.0,,utilitaire_camion,,1,2,1,7,6
202000014397,2020-11-18 08:45:00,2020,11,18,8,45,24,24037,DE GAULLE (AVENUE DU GENERAL),44.8355,0.4512,Plein jour,En agglomération,Hors intersection,Normale,Deux véhicules - côté,3,2,2,0,1,1,1,0,1,50,2,2,1,1,0,0,55.0,70.0,utilitaire_camion,voiture,1,2,1,1,3
202000014398,2020-11-08 19:00:00,2020,11,8,19,0,22,22278,71° RI (DU),48.5115,-2.76427,Nuit avec éclairage allumé,En agglomération,Hors intersection,Normale,Trois véhicules et plus - collisions multiples,4,-1,2,0,1,1,1,0,1,50,3,2,1,0,0,1,50.0,35.0,voiture,deux_roues,5,2,1,1,5
202000014399,2020-11-18 09:15:00,2020,11,18,9,15,14,14118,DETOLLE (BOULEVARD ANDRE),49.17545,-0.38932,Plein jour,En agglomération,Intersection en T,Normale,Deux véhicules - côté,4,3,4,0,1,1,1,0,1,50,2,2,1,0,0,1,59.0,47.0,voiture,deux_roues,1,2,3,1,3
202000014400,2020-11-18 20:00:00,2020,11,18,20,0,13,13209,LÉON LACHAMP (ROUTE),43.24828,5.43647,Nuit avec éclairage allumé,En agglomération,Hors intersection,Normale,Trois véhicules et plus - en chaîne,3,-1,2,0,2,4,1,0,1,50,3,4,1,0,0,3,52.0,22.0,utilitaire_camion,voiture,5,2,1,1,4
202000014401,2020-11-18 20:00:00,2020,11,18,20,0,13,13209,GAYE (TRAVERSE DE LA),43.257117,5.408353,Nuit avec éclairage allumé,En agglomération,Hors intersection,Normale,Deux véhicules - frontale,4,2,2,0,1,2,1,0,1,50,2,1,0,0,0,1,22.0,,deux_roues,,5,2,1,1,1
202000014402,2020-11-18 12:15:00,2020,11,18,12,15,13,13205,VITALIS (RUE),43.294075,5.393006,Plein jour,En agglomération,Intersection en T,Normale,Deux véhicules - côté,4,2,2,0,1,3,1,0,1,50,2,2,1,0,0,1,56.0,28.0,voiture,deux_roues,1,2,3,1,3
202000014403,2020-11-18 07:45:00,2020,11,18,7,45,13,13214,CAPITAINE GEZE (BOULEVARD),43.3314406,5.375983,Plein jour,En agglomération,Hors intersection,Normale,Deux véhicules - côté,4,2,4,0,1,1,1,0,1,50,2,2,1,0,1,0,58.0,49.0,voiture,deux_roues,1,2,1,1,3
202000014404,2020-11-17 12:45:00,2020,11,17,12,45,13,13216,FONTAINE FR (ROND-POINT),43.35787,5.32129,Plein jour,En agglomération,Autre intersection,Normale,Deux véhicules - côté,3,1,2,0,1,2,1,0,1,50,2,5,4,0,0,1,16.0,37.0,voiture,utilitaire_camion,1,2,9,1,3
202000014405,2020-11-18 07:55:00,2020,11,18,7,55,07,07019,LEONCE VERNY (AVENUE),44.62331,4.38732,Plein jour,Hors agglomération,Hors intersection,Normale,Autre collision,4,2,2,0,2,1,1,0,1,70,1,2,1,0,0,1,37.0,,voiture,,1,1,1,1,6
202000014406,2020-11-18 11:20:00,2020,11,18,11,20,06,06069,PROVENCE (AVENUE DE),43.658137,6.928589,Plein jour,En agglomération,Hors intersection,Normale,Deux véhicules - côté,3,1,1,0,1,2,1,0,1,50,2,2,1,0,0,1,48.0,28.0,voiture,deux_roues,1,2,1,1,3
202000014407,2020-11-08 12:49:00,2020,11,8,12,49,05,05061,VEYNES ( AVENUE DE  ),44.557471,6.069437,Plein jour,En agglomération,Hors intersection,Pluie légère,Deux véhicules - frontale,3,2,2,0,2,2,2,0,1,50,2,3,1,0,0,2,56.0,23.0,voiture,voiture,1,2,1,2,1