accident_id,datetime,annee,mois,jour,heure,minute,departement,commune_insee,adresse,latitude,longitude,luminosite,agglomeration,intersection,meteo,collision,catr,circ,nbv,vosp,prof,plan,surf,infra,situ,vma,nb_vehicules,nb_usagers,nb_indemnes,nb_tues,nb_blesses_hosp,nb_blesses_legers,age_cond_1,age_cond_2,veh_type_cond_1,veh_type_cond_2,lum_code,agg_code,int_code,atm_code,col_code
202000014408,2020-11-18 16:15:00,2020,11,18,16,15,75,75112,RUE TRAVERSIERE,48.848442,2.37418,Plein jour,En agglomération,Hors intersection,Normale,Autre collision,4,2,2,0,1,1,1,0,1,30,1,3,2,0,1,0,42.0,,deux_roues,,1,2,1,1,6
202000014409,2020-11-18 11:30:00,2020,11,18,11,30,75,75120,RUE SAINT FARGEAU,48.87137,2.40131,Plein jour,En agglomération,Hors intersection,Normale,Autre collision,4,2,2,0,1,1,1,0,1,50,1,2,1,0,0,1,,,,,1,2,1,1,6
202000014410,2020-11-17 23:00:00,2020,11,17,23,0,75,75120,AVENUE DU PROFESSEUR ANDRE LEMIERE,48.85515,2.415198,Nuit avec éclairage allumé,En agglomération,Hors intersection,Normale,Deux véhicules - côté,4,2,2,0,1,1,1,0,1,50,2,2,1,0,0,1,28.0,43.0,deux_roues,voiture,5,2,1,1,3
202000014411,2020-11-16 21:40:00,2020,11,16,21,40,75,75118,ECHANGEUR CHAPELLE,48.901277,2.361189,Nuit avec éclairage allumé,En agglomération,Hors intersection,Normale,Deux véhicules - arrière,4,1,2,0,1,1,1,0,1,50,2,3,2,0,0,1,44.0,22.0,voiture,voiture,5,2,1,1,2
202000014412,2020-11-18 16:15:00,2020,11,18,16,15,75,75116,BOULEVARD LANNES,48.863571,2.268983,Plein jour,En agglomération,Hors intersection,Normale,Deux véhicules - arrière,4,2,2,0,1,1,1,0,1,50,2,1,0,0,0,1,15.0,,deux_roues,,1,2,1,1,2
202000014413,2020-11-18 16:20:00,2020,11,18,16,20,75,75116,AVENUE KLEBER,48.865043,2.288711,Plein jour,En agglomération,Intersection en X,Normale,Deux véhicules - côté,4,2,4,0,1,1,1,0,1,50,2,2,1,0,0,1,43.0,73.0,deux_roues,voiture,1,2,2,1,3
202000014414,2020-11-18 07:21:00,2020,11,18,7,21,75,75109,RUE LA FAYETTE,48.873608,2.335308,Nuit avec éclairage allumé,En agglomération,Intersection en X,Normale,Deux véhicules - côté,4,1,2,0,1,1,1,0,1,50,2,2,1,0,0,1,35.0,39.0,deux_roues,voiture,5,2,2,1,3
202000014415,2020-11-18 19:40:00,2020,11,18,19,40,75,75108,BOULEVARD DE COURCELLES,48.881137,2.31534,Nuit avec éclairage allumé,En agglomération,Intersection en X,Normale,Deux véhicules - côté,4,2,5,0,1,1,1,0,1,50,2,2,0,0,0,2,27.0,40.0,deux_roues,deux_roues,5,2,2,1,3
202000014416,2020-11-18 10:52:00,2020,11,18,10,52,75,75117,AVENUE DE VILLIERS,48.882508,2.310527,Plein jour,En agglomération,Place,Normale,Deux véhicules - côté,4,2,4,0,1,2,1,0,1,50,2,1,0,0,1,0,42.0,,deux_roues,,1,2,7,1,3
202000014417,2020-11-18 15:40:00,2020,11,18,15,40,75,75101,RUE SAINT HONORE,48.864195,2.333472,Plein jour,En agglomération,Hors intersection,Normale,Autre collision,4,1,1,0,1,1,1,0,1,50,1,2,1,0,0,1,43.0,,utilitaire_camion,,1,2,1,1,6
202000014418,2020-11-18 12:00:00,2020,11,18,12,0,94,94080,MIDI (R DU),48.84708,2.43775,Plein jour,En agglomération,Autre intersection,Normale,Autre collision,4,1,1,0,1,1,1,0,1,30,1,2,1,0,0,1,56.0,,voiture,,1,2,9,1,6
202000014419,2020-11-18 12:30:00,2020,11,18,12,30,94,94076,PASTEUR (R),48.804,2.366,Plein jour,En agglomération,Hors intersection,Normale,Autre collision,4,1,1,0,1,1,1,0,1,30,1,1,0,0,0,1,,,,,1,2,1,1,6
202000014420,2020-11-18 12:30:00,2020,11,18,12,30,94,94079,GENERAL GALLIENI (RUE DU),48.82596,2.54045,Plein jour,En agglomération,Intersection en T,Normale,Autre collision,3,2,2,0,1,1,1,0,1,30,1,2,1,0,0,1,24.0,,deux_roues,,1,2,3,1,6
202000014421,2020-11-18 08:00:00,2020,11,18,8,0,94,94017,STALINGRAD (BD DE),48.82094,2.49955,Plein jour,En agglomération,Hors intersection,Normale,Deux véhicules - côté,3,2,2,0,1,1,1,0,1,30,2,2,1,0,0,1,27.0,26.0,deux_roues,voiture,1,2,1,1,3
202000014422,2020-11-03 15:25:00,2020,11,3,15,25,93,93066,R AMBROISE CROISAT,48.9356831,2.3463068,Plein jour,En agglomération,Hors intersection,Normale,Trois véhicules et plus - collisions multiples,3,2,2,0,1,1,1,1,1,50,3,3,2,1,0,0,45.0,41.0,voiture,utilitaire_camion,1,2,1,1,5
202000014423,2020-11-18 07:40:00,2020,11,18,7,40,93,93046,JEAN JAURES BOULEVARD,48.9207413,2.526211,Crépuscule ou aube,En agglomération,Intersection en X,Normale,Deux véhicules - côté,3,2,6,1,1,1,1,0,1,50,2,2,1,0,1,0,23.0,18.0,autre,deux_roues,2,2,2,1,3
202000014424,2020-11-18 08:15:00,2020,11,18,8,15,93,93046,EDOUARD VAILLANT BOULEVARD,48.91954,2.51472,Plein jour,En agglomération,Hors intersection,Normale,Autre collision,4,-1,1,0,1,1,1,0,1,50,1,2,0,0,1,1,24.0,,deux_roues,,1,2,1,1,6
202000014425,2020-11-18 20:15:00,2020,11,18,20,15,93,93013,ELISE DEROCHE (Avenue),48.9324457,2.4271409,Nuit avec éclairage allumé,En agglomération,Hors intersection,Normale,Deux véhicules - côté,4,-1,2,0,1,1,1,0,1,50,2,1,0,0,0,1,58.0,,utilitaire_camion,,5,2,1,1,3
202000014426,2020-11-18 15:30:00,2020,11,18,15,30,93,93008,VAILLANT COUTURIER (AVENUE PAUL),48.9058,2.46591,Plein jour,En agglomération,Hors intersection,Normale,Deux véhicules - côté,3,1,3,3,1,1,1,0,1,50,2,3,2,0,0,1,18.0,49.0,voiture,voiture,1,2,1,1,3
202000014427,2020-11-18 17:10:00,2020,11,18,17,10,93,93005,LOUIS BLANC (AVENUE),48.9228802,2.5043118,Crépuscule ou aube,En agglomération,Autre intersection,Normale,Autre collision,4,1,4,0,1,1,1,6,1,30,1,2,1,0,0,1,68.0,,voiture,,2,2,9,1,6
202000014428,2020-11-18 08:30:00,2020,11,18,8,30,92,92064,DAILLY,48.8459264,2.2183197,Plein jour,En agglomération,Hors intersection,Temps éblouissant,Sans collision,3,2,3,0,2,1,1,0,1,30,1,2,1,0,0,1,54.0,,deux_roues,,1,2,1,7,7
202000014429,2020-11-18 11:10:00,2020,11,18,11,10,92,92051,MAILLOT (BOULEVARD),48.8781252,2.2769413,Plein jour,En agglomération,Hors intersection,Normale,Deux véhicules - côté,4,2,2,0,1,1,1,0,1,50,2,2,1,0,0,1,56.0,28.0,voiture,deux_roues,1,2,1,1,3
202000014430,2020-11-17 14:05:00,2020,11,17,14,5,92,92025,KLEBER (AV),48.9356402,2.260901,Plein jour,En agglomération,Intersection en X,Normale,Deux véhicules - côté,3,2,4,0,1,1,1,2,1,50,2,2,1,1,0,0,25.0,25.0,utilitaire_camion,deux_roues,1,2,2,1,3
202000014431,2020-11-17 05:55:00,2020,11,17,5,55,92,92025,KLEBER (AV),48.93107,2.24413,Nuit avec éclairage allumé,En agglomération,Intersection en X,Normale,Deux véhicules - côté,3,1,3,0,1,1,1,0,1,50,2,1,0,0,0,1,36.0,,voiture,,5,2,2,1,3
202000014432,2020-11-17 14:00:00,2020,11,17,14,0,92,92002,DIVISION LECLERC (53 A 217 - 58 A 186),48.74569,2.30345,Plein jour,En agglomération,Hors intersection,Normale,Deux véhicules - arrière,3,2,4,2,1,1,1,0,1,50,2,2,1,0,0,1,35.0,16.0,voiture,deux_roues,1,2,1,1,2
202000014433,2020-11-19 07:45:00,2020,11,19,7,45,35,35127,La Roche Blanche,47.926663,-1.852515,Crépuscule ou aube,Hors agglomération,Intersection en X,Autre,Deux véhicules - côté,4,2,2,0,1,1,2,5,1,80,2,2,1,0,1,0,20.0,40.0,voiture,deux_roues,2,1,2,9,3
202000014434,2020-11-19 14:15:00,2020,11,19,14,15,83,83131,route départemental 554,43.228445,6.014081,Plein jour,Hors agglomération,Hors intersection,Normale,Deux véhicules - frontale,3,2,2,0,1,2,1,0,1,70,2,3,1,0,2,0,47.0,22.0,utilitaire_camion,deux_roues,1,1,1,1,1
202000014435,2020-11-18 17:15:00,2020,11,18,17,15,30,30117,pont sur le petit Rhones,43.687022,4.605696,Plein jour,Hors agglomération,Hors intersection,Normale,,3,2,2,0,1,1,1,2,1,80,6,6,3,0,3,0,38.0,41.0,deux_roues,utilitaire_camion,1,1,1,1,-1
202000014436,2020-10-24 07:30:00,2020,10,24,7,30,89,89066,D905,48.128054,3.499488,Crépuscule ou aube,Hors agglomération,Hors intersection,Normale,Deux véhicules - frontale,3,2,2,0,1,1,1,0,1,80,2,2,1,0,0,1,25.0,49.0,voiture,voiture,2,1,1,1,1
202000014437,2020-11-18 14:35:00,2020,11,18,14,35,65,65080,Rue du Vignemale,43.155391,0.024794,Plein jour,En agglomération,Intersection en T,Normale,Deux véhicules - côté,3,2,2,0,1,1,1,0,1,50,2,2,1,0,0,1,15.0,48.0,deux_roues,voiture,1,2,3,1,3
202000014438,2020-11-19 07:57:00,2020,11,19,7,57,71,71095,En Gotard,46.2751151,4.2956727,Plein jour,Hors agglomération,Hors intersection,Pluie légère,Deux véhicules - frontale,3,2,2,0,1,3,2,0,1,50,2,3,1,0,1,1,48.0,21.0,utilitaire_camion,utilitaire_camion,1,1,1,2,1
202000014439,2020-10-06 14:10:00,2020,10,6,14,10,61,61100,D930,48.718694,0.618668,Plein jour,Hors agglomération,Hors intersection,Temps couvert,Sans collision,3,2,2,0,1,2,1,0,1,90,1,1,0,0,1,0,73.0,,voiture,,1,1,1,8,7
202000014440,2020-11-19 14:00:00,2020,11,19,14,0,12,12270,D995,44.318414,3.09204,Plein jour,Hors agglomération,Hors intersection,Normale,Deux véhicules - frontale,3,2,2,0,1,1,1,0,1,80,2,2,0,0,0,2,25.0,22.0,voiture,voiture,1,1,1,1,1
202000014441,2020-11-18 19:00:00,2020,11,18,19,0,42,42128,Chemin de la Fontaniere,45.9339752,4.3017017,Nuit sans éclairage public,Hors agglomération,Hors intersection,Normale,Autre collision,2,2,3,0,2,2,1,0,8,90,1,1,0,1,0,0,36.0,,voiture,,3,1,1,1,6
202000014442,2020-11-17 09:20:00,2020,11,17,9,20,86,86281,Noiron,46.741199,0.205586,Plein jour,Hors agglomération,Intersection en X,Normale,Trois véhicules et plus - en chaîne,3,2,2,0,4,1,1,5,1,70,3,5,2,0,0,3,41.0,67.0,utilitaire_camion,voiture,1,1,2,1,4
202000014443,2020-11-19 09:45:00,2020,11,19,9,45,72,72289,D38,48.14646,0.159441,Plein jour,Hors agglomération,Autre intersection,Temps éblouissant,Deux véhicules - frontale,3,2,2,0,1,1,1,0,1,90,2,3,1,0,2,0,20.0,42.0,voiture,utilitaire_camion,1,1,9,7,1
202000014444,2020-11-19 06:15:00,2020,11,19,6,15,72,72348,D31 - La Garenne,47.977254,-0.103168,Nuit sans éclairage public,Hors agglomération,Hors intersection,Normale,Deux véhicules - frontale,3,2,2,0,1,2,2,0,1,80,2,2,0,0,0,2,20.0,37.0,voiture,voiture,3,1,1,1,1
202000014445,2020-05-10 18:25:00,2020,5,10,18,25,49,49049,Beaufort-en-Anjou,47.443066,-0.175781,Plein jour,Hors agglomération,Hors intersection,Normale,Autre collision,1,3,2,0,1,3,1,0,3,130,1,1,0,0,1,0,25.0,,voiture,,1,1,1,1,6
202000014446,2020-05-11 08:20:00,2020,5,11,8,20,01,01031,A404,46.251474,5.6257379,Plein jour,Hors agglomération,Hors intersection,Pluie forte,Autre collision,1,3,4,0,1,2,3,0,2,110,1,1,0,0,0,1,57.0,,voiture,,1,1,1,3,6
202000014447,2020-05-05 14:15:00,2020,5,5,14,15,33,33284,A660,44.62427,-0.85913,Plein jour,Hors agglomération,Hors intersection,Normale,Autre collision,1,1,2,0,1,3,1,3,3,130,1,1,0,0,1,0,27.0,,voiture,,1,1,1,1,6
202000014448,2020-05-06 06:00:00,2020,5,6,6,0,95,95604,2 Rue Jean Jaurès,49.097085,2.543508,Nuit avec éclairage allumé,En agglomération,Hors intersection,Normale,Deux véhicules - côté,3,2,2,0,1,1,1,0,1,50,2,2,1,0,0,1,42.0,28.0,voiture,voiture,5,2,1,1,3
202000014449,2020-05-09 19:00:00,2020,5,9,19,0,41,41252,D2152,47.668426,1.466804,Plein jour,Hors agglomération,Autre intersection,Normale,Deux véhicules - côté,3,2,2,0,2,2,1,9,1,80,2,3,2,0,1,0,65.0,20.0,voiture,voiture,1,1,9,1,3
202000014450,2020-05-11 18:20:00,2020,5,11,18,20,34,34023,Avenue de Montpellier,43.444507,3.680742,Plein jour,En agglomération,Hors intersection,Normale,Autre collision,6,-1,0,0,1,1,2,0,1,-1,1,3,2,0,1,0,50.0,,voiture,,1,2,1,1,6
202000014451,2020-05-11 06:40:00,2020,5,11,6,40,84,84132,Route des Vignères,43.901105,5.003564,Plein jour,Hors agglomération,Hors intersection,Pluie légère,Deux véhicules - arrière,3,2,2,0,1,1,2,0,1,80,2,2,1,0,1,0,34.0,32.0,autre,deux_roues,1,1,1,2,2
202000014452,2020-05-05 07:30:00,2020,5,5,7,30,83,83016,Route de Toulon a Marseille,43.20538,5.80932,Plein jour,Hors agglomération,Hors intersection,Normale,Autre collision,3,2,2,0,2,1,1,0,3,80,1,1,0,0,1,0,36.0,,deux_roues,,1,1,1,1,6
202000014453,2020-05-11 08:50:00,2020,5,11,8,50,26,26041,Autoroute du Soleil ,45.216737,4.860806,Plein jour,Hors agglomération,Hors intersection,Normale,Deux véhicules - côté,1,3,3,0,2,1,1,0,1,130,2,4,3,0,0,1,23.0,53.0,voiture,utilitaire_camion,1,1,1,1,3
202000014454,2020-05-11 16:55:00,2020,5,11,16,55,70,70310,2 Rue Jean Girardot,47.678066,6.50654,Plein jour,En agglomération,Autre intersection,Pluie forte,Deux véhicules - côté,4,2,2,0,1,1,2,0,1,50,2,3,2,0,1,0,25.0,53.0,deux_roues,voiture,1,2,9,3,3
202000014455,2020-05-11 14:35:00,2020,5,11,14,35,70,70310,Route départementale 18 La Saline,47.659578,6.50043,Plein jour,Hors agglomération,Hors intersection,Pluie légère,Autre collision,3,2,2,0,1,1,2,0,8,80,1,3,0,2,0,1,19.0,,voiture,,1,1,1,2,6
202000014456,2020-05-11 10:24:00,2020,5,11,10,24,67,67348,155 Route d'Ottrott,48.4618096,7.4746082,Plein jour,En agglomération,Hors intersection,Pluie forte,Autre collision,4,2,2,0,1,1,2,0,4,50,1,2,1,0,1,0,50.0,,voiture,,1,2,1,3,6
202000014457,2020-05-11 12:20:00,2020,5,11,12,20,69,69278,rond point de la dombe,45.8967,4.8197,Plein jour,En agglomération,Giratoire,Normale,Deux véhicules - côté,3,4,2,0,1,2,1,0,1,50,2,2,1,0,0,1,43.0,63.0,voiture,deux_roues,1,2,6,1,3
202000014458,2020-05-11 06:45:00,2020,5,11,6,45,33,33019,"Route départementale 3, PK 90+600",44.69958,-1.02313,Crépuscule ou aube,Hors agglomération,Hors intersection,Pluie forte,Deux véhicules - frontale,3,-1,2,0,1,3,4,0,1,70,2,3,0,0,2,1,47.0,22.0,voiture,voiture,2,1,1,3,1
202000014459,2020-05-09 19:00:00,2020,5,9,19,0,69,69295,A 46,45.6131,4.8782,Plein jour,Hors agglomération,Hors intersection,Normale,Sans collision,1,3,2,0,1,1,1,8,1,90,1,2,1,0,0,1,33.0,,voiture,,1,1,1,1,7
202000014460,2020-05-09 23:30:00,2020,5,9,23,30,92,92064,A13,48.8453631,2.2232026,Nuit avec éclairage allumé,Hors agglomération,Hors intersection,Pluie forte,Deux véhicules - arrière,1,3,4,0,1,2,4,2,1,70,2,5,2,0,0,3,50.0,35.0,utilitaire_camion,voiture,5,1,1,3,2
202000014461,2020-05-10 02:00:00,2020,5,10,2,0,93,93051,A4,48.8359041,2.5586648,Nuit sans éclairage public,Hors agglomération,Hors intersection,Pluie forte,,1,1,4,0,1,1,2,0,1,90,3,5,2,0,1,2,19.0,44.0,voiture,voiture,3,1,1,3,-1
202000014462,2020-05-09 21:40:00,2020,5,9,21,40,69,69387,GARIBALDI                           (R ),45.75256,4.85355,Nuit avec éclairage allumé,En agglomération,Hors intersection,Normale,Autre collision,4,1,3,0,2,1,1,1,1,50,1,1,0,0,0,1,30.0,,deux_roues,,5,2,1,1,6
202000014463,2020-05-09 12:50:00,2020,5,9,12,50,69,69387,BERTHELOT (AV)                   (R ),45.74645,4.83785,Plein jour,En agglomération,Hors intersection,Normale,Autre collision,4,1,2,0,1,1,1,0,1,50,1,1,0,0,0,1,,,,,1,2,1,1,6
202000014464,2020-05-08 10:50:00,2020,5,8,10,50,69,69034,VASSIEUX (DE)                       (CH),45.7959517,4.867781,Plein jour,En agglomération,Hors intersection,Normale,Autre collision,4,2,2,0,1,1,1,0,1,50,1,2,1,0,0,1,41.0,,voiture,,1,2,1,1,6
202000014465,2020-05-08 15:30:00,2020,5,8,15,30,69,69256,GEORGES DIMITROV                    (AV),45.77683,4.9232,Plein jour,En agglomération,Intersection en T,Normale,Deux véhicules - côté,4,2,2,0,1,1,1,9,1,30,2,2,1,0,0,1,15.0,42.0,deux_roues,voiture,1,2,3,1,3
202000014466,2020-05-08 08:40:00,2020,5,8,8,40,52,52125,R.D. 417,48.10735,5.2002,Plein jour,Hors agglomération,Hors intersection,Normale,Sans collision,3,2,2,0,1,1,1,0,3,90,1,1,0,0,1,0,40.0,,voiture,,1,1,1,1,7
202000014467,2020-05-08 20:30:00,2020,5,8,20,30,51,51454,Boulevard Albert 1er,49.2748288,4.0171759,Plein jour,En agglomération,Hors intersection,Normale,Deux véhicules - côté,4,2,3,1,1,1,1,0,1,50,2,2,1,0,0,1,20.0,19.0,voiture,voiture,1,2,1,1,3
202000014468,2020-05-09 20:45:00,2020,5,9,20,45,33,33039,Avenue Jeanne d'Arc,44.79465,-0.54243,Plein jour,Hors agglomération,Hors intersection,Pluie forte,Deux véhicules - frontale,4,2,2,0,2,4,2,0,1,50,2,3,2,0,0,1,25.0,30.0,voiture,voiture,1,1,1,3,1
202000014469,2020-05-09 05:00:00,2020,5,9,5,0,33,33063,BD DU PRESIDENT WILSON,44.85221,-0.59464,Nuit avec éclairage allumé,En agglomération,Hors intersection,Pluie légère,Autre collision,4,3,6,2,1,1,2,0,1,50,1,1,0,0,1,0,38.0,,deux_roues,,5,2,1,2,6
202000014470,2020-05-08 11:53:00,2020,5,8,11,53,10,10333,ANTES (RUE),48.2798,4.0456,Plein jour,En agglomération,Hors intersection,Normale,Deux véhicules - côté,4,2,2,0,1,1,1,8,1,50,2,1,0,0,0,1,12.0,,deux_roues,,1,2,1,1,3
202000014471,2020-05-09 07:15:00,2020,5,9,7,15,75,75112,PORTE DOREE,48.834102,2.40929,Plein jour,En agglomération,Hors intersection,Temps couvert,Deux véhicules - côté,4,1,4,0,2,3,1,1,1,70,2,3,1,0,0,2,58.0,22.0,voiture,voiture,1,2,1,8,3
202000014472,2020-05-08 20:10:00,2020,5,8,20,10,75,75112,BOULEVARD PERIPHERIQUE,48.828471,2.397418,Crépuscule ou aube,En agglomération,Hors intersection,Normale,Deux véhicules - arrière,4,1,4,0,1,1,1,0,1,70,2,2,1,0,0,1,67.0,32.0,voiture,deux_roues,2,2,1,1,2
202000014473,2020-05-08 01:50:00,2020,5,8,1,50,75,75107,RUE DE GRENELLE,48.858411,2.311211,Nuit avec éclairage allumé,En agglomération,Intersection en T,Normale,Sans collision,4,2,5,0,1,1,1,0,1,30,1,1,0,0,1,0,24.0,,deux_roues,,5,2,3,1,7
202000014474,2020-05-09 19:30:00,2020,5,9,19,30,75,75120,BOULEVARD DE CHARONNE,48.856992,2.393726,Plein jour,En agglomération,Hors intersection,Normale,Deux véhicules - côté,4,1,1,0,1,1,2,0,1,50,2,2,1,0,0,1,54.0,26.0,deux_roues,voiture,1,2,1,1,3
202000014475,2020-05-08 22:00:00,2020,5,8,22,0,75,75115,RUE MARMONTEL,48.837182,2.300145,Nuit avec éclairage allumé,En agglomération,Intersection en X,Pluie légère,Deux véhicules - côté,4,2,2,0,1,1,2,0,1,30,2,2,1,0,0,1,28.0,47.0,deux_roues,voiture,5,2,2,2,3
202000014476,2020-05-07 21:00:00,2020,5,7,21,0,75,75111,PLACE DE LA NATION,48.848915,2.395597,Nuit avec éclairage allumé,En agglomération,Place,Normale,Sans collision,4,1,1,0,1,2,1,9,1,30,1,1,0,0,1,0,35.0,,deux_roues,,5,2,7,1,7
202000014477,2020-05-09 16:30:00,2020,5,9,16,30,94,94068,MURIERS (BD DES),48.7891,2.49781,Plein jour,En agglomération,Intersection en T,Normale,Deux véhicules - côté,4,2,2,0,1,2,1,0,1,50,2,2,1,0,0,1,66.0,28.0,voiture,deux_roues,1,2,3,1,3
202000014478,2020-05-09 21:10:00,2020,5,9,21,10,94,94018,GENERAL CHANZY (R DU),48.82679,2.40354,Nuit sans éclairage public,En agglomération,Intersection en T,Temps couvert,Autre collision,4,1,2,0,1,1,2,0,1,50,1,2,1,0,0,1,25.0,,voiture,,3,2,3,8,6
202000014479,2020-05-08 21:50:00,2020,5,8,21,50,93,93070,SEINE (QUAI DE),48.91474,2.31951,Nuit avec éclairage non allumé,En agglomération,Hors intersection,Normale,Deux véhicules - arrière,3,2,2,0,1,1,1,0,1,50,2,2,1,0,1,0,20.0,37.0,voiture,deux_roues,4,2,1,1,2
202000014480,2020-05-09 22:10:00,2020,5,9,22,10,93,93063,AV PAUL VAILLANT COUTURIER,48.88509,2.43453,Nuit avec éclairage allumé,En agglomération,Hors intersection,Pluie légère,Deux véhicules - frontale,3,2,2,0,1,1,2,9,1,50,2,2,1,0,0,1,42.0,20.0,deux_roues,voiture,5,2,1,2,1
202000014481,2020-05-09 11:40:00,2020,5,9,11,40,92,92026,BOULEVARD CIRCULAIRE,48.8886998,2.2505048,Plein jour,En agglomération,Hors intersection,Temps couvert,Sans collision,3,1,3,0,1,1,2,9,8,70,1,1,0,0,0,1,19.0,,deux_roues,,1,2,1,8,7
202000014482,2020-05-08 10:30:00,2020,5,8,10,30,44,44144,La Poiteviniere,47.550898,-1.318746,Plein jour,Hors agglomération,Hors intersection,Normale,Autre collision,3,2,2,0,1,1,1,0,3,80,1,2,0,0,1,1,20.0,,voiture,,1,1,1,1,6
202000014483,2020-05-10 06:45:00,2020,5,10,6,45,972,97218,N3,14.749929,-61.103839,Plein jour,Hors agglomération,Hors intersection,Normale,Autre collision,2,2,2,0,2,2,1,0,1,90,1,2,1,0,1,0,59.0,,voiture,,1,1,1,1,6
202000014484,2020-05-10 05:15:00,2020,5,10,5,15,41,41250,25 Rue des Ponts de Braye,47.76842,0.720632,Plein jour,En agglomération,Hors intersection,Temps couvert,Autre collision,3,2,2,0,1,1,2,0,3,50,1,1,0,0,1,0,21.0,,voiture,,1,2,1,8,6
202000014485,2020-05-09 13:50:00,2020,5,9,13,50,35,35024,11 Rue de Rome,48.1794262,-1.6618252,Plein jour,En agglomération,Hors intersection,Normale,Deux véhicules - frontale,4,2,2,0,1,2,1,0,1,30,2,2,1,0,0,1,10.0,46.0,deux_roues,voiture,1,2,1,1,1
202000014486,2020-05-09 19:40:00,2020,5,9,19,40,51,51113,D933,48.8793502,3.789402,Plein jour,Hors agglomération,Hors intersection,Normale,Sans collision,3,2,2,0,1,1,1,0,3,80,1,1,0,1,0,0,60.0,,voiture,,1,1,1,1,7
202000014487,2020-05-10 08:40:00,2020,5,10,8,40,71,71158,Chemin du Colombier,46.5596106,4.9970774,Plein jour,En agglomération,Hors intersection,Normale,Deux véhicules - côté,4,2,2,0,2,2,1,0,1,50,2,2,1,0,0,1,31.0,59.0,voiture,deux_roues,1,2,1,1,3
202000014488,2020-05-09 10:45:00,2020,5,9,10,45,71,71468,Route de la Rouelle,46.8505421,4.5465237,Plein jour,Hors agglomération,Hors intersection,Normale,Sans collision,3,2,2,0,2,3,1,0,8,80,1,1,0,0,1,0,22.0,,deux_roues,,1,1,1,1,7
202000014489,2020-05-08 18:57:00,2020,5,8,18,57,12,12148,Chemin des Glandolières,44.480463,2.224844,Plein jour,En agglomération,Intersection en T,Temps éblouissant,Deux véhicules - côté,4,2,2,0,2,3,1,0,1,50,2,2,1,0,0,1,59.0,12.0,voiture,deux_roues,1,2,3,7,3
202000014490,2020-05-10 15:45:00,2020,5,10,15,45,68,68208,15 Rue de la Liberté,47.564757,7.441107,Plein jour,En agglomération,Hors intersection,Normale,Sans collision,3,2,2,0,2,1,1,0,1,50,1,1,0,0,1,0,40.0,,deux_roues,,1,2,1,1,7
202000014491,2020-05-10 01:00:00,2020,5,10,1,0,25,25493,D47,46.868832,6.245824,Nuit sans éclairage public,Hors agglomération,Hors intersection,Pluie légère,Autre collision,3,2,2,0,1,3,2,0,3,80,1,1,0,1,0,0,22.0,,voiture,,3,1,1,2,6
202000014492,2020-05-09 21:45:00,2020,5,9,21,45,44,44036,9 Rue du 8 Mai 1945,47.709464,-1.381424,Crépuscule ou aube,En agglomération,Hors intersection,Normale,Autre collision,3,2,2,0,2,2,1,0,8,50,1,2,1,0,1,0,29.0,,voiture,,2,2,1,1,6
202000014493,2020-05-10 07:00:00,2020,5,10,7,0,31,31349,Pater,43.23256,1.065977,Plein jour,Hors agglomération,Hors intersection,Normale,Autre collision,1,2,2,0,1,1,2,0,3,80,1,1,0,0,1,0,22.0,,voiture,,1,1,1,1,6
202000014494,2020-05-09 17:15:00,2020,5,9,17,15,05,05146,D511,44.618362,5.698915,Plein jour,Hors agglomération,Hors intersection,Normale,Sans collision,3,2,2,0,1,1,1,0,3,80,1,1,0,0,1,0,68.0,,deux_roues,,1,1,1,1,7
202000014495,2020-05-09 14:20:00,2020,5,9,14,20,73,73262,D 1212,45.813621,6.5080444,Plein jour,Hors agglomération,Intersection en T,Normale,Deux véhicules - côté,3,2,2,0,2,1,1,0,1,70,2,2,1,0,1,0,29.0,31.0,voiture,deux_roues,1,1,3,1,3
202000014496,2020-05-10 16:00:00,2020,5,10,16,0,37,37241,345 La Gitiere,47.4287361,0.3353274,Plein jour,Hors agglomération,Intersection en X,Normale,Sans collision,4,2,1,0,1,1,1,0,3,80,1,1,0,0,0,1,23.0,,voiture,,1,1,2,1,7
202000014497,2020-03-14 23:30:00,2020,3,14,23,30,988,98832,TRIBU D'UNIA/YATE,-22.058119,166.896873,Nuit sans éclairage public,En agglomération,Hors intersection,Pluie légère,Autre collision,4,2,2,0,1,3,2,0,3,50,1,3,0,1,2,0,32.0,,voiture,,3,2,1,2,6
202000014498,2020-05-08 23:00:00,2020,5,8,23,0,83,83068,RD 61 A,43.270534,6.552916,Nuit sans éclairage public,Hors agglomération,Hors intersection,Normale,Sans collision,3,2,2,0,1,1,1,0,1,70,1,1,0,0,1,0,50.0,,deux_roues,,3,1,1,1,7
202000014499,2020-05-09 18:10:00,2020,5,9,18,10,54,54432,12 Rue Jean Jaurès,48.605789,6.099226,Plein jour,En agglomération,Intersection en Y,Normale,Autre collision,3,2,2,0,1,1,1,0,1,-1,1,3,2,0,0,1,32.0,,deux_roues,,1,2,4,1,6
202000014500,2020-05-09 19:50:00,2020,5,9,19,50,60,60282,Pont des Planches,49.206453,2.461785,Crépuscule ou aube,Hors agglomération,Giratoire,Temps couvert,Deux véhicules - arrière,3,1,2,0,1,3,2,0,3,50,2,2,1,0,0,1,50.0,20.0,voiture,voiture,2,1,6,8,2