accident_id,datetime,annee,mois,jour,heure,minute,departement,commune_insee,adresse,latitude,longitude,luminosite,agglomeration,intersection,meteo,collision,catr,circ,nbv,vosp,prof,plan,surf,infra,situ,vma,nb_vehicules,nb_usagers,nb_indemnes,nb_tues,nb_blesses_hosp,nb_blesses_legers,age_cond_1,age_cond_2,veh_type_cond_1,veh_type_cond_2,lum_code,agg_code,int_code,atm_code,col_code
202000014501,2020-05-09 16:15:00,2020,5,9,16,15,92,92050,A86,48.904317,2.207607,Plein jour,Hors agglomération,Hors intersection,Normale,Autre collision,1,3,4,0,1,1,1,1,2,70,1,1,0,0,0,1,52.0,,voiture,,1,1,1,1,6
202000014502,2020-05-08 23:25:00,2020,5,8,23,25,95,95572,AUTOROUTE A15,49.03372,2.10404,Nuit sans éclairage public,Hors agglomération,Hors intersection,Normale,Autre collision,1,3,9,0,1,1,1,0,2,90,1,1,0,0,0,1,37.0,,voiture,,3,1,1,1,6
202000014503,2020-05-08 03:45:00,2020,5,8,3,45,988,98818,ROUTE STRATEGIQUE - RUE PAUL CACOT,-22.26523,166.447691,Nuit sans éclairage public,En agglomération,Hors intersection,Pluie forte,Deux véhicules - frontale,4,2,2,0,2,3,2,0,1,50,2,2,1,0,0,1,28.0,31.0,utilitaire_camion,voiture,3,2,1,3,1
202000014504,2020-05-08 19:00:00,2020,5,8,19,0,973,97302,RABAN (ROUTE DE),4.9341328,-52.3137027,Nuit avec éclairage non allumé,En agglomération,Hors intersection,Normale,Autre collision,4,2,1,0,1,1,1,0,1,50,1,2,1,0,0,1,35.0,,deux_roues,,4,2,1,1,6
202000014505,2020-05-09 00:00:00,2020,5,9,0,0,69,69259,IRENE JOLIOT CURIE                  (BD),45.72101,4.87429,Nuit avec éclairage allumé,En agglomération,Giratoire,Normale,Sans collision,4,1,2,0,1,2,1,0,1,50,1,1,0,0,0,1,35.0,,deux_roues,,5,2,6,1,7
202000014506,2020-05-08 19:45:00,2020,5,8,19,45,69,69276,VIENNE (DE)                             ,45.67029,4.86001,Plein jour,En agglomération,Hors intersection,Normale,Autre collision,3,2,2,0,2,1,1,0,1,50,1,1,0,0,0,1,47.0,,voiture,,1,2,1,1,6
202000014507,2020-05-08 13:25:00,2020,5,8,13,25,972,97213,AUTOROUTE A1,14.613,-61.01,Plein jour,Hors agglomération,Autre intersection,Normale,Autre collision,1,3,2,0,1,1,1,0,2,90,1,1,0,0,0,1,34.0,,voiture,,1,1,9,1,6
202000014508,2020-05-07 19:15:00,2020,5,7,19,15,972,97213,AUTOROUTE A1,14.61823,-61.028,Crépuscule ou aube,Hors agglomération,Hors intersection,Normale,Deux véhicules - arrière,1,1,3,3,1,1,1,0,1,90,2,2,1,0,0,1,70.0,24.0,voiture,voiture,2,1,1,1,2
202000014509,2020-06-23 20:45:00,2020,6,23,20,45,95,95268,AV DE STALINGRAD,48.95991,2.39925,Plein jour,En agglomération,Hors intersection,Normale,Trois véhicules et plus - en chaîne,3,2,4,0,1,1,1,0,1,50,3,4,3,0,0,1,19.0,50.0,voiture,voiture,1,2,1,1,4
202000014510,2020-05-08 16:02:00,2020,5,8,16,2,91,91687,GENERAL DE GAULLE (AVENUE DU),48.679105,2.381804,Plein jour,En agglomération,Hors intersection,Normale,Sans collision,2,1,2,0,1,1,1,0,1,50,1,1,0,0,0,1,42.0,,deux_roues,,1,2,1,1,7
202000014511,2020-05-08 19:00:00,2020,5,8,19,0,91,91223,GUETTARD (RUE J.E.),48.44583,2.16823,Plein jour,En agglomération,Hors intersection,Normale,Sans collision,4,2,2,0,2,3,1,0,1,50,1,1,0,0,0,1,24.0,,deux_roues,,1,2,1,1,7
202000014512,2020-05-04 15:20:00,2020,5,4,15,20,73,73222,CHAMBERY (AVENUE DE),45.5733679,5.9500234,Plein jour,En agglomération,Intersection en X,Normale,Deux véhicules - arrière,4,2,4,3,1,4,1,5,1,50,2,2,1,0,0,1,63.0,63.0,deux_roues,voiture,1,2,2,1,2
202000014513,2020-05-07 08:50:00,2020,5,7,8,50,63,63032,EUROPE (AVENUE DE L'),45.75481,3.09625,Plein jour,En agglomération,Hors intersection,Normale,Deux véhicules - arrière,4,2,2,0,1,1,1,0,1,50,2,2,1,0,0,1,72.0,26.0,voiture,voiture,1,2,1,1,2
202000014514,2020-05-07 18:00:00,2020,5,7,18,0,62,62893,C.D. 940,50.76117,1.60639,Plein jour,En agglomération,Autre intersection,Normale,Autre collision,3,1,0,1,4,1,1,0,4,30,1,1,0,0,1,0,50.0,,deux_roues,,1,2,9,1,6
202000014515,2020-05-08 16:30:00,2020,5,8,16,30,59,59599,BERTHELOT (CHAUSSEE MARCELIN),50.726399,3.182482,Plein jour,En agglomération,Hors intersection,Normale,Sans collision,7,2,6,2,1,1,1,0,4,50,1,1,0,0,0,1,23.0,,voiture,,1,2,1,1,7
202000014516,2020-05-07 11:40:00,2020,5,7,11,40,37,37261,JEMMAPES (RUE),47.42197,0.6833264,Plein jour,En agglomération,Hors intersection,Normale,Autre collision,4,3,2,0,1,1,1,0,1,50,1,2,1,0,0,1,35.0,,deux_roues,,1,2,1,1,6
202000014517,2020-05-08 20:40:00,2020,5,8,20,40,35,35173,RD 137,48.1915063,-1.7221933,Crépuscule ou aube,Hors agglomération,Hors intersection,Pluie légère,Autre collision,3,3,2,0,1,1,2,0,3,110,1,1,0,0,1,0,20.0,,voiture,,2,1,1,2,6
202000014518,2020-05-08 12:40:00,2020,5,8,12,40,33,33039,RUE CALIXTE CAMELLE,44.8087,-0.53953,Plein jour,En agglomération,Hors intersection,Normale,Autre collision,4,2,2,0,1,1,1,0,1,30,1,2,1,0,1,0,67.0,,voiture,,1,2,1,1,6
202000014519,2020-05-08 10:50:00,2020,5,8,10,50,75,75114,BOULEVARD PERIPHERIQUE,48.817212,2.334982,Plein jour,En agglomération,Hors intersection,Normale,Autre collision,4,1,3,0,1,1,1,0,1,70,1,1,0,0,0,1,29.0,,deux_roues,,1,2,1,1,6
202000014520,2020-05-08 16:40:00,2020,5,8,16,40,75,75119,RUE DE CRIMEE,48.880513,2.388415,Plein jour,En agglomération,Hors intersection,Normale,Sans collision,4,2,2,3,2,1,1,-1,6,30,1,1,0,0,0,1,16.0,,deux_roues,,1,2,1,1,7
202000014521,2020-05-08 12:45:00,2020,5,8,12,45,75,75117,AVENUE DE CLICHY,48.889497,2.322102,Plein jour,En agglomération,Hors intersection,Normale,Autre collision,4,2,2,0,1,1,1,0,1,30,1,1,0,0,0,1,60.0,,deux_roues,,1,2,1,1,6
202000014522,2020-05-07 17:55:00,2020,5,7,17,55,75,75117,BOULEVARD BERTHIER,48.892993,2.310028,Plein jour,En agglomération,Hors intersection,Normale,,4,1,1,1,1,1,1,-1,5,50,2,1,0,0,0,1,40.0,,deux_roues,,1,2,1,1,-1
202000014523,2020-05-07 22:55:00,2020,5,7,22,55,75,75116,BOULEVARD EXELMANS,48.842177,2.261906,Nuit avec éclairage allumé,En agglomération,Hors intersection,Normale,Autre collision,4,2,4,0,2,1,1,0,1,50,1,1,0,0,0,1,47.0,,voiture,,5,2,1,1,6
202000014524,2020-05-08 18:00:00,2020,5,8,18,0,94,94068,CHAMPIGNY (BD DE),48.80627,2.50891,Plein jour,En agglomération,Hors intersection,Normale,Sans collision,3,2,2,0,1,1,1,0,1,50,1,1,0,0,0,1,47.0,,deux_roues,,1,2,1,1,7
202000014525,2020-05-08 19:40:00,2020,5,8,19,40,94,94058,GABRIEL PERI (AV),48.837368,2.512392,Plein jour,En agglomération,Hors intersection,Normale,Autre collision,4,1,1,0,1,1,1,0,1,50,1,1,0,0,0,1,,,,,1,2,1,1,6
202000014526,2020-05-08 15:30:00,2020,5,8,15,30,94,94076,SAINTE COLOMBE (R),48.780591,2.360939,Plein jour,En agglomération,Hors intersection,Normale,Autre collision,4,2,1,0,1,1,1,0,1,30,1,3,2,0,0,1,25.0,,voiture,,1,2,1,1,6
202000014527,2020-05-08 16:50:00,2020,5,8,16,50,94,94022,ANATOLE FRANCE (AV),48.758857,2.412693,Plein jour,En agglomération,Hors intersection,Normale,Autre collision,4,2,2,0,1,1,1,0,1,50,1,2,1,0,0,1,32.0,,voiture,,1,2,1,1,6
202000014528,2020-05-08 00:00:00,2020,5,8,0,0,93,93047,AV DE CLICHY / R BERTHE MORISOT,48.90438,2.56026,Nuit avec éclairage allumé,En agglomération,Intersection en T,Normale,Deux véhicules - côté,4,3,2,1,1,1,1,0,1,50,2,2,1,0,0,1,23.0,22.0,voiture,deux_roues,5,2,3,1,3
202000014529,2020-05-08 12:35:00,2020,5,8,12,35,92,92051,"CHARLES DE GAULLE (AVENUE, N°27 A 129)",48.8822,2.2682,Plein jour,En agglomération,Hors intersection,Normale,Deux véhicules - côté,2,1,4,0,1,1,1,0,1,50,2,3,2,0,0,1,42.0,43.0,utilitaire_camion,voiture,1,2,1,1,3
202000014530,2020-05-07 19:25:00,2020,5,7,19,25,92,92036,GABRIEL PERI (AVENUE) (60/134),48.919942,2.295269,Plein jour,En agglomération,Intersection en T,Normale,Deux véhicules - côté,3,2,3,0,1,1,1,0,1,50,2,2,1,0,0,1,23.0,60.0,deux_roues,voiture,1,2,3,1,3
202000014531,2020-05-08 08:02:00,2020,5,8,8,2,92,92062,PASSAGE DE L'ARCHE,48.8918,2.2363,Plein jour,Hors agglomération,Autre intersection,Normale,Sans collision,9,-1,0,3,1,1,1,9,6,20,1,1,0,0,0,1,35.0,,deux_roues,,1,1,9,1,7
202000014532,2020-05-08 15:00:00,2020,5,8,15,0,31,31419,D83,43.3841,1.022383,Plein jour,Hors agglomération,Hors intersection,Normale,Sans collision,3,2,2,0,3,1,1,0,1,80,1,1,0,0,1,0,20.0,,deux_roues,,1,1,1,1,7
202000014533,2020-05-08 23:40:00,2020,5,8,23,40,974,97402,Rue des Letchis,-21.0741388,55.7399833,Plein jour,En agglomération,Hors intersection,Normale,Deux véhicules - côté,2,3,2,0,1,1,1,5,1,50,2,4,3,0,0,1,35.0,21.0,voiture,deux_roues,1,2,1,1,3
202000014534,2020-05-08 17:45:00,2020,5,8,17,45,62,62676,Rue de Lambres,50.604159,2.378653,Plein jour,Hors agglomération,Intersection en X,Normale,Deux véhicules - côté,3,2,2,0,4,1,1,9,1,80,2,6,5,0,0,1,39.0,39.0,voiture,voiture,1,1,2,1,3
202000014535,2020-05-05 12:15:00,2020,5,5,12,15,56,56205,D20,47.551778,-2.710244,Plein jour,Hors agglomération,Hors intersection,Normale,Sans collision,3,2,2,0,1,2,1,0,3,80,1,1,0,0,1,0,70.0,,deux_roues,,1,1,1,1,7
202000014536,2020-05-08 12:00:00,2020,5,8,12,0,74,74208,Avenue de la Plaine,45.912418,6.707867,Plein jour,En agglomération,Hors intersection,Normale,Sans collision,3,2,2,0,1,1,1,0,1,50,1,1,0,0,1,0,71.0,,deux_roues,,1,2,1,1,7
202000014537,2020-05-08 20:30:00,2020,5,8,20,30,29,29080,lieu dit le pouligou,48.3203583,-4.2529583,Plein jour,En agglomération,Hors intersection,Normale,Deux véhicules - frontale,4,2,1,0,2,2,1,0,1,50,2,3,0,0,1,2,50.0,26.0,voiture,voiture,1,2,1,1,1
202000014538,2020-05-08 22:30:00,2020,5,8,22,30,34,34126,D908,43.588341,3.096846,Nuit sans éclairage public,Hors agglomération,Hors intersection,Normale,Autre collision,3,2,2,0,1,1,1,0,1,80,1,2,1,0,1,0,23.0,,voiture,,3,1,1,1,6
202000014539,2020-05-09 19:30:00,2020,5,9,19,30,50,50086,16 Route de Boutron,49.634272,-1.412108,Plein jour,Hors agglomération,Hors intersection,Normale,Sans collision,3,2,2,0,2,2,1,0,3,80,1,1,0,0,0,1,45.0,,deux_roues,,1,1,1,1,7
202000014540,2020-05-06 08:35:00,2020,5,6,8,35,18,18224,RN 151,47.162404,2.95032,Plein jour,Hors agglomération,Hors intersection,Normale,Deux véhicules - côté,2,2,2,0,1,1,1,0,1,80,2,2,1,0,0,1,58.0,73.0,voiture,voiture,1,1,1,1,3
202000014541,2020-05-09 06:20:00,2020,5,9,6,20,85,85047,Rue de Nantes,46.857423,-1.868027,Crépuscule ou aube,En agglomération,Giratoire,Brouillard / fumée,Sans collision,4,2,2,0,1,3,1,0,1,50,1,1,0,0,1,0,20.0,,deux_roues,,2,2,6,5,7
202000014542,2020-05-08 20:15:00,2020,5,8,20,15,37,37055,Rue de Rille,47.4558981,0.2491166,Plein jour,Hors agglomération,Hors intersection,Normale,Sans collision,3,2,2,0,1,1,2,0,3,80,1,1,0,1,0,0,52.0,,voiture,,1,1,1,1,7
202000014543,2020-05-08 19:35:00,2020,5,8,19,35,82,82028,Canals,43.859869,1.3184755,Plein jour,Hors agglomération,Hors intersection,Normale,Autre collision,1,2,3,0,1,1,1,8,2,50,1,1,0,0,0,1,47.0,,voiture,,1,1,1,1,6
202000014544,2020-05-07 17:40:00,2020,5,7,17,40,68,68301,A35,47.689628,7.45055,Plein jour,Hors agglomération,Hors intersection,Normale,Sans collision,9,2,2,0,1,1,9,9,6,80,1,1,0,0,0,1,54.0,,deux_roues,,1,1,1,1,7
202000014545,2020-05-09 11:30:00,2020,5,9,11,30,976,97614,D16 route de kahani,-12.823937,45.129583,Plein jour,En agglomération,Hors intersection,Normale,Autre collision,3,-1,2,0,2,1,1,0,3,30,1,2,1,0,1,0,53.0,,voiture,,1,2,1,1,6
202000014546,2020-05-09 22:00:00,2020,5,9,22,0,988,98817,RP1/RUE DE LA THI,-22.230643,166.549612,Nuit avec éclairage allumé,En agglomération,Intersection en T,Normale,Trois véhicules et plus - collisions multiples,3,2,2,0,1,1,1,0,1,50,3,13,0,4,7,2,35.0,39.0,voiture,voiture,5,2,3,1,5
202000014547,2020-05-08 17:40:00,2020,5,8,17,40,971,97128,Surgy,16.2664775,-61.3361043,Plein jour,Hors agglomération,Hors intersection,Normale,Autre collision,3,2,2,0,1,1,1,0,3,80,1,1,0,0,1,0,36.0,,voiture,,1,1,1,1,6
202000014548,2020-05-09 07:20:00,2020,5,9,7,20,89,89206,RD606,47.968836,3.400183,Plein jour,Hors agglomération,Hors intersection,Normale,Deux véhicules - frontale,3,2,3,0,1,1,1,0,1,90,2,2,1,1,0,0,19.0,54.0,voiture,utilitaire_camion,1,1,1,1,1
202000014549,2020-05-09 12:00:00,2020,5,9,12,0,67,67348,47 Rue du General Leclerc,48.470979,7.494264,Plein jour,En agglomération,Autre intersection,Normale,Deux véhicules - côté,3,2,2,0,1,1,1,0,1,50,2,2,1,0,1,0,48.0,30.0,deux_roues,voiture,1,2,9,1,3
202000014550,2020-05-08 14:25:00,2020,5,8,14,25,22,22225,Rue Guellou,48.541078,-3.108381,Plein jour,En agglomération,Intersection en X,Normale,Sans collision,4,2,2,0,1,1,1,0,1,50,1,1,0,0,0,1,52.0,,deux_roues,,1,2,2,1,7
202000014551,2020-04-24 11:10:00,2020,4,24,11,10,35,35178,Le Chene Vert,48.295094,-1.452206,Plein jour,Hors agglomération,Hors intersection,Normale,Deux véhicules - côté,3,2,2,0,1,1,1,0,1,80,2,1,0,0,1,0,57.0,,deux_roues,,1,1,1,1,3
202000014552,2020-05-09 18:30:00,2020,5,9,18,30,62,62290,Chemin d'Ecurie,50.33525,2.763834,Plein jour,Hors agglomération,Hors intersection,Normale,Sans collision,3,2,2,0,1,2,1,0,3,80,1,2,1,0,1,0,41.0,,deux_roues,,1,1,1,1,7
202000014553,2020-05-07 23:14:00,2020,5,7,23,14,91,91617,RN 104,48.63152,2.51594,Nuit sans éclairage public,Hors agglomération,Hors intersection,Normale,Sans collision,2,1,3,0,1,1,1,3,8,90,1,1,0,0,0,1,32.0,,voiture,,3,1,1,1,7
202000014554,2020-05-05 22:39:00,2020,5,5,22,39,94,94021,AUTOROUTE A6B,48.76295,2.34103,Nuit sans éclairage public,Hors agglomération,Hors intersection,Normale,Deux véhicules - arrière,1,3,2,0,1,1,1,0,1,90,2,2,1,1,0,0,23.0,59.0,voiture,utilitaire_camion,3,1,1,1,2
202000014555,2020-01-25 14:07:00,2020,1,25,14,7,74,74305,FELDER (CARREFOUR PAUL),46.202103,6.2735,Plein jour,En agglomération,Giratoire,Normale,Deux véhicules - côté,3,1,2,0,1,2,1,5,1,50,2,2,1,0,0,1,64.0,30.0,deux_roues,voiture,1,2,6,1,3
202000014556,2020-05-07 11:30:00,2020,5,7,11,30,988,98818,RUE COTE DE L'AMIRAL HALSEY,-22.28154,166.44324,Plein jour,En agglomération,Hors intersection,Pluie légère,Deux véhicules - arrière,4,1,2,0,1,1,2,0,1,50,2,2,1,0,0,1,32.0,47.0,utilitaire_camion,utilitaire_camion,1,2,1,2,2
202000014557,2020-05-07 17:40:00,2020,5,7,17,40,974,97411,LECONTE DE LISLE (RUE),-20.89271,55.48338,Plein jour,En agglomération,Intersection en X,Normale,Deux véhicules - côté,4,2,0,3,1,1,1,0,8,50,2,2,1,0,1,0,35.0,40.0,deux_roues,deux_roues,1,2,2,1,3
202000014558,2020-05-06 17:00:00,2020,5,6,17,0,974,97407,14 JUILLET 1789(AVENUE DU),-20.93254,55.29475,Plein jour,En agglomération,Giratoire,Normale,Deux véhicules - côté,4,-1,2,0,1,1,1,0,1,50,2,2,1,0,0,1,14.0,42.0,deux_roues,voiture,1,2,6,1,3
202000014559,2020-05-07 20:40:00,2020,5,7,20,40,69,69387,BERTHELOT                           (AV),45.742,4.85186,Nuit avec éclairage allumé,En agglomération,Hors intersection,Normale,Autre collision,4,2,3,1,3,1,1,2,1,50,1,1,0,0,0,1,,,,,5,2,1,1,6
202000014560,2020-05-03 19:03:00,2020,5,3,19,3,972,97209,BEL HORIZON (RUE DU),14.6395,-61.0554,Nuit sans éclairage public,En agglomération,Hors intersection,Normale,Autre collision,4,2,2,0,1,1,1,0,1,50,1,2,1,0,1,0,75.0,,voiture,,3,2,1,1,6
202000014561,2020-05-07 08:30:00,2020,5,7,8,30,69,69034,GEORGES CLEMENCEAU                  (QU),45.794377,4.8278475,Plein jour,En agglomération,Intersection en T,Normale,Deux véhicules - frontale,4,2,3,2,1,1,1,0,1,50,2,2,1,0,1,0,50.0,53.0,voiture,deux_roues,1,2,3,1,1
202000014562,2020-05-03 17:00:00,2020,5,3,17,0,69,69034,SOEUR VIALLY (DE LA)                (MO),45.78668,4.8451,Plein jour,En agglomération,Hors intersection,Normale,Deux véhicules - côté,4,2,2,0,2,3,1,0,1,50,2,2,1,0,0,1,19.0,45.0,voiture,deux_roues,1,2,1,1,3
202000014563,2020-05-07 12:35:00,2020,5,7,12,35,91,91064,Léon MIGNOTTE (rue),48.76303,2.20259,Plein jour,Hors agglomération,Hors intersection,Normale,Autre collision,3,2,2,0,3,2,1,0,3,50,1,2,0,0,0,2,40.0,,deux_roues,,1,1,1,1,6
202000014564,2020-05-07 18:50:00,2020,5,7,18,50,91,91687,CARNOT (RUE),48.6789,2.38357,Plein jour,En agglomération,Hors intersection,Normale,Sans collision,4,1,1,0,2,2,1,1,1,20,1,1,0,0,0,1,32.0,,utilitaire_camion,,1,2,1,1,7
202000014565,2020-05-07 14:00:00,2020,5,7,14,0,91,91687,GENERAL DE GAULLE (AVENUE DU),48.68425,2.37545,Plein jour,En agglomération,Hors intersection,Normale,Sans collision,2,1,2,0,1,1,1,0,1,50,1,2,1,0,0,1,45.0,,utilitaire_camion,,1,2,1,1,7
202000014566,2020-05-07 12:00:00,2020,5,7,12,0,76,76351,IRENE JOLIOT CURIE (RUE),49.5105,0.1025,Plein jour,En agglomération,Intersection en X,Normale,Deux véhicules - frontale,3,2,2,0,1,1,1,0,1,50,2,2,1,0,0,1,69.0,73.0,deux_roues,voiture,1,2,2,1,1
202000014567,2020-05-07 09:10:00,2020,5,7,9,10,76,76351,ANDREI SAKHAROV (RUE),49.5049,0.174,Plein jour,En agglomération,Intersection en X,Normale,Deux véhicules - côté,4,2,2,0,1,1,1,0,1,50,2,2,1,0,0,1,23.0,26.0,deux_roues,utilitaire_camion,1,2,2,1,3
202000014568,2020-05-07 07:40:00,2020,5,7,7,40,76,76351,CHANTIERS (DES),49.4867,0.163,Plein jour,En agglomération,Hors intersection,Normale,Autre collision,4,2,3,0,1,1,1,0,1,50,1,2,1,0,1,0,25.0,,voiture,,1,2,1,1,6
202000014569,2020-05-06 19:35:00,2020,5,6,19,35,74,74012,BONNEVILLE (ROUTE DE),46.1917,6.2365,Plein jour,En agglomération,Intersection en T,Normale,Deux véhicules - côté,3,2,2,0,1,1,1,0,1,50,2,2,1,0,0,1,38.0,52.0,voiture,deux_roues,1,2,3,1,3
202000014570,2020-05-07 10:07:00,2020,5,7,10,7,72,72181,GENESLAY FELIX (AV) N° PAIRS 2 A 144,47.98119,0.20959,Plein jour,En agglomération,Hors intersection,Normale,Deux véhicules - côté,4,3,2,3,2,1,1,0,1,50,2,1,0,0,0,1,48.0,,deux_roues,,1,2,1,1,3
202000014571,2020-05-06 08:40:00,2020,5,6,8,40,64,64024,BAYONNE (AVENUE DE),43.48219,-1.50619,Plein jour,En agglomération,Hors intersection,Normale,Sans collision,3,1,3,1,1,1,1,0,5,50,1,1,0,0,0,1,47.0,,deux_roues,,1,2,1,1,7
202000014572,2020-05-07 10:20:00,2020,5,7,10,20,59,59155,JAURES JEAN - BOULEVARD,51.02062,2.379826,Plein jour,En agglomération,Intersection en T,Normale,Autre collision,4,2,2,0,1,1,1,0,1,50,1,2,1,0,1,0,45.0,,voiture,,1,2,3,1,6
202000014573,2020-05-06 15:45:00,2020,5,6,15,45,54,54580,RUE RAONI METUKTIRE,49.46107,5.91945,Plein jour,En agglomération,Hors intersection,Normale,Deux véhicules - arrière,4,1,2,0,1,2,1,0,1,30,2,2,1,0,1,0,29.0,5.0,voiture,deux_roues,1,2,1,1,2
202000014574,2020-05-07 07:25:00,2020,5,7,7,25,35,35238,BEAULIEU (ALLEE DE),48.117179,-1.634037,Plein jour,En agglomération,Hors intersection,Normale,Autre collision,4,3,2,0,1,1,1,0,1,50,1,1,0,0,0,1,19.0,,deux_roues,,1,2,1,1,6
202000014575,2020-05-05 20:55:00,2020,5,5,20,55,34,34032,NARBONNE (ROUTE DE),43.32321,3.18925,Nuit sans éclairage public,En agglomération,Autre intersection,Normale,Sans collision,3,2,0,0,1,1,1,9,1,50,1,1,0,0,1,0,18.0,,deux_roues,,3,2,9,1,7
202000014576,2020-05-06 17:15:00,2020,5,6,17,15,32,32013,PIERRE DE MONTESQUIOU (AVENUE),43.6345,0.58872,Plein jour,En agglomération,Hors intersection,Normale,Deux véhicules - côté,4,2,2,0,1,1,1,0,1,50,2,1,0,0,0,1,19.0,,deux_roues,,1,2,1,1,3
202000014577,2020-05-06 19:00:00,2020,5,6,19,0,31,31555,AV DE REYNERIE,43.571,1.40891,Plein jour,En agglomération,Intersection en T,Normale,Deux véhicules - frontale,4,3,2,0,1,3,1,0,1,50,2,3,1,0,0,2,22.0,73.0,deux_roues,utilitaire_camion,1,2,3,1,1
202000014578,2020-05-07 10:30:00,2020,5,7,10,30,25,25056,VIOLET RUE,47.258643,6.019914,Plein jour,En agglomération,Autre intersection,Normale,Autre collision,4,1,1,0,1,2,1,0,1,50,1,3,2,0,1,0,19.0,,utilitaire_camion,,1,2,9,1,6
202000014579,2020-05-07 16:24:00,2020,5,7,16,24,21,21231,CHAMPOLLION (AVENUE),47.335959,5.062627,Plein jour,En agglomération,Hors intersection,Normale,Autre collision,4,3,1,0,2,1,1,0,1,50,1,2,1,1,0,0,43.0,,voiture,,1,2,1,1,6
202000014580,2020-05-07 18:38:00,2020,5,7,18,38,17,17415,LORMONT RUE DE,45.75558,-0.61555,Crépuscule ou aube,En agglomération,Intersection en T,Normale,Deux véhicules - frontale,4,2,2,0,1,1,1,0,1,50,2,3,1,0,0,2,39.0,26.0,voiture,voiture,2,2,3,1,1
202000014581,2020-05-07 15:00:00,2020,5,7,15,0,13,13213,JEAN PAUL SARTRE (AVENUE),43.328945,5.430663,Plein jour,En agglomération,Autre intersection,Normale,Deux véhicules - frontale,3,2,2,0,1,1,1,5,1,50,2,2,1,0,0,1,23.0,51.0,voiture,voiture,1,2,9,1,1
202000014582,2020-05-06 19:00:00,2020,5,6,19,0,13,13209,MAZARGUES (AVENUE DE),43.259727,5.394098,Plein jour,En agglomération,Hors intersection,Normale,Deux véhicules - côté,4,2,2,0,1,1,1,0,1,50,2,2,1,0,1,0,32.0,22.0,deux_roues,voiture,1,2,1,1,3
202000014583,2020-05-07 17:00:00,2020,5,7,17,0,06,06069,CANNES (ROUTE DE)  -RD 6085-,43.6418,6.947157,Plein jour,En agglomération,Hors intersection,Normale,Deux véhicules - frontale,4,2,2,0,1,2,1,0,1,70,2,2,0,0,0,2,62.0,52.0,voiture,voiture,1,2,1,1,1
202000014584,2020-05-06 18:30:00,2020,5,6,18,30,75,75117,BOULEVARD PERIPHERIQUE,48.880992,2.282333,Plein jour,En agglomération,Hors intersection,Normale,Deux véhicules - côté,4,1,4,0,1,1,1,0,1,70,2,2,1,0,0,1,39.0,41.0,voiture,voiture,1,2,1,1,3
202000014585,2020-05-06 19:48:00,2020,5,6,19,48,75,75114,BOULEVARD ADOLPHE PINARD,48.822824,2.312029,Plein jour,En agglomération,Hors intersection,Normale,Autre collision,4,1,2,0,1,1,1,0,1,50,1,5,4,1,0,0,34.0,,utilitaire_camion,,1,2,1,1,6
202000014586,2020-05-07 07:48:00,2020,5,7,7,48,75,75105,QUAI SAINT MICHEL,48.853048,2.346852,Plein jour,En agglomération,Intersection en X,Normale,Deux véhicules - arrière,4,1,2,0,1,1,1,0,1,50,2,2,1,0,0,1,31.0,40.0,deux_roues,voiture,1,2,2,1,2
202000014587,2020-05-07 16:00:00,2020,5,7,16,0,75,75116,AVENUE FOCH,48.873722,2.294068,Plein jour,En agglomération,Place,Normale,Deux véhicules - côté,4,1,5,0,1,2,1,9,1,50,2,2,1,0,0,1,69.0,54.0,deux_roues,voiture,1,2,7,1,3
202000014588,2020-05-07 19:10:00,2020,5,7,19,10,75,75112,RUE HECTOR MALOT,48.846137,2.376054,Plein jour,En agglomération,Intersection en X,Normale,Autre collision,4,1,1,0,1,1,1,0,1,30,1,1,0,0,0,1,60.0,,deux_roues,,1,2,2,1,6
202000014589,2020-05-07 14:30:00,2020,5,7,14,30,94,94078,PARIS (R DE),48.7513,2.4451,Plein jour,En agglomération,Autre intersection,Normale,Deux véhicules - arrière,2,3,0,0,1,1,1,0,1,50,2,3,1,0,0,2,36.0,47.0,voiture,voiture,1,2,9,1,2
202000014590,2020-05-06 08:50:00,2020,5,6,8,50,94,94068,ALBERT 1ER (AV),48.80294,2.48542,Plein jour,En agglomération,Intersection en X,Normale,Deux véhicules - côté,4,2,2,0,1,1,1,0,1,30,2,2,1,0,0,1,61.0,21.0,voiture,deux_roues,1,2,2,1,3
202000014591,2020-05-07 19:42:00,2020,5,7,19,42,94,94043,FONTAINEBLEAU (AV DE),48.80956,2.36227,Plein jour,En agglomération,Hors intersection,Normale,Deux véhicules - côté,3,2,3,1,2,1,1,0,1,50,2,1,0,0,0,1,43.0,,deux_roues,,1,2,1,1,3
202000014592,2020-05-07 18:25:00,2020,5,7,18,25,94,94043,CHARLES GIDE (AV),48.80723,2.35254,Plein jour,En agglomération,Hors intersection,Normale,Deux véhicules - arrière,3,2,1,3,1,1,1,6,1,50,2,3,2,0,0,1,46.0,55.0,deux_roues,utilitaire_camion,1,2,1,1,2
202000014593,2020-05-06 16:10:00,2020,5,6,16,10,94,94021,PEPINIERE (SQ DE LA),48.7677,2.36624,Plein jour,En agglomération,Hors intersection,Normale,Deux véhicules - côté,5,1,1,0,1,1,1,0,1,30,2,2,1,0,0,1,69.0,9.0,voiture,deux_roues,1,2,1,1,3
202000014594,2020-05-07 16:20:00,2020,5,7,16,20,94,94033,LOUISON BOBET (AV),48.85245,2.49076,Plein jour,En agglomération,Giratoire,Normale,Deux véhicules - frontale,3,1,2,2,1,3,1,9,1,50,2,2,1,0,0,1,63.0,66.0,deux_roues,voiture,1,2,6,1,1
202000014595,2020-05-07 04:00:00,2020,5,7,4,0,93,93071,AV JOHN F. KENNEDY / R D'AULNAY,48.9395633,2.5127817,Nuit avec éclairage allumé,En agglomération,Intersection en X,Normale,Deux véhicules - côté,3,2,2,0,1,1,1,5,1,50,2,3,2,0,0,1,39.0,19.0,utilitaire_camion,voiture,5,2,2,1,3