accident_id,datetime,annee,mois,jour,heure,minute,departement,commune_insee,adresse,latitude,longitude,luminosite,agglomeration,intersection,meteo,collision,catr,circ,nbv,vosp,prof,plan,surf,infra,situ,vma,nb_vehicules,nb_usagers,nb_indemnes,nb_tues,nb_blesses_hosp,nb_blesses_legers,age_cond_1,age_cond_2,veh_type_cond_1,veh_type_cond_2,lum_code,agg_code,int_code,atm_code,col_code
202000014868,2020-02-15 16:35:00,2020,2,15,16,35,38,38474,Avenue de Romans,45.200123,5.669256,Plein jour,En agglomération,Hors intersection,Normale,Deux véhicules - arrière,3,2,2,0,1,1,1,0,1,50,2,2,0,0,1,1,32.0,62.0,voiture,voiture,1,2,1,1,2
202000014869,2020-07-15 05:30:00,2020,7,15,5,30,13,13117,ROND POINT DE PIERRE PLANTEE,43.44626,5.24804,Crépuscule ou aube,En agglomération,Giratoire,Normale,Deux véhicules - côté,4,1,2,0,1,2,1,5,1,50,2,2,1,0,0,1,53.0,19.0,transport_commun,voiture,2,2,6,1,3
202000014870,2020-07-15 15:10:00,2020,7,15,15,10,13,13215,SAINT ANTOINE A SAINT JOSEPH (CHEMIN DE),43.36038,5.36383,Plein jour,En agglomération,Intersection en Y,Normale,Deux véhicules - côté,7,3,2,0,2,1,1,0,1,50,2,4,2,0,0,2,51.0,75.0,voiture,voiture,1,2,4,1,3
202000014871,2020-02-19 08:20:00,2020,2,19,8,20,26,26179,D115,45.077035,4.889978,Plein jour,En agglomération,Autre intersection,Normale,Deux véhicules - frontale,3,2,2,0,1,1,1,0,1,70,2,5,3,0,1,1,32.0,55.0,voiture,voiture,1,2,9,1,1
202000014872,2020-07-15 14:30:00,2020,7,15,14,30,13,13201,DELILLE (RUE),43.354,5.24,Plein jour,En agglomération,Intersection en X,Normale,Deux véhicules - côté,4,1,1,0,2,1,1,0,1,50,2,2,1,0,1,0,34.0,32.0,utilitaire_camion,deux_roues,1,2,2,1,3
202000014873,2020-07-15 12:10:00,2020,7,15,12,10,13,13210,MAURIAC (RUE),43.2734,5.42009,Plein jour,En agglomération,Hors intersection,Normale,Deux véhicules - côté,4,2,2,0,2,1,1,0,1,50,2,2,1,0,1,0,81.0,22.0,voiture,deux_roues,1,2,1,1,3
202000014874,2020-03-01 02:15:00,2020,3,1,2,15,26,26116,810 Avenue du Rhône,44.44969,4.700255,Nuit sans éclairage public,Hors agglomération,Hors intersection,Normale,Autre collision,3,2,2,0,2,2,1,0,8,70,1,2,0,0,0,2,21.0,,voiture,,3,1,1,1,6
202000014875,2020-07-15 07:40:00,2020,7,15,7,40,13,13210,PONT DE VIVAUX (BOULEVARD),43.279015,5.422525,Plein jour,En agglomération,Hors intersection,Normale,Deux véhicules - côté,4,2,2,0,1,1,1,0,2,50,2,2,1,0,0,1,41.0,37.0,voiture,deux_roues,1,2,1,1,3
202000014876,2020-02-29 03:30:00,2020,2,29,3,30,26,26206,D538,44.84175,5.009384,Nuit sans éclairage public,Hors agglomération,Hors intersection,Temps couvert,Sans collision,3,2,2,0,1,1,1,0,1,80,1,1,0,0,1,0,32.0,,voiture,,3,1,1,8,7
202000014877,2020-07-14 22:10:00,2020,7,14,22,10,13,13005,D 2 (CAMP MAJOR),43.28808,5.5444,Nuit avec éclairage allumé,En agglomération,Hors intersection,Normale,Deux véhicules - arrière,3,2,2,0,1,1,1,0,1,50,2,2,1,0,0,1,32.0,36.0,voiture,voiture,5,2,1,1,2
202000014878,2020-03-02 20:54:00,2020,3,2,20,54,01,01376,52 Route de Genève,45.830613,4.982532,Nuit avec éclairage allumé,En agglomération,Hors intersection,Pluie légère,Deux véhicules - côté,3,2,2,0,1,1,2,9,1,50,2,2,1,0,0,1,26.0,28.0,utilitaire_camion,voiture,5,2,1,2,3
202000014879,2020-02-21 17:35:00,2020,2,21,17,35,69,69136,Montée de Sourzy,45.621527,4.751861,Crépuscule ou aube,En agglomération,Hors intersection,Normale,Autre collision,3,2,2,0,2,1,1,0,1,50,1,3,1,0,0,2,29.0,,voiture,,2,2,1,1,6
202000014880,2020-07-15 13:20:00,2020,7,15,13,20,13,13001,R.N 7,43.551389,5.4261112,Plein jour,Hors agglomération,Hors intersection,Normale,Deux véhicules - arrière,2,2,2,0,1,1,1,0,1,70,2,2,1,0,0,1,19.0,35.0,voiture,voiture,1,1,1,1,2
202000014881,2020-02-27 06:45:00,2020,2,27,6,45,69,69296,Chemin Departemental 12,45.637402,4.823449,Crépuscule ou aube,Hors agglomération,Hors intersection,Normale,Deux véhicules - côté,3,2,2,0,1,1,1,0,1,70,2,2,1,0,1,0,24.0,62.0,voiture,deux_roues,2,1,1,1,3
202000014882,2020-07-14 17:59:00,2020,7,14,17,59,10,10357,R.N. 19,48.294205,4.142914,Plein jour,Hors agglomération,Hors intersection,Normale,Deux véhicules - côté,3,2,2,0,1,1,1,0,1,80,2,2,1,0,0,1,40.0,20.0,deux_roues,utilitaire_camion,1,1,1,1,3
202000014883,2020-02-25 16:23:00,2020,2,25,16,23,81,81099,9 Rue des Chalets,43.900571,1.903215,Plein jour,En agglomération,Hors intersection,Pluie légère,Deux véhicules - côté,4,2,2,0,1,1,2,0,1,50,2,2,1,0,1,0,16.0,44.0,deux_roues,voiture,1,2,1,2,3
202000014884,2020-01-22 18:50:00,2020,1,22,18,50,81,81099,70 Rue de la Marguerite,43.905932,1.902598,Nuit avec éclairage allumé,En agglomération,Hors intersection,Normale,Sans collision,4,2,2,0,1,1,1,0,1,50,1,1,0,0,1,0,16.0,,deux_roues,,5,2,1,1,7
202000014885,2020-07-14 17:00:00,2020,7,14,17,0,06,06088,ANGLAIS (DU N° 114 AU N° 263),43.6733,7.22637,Plein jour,En agglomération,Hors intersection,Normale,Trois véhicules et plus - collisions multiples,7,3,4,0,1,1,1,9,3,50,3,6,3,2,1,0,30.0,60.0,deux_roues,voiture,1,2,1,1,5
202000014886,2020-02-29 07:25:00,2020,2,29,7,25,86,86008,Route d'Arçay,46.96419,0.011737,Crépuscule ou aube,Hors agglomération,Hors intersection,Pluie légère,Autre collision,4,2,2,0,1,3,2,0,3,80,1,1,0,1,0,0,33.0,,voiture,,2,1,1,2,6
202000014887,2020-07-14 18:00:00,2020,7,14,18,0,06,06069,CLEMENCEAU (BOULEVARD GEORGES),43.658334,6.914346,Plein jour,En agglomération,Hors intersection,Normale,Autre collision,3,2,2,0,2,2,1,0,3,50,1,5,1,0,0,4,33.0,,voiture,,1,2,1,1,6
202000014888,2020-03-03 11:37:00,2020,3,3,11,37,64,64426,D936,43.236222,-0.669909,Plein jour,Hors agglomération,Hors intersection,Vent fort / tempête,Trois véhicules et plus - collisions multiples,3,2,2,0,1,2,2,0,1,80,3,3,2,0,1,0,20.0,46.0,voiture,utilitaire_camion,1,1,1,6,5
202000014889,2020-07-10 19:26:00,2020,7,10,19,26,05,05061,EMILE DIDIER ( AV ),44.56663,6.0952,Plein jour,En agglomération,Hors intersection,Normale,Deux véhicules - côté,2,2,2,0,1,1,1,0,1,50,2,2,1,0,1,0,43.0,16.0,voiture,deux_roues,1,2,1,1,3
202000014890,2020-07-15 00:50:00,2020,7,15,0,50,75,75113,BOULEVARD PERIPHERIQUE,48.819874,2.374335,Nuit avec éclairage allumé,En agglomération,Hors intersection,Normale,Deux véhicules - arrière,4,1,4,0,1,1,1,0,1,70,2,2,1,0,0,1,61.0,27.0,utilitaire_camion,deux_roues,5,2,1,1,2
202000014891,2020-02-24 18:10:00,2020,2,24,18,10,33,33099,29 Avenue de Branne,44.828056,-0.461769,Plein jour,Hors agglomération,Intersection en T,Normale,Deux véhicules - arrière,3,2,2,0,1,1,1,8,1,80,2,2,1,0,1,0,29.0,67.0,deux_roues,voiture,1,1,3,1,2
202000014892,2020-07-15 09:07:00,2020,7,15,9,7,75,75106,PLACE SAINT SULPICE,48.851259,2.333792,Plein jour,En agglomération,Intersection en T,Normale,Deux véhicules - côté,4,1,2,1,1,1,1,-1,5,30,2,2,1,0,0,1,60.0,39.0,voiture,deux_roues,1,2,3,1,3
202000014893,2020-03-03 08:00:00,2020,3,3,8,0,85,85152,Place de l'Eglise (la Chapelle-achard),46.590083,-1.647885,Plein jour,En agglomération,Hors intersection,Pluie légère,Deux véhicules - arrière,3,2,2,0,2,1,2,0,1,30,2,2,1,0,0,1,17.0,37.0,deux_roues,voiture,1,2,1,2,2
202000014894,2020-07-15 19:45:00,2020,7,15,19,45,75,75120,BOULEVARD DAVOUT,48.848098,2.411125,Plein jour,En agglomération,Hors intersection,Normale,Deux véhicules - côté,4,3,1,0,1,1,1,0,1,50,2,2,1,0,0,1,22.0,32.0,voiture,deux_roues,1,2,1,1,3
202000014895,2020-03-01 16:00:00,2020,3,1,16,0,50,50025,Rue du Commandant Bindel,48.680745,-1.340568,Plein jour,En agglomération,Intersection en T,Normale,Deux véhicules - frontale,3,2,2,0,1,1,1,0,1,50,2,2,1,0,1,0,73.0,16.0,voiture,deux_roues,1,2,3,1,1
202000014896,2020-07-15 00:20:00,2020,7,15,0,20,75,75119,AVENUE CORENTIN CARIOU,48.895129,2.382763,Nuit avec éclairage allumé,En agglomération,Intersection en T,Normale,Autre collision,4,2,3,0,1,1,1,0,1,50,1,4,0,0,0,4,26.0,,voiture,,5,2,3,1,6
202000014897,2020-02-27 20:00:00,2020,2,27,20,0,14,14258,Route d'Argentan,48.88922,-0.190968,Nuit sans éclairage public,En agglomération,Hors intersection,Temps couvert,Autre collision,3,2,2,0,1,1,1,0,3,50,1,1,0,0,1,0,53.0,,voiture,,3,2,1,8,6
202000014898,2020-07-15 18:20:00,2020,7,15,18,20,75,75118,BOULEVARD BARBES,48.886551,2.349559,Plein jour,En agglomération,Intersection en X,Normale,Autre collision,4,2,4,3,1,1,1,-1,6,30,1,2,0,0,0,2,25.0,,deux_roues,,1,2,2,1,6
202000014899,2020-03-03 08:50:00,2020,3,3,8,50,14,14197,D35,49.286521,-0.338817,Plein jour,Hors agglomération,Hors intersection,Normale,Sans collision,3,2,2,0,1,1,1,0,1,80,1,1,0,0,1,0,52.0,,deux_roues,,1,1,1,1,7
202000014900,2020-02-28 18:00:00,2020,2,28,18,0,29,29124,Rue Francis Guezennec,48.57747,-4.312241,Plein jour,En agglomération,Hors intersection,Temps couvert,Deux véhicules - frontale,4,2,2,0,1,3,2,0,5,30,2,2,1,0,1,0,52.0,13.0,voiture,deux_roues,1,2,1,8,1
202000014901,2020-07-15 14:15:00,2020,7,15,14,15,75,75118,BOULEVARD ORNANO,48.894616,2.347172,Plein jour,En agglomération,Intersection en X,Normale,Deux véhicules - côté,4,2,5,3,1,1,1,-1,6,50,2,2,1,0,0,1,37.0,68.0,deux_roues,utilitaire_camion,1,2,2,1,3
202000014902,2020-07-14 22:35:00,2020,7,14,22,35,75,75118,RUE JEAN ROBERT,48.890289,2.358343,Nuit avec éclairage allumé,En agglomération,Intersection en T,Normale,Autre collision,4,1,1,0,1,1,1,0,1,50,1,2,1,0,0,1,38.0,,voiture,,5,2,3,1,6
202000014903,2020-02-29 14:25:00,2020,2,29,14,25,22,22093,Le Pont Hougat Maroué,48.451247,-2.539601,Plein jour,Hors agglomération,Hors intersection,Vent fort / tempête,Deux véhicules - arrière,3,2,2,0,4,2,1,0,1,80,2,5,1,0,0,4,24.0,43.0,voiture,voiture,1,1,1,6,2
202000014904,2020-07-15 17:05:00,2020,7,15,17,5,75,75117,PLACE GENERAL CATROUX,48.881887,2.31127,Plein jour,En agglomération,Place,Temps couvert,Autre collision,4,1,4,0,1,1,1,0,1,50,1,2,1,0,0,1,28.0,,deux_roues,,1,2,7,8,6
202000014905,2020-03-01 18:30:00,2020,3,1,18,30,35,35098,Les Hiaux,47.763849,-1.664321,Crépuscule ou aube,Hors agglomération,Intersection en T,Pluie légère,Deux véhicules - frontale,3,2,2,0,1,1,2,0,1,80,2,3,0,0,2,1,24.0,58.0,deux_roues,voiture,2,1,3,2,1
202000014906,2020-07-15 09:00:00,2020,7,15,9,0,75,75117,AVENUE NIEL,48.87965,2.29473,Plein jour,En agglomération,Intersection en X,Normale,Autre collision,4,2,3,0,1,1,1,0,1,30,1,2,1,0,0,1,30.0,,utilitaire_camion,,1,2,2,1,6
202000014907,2020-07-14 16:10:00,2020,7,14,16,10,75,75116,VOIE GEORGES POMPIDOU,48.861405,2.292386,Plein jour,En agglomération,Hors intersection,Normale,Deux véhicules - arrière,4,1,4,0,2,1,1,0,1,50,2,2,1,0,0,1,27.0,35.0,deux_roues,voiture,1,2,1,1,2
202000014908,2020-07-15 14:10:00,2020,7,15,14,10,75,75116,RUE MIRABEAU,48.845844,2.268545,Plein jour,En agglomération,Hors intersection,Normale,Deux véhicules - frontale,4,2,2,0,1,1,1,0,1,50,2,2,1,0,0,1,41.0,22.0,voiture,deux_roues,1,2,1,1,1
202000014909,2020-03-02 08:15:00,2020,3,2,8,15,76,76464,D6014,49.38525,1.252141,Plein jour,Hors agglomération,Hors intersection,Pluie forte,Deux véhicules - frontale,3,2,2,0,1,1,2,0,8,80,2,3,1,0,1,1,52.0,85.0,utilitaire_camion,voiture,1,1,1,3,1
202000014910,2020-07-15 10:00:00,2020,7,15,10,0,75,75116,RUE D AUTEUIL,48.848037,2.263108,Plein jour,En agglomération,Intersection en Y,Normale,Deux véhicules - côté,4,1,2,0,1,1,1,0,1,50,2,2,1,1,0,0,44.0,36.0,deux_roues,utilitaire_camion,1,2,4,1,3
202000014911,2020-03-03 15:57:00,2020,3,3,15,57,60,60060,D1001,49.199459,2.231305,Plein jour,Hors agglomération,Hors intersection,Normale,Deux véhicules - arrière,3,2,0,0,1,1,1,0,1,110,2,3,2,0,0,1,36.0,24.0,voiture,voiture,1,1,1,1,2
202000014912,2020-07-14 17:50:00,2020,7,14,17,50,75,75116,AVENUE DE VERSAILLES,48.840855,2.265307,Plein jour,En agglomération,Intersection en X,Normale,Deux véhicules - côté,4,1,3,0,1,1,1,0,1,50,2,2,1,0,0,1,32.0,44.0,deux_roues,utilitaire_camion,1,2,2,1,3
202000014913,2020-03-02 05:50:00,2020,3,2,5,50,60,60369,D200,49.3289351,2.7148458,Nuit sans éclairage public,Hors agglomération,Hors intersection,Normale,Deux véhicules - arrière,3,1,2,0,1,1,2,0,1,-1,2,2,1,0,0,1,49.0,22.0,voiture,voiture,3,1,1,1,2
202000014914,2020-07-15 08:40:00,2020,7,15,8,40,75,75112,AVENUE DU TREMBLAY,48.827258,2.464384,Plein jour,En agglomération,Place,Normale,Deux véhicules - côté,4,1,2,0,1,2,1,0,1,50,2,2,1,0,0,1,72.0,46.0,voiture,deux_roues,1,2,7,1,3
202000014915,2020-02-28 17:40:00,2020,2,28,17,40,60,60469,387 Rue de la Mare d'Ovillers,49.265858,2.204046,Plein jour,Hors agglomération,Hors intersection,Pluie légère,Trois véhicules et plus - collisions multiples,3,2,3,0,1,1,2,0,1,80,4,8,5,0,0,3,62.0,48.0,voiture,voiture,1,1,1,2,5
202000014916,2020-07-15 16:30:00,2020,7,15,16,30,75,75111,BOULEVARD VOLTAIRE,48.865183,2.36774,Plein jour,En agglomération,Intersection en X,Normale,Deux véhicules - côté,4,2,2,0,1,1,1,0,1,50,2,2,1,0,0,1,20.0,22.0,deux_roues,deux_roues,1,2,2,1,3
202000014917,2020-07-15 02:15:00,2020,7,15,2,15,75,75110,RUE DU FAUBOURG SAINT MARTIN,48.881606,2.365773,Nuit avec éclairage allumé,En agglomération,Intersection en X,Normale,Deux véhicules - arrière,4,2,4,0,1,1,1,0,1,50,2,2,0,0,0,2,30.0,,deux_roues,,5,2,2,1,2
202000014918,2020-02-28 22:15:00,2020,2,28,22,15,80,80090,A1,49.867734,2.834961,Nuit sans éclairage public,Hors agglomération,Hors intersection,Normale,Deux véhicules - arrière,1,2,3,0,1,1,1,0,1,130,2,3,2,0,0,1,48.0,48.0,utilitaire_camion,utilitaire_camion,3,1,1,1,2
202000014919,2020-02-26 22:50:00,2020,2,26,22,50,80,80521,A1,49.988591,2.871753,Nuit sans éclairage public,Hors agglomération,Hors intersection,Normale,Autre collision,1,2,3,0,1,1,1,0,3,130,1,1,0,0,0,1,23.0,,voiture,,3,1,1,1,6
202000014920,2020-02-28 04:15:00,2020,2,28,4,15,62,62355,,50.33318,2.920196,Nuit avec éclairage non allumé,Hors agglomération,Giratoire,Autre,Autre collision,3,1,2,0,1,2,1,0,3,50,1,3,1,0,0,2,68.0,,voiture,,4,1,6,9,6
202000014921,2020-07-15 11:18:00,2020,7,15,11,18,75,75109,BOULEVARD HAUSSMANN,48.871961,2.340039,Plein jour,En agglomération,Intersection à plus de 4 branches,Normale,Deux véhicules - arrière,4,2,5,0,1,1,1,0,1,50,2,1,0,0,0,1,27.0,,deux_roues,,1,2,5,1,2
202000014922,2020-07-15 09:00:00,2020,7,15,9,0,75,75104,RUE DES ARCHIVES,48.857665,2.354399,Plein jour,En agglomération,Hors intersection,Normale,Sans collision,4,1,1,0,1,1,8,0,1,50,1,1,0,0,0,1,45.0,,deux_roues,,1,2,1,1,7
202000014923,2020-03-01 19:20:00,2020,3,1,19,20,62,62318,Étaples,50.5057747,1.6821209,Nuit sans éclairage public,Hors agglomération,Hors intersection,Normale,Deux véhicules - arrière,1,3,4,0,2,1,2,0,1,130,2,3,0,0,0,3,76.0,51.0,voiture,voiture,3,1,1,1,2
202000014924,2020-07-15 10:10:00,2020,7,15,10,10,94,94068,MAURICE BERTEAUX (BD),48.8105,2.4701,Plein jour,En agglomération,Hors intersection,Temps couvert,Deux véhicules - côté,3,2,4,2,1,1,1,0,1,50,2,2,1,0,0,1,52.0,30.0,deux_roues,voiture,1,2,1,8,3
202000014925,2020-07-15 09:30:00,2020,7,15,9,30,94,94021,STALINGRAD (AV DE),48.761082,2.368358,Plein jour,En agglomération,Hors intersection,Normale,Trois véhicules et plus - collisions multiples,3,1,1,1,1,1,1,0,5,50,3,3,2,0,0,1,30.0,48.0,deux_roues,voiture,1,2,1,1,5
202000014926,2020-03-01 18:10:00,2020,3,1,18,10,59,59377,Rue de Premy,50.12518,3.170811,Plein jour,En agglomération,Hors intersection,Normale,Autre collision,3,2,2,0,3,2,1,0,1,50,1,1,0,0,0,1,30.0,,deux_roues,,1,2,1,1,6
202000014927,2020-07-15 21:45:00,2020,7,15,21,45,94,94019,COEUILLY (AV DE),48.80183,2.53735,Nuit avec éclairage allumé,En agglomération,Hors intersection,Normale,Sans collision,4,1,1,0,1,1,1,0,1,50,1,1,0,0,0,1,27.0,,voiture,,5,2,1,1,7
202000014928,2020-02-03 16:20:00,2020,2,3,16,20,59,59139,190 Rue de Saint-quentin,50.116471,3.410752,Plein jour,En agglomération,Intersection en X,Pluie légère,Deux véhicules - arrière,3,2,2,0,1,1,2,0,1,50,2,2,1,0,1,0,29.0,39.0,deux_roues,voiture,1,2,2,2,2
202000014929,2020-07-15 18:00:00,2020,7,15,18,0,93,93070,MICHELET (AVE) : DU 1 AU 103,48.908084,2.344257,Plein jour,En agglomération,Hors intersection,Normale,Deux véhicules - côté,4,2,2,1,1,1,1,0,5,50,2,1,0,0,0,1,40.0,,deux_roues,,1,2,1,1,3
202000014930,2020-02-26 20:15:00,2020,2,26,20,15,59,59136,Av Mal Leclerc de Hauteclocque,50.096468,3.573861,Nuit sans éclairage public,Hors agglomération,Hors intersection,Normale,Deux véhicules - arrière,3,2,2,0,1,1,1,2,1,80,2,2,1,0,1,0,65.0,28.0,voiture,utilitaire_camion,3,1,1,1,2
202000014931,2020-07-15 21:20:00,2020,7,15,21,20,93,93064,HOFFMANN (RUE PHILIBERT),48.88116,2.4859859,Plein jour,En agglomération,Autre intersection,Normale,Deux véhicules - côté,4,2,2,2,1,1,1,9,1,30,2,2,1,0,0,1,26.0,26.0,voiture,voiture,1,2,9,1,3
202000014932,2020-03-03 11:00:00,2020,3,3,11,0,59,59012,6 Place du Poilu,49.991431,4.101336,Plein jour,En agglomération,Hors intersection,Normale,Autre collision,9,-1,2,0,2,1,2,0,4,50,1,2,1,0,0,1,77.0,,voiture,,1,2,1,1,6
202000014933,2020-07-15 14:18:00,2020,7,15,14,18,93,93053,ROGER SALENGRO (BLD),48.8843248,2.4552207,Plein jour,En agglomération,Hors intersection,Normale,Autre collision,4,2,0,0,2,1,1,0,1,50,1,2,1,0,1,0,73.0,,voiture,,1,2,1,1,6
202000014934,2020-03-03 08:20:00,2020,3,3,8,20,59,59581,rue de la ménégatte,50.697834,2.803144,Crépuscule ou aube,Hors agglomération,Hors intersection,Normale,Autre collision,4,2,2,0,2,1,9,0,8,80,1,1,0,1,0,0,27.0,,voiture,,2,1,1,1,6
202000014935,2020-02-17 14:26:00,2020,2,17,14,26,13,13202,A55-Sens Martigues vers Marseille,43.3136,5.366,Plein jour,En agglomération,Hors intersection,Normale,Sans collision,1,-1,2,0,1,1,9,2,1,50,1,1,0,0,0,1,56.0,,deux_roues,,1,2,1,1,7
202000014936,2020-07-15 15:00:00,2020,7,15,15,0,93,93048,VINCENNES (RUE DE),48.85,2.435,Plein jour,En agglomération,Intersection en X,Normale,Deux véhicules - côté,4,1,1,0,1,1,1,0,1,50,2,3,1,0,0,2,34.0,42.0,deux_roues,voiture,1,2,2,1,3
202000014937,2020-03-02 12:00:00,2020,3,2,12,0,13,13071,A7-Sens Marseille vers Lyon,43.4122431,5.2822107,Plein jour,Hors agglomération,Hors intersection,Temps couvert,Trois véhicules et plus - en chaîne,1,1,3,0,1,1,1,1,1,70,3,3,2,0,0,1,50.0,29.0,voiture,utilitaire_camion,1,1,1,8,4
202000014938,2020-07-15 05:40:00,2020,7,15,5,40,93,93048,AV GABRIEL PERI / AV DU PDT WILSON,48.8574435,2.4400746,Crépuscule ou aube,En agglomération,Intersection en X,Pluie légère,Deux véhicules - côté,3,2,2,1,1,1,1,9,5,50,2,3,0,0,0,3,68.0,62.0,voiture,utilitaire_camion,2,2,2,2,3
202000014939,2020-03-02 15:40:00,2020,3,2,15,40,13,13055,A507 sens Aubagne- Marseille,43.33353,5.38432,Plein jour,Hors agglomération,Hors intersection,Normale,Deux véhicules - arrière,1,1,3,0,1,1,1,0,1,70,2,2,1,0,0,1,22.0,19.0,voiture,voiture,1,1,1,1,2
202000014940,2020-03-02 07:42:00,2020,3,2,7,42,13,13216,A55-Sens Marseille vers Martigues,43.34,5.3485,Plein jour,Hors agglomération,Hors intersection,Pluie légère,Sans collision,1,1,3,0,1,3,2,0,1,90,1,1,0,0,0,1,23.0,,voiture,,1,1,1,2,7
202000014941,2020-07-14 23:35:00,2020,7,14,23,35,93,93027,R EDGAR QUINET,48.93083,2.39725,Nuit avec éclairage allumé,En agglomération,Hors intersection,Normale,Deux véhicules - arrière,3,2,2,0,1,3,1,0,1,50,2,2,1,0,1,0,21.0,30.0,deux_roues,utilitaire_camion,5,2,1,1,2
202000014942,2020-03-02 07:10:00,2020,3,2,7,10,13,13085,Sens Toulon vers Aubagne,43.25802,5.59248,Crépuscule ou aube,Hors agglomération,Hors intersection,Pluie forte,Sans collision,1,1,3,0,1,1,2,0,1,110,1,1,0,0,0,1,66.0,,utilitaire_camion,,2,1,1,3,7
202000014943,2020-07-14 00:30:00,2020,7,14,0,30,93,93047,GENERAL DE GAULLE (RUE DU),48.8991673,2.5560333,Nuit avec éclairage allumé,En agglomération,Autre intersection,Normale,Deux véhicules - frontale,4,2,2,0,1,1,1,9,1,50,2,2,0,0,0,2,39.0,19.0,deux_roues,voiture,5,2,9,1,1
202000014944,2020-03-02 06:30:00,2020,3,2,6,30,13,13055,A507 sens Marseille - Aubagne,43.332284,5.385901,Nuit avec éclairage allumé,Hors agglomération,Hors intersection,Pluie légère,Sans collision,1,1,3,0,1,1,2,1,1,70,1,1,0,0,0,1,30.0,,voiture,,5,1,1,2,7
202000014945,2020-07-15 08:30:00,2020,7,15,8,30,92,92044,LEVALLOIS( PONT DE),48.8992,2.2785,Plein jour,En agglomération,Hors intersection,Normale,Deux véhicules - arrière,3,2,3,0,1,1,1,2,1,50,2,2,1,0,0,1,33.0,37.0,deux_roues,voiture,1,2,1,1,2
202000014946,2020-03-02 09:00:00,2020,3,2,9,0,13,13055,A507 sens Marseille - Aubagne,43.28392,5.40329,Plein jour,Hors agglomération,Hors intersection,Pluie légère,Trois véhicules et plus - collisions multiples,1,1,3,0,1,1,2,0,1,90,3,3,2,0,0,1,41.0,31.0,voiture,voiture,1,1,1,2,5
202000014947,2020-07-15 17:10:00,2020,7,15,17,10,92,92040,CAMILLE DESMOULINS,48.831544,2.267199,Plein jour,En agglomération,Intersection en X,Normale,Deux véhicules - côté,3,2,0,0,1,1,1,0,1,50,2,2,1,0,0,1,25.0,38.0,deux_roues,voiture,1,2,2,1,3
202000014948,2020-03-01 01:32:00,2020,3,1,1,32,13,13207,Tunnel Prado Carénage,43.29179,5.366121,Nuit avec éclairage allumé,En agglomération,Autre intersection,Normale,Sans collision,7,1,1,0,1,3,2,1,1,50,1,3,0,0,0,3,26.0,,voiture,,5,2,9,1,7
202000014949,2020-03-01 03:00:00,2020,3,1,3,0,13,13001,A51-Sens Aix en Provence vers Marseille,43.477414,5.408038,Nuit sans éclairage public,Hors agglomération,Hors intersection,Pluie légère,Sans collision,1,1,2,0,1,1,2,0,1,90,1,1,0,0,0,1,23.0,,voiture,,3,1,1,2,7
202000014950,2020-07-14 10:15:00,2020,7,14,10,15,92,92036,MARCEL PAUL (AVENUE) (1/103),48.939243,2.304073,Plein jour,En agglomération,Intersection en T,Normale,Deux véhicules - côté,3,2,5,0,1,1,1,0,1,50,2,2,1,0,0,1,23.0,33.0,voiture,deux_roues,1,2,3,1,3
202000014951,2020-02-28 20:00:00,2020,2,28,20,0,13,13071,A7-Sens Lyon vers Marseille,43.413761,5.279835,Nuit avec éclairage allumé,Hors agglomération,Hors intersection,Normale,Deux véhicules - arrière,1,1,3,0,1,1,1,1,1,110,2,5,2,0,0,3,61.0,35.0,voiture,voiture,5,1,1,1,2
202000014952,2020-07-15 04:15:00,2020,7,15,4,15,92,92026,BOULEVARD CIRCULAIRE,48.89279,2.24528,Nuit avec éclairage allumé,En agglomération,Intersection en X,Pluie légère,Deux véhicules - côté,3,1,3,1,1,1,1,0,1,50,2,3,0,0,0,3,40.0,41.0,voiture,voiture,5,2,2,2,3
202000014953,2020-02-27 18:40:00,2020,2,27,18,40,13,13203,A7-Sens Lyon vers Marseille,43.30569,5.37512,Nuit avec éclairage allumé,Hors agglomération,Hors intersection,Pluie légère,Deux véhicules - arrière,1,3,3,0,2,1,2,0,1,70,2,4,2,0,0,2,29.0,26.0,deux_roues,utilitaire_camion,5,1,1,2,2
202000014954,2020-07-15 11:00:00,2020,7,15,11,0,92,92019,DIVISION LECLERC (AVENUE DE LA),48.7670663,2.2536649,Plein jour,En agglomération,Hors intersection,Normale,Deux véhicules - côté,3,2,2,0,1,1,1,0,1,50,2,2,1,0,0,1,32.0,60.0,voiture,voiture,1,2,1,1,3
202000014955,2020-02-26 08:10:00,2020,2,26,8,10,13,13028,A50-Sens Toulon vers Aubagne,43.2068,5.58742,Plein jour,Hors agglomération,Hors intersection,Normale,Deux véhicules - côté,1,1,1,0,1,1,1,0,1,90,2,2,1,0,0,1,52.0,30.0,utilitaire_camion,deux_roues,1,1,1,1,3
202000014956,2020-07-14 14:00:00,2020,7,14,14,0,92,92002,MUTUALITE (RUE DE LA),48.7415019,2.3046691,Plein jour,En agglomération,Autre intersection,Normale,Deux véhicules - frontale,4,1,1,0,1,1,1,0,1,50,2,2,1,0,0,1,12.0,52.0,deux_roues,voiture,1,2,9,1,1
202000014957,2020-02-24 21:50:00,2020,2,24,21,50,13,13071,A7-Sens Lyon vers Marseille,43.413,5.2812,Nuit sans éclairage public,Hors agglomération,Hors intersection,Normale,Trois véhicules et plus - collisions multiples,1,1,5,0,1,1,1,0,1,90,4,4,2,0,0,2,29.0,32.0,voiture,utilitaire_camion,3,1,1,1,5