accident_id,datetime,annee,mois,jour,heure,minute,departement,commune_insee,adresse,latitude,longitude,luminosite,agglomeration,intersection,meteo,collision,catr,circ,nbv,vosp,prof,plan,surf,infra,situ,vma,nb_vehicules,nb_usagers,nb_indemnes,nb_tues,nb_blesses_hosp,nb_blesses_legers,age_cond_1,age_cond_2,veh_type_cond_1,veh_type_cond_2,lum_code,agg_code,int_code,atm_code,col_code
202000015049,2020-07-15 02:00:00,2020,7,15,2,0,93,93027,AUTOROUTE A1,48.93723,2.41061,Nuit sans éclairage public,Hors agglomération,Hors intersection,Normale,Deux véhicules - arrière,1,3,10,0,1,1,1,0,1,90,2,2,1,0,1,0,18.0,,deux_roues,,3,1,1,1,2
202000015050,2020-02-25 07:55:00,2020,2,25,7,55,91,91477,AUTOROUTE A10,48.71276,2.25259,Plein jour,Hors agglomération,Hors intersection,Temps couvert,Trois véhicules et plus - en chaîne,1,3,2,0,1,1,2,8,1,70,4,4,3,0,0,1,33.0,26.0,voiture,voiture,1,1,1,8,4
202000015051,2020-07-15 18:30:00,2020,7,15,18,30,94,94069,A86 EXT,48.8174796,2.4555486,Plein jour,Hors agglomération,Hors intersection,Normale,Deux véhicules - côté,1,1,2,0,1,1,1,3,1,70,2,2,1,0,0,1,62.0,21.0,deux_roues,voiture,1,1,1,1,3
202000015052,2020-07-14 14:35:00,2020,7,14,14,35,988,98818,AVENUE BONAPARTE,-22.23317,166.46725,Plein jour,En agglomération,Hors intersection,Normale,Autre collision,4,2,2,0,1,2,1,0,4,50,1,4,3,0,1,0,30.0,,utilitaire_camion,,1,2,1,1,6
202000015053,2020-02-25 08:15:00,2020,2,25,8,15,91,91687,AUTOROUTE A6,48.65918,2.37451,Plein jour,Hors agglomération,Hors intersection,Pluie légère,Trois véhicules et plus - collisions multiples,1,3,6,0,1,1,2,0,1,110,4,4,3,0,0,1,30.0,51.0,autre,deux_roues,1,1,1,2,5
202000015054,2020-07-14 15:00:00,2020,7,14,15,0,69,69389,GORGE DE LOUP                       (R ),45.7694787,4.8012753,Plein jour,En agglomération,Hors intersection,Normale,,4,-1,2,0,1,1,1,0,1,50,3,2,1,0,0,1,50.0,,utilitaire_camion,,1,2,1,1,-1
202000015055,2020-02-25 07:55:00,2020,2,25,7,55,91,91477,AUTOROUTE A10,48.71276,2.25259,Plein jour,Hors agglomération,Hors intersection,Normale,Deux véhicules - arrière,1,2,5,0,1,1,2,0,1,70,2,2,1,0,0,1,52.0,24.0,deux_roues,voiture,1,1,1,1,2
202000015056,2020-03-02 23:00:00,2020,3,2,23,0,78,78646,A13W,48.792487,2.090613,Plein jour,Hors agglomération,Hors intersection,Normale,Autre collision,2,3,2,0,1,2,2,0,2,110,1,1,0,0,0,1,41.0,,voiture,,1,1,1,1,6
202000015057,2020-07-13 09:00:00,2020,7,13,9,0,91,91421,NATIONALE 6 (PARTIE FORET),48.689997,2.465972,Plein jour,En agglomération,Hors intersection,Normale,Deux véhicules - arrière,4,2,2,1,1,1,2,0,1,50,2,3,2,1,0,0,32.0,46.0,voiture,utilitaire_camion,1,2,1,1,2
202000015058,2020-03-02 17:50:00,2020,3,2,17,50,92,92025,A86,48.920042,2.2247696,Plein jour,Hors agglomération,Hors intersection,Normale,Deux véhicules - côté,1,-1,2,0,1,1,2,0,1,90,2,1,0,0,0,1,31.0,,deux_roues,,1,1,1,1,3
202000015059,2020-07-13 01:00:00,2020,7,13,1,0,83,83069,SAINT LAZARE ( CHEMIN ),43.11187,6.1789,Nuit sans éclairage public,Hors agglomération,Autre intersection,Normale,Autre collision,4,2,1,0,1,2,1,9,8,50,1,1,0,1,0,0,47.0,,deux_roues,,3,1,9,1,6
202000015060,2020-03-01 14:40:00,2020,3,1,14,40,78,78321,RN12,48.798947,1.92175,Plein jour,Hors agglomération,Hors intersection,Normale,Autre collision,2,3,2,0,1,2,2,0,1,110,1,1,0,0,0,1,28.0,,voiture,,1,1,1,1,6
202000015061,2020-07-11 08:00:00,2020,7,11,8,0,83,83118,CORNICHE ROLAND GARROS,43.421744,6.767813,Plein jour,En agglomération,Hors intersection,Normale,Autre collision,3,-1,0,3,2,1,1,6,6,10,1,2,1,1,0,0,28.0,,utilitaire_camion,,1,2,1,1,6
202000015062,2020-02-29 13:40:00,2020,2,29,13,40,78,78297,RN12,48.789759,2.069878,Plein jour,Hors agglomération,Hors intersection,Normale,Autre collision,2,3,3,0,1,2,1,0,1,70,1,1,0,0,0,1,19.0,,voiture,,1,1,1,1,6
202000015063,2020-07-12 11:20:00,2020,7,12,11,20,77,77132,D934,48.88144,2.78822,Plein jour,Hors agglomération,Hors intersection,Normale,,3,2,2,0,1,1,1,0,1,70,2,1,0,0,0,1,32.0,,deux_roues,,1,1,1,1,-1
202000015064,2020-02-28 05:00:00,2020,2,28,5,0,78,78431,A13,48.943216,1.951157,Plein jour,Hors agglomération,Hors intersection,Normale,Deux véhicules - arrière,1,3,3,0,1,1,1,0,1,130,2,2,0,0,0,2,38.0,31.0,voiture,voiture,1,1,1,1,2
202000015065,2020-07-13 14:30:00,2020,7,13,14,30,74,74281,CORNICHE (BD DE LA) SUPERIEUR N°20,46.36264,6.45191,Plein jour,En agglomération,Hors intersection,Normale,Deux véhicules - arrière,4,2,2,0,1,1,1,0,1,50,2,2,1,0,0,1,48.0,33.0,deux_roues,voiture,1,2,1,1,2
202000015066,2020-02-27 19:05:00,2020,2,27,19,5,92,92063,A86,48.8748105,2.1590352,Nuit sans éclairage public,Hors agglomération,Hors intersection,Normale,Deux véhicules - côté,1,3,2,0,1,1,1,0,1,70,2,2,1,0,0,1,25.0,28.0,voiture,deux_roues,3,1,1,1,3
202000015067,2020-07-14 04:00:00,2020,7,14,4,0,71,71540,R.D 290,46.7624381,4.4743545,Nuit sans éclairage public,Hors agglomération,Hors intersection,Normale,Autre collision,3,2,2,0,4,1,1,0,3,80,1,1,0,1,0,0,21.0,,deux_roues,,3,1,1,1,6
202000015068,2020-07-14 18:40:00,2020,7,14,18,40,69,69266,EMILE ZOLA     (Cours),45.76826,4.88637,Plein jour,En agglomération,Hors intersection,Normale,Autre collision,4,2,4,1,1,1,1,0,1,50,1,2,1,0,1,0,22.0,,utilitaire_camion,,1,2,1,1,6
202000015069,2020-02-27 15:50:00,2020,2,27,15,50,78,78455,A13,48.855522,2.057865,Plein jour,Hors agglomération,Hors intersection,Autre,Trois véhicules et plus - en chaîne,1,3,2,0,1,1,1,0,1,110,3,4,1,0,0,3,39.0,30.0,utilitaire_camion,utilitaire_camion,1,1,1,9,4
202000015070,2020-07-14 19:00:00,2020,7,14,19,0,64,64140,PERI (PLACE GABRIEL),43.5232761,-1.4896318,Plein jour,En agglomération,Intersection en T,Normale,Deux véhicules - arrière,4,2,2,0,1,1,1,0,1,30,2,2,1,0,0,1,40.0,48.0,utilitaire_camion,deux_roues,1,2,3,1,2
202000015071,2020-02-27 07:05:00,2020,2,27,7,5,92,92036,A86,48.9353515,2.2851621,Nuit sans éclairage public,Hors agglomération,Hors intersection,Pluie légère,Deux véhicules - arrière,1,3,3,0,1,1,2,0,1,90,2,2,1,0,0,1,59.0,27.0,voiture,voiture,3,1,1,2,2
202000015072,2020-07-13 20:14:00,2020,7,13,20,14,64,64102,REPUBLIQUE (PLACE DE LA),43.4965,-1.4702,Plein jour,En agglomération,Hors intersection,Normale,Autre collision,6,-1,0,0,1,2,1,9,8,10,1,2,1,0,0,1,68.0,,voiture,,1,2,1,1,6
202000015073,2020-02-26 19:50:00,2020,2,26,19,50,92,92036,A86,48.9335349,2.274243,Nuit sans éclairage public,Hors agglomération,Hors intersection,Normale,Deux véhicules - arrière,1,3,2,0,1,1,1,0,1,90,2,2,0,0,0,2,55.0,29.0,voiture,voiture,3,1,1,1,2
202000015074,2020-07-13 11:45:00,2020,7,13,11,45,64,64102,GRAND BASQUE (CHEMIN DU),43.502574,-1.44304,Plein jour,En agglomération,Autre intersection,Normale,Deux véhicules - côté,4,2,1,0,1,1,1,9,1,50,2,2,1,0,0,1,37.0,54.0,voiture,deux_roues,1,2,9,1,3
202000015075,2020-07-13 16:25:00,2020,7,13,16,25,62,62041,CHURCHILL ( AVENUE WINSTON ),50.299506,2.741844,Plein jour,En agglomération,Hors intersection,Normale,Autre collision,3,2,4,0,1,1,1,0,1,50,1,3,2,0,1,0,21.0,,voiture,,1,2,1,1,6
202000015076,2020-02-26 15:20:00,2020,2,26,15,20,78,78043,A12 Y,48.824147,2.073499,Plein jour,Hors agglomération,Hors intersection,Normale,Trois véhicules et plus - collisions multiples,1,3,4,0,1,1,2,0,1,110,5,5,4,0,0,1,29.0,56.0,voiture,voiture,1,1,1,1,5
202000015077,2020-07-14 20:40:00,2020,7,14,20,40,59,59599,FOREST (CHAUSSEE FERNAND),50.73535,3.14662,Plein jour,En agglomération,Intersection en X,Normale,Deux véhicules - côté,7,3,4,2,1,2,1,0,1,50,2,4,2,0,2,0,66.0,46.0,voiture,voiture,1,2,2,1,3
202000015078,2020-07-13 20:30:00,2020,7,13,20,30,59,59599,POMPIDOU (AVENUE GEORGES),50.71753,3.15665,Plein jour,En agglomération,Intersection en T,Normale,Deux véhicules - côté,4,1,2,1,1,1,1,9,5,50,2,2,1,0,0,1,59.0,23.0,utilitaire_camion,deux_roues,1,2,3,1,3
202000015079,2020-02-25 20:25:00,2020,2,25,20,25,92,92050,A86,48.9167239,2.2217086,Nuit sans éclairage public,Hors agglomération,Hors intersection,Pluie légère,Deux véhicules - côté,1,3,3,0,1,1,2,0,1,90,2,2,1,0,0,1,38.0,31.0,voiture,deux_roues,3,1,1,2,3
202000015080,2020-07-10 19:50:00,2020,7,10,19,50,59,59360,LECLERC RUE DU GENERAL,50.610869,3.0197365,Plein jour,En agglomération,Intersection en X,Normale,Deux véhicules - arrière,4,2,3,0,1,1,1,0,1,50,2,2,1,0,0,1,33.0,30.0,voiture,voiture,1,2,2,1,2
202000015081,2020-07-13 11:45:00,2020,7,13,11,45,50,50502,HETRES,49.11129,-1.06419,Plein jour,En agglomération,Hors intersection,Normale,Autre collision,4,2,2,0,2,2,1,0,1,50,1,2,1,1,0,0,62.0,,voiture,,1,2,1,1,6
202000015082,2020-02-25 14:15:00,2020,2,25,14,15,78,78073,A12 Y,48.801478,2.046661,Plein jour,Hors agglomération,Hors intersection,Normale,Deux véhicules - arrière,1,3,2,0,1,1,1,0,1,90,2,2,1,0,0,1,21.0,25.0,utilitaire_camion,utilitaire_camion,1,1,1,1,2
202000015083,2020-07-14 22:50:00,2020,7,14,22,50,45,45234,Rue Royale,47.8980214,1.9042462,Nuit avec éclairage allumé,En agglomération,Intersection en X,Pluie légère,Deux véhicules - côté,4,2,2,0,1,1,2,5,1,50,2,2,1,0,1,0,22.0,18.0,voiture,deux_roues,5,2,2,2,3
202000015084,2020-02-25 11:00:00,2020,2,25,11,0,92,92048,N118,48.81159,2.21313,Plein jour,Hors agglomération,Hors intersection,Normale,Deux véhicules - arrière,2,3,2,0,2,1,2,0,1,90,2,2,1,0,0,1,22.0,56.0,utilitaire_camion,voiture,1,1,1,1,2
202000015085,2020-07-12 04:00:00,2020,7,12,4,0,31,31483,Avenue du Président Kennedy,43.1018763,0.7275053,Nuit avec éclairage allumé,En agglomération,Hors intersection,Normale,Sans collision,3,2,2,0,2,2,1,0,3,50,1,1,0,0,0,1,20.0,,voiture,,5,2,1,1,7
202000015086,2020-07-12 03:40:00,2020,7,12,3,40,31,31483,FRANCOIS MITTERAND ( AVENUE),43.1119246,0.7440085,Nuit avec éclairage allumé,En agglomération,Hors intersection,Normale,Sans collision,3,2,2,0,1,1,1,0,1,50,1,1,0,0,0,1,24.0,,voiture,,5,2,1,1,7
202000015087,2020-02-25 09:15:00,2020,2,25,9,15,78,78029,A13W,48.967137,1.85471,Plein jour,Hors agglomération,Hors intersection,Normale,Trois véhicules et plus - en chaîne,1,3,3,0,1,1,2,0,1,130,3,3,1,0,0,2,46.0,35.0,voiture,voiture,1,1,1,1,4
202000015088,2020-02-25 08:50:00,2020,2,25,8,50,92,92036,RN315 W,48.9355142,2.3014071,Plein jour,Hors agglomération,Hors intersection,Normale,Sans collision,2,3,1,0,1,3,2,0,1,50,1,1,0,0,0,1,35.0,,deux_roues,,1,1,1,1,7
202000015089,2020-07-12 20:45:00,2020,7,12,20,45,29,29039,Allee des Chaperons,47.85672,-3.9118,Plein jour,En agglomération,Hors intersection,Temps éblouissant,Autre collision,4,2,2,0,1,1,1,0,1,30,1,3,2,0,0,1,44.0,,voiture,,1,2,1,7,6
202000015090,2020-07-14 15:15:00,2020,7,14,15,15,26,26198,ANDRE (Boulevard Charles),44.52566,4.74358,Plein jour,En agglomération,Hors intersection,Normale,Deux véhicules - côté,4,3,2,0,1,1,1,0,1,70,2,7,0,0,0,7,20.0,59.0,voiture,voiture,1,2,1,1,3
202000015091,2020-02-24 22:05:00,2020,2,24,22,5,78,78402,A13,48.964051,1.791552,Nuit avec éclairage allumé,Hors agglomération,Hors intersection,Pluie légère,Trois véhicules et plus - en chaîne,1,1,3,0,1,1,2,0,1,130,6,12,1,0,6,5,36.0,46.0,voiture,voiture,5,1,1,2,4
202000015092,2020-07-14 17:50:00,2020,7,14,17,50,14,14301,LIBERTE (RUE DE LA),49.1874342,-0.2890661,Plein jour,En agglomération,Intersection en X,Normale,Deux véhicules - côté,4,2,2,0,1,1,1,0,1,50,2,3,1,0,1,1,29.0,29.0,deux_roues,voiture,1,2,2,1,3
202000015093,2020-03-02 17:45:00,2020,3,2,17,45,95,95500,A15,49.03619,2.09528,Plein jour,Hors agglomération,Hors intersection,Normale,Deux véhicules - arrière,1,3,8,0,1,1,1,2,1,90,2,3,2,0,0,1,33.0,23.0,voiture,deux_roues,1,1,1,1,2
202000015094,2020-07-14 19:20:00,2020,7,14,19,20,13,13214,SAINTE MARTHE (chemin),43.33547,5.39188,Plein jour,En agglomération,Hors intersection,Normale,Sans collision,4,2,1,0,1,1,1,0,4,50,1,1,0,0,0,1,39.0,,voiture,,1,2,1,1,7
202000015095,2020-03-02 13:15:00,2020,3,2,13,15,95,95018,AUTOROUTE A15,48.95674,2.27456,Plein jour,Hors agglomération,Hors intersection,Temps couvert,Deux véhicules - côté,1,3,5,0,2,1,2,3,1,50,2,3,1,0,0,2,30.0,44.0,voiture,voiture,1,1,1,8,3
202000015096,2020-07-14 07:20:00,2020,7,14,7,20,13,13207,CHARLES LIVON (BOULEVARD),43.29219,5.3631,Crépuscule ou aube,En agglomération,Hors intersection,Normale,Autre collision,4,2,4,0,2,1,1,0,1,50,1,2,1,0,0,1,41.0,,voiture,,2,2,1,1,6
202000015097,2020-03-02 08:40:00,2020,3,2,8,40,93,93010,AUTOROUTE A3,48.90149,2.4701,Plein jour,Hors agglomération,Hors intersection,Pluie légère,Deux véhicules - côté,1,3,6,0,1,2,2,2,1,70,2,3,1,0,0,2,40.0,35.0,deux_roues,voiture,1,1,1,2,3
202000015098,2020-03-02 09:30:00,2020,3,2,9,30,93,93066,AUTOROUTE A1,48.92474,2.3571,Plein jour,Hors agglomération,Hors intersection,Pluie légère,Trois véhicules et plus - collisions multiples,1,3,6,0,1,1,1,0,1,90,3,3,2,0,0,1,19.0,54.0,voiture,voiture,1,1,1,2,5
202000015099,2020-07-14 04:07:00,2020,7,14,4,7,13,13209,RAYMOND TEISSERE (RUE),43.26987,5.40111,Nuit avec éclairage allumé,En agglomération,Hors intersection,Normale,Autre collision,4,2,2,0,1,2,1,2,4,50,1,1,0,1,0,0,36.0,,deux_roues,,5,2,1,1,6
202000015100,2020-03-02 07:30:00,2020,3,2,7,30,93,93078,AUTOROUTE A104,48.96018,2.53995,Nuit sans éclairage public,Hors agglomération,Hors intersection,Normale,Trois véhicules et plus - en chaîne,1,3,6,0,1,1,2,0,1,110,4,4,3,0,0,1,33.0,30.0,voiture,voiture,3,1,1,1,4
202000015101,2020-07-13 23:40:00,2020,7,13,23,40,13,13213,JEAN PAUL SARTRE (AVENUE),43.3139,5.40595,Nuit avec éclairage allumé,En agglomération,Hors intersection,Normale,Trois véhicules et plus - en chaîne,4,2,8,0,4,1,1,0,1,50,3,5,2,0,3,0,28.0,73.0,voiture,voiture,5,2,1,1,4
202000015102,2020-03-01 22:00:00,2020,3,1,22,0,92,92036,AUTOROUTE A15,48.93871,2.29436,Nuit sans éclairage public,Hors agglomération,Hors intersection,Normale,Autre collision,1,3,2,0,2,3,2,3,1,50,1,1,0,0,0,1,26.0,,voiture,,3,1,1,1,6
202000015103,2020-03-01 19:15:00,2020,3,1,19,15,95,95277, A104,48.97228,2.48476,Nuit sans éclairage public,Hors agglomération,Hors intersection,Pluie légère,Autre collision,1,3,-1,0,2,3,2,3,1,70,1,2,1,0,0,1,26.0,,voiture,,3,1,1,2,6
202000015104,2020-07-13 14:30:00,2020,7,13,14,30,13,13211,BARASSE,43.286274,5.475773,Plein jour,En agglomération,Hors intersection,Normale,Deux véhicules - frontale,4,3,2,0,1,2,1,0,1,50,2,2,1,0,0,1,30.0,56.0,utilitaire_camion,voiture,1,2,1,1,1
202000015105,2020-07-13 07:30:00,2020,7,13,7,30,13,13206,ITALIE (RUE D'),43.28884,5.38288,Plein jour,En agglomération,Intersection en X,Normale,Deux véhicules - côté,4,1,1,0,1,1,1,0,1,50,2,2,0,0,0,2,39.0,35.0,voiture,deux_roues,1,2,2,1,3
202000015106,2020-03-01 15:00:00,2020,3,1,15,0,93,93066,AUTOROUTE A86,48.922,2.35997,Plein jour,Hors agglomération,Hors intersection,Pluie forte,Deux véhicules - arrière,1,3,11,0,1,2,2,0,1,90,2,2,1,0,0,1,42.0,64.0,voiture,utilitaire_camion,1,1,1,3,2
202000015107,2020-07-14 18:20:00,2020,7,14,18,20,06,06027,TUILIERES AVENUE DES,43.66877,7.12,Plein jour,En agglomération,Hors intersection,Pluie légère,Deux véhicules - arrière,4,2,2,0,3,1,2,0,1,50,2,5,1,0,0,4,57.0,38.0,utilitaire_camion,voiture,1,2,1,2,2
202000015108,2020-03-01 15:30:00,2020,3,1,15,30,93,93005,AUTOROUTE A3,48.9423,2.47831,Plein jour,Hors agglomération,Hors intersection,Pluie forte,Deux véhicules - arrière,1,3,6,0,1,1,3,0,1,110,2,4,1,0,0,3,38.0,33.0,voiture,voiture,1,1,1,3,2
202000015109,2020-03-01 13:30:00,2020,3,1,13,30,95,95582, A15,48.96615,2.25715,Plein jour,Hors agglomération,Hors intersection,Pluie forte,Autre collision,1,3,9,0,1,1,2,0,1,110,1,1,0,0,0,1,27.0,,voiture,,1,1,1,3,6
202000015110,2020-02-29 21:00:00,2020,2,29,21,0,95,95060, A115,49.0352154,2.1960869,Nuit sans éclairage public,Hors agglomération,Hors intersection,Temps couvert,Deux véhicules - arrière,1,3,4,0,1,1,1,0,1,90,2,2,0,0,0,2,68.0,21.0,voiture,utilitaire_camion,3,1,1,8,2
202000015111,2020-07-14 21:30:00,2020,7,14,21,30,75,75116,RUE RAYNOUARD,48.854439,2.278643,Crépuscule ou aube,En agglomération,Intersection en Y,Normale,Autre collision,4,3,2,0,2,1,1,0,1,50,1,2,1,0,0,1,52.0,,voiture,,2,2,4,1,6
202000015112,2020-02-29 22:50:00,2020,2,29,22,50,93,93066,AUTOROUTE A1,48.9289705,2.3601722,Nuit sans éclairage public,Hors agglomération,Hors intersection,Normale,Deux véhicules - côté,1,3,6,0,4,3,1,0,1,90,2,2,0,0,0,2,52.0,,voiture,,3,1,1,1,3
202000015113,2020-07-14 09:06:00,2020,7,14,9,6,75,75110,BOULEVARD SAINT DENIS,48.86933,2.35426,Plein jour,En agglomération,Intersection en X,Normale,Autre collision,4,2,3,0,1,1,1,0,1,50,1,2,0,0,0,2,28.0,,deux_roues,,1,2,2,1,6
202000015114,2020-07-14 01:37:00,2020,7,14,1,37,75,75101,RUE DE RIVOLI,48.859347,2.34569,Nuit avec éclairage allumé,En agglomération,Intersection en T,Normale,Sans collision,4,2,5,1,1,1,1,-1,5,50,1,1,0,0,0,1,22.0,,deux_roues,,5,2,3,1,7
202000015115,2020-02-29 12:45:00,2020,2,29,12,45,93,93048,AUTOROUTE A3,48.87066,2.43111,Plein jour,Hors agglomération,Hors intersection,Normale,Trois véhicules et plus - en chaîne,1,3,8,0,1,1,2,1,1,90,3,3,2,0,1,0,37.0,52.0,utilitaire_camion,deux_roues,1,1,1,1,4
202000015116,2020-07-14 15:25:00,2020,7,14,15,25,75,75102,BOULEVARD DE SEBASTOPOL,48.863398,2.350956,Plein jour,En agglomération,Intersection en X,Temps couvert,Deux véhicules - côté,4,1,4,1,1,1,1,-1,5,50,2,2,1,0,0,1,43.0,26.0,deux_roues,voiture,1,2,2,8,3
202000015117,2020-02-29 12:30:00,2020,2,29,12,30,95,95607,AUTOROUTE A115,49.01619,2.21519,Plein jour,Hors agglomération,Hors intersection,Normale,Deux véhicules - arrière,1,3,6,0,4,1,2,0,1,90,2,2,1,0,0,1,36.0,20.0,voiture,voiture,1,1,1,1,2
202000015118,2020-07-14 15:30:00,2020,7,14,15,30,94,94043,FONTAINEBLEAU (AV DE),48.811114,2.361981,Plein jour,En agglomération,Hors intersection,Normale,Deux véhicules - côté,3,2,2,1,1,1,1,0,5,50,2,2,1,0,0,1,22.0,43.0,voiture,deux_roues,1,2,1,1,3
202000015119,2020-02-29 13:00:00,2020,2,29,13,0,95,95582,RD 170,48.96227,2.26386,Plein jour,Hors agglomération,Hors intersection,Normale,Autre collision,3,2,3,0,1,1,2,0,1,70,1,1,0,0,0,1,29.0,,voiture,,1,1,1,1,6
202000015120,2020-07-14 10:10:00,2020,7,14,10,10,94,94017,ALBERT THOMAS (R),48.81397,2.51116,Plein jour,En agglomération,Hors intersection,Normale,Autre collision,4,1,1,0,2,1,1,0,1,30,1,2,1,0,0,1,58.0,,utilitaire_camion,,1,2,1,1,6
202000015121,2020-02-29 02:00:00,2020,2,29,2,0,93,93066,AUTOROUTE A1,48.91439,2.35795,Nuit avec éclairage allumé,Hors agglomération,Hors intersection,Normale,Autre collision,1,3,8,0,1,1,1,1,1,90,1,2,0,0,0,2,20.0,,voiture,,5,1,1,1,6
202000015122,2020-07-14 22:30:00,2020,7,14,22,30,93,93071,PONT-BLANC (RUE DU),48.9420686,2.5350048,Nuit sans éclairage public,En agglomération,Hors intersection,Normale,Autre collision,4,1,1,0,1,1,1,0,1,50,1,2,1,0,0,1,27.0,,voiture,,3,2,1,1,6
202000015123,2020-02-28 04:25:00,2020,2,28,4,25,95,95252,AUTOROUTE A15,48.98484,2.21514,Nuit sans éclairage public,Hors agglomération,Hors intersection,Normale,Autre collision,1,3,8,0,1,3,1,0,1,110,1,1,0,0,0,1,49.0,,voiture,,3,1,1,1,6
202000015124,2020-02-28 17:21:00,2020,2,28,17,21,93,93066,AUTOROUTE A1,48.92168,2.35709,Crépuscule ou aube,Hors agglomération,Hors intersection,Pluie légère,Deux véhicules - côté,1,3,8,0,1,1,2,0,1,90,2,1,0,0,0,1,40.0,,deux_roues,,2,1,1,2,3
202000015125,2020-07-14 16:08:00,2020,7,14,16,8,93,93066,GENERAL DE GAULLE,48.9272236,2.3614024,Plein jour,En agglomération,Intersection en T,Pluie légère,Deux véhicules - côté,3,2,4,0,1,1,2,0,1,50,2,3,2,0,0,1,26.0,57.0,deux_roues,voiture,1,2,3,2,3
202000015126,2020-02-28 18:00:00,2020,2,28,18,0,92,92078,AUTOROUTE A86,48.9294,2.32821,Nuit sans éclairage public,Hors agglomération,Autre intersection,Pluie légère,Trois véhicules et plus - en chaîne,1,3,3,0,1,1,2,0,1,90,3,2,1,0,0,1,26.0,20.0,utilitaire_camion,voiture,3,1,9,2,4
202000015127,2020-07-14 19:30:00,2020,7,14,19,30,93,93048,MAURICE WOLJUNG (RUE),48.8735125,2.446994,Plein jour,En agglomération,Intersection en X,Normale,Deux véhicules - côté,4,1,1,0,1,1,1,0,1,50,2,2,1,0,0,1,51.0,29.0,voiture,deux_roues,1,2,2,1,3
202000015128,2020-02-28 11:45:00,2020,2,28,11,45,95,95424,AUTOROUTE A15,48.98959,2.19898,Plein jour,Hors agglomération,Hors intersection,Normale,Trois véhicules et plus - collisions multiples,1,3,7,0,1,1,1,0,1,110,5,5,4,0,0,1,24.0,43.0,voiture,voiture,1,1,1,1,5
202000015129,2020-07-11 22:20:00,2020,7,11,22,20,92,92050,PAQUERETTES RUE DES,48.90796,2.21394,Nuit avec éclairage non allumé,En agglomération,Hors intersection,Normale,Deux véhicules - côté,4,1,1,0,1,3,1,0,1,50,2,2,1,0,0,1,43.0,13.0,voiture,deux_roues,4,2,1,1,3
202000015130,2020-02-25 19:35:00,2020,2,25,19,35,95,95218,AUTOROUTE A15,49.035357,2.0974714,Nuit sans éclairage public,Hors agglomération,Hors intersection,Pluie légère,Trois véhicules et plus - en chaîne,1,3,8,0,1,1,2,2,1,90,3,3,0,0,0,3,35.0,59.0,voiture,voiture,3,1,1,2,4
202000015131,2020-07-13 19:50:00,2020,7,13,19,50,92,92025,PAUL BERT (RUE),48.930006,2.245806,Plein jour,En agglomération,Hors intersection,Normale,Autre collision,3,2,2,0,1,1,1,0,1,50,1,2,1,0,1,0,53.0,,voiture,,1,2,1,1,6
202000015132,2020-02-28 08:00:00,2020,2,28,8,0,93,93005,AUTOROUTE A3,48.95712,2.47336,Plein jour,Hors agglomération,Hors intersection,Normale,Deux véhicules - côté,1,3,8,0,1,1,1,0,1,90,2,2,1,0,0,1,24.0,53.0,deux_roues,voiture,1,1,1,1,3
202000015133,2020-02-28 08:15:00,2020,2,28,8,15,93,93053,AUTOROUTE A3,48.89665,2.47018,Plein jour,Hors agglomération,Hors intersection,Normale,Deux véhicules - arrière,1,3,10,0,1,3,1,2,1,70,2,2,1,0,0,1,58.0,25.0,voiture,voiture,1,1,1,1,2
202000015134,2020-07-14 20:42:00,2020,7,14,20,42,92,92044,CAMILLE PELLETAN(RUE)1A15 ET 2A12,48.89564,2.28922,Plein jour,En agglomération,Hors intersection,Normale,Deux véhicules - côté,4,1,1,0,1,1,1,0,1,50,2,3,2,0,0,1,45.0,19.0,voiture,deux_roues,1,2,1,1,3
202000015135,2020-07-14 19:30:00,2020,7,14,19,30,92,92023,JEAN BAPTISTE CLEMENT (AVENUE),48.7942324,2.2662775,Plein jour,En agglomération,Hors intersection,Normale,Sans collision,3,3,3,0,2,1,1,0,1,50,1,1,0,0,0,1,20.0,,deux_roues,,1,2,1,1,7
202000015136,2020-07-13 20:00:00,2020,7,13,20,0,92,92007,JAURES (AVENUE JEAN) N° 26 ET 11 A 17,48.80007,2.30141,Plein jour,En agglomération,Intersection en T,Normale,Trois véhicules et plus - en chaîne,3,2,2,0,1,1,1,0,1,50,3,3,2,0,0,1,74.0,44.0,voiture,voiture,1,2,3,1,4
202000015137,2020-02-28 00:35:00,2020,2,28,0,35,95,95424,AUTOROUTE A15,48.99088,2.19397,Nuit sans éclairage public,Hors agglomération,Hors intersection,Normale,Trois véhicules et plus - collisions multiples,1,3,7,0,1,1,1,0,1,110,3,4,0,0,0,4,45.0,34.0,voiture,voiture,3,1,1,1,5
202000015138,2020-02-27 19:45:00,2020,2,27,19,45,93,93053,AUTOROUTE A86,48.9043,2.46578,Nuit sans éclairage public,Hors agglomération,Hors intersection,Normale,Deux véhicules - arrière,1,3,4,0,1,3,1,2,1,90,2,2,1,0,0,1,43.0,30.0,voiture,voiture,3,1,1,1,2
202000015139,2020-07-12 17:15:00,2020,7,12,17,15,974,97422,Chemin Fidelio Robert,-21.269608,55.52656,Plein jour,En agglomération,Intersection en X,Normale,Deux véhicules - arrière,2,2,2,0,1,1,1,0,1,50,2,3,2,0,1,0,17.0,37.0,voiture,deux_roues,1,2,2,1,2
202000015140,2020-02-27 19:15:00,2020,2,27,19,15,93,93008,AUTOROUTE A86,48.91328,2.43475,Nuit sans éclairage public,Hors agglomération,Hors intersection,Normale,Trois véhicules et plus - en chaîne,1,3,8,0,1,1,1,1,1,90,3,3,2,0,0,1,74.0,27.0,voiture,voiture,3,1,1,1,4