accident_id,datetime,annee,mois,jour,heure,minute,departement,commune_insee,adresse,latitude,longitude,luminosite,agglomeration,intersection,meteo,collision,catr,circ,nbv,vosp,prof,plan,surf,infra,situ,vma,nb_vehicules,nb_usagers,nb_indemnes,nb_tues,nb_blesses_hosp,nb_blesses_legers,age_cond_1,age_cond_2,veh_type_cond_1,veh_type_cond_2,lum_code,agg_code,int_code,atm_code,col_code
202000015419,2020-06-14 18:00:00,2020,6,14,18,0,13,13215,SAINT ANTOINE A SAINT JOSEPH (CHEMIN DE),43.3623664,5.361882,Plein jour,En agglomération,Hors intersection,Normale,Deux véhicules - arrière,4,2,2,0,1,1,1,0,1,50,2,4,2,0,0,2,32.0,23.0,voiture,voiture,1,2,1,1,2
202000015420,2020-06-14 14:30:00,2020,6,14,14,30,13,13210,GILLY (BOULEVARD),43.282965,5.396422,Plein jour,En agglomération,Hors intersection,Normale,Autre collision,4,1,2,0,1,1,1,0,1,50,1,2,1,0,0,1,31.0,,utilitaire_camion,,1,2,1,1,6
202000015421,2020-06-14 22:00:00,2020,6,14,22,0,13,13028,GASSION (AVENUE FERNAND ),43.17,5.6,Nuit sans éclairage public,En agglomération,Hors intersection,Normale,Deux véhicules - côté,4,2,2,0,1,1,1,0,1,50,2,2,1,0,0,1,61.0,21.0,deux_roues,voiture,3,2,1,1,3
202000015422,2020-06-14 17:30:00,2020,6,14,17,30,06,06088,SEMARD (BD PIERRE),43.71917,7.291663,Plein jour,En agglomération,Hors intersection,Normale,Deux véhicules - côté,4,2,2,0,1,1,1,0,1,50,2,1,0,0,1,0,54.0,,deux_roues,,1,2,1,1,3
202000015423,2020-06-13 20:20:00,2020,6,13,20,20,06,06069,SEMARD (AVENUE PIERRE),43.6561,6.92901,Plein jour,En agglomération,Hors intersection,Normale,Deux véhicules - frontale,3,2,2,0,2,2,1,0,1,50,2,2,1,0,0,1,19.0,33.0,voiture,voiture,1,2,1,1,1
202000015424,2020-06-13 05:25:00,2020,6,13,5,25,06,06029,LERINS (RUE DE),43.543,7.03842,Nuit avec éclairage allumé,En agglomération,Hors intersection,Temps couvert,Deux véhicules - frontale,4,2,1,0,1,1,2,0,1,50,2,5,2,0,1,2,46.0,25.0,voiture,voiture,5,2,1,8,1
202000015425,2020-06-13 17:10:00,2020,6,13,17,10,03,03185,Avenue Jean Nègre,46.3485812,2.5829981,Plein jour,En agglomération,Hors intersection,Normale,Deux véhicules - côté,4,1,2,0,1,1,1,0,1,50,2,1,0,0,0,1,79.0,,deux_roues,,1,2,1,1,3
202000015426,2020-06-14 20:25:00,2020,6,14,20,25,75,75120,ECHANGEUR BAGNOLET,48.865859,2.412512,Plein jour,En agglomération,Hors intersection,Normale,Trois véhicules et plus - en chaîne,4,1,2,0,1,2,1,0,1,50,3,3,2,0,0,1,19.0,26.0,voiture,voiture,1,2,1,1,4
202000015427,2020-06-13 02:20:00,2020,6,13,2,20,75,75116,BOULEVARD PERIPHERIQUE,48.856624,2.257509,Nuit avec éclairage allumé,En agglomération,Hors intersection,Normale,,4,1,4,0,1,1,1,1,1,70,3,6,3,0,0,3,28.0,20.0,voiture,voiture,5,2,1,1,-1
202000015428,2020-06-12 19:35:00,2020,6,12,19,35,75,75112,BOULEVARD PERIPHERIQUE EXTERIEUR SUD,48.829905,2.401754,Plein jour,En agglomération,Intersection en Y,Normale,Trois véhicules et plus - collisions multiples,4,1,4,0,1,1,1,0,1,70,6,10,6,0,0,4,36.0,36.0,voiture,deux_roues,1,2,4,1,5
202000015429,2020-06-14 00:25:00,2020,6,14,0,25,75,75119,AVENUE CORENTIN CARIOU,48.895138,2.38275,Nuit avec éclairage allumé,En agglomération,Intersection en T,Normale,Deux véhicules - côté,4,2,2,0,1,1,1,0,1,50,2,2,1,0,0,1,32.0,,deux_roues,,5,2,3,1,3
202000015430,2020-06-14 21:20:00,2020,6,14,21,20,75,75118,AVENUE DE LA PORTE DE SAINT OUEN,48.89764,2.32899,Plein jour,En agglomération,Intersection en X,Normale,Deux véhicules - côté,4,1,2,0,1,1,1,0,1,50,2,3,2,0,0,1,36.0,54.0,voiture,voiture,1,2,2,1,3
202000015431,2020-06-14 15:40:00,2020,6,14,15,40,75,75118,BOULEVARD ORNANO,48.895294,2.346584,Plein jour,En agglomération,Intersection en Y,Normale,Deux véhicules - côté,4,2,4,0,1,1,1,0,1,50,2,2,1,0,0,1,52.0,23.0,deux_roues,deux_roues,1,2,4,1,3
202000015432,2020-06-14 19:00:00,2020,6,14,19,0,75,75116,AVENUE VICTOR HUGO,48.871028,2.288551,Plein jour,En agglomération,Hors intersection,Normale,Deux véhicules - côté,4,2,2,0,1,1,1,0,1,50,2,3,2,0,0,1,58.0,25.0,voiture,deux_roues,1,2,1,1,3
202000015433,2020-06-14 19:00:00,2020,6,14,19,0,75,75113,RUE DU CHATEAU DES RENTIERS,48.829209,2.364721,Plein jour,En agglomération,Hors intersection,Normale,Autre collision,4,2,2,0,1,1,1,0,1,50,1,2,1,0,0,1,50.0,,utilitaire_camion,,1,2,1,1,6
202000015434,2020-06-14 16:55:00,2020,6,14,16,55,75,75108,AVENUE MONTAIGNE,48.865442,2.303243,Plein jour,En agglomération,Hors intersection,Normale,Autre collision,4,-1,4,0,1,1,1,0,1,50,1,1,0,0,0,1,19.0,,deux_roues,,1,2,1,1,6
202000015435,2020-06-14 00:30:00,2020,6,14,0,30,75,75107,AVENUE DU MARECHAL GALLIENI,48.861055,2.313217,Nuit sans éclairage public,En agglomération,Intersection en X,Normale,Autre collision,4,2,4,0,1,1,1,0,1,50,1,3,0,0,0,3,16.0,,deux_roues,,3,2,2,1,6
202000015436,2020-06-14 18:55:00,2020,6,14,18,55,94,94052,STRASBOURG (BD DE),48.84645,2.49135,Plein jour,En agglomération,Autre intersection,Normale,Deux véhicules - frontale,3,2,4,2,2,1,1,0,5,50,2,2,1,0,0,1,42.0,47.0,deux_roues,voiture,1,2,9,1,1
202000015437,2020-06-14 21:10:00,2020,6,14,21,10,94,94044,VERDUN (AV DE),48.74925,2.48058,Plein jour,En agglomération,Autre intersection,Normale,Deux véhicules - arrière,3,-1,2,0,1,1,1,0,1,50,2,3,0,0,0,3,20.0,20.0,voiture,voiture,1,2,9,1,2
202000015438,2020-06-14 20:30:00,2020,6,14,20,30,94,94077,HENRI GILBERT (AV),48.7312,2.425,Crépuscule ou aube,En agglomération,Hors intersection,Normale,Trois véhicules et plus - en chaîne,4,2,2,0,1,1,1,0,1,50,4,5,3,0,1,1,22.0,26.0,voiture,deux_roues,2,2,1,1,4
202000015439,2020-06-13 12:45:00,2020,6,13,12,45,93,93008,STALINGRAD (RUE DE) A10,48.9162088,2.4240116,Plein jour,En agglomération,Hors intersection,Normale,Deux véhicules - arrière,3,3,4,0,4,1,1,2,1,50,2,3,2,0,0,1,56.0,30.0,voiture,voiture,1,2,1,1,2
202000015440,2020-06-13 19:10:00,2020,6,13,19,10,92,92050,RENAN ERNEST RUE,48.8930953,2.1871832,Plein jour,En agglomération,Intersection en X,Normale,Deux véhicules - côté,3,1,2,0,1,1,1,0,5,50,2,2,1,0,0,1,16.0,38.0,deux_roues,voiture,1,2,2,1,3
202000015441,2020-06-14 17:25:00,2020,6,14,17,25,92,92048,GARDES (ROUTE DES) N° 2 A 12,48.818772,2.240032,Plein jour,En agglomération,Hors intersection,Normale,Sans collision,3,2,2,0,2,1,1,0,1,50,1,1,0,0,0,1,45.0,,autre,,1,2,1,1,7
202000015442,2020-06-14 21:05:00,2020,6,14,21,5,60,60646,Rue du 16 Aout 1944,49.47992,2.044852,Plein jour,En agglomération,Intersection en X,Normale,Deux véhicules - côté,3,2,2,0,1,1,1,0,1,50,2,5,0,0,0,5,27.0,19.0,voiture,voiture,1,2,2,1,3
202000015443,2020-06-12 17:00:00,2020,6,12,17,0,47,47209,CD 656,44.225851,0.670499,Plein jour,En agglomération,Intersection en T,Normale,Deux véhicules - frontale,3,2,2,3,1,1,1,5,5,50,2,2,1,0,1,0,21.0,63.0,voiture,deux_roues,1,2,3,1,1
202000015444,2020-06-15 10:51:00,2020,6,15,10,51,11,11012,11 Route de Mirepeisset,43.302676,2.909612,Plein jour,En agglomération,Hors intersection,Normale,Deux véhicules - arrière,3,2,2,0,1,1,1,0,3,50,2,2,1,1,0,0,77.0,58.0,voiture,voiture,1,2,1,1,2
202000015445,2020-06-14 20:55:00,2020,6,14,20,55,12,12197,L'Hopital Bellegarde,44.0335452,2.5921422,Nuit sans éclairage public,Hors agglomération,Hors intersection,Normale,Sans collision,3,2,2,0,1,2,1,0,1,80,1,3,0,0,2,1,19.0,,voiture,,3,1,1,1,7
202000015446,2020-06-14 18:35:00,2020,6,14,18,35,67,67425,D716,48.769156,7.379637,Plein jour,Hors agglomération,Hors intersection,Normale,Deux véhicules - frontale,3,2,2,0,1,3,1,0,1,80,2,2,1,0,0,1,31.0,54.0,voiture,voiture,1,1,1,1,1
202000015447,2020-06-09 16:00:00,2020,6,9,16,0,67,67437,Rue du Maréchal Joffre,48.740758,7.3699113,Plein jour,En agglomération,Intersection en X,Normale,Autre collision,3,2,2,0,1,1,1,0,1,40,1,2,1,0,1,0,56.0,,voiture,,1,2,2,1,6
202000015448,2020-06-15 14:30:00,2020,6,15,14,30,83,83070,Avenue Paul Emile Duroux,43.151599,6.425079,Plein jour,Hors agglomération,Hors intersection,Normale,Deux véhicules - côté,3,2,2,0,1,1,1,0,1,80,2,3,1,0,1,1,44.0,48.0,deux_roues,voiture,1,1,1,1,3
202000015449,2020-06-14 18:20:00,2020,6,14,18,20,62,62468,rd939,50.389998,2.196751,Plein jour,Hors agglomération,Hors intersection,Normale,Deux véhicules - arrière,3,2,2,0,1,1,1,0,1,80,2,3,1,0,2,0,67.0,55.0,voiture,deux_roues,1,1,1,1,2
202000015450,2020-06-13 16:15:00,2020,6,13,16,15,51,51070,Chemin de Vauchamps,48.8644461,3.6223675,Plein jour,Hors agglomération,Hors intersection,Normale,Trois véhicules et plus - en chaîne,9,-1,2,0,3,1,9,0,6,50,3,3,1,0,1,1,27.0,25.0,deux_roues,deux_roues,1,1,1,1,4
202000015451,2020-06-14 09:15:00,2020,6,14,9,15,56,56055,Boulevard Charles de Gaulle,47.655544,-3.20282,Plein jour,En agglomération,Hors intersection,Normale,Deux véhicules - côté,4,2,2,0,1,1,1,0,6,30,2,2,1,0,0,1,54.0,73.0,deux_roues,deux_roues,1,2,1,1,3
202000015452,2020-06-14 16:15:00,2020,6,14,16,15,74,74085,Route de Saint-gervais,45.8371145,6.7286386,Plein jour,Hors agglomération,Intersection en Y,Normale,Autre collision,3,2,2,0,2,1,1,0,3,80,1,1,0,0,1,0,82.0,,voiture,,1,1,4,1,6
202000015453,2020-06-14 22:35:00,2020,6,14,22,35,2B,2B050,T30,42.55199,8.774149,Nuit avec éclairage allumé,Hors agglomération,Hors intersection,Normale,Deux véhicules - côté,2,2,2,0,1,3,1,9,1,70,2,3,0,0,0,3,23.0,37.0,voiture,voiture,5,1,1,1,3
202000015454,2020-06-15 09:40:00,2020,6,15,9,40,82,82134,giratoire RD 115 / RD35,44.072051,1.523467,Plein jour,En agglomération,Giratoire,Normale,Deux véhicules - arrière,3,-1,1,0,1,3,1,0,1,50,2,2,1,0,0,1,77.0,66.0,voiture,deux_roues,1,2,6,1,2
202000015455,2020-06-14 16:00:00,2020,6,14,16,0,65,65408,Rue des nestes,42.972207,0.376056,Plein jour,En agglomération,Hors intersection,Temps couvert,Deux véhicules - côté,3,2,2,0,1,1,1,0,1,50,2,3,2,0,0,1,17.0,25.0,deux_roues,voiture,1,2,1,8,3
202000015456,2020-03-25 18:30:00,2020,3,25,18,30,33,33437,rue pierre de coubertin,44.858774,-0.049374,Crépuscule ou aube,Hors agglomération,Hors intersection,Temps éblouissant,Autre collision,4,2,2,0,2,4,1,0,1,50,1,2,1,0,1,0,25.0,,voiture,,2,1,1,7,6
202000015457,2020-06-15 18:40:00,2020,6,15,18,40,63,63033,Route des Combets,45.9932861,3.3736591,Plein jour,Hors agglomération,Hors intersection,Normale,Sans collision,3,2,2,0,2,2,1,0,3,80,1,1,0,0,1,0,47.0,,deux_roues,,1,1,1,1,7
202000015458,2020-06-14 16:55:00,2020,6,14,16,55,25,25494,Rue Principale,46.7379,6.2758096,Plein jour,Hors agglomération,Hors intersection,Normale,Autre collision,4,2,2,0,1,3,1,0,1,80,1,2,0,0,1,1,26.0,,deux_roues,,1,1,1,1,6
202000015459,2020-06-13 14:10:00,2020,6,13,14,10,44,44015,60 Rue de Nantes,47.475158,-1.758097,Plein jour,En agglomération,Hors intersection,Normale,Deux véhicules - arrière,3,2,2,0,1,1,1,0,1,50,2,2,1,0,0,1,27.0,30.0,deux_roues,voiture,1,2,1,1,2
202000015460,2020-06-13 20:30:00,2020,6,13,20,30,03,03205,Moulin Vicaire,46.2288869,3.5752988,Plein jour,Hors agglomération,Hors intersection,Normale,Sans collision,4,2,2,0,1,2,1,0,3,80,1,1,0,0,1,0,48.0,,voiture,,1,1,1,1,7
202000015461,2020-06-15 08:50:00,2020,6,15,8,50,03,03036,Rue de la République,46.5850252,3.0579949,Plein jour,En agglomération,Intersection en T,Normale,Deux véhicules - côté,4,1,1,0,1,1,1,0,1,50,2,2,1,0,0,1,34.0,59.0,voiture,deux_roues,1,2,3,1,3
202000015462,2020-06-14 19:40:00,2020,6,14,19,40,14,14760,Route du Buquet,49.102298,-0.646479,Plein jour,Hors agglomération,Hors intersection,Normale,Sans collision,4,2,1,0,2,2,1,0,3,80,1,2,0,0,1,1,27.0,,deux_roues,,1,1,1,1,7
202000015463,2020-06-15 14:45:00,2020,6,15,14,45,05,05017,"Chemin rural 23, champ reissas",44.565737,6.18732,Plein jour,Hors agglomération,Hors intersection,Normale,Sans collision,4,2,2,0,2,4,1,0,1,80,1,1,0,0,0,1,19.0,,deux_roues,,1,1,1,1,7
202000015464,2020-06-14 16:00:00,2020,6,14,16,0,43,43263,D500,44.837369,3.960292,Plein jour,En agglomération,Intersection en T,Normale,Deux véhicules - côté,3,2,2,0,1,1,1,0,1,50,2,3,2,0,0,1,66.0,42.0,deux_roues,voiture,1,2,3,1,3
202000015465,2020-06-13 16:45:00,2020,6,13,16,45,10,10317,D70,48.009621,4.405587,Plein jour,Hors agglomération,Hors intersection,Normale,Sans collision,3,2,2,0,1,2,1,0,3,80,1,1,0,0,0,1,33.0,,deux_roues,,1,1,1,1,7
202000015466,2020-06-15 09:30:00,2020,6,15,9,30,36,36222,Jean Varennes,46.907287,1.930359,Plein jour,Hors agglomération,Hors intersection,Normale,Sans collision,3,2,2,0,4,1,1,0,3,80,1,1,0,0,1,0,57.0,,voiture,,1,1,1,1,7
202000015467,2020-05-03 18:15:00,2020,5,3,18,15,07,07260,intersection D2 / D322,44.693796,4.710624,Plein jour,Hors agglomération,Intersection en T,Normale,Deux véhicules - côté,3,2,2,0,1,1,1,0,1,80,2,5,1,0,0,4,29.0,,voiture,,1,1,3,1,3
202000015468,2020-06-14 17:45:00,2020,6,14,17,45,21,21377,D119,47.337563,4.637266,Plein jour,Hors agglomération,Intersection en X,Normale,Deux véhicules - arrière,3,2,2,0,1,1,1,0,1,80,2,4,3,1,0,0,61.0,47.0,voiture,voiture,1,1,2,1,2
202000015469,2020-06-15 07:00:00,2020,6,15,7,0,30,30212,D6086,43.94606,4.570731,Plein jour,En agglomération,Hors intersection,Normale,Deux véhicules - frontale,3,2,2,0,1,1,1,0,1,50,2,2,1,0,1,0,27.0,56.0,utilitaire_camion,deux_roues,1,2,1,1,1
202000015470,2020-06-15 11:20:00,2020,6,15,11,20,13,13051,D113,43.587694,5.123609,Plein jour,Hors agglomération,Autre intersection,Normale,Deux véhicules - côté,3,2,2,0,1,1,1,0,1,70,2,2,1,0,0,1,43.0,80.0,deux_roues,voiture,1,1,9,1,3
202000015471,2020-06-15 17:50:00,2020,6,15,17,50,18,18167,A 20 ,47.126447,1.933508,Plein jour,Hors agglomération,Hors intersection,Normale,Autre collision,1,3,4,3,1,1,1,0,2,130,1,2,0,0,1,1,55.0,,voiture,,1,1,1,1,6
202000015472,2020-06-14 17:15:00,2020,6,14,17,15,74,74143,Les Houches,45.90141,6.780785,Plein jour,Hors agglomération,Hors intersection,Normale,Deux véhicules - côté,2,1,2,0,2,2,2,0,1,70,2,2,1,0,0,1,46.0,34.0,deux_roues,voiture,1,1,1,1,3
202000015473,2020-06-14 12:35:00,2020,6,14,12,35,13,13025,A52,43.482531,5.562006,Plein jour,Hors agglomération,Autre intersection,Normale,Autre collision,1,3,2,0,2,2,1,3,8,70,1,1,0,0,0,1,23.0,,voiture,,1,1,9,1,6
202000015474,2020-06-15 09:45:00,2020,6,15,9,45,49,49331,Rue du General de Gaulle,47.72713,-0.8521204,Plein jour,Hors agglomération,Hors intersection,Normale,Sans collision,3,2,2,0,2,1,1,0,3,80,1,1,0,0,1,0,62.0,,utilitaire_camion,,1,1,1,1,7
202000015475,2020-06-13 18:10:00,2020,6,13,18,10,06,06149,"A8, PK 202.100, chaussée NORD",43.733135,7.313032,Plein jour,Hors agglomération,Hors intersection,Pluie légère,Deux véhicules - arrière,1,3,4,0,2,1,2,2,1,110,2,2,0,0,0,2,70.0,20.0,voiture,deux_roues,1,1,1,2,2
202000015476,2020-06-15 09:55:00,2020,6,15,9,55,69,69244,32 Avenue de la République,45.7640593,4.7816672,Plein jour,En agglomération,Giratoire,Normale,Deux véhicules - côté,9,2,2,3,2,3,1,0,1,50,2,2,1,0,1,0,24.0,66.0,utilitaire_camion,deux_roues,1,2,6,1,3
202000015477,2020-06-15 08:05:00,2020,6,15,8,5,986,98613,RT5,-13.340503,-176.191632,Plein jour,Hors agglomération,Hors intersection,Normale,Deux véhicules - côté,2,2,2,0,4,3,1,0,1,70,2,5,2,0,2,1,38.0,47.0,voiture,voiture,1,1,1,1,3
202000015478,2020-06-14 20:46:00,2020,6,14,20,46,971,97114,N1,16.147875,-61.583583,Nuit avec éclairage allumé,Hors agglomération,Intersection en Y,Normale,Deux véhicules - frontale,2,4,2,0,4,1,1,5,1,80,2,2,1,0,1,0,33.0,43.0,voiture,deux_roues,5,1,4,1,1
202000015479,2020-06-15 17:15:00,2020,6,15,17,15,77,77415,D603,48.952163,3.012325,Plein jour,En agglomération,Hors intersection,Normale,Trois véhicules et plus - en chaîne,3,2,2,0,1,1,1,0,1,50,3,8,6,0,1,1,46.0,50.0,voiture,voiture,1,2,1,1,4
202000015480,2020-06-12 21:10:00,2020,6,12,21,10,91,91200,Rue Jubé de la Perelle,48.528244,2.010911,Crépuscule ou aube,En agglomération,Autre intersection,Pluie légère,Sans collision,4,2,2,0,1,1,2,9,3,50,1,1,0,0,1,0,17.0,,deux_roues,,2,2,9,2,7
202000015481,2020-06-14 18:30:00,2020,6,14,18,30,78,78089,A13,49.020816,1.562076,Plein jour,Hors agglomération,Hors intersection,Normale,Trois véhicules et plus - collisions multiples,1,3,3,3,1,1,1,0,1,130,3,5,3,0,0,2,31.0,51.0,voiture,voiture,1,1,1,1,5
202000015482,2020-06-15 07:15:00,2020,6,15,7,15,34,34213,Route Departementale 613,43.47011,3.676305,Plein jour,Hors agglomération,Hors intersection,Normale,Deux véhicules - côté,3,2,4,0,1,1,1,0,1,80,2,1,0,0,1,0,61.0,,voiture,,1,1,1,1,3
202000015483,2020-06-14 10:45:00,2020,6,14,10,45,34,34276,D1,43.774849,3.867601,Plein jour,Hors agglomération,Hors intersection,Normale,Deux véhicules - côté,3,2,2,0,1,1,1,0,1,-1,2,2,1,0,0,1,46.0,63.0,voiture,deux_roues,1,1,1,1,3
202000015484,2020-06-05 18:25:00,2020,6,5,18,25,84,84119,Route de Gadagne,43.95273,4.936514,Plein jour,En agglomération,Intersection en Y,Normale,Deux véhicules - frontale,3,2,2,0,1,1,1,0,1,50,2,2,0,0,0,2,79.0,31.0,voiture,utilitaire_camion,1,2,4,1,1
202000015485,2020-06-15 05:00:00,2020,6,15,5,0,83,83106,D43,43.301509,6.070236,Crépuscule ou aube,Hors agglomération,Hors intersection,Normale,Deux véhicules - frontale,3,2,2,0,2,1,1,0,1,80,2,2,0,0,0,2,36.0,43.0,voiture,voiture,2,1,1,1,1
202000015486,2020-06-15 18:15:00,2020,6,15,18,15,05,05048,CD 994 Intersection des Pères,44.4180369,5.6293049,Plein jour,Hors agglomération,Hors intersection,Normale,Deux véhicules - côté,3,2,2,0,1,1,1,0,1,80,2,2,1,0,0,1,78.0,38.0,voiture,utilitaire_camion,1,1,1,1,3
202000015487,2020-06-14 11:00:00,2020,6,14,11,0,71,71062,D222,46.926762,4.251645,Plein jour,Hors agglomération,Hors intersection,Normale,Deux véhicules - côté,3,2,2,0,1,1,1,0,1,80,2,2,1,0,1,0,74.0,60.0,voiture,deux_roues,1,1,1,1,3
202000015488,2020-06-14 00:05:00,2020,6,14,0,5,33,33243,Place Decazes,44.9215142,-0.241691,Nuit avec éclairage allumé,En agglomération,Hors intersection,Normale,Autre collision,3,2,2,0,1,3,1,0,4,30,1,3,1,0,0,2,29.0,,voiture,,5,2,1,1,6
202000015489,2020-06-14 13:30:00,2020,6,14,13,30,50,50611,chemin de gardier le vivier,49.664204,-1.752459,Plein jour,Hors agglomération,Hors intersection,Normale,Deux véhicules - frontale,4,2,2,0,2,2,1,0,1,80,2,3,2,0,1,0,44.0,37.0,voiture,deux_roues,1,1,1,1,1
202000015490,2020-06-15 11:40:00,2020,6,15,11,40,22,22272,5 Kerhors,48.565721,-3.108267,Plein jour,Hors agglomération,Intersection à plus de 4 branches,Pluie légère,Deux véhicules - frontale,3,2,2,0,2,1,2,0,1,80,2,2,0,0,1,1,70.0,78.0,voiture,voiture,1,1,5,2,1
202000015491,2020-06-14 19:50:00,2020,6,14,19,50,22,22162,Rue Salvador Allende,48.778047,-3.038277,Plein jour,En agglomération,Hors intersection,Normale,Autre collision,4,1,1,0,1,1,1,0,1,50,1,4,1,0,1,2,33.0,,voiture,,1,2,1,1,6
202000015492,2020-06-15 06:45:00,2020,6,15,6,45,27,27412,356 Rue de la Libération,49.2366437,1.0884856,Plein jour,En agglomération,Hors intersection,Normale,Deux véhicules - arrière,3,2,2,0,1,1,1,0,1,50,2,1,0,0,1,0,51.0,,deux_roues,,1,2,1,1,2
202000015493,2020-06-13 23:00:00,2020,6,13,23,0,76,76285,Route de Bourg Beaudouin,49.3984869,1.297583,Nuit sans éclairage public,Hors agglomération,Hors intersection,Normale,Sans collision,3,2,2,0,3,4,1,0,3,80,1,5,4,0,1,0,19.0,,voiture,,3,1,1,1,7
202000015494,2020-05-28 16:35:00,2020,5,28,16,35,62,62056,Rue Gustave Danquin,50.8221907,1.5939793,Plein jour,En agglomération,Intersection en T,Normale,Deux véhicules - côté,3,2,2,0,1,1,1,0,1,50,2,2,1,0,1,0,66.0,53.0,voiture,deux_roues,1,2,3,1,3
202000015495,2020-06-14 10:30:00,2020,6,14,10,30,59,59129,3 Rue de Lobeau,50.496332,3.1910575,Plein jour,Hors agglomération,Intersection en X,Normale,Deux véhicules - côté,3,2,2,0,1,1,1,0,1,70,2,2,1,0,1,0,29.0,32.0,deux_roues,voiture,1,1,2,1,3
202000015496,2020-06-13 17:00:00,2020,6,13,17,0,13,13001,A51-Sens Marseille vers Aix en Provence,43.4781,5.4084,Plein jour,Hors agglomération,Hors intersection,Pluie légère,Deux véhicules - côté,1,1,3,0,1,2,4,0,1,90,2,2,1,0,0,1,26.0,20.0,voiture,voiture,1,1,1,2,3
202000015497,2020-06-14 13:00:00,2020,6,14,13,0,13,13216,A55-Sens Martigues vers Marseille,43.3655707,5.3375523,Plein jour,Hors agglomération,Hors intersection,Normale,Sans collision,1,1,2,0,2,3,1,0,8,90,1,1,0,0,1,0,51.0,,voiture,,1,1,1,1,7
202000015498,2020-06-14 09:53:00,2020,6,14,9,53,13,13005,A52-Sens Toulon vers Pont de l'Etoile,43.2863635,5.5861721,Plein jour,Hors agglomération,Hors intersection,Normale,Autre collision,1,1,2,0,1,1,1,0,1,110,1,1,0,1,0,0,62.0,,utilitaire_camion,,1,1,1,1,6
202000015499,2020-06-14 03:30:00,2020,6,14,3,30,33,33249,ROUTE NATIONALE 230,44.88431,-0.51126,Nuit avec éclairage non allumé,Hors agglomération,Hors intersection,Pluie forte,Autre collision,2,1,2,0,1,3,8,3,3,50,1,1,0,0,0,1,26.0,,voiture,,4,1,1,3,6
202000015500,2020-06-14 20:40:00,2020,6,14,20,40,91,91468,AUTOROUTE A6,48.5722,2.46831,Plein jour,Hors agglomération,Hors intersection,Normale,Trois véhicules et plus - en chaîne,1,1,3,0,2,1,1,0,1,110,4,4,2,0,0,2,22.0,21.0,voiture,voiture,1,1,1,1,4
202000015501,2020-06-14 20:00:00,2020,6,14,20,0,92,92036,A86,48.9365076,2.2908362,Plein jour,Hors agglomération,Hors intersection,Normale,Trois véhicules et plus - en chaîne,1,3,2,0,1,1,1,0,1,110,3,9,7,0,0,2,40.0,22.0,voiture,voiture,1,1,1,1,4
202000015502,2020-06-13 18:30:00,2020,6,13,18,30,92,92050,A86,48.90659,2.211277,Plein jour,En agglomération,Autre intersection,Normale,Trois véhicules et plus - collisions multiples,1,3,2,0,1,1,1,0,8,90,3,3,2,0,0,1,18.0,46.0,utilitaire_camion,utilitaire_camion,1,2,9,1,5
202000015503,2020-06-14 17:30:00,2020,6,14,17,30,93,93010,AUTOROUTE A3,48.89157,2.47301,Plein jour,Hors agglomération,Hors intersection,Normale,Trois véhicules et plus - en chaîne,1,3,10,0,1,1,1,0,1,70,3,4,2,0,0,2,53.0,65.0,voiture,voiture,1,1,1,1,4
202000015504,2020-06-14 17:25:00,2020,6,14,17,25,93,93013,AUTOROUTE A1,48.94054,2.42407,Plein jour,Hors agglomération,Hors intersection,Normale,Trois véhicules et plus - collisions multiples,1,3,9,0,1,1,1,0,1,110,3,5,3,0,0,2,53.0,24.0,voiture,voiture,1,1,1,1,5
202000015505,2020-06-14 08:10:00,2020,6,14,8,10,94,94073,A86 EXT,48.76794,2.37868,Plein jour,Hors agglomération,Hors intersection,Normale,Sans collision,1,3,3,0,1,3,1,1,1,90,1,1,0,0,0,1,22.0,,deux_roues,,1,1,1,1,7
202000015506,2020-06-13 18:40:00,2020,6,13,18,40,75,75112,A4,48.82918,2.481252,Plein jour,Hors agglomération,Hors intersection,Normale,Deux véhicules - côté,1,1,4,0,1,1,1,0,1,90,2,2,1,0,0,1,57.0,22.0,deux_roues,utilitaire_camion,1,1,1,1,3
202000015507,2020-01-01 10:15:00,2020,1,1,10,15,45,45286,D951-PR  88 + 895,47.8861361,1.9279107,Plein jour,En agglomération,Hors intersection,Temps couvert,Sans collision,3,2,2,0,1,1,2,0,1,50,1,2,1,0,0,1,17.0,,deux_roues,,1,2,1,8,7
202000015508,2020-06-13 23:30:00,2020,6,13,23,30,988,98818,ROUTE EXPRESS DU MONT DORE,-22.22717,166.49075,Nuit sans éclairage public,En agglomération,Hors intersection,Normale,,1,2,4,0,1,1,1,0,1,70,2,2,1,1,0,0,34.0,,utilitaire_camion,,3,2,1,1,-1
202000015509,2020-06-13 18:31:00,2020,6,13,18,31,988,98818,AVENUE KOENIG,-22.23588,166.47429,Nuit avec éclairage allumé,En agglomération,Hors intersection,Normale,Sans collision,4,2,2,0,1,2,1,0,1,50,1,1,0,0,0,1,25.0,,voiture,,5,2,1,1,7
202000015510,2020-06-13 09:00:00,2020,6,13,9,0,974,97416,Rue Hippolyte Piot,-21.297495,55.452177,Nuit avec éclairage allumé,Hors agglomération,Intersection en T,Normale,Deux véhicules - côté,3,-1,2,0,1,1,1,0,1,50,2,2,1,0,0,1,28.0,30.0,deux_roues,voiture,5,1,3,1,3