accident_id,datetime,annee,mois,jour,heure,minute,departement,commune_insee,adresse,latitude,longitude,luminosite,agglomeration,intersection,meteo,collision,catr,circ,nbv,vosp,prof,plan,surf,infra,situ,vma,nb_vehicules,nb_usagers,nb_indemnes,nb_tues,nb_blesses_hosp,nb_blesses_legers,age_cond_1,age_cond_2,veh_type_cond_1,veh_type_cond_2,lum_code,agg_code,int_code,atm_code,col_code
202000015605,2020-08-14 14:39:00,2020,8,14,14,39,81,81099,zone commerciale de la crouzeterie,43.917789,1.938829,Plein jour,Hors agglomération,Hors intersection,Normale,Deux véhicules - côté,3,2,2,0,1,1,1,0,1,80,2,2,1,0,1,0,24.0,39.0,deux_roues,utilitaire_camion,1,1,1,1,3
202000015606,2020-08-07 16:00:00,2020,8,7,16,0,33,33407,Rue du Pastin,45.02163,-0.349998,Plein jour,Hors agglomération,Hors intersection,Normale,Autre collision,4,2,2,0,1,1,1,0,1,80,1,1,0,0,1,0,17.0,,deux_roues,,1,1,1,1,6
202000015607,2020-08-15 00:15:00,2020,8,15,0,15,35,35031,8 A Rue Jean Langlais,48.177047,-1.434896,Nuit sans éclairage public,En agglomération,Hors intersection,Normale,Autre collision,4,1,1,0,1,1,1,0,1,30,1,1,0,1,0,0,23.0,,deux_roues,,3,2,1,1,6
202000015608,2020-08-14 18:10:00,2020,8,14,18,10,13,13028,A50-Sens Toulon vers Aubagne,43.206965,5.58729,Plein jour,Hors agglomération,Hors intersection,Normale,Deux véhicules - arrière,1,3,1,0,2,1,1,3,1,110,2,3,2,0,0,1,46.0,51.0,voiture,deux_roues,1,1,1,1,2
202000015609,2020-08-09 21:39:00,2020,8,9,21,39,13,13211,A50-Sens Marseille vers Aubagne,43.289865,5.491202,Nuit sans éclairage public,En agglomération,Hors intersection,Normale,Trois véhicules et plus - collisions multiples,1,1,3,0,1,1,1,0,1,70,4,5,2,0,1,2,36.0,48.0,deux_roues,voiture,3,2,1,1,5
202000015610,2020-08-13 10:50:00,2020,8,13,10,50,83,83137,A57,43.12132,5.95331,Plein jour,Hors agglomération,Hors intersection,Normale,Deux véhicules - arrière,1,3,4,0,1,1,1,0,1,110,2,2,1,0,0,1,72.0,45.0,voiture,deux_roues,1,1,1,1,2
202000015611,2020-07-18 17:30:00,2020,7,18,17,30,69,69282,RD302   0.400 A 4.620,45.74862,4.99776,Plein jour,Hors agglomération,Hors intersection,Normale,Deux véhicules - côté,3,3,2,0,2,1,1,0,1,90,2,2,0,0,0,2,36.0,,voiture,,1,1,1,1,3
202000015612,2020-08-06 18:05:00,2020,8,6,18,5,69,69266,RD383   1.893 A 2.321,45.78703,4.88789,Plein jour,Hors agglomération,Hors intersection,Normale,Trois véhicules et plus - en chaîne,3,3,3,0,1,1,1,0,1,70,7,8,2,0,0,6,36.0,41.0,voiture,utilitaire_camion,1,1,1,1,4
202000015613,2020-08-12 16:25:00,2020,8,12,16,25,69,69091,A47   1.809 A 5.620,45.58972,4.76755,Plein jour,Hors agglomération,Hors intersection,Normale,Deux véhicules - arrière,1,3,2,0,1,1,1,0,1,70,2,3,2,0,0,1,71.0,54.0,utilitaire_camion,utilitaire_camion,1,1,1,1,2
202000015614,2020-08-14 20:30:00,2020,8,14,20,30,33,33063,ROCADE A 630,44.88047,-0.53915,Crépuscule ou aube,Hors agglomération,Hors intersection,Normale,Trois véhicules et plus - en chaîne,1,3,6,0,2,1,1,2,1,70,3,5,2,0,0,3,31.0,30.0,voiture,voiture,2,1,1,1,4
202000015615,2020-08-14 15:45:00,2020,8,14,15,45,33,33167,ROUTE NATIONALE 230,44.84263,-0.50137,Plein jour,Hors agglomération,Hors intersection,Normale,Deux véhicules - arrière,2,1,1,0,4,3,1,3,1,50,2,3,2,0,0,1,49.0,24.0,voiture,voiture,1,1,1,1,2
202000015616,2020-08-14 06:20:00,2020,8,14,6,20,78,78206,A13,48.9461,1.94837,Crépuscule ou aube,Hors agglomération,Hors intersection,Normale,Deux véhicules - arrière,1,3,6,0,2,1,1,0,1,130,2,2,1,1,0,0,29.0,50.0,voiture,utilitaire_camion,2,1,1,1,2
202000015617,2020-08-11 19:20:00,2020,8,11,19,20,93,93053,AUTOROUTE A103,48.88807,2.47224,Plein jour,Hors agglomération,Hors intersection,Normale,Autre collision,1,3,4,0,1,1,1,0,1,90,1,1,0,0,0,1,30.0,,utilitaire_camion,,1,1,1,1,6
202000015618,2020-08-14 00:45:00,2020,8,14,0,45,93,93066,AUTOROUTE A1,48.93354,2.3799,Nuit sans éclairage public,Hors agglomération,Hors intersection,Pluie légère,Autre collision,1,3,10,0,1,1,2,0,1,90,1,1,0,0,0,1,30.0,,voiture,,3,1,1,2,6
202000015619,2020-08-14 09:15:00,2020,8,14,9,15,77,77373,RN104,48.7757,2.6126,Plein jour,Hors agglomération,Hors intersection,Normale,Deux véhicules - côté,2,3,5,0,3,1,1,0,1,90,2,3,2,0,0,1,36.0,90.0,utilitaire_camion,voiture,1,1,1,1,3
202000015620,2020-08-14 07:20:00,2020,8,14,7,20,988,98818,ANDREDE BECHADE/AVENUE BONAPARE,-22.24261,166.46102,Plein jour,En agglomération,Giratoire,Normale,Deux véhicules - côté,4,2,2,0,1,1,1,0,1,50,2,2,1,0,0,1,42.0,50.0,deux_roues,utilitaire_camion,1,2,6,1,3
202000015621,2020-08-13 17:30:00,2020,8,13,17,30,69,69386,MARECHAL LYAUTEY (DU)               (PL),45.7693,4.8411,Plein jour,En agglomération,Intersection en T,Pluie légère,Deux véhicules - frontale,4,1,2,0,2,2,2,0,1,50,2,2,1,0,0,1,28.0,59.0,deux_roues,voiture,1,2,3,2,1
202000015622,2020-08-13 16:30:00,2020,8,13,16,30,972,97213,AUTOROUTE A1,14.61497,-61.01309,Plein jour,Hors agglomération,Hors intersection,Normale,Deux véhicules - arrière,1,1,3,0,1,1,1,0,1,90,2,2,1,0,0,1,20.0,52.0,voiture,utilitaire_camion,1,1,1,1,2
202000015623,2020-08-13 11:30:00,2020,8,13,11,30,69,69389,PLATEAU (DU)                        (AV),45.7826196,4.794015,Plein jour,En agglomération,Hors intersection,Normale,Autre collision,4,2,2,0,2,3,1,0,1,50,1,2,1,0,1,0,39.0,,voiture,,1,2,1,1,6
202000015624,2020-08-13 10:16:00,2020,8,13,10,16,69,69381,BAT D'ARGENT (DU)                   (R ),45.76617,4.83796,Plein jour,En agglomération,Autre intersection,Normale,Autre collision,4,1,1,0,1,1,1,0,1,50,1,2,1,0,0,1,53.0,,voiture,,1,2,9,1,6
202000015625,2020-08-13 09:10:00,2020,8,13,9,10,91,91549,JACQUES DUCLOS (AVENUE),48.6353,2.35361,Plein jour,Hors agglomération,Hors intersection,Normale,Autre collision,3,2,2,0,1,1,1,9,1,70,1,2,1,0,0,1,29.0,,voiture,,1,1,1,1,6
202000015626,2020-08-13 17:20:00,2020,8,13,17,20,91,91174,08 MAI 1945 (AVENUE),48.61082,2.45154,Plein jour,En agglomération,Autre intersection,Normale,Deux véhicules - côté,3,2,2,0,1,1,1,3,6,50,2,2,1,0,0,1,31.0,74.0,deux_roues,voiture,1,2,9,1,3
202000015627,2020-08-13 09:15:00,2020,8,13,9,15,91,91114,DONJON (RUE DU),48.7,2.5045,Plein jour,En agglomération,Hors intersection,Temps couvert,Autre collision,4,1,1,0,1,1,1,0,1,50,1,3,1,0,0,2,71.0,,voiture,,1,2,1,8,6
202000015628,2020-08-13 16:30:00,2020,8,13,16,30,91,91479,FONTAINEBLEAU (ROUTE DE),48.74348,2.36224,Plein jour,Hors agglomération,Autre intersection,Normale,Trois véhicules et plus - collisions multiples,1,1,2,0,2,3,1,3,1,70,3,6,4,0,0,2,52.0,54.0,voiture,voiture,1,1,9,1,5
202000015629,2020-08-13 18:17:00,2020,8,13,18,17,88,88383,D 23,48.00571,6.58014,Plein jour,Hors agglomération,Hors intersection,Normale,Deux véhicules - frontale,3,3,2,0,2,4,1,0,1,80,2,2,1,0,0,1,87.0,20.0,voiture,voiture,1,1,1,1,1
202000015630,2020-08-12 08:05:00,2020,8,12,8,5,87,87085,COUDERT (ECHANGEUR DU),45.83438,1.21541,Plein jour,Hors agglomération,Hors intersection,Normale,Sans collision,4,1,2,0,1,2,1,3,1,70,1,1,0,0,0,1,36.0,,deux_roues,,1,1,1,1,7
202000015631,2020-08-12 07:41:00,2020,8,12,7,41,87,87085,PETITES MAISONS (RUE DES),45.82765,1.2637,Plein jour,En agglomération,Hors intersection,Normale,Deux véhicules - arrière,4,2,2,0,2,1,1,0,1,50,2,2,1,0,0,1,58.0,53.0,voiture,utilitaire_camion,1,2,1,1,2
202000015632,2020-08-13 01:06:00,2020,8,13,1,6,85,85194,RD 949,46.51724,-1.74778,Nuit avec éclairage non allumé,En agglomération,Giratoire,Pluie légère,Deux véhicules - côté,3,1,2,0,1,1,2,5,1,70,2,4,1,0,0,3,32.0,18.0,voiture,voiture,4,2,6,2,3
202000015633,2020-08-13 21:25:00,2020,8,13,21,25,83,83090, GARE (ROUTE DE LA),43.123258,5.822531,Nuit avec éclairage allumé,En agglomération,Hors intersection,Normale,Autre collision,3,3,2,0,1,1,1,0,1,50,1,2,1,0,1,0,20.0,,deux_roues,,5,2,1,1,6
202000015634,2020-07-31 19:40:00,2020,7,31,19,40,83,83129,CLAUDE POMPIDOU,43.09357,5.84489,Plein jour,En agglomération,Giratoire,Normale,Autre collision,3,1,1,0,1,1,1,9,1,50,1,2,1,0,0,1,20.0,,deux_roues,,1,2,6,1,6
202000015635,2020-08-12 21:07:00,2020,8,12,21,7,77,77288,ALMONT (BOULEVARD DE L'),48.54832,2.67409,Nuit avec éclairage non allumé,En agglomération,Intersection en X,Normale,Autre collision,4,2,2,0,1,1,1,0,1,30,1,1,0,0,1,0,,,,,4,2,2,1,6
202000015636,2020-08-13 11:35:00,2020,8,13,11,35,77,77186,MARECHAL  FOCH  (BOULEVARD DU),48.4153,2.70687,Plein jour,En agglomération,Intersection en X,Normale,Deux véhicules - arrière,3,-1,2,0,1,1,1,0,1,50,2,2,1,0,0,1,80.0,32.0,voiture,voiture,1,2,2,1,2
202000015637,2020-08-13 19:30:00,2020,8,13,19,30,73,73065,CLEMENCEAU GEORGES (AVENUE),45.560275,5.905833,Plein jour,En agglomération,Hors intersection,Pluie forte,Autre collision,4,2,2,0,1,1,2,0,1,50,1,2,1,0,1,0,18.0,,voiture,,1,2,1,3,6
202000015638,2020-08-12 20:10:00,2020,8,12,20,10,71,71270,LYON (ROUTE DE),46.2911578,4.8139238,Plein jour,En agglomération,Hors intersection,Normale,Deux véhicules - côté,3,2,3,0,1,1,1,0,1,70,2,2,1,0,0,1,28.0,20.0,voiture,voiture,1,2,1,1,3
202000015639,2020-08-12 12:10:00,2020,8,12,12,10,71,71076,LEDRU ROLLIN (RUE),46.7855952,4.8366827,Plein jour,En agglomération,Hors intersection,Normale,Deux véhicules - côté,4,2,0,0,1,1,1,0,1,50,2,2,1,0,0,1,28.0,52.0,deux_roues,voiture,1,2,1,1,3
202000015640,2020-08-13 08:20:00,2020,8,13,8,20,69,69029,LIONEL TERRAY                       (R ),45.7291861,4.8940337,Plein jour,En agglomération,Hors intersection,Normale,Autre collision,4,1,2,0,1,1,1,0,1,50,1,2,1,0,0,1,21.0,,voiture,,1,2,1,1,6
202000015641,2020-08-12 10:20:00,2020,8,12,10,20,69,69275,MICHEL SERVET                       (R ),45.76023,4.96771,Plein jour,En agglomération,Hors intersection,Normale,,4,2,2,0,1,2,1,0,1,50,2,6,3,0,0,3,58.0,61.0,voiture,voiture,1,2,1,1,-1
202000015642,2020-08-13 15:15:00,2020,8,13,15,15,69,69091,PAIX (DE LA) ( R ),45.5861,4.75378,Plein jour,En agglomération,Autre intersection,Pluie forte,Deux véhicules - arrière,4,1,1,0,1,2,2,9,1,50,2,2,1,0,0,1,21.0,63.0,voiture,deux_roues,1,2,9,3,2
202000015643,2020-08-12 15:45:00,2020,8,12,15,45,67,67267,PRESIDENT ROBERT SCHUMANN (AVENUE),48.56038,7.69296,Plein jour,En agglomération,Autre intersection,Pluie légère,Deux véhicules - côté,4,-1,1,0,1,1,2,0,1,50,2,2,1,0,0,1,56.0,43.0,voiture,deux_roues,1,2,9,2,3
202000015644,2020-08-12 06:15:00,2020,8,12,6,15,65,65226,NATIONALE 117 (ROUTE),43.245117,-0.027882,Nuit sans éclairage public,Hors agglomération,Hors intersection,Normale,Deux véhicules - arrière,3,2,1,0,1,1,1,0,1,90,2,2,1,0,1,0,61.0,57.0,utilitaire_camion,utilitaire_camion,3,1,1,1,2
202000015645,2020-08-12 06:07:00,2020,8,12,6,7,62,62193,LAMARLE (QUAI G.),50.93996,1.87032,Crépuscule ou aube,En agglomération,Intersection en T,Normale,Deux véhicules - côté,4,2,4,0,1,1,1,0,1,50,2,2,1,0,1,0,37.0,21.0,voiture,deux_roues,2,2,3,1,3
202000015646,2020-08-11 08:20:00,2020,8,11,8,20,62,62276,boulevard de l ouest,50.521272,2.833405,Plein jour,Hors agglomération,Intersection en T,Normale,Deux véhicules - côté,4,2,2,0,1,3,1,9,1,50,2,2,1,0,1,0,40.0,74.0,voiture,deux_roues,1,1,3,1,3
202000015647,2020-08-10 22:05:00,2020,8,10,22,5,62,62108,ROSE DES VENTS,50.40277,1.57967,Crépuscule ou aube,En agglomération,Hors intersection,Normale,Autre collision,4,2,2,0,1,1,1,0,1,20,1,3,2,0,0,1,78.0,,voiture,,2,2,1,1,6
202000015648,2020-08-12 16:30:00,2020,8,12,16,30,62,62013,RD 919,50.25566,2.77214,Plein jour,Hors agglomération,Hors intersection,Normale,Deux véhicules - côté,3,2,2,0,1,1,1,0,1,80,2,2,1,1,0,0,31.0,38.0,deux_roues,utilitaire_camion,1,1,1,1,3
202000015649,2020-08-12 08:50:00,2020,8,12,8,50,61,61001,CLEMENCEAU (COURS),48.43116,0.08973,Plein jour,En agglomération,Intersection en X,Normale,Autre collision,4,2,2,0,1,1,1,5,1,30,1,2,1,0,1,0,57.0,,voiture,,1,2,2,1,6
202000015650,2020-08-12 20:40:00,2020,8,12,20,40,59,59650,VALLON (RUE),50.7043029,3.2258874,Plein jour,En agglomération,Intersection en X,Normale,Deux véhicules - côté,4,3,2,0,1,1,1,0,1,50,2,2,1,0,1,0,29.0,22.0,voiture,deux_roues,1,2,2,1,3
202000015651,2020-08-12 21:10:00,2020,8,12,21,10,59,59456,ANTIBES (RUE D'),50.37601,3.22685,Crépuscule ou aube,En agglomération,Intersection en T,Normale,Deux véhicules - côté,4,2,2,0,1,1,1,0,1,50,2,2,1,0,1,0,45.0,45.0,deux_roues,voiture,2,2,3,1,3
202000015652,2020-08-12 19:15:00,2020,8,12,19,15,59,59456,RD 225 N,50.37928,3.2344,Plein jour,Hors agglomération,Hors intersection,Normale,Autre collision,3,2,2,0,1,2,1,0,1,50,1,2,0,0,1,1,20.0,,deux_roues,,1,1,1,1,6
202000015653,2020-08-12 11:44:00,2020,8,12,11,44,57,57630,PECHEURS,48.73147,7.03965,Plein jour,En agglomération,Hors intersection,Temps éblouissant,Deux véhicules - frontale,3,2,1,0,1,1,1,0,1,50,2,2,1,0,1,0,30.0,62.0,voiture,voiture,1,2,1,7,1
202000015654,2020-08-13 02:30:00,2020,8,13,2,30,56,56121,KERVARIC (ROND POINT DE ),47.74816,-3.38833,Nuit avec éclairage allumé,En agglomération,Hors intersection,Normale,Autre collision,4,1,1,0,1,1,1,0,8,70,1,1,0,0,0,1,37.0,,voiture,,5,2,1,1,6
202000015655,2020-08-12 17:35:00,2020,8,12,17,35,56,56083,REPUBLIQUE ( AV. DE LA ),47.79985,-3.28889,Plein jour,En agglomération,Hors intersection,Pluie légère,Sans collision,3,2,2,0,1,1,2,0,1,50,1,1,0,0,0,1,28.0,,deux_roues,,1,2,1,2,7
202000015656,2020-08-12 15:55:00,2020,8,12,15,55,56,56162,DOUET NEUF (RUE DU),47.70806,-3.43812,Plein jour,En agglomération,Hors intersection,Pluie légère,Sans collision,4,2,2,0,1,2,2,0,1,50,1,1,0,0,0,1,67.0,,voiture,,1,2,1,2,7
202000015657,2020-08-13 20:50:00,2020,8,13,20,50,54,54395,ARC (RUE JEANNE D' N°53 A 189-60 A 175),48.6849259,6.1724442,Nuit avec éclairage allumé,En agglomération,Hors intersection,Normale,Deux véhicules - côté,4,1,2,0,1,1,1,0,1,30,2,1,0,0,0,1,23.0,,deux_roues,,5,2,1,1,3
202000015658,2020-08-13 19:08:00,2020,8,13,19,8,54,54197,ERFURT (RUE),48.61971,6.20492,Plein jour,En agglomération,Intersection en T,Normale,Deux véhicules - arrière,4,2,2,0,1,1,1,0,1,50,2,3,2,0,0,1,28.0,38.0,voiture,voiture,1,2,3,1,2
202000015659,2020-08-12 21:49:00,2020,8,12,21,49,49,49007,Boulevard Robert d’Arbrissel,47.44494,-0.56611,Nuit avec éclairage allumé,En agglomération,Hors intersection,Normale,Deux véhicules - côté,4,2,2,0,1,1,1,0,1,50,2,1,0,0,0,1,67.0,,voiture,,5,2,1,1,3
202000015660,2020-08-13 10:10:00,2020,8,13,10,10,45,45004,Boulevard Mendès France,47.976977,2.76462,Plein jour,En agglomération,Hors intersection,Normale,Autre collision,4,2,2,0,1,1,1,0,1,50,1,2,1,0,0,1,88.0,,voiture,,1,2,1,1,6
202000015661,2020-08-12 13:35:00,2020,8,12,13,35,38,38185,Avenue Marcelin Berthelot,45.17321,5.73185,Plein jour,En agglomération,Hors intersection,Normale,Deux véhicules - frontale,4,2,3,0,1,1,1,0,5,50,2,1,0,0,0,1,33.0,,deux_roues,,1,2,1,1,1
202000015662,2020-08-13 16:02:00,2020,8,13,16,2,37,37122,KLEBER (RUE),47.3568445,0.6676066,Plein jour,En agglomération,Intersection en T,Pluie légère,Deux véhicules - arrière,3,2,2,0,2,1,2,0,1,50,2,2,1,0,0,1,29.0,51.0,voiture,deux_roues,1,2,3,2,2
202000015663,2020-08-13 07:00:00,2020,8,13,7,0,37,37261,DANIEL MAYER,47.4186469,0.6934147,Plein jour,En agglomération,Intersection en T,Normale,Deux véhicules - côté,4,2,2,0,1,1,1,0,1,50,2,3,2,0,0,1,55.0,39.0,voiture,voiture,1,2,3,1,3
202000015664,2020-08-13 11:10:00,2020,8,13,11,10,35,35238,GUERIN (ALPHONSE),48.10918,-1.659,Plein jour,En agglomération,Hors intersection,Normale,Deux véhicules - frontale,4,2,1,0,1,1,1,0,1,30,2,2,1,0,0,1,31.0,19.0,voiture,deux_roues,1,2,1,1,1
202000015665,2020-08-13 21:00:00,2020,8,13,21,0,33,33063,RUE LEYTEIRE,44.830869,-0.569817,Crépuscule ou aube,En agglomération,Intersection en X,Normale,Deux véhicules - côté,4,1,1,0,1,1,2,0,1,50,2,2,1,0,0,1,23.0,40.0,voiture,deux_roues,2,2,2,1,3
202000015666,2020-08-11 17:55:00,2020,8,11,17,55,31,31149,ALLEE D'OCCITANIE,43.610535,1.333715,Plein jour,En agglomération,Hors intersection,Normale,Deux véhicules - frontale,4,2,2,0,1,1,1,0,1,50,2,2,1,0,0,1,17.0,58.0,deux_roues,voiture,1,2,1,1,1
202000015667,2020-08-11 14:10:00,2020,8,11,14,10,24,24053,BRIVE (ROUTE DE ),45.1465,0.79896,Plein jour,Hors agglomération,Hors intersection,Normale,Deux véhicules - frontale,3,2,0,0,1,3,1,2,1,50,2,3,0,0,1,2,19.0,48.0,voiture,voiture,1,1,1,1,1
202000015668,2020-08-10 22:05:00,2020,8,10,22,5,22,22360,FONTENELLE (RUE DE LA),48.49564,-2.73639,Plein jour,En agglomération,Hors intersection,Normale,Deux véhicules - arrière,4,2,2,0,2,1,1,0,1,50,2,2,1,0,0,1,16.0,69.0,deux_roues,voiture,1,2,1,1,2
202000015669,2020-08-13 16:20:00,2020,8,13,16,20,17,17306,JOLIOT CURIE (DOCTEUR) (AV),45.62341,-1.00294,Plein jour,En agglomération,Hors intersection,Pluie légère,Trois véhicules et plus - en chaîne,4,2,2,0,1,1,2,0,1,50,3,3,2,0,0,1,31.0,63.0,voiture,voiture,1,2,1,2,4
202000015670,2020-07-24 18:50:00,2020,7,24,18,50,13,13102,BARTHELEMY ABBADIE (BD ),43.416949,5.241827,Plein jour,En agglomération,Hors intersection,Normale,Deux véhicules - arrière,3,2,2,0,1,1,1,0,1,50,2,3,1,0,0,2,36.0,23.0,voiture,voiture,1,2,1,1,2
202000015671,2020-08-11 09:15:00,2020,8,11,9,15,13,13201,CHARLES NEDELEC (BOULEVARD),43.3021792,5.3765212,Plein jour,En agglomération,Hors intersection,Normale,Autre collision,4,2,4,0,2,1,1,0,1,50,1,2,1,0,0,1,,,voiture,,1,2,1,1,6
202000015672,2020-08-12 22:50:00,2020,8,12,22,50,13,13005,REPUBLIQUE (RUE DE LA),43.291486,5.569223,Nuit avec éclairage allumé,En agglomération,Hors intersection,Normale,Deux véhicules - frontale,3,2,2,0,1,3,1,0,1,50,2,2,1,0,0,1,46.0,46.0,deux_roues,voiture,5,2,1,1,1
202000015673,2020-08-13 15:45:00,2020,8,13,15,45,06,06088, 11 AVENUE DE LA BORNALA,43.6943248,7.2381583,Plein jour,En agglomération,Hors intersection,Normale,,4,3,2,0,2,1,1,8,1,50,2,10,9,0,1,0,45.0,21.0,voiture,utilitaire_camion,1,2,1,1,-1
202000015674,2020-08-13 08:45:00,2020,8,13,8,45,75,75120,BOULEVARD PERIPHERIQUE,48.872526,2.412676,Plein jour,En agglomération,Hors intersection,Normale,Sans collision,4,1,4,0,1,1,2,1,1,70,1,1,0,0,0,1,27.0,,deux_roues,,1,2,1,1,7
202000015675,2020-08-12 18:33:00,2020,8,12,18,33,75,75106,BOULEVARD RASPAIL,48.842079,2.329544,Plein jour,En agglomération,Intersection en X,Normale,Deux véhicules - côté,4,2,4,0,1,1,1,0,1,50,2,2,1,1,0,0,59.0,21.0,deux_roues,voiture,1,2,2,1,3
202000015676,2020-08-12 16:45:00,2020,8,12,16,45,75,75116,AVENUE DE NEUILLY,48.878441,2.279831,Plein jour,En agglomération,Intersection en X,Normale,Deux véhicules - côté,4,3,3,1,1,3,1,-1,5,50,2,2,1,0,0,1,41.0,45.0,deux_roues,utilitaire_camion,1,2,2,1,3
202000015677,2020-08-12 10:11:00,2020,8,12,10,11,75,75116,AVENUE PAUL DOUMER,48.858706,2.275925,Plein jour,En agglomération,Hors intersection,Normale,Autre collision,4,2,4,0,1,1,1,0,4,50,1,2,1,0,0,1,15.0,,deux_roues,,1,2,1,1,6
202000015678,2020-08-13 19:36:00,2020,8,13,19,36,75,75115,AVENUE DE SUFFREN,48.851172,2.300921,Plein jour,En agglomération,Place,Pluie légère,Deux véhicules - côté,4,2,4,0,1,1,2,0,1,50,2,2,1,0,1,0,48.0,27.0,voiture,deux_roues,1,2,7,2,3
202000015679,2020-08-12 22:53:00,2020,8,12,22,53,94,94011,STAINS(ROUTE DE),48.782258,2.495073,Nuit avec éclairage allumé,En agglomération,Passage à niveau,Normale,Deux véhicules - côté,3,3,2,0,1,2,1,4,1,50,2,1,0,0,0,1,20.0,,autre,,5,2,8,1,3
202000015680,2020-05-13 17:55:00,2020,5,13,17,55,94,94059,GENERAL LECLERC (AV DU),48.81047,2.56567,Plein jour,En agglomération,Intersection en X,Normale,Deux véhicules - côté,4,2,2,0,1,1,1,0,1,30,2,2,1,0,0,1,22.0,21.0,voiture,voiture,1,2,2,1,3
202000015681,2020-08-13 03:42:00,2020,8,13,3,42,94,94079,DOCTEUR FILLIOUX (R DU),48.82419,2.55279,Nuit avec éclairage allumé,En agglomération,Hors intersection,Normale,Sans collision,4,1,2,2,1,3,1,0,1,50,1,4,0,0,0,4,19.0,,voiture,,5,2,1,1,7
202000015682,2020-08-12 23:30:00,2020,8,12,23,30,94,94017,ROGER SALENGRO (AV),48.818127,2.492825,Nuit avec éclairage allumé,En agglomération,Hors intersection,Normale,Deux véhicules - frontale,3,2,1,0,1,1,1,0,1,50,2,2,1,0,0,1,27.0,26.0,deux_roues,voiture,5,2,1,1,1
202000015683,2020-08-13 17:55:00,2020,8,13,17,55,93,93049,FAUVETTES (AVENUE) J-BACHELET->BEL AIR,48.86995,2.50553,Plein jour,En agglomération,Intersection en T,Normale,Deux véhicules - côté,4,2,2,0,2,1,1,0,1,50,2,2,1,0,1,0,12.0,21.0,deux_roues,voiture,1,2,3,1,3
202000015684,2020-08-12 23:45:00,2020,8,12,23,45,93,93078,CLEMENCEAU (AVENUE GEORGES),48.96072,2.55625,Nuit avec éclairage allumé,En agglomération,Giratoire,Normale,Deux véhicules - arrière,3,1,2,0,1,1,1,0,1,50,2,3,1,0,0,2,41.0,17.0,voiture,deux_roues,5,2,6,1,2
202000015685,2020-08-12 23:10:00,2020,8,12,23,10,93,93032,MICHEL JANIN   (RUE),48.879338,2.548812,Nuit avec éclairage allumé,En agglomération,Hors intersection,Normale,Deux véhicules - côté,4,2,1,0,1,1,1,0,1,50,2,2,1,0,0,1,24.0,51.0,voiture,voiture,5,2,1,1,3
202000015686,2020-08-13 11:00:00,2020,8,13,11,0,93,93005,PAUL CEZANNE (RUE),48.9524028,2.4898735,Plein jour,En agglomération,Hors intersection,Normale,Deux véhicules - frontale,3,1,2,0,1,1,1,0,8,50,2,2,1,0,0,1,33.0,24.0,voiture,deux_roues,1,2,1,1,1
202000015687,2020-08-13 08:50:00,2020,8,13,8,50,93,93005,MARC CHAGALL (BOULEVARD),48.9521781,2.4941127,Plein jour,En agglomération,Hors intersection,Normale,Trois véhicules et plus - collisions multiples,3,1,3,0,1,1,1,0,1,50,3,3,2,0,0,1,22.0,28.0,voiture,voiture,1,2,1,1,5
202000015688,2020-08-13 16:25:00,2020,8,13,16,25,92,92022,SALENGRO (AVENUE ROGER),48.81525,2.19351,Plein jour,En agglomération,Hors intersection,Normale,Autre collision,3,2,4,0,1,1,1,0,1,50,1,2,1,1,0,0,83.0,,voiture,,1,2,1,1,6
202000015689,2020-08-12 23:26:00,2020,8,12,23,26,92,92026,CARNOT,48.89434,2.24611,Nuit avec éclairage allumé,En agglomération,Hors intersection,Normale,Autre collision,4,2,2,2,1,1,1,0,1,50,1,2,1,0,0,1,36.0,,voiture,,5,2,1,1,6
202000015690,2020-08-13 10:05:00,2020,8,13,10,5,92,92024,MARTRE (RUE) DE (59 A 109)   (58 A 120),48.9026,2.3066,Plein jour,En agglomération,Hors intersection,Normale,Autre collision,3,1,3,1,1,1,1,5,5,50,1,2,1,0,0,1,42.0,,deux_roues,,1,2,1,1,6
202000015691,2020-08-13 10:00:00,2020,8,13,10,0,92,92012,PIERRE GRENIER (AVENUE),48.832083,2.253067,Plein jour,En agglomération,Intersection en X,Normale,Deux véhicules - côté,3,2,4,0,1,1,1,0,1,50,2,2,0,0,0,2,36.0,41.0,voiture,voiture,1,2,2,1,3
202000015692,2020-08-12 10:45:00,2020,8,12,10,45,92,92004,VOLTAIRE ( BD 16 A FIN ),48.91421,2.29479,Plein jour,En agglomération,Hors intersection,Normale,Deux véhicules - côté,3,2,2,0,1,1,1,0,1,50,2,2,1,0,0,1,61.0,31.0,voiture,deux_roues,1,2,1,1,3
202000015693,2020-08-13 16:35:00,2020,8,13,16,35,37,37065,D757,47.032635,0.3588055,Plein jour,Hors agglomération,Hors intersection,Pluie légère,Autre collision,3,2,2,0,1,1,2,0,3,80,1,4,3,0,1,0,70.0,,voiture,,1,1,1,2,6
202000015694,2020-08-12 11:25:00,2020,8,12,11,25,38,38336,D131,45.45748,4.84227,Plein jour,Hors agglomération,Intersection en Y,Normale,Deux véhicules - frontale,3,-1,2,0,1,2,1,0,1,80,2,2,1,0,0,1,48.0,29.0,voiture,voiture,1,1,4,1,1
202000015695,2020-08-13 08:56:00,2020,8,13,8,56,40,40296,D152,43.687426,-1.425562,Plein jour,Hors agglomération,Hors intersection,Normale,Deux véhicules - arrière,3,2,2,1,1,1,1,0,1,90,2,2,1,0,1,0,35.0,78.0,voiture,deux_roues,1,1,1,1,2