accident_id,datetime,annee,mois,jour,heure,minute,departement,commune_insee,adresse,latitude,longitude,luminosite,agglomeration,intersection,meteo,collision,catr,circ,nbv,vosp,prof,plan,surf,infra,situ,vma,nb_vehicules,nb_usagers,nb_indemnes,nb_tues,nb_blesses_hosp,nb_blesses_legers,age_cond_1,age_cond_2,veh_type_cond_1,veh_type_cond_2,lum_code,agg_code,int_code,atm_code,col_code
202000015696,2020-08-12 16:00:00,2020,8,12,16,0,31,31285,Route de Baougnac,43.647635,1.598116,Plein jour,Hors agglomération,Hors intersection,Normale,Autre collision,3,2,2,0,1,2,1,0,8,80,1,1,0,0,1,0,79.0,,voiture,,1,1,1,1,6
202000015697,2020-08-06 02:35:00,2020,8,6,2,35,71,71448,A6,46.3817672,4.8481302,Nuit sans éclairage public,Hors agglomération,Hors intersection,Normale,Sans collision,1,3,5,0,1,1,1,0,1,130,1,1,0,0,1,0,43.0,,voiture,,3,1,1,1,7
202000015698,2020-08-14 17:10:00,2020,8,14,17,10,63,63349,D19,45.945491,2.860023,Plein jour,Hors agglomération,Intersection en X,Normale,Deux véhicules - côté,3,2,2,0,1,1,1,0,1,80,2,3,2,0,1,0,52.0,23.0,deux_roues,voiture,1,1,2,1,3
202000015699,2020-08-12 12:35:00,2020,8,12,12,35,62,62044,2 Rue du Marais,50.48436,1.7447105,Plein jour,En agglomération,Autre intersection,Normale,Deux véhicules - frontale,4,2,2,0,1,1,1,0,1,45,2,2,1,0,1,0,66.0,62.0,utilitaire_camion,deux_roues,1,2,9,1,1
202000015700,2020-08-05 23:10:00,2020,8,5,23,10,59,59525,Rue Sadi Carnot,50.080284,4.019119,Nuit avec éclairage allumé,En agglomération,Intersection en X,Normale,Autre collision,3,2,2,1,3,2,1,0,3,50,1,1,0,1,0,0,38.0,,deux_roues,,5,2,2,1,6
202000015701,2020-08-13 22:50:00,2020,8,13,22,50,19,19274,76 Avenue du Riant Portail du Midi,45.1864867,1.5397913,Nuit avec éclairage allumé,Hors agglomération,Hors intersection,Pluie légère,Autre collision,3,2,2,0,1,1,2,0,3,70,1,1,0,1,0,0,75.0,,voiture,,5,1,1,2,6
202000015702,2020-08-13 18:30:00,2020,8,13,18,30,56,56137,10 Rue Joachim Lamour,47.744215,-2.683861,Plein jour,En agglomération,Hors intersection,Normale,Autre collision,3,2,2,0,4,2,1,0,1,30,1,3,2,0,1,0,86.0,,voiture,,1,2,1,1,6
202000015703,2020-08-14 10:20:00,2020,8,14,10,20,74,74236,568 Route de Cupelin,45.888118,6.696855,Plein jour,En agglomération,Hors intersection,Normale,Sans collision,4,2,2,0,2,2,2,0,1,50,1,1,0,0,1,0,30.0,,deux_roues,,1,2,1,1,7
202000015704,2020-08-14 15:45:00,2020,8,14,15,45,77,77208,D18,48.4785773,3.3094158,Plein jour,Hors agglomération,Intersection en T,Normale,Deux véhicules - côté,3,2,2,0,1,1,1,0,1,80,2,4,2,0,0,2,86.0,20.0,voiture,voiture,1,1,3,1,3
202000015705,2020-08-08 16:00:00,2020,8,8,16,0,2A,2A130,route de capitello,41.895353,8.805888,Plein jour,En agglomération,Intersection en T,Normale,,4,2,2,0,1,1,9,9,1,50,2,3,2,0,1,0,65.0,17.0,voiture,deux_roues,1,2,3,1,-1
202000015706,2020-08-14 10:27:00,2020,8,14,10,27,82,82090,1513 Côte de Vialette,44.087213,1.363533,Plein jour,Hors agglomération,Hors intersection,Normale,Sans collision,4,2,2,0,3,4,1,0,1,70,1,1,0,0,1,0,72.0,,deux_roues,,1,1,1,1,7
202000015707,2020-08-14 11:15:00,2020,8,14,11,15,11,11103,D118,42.952469,2.253656,Plein jour,Hors agglomération,Hors intersection,Normale,Sans collision,3,3,3,0,1,1,1,0,1,110,1,2,1,0,1,0,60.0,,deux_roues,,1,1,1,1,7
202000015708,2020-08-14 02:47:00,2020,8,14,2,47,63,63040,D212,45.723963,3.290663,Nuit sans éclairage public,Hors agglomération,Hors intersection,Normale,Autre collision,3,2,2,1,1,4,1,0,3,80,1,4,0,1,3,0,18.0,,voiture,,3,1,1,1,6
202000015709,2020-08-14 19:05:00,2020,8,14,19,5,61,61043,D955,48.35344,0.719712,Plein jour,Hors agglomération,Intersection en X,Normale,Deux véhicules - arrière,3,2,2,0,1,1,1,0,1,90,2,2,1,0,0,1,23.0,57.0,voiture,voiture,1,1,2,1,2
202000015710,2020-08-10 14:50:00,2020,8,10,14,50,86,86113,RN 10,46.483353,0.272212,Plein jour,Hors agglomération,Intersection en X,Normale,Trois véhicules et plus - collisions multiples,2,3,4,0,3,1,1,5,1,90,3,6,5,0,1,0,26.0,66.0,voiture,voiture,1,1,2,1,5
202000015711,2020-08-14 09:30:00,2020,8,14,9,30,34,34175,D908,43.606251,3.354006,Plein jour,Hors agglomération,Hors intersection,Normale,Deux véhicules - arrière,3,2,2,0,1,2,1,0,1,80,2,2,0,1,1,0,61.0,71.0,deux_roues,deux_roues,1,1,1,1,2
202000015712,2020-08-13 16:30:00,2020,8,13,16,30,34,34293,D150,43.616738,2.709337,Plein jour,Hors agglomération,Intersection en T,Normale,Deux véhicules - frontale,3,2,2,0,1,1,1,5,1,80,2,2,0,0,1,1,53.0,21.0,voiture,deux_roues,1,1,3,1,1
202000015713,2020-08-13 16:00:00,2020,8,13,16,0,25,25400,D67,47.088676,6.185745,Plein jour,Hors agglomération,Hors intersection,Normale,Deux véhicules - arrière,3,2,2,1,1,1,1,0,1,80,2,3,2,0,1,0,22.0,32.0,deux_roues,voiture,1,1,1,1,2
202000015714,2020-08-14 12:20:00,2020,8,14,12,20,44,44083,1 Les Brosses,46.996706,-1.663084,Plein jour,Hors agglomération,Intersection en X,Normale,Deux véhicules - côté,3,2,2,0,1,1,1,0,1,80,2,4,0,1,3,0,55.0,22.0,voiture,voiture,1,1,2,1,3
202000015715,2020-08-10 12:15:00,2020,8,10,12,15,35,35263,La basse Ville Enoux,48.692745,-1.895313,Plein jour,Hors agglomération,Hors intersection,Normale,Deux véhicules - frontale,3,2,2,0,1,1,9,0,1,50,2,2,1,0,1,0,47.0,37.0,deux_roues,voiture,1,1,1,1,1
202000015716,2020-08-03 10:30:00,2020,8,3,10,30,35,35162,1 Rue Lariboisière,48.481406,-1.124092,Plein jour,En agglomération,Hors intersection,Normale,Autre collision,3,2,2,0,1,3,1,0,1,50,1,2,1,0,1,0,55.0,,utilitaire_camion,,1,2,1,1,6
202000015717,2020-08-13 11:58:00,2020,8,13,11,58,29,29074,1 Rue des Bruyères,48.487843,-3.997889,Plein jour,En agglomération,Hors intersection,Normale,Deux véhicules - frontale,4,2,2,0,1,2,1,0,1,50,2,2,1,0,0,1,17.0,58.0,deux_roues,utilitaire_camion,1,2,1,1,1
202000015718,2020-08-08 14:45:00,2020,8,8,14,45,29,29015,D52,48.485951,-4.468946,Plein jour,Hors agglomération,Hors intersection,Normale,Sans collision,3,2,2,0,1,4,1,0,1,80,1,1,0,0,1,0,47.0,,deux_roues,,1,1,1,1,7
202000015719,2020-08-10 17:40:00,2020,8,10,17,40,38,38006,Rue du Pont d'Arcole,45.39795,6.07053,Plein jour,En agglomération,Intersection en X,Normale,Deux véhicules - côté,4,2,2,0,1,1,1,0,1,50,2,2,1,0,0,1,52.0,18.0,voiture,deux_roues,1,2,2,1,3
202000015720,2020-08-14 13:55:00,2020,8,14,13,55,03,03021,,46.1301995,3.1640073,Plein jour,Hors agglomération,Hors intersection,Normale,Trois véhicules et plus - collisions multiples,3,2,2,0,2,2,1,0,1,80,3,5,1,0,1,3,51.0,57.0,voiture,voiture,1,1,1,1,5
202000015721,2020-08-13 20:00:00,2020,8,13,20,0,15,15044,D3,45.138946,2.826576,Plein jour,Hors agglomération,Hors intersection,Normale,Sans collision,3,2,2,0,2,1,1,0,1,90,1,1,0,0,1,0,38.0,,deux_roues,,1,1,1,1,7
202000015722,2020-08-13 18:45:00,2020,8,13,18,45,15,15162,Chemin Departemental 678,45.278742,2.622777,Plein jour,Hors agglomération,Hors intersection,Normale,Sans collision,3,2,2,0,1,2,1,0,1,90,1,1,0,0,1,0,31.0,,deux_roues,,1,1,1,1,7
202000015723,2020-08-08 11:50:00,2020,8,8,11,50,26,26063,1 Boulevard Clémenceau,44.275853,5.272123,Plein jour,En agglomération,Hors intersection,Normale,Deux véhicules - côté,3,2,2,0,1,1,1,0,1,50,2,2,1,0,1,0,50.0,46.0,deux_roues,voiture,1,2,1,1,3
202000015724,2020-08-13 15:00:00,2020,8,13,15,0,58,58192,Domaine Tallet,46.784586,3.31623,Plein jour,Hors agglomération,Hors intersection,Normale,Sans collision,3,2,2,0,2,1,1,0,1,80,1,1,0,0,1,0,60.0,,deux_roues,,1,1,1,1,7
202000015725,2020-08-12 19:45:00,2020,8,12,19,45,66,66107,D117,42.795905,2.657146,Plein jour,Hors agglomération,Hors intersection,Normale,Sans collision,3,2,2,0,1,1,1,0,8,80,1,1,0,0,1,0,54.0,,voiture,,1,1,1,1,7
202000015726,2020-08-14 05:50:00,2020,8,14,5,50,66,66057,D116,42.571074,2.37692,Nuit sans éclairage public,Hors agglomération,Hors intersection,Normale,Deux véhicules - frontale,3,2,2,0,2,4,1,0,1,80,2,2,1,0,1,0,60.0,31.0,voiture,voiture,3,1,1,1,1
202000015727,2020-08-13 20:00:00,2020,8,13,20,0,14,14478,D519,49.0131558,0.4084146,Crépuscule ou aube,Hors agglomération,Hors intersection,Normale,Autre collision,3,2,2,3,1,1,1,8,3,80,1,2,0,1,1,0,19.0,,voiture,,2,1,1,1,6
202000015728,2020-08-14 18:30:00,2020,8,14,18,30,60,60044,Place Gabriel Péri,49.2962307,2.3364347,Plein jour,En agglomération,Place,Normale,Autre collision,9,1,1,0,1,1,1,9,8,50,1,1,0,0,0,1,20.0,,deux_roues,,1,2,7,1,6
202000015729,2020-08-14 10:00:00,2020,8,14,10,0,10,10254,D76 INTERSECTION D 97,48.574733,3.50687,Plein jour,Hors agglomération,Intersection en T,Normale,Deux véhicules - côté,3,2,2,0,1,1,1,0,1,80,2,3,0,0,1,2,60.0,75.0,voiture,voiture,1,1,3,1,3
202000015730,2020-07-27 19:50:00,2020,7,27,19,50,07,07260,D2,44.708575,4.69717,Plein jour,Hors agglomération,Hors intersection,Normale,,3,2,2,0,1,2,1,0,3,80,2,2,1,0,0,1,41.0,38.0,utilitaire_camion,deux_roues,1,1,1,1,-1
202000015731,2020-08-07 17:06:00,2020,8,7,17,6,24,24460,Le Moulin Neuf,45.250004,0.430167,Plein jour,Hors agglomération,Hors intersection,Normale,Deux véhicules - frontale,3,2,2,0,1,1,1,0,1,70,2,2,0,0,1,1,47.0,88.0,autre,voiture,1,1,1,1,1
202000015732,2020-08-14 13:35:00,2020,8,14,13,35,04,04135,Rte de Moustiers,43.839998,6.198725,Plein jour,Hors agglomération,Hors intersection,Normale,Sans collision,4,2,2,0,2,4,1,0,3,30,1,2,0,0,0,2,42.0,,voiture,,1,1,1,1,7
202000015733,2020-08-13 21:30:00,2020,8,13,21,30,85,85202,rd 60 / rd 39,46.750286,-1.155281,Nuit sans éclairage public,Hors agglomération,Intersection en X,Pluie légère,Deux véhicules - frontale,3,2,2,0,1,1,2,0,1,80,2,3,1,0,2,0,31.0,16.0,voiture,deux_roues,3,1,2,2,1
202000015734,2020-08-12 18:00:00,2020,8,12,18,0,27,27105,D313,49.317709,0.841248,Plein jour,En agglomération,Hors intersection,Temps couvert,Sans collision,3,2,2,0,1,3,9,0,1,50,1,1,0,0,1,0,15.0,,deux_roues,,1,2,1,8,7
202000015735,2020-08-12 17:15:00,2020,8,12,17,15,49,49333,D766,47.570648,-0.347099,Plein jour,Hors agglomération,Intersection en X,Normale,Trois véhicules et plus - collisions multiples,3,2,2,0,1,1,1,0,1,80,3,3,2,0,0,1,63.0,50.0,utilitaire_camion,voiture,1,1,2,1,5
202000015736,2020-08-09 23:25:00,2020,8,9,23,25,47,47097,A62,44.227027,0.354459,Nuit sans éclairage public,Hors agglomération,Hors intersection,Normale,Deux véhicules - arrière,1,1,4,0,1,2,1,0,1,130,2,6,3,0,0,3,60.0,33.0,voiture,voiture,3,1,1,1,2
202000015737,2020-08-14 15:21:00,2020,8,14,15,21,17,17348,D123,45.853052,-0.9826561,Plein jour,Hors agglomération,Hors intersection,Normale,Deux véhicules - frontale,3,2,2,0,1,2,1,0,1,80,2,4,1,0,3,0,38.0,38.0,utilitaire_camion,utilitaire_camion,1,1,1,1,1
202000015738,2020-08-14 05:15:00,2020,8,14,5,15,11,11262,A61,43.15138,2.98665,Nuit sans éclairage public,Hors agglomération,Hors intersection,Normale,Deux véhicules - arrière,1,3,2,0,1,2,1,0,1,90,2,5,1,1,3,0,50.0,25.0,utilitaire_camion,voiture,3,1,1,1,2
202000015739,2020-08-08 19:30:00,2020,8,8,19,30,976,97616,D5,-12.844795,45.103383,Nuit sans éclairage public,En agglomération,Hors intersection,Normale,Deux véhicules - frontale,3,2,2,0,2,1,1,0,1,50,2,5,4,0,0,1,28.0,19.0,voiture,voiture,3,2,1,1,1
202000015740,2020-08-14 18:50:00,2020,8,14,18,50,974,97415,N1a,-21.030819,55.225412,Nuit sans éclairage public,Hors agglomération,Hors intersection,Normale,Deux véhicules - frontale,2,2,2,1,1,1,1,0,1,80,2,4,2,1,1,0,28.0,46.0,voiture,voiture,3,1,1,1,1
202000015741,2020-08-12 08:25:00,2020,8,12,8,25,971,97128,Dupré,16.226681,-61.391156,Plein jour,Hors agglomération,Hors intersection,Normale,Deux véhicules - frontale,3,2,2,0,4,3,1,0,1,90,2,2,1,0,1,0,56.0,27.0,voiture,deux_roues,1,1,1,1,1
202000015742,2020-07-07 09:15:00,2020,7,7,9,15,978,97801,RN7 - Bellevue,18.052683,-63.085899,Plein jour,Hors agglomération,Hors intersection,Normale,Deux véhicules - côté,2,2,2,0,2,1,1,0,1,70,2,2,1,0,1,0,56.0,27.0,transport_commun,deux_roues,1,1,1,1,3
202000015743,2020-08-05 17:30:00,2020,8,5,17,30,03,03242,1 Rue de Berjoux,46.3603622,3.3712649,Plein jour,Hors agglomération,Hors intersection,Normale,Trois véhicules et plus - en chaîne,2,2,2,0,1,1,1,0,1,80,3,3,1,0,0,2,54.0,22.0,utilitaire_camion,voiture,1,1,1,1,4
202000015744,2020-08-13 13:30:00,2020,8,13,13,30,03,03286,D12,46.5358825,3.3996462,Plein jour,Hors agglomération,Intersection en T,Normale,Deux véhicules - côté,3,2,2,0,1,1,1,0,1,80,2,4,3,0,0,1,23.0,72.0,voiture,voiture,1,1,3,1,3
202000015745,2020-07-29 17:55:00,2020,7,29,17,55,38,38455,D143,45.621546,5.352069,Plein jour,En agglomération,Intersection en T,Normale,Deux véhicules - côté,3,2,2,0,1,1,1,0,1,50,2,2,1,0,0,1,34.0,67.0,voiture,voiture,1,2,3,1,3
202000015746,2020-08-14 12:00:00,2020,8,14,12,0,01,01301,133 Route de Mézériat,46.248226,5.124237,Plein jour,En agglomération,Hors intersection,Normale,Deux véhicules - côté,3,2,2,0,1,1,1,0,1,50,2,3,2,0,1,0,25.0,24.0,voiture,deux_roues,1,2,1,1,3
202000015747,2020-08-13 16:10:00,2020,8,13,16,10,81,81219,Route Départementale 92,43.600719,2.076244,Plein jour,Hors agglomération,Hors intersection,Temps couvert,Sans collision,3,2,2,0,1,2,1,0,3,80,1,1,0,0,1,0,59.0,,voiture,,1,1,1,8,7
202000015748,2020-08-13 21:30:00,2020,8,13,21,30,64,64430,Route de Dax,43.5048087,-0.7759681,Crépuscule ou aube,En agglomération,Hors intersection,Temps couvert,Autre collision,3,2,2,0,2,3,1,0,3,-1,1,2,0,0,1,1,31.0,,voiture,,2,2,1,8,6
202000015749,2020-08-14 18:00:00,2020,8,14,18,0,85,85138,"Route de AIZENAY, lieu-dit LE LUTRON",46.6899,-1.6642,Plein jour,Hors agglomération,Hors intersection,Normale,Autre collision,3,2,2,0,1,3,1,0,3,70,1,1,0,0,1,0,20.0,,deux_roues,,1,1,1,1,6
202000015750,2020-08-13 16:00:00,2020,8,13,16,0,22,22162,44 Chemin de Leskernec,48.764053,-3.075855,Plein jour,Hors agglomération,Intersection en X,Normale,Deux véhicules - côté,3,2,2,0,1,1,1,5,1,80,2,3,2,0,1,0,49.0,61.0,voiture,deux_roues,1,1,2,1,3
202000015751,2020-08-14 14:20:00,2020,8,14,14,20,22,22136,D768,48.203704,-2.75244,Plein jour,Hors agglomération,Hors intersection,Temps éblouissant,Autre collision,3,2,2,0,1,1,1,0,1,-1,1,2,1,0,0,1,22.0,,voiture,,1,1,1,7,6
202000015752,2020-07-24 13:30:00,2020,7,24,13,30,27,27070,9 Rue Georges Lemée,49.281832,1.49972,Plein jour,En agglomération,Intersection en X,Normale,Deux véhicules - arrière,3,2,2,0,1,1,1,0,1,50,2,2,0,0,0,2,38.0,32.0,voiture,voiture,1,2,2,1,2
202000015753,2020-08-13 22:30:00,2020,8,13,22,30,76,76626,Rue de l'Eglise,49.555222,0.625164,Nuit avec éclairage non allumé,En agglomération,Intersection en Y,Normale,Autre collision,3,2,2,0,1,3,1,0,3,50,1,1,0,0,1,0,23.0,,voiture,,4,2,4,1,6
202000015754,2020-08-14 08:38:00,2020,8,14,8,38,59,59535,Route du Parc,50.780109,2.737956,Plein jour,En agglomération,Intersection en Y,Brouillard / fumée,Deux véhicules - frontale,3,2,2,0,2,1,1,0,1,80,2,2,1,0,1,0,32.0,49.0,deux_roues,voiture,1,2,4,5,1
202000015755,2020-08-12 08:15:00,2020,8,12,8,15,59,59350,ROUTE NATIONALE 356,50.6155,3.0841,Plein jour,Hors agglomération,Hors intersection,Normale,Trois véhicules et plus - collisions multiples,1,-1,2,0,1,1,1,0,1,90,4,4,3,0,0,1,22.0,20.0,utilitaire_camion,voiture,1,1,1,1,5
202000015756,2020-08-10 17:30:00,2020,8,10,17,30,59,59143,AUTOROUTE A25,50.67378,2.865258,Plein jour,Hors agglomération,Hors intersection,Normale,Deux véhicules - arrière,1,3,4,0,1,1,1,0,1,110,2,2,1,0,0,1,31.0,41.0,voiture,utilitaire_camion,1,1,1,1,2
202000015757,2020-08-07 22:05:00,2020,8,7,22,5,59,59662,AUTOROUTE A25,50.852625,2.552791,Nuit sans éclairage public,Hors agglomération,Hors intersection,Normale,Deux véhicules - arrière,1,3,2,0,1,1,1,0,8,130,2,2,1,0,0,1,57.0,20.0,voiture,voiture,3,1,1,1,2
202000015758,2020-08-13 07:40:00,2020,8,13,7,40,78,78029,A13W,48.968021,1.857998,Plein jour,Hors agglomération,Hors intersection,Normale,Autre collision,1,3,3,0,1,1,2,0,1,130,1,1,0,0,0,1,57.0,,voiture,,1,1,1,1,6
202000015759,2020-08-13 17:20:00,2020,8,13,17,20,93,93066,AUTOROUTE A1,48.90764,2.3585,Plein jour,Hors agglomération,Hors intersection,Normale,Deux véhicules - arrière,1,3,8,0,1,1,1,1,1,90,2,1,0,0,0,1,27.0,,deux_roues,,1,1,1,1,2
202000015760,2020-08-07 15:15:00,2020,8,7,15,15,93,93007,AUTOROUTE A1,48.94687,2.44275,Plein jour,Hors agglomération,Hors intersection,Normale,Autre collision,1,3,8,0,1,1,1,1,8,110,1,1,0,0,0,1,42.0,,voiture,,1,1,1,1,6
202000015761,2020-08-12 20:30:00,2020,8,12,20,30,93,93027,A16,48.92818,2.40303,Crépuscule ou aube,Hors agglomération,Hors intersection,Normale,Autre collision,1,3,4,0,1,3,2,0,1,50,1,1,0,0,0,1,52.0,,voiture,,2,1,1,1,6
202000015762,2020-08-13 06:05:00,2020,8,13,6,5,92,92078,AUTOROUTE A86,48.92918,2.32969,Crépuscule ou aube,Hors agglomération,Hors intersection,Pluie légère,Autre collision,1,3,6,0,4,2,2,1,1,70,1,3,0,0,0,3,40.0,,utilitaire_camion,,2,1,1,2,6
202000015763,2020-08-13 02:30:00,2020,8,13,2,30,93,93005,AUTOROUTE A3,48.94644,2.47622,Nuit sans éclairage public,Hors agglomération,Hors intersection,Normale,Deux véhicules - arrière,1,3,9,0,1,1,1,0,1,110,2,2,0,0,1,1,45.0,59.0,voiture,voiture,3,1,1,1,2
202000015764,2020-08-13 13:30:00,2020,8,13,13,30,94,94073,A86 EXT,48.755549,2.383204,Plein jour,Hors agglomération,Hors intersection,Normale,Trois véhicules et plus - en chaîne,1,-1,3,0,1,2,1,0,1,90,3,3,2,0,0,1,23.0,63.0,utilitaire_camion,utilitaire_camion,1,1,1,1,4
202000015765,2020-08-12 09:26:00,2020,8,12,9,26,973,97302,BADUEL (ROUTE DE),4.9289378,-52.3002434,Plein jour,En agglomération,Hors intersection,Normale,Deux véhicules - frontale,3,2,2,0,1,1,1,0,1,50,2,2,1,0,0,1,70.0,63.0,deux_roues,voiture,1,2,1,1,1
202000015766,2020-08-11 12:20:00,2020,8,11,12,20,973,97302,CATAYEE (JUSTIN),4.940482,-52.3308849,Plein jour,En agglomération,Autre intersection,Normale,Sans collision,9,1,1,0,1,1,1,9,4,50,1,1,0,0,0,1,48.0,,autre,,1,2,9,1,7
202000015767,2020-08-12 14:38:00,2020,8,12,14,38,972,97209,MARNE (BOULEVARD DE LA),14.6041,-61.08032,Plein jour,En agglomération,Hors intersection,Normale,Deux véhicules - frontale,2,2,2,0,1,1,1,0,1,50,2,2,1,0,0,1,48.0,19.0,voiture,deux_roues,1,2,1,1,1
202000015768,2020-08-12 23:35:00,2020,8,12,23,35,69,69382,PERRACHE                            (QU),45.73261,4.81728,Nuit avec éclairage allumé,En agglomération,Autre intersection,Normale,Autre collision,7,1,3,0,2,1,1,0,3,50,1,1,0,0,1,0,28.0,,utilitaire_camion,,5,2,9,1,6
202000015769,2020-08-11 08:30:00,2020,8,11,8,30,69,69385,CHOULANS (DE)                       (CH),45.7533067,4.8169969,Plein jour,En agglomération,Hors intersection,Normale,Deux véhicules - arrière,4,1,2,0,2,1,1,8,1,50,2,2,1,0,0,1,25.0,35.0,voiture,deux_roues,1,2,1,1,2
202000015770,2020-08-11 21:00:00,2020,8,11,21,0,971,97113,RN4 - SECTION RIVIERA,16.217621,-61.4956498,Nuit avec éclairage non allumé,Hors agglomération,Hors intersection,Normale,Deux véhicules - frontale,2,-1,2,0,1,1,2,9,1,70,2,3,1,1,0,1,41.0,29.0,deux_roues,voiture,4,1,1,1,1
202000015771,2020-08-11 20:47:00,2020,8,11,20,47,971,97101,LACROIX,16.2354,-61.528443,Nuit avec éclairage allumé,En agglomération,Hors intersection,Pluie légère,Autre collision,3,3,2,0,1,1,2,0,1,50,1,2,1,0,1,0,23.0,,voiture,,5,2,1,2,6
202000015772,2020-08-12 21:00:00,2020,8,12,21,0,2A,2A004,NICOLI JEAN COURS,41.9322606,8.7405814,Crépuscule ou aube,En agglomération,Autre intersection,Normale,Deux véhicules - frontale,2,2,-1,-1,1,3,1,5,1,-1,2,3,2,0,1,0,31.0,17.0,deux_roues,voiture,2,2,9,1,1
202000015773,2020-08-11 12:55:00,2020,8,11,12,55,95,95428,CHARLES DE GAULLE  AVENUE,48.985858,2.328499,Plein jour,En agglomération,Giratoire,Normale,Deux véhicules - côté,3,2,2,0,1,1,1,0,1,50,2,2,1,0,1,0,27.0,27.0,voiture,deux_roues,1,2,6,1,3
202000015774,2020-08-12 19:50:00,2020,8,12,19,50,83,83137,CLOVIS (AVE HUGUES),43.13759,5.90587,Plein jour,En agglomération,Hors intersection,Normale,Deux véhicules - arrière,4,2,2,0,1,1,1,0,1,50,2,4,1,0,0,3,34.0,40.0,voiture,voiture,1,2,1,1,2
202000015775,2020-08-12 04:03:00,2020,8,12,4,3,82,82121,ALIBERT ( RUE DU DOCTEUR),44.021935,1.350334,Nuit avec éclairage allumé,En agglomération,Hors intersection,Normale,Autre collision,3,1,1,0,1,1,1,8,1,50,1,2,0,1,1,0,34.0,,deux_roues,,5,2,1,1,6
202000015776,2020-08-12 15:40:00,2020,8,12,15,40,77,77373,MARGUERITES (AVENUE DES),48.795104,2.607493,Plein jour,En agglomération,Intersection en T,Normale,Autre collision,4,1,3,0,1,1,1,0,1,20,1,2,1,0,1,0,72.0,,voiture,,1,2,3,1,6
202000015777,2020-08-11 11:50:00,2020,8,11,11,50,77,77186,D606 de l'obélisque à limite MORET,48.378345,2.780429,Plein jour,Hors agglomération,Hors intersection,Normale,Deux véhicules - arrière,3,3,4,0,1,1,1,0,1,90,2,2,1,0,1,0,63.0,50.0,voiture,voiture,1,1,1,1,2
202000015778,2020-08-11 09:05:00,2020,8,11,9,5,71,71306,SAINT BERAIN (RUE DE),46.6908021,4.3446518,Plein jour,En agglomération,Intersection en X,Normale,Deux véhicules - côté,4,2,0,0,1,1,1,0,1,50,2,2,1,0,0,1,56.0,29.0,voiture,voiture,1,2,2,1,3
202000015779,2020-08-10 21:30:00,2020,8,10,21,30,67,67043,TROIS MAIRES (RUE DES),48.628361,7.7776444,Nuit avec éclairage non allumé,En agglomération,Hors intersection,Normale,Deux véhicules - arrière,4,2,2,0,1,1,1,0,1,50,2,3,2,0,0,1,25.0,19.0,voiture,voiture,4,2,1,1,2
202000015780,2020-08-10 17:40:00,2020,8,10,17,40,67,67482,BALDNER (RUE),48.56844,7.75988,Plein jour,En agglomération,Intersection en X,Normale,Deux véhicules - côté,4,1,2,1,1,1,1,0,1,50,2,2,1,0,0,1,49.0,50.0,voiture,deux_roues,1,2,2,1,3
202000015781,2020-08-12 18:05:00,2020,8,12,18,5,67,67462,PRESIDENT POINCARE (RUE DU),48.25714,7.45452,Plein jour,En agglomération,Hors intersection,Normale,Deux véhicules - côté,3,2,2,0,1,1,1,0,8,30,2,4,3,0,0,1,17.0,18.0,deux_roues,voiture,1,2,1,1,3
202000015782,2020-08-12 16:25:00,2020,8,12,16,25,64,64445,CAZAUBON NORBERT,43.30408,-0.36696,Plein jour,En agglomération,Giratoire,Normale,Deux véhicules - côté,4,1,1,2,1,1,1,0,1,30,2,2,1,0,0,1,17.0,41.0,deux_roues,voiture,1,2,6,1,3
202000015783,2020-08-12 12:10:00,2020,8,12,12,10,64,64024,ADOUR (AVENUE DE L'),43.50312,-1.49461,Plein jour,En agglomération,Hors intersection,Normale,Deux véhicules - côté,4,2,3,0,1,1,1,0,1,50,2,3,2,0,0,1,26.0,18.0,voiture,deux_roues,1,2,1,1,3
202000015784,2020-08-11 22:30:00,2020,8,11,22,30,64,64102,ALLEES MARINES (AVENUE DES),43.49729,-1.48406,Nuit avec éclairage allumé,En agglomération,Hors intersection,Normale,Sans collision,4,1,1,0,1,3,1,0,1,30,1,1,0,0,0,1,18.0,,deux_roues,,5,2,1,1,7
202000015785,2020-08-11 08:05:00,2020,8,11,8,5,60,60175,RD 201_SORTIE 201_ACCES BD S.ALLENDE,49.2456,2.4693,Plein jour,Hors agglomération,Hors intersection,Normale,Trois véhicules et plus - collisions multiples,3,2,2,0,1,1,1,3,1,80,3,4,2,0,1,1,52.0,23.0,voiture,voiture,1,1,1,1,5
202000015786,2020-10-11 00:05:00,2020,10,11,0,5,45,45265,"Autoroute A6, PK 097+075",48.131124,2.951846,Nuit sans éclairage public,Hors agglomération,Hors intersection,Pluie légère,Sans collision,1,3,4,0,1,1,2,0,3,130,1,2,0,0,1,1,52.0,,voiture,,3,1,1,2,7
202000015787,2020-10-11 14:25:00,2020,10,11,14,25,974,97424,36 Route Nationale 5,-21.147643,55.46635,Plein jour,Hors agglomération,Hors intersection,Normale,Trois véhicules et plus - collisions multiples,2,2,2,0,1,2,1,0,1,90,3,3,2,0,0,1,43.0,50.0,voiture,voiture,1,1,1,1,5
202000015788,2020-10-09 19:35:00,2020,10,9,19,35,95,95409,D11,49.043181,2.338774,Crépuscule ou aube,Hors agglomération,Autre intersection,Normale,Deux véhicules - frontale,3,2,2,0,1,1,2,2,1,50,2,2,1,0,0,1,60.0,19.0,deux_roues,voiture,2,1,9,1,1