accident_id,datetime,annee,mois,jour,heure,minute,departement,commune_insee,adresse,latitude,longitude,luminosite,agglomeration,intersection,meteo,collision,catr,circ,nbv,vosp,prof,plan,surf,infra,situ,vma,nb_vehicules,nb_usagers,nb_indemnes,nb_tues,nb_blesses_hosp,nb_blesses_legers,age_cond_1,age_cond_2,veh_type_cond_1,veh_type_cond_2,lum_code,agg_code,int_code,atm_code,col_code
202000015880,2020-10-09 23:30:00,2020,10,9,23,30,25,25056,KENNEDY  BOULEVARD J.F.,47.23322,5.98385,Nuit avec éclairage allumé,En agglomération,Giratoire,Pluie légère,Autre collision,4,2,2,0,1,1,2,5,3,50,1,1,0,0,0,1,51.0,,voiture,,5,2,6,2,6
202000015881,2020-10-09 09:23:00,2020,10,9,9,23,25,25056,FONTAINE-ARGENT AVENUE,47.24699,6.03515,Plein jour,En agglomération,Intersection en X,Normale,Deux véhicules - côté,4,2,2,3,1,1,1,5,1,50,2,2,1,0,0,1,28.0,11.0,voiture,deux_roues,1,2,2,1,3
202000015882,2020-10-09 07:55:00,2020,10,9,7,55,17,17300,LOTI   AVENUE PIERRE,46.16222,-1.1762,Crépuscule ou aube,En agglomération,Intersection en X,Normale,Deux véhicules - frontale,4,2,2,1,1,1,1,0,1,30,2,2,1,0,0,1,30.0,53.0,deux_roues,voiture,2,2,2,1,1
202000015883,2020-10-09 07:45:00,2020,10,9,7,45,14,14118,GARE (RUE DE LA),49.17663,-0.35169,Crépuscule ou aube,En agglomération,Hors intersection,Pluie légère,Deux véhicules - côté,4,2,2,0,1,1,2,0,1,50,2,2,1,0,1,0,47.0,19.0,deux_roues,voiture,2,2,1,2,3
202000015884,2020-10-09 17:40:00,2020,10,9,17,40,13,13071,ROUTE NATIONALE 113 - RENARDIERE,43.4122,5.30317,Plein jour,En agglomération,Intersection en Y,Normale,Deux véhicules - côté,3,2,2,0,2,1,1,0,1,70,2,3,1,0,2,0,27.0,32.0,voiture,deux_roues,1,2,4,1,3
202000015885,2020-10-08 23:15:00,2020,10,8,23,15,13,13019,D543,43.451989,5.359154,Nuit sans éclairage public,En agglomération,Hors intersection,Normale,Trois véhicules et plus - collisions multiples,3,2,2,0,1,1,1,0,1,30,3,3,0,0,2,1,19.0,23.0,voiture,voiture,3,2,1,1,5
202000015886,2020-10-09 11:53:00,2020,10,9,11,53,13,13103,VIEUX CHEMIN D'ISTRES,43.63308,5.07712,Plein jour,En agglomération,Hors intersection,Normale,Deux véhicules - arrière,9,1,1,0,1,3,1,9,1,80,2,2,1,0,1,0,28.0,52.0,deux_roues,utilitaire_camion,1,2,1,1,2
202000015887,2020-10-09 20:50:00,2020,10,9,20,50,13,13211,CAMOINS ((RUE LES),43.29859,5.49139,Nuit avec éclairage allumé,En agglomération,Hors intersection,Normale,Deux véhicules - côté,4,2,2,0,2,1,1,0,1,50,2,2,1,0,0,1,28.0,31.0,voiture,deux_roues,5,2,1,1,3
202000015888,2020-10-09 18:16:00,2020,10,9,18,16,11,11069,RD 6113,43.2296,2.342,Plein jour,En agglomération,Hors intersection,Normale,Deux véhicules - côté,3,2,2,0,1,1,1,0,3,80,2,2,1,0,0,1,59.0,30.0,deux_roues,utilitaire_camion,1,2,1,1,3
202000015889,2020-10-09 18:57:00,2020,10,9,18,57,10,10321,GENERAL LECLERC (RUE DU),48.29155,4.03419,Nuit avec éclairage allumé,En agglomération,Intersection en X,Pluie légère,Deux véhicules - côté,3,2,2,0,1,1,2,0,1,50,2,1,0,0,0,1,59.0,,voiture,,5,2,2,2,3
202000015890,2020-10-09 02:38:00,2020,10,9,2,38,10,10333,CHARLES BALTET (RUE),48.2822,4.05941,Nuit avec éclairage allumé,En agglomération,Autre intersection,Normale,Sans collision,4,2,1,0,1,2,1,0,4,30,1,1,0,0,0,1,25.0,,deux_roues,,5,2,9,1,7
202000015891,2020-10-08 17:05:00,2020,10,8,17,5,10,10333,ROCADE OUEST (RD 610),48.2769,4.0436,Plein jour,Hors agglomération,Hors intersection,Temps couvert,Deux véhicules - arrière,3,3,4,0,1,1,1,0,1,110,2,3,1,0,0,2,49.0,28.0,utilitaire_camion,voiture,1,1,1,8,2
202000015892,2020-10-09 09:25:00,2020,10,9,9,25,07,07281,TASSINI (AVENUE VICTOR),44.95192,4.82354,Plein jour,Hors agglomération,Hors intersection,Temps couvert,Sans collision,3,2,2,0,2,4,9,8,8,80,1,1,0,0,0,1,21.0,,voiture,,1,1,1,8,7
202000015893,2020-10-09 17:25:00,2020,10,9,17,25,06,06088,PASTEUR (BD),43.72174,7.28148,Plein jour,En agglomération,Autre intersection,Normale,Autre collision,4,2,2,0,4,1,1,0,1,50,1,3,2,0,0,1,46.0,,deux_roues,,1,2,9,1,6
202000015894,2020-10-09 08:00:00,2020,10,9,8,0,06,06088,VOIE RAPIDE,43.696445,7.265934,Plein jour,En agglomération,Hors intersection,Normale,Deux véhicules - côté,4,1,3,0,1,1,1,0,1,70,2,2,1,0,0,1,57.0,29.0,deux_roues,utilitaire_camion,1,2,1,1,3
202000015895,2020-10-09 00:49:00,2020,10,9,0,49,06,06088,CORNIGLION MOLINIER (BD),43.66663,7.2155,Nuit avec éclairage allumé,En agglomération,Hors intersection,Normale,Sans collision,7,1,3,0,1,1,1,0,1,70,1,1,0,1,0,0,23.0,,deux_roues,,5,2,1,1,7
202000015896,2020-10-05 01:15:00,2020,10,5,1,15,06,06027,FAUVETTES AVENUE DES,43.664,7.1674,Nuit avec éclairage allumé,En agglomération,Hors intersection,Normale,Autre collision,4,2,2,0,1,4,2,0,1,50,1,2,1,0,0,1,28.0,,voiture,,5,2,1,1,6
202000015897,2020-10-09 09:00:00,2020,10,9,9,0,04,04112,RD 907 (Av de la libération),43.83265,5.77119,Plein jour,En agglomération,Hors intersection,Normale,Autre collision,3,2,2,0,2,1,1,0,1,50,1,2,1,1,0,0,41.0,,voiture,,1,2,1,1,6
202000015898,2020-09-01 08:40:00,2020,9,1,8,40,03,03190,Rue des Garceaux,46.5573092,3.3329129,Plein jour,En agglomération,Intersection en Y,Normale,Trois véhicules et plus - collisions multiples,4,2,2,0,1,1,1,0,1,50,3,3,0,0,0,3,52.0,36.0,voiture,utilitaire_camion,1,2,4,1,5
202000015899,2020-10-09 10:35:00,2020,10,9,10,35,01,01053,Avenue Amedee Mercier,46.19756,5.26193,Plein jour,En agglomération,Passage à niveau,Temps couvert,Deux véhicules - côté,3,2,2,0,1,1,1,4,8,50,2,3,1,2,0,0,72.0,51.0,voiture,transport_commun,1,2,8,8,3
202000015900,2020-10-09 19:40:00,2020,10,9,19,40,75,75118,PORTE DE CLIGNANCOURT,48.900787,2.338559,Nuit avec éclairage allumé,En agglomération,Hors intersection,Normale,Deux véhicules - côté,4,1,4,0,1,1,1,0,1,70,2,2,1,0,0,1,43.0,66.0,deux_roues,voiture,5,2,1,1,3
202000015901,2020-10-09 19:08:00,2020,10,9,19,8,75,75111,RUE OBERKAMPF,48.863758,2.370143,Nuit avec éclairage allumé,En agglomération,Intersection en X,Normale,Autre collision,4,1,2,0,1,1,1,0,1,30,1,2,0,0,1,1,23.0,,deux_roues,,5,2,2,1,6
202000015902,2020-10-09 13:00:00,2020,10,9,13,0,75,75120,RUE DE MENILMONTANT,48.868526,2.389072,Plein jour,En agglomération,Hors intersection,Pluie légère,Autre collision,4,2,0,0,2,1,2,0,1,30,1,2,1,0,0,1,62.0,,deux_roues,,1,2,1,2,6
202000015903,2020-10-09 20:20:00,2020,10,9,20,20,75,75119,RUE D AUBERVILLIERS,48.891265,2.368872,Nuit avec éclairage non allumé,En agglomération,Hors intersection,Normale,Deux véhicules - côté,4,1,1,0,1,1,1,0,1,50,2,3,2,0,0,1,51.0,24.0,voiture,voiture,4,2,1,1,3
202000015904,2020-10-08 22:55:00,2020,10,8,22,55,75,75119,RUE MANIN,48.881479,2.380746,Nuit avec éclairage allumé,En agglomération,Intersection en Y,Normale,Deux véhicules - arrière,4,2,2,0,1,1,1,0,1,50,2,1,0,0,0,1,28.0,,deux_roues,,5,2,4,1,2
202000015905,2020-10-08 16:12:00,2020,10,8,16,12,75,75119,AVENUE SIMON BOLIVAR,48.87841,2.374254,Plein jour,En agglomération,Intersection en X,Normale,Deux véhicules - côté,4,1,2,0,1,1,1,0,1,30,2,2,0,0,0,2,68.0,41.0,deux_roues,deux_roues,1,2,2,1,3
202000015906,2020-10-08 11:00:00,2020,10,8,11,0,75,75117,RUE GUY MOQUET,48.891524,2.320384,Plein jour,En agglomération,Intersection en X,Temps couvert,Autre collision,4,1,1,0,1,1,1,0,1,30,1,2,1,0,0,1,21.0,,utilitaire_camion,,1,2,2,8,6
202000015907,2020-10-09 20:30:00,2020,10,9,20,30,75,75116,BOULEVARD EXELMANS,48.844336,2.258763,Nuit avec éclairage allumé,En agglomération,Intersection en Y,Normale,Deux véhicules - côté,4,1,2,0,1,1,1,0,1,50,2,3,1,0,0,2,27.0,36.0,utilitaire_camion,deux_roues,5,2,4,1,3
202000015908,2020-10-09 02:55:00,2020,10,9,2,55,75,75116,AVENUE GEORGES LAFONT,48.836512,2.255942,Nuit avec éclairage allumé,En agglomération,Intersection en X,Normale,Sans collision,4,1,2,0,1,1,1,0,1,50,1,2,0,0,1,1,21.0,,deux_roues,,5,2,2,1,7
202000015909,2020-10-08 22:40:00,2020,10,8,22,40,75,75115,RUE DES ENTREPRENEURS,48.845655,2.287985,Nuit avec éclairage allumé,En agglomération,Intersection en X,Normale,Deux véhicules - côté,4,2,2,0,1,1,1,0,1,50,2,2,0,0,0,2,26.0,64.0,deux_roues,voiture,5,2,2,1,3
202000015910,2020-10-09 15:15:00,2020,10,9,15,15,75,75114,RUE VERCINGETORIX,48.82875,2.306045,Plein jour,En agglomération,Hors intersection,Normale,Deux véhicules - côté,4,1,1,1,2,1,1,-1,5,50,2,2,1,0,0,1,47.0,35.0,deux_roues,voiture,1,2,1,1,3
202000015911,2020-10-09 07:25:00,2020,10,9,7,25,75,75113,AVENUE DE LA PORTE DE VITRY,48.822609,2.378058,Crépuscule ou aube,En agglomération,Hors intersection,Pluie légère,Autre collision,4,2,2,0,1,1,2,0,1,50,1,2,1,0,0,1,31.0,,deux_roues,,2,2,1,2,6
202000015912,2020-10-09 15:00:00,2020,10,9,15,0,75,75112,AVENUE LEDRU ROLLIN,48.847979,2.371427,Plein jour,En agglomération,Intersection en X,Temps couvert,Deux véhicules - côté,4,1,4,0,1,1,1,0,1,50,2,3,2,0,0,1,31.0,25.0,deux_roues,voiture,1,2,2,8,3
202000015913,2020-10-09 15:30:00,2020,10,9,15,30,75,75111,RUE DU CHEMIN VERT,48.861092,2.381149,Plein jour,En agglomération,Intersection en X,Normale,Deux véhicules - frontale,4,2,2,2,1,1,1,0,1,50,2,2,1,0,0,1,50.0,45.0,deux_roues,deux_roues,1,2,2,1,1
202000015914,2020-10-09 10:45:00,2020,10,9,10,45,75,75117,BOULEVARD BESSIERES,48.897504,2.32431,Plein jour,En agglomération,Intersection à plus de 4 branches,Temps couvert,Deux véhicules - côté,4,1,6,3,1,1,2,-1,6,30,2,3,1,0,0,2,15.0,48.0,deux_roues,transport_commun,1,2,5,8,3
202000015915,2020-10-08 23:15:00,2020,10,8,23,15,75,75108,RUE DU HAVRE,48.874175,2.326943,Nuit avec éclairage allumé,En agglomération,Intersection en X,Normale,Deux véhicules - côté,4,2,4,0,1,1,1,0,1,50,2,2,1,0,0,1,29.0,29.0,deux_roues,utilitaire_camion,5,2,2,1,3
202000015916,2020-10-09 19:45:00,2020,10,9,19,45,94,94081,MOZART (R),48.79437,2.37926,Nuit avec éclairage allumé,En agglomération,Intersection en X,Normale,Deux véhicules - côté,4,1,1,0,2,1,1,0,1,50,2,3,1,0,0,2,17.0,24.0,deux_roues,utilitaire_camion,5,2,2,1,3
202000015917,2020-10-09 10:50:00,2020,10,9,10,50,94,94068,D'ADAMVILLE KENNEDY (PL),48.7943,2.48679,Plein jour,En agglomération,Autre intersection,Pluie légère,Autre collision,4,1,2,0,1,2,2,9,1,50,1,2,1,0,0,1,65.0,,voiture,,1,2,9,2,6
202000015918,2020-10-09 08:10:00,2020,10,9,8,10,94,94046,GAMBETTA (AV),48.810013,2.441758,Plein jour,En agglomération,Intersection en T,Pluie légère,Deux véhicules - côté,4,2,4,0,1,1,2,0,1,50,2,2,1,0,0,1,48.0,56.0,deux_roues,voiture,1,2,3,2,3
202000015919,2020-10-09 16:00:00,2020,10,9,16,0,94,94038,TULIPES (R DES),48.7774,2.35308,Plein jour,En agglomération,Intersection en X,Normale,Deux véhicules - côté,4,1,1,0,1,1,1,0,1,30,2,5,1,0,0,4,21.0,41.0,voiture,transport_commun,1,2,2,1,3
202000015920,2020-10-09 05:10:00,2020,10,9,5,10,94,94065,TROIS MARCHES (AV) / MIN RUNGIS,48.7599358,2.3527611,Nuit avec éclairage allumé,En agglomération,Autre intersection,Pluie légère,Deux véhicules - côté,4,2,1,0,1,1,2,5,1,50,2,2,1,0,1,0,42.0,30.0,deux_roues,utilitaire_camion,5,2,9,2,3
202000015921,2020-10-09 19:50:00,2020,10,9,19,50,94,94028,CASCADES.(IMPASSE DES),48.7697,2.4614,Nuit avec éclairage allumé,En agglomération,Intersection en T,Normale,Autre collision,4,2,1,0,1,1,1,0,1,50,1,2,1,0,0,1,41.0,,voiture,,5,2,3,1,6
202000015922,2020-10-09 09:55:00,2020,10,9,9,55,94,94055,RAYMOND THERESE (R),48.78263,2.52005,Plein jour,En agglomération,Intersection en T,Pluie légère,Deux véhicules - côté,4,2,2,0,1,1,2,0,1,50,2,2,1,0,0,1,33.0,29.0,utilitaire_camion,voiture,1,2,3,2,3
202000015923,2020-10-09 08:56:00,2020,10,9,8,56,93,93039,MARINE (QUAI DE LA ),48.94516,2.3324,Plein jour,En agglomération,Hors intersection,Pluie légère,Deux véhicules - arrière,4,2,2,0,1,1,2,0,1,50,2,3,2,0,0,1,31.0,28.0,deux_roues,voiture,1,2,1,2,2
202000015924,2020-10-07 15:45:00,2020,10,7,15,45,93,93027,SALENGRO (AVENUE ROGER),48.9330935,2.3866904,Plein jour,Hors agglomération,Hors intersection,Normale,Deux véhicules - arrière,3,-1,0,0,1,1,6,6,8,50,2,7,5,0,0,2,20.0,26.0,voiture,voiture,1,1,1,1,2
202000015925,2020-10-07 11:00:00,2020,10,7,11,0,93,93066,AV DE VERDUN / R DE LA LIBERTE,48.94289,2.36636,Plein jour,En agglomération,Intersection en T,Pluie légère,Deux véhicules - côté,4,2,2,0,1,1,2,0,1,50,2,2,1,0,0,1,42.0,20.0,utilitaire_camion,voiture,1,2,3,2,3
202000015926,2020-10-09 06:30:00,2020,10,9,6,30,93,93062,BD DU MIDI / ALL NICOLAS CARNOT,48.89132,2.51525,Nuit avec éclairage allumé,En agglomération,Intersection en X,Pluie légère,Deux véhicules - côté,4,2,2,0,2,1,2,0,1,50,2,2,1,0,0,1,25.0,60.0,deux_roues,voiture,5,2,2,2,3
202000015927,2020-10-09 06:33:00,2020,10,9,6,33,93,93050,AV DU MARECHAL FOCH,48.855385,2.5257098,Nuit avec éclairage allumé,En agglomération,Hors intersection,Pluie forte,Deux véhicules - frontale,3,3,4,3,1,1,2,0,6,40,2,2,1,0,1,0,68.0,20.0,voiture,deux_roues,5,2,1,3,1
202000015928,2020-10-09 10:30:00,2020,10,9,10,30,93,93046,BD DE L'EUROPE / R DU CHATEAU,48.92471,2.54801,Plein jour,En agglomération,Intersection en X,Pluie légère,Deux véhicules - côté,3,2,4,0,1,1,2,0,1,50,2,2,1,0,0,1,80.0,21.0,voiture,voiture,1,2,2,2,3
202000015929,2020-10-09 15:00:00,2020,10,9,15,0,93,93027,VAILLANT-COUTURIER (AVENUE PAUL),48.92676,2.4169,Plein jour,En agglomération,Hors intersection,Normale,Autre collision,3,-1,4,3,1,1,1,0,5,50,1,1,0,0,0,1,,,,,1,2,1,1,6
202000015930,2020-10-09 20:30:00,2020,10,9,20,30,93,93014,JEAN MOULIN (AVENUE),48.9080729,2.5554117,Nuit avec éclairage allumé,En agglomération,Hors intersection,Normale,Autre collision,4,3,2,0,1,1,1,0,1,50,1,3,2,0,0,1,80.0,,voiture,,5,2,1,1,6
202000015931,2020-10-09 15:30:00,2020,10,9,15,30,93,93057,BRIAND ( AV. ARISTIDE) 238 A 308,48.9108474,2.5144165,Plein jour,En agglomération,Hors intersection,Normale,Trois véhicules et plus - en chaîne,3,1,0,0,1,1,1,0,1,50,3,4,3,0,0,1,72.0,29.0,voiture,deux_roues,1,2,1,1,4
202000015932,2020-10-09 09:45:00,2020,10,9,9,45,93,93001,ANDRE KARMAN (RUE)  => 136/143,48.9060521,2.3841686,Plein jour,En agglomération,Intersection en X,Pluie légère,Deux véhicules - côté,4,1,1,0,1,1,2,0,1,50,2,3,2,0,1,0,50.0,24.0,utilitaire_camion,deux_roues,1,2,2,2,3
202000015933,2020-10-09 17:49:00,2020,10,9,17,49,92,92075,RAYMOND DAVID (RUE),48.81775,2.29456,Plein jour,En agglomération,Hors intersection,Normale,Deux véhicules - frontale,3,2,2,0,1,1,1,0,1,50,2,2,1,0,1,0,53.0,40.0,deux_roues,voiture,1,2,1,1,1
202000015934,2020-10-06 19:20:00,2020,10,6,19,20,92,92063,HOPITAL STELL (BOULEVARD DE L'),48.87982,2.18552,Crépuscule ou aube,En agglomération,Intersection en T,Normale,Deux véhicules - côté,3,2,5,0,2,1,1,5,1,50,2,2,1,0,0,1,22.0,46.0,deux_roues,voiture,2,2,3,1,3
202000015935,2020-10-09 09:00:00,2020,10,9,9,0,92,92049,DORMOY AVENUE MARX N°2 A 100,48.81025,2.31283,Plein jour,En agglomération,Intersection en T,Pluie légère,Deux véhicules - côté,3,2,2,0,1,1,2,0,1,50,2,2,0,0,0,2,36.0,37.0,deux_roues,deux_roues,1,2,3,2,3
202000015936,2020-10-09 13:55:00,2020,10,9,13,55,92,92036,LOUISE MICHEL (IMPAIRS),48.921554,2.319308,Plein jour,En agglomération,Hors intersection,Normale,Deux véhicules - côté,3,2,2,0,1,1,1,0,1,50,2,3,1,0,1,1,25.0,31.0,deux_roues,voiture,1,2,1,1,3
202000015937,2020-10-08 22:30:00,2020,10,8,22,30,92,92026,GEORGES CLEMENCEAU,48.90293,2.2715,Nuit avec éclairage allumé,En agglomération,Hors intersection,Normale,Deux véhicules - côté,3,2,4,1,1,1,1,0,1,50,2,2,1,0,1,0,32.0,26.0,voiture,deux_roues,5,2,1,1,3
202000015938,2020-10-08 21:35:00,2020,10,8,21,35,92,92012,RHIN ET DANUBE (ROND POINT),48.840783,2.2289009,Nuit avec éclairage allumé,En agglomération,Giratoire,Normale,,3,1,3,1,1,2,1,0,5,50,2,1,0,0,0,1,25.0,,deux_roues,,5,2,6,1,-1
202000015939,2020-10-04 17:35:00,2020,10,4,17,35,92,92004,GRESILLONS ( AVENUE DES  ),48.9130466,2.2973429,Plein jour,En agglomération,Hors intersection,Normale,Deux véhicules - frontale,3,2,3,0,1,1,1,0,1,50,2,2,1,0,0,1,39.0,31.0,deux_roues,voiture,1,2,1,1,1
202000015940,2020-10-09 20:00:00,2020,10,9,20,0,92,92002,JEAN MONNET (AVENUE),48.747351,2.298113,Nuit avec éclairage allumé,En agglomération,Hors intersection,Normale,Deux véhicules - arrière,3,2,2,0,1,1,1,0,1,50,2,2,1,0,0,1,46.0,30.0,deux_roues,voiture,5,2,1,1,2
202000015941,2020-10-02 07:45:00,2020,10,2,7,45,35,35126,Maison Neuve,47.969611,-1.769576,Crépuscule ou aube,Hors agglomération,Hors intersection,Vent fort / tempête,Autre collision,3,2,2,0,1,1,2,0,3,70,1,1,0,0,1,0,25.0,,voiture,,2,1,1,6,6
202000015942,2020-10-08 23:45:00,2020,10,8,23,45,01,01074,6 Lotissement le Clos Bel Air,46.004083,5.173756,Nuit avec éclairage allumé,En agglomération,Intersection en T,Normale,Autre collision,3,2,2,0,1,1,1,5,8,80,1,1,0,0,1,0,28.0,,voiture,,5,2,3,1,6
202000015943,2020-10-10 19:45:00,2020,10,10,19,45,91,91414,D18,48.343899,2.054249,Nuit sans éclairage public,Hors agglomération,Hors intersection,Pluie légère,Autre collision,3,2,2,0,1,1,2,0,3,80,1,1,0,0,1,0,32.0,,voiture,,3,1,1,2,6
202000015944,2020-10-10 12:30:00,2020,10,10,12,30,83,83073,D97 - PK 47+970,43.372422,6.29692,Plein jour,Hors agglomération,Hors intersection,Normale,Deux véhicules - côté,3,2,2,0,1,1,1,0,1,80,2,2,1,0,1,0,37.0,,deux_roues,,1,1,1,1,3
202000015945,2020-10-02 10:25:00,2020,10,2,10,25,56,56071,Le Rivage D 778,47.896636,-2.635045,Plein jour,Hors agglomération,Hors intersection,Normale,Autre collision,3,2,2,0,2,2,1,0,8,-1,1,1,0,0,1,0,32.0,,voiture,,1,1,1,1,6
202000015946,2020-10-09 18:00:00,2020,10,9,18,0,56,56032,Rue du Clos Doris,47.956885,-2.297811,Plein jour,En agglomération,Intersection en T,Normale,Deux véhicules - côté,4,2,2,0,1,1,1,0,1,50,2,2,1,0,1,0,56.0,9.0,voiture,deux_roues,1,2,3,1,3
202000015947,2020-10-09 14:30:00,2020,10,9,14,30,76,76482,rond point du collège offranville,49.869245,1.038482,Plein jour,En agglomération,Giratoire,Normale,Deux véhicules - côté,3,-1,1,0,1,2,1,0,1,50,2,2,1,0,1,0,69.0,55.0,voiture,deux_roues,1,2,6,1,3
202000015948,2020-10-10 13:20:00,2020,10,10,13,20,2A,2A323,RT 20,42.022634,8.899822,Plein jour,Hors agglomération,Hors intersection,Normale,Trois véhicules et plus - collisions multiples,2,2,2,0,1,1,1,0,1,80,3,7,1,0,6,0,63.0,34.0,voiture,voiture,1,1,1,1,5
202000015949,2020-10-10 00:10:00,2020,10,10,0,10,63,63044,Lieu-dit Mouraille,45.7266272,3.4190816,Nuit sans éclairage public,Hors agglomération,Hors intersection,Normale,Sans collision,3,2,2,0,2,4,1,0,1,80,1,3,1,0,1,1,18.0,,voiture,,3,1,1,1,7
202000015950,2020-10-10 01:00:00,2020,10,10,1,0,61,61456,Lieu Dit les Haies,48.777154,0.648365,Nuit avec éclairage allumé,En agglomération,Hors intersection,Normale,Autre collision,3,2,2,0,1,1,1,0,3,50,1,2,0,0,0,2,18.0,,voiture,,5,2,1,1,6
202000015951,2020-10-10 11:20:00,2020,10,10,11,20,61,61293,Rue Ferdinand de Boyères,48.523267,0.539703,Plein jour,En agglomération,Intersection en Y,Temps éblouissant,Autre collision,3,2,2,-1,1,1,1,0,1,50,1,2,1,0,1,0,87.0,,voiture,,1,2,4,7,6
202000015952,2020-10-07 20:15:00,2020,10,7,20,15,49,49331,La Renaissance (Zone commerciale),47.697206,-0.870071,Nuit sans éclairage public,Hors agglomération,Giratoire,Normale,Deux véhicules - côté,3,3,4,0,1,3,1,5,1,-1,2,2,1,0,0,1,40.0,22.0,voiture,voiture,3,1,6,1,3
202000015953,2020-10-09 12:18:00,2020,10,9,12,18,49,49154,D276,47.3291361,-0.3629721,Plein jour,Hors agglomération,Hors intersection,Pluie légère,Autre collision,3,2,2,0,2,2,2,0,3,80,1,1,0,0,0,1,25.0,,voiture,,1,1,1,2,6
202000015954,2020-10-09 20:20:00,2020,10,9,20,20,39,39189,,47.074418,5.373913,Nuit sans éclairage public,Hors agglomération,Hors intersection,Normale,Sans collision,3,2,2,0,1,2,1,0,1,80,1,1,0,1,0,0,31.0,,deux_roues,,3,1,1,1,7
202000015955,2020-10-04 12:44:00,2020,10,4,12,44,29,29235,D165 - Trémie de Kergleuz,48.398982,-4.410957,Plein jour,Hors agglomération,Hors intersection,Normale,Autre collision,3,3,2,0,1,2,1,0,1,90,1,1,0,0,1,0,51.0,,voiture,,1,1,1,1,6
202000015956,2020-10-10 16:30:00,2020,10,10,16,30,14,14445,D 13,49.18534,-0.855496,Plein jour,Hors agglomération,Hors intersection,Normale,Autre collision,3,2,2,0,2,3,1,0,1,80,1,1,0,1,0,0,24.0,,deux_roues,,1,1,1,1,6
202000015957,2020-10-10 16:15:00,2020,10,10,16,15,50,50370,Rue du Bourg,49.419695,-1.547479,Plein jour,En agglomération,Hors intersection,Normale,Deux véhicules - côté,3,2,2,0,1,1,1,0,1,50,2,2,1,0,1,0,19.0,42.0,voiture,deux_roues,1,2,1,1,3
202000015958,2020-10-10 12:10:00,2020,10,10,12,10,83,83028,Route Departementale 562,43.574021,6.563714,Plein jour,Hors agglomération,Hors intersection,Normale,,3,2,2,0,1,1,1,0,1,80,3,3,1,0,2,0,48.0,48.0,deux_roues,deux_roues,1,1,1,1,-1
202000015959,2020-08-17 15:35:00,2020,8,17,15,35,60,60187,Rue de Saint-leu,49.44467,1.821284,Plein jour,En agglomération,Hors intersection,Normale,Autre collision,2,2,2,0,1,1,1,0,1,70,1,3,1,0,0,2,43.0,,utilitaire_camion,,1,2,1,1,6
202000015960,2020-10-09 22:30:00,2020,10,9,22,30,43,43018,Route de Vergezac,45.012511,3.770295,Nuit sans éclairage public,Hors agglomération,Hors intersection,Pluie légère,Sans collision,3,2,2,0,2,1,2,0,3,80,1,5,0,0,1,4,21.0,,voiture,,3,1,1,2,7
202000015961,2020-10-09 22:15:00,2020,10,9,22,15,21,21663,D905,47.536395,4.463303,Nuit avec éclairage allumé,En agglomération,Giratoire,Pluie légère,Autre collision,3,2,2,0,1,1,2,5,8,50,1,1,0,0,1,0,26.0,,voiture,,5,2,6,2,6
202000015962,2020-10-10 18:10:00,2020,10,10,18,10,04,04130,RD 951,44.065186,5.879338,Crépuscule ou aube,Hors agglomération,Hors intersection,Normale,Sans collision,3,2,2,0,2,4,1,0,3,80,1,1,0,0,1,0,27.0,,deux_roues,,2,1,1,1,7
202000015963,2020-10-09 18:00:00,2020,10,9,18,0,08,08417,11 Grande Rue,49.887892,4.495275,Plein jour,En agglomération,Intersection en Y,Normale,Deux véhicules - frontale,3,2,2,0,1,1,1,0,1,50,2,2,1,0,1,0,20.0,20.0,voiture,utilitaire_camion,1,2,4,1,1
202000015964,2020-10-10 00:25:00,2020,10,10,0,25,13,13051,D15,43.605039,5.135164,Nuit sans éclairage public,Hors agglomération,Hors intersection,Normale,Deux véhicules - frontale,3,2,2,0,1,1,1,0,1,80,2,1,0,0,0,1,32.0,,deux_roues,,3,1,1,1,1
202000015965,2020-10-10 15:00:00,2020,10,10,15,0,973,97309,D23,4.890776,-52.288184,Plein jour,Hors agglomération,Hors intersection,Normale,Deux véhicules - côté,3,2,2,0,1,1,1,0,1,80,2,2,1,0,1,0,36.0,37.0,voiture,deux_roues,1,1,1,1,3
202000015966,2020-10-09 20:35:00,2020,10,9,20,35,69,69244,Avenue du 11 Novembre 1918,45.764054,4.76024,Nuit avec éclairage allumé,En agglomération,Intersection en X,Normale,Deux véhicules - frontale,4,2,2,0,1,1,1,0,1,50,2,2,0,0,1,1,53.0,19.0,deux_roues,voiture,5,2,2,1,1
202000015967,2020-10-09 10:00:00,2020,10,9,10,0,33,33122,Route de Saucats,44.719299,-0.740778,Plein jour,Hors agglomération,Intersection en X,Normale,Deux véhicules - côté,1,1,1,0,1,1,1,3,8,70,2,2,1,0,0,1,43.0,38.0,deux_roues,utilitaire_camion,1,1,2,1,3
202000015968,2020-10-10 18:30:00,2020,10,10,18,30,41,41071,D33,47.64281,1.604712,Plein jour,Hors agglomération,Autre intersection,Normale,Deux véhicules - côté,3,2,2,0,1,2,1,0,1,80,2,2,1,0,1,0,51.0,52.0,deux_roues,voiture,1,1,9,1,3
202000015969,2020-10-10 04:05:00,2020,10,10,4,5,77,77448,Avenue Franklin Roosevelt - D603,48.944102,3.115584,Nuit avec éclairage allumé,En agglomération,Hors intersection,Normale,Autre collision,3,2,1,0,3,1,1,0,1,50,1,1,0,0,0,1,29.0,,utilitaire_camion,,5,2,1,1,6