accident_id,datetime,annee,mois,jour,heure,minute,departement,commune_insee,adresse,latitude,longitude,luminosite,agglomeration,intersection,meteo,collision,catr,circ,nbv,vosp,prof,plan,surf,infra,situ,vma,nb_vehicules,nb_usagers,nb_indemnes,nb_tues,nb_blesses_hosp,nb_blesses_legers,age_cond_1,age_cond_2,veh_type_cond_1,veh_type_cond_2,lum_code,agg_code,int_code,atm_code,col_code
202000015970,2020-10-07 10:35:00,2020,10,7,10,35,34,34199,Cours Jean Jaures,43.460598,3.421592,Plein jour,En agglomération,Hors intersection,Normale,Autre collision,4,1,1,0,1,1,1,0,1,20,1,2,1,1,0,0,37.0,,voiture,,1,2,1,1,6
202000015971,2020-10-10 12:00:00,2020,10,10,12,0,83,83035,Route des Hauts du Camp,43.244843,5.794773,Plein jour,Hors agglomération,Hors intersection,Normale,Sans collision,3,2,2,0,2,4,1,0,1,80,1,1,0,0,1,0,47.0,,deux_roues,,1,1,1,1,7
202000015972,2020-10-07 07:45:00,2020,10,7,7,45,54,54043,D331,48.58011,6.098934,Plein jour,Hors agglomération,Hors intersection,Pluie légère,Deux véhicules - côté,3,2,3,0,1,1,2,0,1,80,2,2,1,0,0,1,53.0,50.0,utilitaire_camion,utilitaire_camion,1,1,1,2,3
202000015973,2020-10-09 17:45:00,2020,10,9,17,45,07,07259,route de saint martin,44.303938,4.611323,Plein jour,En agglomération,Intersection en X,Normale,Deux véhicules - côté,4,2,2,0,1,1,1,0,1,50,2,3,2,0,1,0,51.0,55.0,voiture,deux_roues,1,2,2,1,3
202000015974,2020-10-08 13:56:00,2020,10,8,13,56,69,69227,Impasse du Chier,45.6597236,4.5659056,Plein jour,Hors agglomération,Hors intersection,Normale,,3,2,2,0,2,1,1,5,1,80,2,2,1,0,1,0,47.0,48.0,utilitaire_camion,deux_roues,1,1,1,1,-1
202000015975,2020-09-03 18:50:00,2020,9,3,18,50,33,33056,3 Avenue du Général de Gaulle,44.909174,-0.638532,Plein jour,En agglomération,Intersection en X,Normale,Deux véhicules - côté,4,2,4,2,1,1,1,0,1,30,2,2,1,0,1,0,34.0,66.0,voiture,deux_roues,1,2,2,1,3
202000015976,2020-12-23 11:15:00,2020,12,23,11,15,83,83137,A50,43.12506,5.90625,Plein jour,Hors agglomération,Hors intersection,Normale,Trois véhicules et plus - collisions multiples,1,3,8,0,1,1,1,3,1,90,3,4,2,0,0,2,21.0,59.0,voiture,utilitaire_camion,1,1,1,1,5
202000015977,2020-12-23 05:00:00,2020,12,23,5,0,67,67152,Autoroute A.35,48.5267245,7.6768024,Nuit sans éclairage public,Hors agglomération,Hors intersection,Autre,Deux véhicules - arrière,1,1,2,0,1,1,2,0,1,90,2,3,2,0,0,1,38.0,21.0,voiture,utilitaire_camion,3,1,1,9,2
202000015978,2020-12-24 11:05:00,2020,12,24,11,5,33,33063,ROCADE A 630,44.879099,-0.533132,Plein jour,Hors agglomération,Hors intersection,Normale,Trois véhicules et plus - en chaîne,1,3,6,0,2,1,1,2,1,70,3,5,3,0,0,2,29.0,47.0,voiture,voiture,1,1,1,1,4
202000015979,2020-12-24 15:25:00,2020,12,24,15,25,91,91570,RN 104,48.62493,2.31689,Plein jour,Hors agglomération,Hors intersection,Normale,Deux véhicules - côté,2,3,4,0,1,1,2,0,1,90,2,2,1,0,0,1,30.0,26.0,utilitaire_camion,deux_roues,1,1,1,1,3
202000015980,2020-12-24 03:50:00,2020,12,24,3,50,94,94034,AUTOROUTE A86,48.75647,2.33283,Nuit avec éclairage allumé,Hors agglomération,Hors intersection,Pluie légère,Autre collision,1,1,3,0,1,1,2,0,1,90,1,1,0,0,0,1,19.0,,voiture,,5,1,1,2,6
202000015981,2020-12-23 21:34:00,2020,12,23,21,34,91,91521,RN 104,48.62856,2.400027,Nuit sans éclairage public,Hors agglomération,Hors intersection,Normale,Sans collision,2,1,2,0,2,3,1,3,1,50,1,2,0,0,0,2,54.0,,voiture,,3,1,1,1,7
202000015982,2020-12-24 16:45:00,2020,12,24,16,45,78,78133,A13,48.891171,2.009423,Nuit sans éclairage public,Hors agglomération,Hors intersection,Pluie légère,Trois véhicules et plus - en chaîne,1,3,2,0,2,1,2,0,1,110,3,3,1,0,0,2,26.0,44.0,voiture,voiture,3,1,1,2,4
202000015983,2020-12-24 16:00:00,2020,12,24,16,0,92,92036,A86,48.9357321,2.2870848,Plein jour,Hors agglomération,Hors intersection,Pluie légère,Deux véhicules - arrière,1,1,3,0,1,1,2,0,1,90,2,7,6,0,0,1,50.0,21.0,voiture,utilitaire_camion,1,1,1,2,2
202000015984,2020-12-24 17:50:00,2020,12,24,17,50,95,95256, A115,49.05703,2.20671,Crépuscule ou aube,Hors agglomération,Hors intersection,Normale,Autre collision,1,3,6,0,1,2,1,0,1,70,1,2,0,0,0,2,22.0,,voiture,,2,1,1,1,6
202000015985,2020-12-24 17:45:00,2020,12,24,17,45,93,93066,AUTOROUTE A86,48.9236,2.3426,Nuit sans éclairage public,Hors agglomération,Hors intersection,Pluie légère,Trois véhicules et plus - en chaîne,1,3,8,0,1,1,2,0,1,90,4,6,3,0,0,3,19.0,57.0,voiture,voiture,3,1,1,2,4
202000015986,2020-12-24 09:15:00,2020,12,24,9,15,95,95394, A115,49.05085,2.1816,Crépuscule ou aube,Hors agglomération,Hors intersection,Normale,Autre collision,1,3,4,0,2,2,1,0,1,70,1,1,0,0,0,1,21.0,,voiture,,2,1,1,1,6
202000015987,2020-12-23 23:15:00,2020,12,23,23,15,93,93048,AUTOROUTE A86,48.86468,2.48222,Nuit sans éclairage public,Hors agglomération,Hors intersection,Normale,Deux véhicules - arrière,1,3,6,0,2,1,1,0,1,90,2,2,1,0,0,1,54.0,31.0,utilitaire_camion,utilitaire_camion,3,1,1,1,2
202000015988,2020-12-23 22:10:00,2020,12,23,22,10,95,95491, A115,49.0099106,2.2314543,Nuit sans éclairage public,Hors agglomération,Hors intersection,Normale,Deux véhicules - arrière,1,3,6,0,1,1,1,0,1,90,2,2,1,0,0,1,60.0,31.0,voiture,voiture,3,1,1,1,2
202000015989,2020-12-23 12:30:00,2020,12,23,12,30,93,93064,AUTOROUTE A86,48.88252,2.47297,Plein jour,Hors agglomération,Hors intersection,Pluie légère,Trois véhicules et plus - en chaîne,1,3,6,0,1,1,2,0,1,90,5,6,5,0,0,1,28.0,37.0,utilitaire_camion,utilitaire_camion,1,1,1,2,4
202000015990,2020-12-23 11:45:00,2020,12,23,11,45,92,92036,AUTOROUTE A86,48.9389,2.30552,Plein jour,Hors agglomération,Hors intersection,Temps couvert,,1,3,7,0,1,1,2,0,1,90,2,1,0,0,0,1,41.0,,deux_roues,,1,1,1,8,-1
202000015991,2020-12-24 18:45:00,2020,12,24,18,45,94,94022,A86 EXT,48.7763756,2.4214019,Nuit sans éclairage public,Hors agglomération,Hors intersection,Normale,Trois véhicules et plus - en chaîne,1,-1,6,0,1,1,2,0,1,90,3,3,2,0,0,1,22.0,75.0,voiture,voiture,3,1,1,1,4
202000015992,2020-12-24 16:40:00,2020,12,24,16,40,77,77373,RN104,48.7625,2.61586,Plein jour,Hors agglomération,Hors intersection,Pluie légère,Sans collision,2,3,4,0,1,3,2,0,1,110,1,2,0,0,0,2,28.0,,voiture,,1,1,1,2,7
202000015993,2020-09-06 19:50:00,2020,9,6,19,50,69,69275,BERTHAUDIERE (DE LA)                (CH),45.77266,4.9689,Plein jour,En agglomération,Hors intersection,Normale,Autre collision,4,1,1,0,1,1,1,0,1,50,1,3,1,0,0,2,15.0,,voiture,,1,2,1,1,6
202000015994,2020-10-24 21:10:00,2020,10,24,21,10,59,59350,REPUBLIQUE PLACE DE LA,50.63172,3.06157,Nuit avec éclairage allumé,En agglomération,Intersection en T,Normale,,4,2,2,1,1,1,1,0,1,50,2,2,1,0,0,1,56.0,35.0,voiture,deux_roues,5,2,3,1,-1
202000015995,2020-07-27 22:55:00,2020,7,27,22,55,94,94079,GENERAL DE GAULLE (R DU),48.82672,2.54022,Nuit avec éclairage allumé,En agglomération,Hors intersection,Normale,Deux véhicules - côté,4,-1,0,0,1,1,1,9,1,50,2,3,2,0,0,1,53.0,19.0,deux_roues,voiture,5,2,1,1,3
202000015996,2020-12-23 15:45:00,2020,12,23,15,45,974,97411,VAUBAN (BOULEVARD),-20.88601,55.46451,Plein jour,En agglomération,Hors intersection,Normale,Autre collision,4,1,1,0,1,1,1,0,1,50,1,2,1,0,1,0,19.0,,voiture,,1,2,1,1,6
202000015997,2020-12-22 20:00:00,2020,12,22,20,0,974,97411,MACE (BOULEVARD GABRIEL),-20.87526,55.44552,Nuit avec éclairage allumé,En agglomération,Autre intersection,Normale,Deux véhicules - côté,2,2,3,0,1,1,1,0,1,50,2,2,1,0,0,1,50.0,29.0,voiture,voiture,5,2,9,1,3
202000015998,2020-12-23 15:23:00,2020,12,23,15,23,973,97302,14 ET 22 JUIN 1962,4.93555,-52.32752,Plein jour,En agglomération,Hors intersection,Normale,Deux véhicules - côté,4,2,2,0,1,1,1,0,1,50,2,1,0,0,0,1,32.0,,voiture,,1,2,1,1,3
202000015999,2020-12-23 11:20:00,2020,12,23,11,20,973,97302,CESAIRE (CITE),4.93014,-52.32215,Plein jour,En agglomération,Autre intersection,Normale,Deux véhicules - côté,4,2,2,0,1,1,1,2,1,50,2,2,1,0,0,1,53.0,31.0,utilitaire_camion,utilitaire_camion,1,2,9,1,3
202000016000,2020-12-23 00:10:00,2020,12,23,0,10,973,97302,COULEE D'OR (CITE),4.9420961,-52.3076356,Nuit avec éclairage allumé,En agglomération,Hors intersection,Normale,Sans collision,4,2,2,0,1,1,1,0,3,50,1,1,0,0,0,1,20.0,,utilitaire_camion,,5,2,1,1,7
202000016001,2020-12-23 18:10:00,2020,12,23,18,10,69,69387,BERTHELOT                           (AV),45.7412855,4.8540678,Nuit avec éclairage allumé,En agglomération,Hors intersection,Normale,Deux véhicules - côté,4,1,2,0,1,1,1,0,4,50,2,3,2,0,0,1,33.0,26.0,deux_roues,voiture,5,2,1,1,3
202000016002,2020-12-23 12:50:00,2020,12,23,12,50,69,69199,CARNOT                              (R ),45.708021,4.85983,Plein jour,En agglomération,Intersection en T,Normale,Deux véhicules - côté,4,-1,2,2,1,1,1,0,1,50,2,2,1,0,0,1,29.0,49.0,deux_roues,voiture,1,2,3,1,3
202000016003,2020-12-23 11:40:00,2020,12,23,11,40,69,69199,JEAN JAURES                         (AV),45.7123751,4.8550612,Plein jour,En agglomération,Hors intersection,Normale,Deux véhicules - côté,4,2,0,0,1,1,1,0,1,50,2,2,1,0,0,1,35.0,67.0,utilitaire_camion,voiture,1,2,1,1,3
202000016004,2020-12-23 17:45:00,2020,12,23,17,45,972,97213,AUTOROUTE A1,14.61834,-61.02716,Nuit avec éclairage allumé,En agglomération,Hors intersection,Normale,Trois véhicules et plus - en chaîne,1,1,3,0,2,1,1,0,1,90,4,6,2,0,2,2,21.0,61.0,voiture,utilitaire_camion,5,2,1,1,4
202000016005,2020-12-22 17:00:00,2020,12,22,17,0,69,69034,CREPIEUX (DE)                       (CH),45.8014457,4.862861,Crépuscule ou aube,En agglomération,Intersection en X,Normale,Deux véhicules - côté,4,2,2,0,1,1,1,0,1,50,2,2,1,0,1,0,12.0,49.0,deux_roues,voiture,2,2,2,1,3
202000016006,2020-12-23 13:10:00,2020,12,23,13,10,69,69384,HERBOUVILLE (D')                    (CO),45.7762893,4.8396053,Plein jour,En agglomération,Hors intersection,Normale,Deux véhicules - arrière,4,1,3,0,1,1,1,0,1,50,2,2,1,0,0,1,28.0,51.0,voiture,voiture,1,2,1,1,2
202000016007,2020-12-23 00:10:00,2020,12,23,0,10,69,69202,AQUEDUC DE BEAUNANT (DE L')         (AV),45.72239,4.78599,Nuit avec éclairage allumé,En agglomération,Hors intersection,Normale,Autre collision,4,2,2,0,1,2,1,0,4,50,1,2,0,0,0,2,,,,,5,2,1,1,6
202000016008,2020-12-22 17:40:00,2020,12,22,17,40,95,95218,AMBASSADEUR (RUE DE L'),49.01286,2.0918,Nuit avec éclairage allumé,En agglomération,Hors intersection,Temps couvert,Autre collision,3,2,2,0,1,1,1,0,1,50,1,2,1,0,1,0,53.0,,utilitaire_camion,,5,2,1,8,6
202000016009,2020-12-23 16:30:00,2020,12,23,16,30,91,91645,BRETELLE SORTIE A 86,48.760412,2.254256,Nuit avec éclairage allumé,Hors agglomération,Hors intersection,Temps couvert,Deux véhicules - arrière,2,1,2,0,1,1,1,0,1,90,2,2,1,0,0,1,40.0,69.0,utilitaire_camion,utilitaire_camion,5,1,1,8,2
202000016010,2020-12-23 07:15:00,2020,12,23,7,15,91,91027,RUE EDOUARD VAILLANT,48.708387,2.398297,Nuit avec éclairage allumé,En agglomération,Hors intersection,Pluie forte,Autre collision,3,2,3,0,1,1,2,0,1,50,1,5,4,0,0,1,60.0,,voiture,,5,2,1,3,6
202000016011,2020-12-19 14:40:00,2020,12,19,14,40,81,81004,ROCADE RN88 NORD,43.9484887,2.1590634,Plein jour,Hors agglomération,Hors intersection,Normale,Autre collision,2,1,2,0,1,1,1,0,1,90,1,1,0,0,1,0,24.0,,deux_roues,,1,1,1,1,6
202000016012,2020-12-20 00:30:00,2020,12,20,0,30,76,76231,HENRI. RUE,49.29075,1.00814,Nuit avec éclairage allumé,En agglomération,Intersection en X,Normale,Deux véhicules - côté,4,2,2,0,1,1,1,0,1,50,2,3,1,0,1,1,20.0,19.0,voiture,deux_roues,5,2,2,1,3
202000016013,2020-12-22 15:45:00,2020,12,22,15,45,76,76540,NANSEN. RUE FRIDTJOF,49.4472,1.06087,Plein jour,En agglomération,Intersection en X,Pluie forte,Trois véhicules et plus - collisions multiples,2,1,3,0,4,3,2,3,1,50,3,7,4,0,1,2,37.0,27.0,voiture,voiture,1,2,2,3,5
202000016014,2020-12-23 18:15:00,2020,12,23,18,15,74,74118,SAINT-JULIEN (ROUTE DE),46.1752,6.2213,Nuit avec éclairage allumé,En agglomération,Hors intersection,Pluie légère,Deux véhicules - frontale,3,-1,1,0,1,1,2,0,1,50,2,2,1,0,0,1,15.0,36.0,deux_roues,voiture,5,2,1,2,1
202000016015,2020-12-22 18:30:00,2020,12,22,18,30,67,67043,ROBERTSAU (RUE DE LA),48.6133,7.763761,Nuit avec éclairage allumé,En agglomération,Intersection en T,Pluie légère,Deux véhicules - côté,7,3,4,1,1,1,2,0,1,50,2,3,2,0,1,0,17.0,18.0,deux_roues,utilitaire_camion,5,2,3,2,3
202000016016,2020-12-21 18:25:00,2020,12,21,18,25,64,64102,LORRAINE (BOULEVARD D'ALSACE),43.49178,-1.46432,Nuit avec éclairage allumé,En agglomération,Hors intersection,Normale,Autre collision,4,2,2,0,1,1,1,0,1,50,1,3,1,0,1,1,63.0,,voiture,,5,2,1,1,6
202000016017,2020-12-22 10:47:00,2020,12,22,10,47,59,59508,HALLUIN (BOULEVARD D'),50.7365672,3.1325465,Plein jour,En agglomération,Autre intersection,Pluie légère,Autre collision,7,2,2,0,1,1,2,9,1,30,1,2,1,0,0,1,48.0,,voiture,,1,2,9,2,6
202000016018,2020-12-23 16:15:00,2020,12,23,16,15,59,59378,MEUNIER RUE,50.6752886,3.0832073,Plein jour,En agglomération,Hors intersection,Normale,Autre collision,7,2,2,0,1,1,2,0,1,50,1,2,1,0,0,1,36.0,,voiture,,1,2,1,1,6
202000016019,2020-12-23 07:10:00,2020,12,23,7,10,59,59350,LEGRAND PIERRE RUE,50.6324,3.08929,Nuit avec éclairage allumé,En agglomération,Hors intersection,Pluie légère,Deux véhicules - arrière,4,1,2,0,1,1,2,0,1,50,2,2,1,0,1,0,68.0,20.0,voiture,deux_roues,5,2,1,2,2
202000016020,2020-12-23 16:35:00,2020,12,23,16,35,54,54431,Camille CAVALIER (AVENUE ),48.89858,6.05122,Crépuscule ou aube,En agglomération,Intersection en Y,Pluie forte,Autre collision,3,2,1,1,1,1,2,6,1,50,1,2,1,0,0,1,76.0,,voiture,,2,2,4,3,6
202000016021,2020-12-23 07:40:00,2020,12,23,7,40,54,54273,PATTON (AVENUE),49.1614,5.87278,Nuit sans éclairage public,En agglomération,Hors intersection,Pluie légère,Autre collision,3,2,2,0,1,1,2,0,1,50,1,2,1,0,0,1,73.0,,voiture,,3,2,1,2,6
202000016022,2020-12-22 19:35:00,2020,12,22,19,35,52,52251,R.N.19 NORD,48.12792,5.1078,Crépuscule ou aube,Hors agglomération,Hors intersection,Normale,Sans collision,3,1,1,0,1,1,1,0,1,90,1,1,0,0,1,0,59.0,,voiture,,2,1,1,1,7
202000016023,2020-12-23 10:20:00,2020,12,23,10,20,51,51454,Avenue Jean Jaurès,49.2616246,4.0509626,Plein jour,En agglomération,Intersection en T,Pluie forte,Sans collision,4,1,1,0,1,1,2,0,1,20,1,2,1,0,0,1,49.0,,voiture,,1,2,3,3,7
202000016024,2020-12-22 09:56:00,2020,12,22,9,56,50,50502,DE GAULLE (Place du Général),49.11571,-1.091,Plein jour,En agglomération,Autre intersection,Pluie légère,Autre collision,9,-1,1,0,1,1,2,0,1,30,1,2,1,0,0,1,61.0,,voiture,,1,2,9,2,6
202000016025,2020-12-23 18:25:00,2020,12,23,18,25,49,49007,TALET AVENUE,47.47548,-0.54848,Nuit avec éclairage allumé,En agglomération,Hors intersection,Normale,Deux véhicules - côté,4,-1,2,0,1,1,1,0,1,50,2,2,1,0,0,1,81.0,59.0,autre,voiture,5,2,1,1,3
202000016026,2020-12-23 09:00:00,2020,12,23,9,0,45,45234,Boulevard de Chateaudun-rue de Loigny,47.90859,1.89178,Plein jour,En agglomération,Intersection en X,Temps couvert,Deux véhicules - frontale,4,4,3,0,1,1,2,0,1,50,2,2,1,0,0,1,26.0,46.0,deux_roues,voiture,1,2,2,8,1
202000016027,2020-12-20 16:31:00,2020,12,20,16,31,42,42187,Avenue de Paris,46.04797,4.06869,Plein jour,En agglomération,Giratoire,Normale,Deux véhicules - côté,3,2,1,0,1,2,1,0,1,50,2,2,0,0,0,2,44.0,19.0,voiture,voiture,1,2,6,1,3
202000016028,2020-12-23 05:55:00,2020,12,23,5,55,42,42187,Avenue de Paris,46.04797,4.06869,Nuit avec éclairage allumé,En agglomération,Giratoire,Normale,Deux véhicules - côté,3,1,1,0,1,1,1,5,1,50,2,1,0,0,0,1,54.0,,deux_roues,,5,2,6,1,3
202000016029,2020-12-23 18:16:00,2020,12,23,18,16,37,37261,MAGINOT (AV. ANDRE),47.4244442,0.6991305,Nuit avec éclairage allumé,En agglomération,Hors intersection,Normale,Trois véhicules et plus - en chaîne,3,2,4,0,1,1,1,0,1,50,3,4,3,0,0,1,60.0,27.0,voiture,voiture,5,2,1,1,4
202000016030,2020-12-23 13:28:00,2020,12,23,13,28,37,37195,PROUDHON (AVENUE),47.3871985,0.6507844,Plein jour,En agglomération,Hors intersection,Temps couvert,Sans collision,4,3,2,0,2,2,2,0,1,50,1,1,0,0,0,1,43.0,,voiture,,1,2,1,8,7
202000016031,2020-12-23 09:14:00,2020,12,23,9,14,37,37195,PARMENTIERE (RUE DE LA),47.3799027,0.6638557,Plein jour,En agglomération,Hors intersection,Pluie légère,Autre collision,4,2,2,0,1,1,2,0,1,30,1,2,1,0,0,1,53.0,,voiture,,1,2,1,2,6
202000016032,2020-12-23 16:00:00,2020,12,23,16,0,35,35238,Avenue Germaine Dulac,48.134193,-1.696862,Plein jour,En agglomération,Intersection en T,Pluie légère,Deux véhicules - frontale,4,2,2,0,2,1,2,0,1,30,2,2,1,0,0,1,43.0,25.0,voiture,deux_roues,1,2,3,2,1
202000016033,2020-12-22 10:00:00,2020,12,22,10,0,34,34032,RIVETTI ROBERT (RUE),43.34479,3.24077,Plein jour,En agglomération,Hors intersection,Normale,Autre collision,6,-1,-1,0,1,1,1,0,1,30,1,2,1,0,0,1,41.0,,voiture,,1,2,1,1,6
202000016034,2020-12-23 20:05:00,2020,12,23,20,5,33,33249,QUAI FRANCAIS,44.88877,-0.5297,Nuit sans éclairage public,En agglomération,Giratoire,Pluie légère,Autre collision,4,2,2,0,1,1,2,0,1,50,1,1,0,0,1,0,37.0,,voiture,,3,2,6,2,6
202000016035,2020-12-23 14:00:00,2020,12,23,14,0,33,33281,AVE DE LA MARNE,44.83266,-0.64674,Plein jour,En agglomération,Autre intersection,Pluie légère,Deux véhicules - côté,4,3,6,2,1,1,2,0,1,50,2,2,1,0,0,1,33.0,32.0,deux_roues,voiture,1,2,9,2,3
202000016036,2020-12-23 15:20:00,2020,12,23,15,20,33,33032,AVE LAMARTINE,44.90453,-0.51505,Plein jour,En agglomération,Intersection en X,Pluie légère,Deux véhicules - frontale,4,2,2,0,1,1,2,0,1,50,2,2,1,0,0,1,18.0,18.0,utilitaire_camion,deux_roues,1,2,2,2,1
202000016037,2020-12-23 08:50:00,2020,12,23,8,50,33,33550,AVE PIERRE PROUDHON,44.78466,-0.58617,Plein jour,En agglomération,Intersection en X,Normale,Deux véhicules - côté,4,2,5,3,1,1,1,0,1,50,2,2,1,0,0,1,27.0,29.0,deux_roues,voiture,1,2,2,1,3
202000016038,2020-12-22 15:30:00,2020,12,22,15,30,33,33063,AVE DE NONTRASTE,44.87741,-0.56461,Plein jour,En agglomération,Hors intersection,Temps couvert,Deux véhicules - arrière,4,2,2,0,2,1,1,2,1,50,2,2,1,0,0,1,31.0,25.0,voiture,deux_roues,1,2,1,8,2
202000016039,2020-12-23 12:10:00,2020,12,23,12,10,31,31555,RUE HENRI DESBALS,43.58191,1.41389,Plein jour,En agglomération,Hors intersection,Normale,Deux véhicules - frontale,4,2,2,0,1,1,9,0,1,50,2,3,2,0,0,1,27.0,23.0,deux_roues,voiture,1,2,1,1,1
202000016040,2020-12-22 11:00:00,2020,12,22,11,0,31,31557,AV JEAN JAURES,43.58868,1.35979,Plein jour,En agglomération,Hors intersection,Normale,Trois véhicules et plus - en chaîne,3,3,4,0,1,1,2,0,1,50,3,4,3,0,0,1,42.0,65.0,voiture,voiture,1,2,1,1,4
202000016041,2020-12-23 19:45:00,2020,12,23,19,45,29,29019,Rue de l’Eglise,48.382135,-4.498919,Nuit avec éclairage allumé,En agglomération,Intersection en X,Normale,Deux véhicules - frontale,4,2,2,0,3,1,2,9,1,50,2,2,1,0,0,1,28.0,21.0,voiture,deux_roues,5,2,2,1,1
202000016042,2020-12-22 20:23:00,2020,12,22,20,23,29,29019,Rue Pierre Brossolette,48.38422,-4.49331,Nuit avec éclairage allumé,En agglomération,Hors intersection,Normale,Autre collision,4,2,0,0,1,1,2,0,1,50,1,2,1,0,0,1,21.0,,voiture,,5,2,1,1,6
202000016043,2020-12-22 15:30:00,2020,12,22,15,30,29,29019,Rue de la Porte,48.384217,-4.5008184,Plein jour,En agglomération,Passage à niveau,Normale,Deux véhicules - côté,4,3,2,3,2,1,1,4,6,50,2,4,2,0,0,2,32.0,50.0,transport_commun,voiture,1,2,8,1,3
202000016044,2020-12-21 18:50:00,2020,12,21,18,50,28,28404,LIBERTE (AVENUE DE LA),48.73795,1.33323,Nuit avec éclairage allumé,En agglomération,Hors intersection,Pluie légère,Deux véhicules - arrière,4,2,2,0,1,1,2,0,1,50,2,2,1,0,0,1,17.0,31.0,autre,utilitaire_camion,5,2,1,2,2
202000016045,2020-12-23 12:00:00,2020,12,23,12,0,25,25056,ALLENDE  BOULEVARD SALVADOR,47.2196,5.97571,Plein jour,En agglomération,Intersection en Y,Normale,Deux véhicules - côté,4,-1,2,3,1,1,1,5,1,50,2,3,2,0,0,1,35.0,55.0,voiture,transport_commun,1,2,4,1,3
202000016046,2020-12-23 09:28:00,2020,12,23,9,28,17,17300,JOFFRE   BOULEVARD (1-25),46.16006,-1.14093,Plein jour,En agglomération,Hors intersection,Pluie légère,Deux véhicules - côté,4,2,1,2,1,1,2,0,1,30,2,2,1,0,0,1,26.0,30.0,deux_roues,voiture,1,2,1,2,3
202000016047,2020-12-22 13:15:00,2020,12,22,13,15,14,14118,CLEMENCEAU (AVENUE GEORGES),49.19234,-0.33788,Plein jour,En agglomération,Hors intersection,Normale,Deux véhicules - arrière,4,2,2,0,1,1,1,0,1,50,2,2,1,0,0,1,39.0,45.0,voiture,voiture,1,2,1,1,2
202000016048,2020-12-23 21:00:00,2020,12,23,21,0,13,13208,JOSEPH VIDAL (AVENUE),43.25155,5.37784,Nuit avec éclairage allumé,Hors agglomération,Hors intersection,Pluie légère,Sans collision,4,-1,1,0,1,2,2,0,1,50,1,1,0,0,0,1,38.0,,deux_roues,,5,1,1,2,7
202000016049,2020-12-23 17:15:00,2020,12,23,17,15,13,13210,ANDRE BARDON (rue),43.28518,5.42576,Crépuscule ou aube,En agglomération,Autre intersection,Temps couvert,Deux véhicules - côté,4,1,4,0,1,1,2,5,1,50,2,2,1,0,0,1,21.0,45.0,voiture,deux_roues,2,2,9,8,3
202000016050,2020-12-23 12:53:00,2020,12,23,12,53,13,13216,ANTOINE SARTORIO (ROND POINT),43.36201,5.3453,Plein jour,En agglomération,Giratoire,Pluie légère,Autre collision,4,1,1,0,2,3,2,0,1,50,1,1,0,0,0,1,21.0,,voiture,,1,2,6,2,6
202000016051,2020-12-22 18:30:00,2020,12,22,18,30,13,13211,POMME (BOULEVARD DE LA ),43.293402,5.451505,Nuit avec éclairage allumé,En agglomération,Hors intersection,Normale,Autre collision,4,2,0,0,1,1,1,0,1,50,1,2,1,0,0,1,44.0,,voiture,,5,2,1,1,6
202000016052,2020-12-23 07:45:00,2020,12,23,7,45,13,13212,WILLIAM BOOTH (AVENUE),43.2939,5.4408,Crépuscule ou aube,En agglomération,Hors intersection,Temps couvert,Autre collision,4,2,2,0,1,1,1,0,1,50,1,2,1,0,0,1,25.0,,utilitaire_camion,,2,2,1,8,6
202000016053,2020-12-21 19:10:00,2020,12,21,19,10,13,13208,PRADO (AVENUE DU),43.2651,5.37871,Nuit avec éclairage allumé,En agglomération,Intersection en T,Normale,Deux véhicules - côté,4,-1,2,0,1,1,1,0,8,30,2,2,1,0,0,1,31.0,20.0,deux_roues,voiture,5,2,3,1,3
202000016054,2020-12-23 09:40:00,2020,12,23,9,40,06,06029,BORDE (AVENUE DE LA)(BOCCA),43.567117,6.966343,Plein jour,En agglomération,Hors intersection,Normale,Autre collision,3,2,4,0,1,1,1,0,1,50,1,2,1,0,0,1,67.0,,voiture,,1,2,1,1,6
202000016055,2020-12-23 21:10:00,2020,12,23,21,10,06,06155,ROUVIER BD MAURICE,43.578582,7.054797,Nuit avec éclairage allumé,En agglomération,Hors intersection,Normale,Deux véhicules - frontale,3,2,2,0,2,1,1,0,1,50,2,2,0,0,0,2,17.0,,deux_roues,,5,2,1,1,1
202000016056,2020-12-23 05:58:00,2020,12,23,5,58,75,75109,RUE SCRIBE,48.870277,2.329997,Nuit avec éclairage allumé,En agglomération,Intersection en T,Pluie légère,Autre collision,4,1,2,0,1,1,2,0,1,50,1,2,1,0,1,0,70.0,,voiture,,5,2,3,2,6
202000016057,2020-12-23 20:25:00,2020,12,23,20,25,75,75120,RUE DE BAGNOLET,48.85916,2.402134,Nuit avec éclairage allumé,En agglomération,Intersection en X,Normale,Deux véhicules - côté,4,2,2,0,1,1,1,0,1,50,2,2,1,0,0,1,30.0,40.0,deux_roues,deux_roues,5,2,2,1,3
202000016058,2020-12-23 18:10:00,2020,12,23,18,10,75,75118,RUE CAULAINCOURT,48.889823,2.342957,Nuit avec éclairage allumé,En agglomération,Intersection à plus de 4 branches,Normale,Sans collision,4,2,2,0,2,1,2,0,1,50,1,1,0,0,0,1,23.0,,deux_roues,,5,2,5,1,7