accident_id,datetime,annee,mois,jour,heure,minute,departement,commune_insee,adresse,latitude,longitude,luminosite,agglomeration,intersection,meteo,collision,catr,circ,nbv,vosp,prof,plan,surf,infra,situ,vma,nb_vehicules,nb_usagers,nb_indemnes,nb_tues,nb_blesses_hosp,nb_blesses_legers,age_cond_1,age_cond_2,veh_type_cond_1,veh_type_cond_2,lum_code,agg_code,int_code,atm_code,col_code
202000016059,2020-12-23 16:05:00,2020,12,23,16,5,75,75117,BOULEVARD BESSIERES,48.897568,2.324164,Plein jour,En agglomération,Intersection en X,Normale,Deux véhicules - côté,4,1,2,0,2,1,1,0,1,30,2,2,1,0,0,1,19.0,33.0,utilitaire_camion,deux_roues,1,2,2,1,3
202000016060,2020-12-22 15:15:00,2020,12,22,15,15,75,75116,RUE DU DOCTEUR BLANCHE,48.852979,2.264836,Plein jour,En agglomération,Intersection en Y,Temps couvert,Autre collision,4,2,2,0,1,1,2,0,1,50,1,2,1,0,0,1,79.0,,voiture,,1,2,4,8,6
202000016061,2020-12-22 14:40:00,2020,12,22,14,40,75,75116,CARREFOUR DES ANCIENS COMBATTANTS   BOUL,48.848356,2.242053,Plein jour,En agglomération,Place,Pluie légère,Autre collision,4,1,3,0,1,1,2,0,1,50,1,2,1,0,0,1,29.0,,voiture,,1,2,7,2,6
202000016062,2020-12-23 08:46:00,2020,12,23,8,46,75,75113,QUAI PANHARD ET LEVASSOR,48.831124,2.381166,Plein jour,En agglomération,Intersection en T,Pluie légère,Deux véhicules - côté,4,2,4,1,1,1,2,0,1,50,2,2,1,0,0,1,57.0,39.0,voiture,deux_roues,1,2,3,2,3
202000016063,2020-12-23 11:30:00,2020,12,23,11,30,75,75112,RUE DE WATTIGNIES,48.834651,2.400797,Plein jour,En agglomération,Intersection à plus de 4 branches,Normale,Autre collision,4,1,1,0,1,1,2,0,1,50,1,2,1,0,0,1,51.0,,utilitaire_camion,,1,2,5,1,6
202000016064,2020-12-23 18:50:00,2020,12,23,18,50,75,75101,RUE DE RIVOLI,48.864513,2.329731,Nuit avec éclairage allumé,En agglomération,Hors intersection,Normale,Autre collision,4,1,2,0,1,1,1,0,1,50,1,2,0,0,0,2,36.0,,deux_roues,,5,2,1,1,6
202000016065,2020-12-23 13:13:00,2020,12,23,13,13,75,75101,QUAI FRANCOIS MITTERRAND,48.860116,2.333359,Plein jour,En agglomération,Place,Pluie légère,Deux véhicules - côté,4,2,4,0,1,1,2,0,1,50,2,3,2,0,0,1,70.0,47.0,voiture,voiture,1,2,7,2,3
202000016066,2020-12-23 09:00:00,2020,12,23,9,0,94,94076,STALINGRAD (AV DE),48.780761,2.367394,Crépuscule ou aube,En agglomération,Hors intersection,Pluie légère,Deux véhicules - côté,3,2,2,1,1,1,2,0,5,50,2,2,1,0,0,1,51.0,39.0,voiture,autre,2,2,1,2,3
202000016067,2020-12-23 12:40:00,2020,12,23,12,40,94,94034,TUILERIE (R DE LA),48.75864,2.31756,Plein jour,En agglomération,Intersection en T,Normale,Deux véhicules - côté,3,2,2,0,1,1,1,0,1,50,2,2,1,0,0,1,22.0,55.0,deux_roues,utilitaire_camion,1,2,3,1,3
202000016068,2020-12-22 20:00:00,2020,12,22,20,0,94,94073,FONTAINEBLEAU (AV DE),48.75726,2.36872,Nuit avec éclairage allumé,En agglomération,Hors intersection,Pluie légère,Trois véhicules et plus - en chaîne,3,1,2,0,1,1,2,0,1,50,5,6,3,0,0,3,22.0,49.0,voiture,voiture,5,2,1,2,4
202000016069,2020-12-23 18:00:00,2020,12,23,18,0,94,94028,Carrefour Pompadour,48.77481,2.43936,Plein jour,En agglomération,Hors intersection,Pluie légère,Deux véhicules - côté,3,1,2,0,1,3,2,0,2,50,2,2,1,0,0,1,30.0,,voiture,,1,2,1,2,3
202000016070,2020-12-23 12:50:00,2020,12,23,12,50,93,93064,AV REPUBLIQUE / R PAUL CAVARE,48.87208,2.48511,Plein jour,En agglomération,Giratoire,Pluie légère,Autre collision,3,2,2,0,1,1,1,0,8,50,1,2,1,0,0,1,44.0,,utilitaire_camion,,1,2,6,2,6
202000016071,2020-12-21 21:30:00,2020,12,21,21,30,93,93053,ROSNY (AVENUE DE) N° 53 A 243,48.890177,2.4712169,Nuit avec éclairage non allumé,En agglomération,Autre intersection,Pluie légère,Deux véhicules - frontale,3,1,1,0,1,1,2,0,1,50,2,2,1,0,1,0,42.0,29.0,deux_roues,voiture,4,2,9,2,1
202000016072,2020-12-22 12:15:00,2020,12,22,12,15,93,93029,JEAN JAURES (AVENUE),48.9175219,2.4562275,Plein jour,En agglomération,Hors intersection,Pluie légère,Deux véhicules - frontale,3,2,2,0,1,1,2,0,1,50,2,2,1,0,0,1,42.0,64.0,voiture,deux_roues,1,2,1,2,1
202000016073,2020-12-23 01:00:00,2020,12,23,1,0,93,93057,PARIS (BD DE),48.91647,2.49698,Nuit avec éclairage allumé,En agglomération,Hors intersection,Pluie forte,Autre collision,4,2,2,0,1,1,2,9,4,30,1,2,1,0,0,1,38.0,,transport_commun,,5,2,1,3,6
202000016074,2020-12-23 15:47:00,2020,12,23,15,47,92,92075,QUATRE SEPTEMBRE (RUE DU),48.82677,2.28628,Plein jour,En agglomération,Hors intersection,Pluie légère,Autre collision,4,2,2,0,2,1,2,0,4,50,1,2,1,0,0,1,41.0,,utilitaire_camion,,1,2,1,2,6
202000016075,2020-12-22 11:00:00,2020,12,22,11,0,92,92022,JOUY (RUE DE),48.80157,2.18795,Plein jour,En agglomération,Hors intersection,Pluie légère,Deux véhicules - arrière,3,2,2,0,4,1,2,0,8,50,2,2,1,0,0,1,32.0,44.0,transport_commun,voiture,1,2,1,2,2
202000016076,2020-12-23 07:00:00,2020,12,23,7,0,92,92051,"CHARLES DE GAULLE (AVENUE, N° 18 A 116)",48.8824334,2.268037,Nuit avec éclairage allumé,En agglomération,Hors intersection,Pluie légère,Deux véhicules - côté,2,1,3,2,1,1,2,0,1,50,2,2,1,0,0,1,41.0,34.0,utilitaire_camion,deux_roues,5,2,1,2,3
202000016077,2020-12-23 16:45:00,2020,12,23,16,45,92,92048,REPUBLIQUE (RUE DE LA) N° 1 A 45,48.809106,2.236172,Plein jour,En agglomération,Hors intersection,Normale,Deux véhicules - côté,3,-1,4,0,1,1,2,0,1,50,2,2,1,0,0,1,24.0,54.0,deux_roues,voiture,1,2,1,1,3
202000016078,2020-12-23 11:45:00,2020,12,23,11,45,92,92040,GENERAL DE GAULLE (AVE DU) 32 A 62,48.820765,2.280566,Plein jour,En agglomération,Hors intersection,Pluie légère,Sans collision,3,1,0,0,1,1,2,0,1,30,1,1,0,0,0,1,44.0,,deux_roues,,1,2,1,2,7
202000016079,2020-12-23 12:45:00,2020,12,23,12,45,22,22280,Le Haut Pont Roux,48.42597,-2.07141,Plein jour,En agglomération,Hors intersection,Pluie forte,Sans collision,4,2,2,0,1,2,2,0,3,50,1,1,0,0,0,1,15.0,,deux_roues,,1,2,1,3,7
202000016080,2020-12-24 13:00:00,2020,12,24,13,0,38,38113,Chemin de Theyssonniere,44.821333,5.625461,Plein jour,En agglomération,Hors intersection,Normale,Autre collision,4,2,2,0,2,1,1,0,1,50,1,1,0,0,1,0,16.0,,deux_roues,,1,2,1,1,6
202000016081,2020-12-24 12:34:00,2020,12,24,12,34,10,10319,D54c,48.193185,3.632569,Plein jour,Hors agglomération,Hors intersection,Pluie légère,Sans collision,3,2,2,0,1,1,2,0,3,80,1,2,0,0,0,2,55.0,,deux_roues,,1,1,1,2,7
202000016082,2020-12-24 09:55:00,2020,12,24,9,55,974,97413,Rue Adrien Lagourgue,-21.2103681,55.3004714,Plein jour,En agglomération,Hors intersection,Normale,Deux véhicules - côté,4,2,2,0,2,1,1,0,1,50,2,2,1,0,0,1,14.0,37.0,deux_roues,voiture,1,2,1,1,3
202000016083,2020-12-22 17:00:00,2020,12,22,17,0,71,71215,Route d'Allerey,46.8973902,4.9570554,Nuit sans éclairage public,Hors agglomération,Hors intersection,Pluie légère,Deux véhicules - frontale,3,2,2,0,1,1,2,0,3,80,2,3,0,0,0,3,28.0,57.0,voiture,voiture,3,1,1,2,1
202000016084,2020-12-24 14:20:00,2020,12,24,14,20,51,51662,A34,49.2797971,4.1055286,Plein jour,Hors agglomération,Hors intersection,Normale,Sans collision,1,3,4,0,3,1,1,0,1,110,1,1,0,0,1,0,66.0,,voiture,,1,1,1,1,7
202000016085,2020-12-22 15:20:00,2020,12,22,15,20,56,56165,33 Rue du General Dubreton,47.929931,-2.398775,Plein jour,En agglomération,Intersection en X,Pluie légère,Autre collision,4,2,2,0,1,3,2,0,1,30,1,2,1,0,1,0,23.0,,voiture,,1,2,2,2,6
202000016086,2020-12-24 18:45:00,2020,12,24,18,45,79,79250,Rue du 22 Juin 1940,46.915206,-0.271574,Nuit sans éclairage public,En agglomération,Intersection en X,Normale,Deux véhicules - côté,3,2,2,0,1,1,1,5,1,50,2,2,1,0,1,0,42.0,58.0,voiture,voiture,3,2,2,1,3
202000016087,2020-12-23 10:30:00,2020,12,23,10,30,82,82037,D117,44.159964,1.535586,Plein jour,En agglomération,Giratoire,Normale,Autre collision,3,2,2,0,1,1,1,5,1,50,1,2,1,0,1,0,54.0,,voiture,,1,2,6,1,6
202000016088,2020-12-23 19:20:00,2020,12,23,19,20,82,82087,D2,44.143075,1.196566,Nuit sans éclairage public,Hors agglomération,Hors intersection,Pluie légère,Autre collision,3,2,2,0,2,1,2,0,3,80,1,1,0,1,0,0,19.0,,voiture,,3,1,1,2,6
202000016089,2020-12-24 11:15:00,2020,12,24,11,15,71,71538,Route de Louhans,46.7422382,5.126295,Plein jour,Hors agglomération,Intersection en T,Pluie légère,Deux véhicules - frontale,3,2,2,0,1,1,2,0,1,70,2,2,1,1,0,0,71.0,43.0,voiture,voiture,1,1,3,2,1
202000016090,2020-12-23 15:00:00,2020,12,23,15,0,71,71014,33 Route de Saint Denis,46.970329,4.3247703,Plein jour,Hors agglomération,Hors intersection,Pluie légère,Autre collision,3,2,2,0,1,1,2,0,3,80,1,1,0,0,0,1,21.0,,voiture,,1,1,1,2,6
202000016091,2020-12-15 14:05:00,2020,12,15,14,5,22,22362,Rue du Port,48.790878,-3.230415,Plein jour,En agglomération,Giratoire,Normale,Deux véhicules - côté,3,2,2,0,1,1,1,5,1,50,2,2,1,0,1,0,66.0,59.0,deux_roues,voiture,1,2,6,1,3
202000016092,2020-12-24 07:15:00,2020,12,24,7,15,29,29076,D3 - Beg Avel Névez,48.447817,-4.55401,Nuit sans éclairage public,Hors agglomération,Hors intersection,Pluie légère,Autre collision,3,2,2,0,1,1,2,0,3,80,1,1,0,0,0,1,19.0,,voiture,,3,1,1,2,6
202000016093,2020-12-24 13:10:00,2020,12,24,13,10,38,38150,D11K,45.207614,5.847323,Plein jour,Hors agglomération,Giratoire,Normale,Deux véhicules - arrière,3,1,1,0,1,1,1,0,1,50,2,2,1,0,0,1,24.0,45.0,voiture,voiture,1,1,6,1,2
202000016094,2020-12-24 14:15:00,2020,12,24,14,15,60,60627,D930,49.629989,2.355509,Plein jour,Hors agglomération,Intersection en X,Pluie légère,Deux véhicules - côté,3,2,2,0,1,1,2,0,1,80,2,3,2,0,0,1,73.0,19.0,voiture,deux_roues,1,1,2,2,3
202000016095,2020-12-23 12:11:00,2020,12,23,12,11,21,21199,D1,47.549015,4.187722,Plein jour,Hors agglomération,Hors intersection,Pluie légère,Autre collision,3,2,2,0,1,2,2,0,3,80,1,1,0,0,1,0,56.0,,utilitaire_camion,,1,1,1,2,6
202000016096,2020-12-23 07:45:00,2020,12,23,7,45,85,85014,Le Plessis Bouchard,46.678115,-0.915577,Crépuscule ou aube,Hors agglomération,Intersection en T,Pluie légère,Deux véhicules - côté,3,2,2,0,1,1,2,5,1,80,2,4,1,0,1,2,32.0,40.0,voiture,voiture,2,1,3,2,3
202000016097,2020-12-22 18:50:00,2020,12,22,18,50,28,28140,Avenue de la Prairie,48.60407,1.672926,Nuit avec éclairage allumé,En agglomération,Giratoire,Pluie légère,Autre collision,3,2,1,0,1,2,2,5,1,50,1,2,1,0,1,0,38.0,,voiture,,5,2,6,2,6
202000016098,2020-12-24 02:00:00,2020,12,24,2,0,87,87112,La Petite Garde,45.658466,1.028697,Nuit sans éclairage public,Hors agglomération,Hors intersection,Pluie légère,Autre collision,3,2,2,0,2,1,2,0,3,80,1,1,0,0,1,0,30.0,,utilitaire_camion,,3,1,1,2,6
202000016099,2020-12-23 12:50:00,2020,12,23,12,50,52,52058,Rue de la Scierie,48.199464,5.136693,Plein jour,En agglomération,Intersection en T,Normale,Deux véhicules - côté,4,2,2,0,1,1,1,0,1,50,2,2,1,0,1,0,67.0,34.0,deux_roues,voiture,1,2,3,1,3
202000016100,2020-12-16 19:15:00,2020,12,16,19,15,06,06152,Route d'Antibes,43.625429,6.997283,Nuit avec éclairage allumé,Hors agglomération,Hors intersection,Normale,Deux véhicules - arrière,3,2,2,0,1,1,1,0,1,70,2,1,0,0,1,0,60.0,,deux_roues,,5,1,1,1,2
202000016101,2020-09-17 17:45:00,2020,9,17,17,45,06,06085,694 AVENUE MAURICE DAUNAT,43.611335,7.017437,Plein jour,Hors agglomération,Giratoire,Normale,Deux véhicules - arrière,3,2,2,0,1,1,1,0,1,50,2,2,1,0,0,1,49.0,44.0,voiture,deux_roues,1,1,6,1,2
202000016102,2020-12-23 19:15:00,2020,12,23,19,15,74,74143,N205,45.895646,6.802018,Nuit sans éclairage public,Hors agglomération,Hors intersection,Pluie légère,Trois véhicules et plus - collisions multiples,2,3,4,0,1,1,2,0,1,90,3,3,2,0,0,1,21.0,38.0,voiture,voiture,3,1,1,2,5
202000016103,2020-12-23 16:45:00,2020,12,23,16,45,976,97601,RD1,-12.704483,45.051177,Plein jour,Hors agglomération,Hors intersection,Normale,Deux véhicules - frontale,3,2,2,0,1,2,1,0,1,70,2,3,1,0,2,0,45.0,16.0,voiture,deux_roues,1,1,1,1,1
202000016104,2020-12-21 22:08:00,2020,12,21,22,8,971,97103,N11,16.270607,-61.549981,Nuit avec éclairage non allumé,Hors agglomération,Hors intersection,Pluie légère,Autre collision,2,1,4,0,2,1,2,2,1,90,1,1,0,0,1,0,21.0,,voiture,,4,1,1,2,6
202000016105,2020-12-23 15:00:00,2020,12,23,15,0,974,97413,Chemin des Barrières,-21.104009,55.297472,Plein jour,En agglomération,Hors intersection,Normale,Deux véhicules - frontale,4,2,1,0,1,1,1,0,1,50,2,3,2,0,1,0,27.0,46.0,deux_roues,voiture,1,2,1,1,1
202000016106,2020-12-23 19:30:00,2020,12,23,19,30,973,97304,RN1,5.155146,-52.676783,Nuit sans éclairage public,Hors agglomération,Hors intersection,Normale,Deux véhicules - arrière,2,2,2,0,1,1,1,0,1,80,2,2,1,1,0,0,29.0,40.0,deux_roues,voiture,3,1,1,1,2
202000016107,2020-12-23 19:42:00,2020,12,23,19,42,91,91494,D312,48.614066,2.355913,Nuit sans éclairage public,Hors agglomération,Hors intersection,Vent fort / tempête,Deux véhicules - frontale,3,2,2,0,1,2,2,0,1,80,2,4,0,0,4,0,33.0,33.0,voiture,voiture,3,1,1,6,1
202000016108,2020-12-24 08:30:00,2020,12,24,8,30,66,66065,D914,42.6161441,2.978966,Plein jour,Hors agglomération,Hors intersection,Normale,Deux véhicules - côté,3,1,2,0,1,1,1,0,1,110,2,2,1,0,0,1,42.0,86.0,voiture,voiture,1,1,1,1,3
202000016109,2020-12-23 17:00:00,2020,12,23,17,0,06,06128,Route de Cagnes,43.691456,7.130041,Plein jour,Hors agglomération,Hors intersection,Normale,Deux véhicules - frontale,3,3,4,0,2,2,1,0,3,70,2,2,1,1,0,0,64.0,63.0,voiture,deux_roues,1,1,1,1,1
202000016110,2020-12-23 13:30:00,2020,12,23,13,30,60,60619,route 548,49.106858,2.7995138,Plein jour,Hors agglomération,Intersection en T,Pluie légère,Deux véhicules - côté,3,2,2,0,1,1,2,0,8,70,2,2,1,0,1,0,44.0,74.0,voiture,voiture,1,1,3,2,3
202000016111,2020-12-24 14:19:00,2020,12,24,14,19,60,60395,Rue Henri Barbusse,49.2340838,2.125832,Plein jour,En agglomération,Autre intersection,Pluie légère,Autre collision,9,2,2,0,2,1,2,0,1,50,1,2,1,0,1,0,83.0,,voiture,,1,2,9,2,6
202000016112,2020-12-20 12:00:00,2020,12,20,12,0,69,69295,A46,45.6150472,4.8860068,Plein jour,Hors agglomération,Hors intersection,Pluie forte,Deux véhicules - côté,1,3,2,0,1,2,2,0,1,110,2,3,0,0,0,3,58.0,50.0,voiture,voiture,1,1,1,3,3
202000016113,2020-12-23 16:50:00,2020,12,23,16,50,91,91553,RN 104,48.62751,2.47834,Crépuscule ou aube,Hors agglomération,Hors intersection,Temps couvert,Trois véhicules et plus - en chaîne,2,3,3,0,2,1,1,0,1,90,3,4,2,0,0,2,22.0,36.0,voiture,voiture,2,1,1,8,4
202000016114,2020-12-23 12:35:00,2020,12,23,12,35,91,91286,AUTOROUTE A6,48.64798,2.386334,Plein jour,Hors agglomération,Hors intersection,Normale,Deux véhicules - côté,1,3,6,0,1,1,2,0,1,110,2,2,1,0,0,1,27.0,25.0,voiture,voiture,1,1,1,1,3
202000016115,2020-12-21 20:40:00,2020,12,21,20,40,78,78291,A13,48.970273,1.734564,Nuit sans éclairage public,Hors agglomération,Hors intersection,Pluie légère,,1,1,3,0,1,1,2,0,1,110,3,2,1,0,0,1,28.0,47.0,voiture,voiture,3,1,1,2,-1
202000016116,2020-12-23 16:00:00,2020,12,23,16,0,95,95252, A15,48.97643,2.23622,Plein jour,Hors agglomération,Hors intersection,Pluie forte,Autre collision,1,3,8,0,1,1,2,0,1,110,1,2,0,0,0,2,26.0,,utilitaire_camion,,1,1,1,3,6
202000016117,2020-12-23 11:15:00,2020,12,23,11,15,95,95582,A115,48.97185,2.24816,Plein jour,Hors agglomération,Hors intersection,Pluie légère,Autre collision,1,3,9,0,2,3,2,0,1,50,1,2,1,0,0,1,34.0,,voiture,,1,1,1,2,6
202000016118,2020-12-23 16:40:00,2020,12,23,16,40,94,94017,A4,48.83037,2.49019,Plein jour,Hors agglomération,Hors intersection,Pluie légère,Trois véhicules et plus - en chaîne,1,1,3,0,1,1,2,0,1,90,3,3,2,0,0,1,32.0,29.0,deux_roues,voiture,1,1,1,2,4
202000016119,2020-12-23 15:20:00,2020,12,23,15,20,93,93051,A4,48.8359253,2.5436934,Plein jour,Hors agglomération,Hors intersection,Pluie légère,Deux véhicules - côté,1,-1,4,0,1,1,2,0,1,90,2,2,1,0,0,1,21.0,20.0,voiture,deux_roues,1,1,1,2,3
202000016120,2020-12-22 21:45:00,2020,12,22,21,45,94,94052,A86 INT,48.8436,2.4924,Nuit avec éclairage allumé,Hors agglomération,Hors intersection,Pluie légère,,1,1,3,0,1,1,2,1,1,90,3,3,2,0,0,1,24.0,54.0,voiture,utilitaire_camion,5,1,1,2,-1
202000016121,2020-12-21 23:25:00,2020,12,21,23,25,94,94028,A86 EXT,48.7924517,2.4412611,Nuit sans éclairage public,Hors agglomération,Autre intersection,Pluie légère,Autre collision,1,1,3,0,1,1,2,3,3,90,1,3,2,0,0,1,20.0,,voiture,,3,1,9,2,6
202000016122,2020-07-10 14:50:00,2020,7,10,14,50,38,38421,Avenue Jean Jaurès,45.1796,5.7699,Plein jour,En agglomération,Intersection en T,Normale,Autre collision,3,2,4,2,1,1,1,0,1,50,1,2,1,0,0,1,58.0,,voiture,,1,2,3,1,6
202000016123,2020-12-15 10:40:00,2020,12,15,10,40,976,97611,kaweni-Kaweni nord ( Z I ),-12.77411,45.2248,Plein jour,En agglomération,Hors intersection,Normale,Autre collision,4,2,0,0,1,1,1,0,1,50,1,2,1,0,0,1,26.0,,voiture,,1,2,1,1,6
202000016124,2020-12-15 08:40:00,2020,12,15,8,40,976,97611,doujani-Mosquée de doujani ( rue de la ),-12.77967,45.22786,Plein jour,En agglomération,Hors intersection,Normale,Autre collision,4,2,0,0,1,1,1,0,1,50,1,2,1,0,0,1,23.0,,voiture,,1,2,1,1,6
202000016125,2020-12-22 14:38:00,2020,12,22,14,38,974,97416,Chemin des 3 Mares,-21.297833,55.446888,Plein jour,En agglomération,Hors intersection,Normale,Trois véhicules et plus - collisions multiples,3,2,2,0,2,2,1,0,1,50,3,3,1,0,0,2,56.0,26.0,utilitaire_camion,voiture,1,2,1,1,5
202000016126,2020-12-22 21:30:00,2020,12,22,21,30,974,97411,BEARN (RUE DU),-20.90372,55.49096,Nuit avec éclairage allumé,En agglomération,Hors intersection,Normale,Deux véhicules - côté,4,2,2,0,1,1,1,0,1,50,2,2,1,0,0,1,26.0,24.0,deux_roues,voiture,5,2,1,1,3
202000016127,2020-12-22 16:00:00,2020,12,22,16,0,974,97407,Avenue du 20 Décembre 1848,-20.94356,55.29756,Plein jour,En agglomération,Hors intersection,Normale,Sans collision,2,2,2,0,1,1,1,0,1,50,1,1,0,0,1,0,16.0,,deux_roues,,1,2,1,1,7
202000016128,2020-12-22 10:40:00,2020,12,22,10,40,974,97407,ROUTE NATIONALE N° 4,-20.95061,55.30303,Plein jour,En agglomération,Hors intersection,Normale,Trois véhicules et plus - en chaîne,2,-1,3,0,1,1,1,0,1,70,3,3,2,0,0,1,37.0,57.0,voiture,utilitaire_camion,1,2,1,1,4
202000016129,2020-12-22 21:00:00,2020,12,22,21,0,973,97302,TROUBIRAN (CHEMIN DE),4.9262442,-52.3035693,Nuit avec éclairage allumé,En agglomération,Hors intersection,Normale,Deux véhicules - côté,4,2,1,0,1,1,1,0,1,50,2,3,2,0,0,1,45.0,21.0,deux_roues,voiture,5,2,1,1,3
202000016130,2020-12-22 19:00:00,2020,12,22,19,0,973,97302,BADUEL (ROUTE DE),4.9362599,-52.3140407,Nuit avec éclairage allumé,En agglomération,Hors intersection,Normale,Deux véhicules - arrière,3,2,2,0,1,1,1,0,1,50,2,2,1,0,0,1,20.0,50.0,deux_roues,voiture,5,2,1,1,2
202000016131,2020-12-21 22:40:00,2020,12,21,22,40,973,97302,MONTABO (ROUTE DE) 1,4.9350988,-52.2933147,Nuit avec éclairage allumé,En agglomération,Intersection en X,Normale,Deux véhicules - côté,3,2,1,0,1,1,1,0,1,50,2,2,1,1,0,0,23.0,14.0,voiture,deux_roues,5,2,2,1,3
202000016132,2020-12-23 02:10:00,2020,12,23,2,10,69,69259,PRESIDENT EDOUARD HERRIOT (DU)      (R ),45.6942638,4.8753624,Nuit avec éclairage allumé,En agglomération,Hors intersection,Normale,Autre collision,4,2,1,0,1,1,1,0,1,50,1,1,0,0,0,1,28.0,,voiture,,5,2,1,1,6
202000016133,2020-12-22 18:56:00,2020,12,22,18,56,69,69259,CARNOT                              (R ),45.70377,4.88004,Nuit avec éclairage allumé,En agglomération,Intersection en X,Normale,Deux véhicules - côté,4,1,1,0,1,1,1,0,1,50,2,4,2,0,0,2,43.0,39.0,voiture,transport_commun,5,2,2,1,3
202000016134,2020-12-22 17:10:00,2020,12,22,17,10,69,69388,EPARGNE (DE L')                     (R ),45.742453,4.8580223,Crépuscule ou aube,En agglomération,Hors intersection,Normale,Trois véhicules et plus - collisions multiples,4,1,2,1,1,1,1,2,1,50,3,9,8,0,0,1,45.0,32.0,voiture,voiture,2,2,1,1,5
202000016135,2020-12-22 15:20:00,2020,12,22,15,20,69,69383,FERDINAND BUISSON                   (R ),45.74978,4.88977,Plein jour,En agglomération,Intersection en X,Normale,Deux véhicules - côté,4,2,2,1,1,1,1,0,1,30,2,2,1,0,0,1,83.0,22.0,voiture,voiture,1,2,2,1,3
202000016136,2020-12-22 09:05:00,2020,12,22,9,5,69,69259,JODINO (DE)                         (BD),45.6960187,4.8875481,Plein jour,En agglomération,Intersection en T,Normale,Deux véhicules - côté,4,2,3,0,1,1,1,0,1,50,2,3,1,0,0,2,24.0,31.0,voiture,voiture,1,2,3,1,3
202000016137,2020-12-22 10:35:00,2020,12,22,10,35,972,97213,ROUTE DEPARTEMENTALE 3,14.6279843,-60.989399,Plein jour,En agglomération,Hors intersection,Normale,Deux véhicules - arrière,3,1,4,0,1,1,1,0,1,50,2,2,1,0,0,1,28.0,58.0,voiture,utilitaire_camion,1,2,1,1,2
202000016138,2020-12-21 19:45:00,2020,12,21,19,45,972,97213,ROUTE NATIONALE 5,14.59662,-60.9958,Nuit sans éclairage public,Hors agglomération,Hors intersection,Normale,Autre collision,2,1,2,0,1,1,1,0,1,70,1,2,1,0,0,1,38.0,,voiture,,3,1,1,1,6
202000016139,2020-12-21 17:45:00,2020,12,21,17,45,69,69384,CANUTS (DES)                        (BD),45.77955,4.82743,Nuit avec éclairage allumé,En agglomération,Intersection en X,Pluie légère,Autre collision,4,2,2,0,1,1,2,0,1,50,1,2,1,0,0,1,36.0,,utilitaire_camion,,5,2,2,2,6
202000016140,2020-12-21 13:00:00,2020,12,21,13,0,971,97101,PERRIN (SECTEUR),16.27952,-61.50798,Plein jour,En agglomération,Hors intersection,Normale,Deux véhicules - arrière,2,3,4,0,1,1,1,5,1,50,2,3,2,0,0,1,41.0,23.0,voiture,voiture,1,2,1,1,2
202000016141,2020-12-21 19:52:00,2020,12,21,19,52,95,95427,SAINT LEU (ROUTE DE),48.9593096,2.3289701,Nuit avec éclairage allumé,En agglomération,Hors intersection,Pluie légère,Autre collision,3,2,2,0,1,3,2,0,1,30,1,2,0,0,0,2,,,,,5,2,1,2,6
202000016142,2020-12-22 14:50:00,2020,12,22,14,50,91,91514,CD 33,48.67044,2.526302,Plein jour,Hors agglomération,Autre intersection,Pluie légère,Deux véhicules - côté,3,2,2,0,1,2,2,0,1,70,2,4,0,1,1,2,62.0,27.0,voiture,voiture,1,1,9,2,3
202000016143,2020-12-21 20:47:00,2020,12,21,20,47,87,87085,ARCADES (BOULEVARD DES),45.85201,1.26412,Nuit avec éclairage allumé,En agglomération,Hors intersection,Pluie légère,Autre collision,4,3,4,0,2,3,2,0,1,50,1,5,2,0,0,3,20.0,,voiture,,5,2,1,2,6
202000016144,2020-12-20 16:02:00,2020,12,20,16,2,87,87065,LIBERATION (AVENUE DE LA),45.81041,1.34399,Plein jour,Hors agglomération,Hors intersection,Normale,Autre collision,3,2,2,0,1,2,1,0,1,50,1,1,0,0,1,0,72.0,,deux_roues,,1,1,1,1,6
202000016145,2020-12-21 10:45:00,2020,12,21,10,45,86,86194,Rue de Provence,46.587892,0.358507,Plein jour,En agglomération,Hors intersection,Pluie légère,Autre collision,4,2,2,0,1,1,2,0,1,50,1,2,1,0,0,1,54.0,,voiture,,1,2,1,2,6
202000016146,2020-12-22 11:55:00,2020,12,22,11,55,83,83069,LOUBES (ROUTE DES),43.11244,6.1125,Plein jour,En agglomération,Hors intersection,Normale,Deux véhicules - côté,4,2,0,0,1,1,1,0,1,50,2,2,1,0,0,1,49.0,76.0,deux_roues,voiture,1,2,1,1,3
202000016147,2020-12-22 16:28:00,2020,12,22,16,28,83,83118,BOULEVARD EUGÈNE BRIEUX,43.44336,6.90037,Plein jour,Hors agglomération,Hors intersection,Normale,Deux véhicules - frontale,3,2,2,0,1,2,1,0,1,70,2,3,1,0,1,1,30.0,60.0,deux_roues,voiture,1,1,1,1,1
202000016148,2020-12-22 10:25:00,2020,12,22,10,25,81,81004,LATTRE DE TASSIGNY (AV DE),43.93089,2.1633,Plein jour,En agglomération,Hors intersection,Normale,Deux véhicules - côté,4,2,2,0,1,1,1,0,1,50,2,2,1,0,0,1,63.0,50.0,deux_roues,voiture,1,2,1,1,3
202000016149,2020-12-22 17:27:00,2020,12,22,17,27,77,77468,ARCHE GUEDON (COURS DE L'),48.8496,2.64007,Nuit avec éclairage allumé,En agglomération,Hors intersection,Pluie légère,Autre collision,4,2,2,0,2,1,2,0,1,50,1,2,1,1,0,0,41.0,,utilitaire_camion,,5,2,1,2,6