accident_id,datetime,annee,mois,jour,heure,minute,departement,commune_insee,adresse,latitude,longitude,luminosite,agglomeration,intersection,meteo,collision,catr,circ,nbv,vosp,prof,plan,surf,infra,situ,vma,nb_vehicules,nb_usagers,nb_indemnes,nb_tues,nb_blesses_hosp,nb_blesses_legers,age_cond_1,age_cond_2,veh_type_cond_1,veh_type_cond_2,lum_code,agg_code,int_code,atm_code,col_code
202000016150,2020-12-22 17:50:00,2020,12,22,17,50,77,77307,AV DE L EUROPE,48.85475,2.76747,Nuit avec éclairage allumé,En agglomération,Intersection en X,Pluie légère,,3,1,2,0,1,1,2,5,1,50,3,4,2,0,0,2,31.0,28.0,voiture,voiture,5,2,2,2,-1
202000016151,2020-12-22 13:00:00,2020,12,22,13,0,77,77268,BD DE L EUROPE,48.87497,2.80353,Plein jour,Hors agglomération,Hors intersection,Pluie légère,Deux véhicules - côté,3,2,2,0,1,2,2,0,1,50,2,2,1,0,0,1,49.0,29.0,voiture,voiture,1,1,1,2,3
202000016152,2020-12-22 11:30:00,2020,12,22,11,30,73,73065,D1 MOTTE SERVOLEX (AVENUE DE LA),45.5789081,5.8942264,Plein jour,En agglomération,Hors intersection,Normale,Deux véhicules - côté,3,2,2,2,1,1,1,-1,5,50,2,2,1,0,0,1,41.0,18.0,voiture,voiture,1,2,1,1,3
202000016153,2020-12-21 17:35:00,2020,12,21,17,35,69,69290,JEAN ZAY                            (R ),45.708412,4.9088228,Nuit avec éclairage allumé,En agglomération,Intersection en X,Pluie légère,Deux véhicules - côté,4,2,2,0,1,1,2,0,1,50,2,2,0,0,0,2,18.0,30.0,voiture,utilitaire_camion,5,2,2,2,3
202000016154,2020-12-21 18:00:00,2020,12,21,18,0,67,67218,LYON (ROUTE DE),48.52813,7.71024,Nuit avec éclairage allumé,En agglomération,Hors intersection,Pluie légère,Deux véhicules - côté,4,2,2,1,1,1,2,9,1,50,2,2,1,0,1,0,34.0,42.0,deux_roues,voiture,5,2,1,2,3
202000016155,2020-12-21 18:00:00,2020,12,21,18,0,64,64189,BENOIT PIERRE (BOULEVARD),43.38805,-1.67674,Crépuscule ou aube,En agglomération,Intersection en T,Normale,Deux véhicules - côté,3,2,2,0,2,1,1,0,1,30,2,2,1,0,1,0,91.0,46.0,voiture,deux_roues,2,2,3,1,3
202000016156,2020-12-22 16:00:00,2020,12,22,16,0,59,59599,GRAMME (CHAUSSEE),50.7372054,3.1674045,Plein jour,En agglomération,Hors intersection,Normale,Autre collision,7,-1,2,0,1,1,1,0,1,50,1,1,0,0,0,1,,,,,1,2,1,1,6
202000016157,2020-12-22 18:55:00,2020,12,22,18,55,59,59378,MENIN RUE DE,50.67654,3.0807,Plein jour,En agglomération,Hors intersection,Pluie forte,Autre collision,4,2,2,2,1,1,2,0,1,50,1,2,1,0,0,1,18.0,,voiture,,1,2,1,3,6
202000016158,2020-12-22 17:25:00,2020,12,22,17,25,59,59183,BRUXELLES - ROND-POINT,51.01454,2.35465,Nuit sans éclairage public,Hors agglomération,Autre intersection,Pluie légère,Deux véhicules - côté,3,1,1,0,1,1,2,0,1,50,2,1,0,0,0,1,46.0,,voiture,,3,1,9,2,3
202000016159,2020-12-21 10:02:00,2020,12,21,10,2,56,56098,KERMORVAN (RUE  DE ),47.76747,-3.3145,Plein jour,Hors agglomération,Hors intersection,Normale,Sans collision,4,2,2,0,1,1,1,0,1,50,1,1,0,0,0,1,22.0,,voiture,,1,1,1,1,7
202000016160,2020-12-17 19:15:00,2020,12,17,19,15,54,54184,BRIGACHTAL (AVENUE DE),48.7006764,6.2245595,Nuit avec éclairage allumé,En agglomération,Hors intersection,Normale,Autre collision,4,2,2,0,1,1,1,0,1,70,1,1,0,0,0,1,,,,,5,2,1,1,6
202000016161,2020-12-22 09:00:00,2020,12,22,9,0,51,51454,Boulevard Paul Doumer,49.2508009,4.0226442,Plein jour,En agglomération,Hors intersection,Pluie légère,Deux véhicules - arrière,4,2,4,0,1,1,2,0,1,50,2,2,1,0,0,1,23.0,26.0,deux_roues,voiture,1,2,1,2,2
202000016162,2020-12-21 19:50:00,2020,12,21,19,50,50,50129,PICARDIE (RUE DE),49.62773,-1.62637,Nuit avec éclairage allumé,En agglomération,Intersection en T,Pluie légère,Autre collision,4,1,1,0,1,1,2,0,1,50,1,2,0,0,0,2,22.0,,deux_roues,,5,2,3,2,6
202000016163,2020-12-21 19:45:00,2020,12,21,19,45,49,49099,RN160,47.08996,-0.82831,Nuit sans éclairage public,Hors agglomération,Hors intersection,Pluie forte,Sans collision,3,2,2,0,2,1,2,0,1,90,1,1,0,0,1,0,21.0,,deux_roues,,3,1,1,3,7
202000016164,2020-12-21 08:10:00,2020,12,21,8,10,49,49099,CALINS (AVENUE DES),47.05955,-0.87389,Nuit avec éclairage allumé,En agglomération,Intersection à plus de 4 branches,Pluie légère,,7,3,4,0,2,1,2,0,1,50,2,3,2,1,0,0,54.0,25.0,utilitaire_camion,voiture,5,2,5,2,-1
202000016165,2020-12-22 18:04:00,2020,12,22,18,4,49,49007,COUBERTIN BOULEVARD,47.46737,-0.52995,Nuit avec éclairage allumé,En agglomération,Hors intersection,Pluie légère,Autre collision,4,-1,2,0,1,1,2,0,1,50,1,2,1,0,1,0,58.0,,voiture,,5,2,1,2,6
202000016166,2020-12-22 07:30:00,2020,12,22,7,30,49,49007,JEANNETEAU,47.49535,-0.55405,Nuit sans éclairage public,En agglomération,Hors intersection,Pluie légère,Deux véhicules - frontale,4,-1,2,0,1,1,2,0,1,50,2,2,0,0,0,2,37.0,21.0,voiture,voiture,3,2,1,2,1
202000016167,2020-12-21 18:15:00,2020,12,21,18,15,38,38563,Rue George Sand,45.3656,5.58655,Nuit avec éclairage allumé,En agglomération,Hors intersection,Pluie forte,Autre collision,4,2,2,0,1,1,2,9,1,50,1,2,1,0,0,1,40.0,,voiture,,5,2,1,3,6
202000016168,2020-12-22 18:20:00,2020,12,22,18,20,38,38185,Rue des Alliés,45.1717,5.7243,Nuit avec éclairage allumé,En agglomération,Intersection en X,Normale,Deux véhicules - frontale,3,2,3,0,1,1,1,0,1,50,2,2,1,0,1,0,30.0,61.0,deux_roues,voiture,5,2,2,1,1
202000016169,2020-12-22 11:14:00,2020,12,22,11,14,37,37261,NATIONALE (RUE),47.3946889,0.6871176,Plein jour,En agglomération,Intersection en X,Temps couvert,,3,2,2,3,1,1,2,9,1,30,2,2,1,0,0,1,36.0,22.0,voiture,deux_roues,1,2,2,8,-1
202000016170,2020-12-22 11:10:00,2020,12,22,11,10,35,35238,RD 463,48.09189,-1.62789,Plein jour,Hors agglomération,Hors intersection,Pluie légère,Deux véhicules - côté,3,3,4,0,1,1,2,5,1,50,2,3,2,0,0,1,49.0,35.0,voiture,voiture,1,1,1,2,3
202000016171,2020-11-18 12:05:00,2020,11,18,12,5,06,06148,RD 2210,43.706267,7.041083,Plein jour,Hors agglomération,Hors intersection,Normale,,3,2,2,0,1,1,1,0,1,80,2,2,1,0,1,0,46.0,61.0,transport_commun,utilitaire_camion,1,1,1,1,-1
202000016172,2020-11-18 15:55:00,2020,11,18,15,55,06,06079,Avenue Janvier Passero,43.546459,6.938554,Plein jour,En agglomération,Hors intersection,Normale,Autre collision,3,2,2,0,1,1,1,0,1,50,1,2,1,0,0,1,91.0,,voiture,,1,2,1,1,6
202000016173,2020-11-18 08:08:00,2020,11,18,8,8,45,45022,Route de Courcelles,48.080516,2.341354,Crépuscule ou aube,Hors agglomération,Hors intersection,Temps éblouissant,Deux véhicules - frontale,4,2,2,0,4,1,6,0,1,90,2,2,1,0,1,0,22.0,43.0,voiture,voiture,2,1,1,7,1
202000016174,2020-11-19 17:10:00,2020,11,19,17,10,85,85216,Route Départementale 137,46.485372,-1.111432,Crépuscule ou aube,En agglomération,Intersection en X,Normale,Deux véhicules - côté,3,2,2,0,1,1,1,5,1,-1,2,2,1,0,0,1,26.0,45.0,deux_roues,voiture,2,2,2,1,3
202000016175,2020-11-18 14:00:00,2020,11,18,14,0,27,27414,Le Grand Mesnil,48.9219212,0.4446197,Plein jour,Hors agglomération,Intersection en X,Normale,Deux véhicules - côté,3,2,2,0,1,1,1,0,1,80,2,2,1,0,1,0,75.0,16.0,voiture,deux_roues,1,1,2,1,3
202000016176,2020-11-19 07:00:00,2020,11,19,7,0,30,30161,Route Départementale 6110,44.027476,4.111569,Crépuscule ou aube,Hors agglomération,Hors intersection,Normale,Deux véhicules - frontale,3,2,2,0,1,1,1,0,1,80,2,2,0,1,0,1,17.0,51.0,deux_roues,voiture,2,1,1,1,1
202000016177,2020-11-19 05:48:00,2020,11,19,5,48,13,13051,D113,43.563819,5.159068,Nuit sans éclairage public,Hors agglomération,Hors intersection,Normale,Autre collision,3,2,4,0,2,1,1,0,1,90,1,1,0,1,0,0,59.0,,deux_roues,,3,1,1,1,6
202000016178,2020-11-19 01:30:00,2020,11,19,1,30,91,91441,Autoroute A6 pk 41+000,48.50032,2.513034,Nuit sans éclairage public,Hors agglomération,Hors intersection,Pluie légère,Autre collision,1,3,4,0,1,1,2,0,1,130,1,1,0,0,1,0,28.0,,voiture,,3,1,1,2,6
202000016179,2020-11-17 17:55:00,2020,11,17,17,55,972,97228,D24bis,14.784551,-61.003304,Nuit sans éclairage public,Hors agglomération,Hors intersection,Normale,Deux véhicules - frontale,3,-1,2,0,1,1,1,0,1,80,2,2,1,0,1,0,19.0,57.0,voiture,deux_roues,3,1,1,1,1
202000016180,2020-11-19 07:00:00,2020,11,19,7,0,30,30307,RN 106,44.206693,4.027991,Crépuscule ou aube,En agglomération,Hors intersection,Normale,Autre collision,2,2,2,0,1,1,1,0,1,50,1,2,1,0,1,0,56.0,,utilitaire_camion,,2,2,1,1,6
202000016181,2020-11-18 11:50:00,2020,11,18,11,50,83,83023,Boulevard Just Marie Raynouard,43.408165,6.072462,Plein jour,En agglomération,Hors intersection,Normale,Autre collision,4,-1,2,0,1,1,1,0,1,50,1,2,1,0,1,0,62.0,,voiture,,1,2,1,1,6
202000016182,2020-11-18 12:00:00,2020,11,18,12,0,71,71176,19 bis Avenue des Platanes,46.4827337,3.9747452,Plein jour,En agglomération,Hors intersection,Normale,Deux véhicules - frontale,3,2,2,0,1,1,1,0,1,70,2,3,2,0,0,1,41.0,19.0,voiture,voiture,1,2,1,1,1
202000016183,2020-11-18 17:25:00,2020,11,18,17,25,67,67189,4 Rue du Kritt,48.4266652,7.4500232,Nuit avec éclairage allumé,En agglomération,Hors intersection,Autre,Autre collision,4,2,2,0,2,1,1,0,1,50,1,3,2,0,0,1,54.0,,utilitaire_camion,,5,2,1,9,6
202000016184,2020-11-19 06:50:00,2020,11,19,6,50,54,54215,D657,48.7428329,6.1548328,Nuit sans éclairage public,Hors agglomération,Intersection en Y,Pluie légère,Deux véhicules - frontale,1,1,-1,-1,1,2,2,0,8,-1,2,2,1,0,1,0,31.0,46.0,deux_roues,voiture,3,1,4,2,1
202000016185,2020-11-17 19:30:00,2020,11,17,19,30,33,33056,151 avenue de labarde,44.929827,-0.562556,Nuit avec éclairage allumé,Hors agglomération,Hors intersection,Normale,Deux véhicules - frontale,4,2,2,0,1,3,1,0,1,70,2,2,0,0,0,2,31.0,21.0,voiture,voiture,5,1,1,1,1
202000016186,2020-11-19 15:16:00,2020,11,19,15,16,85,85155,Le Vendéspace (Centre sportif),46.713797,-1.434767,Plein jour,Hors agglomération,Hors intersection,Normale,Sans collision,6,-1,-1,0,1,1,1,9,8,20,1,1,0,0,1,0,21.0,,deux_roues,,1,1,1,1,7
202000016187,2020-11-19 13:27:00,2020,11,19,13,27,60,60612,,49.21164,2.607064,Plein jour,Hors agglomération,Hors intersection,Normale,Deux véhicules - arrière,3,2,3,0,3,3,1,0,1,80,2,2,1,0,0,1,59.0,18.0,utilitaire_camion,voiture,1,1,1,1,2
202000016188,2020-11-18 18:30:00,2020,11,18,18,30,59,59643,D108,50.740264,2.955204,Nuit sans éclairage public,En agglomération,Hors intersection,Normale,Deux véhicules - frontale,7,-1,2,0,1,3,6,0,1,80,2,2,1,0,1,0,22.0,35.0,voiture,voiture,3,2,1,1,1
202000016189,2020-11-18 09:20:00,2020,11,18,9,20,69,69283,A46S   43.680 A 47.880,45.67096,4.93576,Plein jour,Hors agglomération,Hors intersection,Normale,Deux véhicules - côté,1,3,6,0,1,1,1,0,1,90,2,3,1,0,0,2,36.0,51.0,utilitaire_camion,voiture,1,1,1,1,3
202000016190,2020-11-17 22:00:00,2020,11,17,22,0,69,69081,M6   448.490 A 449.450,45.795716,4.7787175,Nuit sans éclairage public,Hors agglomération,Hors intersection,Normale,Trois véhicules et plus - en chaîne,7,3,6,3,2,1,1,0,1,70,6,7,6,1,0,0,25.0,53.0,voiture,utilitaire_camion,3,1,1,1,4
202000016191,2020-11-18 08:20:00,2020,11,18,8,20,91,91617,RN 104,48.63188,2.52659,Plein jour,Hors agglomération,Hors intersection,Normale,Trois véhicules et plus - en chaîne,2,3,4,0,1,1,1,0,1,110,5,5,4,0,0,1,57.0,56.0,voiture,utilitaire_camion,1,1,1,1,4
202000016192,2020-11-18 09:15:00,2020,11,18,9,15,93,93066,AUTOROUTE A1,48.91901,2.35729,Plein jour,Hors agglomération,Hors intersection,Normale,Trois véhicules et plus - collisions multiples,1,3,8,0,1,1,1,0,1,90,3,3,2,0,0,1,34.0,42.0,utilitaire_camion,deux_roues,1,1,1,1,5
202000016193,2020-11-16 14:15:00,2020,11,16,14,15,93,93008,AUTOROUTE A86,48.9180073,2.4290614,Nuit avec éclairage allumé,Hors agglomération,Hors intersection,Normale,Trois véhicules et plus - en chaîne,1,3,6,0,1,1,1,1,3,90,3,3,2,0,0,1,37.0,39.0,voiture,voiture,5,1,1,1,4
202000016194,2020-06-12 20:30:00,2020,6,12,20,30,75,75118,RUE DE LA CHAPELLE,48.89599,2.35928,Plein jour,En agglomération,Hors intersection,Normale,Trois véhicules et plus - en chaîne,4,-1,4,0,1,1,1,0,1,50,3,5,3,0,0,2,68.0,36.0,voiture,voiture,1,2,1,1,4
202000016195,2020-11-17 16:20:00,2020,11,17,16,20,974,97416,BENOITE BOULARD (RUE),-21.31292,55.47456,Plein jour,En agglomération,Hors intersection,Normale,Autre collision,4,2,2,0,2,1,1,0,1,50,1,2,1,0,0,1,39.0,,voiture,,1,2,1,1,6
202000016196,2020-11-17 15:30:00,2020,11,17,15,30,974,97411,LATTRE DE TASSIGNY (AVENUE MARECHAL DE),-20.89131,55.48021,Plein jour,En agglomération,Intersection en X,Normale,Deux véhicules - côté,3,2,2,0,1,1,1,0,1,50,2,6,1,0,0,5,53.0,52.0,transport_commun,voiture,1,2,2,1,3
202000016197,2020-11-16 21:10:00,2020,11,16,21,10,974,97411,JAURES (BLD 2 JEAN),-20.89791,55.47603,Nuit avec éclairage allumé,En agglomération,Hors intersection,Normale,Deux véhicules - frontale,2,1,4,0,1,1,1,0,1,70,2,2,0,0,1,1,70.0,33.0,utilitaire_camion,voiture,5,2,1,1,1
202000016198,2020-11-17 19:50:00,2020,11,17,19,50,69,69388,LONGEFER                            (R ),45.73817,4.87742,Nuit avec éclairage allumé,En agglomération,Hors intersection,Normale,Sans collision,4,1,1,0,1,1,1,0,1,50,1,1,0,0,0,1,26.0,,deux_roues,,5,2,1,1,7
202000016199,2020-11-17 08:30:00,2020,11,17,8,30,69,69386,RENE DEROUDILLE                        (,45.76596,4.85597,Plein jour,En agglomération,Hors intersection,Normale,Deux véhicules - arrière,4,1,1,0,1,2,1,0,1,50,2,2,1,0,0,1,35.0,23.0,deux_roues,utilitaire_camion,1,2,1,1,2
202000016200,2020-11-17 08:00:00,2020,11,17,8,0,69,69034,PIERRE DREVET                       (CH),45.8061433,4.8726338,Plein jour,En agglomération,Intersection en X,Normale,,4,2,2,0,1,1,1,0,1,50,2,2,1,0,1,0,53.0,70.0,utilitaire_camion,deux_roues,1,2,2,1,-1
202000016201,2020-11-16 10:40:00,2020,11,16,10,40,91,91161,ROUTE DE MASSY,48.71321,2.30246,Plein jour,En agglomération,Intersection en X,Normale,Autre collision,3,3,6,2,1,1,2,0,1,50,1,2,1,0,1,0,58.0,,voiture,,1,2,2,1,6
202000016202,2020-11-17 09:14:00,2020,11,17,9,14,91,91027,RTE NATIONALE 7,48.71639,2.37084,Plein jour,Hors agglomération,Intersection en T,Normale,Trois véhicules et plus - en chaîne,2,3,6,0,1,1,1,0,1,70,3,3,2,0,0,1,27.0,55.0,utilitaire_camion,voiture,1,1,3,1,4
202000016203,2020-11-16 08:25:00,2020,11,16,8,25,91,91223,RUE JULIEN PRANVILLE,48.43913,2.13872,Plein jour,En agglomération,Hors intersection,Normale,Autre collision,4,2,2,0,1,1,1,0,1,50,1,2,1,0,0,1,52.0,,voiture,,1,2,1,1,6
202000016204,2020-11-16 23:30:00,2020,11,16,23,30,87,87085,LOCARNO (AVENUE),45.83827,1.27239,Nuit avec éclairage allumé,En agglomération,Hors intersection,Normale,Autre collision,4,2,2,0,1,1,1,0,1,50,1,2,0,0,1,1,18.0,,voiture,,5,2,1,1,6
202000016205,2020-11-16 18:04:00,2020,11,16,18,4,76,76351,HUIT MAI 1945 (AVENUE DU),49.51608,0.17007,Nuit avec éclairage allumé,En agglomération,Hors intersection,Normale,Autre collision,4,3,2,3,1,1,2,0,1,30,1,2,1,0,0,1,57.0,,voiture,,5,2,1,1,6
202000016206,2020-11-17 08:10:00,2020,11,17,8,10,72,72181,DURAND GEORGES (AV) N° PAIRS 312 A 460,47.9638,0.2212,Crépuscule ou aube,En agglomération,Hors intersection,Normale,Deux véhicules - frontale,4,3,4,1,1,1,1,0,5,50,2,2,0,0,0,2,56.0,40.0,deux_roues,deux_roues,2,2,1,1,1
202000016207,2020-11-16 08:00:00,2020,11,16,8,0,72,72181,LIBERATION (AV DE LA) N° PAIRS 2 A 122,48.00174,0.18464,Crépuscule ou aube,En agglomération,Hors intersection,Normale,Autre collision,4,2,4,2,1,1,1,0,1,50,1,2,0,0,0,2,23.0,,deux_roues,,2,2,1,1,6
202000016208,2020-10-29 10:45:00,2020,10,29,10,45,70,70550,ALSACE LORRAINE (RUE),47.62197,6.15561,Plein jour,En agglomération,Hors intersection,Normale,Autre collision,2,1,0,0,1,1,1,0,1,30,1,2,1,0,1,0,53.0,,voiture,,1,2,1,1,6
202000016209,2020-11-16 06:57:00,2020,11,16,6,57,69,69256,GEORGES DIMITROV                    (AV),45.77724,4.92495,Nuit avec éclairage allumé,En agglomération,Hors intersection,Normale,Autre collision,4,2,2,3,1,1,1,0,6,50,1,2,1,0,0,1,37.0,,voiture,,5,2,1,1,6
202000016210,2020-11-17 07:30:00,2020,11,17,7,30,69,69264,BURDEAU BD,45.9953,4.72092,Crépuscule ou aube,En agglomération,Hors intersection,Normale,Autre collision,3,2,2,0,1,1,1,0,1,50,1,2,1,0,1,0,35.0,,utilitaire_camion,,2,2,1,1,6
202000016211,2020-11-16 12:40:00,2020,11,16,12,40,69,69264,GRENETTE  R,45.99104,4.7201,Plein jour,En agglomération,Autre intersection,Normale,,9,1,1,0,1,1,1,0,4,50,2,2,1,0,0,1,39.0,13.0,voiture,deux_roues,1,2,9,1,-1
202000016212,2020-11-14 21:20:00,2020,11,14,21,20,68,68149,Rue des Vosges,47.591957,7.582721,Nuit avec éclairage allumé,En agglomération,Intersection en Y,Normale,Deux véhicules - côté,4,2,1,0,1,1,1,0,1,50,2,2,1,0,0,1,37.0,20.0,voiture,deux_roues,5,2,4,1,3
202000016213,2020-11-15 16:20:00,2020,11,15,16,20,67,67043,BRUMATH (ROUTE DE),48.61487,7.73258,Crépuscule ou aube,En agglomération,Intersection en T,Normale,Deux véhicules - côté,7,2,2,0,1,1,1,0,1,50,2,3,1,0,0,2,20.0,26.0,voiture,voiture,2,2,3,1,3
202000016214,2020-11-14 17:55:00,2020,11,14,17,55,66,66136,VALLESPIR (RAMBLA DU),42.6848129,2.9041109,Plein jour,En agglomération,Hors intersection,Normale,Deux véhicules - arrière,4,3,2,0,1,1,1,0,1,30,2,2,1,0,0,1,16.0,29.0,deux_roues,voiture,1,2,1,1,2
202000016215,2020-11-17 07:45:00,2020,11,17,7,45,65,65433,THOREZ (RUE MAURICE),43.211281,0.100328,Crépuscule ou aube,En agglomération,Intersection en T,Normale,Deux véhicules - côté,4,2,2,0,1,1,1,0,1,50,2,2,1,0,0,1,36.0,53.0,utilitaire_camion,deux_roues,2,2,3,1,3
202000016216,2020-11-16 16:30:00,2020,11,16,16,30,64,64445,Avenue Gaston Phoebus,43.30247,-0.37939,Plein jour,En agglomération,Intersection en X,Normale,Deux véhicules - arrière,4,2,2,0,1,1,1,0,1,50,2,3,2,0,0,1,19.0,16.0,voiture,voiture,1,2,2,1,2
202000016217,2020-11-16 17:25:00,2020,11,16,17,25,64,64102,LOUIS DE FOIX (AVENUE),43.50505,-1.4673,Plein jour,En agglomération,Hors intersection,Temps couvert,Deux véhicules - arrière,3,2,2,0,1,1,1,0,1,50,2,2,1,0,0,1,39.0,73.0,voiture,deux_roues,1,2,1,8,2
202000016218,2020-10-09 18:00:00,2020,10,9,18,0,62,62573,RD165,50.49076,2.89833,Plein jour,Hors agglomération,Hors intersection,Normale,Deux véhicules - frontale,3,2,2,0,1,1,1,0,1,50,2,2,1,0,1,0,48.0,25.0,voiture,deux_roues,1,1,1,1,1
202000016219,2020-11-10 18:15:00,2020,11,10,18,15,62,62464,RAYERE (R DE LA),50.48536,2.82013,Nuit avec éclairage allumé,En agglomération,Hors intersection,Normale,Autre collision,3,3,2,3,1,1,1,6,6,30,1,3,1,0,1,1,20.0,,voiture,,5,2,1,1,6
202000016220,2020-11-17 15:20:00,2020,11,17,15,20,59,59508,HALLUIN (BOULEVARD D'),50.73617,3.13268,Plein jour,En agglomération,Autre intersection,Normale,,7,2,2,3,1,1,1,5,1,50,2,2,1,0,0,1,50.0,39.0,voiture,deux_roues,1,2,9,1,-1
202000016221,2020-11-17 15:15:00,2020,11,17,15,15,59,59648,SCHWIETZER RUE DU DOCTEUR,50.586011,3.042766,Plein jour,En agglomération,Hors intersection,Normale,Autre collision,4,2,2,0,1,1,1,0,1,50,1,2,1,0,1,0,23.0,,voiture,,1,2,1,1,6
202000016222,2020-11-17 07:40:00,2020,11,17,7,40,51,51454,Rue de Venise,49.2465141,4.0317586,Crépuscule ou aube,En agglomération,Intersection en X,Normale,Sans collision,4,2,3,0,1,1,1,0,1,50,1,2,1,0,0,1,37.0,,voiture,,2,2,2,1,7
202000016223,2020-11-12 16:07:00,2020,11,12,16,7,37,37261,HALLEBARDIER (RUE DU),47.3811636,0.693764,Plein jour,En agglomération,Intersection en T,Normale,,4,2,2,1,1,1,1,0,1,30,2,2,1,0,0,1,46.0,24.0,voiture,deux_roues,1,2,3,1,-1
202000016224,2020-11-16 19:05:00,2020,11,16,19,5,29,29232,Rue Emile Zola,47.9874426,-4.0985334,Nuit avec éclairage allumé,En agglomération,Intersection en X,Normale,Deux véhicules - frontale,4,2,4,0,1,1,1,5,1,50,2,4,2,0,2,0,20.0,45.0,voiture,voiture,5,2,2,1,1
202000016225,2020-10-22 22:15:00,2020,10,22,22,15,21,21231,N274,47.31553,5.0795,Nuit avec éclairage allumé,En agglomération,Hors intersection,Normale,Deux véhicules - côté,2,3,2,0,1,1,1,2,1,90,2,4,0,2,2,0,26.0,,utilitaire_camion,,5,2,1,1,3
202000016226,2020-11-17 17:23:00,2020,11,17,17,23,17,17300,MOULIN   AVENUE JEAN,46.15179,-1.13966,Crépuscule ou aube,En agglomération,Giratoire,Normale,Deux véhicules - côté,4,4,2,1,1,1,1,5,1,50,2,2,1,0,0,1,67.0,56.0,voiture,deux_roues,2,2,6,1,3
202000016227,2020-11-15 01:45:00,2020,11,15,1,45,13,13039,MEGLE (bld),43.4445911,4.9416402,Nuit avec éclairage non allumé,En agglomération,Hors intersection,Normale,Sans collision,4,2,2,0,1,1,1,0,1,50,1,2,1,0,0,1,54.0,,voiture,,4,2,1,1,7
202000016228,2020-11-17 18:05:00,2020,11,17,18,5,13,13208,POMPIDOU (PROMENADE),43.264725,5.37348,Nuit avec éclairage allumé,En agglomération,Hors intersection,Normale,Sans collision,4,2,2,1,2,1,1,9,5,50,1,1,0,0,1,0,53.0,,deux_roues,,5,2,1,1,7
202000016229,2020-11-17 16:00:00,2020,11,17,16,0,13,13203,PLOMBIERES (BOULEVARD DES),43.3149461,5.3877508,Plein jour,En agglomération,Intersection en X,Normale,Deux véhicules - côté,4,2,3,0,1,1,1,0,1,50,2,5,0,0,0,5,38.0,44.0,voiture,voiture,1,2,2,1,3
202000016230,2020-11-17 15:10:00,2020,11,17,15,10,13,13214,MERLAN (AVENUE),43.339932,5.407669,Plein jour,En agglomération,Hors intersection,Normale,Deux véhicules - arrière,4,2,2,0,1,1,1,0,1,50,2,1,0,0,0,1,27.0,,voiture,,1,2,1,1,2
202000016231,2020-11-17 18:15:00,2020,11,17,18,15,13,13028,FARDELOUP (CHEMIN DE),43.18359,5.59659,Nuit avec éclairage allumé,En agglomération,Hors intersection,Normale,Deux véhicules - frontale,3,2,2,0,2,1,1,0,1,30,2,2,0,0,1,1,33.0,56.0,utilitaire_camion,voiture,5,2,1,1,1
202000016232,2020-11-17 12:55:00,2020,11,17,12,55,11,11069,CUVIER GEORGES,43.21984,2.35577,Plein jour,En agglomération,Hors intersection,Normale,Deux véhicules - côté,4,2,2,0,1,1,1,0,1,50,2,2,1,0,0,1,30.0,49.0,voiture,deux_roues,1,2,1,1,3
202000016233,2020-11-16 19:30:00,2020,11,16,19,30,06,06083,"SOLEIL (PROMENADE DU, N° 2 A 848))",43.768635,7.491746,Nuit avec éclairage allumé,En agglomération,Intersection en T,Normale,Autre collision,3,2,2,0,1,1,1,0,1,50,1,2,0,0,2,0,43.0,,deux_roues,,5,2,3,1,6
202000016234,2020-11-17 10:05:00,2020,11,17,10,5,06,06069,ROUQUIER (BOULEVARD EMMANUEL),43.644397,6.941008,Plein jour,En agglomération,Hors intersection,Normale,Autre collision,4,2,2,3,2,1,1,0,6,50,1,2,1,0,0,1,,,,,1,2,1,1,6
202000016235,2020-11-16 07:11:00,2020,11,16,7,11,06,06069,CLEMENCEAU (BOULEVARD GEORGES),43.6621648,6.918703,Crépuscule ou aube,En agglomération,Hors intersection,Brouillard / fumée,Sans collision,3,2,2,0,2,2,2,0,1,50,1,1,0,0,0,1,30.0,,deux_roues,,2,2,1,5,7
202000016236,2020-11-16 10:15:00,2020,11,16,10,15,05,05061,CARREFOUR DE L'EUROPE,44.554839,6.075151,Plein jour,En agglomération,Giratoire,Normale,Deux véhicules - côté,2,1,2,0,1,2,2,0,1,50,2,2,1,0,1,0,72.0,75.0,deux_roues,voiture,1,2,6,1,3
202000016237,2020-11-17 06:50:00,2020,11,17,6,50,01,01451,LIAVOLES ( CHEMIN DES ),46.2308,5.21287,Nuit avec éclairage allumé,Hors agglomération,Giratoire,Temps couvert,Deux véhicules - côté,4,2,2,0,1,3,2,0,1,80,2,2,1,0,0,1,31.0,57.0,utilitaire_camion,utilitaire_camion,5,1,6,8,3
202000016238,2020-11-17 10:00:00,2020,11,17,10,0,75,75116,AVENUE DE NEW YORK,48.8641,2.300954,Plein jour,En agglomération,Place,Normale,Autre collision,4,1,0,0,2,1,1,0,4,50,1,2,1,0,0,1,33.0,,deux_roues,,1,2,7,1,6
202000016239,2020-11-17 21:50:00,2020,11,17,21,50,75,75110,BOULEVARD DE MAGENTA,48.876172,2.35605,Nuit avec éclairage allumé,En agglomération,Intersection en T,Normale,Deux véhicules - côté,4,2,3,0,1,1,1,0,1,50,2,1,0,0,0,1,34.0,,deux_roues,,5,2,3,1,3