accident_id,datetime,annee,mois,jour,heure,minute,departement,commune_insee,adresse,latitude,longitude,luminosite,agglomeration,intersection,meteo,collision,catr,circ,nbv,vosp,prof,plan,surf,infra,situ,vma,nb_vehicules,nb_usagers,nb_indemnes,nb_tues,nb_blesses_hosp,nb_blesses_legers,age_cond_1,age_cond_2,veh_type_cond_1,veh_type_cond_2,lum_code,agg_code,int_code,atm_code,col_code
202000016422,2020-05-05 10:00:00,2020,5,5,10,0,51,51454,Avenue Nicéphore Niepce,49.2320151,4.0721155,Plein jour,En agglomération,Hors intersection,Normale,Deux véhicules - côté,2,3,4,0,1,1,1,3,1,90,2,3,2,0,0,1,33.0,66.0,utilitaire_camion,voiture,1,2,1,1,3
202000016423,2020-05-05 16:30:00,2020,5,5,16,30,34,34108,MISTRAL FREDERIC (AVENUE),43.447111,3.7535019,Plein jour,En agglomération,Hors intersection,Normale,Deux véhicules - côté,4,1,1,0,1,2,1,0,1,30,2,2,1,0,1,0,55.0,30.0,deux_roues,voiture,1,2,1,1,3
202000016424,2020-05-04 20:50:00,2020,5,4,20,50,34,34032,JOFFRE MARECHAL (AV),43.3405035,3.2169312,Crépuscule ou aube,En agglomération,Hors intersection,Normale,Deux véhicules - frontale,4,2,2,0,2,2,1,0,1,50,2,2,1,0,1,0,20.0,20.0,deux_roues,voiture,2,2,1,1,1
202000016425,2020-05-05 19:40:00,2020,5,5,19,40,33,33063,RUE NOTRE DAME / RUE CORNAC / RUE LATOUR,44.85089,-0.5718,Plein jour,En agglomération,Intersection en X,Normale,Deux véhicules - côté,4,1,1,0,1,1,1,0,1,50,2,2,1,0,0,1,19.0,38.0,deux_roues,voiture,1,2,2,1,3
202000016426,2020-05-04 18:50:00,2020,5,4,18,50,31,31555,AV DE BRUXELLES,43.568643,1.413701,Plein jour,En agglomération,Hors intersection,Normale,Sans collision,4,2,2,0,1,1,1,1,1,50,1,2,1,0,0,1,40.0,,utilitaire_camion,,1,2,1,1,7
202000016427,2020-05-04 16:30:00,2020,5,4,16,30,31,31069,258 Route de Grenade,43.6511362,1.3810241,Plein jour,En agglomération,Hors intersection,Normale,Deux véhicules - frontale,3,2,2,0,1,1,1,0,1,50,2,2,1,0,0,1,41.0,35.0,transport_commun,deux_roues,1,2,1,1,1
202000016428,2020-05-05 17:00:00,2020,5,5,17,0,29,29039,Rue de Quimper,47.8890914,-3.9168684,Plein jour,En agglomération,Place,Normale,Autre collision,6,-1,-1,0,1,1,1,9,1,50,1,2,1,0,0,1,23.0,,voiture,,1,2,7,1,6
202000016429,2020-05-05 19:50:00,2020,5,5,19,50,26,26198,2 Avenue de Gournier,44.535693,4.7293553,Crépuscule ou aube,Hors agglomération,Hors intersection,Normale,Autre collision,2,2,2,0,1,2,1,5,1,80,1,1,0,0,0,1,44.0,,voiture,,2,1,1,1,6
202000016430,2020-05-05 16:30:00,2020,5,5,16,30,17,17300,SAUTEL  BOULEVARD ANDRE,46.16803,-1.13285,Plein jour,En agglomération,Hors intersection,Normale,Deux véhicules - côté,4,2,4,0,1,1,1,9,1,50,2,2,1,0,0,1,38.0,51.0,voiture,voiture,1,2,1,1,3
202000016431,2020-05-05 10:35:00,2020,5,5,10,35,07,07102,Jean CHARCOT (Rue),44.93652,4.86753,Plein jour,En agglomération,Hors intersection,Normale,,4,2,2,0,1,3,1,0,4,30,2,2,1,0,0,1,57.0,77.0,utilitaire_camion,utilitaire_camion,1,2,1,1,-1
202000016432,2020-05-05 17:40:00,2020,5,5,17,40,06,06069,Place César Ossola,43.658437,6.925795,Plein jour,En agglomération,Hors intersection,Normale,Autre collision,3,1,1,0,1,1,1,0,1,30,1,2,1,0,0,1,44.0,,utilitaire_camion,,1,2,1,1,6
202000016433,2020-05-05 21:50:00,2020,5,5,21,50,06,06027,ZIEM AVENUE,43.665495,7.170258,Nuit avec éclairage allumé,En agglomération,Intersection en X,Normale,Deux véhicules - côté,7,3,4,0,1,1,1,0,1,50,2,3,1,0,0,2,29.0,32.0,utilitaire_camion,voiture,5,2,2,1,3
202000016434,2020-05-05 14:00:00,2020,5,5,14,0,75,75117,ECHANGEUR MAILLOT,48.878768,2.280056,Plein jour,En agglomération,Hors intersection,Pluie légère,Autre collision,4,1,1,0,1,3,8,1,1,50,1,1,0,0,0,1,34.0,,voiture,,1,2,1,2,6
202000016435,2020-05-05 13:04:00,2020,5,5,13,4,75,75118,RUE ORDENER,48.892522,2.344309,Plein jour,En agglomération,Intersection en X,Pluie légère,Deux véhicules - côté,4,2,2,0,1,1,2,0,1,50,2,6,5,0,0,1,32.0,23.0,voiture,utilitaire_camion,1,2,2,2,3
202000016436,2020-05-05 06:30:00,2020,5,5,6,30,75,75111,RUE DE CHARONNE,48.853275,2.377293,Crépuscule ou aube,En agglomération,Intersection en X,Pluie légère,Deux véhicules - côté,4,2,4,0,1,1,2,0,1,50,2,3,2,0,0,1,42.0,36.0,utilitaire_camion,deux_roues,2,2,2,2,3
202000016437,2020-05-05 09:10:00,2020,5,5,9,10,75,75107,QUAI D ORSAY,48.862819,2.313461,Plein jour,En agglomération,Intersection en T,Pluie légère,Deux véhicules - côté,4,2,4,0,1,1,2,0,1,50,2,2,1,0,0,1,53.0,26.0,voiture,deux_roues,1,2,3,2,3
202000016438,2020-05-05 16:55:00,2020,5,5,16,55,75,75101,QUAI DES TUILERIES,48.862442,2.32519,Plein jour,En agglomération,Intersection en T,Temps couvert,Autre collision,4,1,5,0,1,1,1,0,4,50,1,1,0,0,0,1,53.0,,deux_roues,,1,2,3,8,6
202000016439,2020-05-05 12:40:00,2020,5,5,12,40,94,94028,FOCH(AVENUE DU MARECHAL),48.78461,2.43673,Plein jour,En agglomération,Giratoire,Pluie légère,Autre collision,3,2,0,0,1,1,2,0,8,50,1,2,1,0,0,1,74.0,,voiture,,1,2,6,2,6
202000016440,2020-05-05 18:00:00,2020,5,5,18,0,93,93050,VICTOIRE (PLACE),48.86338,2.53516,Plein jour,En agglomération,Hors intersection,Normale,Deux véhicules - côté,4,2,2,0,1,1,1,0,1,50,2,2,1,0,0,1,35.0,,voiture,,1,2,1,1,3
202000016441,2020-05-05 14:10:00,2020,5,5,14,10,93,93079,DIVISION LECLERC (AV),48.95607,2.34444,Plein jour,En agglomération,Hors intersection,Pluie légère,Deux véhicules - arrière,3,-1,2,0,1,1,2,0,1,50,2,2,1,0,0,1,24.0,43.0,deux_roues,voiture,1,2,1,2,2
202000016442,2020-05-05 14:10:00,2020,5,5,14,10,93,93029,JEAN JAURES (AVENUE),48.9181,2.4548,Plein jour,En agglomération,Intersection en T,Pluie légère,Trois véhicules et plus - en chaîne,3,2,2,0,1,1,2,0,1,50,3,3,2,0,0,1,21.0,33.0,voiture,voiture,1,2,3,2,4
202000016443,2020-04-27 16:00:00,2020,4,27,16,0,92,92036,PIERRE DE COUBERTIN (BOULEVARD) (G.SAND/ LOUIS CALMEL (RUE) (1),48.923016,2.286462,Plein jour,En agglomération,Giratoire,Normale,Deux véhicules - côté,3,3,3,0,1,1,1,0,1,50,2,2,1,0,0,1,38.0,51.0,deux_roues,voiture,1,2,6,1,3
202000016444,2020-05-06 15:00:00,2020,5,6,15,0,02,02131,chemin de la Fosselle,49.390991,3.381895,Plein jour,En agglomération,Autre intersection,Normale,Deux véhicules - côté,4,2,2,0,1,1,1,0,1,50,2,2,1,0,1,0,20.0,13.0,voiture,deux_roues,1,2,9,1,3
202000016445,2020-05-06 12:30:00,2020,5,6,12,30,63,63026,Rue du Puy de Dome,45.674568,3.007824,Plein jour,Hors agglomération,Hors intersection,Normale,Deux véhicules - frontale,3,2,2,0,2,2,1,0,1,50,2,2,1,0,1,0,61.0,64.0,voiture,voiture,1,1,1,1,1
202000016446,2020-05-06 12:20:00,2020,5,6,12,20,50,50541,1 Route de Saint Denis,48.84572,-1.498822,Plein jour,Hors agglomération,Intersection en T,Normale,Deux véhicules - arrière,3,2,2,0,2,1,1,0,1,80,2,2,1,0,1,0,25.0,57.0,deux_roues,utilitaire_camion,1,1,3,1,2
202000016447,2020-05-06 15:30:00,2020,5,6,15,30,974,97422,chemin du paille en queue,-21.241538,55.541781,Plein jour,En agglomération,Hors intersection,Pluie légère,Autre collision,3,2,2,0,1,2,2,0,1,50,1,1,0,0,1,0,33.0,,voiture,,1,2,1,2,6
202000016448,2020-05-06 21:00:00,2020,5,6,21,0,63,63181,D207,46.0285062,3.1074078,Crépuscule ou aube,Hors agglomération,Hors intersection,Normale,Autre collision,3,2,2,0,2,2,1,0,3,80,1,1,0,0,1,0,36.0,,voiture,,2,1,1,1,6
202000016449,2020-05-06 16:45:00,2020,5,6,16,45,80,80639,Chemin de Longpre,49.94356,2.303293,Plein jour,Hors agglomération,Hors intersection,Normale,Sans collision,4,2,2,0,2,2,1,0,1,80,1,1,0,0,0,1,20.0,,voiture,,1,1,1,1,7
202000016450,2020-05-06 17:55:00,2020,5,6,17,55,57,57565,Rédange,49.491772,5.905323,Plein jour,Hors agglomération,Hors intersection,Temps éblouissant,Sans collision,3,2,2,0,1,2,1,0,3,50,1,1,0,1,0,0,66.0,,deux_roues,,1,1,1,7,7
202000016451,2020-05-05 17:15:00,2020,5,5,17,15,2A,2A271,D72,41.9519478,8.8112942,Plein jour,Hors agglomération,Giratoire,Normale,Deux véhicules - côté,2,2,2,0,2,3,1,0,8,80,2,2,1,0,1,0,57.0,33.0,voiture,deux_roues,1,1,6,1,3
202000016452,2020-05-06 05:50:00,2020,5,6,5,50,80,80015,Route Departementale 917,49.96327,2.983548,Crépuscule ou aube,En agglomération,Hors intersection,Normale,Autre collision,3,2,2,0,1,3,1,0,3,50,1,1,0,0,1,0,56.0,,voiture,,2,2,1,1,6
202000016453,2020-05-05 19:50:00,2020,5,5,19,50,61,61290,Les Fonderies,48.686073,-0.259123,Plein jour,Hors agglomération,Hors intersection,Normale,Autre collision,3,2,2,0,1,1,1,0,3,80,1,1,0,0,0,1,58.0,,voiture,,1,1,1,1,6
202000016454,2020-04-26 21:58:00,2020,4,26,21,58,12,12215,D840,44.494916,2.386775,Nuit sans éclairage public,Hors agglomération,Hors intersection,Pluie légère,Sans collision,3,2,2,0,2,3,2,0,3,80,1,1,0,0,1,0,65.0,,voiture,,3,1,1,2,7
202000016455,2020-05-06 09:30:00,2020,5,6,9,30,47,47239,D667,44.414923,0.562363,Plein jour,Hors agglomération,Hors intersection,Normale,Deux véhicules - frontale,3,2,2,0,2,2,1,0,1,80,2,3,0,2,1,0,49.0,64.0,voiture,voiture,1,1,1,1,1
202000016456,2020-04-30 21:45:00,2020,4,30,21,45,47,47135,Moulin à Eau,44.410041,0.443369,Nuit sans éclairage public,Hors agglomération,Hors intersection,Pluie forte,Autre collision,4,2,2,0,1,1,2,0,3,50,1,3,1,0,1,1,33.0,,voiture,,3,1,1,3,6
202000016457,2020-05-06 11:27:00,2020,5,6,11,27,38,38560,Rue du Vallon de Lamartine,45.48392,5.47413,Plein jour,En agglomération,Hors intersection,Normale,Autre collision,3,2,2,0,1,1,1,0,3,50,1,2,1,0,1,0,26.0,,voiture,,1,2,1,1,6
202000016458,2020-05-05 16:30:00,2020,5,5,16,30,84,84017,164 Route de Mormoiron,44.107501,5.176436,Plein jour,Hors agglomération,Hors intersection,Normale,Autre collision,3,2,2,0,1,1,1,0,8,70,1,1,0,0,1,0,48.0,,deux_roues,,1,1,1,1,6
202000016459,2020-05-04 17:30:00,2020,5,4,17,30,26,26165,Route d'Allex,44.808114,4.858313,Plein jour,Hors agglomération,Hors intersection,Normale,Trois véhicules et plus - en chaîne,3,2,2,0,1,1,1,0,1,70,3,3,2,0,0,1,48.0,32.0,voiture,voiture,1,1,1,1,4
202000016460,2020-05-05 18:40:00,2020,5,5,18,40,14,14157,Rue des Ormes (Bretteville-l'Orgueilleuse),49.173763,-0.540888,Plein jour,Hors agglomération,Hors intersection,Normale,Autre collision,3,2,2,0,1,1,1,0,3,80,1,3,1,0,0,2,66.0,,voiture,,1,1,1,1,6
202000016461,2020-03-17 16:00:00,2020,3,17,16,0,60,60533,297 Rue Georges Latapie,49.543468,2.746764,Plein jour,En agglomération,Intersection en T,Normale,Deux véhicules - côté,3,2,2,0,1,1,1,0,1,50,2,2,1,0,0,1,27.0,27.0,utilitaire_camion,deux_roues,1,2,3,1,3
202000016462,2020-05-06 10:20:00,2020,5,6,10,20,60,60030,d 927,49.3739106,2.1053491,Plein jour,Hors agglomération,Hors intersection,Normale,Sans collision,3,2,2,0,2,1,1,0,1,80,1,1,0,0,0,1,76.0,,voiture,,1,1,1,1,7
202000016463,2020-05-06 07:20:00,2020,5,6,7,20,45,45203,D18 - PR0+930,47.821803,1.7039,Plein jour,En agglomération,Intersection en X,Normale,Deux véhicules - frontale,3,2,2,0,2,1,1,2,1,50,2,2,1,1,0,0,40.0,36.0,deux_roues,voiture,1,2,2,1,1
202000016464,2020-04-23 06:45:00,2020,4,23,6,45,18,18281,D2076,47.207091,2.152591,Crépuscule ou aube,Hors agglomération,Hors intersection,Normale,Autre collision,3,2,2,0,1,1,1,0,1,80,1,1,0,0,0,1,30.0,,deux_roues,,2,1,1,1,6
202000016465,2020-05-04 05:50:00,2020,5,4,5,50,18,18019,Route de Domery,47.187802,2.679645,Crépuscule ou aube,Hors agglomération,Hors intersection,Brouillard / fumée,Autre collision,4,2,2,0,1,3,1,0,3,80,1,1,0,0,0,1,29.0,,voiture,,2,1,1,5,6
202000016466,2020-05-05 20:20:00,2020,5,5,20,20,16,16346,Ld Chez Nardon,45.231046,0.069212,Crépuscule ou aube,Hors agglomération,Hors intersection,Normale,Deux véhicules - frontale,3,2,2,0,4,2,1,0,1,80,2,3,2,0,1,0,21.0,22.0,voiture,voiture,2,1,1,1,1
202000016467,2020-05-06 11:40:00,2020,5,6,11,40,21,21435,D971,47.88262,4.564079,Plein jour,Hors agglomération,Hors intersection,Normale,Deux véhicules - arrière,3,2,2,0,2,1,1,0,1,90,2,2,1,0,1,0,29.0,95.0,deux_roues,voiture,1,1,1,1,2
202000016468,2020-05-04 20:53:00,2020,5,4,20,53,17,17215,Le Fief des Brandes,45.466865,-0.465004,Plein jour,Hors agglomération,Hors intersection,Normale,Autre collision,3,2,2,0,1,1,1,0,3,80,1,1,0,0,1,0,25.0,,voiture,,1,1,1,1,6
202000016469,2020-05-06 10:00:00,2020,5,6,10,0,52,52008,D44,48.2360004,5.280134,Plein jour,Hors agglomération,Hors intersection,Normale,Autre collision,3,2,2,0,2,1,1,0,3,80,1,1,0,0,0,1,58.0,,utilitaire_camion,,1,1,1,1,6
202000016470,2020-05-05 18:50:00,2020,5,5,18,50,973,97307,RN 4 - route de l'aéroport Félix Éboué,4.826271,-52.361784,Crépuscule ou aube,Hors agglomération,Hors intersection,Temps couvert,Deux véhicules - arrière,3,2,2,0,1,1,1,0,1,70,2,2,1,0,1,0,23.0,38.0,voiture,deux_roues,2,1,1,8,2
202000016471,2020-05-05 17:00:00,2020,5,5,17,0,38,38193,D1006,45.610904,5.209569,Plein jour,Hors agglomération,Hors intersection,Normale,Deux véhicules - frontale,3,2,3,0,1,1,1,0,1,70,2,2,0,0,0,2,27.0,52.0,voiture,voiture,1,1,1,1,1
202000016472,2020-05-06 14:30:00,2020,5,6,14,30,74,74268,165 Avenue d'Aix-les-bains (Seynod),45.883518,6.09841,Plein jour,En agglomération,Intersection en X,Normale,Deux véhicules - côté,3,3,2,0,2,1,1,0,1,50,2,2,1,0,1,0,25.0,36.0,deux_roues,voiture,1,2,2,1,3
202000016473,2020-05-05 17:05:00,2020,5,5,17,5,25,25219,RD 461,47.139877,6.382198,Plein jour,Hors agglomération,Intersection en T,Temps couvert,Deux véhicules - arrière,3,2,2,0,1,1,1,0,1,80,2,2,1,0,1,0,45.0,25.0,voiture,utilitaire_camion,1,1,3,8,2
202000016474,2020-05-04 17:45:00,2020,5,4,17,45,975,97501,Rue Marcel helene,47.09781,-56.38226,Plein jour,En agglomération,Hors intersection,Normale,Deux véhicules - côté,2,2,2,0,1,1,1,0,1,30,2,2,1,0,1,0,77.0,24.0,voiture,voiture,1,2,1,1,3
202000016475,2020-05-04 07:15:00,2020,5,4,7,15,973,97311,cd 9 pk 8,5.5500389,-53.9370775,Plein jour,Hors agglomération,Hors intersection,Pluie forte,Deux véhicules - frontale,3,2,2,0,1,1,2,2,5,80,2,2,1,0,0,1,23.0,23.0,voiture,utilitaire_camion,1,1,1,3,1
202000016476,2020-05-05 15:00:00,2020,5,5,15,0,13,13115,D22,43.683853,5.193733,Plein jour,Hors agglomération,Hors intersection,Normale,Autre collision,3,-1,2,0,1,1,1,0,3,80,1,1,0,0,1,0,22.0,,voiture,,1,1,1,1,6
202000016477,2020-05-04 07:30:00,2020,5,4,7,30,38,38558,Route de Marennes,45.58631,4.91397,Plein jour,En agglomération,Hors intersection,Normale,Sans collision,3,2,2,0,1,1,1,0,1,50,1,1,0,0,0,1,33.0,,deux_roues,,1,2,1,1,7
202000016478,2020-05-04 16:50:00,2020,5,4,16,50,40,40182,Avenue du Born,44.075481,-1.166954,Plein jour,En agglomération,Giratoire,Normale,,3,2,2,0,1,1,1,0,1,50,2,3,2,0,1,0,44.0,17.0,utilitaire_camion,deux_roues,1,2,6,1,-1
202000016479,2020-05-04 05:30:00,2020,5,4,5,30,13,13015,A51-Sens Marseille vers Aix en Provence,43.44147,5.39634,Nuit sans éclairage public,Hors agglomération,Hors intersection,Normale,Trois véhicules et plus - en chaîne,1,1,2,0,1,1,1,0,1,90,3,6,5,0,0,1,48.0,27.0,voiture,voiture,3,1,1,1,4
202000016480,2020-05-04 01:10:00,2020,5,4,1,10,69,69266,RD 383  ,45.7688,4.9038,Nuit avec éclairage allumé,Hors agglomération,Hors intersection,Normale,,3,1,3,0,1,1,1,0,1,70,3,4,3,0,0,1,30.0,19.0,utilitaire_camion,utilitaire_camion,5,1,1,1,-1
202000016481,2020-05-05 14:20:00,2020,5,5,14,20,91,91687,AUTOROUTE A6,48.665,2.3639,Plein jour,Hors agglomération,Hors intersection,Pluie légère,Sans collision,1,3,6,0,1,1,2,0,1,110,1,1,0,0,0,1,56.0,,utilitaire_camion,,1,1,1,2,7
202000016482,2020-05-05 14:45:00,2020,5,5,14,45,78,78297,RN12,48.787925,2.063006,Plein jour,Hors agglomération,Hors intersection,Temps couvert,Autre collision,2,3,2,0,1,2,2,0,1,110,1,1,0,0,0,1,49.0,,voiture,,1,1,1,8,6
202000016483,2020-05-05 18:45:00,2020,5,5,18,45,95,95061,RN 104,49.06836,2.25211,Plein jour,Hors agglomération,Hors intersection,Temps couvert,Sans collision,2,3,2,0,1,1,1,0,1,110,1,1,0,0,0,1,26.0,,voiture,,1,1,1,8,7
202000016484,2020-05-05 15:45:00,2020,5,5,15,45,93,93005,AUTOROUTE A3,48.93078,2.48074,Plein jour,Hors agglomération,Hors intersection,Normale,Deux véhicules - arrière,1,3,1,0,2,1,2,0,1,70,2,3,2,0,0,1,49.0,23.0,voiture,utilitaire_camion,1,1,1,1,2
202000016485,2020-05-04 18:15:00,2020,5,4,18,15,93,93048,AUTOROUTE A86,48.86284,2.48301,Plein jour,Hors agglomération,Hors intersection,Normale,Autre collision,1,3,6,0,1,3,1,9,1,90,1,1,0,0,1,0,39.0,,deux_roues,,1,1,1,1,6
202000016486,2020-05-05 15:55:00,2020,5,5,15,55,77,77169,A4.Y,48.8316661,2.6015335,Plein jour,Hors agglomération,Hors intersection,Normale,Trois véhicules et plus - en chaîne,1,3,3,0,1,1,1,0,1,110,4,4,3,0,0,1,22.0,47.0,utilitaire_camion,voiture,1,1,1,1,4
202000016487,2020-02-25 17:45:00,2020,2,25,17,45,66,66136,POINCARE (BOULEVARD HENRI),42.69132,2.89626,Plein jour,En agglomération,Hors intersection,Normale,,4,2,1,0,1,1,1,0,1,50,2,2,1,0,0,1,45.0,75.0,deux_roues,voiture,1,2,1,1,-1
202000016488,2020-02-26 17:25:00,2020,2,26,17,25,27,27375,CANAL (RUE DU),49.2186,1.1787,Plein jour,En agglomération,Autre intersection,Temps éblouissant,Autre collision,4,2,2,2,1,1,2,2,1,30,1,2,1,0,0,1,51.0,,voiture,,1,2,9,7,6
202000016489,2020-01-01 12:17:00,2020,1,1,12,17,75,75107,PLACE DE L ECOLE MILITAIRE,48.854485,2.305809,Plein jour,En agglomération,Place,Temps couvert,Sans collision,4,2,3,0,1,1,2,0,1,50,1,1,0,0,1,0,52.0,,deux_roues,,1,2,7,8,7
202000016490,2020-01-01 01:30:00,2020,1,1,1,30,75,75101,RUE DE RIVOLI,48.863358,2.333329,Nuit avec éclairage allumé,En agglomération,Hors intersection,Normale,Autre collision,4,1,3,0,1,1,1,0,1,50,1,1,0,0,0,1,64.0,,deux_roues,,5,2,1,1,6
202000016491,2020-01-01 17:14:00,2020,1,1,17,14,75,75101,BOULEVARD DE SEBASTOPOL,48.8581728,2.3480313,Nuit avec éclairage allumé,En agglomération,Hors intersection,Pluie légère,Autre collision,4,1,3,0,1,1,2,8,1,50,1,1,0,0,0,1,,,,,5,2,1,2,6
202000016492,2020-05-05 10:20:00,2020,5,5,10,20,988,98818,ROUTE DE L'ANSE VATA/COMMANDANT RIVIERE,-22.2857,166.44798,Plein jour,En agglomération,Intersection en T,Temps couvert,Sans collision,4,2,2,0,2,2,2,0,1,50,1,1,0,0,0,1,31.0,,deux_roues,,1,2,3,8,7
202000016493,2020-05-05 00:15:00,2020,5,5,0,15,69,69259,REPUBLIQUE (DE LA)                  (AV),45.7068746,4.8729358,Nuit avec éclairage allumé,En agglomération,Hors intersection,Normale,Autre collision,4,2,2,0,1,1,1,0,1,50,1,3,2,0,0,1,21.0,,voiture,,5,2,1,1,6
202000016494,2020-05-04 08:00:00,2020,5,4,8,0,972,97213,ROUTE DEPARTEMENTALE 3 BIS,14.628944,-60.989353,Plein jour,Hors agglomération,Hors intersection,Normale,Deux véhicules - arrière,3,3,2,0,1,1,1,0,1,70,2,2,1,0,0,1,49.0,29.0,autre,utilitaire_camion,1,1,1,1,2
202000016495,2020-04-30 08:50:00,2020,4,30,8,50,91,91457,CD 19,48.57432,2.26016,Plein jour,En agglomération,Giratoire,Normale,Deux véhicules - côté,3,3,4,0,1,1,2,0,1,50,2,2,0,0,0,2,29.0,32.0,voiture,voiture,1,2,6,1,3
202000016496,2020-04-10 16:20:00,2020,4,10,16,20,91,91552,PARC (IMPASSE DU),48.59854,2.25524,Plein jour,En agglomération,Hors intersection,Normale,Autre collision,4,2,1,0,1,1,1,0,8,50,1,2,0,0,1,1,19.0,,deux_roues,,1,2,1,1,6
202000016497,2020-04-05 15:02:00,2020,4,5,15,2,91,91021,Avenue de Verdun,48.58415,2.24435,Plein jour,En agglomération,Intersection en T,Normale,Deux véhicules - côté,3,1,1,0,1,1,1,0,1,50,2,4,3,0,0,1,39.0,40.0,voiture,deux_roues,1,2,3,1,3
202000016498,2020-05-01 02:01:00,2020,5,1,2,1,76,76351,JULES DURAND (BD),49.49077,0.16016,Nuit avec éclairage allumé,En agglomération,Hors intersection,Normale,Autre collision,3,2,2,0,1,2,1,0,3,50,1,2,0,0,1,1,23.0,,voiture,,5,2,1,1,6
202000016499,2020-04-30 15:25:00,2020,4,30,15,25,71,71306,Rue de la Ferme,46.6685136,4.3616894,Plein jour,En agglomération,Intersection en X,Pluie légère,Deux véhicules - côté,4,2,2,0,1,1,2,0,1,50,2,3,1,0,0,2,53.0,22.0,voiture,utilitaire_camion,1,2,2,2,3
202000016500,2020-05-03 02:30:00,2020,5,3,2,30,64,64122,DOMREMY(RD-PT),43.48352,-1.5435,Nuit avec éclairage allumé,En agglomération,Hors intersection,Normale,Autre collision,4,1,1,0,1,2,1,0,1,50,1,1,0,0,0,1,33.0,,deux_roues,,5,2,1,1,6
202000016501,2020-05-04 05:35:00,2020,5,4,5,35,63,63063,VERTE (RUE),45.8412718,3.1171698,Nuit avec éclairage allumé,En agglomération,Hors intersection,Normale,Deux véhicules - côté,7,2,2,0,1,1,1,0,1,50,2,2,0,1,0,1,29.0,49.0,voiture,deux_roues,5,2,1,1,3
202000016502,2020-05-02 16:55:00,2020,5,2,16,55,56,56121,Rue du Soleil d'Orient,47.73511,-3.39414,Plein jour,En agglomération,Intersection en T,Pluie légère,Deux véhicules - côté,4,-1,0,0,1,1,2,0,1,50,2,2,1,0,0,1,19.0,51.0,voiture,voiture,1,2,3,2,3
202000016503,2020-05-01 23:30:00,2020,5,1,23,30,56,56021,Avenue Général de Gaulle,47.79028,-3.1898,Nuit avec éclairage non allumé,En agglomération,Giratoire,Normale,Autre collision,3,-1,2,0,1,1,1,5,1,50,1,2,0,0,1,1,19.0,,deux_roues,,4,2,6,1,6
202000016504,2020-04-30 13:48:00,2020,4,30,13,48,49,49007,COUBERTIN BOULEVARD,47.46175,-0.53252,Plein jour,En agglomération,Hors intersection,Normale,Deux véhicules - côté,4,2,2,0,1,1,1,0,1,60,2,2,1,0,0,1,27.0,48.0,voiture,voiture,1,2,1,1,3
202000016505,2020-05-04 16:45:00,2020,5,4,16,45,45,45232,Avenue Roger Secretain,47.87076,1.91204,Plein jour,Hors agglomération,Hors intersection,Normale,Sans collision,4,1,3,0,1,3,1,0,3,70,1,1,0,0,0,1,35.0,,deux_roues,,1,1,1,1,7
202000016506,2020-05-04 18:40:00,2020,5,4,18,40,33,33281,AVE ROLAND GARROS / RUE CAMILLE FLAMMARION,44.82906,-0.68756,Plein jour,En agglomération,Giratoire,Normale,Autre collision,4,2,4,2,1,1,1,0,1,50,1,2,1,0,0,1,64.0,,voiture,,1,2,6,1,6
202000016507,2020-05-02 21:35:00,2020,5,2,21,35,31,31555,RUE ARISTIDE MAILLOL,43.57853,1.39654,Crépuscule ou aube,En agglomération,Hors intersection,Normale,Sans collision,4,2,2,0,1,2,1,0,1,50,1,1,0,1,0,0,18.0,,deux_roues,,2,2,1,1,7
202000016508,2020-05-02 21:00:00,2020,5,2,21,0,31,31555,RUE DE LA CHAUSSEE,43.59181,1.44153,Nuit avec éclairage allumé,En agglomération,Hors intersection,Normale,Sans collision,4,2,2,0,2,2,1,0,1,50,1,1,0,0,1,0,44.0,,deux_roues,,5,2,1,1,7
202000016509,2020-05-04 14:20:00,2020,5,4,14,20,30,30028,MAYRE (AVENUE DE LA),44.15779,4.6235,Plein jour,En agglomération,Hors intersection,Normale,Deux véhicules - frontale,3,2,2,0,1,1,1,0,1,50,2,4,2,0,0,2,73.0,19.0,voiture,voiture,1,2,1,1,1
202000016510,2020-05-03 19:25:00,2020,5,3,19,25,27,27681,ANDRE (RUE GEORGES),49.07613,1.48728,Plein jour,En agglomération,Hors intersection,Normale,Deux véhicules - frontale,4,-1,2,0,1,1,1,0,1,50,2,5,4,0,1,0,22.0,23.0,deux_roues,voiture,1,2,1,1,1
202000016511,2020-05-03 06:45:00,2020,5,3,6,45,15,15014,CRETES (ROUTE DES),44.94176,2.44679,Nuit sans éclairage public,Hors agglomération,Hors intersection,Pluie légère,Autre collision,3,2,2,0,2,3,2,0,3,80,1,1,0,0,1,0,20.0,,voiture,,3,1,1,2,6
202000016512,2020-05-02 19:02:00,2020,5,2,19,2,13,13206,ARMENY (RUE D'),43.29116,5.38067,Plein jour,En agglomération,Intersection en X,Normale,Deux véhicules - côté,4,1,2,0,1,1,1,0,1,50,2,2,1,0,1,0,60.0,47.0,deux_roues,voiture,1,2,2,1,3
202000016513,2020-05-04 10:35:00,2020,5,4,10,35,75,75105,BOULEVARD SAINT MICHEL,48.841754,2.337756,Plein jour,En agglomération,Intersection en X,Normale,Autre collision,4,2,4,0,2,1,1,0,1,50,1,1,0,0,0,1,20.0,,utilitaire_camion,,1,2,2,1,6
202000016514,2020-05-04 12:20:00,2020,5,4,12,20,94,94076,PARIS (AV DE),48.8041647,2.3641778,Plein jour,En agglomération,Autre intersection,Normale,Sans collision,3,1,1,1,1,1,1,0,5,50,1,1,0,0,0,1,36.0,,autre,,1,2,9,1,7
202000016515,2020-05-04 17:15:00,2020,5,4,17,15,92,92020,VERDUN AVENUE DE AUTRES N°,48.79802,2.279,Plein jour,En agglomération,Hors intersection,Normale,Sans collision,3,2,2,0,2,1,1,0,1,50,1,1,0,0,0,1,21.0,,deux_roues,,1,2,1,1,7