accident_id,datetime,annee,mois,jour,heure,minute,departement,commune_insee,adresse,latitude,longitude,luminosite,agglomeration,intersection,meteo,collision,catr,circ,nbv,vosp,prof,plan,surf,infra,situ,vma,nb_vehicules,nb_usagers,nb_indemnes,nb_tues,nb_blesses_hosp,nb_blesses_legers,age_cond_1,age_cond_2,veh_type_cond_1,veh_type_cond_2,lum_code,agg_code,int_code,atm_code,col_code
202000016609,2020-01-23 10:30:00,2020,1,23,10,30,13,13005,Sens Aubagne vers Marseille,43.28868,5.56098,Plein jour,Hors agglomération,Hors intersection,Normale,Trois véhicules et plus - en chaîne,1,1,2,0,1,1,1,0,1,90,3,2,1,0,0,1,39.0,33.0,utilitaire_camion,deux_roues,1,1,1,1,4
202000016610,2020-01-22 09:45:00,2020,1,22,9,45,13,13001,A51-Sens Aix en Provence vers Marseille,43.4848,5.4082,Plein jour,Hors agglomération,Hors intersection,Normale,Deux véhicules - arrière,1,1,2,0,1,1,1,0,2,90,2,2,1,0,0,1,59.0,30.0,transport_commun,voiture,1,1,1,1,2
202000016611,2020-01-24 07:30:00,2020,1,24,7,30,83,83137,A50,43.12506,5.90625,Plein jour,Hors agglomération,Hors intersection,Normale,Trois véhicules et plus - en chaîne,1,3,6,0,1,1,1,0,1,110,3,3,2,0,1,0,36.0,63.0,voiture,voiture,1,1,1,1,4
202000016612,2020-01-20 09:25:00,2020,1,20,9,25,59,59146,AUTOROUTE A27,50.602828,3.215028,Plein jour,Hors agglomération,Hors intersection,Brouillard / fumée,Deux véhicules - arrière,1,3,4,0,1,1,2,0,1,110,2,2,1,0,1,0,56.0,29.0,utilitaire_camion,utilitaire_camion,1,1,1,5,2
202000016613,2020-01-24 18:47:00,2020,1,24,18,47,91,91363,RN 104,48.63425,2.21772,Nuit sans éclairage public,Hors agglomération,Hors intersection,Normale,Deux véhicules - côté,2,-1,2,0,1,1,1,0,1,110,2,2,1,0,0,1,49.0,44.0,deux_roues,voiture,3,1,1,1,3
202000016614,2020-01-24 18:11:00,2020,1,24,18,11,91,91339,RN 104,48.62403,2.26598,Nuit sans éclairage public,Hors agglomération,Hors intersection,Normale,Deux véhicules - côté,2,3,4,0,1,1,1,3,1,110,2,3,2,0,0,1,42.0,19.0,deux_roues,voiture,3,1,1,1,3
202000016615,2020-01-24 09:40:00,2020,1,24,9,40,91,91689,AUTOROUTE A6,48.72938,2.3144,Plein jour,Hors agglomération,Hors intersection,Normale,Deux véhicules - arrière,1,1,3,0,1,1,1,0,1,110,2,2,1,0,1,0,30.0,25.0,utilitaire_camion,voiture,1,1,1,1,2
202000016616,2020-01-23 23:57:00,2020,1,23,23,57,91,91659,AUTOROUTE A6,48.5848,2.45366,Nuit sans éclairage public,Hors agglomération,Hors intersection,Normale,Trois véhicules et plus - en chaîne,1,2,6,0,1,1,1,0,1,110,3,3,2,0,0,1,33.0,21.0,transport_commun,voiture,3,1,1,1,4
202000016617,2020-01-24 08:45:00,2020,1,24,8,45,78,78640,A12 Y,48.778611,2.222573,Nuit avec éclairage allumé,Hors agglomération,Hors intersection,Normale,Deux véhicules - côté,2,3,2,0,1,1,1,0,1,90,2,2,1,0,0,1,24.0,43.0,voiture,deux_roues,5,1,1,1,3
202000016618,2020-01-24 19:45:00,2020,1,24,19,45,95,95582,RD 170,48.9628,2.2637,Nuit sans éclairage public,Hors agglomération,Hors intersection,Normale,Sans collision,2,1,1,0,4,3,8,0,1,50,1,2,1,0,0,1,42.0,,deux_roues,,3,1,1,1,7
202000016619,2020-01-17 18:15:00,2020,1,17,18,15,92,92025,CHARLES DE GAULLE (BD),48.9180202,2.2243452,Nuit avec éclairage allumé,En agglomération,Intersection en X,Normale,Deux véhicules - frontale,3,2,0,1,1,1,1,0,3,50,2,1,0,0,0,1,36.0,,deux_roues,,5,2,2,1,1
202000016620,2020-01-23 18:50:00,2020,1,23,18,50,69,69387,ABBE BOISARD (DE L')                (R ),45.74973,4.85435,Nuit avec éclairage allumé,En agglomération,Hors intersection,Normale,Deux véhicules - côté,4,1,0,0,1,1,1,0,1,50,2,2,1,0,0,1,53.0,30.0,voiture,deux_roues,5,2,1,1,3
202000016621,2020-01-23 16:40:00,2020,1,23,16,40,69,69383,PAUL BERT                           (R ),45.757,4.8595,Plein jour,En agglomération,Hors intersection,Normale,Autre collision,4,2,6,1,1,1,1,0,5,50,1,2,1,0,0,1,47.0,,deux_roues,,1,2,1,1,6
202000016622,2020-01-23 08:16:00,2020,1,23,8,16,972,97209,BISHOP (Avenue Maurice),14.60382,-61.06115,Plein jour,En agglomération,Hors intersection,Normale,Deux véhicules - arrière,2,3,2,0,1,2,1,9,1,50,2,2,1,0,0,1,59.0,42.0,voiture,voiture,1,2,1,1,2
202000016623,2020-01-23 09:30:00,2020,1,23,9,30,91,91432,D 118,48.709384,2.351541,Plein jour,Hors agglomération,Hors intersection,Normale,Trois véhicules et plus - en chaîne,3,2,2,0,1,1,6,0,1,80,3,3,2,0,0,1,53.0,28.0,voiture,voiture,1,1,1,1,4
202000016624,2020-01-21 08:35:00,2020,1,21,8,35,90,90010,FERRETTE (RUE DE),47.653151,6.84468,Plein jour,En agglomération,Hors intersection,Normale,Deux véhicules - côté,4,2,2,0,1,1,1,0,1,50,2,2,1,0,1,0,62.0,52.0,deux_roues,voiture,1,2,1,1,3
202000016625,2020-01-23 07:47:00,2020,1,23,7,47,87,87050,RD947,45.90203,1.22522,Nuit avec éclairage allumé,En agglomération,Hors intersection,Normale,Trois véhicules et plus - en chaîne,3,2,2,0,1,1,1,0,1,50,3,4,3,0,0,1,49.0,30.0,voiture,voiture,5,2,1,1,4
202000016626,2020-01-22 10:10:00,2020,1,22,10,10,86,86194,Avenue John Kennedy,46.57382,0.37097,Plein jour,En agglomération,Hors intersection,Normale,Deux véhicules - côté,3,3,4,-1,1,1,1,0,1,50,2,2,1,0,0,1,46.0,21.0,voiture,deux_roues,1,2,1,1,3
202000016627,2020-01-22 15:40:00,2020,1,22,15,40,86,86194,Avenue du 11 Novembre,46.5662,0.36329,Plein jour,En agglomération,Hors intersection,Normale,Deux véhicules - côté,3,3,5,0,1,1,1,0,1,50,2,3,1,0,0,2,35.0,34.0,voiture,voiture,1,2,1,1,3
202000016628,2020-01-21 12:15:00,2020,1,21,12,15,86,86194,Avenue de Paris,46.6111545,0.3485155,Plein jour,En agglomération,Hors intersection,Normale,Deux véhicules - frontale,4,2,2,0,1,1,1,0,1,50,2,2,0,0,0,2,58.0,70.0,voiture,voiture,1,2,1,1,1
202000016629,2020-01-10 00:05:00,2020,1,10,0,5,84,84007,SAINT ROCH (Boulevard),43.94244,4.80891,Nuit sans éclairage public,En agglomération,Hors intersection,Normale,Deux véhicules - côté,4,2,3,1,1,1,1,5,1,50,2,2,1,0,1,0,20.0,59.0,voiture,voiture,3,2,1,1,3
202000016630,2020-01-23 07:55:00,2020,1,23,7,55,81,81065,SIDOBRE RD 622 (AV. DU),43.61835,2.2701,Crépuscule ou aube,En agglomération,Intersection en T,Normale,Deux véhicules - côté,3,2,2,0,1,1,1,0,1,50,2,2,1,0,0,1,17.0,67.0,deux_roues,voiture,2,2,3,1,3
202000016631,2020-01-22 19:40:00,2020,1,22,19,40,80,80021,ROCADE NORD RN 1,49.9239105,2.327401,Nuit avec éclairage allumé,Hors agglomération,Hors intersection,Normale,Sans collision,2,3,4,0,1,2,1,0,1,110,1,1,0,0,0,1,53.0,,voiture,,5,1,1,1,7
202000016632,2020-01-22 15:45:00,2020,1,22,15,45,79,79191,110 Avenue de Limoges,46.31941,-0.45006,Plein jour,En agglomération,Hors intersection,Normale,Deux véhicules - côté,3,2,2,-1,1,1,1,0,1,50,2,3,2,0,0,1,51.0,43.0,deux_roues,voiture,1,2,1,1,3
202000016633,2020-01-23 11:30:00,2020,1,23,11,30,77,77284,VICTOIRE (AV.DE LA) - D603,48.95656,2.904704,Plein jour,En agglomération,Intersection en T,Normale,Deux véhicules - arrière,3,2,2,0,1,1,1,0,1,50,2,2,1,0,0,1,70.0,28.0,voiture,voiture,1,2,3,1,2
202000016634,2020-01-23 13:00:00,2020,1,23,13,0,77,77037,DOUMER ( AVENUE PAUL) - D115,48.475974,2.693596,Plein jour,En agglomération,Hors intersection,Temps éblouissant,Autre collision,3,2,1,0,4,3,1,2,1,50,1,2,1,0,0,1,51.0,,utilitaire_camion,,1,2,1,7,6
202000016635,2020-01-22 22:45:00,2020,1,22,22,45,67,67482,LA ROCHELLE (RUE DE),48.53912,7.7877,Nuit sans éclairage public,En agglomération,Hors intersection,Normale,Autre collision,4,3,2,0,1,1,1,9,1,50,1,1,0,1,0,0,41.0,,voiture,,3,2,1,1,6
202000016636,2020-01-22 11:40:00,2020,1,22,11,40,67,67482,CLEMENCEAU (BOULEVARD),48.59057,7.74461,Plein jour,En agglomération,Intersection en T,Normale,Deux véhicules - côté,4,3,4,0,1,1,1,0,1,50,2,5,4,0,0,1,40.0,48.0,voiture,utilitaire_camion,1,2,3,1,3
202000016637,2020-01-22 20:20:00,2020,1,22,20,20,66,66136,NOGUERE,42.72108,2.90301,Nuit sans éclairage public,Hors agglomération,Hors intersection,Normale,Deux véhicules - arrière,4,3,2,0,2,1,2,0,1,70,2,3,0,1,0,2,17.0,35.0,voiture,voiture,3,1,1,1,2
202000016638,2020-01-23 15:30:00,2020,1,23,15,30,64,64348,ERCKMAN CHATRIAN,43.32648,-0.38862,Plein jour,En agglomération,Hors intersection,Normale,Trois véhicules et plus - en chaîne,4,-1,2,0,1,1,1,0,1,50,3,3,2,0,0,1,76.0,64.0,voiture,voiture,1,2,1,1,4
202000016639,2020-01-23 06:35:00,2020,1,23,6,35,64,64348,SANTONA DE,43.32088,-0.39159,Nuit avec éclairage allumé,En agglomération,Giratoire,Pluie légère,Deux véhicules - arrière,4,2,2,0,1,2,2,0,1,50,2,2,1,0,0,1,55.0,25.0,deux_roues,voiture,5,2,6,2,2
202000016640,2020-01-22 20:03:00,2020,1,22,20,3,63,63113,MONTLOSIER (RUE),45.7812536,3.0908833,Nuit avec éclairage allumé,En agglomération,Hors intersection,Normale,Autre collision,4,2,2,0,1,1,1,0,1,30,1,2,1,0,0,1,19.0,,deux_roues,,5,2,1,1,6
202000016641,2020-01-21 20:00:00,2020,1,21,20,0,62,62126,LILLE ( ROUTE DE ),50.5151737,2.6869997,Nuit avec éclairage allumé,En agglomération,Hors intersection,Brouillard / fumée,Deux véhicules - côté,7,2,2,0,1,1,2,0,1,50,2,2,1,0,1,0,35.0,26.0,voiture,deux_roues,5,2,1,5,3
202000016642,2020-01-23 19:50:00,2020,1,23,19,50,59,59599,FOREST (CHAUSSEE FERNAND),50.73794,3.16229,Nuit avec éclairage allumé,En agglomération,Intersection en X,Normale,Deux véhicules - arrière,7,1,2,0,1,1,2,9,6,50,2,4,3,0,0,1,30.0,47.0,voiture,voiture,5,2,2,1,2
202000016643,2020-01-22 08:40:00,2020,1,22,8,40,54,54547,GOETHE (RUE),48.6598948,6.1798471,Plein jour,En agglomération,Intersection en T,Temps couvert,Autre collision,4,2,2,0,1,1,1,0,1,30,1,3,2,0,0,1,47.0,,voiture,,1,2,3,8,6
202000016644,2020-01-23 16:05:00,2020,1,23,16,5,51,51172,Boulevard d’Alsace Lorraine,49.2198415,4.0406575,Plein jour,En agglomération,Giratoire,Normale,Sans collision,4,2,2,1,1,1,1,5,1,50,1,2,1,0,0,1,73.0,,voiture,,1,2,6,1,7
202000016645,2020-01-23 14:00:00,2020,1,23,14,0,51,51454,Avenue de Champagne,49.2348006,4.0413023,Plein jour,En agglomération,Hors intersection,Normale,Deux véhicules - côté,2,1,3,0,1,1,1,0,1,70,2,2,1,0,0,1,53.0,33.0,utilitaire_camion,voiture,1,2,1,1,3
202000016646,2020-01-22 18:24:00,2020,1,22,18,24,49,49007,TREILLE,47.46196,-0.52912,Nuit avec éclairage allumé,En agglomération,Hors intersection,Normale,Deux véhicules - côté,4,2,2,0,1,1,1,0,1,60,2,2,1,0,0,1,23.0,50.0,voiture,deux_roues,5,2,1,1,3
202000016647,2020-01-22 16:23:00,2020,1,22,16,23,49,49007,SEMARD PLACE,47.46505,-0.55927,Plein jour,En agglomération,Hors intersection,Normale,Autre collision,6,-1,-1,0,1,1,1,0,6,60,1,2,1,0,0,1,45.0,,transport_commun,,1,2,1,1,6
202000016648,2020-01-23 21:20:00,2020,1,23,21,20,45,45169,Rue du Moulin,47.91336,1.80861,Nuit avec éclairage allumé,En agglomération,Hors intersection,Normale,Autre collision,4,2,2,0,1,4,1,0,4,50,1,2,0,0,0,2,21.0,,voiture,,5,2,1,1,6
202000016649,2020-01-23 09:12:00,2020,1,23,9,12,45,45208,R DE LA SIRENE,48.002021,2.726457,Plein jour,En agglomération,Hors intersection,Normale,Autre collision,3,2,2,0,2,1,1,0,1,50,1,1,0,0,0,1,,,,,1,2,1,1,6
202000016650,2020-01-23 07:55:00,2020,1,23,7,55,44,44184,Rue Thomas Edison,47.2923087,-2.2894234,Nuit avec éclairage allumé,En agglomération,Hors intersection,Normale,Autre collision,3,2,2,0,1,1,1,0,1,50,1,2,1,0,0,1,31.0,,voiture,,5,2,1,1,6
202000016651,2020-01-23 07:45:00,2020,1,23,7,45,44,44162,N844,47.203863,-1.622921,Nuit avec éclairage allumé,En agglomération,Hors intersection,Normale,,2,3,0,0,1,3,1,0,1,50,2,2,1,0,1,0,58.0,50.0,deux_roues,utilitaire_camion,5,2,1,1,-1
202000016652,2020-01-23 06:50:00,2020,1,23,6,50,42,42184,Rue du Fuyant,46.0427518,4.0527699,Nuit avec éclairage allumé,En agglomération,Hors intersection,Normale,Deux véhicules - frontale,4,2,7,0,1,3,1,5,1,50,2,2,1,0,0,1,31.0,30.0,deux_roues,voiture,5,2,1,1,1
202000016653,2020-01-23 09:00:00,2020,1,23,9,0,37,37233,JAURES (RUE JEAN),47.3910064,0.725619,Plein jour,En agglomération,Hors intersection,Normale,Autre collision,4,2,2,0,1,1,1,0,1,50,1,2,1,0,0,1,36.0,,voiture,,1,2,1,1,6
202000016654,2020-01-23 08:10:00,2020,1,23,8,10,37,37261,JEMMAPES (RUE),47.4211682,0.6835396,Plein jour,En agglomération,Intersection en X,Normale,Autre collision,4,3,2,0,1,1,1,0,1,50,1,2,1,0,0,1,56.0,,transport_commun,,1,2,2,1,6
202000016655,2020-01-23 07:40:00,2020,1,23,7,40,37,37195,TONNELLE (BOULEVARD),47.3909685,0.6680538,Crépuscule ou aube,En agglomération,Hors intersection,Normale,Autre collision,4,2,2,0,1,1,1,0,1,50,1,2,1,0,0,1,19.0,,deux_roues,,2,2,1,1,6
202000016656,2020-01-09 23:25:00,2020,1,9,23,25,36,36044,AV DU PONT NEUF/ RUE CHATEAU RAOUL,46.8126548,1.6848028,Nuit avec éclairage allumé,En agglomération,Intersection en X,Normale,Deux véhicules - côté,4,2,2,0,2,1,1,2,1,50,2,2,1,0,1,0,46.0,31.0,voiture,deux_roues,5,2,2,1,3
202000016657,2020-01-10 07:32:00,2020,1,10,7,32,36,36044,ROUTE DE VELLES,46.78733,1.69088,Nuit sans éclairage public,En agglomération,Hors intersection,Normale,Deux véhicules - arrière,3,2,2,0,1,1,2,0,1,50,2,2,1,0,0,1,70.0,18.0,voiture,deux_roues,3,2,1,1,2
202000016658,2020-01-10 22:41:00,2020,1,10,22,41,36,36063,ROUTE DEPARTEMENTALE 956,46.86981,1.66133,Nuit sans éclairage public,Hors agglomération,Hors intersection,Normale,Autre collision,3,2,2,0,1,1,1,0,3,80,1,3,0,0,2,1,31.0,,voiture,,3,1,1,1,6
202000016659,2020-01-23 07:55:00,2020,1,23,7,55,35,35238,RN 136 PORTE D'ANGERS,48.082082,-1.645976,Plein jour,Hors agglomération,Hors intersection,Normale,Deux véhicules - arrière,2,3,6,0,1,1,1,3,1,90,2,2,1,0,0,1,39.0,47.0,utilitaire_camion,voiture,1,1,1,1,2
202000016660,2020-01-23 08:10:00,2020,1,23,8,10,35,35238,BELGIQUE (DE),48.08692,-1.68559,Crépuscule ou aube,En agglomération,Giratoire,Normale,Deux véhicules - côté,4,1,1,0,1,2,1,5,1,50,2,2,1,0,0,1,32.0,16.0,voiture,deux_roues,2,2,6,1,3
202000016661,2020-01-23 21:10:00,2020,1,23,21,10,33,33281,Av.RENE CASSIN /  A630 (E11b) Bretelle,44.83215,-0.67415,Nuit avec éclairage allumé,Hors agglomération,Intersection en T,Pluie forte,Trois véhicules et plus - collisions multiples,1,1,1,0,1,1,2,3,8,50,3,5,0,0,0,5,20.0,47.0,voiture,voiture,5,1,3,3,5
202000016662,2020-01-23 20:55:00,2020,1,23,20,55,33,33281,AVE DE SAINT-MEDARD / AVE DE LA LIBERATIONVE DE L'HIPPODROME,44.86122,-0.64215,Nuit avec éclairage allumé,En agglomération,Intersection en X,Pluie légère,Deux véhicules - frontale,4,2,5,2,1,1,2,5,1,50,2,3,2,0,0,1,60.0,76.0,voiture,voiture,5,2,2,2,1
202000016663,2020-01-23 20:20:00,2020,1,23,20,20,33,33281,AVE DE FONCASTEL / AVE PIERRE MENDES FRANCE,44.83599,-0.64109,Nuit avec éclairage allumé,En agglomération,Intersection en X,Pluie forte,Deux véhicules - frontale,4,2,5,2,1,1,2,5,1,50,2,2,1,0,0,1,21.0,34.0,voiture,voiture,5,2,2,3,1
202000016664,2020-01-23 21:00:00,2020,1,23,21,0,33,33069,BD PIERRE 1ER / AVE DE TIVOLI,44.85706,-0.59115,Nuit avec éclairage allumé,En agglomération,Intersection en X,Pluie légère,Deux véhicules - arrière,4,3,6,1,1,1,2,5,1,50,2,2,1,0,0,1,24.0,45.0,utilitaire_camion,voiture,5,2,2,2,2
202000016665,2020-01-23 17:40:00,2020,1,23,17,40,33,33167,PENETRANTE EST (D936),44.84419,-0.51242,Crépuscule ou aube,Hors agglomération,Hors intersection,Pluie légère,Autre collision,4,3,4,0,2,1,2,0,1,50,1,1,0,0,0,1,35.0,,voiture,,2,1,1,2,6
202000016666,2020-01-23 08:45:00,2020,1,23,8,45,33,33162,RUE GASTON SAUX / RUE DU COLLEGE TECHNIQUE,44.88383,-0.62967,Plein jour,En agglomération,Intersection en T,Normale,Deux véhicules - frontale,4,2,2,0,1,1,1,0,1,30,2,2,1,0,0,1,23.0,22.0,voiture,voiture,1,2,3,1,1
202000016667,2020-01-23 01:40:00,2020,1,23,1,40,33,33069,RUE DE CAUDERAN / RUE CONSTANT,44.86289,-0.61144,Nuit avec éclairage allumé,En agglomération,Intersection en T,Temps couvert,Sans collision,4,2,2,0,1,3,2,0,1,30,1,1,0,0,0,1,34.0,,deux_roues,,5,2,3,8,7
202000016668,2020-01-06 19:18:00,2020,1,6,19,18,30,30189,KENNEDY (AVENUE),43.81763,4.30117,Nuit sans éclairage public,Hors agglomération,Intersection en T,Normale,Deux véhicules - côté,3,2,2,0,1,1,1,0,1,70,2,1,0,0,1,0,32.0,,deux_roues,,3,1,3,1,3
202000016669,2020-01-22 21:00:00,2020,1,22,21,0,29,29051,Route du Cimetière,47.9962196,-4.0280311,Nuit sans éclairage public,En agglomération,Hors intersection,Normale,Sans collision,4,2,2,0,2,3,1,0,1,50,1,1,0,0,1,0,38.0,,deux_roues,,3,2,1,1,7
202000016670,2020-01-23 08:20:00,2020,1,23,8,20,29,29019,530 Avenue de Tallinn,48.3897098,-4.5255951,Plein jour,En agglomération,Hors intersection,Normale,Deux véhicules - côté,4,2,1,0,1,1,1,0,1,50,2,2,1,0,0,1,33.0,37.0,deux_roues,voiture,1,2,1,1,3
202000016671,2020-01-20 15:00:00,2020,1,20,15,0,27,27229,NORMANDIE (BOULEVARD DE),49.019511,1.139059,Plein jour,En agglomération,Intersection en X,Normale,,4,3,4,0,1,3,1,5,1,50,2,1,0,0,0,1,24.0,,deux_roues,,1,2,2,1,-1
202000016672,2020-01-18 17:40:00,2020,1,18,17,40,17,17306,EXPRESS (VOIE),45.619955,-0.992858,Crépuscule ou aube,Hors agglomération,Hors intersection,Normale,Deux véhicules - côté,3,2,2,0,1,1,1,0,1,80,2,2,1,0,0,1,44.0,82.0,utilitaire_camion,utilitaire_camion,2,1,1,1,3
202000016673,2020-01-22 21:00:00,2020,1,22,21,0,17,17200,RN237,46.178555,-1.157646,Nuit sans éclairage public,Hors agglomération,Hors intersection,Normale,Sans collision,2,3,4,0,1,1,1,0,3,90,1,2,1,0,0,1,23.0,,voiture,,3,1,1,1,7
202000016674,2020-01-23 20:30:00,2020,1,23,20,30,13,13206,SAINTE-CECILE (RUE),43.2886,5.3969,Nuit avec éclairage allumé,En agglomération,Hors intersection,Normale,Autre collision,4,1,1,0,1,1,1,0,4,50,1,2,1,0,1,0,20.0,,voiture,,5,2,1,1,6
202000016675,2020-01-23 17:00:00,2020,1,23,17,0,13,13204,ALEX. FLEMING (BOULEVARD),43.316576,5.3961807,Plein jour,En agglomération,Hors intersection,Normale,Deux véhicules - arrière,4,3,5,0,2,1,1,0,1,50,2,2,1,0,0,1,87.0,21.0,voiture,voiture,1,2,1,1,2
202000016676,2020-01-23 09:20:00,2020,1,23,9,20,13,13202,BONNETERIE (RUE),43.297153,5.371611,Plein jour,En agglomération,Hors intersection,Temps couvert,Deux véhicules - arrière,4,1,1,0,4,1,1,0,1,30,2,2,1,0,0,1,22.0,52.0,deux_roues,voiture,1,2,1,8,2
202000016677,2020-01-22 15:00:00,2020,1,22,15,0,13,13206,STANISLAS TORRENTS (RUE),43.28833,5.37795,Plein jour,En agglomération,Intersection en X,Normale,Deux véhicules - arrière,4,1,1,0,1,1,1,0,1,50,2,2,1,0,0,1,30.0,53.0,deux_roues,voiture,1,2,2,1,2
202000016678,2020-01-23 23:35:00,2020,1,23,23,35,13,13047,Rue d'Olympie,43.513496,4.964306,Nuit sans éclairage public,Hors agglomération,Hors intersection,Pluie légère,Sans collision,2,2,2,0,1,1,2,0,3,80,1,1,0,0,0,1,19.0,,voiture,,3,1,1,2,7
202000016679,2020-01-22 11:35:00,2020,1,22,11,35,13,13005,RD 2 route de la légion (CAMP MAJOR),43.287216,5.531343,Plein jour,En agglomération,Hors intersection,Normale,Deux véhicules - côté,3,2,2,0,1,1,1,0,3,50,2,2,1,0,0,1,34.0,66.0,voiture,deux_roues,1,2,1,1,3
202000016680,2020-01-24 00:50:00,2020,1,24,0,50,13,13004,VC 35 CH DE L'ESTIVAGE,43.6616469,4.6415143,Nuit sans éclairage public,Hors agglomération,Hors intersection,Pluie forte,Autre collision,4,2,2,0,1,2,2,0,3,80,1,1,0,0,0,1,22.0,,voiture,,3,1,1,3,6
202000016681,2020-01-23 07:54:00,2020,1,23,7,54,10,10362,GENERAL LECLERC (RUE DU),48.29875,4.02379,Crépuscule ou aube,En agglomération,Hors intersection,Normale,Trois véhicules et plus - en chaîne,4,2,2,0,1,1,1,0,1,50,4,5,0,0,0,5,42.0,22.0,voiture,voiture,2,2,1,1,4
202000016682,2020-01-23 13:20:00,2020,1,23,13,20,06,06069,DE GAULLE (AVENUE DU GENERAL),43.656675,6.919753,Plein jour,En agglomération,Hors intersection,Normale,Autre collision,3,-1,2,0,2,1,1,0,1,50,1,2,1,0,0,1,47.0,,voiture,,1,2,1,1,6
202000016683,2020-01-23 08:05:00,2020,1,23,8,5,06,06027,SCHUMAN ROND POINT MAURICE,43.6709,7.16375,Plein jour,En agglomération,Giratoire,Normale,Deux véhicules - côté,7,4,3,0,1,4,1,0,1,50,2,3,1,0,0,2,53.0,19.0,voiture,deux_roues,1,2,6,1,3
202000016684,2020-01-21 18:55:00,2020,1,21,18,55,75,75119,BD PERIPHERIQUE INTERIEUR  ,48.8977699,2.3937374,Nuit avec éclairage non allumé,En agglomération,Hors intersection,Normale,Deux véhicules - arrière,4,1,4,0,1,1,1,0,1,70,2,2,1,0,0,1,41.0,48.0,deux_roues,voiture,4,2,1,1,2
202000016685,2020-01-21 19:35:00,2020,1,21,19,35,75,75113,BD PERIPHERIQUE EXTERIEUR,48.8162498,2.3638979,Nuit avec éclairage allumé,En agglomération,Hors intersection,Normale,Deux véhicules - arrière,4,1,4,0,1,1,1,0,1,70,2,1,0,0,1,0,42.0,,deux_roues,,5,2,1,1,2
202000016686,2020-01-21 17:30:00,2020,1,21,17,30,75,75105,BOULEVARD DE PORT ROYAL,48.837683,2.345522,Nuit avec éclairage allumé,En agglomération,Intersection en X,Normale,,4,2,2,-1,2,1,1,0,1,50,2,3,1,0,1,1,22.0,29.0,voiture,deux_roues,5,2,2,1,-1
202000016687,2020-01-23 16:25:00,2020,1,23,16,25,75,75120,RUE BELGRAND,48.864702,2.404142,Plein jour,En agglomération,Intersection en X,Normale,Deux véhicules - côté,4,2,2,0,1,1,1,0,1,50,2,2,1,0,0,1,31.0,42.0,deux_roues,voiture,1,2,2,1,3
202000016688,2020-01-23 22:55:00,2020,1,23,22,55,75,75119,AVENUE CORENTIN CARIOU,48.8967203,2.384782,Nuit avec éclairage allumé,En agglomération,Hors intersection,Normale,Autre collision,4,3,2,0,1,1,1,0,1,50,1,1,0,0,0,1,28.0,,deux_roues,,5,2,1,1,6
202000016689,2020-01-23 12:15:00,2020,1,23,12,15,75,75119,AVENUE SECRETAN,48.8814228,2.3728171,Plein jour,En agglomération,Hors intersection,Temps couvert,Deux véhicules - arrière,4,2,3,0,2,1,1,0,1,50,2,2,1,0,0,1,34.0,76.0,deux_roues,voiture,1,2,1,8,2
202000016690,2020-01-23 11:15:00,2020,1,23,11,15,75,75119,RUE CURIAL,48.8946019,2.3741293,Plein jour,En agglomération,Intersection en T,Normale,Autre collision,4,1,2,0,1,1,7,0,1,30,1,2,1,0,0,1,22.0,,voiture,,1,2,3,1,6
202000016691,2020-01-22 22:15:00,2020,1,22,22,15,75,75118,RUE CAULAINCOURT,48.8846441,2.3296581,Nuit avec éclairage allumé,En agglomération,Intersection à plus de 4 branches,Normale,Deux véhicules - arrière,4,2,4,-1,1,1,1,5,1,50,2,3,2,0,0,1,38.0,56.0,deux_roues,voiture,5,2,5,1,2
202000016692,2020-01-23 22:50:00,2020,1,23,22,50,75,75117,RUE DE ROME,48.885684,2.3168467,Nuit avec éclairage allumé,En agglomération,Intersection en X,Normale,Deux véhicules - côté,4,2,2,1,1,1,1,-1,5,50,2,2,1,0,0,1,26.0,33.0,deux_roues,utilitaire_camion,5,2,2,1,3
202000016693,2020-01-22 16:30:00,2020,1,22,16,30,75,75115,RUE CAMBRONNE,48.843213,2.302514,Plein jour,En agglomération,Hors intersection,Normale,Autre collision,4,2,3,0,1,1,1,0,1,50,1,2,1,0,0,1,63.0,,deux_roues,,1,2,1,1,6
202000016694,2020-01-21 22:30:00,2020,1,21,22,30,75,75115,RUE DE VAUGIRARD,48.8406112,2.3049795,Nuit avec éclairage allumé,En agglomération,Intersection en T,Normale,Deux véhicules - arrière,4,1,2,3,1,1,1,-1,6,50,2,2,1,0,0,1,46.0,16.0,voiture,deux_roues,5,2,3,1,2
202000016695,2020-01-23 14:30:00,2020,1,23,14,30,75,75114,RUE VERCINGETORIX,48.8292205,2.3065228,Plein jour,En agglomération,Hors intersection,Normale,Deux véhicules - côté,4,1,2,0,1,1,1,0,1,50,2,2,1,0,0,1,89.0,23.0,voiture,deux_roues,1,2,1,1,3
202000016696,2020-01-23 10:37:00,2020,1,23,10,37,75,75114,AVENUE DU GENERAL LECLERC,48.8230431,2.3254953,Plein jour,En agglomération,Intersection en X,Normale,Deux véhicules - côté,4,2,5,0,1,1,1,0,1,50,2,2,1,0,0,1,46.0,81.0,voiture,deux_roues,1,2,2,1,3
202000016697,2020-01-23 08:25:00,2020,1,23,8,25,75,75114,PLACE DU VINGT CINQ AOUT 1944,48.8226846,2.3250451,Plein jour,En agglomération,Hors intersection,Normale,Autre collision,4,1,1,0,1,3,1,0,1,30,1,2,1,0,0,1,64.0,,voiture,,1,2,1,1,6