accident_id,datetime,annee,mois,jour,heure,minute,departement,commune_insee,adresse,latitude,longitude,luminosite,agglomeration,intersection,meteo,collision,catr,circ,nbv,vosp,prof,plan,surf,infra,situ,vma,nb_vehicules,nb_usagers,nb_indemnes,nb_tues,nb_blesses_hosp,nb_blesses_legers,age_cond_1,age_cond_2,veh_type_cond_1,veh_type_cond_2,lum_code,agg_code,int_code,atm_code,col_code
202000016698,2020-01-22 11:05:00,2020,1,22,11,5,75,75114,AVENUE DU MAINE,48.837577,2.3229271,Plein jour,En agglomération,Intersection à plus de 4 branches,Normale,Deux véhicules - côté,4,2,5,0,2,1,1,0,1,50,2,2,1,0,1,0,55.0,57.0,deux_roues,voiture,1,2,5,1,3
202000016699,2020-01-23 15:30:00,2020,1,23,15,30,75,75113,AVENUE DE LA PORTE DE VITRY,48.8229732,2.3778056,Plein jour,En agglomération,Intersection en T,Normale,Autre collision,4,3,2,1,1,1,1,-1,5,50,1,2,1,0,0,1,54.0,,deux_roues,,1,2,3,1,6
202000016700,2020-01-23 11:30:00,2020,1,23,11,30,75,75113,RUE DUNOIS,48.8326832,2.3668753,Plein jour,En agglomération,Hors intersection,Normale,Deux véhicules - côté,4,1,1,0,1,1,1,0,1,30,2,2,1,0,0,1,50.0,34.0,voiture,utilitaire_camion,1,2,1,1,3
202000016701,2020-01-22 10:10:00,2020,1,22,10,10,75,75112,BOULEVARD DE LA GUYANE,48.8431837,2.4145192,Plein jour,En agglomération,Intersection en T,Normale,Deux véhicules - arrière,4,2,2,0,1,1,1,0,1,50,2,2,1,0,0,1,58.0,59.0,deux_roues,utilitaire_camion,1,2,3,1,2
202000016702,2020-01-23 18:25:00,2020,1,23,18,25,75,75110,RUE DU FAUBOURG SAINT DENIS,48.8820574,2.3585537,Nuit avec éclairage allumé,En agglomération,Hors intersection,Normale,Autre collision,4,2,2,3,1,1,1,-1,6,50,1,2,1,0,0,1,47.0,,deux_roues,,5,2,1,1,6
202000016703,2020-01-23 19:30:00,2020,1,23,19,30,75,75107,PLACE JOFFRE,48.852686,2.3030921,Nuit avec éclairage allumé,En agglomération,Place,Normale,Deux véhicules - côté,4,2,4,0,1,1,1,0,1,50,2,2,0,0,0,2,24.0,29.0,deux_roues,deux_roues,5,2,7,1,3
202000016704,2020-01-23 07:20:00,2020,1,23,7,20,94,94080,LAGNY (R DE),48.849011,2.424767,Plein jour,En agglomération,Hors intersection,Normale,Deux véhicules - frontale,3,1,1,1,1,1,1,0,1,50,2,2,1,0,0,1,45.0,41.0,deux_roues,voiture,1,2,1,1,1
202000016705,2020-01-21 12:30:00,2020,1,21,12,30,94,94068,CHAMPIGNY (BD DE),48.80947,2.50965,Plein jour,En agglomération,Intersection en X,Temps éblouissant,Deux véhicules - côté,3,2,2,0,2,1,1,0,1,50,2,2,1,0,0,1,38.0,18.0,voiture,deux_roues,1,2,2,7,3
202000016706,2020-01-23 15:30:00,2020,1,23,15,30,94,94022,ALFORTVILLE (AV D),48.7706,2.41337,Plein jour,En agglomération,Hors intersection,Normale,Deux véhicules - côté,3,2,1,0,1,1,1,0,1,50,2,2,1,0,0,1,18.0,40.0,deux_roues,voiture,1,2,1,1,3
202000016707,2020-01-23 12:30:00,2020,1,23,12,30,94,94069,EPINETTES (R DES),48.82045,2.41992,Plein jour,En agglomération,Hors intersection,Normale,Autre collision,4,1,2,2,2,1,1,0,5,30,1,2,1,0,0,1,18.0,,deux_roues,,1,2,1,1,6
202000016708,2020-01-23 17:30:00,2020,1,23,17,30,94,94017,BOILEAU (AV),48.80629,2.54576,Nuit avec éclairage allumé,En agglomération,Hors intersection,Normale,Autre collision,6,-1,0,0,1,1,1,0,8,30,1,3,2,0,0,1,65.0,,voiture,,5,2,1,1,6
202000016709,2020-01-23 07:50:00,2020,1,23,7,50,94,94044,JEAN MONNET (R),48.75701,2.47789,Crépuscule ou aube,En agglomération,Hors intersection,Autre,Deux véhicules - côté,3,2,2,0,2,1,7,0,1,50,2,2,0,0,0,2,32.0,51.0,utilitaire_camion,voiture,2,2,1,9,3
202000016710,2020-01-16 16:35:00,2020,1,16,16,35,93,93066,BD ANATOLE FRANCE,48.926626,2.3517592,Plein jour,En agglomération,Autre intersection,Normale,Deux véhicules - arrière,3,2,4,0,1,1,1,0,1,50,2,2,1,0,0,1,22.0,40.0,voiture,voiture,1,2,9,1,2
202000016711,2020-01-23 07:10:00,2020,1,23,7,10,93,93050,AV LEON BLUM,48.8677,2.53334,Nuit avec éclairage allumé,En agglomération,Hors intersection,Normale,Autre collision,3,2,2,0,1,1,1,0,1,50,1,2,1,0,0,1,25.0,,voiture,,5,2,1,1,6
202000016712,2020-01-23 13:40:00,2020,1,23,13,40,93,93048,ARISTIDE BRIAND (BOULEVARD),48.8699635,2.4499471,Plein jour,En agglomération,Autre intersection,Normale,Autre collision,7,1,1,0,1,1,1,9,3,30,1,2,1,0,1,0,68.0,,voiture,,1,2,9,1,6
202000016713,2020-01-22 08:30:00,2020,1,22,8,30,92,92078,MOULIN CAGE (QUAI),48.92326,2.32795,Plein jour,En agglomération,Autre intersection,Normale,Trois véhicules et plus - collisions multiples,3,2,0,0,1,1,1,0,1,50,3,4,3,0,0,1,55.0,48.0,voiture,voiture,1,2,9,1,5
202000016714,2020-01-21 10:20:00,2020,1,21,10,20,92,92075,JEAN BLEUZEN (RUE),48.82291,2.295516,Plein jour,En agglomération,Hors intersection,Normale,Autre collision,3,2,2,0,1,1,1,0,1,50,1,2,1,0,0,1,89.0,,voiture,,1,2,1,1,6
202000016715,2020-01-23 08:15:00,2020,1,23,8,15,92,92072,GRANDE RUE,48.82184,2.20525,Plein jour,En agglomération,Hors intersection,Normale,Deux véhicules - frontale,3,2,2,0,1,1,1,0,1,50,2,2,1,0,0,1,20.0,34.0,deux_roues,voiture,1,2,1,1,1
202000016716,2020-01-22 09:20:00,2020,1,22,9,20,92,92063,COLMAR (AVENUE DE),48.8871775,2.1795362,Plein jour,En agglomération,Intersection en X,Normale,Deux véhicules - côté,3,3,4,0,1,1,1,5,1,50,2,2,1,0,0,1,42.0,31.0,voiture,voiture,1,2,2,1,3
202000016717,2020-01-23 18:15:00,2020,1,23,18,15,92,92062,PARMENTIER (RUE),48.8784239,2.2390426,Crépuscule ou aube,En agglomération,Intersection en T,Normale,Autre collision,4,1,1,0,1,1,1,0,1,50,1,1,0,0,0,1,43.0,,voiture,,2,2,3,1,6
202000016718,2020-01-23 13:35:00,2020,1,23,13,35,92,92044,"VILLIERS (RUE DE, N° 21 A 59)",48.890528,2.2792783,Plein jour,En agglomération,Hors intersection,Normale,Autre collision,4,2,2,0,1,1,1,0,3,50,1,2,1,0,0,1,23.0,,deux_roues,,1,2,1,1,6
202000016719,2020-01-22 12:20:00,2020,1,22,12,20,92,92051,"CHARLES DE GAULLE (AVENUE, N°27 A 129)",48.8815565,2.2713818,Plein jour,En agglomération,Intersection à plus de 4 branches,Normale,Deux véhicules - côté,4,3,2,0,1,1,1,0,1,50,2,2,1,0,0,1,45.0,40.0,voiture,deux_roues,1,2,5,1,3
202000016720,2020-01-22 16:40:00,2020,1,22,16,40,92,92050,SAULES RUE DES,48.909829,2.215598,Plein jour,En agglomération,Intersection en X,Normale,Deux véhicules - côté,4,4,4,0,1,1,1,2,3,50,2,2,1,0,0,1,23.0,39.0,deux_roues,voiture,1,2,2,1,3
202000016721,2020-01-20 14:30:00,2020,1,20,14,30,92,92025,MARCEAU (BD),48.9295214,2.2640526,Plein jour,En agglomération,Hors intersection,Normale,Autre collision,4,1,2,0,1,2,1,0,3,50,1,2,1,1,0,0,90.0,,voiture,,1,2,1,1,6
202000016722,2020-01-23 20:30:00,2020,1,23,20,30,92,92002,BACONNETS (PLACE DES),48.7390562,2.2890912,Nuit avec éclairage allumé,En agglomération,Hors intersection,Normale,Autre collision,4,1,1,0,1,2,2,0,1,30,1,2,1,0,1,0,25.0,,voiture,,5,2,1,1,6
202000016723,2020-01-20 07:20:00,2020,1,20,7,20,47,47091,D656e,44.170707,0.581496,Crépuscule ou aube,Hors agglomération,Hors intersection,Normale,Deux véhicules - frontale,3,2,2,0,1,3,1,0,1,80,2,2,1,0,0,1,38.0,33.0,voiture,voiture,2,1,1,1,1
202000016724,2020-01-23 17:05:00,2020,1,23,17,5,08,08013,3 Rue Saint Medard,49.640271,4.984049,Plein jour,Hors agglomération,Autre intersection,Normale,Deux véhicules - côté,3,2,2,0,1,2,1,0,1,80,2,3,1,0,0,2,79.0,47.0,voiture,voiture,1,1,9,1,3
202000016725,2020-01-24 09:00:00,2020,1,24,9,0,62,62256,D343,50.478319,2.196579,Plein jour,Hors agglomération,Hors intersection,Brouillard / fumée,Deux véhicules - côté,3,2,2,0,1,1,1,0,1,80,2,2,0,0,0,2,26.0,20.0,utilitaire_camion,voiture,1,1,1,5,3
202000016726,2020-01-24 14:20:00,2020,1,24,14,20,01,01359,Intersection RD7 / RD27E,46.072814,5.04384,Plein jour,Hors agglomération,Intersection en X,Normale,Deux véhicules - côté,3,2,2,0,1,1,1,0,1,80,2,3,2,0,1,0,31.0,55.0,voiture,voiture,1,1,2,1,3
202000016727,2020-01-22 12:30:00,2020,1,22,12,30,01,01156,D22,45.913161,5.118577,Plein jour,Hors agglomération,Intersection en X,Temps éblouissant,Deux véhicules - côté,3,2,2,0,1,1,1,0,1,80,2,2,1,0,0,1,17.0,49.0,deux_roues,voiture,1,1,2,7,3
202000016728,2020-01-24 15:16:00,2020,1,24,15,16,74,74167,RD 1508,45.765495,6.361277,Plein jour,Hors agglomération,Hors intersection,Normale,Deux véhicules - frontale,3,2,2,0,1,1,1,0,1,80,2,2,1,1,0,0,43.0,55.0,utilitaire_camion,voiture,1,1,1,1,1
202000016729,2020-01-24 10:15:00,2020,1,24,10,15,33,33001,RD1089 / RD 17 - Lieu Dit Tripoteau,44.99451,-0.12779,Plein jour,Hors agglomération,Intersection en T,Normale,Trois véhicules et plus - collisions multiples,3,2,3,0,1,1,2,5,1,70,3,3,1,0,2,0,51.0,36.0,utilitaire_camion,voiture,1,1,3,1,5
202000016730,2020-01-23 12:15:00,2020,1,23,12,15,18,18241,24 Rue Creuse,47.337819,2.833684,Plein jour,En agglomération,Hors intersection,Temps éblouissant,Deux véhicules - arrière,3,2,2,0,1,1,1,0,1,50,2,2,1,0,0,1,72.0,31.0,voiture,voiture,1,2,1,7,2
202000016731,2020-01-22 19:00:00,2020,1,22,19,0,57,57629,D46b,48.77383,7.075496,Nuit sans éclairage public,Hors agglomération,Hors intersection,Normale,Sans collision,3,2,2,0,2,2,1,0,1,80,1,1,0,0,1,0,69.0,,voiture,,3,1,1,1,7
202000016732,2020-01-23 09:00:00,2020,1,23,9,0,62,62571,Rue Auguste Biblocq,50.455421,1.613504,Plein jour,En agglomération,Intersection en X,Normale,Deux véhicules - côté,3,2,2,0,1,1,1,0,1,50,2,2,1,0,0,1,37.0,19.0,voiture,deux_roues,1,2,2,1,3
202000016733,2020-01-23 12:35:00,2020,1,23,12,35,59,59074,52 Rue Gustave Delory,50.088002,3.435277,Plein jour,En agglomération,Hors intersection,Normale,Autre collision,3,2,2,0,1,1,1,0,1,50,1,2,1,0,1,0,92.0,,voiture,,1,2,1,1,6
202000016734,2020-01-24 11:25:00,2020,1,24,11,25,89,89419,D955,47.751732,3.294268,Plein jour,Hors agglomération,Hors intersection,Temps éblouissant,Autre collision,3,2,2,0,2,2,1,0,3,90,1,3,1,1,0,1,66.0,,voiture,,1,1,1,7,6
202000016735,2020-01-24 08:10:00,2020,1,24,8,10,61,61168,19 Place du Général Leclerc,48.589736,-0.357364,Crépuscule ou aube,En agglomération,Place,Normale,Autre collision,9,1,2,0,1,1,1,0,1,30,1,2,1,0,1,0,45.0,,voiture,,2,2,7,1,6
202000016736,2020-01-23 18:42:00,2020,1,23,18,42,42,42222,Route de Bellegarde,45.613962,4.310127,Nuit sans éclairage public,Hors agglomération,Hors intersection,Autre,Deux véhicules - frontale,3,2,2,0,1,1,1,0,1,80,2,2,1,0,0,1,18.0,56.0,deux_roues,voiture,3,1,1,9,1
202000016737,2020-01-23 15:00:00,2020,1,23,15,0,47,47252,D911,44.387719,0.557063,Plein jour,Hors agglomération,Hors intersection,Normale,Autre collision,3,2,2,0,1,1,1,0,3,80,1,1,0,0,1,0,64.0,,voiture,,1,1,1,1,6
202000016738,2020-01-23 18:45:00,2020,1,23,18,45,47,47147,Tournillat,44.634723,0.198408,Nuit sans éclairage public,Hors agglomération,Hors intersection,Pluie légère,Trois véhicules et plus - collisions multiples,3,2,2,0,1,1,2,0,1,80,3,5,2,0,1,2,22.0,26.0,deux_roues,voiture,3,1,1,2,5
202000016739,2020-01-16 23:35:00,2020,1,16,23,35,22,22152,1 Impasse de Pont Losquet,48.760312,-3.293999,Nuit sans éclairage public,Hors agglomération,Giratoire,Normale,Sans collision,3,2,2,0,2,3,1,5,8,50,1,1,0,0,1,0,32.0,,voiture,,3,1,6,1,7
202000016740,2020-01-24 16:50:00,2020,1,24,16,50,31,31045,RN 125,43.023608,0.614961,Plein jour,Hors agglomération,Hors intersection,Normale,Trois véhicules et plus - collisions multiples,2,2,2,0,1,1,1,0,1,80,3,5,0,0,0,5,78.0,40.0,voiture,voiture,1,1,1,1,5
202000016741,2020-01-23 20:50:00,2020,1,23,20,50,85,85093,,46.65391,-1.229911,Nuit sans éclairage public,Hors agglomération,Giratoire,Normale,Deux véhicules - côté,3,-1,2,0,1,3,1,5,1,80,2,2,1,0,1,0,50.0,,voiture,,3,1,6,1,3
202000016742,2020-01-24 09:20:00,2020,1,24,9,20,10,10209,D1f,48.263677,4.248683,Plein jour,Hors agglomération,Hors intersection,Temps éblouissant,,3,2,2,0,1,1,1,0,1,80,2,3,1,0,0,2,23.0,30.0,voiture,utilitaire_camion,1,1,1,7,-1
202000016743,2020-01-17 07:30:00,2020,1,17,7,30,04,04172,RD 952 / voie privée,43.846337,6.164632,Plein jour,Hors agglomération,Intersection en T,Normale,Deux véhicules - côté,3,2,2,0,1,1,2,0,1,80,2,4,2,0,0,2,22.0,48.0,voiture,voiture,1,1,3,1,3
202000016744,2020-01-23 10:30:00,2020,1,23,10,30,27,27116,rue du marechal FOCH,49.195838,0.717389,Plein jour,En agglomération,Intersection en X,Normale,,4,1,1,0,1,1,1,0,1,50,2,2,1,0,0,1,78.0,,voiture,,1,2,2,1,-1
202000016745,2020-01-23 08:30:00,2020,1,23,8,30,76,76533,Échangeur entre A29 et A131 (Embranchement d'autoroute),49.49896,0.273628,Crépuscule ou aube,Hors agglomération,Hors intersection,Temps couvert,Autre collision,1,1,2,0,2,2,2,3,2,90,1,1,0,0,0,1,46.0,,voiture,,2,1,1,8,6
202000016746,2020-01-14 18:15:00,2020,1,14,18,15,35,35240,la Bouvardière,48.102616,-1.814661,Nuit sans éclairage public,Hors agglomération,Intersection en X,Pluie forte,Deux véhicules - côté,3,2,2,0,1,3,2,0,1,80,2,3,2,0,0,1,18.0,70.0,deux_roues,voiture,3,1,2,3,3
202000016747,2020-07-13 10:45:00,2020,7,13,10,45,57,57606,autoroute A4 pk 361+400,49.135873,6.700941,Plein jour,Hors agglomération,Hors intersection,Temps éblouissant,Deux véhicules - arrière,1,3,4,3,1,1,1,7,1,70,2,4,3,0,0,1,55.0,40.0,voiture,utilitaire_camion,1,1,1,7,2
202000016748,2020-07-11 17:50:00,2020,7,11,17,50,34,34172,A709,43.596373,3.910216,Plein jour,Hors agglomération,Hors intersection,Normale,Deux véhicules - arrière,1,1,5,0,1,1,1,0,1,90,2,3,1,0,0,2,70.0,48.0,voiture,voiture,1,1,1,1,2
202000016749,2020-07-15 14:30:00,2020,7,15,14,30,27,27701,A13,49.2486608,1.1765766,Plein jour,Hors agglomération,Hors intersection,Normale,Deux véhicules - arrière,1,-1,5,0,2,1,1,0,1,130,2,2,1,1,0,0,51.0,87.0,utilitaire_camion,voiture,1,1,1,1,2
202000016750,2020-07-14 23:10:00,2020,7,14,23,10,45,45082,D2060-PK 68+1,47.890331,2.266236,Nuit sans éclairage public,Hors agglomération,Hors intersection,Pluie légère,Deux véhicules - frontale,3,2,2,0,1,2,2,0,1,80,2,2,1,1,0,0,41.0,19.0,utilitaire_camion,voiture,3,1,1,2,1
202000016751,2020-07-15 08:10:00,2020,7,15,8,10,77,77098,D209,48.5964589,3.1044519,Plein jour,Hors agglomération,Hors intersection,Normale,Deux véhicules - frontale,3,2,2,0,2,1,2,0,1,90,2,2,1,1,0,0,56.0,22.0,utilitaire_camion,utilitaire_camion,1,1,1,1,1
202000016752,2020-07-10 16:00:00,2020,7,10,16,0,77,77343,RD-3,49.021266,3.036754,Plein jour,Hors agglomération,Intersection en T,Normale,Deux véhicules - arrière,3,2,2,0,2,1,1,0,1,80,2,3,2,0,0,1,32.0,32.0,voiture,voiture,1,1,3,1,2
202000016753,2020-07-15 16:20:00,2020,7,15,16,20,77,77107,N36,48.6609163,2.8091923,Plein jour,Hors agglomération,Hors intersection,Normale,Deux véhicules - frontale,2,2,2,0,2,1,1,0,1,80,2,4,0,1,1,2,39.0,52.0,voiture,voiture,1,1,1,1,1
202000016754,2020-07-15 01:40:00,2020,7,15,1,40,91,91044,31 Route d'Orléans,48.6769,2.282388,Nuit avec éclairage non allumé,Hors agglomération,Autre intersection,Normale,Deux véhicules - arrière,2,3,4,0,2,1,1,9,1,90,2,4,1,0,1,2,34.0,32.0,voiture,voiture,4,1,9,1,2
202000016755,2020-07-14 17:20:00,2020,7,14,17,20,2B,2B185,Chioso Tondo,42.662571,9.315382,Plein jour,En agglomération,Hors intersection,Normale,Deux véhicules - arrière,3,2,2,0,1,1,1,0,1,50,2,2,1,0,1,0,19.0,53.0,voiture,deux_roues,1,2,1,1,2
202000016756,2020-07-15 14:45:00,2020,7,15,14,45,2B,2B042,D107,42.585887,9.506435,Plein jour,Hors agglomération,Hors intersection,Normale,Autre collision,3,2,2,1,1,1,1,0,5,70,1,1,0,0,0,1,56.0,,voiture,,1,1,1,1,6
202000016757,2020-07-14 19:30:00,2020,7,14,19,30,34,34162,Départementale 5,43.482197,3.53498,Plein jour,Hors agglomération,Intersection en X,Normale,Deux véhicules - côté,3,2,2,0,1,3,1,5,1,-1,2,2,1,0,1,0,44.0,48.0,voiture,deux_roues,1,1,2,1,3
202000016758,2020-07-15 13:55:00,2020,7,15,13,55,34,34146,Route départementale 110E5,43.6733621,4.0837276,Plein jour,Hors agglomération,Intersection en X,Normale,,3,2,2,0,1,1,1,0,1,80,2,2,1,0,1,0,23.0,16.0,voiture,deux_roues,1,1,2,1,-1
202000016759,2020-07-13 10:10:00,2020,7,13,10,10,83,83107,Route Depart 8 Col du Bougnon,43.36731,6.676855,Plein jour,Hors agglomération,Hors intersection,Normale,Sans collision,3,2,2,0,2,2,1,0,3,70,1,2,0,0,1,1,36.0,,utilitaire_camion,,1,1,1,1,7
202000016760,2020-07-14 11:20:00,2020,7,14,11,20,13,13034,D25,43.733957,4.943676,Plein jour,Hors agglomération,Hors intersection,Normale,Trois véhicules et plus - en chaîne,3,2,2,0,2,1,1,0,1,80,3,3,0,0,3,0,56.0,59.0,deux_roues,deux_roues,1,1,1,1,4
202000016761,2020-07-14 15:45:00,2020,7,14,15,45,68,68329,D417,48.061819,7.047215,Plein jour,Hors agglomération,Hors intersection,Normale,Trois véhicules et plus - en chaîne,3,2,2,0,2,2,1,0,1,80,3,6,4,0,2,0,57.0,42.0,deux_roues,voiture,1,1,1,1,4
202000016762,2020-07-15 13:00:00,2020,7,15,13,0,03,03229,,46.6922842,3.4272639,Plein jour,Hors agglomération,Hors intersection,Normale,Autre collision,3,2,2,0,1,1,1,0,3,80,1,2,0,0,0,2,60.0,,voiture,,1,1,1,1,6
202000016763,2020-07-14 22:40:00,2020,7,14,22,40,74,74229,RD 1206 - Route des Vouards,46.219915,6.30921,Nuit sans éclairage public,Hors agglomération,Hors intersection,Normale,Deux véhicules - côté,3,-1,2,0,1,1,1,0,1,110,2,2,1,0,0,1,29.0,60.0,voiture,voiture,3,1,1,1,3
202000016764,2020-07-14 14:10:00,2020,7,14,14,10,26,26129,Rue du Vercors,45.077858,5.178603,Plein jour,En agglomération,Intersection en X,Normale,Autre collision,3,2,2,0,1,1,1,0,1,30,1,3,2,0,0,1,56.0,,deux_roues,,1,2,2,1,6
202000016765,2020-07-14 20:00:00,2020,7,14,20,0,07,07315,D19,44.6207619,4.2218105,Plein jour,Hors agglomération,Hors intersection,Normale,Deux véhicules - frontale,3,2,2,0,2,3,1,0,1,80,2,4,0,2,2,0,27.0,26.0,voiture,voiture,1,1,1,1,1
202000016766,2020-07-14 17:30:00,2020,7,14,17,30,69,69138,D25,45.711268,4.535195,Plein jour,Hors agglomération,Hors intersection,Normale,Autre collision,3,2,2,0,2,2,1,0,3,-1,1,1,0,0,0,1,52.0,,voiture,,1,1,1,1,6
202000016767,2020-07-14 00:30:00,2020,7,14,0,30,33,33393,22 Route de l'Europe,44.99004,-0.17754,Nuit sans éclairage public,En agglomération,Hors intersection,Normale,Autre collision,3,2,2,0,1,1,1,0,1,50,1,3,0,0,3,0,22.0,,voiture,,3,2,1,1,6
202000016768,2020-07-13 20:50:00,2020,7,13,20,50,13,13215,A7-Sens Lyon vers Marseille,43.37724,5.3579,Crépuscule ou aube,Hors agglomération,Hors intersection,Normale,Trois véhicules et plus - en chaîne,1,1,1,0,3,1,1,0,1,50,3,4,3,0,0,1,50.0,38.0,deux_roues,voiture,2,1,1,1,4
202000016769,2020-07-13 09:30:00,2020,7,13,9,30,13,13033,A55-Sens Martigues vers Marseille,43.38075,5.21273,Plein jour,Hors agglomération,Hors intersection,Normale,Deux véhicules - côté,1,-1,2,0,1,1,1,0,1,110,2,2,0,0,0,2,48.0,48.0,transport_commun,voiture,1,1,1,1,3
202000016770,2020-07-14 19:41:00,2020,7,14,19,41,92,92002,AUTOROUTE A86,48.7605185,2.2916459,Plein jour,Hors agglomération,Hors intersection,Temps couvert,Sans collision,2,3,3,0,2,1,1,9,1,90,1,1,0,0,0,1,37.0,,voiture,,1,1,1,8,7
202000016771,2020-07-14 10:50:00,2020,7,14,10,50,78,78646,RN12,48.789147,2.129748,Plein jour,Hors agglomération,Hors intersection,Normale,Autre collision,2,3,3,0,1,1,1,0,1,110,1,1,0,0,0,1,26.0,,voiture,,1,1,1,1,6
202000016772,2020-07-14 21:50:00,2020,7,14,21,50,95,95277,AUTOROUTE A3,48.97468,2.48984,Nuit sans éclairage public,Hors agglomération,Intersection en Y,Temps couvert,Autre collision,1,3,12,0,1,1,1,2,1,90,1,2,1,0,0,1,20.0,,voiture,,3,1,4,8,6
202000016773,2020-07-14 06:00:00,2020,7,14,6,0,93,93053,AUTOROUTE A86,48.89182,2.47324,Crépuscule ou aube,Hors agglomération,Hors intersection,Normale,Autre collision,1,3,10,0,1,3,1,0,1,70,1,1,0,0,0,1,24.0,,voiture,,2,1,1,1,6
202000016774,2020-05-04 10:35:00,2020,5,4,10,35,21,21166,HENRI BAZIN (BOULEVARD),47.295078,5.0115939,Plein jour,En agglomération,Hors intersection,Normale,Autre collision,4,2,2,0,1,1,1,0,1,50,1,1,0,0,1,0,,,,,1,2,1,1,6
202000016775,2020-07-13 13:10:00,2020,7,13,13,10,988,98818,RUE LUCIEN HERVOUET/FERNAND FOREST,-22.23963,166.4517,Plein jour,En agglomération,Intersection en T,Normale,Deux véhicules - côté,4,2,2,0,1,1,1,0,1,50,2,3,2,0,0,1,28.0,23.0,voiture,voiture,1,2,3,1,3
202000016776,2020-07-13 08:30:00,2020,7,13,8,30,988,98818,PROMENADE ROGER LAROQUE,-22.30186,166.43525,Plein jour,En agglomération,Hors intersection,Normale,Autre collision,4,2,2,1,1,3,1,0,5,30,1,1,0,0,1,0,49.0,,deux_roues,,1,2,1,1,6
202000016777,2020-07-12 18:25:00,2020,7,12,18,25,974,97416,ROND POINT DE LA BALANCE,-21.32499,55.4463,Nuit sans éclairage public,Hors agglomération,Autre intersection,Normale,Deux véhicules - côté,2,3,2,0,1,1,1,0,1,50,2,2,1,0,0,1,19.0,56.0,autre,voiture,3,1,9,1,3
202000016778,2020-07-10 16:40:00,2020,7,10,16,40,974,97416,HIPPOLYTE  PIOT (RUE),-21.2991,55.4544,Plein jour,En agglomération,Hors intersection,Normale,Autre collision,4,3,2,0,1,1,1,0,4,50,1,2,1,0,0,1,24.0,,voiture,,1,2,1,1,6
202000016779,2020-07-13 05:55:00,2020,7,13,5,55,974,97416,PARADIS (LIGNE) (1),-21.32259,55.48498,Nuit avec éclairage non allumé,En agglomération,Hors intersection,Normale,Deux véhicules - côté,3,2,2,0,1,1,1,0,1,50,2,2,1,0,0,1,37.0,18.0,voiture,deux_roues,4,2,1,1,3
202000016780,2020-07-09 14:00:00,2020,7,9,14,0,974,97416,RN03,-21.33117,55.46538,Plein jour,Hors agglomération,Hors intersection,Normale,Trois véhicules et plus - en chaîne,2,3,4,0,1,1,1,0,1,110,4,4,3,0,0,1,55.0,57.0,voiture,voiture,1,1,1,1,4
202000016781,2020-07-13 03:15:00,2020,7,13,3,15,974,97411,VINH-SAN (BLD 1 DU PRINCE),-20.8813613,55.4387932,Nuit sans éclairage public,Hors agglomération,Hors intersection,Normale,Trois véhicules et plus - en chaîne,2,1,2,0,2,3,1,3,1,70,3,8,4,0,0,4,23.0,22.0,voiture,voiture,3,1,1,1,4
202000016782,2020-07-10 17:00:00,2020,7,10,17,0,974,97407,ROUTE DU SACRE COEUR,-20.957066,55.3145143,Plein jour,En agglomération,Hors intersection,Normale,Autre collision,4,1,2,0,1,1,1,0,1,50,1,2,1,0,0,1,62.0,,voiture,,1,2,1,1,6
202000016783,2020-07-13 11:10:00,2020,7,13,11,10,973,97302,BADUEL (ROUTE DE),4.9283943,-52.2935379,Plein jour,En agglomération,Hors intersection,Normale,Deux véhicules - côté,3,2,2,0,1,1,1,0,1,70,2,2,1,0,0,1,26.0,40.0,deux_roues,utilitaire_camion,1,2,1,1,3
202000016784,2020-07-13 21:40:00,2020,7,13,21,40,69,69259,MARTYRS DE LA RESISTANCE (DES)      (AV),45.69085,4.87018,Nuit avec éclairage allumé,En agglomération,Hors intersection,Normale,Autre collision,4,2,2,0,1,1,1,0,1,50,1,1,0,0,0,1,,,,,5,2,1,1,6
202000016785,2020-07-13 08:35:00,2020,7,13,8,35,69,69388,BATAILLE                            (R ),45.73683,4.87724,Plein jour,En agglomération,Intersection en X,Normale,Deux véhicules - côté,4,1,1,1,1,1,1,0,5,50,2,2,1,0,0,1,40.0,44.0,utilitaire_camion,deux_roues,1,2,2,1,3
202000016786,2020-07-13 09:50:00,2020,7,13,9,50,69,69389,BARTHELEMY BUYER                    (AV),45.7629455,4.8017094,Plein jour,En agglomération,Hors intersection,Normale,Autre collision,4,2,2,0,1,1,1,9,4,50,1,2,1,0,0,1,49.0,,voiture,,1,2,1,1,6
202000016787,2020-07-13 17:40:00,2020,7,13,17,40,2B,2B033,11 - RT,42.38,9.26,Plein jour,En agglomération,Autre intersection,Normale,Trois véhicules et plus - en chaîne,2,3,4,0,1,1,1,9,1,70,4,8,1,0,0,7,56.0,54.0,voiture,utilitaire_camion,1,2,9,1,4
202000016788,2020-07-13 13:10:00,2020,7,13,13,10,2A,2A004,PERALDI NICOLAS AVENUE,41.9353805,8.7362823,Plein jour,En agglomération,Intersection en T,Temps éblouissant,,3,2,2,0,1,1,1,0,1,50,2,2,1,0,0,1,54.0,51.0,deux_roues,voiture,1,2,3,7,-1
202000016789,2020-07-13 08:40:00,2020,7,13,8,40,95,95427,FRANCINE (IMPASSE),48.9626638,2.3336775,Plein jour,En agglomération,Intersection en T,Normale,Autre collision,3,2,2,0,1,1,1,0,1,50,1,2,1,0,0,1,76.0,,voiture,,1,2,3,1,6