accident_id,datetime,annee,mois,jour,heure,minute,departement,commune_insee,adresse,latitude,longitude,luminosite,agglomeration,intersection,meteo,collision,catr,circ,nbv,vosp,prof,plan,surf,infra,situ,vma,nb_vehicules,nb_usagers,nb_indemnes,nb_tues,nb_blesses_hosp,nb_blesses_legers,age_cond_1,age_cond_2,veh_type_cond_1,veh_type_cond_2,lum_code,agg_code,int_code,atm_code,col_code
202000016882,2020-07-13 17:50:00,2020,7,13,17,50,92,92044,VIC. HUGO(RUE)001A067 ET002A078,48.8929209,2.3002195,Plein jour,En agglomération,Hors intersection,Normale,Deux véhicules - côté,3,2,5,0,1,1,1,0,1,50,2,2,1,0,0,1,22.0,33.0,utilitaire_camion,deux_roues,1,2,1,1,3
202000016883,2020-07-13 18:25:00,2020,7,13,18,25,92,92025,ESTIENNE D'ORVES (RUE),48.9099947,2.2334026,Plein jour,En agglomération,Intersection en T,Normale,Deux véhicules - arrière,4,2,4,0,1,1,1,0,1,50,2,2,1,0,0,1,36.0,44.0,deux_roues,voiture,1,2,3,1,2
202000016884,2020-07-13 04:03:00,2020,7,13,4,3,92,92012,ALFRED LAURANT (RUE),48.84456,2.23527,Nuit avec éclairage allumé,En agglomération,Hors intersection,Normale,Autre collision,4,1,1,0,1,1,1,0,1,50,1,2,1,0,0,1,31.0,,voiture,,5,2,1,1,6
202000016885,2020-07-13 13:50:00,2020,7,13,13,50,92,92009,ESTIENNE D'ORVES ( RUE D' ),48.9155047,2.2713831,Crépuscule ou aube,En agglomération,Hors intersection,Normale,Autre collision,4,1,1,0,1,1,1,0,1,50,1,2,1,0,0,1,70.0,,voiture,,2,2,1,1,6
202000016886,2020-07-10 07:50:00,2020,7,10,7,50,92,92004,AULAGNIER ( QUAI ),48.917442,2.3198969,Crépuscule ou aube,En agglomération,Intersection en T,Normale,Deux véhicules - côté,3,2,5,0,1,1,1,0,1,50,2,1,0,0,0,1,58.0,,deux_roues,,2,2,3,1,3
202000016887,2020-07-13 20:30:00,2020,7,13,20,30,49,49244,Maison Neuve (Botz-en-Mauges),47.301188,-0.985739,Plein jour,Hors agglomération,Hors intersection,Normale,Autre collision,3,2,2,0,2,3,1,0,3,80,1,1,0,0,1,0,26.0,,voiture,,1,1,1,1,6
202000016888,2020-07-14 09:30:00,2020,7,14,9,30,24,24165,intersection D730-d40,45.092785,0.107557,Plein jour,Hors agglomération,Intersection en T,Normale,Deux véhicules - frontale,3,2,2,0,2,3,1,0,1,80,2,2,1,0,1,0,50.0,55.0,deux_roues,voiture,1,1,3,1,1
202000016889,2020-07-13 21:40:00,2020,7,13,21,40,973,97353,rue lucien vochel,3.6442841,-54.033069,Nuit avec éclairage allumé,En agglomération,Autre intersection,Normale,Sans collision,4,2,2,0,1,1,1,0,3,50,1,1,0,0,1,0,28.0,,deux_roues,,5,2,9,1,7
202000016890,2020-07-14 09:45:00,2020,7,14,9,45,49,49092,Ruisseau des Girauderies,47.210449,-0.6889072,Plein jour,Hors agglomération,Intersection en T,Normale,Deux véhicules - côté,3,2,2,0,1,1,1,0,1,80,2,2,1,0,1,0,22.0,28.0,deux_roues,utilitaire_camion,1,1,3,1,3
202000016891,2020-07-13 14:20:00,2020,7,13,14,20,49,49192,20 rue Saint Louis,47.012559,-0.741261,Plein jour,En agglomération,Intersection en X,Normale,Deux véhicules - arrière,4,2,2,0,1,1,1,5,1,50,2,2,1,0,1,0,18.0,54.0,deux_roues,voiture,1,2,2,1,2
202000016892,2020-07-13 17:00:00,2020,7,13,17,0,74,74238,49 Route de sous Saint-jean,46.230064,6.658147,Plein jour,En agglomération,Intersection en Y,Normale,Deux véhicules - côté,3,2,2,0,1,1,1,5,1,50,2,2,1,0,1,0,63.0,48.0,deux_roues,voiture,1,2,4,1,3
202000016893,2020-07-14 12:30:00,2020,7,14,12,30,81,81139,D83,43.689404,2.147301,Plein jour,Hors agglomération,Intersection en T,Normale,Deux véhicules - côté,3,2,2,0,2,1,1,0,1,80,2,3,2,0,1,0,25.0,93.0,voiture,voiture,1,1,3,1,3
202000016894,2020-07-14 08:00:00,2020,7,14,8,0,63,63326,D216,45.7160144,2.8633693,Plein jour,En agglomération,Hors intersection,Normale,Autre collision,3,2,2,0,1,2,1,0,3,50,1,1,0,0,1,0,26.0,,voiture,,1,2,1,1,6
202000016895,2020-07-13 13:10:00,2020,7,13,13,10,63,63108,PK 14+100,45.952616,3.1666005,Plein jour,Hors agglomération,Hors intersection,Normale,Deux véhicules - côté,3,2,2,0,1,1,1,0,1,80,2,2,1,0,1,0,46.0,57.0,deux_roues,voiture,1,1,1,1,3
202000016896,2020-07-13 21:40:00,2020,7,13,21,40,28,28403,D127,48.395067,1.475623,Plein jour,Hors agglomération,Hors intersection,Normale,Autre collision,3,2,2,0,1,1,1,0,1,80,1,1,0,0,1,0,21.0,,deux_roues,,1,1,1,1,6
202000016897,2020-07-14 11:05:00,2020,7,14,11,5,71,71384,A6,46.692885,4.84279,Plein jour,Hors agglomération,Hors intersection,Normale,Deux véhicules - arrière,6,-1,0,0,1,1,1,0,1,50,2,4,3,0,0,1,87.0,,voiture,,1,1,1,1,2
202000016898,2020-07-13 18:10:00,2020,7,13,18,10,51,51544,Rue de Tahure,49.2463978,4.5602391,Plein jour,Hors agglomération,Intersection en X,Temps éblouissant,Deux véhicules - côté,3,2,2,-1,1,1,1,0,1,80,2,3,2,0,0,1,52.0,41.0,voiture,voiture,1,1,2,7,3
202000016899,2020-07-14 16:45:00,2020,7,14,16,45,79,79136,,46.172698,-0.001674,Plein jour,Hors agglomération,Hors intersection,Normale,Trois véhicules et plus - collisions multiples,3,2,2,0,1,1,1,0,1,80,3,5,2,0,3,0,49.0,52.0,voiture,voiture,1,1,1,1,5
202000016900,2020-07-13 18:30:00,2020,7,13,18,30,974,97413,112 Rue du General Lambert,-21.169501,55.288042,Nuit avec éclairage allumé,En agglomération,Hors intersection,Normale,Autre collision,4,2,2,0,1,1,1,0,1,50,1,2,1,0,1,0,62.0,,voiture,,5,2,1,1,6
202000016901,2020-07-13 14:15:00,2020,7,13,14,15,56,56234,30 Avenue du Lizeau,47.529372,-3.13429,Plein jour,En agglomération,Intersection en X,Normale,Deux véhicules - côté,3,2,2,0,1,1,1,0,1,70,2,5,1,0,0,4,51.0,43.0,voiture,voiture,1,2,2,1,3
202000016902,2020-07-13 12:02:00,2020,7,13,12,2,59,59130,départementale 46 cappelle brouck,50.883949,2.238507,Plein jour,Hors agglomération,Hors intersection,Normale,Sans collision,3,2,2,0,1,1,1,0,1,80,1,1,0,0,0,1,57.0,,utilitaire_camion,,1,1,1,1,7
202000016903,2020-07-13 09:20:00,2020,7,13,9,20,74,74256,390 Route de Passy,45.936421,6.646738,Plein jour,En agglomération,Hors intersection,Normale,Deux véhicules - côté,3,2,2,0,1,1,1,0,1,50,2,2,1,0,0,1,84.0,61.0,voiture,deux_roues,1,2,1,1,3
202000016904,2020-07-08 10:30:00,2020,7,8,10,30,74,74259,D15,46.084506,6.165798,Plein jour,Hors agglomération,Autre intersection,Normale,Sans collision,3,2,2,0,1,3,9,9,1,80,1,1,0,0,0,1,51.0,,deux_roues,,1,1,9,1,7
202000016905,2020-07-14 17:54:00,2020,7,14,17,54,77,77137,D204,48.7226663,3.2935501,Plein jour,Hors agglomération,Hors intersection,Temps couvert,Sans collision,3,2,2,0,1,1,1,0,8,90,1,4,0,0,0,4,33.0,,voiture,,1,1,1,8,7
202000016906,2020-07-14 11:32:00,2020,7,14,11,32,76,76655,Rue Max Leclerc,49.870276,0.708479,Plein jour,En agglomération,Hors intersection,Pluie légère,Sans collision,4,2,2,0,2,1,2,0,1,50,1,1,0,0,0,1,55.0,,deux_roues,,1,2,1,2,7
202000016907,2020-07-14 07:10:00,2020,7,14,7,10,2B,2B346,58 Arena,42.500441,9.465896,Plein jour,En agglomération,Autre intersection,Normale,Deux véhicules - côté,2,3,2,0,1,1,1,0,3,50,2,2,1,0,0,1,45.0,29.0,deux_roues,voiture,1,2,9,1,3
202000016908,2020-07-14 01:20:00,2020,7,14,1,20,2B,2B305,Grisgione,42.726207,9.458492,Nuit sans éclairage public,En agglomération,Hors intersection,Normale,Autre collision,3,2,2,0,2,3,1,0,4,50,1,1,0,0,1,0,44.0,,deux_roues,,3,2,1,1,6
202000016909,2020-07-14 13:24:00,2020,7,14,13,24,80,80507,32 Rue de la Gare,49.852646,2.581964,Plein jour,En agglomération,Hors intersection,Temps couvert,Autre collision,9,2,1,0,1,1,1,0,3,50,1,1,0,1,0,0,32.0,,deux_roues,,1,2,1,8,6
202000016910,2020-07-14 07:45:00,2020,7,14,7,45,65,65409,DÉPARTEMENTALE D934,43.386583,0.123162,Plein jour,Hors agglomération,Hors intersection,Normale,Autre collision,3,2,2,0,1,1,1,0,3,80,1,1,0,0,1,0,56.0,,utilitaire_camion,,1,1,1,1,6
202000016911,2020-07-13 20:45:00,2020,7,13,20,45,81,81124,Pic de Montalet,43.6821961,2.7355405,Crépuscule ou aube,Hors agglomération,Intersection en Y,Normale,Autre collision,4,2,2,0,2,3,1,9,3,80,1,1,0,0,1,0,17.0,,deux_roues,,2,1,4,1,6
202000016912,2020-07-08 19:50:00,2020,7,8,19,50,32,32252,N21,43.458316,0.319296,Plein jour,Hors agglomération,Hors intersection,Normale,Sans collision,2,2,2,0,1,1,1,0,8,80,1,1,0,0,1,0,52.0,,voiture,,1,1,1,1,7
202000016913,2020-07-13 18:40:00,2020,7,13,18,40,12,12299,D666,44.100607,2.699708,Crépuscule ou aube,Hors agglomération,Hors intersection,Normale,Sans collision,3,2,2,0,1,2,1,0,3,80,1,1,0,0,0,1,16.0,,deux_roues,,2,1,1,1,7
202000016914,2020-07-14 03:15:00,2020,7,14,3,15,68,68222,"RD 463 PK 23,100",47.548146,7.416383,Nuit sans éclairage public,Hors agglomération,Hors intersection,Normale,Autre collision,3,2,2,0,1,3,1,0,1,80,1,4,0,1,3,0,19.0,,voiture,,3,1,1,1,6
202000016915,2020-07-14 12:35:00,2020,7,14,12,35,39,39576,Bonnaud,46.613476,5.436577,Plein jour,Hors agglomération,Hors intersection,Normale,Sans collision,3,2,2,0,1,1,1,0,1,80,1,1,0,0,1,0,46.0,,deux_roues,,1,1,1,1,7
202000016916,2020-07-14 15:20:00,2020,7,14,15,20,44,44133,Rd 751 lieu dit La Lande,47.134228,-1.766653,Plein jour,Hors agglomération,Intersection en T,Normale,Deux véhicules - côté,3,2,2,0,1,1,1,0,1,-1,2,3,1,0,2,0,20.0,53.0,voiture,deux_roues,1,1,3,1,3
202000016917,2020-07-12 16:05:00,2020,7,12,16,5,44,44015,D33,47.479726,-1.715208,Plein jour,Hors agglomération,Hors intersection,Normale,Autre collision,3,2,2,0,1,1,1,0,1,80,1,1,0,1,0,0,32.0,,deux_roues,,1,1,1,1,6
202000016918,2020-07-13 04:50:00,2020,7,13,4,50,44,44115,RD723,47.359932,-1.307164,Nuit sans éclairage public,Hors agglomération,Hors intersection,Normale,Deux véhicules - arrière,3,2,4,0,3,3,1,0,1,80,2,2,1,0,1,0,20.0,32.0,voiture,deux_roues,3,1,1,1,2
202000016919,2020-07-13 15:30:00,2020,7,13,15,30,29,29037,Ty Robin,47.909277,-4.193022,Plein jour,Hors agglomération,Giratoire,Normale,Deux véhicules - côté,3,1,1,0,1,3,1,5,1,50,2,2,1,0,1,0,73.0,50.0,voiture,deux_roues,1,1,6,1,3
202000016920,2020-07-13 09:25:00,2020,7,13,9,25,38,38189,D518z,45.63951,5.0474,Plein jour,Hors agglomération,Autre intersection,Normale,Deux véhicules - côté,3,2,2,0,1,1,1,0,1,80,2,2,1,0,1,0,21.0,22.0,voiture,voiture,1,1,9,1,3
202000016921,2020-07-13 19:00:00,2020,7,13,19,0,02,02681,Rue des Lanneux du Gard,49.813498,3.844357,Plein jour,Hors agglomération,Hors intersection,Normale,Deux véhicules - côté,4,2,2,0,1,1,1,0,1,50,2,2,0,0,1,1,32.0,12.0,deux_roues,deux_roues,1,1,1,1,3
202000016922,2020-07-14 17:50:00,2020,7,14,17,50,02,02345,D1,49.730471,3.275192,Plein jour,Hors agglomération,Hors intersection,Temps couvert,Deux véhicules - arrière,3,3,4,0,1,1,1,0,1,110,2,3,2,0,0,1,41.0,24.0,voiture,deux_roues,1,1,1,8,2
202000016923,2020-07-13 08:45:00,2020,7,13,8,45,03,03292,,46.4399643,3.0966538,Plein jour,Hors agglomération,Hors intersection,Normale,Sans collision,3,2,2,0,2,2,1,8,1,50,1,2,1,0,1,0,37.0,,deux_roues,,1,1,1,1,7
202000016924,2020-07-13 21:00:00,2020,7,13,21,0,70,70454,Rue Vers Cemboing,47.837592,5.813672,Plein jour,Hors agglomération,Hors intersection,Normale,Sans collision,4,2,2,0,1,1,1,0,1,80,1,2,0,0,1,1,14.0,,deux_roues,,1,1,1,1,7
202000016925,2020-07-14 16:44:00,2020,7,14,16,44,72,72080,D98,48.156009,0.667849,Plein jour,Hors agglomération,Hors intersection,Normale,Sans collision,3,2,2,0,2,2,1,0,3,80,1,2,0,0,0,2,21.0,,deux_roues,,1,1,1,1,7
202000016926,2020-07-11 15:05:00,2020,7,11,15,5,06,06077,D73,43.931742,7.317932,Plein jour,Hors agglomération,Hors intersection,Temps éblouissant,Autre collision,3,2,2,0,2,3,1,0,1,80,1,1,0,0,0,1,62.0,,deux_roues,,1,1,1,7,6
202000016927,2020-07-07 17:55:00,2020,7,7,17,55,06,06148,Route de l'Ancienne Gare,43.710494,7.053856,Plein jour,En agglomération,Autre intersection,Normale,Deux véhicules - côté,3,-1,2,0,2,3,1,0,1,50,2,2,1,0,1,0,34.0,24.0,utilitaire_camion,deux_roues,1,2,9,1,3
202000016928,2020-07-14 15:10:00,2020,7,14,15,10,14,14431,D47,49.078048,-0.049009,Plein jour,Hors agglomération,Hors intersection,Normale,Autre collision,3,2,2,0,1,1,1,0,1,80,1,3,0,0,0,3,71.0,,voiture,,1,1,1,1,6
202000016929,2020-07-13 14:30:00,2020,7,13,14,30,14,14735,D40,49.034017,-0.06514,Plein jour,Hors agglomération,Intersection en T,Normale,Deux véhicules - côté,3,2,2,0,1,1,1,0,1,90,2,3,1,0,0,2,15.0,63.0,deux_roues,utilitaire_camion,1,1,3,1,3
202000016930,2020-07-12 16:40:00,2020,7,12,16,40,14,14578,D288,49.355416,0.170836,Plein jour,Hors agglomération,Intersection en X,Normale,Trois véhicules et plus - collisions multiples,3,4,3,0,1,1,1,0,1,80,4,10,8,0,0,2,50.0,35.0,voiture,voiture,1,1,2,1,5
202000016931,2020-07-13 16:55:00,2020,7,13,16,55,50,50304,"départementale 7, la Perelle",48.948971,-1.390693,Plein jour,Hors agglomération,Intersection en T,Normale,Deux véhicules - frontale,3,2,2,0,3,1,1,0,1,-1,2,2,0,0,1,1,91.0,24.0,voiture,voiture,1,1,3,1,1
202000016932,2020-07-14 05:50:00,2020,7,14,5,50,50,50562,Rue Triquet,49.588114,-1.267515,Crépuscule ou aube,En agglomération,Hors intersection,Pluie légère,Autre collision,4,1,1,0,1,1,2,0,1,50,1,1,0,0,0,1,16.0,,deux_roues,,2,2,1,2,6
202000016933,2020-07-13 14:45:00,2020,7,13,14,45,83,83025,D560,43.525962,5.961499,Plein jour,Hors agglomération,Hors intersection,Normale,Deux véhicules - côté,3,2,2,0,1,3,1,0,1,80,2,3,1,0,1,1,55.0,46.0,voiture,deux_roues,1,1,1,1,3
202000016934,2020-07-13 08:48:00,2020,7,13,8,48,60,60017,D94,49.576661,2.39253,Plein jour,Hors agglomération,Hors intersection,Normale,Autre collision,3,2,2,0,1,2,1,0,3,80,1,1,0,0,0,1,35.0,,voiture,,1,1,1,1,6
202000016935,2020-07-14 18:15:00,2020,7,14,18,15,73,73282,D1006,45.5006421,5.8433119,Plein jour,En agglomération,Hors intersection,Normale,Autre collision,3,2,2,0,2,1,1,0,3,50,1,1,0,1,0,0,31.0,,deux_roues,,1,2,1,1,6
202000016936,2020-02-24 19:00:00,2020,2,24,19,0,69,69388,Boulevard des Etats-Unis,45.7252491,4.8706666,Nuit avec éclairage allumé,En agglomération,Hors intersection,Normale,Autre collision,4,3,6,0,1,1,1,0,1,50,1,1,0,0,1,0,,,,,5,2,1,1,6
202000016937,2020-02-24 16:40:00,2020,2,24,16,40,69,69383,SERVIENT                            (R ),45.76047,4.84884,Plein jour,En agglomération,Intersection en X,Normale,Autre collision,4,1,3,3,1,1,1,0,1,50,1,2,1,0,1,0,46.0,,utilitaire_camion,,1,2,2,1,6
202000016938,2020-02-24 18:00:00,2020,2,24,18,0,69,69259,FELIX BRUN                          (R ),45.702,4.8917,Plein jour,En agglomération,Intersection en X,Normale,Deux véhicules - arrière,4,2,2,0,2,1,1,0,1,50,2,2,1,0,0,1,57.0,48.0,voiture,voiture,1,2,2,1,2
202000016939,2020-02-24 13:40:00,2020,2,24,13,40,69,69276,JEAN JAURES                             ,45.67251,4.84841,Plein jour,En agglomération,Intersection en T,Normale,Deux véhicules - arrière,3,2,0,0,1,1,1,0,1,50,2,2,1,0,0,1,54.0,56.0,voiture,deux_roues,1,2,3,1,2
202000016940,2020-02-24 13:50:00,2020,2,24,13,50,69,69383,GENERAL MOUTON DUVERNET (DU)        (R ),45.7554,4.86202,Plein jour,En agglomération,Hors intersection,Normale,Autre collision,4,2,2,1,1,1,1,0,5,20,1,1,0,0,1,0,,,,,1,2,1,1,6
202000016941,2020-02-24 12:30:00,2020,2,24,12,30,69,69259,PROFESSEUR ROUX (DU)                (R ),45.7194,4.8592,Plein jour,En agglomération,Intersection en X,Normale,Trois véhicules et plus - collisions multiples,4,2,2,0,1,1,1,0,1,50,3,4,3,0,0,1,72.0,39.0,voiture,transport_commun,1,2,2,1,5
202000016942,2020-02-23 23:30:00,2020,2,23,23,30,972,97209,RD 41 (ROCADE),14.61458,-61.06277,Nuit sans éclairage public,Hors agglomération,Hors intersection,Normale,Autre collision,3,3,2,0,1,1,1,0,1,60,1,1,0,1,0,0,22.0,,deux_roues,,3,1,1,1,6
202000016943,2020-01-01 08:48:00,2020,1,1,8,48,972,97209,GLACIERE (RUE DE LA),14.6095156,-61.0545498,Plein jour,En agglomération,Hors intersection,Normale,Autre collision,4,2,2,0,1,2,1,0,4,50,1,1,0,0,0,1,22.0,,voiture,,1,2,1,1,6
202000016944,2020-02-24 16:45:00,2020,2,24,16,45,69,69034,GEORGES CLEMENCEAU                  (QU),45.79214,4.82425,Plein jour,En agglomération,Intersection en T,Normale,Deux véhicules - côté,4,2,3,0,1,1,1,0,1,50,2,4,3,0,0,1,35.0,82.0,utilitaire_camion,voiture,1,2,3,1,3
202000016945,2020-02-24 17:25:00,2020,2,24,17,25,69,69381,ST VINCENT                          (QU),45.76838,4.8155,Plein jour,En agglomération,Hors intersection,Normale,Autre collision,4,1,2,1,4,1,1,0,1,50,1,2,1,0,0,1,34.0,,voiture,,1,2,1,1,6
202000016946,2020-02-23 03:30:00,2020,2,23,3,30,69,69202,MARECHAL FOCH (DU)                  (AV),45.74032,4.80507,Nuit avec éclairage allumé,En agglomération,Hors intersection,Normale,Sans collision,4,2,2,0,2,1,1,0,1,50,1,1,0,0,0,1,20.0,,deux_roues,,5,2,1,1,7
202000016947,2020-01-29 18:15:00,2020,1,29,18,15,69,69149,GRANDE RUE                          (GR),45.71795,4.81003,Nuit avec éclairage allumé,En agglomération,Intersection en T,Normale,Deux véhicules - côté,3,2,2,0,2,1,1,0,1,30,2,2,1,0,0,1,21.0,21.0,voiture,deux_roues,5,2,3,1,3
202000016948,2020-02-24 19:15:00,2020,2,24,19,15,2A,2A004,MEZZAVIA ROUTE DE,41.949955,8.771558,Crépuscule ou aube,En agglomération,Giratoire,Normale,Deux véhicules - côté,2,3,2,0,1,2,1,5,1,50,2,2,0,0,0,2,40.0,54.0,voiture,voiture,2,2,6,1,3
202000016949,2020-02-24 17:00:00,2020,2,24,17,0,95,95018,DIXMUDE (RUE DE),48.95572,2.2415,Plein jour,En agglomération,Hors intersection,Normale,Autre collision,4,1,1,0,1,1,2,0,1,30,1,2,1,0,1,0,41.0,,voiture,,1,2,1,1,6
202000016950,2020-02-24 09:35:00,2020,2,24,9,35,91,91339,RN 20,48.617,2.25698,Plein jour,En agglomération,Intersection en T,Normale,Deux véhicules - arrière,2,3,4,0,1,1,1,0,1,70,2,3,2,0,0,1,56.0,29.0,utilitaire_camion,voiture,1,2,3,1,2
202000016951,2020-02-22 00:45:00,2020,2,22,0,45,91,91552,RN 20,48.61216,2.25395,Nuit sans éclairage public,En agglomération,Hors intersection,Normale,Deux véhicules - arrière,2,3,4,0,1,1,1,0,1,70,2,5,4,0,0,1,24.0,57.0,deux_roues,voiture,3,2,1,1,2
202000016952,2020-02-24 08:52:00,2020,2,24,8,52,90,90032,ANCIEN PONT (RUE DE L'),47.618242,6.851878,Plein jour,En agglomération,Giratoire,Normale,Deux véhicules - côté,3,1,1,0,2,2,2,5,1,50,2,2,1,0,0,1,37.0,45.0,voiture,deux_roues,1,2,6,1,3
202000016953,2020-02-21 07:35:00,2020,2,21,7,35,87,87085,BRIAND (RUE ARISTIDE),45.84243,1.27194,Crépuscule ou aube,En agglomération,Intersection en T,Normale,Deux véhicules - côté,4,2,2,0,1,1,1,0,1,50,2,3,2,0,0,1,19.0,36.0,voiture,voiture,2,2,3,1,3
202000016954,2020-02-22 20:24:00,2020,2,22,20,24,87,87085,DE GAULLE (AVENUE DU GENERAL),45.83248,1.26462,Nuit avec éclairage allumé,En agglomération,Intersection en X,Normale,Autre collision,4,4,2,0,1,1,1,0,1,50,1,3,1,0,1,1,31.0,,voiture,,5,2,2,1,6
202000016955,2020-02-21 22:15:00,2020,2,21,22,15,87,87085,TOURNY (CARREFOUR),45.83179,1.26246,Nuit avec éclairage allumé,En agglomération,Intersection en X,Normale,,4,4,5,0,1,1,2,0,1,50,2,2,1,0,1,0,32.0,44.0,deux_roues,voiture,5,2,2,1,-1
202000016956,2020-02-24 17:26:00,2020,2,24,17,26,86,86041,Avenue de la Liberté,46.60879,0.36354,Plein jour,En agglomération,Hors intersection,Normale,Deux véhicules - arrière,4,2,2,0,1,1,1,0,1,50,2,2,1,0,0,1,34.0,25.0,utilitaire_camion,voiture,1,2,1,1,2
202000016957,2020-02-22 21:27:00,2020,2,22,21,27,86,86157,Route de Chauvigny,46.5632348,0.4113168,Nuit sans éclairage public,Hors agglomération,Hors intersection,Normale,Deux véhicules - arrière,3,2,3,0,1,1,1,0,1,70,2,4,0,0,1,3,21.0,25.0,voiture,voiture,3,1,1,1,2
202000016958,2020-02-21 08:10:00,2020,2,21,8,10,79,79191,Rue du Maréchal Leclerc,46.33644,-0.45082,Crépuscule ou aube,En agglomération,Autre intersection,Normale,Deux véhicules - côté,3,2,2,0,1,1,2,2,1,50,2,2,1,0,0,1,54.0,48.0,deux_roues,utilitaire_camion,2,2,9,1,3
202000016959,2020-02-21 17:50:00,2020,2,21,17,50,78,78362,ROUTE DE SAINT GERMAIN,48.9778,1.72381,Plein jour,En agglomération,Hors intersection,Normale,Deux véhicules - côté,3,2,2,0,1,3,1,0,1,50,2,3,2,0,1,0,72.0,28.0,voiture,deux_roues,1,2,1,1,3
202000016960,2020-02-22 17:50:00,2020,2,22,17,50,77,77053,D. 50,48.6912406,2.607202,Nuit sans éclairage public,Hors agglomération,Hors intersection,Pluie légère,,3,-1,1,0,1,1,1,0,8,30,2,1,0,0,1,0,18.0,,deux_roues,,3,1,1,2,-1
202000016961,2020-02-23 08:00:00,2020,2,23,8,0,77,77449,PAUL SERAMY ( AVENUE ),48.8593,2.79517,Plein jour,En agglomération,Hors intersection,Normale,Autre collision,4,1,1,0,2,2,1,2,2,50,1,5,0,0,5,0,24.0,,voiture,,1,2,1,1,6
202000016962,2020-02-23 08:09:00,2020,2,23,8,9,76,76351,HUBERT LATHAM,49.53063,0.09657,Crépuscule ou aube,En agglomération,Hors intersection,Pluie légère,Autre collision,4,2,2,0,1,1,2,0,8,50,1,2,1,0,1,0,26.0,,voiture,,2,2,1,2,6
202000016963,2020-02-24 11:05:00,2020,2,24,11,5,69,69256,GARIBALDI                           (AV),45.76744,4.93425,Plein jour,En agglomération,Intersection en X,Normale,Deux véhicules - côté,3,2,0,0,1,1,1,0,1,50,2,2,1,0,0,1,36.0,,autre,,1,2,2,1,3
202000016964,2020-02-21 22:30:00,2020,2,21,22,30,69,69091,VICTOR HUGO ( R ),45.58724,4.77128,Nuit avec éclairage allumé,En agglomération,Intersection en T,Normale,Deux véhicules - côté,3,2,1,1,1,1,1,5,5,30,2,2,1,0,0,1,19.0,21.0,voiture,deux_roues,5,2,3,1,3
202000016965,2020-02-22 11:30:00,2020,2,22,11,30,67,67482,MEINAU (ROUTE DE LA),48.5532166,7.7467913,Plein jour,En agglomération,Hors intersection,Normale,Trois véhicules et plus - en chaîne,4,2,2,0,1,1,1,0,1,50,3,3,2,0,0,1,21.0,28.0,utilitaire_camion,voiture,1,2,1,1,4
202000016966,2020-02-23 19:35:00,2020,2,23,19,35,66,66136,ARGELES SUR MER AVENUE D',42.6811,2.9106,Nuit avec éclairage allumé,En agglomération,Hors intersection,Normale,Trois véhicules et plus - en chaîne,4,1,2,0,1,1,1,0,1,50,3,5,2,0,0,3,45.0,34.0,voiture,voiture,5,2,1,1,4
202000016967,2020-02-21 17:50:00,2020,2,21,17,50,66,66136,GAULLE (AVENUE GENERAL DE),42.69806,2.88673,Plein jour,En agglomération,Hors intersection,Normale,Autre collision,4,1,1,0,1,1,1,0,1,30,1,2,1,0,0,1,65.0,,voiture,,1,2,1,1,6
202000016968,2020-02-22 14:20:00,2020,2,22,14,20,66,66136,CLEMENCEAU (BOULEVARD),42.69922,2.88853,Plein jour,En agglomération,Hors intersection,Normale,Autre collision,4,1,2,0,1,1,1,0,1,50,1,2,1,0,0,1,44.0,,deux_roues,,1,2,1,1,6
202000016969,2020-02-24 07:45:00,2020,2,24,7,45,64,64445,HAUTERIVE,43.32483,-0.35745,Plein jour,En agglomération,Intersection en Y,Brouillard / fumée,Deux véhicules - côté,4,2,2,0,1,1,1,5,1,50,2,4,0,0,0,4,25.0,70.0,voiture,voiture,1,2,4,5,3
202000016970,2020-02-21 11:45:00,2020,2,21,11,45,64,64348,BLERIOT,43.33463,-0.39326,Plein jour,En agglomération,Autre intersection,Normale,Autre collision,6,-1,-1,0,1,1,1,9,8,30,1,2,1,0,1,0,65.0,,voiture,,1,2,9,1,6
202000016971,2020-02-13 17:00:00,2020,2,13,17,0,62,62895,DOLET (R ETIENNE),50.494504,2.858859,Plein jour,En agglomération,Intersection en T,Temps couvert,Autre collision,4,1,1,0,1,1,2,0,1,50,1,2,1,0,0,1,48.0,,voiture,,1,2,3,8,6
202000016972,2020-02-21 13:00:00,2020,2,21,13,0,59,59028,GAMBETTA (RUE LEON),50.41251,3.05089,Plein jour,En agglomération,Hors intersection,Normale,Autre collision,3,2,2,0,1,1,1,0,4,50,1,2,1,0,1,0,56.0,,utilitaire_camion,,1,2,1,1,6
202000016973,2020-02-21 17:30:00,2020,2,21,17,30,56,56036,RN 165,47.78812,-3.32754,Plein jour,Hors agglomération,Hors intersection,Normale,Trois véhicules et plus - en chaîne,2,3,4,0,1,1,1,0,1,90,4,6,3,0,0,3,44.0,35.0,voiture,voiture,1,1,1,1,4
202000016974,2020-02-22 19:27:00,2020,2,22,19,27,54,54395,POINCARE (RUE RAYMOND 1-29-2-30),48.690025,6.1717636,Plein jour,En agglomération,Hors intersection,Normale,Autre collision,4,1,2,0,1,1,1,0,1,50,1,3,2,0,0,1,31.0,,voiture,,1,2,1,1,6