accident_id,datetime,annee,mois,jour,heure,minute,departement,commune_insee,adresse,latitude,longitude,luminosite,agglomeration,intersection,meteo,collision,catr,circ,nbv,vosp,prof,plan,surf,infra,situ,vma,nb_vehicules,nb_usagers,nb_indemnes,nb_tues,nb_blesses_hosp,nb_blesses_legers,age_cond_1,age_cond_2,veh_type_cond_1,veh_type_cond_2,lum_code,agg_code,int_code,atm_code,col_code
202000016975,2020-02-22 21:35:00,2020,2,22,21,35,54,54304,MAREVILLE (CHEMIN ET RUE DE),48.6793653,6.1426717,Nuit avec éclairage allumé,En agglomération,Intersection en X,Normale,Deux véhicules - côté,4,2,2,0,1,1,1,0,1,50,2,2,1,0,0,1,45.0,25.0,voiture,voiture,5,2,2,1,3
202000016976,2020-02-23 20:20:00,2020,2,23,20,20,54,54395,VINGT SIXIEME R.I. (BOULEVARD DU 2 A 44),48.6988141,6.1877865,Nuit avec éclairage allumé,En agglomération,Intersection en T,Pluie légère,Deux véhicules - côté,4,1,5,0,1,1,2,0,1,50,2,2,1,0,0,1,30.0,24.0,deux_roues,voiture,5,2,3,2,3
202000016977,2020-02-22 08:44:00,2020,2,22,8,44,54,54257,GRANDE RUE,48.6527,6.1919,Plein jour,En agglomération,Hors intersection,Normale,Autre collision,6,-1,0,0,1,1,1,0,8,5,1,2,1,0,0,1,75.0,,voiture,,1,2,1,1,6
202000016978,2020-02-20 18:50:00,2020,2,20,18,50,54,54395,VERDUN (rue de),48.6972633,6.1704379,Crépuscule ou aube,En agglomération,Intersection en X,Normale,Autre collision,4,-1,2,0,1,1,1,0,1,50,1,2,1,0,0,1,79.0,,voiture,,2,2,2,1,6
202000016979,2020-02-18 12:15:00,2020,2,18,12,15,54,54395,DOMBASLE (PLACE),48.6919732,6.1782841,Plein jour,En agglomération,Hors intersection,Normale,Autre collision,6,-1,-1,0,1,1,1,0,4,50,1,2,1,0,0,1,74.0,,voiture,,1,2,1,1,6
202000016980,2020-02-21 19:10:00,2020,2,21,19,10,54,54382,METZ (BOULEVARD DE),49.5513,5.785596,Plein jour,En agglomération,Intersection en X,Normale,Deux véhicules - côté,2,1,1,0,1,1,1,0,1,50,2,2,1,0,1,0,50.0,72.0,voiture,voiture,1,2,2,1,3
202000016981,2020-02-22 13:55:00,2020,2,22,13,55,50,50129,VAL DE SAIRE (RUE DU),49.63844,-1.61068,Plein jour,En agglomération,Hors intersection,Normale,,4,2,2,0,1,1,1,0,1,50,3,3,2,0,0,1,34.0,31.0,voiture,voiture,1,2,1,1,-1
202000016982,2020-01-28 19:00:00,2020,1,28,19,0,44,44184,Avenue René Coty,47.2742,-2.2024,Crépuscule ou aube,En agglomération,Hors intersection,Normale,Sans collision,4,2,0,0,1,1,1,9,8,50,1,1,0,1,0,0,65.0,,voiture,,2,2,1,1,7
202000016983,2020-02-24 07:30:00,2020,2,24,7,30,44,44162,Rue Océane,47.22724,-1.63484,Plein jour,En agglomération,Hors intersection,Pluie légère,Autre collision,4,2,0,0,1,1,2,0,1,50,1,2,1,0,0,1,26.0,,utilitaire_camion,,1,2,1,2,6
202000016984,2020-02-24 16:55:00,2020,2,24,16,55,42,42071,Avenue de la Libération,46.02879,4.08428,Plein jour,En agglomération,Autre intersection,Temps éblouissant,Autre collision,4,2,2,0,1,1,1,0,1,50,1,2,1,0,1,0,48.0,,voiture,,1,2,9,7,6
202000016985,2020-02-24 16:52:00,2020,2,24,16,52,37,37122,EIFFEL (RUE GUSTAVE),47.3570444,0.6530718,Plein jour,En agglomération,Hors intersection,Normale,Deux véhicules - côté,4,2,2,1,1,1,1,0,5,50,2,1,0,0,0,1,26.0,,deux_roues,,1,2,1,1,3
202000016986,2020-02-24 07:30:00,2020,2,24,7,30,35,35238,PORTE ALMA,48.081576,-1.676696,Crépuscule ou aube,Hors agglomération,Hors intersection,Temps couvert,Deux véhicules - arrière,2,1,1,0,1,1,1,3,1,80,2,5,3,0,0,2,27.0,26.0,voiture,voiture,2,1,1,8,2
202000016987,2020-02-24 08:30:00,2020,2,24,8,30,34,34172,MOULINS (AVENUE DES,43.62843,3.84105,Plein jour,En agglomération,Hors intersection,Normale,Trois véhicules et plus - en chaîne,3,1,2,0,1,1,1,0,1,50,3,3,2,0,0,1,19.0,51.0,voiture,voiture,1,2,1,1,4
202000016988,2020-02-07 17:20:00,2020,2,7,17,20,33,33063,AVE DU MAL DE LATTRE DE TASSIGNY CAUD / RUE FALQUET,44.85559,-0.61507,Plein jour,En agglomération,Intersection en T,Normale,Deux véhicules - frontale,4,2,4,2,1,1,1,0,1,50,2,2,1,0,0,1,34.0,18.0,voiture,deux_roues,1,2,3,1,1
202000016989,2020-02-04 12:20:00,2020,2,4,12,20,33,33063,Boulevard GEORGE V,44.82418,-0.58732,Plein jour,En agglomération,Hors intersection,Normale,Deux véhicules - frontale,4,2,6,2,1,1,1,0,1,50,2,2,1,0,0,1,33.0,61.0,transport_commun,deux_roues,1,2,1,1,1
202000016990,2020-02-24 04:00:00,2020,2,24,4,0,33,33281,34 AVE DES EYQUEMS,44.82715,-0.6172,Nuit avec éclairage non allumé,En agglomération,Hors intersection,Normale,Autre collision,4,1,1,0,2,1,1,0,1,50,1,1,0,0,0,1,28.0,,deux_roues,,4,2,1,1,6
202000016991,2020-02-18 15:10:00,2020,2,18,15,10,33,33063,QUAI DE BACALAN,44.85811,-0.5581,Plein jour,En agglomération,Hors intersection,Normale,Autre collision,4,3,6,2,1,1,2,0,1,50,1,3,2,0,1,0,31.0,,voiture,,1,2,1,1,6
202000016992,2020-02-24 18:35:00,2020,2,24,18,35,33,33529,D112 / R.Jean De Grailly - VT vient de l'avenue Bisserié,44.62672,-1.14155,Nuit avec éclairage allumé,En agglomération,Giratoire,Normale,Deux véhicules - côté,3,2,2,0,1,2,1,5,1,50,2,3,2,0,0,1,58.0,23.0,utilitaire_camion,voiture,5,2,6,1,3
202000016993,2020-02-23 17:15:00,2020,2,23,17,15,31,31555,35 Boulevard de Thibaud,43.54828,1.39981,Plein jour,En agglomération,Hors intersection,Normale,Deux véhicules - arrière,4,2,3,0,1,1,1,0,1,50,2,3,1,0,0,2,37.0,26.0,deux_roues,voiture,1,2,1,1,2
202000016994,2020-02-22 12:39:00,2020,2,22,12,39,31,31555,BD LASCROSSES,43.61065,1.43617,Plein jour,En agglomération,Hors intersection,Normale,Deux véhicules - arrière,4,3,2,0,1,1,1,0,1,50,2,3,1,0,0,2,44.0,31.0,deux_roues,voiture,1,2,1,1,2
202000016995,2020-02-09 19:40:00,2020,2,9,19,40,29,29019, Rue Anatole France,48.38165,-4.52693,Nuit avec éclairage allumé,En agglomération,Giratoire,Normale,Autre collision,4,2,2,0,1,1,1,5,1,50,1,2,1,0,0,1,62.0,,voiture,,5,2,6,1,6
202000016996,2020-02-22 08:30:00,2020,2,22,8,30,22,22278,LE FLEM (PAUL),48.50674,-2.76894,Plein jour,En agglomération,Intersection en T,Normale,Deux véhicules - frontale,4,2,2,0,1,1,1,0,1,50,2,2,1,0,0,1,21.0,40.0,voiture,deux_roues,1,2,3,1,1
202000016997,2020-02-03 14:30:00,2020,2,3,14,30,22,22278,ARAGO (BD),48.5174666,-2.7706254,Plein jour,En agglomération,Hors intersection,Normale,Sans collision,4,-1,2,0,1,1,1,0,1,50,1,1,0,0,1,0,58.0,,deux_roues,,1,2,1,1,7
202000016998,2020-02-21 18:20:00,2020,2,21,18,20,19,19031,DE MUSSET (AVENUE ALFRED),45.162269,1.526727,Crépuscule ou aube,En agglomération,Intersection en X,Normale,Deux véhicules - côté,4,1,1,0,1,1,1,0,1,50,2,2,1,0,0,1,17.0,24.0,deux_roues,voiture,2,2,2,1,3
202000016999,2020-02-21 16:40:00,2020,2,21,16,40,18,18033,RN 142,47.071457,2.436189,Plein jour,En agglomération,Hors intersection,Normale,Trois véhicules et plus - en chaîne,2,3,4,0,1,1,1,0,1,80,3,3,2,0,0,1,73.0,57.0,voiture,voiture,1,2,1,1,4
202000017000,2020-02-18 18:52:00,2020,2,18,18,52,15,15014,PLOMB DU CANTAL (AVENUE DU),44.91226,2.43682,Nuit avec éclairage allumé,En agglomération,Intersection en X,Normale,Deux véhicules - côté,2,3,2,0,1,1,1,0,1,50,2,3,2,0,0,1,40.0,21.0,voiture,utilitaire_camion,5,2,2,1,3
202000017001,2020-02-24 13:10:00,2020,2,24,13,10,14,14557,AVENUE MICHEL D'ORNANO,49.33874,0.09184,Plein jour,En agglomération,Hors intersection,Normale,Autre collision,3,2,2,0,1,3,1,9,8,50,1,1,0,0,0,1,31.0,,voiture,,1,2,1,1,6
202000017002,2020-02-23 04:30:00,2020,2,23,4,30,13,13103,RTE D' EYGUIERES-RD 17,43.650751,5.090877,Nuit sans éclairage public,Hors agglomération,Hors intersection,Normale,Sans collision,3,2,2,0,1,2,1,0,3,80,1,1,0,0,0,1,28.0,,voiture,,3,1,1,1,7
202000017003,2020-02-24 16:20:00,2020,2,24,16,20,13,13214,SAINTE MARTHE (chemin),43.3208,5.3901,Plein jour,En agglomération,Hors intersection,Normale,Deux véhicules - frontale,4,-1,2,0,1,3,1,0,1,50,2,2,1,0,1,0,27.0,57.0,voiture,deux_roues,1,2,1,1,1
202000017004,2020-02-24 22:35:00,2020,2,24,22,35,13,13098,D.51,43.4497769,5.0165263,Nuit sans éclairage public,En agglomération,Hors intersection,Normale,Autre collision,3,1,3,0,1,1,1,0,1,70,1,1,0,0,0,1,53.0,,deux_roues,,3,2,1,1,6
202000017005,2020-02-24 08:05:00,2020,2,24,8,5,12,12202,DE LATTRE DE TASSIGNY (BOULEVARD),44.34845,2.56664,Plein jour,En agglomération,Intersection en X,Normale,Deux véhicules - frontale,4,2,2,0,2,1,1,0,1,50,2,2,1,0,0,1,47.0,39.0,utilitaire_camion,deux_roues,1,2,2,1,1
202000017006,2020-02-20 17:05:00,2020,2,20,17,5,11,11262,DELAGE (RUE LOUIS),43.16322,2.98491,Plein jour,En agglomération,Intersection en T,Normale,Deux véhicules - côté,4,1,0,0,1,1,1,0,1,30,2,3,2,0,0,1,55.0,32.0,voiture,voiture,1,2,3,1,3
202000017007,2020-02-07 10:55:00,2020,2,7,10,55,11,11069,CAVAYERE -ROUTE DE LA -,43.189912,2.398629,Plein jour,Hors agglomération,Intersection en T,Normale,Autre collision,4,2,2,0,2,1,1,0,8,50,1,2,0,0,2,0,16.0,,voiture,,1,1,3,1,6
202000017008,2020-02-24 08:05:00,2020,2,24,8,5,09,09225,BELPECH ROUTE DE,43.13169,1.66645,Plein jour,Hors agglomération,Hors intersection,Normale,Sans collision,3,-1,2,0,1,1,1,0,3,80,1,1,0,0,1,0,19.0,,voiture,,1,1,1,1,7
202000017009,2020-02-21 19:25:00,2020,2,21,19,25,05,05061,FUSILLES ( RUE DES ),44.5464547,6.0646468,Nuit avec éclairage allumé,En agglomération,Intersection en Y,Normale,Deux véhicules - arrière,2,2,2,0,1,1,1,0,1,50,2,7,4,0,0,3,48.0,55.0,voiture,voiture,5,2,4,1,2
202000017010,2020-02-22 11:30:00,2020,2,22,11,30,05,05061,EMILE DIDIER ( AV ),44.5664304,6.094746,Plein jour,En agglomération,Hors intersection,Normale,Deux véhicules - arrière,2,2,2,0,1,1,1,0,1,50,2,5,2,0,0,3,48.0,49.0,voiture,voiture,1,2,1,1,2
202000017011,2020-02-21 19:00:00,2020,2,21,19,0,05,05061,D994,44.54812,6.03766,Nuit sans éclairage public,Hors agglomération,Hors intersection,Normale,Deux véhicules - frontale,3,2,2,0,2,3,1,0,1,50,2,3,0,0,2,1,73.0,38.0,voiture,voiture,3,1,1,1,1
202000017012,2020-02-24 04:40:00,2020,2,24,4,40,75,75117,ECHANGEUR MAILLOT,48.878907,2.280171,Nuit sans éclairage public,En agglomération,Hors intersection,Pluie légère,Sans collision,4,1,2,0,1,3,2,1,1,50,1,1,0,0,0,1,28.0,,deux_roues,,3,2,1,2,7
202000017013,2020-02-23 07:20:00,2020,2,23,7,20,75,75117,AVENUE DE LA GRANDE ARMEE,48.876323,2.287253,Crépuscule ou aube,En agglomération,Intersection en X,Normale,Deux véhicules - côté,4,2,2,3,1,1,1,-1,6,50,2,6,3,1,1,1,19.0,25.0,voiture,voiture,2,2,2,1,3
202000017014,2020-02-22 16:15:00,2020,2,22,16,15,75,75118,PORTE DE LA CHAPELLE,48.901049,2.359169,Plein jour,En agglomération,Hors intersection,Normale,Deux véhicules - côté,4,1,4,0,2,2,1,0,1,50,2,2,0,0,1,1,73.0,22.0,voiture,deux_roues,1,2,1,1,3
202000017015,2020-02-23 21:15:00,2020,2,23,21,15,75,75119,PLACE AUGUSTE BARON,48.900942,2.387373,Nuit avec éclairage allumé,En agglomération,Place,Pluie légère,Deux véhicules - côté,4,1,5,0,1,2,2,0,1,50,2,2,1,0,0,1,19.0,43.0,voiture,utilitaire_camion,5,2,7,2,3
202000017016,2020-02-24 17:20:00,2020,2,24,17,20,75,75118,RUE DE CLIGNANCOURT,48.883803,2.34704,Plein jour,En agglomération,Intersection en T,Normale,Autre collision,4,1,2,0,1,1,1,0,1,50,1,2,1,0,0,1,31.0,,deux_roues,,1,2,3,1,6
202000017017,2020-02-24 15:45:00,2020,2,24,15,45,75,75116,BOULEVARD DELESSERT,48.858859,2.28616,Plein jour,En agglomération,Hors intersection,Normale,Deux véhicules - côté,4,2,2,0,2,1,1,0,1,50,2,2,1,0,0,1,72.0,29.0,voiture,deux_roues,1,2,1,1,3
202000017018,2020-02-24 10:55:00,2020,2,24,10,55,75,75116,PLACE D IENA,48.864692,2.294143,Plein jour,En agglomération,Place,Normale,Deux véhicules - côté,4,1,4,0,1,2,1,0,1,50,2,2,1,0,0,1,23.0,25.0,deux_roues,deux_roues,1,2,7,1,3
202000017019,2020-02-23 12:40:00,2020,2,23,12,40,75,75116,AVENUE FERDINAND BUISSON,48.837721,2.252842,Plein jour,En agglomération,Hors intersection,Normale,Autre collision,4,1,2,0,1,1,1,0,1,50,1,2,0,0,0,2,81.0,,voiture,,1,2,1,1,6
202000017020,2020-02-24 07:25:00,2020,2,24,7,25,75,75116,RUE D AUTEUIL,48.848063,2.263681,Crépuscule ou aube,En agglomération,Intersection en T,Normale,Autre collision,4,1,2,0,1,1,2,5,1,50,1,2,1,0,0,1,24.0,,utilitaire_camion,,2,2,3,1,6
202000017021,2020-02-23 16:40:00,2020,2,23,16,40,75,75115,PLACE DU MOULIN DE JAVEL,48.840226,2.27199,Plein jour,En agglomération,Place,Temps couvert,Deux véhicules - arrière,4,1,2,0,2,1,1,1,1,50,2,3,2,0,0,1,34.0,38.0,voiture,voiture,1,2,7,8,2
202000017022,2020-02-24 19:05:00,2020,2,24,19,5,75,75113,RUE DE SAINTE HELENE,48.819178,2.352878,Nuit avec éclairage allumé,En agglomération,Intersection en T,Normale,Deux véhicules - côté,4,2,2,0,2,1,1,0,1,50,2,2,1,0,0,1,40.0,32.0,voiture,deux_roues,5,2,3,1,3
202000017023,2020-02-23 15:30:00,2020,2,23,15,30,75,75112,RUE LACUEE,48.849164,2.370554,Plein jour,En agglomération,Hors intersection,Normale,Autre collision,4,1,2,0,1,1,1,0,1,50,1,2,1,0,0,1,69.0,,voiture,,1,2,1,1,6
202000017024,2020-02-24 19:08:00,2020,2,24,19,8,75,75111,BOULEVARD VOLTAIRE,48.864563,2.368779,Crépuscule ou aube,En agglomération,Hors intersection,Normale,Autre collision,4,2,2,0,1,1,1,0,1,50,1,2,0,0,0,2,26.0,,deux_roues,,2,2,1,1,6
202000017025,2020-02-24 19:50:00,2020,2,24,19,50,75,75111,BOULEVARD VOLTAIRE,48.854544,2.385595,Nuit avec éclairage allumé,En agglomération,Hors intersection,Normale,,4,2,4,0,1,1,1,9,1,50,2,1,0,0,0,1,44.0,,deux_roues,,5,2,1,1,-1
202000017026,2020-02-24 15:55:00,2020,2,24,15,55,75,75111,BOULEVARD VOLTAIRE,48.865188,2.367732,Plein jour,En agglomération,Intersection en X,Temps couvert,Trois véhicules et plus - collisions multiples,4,2,2,0,1,1,1,0,1,50,3,3,1,0,0,2,29.0,39.0,deux_roues,deux_roues,1,2,2,8,5
202000017027,2020-02-24 13:45:00,2020,2,24,13,45,75,75111,RUE DU CHEMIN VERT,48.860307,2.378662,Plein jour,En agglomération,Intersection en X,Temps couvert,Autre collision,4,1,4,0,2,1,1,0,1,30,1,1,0,0,0,1,,,,,1,2,2,8,6
202000017028,2020-02-24 18:00:00,2020,2,24,18,0,75,75101,PLACE DU CARROUSEL,48.861185,2.333838,Plein jour,En agglomération,Place,Normale,Autre collision,4,1,3,0,1,1,1,0,1,50,1,2,1,0,0,1,25.0,,deux_roues,,1,2,7,1,6
202000017029,2020-02-23 21:20:00,2020,2,23,21,20,94,94078,L'APPEL DU DIX-HUIT JUIN 1940 (AV DE),48.758674,2.443293,Nuit sans éclairage public,En agglomération,Hors intersection,Pluie légère,Trois véhicules et plus - en chaîne,2,1,2,0,1,1,2,0,1,50,3,2,0,0,0,2,42.0,52.0,voiture,voiture,3,2,1,2,4
202000017030,2020-02-24 04:30:00,2020,2,24,4,30,94,94016,MARCEL BONNET (R),48.796188,2.328973,Plein jour,En agglomération,Intersection en X,Pluie légère,Sans collision,3,1,1,0,1,1,2,0,1,50,1,1,0,0,1,0,45.0,,voiture,,1,2,2,2,7
202000017031,2020-02-23 03:05:00,2020,2,23,3,5,94,94028,FOCH(AVENUE DU MARECHAL),48.78147,2.43734,Nuit avec éclairage allumé,En agglomération,Hors intersection,Normale,Sans collision,3,1,0,0,1,3,1,0,1,50,1,2,0,0,0,2,27.0,,voiture,,5,2,1,1,7
202000017032,2020-02-24 00:45:00,2020,2,24,0,45,94,94017,REPUBLIQUE (AV DE LA),48.81785,2.51166,Nuit avec éclairage allumé,En agglomération,Hors intersection,Temps couvert,Autre collision,3,2,2,0,1,1,2,0,1,50,1,2,1,0,1,0,31.0,,voiture,,5,2,1,8,6
202000017033,2020-02-23 20:05:00,2020,2,23,20,5,94,94071,GENERAL LECLERC (R DU),48.7756,2.51115,Nuit avec éclairage allumé,En agglomération,Intersection en T,Pluie légère,Deux véhicules - côté,3,2,2,0,1,1,2,0,1,50,2,2,1,0,0,1,41.0,60.0,utilitaire_camion,utilitaire_camion,5,2,3,2,3
202000017034,2020-02-24 15:00:00,2020,2,24,15,0,93,93073,ROISSY (ROUTE DE),48.9826389,2.5551107,Plein jour,Hors agglomération,Hors intersection,Normale,Sans collision,3,-1,2,0,1,1,1,0,8,50,1,1,0,0,0,1,54.0,,voiture,,1,1,1,1,7
202000017035,2020-02-24 09:20:00,2020,2,24,9,20,93,93073,Rue du Chapitre,49.003424,2.5368129,Plein jour,Hors agglomération,Hors intersection,Temps couvert,Sans collision,4,2,2,0,1,1,2,0,1,70,1,1,0,0,0,1,28.0,,voiture,,1,1,1,8,7
202000017036,2020-02-24 05:50:00,2020,2,24,5,50,93,93051,LEVANT (BD),48.83723,2.5477,Nuit avec éclairage allumé,En agglomération,Hors intersection,Pluie légère,Deux véhicules - côté,3,-1,2,0,2,2,2,9,1,50,2,2,1,0,0,1,42.0,58.0,utilitaire_camion,deux_roues,5,2,1,2,3
202000017037,2020-02-23 21:45:00,2020,2,23,21,45,93,93051,GENERAL DE GAULLE (AVENUE),48.84679,2.5586,Nuit avec éclairage allumé,En agglomération,Intersection en X,Pluie légère,Deux véhicules - côté,4,2,2,0,2,1,2,0,1,50,2,3,2,0,0,1,28.0,28.0,voiture,utilitaire_camion,5,2,2,2,3
202000017038,2020-02-24 18:15:00,2020,2,24,18,15,93,93010,REPUBLIQUE (CO. DE LA) 1 A 35,48.9006,2.4796,Crépuscule ou aube,En agglomération,Autre intersection,Normale,Autre collision,4,-1,0,1,1,1,1,0,5,50,1,2,1,0,0,1,22.0,,deux_roues,,2,2,9,1,6
202000017039,2020-02-24 17:19:00,2020,2,24,17,19,93,93008,GRANDE DENISE (RUE DE LA),48.91267,2.46859,Plein jour,En agglomération,Intersection en X,Normale,Deux véhicules - côté,4,2,2,0,1,1,1,0,1,50,2,6,4,0,0,2,43.0,30.0,voiture,voiture,1,2,2,1,3
202000017040,2020-02-24 07:45:00,2020,2,24,7,45,92,92062,DE DION BOUTON (QUAI) DU 29 AU 65,48.87379,2.23637,Crépuscule ou aube,En agglomération,Hors intersection,Normale,Deux véhicules - côté,3,1,2,0,1,1,1,0,1,50,2,2,1,0,0,1,38.0,37.0,utilitaire_camion,deux_roues,2,2,1,1,3
202000017041,2020-02-23 05:15:00,2020,2,23,5,15,92,92050,FRACHON BENOIT AVENUE,48.893803,2.188731,Nuit avec éclairage allumé,En agglomération,Hors intersection,Normale,Sans collision,3,1,3,0,1,1,1,0,1,50,1,2,1,0,0,1,22.0,,voiture,,5,2,1,1,7
202000017042,2020-02-24 09:30:00,2020,2,24,9,30,92,92004,DOCTEUR DERVAUX  ( QUAI DU ),48.91158,2.29996,Plein jour,En agglomération,Hors intersection,Normale,Deux véhicules - arrière,3,2,4,0,1,1,1,0,1,50,2,2,1,0,0,1,34.0,29.0,deux_roues,voiture,1,2,1,1,2
202000017043,2020-02-25 07:45:00,2020,2,25,7,45,63,63396,Chemin de Naja,45.664008,3.091857,Plein jour,En agglomération,Intersection en X,Normale,Autre collision,4,2,2,0,1,2,1,0,3,50,1,1,0,0,0,1,80.0,,voiture,,1,2,2,1,6
202000017044,2020-02-25 11:40:00,2020,2,25,11,40,60,60646,D149,49.4702017,2.0782239,Plein jour,Hors agglomération,Hors intersection,Pluie légère,Deux véhicules - frontale,3,2,2,0,1,1,2,0,1,80,2,2,1,0,0,1,24.0,,voiture,,1,1,1,2,1
202000017045,2020-02-24 17:00:00,2020,2,24,17,0,87,87002,D56,45.93975,1.414812,Plein jour,Hors agglomération,Hors intersection,Normale,Sans collision,3,2,2,0,2,2,1,0,1,80,1,1,0,0,1,0,24.0,,deux_roues,,1,1,1,1,7
202000017046,2020-02-22 09:52:00,2020,2,22,9,52,43,43040,18 Avenue d'Auvergne,45.300936,3.379543,Plein jour,En agglomération,Hors intersection,Temps éblouissant,Deux véhicules - arrière,3,2,2,0,1,1,1,0,1,50,2,2,1,0,0,1,62.0,17.0,voiture,deux_roues,1,2,1,7,2
202000017047,2020-02-24 17:25:00,2020,2,24,17,25,64,64450,Route de Pomps,43.478974,-0.551462,Plein jour,Hors agglomération,Intersection en X,Temps éblouissant,Deux véhicules - côté,3,2,2,0,1,1,1,0,1,80,2,2,1,0,0,1,29.0,16.0,voiture,deux_roues,1,1,2,7,3
202000017048,2020-02-25 08:50:00,2020,2,25,8,50,91,91363,intersection D3 route de bel air,48.64687,2.195053,Plein jour,Hors agglomération,Intersection en Y,Normale,Deux véhicules - côté,3,2,2,0,2,2,2,0,1,50,2,2,1,0,0,1,25.0,47.0,voiture,voiture,1,1,4,1,3
202000017049,2020-02-24 16:40:00,2020,2,24,16,40,58,58086,rue du 14 juillet,47.411746,2.927138,Plein jour,En agglomération,Hors intersection,Temps éblouissant,Deux véhicules - côté,4,1,1,0,1,1,1,0,1,30,2,2,1,0,0,1,19.0,62.0,deux_roues,voiture,1,2,1,7,3
202000017050,2020-02-24 11:40:00,2020,2,24,11,40,80,80318,Rue Roger Godard,50.01522,2.080632,Plein jour,En agglomération,Hors intersection,Normale,Autre collision,3,2,2,0,1,1,1,0,1,50,1,2,1,0,0,1,66.0,,voiture,,1,2,1,1,6
202000017051,2020-02-24 11:30:00,2020,2,24,11,30,68,68126,Rue d'Allschwil,47.558045,7.534502,Plein jour,En agglomération,Intersection en T,Normale,Deux véhicules - côté,3,2,2,2,1,1,1,0,1,50,2,2,1,0,0,1,64.0,52.0,deux_roues,voiture,1,2,3,1,3
202000017052,2020-02-25 16:10:00,2020,2,25,16,10,44,44015,Route du Gâvre,47.484011,-1.75807,Plein jour,En agglomération,Intersection en T,Pluie légère,Deux véhicules - côté,3,2,2,0,1,1,2,0,1,50,2,3,2,0,1,0,20.0,65.0,voiture,voiture,1,2,3,2,3
202000017053,2020-02-24 19:20:00,2020,2,24,19,20,03,03082,Rue de la Commune de Paris,46.2999059,2.733972,Nuit avec éclairage allumé,En agglomération,Intersection en X,Normale,Autre collision,3,2,2,3,1,1,1,0,6,50,1,2,1,0,1,0,35.0,,voiture,,5,2,2,1,6
202000017054,2020-02-22 10:48:00,2020,2,22,10,48,05,05074,D942,44.471226,6.072661,Plein jour,Hors agglomération,Hors intersection,Normale,Deux véhicules - arrière,3,2,2,0,1,1,1,0,1,70,2,2,1,0,1,0,55.0,36.0,voiture,voiture,1,1,1,1,2
202000017055,2020-02-25 16:40:00,2020,2,25,16,40,64,64405,Chemin de Coupete,43.340559,-0.275731,Plein jour,En agglomération,Hors intersection,Pluie forte,Autre collision,3,2,2,0,1,3,2,0,3,50,1,1,0,0,0,1,54.0,,voiture,,1,2,1,3,6
202000017056,2020-02-24 17:10:00,2020,2,24,17,10,73,73058,D921E - Route du Lac,45.5317368,5.74349,Plein jour,En agglomération,Intersection en Y,Normale,Autre collision,3,2,2,0,2,2,1,0,1,30,1,2,1,0,1,0,73.0,,voiture,,1,2,4,1,6
202000017057,2020-02-23 15:15:00,2020,2,23,15,15,18,18210,Rue de la Jorandière,47.236202,1.9328,Plein jour,Hors agglomération,Hors intersection,Normale,Autre collision,4,2,2,0,1,1,1,0,3,80,1,3,1,0,1,1,67.0,,voiture,,1,1,1,1,6
202000017058,2020-02-24 09:45:00,2020,2,24,9,45,27,27017,D6154,48.992402,1.156075,Plein jour,Hors agglomération,Hors intersection,Normale,Deux véhicules - arrière,3,2,2,0,1,1,2,0,1,80,2,4,3,0,0,1,65.0,34.0,voiture,voiture,1,1,1,1,2
202000017059,2020-02-24 07:20:00,2020,2,24,7,20,34,34320,Route de Viols le Fort,43.674565,3.719419,Plein jour,En agglomération,Intersection en T,Normale,Deux véhicules - côté,3,2,2,0,2,1,1,0,1,80,2,2,1,0,0,1,57.0,55.0,voiture,deux_roues,1,2,3,1,3
202000017060,2020-02-24 16:30:00,2020,2,24,16,30,33,33122,avenue jean-Moulin,44.76297,-0.68923,Plein jour,Hors agglomération,Intersection en Y,Normale,Trois véhicules et plus - collisions multiples,3,2,4,2,1,1,1,0,1,80,3,3,2,1,0,0,45.0,39.0,voiture,deux_roues,1,1,4,1,5
202000017061,2020-02-25 14:10:00,2020,2,25,14,10,74,74081,Avenue Georges Clémenceau,46.067827,6.571487,Plein jour,En agglomération,Hors intersection,Normale,Autre collision,4,2,2,0,1,2,1,9,1,50,1,2,1,1,0,0,86.0,,voiture,,1,2,1,1,6
202000017062,2020-02-25 06:28:00,2020,2,25,6,28,06,06088,"Autoroute A8, pk185 +800, chaussée Nord",43.668935,7.199736,Nuit avec éclairage allumé,Hors agglomération,Hors intersection,Normale,Sans collision,1,2,3,0,1,3,1,0,1,50,1,1,0,0,0,1,26.0,,utilitaire_camion,,5,1,1,1,7
202000017063,2020-02-24 11:30:00,2020,2,24,11,30,987,98712,Rue Tamahana,-17.528161,-149.538474,Plein jour,En agglomération,Intersection en X,Normale,Deux véhicules - côté,2,2,2,0,1,1,1,0,1,50,2,3,2,0,1,0,20.0,47.0,voiture,deux_roues,1,2,2,1,3
202000017064,2020-02-24 14:10:00,2020,2,24,14,10,34,34202,D5,43.585847,3.790047,Plein jour,Hors agglomération,Hors intersection,Normale,Autre collision,3,2,2,1,1,1,1,6,1,80,1,2,1,0,1,0,58.0,,voiture,,1,1,1,1,6
202000017065,2020-02-25 12:00:00,2020,2,25,12,0,977,97701,Rt 48 - Quartier Petites Salines,17.899933,-62.827034,Plein jour,Hors agglomération,Hors intersection,Normale,Deux véhicules - frontale,2,2,2,0,2,1,1,0,1,40,2,2,1,1,0,0,26.0,32.0,voiture,deux_roues,1,1,1,1,1
202000017066,2020-02-25 14:30:00,2020,2,25,14,30,77,77277,157 Avenue du Général Leclerc - D436,48.7128254,2.8695457,Plein jour,Hors agglomération,Intersection en T,Normale,Deux véhicules - côté,3,2,2,0,1,1,1,5,1,80,2,2,1,0,0,1,30.0,17.0,voiture,deux_roues,1,1,3,1,3