accident_id,datetime,annee,mois,jour,heure,minute,departement,commune_insee,adresse,latitude,longitude,luminosite,agglomeration,intersection,meteo,collision,catr,circ,nbv,vosp,prof,plan,surf,infra,situ,vma,nb_vehicules,nb_usagers,nb_indemnes,nb_tues,nb_blesses_hosp,nb_blesses_legers,age_cond_1,age_cond_2,veh_type_cond_1,veh_type_cond_2,lum_code,agg_code,int_code,atm_code,col_code
202000017067,2020-02-24 23:30:00,2020,2,24,23,30,34,34145,Route du Mas Desports,43.655822,4.136943,Nuit sans éclairage public,Hors agglomération,Hors intersection,Normale,Autre collision,3,2,2,0,1,4,1,0,3,70,1,2,0,0,2,0,33.0,,voiture,,3,1,1,1,6
202000017068,2020-02-24 17:00:00,2020,2,24,17,0,83,83133,D37,43.573797,6.805876,Plein jour,Hors agglomération,Hors intersection,Normale,Autre collision,3,2,2,0,1,1,1,0,1,70,1,1,0,0,1,0,16.0,,deux_roues,,1,1,1,1,6
202000017069,2020-02-21 21:37:00,2020,2,21,21,37,25,25043,D438,47.484598,6.771376,Nuit sans éclairage public,Hors agglomération,Hors intersection,Normale,Deux véhicules - arrière,3,2,2,0,1,1,1,0,1,80,2,2,1,0,1,0,71.0,49.0,deux_roues,voiture,3,1,1,1,2
202000017070,2020-02-23 17:30:00,2020,2,23,17,30,88,88135,Rue des Fermes,48.137497,6.632255,Plein jour,Hors agglomération,Hors intersection,Temps couvert,Autre collision,5,2,1,0,1,1,6,0,3,-1,1,1,0,0,1,0,66.0,,utilitaire_camion,,1,1,1,8,6
202000017071,2020-02-25 08:20:00,2020,2,25,8,20,17,17021,D14,45.757737,-1.123626,Plein jour,Hors agglomération,Hors intersection,Pluie légère,Deux véhicules - frontale,3,2,2,0,1,3,2,0,1,80,2,2,0,0,2,0,31.0,54.0,voiture,voiture,1,1,1,2,1
202000017072,2020-02-24 10:15:00,2020,2,24,10,15,59,59571,Place Jean Jaurès,50.185232,3.497348,Plein jour,En agglomération,Hors intersection,Normale,Deux véhicules - côté,3,2,2,0,1,3,2,0,1,50,2,3,2,0,1,0,31.0,42.0,deux_roues,voiture,1,2,1,1,3
202000017073,2020-02-18 09:05:00,2020,2,18,9,5,59,59009,AUTOROUTE A22,50.651598,3.134736,Plein jour,Hors agglomération,Hors intersection,Normale,Deux véhicules - arrière,1,3,4,0,1,3,1,0,1,90,2,2,1,0,0,1,22.0,20.0,voiture,voiture,1,1,1,1,2
202000017074,2020-02-07 14:45:00,2020,2,7,14,45,59,59585,AUTOROUTE A1,50.561942,3.069738,Plein jour,Hors agglomération,Hors intersection,Normale,Deux véhicules - arrière,1,3,6,0,1,1,1,0,1,90,2,2,1,0,0,1,61.0,31.0,deux_roues,voiture,1,1,1,1,2
202000017075,2020-02-24 11:50:00,2020,2,24,11,50,94,94017,A4,48.8271791,2.5086857,Plein jour,Hors agglomération,Hors intersection,Normale,Deux véhicules - côté,1,3,4,0,1,1,1,1,1,90,2,2,1,0,0,1,29.0,46.0,deux_roues,voiture,1,1,1,1,3
202000017076,2020-02-24 08:30:00,2020,2,24,8,30,94,94042,A4,48.8278114,2.4717616,Plein jour,Hors agglomération,Hors intersection,Normale,Deux véhicules - côté,1,3,4,0,1,1,1,0,1,90,2,2,1,0,0,1,40.0,39.0,voiture,utilitaire_camion,1,1,1,1,3
202000017077,2020-02-24 07:30:00,2020,2,24,7,30,94,94018,A4,48.817451,2.4185959,Plein jour,Hors agglomération,Hors intersection,Normale,Deux véhicules - arrière,1,3,5,0,1,1,1,0,1,90,2,2,1,0,0,1,20.0,61.0,voiture,deux_roues,1,1,1,1,2
202000017078,2020-02-18 12:30:00,2020,2,18,12,30,988,98818,ECHANGEUR BONAPARTE,-22.24202,166.45743,Plein jour,En agglomération,Intersection en T,Normale,Deux véhicules - côté,4,1,1,0,2,1,1,3,1,50,2,4,3,0,1,0,48.0,56.0,voiture,voiture,1,2,3,1,3
202000017079,2020-02-24 22:50:00,2020,2,24,22,50,69,69386,VAUBAN                              (R ),45.7648,4.8427,Nuit avec éclairage allumé,En agglomération,Hors intersection,Normale,Sans collision,4,1,1,1,1,1,1,0,1,50,1,1,0,0,0,1,48.0,,deux_roues,,5,2,1,1,7
202000017080,2020-02-23 16:55:00,2020,2,23,16,55,69,69386,MORELLET                            (R ),45.7746,4.8485,Plein jour,En agglomération,Intersection en T,Normale,Deux véhicules - côté,4,1,1,0,1,2,1,0,1,50,2,2,1,0,0,1,45.0,55.0,deux_roues,voiture,1,2,3,1,3
202000017081,2020-02-23 16:00:00,2020,2,23,16,0,972,97209,RD 41 (ROCADE),14.61639,-61.07147,Plein jour,Hors agglomération,Hors intersection,Normale,Trois véhicules et plus - en chaîne,3,3,2,0,2,3,1,9,1,70,4,4,2,0,0,2,62.0,56.0,autre,voiture,1,1,1,1,4
202000017082,2020-02-23 13:15:00,2020,2,23,13,15,69,69286,JULES MICHELET                      (R ),45.8133,4.89131,Plein jour,En agglomération,Hors intersection,Normale,Autre collision,4,2,2,0,1,1,1,0,1,50,1,2,1,0,0,1,66.0,,voiture,,1,2,1,1,6
202000017083,2020-02-22 18:45:00,2020,2,22,18,45,971,97101,MORNE VERGAIN,16.25405,-61.52306,Nuit avec éclairage allumé,En agglomération,Hors intersection,Normale,Deux véhicules - côté,2,1,2,0,1,1,1,0,1,50,2,2,1,0,1,0,72.0,46.0,voiture,deux_roues,5,2,1,1,3
202000017084,2020-02-23 17:10:00,2020,2,23,17,10,91,91377,EUROPE (AVENUE DE L'),48.7267,2.2783,Plein jour,En agglomération,Hors intersection,Normale,Deux véhicules - côté,3,2,6,0,1,1,1,1,1,50,2,3,2,0,0,1,27.0,33.0,voiture,voiture,1,2,1,1,3
202000017085,2020-02-23 09:45:00,2020,2,23,9,45,91,91174,Général De Gaulle,48.61362,2.46057,Plein jour,En agglomération,Intersection en X,Normale,Deux véhicules - côté,4,2,2,0,1,1,1,0,1,50,2,2,1,0,0,1,37.0,,voiture,,1,2,2,1,3
202000017086,2020-02-13 07:50:00,2020,2,13,7,50,76,76259,REPUBLIQUE ( BOULEVARD DE LA),49.75765,0.38135,Nuit avec éclairage allumé,En agglomération,Hors intersection,Pluie forte,Autre collision,4,2,2,0,1,1,2,0,8,50,1,2,1,0,0,1,78.0,,voiture,,5,2,1,3,6
202000017087,2020-02-23 15:00:00,2020,2,23,15,0,74,74012,THONON (ROUTE DE),46.19325,6.25537,Plein jour,En agglomération,Hors intersection,Normale,Trois véhicules et plus - en chaîne,3,3,1,0,1,1,1,0,1,50,4,5,4,0,0,1,45.0,30.0,voiture,voiture,1,2,1,1,4
202000017088,2020-02-23 14:30:00,2020,2,23,14,30,74,74118,18 AOUT (RUE DU),46.16633,6.18953,Plein jour,En agglomération,Hors intersection,Normale,Trois véhicules et plus - collisions multiples,3,2,2,0,2,1,1,0,1,50,3,3,0,0,0,3,24.0,23.0,voiture,deux_roues,1,2,1,1,5
202000017089,2020-02-09 09:10:00,2020,2,9,9,10,73,73008,2 Che de Corsuet,45.7042044,5.8986537,Plein jour,En agglomération,Intersection en T,Temps éblouissant,Autre collision,4,2,2,0,1,1,1,0,4,30,1,2,1,0,1,0,24.0,,voiture,,1,2,3,7,6
202000017090,2020-02-22 11:43:00,2020,2,22,11,43,65,65286,LACADE (RUE ANSELME),43.093503,-0.045383,Plein jour,En agglomération,Hors intersection,Normale,Autre collision,4,2,1,0,2,1,1,0,1,50,1,2,1,0,0,1,67.0,,voiture,,1,2,1,1,6
202000017091,2020-02-23 16:40:00,2020,2,23,16,40,64,64445,AUGUSTE RENOIR,43.3102,-0.3598,Plein jour,En agglomération,Intersection en T,Normale,Deux véhicules - arrière,4,2,2,0,1,1,1,0,1,30,2,1,0,0,0,1,17.0,,deux_roues,,1,2,3,1,2
202000017092,2020-02-23 03:50:00,2020,2,23,3,50,64,64445,CAMI SALIE DU,43.33272,-0.35918,Nuit avec éclairage allumé,En agglomération,Hors intersection,Normale,Autre collision,6,-1,-1,3,1,1,1,6,4,50,1,1,0,0,0,1,,,,,5,2,1,1,6
202000017093,2020-02-20 17:05:00,2020,2,20,17,5,47,47323,ROUTE NATIONALE 21,44.40676,0.74052,Plein jour,Hors agglomération,Hors intersection,Normale,Deux véhicules - arrière,2,2,2,0,1,1,1,0,1,80,2,4,1,0,3,0,51.0,51.0,voiture,voiture,1,1,1,1,2
202000017094,2020-02-23 18:39:00,2020,2,23,18,39,45,45234,Boulevard de Verdun,47.9068,1.904,Crépuscule ou aube,En agglomération,Giratoire,Normale,Autre collision,4,1,4,1,1,1,1,0,1,50,1,1,0,0,0,1,,,,,2,2,6,1,6
202000017095,2020-02-22 12:00:00,2020,2,22,12,0,45,45232,Rue d'Artois,47.84507,1.91628,Plein jour,En agglomération,Hors intersection,Normale,Autre collision,4,2,2,0,1,1,1,0,1,50,1,2,1,0,0,1,81.0,,voiture,,1,2,1,1,6
202000017096,2020-02-22 11:28:00,2020,2,22,11,28,45,45208,R J JAURES - R DU DOCT ROUX,47.992103,2.732174,Plein jour,En agglomération,Intersection en X,Normale,Deux véhicules - côté,3,2,2,0,1,1,1,0,1,50,2,2,1,0,0,1,24.0,56.0,deux_roues,voiture,1,2,2,1,3
202000017097,2020-02-23 02:37:00,2020,2,23,2,37,42,42187,Boulevard Jules Ferry,46.0317714,4.0695753,Nuit avec éclairage allumé,En agglomération,Hors intersection,Normale,Autre collision,4,2,3,0,1,1,1,0,4,50,1,2,0,0,1,1,30.0,,voiture,,5,2,1,1,6
202000017098,2020-02-23 16:41:00,2020,2,23,16,41,37,37261,VAILLANT (RUE EDOUARD),47.3823214,0.7047348,Plein jour,En agglomération,Intersection en T,Normale,Deux véhicules - côté,4,2,2,0,1,1,1,0,1,50,2,3,2,0,0,1,18.0,25.0,deux_roues,voiture,1,2,3,1,3
202000017099,2020-02-23 20:00:00,2020,2,23,20,0,35,35238,RN 136,48.13368,-1.70685,Nuit sans éclairage public,Hors agglomération,Hors intersection,Normale,Trois véhicules et plus - en chaîne,2,3,4,0,1,1,1,0,1,90,5,5,4,0,0,1,20.0,60.0,voiture,voiture,3,1,1,1,4
202000017100,2020-02-22 10:40:00,2020,2,22,10,40,33,33318,Avenue de Beutre,44.79969,-0.66865,Plein jour,En agglomération,Intersection en T,Normale,Autre collision,4,2,5,2,1,1,1,5,8,50,1,2,1,0,1,0,86.0,,voiture,,1,2,3,1,6
202000017101,2020-02-23 04:36:00,2020,2,23,4,36,33,33009,D218,44.65038,-1.18633,Nuit avec éclairage allumé,En agglomération,Hors intersection,Normale,Sans collision,3,2,2,0,1,2,1,0,1,50,1,2,0,0,0,2,32.0,,deux_roues,,5,2,1,1,7
202000017102,2020-02-23 16:48:00,2020,2,23,16,48,32,32013,LAVACANT (CHEMIN DE),43.62334,0.58789,Plein jour,Hors agglomération,Hors intersection,Normale,Deux véhicules - arrière,4,2,2,0,1,1,1,0,1,50,2,2,0,0,0,2,18.0,18.0,deux_roues,deux_roues,1,1,1,1,2
202000017103,2020-02-23 22:35:00,2020,2,23,22,35,25,25056,DOLE RUE DE (sup 200),47.2192,5.94768,Nuit avec éclairage allumé,En agglomération,Hors intersection,Normale,Autre collision,3,2,4,0,1,1,1,0,8,70,1,1,0,0,1,0,42.0,,utilitaire_camion,,5,2,1,1,6
202000017104,2020-02-23 01:55:00,2020,2,23,1,55,17,17300,SALINES  RUE DU PONT DES,46.158876,-1.121959,Nuit avec éclairage allumé,En agglomération,Hors intersection,Normale,Sans collision,4,2,2,0,2,1,1,0,1,50,1,1,0,0,0,1,48.0,,voiture,,5,2,1,1,7
202000017105,2020-02-19 18:00:00,2020,2,19,18,0,15,15014,VIALENC (BOULEVARD DU),44.9201431,2.4282079,Crépuscule ou aube,En agglomération,Hors intersection,Pluie légère,Autre collision,3,3,4,0,1,1,2,0,1,50,1,2,1,0,1,0,68.0,,voiture,,2,2,1,2,6
202000017106,2020-02-23 23:45:00,2020,2,23,23,45,13,13209,CAROLINE (ALLEE),43.27315,5.40831,Nuit avec éclairage allumé,En agglomération,Hors intersection,Normale,Deux véhicules - arrière,4,2,2,0,1,1,1,0,1,50,2,2,1,0,0,1,22.0,23.0,voiture,utilitaire_camion,5,2,1,1,2
202000017107,2020-02-23 12:45:00,2020,2,23,12,45,13,13202,DAMES (BOULEVARD DES),43.303098,5.366615,Plein jour,En agglomération,Intersection en X,Normale,Deux véhicules - côté,4,2,4,0,1,1,1,0,1,50,2,6,5,0,0,1,22.0,44.0,voiture,voiture,1,2,2,1,3
202000017108,2020-02-23 10:10:00,2020,2,23,10,10,13,13204,PROVENCE (RUE DE),43.30179,5.39748,Plein jour,En agglomération,Intersection en T,Normale,Autre collision,4,1,1,0,1,1,1,0,1,50,1,2,1,0,0,1,51.0,,voiture,,1,2,3,1,6
202000017109,2020-02-23 08:30:00,2020,2,23,8,30,13,13208,pointe rouge (ave),43.2472378,5.3739772,Plein jour,En agglomération,Hors intersection,Normale,Deux véhicules - côté,4,3,5,0,1,2,1,0,1,50,2,2,1,0,0,1,76.0,65.0,voiture,utilitaire_camion,1,2,1,1,3
202000017110,2020-02-23 17:45:00,2020,2,23,17,45,06,06088,PREFECTURE (R. DE LA),43.7031,7.2661,Crépuscule ou aube,En agglomération,Hors intersection,Normale,Autre collision,9,1,0,0,2,2,1,1,8,20,1,4,2,0,2,0,75.0,,utilitaire_camion,,2,2,1,1,6
202000017111,2020-02-22 11:55:00,2020,2,22,11,55,75,75120,PORTE DE MONTREUIL,48.856188,2.413854,Plein jour,En agglomération,Intersection en Y,Normale,Deux véhicules - côté,4,1,2,0,1,1,1,0,1,70,2,2,1,0,0,1,50.0,38.0,deux_roues,voiture,1,2,4,1,3
202000017112,2020-02-21 11:10:00,2020,2,21,11,10,75,75112,PORTE DE CHARENTON,48.830467,2.402284,Plein jour,En agglomération,Intersection en Y,Normale,Deux véhicules - arrière,4,1,4,0,1,1,1,0,1,70,2,4,1,0,0,3,66.0,23.0,utilitaire_camion,voiture,1,2,4,1,2
202000017113,2020-02-23 20:20:00,2020,2,23,20,20,75,75118,RUE DE LA CHAPELLE,48.897094,2.359217,Nuit avec éclairage allumé,En agglomération,Intersection en X,Pluie légère,Deux véhicules - côté,4,3,4,0,1,1,2,0,1,50,2,3,1,0,0,2,25.0,50.0,deux_roues,utilitaire_camion,5,2,2,2,3
202000017114,2020-02-22 23:05:00,2020,2,22,23,5,75,75118,BOULEVARD BARBES,48.888355,2.349593,Nuit avec éclairage allumé,En agglomération,Intersection en X,Normale,Autre collision,4,-1,2,0,1,1,1,0,1,50,1,1,0,0,0,1,,,,,5,2,2,1,6
202000017115,2020-02-22 20:45:00,2020,2,22,20,45,75,75114,RUE BOULARD,48.833634,2.328742,Nuit avec éclairage allumé,En agglomération,Hors intersection,Normale,Deux véhicules - côté,4,1,1,0,1,1,1,0,1,30,2,3,2,0,0,1,48.0,21.0,voiture,deux_roues,5,2,1,1,3
202000017116,2020-02-22 23:35:00,2020,2,22,23,35,75,75113,AVENUE DE LA PORTE D ITALIE,48.818886,2.359565,Nuit avec éclairage allumé,En agglomération,Intersection en X,Normale,Deux véhicules - côté,4,2,0,3,1,1,1,-1,6,50,2,2,1,0,0,1,31.0,45.0,deux_roues,voiture,5,2,2,1,3
202000017117,2020-02-23 19:30:00,2020,2,23,19,30,75,75112,AVENUE DE SAINT MAURICE,48.82903,2.419802,Nuit avec éclairage allumé,En agglomération,Hors intersection,Pluie légère,Deux véhicules - frontale,4,2,3,0,1,1,2,0,1,50,2,3,2,0,0,1,26.0,74.0,voiture,voiture,5,2,1,2,1
202000017118,2020-02-23 18:02:00,2020,2,23,18,2,75,75110,QUAI DE JEMMAPES,48.870815,2.366085,Nuit avec éclairage allumé,En agglomération,Hors intersection,Normale,Autre collision,4,1,1,1,1,1,1,-1,5,30,1,2,1,0,0,1,30.0,,deux_roues,,5,2,1,1,6
202000017119,2020-02-23 07:17:00,2020,2,23,7,17,75,75110,RUE DU FAUBOURG SAINT MARTIN,48.873772,2.358313,Crépuscule ou aube,En agglomération,Intersection en X,Normale,Deux véhicules - arrière,4,2,4,0,1,1,1,0,1,50,2,2,1,0,0,1,66.0,75.0,utilitaire_camion,deux_roues,2,2,2,1,2
202000017120,2020-02-21 21:50:00,2020,2,21,21,50,75,75109,RUE CADET,48.876124,2.343967,Nuit avec éclairage allumé,En agglomération,Hors intersection,Normale,Deux véhicules - côté,4,1,1,0,1,1,1,0,1,50,2,3,2,0,0,1,29.0,38.0,deux_roues,voiture,5,2,1,1,3
202000017121,2020-02-23 02:30:00,2020,2,23,2,30,75,75103,BOULEVARD DE SEBASTOPOL,48.861975,2.350158,Nuit avec éclairage allumé,En agglomération,Intersection en X,Normale,Deux véhicules - côté,4,1,4,1,1,3,1,-1,5,50,2,2,1,0,0,1,34.0,32.0,deux_roues,deux_roues,5,2,2,1,3
202000017122,2020-02-22 23:50:00,2020,2,22,23,50,94,94078,MELUN (AV DE),48.72383,2.44442,Nuit avec éclairage allumé,En agglomération,Hors intersection,Normale,Trois véhicules et plus - en chaîne,2,3,2,0,2,1,1,0,1,50,3,4,1,0,0,3,32.0,44.0,voiture,voiture,5,2,1,1,4
202000017123,2020-02-23 02:30:00,2020,2,23,2,30,93,93078,BALLANGER (BD ROBERT),48.95611,2.54039,Nuit avec éclairage allumé,En agglomération,Intersection en T,Normale,Autre collision,3,2,2,0,1,1,1,9,4,50,1,2,1,0,0,1,19.0,,voiture,,5,2,3,1,6
202000017124,2020-02-23 05:30:00,2020,2,23,5,30,93,93001,R DE LA MOTTE,48.909501,2.396053,Nuit avec éclairage allumé,En agglomération,Hors intersection,Normale,,4,2,2,0,1,1,1,0,1,50,2,2,0,0,0,2,21.0,35.0,voiture,voiture,5,2,1,1,-1
202000017125,2020-02-23 01:18:00,2020,2,23,1,18,93,93001,129 AV VICTOR HUGO / BD FELIX FAURE,48.9086,2.378,Nuit avec éclairage allumé,En agglomération,Intersection à plus de 4 branches,Normale,Deux véhicules - frontale,3,2,4,0,1,1,1,0,1,50,2,2,1,0,0,1,31.0,19.0,voiture,deux_roues,5,2,5,1,1
202000017126,2020-02-21 20:00:00,2020,2,21,20,0,974,97415,N1a,-21.019497,55.250437,Nuit sans éclairage public,Hors agglomération,Hors intersection,Normale,Deux véhicules - côté,2,2,2,0,1,1,1,0,1,70,2,6,5,0,1,0,39.0,54.0,voiture,deux_roues,3,1,1,1,3
202000017127,2020-09-10 08:45:00,2020,9,10,8,45,77,77186,RD 409 panneau ONF à LIBERATION,48.416989,2.609061,Plein jour,Hors agglomération,Hors intersection,Normale,Trois véhicules et plus - collisions multiples,3,2,2,0,1,2,1,0,1,60,3,3,2,1,0,0,33.0,48.0,utilitaire_camion,utilitaire_camion,1,1,1,1,5
202000017128,2020-09-10 07:30:00,2020,9,10,7,30,76,76351,RD 6015,49.50312,0.19335,Plein jour,Hors agglomération,Intersection en Y,Normale,Autre collision,3,1,2,0,1,3,1,3,1,70,1,1,0,0,0,1,54.0,,voiture,,1,1,4,1,6
202000017129,2020-09-09 18:20:00,2020,9,9,18,20,76,76481,SAINT BARTHELEMY (ROUTE DE),49.55891,0.14121,Plein jour,Hors agglomération,Hors intersection,Normale,Deux véhicules - frontale,3,2,2,0,1,2,1,0,1,50,2,2,1,0,0,1,41.0,56.0,voiture,deux_roues,1,1,1,1,1
202000017130,2020-09-09 16:50:00,2020,9,9,16,50,76,76351,RD 6382,49.52449,0.16182,Plein jour,Hors agglomération,Hors intersection,Normale,Autre collision,3,3,4,0,1,1,1,0,1,90,1,3,1,0,0,2,22.0,,voiture,,1,1,1,1,6
202000017131,2020-09-11 14:10:00,2020,9,11,14,10,72,72181,JAURES JEAN (AV) N° IMP 35 A 179,48.0148,0.17563,Plein jour,En agglomération,Hors intersection,Normale,Deux véhicules - côté,4,3,4,2,1,1,1,0,1,50,2,2,1,0,0,1,58.0,51.0,deux_roues,voiture,1,2,1,1,3
202000017132,2020-09-09 17:50:00,2020,9,9,17,50,71,71270,LECLERC (BOULEVARD GENERAL),46.3018465,4.8196159,Plein jour,En agglomération,Intersection en Y,Normale,Deux véhicules - côté,4,2,2,0,2,3,1,9,1,50,2,2,1,0,1,0,46.0,62.0,voiture,deux_roues,1,2,4,1,3
202000017133,2020-09-09 16:05:00,2020,9,9,16,5,71,71105,VOISINET (CHEMIN DU),46.2918221,4.7844131,Plein jour,En agglomération,Hors intersection,Normale,Deux véhicules - frontale,4,2,2,0,2,1,1,0,1,50,2,4,3,0,1,0,49.0,20.0,voiture,voiture,1,2,1,1,1
202000017134,2020-09-11 17:50:00,2020,9,11,17,50,71,71153,JAURES (RUE JEAN),46.8060521,4.4169949,Plein jour,En agglomération,Place,Normale,Deux véhicules - côté,3,2,0,0,1,1,1,5,1,50,2,2,1,0,0,1,72.0,23.0,deux_roues,voiture,1,2,7,1,3
202000017135,2020-09-11 15:50:00,2020,9,11,15,50,69,69256,EMILE ZOLA                          (R ),45.77803,4.91747,Plein jour,En agglomération,Intersection en X,Normale,Deux véhicules - côté,4,4,4,3,1,1,1,5,1,50,2,2,1,0,1,0,45.0,16.0,voiture,deux_roues,1,2,2,1,3
202000017136,2020-09-11 07:50:00,2020,9,11,7,50,69,69029,GENAS (DE)                          (RO),45.74839,4.91769,Crépuscule ou aube,En agglomération,Intersection en X,Normale,Autre collision,4,3,4,3,1,1,1,5,6,50,1,2,1,0,0,1,37.0,,voiture,,2,2,2,1,6
202000017137,2020-09-10 22:20:00,2020,9,10,22,20,67,67482,SCHIRMECK (ROUTE DE),48.57214,7.7142,Nuit avec éclairage allumé,En agglomération,Intersection en T,Normale,Autre collision,7,2,2,3,1,1,1,0,1,50,1,2,1,0,0,1,46.0,,voiture,,5,2,3,1,6
202000017138,2020-09-10 20:44:00,2020,9,10,20,44,67,67482,RATHSAMHAUSEN (RUE DE),48.568847,7.762578,Nuit avec éclairage allumé,En agglomération,Intersection en T,Normale,Deux véhicules - côté,4,2,3,1,1,1,1,0,1,50,2,1,0,0,0,1,40.0,,deux_roues,,5,2,3,1,3
202000017139,2020-09-10 13:10:00,2020,9,10,13,10,67,67482,ROMAINS (ROUTE DES),48.57968,7.71577,Plein jour,En agglomération,Intersection en T,Normale,Deux véhicules - arrière,4,2,3,1,1,1,1,0,1,50,2,2,1,0,0,1,40.0,43.0,deux_roues,voiture,1,2,3,1,2
202000017140,2020-09-11 17:55:00,2020,9,11,17,55,65,65440,HENRI IV (BOULEVARD),43.23345,0.05991,Plein jour,En agglomération,Hors intersection,Normale,Deux véhicules - côté,4,2,2,1,1,1,1,6,5,50,2,2,1,0,0,1,61.0,53.0,voiture,deux_roues,1,2,1,1,3
202000017141,2020-09-11 08:55:00,2020,9,11,8,55,65,65226,PAU (ROUTE DE),43.240688,0.015456,Plein jour,Hors agglomération,Hors intersection,Normale,Deux véhicules - arrière,3,2,2,0,1,1,1,0,1,90,2,2,1,0,0,1,56.0,27.0,deux_roues,utilitaire_camion,1,1,1,1,2
202000017142,2020-09-11 23:25:00,2020,9,11,23,25,64,64445,PAIX,43.31967,-0.34931,Nuit avec éclairage allumé,En agglomération,Hors intersection,Normale,Sans collision,4,3,0,3,1,1,1,0,6,50,1,2,0,0,0,2,48.0,,deux_roues,,5,2,1,1,7
202000017143,2020-09-11 16:35:00,2020,9,11,16,35,64,64445,DUFAU,43.31104,-0.36313,Plein jour,En agglomération,Hors intersection,Normale,Deux véhicules - arrière,4,1,2,1,1,1,1,0,1,50,2,2,1,0,0,1,19.0,27.0,voiture,voiture,1,2,1,1,2
202000017144,2020-09-09 08:30:00,2020,9,9,8,30,64,64122,MARCEL DASSAULT (BD),43.46798,-1.53968,Plein jour,En agglomération,Hors intersection,Normale,Deux véhicules - côté,3,3,4,2,2,1,1,0,1,50,2,2,1,0,1,0,45.0,38.0,transport_commun,deux_roues,1,2,1,1,3
202000017145,2020-09-11 10:10:00,2020,9,11,10,10,64,64102,ALLEES MARINES (ROND POINT DES),43.49673,-1.48332,Plein jour,En agglomération,Hors intersection,Normale,Sans collision,4,1,1,0,1,2,1,9,1,30,1,1,0,0,0,1,92.0,,voiture,,1,2,1,1,7
202000017146,2020-09-11 09:20:00,2020,9,11,9,20,64,64102,SAINT BERNARD (CHEMIN DE),43.50127,-1.48203,Plein jour,En agglomération,Hors intersection,Normale,Deux véhicules - côté,4,2,2,0,1,1,1,9,1,50,2,2,1,0,0,1,44.0,57.0,deux_roues,voiture,1,2,1,1,3
202000017147,2020-09-11 22:30:00,2020,9,11,22,30,62,62400,HESDIGNEUL ( D' ),50.485535,2.594334,Nuit sans éclairage public,Hors agglomération,Hors intersection,Normale,Sans collision,3,2,2,0,1,1,1,0,1,80,1,1,0,0,0,1,32.0,,deux_roues,,3,1,1,1,7
202000017148,2020-09-10 20:00:00,2020,9,10,20,0,59,59324,GENERAL DE GAULLE (AV DU),50.29602,4.10195,Plein jour,En agglomération,Autre intersection,Normale,Deux véhicules - côté,3,2,2,0,2,1,1,0,8,50,2,6,3,0,1,2,40.0,19.0,voiture,voiture,1,2,9,1,3
202000017149,2020-09-11 22:20:00,2020,9,11,22,20,59,59350,MONTEBELLO  METRO,50.6217919,3.0456879,Nuit avec éclairage allumé,En agglomération,Intersection en X,Normale,Deux véhicules - côté,4,3,4,3,1,1,1,9,1,50,2,3,1,0,1,1,30.0,27.0,deux_roues,voiture,5,2,2,1,3
202000017150,2020-09-10 16:20:00,2020,9,10,16,20,57,57336,STADE (RUE DU),49.1602172,6.7425949,Plein jour,En agglomération,Hors intersection,Normale,Autre collision,4,2,2,0,2,1,1,0,1,50,1,2,1,0,0,1,21.0,,voiture,,1,2,1,1,6
202000017151,2020-09-11 10:00:00,2020,9,11,10,0,56,56260,MARE(GIRATOIRE DE LA),47.65606,-2.79168,Plein jour,En agglomération,Giratoire,Temps éblouissant,Deux véhicules - côté,4,1,2,0,1,3,1,5,1,-1,2,3,2,0,0,1,58.0,53.0,deux_roues,voiture,1,2,6,7,3
202000017152,2020-09-11 11:20:00,2020,9,11,11,20,54,54395,PLACIEUX (RUE DU),48.6761739,6.162807,Plein jour,En agglomération,Intersection en X,Normale,Deux véhicules - côté,4,2,3,1,1,1,1,0,1,50,2,1,0,0,0,1,41.0,,deux_roues,,1,2,2,1,3
202000017153,2020-09-09 22:15:00,2020,9,9,22,15,54,54395,VAYRINGE (RUE),48.70646,6.17684,Nuit avec éclairage allumé,En agglomération,Hors intersection,Normale,Deux véhicules - frontale,4,2,2,0,1,1,1,0,1,50,2,1,0,0,0,1,51.0,,deux_roues,,5,2,1,1,1
202000017154,2020-09-10 13:10:00,2020,9,10,13,10,51,51454,Rue de l’Université,49.2526096,4.0369001,Plein jour,En agglomération,Hors intersection,Normale,,4,1,1,0,1,1,1,0,1,50,2,2,1,0,0,1,52.0,17.0,voiture,deux_roues,1,2,1,1,-1
202000017155,2020-09-10 17:10:00,2020,9,10,17,10,49,49328,ORLEANS (RUE D'),47.25799,-0.0804,Plein jour,En agglomération,Hors intersection,Normale,Deux véhicules - côté,4,1,2,0,1,1,1,0,1,50,2,2,1,0,0,1,42.0,18.0,deux_roues,voiture,1,2,1,1,3
202000017156,2020-09-11 12:25:00,2020,9,11,12,25,47,47323,ROUTE NATIONALE 21,44.39,0.7177,Plein jour,Hors agglomération,Intersection à plus de 4 branches,Normale,Deux véhicules - côté,2,2,4,0,1,1,1,5,1,80,2,3,0,1,2,0,71.0,34.0,voiture,deux_roues,1,1,5,1,3
202000017157,2020-09-10 09:00:00,2020,9,10,9,0,47,47323,ROUTE NATIONALE 21,44.402,0.73965,Plein jour,Hors agglomération,Hors intersection,Normale,Deux véhicules - côté,2,2,2,0,1,1,1,0,1,80,2,2,1,0,1,0,75.0,43.0,voiture,utilitaire_camion,1,1,1,1,3