accident_id,datetime,annee,mois,jour,heure,minute,departement,commune_insee,adresse,latitude,longitude,luminosite,agglomeration,intersection,meteo,collision,catr,circ,nbv,vosp,prof,plan,surf,infra,situ,vma,nb_vehicules,nb_usagers,nb_indemnes,nb_tues,nb_blesses_hosp,nb_blesses_legers,age_cond_1,age_cond_2,veh_type_cond_1,veh_type_cond_2,lum_code,agg_code,int_code,atm_code,col_code
202000017251,2020-09-02 18:35:00,2020,9,2,18,35,12,12138,RD901-Carrefour lieu-dit Campels,44.479881,2.452075,Plein jour,Hors agglomération,Intersection en Y,Normale,Trois véhicules et plus - collisions multiples,3,2,2,0,1,3,1,0,1,80,3,3,2,0,1,0,51.0,25.0,deux_roues,voiture,1,1,4,1,5
202000017252,2020-09-12 12:36:00,2020,9,12,12,36,42,42130,Route de Thuragneux,45.676882,4.178302,Plein jour,Hors agglomération,Hors intersection,Normale,Deux véhicules - côté,4,2,2,0,1,3,1,0,1,50,2,2,1,0,1,0,52.0,24.0,utilitaire_camion,deux_roues,1,1,1,1,3
202000017253,2020-09-11 11:45:00,2020,9,11,11,45,47,47144,Brideau Haut,44.589122,0.404102,Plein jour,Hors agglomération,Hors intersection,Normale,Autre collision,3,2,2,0,1,3,1,0,1,80,1,2,1,0,1,0,27.0,,voiture,,1,1,1,1,6
202000017254,2020-09-11 19:50:00,2020,9,11,19,50,68,68315,Rte 431,47.890946,7.112714,Plein jour,Hors agglomération,Hors intersection,Normale,Autre collision,3,2,2,0,1,4,1,0,1,80,1,1,0,0,1,0,54.0,,deux_roues,,1,1,1,1,6
202000017255,2020-09-12 10:30:00,2020,9,12,10,30,39,39453,,46.430389,5.810663,Plein jour,Hors agglomération,Hors intersection,Normale,Sans collision,3,2,2,0,2,3,1,0,3,80,1,1,0,0,1,0,52.0,,deux_roues,,1,1,1,1,7
202000017256,2020-09-01 15:20:00,2020,9,1,15,20,35,35068,Route de Rennes,48.101789,-1.429635,Plein jour,Hors agglomération,Hors intersection,Normale,Deux véhicules - côté,4,2,2,0,2,1,1,0,1,80,2,2,1,0,0,1,21.0,40.0,utilitaire_camion,voiture,1,1,1,1,3
202000017257,2020-08-14 09:00:00,2020,8,14,9,0,35,35299,RD76,48.644587,-1.885123,Plein jour,Hors agglomération,Hors intersection,Normale,Trois véhicules et plus - collisions multiples,3,2,2,0,1,3,1,2,1,80,3,3,2,0,1,0,48.0,67.0,utilitaire_camion,voiture,1,1,1,1,5
202000017258,2020-09-11 14:35:00,2020,9,11,14,35,35,35223,N24,47.997618,-2.095535,Plein jour,Hors agglomération,Hors intersection,Normale,Autre collision,2,3,4,0,1,1,1,0,3,110,1,2,0,0,1,1,73.0,,voiture,,1,1,1,1,6
202000017259,2020-09-12 15:15:00,2020,9,12,15,15,31,31574,D820,43.431793,1.417108,Plein jour,Hors agglomération,Hors intersection,Normale,Sans collision,3,3,4,0,1,1,1,0,3,110,1,1,0,0,1,0,27.0,,voiture,,1,1,1,1,7
202000017260,2020-09-12 00:10:00,2020,9,12,0,10,38,38397,La Bâtie,45.23936,5.84778,Nuit avec éclairage allumé,En agglomération,Hors intersection,Normale,Autre collision,3,2,2,0,2,2,1,0,3,50,1,1,0,1,0,0,49.0,,voiture,,5,2,1,1,6
202000017261,2020-09-11 17:50:00,2020,9,11,17,50,01,01243,Route de Lurcy,46.05215,4.770708,Plein jour,En agglomération,Hors intersection,Normale,Deux véhicules - frontale,3,2,2,0,2,2,1,0,1,50,2,2,1,0,1,0,15.0,29.0,deux_roues,voiture,1,2,1,1,1
202000017262,2020-09-11 18:25:00,2020,9,11,18,25,01,01243,D933,46.042899,4.759998,Plein jour,Hors agglomération,Hors intersection,Normale,Trois véhicules et plus - collisions multiples,3,2,2,0,1,1,1,0,1,80,4,8,2,0,0,6,23.0,42.0,voiture,voiture,1,1,1,1,5
202000017263,2020-09-08 13:00:00,2020,9,8,13,0,72,72147,lieu dit la grande pièce des pâtis,48.100854,0.197904,Plein jour,Hors agglomération,Hors intersection,Normale,Deux véhicules - frontale,3,2,2,0,1,2,1,0,1,70,2,3,1,0,2,0,66.0,32.0,voiture,voiture,1,1,1,1,1
202000017264,2020-09-12 10:56:00,2020,9,12,10,56,06,06068,Chemin de Font Leugne,43.720552,6.973062,Plein jour,Hors agglomération,Hors intersection,Normale,Deux véhicules - frontale,3,2,2,0,3,4,1,0,1,80,2,2,0,0,1,1,48.0,30.0,deux_roues,deux_roues,1,1,1,1,1
202000017265,2020-09-11 16:45:00,2020,9,11,16,45,05,05040,Intersection D3 - bretelle d'accès N94,44.540752,6.280274,Plein jour,En agglomération,Intersection en X,Normale,Autre collision,3,2,2,-1,1,1,1,0,1,-1,1,3,1,0,1,1,40.0,,voiture,,1,2,2,1,6
202000017266,2020-09-12 11:15:00,2020,9,12,11,15,05,05146,D1075,44.619708,5.702312,Plein jour,Hors agglomération,Hors intersection,Normale,Deux véhicules - arrière,3,2,2,0,1,1,9,8,1,50,2,3,2,0,0,1,67.0,37.0,voiture,voiture,1,1,1,1,2
202000017267,2020-09-12 19:00:00,2020,9,12,19,0,50,50484,Rue de la République,48.577563,-1.09414,Plein jour,En agglomération,Intersection en X,Normale,Deux véhicules - côté,3,2,2,0,1,1,1,0,1,50,2,2,1,0,1,0,18.0,30.0,voiture,deux_roues,1,2,2,1,3
202000017268,2020-09-12 03:30:00,2020,9,12,3,30,90,90072,N1019,47.5448021,6.9482063,Nuit sans éclairage public,Hors agglomération,Giratoire,Normale,Autre collision,2,2,2,0,2,1,1,5,8,80,1,2,0,1,1,0,34.0,,voiture,,3,1,6,1,6
202000017269,2020-09-12 18:15:00,2020,9,12,18,15,45,45325,D2020-PR 1 + 600,48.165168,1.91517,Plein jour,Hors agglomération,Hors intersection,Normale,Deux véhicules - côté,3,4,3,0,1,1,1,0,1,80,2,3,2,1,0,0,36.0,72.0,voiture,voiture,1,1,1,1,3
202000017270,2020-09-11 00:30:00,2020,9,11,0,30,73,73298,N90,45.653757,6.434185,Nuit sans éclairage public,Hors agglomération,Hors intersection,Normale,Autre collision,2,3,6,0,1,4,1,8,1,50,1,1,0,0,1,0,37.0,,voiture,,3,1,1,1,6
202000017271,2020-09-11 19:15:00,2020,9,11,19,15,21,21425,8 Rue Georges Loye,47.624483,4.339039,Crépuscule ou aube,En agglomération,Hors intersection,Normale,Autre collision,4,2,2,0,1,1,1,5,1,50,1,2,1,0,0,1,30.0,,voiture,,2,2,1,1,6
202000017272,2020-09-12 16:15:00,2020,9,12,16,15,04,04157,RD 953,43.8899871,6.1321209,Plein jour,Hors agglomération,Hors intersection,Normale,Sans collision,3,2,2,0,2,2,1,0,3,80,1,1,0,0,0,1,48.0,,voiture,,1,1,1,1,7
202000017273,2020-09-12 13:15:00,2020,9,12,13,15,85,85128,Route de la Roche sur Yon,46.47914,-1.18188,Plein jour,Hors agglomération,Hors intersection,Normale,Deux véhicules - frontale,3,2,2,0,1,1,1,0,1,80,2,2,1,0,1,0,45.0,49.0,deux_roues,voiture,1,1,1,1,1
202000017274,2020-09-11 16:10:00,2020,9,11,16,10,88,88082,9 Rue de la Tournelle,48.454702,6.949879,Plein jour,En agglomération,Intersection en T,Temps éblouissant,Autre collision,3,2,2,0,1,2,1,0,4,50,1,1,0,0,1,0,52.0,,voiture,,1,2,3,7,6
202000017275,2020-09-11 17:00:00,2020,9,11,17,0,35,35210,Le Grand Chemin,48.176469,-1.760736,Plein jour,Hors agglomération,Intersection en T,Normale,Deux véhicules - côté,3,2,2,0,1,1,1,0,1,80,2,3,2,1,0,0,34.0,47.0,voiture,deux_roues,1,1,3,1,3
202000017276,2020-09-11 21:15:00,2020,9,11,21,15,95,95580,RD 16,49.0917367,2.5283516,Nuit avec éclairage allumé,En agglomération,Giratoire,Normale,Autre collision,3,2,2,0,3,3,1,0,3,50,1,1,0,0,0,1,20.0,,deux_roues,,5,2,6,1,6
202000017277,2020-08-10 18:20:00,2020,8,10,18,20,987,98729,RT 91,-17.527102,-149.775807,Nuit sans éclairage public,En agglomération,Hors intersection,Normale,Deux véhicules - frontale,2,2,2,0,1,1,1,0,1,40,2,2,1,0,1,0,45.0,23.0,voiture,deux_roues,3,2,1,1,1
202000017278,2020-07-22 16:00:00,2020,7,22,16,0,971,97118,Chemin de Clede,16.202513,-61.607023,Plein jour,En agglomération,Autre intersection,Pluie légère,Autre collision,3,2,2,0,1,3,2,0,1,50,1,2,1,0,1,0,54.0,,voiture,,1,2,9,2,6
202000017279,2020-09-07 11:30:00,2020,9,7,11,30,33,33527,Rue de Boulange,44.623293,-1.024486,Plein jour,En agglomération,Giratoire,Normale,Deux véhicules - côté,3,2,2,0,1,1,1,5,8,50,2,2,1,0,1,0,62.0,72.0,voiture,deux_roues,1,2,6,1,3
202000017280,2020-09-12 04:45:00,2020,9,12,4,45,30,30253,Le Mas Dieu,44.2208247,4.0837671,Nuit sans éclairage public,Hors agglomération,Hors intersection,Normale,Autre collision,3,-1,2,0,2,2,1,0,3,80,1,1,0,0,1,0,18.0,,voiture,,3,1,1,1,6
202000017281,2020-09-12 13:45:00,2020,9,12,13,45,84,84144,D22,43.926855,5.55346,Plein jour,Hors agglomération,Intersection en Y,Normale,Deux véhicules - frontale,3,2,2,0,2,2,1,0,1,80,2,2,1,0,1,0,25.0,38.0,deux_roues,voiture,1,1,4,1,1
202000017282,2020-09-12 11:05:00,2020,9,12,11,5,05,05139,D17,44.678945,5.95636,Plein jour,Hors agglomération,Intersection en Y,Normale,Autre collision,3,2,2,0,2,3,1,0,3,80,1,2,0,0,0,2,60.0,,deux_roues,,1,1,4,1,6
202000017283,2020-09-11 13:40:00,2020,9,11,13,40,71,71360,D17e,46.3321629,4.7348433,Plein jour,Hors agglomération,Hors intersection,Normale,Sans collision,3,2,2,0,1,2,1,0,3,80,1,1,0,0,1,0,26.0,,deux_roues,,1,1,1,1,7
202000017284,2020-09-12 17:10:00,2020,9,12,17,10,21,21294,Rue Humbert de Gillens,47.104826,4.9935728,Plein jour,Hors agglomération,Hors intersection,Normale,,3,2,2,2,1,1,1,0,1,90,2,4,3,0,1,0,43.0,49.0,deux_roues,voiture,1,1,1,1,-1
202000017285,2020-09-12 13:15:00,2020,9,12,13,15,74,74281,23 Chemin du Clos de Champagne,46.3774812,6.4991266,Plein jour,En agglomération,Intersection en T,Normale,Deux véhicules - frontale,4,2,2,0,3,3,1,0,1,50,2,4,3,0,1,0,24.0,37.0,utilitaire_camion,utilitaire_camion,1,2,3,1,1
202000017286,2020-07-23 22:45:00,2020,7,23,22,45,44,44114,Rue du Petit Bois,47.306659,-1.636856,Nuit sans éclairage public,Hors agglomération,Hors intersection,Normale,Autre collision,4,2,2,0,2,2,9,2,3,50,1,1,0,0,1,0,21.0,,deux_roues,,3,1,1,1,6
202000017287,2020-09-12 17:35:00,2020,9,12,17,35,01,01104,D 991 -  La Rivière,46.243665,5.897292,Plein jour,Hors agglomération,Hors intersection,Normale,Sans collision,3,2,2,0,2,1,1,0,1,80,1,1,0,1,0,0,43.0,,deux_roues,,1,1,1,1,7
202000017288,2020-09-11 18:00:00,2020,9,11,18,0,32,32200,route departementale 943 Pk 5.300,43.621561,0.503086,Plein jour,Hors agglomération,Hors intersection,Normale,Trois véhicules et plus - collisions multiples,3,2,2,0,1,1,1,0,1,80,3,3,1,2,0,0,19.0,16.0,voiture,deux_roues,1,1,1,1,5
202000017289,2020-09-12 17:35:00,2020,9,12,17,35,85,85019,La Voirie,46.798389,-1.412701,Plein jour,Hors agglomération,Hors intersection,Normale,Deux véhicules - frontale,3,2,2,0,2,3,1,0,1,80,2,4,0,0,0,4,42.0,33.0,voiture,voiture,1,1,1,1,1
202000017290,2020-09-11 22:35:00,2020,9,11,22,35,22,22233,Route d'Yvias,48.733012,-3.064542,Nuit sans éclairage public,Hors agglomération,Hors intersection,Normale,Autre collision,3,2,2,0,1,1,1,0,1,80,1,2,1,0,1,0,32.0,,voiture,,3,1,1,1,6
202000017291,2020-09-11 15:50:00,2020,9,11,15,50,27,27329,1 Rue de Boursonne,49.200691,1.472114,Plein jour,Hors agglomération,Intersection en X,Normale,Deux véhicules - côté,3,2,2,0,1,3,1,0,1,80,2,2,1,0,1,0,53.0,43.0,voiture,voiture,1,1,2,1,3
202000017292,2020-09-11 17:45:00,2020,9,11,17,45,13,13055,A507 sens Marseille - Aubagne,43.3026565,5.4253574,Plein jour,Hors agglomération,Hors intersection,Normale,Trois véhicules et plus - en chaîne,1,3,4,0,2,1,1,1,1,70,3,5,2,0,0,3,40.0,20.0,voiture,voiture,1,1,1,1,4
202000017293,2020-09-11 16:20:00,2020,9,11,16,20,13,13070,Sens Aubagne vers Marseille,43.2853736,5.5153621,Plein jour,Hors agglomération,Hors intersection,Normale,Trois véhicules et plus - en chaîne,1,3,3,0,1,1,1,0,1,90,3,3,1,0,0,2,23.0,27.0,voiture,voiture,1,1,1,1,4
202000017294,2020-09-11 14:10:00,2020,9,11,14,10,13,13202,A55-Sens Martigues vers Marseille,43.319866,5.363774,Plein jour,Hors agglomération,Hors intersection,Normale,Trois véhicules et plus - en chaîne,1,1,3,0,2,1,1,2,1,70,3,5,4,0,0,1,24.0,22.0,voiture,voiture,1,1,1,1,4
202000017295,2020-09-10 19:25:00,2020,9,10,19,25,13,13203,A557-Liaison A7 Marseille-A55 Marseille,43.3183609,5.3654754,Plein jour,Hors agglomération,Hors intersection,Pluie légère,Sans collision,1,-1,2,0,2,2,2,0,1,50,1,1,0,0,0,1,21.0,,voiture,,1,1,1,2,7
202000017296,2020-09-11 11:30:00,2020,9,11,11,30,69,69142,M7   2.278 A 3.690,45.72757,4.81658,Plein jour,Hors agglomération,Hors intersection,Normale,Trois véhicules et plus - en chaîne,7,3,6,0,1,1,1,0,1,70,4,4,2,0,0,2,74.0,31.0,voiture,voiture,1,1,1,1,4
202000017297,2020-08-28 12:50:00,2020,8,28,12,50,42,42005,A72,45.52586,4.28754,Plein jour,Hors agglomération,Hors intersection,Normale,Trois véhicules et plus - en chaîne,1,1,1,0,1,1,9,3,1,70,4,4,3,0,0,1,32.0,19.0,voiture,utilitaire_camion,1,1,1,1,4
202000017298,2020-09-11 17:30:00,2020,9,11,17,30,33,33281,ROCADE A 630,44.84505,-0.67124,Plein jour,Hors agglomération,Hors intersection,Normale,Trois véhicules et plus - en chaîne,1,3,6,0,1,1,1,0,1,90,4,4,3,0,0,1,28.0,31.0,voiture,voiture,1,1,1,1,4
202000017299,2020-09-11 08:30:00,2020,9,11,8,30,33,33122,AUTOROUTE A 63,44.75941,-0.68098,Plein jour,Hors agglomération,Hors intersection,Normale,Deux véhicules - arrière,1,3,4,0,1,1,1,0,1,110,2,3,2,0,0,1,31.0,81.0,voiture,voiture,1,1,1,1,2
202000017300,2020-09-10 03:12:00,2020,9,10,3,12,33,33474,AUTOROUTE A 62,44.67542,-0.48114,Nuit sans éclairage public,Hors agglomération,Hors intersection,Normale,Autre collision,1,3,4,0,1,1,1,0,1,130,1,1,0,0,0,1,30.0,,utilitaire_camion,,3,1,1,1,6
202000017301,2020-09-10 10:30:00,2020,9,10,10,30,59,59346,AUTOROUTE A27,50.600809,3.133309,Plein jour,Hors agglomération,Hors intersection,Normale,Autre collision,1,3,2,0,1,3,1,0,1,90,1,1,0,0,0,1,26.0,,deux_roues,,1,1,1,1,6
202000017302,2020-09-10 08:30:00,2020,9,10,8,30,59,59527,ROUTE DEPARTEMENTALE 652,50.667301,3.029822,Plein jour,Hors agglomération,Hors intersection,Normale,Deux véhicules - côté,7,3,4,0,1,1,1,0,1,90,2,2,1,0,0,1,31.0,23.0,voiture,deux_roues,1,1,1,1,3
202000017303,2020-09-11 16:30:00,2020,9,11,16,30,91,91687,AUTOROUTE A6,48.64947,2.38535,Plein jour,Hors agglomération,Hors intersection,Normale,Deux véhicules - arrière,1,1,3,0,1,1,1,0,1,110,2,2,1,0,0,1,48.0,45.0,voiture,voiture,1,1,1,1,2
202000017304,2020-09-11 09:45:00,2020,9,11,9,45,91,91182,RN 104,48.61332,2.43112,Plein jour,Hors agglomération,Autre intersection,Normale,Deux véhicules - côté,1,1,2,0,1,1,1,9,1,90,2,2,1,0,0,1,32.0,23.0,utilitaire_camion,voiture,1,1,9,1,3
202000017305,2020-09-11 08:55:00,2020,9,11,8,55,92,92036,A86,48.9356468,2.2855372,Plein jour,Hors agglomération,Hors intersection,Normale,Deux véhicules - arrière,1,3,4,0,1,1,1,0,1,90,2,2,1,0,0,1,26.0,32.0,voiture,deux_roues,1,1,1,1,2
202000017306,2020-09-10 23:40:00,2020,9,10,23,40,92,92025,A86,48.9325383,2.2486858,Nuit sans éclairage public,Hors agglomération,Hors intersection,Normale,Deux véhicules - arrière,1,3,4,0,1,1,1,0,1,90,2,2,1,0,0,1,38.0,32.0,voiture,voiture,3,1,1,1,2
202000017307,2020-09-11 09:40:00,2020,9,11,9,40,93,93027,AUTOROUTE A86,48.92466,2.38985,Plein jour,Hors agglomération,Hors intersection,Normale,Sans collision,1,3,8,0,1,1,1,0,1,90,1,1,0,0,0,1,19.0,,voiture,,1,1,1,1,7
202000017308,2020-09-11 19:20:00,2020,9,11,19,20,77,77169,RN104,48.815374,2.624225,Plein jour,Hors agglomération,Hors intersection,Normale,Autre collision,2,-1,3,0,1,1,1,0,1,110,1,1,0,0,0,1,21.0,,deux_roues,,1,1,1,1,6
202000017309,2020-09-11 07:25:00,2020,9,11,7,25,94,94079,A4,48.8349,2.5375,Plein jour,Hors agglomération,Hors intersection,Normale,Deux véhicules - côté,1,3,8,0,1,1,1,0,1,110,2,2,1,0,0,1,21.0,31.0,deux_roues,voiture,1,1,1,1,3
202000017310,2020-09-11 02:20:00,2020,9,11,2,20,94,94042,A4,48.8275754,2.4705096,Nuit sans éclairage public,Hors agglomération,Hors intersection,Normale,,1,1,8,0,1,1,1,0,1,90,2,2,1,0,0,1,29.0,27.0,voiture,deux_roues,3,1,1,1,-1
202000017311,2020-09-10 21:58:00,2020,9,10,21,58,77,77468,A4,48.832429,2.663949,Nuit sans éclairage public,Hors agglomération,Hors intersection,Normale,Autre collision,1,1,3,0,1,1,1,0,1,110,1,1,0,0,0,1,27.0,,deux_roues,,3,1,1,1,6
202000017312,2020-06-23 10:45:00,2020,6,23,10,45,82,82121,BRIAND (RUE ARISTIDE),44.01667,1.3453,Plein jour,En agglomération,Hors intersection,Normale,Autre collision,3,2,2,0,1,1,1,0,1,30,1,2,1,0,0,1,76.0,,voiture,,1,2,1,1,6
202000017313,2020-09-10 07:46:00,2020,9,10,7,46,988,98818,ROUTE EXPRESS DU MONT DORE,-22.23638,166.4862,Plein jour,En agglomération,Hors intersection,Normale,Trois véhicules et plus - en chaîne,1,2,2,0,1,1,1,0,1,70,3,5,4,0,0,1,40.0,82.0,voiture,utilitaire_camion,1,2,1,1,4
202000017314,2020-09-10 17:57:00,2020,9,10,17,57,973,97302,CABASSOU (ROUTE DE),4.9147211,-52.3101998,Plein jour,Hors agglomération,Hors intersection,Normale,Trois véhicules et plus - en chaîne,3,2,1,0,1,1,1,0,1,50,3,3,2,0,1,0,30.0,61.0,voiture,voiture,1,1,1,1,4
202000017315,2020-09-07 13:40:00,2020,9,7,13,40,973,97302,ROUGET DE L ' ISLE,4.9391673,-52.3271728,Plein jour,En agglomération,Intersection en X,Normale,,4,1,1,0,1,1,1,0,1,50,2,2,1,0,1,0,50.0,31.0,voiture,deux_roues,1,2,2,1,-1
202000017316,2020-09-10 23:00:00,2020,9,10,23,0,69,69259,VIENNE (DE)                         (RO),45.7162869,4.854896,Nuit avec éclairage allumé,En agglomération,Intersection en Y,Normale,Autre collision,3,3,4,1,1,1,1,0,1,50,1,2,1,0,0,1,23.0,,voiture,,5,2,4,1,6
202000017317,2020-09-10 16:00:00,2020,9,10,16,0,69,69388,MARIUS BERLIET                      (R ),45.73765,4.86804,Plein jour,Hors agglomération,Hors intersection,Normale,Deux véhicules - côté,4,2,2,0,1,1,1,0,1,50,2,2,1,0,0,1,37.0,27.0,voiture,deux_roues,1,1,1,1,3
202000017318,2020-06-14 15:15:00,2020,6,14,15,15,66,66172,Avenue de Torremila,42.717889,2.857695,Plein jour,En agglomération,Hors intersection,Normale,Autre collision,9,2,2,0,1,1,1,0,8,50,1,1,0,1,0,0,37.0,,deux_roues,,1,2,1,1,6
202000017319,2020-06-14 04:45:00,2020,6,14,4,45,28,28392,Autorute A10 dans le sens province vers Paris au PK 61+555,48.239366,1.850767,Nuit sans éclairage public,Hors agglomération,Hors intersection,Normale,Deux véhicules - arrière,1,3,4,0,1,1,1,0,1,130,2,10,2,0,5,3,25.0,49.0,voiture,utilitaire_camion,3,1,1,1,2
202000017320,2020-06-10 06:00:00,2020,6,10,6,0,971,97128,Route de Ffrench,16.244095,-61.369843,Plein jour,Hors agglomération,Intersection en Y,Normale,Autre collision,2,2,2,0,1,1,1,0,3,50,1,1,0,0,1,0,79.0,,voiture,,1,1,4,1,6
202000017321,2020-06-12 08:35:00,2020,6,12,8,35,29,29297,Rue du Faouët,47.880657,-3.537705,Plein jour,Hors agglomération,Hors intersection,Pluie légère,Deux véhicules - frontale,3,2,2,0,2,2,2,0,1,70,2,3,1,0,0,2,50.0,19.0,voiture,voiture,1,1,1,2,1
202000017322,2020-06-14 06:00:00,2020,6,14,6,0,37,37253,,47.2621623,1.0126558,Crépuscule ou aube,Hors agglomération,Hors intersection,Normale,Autre collision,4,2,2,0,1,1,1,0,3,80,1,1,0,1,0,0,19.0,,voiture,,2,1,1,1,6
202000017323,2020-06-14 13:00:00,2020,6,14,13,0,05,05180,D994E,44.827185,6.522907,Plein jour,Hors agglomération,Hors intersection,Normale,Deux véhicules - côté,3,2,2,0,1,3,1,0,1,-1,2,2,1,0,1,0,31.0,72.0,voiture,deux_roues,1,1,1,1,3
202000017324,2020-06-14 18:25:00,2020,6,14,18,25,52,52001,Allee de la Genevroye,48.117309,5.353088,Plein jour,Hors agglomération,Hors intersection,Normale,Autre collision,3,2,2,0,1,1,1,0,3,90,1,3,0,0,0,3,52.0,,utilitaire_camion,,1,1,1,1,6
202000017325,2020-06-14 19:50:00,2020,6,14,19,50,01,01376,Route de Genève,45.829883,4.979773,Plein jour,En agglomération,Intersection en T,Normale,Trois véhicules et plus - en chaîne,3,2,2,0,1,1,1,5,1,50,3,4,3,0,0,1,91.0,27.0,voiture,voiture,1,2,3,1,4
202000017326,2020-06-14 13:45:00,2020,6,14,13,45,69,69054,la scierie,46.1719844,4.5045999,Plein jour,Hors agglomération,Hors intersection,Normale,Deux véhicules - côté,3,2,2,0,1,1,1,0,1,80,2,3,1,0,0,2,66.0,45.0,voiture,deux_roues,1,1,1,1,3
202000017327,2020-06-12 16:00:00,2020,6,12,16,0,31,31291,D 65,43.593105,1.274586,Plein jour,Hors agglomération,Hors intersection,Normale,Autre collision,3,2,2,0,1,1,1,0,3,-1,1,1,0,0,1,0,57.0,,voiture,,1,1,1,1,6
202000017328,2020-06-13 23:30:00,2020,6,13,23,30,85,85302,La Barboire,46.9180202,-0.961647,Nuit sans éclairage public,Hors agglomération,Hors intersection,Pluie légère,Deux véhicules - côté,3,3,2,0,1,1,2,9,1,80,2,8,2,0,6,0,60.0,20.0,voiture,voiture,3,1,1,2,3
202000017329,2020-06-13 20:00:00,2020,6,13,20,0,14,14053,D63/D148,48.880135,-0.0798157,Plein jour,Hors agglomération,Intersection en T,Temps éblouissant,Deux véhicules - côté,3,2,2,0,1,2,1,5,1,80,2,4,1,0,2,1,82.0,65.0,voiture,voiture,1,1,3,7,3
202000017330,2020-06-14 00:00:00,2020,6,14,0,0,22,22176,Rue du Menhir,48.441597,-2.746947,Nuit sans éclairage public,En agglomération,Hors intersection,Pluie légère,Sans collision,3,2,2,0,1,1,2,0,4,50,1,3,0,0,3,0,22.0,,voiture,,3,2,1,2,7
202000017331,2020-06-12 04:00:00,2020,6,12,4,0,13,13216,A55-Sens Marseille vers Martigues,43.345809,5.345807,Nuit sans éclairage public,Hors agglomération,Hors intersection,Normale,Deux véhicules - arrière,1,1,3,0,1,1,1,0,1,90,2,2,1,0,0,1,19.0,19.0,voiture,voiture,3,1,1,1,2
202000017332,2020-06-12 08:25:00,2020,6,12,8,25,13,13055,A507 sens Aubagne- Marseille,43.32887,5.41615,Plein jour,Hors agglomération,Hors intersection,Normale,Deux véhicules - arrière,1,1,2,0,1,1,1,0,1,70,2,2,1,0,0,1,20.0,34.0,voiture,voiture,1,1,1,1,2
202000017333,2020-06-13 13:00:00,2020,6,13,13,0,33,33063,ROCADE A 630,44.8839,-0.55837,Plein jour,Hors agglomération,Hors intersection,Pluie légère,Trois véhicules et plus - en chaîne,1,1,2,0,1,3,2,3,1,50,3,4,2,0,0,2,20.0,73.0,voiture,voiture,1,1,1,2,4
202000017334,2020-06-13 16:00:00,2020,6,13,16,0,94,94038,AUTOROUTE A6A,48.77981,2.34678,Plein jour,Hors agglomération,Hors intersection,Normale,Trois véhicules et plus - en chaîne,1,3,12,0,1,1,1,0,1,90,3,6,3,0,0,3,19.0,40.0,voiture,voiture,1,1,1,1,4
202000017335,2020-06-12 19:50:00,2020,6,12,19,50,94,94037,AUTOROUTE A6B,48.8138,2.35513,Plein jour,Hors agglomération,Hors intersection,Normale,Deux véhicules - arrière,1,3,2,0,1,1,1,1,1,70,2,2,1,0,0,1,43.0,63.0,voiture,voiture,1,1,1,1,2
202000017336,2020-06-13 21:20:00,2020,6,13,21,20,93,93005,AUTOROUTE A3,48.94936,2.47645,Plein jour,Hors agglomération,Hors intersection,Normale,Autre collision,1,1,2,0,1,2,1,0,1,70,1,1,0,0,0,1,21.0,,voiture,,1,1,1,1,6
202000017337,2020-06-13 14:10:00,2020,6,13,14,10,60,60612,AUTOROUTE A1,49.18502,2.60531,Plein jour,Hors agglomération,Hors intersection,Normale,Sans collision,1,3,6,0,1,2,1,0,1,130,1,3,0,0,1,2,19.0,,voiture,,1,1,1,1,7
202000017338,2020-06-12 07:00:00,2020,6,12,7,0,95,95365,RN 104,49.06665,2.40262,Plein jour,Hors agglomération,Hors intersection,Pluie légère,Deux véhicules - côté,2,3,6,0,1,1,2,0,1,90,2,2,0,0,0,2,38.0,44.0,voiture,voiture,1,1,1,2,3
202000017339,2020-06-12 08:00:00,2020,6,12,8,0,77,77053,N104,48.6925256,2.5950965,Plein jour,Hors agglomération,Hors intersection,Pluie légère,,2,3,2,0,1,1,2,0,1,90,2,2,1,0,0,1,39.0,49.0,voiture,voiture,1,1,1,2,-1
202000017340,2020-03-13 15:10:00,2020,3,13,15,10,86,86066,Rue Joseph Mergau,46.80298,0.52489,Plein jour,En agglomération,Hors intersection,Normale,Autre collision,4,2,2,0,1,1,1,0,1,50,1,1,0,1,0,0,20.0,,deux_roues,,1,2,1,1,6
202000017341,2020-06-11 14:40:00,2020,6,11,14,40,988,98818,RUE DU 18 JUIN/RUE RENE MILLARD,-22.27681,166.46818,Plein jour,En agglomération,Intersection en T,Normale,Deux véhicules - côté,4,2,-1,0,1,2,1,0,1,50,2,2,1,0,1,0,28.0,61.0,voiture,voiture,1,2,3,1,3
202000017342,2020-06-13 01:10:00,2020,6,13,1,10,974,97409,Rue de Cambuston,-20.93241,55.64621,Nuit avec éclairage allumé,En agglomération,Hors intersection,Pluie légère,Autre collision,3,2,2,0,1,1,2,0,4,50,1,4,1,0,2,1,29.0,,voiture,,5,2,1,2,6
202000017343,2020-06-12 13:20:00,2020,6,12,13,20,974,97409,CHEMIN AGENOR,-20.945948,55.683138,Plein jour,En agglomération,Intersection en T,Normale,Deux véhicules - côté,3,2,2,0,1,1,1,0,1,50,2,2,1,0,0,1,30.0,39.0,voiture,deux_roues,1,2,3,1,3