accident_id,datetime,annee,mois,jour,heure,minute,departement,commune_insee,adresse,latitude,longitude,luminosite,agglomeration,intersection,meteo,collision,catr,circ,nbv,vosp,prof,plan,surf,infra,situ,vma,nb_vehicules,nb_usagers,nb_indemnes,nb_tues,nb_blesses_hosp,nb_blesses_legers,age_cond_1,age_cond_2,veh_type_cond_1,veh_type_cond_2,lum_code,agg_code,int_code,atm_code,col_code
202000017529,2020-08-12 09:30:00,2020,8,12,9,30,75,75116,BOULEVARD PERIPHERIQUE,48.863558,2.265761,Plein jour,En agglomération,Hors intersection,Normale,Deux véhicules - arrière,4,1,4,0,1,1,1,1,1,70,2,2,1,0,0,1,26.0,21.0,voiture,voiture,1,2,1,1,2
202000017530,2020-08-12 01:50:00,2020,8,12,1,50,75,75116,AVENUE DU PRESIDENT WILSON,48.863607,2.289298,Nuit avec éclairage allumé,En agglomération,Hors intersection,Normale,Deux véhicules - côté,4,3,3,0,2,1,2,0,1,50,2,3,2,0,1,0,20.0,16.0,voiture,deux_roues,5,2,1,1,3
202000017531,2020-08-11 13:20:00,2020,8,11,13,20,75,75116,BOULEVARD PERIPHERIQUE,48.877266,2.27962,Plein jour,En agglomération,Intersection en Y,Normale,Deux véhicules - arrière,4,1,4,0,1,1,1,0,1,70,2,8,7,0,0,1,35.0,49.0,voiture,voiture,1,2,4,1,2
202000017532,2020-08-12 14:34:00,2020,8,12,14,34,75,75120,BOULEVARD DAVOUT,48.85472,2.410485,Plein jour,En agglomération,Hors intersection,Normale,Deux véhicules - côté,4,3,2,0,1,1,1,0,1,30,2,3,1,0,0,2,34.0,62.0,voiture,voiture,1,2,1,1,3
202000017533,2020-08-12 10:30:00,2020,8,12,10,30,75,75117,BOULEVARD BESSIERES,48.897613,2.324154,Plein jour,En agglomération,Intersection en T,Normale,Deux véhicules - côté,4,3,2,0,1,1,1,0,1,30,2,2,1,0,0,1,44.0,19.0,voiture,deux_roues,1,2,3,1,3
202000017534,2020-08-12 09:45:00,2020,8,12,9,45,75,75115,RUE PETEL,48.8408,2.299382,Plein jour,En agglomération,Hors intersection,Normale,Autre collision,4,2,2,0,2,1,1,0,1,50,1,1,0,0,0,1,32.0,,deux_roues,,1,2,1,1,6
202000017535,2020-08-10 09:34:00,2020,8,10,9,34,75,75115,RUE DE LA CONVENTION,48.835499,2.302392,Plein jour,En agglomération,Place,Normale,Deux véhicules - arrière,4,2,1,0,1,1,1,0,1,50,2,2,0,0,0,2,41.0,53.0,voiture,utilitaire_camion,1,2,7,1,2
202000017536,2020-08-12 15:25:00,2020,8,12,15,25,75,75107,RUE SAINT DOMINIQUE,48.859935,2.310168,Plein jour,En agglomération,Intersection en X,Normale,Deux véhicules - côté,4,1,1,0,1,1,1,0,1,50,2,2,1,0,0,1,35.0,61.0,voiture,deux_roues,1,2,2,1,3
202000017537,2020-08-03 13:58:00,2020,8,3,13,58,75,75109,RUE DE CHATEAUDUN,48.875989,2.33843,Plein jour,En agglomération,Intersection en T,Normale,Autre collision,4,2,4,0,1,1,1,0,1,50,1,2,1,0,0,1,33.0,,deux_roues,,1,2,3,1,6
202000017538,2020-08-12 12:58:00,2020,8,12,12,58,75,75108,BOULEVARD MALESHERBES,48.87214,2.321807,Plein jour,En agglomération,Intersection en Y,Normale,Deux véhicules - côté,4,2,4,0,1,1,1,0,1,50,2,2,1,0,0,1,27.0,76.0,deux_roues,voiture,1,2,4,1,3
202000017539,2020-08-12 15:00:00,2020,8,12,15,0,75,75107,QUAI ANATOLE FRANCE,48.862589,2.319017,Plein jour,En agglomération,Intersection en X,Normale,Deux véhicules - côté,4,2,8,0,1,1,1,0,1,50,2,2,1,0,0,1,54.0,56.0,voiture,deux_roues,1,2,2,1,3
202000017540,2020-08-11 17:40:00,2020,8,11,17,40,75,75104,RUE DE RIVOLI,48.855394,2.36037,Crépuscule ou aube,En agglomération,Hors intersection,Pluie légère,Autre collision,4,2,4,1,1,1,2,-1,5,50,1,1,0,0,0,1,33.0,,deux_roues,,2,2,1,2,6
202000017541,2020-08-12 12:10:00,2020,8,12,12,10,94,94042,JEAN D ESTIENNE D ORVES (AV),48.82126,2.47191,Plein jour,En agglomération,Intersection en X,Normale,Deux véhicules - côté,4,1,1,0,1,1,1,0,1,50,2,2,1,0,0,1,25.0,51.0,utilitaire_camion,deux_roues,1,2,2,1,3
202000017542,2020-08-12 11:30:00,2020,8,12,11,30,94,94065,avenue de versailles,48.74772,2.3644,Plein jour,En agglomération,Hors intersection,Normale,Autre collision,9,2,2,0,1,1,1,0,8,30,1,2,1,0,0,1,57.0,,utilitaire_camion,,1,2,1,1,6
202000017543,2020-08-12 13:30:00,2020,8,12,13,30,94,94079,LEON DAUER (R),48.825501,2.536527,Plein jour,En agglomération,Hors intersection,Normale,Deux véhicules - arrière,4,1,1,0,1,1,1,0,1,50,2,2,0,0,1,1,35.0,31.0,voiture,voiture,1,2,1,1,2
202000017544,2020-08-12 19:50:00,2020,8,12,19,50,94,94017,STALINGRAD (BD DE),48.8278,2.4939,Plein jour,En agglomération,Place,Normale,Deux véhicules - arrière,3,3,4,0,1,1,1,0,1,50,2,2,1,0,0,1,46.0,25.0,utilitaire_camion,voiture,1,2,7,1,2
202000017545,2020-08-12 20:45:00,2020,8,12,20,45,93,93005,CHARLES DE GAULLE [CD115] (AVENUE),48.9305061,2.4826894,Nuit avec éclairage allumé,En agglomération,Autre intersection,Temps couvert,Deux véhicules - arrière,3,2,2,0,2,1,1,0,1,50,2,2,0,0,0,2,21.0,20.0,utilitaire_camion,utilitaire_camion,5,2,9,8,2
202000017546,2020-08-12 19:00:00,2020,8,12,19,0,93,93066,"""STALINGRAD (AVENUE), NR 88 A 114 BIS""",48.9474758,2.374423,Plein jour,En agglomération,Hors intersection,Pluie forte,Trois véhicules et plus - collisions multiples,3,1,4,0,1,1,2,0,3,50,3,3,1,0,0,2,71.0,19.0,voiture,voiture,1,2,1,3,5
202000017547,2020-08-12 17:50:00,2020,8,12,17,50,93,93053,ROSNY (AVENUE DE) N° 56 A 242,48.8941245,2.4706881,Plein jour,En agglomération,Intersection en T,Normale,Deux véhicules - côté,3,2,2,0,3,1,1,0,1,50,2,3,1,0,0,2,54.0,21.0,deux_roues,voiture,1,2,3,1,3
202000017548,2020-08-11 20:30:00,2020,8,11,20,30,93,93048,STALINGRAD (RUE DE),48.8551,2.4464,Plein jour,En agglomération,Hors intersection,Normale,Autre collision,3,2,2,0,1,1,1,9,1,30,1,1,0,0,0,1,46.0,,deux_roues,,1,2,1,1,6
202000017549,2020-08-12 20:20:00,2020,8,12,20,20,92,92062,BERGERES (RD-PT DES) DU 117 AU 141,48.8845901,2.2276962,Crépuscule ou aube,En agglomération,Hors intersection,Normale,Autre collision,9,-1,0,0,1,2,1,0,4,50,1,1,0,0,0,1,,,,,2,2,1,1,6
202000017550,2020-08-12 15:00:00,2020,8,12,15,0,92,92062,DE DION BOUTON (QUAI) DU 29 AU 65,48.886989,2.2529295,Plein jour,En agglomération,Hors intersection,Normale,Deux véhicules - côté,3,1,3,0,1,1,1,9,1,70,2,1,0,0,0,1,31.0,,deux_roues,,1,2,1,1,3
202000017551,2020-08-12 12:15:00,2020,8,12,12,15,92,92044,VIC. HUGO(RUE)115A149 ET 148A178,48.8988673,2.2938401,Plein jour,En agglomération,Hors intersection,Normale,Sans collision,3,2,2,0,1,1,1,0,1,50,1,1,0,0,0,1,29.0,,deux_roues,,1,2,1,1,7
202000017552,2020-08-12 11:00:00,2020,8,12,11,0,92,92012,JEAN JAURES (BOULEVARD) 1/61 - COTE IMPA,48.841257,2.239202,Plein jour,En agglomération,Hors intersection,Normale,Deux véhicules - côté,3,2,2,0,1,1,1,0,1,50,2,2,1,0,0,1,83.0,47.0,voiture,autre,1,2,1,1,3
202000017553,2020-08-12 16:50:00,2020,8,12,16,50,92,92007,VAILLANT-COUTURIER (AVENU PAUL),48.79451,2.3165,Plein jour,En agglomération,Giratoire,Normale,Deux véhicules - côté,3,2,2,1,1,1,1,0,1,50,2,5,4,0,0,1,32.0,38.0,voiture,voiture,1,2,6,1,3
202000017554,2020-08-12 15:00:00,2020,8,12,15,0,92,92007,PASTEUR (AVENUE LOUIS) N° 1 A 39 ET 2 A,48.7983017,2.3175808,Plein jour,En agglomération,Hors intersection,Normale,Deux véhicules - arrière,3,2,2,0,1,1,1,0,1,50,2,3,2,0,0,1,50.0,35.0,autre,voiture,1,2,1,1,2
202000017555,2020-08-13 11:05:00,2020,8,13,11,5,2A,2A035,Belvédère-Campomoro,41.628873,8.81602,Plein jour,En agglomération,Hors intersection,Normale,Autre collision,3,2,2,0,2,1,1,0,1,50,1,2,1,0,1,0,29.0,,voiture,,1,2,1,1,6
202000017556,2020-08-13 17:50:00,2020,8,13,17,50,86,86272,Route de Rettel,46.827785,0.484579,Plein jour,Hors agglomération,Hors intersection,Temps couvert,Deux véhicules - frontale,3,2,2,0,1,1,2,0,1,70,2,3,0,0,1,2,39.0,27.0,voiture,voiture,1,1,1,8,1
202000017557,2020-08-13 07:15:00,2020,8,13,7,15,11,11068,A61,43.179962,2.562389,Plein jour,Hors agglomération,Hors intersection,Normale,Deux véhicules - côté,1,3,4,0,1,1,1,0,1,130,2,2,1,0,1,0,47.0,34.0,utilitaire_camion,utilitaire_camion,1,1,1,1,3
202000017558,2020-08-12 18:15:00,2020,8,12,18,15,33,33205,D109,44.606178,-0.393373,Plein jour,Hors agglomération,Hors intersection,Normale,Deux véhicules - frontale,3,2,2,0,1,3,2,0,1,80,2,3,0,0,2,1,60.0,49.0,voiture,voiture,1,1,1,1,1
202000017559,2020-08-10 18:15:00,2020,8,10,18,15,972,97227,N5,14.479088,-60.963312,Crépuscule ou aube,Hors agglomération,Hors intersection,Normale,Deux véhicules - côté,2,3,4,0,4,1,1,0,1,90,2,3,1,0,0,2,39.0,26.0,voiture,voiture,2,1,1,1,3
202000017560,2020-08-06 13:10:00,2020,8,6,13,10,972,97226,D9,14.438135,-60.876231,Plein jour,Hors agglomération,Hors intersection,Normale,Deux véhicules - arrière,3,2,2,0,1,1,1,0,1,70,2,3,2,0,1,0,35.0,29.0,voiture,deux_roues,1,1,1,1,2
202000017561,2020-05-06 22:10:00,2020,5,6,22,10,26,26337,autoroute du Soleil,44.707223,4.785833,Nuit sans éclairage public,Hors agglomération,Autre intersection,Normale,Sans collision,1,3,3,0,1,1,1,0,1,130,1,1,0,0,1,0,27.0,,voiture,,3,1,9,1,7
202000017562,2020-08-13 14:40:00,2020,8,13,14,40,22,22005,4 Kerboll,48.552108,-3.379117,Plein jour,Hors agglomération,Hors intersection,Normale,Deux véhicules - arrière,2,3,4,0,2,1,1,0,1,110,2,4,1,0,3,0,38.0,45.0,voiture,utilitaire_camion,1,1,1,1,2
202000017563,2020-08-11 07:45:00,2020,8,11,7,45,59,59462,D925,50.525466,3.004777,Plein jour,Hors agglomération,Hors intersection,Normale,Deux véhicules - arrière,3,2,2,0,1,1,1,0,1,80,2,2,1,0,1,0,59.0,22.0,deux_roues,voiture,1,1,1,1,2
202000017564,2020-08-13 11:18:00,2020,8,13,11,18,19,19031,A20,45.118872,1.50105,Plein jour,Hors agglomération,Hors intersection,Pluie légère,Trois véhicules et plus - en chaîne,1,3,4,0,2,1,2,0,1,110,3,6,5,0,1,0,38.0,40.0,utilitaire_camion,utilitaire_camion,1,1,1,2,4
202000017565,2020-08-13 04:00:00,2020,8,13,4,0,41,41136,A10,47.714762,1.476611,Nuit sans éclairage public,Hors agglomération,Hors intersection,Pluie légère,Sans collision,1,3,4,0,1,1,2,0,3,90,1,2,1,0,0,1,23.0,,utilitaire_camion,,3,1,1,2,7
202000017566,2020-07-30 09:35:00,2020,7,30,9,35,34,34076,A75 - PK 289+000,43.659303,3.443313,Plein jour,Hors agglomération,Hors intersection,Normale,Deux véhicules - arrière,1,3,4,0,1,1,1,0,1,90,2,3,2,0,0,1,68.0,22.0,voiture,voiture,1,1,1,1,2
202000017567,2020-08-12 15:00:00,2020,8,12,15,0,67,67434,Route de Sarrebourg,48.9329908,7.0891112,Plein jour,En agglomération,Intersection en T,Normale,Deux véhicules - côté,3,2,2,0,1,1,1,5,1,50,2,3,1,0,0,2,65.0,61.0,deux_roues,voiture,1,2,3,1,3
202000017568,2020-08-11 12:10:00,2020,8,11,12,10,79,79202,Avenue Pierre Mendes-france,46.646188,-0.247804,Plein jour,En agglomération,Giratoire,Normale,Deux véhicules - côté,3,2,2,0,1,1,1,0,1,50,2,2,1,0,0,1,19.0,17.0,voiture,deux_roues,1,2,6,1,3
202000017569,2020-08-01 15:00:00,2020,8,1,15,0,79,79066,Le Petit Chanteloup,46.507682,-0.366368,Plein jour,Hors agglomération,Hors intersection,Normale,Sans collision,4,2,2,0,1,2,1,0,3,80,1,1,0,0,0,1,14.0,,deux_roues,,1,1,1,1,7
202000017570,2020-08-13 14:20:00,2020,8,13,14,20,2A,2A085,D302,41.911475,8.837299,Plein jour,Hors agglomération,Intersection en T,Normale,Deux véhicules - côté,2,2,2,0,1,3,1,0,1,80,2,2,1,0,1,0,30.0,72.0,deux_roues,voiture,1,1,3,1,3
202000017571,2020-08-13 16:25:00,2020,8,13,16,25,71,71561,Ligny-en-Brionnais,46.2449737,4.2161409,Plein jour,Hors agglomération,Hors intersection,Pluie légère,Deux véhicules - frontale,4,2,2,0,1,3,2,0,1,80,2,4,2,0,2,0,78.0,20.0,voiture,deux_roues,1,1,1,2,1
202000017572,2020-08-13 07:10:00,2020,8,13,7,10,61,61297,D932,48.6454,0.478055,Plein jour,En agglomération,Intersection en X,Normale,Deux véhicules - côté,3,2,2,0,1,1,1,0,1,50,2,2,1,0,1,0,21.0,28.0,deux_roues,utilitaire_camion,1,2,2,1,3
202000017573,2020-08-12 14:30:00,2020,8,12,14,30,12,12069,D 999,43.876675,2.70195,Plein jour,Hors agglomération,Hors intersection,Vent fort / tempête,Autre collision,3,2,2,0,2,3,1,0,3,80,1,2,0,0,2,0,59.0,,deux_roues,,1,1,1,6,6
202000017574,2020-08-13 00:00:00,2020,8,13,0,0,47,47269,D215,44.190421,0.763164,Nuit sans éclairage public,Hors agglomération,Hors intersection,Temps couvert,Deux véhicules - frontale,3,2,2,0,1,3,1,0,1,80,2,2,0,0,2,0,38.0,29.0,voiture,voiture,3,1,1,8,1
202000017575,2020-08-13 14:10:00,2020,8,13,14,10,41,41060,26 Rue de l'Eglise,47.968566,0.893025,Plein jour,En agglomération,Hors intersection,Pluie légère,Autre collision,4,2,2,0,2,1,2,0,1,50,1,1,0,0,1,0,16.0,,deux_roues,,1,2,1,2,6
202000017576,2020-08-13 11:30:00,2020,8,13,11,30,34,34283,D9,43.814247,3.391042,Plein jour,Hors agglomération,Hors intersection,Normale,Sans collision,3,2,2,0,1,2,1,0,3,80,1,1,0,0,0,1,82.0,,deux_roues,,1,1,1,1,7
202000017577,2020-08-13 05:00:00,2020,8,13,5,0,25,25512,LES ALLEMANDS,47.151377,6.69724,Crépuscule ou aube,Hors agglomération,Hors intersection,Normale,Deux véhicules - frontale,4,2,2,0,1,1,1,0,1,80,2,2,1,0,1,0,37.0,30.0,deux_roues,voiture,2,1,1,1,1
202000017578,2020-08-11 18:20:00,2020,8,11,18,20,29,29245,Carrefour D25 / D59,48.45691,-4.362335,Plein jour,Hors agglomération,Intersection en T,Normale,Trois véhicules et plus - collisions multiples,3,2,2,0,1,1,1,0,1,80,3,3,1,0,0,2,34.0,78.0,voiture,voiture,1,1,3,1,5
202000017579,2020-08-12 16:00:00,2020,8,12,16,0,31,31091,3 Avenue de l'Industrie,43.718342,1.395575,Plein jour,En agglomération,Hors intersection,Temps couvert,Deux véhicules - frontale,4,2,2,0,1,3,1,0,1,-1,2,2,1,0,1,0,48.0,30.0,deux_roues,voiture,1,2,1,8,1
202000017580,2020-08-13 11:50:00,2020,8,13,11,50,38,38453,Route de Valence,45.11683,5.32687,Plein jour,En agglomération,Hors intersection,Normale,Deux véhicules - côté,3,2,2,0,1,1,1,0,1,50,2,4,0,0,1,3,64.0,21.0,voiture,voiture,1,2,1,1,3
202000017581,2020-08-12 13:00:00,2020,8,12,13,0,38,38006,Route du Collet d'Allevard,45.39173,6.10139,Plein jour,Hors agglomération,Hors intersection,Normale,Autre collision,3,2,2,0,2,3,1,0,3,80,1,1,0,1,0,0,26.0,,deux_roues,,1,1,1,1,6
202000017582,2020-08-13 15:30:00,2020,8,13,15,30,03,03157,,46.2103884,3.5217316,Plein jour,Hors agglomération,Hors intersection,Normale,Trois véhicules et plus - collisions multiples,3,2,2,0,1,1,1,0,1,80,3,7,2,0,5,0,52.0,20.0,voiture,voiture,1,1,1,1,5
202000017583,2020-08-12 15:27:00,2020,8,12,15,27,06,06163,Avenue Jean Medecin,44.056465,7.586746,Plein jour,En agglomération,Hors intersection,Normale,Deux véhicules - frontale,3,2,2,0,1,3,1,1,1,50,2,5,3,0,0,2,26.0,42.0,voiture,voiture,1,2,1,1,1
202000017584,2020-08-13 15:00:00,2020,8,13,15,0,50,50417,D56,49.586093,-1.328337,Plein jour,Hors agglomération,Hors intersection,Normale,Autre collision,3,2,2,0,1,2,1,0,3,80,1,1,0,0,1,0,29.0,,voiture,,1,1,1,1,6
202000017585,2020-08-12 16:34:00,2020,8,12,16,34,83,83074,2900 Route Napoléon,43.7779874,6.6430353,Plein jour,Hors agglomération,Hors intersection,Normale,,3,2,2,0,1,1,1,9,1,70,3,4,2,0,2,0,74.0,36.0,voiture,transport_commun,1,1,1,1,-1
202000017586,2020-08-13 02:04:00,2020,8,13,2,4,60,60471,D1032,49.570608,3.021922,Nuit sans éclairage public,Hors agglomération,Hors intersection,Normale,Deux véhicules - frontale,3,2,2,0,1,1,1,0,1,80,2,3,0,0,1,2,25.0,34.0,voiture,voiture,3,1,1,1,1
202000017587,2020-08-13 12:00:00,2020,8,13,12,0,60,60159,N31,49.4137404,2.921827,Plein jour,Hors agglomération,Passage à niveau,Normale,Deux véhicules - frontale,2,2,2,0,1,4,1,4,1,30,2,4,0,0,1,3,35.0,71.0,voiture,voiture,1,1,8,1,1
202000017588,2020-08-11 21:40:00,2020,8,11,21,40,43,43268,Route de Retournac,45.143933,4.118543,Nuit avec éclairage allumé,En agglomération,Giratoire,Normale,Deux véhicules - côté,3,2,2,0,2,2,1,5,1,50,2,5,3,0,2,0,47.0,18.0,voiture,deux_roues,5,2,6,1,3
202000017589,2020-08-12 17:45:00,2020,8,12,17,45,07,07172,Route de Picot,45.289226,4.736347,Plein jour,Hors agglomération,Hors intersection,Normale,Deux véhicules - frontale,4,2,2,0,1,4,1,0,1,80,2,2,1,0,1,0,15.0,46.0,deux_roues,voiture,1,1,1,1,1
202000017590,2020-08-13 06:45:00,2020,8,13,6,45,40,40168,32 Avenue du Marensin,43.78257,-1.225507,Plein jour,En agglomération,Intersection en Y,Pluie légère,Deux véhicules - frontale,3,2,2,0,1,1,2,0,1,70,2,2,1,1,0,0,19.0,23.0,deux_roues,voiture,1,2,4,2,1
202000017591,2020-08-12 17:00:00,2020,8,12,17,0,23,23008,63 Avenue de la République,45.950034,2.158744,Plein jour,En agglomération,Hors intersection,Temps couvert,Autre collision,3,2,2,0,2,1,1,0,1,70,1,2,1,0,1,0,51.0,,voiture,,1,2,1,8,6
202000017592,2020-08-12 14:45:00,2020,8,12,14,45,87,87137,D85,45.741247,0.802099,Plein jour,Hors agglomération,Intersection en X,Normale,Deux véhicules - côté,3,2,2,0,1,1,1,5,1,80,2,2,0,0,0,2,31.0,54.0,voiture,voiture,1,1,2,1,3
202000017593,2020-08-13 08:20:00,2020,8,13,8,20,37,37108,D31,47.1654165,1.029323,Plein jour,Hors agglomération,Hors intersection,Normale,Autre collision,3,2,2,0,2,1,1,0,1,80,1,1,0,0,0,1,60.0,,deux_roues,,1,1,1,1,6
202000017594,2020-08-13 16:15:00,2020,8,13,16,15,48,48038,D45,44.84665,3.669798,Plein jour,Hors agglomération,Hors intersection,Pluie légère,Sans collision,3,2,2,0,2,2,2,0,3,80,1,1,0,1,0,0,71.0,,voiture,,1,1,1,2,7
202000017595,2020-08-13 13:20:00,2020,8,13,13,20,72,72058,A28,47.967543,0.329289,Plein jour,Hors agglomération,Hors intersection,Normale,Trois véhicules et plus - en chaîne,1,3,4,0,2,1,1,0,1,130,4,9,4,0,1,4,24.0,29.0,voiture,voiture,1,1,1,1,4
202000017596,2020-08-12 23:15:00,2020,8,12,23,15,80,80443,A29,49.810663,1.841712,Nuit sans éclairage public,Hors agglomération,Hors intersection,Pluie forte,Autre collision,1,3,4,0,1,1,2,0,3,130,1,1,0,0,0,1,60.0,,voiture,,3,1,1,3,6
202000017597,2020-08-10 21:15:00,2020,8,10,21,15,978,97801,N7,18.068792,-63.035745,Nuit avec éclairage allumé,En agglomération,Intersection en T,Normale,Deux véhicules - côté,2,2,2,0,1,1,1,0,1,50,2,2,1,0,0,1,50.0,24.0,voiture,autre,5,2,3,1,3
202000017598,2020-10-09 17:15:00,2020,10,9,17,15,14,14244,D39,48.91046,-0.136937,Plein jour,Hors agglomération,Hors intersection,Normale,Autre collision,3,2,2,0,1,2,1,0,3,80,1,1,0,0,0,1,21.0,,voiture,,1,1,1,1,6
202000017599,2020-10-10 08:15:00,2020,10,10,8,15,60,60259,Fresnoy-en-Thelle,49.20394,2.267572,Plein jour,Hors agglomération,Hors intersection,Normale,Sans collision,3,2,2,0,1,4,2,0,8,70,1,1,0,0,1,0,31.0,,voiture,,1,1,1,1,7
202000017600,2020-08-13 09:00:00,2020,8,13,9,0,01,01425,A40,46.103895,5.290786,Plein jour,Hors agglomération,Hors intersection,Normale,Deux véhicules - côté,1,3,3,0,1,1,1,0,1,130,2,3,1,0,0,2,57.0,21.0,utilitaire_camion,voiture,1,1,1,1,3
202000017601,2020-10-09 20:45:00,2020,10,9,20,45,59,59139,D45,50.105813,3.405097,Nuit sans éclairage public,Hors agglomération,Hors intersection,Normale,Deux véhicules - côté,3,2,2,0,1,1,1,0,1,-1,2,2,1,0,1,0,50.0,39.0,deux_roues,voiture,3,1,1,1,3
202000017602,2020-07-28 08:05:00,2020,7,28,8,5,67,67234,A4,48.9725382,7.0674947,Plein jour,Hors agglomération,Hors intersection,Normale,Trois véhicules et plus - collisions multiples,1,3,4,0,1,1,1,0,1,130,3,3,2,0,0,1,23.0,53.0,voiture,voiture,1,1,1,1,5
202000017603,2020-08-12 00:15:00,2020,8,12,0,15,972,97230,31 Rue Joseph Lagrosilliere,14.742237,-60.963322,Nuit avec éclairage allumé,En agglomération,Hors intersection,Normale,Autre collision,9,2,2,0,1,1,1,0,1,50,1,1,0,0,1,0,21.0,,deux_roues,,5,2,1,1,6
202000017604,2020-10-07 18:55:00,2020,10,7,18,55,83,83137,A57,43.12132,5.95331,Crépuscule ou aube,Hors agglomération,Hors intersection,Normale,Deux véhicules - arrière,1,1,2,0,2,3,1,3,1,70,2,4,0,0,1,3,59.0,66.0,voiture,voiture,2,1,1,1,2
202000017605,2020-08-12 22:40:00,2020,8,12,22,40,06,06099,Promenade Lieutenant Rene Maurin,43.954987,6.916225,Nuit avec éclairage allumé,En agglomération,Hors intersection,Normale,Autre collision,3,2,2,0,2,2,1,0,1,50,1,1,0,1,0,0,32.0,,deux_roues,,5,2,1,1,6
202000017606,2020-08-12 15:15:00,2020,8,12,15,15,39,39389,,46.736125,5.876076,Plein jour,Hors agglomération,Hors intersection,Normale,Autre collision,3,2,2,0,1,1,1,0,3,80,1,1,0,0,1,0,77.0,,voiture,,1,1,1,1,6
202000017607,2020-10-09 19:00:00,2020,10,9,19,0,33,33013,ROUTE NATIONALE 230,44.86503,-0.50384,Crépuscule ou aube,Hors agglomération,Hors intersection,Normale,Deux véhicules - arrière,2,3,6,0,2,1,1,0,1,90,2,4,2,0,0,2,27.0,44.0,voiture,voiture,2,1,1,1,2
202000017608,2020-08-13 10:15:00,2020,8,13,10,15,71,71176,2 Rue des Acacias,46.4811876,3.9926332,Plein jour,En agglomération,Hors intersection,Normale,Autre collision,6,-1,-1,0,1,1,1,0,4,50,1,2,1,0,0,1,32.0,,voiture,,1,2,1,1,6
202000017609,2020-10-08 22:50:00,2020,10,8,22,50,59,59350,AUTOROUTE A25,50.621857,3.021773,Nuit avec éclairage non allumé,Hors agglomération,Hors intersection,Normale,Deux véhicules - arrière,1,3,8,0,1,1,2,0,1,70,2,2,1,1,0,0,38.0,20.0,voiture,deux_roues,4,1,1,1,2
202000017610,2020-08-12 18:12:00,2020,8,12,18,12,68,68012,Rte,47.786879,7.131221,Plein jour,Hors agglomération,Hors intersection,Normale,Deux véhicules - côté,3,2,2,0,1,1,1,0,1,80,2,1,0,0,0,1,44.0,,deux_roues,,1,1,1,1,3
202000017611,2020-10-09 12:15:00,2020,10,9,12,15,78,78524,A13,48.8389,2.1108,Plein jour,Hors agglomération,Hors intersection,Pluie légère,Autre collision,1,1,1,0,2,3,2,0,1,50,1,1,0,0,0,1,37.0,,voiture,,1,1,1,2,6
202000017612,2020-10-08 21:40:00,2020,10,8,21,40,988,98818,VE1 SENS SUD//NORD HT STE LE FROID,-22.24898,166.45408,Nuit avec éclairage allumé,En agglomération,Hors intersection,Pluie légère,Autre collision,1,3,4,0,1,1,2,0,1,70,1,1,0,0,0,1,24.0,,utilitaire_camion,,5,2,1,2,6
202000017613,2020-10-08 11:10:00,2020,10,8,11,10,974,97411,JAURES (BOULEVARD JEAN),-20.89004,55.46448,Plein jour,En agglomération,Hors intersection,Normale,Autre collision,2,2,6,0,1,3,1,5,1,50,1,2,1,0,1,0,64.0,,voiture,,1,2,1,1,6
202000017614,2020-08-12 13:45:00,2020,8,12,13,45,57,57144,D29,49.134431,6.857325,Plein jour,Hors agglomération,Hors intersection,Normale,Deux véhicules - frontale,3,2,2,0,2,1,1,0,1,80,2,2,0,0,1,1,24.0,20.0,utilitaire_camion,voiture,1,1,1,1,1
202000017615,2020-10-08 06:35:00,2020,10,8,6,35,974,97411,VINH-SAN (BLD 1 DU PRINCE),-20.88632,55.43983,Crépuscule ou aube,En agglomération,Intersection en T,Pluie légère,Deux véhicules - côté,2,1,1,0,2,3,2,0,1,50,2,2,1,0,0,1,23.0,51.0,voiture,deux_roues,2,2,3,2,3
202000017616,2020-08-12 12:15:00,2020,8,12,12,15,74,74280,Rue de la Saulne,45.882671,6.325765,Plein jour,En agglomération,Hors intersection,Normale,Deux véhicules - frontale,3,2,2,0,1,1,1,0,1,50,2,2,1,0,1,0,42.0,33.0,deux_roues,utilitaire_camion,1,2,1,1,1
202000017617,2020-10-08 19:20:00,2020,10,8,19,20,973,97302,CRIQUE FOUILLEE (ROND POINT),4.8970353,-52.328428,Nuit sans éclairage public,Hors agglomération,Giratoire,Normale,Deux véhicules - côté,2,2,1,2,1,1,1,9,1,70,2,3,2,0,1,0,55.0,44.0,voiture,voiture,3,1,6,1,3
202000017618,2020-08-11 19:10:00,2020,8,11,19,10,38,38205,La Chenevarie,45.14339,5.60992,Plein jour,Hors agglomération,Hors intersection,Normale,,3,2,2,0,2,3,1,0,1,70,3,3,1,0,0,2,35.0,32.0,voiture,deux_roues,1,1,1,1,-1
202000017619,2020-08-12 13:50:00,2020,8,12,13,50,85,85112,D32,46.585869,-1.761954,Plein jour,Hors agglomération,Hors intersection,Temps couvert,Deux véhicules - côté,3,2,2,0,2,3,2,0,1,70,2,5,1,0,0,4,46.0,19.0,voiture,voiture,1,1,1,8,3
202000017620,2020-10-08 18:15:00,2020,10,8,18,15,69,69383,RABELAIS                            (R ),45.76286,4.84718,Plein jour,En agglomération,Intersection en T,Normale,Deux véhicules - côté,4,1,1,0,1,1,1,0,1,50,2,2,1,0,0,1,52.0,26.0,voiture,deux_roues,1,2,3,1,3