accident_id,datetime,annee,mois,jour,heure,minute,departement,commune_insee,adresse,latitude,longitude,luminosite,agglomeration,intersection,meteo,collision,catr,circ,nbv,vosp,prof,plan,surf,infra,situ,vma,nb_vehicules,nb_usagers,nb_indemnes,nb_tues,nb_blesses_hosp,nb_blesses_legers,age_cond_1,age_cond_2,veh_type_cond_1,veh_type_cond_2,lum_code,agg_code,int_code,atm_code,col_code
202000017621,2020-08-06 05:00:00,2020,8,6,5,0,50,50224,le colombier,48.995731,-0.910975,Nuit sans éclairage public,Hors agglomération,Hors intersection,Normale,Autre collision,3,2,2,0,1,1,1,0,3,80,1,1,0,1,0,0,20.0,,voiture,,3,1,1,1,6
202000017622,2020-10-08 08:45:00,2020,10,8,8,45,69,69387,JEAN JAURES                         (AV),45.73608,4.83652,Plein jour,En agglomération,Intersection en X,Normale,Deux véhicules - arrière,4,2,4,2,1,1,1,0,1,50,2,2,1,0,0,1,32.0,31.0,voiture,voiture,1,2,2,1,2
202000017623,2020-08-12 19:30:00,2020,8,12,19,30,27,27213,Vexin-sur-Epte,49.188025,1.663023,Crépuscule ou aube,Hors agglomération,Intersection en T,Pluie forte,Deux véhicules - côté,3,2,2,0,1,1,2,0,1,80,2,2,1,0,1,0,53.0,45.0,voiture,deux_roues,2,1,3,3,3
202000017624,2020-10-08 08:05:00,2020,10,8,8,5,69,69386,TETE D'OR (DE LA)                   (R ),45.7651,4.8532,Plein jour,En agglomération,Intersection en X,Normale,Deux véhicules - côté,4,1,2,1,1,1,1,0,5,50,2,2,1,0,0,1,47.0,25.0,autre,voiture,1,2,2,1,3
202000017625,2020-08-12 16:10:00,2020,8,12,16,10,33,33013,ROUTE NATIONALE 230,44.86589,-0.50388,Plein jour,Hors agglomération,Hors intersection,Normale,Trois véhicules et plus - en chaîne,2,3,6,0,1,1,1,0,1,90,3,7,6,0,0,1,51.0,84.0,voiture,voiture,1,1,1,1,4
202000017626,2020-10-07 23:46:00,2020,10,7,23,46,69,69383,TURBIL                              (R ),45.75578,4.868,Nuit avec éclairage allumé,En agglomération,Hors intersection,Normale,Deux véhicules - arrière,4,1,1,0,1,1,1,0,1,50,2,4,3,0,0,1,19.0,19.0,voiture,voiture,5,2,1,1,2
202000017627,2020-08-04 22:55:00,2020,8,4,22,55,59,59009,ROUTE NATIONALE 227,50.625409,3.135424,Nuit sans éclairage public,Hors agglomération,Hors intersection,Normale,Deux véhicules - arrière,2,3,2,0,1,1,1,9,1,90,2,3,2,0,1,0,37.0,31.0,voiture,voiture,3,1,1,1,2
202000017628,2020-10-07 22:20:00,2020,10,7,22,20,972,97213,ROUTE NATIONALE 1,14.63223,-60.9799,Nuit sans éclairage public,Hors agglomération,Hors intersection,Normale,Deux véhicules - arrière,2,3,5,0,1,1,1,0,1,90,2,2,0,1,0,1,30.0,38.0,voiture,deux_roues,3,1,1,1,2
202000017629,2020-08-12 17:00:00,2020,8,12,17,0,94,94038,AUTOROUTE A6B,48.79104,2.3447,Plein jour,Hors agglomération,Hors intersection,Normale,Deux véhicules - côté,1,3,6,0,2,1,1,0,1,70,2,2,1,0,0,1,35.0,39.0,utilitaire_camion,voiture,1,1,1,1,3
202000017630,2020-10-06 19:25:00,2020,10,6,19,25,972,97213,ROUTE NATIONALE 5,14.5962,-60.9925,Nuit avec éclairage allumé,En agglomération,Hors intersection,Normale,Deux véhicules - côté,2,1,1,3,1,1,1,9,6,60,2,2,1,0,1,0,56.0,61.0,autre,deux_roues,5,2,1,1,3
202000017631,2020-10-08 15:10:00,2020,10,8,15,10,95,95491,DE GAULLE (RUE CHARLES),49.00118,2.23599,Plein jour,En agglomération,Giratoire,Normale,Deux véhicules - côté,4,2,2,0,1,1,1,5,1,50,2,2,1,0,0,1,30.0,16.0,voiture,deux_roues,1,2,6,1,3
202000017632,2020-08-12 01:00:00,2020,8,12,1,0,92,92050,A14,48.8937815,2.2323865,Nuit avec éclairage non allumé,Hors agglomération,Hors intersection,Normale,Sans collision,1,1,1,0,2,2,3,1,1,50,1,1,0,0,0,1,49.0,,deux_roues,,4,1,1,1,7
202000017633,2020-10-08 22:50:00,2020,10,8,22,50,91,91691,AUGUSTE RENOIR(RUE),48.71172,2.49117,Nuit avec éclairage allumé,En agglomération,Hors intersection,Normale,Autre collision,4,2,1,3,2,1,1,9,6,30,1,2,1,0,1,0,16.0,,deux_roues,,5,2,1,1,6
202000017634,2020-08-12 05:40:00,2020,8,12,5,40,95,95151,RN 104,49.06484,2.26155,Crépuscule ou aube,Hors agglomération,Hors intersection,Normale,Autre collision,2,3,4,0,1,1,1,0,3,110,1,1,0,0,0,1,24.0,,voiture,,2,1,1,1,6
202000017635,2020-10-06 12:30:00,2020,10,6,12,30,91,91377,MARTYRS DE SOWETO (AVENUE DES),48.7345,2.2705,Plein jour,En agglomération,Intersection en Y,Pluie légère,Deux véhicules - côté,3,3,5,1,2,1,2,0,1,50,2,2,1,0,1,0,45.0,37.0,voiture,deux_roues,1,2,4,2,3
202000017636,2020-08-11 22:15:00,2020,8,11,22,15,93,93001,AUTOROUTE A86,48.92089,2.37173,Nuit sans éclairage public,En agglomération,Hors intersection,Normale,Autre collision,1,3,8,0,1,1,2,2,1,90,1,1,0,0,0,1,26.0,,voiture,,3,2,1,1,6
202000017637,2020-10-08 08:40:00,2020,10,8,8,40,91,91326,GAMBETTA (QUAI),48.68496,2.38503,Crépuscule ou aube,En agglomération,Hors intersection,Normale,Deux véhicules - frontale,4,2,2,0,1,4,1,0,1,30,2,2,1,0,0,1,45.0,23.0,utilitaire_camion,deux_roues,2,2,1,1,1
202000017638,2020-08-12 09:00:00,2020,8,12,9,0,94,94046,A86 EXT,48.8129273,2.4489558,Plein jour,Hors agglomération,Hors intersection,Normale,Deux véhicules - côté,1,-1,4,0,1,1,1,0,1,90,2,2,1,0,0,1,39.0,26.0,utilitaire_camion,voiture,1,1,1,1,3
202000017639,2020-10-08 07:56:00,2020,10,8,7,56,87,87085,AUTOROUTE A20,45.8457259,1.2773431,Nuit avec éclairage allumé,En agglomération,Hors intersection,Pluie légère,Deux véhicules - arrière,1,3,4,0,1,1,2,0,1,110,2,2,1,0,0,1,38.0,52.0,deux_roues,voiture,5,2,1,2,2
202000017640,2020-06-12 07:30:00,2020,6,12,7,30,82,82121,54 DE GAULLE (AVENUE CHARLES),44.009442,1.368427,Plein jour,En agglomération,Hors intersection,Normale,Autre collision,3,2,2,0,1,1,1,0,1,30,1,2,1,0,1,0,38.0,,voiture,,1,2,1,1,6
202000017641,2020-10-07 16:20:00,2020,10,7,16,20,86,86194,Rue du Faubourg du Pont Neuf,46.5727372,0.3628925,Plein jour,En agglomération,Intersection en X,Normale,Deux véhicules - arrière,4,2,3,0,1,1,1,0,1,50,2,2,1,0,0,1,34.0,32.0,deux_roues,voiture,1,2,2,1,2
202000017642,2020-08-10 16:00:00,2020,8,10,16,0,974,97407,ROUTE NATIONALE N° 1,-20.9551,55.3126,Plein jour,Hors agglomération,Hors intersection,Normale,Trois véhicules et plus - collisions multiples,2,3,2,0,1,1,1,0,1,110,5,10,6,0,0,4,39.0,56.0,voiture,voiture,1,1,1,1,5
202000017643,2020-10-07 11:05:00,2020,10,7,11,5,86,86066,RD 161 - ROCADE EST,46.83708,0.54029,Plein jour,En agglomération,Giratoire,Normale,Deux véhicules - côté,3,-1,2,0,1,1,1,0,1,90,2,2,1,0,0,1,24.0,73.0,utilitaire_camion,deux_roues,1,2,6,1,3
202000017644,2020-08-10 20:55:00,2020,8,10,20,55,973,97302,FELIX EBOUE(ROCADE),4.9275,-52.3192,Nuit avec éclairage non allumé,En agglomération,Intersection en T,Normale,Deux véhicules - côté,3,2,2,0,1,1,1,0,1,50,2,3,1,0,2,0,55.0,20.0,voiture,deux_roues,4,2,3,1,3
202000017645,2020-10-05 17:45:00,2020,10,5,17,45,84,84087,VERDUN (AVENUE DE),44.12804,4.82131,Plein jour,En agglomération,Autre intersection,Temps couvert,Deux véhicules - côté,2,2,3,0,1,1,1,0,1,50,2,2,1,0,1,0,21.0,26.0,voiture,deux_roues,1,2,9,8,3
202000017646,2020-08-10 16:00:00,2020,8,10,16,0,973,97302,BADUEL (ROUTE DE),4.9354,-52.3126,Plein jour,En agglomération,Hors intersection,Normale,Deux véhicules - côté,3,2,2,1,1,1,1,0,1,50,2,1,0,0,0,1,42.0,,deux_roues,,1,2,1,1,3
202000017647,2020-10-07 17:50:00,2020,10,7,17,50,78,78423,ABOUT (AVENUE NICOLAS),48.77856,2.0383,Plein jour,En agglomération,Hors intersection,Normale,Autre collision,4,3,4,0,1,1,1,0,1,50,1,2,1,0,1,0,39.0,,voiture,,1,2,1,1,6
202000017648,2020-08-11 21:30:00,2020,8,11,21,30,69,69388,ALBERT THOMAS                       (CO),45.74692,4.86712,Crépuscule ou aube,En agglomération,Intersection en X,Normale,Deux véhicules - côté,4,2,4,3,1,1,1,0,1,50,2,2,0,0,0,2,20.0,16.0,deux_roues,deux_roues,2,2,2,1,3
202000017649,2020-08-11 15:45:00,2020,8,11,15,45,69,69387,JEAN JAURES                         (AV),45.74817,4.84366,Plein jour,En agglomération,Intersection en X,Normale,Deux véhicules - côté,4,1,4,0,1,1,1,0,1,50,2,5,2,0,0,3,21.0,43.0,voiture,voiture,1,2,2,1,3
202000017650,2020-08-10 16:40:00,2020,8,10,16,40,69,69383,LAFAYETTE                           (CO),45.7637,4.843,Plein jour,En agglomération,Intersection en X,Normale,Deux véhicules - côté,4,2,2,3,1,1,1,0,1,50,2,2,1,0,0,1,60.0,32.0,deux_roues,voiture,1,2,2,1,3
202000017651,2020-08-11 08:40:00,2020,8,11,8,40,69,69383,ARMENIE (D')                        (R ),45.75,4.84,Plein jour,En agglomération,Hors intersection,Normale,Autre collision,4,1,1,0,1,1,1,0,1,50,1,2,1,0,0,1,35.0,,deux_roues,,1,2,1,1,6
202000017652,2020-10-08 07:00:00,2020,10,8,7,0,76,76575,LENINE. BOULEVARD,49.381677,1.10979,Nuit avec éclairage allumé,En agglomération,Hors intersection,Normale,Deux véhicules - frontale,3,3,4,0,1,1,1,-1,1,70,2,1,0,0,0,1,49.0,,voiture,,5,2,1,1,1
202000017653,2020-08-11 06:30:00,2020,8,11,6,30,972,97213,ROUTE DEPARTEMENTALE 3,14.6099136,-60.9964371,Plein jour,En agglomération,Hors intersection,Normale,Sans collision,3,2,4,0,1,1,1,0,1,70,1,1,0,0,0,1,20.0,,voiture,,1,2,1,1,7
202000017654,2020-08-09 03:50:00,2020,8,9,3,50,69,69382,DOCTEUR GAILLETON (DU)              (QU),45.7532477,4.833888,Nuit avec éclairage allumé,En agglomération,Intersection en T,Normale,Autre collision,4,1,4,3,1,1,1,0,1,50,1,1,0,0,0,1,20.0,,voiture,,5,2,3,1,6
202000017655,2020-10-07 16:10:00,2020,10,7,16,10,76,76540,MONT RIBOUDET. AVENUE DU,49.44807,1.06671,Plein jour,En agglomération,Intersection en T,Normale,Deux véhicules - côté,3,3,5,3,1,1,1,-1,1,50,2,2,1,0,0,1,40.0,46.0,deux_roues,voiture,1,2,3,1,3
202000017656,2020-08-10 14:44:00,2020,8,10,14,44,90,90010,RABIN (PLACE YITZHAK),47.64155,6.85718,Plein jour,En agglomération,Autre intersection,Normale,Deux véhicules - côté,3,4,2,0,1,1,1,5,1,50,2,2,1,0,1,0,64.0,41.0,voiture,deux_roues,1,2,9,1,3
202000017657,2020-10-07 08:42:00,2020,10,7,8,42,76,76231,NEUBOURG. RUE DU (RN 840),49.2800451,1.0075128,Plein jour,En agglomération,Intersection en T,Normale,Autre collision,3,2,2,0,1,1,2,0,1,50,1,2,1,0,0,1,23.0,,utilitaire_camion,,1,2,3,1,6
202000017658,2020-10-03 20:45:00,2020,10,3,20,45,71,71486,HENRI BARBUSSE (RUE),46.6437072,4.3779016,Nuit avec éclairage allumé,En agglomération,Hors intersection,Normale,Autre collision,3,2,2,0,1,1,1,0,1,50,1,1,0,0,0,1,17.0,,deux_roues,,5,2,1,1,6
202000017659,2020-06-27 11:20:00,2020,6,27,11,20,84,84007,CAVAILLON (Route de Cavaillon)-MONTFAVET,43.88896,4.9221,Plein jour,Hors agglomération,Hors intersection,Normale,Trois véhicules et plus - collisions multiples,3,2,2,0,1,1,1,2,1,50,3,7,2,0,5,0,47.0,35.0,voiture,voiture,1,1,1,1,5
202000017660,2020-08-11 15:30:00,2020,8,11,15,30,83,83137,JUIN (AVE ALPHONSE),43.12027,5.94727,Plein jour,En agglomération,Intersection en T,Normale,Deux véhicules - côté,4,1,4,0,1,1,1,5,1,50,2,3,1,0,0,2,31.0,21.0,voiture,voiture,1,2,3,1,3
202000017661,2020-10-08 20:30:00,2020,10,8,20,30,69,69256,PAUL MARCELLIN                      (AV),45.77673,4.93124,Crépuscule ou aube,En agglomération,Hors intersection,Normale,Deux véhicules - arrière,4,2,3,0,1,1,1,0,1,50,2,4,2,0,0,2,21.0,27.0,voiture,voiture,2,2,1,1,2
202000017662,2020-09-08 08:05:00,2020,9,8,8,5,69,69264,LECLERC GENERAL  BD,45.9953897,4.7162075,Plein jour,En agglomération,Hors intersection,Normale,Autre collision,4,2,2,0,1,1,1,0,1,50,1,2,1,0,0,1,58.0,,voiture,,1,2,1,1,6
202000017663,2020-08-10 12:10:00,2020,8,10,12,10,83,83126,CARMILLE ( AV DU GENERAL),43.095192,5.888664,Plein jour,En agglomération,Intersection en T,Normale,Deux véhicules - côté,4,2,2,0,1,1,1,0,1,30,2,2,1,0,1,0,61.0,42.0,voiture,deux_roues,1,2,3,1,3
202000017664,2020-10-07 18:00:00,2020,10,7,18,0,67,67447,BITCHE (RUE DE),48.60986,7.7518,Crépuscule ou aube,En agglomération,Hors intersection,Pluie forte,Autre collision,4,2,2,0,1,1,2,0,1,50,1,2,1,0,0,1,23.0,,voiture,,2,2,1,3,6
202000017665,2020-07-08 06:55:00,2020,7,8,6,55,82,82121,LEOJAC (AVENUE DE),44.02181,1.37871,Plein jour,En agglomération,Giratoire,Temps éblouissant,Autre collision,4,2,2,0,1,1,1,0,1,50,1,2,1,0,1,0,86.0,,voiture,,1,2,6,7,6
202000017666,2020-08-09 09:00:00,2020,8,9,9,0,80,80021,CESAR FRANCK (RUE),49.91159,2.30955,Plein jour,En agglomération,Hors intersection,Normale,Autre collision,4,2,2,0,1,1,1,0,1,50,1,1,0,0,0,1,,,,,1,2,1,1,6
202000017667,2020-10-07 23:40:00,2020,10,7,23,40,66,66136,MERMOZ (AVENUE JEAN),42.6960416,2.9055807,Nuit avec éclairage allumé,En agglomération,Intersection en X,Normale,Deux véhicules - côté,4,2,2,0,1,1,1,0,1,50,2,1,0,0,1,0,78.0,,voiture,,5,2,2,1,3
202000017668,2020-08-10 09:05:00,2020,8,10,9,5,79,79191,Avenue de Sevreau,46.31497,-0.50581,Plein jour,En agglomération,Hors intersection,Normale,Deux véhicules - côté,3,2,2,0,1,1,1,0,1,50,2,2,1,0,1,0,63.0,61.0,voiture,deux_roues,1,2,1,1,3
202000017669,2020-10-07 15:40:00,2020,10,7,15,40,65,65440,AZEREIX (AVENUE D'),43.22359,0.049851,Plein jour,En agglomération,Hors intersection,Normale,Deux véhicules - côté,4,2,2,0,1,1,1,0,1,50,2,2,1,0,0,1,40.0,15.0,transport_commun,deux_roues,1,2,1,1,3
202000017670,2020-08-10 22:10:00,2020,8,10,22,10,76,76540,VAL D'EAUPLET. RUE DU,49.43266,1.10803,Nuit avec éclairage allumé,En agglomération,Hors intersection,Normale,Trois véhicules et plus - en chaîne,3,2,4,3,3,1,1,0,1,50,3,3,1,0,0,2,19.0,75.0,voiture,voiture,5,2,1,1,4
202000017671,2020-10-08 15:00:00,2020,10,8,15,0,64,64129,BAYONNE DE,43.3023,-0.39648,Plein jour,En agglomération,Intersection en X,Normale,Deux véhicules - arrière,4,2,2,0,1,1,1,0,1,50,2,2,1,0,0,1,39.0,77.0,voiture,voiture,1,2,2,1,2
202000017672,2020-08-09 02:15:00,2020,8,9,2,15,76,76681,14 JUILLET. AVENUE DU,49.41108,1.07697,Nuit avec éclairage allumé,En agglomération,Intersection en X,Normale,Deux véhicules - côté,3,2,2,0,1,1,1,-1,1,50,2,1,0,0,1,0,50.0,,deux_roues,,5,2,2,1,3
202000017673,2020-09-05 14:30:00,2020,9,5,14,30,62,62215,VIEUX CHATEAU (R DU),50.48145,2.96436,Plein jour,En agglomération,Intersection en T,Normale,Deux véhicules - côté,4,2,2,0,1,1,1,0,1,50,2,4,0,0,0,4,30.0,25.0,voiture,voiture,1,2,3,1,3
202000017674,2020-08-11 17:56:00,2020,8,11,17,56,72,72095,BALLON (RTE DE),48.04016,0.21254,Plein jour,Hors agglomération,Hors intersection,Normale,Deux véhicules - arrière,3,2,2,0,2,1,1,0,1,70,2,2,1,0,0,1,37.0,25.0,voiture,utilitaire_camion,1,1,1,1,2
202000017675,2020-08-11 17:45:00,2020,8,11,17,45,68,68376,Rue de l’Ill,47.8021963,7.3403037,Plein jour,En agglomération,Hors intersection,Normale,Autre collision,4,2,2,0,1,1,1,0,1,30,1,3,2,0,1,0,19.0,,voiture,,1,2,1,1,6
202000017676,2020-10-08 13:40:00,2020,10,8,13,40,62,62193,LAFAYETTE (BOULEVARD),50.94626,1.85944,Plein jour,En agglomération,Intersection en X,Pluie légère,,4,2,2,0,1,1,2,5,1,30,2,5,2,0,1,2,49.0,58.0,voiture,voiture,1,2,2,2,-1
202000017677,2020-08-10 13:20:00,2020,8,10,13,20,67,67482,RHIN (AVENUE DU),48.5725,7.76594,Plein jour,En agglomération,Intersection en X,Normale,Deux véhicules - côté,4,2,2,0,1,1,1,0,1,50,2,2,1,0,0,1,52.0,47.0,voiture,voiture,1,2,2,1,3
202000017678,2020-10-07 08:50:00,2020,10,7,8,50,62,62846,CD 943,50.47926,2.73502,Plein jour,En agglomération,Giratoire,Temps éblouissant,Deux véhicules - côté,3,3,8,0,1,1,2,0,1,50,2,2,1,0,1,0,45.0,70.0,voiture,deux_roues,1,2,6,7,3
202000017679,2020-10-07 18:00:00,2020,10,7,18,0,59,59426,SCHUMAN (RUE ROBERT),50.7449794,3.1536824,Plein jour,En agglomération,Hors intersection,Normale,Deux véhicules - arrière,4,1,1,0,1,1,1,0,1,50,2,2,1,0,0,1,20.0,52.0,voiture,voiture,1,2,1,1,2
202000017680,2020-08-10 09:25:00,2020,8,10,9,25,67,67482,THUMENAU (RUE DE LA),48.571711,7.755216,Plein jour,En agglomération,Hors intersection,Normale,Deux véhicules - arrière,4,1,2,0,1,1,1,5,1,50,2,2,0,0,0,2,30.0,30.0,deux_roues,voiture,1,2,1,1,2
202000017681,2020-10-08 15:35:00,2020,10,8,15,35,59,59368,DE COUBERTIN PIERRE  BOULEVARD,50.64862,3.0693,Plein jour,En agglomération,Intersection en X,Temps couvert,Deux véhicules - côté,7,3,2,0,1,1,1,5,1,50,2,2,0,0,0,2,25.0,76.0,autre,autre,1,2,2,8,3
202000017682,2020-10-07 10:47:00,2020,10,7,10,47,54,54578,BAUDRICOURT (BD DE),48.6780902,6.1595549,Plein jour,En agglomération,Intersection en X,Pluie légère,Autre collision,4,2,2,0,1,1,2,0,1,50,1,2,1,0,0,1,75.0,,voiture,,1,2,2,2,6
202000017683,2020-10-08 18:21:00,2020,10,8,18,21,51,51454,Boulevard Albert 1er,49.2750136,4.0177077,Plein jour,En agglomération,Hors intersection,Normale,Sans collision,4,2,3,0,1,1,1,0,1,50,1,2,1,0,0,1,24.0,,voiture,,1,2,1,1,7
202000017684,2020-08-08 23:53:00,2020,8,8,23,53,66,66136,DALBIEZ (AVENUE VICTOR),42.689593,2.884419,Nuit avec éclairage allumé,En agglomération,Intersection en X,Normale,Deux véhicules - côté,4,2,2,0,1,1,1,0,1,30,2,2,0,0,0,2,40.0,35.0,voiture,voiture,5,2,2,1,3
202000017685,2020-10-07 11:55:00,2020,10,7,11,55,51,51108,Rue Jean Jaurès,48.954622,4.3525063,Plein jour,En agglomération,Intersection en X,Normale,Sans collision,4,2,4,0,1,1,2,0,1,50,1,2,1,0,0,1,29.0,,voiture,,1,2,2,1,7
202000017686,2020-08-09 16:37:00,2020,8,9,16,37,66,66136,Départementale  617,42.70883,2.91313,Plein jour,Hors agglomération,Hors intersection,Normale,Deux véhicules - arrière,3,2,4,0,1,1,1,0,1,110,2,4,0,0,1,3,28.0,34.0,voiture,voiture,1,1,1,1,2
202000017687,2020-10-07 07:55:00,2020,10,7,7,55,50,50502,EXODE,49.10548,-1.08714,Nuit avec éclairage non allumé,En agglomération,Hors intersection,Pluie légère,,9,2,2,0,1,1,2,6,1,50,2,4,3,0,0,1,18.0,43.0,voiture,voiture,4,2,1,2,-1
202000017688,2020-08-11 21:50:00,2020,8,11,21,50,65,65440,SEPTEMBRE (RUE DU IV),43.2288,0.083,Nuit avec éclairage allumé,En agglomération,Intersection en X,Normale,Deux véhicules - côté,4,2,2,0,1,1,1,5,1,50,2,2,1,0,0,1,32.0,50.0,voiture,deux_roues,5,2,2,1,3
202000017689,2020-10-07 13:10:00,2020,10,7,13,10,49,49007,CHAUMIN BOULEVARD,47.4502,-0.55865,Plein jour,En agglomération,Hors intersection,Normale,Deux véhicules - frontale,4,-1,2,0,1,1,1,0,1,30,2,2,1,0,0,1,36.0,49.0,deux_roues,voiture,1,2,1,1,1
202000017690,2020-10-08 06:15:00,2020,10,8,6,15,45,45232,Rue Marcel Belot,47.8396488,1.9141623,Nuit sans éclairage public,En agglomération,Hors intersection,Pluie légère,Autre collision,4,2,5,0,1,1,2,0,1,80,1,1,0,0,0,1,22.0,,voiture,,3,2,1,2,6
202000017691,2020-08-10 17:00:00,2020,8,10,17,0,64,64122,VERDUN (AVENUE DE),43.4821428,-1.5517684,Plein jour,En agglomération,Hors intersection,Normale,Sans collision,4,2,2,0,2,1,1,0,1,30,1,2,0,0,0,2,62.0,,deux_roues,,1,2,1,1,7
202000017692,2020-08-09 10:44:00,2020,8,9,10,44,64,64125,ESPAGNE (AVENUE D'),43.4298341,-1.599898,Plein jour,En agglomération,Hors intersection,Normale,Autre collision,3,2,2,2,2,1,1,0,4,50,1,1,0,0,1,0,51.0,,deux_roues,,1,2,1,1,6
202000017693,2020-08-11 13:10:00,2020,8,11,13,10,64,64024,UNION (ROND POINT DE L'),43.485792,-1.503656,Plein jour,En agglomération,Autre intersection,Normale,Sans collision,4,1,1,0,1,2,1,0,1,30,1,2,1,0,0,1,23.0,,deux_roues,,1,2,9,1,7
202000017694,2020-08-10 16:15:00,2020,8,10,16,15,64,64102,BASQUE (AVENUE DU GRAND),43.49,-1.4559,Plein jour,En agglomération,Hors intersection,Normale,Trois véhicules et plus - en chaîne,3,2,4,0,4,1,1,0,1,70,3,6,4,0,0,2,64.0,29.0,voiture,voiture,1,2,1,1,4
202000017695,2020-08-10 16:25:00,2020,8,10,16,25,64,64024,BAYONNE (AVENUE DE),43.4811,-1.5118,Plein jour,En agglomération,Hors intersection,Normale,Sans collision,3,2,4,3,1,1,1,0,1,50,1,2,0,0,0,2,69.0,,deux_roues,,1,2,1,1,7
202000017696,2020-06-27 19:30:00,2020,6,27,19,30,62,62842,GRISON (R JEAN BAPTISTE),50.4599724,2.831199,Plein jour,En agglomération,Hors intersection,Pluie légère,Deux véhicules - frontale,4,2,2,0,1,3,2,0,1,50,2,7,2,0,1,4,50.0,28.0,voiture,voiture,1,2,1,2,1
202000017697,2020-08-09 14:40:00,2020,8,9,14,40,59,59375,FAUBOURG DE LILLE (RUE DU),50.40875,3.27717,Plein jour,En agglomération,Hors intersection,Normale,Deux véhicules - arrière,3,2,2,0,1,1,1,0,1,30,2,2,1,0,0,1,51.0,18.0,voiture,deux_roues,1,2,1,1,2
202000017698,2020-10-08 17:10:00,2020,10,8,17,10,44,44162,RUE DE L'HOTEL DE VILLE,47.21122,-1.64942,Plein jour,En agglomération,Hors intersection,Normale,,4,2,0,0,2,1,1,0,1,50,2,2,1,0,0,1,51.0,32.0,deux_roues,autre,1,2,1,1,-1
202000017699,2020-08-10 08:35:00,2020,8,10,8,35,59,59017,FAIDHERBE (BD ),50.681655,2.874061,Plein jour,En agglomération,Intersection en T,Temps éblouissant,Deux véhicules - côté,4,2,2,2,2,2,1,5,1,50,2,2,1,0,0,1,68.0,71.0,deux_roues,voiture,1,2,3,7,3
202000017700,2020-10-07 08:00:00,2020,10,7,8,0,41,41212,NATIONALE (ROUTE),47.56874,1.36198,Plein jour,En agglomération,Hors intersection,Pluie légère,Deux véhicules - côté,3,2,2,0,1,1,2,0,1,50,2,2,1,0,0,1,17.0,45.0,deux_roues,voiture,1,2,1,2,3
202000017701,2020-08-09 10:00:00,2020,8,9,10,0,56,56098,KESLER DEVILLERS (AVENUE),47.7686,-3.34482,Plein jour,En agglomération,Intersection en T,Temps éblouissant,Deux véhicules - frontale,3,2,2,0,2,1,1,0,1,50,2,3,1,0,0,2,56.0,47.0,deux_roues,voiture,1,2,3,7,1
202000017702,2020-10-08 09:45:00,2020,10,8,9,45,38,38516,Boulevard de la Chantourne,45.1978,5.7454,Plein jour,En agglomération,Hors intersection,Normale,Deux véhicules - côté,4,2,4,2,1,1,1,0,1,50,2,2,1,0,0,1,76.0,19.0,voiture,deux_roues,1,2,1,1,3
202000017703,2020-08-08 20:10:00,2020,8,8,20,10,56,56098,MALACHAPPE (LIEU-DIT),47.78771,-3.32146,Plein jour,Hors agglomération,Hors intersection,Normale,Deux véhicules - frontale,4,2,2,0,1,1,1,0,1,80,2,4,1,0,0,3,43.0,34.0,voiture,utilitaire_camion,1,1,1,1,1
202000017704,2020-10-08 08:40:00,2020,10,8,8,40,37,37122,PETIT MORON (RUE DU ),47.3304715,0.664181,Plein jour,En agglomération,Intersection en X,Normale,,3,2,2,0,1,1,1,0,1,50,2,2,1,0,0,1,49.0,25.0,utilitaire_camion,deux_roues,1,2,2,1,-1
202000017705,2020-08-08 18:00:00,2020,8,8,18,0,56,56083,REPUBLIQUE ( AV. DE LA ),47.79863,-3.29465,Crépuscule ou aube,En agglomération,Hors intersection,Temps éblouissant,Autre collision,3,3,2,0,1,1,1,0,1,50,1,1,0,0,0,1,76.0,,voiture,,2,2,1,7,6
202000017706,2020-10-08 19:35:00,2020,10,8,19,35,33,33063,CRS PASTEUR,44.83561,-0.57535,Nuit avec éclairage allumé,En agglomération,Passage à niveau,Normale,Autre collision,4,2,4,3,1,1,1,4,6,50,1,2,1,0,1,0,46.0,,transport_commun,,5,2,8,1,6
202000017707,2020-08-01 18:20:00,2020,8,1,18,20,52,52121,ABATTOIR (RUE DE L'),48.120287,5.149793,Plein jour,En agglomération,Hors intersection,Normale,Deux véhicules - côté,4,2,1,0,1,1,1,0,1,50,2,1,0,0,0,1,36.0,,deux_roues,,1,2,1,1,3
202000017708,2020-10-07 19:37:00,2020,10,7,19,37,33,33063,CRS DE L'ARGONNE,44.82989,-0.57323,Nuit avec éclairage allumé,En agglomération,Hors intersection,Normale,Deux véhicules - frontale,4,1,1,3,1,1,1,4,6,50,2,2,1,0,0,1,52.0,40.0,transport_commun,deux_roues,5,2,1,1,1
202000017709,2020-08-11 09:10:00,2020,8,11,9,10,51,51474,Rue Emile Druart,49.275447,4.0006361,Plein jour,En agglomération,Hors intersection,Normale,Sans collision,4,2,2,0,1,1,1,0,1,50,1,1,0,0,0,1,23.0,,voiture,,1,2,1,1,7
202000017710,2020-10-08 09:10:00,2020,10,8,9,10,31,31555,BD MATABIAU,43.615,1.44785,Plein jour,En agglomération,Hors intersection,Normale,Deux véhicules - côté,4,1,2,0,1,1,1,0,1,50,2,2,1,0,1,0,47.0,30.0,deux_roues,deux_roues,1,2,1,1,3
202000017711,2020-08-10 17:05:00,2020,8,10,17,5,50,50502,HUTREL,49.10467,-1.09411,Plein jour,En agglomération,Autre intersection,Normale,Deux véhicules - frontale,3,2,2,0,2,4,1,0,1,70,2,3,2,0,0,1,48.0,19.0,voiture,voiture,1,2,9,1,1