accident_id,datetime,annee,mois,jour,heure,minute,departement,commune_insee,adresse,latitude,longitude,luminosite,agglomeration,intersection,meteo,collision,catr,circ,nbv,vosp,prof,plan,surf,infra,situ,vma,nb_vehicules,nb_usagers,nb_indemnes,nb_tues,nb_blesses_hosp,nb_blesses_legers,age_cond_1,age_cond_2,veh_type_cond_1,veh_type_cond_2,lum_code,agg_code,int_code,atm_code,col_code
202000017712,2020-10-08 01:20:00,2020,10,8,1,20,31,31555,CHE DES IZARDS,43.6378507,1.4441818,Nuit avec éclairage allumé,En agglomération,Hors intersection,Normale,Autre collision,4,2,2,0,1,1,1,0,1,50,1,4,0,0,1,3,23.0,,voiture,,5,2,1,1,6
202000017713,2020-08-10 08:55:00,2020,8,10,8,55,50,50218,ROGER MARIS (RUE),48.83764,-1.59313,Plein jour,En agglomération,Hors intersection,Normale,Autre collision,9,1,1,0,2,4,1,9,1,50,1,2,1,0,0,1,56.0,,voiture,,1,2,1,1,6
202000017714,2020-10-07 10:00:00,2020,10,7,10,0,31,31555,BD DE STRASBOURG,43.61059,1.44349,Plein jour,En agglomération,Hors intersection,Normale,Deux véhicules - côté,4,2,5,0,1,1,1,0,1,50,2,2,1,0,1,0,69.0,40.0,voiture,deux_roues,1,2,1,1,3
202000017715,2020-08-10 02:40:00,2020,8,10,2,40,49,49328,347,47.27945,-0.07075,Nuit avec éclairage non allumé,En agglomération,Hors intersection,Normale,,3,3,4,0,1,1,1,0,1,110,2,3,1,0,0,2,29.0,21.0,voiture,voiture,4,2,1,1,-1
202000017716,2020-10-06 11:50:00,2020,10,6,11,50,31,31555,ECHANGEUR ST MARTIN (A624-RD901),43.61729,1.39403,Plein jour,Hors agglomération,Hors intersection,Pluie légère,Autre collision,3,1,3,0,1,3,2,0,1,70,1,1,0,0,0,1,43.0,,voiture,,1,1,1,2,6
202000017717,2020-08-10 10:24:00,2020,8,10,10,24,49,49007,CARNOT,47.47536,-0.54857,Plein jour,En agglomération,Intersection en X,Normale,Deux véhicules - côté,4,1,3,1,1,1,1,0,5,50,2,2,1,0,0,1,51.0,18.0,deux_roues,voiture,1,2,2,1,3
202000017718,2020-10-03 16:58:00,2020,10,3,16,58,31,31555,ALL JEAN JAURES,43.6068177,1.4501523,Plein jour,En agglomération,Hors intersection,Pluie forte,Autre collision,4,3,2,0,2,1,2,0,1,50,1,2,1,0,1,0,32.0,,deux_roues,,1,2,1,3,6
202000017719,2020-08-11 02:35:00,2020,8,11,2,35,47,47323,CAYREL JEAN-CLAUDE (AVENUE),44.41948,0.70055,Nuit avec éclairage allumé,En agglomération,Hors intersection,Normale,Autre collision,3,2,2,0,1,1,1,9,1,50,1,1,0,0,0,1,50.0,,deux_roues,,5,2,1,1,6
202000017720,2020-10-03 15:20:00,2020,10,3,15,20,31,31555,A621,43.61739,1.39406,Plein jour,Hors agglomération,Hors intersection,Pluie légère,Deux véhicules - arrière,1,1,3,0,2,1,2,0,1,90,2,4,2,0,0,2,48.0,19.0,voiture,deux_roues,1,1,1,2,2
202000017721,2020-10-02 20:25:00,2020,10,2,20,25,31,31069,GRENADE (ROUTE DE),43.647861,1.383289,Nuit avec éclairage allumé,En agglomération,Hors intersection,Normale,Deux véhicules - côté,3,-1,2,0,1,1,1,0,1,50,2,2,1,0,0,1,19.0,44.0,deux_roues,voiture,5,2,1,1,3
202000017722,2020-08-11 17:45:00,2020,8,11,17,45,45,45338,Rue Jean Mermoz - Rue des plantes,47.98108,2.71645,Plein jour,En agglomération,Intersection en X,Normale,Deux véhicules - frontale,4,2,2,0,1,1,1,0,1,50,2,4,2,0,0,2,31.0,20.0,voiture,voiture,1,2,2,1,1
202000017723,2020-10-08 13:35:00,2020,10,8,13,35,28,28134,MARCHEBEAUX (RUE DES),48.73401,1.36092,Plein jour,En agglomération,Hors intersection,Normale,Deux véhicules - côté,9,-1,1,0,1,1,1,9,8,50,2,2,1,0,0,1,13.0,60.0,deux_roues,voiture,1,2,1,1,3
202000017724,2020-08-11 13:15:00,2020,8,11,13,15,45,45004,ANTIBES (AVENUE D'),47.98003,2.73305,Plein jour,En agglomération,Hors intersection,Normale,Deux véhicules - arrière,4,2,3,0,1,1,1,5,1,50,2,2,1,0,0,1,56.0,40.0,deux_roues,voiture,1,2,1,1,2
202000017725,2020-08-10 11:45:00,2020,8,10,11,45,42,42207,Rue Marcellin Champagnat,45.44677,4.50492,Plein jour,En agglomération,Intersection en Y,Temps éblouissant,Deux véhicules - frontale,3,-1,2,0,2,1,1,0,1,50,2,2,1,0,1,0,73.0,69.0,deux_roues,voiture,1,2,4,7,1
202000017726,2020-10-03 20:20:00,2020,10,3,20,20,26,26362,58 Boulevard Maréchal Juin,44.91351,4.89355,Nuit avec éclairage allumé,En agglomération,Intersection en X,Pluie légère,Deux véhicules - côté,4,2,2,1,1,1,2,0,1,50,2,2,0,0,0,2,32.0,73.0,voiture,voiture,5,2,2,2,3
202000017727,2020-10-02 09:11:00,2020,10,2,9,11,22,22215,FONTAINE MORIN (RUE DE LA),48.492487,-2.795361,Plein jour,En agglomération,Intersection en X,Normale,Deux véhicules - côté,4,2,2,0,1,1,1,0,1,50,2,1,0,0,0,1,22.0,,voiture,,1,2,2,1,3
202000017728,2020-07-20 18:25:00,2020,7,20,18,25,40,40281,KENNEDY (AV DU PDT. JOHN FIDGERALD),43.86667,-0.48847,Plein jour,En agglomération,Giratoire,Normale,Deux véhicules - côté,3,4,2,0,1,3,1,0,1,50,2,2,1,0,1,0,61.0,50.0,utilitaire_camion,deux_roues,1,2,6,1,3
202000017729,2020-08-08 15:45:00,2020,8,8,15,45,38,38185,A480,45.16482,5.70161,Plein jour,En agglomération,Hors intersection,Normale,Autre collision,1,3,3,0,1,1,1,0,1,70,1,1,0,1,0,0,57.0,,deux_roues,,1,2,1,1,6
202000017730,2020-10-08 09:55:00,2020,10,8,9,55,15,15014,PREVERT (RUE JACQUES),44.9173001,2.4222627,Plein jour,En agglomération,Giratoire,Normale,Deux véhicules - côté,4,2,2,0,1,1,2,0,1,50,2,3,2,0,0,1,18.0,80.0,voiture,voiture,1,2,6,1,3
202000017731,2020-08-08 03:15:00,2020,8,8,3,15,38,38179,Avenue de la Combe,45.1687,5.79718,Nuit avec éclairage non allumé,Hors agglomération,Hors intersection,Normale,Autre collision,3,2,2,0,2,2,1,0,3,80,1,5,0,0,1,4,21.0,,voiture,,4,1,1,1,6
202000017732,2020-10-02 07:45:00,2020,10,2,7,45,15,15014,DOCTEUR CHIBRET (RUE DU),44.93568,2.45293,Crépuscule ou aube,En agglomération,Hors intersection,Normale,Autre collision,4,2,2,0,1,2,2,0,1,50,1,2,1,0,0,1,31.0,,transport_commun,,2,2,1,1,6
202000017733,2020-10-08 22:24:00,2020,10,8,22,24,13,13213,ENJOLRAS (AVENUE),43.33675,5.452217,Nuit avec éclairage allumé,En agglomération,Hors intersection,Normale,Autre collision,3,2,2,0,1,1,1,0,1,50,1,2,0,0,0,2,19.0,,voiture,,5,2,1,1,6
202000017734,2020-08-11 15:25:00,2020,8,11,15,25,33,33069,AVE JULES GUESDE,44.86477,-0.5874,Plein jour,En agglomération,Giratoire,Normale,Deux véhicules - côté,4,2,2,0,1,1,1,0,1,30,2,2,1,0,0,1,52.0,17.0,voiture,deux_roues,1,2,6,1,3
202000017735,2020-10-08 14:00:00,2020,10,8,14,0,13,13212,SAINT PIERRE (RUE),43.29133,5.41699,Plein jour,En agglomération,Hors intersection,Normale,Deux véhicules - côté,4,2,2,0,1,1,1,0,1,50,2,2,1,0,0,1,40.0,28.0,deux_roues,voiture,1,2,1,1,3
202000017736,2020-10-08 11:00:00,2020,10,8,11,0,13,13203,RUFFI (RUE DE),43.30938,5.37271,Plein jour,En agglomération,Hors intersection,Normale,Autre collision,4,1,1,0,1,1,1,0,1,50,1,1,0,0,0,1,,,,,1,2,1,1,6
202000017737,2020-08-06 09:30:00,2020,8,6,9,30,33,33318,AVE DU BOURGAILH,44.79948,-0.66321,Plein jour,En agglomération,Intersection en X,Normale,Deux véhicules - arrière,4,2,5,2,1,1,1,0,1,50,2,2,1,0,0,1,37.0,24.0,voiture,voiture,1,2,2,1,2
202000017738,2020-10-08 09:20:00,2020,10,8,9,20,13,13208,GASTON CREMIEUX (RUE),43.27966,5.37911,Plein jour,En agglomération,Hors intersection,Normale,Deux véhicules - arrière,4,2,2,0,2,1,1,0,1,50,2,2,1,0,1,0,41.0,35.0,voiture,deux_roues,1,2,1,1,2
202000017739,2020-08-10 12:00:00,2020,8,10,12,0,33,33529,BISCAROSSE (AVE DE) JUSQU'A DUNE,44.56078,-1.23447,Plein jour,Hors agglomération,Hors intersection,Normale,Sans collision,3,2,2,-1,1,1,1,-1,5,30,1,1,0,0,0,1,71.0,,deux_roues,,1,1,1,1,7
202000017740,2020-10-07 15:54:00,2020,10,7,15,54,10,10333,"AUXERRE (ROUTE),",48.274014,4.058178,Plein jour,En agglomération,Hors intersection,Normale,Trois véhicules et plus - en chaîne,4,2,2,0,1,1,1,0,1,50,3,5,4,0,0,1,29.0,50.0,voiture,voiture,1,2,1,1,4
202000017741,2020-08-10 21:00:00,2020,8,10,21,0,31,31555,AV DES ETATS UNIS,43.633587,1.431383,Crépuscule ou aube,En agglomération,Hors intersection,Normale,,3,2,2,0,1,1,1,0,1,50,2,2,1,0,0,1,37.0,38.0,voiture,deux_roues,2,2,1,1,-1
202000017742,2020-10-08 11:00:00,2020,10,8,11,0,09,09122,LERIDA (AVENUE DE),42.96277,1.60395,Plein jour,En agglomération,Hors intersection,Normale,Deux véhicules - côté,3,2,2,0,1,2,1,0,1,50,2,2,1,0,0,1,58.0,41.0,voiture,voiture,1,2,1,1,3
202000017743,2020-10-07 17:35:00,2020,10,7,17,35,06,06029,BUISSONS ARDENTS,43.5585,6.9675,Plein jour,Hors agglomération,Hors intersection,Normale,Deux véhicules - arrière,3,2,2,0,1,1,1,0,1,50,2,2,1,0,1,0,80.0,,voiture,,1,1,1,1,2
202000017744,2020-08-11 14:30:00,2020,8,11,14,30,25,25056,FAURE AVENUE EDGAR,47.244274,6.017949,Plein jour,En agglomération,Hors intersection,Normale,Deux véhicules - frontale,4,2,3,0,2,3,1,0,1,50,2,2,1,0,0,1,43.0,58.0,voiture,voiture,1,2,1,1,1
202000017745,2020-10-07 17:00:00,2020,10,7,17,0,02,02722,ROUTE NATIONALE 31,49.375,3.29707,Plein jour,Hors agglomération,Hors intersection,Normale,Deux véhicules - arrière,2,1,2,0,1,1,1,0,1,110,2,2,1,1,0,0,55.0,59.0,utilitaire_camion,deux_roues,1,1,1,1,2
202000017746,2020-07-28 14:48:00,2020,7,28,14,48,24,24037,DE GAULLE (AVENUE DU GENERAL),44.83437,0.44903,Plein jour,En agglomération,Autre intersection,Normale,Deux véhicules - côté,3,1,2,0,1,3,1,0,1,50,2,2,1,0,1,0,72.0,70.0,deux_roues,voiture,1,2,9,1,3
202000017747,2020-08-07 20:40:00,2020,8,7,20,40,23,23096,940 (ROUTE DEPARTEMENTALE),46.139247,1.864436,Plein jour,Hors agglomération,Intersection en X,Normale,Deux véhicules - côté,3,2,3,0,2,1,1,9,1,80,2,4,3,0,0,1,19.0,68.0,voiture,voiture,1,1,2,1,3
202000017748,2020-10-08 15:55:00,2020,10,8,15,55,75,75119,PORTE DE PANTIN,48.887361,2.396807,Plein jour,En agglomération,Intersection en Y,Normale,Trois véhicules et plus - en chaîne,4,1,2,0,1,1,1,0,1,50,5,6,4,0,0,2,38.0,32.0,utilitaire_camion,voiture,1,2,4,1,4
202000017749,2020-10-08 09:30:00,2020,10,8,9,30,75,75116,PORTE DAUPHINE,48.869171,2.270687,Plein jour,En agglomération,Hors intersection,Normale,Deux véhicules - côté,4,1,4,0,1,1,1,0,1,70,2,2,1,0,0,1,26.0,30.0,deux_roues,voiture,1,2,1,1,3
202000017750,2020-08-11 14:05:00,2020,8,11,14,5,17,17306,LAIR  LOUIS (BD),45.6237243,-1.0401186,Plein jour,En agglomération,Giratoire,Normale,,4,-1,2,0,1,1,1,0,1,30,2,2,1,0,0,1,45.0,65.0,voiture,deux_roues,1,2,6,1,-1
202000017751,2020-08-11 12:35:00,2020,8,11,12,35,14,14137,CAUMONT (ROUTE DE ),49.187197,-0.425737,Plein jour,En agglomération,Intersection en T,Normale,Deux véhicules - côté,3,-1,3,0,4,1,1,0,1,70,2,2,1,1,0,0,26.0,65.0,voiture,deux_roues,1,2,3,1,3
202000017752,2020-10-07 06:35:00,2020,10,7,6,35,75,75118,PORTE DE LA CHAPELLE,48.900307,2.359196,Nuit avec éclairage allumé,En agglomération,Hors intersection,Normale,Autre collision,4,1,2,0,1,2,2,0,1,50,1,4,2,0,0,2,57.0,,voiture,,5,2,1,1,6
202000017753,2020-08-10 18:50:00,2020,8,10,18,50,13,13206,LIEUTAUD (COURS),43.290754,5.383249,Plein jour,En agglomération,Hors intersection,Normale,Deux véhicules - frontale,4,2,1,0,1,1,1,0,1,50,2,2,1,0,0,1,53.0,23.0,deux_roues,voiture,1,2,1,1,1
202000017754,2020-10-06 17:10:00,2020,10,6,17,10,75,75115,RUE DE LA CROIX NIVERT,48.846619,2.29966,Plein jour,En agglomération,Intersection en T,Pluie légère,Autre collision,4,2,2,0,1,1,2,0,1,30,1,3,1,0,2,0,80.0,,voiture,,1,2,3,2,6
202000017755,2020-10-08 15:29:00,2020,10,8,15,29,75,75118,BOULEVARD BARBES,48.888364,2.349597,Plein jour,En agglomération,Intersection en X,Temps couvert,Autre collision,4,3,4,1,1,1,1,-1,5,50,1,2,1,0,0,1,21.0,,deux_roues,,1,2,2,8,6
202000017756,2020-08-10 17:30:00,2020,8,10,17,30,13,13047,MOURGUETTES ALL‚E DES,43.49188,4.98532,Plein jour,En agglomération,Hors intersection,Normale,Autre collision,4,2,1,0,1,2,1,9,1,30,1,2,1,0,1,0,45.0,,voiture,,1,2,1,1,6
202000017757,2020-10-08 09:20:00,2020,10,8,9,20,75,75118,RUE CUSTINE,48.888414,2.348027,Plein jour,En agglomération,Intersection à plus de 4 branches,Normale,Deux véhicules - côté,4,2,2,0,1,1,1,0,1,50,2,2,1,0,0,1,33.0,26.0,voiture,deux_roues,1,2,5,1,3
202000017758,2020-08-08 06:05:00,2020,8,8,6,5,11,11262,POMPIDOR (AVENUE),43.18278,2.97921,Plein jour,En agglomération,Intersection en X,Normale,Deux véhicules - côté,4,2,2,0,1,1,1,9,1,50,2,2,1,0,0,1,17.0,53.0,voiture,voiture,1,2,2,1,3
202000017759,2020-10-08 16:47:00,2020,10,8,16,47,75,75116,RUE DES BELLES FEUILLES,48.869354,2.279801,Plein jour,En agglomération,Hors intersection,Normale,Autre collision,4,1,1,0,1,1,1,0,1,50,1,2,1,0,0,1,37.0,,voiture,,1,2,1,1,6
202000017760,2020-10-08 17:30:00,2020,10,8,17,30,75,75114,RUE DE LA TOMBE ISSOIRE,48.828936,2.333245,Plein jour,En agglomération,Intersection en T,Normale,Deux véhicules - arrière,4,2,3,0,4,1,1,0,1,50,2,2,1,0,0,1,19.0,23.0,deux_roues,deux_roues,1,2,3,1,2
202000017761,2020-07-27 13:00:00,2020,7,27,13,0,11,11262,MARCORIGNAN (ROUTE DE),43.19991,2.97124,Plein jour,En agglomération,Hors intersection,Normale,,4,2,2,0,1,1,1,0,1,50,2,3,1,0,0,2,76.0,67.0,voiture,voiture,1,2,1,1,-1
202000017762,2020-10-08 02:35:00,2020,10,8,2,35,75,75114,BOULEVARD BRUNE,48.824643,2.319545,Nuit avec éclairage allumé,En agglomération,Intersection en X,Normale,Autre collision,4,1,2,0,1,1,1,0,1,50,1,2,0,0,0,2,39.0,,voiture,,5,2,2,1,6
202000017763,2020-08-06 08:11:00,2020,8,6,8,11,06,06030,FERRY (RUE JULES),43.572591,7.003145,Plein jour,En agglomération,Hors intersection,Normale,Autre collision,4,-1,2,0,1,1,1,0,1,50,1,2,1,0,0,1,61.0,,utilitaire_camion,,1,2,1,1,6
202000017764,2020-08-10 11:16:00,2020,8,10,11,16,06,06123,POMPIDOU GEORGES BOULEVARD,43.666,7.196,Crépuscule ou aube,En agglomération,Giratoire,Normale,Deux véhicules - côté,9,3,1,0,1,2,1,0,1,50,2,2,1,0,0,1,65.0,58.0,voiture,deux_roues,2,2,6,1,3
202000017765,2020-10-07 20:05:00,2020,10,7,20,5,75,75114,RUE DIDOT,48.832183,2.320388,Nuit avec éclairage allumé,En agglomération,Intersection en T,Normale,Deux véhicules - côté,4,1,1,0,1,1,1,0,1,50,2,4,3,0,0,1,18.0,23.0,deux_roues,voiture,5,2,3,1,3
202000017766,2020-10-08 15:05:00,2020,10,8,15,5,75,75113,AVENUE D ITALIE,48.82778,2.356768,Plein jour,En agglomération,Intersection en T,Normale,Sans collision,4,-1,6,1,1,1,1,-1,5,50,1,1,0,0,0,1,29.0,,deux_roues,,1,2,3,1,7
202000017767,2020-08-10 17:20:00,2020,8,10,17,20,02,02738,MAUGER(RUE DU),49.64978,3.31765,Plein jour,En agglomération,Hors intersection,Normale,Deux véhicules - arrière,4,2,1,0,1,3,1,0,1,30,2,4,2,0,0,2,29.0,,voiture,,1,2,1,1,2
202000017768,2020-08-11 17:15:00,2020,8,11,17,15,75,75118,BOULEVARD PERIPHERIQUE,48.900689,2.344237,Plein jour,En agglomération,Intersection en Y,Normale,Trois véhicules et plus - en chaîne,4,1,4,0,1,1,1,0,1,70,3,3,2,0,0,1,43.0,40.0,voiture,voiture,1,2,4,1,4
202000017769,2020-10-08 08:35:00,2020,10,8,8,35,75,75113,AVENUE DES GOBELINS,48.833183,2.354388,Plein jour,En agglomération,Intersection en T,Normale,Deux véhicules - côté,4,2,4,3,2,1,1,-1,6,50,2,2,1,0,0,1,30.0,34.0,voiture,deux_roues,1,2,3,1,3
202000017770,2020-08-11 01:30:00,2020,8,11,1,30,75,75117,AVENUE DE LA PORTE DE CLICHY,48.896278,2.309998,Nuit avec éclairage allumé,En agglomération,Intersection en Y,Normale,Deux véhicules - côté,4,2,6,0,1,1,1,0,1,50,2,2,1,0,0,1,44.0,54.0,deux_roues,voiture,5,2,4,1,3
202000017771,2020-10-08 10:35:00,2020,10,8,10,35,75,75112,BOULEVARD DIDEROT,48.847839,2.391339,Plein jour,En agglomération,Hors intersection,Normale,Deux véhicules - arrière,4,2,2,0,1,1,1,0,1,50,2,2,1,0,0,1,53.0,30.0,voiture,deux_roues,1,2,1,1,2
202000017772,2020-08-11 16:44:00,2020,8,11,16,44,75,75114,AVENUE DE LA PORTE DE CHATILLON,48.822392,2.314373,Plein jour,En agglomération,Intersection en Y,Pluie légère,Deux véhicules - côté,4,2,8,0,1,1,2,2,1,50,2,2,1,0,0,1,24.0,55.0,deux_roues,voiture,1,2,4,2,3
202000017773,2020-10-08 07:10:00,2020,10,8,7,10,75,75112,QUAI DE LA RAPEE,48.845842,2.367642,Crépuscule ou aube,En agglomération,Intersection en X,Normale,Deux véhicules - côté,4,1,3,0,1,1,2,0,1,50,2,2,1,0,0,1,28.0,39.0,voiture,deux_roues,2,2,2,1,3
202000017774,2020-08-11 16:30:00,2020,8,11,16,30,75,75113,QUAI PANHARD ET LEVASSOR,48.828103,2.384871,Plein jour,En agglomération,Intersection en X,Temps couvert,Deux véhicules - côté,4,2,3,1,1,1,1,-1,5,50,2,2,1,0,0,1,49.0,21.0,deux_roues,deux_roues,1,2,2,8,3
202000017775,2020-08-11 10:44:00,2020,8,11,10,44,75,75113,BOULEVARD DE L HOPITAL,48.834973,2.358104,Plein jour,En agglomération,Hors intersection,Normale,Deux véhicules - côté,4,2,4,0,1,1,1,9,1,50,2,2,1,0,0,1,50.0,25.0,voiture,deux_roues,1,2,1,1,3
202000017776,2020-10-08 19:00:00,2020,10,8,19,0,75,75108,PLACE DE L ALMA,48.864729,2.301703,Crépuscule ou aube,En agglomération,Place,Normale,Deux véhicules - côté,4,-1,3,0,1,2,1,0,1,50,2,2,1,0,0,1,54.0,18.0,deux_roues,voiture,2,2,7,1,3
202000017777,2020-08-11 09:45:00,2020,8,11,9,45,75,75112,AVENUE DAUMESNIL,48.838097,2.399665,Plein jour,En agglomération,Intersection en T,Normale,Autre collision,4,2,6,0,2,1,1,0,1,50,1,2,1,0,0,1,67.0,,voiture,,1,2,3,1,6
202000017778,2020-10-08 07:50:00,2020,10,8,7,50,75,75108,PLACE DE LA CONCORDE,48.864355,2.320296,Plein jour,En agglomération,Place,Pluie légère,Deux véhicules - côté,4,1,4,0,1,1,2,0,1,50,2,2,1,0,0,1,53.0,46.0,voiture,voiture,1,2,7,2,3
202000017779,2020-08-11 16:25:00,2020,8,11,16,25,75,75110,PLACE FRANZ LISZT,48.877905,2.351607,Plein jour,En agglomération,Place,Normale,Deux véhicules - côté,4,2,3,0,2,2,1,0,1,50,2,4,3,0,0,1,65.0,29.0,deux_roues,voiture,1,2,7,1,3
202000017780,2020-10-08 18:45:00,2020,10,8,18,45,75,75103,RUE DE BRETAGNE,48.863402,2.361544,Plein jour,En agglomération,Intersection en T,Normale,Deux véhicules - côté,4,1,2,0,1,1,1,0,1,30,2,1,0,0,0,1,32.0,,deux_roues,,1,2,3,1,3
202000017781,2020-08-11 13:40:00,2020,8,11,13,40,75,75109,RUE NOTRE DAME DE LORETTE,48.878989,2.336838,Plein jour,En agglomération,Intersection en Y,Temps éblouissant,Sans collision,4,2,2,0,2,1,1,0,1,50,1,1,0,0,0,1,64.0,,deux_roues,,1,2,4,7,7
202000017782,2020-08-11 17:05:00,2020,8,11,17,5,75,75102,RUE MONTORGUEIL,48.865373,2.34695,Plein jour,En agglomération,Hors intersection,Pluie légère,Sans collision,4,1,1,0,1,1,2,6,1,50,1,1,0,0,0,1,56.0,,deux_roues,,1,2,1,2,7
202000017783,2020-10-08 11:00:00,2020,10,8,11,0,75,75102,BOULEVARD MONTMARTRE,48.871575,2.342389,Plein jour,En agglomération,Hors intersection,Temps couvert,Autre collision,4,2,5,0,1,1,1,0,1,30,1,2,1,0,0,1,52.0,,deux_roues,,1,2,1,8,6
202000017784,2020-08-10 09:50:00,2020,8,10,9,50,94,94076,STALINGRAD (AV DE),48.782,2.36772,Plein jour,En agglomération,Hors intersection,Normale,Deux véhicules - côté,3,3,4,2,1,1,1,9,1,50,2,2,1,0,1,0,30.0,35.0,deux_roues,utilitaire_camion,1,2,1,1,3
202000017785,2020-10-08 09:25:00,2020,10,8,9,25,75,75103,RUE DE TURENNE,48.859981,2.364557,Plein jour,En agglomération,Intersection en T,Normale,Deux véhicules - côté,4,2,2,0,1,1,2,0,1,30,2,2,1,0,0,1,28.0,43.0,deux_roues,utilitaire_camion,1,2,3,1,3
202000017786,2020-08-10 09:50:00,2020,8,10,9,50,94,94028,AVET.(RUE PAUL FRANCOIS),48.79567,2.46346,Plein jour,En agglomération,Hors intersection,Normale,Autre collision,4,-1,2,0,1,1,1,0,1,50,1,2,1,0,0,1,34.0,,autre,,1,2,1,1,6
202000017787,2020-08-11 14:20:00,2020,8,11,14,20,94,94022,ANATOLE FRANCE (AV),48.759664,2.408668,Plein jour,En agglomération,Hors intersection,Normale,Autre collision,3,1,1,0,1,1,1,8,1,30,1,2,1,0,0,1,56.0,,voiture,,1,2,1,1,6
202000017788,2020-10-07 10:57:00,2020,10,7,10,57,94,94068,GARIBALDI (R),48.79,2.488,Plein jour,En agglomération,Giratoire,Normale,Autre collision,4,2,2,0,1,1,1,6,1,50,1,2,1,0,1,0,90.0,,voiture,,1,2,6,1,6
202000017789,2020-08-11 15:15:00,2020,8,11,15,15,94,94017,Rue Louis Talamoni,48.81314,2.51261,Plein jour,En agglomération,Hors intersection,Normale,Autre collision,3,-1,5,0,2,1,1,0,1,50,1,1,0,0,1,0,,,,,1,2,1,1,6
202000017790,2020-10-06 19:35:00,2020,10,6,19,35,94,94068,VERDUN (AV DE),48.801882,2.514303,Nuit avec éclairage allumé,En agglomération,Intersection en X,Normale,Deux véhicules - côté,4,2,2,0,1,1,1,0,1,50,2,2,1,0,0,1,17.0,33.0,deux_roues,voiture,5,2,2,1,3
202000017791,2020-08-11 18:40:00,2020,8,11,18,40,93,93078,BALLANGER (BD ROBERT),48.9560732,2.5405555,Plein jour,En agglomération,Hors intersection,Pluie légère,Deux véhicules - côté,3,2,0,0,1,1,2,0,1,50,2,2,1,0,0,1,22.0,43.0,deux_roues,voiture,1,2,1,2,3
202000017792,2020-10-08 14:10:00,2020,10,8,14,10,94,94046,PIERRE CURIE (R),48.810728,2.425401,Plein jour,En agglomération,Hors intersection,Normale,Deux véhicules - côté,4,2,2,0,1,1,1,0,8,50,2,2,1,0,0,1,13.0,26.0,deux_roues,voiture,1,2,1,1,3
202000017793,2020-08-11 10:20:00,2020,8,11,10,20,93,93059,Boulevard Jean Mermoz,48.97229,2.36622,Plein jour,En agglomération,Hors intersection,Normale,Deux véhicules - arrière,3,3,2,3,2,1,1,0,1,30,2,2,1,0,0,1,33.0,38.0,utilitaire_camion,voiture,1,2,1,1,2
202000017794,2020-10-08 14:15:00,2020,10,8,14,15,94,94076,PARIS (AV DE),48.80419,2.36449,Plein jour,En agglomération,Intersection en Y,Normale,,3,-1,4,1,2,1,1,0,1,50,2,2,1,0,1,0,32.0,29.0,voiture,deux_roues,1,2,4,1,-1
202000017795,2020-08-11 20:05:00,2020,8,11,20,5,93,93015,RTE STRATEGIQUE,48.924424,2.574116,Plein jour,Hors agglomération,Hors intersection,Pluie légère,Autre collision,3,2,2,0,1,3,2,0,1,50,1,1,0,0,1,0,19.0,,voiture,,1,1,1,2,6
202000017796,2020-10-08 17:25:00,2020,10,8,17,25,94,94022,ROLLIN REGNIER (R),48.768233,2.406371,Plein jour,En agglomération,Autre intersection,Normale,Autre collision,4,1,1,0,1,1,1,9,1,30,1,1,0,0,0,1,,,,,1,2,9,1,6
202000017797,2020-10-08 16:30:00,2020,10,8,16,30,94,94022,ALLIES (BD DES),48.765362,2.405255,Plein jour,En agglomération,Hors intersection,Normale,Autre collision,3,1,3,0,1,1,1,0,1,50,1,1,0,0,0,1,,,,,1,2,1,1,6
202000017798,2020-08-10 21:25:00,2020,8,10,21,25,93,93029,R ANATOLE FRANCE / CH LATERAL,48.9335,2.4555,Nuit avec éclairage allumé,En agglomération,Intersection en X,Normale,Deux véhicules - côté,4,2,2,0,2,1,1,0,1,50,2,2,0,0,1,1,31.0,33.0,deux_roues,deux_roues,5,2,2,1,3
202000017799,2020-10-08 10:45:00,2020,10,8,10,45,94,94022,NEWBURN (AV DE),48.75489,2.41152,Plein jour,En agglomération,Intersection en X,Normale,Sans collision,3,3,4,0,1,1,1,0,1,50,1,1,0,0,0,1,32.0,,deux_roues,,1,2,2,1,7
202000017800,2020-08-11 11:25:00,2020,8,11,11,25,93,93010,VARAGNAT (AVENUE HENRI),48.9131566,2.4822312,Plein jour,En agglomération,Intersection en T,Normale,Autre collision,3,-1,2,0,1,1,1,0,1,30,1,2,1,0,0,1,75.0,,voiture,,1,2,3,1,6
202000017801,2020-10-07 16:50:00,2020,10,7,16,50,94,94019,CHENNEVIERES (RTE DE),48.805631,2.532727,Plein jour,En agglomération,Hors intersection,Normale,Deux véhicules - arrière,3,2,2,0,1,3,1,0,1,50,2,4,1,0,0,3,39.0,53.0,voiture,voiture,1,2,1,1,2
202000017802,2020-08-10 17:48:00,2020,8,10,17,48,92,92049,GINOUX AVENUE HENRI AUTRES N°,48.8180073,2.3222646,Plein jour,En agglomération,Intersection en X,Normale,Deux véhicules - côté,3,1,2,3,1,1,1,5,1,50,2,2,0,0,1,1,32.0,23.0,deux_roues,voiture,1,2,2,1,3
202000017803,2020-08-10 13:00:00,2020,8,10,13,0,92,92020,LASEGUE RUE N° IMPAIRS,48.80276,2.279094,Plein jour,En agglomération,Hors intersection,Normale,Deux véhicules - côté,4,1,0,0,1,1,1,0,1,50,2,2,1,0,0,1,69.0,29.0,voiture,deux_roues,1,2,1,1,3
202000017804,2020-10-08 09:20:00,2020,10,8,9,20,94,94004,PARIS (R DE),48.752221,2.50885,Plein jour,En agglomération,Hors intersection,Normale,Autre collision,4,2,2,0,2,1,1,0,1,50,1,2,0,0,1,1,57.0,,deux_roues,,1,2,1,1,6
202000017805,2020-10-07 20:00:00,2020,10,7,20,0,93,93031,AV DU DIX HUIT JUIN 1940,48.95333,2.3075,Nuit avec éclairage allumé,En agglomération,Hors intersection,Normale,Deux véhicules - côté,3,2,3,0,1,1,1,0,1,50,2,2,1,0,0,1,31.0,43.0,voiture,deux_roues,5,2,1,1,3