accident_id,datetime,annee,mois,jour,heure,minute,departement,commune_insee,adresse,latitude,longitude,luminosite,agglomeration,intersection,meteo,collision,catr,circ,nbv,vosp,prof,plan,surf,infra,situ,vma,nb_vehicules,nb_usagers,nb_indemnes,nb_tues,nb_blesses_hosp,nb_blesses_legers,age_cond_1,age_cond_2,veh_type_cond_1,veh_type_cond_2,lum_code,agg_code,int_code,atm_code,col_code
202000017806,2020-10-08 09:25:00,2020,10,8,9,25,93,93029,AV HENRI BARBUSSE,48.92011,2.45186,Plein jour,En agglomération,Hors intersection,Normale,Deux véhicules - arrière,3,2,2,0,1,1,1,0,1,50,2,2,1,0,0,1,26.0,24.0,utilitaire_camion,deux_roues,1,2,1,1,2
202000017807,2020-10-08 07:45:00,2020,10,8,7,45,93,93029,SADI CARNOT,48.9253333,2.4410775,Plein jour,En agglomération,Autre intersection,Normale,Deux véhicules - côté,3,3,4,0,1,1,1,0,1,50,2,2,1,0,0,1,63.0,24.0,deux_roues,voiture,1,2,9,1,3
202000017808,2020-10-08 07:20:00,2020,10,8,7,20,93,93013,LECLERC (AVENU DE LA DIVISION),48.9361837,2.4270859,Plein jour,En agglomération,Hors intersection,Temps couvert,Deux véhicules - arrière,3,3,4,0,1,1,1,0,1,50,2,2,1,0,0,1,50.0,26.0,utilitaire_camion,deux_roues,1,2,1,8,2
202000017809,2020-10-07 22:05:00,2020,10,7,22,5,93,93014,GAGARINE (BOULEVARD),48.90662,2.5376,Nuit avec éclairage allumé,En agglomération,Hors intersection,Normale,Autre collision,3,1,2,3,2,1,1,9,1,50,1,2,1,0,0,1,18.0,,voiture,,5,2,1,1,6
202000017810,2020-10-08 16:20:00,2020,10,8,16,20,92,92075,CARREFOUR DE L'INSURRECTION,48.82022,2.29064,Plein jour,En agglomération,Giratoire,Temps couvert,Sans collision,3,1,1,0,1,2,1,5,1,50,1,1,0,0,0,1,33.0,,deux_roues,,1,2,6,8,7
202000017811,2020-10-08 20:20:00,2020,10,8,20,20,92,92040,PDT ROOSEVELT (QUAI DU),48.8298674,2.2608635,Nuit avec éclairage allumé,En agglomération,Hors intersection,Normale,Sans collision,3,1,1,0,1,1,1,0,4,30,1,1,0,0,0,1,38.0,,deux_roues,,5,2,1,1,7
202000017812,2020-10-08 06:45:00,2020,10,8,6,45,92,92040,AUGUSTE GERVAIS,48.8229633,2.2734637,Nuit avec éclairage allumé,En agglomération,Hors intersection,Pluie légère,Deux véhicules - côté,3,2,2,0,2,1,2,0,1,30,2,2,1,0,1,0,44.0,35.0,deux_roues,utilitaire_camion,5,2,1,2,3
202000017813,2020-10-07 13:20:00,2020,10,7,13,20,92,92026,MARCEAU,48.90078,2.24456,Plein jour,En agglomération,Intersection en T,Normale,Deux véhicules - frontale,3,2,2,0,1,1,1,0,1,50,2,2,1,0,0,1,79.0,7.0,voiture,deux_roues,1,2,3,1,1
202000017814,2020-10-06 20:05:00,2020,10,6,20,5,92,92025,YOURI GAGARINE (RUE),48.925777,2.245262,Nuit avec éclairage allumé,En agglomération,Intersection à plus de 4 branches,Temps couvert,Deux véhicules - côté,4,1,1,0,1,1,1,0,1,50,2,2,1,0,0,1,28.0,16.0,deux_roues,deux_roues,5,2,5,8,3
202000017815,2020-09-28 11:00:00,2020,9,28,11,0,92,92024,HENRI BARBUSSE (RUE) DE (73 A 139),48.90088,2.30804,Plein jour,En agglomération,Intersection en X,Normale,Autre collision,3,2,3,0,1,1,1,5,1,50,1,2,1,0,0,1,59.0,,utilitaire_camion,,1,2,2,1,6
202000017816,2020-10-08 18:45:00,2020,10,8,18,45,92,92012,EDOUARD VAILLANT (AVENUE) 57/FIN - 58/FI,48.8348415,2.2470649,Crépuscule ou aube,En agglomération,Hors intersection,Normale,Autre collision,3,1,2,1,1,1,1,0,1,50,1,2,1,0,0,1,40.0,,deux_roues,,2,2,1,1,6
202000017817,2020-10-08 17:50:00,2020,10,8,17,50,49,49244,D151,47.320585,-0.892746,Plein jour,Hors agglomération,Hors intersection,Temps couvert,Deux véhicules - frontale,3,2,2,0,1,1,1,0,1,80,2,3,2,0,1,0,29.0,50.0,voiture,voiture,1,1,1,8,1
202000017818,2020-10-08 17:00:00,2020,10,8,17,0,971,97133,"Route de Mazarin, RD 6",15.958456,-61.70888,Plein jour,Hors agglomération,Hors intersection,Normale,Deux véhicules - frontale,3,2,2,0,1,2,1,0,1,70,2,4,1,1,0,2,54.0,26.0,deux_roues,voiture,1,1,1,1,1
202000017819,2020-10-09 14:00:00,2020,10,9,14,0,62,62390,Route de Berck,50.3879,1.60994,Plein jour,En agglomération,Hors intersection,Normale,Autre collision,3,2,2,0,1,1,1,0,1,-1,1,2,1,1,0,0,68.0,,voiture,,1,2,1,1,6
202000017820,2020-08-12 12:00:00,2020,8,12,12,0,84,84099,Chemin des Mulets,43.856285,5.08343,Plein jour,Hors agglomération,Intersection en X,Normale,Deux véhicules - côté,3,2,2,0,1,1,1,0,1,80,2,2,1,0,0,1,47.0,72.0,voiture,voiture,1,1,2,1,3
202000017821,2020-10-09 07:15:00,2020,10,9,7,15,87,87107,La Poitevine,45.935591,1.189404,Crépuscule ou aube,Hors agglomération,Hors intersection,Normale,Deux véhicules - arrière,2,2,2,0,2,4,1,0,1,70,2,2,1,0,1,0,30.0,50.0,voiture,voiture,2,1,1,1,2
202000017822,2020-10-08 07:45:00,2020,10,8,7,45,35,35024,D 175,48.159373,-1.625719,Crépuscule ou aube,Hors agglomération,Hors intersection,Normale,Deux véhicules - arrière,3,2,2,0,1,1,1,0,1,90,2,3,2,0,0,1,27.0,65.0,voiture,voiture,2,1,1,1,2
202000017823,2020-10-08 18:15:00,2020,10,8,18,15,56,56185,ZAC le Mourillon,47.777057,-3.418892,Plein jour,Hors agglomération,Giratoire,Normale,Autre collision,3,1,2,0,1,3,1,5,1,50,1,2,1,0,1,0,41.0,,voiture,,1,1,6,1,6
202000017824,2020-10-08 15:20:00,2020,10,8,15,20,76,76443,D3 route de clères,49.565883,1.112548,Plein jour,Hors agglomération,Hors intersection,Pluie légère,Sans collision,3,2,2,0,2,3,2,0,1,80,1,1,0,0,1,0,43.0,,deux_roues,,1,1,1,2,7
202000017825,2020-10-09 11:32:00,2020,10,9,11,32,69,69063,Rue de Trèves Pâques,45.816769,4.840137,Plein jour,En agglomération,Hors intersection,Normale,Autre collision,4,1,1,0,2,2,1,0,1,30,1,2,1,1,0,0,39.0,,voiture,,1,2,1,1,6
202000017826,2020-10-08 11:00:00,2020,10,8,11,0,32,32125,D162,43.776811,0.122813,Plein jour,Hors agglomération,Intersection en T,Normale,Deux véhicules - côté,2,2,2,0,1,1,1,0,1,80,2,2,1,0,1,0,88.0,54.0,voiture,utilitaire_camion,1,1,3,1,3
202000017827,2020-10-05 09:55:00,2020,10,5,9,55,61,61342,Avenue Bresnard,48.750668,0.581449,Plein jour,En agglomération,Intersection en X,Pluie légère,Sans collision,3,2,2,0,1,1,2,0,1,50,1,1,0,0,1,0,54.0,,deux_roues,,1,2,2,2,7
202000017828,2020-10-08 20:20:00,2020,10,8,20,20,42,42318,D104,45.3924649,3.9614075,Nuit sans éclairage public,Hors agglomération,Hors intersection,Normale,Trois véhicules et plus - en chaîne,3,2,2,0,1,2,1,0,1,80,3,3,2,0,1,0,33.0,21.0,voiture,voiture,3,1,1,1,4
202000017829,2020-10-09 16:45:00,2020,10,9,16,45,68,68259,Route de Kiffis,47.467244,7.347374,Plein jour,Hors agglomération,Intersection en T,Normale,Deux véhicules - côté,3,2,2,0,2,2,1,0,1,80,2,2,1,0,0,1,55.0,65.0,deux_roues,voiture,1,1,3,1,3
202000017830,2020-10-09 13:20:00,2020,10,9,13,20,25,25321,D461,47.059485,6.697304,Plein jour,Hors agglomération,Hors intersection,Normale,Trois véhicules et plus - collisions multiples,3,2,3,0,2,4,1,0,1,80,3,5,3,1,0,1,35.0,66.0,voiture,deux_roues,1,1,1,1,5
202000017831,2020-10-06 22:00:00,2020,10,6,22,0,25,25271,D132,47.052186,6.477127,Nuit sans éclairage public,Hors agglomération,Hors intersection,Normale,Sans collision,3,2,2,0,2,3,1,0,3,-1,1,1,0,0,0,1,46.0,,voiture,,3,1,1,1,7
202000017832,2020-10-09 11:10:00,2020,10,9,11,10,25,25594,D673,47.199073,5.868931,Plein jour,Hors agglomération,Hors intersection,Normale,Deux véhicules - arrière,3,3,4,0,2,1,1,0,1,90,2,2,0,0,1,1,55.0,55.0,deux_roues,utilitaire_camion,1,1,1,1,2
202000017833,2020-10-07 16:00:00,2020,10,7,16,0,29,29184,Lieu Dit Lopreden,48.6105167,-3.9852304,Plein jour,Hors agglomération,Hors intersection,Normale,Autre collision,4,2,2,0,1,1,2,0,1,80,1,1,0,0,1,0,27.0,,deux_roues,,1,1,1,1,6
202000017834,2020-10-09 17:45:00,2020,10,9,17,45,31,31585,Prat d'Andre,43.113919,0.67472,Plein jour,Hors agglomération,Hors intersection,Normale,Autre collision,3,2,2,0,1,1,1,0,8,80,1,1,0,1,0,0,49.0,,voiture,,1,1,1,1,6
202000017835,2020-10-09 14:29:00,2020,10,9,14,29,31,31375,Route de Lahitere,43.190206,1.222036,Plein jour,Hors agglomération,Hors intersection,Normale,Deux véhicules - côté,3,2,2,0,2,4,1,0,1,80,2,3,2,0,1,0,78.0,38.0,voiture,deux_roues,1,1,1,1,3
202000017836,2020-10-09 15:20:00,2020,10,9,15,20,02,02780,,49.361533,3.401084,Plein jour,Hors agglomération,Hors intersection,Normale,Trois véhicules et plus - collisions multiples,2,2,2,0,1,1,1,0,1,80,3,4,3,0,0,1,74.0,45.0,voiture,utilitaire_camion,1,1,1,1,5
202000017837,2020-10-09 15:45:00,2020,10,9,15,45,01,01373,Route de la Crozette,46.127649,5.555622,Plein jour,Hors agglomération,Hors intersection,Normale,Autre collision,3,2,2,0,2,2,1,0,3,80,1,1,0,1,0,0,54.0,,deux_roues,,1,1,1,1,6
202000017838,2020-10-09 05:00:00,2020,10,9,5,0,72,72090,Rue de la Jatterie,48.049635,0.483688,Nuit sans éclairage public,Hors agglomération,Hors intersection,Pluie légère,Autre collision,4,2,2,0,1,1,2,0,3,80,1,1,0,0,1,0,22.0,,utilitaire_camion,,3,1,1,2,6
202000017839,2020-10-09 17:30:00,2020,10,9,17,30,05,05017,N94,44.573809,6.17157,Plein jour,Hors agglomération,Hors intersection,Normale,Deux véhicules - arrière,2,2,2,0,1,1,1,0,1,80,2,2,1,0,1,0,15.0,33.0,deux_roues,utilitaire_camion,1,1,1,1,2
202000017840,2020-10-09 06:45:00,2020,10,9,6,45,64,64185,Le Bourg - RN134,42.932987,-0.58602,Nuit sans éclairage public,En agglomération,Hors intersection,Normale,Deux véhicules - frontale,2,2,2,0,1,3,1,0,1,50,2,3,1,0,2,0,32.0,63.0,utilitaire_camion,transport_commun,3,2,1,1,1
202000017841,2020-10-09 18:40:00,2020,10,9,18,40,73,73121,D201c / 35 Lotissement Prè de la Dame,45.6378255,6.3111458,Crépuscule ou aube,En agglomération,Hors intersection,Normale,Autre collision,3,2,2,0,2,3,1,8,3,50,1,1,0,0,1,0,17.0,,deux_roues,,2,2,1,1,6
202000017842,2020-10-05 07:45:00,2020,10,5,7,45,30,30116,RD 6100,43.939679,4.589764,Plein jour,Hors agglomération,Hors intersection,Normale,Deux véhicules - arrière,3,2,2,0,2,1,1,0,1,80,2,2,1,0,0,1,21.0,19.0,voiture,deux_roues,1,1,1,1,2
202000017843,2020-10-01 07:00:00,2020,10,1,7,0,80,80160,A29,49.851951,2.349556,Nuit sans éclairage public,Hors agglomération,Hors intersection,Pluie légère,Deux véhicules - côté,1,2,4,0,1,1,2,3,1,110,2,2,1,0,0,1,41.0,35.0,voiture,utilitaire_camion,3,1,1,2,3
202000017844,2020-10-08 17:15:00,2020,10,8,17,15,978,97801,Route nationale 7,18.098794,-63.050264,Plein jour,Hors agglomération,Hors intersection,Normale,Deux véhicules - arrière,2,2,2,0,1,1,1,0,1,-1,2,3,2,0,1,0,56.0,39.0,voiture,deux_roues,1,1,1,1,2
202000017845,2020-10-09 15:40:00,2020,10,9,15,40,95,95678,D9,49.075342,2.243571,Plein jour,Hors agglomération,Hors intersection,Normale,Deux véhicules - côté,3,2,2,0,1,1,1,0,1,70,2,1,0,0,0,1,28.0,,deux_roues,,1,1,1,1,3
202000017846,2020-10-09 08:30:00,2020,10,9,8,30,06,06018,3124 Route de Valbonne,43.634823,7.071383,Plein jour,Hors agglomération,Hors intersection,Normale,Deux véhicules - côté,3,2,2,0,2,3,1,0,1,50,2,2,1,0,1,0,46.0,25.0,transport_commun,deux_roues,1,1,1,1,3
202000017847,2020-10-08 18:09:00,2020,10,8,18,9,86,86297,A10,46.554682,0.282883,Plein jour,Hors agglomération,Autre intersection,Temps couvert,Autre collision,1,1,1,0,4,3,1,3,1,50,1,1,0,0,1,0,32.0,,utilitaire_camion,,1,1,9,8,6
202000017848,2020-10-09 04:15:00,2020,10,9,4,15,51,51015,A4,49.0749997,4.8553504,Nuit sans éclairage public,Hors agglomération,Hors intersection,Pluie légère,Sans collision,1,3,2,0,1,1,2,9,1,130,1,3,2,0,0,1,46.0,,voiture,,3,1,1,2,7
202000017849,2020-10-09 16:25:00,2020,10,9,16,25,07,07010,D878,45.239296,4.690701,Plein jour,En agglomération,Giratoire,Normale,Deux véhicules - arrière,3,1,1,0,2,3,1,0,1,50,2,2,1,1,0,0,75.0,54.0,deux_roues,utilitaire_camion,1,2,6,1,2
202000017850,2020-10-06 18:00:00,2020,10,6,18,0,69,69064,D59,45.4881486,4.7566151,Crépuscule ou aube,Hors agglomération,Hors intersection,Pluie forte,Deux véhicules - frontale,3,2,2,0,1,3,2,0,1,80,2,3,1,0,0,2,30.0,62.0,voiture,voiture,2,1,1,3,1
202000017851,2020-10-06 18:49:00,2020,10,6,18,49,987,98747,Faaone PK 45+100,-17.751545,-149.240354,Nuit sans éclairage public,Hors agglomération,Hors intersection,Normale,Deux véhicules - frontale,2,2,2,0,2,4,1,0,1,80,2,4,1,1,0,2,71.0,26.0,voiture,voiture,3,1,1,1,1
202000017852,2020-10-09 11:30:00,2020,10,9,11,30,988,98826,VU4,-20.22724,164.07839,Plein jour,Hors agglomération,Hors intersection,Normale,Autre collision,4,2,2,0,3,3,1,0,3,90,1,5,0,0,0,5,24.0,,voiture,,1,1,1,1,6
202000017853,2020-10-09 17:35:00,2020,10,9,17,35,2B,2B042,Avenue de Borgo,42.56495,9.440957,Plein jour,En agglomération,Hors intersection,Normale,Deux véhicules - arrière,2,2,2,0,1,1,1,0,1,50,2,5,4,0,0,1,59.0,49.0,deux_roues,voiture,1,2,1,1,2
202000017854,2020-10-08 10:20:00,2020,10,8,10,20,83,83115,89 Avenue du Débarquement,43.322754,6.653284,Plein jour,Hors agglomération,Hors intersection,Normale,Deux véhicules - côté,4,1,1,3,2,1,1,9,6,-1,2,2,1,0,1,0,88.0,66.0,voiture,deux_roues,1,1,1,1,3
202000017855,2020-10-09 14:37:00,2020,10,9,14,37,13,13041,Boulevard Paul Cezanne,43.451451,5.471004,Plein jour,En agglomération,Hors intersection,Normale,Autre collision,4,3,2,0,1,1,1,0,1,50,1,3,1,0,2,0,21.0,,voiture,,1,2,1,1,6
202000017856,2020-10-09 14:50:00,2020,10,9,14,50,89,89083,D89,47.819878,3.452509,Plein jour,Hors agglomération,Intersection en X,Pluie légère,Trois véhicules et plus - collisions multiples,3,2,2,0,1,1,2,0,1,80,3,5,4,0,1,0,36.0,51.0,voiture,deux_roues,1,1,2,2,5
202000017857,2020-10-09 10:05:00,2020,10,9,10,5,57,57209,D910,49.033732,6.596228,Plein jour,Hors agglomération,Giratoire,Pluie légère,Deux véhicules - côté,3,2,2,0,1,1,2,5,1,80,2,2,1,0,1,0,77.0,53.0,voiture,deux_roues,1,1,6,2,3
202000017858,2020-10-08 11:54:00,2020,10,8,11,54,74,74056,44 Rue Charlet Straton,45.981617,6.92549,Plein jour,En agglomération,Hors intersection,Normale,Sans collision,3,2,2,0,2,1,1,0,1,50,1,1,0,0,1,0,60.0,,deux_roues,,1,2,1,1,7
202000017859,2020-08-16 02:15:00,2020,8,16,2,15,73,73006,D218 Route de Villaroland,45.5571818,6.6355007,Nuit sans éclairage public,Hors agglomération,Hors intersection,Normale,Autre collision,3,2,2,0,2,4,1,0,3,80,1,2,0,0,1,1,21.0,,voiture,,3,1,1,1,6
202000017860,2020-10-09 18:00:00,2020,10,9,18,0,38,38496,Route de Bougé,45.3388,4.91147,Plein jour,Hors agglomération,Hors intersection,Normale,Sans collision,3,2,2,0,1,3,1,0,3,80,1,3,2,1,0,0,36.0,,voiture,,1,1,1,1,7
202000017861,2020-10-08 21:25:00,2020,10,8,21,25,38,38344,Route de Sablons,45.36036,4.79469,Nuit avec éclairage allumé,En agglomération,Intersection en T,Normale,Deux véhicules - côté,3,2,2,0,1,1,1,0,1,50,2,6,0,0,0,6,22.0,47.0,voiture,voiture,5,2,3,1,3
202000017862,2020-10-08 19:06:00,2020,10,8,19,6,69,69052,2 Route de Lozanne,45.8759968,4.7108067,Nuit avec éclairage allumé,En agglomération,Hors intersection,Normale,Deux véhicules - arrière,3,2,2,0,1,2,1,5,1,50,2,3,1,0,2,0,51.0,32.0,voiture,deux_roues,5,2,1,1,2
202000017863,2020-10-07 11:30:00,2020,10,7,11,30,33,33243,39 Av Anciens Combattants En Afn,44.914975,-0.232521,Plein jour,En agglomération,Intersection en X,Normale,Autre collision,4,2,2,0,1,1,1,0,1,50,1,3,1,0,0,2,43.0,,utilitaire_camion,,1,2,2,1,6
202000017864,2020-10-01 15:00:00,2020,10,1,15,0,29,29058,5 Chemin de Ker An Braz,47.8907724,-4.0138806,Plein jour,En agglomération,Giratoire,Pluie forte,Sans collision,3,2,2,0,1,2,8,5,1,50,1,1,0,0,0,1,16.0,,deux_roues,,1,2,6,3,7
202000017865,2020-10-01 10:25:00,2020,10,1,10,25,27,27165,D830 - PK19+100,48.952039,0.912321,Plein jour,Hors agglomération,Hors intersection,Temps couvert,Deux véhicules - frontale,3,-1,1,0,2,4,1,0,1,80,2,3,2,0,0,1,34.0,40.0,voiture,utilitaire_camion,1,1,1,8,1
202000017866,2020-10-09 17:25:00,2020,10,9,17,25,59,59012,Rue du Roi Albert 1er,49.9939561,4.1246194,Plein jour,En agglomération,Intersection en T,Normale,Deux véhicules - frontale,3,2,2,0,1,3,1,0,1,50,2,2,1,0,1,0,37.0,13.0,utilitaire_camion,deux_roues,1,2,3,1,1
202000017867,2020-10-08 22:00:00,2020,10,8,22,0,59,59011,55 Rue Leon Boistelle,50.529413,2.924807,Nuit avec éclairage allumé,En agglomération,Intersection en T,Temps couvert,Sans collision,4,2,2,0,1,1,2,0,4,50,1,2,1,0,1,0,39.0,,voiture,,5,2,3,8,7
202000017868,2020-09-06 21:00:00,2020,9,6,21,0,13,13015,A51-Sens Marseille vers Aix en Provence,43.4385,5.3962,Nuit sans éclairage public,Hors agglomération,Hors intersection,Normale,Autre collision,1,1,3,0,1,1,1,0,1,90,1,2,0,0,0,2,21.0,,voiture,,3,1,1,1,6
202000017869,2020-10-08 16:40:00,2020,10,8,16,40,13,13071,A7-Sens Lyon vers Marseille,43.41552,5.277901,Plein jour,Hors agglomération,Hors intersection,Normale,Deux véhicules - arrière,1,1,3,0,1,1,1,0,2,110,2,3,2,0,0,1,21.0,20.0,voiture,voiture,1,1,1,1,2
202000017870,2020-10-08 17:30:00,2020,10,8,17,30,13,13215,A7-Sens Lyon vers Marseille,43.3904762,5.3509762,Plein jour,Hors agglomération,Hors intersection,Normale,Sans collision,1,1,4,0,2,1,1,0,1,90,1,1,0,0,0,1,56.0,,deux_roues,,1,1,1,1,7
202000017871,2020-10-08 08:55:00,2020,10,8,8,55,13,13215,A7-Sens Marseille vers Lyon,43.3317,5.3777,Plein jour,Hors agglomération,Hors intersection,Normale,Deux véhicules - arrière,1,1,2,0,4,1,1,0,1,70,2,2,1,0,0,1,26.0,41.0,voiture,transport_commun,1,1,1,1,2
202000017872,2020-10-03 20:30:00,2020,10,3,20,30,13,13203,A7-Sens Marseille vers Lyon,43.36181,5.36121,Nuit sans éclairage public,Hors agglomération,Hors intersection,Temps couvert,Deux véhicules - arrière,1,1,3,0,1,1,2,0,1,50,2,2,1,0,0,1,22.0,19.0,voiture,voiture,3,1,1,8,2
202000017873,2020-10-08 16:25:00,2020,10,8,16,25,33,33550,AUTOROUTE A 62,44.76056,-0.54687,Plein jour,Hors agglomération,Hors intersection,Normale,Trois véhicules et plus - en chaîne,1,3,4,0,1,1,1,0,1,130,5,8,7,0,0,1,47.0,19.0,utilitaire_camion,voiture,1,1,1,1,4
202000017874,2020-10-06 09:25:00,2020,10,6,9,25,33,33063,ROCADE A 630,44.88399,-0.55861,Plein jour,Hors agglomération,Hors intersection,Pluie forte,Sans collision,1,1,2,0,1,3,2,3,1,50,1,1,0,0,0,1,27.0,,deux_roues,,1,1,1,3,7
202000017875,2020-10-08 07:45:00,2020,10,8,7,45,92,92036,RN315 W,48.934721,2.3019484,Plein jour,Hors agglomération,Hors intersection,Normale,,2,3,2,0,1,1,1,0,1,70,2,2,1,0,0,1,50.0,24.0,deux_roues,utilitaire_camion,1,1,1,1,-1
202000017876,2020-10-08 07:15:00,2020,10,8,7,15,78,78208,RN12 EXT,48.800351,1.973056,Nuit sans éclairage public,Hors agglomération,Hors intersection,Normale,Deux véhicules - arrière,2,3,6,0,1,1,2,0,1,110,2,2,1,0,0,1,46.0,48.0,deux_roues,voiture,3,1,1,1,2
202000017877,2020-10-07 17:20:00,2020,10,7,17,20,78,78490,RN12 EXT,48.799711,1.963783,Plein jour,Hors agglomération,Hors intersection,Pluie légère,Trois véhicules et plus - en chaîne,2,3,4,0,1,1,2,0,1,90,3,3,2,0,0,1,23.0,39.0,voiture,voiture,1,1,1,2,4
202000017878,2020-10-07 16:15:00,2020,10,7,16,15,92,92036,A86,48.9344018,2.2803241,Plein jour,Hors agglomération,Hors intersection,Normale,Deux véhicules - arrière,1,3,4,0,1,1,1,0,1,90,2,2,1,0,1,0,37.0,37.0,deux_roues,deux_roues,1,1,1,1,2
202000017879,2020-10-07 14:45:00,2020,10,7,14,45,78,78043,A12 Y,48.842223,2.099788,Plein jour,Hors agglomération,Hors intersection,Pluie légère,Trois véhicules et plus - en chaîne,1,3,4,0,1,1,2,0,1,110,3,3,2,0,0,1,40.0,67.0,utilitaire_camion,utilitaire_camion,1,1,1,2,4
202000017880,2020-10-07 11:20:00,2020,10,7,11,20,95,95572,A15,49.0321919,2.1118276,Plein jour,Hors agglomération,Hors intersection,Normale,Sans collision,1,3,8,0,1,1,1,0,2,90,1,1,0,0,0,1,37.0,,deux_roues,,1,1,1,1,7
202000017881,2020-10-07 19:43:00,2020,10,7,19,43,93,93005,AUTOROUTE A3,48.95044,2.47763,Nuit sans éclairage public,Hors agglomération,Hors intersection,Normale,Deux véhicules - arrière,1,3,1,0,1,3,1,3,1,70,2,2,1,0,1,0,32.0,39.0,utilitaire_camion,deux_roues,3,1,1,1,2
202000017882,2020-10-08 18:15:00,2020,10,8,18,15,77,77169,A4.W,48.830536,2.607949,Plein jour,Hors agglomération,Hors intersection,Normale,Deux véhicules - côté,1,1,4,0,1,1,1,0,1,110,2,2,1,0,0,1,22.0,61.0,voiture,deux_roues,1,1,1,1,3
202000017883,2020-10-08 09:00:00,2020,10,8,9,0,77,77121,A104,48.8371,2.6648,Plein jour,Hors agglomération,Hors intersection,Pluie légère,,1,3,3,0,1,1,2,0,1,90,3,3,2,0,0,1,48.0,47.0,voiture,voiture,1,1,1,2,-1
202000017884,2020-10-07 18:50:00,2020,10,7,18,50,77,77058,A4,48.82825,2.72631,Plein jour,Hors agglomération,Hors intersection,Normale,Sans collision,1,3,6,0,1,1,1,0,1,130,1,1,0,0,0,1,31.0,,voiture,,1,1,1,1,7
202000017885,2020-10-07 08:00:00,2020,10,7,8,0,94,94069,A4,48.81656,2.45158,Plein jour,Hors agglomération,Hors intersection,Pluie légère,,1,3,4,0,2,1,2,0,1,90,2,2,1,0,0,1,46.0,43.0,voiture,deux_roues,1,1,1,2,-1
202000017886,2020-10-07 20:15:00,2020,10,7,20,15,974,97416,RECHERCHANT(RUE ADRIEN),-21.2874,55.4825,Nuit avec éclairage allumé,Hors agglomération,Hors intersection,Normale,Sans collision,3,2,2,0,1,1,1,0,1,50,1,1,0,0,1,0,32.0,,deux_roues,,5,1,1,1,7
202000017887,2020-10-07 09:05:00,2020,10,7,9,5,973,97302,BOULEVARD DES CITES,4.923016,-52.3168302,Plein jour,En agglomération,Hors intersection,Normale,Deux véhicules - côté,4,2,2,0,1,1,1,0,1,50,2,3,1,0,0,2,45.0,25.0,deux_roues,voiture,1,2,1,1,3
202000017888,2020-10-06 06:55:00,2020,10,6,6,55,973,97302,CABASSOU (ROUTE DE),4.9119098,-52.3080647,Plein jour,En agglomération,Hors intersection,Normale,Deux véhicules - côté,3,2,1,1,1,1,1,0,1,50,2,2,1,0,1,0,56.0,39.0,deux_roues,voiture,1,2,1,1,3
202000017889,2020-10-07 18:05:00,2020,10,7,18,5,69,69383,JEAN REVERZY                        (SQ),45.75163,4.87172,Plein jour,Hors agglomération,Hors intersection,Normale,Autre collision,4,1,1,0,1,1,1,0,1,50,1,2,1,0,0,1,37.0,,voiture,,1,1,1,1,6
202000017890,2020-10-07 17:15:00,2020,10,7,17,15,69,69286,MERCIERES (DES)                     (R ),45.81569,4.87789,Plein jour,En agglomération,Intersection en T,Normale,Deux véhicules - côté,4,2,2,0,1,1,1,0,1,50,2,2,1,0,0,1,39.0,66.0,voiture,voiture,1,2,3,1,3
202000017891,2020-10-06 20:00:00,2020,10,6,20,0,69,69142,GENERAL DE GAULLE                   (AV),45.7271,4.81287,Nuit avec éclairage allumé,En agglomération,Hors intersection,Normale,Deux véhicules - frontale,4,2,3,0,2,4,1,0,1,50,2,2,0,0,0,2,46.0,33.0,voiture,voiture,5,2,1,1,1
202000017892,2020-10-07 05:40:00,2020,10,7,5,40,971,97101,Frédéric JALTON,16.27393,-61.50467,Plein jour,En agglomération,Hors intersection,Normale,Autre collision,4,2,2,0,1,1,1,0,1,50,1,2,1,0,1,0,56.0,,voiture,,1,2,1,1,6
202000017893,2020-09-30 15:55:00,2020,9,30,15,55,95,95197,GARE (RUE DE LA),48.97537,2.33232,Plein jour,En agglomération,Hors intersection,Normale,Autre collision,3,-1,2,0,1,1,1,6,1,50,1,2,1,0,0,1,57.0,,voiture,,1,2,1,1,6
202000017894,2020-10-06 20:20:00,2020,10,6,20,20,91,91161,GRAVIGNY (RUE DE),48.696554,2.306593,Nuit avec éclairage non allumé,En agglomération,Giratoire,Normale,Deux véhicules - côté,4,2,0,0,1,3,1,0,8,50,2,2,1,0,0,1,22.0,42.0,deux_roues,voiture,4,2,6,1,3
202000017895,2020-10-07 14:15:00,2020,10,7,14,15,91,91286,CARRIERS ITALIENS (RUE DES),48.65564,2.38026,Plein jour,En agglomération,Hors intersection,Normale,Deux véhicules - arrière,4,2,2,0,1,1,9,8,1,50,2,3,2,0,0,1,26.0,24.0,voiture,voiture,1,2,1,1,2
202000017896,2020-12-21 18:44:00,2020,12,21,18,44,33,33039,A631,44.81228,-0.53379,Nuit sans éclairage public,Hors agglomération,Hors intersection,Temps couvert,Trois véhicules et plus - en chaîne,4,3,6,0,1,1,2,0,1,90,3,3,0,0,0,3,52.0,21.0,voiture,voiture,3,1,1,8,4