accident_id,datetime,annee,mois,jour,heure,minute,departement,commune_insee,adresse,latitude,longitude,luminosite,agglomeration,intersection,meteo,collision,catr,circ,nbv,vosp,prof,plan,surf,infra,situ,vma,nb_vehicules,nb_usagers,nb_indemnes,nb_tues,nb_blesses_hosp,nb_blesses_legers,age_cond_1,age_cond_2,veh_type_cond_1,veh_type_cond_2,lum_code,agg_code,int_code,atm_code,col_code
202000018718,2020-07-12 18:55:00,2020,7,12,18,55,45,45338,Rue de la Pontonnerie,48.0024167,2.7168564,Plein jour,En agglomération,Giratoire,Normale,Deux véhicules - côté,4,1,2,0,1,2,1,0,1,50,2,3,1,0,1,1,22.0,25.0,voiture,deux_roues,1,2,6,1,3
202000018719,2020-07-12 16:20:00,2020,7,12,16,20,45,45004,Rue de la Léthumière,47.99157,2.82378,Plein jour,Hors agglomération,Hors intersection,Normale,Sans collision,4,2,1,0,1,1,1,0,3,50,1,1,0,0,0,1,28.0,,voiture,,1,1,1,1,7
202000018720,2020-07-12 17:55:00,2020,7,12,17,55,44,44184,VERDUN (BOULEVARD DE),47.27119,-2.20349,Plein jour,En agglomération,Intersection en T,Normale,Autre collision,4,2,1,0,1,1,1,6,8,30,1,4,1,0,0,3,27.0,,voiture,,1,2,3,1,6
202000018721,2020-07-12 08:15:00,2020,7,12,8,15,42,42184,Rue de Saint Andre,46.0354162,4.0417799,Plein jour,En agglomération,Hors intersection,Normale,Autre collision,4,2,2,0,2,1,1,0,8,50,1,1,0,1,0,0,19.0,,deux_roues,,1,2,1,1,6
202000018722,2020-07-11 11:45:00,2020,7,11,11,45,42,42183,Rue Gambetta,45.40487,4.36937,Plein jour,En agglomération,Hors intersection,Normale,Autre collision,3,2,2,0,2,1,1,0,1,50,1,2,1,0,1,0,42.0,,voiture,,1,2,1,1,6
202000018723,2020-07-12 19:35:00,2020,7,12,19,35,37,37261,BERT (QUAI PAUL),47.4024779,0.6952312,Plein jour,En agglomération,Hors intersection,Normale,Deux véhicules - arrière,3,2,2,0,1,1,1,0,1,30,2,2,1,0,0,1,65.0,44.0,voiture,voiture,1,2,1,1,2
202000018724,2020-07-12 00:35:00,2020,7,12,0,35,25,25462,MORTEAU DE (DU 0 AU 30),46.90585,6.35757,Nuit avec éclairage allumé,En agglomération,Giratoire,Normale,Deux véhicules - côté,3,3,1,0,2,1,1,5,1,50,2,5,2,0,0,3,22.0,20.0,voiture,voiture,5,2,6,1,3
202000018725,2020-07-11 15:40:00,2020,7,11,15,40,25,25462,BESANCON (DU 72TER A LA FIN),46.91631,6.3447,Plein jour,En agglomération,Hors intersection,Normale,Deux véhicules - côté,4,2,2,0,1,1,1,0,1,50,2,2,1,0,0,1,24.0,51.0,voiture,deux_roues,1,2,1,1,3
202000018726,2020-07-12 12:50:00,2020,7,12,12,50,14,14137,CAUMONT (ROUTE DE ),49.18404,-0.45846,Plein jour,En agglomération,Hors intersection,Normale,,3,2,-1,0,1,1,1,0,1,50,2,2,0,0,0,2,83.0,19.0,voiture,voiture,1,2,1,1,-1
202000018727,2020-07-12 23:00:00,2020,7,12,23,0,13,13208,PRADO (AVENUE DU),43.2787,5.38754,Nuit avec éclairage allumé,En agglomération,Intersection en X,Normale,Deux véhicules - côté,4,1,3,0,1,1,1,0,1,50,2,4,2,0,0,2,23.0,20.0,voiture,voiture,5,2,2,1,3
202000018728,2020-07-12 18:15:00,2020,7,12,18,15,13,13212,LA FOURRAGERE (AVENUE),43.301582,5.431165,Plein jour,En agglomération,Hors intersection,Normale,,4,1,1,0,2,2,1,0,1,50,2,2,1,0,0,1,77.0,31.0,utilitaire_camion,deux_roues,1,2,1,1,-1
202000018729,2020-07-12 08:00:00,2020,7,12,8,0,13,13209,ANTOINE BOURDELLE (RUE),43.233471,5.433612,Plein jour,Hors agglomération,Hors intersection,Normale,Autre collision,4,2,2,0,2,2,1,0,1,50,1,1,0,0,0,1,23.0,,utilitaire_camion,,1,1,1,1,6
202000018730,2020-07-12 05:05:00,2020,7,12,5,5,13,13203,NATIONAL (BOULEVARD),43.308985,5.380566,Crépuscule ou aube,En agglomération,Hors intersection,Normale,Autre collision,4,2,2,0,1,1,1,0,4,50,1,1,0,0,1,0,,,,,2,2,1,1,6
202000018731,2020-07-11 08:40:00,2020,7,11,8,40,13,13208,PRADO (AVENUE DU),43.2644094,5.3786069,Plein jour,En agglomération,Hors intersection,Normale,Trois véhicules et plus - collisions multiples,4,2,6,3,1,1,1,0,1,50,3,4,1,0,0,3,32.0,32.0,voiture,voiture,1,2,1,1,5
202000018732,2020-07-12 12:55:00,2020,7,12,12,55,06,06088,PESSICART (JUSQU'AU 270-283),43.70948,7.25577,Plein jour,En agglomération,Hors intersection,Normale,Trois véhicules et plus - collisions multiples,7,1,2,0,2,1,1,0,1,50,5,4,1,0,0,3,31.0,75.0,voiture,deux_roues,1,2,1,1,5
202000018733,2020-07-11 19:30:00,2020,7,11,19,30,06,06069,DRAGUIGNAN (ROUTE DE) - D2562-,43.645259,6.894996,Plein jour,Hors agglomération,Hors intersection,Normale,Autre collision,3,2,2,0,2,3,1,0,1,50,1,1,0,0,0,1,85.0,,voiture,,1,1,1,1,6
202000018734,2020-07-12 01:00:00,2020,7,12,1,0,06,06004,R.N.98 BORD DE MER SIESTA,43.611183,7.12669,Nuit avec éclairage allumé,Hors agglomération,Hors intersection,Normale,Sans collision,3,2,2,0,1,1,1,0,1,50,1,2,0,0,2,0,26.0,,deux_roues,,5,1,1,1,7
202000018735,2020-07-10 17:15:00,2020,7,10,17,15,01,01289,LENT (ROUTE DE),46.16499,5.22064,Plein jour,Hors agglomération,Intersection en X,Normale,Deux véhicules - côté,3,2,2,0,1,1,1,5,1,70,2,4,1,0,0,3,57.0,52.0,voiture,voiture,1,1,2,1,3
202000018736,2020-07-11 20:00:00,2020,7,11,20,0,75,75117,BOULEVARD PERIPHERIQUE,48.879273,2.281529,Plein jour,En agglomération,Hors intersection,Normale,Deux véhicules - arrière,4,1,4,0,1,1,1,0,1,70,2,2,1,0,0,1,44.0,30.0,voiture,deux_roues,1,2,1,1,2
202000018737,2020-07-11 19:20:00,2020,7,11,19,20,75,75113,BOULEVARD PERIPHERIQUE,48.817916,2.352035,Plein jour,En agglomération,Hors intersection,Normale,Deux véhicules - côté,4,1,3,0,1,1,1,0,1,70,2,2,1,0,0,1,48.0,21.0,voiture,deux_roues,1,2,1,1,3
202000018738,2020-07-12 19:39:00,2020,7,12,19,39,75,75107,AVENUE DE VILLARS,48.851754,2.313875,Plein jour,En agglomération,Intersection en X,Normale,Deux véhicules - côté,4,2,4,0,1,1,1,0,1,50,2,3,1,0,1,1,44.0,35.0,voiture,deux_roues,1,2,2,1,3
202000018739,2020-07-11 00:02:00,2020,7,11,0,2,75,75103,BOULEVARD DES FILLES DU CALVAIRE,48.862472,2.366889,Nuit avec éclairage allumé,En agglomération,Intersection en X,Normale,,4,2,4,3,1,1,1,-1,6,50,2,1,0,0,1,0,18.0,,deux_roues,,5,2,2,1,-1
202000018740,2020-07-12 15:27:00,2020,7,12,15,27,75,75120,RUE DE MENILMONTANT,48.870226,2.397249,Plein jour,En agglomération,Intersection en T,Normale,Autre collision,4,2,2,0,1,1,1,0,1,30,1,1,0,0,0,1,,,,,1,2,3,1,6
202000018741,2020-07-12 14:00:00,2020,7,12,14,0,75,75119,CANAL DE L OURCQ,48.895452,2.39429,Plein jour,En agglomération,Hors intersection,Normale,Deux véhicules - frontale,4,2,2,0,1,1,1,0,1,10,2,2,1,0,0,1,21.0,31.0,deux_roues,deux_roues,1,2,1,1,1
202000018742,2020-07-12 12:45:00,2020,7,12,12,45,75,75119,RUE DU GENERAL BRUNET,48.882854,2.394275,Plein jour,En agglomération,Hors intersection,Normale,Autre collision,4,2,2,0,2,1,1,0,1,50,1,2,1,0,0,1,37.0,,deux_roues,,1,2,1,1,6
202000018743,2020-07-12 09:30:00,2020,7,12,9,30,75,75119,BOULEVARD MACDONALD,48.898852,2.379849,Plein jour,En agglomération,Intersection en X,Normale,Deux véhicules - frontale,4,1,4,1,1,1,1,-1,5,50,2,2,1,0,0,1,32.0,41.0,deux_roues,deux_roues,1,2,2,1,1
202000018744,2020-07-12 19:00:00,2020,7,12,19,0,75,75118,ECHANGEUR CLIGNANCOURT,48.901264,2.344135,Plein jour,En agglomération,Intersection en Y,Normale,Deux véhicules - arrière,4,1,2,0,4,1,1,0,1,50,2,3,2,0,0,1,23.0,44.0,voiture,utilitaire_camion,1,2,4,1,2
202000018745,2020-07-12 01:55:00,2020,7,12,1,55,75,75113,AVENUE DES GOBELINS,48.835244,2.352937,Nuit avec éclairage allumé,En agglomération,Hors intersection,Normale,Deux véhicules - côté,4,2,4,0,2,1,1,0,1,50,2,2,1,0,0,1,43.0,18.0,deux_roues,deux_roues,5,2,1,1,3
202000018746,2020-07-12 16:00:00,2020,7,12,16,0,75,75111,RUE DU CHEMIN VERT,48.861573,2.382588,Plein jour,En agglomération,Intersection en X,Normale,Deux véhicules - côté,4,1,1,0,2,1,1,0,1,30,2,2,1,0,0,1,21.0,42.0,deux_roues,voiture,1,2,2,1,3
202000018747,2020-07-12 00:10:00,2020,7,12,0,10,75,75111,RUE TROUSSEAU,48.850701,2.378553,Nuit avec éclairage allumé,En agglomération,Intersection en X,Normale,Trois véhicules et plus - collisions multiples,4,2,2,3,1,1,1,-1,6,30,3,2,1,0,0,1,34.0,39.0,deux_roues,voiture,5,2,2,1,5
202000018748,2020-07-12 07:00:00,2020,7,12,7,0,75,75110,QUAI DE JEMMAPES,48.875525,2.364238,Plein jour,En agglomération,Intersection en T,Normale,Autre collision,4,1,2,0,1,1,1,0,1,30,1,1,0,0,0,1,26.0,,deux_roues,,1,2,3,1,6
202000018749,2020-07-12 16:05:00,2020,7,12,16,5,75,75108,AVENUE DES CHAMPS ELYSEES,48.868126,2.312763,Plein jour,En agglomération,Hors intersection,Normale,Sans collision,4,1,8,1,1,1,1,-1,5,50,1,1,0,0,0,1,49.0,,deux_roues,,1,2,1,1,7
202000018750,2020-07-12 13:15:00,2020,7,12,13,15,75,75107,RUE DE SEVRES,48.846846,2.316698,Plein jour,En agglomération,Intersection en X,Normale,Deux véhicules - côté,4,2,4,1,1,3,1,-1,5,50,2,2,0,0,0,2,36.0,29.0,deux_roues,deux_roues,1,2,2,1,3
202000018751,2020-07-12 04:50:00,2020,7,12,4,50,75,75104,RUE BEAUBOURG,48.861208,2.353511,Nuit avec éclairage allumé,En agglomération,Intersection en T,Normale,Autre collision,4,1,3,0,1,1,1,0,1,50,1,2,1,0,0,1,44.0,,voiture,,5,2,3,1,6
202000018752,2020-07-11 22:45:00,2020,7,11,22,45,94,94046,REPUBLIQUE (AV DE LA),48.80826,2.44996,Nuit avec éclairage allumé,En agglomération,Intersection en X,Normale,Deux véhicules - côté,3,2,2,0,1,1,1,0,1,50,2,1,0,0,0,1,19.0,,deux_roues,,5,2,2,1,3
202000018753,2020-07-11 18:50:00,2020,7,11,18,50,94,94046,GENERAL LECLERC (AV DU),48.80547,2.44189,Plein jour,En agglomération,Hors intersection,Normale,Deux véhicules - arrière,3,2,4,0,1,1,1,0,1,50,2,2,1,0,0,1,43.0,23.0,voiture,deux_roues,1,2,1,1,2
202000018754,2020-07-12 17:00:00,2020,7,12,17,0,94,94043,CHASTENET DE GERY (BD),48.803308,2.358329,Plein jour,En agglomération,Intersection en Y,Normale,Deux véhicules - frontale,4,2,2,0,1,1,1,0,1,50,2,2,1,0,0,1,18.0,35.0,deux_roues,voiture,1,2,4,1,1
202000018755,2020-07-12 11:20:00,2020,7,12,11,20,94,94038,MARGUERITES (R DES),48.777432,2.351108,Plein jour,En agglomération,Intersection en X,Normale,Deux véhicules - côté,4,-1,1,0,1,1,1,0,1,50,2,2,1,0,0,1,51.0,86.0,deux_roues,voiture,1,2,2,1,3
202000018756,2020-07-12 18:08:00,2020,7,12,18,8,93,93027,CONVENTION (RUE DE LA),48.9280632,2.3905956,Plein jour,En agglomération,Intersection en X,Normale,Deux véhicules - arrière,3,3,1,0,1,1,1,0,1,50,2,1,0,0,0,1,22.0,,deux_roues,,1,2,2,1,2
202000018757,2020-07-12 20:30:00,2020,7,12,20,30,93,93057,BROSSOLETTE (AL. PIERRE),48.9023963,2.5019521,Plein jour,En agglomération,Hors intersection,Normale,Autre collision,4,1,1,0,1,1,1,0,1,30,1,2,1,0,0,1,44.0,,voiture,,1,2,1,1,6
202000018758,2020-07-12 21:28:00,2020,7,12,21,28,93,93008,MARX (AVENUE KARL),48.90524,2.44438,Nuit avec éclairage allumé,En agglomération,Hors intersection,Normale,Autre collision,4,1,1,0,1,1,1,0,1,50,1,2,1,0,0,1,37.0,,utilitaire_camion,,5,2,1,1,6
202000018759,2020-07-12 20:25:00,2020,7,12,20,25,93,93008,FRACHON (RUE BENOIT),48.9005781,2.4288158,Plein jour,En agglomération,Intersection en T,Normale,Deux véhicules - côté,4,2,0,0,1,1,1,0,1,50,2,4,2,0,0,2,31.0,31.0,voiture,voiture,1,2,3,1,3
202000018760,2020-07-12 21:05:00,2020,7,12,21,5,93,93007,EMILE PALADHILE (RUE),48.93877,2.47067,Plein jour,En agglomération,Hors intersection,Normale,Autre collision,4,1,1,0,1,1,1,0,1,50,1,2,1,0,0,1,52.0,,utilitaire_camion,,1,2,1,1,6
202000018761,2020-07-11 09:54:00,2020,7,11,9,54,93,93001,PRESIDENT ROOSEVELT (AVENUE DU),48.9171929,2.3796556,Plein jour,En agglomération,Hors intersection,Normale,Autre collision,3,1,1,0,1,1,1,9,1,50,1,2,1,0,0,1,62.0,,voiture,,1,2,1,1,6
202000018762,2020-07-12 04:20:00,2020,7,12,4,20,92,92051,"CHARLES DE GAULLE (AVENUE, N° 18 A 116)",48.8793265,2.2784829,Nuit avec éclairage allumé,En agglomération,Intersection en T,Normale,Sans collision,4,1,1,0,1,1,1,0,1,50,1,1,0,0,0,1,51.0,,deux_roues,,5,2,3,1,7
202000018763,2020-07-12 20:00:00,2020,7,12,20,0,92,92050,CLEMENCEAU GEORGES AVENUE N° PAIR,48.886611,2.206779,Plein jour,En agglomération,Intersection en X,Normale,Deux véhicules - côté,3,2,5,1,2,1,1,0,1,50,2,2,1,0,1,0,42.0,34.0,voiture,deux_roues,1,2,2,1,3
202000018764,2020-07-12 20:00:00,2020,7,12,20,0,92,92024,CLICHY (QUAI DE) DE (104 A 202),48.9131229,2.3140969,Plein jour,En agglomération,Hors intersection,Normale,Deux véhicules - côté,3,2,2,0,1,1,1,0,1,50,2,2,1,0,0,1,53.0,26.0,deux_roues,voiture,1,2,1,1,3
202000018765,2020-07-12 07:00:00,2020,7,12,7,0,92,92060,PAUL LANGEVIN (AVENUE) (RD 2),48.7794424,2.2517215,Plein jour,En agglomération,Giratoire,Normale,Deux véhicules - côté,3,1,1,0,1,1,1,8,1,30,2,2,1,0,0,1,32.0,69.0,voiture,voiture,1,2,6,1,3
202000018766,2020-07-12 18:20:00,2020,7,12,18,20,92,92012,GALLIENI (RUE) 55/157 - 50/140,48.83617,2.23662,Plein jour,En agglomération,Intersection en X,Normale,Deux véhicules - côté,4,2,4,0,1,1,1,0,1,30,2,2,1,0,1,0,24.0,48.0,deux_roues,voiture,1,2,2,1,3
202000018767,2020-07-12 12:30:00,2020,7,12,12,30,35,35236,30 Rue des Noës,47.648358,-2.098061,Plein jour,En agglomération,Giratoire,Temps éblouissant,Deux véhicules - côté,3,2,2,0,1,1,1,0,1,50,2,2,1,0,1,0,59.0,77.0,deux_roues,voiture,1,2,6,7,3
202000018768,2020-07-11 12:10:00,2020,7,11,12,10,35,35236,Rue de la Touche,47.662728,-2.063456,Plein jour,En agglomération,Intersection en X,Normale,Deux véhicules - frontale,4,2,2,0,2,1,1,0,1,50,2,2,1,0,0,1,46.0,60.0,voiture,deux_roues,1,2,2,1,1
202000018769,2020-07-12 20:15:00,2020,7,12,20,15,33,33001,D17,45.005305,-0.128306,Plein jour,Hors agglomération,Intersection en X,Normale,Deux véhicules - côté,3,2,2,0,1,3,1,0,1,80,2,2,1,0,0,1,25.0,20.0,deux_roues,voiture,1,1,2,1,3
202000018770,2020-06-15 16:42:00,2020,6,15,16,42,67,67469,D883,48.667704,7.394829,Plein jour,Hors agglomération,Intersection en T,Normale,Deux véhicules - côté,3,2,2,0,2,1,1,0,1,80,2,2,1,0,1,0,37.0,21.0,voiture,deux_roues,1,1,3,1,3
202000018771,2020-07-12 06:30:00,2020,7,12,6,30,974,97414,route forestière n°11 des Makes,-21.199019,55.428544,Crépuscule ou aube,Hors agglomération,Hors intersection,Normale,Sans collision,9,-1,2,0,1,2,1,0,8,50,1,2,1,0,1,0,22.0,,voiture,,2,1,1,1,7
202000018772,2020-07-12 13:45:00,2020,7,12,13,45,22,22145,Forte Terre,48.387804,-2.234768,Plein jour,Hors agglomération,Hors intersection,Normale,Deux véhicules - frontale,3,2,2,0,1,2,1,0,1,80,2,3,1,0,1,1,19.0,56.0,voiture,voiture,1,1,1,1,1
202000018773,2020-07-13 13:45:00,2020,7,13,13,45,62,62130,7 Rue de Cocriamont,50.172883,2.622337,Plein jour,En agglomération,Hors intersection,Normale,Autre collision,4,2,2,0,1,1,1,0,4,50,1,1,0,0,1,0,30.0,,deux_roues,,1,2,1,1,6
202000018774,2020-07-13 18:05:00,2020,7,13,18,5,74,74263,760 Avenue de Genève,46.327102,6.358708,Plein jour,Hors agglomération,Hors intersection,Normale,Autre collision,3,3,2,0,1,1,1,9,1,80,1,2,0,0,1,1,44.0,,deux_roues,,1,1,1,1,6
202000018775,2020-07-12 11:20:00,2020,7,12,11,20,83,83031,"RD558, PR 2+300",43.379632,6.361921,Plein jour,Hors agglomération,Hors intersection,Normale,Deux véhicules - côté,3,2,2,0,1,1,1,0,1,80,2,2,1,0,1,0,19.0,59.0,voiture,deux_roues,1,1,1,1,3
202000018776,2020-07-11 00:59:00,2020,7,11,0,59,57,57580,D79b,48.906036,6.629487,Nuit sans éclairage public,Hors agglomération,Hors intersection,Normale,Autre collision,3,2,2,0,1,2,1,0,1,80,1,1,0,0,1,0,40.0,,voiture,,3,1,1,1,6
202000018777,2020-07-12 18:15:00,2020,7,12,18,15,56,56182,Rue de Beg Er Lann,48.063436,-3.405612,Plein jour,En agglomération,Intersection en Y,Normale,Deux véhicules - frontale,3,2,2,0,1,4,1,0,1,50,2,2,1,0,1,0,55.0,57.0,voiture,deux_roues,1,2,4,1,1
202000018778,2020-07-11 19:25:00,2020,7,11,19,25,56,56164,Ploeren,47.661283,-2.87168,Plein jour,Hors agglomération,Hors intersection,Normale,Trois véhicules et plus - en chaîne,2,3,4,0,1,1,1,0,1,110,3,4,1,0,1,2,50.0,40.0,deux_roues,voiture,1,1,1,1,4
202000018779,2020-07-12 05:54:00,2020,7,12,5,54,77,77391,D204,48.607504,3.294815,Plein jour,Hors agglomération,Hors intersection,Normale,Deux véhicules - arrière,3,2,2,0,2,1,1,0,1,90,2,3,1,0,0,2,20.0,22.0,voiture,voiture,1,1,1,1,2
202000018780,2020-07-13 14:40:00,2020,7,13,14,40,2A,2A130,59 Residence a Signoria,41.8875069,8.8141748,Plein jour,En agglomération,Hors intersection,Normale,Deux véhicules - frontale,4,2,2,0,2,2,1,0,1,50,2,2,1,0,0,1,51.0,15.0,voiture,deux_roues,1,2,1,1,1
202000018781,2020-07-12 22:50:00,2020,7,12,22,50,80,80383,D34,49.721733,2.762471,Nuit sans éclairage public,Hors agglomération,Hors intersection,Normale,Sans collision,3,2,2,0,2,2,1,0,1,80,1,1,0,0,0,1,21.0,,voiture,,3,1,1,1,7
202000018782,2020-06-13 20:00:00,2020,6,13,20,0,82,82054,Sirat Sud,44.085998,0.905948,Plein jour,Hors agglomération,Intersection en Y,Normale,Autre collision,3,2,2,0,1,2,1,5,3,80,1,1,0,0,1,0,54.0,,voiture,,1,1,4,1,6
202000018783,2020-07-11 15:25:00,2020,7,11,15,25,32,32128,Estipouy,43.55127,0.385208,Plein jour,Hors agglomération,Hors intersection,Normale,Deux véhicules - côté,4,2,2,0,1,3,1,0,1,80,2,5,4,0,1,0,17.0,21.0,voiture,deux_roues,1,1,1,1,3
202000018784,2020-07-01 14:40:00,2020,7,1,14,40,61,61375,D958,48.687334,0.006738,Plein jour,Hors agglomération,Giratoire,Normale,Autre collision,3,2,2,0,1,1,1,5,8,90,1,1,0,0,0,1,34.0,,deux_roues,,1,1,6,1,6
202000018785,2020-07-12 19:00:00,2020,7,12,19,0,49,49370,Rue Principale,47.2676091,-0.1908262,Plein jour,Hors agglomération,Hors intersection,Normale,Autre collision,3,2,2,0,1,3,1,0,3,80,1,1,0,0,1,0,54.0,,deux_roues,,1,1,1,1,6
202000018786,2020-07-07 17:25:00,2020,7,7,17,25,49,49029,Le Bois Brincon (Blaison-Gohier),47.384963,-0.395411,Plein jour,Hors agglomération,Intersection en X,Normale,Deux véhicules - côté,3,2,2,0,1,1,1,0,1,80,2,2,1,0,1,0,35.0,55.0,voiture,deux_roues,1,1,2,1,3
202000018787,2020-07-13 11:10:00,2020,7,13,11,10,42,42247,Chemin de Chavassoux,45.7414929,3.8502834,Plein jour,Hors agglomération,Hors intersection,Temps éblouissant,Autre collision,4,-1,2,0,2,1,1,0,8,50,1,1,0,0,1,0,34.0,,deux_roues,,1,1,1,7,6
202000018788,2020-07-12 23:35:00,2020,7,12,23,35,68,68291,5 Rue du Rhin,47.852485,7.52574,Nuit avec éclairage allumé,En agglomération,Hors intersection,Normale,Autre collision,3,2,2,0,1,1,1,0,1,50,1,4,3,0,0,1,19.0,,voiture,,5,2,1,1,6
202000018789,2020-07-13 07:50:00,2020,7,13,7,50,39,39434,,46.834046,5.70074,Plein jour,En agglomération,Hors intersection,Normale,,2,2,2,0,1,1,1,0,1,50,2,3,1,0,0,2,76.0,47.0,voiture,utilitaire_camion,1,2,1,1,-1
202000018790,2020-07-11 22:20:00,2020,7,11,22,20,29,29274,D782 - Rue du Général de Gaulle,48.020056,-3.720101,Crépuscule ou aube,En agglomération,Intersection en X,Normale,Deux véhicules - côté,3,2,2,0,1,1,1,5,1,50,2,2,1,0,0,1,40.0,40.0,voiture,voiture,2,2,2,1,3
202000018791,2020-07-12 19:25:00,2020,7,12,19,25,29,29225,D40 - Route de Penhors,47.938395,-4.399837,Plein jour,Hors agglomération,Hors intersection,Normale,Autre collision,3,2,2,0,1,1,1,-1,1,30,1,2,1,0,1,0,61.0,,deux_roues,,1,1,1,1,6
202000018792,2020-07-09 09:30:00,2020,7,9,9,30,38,38075,Route de la Chartreuse,45.46771,5.97973,Plein jour,Hors agglomération,Hors intersection,Normale,Sans collision,3,2,2,0,2,1,1,0,3,90,1,1,0,0,1,0,41.0,,deux_roues,,1,1,1,1,7
202000018793,2020-07-05 10:45:00,2020,7,5,10,45,45,45281,D37,48.02495,2.994032,Plein jour,Hors agglomération,Hors intersection,Normale,Autre collision,3,2,2,0,2,1,1,0,1,80,1,1,0,0,1,0,83.0,,voiture,,1,1,1,1,6
202000018794,2020-07-13 11:37:00,2020,7,13,11,37,64,64504,Route du Col de Saint Ignace,43.324617,-1.600832,Plein jour,Hors agglomération,Hors intersection,Normale,Autre collision,3,2,2,0,1,1,1,0,1,50,1,2,1,0,1,0,60.0,,deux_roues,,1,1,1,1,6
202000018795,2020-07-13 12:08:00,2020,7,13,12,8,64,64519,Route d’Uzein,43.358878,-0.381786,Plein jour,En agglomération,Hors intersection,Temps éblouissant,Autre collision,3,2,2,0,1,1,1,9,1,70,1,2,1,0,1,0,51.0,,voiture,,1,2,1,7,6
202000018796,2020-07-12 08:30:00,2020,7,12,8,30,18,18231,D951,46.731279,2.624413,Plein jour,Hors agglomération,Hors intersection,Temps éblouissant,Trois véhicules et plus - collisions multiples,3,2,2,0,1,1,1,0,1,80,3,3,1,1,0,1,25.0,81.0,voiture,deux_roues,1,1,1,7,5
202000018797,2020-07-13 14:40:00,2020,7,13,14,40,43,43244,Route d'Annonay,45.120931,4.338495,Plein jour,Hors agglomération,Intersection en X,Normale,Deux véhicules - frontale,3,2,2,0,1,1,1,0,1,80,2,2,1,0,1,0,28.0,57.0,deux_roues,utilitaire_camion,1,1,2,1,1
202000018798,2020-07-12 17:30:00,2020,7,12,17,30,53,53136,Le Richard,47.865011,-0.730591,Plein jour,Hors agglomération,Hors intersection,Normale,Deux véhicules - côté,4,2,2,0,1,1,1,0,1,80,2,2,1,1,0,0,60.0,46.0,deux_roues,utilitaire_camion,1,1,1,1,3
202000018799,2020-07-11 19:20:00,2020,7,11,19,20,53,53007,D32 - rue du Maine,48.086379,-0.648773,Plein jour,En agglomération,Hors intersection,Normale,Deux véhicules - frontale,3,2,2,0,2,3,1,0,1,50,2,2,1,0,1,0,23.0,30.0,deux_roues,voiture,1,2,1,1,1
202000018800,2020-07-13 13:05:00,2020,7,13,13,5,24,24320,D75,45.397727,1.226563,Plein jour,Hors agglomération,Hors intersection,Normale,Deux véhicules - côté,3,2,2,0,2,4,1,0,1,80,2,2,1,0,1,0,21.0,55.0,deux_roues,voiture,1,1,1,1,3
202000018801,2020-07-13 05:29:00,2020,7,13,5,29,24,24390,77 Le Bourg,45.123952,0.890064,Crépuscule ou aube,En agglomération,Intersection en X,Normale,Deux véhicules - côté,3,2,2,0,1,1,1,0,1,50,2,2,1,0,0,1,68.0,20.0,voiture,voiture,2,2,2,1,3
202000018802,2020-07-13 15:15:00,2020,7,13,15,15,04,04159,RD 950,44.0580142,5.6210729,Plein jour,Hors agglomération,Hors intersection,Normale,Deux véhicules - frontale,3,-1,2,0,2,2,1,0,1,80,2,2,1,0,1,0,40.0,43.0,deux_roues,voiture,1,1,1,1,1
202000018803,2020-07-13 15:00:00,2020,7,13,15,0,04,04208,RD 201,43.949466,5.596118,Plein jour,Hors agglomération,Hors intersection,Normale,Sans collision,3,2,2,0,2,1,1,0,8,80,1,1,0,0,1,0,21.0,,deux_roues,,1,1,1,1,7
202000018804,2020-07-12 22:45:00,2020,7,12,22,45,04,04144,RD 952,43.775099,6.332674,Nuit sans éclairage public,Hors agglomération,Hors intersection,Normale,Trois véhicules et plus - collisions multiples,3,2,2,0,2,3,1,0,1,80,3,6,3,0,2,1,36.0,27.0,voiture,voiture,3,1,1,1,5
202000018805,2020-07-11 12:25:00,2020,7,11,12,25,04,04097,RD 900,44.178341,6.355923,Plein jour,Hors agglomération,Hors intersection,Normale,Deux véhicules - côté,3,2,2,0,1,3,1,0,1,80,2,2,1,0,1,0,49.0,27.0,deux_roues,deux_roues,1,1,1,1,3
202000018806,2020-07-13 17:30:00,2020,7,13,17,30,48,48168,Saint-Léger-de-Peyre,44.604493,3.28458,Plein jour,Hors agglomération,Hors intersection,Normale,Sans collision,4,2,2,0,2,2,1,0,1,-1,1,1,0,0,1,0,59.0,,deux_roues,,1,1,1,1,7
202000018807,2020-07-12 15:00:00,2020,7,12,15,0,52,52310,4 Rue de l'Abbe Adrien,48.277299,5.02418,Plein jour,En agglomération,Hors intersection,Normale,Deux véhicules - frontale,3,2,2,0,1,1,1,0,1,50,2,6,4,0,2,0,68.0,50.0,voiture,voiture,1,2,1,1,1
202000018808,2020-07-13 11:45:00,2020,7,13,11,45,08,08408,RD 88,49.852788,4.667065,Plein jour,Hors agglomération,Hors intersection,Normale,,3,2,2,0,3,2,1,0,3,80,2,1,0,0,0,1,39.0,,deux_roues,,1,1,1,1,-1
202000018809,2020-07-13 15:20:00,2020,7,13,15,20,88,88465,N57,48.249191,6.400882,Plein jour,Hors agglomération,Hors intersection,Normale,Deux véhicules - arrière,2,3,4,0,1,1,1,0,1,110,2,2,1,0,1,0,20.0,51.0,deux_roues,utilitaire_camion,1,1,1,1,2
202000018810,2020-07-11 10:45:00,2020,7,11,10,45,67,67388,49 Route de Strasbourg,48.921724,7.660024,Plein jour,En agglomération,Hors intersection,Normale,Deux véhicules - arrière,3,2,2,0,1,1,1,0,1,50,2,2,1,0,0,1,17.0,71.0,deux_roues,voiture,1,2,1,1,2