accident_id,datetime,annee,mois,jour,heure,minute,departement,commune_insee,adresse,latitude,longitude,luminosite,agglomeration,intersection,meteo,collision,catr,circ,nbv,vosp,prof,plan,surf,infra,situ,vma,nb_vehicules,nb_usagers,nb_indemnes,nb_tues,nb_blesses_hosp,nb_blesses_legers,age_cond_1,age_cond_2,veh_type_cond_1,veh_type_cond_2,lum_code,agg_code,int_code,atm_code,col_code
202000018811,2020-07-13 13:30:00,2020,7,13,13,30,68,68082,A 35 PK 92+600,47.848303,7.394485,Plein jour,Hors agglomération,Hors intersection,Normale,Deux véhicules - côté,1,3,2,0,1,1,1,0,1,130,2,3,1,0,0,2,51.0,42.0,voiture,voiture,1,1,1,1,3
202000018812,2020-07-13 15:40:00,2020,7,13,15,40,34,34337,Route Départemental 185,43.541559,3.849349,Plein jour,Hors agglomération,Hors intersection,Normale,Deux véhicules - côté,3,2,2,0,1,1,1,0,1,80,2,2,1,0,1,0,41.0,31.0,voiture,deux_roues,1,1,1,1,3
202000018813,2020-07-12 15:35:00,2020,7,12,15,35,42,42295,Autoroute A89,45.8554503,3.8119819,Plein jour,Hors agglomération,Hors intersection,Normale,Autre collision,1,3,4,0,1,1,1,0,2,110,1,2,1,0,0,1,70.0,,voiture,,1,1,1,1,6
202000018814,2020-07-08 14:15:00,2020,7,8,14,15,35,35275,N12,48.162423,-1.858224,Plein jour,Hors agglomération,Hors intersection,Normale,Deux véhicules - côté,2,3,4,0,3,1,1,0,1,110,2,2,1,0,1,0,73.0,29.0,voiture,utilitaire_camion,1,1,1,1,3
202000018815,2020-07-11 13:45:00,2020,7,11,13,45,14,14555,Autoroute A13,49.3050063,0.2943556,Plein jour,Hors agglomération,Hors intersection,Normale,Trois véhicules et plus - collisions multiples,1,2,6,0,4,3,1,0,1,130,6,6,5,0,1,0,80.0,40.0,voiture,voiture,1,1,1,1,5
202000018816,2020-07-12 18:50:00,2020,7,12,18,50,38,38064,A43,45.562689,5.371993,Plein jour,Hors agglomération,Hors intersection,Normale,Deux véhicules - arrière,1,3,2,0,1,1,1,0,1,130,2,7,2,0,1,4,54.0,29.0,voiture,voiture,1,1,1,1,2
202000018817,2020-07-12 22:00:00,2020,7,12,22,0,971,97129,Rocade des Nations Unies,16.329008,-61.7041969,Nuit avec éclairage allumé,En agglomération,Hors intersection,Normale,Deux véhicules - frontale,2,2,2,0,1,1,1,0,1,50,2,3,1,2,0,0,53.0,35.0,deux_roues,voiture,5,2,1,1,1
202000018818,2020-07-12 12:00:00,2020,7,12,12,0,45,45077,Route de chateau renard,47.868494,2.8599833,Plein jour,Hors agglomération,Hors intersection,Normale,Autre collision,3,2,2,0,1,3,1,0,3,80,1,2,0,0,1,1,51.0,,deux_roues,,1,1,1,1,6
202000018819,2020-07-13 10:15:00,2020,7,13,10,15,48,48021,Place de l'Eglise,44.591781,3.905666,Plein jour,En agglomération,Hors intersection,Normale,Autre collision,6,-1,-1,0,2,1,1,0,1,-1,1,1,0,0,1,0,,,,,1,2,1,1,6
202000018820,2020-07-13 10:45:00,2020,7,13,10,45,30,30027,Route d'Ales,44.077554,4.06257,Plein jour,Hors agglomération,Autre intersection,Normale,Deux véhicules - arrière,3,2,2,0,1,1,1,0,1,80,2,2,0,0,1,1,54.0,30.0,deux_roues,deux_roues,1,1,9,1,2
202000018821,2020-07-12 17:15:00,2020,7,12,17,15,34,34143,Chemin de Villeveyrac,43.462186,3.608322,Plein jour,Hors agglomération,Hors intersection,Normale,Autre collision,3,2,2,0,2,2,1,0,3,80,1,2,0,0,1,1,69.0,,deux_roues,,1,1,1,1,6
202000018822,2020-07-12 14:20:00,2020,7,12,14,20,05,05079,D902,45.060548,6.411209,Plein jour,Hors agglomération,Hors intersection,Normale,Sans collision,3,2,2,0,4,4,1,0,8,80,1,1,0,0,0,1,30.0,,deux_roues,,1,1,1,1,7
202000018823,2020-07-12 14:40:00,2020,7,12,14,40,13,13074,D96,43.646079,5.571983,Plein jour,Hors agglomération,Hors intersection,Normale,,3,2,2,0,1,1,1,0,1,70,2,2,0,0,0,2,60.0,46.0,voiture,voiture,1,1,1,1,-1
202000018824,2020-07-13 13:50:00,2020,7,13,13,50,89,89438,D965,47.795845,3.654875,Plein jour,Hors agglomération,Intersection en T,Normale,Deux véhicules - côté,2,2,3,-1,1,1,1,5,1,70,2,2,1,0,0,1,30.0,42.0,deux_roues,utilitaire_camion,1,1,3,1,3
202000018825,2020-07-12 08:15:00,2020,7,12,8,15,52,52248,D417,48.038155,5.408033,Plein jour,Hors agglomération,Hors intersection,Normale,Autre collision,3,2,2,0,3,2,1,0,3,90,1,2,1,0,1,0,23.0,,voiture,,1,1,1,1,6
202000018826,2020-07-12 11:18:00,2020,7,12,11,18,67,67458,Rue du Clausenhof,48.8259307,7.7544099,Plein jour,En agglomération,Passage à niveau,Normale,Deux véhicules - côté,4,2,2,0,1,1,1,4,8,50,2,2,1,1,0,0,27.0,38.0,voiture,transport_commun,1,2,8,1,3
202000018827,2020-07-13 12:35:00,2020,7,13,12,35,42,42304,D8,45.550978,4.163282,Plein jour,Hors agglomération,Hors intersection,Normale,Deux véhicules - frontale,3,2,2,0,1,1,1,0,1,80,2,2,1,0,0,1,38.0,34.0,voiture,voiture,1,1,1,1,1
202000018828,2020-07-10 22:15:00,2020,7,10,22,15,40,40257,416 Allée du Bois de Medoux,44.272937,-1.190935,Nuit sans éclairage public,En agglomération,Hors intersection,Normale,Sans collision,4,2,2,0,1,1,1,0,1,50,1,1,0,0,1,0,15.0,,deux_roues,,3,2,1,1,7
202000018829,2020-07-13 01:25:00,2020,7,13,1,25,56,56069,Lieu-dit Kervaillet,47.640808,-3.436543,Nuit sans éclairage public,Hors agglomération,Hors intersection,Normale,Autre collision,4,2,2,0,2,1,1,0,1,50,1,2,0,0,1,1,33.0,,deux_roues,,3,1,1,1,6
202000018830,2020-07-10 19:45:00,2020,7,10,19,45,13,13215,A7-Sens Lyon vers Marseille,43.38135,5.35222,Plein jour,Hors agglomération,Hors intersection,Normale,Trois véhicules et plus - en chaîne,1,2,4,0,2,1,1,0,1,70,4,4,3,0,0,1,27.0,55.0,voiture,voiture,1,1,1,1,4
202000018831,2020-07-10 17:50:00,2020,7,10,17,50,13,13055,A507 sens Aubagne- Marseille,43.3137,5.4236,Plein jour,Hors agglomération,Hors intersection,Normale,Trois véhicules et plus - en chaîne,1,1,3,0,1,1,1,1,1,70,5,6,3,0,0,3,22.0,56.0,voiture,voiture,1,1,1,1,4
202000018832,2020-07-11 11:45:00,2020,7,11,11,45,13,13070,A50-Sens Aubagne vers Marseille,43.28552,5.51439,Plein jour,Hors agglomération,Hors intersection,Normale,Deux véhicules - arrière,1,1,3,0,1,1,1,0,1,90,2,4,3,0,0,1,54.0,48.0,voiture,voiture,1,1,1,1,2
202000018833,2020-07-12 05:30:00,2020,7,12,5,30,38,38336,A7,45.4976,4.8392,Crépuscule ou aube,Hors agglomération,Hors intersection,Normale,Deux véhicules - côté,1,3,6,0,2,2,1,2,1,110,2,3,1,0,0,2,21.0,20.0,voiture,voiture,2,1,1,1,3
202000018834,2020-07-12 22:15:00,2020,7,12,22,15,33,33397,AUTOROUTE A 10,44.9118,-0.48479,Nuit avec éclairage allumé,Hors agglomération,Hors intersection,Normale,Deux véhicules - arrière,1,3,6,0,1,1,1,0,1,130,2,1,0,0,0,1,49.0,,voiture,,5,1,1,1,2
202000018835,2020-07-11 16:15:00,2020,7,11,16,15,91,91345,AUTOROUTE A6,48.66646,2.3262,Plein jour,Hors agglomération,Hors intersection,Normale,Trois véhicules et plus - collisions multiples,3,3,6,0,1,1,1,0,1,110,5,8,5,0,0,3,33.0,28.0,voiture,voiture,1,1,1,1,5
202000018836,2020-07-12 11:45:00,2020,7,12,11,45,78,78073,A12 Y,48.800061,2.045341,Plein jour,Hors agglomération,Hors intersection,Normale,Deux véhicules - arrière,1,3,6,0,1,1,1,0,2,110,2,2,0,0,0,2,64.0,78.0,voiture,voiture,1,1,1,1,2
202000018837,2020-07-12 00:35:00,2020,7,12,0,35,78,78402,A13,48.96391,1.77588,Nuit sans éclairage public,Hors agglomération,Hors intersection,Normale,Deux véhicules - arrière,1,3,3,0,1,1,1,0,1,130,2,4,3,0,0,1,37.0,31.0,voiture,voiture,3,1,1,1,2
202000018838,2020-07-10 18:30:00,2020,7,10,18,30,93,93027,AUTOROUTE A86,48.92706,2.40564,Plein jour,Hors agglomération,Hors intersection,Normale,Autre collision,1,3,8,0,1,2,1,0,1,90,1,1,0,0,0,1,32.0,,voiture,,1,1,1,1,6
202000018839,2020-07-12 12:00:00,2020,7,12,12,0,93,93066,AUTOROUTE A1,48.91899,2.3573,Plein jour,Hors agglomération,Hors intersection,Normale,Autre collision,1,3,8,0,1,1,1,0,1,90,1,1,0,0,0,1,39.0,,deux_roues,,1,1,1,1,6
202000018840,2020-07-11 23:00:00,2020,7,11,23,0,95,95572, A15,49.03335,2.10475,Nuit sans éclairage public,Hors agglomération,Hors intersection,Normale,Autre collision,1,1,9,0,3,3,1,0,1,70,1,1,0,0,0,1,27.0,,voiture,,3,1,1,1,6
202000018841,2020-07-11 14:45:00,2020,7,11,14,45,95,95582,AUTOROUTE A15,48.9710709,2.2490786,Plein jour,Hors agglomération,Hors intersection,Normale,Deux véhicules - arrière,1,3,8,0,1,1,1,0,1,110,2,2,1,0,0,1,40.0,49.0,voiture,utilitaire_camion,1,1,1,1,2
202000018842,2020-07-12 13:25:00,2020,7,12,13,25,93,93051,A4,48.8357178,2.5652346,Plein jour,Hors agglomération,Hors intersection,Normale,Sans collision,1,1,2,0,1,1,1,0,1,110,1,1,0,0,0,1,60.0,,deux_roues,,1,1,1,1,7
202000018843,2020-07-11 18:30:00,2020,7,11,18,30,974,97416,LAURENT VERGES(AVENUE),-21.29858,55.45636,Nuit avec éclairage allumé,En agglomération,Hors intersection,Normale,Deux véhicules - côté,4,2,-1,0,1,1,9,0,1,50,2,2,0,0,2,0,53.0,36.0,deux_roues,voiture,5,2,1,1,3
202000018844,2020-07-08 07:20:00,2020,7,8,7,20,974,97416,RN1,-21.31823,55.44434,Plein jour,Hors agglomération,Autre intersection,Normale,Deux véhicules - côté,2,2,2,0,1,3,1,0,8,50,2,2,1,0,0,1,45.0,28.0,deux_roues,voiture,1,1,9,1,3
202000018845,2020-07-11 23:15:00,2020,7,11,23,15,974,97411,RN2/091,-20.8856,55.4964,Nuit avec éclairage allumé,Hors agglomération,Hors intersection,Pluie légère,Autre collision,2,1,2,0,1,3,2,0,2,90,1,2,1,0,1,0,21.0,,voiture,,5,1,1,2,6
202000018846,2020-07-11 13:00:00,2020,7,11,13,0,974,97411,LECONTE DE LISLE (AVENUE),-20.89463,55.4876,Plein jour,En agglomération,Hors intersection,Normale,Autre collision,4,2,0,3,1,1,1,0,1,50,1,2,1,0,0,1,34.0,,transport_commun,,1,2,1,1,6
202000018847,2020-07-11 09:25:00,2020,7,11,9,25,974,97411,Route des Bougainvillées,-20.891327,55.420052,Plein jour,Hors agglomération,Intersection en T,Normale,Autre collision,3,2,2,0,2,1,1,0,1,50,1,1,0,0,1,0,82.0,,voiture,,1,1,3,1,6
202000018848,2020-07-11 19:00:00,2020,7,11,19,0,69,69383,FREDERIC MISTRAL                    (R ),45.7561,4.876127,Plein jour,En agglomération,Hors intersection,Normale,Autre collision,4,2,3,0,1,1,1,0,1,50,1,2,1,0,0,1,35.0,,voiture,,1,2,1,1,6
202000018849,2020-07-09 11:50:00,2020,7,9,11,50,972,97213,Z I LES MANGLES,14.6156547,-61.0147476,Plein jour,Hors agglomération,Autre intersection,Normale,Deux véhicules - côté,9,2,2,0,2,1,1,0,1,50,2,2,1,0,0,1,68.0,37.0,voiture,deux_roues,1,1,9,1,3
202000018850,2020-07-09 03:30:00,2020,7,9,3,30,972,97213,AUTOROUTE A1,14.61779,-61.03022,Nuit avec éclairage allumé,Hors agglomération,Hors intersection,Normale,Sans collision,1,-1,4,0,1,1,1,0,1,90,1,1,0,0,0,1,28.0,,voiture,,5,1,1,1,7
202000018851,2020-07-11 18:00:00,2020,7,11,18,0,972,97209,BALATA (ROUTE DE),14.62982,-61.07242,Plein jour,En agglomération,Hors intersection,Normale,Trois véhicules et plus - collisions multiples,2,-1,2,0,1,2,1,0,1,50,3,5,1,0,0,4,35.0,41.0,voiture,voiture,1,2,1,1,5
202000018852,2020-07-11 15:20:00,2020,7,11,15,20,69,69382,DOCTEUR GAILLETON (DU)              (QU),45.75216,4.83283,Plein jour,En agglomération,Hors intersection,Normale,Deux véhicules - arrière,9,1,3,3,1,1,1,0,1,50,2,2,1,0,0,1,66.0,24.0,voiture,deux_roues,1,2,1,1,2
202000018853,2020-07-11 17:40:00,2020,7,11,17,40,91,91161,PIERRE BROSSOLETTE (AVENUE),48.70035,2.31809,Plein jour,En agglomération,Autre intersection,Autre,Autre collision,3,-1,2,0,1,1,1,0,1,50,1,1,0,0,0,1,23.0,,voiture,,1,2,9,9,6
202000018854,2020-07-11 18:10:00,2020,7,11,18,10,78,78350,VERSAILLES (ROUTE DE),48.85325,2.10772,Plein jour,En agglomération,Hors intersection,Normale,Autre collision,2,3,-1,-1,1,1,1,0,1,-1,1,1,0,0,0,1,48.0,,deux_roues,,1,2,1,1,6
202000018855,2020-02-04 16:00:00,2020,2,4,16,0,95,95313,Place du Patis,49.110816,2.212166,Plein jour,En agglomération,Autre intersection,Normale,Sans collision,4,-1,2,0,1,1,1,0,1,50,1,1,0,0,0,1,74.0,,deux_roues,,1,2,9,1,7
202000018856,2020-02-24 15:50:00,2020,2,24,15,50,57,57650,D64f,49.457162,6.369206,Plein jour,Hors agglomération,Hors intersection,Normale,Deux véhicules - frontale,3,2,2,0,1,1,1,0,1,80,2,2,0,1,1,0,78.0,38.0,voiture,voiture,1,1,1,1,1
202000018857,2020-02-15 19:15:00,2020,2,15,19,15,22,22020,RN 12 PR 09+050,48.305863,-2.235761,Crépuscule ou aube,Hors agglomération,Hors intersection,Vent fort / tempête,Sans collision,2,3,4,0,1,1,2,2,1,110,1,2,1,0,1,0,25.0,,voiture,,2,1,1,6,7
202000018858,2020-02-24 14:40:00,2020,2,24,14,40,42,42085,D76,45.417823,4.563553,Plein jour,Hors agglomération,Hors intersection,Autre,Sans collision,3,2,2,0,2,2,2,0,1,80,1,1,0,0,1,0,44.0,,deux_roues,,1,1,1,9,7
202000018859,2020-02-22 10:45:00,2020,2,22,10,45,51,51079,18 Rue d'Ambonnay,49.078237,4.153723,Plein jour,En agglomération,Hors intersection,Normale,Sans collision,3,2,2,0,1,1,1,0,1,50,1,1,0,0,1,0,46.0,,deux_roues,,1,2,1,1,7
202000018860,2020-02-24 17:15:00,2020,2,24,17,15,55,55406,,49.1071104,5.6694174,Plein jour,Hors agglomération,Intersection en X,Normale,Deux véhicules - côté,3,2,2,0,1,1,1,0,1,80,2,3,2,0,0,1,41.0,45.0,voiture,voiture,1,1,2,1,3
202000018861,2020-02-23 15:40:00,2020,2,23,15,40,34,34160,D908,43.567255,2.974366,Plein jour,Hors agglomération,Hors intersection,Normale,Autre collision,3,2,2,0,1,2,1,0,3,80,1,1,0,1,0,0,57.0,,deux_roues,,1,1,1,1,6
202000018862,2020-02-23 17:47:00,2020,2,23,17,47,29,29241,10 ZAD de Dioulan,47.963031,-3.848766,Plein jour,En agglomération,Hors intersection,Pluie légère,Deux véhicules - frontale,4,2,2,0,1,3,2,0,1,50,2,2,1,0,1,0,23.0,60.0,voiture,voiture,1,2,1,2,1
202000018863,2020-02-23 17:25:00,2020,2,23,17,25,29,29162,11 Place Charles de Gaulle,48.2262953,-3.9694941,Plein jour,En agglomération,Place,Pluie légère,Autre collision,6,-1,-1,0,1,1,2,0,4,50,1,4,3,0,0,1,30.0,,voiture,,1,2,7,2,6
202000018864,2020-02-22 17:50:00,2020,2,22,17,50,03,03254,route de Baruthet,46.2923177,3.2690241,Plein jour,Hors agglomération,Hors intersection,Normale,Deux véhicules - côté,3,2,2,0,2,1,1,0,1,80,2,2,1,0,0,1,43.0,63.0,voiture,voiture,1,1,1,1,3
202000018865,2020-02-23 08:10:00,2020,2,23,8,10,03,03163,,46.0184646,3.4823118,Plein jour,Hors agglomération,Hors intersection,Normale,Sans collision,3,2,3,0,1,1,1,0,3,80,1,1,0,0,0,1,22.0,,voiture,,1,1,1,1,7
202000018866,2020-02-23 15:45:00,2020,2,23,15,45,03,03036,,46.5761667,3.0555763,Plein jour,Hors agglomération,Intersection en X,Normale,Deux véhicules - côté,3,2,2,0,2,1,1,0,1,80,2,2,1,0,0,1,23.0,67.0,voiture,voiture,1,1,2,1,3
202000018867,2020-02-23 21:50:00,2020,2,23,21,50,01,01388,791 Route de Pont de Vaux,46.45755,5.067594,Nuit avec éclairage allumé,Hors agglomération,Hors intersection,Normale,Autre collision,3,2,2,0,1,1,1,5,1,70,1,1,0,0,1,0,26.0,,voiture,,5,1,1,1,6
202000018868,2020-02-23 21:38:00,2020,2,23,21,38,06,06090,230 Avenue de Cannes,43.590866,6.933617,Nuit sans éclairage public,En agglomération,Hors intersection,Normale,Autre collision,3,2,2,0,1,1,1,0,1,50,1,1,0,0,0,1,36.0,,deux_roues,,3,2,1,1,6
202000018869,2020-02-24 09:20:00,2020,2,24,9,20,50,50582,La Riffaudiere - Vengeons (Vengeons),48.746282,-0.907021,Plein jour,Hors agglomération,Hors intersection,Normale,,3,2,2,0,2,3,2,5,1,70,2,2,1,0,1,0,20.0,31.0,voiture,utilitaire_camion,1,1,1,1,-1
202000018870,2020-02-20 18:00:00,2020,2,20,18,0,90,90005,D12,47.729899,6.76554,Crépuscule ou aube,Hors agglomération,Autre intersection,Normale,Autre collision,3,2,2,0,2,2,1,0,8,80,1,1,0,1,0,0,83.0,,voiture,,2,1,9,1,6
202000018871,2020-02-23 17:20:00,2020,2,23,17,20,64,64447,D45,43.516595,-0.50786,Plein jour,Hors agglomération,Hors intersection,Normale,Autre collision,3,2,2,0,2,2,1,0,3,80,1,1,0,0,1,0,35.0,,voiture,,1,1,1,1,6
202000018872,2020-02-23 21:50:00,2020,2,23,21,50,18,18176,Route du Stade,47.221718,2.546688,Nuit sans éclairage public,Hors agglomération,Hors intersection,Pluie légère,Autre collision,4,2,2,0,1,3,2,0,3,80,1,1,0,0,1,0,31.0,,voiture,,3,1,1,2,6
202000018873,2020-02-23 21:40:00,2020,2,23,21,40,18,18016,96 Lieu Dit Chaumoux,47.218184,2.564621,Nuit sans éclairage public,Hors agglomération,Intersection en X,Pluie légère,Deux véhicules - côté,3,2,2,0,2,1,2,0,1,80,2,2,1,0,1,0,35.0,31.0,deux_roues,voiture,3,1,2,2,3
202000018874,2020-02-24 07:30:00,2020,2,24,7,30,10,10323,190 Rue Henri Millet,48.521262,3.715121,Crépuscule ou aube,En agglomération,Autre intersection,Normale,Autre collision,4,2,2,0,1,1,2,0,4,50,1,1,0,0,1,0,,,,,2,2,9,1,6
202000018875,2020-02-23 18:40:00,2020,2,23,18,40,10,10177,D34,48.163366,3.992414,Nuit sans éclairage public,Hors agglomération,Hors intersection,Normale,Autre collision,3,2,2,0,2,1,1,0,8,-1,1,1,0,0,1,0,45.0,,voiture,,3,1,1,1,6
202000018876,2020-02-23 21:20:00,2020,2,23,21,20,53,53194,7 Lotissement de l'Esponniere,48.0562662,-0.9524796,Nuit avec éclairage allumé,En agglomération,Intersection en T,Pluie légère,Deux véhicules - arrière,3,2,2,0,1,1,2,5,1,50,2,2,1,0,1,0,19.0,39.0,deux_roues,voiture,5,2,3,2,2
202000018877,2020-02-23 19:20:00,2020,2,23,19,20,40,40286,Route d'Hagetmau,43.644003,-0.517441,Nuit sans éclairage public,Hors agglomération,Hors intersection,Normale,Deux véhicules - arrière,3,2,2,0,1,1,1,0,1,80,2,3,1,0,2,0,91.0,36.0,voiture,utilitaire_camion,3,1,1,1,2
202000018878,2020-02-23 03:56:00,2020,2,23,3,56,40,40094,D140,44.185139,-1.028704,Nuit sans éclairage public,Hors agglomération,Hors intersection,Normale,Autre collision,3,2,2,0,1,1,1,0,3,80,1,2,0,0,0,2,20.0,,voiture,,3,1,1,1,6
202000018879,2020-02-23 14:50:00,2020,2,23,14,50,24,24321,Daudevie Nord,45.125901,1.384208,Plein jour,En agglomération,Hors intersection,Normale,Trois véhicules et plus - collisions multiples,3,2,2,0,1,1,1,0,1,50,4,4,2,0,1,1,63.0,38.0,voiture,deux_roues,1,2,1,1,5
202000018880,2020-02-21 20:30:00,2020,2,21,20,30,17,17003,D113,46.110392,-0.935812,Nuit avec éclairage non allumé,En agglomération,Intersection en T,Normale,Autre collision,3,2,2,0,1,1,1,0,1,50,1,1,0,0,1,0,37.0,,deux_roues,,4,2,3,1,6
202000018881,2020-02-23 16:00:00,2020,2,23,16,0,87,87146,D216,45.6083,1.501066,Plein jour,Hors agglomération,Hors intersection,Normale,Sans collision,3,-1,2,0,4,1,1,0,3,80,1,3,2,0,0,1,75.0,,voiture,,1,1,1,1,7
202000018882,2020-02-23 23:00:00,2020,2,23,23,0,31,31104,A64,43.344094,1.259565,Nuit sans éclairage public,Hors agglomération,Hors intersection,Normale,Deux véhicules - arrière,1,1,2,0,1,1,1,0,1,130,2,2,0,0,0,2,26.0,20.0,voiture,voiture,3,1,1,1,2
202000018883,2020-02-23 03:45:00,2020,2,23,3,45,31,31476,A64,43.277994,1.145346,Nuit sans éclairage public,Hors agglomération,Hors intersection,Normale,Deux véhicules - arrière,1,3,4,0,1,1,1,0,2,130,2,2,1,0,0,1,49.0,22.0,voiture,voiture,3,1,1,1,2
202000018884,2020-02-24 05:45:00,2020,2,24,5,45,988,98821,RUE DU CHATEAU SCHIELE/RT1,-22.064741,166.265502,Plein jour,En agglomération,Intersection en X,Normale,Deux véhicules - côté,2,2,2,0,1,1,1,5,1,90,2,2,1,1,0,0,32.0,46.0,deux_roues,utilitaire_camion,1,2,2,1,3
202000018885,2020-02-23 16:10:00,2020,2,23,16,10,41,41130,D110,47.778018,1.347392,Plein jour,Hors agglomération,Intersection en X,Normale,Deux véhicules - côté,3,2,2,0,1,3,1,5,3,80,2,4,0,0,0,4,22.0,45.0,voiture,voiture,1,1,2,1,3
202000018886,2020-02-24 11:10:00,2020,2,24,11,10,37,37003,Pont Michel Debré,47.4269363,1.0103618,Plein jour,Hors agglomération,Hors intersection,Pluie légère,Deux véhicules - côté,3,2,2,0,1,1,2,2,1,70,2,2,1,0,1,0,69.0,46.0,voiture,utilitaire_camion,1,1,1,2,3
202000018887,2020-02-23 19:04:00,2020,2,23,19,4,78,78548,D13,48.724511,1.988718,Nuit sans éclairage public,Hors agglomération,Hors intersection,Pluie légère,Sans collision,3,2,2,0,1,1,2,0,3,80,1,4,1,0,0,3,43.0,,transport_commun,,3,1,1,2,7
202000018888,2020-02-20 08:00:00,2020,2,20,8,0,84,84092,1 Avenue du Maréchal de Lattre de Tassigny,43.961702,4.860019,Plein jour,En agglomération,Intersection en X,Normale,Deux véhicules - frontale,3,2,2,0,1,1,1,0,1,30,2,2,1,0,1,0,32.0,58.0,voiture,deux_roues,1,2,2,1,1
202000018889,2020-02-23 17:55:00,2020,2,23,17,55,83,83008,D47,43.517062,6.651878,Plein jour,Hors agglomération,Hors intersection,Normale,Deux véhicules - frontale,3,2,2,0,2,1,1,0,1,80,2,3,2,0,1,0,29.0,39.0,deux_roues,voiture,1,1,1,1,1
202000018890,2020-02-24 08:24:00,2020,2,24,8,24,73,73297,D1090,45.633996,6.329702,Plein jour,Hors agglomération,Hors intersection,Normale,Trois véhicules et plus - collisions multiples,3,2,2,0,1,1,1,0,1,80,3,3,1,0,1,1,56.0,54.0,utilitaire_camion,voiture,1,1,1,1,5
202000018891,2020-02-23 17:30:00,2020,2,23,17,30,07,07018,RD 239,44.685764,4.022408,Plein jour,Hors agglomération,Hors intersection,Normale,Sans collision,3,2,2,0,2,2,1,0,3,80,1,1,0,0,1,0,52.0,,deux_roues,,1,1,1,1,7
202000018892,2020-02-24 18:15:00,2020,2,24,18,15,01,01262,Avenue des Platanes,45.8487202,5.059865,Plein jour,En agglomération,Hors intersection,Temps éblouissant,Autre collision,3,2,2,0,1,1,1,0,1,50,1,2,1,0,0,1,82.0,,voiture,,1,2,1,7,6
202000018893,2020-02-24 00:10:00,2020,2,24,0,10,69,69019,RD 306,46.090317,4.729099,Nuit sans éclairage public,Hors agglomération,Hors intersection,Normale,Deux véhicules - arrière,3,2,2,0,1,1,1,0,1,80,2,2,1,0,0,1,42.0,16.0,voiture,deux_roues,3,1,1,1,2
202000018894,2020-02-21 08:30:00,2020,2,21,8,30,33,33519,AVE DE SOULAC / AVE DE LA CROIX,44.90531,-0.668975,Plein jour,En agglomération,Intersection en T,Normale,Deux véhicules - côté,4,2,4,2,1,1,2,0,1,30,2,2,1,0,1,0,35.0,57.0,voiture,deux_roues,1,2,3,1,3
202000018895,2020-02-24 10:30:00,2020,2,24,10,30,72,72154,Boulevard du Québec,47.707188,-0.083444,Plein jour,En agglomération,Giratoire,Temps couvert,Deux véhicules - côté,4,2,2,0,1,2,2,5,1,50,2,2,1,0,1,0,64.0,83.0,voiture,deux_roues,1,2,6,8,3
202000018896,2020-02-24 02:35:00,2020,2,24,2,35,76,76418,D40,49.546436,0.701933,Nuit sans éclairage public,Hors agglomération,Hors intersection,Pluie légère,Sans collision,3,2,2,0,1,1,2,0,8,80,1,1,0,0,1,0,38.0,,voiture,,3,1,1,2,7
202000018897,2020-02-19 11:50:00,2020,2,19,11,50,60,60141,8 Rue de Paris,49.1937752,2.4654973,Plein jour,Hors agglomération,Hors intersection,Normale,Autre collision,3,2,2,0,1,1,1,0,1,50,1,2,1,0,0,1,55.0,,utilitaire_camion,,1,1,1,1,6
202000018898,2020-02-23 17:40:00,2020,2,23,17,40,13,13106,A51-Sens Aix en Provence vers Marseille,43.405446,5.360278,Plein jour,Hors agglomération,Hors intersection,Normale,Trois véhicules et plus - en chaîne,1,3,3,0,1,1,1,0,1,90,3,3,2,0,0,1,29.0,64.0,voiture,voiture,1,1,1,1,4
202000018899,2020-02-21 19:00:00,2020,2,21,19,0,13,13005,A501-Sens Pont de l'Etoile vers Aubagne,43.301683,5.566356,Nuit sans éclairage public,Hors agglomération,Hors intersection,Normale,Trois véhicules et plus - en chaîne,1,3,2,0,1,1,1,0,1,90,3,5,3,0,0,2,55.0,68.0,voiture,voiture,3,1,1,1,4
202000018900,2020-02-21 21:50:00,2020,2,21,21,50,13,13055,A507 sens Aubagne- Marseille,43.327018,5.419946,Nuit avec éclairage allumé,Hors agglomération,Hors intersection,Normale,Sans collision,1,1,3,0,1,1,1,0,1,70,1,1,0,0,0,1,29.0,,voiture,,5,1,1,1,7
202000018901,2020-02-21 17:05:00,2020,2,21,17,5,13,13211,A50-Sens Aubagne vers Marseille,43.29348,5.4564,Plein jour,Hors agglomération,Hors intersection,Normale,Deux véhicules - arrière,1,3,3,0,1,1,1,0,1,90,2,2,1,0,0,1,51.0,30.0,deux_roues,voiture,1,1,1,1,2
202000018902,2020-02-22 14:30:00,2020,2,22,14,30,13,13055,A507 sens Marseille - Aubagne,43.3292211,5.4141676,Plein jour,Hors agglomération,Hors intersection,Normale,Trois véhicules et plus - en chaîne,1,1,3,0,1,1,1,0,1,70,3,4,3,0,0,1,73.0,61.0,voiture,voiture,1,1,1,1,4