accident_id,datetime,annee,mois,jour,heure,minute,departement,commune_insee,adresse,latitude,longitude,luminosite,agglomeration,intersection,meteo,collision,catr,circ,nbv,vosp,prof,plan,surf,infra,situ,vma,nb_vehicules,nb_usagers,nb_indemnes,nb_tues,nb_blesses_hosp,nb_blesses_legers,age_cond_1,age_cond_2,veh_type_cond_1,veh_type_cond_2,lum_code,agg_code,int_code,atm_code,col_code
202000018903,2020-02-22 06:00:00,2020,2,22,6,0,13,13088,A55-Sens Marseille vers Martigues,43.3913,5.2503,Nuit sans éclairage public,Hors agglomération,Hors intersection,Normale,Deux véhicules - arrière,1,1,2,0,1,1,1,0,1,90,2,2,1,0,0,1,47.0,26.0,utilitaire_camion,voiture,3,1,1,1,2
202000018904,2020-02-21 17:15:00,2020,2,21,17,15,13,13215,A7-Sens Marseille vers Lyon,43.3595,5.3622,Plein jour,Hors agglomération,Hors intersection,Normale,Deux véhicules - arrière,1,1,3,0,1,1,1,0,1,90,2,2,1,0,0,1,63.0,24.0,voiture,deux_roues,1,1,1,1,2
202000018905,2020-02-13 07:30:00,2020,2,13,7,30,69,69277,RN 346   ,45.74083,4.98631,Plein jour,Hors agglomération,Hors intersection,Normale,Deux véhicules - arrière,2,3,4,0,1,1,1,0,1,90,2,2,1,0,0,1,51.0,49.0,voiture,voiture,1,1,1,1,2
202000018906,2020-02-22 15:30:00,2020,2,22,15,30,67,67137,Route Départementale 1083,48.5058304,7.6955414,Plein jour,Hors agglomération,Hors intersection,Normale,Autre collision,7,1,2,0,1,3,1,0,2,90,1,1,0,0,1,0,34.0,,voiture,,1,1,1,1,6
202000018907,2020-02-23 17:30:00,2020,2,23,17,30,94,94034,AUTOROUTE A86,48.75974,2.32199,Plein jour,Hors agglomération,Hors intersection,Normale,Deux véhicules - arrière,1,3,2,0,2,1,1,1,1,70,2,3,1,0,0,2,36.0,49.0,utilitaire_camion,deux_roues,1,1,1,1,2
202000018908,2020-02-23 13:35:00,2020,2,23,13,35,77,77251,AUTOROUTE A5A,48.6164841,2.559028,Plein jour,Hors agglomération,Hors intersection,Normale,Autre collision,1,-1,4,0,1,1,1,0,1,110,1,1,0,0,0,1,70.0,,voiture,,1,1,1,1,6
202000018909,2020-02-22 20:05:00,2020,2,22,20,5,91,91161,CARREFOUR RN20 / CD120,48.71532,2.29822,Nuit avec éclairage allumé,En agglomération,Autre intersection,Normale,Autre collision,2,2,5,0,1,1,1,0,1,50,1,1,0,0,1,0,25.0,,deux_roues,,5,2,9,1,6
202000018910,2020-02-23 19:15:00,2020,2,23,19,15,94,94046,A86 EXT_,48.8085629,2.4490579,Nuit sans éclairage public,Hors agglomération,Hors intersection,Pluie légère,Deux véhicules - côté,1,1,4,0,1,1,2,0,1,90,2,1,0,0,0,1,46.0,,deux_roues,,3,1,1,2,3
202000018911,2020-02-23 05:50:00,2020,2,23,5,50,94,94017,A4,48.82889,2.50031,Nuit avec éclairage allumé,Hors agglomération,Hors intersection,Normale,Deux véhicules - arrière,1,3,4,0,1,1,1,0,1,90,2,2,1,0,0,1,29.0,27.0,deux_roues,voiture,5,1,1,1,2
202000018912,2020-02-22 06:45:00,2020,2,22,6,45,974,97407,CHERBOURG(RUE),-20.93889,55.29831,Plein jour,En agglomération,Intersection en T,Normale,Autre collision,4,2,2,0,1,1,1,5,1,50,1,1,0,0,1,0,,,,,1,2,3,1,6
202000018913,2020-02-22 14:01:00,2020,2,22,14,1,973,97302,MADELEINE (ROUTE DE LA),4.9212573,-52.3222173,Plein jour,En agglomération,Hors intersection,Normale,Deux véhicules - frontale,3,2,2,0,1,1,1,0,1,50,2,3,1,0,0,2,50.0,42.0,voiture,deux_roues,1,2,1,1,1
202000018914,2020-02-17 17:10:00,2020,2,17,17,10,973,97302,MONTABO (ROUTE DE) 1,4.94181,-52.30411,Plein jour,En agglomération,Intersection en T,Normale,Deux véhicules - côté,3,2,1,0,2,1,1,0,1,50,2,2,1,0,1,0,54.0,43.0,voiture,deux_roues,1,2,3,1,3
202000018915,2020-02-21 20:38:00,2020,2,21,20,38,69,69202,COMMANDANT CHARCOT (DU)             (R ),45.7511902,4.8011434,Nuit avec éclairage allumé,En agglomération,Intersection en T,Normale,Deux véhicules - frontale,4,2,3,0,1,1,1,0,1,50,2,4,3,0,1,0,41.0,50.0,deux_roues,voiture,5,2,3,1,1
202000018916,2020-02-22 09:15:00,2020,2,22,9,15,69,69149,CAMILLE (DE LA)                     (R ),45.7135,4.802,Plein jour,En agglomération,Hors intersection,Normale,Autre collision,4,2,2,0,1,3,1,0,1,50,1,2,1,0,0,1,45.0,,utilitaire_camion,,1,2,1,1,6
202000018917,2020-02-22 18:55:00,2020,2,22,18,55,2B,2B120,IMPERIALE (Route) D464 ,42.666,9.4394,Nuit avec éclairage allumé,Hors agglomération,Giratoire,Normale,Deux véhicules - côté,4,1,2,0,1,2,1,0,1,50,2,2,1,0,0,1,17.0,66.0,deux_roues,voiture,5,1,6,1,3
202000018918,2020-02-22 00:07:00,2020,2,22,0,7,2A,2A004,GEORGES POMPIDOU AVENUE,41.93386,8.75307,Nuit sans éclairage public,En agglomération,Intersection à plus de 4 branches,Normale,Deux véhicules - côté,2,4,4,0,1,1,1,5,1,50,2,2,1,0,1,0,18.0,22.0,voiture,voiture,3,2,5,1,3
202000018919,2020-02-22 19:00:00,2020,2,22,19,0,91,91421,NATIONALE 6 (GLACIERE),48.7124,2.44206,Nuit sans éclairage public,Hors agglomération,Hors intersection,Normale,Deux véhicules - arrière,2,1,2,0,1,1,1,0,1,90,2,3,0,0,0,3,35.0,79.0,voiture,voiture,3,1,1,1,2
202000018920,2020-02-22 18:00:00,2020,2,22,18,0,91,91434,ROGER SALENGRO (AVENUE),48.6578,2.3553,Plein jour,En agglomération,Intersection en X,Normale,Deux véhicules - côté,4,2,2,0,1,1,1,0,1,50,2,1,0,0,0,1,55.0,,voiture,,1,2,2,1,3
202000018921,2020-02-21 13:15:00,2020,2,21,13,15,91,91326,COUR DE FRANCE (AVENUE DE LA),48.68905,2.37118,Plein jour,En agglomération,Hors intersection,Normale,Autre collision,2,1,1,3,1,1,1,6,1,50,1,2,1,0,0,1,29.0,,autre,,1,2,1,1,6
202000018922,2020-02-22 09:00:00,2020,2,22,9,0,83,83069,APPEL DU 18 JUIN ( RD POINT DE L'),43.1065,6.1285,Plein jour,En agglomération,Giratoire,Normale,Deux véhicules - côté,3,1,1,0,1,2,1,9,1,50,2,2,1,0,1,0,75.0,47.0,deux_roues,voiture,1,2,6,1,3
202000018923,2020-02-21 19:40:00,2020,2,21,19,40,83,83069,NICE (ROUTE DE),43.13063,6.176206,Nuit sans éclairage public,Hors agglomération,Hors intersection,Normale,Deux véhicules - frontale,3,2,2,0,1,1,1,0,1,80,2,4,0,0,0,4,60.0,59.0,voiture,voiture,3,1,1,1,1
202000018924,2020-02-22 14:15:00,2020,2,22,14,15,82,82033,MONESTIE VC 6 (CHEMIN DE) ,44.05214,1.09192,Plein jour,Hors agglomération,Autre intersection,Normale,Sans collision,6,-1,0,0,1,1,9,0,8,50,1,1,0,0,1,0,39.0,,deux_roues,,1,1,9,1,7
202000018925,2020-02-21 23:00:00,2020,2,21,23,0,79,79329,Rue de la Maison Sèche,46.97451,-0.18371,Nuit avec éclairage allumé,En agglomération,Hors intersection,Temps couvert,Autre collision,3,2,2,0,1,1,1,0,3,80,1,1,0,1,0,0,29.0,,voiture,,5,2,1,8,6
202000018926,2020-02-22 04:00:00,2020,2,22,4,0,76,76217,BREAUTE (AVENUE DE )  ,49.911053,1.086348,Nuit sans éclairage public,Hors agglomération,Hors intersection,Normale,Sans collision,3,1,1,0,3,2,1,0,1,70,1,1,0,1,0,0,26.0,,voiture,,3,1,1,1,7
202000018927,2020-02-22 11:35:00,2020,2,22,11,35,71,71306,Quai Jules Chagot,46.6770295,4.3633177,Plein jour,Hors agglomération,Hors intersection,Normale,Deux véhicules - côté,3,1,2,0,1,1,1,0,1,50,2,3,2,0,0,1,24.0,75.0,voiture,voiture,1,1,1,1,3
202000018928,2020-02-21 20:15:00,2020,2,21,20,15,69,69290,SAVOIE (DE)                         (R ),45.70617,4.98504,Nuit sans éclairage public,En agglomération,Hors intersection,Normale,Autre collision,4,2,2,0,1,1,1,0,3,50,1,1,0,0,0,1,29.0,,deux_roues,,3,2,1,1,6
202000018929,2020-02-22 14:30:00,2020,2,22,14,30,64,64102,PAULMY (AVENUE DES ALLEES),43.49118,-1.48147,Plein jour,En agglomération,Intersection en X,Normale,Deux véhicules - côté,4,3,4,3,2,1,1,5,1,50,2,2,1,0,1,0,45.0,59.0,deux_roues,voiture,1,2,2,1,3
202000018930,2020-02-22 15:05:00,2020,2,22,15,5,56,56260,Rue Edgar Touffreau,47.66187,-2.79516,Plein jour,En agglomération,Giratoire,Temps couvert,Deux véhicules - arrière,4,2,2,0,1,3,1,0,1,50,2,3,2,0,0,1,44.0,22.0,deux_roues,utilitaire_camion,1,2,6,8,2
202000018931,2020-02-22 13:20:00,2020,2,22,13,20,51,51454,Boulevard de la Paix,49.25144,4.04197,Plein jour,En agglomération,Intersection en X,Normale,Deux véhicules - côté,2,2,6,1,1,1,1,9,1,50,2,2,1,0,0,1,27.0,40.0,voiture,voiture,1,2,2,1,3
202000018932,2020-02-22 06:20:00,2020,2,22,6,20,50,50502,NOUVELLE CANEE,49.09419,-1.09227,Nuit sans éclairage public,En agglomération,Hors intersection,Temps couvert,Autre collision,3,2,2,0,2,1,2,0,3,80,1,4,1,0,0,3,27.0,,voiture,,3,2,1,8,6
202000018933,2020-02-22 12:05:00,2020,2,22,12,5,45,45285,Rue Gambetta,47.9069367,1.878613,Plein jour,En agglomération,Autre intersection,Normale,Autre collision,4,2,2,0,1,1,1,0,1,30,1,2,1,0,1,0,19.0,,utilitaire_camion,,1,2,9,1,6
202000018934,2020-02-22 20:25:00,2020,2,22,20,25,35,35238,282 FOUGERES (RUE DE),48.12956,-1.64331,Nuit avec éclairage allumé,En agglomération,Intersection en X,Pluie légère,Sans collision,4,2,4,2,1,1,2,5,1,50,1,1,0,0,0,1,25.0,,deux_roues,,5,2,2,2,7
202000018935,2020-02-22 14:20:00,2020,2,22,14,20,35,35051,RN 136 BEAULIEU (PORTE DE),48.10477,-1.6038,Plein jour,Hors agglomération,Hors intersection,Temps couvert,Autre collision,2,3,4,0,1,1,1,0,2,90,1,2,1,0,0,1,22.0,,voiture,,1,1,1,8,6
202000018936,2020-02-23 00:25:00,2020,2,23,0,25,34,34172,Avenue des Apothicaires,43.6449746,3.8427854,Nuit avec éclairage allumé,En agglomération,Intersection en Y,Normale,Deux véhicules - frontale,4,2,2,0,1,2,1,2,1,50,2,5,4,0,0,1,19.0,26.0,voiture,voiture,5,2,4,1,1
202000018937,2020-02-22 14:40:00,2020,2,22,14,40,34,34172,PENELOPE (BOULEVARD),43.60352,3.91324,Plein jour,En agglomération,Hors intersection,Normale,Deux véhicules - côté,4,3,4,0,1,1,1,9,1,50,2,2,1,0,0,1,38.0,85.0,transport_commun,voiture,1,2,1,1,3
202000018938,2020-02-21 18:50:00,2020,2,21,18,50,33,33281,RUE FRANCISCO FERRER / RUE PROF TIMOTHEE PIECHAUD,44.8265,-0.61355,Nuit avec éclairage allumé,En agglomération,Intersection en X,Normale,Deux véhicules - côté,4,2,3,0,2,1,1,5,1,50,2,2,1,0,0,1,32.0,35.0,voiture,deux_roues,5,2,2,1,3
202000018939,2020-02-22 16:30:00,2020,2,22,16,30,32,32013,ROUGET DE LISLE,43.64664,0.59175,Plein jour,En agglomération,Intersection en X,Normale,Deux véhicules - côté,4,2,3,0,1,1,1,0,1,50,2,3,1,0,0,2,49.0,72.0,deux_roues,voiture,1,2,2,1,3
202000018940,2020-02-22 18:25:00,2020,2,22,18,25,29,29232,Boulevard de Poulguinan,47.9847444,-4.1132108,Plein jour,Hors agglomération,Hors intersection,Pluie légère,Sans collision,3,1,1,0,2,2,2,3,1,50,1,1,0,0,0,1,27.0,,voiture,,1,1,1,2,7
202000018941,2020-02-22 10:15:00,2020,2,22,10,15,25,25204,R-N 57. giratoire des 4 chemins,46.92451,6.33681,Plein jour,Hors agglomération,Giratoire,Normale,Deux véhicules - côté,2,1,2,0,1,2,1,5,1,80,2,3,2,0,1,0,42.0,82.0,voiture,deux_roues,1,1,6,1,3
202000018942,2020-02-21 13:15:00,2020,2,21,13,15,18,18279,MOUTON (RUE DU ),47.23071,2.08892,Plein jour,En agglomération,Hors intersection,Normale,Deux véhicules - côté,4,1,1,0,1,1,1,9,1,50,2,2,1,0,1,0,22.0,21.0,utilitaire_camion,deux_roues,1,2,1,1,3
202000018943,2020-02-22 15:20:00,2020,2,22,15,20,17,17300,LOTI   AVENUE PIERRE,46.1622167,-1.1761836,Plein jour,En agglomération,Intersection en X,Normale,Autre collision,4,2,2,0,1,1,1,0,1,50,1,3,1,0,0,2,35.0,,voiture,,1,2,2,1,6
202000018944,2020-02-22 15:10:00,2020,2,22,15,10,13,13215,LYON (RUE DE),43.33422,5.36372,Plein jour,En agglomération,Hors intersection,Normale,Autre collision,4,2,0,0,2,1,1,0,1,50,1,2,1,0,0,1,52.0,,transport_commun,,1,2,1,1,6
202000018945,2020-02-22 08:30:00,2020,2,22,8,30,06,06088,STALINGRAD (BD DE),43.71,7.28,Plein jour,En agglomération,Intersection en T,Normale,Autre collision,4,1,2,0,1,1,1,0,1,50,1,2,1,0,1,0,53.0,,voiture,,1,2,3,1,6
202000018946,2020-02-22 17:15:00,2020,2,22,17,15,06,06027,PLAGE BOULEVARD DE LA,43.65276,7.15485,Plein jour,En agglomération,Intersection en T,Temps éblouissant,Deux véhicules - arrière,7,1,2,0,1,1,1,0,1,50,2,3,2,0,0,1,30.0,82.0,deux_roues,voiture,1,2,3,7,2
202000018947,2020-02-21 20:25:00,2020,2,21,20,25,01,01289,LENT ( ROUTE DE ),46.16976,5.22649,Nuit sans éclairage public,Hors agglomération,Hors intersection,Normale,Deux véhicules - frontale,3,2,2,0,1,1,1,2,1,50,2,2,0,0,0,2,41.0,60.0,voiture,voiture,3,1,1,1,1
202000018948,2020-02-22 17:20:00,2020,2,22,17,20,75,75112,ECHANGEUR BERCY,48.828999,2.400134,Plein jour,En agglomération,Hors intersection,Normale,Deux véhicules - arrière,4,1,4,0,1,1,1,9,1,70,2,4,1,0,0,3,37.0,53.0,voiture,voiture,1,2,1,1,2
202000018949,2020-02-22 00:44:00,2020,2,22,0,44,75,75112,RUE CORIOLIS,48.837053,2.390031,Nuit avec éclairage allumé,En agglomération,Intersection en X,Normale,Deux véhicules - côté,4,2,4,0,1,1,1,0,1,50,2,4,3,1,0,0,34.0,29.0,deux_roues,utilitaire_camion,5,2,2,1,3
202000018950,2020-02-22 17:45:00,2020,2,22,17,45,75,75106,BOULEVARD SAINT MICHEL,48.851388,2.343167,Plein jour,En agglomération,Intersection en X,Normale,Autre collision,4,2,4,3,2,1,1,0,1,30,1,2,1,0,0,1,29.0,,deux_roues,,1,2,2,1,6
202000018951,2020-02-22 17:40:00,2020,2,22,17,40,75,75120,AVENUE DE LA PORTE DES LILAS,48.877683,2.408265,Nuit avec éclairage allumé,En agglomération,Place,Normale,,4,2,6,0,1,1,1,0,1,50,2,1,0,0,0,1,32.0,,deux_roues,,5,2,7,1,-1
202000018952,2020-02-22 01:15:00,2020,2,22,1,15,75,75119,RUE DE BELLEVILLE,48.872853,2.379852,Nuit avec éclairage allumé,En agglomération,Intersection en X,Normale,Autre collision,4,2,2,0,2,1,1,0,1,50,1,1,0,0,0,1,44.0,,deux_roues,,5,2,2,1,6
202000018953,2020-02-21 20:30:00,2020,2,21,20,30,75,75118,BOULEVARD ORNANO,48.896005,2.345984,Nuit avec éclairage allumé,En agglomération,Place,Normale,Autre collision,4,2,2,3,1,1,1,-1,6,50,1,2,1,0,0,1,57.0,,voiture,,5,2,7,1,6
202000018954,2020-02-22 12:50:00,2020,2,22,12,50,75,75117,BOULEVARD BESSIERES,48.897445,2.324278,Plein jour,En agglomération,Intersection à plus de 4 branches,Normale,Autre collision,4,1,3,1,1,1,1,0,1,30,1,2,1,0,0,1,72.0,,voiture,,1,2,5,1,6
202000018955,2020-02-22 01:56:00,2020,2,22,1,56,75,75113,BOULEVARD VINCENT AURIOL,48.83621,2.371493,Nuit avec éclairage allumé,En agglomération,Intersection en X,Normale,Trois véhicules et plus - en chaîne,4,3,1,0,1,1,1,0,1,50,3,7,1,0,1,5,37.0,41.0,voiture,voiture,5,2,2,1,4
202000018956,2020-02-22 00:30:00,2020,2,22,0,30,75,75112,QUAI DE BERCY,48.830919,2.385638,Nuit avec éclairage allumé,En agglomération,Hors intersection,Normale,Deux véhicules - arrière,4,1,0,0,1,1,1,0,1,50,2,2,1,0,0,1,38.0,37.0,deux_roues,voiture,5,2,1,1,2
202000018957,2020-02-22 20:10:00,2020,2,22,20,10,75,75108,AVENUE DE WAGRAM,48.876196,2.2968,Nuit avec éclairage allumé,En agglomération,Hors intersection,Normale,Deux véhicules - côté,4,2,6,0,2,1,1,0,1,50,2,2,1,0,0,1,54.0,27.0,voiture,voiture,5,2,1,1,3
202000018958,2020-02-22 16:20:00,2020,2,22,16,20,75,75107,AVENUE DE LA MOTTE PICQUET,48.855959,2.308029,Plein jour,En agglomération,Intersection en X,Normale,Deux véhicules - côté,4,2,4,0,1,1,1,0,1,50,2,2,1,0,0,1,34.0,28.0,voiture,deux_roues,1,2,2,1,3
202000018959,2020-02-22 16:10:00,2020,2,22,16,10,75,75103,BOULEVARD DE SEBASTOPOL,48.867034,2.352975,Plein jour,En agglomération,Intersection en T,Normale,Deux véhicules - côté,4,3,4,1,1,1,1,-1,5,50,2,2,1,0,0,1,42.0,27.0,deux_roues,utilitaire_camion,1,2,3,1,3
202000018960,2020-02-22 02:20:00,2020,2,22,2,20,75,75103,RUE DES FRANCS BOURGEOIS,48.857244,2.361766,Nuit avec éclairage allumé,En agglomération,Intersection en X,Normale,,4,1,1,0,1,1,1,0,1,30,2,2,1,0,0,1,32.0,,deux_roues,,5,2,2,1,-1
202000018961,2020-02-21 12:10:00,2020,2,21,12,10,75,75103,BOULEVARD SAINT MARTIN,48.868339,2.359695,Plein jour,En agglomération,Hors intersection,Normale,Deux véhicules - arrière,4,2,0,0,1,1,1,0,1,50,2,2,1,0,0,1,60.0,54.0,deux_roues,voiture,1,2,1,1,2
202000018962,2020-02-22 01:00:00,2020,2,22,1,0,93,93005,RTE DE MITRY,48.9494024,2.5196408,Nuit avec éclairage allumé,En agglomération,Autre intersection,Normale,Deux véhicules - côté,3,3,4,0,1,1,1,5,1,50,2,7,6,0,0,1,43.0,24.0,utilitaire_camion,utilitaire_camion,5,2,9,1,3
202000018963,2020-02-22 15:00:00,2020,2,22,15,0,92,92072,LECLERC (AVENUE DE LA DIVISION),48.82457,2.22002,Plein jour,En agglomération,Intersection en T,Normale,Deux véhicules - arrière,3,2,2,0,2,1,1,0,1,50,2,2,1,0,0,1,54.0,50.0,voiture,deux_roues,1,2,3,1,2
202000018964,2020-02-22 10:49:00,2020,2,22,10,49,92,92050,SURESNES RUE DE,48.88392,2.21503,Plein jour,En agglomération,Intersection en X,Normale,Deux véhicules - côté,4,2,2,0,2,1,1,0,1,50,2,4,3,0,1,0,71.0,29.0,voiture,deux_roues,1,2,2,1,3
202000018965,2020-02-22 12:24:00,2020,2,22,12,24,92,92020,EXUPERY AVENUE SAINT,48.8094553,2.2982638,Plein jour,En agglomération,Intersection en T,Normale,Autre collision,3,-1,1,0,1,1,1,0,1,50,1,1,0,0,0,1,,,,,1,2,3,1,6
202000018966,2020-02-22 13:44:00,2020,2,22,13,44,92,92040,MARCEL SEMBAT,48.8147,2.26458,Nuit avec éclairage allumé,En agglomération,Autre intersection,Normale,Trois véhicules et plus - collisions multiples,3,1,2,0,1,1,1,0,1,50,3,3,2,0,0,1,29.0,29.0,voiture,voiture,5,2,9,1,5
202000018967,2020-02-22 21:05:00,2020,2,22,21,5,92,92062,DE DION BOUTON (QUAI) DU 29 AU 65,48.8869,2.25291,Nuit avec éclairage allumé,En agglomération,Hors intersection,Normale,Deux véhicules - arrière,3,1,3,0,1,1,1,1,1,50,2,1,0,0,0,1,26.0,,deux_roues,,5,2,1,1,2
202000018968,2020-02-22 08:10:00,2020,2,22,8,10,92,92024,GENERAL LECLERC (BD DU) (9 A 59)   (4 A,48.89997,2.318032,Plein jour,En agglomération,Intersection en X,Temps couvert,Sans collision,3,1,2,0,1,3,1,0,1,50,1,1,0,0,0,1,59.0,,utilitaire_camion,,1,2,2,8,7
202000018969,2020-02-22 05:50:00,2020,2,22,5,50,47,47044,68 les granges,44.669156,0.556526,Crépuscule ou aube,Hors agglomération,Hors intersection,Normale,Sans collision,3,2,2,0,1,2,1,0,3,-1,1,1,0,0,0,1,21.0,,voiture,,2,1,1,1,7
202000018970,2020-02-22 12:35:00,2020,2,22,12,35,62,62212,D134,50.350691,1.983494,Plein jour,Hors agglomération,Hors intersection,Pluie légère,Deux véhicules - côté,3,2,2,0,2,1,2,0,1,80,2,1,0,0,0,1,26.0,,voiture,,1,1,1,2,3
202000018971,2020-02-22 14:40:00,2020,2,22,14,40,22,22206,LD la dosse,48.551146,-2.981275,Plein jour,Hors agglomération,Intersection en T,Normale,Deux véhicules - côté,3,2,2,0,1,1,1,0,1,80,2,3,2,0,1,0,25.0,38.0,deux_roues,voiture,1,1,3,1,3
202000018972,2020-02-21 08:20:00,2020,2,21,8,20,41,41189,37 Rue Nationale,47.464848,1.129028,Crépuscule ou aube,Hors agglomération,Hors intersection,Normale,Autre collision,3,2,2,0,1,1,1,0,3,70,1,1,0,0,1,0,20.0,,voiture,,2,1,1,1,6
202000018973,2020-02-22 03:20:00,2020,2,22,3,20,972,97205,Lotissement la Batterie,14.645915,-61.13876,Nuit avec éclairage allumé,En agglomération,Autre intersection,Normale,Deux véhicules - frontale,2,3,3,0,2,3,1,9,1,50,2,4,2,1,1,0,25.0,28.0,voiture,deux_roues,5,2,9,1,1
202000018974,2020-02-22 22:45:00,2020,2,22,22,45,60,60395,D125,49.2494547,2.1550155,Nuit sans éclairage public,Hors agglomération,Hors intersection,Normale,Deux véhicules - frontale,3,3,2,0,1,1,2,0,1,80,2,3,0,0,3,0,20.0,38.0,voiture,voiture,3,1,1,1,1
202000018975,2020-02-22 17:45:00,2020,2,22,17,45,01,01339,Avenue des Hélvètes,45.946155,4.739082,Plein jour,En agglomération,Intersection en T,Normale,Deux véhicules - arrière,3,2,2,0,1,1,1,0,1,50,2,5,2,0,0,3,41.0,29.0,voiture,voiture,1,2,3,1,2
202000018976,2020-02-23 05:00:00,2020,2,23,5,0,29,29105,N12 - Croix des Maltotiers,48.510535,-4.098973,Nuit sans éclairage public,Hors agglomération,Hors intersection,Pluie légère,Autre collision,2,1,1,0,1,1,2,3,1,110,1,1,0,1,0,0,29.0,,voiture,,3,1,1,2,6
202000018977,2020-02-21 19:00:00,2020,2,21,19,0,83,83017,Chemin Departemental 554,43.239935,6.004506,Nuit sans éclairage public,En agglomération,Hors intersection,Normale,Autre collision,3,2,2,0,1,2,1,0,3,50,1,1,0,0,0,1,50.0,,voiture,,3,2,1,1,6
202000018978,2020-02-22 18:30:00,2020,2,22,18,30,35,35197,Le Chemin Chaussé,48.23125,-1.595235,Nuit sans éclairage public,Hors agglomération,Hors intersection,Pluie légère,Sans collision,3,2,2,0,1,1,2,0,3,70,1,1,0,0,1,0,24.0,,deux_roues,,3,1,1,2,7
202000018979,2020-02-21 14:36:00,2020,2,21,14,36,56,56140,Bodavel,47.896463,-2.839322,Plein jour,Hors agglomération,Intersection en T,Normale,Deux véhicules - frontale,3,2,2,0,1,1,1,0,1,70,2,3,2,0,1,0,27.0,73.0,deux_roues,voiture,1,1,3,1,1
202000018980,2020-02-23 17:25:00,2020,2,23,17,25,74,74168,D1508,46.009243,6.001368,Crépuscule ou aube,Hors agglomération,Hors intersection,Normale,Sans collision,3,2,2,0,1,2,1,0,1,70,1,2,1,1,0,0,20.0,,deux_roues,,2,1,1,1,7
202000018981,2020-02-23 13:50:00,2020,2,23,13,50,71,71364,Route de Dijon,46.8176208,5.171615,Plein jour,Hors agglomération,Hors intersection,Normale,Deux véhicules - côté,3,2,2,0,1,1,1,0,1,80,2,2,0,0,1,1,15.0,15.0,deux_roues,deux_roues,1,1,1,1,3
202000018982,2020-02-22 15:00:00,2020,2,22,15,0,71,71377,Route de Brancion,46.5552596,4.8288903,Plein jour,Hors agglomération,Hors intersection,Normale,Autre collision,3,2,2,0,2,2,1,0,1,80,1,1,0,0,1,0,71.0,,deux_roues,,1,1,1,1,6
202000018983,2020-02-22 12:00:00,2020,2,22,12,0,63,63231,ZI de Racine D2189,45.877685,3.626271,Plein jour,Hors agglomération,Intersection en X,Normale,Deux véhicules - côté,3,2,2,0,1,1,1,0,1,50,2,3,2,0,1,0,66.0,28.0,deux_roues,voiture,1,1,2,1,3
202000018984,2020-02-22 16:30:00,2020,2,22,16,30,63,63173,Les Pradeaux (Col de montagne),45.526088,3.845266,Plein jour,Hors agglomération,Hors intersection,Normale,Deux véhicules - côté,3,2,2,0,2,3,1,0,1,80,2,2,1,0,1,0,21.0,35.0,deux_roues,voiture,1,1,1,1,3
202000018985,2020-02-23 14:30:00,2020,2,23,14,30,47,47218,Lestalie,44.599925,0.312939,Plein jour,Hors agglomération,Hors intersection,Normale,Sans collision,4,2,2,0,1,1,1,0,1,80,1,1,0,1,0,0,30.0,,deux_roues,,1,1,1,1,7
202000018986,2020-02-23 12:30:00,2020,2,23,12,30,39,39156,,46.578926,5.755779,Plein jour,Hors agglomération,Hors intersection,Normale,Deux véhicules - frontale,3,2,2,0,2,3,1,0,1,80,2,2,1,0,0,1,26.0,23.0,voiture,deux_roues,1,1,1,1,1
202000018987,2020-02-23 17:35:00,2020,2,23,17,35,25,25228,22 Rue de Dampierre,47.507135,6.870114,Plein jour,En agglomération,Hors intersection,Normale,Autre collision,3,2,2,0,1,1,1,0,1,50,1,2,0,0,1,1,50.0,,deux_roues,,1,2,1,1,6
202000018988,2020-02-23 10:25:00,2020,2,23,10,25,44,44189,D33,47.438611,-2.170175,Plein jour,Hors agglomération,Hors intersection,Pluie légère,Autre collision,3,2,2,0,1,1,2,0,3,80,1,1,0,1,0,0,20.0,,voiture,,1,1,1,2,6
202000018989,2020-02-22 03:50:00,2020,2,22,3,50,35,35248,RD 576 Sains,48.548362,-1.587675,Nuit sans éclairage public,Hors agglomération,Intersection en T,Normale,Autre collision,3,2,2,0,2,2,1,5,3,70,1,1,0,0,1,0,23.0,,voiture,,3,1,3,1,6
202000018990,2020-02-23 07:00:00,2020,2,23,7,0,29,29172,Lieu-dit Kerégat,48.167212,-4.267228,Nuit avec éclairage non allumé,Hors agglomération,Giratoire,Pluie légère,Autre collision,4,2,2,0,1,1,2,5,8,50,1,3,0,0,3,0,33.0,,deux_roues,,4,1,6,2,6
202000018991,2020-02-21 22:30:00,2020,2,21,22,30,29,29173,Chemin de Kergaben,48.0115662,-4.1973791,Nuit sans éclairage public,Hors agglomération,Giratoire,Normale,Deux véhicules - frontale,3,3,2,0,1,1,1,0,8,50,2,3,2,0,0,1,71.0,19.0,voiture,voiture,3,1,6,1,1
202000018992,2020-02-22 18:50:00,2020,2,22,18,50,02,02650,Rocquigny,50.0182901,3.9650361,Nuit sans éclairage public,Hors agglomération,Hors intersection,Normale,Deux véhicules - côté,3,2,2,0,1,1,1,0,1,80,2,1,0,0,0,1,22.0,,deux_roues,,3,1,1,1,3
202000018993,2020-02-22 17:00:00,2020,2,22,17,0,58,58226,Le Jarnoy,47.342036,4.12498,Plein jour,Hors agglomération,Hors intersection,Normale,Autre collision,3,2,2,0,1,1,1,0,3,70,1,2,0,0,0,2,20.0,,voiture,,1,1,1,1,6
202000018994,2020-02-23 17:15:00,2020,2,23,17,15,05,05145,Route de Saint-jean,44.669935,6.220765,Crépuscule ou aube,En agglomération,Hors intersection,Temps éblouissant,Autre collision,3,2,2,0,1,1,1,0,1,50,1,2,1,0,0,1,38.0,,voiture,,2,2,1,7,6