accident_id,datetime,annee,mois,jour,heure,minute,departement,commune_insee,adresse,latitude,longitude,luminosite,agglomeration,intersection,meteo,collision,catr,circ,nbv,vosp,prof,plan,surf,infra,situ,vma,nb_vehicules,nb_usagers,nb_indemnes,nb_tues,nb_blesses_hosp,nb_blesses_legers,age_cond_1,age_cond_2,veh_type_cond_1,veh_type_cond_2,lum_code,agg_code,int_code,atm_code,col_code
202000018995,2020-02-23 06:15:00,2020,2,23,6,15,73,73084,D1006 - Chemin du Grand Pre,45.5155963,6.0055999,Nuit sans éclairage public,Hors agglomération,Hors intersection,Normale,Autre collision,3,2,2,0,2,3,1,0,1,70,1,1,0,1,0,0,30.0,,voiture,,3,1,1,1,6
202000018996,2020-02-23 16:00:00,2020,2,23,16,0,43,43162,D9 intersection STE REINE,45.2182164,4.0219918,Plein jour,Hors agglomération,Hors intersection,Normale,Autre collision,3,2,2,0,1,3,1,0,3,80,1,1,0,1,0,0,43.0,,deux_roues,,1,1,1,1,6
202000018997,2020-02-22 19:40:00,2020,2,22,19,40,53,53189,D271,48.493473,-0.520606,Nuit sans éclairage public,Hors agglomération,Hors intersection,Normale,Sans collision,3,2,2,0,1,2,1,0,3,80,1,1,0,0,1,0,15.0,,deux_roues,,3,1,1,1,7
202000018998,2020-02-22 15:20:00,2020,2,22,15,20,21,21272,D980 / D103F,47.426069,4.309301,Plein jour,Hors agglomération,Intersection en X,Temps éblouissant,Deux véhicules - côté,3,2,2,0,1,1,1,0,1,80,2,2,1,0,1,0,25.0,21.0,voiture,deux_roues,1,1,2,7,3
202000018999,2020-02-21 15:45:00,2020,2,21,15,45,85,85227,Rue de Saint Etienne des Loges,46.47276,-0.67103,Plein jour,En agglomération,Hors intersection,Normale,Autre collision,3,2,2,0,1,1,1,0,1,50,1,1,0,0,1,0,20.0,,deux_roues,,1,2,1,1,6
202000019000,2020-02-23 03:15:00,2020,2,23,3,15,85,85197,D763,46.874128,-1.394706,Nuit sans éclairage public,Hors agglomération,Hors intersection,Normale,Sans collision,3,3,2,0,1,2,1,0,2,110,1,2,1,0,1,0,21.0,,voiture,,3,1,1,1,7
202000019001,2020-02-23 14:00:00,2020,2,23,14,0,28,28236,4 Ozée,48.345087,0.872265,Plein jour,Hors agglomération,Hors intersection,Pluie légère,Trois véhicules et plus - collisions multiples,3,2,2,0,1,1,2,0,1,80,3,5,3,0,2,0,24.0,40.0,voiture,utilitaire_camion,1,1,1,2,5
202000019002,2020-02-21 17:00:00,2020,2,21,17,0,13,13051,Route de Saint-chamas,43.59009,5.114774,Plein jour,En agglomération,Intersection en T,Normale,Trois véhicules et plus - collisions multiples,3,2,2,0,1,1,1,0,1,50,3,3,2,0,0,1,80.0,72.0,voiture,utilitaire_camion,1,2,3,1,5
202000019003,2020-02-15 02:10:00,2020,2,15,2,10,06,06088,"A8, PK 185.500, chaussée nord",43.669206,7.200186,Nuit avec éclairage allumé,Hors agglomération,Intersection en Y,Normale,Deux véhicules - frontale,1,3,4,0,3,3,1,0,1,90,2,3,2,0,0,1,44.0,23.0,voiture,voiture,5,1,4,1,1
202000019004,2020-02-22 12:00:00,2020,2,22,12,0,27,27517,A13,49.118771,1.330569,Plein jour,Hors agglomération,Hors intersection,Normale,Deux véhicules - côté,1,3,5,0,1,1,1,0,1,130,2,6,5,0,0,1,30.0,52.0,voiture,voiture,1,1,1,1,3
202000019005,2020-02-23 15:00:00,2020,2,23,15,0,988,98829,RP4 - Creek Jeanne et Marie,-21.714972,166.122165,Plein jour,Hors agglomération,Hors intersection,Normale,Sans collision,3,2,2,0,2,4,1,0,1,90,1,1,0,0,0,1,48.0,,deux_roues,,1,1,1,1,7
202000019006,2020-02-22 06:40:00,2020,2,22,6,40,971,97116,Bosredon,16.315686,-61.481611,Crépuscule ou aube,En agglomération,Hors intersection,Normale,Deux véhicules - côté,2,2,2,0,1,1,1,0,1,-1,2,3,2,0,1,0,47.0,55.0,utilitaire_camion,utilitaire_camion,2,2,1,1,3
202000019007,2020-02-23 10:15:00,2020,2,23,10,15,91,91047,intersection D191-D831,48.488873,2.353928,Plein jour,En agglomération,Intersection en X,Normale,Deux véhicules - côté,3,2,2,0,1,2,1,5,1,50,2,5,4,0,1,0,21.0,37.0,voiture,voiture,1,2,2,1,3
202000019008,2020-02-23 20:20:00,2020,2,23,20,20,55,55514,,48.7449648,5.0495911,Nuit sans éclairage public,Hors agglomération,Intersection en T,Pluie légère,Sans collision,3,2,2,0,1,2,2,0,3,80,1,1,0,0,0,1,24.0,,deux_roues,,3,1,3,2,7
202000019009,2020-02-22 17:00:00,2020,2,22,17,0,69,69227,Route Departementale 34,45.6693422,4.5535327,Plein jour,Hors agglomération,Hors intersection,Normale,Deux véhicules - frontale,3,2,2,0,2,2,1,0,1,80,2,4,0,0,1,3,22.0,64.0,voiture,voiture,1,1,1,1,1
202000019010,2020-02-22 16:00:00,2020,2,22,16,0,69,69178,D489,45.7096636,4.4680963,Plein jour,En agglomération,Intersection en X,Normale,Trois véhicules et plus - collisions multiples,3,2,2,0,2,1,1,0,1,50,3,3,2,0,0,1,56.0,17.0,voiture,deux_roues,1,2,2,1,5
202000019011,2020-02-22 13:15:00,2020,2,22,13,15,64,64407,Route d'Ibusty,43.484524,-1.43591,Plein jour,En agglomération,Hors intersection,Normale,Autre collision,3,2,2,0,1,2,1,0,8,50,1,2,0,0,2,0,25.0,,deux_roues,,1,2,1,1,6
202000019012,2020-02-23 12:00:00,2020,2,23,12,0,14,14712,D37,49.1902726,-0.1952648,Plein jour,Hors agglomération,Hors intersection,Normale,Autre collision,3,2,2,0,1,2,2,0,3,80,1,1,0,0,1,0,18.0,,voiture,,1,1,1,1,6
202000019013,2020-02-22 18:10:00,2020,2,22,18,10,93,93010,AUTOROUTE A3,48.91473,2.47762,Crépuscule ou aube,Hors agglomération,Hors intersection,Normale,Deux véhicules - arrière,1,3,7,0,1,1,1,0,1,110,2,3,1,0,1,1,26.0,31.0,voiture,utilitaire_camion,2,1,1,1,2
202000019014,2020-02-21 21:00:00,2020,2,21,21,0,94,94018,A4,48.8183128,2.4105654,Nuit avec éclairage allumé,Hors agglomération,Hors intersection,Normale,Deux véhicules - arrière,1,1,5,0,1,1,1,0,2,90,2,2,1,0,0,1,32.0,58.0,deux_roues,voiture,5,1,1,1,2
202000019015,2020-02-20 12:39:00,2020,2,20,12,39,988,98818,RUE DU GENERAL SARRAIL,-22.27962,166.44476,Plein jour,En agglomération,Hors intersection,Normale,Deux véhicules - arrière,4,2,2,0,1,1,1,0,1,50,2,2,1,0,0,1,35.0,36.0,deux_roues,utilitaire_camion,1,2,1,1,2
202000019016,2020-02-21 13:30:00,2020,2,21,13,30,974,97411,LECONTE DE LISLE (AVENUE),-20.89312,55.48432,Plein jour,En agglomération,Autre intersection,Normale,Autre collision,4,3,4,0,1,1,1,9,1,30,1,1,0,0,1,0,,,,,1,2,9,1,6
202000019017,2020-02-21 12:05:00,2020,2,21,12,5,69,69386,BELGES (DES)                        (BD),45.7733,4.8516,Plein jour,En agglomération,Intersection en Y,Normale,Deux véhicules - côté,4,2,3,0,1,1,1,0,1,50,2,2,1,0,0,1,43.0,18.0,voiture,deux_roues,1,2,4,1,3
202000019018,2020-02-20 17:45:00,2020,2,20,17,45,972,97209,NICOLAS GUILLEN (AVENUE),14.60628,-61.04832,Plein jour,En agglomération,Intersection en X,Normale,Deux véhicules - côté,4,2,2,0,1,1,1,0,1,50,2,2,1,0,0,1,56.0,44.0,voiture,voiture,1,2,2,1,3
202000019019,2020-02-21 16:10:00,2020,2,21,16,10,2B,2B037,MARANA (ROUTE),42.37275,9.28145,Plein jour,Hors agglomération,Hors intersection,Normale,Deux véhicules - côté,4,2,2,0,1,1,1,0,1,70,2,4,0,0,0,4,80.0,38.0,voiture,voiture,1,1,1,1,3
202000019020,2020-02-21 11:45:00,2020,2,21,11,45,971,97101,AEROPORT POLE CARAIBES,16.27177,-61.52449,Plein jour,Hors agglomération,Hors intersection,Normale,Deux véhicules - frontale,4,2,2,0,1,3,1,0,1,50,2,2,1,0,0,1,26.0,41.0,voiture,voiture,1,1,1,1,1
202000019021,2020-02-20 19:05:00,2020,2,20,19,5,91,91549,GABRIEL PERI (AVENUE),48.63333,2.33333,Nuit avec éclairage allumé,En agglomération,Hors intersection,Pluie forte,Autre collision,4,2,2,0,1,1,2,0,1,30,1,2,1,0,0,1,58.0,,voiture,,5,2,1,3,6
202000019022,2020-02-20 20:45:00,2020,2,20,20,45,91,91223,VICTOIRE (ROND-POINT DE LA),48.43732,2.16318,Nuit avec éclairage allumé,En agglomération,Giratoire,Normale,Deux véhicules - côté,3,1,1,0,1,2,1,5,1,50,2,2,1,0,0,1,45.0,43.0,deux_roues,voiture,5,2,6,1,3
202000019023,2020-02-21 11:00:00,2020,2,21,11,0,91,91027,DUNANT (AVENUE HENRI),48.71302,2.39548,Plein jour,En agglomération,Hors intersection,Temps éblouissant,Trois véhicules et plus - en chaîne,3,2,1,1,1,1,1,0,1,50,3,4,2,0,0,2,29.0,75.0,voiture,voiture,1,2,1,7,4
202000019024,2020-02-20 11:40:00,2020,2,20,11,40,88,88413,Rue de la Prairie,48.28342,6.95292,Plein jour,En agglomération,Intersection en T,Normale,Deux véhicules - côté,4,1,1,0,1,1,1,0,1,50,2,2,1,0,1,0,44.0,58.0,voiture,deux_roues,1,2,3,1,3
202000019025,2020-02-03 20:57:00,2020,2,3,20,57,88,88383,RN 66,48.02623,6.58761,Nuit sans éclairage public,Hors agglomération,Hors intersection,Pluie légère,Trois véhicules et plus - en chaîne,2,3,4,0,1,2,2,0,1,110,3,3,0,0,0,3,32.0,69.0,voiture,voiture,3,1,1,2,4
202000019026,2020-02-20 16:10:00,2020,2,20,16,10,84,84087,LORHO (AVENUE DU GENERAL RAYMOND),44.13288,4.82422,Plein jour,En agglomération,Hors intersection,Normale,Deux véhicules - côté,4,2,2,1,1,2,1,0,1,50,2,2,0,0,1,1,17.0,11.0,deux_roues,deux_roues,1,2,1,1,3
202000019027,2020-02-14 15:45:00,2020,2,14,15,45,84,84007,MARSEILLE (Route)-MONTFAVET,43.9257,4.8474,Plein jour,Hors agglomération,Hors intersection,Normale,Sans collision,2,3,4,0,2,3,1,5,1,90,1,1,0,0,1,0,68.0,,deux_roues,,1,1,1,1,7
202000019028,2020-02-18 13:04:00,2020,2,18,13,4,84,84007,PIERRE SEMARD (avenue),43.95268,4.81643,Plein jour,En agglomération,Hors intersection,Normale,Deux véhicules - arrière,4,2,3,3,1,1,1,0,1,50,2,2,1,0,1,0,19.0,33.0,deux_roues,voiture,1,2,1,1,2
202000019029,2020-02-07 12:50:00,2020,2,7,12,50,84,84007,QUAI SAINT LAZARE (Bd du),43.95268,4.81643,Plein jour,En agglomération,Intersection en Y,Normale,Deux véhicules - arrière,3,1,1,0,1,2,1,0,1,50,2,2,0,0,0,2,70.0,42.0,voiture,voiture,1,2,4,1,2
202000019030,2020-02-20 10:00:00,2020,2,20,10,0,83,83137,1ER BATAILLON DE CHOC (AVE DU),43.1303,5.90978,Plein jour,En agglomération,Hors intersection,Normale,Autre collision,4,2,2,0,1,1,1,0,8,50,1,3,2,0,1,0,28.0,,voiture,,1,2,1,1,6
202000019031,2020-02-21 08:20:00,2020,2,21,8,20,83,83129,BOUILIBAYE (CHE DE),43.09143,5.8371,Plein jour,En agglomération,Autre intersection,Normale,Deux véhicules - frontale,4,-1,1,0,1,1,1,0,8,10,2,2,1,0,1,0,28.0,41.0,deux_roues,voiture,1,2,9,1,1
202000019032,2020-02-21 17:25:00,2020,2,21,17,25,78,78498,PAIN RUE AU,48.93039,2.0398,Crépuscule ou aube,En agglomération,Hors intersection,Normale,Autre collision,4,2,2,0,1,1,1,0,1,30,1,1,0,0,0,1,,,,,2,2,1,1,6
202000019033,2020-02-06 13:30:00,2020,2,6,13,30,76,76319,RN 138,49.348503,1.020734,Plein jour,Hors agglomération,Hors intersection,Normale,Autre collision,2,3,4,0,1,1,1,0,1,110,1,2,0,0,2,0,36.0,,voiture,,1,1,1,1,6
202000019034,2020-02-19 11:15:00,2020,2,19,11,15,74,74218,THONON (AVENUE DE),46.3850428,6.5153813,Plein jour,Hors agglomération,Hors intersection,Normale,Deux véhicules - frontale,3,2,2,0,1,1,1,0,1,80,2,2,1,1,0,0,49.0,38.0,voiture,utilitaire_camion,1,1,1,1,1
202000019035,2020-02-21 05:55:00,2020,2,21,5,55,69,69275,FRANKLIN ROOSEVELT                  (AV),45.7533587,4.9350484,Nuit avec éclairage non allumé,En agglomération,Intersection en T,Normale,Autre collision,3,2,5,1,1,1,1,5,1,50,1,2,1,0,1,0,37.0,,voiture,,4,2,3,1,6
202000019036,2020-02-20 18:20:00,2020,2,20,18,20,69,69256,FRANKLIN ROOSEVELT                  (R ),45.7466252,4.9330761,Crépuscule ou aube,En agglomération,Hors intersection,Normale,Deux véhicules - côté,4,2,2,0,1,1,1,0,1,50,2,2,1,0,0,1,37.0,30.0,utilitaire_camion,voiture,2,2,1,1,3
202000019037,2020-02-21 12:45:00,2020,2,21,12,45,67,67482,PIERRE MENDES FRANCE (AVENUE),48.59897,7.75279,Plein jour,En agglomération,Intersection en X,Normale,Deux véhicules - côté,2,3,2,0,1,1,1,0,1,50,2,2,1,0,0,1,49.0,25.0,utilitaire_camion,voiture,1,2,2,1,3
202000019038,2020-02-20 18:00:00,2020,2,20,18,0,66,66136,BACCHUS ALLEE DE,42.68814,2.88619,Plein jour,En agglomération,Hors intersection,Normale,,4,2,2,0,1,1,1,0,1,50,2,2,1,0,0,1,77.0,19.0,deux_roues,voiture,1,2,1,1,-1
202000019039,2020-02-20 13:40:00,2020,2,20,13,40,66,66136,SAINT-ROCH (CHEMIN DE),42.6881492,2.9091807,Plein jour,En agglomération,Hors intersection,Normale,,4,1,2,0,1,1,1,0,1,30,2,2,1,0,0,1,18.0,39.0,deux_roues,voiture,1,2,1,1,-1
202000019040,2020-02-07 18:40:00,2020,2,7,18,40,64,64348,JEAN MERMOZ,43.32283,-0.37945,Nuit avec éclairage allumé,En agglomération,Hors intersection,Normale,Autre collision,4,2,2,0,1,1,1,0,1,50,1,2,1,0,0,1,69.0,,voiture,,5,2,1,1,6
202000019041,2020-02-05 16:15:00,2020,2,5,16,15,64,64129,BAYONNE DE,43.30484,-0.4011,Plein jour,En agglomération,Hors intersection,Normale,Autre collision,4,2,3,1,1,1,1,0,1,50,1,2,1,0,0,1,25.0,,voiture,,1,2,1,1,6
202000019042,2020-02-21 11:20:00,2020,2,21,11,20,64,64024,BAYONNE (AVENUE DE),43.4817417,-1.5099217,Plein jour,En agglomération,Giratoire,Normale,Deux véhicules - côté,3,3,4,3,1,1,1,5,1,50,2,2,1,0,0,1,54.0,21.0,voiture,deux_roues,1,2,6,1,3
202000019043,2020-02-20 18:50:00,2020,2,20,18,50,63,63300,RD 2009,45.8983768,3.1370583,Nuit sans éclairage public,Hors agglomération,Hors intersection,Normale,Deux véhicules - côté,3,3,4,0,1,1,1,0,1,110,2,4,2,0,1,1,27.0,80.0,voiture,voiture,3,1,1,1,3
202000019044,2020-02-21 08:08:00,2020,2,21,8,8,63,63113,REPUBLIQUE (AVENUE DE LA),45.78736,3.10583,Plein jour,En agglomération,Intersection en T,Normale,Deux véhicules - côté,4,3,2,1,1,1,1,0,1,50,2,2,1,0,0,1,28.0,21.0,deux_roues,voiture,1,2,3,1,3
202000019045,2020-02-21 12:55:00,2020,2,21,12,55,63,63113,TURGOT (PLACE),45.7848744,3.0996595,Plein jour,En agglomération,Hors intersection,Normale,,4,1,1,1,1,2,1,9,8,30,2,2,1,0,0,1,51.0,22.0,deux_roues,deux_roues,1,2,1,1,-1
202000019046,2020-02-20 09:20:00,2020,2,20,9,20,63,63113,GARNIER (RUE CHARLES),45.79323,3.09578,Plein jour,Hors agglomération,Giratoire,Normale,,7,2,4,0,1,2,1,9,1,50,2,2,1,0,0,1,46.0,45.0,voiture,voiture,1,1,6,1,-1
202000019047,2020-09-10 14:50:00,2020,9,10,14,50,69,69383,MARECHAL DE SAXE                    (AV),45.7626886,4.8451538,Plein jour,En agglomération,Intersection en X,Normale,Deux véhicules - côté,4,1,4,0,1,1,1,0,1,50,2,2,1,0,0,1,32.0,71.0,voiture,deux_roues,1,2,2,1,3
202000019048,2020-09-10 06:10:00,2020,9,10,6,10,972,97209,PAUL NARDAL (AVENUE),14.61541,-61.072,Plein jour,Hors agglomération,Intersection en T,Normale,Deux véhicules - côté,2,1,2,0,1,1,1,3,1,50,2,2,1,0,0,1,59.0,56.0,utilitaire_camion,deux_roues,1,1,3,1,3
202000019049,2020-09-08 18:30:00,2020,9,8,18,30,972,97209,ENTRAIDE (ROUTE DE L'),14.62209,-61.05563,Nuit avec éclairage allumé,En agglomération,Intersection en T,Normale,Deux véhicules - côté,4,2,2,0,2,1,1,0,1,50,2,1,0,0,0,1,22.0,,deux_roues,,5,2,3,1,3
202000019050,2020-09-07 08:42:00,2020,9,7,8,42,972,97209,GEORGES GRATIANT (AVENUE),14.61244,-61.04083,Plein jour,En agglomération,Autre intersection,Normale,Deux véhicules - côté,4,2,2,0,2,1,1,0,1,50,2,2,1,0,1,0,51.0,33.0,voiture,deux_roues,1,2,9,1,3
202000019051,2020-09-08 11:45:00,2020,9,8,11,45,69,69385,DOCTEUR ALBERIC PONT (DU)           (R ),45.75419,4.79632,Plein jour,En agglomération,Intersection en X,Normale,Autre collision,4,2,3,0,1,1,1,0,1,50,1,2,1,0,0,1,67.0,,voiture,,1,2,2,1,6
202000019052,2020-09-09 19:00:00,2020,9,9,19,0,91,91433,R.D. 20,48.45813,2.17693,Plein jour,Hors agglomération,Autre intersection,Normale,Sans collision,2,2,-1,0,1,2,8,0,1,50,1,1,0,0,0,1,34.0,,deux_roues,,1,1,9,1,7
202000019053,2020-09-09 08:37:00,2020,9,9,8,37,91,91103,REPUBLIQUE (BOULEVARD DE LA),48.60782,2.30597,Plein jour,En agglomération,Hors intersection,Normale,Sans collision,4,2,2,0,1,1,1,0,4,50,1,1,0,0,0,1,16.0,,deux_roues,,1,2,1,1,7
202000019054,2020-09-09 09:29:00,2020,9,9,9,29,87,87085,ARENES (RUE DES),45.82986,1.25308,Plein jour,En agglomération,Hors intersection,Normale,Autre collision,4,1,1,0,2,1,1,0,1,50,1,2,1,0,0,1,51.0,,voiture,,1,2,1,1,6
202000019055,2020-09-09 16:55:00,2020,9,9,16,55,78,78646,SAINT CLOUD (AVENUE DE),48.80489,2.13093,Plein jour,En agglomération,Intersection en X,Normale,Deux véhicules - côté,3,2,4,0,1,1,1,5,5,50,2,2,1,0,1,0,59.0,18.0,deux_roues,voiture,1,2,2,1,3
202000019056,2020-09-10 19:20:00,2020,9,10,19,20,78,78126,VERSAILLES (ROUTE DE),48.8483,2.109,Crépuscule ou aube,Hors agglomération,Autre intersection,Normale,Deux véhicules - côté,2,1,2,0,1,1,1,0,1,70,2,2,1,0,0,1,38.0,58.0,deux_roues,voiture,2,1,9,1,3
202000019057,2020-08-22 03:10:00,2020,8,22,3,10,76,76245,GAMBETTA (AVENUE),49.5513839,1.0427356,Plein jour,En agglomération,Autre intersection,Normale,Autre collision,4,2,2,0,1,2,2,0,3,50,1,5,2,0,0,3,19.0,,voiture,,1,2,9,1,6
202000019058,2020-09-10 00:55:00,2020,9,10,0,55,76,76322,RAVEL. BOULEVARD MAURICE,49.40983,1.04718,Nuit avec éclairage allumé,En agglomération,Intersection en T,Normale,Deux véhicules - côté,4,2,2,3,1,1,1,-1,1,50,2,1,0,0,0,1,20.0,,voiture,,5,2,3,1,3
202000019059,2020-09-09 17:15:00,2020,9,9,17,15,74,74218,THONON (AVENUE DE),46.38658,6.51988,Plein jour,Hors agglomération,Intersection en T,Normale,Deux véhicules - côté,3,2,2,0,1,1,1,0,1,70,2,2,1,0,1,0,52.0,18.0,voiture,deux_roues,1,1,3,1,3
202000019060,2020-09-09 07:20:00,2020,9,9,7,20,73,73065,LYON (AVENUE DE),45.56294,5.90818,Plein jour,En agglomération,Intersection en X,Normale,Deux véhicules - côté,3,2,2,0,1,1,1,5,1,50,2,2,1,1,0,0,34.0,52.0,deux_roues,utilitaire_camion,1,2,2,1,3
202000019061,2020-09-09 17:50:00,2020,9,9,17,50,72,72181,DEMORIEUX (BD) ENTRE HUISNE ET RD-POINT,47.9983,0.18869,Plein jour,En agglomération,Intersection en T,Normale,Deux véhicules - côté,4,2,3,0,2,1,1,0,1,50,2,2,1,0,0,1,20.0,51.0,deux_roues,transport_commun,1,2,3,1,3
202000019062,2020-09-09 13:00:00,2020,9,9,13,0,71,71040,11 NOVEMBRE 1918 (RUE DU),46.6997416,4.3943142,Plein jour,En agglomération,Hors intersection,Normale,Deux véhicules - côté,4,1,2,0,1,1,1,0,1,50,2,2,1,0,0,1,25.0,55.0,voiture,voiture,1,2,1,1,3
202000019063,2020-09-08 07:50:00,2020,9,8,7,50,71,71040,RN 70 (ROUTE EXPRESS),46.7005364,4.4081499,Plein jour,Hors agglomération,Hors intersection,Normale,Trois véhicules et plus - collisions multiples,2,2,4,0,1,1,1,8,1,50,3,3,0,0,0,3,28.0,42.0,voiture,voiture,1,1,1,1,5
202000019064,2020-09-10 13:00:00,2020,9,10,13,0,71,71153,CAVELL (RUE EDITH),46.7977311,4.4229418,Plein jour,En agglomération,Hors intersection,Normale,Autre collision,3,2,2,0,1,3,1,0,1,50,1,2,1,0,1,0,69.0,,voiture,,1,2,1,1,6
202000019065,2020-09-10 19:25:00,2020,9,10,19,25,71,71475,GIVRY (ROUTE DE ),46.7738595,4.8289165,Plein jour,En agglomération,Giratoire,Normale,Deux véhicules - côté,3,-1,2,0,4,1,1,0,1,50,2,2,1,0,1,0,44.0,41.0,deux_roues,voiture,1,2,6,1,3
202000019066,2020-09-10 15:15:00,2020,9,10,15,15,69,69256,GARIBALDI                           (AV),45.76709,4.93269,Plein jour,En agglomération,Intersection en X,Temps éblouissant,Deux véhicules - côté,4,2,2,0,1,1,1,0,1,50,2,2,1,0,0,1,26.0,21.0,deux_roues,voiture,1,2,2,7,3
202000019067,2020-09-09 18:08:00,2020,9,9,18,8,67,67482,SEBASTOPOL (RUE DE),48.586288,7.742966,Plein jour,En agglomération,Hors intersection,Normale,,4,3,3,3,1,1,2,0,6,50,2,3,2,0,0,1,21.0,20.0,deux_roues,voiture,1,2,1,1,-1
202000019068,2020-09-09 16:58:00,2020,9,9,16,58,66,66136,SAINT-ANDRE (DE),42.6854751,2.9070009,Plein jour,En agglomération,Hors intersection,Normale,Autre collision,4,2,1,0,1,1,1,0,1,50,1,1,0,0,0,1,54.0,,voiture,,1,2,1,1,6
202000019069,2020-09-09 15:42:00,2020,9,9,15,42,66,66136,BERNARD SABBAH (ROND-POINT),42.7338,2.88963,Plein jour,En agglomération,Hors intersection,Normale,Deux véhicules - côté,4,1,2,0,1,2,1,0,1,50,2,2,1,0,0,1,16.0,46.0,deux_roues,voiture,1,2,1,1,3
202000019070,2020-09-10 17:30:00,2020,9,10,17,30,64,64348,SANTONA DE,43.321805,-0.395567,Plein jour,En agglomération,Hors intersection,Normale,Trois véhicules et plus - en chaîne,4,2,2,0,1,1,1,0,1,70,4,5,3,0,0,2,21.0,30.0,voiture,voiture,1,2,1,1,4
202000019071,2020-09-10 21:08:00,2020,9,10,21,8,64,64140,GLIZE (RUE RAYMOND ET MARCEL),43.52783,-1.47434,Crépuscule ou aube,En agglomération,Hors intersection,Normale,Trois véhicules et plus - collisions multiples,4,2,2,0,1,1,1,0,1,50,3,3,2,0,0,1,22.0,37.0,deux_roues,voiture,2,2,1,1,5
202000019072,2020-09-09 16:00:00,2020,9,9,16,0,63,63124,LE CORBUSIER (RUE),45.7337,3.18193,Plein jour,En agglomération,Intersection en Y,Normale,Deux véhicules - côté,4,2,2,0,1,3,1,0,1,50,2,2,1,0,1,0,33.0,23.0,deux_roues,utilitaire_camion,1,2,4,1,3
202000019073,2020-09-08 08:50:00,2020,9,8,8,50,63,63193,RD 769,45.77332,3.21267,Plein jour,Hors agglomération,Intersection en Y,Normale,Trois véhicules et plus - collisions multiples,3,2,3,0,2,1,1,0,1,80,3,3,1,0,1,1,60.0,36.0,voiture,voiture,1,1,4,1,5
202000019074,2020-09-09 14:30:00,2020,9,9,14,30,59,59178,GRAND MARAIS (RUE DU),50.40162,3.13065,Plein jour,En agglomération,Hors intersection,Normale,,4,2,2,0,1,1,1,0,1,30,2,2,1,0,1,0,31.0,33.0,deux_roues,utilitaire_camion,1,2,1,1,-1
202000019075,2020-09-08 10:20:00,2020,9,8,10,20,54,54431,RD 657 CHAMPEY,48.924095,6.065365,Plein jour,Hors agglomération,Intersection en X,Normale,Deux véhicules - côté,3,2,4,0,1,1,1,5,1,70,2,2,1,1,0,0,95.0,55.0,voiture,utilitaire_camion,1,1,2,1,3
202000019076,2020-09-10 17:30:00,2020,9,10,17,30,54,54395,PINCHARD (AVENUE OMBELLES A LIBE),48.6979,6.1429,Plein jour,En agglomération,Hors intersection,Normale,Deux véhicules - arrière,4,2,2,0,4,1,1,0,1,50,2,2,1,0,0,1,25.0,21.0,deux_roues,voiture,1,2,1,1,2
202000019077,2020-08-22 23:45:00,2020,8,22,23,45,54,54395,STANISLAS (RUE),48.6913662,6.1761744,Nuit avec éclairage allumé,En agglomération,Hors intersection,Normale,Deux véhicules - arrière,4,1,2,3,1,1,1,0,1,50,2,1,0,0,0,1,31.0,,deux_roues,,5,2,1,1,2
202000019078,2020-09-04 08:00:00,2020,9,4,8,0,54,54395,JARDINIERS (RUE DES,48.68893,6.19192,Plein jour,En agglomération,Intersection en X,Normale,Deux véhicules - côté,4,1,2,0,1,1,1,0,1,50,2,1,0,0,0,1,15.0,,deux_roues,,1,2,2,1,3
202000019079,2020-09-09 22:25:00,2020,9,9,22,25,54,54395,SAINT GEORGES (RUE),48.6919554,6.1862777,Nuit avec éclairage allumé,En agglomération,Hors intersection,Normale,Autre collision,4,1,1,0,1,1,1,0,4,30,1,6,1,0,0,5,18.0,,voiture,,5,2,1,1,6
202000019080,2020-09-09 06:25:00,2020,9,9,6,25,54,54300,GALTIER (RUE LUCIEN),48.6617205,6.2218887,Crépuscule ou aube,En agglomération,Hors intersection,Normale,Autre collision,4,2,1,0,1,1,1,0,1,50,1,2,0,0,0,2,59.0,,deux_roues,,2,2,1,1,6
202000019081,2020-09-10 11:35:00,2020,9,10,11,35,51,51454,Rue Saint Thierry,49.2700519,4.0151185,Plein jour,En agglomération,Hors intersection,Normale,Sans collision,4,2,2,0,1,1,1,0,1,30,1,1,0,0,0,1,,,,,1,2,1,1,7
202000019082,2020-09-09 16:20:00,2020,9,9,16,20,50,50165,EGLISE (RUE DE L'),48.85501,-1.56885,Plein jour,En agglomération,Hors intersection,Normale,Deux véhicules - frontale,4,4,2,0,2,1,1,0,1,30,2,2,1,0,1,0,39.0,47.0,deux_roues,voiture,1,2,1,1,1
202000019083,2020-09-10 08:50:00,2020,9,10,8,50,50,50129,AMIOT (BOULEVARD FELIX),49.64238,-1.61297,Plein jour,Hors agglomération,Intersection en Y,Normale,Deux véhicules - arrière,4,2,2,0,1,1,1,0,1,50,2,2,1,0,0,1,19.0,36.0,deux_roues,voiture,1,1,4,1,2
202000019084,2020-09-07 08:05:00,2020,9,7,8,5,49,49007,TROIS PAROISSES CHEMIN,47.44106,-0.5512,Crépuscule ou aube,En agglomération,Hors intersection,Temps éblouissant,Deux véhicules - côté,3,-1,2,0,1,1,1,0,1,50,2,2,1,0,0,1,31.0,18.0,voiture,deux_roues,2,2,1,7,3
202000019085,2020-09-09 18:30:00,2020,9,9,18,30,49,49007,,47.4751116,-0.504752,Plein jour,Hors agglomération,Hors intersection,Normale,Autre collision,1,-1,2,0,1,1,1,0,1,80,1,1,0,0,0,1,33.0,,voiture,,1,1,1,1,6