accident_id,datetime,annee,mois,jour,heure,minute,departement,commune_insee,adresse,latitude,longitude,luminosite,agglomeration,intersection,meteo,collision,catr,circ,nbv,vosp,prof,plan,surf,infra,situ,vma,nb_vehicules,nb_usagers,nb_indemnes,nb_tues,nb_blesses_hosp,nb_blesses_legers,age_cond_1,age_cond_2,veh_type_cond_1,veh_type_cond_2,lum_code,agg_code,int_code,atm_code,col_code
202000019177,2020-09-10 23:00:00,2020,9,10,23,0,79,79242,La Petite Roulière,46.912692,-0.49741,Nuit sans éclairage public,Hors agglomération,Hors intersection,Normale,Autre collision,3,2,1,0,1,3,1,0,3,80,1,1,0,0,1,0,21.0,,voiture,,3,1,1,1,6
202000019178,2020-09-09 17:40:00,2020,9,9,17,40,80,80199,D938,49.958376,2.888228,Plein jour,En agglomération,Intersection en X,Normale,Trois véhicules et plus - collisions multiples,3,2,2,0,1,1,1,0,1,50,3,3,2,0,1,0,22.0,24.0,voiture,voiture,1,2,2,1,5
202000019179,2020-09-11 15:00:00,2020,9,11,15,0,80,80566,D49,50.0907,2.237837,Plein jour,Hors agglomération,Hors intersection,Normale,Deux véhicules - frontale,3,2,2,0,3,4,1,0,1,80,2,2,1,0,1,0,46.0,68.0,deux_roues,voiture,1,1,1,1,1
202000019180,2020-09-10 10:15:00,2020,9,10,10,15,80,80800,D29,49.856914,1.854056,Plein jour,Hors agglomération,Intersection en X,Normale,Deux véhicules - côté,3,2,2,0,1,1,1,0,3,80,2,3,2,0,1,0,52.0,59.0,voiture,voiture,1,1,2,1,3
202000019181,2020-09-10 17:30:00,2020,9,10,17,30,65,65373,D10,43.307989,0.456533,Plein jour,Hors agglomération,Autre intersection,Normale,Sans collision,3,2,2,0,1,1,1,0,3,70,1,2,1,0,1,0,73.0,,voiture,,1,1,9,1,7
202000019182,2020-09-10 18:10:00,2020,9,10,18,10,81,81064,Cante Merle,43.957279,1.858159,Crépuscule ou aube,Hors agglomération,Hors intersection,Normale,Deux véhicules - arrière,3,2,2,0,3,1,1,0,1,80,2,2,1,0,1,0,23.0,56.0,utilitaire_camion,deux_roues,2,1,1,1,2
202000019183,2020-09-11 09:07:00,2020,9,11,9,7,32,32027,Chemin de junca,43.699945,-0.232915,Plein jour,En agglomération,Intersection en X,Normale,Deux véhicules - côté,4,2,2,0,1,1,1,2,1,50,2,2,0,0,1,1,63.0,42.0,voiture,deux_roues,1,2,2,1,3
202000019184,2020-09-11 09:40:00,2020,9,11,9,40,11,11043,D101,43.21789,2.439072,Plein jour,Hors agglomération,Hors intersection,Normale,Deux véhicules - frontale,3,2,2,0,1,1,1,0,1,80,2,2,1,0,1,0,49.0,28.0,voiture,voiture,1,1,1,1,1
202000019185,2020-09-03 16:00:00,2020,9,3,16,0,61,61081,La Benardiere,48.648891,0.191302,Plein jour,En agglomération,Intersection en X,Normale,Deux véhicules - arrière,3,2,2,0,2,1,1,0,1,50,2,2,1,0,0,1,35.0,20.0,utilitaire_camion,voiture,1,2,2,1,2
202000019186,2020-09-03 15:45:00,2020,9,3,15,45,55,55398,RD 36 - PK 12 + 0100,48.683697,5.72421,Plein jour,Hors agglomération,Intersection en X,Normale,Autre collision,2,3,-1,-1,1,4,1,3,8,-1,1,2,1,0,1,0,78.0,,voiture,,1,1,2,1,6
202000019187,2020-09-10 22:30:00,2020,9,10,22,30,49,49180,RD347,47.365273,-0.093616,Nuit sans éclairage public,Hors agglomération,Hors intersection,Normale,Deux véhicules - arrière,3,2,3,0,1,1,1,0,1,80,2,2,0,0,1,1,22.0,,deux_roues,,3,1,1,1,2
202000019188,2020-09-11 14:20:00,2020,9,11,14,20,42,42011,2 Rue du 8 Mai,45.8176603,4.1851057,Plein jour,En agglomération,Intersection en X,Normale,Deux véhicules - côté,3,2,2,0,1,1,1,5,1,50,2,2,1,0,1,0,41.0,31.0,utilitaire_camion,deux_roues,1,2,2,1,3
202000019189,2020-09-11 18:20:00,2020,9,11,18,20,42,42006,Route de Tiranges,45.3746398,3.9957714,Plein jour,Hors agglomération,Hors intersection,Normale,Autre collision,3,2,2,0,2,3,1,0,1,80,1,1,0,0,1,0,60.0,,deux_roues,,1,1,1,1,6
202000019190,2020-09-08 14:40:00,2020,9,8,14,40,22,22212,Keranguere,48.658074,-3.195863,Plein jour,Hors agglomération,Intersection en T,Normale,Deux véhicules - côté,3,2,2,0,1,1,1,0,1,80,2,2,0,0,1,1,86.0,73.0,voiture,voiture,1,1,3,1,3
202000019191,2020-09-10 18:18:00,2020,9,10,18,18,22,22055,La Ville Marqué Etables,48.6203755,-2.8406317,Plein jour,Hors agglomération,Intersection en Y,Normale,Sans collision,3,2,2,0,1,1,1,0,3,80,1,1,0,0,1,0,82.0,,voiture,,1,1,4,1,7
202000019192,2020-09-09 13:04:00,2020,9,9,13,4,44,44087,RD 95,46.975026,-1.808174,Plein jour,Hors agglomération,Intersection en T,Normale,Trois véhicules et plus - collisions multiples,3,2,2,0,1,1,1,0,1,80,3,3,2,0,1,0,63.0,65.0,voiture,deux_roues,1,1,3,1,5
202000019193,2020-09-10 19:10:00,2020,9,10,19,10,31,31224,Avenue de Luchon,43.063773,0.588546,Plein jour,Hors agglomération,Hors intersection,Normale,Deux véhicules - arrière,3,2,2,0,1,1,1,0,1,70,2,2,1,0,0,1,64.0,40.0,voiture,deux_roues,1,1,1,1,2
202000019194,2020-09-11 21:45:00,2020,9,11,21,45,31,31232,Avenue de Guiraudis,43.770311,1.283716,Nuit sans éclairage public,En agglomération,Hors intersection,Normale,Deux véhicules - arrière,3,2,2,0,1,1,1,0,1,50,2,2,1,0,0,1,31.0,18.0,utilitaire_camion,deux_roues,3,2,1,1,2
202000019195,2020-09-09 07:30:00,2020,9,9,7,30,02,02668,Rue de la Gare,49.830495,3.698391,Crépuscule ou aube,En agglomération,Autre intersection,Normale,Sans collision,3,2,2,0,1,1,1,0,1,50,1,1,0,0,1,0,46.0,,deux_roues,,2,2,9,1,7
202000019196,2020-09-10 17:15:00,2020,9,10,17,15,02,02012,Départementale 6,49.321458,3.428249,Plein jour,Hors agglomération,Hors intersection,Temps éblouissant,Deux véhicules - côté,3,2,2,0,1,1,1,0,1,80,2,2,1,0,1,0,35.0,22.0,voiture,utilitaire_camion,1,1,1,7,3
202000019197,2020-08-27 16:45:00,2020,8,27,16,45,01,01266,46 Grande Rue,46.338485,5.128058,Plein jour,En agglomération,Intersection en T,Normale,Deux véhicules - côté,3,2,2,0,1,1,1,0,1,30,2,2,1,0,0,1,70.0,19.0,deux_roues,voiture,1,2,3,1,3
202000019198,2020-09-09 14:10:00,2020,9,9,14,10,01,01266,Grande Rue,46.338492,5.128035,Plein jour,En agglomération,Intersection en T,Normale,Deux véhicules - côté,3,2,2,0,2,1,1,0,1,50,2,2,1,0,0,1,17.0,58.0,deux_roues,voiture,1,2,3,1,3
202000019199,2020-09-11 08:00:00,2020,9,11,8,0,50,50615,3 Avenue du Quesnay,49.500037,-1.470535,Plein jour,En agglomération,Hors intersection,Normale,Deux véhicules - frontale,4,2,2,0,1,3,1,0,1,50,2,3,2,0,1,0,35.0,50.0,utilitaire_camion,deux_roues,1,2,1,1,1
202000019200,2020-09-10 11:30:00,2020,9,10,11,30,31,31112,Ancienne Ligne de Chemin de Fer Boussens - Saint-Girons,43.042006,0.991532,Plein jour,Hors agglomération,Hors intersection,Normale,Deux véhicules - arrière,3,2,2,0,1,1,1,0,1,80,2,3,2,0,0,1,44.0,74.0,deux_roues,voiture,1,1,1,1,2
202000019201,2020-09-11 11:30:00,2020,9,11,11,30,64,64436,Route Departementale 918,43.23301,-1.298771,Plein jour,En agglomération,Hors intersection,Normale,Deux véhicules - côté,3,2,2,0,1,1,1,0,1,50,2,2,1,0,1,0,61.0,72.0,deux_roues,voiture,1,2,1,1,3
202000019202,2020-09-08 22:00:00,2020,9,8,22,0,64,64190,D834,43.512005,-0.313261,Nuit sans éclairage public,Hors agglomération,Hors intersection,Normale,Sans collision,3,2,2,0,4,3,1,0,8,80,1,2,0,0,1,1,59.0,,voiture,,3,1,1,1,7
202000019203,2020-09-11 17:45:00,2020,9,11,17,45,64,64488,1 Route de Lourdes,43.39508,-0.210828,Plein jour,Hors agglomération,Intersection en X,Normale,Deux véhicules - côté,3,2,2,0,2,2,1,0,1,80,2,2,1,0,0,1,63.0,42.0,voiture,voiture,1,1,2,1,3
202000019204,2020-09-11 12:00:00,2020,9,11,12,0,73,73151,Chemin de Blardet,45.4956275,5.9903439,Plein jour,En agglomération,Intersection en X,Normale,Deux véhicules - arrière,4,2,2,0,1,1,1,0,1,50,2,2,1,0,0,1,43.0,42.0,utilitaire_camion,deux_roues,1,2,2,1,2
202000019205,2020-09-06 17:50:00,2020,9,6,17,50,43,43267,Lieu dit Chamboulive,45.199367,3.9612579,Plein jour,Hors agglomération,Hors intersection,Normale,Sans collision,3,2,2,0,2,2,1,0,8,80,1,2,0,0,1,1,62.0,,deux_roues,,1,1,1,1,7
202000019206,2020-09-11 07:50:00,2020,9,11,7,50,16,16028,Lieu dit Trop vendu,45.466,-0.182653,Crépuscule ou aube,Hors agglomération,Hors intersection,Normale,Deux véhicules - arrière,3,-1,2,0,2,1,1,0,1,70,2,3,2,0,1,0,64.0,35.0,deux_roues,utilitaire_camion,2,1,1,1,2
202000019207,2020-09-11 18:58:00,2020,9,11,18,58,07,07338,D21,44.890366,4.6609484,Plein jour,Hors agglomération,Hors intersection,Normale,Autre collision,3,2,2,0,3,2,9,0,1,80,1,1,0,0,1,0,20.0,,voiture,,1,1,1,1,6
202000019208,2020-08-05 22:50:00,2020,8,5,22,50,07,07031,Quartier Chagnac,44.374791,4.19545,Nuit avec éclairage allumé,En agglomération,Giratoire,Normale,Autre collision,3,2,2,0,1,1,1,0,1,30,1,1,0,0,1,0,18.0,,deux_roues,,5,2,6,1,6
202000019209,2020-09-10 21:10:00,2020,9,10,21,10,40,40110,D11,43.630982,-0.363149,Crépuscule ou aube,Hors agglomération,Hors intersection,Normale,Deux véhicules - frontale,3,2,2,0,1,1,1,0,1,80,2,2,0,0,1,1,25.0,66.0,voiture,voiture,2,1,1,1,1
202000019210,2020-09-10 16:50:00,2020,9,10,16,50,24,24120,D5,45.277871,1.105585,Plein jour,Hors agglomération,Intersection en X,Normale,Deux véhicules - frontale,3,2,2,0,1,1,1,0,1,80,2,5,0,0,2,3,56.0,61.0,voiture,voiture,1,1,2,1,1
202000019211,2020-09-11 11:45:00,2020,9,11,11,45,04,04139,RD 946 / Basarique,44.1691828,5.8379727,Plein jour,Hors agglomération,Intersection en T,Normale,Deux véhicules - côté,3,2,2,0,2,1,1,0,1,80,2,2,1,0,1,0,34.0,58.0,deux_roues,voiture,1,1,3,1,3
202000019212,2020-09-05 11:20:00,2020,9,5,11,20,27,27284,rue François Cadennes,49.278154,1.785241,Plein jour,En agglomération,Intersection en X,Normale,Deux véhicules - côté,4,2,2,0,1,1,1,5,1,50,2,3,1,0,1,1,38.0,37.0,deux_roues,utilitaire_camion,1,2,2,1,3
202000019213,2020-09-09 13:43:00,2020,9,9,13,43,48,48189,D50,44.611391,3.423926,Plein jour,Hors agglomération,Hors intersection,Pluie forte,Sans collision,3,2,2,0,2,4,2,0,8,80,1,1,0,0,1,0,19.0,,voiture,,1,1,1,3,7
202000019214,2020-08-28 22:40:00,2020,8,28,22,40,04,04128,RD 907 / RD 956,43.843856,5.688236,Nuit sans éclairage public,Hors agglomération,Intersection en T,Normale,Deux véhicules - frontale,3,2,2,0,2,3,1,0,1,80,2,5,3,0,0,2,70.0,50.0,voiture,voiture,3,1,3,1,1
202000019215,2020-09-10 19:55:00,2020,9,10,19,55,38,38454,A49,45.15986,5.36248,Nuit sans éclairage public,Hors agglomération,Hors intersection,Normale,Autre collision,1,3,4,0,1,3,1,0,1,130,1,1,0,1,0,0,28.0,,deux_roues,,3,1,1,1,6
202000019216,2020-08-14 14:00:00,2020,8,14,14,0,978,97801,RN7 - La Savane,18.077963,-63.029051,Plein jour,Hors agglomération,Hors intersection,Normale,Deux véhicules - côté,2,2,2,0,2,1,1,0,1,50,2,2,1,1,0,0,62.0,22.0,voiture,deux_roues,1,1,1,1,3
202000019217,2020-09-11 14:10:00,2020,9,11,14,10,42,42243,A89,45.8610266,3.9935162,Plein jour,Hors agglomération,Hors intersection,Normale,Autre collision,1,3,4,0,1,1,1,0,3,130,1,2,1,0,0,1,79.0,,autre,,1,1,1,1,6
202000019218,2020-09-09 19:40:00,2020,9,9,19,40,973,97306,D9,5.65216,-53.839574,Nuit sans éclairage public,Hors agglomération,Hors intersection,Normale,Deux véhicules - côté,3,2,2,0,2,1,1,0,1,80,2,4,2,1,1,0,63.0,33.0,voiture,voiture,3,1,1,1,3
202000019219,2020-09-11 16:10:00,2020,9,11,16,10,33,33199,54 Rue Jules Barat / 74 Rue Edmond Daubric,44.640926,-1.064011,Plein jour,En agglomération,Intersection en X,Normale,Deux véhicules - côté,4,1,1,0,1,1,1,0,8,30,2,2,1,0,1,0,19.0,25.0,deux_roues,voiture,1,2,2,1,3
202000019220,2020-09-11 08:00:00,2020,9,11,8,0,37,37131,rue du 8 mai 1945,47.4575942,1.0415565,Plein jour,En agglomération,Intersection en T,Normale,Autre collision,3,2,2,0,1,1,1,0,1,50,1,2,1,0,0,1,36.0,,voiture,,1,2,3,1,6
202000019221,2020-09-07 18:50:00,2020,9,7,18,50,91,91315,CD 31,48.519674,2.35498,Plein jour,Hors agglomération,Hors intersection,Normale,Deux véhicules - frontale,3,2,2,1,1,3,1,0,5,90,2,2,1,0,0,1,46.0,39.0,voiture,voiture,1,1,1,1,1
202000019222,2020-09-10 21:00:00,2020,9,10,21,0,30,30051,D361,44.227396,4.000461,Nuit sans éclairage public,Hors agglomération,Hors intersection,Normale,Sans collision,3,2,2,0,2,4,1,0,3,70,1,1,0,0,1,0,36.0,,deux_roues,,3,1,1,1,7
202000019223,2020-09-10 01:15:00,2020,9,10,1,15,06,06011,Avenue Fernand Dunan,43.703864,7.330906,Nuit avec éclairage allumé,En agglomération,Hors intersection,Autre,Deux véhicules - frontale,4,2,2,0,1,1,2,0,1,-1,2,2,1,0,1,0,53.0,63.0,deux_roues,deux_roues,5,2,1,9,1
202000019224,2020-09-11 08:20:00,2020,9,11,8,20,13,13076,Avenue des Vergers,43.820417,5.014518,Plein jour,En agglomération,Intersection en T,Normale,Deux véhicules - frontale,4,2,2,0,1,1,1,0,1,50,2,2,0,1,0,1,31.0,27.0,deux_roues,voiture,1,2,3,1,1
202000019225,2020-09-11 08:05:00,2020,9,11,8,5,71,71176,Rue Louis Queroy,46.476884,3.9917215,Plein jour,En agglomération,Hors intersection,Normale,Autre collision,4,1,1,3,1,1,1,0,1,30,1,2,1,0,0,1,45.0,,voiture,,1,2,1,1,6
202000019226,2020-09-11 18:05:00,2020,9,11,18,5,54,54262,Route d'Hoeville,48.70821,6.42889,Plein jour,Hors agglomération,Hors intersection,Normale,,3,2,2,0,1,3,1,0,1,80,2,4,2,0,1,1,50.0,29.0,voiture,deux_roues,1,1,1,1,-1
202000019227,2020-09-11 00:15:00,2020,9,11,0,15,57,57415,3 Route de Woippy,49.141706,6.107009,Nuit sans éclairage public,Hors agglomération,Hors intersection,Normale,Autre collision,3,2,2,0,2,3,1,0,3,80,1,1,0,1,0,0,24.0,,voiture,,3,1,1,1,6
202000019228,2020-09-10 17:05:00,2020,9,10,17,5,03,03286,,46.4874818,3.345428,Plein jour,Hors agglomération,Hors intersection,Normale,Sans collision,3,2,2,0,1,1,1,0,1,80,1,1,0,0,1,0,76.0,,deux_roues,,1,1,1,1,7
202000019229,2020-09-11 13:55:00,2020,9,11,13,55,74,74220,Route d'Annemasse,46.148038,6.261327,Plein jour,Hors agglomération,Hors intersection,Normale,Trois véhicules et plus - collisions multiples,3,2,2,0,3,1,1,0,1,80,3,4,2,0,0,2,22.0,20.0,utilitaire_camion,voiture,1,1,1,1,5
202000019230,2020-09-09 16:45:00,2020,9,9,16,45,38,38445,D113,45.039794,5.782902,Plein jour,Hors agglomération,Hors intersection,Temps couvert,Autre collision,3,2,2,0,2,4,2,0,1,70,1,2,1,0,1,0,16.0,,deux_roues,,1,1,1,8,6
202000019231,2020-09-11 16:30:00,2020,9,11,16,30,38,38170,Route de Lyon,45.248531,5.666574,Plein jour,En agglomération,Hors intersection,Normale,Deux véhicules - frontale,3,3,1,2,1,1,1,0,5,50,2,2,1,0,0,1,16.0,,deux_roues,,1,2,1,1,1
202000019232,2020-08-16 15:45:00,2020,8,16,15,45,26,26116,Route Nationale 7,44.453603,4.750278,Plein jour,Hors agglomération,Hors intersection,Normale,Trois véhicules et plus - en chaîne,2,2,2,3,1,2,1,0,1,80,3,3,2,0,0,1,50.0,34.0,voiture,voiture,1,1,1,1,4
202000019233,2020-09-10 17:20:00,2020,9,10,17,20,01,01262,D38,45.865983,4.999927,Plein jour,Hors agglomération,Intersection en X,Normale,Deux véhicules - arrière,3,2,2,0,1,1,1,0,1,80,2,2,0,0,0,2,18.0,30.0,voiture,voiture,1,1,2,1,2
202000019234,2020-09-10 12:30:00,2020,9,10,12,30,81,81038,D13,43.895349,1.961124,Plein jour,Hors agglomération,Hors intersection,Normale,Deux véhicules - frontale,3,2,2,0,1,1,1,0,1,80,2,2,0,0,1,1,62.0,47.0,voiture,voiture,1,1,1,1,1
202000019235,2020-09-09 06:10:00,2020,9,9,6,10,33,33392,D10,44.584488,-0.26894,Nuit sans éclairage public,Hors agglomération,Hors intersection,Normale,Autre collision,3,2,2,0,1,1,1,0,1,80,1,1,0,0,1,0,51.0,,deux_roues,,3,1,1,1,6
202000019236,2020-09-10 21:00:00,2020,9,10,21,0,49,49301,La Grenouille,47.022365,-1.046966,Nuit sans éclairage public,Hors agglomération,Intersection en T,Normale,Deux véhicules - côté,3,2,2,0,1,1,1,0,1,80,2,3,2,0,1,0,48.0,66.0,deux_roues,utilitaire_camion,3,1,3,1,3
202000019237,2020-09-11 09:10:00,2020,9,11,9,10,50,50531,Le Moulin Leveque (Saint-Ovin),48.663435,-1.248204,Plein jour,Hors agglomération,Hors intersection,Normale,Sans collision,3,2,2,0,1,3,1,0,3,80,1,1,0,0,1,0,48.0,,voiture,,1,1,1,1,7
202000019238,2020-09-10 14:40:00,2020,9,10,14,40,14,14720,RD43,48.943126,-0.290794,Plein jour,Hors agglomération,Hors intersection,Normale,Sans collision,3,2,2,0,1,1,1,0,3,80,1,1,0,0,1,0,92.0,,voiture,,1,1,1,1,7
202000019239,2020-08-16 17:30:00,2020,8,16,17,30,29,29042,Kernaléguen Tréflez Ouest,48.219111,-4.545218,Plein jour,Hors agglomération,Hors intersection,Normale,Sans collision,4,2,2,0,2,1,1,0,1,80,1,1,0,1,0,0,38.0,,deux_roues,,1,1,1,1,7
202000019240,2020-06-10 13:15:00,2020,6,10,13,15,972,97209,RD 41 (ROCADE),14.61157,-61.07936,Plein jour,En agglomération,Hors intersection,Normale,Deux véhicules - arrière,3,3,2,0,3,2,1,0,1,70,2,2,1,0,0,1,24.0,58.0,deux_roues,voiture,1,2,1,1,2
202000019241,2020-06-11 01:08:00,2020,6,11,1,8,95,95582,BEL-AIR (BOULEVARD DU),48.983342,2.24294,Nuit avec éclairage allumé,En agglomération,Hors intersection,Pluie légère,Deux véhicules - côté,3,3,0,0,1,1,2,0,1,50,2,3,0,0,0,3,20.0,20.0,voiture,voiture,5,2,1,2,3
202000019242,2020-06-10 18:10:00,2020,6,10,18,10,91,91477,PREMIER MAI (AVENUE DU),48.71364,2.25774,Plein jour,En agglomération,Intersection en X,Normale,Deux véhicules - côté,4,2,2,0,2,1,1,0,1,50,2,2,1,0,0,1,52.0,25.0,voiture,deux_roues,1,2,2,1,3
202000019243,2020-06-11 09:50:00,2020,6,11,9,50,91,91477,DOUMER (RUE PAUL),48.723718,2.248899,Plein jour,En agglomération,Hors intersection,Normale,Autre collision,4,-1,2,0,1,2,1,0,8,30,1,2,1,0,0,1,48.0,,utilitaire_camion,,1,2,1,1,6
202000019244,2020-06-11 15:40:00,2020,6,11,15,40,91,91514,BOISSY (RUE DE),48.675511,2.535829,Plein jour,En agglomération,Hors intersection,Normale,Deux véhicules - côté,3,2,2,0,1,1,1,0,1,50,2,2,1,0,1,0,16.0,29.0,deux_roues,voiture,1,2,1,1,3
202000019245,2020-06-09 16:20:00,2020,6,9,16,20,87,87085,SCHUMAN (BOULEVARD ROBERT),45.8686,1.2781,Plein jour,Hors agglomération,Giratoire,Normale,Autre collision,4,3,4,0,1,1,1,5,1,70,1,1,0,0,0,1,17.0,,deux_roues,,1,1,6,1,6
202000019246,2020-06-10 18:30:00,2020,6,10,18,30,83,83144,RN 97,43.143213,6.010074,Plein jour,Hors agglomération,Hors intersection,Normale,Deux véhicules - côté,3,2,2,0,1,1,1,0,1,70,2,2,1,0,0,1,36.0,32.0,voiture,deux_roues,1,1,1,1,3
202000019247,2020-06-11 14:30:00,2020,6,11,14,30,81,81163,SABATIE (CHARLES),43.4979,2.37377,Plein jour,En agglomération,Hors intersection,Normale,Deux véhicules - côté,3,2,2,0,1,1,1,0,1,50,2,2,1,0,0,1,51.0,21.0,voiture,voiture,1,2,1,1,3
202000019248,2020-06-10 10:55:00,2020,6,10,10,55,80,80021,CHATEAUDUN (BOULEVARD DE),49.88401,2.28239,Plein jour,Hors agglomération,Hors intersection,Normale,Deux véhicules - côté,4,2,6,0,1,1,1,0,1,50,2,2,1,0,0,1,68.0,57.0,voiture,voiture,1,1,1,1,3
202000019249,2020-06-11 17:40:00,2020,6,11,17,40,77,77330,VERDIER GASTON (RUE),48.9445,2.88202,Plein jour,En agglomération,Intersection en T,Normale,Autre collision,7,1,2,0,1,1,1,0,1,50,1,2,1,0,1,0,48.0,,transport_commun,,1,2,3,1,6
202000019250,2020-06-09 17:00:00,2020,6,9,17,0,74,74118,REIGNIER (ROUTE DE),46.1751923,6.2362166,Plein jour,Hors agglomération,Hors intersection,Pluie légère,Deux véhicules - côté,3,2,2,0,2,1,2,0,1,50,2,2,1,0,1,0,39.0,38.0,deux_roues,voiture,1,1,1,2,3
202000019251,2020-06-11 11:10:00,2020,6,11,11,10,74,74010,SOMMEILLER,45.9027,6.1281,Plein jour,En agglomération,Intersection en X,Normale,Deux véhicules - côté,4,2,3,3,1,1,1,0,6,30,2,2,1,0,0,1,67.0,48.0,deux_roues,transport_commun,1,2,2,1,3
202000019252,2020-06-11 20:00:00,2020,6,11,20,0,69,69266,LEON BLUM      (Rue),45.7606,4.9051,Crépuscule ou aube,En agglomération,Hors intersection,Pluie légère,Deux véhicules - arrière,4,1,4,0,1,1,2,5,1,50,2,3,2,0,0,1,40.0,39.0,voiture,voiture,2,2,1,2,2
202000019253,2020-06-07 19:00:00,2020,6,7,19,0,69,69264,FERRY JULES  R,45.9818,4.73487,Plein jour,En agglomération,Hors intersection,Normale,Autre collision,4,2,2,0,1,1,1,0,1,50,1,1,0,0,0,1,78.0,,voiture,,1,2,1,1,6
202000019254,2020-06-09 14:53:00,2020,6,9,14,53,66,66136,Départementale  617,42.69953,2.93444,Plein jour,En agglomération,Hors intersection,Normale,Trois véhicules et plus - en chaîne,4,2,2,0,1,1,1,0,1,50,3,4,1,0,0,3,58.0,48.0,voiture,voiture,1,2,1,1,4
202000019255,2020-05-25 13:25:00,2020,5,25,13,25,66,66136,GEORGES CAUSTIER ( AVENUE),42.69336,2.85966,Plein jour,En agglomération,Hors intersection,Normale,Deux véhicules - frontale,4,2,2,0,1,1,1,0,1,50,2,2,1,0,1,0,31.0,36.0,deux_roues,utilitaire_camion,1,2,1,1,1
202000019256,2020-06-11 18:00:00,2020,6,11,18,0,65,65440,DEBUSSY (BOULEVARD CLAUDE),43.220097,0.065787,Plein jour,En agglomération,Hors intersection,Pluie légère,Deux véhicules - arrière,2,3,4,0,1,1,2,5,1,50,2,2,1,0,0,1,57.0,16.0,voiture,deux_roues,1,2,1,2,2
202000019257,2020-06-03 09:50:00,2020,6,3,9,50,59,59560,BOUVRY ROGER RUE,50.54765,3.02765,Plein jour,En agglomération,Intersection en T,Normale,Autre collision,7,2,-1,-1,1,1,1,0,1,-1,1,2,1,0,0,1,92.0,,voiture,,1,2,3,1,6
202000019258,2020-06-05 14:30:00,2020,6,5,14,30,59,59390,MONCHECOURT (ROUTE DE),50.33339,3.20502,Plein jour,Hors agglomération,Hors intersection,Normale,Autre collision,3,2,2,0,1,1,1,0,1,80,1,2,1,0,1,0,40.0,,voiture,,1,1,1,1,6
202000019259,2020-06-07 21:05:00,2020,6,7,21,5,57,57672,OCEANIE (CHAUSSEE D'),49.36647,6.15404,Plein jour,En agglomération,Hors intersection,Normale,Deux véhicules - côté,4,3,4,0,1,1,1,0,1,50,2,2,0,0,0,2,46.0,30.0,voiture,voiture,1,2,1,1,3
202000019260,2020-06-04 09:51:00,2020,6,4,9,51,57,57240,NATIONALE (RUE),49.151,6.834,Plein jour,En agglomération,Hors intersection,Pluie forte,Deux véhicules - côté,2,2,2,0,2,1,2,0,1,50,2,2,1,0,1,0,70.0,57.0,utilitaire_camion,deux_roues,1,2,1,3,3
202000019261,2020-06-10 17:00:00,2020,6,10,17,0,52,52121,CHAMARANDES (RUE DE),48.09512,5.15093,Plein jour,En agglomération,Intersection en X,Normale,Deux véhicules - côté,4,2,2,0,1,1,1,0,1,50,2,2,1,0,0,1,41.0,86.0,voiture,voiture,1,2,2,1,3
202000019262,2020-06-11 17:40:00,2020,6,11,17,40,51,51454,Boulevard de la Paix,49.2526573,4.0413992,Plein jour,En agglomération,Hors intersection,Normale,Deux véhicules - frontale,2,2,2,1,1,1,1,0,1,50,2,3,1,0,0,2,29.0,16.0,voiture,deux_roues,1,2,1,1,1
202000019263,2020-06-11 05:40:00,2020,6,11,5,40,50,50129,Robert LECOUVEY,49.63029,-1.60005,Crépuscule ou aube,En agglomération,Intersection en X,Temps couvert,Deux véhicules - côté,4,2,2,0,1,1,1,5,1,50,2,2,1,0,0,1,17.0,30.0,deux_roues,utilitaire_camion,2,2,2,8,3
202000019264,2020-06-08 21:00:00,2020,6,8,21,0,50,50129,TANNERIES (RUE DES),49.63241,-1.62348,Plein jour,En agglomération,Intersection en X,Normale,,4,3,4,0,2,1,1,5,1,50,2,2,1,0,0,1,26.0,37.0,voiture,voiture,1,2,2,1,-1
202000019265,2020-06-11 08:20:00,2020,6,11,8,20,45,45169,RUE DE L'AZONE,47.899971,1.8091598,Plein jour,Hors agglomération,Hors intersection,Normale,Sans collision,4,2,2,0,3,1,1,2,1,50,1,1,0,0,0,1,19.0,,deux_roues,,1,1,1,1,7
202000019266,2020-06-11 14:10:00,2020,6,11,14,10,42,42187,Rue du General Giraud,46.03251,4.05977,Plein jour,En agglomération,Intersection en X,Normale,,4,2,2,3,1,1,1,5,3,50,2,2,1,0,0,1,21.0,47.0,voiture,voiture,1,2,2,1,-1
202000019267,2020-06-11 11:45:00,2020,6,11,11,45,38,38185,Rue de Stalingrad,45.17612,5.72603,Plein jour,En agglomération,Hors intersection,Normale,Autre collision,4,2,-1,-1,1,1,1,0,1,-1,1,1,0,0,0,1,,,,,1,2,1,1,6
202000019268,2020-06-11 16:20:00,2020,6,11,16,20,37,37261,MULHEIM (ROND-POINT DE),47.42225,0.67975,Plein jour,En agglomération,Giratoire,Pluie légère,,4,1,2,1,1,3,2,0,1,50,2,2,1,0,0,1,32.0,60.0,deux_roues,voiture,1,2,6,2,-1
202000019269,2020-06-11 17:15:00,2020,6,11,17,15,35,35238,PORTE D'ANGERS,48.08548,-1.63882,Plein jour,Hors agglomération,Hors intersection,Pluie légère,Autre collision,2,3,4,0,1,1,2,0,1,90,1,1,0,0,0,1,19.0,,voiture,,1,1,1,2,6