accident_id,datetime,annee,mois,jour,heure,minute,departement,commune_insee,adresse,latitude,longitude,luminosite,agglomeration,intersection,meteo,collision,catr,circ,nbv,vosp,prof,plan,surf,infra,situ,vma,nb_vehicules,nb_usagers,nb_indemnes,nb_tues,nb_blesses_hosp,nb_blesses_legers,age_cond_1,age_cond_2,veh_type_cond_1,veh_type_cond_2,lum_code,agg_code,int_code,atm_code,col_code
202000019456,2020-08-10 08:30:00,2020,8,10,8,30,06,06032,3 Avenue du Général de Gaulle,43.723645,7.396041,Crépuscule ou aube,En agglomération,Hors intersection,Normale,Autre collision,7,2,2,0,2,1,1,6,1,30,1,2,1,0,0,1,62.0,,voiture,,2,2,1,1,6
202000019457,2020-08-11 16:25:00,2020,8,11,16,25,14,14287,12 Rue des Pinsons,49.139818,-0.240626,Plein jour,Hors agglomération,Hors intersection,Normale,Autre collision,3,3,2,0,1,1,1,0,1,80,1,1,0,0,0,1,14.0,,deux_roues,,1,1,1,1,6
202000019458,2020-10-06 22:15:00,2020,10,6,22,15,91,91657,LIBERTE (RUE DE LA ),48.69585,2.41705,Nuit avec éclairage allumé,En agglomération,Intersection en X,Normale,Deux véhicules - côté,4,2,2,0,1,1,1,0,1,50,2,2,0,0,0,2,28.0,21.0,voiture,voiture,5,2,2,1,3
202000019459,2020-09-29 16:30:00,2020,9,29,16,30,91,91174,08 MAI 1945 (AVENUE),48.61085,2.45079,Plein jour,En agglomération,Intersection en T,Pluie légère,Deux véhicules - côté,3,2,2,0,1,1,2,0,1,50,2,2,1,0,0,1,37.0,52.0,voiture,deux_roues,1,2,3,2,3
202000019460,2020-08-04 18:15:00,2020,8,4,18,15,05,05098,"Grand Vallon, les Ribes",44.5131912,6.5770474,Plein jour,Hors agglomération,Hors intersection,Normale,Sans collision,4,-1,2,0,2,1,1,0,8,-1,1,2,1,0,1,0,49.0,,deux_roues,,1,1,1,1,7
202000019461,2020-10-03 11:15:00,2020,10,3,11,15,88,88424,AVENUE DU GENERAL DE GAULLE,48.27103,6.97268,Plein jour,En agglomération,Hors intersection,Pluie légère,Autre collision,3,3,3,1,1,1,2,0,1,50,1,3,1,0,2,0,48.0,,voiture,,1,2,1,2,6
202000019462,2020-08-11 18:10:00,2020,8,11,18,10,09,09223,Hameau de Roquemaurel,42.883232,1.215432,Plein jour,En agglomération,Autre intersection,Normale,Deux véhicules - frontale,3,2,2,0,1,1,1,0,1,50,2,4,2,0,2,0,27.0,46.0,voiture,deux_roues,1,2,9,1,1
202000019463,2020-08-09 03:30:00,2020,8,9,3,30,64,64017,route communale 1,43.112221,-0.871884,Nuit sans éclairage public,Hors agglomération,Hors intersection,Normale,Autre collision,4,2,2,0,2,1,1,0,3,80,1,2,1,0,1,0,19.0,,voiture,,3,1,1,1,6
202000019464,2020-10-05 18:14:00,2020,10,5,18,14,88,88209,LEON BLUM (AV.),48.2026,6.43755,Plein jour,En agglomération,Intersection en X,Pluie forte,Deux véhicules - côté,4,2,2,0,1,1,2,0,1,50,2,3,2,0,0,1,23.0,63.0,voiture,voiture,1,2,2,3,3
202000019465,2020-08-12 17:30:00,2020,8,12,17,30,10,10288,D671,47.999166,4.477726,Plein jour,Hors agglomération,Hors intersection,Normale,Deux véhicules - frontale,3,2,2,0,1,1,1,0,8,80,2,2,0,0,2,0,31.0,36.0,voiture,voiture,1,1,1,1,1
202000019466,2020-08-11 12:05:00,2020,8,11,12,5,16,16070,Zone d'Activités Économiques des Chassats,45.881606,0.73808,Plein jour,En agglomération,Place,Normale,Trois véhicules et plus - en chaîne,6,-1,0,0,1,1,1,9,8,-1,3,3,2,0,1,0,73.0,59.0,voiture,voiture,1,2,7,1,4
202000019467,2020-09-06 16:59:00,2020,9,6,16,59,87,87114,RENE COTY (AVE DU PRESIDENT),45.83641,1.29128,Plein jour,En agglomération,Intersection en X,Normale,Deux véhicules - côté,3,2,2,0,1,1,1,5,1,50,2,3,2,0,0,1,51.0,24.0,voiture,voiture,1,2,2,1,3
202000019468,2020-10-06 17:44:00,2020,10,6,17,44,87,87085,MAUVENDIERE (RUE DE LA),45.83247,1.24989,Plein jour,En agglomération,Hors intersection,Normale,Deux véhicules - côté,4,2,2,0,1,1,2,0,1,50,2,2,1,0,0,1,22.0,17.0,voiture,deux_roues,1,2,1,1,3
202000019469,2020-08-11 17:10:00,2020,8,11,17,10,24,24098,1 Lieu Dit le Cirieix,45.234846,0.697948,Plein jour,Hors agglomération,Hors intersection,Normale,Sans collision,4,2,2,0,2,3,1,0,1,50,1,2,1,0,0,1,29.0,,utilitaire_camion,,1,1,1,1,7
202000019470,2020-10-06 16:13:00,2020,10,6,16,13,87,87075,MAISON (RUE PIERRE),45.81325,1.22839,Plein jour,En agglomération,Hors intersection,Pluie légère,Autre collision,4,2,2,0,1,1,2,0,1,50,1,1,0,0,0,1,20.0,,deux_roues,,1,2,1,2,6
202000019471,2020-10-06 10:46:00,2020,10,6,10,46,87,87050,BUXEROLLES (ROUTE DE),45.87333,1.25477,Plein jour,Hors agglomération,Hors intersection,Pluie légère,Deux véhicules - frontale,4,2,2,0,1,1,2,0,1,70,2,2,0,0,0,2,33.0,18.0,voiture,utilitaire_camion,1,1,1,2,1
202000019472,2020-08-06 08:50:00,2020,8,6,8,50,27,27129,D131,49.078701,0.560045,Plein jour,Hors agglomération,Hors intersection,Normale,Trois véhicules et plus - collisions multiples,3,2,2,0,1,1,1,0,1,80,4,5,3,0,1,1,76.0,31.0,voiture,deux_roues,1,1,1,1,5
202000019473,2020-10-06 16:05:00,2020,10,6,16,5,87,87050,SEPT CHENES (ROND POINT DES),45.8797,1.23847,Plein jour,En agglomération,Hors intersection,Pluie légère,Sans collision,3,1,2,0,1,2,2,5,1,50,1,1,0,0,0,1,57.0,,deux_roues,,1,2,1,2,7
202000019474,2020-10-06 12:30:00,2020,10,6,12,30,82,82121,FONNEUVE (AVENUE DE),44.0354959,1.3704962,Plein jour,En agglomération,Intersection en X,Pluie légère,Deux véhicules - côté,4,2,2,0,1,1,2,0,1,50,2,2,1,0,0,1,52.0,16.0,voiture,deux_roues,1,2,2,2,3
202000019475,2020-08-12 19:00:00,2020,8,12,19,0,08,08284,RD 40E,49.873093,4.599216,Plein jour,Hors agglomération,Autre intersection,Normale,Deux véhicules - frontale,3,2,2,0,1,1,1,0,1,30,2,8,7,0,1,0,21.0,20.0,voiture,voiture,1,1,9,1,1
202000019476,2020-10-06 21:20:00,2020,10,6,21,20,76,76351,LOUIS LUMIERE,49.524697,0.12352,Nuit avec éclairage allumé,Hors agglomération,Hors intersection,Pluie forte,Sans collision,3,2,4,1,2,1,3,0,1,50,1,1,0,0,1,0,55.0,,deux_roues,,5,1,1,3,7
202000019477,2020-10-06 11:10:00,2020,10,6,11,10,74,74133,CHATELET (RUE DU),46.1886,6.21563,Plein jour,En agglomération,Intersection en X,Temps couvert,Trois véhicules et plus - collisions multiples,3,2,2,0,4,1,2,0,1,50,3,4,2,0,0,2,79.0,78.0,voiture,voiture,1,2,2,8,5
202000019478,2020-10-07 17:20:00,2020,10,7,17,20,71,71059,lieu dit LA VESVRE,46.8200583,4.4738646,Plein jour,Hors agglomération,Hors intersection,Pluie légère,Autre collision,4,2,2,0,1,1,2,2,1,50,1,1,0,0,0,1,49.0,,utilitaire_camion,,1,1,1,2,6
202000019479,2020-10-07 17:50:00,2020,10,7,17,50,69,69275,JEAN JAURES                         (AV),45.77149,4.97998,Plein jour,En agglomération,Hors intersection,Normale,Deux véhicules - arrière,3,1,1,1,2,1,1,0,1,50,2,3,2,0,0,1,27.0,45.0,deux_roues,utilitaire_camion,1,2,1,1,2
202000019480,2020-08-10 07:10:00,2020,8,10,7,10,67,67205,A35,48.6781305,7.7952922,Plein jour,Hors agglomération,Hors intersection,Normale,Trois véhicules et plus - en chaîne,1,3,4,0,1,1,1,9,1,130,8,15,9,1,0,5,39.0,36.0,utilitaire_camion,voiture,1,1,1,1,4
202000019481,2020-10-07 09:45:00,2020,10,7,9,45,69,69029,FRANKLIN ROOSEVELT                  (AV),45.733674,4.9086215,Plein jour,En agglomération,Intersection en X,Normale,Deux véhicules - côté,4,2,2,3,1,1,1,9,6,50,2,2,1,0,0,1,43.0,67.0,transport_commun,voiture,1,2,2,1,3
202000019482,2020-08-12 17:15:00,2020,8,12,17,15,09,09239,RD 118,42.685977,2.13455,Plein jour,Hors agglomération,Hors intersection,Normale,Deux véhicules - frontale,3,2,2,0,2,4,1,0,1,80,2,2,1,0,1,0,26.0,50.0,deux_roues,voiture,1,1,1,1,1
202000019483,2020-10-06 15:05:00,2020,10,6,15,5,69,69290,GALILEE                             (R ),45.68506,4.95846,Plein jour,En agglomération,Hors intersection,Pluie légère,Autre collision,4,2,2,0,2,3,2,0,1,50,1,1,0,0,0,1,31.0,,voiture,,1,2,1,2,6
202000019484,2020-10-07 16:00:00,2020,10,7,16,0,69,69092,DES PETITES SOEURS (rond point),45.9946272,4.7071743,Plein jour,En agglomération,Giratoire,Normale,Deux véhicules - arrière,4,4,1,0,1,2,1,0,1,50,2,2,1,0,0,1,67.0,72.0,utilitaire_camion,deux_roues,1,2,6,1,2
202000019485,2020-10-07 12:10:00,2020,10,7,12,10,69,69096,ARONDIERES (AV),45.6088,4.7796,Plein jour,En agglomération,Hors intersection,Normale,Autre collision,4,2,2,0,1,1,1,0,1,50,1,2,1,0,0,1,39.0,,voiture,,1,2,1,1,6
202000019486,2020-08-06 16:25:00,2020,8,6,16,25,01,01049,A42,45.835796,5.035944,Plein jour,Hors agglomération,Hors intersection,Normale,Trois véhicules et plus - en chaîne,1,1,5,0,1,1,1,2,1,130,8,11,4,0,1,6,25.0,45.0,voiture,utilitaire_camion,1,1,1,1,4
202000019487,2020-10-04 17:55:00,2020,10,4,17,55,68,68149,CONCORDE ( RUE DE LA ),47.59361,7.57537,Plein jour,En agglomération,Hors intersection,Normale,Autre collision,4,2,2,0,1,1,1,0,1,30,1,2,1,0,1,0,22.0,,voiture,,1,2,1,1,6
202000019488,2020-10-06 22:40:00,2020,10,6,22,40,67,67482,RHIN (AVENUE DU),48.57279,7.79458,Nuit avec éclairage allumé,En agglomération,Passage à niveau,Pluie légère,Deux véhicules - côté,4,3,2,0,1,1,2,4,1,50,2,3,1,0,0,2,21.0,59.0,voiture,transport_commun,5,2,8,2,3
202000019489,2020-08-04 13:00:00,2020,8,4,13,0,89,89341,A6,47.7084332,3.7916458,Plein jour,Hors agglomération,Hors intersection,Normale,Deux véhicules - côté,1,3,4,0,1,1,1,0,1,130,2,4,3,0,1,0,69.0,35.0,voiture,voiture,1,1,1,1,3
202000019490,2020-10-06 15:30:00,2020,10,6,15,30,67,67482,MARCEL PROUST (RUE),48.59034,7.71618,Plein jour,En agglomération,Hors intersection,Normale,Deux véhicules - frontale,4,2,2,0,1,3,1,0,1,50,2,1,0,0,0,1,23.0,,voiture,,1,2,1,1,1
202000019491,2020-10-06 18:00:00,2020,10,6,18,0,66,66136,TORCATIS (AVENUE LOUIS),42.70229,2.88305,Crépuscule ou aube,En agglomération,Hors intersection,Normale,Deux véhicules - arrière,4,1,1,0,1,1,1,0,1,30,2,1,0,0,0,1,55.0,,deux_roues,,2,2,1,1,2
202000019492,2020-08-10 13:52:00,2020,8,10,13,52,21,21022,A36,47.045691,5.012244,Plein jour,Hors agglomération,Hors intersection,Normale,Sans collision,1,3,4,0,1,1,1,0,1,130,1,5,2,0,1,2,41.0,,voiture,,1,1,1,1,7
202000019493,2020-10-07 15:05:00,2020,10,7,15,5,64,64445,PAIX,43.32281,-0.37019,Plein jour,En agglomération,Intersection en X,Normale,Deux véhicules - côté,4,1,2,0,1,1,1,0,1,50,2,2,1,0,0,1,40.0,55.0,voiture,deux_roues,1,2,2,1,3
202000019494,2020-08-09 18:20:00,2020,8,9,18,20,987,98747,"RT3 - PK0.600 à coté du restaurant Taumatai, route de Tautira",-17.751545,-149.240354,Nuit avec éclairage allumé,En agglomération,Hors intersection,Normale,Deux véhicules - frontale,3,2,2,0,1,1,1,0,1,60,2,4,2,1,0,1,23.0,48.0,voiture,voiture,5,2,1,1,1
202000019495,2020-10-06 07:40:00,2020,10,6,7,40,64,64445,PAIX,43.31419,-0.33323,Nuit avec éclairage allumé,En agglomération,Hors intersection,Normale,Deux véhicules - côté,4,2,2,1,1,1,1,0,1,50,2,2,1,0,0,1,49.0,19.0,deux_roues,deux_roues,5,2,1,1,3
202000019496,2020-08-05 05:40:00,2020,8,5,5,40,987,98733,Pk 23950,-17.692706,-149.583568,Nuit avec éclairage allumé,En agglomération,Hors intersection,Normale,Trois véhicules et plus - collisions multiples,2,2,2,0,1,1,1,5,1,60,4,4,1,0,0,3,37.0,30.0,voiture,deux_roues,5,2,1,1,5
202000019497,2020-10-07 13:35:00,2020,10,7,13,35,64,64102,LOEB (AVENUE DE L'INTERNE JACQUES),43.4846003,-1.4827011,Plein jour,En agglomération,Intersection en X,Normale,Deux véhicules - arrière,4,2,2,0,1,1,1,0,1,50,2,3,1,0,0,2,47.0,32.0,voiture,utilitaire_camion,1,2,2,1,2
202000019498,2020-08-11 18:42:00,2020,8,11,18,42,77,77476,D 401,49.041188,2.956181,Plein jour,Hors agglomération,Hors intersection,Normale,Sans collision,3,2,2,0,2,3,1,0,1,70,1,2,0,0,0,2,25.0,,deux_roues,,1,1,1,1,7
202000019499,2020-10-07 08:30:00,2020,10,7,8,30,64,64102,LACHEPAILLET (RUE DES REMPARTS),43.49244,-1.47867,Plein jour,En agglomération,Hors intersection,Pluie forte,Sans collision,4,2,2,0,2,3,2,0,1,50,1,1,0,0,0,1,31.0,,deux_roues,,1,2,1,3,7
202000019500,2020-07-28 17:55:00,2020,7,28,17,55,77,77483,Rue de l'Eglise - D97,48.9985536,2.9352616,Plein jour,En agglomération,Hors intersection,Normale,Deux véhicules - arrière,3,2,2,0,1,1,1,0,1,50,2,2,1,0,1,0,48.0,42.0,voiture,deux_roues,1,2,1,1,2
202000019501,2020-09-30 08:50:00,2020,9,30,8,50,62,62065,PERI (GABRIEL BD),50.4097255,2.8293282,Plein jour,En agglomération,Intersection en Y,Normale,Deux véhicules - frontale,3,2,2,0,1,1,1,0,1,50,2,2,1,0,1,0,43.0,37.0,voiture,deux_roues,1,2,4,1,1
202000019502,2020-08-10 19:55:00,2020,8,10,19,55,77,77153,D404,49.0457815,2.6777732,Plein jour,Hors agglomération,Intersection en Y,Normale,Deux véhicules - côté,3,2,2,0,2,1,1,0,1,80,2,2,1,0,0,1,25.0,22.0,utilitaire_camion,deux_roues,1,1,4,1,3
202000019503,2020-10-05 23:00:00,2020,10,5,23,0,59,59163,FLANDRE (AVENUE DE),50.6676,3.15175,Nuit avec éclairage allumé,En agglomération,Passage à niveau,Pluie forte,Autre collision,5,2,0,3,1,1,2,4,6,50,1,2,1,1,0,0,55.0,,transport_commun,,5,2,8,3,6
202000019504,2020-08-11 12:35:00,2020,8,11,12,35,77,77505,Route des Brinches,48.93771,2.976152,Plein jour,Hors agglomération,Hors intersection,Normale,Sans collision,4,2,2,0,1,2,1,0,3,50,1,2,0,0,1,1,21.0,,voiture,,1,1,1,1,7
202000019505,2020-10-06 09:50:00,2020,10,6,9,50,56,56121,GICQUEL (RUE  EMMANUEL ),47.76099,-3.39297,Plein jour,En agglomération,Hors intersection,Normale,Sans collision,4,2,2,0,1,1,1,0,1,30,1,1,0,0,0,1,71.0,,deux_roues,,1,2,1,1,7
202000019506,2020-10-07 09:25:00,2020,10,7,9,25,54,54395,LECLERC (AV. DU GENE,48.676969,6.1779413,Plein jour,En agglomération,Intersection en X,Pluie légère,Autre collision,4,1,2,0,1,1,2,0,1,50,1,2,1,0,0,1,54.0,,voiture,,1,2,2,2,6
202000019507,2020-08-12 19:20:00,2020,8,12,19,20,2B,2B311,Malacoda,42.350163,9.5325547,Plein jour,Hors agglomération,Intersection en T,Normale,Deux véhicules - côté,2,2,2,0,1,1,1,0,1,70,2,3,1,0,0,2,19.0,29.0,voiture,deux_roues,1,1,3,1,3
202000019508,2020-10-06 18:15:00,2020,10,6,18,15,54,54395,CUGNOT (QUAI/RUE JOSEPH),48.6781868,6.2021127,Plein jour,En agglomération,Hors intersection,Normale,Deux véhicules - côté,4,2,1,0,1,1,2,0,6,50,2,2,0,0,0,2,27.0,40.0,deux_roues,deux_roues,1,2,1,1,3
202000019509,2020-08-11 23:20:00,2020,8,11,23,20,30,30211,D163,43.802013,4.538555,Nuit sans éclairage public,Hors agglomération,Hors intersection,Normale,Deux véhicules - frontale,3,2,2,0,1,1,1,0,1,80,2,2,1,0,1,0,73.0,,voiture,,3,1,1,1,1
202000019510,2020-08-11 12:45:00,2020,8,11,12,45,34,34157,47 Rue du Port,43.424155,3.60689,Plein jour,En agglomération,Hors intersection,Normale,Autre collision,4,2,2,0,2,1,1,0,1,50,1,2,1,0,0,1,48.0,,voiture,,1,2,1,1,6
202000019511,2020-10-06 16:48:00,2020,10,6,16,48,54,54547,MIRECOURT (ROUTE DE),48.6675054,6.1914799,Plein jour,En agglomération,Giratoire,Normale,Deux véhicules - arrière,4,1,3,0,1,1,2,0,1,50,2,2,1,0,0,1,21.0,31.0,voiture,deux_roues,1,2,6,1,2
202000019512,2020-10-06 10:04:00,2020,10,6,10,4,49,49007,ALLONNEAU(AUGUSTE) BOULEVARD,47.48728,-0.52774,Plein jour,En agglomération,Hors intersection,Normale,Deux véhicules - côté,4,-1,2,0,1,1,1,0,1,30,2,2,1,0,0,1,24.0,31.0,deux_roues,voiture,1,2,1,1,3
202000019513,2020-08-12 16:20:00,2020,8,12,16,20,84,84065,D973,43.748126,5.289767,Plein jour,Hors agglomération,Hors intersection,Normale,Deux véhicules - frontale,3,2,2,0,1,1,1,0,1,80,2,3,0,0,2,1,62.0,82.0,voiture,voiture,1,1,1,1,1
202000019514,2020-08-11 15:45:00,2020,8,11,15,45,84,84081,1001 Rue Folard,43.952937,4.902007,Plein jour,En agglomération,Autre intersection,Normale,Autre collision,6,2,2,0,1,1,1,6,1,20,1,2,1,0,1,0,75.0,,voiture,,1,2,9,1,6
202000019515,2020-10-05 18:30:00,2020,10,5,18,30,49,49015,MEIGNANNE ROUTE DE LA,47.50075,-0.62101,Plein jour,Hors agglomération,Hors intersection,Normale,Deux véhicules - côté,3,-1,-1,0,1,1,1,0,1,50,2,2,1,0,0,1,21.0,41.0,voiture,voiture,1,1,1,1,3
202000019516,2020-10-02 18:00:00,2020,10,2,18,0,49,49246,A87N,47.42498,-0.50395,Crépuscule ou aube,Hors agglomération,Hors intersection,Normale,Trois véhicules et plus - en chaîne,1,3,4,0,1,1,1,0,1,90,3,3,2,0,0,1,25.0,19.0,voiture,voiture,2,1,1,1,4
202000019517,2020-08-11 18:30:00,2020,8,11,18,30,05,05136,N94,44.695196,6.61127,Plein jour,Hors agglomération,Hors intersection,Normale,Trois véhicules et plus - collisions multiples,2,2,2,0,3,1,1,0,1,80,3,11,0,0,2,9,32.0,40.0,voiture,voiture,1,1,1,1,5
202000019518,2020-10-06 07:30:00,2020,10,6,7,30,49,49007,SAUMUROISE IMPASSE ET RUE,47.45764,-0.53312,Nuit avec éclairage allumé,En agglomération,Intersection en X,Normale,Deux véhicules - frontale,4,-1,2,0,1,1,1,0,1,50,2,2,1,0,0,1,30.0,59.0,voiture,deux_roues,5,2,2,1,1
202000019519,2020-08-12 01:45:00,2020,8,12,1,45,13,13100,RD99 PK 19+764,43.797026,4.801111,Nuit sans éclairage public,Hors agglomération,Hors intersection,Normale,Autre collision,3,2,2,0,1,1,1,0,3,60,1,2,0,0,0,2,36.0,,voiture,,3,1,1,1,6
202000019520,2020-10-05 09:05:00,2020,10,5,9,5,49,49007,PONTS DE CE,47.45654,-0.54003,Plein jour,En agglomération,Hors intersection,Normale,Deux véhicules - côté,4,-1,2,0,1,1,1,0,1,50,2,2,1,0,0,1,43.0,35.0,deux_roues,voiture,1,2,1,1,3
202000019521,2020-08-11 19:36:00,2020,8,11,19,36,71,71090,D906,46.2084181,4.7714515,Plein jour,En agglomération,Hors intersection,Normale,Autre collision,3,2,2,0,1,1,1,0,4,50,1,1,0,0,0,1,25.0,,deux_roues,,1,2,1,1,6
202000019522,2020-10-06 15:00:00,2020,10,6,15,0,49,49007,COUBERTIN BOULEVARD,47.46191,-0.53243,Plein jour,En agglomération,Hors intersection,Normale,Sans collision,4,-1,2,0,1,1,1,0,1,50,1,1,0,0,0,1,46.0,,deux_roues,,1,2,1,1,7
202000019523,2020-08-10 18:55:00,2020,8,10,18,55,52,52392,D120,47.88573,5.494623,Plein jour,Hors agglomération,Hors intersection,Normale,Sans collision,3,2,2,0,1,2,1,0,8,80,1,1,0,0,1,0,36.0,,voiture,,1,1,1,1,7
202000019524,2020-10-06 16:25:00,2020,10,6,16,25,49,49007,PRE PIGEON,47.47707,-0.54137,Plein jour,En agglomération,Hors intersection,Normale,Sans collision,4,-1,2,0,1,1,1,0,1,50,1,1,0,0,0,1,34.0,,deux_roues,,1,2,1,1,7
202000019525,2020-08-11 15:40:00,2020,8,11,15,40,69,69061,D19,45.995836,4.624472,Plein jour,Hors agglomération,Hors intersection,Normale,Autre collision,3,2,2,0,1,1,1,0,3,80,1,1,0,0,0,1,38.0,,voiture,,1,1,1,1,6
202000019526,2020-10-05 21:45:00,2020,10,5,21,45,44,44109,Quai de la Fosse,47.208284,-1.569951,Nuit sans éclairage public,Hors agglomération,Hors intersection,Vent fort / tempête,Sans collision,4,2,0,0,1,1,2,0,1,30,1,1,0,1,0,0,25.0,,deux_roues,,3,1,1,6,7
202000019527,2020-07-30 11:15:00,2020,7,30,11,15,69,69194,Place de l'Abbé Boursier,45.810065,4.798193,Plein jour,En agglomération,Hors intersection,Normale,Autre collision,9,2,2,0,1,3,1,0,1,30,1,2,1,0,0,1,57.0,,voiture,,1,2,1,1,6
202000019528,2020-10-07 17:10:00,2020,10,7,17,10,41,41212,CHAMBORD (ROUTE DE),47.577818,1.366705,Plein jour,En agglomération,Hors intersection,Normale,Deux véhicules - côté,3,1,2,0,1,2,1,9,1,50,2,2,1,0,0,1,58.0,48.0,voiture,deux_roues,1,2,1,1,3
202000019529,2020-10-07 19:10:00,2020,10,7,19,10,38,38185,Avenue Edmond Esmonin,45.15962,5.72375,Nuit avec éclairage allumé,En agglomération,Hors intersection,Normale,Deux véhicules - côté,3,3,7,0,1,1,1,0,1,50,2,2,1,0,0,1,17.0,57.0,deux_roues,voiture,5,2,1,1,3
202000019530,2020-08-12 11:40:00,2020,8,12,11,40,16,16078,151 Rue de l'Auvent,45.694445,0.185897,Plein jour,Hors agglomération,Hors intersection,Normale,Deux véhicules - arrière,4,2,2,0,1,1,1,0,1,50,2,2,1,0,0,1,60.0,15.0,voiture,deux_roues,1,1,1,1,2
202000019531,2020-08-11 21:00:00,2020,8,11,21,0,27,27611,D316,49.080774,1.259292,Crépuscule ou aube,Hors agglomération,Hors intersection,Pluie légère,Autre collision,3,2,2,0,2,4,2,0,3,80,1,1,0,0,0,1,24.0,,voiture,,2,1,1,2,6
202000019532,2020-10-07 17:50:00,2020,10,7,17,50,37,37261,DANIEL MAYER,47.4188084,0.6987018,Plein jour,En agglomération,Hors intersection,Normale,Deux véhicules - arrière,4,2,2,0,1,1,1,0,1,50,2,2,1,0,0,1,44.0,63.0,voiture,voiture,1,2,1,1,2
202000019533,2020-10-07 12:37:00,2020,10,7,12,37,35,35238,GASCOGNE (RUE DE),48.1218938,-1.714618,Plein jour,En agglomération,Hors intersection,Normale,Autre collision,4,2,0,0,1,1,1,0,1,50,1,2,1,0,1,0,22.0,,utilitaire_camion,,1,2,1,1,6
202000019534,2020-10-07 23:30:00,2020,10,7,23,30,35,35238,Rue Louis Guilloux,48.1091,-1.6976,Nuit avec éclairage allumé,En agglomération,Giratoire,Normale,Deux véhicules - arrière,4,1,1,0,1,2,1,5,1,50,2,2,1,0,0,1,24.0,44.0,voiture,voiture,5,2,6,1,2
202000019535,2020-08-09 05:30:00,2020,8,9,5,30,13,13081,A7-Sens Marseille vers Lyon,43.500856,5.238505,Crépuscule ou aube,Hors agglomération,Hors intersection,Normale,Trois véhicules et plus - collisions multiples,1,-1,2,0,1,1,1,0,1,110,3,6,4,1,1,0,31.0,29.0,utilitaire_camion,deux_roues,2,1,1,1,5
202000019536,2020-10-05 15:30:00,2020,10,5,15,30,34,34172,GAMBETTA (COURS),43.6063905,3.8721657,Plein jour,En agglomération,Intersection en X,Normale,,4,1,2,3,1,1,1,0,1,50,2,3,2,0,1,0,42.0,21.0,voiture,voiture,1,2,2,1,-1
202000019537,2020-08-08 10:56:00,2020,8,8,10,56,83,83137,A50 Sortie Tunnel Tube Sud,43.12132,5.95331,Plein jour,Hors agglomération,Hors intersection,Normale,Deux véhicules - arrière,1,3,4,0,1,1,1,0,1,70,2,2,1,0,1,0,55.0,51.0,utilitaire_camion,deux_roues,1,1,1,1,2
202000019538,2020-08-11 13:00:00,2020,8,11,13,0,33,33550,AUTOROUTE A 62,44.77888,-0.55742,Plein jour,Hors agglomération,Hors intersection,Normale,Autre collision,1,1,2,0,1,2,1,3,1,130,1,1,0,0,0,1,20.0,,voiture,,1,1,1,1,6
202000019539,2020-10-07 16:45:00,2020,10,7,16,45,33,33281,AVE FRANCOIS MITTERRAND,44.81571,-0.68152,Plein jour,En agglomération,Giratoire,Normale,Trois véhicules et plus - en chaîne,4,2,4,2,1,1,1,0,1,50,3,4,2,0,0,2,43.0,38.0,voiture,voiture,1,2,6,1,4
202000019540,2020-08-11 03:40:00,2020,8,11,3,40,33,33192,ROCADE A 630,44.78659,-0.59628,Nuit avec éclairage allumé,Hors agglomération,Hors intersection,Normale,Deux véhicules - arrière,1,3,6,0,1,1,1,0,1,90,2,2,1,0,0,1,53.0,21.0,utilitaire_camion,voiture,5,1,1,1,2
202000019541,2020-10-07 07:20:00,2020,10,7,7,20,33,33063,AVE DE LABARDE,44.91009,-0.55766,Nuit sans éclairage public,Hors agglomération,Hors intersection,Normale,Deux véhicules - frontale,4,2,2,0,1,1,1,0,1,70,2,2,1,0,0,1,69.0,23.0,utilitaire_camion,utilitaire_camion,3,1,1,1,1
202000019542,2020-08-11 19:38:00,2020,8,11,19,38,91,91363,RN 104,48.63922,2.2014,Plein jour,Hors agglomération,Hors intersection,Pluie légère,Deux véhicules - frontale,2,1,2,0,1,1,2,0,1,110,2,2,1,0,0,1,33.0,27.0,voiture,voiture,1,1,1,2,1
202000019543,2020-09-28 08:35:00,2020,9,28,8,35,33,33075,AVE D'AQUITAINE,44.87686,-0.60328,Plein jour,En agglomération,Hors intersection,Normale,Deux véhicules - arrière,4,2,2,0,1,1,1,0,1,50,2,2,1,0,0,1,58.0,62.0,deux_roues,voiture,1,2,1,1,2
202000019544,2020-08-11 18:45:00,2020,8,11,18,45,91,91312,RD 444,48.73277,2.23403,Plein jour,Hors agglomération,Hors intersection,Pluie légère,Deux véhicules - frontale,3,2,2,0,1,1,2,0,1,70,2,2,1,0,0,1,44.0,35.0,utilitaire_camion,utilitaire_camion,1,1,1,2,1
202000019545,2020-08-11 17:00:00,2020,8,11,17,0,78,78322,RN12 EXT,48.781302,2.168785,Plein jour,Hors agglomération,Hors intersection,Pluie légère,Sans collision,2,1,1,0,2,4,8,3,1,70,1,1,0,0,0,1,27.0,,voiture,,1,1,1,2,7
202000019546,2020-10-07 12:50:00,2020,10,7,12,50,29,29019,D789 - Avenue 1ère D.f.l.,48.3778272,-4.5452456,Plein jour,En agglomération,Intersection en X,Normale,Deux véhicules - arrière,3,-1,2,0,1,1,1,5,1,50,2,2,0,0,0,2,25.0,33.0,voiture,voiture,1,2,2,1,2
202000019547,2020-08-10 18:15:00,2020,8,10,18,15,92,92036,AUTOROUTE A15,48.93792,2.29791,Plein jour,Hors agglomération,Hors intersection,Normale,Trois véhicules et plus - en chaîne,1,3,6,0,1,1,1,2,1,90,3,3,2,0,0,1,37.0,31.0,voiture,deux_roues,1,1,1,1,4