accident_id,datetime,annee,mois,jour,heure,minute,departement,commune_insee,adresse,latitude,longitude,luminosite,agglomeration,intersection,meteo,collision,catr,circ,nbv,vosp,prof,plan,surf,infra,situ,vma,nb_vehicules,nb_usagers,nb_indemnes,nb_tues,nb_blesses_hosp,nb_blesses_legers,age_cond_1,age_cond_2,veh_type_cond_1,veh_type_cond_2,lum_code,agg_code,int_code,atm_code,col_code
202000019548,2020-08-10 12:45:00,2020,8,10,12,45,93,93007,AUTOROUTE A1,48.95313,2.45431,Plein jour,Hors agglomération,Hors intersection,Normale,Autre collision,1,3,8,0,1,1,1,0,1,110,1,1,0,0,0,1,22.0,,voiture,,1,1,1,1,6
202000019549,2020-08-11 16:50:00,2020,8,11,16,50,94,94081,A86 INT,48.7765,2.4154,Plein jour,Hors agglomération,Hors intersection,Pluie légère,Sans collision,1,-1,3,0,1,1,2,0,2,90,1,1,0,0,0,1,56.0,,utilitaire_camion,,1,1,1,2,7
202000019550,2020-10-07 22:30:00,2020,10,7,22,30,27,27229,SAINT LEGER (RUE DU FAUBOURG),49.03358,1.15593,Nuit avec éclairage allumé,En agglomération,Intersection en T,Normale,Deux véhicules - côté,3,2,2,0,1,1,1,0,1,50,2,3,2,0,0,1,25.0,36.0,voiture,voiture,5,2,3,1,3
202000019551,2020-08-18 18:35:00,2020,8,18,18,35,26,26198,19 Rue de Dion Bouton,44.5439,4.7326,Plein jour,Hors agglomération,Hors intersection,Normale,Deux véhicules - côté,4,2,2,0,1,1,1,0,1,50,2,2,1,0,0,1,26.0,25.0,voiture,deux_roues,1,1,1,1,3
202000019552,2020-08-10 14:05:00,2020,8,10,14,5,974,97416,HIPPOLYTE  PIOT (RUE),-21.29703,55.45143,Plein jour,En agglomération,Hors intersection,Normale,Autre collision,4,2,2,0,1,1,1,9,1,30,1,2,1,0,0,1,33.0,,utilitaire_camion,,1,2,1,1,6
202000019553,2020-10-05 09:35:00,2020,10,5,9,35,22,22278,CLEMENCEAU-CHARNER (Rond-point),48.5075,-2.76062,Plein jour,En agglomération,Giratoire,Normale,Deux véhicules - côté,4,2,1,-1,1,2,1,5,1,-1,2,2,1,0,0,1,26.0,39.0,deux_roues,voiture,1,2,6,1,3
202000019554,2020-08-10 05:30:00,2020,8,10,5,30,974,97409,Chemin des Limites,-20.970513,55.693679,Nuit avec éclairage allumé,En agglomération,Hors intersection,Normale,Deux véhicules - frontale,4,1,1,0,1,1,1,0,1,50,2,2,1,0,1,0,75.0,75.0,deux_roues,utilitaire_camion,5,2,1,1,1
202000019555,2020-10-05 19:30:00,2020,10,5,19,30,15,15014,LIEU- DIT VEYRAC (CD117),44.951539,2.465628,Crépuscule ou aube,Hors agglomération,Hors intersection,Pluie légère,Autre collision,3,2,2,0,2,2,2,0,1,90,1,1,0,0,0,1,49.0,,voiture,,2,1,1,2,6
202000019556,2020-08-10 10:50:00,2020,8,10,10,50,69,69383,MONTAIGNE                           (R ),45.743,4.8912,Plein jour,En agglomération,Intersection en X,Normale,Autre collision,4,1,1,0,2,1,1,0,1,50,1,2,1,0,1,0,70.0,,voiture,,1,2,2,1,6
202000019557,2020-10-07 21:30:00,2020,10,7,21,30,13,13213,ROSE (AVENUE DE LA),43.32836,5.42565,Nuit avec éclairage allumé,En agglomération,Autre intersection,Normale,Deux véhicules - côté,3,2,4,0,1,1,1,0,1,50,2,3,1,0,0,2,24.0,25.0,voiture,deux_roues,5,2,9,1,3
202000019558,2020-08-10 17:12:00,2020,8,10,17,12,2B,2B120,CHIURLINU (Allée),42.6279238,9.4318303,Plein jour,En agglomération,Hors intersection,Normale,Deux véhicules - côté,4,2,2,0,1,1,1,2,1,50,2,2,1,0,1,0,43.0,36.0,deux_roues,utilitaire_camion,1,2,1,1,3
202000019559,2020-10-07 20:15:00,2020,10,7,20,15,13,13210,TOULON (AVENUE DE),43.283452,5.396918,Nuit avec éclairage allumé,En agglomération,Hors intersection,Normale,Deux véhicules - arrière,4,2,2,0,2,3,1,0,1,50,2,1,0,0,0,1,25.0,,voiture,,5,2,1,1,2
202000019560,2020-10-07 14:25:00,2020,10,7,14,25,13,13206,LIEUTAUD (COURS),43.291351,5.383041,Plein jour,En agglomération,Hors intersection,Normale,Autre collision,4,-1,2,0,1,1,1,0,1,50,1,2,1,0,0,1,68.0,,deux_roues,,1,2,1,1,6
202000019561,2020-08-09 13:40:00,2020,8,9,13,40,971,97113,RN4 - SECTION RIVIERA,16.2181429,-61.4997107,Plein jour,Hors agglomération,Hors intersection,Normale,Deux véhicules - frontale,2,2,2,0,1,1,1,0,1,70,2,5,1,0,1,3,35.0,32.0,voiture,voiture,1,1,1,1,1
202000019562,2020-10-07 12:30:00,2020,10,7,12,30,13,13211,MIREILLE LAUZE (Bd),43.2887881,5.4367036,Plein jour,En agglomération,Hors intersection,Normale,Deux véhicules - côté,4,2,3,0,1,1,1,0,1,50,2,2,1,0,0,1,36.0,28.0,utilitaire_camion,voiture,1,2,1,1,3
202000019563,2020-08-10 13:05:00,2020,8,10,13,5,2A,2A004,T21,41.9085739,8.6863393,Plein jour,Hors agglomération,Giratoire,Normale,Deux véhicules - côté,3,1,2,0,1,2,1,0,1,50,2,2,1,0,0,1,62.0,41.0,deux_roues,voiture,1,1,6,1,3
202000019564,2020-10-07 10:50:00,2020,10,7,10,50,13,13215,MIMET (CHEMIN DE),43.37271,5.35643,Plein jour,En agglomération,Hors intersection,Normale,Autre collision,4,1,0,0,1,1,1,0,1,50,1,1,0,0,1,0,,,,,1,2,1,1,6
202000019565,2020-10-07 09:10:00,2020,10,7,9,10,13,13205,SAKAKINI (BOULEVARD),43.29508,5.40009,Plein jour,En agglomération,Hors intersection,Normale,Autre collision,4,2,5,3,1,1,1,0,1,50,1,2,1,0,0,1,20.0,,deux_roues,,1,2,1,1,6
202000019566,2020-08-09 11:05:00,2020,8,9,11,5,2A,2A004,T21,41.92745,8.77842,Plein jour,Hors agglomération,Hors intersection,Normale,Deux véhicules - côté,2,1,2,0,1,2,1,0,1,90,2,2,1,0,0,1,42.0,56.0,voiture,deux_roues,1,1,1,1,3
202000019567,2020-10-06 18:45:00,2020,10,6,18,45,13,13208,HAIFA (AVENUE),43.251048,5.389775,Nuit avec éclairage allumé,En agglomération,Hors intersection,Normale,Deux véhicules - arrière,4,1,1,0,2,1,1,6,1,50,2,2,1,0,1,0,68.0,49.0,voiture,voiture,5,2,1,1,2
202000019568,2020-07-15 11:00:00,2020,7,15,11,0,84,84007,COUBERTIN (AV.Pierre de,43.9309919,4.8426342,Plein jour,En agglomération,Hors intersection,Normale,Autre collision,4,3,2,0,2,1,1,2,1,30,1,1,0,0,1,0,28.0,,utilitaire_camion,,1,2,1,1,6
202000019569,2020-10-06 16:05:00,2020,10,6,16,5,13,13208,PRADO (AVENUE DU),43.279,5.38755,Plein jour,En agglomération,Hors intersection,Normale,Deux véhicules - côté,4,-1,1,0,1,1,1,0,1,50,2,2,1,0,1,0,25.0,23.0,voiture,deux_roues,1,2,1,1,3
202000019570,2020-08-04 16:55:00,2020,8,4,16,55,83,83123,AVENIR (BD),43.1172,5.8055,Plein jour,En agglomération,Hors intersection,Normale,Autre collision,4,2,2,0,1,1,1,6,1,50,1,2,0,0,0,2,31.0,,utilitaire_camion,,1,2,1,1,6
202000019571,2020-10-06 17:51:00,2020,10,6,17,51,13,13001,ISAAC JULES (AV),43.54089,5.4538,Plein jour,En agglomération,Hors intersection,Pluie légère,Sans collision,4,2,2,0,1,1,2,0,1,50,1,1,0,0,0,1,40.0,,deux_roues,,1,2,1,2,7
202000019572,2020-10-06 13:50:00,2020,10,6,13,50,12,12145,D911,44.12113,3.06275,Plein jour,Hors agglomération,Hors intersection,Pluie légère,Deux véhicules - frontale,3,2,3,0,2,2,8,0,1,80,2,3,0,0,1,2,30.0,34.0,voiture,voiture,1,1,1,2,1
202000019573,2020-10-06 00:39:00,2020,10,6,0,39,10,10387,GODARD PILLAVEINE (RUE),48.29111,4.09637,Nuit avec éclairage allumé,En agglomération,Hors intersection,Normale,Deux véhicules - frontale,4,2,2,0,1,1,2,0,1,50,2,1,0,0,0,1,25.0,,voiture,,5,2,1,1,1
202000019574,2020-10-07 15:00:00,2020,10,7,15,0,09,09122,LERIDA (AVENUE DE),42.966339,1.5980279,Plein jour,Hors agglomération,Autre intersection,Normale,Autre collision,3,3,2,0,2,2,2,0,1,80,1,1,0,0,0,1,58.0,,autre,,1,1,9,1,6
202000019575,2020-08-10 11:08:00,2020,8,10,11,8,78,78498,DEVAUX BD,48.9311,2.0459,Plein jour,En agglomération,Intersection en T,Normale,Deux véhicules - côté,3,2,2,0,1,1,1,0,1,50,2,3,1,0,0,2,43.0,57.0,utilitaire_camion,voiture,1,2,3,1,3
202000019576,2020-10-06 21:15:00,2020,10,6,21,15,03,03101,MICHEL FAYE ( RUE) ,46.3700969,2.5850219,Nuit avec éclairage allumé,En agglomération,Giratoire,Normale,Deux véhicules - côté,4,3,2,0,1,1,1,5,1,70,2,2,1,0,0,1,52.0,28.0,voiture,deux_roues,5,2,6,1,3
202000019577,2020-08-08 19:40:00,2020,8,8,19,40,77,77305,SEINE (QUAI DE) - D39,48.3896,2.9568,Plein jour,En agglomération,Hors intersection,Normale,Trois véhicules et plus - collisions multiples,3,2,2,0,1,1,1,0,1,50,3,3,2,1,0,0,52.0,67.0,voiture,voiture,1,2,1,1,5
202000019578,2020-10-07 09:35:00,2020,10,7,9,35,75,75112,PORTE DOREE,48.838695,2.413214,Plein jour,En agglomération,Hors intersection,Normale,Deux véhicules - côté,4,1,4,0,1,1,1,0,1,70,2,3,2,0,0,1,54.0,34.0,voiture,utilitaire_camion,1,2,1,1,3
202000019579,2020-10-07 19:25:00,2020,10,7,19,25,75,75120,RUE DES PYRENEES,48.859152,2.402139,Crépuscule ou aube,En agglomération,Intersection en X,Normale,Trois véhicules et plus - en chaîne,4,2,2,0,2,1,1,0,1,50,3,3,1,0,0,2,30.0,30.0,deux_roues,deux_roues,2,2,2,1,4
202000019580,2020-08-08 01:30:00,2020,8,8,1,30,77,77296,14 JUILLET 1789 (PLACE DU),48.6280969,2.5900134,Nuit avec éclairage allumé,En agglomération,Intersection en T,Normale,Deux véhicules - côté,4,1,1,0,1,1,1,0,1,30,2,3,1,0,0,2,23.0,20.0,voiture,voiture,5,2,3,1,3
202000019581,2020-10-07 13:00:00,2020,10,7,13,0,75,75120,RUE DES COURONNES,48.870565,2.388241,Plein jour,En agglomération,Intersection en Y,Normale,Deux véhicules - arrière,4,1,1,0,2,2,1,0,1,30,2,2,1,0,0,1,45.0,36.0,voiture,deux_roues,1,2,4,1,2
202000019582,2020-08-10 05:30:00,2020,8,10,5,30,77,77438,RENE CASSIN (RUE) - D10P,48.8612,2.6685,Nuit sans éclairage public,Hors agglomération,Giratoire,Temps couvert,Deux véhicules - côté,1,2,2,-1,1,1,2,3,1,-1,2,1,0,0,0,1,46.0,,deux_roues,,3,1,6,8,3
202000019583,2020-10-06 10:40:00,2020,10,6,10,40,75,75117,RUE DE ROME,48.885672,2.316831,Plein jour,En agglomération,Intersection en X,Pluie légère,Deux véhicules - côté,4,2,2,1,1,1,2,-1,5,30,2,2,1,0,0,1,21.0,51.0,utilitaire_camion,deux_roues,1,2,2,2,3
202000019584,2020-10-07 21:30:00,2020,10,7,21,30,75,75116,AVENUE DE VERSAILLES,48.849684,2.276004,Nuit avec éclairage allumé,En agglomération,Intersection en T,Normale,Deux véhicules - côté,4,2,4,0,1,1,1,0,1,50,2,1,0,0,0,1,18.0,,deux_roues,,5,2,3,1,3
202000019585,2020-08-10 18:25:00,2020,8,10,18,25,77,77186,RD 409 panneau ONF à LIBERATION,48.41362,2.64419,Plein jour,Hors agglomération,Intersection en X,Normale,Deux véhicules - côté,3,2,2,0,1,1,1,0,1,70,2,2,1,0,0,1,55.0,42.0,voiture,voiture,1,1,2,1,3
202000019586,2020-10-06 19:20:00,2020,10,6,19,20,75,75116,BOULEVARD PERIPHERIQUE,48.841007,2.254193,Crépuscule ou aube,En agglomération,Intersection en Y,Normale,Deux véhicules - arrière,4,1,3,0,1,1,2,0,1,50,2,2,1,0,0,1,37.0,33.0,voiture,deux_roues,2,2,4,1,2
202000019587,2020-08-09 16:18:00,2020,8,9,16,18,77,77449,D345 - (PENETRANTE VAL D'EUROPE),48.84058,2.77664,Plein jour,Hors agglomération,Hors intersection,Normale,,3,2,2,0,1,1,1,0,1,80,3,7,3,0,4,0,36.0,65.0,voiture,voiture,1,1,1,1,-1
202000019588,2020-10-07 16:00:00,2020,10,7,16,0,75,75114,RUE D ALESIA,48.827827,2.330119,Plein jour,En agglomération,Intersection en Y,Normale,Deux véhicules - côté,4,2,4,2,1,1,1,0,1,50,2,2,1,0,0,1,22.0,54.0,deux_roues,voiture,1,2,4,1,3
202000019589,2020-10-07 21:00:00,2020,10,7,21,0,75,75113,RUE DE LA GLACIERE,48.835224,2.345042,Nuit avec éclairage allumé,En agglomération,Hors intersection,Normale,Deux véhicules - arrière,4,2,2,0,1,1,1,0,1,50,2,3,2,0,0,1,64.0,39.0,voiture,voiture,5,2,1,1,2
202000019590,2020-10-07 07:27:00,2020,10,7,7,27,75,75113,BOULEVARD KELLERMANN,48.82105,2.350629,Nuit avec éclairage allumé,En agglomération,Intersection en T,Pluie légère,Deux véhicules - frontale,4,2,4,0,1,3,2,0,1,50,2,2,1,0,0,1,48.0,26.0,voiture,deux_roues,5,2,3,2,1
202000019591,2020-08-10 16:23:00,2020,8,10,16,23,69,69029,UNIVERSITE  (DE L')              (BD),45.72683,4.92765,Plein jour,En agglomération,Hors intersection,Normale,Deux véhicules - côté,4,1,3,0,2,1,1,5,1,50,2,2,1,0,0,1,67.0,41.0,voiture,deux_roues,1,2,1,1,3
202000019592,2020-10-07 16:00:00,2020,10,7,16,0,75,75112,QUAI DE BERCY,48.829295,2.38752,Plein jour,En agglomération,Hors intersection,Normale,Deux véhicules - arrière,4,3,2,0,1,1,1,0,1,50,2,2,1,0,0,1,39.0,40.0,utilitaire_camion,deux_roues,1,2,1,1,2
202000019593,2020-10-07 07:35:00,2020,10,7,7,35,75,75112,AVENUE DE GRAVELLE,48.824079,2.420897,Crépuscule ou aube,En agglomération,Hors intersection,Pluie légère,Trois véhicules et plus - en chaîne,4,2,2,0,1,1,2,0,1,50,3,3,2,0,0,1,34.0,45.0,voiture,voiture,2,2,1,2,4
202000019594,2020-08-10 01:00:00,2020,8,10,1,0,69,69266,4 AOUT 1789    (Rue du),45.76469,4.8844,Nuit avec éclairage allumé,En agglomération,Intersection en X,Normale,Deux véhicules - côté,4,1,3,2,1,1,1,0,1,50,2,3,2,0,0,1,34.0,21.0,deux_roues,voiture,5,2,2,1,3
202000019595,2020-10-06 08:50:00,2020,10,6,8,50,75,75112,BOULEVARD DE LA GUYANE,48.836175,2.412721,Plein jour,En agglomération,Hors intersection,Pluie légère,Deux véhicules - côté,4,2,2,0,1,1,2,0,1,30,2,1,0,0,0,1,44.0,,deux_roues,,1,2,1,2,3
202000019596,2020-08-10 08:00:00,2020,8,10,8,0,69,69091,SEMARD (PIERRE) ( R ),45.5846,4.76615,Plein jour,En agglomération,Autre intersection,Normale,Deux véhicules - côté,4,2,1,0,2,3,1,0,1,50,2,2,1,0,0,1,60.0,25.0,deux_roues,voiture,1,2,9,1,3
202000019597,2020-10-07 16:50:00,2020,10,7,16,50,75,75110,BOULEVARD DE LA CHAPELLE,48.883769,2.351693,Plein jour,En agglomération,Hors intersection,Normale,Sans collision,4,1,2,1,1,1,1,-1,5,30,1,1,0,0,0,1,39.0,,deux_roues,,1,2,1,1,7
202000019598,2020-08-09 17:40:00,2020,8,9,17,40,67,67482,ALTENHEIM (ROUTE D ),48.542756,7.76611,Plein jour,En agglomération,Hors intersection,Normale,Deux véhicules - côté,4,2,2,0,1,1,1,0,1,50,2,3,1,0,0,2,18.0,24.0,deux_roues,voiture,1,2,1,1,3
202000019599,2020-10-07 18:20:00,2020,10,7,18,20,75,75109,RUE BERGERE,48.872195,2.346719,Plein jour,En agglomération,Intersection en T,Normale,Autre collision,4,1,0,2,1,1,1,-1,5,50,1,2,1,0,0,1,40.0,,deux_roues,,1,2,3,1,6
202000019600,2020-08-07 03:15:00,2020,8,7,3,15,64,64483,RD810,43.4134,-1.614,Nuit sans éclairage public,En agglomération,Hors intersection,Normale,Autre collision,1,2,2,0,1,3,1,0,1,70,1,2,0,0,2,0,58.0,,deux_roues,,3,2,1,1,6
202000019601,2020-10-07 14:30:00,2020,10,7,14,30,75,75109,RUE BLANCHE,48.881801,2.331697,Plein jour,En agglomération,Hors intersection,Normale,Deux véhicules - côté,4,2,2,2,2,1,1,-1,5,50,2,1,0,0,0,1,15.0,,deux_roues,,1,2,1,1,3
202000019602,2020-08-08 20:05:00,2020,8,8,20,5,64,64024,BAYONNE (AVENUE DE),43.480853,-1.51358,Plein jour,En agglomération,Hors intersection,Normale,Deux véhicules - arrière,3,2,2,0,1,1,1,0,1,50,2,2,1,0,0,1,15.0,20.0,deux_roues,voiture,1,2,1,1,2
202000019603,2020-10-07 10:40:00,2020,10,7,10,40,75,75108,RUE LA BOETIE,48.87213,2.309035,Plein jour,En agglomération,Intersection en T,Temps couvert,Autre collision,4,1,1,0,1,1,2,0,1,50,1,1,0,0,0,1,57.0,,deux_roues,,1,2,3,8,6
202000019604,2020-10-07 10:15:00,2020,10,7,10,15,75,75114,BOULEVARD ARAGO,48.834522,2.335432,Plein jour,En agglomération,Hors intersection,Temps couvert,Autre collision,4,2,2,0,1,1,2,0,1,50,1,2,1,0,0,1,26.0,,deux_roues,,1,2,1,8,6
202000019605,2020-08-08 17:10:00,2020,8,8,17,10,63,63075,ROYAT (AVENUE DE),45.77257,3.06029,Plein jour,En agglomération,Hors intersection,Normale,Autre collision,6,2,2,0,1,1,1,9,8,50,1,1,0,0,0,1,21.0,,voiture,,1,2,1,1,6
202000019606,2020-10-07 02:49:00,2020,10,7,2,49,75,75104,QUAI HENRI IV,48.849393,2.361806,Nuit avec éclairage allumé,En agglomération,Hors intersection,Pluie légère,Autre collision,4,1,1,0,1,2,2,0,1,50,1,4,2,0,0,2,23.0,,voiture,,5,2,1,2,6
202000019607,2020-10-07 13:10:00,2020,10,7,13,10,75,75101,QUAI DES TUILERIES,48.863128,2.323463,Plein jour,En agglomération,Hors intersection,Normale,Sans collision,4,2,3,1,1,1,1,-1,5,25,1,1,0,0,0,1,37.0,,deux_roues,,1,2,1,1,7
202000019608,2020-08-06 09:10:00,2020,8,6,9,10,60,60159,Rue du Port à Bateaux,49.41563,2.81944,Plein jour,En agglomération,Giratoire,Normale,Deux véhicules - côté,4,1,1,0,2,3,1,5,1,30,2,2,1,0,1,0,25.0,54.0,deux_roues,voiture,1,2,6,1,3
202000019609,2020-08-08 08:10:00,2020,8,8,8,10,60,60382,Avenue Raymond Poincaré,49.42663,2.82983,Plein jour,En agglomération,Hors intersection,Normale,Deux véhicules - arrière,3,2,2,1,1,1,1,0,1,50,2,2,1,0,0,1,66.0,35.0,utilitaire_camion,voiture,1,2,1,1,2
202000019610,2020-10-07 19:45:00,2020,10,7,19,45,94,94081,HENRI BARBUSSE (AV),48.79273,2.39133,Nuit avec éclairage allumé,En agglomération,Intersection en X,Normale,Deux véhicules - côté,3,3,4,3,2,1,1,0,1,50,2,2,1,0,0,1,44.0,44.0,voiture,deux_roues,5,2,2,1,3
202000019611,2020-08-09 04:30:00,2020,8,9,4,30,59,59350,RATISBONNE RUE,50.62973,3.05343,Nuit avec éclairage allumé,En agglomération,Intersection en X,Normale,Deux véhicules - côté,4,1,1,0,1,1,1,5,1,30,2,2,1,0,1,0,22.0,24.0,deux_roues,voiture,5,2,2,1,3
202000019612,2020-10-07 21:05:00,2020,10,7,21,5,94,94078,FUSILLES (AV DES),48.72859,2.4481,Nuit avec éclairage allumé,En agglomération,Hors intersection,Normale,Autre collision,4,2,2,0,2,3,1,6,4,50,1,1,0,0,1,0,55.0,,voiture,,5,2,1,1,6
202000019613,2020-10-06 11:58:00,2020,10,6,11,58,94,94068,CRETEIL (BD DE),48.79808,2.48574,Plein jour,En agglomération,Hors intersection,Pluie légère,Autre collision,3,2,2,0,1,1,2,0,1,50,1,2,1,0,0,1,38.0,,utilitaire_camion,,1,2,1,2,6
202000019614,2020-08-08 19:15:00,2020,8,8,19,15,59,59009,PARMENTIER RUE,50.64301,3.13541,Plein jour,En agglomération,Hors intersection,Normale,Deux véhicules - côté,4,-1,2,0,1,1,1,0,1,50,2,3,2,0,1,0,19.0,44.0,voiture,deux_roues,1,2,1,1,3
202000019615,2020-10-06 06:15:00,2020,10,6,6,15,94,94076,REPUBLIQUE (AV DE LA),48.7879247,2.3565658,Nuit avec éclairage allumé,En agglomération,Intersection en T,Pluie légère,Deux véhicules - côté,3,2,2,0,1,1,2,0,1,50,2,2,1,0,0,1,37.0,22.0,voiture,deux_roues,5,2,3,2,3
202000019616,2020-10-07 07:45:00,2020,10,7,7,45,94,94028,REPUBLIQUE(AVENUE DE LA),48.792,2.46634,Crépuscule ou aube,En agglomération,Intersection en X,Normale,Deux véhicules - côté,4,2,2,0,1,1,2,0,1,50,2,2,1,0,0,1,49.0,55.0,deux_roues,utilitaire_camion,2,2,2,1,3
202000019617,2020-08-07 16:45:00,2020,8,7,16,45,56,56098,RN 165,47.78049,-3.34381,Plein jour,Hors agglomération,Hors intersection,Normale,Deux véhicules - côté,2,3,4,0,1,1,1,0,1,90,2,2,1,0,0,1,30.0,30.0,voiture,utilitaire_camion,1,1,1,1,3
202000019618,2020-10-06 13:00:00,2020,10,6,13,0,94,94079,FRIEDBERG (BD DE),48.83504,2.54737,Plein jour,Hors agglomération,Intersection en X,Normale,Deux véhicules - côté,3,4,4,0,1,1,1,0,1,50,2,2,1,0,0,1,62.0,34.0,voiture,deux_roues,1,1,2,1,3
202000019619,2020-08-07 16:05:00,2020,8,7,16,5,56,56098,165  (ROUTE NATIONALE),47.78003,-3.34503,Plein jour,Hors agglomération,Hors intersection,Normale,Trois véhicules et plus - en chaîne,2,3,4,0,2,1,1,0,1,90,3,8,5,0,0,3,37.0,19.0,voiture,voiture,1,1,1,1,4
202000019620,2020-10-07 11:30:00,2020,10,7,11,30,94,94018,ARCADE (R DE L),48.82199,2.3997,Plein jour,En agglomération,Hors intersection,Normale,Autre collision,4,1,1,0,2,1,1,0,1,30,1,2,1,0,1,0,33.0,,deux_roues,,1,2,1,1,6
202000019621,2020-08-10 21:15:00,2020,8,10,21,15,51,51172,Rue Chanzy,49.2242991,4.0517599,Crépuscule ou aube,En agglomération,Intersection en Y,Normale,Deux véhicules - côté,3,2,2,0,1,1,1,0,1,50,2,3,1,0,1,1,24.0,25.0,deux_roues,voiture,2,2,4,1,3
202000019622,2020-10-06 09:10:00,2020,10,6,9,10,94,94056,BRIE COMTE ROBERT (RTE DE),48.696928,2.570227,Plein jour,Hors agglomération,Hors intersection,Pluie légère,Autre collision,3,2,2,0,1,1,2,0,1,50,1,2,1,0,0,1,38.0,,voiture,,1,1,1,2,6
202000019623,2020-08-07 13:40:00,2020,8,7,13,40,50,50218,FONTAINE JOLIE (RUE DE LA),48.8337,-1.55659,Plein jour,En agglomération,Intersection en T,Normale,Deux véhicules - côté,3,2,2,0,1,3,1,5,1,50,2,2,1,0,1,0,62.0,18.0,utilitaire_camion,deux_roues,1,2,3,1,3
202000019624,2020-10-07 08:45:00,2020,10,7,8,45,93,93078,BALLANGER (BD ROBERT),48.9599139,2.5523259,Plein jour,En agglomération,Hors intersection,Temps couvert,,3,4,4,0,1,1,2,5,1,50,2,2,1,0,1,0,53.0,45.0,deux_roues,transport_commun,1,2,1,8,-1
202000019625,2020-08-09 17:00:00,2020,8,9,17,0,49,49328,ANGERS (ROUTE D') D 952,47.283,-0.0946,Plein jour,Hors agglomération,Hors intersection,Normale,Autre collision,3,2,2,2,1,1,1,0,5,80,1,1,0,0,0,1,66.0,,voiture,,1,1,1,1,6
202000019626,2020-10-07 13:00:00,2020,10,7,13,0,93,93059,JEAN MERMOZ (N°59 AU 185),48.96345,2.36026,Plein jour,En agglomération,Hors intersection,Normale,Deux véhicules - arrière,3,3,4,0,1,1,1,0,1,50,2,2,1,0,0,1,31.0,38.0,voiture,voiture,1,2,1,1,2
202000019627,2020-08-08 13:50:00,2020,8,8,13,50,49,49267,BEAUFORT ROUTE,47.46702,-0.47619,Plein jour,En agglomération,Hors intersection,Normale,Sans collision,4,2,2,0,1,1,1,0,1,50,1,1,0,0,0,1,19.0,,deux_roues,,1,2,1,1,7
202000019628,2020-10-07 08:20:00,2020,10,7,8,20,93,93070,MICHELET(AV):N°1AU 103,48.913277,2.3443093,Plein jour,En agglomération,Hors intersection,Pluie légère,Deux véhicules - côté,3,2,2,2,1,1,2,0,1,50,2,3,2,0,0,1,38.0,39.0,voiture,deux_roues,1,2,1,2,3
202000019629,2020-08-07 12:20:00,2020,8,7,12,20,49,49267,HUIT MAI 1945,47.4612,-0.50155,Plein jour,En agglomération,Hors intersection,Normale,Deux véhicules - arrière,4,2,2,0,1,1,1,0,1,50,2,3,1,0,0,2,50.0,52.0,voiture,voiture,1,2,1,1,2
202000019630,2020-10-06 13:55:00,2020,10,6,13,55,93,93066,"""POULLAIN AUGUSTE, NR 1 A 51""",48.940794,2.3551694,Plein jour,En agglomération,Hors intersection,Normale,Deux véhicules - côté,4,2,2,1,1,1,1,0,1,50,2,2,1,0,0,1,26.0,48.0,deux_roues,voiture,1,2,1,1,3
202000019631,2020-08-09 22:50:00,2020,8,9,22,50,44,44172,PERIPHERIQUE,47.2388,-1.4848,Nuit avec éclairage allumé,Hors agglomération,Hors intersection,Normale,Autre collision,2,3,0,0,2,3,1,0,1,50,1,1,0,0,1,0,35.0,,voiture,,5,1,1,1,6
202000019632,2020-08-09 03:50:00,2020,8,9,3,50,44,44020,Route de Pornic,47.1877,-1.587,Nuit avec éclairage allumé,En agglomération,Giratoire,Normale,Sans collision,7,1,4,0,1,1,1,0,1,30,1,1,0,0,1,0,27.0,,deux_roues,,5,2,6,1,7
202000019633,2020-08-07 12:15:00,2020,8,7,12,15,41,41018,VENDOME (AVENUE DE),47.6104,1.308308,Plein jour,En agglomération,Intersection en X,Normale,Deux véhicules - côté,4,2,2,0,1,1,1,0,1,50,2,2,1,0,0,1,28.0,50.0,utilitaire_camion,deux_roues,1,2,2,1,3
202000019634,2020-10-07 21:30:00,2020,10,7,21,30,93,93048,ARISTIDE BRIAND (BOULEVARD),48.8735052,2.4540315,Nuit avec éclairage allumé,En agglomération,Hors intersection,Normale,,3,2,2,1,1,1,1,0,1,30,2,3,1,0,0,2,40.0,11.0,voiture,deux_roues,5,2,1,1,-1
202000019635,2020-08-05 19:20:00,2020,8,5,19,20,41,41018,LATTRE DE TASSIGNY (RUE DU MARECHAL DE),47.58679,1.33709,Plein jour,En agglomération,Intersection en T,Normale,Deux véhicules - côté,4,1,1,0,1,1,1,0,1,30,2,2,1,0,0,1,37.0,43.0,voiture,deux_roues,1,2,3,1,3
202000019636,2020-10-07 19:15:00,2020,10,7,19,15,93,93061,PERI GABRIEL RUE,48.8865189,2.407374,Plein jour,En agglomération,Autre intersection,Normale,Deux véhicules - côté,3,2,2,0,1,1,1,0,1,10,2,2,1,0,0,1,48.0,42.0,voiture,deux_roues,1,2,9,1,3
202000019637,2020-08-08 20:30:00,2020,8,8,20,30,40,40279,RESISTANCE (AVE DE LA),43.72612,-1.07351,Plein jour,En agglomération,Hors intersection,Normale,Autre collision,4,3,2,0,2,1,1,0,1,50,1,2,1,0,1,0,62.0,,voiture,,1,2,1,1,6
202000019638,2020-08-10 10:45:00,2020,8,10,10,45,37,37261,PONT CHER (AVENUE DE),47.3682618,0.6763548,Plein jour,En agglomération,Hors intersection,Normale,Autre collision,3,2,2,3,1,1,1,9,1,50,1,2,1,0,1,0,49.0,,voiture,,1,2,1,1,6
202000019639,2020-08-10 17:50:00,2020,8,10,17,50,35,35238,CHATEAUGIRON (DE),48.0951,-1.63787,Plein jour,En agglomération,Intersection en T,Normale,Deux véhicules - côté,4,2,3,0,1,1,1,0,8,50,2,2,1,0,0,1,46.0,33.0,deux_roues,voiture,1,2,3,1,3