accident_id,datetime,annee,mois,jour,heure,minute,departement,commune_insee,adresse,latitude,longitude,luminosite,agglomeration,intersection,meteo,collision,catr,circ,nbv,vosp,prof,plan,surf,infra,situ,vma,nb_vehicules,nb_usagers,nb_indemnes,nb_tues,nb_blesses_hosp,nb_blesses_legers,age_cond_1,age_cond_2,veh_type_cond_1,veh_type_cond_2,lum_code,agg_code,int_code,atm_code,col_code
202000020002,2020-12-20 15:15:00,2020,12,20,15,15,29,29271,D788 - Lieu Dit Kernevez,48.599097,-4.152263,Plein jour,Hors agglomération,Hors intersection,Pluie légère,Autre collision,3,2,2,0,2,1,2,0,3,80,1,1,0,0,1,0,57.0,,deux_roues,,1,1,1,2,6
202000020003,2020-12-18 19:30:00,2020,12,18,19,30,29,29158,Hent Maner Ar Ster,47.803672,-4.305182,Nuit sans éclairage public,Hors agglomération,Hors intersection,Pluie forte,Deux véhicules - frontale,4,2,2,0,1,1,2,0,1,70,2,4,1,0,0,3,71.0,68.0,voiture,voiture,3,1,1,3,1
202000020004,2020-12-18 18:23:00,2020,12,18,18,23,84,84057,Départementale 2,43.913909,5.25095,Nuit sans éclairage public,Hors agglomération,Hors intersection,Normale,Sans collision,3,2,2,0,1,1,1,0,8,80,1,2,1,0,1,0,77.0,,voiture,,3,1,1,1,7
202000020005,2020-12-18 12:00:00,2020,12,18,12,0,01,01130,Route de Marboz,46.334232,5.200819,Plein jour,Hors agglomération,Hors intersection,Normale,Trois véhicules et plus - collisions multiples,3,2,2,0,1,3,1,0,1,80,4,6,4,0,2,0,44.0,27.0,utilitaire_camion,voiture,1,1,1,1,5
202000020006,2020-12-14 07:00:00,2020,12,14,7,0,72,72051,Rue Nationale,47.829379,0.077451,Nuit avec éclairage allumé,En agglomération,Hors intersection,Pluie légère,Autre collision,3,2,2,0,1,1,2,0,1,50,1,2,1,0,1,0,29.0,,voiture,,5,2,1,2,6
202000020007,2020-12-21 10:15:00,2020,12,21,10,15,14,14672,hameau Vic,49.042257,-0.825552,Plein jour,Hors agglomération,Intersection en T,Pluie forte,Deux véhicules - côté,3,2,2,0,2,1,2,0,1,80,2,3,2,0,0,1,58.0,34.0,voiture,utilitaire_camion,1,1,3,3,3
202000020008,2020-11-13 13:00:00,2020,11,13,13,0,69,69259,CORBAS (DE)                         (RO),45.68819,4.89123,Plein jour,En agglomération,Giratoire,Normale,Deux véhicules - côté,4,1,2,0,1,2,1,0,1,50,2,2,1,0,1,0,52.0,54.0,utilitaire_camion,deux_roues,1,2,6,1,3
202000020009,2020-11-13 11:40:00,2020,11,13,11,40,69,69259,IRENE JOLIOT CURIE                  (BD),45.71133,4.88158,Plein jour,En agglomération,Intersection en T,Normale,Deux véhicules - côté,3,2,4,1,1,1,1,0,1,50,2,2,1,0,0,1,41.0,51.0,voiture,deux_roues,1,2,3,1,3
202000020010,2020-11-13 13:10:00,2020,11,13,13,10,69,69034,STRASBOURG (DE)                     (RO),45.79101,4.86073,Plein jour,Hors agglomération,Intersection en X,Normale,Deux véhicules - côté,3,-1,2,0,1,1,1,0,1,50,2,2,1,0,0,1,47.0,29.0,autre,voiture,1,1,2,1,3
202000020011,2020-11-13 09:25:00,2020,11,13,9,25,69,69202,MARECHAL FOCH (DU)                  (AV),45.74093,4.80358,Plein jour,En agglomération,Intersection en T,Normale,Autre collision,4,2,2,0,3,1,1,0,1,30,1,2,1,0,0,1,87.0,,voiture,,1,2,3,1,6
202000020012,2020-11-13 17:55:00,2020,11,13,17,55,971,97101,RN5-BOISRIPEAUX,16.30312,-61.49426,Nuit sans éclairage public,Hors agglomération,Autre intersection,Pluie légère,Trois véhicules et plus - en chaîne,2,1,2,0,1,1,1,0,1,70,4,6,3,0,0,3,26.0,57.0,voiture,voiture,3,1,9,2,4
202000020013,2020-11-13 11:30:00,2020,11,13,11,30,971,97101,ROUTE DE CHAZEAU,16.288657,-61.481933,Plein jour,Hors agglomération,Intersection en T,Normale,Deux véhicules - côté,3,2,2,0,1,1,1,0,1,70,2,2,1,0,1,0,77.0,61.0,deux_roues,voiture,1,1,3,1,3
202000020014,2020-11-13 12:00:00,2020,11,13,12,0,2A,2A004,PERALDI NICOLAS AVENUE,41.9353892,8.7362978,Plein jour,En agglomération,Intersection en T,Normale,Deux véhicules - côté,3,2,2,0,1,1,1,0,1,50,2,3,0,0,0,3,26.0,15.0,deux_roues,voiture,1,2,3,1,3
202000020015,2020-11-13 08:45:00,2020,11,13,8,45,95,95018,PONTOISE (ROUTE DE),48.956136,2.205325,Plein jour,En agglomération,Hors intersection,Pluie légère,Deux véhicules - arrière,3,2,4,1,1,1,2,0,1,50,2,2,1,1,0,0,56.0,50.0,deux_roues,voiture,1,2,1,2,2
202000020016,2020-11-11 20:07:00,2020,11,11,20,7,87,87085,BELLAC (RUE DE),45.84802,1.2454,Nuit avec éclairage allumé,En agglomération,Intersection en X,Normale,Autre collision,4,2,2,0,1,1,1,0,1,50,1,1,0,0,0,1,53.0,,voiture,,5,2,2,1,6
202000020017,2020-11-12 08:25:00,2020,11,12,8,25,86,86214,Route des Groges,46.5579,0.361,Plein jour,En agglomération,Hors intersection,Pluie légère,Deux véhicules - frontale,4,2,2,0,1,1,2,0,3,50,2,3,1,0,0,2,52.0,48.0,voiture,voiture,1,2,1,2,1
202000020018,2020-11-13 19:10:00,2020,11,13,19,10,83,83137,GASQUET (AVE JOSEPH DE 1408 A FIN,43.1195382,5.9781643,Nuit avec éclairage allumé,En agglomération,Giratoire,Temps couvert,Deux véhicules - côté,3,2,1,0,1,1,2,5,8,30,2,2,1,0,1,0,56.0,37.0,deux_roues,voiture,5,2,6,8,3
202000020019,2020-11-12 16:40:00,2020,11,12,16,40,83,83129,KENNEDY (AVENUE J.)N° IMPAIRS > ST VICTO,43.1085891,5.827797,Plein jour,Hors agglomération,Autre intersection,Normale,Deux véhicules - arrière,3,2,2,0,2,2,1,5,1,50,2,2,1,0,1,0,65.0,28.0,deux_roues,voiture,1,1,9,1,2
202000020020,2020-11-12 18:25:00,2020,11,12,18,25,83,83123,BAD SACKINGEN (ROND POINT),43.11889,5.81078,Nuit avec éclairage allumé,En agglomération,Giratoire,Normale,Autre collision,4,1,2,0,1,2,1,5,1,50,1,2,1,0,1,0,54.0,,voiture,,5,2,6,1,6
202000020021,2020-11-12 12:05:00,2020,11,12,12,5,76,76341,VIEILLE FAIENCERIE,49.51615,0.18574,Plein jour,En agglomération,Giratoire,Normale,Deux véhicules - côté,3,2,2,0,1,1,1,0,1,50,2,3,1,0,0,2,17.0,45.0,deux_roues,voiture,1,2,6,1,3
202000020022,2020-11-13 10:32:00,2020,11,13,10,32,74,74012,ARVE (QUAI D'),46.18534,6.22598,Plein jour,En agglomération,Intersection en T,Normale,Deux véhicules - arrière,3,2,2,0,1,1,1,0,1,50,2,2,1,0,0,1,24.0,28.0,voiture,voiture,1,2,3,1,2
202000020023,2020-11-12 15:40:00,2020,11,12,15,40,71,71153,MARECHAL FOCH (RUE),46.8036315,4.4446018,Plein jour,En agglomération,Hors intersection,Normale,Autre collision,3,2,2,0,1,1,1,0,1,50,1,1,0,0,1,0,86.0,,utilitaire_camion,,1,2,1,1,6
202000020024,2020-11-12 14:19:00,2020,11,12,14,19,66,66136,GAULLE (AVENUE GENERAL DE),42.69691,2.88235,Plein jour,En agglomération,Hors intersection,Normale,Deux véhicules - côté,4,1,2,1,1,1,1,0,1,50,2,2,1,0,0,1,52.0,23.0,voiture,deux_roues,1,2,1,1,3
202000020025,2020-11-13 15:30:00,2020,11,13,15,30,64,64024,AVENUE DE LA CHAMBRE D'AMOUR,43.49431,-1.5282,Plein jour,En agglomération,Hors intersection,Temps éblouissant,Autre collision,4,3,3,0,2,1,1,0,1,30,1,2,1,0,1,0,56.0,,voiture,,1,2,1,7,6
202000020026,2020-11-12 09:50:00,2020,11,12,9,50,63,63069,CHARLES DE GAULLE (CARREFOUR),45.72672,3.18873,Plein jour,En agglomération,Giratoire,Normale,Autre collision,7,1,2,0,1,2,1,0,1,50,1,2,1,0,1,0,54.0,,voiture,,1,2,6,1,6
202000020027,2020-11-12 15:21:00,2020,11,12,15,21,63,63032,HOTEL DE VILLE (RUE DE L'),45.7535883,3.0861115,Plein jour,En agglomération,Hors intersection,Normale,Autre collision,7,2,2,0,1,1,1,0,1,50,1,2,1,0,0,1,57.0,,voiture,,1,2,1,1,6
202000020028,2020-11-12 20:40:00,2020,11,12,20,40,63,63014,NOELLET (AVENUE JEAN),45.75411,3.10462,Nuit avec éclairage allumé,En agglomération,Hors intersection,Normale,Deux véhicules - côté,7,2,2,0,1,1,1,0,1,50,2,2,1,0,0,1,26.0,59.0,utilitaire_camion,voiture,5,2,1,1,3
202000020029,2020-10-29 17:20:00,2020,10,29,17,20,62,62755,CROQUELOIS ( Av. du Docteur ),50.690572,1.623539,Crépuscule ou aube,En agglomération,Hors intersection,Pluie forte,Autre collision,3,2,2,0,1,1,2,0,1,50,1,2,1,0,1,0,57.0,,voiture,,2,2,1,3,6
202000020030,2020-11-12 16:50:00,2020,11,12,16,50,54,54382,JEAN MOULIN (RUE),49.546,5.7815,Plein jour,En agglomération,Hors intersection,Normale,Autre collision,4,-1,2,0,2,1,1,0,1,50,1,2,1,0,0,1,38.0,,voiture,,1,2,1,1,6
202000020031,2020-11-13 08:30:00,2020,11,13,8,30,51,51108,Rue Jean Jaurès,48.9549925,4.3543263,Plein jour,En agglomération,Intersection en T,Normale,Deux véhicules - côté,4,2,4,1,2,1,1,0,1,50,2,2,1,0,1,0,41.0,20.0,voiture,deux_roues,1,2,3,1,3
202000020032,2020-11-11 03:50:00,2020,11,11,3,50,49,49007,Boulevard Yvonne Poirel,47.4597,-0.5605,Nuit avec éclairage allumé,En agglomération,Hors intersection,Pluie légère,Autre collision,4,2,3,3,1,1,2,0,1,50,1,2,1,1,0,0,69.0,,voiture,,5,2,1,2,6
202000020033,2020-11-13 15:30:00,2020,11,13,15,30,45,45147,Rue de Montaran - Rue Anatole France,47.9439867,1.9174779,Plein jour,En agglomération,Intersection en X,Normale,Deux véhicules - arrière,4,2,3,3,1,1,1,0,1,50,2,2,1,0,0,1,42.0,83.0,utilitaire_camion,voiture,1,2,2,1,2
202000020034,2020-11-12 16:10:00,2020,11,12,16,10,44,44184,RD 492 DU RP OCÉANIS AU RP EINSTEIN,47.2642,-2.25848,Plein jour,En agglomération,Hors intersection,Normale,Autre collision,3,3,4,0,1,1,1,9,1,50,1,2,1,0,0,1,57.0,,voiture,,1,2,1,1,6
202000020035,2020-10-22 17:45:00,2020,10,22,17,45,44,44184,COMBES (RUE EMILE),47.29897,-2.18865,Plein jour,En agglomération,Intersection en X,Normale,Autre collision,4,2,2,0,1,3,1,0,1,50,1,2,1,0,0,1,48.0,,voiture,,1,2,2,1,6
202000020036,2020-11-13 17:40:00,2020,11,13,17,40,41,41212,CHAMBORD (ROUTE DE),47.573033,1.355664,Nuit avec éclairage allumé,En agglomération,Intersection en T,Normale,Deux véhicules - côté,4,-1,2,1,1,1,1,0,1,50,2,2,1,0,0,1,19.0,59.0,deux_roues,voiture,5,2,3,1,3
202000020037,2020-10-28 16:30:00,2020,10,28,16,30,38,38544,Quai Pasteur,45.5375,4.86782,Plein jour,En agglomération,Intersection en T,Normale,Deux véhicules - côté,3,2,2,0,1,1,1,0,1,50,2,2,1,0,0,1,84.0,78.0,voiture,voiture,1,2,3,1,3
202000020038,2020-11-13 19:40:00,2020,11,13,19,40,35,35278,MELESSE (ROND POINT DE),48.16163,-1.6899,Nuit avec éclairage allumé,En agglomération,Giratoire,Pluie légère,Deux véhicules - côté,3,4,2,0,1,2,2,5,1,50,2,2,1,0,0,1,31.0,30.0,deux_roues,voiture,5,2,6,2,3
202000020039,2020-11-13 14:50:00,2020,11,13,14,50,35,35051,RD 175,48.14399,-1.62615,Plein jour,Hors agglomération,Hors intersection,Normale,Sans collision,3,3,4,0,2,2,1,0,3,70,1,1,0,0,0,1,35.0,,voiture,,1,1,1,1,7
202000020040,2020-11-13 04:10:00,2020,11,13,4,10,35,35238,PORTE DE BREST,48.130478,-1.710237,Nuit sans éclairage public,Hors agglomération,Hors intersection,Pluie légère,Deux véhicules - côté,2,3,6,0,1,1,2,0,1,90,2,2,1,0,1,0,38.0,56.0,utilitaire_camion,voiture,3,1,1,2,3
202000020041,2020-11-12 17:15:00,2020,11,12,17,15,34,34032,ROUTE DEPARTEMENTALE 612,43.3677,3.20746,Plein jour,Hors agglomération,Hors intersection,Normale,Trois véhicules et plus - en chaîne,3,3,4,0,1,1,1,0,1,90,3,5,0,0,1,4,30.0,22.0,voiture,voiture,1,1,1,1,4
202000020042,2020-11-03 19:15:00,2020,11,3,19,15,33,33522,BD DU PRESIDENT WILSON / RUE REGIS,44.81813,-0.57805,Nuit sans éclairage public,En agglomération,Intersection en T,Normale,Deux véhicules - côté,4,3,6,2,1,1,1,5,1,50,2,2,0,0,0,2,46.0,37.0,deux_roues,deux_roues,3,2,3,1,3
202000020043,2020-10-30 06:15:00,2020,10,30,6,15,33,33318,AVE PEY BERLAND,44.80089,-0.60876,Nuit avec éclairage allumé,En agglomération,Passage à niveau,Normale,Deux véhicules - frontale,4,2,2,1,2,1,1,5,6,50,2,2,1,0,0,1,54.0,23.0,transport_commun,deux_roues,5,2,8,1,1
202000020044,2020-11-13 10:45:00,2020,11,13,10,45,29,29039,15 Avenue Alain le Lay,47.8753976,-3.9177406,Plein jour,En agglomération,Hors intersection,Pluie légère,Sans collision,4,1,1,2,1,1,2,0,1,50,1,1,0,0,1,0,47.0,,deux_roues,,1,2,1,2,7
202000020045,2020-10-26 17:05:00,2020,10,26,17,5,29,29019,Rue Yves Giloux,48.4154892,-4.4807383,Plein jour,En agglomération,Hors intersection,Brouillard / fumée,Autre collision,4,2,2,0,1,1,1,6,1,50,1,2,1,0,0,1,89.0,,voiture,,1,2,1,5,6
202000020046,2020-10-16 13:00:00,2020,10,16,13,0,29,29019,Boulevard Jean Moulin,48.3866048,-4.4931132,Plein jour,En agglomération,Hors intersection,Normale,Deux véhicules - arrière,4,2,2,0,1,1,1,0,1,50,2,2,1,0,0,1,63.0,20.0,voiture,deux_roues,1,2,1,1,2
202000020047,2020-11-11 20:50:00,2020,11,11,20,50,27,27562,REANVILLE (CHEMIN DE),49.09408,1.41415,Nuit sans éclairage public,Hors agglomération,Hors intersection,Temps couvert,Trois véhicules et plus - en chaîne,3,2,2,0,1,1,1,0,1,80,3,4,1,1,2,0,40.0,21.0,voiture,deux_roues,3,1,1,8,4
202000020048,2020-11-13 17:40:00,2020,11,13,17,40,27,27229,BRIAND (AVENUE ARISTIDE),49.02126,1.1345,Nuit avec éclairage allumé,En agglomération,Hors intersection,Normale,Autre collision,6,-1,-1,0,1,1,2,0,1,50,1,2,1,0,0,1,56.0,,voiture,,5,2,1,1,6
202000020049,2020-02-05 17:40:00,2020,2,5,17,40,26,26198,2 Allee Alexander Graham Bell,44.56393,4.74506,Plein jour,En agglomération,Hors intersection,Normale,Deux véhicules - côté,4,-1,2,0,1,1,1,0,1,50,2,3,0,0,0,3,56.0,21.0,voiture,autre,1,2,1,1,3
202000020050,2020-11-13 15:20:00,2020,11,13,15,20,17,17300,COLMAR AVENUE DE,46.15388,-1.14743,Plein jour,En agglomération,Hors intersection,Normale,Deux véhicules - arrière,4,2,3,1,1,1,1,0,1,50,2,2,1,0,0,1,43.0,14.0,voiture,deux_roues,1,2,1,1,2
202000020051,2020-11-10 19:45:00,2020,11,10,19,45,14,14118,GUILLOU (BOULEVARD YVES),49.1724,-0.3811,Nuit avec éclairage allumé,En agglomération,Intersection en X,Normale,Deux véhicules - côté,4,2,4,0,1,1,1,0,1,50,2,2,0,0,1,1,54.0,54.0,voiture,voiture,5,2,2,1,3
202000020052,2020-11-13 15:50:00,2020,11,13,15,50,13,13211,MIRELLE LAUZE (BOULEVARD),43.286836,5.431444,Plein jour,En agglomération,Hors intersection,Normale,Trois véhicules et plus - collisions multiples,4,2,2,0,1,1,1,0,1,50,3,3,1,0,0,2,20.0,59.0,voiture,voiture,1,2,1,1,5
202000020053,2020-11-12 18:15:00,2020,11,12,18,15,13,13211,JEAN LOMBARD (AVENUE),43.288972,5.43189,Crépuscule ou aube,En agglomération,Hors intersection,Normale,Trois véhicules et plus - collisions multiples,4,2,2,0,1,1,1,0,1,50,3,3,2,0,0,1,34.0,43.0,voiture,deux_roues,2,2,1,1,5
202000020054,2020-11-12 10:18:00,2020,11,12,10,18,12,12145,JAURES JEAN (AVENUE),44.1028,3.07969,Plein jour,En agglomération,Hors intersection,Normale,Deux véhicules - côté,4,2,2,0,1,1,1,0,1,30,2,2,1,0,0,1,17.0,66.0,deux_roues,deux_roues,1,2,1,1,3
202000020055,2020-11-13 14:30:00,2020,11,13,14,30,10,10387,JULES GUESDE (RUE),48.27965,4.08693,Plein jour,En agglomération,Hors intersection,Temps couvert,Deux véhicules - arrière,3,1,2,1,1,1,2,5,1,50,2,4,2,0,2,0,80.0,40.0,voiture,voiture,1,2,1,8,2
202000020056,2020-11-13 09:00:00,2020,11,13,9,0,10,10387,EMILE CLEVY (RUE),48.283383,4.07911,Plein jour,En agglomération,Hors intersection,Normale,,4,1,1,0,4,2,1,0,1,50,2,5,4,0,0,1,47.0,49.0,voiture,voiture,1,2,1,1,-1
202000020057,2020-11-12 07:01:00,2020,11,12,7,1,10,10387,ANATOLE FRANCE (RUE),48.28324,4.07163,Nuit avec éclairage allumé,En agglomération,Hors intersection,Pluie légère,Autre collision,4,1,0,1,1,1,2,0,1,50,1,2,1,0,0,1,40.0,,voiture,,5,2,1,2,6
202000020058,2020-11-13 11:20:00,2020,11,13,11,20,09,09225,VILLENEUVE ROUTE DE,43.12793,1.61631,Plein jour,En agglomération,Intersection en T,Normale,Deux véhicules - côté,4,-1,1,0,1,1,1,0,1,50,2,2,1,0,0,1,66.0,38.0,deux_roues,voiture,1,2,3,1,3
202000020059,2020-11-11 18:25:00,2020,11,11,18,25,07,07281,BOUVAT (AVENUE MARC),44.94639,4.84847,Nuit avec éclairage non allumé,En agglomération,Hors intersection,Normale,Autre collision,4,-1,4,2,1,1,1,0,1,50,1,2,1,0,0,1,21.0,,voiture,,4,2,1,1,6
202000020060,2020-11-13 18:55:00,2020,11,13,18,55,06,06027,JAURES AVENUE JEAN,43.65884,7.16959,Nuit avec éclairage allumé,En agglomération,,Pluie légère,Deux véhicules - arrière,7,2,4,0,1,1,2,0,1,50,2,2,1,0,0,1,81.0,51.0,voiture,deux_roues,5,2,-1,2,2
202000020061,2020-11-13 10:15:00,2020,11,13,10,15,06,06027,VAL FLEURI CHEMIN DU,43.6617946,7.1728063,Plein jour,En agglomération,Hors intersection,Normale,Sans collision,7,2,2,0,1,1,1,0,1,50,1,2,1,0,0,1,61.0,,voiture,,1,2,1,1,7
202000020062,2020-11-11 10:45:00,2020,11,11,10,45,04,04070,Ch du Moulin,44.0855287,6.2113026,Plein jour,En agglomération,Hors intersection,Temps éblouissant,Autre collision,4,1,1,0,2,1,1,0,1,50,1,2,1,1,0,0,66.0,,voiture,,1,2,1,7,6
202000020063,2020-11-13 18:40:00,2020,11,13,18,40,75,75120,BOULEVARD PERIPHERIQUE,48.854457,2.413835,Crépuscule ou aube,En agglomération,Hors intersection,Normale,Deux véhicules - côté,4,1,4,0,1,1,1,0,1,70,2,2,1,0,0,1,27.0,37.0,deux_roues,voiture,2,2,1,1,3
202000020064,2020-11-13 09:20:00,2020,11,13,9,20,75,75120,PLACE OCTAVE CHANUTE,48.866389,2.406317,Plein jour,En agglomération,Intersection en X,Temps couvert,Autre collision,4,2,2,0,2,1,1,0,1,50,1,2,1,0,0,1,50.0,,voiture,,1,2,2,8,6
202000020065,2020-11-13 15:40:00,2020,11,13,15,40,75,75118,BOULEVARD ORNANO,48.893662,2.347949,Plein jour,En agglomération,Intersection en Y,Normale,Deux véhicules - côté,4,2,4,0,1,1,1,0,1,50,2,2,1,0,0,1,68.0,21.0,voiture,deux_roues,1,2,4,1,3
202000020066,2020-11-13 14:50:00,2020,11,13,14,50,75,75118,RUE DES POISSONNIERS,48.897234,2.352684,Plein jour,En agglomération,Hors intersection,Normale,Deux véhicules - côté,4,2,2,0,1,1,1,0,1,30,2,2,1,0,0,1,38.0,27.0,deux_roues,voiture,1,2,1,1,3
202000020067,2020-11-13 09:20:00,2020,11,13,9,20,75,75118,RUE CUSTINE,48.889327,2.344687,Plein jour,En agglomération,Intersection en X,Normale,Deux véhicules - côté,4,2,2,0,1,1,1,0,1,50,2,2,1,0,0,1,36.0,32.0,deux_roues,voiture,1,2,2,1,3
202000020068,2020-11-13 15:00:00,2020,11,13,15,0,75,75117,BOULEVARD BESSIERES,48.895297,2.31638,Plein jour,En agglomération,Intersection en T,Normale,Deux véhicules - côté,4,3,2,1,1,1,1,-1,5,50,2,2,1,0,0,1,48.0,33.0,utilitaire_camion,deux_roues,1,2,3,1,3
202000020069,2020-11-13 12:55:00,2020,11,13,12,55,75,75117,AVENUE NIEL,48.881816,2.295829,Plein jour,En agglomération,Intersection en Y,Normale,Autre collision,4,2,2,0,1,1,1,0,1,50,1,2,1,0,0,1,33.0,,voiture,,1,2,4,1,6
202000020070,2020-11-13 09:00:00,2020,11,13,9,0,75,75116,AVENUE FOCH,48.873573,2.287971,Plein jour,En agglomération,Intersection en T,Temps couvert,Deux véhicules - côté,4,3,1,0,1,1,1,0,1,50,2,2,1,0,0,1,46.0,27.0,deux_roues,deux_roues,1,2,3,8,3
202000020071,2020-11-13 07:30:00,2020,11,13,7,30,75,75116,PLACE DE COLOMBIE,48.862751,2.267084,Crépuscule ou aube,En agglomération,Place,Normale,Sans collision,4,1,4,0,1,1,1,0,1,50,1,1,0,0,0,1,36.0,,deux_roues,,2,2,7,1,7
202000020072,2020-11-12 15:10:00,2020,11,12,15,10,75,75116,AVENUE DE MALAKOFF,48.877083,2.283464,Plein jour,En agglomération,Intersection en Y,Normale,Deux véhicules - côté,4,2,2,0,1,1,1,0,1,50,2,2,1,0,0,1,41.0,29.0,deux_roues,voiture,1,2,4,1,3
202000020073,2020-11-12 11:40:00,2020,11,12,11,40,75,75116,AVENUE KLEBER,48.865006,2.288513,Plein jour,En agglomération,Intersection en X,Normale,Deux véhicules - côté,4,2,5,0,1,1,1,0,1,50,2,2,1,0,0,1,59.0,47.0,utilitaire_camion,deux_roues,1,2,2,1,3
202000020074,2020-11-13 21:00:00,2020,11,13,21,0,75,75113,BOULEVARD VINCENT AURIOL,48.833971,2.364743,Nuit sans éclairage public,En agglomération,Intersection en X,Normale,Deux véhicules - côté,4,3,1,1,2,1,1,-1,5,50,2,2,1,0,0,1,47.0,35.0,voiture,deux_roues,3,2,2,1,3
202000020075,2020-11-13 13:15:00,2020,11,13,13,15,75,75112,PLACE DE LA NATION,48.847285,2.395683,Plein jour,En agglomération,Place,Normale,Trois véhicules et plus - en chaîne,4,1,4,0,1,2,2,0,1,50,3,4,3,0,0,1,46.0,52.0,voiture,transport_commun,1,2,7,1,4
202000020076,2020-11-13 12:15:00,2020,11,13,12,15,75,75112,PONT D AUSTERLITZ,48.8451417,2.3663118,Plein jour,En agglomération,Hors intersection,Pluie légère,Autre collision,4,2,6,0,1,1,2,2,4,50,1,2,1,0,0,1,17.0,,deux_roues,,1,2,1,2,6
202000020077,2020-11-13 09:15:00,2020,11,13,9,15,75,75112,QUAI DE LA RAPEE,48.845848,2.367636,Plein jour,En agglomération,Intersection en X,Pluie légère,Deux véhicules - côté,4,2,5,0,1,1,2,0,1,50,2,2,1,0,0,1,36.0,55.0,voiture,deux_roues,1,2,2,2,3
202000020078,2020-11-13 20:55:00,2020,11,13,20,55,75,75108,AVENUE GEORGE V,48.871923,2.300839,Nuit avec éclairage allumé,En agglomération,Intersection en T,Normale,Autre collision,4,2,4,0,2,1,1,0,1,50,1,1,0,0,0,1,,,,,5,2,3,1,6
202000020079,2020-11-13 09:20:00,2020,11,13,9,20,75,75108,BOULEVARD HAUSSMANN,48.874199,2.323914,Plein jour,En agglomération,Intersection en X,Pluie légère,Deux véhicules - côté,4,1,2,0,1,1,2,0,1,50,2,2,1,0,0,1,48.0,40.0,voiture,deux_roues,1,2,2,2,3
202000020080,2020-11-13 15:35:00,2020,11,13,15,35,75,75103,BOULEVARD SAINT MARTIN,48.868494,2.358687,Plein jour,En agglomération,Hors intersection,Normale,Trois véhicules et plus - collisions multiples,4,2,3,0,1,1,1,0,1,50,3,3,2,0,0,1,65.0,55.0,voiture,deux_roues,1,2,1,1,5
202000020081,2020-11-13 21:40:00,2020,11,13,21,40,94,94081,MOULIN DE SAQUET (AV DU),48.791307,2.381778,Nuit avec éclairage allumé,En agglomération,Autre intersection,Normale,Deux véhicules - côté,3,3,2,0,2,2,1,0,8,50,2,1,0,0,0,1,17.0,,deux_roues,,5,2,9,1,3
202000020082,2020-11-13 14:15:00,2020,11,13,14,15,94,94074,CHAMP SAINT-JULIEN (AV DU),48.747,2.462,Plein jour,En agglomération,Hors intersection,Normale,Autre collision,3,1,1,0,4,1,1,0,1,50,1,3,1,0,0,2,23.0,,voiture,,1,2,1,1,6
202000020083,2020-11-13 19:50:00,2020,11,13,19,50,94,94042,JEAN JAURES (AV),48.820822,2.464302,Nuit avec éclairage allumé,En agglomération,Hors intersection,Normale,Deux véhicules - frontale,3,2,4,1,2,1,1,0,5,50,2,2,1,0,1,0,58.0,34.0,deux_roues,deux_roues,5,2,1,1,1
202000020084,2020-11-13 13:30:00,2020,11,13,13,30,94,94058,STATION (R DE LA),48.843064,2.503885,Plein jour,En agglomération,Intersection en T,Normale,Autre collision,4,2,2,0,1,1,1,0,1,30,1,2,1,0,0,1,47.0,,utilitaire_camion,,1,2,3,1,6
202000020085,2020-11-12 05:25:00,2020,11,12,5,25,94,94041,HIPPOLYTE MARQUES (BD),48.81782,2.36868,Nuit avec éclairage allumé,En agglomération,Hors intersection,Normale,Autre collision,4,1,1,1,1,1,2,0,1,50,1,1,0,0,0,1,24.0,,voiture,,5,2,1,1,6
202000020086,2020-11-13 18:11:00,2020,11,13,18,11,94,94069,REPUBLIQUE (QU DE LA),48.81783,2.422518,Nuit avec éclairage allumé,En agglomération,Hors intersection,Normale,Autre collision,3,2,2,0,1,1,1,0,1,30,1,2,1,0,0,1,30.0,,voiture,,5,2,1,1,6
202000020087,2020-11-13 12:20:00,2020,11,13,12,20,93,93073,CH DU LOUP / HUITIEME AVENUE,48.95949,2.56162,Plein jour,En agglomération,Intersection en T,Pluie légère,Deux véhicules - côté,4,2,2,0,1,1,2,0,1,50,2,2,1,0,0,1,47.0,31.0,voiture,voiture,1,2,3,2,3
202000020088,2020-11-13 19:27:00,2020,11,13,19,27,93,93072,MAXIME GORKI (BOULEVARD) DES N°1 AU 87,48.95219,2.38482,Nuit avec éclairage allumé,En agglomération,Intersection en T,Normale,Deux véhicules - côté,3,2,2,0,1,1,1,0,1,50,2,2,1,0,0,1,36.0,34.0,deux_roues,voiture,5,2,3,1,3
202000020089,2020-11-13 09:00:00,2020,11,13,9,0,93,93072,STALINGRAD (AVENUE DE) DES N° 126 A 156,48.95332,2.39098,Plein jour,En agglomération,Intersection en T,Normale,Autre collision,3,3,4,0,2,1,1,5,1,50,1,2,1,0,0,1,48.0,,voiture,,1,2,3,1,6
202000020090,2020-11-13 08:10:00,2020,11,13,8,10,93,93059,SEVERINE (RUE),48.9609449,2.3585785,Plein jour,En agglomération,Hors intersection,Autre,Deux véhicules - côté,4,2,2,0,1,1,9,6,1,30,2,2,1,0,0,1,11.0,34.0,deux_roues,voiture,1,2,1,9,3
202000020091,2020-11-12 19:00:00,2020,11,12,19,0,93,93063,R DES ORMES,48.87278,2.44254,Nuit avec éclairage allumé,En agglomération,Hors intersection,Normale,Autre collision,4,1,1,0,1,1,1,0,8,50,1,2,1,0,0,1,79.0,,voiture,,5,2,1,1,6