accident_id,datetime,annee,mois,jour,heure,minute,departement,commune_insee,adresse,latitude,longitude,luminosite,agglomeration,intersection,meteo,collision,catr,circ,nbv,vosp,prof,plan,surf,infra,situ,vma,nb_vehicules,nb_usagers,nb_indemnes,nb_tues,nb_blesses_hosp,nb_blesses_legers,age_cond_1,age_cond_2,veh_type_cond_1,veh_type_cond_2,lum_code,agg_code,int_code,atm_code,col_code
202000020275,2020-04-27 13:30:00,2020,4,27,13,30,29,29232,D783 - Route de Concarneau,47.95338,-4.0391,Plein jour,Hors agglomération,Hors intersection,Normale,Deux véhicules - arrière,3,2,2,0,1,1,1,0,1,70,2,3,2,0,1,0,20.0,56.0,voiture,utilitaire_camion,1,1,1,1,2
202000020276,2020-04-26 08:00:00,2020,4,26,8,0,28,28085,GORD A LAUNAY (CHEMIN DU),48.4326,1.4929,Plein jour,En agglomération,Hors intersection,Temps éblouissant,Autre collision,4,2,3,0,1,1,1,0,1,30,1,2,1,1,0,0,72.0,,voiture,,1,2,1,7,6
202000020277,2020-04-26 22:45:00,2020,4,26,22,45,17,17274,REPUBLIQUE   ROND-POINT DE LA,46.1543,-1.1124,Nuit avec éclairage allumé,En agglomération,Giratoire,Normale,Sans collision,4,1,3,0,1,2,1,0,1,50,1,1,0,0,0,1,25.0,,voiture,,5,2,6,1,7
202000020278,2020-04-27 20:14:00,2020,4,27,20,14,13,13215,LYON (RUE DE),43.333058,5.364271,Crépuscule ou aube,En agglomération,Hors intersection,Normale,Sans collision,4,-1,2,0,1,1,1,0,1,50,1,1,0,0,0,1,31.0,,deux_roues,,2,2,1,1,7
202000020279,2020-04-25 11:45:00,2020,4,25,11,45,13,13206,DIEUDE (RUE),43.3,5.4,Plein jour,En agglomération,Intersection en T,Normale,Deux véhicules - côté,4,-1,1,0,2,1,1,0,1,50,2,2,1,0,0,1,65.0,29.0,voiture,voiture,1,2,3,1,3
202000020280,2020-04-27 18:05:00,2020,4,27,18,5,10,10387,CHALMEL (RUE),48.294984,4.064431,Plein jour,En agglomération,Intersection en T,Temps éblouissant,Autre collision,4,2,3,0,1,1,1,0,1,50,1,2,1,0,0,1,56.0,,voiture,,1,2,3,7,6
202000020281,2020-04-27 06:00:00,2020,4,27,6,0,75,75117,AVENUE DE VILLIERS,48.885142,2.295677,Crépuscule ou aube,En agglomération,Intersection en X,Normale,Deux véhicules - côté,4,2,2,0,1,1,1,0,1,50,2,2,1,0,0,1,41.0,34.0,deux_roues,utilitaire_camion,2,2,2,1,3
202000020282,2020-04-27 08:05:00,2020,4,27,8,5,75,75114,PLACE DE CATALOGNE,48.837446,2.318144,Plein jour,En agglomération,Place,Normale,Sans collision,4,1,2,2,1,2,1,0,1,50,1,1,0,0,0,1,32.0,,deux_roues,,1,2,7,1,7
202000020283,2020-04-27 14:45:00,2020,4,27,14,45,75,75111,RUE DE LA ROQUETTE,48.857433,2.379662,Plein jour,En agglomération,Intersection à plus de 4 branches,Pluie légère,Autre collision,4,3,2,0,1,1,2,0,1,30,1,2,1,0,0,1,27.0,,deux_roues,,1,2,5,2,6
202000020284,2020-04-26 22:25:00,2020,4,26,22,25,94,94044,JEAN MONNET (R),48.75642,2.47254,Nuit sans éclairage public,En agglomération,Hors intersection,Normale,Deux véhicules - côté,3,2,2,0,1,3,1,0,1,50,2,4,2,0,0,2,27.0,24.0,voiture,voiture,3,2,1,1,3
202000020285,2020-04-26 18:45:00,2020,4,26,18,45,94,94080,PETIT PARC (AV DU),48.8433,2.4284,Plein jour,En agglomération,Hors intersection,Normale,Sans collision,4,1,1,0,1,1,1,0,1,50,1,1,0,0,0,1,40.0,,voiture,,1,2,1,1,7
202000020286,2020-04-27 12:10:00,2020,4,27,12,10,93,93046,AV ARISTIDE BRIAND,48.91066,2.51269,Plein jour,En agglomération,Hors intersection,Normale,Deux véhicules - frontale,3,2,4,1,1,1,1,0,1,50,2,2,1,0,0,1,38.0,24.0,voiture,deux_roues,1,2,1,1,1
202000020287,2020-04-27 22:30:00,2020,4,27,22,30,93,93006,R DES RIGONDES / AV RASPAIL,48.87351,2.43363,Nuit avec éclairage allumé,En agglomération,Intersection en X,Pluie légère,Deux véhicules - frontale,3,2,2,0,1,1,2,0,1,50,2,2,1,0,0,1,35.0,36.0,voiture,deux_roues,5,2,2,2,1
202000020288,2020-04-27 17:15:00,2020,4,27,17,15,92,92020,PERI RUE GABRIEL/ BROSSOLETTE RUE PIERRE N°3 A 13,48.79979,2.2857,Plein jour,En agglomération,Intersection en X,Normale,Deux véhicules - côté,3,2,2,0,1,1,2,8,1,50,2,2,1,0,0,1,33.0,51.0,voiture,deux_roues,1,2,2,1,3
202000020289,2020-04-28 07:35:00,2020,4,28,7,35,11,11018,A61,43.2079285,2.2389793,Plein jour,Hors agglomération,Hors intersection,Temps couvert,Deux véhicules - arrière,1,3,2,0,1,1,2,0,1,130,2,2,1,0,1,0,37.0,24.0,voiture,utilitaire_camion,1,1,1,8,2
202000020290,2020-04-27 13:00:00,2020,4,27,13,0,67,67375,D64,48.6389359,7.651298,Plein jour,Hors agglomération,Hors intersection,Normale,Autre collision,3,2,2,0,1,1,1,0,8,80,1,1,0,1,0,0,72.0,,voiture,,1,1,1,1,6
202000020291,2020-04-27 07:50:00,2020,4,27,7,50,41,41099,RD 59,47.34964,1.610763,Crépuscule ou aube,Hors agglomération,Hors intersection,Normale,Sans collision,3,2,2,0,1,1,1,0,3,80,1,1,0,0,1,0,59.0,,voiture,,2,1,1,1,7
202000020292,2020-04-28 10:30:00,2020,4,28,10,30,15,15111,D130,45.364132,2.452848,Plein jour,Hors agglomération,Hors intersection,Pluie forte,Deux véhicules - côté,3,2,2,0,2,3,2,0,1,90,2,2,1,0,0,1,49.0,64.0,voiture,voiture,1,1,1,3,3
202000020293,2020-04-26 21:10:00,2020,4,26,21,10,72,72156,La Reine Bouviere,48.1015171,0.6876987,Crépuscule ou aube,Hors agglomération,Hors intersection,Normale,Autre collision,3,2,2,0,1,3,1,0,8,-1,1,1,0,0,1,0,36.0,,voiture,,2,1,1,1,6
202000020294,2020-04-24 23:30:00,2020,4,24,23,30,07,07110,,44.4659885,4.2285513,Nuit sans éclairage public,Hors agglomération,Hors intersection,Normale,Autre collision,3,2,2,0,2,1,1,0,3,80,1,2,0,0,1,1,48.0,,voiture,,3,1,1,1,6
202000020295,2020-04-27 08:35:00,2020,4,27,8,35,85,85004,,46.41972,-1.40458,Plein jour,Hors agglomération,Hors intersection,Normale,Deux véhicules - côté,4,2,2,0,2,3,1,0,1,80,2,2,1,0,1,0,47.0,21.0,utilitaire_camion,deux_roues,1,1,1,1,3
202000020296,2020-04-24 19:35:00,2020,4,24,19,35,27,27181,D59,48.799825,1.254759,Plein jour,Hors agglomération,Hors intersection,Normale,Sans collision,3,2,2,0,1,2,1,0,3,80,1,1,0,0,0,1,45.0,,deux_roues,,1,1,1,1,7
202000020297,2020-04-27 14:15:00,2020,4,27,14,15,30,30147,CD 982,44.024487,4.068702,Plein jour,Hors agglomération,Hors intersection,Normale,Sans collision,3,2,2,0,1,1,1,0,1,80,1,2,1,0,1,0,64.0,,voiture,,1,1,1,1,7
202000020298,2020-04-18 20:20:00,2020,4,18,20,20,49,49092,Lieu Dit le Plessis (Chanzeaux),47.269508,-0.621342,Nuit sans éclairage public,Hors agglomération,Intersection en X,Normale,Autre collision,3,2,2,0,1,3,1,0,3,80,1,1,0,0,1,0,39.0,,voiture,,3,1,2,1,6
202000020299,2020-04-28 08:05:00,2020,4,28,8,5,973,97309,N 3 (rn3),4.901765,-52.303934,Plein jour,Hors agglomération,Hors intersection,Pluie légère,Trois véhicules et plus - en chaîne,3,2,2,0,1,1,2,0,1,80,4,4,2,0,0,2,31.0,28.0,voiture,deux_roues,1,1,1,2,4
202000020300,2020-04-27 18:10:00,2020,4,27,18,10,77,77283,46 Rue de Soissons - D405/D94,49.074259,3.024223,Plein jour,En agglomération,Intersection en Y,Normale,Deux véhicules - côté,3,2,2,0,1,1,1,0,1,50,2,2,1,0,1,0,75.0,22.0,voiture,deux_roues,1,2,4,1,3
202000020301,2020-04-28 08:30:00,2020,4,28,8,30,91,91630,21 rue du village,48.566277,2.068679,Plein jour,En agglomération,Intersection en T,Normale,Deux véhicules - côté,3,2,2,0,1,1,1,0,1,50,2,2,1,0,0,1,60.0,32.0,voiture,voiture,1,2,3,1,3
202000020302,2020-04-27 17:15:00,2020,4,27,17,15,73,73197,Rue des Monts d'Argent,45.547026,6.755599,Plein jour,En agglomération,Intersection en T,Normale,Autre collision,4,1,1,0,2,1,1,0,1,20,1,2,1,0,1,0,57.0,,voiture,,1,2,3,1,6
202000020303,2020-04-27 19:45:00,2020,4,27,19,45,60,60446,D922,49.140181,2.789225,Plein jour,En agglomération,Hors intersection,Normale,Sans collision,3,2,2,0,2,3,1,0,8,80,1,1,0,0,0,1,19.0,,deux_roues,,1,2,1,1,7
202000020304,2020-04-25 15:10:00,2020,4,25,15,10,33,33167,ROUTE NATIONALE 230,44.82292,-0.51285,Plein jour,Hors agglomération,Hors intersection,Pluie légère,Autre collision,2,3,6,0,2,1,2,0,1,90,1,1,0,0,0,1,36.0,,voiture,,1,1,1,2,6
202000020305,2020-02-26 10:40:00,2020,2,26,10,40,92,92002,JEAN MOULIN (RUE),48.75312,2.30675,Plein jour,En agglomération,Intersection en X,Pluie légère,Autre collision,3,2,2,0,1,1,2,0,1,50,1,2,1,0,0,1,30.0,,voiture,,1,2,2,2,6
202000020306,2020-04-26 16:40:00,2020,4,26,16,40,988,98818,RUE PIERRE SAUVAN,-22.29801,166.4487,Plein jour,En agglomération,Intersection en T,Normale,Sans collision,4,2,2,0,1,1,1,0,1,30,1,1,0,0,1,0,18.0,,deux_roues,,1,2,3,1,7
202000020307,2020-04-25 23:00:00,2020,4,25,23,0,988,98818,VE1 SENS NORD/SUD,-22.25968,166.44495,Nuit avec éclairage allumé,En agglomération,Hors intersection,Normale,Autre collision,1,3,4,0,1,1,1,0,1,70,1,2,1,0,1,0,55.0,,voiture,,5,2,1,1,6
202000020308,2020-04-25 18:38:00,2020,4,25,18,38,988,98818,N°8 RUE DU 5 MAI ,-22.2667,166.46185,Nuit avec éclairage allumé,En agglomération,Hors intersection,Normale,Autre collision,4,2,2,0,1,1,1,0,1,50,1,1,0,0,0,1,30.0,,deux_roues,,5,2,1,1,6
202000020309,2020-04-26 22:55:00,2020,4,26,22,55,976,97611,tsoundzou-Kadjifouni ( rue ),-12.8069,45.20785,Nuit avec éclairage allumé,En agglomération,Autre intersection,Normale,Autre collision,3,2,0,0,1,1,1,6,1,50,1,2,1,0,0,1,23.0,,deux_roues,,5,2,9,1,6
202000020310,2020-04-26 17:50:00,2020,4,26,17,50,69,69259,MARTYRS DE LA RESISTANCE (DES)      (AV),45.69077,4.86628,Plein jour,En agglomération,Intersection en X,Normale,Deux véhicules - côté,4,2,2,0,1,1,1,5,1,50,2,3,2,0,0,1,25.0,24.0,deux_roues,voiture,1,2,2,1,3
202000020311,2020-04-24 17:26:00,2020,4,24,17,26,77,77152,CAMUS(AVENUE ALBERT),48.52016,2.64045,Plein jour,En agglomération,Hors intersection,Normale,Sans collision,4,2,2,0,1,1,1,0,1,50,1,1,0,0,1,0,26.0,,deux_roues,,1,2,1,1,7
202000020312,2020-04-25 17:00:00,2020,4,25,17,0,59,59526,RUE HENRI DURRE,50.44021,3.4316,Plein jour,En agglomération,Intersection en T,Normale,Deux véhicules - côté,3,2,2,0,1,1,1,0,1,50,2,2,0,1,0,1,22.0,30.0,voiture,deux_roues,1,2,3,1,3
202000020313,2020-04-26 09:50:00,2020,4,26,9,50,06,06069,SAINT MATHIEU (ROUTE ET PLACE),43.657469,6.933417,Plein jour,En agglomération,Intersection en T,Normale,Deux véhicules - côté,3,2,2,0,2,4,1,1,1,50,2,2,1,0,0,1,24.0,63.0,voiture,voiture,1,2,3,1,3
202000020314,2020-04-26 06:00:00,2020,4,26,6,0,75,75120,RUE CHARLES ET ROBERT,48.853671,2.413206,Crépuscule ou aube,En agglomération,Place,Normale,Autre collision,4,1,2,1,1,1,1,0,1,30,1,2,0,0,1,1,21.0,,voiture,,2,2,7,1,6
202000020315,2020-04-26 12:37:00,2020,4,26,12,37,94,94078,HUIT MAI 1945 (AV DU),48.72477,2.44493,Plein jour,En agglomération,Hors intersection,Normale,Sans collision,2,1,3,0,2,1,1,0,1,50,1,1,0,0,0,1,52.0,,voiture,,1,2,1,1,7
202000020316,2020-04-26 16:40:00,2020,4,26,16,40,93,93066,"""STALINGRAND (AV), NR 2-86 ET 1 SUIVANTS",48.9443,2.3573,Plein jour,En agglomération,Intersection en X,Normale,Deux véhicules - côté,3,1,2,3,1,1,1,5,1,50,2,2,1,0,0,1,33.0,33.0,deux_roues,voiture,1,2,2,1,3
202000020317,2020-04-26 15:30:00,2020,4,26,15,30,93,93006,CARNOT RUE SADI,48.867,2.418,Plein jour,En agglomération,Hors intersection,Normale,Deux véhicules - arrière,4,1,1,0,1,1,1,0,1,30,2,2,1,0,0,1,52.0,41.0,voiture,deux_roues,1,2,1,1,2
202000020318,2020-04-26 18:25:00,2020,4,26,18,25,93,93079,DIVISION LECLERC (AV),48.9533516,2.3436439,Plein jour,En agglomération,Hors intersection,Normale,Deux véhicules - côté,3,2,2,0,1,1,1,0,1,50,2,3,2,0,0,1,60.0,30.0,voiture,autre,1,2,1,1,3
202000020319,2020-04-26 16:30:00,2020,4,26,16,30,92,92020,BERANGER RUE,48.8061233,2.2817904,Plein jour,En agglomération,Hors intersection,Normale,Deux véhicules - côté,4,2,2,0,1,3,1,0,1,50,2,2,1,0,0,1,40.0,58.0,deux_roues,voiture,1,2,1,1,3
202000020320,2020-04-26 14:35:00,2020,4,26,14,35,37,37187,4 Rue du Coteau,47.0291245,0.5448607,Plein jour,En agglomération,Hors intersection,Normale,Autre collision,3,4,2,0,1,1,1,9,8,50,1,3,2,1,0,0,21.0,,voiture,,1,2,1,1,6
202000020321,2020-04-26 19:45:00,2020,4,26,19,45,37,37123,Les Coutures,47.3353481,0.3985261,Plein jour,Hors agglomération,Hors intersection,Normale,Autre collision,3,2,2,0,2,3,1,0,3,80,1,1,0,0,1,0,38.0,,deux_roues,,1,1,1,1,6
202000020322,2020-04-27 15:00:00,2020,4,27,15,0,91,91340,Rue de Mennecy,48.591703,2.428719,Plein jour,Hors agglomération,Hors intersection,Normale,Autre collision,3,2,1,0,1,1,1,0,3,80,1,1,0,0,1,0,61.0,,voiture,,1,1,1,1,6
202000020323,2020-04-26 18:15:00,2020,4,26,18,15,33,33332,D123,45.02394,9e-06,Plein jour,Hors agglomération,Hors intersection,Normale,Autre collision,3,2,2,0,2,2,1,0,3,80,1,1,0,1,0,0,35.0,,deux_roues,,1,1,1,1,6
202000020324,2020-04-27 09:03:00,2020,4,27,9,3,06,06161,Route Nationale 7,43.627859,7.133766,Plein jour,Hors agglomération,Hors intersection,Normale,Trois véhicules et plus - collisions multiples,3,2,1,1,1,1,1,0,1,70,3,3,0,0,2,1,54.0,69.0,deux_roues,voiture,1,1,1,1,5
202000020325,2020-04-26 19:00:00,2020,4,26,19,0,79,79150,,46.142452,0.214727,Plein jour,Hors agglomération,Hors intersection,Normale,Sans collision,3,2,2,0,1,3,1,0,3,80,1,1,0,0,1,0,37.0,,deux_roues,,1,1,1,1,7
202000020326,2020-04-27 13:30:00,2020,4,27,13,30,60,60260,10 Rue de Villers,49.278549,2.942073,Plein jour,En agglomération,Hors intersection,Normale,Autre collision,3,2,2,0,1,1,1,0,1,30,1,2,1,0,0,1,23.0,,utilitaire_camion,,1,2,1,1,6
202000020327,2020-04-25 18:20:00,2020,4,25,18,20,51,51612,D38,48.954342,3.9939145,Plein jour,Hors agglomération,Hors intersection,Normale,Sans collision,3,2,2,0,1,1,1,0,3,80,1,1,0,0,1,0,26.0,,deux_roues,,1,1,1,1,7
202000020328,2020-04-26 00:45:00,2020,4,26,0,45,56,56061,Rue Saint Vincent,47.7568812,-2.1450034,Nuit sans éclairage public,Hors agglomération,Hors intersection,Normale,Autre collision,3,2,2,0,1,2,1,0,3,80,1,1,0,0,1,0,51.0,,voiture,,3,1,1,1,6
202000020329,2020-04-27 11:25:00,2020,4,27,11,25,2B,2B319,Figareto,42.415433,9.529663,Plein jour,En agglomération,Intersection en X,Normale,Deux véhicules - arrière,2,2,2,0,2,1,1,0,1,50,2,2,1,0,0,1,59.0,68.0,voiture,utilitaire_camion,1,2,2,1,2
202000020330,2020-04-26 05:10:00,2020,4,26,5,10,01,01263,96 Avenue du Marquet,46.0806485,4.7691212,Nuit avec éclairage allumé,En agglomération,Intersection en T,Pluie légère,Autre collision,3,2,2,0,2,1,2,0,1,50,1,1,0,0,0,1,46.0,,voiture,,5,2,3,2,6
202000020331,2020-04-25 09:00:00,2020,4,25,9,0,70,70533,29 rue de Vellefrange,47.4282736,5.8314671,Plein jour,Hors agglomération,Hors intersection,Normale,Sans collision,4,2,1,0,1,1,1,0,8,-1,1,1,0,1,0,0,63.0,,voiture,,1,1,1,1,7
202000020332,2020-04-27 09:20:00,2020,4,27,9,20,58,58059,3 Rue de Gerigny,47.179402,3.025146,Plein jour,En agglomération,Hors intersection,Normale,Autre collision,4,2,2,0,1,1,1,0,1,50,1,1,0,0,1,0,63.0,,voiture,,1,2,1,1,6
202000020333,2020-04-26 14:30:00,2020,4,26,14,30,40,40243,Avenue Frédéric Bastiat,43.934429,-0.922481,Plein jour,En agglomération,Intersection en Y,Normale,Autre collision,3,2,2,0,1,1,1,0,4,50,1,1,0,0,1,0,39.0,,deux_roues,,1,2,4,1,6
202000020334,2020-04-26 23:00:00,2020,4,26,23,0,52,52370,"route  communale ""crète haut de guillencourt""",48.5058622,5.2272163,Nuit sans éclairage public,Hors agglomération,Hors intersection,Normale,Sans collision,4,2,2,0,3,2,1,0,3,80,1,1,0,0,1,0,22.0,,voiture,,3,1,1,1,7
202000020335,2020-04-27 13:15:00,2020,4,27,13,15,38,38052,D1091,45.1048,6.008,Plein jour,Hors agglomération,Hors intersection,Temps couvert,Autre collision,3,2,1,0,1,1,1,0,8,80,1,1,0,0,0,1,38.0,,voiture,,1,1,1,8,6
202000020336,2020-04-27 10:45:00,2020,4,27,10,45,59,59435,4 Route de Tournai,50.497186,3.265691,Plein jour,Hors agglomération,Autre intersection,Normale,Deux véhicules - côté,3,2,2,0,1,1,1,0,1,-1,2,2,1,0,1,0,46.0,30.0,voiture,voiture,1,1,9,1,3
202000020337,2020-04-26 15:55:00,2020,4,26,15,55,13,13055,A507 sens Aubagne- Marseille,43.3157928,5.4225308,Plein jour,Hors agglomération,Hors intersection,Normale,Autre collision,1,3,3,0,2,3,1,1,1,70,1,1,0,0,0,1,33.0,,utilitaire_camion,,1,1,1,1,6
202000020338,2020-04-24 20:40:00,2020,4,24,20,40,78,78423,RN12,48.7962,2.0457,Nuit sans éclairage public,Hors agglomération,Hors intersection,Normale,Sans collision,2,-1,1,0,2,3,1,3,1,70,1,1,0,0,1,0,51.0,,voiture,,3,1,1,1,7
202000020339,2020-04-26 20:30:00,2020,4,26,20,30,92,92078,AUTOROUTE A86,48.92746,2.33353,Plein jour,Hors agglomération,Hors intersection,Normale,Sans collision,1,3,4,0,1,3,1,2,1,70,1,1,0,0,0,1,47.0,,voiture,,1,1,1,1,7
202000020340,2020-02-25 08:49:00,2020,2,25,8,49,95,95680,RD 970,49.0099,2.4215,Plein jour,Hors agglomération,Hors intersection,Normale,Trois véhicules et plus - en chaîne,3,2,2,0,1,1,1,0,1,80,5,5,1,0,1,3,52.0,25.0,utilitaire_camion,voiture,1,1,1,1,4
202000020341,2020-04-25 19:05:00,2020,4,25,19,5,971,97101,ROUTE DE CHAZEAU,16.2959729,-61.4760152,Nuit sans éclairage public,Hors agglomération,Hors intersection,Normale,Autre collision,4,2,2,0,1,1,1,0,1,50,1,2,1,0,0,1,26.0,,utilitaire_camion,,3,1,1,1,6
202000020342,2020-04-25 10:45:00,2020,4,25,10,45,91,91201,HENRI BARBUSSE(BOULEVARD),48.67012,2.41442,Plein jour,En agglomération,Hors intersection,Normale,Autre collision,3,2,2,0,1,1,1,0,1,50,1,1,0,0,0,1,76.0,,voiture,,1,2,1,1,6
202000020343,2020-04-25 15:20:00,2020,4,25,15,20,64,64445,Bd du Commandant Rene Mouchotte,43.3053109,-0.3285242,Plein jour,En agglomération,Hors intersection,Temps éblouissant,Deux véhicules - côté,4,2,1,0,1,2,1,0,1,50,2,2,1,0,0,1,71.0,62.0,deux_roues,voiture,1,2,1,7,3
202000020344,2020-04-24 12:30:00,2020,4,24,12,30,60,60463,DEMAGNEZ (RUE),49.2683,2.47,Plein jour,En agglomération,Hors intersection,Normale,Autre collision,4,2,2,0,1,1,1,0,1,50,1,2,1,0,1,0,51.0,,voiture,,1,2,1,1,6
202000020345,2020-04-25 14:25:00,2020,4,25,14,25,35,35238,Square des Hautes Ourmes,48.08838,-1.64612,Plein jour,Hors agglomération,Place,Normale,Autre collision,4,2,1,0,1,1,1,0,1,30,1,1,0,0,0,1,,,,,1,1,7,1,6
202000020346,2020-04-25 17:25:00,2020,4,25,17,25,33,33281,AVE PIERRE MENDES-FRANCE / PARKING JARDILAND,44.8344,-0.6408,Plein jour,En agglomération,Intersection en T,Normale,Deux véhicules - côté,4,2,4,2,1,1,2,0,1,50,2,2,0,0,0,2,33.0,33.0,deux_roues,voiture,1,2,3,1,3
202000020347,2020-04-25 19:00:00,2020,4,25,19,0,29,29039,D322 - Rue de Trégunc,47.87426,-3.90523,Plein jour,En agglomération,Intersection en X,Normale,Deux véhicules - frontale,3,2,2,0,1,1,1,5,1,50,2,2,1,0,0,1,51.0,52.0,deux_roues,utilitaire_camion,1,2,2,1,1
202000020348,2020-04-25 11:45:00,2020,4,25,11,45,27,27681,SOLEIL (RUE DU),49.09264,1.48489,Plein jour,En agglomération,Intersection en T,Normale,Autre collision,4,1,1,0,1,1,1,0,1,50,1,2,1,0,1,0,61.0,,voiture,,1,2,3,1,6
202000020349,2020-04-25 18:16:00,2020,4,25,18,16,10,10325,PAUL VALERY (RUE),48.2674,4.0858,Plein jour,En agglomération,Hors intersection,Normale,Autre collision,4,2,2,0,1,1,1,0,1,30,1,2,1,0,0,1,20.0,,voiture,,1,2,1,1,6
202000020350,2020-04-25 12:50:00,2020,4,25,12,50,94,94017,GABRIEL PERI (BD),48.81856,2.49994,Plein jour,En agglomération,Hors intersection,Normale,Deux véhicules - arrière,4,1,1,0,1,1,1,0,1,50,2,2,1,0,0,1,27.0,24.0,utilitaire_camion,deux_roues,1,2,1,1,2
202000020351,2020-04-25 12:30:00,2020,4,25,12,30,94,94017,MAXIME GORKI (AV),48.81799,2.48602,Plein jour,En agglomération,Intersection en T,Normale,Deux véhicules - côté,4,1,1,0,1,1,1,0,1,50,2,1,0,0,0,1,30.0,,deux_roues,,1,2,3,1,3
202000020352,2020-04-25 17:40:00,2020,4,25,17,40,93,93005,NONNEVILLE (AVENUE DE),48.925221,2.504701,Plein jour,En agglomération,Hors intersection,Normale,Autre collision,4,2,2,0,1,1,1,0,1,50,1,2,1,0,1,0,43.0,,voiture,,1,2,1,1,6
202000020353,2020-04-24 20:20:00,2020,4,24,20,20,37,37175,D47,47.5522308,0.7869941,Crépuscule ou aube,Hors agglomération,Hors intersection,Normale,Autre collision,3,2,2,0,1,1,1,0,1,80,1,1,0,0,1,0,33.0,,voiture,,2,1,1,1,6
202000020354,2020-03-15 16:25:00,2020,3,15,16,25,51,51531,D216,48.774155,4.900675,Plein jour,Hors agglomération,Hors intersection,Normale,Sans collision,3,2,2,0,2,2,1,0,1,80,1,2,1,0,1,0,49.0,,deux_roues,,1,1,1,1,7
202000020355,2020-04-26 17:40:00,2020,4,26,17,40,10,10396,Route de Troyes,48.228807,3.929983,Plein jour,Hors agglomération,Hors intersection,Normale,Deux véhicules - frontale,3,2,2,0,3,3,1,0,1,80,2,2,1,0,1,0,32.0,34.0,deux_roues,voiture,1,1,1,1,1
202000020356,2020-04-26 00:15:00,2020,4,26,0,15,57,57226,D59a,49.361806,5.957508,Nuit sans éclairage public,Hors agglomération,Hors intersection,Normale,Sans collision,3,2,2,0,1,1,1,0,3,70,1,1,0,0,0,1,43.0,,voiture,,3,1,1,1,7
202000020357,2020-04-25 03:00:00,2020,4,25,3,0,57,57461,D44bis,48.658312,7.033562,Nuit sans éclairage public,Hors agglomération,Hors intersection,Normale,Deux véhicules - frontale,3,2,2,0,2,2,1,0,1,80,2,2,1,1,0,0,21.0,62.0,deux_roues,voiture,3,1,1,1,1
202000020358,2020-04-22 18:45:00,2020,4,22,18,45,56,56097,Moulin de Plusquen,47.757236,-3.085234,Plein jour,Hors agglomération,Hors intersection,Normale,Autre collision,4,2,2,0,2,3,1,0,3,70,1,1,0,0,1,0,24.0,,voiture,,1,1,1,1,6
202000020359,2020-04-24 21:45:00,2020,4,24,21,45,71,71161,Rue le Chêne,46.5966673,3.9954432,Nuit sans éclairage public,Hors agglomération,Hors intersection,Normale,Sans collision,4,2,2,0,2,2,1,0,3,70,1,1,0,0,1,0,23.0,,voiture,,3,1,1,1,7
202000020360,2020-04-26 07:15:00,2020,4,26,7,15,46,46024,Lieu Dit Fontalba,44.889854,1.879672,Crépuscule ou aube,Hors agglomération,Hors intersection,Normale,Sans collision,3,2,2,0,1,1,1,0,3,70,1,1,0,0,1,0,55.0,,voiture,,2,1,1,1,7
202000020361,2020-04-25 16:05:00,2020,4,25,16,5,25,25213,Le Bois Jeunet,47.194612,6.806175,Plein jour,Hors agglomération,Hors intersection,Normale,Sans collision,3,2,2,0,2,2,1,0,3,80,1,3,1,0,1,1,21.0,,voiture,,1,1,1,1,7
202000020362,2020-04-25 20:40:00,2020,4,25,20,40,72,72022,L'ARCHE,47.75538,-0.16902,Plein jour,Hors agglomération,Hors intersection,Normale,Deux véhicules - côté,3,2,2,0,1,1,1,0,1,80,2,3,0,0,0,3,24.0,70.0,voiture,voiture,1,1,1,1,3
202000020363,2020-04-24 17:15:00,2020,4,24,17,15,04,04088,RD 16 - Av Claude Delorme,43.962729,5.790202,Plein jour,En agglomération,Hors intersection,Pluie forte,Deux véhicules - arrière,3,2,2,0,1,1,2,0,1,50,2,2,1,0,1,0,35.0,84.0,voiture,deux_roues,1,2,1,3,2
202000020364,2020-04-25 20:00:00,2020,4,25,20,0,23,23217,d5,45.931782,1.540747,Crépuscule ou aube,Hors agglomération,Hors intersection,Pluie forte,Deux véhicules - côté,3,2,2,0,2,4,2,0,1,80,2,2,1,1,0,0,36.0,56.0,deux_roues,utilitaire_camion,2,1,1,3,3
202000020365,2020-04-25 10:00:00,2020,4,25,10,0,87,87110,D3,45.944876,1.023096,Plein jour,Hors agglomération,Hors intersection,Normale,Deux véhicules - côté,3,2,2,0,1,1,1,0,1,80,2,2,1,0,0,1,20.0,76.0,voiture,voiture,1,1,1,1,3
202000020366,2020-04-26 14:40:00,2020,4,26,14,40,52,52423,D674,48.261941,5.351157,Plein jour,Hors agglomération,Hors intersection,Normale,Autre collision,3,2,2,0,1,1,1,9,8,90,1,1,0,1,0,0,25.0,,voiture,,1,1,1,1,6
202000020367,2020-04-26 15:50:00,2020,4,26,15,50,08,08502,Rue de la Rocaille,49.565748,5.013601,Plein jour,En agglomération,Hors intersection,Normale,Autre collision,3,2,2,0,2,1,1,0,1,50,1,2,1,1,0,0,45.0,,voiture,,1,2,1,1,6
202000020368,2020-04-25 09:30:00,2020,4,25,9,30,08,08212,route départementale 8043,49.829692,4.565699,Plein jour,Hors agglomération,Hors intersection,Normale,Autre collision,3,2,2,0,2,1,1,0,3,80,1,1,0,0,1,0,80.0,,voiture,,1,1,1,1,6
202000020369,2020-04-24 18:30:00,2020,4,24,18,30,06,06088,A8 - PK 186.000 chaussée sud,43.671721,7.201495,Plein jour,Hors agglomération,Hors intersection,Normale,Deux véhicules - frontale,1,1,5,0,1,2,1,0,1,90,2,3,0,0,1,2,21.0,82.0,voiture,voiture,1,1,1,1,1