accident_id,datetime,annee,mois,jour,heure,minute,departement,commune_insee,adresse,latitude,longitude,luminosite,agglomeration,intersection,meteo,collision,catr,circ,nbv,vosp,prof,plan,surf,infra,situ,vma,nb_vehicules,nb_usagers,nb_indemnes,nb_tues,nb_blesses_hosp,nb_blesses_legers,age_cond_1,age_cond_2,veh_type_cond_1,veh_type_cond_2,lum_code,agg_code,int_code,atm_code,col_code
202000020370,2020-04-25 18:50:00,2020,4,25,18,50,971,97128,Route de l'Escale,16.256612,-61.429413,Nuit avec éclairage allumé,Hors agglomération,Hors intersection,Normale,Autre collision,3,2,2,0,4,2,1,0,3,80,1,1,0,0,1,0,81.0,,voiture,,5,1,1,1,6
202000020371,2020-04-26 16:00:00,2020,4,26,16,0,77,77126,D121,49.0137124,2.9488313,Plein jour,Hors agglomération,Hors intersection,Normale,Deux véhicules - frontale,3,2,2,0,1,3,1,0,1,80,2,4,0,0,0,4,33.0,24.0,voiture,voiture,1,1,1,1,1
202000020372,2020-03-08 13:40:00,2020,3,8,13,40,84,84141,Allée Louis Montagnat,43.962249,4.899006,Plein jour,En agglomération,Hors intersection,Normale,Deux véhicules - arrière,3,2,2,0,1,1,1,0,1,70,2,2,1,0,0,1,54.0,24.0,voiture,deux_roues,1,2,1,1,2
202000020373,2020-04-14 08:48:00,2020,4,14,8,48,74,74087,691 Route d''Annemasse,46.132345,6.337368,Plein jour,En agglomération,Hors intersection,Normale,Deux véhicules - côté,3,2,2,0,1,1,1,0,1,50,2,2,1,0,0,1,30.0,29.0,deux_roues,voiture,1,2,1,1,3
202000020374,2020-04-25 23:05:00,2020,4,25,23,5,42,42124,Route de Sallecroix,45.3737661,4.6900906,Nuit sans éclairage public,Hors agglomération,Hors intersection,Normale,Autre collision,4,2,2,0,1,1,1,0,3,80,1,2,0,1,1,0,22.0,,voiture,,3,1,1,1,6
202000020375,2020-04-16 18:15:00,2020,4,16,18,15,35,35333,Lieu Dit l'Epine,47.922813,-1.436194,Plein jour,Hors agglomération,Hors intersection,Normale,Autre collision,4,2,2,0,3,1,1,0,1,80,1,1,0,0,1,0,34.0,,deux_roues,,1,1,1,1,6
202000020376,2020-04-25 10:45:00,2020,4,25,10,45,33,33192,AUTOROUTE A 63,44.78905,-0.6203,Plein jour,Hors agglomération,Hors intersection,Normale,Autre collision,1,1,2,0,1,3,1,3,3,70,1,1,0,0,0,1,53.0,,utilitaire_camion,,1,1,1,1,6
202000020377,2020-04-24 17:25:00,2020,4,24,17,25,93,93066,AUTOROUTE A1,48.91479,2.35765,Plein jour,Hors agglomération,Hors intersection,Normale,Deux véhicules - arrière,1,3,8,0,1,1,1,1,1,90,2,2,1,0,0,1,52.0,31.0,voiture,voiture,1,1,1,1,2
202000020378,2020-04-23 17:20:00,2020,4,23,17,20,988,98818,ROUTE DE L'ANSE VATA/RUE THOMY CELIERES,-22.29601,166.44518,Plein jour,En agglomération,Intersection en T,Normale,Deux véhicules - côté,4,2,2,0,1,1,1,9,1,50,2,2,1,0,0,1,50.0,50.0,utilitaire_camion,deux_roues,1,2,3,1,3
202000020379,2020-04-23 16:10:00,2020,4,23,16,10,974,97416,Route Nationale 3,-21.30355,55.49978,Plein jour,Hors agglomération,Hors intersection,Normale,Autre collision,3,1,4,0,2,2,1,9,6,90,1,1,0,1,0,0,42.0,,utilitaire_camion,,1,1,1,1,6
202000020380,2020-04-23 16:43:00,2020,4,23,16,43,974,97411,LABOURDONNAIS,-20.8766,55.4479,Plein jour,En agglomération,Intersection en X,Normale,Deux véhicules - côté,4,1,2,0,1,1,1,0,1,50,2,2,1,0,0,1,43.0,53.0,voiture,voiture,1,2,2,1,3
202000020381,2020-04-23 19:35:00,2020,4,23,19,35,972,97213,DEPARTEMENTALE 28,14.632903,-60.97072,Nuit sans éclairage public,Hors agglomération,Hors intersection,Normale,Deux véhicules - frontale,3,2,2,0,3,3,1,0,1,70,2,4,2,0,0,2,29.0,,voiture,,3,1,1,1,1
202000020382,2020-04-24 10:55:00,2020,4,24,10,55,972,97209,CHATEAUBOEUF (ROUTE DE),14.61766,-61.04665,Plein jour,Hors agglomération,Hors intersection,Normale,Deux véhicules - côté,3,2,2,0,1,1,1,0,1,50,2,2,1,0,0,1,32.0,38.0,voiture,deux_roues,1,1,1,1,3
202000020383,2020-04-24 15:50:00,2020,4,24,15,50,971,97113,AMEDE CLARA,16.2055433,-61.4925438,Plein jour,En agglomération,Hors intersection,Normale,Autre collision,3,1,1,0,2,1,1,0,1,50,1,1,0,0,0,1,44.0,,deux_roues,,1,2,1,1,6
202000020384,2020-04-13 12:00:00,2020,4,13,12,0,95,95555,FOCH (BOULEVARD DU MARECHAL),48.964717,2.286477,Plein jour,En agglomération,Hors intersection,Normale,Deux véhicules - arrière,3,3,4,0,1,1,1,0,1,50,2,2,1,0,0,1,31.0,55.0,deux_roues,voiture,1,2,1,1,2
202000020385,2020-04-24 13:15:00,2020,4,24,13,15,91,91549,FERMES (RUE DES),48.628185,2.343235,Plein jour,En agglomération,Hors intersection,Normale,Deux véhicules - côté,4,2,0,0,1,1,1,0,1,50,2,2,1,0,0,1,69.0,49.0,voiture,voiture,1,2,1,1,3
202000020386,2020-04-23 17:40:00,2020,4,23,17,40,76,76341,RD 6015,49.50478,0.19408,Plein jour,Hors agglomération,Hors intersection,Normale,Autre collision,3,3,4,0,1,1,1,0,1,70,1,1,0,0,1,0,59.0,,deux_roues,,1,1,1,1,6
202000020387,2020-04-24 02:10:00,2020,4,24,2,10,67,67482,40 Rue Mathias Grünewald,48.5664658,7.7203336,Nuit avec éclairage allumé,En agglomération,Intersection en T,Normale,Sans collision,4,2,2,0,1,1,1,0,1,50,1,1,0,0,0,1,33.0,,deux_roues,,5,2,3,1,7
202000020388,2020-04-21 18:39:00,2020,4,21,18,39,64,64483,ASCAIN (ROUTE D'),43.377594,-1.637757,Plein jour,En agglomération,Hors intersection,Pluie forte,Deux véhicules - frontale,3,2,2,0,1,3,2,0,1,50,2,2,1,0,0,1,56.0,36.0,transport_commun,voiture,1,2,1,3,1
202000020389,2020-04-23 07:30:00,2020,4,23,7,30,60,60159,AMEDEE BOUQUEREL,49.40745,2.82664,Crépuscule ou aube,En agglomération,Intersection en X,Normale,Deux véhicules - côté,4,2,2,0,1,1,1,0,1,50,2,2,1,0,0,1,55.0,37.0,voiture,voiture,2,2,2,1,3
202000020390,2020-02-22 22:30:00,2020,2,22,22,30,60,60057,WAGE (RUE DU),49.42705,2.09516,Nuit avec éclairage allumé,En agglomération,Hors intersection,Normale,Deux véhicules - arrière,4,2,2,0,1,2,1,0,1,50,2,5,4,0,0,1,43.0,27.0,voiture,voiture,5,2,1,1,2
202000020391,2020-04-22 12:55:00,2020,4,22,12,55,49,49328,VERRIE D 161 (ROUTE DE),47.2722,-0.12785,Plein jour,Hors agglomération,Intersection en X,Normale,Deux véhicules - côté,3,2,2,0,1,1,1,0,1,80,2,2,1,0,1,0,19.0,16.0,voiture,deux_roues,1,1,2,1,3
202000020392,2020-04-23 21:42:00,2020,4,23,21,42,45,45208,Rue du Faubourg de la Chaussee,47.99799,2.74159,Nuit avec éclairage allumé,En agglomération,Hors intersection,Normale,Sans collision,4,2,2,0,1,1,1,0,1,50,1,2,1,0,1,0,37.0,,deux_roues,,5,2,1,1,7
202000020393,2020-04-24 08:45:00,2020,4,24,8,45,38,38169,Rue Engels,45.19863,5.68521,Plein jour,En agglomération,Intersection en X,Normale,Deux véhicules - côté,4,2,2,0,1,1,1,0,1,50,2,2,1,0,1,0,58.0,55.0,deux_roues,voiture,1,2,2,1,3
202000020394,2020-04-24 15:00:00,2020,4,24,15,0,34,34172,LODEVE (ROUTE DE),43.61468,3.82978,Plein jour,En agglomération,Intersection en T,Normale,Deux véhicules - côté,4,2,2,0,1,1,1,5,1,50,2,2,1,0,0,1,54.0,25.0,voiture,deux_roues,1,2,3,1,3
202000020395,2020-04-24 15:20:00,2020,4,24,15,20,33,33063,BD ALIENOR D'AQUITAINE,44.87843,-0.56323,Plein jour,Hors agglomération,Autre intersection,Normale,Autre collision,4,3,6,2,1,1,1,0,1,70,1,1,0,0,0,1,24.0,,voiture,,1,1,9,1,6
202000020396,2020-03-13 17:55:00,2020,3,13,17,55,33,33063,RUE D'ARMAGNAC / RUE DU TRI POSTAL,44.82147,-0.55223,Plein jour,En agglomération,Intersection en T,Normale,Autre collision,4,3,3,0,1,1,1,0,1,50,1,2,1,0,1,0,22.0,,voiture,,1,2,3,1,6
202000020397,2020-04-23 16:40:00,2020,4,23,16,40,31,31555,ZAY (AV JEAN) DU 11AU 49,43.64948,1.43098,Plein jour,En agglomération,Hors intersection,Normale,Trois véhicules et plus - en chaîne,4,2,3,0,1,1,1,0,1,50,3,3,2,0,0,1,36.0,36.0,deux_roues,voiture,1,2,1,1,4
202000020398,2020-02-26 10:05:00,2020,2,26,10,5,29,29019,Avenue Victor le Gorgeu,48.401433,-4.50134,Plein jour,En agglomération,Hors intersection,Temps éblouissant,Autre collision,4,3,4,0,1,1,1,0,1,30,1,2,1,0,1,0,20.0,,voiture,,1,2,1,7,6
202000020399,2020-01-21 08:00:00,2020,1,21,8,0,77,77243,CAVALLO PEDUZZI (RUE),48.86971,2.70828,Crépuscule ou aube,En agglomération,Hors intersection,Temps couvert,Autre collision,4,2,2,0,2,1,7,0,1,50,1,2,1,0,0,1,50.0,,utilitaire_camion,,2,2,1,8,6
202000020400,2020-01-20 07:32:00,2020,1,20,7,32,76,76497,VOIE RAPIDE SUD 3 (RN 338),49.3805,1.04845,Plein jour,Hors agglomération,Hors intersection,Normale,Autre collision,2,2,2,0,1,1,7,0,1,2,1,1,0,0,0,1,27.0,,deux_roues,,1,1,1,1,6
202000020401,2020-01-17 17:00:00,2020,1,17,17,0,76,76575,CPAM (RUE LAZARE CARNOT),49.3796394,1.107645,Plein jour,En agglomération,Intersection en X,Normale,Deux véhicules - côté,4,2,2,0,1,1,1,0,1,30,2,5,2,0,0,3,55.0,21.0,voiture,voiture,1,2,2,1,3
202000020402,2020-01-20 16:50:00,2020,1,20,16,50,74,74012,AMOUREUX (RUE DES),46.191,6.236109,Plein jour,En agglomération,Hors intersection,Normale,,4,2,3,0,1,1,1,0,1,50,2,3,2,0,0,1,59.0,28.0,utilitaire_camion,deux_roues,1,2,1,1,-1
202000020403,2020-01-20 18:20:00,2020,1,20,18,20,71,71306,Rue Jean Didier,46.656247,4.3498119,Nuit avec éclairage allumé,En agglomération,Intersection en Y,Normale,Deux véhicules - frontale,4,2,2,0,3,1,1,5,1,50,2,5,0,0,0,5,44.0,39.0,utilitaire_camion,utilitaire_camion,5,2,4,1,1
202000020404,2020-01-21 16:00:00,2020,1,21,16,0,69,69275,JEAN JAURES                         (AV),45.77189,4.97801,Plein jour,En agglomération,Hors intersection,Normale,Deux véhicules - arrière,4,1,1,1,1,1,1,0,1,50,2,4,2,0,0,2,86.0,49.0,voiture,voiture,1,2,1,1,2
202000020405,2020-01-20 06:00:00,2020,1,20,6,0,69,69275,CHARLES DE GAULLE                   (BD),45.74726,4.93654,Nuit avec éclairage allumé,En agglomération,Intersection en T,Normale,Deux véhicules - côté,4,2,0,0,1,1,1,0,1,50,2,2,1,0,0,1,44.0,27.0,voiture,voiture,5,2,3,1,3
202000020406,2020-01-20 21:30:00,2020,1,20,21,30,67,67218,RHIN (ROUTE DU),48.50506,7.73129,Nuit sans éclairage public,Hors agglomération,Hors intersection,Normale,Autre collision,7,3,2,0,1,1,1,0,1,80,1,1,0,0,0,1,23.0,,voiture,,3,1,1,1,6
202000020407,2020-01-20 09:00:00,2020,1,20,9,0,67,67482,LIVIO (RUE),48.5522147,7.7403255,Plein jour,En agglomération,Hors intersection,Normale,,4,2,2,0,1,1,1,0,1,50,2,2,1,0,0,1,39.0,31.0,deux_roues,utilitaire_camion,1,2,1,1,-1
202000020408,2020-01-21 09:02:00,2020,1,21,9,2,66,66136,PRADES (AVENUE DE),42.68956,2.83184,Plein jour,En agglomération,Hors intersection,Normale,Trois véhicules et plus - en chaîne,4,2,2,0,1,1,1,0,1,50,4,4,3,0,0,1,37.0,36.0,voiture,voiture,1,2,1,1,4
202000020409,2020-01-18 10:20:00,2020,1,18,10,20,66,66136,THENARD,42.67568,2.84426,Plein jour,En agglomération,Intersection en X,Normale,Deux véhicules - côté,4,2,2,0,1,1,1,0,1,50,2,2,1,0,0,1,20.0,42.0,deux_roues,utilitaire_camion,1,2,2,1,3
202000020410,2020-01-21 21:00:00,2020,1,21,21,0,65,65286,VIZENS (AVENUE DE),43.10071,-0.072688,Nuit sans éclairage public,Hors agglomération,Hors intersection,Normale,Autre collision,3,-1,1,0,1,3,1,0,1,80,1,3,2,0,0,1,35.0,,voiture,,3,1,1,1,6
202000020411,2020-01-20 18:25:00,2020,1,20,18,25,64,64102,HENRI DE NAVARRE (AVENUE),43.5117,-1.4402,Nuit avec éclairage allumé,En agglomération,Hors intersection,Normale,Deux véhicules - côté,3,2,2,0,1,1,1,0,1,50,2,2,1,0,0,1,22.0,74.0,deux_roues,voiture,5,2,1,1,3
202000020412,2020-01-20 16:05:00,2020,1,20,16,5,64,64102,MAUBEC (RUE),43.49701,-1.46836,Plein jour,En agglomération,Hors intersection,Normale,Sans collision,4,1,1,0,2,1,1,0,4,50,1,1,0,0,1,0,29.0,,deux_roues,,1,2,1,1,7
202000020413,2020-01-20 15:38:00,2020,1,20,15,38,63,63113,FRANCE (RUE ANATOLE),45.77843,3.10969,Plein jour,En agglomération,Hors intersection,Normale,Deux véhicules - arrière,4,2,2,0,1,1,1,0,1,50,2,2,1,0,0,1,23.0,19.0,voiture,voiture,1,2,1,1,2
202000020414,2020-01-21 15:45:00,2020,1,21,15,45,60,60057,VERLAINE PAUL (RUE),49.4151264,2.0724946,Plein jour,En agglomération,Hors intersection,Temps éblouissant,Autre collision,4,-1,0,0,4,2,1,0,1,50,1,5,4,0,1,0,21.0,,voiture,,1,2,1,7,6
202000020415,2020-01-17 08:20:00,2020,1,17,8,20,59,59512,MONTGOLFIER (RUE),50.681,3.18524,Crépuscule ou aube,En agglomération,Hors intersection,Normale,Autre collision,4,2,2,0,1,1,1,0,1,50,1,2,1,0,0,1,43.0,,voiture,,2,2,1,1,6
202000020416,2020-01-21 19:10:00,2020,1,21,19,10,59,59392,FRANKLIN ROOSEVELT (AVENUE),50.279105,3.971165,Nuit avec éclairage allumé,En agglomération,Intersection en X,Normale,Autre collision,4,2,2,0,1,1,1,0,1,50,1,2,1,0,1,0,25.0,,voiture,,5,2,2,1,6
202000020417,2020-01-17 19:15:00,2020,1,17,19,15,59,59009,FLANDRE AVENUEE DE,50.66442,3.14567,Nuit avec éclairage allumé,En agglomération,Hors intersection,Normale,Autre collision,7,-1,8,0,1,1,1,5,1,50,1,2,1,0,0,1,28.0,,voiture,,5,2,1,1,6
202000020418,2020-01-17 18:58:00,2020,1,17,18,58,57,57019,ROMAINS (RUE DES),49.26132,6.14217,Nuit avec éclairage allumé,En agglomération,Hors intersection,Normale,Sans collision,4,2,2,0,1,1,2,0,1,50,1,2,1,0,0,1,32.0,,voiture,,5,2,1,1,7
202000020419,2020-01-20 17:20:00,2020,1,20,17,20,56,56121,GUIEYSSE (RUE  PAUL ),47.7576828,-3.3728001,Plein jour,En agglomération,Intersection en T,Normale,Deux véhicules - côté,4,2,2,0,2,1,1,0,1,50,2,3,1,0,0,2,20.0,42.0,deux_roues,voiture,1,2,3,1,3
202000020420,2020-01-20 14:05:00,2020,1,20,14,5,56,56121,KERGROISE ( AVE DE ),47.73579,-3.36552,Plein jour,En agglomération,Giratoire,Temps éblouissant,Autre collision,4,2,2,0,1,3,1,5,1,50,1,2,1,0,0,1,58.0,,voiture,,1,2,6,7,6
202000020421,2020-01-20 17:10:00,2020,1,20,17,10,54,54274,OPALINSKA (rue Catherine),48.665925,6.197674,Crépuscule ou aube,En agglomération,Intersection en X,Normale,Deux véhicules - frontale,4,2,2,0,1,1,1,0,1,50,2,2,1,0,0,1,17.0,50.0,deux_roues,utilitaire_camion,2,2,2,1,1
202000020422,2020-01-20 09:00:00,2020,1,20,9,0,51,51493,Boulevard du Val de Vesle,49.2226571,4.1031969,Plein jour,En agglomération,Hors intersection,Temps couvert,Sans collision,4,2,2,0,1,2,7,0,1,50,1,1,0,0,0,1,28.0,,voiture,,1,2,1,8,7
202000020423,2020-01-20 16:20:00,2020,1,20,16,20,49,49020,PATTON AVENUE,47.47313,-0.60222,Plein jour,En agglomération,Hors intersection,Normale,Sans collision,4,2,2,0,1,1,1,0,1,60,1,1,0,0,1,0,54.0,,deux_roues,,1,2,1,1,7
202000020424,2020-01-20 14:07:00,2020,1,20,14,7,49,49007,ATLANTIQUE  AVENUE DE L',47.4695,-0.59429,Plein jour,En agglomération,Hors intersection,Normale,,3,2,2,0,1,1,1,0,1,60,2,3,0,0,0,3,51.0,33.0,voiture,voiture,1,2,1,1,-1
202000020425,2020-01-20 08:26:00,2020,1,20,8,26,49,49007,DUNANT BOULEVARD,47.48335,-0.52659,Plein jour,En agglomération,Hors intersection,Normale,Autre collision,4,2,2,0,1,1,1,0,1,60,1,2,1,0,1,0,43.0,,voiture,,1,2,1,1,6
202000020426,2020-01-21 08:50:00,2020,1,21,8,50,45,45286,Rue des Epiceas - Rue de rosette,47.89035,1.94121,Plein jour,En agglomération,Intersection en T,Normale,Deux véhicules - côté,4,2,2,0,1,1,7,0,1,50,2,2,1,0,0,1,34.0,12.0,voiture,deux_roues,1,2,3,1,3
202000020427,2020-01-20 12:33:00,2020,1,20,12,33,45,45285,Rue Charles Beauhaire,47.91394,1.87166,Plein jour,En agglomération,Hors intersection,Normale,Deux véhicules - arrière,4,2,2,0,1,1,1,0,1,50,2,2,1,0,0,1,42.0,21.0,voiture,deux_roues,1,2,1,1,2
202000020428,2020-01-20 17:40:00,2020,1,20,17,40,44,44184,BOULEVARD PIERRE DE COUBERTIN,47.2734256,-2.2320333,Nuit avec éclairage allumé,En agglomération,Hors intersection,Normale,Autre collision,4,2,2,0,1,1,1,0,1,50,1,2,1,0,0,1,18.0,,deux_roues,,5,2,1,1,6
202000020429,2020-01-21 22:15:00,2020,1,21,22,15,44,44109,BOULEVARD ROBERT SCHUMAN,47.2360541,-1.5681985,Nuit avec éclairage allumé,En agglomération,Hors intersection,Normale,Deux véhicules - côté,4,2,0,0,1,1,1,0,1,50,2,2,1,0,1,0,25.0,25.0,voiture,deux_roues,5,2,1,1,3
202000020430,2020-01-17 18:20:00,2020,1,17,18,20,40,40281,ROCADE SUD (RD 824),43.866,-0.50168,Crépuscule ou aube,Hors agglomération,Hors intersection,Normale,Trois véhicules et plus - collisions multiples,3,2,2,0,1,1,1,0,1,80,3,3,1,0,1,1,19.0,54.0,voiture,voiture,2,1,1,1,5
202000020431,2020-01-21 21:10:00,2020,1,21,21,10,35,35238,MAGENTA (BD),48.10692,-1.67438,Nuit avec éclairage allumé,En agglomération,Intersection en X,Normale,Deux véhicules - côté,4,2,2,0,1,1,1,0,1,50,2,3,2,0,0,1,60.0,70.0,transport_commun,voiture,5,2,2,1,3
202000020432,2020-01-21 19:15:00,2020,1,21,19,15,35,35238,BOURGEOIS (BOULEVARD LEON),48.09807,-1.65561,Nuit avec éclairage allumé,En agglomération,Intersection en X,Normale,Deux véhicules - côté,4,2,2,0,1,1,1,0,1,50,2,2,1,0,0,1,52.0,37.0,voiture,deux_roues,5,2,2,1,3
202000020433,2020-01-21 14:30:00,2020,1,21,14,30,35,35238,RICHEPIN (JEAN),48.12326,-1.66279,Plein jour,En agglomération,Intersection en X,Normale,Deux véhicules - côté,4,-1,2,0,1,1,1,0,1,50,2,2,1,0,0,1,65.0,62.0,voiture,voiture,1,2,2,1,3
202000020434,2020-01-21 08:20:00,2020,1,21,8,20,35,35238,CANADA (AVENUE DU),48.08788,-1.68214,Nuit avec éclairage non allumé,En agglomération,Hors intersection,Normale,Autre collision,4,3,2,2,1,1,1,5,1,50,1,2,1,1,0,0,22.0,,voiture,,4,2,1,1,6
202000020435,2020-01-21 17:00:00,2020,1,21,17,0,34,34172,ANTIGONE (BOULEVARD D'),43.609188,3.888256,Plein jour,En agglomération,Hors intersection,Temps couvert,Autre collision,4,1,2,0,1,1,1,0,1,50,1,2,0,0,0,2,37.0,,voiture,,1,2,1,8,6
202000020436,2020-01-21 13:40:00,2020,1,21,13,40,33,33318,RUE DE FRANCE / RUE DES GRAVIERES,44.7925,-0.66726,Plein jour,En agglomération,Intersection en X,Normale,Deux véhicules - côté,4,2,2,0,1,1,1,0,1,50,2,2,1,0,1,0,32.0,52.0,voiture,voiture,1,2,2,1,3
202000020437,2020-01-21 14:00:00,2020,1,21,14,0,33,33529,RD112 AV ST-EXUPERY / RN 250,44.61698,-1.13819,Plein jour,Hors agglomération,Giratoire,Normale,Deux véhicules - arrière,2,2,4,0,1,1,1,0,8,50,2,2,1,0,0,1,47.0,33.0,voiture,deux_roues,1,1,6,1,2
202000020438,2020-01-21 09:40:00,2020,1,21,9,40,27,27681,ROUEN (AVENUE DE),49.099703,1.4735,Plein jour,En agglomération,Hors intersection,Normale,Autre collision,3,2,2,0,1,1,1,0,1,50,1,2,1,0,0,1,45.0,,voiture,,1,2,1,1,6
202000020439,2020-01-20 13:45:00,2020,1,20,13,45,19,19031,DUBAYLE (RUE ANTOINE),45.14277,1.49125,Plein jour,En agglomération,Giratoire,Normale,Deux véhicules - côté,4,2,2,0,1,1,1,0,1,50,2,2,1,0,0,1,47.0,36.0,deux_roues,voiture,1,2,6,1,3
202000020440,2020-01-20 10:40:00,2020,1,20,10,40,19,19031,JAURES (AVENUE JEAN),45.15414,1.52991,Plein jour,En agglomération,Intersection en X,Normale,Deux véhicules - côté,4,2,3,0,2,1,1,0,1,50,2,2,1,0,0,1,25.0,75.0,utilitaire_camion,voiture,1,2,2,1,3
202000020441,2020-01-20 04:10:00,2020,1,20,4,10,18,18033,SANTOS-DUMONT (BOULEVARD),47.07128,2.38853,Nuit avec éclairage allumé,En agglomération,Intersection à plus de 4 branches,Normale,Deux véhicules - côté,4,2,3,0,2,1,1,5,1,50,2,4,3,0,1,0,39.0,31.0,utilitaire_camion,deux_roues,5,2,5,1,3
202000020442,2020-01-21 07:25:00,2020,1,21,7,25,16,16015,3 Boulevard Denfert Rochereau,45.649178,0.175071,Nuit avec éclairage allumé,En agglomération,Hors intersection,Normale,Autre collision,4,2,2,-1,1,1,1,5,1,50,1,2,1,0,0,1,61.0,,voiture,,5,2,1,1,6
202000020443,2020-01-21 18:00:00,2020,1,21,18,0,14,14341,ECHANGEUR N° 12 ( IFS ),49.14702,-0.34838,Crépuscule ou aube,En agglomération,Hors intersection,Normale,Deux véhicules - côté,2,3,6,0,1,1,1,3,1,110,2,2,1,0,1,0,45.0,23.0,utilitaire_camion,deux_roues,2,2,1,1,3
202000020444,2020-01-22 00:05:00,2020,1,22,0,5,13,13214,BESSONS (CHEMIN DES),43.3408401,5.391621,Nuit avec éclairage non allumé,En agglomération,Hors intersection,Normale,Autre collision,4,2,1,0,2,3,1,0,4,50,1,2,1,0,1,0,45.0,,voiture,,4,2,1,1,6
202000020445,2020-01-21 19:15:00,2020,1,21,19,15,13,13002,JEAN GIONO (AVENUE),43.33408,5.48061,Nuit avec éclairage allumé,En agglomération,Intersection en T,Normale,Deux véhicules - côté,3,2,2,0,1,1,1,0,1,50,2,2,1,0,0,1,34.0,37.0,deux_roues,voiture,5,2,3,1,3
202000020446,2020-01-21 19:55:00,2020,1,21,19,55,13,13205,SAKAKINI (BOULEVARD),43.29271,5.401403,Nuit avec éclairage allumé,En agglomération,Hors intersection,Normale,Deux véhicules - côté,3,2,5,0,1,1,1,0,1,50,2,6,4,0,0,2,23.0,31.0,voiture,voiture,5,2,1,1,3
202000020447,2020-01-21 06:00:00,2020,1,21,6,0,13,13203,KLEBER (RUE),43.30746,5.374606,Nuit avec éclairage allumé,En agglomération,Autre intersection,Normale,Autre collision,1,1,1,0,1,1,2,9,1,50,1,1,0,0,0,1,,,,,5,2,9,1,6
202000020448,2020-01-20 11:45:00,2020,1,20,11,45,13,13212,CAILLOLS (AVENUE DES),43.303887,5.436208,Plein jour,En agglomération,Hors intersection,Normale,Deux véhicules - côté,4,1,2,0,1,1,1,0,1,50,2,4,2,0,0,2,34.0,29.0,voiture,autre,1,2,1,1,3
202000020449,2020-01-20 23:30:00,2020,1,20,23,30,13,13212,WILLIAM BOOTH (AVENUE),43.294584,5.443062,Nuit avec éclairage allumé,En agglomération,Hors intersection,Normale,Autre collision,4,2,2,0,1,1,1,0,1,50,1,1,0,0,1,0,22.0,,utilitaire_camion,,5,2,1,1,6
202000020450,2020-01-20 15:15:00,2020,1,20,15,15,13,13202,PEYSONNEL (RUE),43.31538,5.36816,Plein jour,En agglomération,Intersection en X,Normale,Deux véhicules - côté,4,1,1,0,1,1,1,0,1,50,2,3,0,0,0,3,26.0,30.0,voiture,voiture,1,2,2,1,3
202000020451,2020-01-20 11:30:00,2020,1,20,11,30,13,13210,GÉNÉRAL FERRIE (PLACE),43.277588,5.399196,Plein jour,En agglomération,Place,Temps couvert,Deux véhicules - côté,3,4,2,0,1,1,1,2,1,50,2,1,0,0,0,1,48.0,,deux_roues,,1,2,7,8,3
202000020452,2020-01-21 15:30:00,2020,1,21,15,30,09,09122,FAURE (COURS GABRIEL),42.963761,1.60577,Plein jour,En agglomération,Hors intersection,Normale,Sans collision,3,1,2,0,1,1,1,0,1,50,1,2,1,0,1,0,22.0,,voiture,,1,2,1,1,7
202000020453,2020-01-20 09:00:00,2020,1,20,9,0,08,08298,MABILLE E.,49.79183,4.74137,Plein jour,En agglomération,Hors intersection,Neige / grêle,Deux véhicules - côté,4,2,2,0,1,2,7,0,1,50,2,4,2,0,2,0,48.0,70.0,voiture,voiture,1,2,1,4,3
202000020454,2020-01-21 07:25:00,2020,1,21,7,25,06,06088,TURIN (RTE DE),43.71439,7.28424,Crépuscule ou aube,En agglomération,Intersection en X,Temps couvert,Autre collision,4,1,3,0,1,1,1,0,1,50,1,2,1,0,0,1,35.0,,voiture,,2,2,2,8,6
202000020455,2020-01-21 19:15:00,2020,1,21,19,15,06,06069,DE LATTRE DE TASSIGNY (AVENUE DU MARECHA,43.6479,6.9275,Nuit avec éclairage allumé,En agglomération,Hors intersection,Normale,Deux véhicules - côté,4,-1,2,0,2,1,1,0,1,50,2,2,1,0,0,1,53.0,57.0,voiture,deux_roues,5,2,1,1,3
202000020456,2020-01-21 07:54:00,2020,1,21,7,54,06,06069,POMPIDOU (AVENUE GEORGES) -RD 6085,43.64747,6.93631,Crépuscule ou aube,En agglomération,Intersection en T,Normale,Deux véhicules - côté,4,2,2,0,2,2,1,0,1,50,2,2,1,0,0,1,44.0,47.0,voiture,deux_roues,2,2,3,1,3
202000020457,2020-01-13 08:10:00,2020,1,13,8,10,06,06004,CISTES RUE ET CARREFOUR DES,43.61151,7.07,Crépuscule ou aube,En agglomération,Hors intersection,Neige / grêle,Autre collision,4,2,2,3,2,3,7,2,3,50,1,21,0,0,1,20,56.0,,transport_commun,,2,2,1,4,6
202000020458,2020-01-18 01:00:00,2020,1,18,1,0,05,05061,FRANCOIS MITTERAND (AVENUE),44.5454411,6.062931,Nuit avec éclairage non allumé,En agglomération,Giratoire,Autre,Autre collision,2,-1,2,0,1,2,2,5,1,50,1,2,1,0,0,1,25.0,,voiture,,4,2,6,9,6
202000020459,2020-01-21 11:25:00,2020,1,21,11,25,75,75116,BD PERIPHERIQUE INTERIEUR,48.8369344,2.2554454,Plein jour,En agglomération,Intersection en Y,Normale,Deux véhicules - arrière,4,1,4,0,2,1,1,0,1,50,2,2,1,0,0,1,31.0,47.0,voiture,voiture,1,2,4,1,2
202000020460,2020-01-20 13:50:00,2020,1,20,13,50,75,75120,BD PERIPHERIQUE EXTERIEUR,48.870563,2.413456,Plein jour,En agglomération,Hors intersection,Normale,Deux véhicules - côté,4,1,5,0,1,1,1,0,1,70,2,2,1,0,0,1,32.0,28.0,deux_roues,voiture,1,2,1,1,3