accident_id,datetime,annee,mois,jour,heure,minute,departement,commune_insee,adresse,latitude,longitude,luminosite,agglomeration,intersection,meteo,collision,catr,circ,nbv,vosp,prof,plan,surf,infra,situ,vma,nb_vehicules,nb_usagers,nb_indemnes,nb_tues,nb_blesses_hosp,nb_blesses_legers,age_cond_1,age_cond_2,veh_type_cond_1,veh_type_cond_2,lum_code,agg_code,int_code,atm_code,col_code
202000020461,2020-01-21 09:13:00,2020,1,21,9,13,75,75112,QUAI DE BERCY,48.8374545,2.3777396,Plein jour,En agglomération,Hors intersection,Normale,Autre collision,4,2,3,0,1,1,1,0,1,50,1,1,0,0,1,0,56.0,,deux_roues,,1,2,1,1,6
202000020462,2020-01-20 13:20:00,2020,1,20,13,20,75,75114,RUE RAYMOND LOSSERAND,48.83334,2.316975,Plein jour,En agglomération,Hors intersection,Normale,Autre collision,4,1,1,0,1,1,1,0,1,30,1,2,1,0,1,0,37.0,,transport_commun,,1,2,1,1,6
202000020463,2020-01-21 10:40:00,2020,1,21,10,40,75,75106,PLACE DU DIX HUIT JUIN 1940,48.844036,2.323368,Plein jour,En agglomération,Place,Normale,Deux véhicules - arrière,4,2,6,-1,1,1,1,0,1,50,2,2,1,0,0,1,72.0,48.0,deux_roues,voiture,1,2,7,1,2
202000020464,2020-01-21 10:00:00,2020,1,21,10,0,75,75120,RUE PELLEPORT,48.8646848,2.4041377,Plein jour,En agglomération,Intersection en X,Normale,Deux véhicules - côté,4,2,2,0,2,1,1,0,1,50,2,2,1,0,0,1,54.0,66.0,deux_roues,utilitaire_camion,1,2,2,1,3
202000020465,2020-01-21 16:30:00,2020,1,21,16,30,75,75119,AVENUE DE LA PORTE DE PANTIN,48.890238,2.398002,Plein jour,En agglomération,Hors intersection,Normale,Deux véhicules - côté,4,3,2,0,1,1,1,0,1,50,2,3,2,0,0,1,75.0,28.0,voiture,deux_roues,1,2,1,1,3
202000020466,2020-01-21 15:55:00,2020,1,21,15,55,75,75117,BOULEVARD MALESHERBES,48.88917,2.30417,Plein jour,En agglomération,Hors intersection,Normale,Autre collision,4,2,4,-1,1,1,1,0,4,50,1,2,1,0,0,1,15.0,,deux_roues,,1,2,1,1,6
202000020467,2020-01-21 15:30:00,2020,1,21,15,30,75,75117,AVENUE DES TERNES,48.879987,2.288396,Plein jour,En agglomération,Intersection en X,Normale,Deux véhicules - côté,4,2,4,0,1,1,1,0,1,50,2,2,1,0,0,1,22.0,87.0,deux_roues,voiture,1,2,2,1,3
202000020468,2020-01-20 14:00:00,2020,1,20,14,0,75,75117,BOULEVARD PERSHING,48.8818462,2.2855653,Plein jour,En agglomération,Intersection en Y,Normale,Deux véhicules - côté,4,2,4,0,1,1,1,0,1,50,2,3,0,0,1,2,17.0,34.0,deux_roues,deux_roues,1,2,4,1,3
202000020469,2020-01-21 14:45:00,2020,1,21,14,45,75,75116,AVENUE FOCH,48.8724496,2.2831044,Plein jour,En agglomération,Hors intersection,Normale,Autre collision,4,2,4,0,2,3,1,1,1,50,1,1,0,0,0,1,45.0,,voiture,,1,2,1,1,6
202000020470,2020-01-21 01:45:00,2020,1,21,1,45,75,75116,AVENUE KLEBER,48.866092,2.289464,Nuit avec éclairage allumé,En agglomération,Hors intersection,Normale,Deux véhicules - frontale,4,2,2,0,1,1,1,0,1,50,2,6,5,0,0,1,71.0,54.0,voiture,voiture,5,2,1,1,1
202000020471,2020-01-21 15:15:00,2020,1,21,15,15,75,75114,PLACE DE CATALOGNE,48.8372487,2.3187624,Plein jour,En agglomération,Place,Normale,Deux véhicules - côté,4,1,4,1,1,2,1,-1,5,30,2,2,1,0,0,1,27.0,24.0,utilitaire_camion,deux_roues,1,2,7,1,3
202000020472,2020-01-21 08:05:00,2020,1,21,8,5,75,75112,BOULEVARD PONIATOWSKI,48.829062,2.38974,Plein jour,En agglomération,Hors intersection,Normale,Deux véhicules - côté,4,2,4,0,1,1,1,0,1,50,2,2,1,0,0,1,41.0,15.0,voiture,deux_roues,1,2,1,1,3
202000020473,2020-01-20 13:25:00,2020,1,20,13,25,75,75111,RUE DU FAUBOURG SAINT ANTOINE,48.851766,2.374262,Plein jour,En agglomération,Hors intersection,Normale,Autre collision,4,1,3,3,1,1,1,-1,6,50,1,2,1,0,0,1,38.0,,deux_roues,,1,2,1,1,6
202000020474,2020-01-21 10:45:00,2020,1,21,10,45,75,75108,AVENUE FRANKLIN D ROOSEVELT,48.870541,2.310036,Plein jour,En agglomération,Intersection en X,Normale,Deux véhicules - côté,4,1,2,-1,1,1,1,0,1,50,2,2,1,0,0,1,22.0,73.0,deux_roues,voiture,1,2,2,1,3
202000020475,2020-01-21 09:45:00,2020,1,21,9,45,75,75108,RUE DE BERRI,48.8714521,2.3023577,Plein jour,En agglomération,Intersection en T,Normale,Deux véhicules - arrière,4,1,6,0,1,1,1,0,1,50,2,1,0,0,0,1,21.0,,deux_roues,,1,2,3,1,2
202000020476,2020-01-21 08:20:00,2020,1,21,8,20,94,94078,CHOISY (AV DE),48.73756,2.4461,Crépuscule ou aube,En agglomération,Hors intersection,Autre,Sans collision,3,2,2,0,1,3,7,2,1,50,1,1,0,0,0,1,22.0,,deux_roues,,2,2,1,9,7
202000020477,2020-01-20 17:20:00,2020,1,20,17,20,94,94068,MARECHAL LYAUTEY (AV DU),48.79091,2.486781,Nuit avec éclairage allumé,En agglomération,Hors intersection,Normale,Deux véhicules - frontale,4,2,2,0,1,3,1,0,1,50,2,2,1,0,0,1,46.0,23.0,deux_roues,utilitaire_camion,5,2,1,1,1
202000020478,2020-01-21 14:35:00,2020,1,21,14,35,94,94076,VERDUN (R DE),48.79075,2.35325,Plein jour,En agglomération,Hors intersection,Normale,Deux véhicules - arrière,4,2,2,0,1,1,1,0,1,50,2,1,0,0,0,1,61.0,,deux_roues,,1,2,1,1,2
202000020479,2020-01-20 21:50:00,2020,1,20,21,50,94,94076,PARIS (AV DE),48.80608,2.364,Nuit sans éclairage public,En agglomération,Hors intersection,Normale,,3,2,4,0,1,1,1,0,1,50,2,1,0,0,0,1,30.0,,deux_roues,,3,2,1,1,-1
202000020480,2020-01-20 07:30:00,2020,1,20,7,30,94,94076,CHASTENET DE GERY (BD),48.80798,2.357251,Crépuscule ou aube,En agglomération,Hors intersection,Normale,Autre collision,4,2,2,0,1,1,1,0,1,50,1,2,1,0,0,1,58.0,,voiture,,2,2,1,1,6
202000020481,2020-01-21 09:10:00,2020,1,21,9,10,94,94054,PAUL VAILLANT COUTURIER (R),48.745,2.4001,Plein jour,En agglomération,Intersection en X,Normale,Deux véhicules - côté,3,2,2,0,1,1,1,0,1,50,2,2,1,0,0,1,31.0,53.0,voiture,transport_commun,1,2,2,1,3
202000020482,2020-01-21 12:00:00,2020,1,21,12,0,93,93078,CLEMENCEAU (AVENUE GEORGES),48.9535419,2.5625991,Plein jour,En agglomération,Autre intersection,Normale,Autre collision,3,3,4,0,1,1,1,9,1,50,1,1,0,0,0,1,,,,,1,2,9,1,6
202000020483,2020-01-21 09:30:00,2020,1,21,9,30,93,93073,RTE DE LA CROIX AU PLATRE,48.9838,2.54134,Plein jour,Hors agglomération,Intersection en Y,Normale,Deux véhicules - arrière,3,1,2,0,1,3,7,0,1,50,2,2,0,0,0,2,23.0,63.0,voiture,voiture,1,1,4,1,2
202000020484,2020-01-21 17:00:00,2020,1,21,17,0,93,93070,SEINE (QUAI DE),48.91475,2.31957,Crépuscule ou aube,En agglomération,Autre intersection,Normale,Deux véhicules - côté,3,3,3,0,1,1,1,0,1,50,2,2,1,0,1,0,56.0,30.0,deux_roues,voiture,2,2,9,1,3
202000020485,2020-01-20 13:23:00,2020,1,20,13,23,93,93077,AV DE ROSNY,48.88524,2.50375,Plein jour,En agglomération,Hors intersection,Normale,Deux véhicules - côté,3,2,2,0,1,1,1,0,1,50,2,2,1,0,0,1,46.0,44.0,voiture,deux_roues,1,2,1,1,3
202000020486,2020-01-21 18:40:00,2020,1,21,18,40,93,93053,PARIS (RUE DE),48.9022338,2.4621472,Nuit avec éclairage allumé,En agglomération,Intersection en T,Normale,Trois véhicules et plus - collisions multiples,3,1,1,0,1,1,1,0,1,50,3,5,4,0,0,1,25.0,60.0,voiture,voiture,5,2,3,1,5
202000020487,2020-01-20 22:50:00,2020,1,20,22,50,93,93051,QUATRE SAISONS,48.8474297,2.5491666,Nuit avec éclairage allumé,En agglomération,Intersection en Y,Normale,Autre collision,4,3,2,0,1,3,7,0,3,40,1,1,0,0,0,1,18.0,,deux_roues,,5,2,4,1,6
202000020488,2020-01-21 17:00:00,2020,1,21,17,0,93,93048,CLOS FRANCAIS (RUE DES),48.8655,2.4321,Plein jour,En agglomération,Hors intersection,Normale,Autre collision,4,2,2,0,2,1,1,0,1,30,1,2,1,0,0,1,28.0,,voiture,,1,2,1,1,6
202000020489,2020-01-20 08:20:00,2020,1,20,8,20,93,93063,ARAGO RUE,48.8738188,2.4383268,Plein jour,En agglomération,Autre intersection,Normale,Autre collision,4,2,1,0,1,1,1,6,1,30,1,2,1,0,0,1,44.0,,voiture,,1,2,9,1,6
202000020490,2020-01-21 09:20:00,2020,1,21,9,20,93,93031,AV DE LA REPUBLIQUE,48.9495766,2.330924,Plein jour,En agglomération,Hors intersection,Normale,Deux véhicules - côté,3,3,4,0,1,1,1,0,1,50,2,4,1,0,1,2,24.0,29.0,utilitaire_camion,voiture,1,2,1,1,3
202000020491,2020-01-21 12:45:00,2020,1,21,12,45,93,93013,ROLLAND (RUE DU CDT),48.93309,2.42842,Plein jour,En agglomération,Intersection en T,Normale,Deux véhicules - côté,4,2,4,0,1,3,1,0,1,50,2,2,1,0,0,1,22.0,48.0,voiture,voiture,1,2,3,1,3
202000020492,2020-01-21 21:10:00,2020,1,21,21,10,93,93007,"""PAUL VAILLANT COUTURIER (AVENUE """"DU 13",48.9294062,2.48014,Nuit avec éclairage allumé,En agglomération,Intersection en Y,Normale,Autre collision,3,2,4,0,2,1,1,9,1,50,1,2,1,0,0,1,46.0,,voiture,,5,2,4,1,6
202000020493,2020-01-20 10:10:00,2020,1,20,10,10,92,92075,LARMEROUX (RUE),48.817,2.2814,Plein jour,En agglomération,Hors intersection,Normale,Deux véhicules - frontale,3,3,2,0,1,1,1,0,1,50,2,2,1,0,0,1,35.0,49.0,voiture,deux_roues,1,2,1,1,1
202000020494,2020-01-20 18:00:00,2020,1,20,18,0,92,92077,SEVRES (RUE DE),48.8261,2.1957,Nuit avec éclairage allumé,En agglomération,Hors intersection,Normale,Deux véhicules - arrière,3,2,2,0,1,1,1,0,1,50,2,2,1,0,0,1,51.0,62.0,voiture,deux_roues,5,2,1,1,2
202000020495,2020-01-20 13:50:00,2020,1,20,13,50,92,92064,GEORGES CLEMENCEAU,48.84165,2.221912,Plein jour,En agglomération,Autre intersection,Normale,Autre collision,3,1,1,0,1,3,1,9,1,50,1,2,1,0,0,1,67.0,,voiture,,1,2,9,1,6
202000020496,2020-01-20 12:00:00,2020,1,20,12,0,92,92050,ACACIAS RUE DES,48.90132,2.19231,Plein jour,En agglomération,Intersection en X,Normale,Deux véhicules - côté,4,2,2,0,1,1,1,9,1,30,2,2,1,0,1,0,31.0,57.0,voiture,voiture,1,2,2,1,3
202000020497,2020-01-19 22:10:00,2020,1,19,22,10,92,92036,PRINCIPALE DU PORT (ROUTE) (1/17),48.941159,2.296175,Nuit avec éclairage allumé,En agglomération,Hors intersection,Normale,Deux véhicules - arrière,4,2,4,0,1,1,1,0,1,50,2,2,1,0,0,1,24.0,21.0,voiture,deux_roues,5,2,1,1,2
202000020498,2020-01-20 16:25:00,2020,1,20,16,25,92,92036,HENRI BARBUSSE (RUE) (1/35)/ RUE HENRI BARBUSSE,48.9212,2.29939,Plein jour,En agglomération,Intersection en X,Normale,Deux véhicules - côté,3,2,2,0,1,1,1,0,1,50,2,2,1,0,0,1,40.0,34.0,deux_roues,voiture,1,2,2,1,3
202000020499,2020-01-20 19:50:00,2020,1,20,19,50,92,92025,STALINGRAD (AV DE),48.9357392,2.2606301,Crépuscule ou aube,En agglomération,Intersection en X,Normale,Deux véhicules - côté,3,2,4,0,1,1,1,0,3,50,2,2,1,0,0,1,57.0,42.0,voiture,voiture,2,2,2,1,3
202000020500,2020-01-20 17:30:00,2020,1,20,17,30,50,50493,12 Contour Ambroise Paré,48.83827,-1.462956,Crépuscule ou aube,Hors agglomération,Hors intersection,Normale,Autre collision,3,2,2,0,1,1,1,0,1,80,1,2,1,0,1,0,40.0,,voiture,,2,1,1,1,6
202000020501,2020-01-19 17:10:00,2020,1,19,17,10,47,47100,N21,44.250268,0.650942,Crépuscule ou aube,Hors agglomération,Hors intersection,Normale,Deux véhicules - frontale,2,2,2,0,3,1,1,0,1,70,2,3,0,0,2,1,40.0,31.0,voiture,voiture,2,1,1,1,1
202000020502,2020-01-20 09:35:00,2020,1,20,9,35,08,08403,Rue Georges Hachon,49.494278,4.363202,Plein jour,En agglomération,Hors intersection,Autre,Deux véhicules - frontale,4,2,2,0,1,2,7,0,1,50,2,3,2,0,1,0,69.0,50.0,voiture,utilitaire_camion,1,2,1,9,1
202000020503,2020-01-22 08:06:00,2020,1,22,8,6,31,31022,20 Avenue des Pins,43.67447,1.425185,Crépuscule ou aube,En agglomération,Hors intersection,Pluie légère,Autre collision,3,2,2,0,1,1,2,0,1,50,1,2,1,0,1,0,56.0,,voiture,,2,2,1,2,6
202000020504,2020-01-21 09:40:00,2020,1,21,9,40,14,14027,Lieu Dit le Petit Hamel,49.0199523,-0.6461763,Plein jour,Hors agglomération,Hors intersection,Normale,Deux véhicules - frontale,3,2,2,0,1,4,1,0,1,80,2,2,1,0,0,1,73.0,56.0,voiture,voiture,1,1,1,1,1
202000020505,2020-01-21 15:50:00,2020,1,21,15,50,51,51486,D19,49.1550016,4.4055134,Crépuscule ou aube,Hors agglomération,Hors intersection,Temps éblouissant,Deux véhicules - arrière,3,2,2,0,1,1,2,0,1,80,2,2,1,0,1,0,54.0,27.0,voiture,deux_roues,2,1,1,7,2
202000020506,2020-01-11 11:45:00,2020,1,11,11,45,971,97109,80 Route des Marsouins,16.001492,-61.696773,Plein jour,En agglomération,Intersection en T,Pluie légère,Deux véhicules - arrière,2,2,-1,-1,1,1,2,5,1,70,2,5,4,0,1,0,58.0,30.0,voiture,voiture,1,2,3,2,2
202000020507,2020-01-20 17:05:00,2020,1,20,17,5,971,97132,Sapotille,15.987755,-61.617873,Plein jour,Hors agglomération,Intersection en Y,Normale,Deux véhicules - arrière,2,2,2,0,4,2,1,0,1,90,2,2,1,0,1,0,55.0,29.0,deux_roues,voiture,1,1,4,1,2
202000020508,2020-01-22 14:25:00,2020,1,22,14,25,72,72058,La Poire Tapee,47.959418,0.302795,Plein jour,Hors agglomération,Hors intersection,Normale,Deux véhicules - frontale,3,2,2,0,1,1,1,0,1,80,2,2,1,0,0,1,75.0,58.0,utilitaire_camion,deux_roues,1,1,1,1,1
202000020509,2020-01-21 15:40:00,2020,1,21,15,40,34,34077,boulevard de l'Auriol RD65,43.650621,3.883544,Plein jour,Hors agglomération,Hors intersection,Normale,Deux véhicules - frontale,3,2,3,0,1,1,2,0,1,70,2,4,0,0,2,2,22.0,19.0,voiture,voiture,1,1,1,1,1
202000020510,2020-01-21 08:00:00,2020,1,21,8,0,81,81120,Avenue Francois Mitterrand,43.54026,2.264286,Plein jour,En agglomération,Giratoire,Normale,Autre collision,3,2,2,0,1,3,1,5,8,50,1,2,1,1,0,0,63.0,,utilitaire_camion,,1,2,6,1,6
202000020511,2020-01-22 15:45:00,2020,1,22,15,45,89,89391,D976,48.365716,3.23307,Plein jour,Hors agglomération,Hors intersection,Normale,Deux véhicules - frontale,3,2,2,0,2,1,1,0,1,80,2,2,1,1,0,0,36.0,69.0,utilitaire_camion,voiture,1,1,1,1,1
202000020512,2020-01-21 10:15:00,2020,1,21,10,15,49,49043,D101,47.594096,-0.749828,Plein jour,Hors agglomération,Hors intersection,Normale,Autre collision,3,2,2,0,1,4,7,0,3,80,1,1,0,0,1,0,33.0,,voiture,,1,1,1,1,6
202000020513,2020-01-22 07:55:00,2020,1,22,7,55,49,49331,N162,47.704188,-0.709176,Crépuscule ou aube,Hors agglomération,Hors intersection,Temps couvert,Trois véhicules et plus - collisions multiples,2,2,2,0,1,1,1,0,1,80,3,3,2,0,1,0,55.0,26.0,voiture,voiture,2,1,1,8,5
202000020514,2020-01-21 17:20:00,2020,1,21,17,20,49,49211,intersection VC8 et D120,47.189042,-0.526314,Plein jour,Hors agglomération,Intersection en X,Normale,Deux véhicules - frontale,3,2,-1,-1,1,1,1,0,1,-1,2,2,1,0,1,0,39.0,85.0,voiture,voiture,1,1,2,1,1
202000020515,2020-01-20 07:30:00,2020,1,20,7,30,35,35040,Route de l'abbaye,48.133673,-1.939564,Crépuscule ou aube,Hors agglomération,Hors intersection,Normale,Deux véhicules - arrière,3,2,2,0,1,1,1,0,1,70,2,2,1,0,0,1,61.0,64.0,deux_roues,voiture,2,1,1,1,2
202000020516,2020-01-19 17:20:00,2020,1,19,17,20,29,29160,58 Rue Marechal Leclerc,48.506071,-4.420968,Crépuscule ou aube,En agglomération,Hors intersection,Temps éblouissant,Autre collision,3,2,2,0,1,1,1,0,4,30,1,1,0,0,0,1,84.0,,voiture,,2,2,1,7,6
202000020517,2020-01-22 07:15:00,2020,1,22,7,15,54,54415,D952,48.998786,6.035335,Crépuscule ou aube,Hors agglomération,Hors intersection,Normale,Trois véhicules et plus - en chaîne,3,2,2,0,1,1,1,0,1,80,3,3,1,0,0,2,53.0,43.0,voiture,voiture,2,1,1,1,4
202000020518,2020-01-21 23:40:00,2020,1,21,23,40,60,60191,D1017,49.558998,2.6987453,Nuit sans éclairage public,Hors agglomération,Hors intersection,Brouillard / fumée,Deux véhicules - frontale,3,2,2,0,1,1,1,0,3,80,2,4,0,0,4,0,32.0,22.0,voiture,voiture,3,1,1,5,1
202000020519,2020-01-21 07:45:00,2020,1,21,7,45,40,40046,Avenue de la Judée,44.389165,-1.165058,Crépuscule ou aube,En agglomération,Intersection en X,Normale,Deux véhicules - côté,4,2,2,0,1,1,1,0,1,50,2,2,1,0,1,0,12.0,21.0,deux_roues,voiture,2,2,2,1,3
202000020520,2020-01-21 20:05:00,2020,1,21,20,5,24,24460,Les Bigoussies,45.25122,0.403204,Nuit sans éclairage public,Hors agglomération,Hors intersection,Normale,Trois véhicules et plus - collisions multiples,3,2,2,0,1,1,1,0,1,80,3,3,0,0,3,0,33.0,51.0,voiture,voiture,3,1,1,1,5
202000020521,2020-01-22 08:00:00,2020,1,22,8,0,85,85288,403 Avenue de Luçon,46.46499,-1.60668,Crépuscule ou aube,En agglomération,Hors intersection,Normale,Autre collision,3,2,2,0,3,1,1,0,1,50,1,2,1,0,0,1,46.0,,voiture,,2,2,1,1,6
202000020522,2020-01-22 07:30:00,2020,1,22,7,30,27,27056,51 Rue Alphonse Assegond,49.087905,0.5923,Nuit avec éclairage allumé,En agglomération,Place,Normale,Autre collision,4,1,1,0,1,1,1,5,1,50,1,2,1,0,0,1,24.0,,voiture,,5,2,7,1,6
202000020523,2020-01-22 13:25:00,2020,1,22,13,25,28,28236,169 La Herperie,48.34677,0.885885,Plein jour,Hors agglomération,Hors intersection,Normale,Sans collision,3,2,2,0,1,1,1,0,1,80,1,1,0,0,1,0,62.0,,deux_roues,,1,1,1,1,7
202000020524,2020-01-21 13:10:00,2020,1,21,13,10,37,37111,Mertier,47.134804,1.0986269,Plein jour,Hors agglomération,Hors intersection,Normale,Autre collision,3,2,2,0,1,1,1,0,3,80,1,2,0,0,1,1,31.0,,voiture,,1,1,1,1,6
202000020525,2020-01-21 06:55:00,2020,1,21,6,55,49,49218,RD 752,47.256732,-1.021939,Nuit sans éclairage public,Hors agglomération,Hors intersection,Normale,Deux véhicules - frontale,3,2,2,0,2,3,7,0,1,80,2,17,15,1,0,1,20.0,60.0,voiture,transport_commun,3,1,1,1,1
202000020526,2020-01-22 19:05:00,2020,1,22,19,5,03,03118,A71,46.1083008,3.1383884,Nuit sans éclairage public,Hors agglomération,Hors intersection,Normale,Deux véhicules - arrière,1,3,4,0,2,3,1,0,1,110,2,2,1,0,0,1,61.0,30.0,utilitaire_camion,voiture,3,1,1,1,2
202000020527,2020-01-22 11:45:00,2020,1,22,11,45,31,31451,Route de Castelnaudary,43.44978,1.97181,Plein jour,Hors agglomération,Hors intersection,Pluie forte,Deux véhicules - côté,3,2,2,0,1,1,2,0,1,80,2,2,1,1,0,0,57.0,66.0,utilitaire_camion,voiture,1,1,1,3,3
202000020528,2020-01-16 12:05:00,2020,1,16,12,5,74,74081,Avenue des Lacs,46.071409,6.556787,Plein jour,En agglomération,Giratoire,Normale,Deux véhicules - frontale,4,2,2,0,1,1,1,0,1,50,2,2,1,0,1,0,67.0,16.0,voiture,deux_roues,1,2,6,1,1
202000020529,2020-01-20 16:36:00,2020,1,20,16,36,49,49007,A11,47.492067,-0.530853,Plein jour,Hors agglomération,Hors intersection,Normale,Trois véhicules et plus - collisions multiples,1,1,2,0,1,1,1,9,1,90,3,3,2,0,0,1,30.0,56.0,voiture,utilitaire_camion,1,1,1,1,5
202000020530,2020-01-21 19:00:00,2020,1,21,19,0,988,98825,Route de la Presqu'ile,-21.120944,164.950474,Nuit sans éclairage public,Hors agglomération,Hors intersection,Normale,Sans collision,4,-1,1,0,2,1,9,0,1,50,1,2,1,1,0,0,22.0,,voiture,,3,1,1,1,7
202000020531,2020-01-18 18:50:00,2020,1,18,18,50,973,97304,RN1 PK 50+200,5.1100664,-52.6406408,Crépuscule ou aube,Hors agglomération,Hors intersection,Normale,Deux véhicules - côté,2,2,2,0,1,1,1,0,1,80,2,3,2,0,0,1,37.0,17.0,deux_roues,voiture,2,1,1,1,3
202000020532,2020-01-22 12:40:00,2020,1,22,12,40,29,29233,D765 - Rue de Quimper,47.8725512,-3.5467552,Plein jour,En agglomération,Hors intersection,Normale,,3,2,2,0,2,1,1,0,1,30,2,3,2,0,1,0,52.0,22.0,utilitaire_camion,voiture,1,2,1,1,-1
202000020533,2020-01-17 08:50:00,2020,1,17,8,50,91,91041,Route Nationale 20,48.573587,2.235391,Plein jour,Hors agglomération,Hors intersection,Pluie légère,Deux véhicules - arrière,2,3,2,0,1,1,2,0,1,90,2,2,1,0,0,1,40.0,,utilitaire_camion,,1,1,1,2,2
202000020534,2020-01-20 23:06:00,2020,1,20,23,6,91,91148,31 Grande Rue,48.503453,2.168783,Nuit sans éclairage public,En agglomération,Hors intersection,Normale,Autre collision,3,2,2,0,1,3,1,0,4,50,1,1,0,0,1,0,33.0,,voiture,,3,2,1,1,6
202000020535,2020-01-22 09:30:00,2020,1,22,9,30,2A,2A247,RT 10,41.639886,9.294648,Plein jour,Hors agglomération,Intersection en X,Normale,Deux véhicules - côté,2,2,2,0,1,1,1,0,1,80,2,2,1,0,1,0,69.0,29.0,deux_roues,voiture,1,1,2,1,3
202000020536,2020-01-22 08:37:00,2020,1,22,8,37,83,83106,Fray Redon,43.316412,6.075402,Plein jour,Hors agglomération,Autre intersection,Temps couvert,Deux véhicules - frontale,3,2,1,0,1,1,2,0,1,70,2,3,1,0,1,1,22.0,66.0,voiture,voiture,1,1,9,8,1
202000020537,2020-01-21 17:05:00,2020,1,21,17,5,52,52269,Rue Vernier et Collot,47.844767,5.331615,Crépuscule ou aube,En agglomération,Hors intersection,Normale,Autre collision,4,3,2,0,2,3,1,5,1,50,1,2,1,0,0,1,26.0,,voiture,,2,2,1,1,6
202000020538,2020-01-18 20:25:00,2020,1,18,20,25,73,73213,Route de Barby,45.571469,5.960699,Nuit avec éclairage allumé,En agglomération,Hors intersection,Normale,Deux véhicules - côté,4,2,2,0,1,3,1,0,1,50,2,4,3,0,1,0,62.0,31.0,voiture,deux_roues,5,2,1,1,3
202000020539,2020-01-21 10:30:00,2020,1,21,10,30,38,38382,Rue de la Biolle,45.238779,5.667604,Plein jour,En agglomération,Intersection en Y,Normale,Deux véhicules - côté,3,1,2,1,1,1,1,0,5,30,2,2,1,0,1,0,89.0,61.0,voiture,deux_roues,1,2,4,1,3
202000020540,2020-01-21 18:45:00,2020,1,21,18,45,85,85222,31 Quai du Port Fidèle,46.694925,-1.933653,Nuit avec éclairage allumé,En agglomération,Hors intersection,Normale,Autre collision,3,2,2,0,1,1,1,0,1,50,1,2,1,0,1,0,52.0,,voiture,,5,2,1,1,6
202000020541,2020-01-06 07:15:00,2020,1,6,7,15,49,49301,Les Douinières,47.12683,-1.038211,Nuit sans éclairage public,Hors agglomération,Intersection en T,Normale,Deux véhicules - frontale,3,2,2,0,1,1,1,5,1,80,2,2,1,0,1,0,22.0,50.0,voiture,deux_roues,3,1,3,1,1
202000020542,2020-01-21 21:20:00,2020,1,21,21,20,60,60612,12 Rue du Moulin Saint-rieul,49.209738,2.586826,Nuit avec éclairage allumé,En agglomération,Hors intersection,Autre,Autre collision,4,2,2,0,2,4,7,0,3,50,1,3,0,0,1,2,22.0,,voiture,,5,2,1,9,6
202000020543,2020-01-20 09:00:00,2020,1,20,9,0,13,13055,A507 sens Marseille - Aubagne,43.286017,5.425437,Plein jour,En agglomération,Hors intersection,Normale,Deux véhicules - arrière,1,1,3,0,1,1,1,1,1,70,2,2,1,0,0,1,40.0,36.0,voiture,voiture,1,2,1,1,2
202000020544,2020-01-13 02:20:00,2020,1,13,2,20,69,69199,A7,45.686949,4.846341,Nuit avec éclairage allumé,Hors agglomération,Hors intersection,Normale,Deux véhicules - côté,1,1,3,0,1,1,1,0,1,90,2,2,0,0,0,2,20.0,31.0,voiture,voiture,5,1,1,1,3
202000020545,2020-01-17 23:55:00,2020,1,17,23,55,01,01249,A42   6.290 A 8.310,45.815236,4.962277,Nuit sans éclairage public,Hors agglomération,Hors intersection,Normale,Trois véhicules et plus - en chaîne,1,3,5,0,1,1,2,0,1,110,3,4,2,0,0,2,30.0,64.0,voiture,voiture,3,1,1,1,4
202000020546,2020-01-16 17:55:00,2020,1,16,17,55,69,69297,A7   ,45.6075689,4.8026546,Nuit sans éclairage public,Hors agglomération,Hors intersection,Normale,Trois véhicules et plus - collisions multiples,1,3,3,0,1,1,1,0,1,110,3,3,0,0,0,3,51.0,29.0,utilitaire_camion,voiture,3,1,1,1,5
202000020547,2020-01-20 06:00:00,2020,1,20,6,0,69,69256,RN 346 ,45.7961861,4.9445686,Nuit sans éclairage public,Hors agglomération,Hors intersection,Normale,Deux véhicules - arrière,2,3,4,0,1,1,1,0,1,90,2,2,0,0,0,2,23.0,43.0,voiture,voiture,3,1,1,1,2
202000020548,2020-01-16 13:30:00,2020,1,16,13,30,67,67389,Autoroute A4,48.6521418,7.7355545,Plein jour,Hors agglomération,Hors intersection,Normale,Deux véhicules - arrière,1,1,2,0,1,3,1,3,1,50,2,2,1,0,0,1,24.0,29.0,voiture,voiture,1,1,1,1,2
202000020549,2020-01-21 17:45:00,2020,1,21,17,45,94,94038,AUTOROUTE A6A,48.78765,2.3452,Crépuscule ou aube,Hors agglomération,Hors intersection,Normale,Deux véhicules - arrière,1,3,3,0,2,2,1,0,1,90,2,2,1,0,0,1,21.0,30.0,voiture,voiture,2,1,1,1,2
202000020550,2020-01-21 08:00:00,2020,1,21,8,0,78,78126,A13,48.839355,2.119048,Plein jour,Hors agglomération,Hors intersection,Normale,Deux véhicules - arrière,1,3,4,0,1,1,1,0,1,110,2,2,1,0,0,1,24.0,28.0,voiture,deux_roues,1,1,1,1,2
202000020551,2020-01-21 07:20:00,2020,1,21,7,20,78,78423,RN12,48.794372,2.050056,Nuit sans éclairage public,Hors agglomération,Hors intersection,Normale,Deux véhicules - côté,2,3,2,0,1,1,2,0,1,90,2,2,1,0,0,1,49.0,43.0,voiture,deux_roues,3,1,1,1,3