accident_id,datetime,annee,mois,jour,heure,minute,departement,commune_insee,adresse,latitude,longitude,luminosite,agglomeration,intersection,meteo,collision,catr,circ,nbv,vosp,prof,plan,surf,infra,situ,vma,nb_vehicules,nb_usagers,nb_indemnes,nb_tues,nb_blesses_hosp,nb_blesses_legers,age_cond_1,age_cond_2,veh_type_cond_1,veh_type_cond_2,lum_code,agg_code,int_code,atm_code,col_code
202000020643,2020-07-11 18:05:00,2020,7,11,18,5,93,93046,EUGENE MASSE RUE,48.92331,2.5446,Plein jour,En agglomération,Hors intersection,Normale,,4,2,2,0,1,1,1,0,1,50,2,3,2,0,0,1,50.0,49.0,voiture,voiture,1,2,1,1,-1
202000020644,2020-07-11 22:18:00,2020,7,11,22,18,93,93008,VAILLANT COUTURIER (AVENUE PAUL),48.9092805,2.4491143,Nuit avec éclairage allumé,En agglomération,Autre intersection,Normale,Sans collision,3,1,1,0,1,1,1,0,3,50,1,1,0,0,0,1,21.0,,deux_roues,,5,2,9,1,7
202000020645,2020-07-11 18:15:00,2020,7,11,18,15,93,93001,LEOPOLD RECHOSSIERE (RUE)  => 13/50,48.9144,2.38884,Plein jour,En agglomération,Intersection en T,Normale,Deux véhicules - côté,4,2,2,0,1,1,1,0,1,50,2,2,1,0,1,0,41.0,56.0,voiture,deux_roues,1,2,3,1,3
202000020646,2020-07-11 01:15:00,2020,7,11,1,15,93,93001,GUYARD DELALAIN (RUE)  (PAIR),48.910627,2.38736,Nuit sans éclairage public,En agglomération,Place,Normale,Autre collision,4,1,0,0,1,3,1,0,4,50,1,1,0,0,0,1,,,,,3,2,7,1,6
202000020647,2020-07-09 19:05:00,2020,7,9,19,5,92,92044,VIC. HUGO(RUE)069A075 ET 080A088,48.8966856,2.2957832,Plein jour,En agglomération,Hors intersection,Normale,Autre collision,3,1,3,2,1,1,1,9,1,50,1,2,1,0,0,1,25.0,,deux_roues,,1,2,1,1,6
202000020648,2020-07-11 11:09:00,2020,7,11,11,9,92,92040,MARCEAU,48.8253311,2.27292,Plein jour,En agglomération,Intersection en X,Normale,Deux véhicules - côté,4,2,2,1,1,1,1,0,5,30,2,2,1,0,0,1,43.0,57.0,voiture,deux_roues,1,2,2,1,3
202000020649,2020-07-11 13:20:00,2020,7,11,13,20,92,92025,GENERAL LECLERC (PLACE DU),48.922749,2.25249,Plein jour,En agglomération,Place,Normale,Deux véhicules - frontale,3,3,4,0,1,1,1,0,1,50,2,2,0,0,0,2,23.0,38.0,voiture,deux_roues,1,2,7,1,1
202000020650,2020-07-03 12:30:00,2020,7,3,12,30,84,84142,1963 Route de Velleron,43.944832,5.012255,Plein jour,Hors agglomération,Hors intersection,Normale,Deux véhicules - côté,3,2,2,0,1,1,1,0,1,80,2,3,0,0,1,2,54.0,32.0,voiture,voiture,1,1,1,1,3
202000020651,2020-07-12 09:30:00,2020,7,12,9,30,28,28088,Route de Courtalain,48.068462,1.313623,Plein jour,En agglomération,Intersection en Y,Normale,Deux véhicules - frontale,3,2,2,0,2,1,1,0,1,50,2,2,1,0,0,1,43.0,69.0,voiture,deux_roues,1,2,4,1,1
202000020652,2020-07-12 00:25:00,2020,7,12,0,25,28,28088,37 bis Rue de la République,48.070589,1.33204,Nuit avec éclairage allumé,En agglomération,Intersection en X,Normale,Autre collision,3,2,2,0,1,1,1,0,4,50,1,1,0,0,0,1,36.0,,deux_roues,,5,2,2,1,6
202000020653,2020-07-12 12:45:00,2020,7,12,12,45,41,41232,A71 - sens 2 - PK 159.500,47.397002,2.038806,Plein jour,Hors agglomération,Hors intersection,Normale,Deux véhicules - arrière,1,3,2,0,1,1,1,0,1,130,2,3,2,0,0,1,21.0,58.0,deux_roues,voiture,1,1,1,1,2
202000020654,2020-07-12 13:30:00,2020,7,12,13,30,52,52114,A5,48.056061,4.957269,Plein jour,Hors agglomération,Hors intersection,Normale,Autre collision,1,1,1,0,1,1,1,0,1,20,1,2,1,0,1,0,62.0,,voiture,,1,1,1,1,6
202000020655,2020-07-12 11:56:00,2020,7,12,11,56,68,68300,Rue de la Digue,47.796959,7.362701,Plein jour,Hors agglomération,Hors intersection,Normale,Trois véhicules et plus - en chaîne,3,2,2,1,1,1,1,0,4,80,3,4,3,1,0,0,80.0,47.0,deux_roues,voiture,1,1,1,1,4
202000020656,2020-07-11 14:57:00,2020,7,11,14,57,38,38419,D1075,44.849875,5.620558,Plein jour,Hors agglomération,Hors intersection,Normale,Deux véhicules - frontale,3,2,2,0,1,1,1,0,3,80,2,4,2,0,1,1,30.0,55.0,voiture,voiture,1,1,1,1,1
202000020657,2020-07-11 12:05:00,2020,7,11,12,5,30,30334,D982,44.019631,4.430312,Plein jour,Hors agglomération,Hors intersection,Normale,Deux véhicules - frontale,3,2,2,0,1,1,1,0,1,80,2,3,0,0,2,1,81.0,52.0,voiture,voiture,1,1,1,1,1
202000020658,2020-07-12 10:01:00,2020,7,12,10,1,22,22185,D44,48.383362,-2.475067,Plein jour,Hors agglomération,Hors intersection,Normale,,3,2,2,0,2,1,1,0,3,-1,2,2,1,0,0,1,48.0,55.0,deux_roues,deux_roues,1,1,1,1,-1
202000020659,2020-07-12 09:30:00,2020,7,12,9,30,19,19004,D921,45.1375431,1.8612546,Plein jour,Hors agglomération,Hors intersection,Normale,Sans collision,3,2,2,0,2,2,1,0,3,90,1,2,1,0,1,0,57.0,,deux_roues,,1,1,1,1,7
202000020660,2020-07-12 11:35:00,2020,7,12,11,35,74,74282,Route du Béné,46.060321,6.226294,Plein jour,En agglomération,Intersection en X,Normale,Deux véhicules - côté,3,2,-1,-1,1,2,1,0,1,-1,2,2,1,0,1,0,48.0,51.0,deux_roues,deux_roues,1,2,2,1,3
202000020661,2020-07-12 11:00:00,2020,7,12,11,0,80,80017,D43,49.965932,2.950302,Plein jour,Hors agglomération,Hors intersection,Normale,Deux véhicules - frontale,3,2,2,0,2,1,1,0,1,80,2,2,0,1,1,0,76.0,50.0,voiture,deux_roues,1,1,1,1,1
202000020662,2020-07-11 17:05:00,2020,7,11,17,5,82,82025,Route de Finhan,43.946441,1.296422,Plein jour,Hors agglomération,Intersection en X,Normale,Deux véhicules - côté,4,2,2,0,1,1,1,0,1,80,2,2,0,0,1,1,80.0,57.0,voiture,deux_roues,1,1,2,1,3
202000020663,2020-07-12 04:45:00,2020,7,12,4,45,89,89368,D7,47.653406,3.184533,Crépuscule ou aube,Hors agglomération,Hors intersection,Normale,Autre collision,3,2,2,0,1,1,1,0,3,90,1,1,0,0,1,0,18.0,,voiture,,2,1,1,1,6
202000020664,2020-07-10 21:20:00,2020,7,10,21,20,89,89158,D104,47.495458,3.30976,Crépuscule ou aube,Hors agglomération,Hors intersection,Normale,Deux véhicules - frontale,3,2,2,0,1,1,1,0,1,80,2,2,0,0,1,1,58.0,25.0,voiture,voiture,2,1,1,1,1
202000020665,2020-07-11 19:30:00,2020,7,11,19,30,49,49367,2 Place Saint Paul,47.630663,-0.801964,Plein jour,En agglomération,Hors intersection,Normale,Deux véhicules - frontale,3,2,2,0,1,2,1,0,1,50,2,3,2,0,1,0,20.0,45.0,deux_roues,voiture,1,2,1,1,1
202000020666,2020-07-11 22:30:00,2020,7,11,22,30,44,44096,La Cormerie,47.434006,-1.193186,Nuit sans éclairage public,Hors agglomération,Intersection en T,Normale,Deux véhicules - côté,3,2,2,0,1,1,1,0,1,80,2,3,2,1,0,0,19.0,22.0,utilitaire_camion,deux_roues,3,1,3,1,3
202000020667,2020-07-11 16:45:00,2020,7,11,16,45,29,29155,D81 - Route du Stiff,48.4658549,-5.077815,Plein jour,Hors agglomération,Hors intersection,Normale,Sans collision,3,2,2,0,2,1,1,0,1,50,1,1,0,0,1,0,26.0,,deux_roues,,1,1,1,1,7
202000020668,2020-07-11 17:30:00,2020,7,11,17,30,31,31451,Chemin de Montrevel,43.474851,1.993262,Plein jour,Hors agglomération,Hors intersection,Normale,Autre collision,3,2,2,0,1,2,1,0,3,80,1,2,1,0,1,0,20.0,,voiture,,1,1,1,1,6
202000020669,2020-07-11 18:30:00,2020,7,11,18,30,15,15050,D62,45.1653428,2.7094021,Plein jour,En agglomération,Hors intersection,Normale,Autre collision,3,2,2,0,3,2,1,0,3,50,1,1,0,0,1,0,50.0,,deux_roues,,1,2,1,1,6
202000020670,2020-07-12 00:14:00,2020,7,12,0,14,01,01138,Route de Culoz,45.849459,5.798271,Nuit sans éclairage public,Hors agglomération,Giratoire,Normale,Autre collision,3,2,2,0,1,1,1,0,1,80,1,2,0,0,2,0,22.0,,voiture,,3,1,6,1,6
202000020671,2020-07-11 22:00:00,2020,7,11,22,0,14,14570,Route de Saint Cyr du Ronceray,49.0342367,0.3037983,Nuit sans éclairage public,Hors agglomération,Hors intersection,Normale,Deux véhicules - frontale,3,2,2,0,1,1,1,0,1,80,2,3,0,2,0,1,38.0,24.0,deux_roues,voiture,3,1,1,1,1
202000020672,2020-07-12 01:40:00,2020,7,12,1,40,05,05004,D514,44.632383,6.172471,Nuit avec éclairage allumé,En agglomération,Hors intersection,Normale,Sans collision,3,2,2,0,3,3,1,0,1,50,1,5,0,0,1,4,17.0,,voiture,,5,2,1,1,7
202000020673,2020-07-11 19:40:00,2020,7,11,19,40,90,90009,Rue des Déportés,47.484849,6.924661,Plein jour,En agglomération,Intersection en T,Normale,Deux véhicules - côté,3,2,2,0,1,1,1,0,1,50,2,2,1,0,1,0,30.0,12.0,voiture,deux_roues,1,2,3,1,3
202000020674,2020-07-12 16:10:00,2020,7,12,16,10,73,73221,D927 - PR 15+965,45.31299,6.264991,Plein jour,Hors agglomération,Hors intersection,Normale,Deux véhicules - côté,3,2,2,0,2,3,1,0,1,80,2,2,1,0,1,0,51.0,55.0,deux_roues,deux_roues,1,1,1,1,3
202000020675,2020-07-12 07:15:00,2020,7,12,7,15,73,73084,D1006,45.5209793,5.9971717,Plein jour,Hors agglomération,Hors intersection,Normale,Autre collision,3,2,2,2,1,1,1,0,3,80,1,1,0,0,1,0,63.0,,voiture,,1,1,1,1,6
202000020676,2020-07-11 13:00:00,2020,7,11,13,0,10,10268,1 Avenue des Droits de l'Homme,48.500306,3.509316,Plein jour,En agglomération,Autre intersection,Normale,Deux véhicules - côté,4,2,2,0,1,1,1,0,1,50,2,2,1,0,0,1,16.0,79.0,deux_roues,voiture,1,2,9,1,3
202000020677,2020-07-11 19:20:00,2020,7,11,19,20,10,10255,D143,48.216441,4.285961,Plein jour,Hors agglomération,Hors intersection,Normale,Sans collision,3,2,2,0,1,2,1,0,1,80,1,1,0,0,0,1,19.0,,deux_roues,,1,1,1,1,7
202000020678,2020-07-12 14:50:00,2020,7,12,14,50,04,04135,Rte de Sainte Croix,43.84026,6.201197,Plein jour,Hors agglomération,Hors intersection,Normale,Trois véhicules et plus - en chaîne,4,2,2,0,2,2,1,0,1,30,4,18,14,0,0,4,21.0,20.0,voiture,voiture,1,1,1,1,4
202000020679,2020-07-12 01:30:00,2020,7,12,1,30,28,28423,D18,48.555631,1.621519,Nuit avec éclairage allumé,En agglomération,Intersection en T,Normale,Deux véhicules - côté,3,2,2,0,1,1,1,0,1,50,2,2,1,0,1,0,26.0,23.0,voiture,voiture,5,2,3,1,3
202000020680,2020-07-12 10:00:00,2020,7,12,10,0,17,17337,Rue de Chéray,45.984521,-1.373889,Plein jour,En agglomération,Intersection en X,Normale,Deux véhicules - côté,4,2,2,0,1,1,1,9,1,50,2,2,1,0,1,0,53.0,76.0,deux_roues,voiture,1,2,2,1,3
202000020681,2020-07-11 11:30:00,2020,7,11,11,30,30,30339,Rue des Horts,44.080434,3.641288,Plein jour,En agglomération,Hors intersection,Normale,Deux véhicules - frontale,3,2,2,0,1,1,1,0,1,30,2,2,1,0,1,0,59.0,54.0,voiture,deux_roues,1,2,1,1,1
202000020682,2020-07-12 09:20:00,2020,7,12,9,20,49,49092,A87,47.2400474,-0.7293968,Plein jour,Hors agglomération,Hors intersection,Normale,Autre collision,1,3,2,3,1,1,1,3,1,130,1,1,0,0,1,0,31.0,,deux_roues,,1,1,1,1,6
202000020683,2020-07-07 12:30:00,2020,7,7,12,30,35,35275,La Janais,48.148336,-1.830071,Plein jour,En agglomération,Intersection en T,Normale,Deux véhicules - frontale,3,2,2,0,1,3,1,0,1,50,2,2,1,0,1,0,61.0,47.0,deux_roues,voiture,1,2,3,1,1
202000020684,2020-07-11 21:00:00,2020,7,11,21,0,973,97309,Route de la Matourienne,4.878118,-52.296483,Nuit sans éclairage public,Hors agglomération,Hors intersection,Normale,Deux véhicules - arrière,3,2,2,0,1,1,1,0,1,80,2,2,1,0,0,1,24.0,21.0,voiture,voiture,3,1,1,1,2
202000020685,2020-07-11 04:15:00,2020,7,11,4,15,62,62427,autoroute A1,50.397596,2.982734,Nuit sans éclairage public,Hors agglomération,Autre intersection,Normale,Deux véhicules - côté,1,3,3,0,1,1,1,3,1,130,2,5,4,0,1,0,27.0,61.0,voiture,voiture,3,1,9,1,3
202000020686,2020-07-11 23:50:00,2020,7,11,23,50,33,33005,Boulevard du Page,44.762748,-1.06885,Nuit sans éclairage public,En agglomération,Intersection en T,Normale,Deux véhicules - frontale,3,2,2,0,1,1,1,0,1,50,2,2,1,0,1,0,56.0,24.0,deux_roues,voiture,3,2,3,1,1
202000020687,2020-07-13 01:45:00,2020,7,13,1,45,988,98813,ROUTE DE OUA TOM POPIDERY,-21.725238,165.807729,Nuit sans éclairage public,Hors agglomération,Hors intersection,Normale,Sans collision,4,2,2,0,1,2,1,0,1,90,1,4,0,1,2,1,28.0,,voiture,,3,1,1,1,7
202000020688,2020-07-11 15:50:00,2020,7,11,15,50,973,97306,Avenue Marie Eudore Beauvin,5.5470093,-53.4841759,Plein jour,Hors agglomération,Hors intersection,Normale,Deux véhicules - frontale,2,2,2,0,1,3,1,0,1,80,2,6,1,0,1,4,19.0,33.0,voiture,voiture,1,1,1,1,1
202000020689,2020-07-12 11:45:00,2020,7,12,11,45,77,77104,D144,48.7029131,2.8117179,Plein jour,Hors agglomération,Hors intersection,Temps éblouissant,,3,2,2,0,1,1,1,0,1,80,2,2,1,0,1,0,81.0,68.0,voiture,deux_roues,1,1,1,7,-1
202000020690,2020-07-12 18:40:00,2020,7,12,18,40,77,77478,D3E,48.9538746,3.0739832,Plein jour,Hors agglomération,Hors intersection,Normale,Sans collision,3,2,2,0,1,1,1,0,4,50,1,1,0,0,0,1,27.0,,deux_roues,,1,1,1,1,7
202000020691,2020-07-12 06:00:00,2020,7,12,6,0,34,34289,Ancienne Route de Sète,43.394477,3.418078,Plein jour,En agglomération,Hors intersection,Normale,,3,2,2,0,2,1,1,0,1,50,2,2,1,0,0,1,22.0,,deux_roues,,1,2,1,1,-1
202000020692,2020-07-12 02:10:00,2020,7,12,2,10,70,70331,29 Rue d'Apremont,47.415718,5.53446,Nuit avec éclairage allumé,En agglomération,Hors intersection,Normale,Autre collision,3,2,2,0,2,2,1,0,1,50,1,1,0,0,1,0,25.0,,voiture,,5,2,1,1,6
202000020693,2020-07-08 01:15:00,2020,7,8,1,15,21,21292,21 Avenue de Sprendlingen,47.249514,5.224292,Nuit avec éclairage allumé,En agglomération,Hors intersection,Normale,Deux véhicules - côté,3,2,2,0,1,1,1,0,1,50,2,2,1,0,1,0,22.0,43.0,autre,utilitaire_camion,5,2,1,1,3
202000020694,2020-07-12 17:30:00,2020,7,12,17,30,73,73248,D926,45.2598275,6.3237614,Plein jour,Hors agglomération,Intersection en T,Temps éblouissant,Deux véhicules - côté,3,2,2,0,2,4,1,0,1,80,2,3,2,0,1,0,25.0,24.0,deux_roues,voiture,1,1,3,7,3
202000020695,2020-07-12 12:15:00,2020,7,12,12,15,38,38252,Route Napoléon,45.08341,5.7467,Plein jour,Hors agglomération,Hors intersection,Normale,Deux véhicules - frontale,2,2,2,0,2,3,1,2,1,70,2,3,0,0,2,1,53.0,84.0,voiture,voiture,1,1,1,1,1
202000020696,2020-07-11 21:25:00,2020,7,11,21,25,16,16078,Rue des Platanes,45.694344,0.180042,Nuit avec éclairage allumé,Hors agglomération,Hors intersection,Normale,Sans collision,4,2,3,1,2,1,1,0,1,50,1,2,0,0,1,1,35.0,,deux_roues,,5,1,1,1,7
202000020697,2020-06-22 18:30:00,2020,6,22,18,30,33,33003,Chemin des Montferrand,44.954242,-0.517924,Plein jour,Hors agglomération,Intersection en T,Normale,Deux véhicules - côté,4,2,3,0,1,1,1,5,1,70,2,4,2,0,0,2,20.0,22.0,voiture,voiture,1,1,3,1,3
202000020698,2020-07-10 19:20:00,2020,7,10,19,20,14,14762,Route des Vaux,48.83426,-0.892163,Plein jour,En agglomération,Hors intersection,Normale,Sans collision,3,2,2,0,2,3,1,0,1,50,1,1,0,0,1,0,19.0,,deux_roues,,1,2,1,1,7
202000020699,2020-07-10 23:30:00,2020,7,10,23,30,14,14250,Route d'Esquay,49.273144,-0.652396,Nuit sans éclairage public,Hors agglomération,Hors intersection,Normale,Autre collision,3,2,2,0,1,4,1,0,3,80,1,3,0,0,2,1,37.0,,voiture,,3,1,1,1,6
202000020700,2020-07-11 20:00:00,2020,7,11,20,0,35,35041,la sancerie,47.934229,-1.558514,Plein jour,Hors agglomération,Intersection en Y,Normale,Autre collision,3,2,2,0,1,2,1,0,3,50,1,1,0,0,1,0,26.0,,deux_roues,,1,1,4,1,6
202000020701,2020-07-10 19:55:00,2020,7,10,19,55,13,13001,A51-Sens Marseille vers Aix en Provence,43.502358,5.407841,Plein jour,Hors agglomération,Hors intersection,Normale,Deux véhicules - côté,1,1,2,0,1,1,1,0,1,90,2,2,1,0,0,1,49.0,49.0,voiture,deux_roues,1,1,1,1,3
202000020702,2020-07-10 18:15:00,2020,7,10,18,15,13,13085,A50-Sens Toulon vers Aubagne,43.2559,5.5938,Plein jour,Hors agglomération,Hors intersection,Normale,Deux véhicules - arrière,1,3,3,0,2,1,1,0,1,90,2,2,1,0,0,1,24.0,32.0,deux_roues,voiture,1,1,1,1,2
202000020703,2020-07-11 18:00:00,2020,7,11,18,0,91,91589,AUTOROUTE A6,48.67932,2.33388,Plein jour,Hors agglomération,Hors intersection,Normale,Deux véhicules - côté,1,3,6,0,1,1,1,0,1,110,2,2,1,0,0,1,41.0,55.0,voiture,deux_roues,1,1,1,1,3
202000020704,2020-07-11 15:50:00,2020,7,11,15,50,94,94038,AUTOROUTE A6B,48.77793,2.34667,Plein jour,Hors agglomération,Hors intersection,Normale,Deux véhicules - arrière,1,1,3,0,1,1,1,0,1,70,2,4,1,0,0,3,54.0,21.0,voiture,voiture,1,1,1,1,2
202000020705,2020-07-11 12:20:00,2020,7,11,12,20,91,91589,AUTOROUTE A6,48.67837,2.33567,Plein jour,Hors agglomération,Hors intersection,Normale,Deux véhicules - arrière,1,1,3,0,1,1,1,0,1,110,2,4,1,0,0,3,45.0,42.0,voiture,voiture,1,1,1,1,2
202000020706,2020-07-10 17:40:00,2020,7,10,17,40,78,78297,RN12,48.79154,2.056081,Plein jour,Hors agglomération,Hors intersection,Normale,Trois véhicules et plus - en chaîne,2,3,4,0,1,1,1,0,1,110,3,3,2,0,0,1,46.0,50.0,voiture,voiture,1,1,1,1,4
202000020707,2020-07-10 17:10:00,2020,7,10,17,10,92,92050,A86,48.9133678,2.2186271,Plein jour,Hors agglomération,Hors intersection,Normale,Trois véhicules et plus - en chaîne,1,3,3,0,1,1,1,0,1,90,3,4,3,0,0,1,39.0,56.0,utilitaire_camion,utilitaire_camion,1,1,1,1,4
202000020708,2020-07-11 15:45:00,2020,7,11,15,45,93,93064,AUTOROUTE A86,48.87917,2.47633,Plein jour,Hors agglomération,Hors intersection,Normale,Trois véhicules et plus - en chaîne,1,3,7,0,1,1,1,0,1,90,3,3,2,0,0,1,62.0,40.0,voiture,utilitaire_camion,1,1,1,1,4
202000020709,2020-07-11 01:00:00,2020,7,11,1,0,93,93005,AUTOROUTE A3,48.94805,2.47589,Nuit sans éclairage public,Hors agglomération,Hors intersection,Normale,Autre collision,1,3,10,0,1,1,1,3,1,110,1,1,0,0,0,1,30.0,,voiture,,3,1,1,1,6
202000020710,2020-07-10 09:15:00,2020,7,10,9,15,95,95252, A115,48.98768,2.2429,Plein jour,Hors agglomération,Hors intersection,Pluie légère,Sans collision,1,3,5,0,1,1,2,0,1,90,1,1,0,0,0,1,30.0,,voiture,,1,1,1,2,7
202000020711,2020-07-10 09:40:00,2020,7,10,9,40,94,94015,A4,48.83333,2.5167,Plein jour,Hors agglomération,Hors intersection,Normale,Autre collision,3,1,5,0,1,1,1,9,1,110,1,1,0,0,0,1,42.0,,deux_roues,,1,1,1,1,6
202000020712,2020-05-10 05:06:00,2020,5,10,5,6,02,02805,Albert CAMUS Rue,49.3783,3.36143,Crépuscule ou aube,En agglomération,Hors intersection,Normale,Sans collision,4,1,1,0,2,1,1,0,1,50,1,1,0,0,1,0,43.0,,deux_roues,,2,2,1,1,7
202000020713,2020-07-09 11:45:00,2020,7,9,11,45,988,98818,RUE BLAISE PASCAL,-22.29914,166.44414,Plein jour,En agglomération,Hors intersection,Normale,Deux véhicules - côté,4,2,2,0,1,1,1,0,1,50,2,2,1,0,0,1,20.0,19.0,deux_roues,voiture,1,2,1,1,3
202000020714,2020-07-09 11:00:00,2020,7,9,11,0,974,97411,MACE (ROUTE GABRIEL),-20.9156,55.4943,Plein jour,En agglomération,Hors intersection,Normale,Autre collision,3,-1,2,0,2,1,1,0,1,50,1,1,0,0,0,1,18.0,,deux_roues,,1,2,1,1,6
202000020715,2020-07-10 22:05:00,2020,7,10,22,5,69,69387,MARSEILLE (DE)                      (R ),45.74933,4.83848,Nuit avec éclairage allumé,En agglomération,Hors intersection,Pluie légère,Sans collision,4,1,3,1,1,1,2,0,1,50,1,1,0,0,0,1,26.0,,deux_roues,,5,2,1,2,7
202000020716,2020-07-10 08:25:00,2020,7,10,8,25,69,69387,FELIX FAURE                         (AV),45.7522532,4.8478525,Plein jour,En agglomération,Hors intersection,Normale,Deux véhicules - côté,4,2,3,1,1,1,1,0,4,30,2,1,0,0,0,1,18.0,,deux_roues,,1,2,1,1,3
202000020717,2020-07-09 16:30:00,2020,7,9,16,30,69,69387,LECLERC                             (AV),45.7352072,4.8236599,Plein jour,En agglomération,Hors intersection,Normale,Deux véhicules - côté,4,2,4,3,1,1,1,0,1,50,2,3,2,0,1,0,27.0,67.0,voiture,deux_roues,1,2,1,1,3
202000020718,2020-07-10 19:15:00,2020,7,10,19,15,972,97209,ENTRAIDE (ROUTE DE L'),14.62682,-61.05654,Nuit avec éclairage allumé,En agglomération,Hors intersection,Normale,Deux véhicules - arrière,4,2,2,0,3,1,1,0,1,50,2,2,1,0,0,1,51.0,25.0,deux_roues,voiture,5,2,1,1,2
202000020719,2020-07-10 14:40:00,2020,7,10,14,40,69,69385,DOCTEUR EDMOND LOCARD               (R ),45.7599356,4.7975329,Plein jour,En agglomération,Hors intersection,Normale,Deux véhicules - côté,4,2,3,1,1,1,1,0,1,50,2,2,1,0,0,1,35.0,26.0,utilitaire_camion,deux_roues,1,2,1,1,3
202000020720,2020-07-10 08:30:00,2020,7,10,8,30,69,69385,GARDE (DE LA)                           ,45.76483,4.78845,Plein jour,En agglomération,Hors intersection,Normale,Deux véhicules - côté,4,2,2,0,2,2,1,0,1,5,2,2,1,0,0,1,83.0,27.0,voiture,deux_roues,1,2,1,1,3
202000020721,2020-07-10 16:47:00,2020,7,10,16,47,95,95585,RAVEL (BD MAURICE),48.9733,2.382,Plein jour,En agglomération,Hors intersection,Normale,Autre collision,4,-1,2,0,1,1,1,0,1,50,1,1,0,0,0,1,,,,,1,2,1,1,6
202000020722,2020-07-09 19:39:00,2020,7,9,19,39,91,91432,VAL (AVENUE DU),48.696611,2.322922,Plein jour,En agglomération,Hors intersection,Normale,Deux véhicules - frontale,4,2,2,0,1,1,1,0,1,50,2,2,1,0,0,1,19.0,26.0,voiture,voiture,1,2,1,1,1
202000020723,2020-07-10 20:15:00,2020,7,10,20,15,91,91687,BOULEAUX (AVENUE DES),48.65445,2.36413,Plein jour,En agglomération,Intersection en X,Normale,Deux véhicules - côté,4,2,2,0,1,1,1,0,1,50,2,3,1,0,0,2,18.0,41.0,utilitaire_camion,deux_roues,1,2,2,1,3
202000020724,2020-07-10 13:50:00,2020,7,10,13,50,87,87085,BAC (RUE THEODORE),45.83843,1.26259,Plein jour,En agglomération,Hors intersection,Normale,Deux véhicules - côté,4,2,2,0,1,1,1,0,1,50,2,2,1,0,0,1,46.0,54.0,voiture,voiture,1,2,1,1,3
202000020725,2020-07-03 13:45:00,2020,7,3,13,45,84,84007,CAMPANE (RUE),43.95106,4.812,Plein jour,En agglomération,Hors intersection,Normale,Sans collision,4,1,1,0,1,1,1,0,1,30,1,1,0,0,1,0,33.0,,deux_roues,,1,2,1,1,7
202000020726,2020-07-10 10:15:00,2020,7,10,10,15,83,83069,BERNARD ( RUE MARIO ),43.111,6.121,Plein jour,Hors agglomération,Intersection en X,Normale,Deux véhicules - côté,6,-1,-1,0,1,1,1,0,8,50,2,2,1,0,0,1,52.0,42.0,deux_roues,utilitaire_camion,1,1,2,1,3
202000020727,2020-07-09 00:20:00,2020,7,9,0,20,83,83034,CD559,43.10323,6.05585,Nuit avec éclairage allumé,En agglomération,Hors intersection,Normale,Sans collision,3,2,2,0,1,2,1,0,8,70,1,2,0,0,1,1,16.0,,deux_roues,,5,2,1,1,7
202000020728,2020-07-09 12:05:00,2020,7,9,12,5,80,80021,EUROPE (AVENUE DE L'),49.92322,2.30512,Plein jour,En agglomération,Hors intersection,Normale,Autre collision,4,1,2,0,1,1,1,0,1,50,1,2,1,0,0,1,45.0,,voiture,,1,2,1,1,6
202000020729,2020-07-10 16:25:00,2020,7,10,16,25,78,78350,MARLY (ROUTE DE),48.8557,2.1073,Plein jour,En agglomération,Intersection en T,Normale,Deux véhicules - arrière,2,2,-1,-1,1,1,1,5,1,-1,2,2,1,0,0,1,25.0,35.0,deux_roues,utilitaire_camion,1,2,3,1,2
202000020730,2020-07-10 03:20:00,2020,7,10,3,20,78,78551,RN 184,48.922013,2.084327,Nuit sans éclairage public,Hors agglomération,Intersection en X,Autre,Deux véhicules - arrière,2,2,-1,-1,1,1,1,5,1,-1,2,2,1,0,0,1,37.0,31.0,utilitaire_camion,voiture,3,1,2,9,2
202000020731,2020-07-02 19:45:00,2020,7,2,19,45,78,78643,TRIEL AVENUE DE,48.977358,1.983975,Plein jour,En agglomération,Intersection en T,Normale,Deux véhicules - arrière,3,2,2,0,1,1,1,0,1,50,2,2,1,0,0,1,22.0,39.0,voiture,voiture,1,2,3,1,2
202000020732,2020-07-10 02:40:00,2020,7,10,2,40,77,77186,RD 142 Glandée au grand veneur,48.457708,2.669887,Nuit sans éclairage public,Hors agglomération,Hors intersection,Normale,Deux véhicules - côté,3,2,2,0,1,1,1,0,1,90,2,5,3,0,0,2,50.0,48.0,voiture,utilitaire_camion,3,1,1,1,3
202000020733,2020-07-09 10:30:00,2020,7,9,10,30,77,77449,D231,48.8336094,2.7955237,Plein jour,Hors agglomération,Hors intersection,Normale,Deux véhicules - arrière,3,2,2,0,1,1,1,2,1,70,2,3,2,0,0,1,47.0,51.0,deux_roues,voiture,1,1,1,1,2
202000020734,2020-07-10 14:00:00,2020,7,10,14,0,76,76561,CHURCHILL. RUE WINSTON,49.29734,1.01118,Plein jour,En agglomération,Intersection en X,Normale,Deux véhicules - frontale,3,2,4,0,1,1,1,0,1,50,2,2,1,0,0,1,19.0,30.0,voiture,voiture,1,2,2,1,1
202000020735,2020-07-02 15:50:00,2020,7,2,15,50,73,73065,N201 VOIE RAPIDE URBAINE,45.59132,5.89827,Plein jour,Hors agglomération,Hors intersection,Normale,Trois véhicules et plus - en chaîne,2,3,7,0,1,1,1,0,1,90,3,3,1,0,0,2,69.0,29.0,voiture,voiture,1,1,1,1,4