accident_id,datetime,annee,mois,jour,heure,minute,departement,commune_insee,adresse,latitude,longitude,luminosite,agglomeration,intersection,meteo,collision,catr,circ,nbv,vosp,prof,plan,surf,infra,situ,vma,nb_vehicules,nb_usagers,nb_indemnes,nb_tues,nb_blesses_hosp,nb_blesses_legers,age_cond_1,age_cond_2,veh_type_cond_1,veh_type_cond_2,lum_code,agg_code,int_code,atm_code,col_code
202000020828,2020-02-21 16:15:00,2020,2,21,16,15,13,13208,DAVID (ROND-POINT),43.26179,5.37478,Plein jour,En agglomération,Autre intersection,Normale,Deux véhicules - côté,4,1,1,0,1,2,1,0,1,50,2,1,0,0,0,1,55.0,,deux_roues,,1,2,9,1,3
202000020829,2020-02-21 06:15:00,2020,2,21,6,15,13,13211,MENARD (PIERRE) (BOULEVARD),43.290105,5.438044,Nuit avec éclairage allumé,En agglomération,Hors intersection,Normale,Deux véhicules - côté,4,2,2,1,2,1,1,5,1,50,2,1,0,0,0,1,62.0,,utilitaire_camion,,5,2,1,1,3
202000020830,2020-02-20 14:09:00,2020,2,20,14,9,13,13202,TOURETTE (QUAI DE LA),43.296,5.3627,Plein jour,En agglomération,Giratoire,Normale,Deux véhicules - côté,4,1,1,0,1,2,1,0,1,50,2,2,1,0,1,0,83.0,22.0,voiture,voiture,1,2,6,1,3
202000020831,2020-02-21 22:30:00,2020,2,21,22,30,13,13028,CAMUGLI (AVENUE ANTOINE ),43.183041,5.61264,Nuit avec éclairage allumé,En agglomération,Intersection en X,Normale,Deux véhicules - côté,3,2,2,0,1,1,1,0,1,30,2,3,2,0,0,1,20.0,60.0,voiture,voiture,5,2,2,1,3
202000020832,2020-02-20 16:05:00,2020,2,20,16,5,12,12176,ESPALION (ROUTE D'),44.368754,2.589322,Plein jour,En agglomération,Hors intersection,Normale,Deux véhicules - arrière,4,2,2,0,1,1,1,0,1,50,2,2,1,0,0,1,46.0,15.0,voiture,deux_roues,1,2,1,1,2
202000020833,2020-02-20 16:30:00,2020,2,20,16,30,10,10387,PASTEUR (RUE),48.30174,4.06384,Plein jour,En agglomération,Hors intersection,Normale,Autre collision,4,2,2,0,1,1,1,0,1,50,1,2,1,0,1,0,74.0,,voiture,,1,2,1,1,6
202000020834,2020-02-21 12:20:00,2020,2,21,12,20,06,06088,CESSOLE (BD DE) (JUSQU'AU N° 93-110),43.71738,7.25297,Plein jour,En agglomération,Hors intersection,Normale,Autre collision,4,2,3,0,2,1,1,0,1,50,1,2,1,0,0,1,19.0,,deux_roues,,1,2,1,1,6
202000020835,2020-02-21 08:30:00,2020,2,21,8,30,06,06029,DELATTRE DE TASSIGNY (RUE),43.5592827,7.0107574,Plein jour,En agglomération,Hors intersection,Normale,Deux véhicules - côté,4,2,2,0,1,1,1,0,1,50,2,2,1,0,0,1,66.0,29.0,utilitaire_camion,deux_roues,1,2,1,1,3
202000020836,2020-02-21 12:05:00,2020,2,21,12,5,75,75106,RUE DES CANETTES,48.85266,2.333697,Plein jour,En agglomération,Intersection en T,Normale,Autre collision,4,1,2,0,1,1,1,0,1,50,1,2,1,0,0,1,26.0,,utilitaire_camion,,1,2,3,1,6
202000020837,2020-02-21 17:45:00,2020,2,21,17,45,75,75120,PLACE GAMBETTA,48.86507,2.398332,Plein jour,En agglomération,Place,Normale,Autre collision,4,-1,7,0,1,1,1,0,1,50,1,1,0,0,0,1,,,,,1,2,7,1,6
202000020838,2020-02-21 07:35:00,2020,2,21,7,35,75,75119,RUE D AUBERVILLIERS,48.888079,2.367357,Plein jour,En agglomération,Hors intersection,Normale,,4,3,2,1,1,1,1,-1,5,30,2,1,0,0,0,1,48.0,,deux_roues,,1,2,1,1,-1
202000020839,2020-02-21 01:19:00,2020,2,21,1,19,75,75118,BOULEVARD ORNANO,48.896845,2.345309,Nuit avec éclairage allumé,En agglomération,Hors intersection,Normale,Deux véhicules - côté,4,2,2,3,1,1,1,-1,6,50,2,2,1,0,0,1,52.0,33.0,transport_commun,deux_roues,5,2,1,1,3
202000020840,2020-02-20 22:35:00,2020,2,20,22,35,75,75116,AVENUE DU PRESIDENT KENNEDY,48.853559,2.282224,Nuit avec éclairage allumé,En agglomération,Hors intersection,Temps couvert,Deux véhicules - côté,4,3,4,0,1,1,2,0,1,50,2,2,1,0,0,1,24.0,49.0,deux_roues,deux_roues,5,2,1,8,3
202000020841,2020-02-20 13:35:00,2020,2,20,13,35,75,75116,RUE MIRABEAU,48.846983,2.272292,Plein jour,En agglomération,Hors intersection,Normale,Autre collision,4,2,2,0,1,1,1,0,1,50,1,1,0,0,0,1,58.0,,voiture,,1,2,1,1,6
202000020842,2020-02-20 10:10:00,2020,2,20,10,10,75,75116,PLACE CHARLES DE GAULLE,48.874089,2.294195,Plein jour,En agglomération,Place,Normale,Deux véhicules - côté,4,1,8,0,1,1,1,0,1,50,2,2,1,0,0,1,40.0,31.0,deux_roues,voiture,1,2,7,1,3
202000020843,2020-02-21 15:00:00,2020,2,21,15,0,75,75115,RUE GASTON DE CAILLAVET,48.849323,2.28386,Plein jour,En agglomération,Intersection en X,Normale,Autre collision,4,2,2,0,1,1,1,1,1,50,1,2,1,0,0,1,35.0,,utilitaire_camion,,1,2,2,1,6
202000020844,2020-02-21 08:40:00,2020,2,21,8,40,75,75115,BOULEVARD LEFEBVRE,48.82865,2.301425,Plein jour,En agglomération,Intersection en X,Normale,Deux véhicules - côté,4,3,2,0,1,1,1,5,1,50,2,2,1,0,0,1,25.0,36.0,voiture,voiture,1,2,2,1,3
202000020845,2020-02-21 19:45:00,2020,2,21,19,45,75,75114,BOULEVARD DU MONTPARNASSE,48.843538,2.324643,Nuit avec éclairage allumé,En agglomération,Intersection en T,Normale,Autre collision,4,-1,2,0,1,1,1,0,1,50,1,2,1,0,1,0,35.0,,deux_roues,,5,2,3,1,6
202000020846,2020-02-21 13:12:00,2020,2,21,13,12,75,75113,RUE DE LA GLACIERE,48.831102,2.344243,Plein jour,En agglomération,Intersection en Y,Normale,Autre collision,4,2,4,0,1,1,1,0,1,50,1,2,1,0,0,1,35.0,,deux_roues,,1,2,4,1,6
202000020847,2020-02-21 02:30:00,2020,2,21,2,30,75,75113,BOULEVARD KELLERMANN,48.818948,2.358695,Nuit avec éclairage allumé,En agglomération,Hors intersection,Normale,Autre collision,4,1,1,0,2,1,1,0,1,50,1,1,0,0,0,1,38.0,,voiture,,5,2,1,1,6
202000020848,2020-02-21 18:05:00,2020,2,21,18,5,75,75108,RUE SAINT LAZARE,48.875423,2.325414,Crépuscule ou aube,En agglomération,Hors intersection,Normale,Deux véhicules - côté,4,2,4,0,1,1,1,0,1,30,2,2,1,0,0,1,59.0,38.0,voiture,deux_roues,2,2,1,1,3
202000020849,2020-02-21 17:20:00,2020,2,21,17,20,75,75108,PLACE DE LA CONCORDE,48.866759,2.32207,Plein jour,En agglomération,Place,Normale,Deux véhicules - côté,4,2,4,0,1,1,1,0,1,50,2,2,1,0,0,1,59.0,49.0,deux_roues,deux_roues,1,2,7,1,3
202000020850,2020-02-21 20:30:00,2020,2,21,20,30,75,75103,RUE SAINT MARTIN,48.864823,2.353274,Nuit avec éclairage allumé,En agglomération,Intersection à plus de 4 branches,Normale,Autre collision,4,2,2,0,1,1,1,0,1,50,1,2,1,0,0,1,69.0,,voiture,,5,2,5,1,6
202000020851,2020-02-21 18:50:00,2020,2,21,18,50,75,75103,RUE DES VERTUS,48.864362,2.357884,Nuit avec éclairage allumé,En agglomération,Intersection en Y,Normale,Autre collision,4,1,1,0,1,1,1,0,1,30,1,2,1,0,0,1,58.0,,voiture,,5,2,4,1,6
202000020852,2020-02-20 09:38:00,2020,2,20,9,38,94,94067,GENERAL DE GAULLE (AV DU),48.846,2.4176,Plein jour,En agglomération,Hors intersection,Normale,Autre collision,3,1,1,0,1,1,1,0,1,50,1,2,1,0,1,0,32.0,,utilitaire_camion,,1,2,1,1,6
202000020853,2020-02-21 12:10:00,2020,2,21,12,10,94,94078,LION (CAR DU),48.728982,2.44726,Plein jour,En agglomération,Hors intersection,Normale,Autre collision,4,2,2,0,2,1,1,0,1,50,1,2,1,0,1,0,28.0,,voiture,,1,2,1,1,6
202000020854,2020-02-21 15:35:00,2020,2,21,15,35,94,94041,RASPAIL (R),48.8111,2.3879,Plein jour,En agglomération,Hors intersection,Normale,Deux véhicules - côté,3,1,1,0,1,1,1,0,4,50,2,2,1,0,0,1,25.0,40.0,deux_roues,voiture,1,2,1,1,3
202000020855,2020-02-21 08:50:00,2020,2,21,8,50,94,94065,REPUBLIQUE (AV DE LA),48.75175,2.35417,Plein jour,En agglomération,Hors intersection,Normale,Autre collision,3,-1,2,0,1,1,1,2,8,50,1,2,1,0,1,0,29.0,,voiture,,1,2,1,1,6
202000020856,2020-02-21 17:35:00,2020,2,21,17,35,94,94070,NATIONALE 19,48.726013,2.5553124,Plein jour,Hors agglomération,Hors intersection,Normale,Deux véhicules - côté,2,2,2,0,1,1,1,0,1,80,2,2,1,0,1,0,57.0,27.0,deux_roues,voiture,1,1,1,1,3
202000020857,2020-02-21 16:00:00,2020,2,21,16,0,94,94075,LIEUTENANT DAGORNO (R DU),48.72748,2.53107,Plein jour,En agglomération,Intersection en X,Normale,Deux véhicules - côté,2,3,0,0,1,1,1,5,1,50,2,4,3,0,0,1,33.0,23.0,voiture,voiture,1,2,2,1,3
202000020858,2020-02-21 19:50:00,2020,2,21,19,50,93,93059,AV GENERAL GALLIENI,48.97085,2.36405,Nuit avec éclairage allumé,En agglomération,Hors intersection,Normale,Deux véhicules - frontale,4,2,2,0,3,1,1,0,1,50,2,2,1,0,0,1,26.0,30.0,deux_roues,voiture,5,2,1,1,1
202000020859,2020-02-21 10:00:00,2020,2,21,10,0,93,93071,GABRIEL PERI (RUE),48.9411522,2.5320899,Plein jour,En agglomération,Hors intersection,Normale,Autre collision,4,4,1,0,1,1,1,0,8,50,1,1,0,0,0,1,,,,,1,2,1,1,6
202000020860,2020-02-21 10:05:00,2020,2,21,10,5,93,93064,R CONRAD ADENAUER,48.880527,2.480412,Plein jour,En agglomération,Intersection en Y,Normale,Deux véhicules - côté,4,1,1,0,1,1,1,0,1,30,2,2,1,0,0,1,39.0,42.0,voiture,deux_roues,1,2,4,1,3
202000020861,2020-02-20 23:20:00,2020,2,20,23,20,93,93053,VAILLANT COUTURIER (RUE),48.8923309,2.4425798,Nuit avec éclairage allumé,En agglomération,Hors intersection,Normale,Autre collision,3,2,2,0,1,1,1,0,1,50,1,4,3,0,1,0,22.0,,voiture,,5,2,1,1,6
202000020862,2020-02-21 13:45:00,2020,2,21,13,45,93,93051,PAUL PAMBRUN (BOULEVARD),48.8504,2.5534,Plein jour,En agglomération,Hors intersection,Normale,Deux véhicules - côté,3,2,4,0,1,1,1,0,1,50,2,2,1,0,0,1,24.0,43.0,deux_roues,voiture,1,2,1,1,3
202000020863,2020-02-21 19:30:00,2020,2,21,19,30,93,93046,JEAN JAURES BOULEVARD,48.9245988,2.5224811,Nuit avec éclairage allumé,En agglomération,Intersection en X,Normale,Deux véhicules - côté,3,3,0,0,1,1,1,0,1,45,2,2,1,0,0,1,20.0,22.0,voiture,deux_roues,5,2,2,1,3
202000020864,2020-02-21 09:55:00,2020,2,21,9,55,93,93046,AV WINSTON CHURCHILL,48.914089,2.53629,Plein jour,En agglomération,Hors intersection,Normale,Deux véhicules - arrière,3,2,2,0,1,1,1,0,1,50,2,2,1,0,0,1,37.0,30.0,voiture,voiture,1,2,1,1,2
202000020865,2020-02-21 15:20:00,2020,2,21,15,20,93,93006,ROBESPIERRE RUE,48.8648,2.4182,Plein jour,En agglomération,Hors intersection,Normale,Deux véhicules - arrière,4,1,1,0,1,2,1,0,1,50,2,1,0,0,0,1,28.0,,deux_roues,,1,2,1,1,2
202000020866,2020-02-21 20:20:00,2020,2,21,20,20,93,93031,REPUBLIQUE (AVENUE),48.9498931,2.3295189,Nuit avec éclairage allumé,En agglomération,Hors intersection,Normale,Deux véhicules - côté,3,1,2,0,1,1,1,0,1,50,2,2,1,0,0,1,37.0,21.0,voiture,voiture,5,2,1,1,3
202000020867,2020-02-21 16:00:00,2020,2,21,16,0,93,93007,DE LA REPUBLIQUE (AVENUE),48.93735,2.46324,Plein jour,En agglomération,Hors intersection,Normale,Trois véhicules et plus - en chaîne,4,-1,2,0,1,1,1,0,1,50,4,3,2,0,0,1,45.0,74.0,voiture,voiture,1,2,1,1,4
202000020868,2020-02-21 17:00:00,2020,2,21,17,0,93,93005,CROIX NOBILLON (RUE DE LA),48.945622,2.508908,Plein jour,En agglomération,Hors intersection,Normale,Deux véhicules - frontale,4,2,2,0,1,4,1,0,1,50,2,2,1,0,1,0,20.0,31.0,autre,voiture,1,2,1,1,1
202000020869,2020-02-21 22:00:00,2020,2,21,22,0,92,92072,TROYON (RUE),48.82446,2.228869,Nuit avec éclairage allumé,En agglomération,Hors intersection,Normale,Deux véhicules - arrière,3,3,0,0,1,1,1,0,1,50,2,2,1,0,0,1,66.0,17.0,voiture,deux_roues,5,2,1,1,2
202000020870,2020-02-21 09:20:00,2020,2,21,9,20,92,92064,MARCEL DASSAULT,48.853414,2.222681,Plein jour,En agglomération,Hors intersection,Normale,Deux véhicules - côté,3,2,2,0,1,1,1,0,1,50,2,2,1,0,0,1,43.0,47.0,voiture,deux_roues,1,2,1,1,3
202000020871,2020-02-20 07:41:00,2020,2,20,7,41,92,92026,PRESIDENT KRUGER,48.8983107,2.2552194,Crépuscule ou aube,En agglomération,Hors intersection,Normale,Deux véhicules - côté,4,2,2,1,1,1,2,0,1,50,2,2,1,0,0,1,58.0,73.0,deux_roues,voiture,2,2,1,1,3
202000020872,2020-02-21 12:50:00,2020,2,21,12,50,92,92025,HENRI BARBUSSE (AV),48.918715,2.25267,Plein jour,En agglomération,Hors intersection,Normale,Autre collision,3,2,3,0,1,1,1,0,1,50,1,2,1,0,1,0,20.0,,deux_roues,,1,2,1,1,6
202000020873,2020-02-21 20:16:00,2020,2,21,20,16,92,92023,JEAN JAURES (AVENUE) N°57 A 259 ET 64 A,48.8066629,2.2676225,Nuit avec éclairage allumé,En agglomération,Autre intersection,Pluie légère,Deux véhicules - arrière,3,1,2,3,1,1,2,0,1,30,2,2,1,0,1,0,25.0,35.0,deux_roues,voiture,5,2,9,2,2
202000020874,2020-02-11 18:00:00,2020,2,11,18,0,47,47048,Avenue des Pyrénées,44.528883,0.625926,Crépuscule ou aube,En agglomération,Hors intersection,Temps couvert,Deux véhicules - frontale,2,2,2,0,2,3,2,0,1,50,2,2,1,0,1,0,44.0,35.0,utilitaire_camion,voiture,2,2,1,8,1
202000020875,2020-02-22 11:30:00,2020,2,22,11,30,41,41157,Intersection D144 - D20,47.454783,1.575701,Plein jour,Hors agglomération,Intersection en X,Normale,Deux véhicules - côté,3,2,2,0,1,1,1,0,1,80,2,2,1,0,0,1,55.0,36.0,voiture,voiture,1,1,2,1,3
202000020876,2020-02-22 10:17:00,2020,2,22,10,17,77,77505,A4,48.913218,2.972686,Plein jour,Hors agglomération,Hors intersection,Normale,Sans collision,1,1,2,0,1,1,1,0,3,130,1,1,0,0,1,0,51.0,,voiture,,1,1,1,1,7
202000020877,2020-02-21 21:15:00,2020,2,21,21,15,972,97207,Lourdes,14.573361,-60.963789,Nuit sans éclairage public,En agglomération,Hors intersection,Normale,Deux véhicules - frontale,2,2,2,0,1,3,1,0,1,50,2,3,1,0,0,2,22.0,67.0,voiture,voiture,3,2,1,1,1
202000020878,2020-02-22 08:55:00,2020,2,22,8,55,972,97232,Sigy,14.542566,-60.859687,Plein jour,Hors agglomération,Hors intersection,Normale,Trois véhicules et plus - collisions multiples,3,2,2,0,1,4,1,0,1,80,3,3,0,0,1,2,26.0,73.0,deux_roues,voiture,1,1,1,1,5
202000020879,2020-02-22 14:50:00,2020,2,22,14,50,12,12079,Nadaillac,44.53548,2.732822,Plein jour,Hors agglomération,Intersection en T,Normale,Deux véhicules - côté,3,2,2,0,1,1,1,0,1,80,2,2,1,1,0,0,27.0,58.0,deux_roues,voiture,1,1,3,1,3
202000020880,2020-02-21 19:35:00,2020,2,21,19,35,22,22305,RN12 - PR 03+900,48.2755009,-2.1846452,Nuit sans éclairage public,Hors agglomération,Hors intersection,Normale,Deux véhicules - frontale,2,3,4,0,1,1,1,0,1,110,2,4,3,0,0,1,24.0,38.0,utilitaire_camion,voiture,3,1,1,1,1
202000020881,2020-02-21 19:25:00,2020,2,21,19,25,22,22240,Domaine de l'Etang,48.236522,-2.264578,Nuit sans éclairage public,Hors agglomération,Hors intersection,Normale,Sans collision,4,2,2,0,1,1,1,0,8,30,1,1,0,1,0,0,72.0,,voiture,,3,1,1,1,7
202000020882,2020-02-19 09:15:00,2020,2,19,9,15,66,66186,Rue Aristide Maillol,42.669135,2.991389,Plein jour,En agglomération,Hors intersection,Temps éblouissant,Sans collision,4,1,1,0,1,1,1,0,1,50,1,2,1,0,1,0,91.0,,voiture,,1,2,1,7,7
202000020883,2020-02-22 07:00:00,2020,2,22,7,0,83,83057,Dn7 pr 43810,43.383741,6.175346,Crépuscule ou aube,Hors agglomération,Hors intersection,Normale,Deux véhicules - arrière,3,1,1,0,1,1,1,0,1,90,2,2,1,0,0,1,26.0,51.0,utilitaire_camion,deux_roues,2,1,1,1,2
202000020884,2020-02-21 19:35:00,2020,2,21,19,35,51,51176,D9,48.7109164,3.9518261,Nuit sans éclairage public,Hors agglomération,Hors intersection,Normale,Sans collision,3,2,2,0,1,3,1,0,1,-1,1,1,0,0,1,0,58.0,,voiture,,3,1,1,1,7
202000020885,2020-02-21 18:58:00,2020,2,21,18,58,51,51418,49 Route de Dormans,49.2369227,3.9816684,Nuit sans éclairage public,Hors agglomération,Hors intersection,Normale,Deux véhicules - frontale,3,2,2,0,1,1,1,0,1,80,2,3,1,0,2,0,64.0,28.0,voiture,utilitaire_camion,3,1,1,1,1
202000020886,2020-02-22 04:00:00,2020,2,22,4,0,59,59474,Rue du Rejet du Moulin,50.079135,3.765108,Nuit avec éclairage allumé,En agglomération,Hors intersection,Normale,Autre collision,3,2,2,0,1,4,1,0,3,50,1,3,1,0,1,1,30.0,,voiture,,5,2,1,1,6
202000020887,2020-02-22 00:00:00,2020,2,22,0,0,19,19249,Les Bournas,45.435476,1.954772,Nuit sans éclairage public,Hors agglomération,Hors intersection,Normale,Autre collision,3,2,2,0,1,2,1,0,3,90,1,2,1,0,1,0,35.0,,voiture,,3,1,1,1,6
202000020888,2020-02-19 11:05:00,2020,2,19,11,5,56,56034,10 Avenue Saint Colomban,47.579508,-3.081515,Plein jour,En agglomération,Giratoire,Normale,Deux véhicules - côté,4,2,2,0,1,1,2,5,1,30,2,2,1,0,1,0,60.0,51.0,deux_roues,voiture,1,2,6,1,3
202000020889,2020-02-22 14:25:00,2020,2,22,14,25,49,49069,D763,47.312046,-1.161954,Plein jour,Hors agglomération,Autre intersection,Normale,Deux véhicules - côté,3,2,2,0,3,1,1,5,1,80,2,2,0,0,1,1,30.0,18.0,voiture,deux_roues,1,1,9,1,3
202000020890,2020-02-22 00:00:00,2020,2,22,0,0,49,49284,Lieu-dit la violette,47.425924,-0.822328,Nuit sans éclairage public,Hors agglomération,Hors intersection,Normale,Deux véhicules - frontale,3,2,2,0,3,1,1,0,1,80,2,2,1,1,0,0,37.0,21.0,voiture,voiture,3,1,1,1,1
202000020891,2020-02-22 01:30:00,2020,2,22,1,30,39,39333,,46.415035,5.718314,Nuit sans éclairage public,Hors agglomération,Hors intersection,Normale,Deux véhicules - frontale,3,2,2,0,1,3,1,0,1,80,2,2,0,0,0,2,22.0,35.0,voiture,voiture,3,1,1,1,1
202000020892,2020-02-21 19:30:00,2020,2,21,19,30,35,35133,La Perriere,48.100127,-2.063536,Nuit sans éclairage public,Hors agglomération,Intersection en T,Normale,Deux véhicules - frontale,4,2,2,0,3,1,1,0,1,80,2,2,0,0,2,0,32.0,34.0,voiture,voiture,3,1,3,1,1
202000020893,2020-02-21 15:40:00,2020,2,21,15,40,31,31495,lieu dit l'Audol,43.402444,1.542478,Plein jour,Hors agglomération,Hors intersection,Normale,Deux véhicules - frontale,3,2,2,0,1,1,1,0,1,80,2,2,0,1,1,0,84.0,77.0,voiture,voiture,1,1,1,1,1
202000020894,2020-02-22 15:20:00,2020,2,22,15,20,38,38130,Route de Beaurepaire,45.39268,5.23884,Plein jour,Hors agglomération,Intersection en X,Normale,Deux véhicules - frontale,3,2,2,0,1,1,1,5,1,80,2,2,1,1,0,0,41.0,70.0,deux_roues,voiture,1,1,2,1,1
202000020895,2020-02-22 02:35:00,2020,2,22,2,35,02,02524,D4,49.084969,3.47507,Nuit sans éclairage public,Hors agglomération,Hors intersection,Normale,Sans collision,3,2,2,0,2,3,1,0,3,80,1,1,0,0,0,1,31.0,,voiture,,3,1,1,1,7
202000020896,2020-02-21 15:45:00,2020,2,21,15,45,03,03217,1 rue Roc du Saint,46.340196,2.6506633,Plein jour,Hors agglomération,Hors intersection,Normale,Sans collision,3,2,2,0,1,4,1,0,3,80,1,1,0,0,1,0,17.0,,deux_roues,,1,1,1,1,7
202000020897,2020-02-17 19:30:00,2020,2,17,19,30,66,66024,N320,42.524791,2.8385,Plein jour,Hors agglomération,Hors intersection,Normale,Deux véhicules - frontale,4,2,2,0,1,1,1,0,1,50,2,3,2,0,1,0,42.0,50.0,voiture,deux_roues,1,1,1,1,1
202000020898,2020-02-22 04:00:00,2020,2,22,4,0,09,09189,Route Nationale 20,42.62126,1.822439,Nuit sans éclairage public,Hors agglomération,Hors intersection,Normale,Autre collision,2,2,2,0,1,2,1,0,8,80,1,3,2,0,0,1,30.0,,voiture,,3,1,1,1,6
202000020899,2020-02-22 11:40:00,2020,2,22,11,40,45,45248,BD DE VERDUN,48.048025,1.698203,Plein jour,En agglomération,Hors intersection,Normale,Autre collision,4,2,2,0,1,2,1,0,4,50,1,1,0,1,0,0,24.0,,deux_roues,,1,2,1,1,6
202000020900,2020-02-22 15:45:00,2020,2,22,15,45,21,21065,D111a,47.077358,4.735439,Plein jour,Hors agglomération,Hors intersection,Normale,Deux véhicules - frontale,3,2,2,0,1,3,1,0,1,80,2,2,1,0,1,0,70.0,26.0,utilitaire_camion,deux_roues,1,1,1,1,1
202000020901,2020-02-18 21:30:00,2020,2,18,21,30,85,85288,Avenue de la Mine,46.4471,-1.68176,Nuit sans éclairage public,En agglomération,Hors intersection,Normale,Autre collision,3,2,2,1,1,1,1,0,5,50,1,1,0,0,1,0,50.0,,voiture,,3,2,1,1,6
202000020902,2020-02-21 16:15:00,2020,2,21,16,15,87,87060,Route des Vergnes,45.615718,0.891266,Plein jour,Hors agglomération,Hors intersection,Normale,Deux véhicules - frontale,3,2,2,0,2,2,1,0,1,80,2,3,2,0,1,0,19.0,24.0,voiture,deux_roues,1,1,1,1,1
202000020903,2020-02-22 09:45:00,2020,2,22,9,45,87,87011,11 Rue Aristide Briand,46.12237,1.045386,Plein jour,En agglomération,Autre intersection,Normale,Autre collision,4,2,2,0,2,1,1,0,1,50,1,2,1,0,1,0,75.0,,utilitaire_camion,,1,2,9,1,6
202000020904,2020-02-21 18:25:00,2020,2,21,18,25,52,52332,D74 - MONTIGNY LE ROI,47.991824,5.485568,Nuit sans éclairage public,Hors agglomération,Hors intersection,Normale,Deux véhicules - côté,3,2,2,0,3,1,1,0,1,90,2,3,1,0,0,2,49.0,23.0,voiture,voiture,3,1,1,1,3
202000020905,2020-02-21 10:55:00,2020,2,21,10,55,44,44163,Autoroute A11 PK 306.000,47.4205527,-1.066432,Plein jour,Hors agglomération,Hors intersection,Normale,Sans collision,1,3,4,0,1,1,1,0,3,130,1,1,0,0,1,0,24.0,,voiture,,1,1,1,1,7
202000020906,2020-02-21 19:10:00,2020,2,21,19,10,44,44104,A11,47.417373,-0.998812,Nuit sans éclairage public,Hors agglomération,Hors intersection,Normale,Sans collision,1,3,4,0,1,1,1,0,3,-1,1,2,1,0,1,0,28.0,,voiture,,3,1,1,1,7
202000020907,2020-02-08 10:30:00,2020,2,8,10,30,90,90062,A36,47.675242,6.979868,Plein jour,Hors agglomération,Hors intersection,Normale,Deux véhicules - arrière,1,3,4,0,1,1,1,7,1,70,2,5,4,0,0,1,54.0,26.0,voiture,voiture,1,1,1,1,2
202000020908,2020-02-21 15:35:00,2020,2,21,15,35,34,34172,A709,43.605381,3.931732,Plein jour,Hors agglomération,Hors intersection,Normale,Deux véhicules - arrière,1,1,1,0,1,2,1,3,1,90,2,2,1,0,1,0,21.0,76.0,voiture,voiture,1,1,1,1,2
202000020909,2020-02-21 23:30:00,2020,2,21,23,30,95,95580,D16,49.090956,2.536769,Nuit sans éclairage public,Hors agglomération,Giratoire,Normale,Sans collision,3,2,2,0,1,1,1,0,3,90,1,1,0,0,1,0,26.0,,deux_roues,,3,1,6,1,7
202000020910,2020-02-22 01:40:00,2020,2,22,1,40,971,97128,Saint Protais,16.278091,-61.375913,Nuit avec éclairage allumé,Hors agglomération,Intersection en X,Pluie légère,Deux véhicules - côté,3,2,2,0,3,1,2,0,1,80,2,4,1,0,0,3,20.0,39.0,voiture,voiture,5,1,2,2,3
202000020911,2020-02-22 05:45:00,2020,2,22,5,45,77,77050,D43,48.150827,2.816706,Nuit sans éclairage public,Hors agglomération,Intersection en X,Normale,Sans collision,3,2,2,0,1,1,1,0,3,80,1,1,0,0,0,1,20.0,,voiture,,3,1,2,1,7
202000020912,2020-02-22 13:45:00,2020,2,22,13,45,77,77253,D471,48.614417,2.694837,Plein jour,Hors agglomération,Hors intersection,Vent fort / tempête,Sans collision,3,2,2,0,1,1,1,0,3,80,1,1,0,0,1,0,44.0,,voiture,,1,1,1,6,7
202000020913,2020-02-21 16:30:00,2020,2,21,16,30,34,34161,30 Avenue des Platanes,43.332643,3.122429,Plein jour,En agglomération,Hors intersection,Normale,Autre collision,4,2,2,0,1,1,1,0,1,50,1,2,1,0,1,0,69.0,,voiture,,1,2,1,1,6
202000020914,2020-02-16 19:00:00,2020,2,16,19,0,83,83112,Route Departementale 559,43.183001,5.685554,Nuit avec éclairage allumé,En agglomération,Giratoire,Normale,Autre collision,3,3,1,0,1,1,1,0,1,50,1,2,1,0,1,0,71.0,,voiture,,5,2,6,1,6
202000020915,2020-02-22 12:30:00,2020,2,22,12,30,83,83063,D558,43.316115,6.47068,Plein jour,Hors agglomération,Hors intersection,Normale,Sans collision,3,2,2,0,2,2,1,0,1,70,1,1,0,0,1,0,26.0,,deux_roues,,1,1,1,1,7
202000020916,2020-02-21 18:40:00,2020,2,21,18,40,04,04245,RD 4096 - Av des Farigoule,43.877785,5.844855,Crépuscule ou aube,En agglomération,Hors intersection,Normale,Deux véhicules - arrière,3,2,2,0,2,1,1,0,1,50,2,2,0,0,0,2,24.0,34.0,voiture,voiture,2,2,1,1,2
202000020917,2020-02-22 13:05:00,2020,2,22,13,5,04,04039,RD 4085,43.851369,6.507871,Plein jour,En agglomération,Giratoire,Normale,Autre collision,3,2,2,0,1,3,1,0,1,50,1,1,0,0,0,1,26.0,,deux_roues,,1,2,6,1,6
202000020918,2020-02-22 19:20:00,2020,2,22,19,20,39,39543,,46.782268,5.913607,Nuit sans éclairage public,Hors agglomération,Hors intersection,Normale,Autre collision,3,2,2,0,1,3,1,0,3,80,1,1,0,0,0,1,22.0,,deux_roues,,3,1,1,1,6
202000020919,2020-02-21 21:15:00,2020,2,21,21,15,71,71371,Chemin du Champ de Foire,46.345371,4.7212769,Nuit sans éclairage public,En agglomération,Hors intersection,Normale,Autre collision,4,2,2,0,1,3,9,0,3,50,1,1,0,0,1,0,51.0,,deux_roues,,3,2,1,1,6