accident_id,datetime,annee,mois,jour,heure,minute,departement,commune_insee,adresse,latitude,longitude,luminosite,agglomeration,intersection,meteo,collision,catr,circ,nbv,vosp,prof,plan,surf,infra,situ,vma,nb_vehicules,nb_usagers,nb_indemnes,nb_tues,nb_blesses_hosp,nb_blesses_legers,age_cond_1,age_cond_2,veh_type_cond_1,veh_type_cond_2,lum_code,agg_code,int_code,atm_code,col_code
202000020920,2020-02-22 01:00:00,2020,2,22,1,0,49,49194,D347,47.465541,-0.294681,Nuit sans éclairage public,Hors agglomération,Intersection en X,Normale,Deux véhicules - côté,3,2,2,0,1,1,1,0,1,80,2,2,1,0,1,0,24.0,49.0,voiture,deux_roues,3,1,2,1,3
202000020921,2020-02-22 13:10:00,2020,2,22,13,10,14,14530,Intersection D223 et D513,49.215964,-0.277094,Plein jour,Hors agglomération,Giratoire,Vent fort / tempête,Sans collision,3,2,2,0,1,1,1,0,1,80,1,1,0,0,0,1,32.0,,deux_roues,,1,1,6,6,7
202000020922,2020-02-22 11:50:00,2020,2,22,11,50,60,60612,D1330,49.223373,2.5743882,Plein jour,Hors agglomération,Hors intersection,Normale,,3,2,3,0,1,1,1,0,1,90,2,3,1,0,2,0,25.0,25.0,voiture,deux_roues,1,1,1,1,-1
202000020923,2020-02-21 19:30:00,2020,2,21,19,30,59,59558,Rue de Villers En Cauchies,50.242752,3.409592,Nuit sans éclairage public,Hors agglomération,Hors intersection,Normale,Deux véhicules - frontale,3,2,2,0,1,3,1,0,1,80,2,2,0,1,0,1,60.0,36.0,voiture,voiture,3,1,1,1,1
202000020924,2020-02-19 12:00:00,2020,2,19,12,0,13,13005,A50-Sens Marseille vers Aubagne,43.286781,5.53844,Plein jour,Hors agglomération,Hors intersection,Normale,Trois véhicules et plus - en chaîne,1,1,3,0,1,1,1,0,1,90,3,3,2,0,0,1,26.0,45.0,voiture,voiture,1,1,1,1,4
202000020925,2020-02-20 09:40:00,2020,2,20,9,40,13,13215,A7-Sens Lyon vers Marseille,43.36432,5.3606,Plein jour,Hors agglomération,Hors intersection,Normale,Trois véhicules et plus - collisions multiples,1,1,3,0,1,1,1,0,2,90,3,2,0,0,0,2,52.0,69.0,voiture,voiture,1,1,1,1,5
202000020926,2020-02-19 19:10:00,2020,2,19,19,10,83,83144,A57,43.13349,5.98476,Nuit sans éclairage public,Hors agglomération,Hors intersection,Normale,Deux véhicules - arrière,1,3,4,0,1,1,1,0,1,110,2,2,1,0,0,1,32.0,66.0,deux_roues,voiture,3,1,1,1,2
202000020927,2020-02-20 18:35:00,2020,2,20,18,35,57,57764,Autoroute A.31,49.4564951,6.1211251,Crépuscule ou aube,Hors agglomération,Hors intersection,Normale,Trois véhicules et plus - en chaîne,1,3,4,0,1,1,1,0,1,110,4,4,2,0,0,2,27.0,39.0,voiture,voiture,2,1,1,1,4
202000020928,2020-02-21 20:00:00,2020,2,21,20,0,33,33397,AUTOROUTE A 10,44.8942,-0.49844,Nuit avec éclairage allumé,Hors agglomération,Hors intersection,Normale,Deux véhicules - arrière,1,3,8,0,1,1,1,0,1,110,2,4,3,0,0,1,35.0,21.0,voiture,voiture,5,1,1,1,2
202000020929,2020-02-21 17:00:00,2020,2,21,17,0,33,33162,ROCADE A 630,44.87676,-0.63251,Plein jour,Hors agglomération,Hors intersection,Normale,Trois véhicules et plus - en chaîne,1,3,4,0,1,1,1,0,1,90,3,4,2,0,0,2,32.0,50.0,voiture,voiture,1,1,1,1,4
202000020930,2020-02-21 12:25:00,2020,2,21,12,25,33,33143,AUTOROUTE A 10,44.95648,-0.45117,Plein jour,Hors agglomération,Hors intersection,Normale,Deux véhicules - côté,1,3,6,0,1,1,1,2,1,130,2,3,2,0,0,1,63.0,28.0,voiture,voiture,1,1,1,1,3
202000020931,2020-02-20 07:25:00,2020,2,20,7,25,33,33249,ROUTE NATIONALE 230,44.87805,-0.50909,Crépuscule ou aube,Hors agglomération,Hors intersection,Normale,Deux véhicules - côté,2,3,6,0,1,1,1,3,1,90,2,2,1,0,0,1,35.0,52.0,deux_roues,voiture,2,1,1,1,3
202000020932,2020-02-16 18:00:00,2020,2,16,18,0,62,62193,AUTOROUTE A16,50.9355072,1.8641774,Plein jour,Hors agglomération,Hors intersection,Pluie légère,Deux véhicules - arrière,1,3,3,0,1,1,2,0,1,90,2,2,1,0,0,1,46.0,32.0,voiture,voiture,1,1,1,2,2
202000020933,2020-02-21 15:37:00,2020,2,21,15,37,91,91521,RN 104,48.63307,2.40548,Plein jour,Hors agglomération,Hors intersection,Normale,Deux véhicules - arrière,2,1,2,0,1,3,1,0,1,50,2,2,1,0,0,1,53.0,24.0,voiture,voiture,1,1,1,1,2
202000020934,2020-02-21 14:10:00,2020,2,21,14,10,91,91589,AUTOROUTE A6,48.67393,2.34267,Plein jour,Hors agglomération,Hors intersection,Normale,Trois véhicules et plus - en chaîne,1,3,6,0,4,1,1,0,1,110,3,3,2,0,0,1,37.0,47.0,voiture,voiture,1,1,1,1,4
202000020935,2020-02-21 15:55:00,2020,2,21,15,55,78,78423,RN12,48.796333,2.029338,Plein jour,Hors agglomération,Hors intersection,Normale,Deux véhicules - arrière,2,1,2,0,1,3,1,3,1,70,2,2,0,0,0,2,29.0,25.0,voiture,utilitaire_camion,1,1,1,1,2
202000020936,2020-02-21 15:36:00,2020,2,21,15,36,78,78242,A12 Y,48.80665,2.051754,Plein jour,Hors agglomération,Hors intersection,Normale,Deux véhicules - arrière,1,3,2,0,1,1,1,0,1,90,2,2,0,0,0,2,55.0,30.0,voiture,voiture,1,1,1,1,2
202000020937,2020-02-21 11:00:00,2020,2,21,11,0,78,78133,A12 Y,48.894431,2.007611,Plein jour,Hors agglomération,Hors intersection,Normale,Trois véhicules et plus - en chaîne,1,3,2,0,1,1,1,0,2,110,3,6,5,0,0,1,29.0,74.0,utilitaire_camion,voiture,1,1,1,1,4
202000020938,2020-02-21 17:55:00,2020,2,21,17,55,93,93066,AUTOROUTE A1,48.92444,2.35692,Plein jour,Hors agglomération,Hors intersection,Normale,Trois véhicules et plus - collisions multiples,1,3,6,0,1,1,1,0,1,90,4,5,4,0,0,1,31.0,47.0,voiture,deux_roues,1,1,1,1,5
202000020939,2020-02-20 18:55:00,2020,2,20,18,55,93,93063,AUTOROUTE A3,48.87524,2.44037,Crépuscule ou aube,Hors agglomération,Hors intersection,Pluie légère,Trois véhicules et plus - collisions multiples,1,3,8,0,1,1,2,0,1,90,3,3,2,0,0,1,74.0,25.0,voiture,deux_roues,2,1,1,2,5
202000020940,2020-02-19 10:00:00,2020,2,19,10,0,92,92036,AUTOROUTE A15,48.94355,2.28737,Plein jour,Hors agglomération,Hors intersection,Normale,Trois véhicules et plus - en chaîne,1,3,4,0,2,1,1,2,1,90,4,4,3,0,0,1,44.0,47.0,utilitaire_camion,voiture,1,1,1,1,4
202000020941,2020-02-19 19:32:00,2020,2,19,19,32,987,98735,PRINCE HINOI (AVENUE),-17.53484,-149.56353,Nuit avec éclairage allumé,En agglomération,Intersection en X,Normale,Trois véhicules et plus - collisions multiples,2,3,5,0,1,1,1,0,1,50,3,5,2,0,0,3,29.0,65.0,utilitaire_camion,utilitaire_camion,5,2,2,1,5
202000020942,2020-02-20 09:05:00,2020,2,20,9,5,974,97416,CLAIN (CHEMIN),-21.2909022,55.4663725,Plein jour,En agglomération,Hors intersection,Normale,Sans collision,4,2,2,0,2,2,1,0,1,30,1,1,0,0,0,1,18.0,,deux_roues,,1,2,1,1,7
202000020943,2020-02-16 18:05:00,2020,2,16,18,5,974,97416,LEBLOND 1 (RUE MARIUS ET ARY),-21.33373,55.46052,Plein jour,En agglomération,Giratoire,Normale,Trois véhicules et plus - collisions multiples,2,1,1,0,1,1,1,3,1,70,4,7,2,0,0,5,35.0,33.0,deux_roues,voiture,1,2,6,1,5
202000020944,2020-02-19 11:45:00,2020,2,19,11,45,974,97407,Route du Sacre Coeur,-20.95735,55.31523,Plein jour,En agglomération,Hors intersection,Normale,Deux véhicules - arrière,2,2,2,0,1,1,1,0,1,50,2,2,1,0,1,0,72.0,40.0,voiture,deux_roues,1,2,1,1,2
202000020945,2020-02-20 14:29:00,2020,2,20,14,29,973,97302,SOURCE DE BADUEL (CHEMIN DE LA),4.9283606,-52.3084831,Plein jour,En agglomération,Hors intersection,Normale,Deux véhicules - côté,4,2,1,0,1,1,1,0,1,50,2,2,1,0,0,1,41.0,47.0,deux_roues,deux_roues,1,2,1,1,3
202000020946,2020-02-20 19:50:00,2020,2,20,19,50,69,69386,CHARLES DE GAULLE                   (QU),45.78613,4.85759,Nuit avec éclairage allumé,En agglomération,Hors intersection,Normale,Autre collision,4,2,6,0,1,1,1,0,1,50,1,2,1,0,1,0,28.0,,voiture,,5,2,1,1,6
202000020947,2020-02-20 11:50:00,2020,2,20,11,50,69,69383,FELIX FAURE                         (AV),45.75453,4.86655,Plein jour,En agglomération,Intersection en X,Normale,Deux véhicules - côté,4,2,6,3,1,1,1,0,1,50,2,3,2,0,0,1,36.0,25.0,voiture,deux_roues,1,2,2,1,3
202000020948,2020-02-20 11:30:00,2020,2,20,11,30,69,69387,MARSEILLE (DE)                      (R ),45.7452,4.842,Plein jour,En agglomération,Hors intersection,Normale,Deux véhicules - arrière,4,1,1,0,1,1,1,0,1,50,2,2,1,0,0,1,25.0,79.0,utilitaire_camion,deux_roues,1,2,1,1,2
202000020949,2020-02-20 09:15:00,2020,2,20,9,15,69,69386,VAUBAN                              (R ),45.76488,4.83,Plein jour,En agglomération,Hors intersection,Normale,Deux véhicules - côté,4,1,1,1,1,1,1,0,1,30,2,2,1,0,0,1,31.0,65.0,deux_roues,voiture,1,2,1,1,3
202000020950,2020-02-20 14:50:00,2020,2,20,14,50,69,69202,CROIX DE PIVORT (DE LA)             (CH),45.7288,4.80588,Plein jour,En agglomération,Hors intersection,Normale,Autre collision,4,2,4,0,2,1,1,0,1,50,1,2,1,0,0,1,64.0,,voiture,,1,2,1,1,6
202000020951,2020-01-30 20:15:00,2020,1,30,20,15,69,69382,GALLIENI                            (PT),45.74833,4.83193,Nuit avec éclairage allumé,En agglomération,Hors intersection,Normale,Autre collision,9,2,1,3,1,1,2,2,6,50,1,2,1,0,1,0,51.0,,transport_commun,,5,2,1,1,6
202000020952,2020-02-18 07:25:00,2020,2,18,7,25,69,69385,AQUEDUCS (DES)                      (R ),45.759,4.7926,Nuit avec éclairage allumé,En agglomération,Intersection en T,Normale,Autre collision,4,2,2,1,1,1,2,0,1,50,1,2,1,0,0,1,50.0,,voiture,,5,2,3,1,6
202000020953,2020-02-20 09:35:00,2020,2,20,9,35,2A,2A004,MORETTI ANGE RUE,41.9347008,8.7434736,Plein jour,En agglomération,Intersection en T,Normale,Deux véhicules - côté,4,2,2,0,1,1,1,0,1,50,2,2,1,0,0,1,22.0,41.0,deux_roues,utilitaire_camion,1,2,3,1,3
202000020954,2020-02-19 09:15:00,2020,2,19,9,15,91,91645,PARON (RUE DE),48.7461,2.26931,Plein jour,En agglomération,Hors intersection,Normale,Autre collision,4,2,2,0,1,1,1,0,1,30,1,2,1,0,1,0,87.0,,voiture,,1,2,1,1,6
202000020955,2020-02-20 17:55:00,2020,2,20,17,55,91,91687,BELLAY (AVENUE DU),48.6751,2.3645,Crépuscule ou aube,En agglomération,Intersection en T,Pluie légère,Deux véhicules - côté,3,3,1,0,1,1,2,0,1,50,2,3,2,0,0,1,21.0,93.0,voiture,voiture,2,2,3,2,3
202000020956,2020-02-20 09:15:00,2020,2,20,9,15,91,91174,JEAN JAURES (BOULEVARD),48.61128,2.46192,Plein jour,En agglomération,Autre intersection,Normale,Autre collision,2,3,1,0,2,1,1,0,1,50,1,2,1,0,0,1,30.0,,voiture,,1,2,9,1,6
202000020957,2020-02-14 17:30:00,2020,2,14,17,30,91,91027,COQUELICOTS (RUE DES),48.70014,2.36764,Plein jour,En agglomération,Intersection en X,Normale,Autre collision,4,1,2,0,1,1,1,0,8,50,1,1,0,0,0,1,,,,,1,2,2,1,6
202000020958,2020-02-20 21:50:00,2020,2,20,21,50,88,88519,Route de Hurbache,48.34473,6.89425,Nuit avec éclairage allumé,En agglomération,Hors intersection,Pluie légère,Autre collision,3,2,1,0,1,1,2,0,3,50,1,1,0,0,0,1,18.0,,voiture,,5,2,1,2,6
202000020959,2020-02-20 06:55:00,2020,2,20,6,55,88,88160,BLUM (AV. LEON),48.18909,6.46261,Nuit avec éclairage allumé,En agglomération,Intersection en T,Temps couvert,Deux véhicules - côté,4,2,2,0,2,1,2,0,1,50,2,2,1,0,1,0,28.0,18.0,voiture,deux_roues,5,2,3,8,3
202000020960,2020-02-13 06:37:00,2020,2,13,6,37,86,86194,Allée Jacques Coeur,46.567077,0.374405,Nuit sans éclairage public,En agglomération,Hors intersection,Normale,Deux véhicules - arrière,4,2,2,0,1,1,1,0,1,30,2,2,1,0,1,0,39.0,39.0,deux_roues,voiture,3,2,1,1,2
202000020961,2020-02-19 11:35:00,2020,2,19,11,35,85,85194,Boulevard du Vendée Globe (Château-d'Olonne),46.49959,-1.75643,Plein jour,En agglomération,Giratoire,Pluie légère,Deux véhicules - côté,4,1,2,1,1,2,2,5,5,50,2,2,1,0,0,1,56.0,41.0,voiture,deux_roues,1,2,6,2,3
202000020962,2020-02-19 16:45:00,2020,2,19,16,45,83,83129,KENNEDY (AVENUE J.)N°PAIRS 2A2560,43.10775,5.81635,Plein jour,En agglomération,Hors intersection,Normale,Autre collision,4,-1,1,0,1,1,1,9,4,50,1,2,1,0,1,0,30.0,,voiture,,1,2,1,1,6
202000020963,2020-01-22 12:05:00,2020,1,22,12,5,78,78545,FABIEN (AVENUE COLONEL),48.80659,2.06059,Plein jour,En agglomération,Giratoire,Normale,Autre collision,4,3,2,0,1,1,1,0,1,50,1,6,4,0,0,2,32.0,,voiture,,1,2,6,1,6
202000020964,2020-02-19 19:05:00,2020,2,19,19,5,77,77445,VC-MOULIN (AVENUE JEAN),48.5933953,2.5837917,Crépuscule ou aube,En agglomération,Intersection en T,Normale,Deux véhicules - arrière,4,2,2,0,1,1,1,0,1,50,2,1,0,0,0,1,65.0,,voiture,,2,2,3,1,2
202000020965,2020-02-18 18:15:00,2020,2,18,18,15,77,77186,WINSTON CHURCHILL (BOULEVARD),48.4078,2.68907,Crépuscule ou aube,En agglomération,Hors intersection,Normale,Autre collision,4,-1,2,0,1,1,1,0,1,50,1,2,1,0,1,0,44.0,,voiture,,2,2,1,1,6
202000020966,2020-02-19 19:40:00,2020,2,19,19,40,76,76351,JULES FERRY (PLACE),49.49218,0.11136,Nuit avec éclairage allumé,En agglomération,Intersection en X,Normale,Deux véhicules - côté,4,2,2,0,1,1,2,0,1,50,2,4,3,0,1,0,48.0,25.0,voiture,deux_roues,5,2,2,1,3
202000020967,2020-02-20 08:20:00,2020,2,20,8,20,71,71270,Rue de l’Héritan,46.3153758,4.8239149,Plein jour,En agglomération,Giratoire,Normale,Autre collision,3,2,2,0,1,3,1,5,1,50,1,2,1,0,0,1,20.0,,voiture,,1,2,6,1,6
202000020968,2020-02-19 11:50:00,2020,2,19,11,50,71,71153,Avenue de Verdun,46.8057248,4.4335741,Plein jour,En agglomération,Hors intersection,Normale,Deux véhicules - arrière,4,2,2,0,2,1,1,0,1,50,2,2,1,0,0,1,27.0,39.0,voiture,voiture,1,2,1,1,2
202000020969,2020-02-20 11:25:00,2020,2,20,11,25,71,71076,Rue Paul Sabatier,46.8126894,4.8556609,Plein jour,En agglomération,Hors intersection,Normale,Autre collision,3,2,2,0,1,1,1,0,1,50,1,2,1,0,1,0,37.0,,utilitaire_camion,,1,2,1,1,6
202000020970,2020-02-20 15:50:00,2020,2,20,15,50,69,69256,REPUBLIQUE (DE LA)                  (R ),45.7857,4.9275,Plein jour,En agglomération,Intersection en X,Normale,Deux véhicules - côté,4,2,2,0,1,1,1,0,1,50,2,2,0,0,0,2,40.0,,voiture,,1,2,2,1,3
202000020971,2020-02-20 14:00:00,2020,2,20,14,0,69,69266,EMILE ZOLA     (Cours),45.76571,4.89968,Plein jour,En agglomération,Hors intersection,Normale,Autre collision,4,2,2,1,1,1,1,0,1,50,1,2,1,0,1,0,44.0,,utilitaire_camion,,1,2,1,1,6
202000020972,2020-02-18 11:10:00,2020,2,18,11,10,69,69264,SCHUMAN  ROBERT  R,45.9936283,4.7255064,Plein jour,En agglomération,Intersection en T,Normale,Deux véhicules - côté,4,2,2,0,1,1,1,0,1,50,2,2,1,0,1,0,38.0,38.0,utilitaire_camion,voiture,1,2,3,1,3
202000020973,2020-02-19 07:45:00,2020,2,19,7,45,67,67482,LA ROCHELLE (RUE DE),48.5523381,7.7955682,Crépuscule ou aube,Hors agglomération,Intersection en T,Vent fort / tempête,Deux véhicules - côté,4,2,3,0,1,1,2,0,1,50,2,2,1,0,0,1,57.0,36.0,voiture,deux_roues,2,1,3,6,3
202000020974,2020-02-19 14:05:00,2020,2,19,14,5,64,64445,ALFRED DE MUSSET,43.29649,-0.36166,Plein jour,En agglomération,Hors intersection,Temps éblouissant,Autre collision,4,2,1,0,1,1,1,0,1,30,1,2,1,0,0,1,63.0,,voiture,,1,2,1,7,6
202000020975,2020-02-20 08:10:00,2020,2,20,8,10,64,64102,PAUL PRAS (AVENUE),43.486,-1.47624,Plein jour,En agglomération,Hors intersection,Normale,Deux véhicules - côté,4,2,2,0,1,1,1,0,1,50,2,2,1,0,0,1,18.0,16.0,deux_roues,deux_roues,1,2,1,1,3
202000020976,2020-02-19 17:50:00,2020,2,19,17,50,64,64024,PLAGES (BOULEVARD DES),43.5212452,-1.5217921,Plein jour,En agglomération,Autre intersection,Normale,Deux véhicules - frontale,4,2,4,1,1,1,1,0,5,50,2,2,1,0,0,1,63.0,49.0,voiture,deux_roues,1,2,9,1,1
202000020977,2020-02-20 09:40:00,2020,2,20,9,40,51,51454,Avenue de Champagne,49.2407953,4.0443883,Plein jour,En agglomération,Hors intersection,Normale,Deux véhicules - côté,2,1,2,0,1,1,1,0,1,50,2,2,1,0,0,1,47.0,29.0,deux_roues,voiture,1,2,1,1,3
202000020978,2020-02-19 22:25:00,2020,2,19,22,25,51,51454,Avenue Maurice Plongeron,49.289715,4.006859,Nuit avec éclairage allumé,En agglomération,Intersection en X,Pluie légère,Deux véhicules - côté,4,2,2,0,1,1,2,0,1,50,2,2,1,0,0,1,33.0,26.0,voiture,voiture,5,2,2,2,3
202000020979,2020-02-20 15:44:00,2020,2,20,15,44,50,50218,MARIN MARIE (RUE),48.841452,-1.57155,Plein jour,En agglomération,Hors intersection,Pluie légère,Autre collision,4,2,0,0,4,2,2,0,4,50,1,1,0,0,0,1,25.0,,deux_roues,,1,2,1,2,6
202000020980,2020-09-08 18:40:00,2020,9,8,18,40,60,60360,Avenue Albert 1er,49.325591,2.453883,Crépuscule ou aube,En agglomération,Hors intersection,Normale,Deux véhicules - côté,3,2,2,0,1,1,1,0,1,50,2,2,1,0,0,1,66.0,36.0,voiture,deux_roues,2,2,1,1,3
202000020981,2020-09-11 13:34:00,2020,9,11,13,34,80,80033,A1,49.901366,2.848034,Plein jour,Hors agglomération,Hors intersection,Normale,Deux véhicules - côté,1,3,3,0,1,1,1,0,1,130,2,2,1,0,1,0,26.0,47.0,utilitaire_camion,voiture,1,1,1,1,3
202000020982,2020-09-09 18:07:00,2020,9,9,18,7,13,13215,A7-Sens Marseille vers Lyon,43.346006,5.3734975,Plein jour,Hors agglomération,Hors intersection,Normale,Deux véhicules - arrière,1,3,3,0,3,1,1,0,1,70,2,3,2,0,0,1,52.0,21.0,voiture,deux_roues,1,1,1,1,2
202000020983,2020-09-02 14:45:00,2020,9,2,14,45,57,57582,Autoroute A31,49.2797,6.17278,Plein jour,Hors agglomération,Hors intersection,Normale,Trois véhicules et plus - collisions multiples,1,3,7,0,1,1,1,3,1,110,3,4,3,0,0,1,44.0,38.0,utilitaire_camion,utilitaire_camion,1,1,1,1,5
202000020984,2020-09-10 16:20:00,2020,9,10,16,20,33,33063,ROCADE A 630,44.88392,-0.55805,Plein jour,Hors agglomération,Hors intersection,Normale,Trois véhicules et plus - collisions multiples,1,3,6,0,1,1,1,0,1,70,3,3,1,0,0,2,28.0,46.0,voiture,voiture,1,1,1,1,5
202000020985,2020-09-04 08:40:00,2020,9,4,8,40,94,94021,AUTOROUTE A6A,48.76866,2.34474,Plein jour,Hors agglomération,Hors intersection,Normale,Deux véhicules - arrière,1,3,3,0,1,1,1,0,1,90,2,2,1,0,0,1,26.0,22.0,deux_roues,utilitaire_camion,1,1,1,1,2
202000020986,2020-09-10 07:45:00,2020,9,10,7,45,91,91086,RN 104,48.6238,2.3763,Plein jour,Hors agglomération,Hors intersection,Normale,Trois véhicules et plus - en chaîne,2,2,2,0,1,1,1,0,1,110,3,3,2,0,0,1,58.0,25.0,voiture,deux_roues,1,1,1,1,4
202000020987,2020-09-10 18:30:00,2020,9,10,18,30,92,92012,A13,48.8482424,2.2390392,Plein jour,Hors agglomération,Hors intersection,Normale,Deux véhicules - arrière,1,3,8,0,1,1,1,0,1,110,2,2,1,0,0,1,30.0,23.0,deux_roues,voiture,1,1,1,1,2
202000020988,2020-09-09 07:40:00,2020,9,9,7,40,78,78297,RN12,48.788892,2.06078,Plein jour,Hors agglomération,Hors intersection,Normale,Sans collision,2,3,4,0,1,2,1,0,1,90,1,1,0,0,0,1,45.0,,deux_roues,,1,1,1,1,7
202000020989,2020-09-10 18:40:00,2020,9,10,18,40,93,93064,AUTOROUTE A86,48.8816855,2.4736059,Plein jour,Hors agglomération,Hors intersection,Normale,Deux véhicules - arrière,1,-1,1,0,1,1,1,0,1,70,2,2,1,0,0,1,68.0,32.0,deux_roues,voiture,1,1,1,1,2
202000020990,2020-09-10 17:20:00,2020,9,10,17,20,95,95277,RD 170 ,48.975314,2.483498,Plein jour,Hors agglomération,Hors intersection,Normale,Deux véhicules - arrière,3,1,3,0,1,1,1,0,1,90,2,1,0,0,0,1,49.0,,voiture,,1,1,1,1,2
202000020991,2020-09-10 15:10:00,2020,9,10,15,10,93,93001,AUTOROUTE A86,48.92165,2.37708,Plein jour,Hors agglomération,Hors intersection,Normale,Autre collision,1,3,8,0,2,1,1,0,1,90,1,1,0,0,0,1,22.0,,voiture,,1,1,1,1,6
202000020992,2020-09-10 13:15:00,2020,9,10,13,15,93,93005,AUTOROUTE A3,48.95929,2.47348,Plein jour,Hors agglomération,Hors intersection,Normale,Deux véhicules - côté,1,3,7,0,1,1,1,0,1,110,2,2,1,0,0,1,28.0,37.0,voiture,deux_roues,1,1,1,1,3
202000020993,2020-09-09 17:10:00,2020,9,9,17,10,95,95572,A15,49.03233,2.11207,Plein jour,Hors agglomération,Hors intersection,Normale,Deux véhicules - arrière,1,3,8,0,1,1,1,0,1,90,2,5,1,0,0,4,42.0,25.0,voiture,voiture,1,1,1,1,2
202000020994,2020-09-09 17:15:00,2020,9,9,17,15,93,93066,AUTOROUTE A1,48.93162,2.37061,Plein jour,Hors agglomération,Hors intersection,Normale,Deux véhicules - côté,1,3,8,0,1,1,1,0,1,90,2,2,1,0,0,1,37.0,40.0,utilitaire_camion,voiture,1,1,1,1,3
202000020995,2020-09-09 12:00:00,2020,9,9,12,0,95,95277,AUTOROUTE A3,48.97098,2.48301,Plein jour,Hors agglomération,Hors intersection,Normale,Autre collision,1,3,-1,0,1,1,1,0,1,90,1,1,0,0,0,1,45.0,,voiture,,1,1,1,1,6
202000020996,2020-09-10 18:30:00,2020,9,10,18,30,77,77294,A104,48.97354,2.58941,Plein jour,Hors agglomération,Hors intersection,Normale,Deux véhicules - arrière,1,3,3,0,1,1,1,0,1,90,2,2,1,0,0,1,43.0,25.0,deux_roues,deux_roues,1,1,1,1,2
202000020997,2020-09-10 09:45:00,2020,9,10,9,45,93,93051,A4,48.8354403,2.5706513,Plein jour,Hors agglomération,Hors intersection,Normale,Deux véhicules - arrière,1,-1,4,0,1,1,1,0,1,110,2,2,1,0,0,1,28.0,80.0,deux_roues,voiture,1,1,1,1,2
202000020998,2020-09-10 09:20:00,2020,9,10,9,20,94,94017,A4,48.8267112,2.5225883,Plein jour,Hors agglomération,Hors intersection,Normale,Deux véhicules - côté,1,-1,4,0,1,1,1,0,1,90,2,4,3,0,0,1,36.0,36.0,voiture,voiture,1,1,1,1,3
202000020999,2020-09-09 07:45:00,2020,9,9,7,45,94,94069,A4,48.81732,2.43807,Plein jour,Hors agglomération,Hors intersection,Normale,Trois véhicules et plus - en chaîne,1,3,6,0,1,3,1,0,1,90,3,3,2,0,0,1,22.0,56.0,deux_roues,utilitaire_camion,1,1,1,1,4
202000021000,2020-09-09 08:15:00,2020,9,9,8,15,988,98818,GERVOLINO (RUE ROGER),-22.26063,166.46958,Plein jour,En agglomération,Giratoire,Normale,Sans collision,4,3,2,0,1,2,2,5,1,50,1,1,0,0,0,1,56.0,,utilitaire_camion,,1,2,6,1,7
202000021001,2020-09-07 18:14:00,2020,9,7,18,14,974,97411,JAURES (BOULEVARD JEAN),-20.89187,55.46745,Nuit avec éclairage allumé,En agglomération,Intersection en T,Temps couvert,Deux véhicules - côté,3,3,6,0,2,1,1,0,1,70,2,2,1,0,0,1,33.0,45.0,deux_roues,voiture,5,2,3,8,3
202000021002,2020-09-09 17:30:00,2020,9,9,17,30,69,69387,CHALLEMEL LACOUR                    (R ),45.7298,4.8313,Plein jour,En agglomération,Hors intersection,Normale,Deux véhicules - côté,4,-1,1,0,1,1,1,0,4,50,2,2,1,0,0,1,29.0,35.0,deux_roues,voiture,1,2,1,1,3
202000021003,2020-09-09 14:45:00,2020,9,9,14,45,69,69383,ST MAXIMIN                          (R ),45.7480539,4.8714576,Plein jour,En agglomération,Hors intersection,Normale,Deux véhicules - côté,4,1,1,0,2,1,1,0,1,50,2,2,1,0,0,1,21.0,29.0,voiture,deux_roues,1,2,1,1,3
202000021004,2020-09-07 15:10:00,2020,9,7,15,10,69,69383,ANDRE PHILIP                        (R ),45.75746,4.85121,Plein jour,En agglomération,Intersection en X,Normale,Deux véhicules - côté,4,2,2,2,1,1,1,0,1,50,2,2,1,0,0,1,42.0,49.0,utilitaire_camion,voiture,1,2,2,1,3
202000021005,2020-09-09 22:35:00,2020,9,9,22,35,69,69384,CROIX-ROUSSE (DE LA)                (BD),45.77371,4.8235,Nuit avec éclairage allumé,En agglomération,Intersection en X,Normale,Deux véhicules - frontale,4,2,0,0,2,1,1,5,1,50,2,2,1,0,0,1,24.0,,deux_roues,,5,2,2,1,1
202000021006,2020-09-09 17:55:00,2020,9,9,17,55,69,69384,CROIX-ROUSSE (DE LA)                (BD),45.7743935,4.8323044,Plein jour,En agglomération,Place,Normale,Deux véhicules - côté,4,2,2,0,1,1,1,0,1,50,2,2,1,0,0,1,30.0,50.0,deux_roues,voiture,1,2,7,1,3
202000021007,2020-09-09 13:50:00,2020,9,9,13,50,69,69389,ST SIMON                            (R ),45.77862,4.79822,Plein jour,En agglomération,Intersection en X,Normale,Deux véhicules - côté,4,2,2,0,1,1,1,0,1,50,2,2,1,0,0,1,37.0,52.0,deux_roues,voiture,1,2,2,1,3
202000021008,2020-09-07 12:15:00,2020,9,7,12,15,69,69286,Avenue du Mont Blanc,45.8110792,4.8954204,Plein jour,En agglomération,Autre intersection,Normale,Autre collision,4,2,2,0,1,1,1,0,1,50,1,3,1,0,1,1,28.0,,voiture,,1,2,9,1,6
202000021009,2020-09-09 17:14:00,2020,9,9,17,14,95,95219,LECLERC (RUE DU GENERAL),48.9840571,2.272207,Plein jour,En agglomération,Hors intersection,Normale,Deux véhicules - côté,3,2,2,0,1,1,1,0,1,30,2,3,2,0,0,1,28.0,23.0,voiture,deux_roues,1,2,1,1,3