accident_id,datetime,annee,mois,jour,heure,minute,departement,commune_insee,adresse,latitude,longitude,luminosite,agglomeration,intersection,meteo,collision,catr,circ,nbv,vosp,prof,plan,surf,infra,situ,vma,nb_vehicules,nb_usagers,nb_indemnes,nb_tues,nb_blesses_hosp,nb_blesses_legers,age_cond_1,age_cond_2,veh_type_cond_1,veh_type_cond_2,lum_code,agg_code,int_code,atm_code,col_code
202000021010,2020-09-09 07:30:00,2020,9,9,7,30,91,91589,CD 25,48.67705,2.33792,Plein jour,En agglomération,Hors intersection,Normale,Trois véhicules et plus - en chaîne,3,2,4,0,2,1,1,0,1,50,3,3,2,0,0,1,67.0,52.0,voiture,voiture,1,2,1,1,4
202000021011,2020-09-06 16:00:00,2020,9,6,16,0,91,91433,RD207,48.4504,2.1739,Plein jour,Hors agglomération,Hors intersection,Normale,Sans collision,3,2,-1,-1,1,1,-1,0,-1,-1,1,1,0,0,1,0,29.0,,deux_roues,,1,1,1,1,7
202000021012,2020-09-08 22:07:00,2020,9,8,22,7,91,91021,VERDUN (AVENUE DE),48.58297,2.24333,Nuit avec éclairage allumé,En agglomération,Giratoire,Normale,Sans collision,4,3,3,0,2,1,1,0,1,50,1,1,0,0,0,1,29.0,,deux_roues,,5,2,6,1,7
202000021013,2020-09-02 18:30:00,2020,9,2,18,30,91,91347,DOCTEUR DARIER (RUE DU),48.64283,2.29239,Plein jour,En agglomération,Hors intersection,Normale,Autre collision,4,2,2,0,2,1,1,0,1,50,1,2,1,0,0,1,53.0,,voiture,,1,2,1,1,6
202000021014,2020-09-09 11:02:00,2020,9,9,11,2,87,87085,BEAUBREUIL (AVENUE DE),45.87835,1.30049,Plein jour,En agglomération,Hors intersection,Normale,Autre collision,4,3,4,0,1,1,1,0,1,50,1,2,1,0,0,1,46.0,,voiture,,1,2,1,1,6
202000021015,2020-09-07 22:32:00,2020,9,7,22,32,87,87085,CHENIEUX (RUE FRANCOIS),45.83609,1.25594,Nuit avec éclairage allumé,En agglomération,Hors intersection,Normale,,4,2,2,0,1,1,2,0,1,50,2,2,1,0,0,1,30.0,33.0,voiture,deux_roues,5,2,1,1,-1
202000021016,2020-09-09 23:15:00,2020,9,9,23,15,83,83137,ESTIENNE D'ORVES (AVE),43.12733,5.91769,Nuit avec éclairage allumé,En agglomération,Hors intersection,Normale,Deux véhicules - côté,4,3,4,0,1,1,1,0,1,50,2,2,0,0,0,2,33.0,26.0,deux_roues,deux_roues,5,2,1,1,3
202000021017,2020-09-08 13:20:00,2020,9,8,13,20,83,83137,BRIAND (AVE ARISTIDE DE 1 A 1219,43.123794,5.895845,Plein jour,En agglomération,Hors intersection,Normale,,4,2,4,1,1,1,1,0,1,50,2,2,1,0,1,0,41.0,26.0,deux_roues,voiture,1,2,1,1,-1
202000021018,2020-09-07 13:00:00,2020,9,7,13,0,77,77384,D.306,48.59816,2.59132,Plein jour,Hors agglomération,Intersection en X,Normale,Deux véhicules - côté,3,3,4,0,1,1,1,5,1,70,2,3,1,0,1,1,82.0,51.0,voiture,voiture,1,1,2,1,3
202000021019,2020-09-08 08:20:00,2020,9,8,8,20,77,77180,D51E1,48.7296,2.6363,Plein jour,Hors agglomération,Hors intersection,Normale,Deux véhicules - frontale,3,2,2,0,2,2,1,0,1,80,2,4,0,0,3,1,23.0,26.0,voiture,voiture,1,1,1,1,1
202000021020,2020-09-08 15:30:00,2020,9,8,15,30,76,76484,SAVOIE. RUE DE,49.3553,1.09527,Plein jour,En agglomération,Hors intersection,Normale,Autre collision,4,2,2,0,1,1,1,0,1,30,1,1,0,0,0,1,,,,,1,2,1,1,6
202000021021,2020-09-09 06:28:00,2020,9,9,6,28,74,74118,DEPORTES (ROUTE DES ),46.18313,6.23066,Plein jour,En agglomération,Hors intersection,Normale,Deux véhicules - arrière,3,2,3,0,1,1,1,2,1,50,2,2,1,0,0,1,46.0,25.0,deux_roues,voiture,1,2,1,1,2
202000021022,2020-09-09 19:15:00,2020,9,9,19,15,69,69266,GENAS    (Route de),45.75161,4.90471,Plein jour,En agglomération,Intersection en T,Normale,Deux véhicules - côté,4,2,2,0,1,1,1,0,1,50,2,2,1,0,0,1,26.0,30.0,voiture,voiture,1,2,3,1,3
202000021023,2020-09-08 18:39:00,2020,9,8,18,39,69,69259,LAURENT GERIN                       (BD),45.70136,4.88355,Plein jour,En agglomération,Hors intersection,Normale,Trois véhicules et plus - collisions multiples,4,1,1,0,1,1,1,0,1,50,3,5,4,0,0,1,49.0,26.0,voiture,voiture,1,2,1,1,5
202000021024,2020-09-08 20:33:00,2020,9,8,20,33,68,68297,Rue de la Paix,47.58391,7.57103,Crépuscule ou aube,En agglomération,Intersection en X,Normale,Deux véhicules - côté,4,2,2,0,1,1,1,0,1,50,2,2,1,0,0,1,45.0,35.0,deux_roues,voiture,2,2,2,1,3
202000021025,2020-09-08 13:22:00,2020,9,8,13,22,66,66136,NUNGESSER-ET-COLI (BOULEVARD),42.6867,2.88769,Plein jour,En agglomération,Hors intersection,Normale,,4,2,2,0,1,1,1,0,1,50,2,2,1,0,0,1,33.0,23.0,deux_roues,voiture,1,2,1,1,-1
202000021026,2020-09-09 16:25:00,2020,9,9,16,25,65,65440,MARTINET (BOULEVARD DU),43.2333,0.0865,Plein jour,En agglomération,Hors intersection,Normale,Deux véhicules - arrière,6,-1,0,0,1,1,1,9,8,30,2,2,1,0,1,0,5.0,19.0,deux_roues,voiture,1,2,1,1,2
202000021027,2020-09-09 07:45:00,2020,9,9,7,45,64,64445,MARTYRS DU PONT LONG DES,43.34026,-0.37981,Plein jour,Hors agglomération,Hors intersection,Normale,Deux véhicules - arrière,3,2,2,0,1,1,1,2,1,70,2,2,1,0,1,0,87.0,30.0,voiture,deux_roues,1,1,1,1,2
202000021028,2020-09-08 10:45:00,2020,9,8,10,45,64,64445,CARNOT,43.3009347,-0.3694957,Plein jour,En agglomération,Hors intersection,Normale,Deux véhicules - côté,4,1,1,1,1,1,1,0,1,50,2,4,3,0,0,1,21.0,30.0,deux_roues,voiture,1,2,1,1,3
202000021029,2020-09-09 16:20:00,2020,9,9,16,20,64,64024,CINQ CANTONS (RUE DES),43.48558,-1.51951,Plein jour,En agglomération,Intersection en T,Temps éblouissant,Deux véhicules - côté,4,2,2,0,1,1,1,0,1,30,2,2,1,0,0,1,36.0,68.0,voiture,deux_roues,1,2,3,7,3
202000021030,2020-09-09 08:45:00,2020,9,9,8,45,64,64102,Avenue Dubrocq,43.493959,-1.485997,Plein jour,En agglomération,Intersection en T,Normale,Deux véhicules - côté,4,2,2,0,1,1,1,0,1,50,2,2,1,0,0,1,47.0,18.0,voiture,deux_roues,1,2,3,1,3
202000021031,2020-09-04 18:00:00,2020,9,4,18,0,62,62528,HOCHE (R LAZARE),50.4604539,2.7969026,Plein jour,En agglomération,Intersection en T,Normale,Deux véhicules - côté,3,2,0,0,1,1,1,0,1,50,2,2,1,0,1,0,54.0,21.0,voiture,deux_roues,1,2,3,1,3
202000021032,2020-09-09 03:19:00,2020,9,9,3,19,59,59512,JAURES (AVENUE JEAN),50.68029,3.16459,Nuit avec éclairage allumé,En agglomération,Intersection en T,Normale,Sans collision,7,2,2,0,1,2,1,0,1,50,1,1,0,0,1,0,17.0,,voiture,,5,2,3,1,7
202000021033,2020-09-08 12:15:00,2020,9,8,12,15,59,59346,CHANZY RUE,50.6128265,3.1219435,Plein jour,En agglomération,Hors intersection,Normale,Deux véhicules - frontale,4,-1,1,0,1,2,1,0,1,50,2,1,0,0,0,1,29.0,,voiture,,1,2,1,1,1
202000021034,2020-09-09 10:15:00,2020,9,9,10,15,59,59350,BEETHOVEN AVENUE,50.6206351,3.0343961,Plein jour,En agglomération,Intersection en X,Normale,,7,3,3,3,1,1,1,6,1,50,2,2,1,0,0,1,12.0,35.0,deux_roues,voiture,1,2,2,1,-1
202000021035,2020-09-03 21:30:00,2020,9,3,21,30,59,59410,SCHUMAN ROBERT AVENUE,50.6421,3.1107,Nuit avec éclairage allumé,En agglomération,Hors intersection,Normale,Deux véhicules - frontale,7,2,1,1,1,1,1,0,1,50,2,3,2,0,0,1,30.0,24.0,voiture,voiture,5,2,1,1,1
202000021036,2020-09-09 10:05:00,2020,9,9,10,5,57,57463,WINSTON CHURCHILL (RUE ),49.11547,6.17373,Plein jour,En agglomération,Hors intersection,Normale,Autre collision,4,2,2,3,1,1,1,0,1,50,1,2,1,0,0,1,30.0,,transport_commun,,1,2,1,1,6
202000021037,2020-09-06 11:30:00,2020,9,6,11,30,56,56260,Avenue Victor Hugo,47.66122,-2.75717,Plein jour,En agglomération,Intersection en X,Normale,Deux véhicules - côté,3,2,5,1,1,1,1,5,1,50,2,3,1,0,0,2,41.0,33.0,voiture,voiture,1,2,2,1,3
202000021038,2020-09-08 20:10:00,2020,9,8,20,10,56,56121,MARIENNE ( AV CAPITAINE ),47.73951,-3.39336,Plein jour,En agglomération,Intersection en Y,Normale,Sans collision,4,2,2,0,1,3,1,0,1,30,1,1,0,0,0,1,48.0,,deux_roues,,1,2,4,1,7
202000021039,2020-09-08 18:35:00,2020,9,8,18,35,56,56036,RN 165,47.77472,-3.36722,Plein jour,Hors agglomération,Hors intersection,Normale,Trois véhicules et plus - en chaîne,2,3,8,0,1,1,1,2,1,90,3,3,2,0,0,1,37.0,19.0,deux_roues,voiture,1,1,1,1,4
202000021040,2020-09-09 11:10:00,2020,9,9,11,10,51,51454,Avenue d’Epernay,49.2394975,4.0136851,Plein jour,En agglomération,Hors intersection,Normale,Sans collision,4,2,4,0,1,1,1,0,4,50,1,2,1,0,0,1,26.0,,deux_roues,,1,2,1,1,7
202000021041,2020-09-08 22:05:00,2020,9,8,22,5,50,50129,TANNERIES (RUE DES),49.63221,-1.62342,Nuit avec éclairage allumé,En agglomération,Intersection en X,Normale,Deux véhicules - côté,4,3,4,0,2,1,1,5,1,50,2,2,1,0,1,0,44.0,46.0,deux_roues,voiture,5,2,2,1,3
202000021042,2020-09-08 18:10:00,2020,9,8,18,10,49,49328,FUSILLES (AVENUE DES) N 147,47.27859,-0.05689,Plein jour,En agglomération,Hors intersection,Normale,Deux véhicules - côté,4,2,2,0,1,1,1,0,1,70,2,2,1,0,0,1,16.0,67.0,deux_roues,voiture,1,2,1,1,3
202000021043,2020-09-08 07:20:00,2020,9,8,7,20,49,49328,Route d'Angers D952,47.26724,-0.07005,Crépuscule ou aube,En agglomération,Intersection en T,Normale,Deux véhicules - côté,3,-1,2,0,1,1,1,0,1,50,2,2,1,0,0,1,59.0,20.0,voiture,deux_roues,2,2,3,1,3
202000021044,2020-09-08 14:05:00,2020,9,8,14,5,49,49007,DESCAZEAUX BOULEVARD,47.47638,-0.56627,Plein jour,En agglomération,Hors intersection,Normale,Autre collision,4,2,2,0,1,1,1,0,1,50,1,1,0,0,0,1,23.0,,deux_roues,,1,2,1,1,6
202000021045,2020-09-09 07:35:00,2020,9,9,7,35,45,45234,Rue de Coulmiers,47.90715,1.89324,Plein jour,En agglomération,Hors intersection,Normale,Autre collision,4,2,2,0,1,1,1,6,1,30,1,2,1,0,0,1,33.0,,voiture,,1,2,1,1,6
202000021046,2020-09-09 16:45:00,2020,9,9,16,45,42,42183,D 201,45.4165714,4.3723467,Plein jour,Hors agglomération,Hors intersection,Normale,Deux véhicules - arrière,3,-1,1,0,1,1,1,0,1,70,2,2,1,0,0,1,46.0,52.0,utilitaire_camion,voiture,1,1,1,1,2
202000021047,2020-09-09 15:10:00,2020,9,9,15,10,35,35051,RENNES (RUE DE),48.114,-1.61199,Plein jour,En agglomération,Hors intersection,Normale,Deux véhicules - arrière,4,2,4,0,1,1,1,0,1,30,2,2,1,0,0,1,36.0,29.0,deux_roues,voiture,1,2,1,1,2
202000021048,2020-09-09 15:00:00,2020,9,9,15,0,35,35238,LORIENT (DE),48.1053722,-1.7343495,Plein jour,En agglomération,Hors intersection,Normale,Autre collision,2,3,4,1,1,1,1,0,1,50,1,1,0,0,0,1,56.0,,voiture,,1,2,1,1,6
202000021049,2020-09-09 12:30:00,2020,9,9,12,30,35,35238,SANGNIER (MARC),48.09331,-1.65847,Plein jour,En agglomération,Giratoire,Normale,Autre collision,4,2,2,-1,1,1,1,5,1,30,1,2,1,0,0,1,61.0,,deux_roues,,1,2,6,1,6
202000021050,2020-09-09 12:30:00,2020,9,9,12,30,35,35238,3 Avenue Sir Winston Churchill,48.11707,-1.70803,Plein jour,En agglomération,Intersection en T,Normale,Deux véhicules - côté,4,2,1,1,1,1,1,0,5,50,2,2,1,0,0,1,45.0,40.0,deux_roues,voiture,1,2,3,1,3
202000021051,2020-09-09 08:27:00,2020,9,9,8,27,35,35238,29 Rue de Belleville,48.09979,-1.66084,Plein jour,En agglomération,Intersection en T,Normale,Deux véhicules - côté,4,1,1,0,1,1,1,0,1,20,2,2,1,0,0,1,26.0,44.0,voiture,deux_roues,1,2,3,1,3
202000021052,2020-09-09 09:50:00,2020,9,9,9,50,33,33063,Quai de la Souys,44.8282493,-0.5399744,Plein jour,En agglomération,Intersection en T,Normale,Deux véhicules - côté,3,3,5,3,1,1,1,0,1,50,2,2,1,0,0,1,23.0,31.0,voiture,voiture,1,2,3,1,3
202000021053,2020-09-09 07:30:00,2020,9,9,7,30,31,31555,BD DE LA MEDITERRANEE,43.58214,1.46305,Crépuscule ou aube,En agglomération,Hors intersection,Normale,Deux véhicules - côté,4,2,2,0,1,1,1,0,1,50,2,2,1,0,1,0,22.0,21.0,voiture,deux_roues,2,2,1,1,3
202000021054,2020-09-08 11:45:00,2020,9,8,11,45,31,31555,GAUSSENS (rue henry),43.66183,1.43247,Plein jour,En agglomération,Hors intersection,Normale,Deux véhicules - côté,4,2,2,0,1,1,1,0,1,50,2,2,1,0,0,1,31.0,54.0,deux_roues,voiture,1,2,1,1,3
202000021055,2020-09-05 14:25:00,2020,9,5,14,25,31,31555,VA007331 A620,43.56877,1.42071,Plein jour,Hors agglomération,Hors intersection,Normale,Deux véhicules - arrière,1,3,3,3,1,1,1,0,1,90,2,2,1,0,0,1,49.0,57.0,voiture,voiture,1,1,1,1,2
202000021056,2020-09-09 13:40:00,2020,9,9,13,40,30,30189,SAUVE (ROUTE),43.8436,4.3078,Plein jour,En agglomération,Hors intersection,Pluie légère,Deux véhicules - frontale,4,2,1,0,1,3,2,0,1,50,2,2,0,0,0,2,35.0,30.0,voiture,voiture,1,2,1,2,1
202000021057,2020-09-09 19:10:00,2020,9,9,19,10,29,29051,D15 - Avenue de Coray,48.00411,-4.03419,Plein jour,Hors agglomération,Hors intersection,Normale,Sans collision,3,2,2,0,2,2,1,0,8,70,1,1,0,0,1,0,19.0,,voiture,,1,1,1,1,7
202000021058,2020-09-09 14:30:00,2020,9,9,14,30,28,28220,ROUTE NATIONALE 123,48.41623,1.47558,Plein jour,Hors agglomération,Autre intersection,Normale,Deux véhicules - arrière,2,3,4,0,2,1,1,0,1,110,2,2,1,0,1,0,19.0,50.0,deux_roues,utilitaire_camion,1,1,9,1,2
202000021059,2020-09-08 21:22:00,2020,9,8,21,22,27,27229,NORMANDIE (BOULEVARD DE),49.01855,1.1425,Nuit sans éclairage public,En agglomération,Intersection en X,Normale,Deux véhicules - arrière,4,2,2,0,2,1,1,0,1,50,2,2,1,0,0,1,62.0,56.0,voiture,voiture,3,2,2,1,2
202000021060,2020-09-07 11:10:00,2020,9,7,11,10,26,26362,435 Avenue Victor Hugo,44.91045,4.88409,Plein jour,En agglomération,Hors intersection,Normale,Autre collision,4,2,2,1,1,1,1,0,1,50,1,2,1,1,0,0,73.0,,voiture,,1,2,1,1,6
202000021061,2020-09-09 15:57:00,2020,9,9,15,57,25,25056,MONTARMOTS,47.260624,6.027465,Plein jour,En agglomération,Giratoire,Normale,Autre collision,4,2,2,0,1,1,1,0,1,50,1,2,1,0,1,0,54.0,,voiture,,1,2,6,1,6
202000021062,2020-09-08 18:38:00,2020,9,8,18,38,25,25056,CHALEZEULE,47.2487,6.0452,Crépuscule ou aube,En agglomération,Hors intersection,Temps éblouissant,Deux véhicules - côté,4,2,2,2,1,1,1,0,5,50,2,3,1,0,0,2,43.0,24.0,deux_roues,voiture,2,2,1,7,3
202000021063,2020-09-09 19:40:00,2020,9,9,19,40,17,17200,VENDOME   RUE DU MOULIN  DE,46.17795,-1.15266,Plein jour,En agglomération,Giratoire,Normale,Sans collision,4,2,2,0,1,1,1,5,1,50,1,1,0,0,0,1,34.0,,deux_roues,,1,2,6,1,7
202000021064,2020-09-08 11:15:00,2020,9,8,11,15,14,14366,GENERAL LECLERC (RUE DU),49.1540588,0.2233062,Plein jour,En agglomération,Hors intersection,Normale,Deux véhicules - arrière,4,1,1,0,1,1,1,0,1,30,2,3,2,0,0,1,19.0,59.0,voiture,voiture,1,2,1,1,2
202000021065,2020-09-10 01:25:00,2020,9,10,1,25,13,13214,MAISON BLANCHE (TRAVERSE),43.3294,5.37486,Nuit avec éclairage allumé,En agglomération,Hors intersection,Normale,Autre collision,4,1,1,0,1,1,1,0,1,50,1,1,0,0,1,0,52.0,,deux_roues,,5,2,1,1,6
202000021066,2020-09-09 13:00:00,2020,9,9,13,0,13,13212,PIERRE CHEVALIER (avenue),43.57896,5.55494,Plein jour,En agglomération,Hors intersection,Normale,Deux véhicules - arrière,4,2,4,0,2,1,1,0,1,50,2,3,1,0,0,2,18.0,47.0,voiture,voiture,1,2,1,1,2
202000021067,2020-09-09 07:30:00,2020,9,9,7,30,13,13001,RD9,43.48565,5.35701,Plein jour,Hors agglomération,Hors intersection,Temps couvert,Sans collision,3,3,4,0,3,3,2,3,1,90,1,1,0,0,1,0,25.0,,voiture,,1,1,1,8,7
202000021068,2020-09-08 13:30:00,2020,9,8,13,30,10,10333,ECHENILLY (RUE),48.26507,4.04018,Plein jour,En agglomération,Hors intersection,Normale,Sans collision,7,2,1,0,1,1,1,9,3,50,1,1,0,0,0,1,33.0,,deux_roues,,1,2,1,1,7
202000021069,2020-09-08 19:00:00,2020,9,8,19,0,06,06088,STADE DU RAY,43.7,7.25,Crépuscule ou aube,En agglomération,Hors intersection,Normale,Autre collision,4,2,4,0,2,3,1,0,1,50,1,2,1,0,1,0,37.0,,voiture,,2,2,1,1,6
202000021070,2020-09-09 20:20:00,2020,9,9,20,20,06,06083,ST ROMAN (AVENUE),43.8069,7.4876,Nuit avec éclairage allumé,En agglomération,Hors intersection,Normale,Deux véhicules - frontale,4,2,2,0,2,1,1,0,1,50,2,2,1,0,1,0,25.0,43.0,voiture,deux_roues,5,2,1,1,1
202000021071,2020-09-08 16:39:00,2020,9,8,16,39,05,05061,CHARLES AUROUZE ( RUE ),44.5637858,6.0785582,Plein jour,En agglomération,Giratoire,Normale,Deux véhicules - côté,4,2,2,0,1,2,1,5,1,50,2,2,1,0,0,1,43.0,48.0,deux_roues,voiture,1,2,6,1,3
202000021072,2020-07-29 14:40:00,2020,7,29,14,40,02,02722,PORTE CROUY ( RUE ),49.38556,3.33269,Plein jour,En agglomération,Place,Normale,Deux véhicules - arrière,4,1,1,1,1,1,1,0,1,50,2,2,1,0,1,0,28.0,63.0,deux_roues,voiture,1,2,7,1,2
202000021073,2020-07-18 14:50:00,2020,7,18,14,50,02,02064,ROUTE NATIONALE 2,49.36399,3.34468,Plein jour,Hors agglomération,Hors intersection,Normale,Trois véhicules et plus - en chaîne,2,1,2,0,1,1,1,0,1,110,3,3,2,0,0,1,21.0,67.0,voiture,voiture,1,1,1,1,4
202000021074,2020-09-08 16:20:00,2020,9,8,16,20,75,75112,BOULEVARD PERIPHERIQUE,48.833099,2.407166,Plein jour,En agglomération,Hors intersection,Normale,Deux véhicules - côté,4,1,4,0,1,1,1,0,1,70,2,1,0,0,0,1,38.0,,deux_roues,,1,2,1,1,3
202000021075,2020-09-08 15:50:00,2020,9,8,15,50,75,75119,BOULEVARD PERIPHERIQUE,48.900433,2.386158,Plein jour,En agglomération,Hors intersection,Normale,Deux véhicules - côté,4,1,4,0,1,1,1,0,1,70,2,2,1,0,0,1,24.0,38.0,voiture,voiture,1,2,1,1,3
202000021076,2020-09-08 20:42:00,2020,9,8,20,42,75,75113,QUAI D IVRY,48.825432,2.388375,Nuit avec éclairage allumé,En agglomération,Hors intersection,Normale,Autre collision,4,2,2,0,1,1,1,0,1,50,1,1,0,1,0,0,31.0,,deux_roues,,5,2,1,1,6
202000021077,2020-09-09 15:55:00,2020,9,9,15,55,75,75120,BOULEVARD DE MENILMONTANT,48.865355,2.384799,Plein jour,En agglomération,Hors intersection,Normale,Deux véhicules - côté,4,3,2,0,1,1,1,0,1,30,2,2,1,0,0,1,36.0,62.0,deux_roues,voiture,1,2,1,1,3
202000021078,2020-09-09 12:10:00,2020,9,9,12,10,75,75112,QUAI DE LA RAPEE,48.842012,2.372572,Plein jour,En agglomération,Hors intersection,Normale,Trois véhicules et plus - en chaîne,4,1,3,0,2,1,1,0,1,50,3,3,1,0,0,2,53.0,27.0,voiture,voiture,1,2,1,1,4
202000021079,2020-09-09 19:35:00,2020,9,9,19,35,75,75117,AVENUE STEPHANE MALLARME,48.886807,2.293657,Plein jour,En agglomération,Hors intersection,Normale,Sans collision,4,1,2,3,1,1,1,-1,6,30,1,1,0,0,0,1,41.0,,deux_roues,,1,2,1,1,7
202000021080,2020-09-09 17:15:00,2020,9,9,17,15,75,75117,RUE JACQUES IBERT,48.887176,2.287025,Plein jour,En agglomération,Hors intersection,Normale,Autre collision,4,1,1,0,1,1,1,0,4,30,1,2,1,0,0,1,6.0,,deux_roues,,1,2,1,1,6
202000021081,2020-09-09 13:30:00,2020,9,9,13,30,75,75117,RUE CARDINET,48.891125,2.318021,Plein jour,En agglomération,Intersection en T,Normale,Autre collision,4,2,2,0,1,1,1,0,1,30,1,2,1,0,0,1,15.0,,deux_roues,,1,2,3,1,6
202000021082,2020-09-09 16:30:00,2020,9,9,16,30,75,75116,ROUTE DE LA PTE DAUPHINE A LA PTE DES SA,48.874933,2.271094,Plein jour,En agglomération,Intersection en X,Normale,Deux véhicules - côté,4,2,2,0,1,1,1,0,1,50,2,3,0,0,0,3,22.0,38.0,voiture,voiture,1,2,2,1,3
202000021083,2020-09-09 18:45:00,2020,9,9,18,45,75,75114,RUE FROIDEVAUX,48.836019,2.327635,Plein jour,En agglomération,Intersection en X,Normale,Autre collision,4,1,4,0,1,1,1,0,1,30,1,2,1,0,0,1,31.0,,voiture,,1,2,2,1,6
202000021084,2020-09-09 09:30:00,2020,9,9,9,30,75,75115,RUE DE LA CROIX NIVERT,48.834415,2.289942,Plein jour,En agglomération,Intersection en Y,Normale,Deux véhicules - côté,4,2,2,0,2,1,1,0,1,50,2,2,1,0,0,1,27.0,55.0,deux_roues,voiture,1,2,4,1,3
202000021085,2020-09-08 18:35:00,2020,9,8,18,35,75,75115,RUE DE VAUGIRARD,48.840608,2.304992,Plein jour,En agglomération,Intersection en T,Normale,Deux véhicules - côté,4,1,3,0,1,1,1,0,1,50,2,2,1,0,0,1,79.0,57.0,voiture,deux_roues,1,2,3,1,3
202000021086,2020-09-09 17:25:00,2020,9,9,17,25,75,75114,AVENUE DU GENERAL LECLERC,48.823971,2.325703,Plein jour,En agglomération,Intersection en T,Normale,Autre collision,4,2,5,2,1,1,1,-1,5,50,1,2,1,0,0,1,16.0,,deux_roues,,1,2,3,1,6
202000021087,2020-09-09 18:16:00,2020,9,9,18,16,75,75113,QUAI D AUSTERLITZ,48.84299,2.366413,Plein jour,En agglomération,Hors intersection,Normale,Deux véhicules - côté,4,2,4,0,1,1,1,0,1,50,2,1,0,0,1,0,50.0,,deux_roues,,1,2,1,1,3
202000021088,2020-09-09 20:50:00,2020,9,9,20,50,75,75112,ROUTE DE LA FERME,48.826203,2.462712,Nuit avec éclairage allumé,En agglomération,Intersection en X,Normale,Autre collision,4,2,2,0,1,1,1,0,1,50,1,1,0,0,0,1,67.0,,voiture,,5,2,2,1,6
202000021089,2020-09-08 18:30:00,2020,9,8,18,30,75,75120,BOULEVARD PERIPHERIQUE,48.852713,2.414464,Plein jour,En agglomération,Hors intersection,Normale,Deux véhicules - côté,4,1,4,0,1,1,1,0,1,70,2,1,0,0,0,1,30.0,,deux_roues,,1,2,1,1,3
202000021090,2020-09-09 08:10:00,2020,9,9,8,10,75,75112,RUE PARROT,48.847056,2.374641,Plein jour,En agglomération,Hors intersection,Normale,Deux véhicules - côté,4,1,2,0,1,1,1,0,1,30,2,2,0,0,0,2,27.0,61.0,voiture,voiture,1,2,1,1,3
202000021091,2020-09-08 13:45:00,2020,9,8,13,45,75,75112,RUE DE PICPUS,48.843649,2.396695,Plein jour,En agglomération,Hors intersection,Normale,Deux véhicules - arrière,4,2,2,0,1,1,1,0,1,50,2,2,1,0,0,1,23.0,20.0,deux_roues,deux_roues,1,2,1,1,2
202000021092,2020-09-09 18:40:00,2020,9,9,18,40,75,75111,AVENUE DE LA REPUBLIQUE,48.864012,2.381173,Plein jour,En agglomération,Intersection à plus de 4 branches,Normale,Deux véhicules - côté,4,2,2,0,1,1,1,0,1,50,2,2,1,0,0,1,48.0,22.0,voiture,deux_roues,1,2,5,1,3
202000021093,2020-09-09 17:45:00,2020,9,9,17,45,75,75111,RUE DU GRAND PRIEURE,48.866475,2.368203,Plein jour,En agglomération,Intersection en X,Normale,Deux véhicules - côté,4,1,1,2,1,1,1,-1,5,50,2,2,0,0,0,2,17.0,32.0,deux_roues,deux_roues,1,2,2,1,3
202000021094,2020-09-09 19:45:00,2020,9,9,19,45,75,75108,RUE DE MARIGNAN,48.868567,2.30636,Nuit avec éclairage non allumé,En agglomération,Hors intersection,Normale,Autre collision,4,1,1,0,1,1,1,0,1,50,1,2,1,0,0,1,30.0,,voiture,,4,2,1,1,6
202000021095,2020-09-09 14:30:00,2020,9,9,14,30,75,75108,RUE DE ROME,48.88046,2.321326,Plein jour,En agglomération,Intersection en T,Normale,Deux véhicules - côté,4,2,2,0,2,1,1,0,1,50,2,2,1,0,0,1,61.0,47.0,voiture,deux_roues,1,2,3,1,3
202000021096,2020-09-09 08:45:00,2020,9,9,8,45,75,75107,QUAI D ORSAY,48.862325,2.30676,Plein jour,En agglomération,Hors intersection,Normale,Deux véhicules - arrière,4,2,4,1,1,1,1,-1,5,50,2,1,0,0,0,1,54.0,,deux_roues,,1,2,1,1,2
202000021097,2020-09-09 22:10:00,2020,9,9,22,10,75,75102,BOULEVARD DE SEBASTOPOL,48.865684,2.352224,Nuit avec éclairage allumé,En agglomération,Hors intersection,Normale,Deux véhicules - côté,4,2,2,1,1,1,1,-1,5,50,2,2,1,0,0,1,48.0,50.0,deux_roues,deux_roues,5,2,1,1,3
202000021098,2020-09-09 20:15:00,2020,9,9,20,15,75,75101,BOULEVARD DE SEBASTOPOL,48.862937,2.350687,Nuit avec éclairage allumé,En agglomération,Intersection en T,Normale,Deux véhicules - côté,4,1,5,0,1,1,1,0,1,50,2,3,2,0,0,1,22.0,36.0,deux_roues,voiture,5,2,3,1,3
202000021099,2020-09-09 07:55:00,2020,9,9,7,55,94,94068,BOURDIGNON (R),48.80287,2.476448,Plein jour,En agglomération,Hors intersection,Normale,Deux véhicules - côté,4,2,1,0,1,1,1,0,1,50,2,2,1,0,0,1,13.0,25.0,deux_roues,utilitaire_camion,1,2,1,1,3
202000021100,2020-09-08 15:20:00,2020,9,8,15,20,94,94068,REVOLUTION FRANCAISE (AV DE LA),48.79401,2.49914,Plein jour,En agglomération,Intersection en T,Normale,Deux véhicules - frontale,4,1,1,0,1,1,1,0,1,50,2,2,0,0,0,2,72.0,20.0,voiture,voiture,1,2,3,1,1
202000021101,2020-09-09 12:20:00,2020,9,9,12,20,94,94046,GEORGES CLEMENCEAU (AV),48.80824,2.44346,Plein jour,En agglomération,Intersection en X,Normale,Autre collision,4,2,2,0,1,1,1,0,1,50,1,2,1,0,0,1,72.0,,voiture,,1,2,2,1,6
202000021102,2020-09-08 23:00:00,2020,9,8,23,0,94,94041,GEORGES GOSNAT (AV),48.812954,2.387525,Nuit avec éclairage allumé,En agglomération,Hors intersection,Normale,,3,1,3,3,1,1,1,0,6,50,2,2,1,0,0,1,53.0,27.0,voiture,deux_roues,5,2,1,1,-1
202000021103,2020-09-09 18:50:00,2020,9,9,18,50,94,94078,CHARLES DE GAULLE (AV),48.7472,2.454,Plein jour,En agglomération,Hors intersection,Normale,Autre collision,4,1,1,0,1,3,1,0,1,30,1,3,2,0,1,0,45.0,,voiture,,1,2,1,1,6