accident_id,datetime,annee,mois,jour,heure,minute,departement,commune_insee,adresse,latitude,longitude,luminosite,agglomeration,intersection,meteo,collision,catr,circ,nbv,vosp,prof,plan,surf,infra,situ,vma,nb_vehicules,nb_usagers,nb_indemnes,nb_tues,nb_blesses_hosp,nb_blesses_legers,age_cond_1,age_cond_2,veh_type_cond_1,veh_type_cond_2,lum_code,agg_code,int_code,atm_code,col_code
202000021104,2020-09-09 15:30:00,2020,9,9,15,30,94,94054,ONZE NOVEMBRE 1918 (R DU),48.7414,2.4029,Plein jour,En agglomération,Hors intersection,Normale,Autre collision,4,2,2,0,1,3,1,0,1,30,1,1,0,0,0,1,91.0,,voiture,,1,2,1,1,6
202000021105,2020-09-09 14:30:00,2020,9,9,14,30,93,93078,BD ROBERT BALLANGER,48.95638,2.5415,Plein jour,En agglomération,Hors intersection,Normale,Trois véhicules et plus - en chaîne,3,2,2,0,1,1,1,0,1,50,3,3,2,0,0,1,23.0,57.0,voiture,voiture,1,2,1,1,4
202000021106,2020-09-09 18:00:00,2020,9,9,18,0,93,93071,WESTINGHOUSE (BOULEVARD),48.9269702,2.5199346,Plein jour,En agglomération,Hors intersection,Normale,Deux véhicules - côté,3,1,1,0,1,1,1,0,1,50,2,2,1,0,0,1,43.0,40.0,deux_roues,voiture,1,2,1,1,3
202000021107,2020-09-09 21:30:00,2020,9,9,21,30,93,93064,ALSACE-LORRAINE (BOULEVARD),48.88391,2.48829,Nuit avec éclairage allumé,En agglomération,Intersection en X,Normale,Deux véhicules - côté,3,2,4,0,1,1,1,5,1,50,2,2,0,0,0,2,26.0,,deux_roues,,5,2,2,1,3
202000021108,2020-09-09 08:00:00,2020,9,9,8,0,93,93055,ANATOLE FRANCE (AVENUE),48.8951,2.42551,Plein jour,En agglomération,Hors intersection,Normale,Autre collision,3,2,2,0,2,1,1,0,1,30,1,2,1,0,0,1,21.0,,voiture,,1,2,1,1,6
202000021109,2020-09-09 16:00:00,2020,9,9,16,0,93,93051,MONTAIGNE (AVE),48.84505,2.53883,Plein jour,En agglomération,Hors intersection,Normale,Deux véhicules - côté,7,2,2,0,1,1,1,0,1,50,2,2,1,0,0,1,20.0,18.0,voiture,deux_roues,1,2,1,1,3
202000021110,2020-09-08 16:30:00,2020,9,8,16,30,93,93051,CHAMPY RICHARDETS (BOULEVARD),48.8379,2.5817,Plein jour,En agglomération,Giratoire,Normale,Deux véhicules - arrière,4,2,2,0,1,1,1,0,1,50,2,2,1,0,0,1,45.0,43.0,voiture,deux_roues,1,2,6,1,2
202000021111,2020-09-09 09:45:00,2020,9,9,9,45,93,93050,BD DU MARECHAL FOCH,48.85443,2.52119,Plein jour,En agglomération,Hors intersection,Normale,Autre collision,3,-1,1,0,1,1,1,0,1,50,1,1,0,0,0,1,,,,,1,2,1,1,6
202000021112,2020-09-09 16:00:00,2020,9,9,16,0,93,93048,ROUGET DE L'ISLE (BOULEVARD),48.8590974,2.4379793,Plein jour,En agglomération,Hors intersection,Normale,Deux véhicules - arrière,3,-1,2,0,1,1,1,0,1,30,2,2,1,0,0,1,74.0,8.0,voiture,deux_roues,1,2,1,1,2
202000021113,2020-09-08 20:30:00,2020,9,8,20,30,93,93031,FELIX MERLIN,48.95529,2.2952,Crépuscule ou aube,En agglomération,Hors intersection,Normale,Autre collision,4,2,2,0,1,1,1,0,1,50,1,2,1,0,1,0,58.0,,transport_commun,,2,2,1,1,6
202000021114,2020-09-09 22:39:00,2020,9,9,22,39,93,93027,CONVENTION (RUE DE LA),48.9279049,2.3910463,Nuit avec éclairage allumé,En agglomération,Hors intersection,Normale,Autre collision,3,1,1,1,1,1,1,8,5,50,1,1,0,0,0,1,22.0,,deux_roues,,5,2,1,1,6
202000021115,2020-09-09 17:35:00,2020,9,9,17,35,93,93010,GUESDES (RUE JULES),48.9035892,2.4774775,Plein jour,En agglomération,Hors intersection,Normale,Deux véhicules - côté,3,2,2,0,1,1,1,0,1,50,2,2,1,0,0,1,26.0,33.0,deux_roues,voiture,1,2,1,1,3
202000021116,2020-09-09 11:05:00,2020,9,9,11,5,93,93010,GALLIENI (AV.) DE 2 A 96,48.9047865,2.4748812,Plein jour,En agglomération,Hors intersection,Normale,Deux véhicules - arrière,3,1,4,0,1,1,1,0,1,50,2,1,0,0,1,0,43.0,,deux_roues,,1,2,1,1,2
202000021117,2020-09-08 08:00:00,2020,9,8,8,0,93,93057,BRIAND ( AV. ARISTIDE) 1 A29,48.9078435,2.4934573,Plein jour,En agglomération,Hors intersection,Normale,Autre collision,3,1,0,0,1,1,1,0,1,50,1,2,1,0,0,1,60.0,,utilitaire_camion,,1,2,1,1,6
202000021118,2020-09-09 20:45:00,2020,9,9,20,45,93,93008,CALLAS (RUE MARIA),48.9088312,2.4537741,Nuit avec éclairage allumé,En agglomération,Intersection en X,Normale,Autre collision,4,2,2,0,1,1,1,0,1,50,1,2,1,0,0,1,24.0,,voiture,,5,2,2,1,6
202000021119,2020-09-09 18:15:00,2020,9,9,18,15,93,93055,JEAN JAURES (AVENUE) (76/128),48.90817,2.39705,Plein jour,En agglomération,Hors intersection,Normale,Deux véhicules - arrière,3,3,4,0,1,1,1,0,1,50,2,3,2,0,1,0,29.0,20.0,deux_roues,deux_roues,1,2,1,1,2
202000021120,2020-09-07 22:00:00,2020,9,7,22,0,93,93007,Avenue du Marechal Foch,48.9275186,2.468088,Nuit avec éclairage allumé,En agglomération,Hors intersection,Normale,Autre collision,4,1,1,0,1,2,1,0,4,50,1,1,0,1,0,0,31.0,,deux_roues,,5,2,1,1,6
202000021121,2020-09-09 15:10:00,2020,9,9,15,10,93,93005,CROIX BLANCHE (AVENUE DE LA),48.924814,2.499514,Plein jour,En agglomération,Autre intersection,Normale,Autre collision,4,2,2,0,1,1,1,0,1,50,1,2,1,0,0,1,51.0,,voiture,,1,2,9,1,6
202000021122,2020-09-09 14:05:00,2020,9,9,14,5,93,93005,R DE LA CONCORDE / R JULES PRINCET,48.936758,2.49724,Plein jour,En agglomération,Intersection en X,Normale,Deux véhicules - côté,3,2,2,0,1,1,1,0,1,50,2,2,1,0,0,1,28.0,61.0,deux_roues,voiture,1,2,2,1,3
202000021123,2020-09-08 12:50:00,2020,9,8,12,50,93,93001,REPUBLIQUE (AVE DE LA ) 43/106 =>,48.9043184,2.391459,Plein jour,En agglomération,Intersection en T,Pluie légère,,3,3,4,3,1,1,2,0,1,50,2,5,4,1,0,0,64.0,18.0,voiture,voiture,1,2,3,2,-1
202000021124,2020-09-08 23:35:00,2020,9,8,23,35,92,92075,ERNEST LAVAL (RUE),48.8204002,2.2909713,Nuit avec éclairage allumé,En agglomération,Giratoire,Normale,Deux véhicules - côté,3,1,2,0,1,1,1,0,1,50,2,2,1,0,0,1,21.0,21.0,deux_roues,voiture,5,2,6,1,3
202000021125,2020-09-09 00:45:00,2020,9,9,0,45,92,92072,GRANDE RUE,48.82645,2.21939,Nuit avec éclairage allumé,En agglomération,Intersection en X,Normale,Deux véhicules - côté,3,3,5,0,1,1,1,5,1,50,2,2,1,0,0,1,46.0,58.0,deux_roues,voiture,5,2,2,1,3
202000021126,2020-09-09 12:40:00,2020,9,9,12,40,92,92050,POINCARE RAYMOND RUE,48.889462,2.187495,Plein jour,En agglomération,Hors intersection,Normale,Autre collision,4,1,1,0,1,1,1,0,1,50,1,2,1,0,0,1,23.0,,voiture,,1,2,1,1,6
202000021127,2020-09-09 20:20:00,2020,9,9,20,20,92,92020,VERDUN AVENUE DE AUTRES N°,48.80055,2.28329,Nuit avec éclairage allumé,En agglomération,Hors intersection,Normale,Sans collision,3,2,2,0,2,1,1,0,1,50,1,1,0,0,0,1,30.0,,deux_roues,,5,2,1,1,7
202000021128,2020-09-09 15:30:00,2020,9,9,15,30,92,92040,PDT ROOSEVELT (QUAI DU),48.833084,2.263844,Plein jour,En agglomération,Hors intersection,Normale,Sans collision,3,1,1,0,1,3,1,0,1,50,1,1,0,0,0,1,41.0,,deux_roues,,1,2,1,1,7
202000021129,2020-09-09 10:30:00,2020,9,9,10,30,92,92036,MARCEL PAUL (AVENUE) (52/102),48.93682,2.303912,Plein jour,En agglomération,Intersection en X,Normale,Deux véhicules - côté,3,3,4,0,1,1,1,0,1,50,2,2,1,0,0,1,33.0,27.0,deux_roues,utilitaire_camion,1,2,2,1,3
202000021130,2020-09-08 17:45:00,2020,9,8,17,45,92,92035,VERDUN 1916 (AV),48.906646,2.238068,Plein jour,En agglomération,Hors intersection,Normale,Trois véhicules et plus - en chaîne,3,3,5,0,1,3,1,0,1,50,3,4,1,0,0,3,51.0,72.0,voiture,voiture,1,2,1,1,4
202000021131,2020-09-09 21:10:00,2020,9,9,21,10,92,92062,MICHELET (RUE),48.88825,2.24477,Nuit avec éclairage allumé,En agglomération,Hors intersection,Normale,Sans collision,5,1,1,0,1,1,9,9,8,30,1,1,0,0,0,1,55.0,,deux_roues,,5,2,1,1,7
202000021132,2020-09-09 13:35:00,2020,9,9,13,35,92,92026,VICTOR HUGO (DE 01 A 45),48.8929454,2.2550189,Plein jour,En agglomération,Autre intersection,Normale,Deux véhicules - côté,3,2,2,1,1,1,1,0,5,50,2,3,2,0,0,1,39.0,32.0,voiture,deux_roues,1,2,9,1,3
202000021133,2020-09-09 15:00:00,2020,9,9,15,0,92,92002,ARMAND GUILLEBAUD (AVENUE),48.7480797,2.3087095,Plein jour,En agglomération,Hors intersection,Normale,Deux véhicules - frontale,3,2,4,0,1,1,1,0,1,50,2,2,1,0,0,1,13.0,59.0,deux_roues,voiture,1,2,1,1,1
202000021134,2020-09-05 19:20:00,2020,9,5,19,20,92,92002,ARISTIDE BRIAND (AVENUE),48.76332,2.30914,Plein jour,En agglomération,Place,Normale,Deux véhicules - côté,3,1,4,1,1,1,1,5,1,50,2,2,1,0,0,1,24.0,63.0,deux_roues,voiture,1,2,7,1,3
202000021135,2020-09-09 19:59:00,2020,9,9,19,59,08,08329,D3,49.605982,4.464827,Crépuscule ou aube,Hors agglomération,Hors intersection,Normale,Sans collision,3,2,2,0,2,2,1,0,3,80,1,1,0,0,1,0,73.0,,deux_roues,,2,1,1,1,7
202000021136,2020-09-09 12:15:00,2020,9,9,12,15,86,86203,Voie  communale n°3,46.29505,0.665907,Plein jour,Hors agglomération,Hors intersection,Normale,Autre collision,4,2,2,0,1,1,1,0,3,80,1,1,0,0,1,0,77.0,,voiture,,1,1,1,1,6
202000021137,2020-09-09 17:30:00,2020,9,9,17,30,01,01033,A40,46.106293,5.809465,Plein jour,Hors agglomération,Hors intersection,Normale,Autre collision,1,3,4,0,2,1,1,0,1,110,1,1,0,0,1,0,52.0,,deux_roues,,1,1,1,1,6
202000021138,2020-09-09 18:45:00,2020,9,9,18,45,16,16316,Rue de Verrieres,45.577023,-0.299489,Plein jour,En agglomération,Hors intersection,Normale,Deux véhicules - côté,4,2,2,0,2,2,1,0,1,50,2,2,1,0,1,0,15.0,53.0,deux_roues,utilitaire_camion,1,2,1,1,3
202000021139,2020-09-09 14:50:00,2020,9,9,14,50,74,74295,Le Jotty (Arrêt de bus),46.306987,6.613491,Plein jour,Hors agglomération,Hors intersection,Normale,Trois véhicules et plus - collisions multiples,3,2,2,0,2,4,1,0,8,80,3,3,2,0,1,0,33.0,48.0,deux_roues,voiture,1,1,1,1,5
202000021140,2020-09-09 14:00:00,2020,9,9,14,0,64,64410,Avenue Charles Moureu,43.383187,-0.611157,Plein jour,En agglomération,Giratoire,Normale,Deux véhicules - côté,3,2,2,1,1,3,1,5,5,50,2,2,1,0,1,0,77.0,78.0,voiture,deux_roues,1,2,6,1,3
202000021141,2020-09-10 10:50:00,2020,9,10,10,50,62,62769,D305,50.90832,1.85846,Plein jour,Hors agglomération,Intersection en X,Normale,Deux véhicules - côté,3,2,2,0,1,1,1,0,1,70,2,2,1,0,0,1,45.0,45.0,voiture,deux_roues,1,1,2,1,3
202000021142,2020-09-10 12:00:00,2020,9,10,12,0,42,42032,Route de Couttanges,45.5136319,4.5601364,Plein jour,En agglomération,Hors intersection,Normale,Autre collision,4,2,2,0,1,1,1,0,1,30,1,2,1,0,1,0,79.0,,voiture,,1,2,1,1,6
202000021143,2020-09-09 15:30:00,2020,9,9,15,30,69,69260,791 Chemin des Gaupières,45.650485,4.802435,Plein jour,En agglomération,Hors intersection,Normale,Autre collision,3,2,2,0,2,1,1,0,4,50,1,1,0,1,0,0,60.0,,voiture,,1,2,1,1,6
202000021144,2020-09-10 05:43:00,2020,9,10,5,43,57,57465,D918,49.323975,6.259546,Nuit sans éclairage public,Hors agglomération,Hors intersection,Normale,Deux véhicules - frontale,3,2,2,0,2,3,1,0,1,80,2,2,0,1,0,1,35.0,26.0,utilitaire_camion,utilitaire_camion,3,1,1,1,1
202000021145,2020-09-09 07:29:00,2020,9,9,7,29,57,57414,D44bis,48.658981,7.019534,Crépuscule ou aube,Hors agglomération,Intersection en T,Temps éblouissant,Deux véhicules - frontale,3,3,3,0,1,1,1,5,1,80,2,2,1,0,1,0,15.0,47.0,deux_roues,voiture,2,1,3,7,1
202000021146,2020-09-10 18:50:00,2020,9,10,18,50,19,19117,,45.0955239,1.4721304,Plein jour,Hors agglomération,Hors intersection,Normale,Deux véhicules - frontale,3,2,2,0,2,2,1,0,1,90,2,2,1,1,0,0,33.0,25.0,voiture,deux_roues,1,1,1,1,1
202000021147,2020-09-09 22:15:00,2020,9,9,22,15,74,74062,1009 Route d'Annecy,45.978445,6.164285,Nuit sans éclairage public,En agglomération,Hors intersection,Normale,Autre collision,3,2,2,0,1,1,1,0,4,50,1,2,0,0,1,1,23.0,,voiture,,3,2,1,1,6
202000021148,2020-09-10 10:25:00,2020,9,10,10,25,76,76387,cd142,49.705222,0.888519,Plein jour,Hors agglomération,Intersection en X,Normale,Deux véhicules - côté,3,2,2,0,1,1,1,0,1,80,2,3,2,0,1,0,69.0,23.0,voiture,voiture,1,1,2,1,3
202000021149,2020-08-31 17:10:00,2020,8,31,17,10,76,76728,Rue de l'Orme,49.487531,0.983738,Plein jour,Hors agglomération,Hors intersection,Normale,Autre collision,4,2,2,0,2,1,1,0,1,80,1,3,2,0,1,0,14.0,,voiture,,1,1,1,1,6
202000021150,2020-09-09 08:40:00,2020,9,9,8,40,80,80062,D1015,49.837149,1.765403,Plein jour,Hors agglomération,Intersection en X,Normale,Deux véhicules - côté,3,2,2,0,1,1,1,5,1,80,2,3,1,0,2,0,30.0,64.0,voiture,voiture,1,1,2,1,3
202000021151,2020-09-10 17:00:00,2020,9,10,17,0,65,65171,D618,42.821076,0.417255,Plein jour,Hors agglomération,Intersection en X,Normale,Deux véhicules - côté,3,2,2,0,2,1,1,0,1,70,2,2,1,0,1,0,54.0,69.0,voiture,deux_roues,1,1,2,1,3
202000021152,2020-09-10 10:35:00,2020,9,10,10,35,32,32410,D39,43.50841,0.948805,Plein jour,Hors agglomération,Hors intersection,Normale,Autre collision,3,2,2,0,1,1,9,0,3,80,1,1,0,1,0,0,30.0,,voiture,,1,1,1,1,6
202000021153,2020-09-10 11:20:00,2020,9,10,11,20,11,11170,Boulevard de la Corderie,43.104815,3.095108,Plein jour,En agglomération,Hors intersection,Normale,Autre collision,4,2,2,0,1,1,1,0,1,50,1,2,1,1,0,0,48.0,,utilitaire_camion,,1,2,1,1,6
202000021154,2020-09-09 15:50:00,2020,9,9,15,50,49,49339,4 Chemin du Lavoir,47.577796,-0.546774,Plein jour,En agglomération,Intersection en T,Normale,Deux véhicules - côté,4,1,1,0,2,2,1,0,1,30,2,2,1,0,1,0,8.0,49.0,deux_roues,voiture,1,2,3,1,3
202000021155,2020-09-09 17:30:00,2020,9,9,17,30,34,34013,1 Chemin des Pins,43.563216,3.449074,Plein jour,En agglomération,Intersection en T,Pluie légère,Deux véhicules - frontale,3,2,2,0,2,1,2,0,1,50,2,2,1,0,0,1,50.0,20.0,utilitaire_camion,deux_roues,1,2,3,2,1
202000021156,2020-09-09 20:30:00,2020,9,9,20,30,39,39099,,47.018609,5.380168,Nuit sans éclairage public,Hors agglomération,Hors intersection,Normale,Trois véhicules et plus - collisions multiples,3,2,2,0,1,1,1,0,1,90,3,7,0,1,2,4,20.0,50.0,voiture,voiture,3,1,1,1,5
202000021157,2020-09-08 16:00:00,2020,9,8,16,0,25,25367,TEMPLE,47.451279,6.807103,Plein jour,En agglomération,Intersection en T,Normale,Deux véhicules - côté,3,2,2,0,1,1,1,5,1,50,2,2,1,0,1,0,39.0,34.0,voiture,deux_roues,1,2,3,1,3
202000021158,2020-09-10 10:40:00,2020,9,10,10,40,25,25537,PUITS NOIR,47.127876,6.123998,Plein jour,Hors agglomération,Hors intersection,Normale,Deux véhicules - frontale,3,2,2,0,2,3,1,0,1,80,2,2,1,0,1,0,50.0,31.0,voiture,deux_roues,1,1,1,1,1
202000021159,2020-09-09 17:55:00,2020,9,9,17,55,29,29185,4 Boulevard de l'Europe,48.6584096,-4.1683251,Plein jour,En agglomération,Intersection en X,Normale,Deux véhicules - côté,3,2,2,0,1,2,1,5,1,50,2,2,1,0,1,0,75.0,59.0,deux_roues,voiture,1,2,2,1,3
202000021160,2020-09-09 20:00:00,2020,9,9,20,0,29,29036,D17 - 286 Lieu Dit Treflech,48.2918239,-3.7408907,Crépuscule ou aube,Hors agglomération,Intersection en Y,Normale,Autre collision,3,2,2,0,2,3,1,5,1,70,1,1,0,0,1,0,59.0,,voiture,,2,1,4,1,6
202000021161,2020-09-09 18:45:00,2020,9,9,18,45,29,29100,Boteden,48.5704762,-4.3925999,Plein jour,Hors agglomération,Intersection en X,Normale,Deux véhicules - frontale,3,2,2,0,1,1,1,5,1,-1,2,2,1,0,0,1,19.0,89.0,voiture,voiture,1,1,2,1,1
202000021162,2020-09-10 12:30:00,2020,9,10,12,30,38,38249,A41,45.2231,5.821381,Plein jour,Hors agglomération,Intersection en Y,Normale,Deux véhicules - côté,1,1,1,0,2,2,1,2,1,110,2,4,2,0,1,1,51.0,26.0,voiture,voiture,1,1,4,1,3
202000021163,2020-09-09 16:05:00,2020,9,9,16,5,02,02307,4 Rue de Meaux,49.175297,3.125954,Plein jour,En agglomération,Hors intersection,Normale,Deux véhicules - côté,4,2,2,0,1,1,1,0,1,50,2,2,1,0,1,0,60.0,75.0,voiture,voiture,1,2,1,1,3
202000021164,2020-09-10 10:45:00,2020,9,10,10,45,15,15187,18 Avenue de la République,45.033575,3.1029993,Plein jour,En agglomération,Autre intersection,Normale,Autre collision,3,2,2,0,1,1,1,0,1,50,1,2,1,0,1,0,63.0,,voiture,,1,2,9,1,6
202000021165,2020-09-10 09:20:00,2020,9,10,9,20,01,01163,D28B,46.371695,5.190611,Plein jour,Hors agglomération,Intersection en X,Normale,Deux véhicules - frontale,3,2,2,0,1,1,1,0,1,80,2,2,0,0,0,2,69.0,60.0,voiture,voiture,1,1,2,1,1
202000021166,2020-09-09 15:05:00,2020,9,9,15,5,66,66222,Boulevard Clemenceau,42.547677,2.388897,Plein jour,En agglomération,Hors intersection,Normale,Deux véhicules - côté,3,2,2,0,1,1,1,0,1,50,2,4,3,0,0,1,39.0,47.0,voiture,voiture,1,2,1,1,3
202000021167,2020-09-10 17:30:00,2020,9,10,17,30,06,06079,Avenue de Frejus Paul Ricard,43.538017,6.935041,Plein jour,En agglomération,Hors intersection,Normale,Deux véhicules - arrière,3,1,2,0,1,1,1,0,1,50,2,2,1,0,0,1,41.0,60.0,deux_roues,voiture,1,2,1,1,2
202000021168,2020-09-10 07:30:00,2020,9,10,7,30,14,14738,1 Rue des Alizés,49.158152,-0.458567,Plein jour,En agglomération,Intersection en T,Normale,Deux véhicules - côté,4,2,2,0,1,1,1,0,1,50,2,2,1,1,0,0,25.0,43.0,deux_roues,voiture,1,2,3,1,3
202000021169,2020-09-10 11:30:00,2020,9,10,11,30,05,05128,Saint-André-d'Embrun,44.566257,6.52162,Plein jour,Hors agglomération,Hors intersection,Normale,Deux véhicules - côté,3,2,2,0,2,3,1,0,1,80,2,2,1,0,0,1,21.0,76.0,deux_roues,voiture,1,1,1,1,3
202000021170,2020-09-07 10:15:00,2020,9,7,10,15,05,05040,6 Place du Grand Logis,44.547191,6.277614,Plein jour,En agglomération,Giratoire,Normale,Autre collision,4,4,2,0,1,1,1,5,4,50,1,2,0,0,1,1,87.0,,voiture,,1,2,6,1,6
202000021171,2020-09-09 21:40:00,2020,9,9,21,40,90,90084,D49,47.651173,7.019631,Nuit sans éclairage public,Hors agglomération,Hors intersection,Normale,Autre collision,3,2,2,0,1,3,1,0,3,80,1,2,0,0,2,0,19.0,,voiture,,3,1,1,1,6
202000021172,2020-06-10 10:28:00,2020,6,10,10,28,75,75119,AVENUE JEAN JAURES,48.885171,2.379363,Plein jour,En agglomération,Intersection en T,Normale,Deux véhicules - côté,4,1,1,0,1,1,1,0,1,50,2,2,1,0,0,1,43.0,23.0,deux_roues,deux_roues,1,2,3,1,3
202000021173,2020-06-10 13:10:00,2020,6,10,13,10,75,75118,BOULEVARD ORNANO,48.896642,2.345439,Plein jour,En agglomération,Hors intersection,Normale,Autre collision,4,2,6,3,1,1,1,0,1,50,1,2,1,0,0,1,28.0,,deux_roues,,1,2,1,1,6
202000021174,2020-06-10 01:25:00,2020,6,10,1,25,75,75116,ALLEE DE LONGCHAMP,48.863724,2.240146,Nuit avec éclairage allumé,En agglomération,Intersection en X,Normale,Autre collision,4,2,4,0,1,3,1,0,1,50,1,1,0,0,0,1,51.0,,deux_roues,,5,2,2,1,6
202000021175,2020-06-10 07:35:00,2020,6,10,7,35,75,75114,PLACE DU VINGT CINQ AOUT 1944,48.823039,2.325497,Plein jour,En agglomération,Place,Normale,Autre collision,4,1,1,2,1,1,1,0,4,25,1,1,0,0,0,1,,,,,1,2,7,1,6
202000021176,2020-06-10 13:56:00,2020,6,10,13,56,75,75107,QUAI D ORSAY,48.862865,2.314505,Plein jour,En agglomération,Hors intersection,Normale,Autre collision,4,2,5,1,1,1,1,-1,5,50,1,2,1,0,0,1,45.0,,deux_roues,,1,2,1,1,6
202000021177,2020-06-10 17:45:00,2020,6,10,17,45,75,75101,BOULEVARD DE SEBASTOPOL,48.859531,2.348785,Plein jour,En agglomération,Intersection en T,Normale,Autre collision,4,1,4,1,1,1,1,-1,5,50,1,1,0,0,0,1,39.0,,deux_roues,,1,2,3,1,6
202000021178,2020-06-09 15:55:00,2020,6,9,15,55,75,75102,AVENUE DE L OPERA,48.867768,2.333564,Plein jour,En agglomération,Intersection en Y,Normale,Autre collision,4,1,3,0,1,1,1,0,1,50,1,1,0,0,0,1,40.0,,voiture,,1,2,4,1,6
202000021179,2020-06-09 15:55:00,2020,6,9,15,55,75,75104,RUE SAINT ANTOINE,48.854636,2.362768,Plein jour,En agglomération,Intersection en T,Normale,Deux véhicules - frontale,4,2,4,1,1,1,1,-1,5,50,2,2,1,0,0,1,61.0,18.0,deux_roues,deux_roues,1,2,3,1,1
202000021180,2020-06-09 18:05:00,2020,6,9,18,5,94,94081,BERTHIE ALBRECHT (R),48.79828,2.41174,Plein jour,En agglomération,Intersection en X,Normale,Deux véhicules - côté,4,2,2,0,1,1,1,5,1,30,2,2,1,0,0,1,25.0,25.0,voiture,voiture,1,2,2,1,3
202000021181,2020-06-10 21:35:00,2020,6,10,21,35,94,94003,COLONEL FABIEN (R DU),48.80114,2.33679,Crépuscule ou aube,En agglomération,Intersection en T,Normale,Autre collision,4,2,2,0,3,1,1,0,3,50,1,3,1,0,1,1,54.0,,utilitaire_camion,,2,2,3,1,6
202000021182,2020-06-10 19:00:00,2020,6,10,19,0,94,94076,STALINGRAD (AV DE),48.78228,2.36704,Nuit avec éclairage allumé,En agglomération,Autre intersection,Temps couvert,Deux véhicules - côté,3,2,3,2,1,1,1,5,1,10,2,2,1,0,0,1,61.0,36.0,deux_roues,voiture,5,2,9,8,3
202000021183,2020-06-10 18:00:00,2020,6,10,18,0,94,94038,DIVISION LECLERC (AV),48.77578,2.33034,Plein jour,En agglomération,Hors intersection,Normale,Sans collision,3,2,2,0,1,1,1,0,1,50,1,1,0,0,0,1,44.0,,deux_roues,,1,2,1,1,7
202000021184,2020-06-08 22:25:00,2020,6,8,22,25,94,94028,HALPERN.(AVENUE BERNARD),48.7853522,2.4578092,Nuit avec éclairage allumé,En agglomération,Hors intersection,Normale,Sans collision,3,3,2,0,1,2,1,3,1,90,1,1,0,0,0,1,21.0,,voiture,,5,2,1,1,7
202000021185,2020-06-10 18:20:00,2020,6,10,18,20,94,94077,ROGER SALENGRO (R),48.737224,2.411072,Plein jour,En agglomération,Intersection en X,Normale,Deux véhicules - côté,4,2,2,0,2,1,1,0,1,50,2,5,2,0,0,3,26.0,21.0,voiture,voiture,1,2,2,1,3
202000021186,2020-06-09 16:55:00,2020,6,9,16,55,94,94022,ALLIES (BD DES),48.765477,2.404672,Plein jour,En agglomération,Autre intersection,Normale,Autre collision,3,1,2,0,1,1,1,9,1,50,1,2,0,0,0,2,17.0,,deux_roues,,1,2,9,1,6
202000021187,2020-06-10 18:00:00,2020,6,10,18,0,94,94017,GENERAL DE GAULLE (AV DU),48.82729,2.51264,Plein jour,En agglomération,Hors intersection,Normale,Deux véhicules - côté,3,-1,2,0,1,1,1,0,1,30,2,2,1,0,0,1,40.0,49.0,deux_roues,utilitaire_camion,1,2,1,1,3
202000021188,2020-06-09 15:35:00,2020,6,9,15,35,94,94002,LATERAL (CHE),48.80783,2.42355,Plein jour,En agglomération,Hors intersection,Normale,Deux véhicules - côté,4,1,1,0,1,1,1,0,1,50,2,1,0,0,0,1,17.0,,deux_roues,,1,2,1,1,3
202000021189,2020-06-10 16:15:00,2020,6,10,16,15,93,93078,DAMBEL (AVENUE EMILE),48.9524082,2.550472,Plein jour,En agglomération,Intersection en T,Normale,Deux véhicules - côté,4,4,2,0,1,1,1,0,1,50,2,4,0,0,0,4,20.0,54.0,voiture,voiture,1,2,3,1,3
202000021190,2020-06-10 11:05:00,2020,6,10,11,5,93,93051,MARECHAL JUIN (AVENUE),48.8418997,2.5687847,Plein jour,En agglomération,Intersection en X,Normale,Deux véhicules - côté,4,2,2,0,1,1,1,0,1,50,2,5,0,0,0,5,35.0,56.0,autre,voiture,1,2,2,1,3
202000021191,2020-06-10 12:45:00,2020,6,10,12,45,93,93047,BARGUE  (BOULEVARD),48.9012521,2.5584483,Plein jour,En agglomération,Hors intersection,Normale,Autre collision,4,2,2,0,1,1,1,0,1,30,1,2,1,0,0,1,23.0,,voiture,,1,2,1,1,6
202000021192,2020-06-10 21:45:00,2020,6,10,21,45,93,93007,SAINT-PIERRE (ROND-POINT),48.9282453,2.4635475,Nuit avec éclairage allumé,En agglomération,Hors intersection,Normale,Deux véhicules - frontale,4,2,2,0,1,1,1,0,1,50,2,2,1,0,0,1,24.0,19.0,voiture,deux_roues,5,2,1,1,1
202000021193,2020-06-10 13:50:00,2020,6,10,13,50,93,93001,AV VICTOR HUGO ,48.9111308,2.37928,Plein jour,En agglomération,Autre intersection,Normale,Autre collision,3,1,1,0,1,1,1,9,8,50,1,2,1,0,0,1,39.0,,utilitaire_camion,,1,2,9,1,6
202000021194,2020-06-08 17:50:00,2020,6,8,17,50,92,92050,HAVRE BOULEVARD DU,48.91882,2.2228,Plein jour,En agglomération,Intersection à plus de 4 branches,Temps couvert,Deux véhicules - côté,3,1,3,0,1,2,1,5,1,50,2,2,1,0,0,1,27.0,27.0,deux_roues,voiture,1,2,5,8,3
202000021195,2020-06-10 14:00:00,2020,6,10,14,0,92,92044,ARISTIDE BRIAND(RUE)1A49 ET 2A52,48.8904165,2.2836529,Plein jour,En agglomération,Intersection en X,Normale,Deux véhicules - côté,4,1,2,3,1,1,1,0,1,50,2,3,2,0,0,1,40.0,31.0,deux_roues,utilitaire_camion,1,2,2,1,3
202000021196,2020-04-12 14:30:00,2020,4,12,14,30,92,92025,GABRIEL PERI (RUE),48.914619,2.229037,Plein jour,En agglomération,Intersection en X,Normale,Autre collision,3,2,4,0,2,1,2,9,1,50,1,4,1,0,0,3,22.0,,voiture,,1,2,2,1,6