accident_id,datetime,annee,mois,jour,heure,minute,departement,commune_insee,adresse,latitude,longitude,luminosite,agglomeration,intersection,meteo,collision,catr,circ,nbv,vosp,prof,plan,surf,infra,situ,vma,nb_vehicules,nb_usagers,nb_indemnes,nb_tues,nb_blesses_hosp,nb_blesses_legers,age_cond_1,age_cond_2,veh_type_cond_1,veh_type_cond_2,lum_code,agg_code,int_code,atm_code,col_code
202000021383,2020-06-09 18:15:00,2020,6,9,18,15,91,91689,AUTOROUTE A6,48.73554,2.317,Plein jour,Hors agglomération,Intersection en Y,Normale,Autre collision,1,1,2,0,2,3,1,3,3,90,1,2,0,0,0,2,24.0,,voiture,,1,1,4,1,6
202000021384,2020-08-07 00:35:00,2020,8,7,0,35,42,42097,A72,45.52031,4.29371,Nuit sans éclairage public,Hors agglomération,Autre intersection,Normale,Autre collision,1,3,8,0,1,3,1,3,1,70,1,4,3,0,1,0,20.0,,voiture,,3,1,9,1,6
202000021385,2020-08-10 01:16:00,2020,8,10,1,16,54,54483,Autoroute A 33,48.61689,6.28159,Nuit sans éclairage public,Hors agglomération,Hors intersection,Normale,Sans collision,1,3,4,0,2,3,1,0,1,110,1,1,0,0,1,0,27.0,,deux_roues,,3,1,1,1,7
202000021386,2020-06-09 17:20:00,2020,6,9,17,20,77,77251,AUTOROUTE A5A,48.6261481,2.5390803,Plein jour,Hors agglomération,Hors intersection,Normale,Deux véhicules - côté,1,3,7,0,1,1,1,0,1,110,2,2,1,0,0,1,28.0,28.0,voiture,utilitaire_camion,1,1,1,1,3
202000021387,2020-08-10 19:20:00,2020,8,10,19,20,95,95277,AUTOROUTE A3,48.97483,2.4902,Plein jour,Hors agglomération,Hors intersection,Normale,Deux véhicules - arrière,3,3,-1,0,1,3,1,3,1,90,2,2,1,0,0,1,22.0,26.0,voiture,voiture,1,1,1,1,2
202000021388,2020-06-08 10:20:00,2020,6,8,10,20,92,92025,A86,48.9224664,2.2270148,Plein jour,Hors agglomération,Hors intersection,Normale,Deux véhicules - côté,1,3,2,0,1,1,1,0,1,70,2,1,0,0,0,1,29.0,,deux_roues,,1,1,1,1,3
202000021389,2020-08-10 12:15:00,2020,8,10,12,15,94,94073,A86 INT,48.75458,2.34791,Plein jour,Hors agglomération,Hors intersection,Normale,Deux véhicules - arrière,2,-1,6,0,1,1,1,0,1,90,2,2,0,0,0,2,33.0,23.0,utilitaire_camion,voiture,1,1,1,1,2
202000021390,2020-08-10 12:00:00,2020,8,10,12,0,94,94065,A86 EXT,48.7541,2.3499,Plein jour,Hors agglomération,Hors intersection,Normale,Deux véhicules - arrière,2,3,6,0,1,1,1,0,1,90,2,2,1,0,0,1,38.0,48.0,voiture,utilitaire_camion,1,1,1,1,2
202000021391,2020-06-08 16:00:00,2020,6,8,16,0,95,95306, A15,49.00087,2.17328,Plein jour,Hors agglomération,Hors intersection,Normale,Deux véhicules - arrière,1,3,6,0,1,1,1,0,1,110,2,2,0,0,0,2,47.0,50.0,voiture,voiture,1,1,1,1,2
202000021392,2020-06-08 14:00:00,2020,6,8,14,0,93,93066,AUTOROUTE A86,48.92529,2.33953,Plein jour,Hors agglomération,Hors intersection,Normale,Deux véhicules - arrière,1,3,5,0,1,1,1,0,1,70,2,2,1,0,0,1,38.0,26.0,utilitaire_camion,utilitaire_camion,1,1,1,1,2
202000021393,2020-07-28 19:35:00,2020,7,28,19,35,04,04086,RD 900,44.3913923,6.6725368,Plein jour,Hors agglomération,Intersection en T,Normale,Deux véhicules - côté,3,2,2,0,1,1,1,0,1,80,2,3,1,0,1,1,41.0,21.0,deux_roues,voiture,1,1,3,1,3
202000021394,2020-08-06 19:00:00,2020,8,6,19,0,974,97409,Rue du parc du colosse,-20.926605,55.661566,Nuit sans éclairage public,En agglomération,Hors intersection,Normale,Autre collision,4,2,2,0,1,1,1,8,1,50,1,1,0,0,0,1,,,,,3,2,1,1,6
202000021395,2020-08-06 19:45:00,2020,8,6,19,45,974,97409,Avenue Ile de France,-20.951805,55.648841,Nuit avec éclairage allumé,En agglomération,Autre intersection,Normale,Deux véhicules - côté,4,2,2,0,1,1,1,0,1,50,2,4,2,0,1,1,19.0,39.0,voiture,voiture,5,2,9,1,3
202000021396,2020-08-04 19:35:00,2020,8,4,19,35,974,97409,Chemin Lefaguyes,-20.962907,55.658927,Nuit sans éclairage public,En agglomération,Giratoire,Normale,Deux véhicules - côté,3,1,1,0,3,2,1,9,1,50,2,2,1,0,0,1,24.0,39.0,voiture,voiture,3,2,6,1,3
202000021397,2020-08-09 14:40:00,2020,8,9,14,40,973,97302,ZEPHIR (ROCADE),4.9374954,-52.3067413,Plein jour,En agglomération,Hors intersection,Normale,Deux véhicules - côté,3,2,1,0,1,1,1,0,1,50,2,3,1,0,0,2,21.0,22.0,deux_roues,voiture,1,2,1,1,3
202000021398,2020-08-09 12:00:00,2020,8,9,12,0,69,69383,DOCTEUR REBATEL (DU)                (R ),45.74937,4.87332,Plein jour,En agglomération,Hors intersection,Normale,,4,1,1,1,1,1,1,0,1,50,2,1,0,0,0,1,26.0,,voiture,,1,2,1,1,-1
202000021399,2020-08-09 06:20:00,2020,8,9,6,20,69,69387,ANVERS (D')                         (R ),45.7492,4.842,Crépuscule ou aube,En agglomération,Intersection en X,Normale,Deux véhicules - côté,4,1,4,1,1,1,1,0,1,50,2,4,1,0,2,1,22.0,34.0,voiture,voiture,2,2,2,1,3
202000021400,2020-08-09 02:34:00,2020,8,9,2,34,69,69387,CLAUDE BERNARD                      (QU),45.75606,4.84023,Nuit avec éclairage allumé,En agglomération,Intersection en X,Normale,Deux véhicules - côté,4,1,3,0,1,1,1,0,1,50,2,4,3,0,0,1,25.0,20.0,voiture,deux_roues,5,2,2,1,3
202000021401,2020-08-08 19:20:00,2020,8,8,19,20,972,97213,DUCHESNES 1,14.6401,-60.9741,Nuit sans éclairage public,En agglomération,Hors intersection,Normale,Deux véhicules - frontale,4,2,2,0,2,1,1,0,1,50,2,4,1,0,0,3,68.0,32.0,voiture,voiture,3,2,1,1,1
202000021402,2020-08-07 20:51:00,2020,8,7,20,51,972,97213,ACAJOU PROLONGEE,14.6241658,-61.0193932,Nuit avec éclairage non allumé,Hors agglomération,Hors intersection,Normale,Autre collision,4,-1,2,0,1,3,1,0,1,50,1,1,0,0,1,0,39.0,,deux_roues,,4,1,1,1,6
202000021403,2020-08-09 20:55:00,2020,8,9,20,55,2A,2A004,ILES SANGUINAIRES ROUTE DES,41.90922,8.68765,Crépuscule ou aube,En agglomération,Hors intersection,Normale,Autre collision,3,2,2,0,1,2,1,0,4,50,1,1,0,0,0,1,25.0,,deux_roues,,2,2,1,1,6
202000021404,2020-08-09 22:20:00,2020,8,9,22,20,95,95268,AV DIVISION LECLERC,48.96905,2.39867,Nuit avec éclairage allumé,En agglomération,Hors intersection,Normale,Autre collision,4,2,2,0,1,1,1,0,1,30,1,2,1,0,0,1,30.0,,voiture,,5,2,1,1,6
202000021405,2020-08-08 19:07:00,2020,8,8,19,7,91,91191,REPUBLIQUE (AVENUE DE LA),48.71867,2.45603,Plein jour,En agglomération,Intersection en X,Normale,Deux véhicules - côté,3,-1,0,0,1,2,1,5,1,50,2,2,1,0,1,0,30.0,28.0,utilitaire_camion,deux_roues,1,2,2,1,3
202000021406,2020-08-04 10:40:00,2020,8,4,10,40,83,83126,ECHANGEUR D'OLLIOULES,43.12051,5.85231,Plein jour,En agglomération,Giratoire,Normale,Deux véhicules - arrière,3,1,2,0,1,1,1,0,1,50,2,2,1,0,1,0,56.0,34.0,voiture,deux_roues,1,2,6,1,2
202000021407,2020-08-09 21:35:00,2020,8,9,21,35,83,83069,MARAIS (ROUTE DES),43.08165,6.14022,Nuit sans éclairage public,Hors agglomération,Hors intersection,Normale,Trois véhicules et plus - en chaîne,3,2,0,0,1,1,1,0,1,70,3,5,2,0,0,3,20.0,20.0,utilitaire_camion,utilitaire_camion,3,1,1,1,4
202000021408,2020-08-08 11:10:00,2020,8,8,11,10,83,83069,ALMANARRE (ROUTE DE L'),43.10247,6.12935,Plein jour,En agglomération,Hors intersection,Temps éblouissant,Deux véhicules - arrière,4,1,2,0,1,1,1,0,1,50,2,2,1,0,0,1,42.0,25.0,voiture,deux_roues,1,2,1,7,2
202000021409,2020-07-02 18:00:00,2020,7,2,18,0,83,83069,ALMANARRE (ROUTE DE L'),43.0844,6.11174,Plein jour,Hors agglomération,Hors intersection,Normale,,4,2,2,1,2,1,1,0,5,15,3,3,1,0,1,1,50.0,59.0,deux_roues,deux_roues,1,1,1,1,-1
202000021410,2020-08-08 11:50:00,2020,8,8,11,50,77,77058,D217BIS,48.8507251,2.7307287,Plein jour,Hors agglomération,Hors intersection,Temps éblouissant,Deux véhicules - côté,3,2,2,0,1,1,1,0,1,70,2,2,1,0,0,1,38.0,29.0,voiture,voiture,1,1,1,7,3
202000021411,2020-08-06 02:50:00,2020,8,6,2,50,69,69266,8 MAI 1945   (Rue du),45.769596,4.8965379,Nuit avec éclairage allumé,En agglomération,Hors intersection,Normale,Sans collision,4,2,2,0,1,1,1,0,4,50,1,2,0,0,0,2,,,,,5,2,1,1,7
202000021412,2020-08-08 12:05:00,2020,8,8,12,5,69,69290,8 MAI 1945 (DU)                     (R ),45.6912588,4.9489329,Plein jour,En agglomération,Intersection en T,Normale,Deux véhicules - côté,4,2,2,0,1,1,1,0,1,50,2,2,1,0,0,1,28.0,26.0,deux_roues,voiture,1,2,3,1,3
202000021413,2020-08-08 20:10:00,2020,8,8,20,10,64,64260,LAURIERS (RUE DES),43.37,-1.78,Plein jour,En agglomération,Hors intersection,Normale,Deux véhicules - frontale,4,1,1,0,1,1,1,0,1,50,2,2,1,0,0,1,27.0,18.0,deux_roues,deux_roues,1,2,1,1,1
202000021414,2020-08-08 22:50:00,2020,8,8,22,50,62,62160,MARGUET (Pont),50.723131,1.600714,Nuit avec éclairage allumé,En agglomération,Hors intersection,Normale,Autre collision,4,1,3,0,1,1,1,2,1,50,1,1,0,0,1,0,,,,,5,2,1,1,6
202000021415,2020-08-09 03:05:00,2020,8,9,3,5,62,62735,CD 943,50.495248,2.704396,Nuit sans éclairage public,Hors agglomération,Hors intersection,Normale,Sans collision,3,2,2,1,1,1,1,0,1,90,1,1,0,0,1,0,23.0,,deux_roues,,3,1,1,1,7
202000021416,2020-08-08 19:15:00,2020,8,8,19,15,62,62108,PARIS,50.40353,1.58394,Plein jour,En agglomération,Autre intersection,Normale,Autre collision,4,2,2,3,1,1,1,0,1,50,1,2,0,0,1,1,19.0,,deux_roues,,1,2,9,1,6
202000021417,2020-08-09 01:00:00,2020,8,9,1,0,59,59350,HOOVER AVENUE DU PRESIDENT,50.6311269,3.0770034,Nuit avec éclairage allumé,En agglomération,Intersection en X,Normale,Deux véhicules - côté,7,3,2,1,1,1,1,0,8,50,2,8,6,0,0,2,30.0,43.0,voiture,voiture,5,2,2,1,3
202000021418,2020-08-09 13:53:00,2020,8,9,13,53,51,51454,Boulevard Lundy,49.2581128,4.03834,Plein jour,En agglomération,Intersection en X,Normale,Deux véhicules - côté,2,2,2,0,1,1,1,0,1,50,2,2,1,0,0,1,49.0,24.0,voiture,deux_roues,1,2,2,1,3
202000021419,2020-08-08 23:40:00,2020,8,8,23,40,46,46042,DEPARTEMENTALE 911,44.45979,1.48483,Nuit sans éclairage public,Hors agglomération,Hors intersection,Normale,Sans collision,3,2,2,0,1,1,1,0,3,80,1,3,2,0,0,1,32.0,,voiture,,3,1,1,1,7
202000021420,2020-08-08 03:19:00,2020,8,8,3,19,34,34172,VIEILLE POSTE (RUE DE LA,43.615063,3.908479,Nuit avec éclairage allumé,En agglomération,Hors intersection,Normale,Autre collision,4,2,2,0,1,1,1,0,1,50,1,2,1,1,0,0,27.0,,voiture,,5,2,1,1,6
202000021421,2020-08-09 18:15:00,2020,8,9,18,15,33,33119,BD ENTRE DEUX MERS,44.84434,-0.53109,Plein jour,Hors agglomération,Hors intersection,Normale,Deux véhicules - côté,4,3,4,0,1,1,1,0,1,50,2,2,1,0,0,1,33.0,40.0,deux_roues,utilitaire_camion,1,1,1,1,3
202000021422,2020-08-09 23:50:00,2020,8,9,23,50,33,33529,HUTTIERS (AVE DES),44.6400712,-1.1401088,Nuit avec éclairage allumé,En agglomération,Hors intersection,Normale,Autre collision,4,2,2,0,1,1,1,0,1,50,1,1,0,0,0,1,15.0,,deux_roues,,5,2,1,1,6
202000021423,2020-08-09 10:40:00,2020,8,9,10,40,33,33529,BISCAROSSE (AVE) DUNE VERS BISCA,44.57458,-1.21616,Plein jour,Hors agglomération,Intersection en Y,Normale,Deux véhicules - frontale,3,2,2,-1,2,1,1,-1,5,30,2,2,1,0,0,1,76.0,51.0,deux_roues,deux_roues,1,1,4,1,1
202000021424,2020-08-09 11:30:00,2020,8,9,11,30,30,30243,ANDUZE (VIEILLE ROUTE D'),44.087742,4.062258,Plein jour,Hors agglomération,Hors intersection,Normale,Deux véhicules - côté,3,2,2,0,1,1,1,0,1,80,2,2,1,0,0,1,48.0,37.0,deux_roues,voiture,1,1,1,1,3
202000021425,2020-08-09 12:00:00,2020,8,9,12,0,17,17300,GUITON   AVENUE JEAN (9-165 et 4),46.15985,-1.16659,Plein jour,Hors agglomération,Hors intersection,Normale,Deux véhicules - côté,4,2,2,1,2,1,1,0,1,30,2,2,1,0,0,1,45.0,55.0,deux_roues,voiture,1,1,1,1,3
202000021426,2020-08-08 10:45:00,2020,8,8,10,45,17,17300,CHAMP DE MARS   AVENUE DU,46.169399,-1.14881,Plein jour,En agglomération,Hors intersection,Normale,Deux véhicules - côté,4,2,2,3,1,1,1,-1,1,50,2,2,1,0,0,1,73.0,50.0,deux_roues,deux_roues,1,2,1,1,3
202000021427,2020-08-08 15:45:00,2020,8,8,15,45,13,13043,FRANCOIS MITTERAND (AV ),43.3965,5.2451,Plein jour,En agglomération,Hors intersection,Normale,Deux véhicules - arrière,3,-1,2,0,1,1,1,6,1,50,2,2,0,0,0,2,42.0,56.0,voiture,utilitaire_camion,1,2,1,1,2
202000021428,2020-08-09 23:00:00,2020,8,9,23,0,13,13208,CLOT BEY (AVENUE),43.258954,5.384785,Nuit avec éclairage allumé,En agglomération,Hors intersection,Normale,Deux véhicules - arrière,4,2,2,0,1,1,1,0,1,50,2,2,1,0,0,1,49.0,35.0,voiture,voiture,5,2,1,1,2
202000021429,2020-08-08 20:00:00,2020,8,8,20,0,13,13206,PIERRE PUGET (COURS),43.28997,5.37252,Plein jour,En agglomération,Intersection en X,Normale,Deux véhicules - côté,4,2,4,0,2,1,1,0,1,50,2,2,1,0,0,1,17.0,30.0,deux_roues,voiture,1,2,2,1,3
202000021430,2020-08-08 06:15:00,2020,8,8,6,15,13,13202,ROBERT SCHUMANN (AVENUE),43.301764,5.36606,Crépuscule ou aube,En agglomération,Autre intersection,Normale,Deux véhicules - côté,4,1,2,0,1,1,1,0,1,50,2,1,0,0,0,1,25.0,,voiture,,2,2,9,1,3
202000021431,2020-08-08 14:30:00,2020,8,8,14,30,13,13028,RIPERT (AVENUE EMILE),43.18916,5.61657,Plein jour,En agglomération,Hors intersection,Normale,Deux véhicules - côté,4,2,1,0,1,1,1,0,1,30,2,3,1,0,1,1,54.0,16.0,voiture,deux_roues,1,2,1,1,3
202000021432,2020-08-06 19:23:00,2020,8,6,19,23,12,12145,BRASSENS GEORGES (BOULEVARD),44.11519,3.0716,Plein jour,En agglomération,Hors intersection,Normale,Deux véhicules - frontale,4,2,0,0,2,1,1,0,1,30,2,2,0,0,0,2,50.0,36.0,voiture,voiture,1,2,1,1,1
202000021433,2020-08-08 21:32:00,2020,8,8,21,32,75,75101,RUE SAINTE ANNE,48.865753,2.33526,Nuit avec éclairage allumé,En agglomération,Hors intersection,Normale,Autre collision,4,1,2,2,1,1,1,0,1,50,1,3,2,0,1,0,25.0,,voiture,,5,2,1,1,6
202000021434,2020-08-09 10:10:00,2020,8,9,10,10,75,75120,RUE PELLEPORT,48.868312,2.401426,Plein jour,En agglomération,Intersection à plus de 4 branches,Normale,Autre collision,4,2,2,0,4,1,1,0,1,30,1,2,1,0,0,1,27.0,,voiture,,1,2,5,1,6
202000021435,2020-08-09 01:10:00,2020,8,9,1,10,75,75119,AVENUE JEAN JAURES,48.887003,2.386337,Nuit avec éclairage allumé,En agglomération,Intersection en T,Normale,Autre collision,4,2,2,0,1,1,1,0,1,50,1,2,0,0,0,2,47.0,,voiture,,5,2,3,1,6
202000021436,2020-08-08 22:30:00,2020,8,8,22,30,75,75111,AVENUE PHILIPPE AUGUSTE,48.849363,2.395305,Nuit avec éclairage allumé,En agglomération,Place,Normale,Trois véhicules et plus - en chaîne,4,3,2,0,1,1,1,0,1,50,3,4,3,0,0,1,49.0,23.0,voiture,voiture,5,2,7,1,4
202000021437,2020-08-09 13:30:00,2020,8,9,13,30,75,75110,RUE PHILIPPE DE GIRARD,48.881408,2.361866,Plein jour,En agglomération,Intersection en X,Normale,Deux véhicules - côté,4,1,1,0,1,1,1,0,1,30,2,2,1,0,0,1,28.0,36.0,deux_roues,voiture,1,2,2,1,3
202000021438,2020-08-09 14:40:00,2020,8,9,14,40,75,75109,RUE DU FAUBOURG POISSONNIERE,48.874218,2.347925,Plein jour,En agglomération,Hors intersection,Normale,Deux véhicules - côté,4,1,1,0,1,1,1,0,1,30,2,3,2,0,0,1,26.0,22.0,voiture,voiture,1,2,1,1,3
202000021439,2020-08-09 16:40:00,2020,8,9,16,40,75,75107,PONT DE LA CONCORDE,48.862588,2.319019,Plein jour,En agglomération,Intersection en X,Normale,Deux véhicules - côté,4,2,8,0,1,1,1,0,1,50,2,3,2,0,0,1,28.0,48.0,deux_roues,voiture,1,2,2,1,3
202000021440,2020-08-09 02:40:00,2020,8,9,2,40,94,94046,EUGENE RENAULT - CAR DE LA RESISTANCE (R,48.815353,2.420566,Nuit avec éclairage allumé,En agglomération,Intersection à plus de 4 branches,Normale,Deux véhicules - frontale,3,4,2,0,1,1,1,0,1,50,2,2,1,0,0,1,33.0,21.0,deux_roues,voiture,5,2,5,1,1
202000021441,2020-08-09 19:45:00,2020,8,9,19,45,94,94043,CARNOT (R),48.80924,2.36493,Crépuscule ou aube,En agglomération,Hors intersection,Normale,Sans collision,4,1,1,0,1,1,1,9,4,30,1,2,0,0,0,2,20.0,,voiture,,2,2,1,1,7
202000021442,2020-08-09 15:20:00,2020,8,9,15,20,94,94073,ALOUETTES (R DES),48.75285,2.37799,Plein jour,En agglomération,Hors intersection,Temps éblouissant,Sans collision,3,2,2,3,1,1,1,0,6,50,1,4,1,0,0,3,25.0,,transport_commun,,1,2,1,7,7
202000021443,2020-08-09 08:45:00,2020,8,9,8,45,94,94038,GENERAL LECLERC (AV DU),48.77426,2.33158,Plein jour,En agglomération,Intersection en T,Normale,Deux véhicules - arrière,4,2,2,0,2,1,1,0,1,50,2,2,1,0,0,1,30.0,28.0,utilitaire_camion,utilitaire_camion,1,2,3,1,2
202000021444,2020-08-09 15:00:00,2020,8,9,15,0,94,94022,VICTOR HUGO (AV),48.76723,2.41467,Plein jour,En agglomération,Autre intersection,Normale,Trois véhicules et plus - collisions multiples,3,1,0,0,1,1,1,9,1,30,3,3,2,0,0,1,29.0,29.0,voiture,deux_roues,1,2,9,1,5
202000021445,2020-08-09 15:50:00,2020,8,9,15,50,93,93070,ALBERT-DHALENNE (RUE),48.91773,2.32978,Plein jour,En agglomération,Giratoire,Normale,Deux véhicules - arrière,3,2,4,0,1,1,1,5,1,50,2,3,2,0,0,1,37.0,51.0,voiture,voiture,1,2,6,1,2
202000021446,2020-08-09 09:48:00,2020,8,9,9,48,93,93066,ORNANO (BOULEVARD),48.9181145,2.3442638,Plein jour,En agglomération,Intersection en X,Normale,Deux véhicules - côté,3,2,4,0,1,1,1,0,1,50,2,2,1,0,1,0,31.0,47.0,voiture,autre,1,2,2,1,3
202000021447,2020-08-09 15:10:00,2020,8,9,15,10,93,93077,FOSSE AUX BERGERS (RUE DE LA),48.8864066,2.495177,Plein jour,En agglomération,Hors intersection,Normale,Deux véhicules - arrière,3,2,2,0,1,1,1,0,1,50,2,4,1,0,0,3,30.0,63.0,voiture,voiture,1,2,1,1,2
202000021448,2020-08-09 15:30:00,2020,8,9,15,30,93,93051,Rue de Verdun,48.84713,2.53293,Plein jour,En agglomération,Intersection en X,Normale,Deux véhicules - côté,3,2,2,0,2,1,1,5,1,50,2,2,0,0,0,2,28.0,27.0,deux_roues,deux_roues,1,2,2,1,3
202000021449,2020-08-08 22:35:00,2020,8,8,22,35,93,93010,BONDY (PONT DE),48.9050597,2.4702179,Nuit avec éclairage allumé,En agglomération,Autre intersection,Normale,Deux véhicules - frontale,3,2,8,0,1,1,1,2,1,50,2,2,0,0,0,2,32.0,22.0,voiture,voiture,5,2,9,1,1
202000021450,2020-08-09 16:21:00,2020,8,9,16,21,93,93001,LANDY (RUE DU) 34/29 =>,48.91547,2.3708,Plein jour,En agglomération,Autre intersection,Normale,Deux véhicules - frontale,3,3,0,0,1,1,1,9,1,50,2,2,1,0,0,1,26.0,23.0,deux_roues,voiture,1,2,9,1,1
202000021451,2020-08-09 13:00:00,2020,8,9,13,0,93,93001,REPUBLIQUE (AVE DE LA ) => NO 41/50,48.9100832,2.3857564,Plein jour,En agglomération,Hors intersection,Normale,Deux véhicules - arrière,3,2,3,0,1,1,1,0,1,50,2,2,1,0,0,1,29.0,33.0,voiture,deux_roues,1,2,1,1,2
202000021452,2020-08-09 11:15:00,2020,8,9,11,15,92,92025,Boulevard de Valmy,48.928837,2.254378,Plein jour,En agglomération,Autre intersection,Normale,Deux véhicules - côté,3,-1,3,0,1,1,1,0,1,50,2,2,1,0,1,0,46.0,24.0,deux_roues,voiture,1,2,9,1,3
202000021453,2020-08-09 06:45:00,2020,8,9,6,45,92,92044,CHARLES PASQUA(QUAI) 2 A 30,48.8970852,2.2741868,Plein jour,En agglomération,Intersection en X,Temps couvert,Sans collision,3,1,2,0,1,1,1,0,4,70,1,1,0,0,0,1,24.0,,voiture,,1,2,2,8,7
202000021454,2020-08-09 22:30:00,2020,8,9,22,30,50,50565,D973,48.739352,-1.435432,Nuit sans éclairage public,Hors agglomération,Autre intersection,Normale,Deux véhicules - arrière,3,2,3,0,2,3,1,0,1,80,2,2,1,0,1,0,26.0,29.0,utilitaire_camion,deux_roues,3,1,9,1,2
202000021455,2020-08-10 16:35:00,2020,8,10,16,35,26,26087,chemin des Buis,45.076885,5.119758,Plein jour,Hors agglomération,Hors intersection,Normale,Autre collision,3,2,2,0,1,1,1,0,3,80,1,2,1,0,1,0,76.0,,voiture,,1,1,1,1,6
202000021456,2020-08-08 18:30:00,2020,8,8,18,30,974,97422,117 Chemin Neuf,-21.244195,55.512586,Nuit sans éclairage public,En agglomération,Hors intersection,Pluie forte,Deux véhicules - côté,3,2,2,0,1,1,2,0,1,70,2,2,1,0,1,0,52.0,16.0,utilitaire_camion,deux_roues,3,2,1,3,3
202000021457,2020-08-09 15:30:00,2020,8,9,15,30,05,05027,D902,44.85024,6.725097,Plein jour,Hors agglomération,Hors intersection,Normale,Deux véhicules - frontale,3,2,2,0,2,2,1,0,1,80,2,2,1,0,1,0,46.0,55.0,voiture,deux_roues,1,1,1,1,1
202000021458,2020-08-05 18:45:00,2020,8,5,18,45,972,97221,D8,14.509134,-60.95828,Nuit avec éclairage allumé,En agglomération,Hors intersection,Normale,Sans collision,3,2,2,0,2,2,1,0,3,70,1,1,0,0,1,0,22.0,,deux_roues,,5,2,1,1,7
202000021459,2020-08-06 00:20:00,2020,8,6,0,20,41,41231,A71,47.469457,2.007794,Nuit sans éclairage public,Hors agglomération,Hors intersection,Normale,Autre collision,1,3,4,0,1,1,1,0,3,130,1,2,1,0,0,1,32.0,,voiture,,3,1,1,1,6
202000021460,2020-08-10 13:45:00,2020,8,10,13,45,52,52469,A5,48.040906,5.053797,Plein jour,Hors agglomération,Hors intersection,Normale,Autre collision,1,3,2,0,1,1,1,0,3,130,1,2,1,1,0,0,22.0,,voiture,,1,1,1,1,6
202000021461,2020-08-09 01:45:00,2020,8,9,1,45,54,54212,D618,49.5070086,5.6628811,Nuit sans éclairage public,Hors agglomération,Hors intersection,Normale,Deux véhicules - frontale,3,2,2,0,2,1,1,0,1,80,2,4,0,2,2,0,74.0,19.0,voiture,voiture,3,1,1,1,1
202000021462,2020-08-01 14:55:00,2020,8,1,14,55,04,04126,RD 900,44.41221,6.341525,Plein jour,Hors agglomération,Hors intersection,Normale,Sans collision,3,2,2,0,2,2,1,0,3,80,1,1,0,0,1,0,24.0,,deux_roues,,1,1,1,1,7
202000021463,2020-08-10 18:45:00,2020,8,10,18,45,79,79253,,46.468659,-0.213445,Plein jour,En agglomération,Intersection en T,Normale,Autre collision,4,2,1,0,1,3,1,0,3,50,1,1,0,1,0,0,73.0,,deux_roues,,1,2,3,1,6
202000021464,2020-08-09 23:50:00,2020,8,9,23,50,80,80775,1 Rue Pasteur,50.081341,1.634951,Nuit avec éclairage allumé,Hors agglomération,Intersection en X,Normale,Deux véhicules - côté,3,2,2,0,1,1,1,5,1,80,2,4,2,0,0,2,50.0,35.0,voiture,voiture,5,1,2,1,3
202000021465,2020-08-09 03:55:00,2020,8,9,3,55,82,82096,193 Chemin de  Paillole,44.0434572,1.2553959,Nuit sans éclairage public,Hors agglomération,Hors intersection,Normale,Autre collision,3,2,2,0,1,3,1,0,3,80,1,1,0,0,1,0,52.0,,voiture,,3,1,1,1,6
202000021466,2020-08-09 12:10:00,2020,8,9,12,10,63,63178,Avenue Ernest d'Hauterive,45.538767,3.244057,Plein jour,En agglomération,Intersection en X,Normale,Deux véhicules - côté,3,2,2,1,1,1,1,5,5,50,2,2,1,0,1,0,40.0,85.0,deux_roues,voiture,1,2,2,1,3
202000021467,2020-07-13 10:00:00,2020,7,13,10,0,61,61442,D553,48.537572,-0.301437,Plein jour,Hors agglomération,Hors intersection,Normale,Autre collision,3,2,2,0,2,4,1,0,3,80,1,1,0,0,1,0,68.0,,deux_roues,,1,1,1,1,6
202000021468,2020-08-10 13:45:00,2020,8,10,13,45,12,12104,D922,44.481749,2.028222,Plein jour,Hors agglomération,Hors intersection,Temps éblouissant,Autre collision,3,2,2,0,1,1,1,0,3,80,1,2,0,0,1,1,59.0,,voiture,,1,1,1,7,6
202000021469,2020-08-09 19:50:00,2020,8,9,19,50,68,68362,D473,47.554736,7.465553,Plein jour,Hors agglomération,Hors intersection,Normale,Autre collision,3,2,2,0,1,4,1,9,3,80,1,1,0,0,1,0,25.0,,deux_roues,,1,1,1,1,6
202000021470,2020-08-08 17:10:00,2020,8,8,17,10,68,68062,D419,47.629682,7.195358,Plein jour,Hors agglomération,Intersection en T,Normale,Deux véhicules - arrière,3,2,2,0,3,3,1,0,1,80,2,3,2,0,0,1,49.0,31.0,utilitaire_camion,voiture,1,1,3,1,2
202000021471,2020-08-09 22:20:00,2020,8,9,22,20,22,22250,6 Rue Keralmy,48.699225,-3.155437,Nuit sans éclairage public,Hors agglomération,Intersection en X,Normale,Deux véhicules - côté,4,2,2,0,1,1,1,0,1,70,2,3,0,0,2,1,21.0,35.0,voiture,utilitaire_camion,3,1,2,1,3
202000021472,2020-08-09 11:30:00,2020,8,9,11,30,39,39497,,46.975846,5.934827,Plein jour,Hors agglomération,Hors intersection,Normale,Sans collision,3,2,2,0,1,2,1,0,1,80,1,1,0,0,0,1,22.0,,deux_roues,,1,1,1,1,7
202000021473,2020-08-07 07:10:00,2020,8,7,7,10,25,25516,Rue de Clerval,47.399508,6.555579,Plein jour,En agglomération,Hors intersection,Temps couvert,Autre collision,4,2,2,0,2,1,1,0,1,50,1,1,0,0,0,1,56.0,,deux_roues,,1,2,1,8,6
202000021474,2020-08-10 10:05:00,2020,8,10,10,5,25,25070,PRES DITS,46.997217,6.118569,Plein jour,Hors agglomération,Hors intersection,Normale,Autre collision,4,2,2,0,2,3,1,0,1,-1,1,2,0,0,1,1,47.0,,deux_roues,,1,1,1,1,6