accident_id,datetime,annee,mois,jour,heure,minute,departement,commune_insee,adresse,latitude,longitude,luminosite,agglomeration,intersection,meteo,collision,catr,circ,nbv,vosp,prof,plan,surf,infra,situ,vma,nb_vehicules,nb_usagers,nb_indemnes,nb_tues,nb_blesses_hosp,nb_blesses_legers,age_cond_1,age_cond_2,veh_type_cond_1,veh_type_cond_2,lum_code,agg_code,int_code,atm_code,col_code
202000021568,2020-10-06 18:30:00,2020,10,6,18,30,75,75118,AVENUE DE CLICHY,48.88397,2.327235,Crépuscule ou aube,En agglomération,Hors intersection,Normale,Autre collision,4,2,4,0,1,1,2,0,1,30,1,1,0,0,0,1,55.0,,deux_roues,,2,2,1,1,6
202000021569,2020-10-06 17:20:00,2020,10,6,17,20,75,75115,RUE OLIVIER DE SERRES,48.831707,2.293016,Plein jour,En agglomération,Intersection en T,Normale,Autre collision,4,2,2,0,1,1,1,0,1,30,1,2,1,0,0,1,25.0,,deux_roues,,1,2,3,1,6
202000021570,2020-08-08 16:08:00,2020,8,8,16,8,30,30189,CAPOUCHINE (CHEMIN),43.81692,4.3531,Plein jour,En agglomération,Intersection en X,Normale,Deux véhicules - frontale,3,2,2,0,1,1,1,0,1,50,2,2,1,0,1,0,44.0,55.0,deux_roues,voiture,1,2,2,1,1
202000021571,2020-08-07 19:30:00,2020,8,7,19,30,29,29232,Avenue de la Liberation,47.9910494,-4.0740051,Plein jour,En agglomération,Giratoire,Temps éblouissant,Sans collision,4,1,1,0,1,3,1,0,1,50,1,1,0,0,1,0,39.0,,deux_roues,,1,2,6,7,7
202000021572,2020-10-05 12:05:00,2020,10,5,12,5,75,75114,AVENUE RENE COTY,48.829763,2.333934,Plein jour,En agglomération,Intersection à plus de 4 branches,Temps couvert,Autre collision,4,1,1,0,1,1,2,0,1,50,1,2,1,0,0,1,52.0,,deux_roues,,1,2,5,8,6
202000021573,2020-08-09 00:40:00,2020,8,9,0,40,25,25056,N57 Montboucons,47.251825,5.985725,Plein jour,En agglomération,Hors intersection,Temps couvert,Sans collision,2,3,4,0,1,2,1,0,1,90,1,1,0,0,1,0,35.0,,deux_roues,,1,2,1,8,7
202000021574,2020-10-06 14:00:00,2020,10,6,14,0,75,75113,PASSAGE TRUBERT BELLIER,48.824197,2.351325,Plein jour,En agglomération,Hors intersection,Normale,Autre collision,4,2,2,0,2,1,1,0,1,30,1,2,1,0,0,1,34.0,,utilitaire_camion,,1,2,1,1,6
202000021575,2020-08-07 15:05:00,2020,8,7,15,5,25,25056,Boulevard Salvador Allendé,47.219626,5.975436,Plein jour,En agglomération,Intersection en T,Temps couvert,Deux véhicules - côté,4,4,6,0,1,1,1,0,1,50,2,2,1,0,1,0,39.0,20.0,voiture,deux_roues,1,2,3,8,3
202000021576,2020-07-29 15:00:00,2020,7,29,15,0,18,18033,MAZIERES (RUE DE),47.0715618,2.3903463,Plein jour,En agglomération,Intersection en X,Normale,Deux véhicules - côté,4,2,1,0,1,1,1,0,1,50,2,2,1,0,0,1,15.0,41.0,deux_roues,voiture,1,2,2,1,3
202000021577,2020-10-06 14:35:00,2020,10,6,14,35,75,75112,AVENUE DU DOCTEUR ARNOLD NETTER,48.841574,2.404881,Plein jour,En agglomération,Intersection en T,Pluie légère,Deux véhicules - côté,4,2,3,0,1,1,2,0,1,30,2,2,1,0,0,1,40.0,56.0,utilitaire_camion,deux_roues,1,2,3,2,3
202000021578,2020-10-06 14:30:00,2020,10,6,14,30,75,75108,AVENUE DES CHAMPS ELYSEES,48.87236,2.29949,Plein jour,En agglomération,Intersection en X,Pluie légère,Trois véhicules et plus - en chaîne,4,2,8,0,1,1,2,0,1,50,3,3,2,0,0,1,19.0,29.0,deux_roues,deux_roues,1,2,2,2,4
202000021579,2020-08-08 21:50:00,2020,8,8,21,50,13,13206,ROUET (RUE DU),43.28528,5.38511,Nuit avec éclairage allumé,En agglomération,Hors intersection,Normale,Autre collision,4,1,1,0,1,1,1,0,1,50,1,4,2,0,1,1,30.0,,voiture,,5,2,1,1,6
202000021580,2020-08-08 20:10:00,2020,8,8,20,10,13,13211,MONTRE (TRAVERSE DE LA),43.294459,5.475536,Plein jour,En agglomération,Hors intersection,Normale,Autre collision,4,2,2,0,2,4,1,0,1,50,1,1,0,0,1,0,23.0,,autre,,1,2,1,1,6
202000021581,2020-10-06 10:05:00,2020,10,6,10,5,75,75108,RUE DE LIEGE,48.879652,2.327013,Plein jour,En agglomération,Intersection à plus de 4 branches,Temps couvert,Autre collision,4,1,2,0,1,1,2,0,1,50,1,2,1,0,0,1,45.0,,utilitaire_camion,,1,2,5,8,6
202000021582,2020-10-06 08:30:00,2020,10,6,8,30,75,75108,AVENUE DES CHAMPS ELYSEES,48.871083,2.303489,Plein jour,En agglomération,Intersection en T,Normale,Trois véhicules et plus - en chaîne,4,2,6,0,2,1,2,0,1,50,3,3,2,0,0,1,45.0,35.0,voiture,deux_roues,1,2,3,1,4
202000021583,2020-08-08 16:10:00,2020,8,8,16,10,13,13207,Corniche John Fitzgérald Kennedy,43.286224,5.351208,Plein jour,En agglomération,Hors intersection,Normale,Deux véhicules - arrière,4,2,2,2,1,1,1,0,1,50,2,2,1,0,0,1,28.0,47.0,deux_roues,voiture,1,2,1,1,2
202000021584,2020-10-06 17:42:00,2020,10,6,17,42,75,75107,RUE DE L UNIVERSITE,48.860751,2.318603,Plein jour,En agglomération,Hors intersection,Normale,Autre collision,4,2,2,0,1,1,1,0,1,30,1,2,1,0,0,1,51.0,,deux_roues,,1,2,1,1,6
202000021585,2020-08-04 19:40:00,2020,8,4,19,40,13,13202,TOURETTE (QUAI DE LA),43.29689,5.36269,Plein jour,En agglomération,Giratoire,Normale,Deux véhicules - arrière,4,1,1,1,1,1,1,0,1,50,2,2,1,0,0,1,19.0,45.0,deux_roues,utilitaire_camion,1,2,6,1,2
202000021586,2020-10-06 07:55:00,2020,10,6,7,55,75,75107,AVENUE BOSQUET,48.857068,2.304212,Plein jour,En agglomération,Intersection en X,Pluie légère,Deux véhicules - côté,4,1,3,3,1,1,2,-1,6,50,2,2,0,0,0,2,21.0,28.0,deux_roues,deux_roues,1,2,2,2,3
202000021587,2020-08-08 13:15:00,2020,8,8,13,15,13,13209,MARÉCHAL DE LATTRE (AVENUE),43.245,5.414,Plein jour,En agglomération,Hors intersection,Normale,Deux véhicules - arrière,4,2,3,3,1,1,1,0,1,50,2,2,1,0,0,1,68.0,48.0,deux_roues,voiture,1,2,1,1,2
202000021588,2020-08-08 12:50:00,2020,8,8,12,50,13,13204,CHARTREUX (AVENUE DES),43.312397,5.40143,Plein jour,En agglomération,Hors intersection,Normale,Autre collision,4,2,2,0,1,1,1,0,1,50,1,1,0,0,0,1,,,,,1,2,1,1,6
202000021589,2020-10-06 01:23:00,2020,10,6,1,23,75,75114,BOULEVARD PERIPHERIQUE,48.820925,2.321786,Nuit avec éclairage allumé,En agglomération,Intersection en Y,Temps couvert,Trois véhicules et plus - en chaîne,4,1,3,0,1,1,1,0,1,70,4,6,2,0,1,3,31.0,47.0,voiture,voiture,5,2,4,8,4
202000021590,2020-10-06 11:30:00,2020,10,6,11,30,75,75104,QUAI DE L HOTEL DE VILLE,48.854048,2.355747,Plein jour,En agglomération,Intersection en X,Pluie légère,Deux véhicules - côté,4,2,4,0,1,1,2,0,1,50,2,2,1,0,0,1,42.0,53.0,deux_roues,voiture,1,2,2,2,3
202000021591,2020-08-08 04:15:00,2020,8,8,4,15,13,13204,FRANÇOISE DUPARC (BOULEVARD),43.3017428,5.4006547,Nuit avec éclairage allumé,En agglomération,Autre intersection,Normale,,4,-1,6,0,1,1,1,0,8,50,2,1,0,0,0,1,37.0,,deux_roues,,5,2,9,1,-1
202000021592,2020-10-06 15:15:00,2020,10,6,15,15,94,94076,VERDUN (R DE),48.790492,2.353744,Plein jour,En agglomération,Hors intersection,Pluie légère,Deux véhicules - arrière,4,2,2,0,1,1,2,0,1,50,2,3,2,0,0,1,19.0,59.0,voiture,voiture,1,2,1,2,2
202000021593,2020-08-08 21:00:00,2020,8,8,21,0,13,13047,RAYMOND FILIPPI AVENUE,43.50921,4.98353,Crépuscule ou aube,En agglomération,Hors intersection,Normale,Autre collision,4,3,2,0,1,1,1,0,4,50,1,4,3,0,0,1,41.0,,voiture,,2,2,1,1,6
202000021594,2020-08-08 12:35:00,2020,8,8,12,35,13,13047,D5,43.479461,4.996414,Plein jour,Hors agglomération,Hors intersection,Normale,Autre collision,3,1,2,0,1,1,1,0,1,50,1,2,1,0,1,0,60.0,,voiture,,1,1,1,1,6
202000021595,2020-10-06 08:45:00,2020,10,6,8,45,94,94041,HOCHE (R),48.81229,2.37195,Plein jour,En agglomération,Intersection en T,Pluie légère,Deux véhicules - côté,4,2,2,0,1,1,2,0,1,50,2,3,2,0,0,1,50.0,36.0,voiture,voiture,1,2,3,2,3
202000021596,2020-08-05 17:30:00,2020,8,5,17,30,13,13098,D.51A,43.43751,5.01446,Plein jour,Hors agglomération,Intersection en T,Normale,Trois véhicules et plus - collisions multiples,3,2,2,0,1,1,1,0,1,70,3,3,2,0,0,1,25.0,41.0,autre,voiture,1,1,3,1,5
202000021597,2020-10-05 06:30:00,2020,10,5,6,30,94,94019,PINCE VENT (AV DE),48.79531,2.55748,Nuit avec éclairage allumé,En agglomération,Hors intersection,Pluie légère,Deux véhicules - côté,3,1,2,0,1,2,2,0,1,50,2,2,1,0,0,1,27.0,32.0,deux_roues,voiture,5,2,1,2,3
202000021598,2020-08-08 22:20:00,2020,8,8,22,20,13,13001,BONAPARTE NAPOLEON(AV),43.5265,5.4448,Nuit avec éclairage allumé,En agglomération,Hors intersection,Normale,Sans collision,4,2,3,0,1,1,1,0,1,50,1,1,0,0,0,1,19.0,,deux_roues,,5,2,1,1,7
202000021599,2020-10-05 13:00:00,2020,10,5,13,0,94,94004,VALENTON (R DE),48.74557,2.50836,Plein jour,En agglomération,Hors intersection,Pluie légère,Trois véhicules et plus - collisions multiples,4,2,2,0,1,1,2,0,1,50,3,4,2,0,0,2,22.0,40.0,voiture,deux_roues,1,2,1,2,5
202000021600,2020-08-08 17:50:00,2020,8,8,17,50,10,10297,JULES GUESDE (BDL),48.31806,4.1041,Plein jour,En agglomération,Intersection en X,Normale,Deux véhicules - frontale,4,2,2,0,1,1,1,0,1,50,2,2,1,0,0,1,18.0,26.0,voiture,deux_roues,1,2,2,1,1
202000021601,2020-10-06 20:10:00,2020,10,6,20,10,94,94018,REPUBLIQUE (R DE LA),48.8219,2.4155,Nuit avec éclairage allumé,En agglomération,Hors intersection,Pluie légère,Deux véhicules - frontale,3,1,1,0,1,1,2,0,1,50,2,2,0,0,0,2,56.0,25.0,voiture,deux_roues,5,2,1,2,1
202000021602,2020-10-06 11:10:00,2020,10,6,11,10,94,94002,ETIENNE DOLET (R),48.80093,2.42231,Plein jour,En agglomération,Hors intersection,Normale,Autre collision,4,2,2,0,1,1,1,0,1,30,1,2,1,1,0,0,45.0,,utilitaire_camion,,1,2,1,1,6
202000021603,2020-10-05 19:47:00,2020,10,5,19,47,94,94002,LOUIS BLANC (R),48.80649,2.41921,Nuit avec éclairage allumé,En agglomération,Intersection en T,Pluie légère,Deux véhicules - côté,4,2,1,0,1,1,2,0,1,30,2,2,1,0,0,1,23.0,24.0,voiture,deux_roues,5,2,3,2,3
202000021604,2020-10-06 10:30:00,2020,10,6,10,30,93,93073,CHAPIT RE ( RUE DU),49.0027404,2.538709,Plein jour,Hors agglomération,Intersection en X,Pluie légère,Deux véhicules - côté,4,1,3,0,1,1,2,3,1,50,2,2,0,0,0,2,71.0,47.0,voiture,voiture,1,1,2,2,3
202000021605,2020-10-06 05:22:00,2020,10,6,5,22,93,93072,AV DE STALINGRAD,48.95352,2.39139,Nuit avec éclairage allumé,En agglomération,Hors intersection,Pluie légère,Deux véhicules - frontale,3,2,2,0,1,1,2,2,1,50,2,3,2,0,0,1,22.0,43.0,utilitaire_camion,utilitaire_camion,5,2,1,2,1
202000021606,2020-10-06 19:48:00,2020,10,6,19,48,93,93071,R D'AULNAY,48.9399,2.51697,Nuit avec éclairage allumé,En agglomération,Hors intersection,Normale,Autre collision,3,2,2,0,1,1,1,0,1,50,1,1,0,0,0,1,,,,,5,2,1,1,6
202000021607,2020-10-06 13:20:00,2020,10,6,13,20,93,93066,LAMAZE DOCTEUR,48.9369,2.372,Plein jour,En agglomération,Hors intersection,Normale,Autre collision,3,1,3,0,1,1,1,0,1,50,1,2,1,0,0,1,36.0,,voiture,,1,2,1,1,6
202000021608,2020-10-06 15:10:00,2020,10,6,15,10,93,93064,DE GAULLE (AV DU GENERAL) 0 / 56 - 47,48.87727,2.48002,Plein jour,En agglomération,Hors intersection,Autre,Autre collision,3,1,1,0,1,1,2,0,1,50,1,2,1,0,0,1,71.0,,voiture,,1,2,1,9,6
202000021609,2020-10-06 07:40:00,2020,10,6,7,40,93,93064,R JULES FERRY / R DE BRUXELLES,48.8765,2.47603,Crépuscule ou aube,En agglomération,Intersection en X,Pluie légère,,3,2,2,0,1,1,2,0,1,50,2,2,1,0,1,0,47.0,,deux_roues,,2,2,2,2,-1
202000021610,2020-10-06 19:20:00,2020,10,6,19,20,93,93050,JEAN JAURES (AVENUE) COTE VILLE EVRARD,48.8645628,2.5532595,Nuit avec éclairage allumé,En agglomération,Hors intersection,Temps couvert,Deux véhicules - côté,3,2,4,0,1,1,2,0,1,50,2,2,1,0,0,1,22.0,19.0,deux_roues,voiture,5,2,1,8,3
202000021611,2020-10-05 19:50:00,2020,10,5,19,50,93,93079,MAURICE GRANDCOING,48.96561,2.34448,Nuit avec éclairage allumé,En agglomération,Hors intersection,Pluie légère,Autre collision,4,2,2,0,1,1,2,0,1,50,1,2,1,0,0,1,25.0,,voiture,,5,2,1,2,6
202000021612,2020-10-06 18:45:00,2020,10,6,18,45,93,93027,R RASPAIL / R DES USINES BABCOCK,48.9233,2.3951,Plein jour,En agglomération,Intersection en T,Pluie légère,Deux véhicules - côté,3,2,2,0,1,1,2,0,1,50,2,3,1,0,0,2,23.0,49.0,voiture,deux_roues,1,2,3,2,3
202000021613,2020-10-06 19:15:00,2020,10,6,19,15,93,93047,BARGUE  (BOULEVARD),48.9016825,2.5593634,Nuit avec éclairage allumé,En agglomération,Hors intersection,Pluie légère,Autre collision,4,2,2,0,1,1,2,0,4,50,1,5,2,0,0,3,23.0,,voiture,,5,2,1,2,6
202000021614,2020-10-06 21:40:00,2020,10,6,21,40,93,93057,AV ARISTIDE BRIAND,48.90972,2.50656,Nuit avec éclairage allumé,En agglomération,Hors intersection,Pluie légère,Deux véhicules - côté,3,3,6,3,1,1,2,0,1,50,2,2,1,0,1,0,24.0,20.0,voiture,voiture,5,2,1,2,3
202000021615,2020-10-06 10:00:00,2020,10,6,10,0,93,93001,REPUBLIQUE (AVE DE LA ) 43/106 =>,48.908279,2.3874946,Plein jour,En agglomération,Hors intersection,Pluie légère,Autre collision,3,2,0,0,1,1,2,0,1,50,1,2,1,0,0,1,43.0,,utilitaire_camion,,1,2,1,2,6
202000021616,2020-10-06 10:00:00,2020,10,6,10,0,93,93001,VICTOR HUGO (AVE)  => N° 129,48.90982,2.37868,Plein jour,En agglomération,Hors intersection,Temps couvert,Deux véhicules - côté,3,2,4,0,1,1,2,0,1,50,2,2,1,0,1,0,60.0,34.0,voiture,deux_roues,1,2,1,8,3
202000021617,2020-10-03 14:30:00,2020,10,3,14,30,92,92063,BONAPARTE (AVENUE NAPOLEON) NORD,48.87057,2.15929,Plein jour,En agglomération,Hors intersection,Normale,,3,3,3,0,1,3,1,0,1,50,2,2,1,0,0,1,48.0,12.0,voiture,deux_roues,1,2,1,1,-1
202000021618,2020-09-29 19:30:00,2020,9,29,19,30,92,92063,POMPIDOU (AVENUE DU PRESIDENT),48.86764,2.19961,Crépuscule ou aube,En agglomération,Hors intersection,Normale,Autre collision,4,2,2,0,4,1,2,0,1,50,1,2,1,0,0,1,39.0,,deux_roues,,2,2,1,1,6
202000021619,2020-10-06 20:50:00,2020,10,6,20,50,92,92044,DANTON(RUE) 1A73 ET 2A88,48.8925252,2.281589,Nuit avec éclairage allumé,En agglomération,Hors intersection,Normale,Deux véhicules - côté,4,1,1,0,1,1,1,0,1,50,2,2,1,0,0,1,38.0,38.0,deux_roues,deux_roues,5,2,1,1,3
202000021620,2020-10-06 17:35:00,2020,10,6,17,35,92,92035,Belgique ( Place de ),48.907283,2.240357,Plein jour,En agglomération,Place,Pluie forte,Deux véhicules - côté,4,1,2,0,1,2,2,9,1,50,2,2,1,0,0,1,28.0,25.0,deux_roues,voiture,1,2,7,3,3
202000021621,2020-10-06 11:30:00,2020,10,6,11,30,92,92007,BRIAND (AVENUE ARISTIDE) N° 162 A 300,48.7908891,2.3196591,Plein jour,En agglomération,Hors intersection,Pluie légère,Deux véhicules - côté,3,1,2,0,1,1,2,9,1,50,2,3,2,0,0,1,58.0,82.0,utilitaire_camion,voiture,1,2,1,2,3
202000021622,2020-10-02 10:30:00,2020,10,2,10,30,92,92004,AULAGNIER ( QUAI ),48.91331,2.3071,Plein jour,En agglomération,Hors intersection,Temps couvert,Trois véhicules et plus - en chaîne,3,2,6,0,1,1,1,0,1,70,3,4,3,0,0,1,19.0,25.0,utilitaire_camion,utilitaire_camion,1,2,1,8,4
202000021623,2020-10-06 09:00:00,2020,10,6,9,0,92,92004,DOCTEUR DERVAUX  ( QUAI DU ),48.9059447,2.2893964,Plein jour,En agglomération,Hors intersection,Normale,Deux véhicules - côté,3,3,5,0,4,1,1,0,1,50,2,2,1,0,0,1,39.0,34.0,deux_roues,utilitaire_camion,1,2,1,1,3
202000021624,2020-10-07 13:00:00,2020,10,7,13,0,22,22180,La Perriere Mallet,48.419062,-2.217479,Plein jour,Hors agglomération,Hors intersection,Temps couvert,Sans collision,3,2,2,0,1,1,1,0,3,80,1,1,0,0,0,1,16.0,,deux_roues,,1,1,1,8,7
202000021625,2020-10-07 14:40:00,2020,10,7,14,40,25,25479,A36,47.415137,6.578794,Plein jour,Hors agglomération,Hors intersection,Pluie forte,Autre collision,1,3,4,0,2,1,2,0,1,130,1,4,3,1,0,0,37.0,,utilitaire_camion,,1,1,1,3,6
202000021626,2020-10-06 12:15:00,2020,10,6,12,15,62,62261,Rue Evariste Dusannier,50.497159,1.63765,Plein jour,Hors agglomération,Hors intersection,Pluie forte,Sans collision,3,2,2,0,1,2,2,0,3,80,1,1,0,0,1,0,66.0,,voiture,,1,1,1,3,7
202000021627,2020-10-06 15:06:00,2020,10,6,15,6,68,68043,2 Rue Lafer,47.855614,7.266941,Plein jour,En agglomération,Hors intersection,Pluie légère,Deux véhicules - arrière,4,2,2,0,1,1,2,0,1,50,2,3,2,0,0,1,31.0,19.0,voiture,utilitaire_camion,1,2,1,2,2
202000021628,2020-10-06 18:45:00,2020,10,6,18,45,974,97413,103 Rue du General Lambert,-21.166064,55.28758,Nuit avec éclairage allumé,En agglomération,Hors intersection,Normale,Autre collision,2,2,2,0,1,1,1,0,1,50,1,2,1,0,1,0,35.0,,voiture,,5,2,1,1,6
202000021629,2020-10-06 20:00:00,2020,10,6,20,0,34,34032,A75,43.361577,3.274763,Nuit sans éclairage public,Hors agglomération,Autre intersection,Normale,Autre collision,1,1,1,0,1,2,1,3,3,90,1,1,0,0,0,1,36.0,,deux_roues,,3,1,9,1,6
202000021630,2020-10-07 07:45:00,2020,10,7,7,45,71,71002,D678,46.7503741,5.0371771,Plein jour,Hors agglomération,Intersection en X,Temps couvert,Trois véhicules et plus - collisions multiples,3,2,2,0,1,1,2,0,1,80,3,3,1,0,1,1,34.0,28.0,utilitaire_camion,voiture,1,1,2,8,5
202000021631,2020-10-05 10:10:00,2020,10,5,10,10,30,30334,Route de Nimes,44.003001,4.416284,Plein jour,En agglomération,Hors intersection,Normale,Autre collision,3,2,2,0,1,1,1,0,1,50,1,2,1,0,1,0,53.0,,voiture,,1,2,1,1,6
202000021632,2020-10-05 14:45:00,2020,10,5,14,45,22,22175,Rue de Penthièvre,48.448269,-2.387863,Plein jour,En agglomération,Intersection en X,Pluie légère,Deux véhicules - côté,3,2,2,0,1,1,2,0,1,50,2,2,1,0,0,1,30.0,30.0,utilitaire_camion,voiture,1,2,2,2,3
202000021633,2020-10-04 16:30:00,2020,10,4,16,30,19,19274,A.89,45.1886392,1.4895481,Plein jour,Hors agglomération,Hors intersection,Pluie légère,Sans collision,1,1,1,0,2,2,2,3,3,130,1,1,0,0,1,0,70.0,,voiture,,1,1,1,2,7
202000021634,2020-10-07 18:30:00,2020,10,7,18,30,69,69070,Lieu Dit Gadran,46.02405,4.390261,Plein jour,Hors agglomération,Hors intersection,Normale,Deux véhicules - frontale,4,2,2,0,2,2,1,0,1,80,2,2,0,0,1,1,35.0,50.0,voiture,deux_roues,1,1,1,1,1
202000021635,2020-10-01 17:15:00,2020,10,1,17,15,71,71584,D15,46.446152,4.865205,Plein jour,En agglomération,Intersection en Y,Pluie légère,Trois véhicules et plus - en chaîne,3,2,2,0,1,1,2,0,1,50,3,4,3,0,1,0,39.0,67.0,voiture,voiture,1,2,4,2,4
202000021636,2020-10-06 08:40:00,2020,10,6,8,40,61,61324,les genetais,48.528803,-0.746011,Crépuscule ou aube,Hors agglomération,Hors intersection,Pluie légère,Autre collision,3,2,2,0,1,2,2,0,3,90,1,1,0,0,1,0,84.0,,voiture,,2,1,1,2,6
202000021637,2020-10-03 23:55:00,2020,10,3,23,55,49,49018,Brené,47.469414,-0.102053,Nuit sans éclairage public,Hors agglomération,Intersection en X,Pluie légère,Deux véhicules - côté,3,2,2,0,1,1,2,0,1,90,2,5,4,0,0,1,28.0,38.0,voiture,voiture,3,1,2,2,3
202000021638,2020-10-03 16:15:00,2020,10,3,16,15,42,42156,Rue de la Poste,45.902134,4.180743,Plein jour,En agglomération,Intersection en T,Temps couvert,Autre collision,3,2,2,0,1,1,2,0,6,50,1,2,1,0,1,0,34.0,,utilitaire_camion,,1,2,3,8,6
202000021639,2020-10-06 16:45:00,2020,10,6,16,45,68,68240,22 Rue Principale,47.573862,7.288485,Plein jour,En agglomération,Hors intersection,Pluie légère,Autre collision,3,2,2,0,2,4,2,0,4,50,1,1,0,0,1,0,30.0,,deux_roues,,1,2,1,2,6
202000021640,2020-10-06 19:15:00,2020,10,6,19,15,39,39209,Nantey - Chemin des Pignons,46.407512,5.399904,Nuit sans éclairage public,En agglomération,Hors intersection,Temps couvert,Autre collision,4,2,2,0,2,2,2,0,3,50,1,1,0,0,1,0,76.0,,voiture,,3,2,1,8,6
202000021641,2020-10-06 18:00:00,2020,10,6,18,0,39,39061,,46.589411,5.730204,Plein jour,Hors agglomération,Intersection en X,Pluie légère,Deux véhicules - côté,3,2,2,0,1,1,2,0,1,80,2,2,0,0,1,1,44.0,87.0,voiture,voiture,1,1,2,2,3
202000021642,2020-10-06 08:45:00,2020,10,6,8,45,44,44069,Avenue de la Brière,47.332377,-2.422088,Plein jour,En agglomération,Hors intersection,Normale,Deux véhicules - côté,3,2,1,0,1,1,2,0,1,50,2,2,1,0,0,1,67.0,13.0,voiture,deux_roues,1,2,1,1,3
202000021643,2020-10-06 12:30:00,2020,10,6,12,30,35,35207,RD 92,48.080231,-1.513027,Plein jour,Hors agglomération,Hors intersection,Pluie forte,Deux véhicules - frontale,3,2,2,0,1,1,2,0,1,80,2,2,1,0,1,0,25.0,33.0,voiture,voiture,1,1,1,3,1
202000021644,2020-10-06 18:00:00,2020,10,6,18,0,29,29182,Lieu Dit Corn Ar Vur,48.625682,-3.6928028,Plein jour,Hors agglomération,Hors intersection,Normale,Sans collision,3,2,2,0,1,1,1,5,1,-1,1,1,0,0,1,0,67.0,,utilitaire_camion,,1,1,1,1,7
202000021645,2020-10-07 15:50:00,2020,10,7,15,50,38,38434,Route de la Vallée,45.526066,5.552242,Plein jour,Hors agglomération,Intersection en X,Normale,Deux véhicules - côté,3,2,2,0,3,1,1,0,1,80,2,3,0,0,1,2,37.0,39.0,utilitaire_camion,utilitaire_camion,1,1,2,1,3
202000021646,2020-10-06 12:00:00,2020,10,6,12,0,03,03254,Boulevard Ledru Rollin,46.3072698,3.2930377,Plein jour,En agglomération,Hors intersection,Pluie légère,Sans collision,3,2,2,0,2,3,2,0,1,50,1,1,0,0,0,1,51.0,,deux_roues,,1,2,1,2,7
202000021647,2020-10-05 11:35:00,2020,10,5,11,35,54,54073,RD674,48.644366,5.892363,Plein jour,Hors agglomération,Hors intersection,Pluie légère,Trois véhicules et plus - collisions multiples,3,2,2,0,3,2,2,0,1,80,3,4,3,0,1,0,59.0,58.0,utilitaire_camion,utilitaire_camion,1,1,1,2,5
202000021648,2020-10-06 21:10:00,2020,10,6,21,10,72,72358,LE GLAND,48.051148,0.518246,Nuit sans éclairage public,Hors agglomération,Hors intersection,Pluie légère,Autre collision,3,2,2,0,1,3,2,0,8,80,1,1,0,0,1,0,30.0,,utilitaire_camion,,3,1,1,2,6
202000021649,2020-10-07 14:45:00,2020,10,7,14,45,05,05123,D994,44.548378,5.981651,Plein jour,Hors agglomération,Hors intersection,Normale,Autre collision,3,2,2,2,1,1,1,0,3,90,1,4,0,0,2,2,41.0,,voiture,,1,1,1,1,6
202000021650,2020-10-07 13:40:00,2020,10,7,13,40,09,09299,D618,42.913221,1.194806,Plein jour,Hors agglomération,Hors intersection,Pluie légère,Sans collision,3,2,2,0,1,3,2,0,8,80,1,2,0,0,0,2,33.0,,voiture,,1,1,1,2,7
202000021651,2020-10-04 20:40:00,2020,10,4,20,40,18,18160,Route de Saint Amand,46.990217,2.814174,Nuit sans éclairage public,Hors agglomération,Hors intersection,Pluie légère,Autre collision,3,2,2,0,1,2,2,0,3,80,1,1,0,0,1,0,29.0,,voiture,,3,1,1,2,6
202000021652,2020-10-06 11:15:00,2020,10,6,11,15,43,43198,Conil,44.970863,3.708937,Plein jour,Hors agglomération,Intersection en Y,Pluie légère,Deux véhicules - frontale,4,-1,2,0,2,3,2,0,1,-1,2,2,1,0,1,0,31.0,29.0,deux_roues,voiture,1,1,4,2,1
202000021653,2020-10-07 16:15:00,2020,10,7,16,15,10,10231,D619,48.501621,3.466272,Plein jour,Hors agglomération,Hors intersection,Normale,Deux véhicules - frontale,3,2,2,0,1,1,1,3,1,80,2,2,0,1,0,1,43.0,69.0,utilitaire_camion,voiture,1,1,1,1,1
202000021654,2020-10-07 17:50:00,2020,10,7,17,50,27,27467,Quai Félix Faure,49.35841,0.50897,Plein jour,En agglomération,Intersection en T,Normale,Deux véhicules - frontale,3,2,2,0,1,1,1,0,1,50,2,2,1,0,1,0,48.0,19.0,voiture,deux_roues,1,2,3,1,1
202000021655,2020-10-06 11:30:00,2020,10,6,11,30,87,87185,Les Vignes à Dieu,45.886733,1.014444,Plein jour,Hors agglomération,Intersection en T,Pluie légère,Sans collision,4,2,2,0,2,1,2,0,3,80,1,1,0,0,1,0,73.0,,deux_roues,,1,1,3,2,7
202000021656,2020-10-06 13:55:00,2020,10,6,13,55,30,30325,Route de Ganges,43.977572,3.71502,Plein jour,En agglomération,Hors intersection,Pluie légère,Deux véhicules - frontale,3,2,2,0,2,1,2,0,1,50,2,3,2,0,1,0,28.0,50.0,voiture,voiture,1,2,1,2,1
202000021657,2020-10-04 19:00:00,2020,10,4,19,0,978,97801,6 Rue d'Orléans,18.069315,-63.035297,Nuit avec éclairage allumé,En agglomération,Hors intersection,Normale,Autre collision,2,2,2,0,1,1,1,6,1,50,1,3,1,0,2,0,36.0,,voiture,,5,2,1,1,6
202000021658,2020-10-06 15:20:00,2020,10,6,15,20,35,35210,Rue du Docteur Léon,48.149037,-1.788341,Plein jour,En agglomération,Hors intersection,Normale,Deux véhicules - frontale,4,4,1,0,1,2,1,2,1,50,2,2,1,0,1,0,59.0,76.0,voiture,deux_roues,1,2,1,1,1