accident_id,datetime,annee,mois,jour,heure,minute,departement,commune_insee,adresse,latitude,longitude,luminosite,agglomeration,intersection,meteo,collision,catr,circ,nbv,vosp,prof,plan,surf,infra,situ,vma,nb_vehicules,nb_usagers,nb_indemnes,nb_tues,nb_blesses_hosp,nb_blesses_legers,age_cond_1,age_cond_2,veh_type_cond_1,veh_type_cond_2,lum_code,agg_code,int_code,atm_code,col_code
202000021659,2020-10-07 07:40:00,2020,10,7,7,40,01,01323,D933,46.420052,4.931944,Crépuscule ou aube,Hors agglomération,Hors intersection,Normale,Autre collision,3,2,2,0,1,1,1,0,3,80,1,1,0,0,1,0,21.0,,utilitaire_camion,,2,1,1,1,6
202000021660,2020-10-07 10:00:00,2020,10,7,10,0,69,69244,2 Rue Clotilde,45.767377,4.761747,Plein jour,En agglomération,Autre intersection,Normale,Deux véhicules - côté,3,3,4,0,1,1,1,0,1,50,2,2,1,0,1,0,77.0,34.0,voiture,deux_roues,1,2,9,1,3
202000021661,2020-10-06 17:55:00,2020,10,6,17,55,68,68042,Autoroute A35,47.619529,7.513103,Plein jour,Hors agglomération,Hors intersection,Pluie légère,Trois véhicules et plus - en chaîne,1,3,4,0,1,1,2,0,1,130,3,3,2,0,0,1,46.0,20.0,voiture,utilitaire_camion,1,1,1,2,4
202000021662,2020-10-06 07:55:00,2020,10,6,7,55,51,51507,A4,49.0762164,4.9162008,Crépuscule ou aube,Hors agglomération,Hors intersection,Pluie forte,Sans collision,1,1,4,0,1,1,3,2,1,110,1,2,0,0,0,2,48.0,,voiture,,2,1,1,3,7
202000021663,2020-10-07 06:40:00,2020,10,7,6,40,01,01224,Route de Lagnieu,45.783926,5.228398,Nuit sans éclairage public,Hors agglomération,Hors intersection,Normale,Deux véhicules - frontale,3,2,2,0,1,3,1,8,1,80,2,2,1,0,1,0,31.0,32.0,utilitaire_camion,utilitaire_camion,3,1,1,1,1
202000021664,2020-10-06 16:30:00,2020,10,6,16,30,987,98740,Avatoru,-14.944864,-147.706784,Plein jour,Hors agglomération,Hors intersection,Normale,Autre collision,2,2,2,0,1,1,1,0,1,60,1,1,0,0,0,1,62.0,,deux_roues,,1,1,1,1,6
202000021665,2020-10-06 06:40:00,2020,10,6,6,40,987,98733,RT1,-17.676685,-149.589082,Plein jour,Hors agglomération,Hors intersection,Normale,Deux véhicules - côté,2,2,2,0,1,1,1,0,1,60,2,4,2,0,1,1,42.0,34.0,deux_roues,voiture,1,1,1,1,3
202000021666,2020-09-10 06:00:00,2020,9,10,6,0,987,98733,vallée de Orofero,-17.688428,-149.578149,Plein jour,Hors agglomération,Autre intersection,Normale,Deux véhicules - frontale,4,2,2,0,1,1,1,0,1,50,2,2,0,0,2,0,22.0,29.0,deux_roues,deux_roues,1,1,9,1,1
202000021667,2020-08-19 23:00:00,2020,8,19,23,0,971,97125,Belloc,16.295673,-61.301887,Nuit sans éclairage public,Hors agglomération,Intersection en X,Normale,Deux véhicules - côté,4,2,2,0,1,1,1,0,1,80,2,3,1,0,1,1,60.0,18.0,voiture,deux_roues,3,1,2,1,3
202000021668,2020-10-07 04:15:00,2020,10,7,4,15,77,77477,D152,48.3326152,2.5909688,Nuit sans éclairage public,Hors agglomération,Hors intersection,Normale,Autre collision,3,2,2,0,1,1,1,0,3,90,1,1,0,1,0,0,21.0,,voiture,,3,1,1,1,6
202000021669,2020-10-07 16:15:00,2020,10,7,16,15,77,77091,D216,48.7424848,2.8307337,Plein jour,Hors agglomération,Intersection en Y,Normale,Deux véhicules - côté,3,2,2,0,1,1,1,0,1,80,2,2,1,0,1,0,26.0,77.0,voiture,deux_roues,1,1,4,1,3
202000021670,2020-10-06 15:00:00,2020,10,6,15,0,95,95212,D165,49.035111,2.562491,Plein jour,Hors agglomération,Hors intersection,Pluie légère,Deux véhicules - arrière,3,2,2,0,1,3,2,0,1,80,2,2,1,1,0,0,31.0,23.0,utilitaire_camion,voiture,1,1,1,2,2
202000021671,2020-10-07 08:55:00,2020,10,7,8,55,78,78320,D113,49.030606,1.554328,Plein jour,Hors agglomération,Hors intersection,Temps couvert,Deux véhicules - frontale,3,2,2,0,2,4,2,0,1,70,2,2,1,0,1,0,18.0,39.0,voiture,utilitaire_camion,1,1,1,8,1
202000021672,2020-10-06 17:00:00,2020,10,6,17,0,83,83094,D74,43.341254,6.559846,Plein jour,Hors agglomération,Hors intersection,Normale,Deux véhicules - arrière,3,2,2,0,1,1,1,0,1,70,2,4,3,0,1,0,39.0,23.0,voiture,deux_roues,1,1,1,1,2
202000021673,2020-10-07 16:00:00,2020,10,7,16,0,69,69163,Rue de Billy le Jeune,45.9071838,4.7433881,Plein jour,Hors agglomération,Hors intersection,Normale,Deux véhicules - frontale,4,2,2,0,1,3,1,5,1,90,2,2,0,0,0,2,42.0,28.0,voiture,voiture,1,1,1,1,1
202000021674,2020-10-06 22:50:00,2020,10,6,22,50,81,81112,D988,43.920437,2.0119573,Nuit sans éclairage public,Hors agglomération,Hors intersection,Pluie forte,Autre collision,3,2,2,0,1,1,2,9,3,70,1,1,0,0,1,0,74.0,,voiture,,3,1,1,3,6
202000021675,2020-10-07 11:05:00,2020,10,7,11,5,14,14068,Lieu Dit la Bijude,49.229397,-0.371325,Plein jour,Hors agglomération,Giratoire,Normale,Deux véhicules - côté,3,1,2,0,1,2,1,0,1,50,2,2,1,0,1,0,56.0,87.0,utilitaire_camion,voiture,1,1,6,1,3
202000021676,2020-10-06 23:25:00,2020,10,6,23,25,35,35047,RD 177,48.050073,-1.747867,Nuit sans éclairage public,Hors agglomération,Hors intersection,Normale,Autre collision,3,3,4,0,1,1,1,0,3,110,1,1,0,1,0,0,61.0,,voiture,,3,1,1,1,6
202000021677,2020-10-07 15:30:00,2020,10,7,15,30,60,60360,31 Rue Victor Hugo,49.328629,2.46265,Plein jour,En agglomération,Hors intersection,Normale,Autre collision,3,-1,-1,0,1,1,1,9,1,45,1,2,1,0,0,1,22.0,,voiture,,1,2,1,1,6
202000021678,2020-10-07 11:50:00,2020,10,7,11,50,60,60090,D915,49.1751035,1.9096686,Plein jour,En agglomération,Intersection en X,Normale,Trois véhicules et plus - collisions multiples,3,2,2,0,1,1,1,0,1,50,3,5,3,0,0,2,29.0,62.0,voiture,voiture,1,2,2,1,5
202000021679,2020-10-07 16:45:00,2020,10,7,16,45,60,60009,D93,49.399573,2.082459,Plein jour,Hors agglomération,Intersection en X,Normale,Deux véhicules - côté,3,2,2,0,2,1,1,0,1,80,2,2,1,0,0,1,47.0,59.0,voiture,deux_roues,1,1,2,1,3
202000021680,2020-10-07 15:40:00,2020,10,7,15,40,62,62014,1 Avenue Carnot,50.639575,2.402819,Plein jour,En agglomération,Hors intersection,Normale,Autre collision,3,2,2,0,1,1,1,0,4,30,1,1,0,0,1,0,33.0,,voiture,,1,2,1,1,6
202000021681,2020-10-02 17:30:00,2020,10,2,17,30,59,59256,M 145,50.575388,3.118014,Plein jour,Hors agglomération,Hors intersection,Pluie légère,Deux véhicules - frontale,7,2,2,1,1,2,2,0,1,50,2,2,1,0,1,0,30.0,53.0,voiture,voiture,1,1,1,2,1
202000021682,2020-10-06 14:40:00,2020,10,6,14,40,13,13026,A55-Sens Marseille vers Martigues,43.378249,5.170027,Plein jour,Hors agglomération,Hors intersection,Normale,Deux véhicules - arrière,1,-1,2,0,1,1,1,0,1,110,2,2,1,0,1,0,64.0,68.0,voiture,deux_roues,1,1,1,1,2
202000021683,2020-10-02 09:30:00,2020,10,2,9,30,59,59512,ROUTE METROPOLITAINE 656,50.7028301,3.1601599,Plein jour,Hors agglomération,Hors intersection,Normale,Deux véhicules - arrière,7,3,4,0,1,1,1,0,1,90,2,2,1,0,0,1,25.0,36.0,voiture,deux_roues,1,1,1,1,2
202000021684,2020-10-02 11:30:00,2020,10,2,11,30,59,59343,ROUTE NATIONALE 227,50.600328,3.130785,Plein jour,Hors agglomération,Hors intersection,Normale,Deux véhicules - côté,1,3,2,0,1,1,2,0,1,70,2,3,2,0,0,1,40.0,27.0,voiture,voiture,1,1,1,1,3
202000021685,2020-10-06 09:45:00,2020,10,6,9,45,91,91659,AUTOROUTE A6,48.593677,2.443759,Plein jour,Hors agglomération,Hors intersection,Temps couvert,Sans collision,1,1,1,0,1,3,2,0,1,50,1,1,0,0,0,1,58.0,,voiture,,1,1,1,8,7
202000021686,2020-10-06 10:00:00,2020,10,6,10,0,91,91687,AUTOROUTE A6,48.6649,2.3642,Plein jour,Hors agglomération,Hors intersection,Normale,Deux véhicules - arrière,1,1,3,0,1,1,2,0,1,110,2,2,0,0,0,2,35.0,53.0,deux_roues,deux_roues,1,1,1,1,2
202000021687,2020-10-06 08:40:00,2020,10,6,8,40,91,91553,RN 104,48.6317,2.4946,Plein jour,Hors agglomération,Hors intersection,Pluie légère,Deux véhicules - arrière,2,1,3,0,1,1,2,0,1,90,2,2,1,0,0,1,31.0,51.0,voiture,utilitaire_camion,1,1,1,2,2
202000021688,2020-10-06 06:45:00,2020,10,6,6,45,91,91064,RN 118,48.74892,2.21432,Nuit sans éclairage public,Hors agglomération,Hors intersection,Pluie légère,Autre collision,2,3,4,0,1,1,2,0,1,70,1,1,0,0,0,1,30.0,,voiture,,3,1,1,2,6
202000021689,2020-10-06 12:38:00,2020,10,6,12,38,92,92064,A13,48.8395693,2.2020815,Plein jour,Hors agglomération,Hors intersection,Pluie légère,Deux véhicules - arrière,1,3,6,0,1,1,2,0,1,70,2,3,2,0,0,1,66.0,76.0,voiture,voiture,1,1,1,2,2
202000021690,2020-10-06 07:00:00,2020,10,6,7,0,78,78466,A13,48.92669,1.99385,Nuit sans éclairage public,Hors agglomération,Hors intersection,Pluie légère,Trois véhicules et plus - en chaîne,1,3,6,0,1,3,2,3,1,110,6,6,4,0,0,2,40.0,25.0,voiture,voiture,3,1,1,2,4
202000021691,2020-10-06 06:45:00,2020,10,6,6,45,78,78466,A13,48.927492,1.991869,Nuit sans éclairage public,En agglomération,Hors intersection,Pluie forte,Trois véhicules et plus - en chaîne,1,3,6,0,1,1,2,0,1,130,3,5,2,0,0,3,48.0,28.0,voiture,voiture,3,2,1,3,4
202000021692,2020-10-05 07:05:00,2020,10,5,7,5,92,92050,A14,48.9000875,2.2094467,Crépuscule ou aube,Hors agglomération,Hors intersection,Pluie légère,Deux véhicules - arrière,1,1,4,0,1,1,1,1,1,70,2,2,1,0,0,1,35.0,43.0,voiture,voiture,2,1,1,2,2
202000021693,2020-10-06 16:10:00,2020,10,6,16,10,93,93008,AUTOROUTE A86,48.9083227,2.4507338,Plein jour,Hors agglomération,Autre intersection,Normale,Deux véhicules - côté,1,3,6,0,1,1,1,1,1,90,2,2,1,0,0,1,36.0,45.0,voiture,deux_roues,1,1,9,1,3
202000021694,2020-10-06 10:10:00,2020,10,6,10,10,95,95582, A15,48.9641319,2.2632091,Plein jour,Hors agglomération,Hors intersection,Temps couvert,Autre collision,1,3,6,0,2,1,2,0,1,70,1,1,0,0,0,1,46.0,,voiture,,1,1,1,8,6
202000021695,2020-10-06 09:15:00,2020,10,6,9,15,92,92036,AUTOROUTE A86,48.938517,2.3000176,Plein jour,Hors agglomération,Hors intersection,Temps couvert,Deux véhicules - côté,1,3,8,0,1,1,2,0,1,110,2,2,1,0,0,1,37.0,53.0,voiture,deux_roues,1,1,1,8,3
202000021696,2020-10-06 10:00:00,2020,10,6,10,0,93,93006,AUTOROUTE A3,48.8636691,2.4132376,Plein jour,Hors agglomération,Hors intersection,Normale,Trois véhicules et plus - collisions multiples,1,3,2,0,3,1,2,2,1,70,3,4,2,0,0,2,32.0,26.0,utilitaire_camion,voiture,1,1,1,1,5
202000021697,2020-10-05 21:00:00,2020,10,5,21,0,95,95018,A15,48.95669,2.27459,Nuit sans éclairage public,Hors agglomération,Hors intersection,Pluie forte,Autre collision,1,3,4,0,2,2,2,0,2,50,1,1,0,0,0,1,26.0,,voiture,,3,1,1,3,6
202000021698,2020-10-06 15:00:00,2020,10,6,15,0,94,94028,RN406.Y,48.7795,2.4406,Plein jour,Hors agglomération,Hors intersection,Normale,Deux véhicules - arrière,2,3,2,0,1,1,1,0,1,70,2,5,3,0,0,2,37.0,44.0,voiture,voiture,1,1,1,1,2
202000021699,2020-10-06 09:40:00,2020,10,6,9,40,93,93051,A4,48.836228,2.553139,Plein jour,Hors agglomération,Hors intersection,Normale,Deux véhicules - arrière,1,-1,6,0,1,1,2,0,1,110,2,2,1,0,0,1,20.0,25.0,voiture,utilitaire_camion,1,1,1,1,2
202000021700,2020-10-05 23:40:00,2020,10,5,23,40,77,77169,RN104,48.824833,2.615717,Nuit sans éclairage public,Hors agglomération,Hors intersection,Pluie légère,Autre collision,2,1,2,0,1,2,2,9,1,70,1,1,0,0,0,1,23.0,,voiture,,3,1,1,2,6
202000021701,2020-05-14 10:10:00,2020,5,14,10,10,05,05061,BONNE (CHEMIN DE),44.5633466,6.0838944,Plein jour,En agglomération,Intersection en T,Normale,Autre collision,2,2,3,-1,1,1,1,0,1,50,1,2,1,0,0,1,33.0,,utilitaire_camion,,1,2,3,1,6
202000021702,2020-06-14 19:30:00,2020,6,14,19,30,45,45234,Rue du Fil Soie,47.9211,1.93217,Plein jour,En agglomération,Hors intersection,Normale,Autre collision,4,2,2,0,1,1,1,0,1,50,1,2,1,0,0,1,17.0,,voiture,,1,2,1,1,6
202000021703,2020-10-06 08:00:00,2020,10,6,8,0,988,98818,PROMENADE PIERRE VERNIER/RUE DU PORT DESPOINTES,-22.28676,166.45727,Plein jour,En agglomération,Giratoire,Normale,Deux véhicules - côté,4,2,2,0,1,1,1,5,1,50,2,2,1,0,1,0,59.0,60.0,voiture,deux_roues,1,2,6,1,3
202000021704,2020-10-05 16:50:00,2020,10,5,16,50,974,97416,RN 01,-21.30944,55.43366,Plein jour,Hors agglomération,Hors intersection,Pluie légère,Sans collision,2,3,4,0,1,1,2,0,1,110,1,1,0,0,0,1,44.0,,voiture,,1,1,1,2,7
202000021705,2020-10-05 08:10:00,2020,10,5,8,10,974,97411,LITTORAL (ROUTE 2 DU),-20.8769,55.41429,Plein jour,Hors agglomération,Hors intersection,Temps couvert,Deux véhicules - arrière,2,3,2,0,1,1,2,0,1,90,2,3,1,0,0,2,28.0,53.0,deux_roues,voiture,1,1,1,8,2
202000021706,2020-10-05 07:05:00,2020,10,5,7,5,973,97302,LAFAURIE (CITE),4.9337586,-52.323364,Plein jour,En agglomération,Hors intersection,Normale,Deux véhicules - côté,4,-1,2,0,1,1,1,9,1,50,2,2,1,0,0,1,36.0,33.0,voiture,deux_roues,1,2,1,1,3
202000021707,2020-10-05 19:40:00,2020,10,5,19,40,69,69388,JEAN SARRAZIN                       (R ),45.72931,4.86078,Nuit avec éclairage allumé,En agglomération,Intersection en X,Pluie légère,Autre collision,4,-1,2,0,1,1,2,0,1,50,1,2,1,0,1,0,77.0,,voiture,,5,2,2,2,6
202000021708,2020-10-05 12:55:00,2020,10,5,12,55,69,69388,PAUL SANTY                          (AV),45.73151,4.87388,Plein jour,En agglomération,Intersection en X,Temps couvert,Deux véhicules - côté,4,2,2,0,1,1,1,0,1,50,2,1,0,0,0,1,28.0,,voiture,,1,2,2,8,3
202000021709,2020-10-05 08:10:00,2020,10,5,8,10,69,69383,PAUL BERT                           (R ),45.75708,4.86166,Plein jour,En agglomération,Intersection en X,Normale,Deux véhicules - côté,4,2,2,0,1,1,1,0,1,50,2,2,1,0,0,1,22.0,44.0,voiture,deux_roues,1,2,2,1,3
202000021710,2020-10-05 07:45:00,2020,10,5,7,45,69,69383,ANTOINE CHARIAL                     (R ),45.75762,4.8715,Crépuscule ou aube,En agglomération,Hors intersection,Normale,Deux véhicules - côté,4,1,1,0,1,1,1,0,1,50,2,2,1,0,0,1,18.0,20.0,deux_roues,voiture,2,2,1,1,3
202000021711,2020-09-18 16:30:00,2020,9,18,16,30,2B,2B120,11 - RT,42.65,9.4167,Plein jour,Hors agglomération,Hors intersection,Normale,Deux véhicules - côté,2,3,2,0,4,1,1,0,1,90,2,3,0,0,0,3,47.0,51.0,voiture,voiture,1,1,1,1,3
202000021712,2020-10-04 04:45:00,2020,10,4,4,45,971,97101,RN1 ROCADE DE CHAUVEL,16.2395,-61.523,Plein jour,Hors agglomération,Hors intersection,Normale,Autre collision,2,1,2,0,2,1,1,2,3,90,1,3,0,0,0,3,61.0,,voiture,,1,1,1,1,6
202000021713,2020-10-05 17:55:00,2020,10,5,17,55,2A,2A004,CONSTELLATION IMM.AV NOEL FRANCHINI,41.9368788,8.7536776,Plein jour,En agglomération,Hors intersection,Normale,Trois véhicules et plus - collisions multiples,2,2,2,0,1,1,1,0,1,50,4,5,2,0,0,3,83.0,54.0,voiture,voiture,1,2,1,1,5
202000021714,2020-10-05 18:40:00,2020,10,5,18,40,95,95539,RD 301,49.0094601,2.3528919,Crépuscule ou aube,En agglomération,Autre intersection,Pluie forte,Deux véhicules - arrière,3,3,4,0,1,1,2,0,1,90,2,1,0,0,0,1,35.0,,deux_roues,,2,2,9,3,2
202000021715,2020-10-03 10:15:00,2020,10,3,10,15,91,91377,GALVANI (RUE),48.7246,2.26853,Plein jour,En agglomération,Intersection en X,Normale,Deux véhicules - côté,4,2,2,0,1,1,1,5,1,50,2,4,3,0,0,1,37.0,37.0,voiture,voiture,1,2,2,1,3
202000021716,2020-10-05 13:20:00,2020,10,5,13,20,91,91687,SABLONS (AVENUE DES),48.666719,2.364629,Plein jour,En agglomération,Hors intersection,Pluie légère,Autre collision,4,2,2,0,1,1,2,0,1,50,1,3,1,0,0,2,33.0,,voiture,,1,2,1,2,6
202000021717,2020-10-03 16:16:00,2020,10,3,16,16,87,87085,BASTIAT (RUE FREDERIC),45.88355,1.28886,Plein jour,En agglomération,Hors intersection,Pluie légère,Autre collision,6,2,2,0,1,1,2,0,1,10,1,2,1,0,0,1,45.0,,voiture,,1,2,1,2,6
202000021718,2020-10-02 22:42:00,2020,10,2,22,42,87,87085,PALAIS (ROUTE DU),45.84069,1.28774,Nuit avec éclairage allumé,En agglomération,Hors intersection,Pluie forte,Autre collision,3,1,2,0,2,2,2,3,1,50,1,2,1,0,0,1,32.0,,voiture,,5,2,1,3,6
202000021719,2020-10-03 14:51:00,2020,10,3,14,51,87,87085,PALAIS (ROUTE DU),45.83955,1.28405,Plein jour,En agglomération,Hors intersection,Pluie forte,Autre collision,3,3,2,0,1,3,2,0,1,50,1,1,0,0,0,1,22.0,,voiture,,1,2,1,3,6
202000021720,2020-10-04 12:50:00,2020,10,4,12,50,86,86158,N149,46.629588,0.264882,Plein jour,Hors agglomération,Hors intersection,Temps couvert,Sans collision,2,2,2,0,1,1,2,0,1,50,1,1,0,0,0,1,17.0,,deux_roues,,1,1,1,8,7
202000021721,2020-09-17 20:25:00,2020,9,17,20,25,84,84031,HUGO AVENUE VICTOR,44.04715,5.04817,Crépuscule ou aube,En agglomération,Hors intersection,Normale,Autre collision,4,2,1,0,1,1,1,0,1,50,1,2,1,0,1,0,31.0,,voiture,,2,2,1,1,6
202000021722,2020-07-07 00:50:00,2020,7,7,0,50,84,84007,C.De GAULLE (Rocade),43.92882,4.81248,Nuit avec éclairage allumé,En agglomération,Giratoire,Normale,Deux véhicules - côté,4,3,4,0,1,1,1,5,1,50,2,2,1,0,1,0,27.0,23.0,voiture,voiture,5,2,6,1,3
202000021723,2020-10-05 22:35:00,2020,10,5,22,35,83,83069,REAL MARTIN (ROUTE DU),43.1713,6.11579,Nuit sans éclairage public,Hors agglomération,Hors intersection,Normale,Sans collision,3,2,2,0,1,1,1,0,3,50,1,1,0,0,0,1,66.0,,voiture,,3,1,1,1,7
202000021724,2020-10-05 00:40:00,2020,10,5,0,40,78,78551,FOCH (AVENUE DU MARECHAL),48.90232,2.08568,Nuit avec éclairage allumé,En agglomération,Autre intersection,Pluie légère,Sans collision,3,2,2,0,1,1,2,0,1,50,1,1,0,0,0,1,28.0,,deux_roues,,5,2,9,2,7
202000021725,2020-10-03 16:20:00,2020,10,3,16,20,77,77146,PREMIER MAI (ALLEE DU),48.82603,2.63677,Plein jour,En agglomération,Intersection en X,Normale,Deux véhicules - côté,4,2,2,0,1,1,1,0,1,50,2,2,1,1,0,0,37.0,39.0,deux_roues,utilitaire_camion,1,2,2,1,3
202000021726,2020-10-02 20:55:00,2020,10,2,20,55,76,76341,BREQUE,49.5042,0.1954,Nuit avec éclairage allumé,Hors agglomération,Giratoire,Normale,Autre collision,3,1,1,0,1,1,1,0,1,50,1,2,1,0,0,1,32.0,,voiture,,5,1,6,1,6
202000021727,2020-10-03 08:47:00,2020,10,3,8,47,76,76351,ROMAIN ROLLAND (RUE),49.50656,0.10916,Crépuscule ou aube,En agglomération,Hors intersection,Normale,Autre collision,4,1,1,0,1,1,2,0,1,50,1,1,0,0,0,1,32.0,,voiture,,2,2,1,1,6
202000021728,2020-09-08 07:45:00,2020,9,8,7,45,70,70550,JARDIN ANGLAIS,47.624,6.16426,Crépuscule ou aube,En agglomération,Hors intersection,Normale,Sans collision,9,2,2,1,1,1,1,0,8,10,1,1,0,1,0,0,47.0,,deux_roues,,2,2,1,1,7
202000021729,2020-09-03 16:36:00,2020,9,3,16,36,70,70550,ROCADE OUEST - RD 457,47.63988,6.14212,Plein jour,Hors agglomération,Hors intersection,Normale,Trois véhicules et plus - collisions multiples,3,2,4,0,1,1,1,0,1,90,3,4,3,0,1,0,26.0,49.0,utilitaire_camion,voiture,1,1,1,1,5
202000021730,2020-10-05 08:00:00,2020,10,5,8,0,67,67482,PETIT RHIN (ROUTE DU),48.574076,7.7846,Plein jour,En agglomération,Hors intersection,Temps couvert,Autre collision,4,2,2,1,1,1,1,0,1,50,1,1,0,0,0,1,38.0,,voiture,,1,2,1,8,6
202000021731,2020-10-04 11:10:00,2020,10,4,11,10,67,67482,PLAINE DES BOUCHERS (RUE DE LA),48.56342,7.73853,Plein jour,En agglomération,Hors intersection,Temps couvert,Deux véhicules - côté,4,2,4,1,1,1,1,0,1,50,2,2,1,0,0,1,32.0,59.0,voiture,deux_roues,1,2,1,8,3
202000021732,2020-10-03 10:45:00,2020,10,3,10,45,67,67447,BISCHWILLER (ROUTE DE),48.60153,7.74494,Plein jour,En agglomération,Hors intersection,Pluie forte,Autre collision,7,2,2,1,1,1,2,0,1,40,1,1,0,0,1,0,,,,,1,2,1,3,6
202000021733,2020-10-02 23:00:00,2020,10,2,23,0,67,67482,ALGER (RUE D ),48.58285,7.78684,Nuit avec éclairage allumé,En agglomération,Hors intersection,Temps couvert,Deux véhicules - arrière,4,2,2,0,1,3,1,0,1,50,2,2,1,0,0,1,52.0,60.0,voiture,voiture,5,2,1,8,2
202000021734,2020-10-02 14:00:00,2020,10,2,14,0,67,67365,ALFRED KASTLER (RUE),48.54316,7.69728,Plein jour,En agglomération,Intersection en T,Temps couvert,Deux véhicules - côté,4,2,2,0,1,1,2,0,1,50,2,2,1,0,0,1,35.0,31.0,voiture,voiture,1,2,3,8,3
202000021735,2020-10-02 09:30:00,2020,10,2,9,30,67,67482,RIBEAUVILLE (RUE DE),48.56357,7.76771,Plein jour,En agglomération,Intersection en T,Temps couvert,Deux véhicules - côté,4,3,2,0,1,1,1,-1,1,50,2,2,1,0,0,1,35.0,51.0,deux_roues,voiture,1,2,3,8,3
202000021736,2020-10-05 19:00:00,2020,10,5,19,0,65,65440,DUPARC (RUE HENRI),43.2251,0.05895,Plein jour,En agglomération,Intersection en T,Temps couvert,Deux véhicules - côté,4,2,2,0,1,1,1,0,1,50,2,2,1,0,1,0,22.0,52.0,deux_roues,utilitaire_camion,1,2,3,8,3
202000021737,2020-10-05 07:55:00,2020,10,5,7,55,64,64445,CONDORCET,43.31459,-0.36341,Crépuscule ou aube,En agglomération,Autre intersection,Pluie légère,Deux véhicules - côté,6,-1,0,0,1,1,2,0,1,30,2,2,1,0,0,1,18.0,19.0,deux_roues,voiture,2,2,9,2,3
202000021738,2020-10-04 11:35:00,2020,10,4,11,35,64,64024,BIARRITZ (AVENUE DE),43.48014,-1.52103,Plein jour,En agglomération,Hors intersection,Pluie légère,Deux véhicules - côté,4,2,2,0,1,1,2,0,1,50,2,4,2,0,0,2,29.0,91.0,voiture,voiture,1,2,1,2,3
202000021739,2020-10-05 08:50:00,2020,10,5,8,50,59,59352,QUESNOY (RUE),50.727785,3.052073,Plein jour,Hors agglomération,Intersection en X,Normale,Deux véhicules - côté,3,2,2,0,1,1,1,0,1,50,2,3,1,0,0,2,57.0,33.0,voiture,utilitaire_camion,1,1,2,1,3
202000021740,2020-10-05 07:39:00,2020,10,5,7,39,57,57757,GRAND'RUE,49.3615968,6.191873,Nuit avec éclairage allumé,En agglomération,Hors intersection,Pluie forte,Autre collision,4,2,2,0,1,1,2,0,1,50,1,2,0,0,1,1,40.0,,deux_roues,,5,2,1,3,6
202000021741,2020-10-02 11:02:00,2020,10,2,11,2,47,47001,LECLERC (AV. DU GENERAL),44.19212,0.6153,Plein jour,En agglomération,Intersection en X,Pluie légère,Deux véhicules - côté,4,2,2,0,1,1,2,5,1,50,2,2,1,0,0,1,48.0,48.0,utilitaire_camion,voiture,1,2,2,2,3
202000021742,2020-10-05 08:15:00,2020,10,5,8,15,45,45234,Chemin du Pont Cotelle,47.868067,1.923503,Crépuscule ou aube,En agglomération,Hors intersection,Pluie légère,Autre collision,4,2,2,0,1,1,2,0,1,50,1,2,1,0,0,1,57.0,,voiture,,2,2,1,2,6
202000021743,2020-10-02 23:59:00,2020,10,2,23,59,44,44184,PRÉVOIR (CHEMIN DE),47.28919,-2.227,Nuit sans éclairage public,Hors agglomération,Hors intersection,Vent fort / tempête,Sans collision,4,2,1,0,1,1,1,0,1,80,1,1,0,0,0,1,28.0,,voiture,,3,1,1,6,7
202000021744,2020-10-05 13:30:00,2020,10,5,13,30,35,35238,Porte d'Alma,48.08185,-1.67596,Plein jour,Hors agglomération,Autre intersection,Normale,Deux véhicules - arrière,4,1,1,0,1,1,1,9,1,50,2,2,1,0,0,1,38.0,19.0,voiture,voiture,1,1,9,1,2
202000021745,2020-11-13 05:30:00,2020,11,13,5,30,67,67375,rue principale RD31,48.6408132,7.671481,Plein jour,Hors agglomération,Hors intersection,Normale,Sans collision,3,2,2,0,1,1,1,0,1,80,1,1,0,0,0,1,39.0,,voiture,,1,1,1,1,7
202000021746,2020-11-11 18:59:00,2020,11,11,18,59,77,77002,Amillis,48.747806,3.112682,Nuit sans éclairage public,Hors agglomération,Autre intersection,Normale,Autre collision,3,2,2,0,4,3,1,0,3,80,1,1,0,0,1,0,49.0,,voiture,,3,1,9,1,6
202000021747,2020-11-13 20:35:00,2020,11,13,20,35,30,30135,Chemin Departemental 999,43.827128,4.535476,Nuit sans éclairage public,Hors agglomération,Hors intersection,Pluie légère,Sans collision,3,2,2,0,1,2,2,0,3,80,1,3,0,0,2,1,39.0,,voiture,,3,1,1,2,7
202000021748,2020-11-13 11:30:00,2020,11,13,11,30,51,51210,Avenue du General Leclerc,49.067936,3.9650713,Plein jour,En agglomération,Intersection en T,Pluie légère,Deux véhicules - côté,3,2,2,0,1,1,2,0,1,50,2,2,1,1,0,0,43.0,51.0,deux_roues,voiture,1,2,3,2,3
202000021749,2020-11-12 16:00:00,2020,11,12,16,0,76,76367,Rue des Longs Vallons,49.501413,1.08108,Plein jour,Hors agglomération,Hors intersection,Normale,Deux véhicules - arrière,3,2,2,0,1,1,1,0,1,80,2,3,2,0,1,0,39.0,33.0,deux_roues,autre,1,1,1,1,2
202000021750,2020-11-13 10:31:00,2020,11,13,10,31,80,80827,D1925,50.065982,1.552452,Plein jour,Hors agglomération,Hors intersection,Temps couvert,Autre collision,3,2,2,0,1,1,2,0,3,80,1,2,0,1,1,0,45.0,,voiture,,1,1,1,8,6