accident_id,datetime,annee,mois,jour,heure,minute,departement,commune_insee,adresse,latitude,longitude,luminosite,agglomeration,intersection,meteo,collision,catr,circ,nbv,vosp,prof,plan,surf,infra,situ,vma,nb_vehicules,nb_usagers,nb_indemnes,nb_tues,nb_blesses_hosp,nb_blesses_legers,age_cond_1,age_cond_2,veh_type_cond_1,veh_type_cond_2,lum_code,agg_code,int_code,atm_code,col_code
202000021843,2020-11-11 21:30:00,2020,11,11,21,30,13,13112,Route Departementale 20,43.519412,5.232657,Nuit avec éclairage allumé,Hors agglomération,Autre intersection,Normale,Deux véhicules - frontale,3,2,2,3,1,1,1,0,1,80,2,2,0,0,0,2,22.0,56.0,voiture,voiture,5,1,9,1,1
202000021844,2020-11-12 04:12:00,2020,11,12,4,12,42,42212,RN 82,45.966026,4.134787,Nuit sans éclairage public,Hors agglomération,Hors intersection,Normale,Deux véhicules - frontale,2,3,4,0,4,3,1,0,1,110,2,2,1,1,0,0,55.0,24.0,utilitaire_camion,voiture,3,1,1,1,1
202000021845,2020-11-06 15:00:00,2020,11,6,15,0,988,98803,RT1 col Aymes,-21.666362,165.543838,Plein jour,Hors agglomération,Hors intersection,Normale,Autre collision,2,2,2,0,2,3,1,0,3,110,1,1,0,0,1,0,71.0,,voiture,,1,1,1,1,6
202000021846,2020-11-11 17:45:00,2020,11,11,17,45,66,66208,D914,42.633217,2.941482,Crépuscule ou aube,Hors agglomération,Hors intersection,Normale,Autre collision,3,2,4,3,1,3,1,0,3,110,1,1,0,0,1,0,57.0,,deux_roues,,2,1,1,1,6
202000021847,2020-11-11 16:00:00,2020,11,11,16,0,30,30090,D315a,44.378271,3.942312,Plein jour,En agglomération,Hors intersection,Normale,Autre collision,3,2,2,0,1,1,1,0,3,70,1,1,0,0,1,0,27.0,,deux_roues,,1,2,1,1,6
202000021848,2020-11-10 16:15:00,2020,11,10,16,15,13,13081,9 Boulevard Gerard Philipe,43.487163,5.221617,Plein jour,En agglomération,Hors intersection,Normale,Deux véhicules - côté,3,2,2,0,1,1,1,0,1,50,2,2,1,0,1,0,39.0,26.0,voiture,deux_roues,1,2,1,1,3
202000021849,2020-11-12 19:10:00,2020,11,12,19,10,71,71555,D906,46.711581,4.865066,Nuit avec éclairage allumé,Hors agglomération,Intersection en T,Normale,Deux véhicules - côté,3,2,2,3,1,1,1,0,1,70,2,2,1,0,1,0,34.0,77.0,deux_roues,voiture,5,1,3,1,3
202000021850,2020-11-09 18:15:00,2020,11,9,18,15,88,88367,Route d'Autrey,48.338872,6.656862,Nuit avec éclairage allumé,En agglomération,Hors intersection,Normale,Deux véhicules - côté,3,2,2,0,1,1,1,0,1,50,2,2,1,0,1,0,29.0,18.0,transport_commun,deux_roues,5,2,1,1,3
202000021851,2020-11-12 15:10:00,2020,11,12,15,10,55,55389,"RD20, PK12+200",49.01575,5.167823,Plein jour,Hors agglomération,Hors intersection,Normale,Sans collision,3,2,2,0,1,3,1,0,3,80,1,1,0,0,0,1,30.0,,voiture,,1,1,1,1,7
202000021852,2020-11-12 17:50:00,2020,11,12,17,50,81,81039,D631,43.754059,1.926089,Crépuscule ou aube,Hors agglomération,Hors intersection,Normale,Deux véhicules - côté,3,2,2,0,1,1,1,0,1,80,2,2,1,0,0,1,44.0,49.0,voiture,voiture,2,1,1,1,3
202000021853,2020-11-12 11:15:00,2020,11,12,11,15,50,50601,Rue de la République,49.035056,-0.978837,Plein jour,En agglomération,Intersection en X,Normale,Autre collision,3,2,2,0,4,1,1,5,1,50,1,2,1,0,1,0,63.0,,voiture,,1,2,2,1,6
202000021854,2020-11-12 09:35:00,2020,11,12,9,35,35,35136,25 Rue André de Villoutreys,47.96213,-1.501826,Plein jour,En agglomération,Giratoire,Temps éblouissant,Autre collision,3,2,2,0,2,1,2,5,1,50,1,2,1,1,0,0,53.0,,voiture,,1,2,6,7,6
202000021855,2020-11-10 22:25:00,2020,11,10,22,25,78,78524,A13,48.84046,2.11297,Nuit sans éclairage public,Hors agglomération,Hors intersection,Normale,Deux véhicules - côté,1,3,6,0,1,1,2,0,1,110,2,2,0,0,0,2,26.0,61.0,voiture,voiture,3,1,1,1,3
202000021856,2020-11-09 00:45:00,2020,11,9,0,45,77,77058,A4,48.8286901,2.727937,Nuit sans éclairage public,Hors agglomération,Hors intersection,Normale,Deux véhicules - côté,1,1,3,0,1,1,1,0,1,110,2,2,1,0,0,1,26.0,22.0,voiture,voiture,3,1,1,1,3
202000021857,2020-07-30 15:30:00,2020,7,30,15,30,84,84007,MAGNANARELLES (Avenue des)-MONTFAVET,43.92572,4.87723,Plein jour,En agglomération,Intersection en X,Normale,Trois véhicules et plus - collisions multiples,4,2,4,0,1,1,1,5,1,50,3,4,2,0,1,1,60.0,37.0,deux_roues,voiture,1,2,2,1,5
202000021858,2020-11-09 17:25:00,2020,11,9,17,25,987,98735,CHEF VAIRAATOA (AVENUE),-17.53191,-149.56104,Plein jour,En agglomération,Intersection en X,Temps couvert,Deux véhicules - côté,4,2,2,0,1,1,1,0,1,50,2,2,1,0,1,0,77.0,14.0,utilitaire_camion,deux_roues,1,2,2,8,3
202000021859,2020-11-10 20:05:00,2020,11,10,20,5,69,69387,ELIE ROCHETTE                       (R ),45.74834,4.84503,Nuit avec éclairage non allumé,En agglomération,Hors intersection,Normale,Autre collision,4,1,1,0,1,1,1,0,1,50,1,2,1,0,0,1,27.0,,voiture,,4,2,1,1,6
202000021860,2020-11-10 16:55:00,2020,11,10,16,55,69,69389,PAUL SEDAILLIAN                     (QU),45.79529,4.82523,Plein jour,En agglomération,Hors intersection,Normale,Autre collision,4,2,2,0,1,1,1,0,1,50,1,3,1,0,2,0,30.0,,deux_roues,,1,2,1,1,6
202000021861,2020-11-09 12:17:00,2020,11,9,12,17,69,69034,FORTS (DES)                         (MO),45.7931639,4.833971,Plein jour,En agglomération,Hors intersection,Normale,Autre collision,4,2,2,1,2,1,1,0,1,50,1,2,1,0,0,1,54.0,,utilitaire_camion,,1,2,1,1,6
202000021862,2020-11-06 04:00:00,2020,11,6,4,0,971,97107,FRONT DE MER ( BOULEVARD),16.049979,-61.5587997,Nuit avec éclairage allumé,En agglomération,Autre intersection,Normale,Autre collision,3,2,2,0,1,1,1,6,8,50,1,1,0,0,0,1,31.0,,autre,,5,2,9,1,6
202000021863,2020-11-09 11:00:00,2020,11,9,11,0,91,91223,GEROFOSSE (RUE DE),48.4265,2.16795,Plein jour,En agglomération,Hors intersection,Normale,Autre collision,4,2,2,0,1,1,1,0,3,50,1,2,1,0,0,1,46.0,,voiture,,1,2,1,1,6
202000021864,2020-11-09 11:35:00,2020,11,9,11,35,83,83009,MARSEILLE (BD DE),43.14545,5.747973,Plein jour,Hors agglomération,Autre intersection,Normale,Autre collision,3,2,2,0,2,1,1,5,8,50,1,4,2,0,0,2,22.0,,voiture,,1,1,9,1,6
202000021865,2020-11-10 15:10:00,2020,11,10,15,10,79,79191,283 Avenue de Paris,46.32987,-0.44237,Plein jour,En agglomération,Intersection en T,Normale,Deux véhicules - côté,4,2,4,2,1,1,1,0,1,50,2,3,2,0,0,1,47.0,79.0,voiture,voiture,1,2,3,1,3
202000021866,2020-11-10 13:30:00,2020,11,10,13,30,71,71270,MERMOZ (RUE JEAN),46.2938131,4.8084819,Plein jour,En agglomération,Passage à niveau,Normale,Deux véhicules - frontale,4,2,2,0,2,1,1,4,1,50,2,2,1,0,0,1,41.0,14.0,voiture,deux_roues,1,2,8,1,1
202000021867,2020-11-10 18:00:00,2020,11,10,18,0,69,69266,EMILE ZOLA     (Cours),45.76782,4.88848,Nuit avec éclairage allumé,En agglomération,Hors intersection,Normale,Deux véhicules - côté,4,2,2,1,1,1,1,0,5,50,2,2,1,0,0,1,39.0,20.0,deux_roues,voiture,5,2,1,1,3
202000021868,2020-11-09 18:00:00,2020,11,9,18,0,69,69275,FRATERNITE (DE LA)                  (R ),45.77099,4.9588,Nuit avec éclairage allumé,En agglomération,Hors intersection,Normale,Deux véhicules - arrière,4,2,3,2,1,1,1,5,1,50,2,2,1,0,0,1,57.0,49.0,voiture,voiture,5,2,1,1,2
202000021869,2020-11-09 16:15:00,2020,11,9,16,15,67,67482,JEAN JAURES (AVENUE),48.56963,7.7626,Crépuscule ou aube,En agglomération,Hors intersection,Normale,Trois véhicules et plus - en chaîne,4,2,2,0,1,1,1,0,1,50,3,3,2,0,0,1,40.0,42.0,voiture,voiture,2,2,1,1,4
202000021870,2020-11-06 20:30:00,2020,11,6,20,30,67,67482,ROBERTSAU (ALLEE DE LA),48.5866865,7.7637676,Nuit avec éclairage allumé,En agglomération,Hors intersection,Normale,Deux véhicules - côté,4,3,4,0,1,1,1,0,1,50,2,2,1,0,1,0,23.0,,deux_roues,,5,2,1,1,3
202000021871,2020-11-10 19:18:00,2020,11,10,19,18,64,64445,JEAN MERMOZ,43.31746,-0.37843,Nuit avec éclairage allumé,En agglomération,Hors intersection,Temps couvert,,4,2,2,0,1,1,1,0,1,50,2,2,1,0,0,1,44.0,31.0,deux_roues,utilitaire_camion,5,2,1,8,-1
202000021872,2020-11-09 18:24:00,2020,11,9,18,24,63,63113,CLOS NOTRE DAME (RUE DU),45.7821933,3.0733488,Nuit avec éclairage allumé,En agglomération,Hors intersection,Normale,Autre collision,7,2,2,0,1,1,1,0,1,50,1,2,1,0,0,1,25.0,,voiture,,5,2,1,1,6
202000021873,2020-09-12 18:20:00,2020,9,12,18,20,62,62624,EGALITE (R DE L'),50.422752,2.987978,Plein jour,En agglomération,Hors intersection,Normale,Deux véhicules - frontale,4,2,2,0,1,1,1,0,1,70,2,4,0,0,0,4,89.0,37.0,voiture,voiture,1,2,1,1,1
202000021874,2020-11-09 12:49:00,2020,11,9,12,49,57,57666,8 MAI 1945 (RUE DU),49.34436,6.13854,Plein jour,En agglomération,Hors intersection,Normale,Deux véhicules - arrière,4,2,1,0,1,1,2,6,1,30,2,2,1,0,0,1,30.0,79.0,voiture,deux_roues,1,2,1,1,2
202000021875,2020-11-09 19:45:00,2020,11,9,19,45,54,54526,MILLENAIRE (BOULEVARD DU),48.68038,6.21315,Crépuscule ou aube,En agglomération,Hors intersection,Normale,Deux véhicules - côté,4,2,2,1,1,1,1,0,5,50,2,2,1,0,0,1,28.0,16.0,deux_roues,deux_roues,2,2,1,1,3
202000021876,2020-11-09 18:15:00,2020,11,9,18,15,54,54159,D2,48.62616,6.34833,Nuit avec éclairage allumé,En agglomération,Intersection en T,Normale,Deux véhicules - côté,3,2,2,0,1,1,1,0,1,50,2,2,1,0,1,0,21.0,65.0,deux_roues,voiture,5,2,3,1,3
202000021877,2020-11-10 17:35:00,2020,11,10,17,35,51,51454,Rue de Courcelles,49.2645677,4.0095244,Nuit avec éclairage allumé,En agglomération,Giratoire,Pluie légère,Sans collision,4,3,1,0,1,3,2,0,1,50,1,2,1,0,1,0,62.0,,voiture,,5,2,6,2,7
202000021878,2020-11-10 07:55:00,2020,11,10,7,55,50,50532,AVRANCHES (ROUTE D'),48.814,-1.5437,Crépuscule ou aube,Hors agglomération,Intersection en X,Temps couvert,Deux véhicules - côté,3,2,2,0,2,1,2,5,1,80,2,2,1,0,0,1,36.0,46.0,voiture,deux_roues,2,1,2,8,3
202000021879,2020-11-09 16:25:00,2020,11,9,16,25,41,41018,CABOCHON (RUE DE),47.57782,1.30476,Plein jour,En agglomération,Intersection en T,Normale,Deux véhicules - frontale,4,2,2,0,1,1,1,0,1,50,2,2,1,0,1,0,43.0,52.0,voiture,deux_roues,1,2,3,1,1
202000021880,2020-11-08 10:10:00,2020,11,8,10,10,40,40192,HOUGA (AV DU),43.88199,-0.48719,Plein jour,En agglomération,Giratoire,Temps éblouissant,Deux véhicules - côté,3,4,2,0,1,1,1,0,1,50,2,2,1,0,0,1,51.0,67.0,deux_roues,voiture,1,2,6,7,3
202000021881,2020-11-10 20:20:00,2020,11,10,20,20,37,37261,JEMMAPES (RUE),47.4199991,0.6838245,Nuit sans éclairage public,En agglomération,Intersection en X,Normale,,4,2,4,3,1,1,1,0,1,50,2,2,1,0,0,1,38.0,58.0,transport_commun,voiture,3,2,2,1,-1
202000021882,2020-11-10 19:40:00,2020,11,10,19,40,35,35051,FOUGERES (ROUTE DE),48.14639,-1.60667,Nuit avec éclairage allumé,En agglomération,Hors intersection,Normale,Sans collision,4,3,2,2,1,1,1,5,1,50,1,1,0,0,0,1,46.0,,deux_roues,,5,2,1,1,7
202000021883,2020-11-10 17:18:00,2020,11,10,17,18,34,34172,AEROPORT INTERNATIONAL (BOULEVARD DE L'),43.609035,3.89071,Crépuscule ou aube,En agglomération,Intersection en X,Normale,Deux véhicules - côté,4,1,2,3,1,1,1,0,1,50,2,2,1,0,1,0,43.0,66.0,deux_roues,voiture,2,2,2,1,3
202000021884,2020-11-09 23:19:00,2020,11,9,23,19,34,34172,RIMBAUD (RUE PAUL),43.6200515,3.8502842,Nuit avec éclairage allumé,En agglomération,Hors intersection,Temps couvert,Autre collision,4,1,1,0,2,3,1,0,1,30,1,1,0,0,0,1,40.0,,voiture,,5,2,1,8,6
202000021885,2020-11-10 09:55:00,2020,11,10,9,55,33,33522,PEYDAVANT (RUE ),44.8067,-0.5861,Plein jour,En agglomération,Intersection à plus de 4 branches,Normale,Deux véhicules - côté,4,2,2,0,1,4,2,0,1,50,2,2,1,0,0,1,51.0,31.0,utilitaire_camion,voiture,1,2,5,1,3
202000021886,2020-11-03 18:57:00,2020,11,3,18,57,33,33063,BD MARECHAL LECLERC,44.82792,-0.59307,Nuit avec éclairage allumé,En agglomération,Intersection en X,Normale,Autre collision,4,3,6,2,1,1,1,0,1,50,1,2,1,0,0,1,30.0,,voiture,,5,2,2,1,6
202000021887,2020-11-09 19:45:00,2020,11,9,19,45,31,31555,BOULINGRIN (ROND POINT DU) DU 1AU 4,43.59484,1.45231,Nuit avec éclairage allumé,En agglomération,Hors intersection,Normale,Deux véhicules - arrière,4,1,3,0,1,2,1,0,1,50,2,2,1,0,0,1,26.0,18.0,deux_roues,deux_roues,5,2,1,1,2
202000021888,2020-11-10 19:50:00,2020,11,10,19,50,30,30007,ALSACE (ROUTE D'),44.13382,4.0832,Nuit sans éclairage public,En agglomération,Autre intersection,Normale,,4,2,2,0,1,1,1,0,1,50,3,3,2,0,0,1,32.0,59.0,voiture,voiture,3,2,9,1,-1
202000021889,2020-10-01 18:55:00,2020,10,1,18,55,30,30243,ROUTE D ALES,44.0925,4.0791,Plein jour,En agglomération,Autre intersection,Normale,Deux véhicules - côté,3,2,2,0,2,1,1,0,1,70,2,5,3,0,0,2,30.0,51.0,voiture,voiture,1,2,9,1,3
202000021890,2020-11-09 08:30:00,2020,11,9,8,30,29,29232,Pont Max Jacob,47.9935312,-4.1060865,Plein jour,En agglomération,Hors intersection,Normale,Autre collision,4,2,1,0,1,1,1,2,1,50,1,2,1,0,0,1,27.0,,voiture,,1,2,1,1,6
202000021891,2020-11-09 14:18:00,2020,11,9,14,18,29,29039,Rue Marguerite Yourcenar,47.8875777,-3.9264497,Plein jour,En agglomération,Hors intersection,Normale,Sans collision,4,2,2,0,2,1,1,0,1,50,1,1,0,0,0,1,42.0,,voiture,,1,2,1,1,7
202000021892,2020-11-10 14:10:00,2020,11,10,14,10,26,26057,ALPES PROVENCE (BOULEVARD),45.03517,5.05302,Plein jour,En agglomération,Hors intersection,Normale,Autre collision,3,3,1,0,1,1,1,5,1,20,1,1,0,0,0,1,,,,,1,2,1,1,6
202000021893,2020-11-08 13:40:00,2020,11,8,13,40,22,22278,LIGNERIES (DES),48.52528,-2.73633,Plein jour,En agglomération,Hors intersection,Normale,Sans collision,4,1,1,-1,4,2,1,0,1,50,1,1,0,0,1,0,54.0,,deux_roues,,1,2,1,1,7
202000021894,2020-11-09 06:50:00,2020,11,9,6,50,13,13117,LONDRES (AVENUE DE),43.43317,5.2428,Nuit avec éclairage allumé,En agglomération,Hors intersection,Normale,Deux véhicules - frontale,4,2,1,0,2,1,1,0,1,50,2,2,1,0,1,0,19.0,57.0,deux_roues,utilitaire_camion,5,2,1,1,1
202000021895,2020-11-10 21:45:00,2020,11,10,21,45,13,13215,COMMANDANT THOLLON (BOULEVARD DU),43.3689,5.35387,Nuit avec éclairage allumé,En agglomération,Hors intersection,Normale,Deux véhicules - côté,4,2,2,0,2,1,1,0,1,50,2,2,1,0,0,1,34.0,49.0,deux_roues,voiture,5,2,1,1,3
202000021896,2020-11-10 10:50:00,2020,11,10,10,50,13,13047,RADOLFZELL AVENUE DE,43.499195,4.987728,Plein jour,En agglomération,Hors intersection,Normale,Deux véhicules - côté,4,-1,-1,0,1,1,1,0,1,50,2,2,1,0,0,1,53.0,86.0,voiture,voiture,1,2,1,1,3
202000021897,2020-11-10 13:30:00,2020,11,10,13,30,13,13047,BOLLES AVENUE DES,43.50337,4.99383,Plein jour,En agglomération,Hors intersection,Normale,Deux véhicules - arrière,4,2,2,0,2,1,1,0,1,50,2,2,0,0,0,2,24.0,18.0,voiture,voiture,1,2,1,1,2
202000021898,2020-11-10 13:05:00,2020,11,10,13,5,13,13028,DULAC (AVENUE GUILLAUME),43.1957792,5.6126264,Plein jour,En agglomération,Hors intersection,Normale,Deux véhicules - côté,3,3,2,0,1,1,1,0,1,50,2,3,1,0,0,2,17.0,48.0,deux_roues,utilitaire_camion,1,2,1,1,3
202000021899,2020-11-10 21:58:00,2020,11,10,21,58,10,10387,VOULDY (CHAUSSEE DU),48.29428,4.08319,Nuit avec éclairage allumé,En agglomération,Hors intersection,Temps couvert,Deux véhicules - arrière,7,2,2,1,1,1,2,0,1,50,2,2,1,0,0,1,18.0,23.0,deux_roues,voiture,5,2,1,8,2
202000021900,2020-11-09 17:20:00,2020,11,9,17,20,10,10081,ROCADE EST (RD 610),48.30157,4.02573,Plein jour,Hors agglomération,Autre intersection,Normale,Deux véhicules - côté,3,-1,2,0,2,3,1,5,1,50,2,2,1,0,0,1,54.0,32.0,utilitaire_camion,voiture,1,1,9,1,3
202000021901,2020-11-10 17:27:00,2020,11,10,17,27,06,06029,TONNER (AVENUE FRANCIS),43.54959,6.975,Plein jour,En agglomération,Hors intersection,Normale,Deux véhicules - côté,4,2,2,0,1,1,1,0,1,50,2,2,1,0,1,0,37.0,26.0,utilitaire_camion,deux_roues,1,2,1,1,3
202000021902,2020-11-10 13:25:00,2020,11,10,13,25,06,06123,SAUVAIGO PIERRE AVENUE,43.66339,7.1846,Plein jour,En agglomération,Hors intersection,Normale,Deux véhicules - côté,7,2,2,0,1,1,1,0,1,50,2,2,1,0,0,1,31.0,64.0,deux_roues,voiture,1,2,1,1,3
202000021903,2020-11-10 10:50:00,2020,11,10,10,50,06,06123,DAUDET ALPHONSE RUE,43.68733,7.18133,Plein jour,En agglomération,Intersection en T,Normale,Deux véhicules - frontale,4,2,2,0,2,1,1,0,1,50,2,2,1,0,0,1,54.0,48.0,voiture,voiture,1,2,3,1,1
202000021904,2020-11-10 07:15:00,2020,11,10,7,15,75,75120,PLACE GAMBETTA,48.865113,2.398332,Nuit avec éclairage allumé,En agglomération,Place,Pluie légère,Deux véhicules - côté,4,2,2,0,1,1,2,0,1,50,2,2,1,0,0,1,52.0,31.0,deux_roues,deux_roues,5,2,7,2,3
202000021905,2020-11-10 15:08:00,2020,11,10,15,8,75,75119,RUE D AUBERVILLIERS,48.892047,2.36923,Plein jour,En agglomération,Hors intersection,Normale,Deux véhicules - côté,4,2,5,0,2,3,1,0,1,50,2,2,1,0,1,0,38.0,26.0,utilitaire_camion,deux_roues,1,2,1,1,3
202000021906,2020-11-10 09:55:00,2020,11,10,9,55,75,75118,PORTE DE LA CHAPELLE,48.898727,2.358677,Plein jour,En agglomération,Intersection en X,Pluie légère,Deux véhicules - arrière,4,2,2,0,1,1,2,0,1,50,2,2,1,0,0,1,16.0,49.0,deux_roues,deux_roues,1,2,2,2,2
202000021907,2020-11-10 09:00:00,2020,11,10,9,0,75,75118,RUE EUGENE CARRIERE,48.888751,2.331843,Plein jour,En agglomération,Intersection en Y,Pluie légère,Deux véhicules - arrière,4,1,1,0,2,1,2,0,1,50,2,2,1,0,0,1,28.0,47.0,voiture,deux_roues,1,2,4,2,2
202000021908,2020-11-10 14:15:00,2020,11,10,14,15,75,75115,RUE CAMBRONNE,48.842096,2.303082,Plein jour,En agglomération,Intersection en Y,Temps couvert,Sans collision,4,2,2,0,2,1,2,0,1,50,1,1,0,0,0,1,56.0,,deux_roues,,1,2,4,8,7
202000021909,2020-11-10 16:00:00,2020,11,10,16,0,75,75113,BOULEVARD AUGUSTE BLANQUI,48.830295,2.347208,Plein jour,En agglomération,Intersection en T,Pluie légère,Autre collision,4,1,2,0,1,1,2,0,1,30,1,2,1,0,0,1,79.0,,voiture,,1,2,3,2,6
202000021910,2020-11-10 09:40:00,2020,11,10,9,40,75,75113,AVENUE DE LA PORTE DE VITRY,48.823753,2.377269,Plein jour,En agglomération,Hors intersection,Temps couvert,Deux véhicules - côté,4,2,0,1,1,1,2,0,1,50,2,2,1,0,0,1,48.0,61.0,utilitaire_camion,deux_roues,1,2,1,8,3
202000021911,2020-11-10 13:00:00,2020,11,10,13,0,75,75110,BOULEVARD DE MAGENTA,48.875754,2.356362,Plein jour,En agglomération,Intersection en T,Pluie légère,Deux véhicules - côté,4,1,4,1,1,1,2,-1,5,50,2,2,1,0,0,1,16.0,44.0,deux_roues,utilitaire_camion,1,2,3,2,3
202000021912,2020-11-09 19:00:00,2020,11,9,19,0,75,75107,RUE DE BABYLONE,48.851696,2.319031,Nuit avec éclairage allumé,En agglomération,Intersection en X,Normale,Deux véhicules - côté,4,1,1,0,1,1,1,0,1,50,2,2,1,0,0,1,40.0,25.0,voiture,deux_roues,5,2,2,1,3
202000021913,2020-11-10 15:15:00,2020,11,10,15,15,75,75101,RUE CAMBON,48.866684,2.325572,Plein jour,En agglomération,Intersection en X,Pluie légère,Deux véhicules - côté,4,1,1,0,1,1,2,0,1,30,2,2,1,0,0,1,53.0,47.0,deux_roues,voiture,1,2,2,2,3
202000021914,2020-11-10 15:55:00,2020,11,10,15,55,75,75102,RUE REAUMUR,48.86624,2.352536,Plein jour,En agglomération,Intersection en X,Pluie légère,Trois véhicules et plus - collisions multiples,4,1,3,3,1,1,2,-1,5,50,3,3,2,0,0,1,44.0,62.0,voiture,voiture,1,2,2,2,5
202000021915,2020-11-10 13:20:00,2020,11,10,13,20,94,94081,EUGENE PELLETAN (AV),48.79416,2.38578,Plein jour,En agglomération,Autre intersection,Normale,Deux véhicules - côté,3,1,2,1,1,1,2,6,5,50,2,2,1,0,0,1,47.0,42.0,voiture,deux_roues,1,2,9,1,3
202000021916,2020-11-10 10:30:00,2020,11,10,10,30,94,94067,GENERAL DE GAULLE (AV DU),48.844445,2.417587,Plein jour,En agglomération,Hors intersection,Temps couvert,Deux véhicules - arrière,3,2,2,0,1,1,2,0,1,50,2,2,1,0,0,1,37.0,16.0,voiture,deux_roues,1,2,1,8,2
202000021917,2020-11-10 11:50:00,2020,11,10,11,50,94,94041,REPUBLIQUE (AV DE LA),48.80575,2.39341,Plein jour,En agglomération,Hors intersection,Pluie légère,Deux véhicules - côté,3,2,2,0,1,1,2,0,1,50,2,2,1,0,0,1,39.0,26.0,voiture,deux_roues,1,2,1,2,3
202000021918,2020-11-10 16:45:00,2020,11,10,16,45,94,94065,CHARLES LINDBERGH (AV),48.74502,2.3603,Crépuscule ou aube,En agglomération,Intersection en T,Normale,Deux véhicules - côté,3,2,2,0,1,1,1,5,1,50,2,2,1,0,1,0,52.0,18.0,utilitaire_camion,deux_roues,2,2,3,1,3
202000021919,2020-11-09 07:25:00,2020,11,9,7,25,94,94058,GENERAL DE GAULLE (AV DU),48.848796,2.4965403,Plein jour,En agglomération,Hors intersection,Normale,Deux véhicules - arrière,3,3,2,2,1,1,1,0,1,50,2,2,1,0,0,1,36.0,33.0,voiture,utilitaire_camion,1,2,1,1,2
202000021920,2020-11-10 07:15:00,2020,11,10,7,15,94,94077,LE FOLL (AV),48.730601,2.426,Plein jour,En agglomération,Intersection en T,Pluie légère,Deux véhicules - côté,3,2,1,0,1,1,2,0,1,30,2,2,1,0,0,1,45.0,35.0,deux_roues,voiture,1,2,3,2,3
202000021921,2020-11-10 17:00:00,2020,11,10,17,0,93,93072,MARCEL CACHIN (AVENUE) COTE N°16 AU 50,48.96018,2.38197,Plein jour,En agglomération,Hors intersection,Normale,Autre collision,3,2,2,0,1,1,1,0,1,50,1,2,1,0,0,1,35.0,,utilitaire_camion,,1,2,1,1,6
202000021922,2020-11-10 17:00:00,2020,11,10,17,0,93,93071,ALL DAMREMONT,48.9305156,2.5175894,Nuit avec éclairage allumé,En agglomération,Autre intersection,Pluie légère,Deux véhicules - côté,4,2,2,1,2,3,2,9,1,50,2,2,1,0,0,1,45.0,,voiture,,5,2,9,2,3
202000021923,2020-11-10 18:13:00,2020,11,10,18,13,93,93070,ROSIERS(DES) : APRES 61,48.90466,2.33819,Nuit avec éclairage allumé,En agglomération,Autre intersection,Temps couvert,Autre collision,4,2,2,0,1,1,2,6,1,50,1,2,1,0,0,1,37.0,,deux_roues,,5,2,9,8,6
202000021924,2020-11-10 16:50:00,2020,11,10,16,50,93,93062,MIDI (BOULEVARD DU),48.8927098,2.519889,Plein jour,En agglomération,Hors intersection,Pluie légère,,4,-1,2,0,1,1,1,0,8,30,2,3,1,0,0,2,30.0,78.0,voiture,voiture,1,2,1,2,-1
202000021925,2020-11-09 08:25:00,2020,11,9,8,25,93,93029,AV HENRI BARBUSSE / R DU 8 MAI 1945,48.9185,2.44865,Plein jour,En agglomération,Intersection en T,Normale,Deux véhicules - côté,3,2,2,0,1,1,1,0,1,50,2,2,1,0,0,1,25.0,30.0,voiture,deux_roues,1,2,3,1,3
202000021926,2020-11-10 08:10:00,2020,11,10,8,10,93,93014,SEVIGNE (AVENUE DE),48.9131432,2.5483035,Plein jour,En agglomération,Intersection en T,Pluie forte,Autre collision,3,-1,0,0,2,1,2,0,8,50,1,2,1,0,0,1,46.0,,voiture,,1,2,3,3,6
202000021927,2020-11-10 16:40:00,2020,11,10,16,40,93,93001,JEAN JAURES (AVE) 55 A 129,48.9142951,2.4034537,Crépuscule ou aube,En agglomération,Hors intersection,Temps couvert,Deux véhicules - arrière,3,3,4,1,1,1,2,0,1,50,2,3,2,0,0,1,55.0,34.0,utilitaire_camion,utilitaire_camion,2,2,1,8,2
202000021928,2020-11-10 09:25:00,2020,11,10,9,25,92,92072,TROYON (RUE),48.826863,2.226248,Plein jour,En agglomération,Hors intersection,Temps couvert,Deux véhicules - arrière,3,1,2,0,1,1,2,0,1,50,2,2,1,0,0,1,52.0,32.0,voiture,voiture,1,2,1,8,2
202000021929,2020-11-09 02:15:00,2020,11,9,2,15,92,92050,HEBERT CELESTIN RUE,48.89725,2.22435,Nuit avec éclairage allumé,En agglomération,Intersection en X,Normale,Deux véhicules - côté,3,2,2,0,1,1,1,8,1,50,2,2,1,0,1,0,34.0,19.0,voiture,deux_roues,5,2,2,1,3
202000021930,2020-11-09 15:20:00,2020,11,9,15,20,92,92049,BROSSOLETTE AVENUE PIERRE,48.8196258,2.3104638,Plein jour,En agglomération,Hors intersection,Normale,Deux véhicules - côté,3,1,2,0,1,1,1,0,1,50,2,1,0,0,0,1,24.0,,deux_roues,,1,2,1,1,3
202000021931,2020-11-10 20:05:00,2020,11,10,20,5,92,92023,VERSAILLES (RUE DE) N°2 A 14,48.78308,2.24756,Nuit avec éclairage allumé,En agglomération,Hors intersection,Temps couvert,Deux véhicules - frontale,3,2,2,0,1,1,2,0,1,50,2,2,1,0,1,0,62.0,53.0,deux_roues,voiture,5,2,1,8,1