accident_id,datetime,annee,mois,jour,heure,minute,departement,commune_insee,adresse,latitude,longitude,luminosite,agglomeration,intersection,meteo,collision,catr,circ,nbv,vosp,prof,plan,surf,infra,situ,vma,nb_vehicules,nb_usagers,nb_indemnes,nb_tues,nb_blesses_hosp,nb_blesses_legers,age_cond_1,age_cond_2,veh_type_cond_1,veh_type_cond_2,lum_code,agg_code,int_code,atm_code,col_code
202000022114,2020-12-17 18:40:00,2020,12,17,18,40,75,75112,AVENUE DAUMESNIL,48.838896,2.397452,Nuit avec éclairage allumé,En agglomération,Intersection en T,Normale,Deux véhicules - côté,4,2,4,1,1,1,1,0,1,50,2,2,1,0,0,1,35.0,21.0,deux_roues,deux_roues,5,2,3,1,3
202000022115,2020-12-18 18:20:00,2020,12,18,18,20,75,75108,PLACE DE NARVIK,48.876617,2.312891,Nuit avec éclairage allumé,En agglomération,Place,Normale,Deux véhicules - côté,4,1,2,0,1,3,1,0,1,50,2,2,1,0,0,1,25.0,35.0,utilitaire_camion,voiture,5,2,7,1,3
202000022116,2020-12-18 08:58:00,2020,12,18,8,58,75,75107,QUAI VOLTAIRE,48.858802,2.331572,Plein jour,En agglomération,Hors intersection,Temps couvert,Autre collision,4,1,3,3,1,1,1,-1,6,50,1,2,1,0,0,1,59.0,,voiture,,1,2,1,8,6
202000022117,2020-12-18 09:10:00,2020,12,18,9,10,75,75103,RUE DU VERTBOIS,48.866952,2.358293,Plein jour,En agglomération,Intersection en X,Normale,Deux véhicules - côté,4,1,1,2,1,1,1,0,1,50,2,2,1,0,0,1,60.0,40.0,deux_roues,utilitaire_camion,1,2,2,1,3
202000022118,2020-12-18 00:50:00,2020,12,18,0,50,75,75103,BOULEVARD DE SEBASTOPOL,48.864169,2.351372,Nuit avec éclairage allumé,En agglomération,Intersection en X,Normale,Sans collision,4,2,5,1,1,1,1,-1,5,25,1,1,0,0,0,1,27.0,,deux_roues,,5,2,2,1,7
202000022119,2020-12-17 12:20:00,2020,12,17,12,20,94,94041,MARCEL HARTMANN (R),48.80651,2.3863,Plein jour,En agglomération,Hors intersection,Pluie légère,Autre collision,3,1,1,0,1,1,2,0,1,50,1,2,1,0,0,1,30.0,,deux_roues,,1,2,1,2,6
202000022120,2020-12-18 14:10:00,2020,12,18,14,10,94,94022,GAMBETTA (AV),48.76435,2.40521,Plein jour,En agglomération,Hors intersection,Normale,Autre collision,3,3,2,0,1,3,1,0,1,50,1,4,3,0,0,1,23.0,,voiture,,1,2,1,1,6
202000022121,2020-12-17 14:00:00,2020,12,17,14,0,93,93078,BD ROBERT BALLANGER,48.95381,2.53377,Plein jour,En agglomération,Hors intersection,Temps couvert,Trois véhicules et plus - en chaîne,3,2,2,0,1,1,2,0,1,50,3,4,3,0,0,1,23.0,38.0,voiture,voiture,1,2,1,8,4
202000022122,2020-12-17 10:20:00,2020,12,17,10,20,93,93078,BALLANGER (BD ROBERT),48.9610568,2.5548445,Plein jour,En agglomération,Giratoire,Temps couvert,Deux véhicules - arrière,3,1,2,0,1,2,2,5,1,50,2,3,2,0,0,1,57.0,47.0,voiture,utilitaire_camion,1,2,6,8,2
202000022123,2020-12-18 17:00:00,2020,12,18,17,0,93,93053,BREMENT (RUE DE) 109 A 235 - 110 A ...,48.8867238,2.4716325,Nuit avec éclairage allumé,En agglomération,Autre intersection,Normale,Trois véhicules et plus - collisions multiples,3,2,0,0,1,1,1,0,1,50,3,2,1,0,0,1,45.0,52.0,deux_roues,deux_roues,5,2,9,1,5
202000022124,2020-12-18 13:20:00,2020,12,18,13,20,93,93048,RESISTANCE (AVENUE DE LA),48.86414,2.43619,Plein jour,En agglomération,Intersection en X,Normale,Deux véhicules - côté,3,2,2,1,2,1,1,0,1,50,2,1,0,0,1,0,15.0,,deux_roues,,1,2,2,1,3
202000022125,2020-12-16 20:00:00,2020,12,16,20,0,93,93057,BRIAND ( AV. ARISTIDE) 31 A 91,48.90867,2.49965,Nuit avec éclairage allumé,En agglomération,Hors intersection,Normale,Autre collision,3,3,4,3,1,1,1,0,1,50,1,2,1,0,0,1,18.0,,deux_roues,,5,2,1,1,6
202000022126,2020-12-18 16:15:00,2020,12,18,16,15,92,92076,JARDY,48.834546,2.1542564,Plein jour,En agglomération,Hors intersection,Normale,Deux véhicules - côté,3,2,2,0,1,1,1,6,1,50,2,2,1,0,0,1,52.0,11.0,voiture,deux_roues,1,2,1,1,3
202000022127,2020-11-20 18:20:00,2020,11,20,18,20,92,92062,BERTHELOT (RUE MARCELIN),48.888707,2.231492,Plein jour,En agglomération,Hors intersection,Normale,Autre collision,4,1,0,0,1,1,1,0,1,50,1,2,1,0,0,1,51.0,,deux_roues,,1,2,1,1,6
202000022128,2020-12-18 17:15:00,2020,12,18,17,15,92,92049,VANNE RUE DE LA,48.8160072,2.3286127,Crépuscule ou aube,En agglomération,Hors intersection,Normale,Sans collision,4,2,2,0,1,1,1,0,1,50,1,1,0,0,0,1,7.0,,deux_roues,,2,2,1,1,7
202000022129,2020-12-18 14:50:00,2020,12,18,14,50,92,92048,PIERRE AUX MOINES (RUE DE LA),48.784362,2.228846,Plein jour,En agglomération,Hors intersection,Normale,Deux véhicules - frontale,4,2,2,0,2,1,1,8,1,30,2,3,1,0,0,2,50.0,40.0,autre,deux_roues,1,2,1,1,1
202000022130,2020-12-18 19:45:00,2020,12,18,19,45,92,92040,GOUVERNEUR GAL EBOUE DU 02 AU 64,48.82775,2.27368,Nuit avec éclairage allumé,En agglomération,Hors intersection,Normale,Deux véhicules - côté,3,1,3,1,1,1,1,0,1,30,2,2,1,0,0,1,72.0,33.0,voiture,deux_roues,5,2,1,1,3
202000022131,2020-04-24 17:40:00,2020,4,24,17,40,27,27681,EVREUX (ROUTE D'),49.0798,1.451,Plein jour,Hors agglomération,Hors intersection,Normale,Deux véhicules - côté,3,2,2,0,3,2,1,0,1,70,2,2,1,0,0,1,43.0,38.0,voiture,voiture,1,1,1,1,3
202000022132,2020-04-23 10:05:00,2020,4,23,10,5,25,25462,REPUBLIQUE DE LA,46.90422,6.35372,Plein jour,En agglomération,Intersection en T,Temps éblouissant,Autre collision,4,1,1,0,1,1,1,0,8,50,1,2,1,0,1,0,56.0,,utilitaire_camion,,1,2,3,7,6
202000022133,2020-04-24 15:50:00,2020,4,24,15,50,06,06069,BRASSAURIE (CHEMIN DE),43.64229,6.96424,Plein jour,Hors agglomération,Hors intersection,Normale,Deux véhicules - frontale,4,2,1,0,2,1,1,0,1,30,2,2,1,0,0,1,28.0,47.0,voiture,deux_roues,1,1,1,1,1
202000022134,2020-04-24 18:00:00,2020,4,24,18,0,75,75120,RUE PIAT,48.872488,2.384313,Plein jour,En agglomération,Hors intersection,Normale,Autre collision,4,1,1,0,2,1,1,0,1,50,1,1,0,0,0,1,,,,,1,2,1,1,6
202000022135,2020-04-23 08:30:00,2020,4,23,8,30,75,75115,RUE DE LA CONVENTION,48.836755,2.298058,Plein jour,En agglomération,Intersection en X,Normale,Deux véhicules - côté,4,2,2,0,1,1,1,0,1,50,2,2,1,0,0,1,31.0,46.0,deux_roues,voiture,1,2,2,1,3
202000022136,2020-04-24 12:30:00,2020,4,24,12,30,94,94068,CHENNEVIERES (AV DE),48.78916,2.51751,Plein jour,En agglomération,Intersection en T,Normale,Deux véhicules - côté,4,2,2,0,1,1,1,0,1,50,2,2,1,0,0,1,20.0,30.0,utilitaire_camion,deux_roues,1,2,3,1,3
202000022137,2020-04-24 17:30:00,2020,4,24,17,30,93,93062,COUR DE LA GARE,48.8893983,2.5126,Plein jour,En agglomération,Hors intersection,Normale,Autre collision,4,1,1,3,1,1,1,9,1,30,1,2,1,0,0,1,52.0,,transport_commun,,1,2,1,1,6
202000022138,2020-04-24 08:45:00,2020,4,24,8,45,93,93046,AV WINSTON CHURCHILL / AV BENOIT MALON,48.91489,2.53471,Plein jour,En agglomération,Intersection à plus de 4 branches,Temps couvert,Deux véhicules - frontale,3,2,2,0,1,1,1,0,1,50,2,2,1,0,0,1,59.0,31.0,deux_roues,voiture,1,2,5,8,1
202000022139,2020-04-25 15:49:00,2020,4,25,15,49,54,54100,43 Rue de la Haute Brin,48.78143,6.350698,Plein jour,En agglomération,Hors intersection,Normale,Autre collision,4,2,1,0,1,2,1,0,3,50,1,1,0,0,1,0,18.0,,deux_roues,,1,2,1,1,6
202000022140,2020-04-24 15:45:00,2020,4,24,15,45,42,42331,339 Chemin de la Croix Verte,45.9943579,3.950347,Plein jour,Hors agglomération,Hors intersection,Normale,Autre collision,4,2,1,0,1,1,1,0,1,80,1,2,1,0,1,0,22.0,,voiture,,1,1,1,1,6
202000022141,2020-04-24 18:30:00,2020,4,24,18,30,31,31269,Route de Labastidette,43.4853474,1.2687066,Plein jour,Hors agglomération,Hors intersection,Normale,,3,2,2,0,1,2,1,0,1,80,2,3,1,1,1,0,51.0,25.0,deux_roues,utilitaire_camion,1,1,1,1,-1
202000022142,2020-04-24 07:25:00,2020,4,24,7,25,11,11369,D1118,43.254588,2.9554939,Crépuscule ou aube,Hors agglomération,Hors intersection,Temps éblouissant,Deux véhicules - frontale,3,2,2,0,1,1,1,0,1,90,2,2,1,0,1,0,48.0,22.0,utilitaire_camion,voiture,2,1,1,7,1
202000022143,2020-04-25 01:00:00,2020,4,25,1,0,41,41221,La Vacherie,47.797582,1.367894,Nuit sans éclairage public,Hors agglomération,Hors intersection,Normale,Autre collision,3,2,2,0,1,4,1,0,8,50,1,1,0,0,1,0,23.0,,utilitaire_camion,,3,1,1,1,6
202000022144,2020-04-24 16:25:00,2020,4,24,16,25,83,83017,Rue du Rayol,43.245949,5.999994,Plein jour,En agglomération,Autre intersection,Normale,,3,2,2,0,1,1,1,0,1,50,3,3,2,0,0,1,55.0,20.0,voiture,deux_roues,1,2,9,1,-1
202000022145,2020-04-25 06:37:00,2020,4,25,6,37,56,56097,Moulin de Plusquen,47.757142,-3.084964,Crépuscule ou aube,Hors agglomération,Hors intersection,Normale,Autre collision,4,2,2,0,2,3,1,0,1,80,1,2,1,0,1,0,30.0,,voiture,,2,1,1,1,6
202000022146,2020-04-25 08:45:00,2020,4,25,8,45,76,76177,Le Thil,49.600302,1.177629,Plein jour,Hors agglomération,Intersection en X,Normale,Deux véhicules - frontale,3,2,2,0,1,1,1,0,1,80,2,2,1,0,1,0,63.0,25.0,utilitaire_camion,voiture,1,1,2,1,1
202000022147,2020-04-24 21:55:00,2020,4,24,21,55,80,80284,D17,49.723245,3.016262,Nuit sans éclairage public,Hors agglomération,Hors intersection,Normale,Deux véhicules - côté,3,2,2,0,1,1,1,0,3,80,2,2,0,1,0,1,35.0,34.0,deux_roues,deux_roues,3,1,1,1,3
202000022148,2020-04-25 10:00:00,2020,4,25,10,0,71,71373,Avenue de Katzweiler,46.5030817,5.0643822,Plein jour,En agglomération,Hors intersection,Normale,Autre collision,6,-1,-1,0,1,1,1,0,1,10,1,2,1,0,1,0,85.0,,voiture,,1,2,1,1,6
202000022149,2020-04-25 12:25:00,2020,4,25,12,25,89,89208,D11,47.6171561,3.9031525,Plein jour,Hors agglomération,Hors intersection,Normale,Sans collision,3,2,2,0,1,1,1,0,1,90,1,1,0,0,1,0,25.0,,voiture,,1,1,1,1,7
202000022150,2020-04-25 13:10:00,2020,4,25,13,10,12,12253,Hameau de JUILIAC,44.167791,2.76503,Plein jour,Hors agglomération,Hors intersection,Normale,Deux véhicules - côté,4,2,2,0,2,3,1,0,1,50,2,2,1,0,0,1,64.0,56.0,utilitaire_camion,deux_roues,1,1,1,1,3
202000022151,2020-04-24 21:55:00,2020,4,24,21,55,41,41110,D976,47.289404,1.794548,Nuit sans éclairage public,Hors agglomération,Hors intersection,Normale,Deux véhicules - frontale,3,2,2,0,1,1,1,0,1,80,2,2,1,0,1,0,57.0,40.0,utilitaire_camion,voiture,3,1,1,1,1
202000022152,2020-04-24 13:40:00,2020,4,24,13,40,15,15120,Lieu Dit Serre,45.239107,2.299029,Plein jour,Hors agglomération,Hors intersection,Normale,Deux véhicules - arrière,3,2,2,0,1,1,1,0,1,90,2,2,1,0,0,1,49.0,27.0,voiture,utilitaire_camion,1,1,1,1,2
202000022153,2020-04-25 16:55:00,2020,4,25,16,55,01,01412,D64,46.165554,4.946997,Plein jour,Hors agglomération,Intersection en T,Normale,Deux véhicules - côté,3,2,2,0,1,1,1,0,1,70,2,2,0,0,1,1,22.0,17.0,deux_roues,deux_roues,1,1,3,1,3
202000022154,2020-04-20 17:45:00,2020,4,20,17,45,21,21500,PR 50 + 180,47.504093,4.458607,Plein jour,Hors agglomération,Hors intersection,Normale,Sans collision,3,2,2,0,1,2,1,0,3,80,1,1,0,0,1,0,47.0,,deux_roues,,1,1,1,1,7
202000022155,2020-04-24 19:00:00,2020,4,24,19,0,85,85303,104 Rue Georges Clémenceau,46.36083,-0.8547,Plein jour,En agglomération,Hors intersection,Normale,Autre collision,3,2,2,0,1,1,1,0,4,50,1,1,0,0,1,0,46.0,,deux_roues,,1,2,1,1,6
202000022156,2020-04-24 11:15:00,2020,4,24,11,15,27,27130,La Belletiere,49.03357,0.454538,Plein jour,En agglomération,Hors intersection,Normale,,4,-1,1,0,1,1,1,0,3,50,2,2,1,0,0,1,23.0,58.0,voiture,utilitaire_camion,1,2,1,1,-1
202000022157,2020-04-25 09:20:00,2020,4,25,9,20,976,97617,CD1,-12.799686,45.128531,Plein jour,Hors agglomération,Hors intersection,Normale,Deux véhicules - frontale,3,2,2,0,1,1,1,0,1,70,2,6,1,0,1,4,19.0,39.0,voiture,utilitaire_camion,1,1,1,1,1
202000022158,2020-04-24 17:14:00,2020,4,24,17,14,38,38480,Route de la Rosière,45.55786,4.96179,Plein jour,Hors agglomération,Hors intersection,Normale,Deux véhicules - côté,3,2,2,0,1,3,1,0,1,80,2,2,1,0,0,1,65.0,63.0,utilitaire_camion,utilitaire_camion,1,1,1,1,3
202000022159,2020-04-24 18:00:00,2020,4,24,18,0,44,44210,10 Allée Colette,47.29567,-2.21426,Plein jour,Hors agglomération,Hors intersection,Temps éblouissant,Autre collision,4,2,2,0,1,1,1,0,1,30,1,2,1,0,1,0,44.0,,voiture,,1,1,1,7,6
202000022160,2020-04-24 14:10:00,2020,4,24,14,10,35,35063,Les Lauriers,48.316088,-1.317104,Plein jour,Hors agglomération,Hors intersection,Normale,Autre collision,3,2,2,0,1,1,1,0,3,80,1,1,0,0,1,0,46.0,,voiture,,1,1,1,1,6
202000022161,2020-04-23 16:15:00,2020,4,23,16,15,988,98818,RUE JULES GARNIER/RUE DU DOCTEUR MIALARET,-22.28807,166.44435,Plein jour,En agglomération,Intersection en T,Normale,Autre collision,4,3,2,1,1,1,1,-1,5,50,1,1,0,0,0,1,58.0,,deux_roues,,1,2,3,1,6
202000022162,2020-04-23 17:35:00,2020,4,23,17,35,974,97407,COMMUNE DE PARIS (AVENUE),-20.93668,55.2909,Plein jour,En agglomération,Hors intersection,Normale,Deux véhicules - côté,4,1,1,1,1,1,1,0,5,50,2,3,1,0,0,2,55.0,31.0,utilitaire_camion,deux_roues,1,2,1,1,3
202000022163,2020-04-23 18:40:00,2020,4,23,18,40,973,97302,CHATENAY (CITE),4.9429779,-52.3119968,Crépuscule ou aube,En agglomération,Autre intersection,Normale,Deux véhicules - arrière,4,2,1,0,1,1,1,0,1,50,2,2,1,0,0,1,27.0,51.0,deux_roues,voiture,2,2,9,1,2
202000022164,2020-04-23 14:10:00,2020,4,23,14,10,69,69383,PAUL BERT                           (R ),45.757,4.8527,Plein jour,En agglomération,Intersection en X,Normale,Deux véhicules - côté,4,2,3,1,1,1,1,0,1,50,2,2,1,0,0,1,51.0,45.0,deux_roues,voiture,1,2,2,1,3
202000022165,2020-04-22 20:25:00,2020,4,22,20,25,972,97213,PLACE D'ARMES,14.61243,-60.99168,Nuit sans éclairage public,En agglomération,Autre intersection,Normale,Sans collision,4,2,2,0,1,1,1,9,8,50,1,2,0,0,0,2,21.0,,voiture,,3,2,9,1,7
202000022166,2020-04-23 21:30:00,2020,4,23,21,30,69,69382,KITCHENER MARCHAND                  (PT),45.751426,4.8223514,Nuit avec éclairage allumé,En agglomération,Autre intersection,Normale,Deux véhicules - côté,4,2,6,0,1,2,1,2,1,50,2,2,1,0,0,1,27.0,39.0,deux_roues,voiture,5,2,9,1,3
202000022167,2020-04-23 09:00:00,2020,4,23,9,0,971,97101,AURELIE NANKY - POINTE D'OR (RUE),16.2871825,-61.4963391,Plein jour,Hors agglomération,Intersection en T,Normale,Deux véhicules - côté,4,2,0,0,1,1,1,0,1,50,2,2,1,0,0,1,41.0,17.0,voiture,deux_roues,1,1,3,1,3
202000022168,2020-04-22 18:20:00,2020,4,22,18,20,83,83090,GAIS COTEAUX (CHEMIN DES),43.13313,5.84225,Plein jour,Hors agglomération,Autre intersection,Normale,Autre collision,4,-1,0,0,2,1,1,0,1,50,1,2,1,0,1,0,33.0,,voiture,,1,1,9,1,6
202000022169,2020-04-22 17:10:00,2020,4,22,17,10,78,78361,RUE D ALSACE,48.9927,1.70942,Plein jour,En agglomération,Intersection en X,Normale,Deux véhicules - côté,4,1,1,0,1,1,1,0,1,50,2,3,2,0,1,0,59.0,36.0,voiture,voiture,1,2,2,1,3
202000022170,2020-04-22 17:20:00,2020,4,22,17,20,69,69266,RICHELIEU     (Rue),45.7603876,4.8775524,Plein jour,En agglomération,Giratoire,Normale,Autre collision,4,2,2,0,1,1,1,9,1,50,1,2,1,0,0,1,27.0,,voiture,,1,2,6,1,6
202000022171,2020-04-23 22:35:00,2020,4,23,22,35,54,54547,GAMBETTA (RUE),48.656016,6.167658,Nuit avec éclairage allumé,En agglomération,Hors intersection,Normale,Autre collision,4,-1,1,0,2,3,1,0,4,50,1,1,0,0,1,0,51.0,,deux_roues,,5,2,1,1,6
202000022172,2020-04-18 19:20:00,2020,4,18,19,20,54,54483,D 401,48.63392,6.30734,Plein jour,En agglomération,Hors intersection,Normale,Deux véhicules - frontale,3,2,2,0,1,2,1,3,1,70,2,2,1,0,0,1,80.0,48.0,utilitaire_camion,voiture,1,2,1,1,1
202000022173,2020-04-22 12:00:00,2020,4,22,12,0,42,42184,Rue Maréchal Foch,46.0403998,4.0366706,Plein jour,En agglomération,Hors intersection,Normale,Autre collision,4,2,3,0,1,1,1,9,1,50,1,2,1,0,1,0,32.0,,utilitaire_camion,,1,2,1,1,6
202000022174,2020-04-23 02:15:00,2020,4,23,2,15,41,41269,COURTIRAS (RUE DE),47.80297,1.04484,Nuit sans éclairage public,En agglomération,Hors intersection,Normale,Autre collision,4,-1,2,0,1,1,1,0,3,50,1,2,0,0,1,1,19.0,,voiture,,3,2,1,1,6
202000022175,2020-04-23 22:30:00,2020,4,23,22,30,35,35281,ROCADE 7-8,48.0911,-1.7061,Nuit sans éclairage public,Hors agglomération,Hors intersection,Normale,Deux véhicules - côté,2,3,6,0,1,1,1,0,2,90,2,2,1,0,0,1,25.0,22.0,voiture,utilitaire_camion,3,1,1,1,3
202000022176,2020-04-22 17:15:00,2020,4,22,17,15,34,34172,ALCO (RUE D',43.61625,3.840972,Plein jour,En agglomération,Intersection en T,Pluie légère,Autre collision,4,2,2,0,1,1,2,0,1,50,1,2,1,0,0,1,57.0,,voiture,,1,2,3,2,6
202000022177,2020-04-23 01:35:00,2020,4,23,1,35,33,33063,Avenue de la République / Rue Solle (Caudéran),44.83989,-0.60335,Nuit avec éclairage allumé,En agglomération,Intersection en X,Temps couvert,Deux véhicules - côté,4,1,2,0,1,1,1,5,8,50,2,3,0,0,0,3,19.0,18.0,deux_roues,deux_roues,5,2,2,8,3
202000022178,2020-04-23 09:39:00,2020,4,23,9,39,10,10387,HAUTE CHARME (RUE),48.30942,4.0578,Plein jour,En agglomération,Hors intersection,Normale,Autre collision,4,2,2,0,1,1,1,0,1,50,1,1,0,0,0,1,38.0,,deux_roues,,1,2,1,1,6
202000022179,2020-04-22 18:00:00,2020,4,22,18,0,08,08105,NOUZONVILLE,49.78874,4.72813,Plein jour,En agglomération,Hors intersection,Normale,Autre collision,4,2,2,0,2,3,1,0,4,50,1,2,0,0,2,0,33.0,,voiture,,1,2,1,1,6
202000022180,2020-04-23 09:15:00,2020,4,23,9,15,75,75117,AVENUE DE WAGRAM,48.882632,2.301492,Plein jour,En agglomération,Hors intersection,Normale,Deux véhicules - côté,4,2,2,0,1,1,1,0,1,50,2,2,1,0,0,1,44.0,57.0,deux_roues,voiture,1,2,1,1,3
202000022181,2020-04-23 20:30:00,2020,4,23,20,30,75,75112,RUE MONTGALLET,48.84243,2.385407,Nuit avec éclairage allumé,En agglomération,Intersection en T,Normale,Autre collision,4,2,2,0,1,1,1,0,1,50,1,4,3,0,0,1,31.0,,voiture,,5,2,3,1,6
202000022182,2020-04-23 15:36:00,2020,4,23,15,36,94,94046,GENERAL DE GAULLE (AV DU),48.81027,2.4235,Plein jour,En agglomération,Hors intersection,Normale,Autre collision,3,-1,2,0,1,3,1,0,1,50,1,1,0,0,0,1,19.0,,deux_roues,,1,2,1,1,6
202000022183,2020-04-23 16:45:00,2020,4,23,16,45,47,47295,D253,44.504102,0.782722,Plein jour,Hors agglomération,Intersection en X,Normale,Deux véhicules - côté,3,2,2,0,1,1,1,0,1,80,2,3,2,0,1,0,58.0,56.0,voiture,voiture,1,1,2,1,3
202000022184,2020-04-23 21:00:00,2020,4,23,21,0,69,69100,D315,45.684601,4.827703,Nuit avec éclairage allumé,En agglomération,Giratoire,Normale,Autre collision,3,2,2,0,1,1,1,0,1,50,1,2,1,0,0,1,53.0,,voiture,,5,2,6,1,6
202000022185,2020-04-23 17:17:00,2020,4,23,17,17,89,89198,Chemin de Néron,47.860091,3.578454,Plein jour,Hors agglomération,Passage à niveau,Normale,Autre collision,3,2,2,0,3,1,1,4,1,80,1,1,0,0,1,0,36.0,,deux_roues,,1,1,8,1,6
202000022186,2020-04-23 14:00:00,2020,4,23,14,0,55,55551,RD 908,49.0082451,5.6944937,Plein jour,Hors agglomération,Hors intersection,Normale,Autre collision,3,2,2,0,1,2,1,0,3,80,1,1,0,0,1,0,34.0,,deux_roues,,1,1,1,1,6
202000022187,2020-04-24 11:20:00,2020,4,24,11,20,46,46273,Avenue Charles de Gaulle,44.869169,1.874478,Plein jour,En agglomération,Intersection en X,Normale,Deux véhicules - côté,3,2,2,0,1,1,1,5,1,50,2,2,1,0,1,0,70.0,49.0,voiture,deux_roues,1,2,2,1,3
202000022188,2020-04-23 16:00:00,2020,4,23,16,0,25,25259,Rue du Lhotaud,46.856512,6.162405,Plein jour,En agglomération,Hors intersection,Normale,Sans collision,4,2,2,0,1,1,1,0,1,50,1,1,0,0,1,0,38.0,,utilitaire_camion,,1,2,1,1,7
202000022189,2020-04-23 20:25:00,2020,4,23,20,25,73,73303,Rue du Centenaire,45.757067,6.411692,Plein jour,En agglomération,Hors intersection,Normale,Sans collision,4,2,2,0,2,1,1,0,1,50,1,1,0,0,1,0,39.0,,deux_roues,,1,2,1,1,7
202000022190,2020-04-20 18:30:00,2020,4,20,18,30,28,28292,Bois de Pijosson,48.696541,1.471353,Crépuscule ou aube,Hors agglomération,Hors intersection,Normale,Autre collision,4,-1,1,0,1,1,1,0,8,-1,1,3,2,0,1,0,17.0,,deux_roues,,2,1,1,1,6
202000022191,2020-04-24 03:00:00,2020,4,24,3,0,28,28351,D140,48.583208,1.205755,Nuit sans éclairage public,Hors agglomération,Hors intersection,Normale,Autre collision,3,2,2,0,1,3,1,0,8,80,1,1,0,0,1,0,19.0,,voiture,,3,1,1,1,6
202000022192,2020-04-17 19:30:00,2020,4,17,19,30,68,68278,22 Rue de Belgique,47.7469095,7.4133917,Plein jour,En agglomération,Hors intersection,Normale,Deux véhicules - côté,4,2,2,0,1,2,1,0,1,50,2,2,1,0,1,0,46.0,37.0,deux_roues,voiture,1,2,1,1,3
202000022193,2020-04-24 05:20:00,2020,4,24,5,20,52,52353,23 Rue de Verdun,48.026482,5.337548,Crépuscule ou aube,En agglomération,Intersection en Y,Normale,Autre collision,3,2,2,0,2,3,1,0,4,50,1,1,0,1,0,0,66.0,,voiture,,2,2,4,1,6
202000022194,2020-04-23 21:00:00,2020,4,23,21,0,09,09236,Avenue des Guerilleros,42.923758,1.625953,Crépuscule ou aube,En agglomération,Hors intersection,Normale,Autre collision,3,2,2,0,1,1,1,0,3,50,1,2,0,0,0,2,22.0,,voiture,,2,2,1,1,6
202000022195,2020-04-23 15:25:00,2020,4,23,15,25,62,62355,Route Departementale 950,50.334347,2.935503,Plein jour,En agglomération,Autre intersection,Normale,Deux véhicules - côté,3,2,1,0,1,1,1,0,1,50,2,2,1,0,0,1,41.0,32.0,deux_roues,utilitaire_camion,1,2,9,1,3
202000022196,2020-04-23 20:30:00,2020,4,23,20,30,91,91661,AUTOROUTE A10,48.685622,2.214334,Crépuscule ou aube,Hors agglomération,Hors intersection,Normale,Sans collision,1,3,3,0,1,1,1,0,1,130,1,1,0,0,0,1,31.0,,voiture,,2,1,1,1,7
202000022197,2020-04-23 00:15:00,2020,4,23,0,15,94,94003,AUTOROUTE A6A,48.8086,2.3393,Nuit avec éclairage allumé,Hors agglomération,Hors intersection,Normale,Sans collision,1,3,3,0,1,1,1,0,1,70,1,1,0,0,0,1,24.0,,deux_roues,,5,1,1,1,7
202000022198,2020-04-23 06:30:00,2020,4,23,6,30,93,93066,AUTOROUTE A1,48.92903,2.35969,Crépuscule ou aube,Hors agglomération,Hors intersection,Normale,Trois véhicules et plus - collisions multiples,1,3,6,0,2,2,1,0,1,90,3,3,2,0,0,1,49.0,54.0,voiture,voiture,2,1,1,1,5
202000022199,2020-04-22 19:20:00,2020,4,22,19,20,93,93064,AUTOROUTE A86,48.88167,2.47431,Plein jour,Hors agglomération,Hors intersection,Normale,Trois véhicules et plus - en chaîne,1,3,9,0,2,1,1,8,1,70,4,5,4,0,0,1,32.0,32.0,voiture,voiture,1,1,1,1,4
202000022200,2020-04-22 19:27:00,2020,4,22,19,27,93,93029,AUTOROUTE A86,48.92526,2.42487,Plein jour,Hors agglomération,Hors intersection,Normale,Sans collision,1,3,6,0,3,3,1,0,1,90,1,1,0,0,0,1,20.0,,deux_roues,,1,1,1,1,7
202000022201,2020-04-22 08:10:00,2020,4,22,8,10,69,69388,AMBROISE PARE                       (BD),45.73587,4.88304,Plein jour,En agglomération,Intersection en X,Normale,Deux véhicules - frontale,4,2,4,1,1,1,1,0,1,50,2,2,1,0,0,1,37.0,24.0,deux_roues,voiture,1,2,2,1,1
202000022202,2020-04-22 13:48:00,2020,4,22,13,48,69,69381,MORAND                              (PT),45.76868,4.8393,Plein jour,En agglomération,Hors intersection,Normale,Deux véhicules - côté,4,2,3,1,1,1,1,2,1,50,2,2,1,0,0,1,54.0,21.0,utilitaire_camion,autre,1,2,1,1,3
202000022203,2020-04-22 06:45:00,2020,4,22,6,45,69,69389,CHAPEAU ROUGE (DU)                  (R ),45.7726287,4.8078444,Crépuscule ou aube,En agglomération,Intersection en Y,Normale,Deux véhicules - frontale,4,2,2,2,2,1,1,0,5,50,2,2,1,0,0,1,36.0,46.0,deux_roues,voiture,2,2,4,1,1
202000022204,2020-04-21 15:49:00,2020,4,21,15,49,87,87085,AUTOROUTE A20,45.84666,1.27691,Plein jour,Hors agglomération,Hors intersection,Normale,Deux véhicules - côté,1,3,4,0,1,1,1,0,1,90,2,2,1,0,0,1,62.0,47.0,voiture,voiture,1,1,1,1,3
202000022205,2020-04-21 23:30:00,2020,4,21,23,30,76,76351,r salvador allende,49.504462,0.136108,Plein jour,Hors agglomération,Giratoire,Pluie forte,Autre collision,4,2,2,0,1,1,2,5,1,50,1,1,0,0,0,1,34.0,,deux_roues,,1,1,6,3,6