accident_id,datetime,annee,mois,jour,heure,minute,departement,commune_insee,adresse,latitude,longitude,luminosite,agglomeration,intersection,meteo,collision,catr,circ,nbv,vosp,prof,plan,surf,infra,situ,vma,nb_vehicules,nb_usagers,nb_indemnes,nb_tues,nb_blesses_hosp,nb_blesses_legers,age_cond_1,age_cond_2,veh_type_cond_1,veh_type_cond_2,lum_code,agg_code,int_code,atm_code,col_code
202000022389,2020-01-20 17:10:00,2020,1,20,17,10,92,92064,REPUBLIQUE,48.849405,2.2137706,Crépuscule ou aube,En agglomération,Intersection en X,Normale,Deux véhicules - côté,3,2,2,0,1,1,1,5,1,50,2,2,1,0,0,1,46.0,44.0,deux_roues,voiture,2,2,2,1,3
202000022390,2020-01-20 08:25:00,2020,1,20,8,25,92,92064,MARECHAL FOCH,48.8475808,2.2094214,Crépuscule ou aube,En agglomération,Hors intersection,Normale,Autre collision,4,2,2,0,1,1,1,6,1,30,1,2,1,0,0,1,49.0,,voiture,,2,2,1,1,6
202000022391,2020-01-18 15:20:00,2020,1,18,15,20,92,92063,HOPITAL STELL (BOULEVARD DE L'),48.8789467,2.1862578,Plein jour,En agglomération,Hors intersection,Normale,Deux véhicules - arrière,3,2,4,0,2,3,1,0,1,50,2,3,2,0,0,1,66.0,73.0,voiture,voiture,1,2,1,1,2
202000022392,2020-01-20 19:15:00,2020,1,20,19,15,92,92044,HUIT MAI 1945 (PLACE DU),48.89669,2.29838,Nuit avec éclairage allumé,En agglomération,Hors intersection,Normale,Autre collision,3,2,2,0,1,1,1,0,1,50,1,2,1,0,0,1,54.0,,deux_roues,,5,2,1,1,6
202000022393,2020-01-19 09:42:00,2020,1,19,9,42,92,92036,GENERAL DE GAULLE (AVENUE),48.933774,2.313428,Plein jour,En agglomération,Intersection en T,Normale,Autre collision,3,2,2,0,1,1,1,0,1,50,1,2,1,0,0,1,50.0,,voiture,,1,2,3,1,6
202000022394,2020-01-20 08:35:00,2020,1,20,8,35,92,92025,Rue Gabriel Péri,48.918201,2.238834,Plein jour,En agglomération,Hors intersection,Normale,Autre collision,3,2,2,0,1,1,1,0,1,50,1,4,2,0,0,2,35.0,,voiture,,1,2,1,1,6
202000022395,2020-01-20 10:30:00,2020,1,20,10,30,92,92023,PICARDIE (RUE DE),48.786502,2.245395,Plein jour,En agglomération,Intersection à plus de 4 branches,Normale,Autre collision,4,2,2,0,1,1,1,0,1,30,1,2,1,1,0,0,67.0,,voiture,,1,2,5,1,6
202000022396,2020-01-20 19:15:00,2020,1,20,19,15,92,92007,BRIAND (AVENUE ARISTIDE) N° 100 A 160,48.7972063,2.3221648,Crépuscule ou aube,En agglomération,Intersection en T,Normale,Deux véhicules - côté,3,3,3,0,1,1,1,0,1,50,2,2,1,0,0,1,26.0,44.0,voiture,deux_roues,2,2,3,1,3
202000022397,2020-01-18 18:00:00,2020,1,18,18,0,92,92002,DIVISION LECLERC (53 A 217 - 58 A 186),48.74298,2.302901,Crépuscule ou aube,En agglomération,Hors intersection,Normale,Deux véhicules - côté,3,2,4,0,2,1,1,0,1,50,2,2,1,0,0,1,52.0,38.0,deux_roues,voiture,2,2,1,1,3
202000022398,2020-01-20 08:25:00,2020,1,20,8,25,22,22259,D68,48.461959,-2.071175,Plein jour,En agglomération,Hors intersection,Normale,Deux véhicules - frontale,3,2,2,0,1,1,9,9,1,50,2,2,1,0,1,0,35.0,36.0,voiture,deux_roues,1,2,1,1,1
202000022399,2020-01-20 17:29:00,2020,1,20,17,29,22,22209,10 Rue des Ormelets,48.5807,-2.14448,Crépuscule ou aube,En agglomération,Hors intersection,Normale,Sans collision,3,2,2,0,1,1,1,0,3,50,1,1,0,1,0,0,56.0,,voiture,,2,2,1,1,7
202000022400,2020-01-21 15:00:00,2020,1,21,15,0,49,49099,Le Grand Noyer,47.098719,-0.831916,Plein jour,Hors agglomération,Hors intersection,Temps éblouissant,Autre collision,4,2,2,0,2,3,1,0,3,80,1,1,0,1,0,0,89.0,,voiture,,1,1,1,7,6
202000022401,2020-01-20 16:45:00,2020,1,20,16,45,68,68173,D11.1,48.114801,7.217124,Crépuscule ou aube,Hors agglomération,Hors intersection,Normale,Deux véhicules - frontale,3,2,2,0,1,1,1,0,1,80,2,2,1,0,0,1,27.0,49.0,utilitaire_camion,voiture,2,1,1,1,1
202000022402,2020-01-19 02:00:00,2020,1,19,2,0,972,97201,N3,14.831699,-61.103127,Nuit avec éclairage allumé,En agglomération,Hors intersection,Normale,Deux véhicules - frontale,2,2,2,0,2,1,2,0,1,50,2,3,0,0,1,2,24.0,22.0,voiture,voiture,5,2,1,1,1
202000022403,2020-01-17 07:55:00,2020,1,17,7,55,30,30262,D982,44.0309,4.4794,Plein jour,Hors agglomération,Intersection en T,Normale,Deux véhicules - côté,3,2,2,0,1,1,2,0,1,80,2,2,0,0,1,1,36.0,55.0,voiture,voiture,1,1,3,1,3
202000022404,2020-01-21 07:15:00,2020,1,21,7,15,62,62870,95 Route Nationale,50.409459,1.724772,Nuit avec éclairage allumé,En agglomération,Hors intersection,Brouillard / fumée,Trois véhicules et plus - collisions multiples,3,2,2,0,1,1,1,0,1,50,3,3,2,0,0,1,66.0,35.0,voiture,voiture,5,2,1,5,5
202000022405,2020-01-16 19:40:00,2020,1,16,19,40,56,56090,2 Rue Emile Zola,47.8268169,-3.2496357,Nuit sans éclairage public,En agglomération,Giratoire,Pluie légère,Autre collision,3,2,2,0,2,1,2,5,1,30,1,2,1,0,0,1,39.0,,utilitaire_camion,,3,2,6,2,6
202000022406,2020-01-18 19:45:00,2020,1,18,19,45,74,74234,RD 1508,45.758576,6.316475,Nuit sans éclairage public,Hors agglomération,Hors intersection,Normale,Deux véhicules - côté,3,-1,2,0,1,1,9,0,1,80,2,2,0,0,0,2,48.0,39.0,utilitaire_camion,utilitaire_camion,3,1,1,1,3
202000022407,2020-01-19 14:45:00,2020,1,19,14,45,76,76100,Gruchy Hameau,49.50083,1.262793,Plein jour,Hors agglomération,Intersection en X,Normale,Deux véhicules - côté,3,2,2,0,1,1,1,0,1,80,2,3,2,0,1,0,26.0,53.0,voiture,voiture,1,1,2,1,3
202000022408,2020-01-21 05:00:00,2020,1,21,5,0,79,79242,,46.916584,-0.56746,Nuit sans éclairage public,Hors agglomération,Hors intersection,Autre,Sans collision,3,2,2,0,4,2,7,0,1,80,1,5,4,0,0,1,53.0,,voiture,,3,1,1,9,7
202000022409,2020-01-21 12:40:00,2020,1,21,12,40,65,65375,Rue Labastide de Clairence,43.386946,0.151347,Plein jour,En agglomération,Intersection en X,Normale,Deux véhicules - frontale,3,2,2,0,1,1,1,0,1,50,2,2,0,0,1,1,29.0,52.0,voiture,voiture,1,2,2,1,1
202000022410,2020-01-21 15:30:00,2020,1,21,15,30,55,55537,Route départementale 112 + PK 009.350,49.205551,5.475497,Plein jour,Hors agglomération,Hors intersection,Normale,Deux véhicules - frontale,3,2,1,0,1,1,7,0,1,80,2,2,0,0,1,1,51.0,41.0,voiture,voiture,1,1,1,1,1
202000022411,2020-01-20 18:55:00,2020,1,20,18,55,68,68068,40 Rue de Cernay,47.633544,7.122688,Nuit avec éclairage allumé,En agglomération,Intersection en X,Normale,Deux véhicules - côté,3,2,2,0,1,1,2,0,1,50,2,3,2,0,0,1,46.0,20.0,voiture,voiture,5,2,2,1,3
202000022412,2020-01-18 19:49:00,2020,1,18,19,49,25,25280,35 Route du Jura,47.257897,6.946099,Nuit sans éclairage public,En agglomération,Hors intersection,Normale,Autre collision,3,2,2,0,2,2,1,0,3,50,1,1,0,0,1,0,64.0,,voiture,,3,2,1,1,6
202000022413,2020-01-19 07:45:00,2020,1,19,7,45,29,29109,D68 - Lieu-dit Saint-Gonvarc'h,48.5118605,-4.725416,Crépuscule ou aube,Hors agglomération,Hors intersection,Normale,Autre collision,3,2,2,0,1,1,2,0,3,80,1,2,1,0,1,0,21.0,,voiture,,2,1,1,1,6
202000022414,2020-01-13 22:15:00,2020,1,13,22,15,31,31239,place du forail,43.380495,0.839024,Nuit sans éclairage public,En agglomération,Hors intersection,Normale,Deux véhicules - frontale,6,-1,-1,0,1,1,1,0,8,-1,2,2,1,0,0,1,32.0,19.0,voiture,deux_roues,3,2,1,1,1
202000022415,2020-01-21 17:55:00,2020,1,21,17,55,01,01389,Grand Romanans,46.043298,4.93836,Nuit sans éclairage public,Hors agglomération,Intersection en X,Normale,Deux véhicules - côté,3,2,2,0,1,1,1,0,1,80,2,2,0,1,0,1,58.0,28.0,voiture,voiture,3,1,2,1,3
202000022416,2020-01-21 15:30:00,2020,1,21,15,30,45,45245,R ST MARTIN,47.674198,2.812465,Plein jour,Hors agglomération,Hors intersection,Normale,Autre collision,4,2,2,0,1,1,6,0,3,80,1,1,0,0,0,1,54.0,,voiture,,1,1,1,1,6
202000022417,2020-01-15 23:20:00,2020,1,15,23,20,07,07117,D4,44.474121,4.19653,Nuit sans éclairage public,Hors agglomération,Hors intersection,Temps couvert,Autre collision,3,2,2,0,2,3,2,0,3,80,1,3,1,0,1,1,29.0,,voiture,,3,1,1,8,6
202000022418,2020-01-08 14:45:00,2020,1,8,14,45,40,40310,Pouyanne,43.791353,-1.333973,Plein jour,Hors agglomération,Intersection en T,Normale,Deux véhicules - côté,4,2,2,0,1,1,1,0,1,50,2,2,1,0,1,0,52.0,44.0,deux_roues,voiture,1,1,3,1,3
202000022419,2020-01-21 11:20:00,2020,1,21,11,20,04,04124,Ch du Vallon / Ch de Riez,43.782265,6.094826,Plein jour,En agglomération,Intersection en X,Normale,Deux véhicules - côté,4,2,2,0,4,1,1,0,1,50,2,2,1,0,1,0,32.0,60.0,utilitaire_camion,deux_roues,1,2,2,1,3
202000022420,2020-01-21 13:55:00,2020,1,21,13,55,85,85008,RD 747 - La tignonnière,46.61725,-1.44368,Plein jour,Hors agglomération,Hors intersection,Normale,Deux véhicules - côté,3,3,0,0,1,1,1,0,1,110,2,2,0,0,1,1,28.0,37.0,voiture,utilitaire_camion,1,1,1,1,3
202000022421,2020-01-14 14:30:00,2020,1,14,14,30,65,65417,A64,43.2156479,0.1180175,Plein jour,Hors agglomération,Hors intersection,Normale,Sans collision,1,3,4,0,2,1,1,0,1,130,1,1,0,0,0,1,66.0,,utilitaire_camion,,1,1,1,1,7
202000022422,2020-01-20 08:00:00,2020,1,20,8,0,44,44035,A11,47.272357,-1.555252,Crépuscule ou aube,Hors agglomération,Hors intersection,Normale,Deux véhicules - côté,1,3,4,3,1,1,1,0,2,110,2,2,0,0,1,1,23.0,26.0,deux_roues,deux_roues,2,1,1,1,3
202000022423,2020-01-20 18:30:00,2020,1,20,18,30,77,77412,N37,48.474297,2.51697,Nuit sans éclairage public,Hors agglomération,Hors intersection,Normale,Deux véhicules - arrière,2,3,4,0,1,2,1,0,1,110,2,2,1,0,0,1,29.0,40.0,voiture,voiture,3,1,1,1,2
202000022424,2020-01-17 05:00:00,2020,1,17,5,0,974,97424,Route Départementale 242,-21.123036,55.455014,Nuit sans éclairage public,Hors agglomération,Hors intersection,Normale,,2,3,4,0,2,1,1,0,1,-1,3,3,2,0,1,0,28.0,61.0,voiture,voiture,3,1,1,1,-1
202000022425,2020-01-20 00:00:00,2020,1,20,0,0,971,97111,Ferry,16.272794,-61.805723,Nuit avec éclairage allumé,En agglomération,Hors intersection,Normale,Autre collision,2,-1,2,0,1,1,1,6,4,50,1,2,1,1,0,0,29.0,,voiture,,5,2,1,1,6
202000022426,2020-01-19 18:10:00,2020,1,19,18,10,77,77272,9 Rue de la Voie Romaine - D209,48.560261,3.148332,Nuit avec éclairage allumé,En agglomération,Hors intersection,Normale,Autre collision,3,2,2,0,1,1,1,0,1,50,1,2,1,0,1,0,52.0,,voiture,,5,2,1,1,6
202000022427,2020-01-20 00:30:00,2020,1,20,0,30,34,34307,Route de Montpellier D-54,43.701508,4.007971,Nuit sans éclairage public,En agglomération,Hors intersection,Normale,Autre collision,3,2,2,0,1,1,1,0,3,50,1,1,0,0,1,0,25.0,,voiture,,3,2,1,1,6
202000022428,2020-01-20 14:50:00,2020,1,20,14,50,13,13014,Cours Mirabeau,43.476348,5.167433,Plein jour,En agglomération,Hors intersection,Normale,Autre collision,4,1,1,0,1,1,1,0,1,30,1,2,1,0,0,1,36.0,,voiture,,1,2,1,1,6
202000022429,2020-01-20 17:29:00,2020,1,20,17,29,13,13107,994 Avenue du Général de Gaulle,43.436773,5.425264,Crépuscule ou aube,En agglomération,Hors intersection,Normale,,3,3,2,0,2,1,1,0,1,50,2,3,0,0,0,3,21.0,60.0,voiture,voiture,2,2,1,1,-1
202000022430,2020-01-21 14:05:00,2020,1,21,14,5,01,01249,Rue Joseph Carre,45.826814,4.952967,Plein jour,En agglomération,Hors intersection,Normale,Autre collision,3,2,2,0,1,1,1,9,1,50,1,2,1,0,1,0,24.0,,utilitaire_camion,,1,2,1,1,6
202000022431,2020-01-18 04:00:00,2020,1,18,4,0,53,53094,RN 162- PK 31 +200,48.012024,-0.728538,Nuit sans éclairage public,Hors agglomération,Hors intersection,Normale,Sans collision,2,3,4,0,2,1,1,0,8,110,1,1,0,0,1,0,18.0,,deux_roues,,3,1,1,1,7
202000022432,2020-01-19 16:30:00,2020,1,19,16,30,62,62560,A16,50.810084,1.694341,Crépuscule ou aube,Hors agglomération,Hors intersection,Pluie forte,Autre collision,1,3,4,0,1,1,2,0,2,130,1,2,1,0,0,1,38.0,,voiture,,2,1,1,3,6
202000022433,2020-01-21 16:15:00,2020,1,21,16,15,59,59173,Route de Quesnoy,50.726634,2.97359,Plein jour,Hors agglomération,Autre intersection,Normale,Deux véhicules - frontale,7,2,2,0,1,1,1,0,1,70,2,3,0,1,1,1,39.0,32.0,voiture,voiture,1,1,9,1,1
202000022434,2020-01-20 02:30:00,2020,1,20,2,30,69,69296,A7  ,45.66058,4.84179,Nuit avec éclairage allumé,Hors agglomération,Autre intersection,Normale,Deux véhicules - arrière,1,3,3,0,1,1,1,0,1,90,2,3,1,0,1,1,55.0,35.0,voiture,voiture,5,1,9,1,2
202000022435,2020-01-20 07:00:00,2020,1,20,7,0,33,33096,AUTOROUTE A 10,44.89004,-0.50324,Nuit avec éclairage allumé,Hors agglomération,Hors intersection,Normale,Trois véhicules et plus - collisions multiples,1,3,6,0,1,1,1,0,1,90,3,3,2,0,0,1,34.0,55.0,deux_roues,voiture,5,1,1,1,5
202000022436,2020-01-20 18:30:00,2020,1,20,18,30,91,91377,RD 188,48.72036,2.27203,Nuit avec éclairage non allumé,Hors agglomération,Hors intersection,Normale,Deux véhicules - côté,3,1,2,0,1,1,1,0,1,70,2,2,1,0,0,1,32.0,58.0,utilitaire_camion,deux_roues,4,1,1,1,3
202000022437,2020-01-20 07:30:00,2020,1,20,7,30,91,91182,RN 104,48.6186,2.4266,Nuit sans éclairage public,Hors agglomération,Hors intersection,Normale,Deux véhicules - côté,2,3,3,0,1,1,1,0,1,90,2,2,1,0,0,1,53.0,43.0,voiture,utilitaire_camion,3,1,1,1,3
202000022438,2020-01-20 01:52:00,2020,1,20,1,52,91,91174,RN 104,48.61854,2.45762,Nuit sans éclairage public,Hors agglomération,Hors intersection,Normale,Autre collision,2,3,0,0,1,1,1,0,1,90,1,1,0,0,0,1,21.0,,voiture,,3,1,1,1,6
202000022439,2020-01-19 07:05:00,2020,1,19,7,5,92,92047,A13,48.8359825,2.1821722,Nuit sans éclairage public,Hors agglomération,Hors intersection,Normale,Autre collision,1,3,3,0,1,1,1,0,1,110,1,2,1,0,0,1,26.0,,voiture,,3,1,1,1,6
202000022440,2020-01-18 19:56:00,2020,1,18,19,56,78,78206,A13,48.948,1.94637,Nuit sans éclairage public,Hors agglomération,Hors intersection,Normale,Deux véhicules - arrière,1,1,3,0,1,1,1,0,1,130,2,7,4,0,0,3,43.0,39.0,voiture,voiture,3,1,1,1,2
202000022441,2020-01-20 12:00:00,2020,1,20,12,0,94,94033,A86.EXT,48.8491582,2.4907287,Plein jour,Hors agglomération,Hors intersection,Normale,Deux véhicules - côté,1,3,2,0,1,1,1,1,1,90,2,2,1,0,0,1,44.0,53.0,utilitaire_camion,voiture,1,1,1,1,3
202000022442,2020-01-16 12:00:00,2020,1,16,12,0,77,77294,A104,48.9647927,2.6100694,Plein jour,Hors agglomération,Hors intersection,Normale,Deux véhicules - arrière,1,1,2,0,1,1,1,0,1,90,2,2,1,0,0,1,63.0,36.0,utilitaire_camion,voiture,1,1,1,1,2
202000022443,2020-01-18 22:20:00,2020,1,18,22,20,987,98735,POMARE (BVD),-17.5445063,-149.5783876,Nuit avec éclairage non allumé,En agglomération,Hors intersection,Normale,Deux véhicules - arrière,4,1,3,0,1,1,1,0,1,50,2,2,0,0,1,1,41.0,23.0,deux_roues,deux_roues,4,2,1,1,2
202000022444,2020-01-18 21:40:00,2020,1,18,21,40,974,97416,Rue Leconte Delisle,-21.29137,55.4616,Nuit avec éclairage allumé,En agglomération,Hors intersection,Normale,Autre collision,4,2,1,0,2,1,1,0,1,30,1,1,0,0,0,1,36.0,,deux_roues,,5,2,1,1,6
202000022445,2020-01-18 23:40:00,2020,1,18,23,40,69,69388,PAUL CAZENEUVE                      (R ),45.7314298,4.8598314,Nuit avec éclairage allumé,En agglomération,Hors intersection,Normale,Deux véhicules - arrière,4,2,2,0,1,1,1,0,1,50,2,2,1,0,0,1,22.0,22.0,deux_roues,voiture,5,2,1,1,2
202000022446,2020-01-19 20:18:00,2020,1,19,20,18,972,97213,AUTOROUTE A1,14.618,-61.034,Nuit avec éclairage allumé,Hors agglomération,Hors intersection,Normale,Trois véhicules et plus - en chaîne,1,3,3,0,1,1,1,0,1,90,4,6,5,0,0,1,29.0,44.0,voiture,voiture,5,1,1,1,4
202000022447,2020-01-18 17:49:00,2020,1,18,17,49,69,69384,PHILIPPE DE LASSALLE                (R ),45.77958,4.82049,Nuit avec éclairage allumé,En agglomération,Intersection en X,Normale,Deux véhicules - côté,4,2,2,0,1,1,1,0,1,50,2,3,2,0,0,1,24.0,59.0,deux_roues,voiture,5,2,2,1,3
202000022448,2020-01-19 14:55:00,2020,1,19,14,55,971,97120,PAUL LACAVE,16.24421,-61.53231,Plein jour,En agglomération,Hors intersection,Normale,Autre collision,4,1,1,0,1,1,1,0,1,50,1,1,0,0,0,1,,,,,1,2,1,1,6
202000022449,2020-01-18 08:50:00,2020,1,18,8,50,971,97113,RN4 - SECTION RIVIERA,16.2181635,-61.5096188,Plein jour,Hors agglomération,Hors intersection,Normale,Deux véhicules - arrière,2,2,2,0,1,1,1,0,1,70,2,2,1,0,0,1,61.0,35.0,voiture,voiture,1,1,1,1,2
202000022450,2020-01-19 06:30:00,2020,1,19,6,30,91,91161,CHARLES DE GAULLE (AVENUE),48.704848,2.322651,Nuit avec éclairage allumé,En agglomération,Hors intersection,Neige / grêle,Deux véhicules - frontale,7,2,2,0,1,1,1,0,1,50,2,2,1,0,0,1,26.0,30.0,voiture,voiture,5,2,1,4,1
202000022451,2020-01-18 17:40:00,2020,1,18,17,40,69,69290,ARISTIDE BRIAND         ,45.69617,4.92669,Nuit avec éclairage allumé,En agglomération,Hors intersection,Normale,Deux véhicules - côté,3,2,2,0,1,1,1,5,1,50,2,2,1,0,0,1,37.0,23.0,deux_roues,voiture,5,2,1,1,3
202000022452,2020-01-19 02:15:00,2020,1,19,2,15,69,69266,ROGER SALENGRO     (Avenue),45.7783938,4.8794371,Nuit avec éclairage allumé,En agglomération,Intersection en X,Normale,Deux véhicules - côté,4,2,1,0,1,1,1,0,1,50,2,2,0,0,0,2,21.0,19.0,voiture,voiture,5,2,2,1,3
202000022453,2020-01-19 14:43:00,2020,1,19,14,43,64,64284,EUGENE PICHON,43.28464,-0.39222,Plein jour,En agglomération,Intersection en T,Normale,Deux véhicules - côté,4,-1,1,0,1,1,1,0,1,50,2,2,1,0,0,1,23.0,49.0,voiture,voiture,1,2,3,1,3
202000022454,2020-01-19 16:40:00,2020,1,19,16,40,59,59650,GUESDE (RUE JULES),50.7112331,3.2348675,Plein jour,En agglomération,Autre intersection,Normale,Autre collision,7,2,1,3,1,1,1,6,1,50,1,2,1,0,1,0,62.0,,voiture,,1,2,9,1,6
202000022455,2020-01-19 18:50:00,2020,1,19,18,50,59,59350,CHR OSCAR LAMBRET  METRO,50.6082644,3.0387497,Nuit avec éclairage allumé,En agglomération,Hors intersection,Normale,Autre collision,9,1,1,0,1,1,1,0,1,30,1,1,0,0,0,1,,,,,5,2,1,1,6
202000022456,2020-01-13 12:10:00,2020,1,13,12,10,59,59343,FERMES,50.58497,3.12355,Plein jour,En agglomération,Hors intersection,Normale,Deux véhicules - côté,4,2,2,0,1,1,1,0,1,50,2,2,1,0,0,1,29.0,35.0,voiture,deux_roues,1,2,1,1,3
202000022457,2020-01-19 13:40:00,2020,1,19,13,40,53,53054,RD 104 VERS LAVAL,48.09408,-0.78639,Plein jour,Hors agglomération,Hors intersection,Normale,Deux véhicules - frontale,3,2,2,0,1,2,1,0,1,80,2,2,0,0,1,1,22.0,53.0,voiture,voiture,1,1,1,1,1
202000022458,2020-01-19 20:15:00,2020,1,19,20,15,42,42119,Le Garet,45.753653,3.971799,Plein jour,En agglomération,Hors intersection,Normale,Autre collision,3,2,2,0,1,1,1,0,3,80,1,1,0,0,1,0,,,,,1,2,1,1,6
202000022459,2020-01-19 19:30:00,2020,1,19,19,30,37,37261,JEMMAPES (RUE),47.4184706,0.6838621,Nuit avec éclairage allumé,En agglomération,Giratoire,Normale,Deux véhicules - arrière,4,1,1,0,1,1,1,0,1,50,2,2,1,0,0,1,54.0,55.0,voiture,deux_roues,5,2,6,1,2
202000022460,2020-01-19 16:05:00,2020,1,19,16,5,37,37261,STENDHAL (AVENUE),47.3683967,0.7157863,Plein jour,En agglomération,Intersection en T,Normale,Deux véhicules - arrière,4,2,4,0,2,3,1,0,1,50,2,3,1,0,0,2,77.0,42.0,voiture,voiture,1,2,3,1,2
202000022461,2020-01-19 16:55:00,2020,1,19,16,55,34,34172,SOPHORAS (ALLEE DES),43.6000742,3.8696337,Plein jour,En agglomération,Hors intersection,Normale,Autre collision,4,1,1,0,1,1,1,0,1,50,1,2,1,0,1,0,46.0,,deux_roues,,1,2,1,1,6
202000022462,2020-01-18 20:00:00,2020,1,18,20,0,33,33075,AVE DU GENERAL DE GAULLE / RTE DU MEDOC,44.87353,-0.61714,Nuit avec éclairage allumé,En agglomération,Intersection en T,Pluie légère,Deux véhicules - arrière,4,2,2,0,1,1,2,5,1,50,2,2,1,0,0,1,48.0,,voiture,,5,2,3,2,2
202000022463,2020-01-18 23:40:00,2020,1,18,23,40,32,32013,ENGACHIES (ROUTE D'),43.654312,0.6130832,Nuit sans éclairage public,En agglomération,Hors intersection,Normale,Deux véhicules - frontale,4,2,1,0,4,1,1,5,1,50,2,2,1,0,0,1,31.0,24.0,utilitaire_camion,voiture,3,2,1,1,1
202000022464,2020-01-16 14:00:00,2020,1,16,14,0,29,29232,Rue Madame de Stael,47.98389,-4.07304,Plein jour,En agglomération,Giratoire,Pluie légère,Deux véhicules - côté,4,2,2,0,1,2,2,5,1,50,2,2,1,0,0,1,42.0,60.0,deux_roues,voiture,1,2,6,2,3
202000022465,2020-01-19 15:13:00,2020,1,19,15,13,29,29051,D15 - Route de Coray,48.0006865,-4.0487158,Plein jour,Hors agglomération,Intersection en T,Normale,Deux véhicules - frontale,2,1,-1,-1,2,2,1,3,1,-1,2,2,0,0,1,1,20.0,70.0,deux_roues,voiture,1,1,3,1,1
202000022466,2020-01-17 11:35:00,2020,1,17,11,35,18,18279,SOCIETE FRANCAISE (RUE DE LA),47.22611,2.05722,Plein jour,En agglomération,Hors intersection,Temps éblouissant,Deux véhicules - frontale,4,2,1,0,1,1,2,0,1,50,2,2,1,0,1,0,39.0,17.0,utilitaire_camion,deux_roues,1,2,1,7,1
202000022467,2020-01-20 00:29:00,2020,1,20,0,29,17,17449,Route de Surgères,45.966084,-0.92387,Nuit sans éclairage public,Hors agglomération,Hors intersection,Normale,Sans collision,3,2,2,0,1,1,1,0,3,80,1,1,0,0,1,0,42.0,,voiture,,3,1,1,1,7
202000022468,2020-01-19 14:30:00,2020,1,19,14,30,09,09122,RD 919,42.987266,1.615782,Plein jour,En agglomération,Autre intersection,Normale,Deux véhicules - arrière,3,1,2,0,1,1,1,5,1,50,2,2,1,0,0,1,21.0,47.0,voiture,voiture,1,2,9,1,2
202000022469,2020-01-19 11:00:00,2020,1,19,11,0,06,06027,PLAGE BOULEVARD DE LA,43.65665,7.16372,Plein jour,En agglomération,Hors intersection,Normale,Autre collision,9,1,0,1,1,1,1,0,5,10,1,2,0,1,0,1,81.0,,deux_roues,,1,2,1,1,6
202000022470,2020-01-19 04:40:00,2020,1,19,4,40,06,06123,,43.702611,7.18498,Nuit sans éclairage public,Hors agglomération,Hors intersection,Normale,Autre collision,9,1,2,0,1,1,1,0,1,110,1,2,1,1,0,0,52.0,,voiture,,3,1,1,1,6
202000022471,2020-01-18 03:45:00,2020,1,18,3,45,75,75118,RUE CAULAINCOURT,48.8885717,2.3342018,Nuit avec éclairage allumé,En agglomération,Hors intersection,Normale,Autre collision,4,2,2,0,1,1,1,0,1,50,1,1,0,0,0,1,34.0,,voiture,,5,2,1,1,6
202000022472,2020-01-19 18:05:00,2020,1,19,18,5,75,75117,PLACE GENERAL CATROUX,48.883348,2.3095104,Nuit avec éclairage allumé,En agglomération,Place,Normale,Deux véhicules - côté,4,2,2,0,1,1,1,0,1,50,2,2,1,0,0,1,52.0,40.0,deux_roues,voiture,5,2,7,1,3
202000022473,2020-01-18 16:00:00,2020,1,18,16,0,75,75116,CHAUSSEE LA MUETTE,48.8582056,2.2736976,Plein jour,En agglomération,Hors intersection,Normale,Deux véhicules - côté,4,2,4,0,1,1,1,0,1,50,2,2,1,0,0,1,32.0,56.0,deux_roues,voiture,1,2,1,1,3
202000022474,2020-01-19 13:40:00,2020,1,19,13,40,75,75115,RUE DE LA CONVENTION,48.8372327,2.296437,Plein jour,En agglomération,Intersection en X,Normale,Deux véhicules - côté,4,2,3,0,1,1,1,0,1,50,2,3,2,0,0,1,81.0,22.0,voiture,deux_roues,1,2,2,1,3
202000022475,2020-01-19 17:40:00,2020,1,19,17,40,75,75114,AVENUE DU GENERAL LECLERC,48.8277958,2.3267957,Nuit avec éclairage allumé,En agglomération,Place,Temps couvert,Autre collision,4,3,3,0,1,1,1,0,1,50,1,1,0,0,1,0,,,,,5,2,7,8,6
202000022476,2020-01-19 12:20:00,2020,1,19,12,20,75,75112,RUE DE REUILLY,48.8445785,2.3898386,Plein jour,En agglomération,Hors intersection,Normale,Autre collision,4,2,2,0,1,1,1,0,1,30,1,3,2,0,0,1,48.0,,voiture,,1,2,1,1,6
202000022477,2020-01-19 06:55:00,2020,1,19,6,55,75,75112,BOULEVARD PONIATOWSKI,48.8333956,2.4019134,Crépuscule ou aube,En agglomération,Hors intersection,Normale,Deux véhicules - côté,4,3,2,1,1,1,1,-1,5,50,2,2,1,0,0,1,32.0,36.0,deux_roues,deux_roues,2,2,1,1,3
202000022478,2020-01-18 20:45:00,2020,1,18,20,45,75,75112,AVENUE DE NOGENT,48.8442841,2.4423416,Nuit avec éclairage allumé,En agglomération,Intersection en T,Normale,Autre collision,4,2,4,0,1,1,1,0,1,50,1,3,2,0,0,1,36.0,,utilitaire_camion,,5,2,3,1,6
202000022479,2020-01-19 16:40:00,2020,1,19,16,40,75,75107,RUE SEDILLOT,48.85901,2.301593,Plein jour,En agglomération,Hors intersection,Normale,Sans collision,4,1,1,0,1,1,1,0,1,30,1,1,0,0,0,1,43.0,,deux_roues,,1,2,1,1,7
202000022480,2020-01-18 20:45:00,2020,1,18,20,45,75,75103,RUE REAUMUR,48.8662181,2.3526072,Nuit avec éclairage allumé,En agglomération,Intersection en X,Normale,Autre collision,4,1,3,0,1,1,1,0,1,50,1,1,0,0,0,1,,,,,5,2,2,1,6