accident_id,datetime,annee,mois,jour,heure,minute,departement,commune_insee,adresse,latitude,longitude,luminosite,agglomeration,intersection,meteo,collision,catr,circ,nbv,vosp,prof,plan,surf,infra,situ,vma,nb_vehicules,nb_usagers,nb_indemnes,nb_tues,nb_blesses_hosp,nb_blesses_legers,age_cond_1,age_cond_2,veh_type_cond_1,veh_type_cond_2,lum_code,agg_code,int_code,atm_code,col_code
202000022481,2020-01-19 13:15:00,2020,1,19,13,15,94,94021,JEAN MERMOZ (BD),48.77301,2.33939,Plein jour,En agglomération,Autre intersection,Normale,Sans collision,3,4,2,0,1,2,1,0,1,50,1,1,0,0,0,1,29.0,,deux_roues,,1,2,9,1,7
202000022482,2020-01-19 06:35:00,2020,1,19,6,35,94,94069,MARECHAL LECLERC (R DU),48.81826,2.43922,Nuit avec éclairage allumé,En agglomération,Hors intersection,Temps couvert,Autre collision,3,2,2,0,1,3,1,0,1,50,1,1,0,0,0,1,41.0,,voiture,,5,2,1,8,6
202000022483,2020-01-19 15:12:00,2020,1,19,15,12,93,93053,REPUBLIQUE (BLD DE LA) N°,48.8956,2.4614,Plein jour,En agglomération,Hors intersection,Normale,Autre collision,4,2,2,0,1,1,1,0,1,50,1,2,1,0,0,1,56.0,,voiture,,1,2,1,1,6
202000022484,2020-01-18 23:05:00,2020,1,18,23,5,93,93001,R BENGALI ,48.917171,2.368786,Nuit sans éclairage public,En agglomération,Hors intersection,Temps couvert,Autre collision,4,1,1,0,1,1,1,0,1,50,1,2,1,0,0,1,27.0,,utilitaire_camion,,3,2,1,8,6
202000022485,2020-01-19 02:45:00,2020,1,19,2,45,92,92073,SELLIER (BOULEVARD HENRI),48.8656062,2.2196299,Nuit avec éclairage allumé,En agglomération,Hors intersection,Normale,Deux véhicules - arrière,3,3,4,0,2,1,1,0,1,50,2,2,0,0,1,1,34.0,,deux_roues,,5,2,1,1,2
202000022486,2020-01-19 23:05:00,2020,1,19,23,5,92,92051,"BINEAU (BOULEVARD, N°133 A 217 ET 134 A",48.8875111,2.2785124,Nuit avec éclairage allumé,En agglomération,Intersection en X,Normale,Deux véhicules - côté,3,4,5,3,1,1,1,5,1,50,2,2,1,0,0,1,32.0,46.0,deux_roues,voiture,5,2,2,1,3
202000022487,2020-01-19 16:05:00,2020,1,19,16,5,92,92051,SAINTE FOY (AVENUE),48.88544,2.26717,Plein jour,En agglomération,Hors intersection,Normale,Autre collision,4,1,1,0,1,1,1,0,1,50,1,2,1,0,0,1,27.0,,voiture,,1,2,1,1,6
202000022488,2020-01-19 12:35:00,2020,1,19,12,35,92,92040,ILES (BOULEVARD DES),48.8217472,2.2499844,Plein jour,En agglomération,Giratoire,Normale,Deux véhicules - côté,3,1,3,0,1,1,1,0,1,50,2,2,1,0,0,1,83.0,37.0,voiture,deux_roues,1,2,6,1,3
202000022489,2020-01-16 20:30:00,2020,1,16,20,30,974,97418,Route Nationale 2,-20.899841,55.525299,Crépuscule ou aube,Hors agglomération,Hors intersection,Normale,Deux véhicules - arrière,2,2,2,0,2,1,2,0,1,70,2,2,1,0,1,0,49.0,54.0,deux_roues,voiture,2,1,1,1,2
202000022490,2020-01-19 19:30:00,2020,1,19,19,30,37,37155,43 Rue du Commerce,47.6506798,0.8368114,Nuit sans éclairage public,En agglomération,Hors intersection,Normale,Autre collision,3,2,2,0,1,1,1,0,1,50,1,1,0,1,0,0,77.0,,utilitaire_camion,,3,2,1,1,6
202000022491,2020-01-11 11:10:00,2020,1,11,11,10,47,47169,Route Nationale 21,44.1560227,0.6273555,Plein jour,Hors agglomération,Hors intersection,Temps éblouissant,Deux véhicules - arrière,2,2,2,0,4,1,1,0,1,80,2,2,1,0,1,0,87.0,48.0,voiture,deux_roues,1,1,1,7,2
202000022492,2020-01-18 15:30:00,2020,1,18,15,30,43,43040,Rue de la Poudrière,45.2823453,3.3888531,Plein jour,Hors agglomération,Hors intersection,Normale,Autre collision,4,-1,1,0,2,1,6,0,8,-1,1,1,0,0,1,0,21.0,,deux_roues,,1,1,1,1,6
202000022493,2020-01-14 17:50:00,2020,1,14,17,50,68,68249,12 Rue du Faude,48.127599,7.163287,Nuit sans éclairage public,En agglomération,Intersection en Y,Normale,Autre collision,4,2,2,0,2,1,1,0,1,50,1,2,1,0,1,0,41.0,,voiture,,3,2,4,1,6
202000022494,2020-01-19 18:15:00,2020,1,19,18,15,972,97210,Chemin Casse Cou,14.632996,-60.935135,Nuit sans éclairage public,Hors agglomération,Hors intersection,Normale,Sans collision,4,-1,2,0,2,1,1,0,8,-1,1,1,0,0,1,0,36.0,,voiture,,3,1,1,1,7
202000022495,2020-01-19 11:00:00,2020,1,19,11,0,22,22339,RN 176 PK/PR 011+600,48.469716,-2.058115,Plein jour,Hors agglomération,Hors intersection,Normale,Sans collision,2,3,4,0,1,3,7,0,3,110,1,5,3,0,1,1,32.0,,voiture,,1,1,1,1,7
202000022496,2020-01-18 13:00:00,2020,1,18,13,0,971,97133,D6,15.961316,-61.70787,Plein jour,Hors agglomération,Hors intersection,Normale,Deux véhicules - frontale,3,2,2,3,1,2,1,0,1,70,2,3,1,1,0,1,21.0,47.0,deux_roues,voiture,1,1,1,1,1
202000022497,2020-01-20 08:45:00,2020,1,20,8,45,69,69100,Rue d'Yvours,45.69237,4.827553,Plein jour,En agglomération,Hors intersection,Normale,Deux véhicules - côté,3,2,2,0,1,1,1,0,1,50,2,2,1,0,0,1,35.0,36.0,voiture,deux_roues,1,2,1,1,3
202000022498,2020-01-16 14:45:00,2020,1,16,14,45,51,51549,D994,48.9410173,4.7428764,Plein jour,Hors agglomération,Autre intersection,Normale,Deux véhicules - côté,3,2,2,0,4,1,1,9,1,80,2,2,1,0,1,0,68.0,46.0,voiture,deux_roues,1,1,9,1,3
202000022499,2020-01-19 18:30:00,2020,1,19,18,30,56,56194,D114,47.613603,-2.111757,Nuit sans éclairage public,Hors agglomération,Hors intersection,Normale,Trois véhicules et plus - en chaîne,3,2,2,0,1,1,1,0,1,80,3,3,2,0,1,0,38.0,35.0,deux_roues,voiture,3,1,1,1,4
202000022500,2020-01-20 08:05:00,2020,1,20,8,5,77,77321,D411,48.4039123,3.2265649,Plein jour,Hors agglomération,Intersection en X,Normale,Deux véhicules - arrière,3,2,2,0,1,1,1,0,1,80,2,2,1,0,0,1,30.0,39.0,voiture,voiture,1,1,2,1,2
202000022501,2020-01-20 06:15:00,2020,1,20,6,15,79,79195,,46.918969,-0.57172,Nuit sans éclairage public,Hors agglomération,Hors intersection,Autre,Sans collision,3,2,2,0,2,3,7,0,8,80,1,1,0,0,0,1,41.0,,voiture,,3,1,1,9,7
202000022502,2020-01-20 07:55:00,2020,1,20,7,55,89,89276,19 Route de Troyes,48.042838,3.79276,Crépuscule ou aube,En agglomération,Hors intersection,Normale,Autre collision,2,2,2,0,2,1,1,0,1,50,1,2,1,0,0,1,20.0,,voiture,,2,2,1,1,6
202000022503,2020-01-20 07:40:00,2020,1,20,7,40,89,89200,Route de Chablis,47.9292482,3.6182597,Crépuscule ou aube,Hors agglomération,Hors intersection,Autre,Deux véhicules - frontale,3,2,2,0,1,2,7,0,1,80,2,2,0,0,1,1,21.0,28.0,voiture,voiture,2,1,1,9,1
202000022504,2020-01-11 20:30:00,2020,1,11,20,30,49,49046,67 Rue de l'Amiral Maillé-brézé,47.180031,-0.06055,Nuit sans éclairage public,Hors agglomération,Intersection en X,Normale,Deux véhicules - côté,3,2,2,0,1,1,1,5,1,80,2,3,2,0,0,1,83.0,52.0,voiture,voiture,3,1,2,1,3
202000022505,2020-01-19 04:00:00,2020,1,19,4,0,68,68378,2a Rue Principale,47.637081,7.112349,Nuit avec éclairage allumé,En agglomération,Hors intersection,Normale,Autre collision,3,2,2,0,1,1,2,2,4,50,1,1,0,0,0,1,20.0,,voiture,,5,2,1,1,6
202000022506,2020-01-20 08:25:00,2020,1,20,8,25,25,25258,RD 67,47.232599,5.905424,Plein jour,Hors agglomération,Hors intersection,Normale,Deux véhicules - frontale,3,2,2,0,1,1,1,0,1,80,2,3,0,0,1,2,30.0,22.0,voiture,voiture,1,1,1,1,1
202000022507,2020-01-19 16:30:00,2020,1,19,16,30,29,29201,D67 - Lieu Dit Kergounan,48.380514,-4.711967,Plein jour,Hors agglomération,Intersection en X,Normale,Deux véhicules - côté,3,2,2,0,1,1,1,5,3,80,2,4,0,1,1,2,76.0,76.0,voiture,voiture,1,1,2,1,3
202000022508,2020-01-20 04:20:00,2020,1,20,4,20,54,54205,N4,48.670453,5.79232,Nuit sans éclairage public,Hors agglomération,Hors intersection,Normale,Sans collision,2,3,4,0,1,1,2,0,1,110,1,5,2,0,0,3,20.0,,voiture,,3,1,1,1,7
202000022509,2020-01-20 07:15:00,2020,1,20,7,15,14,14305,D163,49.292427,-0.010182,Nuit sans éclairage public,Hors agglomération,Hors intersection,Normale,Autre collision,3,2,2,0,1,1,7,0,3,80,1,1,0,0,0,1,35.0,,voiture,,3,1,1,1,6
202000022510,2020-01-17 19:30:00,2020,1,17,19,30,05,05072,N85,44.642534,6.08466,Nuit sans éclairage public,Hors agglomération,Hors intersection,Autre,Sans collision,2,2,2,0,2,2,7,0,3,80,1,4,3,0,1,0,31.0,,voiture,,3,1,1,9,7
202000022511,2020-07-10 09:55:00,2020,7,10,9,55,13,13001,PONTIER HENRI (AV),43.53297,5.4398,Plein jour,En agglomération,Intersection en X,Normale,Deux véhicules - côté,4,2,2,3,1,1,1,5,1,50,2,2,1,0,0,1,72.0,37.0,deux_roues,utilitaire_camion,1,2,2,1,3
202000022512,2020-07-10 22:54:00,2020,7,10,22,54,10,10387,JULES GUESDE (RUE),48.2882,4.08104,Nuit avec éclairage allumé,En agglomération,Autre intersection,Normale,Sans collision,4,1,1,0,1,3,1,0,1,50,1,1,0,0,0,1,27.0,,deux_roues,,5,2,9,1,7
202000022513,2020-07-09 12:20:00,2020,7,9,12,20,10,10357,GENERAL DE GAULLE (RUE DU),48.29694,4.12948,Plein jour,En agglomération,Hors intersection,Normale,Deux véhicules - côté,4,-1,0,0,1,1,1,9,8,50,2,3,2,0,0,1,29.0,68.0,voiture,voiture,1,2,1,1,3
202000022514,2020-07-02 20:00:00,2020,7,2,20,0,09,09122,LAKANAL (AVENUE),42.958578,1.606186,Plein jour,En agglomération,Hors intersection,Pluie légère,Deux véhicules - frontale,3,-1,2,0,2,3,2,0,1,50,2,3,0,0,1,2,25.0,34.0,voiture,voiture,1,2,1,2,1
202000022515,2020-07-10 21:45:00,2020,7,10,21,45,06,06069,RENOIR (AVENUE AUGUSTE),43.681497,6.959738,Nuit avec éclairage allumé,En agglomération,Autre intersection,Normale,Autre collision,3,2,2,0,1,2,1,0,1,50,1,1,0,0,0,1,63.0,,voiture,,5,2,9,1,6
202000022516,2020-07-10 16:35:00,2020,7,10,16,35,06,06123,LECLERC GENERAL AVENUE,43.673868,7.189824,Plein jour,En agglomération,Hors intersection,Normale,Autre collision,4,2,2,0,1,1,1,0,1,50,1,3,2,0,0,1,43.0,,utilitaire_camion,,1,2,1,1,6
202000022517,2020-07-10 08:30:00,2020,7,10,8,30,06,06027,NICE AVENUE DE (RN7),43.65791,7.159506,Plein jour,En agglomération,Hors intersection,Normale,Deux véhicules - côté,4,2,3,0,1,1,1,0,1,50,2,2,1,0,0,1,38.0,37.0,utilitaire_camion,deux_roues,1,2,1,1,3
202000022518,2020-07-08 09:15:00,2020,7,8,9,15,06,06027,VERDUN AVENUE DE,43.666965,7.141727,Plein jour,En agglomération,Giratoire,Normale,Deux véhicules - côté,4,1,2,0,1,2,1,5,1,50,2,2,1,0,1,0,28.0,37.0,voiture,deux_roues,1,2,6,1,3
202000022519,2020-07-02 17:48:00,2020,7,2,17,48,05,05061,CHARLES AUROUZE ( RUE ),44.562064,6.077833,Plein jour,En agglomération,Giratoire,Normale,Autre collision,4,1,1,0,1,1,1,0,1,50,1,2,1,0,0,1,28.0,,voiture,,1,2,6,1,6
202000022520,2020-07-09 08:10:00,2020,7,9,8,10,75,75116,BOULEVARD PERIPHERIQUE,48.834928,2.262709,Plein jour,En agglomération,Hors intersection,Normale,Deux véhicules - côté,4,1,4,0,1,1,1,0,1,70,2,2,1,0,0,1,23.0,54.0,voiture,deux_roues,1,2,1,1,3
202000022521,2020-06-30 22:18:00,2020,6,30,22,18,75,75106,BOULEVARD SAINT MICHEL,48.849887,2.342364,Nuit avec éclairage allumé,En agglomération,Hors intersection,Normale,Autre collision,4,1,3,0,1,1,1,0,1,50,1,1,0,1,0,0,,,,,5,2,1,1,6
202000022522,2020-07-10 10:20:00,2020,7,10,10,20,75,75120,RUE BELGRAND,48.864681,2.404142,Plein jour,En agglomération,Intersection en X,Normale,Deux véhicules - côté,4,2,2,0,1,1,1,0,1,50,2,2,1,0,0,1,55.0,62.0,voiture,deux_roues,1,2,2,1,3
202000022523,2020-07-10 22:25:00,2020,7,10,22,25,75,75117,RUE DE SAUSSURE,48.890101,2.304927,Nuit avec éclairage allumé,En agglomération,Intersection en T,Normale,Deux véhicules - côté,4,1,2,0,1,3,1,0,1,50,2,3,2,0,0,1,45.0,31.0,voiture,deux_roues,5,2,3,1,3
202000022524,2020-07-10 12:20:00,2020,7,10,12,20,75,75108,BOULEVARD DES BATIGNOLLES,48.882216,2.320348,Plein jour,En agglomération,Intersection en X,Normale,Deux véhicules - côté,4,3,2,1,1,1,1,-1,5,50,2,1,0,0,0,1,52.0,,deux_roues,,1,2,2,1,3
202000022525,2020-07-09 09:08:00,2020,7,9,9,8,75,75116,ROUTE DE SEVRES A NEUILLY,48.862279,2.238304,Plein jour,En agglomération,Intersection en X,Normale,Deux véhicules - côté,4,2,2,0,1,1,1,0,1,50,2,2,1,0,0,1,52.0,30.0,deux_roues,voiture,1,2,2,1,3
202000022526,2020-07-08 22:28:00,2020,7,8,22,28,75,75116,ALLEE DE LONGCHAMP,48.870816,2.259681,Nuit avec éclairage allumé,En agglomération,Hors intersection,Normale,Deux véhicules - arrière,4,-1,2,0,1,1,1,9,1,50,2,3,2,0,1,0,33.0,46.0,voiture,voiture,5,2,1,1,2
202000022527,2020-07-10 16:38:00,2020,7,10,16,38,75,75115,QUAI D ISSY LES MOULINEAUX,48.836556,2.267939,Plein jour,En agglomération,Intersection en Y,Normale,Autre collision,4,3,2,0,2,3,1,0,1,50,1,1,0,0,0,1,71.0,,deux_roues,,1,2,4,1,6
202000022528,2020-07-10 12:20:00,2020,7,10,12,20,75,75115,RUE DE LA FEDERATION,48.853798,2.294166,Plein jour,En agglomération,Intersection en X,Normale,Deux véhicules - côté,4,1,1,0,1,1,1,0,1,50,2,2,1,0,0,1,49.0,38.0,deux_roues,voiture,1,2,2,1,3
202000022529,2020-07-09 21:40:00,2020,7,9,21,40,75,75115,QUAI ANDRE CITROEN,48.843858,2.275136,Nuit avec éclairage allumé,En agglomération,Hors intersection,Normale,Deux véhicules - côté,4,2,4,0,1,1,1,0,1,50,2,2,1,0,0,1,36.0,47.0,transport_commun,deux_roues,5,2,1,1,3
202000022530,2020-07-10 12:25:00,2020,7,10,12,25,75,75114,AVENUE PIERRE MASSE,48.818087,2.333014,Plein jour,En agglomération,Hors intersection,Normale,Autre collision,4,1,1,0,1,1,1,8,1,50,1,1,0,0,0,1,18.0,,deux_roues,,1,2,1,1,6
202000022531,2020-07-09 19:00:00,2020,7,9,19,0,75,75113,AVENUE D ITALIE,48.822207,2.358523,Plein jour,En agglomération,Intersection en X,Normale,Deux véhicules - côté,4,2,4,0,1,1,1,0,1,50,2,2,1,0,0,1,54.0,27.0,deux_roues,utilitaire_camion,1,2,2,1,3
202000022532,2020-07-09 12:25:00,2020,7,9,12,25,75,75112,AVENUE DE SAINT MANDE,48.844745,2.404882,Plein jour,En agglomération,Hors intersection,Normale,Deux véhicules - côté,4,2,2,1,2,1,1,-1,5,50,2,2,1,0,0,1,41.0,36.0,voiture,deux_roues,1,2,1,1,3
202000022533,2020-07-10 13:15:00,2020,7,10,13,15,75,75111,RUE RICHARD LENOIR,48.855205,2.381972,Plein jour,En agglomération,Hors intersection,Normale,Deux véhicules - côté,4,2,2,1,1,1,1,-1,5,30,2,1,0,0,0,1,55.0,,deux_roues,,1,2,1,1,3
202000022534,2020-07-10 16:05:00,2020,7,10,16,5,75,75108,AVENUE DE FRIEDLAND,48.874231,2.299546,Plein jour,En agglomération,Intersection en Y,Normale,Deux véhicules - côté,4,2,4,0,2,1,1,0,1,50,2,2,1,0,0,1,31.0,39.0,voiture,deux_roues,1,2,4,1,3
202000022535,2020-07-10 01:40:00,2020,7,10,1,40,75,75108,AVENUE DES CHAMPS ELYSEES,48.870092,2.306672,Nuit avec éclairage allumé,En agglomération,Intersection en T,Normale,Autre collision,4,2,8,0,1,1,1,0,1,50,1,2,1,0,0,1,21.0,,voiture,,5,2,3,1,6
202000022536,2020-07-10 17:00:00,2020,7,10,17,0,75,75104,RUE DE RIVOLI,48.855229,2.361113,Plein jour,En agglomération,Intersection en T,Temps couvert,Autre collision,4,2,3,1,1,1,1,-1,5,50,1,1,0,0,0,1,77.0,,deux_roues,,1,2,3,8,6
202000022537,2020-07-10 14:35:00,2020,7,10,14,35,75,75104,RUE DES FRANCS BOURGEOIS,48.8563,2.364939,Plein jour,En agglomération,Place,Normale,Deux véhicules - côté,4,1,1,0,1,1,1,0,1,30,2,2,1,0,0,1,74.0,54.0,deux_roues,transport_commun,1,2,7,1,3
202000022538,2020-07-10 11:15:00,2020,7,10,11,15,94,94078,PRESIDENT JOHN FITZGERALD KENNEDY (AV DU,48.737,2.469,Plein jour,En agglomération,Hors intersection,Normale,Deux véhicules - arrière,3,2,2,0,1,1,1,0,1,50,2,2,1,0,0,1,40.0,32.0,voiture,voiture,1,2,1,1,2
202000022539,2020-07-08 11:30:00,2020,7,8,11,30,94,94046,GABRIEL PERI (R),48.812441,2.437531,Plein jour,En agglomération,Hors intersection,Normale,Sans collision,4,1,1,0,1,1,1,0,1,50,1,1,0,0,0,1,71.0,,voiture,,1,2,1,1,7
202000022540,2020-07-10 18:00:00,2020,7,10,18,0,94,94003,PAUL VAILLANT COUTURIER (AV),48.800892,2.340831,Plein jour,En agglomération,Hors intersection,Normale,Deux véhicules - côté,3,1,2,0,2,1,1,0,1,50,2,2,1,0,0,1,30.0,42.0,deux_roues,voiture,1,2,1,1,3
202000022541,2020-07-08 21:15:00,2020,7,8,21,15,94,94016,VATIER (AV),48.78895,2.33191,Plein jour,En agglomération,Intersection en T,Normale,Deux véhicules - côté,4,2,2,0,1,1,1,5,1,50,2,2,1,0,0,1,49.0,15.0,voiture,autre,1,2,3,1,3
202000022542,2020-07-10 18:20:00,2020,7,10,18,20,94,94021,STALINGRAD (AV DE),48.77165,2.36773,Plein jour,En agglomération,Hors intersection,Normale,Deux véhicules - côté,3,1,4,1,1,1,1,6,5,50,2,3,2,0,0,1,26.0,17.0,deux_roues,utilitaire_camion,1,2,1,1,3
202000022543,2020-07-10 12:40:00,2020,7,10,12,40,94,94028,CASALIS.(AVE DU DR PAUL),48.78027,2.47176,Plein jour,En agglomération,Autre intersection,Normale,Autre collision,4,-1,2,0,1,1,1,9,1,50,1,2,1,0,1,0,45.0,,voiture,,1,2,9,1,6
202000022544,2020-07-10 10:40:00,2020,7,10,10,40,94,94077,JARDINS (R DES),48.73815,2.425531,Plein jour,En agglomération,Intersection en X,Normale,Deux véhicules - arrière,4,4,2,0,1,1,1,0,1,30,2,1,0,0,1,0,57.0,,voiture,,1,2,2,1,2
202000022545,2020-07-10 01:15:00,2020,7,10,1,15,93,93001,VICTOR HUGO (AVE)  131 A 165,48.9086235,2.3780076,Nuit avec éclairage non allumé,En agglomération,Giratoire,Normale,,3,3,2,0,1,1,1,0,1,50,2,1,0,0,1,0,29.0,,autre,,4,2,6,1,-1
202000022546,2020-07-08 18:50:00,2020,7,8,18,50,93,93066,"""LANDY RD 20, NR IMPAIRS 1 A 144""",48.9151608,2.3501098,Plein jour,En agglomération,Hors intersection,Normale,Trois véhicules et plus - collisions multiples,3,2,4,2,1,1,1,9,1,50,3,2,1,0,0,1,37.0,29.0,deux_roues,voiture,1,2,1,1,5
202000022547,2020-07-10 15:40:00,2020,7,10,15,40,93,93048,CHANZY S3 (BOULEVARD),48.8585839,2.4302421,Plein jour,En agglomération,Hors intersection,Normale,Deux véhicules - frontale,3,4,1,0,1,1,1,0,1,50,2,2,1,0,0,1,42.0,36.0,voiture,deux_roues,1,2,1,1,1
202000022548,2020-07-10 10:40:00,2020,7,10,10,40,93,93048,LEON LOISEAU (RUE),48.8708527,2.4384834,Plein jour,En agglomération,Intersection en T,Temps couvert,Deux véhicules - côté,4,1,1,1,2,1,1,0,1,50,2,2,1,0,0,1,48.0,41.0,deux_roues,deux_roues,1,2,3,8,3
202000022549,2020-07-10 00:30:00,2020,7,10,0,30,93,93048,Rue du Prefet Claude Erignac,48.84948,2.41756,Nuit avec éclairage allumé,En agglomération,Autre intersection,Normale,Deux véhicules - frontale,4,2,2,2,1,1,1,0,1,50,2,2,1,0,1,0,28.0,46.0,autre,voiture,5,2,9,1,1
202000022550,2020-07-10 10:10:00,2020,7,10,10,10,93,93006,CAPSULERIE RUE DE LA,48.8636163,2.4200133,Plein jour,En agglomération,Hors intersection,Normale,Autre collision,4,2,2,0,1,1,1,0,1,50,1,2,1,0,0,1,23.0,,voiture,,1,2,1,1,6
202000022551,2020-07-10 12:30:00,2020,7,10,12,30,93,93014,AV DE SEVIGNE / ALL MARCEL PAUL,48.911423,2.54942,Plein jour,En agglomération,Intersection en X,Normale,Autre collision,3,2,3,0,3,1,1,5,6,30,1,1,0,0,0,1,,,,,1,2,2,1,6
202000022552,2020-07-10 18:00:00,2020,7,10,18,0,93,93005,MITRY [CD115] (ROUTE DE),48.9461209,2.5104586,Plein jour,En agglomération,Hors intersection,Normale,Autre collision,3,2,2,0,1,1,1,0,1,50,1,2,1,0,0,1,28.0,,deux_roues,,1,2,1,1,6
202000022553,2020-07-09 20:15:00,2020,7,9,20,15,92,92063,BONAPARTE (AVENUE NAPOLEON) NORD,48.875864,2.1698162,Plein jour,En agglomération,Hors intersection,Normale,Deux véhicules - arrière,3,3,4,0,1,1,1,0,1,50,2,2,1,0,0,1,58.0,24.0,voiture,deux_roues,1,2,1,1,2
202000022554,2020-07-09 19:40:00,2020,7,9,19,40,92,92050,CHAMPS PIERREUX AVENUE DES,48.8908159,2.215797,Plein jour,En agglomération,Intersection en T,Normale,Deux véhicules - côté,4,2,2,0,1,1,1,9,1,50,2,3,2,0,0,1,56.0,25.0,deux_roues,voiture,1,2,3,1,3
202000022555,2020-07-10 13:20:00,2020,7,10,13,20,92,92025,AUDRA (AV),48.927407,2.247015,Plein jour,En agglomération,Intersection en X,Normale,Deux véhicules - côté,3,2,2,0,1,1,1,0,1,50,2,2,1,0,0,1,49.0,47.0,deux_roues,utilitaire_camion,1,2,2,1,3
202000022556,2020-07-11 14:45:00,2020,7,11,14,45,50,50027,La Pigousterie,48.687901,-1.438415,Plein jour,Hors agglomération,Intersection en X,Normale,Deux véhicules - côté,3,2,2,0,1,1,1,5,1,80,2,2,1,0,1,0,52.0,50.0,voiture,deux_roues,1,1,2,1,3
202000022557,2020-07-10 15:10:00,2020,7,10,15,10,86,86182,D757,46.864602,0.321473,Plein jour,Hors agglomération,Hors intersection,Normale,Sans collision,3,2,2,0,2,1,1,0,1,80,1,1,0,1,0,0,68.0,,deux_roues,,1,1,1,1,7
202000022558,2020-07-11 03:50:00,2020,7,11,3,50,67,67426,RD 424 - PK 21+700,48.351005,7.284665,Nuit sans éclairage public,Hors agglomération,Hors intersection,Temps couvert,Sans collision,3,2,2,0,2,1,1,0,1,80,1,1,0,0,1,0,18.0,,deux_roues,,3,1,1,8,7
202000022559,2020-07-10 10:45:00,2020,7,10,10,45,26,26002,1410 Route de Marcoz,45.241207,4.826104,Plein jour,Hors agglomération,Intersection en Y,Normale,Deux véhicules - côté,3,2,2,0,1,1,1,0,1,-1,2,5,4,0,1,0,82.0,32.0,voiture,voiture,1,1,4,1,3
202000022560,2020-07-07 19:25:00,2020,7,7,19,25,62,62176,D146,50.512471,1.732557,Plein jour,En agglomération,Intersection en T,Normale,Deux véhicules - côté,3,4,2,0,1,3,1,0,1,50,2,2,1,0,1,0,38.0,15.0,utilitaire_camion,deux_roues,1,2,3,1,3
202000022561,2020-07-10 21:00:00,2020,7,10,21,0,56,56033,Cateneuc,47.819063,-2.121171,Plein jour,Hors agglomération,Hors intersection,Normale,Deux véhicules - arrière,4,2,2,0,1,1,1,0,1,80,2,1,0,0,1,0,71.0,,deux_roues,,1,1,1,1,2
202000022562,2020-07-10 18:45:00,2020,7,10,18,45,56,56040,Lieu-dit Kersalo,47.834041,-3.374482,Plein jour,Hors agglomération,Hors intersection,Normale,Trois véhicules et plus - collisions multiples,3,2,2,0,2,1,1,0,1,70,3,3,1,0,1,1,19.0,32.0,utilitaire_camion,voiture,1,1,1,1,5
202000022563,2020-07-11 15:45:00,2020,7,11,15,45,74,74109,2950 Route d'Annecy,46.090812,5.834105,Plein jour,Hors agglomération,Hors intersection,Normale,Deux véhicules - frontale,3,2,2,0,2,1,1,0,1,80,2,2,0,0,1,1,67.0,31.0,voiture,voiture,1,1,1,1,1
202000022564,2020-07-11 10:30:00,2020,7,11,10,30,74,74068,8 Rue du Mont Blanc,46.061488,5.867933,Plein jour,Hors agglomération,Autre intersection,Normale,Deux véhicules - arrière,3,2,2,0,1,1,1,0,1,80,2,2,1,0,0,1,18.0,78.0,deux_roues,voiture,1,1,9,1,2
202000022565,2020-07-11 11:55:00,2020,7,11,11,55,76,76152,D6,49.590903,1.210819,Plein jour,Hors agglomération,Hors intersection,Normale,Deux véhicules - arrière,3,2,2,0,1,1,1,0,1,80,2,2,1,0,0,1,31.0,89.0,deux_roues,voiture,1,1,1,1,2
202000022566,2020-07-10 22:30:00,2020,7,10,22,30,79,79171,20 Rue de la Croix d'Ingand,46.977478,-0.277094,Nuit avec éclairage allumé,En agglomération,Intersection en X,Normale,Autre collision,3,2,2,0,1,2,1,0,1,50,1,1,0,0,1,0,23.0,,voiture,,5,2,2,1,6
202000022567,2020-07-11 03:30:00,2020,7,11,3,30,80,80458,D929,49.956787,2.489563,Nuit sans éclairage public,Hors agglomération,Hors intersection,Normale,Deux véhicules - frontale,3,2,2,0,1,1,1,0,1,80,2,2,0,0,2,0,49.0,21.0,voiture,voiture,3,1,1,1,1
202000022568,2020-07-10 23:25:00,2020,7,10,23,25,65,65330,14 Route de la Fontaine,43.424009,0.035904,Nuit sans éclairage public,En agglomération,Hors intersection,Normale,Deux véhicules - frontale,3,2,2,0,1,3,1,0,1,50,2,2,1,0,1,0,32.0,68.0,voiture,voiture,3,2,1,1,1
202000022569,2020-07-11 04:10:00,2020,7,11,4,10,32,32100,D931,43.878129,0.172091,Nuit sans éclairage public,Hors agglomération,Hors intersection,Normale,Autre collision,3,2,2,0,2,1,1,0,3,80,1,1,0,0,1,0,19.0,,voiture,,3,1,1,1,6
202000022570,2020-07-10 16:35:00,2020,7,10,16,35,32,32147,Chemin du Pont au Lait,43.625681,0.868853,Plein jour,Hors agglomération,Hors intersection,Normale,Deux véhicules - arrière,4,2,2,0,1,1,1,0,1,-1,2,2,1,0,1,0,44.0,14.0,voiture,deux_roues,1,1,1,1,2
202000022571,2020-07-10 16:15:00,2020,7,10,16,15,11,11124,D611,43.009927,2.828786,Plein jour,Hors agglomération,Hors intersection,Normale,Deux véhicules - frontale,3,2,2,0,1,3,1,0,1,80,2,3,2,0,0,1,29.0,29.0,voiture,voiture,1,1,1,1,1
202000022572,2020-07-11 16:40:00,2020,7,11,16,40,89,89456,257 Rue du Marchais,48.30228,3.18258,Plein jour,Hors agglomération,Intersection en T,Normale,Deux véhicules - côté,3,2,2,0,1,3,1,0,1,80,2,5,4,1,0,0,64.0,64.0,deux_roues,voiture,1,1,3,1,3