accident_id,datetime,annee,mois,jour,heure,minute,departement,commune_insee,adresse,latitude,longitude,luminosite,agglomeration,intersection,meteo,collision,catr,circ,nbv,vosp,prof,plan,surf,infra,situ,vma,nb_vehicules,nb_usagers,nb_indemnes,nb_tues,nb_blesses_hosp,nb_blesses_legers,age_cond_1,age_cond_2,veh_type_cond_1,veh_type_cond_2,lum_code,agg_code,int_code,atm_code,col_code
202000022573,2020-07-10 21:50:00,2020,7,10,21,50,49,49205,4 Place Jean Bourre,47.758328,-0.491349,Crépuscule ou aube,En agglomération,Intersection en T,Normale,Deux véhicules - côté,3,2,2,0,1,1,1,0,1,50,2,2,1,0,1,0,23.0,57.0,voiture,deux_roues,2,2,3,1,3
202000022574,2020-07-04 15:00:00,2020,7,4,15,0,49,49088,D771,47.7770915,-1.0973027,Plein jour,Hors agglomération,Hors intersection,Normale,Deux véhicules - côté,3,2,2,0,2,1,1,0,1,80,2,2,1,0,0,1,33.0,61.0,utilitaire_camion,deux_roues,1,1,1,1,3
202000022575,2020-07-11 06:30:00,2020,7,11,6,30,49,49060,L'Epinay,47.188604,-0.020256,Plein jour,Hors agglomération,Hors intersection,Normale,Sans collision,3,2,2,0,1,2,1,0,3,80,1,4,0,0,2,2,23.0,,voiture,,1,1,1,1,7
202000022576,2020-07-10 19:55:00,2020,7,10,19,55,39,39560,,46.361253,5.861265,Plein jour,En agglomération,Hors intersection,Normale,Autre collision,3,2,2,0,2,1,1,0,1,50,1,5,0,0,3,2,17.0,,voiture,,1,2,1,1,6
202000022577,2020-07-11 12:15:00,2020,7,11,12,15,39,39526,,47.031148,5.405751,Plein jour,Hors agglomération,Hors intersection,Normale,Deux véhicules - arrière,3,2,2,0,1,1,1,0,1,80,2,2,1,0,1,0,49.0,49.0,deux_roues,deux_roues,1,1,1,1,2
202000022578,2020-07-11 10:15:00,2020,7,11,10,15,39,39016,Arinthod - 8 Rue du Sauvieux,46.396628,5.56772,Plein jour,En agglomération,Hors intersection,Normale,Autre collision,4,2,2,0,1,1,1,0,1,50,1,2,1,0,1,0,67.0,,voiture,,1,2,1,1,6
202000022579,2020-07-10 17:30:00,2020,7,10,17,30,25,25321,Les Vergers,47.068792,6.678588,Plein jour,En agglomération,Intersection en T,Normale,Deux véhicules - côté,3,2,2,0,2,1,1,5,1,30,2,2,1,0,1,0,29.0,17.0,voiture,deux_roues,1,2,3,1,3
202000022580,2020-07-08 18:00:00,2020,7,8,18,0,35,35095,Place Toullier,48.54947,-1.756536,Plein jour,En agglomération,Giratoire,Normale,Deux véhicules - côté,3,2,2,-1,1,2,1,0,1,50,2,2,1,0,0,1,30.0,75.0,voiture,deux_roues,1,2,6,1,3
202000022581,2020-06-30 16:30:00,2020,6,30,16,30,35,35284,5 Place de l'Eglise,48.5989834,-1.9729578,Plein jour,En agglomération,Hors intersection,Normale,Autre collision,3,2,2,0,1,3,1,0,1,50,1,2,1,0,1,0,19.0,,utilitaire_camion,,1,2,1,1,6
202000022582,2020-07-11 10:45:00,2020,7,11,10,45,29,29004,Place de la Liberté (Parking),47.932544,-3.700215,Plein jour,En agglomération,Hors intersection,Normale,Deux véhicules - côté,4,1,1,0,1,1,1,0,1,50,2,2,1,0,1,0,57.0,14.0,voiture,deux_roues,1,2,1,1,3
202000022583,2020-07-08 16:40:00,2020,7,8,16,40,31,31377,Départementale 97,43.431641,1.695516,Plein jour,En agglomération,Hors intersection,Normale,Deux véhicules - frontale,3,2,2,0,2,2,1,0,1,50,2,2,1,0,1,0,64.0,47.0,deux_roues,voiture,1,2,1,1,1
202000022584,2020-07-11 16:45:00,2020,7,11,16,45,02,02550,D19,49.473269,3.680356,Plein jour,Hors agglomération,Hors intersection,Normale,Sans collision,3,2,2,0,1,1,1,0,1,80,1,1,0,0,0,1,14.0,,deux_roues,,1,1,1,1,7
202000022585,2020-07-10 21:45:00,2020,7,10,21,45,84,84072,2033 Route de Mormoiron,44.051486,5.154374,Nuit sans éclairage public,Hors agglomération,Hors intersection,Normale,Deux véhicules - frontale,3,2,2,0,1,2,1,0,1,80,2,4,0,0,2,2,34.0,57.0,voiture,voiture,3,1,1,1,1
202000022586,2020-07-10 21:30:00,2020,7,10,21,30,03,03060,Route de Saint-pourçain,46.1634837,3.3936174,Crépuscule ou aube,En agglomération,Hors intersection,Normale,Deux véhicules - frontale,3,2,2,0,1,1,1,9,1,50,2,5,4,1,0,0,33.0,46.0,deux_roues,voiture,2,2,1,1,1
202000022587,2020-07-11 12:10:00,2020,7,11,12,10,03,03025,,46.4592672,3.3678448,Plein jour,Hors agglomération,Intersection en X,Normale,,2,2,3,0,1,1,1,0,1,80,3,3,2,0,0,1,64.0,49.0,voiture,voiture,1,1,2,1,-1
202000022588,2020-07-10 21:00:00,2020,7,10,21,0,15,15045,RD921 PR 10+100,44.8439762,3.0008698,Crépuscule ou aube,Hors agglomération,Hors intersection,Normale,Autre collision,3,2,2,0,2,3,2,0,3,90,1,3,1,0,1,1,18.0,,voiture,,2,1,1,1,6
202000022589,2020-07-11 11:45:00,2020,7,11,11,45,72,72006,Zone Commerciale le Pt Coudray,48.403508,0.091109,Plein jour,En agglomération,Autre intersection,Normale,Trois véhicules et plus - en chaîne,6,-1,0,0,1,1,1,9,8,50,3,4,0,0,0,4,43.0,46.0,voiture,voiture,1,2,9,1,4
202000022590,2020-07-11 00:05:00,2020,7,11,0,5,72,72241,18 Route de Lombron,48.050076,0.413277,Nuit sans éclairage public,En agglomération,Hors intersection,Normale,Autre collision,3,-1,2,0,1,3,1,0,8,50,1,1,0,0,1,0,30.0,,deux_roues,,3,2,1,1,6
202000022591,2020-07-10 22:30:00,2020,7,10,22,30,50,50427,35 Avenue de la Plage,49.476748,-1.247978,Nuit sans éclairage public,En agglomération,Hors intersection,Normale,,4,2,2,0,1,1,1,0,1,45,2,4,0,0,0,4,15.0,17.0,deux_roues,deux_roues,3,2,1,1,-1
202000022592,2020-07-10 17:25:00,2020,7,10,17,25,50,50615,Place du Gen de Gaulle,49.507144,-1.472064,Plein jour,En agglomération,Hors intersection,Normale,Autre collision,4,2,1,0,1,1,1,0,4,50,1,1,0,0,1,0,,,,,1,2,1,1,6
202000022593,2020-07-05 16:20:00,2020,7,5,16,20,45,45258,D228,48.217578,2.491252,Plein jour,Hors agglomération,Intersection en X,Normale,Sans collision,3,3,2,0,1,1,1,0,1,80,1,2,0,0,1,1,64.0,,deux_roues,,1,1,2,1,7
202000022594,2020-07-10 18:45:00,2020,7,10,18,45,73,73114,D1212 Route de Megeve,45.820912,6.527134,Plein jour,Hors agglomération,Hors intersection,Normale,Autre collision,3,2,2,0,1,2,1,0,3,70,1,1,0,0,1,0,37.0,,deux_roues,,1,1,1,1,6
202000022595,2020-07-11 10:25:00,2020,7,11,10,25,21,21549,D16,47.752626,4.678288,Plein jour,Hors agglomération,Intersection en T,Normale,Deux véhicules - côté,3,2,2,0,1,1,1,0,1,90,2,3,2,0,1,0,64.0,51.0,voiture,voiture,1,1,3,1,3
202000022596,2020-07-10 20:25:00,2020,7,10,20,25,27,27550,Chemin des Auvrays,49.251893,0.629826,Plein jour,Hors agglomération,Hors intersection,Temps éblouissant,Deux véhicules - frontale,4,2,2,0,1,2,1,0,1,80,2,2,1,0,1,0,19.0,17.0,voiture,deux_roues,1,1,1,7,1
202000022597,2020-07-10 17:30:00,2020,7,10,17,30,27,27398,L'Ecoucherie,49.0935833,0.6429676,Plein jour,Hors agglomération,Hors intersection,Normale,Deux véhicules - frontale,3,2,2,0,1,1,9,0,1,80,2,4,0,0,1,3,33.0,55.0,voiture,voiture,1,1,1,1,1
202000022598,2020-07-10 14:20:00,2020,7,10,14,20,10,10419,A5,48.194424,4.270398,Plein jour,Hors agglomération,Hors intersection,Normale,Autre collision,1,3,4,0,1,1,1,0,3,130,1,1,0,0,1,0,19.0,,voiture,,1,1,1,1,6
202000022599,2020-07-10 23:40:00,2020,7,10,23,40,973,97307,rout de la distillerie,4.873459,-52.327087,Nuit sans éclairage public,En agglomération,Hors intersection,Normale,Autre collision,4,2,2,0,1,1,1,0,3,50,1,2,0,0,1,1,23.0,,voiture,,3,2,1,1,6
202000022600,2020-06-19 11:15:00,2020,6,19,11,15,68,68021,bretelle de sortie A35,47.636449,7.502031,Plein jour,Hors agglomération,Giratoire,Normale,Deux véhicules - arrière,1,1,1,0,1,1,1,3,1,90,2,1,0,0,0,1,29.0,,voiture,,1,1,6,1,2
202000022601,2020-07-11 09:30:00,2020,7,11,9,30,84,84091,A7 - PK 164+020 - sens N/S,44.155408,4.771307,Plein jour,Hors agglomération,Hors intersection,Normale,Autre collision,1,3,3,0,1,1,1,0,1,110,1,4,0,2,0,2,49.0,,voiture,,1,1,1,1,6
202000022602,2020-07-10 18:40:00,2020,7,10,18,40,77,77458,Autoroute A77,48.1958173,2.7688315,Plein jour,Hors agglomération,Hors intersection,Normale,Sans collision,1,3,4,0,1,1,1,0,2,130,1,5,4,0,1,0,22.0,,voiture,,1,1,1,1,7
202000022603,2020-07-10 17:00:00,2020,7,10,17,0,69,69119,D28,45.496451,4.721675,Plein jour,Hors agglomération,Intersection en X,Normale,Deux véhicules - côté,3,2,2,0,3,1,6,5,1,70,2,2,1,0,0,1,30.0,30.0,voiture,voiture,1,1,2,1,3
202000022604,2020-07-10 19:50:00,2020,7,10,19,50,69,69119,D28,45.496481,4.721632,Crépuscule ou aube,Hors agglomération,Intersection en X,Temps couvert,Deux véhicules - côté,3,2,2,0,3,1,2,0,1,80,2,2,1,0,0,1,41.0,34.0,voiture,voiture,2,1,2,8,3
202000022605,2020-07-10 15:50:00,2020,7,10,15,50,13,13103,Base aérienne 701 Salon-de-Provence (Aérodrome),43.611332,5.110692,Plein jour,En agglomération,Autre intersection,Normale,Sans collision,5,2,2,0,1,2,1,0,3,30,1,1,0,0,0,1,34.0,,utilitaire_camion,,1,2,9,1,7
202000022606,2020-07-10 16:00:00,2020,7,10,16,0,974,97420,66 Cite du Levant - Bel Air,-20.909541,55.595635,Plein jour,En agglomération,Intersection en T,Normale,Deux véhicules - côté,4,2,2,0,2,1,1,0,1,50,2,2,1,0,0,1,39.0,27.0,deux_roues,voiture,1,2,3,1,3
202000022607,2020-07-10 17:00:00,2020,7,10,17,0,977,97701,D212,17.901557,-62.833418,Plein jour,En agglomération,Hors intersection,Normale,Deux véhicules - côté,3,2,2,0,1,1,1,9,1,30,2,2,1,1,0,0,54.0,41.0,deux_roues,voiture,1,2,1,1,3
202000022608,2020-07-11 10:20:00,2020,7,11,10,20,37,37003,Quai du Général de Gaulle,47.4129026,0.9827999,Plein jour,En agglomération,Intersection en T,Normale,Deux véhicules - côté,3,3,4,0,1,1,1,5,1,30,2,2,1,0,1,0,71.0,46.0,deux_roues,voiture,1,2,3,1,3
202000022609,2020-07-10 14:45:00,2020,7,10,14,45,78,78321,32 Route du Pontel,48.804499,1.895487,Plein jour,En agglomération,Hors intersection,Normale,Deux véhicules - côté,3,2,2,1,1,1,1,0,1,50,2,2,1,0,1,0,20.0,59.0,voiture,deux_roues,1,2,1,1,3
202000022610,2020-07-10 07:30:00,2020,7,10,7,30,2B,2B095,D84,42.353739,9.054987,Plein jour,Hors agglomération,Hors intersection,Normale,Deux véhicules - côté,3,2,2,0,1,2,1,0,1,80,2,2,1,0,1,0,58.0,41.0,deux_roues,utilitaire_camion,1,1,1,1,3
202000022611,2020-07-11 08:40:00,2020,7,11,8,40,66,66114,D612,42.605788,2.936176,Plein jour,Hors agglomération,Hors intersection,Normale,Deux véhicules - frontale,3,2,2,0,1,3,1,0,1,70,2,2,0,0,0,2,55.0,83.0,voiture,voiture,1,1,1,1,1
202000022612,2020-07-08 08:12:00,2020,7,8,8,12,34,34272,240 Chemin des Grillons,43.654452,4.113007,Plein jour,En agglomération,Hors intersection,Normale,Trois véhicules et plus - en chaîne,3,2,2,0,1,1,1,0,1,50,4,4,2,0,1,1,48.0,41.0,voiture,deux_roues,1,2,1,1,4
202000022613,2020-07-10 23:10:00,2020,7,10,23,10,84,84092,2254 Route de Sorgues,43.982972,4.859819,Nuit sans éclairage public,Hors agglomération,Giratoire,Normale,Autre collision,3,3,4,0,1,3,1,5,1,70,1,2,0,1,1,0,28.0,,voiture,,3,1,6,1,6
202000022614,2020-07-07 07:45:00,2020,7,7,7,45,83,83099,Chemin des Aubrèdes,43.459056,6.693217,Plein jour,En agglomération,Hors intersection,Normale,Deux véhicules - côté,4,2,2,0,1,1,1,0,1,50,2,2,1,0,0,1,16.0,75.0,deux_roues,voiture,1,2,1,1,3
202000022615,2020-07-10 10:35:00,2020,7,10,10,35,05,05101,les ribeyrettes,44.882068,6.458411,Plein jour,Hors agglomération,Hors intersection,Normale,Sans collision,3,2,2,0,2,4,1,0,3,80,1,1,0,0,1,0,64.0,,deux_roues,,1,1,1,1,7
202000022616,2020-07-11 02:00:00,2020,7,11,2,0,74,74087,D1205,46.137813,6.332349,Nuit sans éclairage public,En agglomération,Hors intersection,Normale,Sans collision,3,2,2,0,1,1,1,0,8,80,1,4,0,0,1,3,35.0,,voiture,,3,2,1,1,7
202000022617,2020-07-09 16:20:00,2020,7,9,16,20,38,38507,Chemin des Tournes,45.733887,5.173059,Plein jour,En agglomération,Intersection en X,Temps éblouissant,Deux véhicules - côté,4,2,2,0,1,1,9,0,1,50,2,6,5,0,1,0,45.0,39.0,voiture,deux_roues,1,2,2,7,3
202000022618,2020-07-11 19:20:00,2020,7,11,19,20,69,69019,Avenue du Port,46.103872,4.758325,Plein jour,En agglomération,Giratoire,Normale,Autre collision,3,2,2,0,4,1,1,0,1,50,1,2,1,0,0,1,77.0,,voiture,,1,2,6,1,6
202000022619,2020-07-10 09:35:00,2020,7,10,9,35,22,22176,Rue du Centre,48.445629,-2.746126,Plein jour,En agglomération,Hors intersection,Normale,Autre collision,3,1,1,0,1,1,1,0,1,30,1,2,1,0,1,0,22.0,,utilitaire_camion,,1,2,1,1,6
202000022620,2020-07-11 12:19:00,2020,7,11,12,19,02,02555,D11,48.959947,3.329791,Plein jour,Hors agglomération,Hors intersection,Normale,Deux véhicules - côté,3,2,2,0,1,2,1,0,1,70,2,2,1,0,1,0,29.0,65.0,voiture,voiture,1,1,1,1,3
202000022621,2020-07-11 02:20:00,2020,7,11,2,20,80,80467,autoroute A1 pk 98+600 sens Lille vers PARIS,49.670905,2.770228,Nuit sans éclairage public,Hors agglomération,Hors intersection,Normale,Deux véhicules - arrière,1,3,3,0,1,1,1,0,1,130,2,6,4,0,0,2,22.0,25.0,voiture,voiture,3,1,1,1,2
202000022622,2020-07-11 15:40:00,2020,7,11,15,40,59,59523,2291 rue de Lille,50.589492,3.156984,Plein jour,En agglomération,Intersection en T,Normale,Deux véhicules - côté,7,2,2,1,1,1,1,0,1,80,2,3,2,0,1,0,26.0,71.0,voiture,voiture,1,2,3,1,3
202000022623,2020-07-07 02:15:00,2020,7,7,2,15,13,13070,A50-Sens Marseille vers Aubagne,43.28485,5.51835,Nuit sans éclairage public,Hors agglomération,Hors intersection,Normale,Trois véhicules et plus - en chaîne,1,3,3,0,1,1,1,3,1,90,4,5,4,0,1,0,21.0,26.0,utilitaire_camion,voiture,3,1,1,1,4
202000022624,2020-06-26 01:10:00,2020,6,26,1,10,13,13117,A7-Sens Lyon vers Marseille,43.446376,5.242689,Nuit sans éclairage public,Hors agglomération,Hors intersection,Normale,Autre collision,1,1,1,0,1,4,1,3,1,50,1,1,0,0,0,1,22.0,,voiture,,3,1,1,1,6
202000022625,2020-07-07 19:45:00,2020,7,7,19,45,38,38544,Boulevard Georges Pompidou,45.52223,4.86898,Plein jour,En agglomération,Autre intersection,Normale,Deux véhicules - côté,2,3,2,0,1,1,1,0,1,50,2,2,1,0,1,0,24.0,14.0,voiture,deux_roues,1,2,9,1,3
202000022626,2020-07-09 18:40:00,2020,7,9,18,40,69,69266,RD383   3.750 A 7.640,45.76869,4.90398,Plein jour,Hors agglomération,Hors intersection,Normale,Deux véhicules - arrière,3,3,5,0,1,1,1,0,1,70,2,4,1,0,1,2,19.0,33.0,voiture,deux_roues,1,1,1,1,2
202000022627,2020-07-09 18:00:00,2020,7,9,18,0,42,42218,A72,45.45014,4.42053,Plein jour,Hors agglomération,Hors intersection,Normale,Trois véhicules et plus - en chaîne,1,3,4,0,1,1,1,0,1,90,3,3,2,0,0,1,40.0,37.0,voiture,voiture,1,1,1,1,4
202000022628,2020-07-10 10:40:00,2020,7,10,10,40,33,33003,AUTOROUTE A 10,44.93162,-0.46865,Plein jour,Hors agglomération,Hors intersection,Normale,Trois véhicules et plus - en chaîne,1,3,6,0,1,1,1,0,1,110,4,7,6,0,0,1,48.0,34.0,voiture,voiture,1,1,1,1,4
202000022629,2020-07-10 07:44:00,2020,7,10,7,44,33,33192,ROCADE A 630,44.78867,-0.6016,Plein jour,Hors agglomération,Hors intersection,Normale,Deux véhicules - côté,1,3,6,0,1,1,1,0,1,90,2,2,1,0,0,1,24.0,53.0,voiture,deux_roues,1,1,1,1,3
202000022630,2020-07-10 19:20:00,2020,7,10,19,20,91,91645,RN 385 Extèrieure,48.7596892,2.2671423,Plein jour,Hors agglomération,Hors intersection,Normale,,2,3,2,0,2,1,1,0,1,90,2,2,1,0,0,1,25.0,24.0,deux_roues,deux_roues,1,1,1,1,-1
202000022631,2020-07-10 16:40:00,2020,7,10,16,40,91,91689,AUTOROUTE A6A,48.747,2.3259,Plein jour,Hors agglomération,Hors intersection,Normale,Deux véhicules - arrière,1,3,6,0,1,1,1,0,1,110,2,3,2,0,0,1,44.0,22.0,deux_roues,voiture,1,1,1,1,2
202000022632,2020-07-10 10:30:00,2020,7,10,10,30,94,94034,AUTOROUTE A6A,48.7533,2.3313,Plein jour,Hors agglomération,Hors intersection,Normale,,1,3,3,0,1,1,1,0,1,110,2,2,0,0,0,2,31.0,23.0,voiture,voiture,1,1,1,1,-1
202000022633,2020-07-10 11:50:00,2020,7,10,11,50,92,92019,RN 385 INT,48.77648,2.23518,Plein jour,Hors agglomération,Hors intersection,Normale,Deux véhicules - arrière,2,3,6,0,1,1,1,0,1,90,2,3,0,0,0,3,37.0,69.0,voiture,deux_roues,1,1,1,1,2
202000022634,2020-07-10 07:10:00,2020,7,10,7,10,78,78646,RN12,48.792613,2.089058,Plein jour,Hors agglomération,Hors intersection,Normale,Autre collision,2,3,6,0,1,1,1,0,1,110,1,1,0,0,0,1,24.0,,voiture,,1,1,1,1,6
202000022635,2020-07-10 19:45:00,2020,7,10,19,45,93,93010,AUTOROUTE A3,48.91456,2.47733,Plein jour,Hors agglomération,Hors intersection,Normale,Deux véhicules - côté,1,3,7,0,1,1,1,0,1,90,2,2,1,0,0,1,28.0,40.0,voiture,deux_roues,1,1,1,1,3
202000022636,2020-07-10 09:00:00,2020,7,10,9,0,93,93048,AUTOROUTE A3,48.87248,2.43419,Plein jour,Hors agglomération,Hors intersection,Normale,Deux véhicules - arrière,1,3,10,0,1,1,1,0,1,90,2,2,1,0,0,1,41.0,22.0,utilitaire_camion,deux_roues,1,1,1,1,2
202000022637,2020-07-10 08:00:00,2020,7,10,8,0,92,92036,AUTOROUTE A15,48.9423131,2.2896154,Plein jour,Hors agglomération,Hors intersection,Normale,Deux véhicules - arrière,1,3,8,0,1,1,1,2,1,90,2,2,1,0,0,1,29.0,43.0,deux_roues,voiture,1,1,1,1,2
202000022638,2020-07-10 18:30:00,2020,7,10,18,30,77,77514,A104,48.948627,2.6289112,Plein jour,Hors agglomération,Hors intersection,Normale,Deux véhicules - arrière,1,-1,2,0,1,1,1,0,1,90,2,2,1,0,0,1,30.0,21.0,deux_roues,voiture,1,1,1,1,2
202000022639,2020-07-09 00:40:00,2020,7,9,0,40,93,93051,A4,48.8346,2.58077,Nuit sans éclairage public,Hors agglomération,Hors intersection,Normale,Deux véhicules - côté,1,1,1,0,2,1,1,0,1,90,2,2,1,0,0,1,46.0,23.0,voiture,deux_roues,3,1,1,1,3
202000022640,2020-03-16 14:30:00,2020,3,16,14,30,87,87085,BEAUBREUIL (AVENUE DE),45.88119,1.29412,Plein jour,En agglomération,Hors intersection,Normale,Autre collision,4,3,4,0,1,1,1,0,1,50,1,2,1,0,0,1,42.0,,voiture,,1,2,1,1,6
202000022641,2020-02-10 07:29:00,2020,2,10,7,29,87,87114,CROIX-FINOR (AVENUE),45.83512,1.31349,Crépuscule ou aube,En agglomération,Hors intersection,Normale,Trois véhicules et plus - en chaîne,3,2,2,0,1,1,1,0,1,50,3,3,1,0,0,2,45.0,20.0,voiture,voiture,2,2,1,1,4
202000022642,2020-07-09 12:28:00,2020,7,9,12,28,988,98818,ROUTE DE L'AQUARIUM - RUE M. LAUBREAU,-22.3023,166.43841,Plein jour,En agglomération,Hors intersection,Normale,Deux véhicules - côté,4,2,2,1,1,1,1,0,1,50,2,2,1,0,1,0,32.0,44.0,deux_roues,voiture,1,2,1,1,3
202000022643,2020-07-09 21:10:00,2020,7,9,21,10,974,97416,PRESIDENT MITTERAND(AVENUE),-21.34322,55.48199,Nuit avec éclairage allumé,En agglomération,Hors intersection,Pluie légère,Deux véhicules - frontale,4,2,2,0,2,1,2,0,1,50,2,3,1,0,0,2,25.0,20.0,voiture,voiture,5,2,1,2,1
202000022644,2020-07-09 15:45:00,2020,7,9,15,45,974,97416,PRESIDENT MITTERAND(AVENUE),-21.34148,55.47903,Plein jour,En agglomération,Hors intersection,Normale,Autre collision,4,-1,2,0,1,2,1,9,1,30,1,2,1,0,0,1,21.0,,voiture,,1,2,1,1,6
202000022645,2020-07-09 14:16:00,2020,7,9,14,16,974,97416,Rue Théodore Thomas,-21.32454,55.48355,Plein jour,Hors agglomération,Hors intersection,Normale,Autre collision,4,1,1,0,1,1,1,0,1,50,1,1,0,1,0,0,34.0,,voiture,,1,1,1,1,6
202000022646,2020-07-08 15:10:00,2020,7,8,15,10,974,97416,RN1,-21.3021,55.42561,Plein jour,Hors agglomération,Hors intersection,Normale,Trois véhicules et plus - en chaîne,2,2,4,0,1,1,1,0,1,110,3,4,3,0,0,1,40.0,48.0,voiture,voiture,1,1,1,1,4
202000022647,2020-07-09 19:39:00,2020,7,9,19,39,973,97302,MANGO (ROUTE),4.931717,-52.317431,Nuit avec éclairage allumé,En agglomération,Hors intersection,Normale,Deux véhicules - côté,4,2,2,0,1,1,1,0,1,30,2,2,1,1,0,0,28.0,17.0,voiture,deux_roues,5,2,1,1,3
202000022648,2020-07-08 07:30:00,2020,7,8,7,30,973,97302,PREVOT (ERNEST),4.933,-52.3328,Plein jour,En agglomération,Intersection en X,Normale,Deux véhicules - côté,4,1,2,0,1,1,1,0,1,50,2,2,1,0,0,1,51.0,28.0,deux_roues,voiture,1,2,2,1,3
202000022649,2020-07-05 21:05:00,2020,7,5,21,5,973,97302,FLAMBOYANTS (RUE DES),4.9219899,-52.3218083,Nuit avec éclairage allumé,En agglomération,Hors intersection,Normale,Deux véhicules - côté,4,2,2,0,1,3,1,0,1,50,2,2,0,0,0,2,35.0,21.0,deux_roues,voiture,5,2,1,1,3
202000022650,2020-07-09 21:10:00,2020,7,9,21,10,69,69387,MARC BLOCH                          (R ),45.74699,4.84564,Plein jour,En agglomération,Intersection en X,Normale,Deux véhicules - côté,4,1,4,3,1,1,1,0,1,50,2,3,2,0,0,1,23.0,44.0,deux_roues,voiture,1,2,2,1,3
202000022651,2020-07-09 12:30:00,2020,7,9,12,30,69,69383,GAMBETTA                            (CO),45.7553032,4.8430689,Plein jour,En agglomération,Intersection en X,Normale,Deux véhicules - côté,4,2,4,1,1,1,1,0,1,50,2,2,1,0,0,1,24.0,24.0,voiture,deux_roues,1,2,2,1,3
202000022652,2020-07-09 10:19:00,2020,7,9,10,19,69,69259,JEAN CAGNE                          (AV),45.69512,4.87349,Plein jour,En agglomération,Passage à niveau,Normale,Deux véhicules - côté,4,3,2,0,1,1,1,4,1,50,2,2,1,0,1,0,17.0,29.0,deux_roues,transport_commun,1,2,8,1,3
202000022653,2020-07-09 08:30:00,2020,7,9,8,30,69,69388,JEAN XXIII                          (BD),45.73994,4.87383,Plein jour,En agglomération,Hors intersection,Normale,Deux véhicules - côté,4,2,-1,0,1,1,1,0,1,50,2,2,1,0,0,1,42.0,22.0,voiture,deux_roues,1,2,1,1,3
202000022654,2020-07-08 10:58:00,2020,7,8,10,58,69,69383,ANTOINE CHARIAL                     (R ),45.7582565,4.8659059,Plein jour,En agglomération,Intersection en X,Normale,Autre collision,4,1,2,1,1,1,1,0,1,30,1,1,0,0,1,0,,,,,1,2,2,1,6
202000022655,2020-07-09 14:50:00,2020,7,9,14,50,972,97213,ROUTE DEPARTEMENTALE 3,14.64915,-60.98884,Plein jour,En agglomération,Hors intersection,Normale,Deux véhicules - côté,3,2,2,0,2,1,1,0,1,50,2,2,1,0,0,1,23.0,51.0,deux_roues,voiture,1,2,1,1,3
202000022656,2020-07-09 05:40:00,2020,7,9,5,40,69,69381,ALGERIE (D')                        (R ),45.7673,4.83074,Crépuscule ou aube,En agglomération,Intersection en T,Normale,Deux véhicules - côté,4,1,1,0,1,1,1,0,1,50,2,4,2,0,0,2,20.0,36.0,voiture,autre,2,2,3,1,3
202000022657,2020-07-09 21:56:00,2020,7,9,21,56,2B,2B037,TOUTES RUES,42.61942,9.4371,Nuit avec éclairage allumé,En agglomération,Hors intersection,Normale,Deux véhicules - arrière,2,3,2,0,1,1,1,1,1,50,2,3,0,0,0,3,63.0,25.0,voiture,voiture,5,2,1,1,2
202000022658,2020-07-09 16:15:00,2020,7,9,16,15,2B,2B033,11 - RT,42.7014,9.4524,Plein jour,En agglomération,Hors intersection,Normale,Trois véhicules et plus - en chaîne,2,3,4,0,1,1,1,0,1,50,4,2,1,0,0,1,29.0,50.0,voiture,deux_roues,1,2,1,1,4
202000022659,2020-07-09 17:15:00,2020,7,9,17,15,95,95598,COURSES   AVENUE DES,48.979545,2.29439,Plein jour,En agglomération,Hors intersection,Normale,Autre collision,4,-1,0,0,1,1,1,0,1,50,1,1,0,0,0,1,9.0,,deux_roues,,1,2,1,1,6
202000022660,2020-07-09 19:55:00,2020,7,9,19,55,91,91691,RAYMOND POINCARE(RUE),48.70993,2.49895,Plein jour,En agglomération,Intersection en X,Normale,Deux véhicules - côté,4,2,1,0,4,1,1,0,8,50,2,2,1,0,0,1,55.0,27.0,deux_roues,voiture,1,2,2,1,3
202000022661,2020-07-09 08:58:00,2020,7,9,8,58,91,91521,FONTAINE (RUE DE LA),48.65021,2.4077,Plein jour,En agglomération,Hors intersection,Normale,Autre collision,4,1,1,0,1,1,1,9,1,30,1,2,1,0,1,0,49.0,,voiture,,1,2,1,1,6
202000022662,2020-07-09 02:05:00,2020,7,9,2,5,91,91479,FONTAINEBLEAU (ROUTE DE),48.73,2.3649,Nuit avec éclairage allumé,En agglomération,Hors intersection,Normale,Deux véhicules - côté,4,1,2,0,1,1,1,0,1,70,2,2,1,0,0,1,32.0,38.0,deux_roues,voiture,5,2,1,1,3
202000022663,2020-07-06 15:20:00,2020,7,6,15,20,86,86158,D30,46.605111,0.306945,Plein jour,Hors agglomération,Hors intersection,Normale,Deux véhicules - arrière,3,2,2,0,1,1,1,0,1,50,2,2,1,0,0,1,78.0,36.0,voiture,voiture,1,1,1,1,2
202000022664,2020-07-08 16:15:00,2020,7,8,16,15,85,85194,Rue Elisa Deroche,46.49095,-1.71966,Plein jour,En agglomération,Hors intersection,Normale,Sans collision,4,2,2,0,1,3,1,0,1,50,1,1,0,0,1,0,32.0,,utilitaire_camion,,1,2,1,1,7