accident_id,datetime,annee,mois,jour,heure,minute,departement,commune_insee,adresse,latitude,longitude,luminosite,agglomeration,intersection,meteo,collision,catr,circ,nbv,vosp,prof,plan,surf,infra,situ,vma,nb_vehicules,nb_usagers,nb_indemnes,nb_tues,nb_blesses_hosp,nb_blesses_legers,age_cond_1,age_cond_2,veh_type_cond_1,veh_type_cond_2,lum_code,agg_code,int_code,atm_code,col_code
202000022757,2020-02-20 09:10:00,2020,2,20,9,10,92,92004,LAURENT-CELY  ( AVENUE ),48.916391,2.309156,Plein jour,En agglomération,Hors intersection,Normale,Deux véhicules - arrière,3,1,0,0,1,1,1,0,1,50,2,2,1,0,0,1,30.0,32.0,deux_roues,utilitaire_camion,1,2,1,1,2
202000022758,2020-02-19 22:45:00,2020,2,19,22,45,22,22213,LA CALE DU MOULIN,48.527306,-1.982496,Nuit avec éclairage allumé,En agglomération,Hors intersection,Pluie légère,Autre collision,3,2,2,0,1,1,2,0,1,50,1,2,1,1,0,0,22.0,,voiture,,5,2,1,2,6
202000022759,2020-02-18 18:00:00,2020,2,18,18,0,62,62492,D130,50.461462,1.960494,Crépuscule ou aube,Hors agglomération,Hors intersection,Vent fort / tempête,Sans collision,3,2,2,0,2,2,2,0,3,80,1,1,0,0,0,1,72.0,,voiture,,2,1,1,6,7
202000022760,2020-02-20 18:15:00,2020,2,20,18,15,35,35253,A84 Saint-Aubin-du-Cormier,48.266141,-1.40758,Plein jour,Hors agglomération,Autre intersection,Normale,Trois véhicules et plus - en chaîne,1,3,6,0,2,1,2,3,1,130,3,7,1,0,0,6,60.0,20.0,voiture,voiture,1,1,9,1,4
202000022761,2020-02-16 08:00:00,2020,2,16,8,0,974,97413,Rue du General Lambert,-21.16946,55.288063,Plein jour,En agglomération,Hors intersection,Normale,Sans collision,4,2,2,0,1,1,1,9,1,50,1,1,0,0,1,0,63.0,,deux_roues,,1,2,1,1,7
202000022762,2020-01-11 16:30:00,2020,1,11,16,30,72,72231,la maison neuve,47.936961,0.392375,Plein jour,Hors agglomération,Hors intersection,Normale,Autre collision,4,2,2,0,1,3,1,0,3,50,1,2,0,0,0,2,40.0,,voiture,,1,1,1,1,6
202000022763,2020-02-21 17:15:00,2020,2,21,17,15,30,30217,D26,43.980471,4.722831,Plein jour,Hors agglomération,Autre intersection,Normale,Deux véhicules - arrière,3,2,2,0,1,1,1,0,1,80,2,2,1,1,0,0,70.0,25.0,voiture,deux_roues,1,1,9,1,2
202000022764,2020-02-21 15:44:00,2020,2,21,15,44,69,69100,96 Rue du Marjolet,45.6877,4.8209,Plein jour,En agglomération,Hors intersection,Normale,Autre collision,3,1,1,0,2,1,1,0,1,50,1,1,0,0,0,1,69.0,,deux_roues,,1,2,1,1,6
202000022765,2020-02-20 18:20:00,2020,2,20,18,20,57,57540,Route de Sarrebourg,48.767657,7.252886,Nuit avec éclairage allumé,En agglomération,Hors intersection,Normale,Deux véhicules - arrière,3,1,2,0,3,1,1,0,1,50,2,2,1,0,0,1,22.0,63.0,voiture,deux_roues,5,2,1,1,2
202000022766,2020-02-21 15:45:00,2020,2,21,15,45,19,19261,8 Rue Jean Giraudoux,45.664731,2.195592,Plein jour,En agglomération,Hors intersection,Normale,Autre collision,3,2,2,0,4,2,1,0,3,50,1,1,0,1,0,0,34.0,,deux_roues,,1,2,1,1,6
202000022767,2020-02-20 13:20:00,2020,2,20,13,20,74,74099,449 Route des Chozeaux,45.868414,6.638082,Plein jour,En agglomération,Hors intersection,Normale,Autre collision,4,2,2,0,1,1,1,0,1,50,1,2,1,0,1,0,53.0,,voiture,,1,2,1,1,6
202000022768,2020-02-21 15:00:00,2020,2,21,15,0,76,76017,Rue du Calvaire,49.633198,0.237939,Plein jour,En agglomération,Hors intersection,Normale,Sans collision,4,2,2,0,1,1,1,0,3,50,1,1,0,0,1,0,15.0,,deux_roues,,1,2,1,1,7
202000022769,2020-02-20 17:45:00,2020,2,20,17,45,76,76716,Route de Criquetot,49.617408,0.239902,Crépuscule ou aube,Hors agglomération,Intersection en X,Pluie légère,Deux véhicules - côté,3,-1,2,0,1,1,2,5,1,80,2,2,1,0,1,0,46.0,42.0,voiture,voiture,2,1,2,2,3
202000022770,2020-02-20 20:25:00,2020,2,20,20,25,79,79066,,46.482011,-0.358063,Nuit sans éclairage public,Hors agglomération,Hors intersection,Normale,Deux véhicules - arrière,3,2,3,0,1,1,2,0,1,80,2,3,1,0,1,1,21.0,51.0,voiture,voiture,3,1,1,1,2
202000022771,2020-02-12 19:05:00,2020,2,12,19,5,24,24030,A89,45.160798,1.222315,Nuit sans éclairage public,Hors agglomération,Hors intersection,Normale,,1,1,2,0,1,1,1,0,1,130,2,2,1,0,0,1,32.0,86.0,voiture,voiture,3,1,1,1,-1
202000022772,2020-02-02 16:15:00,2020,2,2,16,15,69,69168,Chemin du Train Bleu,45.8392337,4.8342713,Plein jour,En agglomération,Hors intersection,Pluie légère,,3,2,3,0,1,1,2,0,1,70,3,5,1,0,2,2,36.0,38.0,voiture,voiture,1,2,1,2,-1
202000022773,2020-02-16 14:50:00,2020,2,16,14,50,32,32256,19 Place d'Astarac,43.514627,0.404423,Plein jour,En agglomération,Intersection en T,Normale,Deux véhicules - côté,4,1,1,0,1,1,1,0,1,50,2,3,2,0,0,1,81.0,44.0,voiture,deux_roues,1,2,3,1,3
202000022774,2020-02-16 16:55:00,2020,2,16,16,55,11,11263,D117,42.896747,2.110231,Plein jour,En agglomération,Hors intersection,Normale,Autre collision,3,2,2,0,1,1,1,0,3,50,1,2,1,0,0,1,19.0,,voiture,,1,2,1,1,6
202000022775,2020-02-20 19:15:00,2020,2,20,19,15,11,11288,Lotissement Beau Soleil,43.257323,2.256982,Nuit sans éclairage public,Hors agglomération,Hors intersection,Normale,Deux véhicules - frontale,3,2,2,0,1,1,1,0,1,80,2,4,1,0,1,2,63.0,58.0,voiture,voiture,3,1,1,1,1
202000022776,2020-02-20 19:50:00,2020,2,20,19,50,89,89333,D954,47.486904,4.064598,Nuit sans éclairage public,Hors agglomération,Hors intersection,Normale,Sans collision,3,2,2,0,1,1,1,0,8,80,1,1,0,0,0,1,80.0,,voiture,,3,1,1,1,7
202000022777,2020-02-20 20:35:00,2020,2,20,20,35,55,55291,175 Rue du Général de Gaulle,48.677329,5.325639,Nuit sans éclairage public,En agglomération,Hors intersection,Pluie forte,Autre collision,3,2,2,0,1,1,2,0,1,50,1,2,1,0,1,0,22.0,,voiture,,3,2,1,3,6
202000022778,2020-02-20 03:30:00,2020,2,20,3,30,49,49018,La Lande d'Alibon (Fougeré),47.54883,-0.137721,Nuit sans éclairage public,Hors agglomération,Hors intersection,Normale,Autre collision,3,2,2,0,4,1,1,0,3,90,1,1,0,0,1,0,28.0,,voiture,,3,1,1,1,6
202000022779,2020-02-20 18:00:00,2020,2,20,18,0,12,12215,Lieu-dit Glassac,44.461744,2.394016,Plein jour,Hors agglomération,Hors intersection,Normale,Sans collision,3,2,2,0,1,3,1,0,1,80,1,1,0,0,1,0,29.0,,utilitaire_camion,,1,1,1,1,7
202000022780,2020-02-17 15:30:00,2020,2,17,15,30,35,35297,10 Rue Louison Bobet,48.187284,-2.190984,Plein jour,En agglomération,Intersection en Y,Normale,Deux véhicules - arrière,3,2,2,-1,2,3,1,5,1,50,2,1,0,0,0,1,22.0,,deux_roues,,1,2,4,1,2
202000022781,2020-02-20 18:30:00,2020,2,20,18,30,29,29090,Lieu Dit le Rohou,48.0758932,-4.2518867,Crépuscule ou aube,Hors agglomération,Hors intersection,Normale,Autre collision,4,2,2,0,2,2,1,0,3,80,1,1,0,0,0,1,48.0,,deux_roues,,2,1,1,1,6
202000022782,2020-02-21 18:25:00,2020,2,21,18,25,38,38080,Rue de Ronceveau,45.53026,5.583236,Nuit sans éclairage public,Hors agglomération,Hors intersection,Normale,Deux véhicules - côté,4,2,2,0,2,1,1,0,1,70,2,2,1,0,1,0,48.0,53.0,deux_roues,utilitaire_camion,3,1,1,1,3
202000022783,2020-02-21 06:45:00,2020,2,21,6,45,70,70408,Place des Promenades,47.278887,5.564817,Crépuscule ou aube,En agglomération,Place,Normale,Autre collision,6,-1,-1,0,1,1,1,0,8,-1,1,2,1,0,0,1,19.0,,voiture,,2,2,7,1,6
202000022784,2020-02-20 16:30:00,2020,2,20,16,30,70,70119,1 Rue du Chanois,47.336525,5.907426,Plein jour,En agglomération,Intersection en X,Temps éblouissant,Deux véhicules - côté,3,2,2,0,2,1,1,0,1,50,2,2,1,0,0,1,48.0,77.0,deux_roues,voiture,1,2,2,7,3
202000022785,2020-02-21 16:45:00,2020,2,21,16,45,72,72090,lieu-dit l'epinay,48.054089,0.480802,Plein jour,Hors agglomération,Hors intersection,Normale,Deux véhicules - arrière,3,2,2,0,1,1,1,0,3,80,2,2,1,0,1,0,23.0,55.0,voiture,deux_roues,1,1,1,1,2
202000022786,2020-02-20 18:32:00,2020,2,20,18,32,06,06150,Route de Laghet,43.747653,7.38874,Crépuscule ou aube,Hors agglomération,Intersection en T,Normale,Deux véhicules - frontale,3,2,2,0,2,1,1,0,1,70,2,2,1,0,0,1,77.0,29.0,voiture,utilitaire_camion,2,1,3,1,1
202000022787,2020-02-20 17:30:00,2020,2,20,17,30,14,14449,D6,49.123093,-0.629442,Plein jour,Hors agglomération,Intersection en T,Normale,Deux véhicules - côté,3,2,2,0,1,1,1,0,1,80,2,4,2,0,2,0,80.0,35.0,voiture,utilitaire_camion,1,1,3,1,3
202000022788,2020-02-20 20:00:00,2020,2,20,20,0,05,05056,HAMEAU DE MANSE,44.6317916,6.1342305,Nuit sans éclairage public,Hors agglomération,Hors intersection,Normale,Sans collision,3,2,2,0,2,2,1,0,1,80,1,1,0,0,1,0,32.0,,voiture,,3,1,1,1,7
202000022789,2020-02-21 07:35:00,2020,2,21,7,35,60,60254,D1017,49.443613,2.6475672,Crépuscule ou aube,Hors agglomération,Autre intersection,Normale,Deux véhicules - côté,3,2,2,0,1,1,2,0,1,80,2,2,1,0,0,1,35.0,26.0,deux_roues,voiture,2,1,9,1,3
202000022790,2020-02-21 14:20:00,2020,2,21,14,20,18,18138,La Petite Riviere,47.107497,2.248147,Plein jour,Hors agglomération,Intersection en T,Normale,Deux véhicules - côté,3,2,2,0,4,2,1,0,1,80,2,2,1,0,1,0,35.0,71.0,voiture,deux_roues,1,1,3,1,3
202000022791,2020-02-20 16:55:00,2020,2,20,16,55,43,43152,Route de Blanzac,45.073106,3.863669,Plein jour,Hors agglomération,Hors intersection,Normale,Autre collision,3,2,2,0,1,1,1,0,8,70,1,1,0,0,1,0,47.0,,voiture,,1,1,1,1,6
202000022792,2020-02-18 10:10:00,2020,2,18,10,10,16,16362,D19,45.3855507,0.2038744,Plein jour,Hors agglomération,Hors intersection,Normale,Autre collision,3,2,2,0,2,3,1,0,3,80,1,2,1,0,1,0,68.0,,voiture,,1,1,1,1,6
202000022793,2020-02-21 06:40:00,2020,2,21,6,40,53,53126,D31,48.34698,-0.966797,Nuit sans éclairage public,Hors agglomération,Hors intersection,Temps couvert,Deux véhicules - arrière,3,2,2,0,1,1,1,0,1,80,2,2,1,0,1,0,45.0,50.0,utilitaire_camion,voiture,3,1,1,8,2
202000022794,2020-02-21 03:50:00,2020,2,21,3,50,49,49177,RD763 PR 1.615,47.350687,-1.167528,Nuit sans éclairage public,Hors agglomération,Hors intersection,Normale,Autre collision,3,2,2,0,1,1,1,0,8,80,1,1,0,1,0,0,34.0,,utilitaire_camion,,3,1,1,1,6
202000022795,2020-02-21 01:25:00,2020,2,21,1,25,10,10213,A5,48.173641,4.454269,Nuit sans éclairage public,Hors agglomération,Hors intersection,Normale,Deux véhicules - arrière,1,3,2,0,1,1,1,0,1,130,2,5,4,0,0,1,25.0,34.0,voiture,utilitaire_camion,3,1,1,1,2
202000022796,2020-02-20 22:15:00,2020,2,20,22,15,01,01355,A40,46.273774,5.007113,Nuit sans éclairage public,Hors agglomération,Hors intersection,Normale,Autre collision,1,3,2,0,1,1,1,0,1,-1,1,2,0,0,0,2,34.0,,voiture,,3,1,1,1,6
202000022797,2020-02-20 13:17:00,2020,2,20,13,17,06,06085,Route d'Antibes,43.60141,7.033504,Plein jour,Hors agglomération,Hors intersection,Normale,,3,3,2,1,2,1,1,0,1,70,2,2,1,0,0,1,58.0,26.0,deux_roues,voiture,1,1,1,1,-1
202000022798,2020-02-20 20:20:00,2020,2,20,20,20,83,83061,Autoroute A8 chaussée nord,43.5215743,6.7740941,Nuit sans éclairage public,Hors agglomération,Hors intersection,Normale,,1,3,3,0,2,2,1,0,1,110,3,3,1,0,1,1,44.0,37.0,voiture,voiture,3,1,1,1,-1
202000022799,2020-02-20 16:30:00,2020,2,20,16,30,44,44072,Route de la Roche Bernard,47.499282,-2.298836,Plein jour,Hors agglomération,Hors intersection,Normale,Deux véhicules - frontale,3,2,2,0,1,1,1,0,1,80,2,2,1,1,0,0,43.0,50.0,voiture,utilitaire_camion,1,1,1,1,1
202000022800,2020-02-21 16:22:00,2020,2,21,16,22,60,60281,A1,49.486751,2.713623,Plein jour,Hors agglomération,Hors intersection,Normale,Deux véhicules - arrière,1,3,3,0,1,1,1,0,1,130,2,3,1,0,2,0,58.0,19.0,utilitaire_camion,voiture,1,1,1,1,2
202000022801,2020-02-17 09:30:00,2020,2,17,9,30,45,45142,D11 PR 17 + 370,47.9294968,2.1387237,Plein jour,En agglomération,Intersection en X,Normale,Deux véhicules - côté,3,2,2,0,2,1,1,0,1,50,2,2,1,0,1,0,52.0,59.0,voiture,utilitaire_camion,1,2,2,1,3
202000022802,2020-02-20 19:55:00,2020,2,20,19,55,13,13100,Boulevard Victor Hugo,43.788364,4.833046,Nuit avec éclairage allumé,En agglomération,Hors intersection,Normale,Autre collision,3,1,2,0,2,1,1,0,1,50,1,2,1,0,0,1,60.0,,voiture,,5,2,1,1,6
202000022803,2020-02-21 16:30:00,2020,2,21,16,30,42,42147,Rue de Feurs,45.6117248,4.0677426,Plein jour,En agglomération,Giratoire,Normale,Deux véhicules - côté,3,1,1,0,1,2,1,0,1,50,2,2,1,0,1,0,25.0,66.0,voiture,deux_roues,1,2,6,1,3
202000022804,2020-02-18 18:50:00,2020,2,18,18,50,38,38537,Rue de la République,45.636123,5.144713,Nuit avec éclairage allumé,En agglomération,Hors intersection,Normale,Autre collision,4,2,2,0,1,1,1,0,1,50,1,2,1,0,0,1,78.0,,voiture,,5,2,1,1,6
202000022805,2020-02-20 19:35:00,2020,2,20,19,35,69,69228,Route de Lyon,45.5483901,4.6378935,Nuit avec éclairage allumé,Hors agglomération,Hors intersection,Normale,Autre collision,3,2,2,0,3,3,1,0,3,70,1,1,0,0,0,1,40.0,,voiture,,5,1,1,1,6
202000022806,2020-02-17 05:50:00,2020,2,17,5,50,69,69273,13 Avenue de Montmartin,45.675782,4.922111,Nuit avec éclairage allumé,En agglomération,Hors intersection,Normale,Deux véhicules - frontale,4,2,2,0,1,1,1,0,1,50,2,2,1,0,1,0,44.0,54.0,voiture,deux_roues,5,2,1,1,1
202000022807,2020-02-21 16:50:00,2020,2,21,16,50,31,31417,Route de Cornebarrieu,43.625401,1.288737,Plein jour,Hors agglomération,Hors intersection,Normale,Deux véhicules - frontale,3,2,2,0,2,1,1,0,1,80,2,2,0,0,1,1,24.0,55.0,voiture,voiture,1,1,1,1,1
202000022808,2020-02-20 05:20:00,2020,2,20,5,20,17,17161,RD 735 - Route de Saint Martin,46.194493,-1.34759,Nuit sans éclairage public,Hors agglomération,Hors intersection,Normale,Autre collision,3,2,2,0,1,1,1,0,1,80,1,1,0,0,0,1,47.0,,voiture,,3,1,1,1,6
202000022809,2020-02-13 17:30:00,2020,2,13,17,30,33,33366,RD1010 / Allée des Fougères,45.00423,-0.43732,Plein jour,En agglomération,Intersection en T,Normale,Autre collision,3,2,4,2,1,1,1,5,1,50,1,3,2,0,1,0,48.0,,voiture,,1,2,3,1,6
202000022810,2020-02-20 14:20:00,2020,2,20,14,20,33,33449,RUE DU GENERAL NIOX,44.8906645,-0.7706441,Plein jour,En agglomération,Hors intersection,Normale,Autre collision,4,2,2,0,1,2,1,0,3,50,1,3,0,1,1,1,41.0,,voiture,,1,2,1,1,6
202000022811,2020-02-20 19:21:00,2020,2,20,19,21,50,50489,La Valaiserie,48.732531,-1.34913,Nuit sans éclairage public,Hors agglomération,Hors intersection,Normale,Deux véhicules - frontale,3,2,2,0,2,2,2,0,1,80,2,2,1,0,1,0,24.0,51.0,voiture,utilitaire_camion,3,1,1,1,1
202000022812,2020-02-20 16:40:00,2020,2,20,16,40,62,62003,Rue Roger Marechal,50.382887,2.884231,Plein jour,En agglomération,Hors intersection,Pluie légère,Deux véhicules - côté,3,2,2,0,1,1,2,0,4,50,2,1,0,0,0,1,73.0,,deux_roues,,1,2,1,2,3
202000022813,2020-02-20 05:50:00,2020,2,20,5,50,13,13005,A50-Sens Marseille vers Aubagne,43.2870179,5.5401376,Nuit sans éclairage public,Hors agglomération,Hors intersection,Normale,Trois véhicules et plus - en chaîne,1,1,3,0,1,1,1,0,1,90,3,3,0,0,0,3,41.0,54.0,utilitaire_camion,utilitaire_camion,3,1,1,1,4
202000022814,2020-02-20 16:26:00,2020,2,20,16,26,67,67389,Autoroute A.4,48.6493431,7.7342603,Plein jour,Hors agglomération,Hors intersection,Normale,Deux véhicules - arrière,1,3,2,0,1,1,1,0,1,90,2,2,1,0,0,1,61.0,58.0,voiture,deux_roues,1,1,1,1,2
202000022815,2020-02-18 16:00:00,2020,2,18,16,0,95,95682,RN 104,49.06854,2.38626,Plein jour,Hors agglomération,Hors intersection,Normale,Deux véhicules - arrière,2,3,6,0,1,2,1,0,1,110,2,2,1,0,0,1,28.0,30.0,utilitaire_camion,voiture,1,1,1,1,2
202000022816,2020-02-20 19:20:00,2020,2,20,19,20,77,77294,A104,48.965137,2.608788,Nuit sans éclairage public,Hors agglomération,Hors intersection,Pluie légère,,1,1,4,0,1,1,2,0,1,90,2,2,1,0,0,1,51.0,32.0,voiture,deux_roues,3,1,1,2,-1
202000022817,2020-02-20 17:40:00,2020,2,20,17,40,77,77146,A4.Y,48.831126,2.640842,Plein jour,Hors agglomération,Hors intersection,Normale,Deux véhicules - arrière,1,3,8,0,1,1,1,0,1,110,2,2,1,0,0,1,27.0,44.0,voiture,voiture,1,1,1,1,2
202000022818,2020-02-01 22:48:00,2020,2,1,22,48,94,94028,A86 INT,48.7826937,2.4408609,Nuit avec éclairage allumé,Hors agglomération,Hors intersection,Pluie légère,Deux véhicules - arrière,1,1,2,0,1,1,2,9,8,70,2,5,2,0,0,3,22.0,33.0,voiture,voiture,5,1,1,2,2
202000022819,2020-02-19 12:20:00,2020,2,19,12,20,973,97302,CATAYEE (JUSTIN),4.9407653,-52.3309279,Plein jour,En agglomération,Hors intersection,Pluie légère,Deux véhicules - arrière,4,2,2,0,1,1,2,9,1,50,2,3,2,0,0,1,20.0,45.0,voiture,voiture,1,2,1,2,2
202000022820,2020-02-19 09:45:00,2020,2,19,9,45,973,97302,RUE DU VIEUX PORT,4.9365699,-52.3371506,Plein jour,En agglomération,Hors intersection,Pluie légère,Autre collision,4,-1,2,0,1,1,2,9,1,30,1,2,1,0,0,1,54.0,,voiture,,1,2,1,2,6
202000022821,2020-02-19 18:50:00,2020,2,19,18,50,69,69388,ETATS UNIS (DES)                    (BD),45.72925,4.8678,Nuit avec éclairage allumé,En agglomération,Intersection en X,Pluie légère,Deux véhicules - côté,4,2,3,1,1,1,2,9,1,50,2,2,1,0,0,1,35.0,,voiture,,5,2,2,2,3
202000022822,2020-01-07 17:30:00,2020,1,7,17,30,69,69382,PERRACHE                            (QU),45.7343575,4.8181827,Nuit avec éclairage allumé,En agglomération,Intersection en X,Normale,Deux véhicules - côté,4,1,4,0,1,1,1,0,1,50,2,2,1,0,0,1,42.0,22.0,deux_roues,voiture,5,2,2,1,3
202000022823,2020-02-18 17:10:00,2020,2,18,17,10,69,69385,COMMANDANT CHARCOT (DU)             (R ),45.68497,4.93744,Plein jour,En agglomération,Hors intersection,Normale,Autre collision,4,2,2,0,1,1,1,0,1,50,1,2,1,0,1,0,52.0,,voiture,,1,2,1,1,6
202000022824,2020-02-18 20:00:00,2020,2,18,20,0,971,97101,ROUTE DE BOULIQUI,16.269186,-61.503194,Nuit avec éclairage allumé,Hors agglomération,Hors intersection,Normale,Deux véhicules - frontale,4,2,2,0,1,2,1,0,1,70,2,2,1,0,1,0,18.0,22.0,deux_roues,voiture,5,1,1,1,1
202000022825,2020-02-18 17:10:00,2020,2,18,17,10,971,97113,RN4-ROND POINT SAINT FELIX,16.2074905,-61.45657,Plein jour,Hors agglomération,Hors intersection,Normale,Deux véhicules - arrière,2,2,2,0,1,1,1,0,1,80,2,3,2,0,0,1,50.0,29.0,deux_roues,voiture,1,1,1,1,2
202000022826,2020-02-17 13:20:00,2020,2,17,13,20,971,97101,ROUTE DE CHAZEAU,16.2827,-61.48578,Plein jour,Hors agglomération,Hors intersection,Normale,Deux véhicules - frontale,3,2,2,0,1,2,1,0,1,80,2,2,0,0,0,2,55.0,65.0,voiture,voiture,1,1,1,1,1
202000022827,2020-02-13 19:15:00,2020,2,13,19,15,95,95268,AV DU GENERAL DE GAULLE,48.9705215,2.403085,Nuit avec éclairage allumé,En agglomération,Hors intersection,Temps couvert,Autre collision,3,3,2,0,1,1,1,0,1,50,1,2,1,0,0,1,34.0,,voiture,,5,2,1,8,6
202000022828,2020-02-18 12:50:00,2020,2,18,12,50,91,91345,PRESIDENT FRANCOIS MITTERAND,48.69856,2.29557,Plein jour,En agglomération,Hors intersection,Normale,Deux véhicules - côté,3,2,2,0,1,1,1,0,1,50,2,2,1,0,0,1,21.0,46.0,deux_roues,voiture,1,2,1,1,3
202000022829,2020-02-19 15:10:00,2020,2,19,15,10,91,91027,EUROPE (AVENUE DE L'),48.72538,2.41093,Plein jour,En agglomération,Hors intersection,Temps couvert,Deux véhicules - côté,4,2,2,0,1,1,1,0,1,50,2,2,1,0,0,1,28.0,58.0,utilitaire_camion,deux_roues,1,2,1,8,3
202000022830,2020-02-17 09:05:00,2020,2,17,9,5,79,79191,131 Av du Mal de Lattre de Tassigny,46.33443,-0.47201,Plein jour,En agglomération,Hors intersection,Pluie légère,Sans collision,3,2,2,1,1,3,2,0,5,50,1,1,0,0,0,1,40.0,,deux_roues,,1,2,1,2,7
202000022831,2020-02-18 16:20:00,2020,2,18,16,20,79,79191,20 Rue des Fiefs,46.31545,-0.44186,Plein jour,En agglomération,Hors intersection,Normale,Autre collision,4,2,2,0,2,1,1,0,1,50,1,2,1,0,0,1,53.0,,voiture,,1,2,1,1,6
202000022832,2020-02-18 13:35:00,2020,2,18,13,35,78,78640,EUROPE (AVENUE DE L'),48.779311,2.208662,Plein jour,En agglomération,Hors intersection,Normale,Autre collision,4,1,1,0,1,1,1,0,1,50,1,2,1,0,1,0,20.0,,deux_roues,,1,2,1,1,6
202000022833,2020-02-19 18:45:00,2020,2,19,18,45,78,78440,PAUL RAOULT (AVENUE),48.9904048,1.9136374,Nuit avec éclairage allumé,En agglomération,Hors intersection,Pluie légère,Autre collision,3,3,0,0,1,1,2,0,1,50,1,2,1,0,1,0,21.0,,voiture,,5,2,1,2,6
202000022834,2020-02-19 09:10:00,2020,2,19,9,10,77,77294,JEAN CAILLE (RUE) - RD139E,48.975147,2.6419658,Plein jour,En agglomération,Hors intersection,Normale,Autre collision,3,2,1,3,1,1,2,9,1,50,1,4,2,0,0,2,55.0,,transport_commun,,1,2,1,1,6
202000022835,2020-02-19 10:35:00,2020,2,19,10,35,77,77294,PIERRE CURIE (RUE),48.96047,2.60101,Plein jour,En agglomération,Giratoire,Normale,Deux véhicules - arrière,4,-1,2,0,1,1,1,0,1,50,2,2,1,0,0,1,44.0,45.0,deux_roues,voiture,1,2,6,1,2
202000022836,2020-02-18 18:50:00,2020,2,18,18,50,77,77131,REBAIS (AVENUE DE) - D222,48.81536,3.10789,Crépuscule ou aube,Hors agglomération,Giratoire,Normale,Deux véhicules - frontale,3,2,2,0,2,3,1,0,1,50,2,3,1,0,0,2,53.0,52.0,voiture,voiture,2,1,6,1,1
202000022837,2020-02-17 17:25:00,2020,2,17,17,25,76,76366,DIEPPE. ROUTE DE (EX DE GAULLE),49.50716,1.04001,Plein jour,En agglomération,Intersection en X,Normale,Trois véhicules et plus - en chaîne,3,2,2,0,1,1,1,0,1,50,4,4,3,0,0,1,52.0,54.0,voiture,voiture,1,2,2,1,4
202000022838,2020-02-18 20:45:00,2020,2,18,20,45,76,76351,RD 6015,49.5002793,0.1719618,Nuit avec éclairage allumé,Hors agglomération,Hors intersection,Normale,Deux véhicules - côté,3,3,4,0,2,2,1,0,1,70,2,3,1,0,0,2,19.0,44.0,voiture,voiture,5,1,1,1,3
202000022839,2020-02-18 11:55:00,2020,2,18,11,55,71,71040,Route de Montchanin,46.6981605,4.4008527,Plein jour,En agglomération,Hors intersection,Normale,Sans collision,3,2,2,0,2,1,1,0,1,80,1,1,0,0,0,1,22.0,,voiture,,1,2,1,1,7
202000022840,2020-02-19 18:25:00,2020,2,19,18,25,69,69266,FRANCOIS GILLET      (Rue),45.7596,4.8754,Nuit avec éclairage allumé,En agglomération,Giratoire,Pluie légère,Autre collision,4,2,2,0,1,1,2,0,1,50,1,3,1,0,0,2,25.0,,deux_roues,,5,2,6,2,6
202000022841,2020-02-19 11:00:00,2020,2,19,11,0,69,69266,FRANCIS DE PRESSENSE    (Rue),45.76974,4.89151,Plein jour,En agglomération,Hors intersection,Pluie légère,Deux véhicules - côté,4,1,2,1,1,1,2,0,5,50,2,2,1,0,0,1,28.0,59.0,deux_roues,utilitaire_camion,1,2,1,2,3
202000022842,2020-02-19 18:50:00,2020,2,19,18,50,69,69264,RONCEVAUX R,45.9952682,4.7169868,Crépuscule ou aube,En agglomération,Hors intersection,Pluie légère,Autre collision,4,2,2,0,1,2,2,0,1,50,1,2,1,0,0,1,54.0,,voiture,,2,2,1,2,6
202000022843,2020-02-18 19:30:00,2020,2,18,19,30,67,67482,PETITES FERMES (RUE DES),48.580204,7.7136459,Nuit avec éclairage allumé,En agglomération,Hors intersection,Normale,Autre collision,4,2,2,0,1,1,2,0,1,30,1,2,1,0,0,1,21.0,,voiture,,5,2,1,1,6
202000022844,2020-02-18 19:42:00,2020,2,18,19,42,64,64129,CLAVERIE,43.3046067,-0.3910403,Nuit avec éclairage allumé,En agglomération,Intersection en T,Normale,Deux véhicules - frontale,4,2,2,0,2,1,1,0,1,50,2,2,0,0,1,1,40.0,51.0,voiture,voiture,5,2,3,1,1
202000022845,2020-02-07 21:15:00,2020,2,7,21,15,59,59009,BREUCQ BOULEVARD DU,50.620091,3.135076,Nuit avec éclairage allumé,En agglomération,Intersection en T,Normale,Deux véhicules - côté,2,1,2,0,1,1,1,2,1,50,2,2,1,0,0,1,20.0,28.0,voiture,voiture,5,2,3,1,3
202000022846,2020-02-19 15:55:00,2020,2,19,15,55,59,59009,VENTOUX RUE DU,50.6194,3.1306,Plein jour,En agglomération,Hors intersection,Normale,Autre collision,4,1,1,3,1,1,1,9,6,30,1,2,1,0,0,1,49.0,,transport_commun,,1,2,1,1,6
202000022847,2020-02-19 07:00:00,2020,2,19,7,0,56,56121,ROUTE DEPARTEMENTALE 465,47.75879,-3.38438,Nuit sans éclairage public,Hors agglomération,Intersection en Y,Normale,Autre collision,3,3,5,0,1,1,1,3,8,70,1,1,0,0,0,1,22.0,,voiture,,3,1,4,1,6