accident_id,datetime,annee,mois,jour,heure,minute,departement,commune_insee,adresse,latitude,longitude,luminosite,agglomeration,intersection,meteo,collision,catr,circ,nbv,vosp,prof,plan,surf,infra,situ,vma,nb_vehicules,nb_usagers,nb_indemnes,nb_tues,nb_blesses_hosp,nb_blesses_legers,age_cond_1,age_cond_2,veh_type_cond_1,veh_type_cond_2,lum_code,agg_code,int_code,atm_code,col_code
202000022848,2020-02-18 17:50:00,2020,2,18,17,50,56,56121,LE COUTALLER ( RUE JEAN ),47.7476,-3.36907,Plein jour,En agglomération,Hors intersection,Normale,Autre collision,4,2,2,0,1,3,1,0,1,50,1,1,0,0,0,1,19.0,,deux_roues,,1,2,1,1,6
202000022849,2020-02-18 16:30:00,2020,2,18,16,30,56,56162,ANSE DU STOLE (RUE),47.70696,-3.42111,Plein jour,En agglomération,Intersection en Y,Normale,Deux véhicules - côté,4,2,2,0,1,3,1,5,1,50,2,2,1,0,0,1,17.0,24.0,deux_roues,voiture,1,2,4,1,3
202000022850,2020-02-19 14:50:00,2020,2,19,14,50,54,54395,MON DESERT (RUE),48.6840777,6.1765949,Plein jour,En agglomération,Intersection en X,Normale,Deux véhicules - côté,4,1,2,0,1,1,1,0,1,50,2,3,2,0,0,1,67.0,22.0,voiture,deux_roues,1,2,2,1,3
202000022851,2020-02-19 14:30:00,2020,2,19,14,30,51,51493,Chemin de Saint Leonard,49.2248508,4.0967621,Plein jour,Hors agglomération,Giratoire,Normale,Deux véhicules - arrière,4,2,8,0,1,1,1,0,1,50,2,3,2,0,0,1,22.0,20.0,voiture,voiture,1,1,6,1,2
202000022852,2020-02-18 19:05:00,2020,2,18,19,5,49,49007,Jean de la Fontaine,47.45872,-0.55158,Nuit avec éclairage allumé,En agglomération,Hors intersection,Normale,Deux véhicules - frontale,4,2,2,0,1,1,2,0,1,60,2,2,1,0,0,1,23.0,24.0,voiture,deux_roues,5,2,1,1,1
202000022853,2020-02-19 11:00:00,2020,2,19,11,0,45,45234,Boulevard Rocheplatte,47.90747,1.90156,Plein jour,En agglomération,Giratoire,Normale,Autre collision,4,1,3,0,1,1,1,0,1,50,1,2,1,0,0,1,73.0,,voiture,,1,2,6,1,6
202000022854,2020-02-18 17:50:00,2020,2,18,17,50,41,41226,PARIS (ROUTE DE),47.8107,1.0738,Plein jour,Hors agglomération,Intersection en T,Normale,Trois véhicules et plus - collisions multiples,2,1,2,0,2,1,1,0,1,70,3,3,0,0,1,2,55.0,23.0,voiture,voiture,1,1,3,1,5
202000022855,2020-02-17 17:10:00,2020,2,17,17,10,40,40088,COLLEGE (BOULEVARD DU),43.7057,-1.0593,Plein jour,En agglomération,Hors intersection,Normale,Autre collision,4,2,3,0,1,1,1,0,1,30,1,2,1,0,1,0,50.0,,voiture,,1,2,1,1,6
202000022856,2020-02-19 08:10:00,2020,2,19,8,10,38,38563,Avenue de Verdun,45.37413,5.58022,Plein jour,En agglomération,Intersection en T,Pluie légère,Deux véhicules - arrière,3,3,2,0,2,1,2,0,1,50,2,2,1,0,0,1,20.0,46.0,deux_roues,voiture,1,2,3,2,2
202000022857,2020-02-19 20:15:00,2020,2,19,20,15,35,35238,21 Rue Maréchal Joffre,48.1083,-1.6778,Nuit avec éclairage allumé,En agglomération,Hors intersection,Normale,Autre collision,4,2,2,3,1,1,1,0,4,30,1,2,1,0,0,1,18.0,,deux_roues,,5,2,1,1,6
202000022858,2020-02-19 18:50:00,2020,2,19,18,50,35,35051,BRAY (RUE DE),48.10779,-1.61455,Nuit avec éclairage allumé,En agglomération,Hors intersection,Normale,Deux véhicules - côté,4,2,2,0,1,1,1,0,1,50,2,2,1,0,0,1,22.0,28.0,deux_roues,voiture,5,2,1,1,3
202000022859,2020-02-14 20:40:00,2020,2,14,20,40,34,34108,MONTPELLIER (ROUTE DE),43.47357,3.77001,Nuit sans éclairage public,Hors agglomération,Intersection en Y,Normale,Deux véhicules - côté,3,2,2,0,1,1,1,3,1,80,2,2,1,0,1,0,17.0,22.0,deux_roues,voiture,3,1,4,1,3
202000022860,2020-02-19 19:15:00,2020,2,19,19,15,33,33069,RUE DU PRESIDENT KENNEDY / RUE LES CEDRES BLEUS,44.86724,-0.61035,Nuit avec éclairage allumé,En agglomération,Intersection en T,Normale,Autre collision,4,2,2,0,1,1,1,0,1,50,1,2,1,0,0,1,59.0,,voiture,,5,2,3,1,6
202000022861,2020-02-19 13:25:00,2020,2,19,13,25,33,33063,CRS EDOUARD VAILLANT / RUE JEAN HAMEAU / CRS LOUIS FARGUE,44.86543,-0.56531,Plein jour,En agglomération,Intersection en X,Normale,Deux véhicules - côté,4,2,4,2,1,1,1,5,1,50,2,2,1,0,1,0,43.0,51.0,deux_roues,voiture,1,2,2,1,3
202000022862,2020-02-19 11:35:00,2020,2,19,11,35,33,33550,RUE LOUIS DE FUNES,44.78957,-0.53077,Plein jour,En agglomération,Hors intersection,Normale,Deux véhicules - côté,6,-1,0,0,1,1,1,0,1,50,2,4,2,0,0,2,32.0,33.0,voiture,voiture,1,2,1,1,3
202000022863,2020-02-12 14:25:00,2020,2,12,14,25,33,33063,12 RUE DOCTEUR JEAN VINCENT,44.87675,-0.56054,Plein jour,En agglomération,Hors intersection,Normale,Autre collision,4,2,2,0,1,1,1,0,1,50,1,1,0,0,1,0,,,,,1,2,1,1,6
202000022864,2020-02-14 21:00:00,2020,2,14,21,0,30,30189,CITE FOULC (RUE),43.83224,4.36063,Nuit avec éclairage allumé,En agglomération,Intersection en X,Normale,Deux véhicules - côté,4,1,1,0,2,1,1,0,1,50,2,1,0,0,0,1,27.0,,deux_roues,,5,2,2,1,3
202000022865,2020-02-18 10:43:00,2020,2,18,10,43,29,29019,Rue Yves Collet,48.3943279,-4.4785253,Plein jour,En agglomération,Giratoire,Normale,Autre collision,4,2,2,0,2,1,1,5,1,50,1,3,2,0,0,1,30.0,,voiture,,1,2,6,1,6
202000022866,2020-02-19 18:55:00,2020,2,19,18,55,26,26057,RD 538,45.00677,5.03697,Nuit sans éclairage public,Hors agglomération,Autre intersection,Normale,Deux véhicules - arrière,3,2,2,0,1,1,1,0,1,80,2,2,1,1,0,0,57.0,32.0,voiture,deux_roues,3,1,9,1,2
202000022867,2020-02-19 08:45:00,2020,2,19,8,45,22,22113,AIGUILLON (QUAI D'),48.73118,-3.46013,Plein jour,En agglomération,Hors intersection,Temps couvert,Autre collision,3,1,2,0,1,1,1,0,1,30,1,2,1,0,1,0,46.0,,utilitaire_camion,,1,2,1,8,6
202000022868,2020-02-19 16:35:00,2020,2,19,16,35,17,17333,LECLERC (DU MARECHAL),45.60459,-0.99904,Plein jour,En agglomération,Intersection en X,Normale,Deux véhicules - côté,4,-1,1,0,1,1,1,0,1,50,2,3,1,0,0,2,31.0,59.0,voiture,voiture,1,2,2,1,3
202000022869,2020-02-19 15:50:00,2020,2,19,15,50,17,17306,GARNIER (BD FREDERIC),45.62385,-1.03233,Plein jour,En agglomération,Hors intersection,Normale,Deux véhicules - arrière,4,2,2,0,1,1,1,0,1,30,2,2,1,0,0,1,25.0,75.0,utilitaire_camion,deux_roues,1,2,1,1,2
202000022870,2020-02-18 18:00:00,2020,2,18,18,0,17,17306,ROCHEFORT (DE)  (AVENUE),45.642966,-1.024768,Plein jour,En agglomération,Intersection en T,Normale,Deux véhicules - côté,4,2,2,0,1,1,1,0,1,50,2,3,1,0,1,1,44.0,18.0,voiture,deux_roues,1,2,3,1,3
202000022871,2020-02-19 08:20:00,2020,2,19,8,20,17,17200,HUIT MAI 1945   AVENUE DU,46.19031,-1.14727,Plein jour,En agglomération,Giratoire,Pluie légère,Deux véhicules - côté,3,1,2,0,1,2,2,0,1,50,2,2,1,0,0,1,44.0,49.0,voiture,transport_commun,1,2,6,2,3
202000022872,2020-02-19 22:21:00,2020,2,19,22,21,13,13203,BD FERDINAND DE LESSEPS,43.31928,5.3689,Nuit avec éclairage allumé,En agglomération,Hors intersection,Normale,Deux véhicules - arrière,4,1,2,0,1,1,1,2,1,50,2,2,1,0,0,1,50.0,29.0,deux_roues,voiture,5,2,1,1,2
202000022873,2020-02-19 12:50:00,2020,2,19,12,50,13,13201,LAFAYETTE (RUE),43.301612,5.381657,Plein jour,En agglomération,Intersection en X,Normale,Deux véhicules - côté,4,1,2,0,2,1,1,0,1,50,2,2,0,0,0,2,18.0,,deux_roues,,1,2,2,1,3
202000022874,2020-02-19 08:45:00,2020,2,19,8,45,13,13215,DE SAINT LOUIS AU ROVE (chemin),43.347,5.358,Plein jour,En agglomération,Hors intersection,Autre,Sans collision,4,2,2,0,1,1,1,0,1,50,1,2,1,0,0,1,44.0,,voiture,,1,2,1,9,7
202000022875,2020-02-19 08:15:00,2020,2,19,8,15,13,13209,SCHLOESING (BOULEVARD),43.2699,5.4028,Plein jour,En agglomération,Hors intersection,Normale,Deux véhicules - côté,4,2,6,0,1,1,1,5,1,50,2,2,1,0,0,1,24.0,24.0,utilitaire_camion,deux_roues,1,2,1,1,3
202000022876,2020-02-18 18:00:00,2020,2,18,18,0,13,13002,SALVATORE ALLENDE (BOULEVARD),43.35192,5.47726,Crépuscule ou aube,Hors agglomération,Hors intersection,Normale,Sans collision,4,2,2,0,1,1,1,0,1,50,1,1,0,0,1,0,20.0,,deux_roues,,2,1,1,1,7
202000022877,2020-02-18 08:40:00,2020,2,18,8,40,13,13202,CHEMIN DU LITTORAL (CHEMIN DU),43.331073,5.354888,Plein jour,En agglomération,Intersection en Y,Normale,Deux véhicules - côté,4,4,4,0,1,1,1,0,1,50,2,2,1,0,1,0,67.0,58.0,utilitaire_camion,deux_roues,1,2,4,1,3
202000022878,2020-02-18 16:35:00,2020,2,18,16,35,13,13063,Rue de la Quenouille,43.5883645,4.9940428,Plein jour,Hors agglomération,Giratoire,Normale,Sans collision,4,1,2,0,1,2,1,0,3,50,1,1,0,0,0,1,24.0,,utilitaire_camion,,1,1,6,1,7
202000022879,2020-02-19 21:15:00,2020,2,19,21,15,13,13005,VERDUN (AVENUE DE),43.2892,5.5725,Nuit avec éclairage allumé,En agglomération,Autre intersection,Normale,Deux véhicules - côté,3,2,2,0,1,1,1,0,1,50,2,3,2,0,0,1,18.0,34.0,deux_roues,voiture,5,2,9,1,3
202000022880,2020-02-19 16:15:00,2020,2,19,16,15,06,06029,BACHAGA SAID BOUALAM (AVENUE),43.553,7.012,Plein jour,En agglomération,Hors intersection,Normale,Deux véhicules - côté,4,3,2,0,1,1,1,0,1,50,2,2,1,0,0,1,17.0,72.0,utilitaire_camion,deux_roues,1,2,1,1,3
202000022881,2020-02-19 14:20:00,2020,2,19,14,20,06,06030,NOIRCARME (RUE LIEUTENANT),43.5731,7.0154,Plein jour,Hors agglomération,Hors intersection,Normale,Deux véhicules - côté,4,2,2,0,1,1,1,0,1,50,2,2,1,0,0,1,66.0,47.0,utilitaire_camion,utilitaire_camion,1,1,1,1,3
202000022882,2020-02-18 09:42:00,2020,2,18,9,42,05,05061,CLAIR LOGIS (CHEMIN  DU ),44.55557,6.079073,Plein jour,En agglomération,Intersection en T,Normale,Deux véhicules - côté,3,4,3,0,4,3,1,0,1,50,2,3,2,0,0,1,47.0,77.0,utilitaire_camion,voiture,1,2,3,1,3
202000022883,2020-02-15 16:15:00,2020,2,15,16,15,03,03310,Rue Georges Clémenceau,46.125303,3.4226278,Plein jour,En agglomération,Hors intersection,Normale,Autre collision,4,1,1,0,1,1,1,0,1,50,1,2,1,0,0,1,69.0,,voiture,,1,2,1,1,6
202000022884,2020-02-19 09:15:00,2020,2,19,9,15,03,03185,,46.3460769,2.6039146,Plein jour,En agglomération,Hors intersection,Pluie légère,Deux véhicules - frontale,4,3,1,0,1,3,2,0,1,50,2,2,1,0,1,0,21.0,69.0,deux_roues,voiture,1,2,1,2,1
202000022885,2020-01-16 16:55:00,2020,1,16,16,55,01,01053,BAD KREUZNACH  (AVENUE DE - N° PAIRS),46.210957,5.239504,Plein jour,En agglomération,Hors intersection,Normale,Autre collision,4,-1,1,0,2,1,1,0,8,50,1,2,1,0,0,1,64.0,,voiture,,1,2,1,1,6
202000022886,2020-02-19 07:57:00,2020,2,19,7,57,75,75104,QUAI DE LA CORSE,48.855826,2.347745,Plein jour,En agglomération,Intersection en T,Normale,Deux véhicules - côté,4,1,2,0,1,1,1,0,1,50,2,3,2,0,0,1,34.0,34.0,utilitaire_camion,deux_roues,1,2,3,1,3
202000022887,2020-02-19 11:30:00,2020,2,19,11,30,75,75105,RUE PIERRE BROSSOLETTE,48.841879,2.347574,Plein jour,En agglomération,Hors intersection,Normale,Autre collision,4,2,2,0,1,1,1,0,1,30,1,1,0,0,0,1,53.0,,deux_roues,,1,2,1,1,6
202000022888,2020-02-18 18:05:00,2020,2,18,18,5,75,75116,AVENUE KLEBER,48.865038,2.288713,Nuit avec éclairage allumé,En agglomération,Intersection à plus de 4 branches,Normale,Deux véhicules - côté,4,2,4,0,1,1,1,0,1,50,2,2,1,0,0,1,39.0,43.0,voiture,deux_roues,5,2,5,1,3
202000022889,2020-02-18 09:00:00,2020,2,18,9,0,75,75116,VOIE GEORGES POMPIDOU,48.852443,2.281181,Plein jour,En agglomération,Hors intersection,Normale,Deux véhicules - frontale,4,1,1,1,1,1,1,-1,5,50,2,2,1,0,0,1,56.0,42.0,deux_roues,deux_roues,1,2,1,1,1
202000022890,2020-02-19 09:30:00,2020,2,19,9,30,75,75115,RUE SAINT CHARLES,48.844762,2.283913,Plein jour,En agglomération,Intersection en X,Normale,Autre collision,4,1,1,0,1,1,1,0,1,50,1,2,1,0,0,1,52.0,,voiture,,1,2,2,1,6
202000022891,2020-02-19 19:00:00,2020,2,19,19,0,75,75114,RUE D ALESIA,48.82781,2.328966,Nuit avec éclairage allumé,En agglomération,Intersection en T,Pluie légère,Autre collision,4,2,1,0,1,1,2,0,1,30,1,2,1,0,0,1,58.0,,voiture,,5,2,3,2,6
202000022892,2020-02-19 17:10:00,2020,2,19,17,10,75,75112,AVENUE DE SAINT MANDE,48.844658,2.405729,Plein jour,En agglomération,Intersection à plus de 4 branches,Pluie légère,,4,2,3,1,4,1,2,-1,5,50,2,1,0,0,0,1,79.0,,deux_roues,,1,2,5,2,-1
202000022893,2020-02-19 18:00:00,2020,2,19,18,0,75,75111,BOULEVARD RICHARD LENOIR,48.864713,2.370144,Nuit sans éclairage public,En agglomération,Intersection en X,Pluie légère,Autre collision,4,1,4,1,1,1,2,0,1,50,1,2,1,0,0,1,39.0,,deux_roues,,3,2,2,2,6
202000022894,2020-02-19 09:50:00,2020,2,19,9,50,75,75110,RUE D HAUTEVILLE,48.872395,2.350119,Plein jour,En agglomération,Hors intersection,Normale,Deux véhicules - côté,4,1,1,0,1,1,1,0,1,50,2,3,2,0,0,1,61.0,29.0,voiture,deux_roues,1,2,1,1,3
202000022895,2020-02-17 17:30:00,2020,2,17,17,30,75,75117,BOULEVARD BESSIERES,48.897628,2.324139,Plein jour,En agglomération,Intersection à plus de 4 branches,Pluie légère,Deux véhicules - côté,4,2,3,1,1,1,2,5,1,50,2,2,1,0,0,1,35.0,40.0,voiture,deux_roues,1,2,5,2,3
202000022896,2020-02-19 07:35:00,2020,2,19,7,35,94,94074,Avenue Julien Duranton,48.7580991,2.4518489,Crépuscule ou aube,En agglomération,Hors intersection,Normale,Sans collision,3,2,2,0,2,1,2,0,1,50,1,1,0,0,0,1,28.0,,deux_roues,,2,2,1,1,7
202000022897,2020-09-09 06:40:00,2020,9,9,6,40,43,43152,RN 102,45.077994,3.83712,Crépuscule ou aube,Hors agglomération,Intersection en T,Normale,Trois véhicules et plus - collisions multiples,2,2,2,0,2,1,1,0,1,80,3,3,1,1,0,1,57.0,52.0,voiture,deux_roues,2,1,3,1,5
202000022898,2020-09-10 12:15:00,2020,9,10,12,15,07,07134,D104,44.5015049,4.2939913,Plein jour,Hors agglomération,Hors intersection,Normale,Deux véhicules - côté,3,2,2,0,1,1,1,0,1,80,2,2,1,0,1,0,69.0,21.0,voiture,utilitaire_camion,1,1,1,1,3
202000022899,2020-09-08 13:35:00,2020,9,8,13,35,53,53147,291 Rue de Saint Leonard,48.309827,-0.61547,Plein jour,En agglomération,Hors intersection,Normale,Sans collision,4,2,2,0,2,2,1,0,1,50,1,1,0,0,1,0,27.0,,deux_roues,,1,2,1,1,7
202000022900,2020-09-04 17:35:00,2020,9,4,17,35,37,37117,,47.4158026,0.2887465,Plein jour,Hors agglomération,Hors intersection,Normale,Deux véhicules - frontale,3,2,2,0,1,4,1,0,1,80,2,2,1,0,0,1,65.0,52.0,voiture,voiture,1,1,1,1,1
202000022901,2020-09-09 15:30:00,2020,9,9,15,30,30,30325,D999,43.992058,3.679937,Plein jour,Hors agglomération,Hors intersection,Normale,Deux véhicules - frontale,3,2,2,0,1,1,2,0,1,80,2,3,0,0,1,2,54.0,37.0,voiture,voiture,1,1,1,1,1
202000022902,2020-09-09 11:05:00,2020,9,9,11,5,67,67326,Rue du Depot,48.623818,7.720551,Plein jour,En agglomération,Hors intersection,Normale,Deux véhicules - frontale,4,2,2,0,1,1,1,9,1,50,2,2,1,1,0,0,32.0,70.0,utilitaire_camion,deux_roues,1,2,1,1,1
202000022903,2020-09-10 10:50:00,2020,9,10,10,50,69,69244,49 avenue de la république,45.7639042,4.77928,Plein jour,En agglomération,Hors intersection,Normale,Autre collision,3,2,2,3,1,1,1,0,1,-1,1,2,1,0,0,1,83.0,,voiture,,1,2,1,1,6
202000022904,2020-09-09 14:15:00,2020,9,9,14,15,971,97115,1517 Route de la Lezarde,16.252794,-61.649303,Plein jour,Hors agglomération,Hors intersection,Normale,Deux véhicules - frontale,3,2,2,0,1,4,1,0,1,-1,2,2,1,0,0,1,51.0,68.0,voiture,voiture,1,1,1,1,1
202000022905,2020-09-09 23:15:00,2020,9,9,23,15,45,45312,D2007-PR27+700,47.9221497,2.7374323,Nuit sans éclairage public,En agglomération,Hors intersection,Normale,Deux véhicules - frontale,3,2,3,0,1,1,1,8,1,80,2,3,2,0,0,1,35.0,33.0,deux_roues,voiture,3,2,1,1,1
202000022906,2020-08-18 15:55:00,2020,8,18,15,55,2B,2B042,Avenue de Borgo,42.550496,9.442089,Plein jour,En agglomération,Hors intersection,Normale,Deux véhicules - arrière,3,3,2,0,1,1,1,0,1,50,2,2,1,0,1,0,50.0,28.0,voiture,voiture,1,2,1,1,2
202000022907,2020-09-01 11:15:00,2020,9,1,11,15,83,83071,Boulevard Louis Bernard,43.122439,6.245444,Plein jour,Hors agglomération,Hors intersection,Normale,Autre collision,4,2,2,2,1,1,1,9,1,30,1,2,1,0,1,0,56.0,,voiture,,1,1,1,1,6
202000022908,2020-09-05 09:45:00,2020,9,5,9,45,13,13016,2 Avenue de la Liberation,43.393721,5.594275,Plein jour,En agglomération,Intersection en T,Normale,Deux véhicules - côté,3,2,2,0,2,1,1,0,1,50,2,2,1,0,0,1,53.0,58.0,deux_roues,voiture,1,2,3,1,3
202000022909,2020-09-06 05:10:00,2020,9,6,5,10,13,13004,Rue d'Arles,43.641666,4.714336,Nuit sans éclairage public,Hors agglomération,Hors intersection,Normale,Deux véhicules - côté,2,3,4,0,1,1,1,0,1,110,2,6,0,0,0,6,24.0,25.0,voiture,voiture,3,1,1,1,3
202000022910,2020-09-10 13:00:00,2020,9,10,13,0,88,88024,5 Grande Rue,48.373943,6.211037,Plein jour,En agglomération,Hors intersection,Normale,Autre collision,4,2,2,0,1,1,1,0,1,50,1,2,1,0,1,0,20.0,,voiture,,1,2,1,1,6
202000022911,2020-09-09 12:15:00,2020,9,9,12,15,03,03290,7 Route de Moulins,46.6258498,3.2856606,Plein jour,Hors agglomération,Hors intersection,Normale,Sans collision,2,3,2,0,1,1,1,0,1,80,1,1,0,0,1,0,56.0,,deux_roues,,1,1,1,1,7
202000022912,2020-09-05 13:50:00,2020,9,5,13,50,38,38110,N7,45.56151,4.860372,Plein jour,Hors agglomération,Hors intersection,Normale,Autre collision,2,2,2,0,1,1,1,0,3,80,1,1,0,0,0,1,25.0,,voiture,,1,1,1,1,6
202000022913,2020-09-09 19:00:00,2020,9,9,19,0,69,69072,D77,45.821592,4.726567,Plein jour,Hors agglomération,Giratoire,Normale,Deux véhicules - frontale,3,1,1,0,1,2,1,0,1,50,2,2,1,0,1,0,54.0,45.0,voiture,deux_roues,1,1,6,1,1
202000022914,2020-09-07 07:00:00,2020,9,7,7,0,44,44204,La Belle Etoile,47.282355,-1.453779,Plein jour,Hors agglomération,Giratoire,Normale,Deux véhicules - côté,7,3,2,0,1,2,1,0,1,80,2,2,1,0,0,1,20.0,47.0,deux_roues,voiture,1,1,6,1,3
202000022915,2020-09-09 16:45:00,2020,9,9,16,45,60,60450,D929,49.229033,2.294919,Plein jour,Hors agglomération,Hors intersection,Normale,Deux véhicules - frontale,3,2,2,0,1,1,1,0,3,-1,2,2,1,0,0,1,45.0,22.0,voiture,voiture,1,1,1,1,1
202000022916,2020-09-10 20:29:00,2020,9,10,20,29,60,60041,D125,49.380071,2.249263,Nuit sans éclairage public,Hors agglomération,Hors intersection,Normale,Sans collision,3,2,2,0,1,1,1,0,8,80,1,1,0,0,0,1,40.0,,deux_roues,,3,1,1,1,7
202000022917,2020-09-09 19:18:00,2020,9,9,19,18,13,13019,A51-Sens Marseille vers Aix en Provence,43.423594,5.374132,Plein jour,Hors agglomération,Hors intersection,Pluie légère,Autre collision,1,-1,3,0,1,1,4,0,1,90,1,1,0,0,0,1,26.0,,voiture,,1,1,1,2,6
202000022918,2020-09-06 05:10:00,2020,9,6,5,10,13,13055,A507 sens Aubagne- Marseille,43.295665,5.424711,Nuit avec éclairage allumé,Hors agglomération,Hors intersection,Normale,Deux véhicules - arrière,7,3,2,0,1,1,1,0,1,70,2,3,2,0,0,1,30.0,,voiture,,5,1,1,1,2
202000022919,2020-09-06 03:25:00,2020,9,6,3,25,69,69271,RN346   34.850 A 36.215,45.7449431,4.9884394,Nuit sans éclairage public,Hors agglomération,Hors intersection,Normale,Deux véhicules - arrière,2,3,4,0,2,2,1,0,1,90,2,3,1,0,1,1,58.0,22.0,voiture,voiture,3,1,1,1,2
202000022920,2020-09-04 20:35:00,2020,9,4,20,35,54,54115,Autoroute A 31,48.72954,6.1617,Crépuscule ou aube,Hors agglomération,Hors intersection,Normale,Deux véhicules - arrière,1,3,6,0,1,1,1,0,1,90,2,1,0,0,0,1,21.0,,voiture,,2,1,1,1,2
202000022921,2020-09-09 13:40:00,2020,9,9,13,40,33,33065,ROUTE NATIONALE 230,44.81138,-0.52235,Plein jour,Hors agglomération,Hors intersection,Normale,Deux véhicules - côté,2,3,8,0,1,3,1,3,1,90,2,2,1,0,0,1,35.0,71.0,utilitaire_camion,voiture,1,1,1,1,3
202000022922,2020-09-04 08:45:00,2020,9,4,8,45,59,59350,ROUTE NATIONALE 356,50.6322617,3.0828747,Plein jour,Hors agglomération,Hors intersection,Autre,,2,3,4,0,1,1,2,0,1,70,2,2,1,0,0,1,41.0,28.0,deux_roues,voiture,1,1,1,9,-1
202000022923,2020-09-02 21:00:00,2020,9,2,21,0,59,59330,AUTOROUTE A23,50.455721,3.315988,Crépuscule ou aube,Hors agglomération,Hors intersection,Normale,Deux véhicules - arrière,1,3,4,0,1,1,1,0,1,110,2,2,1,0,1,0,37.0,43.0,voiture,utilitaire_camion,2,1,1,1,2
202000022924,2020-09-02 13:02:00,2020,9,2,13,2,59,59155,AUTOROUTE A16,51.013565,2.381615,Plein jour,Hors agglomération,Hors intersection,Normale,Autre collision,1,3,5,0,1,3,1,0,1,110,1,1,0,0,1,0,53.0,,voiture,,1,1,1,1,6
202000022925,2020-09-04 06:30:00,2020,9,4,6,30,59,59288,AUTOROUTE A2,50.314489,3.405145,Crépuscule ou aube,Hors agglomération,Hors intersection,Normale,Trois véhicules et plus - collisions multiples,1,3,4,0,1,1,1,0,1,110,3,3,1,0,1,1,48.0,34.0,utilitaire_camion,voiture,2,1,1,1,5
202000022926,2020-09-09 08:45:00,2020,9,9,8,45,94,94065,AUTOROUTE A86,48.7548,2.3468,Plein jour,Hors agglomération,Hors intersection,Normale,Deux véhicules - côté,2,1,4,0,1,1,1,0,1,90,2,2,1,0,0,1,57.0,25.0,voiture,deux_roues,1,1,1,1,3
202000022927,2020-09-09 06:50:00,2020,9,9,6,50,91,91689,AUTOROUTE A6,48.7334,2.316,Crépuscule ou aube,Hors agglomération,Hors intersection,Normale,Deux véhicules - arrière,1,1,3,0,1,1,1,0,1,110,2,1,0,0,1,0,35.0,,deux_roues,,2,1,1,1,2
202000022928,2020-09-09 17:15:00,2020,9,9,17,15,78,78297,RN12,48.789194,2.069099,Plein jour,Hors agglomération,Hors intersection,Normale,Trois véhicules et plus - en chaîne,2,3,6,0,1,1,1,0,1,110,4,4,1,0,0,3,18.0,24.0,voiture,voiture,1,1,1,1,4
202000022929,2020-09-09 12:00:00,2020,9,9,12,0,93,93053,AUTOROUTE A3,48.89454,2.47174,Plein jour,Hors agglomération,Hors intersection,Normale,Trois véhicules et plus - collisions multiples,1,3,10,0,1,1,1,0,1,70,3,3,2,0,0,1,38.0,19.0,utilitaire_camion,voiture,1,1,1,1,5
202000022930,2020-05-14 17:15:00,2020,5,14,17,15,976,97611,m'tsapere-Nationale 2 (route),-12.7888612,45.2245929,Plein jour,En agglomération,Hors intersection,Normale,Autre collision,4,2,0,0,1,1,1,0,1,50,1,2,1,0,0,1,29.0,,voiture,,1,2,1,1,6
202000022931,2020-02-25 22:50:00,2020,2,25,22,50,75,75110,QUAI DE VALMY,48.870758,2.365405,Nuit avec éclairage allumé,En agglomération,Intersection en X,Normale,Deux véhicules - côté,4,1,2,0,1,1,1,2,1,30,2,2,1,0,1,0,24.0,38.0,utilitaire_camion,deux_roues,5,2,2,1,3
202000022932,2020-03-08 17:35:00,2020,3,8,17,35,92,92044,LOUIS ROUQUIER (RUE)113+ ET 106+,48.8928401,2.2920857,Plein jour,En agglomération,Hors intersection,Pluie légère,Autre collision,4,1,2,0,1,1,1,0,1,50,1,2,1,0,0,1,31.0,,voiture,,1,2,1,2,6
202000022933,2020-03-14 11:15:00,2020,3,14,11,15,69,69273,RD301,45.6674776,4.9180868,Plein jour,Hors agglomération,Hors intersection,Normale,Deux véhicules - arrière,3,3,2,0,1,1,1,0,1,90,2,3,1,0,0,2,35.0,64.0,voiture,voiture,1,1,1,1,2
202000022934,2020-09-08 06:35:00,2020,9,8,6,35,974,97416,RECHERCHANT(RUE ADRIEN),-21.28197,55.47418,Plein jour,En agglomération,Giratoire,Normale,Autre collision,3,2,2,0,1,1,1,0,8,50,1,2,1,0,0,1,54.0,,utilitaire_camion,,1,2,6,1,6
202000022935,2020-09-07 14:00:00,2020,9,7,14,0,974,97411,MONTAGNE (ROUTE DE LA),-20.8895879,55.4359604,Plein jour,Hors agglomération,Hors intersection,Pluie forte,Deux véhicules - frontale,3,2,0,0,2,2,2,0,1,90,2,3,0,0,0,3,46.0,29.0,voiture,voiture,1,1,1,3,1
202000022936,2020-09-08 07:00:00,2020,9,8,7,0,973,97302,MANGO (ROUTE),4.9304771,-52.3162508,Plein jour,En agglomération,Autre intersection,Normale,Deux véhicules - côté,4,2,1,0,2,1,1,0,1,50,2,3,2,0,0,1,39.0,18.0,voiture,deux_roues,1,2,9,1,3
202000022937,2020-09-08 21:00:00,2020,9,8,21,0,69,69383,JEAN LARRIVE                        (R ),45.7584035,4.8413521,Nuit avec éclairage allumé,En agglomération,Intersection en X,Normale,Deux véhicules - côté,4,1,1,0,1,1,1,0,1,50,2,2,1,0,0,1,33.0,21.0,voiture,deux_roues,5,2,2,1,3
202000022938,2020-09-08 19:00:00,2020,9,8,19,0,69,69388,ETATS UNIS (DES)                    (BD),45.73715,4.8614,Plein jour,En agglomération,Intersection en X,Normale,Deux véhicules - côté,4,1,4,1,1,1,1,0,1,50,2,2,1,0,1,0,25.0,32.0,voiture,deux_roues,1,2,2,1,3
202000022939,2020-09-08 17:00:00,2020,9,8,17,0,69,69259,LOUISE MICHEL                       (R ),45.7281039,4.8574833,Plein jour,En agglomération,Giratoire,Temps éblouissant,Deux véhicules - côté,4,4,4,0,1,2,1,5,1,50,2,2,1,0,0,1,26.0,30.0,deux_roues,voiture,1,2,6,7,3