accident_id,datetime,annee,mois,jour,heure,minute,departement,commune_insee,adresse,latitude,longitude,luminosite,agglomeration,intersection,meteo,collision,catr,circ,nbv,vosp,prof,plan,surf,infra,situ,vma,nb_vehicules,nb_usagers,nb_indemnes,nb_tues,nb_blesses_hosp,nb_blesses_legers,age_cond_1,age_cond_2,veh_type_cond_1,veh_type_cond_2,lum_code,agg_code,int_code,atm_code,col_code
202000023032,2020-09-08 17:55:00,2020,9,8,17,55,75,75120,RUE DES COURONNES,48.87021,2.38445,Crépuscule ou aube,En agglomération,Intersection en X,Normale,Deux véhicules - frontale,4,2,2,0,2,1,1,0,1,30,2,2,1,0,0,1,36.0,18.0,utilitaire_camion,deux_roues,2,2,2,1,1
202000023033,2020-09-08 15:15:00,2020,9,8,15,15,75,75120,RUE D AVRON,48.853259,2.409234,Plein jour,En agglomération,Hors intersection,Normale,Autre collision,4,2,2,0,1,1,1,0,1,30,1,2,1,0,0,1,23.0,,deux_roues,,1,2,1,1,6
202000023034,2020-09-08 15:30:00,2020,9,8,15,30,75,75119,RUE CURIAL,48.896133,2.378533,Plein jour,En agglomération,Hors intersection,Normale,Sans collision,4,2,2,0,1,1,1,0,1,50,1,1,0,0,0,1,30.0,,deux_roues,,1,2,1,1,7
202000023035,2020-09-08 09:05:00,2020,9,8,9,5,75,75119,AVENUE JEAN JAURES,48.888781,2.393106,Plein jour,En agglomération,Intersection en X,Normale,Deux véhicules - côté,4,2,3,0,1,1,1,0,1,50,2,2,1,0,0,1,36.0,41.0,deux_roues,utilitaire_camion,1,2,2,1,3
202000023036,2020-09-08 19:30:00,2020,9,8,19,30,75,75118,RUE DOUDEAUVILLE,48.88891,2.358247,Plein jour,En agglomération,Intersection en T,Normale,Autre collision,4,2,2,0,1,1,1,0,1,30,1,2,1,0,0,1,40.0,,voiture,,1,2,3,1,6
202000023037,2020-09-08 16:40:00,2020,9,8,16,40,75,75117,AVENUE DE CLICHY,48.886287,2.326166,Plein jour,En agglomération,Intersection en Y,Normale,Deux véhicules - côté,4,2,3,1,1,1,1,-1,5,50,2,1,0,0,0,1,16.0,,deux_roues,,1,2,4,1,3
202000023038,2020-09-08 06:40:00,2020,9,8,6,40,75,75117,RUE POUCHET,48.894245,2.320589,Nuit avec éclairage allumé,En agglomération,Intersection en X,Normale,Deux véhicules - côté,4,2,2,0,1,1,1,0,1,50,2,2,1,0,0,1,65.0,54.0,voiture,deux_roues,5,2,2,1,3
202000023039,2020-09-07 20:30:00,2020,9,7,20,30,75,75117,RUE DE PONT A MOUSSON,48.898172,2.324006,Nuit avec éclairage allumé,En agglomération,Intersection en T,Normale,Deux véhicules - côté,4,1,2,0,1,1,1,0,1,50,2,2,1,0,0,1,39.0,47.0,voiture,deux_roues,5,2,3,1,3
202000023040,2020-09-08 01:35:00,2020,9,8,1,35,75,75117,PLACE DU MARECHAL JUIN,48.885025,2.296628,Nuit avec éclairage allumé,En agglomération,Place,Normale,Autre collision,4,1,3,0,1,2,1,0,1,50,1,1,0,0,0,1,31.0,,voiture,,5,2,7,1,6
202000023041,2020-09-08 11:45:00,2020,9,8,11,45,75,75114,BOULEVARD DU MONTPARNASSE,48.843,2.326333,Plein jour,En agglomération,Intersection en X,Normale,Autre collision,4,2,8,0,1,1,1,0,1,50,1,2,1,0,1,0,34.0,,deux_roues,,1,2,2,1,6
202000023042,2020-09-07 16:40:00,2020,9,7,16,40,75,75114,AVENUE DU MAINE,48.840861,2.321669,Plein jour,En agglomération,Hors intersection,Normale,Deux véhicules - côté,4,2,4,3,1,1,1,-1,6,50,2,2,1,0,0,1,49.0,47.0,voiture,deux_roues,1,2,1,1,3
202000023043,2020-09-08 09:45:00,2020,9,8,9,45,75,75108,AVENUE GEORGE V,48.870067,2.300985,Plein jour,En agglomération,Intersection en X,Normale,Deux véhicules - côté,4,2,2,0,1,1,1,0,1,50,2,2,1,0,0,1,31.0,43.0,deux_roues,utilitaire_camion,1,2,2,1,3
202000023044,2020-09-08 00:01:00,2020,9,8,0,1,75,75108,BOULEVARD MALESHERBES,48.872141,2.321798,Nuit avec éclairage allumé,En agglomération,Intersection en T,Normale,Sans collision,4,2,6,0,1,1,1,0,1,50,1,2,0,0,1,1,25.0,,deux_roues,,5,2,3,1,7
202000023045,2020-09-08 09:55:00,2020,9,8,9,55,75,75103,RUE DE TURBIGO,48.865771,2.357472,Plein jour,En agglomération,Intersection en X,Normale,Sans collision,4,2,4,1,1,1,1,-1,5,30,1,1,0,0,0,1,28.0,,deux_roues,,1,2,2,1,7
202000023046,2020-09-07 07:45:00,2020,9,7,7,45,94,94074,SACCO ET VANZETTI (R),48.74205,2.46627,Plein jour,En agglomération,Intersection en X,Normale,Deux véhicules - frontale,3,1,2,0,1,1,1,0,1,50,2,2,1,0,0,1,23.0,57.0,deux_roues,voiture,1,2,2,1,1
202000023047,2020-09-08 20:55:00,2020,9,8,20,55,94,94046,REPUBLIQUE (AV DE LA),48.8057543,2.4408601,Nuit avec éclairage allumé,En agglomération,Hors intersection,Normale,Deux véhicules - côté,3,2,2,0,1,1,1,0,1,50,2,2,1,0,0,1,53.0,15.0,voiture,deux_roues,5,2,1,1,3
202000023048,2020-09-08 18:30:00,2020,9,8,18,30,93,93070,GABRIEL-PERI (AV),48.9013781,2.3303712,Plein jour,En agglomération,Intersection en T,Normale,Deux véhicules - côté,3,1,2,1,2,1,1,0,5,30,2,1,0,0,0,1,67.0,,deux_roues,,1,2,3,1,3
202000023049,2020-08-22 02:10:00,2020,8,22,2,10,93,93051,NEUILLY (ROUTE),48.8480768,2.5389443,Nuit avec éclairage allumé,En agglomération,Intersection en X,Normale,Deux véhicules - côté,3,2,2,0,2,1,1,0,1,50,2,2,0,0,0,2,22.0,,deux_roues,,5,2,2,1,3
202000023050,2020-09-08 17:07:00,2020,9,8,17,7,93,93048,ROUGET DE L'ISLE (BOULEVARD),48.8601984,2.4391999,Plein jour,En agglomération,Autre intersection,Normale,Deux véhicules - côté,3,2,2,3,1,1,1,0,1,30,2,2,1,0,0,1,27.0,77.0,deux_roues,voiture,1,2,9,1,3
202000023051,2020-09-08 19:50:00,2020,9,8,19,50,93,93029,JACQUELINE QUATREMAIRE,48.9178719,2.4592512,Plein jour,En agglomération,Hors intersection,Normale,Autre collision,4,2,2,0,1,1,1,0,1,50,1,1,0,0,1,0,57.0,,deux_roues,,1,2,1,1,6
202000023052,2020-09-08 08:00:00,2020,9,8,8,0,93,93013,JAURES (AVENUE JEAN) DE 28 A 62,48.932666,2.4253928,Plein jour,En agglomération,Hors intersection,Normale,Deux véhicules - côté,3,2,2,0,1,1,1,0,8,50,2,2,1,0,0,1,67.0,24.0,voiture,deux_roues,1,2,1,1,3
202000023053,2020-09-08 06:30:00,2020,9,8,6,30,93,93010,GALLIENI (AV.) DE 188 A 230,48.9071058,2.4892535,Crépuscule ou aube,En agglomération,Hors intersection,Normale,Autre collision,3,3,3,0,1,1,1,0,1,50,1,1,0,0,0,1,24.0,,utilitaire_camion,,2,2,1,1,6
202000023054,2020-09-08 19:15:00,2020,9,8,19,15,93,93007,"""PAUL VAILLANT COUTURIER (AVENUE """"DU 13",48.9291132,2.4788637,Plein jour,En agglomération,Hors intersection,Normale,Autre collision,3,2,2,0,1,1,1,0,8,50,1,2,1,0,1,0,19.0,,voiture,,1,2,1,1,6
202000023055,2020-09-08 13:00:00,2020,9,8,13,0,93,93001,JEAN JAURES  (AVE)  157 A 213,48.9096489,2.3984671,Plein jour,En agglomération,Hors intersection,Normale,Deux véhicules - arrière,3,2,4,0,1,1,1,0,1,50,2,4,1,0,0,3,37.0,27.0,voiture,voiture,1,2,1,1,2
202000023056,2020-09-08 03:04:00,2020,9,8,3,4,92,92075,RAYMOND MARCHERON (RUE),48.819113,2.287456,Nuit avec éclairage allumé,En agglomération,Hors intersection,Normale,,2,2,2,0,1,1,1,0,1,50,2,2,1,0,0,1,30.0,,deux_roues,,5,2,1,1,-1
202000023057,2020-09-07 08:10:00,2020,9,7,8,10,92,92063,DIX-HUIT JUIN 1940 (AVENUE DU) EST,48.86834,2.19076,Plein jour,En agglomération,Hors intersection,Normale,Deux véhicules - arrière,3,2,3,0,2,1,1,0,1,50,2,2,1,0,0,1,29.0,33.0,voiture,deux_roues,1,2,1,1,2
202000023058,2020-08-28 14:30:00,2020,8,28,14,30,92,92063,CHATEAU DE MALMAISON (AVENUE DU),48.87331,2.16895,Plein jour,En agglomération,Hors intersection,Normale,Autre collision,4,2,2,0,1,1,1,0,1,50,1,1,0,0,0,1,32.0,,voiture,,1,2,1,1,6
202000023059,2020-09-03 13:00:00,2020,9,3,13,0,92,92062,DE DION BOUTON (QUAI) DU 29 AU 65,48.88574,2.25138,Plein jour,En agglomération,Hors intersection,Normale,Deux véhicules - arrière,3,1,3,0,1,1,1,0,1,50,2,4,2,0,0,2,59.0,41.0,voiture,utilitaire_camion,1,2,1,1,2
202000023060,2020-09-08 10:00:00,2020,9,8,10,0,92,92051,RICHARD WALLACE (BOULEVARD),48.874766,2.2523797,Plein jour,En agglomération,Hors intersection,Normale,Deux véhicules - arrière,4,2,4,0,1,1,1,0,1,50,2,2,1,0,0,1,27.0,31.0,voiture,voiture,1,2,1,1,2
202000023061,2020-09-08 19:45:00,2020,9,8,19,45,92,92040,STALINGRAD (QUAI DE),48.822424,2.252176,Plein jour,En agglomération,Hors intersection,Normale,Sans collision,3,2,0,1,2,1,1,9,4,50,1,1,0,0,0,1,,,,,1,2,1,1,7
202000023062,2020-09-07 19:20:00,2020,9,7,19,20,92,92040,RODIN (BOULEVARD),48.8204201,2.2621635,Plein jour,En agglomération,Hors intersection,Normale,Deux véhicules - arrière,3,2,2,0,3,3,1,0,1,30,2,3,2,0,0,1,51.0,43.0,deux_roues,utilitaire_camion,1,2,1,1,2
202000023063,2020-09-08 16:43:00,2020,9,8,16,43,92,92012,REPUBLIQUE (BOULEVARD DE LA) 5/77BIS - 6,48.832455,2.251183,Plein jour,En agglomération,Hors intersection,Normale,Autre collision,3,2,2,0,1,1,1,0,1,50,1,2,1,0,0,1,24.0,,deux_roues,,1,2,1,1,6
202000023064,2020-09-07 22:55:00,2020,9,7,22,55,92,92002,DIVISION LECLERC (53 A 217 - 58 A 186),48.7389,2.3021,Nuit avec éclairage allumé,En agglomération,Hors intersection,Normale,Deux véhicules - côté,3,1,2,0,2,1,1,0,8,50,2,1,0,0,0,1,20.0,,voiture,,5,2,1,1,3
202000023065,2020-09-08 13:30:00,2020,9,8,13,30,95,95205,avenue du connétable,49.025315,2.375128,Plein jour,En agglomération,Hors intersection,Normale,Autre collision,4,1,1,0,1,1,1,0,1,50,1,2,1,0,0,1,28.0,,voiture,,1,2,1,1,6
202000023066,2020-08-16 06:45:00,2020,8,16,6,45,52,52258,15 Rue de Verdun,48.098804,4.782037,Nuit avec éclairage non allumé,En agglomération,Hors intersection,Normale,Autre collision,3,2,2,0,1,2,1,0,4,50,1,3,0,0,0,3,29.0,,voiture,,4,2,1,1,6
202000023067,2020-09-09 17:17:00,2020,9,9,17,17,68,68058,D430,47.923662,7.197268,Plein jour,Hors agglomération,Autre intersection,Normale,Deux véhicules - côté,3,2,2,1,1,1,1,0,1,80,2,2,1,0,0,1,36.0,13.0,voiture,deux_roues,1,1,9,1,3
202000023068,2020-09-08 15:00:00,2020,9,8,15,0,81,81077,lieu dit Sarremejeannes,43.91867,2.523208,Plein jour,Hors agglomération,Hors intersection,Temps éblouissant,Autre collision,4,2,2,0,2,1,1,0,3,80,1,3,2,0,1,0,65.0,,voiture,,1,1,1,7,6
202000023069,2020-09-08 17:45:00,2020,9,8,17,45,28,28068,RD 148,48.5645455,1.4468908,Plein jour,Hors agglomération,Hors intersection,Normale,Deux véhicules - frontale,3,2,1,0,1,1,1,0,1,80,2,5,3,1,1,0,26.0,59.0,voiture,deux_roues,1,1,1,1,1
202000023070,2020-09-09 12:10:00,2020,9,9,12,10,86,86058,3 Route de Saint Claud,46.6553245,0.5728337,Plein jour,En agglomération,Intersection en Y,Normale,Deux véhicules - côté,4,2,2,0,2,1,1,0,8,50,2,2,1,0,1,0,73.0,6.0,voiture,deux_roues,1,2,4,1,3
202000023071,2020-09-07 20:40:00,2020,9,7,20,40,62,62736,Rue du Moulin,50.642574,2.787462,Nuit avec éclairage allumé,En agglomération,Hors intersection,Normale,Autre collision,3,2,2,0,1,1,9,0,3,50,1,1,0,0,1,0,25.0,,voiture,,5,2,1,1,6
202000023072,2020-09-08 21:01:00,2020,9,8,21,1,22,22389,Yffiniac,48.479806,-2.657275,Nuit sans éclairage public,Hors agglomération,Hors intersection,Normale,Trois véhicules et plus - en chaîne,2,3,4,0,1,1,1,2,1,110,3,3,2,0,0,1,22.0,40.0,voiture,voiture,3,1,1,1,4
202000023073,2020-09-07 21:50:00,2020,9,7,21,50,59,59162,Départementale 52,50.917043,2.382113,Nuit sans éclairage public,Hors agglomération,Hors intersection,Normale,Autre collision,3,2,2,0,1,1,1,0,3,80,1,1,0,0,1,0,38.0,,voiture,,3,1,1,1,6
202000023074,2020-09-03 12:50:00,2020,9,3,12,50,30,30151,D406,44.146813,4.379302,Plein jour,Hors agglomération,Hors intersection,Normale,Autre collision,3,2,2,0,1,2,1,0,3,80,1,1,0,0,1,0,40.0,,deux_roues,,1,1,1,1,6
202000023075,2020-09-08 17:25:00,2020,9,8,17,25,21,21592,D16,47.339441,4.753861,Plein jour,Hors agglomération,Hors intersection,Temps éblouissant,Sans collision,3,2,2,0,1,3,1,0,3,90,1,1,0,0,1,0,63.0,,deux_roues,,1,1,1,7,7
202000023076,2020-09-08 22:28:00,2020,9,8,22,28,40,40246,1274 Route de Mont de Marsan,44.138876,-0.719599,Nuit sans éclairage public,Hors agglomération,Hors intersection,Normale,Autre collision,3,2,2,0,1,1,1,0,3,80,1,1,0,1,0,0,58.0,,voiture,,3,1,1,1,6
202000023077,2020-09-08 17:25:00,2020,9,8,17,25,74,74171,D1005,46.318544,6.330732,Plein jour,En agglomération,Intersection en X,Normale,Autre collision,3,2,2,0,1,1,1,0,1,50,1,2,1,0,0,1,73.0,,voiture,,1,2,2,1,6
202000023078,2020-09-08 19:30:00,2020,9,8,19,30,74,74180,Route de Frize,46.352175,6.299431,Plein jour,En agglomération,Giratoire,Normale,Deux véhicules - côté,3,1,1,0,1,1,1,0,1,50,2,2,1,0,1,0,68.0,70.0,voiture,deux_roues,1,2,6,1,3
202000023079,2020-09-08 18:40:00,2020,9,8,18,40,56,56078,Rue Capitaine Quillien,47.788278,-3.4806382,Plein jour,Hors agglomération,Giratoire,Normale,Deux véhicules - arrière,4,2,2,0,1,2,1,5,1,50,2,2,1,0,1,0,62.0,56.0,voiture,deux_roues,1,1,6,1,2
202000023080,2020-09-07 17:55:00,2020,9,7,17,55,56,56231,Rue du Vieux Couvent,47.70152,-2.65117,Plein jour,En agglomération,Hors intersection,Normale,Autre collision,6,-1,-1,-1,2,1,1,0,4,-1,1,2,1,0,1,0,,,,,1,2,1,1,6
202000023081,2020-09-07 10:00:00,2020,9,7,10,0,74,74104,Route d'Albertville,45.780686,6.229221,Plein jour,Hors agglomération,Intersection en T,Normale,Deux véhicules - côté,3,2,2,0,1,1,1,0,1,80,2,2,1,0,1,0,37.0,37.0,voiture,voiture,1,1,3,1,3
202000023082,2020-09-08 23:35:00,2020,9,8,23,35,76,76101,D928,49.901214,1.608553,Nuit sans éclairage public,Hors agglomération,Hors intersection,Normale,Deux véhicules - frontale,3,2,2,0,2,1,1,0,1,80,2,2,0,0,1,1,22.0,25.0,voiture,voiture,3,1,1,1,1
202000023083,2020-08-18 11:00:00,2020,8,18,11,0,2A,2A271,Gare de Mezzana,41.9799962,8.8342577,Plein jour,En agglomération,Hors intersection,Normale,Deux véhicules - côté,2,3,2,0,1,1,1,0,1,70,2,2,1,1,0,0,90.0,32.0,voiture,utilitaire_camion,1,2,1,1,3
202000023084,2020-09-03 18:00:00,2020,9,3,18,0,80,80149,Route Nationale,50.154676,1.818468,Plein jour,Hors agglomération,Intersection en Y,Normale,Deux véhicules - côté,3,2,2,0,1,1,1,5,1,70,2,3,0,0,2,1,85.0,42.0,voiture,voiture,1,1,4,1,3
202000023085,2020-09-09 13:40:00,2020,9,9,13,40,89,89018,Chemin du Malet,48.0572203,3.2977653,Plein jour,Hors agglomération,Hors intersection,Normale,Deux véhicules - frontale,3,2,3,0,1,1,1,0,1,80,2,3,0,0,1,2,70.0,50.0,voiture,voiture,1,1,1,1,1
202000023086,2020-09-08 12:45:00,2020,9,8,12,45,89,89276,48 Route de Saint-florentin,48.036745,3.778637,Plein jour,En agglomération,Hors intersection,Normale,Autre collision,2,2,1,0,1,1,1,0,3,50,1,1,0,0,1,0,33.0,,voiture,,1,2,1,1,6
202000023087,2020-09-08 19:00:00,2020,9,8,19,0,63,63080,1 Quai du Beaugeix,45.58931,3.130285,Plein jour,En agglomération,Hors intersection,Temps éblouissant,Autre collision,3,2,2,0,1,2,1,9,1,50,1,3,1,0,1,1,78.0,,voiture,,1,2,1,7,6
202000023088,2020-09-08 16:00:00,2020,9,8,16,0,86,86293,Avenue Henri Pétonnet,46.425955,0.263484,Plein jour,En agglomération,Hors intersection,Normale,Autre collision,4,2,2,3,1,1,1,9,1,30,1,3,1,1,0,1,49.0,,voiture,,1,2,1,1,6
202000023089,2020-09-08 16:10:00,2020,9,8,16,10,68,68087,1 Rue de Riespach,47.535921,7.265171,Plein jour,En agglomération,Giratoire,Normale,Deux véhicules - côté,3,2,2,0,1,1,1,0,1,50,2,2,1,0,1,0,79.0,74.0,deux_roues,voiture,1,2,6,1,3
202000023090,2020-09-09 10:20:00,2020,9,9,10,20,25,25463,DE GAULLE,47.382168,6.771384,Plein jour,En agglomération,Hors intersection,Normale,Autre collision,3,2,2,0,1,1,1,9,1,50,1,1,0,0,1,0,,,,,1,2,1,1,6
202000023091,2020-09-07 16:20:00,2020,9,7,16,20,25,25190,BEAUCOURT,47.50245,6.914263,Plein jour,En agglomération,Hors intersection,Normale,Deux véhicules - côté,3,3,2,0,1,1,1,0,1,50,2,1,0,0,0,1,32.0,,voiture,,1,2,1,1,3
202000023092,2020-08-05 17:45:00,2020,8,5,17,45,06,06104,TURBIE (ROUTE DE LA),43.75856,7.4442,Plein jour,Hors agglomération,Hors intersection,Normale,Deux véhicules - frontale,3,2,2,0,2,3,1,0,1,80,2,2,1,0,1,0,32.0,45.0,deux_roues,voiture,1,1,1,1,1
202000023093,2020-08-08 17:47:00,2020,8,8,17,47,75,75119,AVENUE DE FLANDRE,48.885804,2.370625,Plein jour,En agglomération,Intersection en X,Normale,Deux véhicules - côté,4,1,2,0,1,1,1,0,1,50,2,1,0,0,1,0,47.0,,deux_roues,,1,2,2,1,3
202000023094,2020-08-08 11:40:00,2020,8,8,11,40,75,75119,RUE DE BELLEVILLE,48.873653,2.384409,Plein jour,En agglomération,Hors intersection,Normale,Autre collision,4,2,2,0,2,1,1,0,1,50,1,1,0,0,0,1,,,,,1,2,1,1,6
202000023095,2020-08-08 20:54:00,2020,8,8,20,54,75,75118,RUE DE LA CHAPELLE,48.89711,2.359228,Crépuscule ou aube,En agglomération,Intersection en X,Normale,Trois véhicules et plus - collisions multiples,4,2,6,0,1,1,1,0,1,50,3,3,2,0,0,1,26.0,35.0,voiture,voiture,2,2,2,1,5
202000023096,2020-08-07 12:40:00,2020,8,7,12,40,75,75117,BOULEVARD DU BOIS LE PRETRE,48.898904,2.321983,Plein jour,En agglomération,Intersection en Y,Normale,Deux véhicules - côté,4,3,3,0,1,1,1,0,1,50,2,2,1,0,0,1,57.0,24.0,deux_roues,utilitaire_camion,1,2,4,1,3
202000023097,2020-08-07 18:50:00,2020,8,7,18,50,75,75117,AVENUE DES TERNES,48.880705,2.285284,Plein jour,En agglomération,Intersection en X,Normale,Trois véhicules et plus - en chaîne,4,2,6,0,1,1,1,0,1,50,3,3,2,0,0,1,20.0,47.0,deux_roues,voiture,1,2,2,1,4
202000023098,2020-08-08 16:30:00,2020,8,8,16,30,75,75115,RUE DE SEVRES,48.845343,2.311791,Plein jour,En agglomération,Intersection en X,Normale,Deux véhicules - côté,4,1,1,0,1,1,1,0,1,50,2,2,1,0,0,1,23.0,21.0,voiture,deux_roues,1,2,2,1,3
202000023099,2020-08-08 15:45:00,2020,8,8,15,45,75,75113,BOULEVARD KELLERMANN,48.82065,2.349441,Plein jour,En agglomération,Intersection en T,Normale,Autre collision,4,2,8,1,2,1,1,0,4,50,1,1,0,0,0,1,55.0,,deux_roues,,1,2,3,1,6
202000023100,2020-08-07 17:15:00,2020,8,7,17,15,75,75111,AVENUE DE LA REPUBLIQUE,48.866,2.37066,Plein jour,En agglomération,Intersection en X,Normale,Deux véhicules - côté,4,2,4,1,1,1,1,-1,5,30,2,1,0,0,0,1,26.0,,deux_roues,,1,2,2,1,3
202000023101,2020-08-08 14:35:00,2020,8,8,14,35,75,75108,RUE DE ROME,48.878755,2.322234,Plein jour,En agglomération,Intersection en X,Normale,Deux véhicules - côté,4,2,2,0,2,1,1,0,1,50,2,3,2,0,0,1,39.0,20.0,voiture,deux_roues,1,2,2,1,3
202000023102,2020-08-07 16:10:00,2020,8,7,16,10,75,75107,QUAI D ORSAY,48.862271,2.303994,Plein jour,En agglomération,Hors intersection,Normale,Deux véhicules - côté,4,2,3,0,1,1,1,0,1,50,2,2,1,0,0,1,50.0,18.0,voiture,deux_roues,1,2,1,1,3
202000023103,2020-08-08 13:55:00,2020,8,8,13,55,94,94068,ALMA - PONT DE BONNEUIL (AV DE L),48.784945,2.495313,Plein jour,En agglomération,Autre intersection,Normale,Deux véhicules - côté,3,2,2,0,3,1,1,0,1,50,2,2,1,0,0,1,32.0,22.0,deux_roues,deux_roues,1,2,9,1,3
202000023104,2020-08-07 19:00:00,2020,8,7,19,0,94,94001,MAGNE (QU),48.71878,2.41365,Plein jour,En agglomération,Hors intersection,Normale,Trois véhicules et plus - collisions multiples,3,2,2,0,1,1,1,0,1,50,3,3,2,0,1,0,35.0,36.0,voiture,voiture,1,2,1,1,5
202000023105,2020-08-08 10:35:00,2020,8,8,10,35,93,93062,MONTFERMEIL (ROND POINT DE),48.89557,2.52646,Plein jour,En agglomération,Autre intersection,Normale,Autre collision,4,2,2,0,1,3,1,9,1,50,1,3,2,0,0,1,56.0,,voiture,,1,2,9,1,6
202000023106,2020-08-08 08:12:00,2020,8,8,8,12,93,93055,NOISY LE SEC (ROUTE DE),48.8954766,2.4262988,Plein jour,En agglomération,Hors intersection,Normale,Deux véhicules - arrière,3,2,2,0,1,1,1,0,1,50,2,2,1,0,0,1,49.0,33.0,autre,voiture,1,2,1,1,2
202000023107,2020-08-08 16:03:00,2020,8,8,16,3,93,93053,BREMENT (RUE DE) 109 A 235 - 110 A ...,48.8875981,2.4642256,Plein jour,En agglomération,Intersection en T,Normale,Deux véhicules - côté,3,2,2,0,1,1,1,0,1,50,2,4,3,0,0,1,29.0,50.0,utilitaire_camion,utilitaire_camion,1,2,3,1,3
202000023108,2020-08-07 22:20:00,2020,8,7,22,20,93,93051,GABRIEL PERI (AVENUE),48.832797,2.5663809,Nuit avec éclairage allumé,En agglomération,Hors intersection,Normale,Deux véhicules - arrière,4,2,2,0,1,1,1,0,1,50,2,3,1,0,0,2,24.0,35.0,voiture,voiture,5,2,1,1,2
202000023109,2020-08-08 14:32:00,2020,8,8,14,32,93,93063,REPUBLIQUE RUE DE LA,48.8791,2.4334,Plein jour,En agglomération,Hors intersection,Normale,Autre collision,4,2,2,0,1,1,1,0,1,50,1,2,1,0,0,1,49.0,,utilitaire_camion,,1,2,1,1,6
202000023110,2020-08-08 19:30:00,2020,8,8,19,30,93,93031,HALAGE (CHEMIN DU),48.9507592,2.3141427,Plein jour,En agglomération,Hors intersection,Normale,Deux véhicules - côté,9,-1,1,0,1,1,1,6,6,20,2,1,0,0,0,1,35.0,,deux_roues,,1,2,1,1,3
202000023111,2020-08-08 13:00:00,2020,8,8,13,0,92,92026,JOFFRE ( DE 52 A FIN ET DE 61 A FIN ),48.9006864,2.2752153,Plein jour,En agglomération,Autre intersection,Normale,Deux véhicules - côté,3,3,4,0,1,1,1,0,1,70,2,5,3,0,0,2,37.0,30.0,voiture,deux_roues,1,2,9,1,3
202000023112,2020-08-08 11:05:00,2020,8,8,11,5,92,92012,GENERAL LECLERC (AVENUE DU) 1/33 - 2/58,48.8319686,2.2385246,Plein jour,En agglomération,Hors intersection,Normale,Deux véhicules - côté,3,3,2,0,1,1,1,0,1,50,2,2,1,0,0,1,39.0,31.0,utilitaire_camion,voiture,1,2,1,1,3
202000023113,2020-08-09 11:45:00,2020,8,9,11,45,60,60590,8 Rue de la Gare,49.540738,1.995645,Plein jour,Hors agglomération,Hors intersection,Normale,Deux véhicules - frontale,3,2,2,0,1,2,1,0,1,80,2,2,1,0,0,1,18.0,76.0,deux_roues,voiture,1,1,1,1,1
202000023114,2020-08-09 09:25:00,2020,8,9,9,25,65,65407,42 Route de Sainte Barbe,43.022357,0.591486,Plein jour,Hors agglomération,Intersection en T,Normale,Deux véhicules - côté,3,2,2,0,1,1,1,0,1,80,2,4,0,0,1,3,21.0,61.0,voiture,voiture,1,1,3,1,3
202000023115,2020-08-08 18:00:00,2020,8,8,18,0,11,11018,A61,43.220189,2.208252,Plein jour,Hors agglomération,Hors intersection,Normale,Deux véhicules - côté,1,1,2,0,1,1,1,9,1,130,2,6,4,0,0,2,44.0,53.0,voiture,utilitaire_camion,1,1,1,1,3
202000023116,2020-08-09 13:15:00,2020,8,9,13,15,63,63189,le bourg,45.650593,2.731343,Plein jour,En agglomération,Hors intersection,Pluie légère,Sans collision,3,2,2,0,2,3,2,0,1,-1,1,1,0,0,0,1,57.0,,deux_roues,,1,2,1,2,7
202000023117,2020-08-09 18:50:00,2020,8,9,18,50,83,83033,Chemin de Besse,43.31724,6.186966,Plein jour,Hors agglomération,Hors intersection,Normale,Deux véhicules - frontale,3,3,2,0,3,4,1,0,1,70,2,3,0,0,2,1,62.0,31.0,voiture,voiture,1,1,1,1,1
202000023118,2020-08-08 22:57:00,2020,8,8,22,57,974,97413,Chemin Departemental 12 des Colimacons,-21.140008,55.282474,Nuit sans éclairage public,Hors agglomération,Hors intersection,Normale,Autre collision,3,2,2,0,2,3,1,0,3,80,1,1,0,0,1,0,31.0,,voiture,,3,1,1,1,6
202000023119,2020-08-08 14:00:00,2020,8,8,14,0,27,27125,Calleville,49.190132,0.768211,Plein jour,Hors agglomération,Hors intersection,Normale,Sans collision,1,3,4,0,1,1,1,0,3,130,1,1,0,0,1,0,62.0,,voiture,,1,1,1,1,7
202000023120,2020-08-08 23:30:00,2020,8,8,23,30,51,51235,D373,48.7576749,3.6608975,Nuit sans éclairage public,En agglomération,Hors intersection,Normale,Autre collision,3,2,2,0,1,1,1,0,3,70,1,1,0,1,0,0,42.0,,voiture,,3,2,1,1,6
202000023121,2020-08-08 14:10:00,2020,8,8,14,10,19,19121,Rue des Ecoles,45.4434945,1.4070811,Plein jour,En agglomération,Intersection en T,Normale,Autre collision,3,2,2,0,2,1,1,0,1,50,1,1,0,0,1,0,19.0,,deux_roues,,1,2,3,1,6
202000023122,2020-08-07 17:15:00,2020,8,7,17,15,56,56101,Lieu-dit Mané Coët,47.833353,-3.180628,Plein jour,Hors agglomération,Hors intersection,Normale,Sans collision,2,3,4,0,1,1,1,0,1,110,1,2,0,0,1,1,65.0,,voiture,,1,1,1,1,7
202000023123,2020-08-09 17:40:00,2020,8,9,17,40,76,76592,route industrielle,49.5061,0.4962,Plein jour,Hors agglomération,Hors intersection,Normale,Sans collision,3,2,2,0,1,2,1,0,3,70,1,1,0,0,1,0,39.0,,voiture,,1,1,1,1,7
202000023124,2020-08-07 13:50:00,2020,8,7,13,50,2A,2A092,T10,41.7286595,9.4015776,Plein jour,Hors agglomération,Hors intersection,Temps éblouissant,Sans collision,2,2,2,0,2,2,1,0,3,80,1,1,0,0,1,0,30.0,,deux_roues,,1,1,1,7,7
202000023125,2020-08-09 06:10:00,2020,8,9,6,10,2B,2B286,D6,42.475935,9.458145,Crépuscule ou aube,En agglomération,Hors intersection,Normale,Autre collision,3,2,2,0,2,2,1,0,3,50,1,2,1,0,0,1,20.0,,voiture,,2,2,1,1,6