accident_id,datetime,annee,mois,jour,heure,minute,departement,commune_insee,adresse,latitude,longitude,luminosite,agglomeration,intersection,meteo,collision,catr,circ,nbv,vosp,prof,plan,surf,infra,situ,vma,nb_vehicules,nb_usagers,nb_indemnes,nb_tues,nb_blesses_hosp,nb_blesses_legers,age_cond_1,age_cond_2,veh_type_cond_1,veh_type_cond_2,lum_code,agg_code,int_code,atm_code,col_code
202000023126,2020-08-09 11:30:00,2020,8,9,11,30,80,80192,D1,49.935989,2.640324,Plein jour,Hors agglomération,Hors intersection,Pluie légère,Sans collision,3,2,2,0,1,3,2,0,1,-1,1,1,0,0,1,0,29.0,,voiture,,1,1,1,2,7
202000023127,2020-08-08 15:30:00,2020,8,8,15,30,80,80308,D48 - PK 10+500,50.068283,1.607121,Plein jour,Hors agglomération,Hors intersection,Normale,Autre collision,3,3,2,0,1,1,1,0,1,80,1,2,1,0,0,1,75.0,,voiture,,1,1,1,1,6
202000023128,2020-08-09 12:00:00,2020,8,9,12,0,65,65116,Hourquette d'Ancizan (Col de montagne),42.898022,0.313185,Plein jour,Hors agglomération,Hors intersection,Normale,Autre collision,3,2,2,0,2,4,1,0,3,80,1,1,0,0,1,0,14.0,,deux_roues,,1,1,1,1,6
202000023129,2020-08-07 15:10:00,2020,8,7,15,10,65,65282,D725,42.772455,0.412148,Plein jour,Hors agglomération,Hors intersection,Normale,Autre collision,3,2,2,0,1,1,1,0,1,50,1,1,0,0,0,1,64.0,,deux_roues,,1,1,1,1,6
202000023130,2020-08-08 18:10:00,2020,8,8,18,10,69,69070,D504,46.011225,4.374395,Plein jour,Hors agglomération,Hors intersection,Normale,Deux véhicules - côté,3,2,2,0,1,1,1,0,3,80,2,4,3,0,0,1,33.0,24.0,voiture,voiture,1,1,1,1,3
202000023131,2020-08-09 10:00:00,2020,8,9,10,0,11,11206,Avenue Fabre d'Eglantine,43.047036,2.220733,Plein jour,En agglomération,Hors intersection,Normale,Sans collision,3,2,2,0,1,1,1,0,1,-1,1,2,1,0,1,0,84.0,,voiture,,1,2,1,1,7
202000023132,2020-08-08 13:10:00,2020,8,8,13,10,47,47274,D114,44.149357,0.756598,Plein jour,Hors agglomération,Intersection en T,Normale,Deux véhicules - côté,3,2,2,2,1,1,1,5,1,80,2,3,1,0,0,2,34.0,80.0,deux_roues,voiture,1,1,3,1,3
202000023133,2020-08-08 13:00:00,2020,8,8,13,0,22,22074,bodoguern,48.338316,-3.049994,Plein jour,Hors agglomération,Intersection en T,Normale,Deux véhicules - frontale,4,2,2,0,1,1,1,0,1,80,2,2,1,0,1,0,19.0,18.0,utilitaire_camion,deux_roues,1,1,3,1,1
202000023134,2020-08-08 16:25:00,2020,8,8,16,25,22,22232,Résidence le Clos de Kérestidet,48.645393,-2.847712,Plein jour,En agglomération,Hors intersection,Normale,Deux véhicules - frontale,4,2,2,0,1,2,1,0,1,30,2,2,1,0,1,0,58.0,21.0,utilitaire_camion,deux_roues,1,2,1,1,1
202000023135,2020-08-08 07:30:00,2020,8,8,7,30,39,39435,,46.575729,5.685181,Plein jour,Hors agglomération,Hors intersection,Normale,Deux véhicules - frontale,3,2,2,0,1,1,1,0,1,80,2,2,0,0,1,1,20.0,72.0,voiture,voiture,1,1,1,1,1
202000023136,2020-08-09 04:05:00,2020,8,9,4,5,44,44155,Ruble,47.028808,-1.552071,Nuit sans éclairage public,Hors agglomération,Hors intersection,Normale,Deux véhicules - frontale,3,2,2,0,1,1,1,0,1,80,2,3,0,1,1,1,27.0,36.0,voiture,voiture,3,1,1,1,1
202000023137,2020-08-08 19:10:00,2020,8,8,19,10,29,29133,D64 - 54 Nouvelle Côte,48.690971,-3.656189,Plein jour,En agglomération,Hors intersection,Normale,Autre collision,3,2,2,0,2,2,1,0,3,50,1,1,0,1,0,0,24.0,,deux_roues,,1,2,1,1,6
202000023138,2020-08-09 09:05:00,2020,8,9,9,5,29,29027,Lieu Dit Kerbiligued,48.180231,-3.859119,Plein jour,Hors agglomération,Hors intersection,Normale,Sans collision,4,2,2,0,2,1,1,0,1,80,1,1,0,0,1,0,65.0,,deux_roues,,1,1,1,1,7
202000023139,2020-08-09 12:55:00,2020,8,9,12,55,38,38333,d531,45.0819931,5.4574243,Plein jour,Hors agglomération,Hors intersection,Normale,Autre collision,3,2,2,0,2,4,1,1,1,80,1,1,0,0,1,0,47.0,,deux_roues,,1,1,1,1,6
202000023140,2020-08-09 13:06:00,2020,8,9,13,6,38,38147,Route de Montrevel,45.49473,5.41001,Plein jour,Hors agglomération,Hors intersection,Normale,Sans collision,3,2,2,0,1,2,1,0,3,80,1,1,0,0,1,0,78.0,,voiture,,1,1,1,1,7
202000023141,2020-08-06 10:05:00,2020,8,6,10,5,02,02330,D1029,49.861828,3.221859,Plein jour,Hors agglomération,Hors intersection,Normale,Deux véhicules - arrière,3,2,2,0,1,1,1,0,1,70,2,2,1,0,1,0,40.0,53.0,voiture,deux_roues,1,1,1,1,2
202000023142,2020-08-08 18:35:00,2020,8,8,18,35,03,03043,,46.1999903,3.2887351,Plein jour,Hors agglomération,Intersection en X,Normale,Trois véhicules et plus - collisions multiples,3,2,2,0,1,1,1,0,1,70,3,6,5,1,0,0,55.0,74.0,voiture,voiture,1,1,2,1,5
202000023143,2020-08-05 21:15:00,2020,8,5,21,15,01,01338,Rue de Villeneuve,45.708657,5.571779,Nuit avec éclairage allumé,En agglomération,Hors intersection,Normale,Autre collision,4,2,2,0,2,1,1,0,1,50,1,2,0,0,1,1,17.0,,deux_roues,,5,2,1,1,6
202000023144,2020-08-08 17:50:00,2020,8,8,17,50,26,26360,Route de Saint Paul,44.413896,4.806572,Plein jour,Hors agglomération,Intersection en T,Normale,Deux véhicules - côté,3,2,2,0,1,1,1,0,1,80,2,2,1,0,1,0,90.0,47.0,voiture,deux_roues,1,1,3,1,3
202000023145,2020-08-09 05:30:00,2020,8,9,5,30,58,58083,D958,47.237454,3.66231,Crépuscule ou aube,Hors agglomération,Hors intersection,Normale,Autre collision,3,2,2,0,1,1,1,0,8,80,1,1,0,0,1,0,22.0,,voiture,,2,1,1,1,6
202000023146,2020-08-09 02:15:00,2020,8,9,2,15,58,58152,2 Les Rompés,46.881319,3.130835,Nuit sans éclairage public,Hors agglomération,Hors intersection,Normale,Autre collision,3,2,2,0,1,1,1,0,1,80,1,1,0,0,1,0,26.0,,voiture,,3,1,1,1,6
202000023147,2020-08-09 10:30:00,2020,8,9,10,30,66,66024,Avenue Maréchal de Lattre de Tassigny,42.524828,2.831449,Plein jour,En agglomération,Hors intersection,Normale,Autre collision,4,2,2,0,1,1,1,0,1,50,1,2,1,0,1,0,74.0,,voiture,,1,2,1,1,6
202000023148,2020-08-09 11:08:00,2020,8,9,11,8,06,06120,Rio de Claï,44.215744,6.97111,Plein jour,Hors agglomération,Hors intersection,Normale,Deux véhicules - frontale,9,2,2,0,1,4,1,0,1,80,2,4,2,0,2,0,50.0,73.0,deux_roues,voiture,1,1,1,1,1
202000023149,2020-08-08 20:15:00,2020,8,8,20,15,14,14371,Chemin de Livet,49.016802,0.126316,Plein jour,Hors agglomération,Hors intersection,Normale,Autre collision,3,2,2,0,1,4,1,0,3,70,1,2,1,0,1,0,23.0,,voiture,,1,1,1,1,6
202000023150,2020-08-07 15:20:00,2020,8,7,15,20,50,50151,50 Rue du Gué de l'Orme,49.21319,-1.57229,Plein jour,Hors agglomération,Intersection en T,Normale,Deux véhicules - côté,3,2,2,0,1,1,1,5,1,80,2,2,1,0,0,1,63.0,68.0,utilitaire_camion,deux_roues,1,1,3,1,3
202000023151,2020-08-09 06:55:00,2020,8,9,6,55,45,45282,1551 Route d'Orléans,47.862398,1.827112,Crépuscule ou aube,En agglomération,Hors intersection,Normale,Autre collision,3,2,2,0,1,1,1,0,4,50,1,1,0,0,1,0,20.0,,voiture,,2,2,1,1,6
202000023152,2020-08-08 16:10:00,2020,8,8,16,10,64,64495,intersection D4/D305,43.317076,-1.531541,Plein jour,Hors agglomération,Intersection en T,Normale,Deux véhicules - frontale,3,2,2,0,1,1,1,5,1,80,2,2,1,0,1,0,34.0,66.0,deux_roues,voiture,1,1,3,1,1
202000023153,2020-08-07 07:02:00,2020,8,7,7,2,40,40272,D12,43.591038,-1.270423,Crépuscule ou aube,Hors agglomération,Hors intersection,Normale,Deux véhicules - frontale,3,2,2,0,2,3,1,0,1,50,2,2,1,0,1,0,59.0,37.0,voiture,deux_roues,2,1,1,1,1
202000023154,2020-08-09 01:00:00,2020,8,9,1,0,04,04049,RD 4096 (21 Bd des Tilleuls),44.0767069,5.9947317,Nuit sans éclairage public,En agglomération,Hors intersection,Normale,Deux véhicules - frontale,3,-1,2,0,2,3,1,0,1,50,2,3,1,0,0,2,51.0,19.0,voiture,voiture,3,2,1,1,1
202000023155,2020-08-09 08:20:00,2020,8,9,8,20,04,04108,RN 85 (Le moulin),44.048185,6.026001,Plein jour,En agglomération,Hors intersection,Normale,Deux véhicules - frontale,2,2,2,0,1,1,1,0,1,50,2,2,0,1,0,1,60.0,34.0,deux_roues,voiture,1,2,1,1,1
202000023156,2020-08-08 15:00:00,2020,8,8,15,0,85,85277,D747,46.535772,-1.438748,Plein jour,Hors agglomération,Hors intersection,Normale,Deux véhicules - arrière,3,2,2,0,1,1,1,0,1,80,2,2,0,0,2,0,19.0,20.0,deux_roues,voiture,1,1,1,1,2
202000023157,2020-08-08 11:50:00,2020,8,8,11,50,28,28240,D15,48.473739,1.003082,Plein jour,Hors agglomération,Intersection en T,Temps éblouissant,Deux véhicules - côté,3,2,2,0,1,1,1,0,1,80,2,2,1,0,1,0,51.0,77.0,voiture,deux_roues,1,1,3,7,3
202000023158,2020-08-07 05:55:00,2020,8,7,5,55,30,30102,D225,43.909926,4.28665,Crépuscule ou aube,Hors agglomération,Hors intersection,Normale,Autre collision,3,2,2,0,1,2,1,2,3,70,1,3,0,0,1,2,49.0,,voiture,,2,1,1,1,6
202000023159,2020-08-08 21:45:00,2020,8,8,21,45,08,08164,D946,49.391005,4.768324,Nuit sans éclairage public,Hors agglomération,Hors intersection,Normale,Sans collision,3,-1,1,0,1,1,1,0,8,50,1,1,0,0,1,0,47.0,,deux_roues,,3,1,1,1,7
202000023160,2020-08-09 11:08:00,2020,8,9,11,8,88,88361,D420,48.331091,7.092748,Plein jour,Hors agglomération,Hors intersection,Normale,Sans collision,3,2,2,0,2,2,1,0,1,80,1,1,0,0,1,0,35.0,,deux_roues,,1,1,1,1,7
202000023161,2020-08-08 14:45:00,2020,8,8,14,45,973,97307,N2,4.8272288,-52.3385722,Plein jour,Hors agglomération,Hors intersection,Normale,Deux véhicules - frontale,2,2,2,0,1,1,1,0,1,80,2,6,1,0,0,5,33.0,57.0,utilitaire_camion,voiture,1,1,1,1,1
202000023162,2020-08-07 22:15:00,2020,8,7,22,15,973,97307,Route de Stoupan,4.785362,-52.348856,Nuit sans éclairage public,Hors agglomération,Hors intersection,Normale,Sans collision,3,2,2,0,1,1,1,0,8,80,1,2,1,0,1,0,24.0,,voiture,,3,1,1,1,7
202000023163,2020-08-09 11:00:00,2020,8,9,11,0,38,38004,A49,45.21062,5.46672,Plein jour,Hors agglomération,Hors intersection,Normale,Autre collision,1,3,4,0,2,2,1,0,2,130,1,2,0,0,0,2,29.0,,voiture,,1,1,1,1,6
202000023164,2020-08-09 09:00:00,2020,8,9,9,0,73,73297,A430,45.627904,6.32688,Plein jour,Hors agglomération,Hors intersection,Normale,Autre collision,1,3,4,0,1,2,1,0,1,130,1,1,0,0,1,0,27.0,,deux_roues,,1,1,1,1,6
202000023165,2020-08-07 20:30:00,2020,8,7,20,30,57,57114,Brouviller,48.751832,7.17154,Nuit sans éclairage public,Hors agglomération,Hors intersection,Normale,Sans collision,2,3,4,0,1,1,1,0,1,110,1,2,0,0,1,1,47.0,,voiture,,3,1,1,1,7
202000023166,2020-08-09 05:14:00,2020,8,9,5,14,34,34240,"Autoroute A9, PK 99+100, direction NIMES",43.645951,3.97881,Nuit sans éclairage public,Hors agglomération,Hors intersection,Normale,Deux véhicules - frontale,1,3,3,0,1,1,1,0,1,110,2,3,2,1,0,0,43.0,60.0,voiture,utilitaire_camion,3,1,1,1,1
202000023167,2020-08-09 01:55:00,2020,8,9,1,55,988,98821,RUE ANTOINE CHERIKA/LOTISSEMENT JULISA,-22.13437,166.35392,Nuit avec éclairage allumé,En agglomération,Hors intersection,Normale,Sans collision,4,2,2,0,1,2,1,0,8,50,1,1,0,0,1,0,23.0,,voiture,,5,2,1,1,7
202000023168,2020-08-09 20:00:00,2020,8,9,20,0,976,97607,Route Nationale - Ironi Be,-12.836134,45.18548,Nuit sans éclairage public,Hors agglomération,Hors intersection,Normale,Deux véhicules - frontale,2,2,2,0,2,3,1,0,1,70,2,3,1,0,0,2,54.0,19.0,voiture,deux_roues,3,1,1,1,1
202000023169,2020-08-09 22:35:00,2020,8,9,22,35,974,97415,73 Chemin du Trou de Sable,-21.036389,55.272629,Nuit avec éclairage allumé,En agglomération,Hors intersection,Normale,Sans collision,4,2,2,0,1,1,1,0,1,50,1,1,0,0,1,0,30.0,,deux_roues,,5,2,1,1,7
202000023170,2020-08-08 22:00:00,2020,8,8,22,0,66,66065,D914,42.616623,2.973433,Nuit sans éclairage public,Hors agglomération,Hors intersection,Normale,Sans collision,3,3,2,0,1,3,1,0,1,110,1,3,1,0,1,1,20.0,,voiture,,3,1,1,1,7
202000023171,2020-07-09 10:45:00,2020,7,9,10,45,34,34314,D68,43.725157,3.840427,Plein jour,Hors agglomération,Hors intersection,Normale,,3,2,2,0,2,1,1,0,1,80,2,1,0,0,0,1,41.0,,voiture,,1,1,1,1,-1
202000023172,2020-08-08 14:45:00,2020,8,8,14,45,13,13116,D29,43.837591,4.926488,Plein jour,Hors agglomération,Intersection en X,Normale,Deux véhicules - côté,3,2,2,0,1,1,1,0,1,80,2,6,2,0,1,3,25.0,59.0,voiture,voiture,1,1,2,1,3
202000023173,2020-08-09 16:20:00,2020,8,9,16,20,13,13100,RD99,43.78781,4.843714,Plein jour,Hors agglomération,Hors intersection,Normale,Autre collision,3,2,2,0,1,1,1,0,1,80,1,2,0,0,1,1,58.0,,voiture,,1,1,1,1,6
202000023174,2020-08-08 09:55:00,2020,8,8,9,55,38,38468,A7,45.34308,4.80802,Plein jour,Hors agglomération,Hors intersection,Normale,Autre collision,1,3,3,0,1,1,1,0,1,110,1,1,0,0,1,0,58.0,,voiture,,1,1,1,1,6
202000023175,2020-08-07 15:10:00,2020,8,7,15,10,88,88136,N57,48.207344,6.461034,Plein jour,Hors agglomération,Hors intersection,Normale,Deux véhicules - arrière,2,3,4,0,1,1,1,0,1,110,2,3,0,0,2,1,20.0,25.0,voiture,voiture,1,1,1,1,2
202000023176,2020-08-07 17:30:00,2020,8,7,17,30,57,57350,Chemin d'Auché,49.046638,6.073031,Plein jour,Hors agglomération,Hors intersection,Normale,Autre collision,9,-1,1,0,1,1,1,0,3,-1,1,2,1,0,1,0,25.0,,deux_roues,,1,1,1,1,6
202000023177,2020-08-08 17:20:00,2020,8,8,17,20,74,74127,Route du Plan Fayet,46.360464,6.523283,Plein jour,Hors agglomération,Hors intersection,Normale,Deux véhicules - côté,3,2,2,0,2,3,1,0,1,80,2,2,1,0,1,0,36.0,20.0,deux_roues,voiture,1,1,1,1,3
202000023178,2020-08-09 11:40:00,2020,8,9,11,40,73,73054,D902,45.683428,6.737516,Plein jour,Hors agglomération,Hors intersection,Normale,Autre collision,3,2,2,0,2,2,1,0,1,80,1,1,0,1,0,0,68.0,,deux_roues,,1,1,1,1,6
202000023179,2020-08-09 09:25:00,2020,8,9,9,25,38,38412,D520,45.40202,5.74424,Plein jour,Hors agglomération,Hors intersection,Temps éblouissant,Autre collision,3,2,2,0,1,1,1,0,3,80,1,1,0,0,0,1,49.0,,voiture,,1,1,1,7,6
202000023180,2020-08-09 14:50:00,2020,8,9,14,50,26,26192,100 Chemin des Chaux,44.429053,5.030011,Plein jour,Hors agglomération,Hors intersection,Normale,Autre collision,3,2,2,0,1,1,1,0,3,80,1,1,0,0,0,1,59.0,,voiture,,1,1,1,1,6
202000023181,2020-08-08 08:35:00,2020,8,8,8,35,81,81225,Impasse des Saules,43.917989,1.963388,Plein jour,En agglomération,Hors intersection,Normale,,3,2,2,0,1,1,1,0,1,50,2,2,1,0,0,1,34.0,43.0,utilitaire_camion,deux_roues,1,2,1,1,-1
202000023182,2020-08-08 19:30:00,2020,8,8,19,30,09,09157,Avenue du 11 Novembre 1918 D625,42.9346095,1.8494644,Plein jour,Hors agglomération,Hors intersection,Normale,Deux véhicules - côté,3,2,2,0,1,1,1,0,1,70,2,2,1,0,1,0,42.0,27.0,voiture,deux_roues,1,1,1,1,3
202000023183,2020-08-07 19:35:00,2020,8,7,19,35,33,33498,Route de Caplanne,44.551797,-0.909752,Plein jour,En agglomération,Intersection en X,Normale,Deux véhicules - côté,3,2,2,0,1,1,1,0,1,50,2,4,1,0,0,3,23.0,50.0,voiture,voiture,1,2,2,1,3
202000023184,2020-08-09 11:45:00,2020,8,9,11,45,85,85092,3 Rue Georges Clémenceau,46.466012,-0.805714,Plein jour,En agglomération,Hors intersection,Normale,Deux véhicules - côté,4,2,2,0,1,1,1,0,3,50,2,2,1,0,1,0,52.0,77.0,voiture,deux_roues,1,2,1,1,3
202000023185,2020-08-09 17:45:00,2020,8,9,17,45,85,85003,1 Rue du Ruisseau,46.764115,-1.617533,Plein jour,Hors agglomération,Hors intersection,Normale,Deux véhicules - frontale,3,2,2,0,2,3,1,5,1,80,2,3,0,0,1,2,61.0,40.0,voiture,voiture,1,1,1,1,1
202000023186,2020-08-08 17:40:00,2020,8,8,17,40,22,22093,Le Champ Talva St Aaron (Lamballe),48.498891,-2.49557,Plein jour,Hors agglomération,Hors intersection,Normale,Deux véhicules - frontale,3,2,2,0,3,3,1,0,1,80,2,3,0,1,1,1,52.0,62.0,voiture,voiture,1,1,1,1,1
202000023187,2020-08-07 17:45:00,2020,8,7,17,45,62,62052,Hameau de Warcove,50.857623,1.675214,Plein jour,Hors agglomération,Hors intersection,Temps éblouissant,Deux véhicules - frontale,3,2,2,0,3,1,1,0,1,70,2,5,4,0,1,0,43.0,25.0,voiture,voiture,1,1,1,7,1
202000023188,2020-08-08 11:46:00,2020,8,8,11,46,13,13117,A7-Sens Lyon vers Marseille,43.4333,5.2566,Plein jour,Hors agglomération,Hors intersection,Normale,Deux véhicules - arrière,1,-1,3,0,1,1,1,0,1,90,2,6,4,0,0,2,23.0,30.0,utilitaire_camion,voiture,1,1,1,1,2
202000023189,2020-08-07 00:40:00,2020,8,7,0,40,13,13216,A55-Sens Marseille vers Martigues,43.35823,5.34525,Nuit sans éclairage public,Hors agglomération,Hors intersection,Normale,Sans collision,1,1,2,0,2,3,1,0,1,50,1,2,1,0,0,1,25.0,,voiture,,3,1,1,1,7
202000023190,2020-08-07 22:00:00,2020,8,7,22,0,13,13214,A7-Sens Marseille vers Lyon,43.32989,5.37798,Nuit sans éclairage public,Hors agglomération,Hors intersection,Normale,Autre collision,1,1,3,0,1,1,1,0,1,90,1,3,0,0,1,2,19.0,,voiture,,3,1,1,1,6
202000023191,2020-08-07 21:50:00,2020,8,7,21,50,01,01249,A42   6.290 A 8.310,45.815877,4.967283,Nuit sans éclairage public,Hors agglomération,Hors intersection,Normale,Autre collision,1,3,6,0,1,1,1,0,1,110,1,1,0,0,0,1,22.0,,voiture,,3,1,1,1,6
202000023192,2020-08-04 17:00:00,2020,8,4,17,0,69,69385,M6   453.400 A 455.000,45.75289,4.81989,Plein jour,Hors agglomération,Hors intersection,Normale,Deux véhicules - arrière,4,1,2,0,1,1,1,1,1,70,2,3,2,0,1,0,77.0,27.0,utilitaire_camion,deux_roues,1,1,1,1,2
202000023193,2020-08-08 15:35:00,2020,8,8,15,35,33,33167,ROUTE NATIONALE 230,44.82167,-0.51656,Plein jour,Hors agglomération,Hors intersection,Normale,Deux véhicules - arrière,2,3,6,0,1,1,1,0,1,90,2,5,4,0,0,1,72.0,30.0,voiture,voiture,1,1,1,1,2
202000023194,2020-08-07 20:30:00,2020,8,7,20,30,78,78490,RN12 INT,48.800207,1.981806,Plein jour,Hors agglomération,Hors intersection,Normale,Autre collision,2,3,4,0,1,1,1,0,1,90,1,1,0,0,0,1,23.0,,voiture,,1,1,1,1,6
202000023195,2020-08-08 06:00:00,2020,8,8,6,0,92,92036,AUTOROUTE A15,48.94364,2.28774,Plein jour,Hors agglomération,Hors intersection,Normale,Autre collision,1,3,8,0,1,1,1,2,1,110,1,1,0,0,0,1,30.0,,voiture,,1,1,1,1,6
202000023196,2020-08-08 03:20:00,2020,8,8,3,20,93,93066,AUTOROUTE A1,48.91037,2.35826,Nuit avec éclairage allumé,Hors agglomération,Hors intersection,Normale,Deux véhicules - arrière,1,3,8,0,1,1,1,1,1,90,2,4,1,0,0,3,55.0,27.0,voiture,voiture,5,1,1,1,2
202000023197,2020-08-07 18:50:00,2020,8,7,18,50,93,93007,AUTOROUTE A1,48.95203,2.45229,Plein jour,Hors agglomération,Hors intersection,Normale,Deux véhicules - arrière,1,3,8,0,1,1,1,0,1,110,2,2,1,0,0,1,29.0,34.0,voiture,voiture,1,1,1,1,2
202000023198,2020-08-07 16:15:00,2020,8,7,16,15,93,93007,AUTOROUTE A1,48.95202,2.45229,Plein jour,Hors agglomération,Hors intersection,Normale,Deux véhicules - côté,1,3,8,0,1,1,1,0,1,110,2,2,1,0,0,1,38.0,31.0,voiture,deux_roues,1,1,1,1,3
202000023199,2020-08-07 08:30:00,2020,8,7,8,30,974,97411,SAVOIE (RUE DE LA),-20.90597,55.48195,Plein jour,En agglomération,Hors intersection,Normale,Autre collision,4,-1,1,0,2,1,1,9,8,50,1,2,0,0,0,2,34.0,,utilitaire_camion,,1,2,1,1,6
202000023200,2020-08-07 08:00:00,2020,8,7,8,0,974,97411,Route de la Rivière des Pluies,-20.90035,55.499513,Plein jour,En agglomération,Intersection en T,Normale,Deux véhicules - côté,2,-1,2,0,1,1,1,0,1,50,2,2,1,0,0,1,35.0,21.0,deux_roues,voiture,1,2,3,1,3
202000023201,2020-08-07 18:15:00,2020,8,7,18,15,69,69387,GAMBETTA                            (CO),45.75442,4.84548,Plein jour,En agglomération,Intersection en X,Normale,Deux véhicules - côté,4,2,4,3,1,1,1,0,6,50,2,3,1,0,0,2,48.0,19.0,voiture,deux_roues,1,2,2,1,3
202000023202,2020-08-07 17:00:00,2020,8,7,17,0,69,69386,EMERAUDES (DES)                     (R ),45.76903,4.86037,Plein jour,En agglomération,Intersection en X,Normale,Autre collision,4,2,3,3,1,1,1,2,1,50,1,2,1,0,0,1,28.0,,transport_commun,,1,2,2,1,6
202000023203,2020-08-07 15:25:00,2020,8,7,15,25,69,69383,BONNEL (DE)                         (R ),45.7613482,4.8417648,Plein jour,En agglomération,Hors intersection,Normale,Deux véhicules - côté,4,1,4,0,1,1,1,0,1,50,2,2,1,0,0,1,18.0,52.0,deux_roues,voiture,1,2,1,1,3
202000023204,2020-08-07 11:20:00,2020,8,7,11,20,69,69259,ALBERT EINSTEIN                     (R ),45.699,4.87694,Plein jour,En agglomération,Hors intersection,Normale,Deux véhicules - frontale,4,2,2,0,3,1,1,0,1,50,2,4,3,0,0,1,59.0,33.0,voiture,voiture,1,2,1,1,1
202000023205,2020-08-07 14:50:00,2020,8,7,14,50,972,97213,ROUTE DEPARTEMENTALE 3,14.667,-60.9951,Plein jour,En agglomération,Hors intersection,Normale,Deux véhicules - côté,3,2,2,0,1,4,1,0,1,50,2,3,1,0,0,2,20.0,48.0,voiture,voiture,1,2,1,1,3
202000023206,2020-08-07 21:50:00,2020,8,7,21,50,69,69389,ARLOING                             (QU),45.7731397,4.8100255,Nuit avec éclairage allumé,En agglomération,Hors intersection,Normale,Deux véhicules - frontale,4,2,5,1,1,1,1,0,1,50,2,3,2,0,1,0,21.0,34.0,deux_roues,voiture,5,2,1,1,1
202000023207,2020-08-06 13:57:00,2020,8,6,13,57,971,97101,Frédéric JALTON,16.27839,-61.49901,Plein jour,En agglomération,Hors intersection,Normale,Trois véhicules et plus - en chaîne,4,2,2,0,1,1,1,0,1,50,3,3,2,0,0,1,51.0,53.0,voiture,voiture,1,2,1,1,4
202000023208,2020-08-07 18:40:00,2020,8,7,18,40,95,95539,CD 125,48.992365,2.358591,Plein jour,En agglomération,Giratoire,Normale,Deux véhicules - côté,3,2,2,0,1,1,1,0,1,50,2,2,1,0,0,1,30.0,43.0,deux_roues,voiture,1,2,6,1,3
202000023209,2020-08-07 07:30:00,2020,8,7,7,30,95,95063,QUAI VOLTAIRE,48.927565,2.229282,Plein jour,Hors agglomération,Hors intersection,Normale,Deux véhicules - côté,3,3,2,0,1,1,1,0,1,70,2,2,1,0,0,1,57.0,25.0,voiture,deux_roues,1,1,1,1,3
202000023210,2020-08-06 12:10:00,2020,8,6,12,10,91,91657,HENRI BARBUSSE (AVENUE),48.70169,2.42505,Plein jour,En agglomération,Hors intersection,Normale,Autre collision,3,2,2,0,1,1,1,0,1,50,1,2,1,0,0,1,36.0,,voiture,,1,2,1,1,6
202000023211,2020-08-07 11:35:00,2020,8,7,11,35,91,91114,PIERRE PROST (AVENUE),48.69658,2.49832,Plein jour,En agglomération,Giratoire,Normale,Deux véhicules - côté,7,1,1,0,1,3,1,0,1,30,2,2,1,0,0,1,34.0,31.0,voiture,deux_roues,1,2,6,1,3
202000023212,2020-08-06 16:58:00,2020,8,6,16,58,87,87085,BASTIAT (RUE FREDERIC),45.88291,1.28776,Plein jour,En agglomération,Hors intersection,Normale,Deux véhicules - frontale,6,2,1,0,1,1,1,0,1,30,2,3,2,0,0,1,65.0,23.0,voiture,voiture,1,2,1,1,1
202000023213,2020-08-06 11:20:00,2020,8,6,11,20,86,86194,Rue de la Milètrie,46.56211,0.37983,Plein jour,En agglomération,Hors intersection,Normale,Deux véhicules - arrière,4,2,6,0,1,1,1,0,1,50,2,4,1,0,0,3,64.0,63.0,voiture,voiture,1,2,1,1,2
202000023214,2020-08-07 19:30:00,2020,8,7,19,30,83,83144,LIBERATION (AVE DE LA),43.143018,5.991893,Crépuscule ou aube,En agglomération,Hors intersection,Normale,Deux véhicules - côté,3,2,1,0,1,1,1,0,1,50,2,2,1,0,0,1,66.0,39.0,deux_roues,voiture,2,2,1,1,3
202000023215,2020-08-08 01:15:00,2020,8,8,1,15,83,83069,DECUGIS (AVENUE ALFRED),43.11301,6.16144,Nuit sans éclairage public,En agglomération,Hors intersection,Normale,Sans collision,4,2,2,0,1,1,1,0,1,50,1,1,0,0,0,1,39.0,,deux_roues,,3,2,1,1,7
202000023216,2020-08-06 18:10:00,2020,8,6,18,10,83,83069,TOULON (VIEUX CHEMIN DE),43.12173,6.10987,Plein jour,En agglomération,Intersection en X,Temps éblouissant,Deux véhicules - côté,4,2,2,0,1,1,1,0,1,50,2,2,0,0,1,1,93.0,81.0,voiture,voiture,1,2,2,7,3
202000023217,2020-08-06 18:40:00,2020,8,6,18,40,81,81144,VIEILLE COTE DE LA DRECHE,43.96915,2.1576,Plein jour,Hors agglomération,Intersection en X,Temps éblouissant,Deux véhicules - côté,3,2,2,0,3,3,1,0,1,80,2,2,1,0,1,0,42.0,54.0,voiture,deux_roues,1,1,2,7,3
202000023218,2020-08-07 08:40:00,2020,8,7,8,40,78,78403,CHATEAUBRIAND (AVENUE),48.99425,1.868608,Plein jour,En agglomération,Hors intersection,Temps éblouissant,Autre collision,3,2,0,0,1,1,1,0,1,50,1,1,0,0,1,0,36.0,,deux_roues,,1,2,1,7,6