accident_id,datetime,annee,mois,jour,heure,minute,departement,commune_insee,adresse,latitude,longitude,luminosite,agglomeration,intersection,meteo,collision,catr,circ,nbv,vosp,prof,plan,surf,infra,situ,vma,nb_vehicules,nb_usagers,nb_indemnes,nb_tues,nb_blesses_hosp,nb_blesses_legers,age_cond_1,age_cond_2,veh_type_cond_1,veh_type_cond_2,lum_code,agg_code,int_code,atm_code,col_code
202000023219,2020-08-07 07:35:00,2020,8,7,7,35,78,78498,VILLIERS RUE DE,48.9224,2.0358,Crépuscule ou aube,En agglomération,Intersection en X,Normale,Deux véhicules - côté,4,2,2,0,1,1,1,0,1,50,2,2,1,0,0,1,58.0,30.0,voiture,utilitaire_camion,2,2,2,1,3
202000023220,2020-08-08 01:55:00,2020,8,8,1,55,69,69266,EMILE ZOLA     (Cours),45.76917,4.88136,Nuit avec éclairage allumé,En agglomération,Intersection en T,Normale,Deux véhicules - frontale,4,-1,4,1,1,1,1,0,1,50,2,2,0,0,0,2,32.0,26.0,voiture,voiture,5,2,3,1,1
202000023221,2020-08-06 21:30:00,2020,8,6,21,30,69,69264,KALARACH  RUE DE,45.99518,4.731,Nuit avec éclairage allumé,En agglomération,Hors intersection,Normale,Deux véhicules - arrière,4,2,2,0,1,1,1,0,1,50,2,1,0,0,1,0,14.0,,deux_roues,,5,2,1,1,2
202000023222,2020-06-08 07:30:00,2020,6,8,7,30,93,93027,AUTOROUTE A86,48.9244,2.38841,Plein jour,Hors agglomération,Hors intersection,Normale,Trois véhicules et plus - collisions multiples,1,3,8,0,1,1,1,0,1,90,3,3,2,0,0,1,21.0,38.0,deux_roues,deux_roues,1,1,1,1,5
202000023223,2020-06-08 11:15:00,2020,6,8,11,15,94,94069,A4,48.8176057,2.4212441,Plein jour,Hors agglomération,Autre intersection,Normale,Deux véhicules - arrière,1,-1,5,0,1,1,1,3,1,90,2,3,2,0,0,1,22.0,22.0,deux_roues,voiture,1,1,9,1,2
202000023224,2020-01-14 08:35:00,2020,1,14,8,35,35,35238,HAUTES-OURMES (BD DES),48.087595,-1.646411,Crépuscule ou aube,En agglomération,Hors intersection,Pluie légère,Autre collision,4,3,2,2,1,1,2,0,1,50,1,2,1,0,0,1,76.0,,voiture,,2,2,1,2,6
202000023225,2020-06-08 07:35:00,2020,6,8,7,35,974,97411,montgaillard (route de),-20.89863,55.46878,Plein jour,En agglomération,Intersection en Y,Temps éblouissant,Autre collision,4,2,2,0,2,2,1,0,1,50,1,2,1,0,0,1,26.0,,autre,,1,2,4,7,6
202000023226,2020-06-08 22:05:00,2020,6,8,22,5,69,69387,Rue du Repos,45.7464041,4.8500402,Nuit avec éclairage allumé,En agglomération,Autre intersection,Pluie légère,Autre collision,4,2,5,0,1,1,2,0,1,50,1,1,0,0,0,1,,,,,5,2,9,2,6
202000023227,2020-06-08 20:45:00,2020,6,8,20,45,69,69259,FRANCIS DE PRESSENSE                (AV),45.7221,4.8662,Plein jour,En agglomération,Hors intersection,Pluie légère,,4,2,2,0,1,1,2,0,1,50,2,2,0,0,0,2,26.0,,voiture,,1,2,1,2,-1
202000023228,2020-06-08 07:40:00,2020,6,8,7,40,69,69386,DUGUESCLIN                          (R ),45.76707,4.84764,Crépuscule ou aube,En agglomération,Intersection en X,Temps éblouissant,Deux véhicules - côté,4,1,2,1,1,1,1,0,1,50,2,2,1,0,0,1,62.0,30.0,voiture,deux_roues,2,2,2,7,3
202000023229,2020-06-08 09:50:00,2020,6,8,9,50,972,97213,PIERRE ZOBDA QUITMAN (RUE),14.60982,-61.00075,Plein jour,En agglomération,Place,Normale,Deux véhicules - arrière,4,2,2,0,1,1,1,0,1,30,2,2,1,0,0,1,63.0,24.0,voiture,voiture,1,2,7,1,2
202000023230,2020-08-06 09:19:00,2020,8,6,9,19,66,66136,WILSON (BOULEVARD THOMAS),42.70192,2.89571,Plein jour,En agglomération,Intersection en T,Normale,Deux véhicules - côté,4,2,4,0,1,1,1,0,1,50,2,2,1,0,0,1,38.0,20.0,deux_roues,voiture,1,2,3,1,3
202000023231,2020-06-07 12:30:00,2020,6,7,12,30,972,97213,ROUTE DEPARTEMENTALE 15,14.63785,-61.00981,Plein jour,En agglomération,Hors intersection,Normale,Deux véhicules - côté,3,2,2,0,2,1,1,0,1,50,2,2,1,0,1,0,33.0,18.0,voiture,deux_roues,1,2,1,1,3
202000023232,2020-06-07 11:20:00,2020,6,7,11,20,2B,2B033,ROUTE ROYALE,42.67668,9.44275,Plein jour,En agglomération,Hors intersection,Normale,Trois véhicules et plus - collisions multiples,3,2,2,0,2,1,1,0,1,50,5,8,2,0,0,6,54.0,26.0,utilitaire_camion,voiture,1,2,1,1,5
202000023233,2020-06-07 06:15:00,2020,6,7,6,15,971,97113,RN4 - SECTION RIVIERA,16.21793,-61.49771,Plein jour,Hors agglomération,Hors intersection,Normale,Deux véhicules - frontale,2,-1,3,0,1,1,1,0,1,70,2,5,3,0,1,1,25.0,31.0,voiture,voiture,1,1,1,1,1
202000023234,2020-06-07 03:30:00,2020,6,7,3,30,971,97113,PETIT HAVRE (SECTEUR),16.2160757,-61.4295387,Nuit sans éclairage public,Hors agglomération,Hors intersection,Pluie légère,Deux véhicules - côté,2,-1,0,0,1,1,2,0,1,70,2,3,0,0,0,3,27.0,24.0,voiture,voiture,3,1,1,2,3
202000023235,2020-08-05 20:11:00,2020,8,5,20,11,66,66136,TORREILLES (AV DU DOCTEUR JEAN-LOUIS),42.6834733,2.8758996,Plein jour,En agglomération,Hors intersection,Normale,Deux véhicules - frontale,4,2,2,0,1,1,1,0,1,50,2,2,1,0,0,1,25.0,24.0,deux_roues,deux_roues,1,2,1,1,1
202000023236,2020-06-08 09:00:00,2020,6,8,9,0,91,91589,DE LESSEPS (AVENUE FERDINAND),48.7037,2.34,Plein jour,En agglomération,Intersection en T,Normale,Deux véhicules - côté,3,2,2,0,1,1,1,0,1,50,2,2,1,0,0,1,51.0,55.0,deux_roues,voiture,1,2,3,1,3
202000023237,2020-06-08 08:00:00,2020,6,8,8,0,91,91216,GRAND VAUX (RUE DE),48.673171,2.335403,Plein jour,En agglomération,Hors intersection,Temps éblouissant,Autre collision,3,2,2,0,2,3,1,0,1,50,1,3,2,0,1,0,28.0,,voiture,,1,2,1,7,6
202000023238,2020-08-06 19:35:00,2020,8,6,19,35,64,64024,BAYONNE (AVENUE DE),43.4807,-1.5138,Plein jour,En agglomération,Hors intersection,Normale,Deux véhicules - côté,3,2,3,3,1,1,1,0,6,30,2,2,1,0,0,1,69.0,49.0,voiture,deux_roues,1,2,1,1,3
202000023239,2020-06-06 18:17:00,2020,6,6,18,17,91,91182,VERSAILLES (ROUTE DE),48.61846,2.40398,Plein jour,En agglomération,Hors intersection,Normale,,4,1,1,0,1,1,1,0,1,30,2,2,1,0,0,1,21.0,58.0,deux_roues,voiture,1,2,1,1,-1
202000023240,2020-08-06 19:00:00,2020,8,6,19,0,64,64024,BAB (BOULEVARD DU),43.4939549,-1.5251101,Plein jour,En agglomération,Hors intersection,Normale,Deux véhicules - côté,4,2,4,1,1,1,1,0,1,50,2,2,1,0,1,0,61.0,23.0,utilitaire_camion,deux_roues,1,2,1,1,3
202000023241,2020-06-08 17:45:00,2020,6,8,17,45,91,91631,MANDRES (RUE DE),48.6807,2.5585,Plein jour,En agglomération,Hors intersection,Temps couvert,Autre collision,4,2,2,0,2,1,1,0,4,30,1,2,1,0,0,1,38.0,,deux_roues,,1,2,1,8,6
202000023242,2020-08-05 19:01:00,2020,8,5,19,1,63,63113,LAGARLAYE (RUE DE),45.7736986,3.0815784,Plein jour,En agglomération,Hors intersection,Normale,Deux véhicules - arrière,4,1,2,0,1,1,1,9,1,50,2,2,1,0,0,1,55.0,26.0,voiture,deux_roues,1,2,1,1,2
202000023243,2020-06-06 09:40:00,2020,6,6,9,40,91,91552,CHANTELOUP (RUE DE),48.596661,2.25011,Plein jour,En agglomération,Intersection en T,Normale,Deux véhicules - arrière,4,2,2,0,1,1,1,0,1,50,2,2,1,0,0,1,36.0,53.0,utilitaire_camion,voiture,1,2,3,1,2
202000023244,2020-08-06 20:00:00,2020,8,6,20,0,62,62119,SAINT OMER (  RUE DE ),50.517029,2.63688,Crépuscule ou aube,En agglomération,Hors intersection,Normale,Deux véhicules - côté,4,2,1,0,1,1,1,0,1,50,2,2,1,0,0,1,31.0,,voiture,,2,2,1,1,3
202000023245,2020-06-08 08:48:00,2020,6,8,8,48,87,87085,Avenue Georges Guingouin,45.90277,1.29631,Plein jour,Hors agglomération,Intersection en T,Normale,Deux véhicules - côté,3,1,1,0,1,1,1,5,1,70,2,2,1,0,0,1,21.0,39.0,utilitaire_camion,utilitaire_camion,1,1,3,1,3
202000023246,2020-07-27 18:45:00,2020,7,27,18,45,60,60159,Rue du Docteur Calmette,49.4000566,2.7934851,Plein jour,En agglomération,Intersection en T,Normale,Deux véhicules - côté,4,2,2,0,1,1,1,0,1,50,2,2,0,0,1,1,21.0,,voiture,,1,2,3,1,3
202000023247,2020-06-06 09:05:00,2020,6,6,9,5,87,87085,Rue Georges Briquet,45.90277,1.29631,Plein jour,Hors agglomération,Hors intersection,Normale,Autre collision,6,-1,-1,0,1,1,1,1,6,10,1,2,1,0,0,1,74.0,,voiture,,1,1,1,1,6
202000023248,2020-08-07 17:50:00,2020,8,7,17,50,60,60057,Avenue du 8 Mai 1945,49.4409007,2.0964197,Plein jour,En agglomération,Hors intersection,Normale,Autre collision,4,2,2,0,1,1,1,9,8,50,1,2,1,0,0,1,31.0,,voiture,,1,2,1,1,6
202000023249,2020-06-05 15:42:00,2020,6,5,15,42,87,87085,Georges GUINGOUIN(rue),45.90277,1.29631,Plein jour,Hors agglomération,Intersection en T,Normale,Deux véhicules - côté,4,2,2,0,1,1,1,0,1,50,2,3,1,0,0,2,23.0,24.0,voiture,voiture,1,1,3,1,3
202000023250,2020-06-06 18:15:00,2020,6,6,18,15,85,85194,Promenade Georges V,46.49589,-1.79623,Plein jour,En agglomération,Hors intersection,Normale,Autre collision,4,2,2,0,1,1,1,0,1,30,1,2,1,0,1,0,61.0,,voiture,,1,2,1,1,6
202000023251,2020-08-06 14:30:00,2020,8,6,14,30,58,58194,MARECHAL JUIN,47.00445,3.15384,Plein jour,En agglomération,Hors intersection,Normale,Deux véhicules - arrière,3,2,5,0,1,1,1,0,1,50,2,2,1,0,0,1,65.0,22.0,voiture,voiture,1,2,1,1,2
202000023252,2020-06-05 21:10:00,2020,6,5,21,10,85,85194,Allée des Cèdres,46.50613,-1.76858,Crépuscule ou aube,En agglomération,Hors intersection,Normale,Autre collision,4,2,2,0,3,1,1,0,1,30,1,1,0,0,1,0,56.0,,deux_roues,,2,2,1,1,6
202000023253,2020-08-07 12:56:00,2020,8,7,12,56,57,57221,NATIONALE (RUE),49.31772,6.11316,Plein jour,En agglomération,Intersection en X,Normale,Deux véhicules - côté,3,2,0,0,1,1,1,5,1,50,2,2,0,1,0,1,28.0,36.0,deux_roues,transport_commun,1,2,2,1,3
202000023254,2020-05-20 10:45:00,2020,5,20,10,45,85,85194,Rue Ernest Landrieau,46.5077,-1.75354,Plein jour,En agglomération,Hors intersection,Normale,Autre collision,4,2,2,0,1,1,1,0,1,50,1,1,0,0,1,0,16.0,,deux_roues,,1,2,1,1,6
202000023255,2020-07-23 11:00:00,2020,7,23,11,0,57,57606,ALTMAYER (RUE DES GENERAUX),49.1250834,6.7248012,Plein jour,En agglomération,Hors intersection,Normale,,4,2,2,0,1,1,1,0,4,50,2,3,2,0,1,0,36.0,30.0,deux_roues,voiture,1,2,1,1,-1
202000023256,2020-06-08 07:00:00,2020,6,8,7,0,83,83062,FABRI DE PEIRESC (AVENUE),43.140851,6.029891,Plein jour,En agglomération,Intersection en T,Normale,Deux véhicules - côté,4,2,2,0,1,1,1,0,1,70,2,2,1,0,1,0,33.0,33.0,deux_roues,voiture,1,2,3,1,3
202000023257,2020-08-06 11:42:00,2020,8,6,11,42,56,56260,AOUT 1944(RUE DU 4),47.67474,-2.75928,Plein jour,En agglomération,Hors intersection,Normale,Deux véhicules - côté,4,2,2,1,2,1,1,0,1,50,2,3,2,0,1,0,48.0,67.0,deux_roues,voiture,1,2,1,1,3
202000023258,2020-06-07 02:00:00,2020,6,7,2,0,83,83069,MEDITERRANEE (AVENUE DE LA),43.07617,6.15374,Nuit avec éclairage allumé,En agglomération,Hors intersection,Normale,Deux véhicules - frontale,4,2,2,0,1,2,1,0,1,50,2,2,0,1,1,0,37.0,43.0,deux_roues,deux_roues,5,2,1,1,1
202000023259,2020-08-06 12:40:00,2020,8,6,12,40,54,54395,POINCARE (RUE RAYMOND 1-29-2-30),48.690025,6.1717636,Plein jour,En agglomération,Hors intersection,Normale,Autre collision,4,1,2,0,1,1,1,0,1,50,1,2,1,0,0,1,28.0,,deux_roues,,1,2,1,1,6
202000023260,2020-06-07 18:30:00,2020,6,7,18,30,81,81163,TASSIGNY (DE LATTRE DE),43.48952,2.37063,Plein jour,En agglomération,Intersection en T,Normale,Deux véhicules - côté,4,2,2,0,1,1,1,0,1,50,2,2,1,0,1,0,18.0,45.0,deux_roues,voiture,1,2,3,1,3
202000023261,2020-08-05 21:45:00,2020,8,5,21,45,54,54329,RD31,48.58188,6.50416,Nuit avec éclairage allumé,En agglomération,Hors intersection,Normale,Deux véhicules - arrière,3,2,2,0,1,1,1,0,1,50,2,2,1,0,1,0,10.0,21.0,deux_roues,voiture,5,2,1,1,2
202000023262,2020-06-05 17:10:00,2020,6,5,17,10,80,80261,RD 1001,49.86177,2.26935,Plein jour,Hors agglomération,Hors intersection,Normale,Trois véhicules et plus - en chaîne,4,2,2,0,3,1,1,0,1,80,4,4,3,0,0,1,24.0,34.0,voiture,voiture,1,1,1,1,4
202000023263,2020-06-06 13:20:00,2020,6,6,13,20,76,76108,rue de verdun,49.47557,1.12363,Plein jour,En agglomération,Hors intersection,Normale,Deux véhicules - côté,4,2,2,0,1,1,1,0,1,50,2,3,1,0,0,2,17.0,62.0,voiture,voiture,1,2,1,1,3
202000023264,2020-08-06 18:30:00,2020,8,6,18,30,52,52448,BLUM (RUE LEON),48.64231,4.96875,Plein jour,En agglomération,Autre intersection,Normale,Deux véhicules - côté,4,-1,2,0,1,1,1,0,1,50,2,2,1,0,1,0,43.0,22.0,voiture,deux_roues,1,2,9,1,3
202000023265,2020-06-07 15:20:00,2020,6,7,15,20,76,76341,RD 6382,49.51108,0.19933,Plein jour,En agglomération,Hors intersection,Normale,,3,3,2,0,1,4,1,2,1,50,2,4,0,0,0,4,28.0,19.0,voiture,voiture,1,2,1,1,-1
202000023266,2020-08-06 16:40:00,2020,8,6,16,40,50,50203,VENTE (ROUTE DE LA),49.59743,-1.58999,Plein jour,Hors agglomération,Hors intersection,Normale,Sans collision,3,2,1,0,2,1,9,0,1,80,1,2,0,0,0,2,37.0,,voiture,,1,1,1,1,7
202000023267,2020-08-07 17:30:00,2020,8,7,17,30,45,45004,PONTS (RUE DES),47.96754,2.77197,Plein jour,En agglomération,Hors intersection,Normale,Deux véhicules - côté,4,2,2,0,1,1,1,2,1,50,2,2,1,0,0,1,32.0,24.0,voiture,voiture,1,2,1,1,3
202000023268,2020-06-05 13:10:00,2020,6,5,13,10,67,67482,MITTELHAUSBERGEN (ROUTE DE),48.602347,7.708487,Plein jour,En agglomération,Intersection en T,Temps couvert,Deux véhicules - côté,3,2,2,1,1,1,1,0,1,50,2,3,1,0,0,2,26.0,35.0,voiture,voiture,1,2,3,8,3
202000023269,2020-06-05 11:15:00,2020,6,5,11,15,67,67482,GENERAL KOENIG (QUAI DU),48.575363,7.754431,Plein jour,En agglomération,Intersection en T,Temps couvert,Autre collision,4,2,5,1,1,1,1,0,1,50,1,2,1,0,0,1,33.0,,utilitaire_camion,,1,2,3,8,6
202000023270,2020-08-06 22:40:00,2020,8,6,22,40,44,44184,RD 492 DU PONT BD HÔPITAL A ÉCHANGEUR CR,47.27409,-2.24849,Nuit sans éclairage public,Hors agglomération,Hors intersection,Normale,Deux véhicules - frontale,3,2,2,0,1,1,1,0,1,50,2,3,0,0,1,2,63.0,37.0,voiture,voiture,3,1,1,1,1
202000023271,2020-06-08 14:11:00,2020,6,8,14,11,66,66136,Départementale 914,42.66559,2.91867,Plein jour,Hors agglomération,Hors intersection,Normale,Deux véhicules - arrière,4,1,4,0,1,1,1,0,1,50,2,2,1,0,0,1,34.0,58.0,voiture,voiture,1,1,1,1,2
202000023272,2020-05-28 19:15:00,2020,5,28,19,15,64,64445,NOLIVOS DE,43.30408,-0.37659,Plein jour,En agglomération,Hors intersection,Normale,Sans collision,4,1,1,0,1,1,1,0,1,30,1,1,0,1,0,0,75.0,,deux_roues,,1,2,1,1,7
202000023273,2020-06-08 08:21:00,2020,6,8,8,21,64,64024,PITOYS (ROUTE DE),43.46442,-1.50138,Plein jour,En agglomération,Hors intersection,Pluie légère,Autre collision,4,2,2,0,1,1,2,0,1,50,1,1,0,0,0,1,56.0,,deux_roues,,1,2,1,2,6
202000023274,2020-08-06 11:20:00,2020,8,6,11,20,42,42184,Rue Pierre Dubreuil,46.0547236,4.0426858,Plein jour,En agglomération,Intersection en Y,Normale,Deux véhicules - côté,4,2,2,0,1,2,1,0,1,50,2,2,1,0,1,0,72.0,44.0,deux_roues,utilitaire_camion,1,2,4,1,3
202000023275,2020-06-03 19:30:00,2020,6,3,19,30,62,62178,AIRE ( D'),50.494391,2.544006,Plein jour,Hors agglomération,Intersection en T,Normale,,3,2,2,0,2,1,1,0,1,50,2,5,4,0,1,0,25.0,44.0,voiture,deux_roues,1,1,3,1,-1
202000023276,2020-06-05 11:00:00,2020,6,5,11,0,57,57672,VERDUN (RUE DE),49.35016,6.15857,Plein jour,En agglomération,Hors intersection,Normale,Autre collision,3,2,3,0,1,1,1,0,1,50,1,2,1,0,1,0,62.0,,voiture,,1,2,1,1,6
202000023277,2020-07-27 17:40:00,2020,7,27,17,40,38,38053,Route de Lyon,45.58584,5.25692,Plein jour,En agglomération,Hors intersection,Normale,Deux véhicules - côté,3,3,1,0,1,1,1,0,1,50,2,2,1,0,1,0,59.0,59.0,deux_roues,voiture,1,2,1,1,3
202000023278,2020-06-06 13:05:00,2020,6,6,13,5,56,56121,FREBAULT (RUE  DU GENERAL ),47.74035,-3.37455,Plein jour,En agglomération,Hors intersection,Normale,Deux véhicules - côté,4,1,1,0,1,1,1,0,1,50,2,3,2,0,0,1,22.0,49.0,voiture,deux_roues,1,2,1,1,3
202000023279,2020-08-07 16:43:00,2020,8,7,16,43,37,37233,LENINE (AVENUE),47.3941006,0.738317,Plein jour,En agglomération,Intersection en X,Normale,Deux véhicules - côté,4,2,2,1,1,1,1,0,1,50,2,3,1,0,0,2,40.0,21.0,transport_commun,voiture,1,2,2,1,3
202000023280,2020-06-05 10:50:00,2020,6,5,10,50,56,56098,JAURES (RUE  JEAN ),47.76907,-3.35208,Plein jour,En agglomération,Intersection en T,Normale,Deux véhicules - côté,3,2,2,0,1,1,1,0,1,50,2,2,1,0,0,1,43.0,50.0,deux_roues,voiture,1,2,3,1,3
202000023281,2020-08-07 18:15:00,2020,8,7,18,15,35,35206,RN136,48.07905,-1.69015,Plein jour,Hors agglomération,Hors intersection,Normale,Deux véhicules - arrière,2,3,6,0,1,1,1,0,1,90,2,4,2,0,0,2,28.0,41.0,voiture,utilitaire_camion,1,1,1,1,2
202000023282,2020-06-08 11:00:00,2020,6,8,11,0,54,54395,MARIN (VIADUC LOUIS),48.7000321,6.1837086,Plein jour,En agglomération,Autre intersection,Normale,Deux véhicules - arrière,4,1,1,0,2,1,1,2,8,30,2,1,0,0,0,1,28.0,,voiture,,1,2,9,1,2
202000023283,2020-06-05 17:35:00,2020,6,5,17,35,54,54547,LISBONNE (RUE DE),48.6614397,6.1690646,Plein jour,En agglomération,Intersection en X,Pluie légère,Autre collision,4,2,2,0,1,1,2,0,1,30,1,1,0,0,0,1,,,,,1,2,2,2,6
202000023284,2020-08-05 14:30:00,2020,8,5,14,30,35,35115,10 Place de la République,48.3493352,-1.1953553,Plein jour,En agglomération,Hors intersection,Normale,Autre collision,4,1,2,1,1,1,1,0,1,30,1,2,1,0,0,1,56.0,,voiture,,1,2,1,1,6
202000023285,2020-08-07 18:20:00,2020,8,7,18,20,34,34172,TOULOUSE (AVENUE DE,43.593949,3.860404,Plein jour,En agglomération,Hors intersection,Normale,Autre collision,4,2,4,0,2,1,1,0,4,50,1,2,1,0,1,0,18.0,,autre,,1,2,1,1,6
202000023286,2020-06-06 14:00:00,2020,6,6,14,0,52,52448,TARTELOTTES (CHEMIN DES),48.63612,4.91855,Plein jour,En agglomération,Hors intersection,Normale,Deux véhicules - côté,4,2,2,0,1,4,1,0,1,50,2,2,1,0,0,1,13.0,43.0,deux_roues,voiture,1,2,1,1,3
202000023287,2020-06-08 17:55:00,2020,6,8,17,55,51,51454,Boulevard Pasteur,49.2504471,4.042417,Plein jour,En agglomération,Intersection en T,Normale,Deux véhicules - côté,2,2,4,1,1,1,1,0,1,50,2,2,1,0,0,1,31.0,21.0,deux_roues,voiture,1,2,3,1,3
202000023288,2020-08-06 22:17:00,2020,8,6,22,17,34,34198,D66  VOIE RAPIDE,43.55768,3.96439,Nuit sans éclairage public,Hors agglomération,Hors intersection,Normale,Autre collision,3,3,6,0,1,1,1,0,1,90,1,3,2,1,0,0,41.0,,voiture,,3,1,1,1,6
202000023289,2020-06-07 11:49:00,2020,6,7,11,49,49,49007,LARREY,47.47934,-0.55564,Plein jour,En agglomération,Hors intersection,Normale,Deux véhicules - côté,4,2,2,0,1,1,1,0,1,60,2,3,2,0,0,1,40.0,25.0,voiture,voiture,1,2,1,1,3
202000023290,2020-06-08 16:54:00,2020,6,8,16,54,37,37261,MARCEAU (RUE),47.3935496,0.6850364,Plein jour,En agglomération,Intersection en X,Normale,,4,1,1,1,1,1,1,0,1,50,2,2,1,0,1,0,60.0,16.0,deux_roues,deux_roues,1,2,2,1,-1
202000023291,2020-06-08 13:37:00,2020,6,8,13,37,37,37261,NAPOLEON (PONT),47.3966145,0.6767601,Plein jour,En agglomération,Hors intersection,Pluie légère,Deux véhicules - arrière,4,2,3,0,2,1,2,0,1,50,2,2,1,0,0,1,51.0,43.0,voiture,voiture,1,2,1,2,2
202000023292,2020-08-07 16:25:00,2020,8,7,16,25,33,33063,RUE ROBERT SCHUMAN / PCE DE L'EUROPE,44.85918,-0.58242,Plein jour,En agglomération,Intersection en T,Normale,Deux véhicules - frontale,4,2,2,0,1,1,1,0,1,50,2,4,2,0,0,2,33.0,59.0,voiture,transport_commun,1,2,3,1,1
202000023293,2020-06-08 13:45:00,2020,6,8,13,45,35,35238,Rue du Bosphore,48.0845,-1.6768,Plein jour,En agglomération,Autre intersection,Normale,Deux véhicules - côté,9,3,2,1,1,1,1,0,1,50,2,2,1,0,0,1,26.0,69.0,deux_roues,voiture,1,2,9,1,3
202000023294,2020-08-07 14:05:00,2020,8,7,14,5,33,33063,AVE DU MARECHAL DE LATTRE DE TASSIGNY / RUE SOUBIRAS,44.85704,-0.6198928,Plein jour,En agglomération,Intersection en X,Normale,Deux véhicules - frontale,4,2,5,2,1,1,1,5,1,50,2,2,1,0,1,0,18.0,24.0,deux_roues,voiture,1,2,2,1,1
202000023295,2020-08-08 02:20:00,2020,8,8,2,20,33,33529,Chemin de Camicas,44.6467,-1.15831,Nuit avec éclairage allumé,Hors agglomération,Giratoire,Normale,Autre collision,3,2,2,0,1,1,1,5,1,80,1,2,0,0,1,1,27.0,,voiture,,5,1,6,1,6
202000023296,2020-06-08 16:30:00,2020,6,8,16,30,33,33318,AVE JEANNE D'ARC / ALL DES GERANIUMS,44.81427,-0.63823,Plein jour,En agglomération,Intersection en T,Normale,Deux véhicules - côté,4,2,2,0,1,1,1,0,1,50,2,2,1,0,0,1,40.0,14.0,voiture,deux_roues,1,2,3,1,3
202000023297,2020-05-24 19:10:00,2020,5,24,19,10,33,33063,PONT Jacques CHABAN-DELMAS,44.85989,-0.55328,Plein jour,En agglomération,Hors intersection,Normale,Deux véhicules - arrière,4,3,8,-1,2,1,1,2,1,50,2,3,2,0,0,1,25.0,70.0,voiture,voiture,1,2,1,1,2
202000023298,2020-08-04 16:00:00,2020,8,4,16,0,29,29254,Route de Sainte-Sève,48.57203,-3.84898,Plein jour,En agglomération,Giratoire,Normale,Deux véhicules - côté,4,-1,2,0,1,1,1,0,1,50,2,2,1,0,1,0,20.0,27.0,voiture,deux_roues,1,2,6,1,3
202000023299,2020-06-07 11:30:00,2020,6,7,11,30,33,33529,BISCAROSSE (AVE) DUNE VERS BISCA,44.59641,-1.19594,Plein jour,Hors agglomération,Hors intersection,Normale,Deux véhicules - frontale,3,2,2,-1,2,1,1,-1,5,30,2,2,1,0,0,1,53.0,31.0,deux_roues,deux_roues,1,1,1,1,1
202000023300,2020-08-07 04:00:00,2020,8,7,4,0,29,29039,D122 - Rue Yves Trichard,47.8785693,-3.8537638,Nuit sans éclairage public,Hors agglomération,Hors intersection,Normale,Sans collision,3,-1,2,0,1,1,1,0,3,70,1,1,0,0,0,1,29.0,,voiture,,3,1,1,1,7
202000023301,2020-06-08 09:15:00,2020,6,8,9,15,33,33529,BISCAROSSE (AVE DE) JUSQU'A DUNE,44.60606,-1.2025,Plein jour,En agglomération,Hors intersection,Normale,Trois véhicules et plus - collisions multiples,3,2,2,2,1,1,1,0,1,50,3,4,2,0,0,2,31.0,37.0,voiture,utilitaire_camion,1,2,1,1,5
202000023302,2020-06-06 22:50:00,2020,6,6,22,50,31,31557,PEYRETTE (CH DE LA),43.58665,1.31883,Nuit avec éclairage allumé,En agglomération,Hors intersection,Pluie forte,Sans collision,4,2,2,0,1,3,2,0,3,50,1,1,0,0,0,1,25.0,,voiture,,5,2,1,3,7
202000023303,2020-08-07 19:10:00,2020,8,7,19,10,29,29019,Boulevard Léon Blum,48.4014,-4.48397,Plein jour,En agglomération,Intersection en Y,Normale,Deux véhicules - côté,4,2,2,0,2,1,1,5,1,50,2,2,1,0,0,1,28.0,35.0,voiture,deux_roues,1,2,4,1,3
202000023304,2020-06-05 21:00:00,2020,6,5,21,0,31,31555,CHE DE LA GARONNE,43.6209469,1.4040562,Nuit avec éclairage allumé,En agglomération,Hors intersection,Normale,Autre collision,4,2,2,0,1,1,1,0,1,50,1,4,1,0,0,3,19.0,,voiture,,5,2,1,1,6
202000023305,2020-08-07 07:25:00,2020,8,7,7,25,27,27681,POTARD (RUE),49.09436,1.48458,Plein jour,En agglomération,Hors intersection,Normale,Autre collision,4,2,1,0,1,1,1,6,1,30,1,2,1,0,0,1,31.0,,utilitaire_camion,,1,2,1,1,6
202000023306,2020-06-08 17:15:00,2020,6,8,17,15,17,17300,CARNOT   AVENUE,46.16535,-1.186342,Plein jour,En agglomération,Hors intersection,Normale,Autre collision,4,2,2,0,1,1,1,0,1,50,1,2,1,0,0,1,73.0,,voiture,,1,2,1,1,6
202000023307,2020-06-08 12:00:00,2020,6,8,12,0,17,17300,DOMPIERRE   RUE DE,46.1635,-1.13856,Plein jour,En agglomération,Giratoire,Normale,Deux véhicules - côté,4,-1,2,0,1,1,1,0,1,30,2,2,1,0,0,1,70.0,50.0,voiture,deux_roues,1,2,6,1,3
202000023308,2020-06-07 19:15:00,2020,6,7,19,15,14,14118,MASSE (RUE DE LA),49.18758,-0.34526,Plein jour,En agglomération,Hors intersection,Normale,Deux véhicules - frontale,4,2,2,0,2,1,1,0,1,50,2,2,1,0,0,1,21.0,28.0,deux_roues,voiture,1,2,1,1,1
202000023309,2020-08-01 09:35:00,2020,8,1,9,35,18,18033,,47.07448,2.34754,Plein jour,Hors agglomération,Intersection en Y,Normale,Deux véhicules - frontale,3,2,2,0,1,1,1,5,1,80,2,3,0,0,1,2,23.0,46.0,voiture,voiture,1,1,4,1,1
202000023310,2020-06-08 21:10:00,2020,6,8,21,10,13,13215,LYON (RUE DE),43.3404784,5.3611151,Crépuscule ou aube,En agglomération,Hors intersection,Normale,Trois véhicules et plus - collisions multiples,7,2,2,0,2,1,1,0,1,50,3,3,0,0,0,3,29.0,34.0,voiture,voiture,2,2,1,1,5