accident_id,datetime,annee,mois,jour,heure,minute,departement,commune_insee,adresse,latitude,longitude,luminosite,agglomeration,intersection,meteo,collision,catr,circ,nbv,vosp,prof,plan,surf,infra,situ,vma,nb_vehicules,nb_usagers,nb_indemnes,nb_tues,nb_blesses_hosp,nb_blesses_legers,age_cond_1,age_cond_2,veh_type_cond_1,veh_type_cond_2,lum_code,agg_code,int_code,atm_code,col_code
202000023311,2020-06-08 12:30:00,2020,6,8,12,30,13,13201,GRIGNAN (RUE)     12 A FIN,43.2917,5.37497,Plein jour,En agglomération,Hors intersection,Normale,Deux véhicules - côté,4,1,1,0,1,1,1,0,1,50,2,1,0,0,0,1,60.0,,deux_roues,,1,2,1,1,3
202000023312,2020-08-07 11:00:00,2020,8,7,11,0,13,13202,ARENC (QUAI D'),43.3152627,5.3651502,Plein jour,En agglomération,Hors intersection,Normale,Deux véhicules - côté,4,2,4,0,3,2,1,2,1,50,2,2,1,0,0,1,34.0,67.0,utilitaire_camion,deux_roues,1,2,1,1,3
202000023313,2020-06-07 01:55:00,2020,6,7,1,55,13,13201,CANEBIERE     70 A FIN,43.2977,5.3813,Nuit avec éclairage allumé,En agglomération,Hors intersection,Normale,,4,1,2,1,1,1,1,0,1,50,3,6,3,0,0,3,50.0,29.0,deux_roues,voiture,5,2,1,1,-1
202000023314,2020-08-07 20:33:00,2020,8,7,20,33,13,13047,D.10,43.59297,4.96721,Crépuscule ou aube,Hors agglomération,Hors intersection,Normale,Sans collision,3,2,2,0,1,1,1,0,8,80,1,1,0,0,0,1,20.0,,voiture,,2,1,1,1,7
202000023315,2020-06-06 19:53:00,2020,6,6,19,53,13,13201,BRETEUIL (RUE)    2 A 18,43.292191,5.375039,Plein jour,En agglomération,Hors intersection,Normale,Deux véhicules - côté,4,1,2,0,3,1,1,0,1,50,2,4,3,0,1,0,26.0,56.0,voiture,deux_roues,1,2,1,1,3
202000023316,2020-08-06 19:35:00,2020,8,6,19,35,13,13047,RADOLFZELL AVENUE DE,43.500957,4.992508,Plein jour,En agglomération,Hors intersection,Normale,Deux véhicules - arrière,4,2,2,0,1,1,1,0,1,50,2,3,1,0,0,2,32.0,39.0,voiture,voiture,1,2,1,1,2
202000023317,2020-06-08 17:05:00,2020,6,8,17,5,13,13047,LAVALDUC CHEMIN DE,43.480805,4.964918,Plein jour,En agglomération,Hors intersection,Normale,Deux véhicules - frontale,3,1,2,0,1,2,1,0,1,70,2,2,1,0,0,1,60.0,52.0,voiture,deux_roues,1,2,1,1,1
202000023318,2020-08-07 20:45:00,2020,8,7,20,45,13,13001,MARSEILLE (ROUTE DE ),43.472598,5.409244,Crépuscule ou aube,En agglomération,Hors intersection,Normale,Sans collision,3,3,4,0,1,1,1,0,1,50,1,1,0,0,1,0,51.0,,deux_roues,,2,2,1,1,7
202000023319,2020-06-08 15:25:00,2020,6,8,15,25,06,06027,CAMPANETTE CHEMIN DE LA,43.671,7.164,Plein jour,En agglomération,Autre intersection,Temps couvert,Deux véhicules - arrière,4,2,2,0,1,1,1,0,1,50,2,2,1,0,0,1,42.0,22.0,utilitaire_camion,deux_roues,1,2,9,8,2
202000023320,2020-08-07 19:20:00,2020,8,7,19,20,12,12176,ROUTE DES HAUTS D' ONET,44.37672,2.55208,Plein jour,Hors agglomération,Hors intersection,Normale,Sans collision,3,2,2,0,2,2,9,0,1,80,1,1,0,0,1,0,26.0,,deux_roues,,1,1,1,1,7
202000023321,2020-06-07 20:50:00,2020,6,7,20,50,05,05061,VOLTAIRE ( SQUARE ),44.55715,6.07702,Plein jour,En agglomération,Intersection en T,Normale,Deux véhicules - côté,4,1,1,0,1,1,1,0,1,50,2,3,2,0,0,1,17.0,32.0,deux_roues,voiture,1,2,3,1,3
202000023322,2020-08-07 22:00:00,2020,8,7,22,0,10,10387,BEAUREGARD (CHEMIN),48.28539,4.07975,Nuit avec éclairage allumé,En agglomération,Hors intersection,Normale,Sans collision,4,2,2,0,1,1,1,0,1,50,1,1,0,0,0,1,43.0,,deux_roues,,5,2,1,1,7
202000023323,2020-06-05 11:55:00,2020,6,5,11,55,05,05061,EYSSAGNIERES ( ROUTE DES ),44.53794,6.05165,Plein jour,En agglomération,Hors intersection,Normale,Sans collision,3,2,2,0,2,1,1,0,1,50,1,1,0,0,0,1,63.0,,deux_roues,,1,2,1,1,7
202000023324,2020-06-08 15:30:00,2020,6,8,15,30,75,75120,PORTE DE MONTREUIL,48.859033,2.41411,Plein jour,En agglomération,Hors intersection,Temps couvert,Deux véhicules - arrière,4,1,4,0,1,1,1,0,1,70,2,2,1,0,0,1,28.0,33.0,voiture,deux_roues,1,2,1,8,2
202000023325,2020-08-07 10:39:00,2020,8,7,10,39,10,10387,VEON A L'ANE (RUE),48.2911,4.1033,Plein jour,En agglomération,Intersection en X,Normale,,4,2,2,0,1,1,1,0,1,50,3,3,1,0,0,2,73.0,45.0,voiture,utilitaire_camion,1,2,2,1,-1
202000023326,2020-06-07 14:35:00,2020,6,7,14,35,75,75114,BOULEVARD PERIPHERIQUE,48.81658,2.342636,Plein jour,En agglomération,Intersection en Y,Normale,Deux véhicules - côté,4,1,3,0,1,1,1,0,1,70,2,2,1,0,0,1,46.0,28.0,deux_roues,voiture,1,2,4,1,3
202000023327,2020-08-06 23:30:00,2020,8,6,23,30,10,10333,ANDRE MAUGOUT (RUE),48.28398,4.05961,Nuit avec éclairage allumé,En agglomération,Autre intersection,Normale,Autre collision,4,-1,0,0,1,3,1,0,1,50,1,1,0,0,0,1,,,,,5,2,9,1,6
202000023328,2020-06-07 12:30:00,2020,6,7,12,30,75,75106,PLACE EDMOND ROSTAND,48.847248,2.34079,Plein jour,En agglomération,Place,Normale,Autre collision,4,1,3,3,1,1,1,-1,6,50,1,2,1,0,0,1,46.0,,transport_commun,,1,2,7,1,6
202000023329,2020-06-07 23:10:00,2020,6,7,23,10,75,75118,BOULEVARD BARBES,48.883849,2.349476,Nuit avec éclairage allumé,En agglomération,Intersection en X,Normale,Deux véhicules - côté,4,2,6,1,1,1,1,-1,5,50,2,2,1,0,0,1,29.0,40.0,deux_roues,voiture,5,2,2,1,3
202000023330,2020-08-06 16:08:00,2020,8,6,16,8,10,10387,ANDRE MALRAUX (RUE),48.31205,4.08321,Plein jour,En agglomération,Intersection en X,Temps éblouissant,Trois véhicules et plus - en chaîne,4,2,2,0,1,1,1,0,1,50,3,3,2,0,0,1,64.0,42.0,voiture,utilitaire_camion,1,2,2,7,4
202000023331,2020-06-08 17:29:00,2020,6,8,17,29,75,75115,RUE DU THEATRE,48.846175,2.295174,Plein jour,En agglomération,Intersection en X,Normale,Autre collision,4,1,1,0,1,1,1,0,1,50,1,1,0,0,0,1,,,,,1,2,2,1,6
202000023332,2020-08-07 12:45:00,2020,8,7,12,45,06,06088,RIQUIER (BD DE),43.703772,7.289909,Plein jour,En agglomération,Intersection en X,Normale,Deux véhicules - côté,4,1,3,0,1,1,1,0,1,50,2,2,1,0,1,0,60.0,68.0,deux_roues,voiture,1,2,2,1,3
202000023333,2020-06-08 16:20:00,2020,6,8,16,20,75,75113,AVENUE D ITALIE,48.820424,2.359065,Plein jour,En agglomération,Intersection en T,Normale,Deux véhicules - arrière,4,2,3,1,1,1,1,0,1,50,2,3,2,0,0,1,33.0,67.0,deux_roues,voiture,1,2,3,1,2
202000023334,2020-08-07 23:15:00,2020,8,7,23,15,06,06083,"SOSPEL (AVENUE DE, N° 1 A 55)",43.779328,7.493586,Nuit avec éclairage allumé,En agglomération,Intersection en T,Normale,Deux véhicules - côté,4,-1,1,0,1,1,2,0,1,50,2,2,1,0,1,0,31.0,22.0,voiture,deux_roues,5,2,3,1,3
202000023335,2020-08-07 07:50:00,2020,8,7,7,50,06,06069,PEGOMAS (ROUTE DE),43.625135,6.927388,Plein jour,Hors agglomération,Hors intersection,Normale,Deux véhicules - côté,3,2,2,0,1,1,1,0,1,70,2,2,1,0,0,1,23.0,58.0,voiture,deux_roues,1,1,1,1,3
202000023336,2020-06-08 17:10:00,2020,6,8,17,10,75,75111,RUE DE CRUSSOL,48.863861,2.366945,Plein jour,En agglomération,Intersection en T,Normale,Deux véhicules - côté,4,1,1,1,1,1,1,0,1,30,2,2,1,0,0,1,34.0,38.0,voiture,deux_roues,1,2,3,1,3
202000023337,2020-06-08 13:25:00,2020,6,8,13,25,75,75111,AVENUE DE LA REPUBLIQUE,48.866002,2.370661,Plein jour,En agglomération,Intersection en X,Normale,Autre collision,4,2,1,0,1,1,1,0,1,50,1,2,1,0,0,1,50.0,,voiture,,1,2,2,1,6
202000023338,2020-08-07 20:35:00,2020,8,7,20,35,06,06123,DE GAULLE GENERAL AVENUE,43.6649,7.1934,Nuit avec éclairage allumé,En agglomération,Intersection en T,Normale,Deux véhicules - côté,7,2,2,0,1,1,1,0,1,50,2,2,1,0,0,1,22.0,39.0,deux_roues,voiture,5,2,3,1,3
202000023339,2020-06-08 09:40:00,2020,6,8,9,40,75,75111,RUE SAINT MAUR,48.859435,2.382755,Plein jour,En agglomération,Intersection en Y,Temps couvert,Deux véhicules - frontale,4,1,1,2,1,1,1,-1,5,30,2,2,1,0,0,1,60.0,27.0,voiture,deux_roues,1,2,4,8,1
202000023340,2020-08-05 19:10:00,2020,8,5,19,10,03,03310,Avenue Thermale,46.1264113,3.4198965,Plein jour,En agglomération,Intersection en T,Temps éblouissant,Autre collision,4,1,1,0,1,3,1,0,1,50,1,2,1,0,1,0,72.0,,voiture,,1,2,3,7,6
202000023341,2020-06-08 10:30:00,2020,6,8,10,30,75,75109,RUE GODOT DE MAUROY,48.871979,2.327315,Plein jour,En agglomération,Hors intersection,Normale,Autre collision,4,1,1,0,1,1,1,0,1,30,1,2,1,0,0,1,29.0,,voiture,,1,2,1,1,6
202000023342,2020-08-07 12:00:00,2020,8,7,12,0,01,01053,HERRIOT ( BOULEVARD EDOUARD COTE IMPAIR),46.212957,5.218308,Plein jour,En agglomération,Intersection en T,Normale,Deux véhicules - côté,3,3,4,1,1,1,1,0,1,50,2,3,1,0,0,2,19.0,41.0,voiture,voiture,1,2,3,1,3
202000023343,2020-06-08 15:55:00,2020,6,8,15,55,75,75107,RUE DE LUYNES,48.854719,2.325997,Plein jour,En agglomération,Intersection en Y,Normale,Deux véhicules - côté,4,1,0,0,1,1,1,0,1,50,2,2,1,0,0,1,53.0,83.0,voiture,voiture,1,2,4,1,3
202000023344,2020-06-08 15:15:00,2020,6,8,15,15,75,75104,RUE DE RIVOLI,48.855065,2.361677,Plein jour,En agglomération,Intersection en T,Normale,Sans collision,4,1,4,1,1,1,1,0,1,30,1,1,0,0,0,1,55.0,,deux_roues,,1,2,3,1,7
202000023345,2020-08-05 16:20:00,2020,8,5,16,20,01,01289,DOMBES (AVENUE DE LA),46.1804,5.1949,Plein jour,Hors agglomération,Intersection en X,Normale,Deux véhicules - côté,3,4,3,0,1,1,1,0,1,80,2,4,3,0,1,0,27.0,91.0,voiture,voiture,1,1,2,1,3
202000023346,2020-06-08 12:20:00,2020,6,8,12,20,75,75103,RUE DE TURBIGO,48.8668,2.362002,Plein jour,En agglomération,Intersection en Y,Normale,Deux véhicules - côté,4,1,2,1,1,1,1,-1,5,50,2,2,1,0,0,1,40.0,86.0,deux_roues,voiture,1,2,4,1,3
202000023347,2020-08-07 08:28:00,2020,8,7,8,28,75,75106,QUAI DE CONTI,48.857687,2.337173,Plein jour,En agglomération,Hors intersection,Normale,Deux véhicules - frontale,4,2,5,1,1,1,1,-1,5,50,2,2,0,0,0,2,33.0,47.0,deux_roues,deux_roues,1,2,1,1,1
202000023348,2020-06-08 12:15:00,2020,6,8,12,15,75,75104,RUE DES ARCHIVES,48.85897,2.355729,Plein jour,En agglomération,Intersection en T,Normale,Deux véhicules - arrière,4,1,2,0,1,1,1,0,1,50,2,1,0,0,0,1,26.0,,deux_roues,,1,2,3,1,2
202000023349,2020-08-07 17:00:00,2020,8,7,17,0,75,75120,RUE BELGRAND,48.864686,2.404123,Plein jour,En agglomération,Intersection en X,Normale,Deux véhicules - côté,4,2,2,0,1,1,1,0,1,50,2,1,0,0,0,1,41.0,,deux_roues,,1,2,2,1,3
202000023350,2020-06-08 19:21:00,2020,6,8,19,21,94,94074,JULIEN DURANTON (avenue),48.7655,2.44764,Plein jour,En agglomération,Hors intersection,Normale,Autre collision,3,2,2,0,1,1,1,0,1,30,1,3,2,0,0,1,26.0,,voiture,,1,2,1,1,6
202000023351,2020-08-06 12:00:00,2020,8,6,12,0,75,75115,RUE DESAIX,48.853794,2.294161,Plein jour,En agglomération,Intersection en X,Normale,Sans collision,4,2,2,0,1,1,1,0,1,50,1,1,0,0,0,1,31.0,,deux_roues,,1,2,2,1,7
202000023352,2020-06-08 19:30:00,2020,6,8,19,30,94,94041,LOUIS BERTRAND (R),48.81682,2.37864,Plein jour,En agglomération,Intersection en T,Normale,Deux véhicules - côté,3,2,2,0,2,3,1,0,1,50,2,2,1,0,0,1,63.0,22.0,voiture,deux_roues,1,2,3,1,3
202000023353,2020-08-07 13:00:00,2020,8,7,13,0,75,75114,RUE MOUTON DUVERNET,48.831999,2.327419,Plein jour,En agglomération,Intersection en X,Normale,Sans collision,4,2,2,0,1,1,1,0,1,30,1,1,0,0,0,1,25.0,,deux_roues,,1,2,2,1,7
202000023354,2020-06-08 10:55:00,2020,6,8,10,55,94,94001,SAINT GEORGES (R),48.7222,2.4185,Plein jour,En agglomération,Hors intersection,Normale,Autre collision,4,1,1,0,1,3,1,0,4,30,1,2,1,0,0,1,50.0,,voiture,,1,2,1,1,6
202000023355,2020-06-06 15:40:00,2020,6,6,15,40,94,94079,MAURICE DUDRAGNE (R),48.831881,2.54955,Plein jour,En agglomération,Hors intersection,Normale,Autre collision,4,2,2,0,1,1,1,0,1,50,1,2,1,0,0,1,21.0,,deux_roues,,1,2,1,1,6
202000023356,2020-08-07 08:10:00,2020,8,7,8,10,75,75113,BOULEVARD AUGUSTE BLANQUI,48.830286,2.347201,Plein jour,En agglomération,Intersection en T,Normale,Autre collision,4,3,2,0,2,1,1,0,1,50,1,2,1,0,0,1,53.0,,voiture,,1,2,3,1,6
202000023357,2020-08-05 01:00:00,2020,8,5,1,0,75,75112,AVENUE DAUMESNIL,48.834965,2.408168,Nuit avec éclairage allumé,En agglomération,Place,Normale,Autre collision,4,1,2,0,1,1,1,0,1,50,1,1,0,0,0,1,39.0,,deux_roues,,5,2,7,1,6
202000023358,2020-06-08 18:25:00,2020,6,8,18,25,93,93072,MARCEL CACHIN (AVENUE) DES N°1 AU 17,48.95747,2.38265,Plein jour,En agglomération,Hors intersection,Normale,Deux véhicules - arrière,3,2,4,0,1,1,1,0,1,50,2,2,1,0,0,1,47.0,29.0,voiture,voiture,1,2,1,1,2
202000023359,2020-06-08 07:35:00,2020,6,8,7,35,93,93070,VICTOR-HUGO (BD),48.905837,2.3240997,Plein jour,En agglomération,Hors intersection,Normale,Autre collision,3,2,4,0,1,1,1,0,1,50,1,2,1,0,0,1,19.0,,voiture,,1,2,1,1,6
202000023360,2020-08-07 16:25:00,2020,8,7,16,25,75,75111,AVENUE DE LA REPUBLIQUE,48.864004,2.381204,Plein jour,En agglomération,Intersection en X,Normale,Deux véhicules - côté,4,2,2,0,1,1,1,0,1,50,2,2,1,0,0,1,28.0,45.0,deux_roues,deux_roues,1,2,2,1,3
202000023361,2020-06-07 18:00:00,2020,6,7,18,0,93,93070,VICTOR-HUGO (BD),48.9058735,2.3240865,Plein jour,En agglomération,Place,Normale,Deux véhicules - côté,3,2,2,0,1,1,1,0,1,50,2,3,1,0,0,2,29.0,19.0,voiture,deux_roues,1,2,7,1,3
202000023362,2020-08-07 17:40:00,2020,8,7,17,40,75,75108,AVENUE PERCIER,48.873686,2.314475,Plein jour,En agglomération,Intersection en X,Temps éblouissant,Autre collision,4,1,2,0,1,1,1,0,1,50,1,2,1,0,0,1,37.0,,utilitaire_camion,,1,2,2,7,6
202000023363,2020-06-08 11:45:00,2020,6,8,11,45,93,93066,"""LANDY RD 20, NR IMPAIRS 146 A 254""",48.91461,2.34806,Plein jour,En agglomération,Hors intersection,Normale,Deux véhicules - côté,3,2,2,1,1,1,1,0,1,50,2,2,1,0,0,1,34.0,52.0,utilitaire_camion,deux_roues,1,2,1,1,3
202000023364,2020-06-05 15:39:00,2020,6,5,15,39,93,93066,BD ANATOLE FRANCE,48.9272422,2.352865,Plein jour,En agglomération,Hors intersection,Temps couvert,Autre collision,3,4,4,0,1,1,1,0,1,50,1,2,1,1,0,0,24.0,,utilitaire_camion,,1,2,1,8,6
202000023365,2020-06-08 12:30:00,2020,6,8,12,30,93,93014,POSTES (CHEMIN DES),48.908627,2.535196,Plein jour,En agglomération,Hors intersection,Normale,Deux véhicules - arrière,7,-1,4,0,1,3,1,0,1,50,2,1,0,0,0,1,84.0,,deux_roues,,1,2,1,1,2
202000023366,2020-06-08 17:08:00,2020,6,8,17,8,93,93001,AV DU PRESIDENT ROOSEVELT / R EDGARD QUINET,48.9164196,2.3801305,Plein jour,En agglomération,Intersection en T,Temps couvert,Trois véhicules et plus - collisions multiples,3,2,4,0,1,1,1,0,1,50,3,2,1,0,0,1,34.0,22.0,voiture,deux_roues,1,2,3,8,5
202000023367,2020-08-07 16:20:00,2020,8,7,16,20,75,75108,PLACE DE LA CONCORDE,48.864066,2.320117,Plein jour,En agglomération,Place,Normale,Deux véhicules - côté,4,1,8,0,1,1,1,0,1,50,2,2,1,0,0,1,26.0,23.0,voiture,deux_roues,1,2,7,1,3
202000023368,2020-06-05 17:01:00,2020,6,5,17,1,92,92063,HUIT MAI 1945 (PLACE DU),48.8714449,2.2032282,Plein jour,En agglomération,Giratoire,Normale,Deux véhicules - côté,4,1,2,0,1,3,1,0,1,50,2,2,1,1,0,0,79.0,39.0,deux_roues,utilitaire_camion,1,2,6,1,3
202000023369,2020-06-08 19:45:00,2020,6,8,19,45,92,92044,BARBES (RUE),48.89034,2.28176,Crépuscule ou aube,En agglomération,Intersection en X,Normale,Deux véhicules - côté,4,1,1,0,1,1,1,0,1,50,2,3,2,0,0,1,32.0,49.0,voiture,voiture,2,2,2,1,3
202000023370,2020-03-07 08:15:00,2020,3,7,8,15,75,75108,AVENUE PIERRE 1ER DE SERBIE,48.8683847,2.3011154,Crépuscule ou aube,En agglomération,Intersection en X,Normale,Autre collision,4,2,2,0,1,1,1,0,1,50,1,1,0,0,0,1,30.0,,voiture,,2,2,2,1,6
202000023371,2020-06-06 00:34:00,2020,6,6,0,34,92,92036,LAURENT CELY (AVENUE) (145/329),48.930691,2.301795,Nuit avec éclairage allumé,En agglomération,Intersection en X,Normale,Deux véhicules - arrière,3,3,5,0,1,1,1,0,1,50,2,3,1,0,0,2,41.0,26.0,voiture,voiture,5,2,2,1,2
202000023372,2020-08-06 23:50:00,2020,8,6,23,50,75,75114,RUE FRIANT,48.825764,2.324342,Nuit avec éclairage allumé,En agglomération,Hors intersection,Normale,Deux véhicules - côté,4,1,2,1,1,1,1,-1,5,30,2,2,1,0,0,1,20.0,54.0,deux_roues,voiture,5,2,1,1,3
202000023373,2020-06-09 21:10:00,2020,6,9,21,10,24,24010,D3,45.172629,0.592318,Crépuscule ou aube,En agglomération,Giratoire,Normale,Deux véhicules - arrière,3,1,1,0,1,2,1,0,1,50,2,2,1,0,1,0,18.0,70.0,deux_roues,voiture,2,2,6,1,2
202000023374,2020-08-07 18:15:00,2020,8,7,18,15,75,75103,RUE REAUMUR,48.865736,2.354943,Plein jour,En agglomération,Hors intersection,Normale,Sans collision,4,1,3,3,1,1,1,0,1,50,1,1,0,0,0,1,41.0,,deux_roues,,1,2,1,1,7
202000023375,2020-06-09 17:05:00,2020,6,9,17,5,25,25055,A36,47.19346,5.7775,Plein jour,Hors agglomération,Hors intersection,Normale,Deux véhicules - arrière,1,1,4,3,1,1,1,0,1,130,2,3,2,0,1,0,46.0,41.0,utilitaire_camion,utilitaire_camion,1,1,1,1,2
202000023376,2020-08-07 19:00:00,2020,8,7,19,0,93,93059,PL DU GENERAL LECLERC,48.96412,2.37166,Plein jour,En agglomération,Hors intersection,Normale,Autre collision,3,1,1,0,1,1,1,6,4,30,1,1,0,0,0,1,36.0,,voiture,,1,2,1,1,6
202000023377,2020-06-08 07:00:00,2020,6,8,7,0,73,73330,D44 Bas Somont,45.712682,5.79016,Plein jour,En agglomération,Hors intersection,Temps couvert,Deux véhicules - côté,3,2,2,0,2,1,1,0,1,50,2,2,1,0,1,0,47.0,19.0,voiture,deux_roues,1,2,1,8,3
202000023378,2020-06-08 17:35:00,2020,6,8,17,35,974,97422,49 Rue Georges Pompidou,-21.265233,55.522909,Plein jour,Hors agglomération,Hors intersection,Normale,Autre collision,2,2,2,0,2,2,1,0,4,50,1,2,1,0,1,0,57.0,,voiture,,1,1,1,1,6
202000023379,2020-08-06 09:20:00,2020,8,6,9,20,93,93066,"""LANDY RD 20, NR IMPAIRS 1 A 144""",48.9155193,2.3575515,Plein jour,En agglomération,Intersection en X,Normale,Autre collision,3,2,2,0,2,1,1,0,1,50,1,2,1,0,0,1,28.0,,voiture,,1,2,2,1,6
202000023380,2020-06-09 15:31:00,2020,6,9,15,31,67,67089,D421,48.750219,7.452829,Plein jour,Hors agglomération,Hors intersection,Normale,Deux véhicules - frontale,3,2,2,0,3,1,1,2,1,70,2,3,0,1,1,1,44.0,51.0,utilitaire_camion,voiture,1,1,1,1,1
202000023381,2020-08-07 08:50:00,2020,8,7,8,50,93,93064,CAVARE (RUE PAUL),48.8730272,2.4851632,Plein jour,En agglomération,Hors intersection,Normale,Autre collision,4,2,3,0,1,1,1,0,1,50,1,2,1,0,0,1,94.0,,voiture,,1,2,1,1,6
202000023382,2020-06-08 17:15:00,2020,6,8,17,15,51,51612,D36,48.917057,3.981965,Plein jour,Hors agglomération,Hors intersection,Normale,Deux véhicules - côté,3,2,2,0,3,1,1,0,1,80,2,4,3,0,1,0,15.0,15.0,deux_roues,deux_roues,1,1,1,1,3
202000023383,2020-06-08 20:05:00,2020,6,8,20,5,56,56078,11 Rue Herbert Clémens,47.776979,-3.516034,Plein jour,En agglomération,Hors intersection,Normale,Autre collision,4,2,2,0,1,1,1,0,1,50,1,2,1,0,0,1,53.0,,deux_roues,,1,2,1,1,6
202000023384,2020-05-31 04:00:00,2020,5,31,4,0,76,76419,Rue du Village,49.397387,0.883015,Nuit sans éclairage public,Hors agglomération,Hors intersection,Normale,Sans collision,3,2,2,0,2,1,1,0,1,80,1,1,0,0,1,0,34.0,,utilitaire_camion,,3,1,1,1,7
202000023385,2020-06-07 18:50:00,2020,6,7,18,50,65,65362,rue saint vincent,42.963061,-0.072436,Plein jour,En agglomération,Intersection en T,Temps couvert,Autre collision,4,2,2,0,1,1,9,5,1,50,1,2,1,0,1,0,15.0,,deux_roues,,1,2,3,8,6
202000023386,2020-06-09 16:50:00,2020,6,9,16,50,61,61329,La Hulberdiere,48.446404,0.517441,Plein jour,Hors agglomération,Intersection en X,Normale,Deux véhicules - côté,3,2,2,0,1,1,1,5,1,80,2,3,2,0,0,1,59.0,25.0,voiture,voiture,1,1,2,1,3
202000023387,2020-06-09 01:00:00,2020,6,9,1,0,41,41231,Rue de la Ferte-beauharnais,47.524464,1.926025,Nuit avec éclairage non allumé,En agglomération,Hors intersection,Temps couvert,Autre collision,3,2,2,0,1,1,2,0,3,50,1,2,0,1,0,1,34.0,,voiture,,4,2,1,8,6
202000023388,2020-05-18 20:30:00,2020,5,18,20,30,86,86281,20 Rue des Ormeaux,46.693852,0.213352,Crépuscule ou aube,En agglomération,Hors intersection,Normale,Autre collision,4,2,2,0,1,1,1,0,3,50,1,1,0,1,0,0,19.0,,voiture,,2,2,1,1,6
202000023389,2020-06-09 11:30:00,2020,6,9,11,30,22,22135,Keranfiol,48.593857,-3.359161,Plein jour,Hors agglomération,Hors intersection,Normale,Deux véhicules - frontale,4,2,2,0,1,4,1,0,1,80,2,2,1,0,0,1,59.0,22.0,voiture,voiture,1,1,1,1,1
202000023390,2020-05-15 16:40:00,2020,5,15,16,40,44,44152,Rue de l'Étang,47.456427,-2.005182,Plein jour,Hors agglomération,Intersection en Y,Normale,Deux véhicules - côté,4,2,2,0,1,1,1,0,1,70,2,2,0,0,1,1,29.0,15.0,deux_roues,deux_roues,1,1,4,1,3
202000023391,2020-06-08 11:15:00,2020,6,8,11,15,44,44069,D774,47.310547,-2.429668,Plein jour,Hors agglomération,Intersection en T,Normale,Deux véhicules - arrière,3,2,2,0,1,1,1,0,1,80,2,2,1,0,0,1,62.0,37.0,voiture,deux_roues,1,1,3,1,2
202000023392,2020-06-04 17:55:00,2020,6,4,17,55,44,44084,Rue Louis Retailleau,47.236966,-1.353443,Plein jour,En agglomération,Intersection en X,Normale,Deux véhicules - côté,4,2,2,0,1,1,1,0,1,50,2,2,1,0,0,1,17.0,71.0,deux_roues,utilitaire_camion,1,2,2,1,3
202000023393,2020-06-09 13:55:00,2020,6,9,13,55,31,31037,Piqueraisin,43.361025,1.775068,Plein jour,Hors agglomération,Hors intersection,Normale,Autre collision,3,2,2,0,1,1,3,0,1,80,1,1,0,1,0,0,29.0,,voiture,,1,1,1,1,6
202000023394,2020-06-07 15:00:00,2020,6,7,15,0,03,03303,,46.4898856,2.7397301,Plein jour,En agglomération,Hors intersection,Normale,Sans collision,3,2,2,0,2,4,1,0,3,80,1,1,0,0,1,0,26.0,,deux_roues,,1,2,1,1,7
202000023395,2020-06-07 01:15:00,2020,6,7,1,15,15,15127,D21,45.250301,3.147808,Nuit avec éclairage non allumé,Hors agglomération,Hors intersection,Normale,Autre collision,3,2,2,0,2,3,1,0,3,90,1,1,0,0,1,0,24.0,,voiture,,4,1,1,1,6
202000023396,2020-06-09 11:30:00,2020,6,9,11,30,26,26165,100 chemin du Chamialoux ,44.77837,4.813246,Plein jour,Hors agglomération,Hors intersection,Pluie légère,Autre collision,4,2,2,0,1,1,2,0,3,50,1,3,1,0,1,1,40.0,,voiture,,1,1,1,2,6
202000023397,2020-06-09 17:10:00,2020,6,9,17,10,66,66015,D 900,42.578903,2.85037,Plein jour,Hors agglomération,Hors intersection,Normale,Autre collision,3,3,4,0,1,1,1,0,3,90,1,1,0,0,1,0,21.0,,voiture,,1,1,1,1,6
202000023398,2020-06-09 21:00:00,2020,6,9,21,0,90,90056,Rue d'Alsace,47.538717,7.008162,Crépuscule ou aube,Hors agglomération,Hors intersection,Pluie légère,Sans collision,3,2,2,0,4,1,2,0,1,80,1,1,0,0,1,0,25.0,,deux_roues,,2,1,1,2,7
202000023399,2020-06-06 08:55:00,2020,6,6,8,55,09,09326,Le Coche La Remise,42.771617,1.717896,Plein jour,En agglomération,Hors intersection,Pluie légère,Trois véhicules et plus - collisions multiples,2,2,2,0,1,1,2,0,1,50,4,14,5,0,0,9,22.0,56.0,voiture,voiture,1,2,1,2,5
202000023400,2020-06-08 02:00:00,2020,6,8,2,0,18,18242,Route de Véreaux,46.844265,2.912316,Nuit sans éclairage public,Hors agglomération,Hors intersection,Normale,Autre collision,3,2,2,0,1,1,1,0,3,80,1,5,4,1,0,0,30.0,,voiture,,3,1,1,1,6
202000023401,2020-06-09 19:55:00,2020,6,9,19,55,16,16028,,45.475372,-0.158027,Crépuscule ou aube,En agglomération,Intersection en T,Normale,Deux véhicules - frontale,4,2,2,0,2,1,1,0,1,50,2,2,1,0,0,1,38.0,56.0,voiture,deux_roues,2,2,3,1,1
202000023402,2020-06-08 10:30:00,2020,6,8,10,30,07,07304,Départementale 579,44.392488,4.378052,Plein jour,Hors agglomération,Hors intersection,Normale,Sans collision,3,2,2,0,2,3,1,0,1,80,1,1,0,0,1,0,67.0,,deux_roues,,1,1,1,1,7
202000023403,2020-06-07 18:55:00,2020,6,7,18,55,07,07280,Rue Gaston Roussel,44.34021,4.15185,Plein jour,En agglomération,Intersection en T,Normale,,4,2,2,0,1,1,1,0,1,50,2,2,1,0,1,0,12.0,26.0,deux_roues,voiture,1,2,3,1,-1
202000023404,2020-06-09 10:00:00,2020,6,9,10,0,21,21023,D906,47.138476,4.463861,Plein jour,Hors agglomération,Intersection en T,Temps couvert,Deux véhicules - côté,3,2,2,0,1,1,1,0,1,90,2,2,1,0,1,0,46.0,89.0,utilitaire_camion,voiture,1,1,3,8,3