accident_id,datetime,annee,mois,jour,heure,minute,departement,commune_insee,adresse,latitude,longitude,luminosite,agglomeration,intersection,meteo,collision,catr,circ,nbv,vosp,prof,plan,surf,infra,situ,vma,nb_vehicules,nb_usagers,nb_indemnes,nb_tues,nb_blesses_hosp,nb_blesses_legers,age_cond_1,age_cond_2,veh_type_cond_1,veh_type_cond_2,lum_code,agg_code,int_code,atm_code,col_code
202000023588,2020-10-06 12:20:00,2020,10,6,12,20,41,41288,Autoroute A10,47.654476,1.378055,Plein jour,Hors agglomération,Hors intersection,Normale,Deux véhicules - arrière,1,2,3,0,1,3,1,0,1,130,2,3,1,0,0,2,81.0,55.0,voiture,utilitaire_camion,1,1,1,1,2
202000023589,2020-11-09 07:55:00,2020,11,9,7,55,33,33281,AVE MARCEL DASSAULT,44.8442,-0.6741,Plein jour,En agglomération,Hors intersection,Normale,Deux véhicules - arrière,4,2,4,2,1,1,1,0,1,50,2,2,1,0,0,1,44.0,20.0,voiture,deux_roues,1,2,1,1,2
202000023590,2020-11-07 00:30:00,2020,11,7,0,30,31,31555,RUE DES AMIDONNIERS,43.60629,1.42528,Nuit avec éclairage allumé,En agglomération,Hors intersection,Vent fort / tempête,Autre collision,4,2,2,0,1,1,1,0,1,50,1,1,0,0,1,0,23.0,,deux_roues,,5,2,1,6,6
202000023591,2020-08-30 12:55:00,2020,8,30,12,55,971,97132,La Regrettée,15.993799,-61.651964,Plein jour,Hors agglomération,Hors intersection,Pluie légère,Deux véhicules - frontale,2,2,3,0,3,1,2,0,1,80,2,2,0,0,0,2,31.0,24.0,voiture,voiture,1,1,1,2,1
202000023592,2020-10-05 15:55:00,2020,10,5,15,55,19,19150,D1089,45.0762785,1.6054845,Nuit sans éclairage public,Hors agglomération,Hors intersection,Pluie légère,Autre collision,3,2,2,0,2,3,2,0,3,90,1,2,1,0,1,0,62.0,,voiture,,3,1,1,2,6
202000023593,2020-10-05 15:20:00,2020,10,5,15,20,19,19118,18 La Tronche,45.470515,1.755495,Plein jour,Hors agglomération,Hors intersection,Pluie forte,Autre collision,3,2,2,0,1,3,2,0,1,70,1,1,0,1,0,0,34.0,,voiture,,1,1,1,3,6
202000023594,2020-10-06 13:00:00,2020,10,6,13,0,82,82018,Route de Caussade,44.1020781,1.5373228,Plein jour,Hors agglomération,Hors intersection,Pluie légère,Autre collision,3,2,2,0,2,1,8,0,3,80,1,1,0,0,1,0,77.0,,voiture,,1,1,1,2,6
202000023595,2020-11-09 18:35:00,2020,11,9,18,35,29,29232,D20 - Route de Plomelin,47.9700888,-4.1272921,Nuit sans éclairage public,Hors agglomération,Hors intersection,Pluie légère,Deux véhicules - arrière,3,3,4,0,1,1,2,0,1,90,2,3,0,0,0,3,27.0,54.0,voiture,voiture,3,1,1,2,2
202000023596,2020-10-05 20:50:00,2020,10,5,20,50,11,11261,CD 2113,43.179285,2.666931,Nuit sans éclairage public,Hors agglomération,Hors intersection,Normale,Autre collision,3,2,2,0,1,1,1,0,3,80,1,1,0,0,1,0,49.0,,voiture,,3,1,1,1,6
202000023597,2020-11-08 20:25:00,2020,11,8,20,25,29,29019,Rue de Maissin,48.3900032,-4.5036956,Nuit avec éclairage allumé,En agglomération,Giratoire,Normale,Deux véhicules - côté,4,1,2,0,2,1,1,0,1,50,2,2,1,0,0,1,27.0,28.0,voiture,deux_roues,5,2,6,1,3
202000023598,2020-10-01 18:00:00,2020,10,1,18,0,49,49283,Le Petit Rochefou,47.430232,-0.7705105,Plein jour,Hors agglomération,Hors intersection,Temps couvert,Deux véhicules - côté,3,2,2,0,2,1,2,0,1,90,2,3,1,0,2,0,45.0,82.0,voiture,voiture,1,1,1,8,3
202000023599,2020-10-06 10:40:00,2020,10,6,10,40,12,12052,Lieu Dit Marcilhac,44.5734803,2.0947132,Plein jour,Hors agglomération,Hors intersection,Pluie légère,Deux véhicules - côté,3,2,2,0,2,3,2,0,1,80,2,2,1,0,1,0,20.0,63.0,voiture,voiture,1,1,1,2,3
202000023600,2020-11-06 19:30:00,2020,11,6,19,30,26,26198,Rond Point des Présidents,44.530894,4.745591,Nuit avec éclairage allumé,En agglomération,Giratoire,Normale,Deux véhicules - côté,2,1,2,0,1,3,1,5,1,50,2,1,0,0,0,1,26.0,,deux_roues,,5,2,6,1,3
202000023601,2020-10-03 03:00:00,2020,10,3,3,0,35,35338,RN 157,48.075276,-1.27056,Nuit sans éclairage public,En agglomération,Hors intersection,Normale,Autre collision,2,3,4,0,1,1,1,0,2,110,1,1,0,0,1,0,40.0,,voiture,,3,2,1,1,6
202000023602,2020-07-16 16:15:00,2020,7,16,16,15,29,29293,Kergunus,47.8635287,-3.8434505,Plein jour,Hors agglomération,Hors intersection,Normale,Deux véhicules - arrière,4,2,2,0,1,1,1,0,1,70,2,2,1,0,1,0,17.0,50.0,deux_roues,utilitaire_camion,1,1,1,1,2
202000023603,2020-11-09 12:10:00,2020,11,9,12,10,25,25056,DIDEROT BOULEVARD,47.24631,6.03579,Plein jour,En agglomération,Hors intersection,Normale,Deux véhicules - arrière,4,2,2,0,1,1,1,0,1,50,2,2,1,0,0,1,50.0,73.0,voiture,voiture,1,2,1,1,2
202000023604,2020-10-05 19:15:00,2020,10,5,19,15,31,31037,Berseille,43.394828,1.733512,Nuit sans éclairage public,Hors agglomération,Hors intersection,Normale,Autre collision,3,2,2,0,2,2,1,0,3,80,1,1,0,0,1,0,57.0,,voiture,,3,1,1,1,6
202000023605,2020-10-22 10:45:00,2020,10,22,10,45,22,22113,FRERES LAGADEC (RUE DES),48.7260083,-3.4697388,Plein jour,En agglomération,Autre intersection,Normale,Deux véhicules - frontale,4,2,2,0,2,1,2,0,1,50,2,2,1,0,0,1,16.0,64.0,deux_roues,voiture,1,2,9,1,1
202000023606,2020-11-10 00:10:00,2020,11,10,0,10,18,18033,FOCH (BOULEVARD DU MARECHAL),47.07896,2.40914,Nuit avec éclairage allumé,En agglomération,Hors intersection,Normale,Autre collision,4,2,2,0,4,2,2,5,4,50,1,2,0,0,0,2,21.0,,voiture,,5,2,1,1,6
202000023607,2020-11-09 15:40:00,2020,11,9,15,40,13,13117,SALYENS ( AVENUE DES ),43.4424,5.25269,Plein jour,En agglomération,Hors intersection,Normale,Autre collision,4,2,2,0,1,1,1,0,1,50,1,4,0,0,0,4,25.0,,voiture,,1,2,1,1,6
202000023608,2020-10-06 05:20:00,2020,10,6,5,20,31,31080,Route de Gensac,43.285813,0.630743,Nuit sans éclairage public,Hors agglomération,Hors intersection,Normale,Autre collision,3,2,2,0,2,3,1,0,3,80,1,1,0,0,1,0,49.0,,voiture,,3,1,1,1,6
202000023609,2020-11-09 14:15:00,2020,11,9,14,15,13,13214,PARTY (TRAVERSE DE),43.348535,5.41162,Plein jour,En agglomération,Hors intersection,Normale,Deux véhicules - côté,4,2,2,0,2,1,1,0,1,50,2,1,0,0,0,1,23.0,,voiture,,1,2,1,1,3
202000023610,2020-10-05 21:30:00,2020,10,5,21,30,84,84014,D996,43.714046,5.717375,Nuit sans éclairage public,Hors agglomération,Hors intersection,Normale,Autre collision,3,2,2,0,1,4,1,1,3,50,1,3,0,2,1,0,22.0,,voiture,,3,1,1,1,6
202000023611,2020-11-09 12:45:00,2020,11,9,12,45,13,13202,LA MADRAGUEVIL (CHEMIN DE LA),43.327252,5.360398,Plein jour,En agglomération,Hors intersection,Normale,Deux véhicules - côté,3,2,2,0,1,1,1,0,1,50,2,2,1,0,1,0,28.0,29.0,voiture,deux_roues,1,2,1,1,3
202000023612,2020-10-05 18:00:00,2020,10,5,18,0,03,03030,,46.070168,3.3072467,Plein jour,Hors agglomération,Hors intersection,Normale,Deux véhicules - frontale,3,2,2,0,2,3,1,0,1,80,2,2,0,0,0,2,57.0,20.0,voiture,utilitaire_camion,1,1,1,1,1
202000023613,2020-11-09 06:50:00,2020,11,9,6,50,13,13209,CABOT (BOULEVARD),43.26017,5.41583,Nuit avec éclairage allumé,En agglomération,Autre intersection,Normale,Deux véhicules - côté,4,-1,2,0,2,1,1,9,8,30,2,2,1,0,0,1,49.0,21.0,voiture,deux_roues,5,2,9,1,3
202000023614,2020-11-09 07:25:00,2020,11,9,7,25,10,10333,AUXERRE (ROUTE),48.27091,4.05228,Plein jour,En agglomération,Autre intersection,Normale,,4,2,2,0,1,1,1,0,1,50,2,2,1,0,0,1,39.0,52.0,voiture,deux_roues,1,2,9,1,-1
202000023615,2020-11-09 09:45:00,2020,11,9,9,45,07,07281,Carrefour de la LIBERATION,44.94589,4.8471,Plein jour,En agglomération,Giratoire,Pluie légère,Deux véhicules - côté,3,2,2,0,1,1,1,5,1,50,2,2,1,0,0,1,14.0,31.0,deux_roues,voiture,1,2,6,2,3
202000023616,2020-10-06 08:45:00,2020,10,6,8,45,50,50639,village du guériant,48.832958,-1.205637,Plein jour,Hors agglomération,Intersection en Y,Pluie légère,Deux véhicules - côté,3,2,2,0,1,2,2,5,1,70,2,2,1,0,1,0,15.0,61.0,deux_roues,voiture,1,1,4,2,3
202000023617,2020-09-27 15:30:00,2020,9,27,15,30,06,06083,CARNOT (AVENUE),43.77295,7.49854,Plein jour,En agglomération,Giratoire,Normale,Deux véhicules - côté,4,2,2,0,1,1,1,9,1,50,2,2,1,0,1,0,60.0,27.0,deux_roues,voiture,1,2,6,1,3
202000023618,2020-10-05 07:15:00,2020,10,5,7,15,43,43227,Lieu-dit Trève,45.304067,4.3178737,Plein jour,Hors agglomération,Hors intersection,Normale,Trois véhicules et plus - collisions multiples,3,2,2,0,1,3,1,0,1,80,3,4,2,0,0,2,54.0,55.0,voiture,voiture,1,1,1,1,5
202000023619,2020-10-06 11:10:00,2020,10,6,11,10,27,27467,Route de Quillebeuf,49.36172,0.51185,Plein jour,Hors agglomération,Hors intersection,Pluie légère,Autre collision,3,2,2,0,2,3,2,0,3,50,1,1,0,0,1,0,65.0,,voiture,,1,1,1,2,6
202000023620,2020-11-09 08:30:00,2020,11,9,8,30,06,06069,Route de Saint Mathieu,43.659715,6.951717,Plein jour,En agglomération,Hors intersection,Normale,Deux véhicules - frontale,3,2,1,0,2,1,1,0,1,50,2,2,1,0,0,1,62.0,46.0,voiture,deux_roues,1,2,1,1,1
202000023621,2020-10-06 11:45:00,2020,10,6,11,45,17,17243,N10,45.219216,-0.289121,Plein jour,Hors agglomération,Hors intersection,Pluie forte,Trois véhicules et plus - en chaîne,2,3,4,0,1,1,2,0,1,110,4,4,1,0,1,2,68.0,20.0,voiture,voiture,1,1,1,3,4
202000023622,2020-11-06 12:15:00,2020,11,6,12,15,05,05061,EYSSAGNIERES ( ROUTE DES ),44.5457443,6.0534642,Plein jour,En agglomération,Intersection en T,Normale,Deux véhicules - arrière,3,-1,2,0,2,1,1,0,1,50,2,4,0,0,0,4,32.0,59.0,utilitaire_camion,voiture,1,2,3,1,2
202000023623,2020-10-05 18:00:00,2020,10,5,18,0,87,87033,Taillac,45.9883847,1.1555399,Plein jour,Hors agglomération,Hors intersection,Pluie légère,Deux véhicules - côté,2,2,2,0,1,1,2,0,1,70,2,2,1,0,0,1,60.0,26.0,voiture,voiture,1,1,1,2,3
202000023624,2020-10-01 20:35:00,2020,10,1,20,35,37,37059,,47.4652136,0.6209126,Nuit avec éclairage allumé,Hors agglomération,Hors intersection,Normale,Autre collision,3,2,2,0,1,1,1,0,1,70,1,1,0,0,1,0,33.0,,deux_roues,,5,1,1,1,6
202000023625,2020-11-09 13:00:00,2020,11,9,13,0,75,75116,PORTE DAUPHINE,48.870483,2.272529,Plein jour,En agglomération,Hors intersection,Normale,Trois véhicules et plus - collisions multiples,4,1,4,0,1,1,1,0,1,70,3,3,2,0,0,1,59.0,45.0,utilitaire_camion,voiture,1,2,1,1,5
202000023626,2020-11-09 11:50:00,2020,11,9,11,50,75,75119,PORTE D AUBERVILLIERS,48.900359,2.376642,Plein jour,En agglomération,Hors intersection,Normale,Deux véhicules - côté,4,1,4,0,1,1,1,0,1,70,2,2,1,0,0,1,63.0,31.0,utilitaire_camion,voiture,1,2,1,1,3
202000023627,2020-10-05 21:00:00,2020,10,5,21,0,77,77453,autoroute 5 PK 13+900,48.540755,2.79316,Nuit sans éclairage public,Hors agglomération,Autre intersection,Pluie légère,Trois véhicules et plus - collisions multiples,1,-1,3,0,1,3,2,9,8,130,4,7,2,0,1,4,66.0,53.0,voiture,voiture,3,1,9,2,5
202000023628,2020-11-09 08:50:00,2020,11,9,8,50,75,75118,PORTE DE SAINT OUEN,48.900847,2.334437,Plein jour,En agglomération,Hors intersection,Normale,Trois véhicules et plus - collisions multiples,4,-1,4,0,1,1,1,0,1,70,3,4,3,0,0,1,32.0,39.0,voiture,deux_roues,1,2,1,1,5
202000023629,2020-11-09 09:30:00,2020,11,9,9,30,75,75116,RUE BOISSIERE,48.865674,2.292672,Plein jour,En agglomération,Place,Normale,Autre collision,4,2,-1,0,2,1,1,0,1,50,1,2,1,0,1,0,34.0,,voiture,,1,2,7,1,6
202000023630,2020-09-30 17:06:00,2020,9,30,17,6,74,74014,Col de Pierre Carrée (Col de montagne),46.0198037,6.6612017,Plein jour,Hors agglomération,Autre intersection,Normale,Sans collision,3,2,2,0,2,3,1,0,8,70,1,2,1,0,1,0,32.0,,utilitaire_camion,,1,1,9,1,7
202000023631,2020-11-09 08:45:00,2020,11,9,8,45,75,75105,RUE BUFFON,48.842199,2.35993,Plein jour,En agglomération,Hors intersection,Normale,Deux véhicules - côté,4,2,2,1,1,1,1,-1,5,30,2,2,1,0,0,1,19.0,45.0,utilitaire_camion,deux_roues,1,2,1,1,3
202000023632,2020-11-09 07:10:00,2020,11,9,7,10,75,75120,PLACE GAMBETTA,48.865068,2.398583,Nuit avec éclairage allumé,En agglomération,Place,Normale,Deux véhicules - côté,4,1,2,0,1,2,1,0,1,50,2,1,0,0,0,1,40.0,,deux_roues,,5,2,7,1,3
202000023633,2020-10-04 16:00:00,2020,10,4,16,0,91,91207,Avenue de Verdun,48.578634,2.239945,Plein jour,En agglomération,Hors intersection,Normale,Autre collision,3,2,2,0,1,1,2,0,1,50,1,2,1,0,1,0,31.0,,voiture,,1,2,1,1,6
202000023634,2020-10-03 21:25:00,2020,10,3,21,25,987,98729,PK 21 VAEANAE,-17.533189,-149.838611,Nuit sans éclairage public,Hors agglomération,Hors intersection,Normale,Autre collision,2,2,2,0,1,1,1,2,5,60,1,1,0,0,1,0,29.0,,deux_roues,,3,1,1,1,6
202000023635,2020-11-09 13:11:00,2020,11,9,13,11,75,75119,RUE DE CAMBRAI,48.897413,2.380653,Plein jour,En agglomération,Intersection en T,Normale,Deux véhicules - arrière,4,1,0,0,1,1,1,0,1,30,2,3,2,0,0,1,29.0,28.0,deux_roues,utilitaire_camion,1,2,3,1,2
202000023636,2020-09-27 11:20:00,2020,9,27,11,20,974,97421,rd 48 pk 23+900,-21.058265,55.524782,Plein jour,Hors agglomération,Hors intersection,Normale,Autre collision,3,2,2,0,2,4,1,0,1,90,1,1,0,0,1,0,45.0,,deux_roues,,1,1,1,1,6
202000023637,2020-10-06 17:45:00,2020,10,6,17,45,973,97311,Rue du Lt Colonel Tourtet,5.5020909,-54.0278283,Plein jour,En agglomération,Hors intersection,Normale,Autre collision,4,2,2,0,1,1,1,0,1,50,1,2,1,0,0,1,52.0,,voiture,,1,2,1,1,6
202000023638,2020-11-09 08:10:00,2020,11,9,8,10,75,75119,AVENUE DE LA PORTE DE LA VILLETTE,48.898259,2.386244,Plein jour,En agglomération,Intersection en T,Normale,Deux véhicules - arrière,4,2,6,0,1,1,1,0,1,50,2,2,1,0,0,1,42.0,58.0,voiture,voiture,1,2,3,1,2
202000023639,2020-10-05 21:45:00,2020,10,5,21,45,45,45316,13 Rue du Pont des Besniers,47.950501,2.377274,Nuit sans éclairage public,Hors agglomération,Hors intersection,Pluie légère,Autre collision,3,2,2,0,1,3,2,0,3,80,1,1,0,1,0,0,25.0,,voiture,,3,1,1,2,6
202000023640,2020-11-09 07:50:00,2020,11,9,7,50,75,75112,RUE DE PICPUS,48.84804,2.392859,Plein jour,En agglomération,Intersection en X,Normale,Deux véhicules - côté,4,1,1,1,2,1,1,-1,5,50,2,2,1,0,0,1,38.0,47.0,utilitaire_camion,deux_roues,1,2,2,1,3
202000023641,2020-11-09 08:40:00,2020,11,9,8,40,75,75110,BOULEVARD DE MAGENTA,48.870546,2.361196,Plein jour,En agglomération,Intersection en X,Normale,Autre collision,4,2,6,3,1,1,1,0,4,50,1,2,1,0,0,1,16.0,,deux_roues,,1,2,2,1,6
202000023642,2020-10-05 18:30:00,2020,10,5,18,30,13,13004,Route d'Eyguières,43.663797,4.711161,Plein jour,Hors agglomération,Intersection en T,Normale,Deux véhicules - frontale,3,2,2,0,1,1,1,9,1,80,2,2,1,0,1,0,88.0,30.0,voiture,deux_roues,1,1,3,1,1
202000023643,2020-11-09 16:20:00,2020,11,9,16,20,94,94058,PIERRE BROSSOLETTE (AV),48.834815,2.506211,Plein jour,En agglomération,Hors intersection,Normale,Deux véhicules - côté,3,2,2,0,1,1,1,0,8,30,2,2,0,0,0,2,14.0,45.0,deux_roues,deux_roues,1,2,1,1,3
202000023644,2020-10-05 13:25:00,2020,10,5,13,25,13,13041,Rue Thiers,43.455547,5.472205,Plein jour,En agglomération,Intersection en X,Normale,Deux véhicules - côté,4,2,2,0,3,1,1,0,1,50,2,2,1,0,1,0,53.0,20.0,deux_roues,voiture,1,2,2,1,3
202000023645,2020-09-24 14:25:00,2020,9,24,14,25,56,56185,Lieu-dit le Rustic,47.779194,-3.433635,Plein jour,Hors agglomération,Hors intersection,Pluie légère,Sans collision,3,2,2,0,1,1,2,0,3,80,1,1,0,0,1,0,57.0,,deux_roues,,1,1,1,2,7
202000023646,2020-11-09 11:45:00,2020,11,9,11,45,94,94041,GENERAL DE GAULLE (AV DU),48.818109,2.39798,Plein jour,En agglomération,Intersection en T,Temps couvert,Deux véhicules - arrière,3,2,2,0,1,1,1,0,1,30,2,2,1,0,1,0,28.0,61.0,deux_roues,utilitaire_camion,1,2,3,8,2
202000023647,2020-11-09 12:38:00,2020,11,9,12,38,94,94041,MARCEL BOYER (QU),48.82199,2.39321,Plein jour,En agglomération,Hors intersection,Normale,Autre collision,6,2,1,0,1,1,1,9,8,30,1,2,1,0,0,1,31.0,,voiture,,1,2,1,1,6
202000023648,2020-10-06 07:50:00,2020,10,6,7,50,89,89257,Avenue du Port,47.95945,3.504944,Plein jour,En agglomération,Intersection en Y,Pluie légère,Deux véhicules - frontale,3,4,2,0,1,2,2,9,1,50,2,2,1,0,1,0,59.0,66.0,transport_commun,voiture,1,2,4,2,1
202000023649,2020-11-09 13:00:00,2020,11,9,13,0,94,94077,SADI CARNOT (AV),48.73773,2.40943,Plein jour,En agglomération,Hors intersection,Normale,Deux véhicules - frontale,3,2,2,0,2,1,1,0,1,50,2,2,1,0,0,1,28.0,26.0,voiture,deux_roues,1,2,1,1,1
202000023650,2020-10-04 20:00:00,2020,10,4,20,0,67,67348,Rue du Coteau,48.452862,7.47787,Nuit sans éclairage public,Hors agglomération,Hors intersection,Normale,Deux véhicules - frontale,3,2,2,0,1,1,1,0,1,-1,2,2,0,0,2,0,32.0,21.0,voiture,voiture,3,1,1,1,1
202000023651,2020-11-09 08:20:00,2020,11,9,8,20,94,94017,COEUILLY (AV DE),48.81242,2.52534,Plein jour,En agglomération,Hors intersection,Temps couvert,Autre collision,4,-1,2,0,2,1,1,0,1,50,1,2,1,0,1,0,27.0,,voiture,,1,2,1,8,6
202000023652,2020-09-17 19:00:00,2020,9,17,19,0,42,42122,Rue de la Conche,45.56736,4.060123,Plein jour,En agglomération,Hors intersection,Normale,Deux véhicules - frontale,4,2,1,0,2,2,1,0,1,30,2,2,1,0,0,1,20.0,19.0,voiture,voiture,1,2,1,1,1
202000023653,2020-10-06 00:15:00,2020,10,6,0,15,01,01424,Route de la Boisse,45.875048,4.981774,Nuit sans éclairage public,Hors agglomération,Hors intersection,Normale,Autre collision,3,2,2,0,1,1,2,0,3,80,1,1,0,1,0,0,21.0,,voiture,,3,1,1,1,6
202000023654,2020-11-09 11:10:00,2020,11,9,11,10,93,93077,RAINCY (AVENUE DU),48.88662,2.50896,Plein jour,En agglomération,Intersection en X,Temps éblouissant,Autre collision,3,1,2,0,2,1,1,0,1,50,1,4,3,0,0,1,29.0,,voiture,,1,2,2,7,6
202000023655,2020-10-05 09:00:00,2020,10,5,9,0,79,79049,,46.845282,-0.530133,Plein jour,Hors agglomération,Giratoire,Pluie légère,Sans collision,3,2,2,0,1,3,2,0,1,80,1,1,0,0,1,0,16.0,,deux_roues,,1,1,6,2,7
202000023656,2020-11-09 17:25:00,2020,11,9,17,25,93,93050,HUIT MAI 1945,48.8678239,2.5339523,Nuit avec éclairage allumé,En agglomération,Intersection en X,Normale,Autre collision,3,2,2,1,1,1,1,0,1,50,1,2,1,0,0,1,54.0,,voiture,,5,2,2,1,6
202000023657,2020-11-09 13:10:00,2020,11,9,13,10,93,93048,R EDOUARD VAILLANT,48.8517,2.4311,Plein jour,En agglomération,Hors intersection,Normale,Autre collision,4,1,1,0,1,1,1,8,1,30,1,1,0,0,0,1,,,,,1,2,1,1,6
202000023658,2020-11-09 14:05:00,2020,11,9,14,5,93,93046,AV JULES GUESDES / AV ARISTIDE BRIAND,48.9106365,2.5122529,Plein jour,En agglomération,Intersection à plus de 4 branches,Normale,Autre collision,3,2,2,0,1,1,1,6,1,50,1,2,1,0,0,1,40.0,,voiture,,1,2,5,1,6
202000023659,2020-11-09 10:35:00,2020,11,9,10,35,93,93045,JUIN AVENUE DU MARECHAL,48.8802939,2.4219288,Plein jour,En agglomération,Hors intersection,Normale,Deux véhicules - côté,3,2,2,0,1,1,1,0,1,50,2,2,1,0,0,1,20.0,40.0,voiture,deux_roues,1,2,1,1,3
202000023660,2020-10-06 07:45:00,2020,10,6,7,45,33,33051,Avenue de la Côte d'Argent,44.631047,-0.983126,Crépuscule ou aube,En agglomération,Intersection en T,Pluie légère,Deux véhicules - côté,3,2,4,2,1,1,2,0,1,50,2,2,1,0,1,0,61.0,23.0,utilitaire_camion,deux_roues,2,2,3,2,3
202000023661,2020-11-09 06:30:00,2020,11,9,6,30,93,93032,PAUL VAILLANT COUTURIER (RUE),48.87613,2.54978,Crépuscule ou aube,En agglomération,Hors intersection,Normale,Deux véhicules - côté,3,2,3,0,1,1,1,0,1,50,2,2,1,0,0,1,59.0,46.0,voiture,deux_roues,2,2,1,1,3
202000023662,2020-10-05 08:20:00,2020,10,5,8,20,50,50502,N174,49.098923,-1.112999,Crépuscule ou aube,Hors agglomération,Hors intersection,Pluie légère,Deux véhicules - arrière,2,1,1,0,2,1,2,3,1,90,2,3,2,0,0,1,38.0,25.0,voiture,voiture,2,1,1,2,2
202000023663,2020-11-09 12:55:00,2020,11,9,12,55,93,93010,R ROGER SALENGRO / R LOUIS AUGUSTE BLANQUI,48.90036,2.47864,Plein jour,En agglomération,Intersection en T,Normale,Autre collision,4,1,2,0,1,1,1,0,1,50,1,1,0,0,0,1,,,,,1,2,3,1,6
202000023664,2020-10-03 10:35:00,2020,10,3,10,35,29,29046,1 Allee Sainte Croix,48.0861551,-4.31923,Plein jour,En agglomération,Hors intersection,Vent fort / tempête,Autre collision,4,2,2,0,1,1,1,0,1,30,1,2,1,1,0,0,78.0,,voiture,,1,2,1,6,6
202000023665,2020-10-05 08:00:00,2020,10,5,8,0,13,13215,A7-Sens Lyon vers Marseille,43.36655,5.36068,Plein jour,Hors agglomération,Hors intersection,Normale,Deux véhicules - arrière,1,1,3,0,1,1,1,0,1,90,2,3,1,0,0,2,31.0,19.0,voiture,voiture,1,1,1,1,2
202000023666,2020-11-09 17:45:00,2020,11,9,17,45,93,93008,VAILLANT COUTURIER (AVENUE PAUL),48.9089345,2.4500458,Plein jour,En agglomération,Hors intersection,Normale,Autre collision,3,3,6,3,1,1,1,0,1,50,1,2,1,0,0,1,36.0,,transport_commun,,1,2,1,1,6
202000023667,2020-10-04 20:23:00,2020,10,4,20,23,13,13203,A7-Sens Marseille vers Lyon,43.30785,5.375646,Nuit avec éclairage allumé,Hors agglomération,Hors intersection,Pluie légère,Sans collision,1,1,2,0,1,1,2,0,1,90,1,2,0,0,1,1,20.0,,deux_roues,,5,1,1,2,7
202000023668,2020-11-09 21:47:00,2020,11,9,21,47,92,92026,ABREUVOIR,48.89097,2.25519,Nuit sans éclairage public,En agglomération,Hors intersection,Normale,,3,2,2,0,1,1,1,0,1,50,2,2,0,0,0,2,43.0,42.0,deux_roues,deux_roues,3,2,1,1,-1
202000023669,2020-10-03 15:45:00,2020,10,3,15,45,83,83144,A57,43.1351527,5.9904581,Plein jour,Hors agglomération,Hors intersection,Normale,Trois véhicules et plus - collisions multiples,1,3,4,0,1,1,1,0,1,110,7,11,3,0,0,8,83.0,79.0,voiture,voiture,1,1,1,1,5
202000023670,2020-11-09 15:40:00,2020,11,9,15,40,92,92012,ROBERT SCHUMAN (AVENUE),48.84418,2.24983,Plein jour,En agglomération,Intersection en X,Normale,Autre collision,3,2,2,0,1,1,1,0,1,50,1,3,2,0,0,1,18.0,,voiture,,1,2,2,1,6
202000023671,2020-11-10 14:30:00,2020,11,10,14,30,60,60403,D615,49.5154398,2.0003657,Plein jour,Hors agglomération,Hors intersection,Normale,Autre collision,3,2,2,0,1,1,1,0,3,80,1,2,0,0,1,1,17.0,,deux_roues,,1,1,1,1,6
202000023672,2020-09-18 17:00:00,2020,9,18,17,0,69,69266,RD383   3.750 A 7.640,45.7532955,4.9083247,Plein jour,Hors agglomération,Hors intersection,Normale,Deux véhicules - arrière,3,3,3,0,1,1,1,0,1,70,2,2,1,0,0,1,19.0,41.0,utilitaire_camion,voiture,1,1,1,1,2
202000023673,2020-10-05 21:55:00,2020,10,5,21,55,33,33080,AUTOROUTE A 62,44.75114,-0.54199,Nuit sans éclairage public,Hors agglomération,Hors intersection,Normale,Autre collision,1,3,4,0,1,1,1,0,3,130,1,1,0,0,1,0,51.0,,voiture,,3,1,1,1,6
202000023674,2020-10-05 18:25:00,2020,10,5,18,25,33,33397,AUTOROUTE A 10,44.91751,-0.47697,Plein jour,Hors agglomération,Hors intersection,Normale,Trois véhicules et plus - en chaîne,1,3,6,0,2,1,1,0,1,130,3,4,2,0,0,2,52.0,61.0,utilitaire_camion,voiture,1,1,1,1,4
202000023675,2020-10-05 16:25:00,2020,10,5,16,25,33,33013,ROUTE NATIONALE 230,44.86071,-0.50403,Plein jour,Hors agglomération,Hors intersection,Pluie légère,Trois véhicules et plus - en chaîne,2,3,6,0,1,1,2,0,1,90,3,3,2,0,0,1,52.0,39.0,voiture,utilitaire_camion,1,1,1,2,4
202000023676,2020-11-09 10:15:00,2020,11,9,10,15,37,37010,,47.548991,0.9773611,Plein jour,Hors agglomération,Intersection en X,Normale,Deux véhicules - frontale,2,2,2,0,1,1,1,5,1,80,2,4,3,0,1,0,18.0,18.0,utilitaire_camion,voiture,1,1,2,1,1
202000023677,2020-10-05 18:50:00,2020,10,5,18,50,91,91689,AUTOROUTE A6A,48.74813,2.32687,Plein jour,Hors agglomération,Hors intersection,Normale,Deux véhicules - arrière,1,3,12,0,4,1,2,0,1,110,2,3,2,0,0,1,27.0,39.0,voiture,voiture,1,1,1,1,2
202000023678,2020-11-04 14:05:00,2020,11,4,14,5,47,47133,D41,44.058757,0.561805,Plein jour,Hors agglomération,Intersection en T,Normale,Deux véhicules - frontale,3,2,2,0,1,1,1,0,1,80,2,2,0,0,1,1,32.0,78.0,voiture,utilitaire_camion,1,1,3,1,1