accident_id,datetime,annee,mois,jour,heure,minute,departement,commune_insee,adresse,latitude,longitude,luminosite,agglomeration,intersection,meteo,collision,catr,circ,nbv,vosp,prof,plan,surf,infra,situ,vma,nb_vehicules,nb_usagers,nb_indemnes,nb_tues,nb_blesses_hosp,nb_blesses_legers,age_cond_1,age_cond_2,veh_type_cond_1,veh_type_cond_2,lum_code,agg_code,int_code,atm_code,col_code
202000023679,2020-10-05 16:15:00,2020,10,5,16,15,91,91659,AUTOROUTE A6,48.57813,2.46333,Plein jour,Hors agglomération,Hors intersection,Pluie légère,Trois véhicules et plus - collisions multiples,1,3,6,0,3,1,2,0,1,90,3,3,2,0,0,1,55.0,49.0,utilitaire_camion,transport_commun,1,1,1,2,5
202000023680,2020-10-05 13:50:00,2020,10,5,13,50,77,77251,AUTOROUTE A5A,48.62381,2.54191,Plein jour,Hors agglomération,Hors intersection,Pluie légère,Autre collision,1,1,3,0,1,1,2,0,1,110,1,1,0,0,0,1,25.0,,utilitaire_camion,,1,1,1,2,6
202000023681,2020-10-05 10:15:00,2020,10,5,10,15,91,91064,RN 118,48.75,2.20286,Plein jour,Hors agglomération,Hors intersection,Pluie légère,Deux véhicules - côté,2,1,2,0,1,2,2,0,1,110,2,2,1,0,0,1,33.0,36.0,voiture,voiture,1,1,1,2,3
202000023682,2020-11-10 07:00:00,2020,11,10,7,0,35,35014,le bas mesnil,47.971601,-1.32499,Crépuscule ou aube,Hors agglomération,Intersection en T,Normale,Deux véhicules - côté,3,2,2,0,1,1,1,0,1,80,2,2,1,0,1,0,31.0,15.0,utilitaire_camion,deux_roues,2,1,3,1,3
202000023683,2020-10-05 10:20:00,2020,10,5,10,20,94,94037,AUTOROUTE A6B,48.81574,2.35639,Plein jour,Hors agglomération,Hors intersection,Normale,Sans collision,1,1,2,0,4,2,2,0,1,70,1,2,0,0,0,2,67.0,,voiture,,1,1,1,1,7
202000023684,2020-10-05 10:10:00,2020,10,5,10,10,94,94034,AUTOROUTE A86,48.75631,2.3353417,Plein jour,Hors agglomération,Hors intersection,Normale,Sans collision,1,1,2,0,4,2,2,0,1,50,1,1,0,0,0,1,26.0,,voiture,,1,1,1,1,7
202000023685,2020-10-05 13:45:00,2020,10,5,13,45,92,92072,N118,48.8129909,2.2140024,Plein jour,Hors agglomération,Hors intersection,Temps couvert,Autre collision,2,3,5,3,2,2,2,0,1,70,1,1,0,0,0,1,28.0,,voiture,,1,1,1,8,6
202000023686,2020-10-05 11:45:00,2020,10,5,11,45,78,78402,A13,48.964065,1.781833,Plein jour,Hors agglomération,Hors intersection,Normale,Deux véhicules - arrière,1,3,6,0,1,1,1,0,1,130,2,2,1,0,0,1,36.0,64.0,voiture,voiture,1,1,1,1,2
202000023687,2020-10-05 06:45:00,2020,10,5,6,45,78,78090,A13,48.970224,1.908137,Nuit avec éclairage allumé,Hors agglomération,Hors intersection,Pluie forte,Trois véhicules et plus - collisions multiples,1,3,6,0,1,1,2,0,1,130,5,5,3,0,0,2,39.0,33.0,utilitaire_camion,utilitaire_camion,5,1,1,3,5
202000023688,2020-11-09 17:40:00,2020,11,9,17,40,06,06095,96 Avenue de Boutiny,43.645705,6.887088,Nuit avec éclairage allumé,En agglomération,Autre intersection,Normale,Deux véhicules - frontale,3,2,2,0,1,1,1,0,1,50,2,2,1,0,0,1,41.0,44.0,deux_roues,voiture,5,2,9,1,1
202000023689,2020-10-05 02:20:00,2020,10,5,2,20,92,92064,A13,48.8395625,2.1999478,Nuit avec éclairage allumé,Hors agglomération,Hors intersection,Pluie légère,Autre collision,1,3,6,0,1,1,2,0,1,90,1,2,1,1,0,0,41.0,,utilitaire_camion,,5,1,1,2,6
202000023690,2020-11-10 07:00:00,2020,11,10,7,0,83,83073,Rue de l'Ormeau,43.3836435,6.307869,Crépuscule ou aube,En agglomération,Hors intersection,Normale,Sans collision,3,2,2,0,1,1,1,0,3,50,1,3,0,0,3,0,73.0,,voiture,,2,2,1,1,7
202000023691,2020-10-02 13:40:00,2020,10,2,13,40,30,30034,D6113,43.770571,4.472761,Plein jour,Hors agglomération,Hors intersection,Pluie légère,Deux véhicules - frontale,3,2,2,0,1,2,2,0,1,80,2,2,1,0,0,1,24.0,26.0,voiture,utilitaire_camion,1,1,1,2,1
202000023692,2020-10-05 09:30:00,2020,10,5,9,30,95,95424,A15,48.9945664,2.1840328,Plein jour,Hors agglomération,Hors intersection,Pluie légère,Trois véhicules et plus - en chaîne,1,3,6,0,1,1,2,0,1,110,4,4,3,0,0,1,20.0,25.0,voiture,voiture,1,1,1,2,4
202000023693,2020-10-05 09:00:00,2020,10,5,9,0,95,95365,RN 104,49.061084,2.416769,Plein jour,Hors agglomération,Hors intersection,Pluie légère,Deux véhicules - arrière,2,3,4,0,1,1,2,0,1,110,2,2,0,0,0,2,35.0,24.0,voiture,voiture,1,1,1,2,2
202000023694,2020-11-10 07:44:00,2020,11,10,7,44,51,51439,D20a PR 002.500,49.3416369,4.1735109,Plein jour,Hors agglomération,Hors intersection,Normale,Deux véhicules - côté,3,2,1,0,2,1,1,0,1,80,2,2,1,0,0,1,42.0,61.0,utilitaire_camion,voiture,1,1,1,1,3
202000023695,2020-10-05 08:40:00,2020,10,5,8,40,93,93053,AUTOROUTE A103,48.8870641,2.4753472,Plein jour,Hors agglomération,Hors intersection,Pluie légère,Deux véhicules - côté,1,3,4,0,1,1,2,0,1,90,2,2,1,0,0,1,69.0,22.0,voiture,deux_roues,1,1,1,2,3
202000023696,2020-11-10 09:05:00,2020,11,10,9,5,74,74137,Route d'Annecy,45.998616,6.178586,Plein jour,Hors agglomération,Autre intersection,Normale,Deux véhicules - côté,3,2,2,0,1,1,1,0,1,80,2,2,1,0,0,1,25.0,51.0,deux_roues,utilitaire_camion,1,1,9,1,3
202000023697,2020-10-05 07:55:00,2020,10,5,7,55,77,77363,A4,48.916292,2.633688,Crépuscule ou aube,Hors agglomération,Hors intersection,Pluie légère,,1,3,6,0,1,1,2,0,1,110,3,4,2,0,1,1,33.0,24.0,deux_roues,voiture,2,1,1,2,-1
202000023698,2020-11-09 18:51:00,2020,11,9,18,51,32,32147,N124,43.631319,0.858162,Nuit sans éclairage public,Hors agglomération,Hors intersection,Normale,Deux véhicules - frontale,2,2,2,0,2,2,1,0,1,80,2,8,5,1,0,2,21.0,58.0,voiture,transport_commun,3,1,1,1,1
202000023699,2020-10-04 22:45:00,2020,10,4,22,45,77,77249,RN104,48.741022,2.6123,Nuit sans éclairage public,Hors agglomération,Hors intersection,Normale,Autre collision,2,1,2,0,1,3,2,0,1,90,1,2,0,0,0,2,30.0,,utilitaire_camion,,3,1,1,1,6
202000023700,2020-11-09 07:33:00,2020,11,9,7,33,29,29024,Avenue victor hugo,48.277088,-3.559383,Crépuscule ou aube,En agglomération,Giratoire,Normale,Deux véhicules - côté,4,2,2,0,1,1,1,5,1,50,2,2,1,0,1,0,40.0,13.0,voiture,deux_roues,2,2,6,1,3
202000023701,2020-11-10 18:10:00,2020,11,10,18,10,29,29037,Hent Kerbohis,47.887046,-4.155815,Nuit avec éclairage allumé,En agglomération,Intersection en T,Normale,Sans collision,4,2,2,0,1,1,2,5,1,50,1,1,0,0,0,1,42.0,,deux_roues,,5,2,3,1,7
202000023702,2020-10-03 13:34:00,2020,10,3,13,34,988,98818,AVENUE JAMES COOK/RUE DU CAPITAINE BOIS,-22.26822,166.42626,Plein jour,En agglomération,Intersection en T,Normale,Deux véhicules - côté,4,2,2,3,1,3,1,2,1,50,2,5,2,0,0,3,57.0,,voiture,,1,2,3,1,3
202000023703,2020-11-09 13:10:00,2020,11,9,13,10,70,70063,D486,47.757861,6.605034,Plein jour,Hors agglomération,Hors intersection,Normale,Autre collision,3,2,2,0,1,1,1,0,8,80,1,1,0,1,0,0,57.0,,voiture,,1,1,1,1,6
202000023704,2020-10-04 08:10:00,2020,10,4,8,10,976,97611,tsoundzou-Cadjifouteni ( rue ),-12.80693,45.20783,Plein jour,En agglomération,Hors intersection,Normale,Deux véhicules - frontale,2,2,0,0,1,3,1,0,1,50,2,2,0,0,0,2,32.0,32.0,voiture,voiture,1,2,1,1,1
202000023705,2020-10-04 15:24:00,2020,10,4,15,24,974,97407,Rue Jacques Duclos,-20.95851,55.31442,Plein jour,En agglomération,Hors intersection,Normale,Deux véhicules - côté,4,2,-1,0,2,1,1,0,1,50,2,2,1,0,0,1,43.0,34.0,voiture,voiture,1,2,1,1,3
202000023706,2020-10-04 20:45:00,2020,10,4,20,45,69,69383,LACASSAGNE                          (AV),45.75703,4.86221,Nuit avec éclairage allumé,En agglomération,Hors intersection,Normale,Deux véhicules - arrière,4,1,2,0,1,1,1,0,1,50,2,1,0,0,0,1,22.0,,utilitaire_camion,,5,2,1,1,2
202000023707,2020-10-04 06:00:00,2020,10,4,6,0,69,69388,MARYSE BASTIE                       (R ),45.73928,4.87405,Nuit avec éclairage allumé,En agglomération,Hors intersection,Normale,Autre collision,4,1,3,2,1,1,1,0,1,50,1,1,0,0,0,1,25.0,,voiture,,5,2,1,1,6
202000023708,2020-10-30 20:40:00,2020,10,30,20,40,45,45314,Route de Fay,47.971953,2.173941,Nuit sans éclairage public,Hors agglomération,Hors intersection,Pluie légère,Autre collision,3,2,2,0,1,1,2,0,1,80,1,1,0,0,1,0,38.0,,voiture,,3,1,1,2,6
202000023709,2020-10-04 06:15:00,2020,10,4,6,15,972,97213,ROUTE NATIONALE 5,14.59426,-60.98424,Plein jour,Hors agglomération,Hors intersection,Pluie légère,Sans collision,2,2,4,0,1,3,2,0,1,90,1,1,0,0,0,1,56.0,,voiture,,1,1,1,2,7
202000023710,2020-11-09 08:25:00,2020,11,9,8,25,45,45130,D951 - rue de villecante,47.8021655,1.7323397,Plein jour,Hors agglomération,Intersection en T,Normale,Deux véhicules - arrière,3,2,2,0,1,1,1,0,1,80,2,2,1,0,1,0,40.0,18.0,voiture,deux_roues,1,1,3,1,2
202000023711,2020-10-04 15:20:00,2020,10,4,15,20,83,83069,MOULIN (AVENUE JEAN),43.11288,6.12974,,En agglomération,Hors intersection,,Sans collision,4,2,-1,-1,-1,-1,-1,-1,-1,-1,1,1,0,0,0,1,51.0,,deux_roues,,-1,2,1,-1,7
202000023712,2020-11-03 06:35:00,2020,11,3,6,35,53,53097,Boulevard du Maréchal de Lattre de Tassigny,48.147806,-0.412749,Nuit avec éclairage allumé,En agglomération,Giratoire,Autre,Deux véhicules - côté,3,2,2,0,1,1,2,0,1,70,2,2,1,0,1,0,53.0,20.0,voiture,deux_roues,5,2,6,9,3
202000023713,2020-10-03 19:20:00,2020,10,3,19,20,83,83069,BRANLY (RUE),43.113256,6.1361622,Crépuscule ou aube,Hors agglomération,Hors intersection,Temps couvert,Sans collision,4,2,1,0,1,3,1,0,1,50,1,1,0,0,0,1,10.0,,deux_roues,,2,1,1,8,7
202000023714,2020-11-09 22:00:00,2020,11,9,22,0,85,85051,les Aveneaux,46.6709,-1.08691,Nuit sans éclairage public,Hors agglomération,Hors intersection,Normale,Autre collision,3,2,2,0,1,1,2,0,3,80,1,1,0,1,0,0,52.0,,voiture,,3,1,1,1,6
202000023715,2020-10-03 18:40:00,2020,10,3,18,40,80,80001,JEAN MENNESSON,50.11594,1.82765,Plein jour,En agglomération,Intersection en T,Normale,Sans collision,4,1,1,0,2,1,1,0,1,50,1,1,0,0,1,0,35.0,,deux_roues,,1,2,3,1,7
202000023716,2020-11-10 08:00:00,2020,11,10,8,0,978,97801,35 Chemin de la Savane,18.089845,-63.066013,Plein jour,Hors agglomération,Hors intersection,Pluie forte,Deux véhicules - côté,2,2,2,0,2,1,2,0,1,50,2,2,1,0,1,0,18.0,62.0,deux_roues,voiture,1,1,1,3,3
202000023717,2020-09-26 11:45:00,2020,9,26,11,45,69,69264,AMPERE  (rue),45.98795,4.7246,Plein jour,En agglomération,Hors intersection,Pluie légère,,4,1,1,0,1,1,2,0,4,50,2,2,1,0,1,0,49.0,26.0,deux_roues,voiture,1,2,1,2,-1
202000023718,2020-10-04 11:30:00,2020,10,4,11,30,59,59599,LORIDANT (RUE HENRI),50.6972,3.14726,Plein jour,En agglomération,Hors intersection,Temps couvert,Autre collision,4,1,1,0,1,1,2,0,4,50,1,2,1,0,0,1,51.0,,voiture,,1,2,1,8,6
202000023719,2020-11-10 11:10:00,2020,11,10,11,10,988,98805,R.T.1 Katiramona,-22.145992,166.438875,Plein jour,Hors agglomération,Hors intersection,Normale,Deux véhicules - frontale,2,2,2,0,2,1,1,0,1,70,2,2,1,0,1,0,54.0,53.0,deux_roues,voiture,1,1,1,1,1
202000023720,2020-10-03 19:15:00,2020,10,3,19,15,37,37179,ROSTAND (CARREFOUR JEAN),47.4373414,0.7096835,Plein jour,En agglomération,Giratoire,Pluie légère,Sans collision,3,1,2,0,1,2,2,0,1,50,1,2,1,0,0,1,18.0,,voiture,,1,2,6,2,7
202000023721,2020-10-24 16:10:00,2020,10,24,16,10,67,67049,2 Rue du Marechal Foch,48.5044444,7.6027826,Plein jour,En agglomération,Hors intersection,Normale,,7,2,2,0,1,1,1,0,4,50,2,2,1,0,1,0,57.0,55.0,voiture,deux_roues,1,2,1,1,-1
202000023722,2020-10-11 14:35:00,2020,10,11,14,35,13,13058,Avenue de la Vallée des Baux,43.720346,4.80757,Plein jour,En agglomération,Intersection en X,Normale,Deux véhicules - côté,3,2,2,0,1,1,1,0,1,30,2,2,1,0,1,0,30.0,55.0,voiture,deux_roues,1,2,2,1,3
202000023723,2020-10-04 16:40:00,2020,10,4,16,40,35,35238,FREVILLE (AVENUE HENRI),48.08376,-1.67512,Plein jour,En agglomération,Intersection en X,Normale,Deux véhicules - côté,4,3,4,2,1,1,1,5,1,50,2,5,2,0,0,3,21.0,37.0,voiture,voiture,1,2,2,1,3
202000023724,2020-11-10 06:20:00,2020,11,10,6,20,988,98813,RT1/VU3 FOCOLA,-21.693261,165.780703,Crépuscule ou aube,Hors agglomération,Intersection en T,Normale,Deux véhicules - côté,2,2,2,0,1,1,1,0,1,110,2,2,0,0,2,0,35.0,80.0,voiture,utilitaire_camion,2,1,3,1,3
202000023725,2020-11-09 22:28:00,2020,11,9,22,28,77,77377,D10,48.720216,2.757654,Nuit sans éclairage public,Hors agglomération,Hors intersection,Temps couvert,Autre collision,3,2,2,0,1,3,1,0,3,-1,1,1,0,0,1,0,49.0,,deux_roues,,3,1,1,8,6
202000023726,2020-10-04 11:45:00,2020,10,4,11,45,33,33063,RUE DE BEGLES / RUE VIDEAU,44.82847,-0.56785,Plein jour,En agglomération,Intersection en T,Pluie forte,Sans collision,4,1,2,1,1,1,2,0,1,50,1,1,0,0,0,1,22.0,,deux_roues,,1,2,3,3,7
202000023727,2020-11-09 20:55:00,2020,11,9,20,55,34,34272,route de Lunel,43.658519,4.115689,Nuit sans éclairage public,En agglomération,Giratoire,Normale,Sans collision,3,2,2,0,1,2,1,5,1,50,1,1,0,0,1,0,33.0,,deux_roues,,3,2,6,1,7
202000023728,2020-07-12 13:15:00,2020,7,12,13,15,13,13004,N568,43.5842224,4.7654,Plein jour,Hors agglomération,Autre intersection,Normale,Deux véhicules - côté,2,3,4,0,1,1,1,5,1,90,2,3,0,0,1,2,75.0,25.0,voiture,voiture,1,1,9,1,3
202000023729,2020-10-27 14:51:00,2020,10,27,14,51,38,38382,Route de Lyon,45.242749,5.670699,Plein jour,En agglomération,Intersection en X,Normale,Deux véhicules - côté,3,4,2,0,1,1,1,5,1,50,2,3,2,0,0,1,40.0,87.0,voiture,voiture,1,2,2,1,3
202000023730,2020-10-04 18:35:00,2020,10,4,18,35,27,27681,Av du Maréchal de Lattre de Tassigny,49.084,1.46333,Plein jour,En agglomération,Hors intersection,Temps couvert,Deux véhicules - arrière,3,2,2,0,2,1,2,0,1,50,2,5,2,0,0,3,56.0,28.0,voiture,voiture,1,2,1,8,2
202000023731,2020-11-09 19:35:00,2020,11,9,19,35,69,69141,D34,45.610305,4.677372,Nuit sans éclairage public,Hors agglomération,Hors intersection,Normale,Deux véhicules - frontale,3,2,2,0,1,2,1,0,1,80,2,3,0,0,0,3,39.0,18.0,voiture,voiture,3,1,1,1,1
202000023732,2020-07-30 10:10:00,2020,7,30,10,10,13,13202,SAINT JEAN (AVENUE),43.29644,5.36609,Plein jour,En agglomération,Hors intersection,Normale,Deux véhicules - côté,4,2,2,0,1,1,1,0,1,50,2,2,1,0,0,1,35.0,32.0,deux_roues,voiture,1,2,1,1,3
202000023733,2020-11-09 22:45:00,2020,11,9,22,45,69,69163,874 Route de Varennes,45.92791,4.775967,Nuit avec éclairage allumé,En agglomération,Hors intersection,Normale,Autre collision,3,2,2,0,1,1,1,0,1,30,1,1,0,0,1,0,32.0,,voiture,,5,2,1,1,6
202000023734,2020-09-30 13:50:00,2020,9,30,13,50,13,13211,POMME (BOULEVARD DE LA ),43.29144,5.44464,Plein jour,En agglomération,Hors intersection,Normale,Autre collision,4,1,1,0,1,2,1,0,1,50,1,1,0,0,0,1,20.0,,voiture,,1,2,1,1,6
202000023735,2020-11-10 17:00:00,2020,11,10,17,0,22,22376,Le Bois d'Uzel,48.233406,-2.765658,Plein jour,Hors agglomération,Hors intersection,Normale,Autre collision,4,2,2,0,1,1,1,0,1,80,1,2,1,0,0,1,44.0,,voiture,,1,1,1,1,6
202000023736,2020-10-04 17:45:00,2020,10,4,17,45,13,13063,STEPHENSON RUE,43.58363,4.99939,Plein jour,En agglomération,Intersection en T,Temps couvert,Deux véhicules - côté,4,2,2,0,1,1,1,0,1,50,2,3,2,0,0,1,19.0,25.0,voiture,voiture,1,2,3,8,3
202000023737,2020-11-09 06:30:00,2020,11,9,6,30,69,69297,A7   15.770 A 20.110,45.61498,4.80987,Nuit sans éclairage public,Hors agglomération,Hors intersection,Brouillard / fumée,Sans collision,1,3,3,0,1,1,2,8,1,70,1,1,0,0,1,0,55.0,,deux_roues,,3,1,1,5,7
202000023738,2020-10-02 17:19:00,2020,10,2,17,19,13,13047,EDOUARD GUIZONNIER BOULEVARD,43.51,4.9888,Plein jour,En agglomération,Hors intersection,Pluie forte,Deux véhicules - frontale,4,2,2,0,1,1,2,0,1,50,2,2,1,0,0,1,38.0,40.0,transport_commun,voiture,1,2,1,3,1
202000023739,2020-11-09 09:15:00,2020,11,9,9,15,93,93066,AUTOROUTE A86,48.92176,2.36731,Plein jour,Hors agglomération,Hors intersection,Normale,Trois véhicules et plus - en chaîne,1,3,8,0,2,3,1,0,1,70,3,3,2,0,0,1,30.0,41.0,voiture,utilitaire_camion,1,1,1,1,4
202000023740,2020-11-09 10:00:00,2020,11,9,10,0,94,94018,A4,48.81767,2.41481,Plein jour,Hors agglomération,Hors intersection,Normale,Deux véhicules - arrière,1,1,5,0,1,1,1,0,1,90,2,2,1,0,0,1,43.0,53.0,deux_roues,utilitaire_camion,1,1,1,1,2
202000023741,2020-10-03 19:20:00,2020,10,3,19,20,13,13001,VERDIERE (RUE DE LA),43.5235,5.4167,Crépuscule ou aube,En agglomération,Intersection en T,Temps couvert,Deux véhicules - côté,4,2,2,0,2,1,1,9,1,50,2,3,2,0,0,1,53.0,23.0,transport_commun,voiture,2,2,3,8,3
202000023742,2020-11-07 00:50:00,2020,11,7,0,50,94,94046,A86 EXT,48.812276,2.449104,Nuit sans éclairage public,Hors agglomération,Autre intersection,Normale,Deux véhicules - arrière,1,1,2,0,1,1,1,0,1,90,2,3,2,0,0,1,34.0,25.0,voiture,utilitaire_camion,3,1,9,1,2
202000023743,2020-10-04 17:40:00,2020,10,4,17,40,12,12202,MARECHAL JOFFRE (AVENUE DU),44.3619,2.5819,Plein jour,En agglomération,Hors intersection,Normale,Autre collision,4,1,1,0,1,1,1,0,1,50,1,2,1,0,1,0,43.0,,voiture,,1,2,1,1,6
202000023744,2020-10-03 07:53:00,2020,10,3,7,53,10,10333,CHARLES MORET (RUE),48.27992,4.0677,Plein jour,En agglomération,Intersection en X,Pluie légère,Deux véhicules - côté,4,2,2,0,1,3,2,0,1,50,2,2,1,0,0,1,51.0,33.0,voiture,deux_roues,1,2,2,2,3
202000023745,2020-10-03 13:00:00,2020,10,3,13,0,75,75119,PORTE DE PANTIN,48.888593,2.396665,Plein jour,En agglomération,Intersection en Y,Temps couvert,Deux véhicules - arrière,4,1,1,0,3,1,1,0,1,50,2,2,1,0,0,1,39.0,42.0,voiture,deux_roues,1,2,4,8,2
202000023746,2020-04-01 09:20:00,2020,4,1,9,20,33,33138,Rue Pierre Sémard,45.036895,-0.13151,Plein jour,En agglomération,Intersection en T,Normale,Autre collision,3,2,2,-1,1,1,1,0,1,50,1,2,1,0,1,0,66.0,,voiture,,1,2,3,1,6
202000023747,2020-10-02 09:40:00,2020,10,2,9,40,75,75117,PORTE MAILLOT,48.882763,2.283392,Plein jour,En agglomération,Intersection en Y,Pluie légère,,4,1,4,0,1,1,2,0,1,70,2,2,1,0,0,1,29.0,23.0,voiture,voiture,1,2,4,2,-1
202000023748,2020-11-07 08:20:00,2020,11,7,8,20,973,97302,ROUTE NATIONALE 3,4.9055413,-52.3202599,Plein jour,En agglomération,Intersection en T,Normale,Deux véhicules - côté,3,2,2,0,1,2,1,0,1,50,2,3,1,0,0,2,65.0,65.0,utilitaire_camion,deux_roues,1,2,3,1,3
202000023749,2020-10-04 02:10:00,2020,10,4,2,10,75,75112,PLACE EDOUARD RENARD,48.834955,2.408175,Nuit avec éclairage allumé,En agglomération,Place,Pluie légère,Autre collision,4,1,2,0,1,1,2,0,1,50,1,1,0,1,0,0,46.0,,deux_roues,,5,2,7,2,6
202000023750,2020-11-06 13:05:00,2020,11,6,13,5,973,97302,MONTABO (ROUTE DE) 1,4.93529,-52.29456,Plein jour,En agglomération,Intersection en T,Normale,Deux véhicules - côté,3,2,2,2,1,1,1,0,1,70,2,2,1,0,0,1,22.0,16.0,voiture,deux_roues,1,2,3,1,3
202000023751,2020-11-07 19:05:00,2020,11,7,19,5,69,69259,CHARLES DE GAULLE                   (AV),45.71297,4.89878,Nuit avec éclairage allumé,En agglomération,Hors intersection,Normale,Deux véhicules - arrière,3,1,3,0,1,1,1,0,1,70,2,1,0,0,0,1,29.0,,deux_roues,,5,2,1,1,2
202000023752,2020-10-04 11:34:00,2020,10,4,11,34,75,75105,BOULEVARD SAINT GERMAIN,48.849374,2.356054,Plein jour,En agglomération,Intersection en X,Temps couvert,Trois véhicules et plus - collisions multiples,4,1,5,1,1,1,1,0,1,50,4,7,2,0,0,5,52.0,29.0,voiture,voiture,1,2,2,8,5
202000023753,2020-11-08 17:20:00,2020,11,8,17,20,69,69034,PERIPHERIQUE NORD                   (BD),45.79169,4.8708,Nuit avec éclairage allumé,En agglomération,Hors intersection,Temps couvert,Sans collision,9,1,1,0,1,1,2,3,3,50,1,1,0,0,0,1,27.0,,voiture,,5,2,1,8,7
202000023754,2020-10-02 18:15:00,2020,10,2,18,15,75,75106,RUE DE RENNES,48.846201,2.32613,Plein jour,En agglomération,Hors intersection,Pluie légère,Autre collision,4,2,4,0,1,1,2,0,1,50,1,1,0,0,0,1,,,,,1,2,1,2,6
202000023755,2020-11-08 08:35:00,2020,11,8,8,35,69,69286,EUROPE (DE L')                      (AV),45.81327,4.89344,Plein jour,En agglomération,Intersection en T,Temps couvert,Deux véhicules - côté,4,1,2,3,1,1,2,5,1,50,2,2,1,0,0,1,28.0,49.0,deux_roues,voiture,1,2,3,8,3
202000023756,2020-11-04 20:07:00,2020,11,4,20,7,69,69034,RAYMOND POINCARE                    (PT),45.78973,4.86056,Nuit avec éclairage allumé,En agglomération,Hors intersection,Normale,Autre collision,4,2,2,0,1,1,1,0,1,50,1,1,0,0,0,1,44.0,,deux_roues,,5,2,1,1,6
202000023757,2020-10-04 21:12:00,2020,10,4,21,12,75,75120,RUE BELGRAND,48.864566,2.407201,Nuit avec éclairage allumé,En agglomération,Intersection en X,Normale,Deux véhicules - côté,4,2,2,0,1,1,2,0,1,50,2,2,1,0,0,1,16.0,40.0,deux_roues,voiture,5,2,2,1,3
202000023758,2020-11-08 19:05:00,2020,11,8,19,5,91,91434,SALVADOR ALLENDE (RUE),48.659052,2.348783,Nuit sans éclairage public,En agglomération,Hors intersection,Normale,Deux véhicules - arrière,4,2,2,0,1,1,1,0,1,50,2,2,1,0,0,1,45.0,18.0,voiture,deux_roues,3,2,1,1,2
202000023759,2020-10-04 02:55:00,2020,10,4,2,55,75,75118,BOULEVARD ORNANO,48.896984,2.345162,Nuit avec éclairage allumé,En agglomération,Hors intersection,Pluie légère,Trois véhicules et plus - collisions multiples,4,-1,2,0,1,1,2,0,1,50,3,3,2,0,0,1,22.0,34.0,voiture,voiture,5,2,1,2,5
202000023760,2020-10-04 05:30:00,2020,10,4,5,30,75,75117,BOULEVARD D AURELLE DE PALADINES,48.882594,2.282766,Nuit avec éclairage allumé,En agglomération,Intersection en X,Pluie légère,Deux véhicules - côté,4,1,1,0,2,1,2,0,1,50,2,3,1,0,1,1,23.0,40.0,voiture,voiture,5,2,2,2,3
202000023761,2020-11-07 11:22:00,2020,11,7,11,22,77,77243,GEORGES POMPIDOU (BOULEVARD),48.8654,2.70537,Plein jour,En agglomération,Intersection en T,Normale,Deux véhicules - côté,3,2,2,0,1,3,2,0,1,50,2,4,2,0,0,2,25.0,48.0,voiture,voiture,1,2,3,1,3
202000023762,2020-10-04 21:10:00,2020,10,4,21,10,75,75114,BOULEVARD BRUNE,48.82381,2.323237,Nuit avec éclairage allumé,En agglomération,Intersection en X,Autre,Deux véhicules - côté,4,1,2,1,1,1,2,0,1,30,2,2,1,0,0,1,25.0,60.0,deux_roues,voiture,5,2,2,9,3
202000023763,2020-11-07 19:15:00,2020,11,7,19,15,69,69266,GENAS    (Route de),45.7498784,4.9123814,Nuit avec éclairage allumé,En agglomération,Hors intersection,Normale,Trois véhicules et plus - en chaîne,4,2,4,3,1,1,1,0,1,50,3,3,2,0,0,1,23.0,24.0,voiture,voiture,5,2,1,1,4
202000023764,2020-10-04 02:30:00,2020,10,4,2,30,75,75113,AVENUE DES GOBELINS,48.83584,2.352518,Nuit avec éclairage allumé,En agglomération,Intersection en X,Pluie légère,Deux véhicules - arrière,4,3,4,3,2,1,2,0,1,50,2,1,0,0,0,1,38.0,,deux_roues,,5,2,2,2,2
202000023765,2020-11-07 11:00:00,2020,11,7,11,0,69,69029,PAUL GAUGUIN                            ,45.7354385,4.9170465,Plein jour,En agglomération,Intersection en X,Normale,Deux véhicules - côté,4,2,2,0,1,1,1,0,1,50,2,2,0,0,0,2,24.0,,autre,,1,2,2,1,3
202000023766,2020-10-04 15:00:00,2020,10,4,15,0,75,75112,BOULEVARD DE BERCY,48.84002,2.381873,Plein jour,En agglomération,Hors intersection,Normale,Sans collision,4,3,0,1,1,1,1,0,1,50,1,1,0,0,0,1,31.0,,deux_roues,,1,2,1,1,7
202000023767,2020-10-14 16:55:00,2020,10,14,16,55,62,62516,FAUBOURG D AVAL - RUE DU -,50.565215,2.485409,Plein jour,En agglomération,Hors intersection,Normale,Deux véhicules - frontale,3,2,2,0,1,3,1,0,1,45,2,1,0,0,0,1,18.0,,deux_roues,,1,2,1,1,1
202000023768,2020-10-04 19:30:00,2020,10,4,19,30,75,75111,AVENUE DE LA REPUBLIQUE,48.86482,2.376982,Nuit avec éclairage allumé,En agglomération,Hors intersection,Temps couvert,Deux véhicules - côté,4,2,4,1,1,1,2,0,1,50,2,3,2,0,0,1,29.0,21.0,deux_roues,voiture,5,2,1,8,3
202000023769,2020-11-07 17:15:00,2020,11,7,17,15,45,45234,Rue Jean d’Aulon,47.837083,1.930698,Nuit avec éclairage allumé,En agglomération,Hors intersection,Normale,Autre collision,4,2,2,0,1,1,1,0,1,50,1,2,1,0,0,1,18.0,,voiture,,5,2,1,1,6