accident_id,datetime,annee,mois,jour,heure,minute,departement,commune_insee,adresse,latitude,longitude,luminosite,agglomeration,intersection,meteo,collision,catr,circ,nbv,vosp,prof,plan,surf,infra,situ,vma,nb_vehicules,nb_usagers,nb_indemnes,nb_tues,nb_blesses_hosp,nb_blesses_legers,age_cond_1,age_cond_2,veh_type_cond_1,veh_type_cond_2,lum_code,agg_code,int_code,atm_code,col_code
202000023952,2020-11-17 11:45:00,2020,11,17,11,45,64,64237,LOUIS BARTHOU,43.28319,-0.37235,Plein jour,En agglomération,Intersection en T,Normale,Autre collision,3,2,2,0,1,1,1,0,1,30,1,2,1,0,0,1,95.0,,voiture,,1,2,3,1,6
202000023953,2020-12-16 07:11:00,2020,12,16,7,11,63,63063,VERTE (RUE),45.8405399,3.1174379,Nuit avec éclairage allumé,Hors agglomération,Intersection en T,Normale,Deux véhicules - côté,7,2,2,0,1,1,1,5,1,50,2,2,0,0,0,2,62.0,39.0,voiture,deux_roues,5,1,3,1,3
202000023954,2020-11-26 19:10:00,2020,11,26,19,10,58,58194,MADEMOISELLE BOURGEOIS,46.999,3.1739,Nuit avec éclairage non allumé,En agglomération,Intersection en T,Pluie légère,Deux véhicules - côté,3,2,2,0,1,1,2,0,1,50,2,2,1,0,0,1,91.0,25.0,voiture,deux_roues,4,2,3,2,3
202000023955,2020-12-16 09:40:00,2020,12,16,9,40,56,56098,D194,47.76763,-3.32166,Plein jour,En agglomération,Hors intersection,Normale,Trois véhicules et plus - collisions multiples,3,2,2,0,2,1,1,0,1,70,4,4,1,0,0,3,24.0,71.0,voiture,voiture,1,2,1,1,5
202000023956,2020-10-23 23:25:00,2020,10,23,23,25,53,53130,MAYENNE ( AVENUE DE ),48.06941,-0.77176,Nuit avec éclairage allumé,En agglomération,Hors intersection,Normale,Sans collision,4,1,1,0,4,1,1,0,1,30,1,1,0,0,1,0,22.0,,deux_roues,,5,2,1,1,7
202000023957,2020-12-16 19:50:00,2020,12,16,19,50,51,51454,Boulevard Dauphinot,49.2626367,4.0569147,Nuit avec éclairage allumé,En agglomération,Intersection en Y,Normale,Deux véhicules - arrière,2,2,2,0,1,1,1,0,1,-1,2,2,1,0,0,1,41.0,52.0,voiture,utilitaire_camion,5,2,4,1,2
202000023958,2020-12-17 14:10:00,2020,12,17,14,10,50,50129,MENDES FRANCE (BOULEVARD),49.6351,-1.62918,Plein jour,En agglomération,Hors intersection,Normale,Deux véhicules - arrière,3,3,4,0,2,1,1,0,1,50,2,2,1,0,0,1,64.0,72.0,voiture,voiture,1,2,1,1,2
202000023959,2020-12-16 08:14:00,2020,12,16,8,14,49,49007,BEDIER BOULEVARD,47.45181,-0.54512,Nuit avec éclairage allumé,En agglomération,Hors intersection,Normale,Autre collision,4,2,2,0,1,1,1,0,1,50,1,1,0,0,0,1,,,,,5,2,1,1,6
202000023960,2020-12-16 14:47:00,2020,12,16,14,47,49,49007,GAIN ( LOUIS),47.469487,-0.541516,Plein jour,En agglomération,Hors intersection,Normale,Deux véhicules - côté,4,-1,2,0,1,1,1,0,1,50,2,2,1,0,0,1,40.0,14.0,voiture,deux_roues,1,2,1,1,3
202000023961,2020-12-17 15:25:00,2020,12,17,15,25,45,45285,Rue Charles Beauhaire,47.90998,1.88143,Plein jour,En agglomération,Hors intersection,Normale,Deux véhicules - arrière,4,2,2,3,1,1,1,0,1,50,2,3,1,0,0,2,76.0,47.0,voiture,voiture,1,2,1,1,2
202000023962,2020-12-17 08:25:00,2020,12,17,8,25,45,45234,Avenue Dauphine,47.8926,1.90473,Crépuscule ou aube,En agglomération,Hors intersection,Normale,Deux véhicules - côté,4,2,4,3,1,1,1,-1,6,50,2,3,2,0,0,1,44.0,22.0,transport_commun,voiture,2,2,1,1,3
202000023963,2020-12-16 10:10:00,2020,12,16,10,10,37,37122,Route de Monts,47.32317,0.6619001,Plein jour,En agglomération,Giratoire,Normale,Deux véhicules - côté,3,2,2,0,1,2,1,5,1,50,2,3,2,0,0,1,43.0,26.0,voiture,voiture,1,2,6,1,3
202000023964,2020-12-16 07:44:00,2020,12,16,7,44,37,37261,FROMENTEL (RUE),47.3762646,0.6777758,Nuit avec éclairage allumé,En agglomération,Intersection en T,Normale,,4,2,2,0,1,1,2,0,1,50,2,2,1,0,0,1,17.0,32.0,deux_roues,voiture,5,2,3,1,-1
202000023965,2020-12-17 14:05:00,2020,12,17,14,5,35,35238,PORTE DE CLEUNAY,48.10533,-1.716756,Plein jour,Hors agglomération,Hors intersection,Normale,Deux véhicules - arrière,2,3,8,0,1,1,1,0,1,90,2,4,2,0,0,2,20.0,19.0,voiture,voiture,1,1,1,1,2
202000023966,2020-12-17 13:15:00,2020,12,17,13,15,35,35055,RD 173,48.08254,-1.64041,Plein jour,Hors agglomération,Giratoire,Normale,Deux véhicules - côté,3,1,3,0,3,2,1,0,1,-1,2,2,1,0,0,1,23.0,27.0,voiture,utilitaire_camion,1,1,6,1,3
202000023967,2020-12-16 22:30:00,2020,12,16,22,30,35,35238,SAINT-MALO (RUE DE),48.11572,-1.6809,Nuit avec éclairage allumé,En agglomération,Hors intersection,Pluie légère,Sans collision,4,1,1,0,1,1,2,0,1,20,1,1,0,0,0,1,24.0,,deux_roues,,5,2,1,2,7
202000023968,2020-12-17 19:10:00,2020,12,17,19,10,33,33281,AVE PRESIDENT J.F. KENNEDY,44.83454,-0.6714,Nuit avec éclairage allumé,En agglomération,Intersection en Y,Autre,Trois véhicules et plus - collisions multiples,4,3,3,0,1,1,2,0,1,50,3,2,1,0,0,1,55.0,58.0,voiture,voiture,5,2,4,9,5
202000023969,2020-12-17 08:50:00,2020,12,17,8,50,33,33550,AVE DES PYRENEES / RUE VICTOR SCHOELCHER,44.76068,-0.55718,Plein jour,En agglomération,Intersection en T,Temps couvert,Deux véhicules - côté,4,2,2,0,1,1,2,0,1,50,2,2,1,0,0,1,44.0,18.0,utilitaire_camion,deux_roues,1,2,3,8,3
202000023970,2020-11-13 12:05:00,2020,11,13,12,5,31,31555,RUE DU FAUBOURG BONNEFOY,43.62007,1.45729,Plein jour,En agglomération,Hors intersection,Normale,Deux véhicules - côté,3,2,2,0,1,1,1,0,1,50,2,2,0,0,0,2,26.0,59.0,deux_roues,voiture,1,2,1,1,3
202000023971,2020-12-17 00:25:00,2020,12,17,0,25,30,30189,REPUBLIQUE (RUE),43.8297,4.3558,Nuit avec éclairage allumé,En agglomération,Autre intersection,Normale,Deux véhicules - côté,7,1,1,0,1,1,1,9,1,50,2,4,2,0,0,2,49.0,29.0,utilitaire_camion,utilitaire_camion,5,2,9,1,3
202000023972,2020-12-16 16:20:00,2020,12,16,16,20,30,30007,CROUPILLAC (AVE DE),44.13869,4.10458,Plein jour,En agglomération,Hors intersection,Autre,Deux véhicules - côté,3,2,2,0,1,1,1,0,1,70,2,2,1,0,0,1,16.0,81.0,deux_roues,voiture,1,2,1,9,3
202000023973,2020-11-29 09:25:00,2020,11,29,9,25,29,29039,D122 - Rue Yves Trichard,47.87879,-3.87366,Plein jour,Hors agglomération,Hors intersection,Normale,Autre collision,3,2,2,0,1,2,1,0,3,70,1,1,0,0,1,0,24.0,,voiture,,1,1,1,1,6
202000023974,2020-12-16 21:30:00,2020,12,16,21,30,29,29019,Rue Duperré,48.396847,-4.483014,Nuit avec éclairage allumé,En agglomération,Intersection en X,Normale,Deux véhicules - côté,4,1,1,0,1,1,1,0,1,50,2,2,1,0,0,1,28.0,25.0,voiture,deux_roues,5,2,2,1,3
202000023975,2020-12-17 13:50:00,2020,12,17,13,50,27,27528,CHAUSSE DU VEXIN,49.253,1.19428,Plein jour,En agglomération,Giratoire,Normale,Autre collision,4,2,2,0,1,1,1,0,1,50,1,2,1,0,0,1,38.0,,voiture,,1,2,6,1,6
202000023976,2020-11-23 15:40:00,2020,11,23,15,40,26,26198,2 q Chemin des Combes,44.551887,4.741711,Plein jour,En agglomération,Hors intersection,Normale,Autre collision,4,2,2,0,1,2,1,2,4,30,1,2,1,0,0,1,55.0,,transport_commun,,1,2,1,1,6
202000023977,2020-12-16 11:00:00,2020,12,16,11,0,22,22215,rOND point de la villette,48.5014101,-2.7800399,Plein jour,En agglomération,Hors intersection,Normale,Autre collision,3,2,2,0,1,1,1,0,1,50,1,2,1,1,0,0,81.0,,voiture,,1,2,1,1,6
202000023978,2020-12-16 08:54:00,2020,12,16,8,54,15,15014,POMPIDOU (AVENUE GEORGES),44.91149,2.44891,Plein jour,En agglomération,Hors intersection,Temps éblouissant,Autre collision,2,2,2,0,1,1,2,9,1,50,1,2,1,1,0,0,26.0,,utilitaire_camion,,1,2,1,7,6
202000023979,2020-12-17 17:10:00,2020,12,17,17,10,14,14118,FALAISE (RUE DE -144),49.1599244,-0.3401074,Plein jour,En agglomération,Hors intersection,Normale,Autre collision,4,2,2,0,1,1,1,0,1,50,1,2,1,0,1,0,48.0,,voiture,,1,2,1,1,6
202000023980,2020-12-17 10:15:00,2020,12,17,10,15,14,14118,ORATOIRE (RUE DE L'),49.18047,-0.36077,Plein jour,En agglomération,Hors intersection,Normale,Autre collision,4,2,2,0,1,1,1,0,1,50,1,2,1,0,0,1,48.0,,voiture,,1,2,1,1,6
202000023981,2020-12-09 19:00:00,2020,12,9,19,0,13,13108,VALLABREGUES ( RD 81 ROUTE DE),43.819843,4.651756,Nuit sans éclairage public,Hors agglomération,Hors intersection,Normale,Deux véhicules - frontale,3,2,0,0,1,1,1,0,1,80,2,2,0,0,1,1,21.0,56.0,voiture,voiture,3,1,1,1,1
202000023982,2020-12-17 13:40:00,2020,12,17,13,40,13,13209,MAZARGUES (AVENUE DE),43.25,5.396,Plein jour,En agglomération,Hors intersection,Normale,Autre collision,6,-1,-1,0,1,1,1,0,1,20,1,2,1,1,0,0,56.0,,utilitaire_camion,,1,2,1,1,6
202000023983,2020-12-17 13:20:00,2020,12,17,13,20,13,13204,FRANÇOISE DUPARC (BOULEVARD),43.3081,5.40207,Plein jour,En agglomération,Hors intersection,Normale,Autre collision,4,1,2,0,1,1,1,0,1,50,1,1,0,0,1,0,,,,,1,2,1,1,6
202000023984,2020-12-17 07:34:00,2020,12,17,7,34,10,10387,ANATOLE FRANCE (RUE),48.2832,4.07501,Nuit avec éclairage allumé,En agglomération,Hors intersection,Temps couvert,Trois véhicules et plus - en chaîne,4,2,4,2,1,1,2,0,1,50,3,3,2,0,0,1,27.0,30.0,voiture,voiture,5,2,1,8,4
202000023985,2020-12-17 07:55:00,2020,12,17,7,55,07,07019,D 104 (DEVIATION ST PRIVAS),44.61456,4.40857,Nuit sans éclairage public,Hors agglomération,Hors intersection,Normale,Trois véhicules et plus - en chaîne,3,2,2,0,1,1,2,0,1,80,3,3,2,0,1,0,82.0,51.0,voiture,voiture,3,1,1,1,4
202000023986,2020-12-16 10:00:00,2020,12,16,10,0,06,06069,SEMARD (AVENUE PIERRE),43.656211,6.925372,Plein jour,En agglomération,Hors intersection,Temps couvert,Autre collision,3,2,1,0,2,2,2,0,1,50,1,2,0,1,0,1,82.0,,voiture,,1,2,1,8,6
202000023987,2020-12-17 13:29:00,2020,12,17,13,29,05,05023,BOSCO (CHEMIN JEAN ),44.89763,6.64068,Plein jour,En agglomération,Hors intersection,Temps éblouissant,Autre collision,4,1,1,0,1,1,2,0,1,50,1,3,1,0,0,2,75.0,,voiture,,1,2,1,7,6
202000023988,2020-12-16 12:35:00,2020,12,16,12,35,03,03185,Rue d’Ulm,46.3555341,2.5891675,Plein jour,En agglomération,Intersection en T,Normale,Deux véhicules - côté,4,2,2,0,1,1,1,5,1,50,2,3,0,0,1,2,27.0,49.0,voiture,voiture,1,2,3,1,3
202000023989,2020-12-16 17:10:00,2020,12,16,17,10,01,01053,Chemin de la Chagne,46.20778,5.26069,Nuit avec éclairage allumé,En agglomération,Hors intersection,Normale,Deux véhicules - frontale,4,-1,2,0,1,1,1,0,1,50,2,3,1,0,1,1,40.0,38.0,voiture,voiture,5,2,1,1,1
202000023990,2020-12-17 18:35:00,2020,12,17,18,35,75,75118,PORTE D AUBERVILLIERS,48.900672,2.368433,Nuit avec éclairage allumé,En agglomération,Hors intersection,Normale,Deux véhicules - arrière,4,1,4,0,1,1,1,0,1,70,2,2,1,0,0,1,57.0,45.0,voiture,deux_roues,5,2,1,1,2
202000023991,2020-12-16 20:00:00,2020,12,16,20,0,75,75120,PORTE DE BAGNOLET,48.866049,2.413204,Nuit avec éclairage allumé,En agglomération,Hors intersection,Normale,Deux véhicules - arrière,4,1,4,0,1,1,1,0,1,70,2,2,1,0,0,1,28.0,60.0,voiture,deux_roues,5,2,1,1,2
202000023992,2020-12-15 14:15:00,2020,12,15,14,15,75,75115,BOULEVARD PERIPHERIQUE,48.828461,2.289694,Plein jour,En agglomération,Hors intersection,Normale,Deux véhicules - côté,4,1,3,0,1,1,1,0,1,70,2,2,1,0,0,1,25.0,60.0,deux_roues,voiture,1,2,1,1,3
202000023993,2020-12-16 13:00:00,2020,12,16,13,0,75,75120,BOULEVARD MORTIER,48.876624,2.407156,Plein jour,En agglomération,Hors intersection,Normale,Trois véhicules et plus - collisions multiples,4,2,3,1,2,1,1,0,1,50,3,3,2,0,0,1,41.0,56.0,utilitaire_camion,transport_commun,1,2,1,1,5
202000023994,2020-12-17 15:00:00,2020,12,17,15,0,75,75115,AVENUE DE LA PORTE DE SEVRES,48.835183,2.277708,Plein jour,En agglomération,Hors intersection,Normale,Deux véhicules - côté,4,3,4,0,1,1,1,0,1,50,2,2,1,0,0,1,67.0,37.0,voiture,deux_roues,1,2,1,1,3
202000023995,2020-12-17 09:12:00,2020,12,17,9,12,75,75115,RUE DE VAUGIRARD,48.837926,2.297718,Plein jour,En agglomération,Intersection en X,Normale,Deux véhicules - côté,4,1,3,1,1,1,1,-1,5,50,2,2,1,0,0,1,38.0,49.0,voiture,deux_roues,1,2,2,1,3
202000023996,2020-12-17 17:40:00,2020,12,17,17,40,75,75114,AVENUE DU GENERAL LECLERC,48.831709,2.330234,Nuit avec éclairage allumé,En agglomération,Hors intersection,Normale,Autre collision,4,2,7,0,1,1,1,0,4,30,1,2,1,0,0,1,45.0,,deux_roues,,5,2,1,1,6
202000023997,2020-12-17 18:50:00,2020,12,17,18,50,75,75113,RUE REGNAULT,48.824414,2.376418,Nuit avec éclairage allumé,En agglomération,Intersection en X,Normale,Autre collision,4,2,2,0,2,1,2,0,1,30,1,2,1,0,0,1,30.0,,voiture,,5,2,2,1,6
202000023998,2020-12-17 16:15:00,2020,12,17,16,15,75,75111,RUE DE MONTREUIL,48.850964,2.396466,Plein jour,En agglomération,Intersection en T,Normale,Deux véhicules - côté,4,2,2,1,1,1,1,0,1,50,2,1,0,0,0,1,47.0,,deux_roues,,1,2,3,1,3
202000023999,2020-12-17 15:30:00,2020,12,17,15,30,75,75109,BOULEVARD HAUSSMANN,48.872948,2.333247,Plein jour,En agglomération,Intersection à plus de 4 branches,Normale,Deux véhicules - côté,4,1,3,0,1,1,1,0,1,50,2,2,1,0,0,1,45.0,55.0,deux_roues,voiture,1,2,5,1,3
202000024000,2020-12-17 14:33:00,2020,12,17,14,33,75,75108,PLACE DE LA CONCORDE,48.864076,2.320127,Plein jour,En agglomération,Place,Normale,Deux véhicules - côté,4,2,4,0,1,1,1,0,1,50,2,2,1,0,0,1,59.0,33.0,utilitaire_camion,deux_roues,1,2,7,1,3
202000024001,2020-12-17 12:45:00,2020,12,17,12,45,75,75108,AVENUE FRANKLIN D ROOSEVELT,48.866832,2.310255,Plein jour,En agglomération,Intersection en X,Normale,Sans collision,4,2,4,0,1,1,2,0,1,50,1,1,0,0,0,1,27.0,,deux_roues,,1,2,2,1,7
202000024002,2020-12-17 08:30:00,2020,12,17,8,30,75,75108,COURS LA REINE,48.864683,2.313652,Plein jour,En agglomération,Intersection en X,Normale,Sans collision,4,2,6,1,1,1,3,-1,5,50,1,1,0,0,0,1,34.0,,deux_roues,,1,2,2,1,7
202000024003,2020-12-16 08:15:00,2020,12,16,8,15,75,75108,RUE LA BOETIE,48.873696,2.314473,Plein jour,En agglomération,Intersection en X,Normale,Deux véhicules - côté,4,1,3,3,1,1,1,-1,6,50,2,2,1,0,0,1,27.0,34.0,deux_roues,transport_commun,1,2,2,1,3
202000024004,2020-12-17 11:00:00,2020,12,17,11,0,75,75104,RUE SAINT ANTOINE,48.854767,2.362433,Plein jour,En agglomération,Intersection en T,Temps couvert,Autre collision,4,3,3,1,1,1,2,-1,5,50,1,1,0,0,0,1,36.0,,deux_roues,,1,2,3,8,6
202000024005,2020-12-17 13:05:00,2020,12,17,13,5,94,94081,Rue de la Baignade,48.80839,2.40773,Plein jour,En agglomération,Intersection en T,Pluie légère,Deux véhicules - côté,3,2,2,0,1,1,2,0,1,50,2,2,1,0,0,1,59.0,36.0,deux_roues,voiture,1,2,3,2,3
202000024006,2020-12-17 12:30:00,2020,12,17,12,30,94,94081,CONCORDE (R DE LA),48.79947,2.38516,Plein jour,En agglomération,Hors intersection,Pluie légère,Autre collision,4,2,2,0,1,1,2,0,1,30,1,1,0,0,0,1,,,,,1,2,1,2,6
202000024007,2020-12-15 18:00:00,2020,12,15,18,0,94,94068,FOCH (AV),48.80321,2.48945,Nuit avec éclairage allumé,En agglomération,Hors intersection,Normale,Deux véhicules - arrière,3,2,0,0,1,1,2,0,1,50,2,2,1,0,0,1,29.0,17.0,voiture,deux_roues,5,2,1,1,2
202000024008,2020-12-17 13:22:00,2020,12,17,13,22,94,94046,MARECHAL JUIN (R DU),48.81553,2.42763,Plein jour,En agglomération,Intersection en T,Pluie légère,Deux véhicules - côté,4,-1,2,0,1,1,2,0,1,50,2,2,1,0,0,1,21.0,68.0,deux_roues,utilitaire_camion,1,2,3,2,3
202000024009,2020-12-17 12:00:00,2020,12,17,12,0,94,94043,VERDUN (R DE),48.80955,2.35895,Plein jour,En agglomération,Hors intersection,Normale,Autre collision,3,1,2,0,2,3,2,0,1,50,1,2,1,0,0,1,30.0,,transport_commun,,1,2,1,1,6
202000024010,2020-12-15 16:10:00,2020,12,15,16,10,94,94041,VICTOR HUGO (R),48.82141,2.39033,Plein jour,En agglomération,Intersection en X,Normale,Deux véhicules - côté,3,2,2,0,1,1,1,0,1,50,2,2,1,0,0,1,39.0,64.0,voiture,deux_roues,1,2,2,1,3
202000024011,2020-12-17 16:00:00,2020,12,17,16,0,94,94069,SAINT MAURICE DU VALAIS (AV),48.81492,2.46324,Plein jour,En agglomération,Hors intersection,Normale,Deux véhicules - côté,3,3,2,0,1,1,1,0,1,50,2,2,1,0,0,1,35.0,15.0,voiture,deux_roues,1,2,1,1,3
202000024012,2020-12-16 11:40:00,2020,12,16,11,40,94,94002,BLANQUI (QU),48.7982,2.42036,Plein jour,En agglomération,Autre intersection,Normale,Deux véhicules - côté,3,3,0,0,2,1,1,9,1,50,2,2,1,0,0,1,64.0,62.0,voiture,voiture,1,2,9,1,3
202000024013,2020-12-17 09:35:00,2020,12,17,9,35,93,93066,"""STALINGRAD (AVENUE), NR 88 A 114 BIS""",48.9441805,2.3577721,Plein jour,En agglomération,Hors intersection,Temps couvert,Autre collision,3,1,0,0,1,3,2,0,1,30,1,2,1,0,0,1,26.0,,voiture,,1,2,1,8,6
202000024014,2020-12-16 13:30:00,2020,12,16,13,30,93,93066,FRANCE ANATOLE (BOULEVARD) NR AUTRES,48.9273,2.3525,Plein jour,En agglomération,Hors intersection,Normale,Deux véhicules - côté,3,3,6,1,2,2,1,0,1,50,2,3,2,0,0,1,28.0,59.0,voiture,voiture,1,2,1,1,3
202000024015,2020-12-17 22:55:00,2020,12,17,22,55,93,93053,PARIS (RUE DE),48.903788,2.4692529,Nuit avec éclairage allumé,En agglomération,Place,Normale,Deux véhicules - côté,3,-1,2,0,1,1,1,5,1,50,2,2,1,0,0,1,44.0,42.0,voiture,deux_roues,5,2,7,1,3
202000024016,2020-12-17 13:40:00,2020,12,17,13,40,93,93010,GALLIENI (AV.) DE 1 A 109,48.9060323,2.4802808,Plein jour,En agglomération,Intersection en X,Pluie légère,Deux véhicules - côté,3,2,4,0,1,1,1,0,1,50,2,2,1,0,1,0,28.0,,voiture,,1,2,2,2,3
202000024017,2020-12-17 12:30:00,2020,12,17,12,30,93,93005,LEFEVRE (BOULEVARD),48.938854,2.4890616,Plein jour,En agglomération,Giratoire,Pluie légère,Deux véhicules - côté,4,2,2,0,1,2,2,0,1,50,2,2,1,0,0,1,62.0,18.0,voiture,deux_roues,1,2,6,2,3
202000024018,2020-12-17 19:45:00,2020,12,17,19,45,93,93001,REPUBLIQUE (AVE DE LA ) 43/106 =>,48.9060405,2.3897254,Nuit avec éclairage non allumé,En agglomération,Intersection en X,Normale,Deux véhicules - côté,3,2,3,3,1,1,1,5,1,50,2,3,1,0,0,2,19.0,70.0,deux_roues,voiture,4,2,2,1,3
202000024019,2020-12-16 11:20:00,2020,12,16,11,20,92,92078,GALLIENI (BD) (1 A 79 ET 22 A 102),48.9249425,2.3254631,Plein jour,En agglomération,Intersection en X,Normale,Deux véhicules - côté,3,2,4,1,1,1,1,0,1,50,2,2,0,0,0,2,44.0,41.0,deux_roues,utilitaire_camion,1,2,2,1,3
202000024020,2020-12-14 14:30:00,2020,12,14,14,30,92,92063,BUZENVAL (AVENUE DE),48.86885,2.186462,Plein jour,En agglomération,Hors intersection,Pluie légère,Deux véhicules - arrière,4,2,2,0,2,1,2,0,1,50,2,2,1,0,0,1,28.0,32.0,deux_roues,utilitaire_camion,1,2,1,2,2
202000024021,2020-12-16 23:20:00,2020,12,16,23,20,92,92048,TRIVAUX (AVENUE DE) N° 9,48.7912409,2.2322698,Nuit avec éclairage non allumé,En agglomération,Hors intersection,Pluie légère,Sans collision,3,2,2,0,2,2,2,0,1,50,1,1,0,0,0,1,21.0,,voiture,,4,2,1,2,7
202000024022,2020-12-06 18:50:00,2020,12,6,18,50,92,92004,VOLTAIRE  ( BD 01 A 15 ),48.9169072,2.2879333,Nuit avec éclairage allumé,En agglomération,Hors intersection,Normale,Deux véhicules - côté,3,2,2,0,1,1,1,0,1,50,2,2,1,0,0,1,31.0,26.0,voiture,deux_roues,5,2,1,1,3
202000024023,2020-12-17 11:20:00,2020,12,17,11,20,47,47100,avenue de paris,44.260503,0.670542,Plein jour,En agglomération,Hors intersection,Normale,Autre collision,2,2,2,0,1,3,1,9,1,50,1,2,1,1,0,0,39.0,,voiture,,1,2,1,1,6
202000024024,2020-12-17 19:15:00,2020,12,17,19,15,51,51433,D995,48.7433745,4.6731614,Nuit sans éclairage public,Hors agglomération,Intersection en X,Normale,Deux véhicules - côté,3,2,2,0,1,1,1,0,1,80,2,2,0,1,0,1,21.0,22.0,voiture,voiture,3,1,2,1,3
202000024025,2020-12-18 19:30:00,2020,12,18,19,30,60,60366,route nationale 31,49.4110672,2.3294406,Nuit sans éclairage public,Hors agglomération,Autre intersection,Normale,Deux véhicules - arrière,2,1,2,0,1,1,1,9,1,110,2,2,1,0,0,1,65.0,,voiture,,3,1,9,1,2
202000024026,2020-12-16 15:00:00,2020,12,16,15,0,41,41194,65 Avenue de Paris,47.375757,1.736645,Plein jour,En agglomération,Intersection en T,Normale,Deux véhicules - arrière,3,2,2,0,1,1,1,9,1,50,2,2,1,0,1,0,66.0,18.0,voiture,deux_roues,1,2,3,1,2
202000024027,2020-11-17 17:00:00,2020,11,17,17,0,33,33352,Chemin de Peyreffite,44.592564,-0.037916,Plein jour,Hors agglomération,Hors intersection,Temps éblouissant,Deux véhicules - frontale,4,2,2,0,2,3,1,0,1,80,2,2,1,0,0,1,49.0,23.0,voiture,voiture,1,1,1,7,1
202000024028,2020-12-01 17:03:00,2020,12,1,17,3,81,81209,Avenue de Castres,43.520548,2.368753,Crépuscule ou aube,En agglomération,Intersection en X,Pluie légère,Autre collision,3,2,3,0,1,2,2,5,1,50,1,2,1,0,1,0,75.0,,voiture,,2,2,2,2,6
202000024029,2020-12-15 15:20:00,2020,12,15,15,20,01,01354,D35,46.248235,6.041536,Plein jour,Hors agglomération,Intersection en T,Pluie légère,Trois véhicules et plus - collisions multiples,3,2,2,0,1,1,2,0,1,80,3,3,2,0,0,1,38.0,42.0,voiture,voiture,1,1,3,2,5
202000024030,2020-12-18 19:00:00,2020,12,18,19,0,974,97414,12 Rue de la Pépinière,-21.208929,55.406182,Crépuscule ou aube,En agglomération,Hors intersection,Normale,Deux véhicules - frontale,4,2,2,0,2,3,2,0,1,50,2,2,1,0,1,0,28.0,20.0,voiture,deux_roues,2,2,1,1,1
202000024031,2020-12-18 12:45:00,2020,12,18,12,45,72,72058,RD 323,47.983818,0.274379,Plein jour,Hors agglomération,Hors intersection,Normale,,3,1,4,0,1,1,1,0,1,110,3,3,2,0,1,0,49.0,,utilitaire_camion,,1,1,1,1,-1
202000024032,2020-10-29 16:30:00,2020,10,29,16,30,72,72047,Square des Chardonnerets,47.914725,0.332876,Plein jour,En agglomération,Hors intersection,Normale,Autre collision,3,2,2,0,2,1,1,0,1,50,1,2,1,0,1,0,84.0,,voiture,,1,2,1,1,6
202000024033,2020-12-17 15:50:00,2020,12,17,15,50,34,34051,Autoroute A75,43.59481,3.464934,Plein jour,Hors agglomération,Hors intersection,Normale,,1,3,4,0,1,1,1,2,1,130,2,3,2,0,0,1,37.0,20.0,voiture,voiture,1,1,1,1,-1
202000024034,2020-12-18 18:25:00,2020,12,18,18,25,63,63404,A75 - PK 025.250 - Sens Nord / Sud,45.5879887,3.2463266,Nuit sans éclairage public,Hors agglomération,Hors intersection,Temps couvert,Deux véhicules - côté,1,3,4,0,1,3,1,0,1,90,2,7,6,0,0,1,47.0,80.0,utilitaire_camion,deux_roues,3,1,1,8,3
202000024035,2020-12-17 09:15:00,2020,12,17,9,15,62,62819,rd 943,50.770719,2.198853,Plein jour,Hors agglomération,Hors intersection,Normale,Trois véhicules et plus - en chaîne,3,3,4,0,1,1,1,0,1,110,3,3,2,0,1,0,32.0,25.0,utilitaire_camion,voiture,1,1,1,1,4
202000024036,2020-12-18 15:15:00,2020,12,18,15,15,74,74303,1903 Rte de la Filiere,45.955808,6.172358,Plein jour,Hors agglomération,Hors intersection,Normale,Deux véhicules - frontale,3,2,2,0,2,3,1,0,1,80,2,3,0,0,0,3,26.0,24.0,voiture,voiture,1,1,1,1,1
202000024037,2020-12-17 17:35:00,2020,12,17,17,35,76,76752,Place du General Leclerc,49.668469,0.897334,Nuit avec éclairage allumé,En agglomération,Hors intersection,Normale,Autre collision,6,-1,-1,0,1,1,1,0,4,50,1,2,1,0,1,0,53.0,,voiture,,5,2,1,1,6
202000024038,2020-12-17 13:30:00,2020,12,17,13,30,80,80688,route departementale 32,50.2636704,1.6935575,Plein jour,Hors agglomération,Hors intersection,Normale,Deux véhicules - arrière,3,-1,2,0,1,1,1,0,1,80,2,3,2,0,0,1,63.0,39.0,voiture,deux_roues,1,1,1,1,2
202000024039,2020-12-18 19:00:00,2020,12,18,19,0,33,33348,D102e2,45.371071,-0.968222,Nuit sans éclairage public,Hors agglomération,Hors intersection,Normale,Deux véhicules - frontale,3,2,2,0,1,1,1,0,1,80,2,2,1,0,1,0,53.0,18.0,voiture,deux_roues,3,1,1,1,1
202000024040,2020-12-18 11:30:00,2020,12,18,11,30,32,32107,D41 lieu dit  bouhebent,43.971708,0.41894,Plein jour,Hors agglomération,Hors intersection,Normale,Sans collision,3,2,2,0,2,2,1,0,8,80,1,2,0,0,1,1,19.0,,voiture,,1,1,1,1,7
202000024041,2020-12-17 07:20:00,2020,12,17,7,20,71,71310,Rond Point du Pont Jeanne Rose,46.7486337,4.4932413,Nuit sans éclairage public,Hors agglomération,Giratoire,Normale,Deux véhicules - frontale,2,3,4,0,1,2,1,9,1,80,2,2,1,0,0,1,51.0,39.0,deux_roues,voiture,3,1,6,1,1