accident_id,datetime,annee,mois,jour,heure,minute,departement,commune_insee,adresse,latitude,longitude,luminosite,agglomeration,intersection,meteo,collision,catr,circ,nbv,vosp,prof,plan,surf,infra,situ,vma,nb_vehicules,nb_usagers,nb_indemnes,nb_tues,nb_blesses_hosp,nb_blesses_legers,age_cond_1,age_cond_2,veh_type_cond_1,veh_type_cond_2,lum_code,agg_code,int_code,atm_code,col_code
202000024042,2020-12-18 11:30:00,2020,12,18,11,30,29,29160,Route du Narret,48.4940665,-4.4336215,Plein jour,En agglomération,Giratoire,Temps couvert,Autre collision,4,2,2,0,2,1,2,5,4,50,1,1,0,0,1,0,32.0,,deux_roues,,1,2,6,8,6
202000024043,2020-12-18 17:39:00,2020,12,18,17,39,29,29235,3 Rue Lamartine,48.399001,-4.418835,Nuit sans éclairage public,En agglomération,Hors intersection,Pluie légère,Autre collision,4,2,2,0,2,1,2,0,1,50,1,2,1,0,0,1,51.0,,voiture,,3,2,1,2,6
202000024044,2020-12-17 17:50:00,2020,12,17,17,50,02,02554,D1,49.027619,3.409377,Nuit avec éclairage allumé,Hors agglomération,Intersection en X,Normale,Deux véhicules - côté,3,2,2,0,1,1,2,5,1,-1,2,2,1,0,1,0,46.0,23.0,voiture,deux_roues,5,1,2,1,3
202000024045,2020-12-17 15:45:00,2020,12,17,15,45,03,03267,,46.3359451,3.2855833,Plein jour,Hors agglomération,Hors intersection,Normale,Deux véhicules - côté,3,2,2,0,1,1,1,0,1,90,2,2,1,0,0,1,81.0,36.0,voiture,deux_roues,1,1,1,1,3
202000024046,2020-12-18 17:10:00,2020,12,18,17,10,15,15234,D32,44.836761,2.514431,Plein jour,Hors agglomération,Hors intersection,Normale,Sans collision,3,-1,2,0,1,2,1,0,3,90,1,1,0,0,1,0,38.0,,deux_roues,,1,1,1,1,7
202000024047,2020-12-17 17:25:00,2020,12,17,17,25,01,01304,41 Rue Antoine de Saint Exupery,46.052261,5.335271,Nuit avec éclairage non allumé,En agglomération,Hors intersection,Pluie légère,Autre collision,3,2,2,0,1,1,2,0,1,50,1,2,1,0,0,1,68.0,,voiture,,4,2,1,2,6
202000024048,2020-12-18 07:53:00,2020,12,18,7,53,70,70292,D3,47.841126,5.897177,Crépuscule ou aube,Hors agglomération,Hors intersection,Brouillard / fumée,Sans collision,3,2,2,0,2,1,2,0,8,80,1,1,0,0,1,0,27.0,,voiture,,2,1,1,5,7
202000024049,2020-12-17 21:10:00,2020,12,17,21,10,54,54557,A31,48.688297,6.011496,Nuit sans éclairage public,Hors agglomération,Hors intersection,Normale,Deux véhicules - frontale,1,2,4,0,1,1,1,0,1,-1,2,2,1,0,1,0,60.0,31.0,utilitaire_camion,deux_roues,3,1,1,1,1
202000024050,2020-04-20 10:45:00,2020,4,20,10,45,75,75110,RUE LA FAYETTE,48.880881,2.363004,Plein jour,En agglomération,Hors intersection,Normale,Deux véhicules - arrière,4,-1,1,0,1,1,1,0,1,50,2,2,1,0,0,1,26.0,42.0,deux_roues,voiture,1,2,1,1,2
202000024051,2020-04-19 22:30:00,2020,4,19,22,30,94,94046,GENERAL DE GAULLE (AV DU),48.8013,2.43115,Nuit avec éclairage allumé,En agglomération,Hors intersection,Normale,Sans collision,3,1,1,0,1,1,1,0,1,50,1,1,0,0,0,1,36.0,,voiture,,5,2,1,1,7
202000024052,2020-04-20 16:50:00,2020,4,20,16,50,94,94077,REPUBLIQUE (AV DE LA),48.73114,2.42031,Plein jour,En agglomération,Hors intersection,Temps éblouissant,Deux véhicules - arrière,3,2,2,0,1,1,1,0,1,50,2,2,1,0,0,1,49.0,28.0,deux_roues,voiture,1,2,1,7,2
202000024053,2020-04-20 13:30:00,2020,4,20,13,30,93,93053,PARIS (RUE DE),48.90264,2.46326,Plein jour,En agglomération,Hors intersection,Normale,Deux véhicules - côté,3,3,3,0,1,1,1,0,1,50,2,2,0,0,0,2,43.0,20.0,voiture,voiture,1,2,1,1,3
202000024054,2020-04-20 19:20:00,2020,4,20,19,20,93,93029,HENRI LANGLOIS,48.9139,2.4481,Plein jour,En agglomération,Hors intersection,Normale,Deux véhicules - frontale,4,2,2,0,1,1,1,0,1,50,2,2,1,0,0,1,32.0,23.0,deux_roues,voiture,1,2,1,1,1
202000024055,2020-04-20 11:00:00,2020,4,20,11,0,93,93008,CHE DE GROSLAY / R ANDRE JAOUEN,48.911934,2.475346,Plein jour,En agglomération,Intersection en T,Normale,Deux véhicules - frontale,3,2,2,0,1,3,1,0,1,50,2,1,0,0,0,1,27.0,,voiture,,1,2,3,1,1
202000024056,2020-04-21 08:00:00,2020,4,21,8,0,22,22197,D29,48.535583,-1.938207,Plein jour,Hors agglomération,Hors intersection,Normale,Sans collision,3,2,2,0,1,1,2,0,1,80,1,1,0,0,0,1,21.0,,voiture,,1,1,1,1,7
202000024057,2020-02-27 04:50:00,2020,2,27,4,50,01,01089,Route de Saint Maurice,45.960301,5.316408,Nuit sans éclairage public,Hors agglomération,Hors intersection,Normale,Sans collision,3,2,2,0,1,1,1,0,8,80,1,1,0,0,0,1,27.0,,voiture,,3,1,1,1,7
202000024058,2020-04-21 14:20:00,2020,4,21,14,20,59,59202,812 Rue du Bac,50.675328,2.834086,Plein jour,En agglomération,Giratoire,Normale,Deux véhicules - arrière,7,2,2,0,1,1,1,0,1,50,2,2,1,0,1,0,85.0,51.0,voiture,autre,1,2,6,1,2
202000024059,2020-04-20 17:15:00,2020,4,20,17,15,62,62566,rd 202,50.668858,1.859372,Plein jour,En agglomération,Hors intersection,Normale,Autre collision,3,2,2,0,2,3,1,0,3,50,1,1,0,0,1,0,22.0,,deux_roues,,1,2,1,1,6
202000024060,2020-04-20 17:30:00,2020,4,20,17,30,80,80606,D29,49.9454339,1.777477,Plein jour,Hors agglomération,Hors intersection,Normale,Deux véhicules - côté,3,2,2,0,2,1,1,0,1,80,2,3,1,0,1,1,31.0,45.0,voiture,deux_roues,1,1,1,1,3
202000024061,2020-04-20 20:45:00,2020,4,20,20,45,82,82155,D75,44.16692,1.78612,Nuit sans éclairage public,Hors agglomération,Intersection en T,Pluie légère,Autre collision,3,2,2,0,1,1,2,0,1,80,1,2,1,0,1,0,24.0,,voiture,,3,1,3,2,6
202000024062,2020-04-20 18:45:00,2020,4,20,18,45,76,76562,Route de Dieppe,49.869287,1.176589,Plein jour,En agglomération,Hors intersection,Normale,Sans collision,3,2,2,0,1,2,1,0,1,80,1,1,0,0,1,0,27.0,,voiture,,1,2,1,1,7
202000024063,2020-04-19 22:15:00,2020,4,19,22,15,38,38229,Allee de la Praly,45.221132,5.790401,Nuit avec éclairage allumé,En agglomération,Hors intersection,Normale,Sans collision,4,2,2,0,2,1,1,0,8,50,1,1,0,0,0,1,34.0,,deux_roues,,5,2,1,1,7
202000024064,2020-04-21 06:32:00,2020,4,21,6,32,26,26086,RD539,44.684912,5.453933,Crépuscule ou aube,Hors agglomération,Hors intersection,Pluie légère,Sans collision,3,2,2,0,1,2,2,0,1,80,1,1,0,0,1,0,67.0,,voiture,,2,1,1,2,7
202000024065,2020-04-21 17:10:00,2020,4,21,17,10,05,05104,LES BASSES BARRAQUES,44.706223,6.041864,Plein jour,Hors agglomération,Hors intersection,Normale,Sans collision,2,2,2,0,1,1,1,0,3,80,1,2,0,0,0,2,19.0,,voiture,,1,1,1,1,7
202000024066,2020-04-20 09:37:00,2020,4,20,9,37,50,50158,37 Route du Séminaire,48.722517,-1.140286,Plein jour,Hors agglomération,Intersection en T,Normale,,3,2,2,0,2,3,1,5,1,80,2,2,1,0,0,1,30.0,22.0,deux_roues,utilitaire_camion,1,1,3,1,-1
202000024067,2020-04-21 05:35:00,2020,4,21,5,35,45,45272,D226 - PR 2+980,47.821822,1.975233,Nuit sans éclairage public,Hors agglomération,Hors intersection,Normale,Autre collision,3,2,2,0,1,1,1,0,1,80,1,1,0,0,1,0,21.0,,voiture,,3,1,1,1,6
202000024068,2020-04-20 17:40:00,2020,4,20,17,40,18,18018,8 Rue des Acacias,47.038492,2.648516,Plein jour,En agglomération,Hors intersection,Normale,Autre collision,4,2,2,0,1,1,1,0,1,50,1,1,0,0,1,0,32.0,,deux_roues,,1,2,1,1,6
202000024069,2020-04-19 17:30:00,2020,4,19,17,30,87,87110,Rue de la Malaise,45.911209,0.995448,Plein jour,Hors agglomération,Hors intersection,Temps couvert,Autre collision,4,2,2,0,2,1,2,0,3,80,1,1,0,0,1,0,30.0,,deux_roues,,1,1,1,8,6
202000024070,2020-04-20 22:11:00,2020,4,20,22,11,49,49092,Avenue du Général de Gaulle (PR 034.000),47.216048,-0.724192,Nuit avec éclairage allumé,En agglomération,Intersection en T,Normale,Deux véhicules - côté,3,2,2,0,1,1,1,0,1,50,2,2,1,1,0,0,35.0,23.0,utilitaire_camion,deux_roues,5,2,3,1,3
202000024071,2020-04-20 19:50:00,2020,4,20,19,50,30,30344,D1,43.749936,4.207737,Crépuscule ou aube,Hors agglomération,Hors intersection,Pluie légère,Deux véhicules - frontale,3,2,2,0,1,1,2,0,1,80,2,3,0,1,2,0,49.0,27.0,voiture,voiture,2,1,1,2,1
202000024072,2020-04-20 18:51:00,2020,4,20,18,51,95,95604,RD 317,49.1053123,2.5319892,Plein jour,En agglomération,Hors intersection,Normale,Sans collision,3,2,2,0,1,1,1,0,1,80,1,2,1,0,1,0,42.0,,voiture,,1,2,1,1,7
202000024073,2020-04-20 20:15:00,2020,4,20,20,15,37,37158,D75,47.4995961,0.9287431,Plein jour,Hors agglomération,Hors intersection,Normale,Autre collision,3,2,2,0,1,1,1,0,3,80,1,2,0,0,1,1,22.0,,voiture,,1,1,1,1,6
202000024074,2020-04-20 20:10:00,2020,4,20,20,10,30,30130,Belle Poelle,44.328192,3.968017,Crépuscule ou aube,Hors agglomération,Autre intersection,Pluie légère,Autre collision,3,2,2,0,1,3,2,0,3,70,1,1,0,0,1,0,33.0,,voiture,,2,1,9,2,6
202000024075,2020-04-11 21:00:00,2020,4,11,21,0,71,71258,vers la croix,46.2605135,4.7396681,Nuit sans éclairage public,Hors agglomération,Hors intersection,Normale,Sans collision,4,-1,2,0,1,1,1,0,3,80,1,1,0,0,1,0,29.0,,deux_roues,,3,1,1,1,7
202000024076,2020-04-20 18:00:00,2020,4,20,18,0,52,52125,D417,48.102703,5.21872,Plein jour,Hors agglomération,Hors intersection,Normale,Autre collision,3,2,2,0,1,1,1,0,3,90,1,3,2,0,0,1,44.0,,voiture,,1,1,1,1,6
202000024077,2020-04-21 08:00:00,2020,4,21,8,0,74,74027,Impasse du Moulin,45.897154,6.253624,Nuit sans éclairage public,Hors agglomération,Hors intersection,Normale,Autre collision,4,2,2,0,1,2,1,0,1,80,1,1,0,0,1,0,36.0,,voiture,,3,1,1,1,6
202000024078,2020-04-17 09:45:00,2020,4,17,9,45,42,42147,Place Eugene Beaune,45.607448,4.062402,Plein jour,En agglomération,Hors intersection,Normale,Autre collision,6,-1,-1,0,1,1,1,9,8,30,1,2,1,0,1,0,66.0,,voiture,,1,2,1,1,6
202000024079,2020-04-21 14:55:00,2020,4,21,14,55,38,38247,151 Grande Rue,45.810667,5.402924,Plein jour,En agglomération,Hors intersection,Normale,Deux véhicules - arrière,3,2,2,0,1,1,1,0,1,50,2,2,1,0,0,1,51.0,17.0,voiture,deux_roues,1,2,1,1,2
202000024080,2020-04-20 17:25:00,2020,4,20,17,25,60,60462,100 Rue de Paris,49.323431,2.201636,Plein jour,En agglomération,Intersection en X,Normale,Sans collision,3,2,0,0,2,1,1,0,1,50,1,1,0,0,0,1,40.0,,deux_roues,,1,2,2,1,7
202000024081,2020-04-20 08:30:00,2020,4,20,8,30,13,13085,A50-Sens Aubagne vers Toulon,43.261596,5.590838,Plein jour,Hors agglomération,Hors intersection,Pluie légère,Autre collision,1,3,3,0,2,2,2,0,1,110,1,1,0,0,1,0,28.0,,voiture,,1,1,1,2,6
202000024082,2020-06-02 02:30:00,2020,6,2,2,30,54,54150,Autoroute A 31,48.78809,6.14234,Nuit sans éclairage public,Hors agglomération,Hors intersection,Normale,Deux véhicules - arrière,1,3,4,0,1,1,1,0,1,110,2,2,1,0,0,1,38.0,68.0,utilitaire_camion,utilitaire_camion,3,1,1,1,2
202000024083,2020-04-19 23:30:00,2020,4,19,23,30,78,78140,A13,48.96398,1.92597,Nuit avec éclairage allumé,Hors agglomération,Hors intersection,Normale,Trois véhicules et plus - collisions multiples,1,3,3,0,2,1,1,0,1,130,3,5,3,0,0,2,52.0,24.0,voiture,voiture,5,1,1,1,5
202000024084,2020-04-20 08:50:00,2020,4,20,8,50,988,98818,ROUTE DE L'ANSE VATA,-22.30085,166.44495,Plein jour,En agglomération,Hors intersection,Pluie forte,Autre collision,4,2,2,0,1,1,2,0,1,50,1,2,1,0,0,1,33.0,,voiture,,1,2,1,3,6
202000024085,2020-04-19 11:15:00,2020,4,19,11,15,69,69386,VAUBAN                              (R ),45.7653,4.8479,Plein jour,En agglomération,Intersection en X,Normale,Deux véhicules - côté,4,1,1,1,1,1,1,0,1,50,2,2,0,0,0,2,45.0,54.0,voiture,voiture,1,2,2,1,3
202000024086,2020-04-18 11:30:00,2020,4,18,11,30,972,97213,ROUTE DEPARTEMENTALE 14,14.6227,-61.017,Plein jour,En agglomération,Autre intersection,Normale,Deux véhicules - frontale,4,2,2,0,3,1,1,0,1,30,2,2,1,0,0,1,60.0,17.0,voiture,deux_roues,1,2,9,1,1
202000024087,2020-04-17 20:55:00,2020,4,17,20,55,972,97213,VIEUX PONT (CHEMIN DU,14.6154,-61.0047,Nuit sans éclairage public,En agglomération,Autre intersection,Normale,Sans collision,3,1,2,0,1,2,1,9,8,50,1,2,1,0,1,0,37.0,,voiture,,3,2,9,1,7
202000024088,2020-04-16 13:50:00,2020,4,16,13,50,83,83129,TALIAN (RUE DE),43.1,5.85,Plein jour,Hors agglomération,Autre intersection,Normale,Deux véhicules - côté,4,-1,2,0,1,1,1,0,1,50,2,2,1,0,0,1,81.0,,voiture,,1,1,9,1,3
202000024089,2020-04-17 11:43:00,2020,4,17,11,43,74,74010,ROBERT SCHUMAN,45.9034,6.1229,Plein jour,En agglomération,Hors intersection,Normale,Autre collision,4,2,2,0,1,1,1,0,1,30,1,2,1,0,1,0,57.0,,deux_roues,,1,2,1,1,6
202000024090,2020-04-19 16:25:00,2020,4,19,16,25,59,59599,PIATS (RUE DES),50.7234352,3.1720621,Plein jour,En agglomération,Hors intersection,Normale,Deux véhicules - frontale,4,2,2,0,1,2,1,0,1,50,2,2,1,0,0,1,23.0,50.0,voiture,voiture,1,2,1,1,1
202000024091,2020-04-17 15:10:00,2020,4,17,15,10,19,19272,Louis Aragon (Rue),45.28002,1.76691,Plein jour,En agglomération,Hors intersection,Normale,Autre collision,4,2,2,0,2,1,1,0,1,50,1,1,0,0,0,1,28.0,,deux_roues,,1,2,1,1,6
202000024092,2020-04-19 18:20:00,2020,4,19,18,20,13,13215,GAFFAREL (RUE),43.348292,5.362383,Plein jour,En agglomération,Intersection en T,Pluie légère,Deux véhicules - côté,3,2,4,0,1,1,2,5,1,50,2,2,0,0,0,2,21.0,29.0,voiture,voiture,1,2,3,2,3
202000024093,2020-04-18 15:40:00,2020,4,18,15,40,13,13207,VALLON DES (RUE),43.285092,5.354043,Plein jour,En agglomération,Hors intersection,Normale,Autre collision,4,2,1,0,2,1,1,0,1,30,1,2,1,0,0,1,50.0,,voiture,,1,2,1,1,6
202000024094,2020-04-17 11:40:00,2020,4,17,11,40,13,13005,RN 8,43.28467,5.54846,Plein jour,En agglomération,Intersection en X,Normale,Deux véhicules - côté,3,2,2,0,1,1,1,0,1,50,2,3,2,0,1,0,70.0,46.0,voiture,deux_roues,1,2,2,1,3
202000024095,2020-04-19 19:00:00,2020,4,19,19,0,06,06069,CLEMENCEAU (BOULEVARD GEORGES),43.660472,6.918639,Crépuscule ou aube,En agglomération,Hors intersection,Brouillard / fumée,Autre collision,3,2,2,0,2,2,2,0,1,50,1,1,0,0,0,1,36.0,,voiture,,2,2,1,5,6
202000024096,2020-04-16 09:15:00,2020,4,16,9,15,75,75116,BOULEVARD PERIPHERIQUE INTERIEUR OUEST,48.860995,2.264042,Plein jour,En agglomération,Hors intersection,Normale,Deux véhicules - arrière,4,1,4,0,1,1,1,1,1,70,2,3,2,0,0,1,61.0,32.0,voiture,voiture,1,2,1,1,2
202000024097,2020-04-19 17:30:00,2020,4,19,17,30,93,93010,AV DES SCIENCES / ALL DES ALOUETTES,48.8928,2.4959,Plein jour,En agglomération,Intersection en T,Normale,Deux véhicules - côté,4,1,1,0,1,1,1,0,1,30,2,3,1,0,0,2,23.0,37.0,deux_roues,voiture,1,2,3,1,3
202000024098,2020-04-15 14:45:00,2020,4,15,14,45,33,33138,D17,45.04958,-0.13881,Plein jour,Hors agglomération,Hors intersection,Normale,Deux véhicules - frontale,3,2,2,0,1,2,1,0,1,70,2,3,0,0,3,0,67.0,38.0,voiture,voiture,1,1,1,1,1
202000024099,2020-04-19 21:10:00,2020,4,19,21,10,57,57098,D22,48.86945,6.76716,Nuit avec éclairage allumé,Hors agglomération,Hors intersection,Normale,Deux véhicules - frontale,3,2,2,0,1,1,1,0,1,70,2,2,1,0,1,0,54.0,38.0,utilitaire_camion,utilitaire_camion,5,1,1,1,1
202000024100,2020-03-10 07:59:00,2020,3,10,7,59,21,21559,D33,47.298529,4.804158,Plein jour,Hors agglomération,Hors intersection,Pluie légère,Deux véhicules - frontale,3,2,2,0,1,1,2,0,1,80,2,3,2,0,1,0,33.0,25.0,voiture,voiture,1,1,1,2,1
202000024101,2020-04-19 18:11:00,2020,4,19,18,11,74,74208,Avenue Joseph Thoret,45.912827,6.699461,Plein jour,Hors agglomération,Hors intersection,Normale,Deux véhicules - arrière,4,2,2,0,1,1,1,0,1,50,2,3,2,0,1,0,26.0,28.0,voiture,voiture,1,1,1,1,2
202000024102,2020-03-22 02:30:00,2020,3,22,2,30,46,46160,D653,44.80208,2.074152,Nuit avec éclairage non allumé,En agglomération,Hors intersection,Normale,Autre collision,3,2,2,0,1,1,1,0,1,50,1,1,0,0,1,0,18.0,,deux_roues,,4,2,1,1,6
202000024103,2020-04-20 08:00:00,2020,4,20,8,0,34,34149,Lieu dit le cigalas,43.496128,3.2985223,Plein jour,Hors agglomération,Intersection en X,Pluie légère,Deux véhicules - côté,3,2,2,0,1,1,2,0,1,80,2,2,0,1,0,1,92.0,48.0,voiture,voiture,1,1,2,2,3
202000024104,2020-04-20 07:00:00,2020,4,20,7,0,25,25256,D437,47.215352,6.765819,Plein jour,En agglomération,Hors intersection,Normale,Autre collision,3,2,2,0,1,3,1,0,1,50,1,1,0,1,0,0,25.0,,deux_roues,,1,2,1,1,6
202000024105,2020-04-19 08:09:00,2020,4,19,8,9,60,60622,Cite de la Briqueterie,49.6717043,1.9628027,Plein jour,Hors agglomération,Hors intersection,Normale,Autre collision,3,2,2,0,2,1,1,0,3,80,1,1,0,0,0,1,24.0,,voiture,,1,1,1,1,6
202000024106,2020-04-18 18:57:00,2020,4,18,18,57,16,16346,Route de Biroche,45.232115,0.059025,Plein jour,Hors agglomération,Hors intersection,Normale,Autre collision,4,2,2,0,2,1,1,0,3,80,1,1,0,0,1,0,23.0,,voiture,,1,1,1,1,6
202000024107,2020-04-19 23:20:00,2020,4,19,23,20,37,37245,D48,47.471822,0.542268,Nuit sans éclairage public,Hors agglomération,Hors intersection,Temps couvert,Sans collision,3,2,2,0,1,1,2,0,3,80,1,1,0,0,1,0,64.0,,voiture,,3,1,1,8,7
202000024108,2020-04-18 09:30:00,2020,4,18,9,30,01,01224,14 Rue du Bugey,45.774187,5.205658,Plein jour,En agglomération,Hors intersection,Normale,Deux véhicules - côté,3,2,2,0,1,2,1,0,1,50,2,2,1,0,0,1,47.0,37.0,utilitaire_camion,voiture,1,2,1,1,3
202000024109,2020-03-16 19:15:00,2020,3,16,19,15,13,13100,D30A,43.820967,4.880796,Nuit sans éclairage public,Hors agglomération,Hors intersection,Normale,Deux véhicules - frontale,3,2,2,0,1,1,1,0,1,80,2,2,0,0,1,1,56.0,37.0,voiture,voiture,3,1,1,1,1
202000024110,2020-04-20 12:40:00,2020,4,20,12,40,67,67137,38 Rue des Platanes,48.495699,7.691363,Plein jour,En agglomération,Intersection en T,Normale,,4,2,2,0,1,3,1,0,1,40,2,2,1,0,0,1,61.0,42.0,voiture,deux_roues,1,2,3,1,-1
202000024111,2020-04-14 17:20:00,2020,4,14,17,20,33,33323,RD672E4/Chemin des Sables,44.572249,-0.214899,Plein jour,Hors agglomération,Intersection en X,Normale,Deux véhicules - côté,3,2,2,0,2,1,1,0,1,80,2,2,1,0,1,0,38.0,24.0,utilitaire_camion,deux_roues,1,1,2,1,3
202000024112,2020-04-19 15:40:00,2020,4,19,15,40,14,14530,D514,49.240648,-0.268232,Plein jour,Hors agglomération,Hors intersection,Normale,Sans collision,3,2,2,0,1,1,1,0,1,70,1,2,1,0,0,1,34.0,,deux_roues,,1,1,1,1,7
202000024113,2020-04-19 17:00:00,2020,4,19,17,0,93,93066,AUTOROUTE A1,48.9304,2.3663,Plein jour,Hors agglomération,Hors intersection,Normale,Autre collision,1,1,2,0,2,3,1,0,1,50,1,1,0,0,0,1,37.0,,voiture,,1,1,1,1,6
202000024114,2020-02-15 06:50:00,2020,2,15,6,50,34,34301,VERDUN (BOULEVARD DE),43.4110335,3.6791378,Nuit avec éclairage allumé,En agglomération,Intersection en T,Normale,Autre collision,3,2,2,0,1,1,1,0,1,50,1,2,1,1,0,0,31.0,,voiture,,5,2,3,1,6
202000024115,2020-04-17 16:25:00,2020,4,17,16,25,988,98818,VDE/RUE CHARLEROI,-22.279,166.4626,Plein jour,En agglomération,Intersection en T,Normale,Autre collision,4,2,2,0,1,1,1,5,1,50,1,2,1,0,0,1,42.0,,utilitaire_camion,,1,2,3,1,6
202000024116,2020-04-18 15:15:00,2020,4,18,15,15,69,69383,VILLETTE (DE LA)                    (R ),45.7599,4.8618,Plein jour,En agglomération,Hors intersection,Temps couvert,Deux véhicules - côté,4,1,4,0,1,1,1,0,1,50,2,2,1,0,0,1,41.0,26.0,voiture,deux_roues,1,2,1,8,3
202000024117,2020-04-18 17:40:00,2020,4,18,17,40,95,95539,PARIS   (RUE DE),48.99798,2.35637,Plein jour,En agglomération,Hors intersection,Normale,Deux véhicules - côté,3,2,2,0,1,1,1,0,1,50,2,2,1,0,0,1,32.0,20.0,voiture,deux_roues,1,2,1,1,3
202000024118,2020-04-17 19:32:00,2020,4,17,19,32,91,91692,CEVENNES (RUE DES),48.68207,2.17309,Plein jour,En agglomération,Hors intersection,Normale,Deux véhicules - arrière,4,3,1,0,1,1,1,0,1,50,2,2,1,0,0,1,21.0,42.0,deux_roues,voiture,1,2,1,1,2
202000024119,2020-04-17 12:25:00,2020,4,17,12,25,91,91477,PASTEUR (RUE),48.71612,2.25059,Plein jour,En agglomération,Hors intersection,Normale,Deux véhicules - côté,4,1,1,0,1,1,1,0,1,50,2,2,1,0,0,1,25.0,57.0,deux_roues,voiture,1,2,1,1,3
202000024120,2020-04-17 04:00:00,2020,4,17,4,0,77,77016,GLANDELLES  (ROUTE DE) RD.607,48.21773,2.71386,Nuit avec éclairage allumé,En agglomération,Hors intersection,Normale,Sans collision,3,3,2,0,1,1,1,0,3,70,1,1,0,0,1,0,43.0,,voiture,,5,2,1,1,7
202000024121,2020-04-17 16:15:00,2020,4,17,16,15,59,59526,RUE DU CORBEAU,50.4598844,3.429392,Plein jour,Hors agglomération,Hors intersection,Normale,Sans collision,5,-1,1,0,1,2,1,9,8,50,1,3,2,1,0,0,38.0,,deux_roues,,1,1,1,1,7
202000024122,2020-04-18 18:30:00,2020,4,18,18,30,51,51573,Place Charles de Gaulle,49.2472868,3.9992586,Plein jour,En agglomération,Giratoire,Normale,,3,2,2,0,4,1,1,0,1,30,2,2,1,0,0,1,39.0,56.0,deux_roues,voiture,1,2,6,1,-1
202000024123,2020-04-17 11:50:00,2020,4,17,11,50,51,51454,Route de Dormans,49.2390928,3.9963376,Plein jour,En agglomération,Giratoire,Normale,Deux véhicules - côté,3,-1,1,0,1,1,1,0,1,50,2,2,1,0,0,1,44.0,54.0,deux_roues,voiture,1,2,6,1,3
202000024124,2020-04-19 02:00:00,2020,4,19,2,0,33,33063,RUE LAJAUNIE / RUE DES QUEYRIES / RUE GASTON LEROUX,44.85396,-0.54319,Nuit avec éclairage allumé,En agglomération,Intersection en Y,Temps couvert,Autre collision,4,1,3,2,1,2,1,0,1,50,1,1,0,0,0,1,26.0,,deux_roues,,5,2,4,8,6
202000024125,2020-03-13 10:23:00,2020,3,13,10,23,29,29039,Avenue du Cabellou,47.86103,-3.8916,Plein jour,En agglomération,Hors intersection,Normale,Autre collision,4,2,2,1,1,1,1,0,1,50,1,3,1,0,1,1,90.0,,utilitaire_camion,,1,2,1,1,6
202000024126,2020-04-18 00:20:00,2020,4,18,0,20,75,75115,PORTE DE VANVES,48.825623,2.300965,Nuit avec éclairage allumé,En agglomération,Hors intersection,Normale,Autre collision,4,1,3,0,1,1,1,1,1,70,1,1,0,0,0,1,18.0,,deux_roues,,5,2,1,1,6
202000024127,2020-04-17 16:29:00,2020,4,17,16,29,75,75103,BOULEVARD DE SEBASTOPOL,48.869315,2.354254,Plein jour,En agglomération,Intersection en X,Normale,Deux véhicules - côté,4,1,5,3,1,1,1,0,1,50,2,4,0,0,0,4,31.0,33.0,voiture,voiture,1,2,2,1,3
202000024128,2020-04-18 19:15:00,2020,4,18,19,15,75,75117,AVENUE DE VILLIERS,48.885639,2.291727,Plein jour,En agglomération,Intersection en X,Temps éblouissant,Deux véhicules - côté,4,2,0,0,1,1,1,0,1,50,2,2,1,0,0,1,24.0,44.0,deux_roues,voiture,1,2,2,7,3
202000024129,2020-04-17 18:35:00,2020,4,17,18,35,75,75106,RUE DU CHERCHE MIDI,48.845522,2.319145,Plein jour,En agglomération,Intersection en X,Normale,Deux véhicules - côté,4,4,2,0,1,1,1,0,1,50,2,2,1,0,0,1,56.0,43.0,voiture,deux_roues,1,2,2,1,3
202000024130,2020-04-17 20:50:00,2020,4,17,20,50,75,75108,COURS LA REINE,48.864645,2.311896,Crépuscule ou aube,En agglomération,Hors intersection,Normale,Sans collision,4,2,2,1,1,1,1,0,1,50,1,1,0,0,0,1,52.0,,deux_roues,,2,2,1,1,7
202000024131,2020-04-18 13:00:00,2020,4,18,13,0,93,93051,MEDERIC (AVENUE),48.83034,2.5849,Plein jour,En agglomération,Intersection en X,Normale,Deux véhicules - côté,3,3,2,1,1,1,1,5,1,50,2,2,1,0,0,1,33.0,53.0,voiture,voiture,1,2,2,1,3
202000024132,2020-04-18 21:05:00,2020,4,18,21,5,93,93031,AV DU 18 JUIN 1940,48.95449,2.30795,Nuit avec éclairage allumé,En agglomération,Hors intersection,Normale,Autre collision,3,2,4,0,1,1,1,0,1,50,1,3,2,0,1,0,33.0,,voiture,,5,2,1,1,6
202000024133,2020-04-14 10:20:00,2020,4,14,10,20,83,83072,2930 Route de Draguignan,43.496211,6.40007,Plein jour,Hors agglomération,Hors intersection,Normale,Autre collision,3,2,2,0,1,2,1,2,8,80,1,1,0,1,0,0,87.0,,voiture,,1,1,1,1,6
202000024134,2020-04-18 17:00:00,2020,4,18,17,0,972,97229,rond point de la SOMAREC,14.609561,-61.097106,Plein jour,En agglomération,Giratoire,Normale,Deux véhicules - côté,2,1,2,0,1,1,1,0,1,50,2,2,1,0,0,1,20.0,37.0,deux_roues,voiture,1,2,6,1,3
202000024135,2020-04-18 05:50:00,2020,4,18,5,50,22,22180,RN 176 PK/PR 026+100,48.427501,-2.228057,Nuit sans éclairage public,Hors agglomération,Hors intersection,Normale,Sans collision,2,3,2,0,1,1,1,0,3,110,1,1,0,0,1,0,21.0,,voiture,,3,1,1,1,7