accident_id,datetime,annee,mois,jour,heure,minute,departement,commune_insee,adresse,latitude,longitude,luminosite,agglomeration,intersection,meteo,collision,catr,circ,nbv,vosp,prof,plan,surf,infra,situ,vma,nb_vehicules,nb_usagers,nb_indemnes,nb_tues,nb_blesses_hosp,nb_blesses_legers,age_cond_1,age_cond_2,veh_type_cond_1,veh_type_cond_2,lum_code,agg_code,int_code,atm_code,col_code
202000024136,2020-04-18 19:50:00,2020,4,18,19,50,974,97414,Rue Valmy,-21.292161,55.398002,Nuit sans éclairage public,En agglomération,Hors intersection,Normale,Sans collision,4,2,2,0,1,3,9,0,1,50,1,2,0,0,1,1,35.0,,deux_roues,,3,2,1,1,7
202000024137,2020-04-18 19:00:00,2020,4,18,19,0,30,30342,D148,44.206343,4.672472,Plein jour,Hors agglomération,Hors intersection,Normale,Deux véhicules - frontale,3,2,2,0,1,3,1,0,1,30,2,2,1,0,1,0,37.0,33.0,deux_roues,voiture,1,1,1,1,1
202000024138,2020-04-17 18:20:00,2020,4,17,18,20,59,59118,Rue des Frères Desjardin,50.046323,3.468858,Plein jour,En agglomération,Intersection en T,Normale,Deux véhicules - côté,3,3,2,0,1,1,1,5,1,50,2,2,1,0,0,1,19.0,23.0,deux_roues,voiture,1,2,3,1,3
202000024139,2020-04-18 20:20:00,2020,4,18,20,20,71,71295,Route de Chalon,46.8081484,5.1423347,Crépuscule ou aube,Hors agglomération,Hors intersection,Normale,Autre collision,3,2,2,0,1,1,1,0,3,70,1,3,0,0,0,3,32.0,,voiture,,2,1,1,1,6
202000024140,2020-04-18 20:45:00,2020,4,18,20,45,22,22303,la chapelle,48.282211,-2.484713,Crépuscule ou aube,En agglomération,Hors intersection,Normale,Sans collision,3,2,2,0,1,1,1,0,4,50,1,1,0,0,1,0,48.0,,voiture,,2,2,1,1,7
202000024141,2020-04-19 02:10:00,2020,4,19,2,10,01,01367,D975,46.4005328,5.1130485,Nuit avec éclairage allumé,En agglomération,Hors intersection,Normale,Autre collision,3,2,2,0,1,2,1,0,4,50,1,1,0,1,0,0,36.0,,deux_roues,,5,2,1,1,6
202000024142,2020-04-18 19:45:00,2020,4,18,19,45,60,60082,D34,49.6853559,2.2327264,Plein jour,Hors agglomération,Hors intersection,Normale,Autre collision,3,2,2,0,2,3,2,0,1,80,1,4,3,0,1,0,27.0,,voiture,,1,1,1,1,6
202000024143,2020-04-18 19:15:00,2020,4,18,19,15,40,40228,Avenue du Béarn,43.628985,-0.821716,Plein jour,Hors agglomération,Hors intersection,Normale,Sans collision,3,2,2,0,1,2,1,0,1,70,1,2,0,1,0,1,50.0,,voiture,,1,1,1,1,7
202000024144,2020-04-18 19:40:00,2020,4,18,19,40,17,17272,Rue des Brandes,46.081574,-0.817028,Plein jour,Hors agglomération,Hors intersection,Normale,Autre collision,4,2,1,0,1,1,1,0,3,80,1,1,0,1,0,0,62.0,,voiture,,1,1,1,1,6
202000024145,2020-04-18 16:38:00,2020,4,18,16,38,57,57693,A314,49.125511,6.238453,Plein jour,Hors agglomération,Hors intersection,Normale,Sans collision,1,1,2,0,1,3,1,3,1,90,1,1,0,0,1,0,41.0,,deux_roues,,1,1,1,1,7
202000024146,2020-03-01 02:30:00,2020,3,1,2,30,34,34022,A709,43.653266,3.991473,Nuit sans éclairage public,Hors agglomération,Autre intersection,Normale,Autre collision,1,3,4,0,2,3,1,3,3,50,1,1,0,1,0,0,30.0,,deux_roues,,3,1,9,1,6
202000024147,2020-04-18 23:20:00,2020,4,18,23,20,33,33333,8 Route des Lacs,44.875701,-1.089587,Nuit avec éclairage allumé,En agglomération,Hors intersection,Normale,Autre collision,4,2,2,0,1,3,1,0,3,50,1,1,0,1,0,0,29.0,,deux_roues,,5,2,1,1,6
202000024148,2020-04-19 12:00:00,2020,4,19,12,0,64,64496,Avenue de la Basse Navarre,43.473518,-1.451815,Plein jour,En agglomération,Hors intersection,Normale,Autre collision,3,2,2,0,1,1,1,6,1,30,1,2,1,0,1,0,30.0,,voiture,,1,2,1,1,6
202000024149,2020-04-18 19:40:00,2020,4,18,19,40,80,80127,Route de Dargnies,50.032501,1.503842,Plein jour,Hors agglomération,Hors intersection,Normale,Sans collision,4,2,2,0,2,4,1,0,1,80,1,2,1,0,1,0,18.0,,deux_roues,,1,1,1,1,7
202000024150,2020-04-18 13:50:00,2020,4,18,13,50,33,33487,AUTOROUTE A 10,44.94047,-0.46667,Plein jour,Hors agglomération,Hors intersection,Normale,Deux véhicules - arrière,1,3,6,0,1,1,1,0,1,130,2,4,3,0,0,1,34.0,23.0,voiture,utilitaire_camion,1,1,1,1,2
202000024151,2020-04-17 12:10:00,2020,4,17,12,10,91,91339,RN 104,48.6284,2.2572,Plein jour,Hors agglomération,Hors intersection,Normale,Sans collision,2,3,2,0,1,2,1,0,3,110,1,1,0,0,0,1,57.0,,voiture,,1,1,1,1,7
202000024152,2020-04-17 17:30:00,2020,4,17,17,30,94,94074,RN406.Y,48.7633004,2.4655786,Plein jour,Hors agglomération,Hors intersection,Normale,Sans collision,2,3,3,0,1,1,1,0,1,90,1,1,0,0,0,1,21.0,,deux_roues,,1,1,1,1,7
202000024153,2020-04-16 16:30:00,2020,4,16,16,30,91,91477,BERTEAUX (RUE MAURICE),48.71717,2.23986,Plein jour,En agglomération,Hors intersection,Normale,Autre collision,4,2,2,0,3,1,1,0,1,50,1,2,0,0,0,2,33.0,,deux_roues,,1,2,1,1,6
202000024154,2020-04-16 18:35:00,2020,4,16,18,35,91,91657,HENRI CHARON (AVENUE),48.706548,2.421767,Plein jour,En agglomération,Hors intersection,Normale,Deux véhicules - côté,4,2,2,0,1,1,1,0,1,50,2,3,1,0,0,2,22.0,55.0,voiture,voiture,1,2,1,1,3
202000024155,2020-04-17 11:00:00,2020,4,17,11,0,83,83137,STRASBOURG (BD DE ),43.12497,5.9323,Plein jour,En agglomération,Hors intersection,Normale,Autre collision,3,2,6,3,1,1,1,0,1,50,1,2,0,0,1,1,23.0,,deux_roues,,1,2,1,1,6
202000024156,2020-04-16 17:25:00,2020,4,16,17,25,78,78586,EUROPE,48.944345,2.202064,Plein jour,En agglomération,Intersection en X,Normale,Deux véhicules - côté,4,-1,2,0,1,1,1,0,1,50,2,3,2,0,1,0,47.0,17.0,voiture,deux_roues,1,2,2,1,3
202000024157,2020-04-16 06:05:00,2020,4,16,6,5,76,76305,ESTUAIRE,49.45562,0.23558,Nuit avec éclairage allumé,Hors agglomération,Hors intersection,Normale,Sans collision,4,2,2,0,1,1,1,0,1,70,1,1,0,0,0,1,34.0,,deux_roues,,5,1,1,1,7
202000024158,2020-04-17 18:09:00,2020,4,17,18,9,72,72181,ESTIENNE D'ORVES (BD D'),47.97944,0.19705,Plein jour,En agglomération,Hors intersection,Normale,Trois véhicules et plus - en chaîne,4,3,4,0,1,1,1,0,1,70,5,5,3,0,0,2,29.0,20.0,voiture,voiture,1,2,1,1,4
202000024159,2020-04-16 12:00:00,2020,4,16,12,0,45,45338,Rue George Sand,47.984201,2.710842,Plein jour,En agglomération,Hors intersection,Normale,Autre collision,4,2,2,0,1,1,1,0,1,50,1,3,2,0,1,0,15.0,,voiture,,1,2,1,1,6
202000024160,2020-04-16 19:10:00,2020,4,16,19,10,32,32307,NOURRIC (CHEMIN DE),43.61914,0.61488,Plein jour,Hors agglomération,Hors intersection,Normale,Sans collision,4,2,2,0,1,1,1,0,3,80,1,1,0,0,1,0,20.0,,deux_roues,,1,1,1,1,7
202000024161,2020-04-15 21:40:00,2020,4,15,21,40,29,29039,D70 - Rue de Colguen,47.919,-3.90331,Nuit sans éclairage public,Hors agglomération,Hors intersection,Normale,Deux véhicules - arrière,3,3,2,0,1,1,1,0,1,80,2,2,1,0,1,0,57.0,45.0,deux_roues,utilitaire_camion,3,1,1,1,2
202000024162,2020-04-17 16:25:00,2020,4,17,16,25,13,13043,GEORGES POMPIDOU (AV ),43.3938923,5.2032226,Plein jour,En agglomération,Hors intersection,Normale,Sans collision,3,-1,1,0,1,1,1,0,8,50,1,1,0,0,0,1,48.0,,voiture,,1,2,1,1,7
202000024163,2020-04-17 16:45:00,2020,4,17,16,45,13,13213,NICOLAS APPERT (RUE),43.34002,5.416857,Plein jour,En agglomération,Hors intersection,Normale,,4,2,2,0,2,3,1,0,1,50,3,2,1,0,1,0,63.0,25.0,voiture,deux_roues,1,2,1,1,-1
202000024164,2020-04-04 15:00:00,2020,4,4,15,0,12,12083,Rue GUESDE JULES,44.527098,2.269759,Plein jour,En agglomération,Hors intersection,Normale,Deux véhicules - frontale,3,2,2,0,2,3,1,0,1,50,2,2,1,0,1,0,34.0,36.0,deux_roues,voiture,1,2,1,1,1
202000024165,2020-04-17 18:20:00,2020,4,17,18,20,06,06027,CHENES AVENUE DES,43.66089,7.16233,Plein jour,En agglomération,Hors intersection,Normale,Deux véhicules - côté,4,2,2,0,2,1,1,0,1,50,2,3,2,0,0,1,29.0,21.0,voiture,voiture,1,2,1,1,3
202000024166,2020-04-16 07:50:00,2020,4,16,7,50,75,75120,PORTE DE BAGNOLET,48.860823,2.413832,Plein jour,En agglomération,Hors intersection,Normale,Deux véhicules - arrière,4,1,4,0,1,1,1,0,1,70,2,2,1,0,0,1,33.0,51.0,voiture,voiture,1,2,1,1,2
202000024167,2020-04-17 01:35:00,2020,4,17,1,35,75,75114,RUE DELAMBRE,48.84158,2.327229,Nuit avec éclairage allumé,En agglomération,Intersection en T,Normale,Sans collision,4,1,1,0,1,1,1,0,1,50,1,2,1,0,0,1,20.0,,deux_roues,,5,2,3,1,7
202000024168,2020-04-17 11:50:00,2020,4,17,11,50,94,94041,MOLIERE (R),48.81306,2.39622,Plein jour,En agglomération,Hors intersection,Normale,Deux véhicules - côté,4,2,2,0,1,1,1,0,1,50,2,2,1,0,1,0,24.0,51.0,voiture,deux_roues,1,2,1,1,3
202000024169,2020-04-17 19:45:00,2020,4,17,19,45,93,93008,RENAUD (RUE MATHURIN),48.90829,2.45511,Plein jour,En agglomération,Intersection en X,Normale,Deux véhicules - côté,4,1,1,0,1,1,1,0,1,50,2,2,1,0,0,1,40.0,48.0,voiture,voiture,1,2,2,1,3
202000024170,2020-03-07 14:40:00,2020,3,7,14,40,93,93007,HENRI BARBUSSE (AVENUE),48.9424204,2.465024,Plein jour,En agglomération,Hors intersection,Normale,Deux véhicules - côté,4,1,1,0,1,1,1,0,1,50,2,2,1,0,0,1,25.0,23.0,voiture,deux_roues,1,2,1,1,3
202000024171,2020-04-17 18:40:00,2020,4,17,18,40,92,92063,DIX-HUIT JUIN 1940 (AVENUE DU) SUD,48.86641,2.20156,Plein jour,En agglomération,Hors intersection,Normale,,3,3,2,0,2,1,1,0,1,50,2,2,1,0,0,1,44.0,10.0,deux_roues,deux_roues,1,2,1,1,-1
202000024172,2020-04-17 12:45:00,2020,4,17,12,45,92,92062,VERDUN (RUE DE) N° 78 A 164,48.8773221,2.2336906,Plein jour,En agglomération,Intersection en T,Normale,Autre collision,4,4,1,0,1,3,1,9,1,50,1,2,1,0,0,1,43.0,,voiture,,1,2,3,1,6
202000024173,2020-04-09 14:15:00,2020,4,9,14,15,09,09167,Route de Carbonne,43.27383,1.340764,Plein jour,En agglomération,Hors intersection,Normale,Autre collision,3,2,2,0,1,1,1,0,1,-1,1,2,1,0,1,0,56.0,,voiture,,1,2,1,1,6
202000024174,2020-04-17 18:15:00,2020,4,17,18,15,22,22190,Route de Langrolay,48.539107,-2.048167,Plein jour,En agglomération,Hors intersection,Normale,Deux véhicules - arrière,3,2,2,0,1,3,1,0,1,50,2,1,0,0,1,0,17.0,,deux_roues,,1,2,1,1,2
202000024175,2020-04-17 20:30:00,2020,4,17,20,30,62,62491,103 Rue Martin Meaux,50.604051,2.753513,Crépuscule ou aube,Hors agglomération,Intersection en T,Pluie légère,Deux véhicules - côté,3,2,2,0,1,1,2,0,1,80,2,2,1,0,0,1,34.0,49.0,voiture,deux_roues,2,1,3,2,3
202000024176,2020-04-17 14:50:00,2020,4,17,14,50,79,79083,1 Rue Hippolyte Hairaud,46.110816,-0.06827,Plein jour,En agglomération,Hors intersection,Normale,Deux véhicules - frontale,3,2,2,0,4,2,1,0,1,30,2,2,1,0,1,0,31.0,68.0,voiture,deux_roues,1,2,1,1,1
202000024177,2020-04-17 22:16:00,2020,4,17,22,16,57,57385,21 Route de Pange,49.075314,6.340989,Nuit sans éclairage public,Hors agglomération,Intersection en T,Normale,Sans collision,3,2,2,0,1,2,1,5,3,80,1,1,0,0,1,0,34.0,,voiture,,3,1,3,1,7
202000024178,2020-04-17 04:30:00,2020,4,17,4,30,19,19123,Avenue du Progrès,45.171271,1.573014,Nuit avec éclairage allumé,En agglomération,Giratoire,Normale,Autre collision,3,3,1,0,1,2,1,0,4,50,1,4,0,0,4,0,27.0,,voiture,,5,2,6,1,6
202000024179,2020-04-17 21:15:00,2020,4,17,21,15,71,71213,Lieu Dit la Bouchatiere,46.5489991,5.042818,Nuit sans éclairage public,Hors agglomération,Hors intersection,Normale,Sans collision,3,2,2,0,1,1,1,0,3,80,1,1,0,0,1,0,58.0,,voiture,,3,1,1,1,7
202000024180,2020-04-17 07:45:00,2020,4,17,7,45,55,55494,D635,48.687948,5.0378752,Crépuscule ou aube,Hors agglomération,Hors intersection,Normale,Autre collision,3,2,2,0,2,2,1,0,8,80,1,1,0,0,1,0,29.0,,deux_roues,,2,1,1,1,6
202000024181,2020-04-18 15:00:00,2020,4,18,15,0,29,29146,Melgven,47.895053,-3.811237,Plein jour,Hors agglomération,Hors intersection,Normale,Autre collision,2,3,2,0,1,1,1,0,3,110,1,2,0,0,1,1,40.0,,voiture,,1,1,1,1,6
202000024182,2020-04-17 16:30:00,2020,4,17,16,30,29,29185,D10 - Lieu Dit Kerchapalain,48.6516223,-4.1859303,Plein jour,En agglomération,Intersection en Y,Normale,Deux véhicules - côté,3,2,2,0,1,2,1,5,1,50,2,2,1,0,1,0,42.0,47.0,voiture,voiture,1,2,4,1,3
202000024183,2020-04-18 02:30:00,2020,4,18,2,30,29,29110,Route de Quimper,48.069326,-3.920655,Nuit sans éclairage public,En agglomération,Giratoire,Brouillard / fumée,Autre collision,3,2,1,0,1,3,1,0,3,50,1,1,0,0,1,0,46.0,,deux_roues,,3,2,6,5,6
202000024184,2020-04-17 22:00:00,2020,4,17,22,0,50,50391,Le Pointon,48.601825,-1.057718,Nuit sans éclairage public,Hors agglomération,Hors intersection,Normale,Autre collision,3,2,2,0,1,1,1,0,1,80,1,2,1,1,0,0,19.0,,voiture,,3,1,1,1,6
202000024185,2020-04-17 18:45:00,2020,4,17,18,45,78,78233,D30,48.863275,1.969728,Plein jour,Hors agglomération,Hors intersection,Normale,Deux véhicules - frontale,3,2,2,0,1,3,1,0,1,70,2,3,0,0,1,2,49.0,54.0,voiture,voiture,1,1,1,1,1
202000024186,2020-04-17 16:04:00,2020,4,17,16,4,55,55312,D964,48.9110483,5.5325809,Plein jour,Hors agglomération,Hors intersection,Normale,Deux véhicules - frontale,3,2,2,0,1,1,1,0,1,80,2,2,1,1,0,0,38.0,81.0,utilitaire_camion,voiture,1,1,1,1,1
202000024187,2020-04-08 14:30:00,2020,4,8,14,30,987,98722,RT 2 pk 24 TIAREI  HAAPOPONI,-17.591429,-149.382126,Plein jour,Hors agglomération,Hors intersection,Normale,Autre collision,2,2,2,0,1,1,1,0,1,60,1,2,1,0,1,0,44.0,,voiture,,1,1,1,1,6
202000024188,2020-04-17 17:45:00,2020,4,17,17,45,38,38565,D3,45.29494,5.62779,Plein jour,En agglomération,Hors intersection,Normale,Autre collision,3,2,2,0,1,3,1,0,1,80,1,1,0,0,1,0,42.0,,deux_roues,,1,2,1,1,6
202000024189,2020-04-17 23:40:00,2020,4,17,23,40,44,44210,50 ter Rue Léo Lagrange,47.30028,-2.19588,Nuit avec éclairage allumé,En agglomération,Autre intersection,Normale,Autre collision,4,1,1,0,1,1,1,9,4,30,1,1,0,0,1,0,19.0,,deux_roues,,5,2,9,1,6
202000024190,2020-04-17 19:05:00,2020,4,17,19,5,92,92062,A14,48.8926795,2.23481,Plein jour,Hors agglomération,Hors intersection,Normale,Autre collision,1,1,2,0,1,3,1,1,1,50,1,2,1,0,0,1,30.0,,deux_roues,,1,1,1,1,6
202000024191,2020-04-16 12:15:00,2020,4,16,12,15,69,69383,PAUL BERT                           (R ),45.75675,4.86686,Plein jour,En agglomération,Hors intersection,Normale,Autre collision,4,1,0,0,1,1,1,0,1,50,1,2,1,0,0,1,21.0,,autre,,1,2,1,1,6
202000024192,2020-04-16 20:00:00,2020,4,16,20,0,77,77186,GRANDE (RUE),48.406218,2.7023229,Plein jour,En agglomération,Hors intersection,Normale,Autre collision,4,1,1,0,1,1,1,0,1,30,1,2,1,0,0,1,,,,,1,2,1,1,6
202000024193,2020-04-15 16:53:00,2020,4,15,16,53,76,76575,VAL L'ABBE. RUE DU,49.38122,1.10014,Plein jour,En agglomération,Intersection en T,Normale,Deux véhicules - côté,3,-1,2,0,1,1,1,-1,1,50,2,2,1,0,0,1,62.0,34.0,voiture,deux_roues,1,2,3,1,3
202000024194,2020-04-08 02:30:00,2020,4,8,2,30,76,76351,PIERRE LOTI,49.50972,0.15138,Nuit avec éclairage allumé,En agglomération,Intersection en Y,Normale,Autre collision,4,2,2,0,1,3,1,0,4,50,1,1,0,0,0,1,28.0,,voiture,,5,2,4,1,6
202000024195,2020-04-07 16:00:00,2020,4,7,16,0,76,76351,CAMILLE DESMOULINS,49.47802,0.14121,Plein jour,En agglomération,Hors intersection,Normale,Deux véhicules - côté,4,2,2,0,1,1,1,0,1,50,2,1,0,0,0,1,73.0,,deux_roues,,1,2,1,1,3
202000024196,2020-03-30 22:20:00,2020,3,30,22,20,76,76351,GERANIUMS (DES),49.50535,0.16537,Nuit avec éclairage allumé,En agglomération,Intersection en X,Normale,Deux véhicules - côté,4,2,2,0,1,1,1,0,1,50,2,3,2,0,0,1,29.0,28.0,voiture,voiture,5,2,2,1,3
202000024197,2020-03-25 10:30:00,2020,3,25,10,30,59,59636,LINSELLES ROUTE DE,50.693775,3.052971,Plein jour,En agglomération,Giratoire,Normale,Deux véhicules - côté,7,-1,1,0,1,1,1,0,1,50,2,2,1,0,0,1,22.0,39.0,utilitaire_camion,deux_roues,1,2,6,1,3
202000024198,2020-04-14 23:12:00,2020,4,14,23,12,45,45004,Rue des Basses Varennes - Rue P Semart,47.98968,2.749404,Nuit avec éclairage allumé,En agglomération,Intersection en X,Normale,Autre collision,4,2,1,0,1,1,1,0,4,50,1,2,0,0,1,1,19.0,,voiture,,5,2,2,1,6
202000024199,2020-04-09 16:25:00,2020,4,9,16,25,45,45068,Rue Saint-just,48.00876,2.72067,Plein jour,En agglomération,Hors intersection,Normale,Autre collision,4,2,2,0,2,3,1,0,1,50,1,2,0,0,1,1,21.0,,deux_roues,,1,2,1,1,6
202000024200,2020-04-16 17:57:00,2020,4,16,17,57,37,37261,NATIONALE (RUE),47.3915374,0.6883221,Plein jour,En agglomération,Hors intersection,Normale,Sans collision,3,2,2,3,1,1,1,0,6,30,1,1,0,0,0,1,54.0,,deux_roues,,1,2,1,1,7
202000024201,2020-04-16 16:45:00,2020,4,16,16,45,34,34172,ALCO (RUE D',43.62238,3.83533,Plein jour,En agglomération,Intersection en X,Normale,Deux véhicules - côté,4,2,5,0,1,1,1,5,1,50,2,2,1,0,0,1,34.0,45.0,deux_roues,voiture,1,2,2,1,3
202000024202,2020-04-16 22:04:00,2020,4,16,22,4,29,29232,RN 165,48.02707,-4.08631,Nuit sans éclairage public,Hors agglomération,Hors intersection,Normale,Autre collision,2,3,4,0,1,1,1,3,1,110,1,1,0,0,0,1,25.0,,voiture,,3,1,1,1,6
202000024203,2020-02-16 05:40:00,2020,2,16,5,40,22,22278,LE GOFF (DES TROIS FRERES),48.51559,-2.76367,Nuit avec éclairage allumé,En agglomération,Hors intersection,Pluie légère,Autre collision,4,2,1,0,2,1,2,0,1,30,1,2,1,0,0,1,42.0,,voiture,,5,2,1,2,6
202000024204,2020-04-16 08:15:00,2020,4,16,8,15,05,05061,ALPHONSE DAUDET,44.54871,6.06694,Plein jour,Hors agglomération,Intersection en T,Normale,Deux véhicules - côté,2,-1,0,2,1,1,1,0,1,50,2,2,1,0,0,1,61.0,49.0,deux_roues,voiture,1,1,3,1,3
202000024205,2020-04-16 16:46:00,2020,4,16,16,46,75,75119,RUE D AUBERVILLIERS,48.8953,2.372092,Plein jour,En agglomération,Intersection en X,Normale,Autre collision,4,2,6,3,1,3,1,0,1,50,1,3,2,0,0,1,23.0,,deux_roues,,1,2,2,1,6
202000024206,2020-04-16 10:40:00,2020,4,16,10,40,75,75117,BOULEVARD BESSIERES,48.897616,2.324132,Plein jour,En agglomération,Intersection en X,Normale,Deux véhicules - côté,4,3,2,0,2,1,1,9,1,50,2,2,1,0,0,1,40.0,57.0,voiture,deux_roues,1,2,2,1,3
202000024207,2020-04-15 13:15:00,2020,4,15,13,15,75,75115,PLACE CAMBRONNE,48.848014,2.301748,Plein jour,En agglomération,Intersection en T,Normale,Sans collision,4,1,2,1,1,1,1,9,1,50,1,1,0,0,0,1,63.0,,deux_roues,,1,2,3,1,7
202000024208,2020-04-16 18:20:00,2020,4,16,18,20,75,75104,RUE DE RIVOLI,48.855218,2.361122,Plein jour,En agglomération,Intersection en T,Normale,Autre collision,4,2,4,1,1,1,1,-1,5,50,1,1,0,0,0,1,58.0,,deux_roues,,1,2,3,1,6
202000024209,2020-04-16 19:10:00,2020,4,16,19,10,94,94075,MANDRES (R DE),48.715386,2.537257,Plein jour,En agglomération,Hors intersection,Normale,Deux véhicules - arrière,3,-1,2,0,2,1,1,0,1,50,2,2,1,0,0,1,36.0,61.0,voiture,deux_roues,1,2,1,1,2
202000024210,2020-04-16 18:45:00,2020,4,16,18,45,47,47034,D933,44.393116,0.111365,Plein jour,Hors agglomération,Hors intersection,Normale,Autre collision,3,2,2,0,1,1,1,0,3,80,1,1,0,1,0,0,21.0,,voiture,,1,1,1,1,6
202000024211,2020-04-17 15:30:00,2020,4,17,15,30,83,83057,D13,43.381273,6.210022,Plein jour,Hors agglomération,Hors intersection,Normale,Sans collision,3,2,2,0,1,2,1,0,3,70,1,1,0,0,1,0,22.0,,deux_roues,,1,1,1,1,7
202000024212,2020-04-16 23:45:00,2020,4,16,23,45,33,33141,11 Route de Créon,44.83056,-0.33869,Nuit sans éclairage public,Hors agglomération,Hors intersection,Normale,Sans collision,3,2,2,0,2,1,1,0,8,80,1,1,0,0,1,0,31.0,,voiture,,3,1,1,1,7
202000024213,2020-04-17 10:30:00,2020,4,17,10,30,71,71208,Rue de la Chartelle,46.9135717,5.1583835,Plein jour,En agglomération,Intersection en T,Normale,,3,2,2,0,1,1,1,0,1,50,3,4,1,0,1,2,26.0,63.0,utilitaire_camion,voiture,1,2,3,1,-1
202000024214,2020-04-15 23:00:00,2020,4,15,23,0,61,61463,Route de l'Etang de la Forge,48.605631,-0.42491,Nuit sans éclairage public,Hors agglomération,Hors intersection,Normale,Autre collision,3,2,2,0,1,1,1,0,1,80,1,1,0,1,0,0,,,,,3,1,1,1,6
202000024215,2020-04-16 20:15:00,2020,4,16,20,15,49,49183,D103,47.52959,-0.8426,Plein jour,Hors agglomération,Hors intersection,Normale,Autre collision,3,2,2,0,1,1,1,0,1,80,1,1,0,0,1,0,22.0,,deux_roues,,1,1,1,1,6
202000024216,2020-04-16 18:40:00,2020,4,16,18,40,01,01084,Route du Peloux,46.1691018,5.0333487,Plein jour,Hors agglomération,Intersection en T,Normale,Deux véhicules - arrière,3,2,2,0,1,1,1,0,1,80,2,2,1,0,0,1,37.0,71.0,utilitaire_camion,voiture,1,1,3,1,2
202000024217,2020-04-17 16:15:00,2020,4,17,16,15,72,72380,Rue de Beaulieu,48.232386,0.148184,Plein jour,Hors agglomération,Autre intersection,Normale,Deux véhicules - frontale,3,2,2,0,1,3,1,0,1,80,2,2,1,0,1,0,40.0,72.0,voiture,voiture,1,1,9,1,1
202000024218,2020-04-15 11:45:00,2020,4,15,11,45,43,43268,Rue d'Ard'Huy (Pont),45.146441,4.134507,Plein jour,En agglomération,Intersection en T,Normale,Deux véhicules - frontale,4,2,2,0,2,1,1,5,1,50,2,2,1,0,1,0,59.0,19.0,deux_roues,voiture,1,2,3,1,1
202000024219,2020-04-16 23:45:00,2020,4,16,23,45,10,10288,RD671,48.008071,4.472809,Nuit sans éclairage public,Hors agglomération,Hors intersection,Normale,Autre collision,3,2,2,0,1,3,1,0,3,80,1,1,0,0,0,1,42.0,,voiture,,3,1,1,1,6
202000024220,2020-04-16 21:30:00,2020,4,16,21,30,30,30112,D1,43.901383,4.191944,Nuit sans éclairage public,Hors agglomération,Autre intersection,Normale,Autre collision,3,2,2,0,1,1,1,0,3,80,1,1,0,1,0,0,28.0,,voiture,,3,1,9,1,6
202000024221,2020-04-16 18:00:00,2020,4,16,18,0,68,68375,N66,47.773159,7.223972,Plein jour,Hors agglomération,Hors intersection,Normale,Deux véhicules - côté,2,3,4,0,1,1,1,0,1,110,2,2,1,0,1,0,37.0,52.0,utilitaire_camion,deux_roues,1,1,1,1,3
202000024222,2020-04-14 17:20:00,2020,4,14,17,20,971,97128,D102,16.26297,-61.380985,Plein jour,Hors agglomération,Hors intersection,Normale,Autre collision,3,2,2,0,3,2,1,0,1,80,1,2,1,0,1,0,32.0,,voiture,,1,1,1,1,6
202000024223,2020-04-17 19:30:00,2020,4,17,19,30,62,62014,Chemin du Widdebrouck,50.646539,2.411928,Plein jour,En agglomération,Hors intersection,Normale,Autre collision,3,2,2,0,3,1,1,0,1,70,1,1,0,0,1,0,46.0,,deux_roues,,1,2,1,1,6
202000024224,2020-04-16 00:00:00,2020,4,16,0,0,13,13055,A507 sens Aubagne- Marseille,43.33014,5.3985,Nuit avec éclairage allumé,Hors agglomération,Hors intersection,Normale,Sans collision,1,1,2,0,2,1,1,1,1,70,1,1,0,0,0,1,23.0,,deux_roues,,5,1,1,1,7
202000024225,2020-04-16 21:40:00,2020,4,16,21,40,91,91174,RN 104,48.61949,2.45923,Nuit sans éclairage public,Hors agglomération,Hors intersection,Normale,Autre collision,2,3,4,0,2,1,1,0,1,90,1,2,0,0,0,2,39.0,,voiture,,3,1,1,1,6
202000024226,2020-04-16 14:10:00,2020,4,16,14,10,91,91689,AUTOROUTE A6B,48.7415,2.3215,Plein jour,Hors agglomération,Hors intersection,Normale,Deux véhicules - côté,1,3,6,0,2,1,1,0,1,110,2,2,1,0,0,1,45.0,55.0,utilitaire_camion,voiture,1,1,1,1,3
202000024227,2020-04-16 08:30:00,2020,4,16,8,30,77,77495,A105,48.5805353,2.6378671,Plein jour,Hors agglomération,Hors intersection,Normale,Deux véhicules - côté,1,-1,3,0,1,1,1,0,1,110,2,2,1,0,0,1,25.0,29.0,deux_roues,voiture,1,1,1,1,3
202000024228,2020-01-29 09:25:00,2020,1,29,9,25,14,14258,Route de Caen,48.898207,-0.200152,Plein jour,En agglomération,Intersection en T,Normale,,3,2,2,0,2,1,1,9,1,50,2,2,1,0,1,0,19.0,85.0,deux_roues,voiture,1,2,3,1,-1
202000024229,2020-01-28 15:35:00,2020,1,28,15,35,76,76351,BOIS AU COQ (AVENUE),49.51568,0.12118,Plein jour,En agglomération,Hors intersection,Normale,Autre collision,9,3,4,3,1,1,1,4,6,50,1,2,1,0,0,1,50.0,,transport_commun,,1,2,1,1,6
202000024230,2020-04-15 09:20:00,2020,4,15,9,20,988,98818,VALBONNE (RUE DE LA),-22.27486,166.44818,Plein jour,En agglomération,Hors intersection,Normale,Sans collision,4,-1,1,0,2,2,1,0,1,50,1,1,0,0,0,1,40.0,,deux_roues,,1,2,1,1,7
202000024231,2020-04-15 09:05:00,2020,4,15,9,5,69,69259,EMILE ZOLA                          (R ),45.70283,4.88645,Plein jour,En agglomération,Autre intersection,Normale,Deux véhicules - côté,4,2,2,0,1,1,1,0,1,50,2,2,1,0,0,1,85.0,40.0,deux_roues,utilitaire_camion,1,2,9,1,3