accident_id,datetime,annee,mois,jour,heure,minute,departement,commune_insee,adresse,latitude,longitude,luminosite,agglomeration,intersection,meteo,collision,catr,circ,nbv,vosp,prof,plan,surf,infra,situ,vma,nb_vehicules,nb_usagers,nb_indemnes,nb_tues,nb_blesses_hosp,nb_blesses_legers,age_cond_1,age_cond_2,veh_type_cond_1,veh_type_cond_2,lum_code,agg_code,int_code,atm_code,col_code
202000024322,2020-01-18 06:30:00,2020,1,18,6,30,13,13211,154 SAINT LOUP (BOULEVARD DE),43.283686,5.43467,Nuit avec éclairage allumé,En agglomération,Hors intersection,Normale,Autre collision,3,2,2,0,1,1,1,0,4,50,1,2,1,1,0,0,25.0,,voiture,,5,2,1,1,6
202000024323,2020-01-18 02:25:00,2020,1,18,2,25,13,13206,ABBÉ FERAUD (RUE),43.285217,5.39086,Nuit avec éclairage allumé,En agglomération,Intersection en X,Normale,Deux véhicules - côté,4,1,2,0,1,1,1,0,1,50,2,2,1,0,0,1,23.0,20.0,voiture,voiture,5,2,2,1,3
202000024324,2020-01-17 21:40:00,2020,1,17,21,40,12,12202,Route de Moyrazes,44.35146,2.55426,Nuit avec éclairage allumé,Hors agglomération,Hors intersection,Normale,Deux véhicules - frontale,3,2,2,0,1,3,2,2,1,70,2,2,0,0,2,0,29.0,28.0,voiture,voiture,5,1,1,1,1
202000024325,2020-01-15 18:25:00,2020,1,15,18,25,12,12145,DE GAULLE CHARLES (AVENUE),44.10474,3.07557,Nuit avec éclairage allumé,En agglomération,Hors intersection,Normale,Trois véhicules et plus - en chaîne,4,2,2,0,1,1,1,0,1,50,3,3,1,0,0,2,37.0,48.0,voiture,voiture,5,2,1,1,4
202000024326,2020-01-18 18:34:00,2020,1,18,18,34,10,10387,VOULDY (CHAUSSEE DU),48.2936,4.0835,Nuit avec éclairage allumé,En agglomération,Hors intersection,Normale,Autre collision,4,2,4,2,1,1,1,0,1,50,1,5,4,0,1,0,52.0,,voiture,,5,2,1,1,6
202000024327,2020-01-18 20:30:00,2020,1,18,20,30,09,09122,D17,42.964382,1.598642,Nuit avec éclairage allumé,En agglomération,Hors intersection,Temps couvert,Sans collision,3,2,2,0,1,2,2,0,4,50,1,1,0,0,0,1,25.0,,voiture,,5,2,1,8,7
202000024328,2020-01-18 07:25:00,2020,1,18,7,25,06,06069,CHENES (CHEMIN DES),43.64085,6.91168,Nuit avec éclairage allumé,En agglomération,Hors intersection,Normale,Deux véhicules - côté,3,2,2,0,1,1,2,0,1,50,2,3,1,0,0,2,28.0,31.0,voiture,voiture,5,2,1,1,3
202000024329,2020-01-18 02:00:00,2020,1,18,2,0,01,01053,MAGINOT AVENUE ) DE 43 A FIN,46.214909,5.227475,Nuit avec éclairage allumé,En agglomération,Intersection en Y,Normale,Autre collision,3,2,2,0,1,1,1,1,1,50,1,1,0,0,0,1,55.0,,voiture,,5,2,4,1,6
202000024330,2020-01-18 08:15:00,2020,1,18,8,15,75,75119,BD PERIPHERIQUE EXTERIEUR,48.8858206,2.3976012,Plein jour,En agglomération,Intersection en Y,Normale,Deux véhicules - côté,4,1,2,0,1,1,1,0,1,70,2,1,0,0,0,1,63.0,,utilitaire_camion,,1,2,4,1,3
202000024331,2020-01-17 18:55:00,2020,1,17,18,55,75,75120,BD PERIPHERIQUE INTERIEUR,48.873965,2.411229,Nuit sans éclairage public,En agglomération,Hors intersection,Pluie légère,Deux véhicules - côté,4,1,4,0,1,1,2,1,1,70,2,2,1,0,0,1,44.0,37.0,voiture,deux_roues,3,2,1,2,3
202000024332,2020-01-17 08:20:00,2020,1,17,8,20,75,75117,BD PERIPHERIQUE EXTERIEUR,48.897921,2.313441,Crépuscule ou aube,En agglomération,Hors intersection,Normale,Deux véhicules - arrière,4,1,4,0,1,1,2,0,1,70,2,2,0,0,0,2,46.0,22.0,deux_roues,deux_roues,2,2,1,1,2
202000024333,2020-01-18 15:10:00,2020,1,18,15,10,75,75103,BOULEVARD SAINT MARTIN,48.8686729,2.3574901,Plein jour,En agglomération,Hors intersection,Normale,Trois véhicules et plus - collisions multiples,4,2,4,0,1,1,1,0,1,50,6,12,7,0,2,3,46.0,22.0,deux_roues,voiture,1,2,1,1,5
202000024334,2020-01-18 19:45:00,2020,1,18,19,45,75,75106,BOULEVARD SAINT GERMAIN,48.8520935,2.340311,Nuit avec éclairage allumé,En agglomération,Intersection en X,Normale,Autre collision,4,1,4,0,1,1,1,0,1,50,1,2,1,0,0,1,30.0,,voiture,,5,2,2,1,6
202000024335,2020-01-18 19:30:00,2020,1,18,19,30,75,75120,BOULEVARD DE BELLEVILLE,48.8695724,2.379979,Nuit avec éclairage allumé,En agglomération,Intersection en T,Normale,Deux véhicules - côté,4,3,2,1,1,1,1,-1,5,50,2,2,1,0,0,1,34.0,74.0,deux_roues,voiture,5,2,3,1,3
202000024336,2020-01-18 00:30:00,2020,1,18,0,30,75,75120,BOULEVARD DE BELLEVILLE,48.8671073,2.3832808,Nuit avec éclairage allumé,En agglomération,Intersection en X,Normale,Deux véhicules - côté,4,3,4,0,1,1,1,0,1,30,2,3,2,0,0,1,31.0,26.0,deux_roues,voiture,5,2,2,1,3
202000024337,2020-01-18 20:40:00,2020,1,18,20,40,75,75119,BOULEVARD DE LA VILLETTE,48.872553,2.376535,Nuit avec éclairage allumé,En agglomération,Hors intersection,Normale,Autre collision,4,3,1,0,1,1,1,0,1,50,1,1,0,0,0,1,,,,,5,2,1,1,6
202000024338,2020-01-18 10:00:00,2020,1,18,10,0,75,75119,RUE MANIN,48.883675,2.389632,Plein jour,En agglomération,Hors intersection,Normale,Deux véhicules - côté,4,2,2,0,1,1,1,0,1,50,2,2,1,0,0,1,36.0,58.0,deux_roues,utilitaire_camion,1,2,1,1,3
202000024339,2020-01-18 02:40:00,2020,1,18,2,40,75,75119,PLACE DE LA BATAILLE DE STALINGRAD,48.8830495,2.369631,Nuit avec éclairage allumé,En agglomération,Place,Normale,Autre collision,4,3,1,0,1,3,1,0,1,50,1,2,1,0,0,1,22.0,,utilitaire_camion,,5,2,7,1,6
202000024340,2020-01-17 05:55:00,2020,1,17,5,55,75,75119,RUE ALEXANDER FLEMING,48.881996,2.402498,Nuit avec éclairage allumé,En agglomération,Intersection en X,Pluie légère,Autre collision,4,2,2,0,1,1,2,0,1,50,1,2,1,0,0,1,,,,,5,2,2,2,6
202000024341,2020-01-18 18:30:00,2020,1,18,18,30,75,75117,AVENUE DE CLICHY,48.8891101,2.322734,Nuit avec éclairage allumé,En agglomération,Intersection en X,Normale,Autre collision,4,2,2,0,2,1,1,0,1,30,1,2,1,0,0,1,29.0,,deux_roues,,5,2,2,1,6
202000024342,2020-01-15 21:30:00,2020,1,15,21,30,75,75117,RUE DE COURCELLES,48.8894053,2.2928843,Nuit avec éclairage allumé,En agglomération,Hors intersection,Normale,Deux véhicules - côté,4,2,3,0,1,1,2,0,1,50,2,2,1,0,0,1,52.0,51.0,deux_roues,voiture,5,2,1,1,3
202000024343,2020-01-18 20:00:00,2020,1,18,20,0,75,75115,RUE DE LA CONVENTION,48.8372293,2.2964315,Nuit avec éclairage allumé,En agglomération,Intersection en X,Normale,Autre collision,4,2,3,0,1,1,1,0,1,50,1,1,0,0,0,1,,,,,5,2,2,1,6
202000024344,2020-01-18 19:10:00,2020,1,18,19,10,75,75113,RUE BARRAULT,48.8263383,2.3465564,Nuit sans éclairage public,En agglomération,Intersection en Y,Normale,Deux véhicules - côté,4,1,2,0,2,1,1,0,1,30,2,2,1,0,0,1,52.0,34.0,deux_roues,voiture,3,2,4,1,3
202000024345,2020-01-18 15:35:00,2020,1,18,15,35,75,75112,AVENUE DE SAINT MAURICE,48.832412,2.420429,Plein jour,En agglomération,Hors intersection,Normale,Deux véhicules - côté,4,2,2,0,1,1,1,0,1,50,2,2,1,0,0,1,25.0,30.0,deux_roues,voiture,1,2,1,1,3
202000024346,2020-01-18 14:30:00,2020,1,18,14,30,75,75111,BOULEVARD RICHARD LENOIR,48.8629138,2.371518,Plein jour,En agglomération,Intersection en X,Normale,Deux véhicules - côté,4,3,2,0,1,1,1,0,1,50,2,2,1,0,0,1,28.0,34.0,deux_roues,deux_roues,1,2,2,1,3
202000024347,2020-01-17 18:30:00,2020,1,17,18,30,75,75109,BOULEVARD MONTMARTRE,48.87169,2.34189,Nuit avec éclairage allumé,En agglomération,Intersection en X,Normale,Autre collision,4,2,4,0,1,1,1,5,1,50,1,1,0,0,1,0,,,,,5,2,2,1,6
202000024348,2020-01-18 20:00:00,2020,1,18,20,0,75,75108,PLACE DE LA CONCORDE,48.865878,2.32203,Nuit avec éclairage allumé,En agglomération,Place,Normale,Deux véhicules - côté,4,3,8,0,1,1,1,0,1,50,2,2,1,0,0,1,64.0,49.0,voiture,deux_roues,5,2,7,1,3
202000024349,2020-01-18 14:15:00,2020,1,18,14,15,75,75108,RUE DU FAUBOURG SAINT HONORE,48.8728237,2.3107568,Plein jour,En agglomération,Intersection en X,Normale,Deux véhicules - côté,4,2,3,0,1,1,1,0,1,50,2,3,1,0,0,2,53.0,20.0,deux_roues,voiture,1,2,2,1,3
202000024350,2020-01-18 01:50:00,2020,1,18,1,50,75,75104,QUAI DES CELESTINS,48.8508303,2.3614319,Nuit avec éclairage allumé,En agglomération,Intersection en X,Normale,Autre collision,4,1,3,0,1,1,1,0,1,50,1,2,0,0,0,2,28.0,,deux_roues,,5,2,2,1,6
202000024351,2020-01-17 13:15:00,2020,1,17,13,15,75,75102,BOULEVARD DE SEBASTOPOL,48.8693237,2.3542529,Plein jour,En agglomération,Intersection en X,Normale,Autre collision,4,2,4,1,1,1,1,-1,5,50,1,2,1,0,0,1,30.0,,deux_roues,,1,2,2,1,6
202000024352,2020-01-18 13:20:00,2020,1,18,13,20,94,94078,PARIS (R DE),48.7359219,2.4466952,Plein jour,En agglomération,Hors intersection,Normale,Deux véhicules - arrière,2,1,3,3,1,1,1,0,1,50,2,3,1,0,2,0,68.0,35.0,voiture,voiture,1,2,1,1,2
202000024353,2020-01-18 04:15:00,2020,1,18,4,15,94,94068,PONT DE CRETEIL (R DU),48.804,2.4715,Nuit avec éclairage allumé,En agglomération,Hors intersection,Normale,Sans collision,3,3,2,0,1,1,1,0,1,50,1,1,0,0,0,1,27.0,,voiture,,5,2,1,1,7
202000024354,2020-01-18 15:30:00,2020,1,18,15,30,94,94028,Av du Mal de Lattre de Tassigny,48.7978134,2.4559762,Plein jour,En agglomération,Autre intersection,Normale,Deux véhicules - côté,3,1,4,0,1,1,1,9,1,50,2,3,2,0,0,1,48.0,48.0,voiture,voiture,1,2,9,1,3
202000024355,2020-01-18 14:40:00,2020,1,18,14,40,94,94011,BOISSY.(AVENUE DE),48.7685,2.4884,Plein jour,En agglomération,Autre intersection,Normale,Deux véhicules - arrière,3,1,0,0,1,3,1,3,1,50,2,2,1,0,0,1,53.0,53.0,voiture,utilitaire_camion,1,2,9,1,2
202000024356,2020-01-18 10:30:00,2020,1,18,10,30,94,94011,MOULIN(RUE JEAN),48.76902,2.48193,Plein jour,En agglomération,Hors intersection,Normale,Autre collision,4,1,2,0,1,1,1,0,1,50,1,2,1,0,0,1,84.0,,voiture,,1,2,1,1,6
202000024357,2020-01-18 14:30:00,2020,1,18,14,30,93,93078,PARC EXPO,48.9703,2.52633,Plein jour,Hors agglomération,Autre intersection,Normale,Deux véhicules - côté,9,2,2,0,1,1,1,0,1,50,2,4,1,0,0,3,25.0,56.0,voiture,voiture,1,1,9,1,3
202000024358,2020-01-18 14:35:00,2020,1,18,14,35,93,93073,CIRCUIT CAROLE,48.97948,2.52596,Plein jour,Hors agglomération,Autre intersection,Normale,Deux véhicules - arrière,4,1,0,0,1,1,1,0,1,50,2,3,1,0,0,2,64.0,54.0,voiture,voiture,1,1,9,1,2
202000024359,2020-01-18 16:04:00,2020,1,18,16,4,93,93039,Boulevard Marcel Paul,48.919857,2.326992,Plein jour,En agglomération,Hors intersection,Normale,Trois véhicules et plus - collisions multiples,3,2,2,0,1,1,1,0,1,50,3,2,1,0,0,1,47.0,33.0,voiture,deux_roues,1,2,1,1,5
202000024360,2020-01-17 17:25:00,2020,1,17,17,25,93,93066,R DU LANDY,48.91438,2.34718,Nuit avec éclairage allumé,En agglomération,Hors intersection,Temps couvert,Deux véhicules - frontale,3,2,2,0,2,1,2,9,1,50,2,2,1,0,0,1,36.0,65.0,voiture,deux_roues,5,2,1,8,1
202000024361,2020-01-17 22:45:00,2020,1,17,22,45,93,93077,BD CARNOT / AV DETOUCHE,48.88716,2.51677,Nuit avec éclairage allumé,En agglomération,Intersection en X,Normale,Deux véhicules - côté,4,1,1,0,1,1,1,5,1,50,2,2,1,0,0,1,17.0,21.0,deux_roues,voiture,5,2,2,1,3
202000024362,2020-01-18 15:24:00,2020,1,18,15,24,93,93050,AV DU 8 MAI 1945,48.8651,2.53477,Plein jour,En agglomération,Hors intersection,Normale,Deux véhicules - arrière,4,2,2,1,1,1,1,0,1,50,2,2,1,0,0,1,33.0,31.0,deux_roues,voiture,1,2,1,1,2
202000024363,2020-01-18 14:40:00,2020,1,18,14,40,93,93031,RTE DE SAINT LEU,48.9519005,2.3381851,Plein jour,En agglomération,Autre intersection,Normale,Deux véhicules - côté,3,2,2,2,1,1,1,0,5,50,2,2,1,0,0,1,40.0,34.0,utilitaire_camion,deux_roues,1,2,9,1,3
202000024364,2020-01-18 13:45:00,2020,1,18,13,45,92,92062,WALLACE (BD RICHARD) DU 17 AU 91 ET DU 3,48.8798149,2.2399659,Plein jour,En agglomération,Intersection en T,Normale,Trois véhicules et plus - collisions multiples,4,2,2,0,1,1,1,0,1,50,3,3,2,0,0,1,35.0,55.0,voiture,deux_roues,1,2,3,1,5
202000024365,2020-01-16 08:15:00,2020,1,16,8,15,92,92050,PLACE DE LA BOULE/ CLEMENCEAU GEORGES AVENUE N° PAIR,48.887223,2.200667,Crépuscule ou aube,En agglomération,Giratoire,Normale,Deux véhicules - côté,3,1,3,0,1,2,1,0,3,50,2,4,3,0,0,1,62.0,62.0,voiture,utilitaire_camion,2,2,6,1,3
202000024366,2020-01-18 09:30:00,2020,1,18,9,30,92,92012,REPUBLIQUE (BOULEVARD DE LA) 79/FIN - 76,48.8331478,2.2456634,Plein jour,En agglomération,Hors intersection,Normale,Deux véhicules - arrière,3,2,2,0,1,1,1,0,1,50,2,2,1,0,0,1,32.0,29.0,utilitaire_camion,deux_roues,1,2,1,1,2
202000024367,2020-01-19 17:00:00,2020,1,19,17,0,60,60242,D7,49.591389,1.939178,Plein jour,Hors agglomération,Intersection en X,Normale,Deux véhicules - côté,3,2,2,0,1,1,1,0,1,80,2,3,1,0,0,2,50.0,38.0,voiture,voiture,1,1,2,1,3
202000024368,2020-01-17 18:30:00,2020,1,17,18,30,62,62067,1 Rue Principale,50.629196,2.137662,Nuit sans éclairage public,En agglomération,Hors intersection,Vent fort / tempête,Autre collision,3,2,2,0,2,2,2,0,3,50,1,2,1,0,1,0,36.0,,voiture,,3,2,1,6,6
202000024369,2020-01-18 16:52:00,2020,1,18,16,52,49,49017,D68,47.64168,-0.346883,Plein jour,Hors agglomération,Hors intersection,Normale,Deux véhicules - côté,3,2,2,0,1,1,1,0,1,80,2,4,2,0,0,2,35.0,54.0,voiture,voiture,1,1,1,1,3
202000024370,2020-01-19 00:55:00,2020,1,19,0,55,35,35124,RN137,47.720687,-1.709884,Nuit sans éclairage public,Hors agglomération,Hors intersection,Normale,Sans collision,2,3,4,0,1,3,1,0,8,110,1,1,0,0,1,0,52.0,,voiture,,3,1,1,1,7
202000024371,2020-01-18 22:00:00,2020,1,18,22,0,22,22193,Plestan,48.419824,-2.446325,Nuit sans éclairage public,Hors agglomération,Hors intersection,Normale,Deux véhicules - arrière,2,3,4,0,1,1,1,0,1,110,2,2,1,0,0,1,61.0,50.0,voiture,voiture,3,1,1,1,2
202000024372,2020-01-18 12:35:00,2020,1,18,12,35,95,95652,70 Rue de Paris,49.127006,2.37026,Plein jour,En agglomération,Hors intersection,Temps éblouissant,Autre collision,4,2,2,0,1,1,1,9,1,50,1,2,1,0,1,0,74.0,,voiture,,1,2,1,7,6
202000024373,2020-01-19 16:20:00,2020,1,19,16,20,56,56006,La Ville Voisin,47.899663,-2.270807,Plein jour,Hors agglomération,Hors intersection,Normale,Sans collision,3,2,2,0,2,3,1,0,3,80,1,1,0,0,1,0,38.0,,deux_roues,,1,1,1,1,7
202000024374,2020-01-18 18:00:00,2020,1,18,18,0,76,76034,Rue Roger Fossé,49.718545,1.099894,Nuit avec éclairage allumé,En agglomération,Hors intersection,Pluie légère,Deux véhicules - frontale,3,2,2,3,1,1,2,0,1,50,2,3,1,0,1,1,17.0,51.0,deux_roues,voiture,5,2,1,2,1
202000024375,2020-01-18 20:00:00,2020,1,18,20,0,82,82112,16 Avenue Jean Jaurès,44.105368,1.093915,Nuit avec éclairage allumé,En agglomération,Hors intersection,Normale,Autre collision,3,2,2,0,1,2,1,0,4,50,1,2,0,0,2,0,19.0,,deux_roues,,5,2,1,1,6
202000024376,2020-01-18 21:15:00,2020,1,18,21,15,11,11410,D201,43.247467,2.397334,Nuit sans éclairage public,Hors agglomération,Intersection en T,Normale,Sans collision,3,2,2,0,3,3,2,0,3,80,1,1,0,0,1,0,40.0,,voiture,,3,1,3,1,7
202000024377,2020-01-16 14:50:00,2020,1,16,14,50,15,15250,Route départementale 3,45.357042,2.508034,Plein jour,Hors agglomération,Intersection en X,Normale,Deux véhicules - côté,3,2,2,0,1,1,1,5,1,-1,2,2,1,0,1,0,49.0,57.0,voiture,utilitaire_camion,1,1,2,1,3
202000024378,2020-01-17 20:00:00,2020,1,17,20,0,01,01452,Route de Lyon,45.845424,5.647169,Nuit avec éclairage allumé,En agglomération,Hors intersection,Normale,Autre collision,3,2,2,0,2,1,2,0,1,50,1,4,2,0,0,2,34.0,,voiture,,5,2,1,1,6
202000024379,2020-01-19 03:00:00,2020,1,19,3,0,26,26166,D104N,44.755617,4.782293,Nuit sans éclairage public,Hors agglomération,Hors intersection,Normale,Autre collision,3,2,2,0,1,1,1,0,3,80,1,1,0,0,0,1,26.0,,voiture,,3,1,1,1,6
202000024380,2020-01-18 20:00:00,2020,1,18,20,0,72,72382,Le Grand Gruet,47.926679,0.453444,Nuit sans éclairage public,Hors agglomération,Hors intersection,Normale,Deux véhicules - frontale,3,2,2,0,2,1,1,0,1,80,2,2,1,1,0,0,35.0,24.0,utilitaire_camion,voiture,3,1,1,1,1
202000024381,2020-01-19 07:52:00,2020,1,19,7,52,60,60245,Rue de Bonnemare,49.655604,1.723431,Crépuscule ou aube,En agglomération,Hors intersection,Autre,Autre collision,4,2,2,0,1,1,7,0,4,50,1,2,1,0,0,1,25.0,,voiture,,2,2,1,9,6
202000024382,2020-01-05 15:35:00,2020,1,5,15,35,64,64317,D932,43.366569,-1.424762,Plein jour,Hors agglomération,Intersection en T,Normale,Deux véhicules - frontale,3,2,2,0,1,1,1,5,1,80,2,2,1,0,1,0,83.0,30.0,voiture,deux_roues,1,1,3,1,1
202000024383,2020-01-19 06:20:00,2020,1,19,6,20,10,10420,D 951,48.596651,3.559929,Nuit sans éclairage public,Hors agglomération,Hors intersection,Normale,Autre collision,3,2,2,0,2,1,1,0,3,80,1,2,0,0,2,0,36.0,,voiture,,3,1,1,1,6
202000024384,2020-01-19 10:50:00,2020,1,19,10,50,36,36200,,46.618873,1.52646,Plein jour,Hors agglomération,Hors intersection,Normale,Trois véhicules et plus - collisions multiples,3,2,2,0,1,3,1,0,1,80,6,6,1,0,1,4,30.0,48.0,voiture,deux_roues,1,1,1,1,5
202000024385,2020-01-18 20:30:00,2020,1,18,20,30,36,36168,Tuilerie de la Luzeraize,46.533088,1.249097,Nuit sans éclairage public,Hors agglomération,Hors intersection,Normale,Autre collision,3,2,2,0,1,1,2,0,3,80,1,3,0,0,2,1,22.0,,voiture,,3,1,1,1,6
202000024386,2020-01-17 17:05:00,2020,1,17,17,5,16,16178,,45.5100577,-0.219054,Crépuscule ou aube,Hors agglomération,Hors intersection,Neige / grêle,Autre collision,3,2,2,0,2,1,2,0,3,80,1,2,1,0,0,1,18.0,,voiture,,2,1,1,4,6
202000024387,2020-01-19 16:00:00,2020,1,19,16,0,07,07096,D120,44.85994,4.562244,Plein jour,Hors agglomération,Hors intersection,Normale,Deux véhicules - frontale,3,2,2,0,1,4,1,0,1,80,2,5,1,0,1,3,82.0,73.0,voiture,voiture,1,1,1,1,1
202000024388,2020-01-18 17:35:00,2020,1,18,17,35,37,37038,D16,47.2825613,0.3320201,Crépuscule ou aube,Hors agglomération,Intersection en T,Normale,Deux véhicules - côté,3,2,2,0,1,3,1,0,1,70,2,3,2,0,0,1,44.0,25.0,voiture,deux_roues,2,1,3,1,3
202000024389,2020-01-19 12:50:00,2020,1,19,12,50,06,06085,Avenue Notre-dame de Vie,43.599765,7.003151,Plein jour,En agglomération,Intersection en T,Normale,Deux véhicules - côté,3,2,2,1,4,1,1,0,1,30,2,2,1,0,1,0,41.0,32.0,voiture,deux_roues,1,2,3,1,3
202000024390,2020-01-19 10:00:00,2020,1,19,10,0,49,49020,A11,47.494158,-0.622789,Plein jour,Hors agglomération,Hors intersection,Normale,Deux véhicules - côté,1,1,4,0,1,1,1,1,1,90,2,4,3,0,0,1,64.0,37.0,voiture,voiture,1,1,1,1,3
202000024391,2020-01-19 00:15:00,2020,1,19,0,15,988,98807,Tribu de Poindjap,-20.731191,164.904254,Nuit sans éclairage public,Hors agglomération,Hors intersection,Normale,Sans collision,4,2,2,0,1,1,1,0,8,70,1,3,0,0,1,2,21.0,,utilitaire_camion,,3,1,1,1,7
202000024392,2020-01-18 20:05:00,2020,1,18,20,5,78,78030,Rue de Vieille-eglise,48.673408,1.895077,Nuit sans éclairage public,Hors agglomération,Hors intersection,Normale,Sans collision,4,2,2,0,1,1,1,0,3,80,1,4,3,0,1,0,29.0,,voiture,,3,1,1,1,7
202000024393,2020-01-17 17:40:00,2020,1,17,17,40,05,05052,la Font,44.6760797,6.6405008,Nuit sans éclairage public,Hors agglomération,Hors intersection,Neige / grêle,Sans collision,4,2,2,0,1,4,5,0,3,50,1,1,0,0,1,0,30.0,,voiture,,3,1,1,4,7
202000024394,2020-01-18 23:06:00,2020,1,18,23,6,26,26002,A7,45.238664,4.845669,Nuit sans éclairage public,Hors agglomération,Hors intersection,Normale,Autre collision,1,2,3,0,2,1,1,0,2,130,1,2,0,1,0,1,21.0,,voiture,,3,1,1,1,6
202000024395,2020-01-19 05:59:00,2020,1,19,5,59,08,08110,Le Châtelet-sur-Sormonne,49.863561,4.510156,Nuit sans éclairage public,Hors agglomération,Hors intersection,Autre,Sans collision,1,3,4,0,1,1,7,0,1,110,1,1,0,1,0,0,28.0,,voiture,,3,1,1,9,7
202000024396,2020-01-19 03:50:00,2020,1,19,3,50,69,69246,D 96,45.9485201,4.5990541,Nuit sans éclairage public,Hors agglomération,Hors intersection,Normale,Autre collision,3,2,2,0,1,2,1,0,8,80,1,5,1,0,0,4,20.0,,voiture,,3,1,1,1,6
202000024397,2020-01-19 05:45:00,2020,1,19,5,45,69,69003,1 Quai Général de Gaulle,45.8760825,4.8353536,Nuit avec éclairage allumé,En agglomération,Hors intersection,Normale,Autre collision,3,2,2,0,1,1,2,0,1,50,1,3,0,0,0,3,27.0,,voiture,,5,2,1,1,6
202000024398,2020-01-18 18:40:00,2020,1,18,18,40,69,69089,22 Chemin du Fort,45.7313,4.7414,Nuit avec éclairage allumé,En agglomération,Hors intersection,Normale,Deux véhicules - frontale,4,2,2,0,1,3,1,0,1,50,2,2,0,0,0,2,34.0,27.0,voiture,voiture,5,2,1,1,1
202000024399,2020-01-18 15:45:00,2020,1,18,15,45,81,81099,53 Avenue Saint Exupery,43.8993598,1.8872959,Plein jour,En agglomération,Hors intersection,Normale,Deux véhicules - arrière,3,2,2,0,1,1,1,9,1,50,2,3,2,0,0,1,16.0,37.0,deux_roues,voiture,1,2,1,1,2
202000024400,2020-01-18 19:35:00,2020,1,18,19,35,81,81105,63 Avenue Victor Hugo,43.760107,1.993674,Nuit avec éclairage allumé,En agglomération,Hors intersection,Normale,Deux véhicules - arrière,4,2,2,0,1,1,1,0,1,50,2,2,0,0,1,1,40.0,,voiture,,5,2,1,1,2
202000024401,2020-01-18 12:00:00,2020,1,18,12,0,33,33243,2 cours des girondins,44.912657,-0.247554,Plein jour,En agglomération,Intersection en T,Normale,Autre collision,4,2,2,0,2,1,1,0,4,50,1,1,0,1,0,0,62.0,,voiture,,1,2,3,1,6
202000024402,2020-01-18 17:45:00,2020,1,18,17,45,50,50643,Le Cafe Cochon,49.577783,-1.708164,Plein jour,Hors agglomération,Hors intersection,Normale,Deux véhicules - frontale,3,2,2,0,2,1,1,0,1,80,2,3,2,0,1,0,68.0,42.0,voiture,voiture,1,1,1,1,1
202000024403,2020-01-19 07:50:00,2020,1,19,7,50,59,59044,123 Rue Louis Deffontaines,50.618513,3.233465,Crépuscule ou aube,En agglomération,Intersection en X,Normale,Autre collision,7,2,2,0,1,1,7,-1,1,50,1,2,1,0,1,0,29.0,,voiture,,2,2,2,1,6
202000024404,2020-01-18 15:18:00,2020,1,18,15,18,13,13026,A55-Sens Marseille vers Martigues,43.4026854,5.1142161,Plein jour,Hors agglomération,Hors intersection,Normale,Deux véhicules - arrière,1,-1,2,0,1,2,1,0,1,110,2,2,1,0,0,1,47.0,37.0,voiture,utilitaire_camion,1,1,1,1,2
202000024405,2020-01-18 07:30:00,2020,1,18,7,30,54,54528,Autoroute A 31,48.68155,5.91348,Nuit sans éclairage public,Hors agglomération,Hors intersection,Normale,Deux véhicules - frontale,1,2,2,0,1,1,1,0,1,80,2,2,0,0,1,1,24.0,26.0,voiture,voiture,3,1,1,1,1
202000024406,2020-01-18 11:15:00,2020,1,18,11,15,91,91617,RN 104,48.6394,2.535,Plein jour,Hors agglomération,Hors intersection,Normale,Sans collision,2,1,2,0,4,2,1,0,1,70,1,1,0,0,0,1,33.0,,deux_roues,,1,1,1,1,7
202000024407,2020-01-18 19:15:00,2020,1,18,19,15,93,93053,AUTOROUTE A3,48.88342,2.45855,Nuit sans éclairage public,Hors agglomération,Hors intersection,Normale,Deux véhicules - côté,1,3,7,0,1,3,1,0,1,90,2,3,1,0,0,2,31.0,50.0,voiture,deux_roues,3,1,1,1,3
202000024408,2020-01-18 17:00:00,2020,1,18,17,0,93,93066,AUTOROUTE A1,48.92924,2.36169,Plein jour,Hors agglomération,Hors intersection,Normale,Trois véhicules et plus - collisions multiples,1,3,10,0,3,2,1,0,1,50,3,4,3,0,0,1,22.0,28.0,voiture,voiture,1,1,1,1,5
202000024409,2020-01-17 21:25:00,2020,1,17,21,25,95,95241,RN 104,49.04575,2.45102,Nuit sans éclairage public,Hors agglomération,Hors intersection,Normale,Autre collision,2,3,4,0,1,2,1,0,1,110,1,1,0,0,0,1,34.0,,voiture,,3,1,1,1,6
202000024410,2020-01-17 09:20:00,2020,1,17,9,20,93,93064,AUTOROUTE A86,48.87583,2.47842,Plein jour,Hors agglomération,Hors intersection,Pluie légère,Deux véhicules - arrière,1,3,8,0,1,1,2,0,1,90,2,2,1,0,0,1,49.0,28.0,voiture,deux_roues,1,1,1,2,2
202000024411,2020-01-17 12:20:00,2020,1,17,12,20,93,93078,AUTOROUTE A104,48.96165,2.54515,Plein jour,Hors agglomération,Hors intersection,Normale,Deux véhicules - arrière,1,3,6,0,1,1,2,0,1,110,2,2,1,0,0,1,43.0,24.0,voiture,voiture,1,1,1,1,2
202000024412,2020-01-17 09:13:00,2020,1,17,9,13,94,94028,A86 INT,48.7941122,2.4417939,Crépuscule ou aube,Hors agglomération,Hors intersection,Pluie légère,Deux véhicules - arrière,1,3,3,0,1,2,2,0,1,90,2,1,0,0,0,1,36.0,,voiture,,2,1,1,2,2