accident_id,datetime,annee,mois,jour,heure,minute,departement,commune_insee,adresse,latitude,longitude,luminosite,agglomeration,intersection,meteo,collision,catr,circ,nbv,vosp,prof,plan,surf,infra,situ,vma,nb_vehicules,nb_usagers,nb_indemnes,nb_tues,nb_blesses_hosp,nb_blesses_legers,age_cond_1,age_cond_2,veh_type_cond_1,veh_type_cond_2,lum_code,agg_code,int_code,atm_code,col_code
202000024413,2020-01-16 18:00:00,2020,1,16,18,0,988,98818,RUE JACQUES IEKAWE,-22.24702,166.46114,Plein jour,En agglomération,Hors intersection,Normale,Deux véhicules - côté,4,2,2,0,3,1,1,9,1,50,2,2,1,0,0,1,30.0,55.0,deux_roues,utilitaire_camion,1,2,1,1,3
202000024414,2020-01-17 21:00:00,2020,1,17,21,0,69,69383,FELIX FAURE                         (AV),45.7531,4.8548,Nuit avec éclairage allumé,En agglomération,Place,Normale,Autre collision,4,1,4,1,1,1,1,0,5,50,1,1,0,0,0,1,,,,,5,2,7,1,6
202000024415,2020-01-17 17:45:00,2020,1,17,17,45,69,69383,AUBIGNY (D')                        (R ),45.76128,4.86656,Crépuscule ou aube,En agglomération,Intersection en X,Pluie légère,Autre collision,4,2,2,0,1,1,2,0,1,50,1,2,1,0,0,1,26.0,,deux_roues,,2,2,2,2,6
202000024416,2020-01-17 10:10:00,2020,1,17,10,10,69,69383,GENAS (DE)                          (RO),45.7545523,4.8815269,Plein jour,En agglomération,Hors intersection,Pluie légère,Autre collision,4,1,1,0,1,1,2,0,1,50,1,1,0,0,0,1,41.0,,deux_roues,,1,2,1,2,6
202000024417,2020-01-17 21:00:00,2020,1,17,21,0,69,69149,CLAUDE MICHEL                       (R ),45.71816,4.8033,Nuit avec éclairage allumé,En agglomération,Intersection en X,Normale,Deux véhicules - côté,4,2,2,0,2,1,2,5,1,50,2,5,4,0,0,1,58.0,33.0,voiture,voiture,5,2,2,1,3
202000024418,2020-01-11 12:40:00,2020,1,11,12,40,69,69382,CHARLEMAGNE                         (CO),45.74263,4.82076,Plein jour,En agglomération,Passage à niveau,Normale,Deux véhicules - côté,4,2,10,3,1,1,1,4,6,50,2,2,1,0,1,0,29.0,37.0,deux_roues,transport_commun,1,2,8,1,3
202000024419,2020-01-17 05:04:00,2020,1,17,5,4,69,69382,Rue Président Edouard Herriot,45.76487,4.83429,Nuit avec éclairage allumé,En agglomération,Autre intersection,Normale,Deux véhicules - côté,4,1,1,0,1,1,1,5,1,50,2,2,1,0,0,1,20.0,24.0,voiture,deux_roues,5,2,9,1,3
202000024420,2020-01-17 19:00:00,2020,1,17,19,0,95,95019,VAILLANT CHARLES (AVENUE),48.98593,2.41097,Nuit sans éclairage public,En agglomération,Giratoire,Pluie légère,Deux véhicules - arrière,3,2,2,0,1,3,2,0,1,50,2,5,4,0,0,1,39.0,23.0,voiture,utilitaire_camion,3,2,6,2,2
202000024421,2020-01-17 15:15:00,2020,1,17,15,15,95,95277,route deparementale 370,48.971,2.46327,Plein jour,Hors agglomération,Hors intersection,Normale,Deux véhicules - frontale,3,2,2,0,1,1,1,0,1,80,2,2,1,0,0,1,33.0,33.0,voiture,voiture,1,1,1,1,1
202000024422,2020-01-17 21:20:00,2020,1,17,21,20,91,91421,ANCOLIES (ALLEE DES),48.70307,2.43998,Nuit avec éclairage allumé,En agglomération,Giratoire,Normale,Deux véhicules - côté,4,1,1,0,1,2,1,5,1,30,2,3,2,0,0,1,17.0,65.0,deux_roues,voiture,5,2,6,1,3
202000024423,2020-01-16 18:00:00,2020,1,16,18,0,90,90032,,47.6249252,6.8607414,Nuit avec éclairage allumé,En agglomération,Autre intersection,Normale,Deux véhicules - frontale,3,3,5,0,1,1,1,0,1,50,2,2,1,0,1,0,20.0,54.0,deux_roues,voiture,5,2,9,1,1
202000024424,2020-01-17 07:45:00,2020,1,17,7,45,87,87085,278 PERRIN (RUE FRANCOIS),45.82482,1.2291,Nuit avec éclairage allumé,En agglomération,Hors intersection,Normale,Autre collision,4,2,2,0,1,1,2,0,1,50,1,2,1,0,0,1,57.0,,voiture,,5,2,1,1,6
202000024425,2020-01-16 08:10:00,2020,1,16,8,10,86,86194,Rue de la Roche,46.5877,0.3304,Nuit avec éclairage allumé,En agglomération,Hors intersection,Normale,Autre collision,4,2,2,0,2,1,1,0,1,30,1,2,1,0,1,0,53.0,,transport_commun,,5,2,1,1,6
202000024426,2020-01-16 14:15:00,2020,1,16,14,15,83,83069,DECUGIS (AVENUE ALFRED),43.10555,6.17588,Plein jour,En agglomération,Autre intersection,Normale,Deux véhicules - côté,3,2,2,1,1,1,1,5,1,30,2,2,1,0,0,1,55.0,41.0,deux_roues,deux_roues,1,2,9,1,3
202000024427,2020-07-09 15:15:00,2020,7,9,15,15,34,34172,MARES (AVENUE HENRI),43.62006,3.85203,Plein jour,En agglomération,Hors intersection,Normale,Deux véhicules - côté,4,2,4,1,2,1,1,0,1,50,2,5,1,0,2,2,24.0,57.0,voiture,deux_roues,1,2,1,1,3
202000024428,2020-07-09 02:50:00,2020,7,9,2,50,34,34172,BERTHELOT (BOULEVARD),43.60042,3.87088,Nuit avec éclairage allumé,En agglomération,Hors intersection,Normale,Autre collision,4,2,2,1,1,3,1,0,1,50,1,1,0,0,1,0,27.0,,voiture,,5,2,1,1,6
202000024429,2020-07-08 18:00:00,2020,7,8,18,0,33,33281,94 Avenue de Saint-Médard / Rue de la Renaissance,44.86256,-0.64774,Plein jour,En agglomération,Intersection en T,Normale,Trois véhicules et plus - en chaîne,4,2,4,2,1,1,1,0,1,50,4,3,2,0,0,1,67.0,90.0,voiture,voiture,1,2,3,1,4
202000024430,2020-07-09 18:00:00,2020,7,9,18,0,33,33119,BD ENTRE-DEUX-MERS / RUE ANATOLE FRANCE,44.84613,-0.53507,Plein jour,En agglomération,Intersection en T,Normale,Deux véhicules - côté,4,3,5,0,2,1,1,5,1,50,2,2,0,0,0,2,31.0,27.0,voiture,deux_roues,1,2,3,1,3
202000024431,2020-07-08 00:25:00,2020,7,8,0,25,33,33063,QUAI LOUIS XVIII,44.84794,-0.57056,Nuit avec éclairage allumé,Hors agglomération,Hors intersection,Normale,Deux véhicules - arrière,4,2,10,-1,1,1,1,0,1,50,2,1,0,0,1,0,16.0,,deux_roues,,5,1,1,1,2
202000024432,2020-07-09 11:25:00,2020,7,9,11,25,33,33529,LIGNON (BD LOUIS),44.63345,-1.17584,Plein jour,Hors agglomération,Hors intersection,Normale,Deux véhicules - côté,3,2,2,0,1,1,1,0,1,80,2,2,1,0,0,1,52.0,72.0,deux_roues,voiture,1,1,1,1,3
202000024433,2020-07-09 11:30:00,2020,7,9,11,30,33,33529,LAGRUA (RUE),44.63911,-1.15439,Plein jour,En agglomération,Hors intersection,Normale,Deux véhicules - frontale,4,2,2,0,1,1,1,0,1,50,2,2,1,0,0,1,29.0,49.0,deux_roues,voiture,1,2,1,1,1
202000024434,2020-07-08 21:45:00,2020,7,8,21,45,31,31555,ALLEE MAGINOT,43.5718564,1.4028858,Nuit avec éclairage allumé,En agglomération,Hors intersection,Normale,Autre collision,4,2,2,0,1,1,1,0,1,50,1,2,0,0,0,2,27.0,,deux_roues,,5,2,1,1,6
202000024435,2020-07-07 13:30:00,2020,7,7,13,30,22,22278,FERRY (JULES),48.50162,-2.76932,Plein jour,En agglomération,Intersection en X,Normale,Deux véhicules - côté,4,2,2,0,1,1,1,0,1,30,2,2,0,0,0,2,46.0,33.0,transport_commun,voiture,1,2,2,1,3
202000024436,2020-07-08 22:20:00,2020,7,8,22,20,18,18033,Rue de Turly,47.0974,2.4134,Crépuscule ou aube,En agglomération,Intersection en X,Normale,Deux véhicules - côté,4,2,2,2,1,1,1,0,1,50,2,6,3,0,1,2,23.0,32.0,voiture,deux_roues,2,2,2,1,3
202000024437,2020-07-09 13:30:00,2020,7,9,13,30,13,13206,PIERRE PUGET (COURS),43.29011,5.37483,Plein jour,En agglomération,Hors intersection,Normale,Autre collision,6,1,1,0,2,1,1,0,1,50,1,2,1,0,0,1,44.0,,voiture,,1,2,1,1,6
202000024438,2020-07-09 08:00:00,2020,7,9,8,0,13,13203,ROGER SALENGRO (AVENUE),43.319081,5.367645,Plein jour,En agglomération,Intersection en X,Normale,,4,2,2,0,2,1,1,5,1,50,2,2,1,0,0,1,33.0,24.0,voiture,deux_roues,1,2,2,1,-1
202000024439,2020-07-09 08:41:00,2020,7,9,8,41,13,13208,HAMBOURG (BOULEVARD),43.25,5.3894,Plein jour,En agglomération,Hors intersection,Normale,Autre collision,4,2,4,0,1,1,1,0,1,50,1,2,1,1,0,0,76.0,,voiture,,1,2,1,1,6
202000024440,2020-07-09 07:45:00,2020,7,9,7,45,13,13207,CORDERIE (BOULEVARD DE LA),43.29045,5.37029,Plein jour,En agglomération,Intersection en Y,Normale,Deux véhicules - arrière,4,2,4,0,1,1,1,0,1,50,2,3,2,0,0,1,31.0,25.0,voiture,voiture,1,2,4,1,2
202000024441,2020-07-09 02:15:00,2020,7,9,2,15,13,13208,MENDES FRANCE (AVENUE),43.2515,5.3758,Nuit avec éclairage allumé,En agglomération,Hors intersection,Normale,Autre collision,4,1,2,0,1,1,1,0,1,50,1,2,0,0,0,2,20.0,,deux_roues,,5,2,1,1,6
202000024442,2020-07-09 00:00:00,2020,7,9,0,0,13,13207,Corniche John Fitzgérald Kennedy,43.26893,5.36966,Nuit avec éclairage allumé,En agglomération,Hors intersection,Normale,Deux véhicules - arrière,4,3,4,0,2,2,1,0,1,50,2,3,2,0,0,1,31.0,36.0,voiture,deux_roues,5,2,1,1,2
202000024443,2020-07-08 16:20:00,2020,7,8,16,20,13,13203,LEVAT (RUE),43.3103055,5.3853916,Plein jour,En agglomération,Intersection en X,Normale,Deux véhicules - côté,4,1,1,0,1,1,1,0,1,50,2,2,1,0,0,1,52.0,21.0,utilitaire_camion,voiture,1,2,2,1,3
202000024444,2020-07-08 06:55:00,2020,7,8,6,55,10,10387,FRANCOIS SERQUEIL (RUE),48.307,4.0805,Plein jour,En agglomération,Hors intersection,Temps éblouissant,Deux véhicules - côté,4,2,2,0,4,1,1,0,1,50,2,2,1,0,0,1,35.0,30.0,deux_roues,voiture,1,2,1,7,3
202000024445,2020-07-09 11:25:00,2020,7,9,11,25,06,06027,CANNES AVENUE DE (RN7),43.6492,7.14049,Plein jour,En agglomération,Hors intersection,Normale,Autre collision,4,1,2,0,1,1,1,0,3,70,1,1,0,0,0,1,59.0,,voiture,,1,2,1,1,6
202000024446,2020-07-09 09:20:00,2020,7,9,9,20,06,06027,FRENES RUE DES,43.659457,7.150817,Plein jour,En agglomération,Intersection en X,Normale,Autre collision,4,2,2,0,1,1,1,0,1,50,1,2,1,0,0,1,51.0,,voiture,,1,2,2,1,6
202000024447,2020-07-08 09:00:00,2020,7,8,9,0,02,02243,Maurice DUPUIS (Rue),49.40184,3.35121,Plein jour,En agglomération,Hors intersection,Normale,Autre collision,4,2,2,0,1,1,1,0,4,50,1,1,0,0,1,0,30.0,,voiture,,1,2,1,1,6
202000024448,2020-07-09 09:55:00,2020,7,9,9,55,75,75120,BOULEVARD PERIPHERIQUE,48.875298,2.410363,Plein jour,En agglomération,Intersection en Y,Normale,Deux véhicules - arrière,4,1,4,0,1,1,1,0,1,70,2,2,0,0,0,2,37.0,59.0,voiture,voiture,1,2,4,1,2
202000024449,2020-07-08 01:00:00,2020,7,8,1,0,75,75113,PORTE D ITALIE,48.81662,2.364464,Nuit avec éclairage allumé,En agglomération,Intersection en Y,Normale,Deux véhicules - côté,4,1,3,0,1,3,1,0,1,70,2,6,0,0,3,3,31.0,34.0,voiture,voiture,5,2,4,1,3
202000024450,2020-07-09 12:04:00,2020,7,9,12,4,75,75107,RUE DE SEVRES,48.847739,2.319106,Plein jour,En agglomération,Intersection en T,Normale,Autre collision,4,2,2,0,1,1,1,0,1,30,1,2,1,0,0,1,56.0,,utilitaire_camion,,1,2,3,1,6
202000024451,2020-07-09 11:47:00,2020,7,9,11,47,75,75106,RUE DE L ABBE GREGOIRE,48.848536,2.324601,Plein jour,En agglomération,Intersection en X,Normale,Autre collision,4,2,2,0,1,1,1,0,1,30,1,2,1,0,0,1,54.0,,utilitaire_camion,,1,2,2,1,6
202000024452,2020-07-09 10:25:00,2020,7,9,10,25,75,75120,RUE DE MENILMONTANT,48.868667,2.389649,Plein jour,En agglomération,Intersection en T,Normale,Autre collision,4,2,2,0,2,1,1,0,1,50,1,2,1,0,0,1,28.0,,voiture,,1,2,3,1,6
202000024453,2020-07-09 16:15:00,2020,7,9,16,15,75,75119,RUE DE MOUZAIA,48.880083,2.390956,Plein jour,En agglomération,Hors intersection,Normale,Sans collision,4,2,2,0,2,1,1,0,1,30,1,1,0,0,1,0,50.0,,deux_roues,,1,2,1,1,7
202000024454,2020-07-09 21:30:00,2020,7,9,21,30,75,75118,RUE ORDENER,48.890403,2.355827,Crépuscule ou aube,En agglomération,Intersection en T,Normale,Deux véhicules - côté,4,2,2,0,1,1,1,0,1,50,2,2,1,0,0,1,35.0,15.0,voiture,deux_roues,2,2,3,1,3
202000024455,2020-07-09 21:15:00,2020,7,9,21,15,75,75117,RUE DE ROME,48.884009,2.318513,Plein jour,En agglomération,Intersection en X,Normale,,4,2,2,0,1,1,1,0,1,50,2,2,1,0,0,1,22.0,33.0,deux_roues,voiture,1,2,2,1,-1
202000024456,2020-07-09 17:10:00,2020,7,9,17,10,75,75116,AVENUE FOCH,48.873162,2.284453,Plein jour,En agglomération,Intersection en X,Normale,Deux véhicules - côté,4,3,1,0,1,1,1,0,1,50,2,1,0,0,0,1,36.0,,deux_roues,,1,2,2,1,3
202000024457,2020-07-08 18:20:00,2020,7,8,18,20,75,75116,AVENUE DE L HIPPODROME,48.858564,2.244883,Plein jour,En agglomération,Intersection en X,Normale,Deux véhicules - côté,4,2,2,0,1,1,1,0,1,50,2,3,1,0,0,2,31.0,24.0,deux_roues,voiture,1,2,2,1,3
202000024458,2020-07-09 14:25:00,2020,7,9,14,25,75,75115,RUE TIPHAINE,48.848885,2.296215,Plein jour,En agglomération,Hors intersection,Normale,Deux véhicules - frontale,4,2,2,0,1,1,1,0,1,30,2,2,0,0,0,2,46.0,38.0,deux_roues,deux_roues,1,2,1,1,1
202000024459,2020-07-09 22:50:00,2020,7,9,22,50,75,75114,RUE JEAN ZAY,48.837561,2.322393,Nuit avec éclairage allumé,En agglomération,Intersection en T,Normale,Deux véhicules - côté,4,2,3,0,1,1,1,0,1,50,2,2,1,0,0,1,39.0,36.0,voiture,deux_roues,5,2,3,1,3
202000024460,2020-07-09 16:15:00,2020,7,9,16,15,75,75114,RUE MONTBRUN,48.828887,2.330063,Plein jour,En agglomération,Intersection en X,Normale,Deux véhicules - côté,4,2,2,0,1,1,1,0,1,30,2,2,1,0,0,1,26.0,52.0,deux_roues,voiture,1,2,2,1,3
202000024461,2020-07-09 12:00:00,2020,7,9,12,0,75,75114,BOULEVARD JOURDAN,48.820633,2.337783,Plein jour,En agglomération,Hors intersection,Normale,Deux véhicules - arrière,4,3,2,0,1,1,1,0,1,50,2,2,1,0,0,1,64.0,29.0,voiture,deux_roues,1,2,1,1,2
202000024462,2020-07-08 23:13:00,2020,7,8,23,13,75,75113,BOULEVARD ARAGO,48.834881,2.34307,Nuit sans éclairage public,En agglomération,Hors intersection,Normale,Deux véhicules - côté,4,2,2,0,2,1,1,0,1,50,2,2,1,0,0,1,79.0,31.0,voiture,deux_roues,3,2,1,1,3
202000024463,2020-07-09 13:57:00,2020,7,9,13,57,75,75112,BOULEVARD DIDEROT,48.846445,2.378947,Plein jour,En agglomération,Intersection en X,Normale,Deux véhicules - côté,4,2,4,0,1,1,1,0,1,50,2,2,1,0,0,1,45.0,29.0,deux_roues,deux_roues,1,2,2,1,3
202000024464,2020-07-09 07:22:00,2020,7,9,7,22,75,75111,BOULEVARD VOLTAIRE,48.854685,2.38533,Plein jour,En agglomération,Intersection en X,Temps éblouissant,Deux véhicules - côté,4,2,3,1,1,1,1,-1,5,50,2,2,1,0,0,1,28.0,62.0,voiture,deux_roues,1,2,2,7,3
202000024465,2020-07-09 17:45:00,2020,7,9,17,45,75,75110,RUE DU CHATEAU LANDON,48.883783,2.364317,Plein jour,En agglomération,Intersection en T,Normale,Autre collision,4,2,3,0,2,1,1,0,1,50,1,2,1,0,0,1,27.0,,voiture,,1,2,3,1,6
202000024466,2020-07-09 14:24:00,2020,7,9,14,24,75,75110,AVENUE CLAUDE VELLEFAUX,48.876706,2.370305,Plein jour,En agglomération,Hors intersection,Normale,Deux véhicules - côté,4,2,2,0,2,1,1,0,1,50,2,2,1,0,0,1,48.0,26.0,voiture,deux_roues,1,2,1,1,3
202000024467,2020-07-09 10:15:00,2020,7,9,10,15,75,75110,BOULEVARD DE LA VILLETTE,48.879207,2.370096,Plein jour,En agglomération,Hors intersection,Normale,Deux véhicules - côté,4,3,2,1,1,1,1,-1,5,50,2,2,1,0,0,1,34.0,65.0,deux_roues,utilitaire_camion,1,2,1,1,3
202000024468,2020-07-08 16:10:00,2020,7,8,16,10,75,75109,BOULEVARD DE CLICHY,48.881935,2.339636,Plein jour,En agglomération,Intersection en X,Normale,Deux véhicules - côté,4,1,1,0,2,1,1,0,1,50,2,2,1,0,0,1,35.0,31.0,voiture,deux_roues,1,2,2,1,3
202000024469,2020-07-09 22:25:00,2020,7,9,22,25,75,75108,RUE DU FAUBOURG SAINT HONORE,48.873317,2.309535,Crépuscule ou aube,En agglomération,Hors intersection,Normale,Deux véhicules - côté,4,1,2,0,1,1,1,0,1,50,2,2,1,0,0,1,46.0,51.0,deux_roues,voiture,2,2,1,1,3
202000024470,2020-07-08 09:10:00,2020,7,8,9,10,75,75107,BOULEVARD SAINT GERMAIN,48.861153,2.320671,Plein jour,En agglomération,Intersection en T,Normale,Deux véhicules - côté,4,1,3,0,1,1,1,-1,6,50,2,2,1,0,0,1,41.0,30.0,utilitaire_camion,deux_roues,1,2,3,1,3
202000024471,2020-07-09 16:55:00,2020,7,9,16,55,94,94076,MAXIME GORKI (BD),48.78885,2.36848,Plein jour,En agglomération,Hors intersection,Normale,Deux véhicules - arrière,3,2,2,0,1,1,1,0,1,50,2,2,1,0,0,1,52.0,35.0,voiture,transport_commun,1,2,1,1,2
202000024472,2020-07-08 07:45:00,2020,7,8,7,45,94,94076,PARIS (AV DE),48.805709,2.363703,Plein jour,En agglomération,Intersection en X,Normale,Deux véhicules - côté,3,2,4,2,1,1,1,5,5,50,2,2,1,0,0,1,70.0,70.0,voiture,deux_roues,1,2,2,1,3
202000024473,2020-07-09 21:25:00,2020,7,9,21,25,94,94034,DIVISION LECLERC (AV DE LA),48.7591,2.3247,Plein jour,En agglomération,Hors intersection,Normale,Autre collision,3,1,0,0,2,1,1,0,1,50,1,2,1,0,0,1,24.0,,voiture,,1,2,1,1,6
202000024474,2020-07-09 05:15:00,2020,7,9,5,15,94,94028,avenue de la POMPADOUR,48.7736,2.4367,Nuit sans éclairage public,En agglomération,Hors intersection,Normale,Sans collision,3,3,2,0,2,1,1,2,1,50,1,1,0,0,0,1,58.0,,deux_roues,,3,2,1,1,7
202000024475,2020-07-08 02:10:00,2020,7,8,2,10,94,94054,CHARLES TILLON (route),48.7463219,2.3774618,Nuit avec éclairage allumé,En agglomération,Intersection en T,Normale,Deux véhicules - côté,3,2,2,0,1,1,1,0,1,50,2,3,2,0,1,0,21.0,22.0,deux_roues,utilitaire_camion,5,2,3,1,3
202000024476,2020-07-09 18:00:00,2020,7,9,18,0,94,94017,SONIA DE LAUNAY (VOI),48.81219,2.53402,Plein jour,En agglomération,Intersection en T,Normale,Deux véhicules - côté,3,2,2,0,2,1,1,0,1,50,2,2,1,0,0,1,41.0,71.0,deux_roues,voiture,1,2,3,1,3
202000024477,2020-07-09 00:55:00,2020,7,9,0,55,94,94017,GENERAL DE GAULLE (AV DU),48.824919,2.500891,Nuit avec éclairage allumé,En agglomération,Hors intersection,Normale,Deux véhicules - arrière,3,2,2,0,1,1,1,0,1,50,2,2,1,0,0,1,57.0,26.0,voiture,deux_roues,5,2,1,1,2
202000024478,2020-07-08 11:00:00,2020,7,8,11,0,94,94002,PAQUERETTES (R DES),48.7977545,2.4258548,Plein jour,En agglomération,Intersection en X,Normale,Deux véhicules - côté,4,1,1,1,1,1,1,0,1,50,2,2,1,0,0,1,63.0,27.0,voiture,deux_roues,1,2,2,1,3
202000024479,2020-07-09 00:43:00,2020,7,9,0,43,93,93066,WILSON (AVENUE DU PRESIDENT),48.91661,2.35732,Nuit avec éclairage allumé,En agglomération,Autre intersection,Normale,Deux véhicules - frontale,3,2,5,3,1,1,1,9,1,50,2,5,1,0,0,4,27.0,34.0,utilitaire_camion,utilitaire_camion,5,2,9,1,1
202000024480,2020-07-07 09:00:00,2020,7,7,9,0,93,93005,JACQUES DUCLOS [CD44] (RUE),48.9427607,2.4968185,Plein jour,En agglomération,Hors intersection,Normale,Deux véhicules - arrière,3,1,1,0,1,1,1,0,1,50,2,2,1,0,0,1,42.0,39.0,voiture,voiture,1,2,1,1,2
202000024481,2020-07-09 20:55:00,2020,7,9,20,55,93,93070,CAPITAINE-GLARNER (AV),48.9040728,2.3290492,Plein jour,En agglomération,Hors intersection,Normale,Deux véhicules - frontale,4,2,2,0,2,1,1,0,1,50,2,1,0,0,0,1,34.0,,deux_roues,,1,2,1,1,1
202000024482,2020-07-09 21:19:00,2020,7,9,21,19,93,93077,NOISY (ROUTE DE) JUSQU'AU 45 ET 50,48.8832344,2.4973023,Plein jour,En agglomération,Autre intersection,Normale,,3,-1,3,0,1,1,1,0,1,50,2,1,0,0,1,0,33.0,,deux_roues,,1,2,9,1,-1
202000024483,2020-07-09 07:20:00,2020,7,9,7,20,93,93050,PAUL ET CAMILLE THOMOUX (RUE) COTE PAIR,48.8652949,2.529432,Plein jour,En agglomération,Intersection en X,Normale,Deux véhicules - côté,3,2,2,0,1,1,1,0,1,50,2,2,0,0,0,2,30.0,51.0,voiture,voiture,1,2,2,1,3
202000024484,2020-07-09 14:38:00,2020,7,9,14,38,93,93014,POSTES (CHEMIN DES),48.908294,2.533197,Plein jour,En agglomération,Intersection à plus de 4 branches,Normale,Deux véhicules - côté,3,3,2,1,2,1,1,0,1,50,2,2,1,0,0,1,35.0,68.0,deux_roues,voiture,1,2,5,1,3
202000024485,2020-07-03 22:30:00,2020,7,3,22,30,93,93008,PARIS (RUE DE),48.9015721,2.4577029,Nuit avec éclairage allumé,En agglomération,Hors intersection,Normale,Autre collision,3,3,4,0,1,1,1,8,1,50,1,1,0,1,0,0,52.0,,deux_roues,,5,2,1,1,6
202000024486,2020-07-09 12:00:00,2020,7,9,12,0,93,93001,HAIE COQ (RUE DE LA ) => 91/92,48.9045282,2.3723623,Plein jour,En agglomération,Hors intersection,Normale,Deux véhicules - côté,4,1,2,0,1,1,1,0,1,30,2,2,1,0,0,1,52.0,20.0,voiture,autre,1,2,1,1,3
202000024487,2020-07-09 19:00:00,2020,7,9,19,0,92,92046,GABRIEL PERI,48.81921,2.30078,Plein jour,En agglomération,Hors intersection,Normale,Autre collision,3,2,2,0,1,1,1,0,1,50,1,2,1,0,0,1,33.0,,deux_roues,,1,2,1,1,6
202000024488,2020-07-09 08:30:00,2020,7,9,8,30,92,92033,HENRI REGNAULT,48.8464286,2.1893233,Plein jour,En agglomération,Intersection en T,Normale,Deux véhicules - côté,4,1,1,0,2,1,1,0,1,50,2,3,1,0,0,2,61.0,44.0,voiture,deux_roues,1,2,3,1,3
202000024489,2020-03-03 16:40:00,2020,3,3,16,40,92,92044,RIVAY(RUE)97A107 ET 96A108,48.9003817,2.2847378,Plein jour,En agglomération,Hors intersection,Normale,Deux véhicules - côté,4,1,1,0,1,1,1,0,1,50,2,2,1,0,0,1,57.0,10.0,voiture,deux_roues,1,2,1,1,3
202000024490,2020-07-08 07:30:00,2020,7,8,7,30,92,92036,MARCEL PAUL (AVENUE) (2/50),48.936805,2.30405,Plein jour,En agglomération,Intersection en X,Normale,Autre collision,3,3,4,1,1,1,1,0,1,50,1,2,0,0,0,2,31.0,,deux_roues,,1,2,2,1,6
202000024491,2020-07-08 23:30:00,2020,7,8,23,30,92,92026,MARECHAL JOFFRE (QUAI DU),48.9007,2.27514,Nuit avec éclairage allumé,En agglomération,Intersection en T,Normale,Deux véhicules - côté,3,3,4,0,1,1,1,0,1,50,2,2,1,0,0,1,43.0,20.0,voiture,voiture,5,2,3,1,3
202000024492,2020-06-29 15:24:00,2020,6,29,15,24,92,92012,CHATEAU (RUE DU) 127/FIN - 133/FIN,48.841829,2.237973,Plein jour,En agglomération,Hors intersection,Normale,Deux véhicules - côté,3,2,0,0,1,1,1,0,1,50,2,2,1,0,0,1,32.0,48.0,deux_roues,voiture,1,2,1,1,3
202000024493,2020-03-07 02:30:00,2020,3,7,2,30,92,92004,ARGENTEUIL AV D',48.91382,2.28356,Nuit avec éclairage allumé,En agglomération,Hors intersection,Pluie légère,Sans collision,3,2,2,0,2,1,2,0,1,50,1,1,0,0,0,1,40.0,,voiture,,5,2,1,2,7
202000024494,2020-07-08 19:35:00,2020,7,8,19,35,35,35328,Tregaret,47.767964,-2.106342,Plein jour,Hors agglomération,Hors intersection,Normale,Sans collision,3,2,2,0,1,1,1,0,3,80,1,1,0,0,0,1,40.0,,deux_roues,,1,1,1,1,7
202000024495,2020-07-09 19:20:00,2020,7,9,19,20,26,26031,1175 Route de Puygiron,44.547711,4.84688,Plein jour,Hors agglomération,Hors intersection,Normale,Deux véhicules - côté,3,2,2,0,1,1,1,0,1,80,2,5,4,0,1,0,58.0,40.0,voiture,deux_roues,1,1,1,1,3
202000024496,2020-07-08 20:17:00,2020,7,8,20,17,67,67371,D178,48.845231,7.317796,Crépuscule ou aube,Hors agglomération,Hors intersection,Normale,Autre collision,3,2,2,0,2,2,1,0,1,80,1,3,1,1,1,0,23.0,,voiture,,2,1,1,1,6
202000024497,2020-07-08 05:00:00,2020,7,8,5,0,06,06149,149 Route de Laghet,43.74768,7.333079,Crépuscule ou aube,En agglomération,Hors intersection,Normale,Deux véhicules - côté,7,2,2,0,2,2,1,0,1,50,2,4,3,0,0,1,22.0,50.0,voiture,voiture,2,2,1,1,3
202000024498,2020-07-10 17:30:00,2020,7,10,17,30,43,43080,42 Faubourg Constant,45.331203,3.846197,Plein jour,En agglomération,Hors intersection,Normale,Autre collision,3,2,2,0,1,1,1,0,4,50,1,2,1,0,1,0,18.0,,voiture,,1,2,1,1,6
202000024499,2020-07-07 18:00:00,2020,7,7,18,0,84,84116,D938,44.262132,5.10043,Plein jour,Hors agglomération,Hors intersection,Normale,Sans collision,3,2,2,0,1,3,1,0,8,80,1,1,0,0,1,0,34.0,,voiture,,1,1,1,1,7
202000024500,2020-07-10 00:30:00,2020,7,10,0,30,81,81139,Route de Castres,43.713247,2.116724,Nuit sans éclairage public,Hors agglomération,Hors intersection,Normale,Autre collision,3,2,2,0,1,2,1,0,3,80,1,3,1,0,1,1,21.0,,voiture,,3,1,1,1,6
202000024501,2020-07-06 16:00:00,2020,7,6,16,0,67,67430,D253,48.3304393,7.3737456,Plein jour,Hors agglomération,Hors intersection,Normale,Sans collision,3,2,2,0,1,2,1,0,3,80,1,2,0,0,2,0,33.0,,deux_roues,,1,1,1,1,7
202000024502,2020-07-09 09:15:00,2020,7,9,9,15,972,97232,47 Rue Victor Hugo,14.544119,-60.843707,Plein jour,En agglomération,Autre intersection,Normale,Autre collision,2,3,1,0,2,1,1,6,1,50,1,2,1,0,1,0,50.0,,utilitaire_camion,,1,2,9,1,6
202000024503,2020-07-09 23:20:00,2020,7,9,23,20,46,46263,D653,44.359895,1.242441,Nuit sans éclairage public,Hors agglomération,Hors intersection,Normale,Autre collision,3,2,2,0,1,2,1,0,8,80,1,1,0,1,0,0,45.0,,voiture,,3,1,1,1,6
202000024504,2020-07-09 19:10:00,2020,7,9,19,10,01,01354,Route de Meyrin,46.239313,6.034832,Plein jour,Hors agglomération,Giratoire,Normale,Deux véhicules - côté,3,2,2,2,1,1,1,0,5,80,2,2,1,0,1,0,36.0,26.0,voiture,deux_roues,1,1,6,1,3