accident_id,datetime,annee,mois,jour,heure,minute,departement,commune_insee,adresse,latitude,longitude,luminosite,agglomeration,intersection,meteo,collision,catr,circ,nbv,vosp,prof,plan,surf,infra,situ,vma,nb_vehicules,nb_usagers,nb_indemnes,nb_tues,nb_blesses_hosp,nb_blesses_legers,age_cond_1,age_cond_2,veh_type_cond_1,veh_type_cond_2,lum_code,agg_code,int_code,atm_code,col_code
202000024599,2020-07-07 20:30:00,2020,7,7,20,30,80,80021,DEUXIEME DB (RUE DE LA),49.89258,2.29238,Plein jour,En agglomération,Hors intersection,Normale,,4,2,2,0,1,1,1,0,1,50,2,2,1,0,0,1,40.0,35.0,deux_roues,voiture,1,2,1,1,-1
202000024600,2020-07-07 15:05:00,2020,7,7,15,5,80,80021,MAIGNAN LARIVIERE (BOULEVARD),49.89016,2.29125,Plein jour,En agglomération,Hors intersection,Normale,Deux véhicules - arrière,4,1,4,0,1,1,1,0,1,50,2,2,1,0,0,1,18.0,16.0,deux_roues,deux_roues,1,2,1,1,2
202000024601,2020-07-08 14:20:00,2020,7,8,14,20,78,78440,GAMBETTA (RUE),48.990919,1.915581,Plein jour,En agglomération,Intersection en X,Normale,Trois véhicules et plus - collisions multiples,7,2,2,0,1,1,1,5,1,50,3,3,2,0,0,1,28.0,26.0,deux_roues,voiture,1,2,2,1,5
202000024602,2020-07-08 10:40:00,2020,7,8,10,40,76,76157,CD 982 (RUE DE DUCLAIR),49.44501,1.01247,Plein jour,En agglomération,Giratoire,Normale,Sans collision,3,-1,2,0,1,1,1,0,1,50,1,1,0,0,1,0,76.0,,voiture,,1,2,6,1,7
202000024603,2020-07-07 12:10:00,2020,7,7,12,10,76,76351,VALLEE (RUE DE LA),49.49513,0.15525,Plein jour,En agglomération,Hors intersection,Normale,Autre collision,4,2,2,0,1,1,1,0,1,50,1,2,1,0,0,1,57.0,,voiture,,1,2,1,1,6
202000024604,2020-07-08 15:15:00,2020,7,8,15,15,69,69266,ROGER SALENGRO     (Avenue),45.77636,4.87208,Plein jour,En agglomération,Hors intersection,Normale,Autre collision,4,3,3,3,1,1,1,0,1,50,1,2,1,0,0,1,21.0,,voiture,,1,2,1,1,6
202000024605,2020-07-08 16:00:00,2020,7,8,16,0,69,69029,GENAS (DE)                          (RO),45.7485188,4.9193591,Plein jour,En agglomération,Hors intersection,Normale,Deux véhicules - côté,4,4,4,3,1,1,1,0,1,50,2,4,2,0,0,2,41.0,22.0,voiture,voiture,1,2,1,1,3
202000024606,2020-07-08 16:30:00,2020,7,8,16,30,69,69271,ANDRE AMPERE                            ,45.73163,4.97217,Plein jour,En agglomération,Hors intersection,Normale,Deux véhicules - côté,4,2,2,0,1,1,1,0,1,50,2,3,2,0,0,1,32.0,35.0,deux_roues,voiture,1,2,1,1,3
202000024607,2020-07-08 09:15:00,2020,7,8,9,15,69,69266,MAGENTA     (Rue),45.7653,4.8716,Plein jour,En agglomération,Intersection en X,Temps éblouissant,Autre collision,4,1,1,0,1,1,1,0,8,50,1,2,1,0,0,1,81.0,,voiture,,1,2,2,7,6
202000024608,2020-07-05 21:20:00,2020,7,5,21,20,67,67482,ADRIEN ZELLER (PLACE),48.595221,7.758605,Crépuscule ou aube,En agglomération,Autre intersection,Normale,Deux véhicules - côté,4,-1,2,0,1,1,1,5,8,50,2,2,1,0,0,1,30.0,25.0,deux_roues,voiture,2,2,9,1,3
202000024609,2020-07-08 01:10:00,2020,7,8,1,10,64,64445,NORMAN PRINCE,43.30476,-0.34699,Nuit avec éclairage allumé,En agglomération,Hors intersection,Normale,Autre collision,4,1,1,1,1,1,1,0,8,50,1,2,0,0,0,2,27.0,,voiture,,5,2,1,1,6
202000024610,2020-07-07 18:55:00,2020,7,7,18,55,64,64024,BAB (BOULEVARD DU),43.493789,-1.523638,Plein jour,En agglomération,Hors intersection,Normale,Autre collision,4,2,4,0,1,1,1,0,1,50,1,1,0,0,0,1,16.0,,deux_roues,,1,2,1,1,6
202000024611,2020-07-06 08:00:00,2020,7,6,8,0,62,62224,RD 943,50.53748,2.57664,Plein jour,Hors agglomération,Intersection en T,Normale,Deux véhicules - côté,3,2,2,0,2,1,1,5,1,80,2,2,0,0,0,2,26.0,59.0,deux_roues,voiture,1,1,3,1,3
202000024612,2020-07-06 11:15:00,2020,7,6,11,15,59,59350,349 AV. DE DUNKERQUE,50.640816,3.018639,Plein jour,En agglomération,Hors intersection,Normale,Autre collision,7,-1,0,0,1,1,1,9,8,30,1,2,1,0,1,0,30.0,,voiture,,1,2,1,1,6
202000024613,2020-07-07 18:11:00,2020,7,7,18,11,54,54395,JOFFRE (Boulevard),48.6889631,6.176843,Plein jour,En agglomération,Hors intersection,Normale,Sans collision,4,2,2,0,1,1,1,0,1,50,1,2,1,0,1,0,60.0,,transport_commun,,1,2,1,1,7
202000024614,2020-07-07 12:35:00,2020,7,7,12,35,54,54395,STRASBOURG (AVENUE DE),48.680696,6.194019,Plein jour,En agglomération,Hors intersection,Normale,Deux véhicules - côté,3,3,4,0,1,1,1,0,1,50,2,2,1,0,0,1,27.0,33.0,deux_roues,voiture,1,2,1,1,3
202000024615,2020-07-07 22:45:00,2020,7,7,22,45,51,51454,Avenue Paul Marchandeau,49.24415,4.027505,Nuit avec éclairage allumé,En agglomération,Intersection en X,Normale,Deux véhicules - côté,4,2,2,0,1,1,1,0,1,50,2,2,1,0,0,1,39.0,30.0,deux_roues,voiture,5,2,2,1,3
202000024616,2020-02-19 22:00:00,2020,2,19,22,0,94,94043,CARNOT (R),48.80955,2.3637,Nuit avec éclairage allumé,En agglomération,Hors intersection,Pluie légère,Deux véhicules - côté,4,1,1,0,1,1,2,0,1,50,2,1,0,0,0,1,30.0,,deux_roues,,5,2,1,2,3
202000024617,2020-02-19 19:00:00,2020,2,19,19,0,94,94076,STALINGRAD (AV DE),48.78471,2.36696,Nuit avec éclairage allumé,En agglomération,Intersection en X,Pluie légère,Deux véhicules - côté,3,3,3,0,1,1,2,5,1,50,2,6,5,0,0,1,58.0,40.0,voiture,voiture,5,2,2,2,3
202000024618,2020-02-19 02:45:00,2020,2,19,2,45,94,94074,HENRI BARBUSSE (AV),48.76906,2.44067,Nuit sans éclairage public,Hors agglomération,Hors intersection,Pluie forte,Deux véhicules - côté,2,3,4,0,1,1,4,0,1,50,2,2,1,0,1,0,32.0,30.0,voiture,deux_roues,3,1,1,3,3
202000024619,2020-02-17 20:00:00,2020,2,17,20,0,94,94011,RHIN ET DANUBE(RUE DU),48.77303,2.49082,Nuit avec éclairage allumé,En agglomération,Autre intersection,Temps couvert,Deux véhicules - côté,3,3,8,0,1,1,2,0,1,50,2,2,0,0,0,2,31.0,52.0,voiture,voiture,5,2,9,8,3
202000024620,2020-02-18 10:25:00,2020,2,18,10,25,94,94079,JEAN MONNET (BD),48.8348427,2.5391767,Plein jour,En agglomération,Hors intersection,Normale,Deux véhicules - arrière,4,2,3,0,1,1,1,0,1,50,2,3,2,0,0,1,36.0,51.0,voiture,voiture,1,2,1,1,2
202000024621,2020-02-19 19:10:00,2020,2,19,19,10,94,94017,DANIELLE CASANOVA (R),48.824994,2.512485,Nuit avec éclairage allumé,En agglomération,Hors intersection,Pluie légère,Autre collision,4,2,2,0,1,1,2,0,1,50,1,3,2,0,0,1,60.0,,voiture,,5,2,1,2,6
202000024622,2020-02-18 16:50:00,2020,2,18,16,50,94,94017,ROGER SALENGRO (AV),48.8198,2.4855,Plein jour,En agglomération,Hors intersection,Normale,Autre collision,3,3,2,0,1,1,1,0,1,50,1,1,0,0,0,1,,,,,1,2,1,1,6
202000024623,2020-02-18 21:15:00,2020,2,18,21,15,93,93066,Boulevard de la Libération,48.92546,2.34202,Nuit avec éclairage allumé,En agglomération,Hors intersection,Normale,Autre collision,3,2,2,0,1,1,1,0,1,50,1,2,1,0,0,1,35.0,,deux_roues,,5,2,1,1,6
202000024624,2020-02-17 17:55:00,2020,2,17,17,55,93,93066,PROUDHON,48.9064251,2.365426,Plein jour,En agglomération,Autre intersection,Pluie légère,Deux véhicules - côté,4,2,2,2,1,1,2,0,8,50,2,2,1,0,0,1,26.0,40.0,utilitaire_camion,deux_roues,1,2,9,2,3
202000024625,2020-02-19 13:30:00,2020,2,19,13,30,93,93051,MONT D'EST (BD),48.8421492,2.5429148,Plein jour,En agglomération,Intersection en T,Normale,Deux véhicules - côté,3,1,3,0,1,1,1,8,1,50,2,4,1,0,0,3,29.0,26.0,utilitaire_camion,utilitaire_camion,1,2,3,1,3
202000024626,2020-02-19 08:50:00,2020,2,19,8,50,93,93048,BD ROUGET DE L'ISLE,48.85981,2.43874,Plein jour,En agglomération,Hors intersection,Normale,Autre collision,3,2,2,0,1,1,1,0,1,30,1,2,1,0,0,1,26.0,,utilitaire_camion,,1,2,1,1,6
202000024627,2020-02-19 09:55:00,2020,2,19,9,55,93,93031,SAINT GRATIEN (RUE DE),48.9619907,2.3001286,Plein jour,En agglomération,Hors intersection,Normale,Deux véhicules - côté,4,2,1,0,1,1,1,9,1,50,2,2,0,0,0,2,20.0,51.0,voiture,voiture,1,2,1,1,3
202000024628,2020-02-19 16:54:00,2020,2,19,16,54,93,93010,VERDUN (AV. DE) 1 A 33,48.9067977,2.4885021,Plein jour,En agglomération,Intersection en X,Pluie légère,Deux véhicules - côté,3,2,2,0,1,1,2,0,1,30,2,2,1,0,0,1,32.0,63.0,voiture,voiture,1,2,2,2,3
202000024629,2020-02-18 20:20:00,2020,2,18,20,20,93,93001,R CHARLES TILLON,48.9178601,2.3933181,Nuit avec éclairage non allumé,En agglomération,Hors intersection,Normale,Deux véhicules - côté,3,2,2,0,1,1,1,0,1,50,2,2,1,0,1,0,32.0,20.0,deux_roues,voiture,4,2,1,1,3
202000024630,2020-02-18 13:55:00,2020,2,18,13,55,92,92051,"CHARLES DE GAULLE (AVENUE,N°118 A 192 +",48.882804,2.267477,Plein jour,En agglomération,Autre intersection,Normale,,4,1,2,0,1,1,1,0,1,50,2,3,1,0,0,2,40.0,57.0,deux_roues,voiture,1,2,9,1,-1
202000024631,2020-02-18 14:30:00,2020,2,18,14,30,92,92044,PDT WILSON(RUE) 2A24 ET 1A21,48.8931693,2.2893633,Plein jour,En agglomération,Intersection en T,Normale,Autre collision,4,1,2,0,1,1,1,6,1,50,1,2,0,0,0,2,18.0,,deux_roues,,1,2,3,1,6
202000024632,2020-02-19 20:11:00,2020,2,19,20,11,92,92023,JEAN BAPTISTE CLEMENT (AVENUE),48.79518,2.26674,Nuit avec éclairage allumé,En agglomération,Hors intersection,Pluie légère,Deux véhicules - frontale,3,2,2,0,2,3,2,0,1,30,2,3,1,0,0,2,18.0,45.0,deux_roues,transport_commun,5,2,1,2,1
202000024633,2020-02-18 14:30:00,2020,2,18,14,30,92,92012,ANDRE MORIZET (AVENUE) 1/47 - 2/52,48.835034,2.241291,Plein jour,En agglomération,Intersection en X,Normale,Deux véhicules - côté,3,2,2,0,1,1,1,0,1,50,2,2,0,0,0,2,52.0,25.0,voiture,voiture,1,2,2,1,3
202000024634,2020-02-13 12:00:00,2020,2,13,12,0,92,92009,GENERAL LECLERC ( RUE DU ),48.9153168,2.2696975,Plein jour,En agglomération,Hors intersection,Normale,Autre collision,4,2,2,0,1,1,1,0,1,50,1,2,1,0,0,1,76.0,,voiture,,1,2,1,1,6
202000024635,2020-02-14 07:30:00,2020,2,14,7,30,92,92004,ARGENTEUIL AV D',48.9217435,2.2777768,Crépuscule ou aube,En agglomération,Hors intersection,Normale,Deux véhicules - côté,3,2,2,0,1,1,1,1,4,50,2,2,1,0,0,1,38.0,57.0,deux_roues,voiture,2,2,1,1,3
202000024636,2020-02-18 20:30:00,2020,2,18,20,30,92,92004,ARGENTEUIL AV D',48.91667,2.28209,Nuit avec éclairage allumé,En agglomération,Hors intersection,Normale,Deux véhicules - côté,3,2,2,0,1,1,1,0,1,50,2,2,1,0,0,1,21.0,21.0,deux_roues,voiture,5,2,1,1,3
202000024637,2020-02-17 15:55:00,2020,2,17,15,55,92,92014,GENERAL LECLERC (AV.) (57 A 135 - 50 A 1/ BIEVRE (RUE DE LA),48.7823691,2.3165703,Plein jour,En agglomération,Intersection en X,Normale,,3,2,3,0,4,1,1,0,1,50,2,2,1,0,0,1,35.0,48.0,voiture,deux_roues,1,2,2,1,-1
202000024638,2020-02-20 07:20:00,2020,2,20,7,20,974,97415,Rue Terre des hommes,-20.98958,55.330313,Plein jour,En agglomération,Hors intersection,Normale,Deux véhicules - arrière,4,2,2,0,2,1,1,0,1,30,2,3,2,0,1,0,47.0,20.0,voiture,deux_roues,1,2,1,1,2
202000024639,2020-02-20 10:30:00,2020,2,20,10,30,43,43110,Route d'Auzon,45.322552,3.410182,Plein jour,Hors agglomération,Hors intersection,Normale,Deux véhicules - côté,3,2,2,0,1,1,1,0,1,80,2,2,1,0,1,0,18.0,78.0,utilitaire_camion,deux_roues,1,1,1,1,3
202000024640,2020-02-20 15:15:00,2020,2,20,15,15,06,06161,1670 Route Nationale,43.634367,7.133809,Plein jour,En agglomération,Hors intersection,Normale,Deux véhicules - côté,3,2,2,1,1,1,1,0,1,50,2,2,1,0,0,1,45.0,40.0,deux_roues,voiture,1,2,1,1,3
202000024641,2020-02-19 09:05:00,2020,2,19,9,5,51,51007,12 Rue de Vaudemanges,49.0759781,4.1769076,Plein jour,En agglomération,Intersection en X,Normale,Deux véhicules - côté,3,2,2,0,1,1,2,0,1,50,2,2,1,0,1,0,53.0,80.0,voiture,voiture,1,2,2,1,3
202000024642,2020-01-28 10:00:00,2020,1,28,10,0,33,33140,Avenue de l'Entre 2 Mers,44.772098,-0.343602,Plein jour,En agglomération,Hors intersection,Temps couvert,Deux véhicules - arrière,3,2,2,0,1,1,2,0,1,50,2,4,3,0,0,1,69.0,37.0,utilitaire_camion,voiture,1,2,1,8,2
202000024643,2020-02-20 16:45:00,2020,2,20,16,45,11,11262,D168,43.169583,3.126018,Plein jour,Hors agglomération,Hors intersection,Normale,Deux véhicules - frontale,3,2,2,0,1,1,1,0,1,80,2,2,1,0,1,0,38.0,31.0,voiture,deux_roues,1,1,1,1,1
202000024644,2020-02-20 15:55:00,2020,2,20,15,55,71,71014,Rue de Parpas,46.9518312,4.2920041,Plein jour,En agglomération,Hors intersection,Normale,Autre collision,4,2,2,0,1,1,1,0,3,50,1,2,1,0,1,0,43.0,,voiture,,1,2,1,1,6
202000024645,2020-02-18 19:10:00,2020,2,18,19,10,47,47168,Boulevard Aristide Briand,44.602821,0.3597,Nuit avec éclairage non allumé,En agglomération,Intersection en T,Normale,Deux véhicules - côté,3,2,2,0,1,1,1,0,5,50,2,2,1,0,1,0,15.0,22.0,deux_roues,voiture,4,2,3,1,3
202000024646,2020-02-20 08:00:00,2020,2,20,8,0,41,41176,D55,47.497568,2.12662,Crépuscule ou aube,Hors agglomération,Hors intersection,Normale,Autre collision,3,2,2,0,1,2,1,0,3,80,1,2,0,1,0,1,32.0,,voiture,,2,1,1,1,6
202000024647,2020-02-20 08:50:00,2020,2,20,8,50,34,34293,D907 - PR 15,43.57858,2.708827,Plein jour,Hors agglomération,Hors intersection,Normale,Autre collision,3,2,2,0,1,1,7,0,8,70,1,2,0,0,2,0,20.0,,voiture,,1,1,1,1,6
202000024648,2020-02-18 19:55:00,2020,2,18,19,55,38,38466,Route du Grésivaudan,45.367648,5.957658,Nuit sans éclairage public,Hors agglomération,Intersection en T,Normale,Deux véhicules - côté,3,2,2,0,1,1,1,0,1,70,2,3,1,0,2,0,17.0,20.0,deux_roues,voiture,3,1,3,1,3
202000024649,2020-02-19 21:55:00,2020,2,19,21,55,01,01320,Rue de la Prairie,46.313264,4.861407,Nuit sans éclairage public,Hors agglomération,Hors intersection,Normale,Deux véhicules - frontale,3,2,2,0,1,2,1,0,1,80,2,2,0,0,1,1,26.0,29.0,voiture,voiture,3,1,1,1,1
202000024650,2020-02-19 14:30:00,2020,2,19,14,30,01,01046,Route de Péroux,46.231146,4.958053,Plein jour,Hors agglomération,Intersection en Y,Temps couvert,Deux véhicules - frontale,4,2,2,0,1,2,1,2,1,80,2,2,1,0,0,1,16.0,17.0,deux_roues,voiture,1,1,4,8,1
202000024651,2020-02-04 17:30:00,2020,2,4,17,30,06,06090,623 Avenue de Grasse,43.597356,6.925074,Plein jour,En agglomération,Intersection en T,Normale,Deux véhicules - côté,3,2,2,0,1,1,1,0,1,50,2,2,1,0,0,1,55.0,33.0,deux_roues,voiture,1,2,3,1,3
202000024652,2020-02-19 10:50:00,2020,2,19,10,50,05,05098,RD 40,44.512038,6.568963,Plein jour,Hors agglomération,Hors intersection,Normale,Deux véhicules - frontale,3,2,2,0,1,1,1,0,1,80,2,2,0,0,0,2,22.0,38.0,voiture,voiture,1,1,1,1,1
202000024653,2020-02-20 15:45:00,2020,2,20,15,45,28,28378,D9,48.258306,0.856612,Plein jour,Hors agglomération,Hors intersection,Temps couvert,Autre collision,3,2,2,0,1,3,1,0,3,80,1,2,1,1,0,0,20.0,,voiture,,1,1,1,8,6
202000024654,2020-02-20 17:55:00,2020,2,20,17,55,48,48080,10 avenue jean moulin,44.723404,3.860064,Crépuscule ou aube,En agglomération,Intersection en T,Temps éblouissant,Autre collision,4,2,2,0,1,1,1,0,1,50,1,2,1,0,0,1,25.0,,voiture,,2,2,3,7,6
202000024655,2020-02-20 03:10:00,2020,2,20,3,10,52,52058,Rue de la Fontaine,48.203962,5.14423,Nuit avec éclairage non allumé,En agglomération,Hors intersection,Normale,Autre collision,3,2,2,0,1,1,2,2,4,50,1,1,0,0,1,0,22.0,,voiture,,4,2,1,1,6
202000024656,2020-02-20 08:15:00,2020,2,20,8,15,80,80058,A29,49.8535592,2.6307443,Plein jour,Hors agglomération,Hors intersection,Normale,Deux véhicules - arrière,1,3,2,0,1,1,1,2,1,130,2,2,1,0,1,0,36.0,39.0,voiture,voiture,1,1,1,1,2
202000024657,2020-02-19 21:25:00,2020,2,19,21,25,26,26057,Autoroute A49 - point kilométrique 059.0500,45.021271,5.055661,Nuit sans éclairage public,Hors agglomération,Hors intersection,Normale,Sans collision,1,3,4,0,1,1,1,0,2,130,1,5,0,0,2,3,20.0,,voiture,,3,1,1,1,7
202000024658,2020-02-20 07:35:00,2020,2,20,7,35,33,33122,D211,44.713425,-0.729282,Crépuscule ou aube,Hors agglomération,Hors intersection,Normale,Trois véhicules et plus - collisions multiples,3,2,2,0,1,1,1,0,1,80,4,4,3,0,0,1,21.0,35.0,deux_roues,voiture,2,1,1,1,5
202000024659,2020-02-19 11:40:00,2020,2,19,11,40,17,17240,D730,45.279794,-0.388126,Plein jour,Hors agglomération,Hors intersection,Normale,Deux véhicules - frontale,3,2,2,0,1,1,1,0,1,80,2,2,1,0,1,0,42.0,62.0,utilitaire_camion,voiture,1,1,1,1,1
202000024660,2020-02-20 15:40:00,2020,2,20,15,40,13,13103,"Autoroute A7, PK 230+700, sens nord/sud",43.667127,5.097141,Plein jour,Hors agglomération,Hors intersection,Normale,Sans collision,1,3,5,0,1,1,1,0,1,130,1,1,0,0,0,1,19.0,,deux_roues,,1,1,1,1,7
202000024661,2020-02-17 07:10:00,2020,2,17,7,10,83,83104,La Goye,43.6398334,5.8051559,Plein jour,Hors agglomération,Hors intersection,Normale,Deux véhicules - frontale,3,2,2,0,1,3,1,0,1,80,2,2,0,0,0,2,30.0,22.0,voiture,voiture,1,1,1,1,1
202000024662,2020-02-20 07:55:00,2020,2,20,7,55,33,33056,AVE DU ONZE NOVEMBRE,44.927035,-0.622669,Plein jour,En agglomération,Hors intersection,Brouillard / fumée,Trois véhicules et plus - collisions multiples,4,2,2,0,1,1,1,0,1,50,3,3,2,1,0,0,23.0,48.0,deux_roues,utilitaire_camion,1,2,1,5,5
202000024663,2020-02-19 20:00:00,2020,2,19,20,0,61,61341,Champ-fosse,48.510684,0.130494,Nuit sans éclairage public,Hors agglomération,Hors intersection,Normale,Autre collision,3,3,4,0,1,1,1,0,3,110,1,1,0,1,0,0,43.0,,voiture,,3,1,1,1,6
202000024664,2020-02-05 10:10:00,2020,2,5,10,10,50,50099,6 Rue de la Guinguette,49.303136,-1.251569,Plein jour,En agglomération,Hors intersection,Normale,Deux véhicules - frontale,4,2,2,0,4,2,1,0,1,50,2,2,1,1,0,0,81.0,70.0,voiture,voiture,1,2,1,1,1
202000024665,2020-02-18 16:12:00,2020,2,18,16,12,83,83137,A57,43.12132,5.95331,Plein jour,Hors agglomération,Hors intersection,Normale,Deux véhicules - côté,1,3,6,0,1,2,1,0,1,90,2,2,1,0,0,1,22.0,23.0,voiture,deux_roues,1,1,1,1,3
202000024666,2020-02-19 17:40:00,2020,2,19,17,40,33,33096,AUTOROUTE A 10,44.88996,-0.50344,Crépuscule ou aube,Hors agglomération,Hors intersection,Normale,Autre collision,1,3,6,0,1,1,1,0,2,110,1,1,0,0,0,1,41.0,,voiture,,2,1,1,1,6
202000024667,2020-02-19 11:55:00,2020,2,19,11,55,33,33249,ROUTE NATIONALE 230,44.87892,-0.50955,Plein jour,Hors agglomération,Hors intersection,Normale,Deux véhicules - arrière,2,3,6,0,1,1,1,0,1,90,2,2,1,0,0,1,33.0,51.0,utilitaire_camion,utilitaire_camion,1,1,1,1,2
202000024668,2020-02-18 16:00:00,2020,2,18,16,0,59,59328,ROUTE METROPOLITAINE 652,50.660545,3.020312,Plein jour,Hors agglomération,Hors intersection,Normale,Autre collision,7,3,2,0,1,1,1,0,8,50,1,1,0,0,0,1,20.0,,voiture,,1,1,1,1,6
202000024669,2020-02-17 05:10:00,2020,2,17,5,10,59,59609,AUTOROUTE A1,50.5726916,3.0802515,Nuit sans éclairage public,Hors agglomération,Hors intersection,Normale,Deux véhicules - arrière,1,3,6,0,1,1,1,0,1,110,2,2,1,0,0,1,61.0,35.0,voiture,voiture,3,1,1,1,2
202000024670,2020-02-19 05:15:00,2020,2,19,5,15,91,91377,RD 444,48.72805,2.24392,Nuit sans éclairage public,Hors agglomération,Hors intersection,Normale,Sans collision,3,1,1,0,1,1,2,0,1,70,1,1,0,0,0,1,28.0,,voiture,,3,1,1,1,7
202000024671,2020-02-18 22:19:00,2020,2,18,22,19,91,91347,RN 104,48.62283,2.29175,Nuit sans éclairage public,Hors agglomération,Hors intersection,Normale,Deux véhicules - côté,2,3,4,0,1,1,1,0,1,110,2,2,1,0,0,1,35.0,59.0,utilitaire_camion,utilitaire_camion,3,1,1,1,3
202000024672,2020-02-19 12:12:00,2020,2,19,12,12,78,78423,N12W,48.798808,1.995782,Plein jour,Hors agglomération,Hors intersection,Temps couvert,Sans collision,2,3,2,0,1,1,1,0,1,110,1,1,0,0,0,1,57.0,,voiture,,1,1,1,8,7
202000024673,2020-02-17 19:30:00,2020,2,17,19,30,93,93078,AUTOROUTE A104,48.96364,2.55128,Nuit sans éclairage public,Hors agglomération,Hors intersection,Pluie légère,Trois véhicules et plus - en chaîne,1,3,9,0,1,1,2,0,8,110,4,4,2,0,0,2,35.0,57.0,voiture,utilitaire_camion,3,1,1,2,4
202000024674,2020-02-19 20:00:00,2020,2,19,20,0,94,94069,A4,48.8170338,2.4435317,Nuit avec éclairage allumé,Hors agglomération,Hors intersection,Normale,Trois véhicules et plus - collisions multiples,1,1,4,0,1,1,2,0,1,90,3,3,2,0,0,1,37.0,34.0,voiture,voiture,5,1,1,1,5
202000024675,2020-02-19 19:15:00,2020,2,19,19,15,94,94017,A4,48.8266487,2.5137924,Nuit avec éclairage allumé,Hors agglomération,Hors intersection,Pluie légère,Trois véhicules et plus - en chaîne,1,3,4,0,1,1,2,1,1,90,3,4,3,0,0,1,46.0,28.0,voiture,voiture,5,1,1,2,4
202000024676,2020-02-18 11:35:00,2020,2,18,11,35,988,98818,PROMENADE ROGER LAROQUE/RTE DE L AQUARIUM,-22.30278,166.4385,Plein jour,En agglomération,Intersection en T,Normale,Sans collision,4,3,4,0,1,1,1,0,1,50,1,1,0,0,0,1,50.0,,deux_roues,,1,2,3,1,7
202000024677,2020-02-16 02:50:00,2020,2,16,2,50,987,98736,CHARLES DE GAULLE (AV),-17.53101,-149.55319,Nuit avec éclairage non allumé,En agglomération,Hors intersection,Normale,Deux véhicules - arrière,2,3,4,0,2,1,1,0,1,50,2,3,1,0,2,0,41.0,28.0,voiture,deux_roues,4,2,1,1,2
202000024678,2020-02-18 07:00:00,2020,2,18,7,0,974,97416,BADAMIER(CHEMIN),-21.3115,55.45885,Plein jour,Hors agglomération,Hors intersection,Normale,Deux véhicules - arrière,4,2,2,0,1,1,2,9,1,50,2,2,1,0,0,1,29.0,59.0,deux_roues,voiture,1,1,1,1,2
202000024679,2020-02-17 11:25:00,2020,2,17,11,25,974,97416,RECHERCHANT(RUE ADRIEN),-21.2871,55.48172,Plein jour,En agglomération,Autre intersection,Normale,Deux véhicules - arrière,4,2,1,0,2,2,1,0,1,50,2,2,1,0,0,1,35.0,19.0,voiture,deux_roues,1,2,9,1,2
202000024680,2020-02-18 17:10:00,2020,2,18,17,10,974,97411,Rue Lory les bas,-20.887797,55.482293,Plein jour,En agglomération,Hors intersection,Normale,Deux véhicules - frontale,4,1,1,0,1,1,1,0,4,30,2,2,1,0,0,1,57.0,41.0,deux_roues,voiture,1,2,1,1,1
202000024681,2020-02-17 12:50:00,2020,2,17,12,50,974,97411,JAURES (BOULEVARD JEAN),-20.90249,55.50208,Plein jour,En agglomération,Hors intersection,Normale,Deux véhicules - arrière,4,1,2,0,1,1,1,0,1,50,2,2,1,0,0,1,35.0,21.0,voiture,deux_roues,1,2,1,1,2
202000024682,2020-02-13 12:40:00,2020,2,13,12,40,974,97411,Route de la Montagne,-20.885413,55.43896,Plein jour,Hors agglomération,Hors intersection,Normale,Deux véhicules - arrière,3,2,2,0,2,2,1,9,8,50,2,2,0,0,0,2,60.0,59.0,utilitaire_camion,voiture,1,1,1,1,2
202000024683,2020-02-11 07:40:00,2020,2,11,7,40,974,97411,JAURES (BLD 1 JEAN),-20.8887555,55.4475367,Plein jour,En agglomération,Hors intersection,Normale,Deux véhicules - arrière,2,1,6,0,1,1,1,0,1,50,2,2,1,0,0,1,43.0,31.0,voiture,deux_roues,1,2,1,1,2
202000024684,2020-02-10 16:20:00,2020,2,10,16,20,974,97411,Boulevard Jean Jaures,-20.89962,55.48001,Plein jour,En agglomération,Hors intersection,Normale,Trois véhicules et plus - en chaîne,2,3,2,1,1,3,1,0,1,50,3,3,2,0,0,1,19.0,63.0,voiture,voiture,1,2,1,1,4
202000024685,2020-02-17 16:30:00,2020,2,17,16,30,974,97407,BANVILLE(RUELLE),-20.93997,55.29617,Plein jour,En agglomération,Intersection en T,Normale,Deux véhicules - frontale,4,1,1,0,2,1,1,0,1,30,2,2,1,0,1,0,28.0,16.0,voiture,deux_roues,1,2,3,1,1
202000024686,2020-02-14 21:22:00,2020,2,14,21,22,973,97302,KET TAI (CARREFOUR),4.9371471,-52.3260677,Nuit avec éclairage allumé,En agglomération,Giratoire,Normale,Deux véhicules - côté,3,-1,1,0,1,2,1,0,1,50,2,7,0,0,0,7,36.0,41.0,utilitaire_camion,voiture,5,2,6,1,3
202000024687,2020-02-13 15:30:00,2020,2,13,15,30,973,97302,MADELEINE (ROUTE DE LA),4.9356506,-52.3259497,Plein jour,En agglomération,Hors intersection,Normale,Deux véhicules - côté,3,2,0,0,1,1,1,0,1,30,2,2,1,0,0,1,49.0,42.0,voiture,deux_roues,1,2,1,1,3
202000024688,2020-02-10 07:50:00,2020,2,10,7,50,973,97302,MONTABO (ROUTE DE) 2,4.931717,-52.2905231,Plein jour,Hors agglomération,Autre intersection,Normale,Deux véhicules - côté,3,2,1,1,1,1,1,0,1,50,2,2,1,0,1,0,47.0,50.0,voiture,deux_roues,1,1,9,1,3