accident_id,datetime,annee,mois,jour,heure,minute,departement,commune_insee,adresse,latitude,longitude,luminosite,agglomeration,intersection,meteo,collision,catr,circ,nbv,vosp,prof,plan,surf,infra,situ,vma,nb_vehicules,nb_usagers,nb_indemnes,nb_tues,nb_blesses_hosp,nb_blesses_legers,age_cond_1,age_cond_2,veh_type_cond_1,veh_type_cond_2,lum_code,agg_code,int_code,atm_code,col_code
202000024779,2020-02-15 19:15:00,2020,2,15,19,15,64,64122,PITCHOT (RUE DE),43.46696,-1.53851,Crépuscule ou aube,En agglomération,Hors intersection,Normale,Deux véhicules - frontale,4,2,2,0,2,2,1,0,1,50,2,2,0,0,1,1,35.0,51.0,deux_roues,voiture,2,2,1,1,1
202000024780,2020-02-17 12:17:00,2020,2,17,12,17,64,64024,MOULIN DE BRINDOS (ROND POINT DU),43.46324,-1.51805,Plein jour,En agglomération,Hors intersection,Pluie forte,Sans collision,4,2,2,0,1,2,2,0,1,50,1,2,1,0,0,1,16.0,,deux_roues,,1,2,1,3,7
202000024781,2020-02-11 17:45:00,2020,2,11,17,45,64,64024,CINQ CANTONS (RUE DES),43.48607,-1.52026,Crépuscule ou aube,En agglomération,Hors intersection,Temps couvert,Sans collision,4,2,2,0,1,1,2,0,1,50,1,1,0,0,0,1,16.0,,deux_roues,,2,2,1,8,7
202000024782,2020-02-11 13:50:00,2020,2,11,13,50,64,64024,CHASSIN (RUE DE),43.49231,-1.5289,Plein jour,En agglomération,Hors intersection,Pluie légère,Deux véhicules - arrière,4,2,2,0,1,1,2,0,1,30,2,2,1,0,0,1,15.0,15.0,deux_roues,deux_roues,1,2,1,2,2
202000024783,2020-02-15 16:42:00,2020,2,15,16,42,63,63063,BLANZAT (RUE DE),45.83144,3.09087,Plein jour,En agglomération,Hors intersection,Normale,Sans collision,7,2,2,0,1,2,1,0,1,30,1,1,0,0,0,1,46.0,,deux_roues,,1,2,1,1,7
202000024784,2020-02-15 11:01:00,2020,2,15,11,1,63,63113,PAULINES (AVENUE DES),45.77439,3.09412,Plein jour,En agglomération,Hors intersection,Normale,Deux véhicules - arrière,4,1,3,0,1,1,1,0,1,50,2,2,1,0,0,1,57.0,30.0,utilitaire_camion,voiture,1,2,1,1,2
202000024785,2020-02-15 15:35:00,2020,2,15,15,35,63,63113,AURIOL (BOULEBARD VINCENT),45.79216,3.118,Plein jour,En agglomération,Intersection à plus de 4 branches,Normale,,7,2,0,0,1,1,1,9,1,50,2,2,1,0,0,1,23.0,62.0,deux_roues,voiture,1,2,5,1,-1
202000024786,2020-02-14 18:18:00,2020,2,14,18,18,63,63014,NOELLET (AVENUE JEAN),45.75228,3.10793,Plein jour,En agglomération,Intersection en X,Normale,,7,2,2,0,1,1,1,0,1,50,2,2,1,0,1,0,63.0,15.0,voiture,deux_roues,1,2,2,1,-1
202000024787,2020-02-14 09:15:00,2020,2,14,9,15,63,63113,PELISSIER (RUE),45.7853172,3.1037927,Plein jour,En agglomération,Hors intersection,Normale,Deux véhicules - arrière,4,1,1,0,1,1,2,0,1,30,2,3,1,0,0,2,26.0,75.0,utilitaire_camion,voiture,1,2,1,1,2
202000024788,2020-02-10 14:03:00,2020,2,10,14,3,63,63113,REPUBLIQUE (AVENUE DE LA),45.7895449,3.1097691,Plein jour,En agglomération,Hors intersection,Vent fort / tempête,Autre collision,4,-1,2,0,1,1,1,0,1,50,1,2,1,0,0,1,72.0,,voiture,,1,2,1,6,6
202000024789,2020-01-25 21:10:00,2020,1,25,21,10,62,62386,BEUGNET (R CASIMIR),50.446444,2.739694,Nuit avec éclairage allumé,En agglomération,Intersection en X,Pluie légère,Deux véhicules - côté,3,2,2,0,1,1,2,5,1,50,2,2,1,0,1,0,22.0,20.0,deux_roues,voiture,5,2,2,2,3
202000024790,2020-02-12 16:45:00,2020,2,12,16,45,62,62497,EGALITE (R DE L'),50.446173,3.068685,Plein jour,En agglomération,Hors intersection,Normale,Sans collision,3,2,2,0,1,1,1,0,1,50,1,1,0,0,1,0,58.0,,deux_roues,,1,2,1,1,7
202000024791,2020-02-09 00:05:00,2020,2,9,0,5,62,62498,MAES (AV. ALFRED ),50.42724,2.80942,Nuit avec éclairage allumé,En agglomération,Intersection en X,Normale,Deux véhicules - côté,3,2,3,0,1,1,1,5,1,50,2,4,1,0,1,2,28.0,31.0,voiture,voiture,5,2,2,1,3
202000024792,2020-01-31 23:55:00,2020,1,31,23,55,62,62847,RUE GUY MOLLET,50.50374,2.66735,Nuit avec éclairage allumé,En agglomération,Hors intersection,Normale,Deux véhicules - côté,4,2,2,0,1,4,1,0,1,50,2,3,2,0,0,1,22.0,39.0,voiture,voiture,5,2,1,1,3
202000024793,2020-02-04 18:45:00,2020,2,4,18,45,60,60175,CHANTILLY (ROUTE DE),49.24983,2.4764214,Nuit avec éclairage allumé,En agglomération,Hors intersection,Normale,Autre collision,4,2,2,0,1,1,1,6,1,30,1,1,0,0,0,1,,,,,5,2,1,1,6
202000024794,2020-02-15 20:30:00,2020,2,15,20,30,59,59491,RD 169 DURRE (RUE HENRI),50.3795,3.495,Nuit sans éclairage public,En agglomération,Hors intersection,Normale,Trois véhicules et plus - collisions multiples,3,2,2,2,1,1,1,0,1,50,3,3,2,1,0,0,34.0,41.0,deux_roues,voiture,3,2,1,1,5
202000024795,2020-01-16 15:45:00,2020,1,16,15,45,59,59606,VAUBAN (AVENUE),50.361611,3.510667,Plein jour,En agglomération,Hors intersection,Normale,Deux véhicules - côté,4,2,2,0,1,1,1,0,1,50,2,3,2,0,1,0,26.0,46.0,deux_roues,voiture,1,2,1,1,3
202000024796,2020-02-18 18:25:00,2020,2,18,18,25,59,59599,TIBERGHIEN (RUE SIMON),50.7318648,3.1602216,Nuit avec éclairage allumé,En agglomération,Intersection en X,Normale,Autre collision,4,2,2,0,1,1,1,0,8,50,1,2,1,0,0,1,33.0,,utilitaire_camion,,5,2,2,1,6
202000024797,2020-02-11 21:05:00,2020,2,11,21,5,59,59152,PROCESSIONS (RUE DES),50.760251,3.009082,Nuit avec éclairage allumé,En agglomération,Hors intersection,Normale,Autre collision,4,2,1,0,1,1,1,0,1,50,1,2,1,0,0,1,38.0,,voiture,,5,2,1,1,6
202000024798,2020-02-11 17:45:00,2020,2,11,17,45,59,59599,MOUVAUX (RUE DE),50.69501,3.14743,Plein jour,En agglomération,Intersection en X,Normale,Deux véhicules - côté,7,-1,2,0,1,1,1,0,1,50,2,2,1,0,0,1,44.0,20.0,voiture,deux_roues,1,2,2,1,3
202000024799,2020-02-17 09:40:00,2020,2,17,9,40,59,59009,JAURES JEAN RUE    N°5 AU 99,50.66254,3.13824,Plein jour,En agglomération,Hors intersection,Normale,Autre collision,4,2,-1,-1,1,1,1,0,1,-1,1,2,1,0,0,1,52.0,,voiture,,1,2,1,1,6
202000024800,2020-02-17 08:50:00,2020,2,17,8,50,59,59410,LECLERC BOULEVARD DU GENERAL,50.637319,3.101368,Plein jour,En agglomération,Giratoire,Normale,Deux véhicules - arrière,4,-1,2,0,1,1,1,0,1,50,2,2,1,0,0,1,29.0,46.0,autre,voiture,1,2,6,1,2
202000024801,2020-02-11 16:25:00,2020,2,11,16,25,59,59131,HOOGHE-PORTE,50.99447,2.36649,Plein jour,En agglomération,Hors intersection,Normale,Autre collision,4,2,2,0,1,3,1,0,1,50,1,2,1,0,0,1,65.0,,utilitaire_camion,,1,2,1,1,6
202000024802,2020-02-14 09:00:00,2020,2,14,9,0,59,59170,BARBUSSE (RUE HENRI),50.34753,3.12499,Plein jour,En agglomération,Intersection en X,Normale,Deux véhicules - côté,4,2,2,0,1,1,1,0,1,50,2,2,1,0,1,0,66.0,69.0,deux_roues,voiture,1,2,2,1,3
202000024803,2020-01-28 18:15:00,2020,1,28,18,15,58,58194,MONTOTS,46.9896,3.134,Crépuscule ou aube,En agglomération,Intersection en T,Normale,Deux véhicules - arrière,4,2,2,0,1,1,2,0,1,50,2,3,2,0,0,1,33.0,22.0,voiture,voiture,2,2,3,1,2
202000024804,2020-02-16 20:05:00,2020,2,16,20,5,57,57672,MARCHAL (QUAI),49.35885,6.17018,Nuit avec éclairage allumé,En agglomération,Hors intersection,Normale,Autre collision,4,3,4,0,1,3,1,0,1,50,1,2,1,0,0,1,74.0,,voiture,,5,2,1,1,6
202000024805,2020-02-16 14:55:00,2020,2,16,14,55,56,56098,CURIE (RUE  PIERRE ET MARIE ),47.75604,-3.34309,Plein jour,En agglomération,Intersection en X,Pluie légère,Deux véhicules - côté,4,2,2,0,2,1,2,0,1,30,2,2,1,0,0,1,23.0,26.0,voiture,deux_roues,1,2,2,2,3
202000024806,2020-02-14 20:10:00,2020,2,14,20,10,56,56162,GRAZU (RUE DU),47.70308,-3.43189,Nuit avec éclairage allumé,En agglomération,Hors intersection,Normale,Autre collision,4,2,2,0,1,1,1,0,4,50,1,1,0,0,0,1,53.0,,deux_roues,,5,2,1,1,6
202000024807,2020-01-31 16:35:00,2020,1,31,16,35,54,54339,DRIANT (RUE DU COLONEL),48.708017,6.188612,Plein jour,En agglomération,Hors intersection,Pluie légère,Autre collision,6,-1,-1,0,1,2,2,0,1,30,1,4,3,0,0,1,52.0,,voiture,,1,2,1,2,6
202000024808,2020-02-11 12:30:00,2020,2,11,12,30,51,51454,Avenue Jean Jaurès,49.2642821,4.0580632,Plein jour,En agglomération,Hors intersection,Normale,Sans collision,2,2,4,0,1,1,1,0,1,50,1,2,1,0,0,1,20.0,,voiture,,1,2,1,1,7
202000024809,2020-02-11 08:30:00,2020,2,11,8,30,51,51454,Rue de Venise,49.2469992,4.0327413,Plein jour,En agglomération,Hors intersection,Normale,Deux véhicules - côté,4,2,3,2,1,1,1,0,5,50,2,2,1,0,0,1,32.0,18.0,voiture,deux_roues,1,2,1,1,3
202000024810,2020-08-05 19:00:00,2020,8,5,19,0,44,44068,D2,47.521454,-2.004282,Plein jour,Hors agglomération,Hors intersection,Temps éblouissant,Deux véhicules - côté,3,2,2,0,1,1,1,0,1,80,2,2,1,0,1,0,49.0,55.0,deux_roues,voiture,1,1,1,7,3
202000024811,2020-09-08 16:40:00,2020,9,8,16,40,44,44072,La Baronnerie,47.421424,-2.322353,Plein jour,Hors agglomération,Intersection en X,Normale,Deux véhicules - côté,4,2,2,0,1,1,1,0,1,80,2,2,1,0,0,1,58.0,38.0,voiture,voiture,1,1,2,1,3
202000024812,2020-09-09 13:35:00,2020,9,9,13,35,72,72089,7 Rue de Neuvy,48.121553,-0.017343,Plein jour,En agglomération,Hors intersection,Normale,Deux véhicules - arrière,3,4,2,0,1,1,1,9,1,30,2,2,1,0,0,1,76.0,69.0,voiture,deux_roues,1,2,1,1,2
202000024813,2020-09-08 17:15:00,2020,9,8,17,15,50,50178,49 Village le Tot de Bas,49.692807,-1.431452,Plein jour,Hors agglomération,Intersection en X,Normale,Trois véhicules et plus - en chaîne,3,2,2,0,1,1,1,0,1,80,3,6,5,0,0,1,69.0,36.0,voiture,voiture,1,1,2,1,4
202000024814,2020-09-09 12:20:00,2020,9,9,12,20,60,60440,Rue Eugène Boullenger,49.491594,2.629734,Plein jour,En agglomération,Intersection en X,Normale,Deux véhicules - côté,3,2,2,0,1,1,1,0,1,30,2,2,1,0,1,0,53.0,73.0,voiture,deux_roues,1,2,2,1,3
202000024815,2020-09-09 15:40:00,2020,9,9,15,40,64,64495,Cherchebruit,43.323773,-1.549319,Plein jour,Hors agglomération,Intersection en T,Normale,Deux véhicules - arrière,3,2,2,0,1,1,1,0,1,50,2,2,1,0,1,0,44.0,33.0,voiture,deux_roues,1,1,3,1,2
202000024816,2020-10-09 10:00:00,2020,10,9,10,0,18,18138,D107,47.102015,2.248871,Plein jour,Hors agglomération,Hors intersection,Normale,Sans collision,3,2,2,0,1,2,1,0,3,80,1,1,0,0,1,0,40.0,,voiture,,1,1,1,1,7
202000024817,2020-08-20 17:30:00,2020,8,20,17,30,18,18145,Rue de Fontbertrange,47.228057,2.486086,Plein jour,En agglomération,Hors intersection,Normale,Autre collision,4,2,2,0,4,3,1,0,3,50,1,1,0,0,1,0,15.0,,deux_roues,,1,2,1,1,6
202000024818,2020-09-08 16:15:00,2020,9,8,16,15,53,53164,D244,48.498363,-0.332028,Plein jour,Hors agglomération,Hors intersection,Normale,Deux véhicules - frontale,3,2,2,0,1,1,1,0,1,80,2,2,1,0,1,0,47.0,39.0,voiture,voiture,1,1,1,1,1
202000024819,2020-09-09 14:30:00,2020,9,9,14,30,53,53144,Rue des Tuileries,48.311126,-0.498443,Plein jour,Hors agglomération,Intersection en T,Normale,Deux véhicules - frontale,9,-1,2,0,2,1,1,0,1,80,2,2,1,0,1,0,12.0,56.0,deux_roues,voiture,1,1,3,1,1
202000024820,2020-09-09 15:10:00,2020,9,9,15,10,04,04202,RD 2202,43.9978827,6.7771958,Plein jour,Hors agglomération,Hors intersection,Normale,Deux véhicules - frontale,3,2,2,0,1,3,1,2,1,80,2,2,1,0,1,0,54.0,42.0,deux_roues,voiture,1,1,1,1,1
202000024821,2020-09-08 08:45:00,2020,9,8,8,45,87,87066,N21,45.7198246,1.0217304,Plein jour,Hors agglomération,Hors intersection,Normale,Deux véhicules - arrière,2,2,2,0,2,1,1,0,1,80,2,4,2,0,1,1,50.0,38.0,utilitaire_camion,deux_roues,1,1,1,1,2
202000024822,2020-09-09 06:05:00,2020,9,9,6,5,48,48080,Quartier du Pont d'Allier,44.735497,3.858449,Nuit avec éclairage allumé,En agglomération,Hors intersection,Normale,Autre collision,2,2,2,0,1,2,1,2,1,50,1,1,0,0,1,0,58.0,,voiture,,5,2,1,1,6
202000024823,2020-09-09 15:00:00,2020,9,9,15,0,08,08486,74 Rue Carnot,50.087724,4.716585,Plein jour,En agglomération,Hors intersection,Normale,Sans collision,4,2,2,0,3,1,1,0,1,50,1,1,0,1,0,0,74.0,,deux_roues,,1,2,1,1,7
202000024824,2020-09-05 17:20:00,2020,9,5,17,20,68,68300,A36,47.773325,7.380753,Plein jour,Hors agglomération,Hors intersection,Normale,Autre collision,1,3,5,0,1,1,1,0,1,110,1,1,0,0,1,0,37.0,,voiture,,1,1,1,1,6
202000024825,2020-08-17 14:50:00,2020,8,17,14,50,06,06079,Autoroute A8 PK 157.220 chaussée nord,43.544465,6.93991,Plein jour,Hors agglomération,Hors intersection,Normale,Deux véhicules - arrière,1,3,4,0,1,1,1,0,1,-1,2,2,1,0,1,0,29.0,81.0,utilitaire_camion,deux_roues,1,1,1,1,2
202000024826,2020-09-08 15:40:00,2020,9,8,15,40,86,86123,Boivre-la-Vallée,46.5098568,0.1312997,Plein jour,Hors agglomération,Autre intersection,Temps éblouissant,Deux véhicules - arrière,1,3,4,0,1,1,1,0,1,130,2,2,1,0,1,0,39.0,,voiture,,1,1,9,7,2
202000024827,2020-09-09 16:20:00,2020,9,9,16,20,95,95580,Pres Moulins de Survillier,49.084646,2.551961,Plein jour,Hors agglomération,Hors intersection,Normale,Deux véhicules - frontale,3,2,2,0,1,1,1,9,1,50,2,2,1,0,1,0,33.0,65.0,voiture,voiture,1,1,1,1,1
202000024828,2020-09-07 17:45:00,2020,9,7,17,45,68,68118,2 Rue du Vorbourg,47.731559,7.416828,Plein jour,En agglomération,Intersection en T,Normale,Deux véhicules - côté,3,2,2,1,1,1,1,0,1,50,2,2,1,0,0,1,58.0,52.0,deux_roues,voiture,1,2,3,1,3
202000024829,2020-09-09 12:52:00,2020,9,9,12,52,69,69119,D28,45.496466,4.721675,Plein jour,Hors agglomération,Intersection en X,Normale,Deux véhicules - côté,3,2,2,0,3,1,1,5,1,70,2,2,0,0,0,2,72.0,24.0,voiture,voiture,1,1,2,1,3
202000024830,2020-09-09 06:00:00,2020,9,9,6,0,986,98613,Utufua,-13.3179705,-176.2325524,Plein jour,En agglomération,Hors intersection,Normale,Deux véhicules - côté,2,2,2,0,1,1,2,0,1,70,2,2,1,0,1,0,46.0,46.0,voiture,deux_roues,1,2,1,1,3
202000024831,2020-07-20 02:55:00,2020,7,20,2,55,974,97415,Route du Théâtre,-21.039353,55.222336,Nuit sans éclairage public,Hors agglomération,Hors intersection,Normale,Autre collision,9,2,2,0,3,1,1,0,8,50,1,4,0,0,3,1,23.0,,voiture,,3,1,1,1,6
202000024832,2020-09-05 13:45:00,2020,9,5,13,45,974,97406,Rue de la République,-21.147858,55.615955,Plein jour,En agglomération,Intersection en T,Normale,Deux véhicules - côté,2,2,2,0,2,1,1,0,1,50,2,2,1,0,1,0,22.0,19.0,voiture,deux_roues,1,2,3,1,3
202000024833,2020-09-08 20:30:00,2020,9,8,20,30,971,97107,N1,16.065589,-61.567587,Nuit sans éclairage public,Hors agglomération,Hors intersection,Normale,Deux véhicules - frontale,2,2,2,0,1,1,1,0,1,80,2,3,0,1,2,0,23.0,63.0,voiture,utilitaire_camion,3,1,1,1,1
202000024834,2020-09-08 18:30:00,2020,9,8,18,30,2B,2B265,D305,42.596439,9.370694,Plein jour,Hors agglomération,Hors intersection,Normale,Deux véhicules - frontale,3,2,2,0,1,4,1,0,1,80,2,3,0,0,0,3,47.0,23.0,voiture,voiture,1,1,1,1,1
202000024835,2020-09-08 22:30:00,2020,9,8,22,30,84,84026,Ancien chemin d'ansouis,43.757341,5.387367,Nuit sans éclairage public,Hors agglomération,Hors intersection,Normale,Autre collision,4,2,2,0,1,1,1,0,3,80,1,1,0,0,1,0,21.0,,voiture,,3,1,1,1,6
202000024836,2020-09-05 15:45:00,2020,9,5,15,45,04,04062,RD 900,44.447794,6.74022,Plein jour,Hors agglomération,Hors intersection,Normale,Sans collision,3,2,2,0,1,2,1,0,1,80,1,1,0,0,1,0,23.0,,deux_roues,,1,1,1,1,7
202000024837,2020-09-07 13:40:00,2020,9,7,13,40,13,13086,D96,43.354938,5.608199,Plein jour,Hors agglomération,Hors intersection,Normale,Deux véhicules - côté,3,2,2,0,1,1,1,0,1,80,2,2,1,0,1,0,50.0,61.0,voiture,deux_roues,1,1,1,1,3
202000024838,2020-09-08 11:00:00,2020,9,8,11,0,68,68117,9 Rue du Docteur Albert Schweitzer,48.047262,7.176787,Plein jour,En agglomération,Hors intersection,Normale,Autre collision,4,2,2,0,2,1,1,0,4,50,1,2,1,0,1,0,74.0,,voiture,,1,2,1,1,6
202000024839,2020-09-08 17:59:00,2020,9,8,17,59,67,67046,Intersection Rue du Rhin avec Rue du Luhberg,48.765291,7.862933,Plein jour,En agglomération,Intersection en X,Normale,Autre collision,3,2,2,0,2,1,1,0,1,50,1,2,1,0,1,0,57.0,,voiture,,1,2,2,1,6
202000024840,2020-09-09 07:10:00,2020,9,9,7,10,88,88388,Route de Bains,48.136924,6.389998,Crépuscule ou aube,Hors agglomération,Hors intersection,Temps éblouissant,Trois véhicules et plus - collisions multiples,3,2,2,0,1,2,1,0,1,80,3,3,1,0,1,1,55.0,46.0,voiture,deux_roues,2,1,1,7,5
202000024841,2020-09-09 09:25:00,2020,9,9,9,25,38,38455,Route des Gravières,45.622971,5.331143,Plein jour,Hors agglomération,Intersection en T,Normale,Deux véhicules - côté,3,1,2,0,1,1,1,0,1,70,2,3,2,0,1,0,42.0,84.0,deux_roues,voiture,1,1,3,1,3
202000024842,2020-09-08 11:15:00,2020,9,8,11,15,46,46102,Avenue Fernand Pezet,44.608863,2.029504,Plein jour,En agglomération,Hors intersection,Normale,Autre collision,3,2,2,0,1,1,1,0,1,30,1,2,1,0,1,0,68.0,,voiture,,1,2,1,1,6
202000024843,2020-09-06 03:00:00,2020,9,6,3,0,44,44168,D16,47.390842,-2.197024,Nuit sans éclairage public,Hors agglomération,Hors intersection,Normale,Autre collision,3,2,2,0,1,3,1,0,8,70,1,1,0,1,0,0,23.0,,voiture,,3,1,1,1,6
202000024844,2020-09-08 10:15:00,2020,9,8,10,15,29,29169,Chemin de Ty Hor,48.053393,-4.134008,Plein jour,Hors agglomération,Intersection en T,Normale,Deux véhicules - côté,3,2,2,0,1,1,1,0,1,80,2,2,1,0,1,0,31.0,51.0,utilitaire_camion,deux_roues,1,1,3,1,3
202000024845,2020-09-08 21:45:00,2020,9,8,21,45,35,35088,La Houzaie,47.975555,-1.543418,Nuit sans éclairage public,Hors agglomération,Intersection en X,Normale,Deux véhicules - côté,4,2,2,0,1,1,1,0,1,80,2,3,1,0,1,1,35.0,41.0,voiture,deux_roues,3,1,2,1,3
202000024846,2020-09-08 15:05:00,2020,9,8,15,5,13,13055,A507 sens Marseille - Aubagne,43.29584,5.42437,Plein jour,En agglomération,Hors intersection,Normale,Trois véhicules et plus - en chaîne,1,3,2,0,2,1,1,1,1,70,4,4,3,0,0,1,30.0,52.0,utilitaire_camion,utilitaire_camion,1,2,1,1,4
202000024847,2020-09-08 02:30:00,2020,9,8,2,30,13,13207,Tunnel Prado Carénage,43.291015,5.3657353,Nuit avec éclairage allumé,Hors agglomération,Hors intersection,Normale,Autre collision,7,3,1,0,1,2,1,0,1,50,1,1,0,0,0,1,41.0,,voiture,,5,1,1,1,6
202000024848,2020-09-07 19:00:00,2020,9,7,19,0,13,13215,A7-Sens Lyon vers Marseille,43.379104,5.354557,Plein jour,Hors agglomération,Hors intersection,Normale,Trois véhicules et plus - en chaîne,1,1,4,0,1,1,1,3,1,50,3,4,2,0,0,2,29.0,29.0,voiture,voiture,1,1,1,1,4
202000024849,2020-09-07 08:15:00,2020,9,7,8,15,69,69029,RD383   7.640 A 11.044,45.7299056,4.8985757,Plein jour,Hors agglomération,Hors intersection,Normale,Trois véhicules et plus - en chaîne,3,3,4,0,1,1,1,0,1,70,3,3,2,1,0,0,33.0,54.0,utilitaire_camion,deux_roues,1,1,1,1,4
202000024850,2020-09-04 17:30:00,2020,9,4,17,30,57,57474,Autoroute A31,49.26594,6.17628,Plein jour,Hors agglomération,Hors intersection,Normale,Trois véhicules et plus - en chaîne,1,3,7,0,1,1,1,0,1,110,3,3,2,0,0,1,27.0,31.0,voiture,voiture,1,1,1,1,4
202000024851,2020-09-08 08:40:00,2020,9,8,8,40,57,57582,Autoroute A31,49.26792,6.17666,Plein jour,Hors agglomération,Hors intersection,Normale,Deux véhicules - arrière,1,3,7,0,1,1,1,0,1,110,2,2,0,0,0,2,30.0,47.0,voiture,voiture,1,1,1,1,2
202000024852,2020-09-08 17:40:00,2020,9,8,17,40,33,33281,ROCADE A 630,44.85372,-0.66499,Plein jour,Hors agglomération,Hors intersection,Normale,Deux véhicules - côté,1,3,6,0,1,1,1,0,1,90,2,2,1,0,0,1,20.0,36.0,voiture,deux_roues,1,1,1,1,3
202000024853,2020-09-08 09:10:00,2020,9,8,9,10,33,33065,ROUTE NATIONALE 230,44.81197,-0.52183,Plein jour,Hors agglomération,Hors intersection,Normale,Deux véhicules - côté,2,3,8,0,1,3,1,3,1,90,2,2,1,0,0,1,38.0,44.0,voiture,utilitaire_camion,1,1,1,1,3
202000024854,2020-09-08 18:10:00,2020,9,8,18,10,94,94003,AUTOROUTE A6A,48.81157,2.33722,Plein jour,Hors agglomération,Hors intersection,Normale,Trois véhicules et plus - en chaîne,1,3,6,0,1,1,1,0,1,70,3,4,2,0,0,2,40.0,57.0,voiture,voiture,1,1,1,1,4
202000024855,2020-09-08 18:05:00,2020,9,8,18,5,91,91161,AUTOROUTE A126,48.70807,2.30688,Plein jour,Hors agglomération,Hors intersection,Normale,Deux véhicules - côté,1,1,2,0,2,3,1,3,1,70,2,2,1,0,0,1,29.0,44.0,deux_roues,utilitaire_camion,1,1,1,1,3
202000024856,2020-09-08 16:05:00,2020,9,8,16,5,91,91377,AUTOROUTE A10,48.71334,2.27767,Plein jour,Hors agglomération,Hors intersection,Normale,Deux véhicules - arrière,1,3,6,0,1,1,1,0,1,90,2,2,1,0,0,1,24.0,57.0,voiture,deux_roues,1,1,1,1,2
202000024857,2020-09-08 08:10:00,2020,9,8,8,10,91,91339,RN 104,48.63096,2.23932,Plein jour,Hors agglomération,Hors intersection,Normale,Deux véhicules - côté,2,1,2,0,1,1,1,0,1,90,2,2,1,0,1,0,27.0,29.0,deux_roues,voiture,1,1,1,1,3
202000024858,2020-09-08 08:19:00,2020,9,8,8,19,94,94038,AUTOROUTE A6A,48.7778,2.3465,Plein jour,Hors agglomération,Hors intersection,Normale,Deux véhicules - arrière,1,1,3,0,1,1,1,0,1,90,2,2,1,0,0,1,54.0,32.0,voiture,voiture,1,1,1,1,2
202000024859,2020-09-08 18:35:00,2020,9,8,18,35,92,92050,A86,48.90719,2.21195,Plein jour,Hors agglomération,Hors intersection,Normale,Deux véhicules - arrière,1,3,4,0,1,1,1,0,2,90,2,2,1,0,0,1,62.0,29.0,voiture,deux_roues,1,1,1,1,2
202000024860,2020-09-08 17:25:00,2020,9,8,17,25,92,92050,A14,48.8994409,2.2132296,Plein jour,Hors agglomération,Hors intersection,Normale,Trois véhicules et plus - en chaîne,1,3,6,0,1,1,1,1,1,70,3,4,3,0,0,1,20.0,35.0,utilitaire_camion,deux_roues,1,1,1,1,4
202000024861,2020-09-08 17:00:00,2020,9,8,17,0,93,93027,AUTOROUTE A86,48.92292,2.38014,Plein jour,Hors agglomération,Hors intersection,Normale,Trois véhicules et plus - en chaîne,1,3,9,0,1,1,1,1,1,90,3,3,2,0,0,1,40.0,33.0,utilitaire_camion,voiture,1,1,1,1,4
202000024862,2020-09-08 16:00:00,2020,9,8,16,0,93,93006,AUTOROUTE A3,48.86992,2.43038,Plein jour,Hors agglomération,Hors intersection,Normale,Deux véhicules - arrière,1,3,8,0,1,1,1,0,1,90,2,2,1,0,0,1,48.0,47.0,voiture,deux_roues,1,1,1,1,2
202000024863,2020-09-08 13:35:00,2020,9,8,13,35,95,95527,AUTOROUTE A3,48.9971,2.5158,Plein jour,Hors agglomération,Hors intersection,Normale,Sans collision,1,3,3,0,1,3,8,0,1,50,1,1,0,0,0,1,59.0,,voiture,,1,1,1,1,7
202000024864,2020-09-08 09:35:00,2020,9,8,9,35,93,93066,AUTOROUTE A86,48.92245,2.35316,Plein jour,Hors agglomération,Hors intersection,Normale,Trois véhicules et plus - en chaîne,1,3,9,0,1,1,1,2,1,90,3,3,1,0,0,2,36.0,56.0,deux_roues,voiture,1,1,1,1,4
202000024865,2020-09-08 20:15:00,2020,9,8,20,15,77,77121,A104,48.838479,2.664608,Nuit avec éclairage allumé,Hors agglomération,Hors intersection,Normale,Autre collision,1,1,3,0,1,3,1,0,3,90,1,1,0,0,0,1,26.0,,voiture,,5,1,1,1,6
202000024866,2020-09-08 18:00:00,2020,9,8,18,0,94,94073,A86 INT,48.7533,2.3757,Plein jour,Hors agglomération,Hors intersection,Normale,Deux véhicules - côté,1,3,2,0,1,1,1,0,1,90,2,2,1,0,0,1,57.0,45.0,voiture,deux_roues,1,1,1,1,3
202000024867,2020-09-08 14:00:00,2020,9,8,14,0,93,93051,A4,48.83567,2.56316,Plein jour,Hors agglomération,Hors intersection,Normale,Deux véhicules - côté,1,1,3,0,1,1,1,0,1,110,2,2,1,0,0,1,21.0,35.0,voiture,deux_roues,1,1,1,1,3
202000024868,2020-09-08 10:00:00,2020,9,8,10,0,94,94028,RN406.W,48.7767125,2.4430892,Plein jour,Hors agglomération,Hors intersection,Normale,Trois véhicules et plus - en chaîne,2,3,4,0,1,1,1,0,1,90,4,4,3,0,0,1,34.0,66.0,voiture,voiture,1,1,1,1,4
202000024869,2020-09-08 07:55:00,2020,9,8,7,55,94,94028,A86 EXT,48.7860659,2.440297,Plein jour,Hors agglomération,Hors intersection,Normale,Sans collision,1,3,6,0,1,1,1,0,1,90,1,1,0,0,0,1,29.0,,deux_roues,,1,1,1,1,7
202000024870,2020-09-06 18:30:00,2020,9,6,18,30,974,97416,POUDRIERE (RUE DE LA),-21.33814,55.45811,Nuit avec éclairage allumé,Hors agglomération,Hors intersection,Pluie légère,Autre collision,6,1,1,0,1,1,1,9,1,30,1,2,1,0,0,1,22.0,,voiture,,5,1,1,2,6