accident_id,datetime,annee,mois,jour,heure,minute,departement,commune_insee,adresse,latitude,longitude,luminosite,agglomeration,intersection,meteo,collision,catr,circ,nbv,vosp,prof,plan,surf,infra,situ,vma,nb_vehicules,nb_usagers,nb_indemnes,nb_tues,nb_blesses_hosp,nb_blesses_legers,age_cond_1,age_cond_2,veh_type_cond_1,veh_type_cond_2,lum_code,agg_code,int_code,atm_code,col_code
202000024871,2020-09-07 08:50:00,2020,9,7,8,50,974,97411,MAHY (FRANCOIS DE),-20.89805,55.48475,Plein jour,En agglomération,Hors intersection,Pluie légère,Deux véhicules - frontale,4,2,2,0,1,1,2,0,1,50,2,3,2,0,0,1,29.0,33.0,voiture,voiture,1,2,1,2,1
202000024872,2020-09-07 17:30:00,2020,9,7,17,30,973,97302,FELIX EBOUE(ROCADE),4.9404179,-52.3048997,Plein jour,En agglomération,Hors intersection,Normale,Autre collision,3,2,2,0,1,1,1,0,1,50,1,3,1,0,0,2,25.0,,deux_roues,,1,2,1,1,6
202000024873,2020-09-07 12:45:00,2020,9,7,12,45,69,69383,MARECHAL DE SAXE                    (AV),45.7542041,4.8469624,Plein jour,En agglomération,Hors intersection,Normale,Sans collision,4,2,3,1,1,1,1,0,1,50,1,1,0,0,0,1,39.0,,deux_roues,,1,2,1,1,7
202000024874,2020-09-07 08:20:00,2020,9,7,8,20,69,69388,ETATS UNIS (DES)                    (BD),45.72882,4.8681,Plein jour,En agglomération,Hors intersection,Normale,Autre collision,9,2,8,0,1,1,1,9,6,50,1,2,1,1,0,0,44.0,,transport_commun,,1,2,1,1,6
202000024875,2020-09-07 07:50:00,2020,9,7,7,50,69,69199,JEAN JAURES                         (AV),45.71127,4.8551,Plein jour,En agglomération,Hors intersection,Normale,Trois véhicules et plus - en chaîne,3,2,2,0,1,1,1,0,1,50,3,2,0,0,0,2,44.0,54.0,voiture,voiture,1,2,1,1,4
202000024876,2020-09-05 02:30:00,2020,9,5,2,30,972,97213,Autoroute,14.6180214,-61.0298762,Nuit sans éclairage public,Hors agglomération,Hors intersection,Normale,Trois véhicules et plus - en chaîne,1,1,1,0,1,1,1,0,1,90,3,3,2,1,0,0,34.0,30.0,deux_roues,voiture,3,1,1,1,4
202000024877,2020-09-07 16:46:00,2020,9,7,16,46,2B,2B120,11 - RT,42.65739,9.44148,Plein jour,En agglomération,Hors intersection,Normale,Deux véhicules - arrière,2,2,4,0,1,1,1,0,1,50,2,2,1,0,1,0,48.0,30.0,deux_roues,voiture,1,2,1,1,2
202000024878,2020-09-07 17:40:00,2020,9,7,17,40,971,97113,Section Port Blanc,16.24387,-61.46179,Plein jour,En agglomération,Hors intersection,Normale,Autre collision,3,2,2,0,1,1,1,0,1,30,1,2,1,0,0,1,90.0,,voiture,,1,2,1,1,6
202000024879,2020-09-07 01:48:00,2020,9,7,1,48,91,91064,Léon MIGNOTTE (rue),48.75554,2.21297,Nuit avec éclairage non allumé,En agglomération,Hors intersection,Normale,Autre collision,4,2,2,0,1,1,1,0,4,30,1,3,2,0,0,1,18.0,,voiture,,4,2,1,1,6
202000024880,2020-09-06 15:45:00,2020,9,6,15,45,91,91109,ETAMPES (ROUTE D')    RD 207,48.4589,2.13607,Plein jour,Hors agglomération,Hors intersection,Normale,Sans collision,3,2,-1,0,1,1,1,0,1,70,1,1,0,0,1,0,31.0,,deux_roues,,1,1,1,1,7
202000024881,2020-09-04 17:00:00,2020,9,4,17,0,91,91223,LYS (RUE DES),48.430116,2.136693,Plein jour,En agglomération,Autre intersection,Normale,Autre collision,4,-1,1,0,1,2,1,9,1,15,1,2,1,0,0,1,55.0,,voiture,,1,2,9,1,6
202000024882,2020-09-07 11:15:00,2020,9,7,11,15,91,91174,MAURICE RIQUIEZ (QUAI),48.612065,2.487749,Plein jour,En agglomération,Intersection en T,Temps éblouissant,Deux véhicules - côté,4,2,2,0,1,1,1,0,1,50,2,2,1,0,0,1,23.0,62.0,voiture,voiture,1,2,3,7,3
202000024883,2020-09-06 15:23:00,2020,9,6,15,23,87,87085,RUBEN (AVENUE ERNEST),45.82354,1.25115,Plein jour,En agglomération,Intersection en X,Normale,Deux véhicules - côté,4,3,2,0,2,1,1,5,1,50,2,2,1,0,0,1,49.0,56.0,voiture,deux_roues,1,2,2,1,3
202000024884,2020-09-06 10:37:00,2020,9,6,10,37,87,87085,VIENNE (RUE JEAN DE),45.83828,1.19684,Plein jour,En agglomération,Hors intersection,Normale,Deux véhicules - côté,4,2,2,0,1,1,1,0,1,50,2,2,1,0,1,0,85.0,55.0,voiture,utilitaire_camion,1,2,1,1,3
202000024885,2020-09-02 18:05:00,2020,9,2,18,5,83,83123,EUROPE UNIE (AVENUE),43.11696,5.80652,Plein jour,En agglomération,Hors intersection,Normale,Autre collision,4,2,2,0,1,1,1,0,1,50,1,2,1,0,1,0,29.0,,voiture,,1,2,1,1,6
202000024886,2020-09-04 20:35:00,2020,9,4,20,35,80,80021,JEAN RACINE (RUE),49.86403,2.33883,Crépuscule ou aube,En agglomération,Hors intersection,Normale,Deux véhicules - frontale,4,2,2,0,1,2,1,0,1,50,2,3,1,0,1,1,34.0,28.0,voiture,voiture,2,2,1,1,1
202000024887,2020-09-03 13:40:00,2020,9,3,13,40,80,80021,FRANCS MURIERS (RUE DES),49.89677,2.30025,Plein jour,En agglomération,Hors intersection,Normale,Autre collision,4,2,4,0,1,1,1,0,1,50,1,2,1,0,0,1,20.0,,voiture,,1,2,1,1,6
202000024888,2020-09-03 18:20:00,2020,9,3,18,20,80,80021,FEDERES (BOULEVARD DES),49.89541,2.28342,Plein jour,En agglomération,Hors intersection,Normale,Trois véhicules et plus - collisions multiples,4,2,4,0,1,1,1,0,1,50,3,3,2,0,0,1,25.0,47.0,voiture,voiture,1,2,1,1,5
202000024889,2020-09-08 01:45:00,2020,9,8,1,45,78,78551,RD 308,48.939436,2.076063,Nuit sans éclairage public,Hors agglomération,Intersection en X,Normale,Deux véhicules - arrière,3,2,2,0,1,1,1,5,1,70,2,1,0,0,0,1,33.0,,deux_roues,,3,1,2,1,2
202000024890,2020-09-07 16:55:00,2020,9,7,16,55,77,77337,SALVADOR ALLENDE (BOULEVARD),48.85112,2.62112,Plein jour,En agglomération,Giratoire,Normale,Autre collision,3,3,2,0,1,1,1,6,1,50,1,2,1,0,0,1,21.0,,voiture,,1,2,6,1,6
202000024891,2020-09-05 09:05:00,2020,9,5,9,5,76,76540,AMIENS. RUE D',49.44019,1.10272,Plein jour,En agglomération,Intersection en T,Normale,Deux véhicules - côté,4,2,2,0,1,1,1,0,1,30,2,2,1,0,0,1,26.0,54.0,utilitaire_camion,voiture,1,2,3,1,3
202000024892,2020-09-06 04:00:00,2020,9,6,4,0,76,76351,MARECHAL JOFFRE (RUE),49.4996,0.12274,Nuit avec éclairage allumé,En agglomération,Intersection en X,Normale,Deux véhicules - arrière,4,2,2,0,1,1,1,0,1,50,2,2,1,0,1,0,31.0,25.0,deux_roues,voiture,5,2,2,1,2
202000024893,2020-09-06 00:55:00,2020,9,6,0,55,76,76351,REPUBLIQUE (COURS DE LA),49.5,0.1298,Nuit avec éclairage allumé,En agglomération,Intersection en X,Normale,Sans collision,4,2,4,0,2,1,1,0,1,50,1,2,1,0,0,1,37.0,,deux_roues,,5,2,2,1,7
202000024894,2020-09-06 13:50:00,2020,9,6,13,50,74,74012,ROMAGNY (RUE DE),46.195367,6.243642,Plein jour,En agglomération,Giratoire,Normale,Deux véhicules - côté,4,1,2,0,1,3,1,5,1,50,2,2,1,0,0,1,16.0,69.0,deux_roues,utilitaire_camion,1,2,6,1,3
202000024895,2020-09-03 11:00:00,2020,9,3,11,0,73,73008,LEPIC BOULEVARD,45.678234,5.904671,Plein jour,En agglomération,Intersection en T,Normale,Deux véhicules - côté,4,2,2,1,1,1,1,0,1,50,2,2,1,0,1,0,56.0,68.0,voiture,deux_roues,1,2,3,1,3
202000024896,2020-09-07 13:50:00,2020,9,7,13,50,72,72181,VAL DE LOIR (RUE DU),47.97275,0.20456,Plein jour,En agglomération,Intersection en T,Normale,Deux véhicules - côté,4,2,2,0,1,1,1,0,1,50,2,2,1,0,0,1,51.0,54.0,utilitaire_camion,voiture,1,2,3,1,3
202000024897,2020-09-07 08:40:00,2020,9,7,8,40,72,72181,COPERNIC (RUE),48.0148,0.17563,Plein jour,En agglomération,Intersection en X,Normale,Deux véhicules - côté,4,2,2,0,1,1,1,0,1,50,2,2,1,0,0,1,16.0,27.0,deux_roues,voiture,1,2,2,1,3
202000024898,2020-09-07 07:30:00,2020,9,7,7,30,72,72181,LIBERATION (AV DE LA) N° PAIRS 2 A 122,48.0148,0.17563,Crépuscule ou aube,En agglomération,Hors intersection,Normale,Deux véhicules - côté,4,2,4,2,1,1,1,0,1,50,2,2,1,0,0,1,19.0,44.0,voiture,deux_roues,2,2,1,1,3
202000024899,2020-09-07 07:30:00,2020,9,7,7,30,69,69266,4 AOUT 1789    (Rue du),45.76476,4.88304,Plein jour,En agglomération,Intersection en X,Normale,Deux véhicules - côté,4,2,2,0,1,1,1,0,1,50,2,2,1,0,0,1,37.0,28.0,deux_roues,utilitaire_camion,1,2,2,1,3
202000024900,2020-09-06 01:10:00,2020,9,6,1,10,69,69266,EUGENE REGUILLON     (Boulevard),45.7626,4.89951,Nuit avec éclairage allumé,En agglomération,Hors intersection,Normale,Autre collision,4,1,1,0,2,1,1,0,4,50,1,5,0,0,0,5,21.0,,voiture,,5,2,1,1,6
202000024901,2020-09-04 18:28:00,2020,9,4,18,28,66,66136,JOFFRE (AVENUE DU MARECHAL CD 88),42.71812,2.88724,Plein jour,En agglomération,Hors intersection,Normale,Deux véhicules - côté,4,2,2,0,1,1,1,0,1,50,2,2,1,0,0,1,38.0,16.0,voiture,deux_roues,1,2,1,1,3
202000024902,2020-09-07 18:37:00,2020,9,7,18,37,64,64102,SOULT (AVENUE MARECHAL),43.48522,-1.4935,Plein jour,En agglomération,Hors intersection,Normale,Deux véhicules - arrière,3,3,2,0,2,1,1,0,1,50,2,2,1,0,0,1,25.0,15.0,voiture,deux_roues,1,2,1,1,2
202000024903,2020-09-07 10:41:00,2020,9,7,10,41,63,63113,AGRICULTURE (AVENUE DE L'),45.7788,3.12649,Plein jour,En agglomération,Intersection en Y,Normale,Trois véhicules et plus - en chaîne,2,3,4,0,1,1,1,5,1,70,3,3,2,0,0,1,36.0,50.0,voiture,voiture,1,2,4,1,4
202000024904,2020-09-05 17:49:00,2020,9,5,17,49,63,63113,SARDOU (RUE VICTORIEN),45.81012,3.1231,Plein jour,En agglomération,Hors intersection,Normale,,4,2,2,0,1,1,1,0,1,50,2,2,1,0,1,0,27.0,22.0,voiture,deux_roues,1,2,1,1,-1
202000024905,2020-09-05 20:00:00,2020,9,5,20,0,56,56162,KERSCOUET,47.70967,-3.43872,Plein jour,Hors agglomération,Giratoire,Normale,Sans collision,3,2,2,0,1,1,1,5,1,70,1,2,1,0,1,0,49.0,,deux_roues,,1,1,6,1,7
202000024906,2020-09-05 11:55:00,2020,9,5,11,55,56,56098,Rue Andreï Sakharov,47.77747,-3.3442,Plein jour,En agglomération,Giratoire,Normale,Deux véhicules - arrière,4,2,2,0,2,1,1,0,1,50,2,2,1,0,0,1,47.0,64.0,voiture,deux_roues,1,2,6,1,2
202000024907,2020-09-05 08:25:00,2020,9,5,8,25,56,56121,MULLER ( DU COLONEL JEAN ),47.76234,-3.39075,Plein jour,En agglomération,Intersection en T,Normale,Deux véhicules - côté,4,2,2,0,1,1,1,0,1,50,2,2,1,0,0,1,84.0,28.0,voiture,deux_roues,1,2,3,1,3
202000024908,2020-09-07 08:10:00,2020,9,7,8,10,54,54578,MULLER (AVENUE PAUL),48.6586,6.11773,Plein jour,En agglomération,Hors intersection,Normale,Autre collision,4,2,2,0,1,1,1,0,1,50,1,3,2,0,0,1,67.0,,voiture,,1,2,1,1,6
202000024909,2020-09-05 20:19:00,2020,9,5,20,19,54,54526,FRATERNITE (RUE DE LA),48.69342,6.21193,Crépuscule ou aube,En agglomération,Giratoire,Normale,Deux véhicules - côté,3,1,2,-1,1,2,1,0,1,-1,2,2,1,0,0,1,19.0,30.0,voiture,deux_roues,2,2,6,1,3
202000024910,2020-09-04 18:55:00,2020,9,4,18,55,51,51172,Boulevard d’Alsace Lorraine,49.2175379,4.0458165,Plein jour,En agglomération,Giratoire,Normale,Sans collision,4,2,4,0,1,2,1,0,1,10,1,3,1,0,0,2,80.0,,voiture,,1,2,6,1,7
202000024911,2020-09-05 09:55:00,2020,9,5,9,55,50,50602,NORTHEIM (AVENUE DE),49.644,-1.58113,Plein jour,En agglomération,Intersection en X,Normale,Deux véhicules - côté,4,2,2,0,1,1,1,5,1,50,2,2,1,0,0,1,17.0,78.0,deux_roues,deux_roues,1,2,2,1,3
202000024912,2020-09-05 04:50:00,2020,9,5,4,50,49,49015,MEIGNANNE ROUTE DE LA,47.49933,-0.61973,Nuit sans éclairage public,Hors agglomération,Hors intersection,Normale,Autre collision,3,2,2,0,1,1,1,0,1,50,1,3,0,0,2,1,19.0,,voiture,,3,1,1,1,6
202000024913,2020-09-05 19:30:00,2020,9,5,19,30,49,49007,CHAMBRE AUX DENIERS RUE ET CHEM,47.46571,-0.60239,Plein jour,En agglomération,Giratoire,Normale,Deux véhicules - arrière,4,2,2,0,1,1,1,0,1,50,2,2,1,0,0,1,45.0,42.0,transport_commun,deux_roues,1,2,6,1,2
202000024914,2020-09-07 13:50:00,2020,9,7,13,50,45,45075,Route d’Orléans,47.89164,1.8429,Plein jour,En agglomération,Giratoire,Normale,Sans collision,3,4,2,0,1,2,1,0,1,50,1,1,0,0,0,1,41.0,,deux_roues,,1,2,6,1,7
202000024915,2020-09-04 09:10:00,2020,9,4,9,10,44,44184,EUROPE (BOULEVARD DE L'),47.28199,-2.20384,Plein jour,En agglomération,Giratoire,Normale,Deux véhicules - côté,4,1,1,1,1,2,1,0,1,50,2,3,2,0,0,1,26.0,15.0,utilitaire_camion,deux_roues,1,2,6,1,3
202000024916,2020-09-03 17:45:00,2020,9,3,17,45,44,44184,COMMANDIERES (CHEMIN DES),47.28783,-2.25534,Plein jour,En agglomération,Autre intersection,Normale,Deux véhicules - côté,4,2,2,0,1,1,1,9,1,50,2,2,1,0,0,1,59.0,29.0,deux_roues,voiture,1,2,9,1,3
202000024917,2020-09-07 11:05:00,2020,9,7,11,5,42,42187,Rue Pierre Dépierre,46.03166,4.07617,Plein jour,En agglomération,Giratoire,Normale,Deux véhicules - côté,4,-1,1,0,1,1,1,0,1,50,2,2,1,0,0,1,76.0,80.0,deux_roues,voiture,1,2,6,1,3
202000024918,2020-09-04 22:55:00,2020,9,4,22,55,41,41018,SAINT-JEAN (QUAI),47.58976,1.34164,Nuit avec éclairage allumé,En agglomération,Hors intersection,Normale,Deux véhicules - arrière,4,2,2,0,1,1,1,0,1,50,2,4,3,0,0,1,64.0,21.0,voiture,voiture,5,2,1,1,2
202000024919,2020-09-07 22:10:00,2020,9,7,22,10,37,37261,TONNELLE (BOULEVARD),47.3836741,0.6682866,Nuit avec éclairage allumé,En agglomération,Intersection en X,Normale,Deux véhicules - côté,4,2,2,0,1,1,1,0,1,50,2,2,0,0,2,0,30.0,21.0,deux_roues,deux_roues,5,2,2,1,3
202000024920,2020-09-07 08:17:00,2020,9,7,8,17,37,37261,JEMMAPES (RUE),47.4182324,0.683728,Plein jour,En agglomération,Hors intersection,Normale,Deux véhicules - côté,4,2,3,2,1,1,1,4,6,30,2,2,1,0,0,1,57.0,21.0,transport_commun,deux_roues,1,2,1,1,3
202000024921,2020-09-07 18:40:00,2020,9,7,18,40,35,35238,LORIENT (DE),48.10865,-1.69917,Plein jour,En agglomération,Intersection en T,Normale,Deux véhicules - frontale,4,1,1,1,2,1,1,0,1,30,2,2,1,0,0,1,59.0,36.0,deux_roues,voiture,1,2,3,1,1
202000024922,2020-09-07 18:20:00,2020,9,7,18,20,35,35238,21 Boulevard de la Tour d'Auvergne,48.105359,-1.6844526,Plein jour,En agglomération,Intersection en X,Normale,Autre collision,4,3,3,2,1,1,1,5,1,50,1,2,1,0,0,1,28.0,,voiture,,1,2,2,1,6
202000024923,2020-09-07 16:25:00,2020,9,7,16,25,35,35278,AUGE DE PIERRE (ROND POINT DE L'),48.13631,-1.69202,Plein jour,En agglomération,Giratoire,Normale,Autre collision,4,1,2,0,1,1,1,5,1,50,1,2,1,0,0,1,22.0,,voiture,,1,2,6,1,6
202000024924,2020-08-31 19:05:00,2020,8,31,19,5,33,33063,AVE DE LA REPUBLIQUE CAUD,44.84004,-0.60167,Plein jour,En agglomération,Intersection en T,Normale,Autre collision,4,1,4,2,1,1,1,0,1,50,1,2,1,0,0,1,27.0,,deux_roues,,1,2,3,1,6
202000024925,2020-08-28 18:55:00,2020,8,28,18,55,33,33063,RUE DE L'ECOLE NORMALE CAUD,44.84776,-0.60193,Plein jour,En agglomération,Intersection en T,Normale,Deux véhicules - côté,4,2,3,2,1,1,1,0,1,50,2,3,1,0,0,2,24.0,38.0,deux_roues,voiture,1,2,3,1,3
202000024926,2020-09-07 11:05:00,2020,9,7,11,5,31,31555,AV DE FRONTON,43.6365,1.4333,Plein jour,En agglomération,Hors intersection,Normale,Deux véhicules - frontale,3,2,3,0,1,1,1,0,1,50,2,2,1,0,0,1,32.0,23.0,deux_roues,voiture,1,2,1,1,1
202000024927,2020-09-05 15:00:00,2020,9,5,15,0,31,31555,AV ETIENNE BILLIERES,43.59661,1.42415,Plein jour,En agglomération,Hors intersection,Normale,Deux véhicules - côté,4,2,3,1,1,1,1,0,1,50,2,2,1,0,1,0,64.0,34.0,deux_roues,voiture,1,2,1,1,3
202000024928,2020-09-04 18:15:00,2020,9,4,18,15,31,31555,AV FRANCOIS COLLIGNON,43.6174,1.44491,Plein jour,En agglomération,Hors intersection,Normale,Autre collision,4,2,2,0,1,1,1,0,1,50,1,2,1,0,1,0,72.0,,voiture,,1,2,1,1,6
202000024929,2020-09-04 16:00:00,2020,9,4,16,0,31,31555,RTE DE BAYONNE,43.60787,1.39479,Plein jour,En agglomération,Hors intersection,Normale,Deux véhicules - arrière,4,2,2,1,1,1,1,0,1,50,2,2,1,0,0,1,31.0,25.0,voiture,deux_roues,1,2,1,1,2
202000024930,2020-09-07 13:40:00,2020,9,7,13,40,30,30189,POULX (ROUTE DE),43.86783,4.40575,Plein jour,Hors agglomération,Hors intersection,Normale,Deux véhicules - arrière,3,2,2,0,2,2,1,0,1,50,2,2,1,0,0,1,24.0,69.0,deux_roues,voiture,1,1,1,1,2
202000024931,2020-09-07 18:05:00,2020,9,7,18,5,29,29232,Rue de Pont-l'Abbe,47.9913,-4.11719,Plein jour,En agglomération,Giratoire,Autre,Autre collision,4,3,2,0,1,1,1,5,1,50,1,2,1,0,0,1,40.0,,voiture,,1,2,6,9,6
202000024932,2020-09-07 08:10:00,2020,9,7,8,10,28,28085,EIFFEL (RUE GUSTAVE),48.4466,1.5372,Plein jour,Hors agglomération,Autre intersection,Temps éblouissant,Autre collision,3,-1,2,0,1,1,1,6,1,50,1,2,1,0,1,0,41.0,,voiture,,1,1,9,7,6
202000024933,2020-09-07 17:00:00,2020,9,7,17,0,27,27375,PACY (ROUTE DE),49.20096,1.18579,Plein jour,En agglomération,Intersection en T,Normale,Deux véhicules - frontale,3,2,2,0,1,1,1,0,1,50,2,3,1,0,1,1,55.0,18.0,voiture,deux_roues,1,2,3,1,1
202000024934,2020-09-07 04:40:00,2020,9,7,4,40,27,27375,SAINT PIERRE (ROUTE DE),49.2238,1.18117,Nuit avec éclairage allumé,En agglomération,Giratoire,Temps couvert,Autre collision,3,-1,1,0,1,2,1,0,1,50,1,1,0,0,0,1,15.0,,deux_roues,,5,2,6,8,6
202000024935,2020-09-07 17:25:00,2020,9,7,17,25,25,25056,Rue de la Grette,47.22745,6.00815,Plein jour,En agglomération,Hors intersection,Normale,Deux véhicules - côté,4,2,2,0,2,1,1,0,1,50,2,2,1,0,0,1,20.0,17.0,voiture,deux_roues,1,2,1,1,3
202000024936,2020-09-06 12:30:00,2020,9,6,12,30,17,17333,SUZAC (AVENUE DE),45.58909,-0.9866,Plein jour,En agglomération,Hors intersection,Normale,Trois véhicules et plus - en chaîne,4,-1,1,0,1,1,1,0,1,50,3,3,2,0,0,1,46.0,31.0,deux_roues,deux_roues,1,2,1,1,4
202000024937,2020-09-07 07:57:00,2020,9,7,7,57,17,17274,GRANDE RUE   RUE,46.152219,-1.10298,Plein jour,En agglomération,Hors intersection,Normale,,4,2,2,0,1,1,1,0,1,30,2,3,2,0,1,0,51.0,17.0,utilitaire_camion,deux_roues,1,2,1,1,-1
202000024938,2020-09-06 10:15:00,2020,9,6,10,15,14,14366,GUIZOT (RUE),49.1470164,0.2093851,Plein jour,En agglomération,Hors intersection,Normale,Deux véhicules - côté,3,2,2,0,2,1,1,0,1,50,2,4,3,0,1,0,74.0,75.0,voiture,voiture,1,2,1,1,3
202000024939,2020-09-05 18:45:00,2020,9,5,18,45,14,14366,PAUL CORNU ( RD48 RUE),49.1585916,0.2220029,Plein jour,En agglomération,Hors intersection,Normale,Autre collision,4,2,-1,0,1,1,1,0,1,50,1,2,0,0,2,0,76.0,,voiture,,1,2,1,1,6
202000024940,2020-09-07 12:20:00,2020,9,7,12,20,14,14118,CHERON (AVENUE HENRI),49.172379,-0.395862,Plein jour,En agglomération,Hors intersection,Normale,Autre collision,4,2,1,0,1,1,1,0,1,50,1,1,0,0,0,1,60.0,,voiture,,1,2,1,1,6
202000024941,2020-09-05 20:45:00,2020,9,5,20,45,13,13054,8 MAI 1945 (AV DU ),43.410934,5.210233,Nuit avec éclairage allumé,En agglomération,Autre intersection,Normale,Autre collision,3,1,1,0,1,2,1,0,1,50,1,2,1,0,1,0,83.0,,voiture,,5,2,9,1,6
202000024942,2020-09-07 16:30:00,2020,9,7,16,30,13,13213,FRAIS VALLON (AVENUE),43.3251,5.4233,Plein jour,En agglomération,Intersection en X,Normale,Deux véhicules - côté,3,2,5,0,1,1,1,0,1,50,2,3,1,0,0,2,30.0,59.0,voiture,voiture,1,2,2,1,3
202000024943,2020-09-07 19:05:00,2020,9,7,19,5,13,13063,LITTORAL RUE DU,43.5741,5.0052,Plein jour,En agglomération,Autre intersection,Normale,Autre collision,4,2,1,0,1,1,1,0,1,50,1,1,0,0,0,1,46.0,,autre,,1,2,9,1,6
202000024944,2020-08-29 23:45:00,2020,8,29,23,45,11,11262,FABRE (RUE D'EGLANTINE),43.18081,3.0099,Nuit avec éclairage allumé,En agglomération,Intersection en T,Normale,Deux véhicules - côté,4,1,1,0,1,1,1,0,1,30,2,2,1,0,0,1,43.0,82.0,deux_roues,voiture,5,2,3,1,3
202000024945,2020-09-05 15:30:00,2020,9,5,15,30,08,08105,NIVELET E.,49.78,4.7,Plein jour,En agglomération,Hors intersection,Normale,Autre collision,4,2,2,0,1,1,1,0,1,50,1,2,0,0,2,0,74.0,,voiture,,1,2,1,1,6
202000024946,2020-09-07 08:09:00,2020,9,7,8,9,06,06069,LIBERATION (AVENUE DE LA),43.647405,6.913262,Plein jour,En agglomération,Hors intersection,Normale,Deux véhicules - arrière,3,2,2,0,1,1,1,0,1,50,2,2,1,0,0,1,45.0,33.0,utilitaire_camion,voiture,1,2,1,1,2
202000024947,2020-09-07 05:30:00,2020,9,7,5,30,06,06027,OUVEA ROND POINT DES GENDARMES D',43.670293,7.125267,Nuit avec éclairage allumé,En agglomération,Hors intersection,Normale,,4,1,2,0,1,2,1,0,1,50,2,2,1,0,0,1,59.0,53.0,deux_roues,voiture,5,2,1,1,-1
202000024948,2020-09-05 10:22:00,2020,9,5,10,22,05,05061,FOREST D'ENTRAIS ( RUE  DU ),44.56385,6.08414,Plein jour,En agglomération,Giratoire,Normale,Autre collision,2,-1,2,0,2,2,1,5,1,50,1,2,1,0,0,1,51.0,,voiture,,1,2,6,1,6
202000024949,2020-09-02 15:25:00,2020,9,2,15,25,02,02691,SCHUMAN (AV. ROBERT),49.85903,3.29182,Plein jour,En agglomération,Hors intersection,Normale,Autre collision,4,3,4,0,1,1,1,0,1,30,1,2,1,0,0,1,32.0,,utilitaire_camion,,1,2,1,1,6
202000024950,2020-09-07 15:20:00,2020,9,7,15,20,75,75120,PORTE DES LILAS,48.875556,2.409953,Plein jour,En agglomération,Hors intersection,Normale,Deux véhicules - côté,4,1,4,0,1,1,1,0,1,70,2,2,1,0,0,1,34.0,25.0,deux_roues,voiture,1,2,1,1,3
202000024951,2020-09-06 18:25:00,2020,9,6,18,25,75,75115,PORTE DE VERSAILLES,48.830488,2.285177,Plein jour,En agglomération,Hors intersection,Normale,Sans collision,4,-1,3,0,1,1,1,0,1,70,1,1,0,0,1,0,27.0,,deux_roues,,1,2,1,1,7
202000024952,2020-09-05 15:15:00,2020,9,5,15,15,75,75118,PORTE DE CLIGNANCOURT,48.900815,2.339917,Plein jour,En agglomération,Hors intersection,Normale,Deux véhicules - côté,4,1,4,0,1,1,1,0,1,70,2,2,1,0,0,1,49.0,47.0,voiture,deux_roues,1,2,1,1,3
202000024953,2020-09-05 14:56:00,2020,9,5,14,56,75,75113,PORTE DE GENTILLY,48.816368,2.34441,Plein jour,En agglomération,Hors intersection,Normale,Deux véhicules - côté,4,1,3,0,1,1,1,0,1,70,2,2,1,0,0,1,22.0,36.0,voiture,deux_roues,1,2,1,1,3
202000024954,2020-09-07 18:20:00,2020,9,7,18,20,75,75119,RUE RIQUET,48.88882,2.372847,Plein jour,En agglomération,Hors intersection,Normale,Autre collision,4,2,3,0,1,1,1,0,1,30,1,2,1,0,0,1,46.0,,voiture,,1,2,1,1,6
202000024955,2020-09-07 18:30:00,2020,9,7,18,30,75,75118,BOULEVARD DE CLICHY,48.882642,2.336907,Plein jour,En agglomération,Intersection en T,Temps couvert,Autre collision,4,1,3,1,1,1,1,-1,5,50,1,2,1,0,0,1,34.0,,deux_roues,,1,2,3,8,6
202000024956,2020-09-07 17:15:00,2020,9,7,17,15,75,75118,RUE LEIBNIZ,48.895806,2.329409,Plein jour,En agglomération,Hors intersection,Normale,,4,1,1,0,1,1,1,0,1,50,2,3,2,0,0,1,56.0,22.0,deux_roues,voiture,1,2,1,1,-1
202000024957,2020-09-06 15:05:00,2020,9,6,15,5,75,75118,BOULEVARD BARBES,48.888351,2.349583,Plein jour,En agglomération,Intersection en X,Normale,Autre collision,4,1,1,1,1,1,1,0,1,50,1,2,1,0,0,1,27.0,,deux_roues,,1,2,2,1,6
202000024958,2020-09-07 10:00:00,2020,9,7,10,0,75,75117,PLACE DE CLICHY,48.88347,2.32716,Plein jour,En agglomération,Place,Normale,Deux véhicules - côté,4,1,2,1,1,2,1,-1,5,50,2,2,1,0,0,1,48.0,36.0,voiture,deux_roues,1,2,7,1,3
202000024959,2020-09-07 14:30:00,2020,9,7,14,30,75,75116,AVENUE DE NEW YORK,48.864194,2.300128,Plein jour,En agglomération,Intersection en T,Normale,Deux véhicules - côté,4,1,2,3,1,1,1,-1,6,50,2,2,1,0,0,1,33.0,24.0,deux_roues,voiture,1,2,3,1,3
202000024960,2020-09-07 17:55:00,2020,9,7,17,55,75,75113,BOULEVARD DE L HOPITAL,48.833174,2.356679,Plein jour,En agglomération,Intersection en X,Normale,Deux véhicules - côté,4,2,4,3,2,1,1,-1,6,50,2,3,2,0,0,1,36.0,28.0,voiture,deux_roues,1,2,2,1,3
202000024961,2020-09-07 11:20:00,2020,9,7,11,20,75,75113,BOULEVARD SAINT MARCEL,48.838419,2.357049,Plein jour,En agglomération,Intersection en X,Normale,Autre collision,4,2,0,3,1,1,1,-1,6,50,1,2,1,0,0,1,57.0,,voiture,,1,2,2,1,6
202000024962,2020-09-07 09:30:00,2020,9,7,9,30,75,75112,AVENUE DE SAINT MANDE,48.84478,2.404508,Plein jour,En agglomération,Hors intersection,Normale,Deux véhicules - côté,4,2,4,1,2,1,1,-1,5,50,2,2,1,0,0,1,57.0,40.0,voiture,deux_roues,1,2,1,1,3
202000024963,2020-09-07 21:00:00,2020,9,7,21,0,75,75110,RUE DU HUIT MAI 1945,48.876199,2.357888,Nuit avec éclairage allumé,En agglomération,Intersection à plus de 4 branches,Normale,,4,2,2,0,1,1,1,0,1,50,2,2,1,0,0,1,40.0,46.0,voiture,deux_roues,5,2,5,1,-1
202000024964,2020-09-07 18:25:00,2020,9,7,18,25,75,75110,BOULEVARD DE MAGENTA,48.870528,2.361196,Plein jour,En agglomération,Intersection en X,Normale,Deux véhicules - côté,4,2,6,1,1,1,1,-1,5,50,2,3,2,0,0,1,43.0,21.0,voiture,deux_roues,1,2,2,1,3