accident_id,datetime,annee,mois,jour,heure,minute,departement,commune_insee,adresse,latitude,longitude,luminosite,agglomeration,intersection,meteo,collision,catr,circ,nbv,vosp,prof,plan,surf,infra,situ,vma,nb_vehicules,nb_usagers,nb_indemnes,nb_tues,nb_blesses_hosp,nb_blesses_legers,age_cond_1,age_cond_2,veh_type_cond_1,veh_type_cond_2,lum_code,agg_code,int_code,atm_code,col_code
202000025149,2020-06-07 20:10:00,2020,6,7,20,10,83,83043,Route des Maures,43.230759,6.255662,Plein jour,Hors agglomération,Hors intersection,Normale,,3,2,2,0,1,1,1,0,3,80,2,2,1,0,1,0,28.0,50.0,voiture,voiture,1,1,1,1,-1
202000025150,2020-06-08 07:30:00,2020,6,8,7,30,62,62677,D928,50.3361731,2.0266825,Crépuscule ou aube,Hors agglomération,Hors intersection,Pluie légère,Autre collision,3,2,2,0,1,1,2,0,3,80,1,1,0,0,1,0,51.0,,voiture,,2,1,1,2,6
202000025151,2020-11-07 16:55:00,2020,11,7,16,55,45,45208,COCHERY (RUE ADOLPHE),48.0,2.74,Plein jour,En agglomération,Hors intersection,Normale,Autre collision,4,2,1,0,1,1,1,0,1,50,1,1,0,0,0,1,38.0,,voiture,,1,2,1,1,6
202000025152,2020-08-04 18:34:00,2020,8,4,18,34,54,54116,RD400,48.59121,6.53326,Plein jour,En agglomération,Intersection en T,Normale,Deux véhicules - arrière,3,2,4,2,1,1,1,5,1,50,2,3,1,0,2,0,66.0,67.0,utilitaire_camion,deux_roues,1,2,3,1,2
202000025153,2020-05-31 16:30:00,2020,5,31,16,30,62,62908,N42,50.732734,1.724296,Plein jour,Hors agglomération,Hors intersection,Temps éblouissant,Deux véhicules - arrière,2,2,4,0,1,1,1,3,1,110,2,3,2,0,1,0,66.0,47.0,voiture,deux_roues,1,1,1,7,2
202000025154,2020-11-07 16:25:00,2020,11,7,16,25,37,37261,BORDIERS (RUE DES),47.4130338,0.6799159,Plein jour,En agglomération,Hors intersection,Normale,Sans collision,4,2,2,0,1,1,1,0,1,50,1,2,0,0,0,2,68.0,,deux_roues,,1,2,1,1,7
202000025155,2020-08-06 11:50:00,2020,8,6,11,50,51,51454,Rue André Chaillot,49.2879235,4.0244312,Plein jour,En agglomération,Giratoire,Normale,Sans collision,4,-1,2,0,1,3,1,0,1,50,1,2,1,0,0,1,67.0,,voiture,,1,2,6,1,7
202000025156,2020-06-03 16:30:00,2020,6,3,16,30,78,78465,12 Place des Halles,48.838801,1.701231,Plein jour,En agglomération,Hors intersection,Normale,Deux véhicules - côté,3,2,2,0,1,1,1,0,1,50,2,2,1,0,1,0,26.0,55.0,voiture,deux_roues,1,2,1,1,3
202000025157,2020-08-06 11:30:00,2020,8,6,11,30,51,51454,Avenue General Bonaparte,49.2298828,4.0073478,Plein jour,En agglomération,Hors intersection,Normale,Deux véhicules - arrière,4,3,2,0,1,1,1,0,1,50,2,2,1,0,0,1,35.0,50.0,voiture,voiture,1,2,1,1,2
202000025158,2020-11-07 19:40:00,2020,11,7,19,40,34,34172,TOULOUSE (AVENUE DE,43.58523,3.8512,Nuit sans éclairage public,En agglomération,Hors intersection,Pluie légère,Trois véhicules et plus - collisions multiples,3,2,2,0,2,3,2,0,1,50,3,4,0,0,0,4,25.0,54.0,voiture,voiture,3,2,1,2,5
202000025159,2020-11-06 21:30:00,2020,11,6,21,30,34,34129,MAUGUIO (ROUTE DE),43.574452,3.922339,Nuit sans éclairage public,En agglomération,Hors intersection,Pluie légère,,3,3,2,0,3,1,2,0,1,50,2,1,0,0,1,0,32.0,,deux_roues,,3,2,1,2,-1
202000025160,2020-06-06 19:30:00,2020,6,6,19,30,78,78465,1 Grande Rue,48.835923,1.701945,Plein jour,En agglomération,Intersection en Y,Normale,Deux véhicules - côté,4,2,-1,-1,1,1,1,5,1,-1,2,4,0,0,0,4,24.0,56.0,voiture,voiture,1,2,4,1,3
202000025161,2020-08-06 07:51:00,2020,8,6,7,51,51,51454,Avenue Nationale,49.284094,4.0101774,Plein jour,En agglomération,Hors intersection,Normale,Deux véhicules - arrière,3,2,2,0,1,1,1,0,1,50,2,2,1,0,0,1,57.0,57.0,deux_roues,utilitaire_camion,1,2,1,1,2
202000025162,2020-11-07 18:05:00,2020,11,7,18,5,33,33063,RUE DOMION CAUD,44.85671,-0.62464,Nuit avec éclairage allumé,En agglomération,Hors intersection,Normale,Trois véhicules et plus - collisions multiples,4,2,2,0,1,1,1,0,1,30,3,4,3,0,0,1,47.0,47.0,voiture,voiture,5,2,1,1,5
202000025163,2020-06-08 12:20:00,2020,6,8,12,20,2B,2B077,T10,42.473213,9.485455,Plein jour,Hors agglomération,Hors intersection,Pluie forte,Trois véhicules et plus - collisions multiples,2,2,2,0,2,1,2,0,1,80,3,3,1,0,1,1,51.0,32.0,utilitaire_camion,voiture,1,1,1,3,5
202000025164,2020-11-06 12:08:00,2020,11,6,12,8,21,21054,17 Rue Colbert,47.025964,4.846642,Plein jour,En agglomération,Hors intersection,Normale,Deux véhicules - côté,4,2,2,0,1,2,1,9,1,50,2,2,1,0,1,0,63.0,11.0,voiture,deux_roues,1,2,1,1,3
202000025165,2020-08-05 19:40:00,2020,8,5,19,40,51,51454,Boulevard Paul Doumer,49.2516759,4.0214363,Plein jour,En agglomération,Hors intersection,Normale,Trois véhicules et plus - en chaîne,4,2,3,0,1,1,1,2,1,50,3,4,3,0,0,1,25.0,52.0,voiture,deux_roues,1,2,1,1,4
202000025166,2020-06-07 16:15:00,2020,6,7,16,15,65,65107,CHEMIN DU BAYET,43.1082359,-0.0020195,Plein jour,En agglomération,Hors intersection,Temps couvert,Sans collision,4,2,2,0,2,3,2,0,1,50,1,4,0,0,1,3,20.0,,voiture,,1,2,1,8,7
202000025167,2020-11-07 16:45:00,2020,11,7,16,45,13,13214,PLOMBIERES (BOULEVARD DES),43.317733,5.380967,Crépuscule ou aube,En agglomération,Hors intersection,Pluie légère,Autre collision,4,3,4,0,1,1,2,0,1,50,1,1,0,0,0,1,,,,,2,2,1,2,6
202000025168,2020-11-07 16:30:00,2020,11,7,16,30,13,13209,ROMAIN ROLLAND (BOULEVARD),43.272668,5.411568,Crépuscule ou aube,En agglomération,Hors intersection,Normale,Autre collision,4,2,3,0,1,1,1,0,1,50,1,2,1,0,1,0,20.0,,deux_roues,,2,2,1,1,6
202000025169,2020-08-05 19:15:00,2020,8,5,19,15,49,49328,DOLMEN (ROND-POINT DU),47.24659,-0.0936,Plein jour,En agglomération,Hors intersection,Normale,Deux véhicules - côté,4,-1,1,0,2,1,1,5,1,30,2,2,1,0,0,1,61.0,49.0,deux_roues,voiture,1,2,1,1,3
202000025170,2020-06-07 12:15:00,2020,6,7,12,15,33,33071,Route de Cabara,44.83234,-0.176849,Plein jour,En agglomération,Hors intersection,Normale,Deux véhicules - frontale,3,2,2,0,1,1,1,0,1,50,2,3,2,0,0,1,31.0,,voiture,,1,2,1,1,1
202000025171,2020-11-07 13:30:00,2020,11,7,13,30,11,11069,VERGES MICHEL,43.2288,2.34157,Plein jour,En agglomération,Hors intersection,Pluie légère,Autre collision,4,2,2,0,1,1,2,0,4,50,1,1,0,0,0,1,20.0,,voiture,,1,2,1,2,6
202000025172,2020-08-05 12:30:00,2020,8,5,12,30,49,49007,MAIL,47.47258,-0.55742,Plein jour,En agglomération,Hors intersection,Normale,Deux véhicules - côté,3,1,2,0,1,1,1,0,1,10,2,2,1,0,0,1,39.0,56.0,voiture,deux_roues,1,2,1,1,3
202000025173,2020-06-06 21:20:00,2020,6,6,21,20,63,63453,D340,45.7608723,3.2703088,Nuit sans éclairage public,Hors agglomération,Hors intersection,Normale,Autre collision,3,2,2,0,1,1,1,0,3,80,1,1,0,0,1,0,58.0,,utilitaire_camion,,3,1,1,1,6
202000025174,2020-08-06 09:00:00,2020,8,6,9,0,40,40088,CROIX BLANCHE (RUE DE LA),43.7058,-1.03729,Plein jour,En agglomération,Hors intersection,Normale,Autre collision,4,2,2,0,2,1,1,0,1,50,1,2,1,1,0,0,23.0,,utilitaire_camion,,1,2,1,1,6
202000025175,2020-08-05 20:10:00,2020,8,5,20,10,38,38185,Avenue la Bruyère,45.16722,5.74062,Plein jour,En agglomération,Hors intersection,Normale,Autre collision,4,2,-1,1,1,2,1,0,1,30,1,2,1,0,0,1,45.0,,voiture,,1,2,1,1,6
202000025176,2020-08-06 16:30:00,2020,8,6,16,30,37,37261,HEURTELOUP (BOULEVARD),47.3936488,0.7026999,Plein jour,En agglomération,Hors intersection,Normale,Autre collision,4,2,4,0,1,1,1,9,1,50,1,2,1,0,0,1,20.0,,voiture,,1,2,1,1,6
202000025177,2020-08-06 14:15:00,2020,8,6,14,15,35,35238,BULGARIE (BD DE),48.0845,-1.6508,Plein jour,En agglomération,Autre intersection,Normale,Deux véhicules - côté,4,2,2,1,1,2,1,0,1,50,2,3,2,0,0,1,19.0,38.0,deux_roues,voiture,1,2,9,1,3
202000025178,2020-11-07 17:20:00,2020,11,7,17,20,75,75120,RUE BELGRAND,48.864795,2.401317,Nuit avec éclairage allumé,En agglomération,Intersection en X,Normale,Deux véhicules - côté,4,2,2,0,1,1,1,0,1,50,2,2,1,0,0,1,25.0,39.0,deux_roues,utilitaire_camion,5,2,2,1,3
202000025179,2020-08-06 00:30:00,2020,8,6,0,30,35,35281,162 Rue de la Pilate,48.0875,-1.7004,Nuit sans éclairage public,En agglomération,Intersection en T,Normale,Autre collision,4,2,2,0,1,3,1,0,1,50,1,1,0,0,1,0,36.0,,deux_roues,,3,2,3,1,6
202000025180,2020-11-07 21:50:00,2020,11,7,21,50,75,75119,RUE ARCHEREAU,48.891082,2.373738,Nuit avec éclairage allumé,En agglomération,Intersection en X,Normale,Deux véhicules - arrière,4,1,2,0,1,1,1,0,1,30,2,1,0,0,0,1,24.0,,deux_roues,,5,2,2,1,2
202000025181,2020-08-06 06:40:00,2020,8,6,6,40,34,34172,LIBERTE (AVENUE DE LA,43.6089153,3.8531937,Plein jour,En agglomération,Hors intersection,Normale,Deux véhicules - arrière,4,2,5,0,3,1,1,5,1,50,2,2,1,0,0,1,44.0,,utilitaire_camion,,1,2,1,1,2
202000025182,2020-11-07 17:40:00,2020,11,7,17,40,75,75115,SOUTERRAIN CITROEN CEVENNES,48.845098,2.276335,Nuit sans éclairage public,En agglomération,Hors intersection,Normale,Sans collision,4,1,2,0,1,3,1,1,1,50,1,1,0,0,0,1,29.0,,deux_roues,,3,2,1,1,7
202000025183,2020-08-06 16:10:00,2020,8,6,16,10,33,33200,RUE DE LA MORANDIERE,44.85857,-0.6775,Plein jour,En agglomération,Giratoire,Normale,Deux véhicules - côté,4,2,6,2,1,1,1,5,8,50,2,1,0,0,0,1,48.0,,deux_roues,,1,2,6,1,3
202000025184,2020-08-06 08:45:00,2020,8,6,8,45,33,33167,221 Avenue Pasteur - Arrêt de Bus Rosa Park ,44.84152,-0.53062,Plein jour,En agglomération,Hors intersection,Normale,Autre collision,4,2,2,0,1,1,1,0,1,50,1,2,1,0,0,1,20.0,,utilitaire_camion,,1,2,1,1,6
202000025185,2020-08-06 20:45:00,2020,8,6,20,45,33,33009,GOELANDS (AVE DES),44.65727,-1.19411,Plein jour,En agglomération,Hors intersection,Normale,Sans collision,9,2,2,-1,1,1,1,-1,5,30,1,1,0,0,0,1,7.0,,deux_roues,,1,2,1,1,7
202000025186,2020-08-05 21:00:00,2020,8,5,21,0,31,31555,VA007306 A64,43.5626,1.4177,Nuit avec éclairage allumé,Hors agglomération,Hors intersection,Normale,Trois véhicules et plus - collisions multiples,1,3,4,0,1,1,1,0,1,90,3,4,3,0,0,1,48.0,20.0,voiture,voiture,5,1,1,1,5
202000025187,2020-08-05 13:00:00,2020,8,5,13,0,31,31555,RUE DES FRERES LION,43.5967,1.45273,Plein jour,En agglomération,Hors intersection,Normale,Autre collision,4,1,2,0,1,1,1,0,1,50,1,2,1,0,0,1,22.0,,voiture,,1,2,1,1,6
202000025188,2020-11-07 20:30:00,2020,11,7,20,30,75,75110,RUE DE METZ,48.870612,2.354969,Nuit avec éclairage allumé,En agglomération,Intersection en T,Normale,Autre collision,4,1,1,0,1,1,1,0,1,50,1,1,0,0,1,0,,,,,5,2,3,1,6
202000025189,2020-06-07 16:55:00,2020,6,7,16,55,46,46240,Rocamadour,44.8075638,1.6211486,Plein jour,Hors agglomération,Hors intersection,Normale,Autre collision,3,2,2,0,1,2,9,0,1,80,1,1,0,0,1,0,28.0,,deux_roues,,1,1,1,1,6
202000025190,2020-08-06 03:16:00,2020,8,6,3,16,29,29039,Rue Vauban,47.8718623,-3.9160619,Nuit avec éclairage allumé,En agglomération,Hors intersection,Brouillard / fumée,Sans collision,4,2,1,0,1,2,2,0,1,30,1,1,0,0,0,1,18.0,,deux_roues,,5,2,1,5,7
202000025191,2020-11-06 19:10:00,2020,11,6,19,10,75,75109,BOULEVARD HAUSSMANN,48.872378,2.337429,Nuit avec éclairage allumé,En agglomération,Intersection en X,Normale,Deux véhicules - côté,4,1,2,0,1,1,1,0,1,50,2,1,0,0,0,1,40.0,,deux_roues,,5,2,2,1,3
202000025192,2020-06-23 14:30:00,2020,6,23,14,30,26,26198,12 Rue Saint Gaucher,44.5602,4.7482,Plein jour,En agglomération,Hors intersection,Normale,Autre collision,4,1,2,0,1,1,1,0,1,30,1,2,1,0,1,0,33.0,,voiture,,1,2,1,1,6
202000025193,2020-05-30 20:00:00,2020,5,30,20,0,46,46037,D41,44.481504,1.650202,Plein jour,Hors agglomération,Hors intersection,Normale,Autre collision,3,2,2,0,1,1,1,0,3,80,1,1,0,0,1,0,44.0,,voiture,,1,1,1,1,6
202000025194,2020-11-07 21:00:00,2020,11,7,21,0,75,75101,RUE DE RIVOLI,48.865086,2.328023,Nuit avec éclairage allumé,En agglomération,Hors intersection,Normale,Sans collision,4,-1,1,0,1,1,1,0,4,30,1,1,0,0,0,1,30.0,,deux_roues,,5,2,1,1,7
202000025195,2020-06-06 20:30:00,2020,6,6,20,30,68,68017,D419,47.627107,7.175961,Crépuscule ou aube,Hors agglomération,Hors intersection,Pluie légère,Deux véhicules - frontale,3,2,2,0,1,1,2,0,1,80,2,4,3,0,1,0,52.0,25.0,voiture,voiture,2,1,1,2,1
202000025196,2020-11-07 16:10:00,2020,11,7,16,10,93,93007,"""PAUL VAILLANT COUTURIER (AVENUE """"DU 01",48.9279294,2.4743996,Plein jour,En agglomération,Intersection en X,Normale,Deux véhicules - frontale,3,2,3,0,1,1,1,0,1,50,2,3,2,0,0,1,32.0,28.0,voiture,deux_roues,1,2,2,1,1
202000025197,2020-07-30 08:40:00,2020,7,30,8,40,24,24145,N1021 (rocade RN21-D660),44.85621,0.53724,Plein jour,Hors agglomération,Autre intersection,Normale,Deux véhicules - arrière,2,-1,2,0,1,2,1,0,1,50,2,3,2,0,0,1,44.0,22.0,voiture,voiture,1,1,9,1,2
202000025198,2020-06-03 12:10:00,2020,6,3,12,10,31,31045,Rn125,43.028134,0.611007,Plein jour,Hors agglomération,Giratoire,Pluie légère,Deux véhicules - côté,2,2,2,0,1,3,2,5,1,80,2,2,1,0,0,1,75.0,63.0,voiture,deux_roues,1,1,6,2,3
202000025199,2020-06-07 06:11:00,2020,6,7,6,11,38,38100,D78a,45.38227,6.0035,Crépuscule ou aube,Hors agglomération,Hors intersection,Pluie forte,Autre collision,3,2,-1,0,2,1,2,0,3,80,1,1,0,0,0,1,18.0,,voiture,,2,1,1,3,6
202000025200,2020-11-07 18:10:00,2020,11,7,18,10,92,92073,ROOSVELT (AVENUE FRANKLIN),48.8742058,2.2211385,Nuit avec éclairage allumé,En agglomération,Intersection en T,Normale,Deux véhicules - arrière,3,-1,0,0,2,1,1,0,8,50,2,3,2,0,0,1,18.0,30.0,deux_roues,deux_roues,5,2,3,1,2
202000025201,2020-07-29 17:20:00,2020,7,29,17,20,22,22278,ABERYSTWYTH (RD-PT),48.498,-2.75298,Plein jour,En agglomération,Giratoire,Normale,Deux véhicules - arrière,4,1,1,0,1,2,1,5,1,50,2,2,1,0,0,1,80.0,60.0,voiture,voiture,1,2,6,1,2
202000025202,2020-06-08 17:15:00,2020,6,8,17,15,72,72248,Impasse des Coemonts,47.837617,0.431329,Plein jour,En agglomération,Hors intersection,Normale,,3,2,1,0,1,1,1,0,1,30,2,2,1,0,0,1,9.0,77.0,deux_roues,voiture,1,2,1,1,-1
202000025203,2020-08-05 15:40:00,2020,8,5,15,40,22,22278,MER (BD DE LA),48.521,-2.744,Plein jour,En agglomération,Hors intersection,Normale,Trois véhicules et plus - collisions multiples,4,2,2,2,2,4,1,0,1,50,3,2,1,0,1,0,40.0,30.0,voiture,utilitaire_camion,1,2,1,1,5
202000025204,2020-06-05 02:45:00,2020,6,5,2,45,14,14621,D272,49.0531986,0.3435943,Nuit sans éclairage public,Hors agglomération,Hors intersection,Temps couvert,Autre collision,3,2,1,0,1,1,1,0,1,80,1,2,1,0,1,0,23.0,,voiture,,3,1,1,8,6
202000025205,2020-11-07 10:30:00,2020,11,7,10,30,92,92023,JEAN JAURES (AVENUE) N°57 A 259 ET 64 A,48.8103835,2.2696653,Plein jour,En agglomération,Hors intersection,Normale,Sans collision,4,1,2,3,1,1,1,0,3,50,1,1,0,0,0,1,70.0,,voiture,,1,2,1,1,7
202000025206,2020-08-05 19:30:00,2020,8,5,19,30,22,22187,ROSAIRES  AVE,48.55629,-2.76489,Plein jour,Hors agglomération,Intersection en X,Temps éblouissant,Deux véhicules - côté,4,2,2,0,2,1,1,0,1,50,2,5,0,0,0,5,49.0,41.0,voiture,voiture,1,1,2,7,3
202000025207,2020-11-07 00:10:00,2020,11,7,0,10,92,92019,SALENGRO ROGER (RUE),48.7740345,2.2769229,Nuit avec éclairage allumé,En agglomération,Hors intersection,Normale,Sans collision,3,2,2,2,2,3,1,0,4,50,1,1,0,0,0,1,65.0,,voiture,,5,2,1,1,7
202000025208,2020-06-08 07:10:00,2020,6,8,7,10,64,64448,D817 - PR 40,43.34642,-0.477587,Plein jour,Hors agglomération,Giratoire,Normale,Autre collision,3,3,2,0,1,3,1,6,1,50,1,2,1,0,0,1,36.0,,voiture,,1,1,6,1,6
202000025209,2020-08-06 10:31:00,2020,8,6,10,31,17,17415,JOURDAN AVENUE,45.745313,-0.613478,Plein jour,En agglomération,Intersection en T,Normale,Deux véhicules - côté,4,2,1,0,2,1,1,0,1,50,2,2,1,0,0,1,17.0,65.0,deux_roues,voiture,1,2,3,1,3
202000025210,2020-11-06 13:40:00,2020,11,6,13,40,35,35120,La Justice,48.212368,-1.766918,Plein jour,Hors agglomération,Hors intersection,Normale,Deux véhicules - côté,3,2,2,0,2,1,1,0,1,80,2,2,1,0,1,0,67.0,50.0,voiture,deux_roues,1,1,1,1,3
202000025211,2020-06-07 17:30:00,2020,6,7,17,30,43,43132,Le Treuil,45.107734,3.520571,Plein jour,Hors agglomération,Hors intersection,Normale,Deux véhicules - frontale,4,2,1,0,2,2,1,0,1,50,2,2,1,0,0,1,27.0,5.0,voiture,deux_roues,1,1,1,1,1
202000025212,2020-08-06 18:18:00,2020,8,6,18,18,17,17306,ROCHEFORT (DE)  (AVENUE),45.63144,-1.02969,Plein jour,En agglomération,Intersection en X,Normale,Deux véhicules - côté,4,2,2,0,1,1,1,5,1,50,2,2,1,0,0,1,58.0,17.0,voiture,deux_roues,1,2,2,1,3
202000025213,2020-06-08 12:19:00,2020,6,8,12,19,10,10051,Rue de l'Hotel de Ville,48.186247,4.005648,Plein jour,Hors agglomération,Intersection en T,Normale,Deux véhicules - frontale,2,2,2,0,1,1,1,0,1,80,2,4,1,0,3,0,38.0,24.0,voiture,voiture,1,1,3,1,1
202000025214,2020-11-07 09:45:00,2020,11,7,9,45,95,95487,77 Avenue Gaston Vermeire,49.151731,2.274862,Plein jour,En agglomération,Hors intersection,Normale,Autre collision,3,2,2,0,1,1,1,0,1,30,1,2,1,0,0,1,44.0,,voiture,,1,2,1,1,6
202000025215,2020-08-07 00:00:00,2020,8,7,0,0,13,13212,COMTESSE (BOULEVARD DE LA),43.315132,5.447404,Nuit avec éclairage allumé,En agglomération,Intersection en X,Normale,Deux véhicules - côté,4,2,2,0,1,1,1,5,1,50,2,1,0,0,0,1,49.0,,voiture,,5,2,2,1,3
202000025216,2020-11-08 08:50:00,2020,11,8,8,50,45,45239,Le Bois des Noues ,47.892572,2.631848,Plein jour,Hors agglomération,Hors intersection,Normale,Sans collision,4,2,2,0,1,4,1,0,3,80,1,1,0,0,1,0,49.0,,voiture,,1,1,1,1,7
202000025217,2020-08-07 00:50:00,2020,8,7,0,50,13,13208,JOSEPH VIDAL (AVENUE),43.2528,5.38,Nuit avec éclairage allumé,En agglomération,Hors intersection,Normale,Sans collision,4,2,2,0,1,1,1,0,4,50,1,2,0,0,0,2,21.0,,voiture,,5,2,1,1,7
202000025218,2020-08-06 19:50:00,2020,8,6,19,50,13,13203,HOCHE (RUE),43.30914,5.37484,Plein jour,En agglomération,Hors intersection,Normale,Autre collision,7,-1,2,0,1,1,1,0,1,50,1,2,1,0,0,1,,,,,1,2,1,1,6
202000025219,2020-06-07 14:15:00,2020,6,7,14,15,21,21646,D16,47.381112,4.772701,Plein jour,Hors agglomération,Intersection à plus de 4 branches,Normale,Deux véhicules - côté,3,2,2,0,1,1,1,0,1,90,2,2,1,0,1,0,21.0,46.0,voiture,deux_roues,1,1,5,1,3
202000025220,2020-11-07 21:15:00,2020,11,7,21,15,34,34199,A75,43.444284,3.417145,Nuit sans éclairage public,En agglomération,Giratoire,Normale,,1,3,4,0,1,2,2,0,2,110,2,4,3,1,0,0,22.0,31.0,voiture,voiture,3,2,6,1,-1
202000025221,2020-08-06 14:45:00,2020,8,6,14,45,13,13208,PRADO (AVENUE DU),43.268617,5.385319,Plein jour,En agglomération,Hors intersection,Normale,Deux véhicules - côté,4,2,6,0,1,1,1,0,6,50,2,3,2,0,0,1,21.0,17.0,voiture,deux_roues,1,2,1,1,3
202000025222,2020-05-20 19:00:00,2020,5,20,19,0,40,40022,D2,43.669757,-0.331934,Plein jour,Hors agglomération,Intersection en X,Normale,Deux véhicules - frontale,3,2,2,0,1,1,1,0,1,80,2,3,1,0,2,0,66.0,53.0,voiture,voiture,1,1,2,1,1
202000025223,2020-11-07 18:35:00,2020,11,7,18,35,30,30141,Rue de Boulogne,44.10068,4.648676,Nuit avec éclairage allumé,En agglomération,Hors intersection,Pluie légère,Sans collision,3,3,2,0,1,1,2,0,1,80,1,2,1,0,1,0,28.0,,voiture,,5,2,1,2,7
202000025224,2020-08-05 16:20:00,2020,8,5,16,20,13,13204,MARX DORMOY (RUE),43.30093,5.396357,Plein jour,En agglomération,Intersection en T,Normale,Deux véhicules - frontale,7,2,2,0,1,1,1,0,1,50,2,1,0,0,0,1,53.0,,voiture,,1,2,3,1,1
202000025225,2020-11-07 19:45:00,2020,11,7,19,45,51,51535,N4,48.7201995,3.7649363,Nuit sans éclairage public,Hors agglomération,Hors intersection,Normale,Deux véhicules - côté,2,2,2,0,3,1,1,0,1,80,2,2,1,0,0,1,21.0,46.0,voiture,voiture,3,1,1,1,3
202000025226,2020-06-07 17:55:00,2020,6,7,17,55,04,04081,RD 315,43.760882,5.955641,Plein jour,Hors agglomération,Hors intersection,Normale,Trois véhicules et plus - en chaîne,3,2,2,0,2,3,1,0,1,80,3,3,1,2,0,0,23.0,35.0,deux_roues,utilitaire_camion,1,1,1,1,4
202000025227,2020-08-06 19:35:00,2020,8,6,19,35,13,13028,CROZET (AVENUE LOUIS ),43.177026,5.602384,Plein jour,En agglomération,Intersection en T,Normale,Deux véhicules - côté,4,1,1,0,1,1,1,0,1,50,2,2,1,0,1,0,22.0,50.0,voiture,deux_roues,1,2,3,1,3
202000025228,2020-06-07 18:40:00,2020,6,7,18,40,85,85234,120 Rue des Sables,46.79002,-2.03702,Plein jour,En agglomération,Intersection en T,Normale,Deux véhicules - arrière,3,2,2,0,1,3,1,0,1,50,2,3,2,0,0,1,40.0,26.0,deux_roues,voiture,1,2,3,1,2
202000025229,2020-08-05 12:55:00,2020,8,5,12,55,12,12202,GARE (RUE DE LA),44.36149,2.58036,Plein jour,En agglomération,Hors intersection,Normale,Deux véhicules - frontale,4,1,1,0,2,3,1,0,1,50,2,2,1,0,1,0,50.0,34.0,utilitaire_camion,deux_roues,1,2,1,1,1
202000025230,2020-06-07 17:45:00,2020,6,7,17,45,85,85297,Rue des Anciens Combattants,46.393233,-1.201351,Plein jour,En agglomération,Autre intersection,Normale,Autre collision,4,2,2,0,1,2,2,0,1,50,1,1,0,0,1,0,54.0,,deux_roues,,1,2,9,1,6
202000025231,2020-11-08 14:55:00,2020,11,8,14,55,55,55124,D964,49.287507,5.286973,Plein jour,En agglomération,Intersection en X,Normale,Deux véhicules - côté,3,2,2,0,1,1,1,0,1,50,2,2,1,0,0,1,60.0,25.0,deux_roues,utilitaire_camion,1,2,2,1,3
202000025232,2020-08-06 22:00:00,2020,8,6,22,0,12,12145,PONT LEROUGE (AVENUE DU),44.0934252,3.0747739,Nuit avec éclairage allumé,En agglomération,Intersection en T,Normale,Deux véhicules - côté,3,2,2,0,1,1,1,2,1,50,2,5,4,0,0,1,23.0,25.0,voiture,voiture,5,2,3,1,3
202000025233,2020-11-07 20:10:00,2020,11,7,20,10,34,34051,D2,43.604852,3.477902,Nuit sans éclairage public,Hors agglomération,Hors intersection,Normale,Autre collision,3,2,2,0,1,1,2,0,8,80,1,1,0,1,0,0,40.0,,voiture,,3,1,1,1,6
202000025234,2020-11-08 19:30:00,2020,11,8,19,30,25,25127,6 Place de l'Hotel de Ville,47.213068,6.824039,Nuit avec éclairage allumé,En agglomération,Hors intersection,Normale,Deux véhicules - frontale,3,2,2,0,1,1,1,0,1,50,2,2,1,0,1,0,19.0,26.0,deux_roues,voiture,5,2,1,1,1
202000025235,2020-06-08 17:55:00,2020,6,8,17,55,27,27174,Avenue Robert Planquette,49.3450097,0.579192,Plein jour,Hors agglomération,Hors intersection,Normale,Deux véhicules - frontale,3,2,2,0,1,1,1,0,1,70,2,2,1,0,1,0,17.0,21.0,deux_roues,voiture,1,1,1,1,1
202000025236,2020-08-05 09:55:00,2020,8,5,9,55,11,11069,Avenue du Président Franklin Roosevelt ,43.22482,2.3334,Plein jour,En agglomération,Hors intersection,Normale,Autre collision,4,2,2,0,1,1,1,0,1,50,1,2,1,0,1,0,72.0,,utilitaire_camion,,1,2,1,1,6
202000025237,2020-08-05 19:13:00,2020,8,5,19,13,10,10060,CHASSE ST MARTIN (RUE),48.25693,4.09531,Plein jour,En agglomération,Hors intersection,Normale,Deux véhicules - frontale,4,2,2,0,1,2,1,0,1,50,2,2,1,0,0,1,31.0,54.0,voiture,voiture,1,2,1,1,1
202000025238,2020-06-07 10:45:00,2020,6,7,10,45,17,17101,rd  121,45.984528,-0.341005,Plein jour,Hors agglomération,Hors intersection,Normale,Trois véhicules et plus - en chaîne,3,2,2,0,2,1,1,0,1,80,3,3,1,0,2,0,81.0,17.0,voiture,deux_roues,1,1,1,1,4
202000025239,2020-11-04 20:00:00,2020,11,4,20,0,31,31135,Rue du Docteur Vaillant,43.204511,1.077744,Nuit avec éclairage allumé,En agglomération,Hors intersection,Normale,Deux véhicules - côté,4,2,1,0,1,1,1,5,1,50,2,2,1,0,1,0,46.0,26.0,voiture,deux_roues,5,2,1,1,3
202000025240,2020-08-05 18:17:00,2020,8,5,18,17,10,10387,WOOD ET WEST (RUE),48.3,4.08333,Plein jour,En agglomération,Giratoire,Normale,Deux véhicules - côté,4,2,3,0,1,3,1,0,1,50,2,3,0,0,0,3,21.0,56.0,voiture,voiture,1,2,6,1,3
202000025241,2020-08-05 07:30:00,2020,8,5,7,30,09,09122,20 (R.N.) COTE NORD DU TUNNEL,43.004124,1.614069,Plein jour,En agglomération,Hors intersection,Normale,Autre collision,2,1,1,0,2,3,1,3,8,70,1,1,0,0,0,1,22.0,,voiture,,1,2,1,1,6