accident_id,datetime,annee,mois,jour,heure,minute,departement,commune_insee,adresse,latitude,longitude,luminosite,agglomeration,intersection,meteo,collision,catr,circ,nbv,vosp,prof,plan,surf,infra,situ,vma,nb_vehicules,nb_usagers,nb_indemnes,nb_tues,nb_blesses_hosp,nb_blesses_legers,age_cond_1,age_cond_2,veh_type_cond_1,veh_type_cond_2,lum_code,agg_code,int_code,atm_code,col_code
202000025333,2020-11-04 12:12:00,2020,11,4,12,12,87,87085,CHURCHILL WINSTON (PLACE),45.83109,1.25399,Plein jour,En agglomération,Hors intersection,Normale,Autre collision,4,2,2,3,2,1,1,0,1,50,1,2,1,0,0,1,43.0,,transport_commun,,1,2,1,1,6
202000025334,2020-11-06 17:00:00,2020,11,6,17,0,85,85191,POMPIDOU RUE GEORGES,46.67098,-1.41829,Plein jour,En agglomération,Giratoire,Normale,Deux véhicules - côté,3,2,2,0,1,1,1,0,1,50,2,2,0,0,1,1,23.0,34.0,deux_roues,voiture,1,2,6,1,3
202000025335,2020-06-06 11:10:00,2020,6,6,11,10,69,69149,GRANDE RUE                          (GR),45.7126721,4.8038271,Plein jour,En agglomération,Hors intersection,Temps couvert,Deux véhicules - côté,4,2,2,0,2,1,1,0,1,30,2,2,1,0,0,1,50.0,47.0,voiture,deux_roues,1,2,1,8,3
202000025336,2020-06-06 09:59:00,2020,6,6,9,59,69,69382,BARRE (DE LA)                       (R ),45.7576655,4.8352128,Plein jour,En agglomération,Hors intersection,Normale,Autre collision,4,1,3,1,1,1,1,9,1,50,1,2,1,0,0,1,32.0,,deux_roues,,1,2,1,1,6
202000025337,2020-11-05 14:25:00,2020,11,5,14,25,84,84080,CARPENTRAS ROUTE DE,44.03911,5.01672,Plein jour,En agglomération,Hors intersection,Normale,Deux véhicules - côté,3,2,2,0,1,1,1,0,1,80,2,2,1,0,1,0,49.0,49.0,deux_roues,voiture,1,2,1,1,3
202000025338,2020-06-06 18:55:00,2020,6,6,18,55,971,97113,GRAND BAIE ( RN4),16.22142,-61.52201,Nuit avec éclairage allumé,En agglomération,Autre intersection,Pluie légère,Sans collision,2,1,2,0,1,3,2,0,1,80,1,1,0,0,0,1,22.0,,voiture,,5,2,9,2,7
202000025339,2020-11-05 09:30:00,2020,11,5,9,30,80,80021,IRLANDE (AVENUE D'),49.87086,2.29512,Plein jour,En agglomération,Hors intersection,Normale,Deux véhicules - côté,4,1,1,0,1,1,1,0,1,50,2,3,2,0,1,0,45.0,84.0,voiture,voiture,1,2,1,1,3
202000025340,2020-06-06 10:30:00,2020,6,6,10,30,971,97113,RN4 - SECTION RIVIERA,16.2188705,-61.5023951,Plein jour,Hors agglomération,Hors intersection,Pluie forte,Deux véhicules - côté,2,1,2,0,1,1,2,0,1,70,2,2,1,0,0,1,52.0,65.0,voiture,deux_roues,1,1,1,3,3
202000025341,2020-11-04 09:10:00,2020,11,4,9,10,80,80021,EUROPE (AVENUE DE L'),49.9226,2.30341,Plein jour,En agglomération,Hors intersection,Normale,Deux véhicules - côté,4,1,1,0,1,2,1,0,1,50,2,2,1,0,0,1,46.0,50.0,deux_roues,voiture,1,2,1,1,3
202000025342,2020-06-06 04:30:00,2020,6,6,4,30,971,97113,AMEDE CLARA,16.2054,-61.4892,Crépuscule ou aube,En agglomération,Hors intersection,Normale,Autre collision,3,1,1,0,1,1,1,5,1,50,1,1,0,0,1,0,38.0,,deux_roues,,2,2,1,1,6
202000025343,2020-11-05 11:40:00,2020,11,5,11,40,77,77307,AVENUE GEORGES POMPIDOU,48.860205,2.753481,Plein jour,En agglomération,Intersection en X,Normale,Autre collision,3,2,2,0,1,1,1,0,1,50,1,3,2,0,0,1,29.0,,utilitaire_camion,,1,2,2,1,6
202000025344,2020-06-05 17:15:00,2020,6,5,17,15,971,97113,SECTION PLIANE,16.21716,-61.46139,Plein jour,Hors agglomération,Hors intersection,Normale,Deux véhicules - frontale,4,-1,2,0,1,1,1,0,1,50,2,2,0,0,0,2,56.0,80.0,voiture,voiture,1,1,1,1,1
202000025345,2020-11-06 07:40:00,2020,11,6,7,40,76,76540,NEUFCHATEL. ROUTE DE,49.45303,1.09866,Plein jour,En agglomération,Hors intersection,Normale,Deux véhicules - côté,3,2,3,3,2,1,1,-1,1,50,2,2,1,0,0,1,22.0,42.0,voiture,deux_roues,1,2,1,1,3
202000025346,2020-06-06 15:20:00,2020,6,6,15,20,2A,2A004,NAPOLEON COURS APRES BEVERINI,41.92495,8.7380355,Plein jour,En agglomération,Intersection en X,Normale,,2,2,3,0,1,1,1,0,1,50,2,2,1,0,0,1,61.0,61.0,voiture,deux_roues,1,2,2,1,-1
202000025347,2020-06-06 09:50:00,2020,6,6,9,50,95,95426,PARIS (ROUTE DE),49.01159,2.28573,Plein jour,En agglomération,Hors intersection,Normale,Autre collision,3,1,2,0,1,1,1,0,4,50,1,1,0,0,0,1,51.0,,voiture,,1,2,1,1,6
202000025348,2020-11-05 21:00:00,2020,11,5,21,0,76,76351,MARECHAL JOFFRE (RUE),49.498931,0.119875,Nuit avec éclairage allumé,En agglomération,Intersection en X,Normale,Deux véhicules - côté,4,2,2,0,1,1,1,0,1,50,2,2,1,0,0,1,23.0,20.0,deux_roues,voiture,5,2,2,1,3
202000025349,2020-11-06 12:10:00,2020,11,6,12,10,74,74010,RHONE (AVENUE DU),45.897969,6.115536,Plein jour,En agglomération,Hors intersection,Normale,Deux véhicules - côté,3,2,4,0,1,1,1,0,1,50,2,2,1,0,0,1,45.0,51.0,deux_roues,voiture,1,2,1,1,3
202000025350,2020-06-06 14:40:00,2020,6,6,14,40,91,91174,strathkelvin (avenue de ),48.620127,2.462068,Plein jour,En agglomération,Hors intersection,Normale,Autre collision,3,2,2,0,2,1,1,0,1,50,1,2,1,0,1,0,46.0,,voiture,,1,2,1,1,6
202000025351,2020-06-06 19:15:00,2020,6,6,19,15,81,81004,FONTANELLE (LIEU DIT),43.94341,2.13667,Crépuscule ou aube,En agglomération,Hors intersection,Normale,Deux véhicules - côté,4,2,2,0,1,1,1,0,1,50,2,2,1,0,1,0,61.0,41.0,deux_roues,voiture,2,2,1,1,3
202000025352,2020-10-20 12:25:00,2020,10,20,12,25,73,73065,GAULLE (AVENUE GENERAL DE),45.56733,5.9218,Plein jour,En agglomération,Intersection en X,Normale,Autre collision,4,1,1,0,1,1,1,6,1,20,1,2,1,0,0,1,28.0,,voiture,,1,2,2,1,6
202000025353,2020-06-06 23:25:00,2020,6,6,23,25,67,67462,RD1083,48.2380926,7.4252026,Nuit sans éclairage public,Hors agglomération,Hors intersection,Pluie légère,Sans collision,3,3,0,0,1,1,2,0,8,110,1,3,0,0,1,2,19.0,,voiture,,3,1,1,2,7
202000025354,2020-11-05 15:52:00,2020,11,5,15,52,68,68066,BALE ( ROUTE DE),48.049849,7.367965,Plein jour,Hors agglomération,Hors intersection,Normale,Deux véhicules - côté,3,2,0,0,1,1,1,0,1,80,2,2,1,0,1,0,17.0,21.0,deux_roues,utilitaire_camion,1,1,1,1,3
202000025355,2020-06-06 09:45:00,2020,6,6,9,45,64,64483,ERROMARDIE (CHEMIN D'),43.40649,-1.64136,Plein jour,Hors agglomération,Intersection en T,Pluie légère,Deux véhicules - côté,4,2,2,0,1,1,2,0,1,50,2,2,1,0,0,1,26.0,23.0,voiture,deux_roues,1,1,3,2,3
202000025356,2020-11-06 11:30:00,2020,11,6,11,30,67,67482,SCHWEIGHAEUSER (RUE),48.5875831,7.767329,Plein jour,En agglomération,Hors intersection,Normale,Deux véhicules - côté,4,2,2,0,1,1,1,0,1,50,2,2,1,0,1,0,56.0,71.0,deux_roues,voiture,1,2,1,1,3
202000025357,2020-11-04 15:15:00,2020,11,4,15,15,67,67482,MITTELHAUSBERGEN (ROUTE DE),48.5986171,7.7137147,Plein jour,En agglomération,Hors intersection,Normale,Autre collision,4,3,2,0,1,1,1,0,8,50,1,2,1,0,0,1,47.0,,voiture,,1,2,1,1,6
202000025358,2020-06-07 23:10:00,2020,6,7,23,10,64,64445,HAUTERIVE,43.3248,-0.3573,Nuit avec éclairage allumé,En agglomération,Intersection en X,Pluie forte,Deux véhicules - côté,4,3,3,0,1,1,2,0,1,50,2,5,4,0,0,1,45.0,33.0,voiture,voiture,5,2,2,3,3
202000025359,2020-10-31 21:15:00,2020,10,31,21,15,67,67180,COLONEL JEAN DE BENOIST (RUE DU),48.8075349,7.7925647,Nuit avec éclairage allumé,En agglomération,Intersection en X,Normale,Deux véhicules - côté,4,2,2,0,1,1,1,5,1,50,2,3,2,0,1,0,58.0,28.0,voiture,deux_roues,5,2,2,1,3
202000025360,2020-06-02 09:10:00,2020,6,2,9,10,62,62753,RD 260,50.292801,2.793231,Plein jour,En agglomération,Giratoire,Normale,Autre collision,3,-1,2,0,1,3,1,0,3,30,1,2,1,0,0,1,19.0,,autre,,1,2,6,1,6
202000025361,2020-11-05 16:47:00,2020,11,5,16,47,66,66136,PERVENCHES (AVENUE DES),42.70136,2.90476,Plein jour,En agglomération,Hors intersection,Normale,Autre collision,4,2,2,0,1,1,1,0,1,50,1,2,1,0,0,1,65.0,,voiture,,1,2,1,1,6
202000025362,2020-06-06 16:45:00,2020,6,6,16,45,54,54547,LECLERC (AV DU GENERAL) 292 A FIN ET 227,48.6667246,6.1662005,Plein jour,En agglomération,Giratoire,Normale,Deux véhicules - arrière,4,1,2,0,3,1,1,0,1,50,2,3,2,0,0,1,47.0,54.0,voiture,voiture,1,2,6,1,2
202000025363,2020-11-06 18:00:00,2020,11,6,18,0,64,64445,HENRI FAISANS,43.3001375,-0.3610571,Nuit sans éclairage public,Hors agglomération,Hors intersection,Normale,Deux véhicules - côté,4,2,2,0,1,1,1,0,1,30,2,2,1,0,0,1,24.0,17.0,voiture,deux_roues,3,1,1,1,3
202000025364,2020-11-06 08:45:00,2020,11,6,8,45,64,64445,JEAN GENEZE,43.31932,-0.37121,Plein jour,En agglomération,Intersection en X,Normale,Deux véhicules - côté,4,2,2,0,1,1,1,5,1,50,2,2,1,0,0,1,41.0,36.0,voiture,voiture,1,2,2,1,3
202000025365,2020-06-06 22:34:00,2020,6,6,22,34,45,45068,Rue du Vieux Rang de l'Anglee,48.0212705,2.7233631,Nuit avec éclairage allumé,En agglomération,Hors intersection,Normale,Trois véhicules et plus - en chaîne,4,2,2,0,1,1,1,0,1,50,3,10,8,0,0,2,36.0,33.0,voiture,voiture,5,2,1,1,4
202000025366,2020-11-03 07:25:00,2020,11,3,7,25,64,64445,JEAN MERMOZ,43.312391,-0.377413,Crépuscule ou aube,En agglomération,Hors intersection,Pluie forte,Autre collision,4,2,2,0,1,1,2,6,1,50,1,2,1,0,0,1,42.0,,utilitaire_camion,,2,2,1,3,6
202000025367,2020-10-29 10:05:00,2020,10,29,10,5,64,64348,NORD SUD VOIE,43.3008115,-0.4102847,Plein jour,En agglomération,Hors intersection,Normale,Autre collision,3,2,2,0,1,1,1,0,1,30,1,2,1,0,0,1,67.0,,voiture,,1,2,1,1,6
202000025368,2020-06-06 17:30:00,2020,6,6,17,30,38,38185,Avenue Jean Perrot,45.16762,5.74151,Plein jour,En agglomération,Hors intersection,Normale,Deux véhicules - côté,3,2,4,1,1,1,1,0,1,50,2,2,1,0,0,1,38.0,70.0,deux_roues,voiture,1,2,1,1,3
202000025369,2020-06-06 20:50:00,2020,6,6,20,50,35,35238,HAUTES-OURMES (BD DES),48.0874,-1.6464,Plein jour,En agglomération,Autre intersection,Normale,Deux véhicules - côté,4,3,2,2,1,1,1,5,1,50,2,4,2,0,0,2,18.0,33.0,deux_roues,voiture,1,2,9,1,3
202000025370,2020-06-06 14:20:00,2020,6,6,14,20,35,35238,ISLY (RUE D'),48.10561,-1.67753,Plein jour,En agglomération,Hors intersection,Normale,Deux véhicules - côté,4,2,4,1,1,1,1,1,1,50,2,2,1,0,0,1,20.0,53.0,deux_roues,voiture,1,2,1,1,3
202000025371,2020-11-06 10:20:00,2020,11,6,10,20,64,64102,PONTOTS (GIRATOIRE LES),43.48848,-1.4913,Plein jour,En agglomération,Giratoire,Temps couvert,Deux véhicules - arrière,4,1,1,0,1,2,1,0,1,50,2,2,1,0,0,1,43.0,18.0,voiture,deux_roues,1,2,6,8,2
202000025372,2020-11-04 18:25:00,2020,11,4,18,25,64,64024,BAYONNE (AVENUE DE),43.48108,-1.51161,Nuit avec éclairage allumé,En agglomération,Hors intersection,Normale,Sans collision,3,3,2,3,1,1,1,0,6,50,1,1,0,0,0,1,60.0,,deux_roues,,5,2,1,1,7
202000025373,2020-06-06 15:00:00,2020,6,6,15,0,33,33009,HERICART DE THURY (CRS),44.66074,-1.16613,Plein jour,En agglomération,Intersection en X,Normale,Autre collision,4,1,1,0,1,1,1,0,1,50,1,1,0,0,0,1,53.0,,deux_roues,,1,2,2,1,6
202000025374,2020-11-05 07:52:00,2020,11,5,7,52,63,63113,ORADOU (RUE DE L'),45.767894,3.1187687,Nuit avec éclairage allumé,En agglomération,Hors intersection,Normale,Deux véhicules - côté,7,2,2,0,1,1,1,0,1,50,2,2,1,0,0,1,28.0,62.0,deux_roues,voiture,5,2,1,1,3
202000025375,2020-06-06 08:45:00,2020,6,6,8,45,28,28110,VOVES (RUE DE) (D29),48.41473,1.50539,Plein jour,Hors agglomération,Autre intersection,Normale,Deux véhicules - frontale,3,-1,2,0,1,1,1,2,1,50,2,2,0,0,0,2,47.0,23.0,voiture,voiture,1,1,9,1,1
202000025376,2020-11-03 08:40:00,2020,11,3,8,40,59,59569,VERDUN (RUE DE),50.363,3.11439,Plein jour,En agglomération,Hors intersection,Normale,Autre collision,3,-1,2,0,1,1,1,0,1,50,1,2,1,0,1,0,34.0,,voiture,,1,2,1,1,6
202000025377,2020-06-07 00:15:00,2020,6,7,0,15,17,17300,GRASSET   AVENUE EDMOND (61-85B),46.16338,-1.16729,Nuit avec éclairage allumé,En agglomération,Hors intersection,Normale,Deux véhicules - frontale,4,-1,2,0,2,1,1,0,1,50,2,2,1,0,0,1,57.0,36.0,voiture,deux_roues,5,2,1,1,1
202000025378,2020-11-05 15:05:00,2020,11,5,15,5,56,56083,PARCO ( R-P DU ),47.7931,-3.26554,Plein jour,En agglomération,Giratoire,Normale,Deux véhicules - côté,3,2,2,0,3,1,1,5,1,70,2,2,1,0,1,0,67.0,68.0,deux_roues,voiture,1,2,6,1,3
202000025379,2020-11-05 07:40:00,2020,11,5,7,40,56,56083,PASTEUR ( AVENUE ),47.80528,-3.28698,Crépuscule ou aube,En agglomération,Intersection en Y,Normale,Deux véhicules - arrière,3,2,2,0,2,1,1,0,1,50,2,2,1,0,0,1,44.0,25.0,utilitaire_camion,utilitaire_camion,2,2,4,1,2
202000025380,2020-06-06 11:30:00,2020,6,6,11,30,17,17200,MOISY   AVENUE DU RECTEUR PIERR,46.17357,-1.16776,Plein jour,En agglomération,Giratoire,Normale,Deux véhicules - arrière,4,2,2,0,1,3,2,9,1,30,2,3,2,0,0,1,67.0,45.0,voiture,deux_roues,1,2,6,1,2
202000025381,2020-06-06 09:40:00,2020,6,6,9,40,15,15014,BLUM (RUE LEON),44.910905,2.434015,Plein jour,En agglomération,Hors intersection,Pluie légère,Autre collision,4,2,2,0,1,1,2,0,1,50,1,2,1,0,0,1,82.0,,voiture,,1,2,1,2,6
202000025382,2020-11-06 20:30:00,2020,11,6,20,30,54,54395,FOUCAULD (RUE CHARLES DE),48.7020377,6.1824839,Nuit avec éclairage allumé,En agglomération,Intersection en T,Normale,Deux véhicules - arrière,4,1,2,0,1,1,1,0,1,50,2,2,0,0,0,2,19.0,28.0,voiture,voiture,5,2,3,1,2
202000025383,2020-11-05 15:45:00,2020,11,5,15,45,54,54184,BRIGACHTAL (AVENUE DE),48.700768,6.2245599,Plein jour,En agglomération,Intersection en X,Temps éblouissant,Deux véhicules - côté,4,2,4,0,1,1,1,0,1,50,2,2,1,0,0,1,85.0,78.0,deux_roues,voiture,1,2,2,7,3
202000025384,2020-11-05 13:50:00,2020,11,5,13,50,50,50129,BOUGAINVILLE (RUE DE),49.64035,-1.64365,Plein jour,En agglomération,Hors intersection,Normale,Autre collision,4,2,2,0,1,1,1,0,1,50,1,2,1,0,0,1,49.0,,voiture,,1,2,1,1,6
202000025385,2020-11-06 12:10:00,2020,11,6,12,10,49,49328,CARROUSEL (ROND-POINT DU),47.26569,-0.09451,Plein jour,En agglomération,Giratoire,Normale,Deux véhicules - frontale,3,2,2,1,1,3,1,3,5,50,2,2,1,0,1,0,51.0,17.0,deux_roues,deux_roues,1,2,6,1,1
202000025386,2020-06-06 10:25:00,2020,6,6,10,25,14,14242,GRACE DE DIEU (RUE DE LA ),49.22024,-0.3711,Plein jour,En agglomération,Intersection en T,Temps couvert,Deux véhicules - côté,4,2,-1,0,1,1,1,0,1,50,2,2,1,0,0,1,42.0,12.0,voiture,deux_roues,1,2,3,8,3
202000025387,2020-11-06 09:28:00,2020,11,6,9,28,49,49007,ROI RENE BOULEVARD,47.46899,-0.55949,Plein jour,En agglomération,Hors intersection,Normale,Deux véhicules - arrière,4,-1,2,0,1,1,1,0,1,50,2,2,0,0,0,2,63.0,25.0,voiture,voiture,1,2,1,1,2
202000025388,2020-06-02 23:30:00,2020,6,2,23,30,14,14118,VENDEUVRE (QUAI),49.18306,-0.35589,Nuit avec éclairage allumé,En agglomération,Hors intersection,Normale,Autre collision,4,2,3,0,1,1,1,0,1,50,1,2,1,0,0,1,21.0,,voiture,,5,2,1,1,6
202000025389,2020-11-06 16:40:00,2020,11,6,16,40,44,44109,RUE ROMAIN ROLLAND,47.2054066,-1.6065769,Plein jour,En agglomération,Intersection en X,Normale,Deux véhicules - côté,4,2,0,0,1,1,1,0,1,50,2,2,1,0,1,0,57.0,25.0,deux_roues,voiture,1,2,2,1,3
202000025390,2020-06-06 22:30:00,2020,6,6,22,30,13,13209,MORGIOU (chemin de ),43.22173,5.42425,Nuit avec éclairage allumé,En agglomération,Hors intersection,Normale,Autre collision,4,2,2,0,1,2,1,0,1,50,1,1,0,1,0,0,41.0,,deux_roues,,5,2,1,1,6
202000025391,2020-11-06 15:30:00,2020,11,6,15,30,38,38185,Rue des Eaux Claires,45.175,5.70859,Plein jour,En agglomération,Intersection en X,Normale,Deux véhicules - frontale,4,2,4,2,1,1,1,0,1,50,2,2,1,0,1,0,66.0,34.0,deux_roues,voiture,1,2,2,1,1
202000025392,2020-06-06 22:00:00,2020,6,6,22,0,13,13213,CROIX ROUGE (AVENUE),43.33338,5.4398,Nuit avec éclairage allumé,En agglomération,Hors intersection,Normale,Autre collision,9,2,1,0,1,1,1,0,8,50,1,1,0,0,0,1,,,,,5,2,1,1,6
202000025393,2020-11-06 20:15:00,2020,11,6,20,15,35,35238,ARMORIQUE (BD D'),48.13129,-1.67327,Nuit avec éclairage allumé,En agglomération,Hors intersection,Normale,Deux véhicules - côté,4,3,4,0,1,1,1,0,1,50,2,3,2,0,0,1,48.0,20.0,voiture,deux_roues,5,2,1,1,3
202000025394,2020-06-06 18:00:00,2020,6,6,18,0,13,13203,NATIONAL (BOULEVARD),43.30846,5.38099,Plein jour,En agglomération,Hors intersection,Normale,Autre collision,4,-1,2,3,1,1,1,9,6,50,1,2,1,0,0,1,57.0,,deux_roues,,1,2,1,1,6
202000025395,2020-06-06 08:40:00,2020,6,6,8,40,13,13203,PLOMBIERES (BOULEVARD DES),43.31483,5.38928,Plein jour,En agglomération,Intersection en X,Temps éblouissant,Autre collision,3,3,6,0,1,1,1,2,1,50,1,3,2,0,1,0,36.0,,voiture,,1,2,2,7,6
202000025396,2020-06-06 02:15:00,2020,6,6,2,15,13,13203,FÉLIX PYAT (RUE),43.3207,5.3747,Nuit avec éclairage allumé,En agglomération,Hors intersection,Normale,Deux véhicules - arrière,4,2,2,0,1,1,1,0,1,50,2,2,1,0,1,0,45.0,48.0,voiture,voiture,5,2,1,1,2
202000025397,2020-06-06 22:10:00,2020,6,6,22,10,11,11069,DAUMIER HONORE,43.2115315,2.3316319,Crépuscule ou aube,En agglomération,Autre intersection,Normale,Deux véhicules - arrière,4,2,2,0,1,1,1,0,1,50,2,2,1,0,0,1,29.0,27.0,voiture,voiture,2,2,9,1,2
202000025398,2020-11-06 19:45:00,2020,11,6,19,45,35,35238,PORTUGAL (BD DU),48.083718,-1.67482,Nuit sans éclairage public,En agglomération,Intersection en X,Normale,Deux véhicules - côté,4,2,2,2,1,1,1,2,1,50,2,4,2,0,0,2,48.0,24.0,voiture,voiture,3,2,2,1,3
202000025399,2020-06-06 06:18:00,2020,6,6,6,18,09,09122,CROS (cours Irénée),42.966926,1.608877,Crépuscule ou aube,En agglomération,Hors intersection,Normale,Autre collision,3,2,2,0,1,2,1,0,3,50,1,2,1,0,0,1,29.0,,voiture,,2,2,1,1,6
202000025400,2020-11-06 12:30:00,2020,11,6,12,30,35,35238,NITSCH (CARREFOUR GEORGES),48.10179,-1.6842,Plein jour,En agglomération,Autre intersection,Normale,Deux véhicules - côté,4,2,2,1,1,2,1,5,1,50,2,2,1,0,0,1,59.0,53.0,deux_roues,voiture,1,2,9,1,3
202000025401,2020-11-06 08:35:00,2020,11,6,8,35,35,35238,ALMA (DE L'),48.1016,-1.67644,Plein jour,En agglomération,Autre intersection,Normale,Deux véhicules - côté,4,2,2,0,1,1,1,0,1,50,2,3,2,0,0,1,21.0,52.0,voiture,voiture,1,2,9,1,3
202000025402,2020-11-03 12:50:00,2020,11,3,12,50,33,33063,RUE JUDAIQUE,44.84079,-0.59226,Plein jour,En agglomération,Intersection en X,Normale,Deux véhicules - côté,4,1,3,1,1,1,2,0,1,50,2,2,1,0,0,1,44.0,54.0,deux_roues,voiture,1,2,2,1,3
202000025403,2020-06-06 23:45:00,2020,6,6,23,45,06,06123,FAHNESTOCK G. CORNICHE,43.67,7.18,Nuit avec éclairage allumé,En agglomération,Autre intersection,Normale,Deux véhicules - côté,4,2,2,0,2,1,1,0,1,50,2,2,1,0,1,0,20.0,28.0,deux_roues,voiture,5,2,9,1,3
202000025404,2020-06-06 18:17:00,2020,6,6,18,17,05,05023,ALPHAND (RUE),44.89556,6.63456,Plein jour,En agglomération,Hors intersection,Normale,Autre collision,4,2,2,0,1,1,1,0,1,50,1,2,1,0,0,1,78.0,,voiture,,1,2,1,1,6
202000025405,2020-10-22 19:13:00,2020,10,22,19,13,33,33063,AVE ALSACE LORRAINE CAUD,44.84657,-0.60522,Nuit sans éclairage public,En agglomération,Intersection en X,Pluie légère,Deux véhicules - frontale,4,2,2,0,1,1,2,0,1,50,2,2,1,0,0,1,30.0,41.0,deux_roues,voiture,3,2,2,2,1
202000025406,2020-06-03 08:25:00,2020,6,3,8,25,75,75116,ECHANGEUR MUETTE,48.865767,2.268076,Plein jour,En agglomération,Hors intersection,Normale,Deux véhicules - arrière,4,1,4,0,1,1,1,0,1,70,2,2,1,0,0,1,51.0,34.0,deux_roues,utilitaire_camion,1,2,1,1,2
202000025407,2020-10-20 15:50:00,2020,10,20,15,50,33,33522,CRS DE LA LIBERATION,44.8079,-0.5915,Plein jour,En agglomération,Passage à niveau,Pluie légère,Deux véhicules - frontale,4,2,2,2,1,1,2,4,6,50,2,2,1,0,0,1,27.0,59.0,deux_roues,transport_commun,1,2,8,2,1
202000025408,2020-06-03 08:40:00,2020,6,3,8,40,75,75116,PORTE MAILLOT,48.875228,2.276512,Plein jour,En agglomération,Hors intersection,Normale,Deux véhicules - côté,4,1,4,0,1,1,1,0,1,70,2,3,2,0,0,1,29.0,49.0,deux_roues,voiture,1,2,1,1,3
202000025409,2020-11-06 13:16:00,2020,11,6,13,16,31,31557,NEOUVIELLE (RUE DU),43.57955,1.31499,Plein jour,En agglomération,Hors intersection,Normale,Deux véhicules - côté,4,2,2,0,1,1,1,0,1,50,2,2,1,0,0,1,15.0,23.0,deux_roues,utilitaire_camion,1,2,1,1,3
202000025410,2020-11-05 17:20:00,2020,11,5,17,20,30,30007,GRAMME (RUE),44.14069,4.1045,Crépuscule ou aube,En agglomération,Hors intersection,Normale,Autre collision,4,2,2,0,2,3,1,0,8,50,1,1,0,1,0,0,30.0,,voiture,,2,2,1,1,6
202000025411,2020-06-06 08:23:00,2020,6,6,8,23,75,75113,QUAI FRANCOIS MAURIAC,48.832234,2.379768,Plein jour,En agglomération,Intersection en X,Temps couvert,Deux véhicules - côté,4,2,4,0,1,1,1,0,1,50,2,2,1,0,0,1,50.0,40.0,transport_commun,deux_roues,1,2,2,8,3
202000025412,2020-11-06 08:30:00,2020,11,6,8,30,28,28085,FOCH (BOULEVARD DU MARECHAL),48.44872,1.49261,Plein jour,En agglomération,Intersection en T,Normale,Autre collision,3,2,2,1,1,1,1,0,1,50,1,2,1,0,0,1,26.0,,voiture,,1,2,3,1,6
202000025413,2020-06-06 17:11:00,2020,6,6,17,11,75,75119,RUE DE BELLEVILLE,48.872868,2.379848,Plein jour,En agglomération,Intersection en X,Normale,Autre collision,4,2,2,3,2,1,1,0,1,50,1,2,1,0,0,1,24.0,,deux_roues,,1,2,2,1,6
202000025414,2020-06-06 13:00:00,2020,6,6,13,0,75,75119,RUE DE CRIMEE,48.878415,2.390824,Plein jour,En agglomération,Hors intersection,Normale,Deux véhicules - arrière,4,2,2,0,2,1,1,0,1,50,2,2,1,0,0,1,41.0,20.0,deux_roues,utilitaire_camion,1,2,1,1,2
202000025415,2020-10-07 16:20:00,2020,10,7,16,20,27,27229,QUATORZE JUILLET (BOULEVARD),49.014965,1.17,Plein jour,En agglomération,Hors intersection,Normale,Autre collision,4,1,2,0,1,1,1,5,1,50,1,2,1,0,0,1,20.0,,voiture,,1,2,1,1,6
202000025416,2020-06-06 18:05:00,2020,6,6,18,5,75,75118,RUE MARX DORMOY,48.890229,2.359984,Plein jour,En agglomération,Intersection en X,Normale,,4,2,4,0,1,1,1,0,1,50,2,3,2,0,0,1,30.0,29.0,voiture,voiture,1,2,2,1,-1
202000025417,2020-11-02 18:55:00,2020,11,2,18,55,14,14118,MONTALIVET (COURS),49.17944,-0.33811,Nuit avec éclairage allumé,En agglomération,Hors intersection,Pluie légère,Deux véhicules - côté,3,3,2,0,1,1,2,0,1,50,2,3,2,0,0,1,22.0,78.0,voiture,voiture,5,2,1,2,3
202000025418,2020-11-06 10:15:00,2020,11,6,10,15,13,13019,CD6,43.421213,5.3673156,Plein jour,En agglomération,Autre intersection,Normale,Deux véhicules - frontale,3,-1,2,0,1,2,1,0,1,30,2,2,1,0,0,1,33.0,28.0,deux_roues,utilitaire_camion,1,2,9,1,1
202000025419,2020-06-05 20:45:00,2020,6,5,20,45,75,75118,RUE DU POTEAU,48.89723,2.337967,Crépuscule ou aube,En agglomération,Intersection à plus de 4 branches,Normale,Autre collision,4,2,2,0,1,1,1,0,1,50,1,2,1,0,0,1,27.0,,deux_roues,,2,2,5,1,6
202000025420,2020-08-01 02:10:00,2020,8,1,2,10,13,13215,SAINT JOSEPH A SAINT ANTOINE (CHEMIN DE),43.3592912,5.3648633,Nuit avec éclairage allumé,En agglomération,Hors intersection,Normale,Deux véhicules - frontale,4,2,2,0,1,1,1,0,1,50,2,1,0,0,0,1,31.0,,voiture,,5,2,1,1,1
202000025421,2020-11-06 13:00:00,2020,11,6,13,0,13,13215,CAP PINEDE (Avenue),43.328164,5.363792,Plein jour,En agglomération,Hors intersection,Normale,Autre collision,4,3,4,0,1,1,1,0,1,50,1,2,1,0,0,1,66.0,,voiture,,1,2,1,1,6
202000025422,2020-11-06 13:30:00,2020,11,6,13,30,13,13203,PARIS (BOULEVARD DE),43.30728,5.37183,Plein jour,En agglomération,Intersection en X,Normale,Deux véhicules - côté,4,2,4,3,1,1,1,0,6,30,2,4,1,0,0,3,29.0,26.0,utilitaire_camion,utilitaire_camion,1,2,2,1,3
202000025423,2020-06-06 20:10:00,2020,6,6,20,10,75,75118,AVENUE DE CLICHY,48.885305,2.326607,Plein jour,En agglomération,Intersection en T,Normale,Deux véhicules - côté,4,2,4,1,1,1,1,0,1,30,2,2,1,0,0,1,18.0,59.0,deux_roues,voiture,1,2,3,1,3
202000025424,2020-06-06 22:30:00,2020,6,6,22,30,75,75112,AVENUE DU DOCTEUR ARNOLD NETTER,48.846772,2.406157,Nuit avec éclairage allumé,En agglomération,Hors intersection,Normale,Autre collision,4,-1,3,3,1,1,1,0,1,50,1,1,0,0,0,1,,,,,5,2,1,1,6