accident_id,datetime,annee,mois,jour,heure,minute,departement,commune_insee,adresse,latitude,longitude,luminosite,agglomeration,intersection,meteo,collision,catr,circ,nbv,vosp,prof,plan,surf,infra,situ,vma,nb_vehicules,nb_usagers,nb_indemnes,nb_tues,nb_blesses_hosp,nb_blesses_legers,age_cond_1,age_cond_2,veh_type_cond_1,veh_type_cond_2,lum_code,agg_code,int_code,atm_code,col_code
202000025796,2020-04-15 09:00:00,2020,4,15,9,0,37,37054,Avantigny,47.4745821,0.6632863,Plein jour,Hors agglomération,Hors intersection,Temps éblouissant,Sans collision,3,2,2,0,3,2,1,0,1,70,1,1,0,0,1,0,54.0,,voiture,,1,1,1,7,7
202000025797,2020-04-15 11:35:00,2020,4,15,11,35,53,53046,D21,47.93727,-0.509132,Plein jour,Hors agglomération,Intersection en T,Normale,Deux véhicules - côté,3,2,2,0,1,1,1,5,1,80,2,3,1,1,1,0,21.0,51.0,voiture,utilitaire_camion,1,1,3,1,3
202000025798,2020-04-15 21:40:00,2020,4,15,21,40,66,66017,D83,42.796007,3.026613,Nuit sans éclairage public,Hors agglomération,Hors intersection,Normale,Sans collision,3,1,2,0,1,1,1,0,1,110,1,2,1,1,0,0,34.0,,voiture,,3,1,1,1,7
202000025799,2020-04-16 11:10:00,2020,4,16,11,10,38,38556,Chemin de la Sanne,45.36719,4.83712,Plein jour,Hors agglomération,Intersection en X,Normale,Trois véhicules et plus - collisions multiples,4,2,2,0,1,1,1,0,1,80,4,4,2,0,1,1,31.0,21.0,voiture,voiture,1,1,2,1,5
202000025800,2020-04-16 04:40:00,2020,4,16,4,40,79,79049,Boulevard du Marechal Foch,46.835965,-0.497968,Nuit avec éclairage allumé,En agglomération,Intersection en Y,Normale,Deux véhicules - frontale,4,2,2,0,1,1,1,0,1,50,2,3,1,0,2,0,32.0,59.0,deux_roues,voiture,5,2,4,1,1
202000025801,2020-04-15 10:30:00,2020,4,15,10,30,72,72264,Lieu-dit L'asnière,47.844796,-0.378237,Plein jour,Hors agglomération,Passage à niveau,Normale,Deux véhicules - frontale,3,2,2,3,1,4,1,4,8,80,2,3,2,1,0,0,47.0,68.0,transport_commun,utilitaire_camion,1,1,8,1,1
202000025802,2020-04-15 13:15:00,2020,4,15,13,15,22,22272,44 Rue de la Métairie Neuve,48.560782,-3.129752,Plein jour,En agglomération,Giratoire,Normale,Sans collision,4,1,2,0,1,1,1,9,8,50,1,1,0,0,0,1,20.0,,deux_roues,,1,2,6,1,7
202000025803,2020-04-16 20:50:00,2020,4,16,20,50,60,60612,Route de Saint-léonard,49.196043,2.567582,Crépuscule ou aube,En agglomération,Hors intersection,Normale,Autre collision,4,2,2,0,1,2,1,0,4,50,1,2,1,0,1,0,83.0,,voiture,,2,2,1,1,6
202000025804,2020-04-14 20:05:00,2020,4,14,20,5,59,59350,ROUTE NATIONALE 356,50.618513,3.080925,Crépuscule ou aube,Hors agglomération,Hors intersection,Normale,Deux véhicules - arrière,2,3,6,0,1,1,1,0,1,90,2,3,1,0,0,2,23.0,57.0,voiture,utilitaire_camion,2,1,1,1,2
202000025805,2020-04-15 18:13:00,2020,4,15,18,13,92,92019,RN 385 INT,48.7718822,2.2433127,Plein jour,Hors agglomération,Hors intersection,Normale,Deux véhicules - côté,2,3,4,0,1,2,1,0,1,90,2,2,1,0,0,1,27.0,23.0,voiture,voiture,1,1,1,1,3
202000025806,2020-04-15 01:50:00,2020,4,15,1,50,93,93053,AUTOROUTE A86,48.90119,2.46927,Nuit sans éclairage public,Hors agglomération,Hors intersection,Normale,Autre collision,1,1,2,0,2,3,1,2,1,60,1,2,0,0,1,1,21.0,,voiture,,3,1,1,1,6
202000025807,2020-01-29 07:50:00,2020,1,29,7,50,59,59378,ROUTE NATIONALE 356,50.657253,3.111465,Crépuscule ou aube,Hors agglomération,Hors intersection,Normale,Autre collision,2,3,4,0,1,1,2,0,1,90,1,1,0,0,0,1,45.0,,voiture,,2,1,1,1,6
202000025808,2020-04-13 19:05:00,2020,4,13,19,5,988,98818,GERVOLINO (RUE ROGER),-22.26222,166.47178,Nuit sans éclairage public,En agglomération,Hors intersection,Normale,Deux véhicules - frontale,4,2,2,0,1,3,1,0,1,50,2,6,5,0,0,1,33.0,23.0,voiture,voiture,3,2,1,1,1
202000025809,2020-04-14 14:40:00,2020,4,14,14,40,973,97302,BASSIERE (LEON) CITE THEMIRE,4.9341755,-52.3204136,Plein jour,En agglomération,Intersection en X,Normale,Deux véhicules - côté,4,1,1,0,1,1,1,0,1,50,2,4,1,0,0,3,23.0,34.0,deux_roues,deux_roues,1,2,2,1,3
202000025810,2020-04-14 09:50:00,2020,4,14,9,50,69,69387,DOMER                               (R ),45.74665,4.84414,Plein jour,En agglomération,Intersection en T,Normale,Deux véhicules - côté,4,1,1,0,1,1,1,0,1,50,2,2,1,0,0,1,40.0,38.0,deux_roues,utilitaire_camion,1,2,3,1,3
202000025811,2020-04-14 04:40:00,2020,4,14,4,40,95,95539,RD 301,49.00744,2.35398,Nuit sans éclairage public,Hors agglomération,Hors intersection,Normale,Autre collision,3,3,4,0,2,3,1,0,1,90,1,2,1,0,0,1,19.0,,voiture,,3,1,1,1,6
202000025812,2020-04-14 10:40:00,2020,4,14,10,40,91,91549,RD 117,48.62588,2.3421,Plein jour,En agglomération,Autre intersection,Normale,Deux véhicules - côté,3,1,1,0,1,1,1,5,1,50,2,2,1,0,0,1,23.0,65.0,utilitaire_camion,deux_roues,1,2,9,1,3
202000025813,2020-04-14 15:00:00,2020,4,14,15,0,91,91223,R.N.20,48.4407,2.17405,Plein jour,Hors agglomération,Hors intersection,Normale,Deux véhicules - arrière,2,3,4,0,1,1,1,0,1,90,2,3,1,0,1,1,61.0,44.0,voiture,utilitaire_camion,1,1,1,1,2
202000025814,2020-04-08 03:00:00,2020,4,8,3,0,83,83034,ROUTE DE LA MOUTONNE,43.11334,6.05488,Nuit sans éclairage public,Hors agglomération,Hors intersection,Normale,Autre collision,3,2,2,2,1,1,1,0,3,90,1,1,0,1,0,0,30.0,,voiture,,3,1,1,1,6
202000025815,2020-04-14 19:00:00,2020,4,14,19,0,57,57487,VERDUN (RUE DE ),49.1073222,6.1070077,Plein jour,En agglomération,Hors intersection,Normale,Deux véhicules - frontale,4,2,2,0,1,1,1,0,1,50,2,2,1,0,0,1,43.0,63.0,voiture,deux_roues,1,2,1,1,1
202000025816,2020-04-13 21:45:00,2020,4,13,21,45,56,56121,KERVARIC (ROND POINT DE ),47.74796,-3.38847,Nuit avec éclairage allumé,En agglomération,Giratoire,Normale,Deux véhicules - arrière,4,1,2,0,1,2,1,0,1,30,2,2,1,0,0,1,27.0,19.0,voiture,voiture,5,2,6,1,2
202000025817,2020-04-12 10:30:00,2020,4,12,10,30,56,56098,PEN MANE (RUE DE),47.75952,-3.32544,Plein jour,En agglomération,Hors intersection,Normale,Sans collision,4,2,2,0,4,1,1,0,1,30,1,1,0,0,0,1,27.0,,deux_roues,,1,2,1,1,7
202000025818,2020-04-09 04:20:00,2020,4,9,4,20,54,54149,D521,49.4373,5.9252,Nuit sans éclairage public,Hors agglomération,Hors intersection,Normale,Autre collision,3,2,2,0,1,1,1,0,1,80,1,1,0,1,0,0,,,,,3,1,1,1,6
202000025819,2020-04-08 10:45:00,2020,4,8,10,45,54,54323,MERCY (RUE),49.5284,5.7633,Plein jour,En agglomération,Hors intersection,Normale,Deux véhicules - frontale,3,3,2,0,1,1,1,5,1,50,2,3,1,0,0,2,74.0,40.0,voiture,voiture,1,2,1,1,1
202000025820,2020-04-14 09:45:00,2020,4,14,9,45,45,45169,71 Rue du Chateau d'Eau,47.926761,1.831524,Plein jour,En agglomération,Hors intersection,Normale,Autre collision,4,2,2,1,2,1,1,0,4,50,1,1,0,1,0,0,53.0,,voiture,,1,2,1,1,6
202000025821,2020-04-14 08:10:00,2020,4,14,8,10,45,45234,Avenue des Droits de l'Homme,47.9237291,1.9351703,Plein jour,En agglomération,Hors intersection,Normale,Trois véhicules et plus - collisions multiples,4,2,4,1,1,1,1,0,1,50,3,3,0,0,0,3,40.0,48.0,voiture,voiture,1,2,1,1,5
202000025822,2020-04-14 20:50:00,2020,4,14,20,50,37,37261,LAPONNERAYE (RUE),47.3831222,0.6894884,Nuit avec éclairage allumé,En agglomération,Hors intersection,Normale,Deux véhicules - frontale,4,1,1,0,1,1,1,0,1,30,2,2,1,0,0,1,22.0,32.0,deux_roues,voiture,5,2,1,1,1
202000025823,2020-04-10 22:30:00,2020,4,10,22,30,35,35238,31 Avenue Jean Janvier,48.106377,-1.672958,Nuit avec éclairage allumé,En agglomération,Hors intersection,Normale,Sans collision,4,1,1,0,1,1,1,8,4,50,1,2,0,0,0,2,20.0,,deux_roues,,5,2,1,1,7
202000025824,2020-04-14 11:15:00,2020,4,14,11,15,13,13206,PARADIS (RUE),43.2832,5.38109,Plein jour,En agglomération,Intersection en X,Normale,Deux véhicules - côté,4,1,2,0,1,1,1,5,1,50,2,2,1,1,0,0,58.0,53.0,deux_roues,voiture,1,2,2,1,3
202000025825,2020-04-14 09:05:00,2020,4,14,9,5,06,06069,DE LATTRE DE TASSIGNY (AVENUE DU MARECHA,43.650139,6.922619,Plein jour,En agglomération,Hors intersection,Normale,Autre collision,4,-1,2,0,2,1,1,9,1,50,1,2,0,0,0,2,75.0,,voiture,,1,2,1,1,6
202000025826,2020-04-14 17:10:00,2020,4,14,17,10,75,75114,PORTE D ORLEANS,48.819417,2.32829,Plein jour,En agglomération,Hors intersection,Normale,Deux véhicules - côté,4,2,3,0,1,1,1,0,1,70,2,2,1,0,1,0,26.0,37.0,utilitaire_camion,deux_roues,1,2,1,1,3
202000025827,2020-04-14 19:00:00,2020,4,14,19,0,75,75115,RUE DE LA CONVENTION,48.841098,2.287904,Plein jour,En agglomération,Intersection en X,Normale,Deux véhicules - arrière,4,2,2,0,1,1,1,0,1,50,2,1,0,0,0,1,43.0,,deux_roues,,1,2,2,1,2
202000025828,2020-04-13 11:35:00,2020,4,13,11,35,75,75112,RUE DE FECAMP,48.838187,2.399415,Plein jour,En agglomération,Intersection en T,Normale,Autre collision,4,1,3,0,1,1,1,0,1,50,1,1,0,0,0,1,20.0,,deux_roues,,1,2,3,1,6
202000025829,2020-04-14 16:45:00,2020,4,14,16,45,75,75111,CITE DES TROIS BORNES,48.866826,2.372127,Plein jour,En agglomération,Hors intersection,Normale,Autre collision,4,2,1,0,1,1,1,0,1,30,1,2,1,0,0,1,23.0,,utilitaire_camion,,1,2,1,1,6
202000025830,2020-04-14 14:05:00,2020,4,14,14,5,75,75111,BOULEVARD DE MENILMONTANT,48.860238,2.388559,Plein jour,En agglomération,Hors intersection,Normale,Deux véhicules - arrière,4,1,1,0,1,1,1,0,1,50,2,2,1,0,0,1,35.0,54.0,deux_roues,voiture,1,2,1,1,2
202000025831,2020-04-14 16:00:00,2020,4,14,16,0,75,75110,RUE DES VINAIGRIERS,48.87317,2.361484,Plein jour,En agglomération,Intersection en X,Normale,Deux véhicules - côté,4,1,2,0,1,1,1,0,1,50,2,3,2,0,0,1,27.0,35.0,voiture,voiture,1,2,2,1,3
202000025832,2020-04-14 18:45:00,2020,4,14,18,45,94,94081,GERMAIN PINSON (R),48.7963,2.3843,Plein jour,En agglomération,Hors intersection,Normale,Autre collision,4,1,1,0,1,1,1,0,4,50,1,2,1,0,0,1,33.0,,deux_roues,,1,2,1,1,6
202000025833,2020-04-14 19:15:00,2020,4,14,19,15,94,94017,MAURICE THOREZ (AV),48.81042,2.53677,Plein jour,En agglomération,Hors intersection,Normale,Autre collision,3,2,2,0,1,1,1,0,1,50,1,2,1,0,1,0,44.0,,voiture,,1,2,1,1,6
202000025834,2020-04-14 17:00:00,2020,4,14,17,0,93,93064,DE GAULLE (AV DU GENERAL) 58/49 - FIN,48.877702,2.479607,Plein jour,En agglomération,Hors intersection,Normale,Deux véhicules - côté,3,3,4,0,1,1,1,0,1,50,2,2,1,0,1,0,28.0,46.0,voiture,deux_roues,1,2,1,1,3
202000025835,2020-04-11 16:20:00,2020,4,11,16,20,92,92063,GALLIENI (RUE),48.874798,2.200994,Plein jour,En agglomération,Intersection en T,Normale,Deux véhicules - arrière,4,2,2,0,1,1,1,0,1,50,2,2,1,0,0,1,26.0,58.0,voiture,utilitaire_camion,1,2,3,1,2
202000025836,2020-04-14 17:15:00,2020,4,14,17,15,972,97222,Route de Chere Epice,14.695485,-60.970109,Plein jour,En agglomération,Hors intersection,Normale,Deux véhicules - frontale,3,2,2,0,2,2,1,0,1,50,2,2,1,0,0,1,25.0,23.0,deux_roues,voiture,1,2,1,1,1
202000025837,2020-04-14 10:20:00,2020,4,14,10,20,972,97229,Boulevard du General de Gaulle,14.608907,-61.092342,Plein jour,En agglomération,Hors intersection,Normale,Deux véhicules - côté,9,3,2,0,1,1,1,9,1,30,2,2,1,0,1,0,26.0,58.0,deux_roues,voiture,1,2,1,1,3
202000025838,2020-04-15 00:45:00,2020,4,15,0,45,91,91553,Route de Maupertuis,48.630863,2.497061,Nuit avec éclairage allumé,En agglomération,Hors intersection,Normale,Autre collision,3,3,2,0,2,2,1,5,3,-1,1,3,0,0,1,2,19.0,,voiture,,5,2,1,1,6
202000025839,2020-04-14 17:10:00,2020,4,14,17,10,46,46083,Cressensac-Sarrazac,45.009912,1.577059,Plein jour,Hors agglomération,Intersection en Y,Normale,Deux véhicules - côté,3,2,2,0,1,1,1,0,3,80,2,2,1,0,1,0,53.0,21.0,utilitaire_camion,deux_roues,1,1,4,1,3
202000025840,2020-04-15 13:30:00,2020,4,15,13,30,60,60515,D36,49.4791955,2.5288068,Plein jour,Hors agglomération,Hors intersection,Normale,Autre collision,3,2,2,0,1,1,1,0,1,80,1,1,0,1,0,0,75.0,,deux_roues,,1,1,1,1,6
202000025841,2020-04-14 17:50:00,2020,4,14,17,50,16,16134,Ld Chantegrolle,45.8719062,0.6621208,Plein jour,Hors agglomération,Hors intersection,Normale,Autre collision,2,2,2,0,1,1,1,0,3,80,1,1,0,0,1,0,51.0,,voiture,,1,1,1,1,6
202000025842,2020-04-14 08:55:00,2020,4,14,8,55,87,87012,Route nationale 147,46.061488,1.115085,Plein jour,Hors agglomération,Hors intersection,Temps éblouissant,Sans collision,2,2,2,0,2,2,9,0,1,80,1,1,0,0,1,0,45.0,,deux_roues,,1,1,1,7,7
202000025843,2020-04-14 11:30:00,2020,4,14,11,30,35,35352,Avenue de la Chalotais,48.045167,-1.604658,Plein jour,En agglomération,Giratoire,Normale,Deux véhicules - côté,4,-1,2,0,1,2,1,0,1,50,2,2,1,0,0,1,58.0,54.0,voiture,deux_roues,1,2,6,1,3
202000025844,2020-04-10 11:00:00,2020,4,10,11,0,69,69115,A6,45.976267,4.734271,Plein jour,Hors agglomération,Hors intersection,Normale,Autre collision,1,1,1,0,1,3,1,9,1,70,1,1,0,0,0,1,22.0,,voiture,,1,1,1,1,6
202000025845,2020-04-14 20:45:00,2020,4,14,20,45,2A,2A300,T10,41.656517,9.3029585,Nuit avec éclairage allumé,Hors agglomération,Hors intersection,Normale,Sans collision,2,2,2,0,1,1,1,0,3,80,1,4,0,0,0,4,39.0,,voiture,,5,1,1,1,7
202000025846,2020-04-14 17:50:00,2020,4,14,17,50,14,14015,D79,49.249869,-0.40224,Plein jour,Hors agglomération,Hors intersection,Normale,Deux véhicules - frontale,3,2,2,0,2,4,1,0,1,80,2,2,0,0,1,1,26.0,34.0,voiture,voiture,1,1,1,1,1
202000025847,2020-04-14 16:00:00,2020,4,14,16,0,13,13202,TVPCD-Sens Les Ports vers Saint Victor,43.2940509,5.3639865,Plein jour,Hors agglomération,Hors intersection,Normale,Sans collision,7,1,2,0,2,2,1,1,1,50,1,1,0,0,1,0,21.0,,deux_roues,,1,1,1,1,7
202000025848,2020-04-09 20:45:00,2020,4,9,20,45,59,59646,AUTOROUTE A22,50.683346,3.112032,Crépuscule ou aube,Hors agglomération,Hors intersection,Normale,Autre collision,1,3,6,0,1,1,1,0,1,90,1,1,0,0,1,0,21.0,,voiture,,2,1,1,1,6
202000025849,2020-04-13 20:02:00,2020,4,13,20,2,78,78217,A13,48.965759,1.809266,Plein jour,Hors agglomération,Autre intersection,Normale,Sans collision,1,3,3,0,1,1,1,9,8,110,1,1,0,0,0,1,21.0,,voiture,,1,1,9,1,7
202000025850,2020-04-14 15:30:00,2020,4,14,15,30,77,77372,A104,48.87561,2.668986,Plein jour,Hors agglomération,Hors intersection,Normale,Deux véhicules - arrière,1,3,4,0,1,1,1,0,1,90,2,2,0,0,0,2,53.0,47.0,voiture,voiture,1,1,1,1,2
202000025851,2020-04-13 19:30:00,2020,4,13,19,30,973,97302,MADELEINE (ROUTE DE LA),4.9335128,-52.3263681,Nuit avec éclairage allumé,En agglomération,Hors intersection,Normale,Deux véhicules - côté,3,2,2,0,1,1,1,0,1,50,2,3,1,0,2,0,31.0,20.0,deux_roues,voiture,5,2,1,1,3
202000025852,2020-04-13 14:00:00,2020,4,13,14,0,69,69386,VIABERT (DE LA)                     (R ),45.7663769,4.8672259,Plein jour,En agglomération,Intersection en X,Normale,Deux véhicules - côté,4,1,1,0,1,1,1,8,1,50,2,2,1,0,0,1,39.0,31.0,deux_roues,deux_roues,1,2,2,1,3
202000025853,2020-04-12 11:23:00,2020,4,12,11,23,45,45068,Rue Roger Salengro,48.01963,2.71527,Plein jour,En agglomération,Hors intersection,Normale,Autre collision,4,2,2,0,1,1,1,0,1,50,1,2,1,0,0,1,43.0,,voiture,,1,2,1,1,6
202000025854,2020-04-13 21:15:00,2020,4,13,21,15,07,07316,RHONE (CHEMIN DU),44.886064,4.854203,Nuit sans éclairage public,Hors agglomération,Hors intersection,Normale,Autre collision,4,-1,1,3,1,1,1,6,6,30,1,1,0,0,1,0,47.0,,deux_roues,,3,1,1,1,6
202000025855,2020-04-13 20:05:00,2020,4,13,20,5,75,75120,RUE LOUIS LUMIERE,48.862207,2.41097,Crépuscule ou aube,En agglomération,Hors intersection,Normale,Autre collision,4,2,2,1,1,1,1,0,1,50,1,2,1,0,0,1,33.0,,voiture,,2,2,1,1,6
202000025856,2020-04-13 16:10:00,2020,4,13,16,10,75,75119,AVENUE JEAN JAURES,48.882809,2.37028,Plein jour,En agglomération,Intersection en X,Normale,Deux véhicules - côté,4,2,2,1,1,1,1,0,1,50,2,2,1,0,0,1,21.0,60.0,deux_roues,voiture,1,2,2,1,3
202000025857,2020-04-12 11:28:00,2020,4,12,11,28,75,75112,BOULEVARD PONIATOWSKI,48.831825,2.397662,Plein jour,En agglomération,Intersection en X,Normale,Deux véhicules - côté,4,1,1,0,2,1,1,0,1,50,2,3,2,0,0,1,31.0,40.0,voiture,deux_roues,1,2,2,1,3
202000025858,2020-04-13 19:55:00,2020,4,13,19,55,93,93078,BD ROBERT BALLANGER,48.956281,2.541234,Plein jour,En agglomération,Hors intersection,Normale,Autre collision,3,3,2,0,1,1,1,0,1,50,1,2,1,0,0,1,47.0,,voiture,,1,2,1,1,6
202000025859,2020-04-13 22:30:00,2020,4,13,22,30,54,54070,D70,48.796617,6.350291,Nuit sans éclairage public,Hors agglomération,Hors intersection,Normale,Autre collision,3,2,2,0,4,1,1,0,3,80,1,1,0,0,1,0,26.0,,voiture,,3,1,1,1,6
202000025860,2020-04-14 16:24:00,2020,4,14,16,24,10,10290,D211,48.259331,3.653818,Plein jour,Hors agglomération,Hors intersection,Normale,Sans collision,3,2,2,0,1,1,1,0,1,80,1,1,0,0,1,0,38.0,,deux_roues,,1,1,1,1,7
202000025861,2020-04-14 07:50:00,2020,4,14,7,50,67,67445,14 Rue de la Gare,48.2879181,7.4276447,Plein jour,En agglomération,Intersection en T,Temps éblouissant,Deux véhicules - frontale,3,2,2,1,2,1,1,5,1,30,2,2,1,1,0,0,52.0,86.0,voiture,deux_roues,1,2,3,7,1
202000025862,2020-04-14 16:30:00,2020,4,14,16,30,12,12267,D902,44.066224,2.51589,Plein jour,Hors agglomération,Hors intersection,Temps éblouissant,Deux véhicules - frontale,3,2,2,0,2,3,1,0,1,80,2,2,1,1,0,0,51.0,47.0,utilitaire_camion,utilitaire_camion,1,1,1,7,1
202000025863,2020-04-14 08:00:00,2020,4,14,8,0,86,86226,Rue de Poitiers,46.558828,0.507697,Plein jour,En agglomération,Hors intersection,Temps éblouissant,Autre collision,3,2,2,0,1,1,1,0,1,50,1,2,1,0,1,0,35.0,,utilitaire_camion,,1,2,1,7,6
202000025864,2020-04-14 06:50:00,2020,4,14,6,50,974,97410,Route Nationale 2,-21.074139,55.739983,Nuit sans éclairage public,En agglomération,Hors intersection,Normale,Autre collision,4,2,2,0,2,4,2,0,1,70,1,2,1,0,1,0,54.0,,voiture,,3,2,1,1,6
202000025865,2020-04-14 09:50:00,2020,4,14,9,50,26,26333,Quai Sarrère,45.180363,4.813983,Plein jour,En agglomération,Hors intersection,Normale,Sans collision,2,2,2,0,1,1,1,0,1,50,1,1,0,0,0,1,63.0,,deux_roues,,1,2,1,1,7
202000025866,2020-04-14 08:15:00,2020,4,14,8,15,62,62123,D148,50.574039,1.822388,Plein jour,Hors agglomération,Hors intersection,Normale,Autre collision,3,2,2,0,1,1,1,0,3,80,1,2,1,0,1,0,20.0,,voiture,,1,1,1,1,6
202000025867,2020-04-14 14:30:00,2020,4,14,14,30,44,44069,Route de Cogea,47.344586,-2.352756,Plein jour,Hors agglomération,Intersection en X,Normale,Deux véhicules - frontale,3,2,2,0,1,3,1,0,1,50,2,3,2,0,0,1,76.0,17.0,voiture,deux_roues,1,1,2,1,1
202000025868,2020-04-12 11:37:00,2020,4,12,11,37,35,35243,La Basse Moriere,48.3615024,-1.2804077,Plein jour,Hors agglomération,Hors intersection,Normale,Sans collision,3,2,2,0,1,2,1,0,1,80,1,1,0,0,1,0,62.0,,deux_roues,,1,1,1,1,7
202000025869,2020-04-14 14:15:00,2020,4,14,14,15,03,03082,16 Rue de la République,46.2878708,2.7399411,Plein jour,En agglomération,Intersection en X,Normale,Deux véhicules - frontale,3,1,1,0,1,1,1,5,1,50,2,2,1,0,1,0,41.0,21.0,voiture,deux_roues,1,2,2,1,1
202000025870,2020-04-14 16:10:00,2020,4,14,16,10,03,03084,Route d’Herisson,46.4741217,2.8234217,Plein jour,En agglomération,Autre intersection,Normale,Sans collision,3,2,2,0,2,1,1,0,1,80,1,1,0,0,0,1,37.0,,deux_roues,,1,2,9,1,7
202000025871,2020-04-13 21:00:00,2020,4,13,21,0,01,01269,D1084,46.162634,5.596177,Nuit sans éclairage public,Hors agglomération,Hors intersection,Normale,Autre collision,3,2,2,0,1,2,1,0,1,50,1,2,0,1,1,0,31.0,,voiture,,3,1,1,1,6
202000025872,2020-04-14 13:48:00,2020,4,14,13,48,38,38351,D522,45.53591,5.2276,Plein jour,Hors agglomération,Hors intersection,Normale,Trois véhicules et plus - collisions multiples,3,2,2,0,2,2,1,0,1,70,3,3,2,0,0,1,55.0,54.0,voiture,utilitaire_camion,1,1,1,1,5
202000025873,2020-04-09 00:10:00,2020,4,9,0,10,973,97312,Rue Léonel Dréan,5.3795824,-52.9578495,Nuit avec éclairage allumé,En agglomération,Hors intersection,Normale,Deux véhicules - côté,4,2,2,0,1,1,1,0,1,50,2,2,1,0,0,1,36.0,23.0,deux_roues,voiture,5,2,1,1,3
202000025874,2020-04-13 19:00:00,2020,4,13,19,0,28,28355,89 Place des Tilleuls,48.856174,1.531289,Plein jour,En agglomération,Hors intersection,Normale,Autre collision,3,2,2,0,1,3,1,0,8,50,1,1,0,0,1,0,26.0,,deux_roues,,1,2,1,1,6
202000025875,2020-04-04 11:35:00,2020,4,4,11,35,83,83071,Avenue Albert Roux,43.137332,6.232869,Plein jour,En agglomération,Hors intersection,Normale,Autre collision,3,2,2,0,1,1,1,0,1,50,1,2,1,0,0,1,65.0,,voiture,,1,2,1,1,6
202000025876,2020-04-13 15:35:00,2020,4,13,15,35,33,33498,67 Route de Compostelle,44.586965,-0.775797,Plein jour,Hors agglomération,Hors intersection,Temps éblouissant,Autre collision,3,2,2,0,1,1,1,0,3,70,1,1,0,1,0,0,57.0,,deux_roues,,1,1,1,7,6
202000025877,2020-04-13 18:50:00,2020,4,13,18,50,85,85129,Constantine,46.838563,-1.466932,Plein jour,Hors agglomération,Hors intersection,Normale,Autre collision,4,2,2,0,1,1,1,0,3,70,1,2,1,1,0,0,88.0,,voiture,,1,1,1,1,6
202000025878,2020-04-12 17:50:00,2020,4,12,17,50,974,97411,PITON (ROUTE DU BOIS DE NEFLES),-20.926,55.4736,Nuit avec éclairage allumé,En agglomération,Hors intersection,Pluie légère,Deux véhicules - arrière,4,2,2,0,2,1,2,0,1,50,2,3,1,0,0,2,21.0,41.0,autre,voiture,5,2,1,2,2
202000025879,2020-04-11 09:30:00,2020,4,11,9,30,974,97411,Route de Domenjod,-20.912273,55.506596,Plein jour,En agglomération,Hors intersection,Pluie légère,Deux véhicules - frontale,3,2,2,0,1,3,2,0,1,50,2,2,0,0,0,2,38.0,26.0,voiture,utilitaire_camion,1,2,1,2,1
202000025880,2020-04-12 20:25:00,2020,4,12,20,25,973,97302,MARINGOUINS (ROND-POINT),4.9075,-52.322,Nuit sans éclairage public,Hors agglomération,Hors intersection,Normale,Sans collision,2,1,1,0,1,2,1,0,1,50,1,3,0,0,0,3,30.0,,voiture,,3,1,1,1,7
202000025881,2020-04-12 17:00:00,2020,4,12,17,0,972,97213,MORNE PITAULT (ROUTE DE),14.6208,-60.9488,Plein jour,En agglomération,Hors intersection,Normale,Sans collision,4,2,1,0,2,3,1,0,8,30,1,1,0,0,0,1,23.0,,utilitaire_camion,,1,2,1,1,7
202000025882,2020-04-11 21:30:00,2020,4,11,21,30,972,97209,RN9,14.61516,-61.04078,Nuit sans éclairage public,Hors agglomération,Hors intersection,Normale,Autre collision,2,3,4,0,2,1,1,8,1,70,1,1,0,0,0,1,33.0,,deux_roues,,3,1,1,1,6
202000025883,2020-04-12 16:40:00,2020,4,12,16,40,91,91174,René Pierre (rue),48.5987,2.47632,Plein jour,En agglomération,Hors intersection,,Autre collision,4,-1,-1,-1,1,1,-1,0,1,-1,1,1,0,0,0,1,36.0,,autre,,1,2,1,-1,6
202000025884,2020-04-12 17:55:00,2020,4,12,17,55,83,83137,LAFONTAN (QUAI),43.11862,5.93596,Plein jour,En agglomération,Hors intersection,Normale,Sans collision,4,1,1,0,1,1,1,0,3,50,1,2,0,0,2,0,45.0,,deux_roues,,1,2,1,1,7
202000025885,2020-04-12 10:05:00,2020,4,12,10,5,60,60057,MONTIER (RUE DU),49.4313393,2.1081884,Plein jour,En agglomération,Hors intersection,Normale,Autre collision,4,-1,0,0,4,1,1,0,1,50,1,1,0,0,0,1,,,,,1,2,1,1,6
202000025886,2020-04-11 20:10:00,2020,4,11,20,10,44,44109,PONT DE CHEVIRE,47.19324,-1.61364,Plein jour,Hors agglomération,Hors intersection,Normale,Sans collision,2,2,0,0,1,1,1,2,1,70,1,2,0,0,0,2,72.0,,voiture,,1,1,1,1,7
202000025887,2020-04-08 20:30:00,2020,4,8,20,30,35,35278,BERTAICHE  (11 LIEU DIT),48.16398,-1.68247,Nuit sans éclairage public,Hors agglomération,Hors intersection,Normale,Autre collision,3,2,2,0,2,3,1,0,1,50,1,1,0,0,0,1,38.0,,autre,,3,1,1,1,6
202000025888,2020-04-12 20:25:00,2020,4,12,20,25,35,35238,RN 136 PORTE DE CLEUNAY,48.10099,-1.71452,Crépuscule ou aube,Hors agglomération,Autre intersection,Normale,Sans collision,2,1,1,0,1,3,1,3,1,70,1,5,3,0,0,2,,,,,2,1,9,1,7