accident_id,datetime,annee,mois,jour,heure,minute,departement,commune_insee,adresse,latitude,longitude,luminosite,agglomeration,intersection,meteo,collision,catr,circ,nbv,vosp,prof,plan,surf,infra,situ,vma,nb_vehicules,nb_usagers,nb_indemnes,nb_tues,nb_blesses_hosp,nb_blesses_legers,age_cond_1,age_cond_2,veh_type_cond_1,veh_type_cond_2,lum_code,agg_code,int_code,atm_code,col_code
202000025889,2020-04-12 14:00:00,2020,4,12,14,0,30,30007,ROYALE (ROUTE DE LA ),44.144966,4.072685,Plein jour,En agglomération,Hors intersection,Normale,Sans collision,3,2,2,0,1,1,1,0,1,50,1,1,0,0,0,1,,,,,1,2,1,1,7
202000025890,2020-04-11 09:50:00,2020,4,11,9,50,29,29039,Rond Point de Keriolet,47.88839,-3.91887,Plein jour,En agglomération,Giratoire,Normale,Deux véhicules - côté,4,-1,3,1,1,1,1,0,5,50,2,2,1,0,0,1,39.0,76.0,voiture,deux_roues,1,2,6,1,3
202000025891,2020-04-11 17:30:00,2020,4,11,17,30,14,14069,SAP (ROUTE DU),49.12885,0.247367,Plein jour,Hors agglomération,Hors intersection,Normale,Autre collision,3,2,2,0,2,3,1,0,1,80,1,1,0,0,0,1,24.0,,voiture,,1,1,1,1,6
202000025892,2020-04-12 23:30:00,2020,4,12,23,30,06,06069,PEGOMAS (ROUTE DE),43.642336,6.937899,Nuit avec éclairage allumé,En agglomération,Hors intersection,Normale,Autre collision,3,2,2,0,1,1,1,0,4,50,1,2,0,0,0,2,39.0,,voiture,,5,2,1,1,6
202000025893,2020-04-11 21:35:00,2020,4,11,21,35,75,75116,RUE DE LA POMPE,48.86396,2.277388,Nuit avec éclairage allumé,En agglomération,Intersection en X,Normale,Autre collision,4,2,2,0,1,1,1,0,1,50,1,2,1,0,0,1,19.0,,deux_roues,,5,2,2,1,6
202000025894,2020-04-12 21:30:00,2020,4,12,21,30,93,93070,AV MICHELET / R GODILLOT,48.9105,2.3441,Nuit avec éclairage allumé,En agglomération,Intersection en X,Normale,Deux véhicules - côté,3,2,2,0,1,1,1,0,1,50,2,1,0,0,0,1,24.0,,deux_roues,,5,2,2,1,3
202000025895,2020-04-12 18:40:00,2020,4,12,18,40,95,95205,22 Rue Jean Jaurès,49.034604,2.372651,Plein jour,En agglomération,Hors intersection,Normale,Autre collision,4,2,2,0,1,1,2,0,1,30,1,1,0,0,1,0,33.0,,deux_roues,,1,2,1,1,6
202000025896,2020-04-11 12:00:00,2020,4,11,12,0,58,58086,Rue de Montchevreau,47.389859,2.939776,Plein jour,Hors agglomération,Hors intersection,Normale,Sans collision,3,2,2,0,1,2,9,0,3,80,1,1,0,0,1,0,66.0,,deux_roues,,1,1,1,1,7
202000025897,2020-04-12 23:45:00,2020,4,12,23,45,62,62439,Route de ventu,50.798056,1.875862,Nuit sans éclairage public,En agglomération,Hors intersection,Normale,Autre collision,3,2,2,0,1,3,1,0,3,50,1,1,0,0,0,1,24.0,,deux_roues,,3,2,1,1,6
202000025898,2020-04-12 16:15:00,2020,4,12,16,15,62,62859,22 Rue de Wavans,50.228931,2.209239,Plein jour,En agglomération,Intersection en X,Normale,Deux véhicules - côté,3,2,2,0,1,1,1,0,1,50,2,2,1,0,1,0,13.0,70.0,deux_roues,voiture,1,2,2,1,3
202000025899,2020-04-12 21:50:00,2020,4,12,21,50,47,47106,90 Avenue Gambetta,44.497117,0.989517,Nuit avec éclairage allumé,En agglomération,Hors intersection,Normale,Autre collision,3,2,2,0,1,1,1,0,1,50,1,1,0,1,0,0,49.0,,deux_roues,,5,2,1,1,6
202000025900,2020-04-12 09:45:00,2020,4,12,9,45,01,01258,1 Route de Francheleins,46.096801,4.77378,Plein jour,Hors agglomération,Hors intersection,Normale,Autre collision,6,-1,-1,0,1,1,1,9,8,15,1,2,1,0,1,0,77.0,,voiture,,1,1,1,1,6
202000025901,2020-04-12 21:10:00,2020,4,12,21,10,50,50425,23 Hameau Delay,49.529122,-1.652718,Nuit sans éclairage public,Hors agglomération,Hors intersection,Normale,Sans collision,3,2,2,0,2,3,1,0,3,80,1,1,0,0,1,0,21.0,,deux_roues,,3,1,1,1,7
202000025902,2020-04-12 20:30:00,2020,4,12,20,30,28,28147,D23,48.535615,1.240752,Crépuscule ou aube,Hors agglomération,Hors intersection,Normale,Deux véhicules - frontale,3,2,2,0,1,1,1,0,1,80,2,3,1,0,1,1,29.0,32.0,voiture,deux_roues,2,1,1,1,1
202000025903,2020-04-12 15:10:00,2020,4,12,15,10,17,17463,Chemin de l'Aire de Loisirs,45.973531,-0.98922,Plein jour,Hors agglomération,Hors intersection,Normale,Sans collision,4,2,1,0,1,1,1,0,3,50,1,2,0,0,1,1,22.0,,voiture,,1,1,1,1,7
202000025904,2020-04-13 10:05:00,2020,4,13,10,5,84,84054,Route de Robion,43.913252,5.053314,Plein jour,En agglomération,Hors intersection,Normale,Autre collision,3,2,2,0,1,1,1,0,1,50,1,2,1,0,1,0,31.0,,voiture,,1,2,1,1,6
202000025905,2020-04-09 21:40:00,2020,4,9,21,40,35,35089,le pas RD 163,47.8820726,-1.4942728,Nuit sans éclairage public,Hors agglomération,Intersection en X,Normale,Deux véhicules - côté,3,2,2,0,1,1,1,5,1,80,2,4,2,1,1,0,26.0,55.0,deux_roues,voiture,3,1,2,1,3
202000025906,2020-04-12 09:20:00,2020,4,12,9,20,13,13005,A50-Sens Marseille vers Aubagne,43.2890685,5.5596029,Plein jour,Hors agglomération,Hors intersection,Normale,Sans collision,1,1,2,0,1,1,1,0,1,90,1,1,0,0,0,1,54.0,,voiture,,1,1,1,1,7
202000025907,2020-04-12 00:55:00,2020,4,12,0,55,33,33075,ROCADE A 630,44.88689,-0.62101,Nuit sans éclairage public,Hors agglomération,Hors intersection,Normale,Deux véhicules - arrière,1,3,4,0,1,2,1,0,1,90,2,3,1,0,0,2,29.0,45.0,voiture,voiture,3,1,1,1,2
202000025908,2020-04-12 04:31:00,2020,4,12,4,31,91,91286,AUTOROUTE A6,48.657684,2.376288,Nuit sans éclairage public,Hors agglomération,Hors intersection,Normale,Autre collision,1,3,6,0,1,1,1,0,1,70,1,1,0,0,0,1,33.0,,voiture,,3,1,1,1,6
202000025909,2020-04-11 17:30:00,2020,4,11,17,30,988,98818,RUE PELATAN/RUE AMPERE,-22.23099,166.44964,Plein jour,En agglomération,Intersection en T,Normale,Trois véhicules et plus - collisions multiples,4,2,2,0,1,1,1,0,1,70,3,4,3,0,0,1,56.0,42.0,voiture,utilitaire_camion,1,2,3,1,5
202000025910,2020-04-09 02:00:00,2020,4,9,2,0,972,97213,VIEUX CHEMIN CALIFORNIE (RUE DU),14.6225,-61.02388,Nuit avec éclairage allumé,Hors agglomération,Hors intersection,Normale,Autre collision,4,2,2,0,2,1,1,0,3,50,1,3,2,0,0,1,22.0,,voiture,,5,1,1,1,6
202000025911,2020-04-10 19:35:00,2020,4,10,19,35,972,97209,REDOUTE (ROUTE DE LA),14.6187,-61.0609,Nuit avec éclairage allumé,Hors agglomération,Hors intersection,Normale,Deux véhicules - côté,2,2,2,0,2,2,1,0,1,50,2,3,1,0,2,0,40.0,34.0,voiture,deux_roues,5,1,1,1,3
202000025912,2020-04-10 21:05:00,2020,4,10,21,5,91,91201,PIERRE BROSSOLETTE (RUE),48.6793,2.41275,Nuit avec éclairage allumé,En agglomération,Intersection en T,Normale,Autre collision,4,2,2,0,1,1,1,0,4,50,1,2,1,0,0,1,25.0,,voiture,,5,2,3,1,6
202000025913,2020-04-10 17:12:00,2020,4,10,17,12,77,77294,D9,48.9843408,2.6229858,Plein jour,Hors agglomération,Intersection en T,Normale,Autre collision,3,2,1,0,1,1,1,0,1,50,1,1,0,0,1,0,43.0,,voiture,,1,1,3,1,6
202000025914,2020-04-11 15:10:00,2020,4,11,15,10,37,37261,DE GAULLE (AVENUE DU GENERAL),47.3817806,0.7045778,Plein jour,En agglomération,Hors intersection,Normale,Autre collision,4,2,2,0,1,2,1,0,4,50,1,3,2,0,0,1,44.0,,voiture,,1,2,1,1,6
202000025915,2020-04-10 17:35:00,2020,4,10,17,35,34,34172,MOULINS (AVENUE DES,43.63053,3.84177,Plein jour,En agglomération,Passage à niveau,Normale,Deux véhicules - arrière,3,3,4,0,1,3,1,4,1,50,2,3,2,0,0,1,41.0,40.0,voiture,voiture,1,2,8,1,2
202000025916,2020-04-10 21:20:00,2020,4,10,21,20,75,75111,AVENUE PARMENTIER,48.860648,2.378328,Nuit avec éclairage allumé,En agglomération,Intersection en T,Normale,Deux véhicules - arrière,4,2,2,0,1,1,1,0,1,50,2,2,1,0,0,1,32.0,32.0,deux_roues,deux_roues,5,2,3,1,2
202000025917,2020-04-10 21:20:00,2020,4,10,21,20,75,75107,PLACE ANDRE TARDIEU,48.851427,2.314467,Nuit avec éclairage allumé,En agglomération,Place,Normale,Autre collision,4,1,2,0,1,3,1,0,1,50,1,1,0,0,0,1,57.0,,deux_roues,,5,2,7,1,6
202000025918,2020-04-11 18:40:00,2020,4,11,18,40,93,93032,R MOLIERE,48.8687866,2.5680114,Plein jour,En agglomération,Hors intersection,Normale,Autre collision,4,2,1,0,1,1,1,0,1,50,1,2,1,0,0,1,18.0,,voiture,,1,2,1,1,6
202000025919,2020-04-11 15:55:00,2020,4,11,15,55,92,92025,VALMY (BD DE),48.928773,2.254369,Plein jour,En agglomération,Hors intersection,Normale,Deux véhicules - côté,3,2,2,0,1,1,1,9,1,50,2,2,1,0,0,1,26.0,29.0,voiture,deux_roues,1,2,1,1,3
202000025920,2020-04-11 02:02:00,2020,4,11,2,2,92,92023,VILLACOUBLAY (AVENUE DE),48.784397,2.234691,Nuit avec éclairage allumé,En agglomération,Giratoire,Normale,Sans collision,4,3,8,0,1,1,1,9,1,50,1,1,0,0,0,1,,,,,5,2,6,1,7
202000025921,2020-04-11 18:30:00,2020,4,11,18,30,28,28196,Vallière,48.28134,1.251599,Plein jour,Hors agglomération,Hors intersection,Normale,Sans collision,3,2,2,0,2,1,1,0,1,70,1,1,0,1,0,0,23.0,,voiture,,1,1,1,1,7
202000025922,2020-04-11 15:30:00,2020,4,11,15,30,972,97223,1001 Chemin de Vieille Citerne,14.549929,-60.899813,Plein jour,Hors agglomération,Hors intersection,Normale,Autre collision,4,2,1,0,2,2,1,0,3,80,1,1,0,1,0,0,56.0,,utilitaire_camion,,1,1,1,1,6
202000025923,2020-04-11 17:00:00,2020,4,11,17,0,78,78104,Chemin de l'Epine,48.950792,1.718481,Plein jour,Hors agglomération,Autre intersection,Normale,Autre collision,4,-1,2,0,1,4,1,0,6,-1,1,2,1,0,0,1,20.0,,deux_roues,,1,1,9,1,6
202000025924,2020-04-11 19:15:00,2020,4,11,19,15,10,10416,D85,48.202846,4.104,Plein jour,Hors agglomération,Intersection en T,Normale,Sans collision,3,2,2,0,2,2,9,0,1,80,1,1,0,0,1,0,42.0,,deux_roues,,1,1,3,1,7
202000025925,2020-04-12 13:07:00,2020,4,12,13,7,49,49244,D151,47.341731,-0.869293,Plein jour,Hors agglomération,Hors intersection,Normale,Autre collision,3,2,2,0,1,3,1,0,3,80,1,1,0,1,0,0,56.0,,deux_roues,,1,1,1,1,6
202000025926,2020-04-12 01:45:00,2020,4,12,1,45,77,77529,Rue de Villiers,48.849616,2.895021,Nuit avec éclairage non allumé,En agglomération,Hors intersection,Normale,Sans collision,4,2,2,0,2,3,1,0,1,50,1,1,0,0,1,0,50.0,,deux_roues,,4,2,1,1,7
202000025927,2020-04-11 09:56:00,2020,4,11,9,56,78,78442,2 Rue des Soupirs,48.81542,1.899943,Plein jour,En agglomération,Intersection en X,Normale,Deux véhicules - côté,3,2,2,0,1,1,1,0,1,50,2,3,2,0,0,1,34.0,40.0,voiture,voiture,1,2,2,1,3
202000025928,2020-04-12 03:10:00,2020,4,12,3,10,38,38412,RD520,45.38303,5.70953,Nuit sans éclairage public,Hors agglomération,Hors intersection,Normale,Deux véhicules - frontale,3,2,2,0,1,2,1,0,1,80,2,2,1,0,1,0,59.0,60.0,voiture,deux_roues,3,1,1,1,1
202000025929,2020-04-12 02:00:00,2020,4,12,2,0,26,26197,Avenue de Provence,44.94116,5.028627,Nuit sans éclairage public,Hors agglomération,Hors intersection,Normale,Autre collision,3,2,2,0,1,1,1,0,8,80,1,1,0,0,1,0,25.0,,voiture,,3,1,1,1,6
202000025930,2020-04-10 21:00:00,2020,4,10,21,0,59,59308,La Longue Croix,50.752744,2.474314,Nuit sans éclairage public,Hors agglomération,Intersection en X,Normale,Deux véhicules - côté,3,2,2,0,1,1,1,0,1,50,2,2,1,0,0,1,32.0,25.0,utilitaire_camion,utilitaire_camion,3,1,2,1,3
202000025931,2020-04-11 14:30:00,2020,4,11,14,30,92,92050,A14,48.9012352,2.2056274,Plein jour,Hors agglomération,Hors intersection,Normale,Sans collision,1,1,1,0,1,2,1,1,1,50,1,2,0,0,0,2,29.0,,deux_roues,,1,1,1,1,7
202000025932,2020-04-11 16:50:00,2020,4,11,16,50,93,93027,BDL,48.9271,2.40347,Plein jour,Hors agglomération,Hors intersection,Normale,Autre collision,1,3,2,0,3,2,1,2,1,50,1,1,0,0,0,1,35.0,,deux_roues,,1,1,1,1,6
202000025933,2020-04-10 22:40:00,2020,4,10,22,40,93,93066,AUTOROUTE A1,48.92811,2.35803,Nuit avec éclairage allumé,Hors agglomération,Hors intersection,Normale,Autre collision,1,3,6,0,3,3,1,2,1,90,1,1,0,0,1,0,32.0,,voiture,,5,1,1,1,6
202000025934,2020-04-10 17:00:00,2020,4,10,17,0,94,94052,A4,48.82696,2.46818,Plein jour,Hors agglomération,Hors intersection,Normale,Deux véhicules - arrière,1,1,8,0,1,1,1,0,1,90,2,2,1,0,0,1,29.0,34.0,utilitaire_camion,voiture,1,1,1,1,2
202000025935,2020-04-10 06:15:00,2020,4,10,6,15,988,98818,ECHANGEUR BONAPARTE,-22.2420783,166.4574211,Plein jour,En agglomération,Intersection en X,Normale,Deux véhicules - côté,4,2,2,0,1,1,1,5,1,50,2,3,2,0,1,0,51.0,25.0,utilitaire_camion,voiture,1,2,2,1,3
202000025936,2020-04-11 03:05:00,2020,4,11,3,5,974,97407,ROUTE NATIONALE N° 1,-20.9555,55.31199,Nuit avec éclairage allumé,Hors agglomération,Hors intersection,Normale,Autre collision,2,3,4,0,1,3,1,0,1,90,1,1,0,0,0,1,35.0,,voiture,,5,1,1,1,6
202000025937,2020-04-10 18:30:00,2020,4,10,18,30,973,97302,ILET MALOUIN,4.9294135,-52.3327571,Crépuscule ou aube,En agglomération,Hors intersection,Normale,,4,2,2,0,1,1,1,0,1,50,2,2,1,0,0,1,22.0,11.0,deux_roues,deux_roues,2,2,1,1,-1
202000025938,2020-04-10 08:30:00,2020,4,10,8,30,973,97302,LALLOUETTE(RUE),4.9394973,-52.3343664,Plein jour,En agglomération,Intersection en X,Normale,Deux véhicules - côté,4,1,2,0,1,1,1,0,1,50,2,1,0,0,0,1,54.0,,voiture,,1,2,2,1,3
202000025939,2020-04-09 11:50:00,2020,4,9,11,50,973,97302,RABAN (ROUTE DE),4.9234529,-52.3125137,Plein jour,En agglomération,Autre intersection,Normale,Deux véhicules - côté,4,2,2,0,1,1,1,0,1,50,2,2,0,0,0,2,45.0,32.0,voiture,voiture,1,2,9,1,3
202000025940,2020-04-10 15:50:00,2020,4,10,15,50,972,97209,CHATEAUBOEUF (ROUTE DE),14.6195,-61.0438,Plein jour,En agglomération,Hors intersection,Normale,Deux véhicules - frontale,3,2,2,0,2,3,1,0,1,30,2,2,1,1,0,0,41.0,26.0,deux_roues,voiture,1,2,1,1,1
202000025941,2020-04-10 15:11:00,2020,4,10,15,11,91,91692,DORDOGNE (AVENUE DE),48.67655,2.16695,Plein jour,En agglomération,Giratoire,Normale,Deux véhicules - côté,4,1,0,0,1,3,1,0,1,50,2,2,1,0,0,1,52.0,30.0,voiture,deux_roues,1,2,6,1,3
202000025942,2020-04-09 17:35:00,2020,4,9,17,35,78,78335,RD983,48.985,1.72787,Plein jour,Hors agglomération,Hors intersection,Normale,Deux véhicules - frontale,3,2,2,0,1,1,1,9,1,70,2,2,1,0,1,0,47.0,42.0,utilitaire_camion,voiture,1,1,1,1,1
202000025943,2020-04-09 23:00:00,2020,4,9,23,0,76,76319,ESSARTS. RUE DES (CD 13),49.3382604,1.014042,Nuit avec éclairage allumé,Hors agglomération,Hors intersection,Normale,Sans collision,3,2,2,0,2,4,1,0,1,80,1,1,0,0,0,1,36.0,,voiture,,5,1,1,1,7
202000025944,2020-04-09 15:00:00,2020,4,9,15,0,64,64122,16 Avenue Henri Haget,43.481119,-1.537627,Plein jour,En agglomération,Hors intersection,Normale,Autre collision,4,1,1,0,2,1,1,0,1,50,1,1,0,0,0,1,79.0,,deux_roues,,1,2,1,1,6
202000025945,2020-04-10 10:30:00,2020,4,10,10,30,59,59648,14 JUILLET AVENUE DU,50.58481,3.04329,Plein jour,En agglomération,Intersection en X,Normale,Deux véhicules - côté,4,2,2,0,2,1,1,0,1,50,2,2,1,0,1,0,18.0,23.0,deux_roues,voiture,1,2,2,1,3
202000025946,2020-04-10 15:55:00,2020,4,10,15,55,56,56260,CHARCOT(RUE DU COMMANDANT),47.651,-2.7829,Plein jour,En agglomération,Hors intersection,Normale,Deux véhicules - frontale,4,2,2,0,1,1,1,5,1,50,2,2,1,0,0,1,30.0,31.0,voiture,voiture,1,2,1,1,1
202000025947,2020-04-09 13:00:00,2020,4,9,13,0,56,56098,LE COUTALLER (RUE  JEAN ),47.75975,-3.33095,Plein jour,En agglomération,Giratoire,Normale,Deux véhicules - côté,4,2,2,0,4,1,1,5,1,30,2,2,0,0,0,2,26.0,56.0,voiture,voiture,1,2,6,1,3
202000025948,2020-04-10 14:24:00,2020,4,10,14,24,45,45234,Boulevard de Verdun,47.90697,1.9039,Plein jour,En agglomération,Hors intersection,Normale,Deux véhicules - frontale,4,-1,2,0,1,1,1,0,1,50,2,4,3,0,0,1,58.0,45.0,voiture,voiture,1,2,1,1,1
202000025949,2020-04-10 23:50:00,2020,4,10,23,50,38,38421,Boulevard Dulcie September,45.1666,5.7575,Nuit avec éclairage allumé,Hors agglomération,Hors intersection,Normale,Autre collision,4,2,3,1,1,1,1,2,3,50,1,2,1,0,1,0,,,,,5,1,1,1,6
202000025950,2020-04-10 17:10:00,2020,4,10,17,10,35,35051,Rocade 17-2,48.13726,-1.57757,Plein jour,Hors agglomération,Hors intersection,Normale,,2,3,4,0,1,1,1,0,1,90,3,3,2,0,0,1,62.0,41.0,voiture,voiture,1,1,1,1,-1
202000025951,2020-04-10 20:30:00,2020,4,10,20,30,34,34172,FIGAIRASSE (RUE DE LA),43.60425,3.85802,Nuit avec éclairage allumé,En agglomération,Hors intersection,Normale,Deux véhicules - frontale,4,2,2,0,1,1,1,0,1,50,2,2,0,0,0,2,36.0,34.0,voiture,voiture,5,2,1,1,1
202000025952,2020-04-10 21:40:00,2020,4,10,21,40,33,33063,Cours Saint Louis,44.85802,-0.56992,Nuit avec éclairage allumé,En agglomération,Hors intersection,Normale,Autre collision,4,1,2,1,1,1,1,0,1,50,1,1,0,0,0,1,43.0,,voiture,,5,2,1,1,6
202000025953,2020-04-09 19:55:00,2020,4,9,19,55,31,31555,VA007331 A620,43.5755838,1.4414885,Crépuscule ou aube,Hors agglomération,Hors intersection,Normale,Autre collision,1,3,4,0,2,2,1,0,1,90,1,1,0,0,0,1,32.0,,voiture,,2,1,1,1,6
202000025954,2020-04-09 14:40:00,2020,4,9,14,40,31,31149,CHE DEL PEY,43.60387,1.31384,Plein jour,En agglomération,Intersection en T,Normale,Deux véhicules - côté,4,2,2,0,1,1,1,0,1,50,2,4,2,0,0,2,26.0,57.0,voiture,utilitaire_camion,1,2,3,1,3
202000025955,2020-12-18 11:00:00,2020,12,18,11,0,72,72054,Saint Hubert des Rochers,48.007611,0.338173,Plein jour,Hors agglomération,Giratoire,Normale,Deux véhicules - côté,3,1,1,0,1,1,1,0,1,80,2,2,1,0,1,0,70.0,45.0,voiture,deux_roues,1,1,6,1,3
202000025956,2020-12-17 17:00:00,2020,12,17,17,0,06,06010,630 Avenue Amiral de Grasse,43.698435,6.986053,Nuit avec éclairage allumé,En agglomération,Hors intersection,Autre,Deux véhicules - côté,3,2,2,0,2,1,1,0,1,50,2,2,0,0,2,0,22.0,54.0,deux_roues,utilitaire_camion,5,2,1,9,3
202000025957,2020-12-18 01:00:00,2020,12,18,1,0,14,14576,579,48.964836,0.170674,Nuit sans éclairage public,Hors agglomération,Hors intersection,Normale,Autre collision,3,2,2,0,1,1,1,0,3,90,1,1,0,0,1,0,60.0,,voiture,,3,1,1,1,6
202000025958,2020-12-17 12:50:00,2020,12,17,12,50,64,64259,CD 22 - PK39.100 CROISSANT,43.28443,-1.237029,Plein jour,Hors agglomération,Hors intersection,Temps couvert,Deux véhicules - frontale,3,2,2,0,2,3,2,0,1,80,2,3,1,0,0,2,36.0,21.0,voiture,voiture,1,1,1,8,1
202000025959,2020-12-18 18:00:00,2020,12,18,18,0,64,64371,Départementale 11,43.232212,-0.87779,Nuit sans éclairage public,Hors agglomération,Hors intersection,Normale,Deux véhicules - frontale,3,2,2,0,1,3,1,0,1,90,2,2,0,0,2,0,23.0,80.0,voiture,utilitaire_camion,3,1,1,1,1
202000025960,2020-12-17 17:50:00,2020,12,17,17,50,18,18124,D20,47.09575,2.09208,Nuit sans éclairage public,Hors agglomération,Hors intersection,Normale,Deux véhicules - arrière,3,2,2,0,1,1,1,0,1,80,2,2,1,0,0,1,28.0,61.0,voiture,deux_roues,3,1,1,1,2
202000025961,2020-12-18 07:30:00,2020,12,18,7,30,10,10194,"La Fringale, D384",48.296956,4.727983,Nuit sans éclairage public,Hors agglomération,Hors intersection,Normale,Autre collision,3,2,2,0,2,3,1,0,3,80,1,2,0,2,0,0,42.0,,voiture,,3,1,1,1,6
202000025962,2020-12-17 17:45:00,2020,12,17,17,45,07,07319,33 Boulevard Jean JAURES,44.548368,4.68157,Nuit avec éclairage allumé,En agglomération,Hors intersection,Pluie forte,Autre collision,2,2,2,0,1,1,2,0,1,50,1,2,1,0,1,0,48.0,,voiture,,5,2,1,3,6
202000025963,2020-12-18 08:00:00,2020,12,18,8,0,85,85047,Route de Cholet,46.848467,-1.872396,Nuit avec éclairage allumé,En agglomération,Hors intersection,Temps couvert,Autre collision,3,2,2,0,1,1,2,0,1,50,1,2,1,0,1,0,79.0,,voiture,,5,2,1,8,6
202000025964,2020-12-06 02:15:00,2020,12,6,2,15,28,28236,D110.8,48.324451,0.831965,Nuit sans éclairage public,En agglomération,Hors intersection,Pluie légère,Deux véhicules - arrière,3,2,2,0,2,1,2,0,1,50,2,2,1,1,0,0,22.0,,utilitaire_camion,,3,2,1,2,2
202000025965,2020-12-18 17:00:00,2020,12,18,17,0,48,48080,Avenue Jean Jaurès,44.7289,3.859232,Nuit avec éclairage allumé,En agglomération,Hors intersection,Pluie légère,Autre collision,4,2,2,0,2,1,2,0,1,50,1,2,1,0,1,0,73.0,,voiture,,5,2,1,2,6
202000025966,2020-12-18 10:25:00,2020,12,18,10,25,10,10380,A26,48.514703,4.174299,Plein jour,Hors agglomération,Hors intersection,Normale,Sans collision,1,3,4,0,1,1,1,0,8,130,1,1,0,0,1,0,54.0,,utilitaire_camion,,1,1,1,1,7
202000025967,2020-12-18 15:35:00,2020,12,18,15,35,38,38545,A51,45.05333,5.68619,Plein jour,Hors agglomération,Hors intersection,Normale,Deux véhicules - arrière,1,1,4,0,1,3,1,1,1,110,2,5,1,1,3,0,41.0,42.0,utilitaire_camion,voiture,1,1,1,1,2
202000025968,2020-12-16 06:30:00,2020,12,16,6,30,40,40291,Autoroute 63 - PR 148+700 N/S,43.662097,-1.326299,Nuit sans éclairage public,Hors agglomération,Hors intersection,Normale,Trois véhicules et plus - en chaîne,1,3,5,0,1,1,1,0,1,130,3,4,2,0,2,0,41.0,35.0,voiture,utilitaire_camion,3,1,1,1,4
202000025969,2020-12-18 14:15:00,2020,12,18,14,15,49,49323,Rue de la Bataillère,47.519606,-0.436111,Plein jour,En agglomération,Intersection en X,Normale,Deux véhicules - côté,3,2,2,0,1,1,1,5,1,50,2,3,1,0,1,1,15.0,33.0,deux_roues,utilitaire_camion,1,2,2,1,3
202000025970,2020-12-17 20:10:00,2020,12,17,20,10,88,88390,A31 - P 161+350 sens DIJON - NANCY,48.1401365,5.6816483,Nuit sans éclairage public,Hors agglomération,Hors intersection,Brouillard / fumée,Deux véhicules - arrière,1,1,4,0,1,1,2,0,1,130,2,5,3,1,0,1,32.0,60.0,voiture,utilitaire_camion,3,1,1,5,2
202000025971,2020-12-17 20:13:00,2020,12,17,20,13,06,06085,Chemin de Carimail,43.575471,6.977649,Nuit avec éclairage allumé,Hors agglomération,Hors intersection,Normale,Deux véhicules - frontale,3,2,2,0,1,3,2,0,1,80,2,3,0,0,3,0,56.0,57.0,voiture,voiture,5,1,1,1,1
202000025972,2020-11-08 11:50:00,2020,11,8,11,50,69,69112,A89 pk 538.200,45.823753,4.686517,Plein jour,Hors agglomération,Autre intersection,Pluie légère,,1,3,2,0,1,1,2,3,1,110,2,2,1,0,0,1,23.0,30.0,voiture,utilitaire_camion,1,1,9,2,-1
202000025973,2020-12-16 19:30:00,2020,12,16,19,30,987,98724,RT 111 District de PAREA au niveau du magasin HINE,-16.727384,-151.01125,Nuit sans éclairage public,Hors agglomération,Hors intersection,Normale,Deux véhicules - frontale,2,2,2,0,1,2,1,0,1,50,2,3,0,0,2,1,52.0,20.0,deux_roues,deux_roues,3,1,1,1,1
202000025974,2020-12-17 18:30:00,2020,12,17,18,30,988,98817,rond point du collège de Plum,-22.27619,166.636934,Nuit avec éclairage allumé,En agglomération,Giratoire,Normale,Sans collision,3,2,2,0,1,1,1,0,1,50,1,1,0,0,1,0,38.0,,deux_roues,,5,2,6,1,7
202000025975,2020-12-18 17:00:00,2020,12,18,17,0,974,97418,Route Nationale 2,-20.897867,55.576658,Plein jour,Hors agglomération,Hors intersection,Normale,Deux véhicules - arrière,2,1,4,3,2,3,1,0,1,90,2,2,1,0,0,1,60.0,23.0,voiture,voiture,1,1,1,1,2
202000025976,2020-12-17 19:30:00,2020,12,17,19,30,973,97311,PK9,5.4297436,-54.0401173,Nuit sans éclairage public,Hors agglomération,Hors intersection,Pluie légère,Sans collision,3,2,2,0,1,1,2,0,3,80,1,1,0,0,0,1,23.0,,voiture,,3,1,1,2,7
202000025977,2020-11-19 07:55:00,2020,11,19,7,55,971,97117,Route de Bellevue,16.326912,-61.366249,Plein jour,Hors agglomération,Intersection en X,Normale,Deux véhicules - côté,3,2,2,0,1,1,1,0,1,80,2,5,4,0,0,1,57.0,62.0,voiture,voiture,1,1,2,1,3
202000025978,2020-12-18 15:15:00,2020,12,18,15,15,978,97801,RN7 - Friar's Bay,18.080672,-63.074505,Plein jour,Hors agglomération,Hors intersection,Normale,Deux véhicules - frontale,2,2,2,0,2,1,1,0,1,50,2,2,0,0,2,0,35.0,31.0,deux_roues,deux_roues,1,1,1,1,1
202000025979,2020-12-17 10:10:00,2020,12,17,10,10,41,41206,D50,47.634974,1.358099,Plein jour,Hors agglomération,Hors intersection,Temps couvert,Deux véhicules - frontale,3,3,2,0,1,1,2,0,1,80,2,2,0,1,0,1,74.0,50.0,voiture,utilitaire_camion,1,1,1,8,1
202000025980,2020-12-18 17:10:00,2020,12,18,17,10,77,77328,D152,48.305114,2.437334,Nuit sans éclairage public,Hors agglomération,Hors intersection,Normale,Sans collision,3,2,2,0,4,2,1,0,3,-1,1,1,0,0,0,1,18.0,,voiture,,3,1,1,1,7