accident_id,datetime,annee,mois,jour,heure,minute,departement,commune_insee,adresse,latitude,longitude,luminosite,agglomeration,intersection,meteo,collision,catr,circ,nbv,vosp,prof,plan,surf,infra,situ,vma,nb_vehicules,nb_usagers,nb_indemnes,nb_tues,nb_blesses_hosp,nb_blesses_legers,age_cond_1,age_cond_2,veh_type_cond_1,veh_type_cond_2,lum_code,agg_code,int_code,atm_code,col_code
202000025981,2020-12-18 14:30:00,2020,12,18,14,30,95,95355,6 Rue Eugène Blouin,49.154791,1.791072,Plein jour,En agglomération,Hors intersection,Normale,Deux véhicules - côté,4,2,2,0,1,1,1,0,1,50,2,3,1,0,0,2,17.0,38.0,deux_roues,voiture,1,2,1,1,3
202000025982,2020-12-17 19:40:00,2020,12,17,19,40,91,91136,112 Route de Versailles,48.70445,2.279906,Nuit avec éclairage allumé,En agglomération,Hors intersection,Temps couvert,Deux véhicules - frontale,3,2,2,0,2,1,1,0,1,30,2,2,1,1,0,0,59.0,63.0,deux_roues,voiture,5,2,1,8,1
202000025983,2020-12-17 11:30:00,2020,12,17,11,30,66,66210,Rue des Freres Mach,42.628081,2.756753,Plein jour,En agglomération,Giratoire,Temps couvert,Deux véhicules - côté,3,2,2,0,1,2,1,0,1,50,2,2,1,0,1,0,53.0,43.0,voiture,deux_roues,1,2,6,8,3
202000025984,2020-12-17 12:20:00,2020,12,17,12,20,34,34151,Saint Roman,43.613739,4.143498,Plein jour,Hors agglomération,Autre intersection,Temps couvert,Deux véhicules - frontale,3,2,2,0,1,1,2,2,1,80,2,3,0,0,1,2,19.0,25.0,voiture,voiture,1,1,9,8,1
202000025985,2020-12-17 10:50:00,2020,12,17,10,50,34,34145,D61 Route de la Mer,43.677595,4.150718,Plein jour,Hors agglomération,Hors intersection,Pluie légère,Trois véhicules et plus - collisions multiples,3,2,2,0,1,3,2,0,1,80,4,4,2,0,1,1,24.0,52.0,voiture,voiture,1,1,1,2,5
202000025986,2020-12-18 18:48:00,2020,12,18,18,48,13,13015,Avenue de Violesi,43.444148,5.397592,Nuit avec éclairage allumé,En agglomération,Hors intersection,Normale,Autre collision,3,3,2,1,1,1,1,0,1,50,1,2,1,0,1,0,21.0,,voiture,,5,2,1,1,6
202000025987,2020-12-18 14:30:00,2020,12,18,14,30,27,27439,Rue de l'Iton,49.06456,1.163864,Plein jour,Hors agglomération,Hors intersection,Normale,Deux véhicules - frontale,4,2,2,0,1,1,1,0,3,80,2,2,1,0,1,0,50.0,14.0,voiture,deux_roues,1,1,1,1,1
202000025988,2020-12-18 15:05:00,2020,12,18,15,5,62,62589,D341,50.349906,2.686193,Plein jour,Hors agglomération,Hors intersection,Temps éblouissant,Deux véhicules - frontale,3,3,2,0,1,1,1,0,1,80,2,3,0,0,0,3,19.0,45.0,voiture,voiture,1,1,1,7,1
202000025989,2020-12-18 11:00:00,2020,12,18,11,0,59,59249,54 Rue Berthelot,50.017988,4.048065,Plein jour,En agglomération,Intersection en Y,Temps éblouissant,Autre collision,4,2,2,0,1,1,1,0,1,50,1,2,1,0,1,0,50.0,,voiture,,1,2,4,7,6
202000025990,2020-12-17 16:00:00,2020,12,17,16,0,13,13215,A7-Sens Marseille vers Lyon,43.35296,5.36548,Plein jour,Hors agglomération,Hors intersection,Normale,Trois véhicules et plus - en chaîne,1,1,3,0,1,1,1,0,1,70,4,4,3,0,0,1,47.0,22.0,voiture,voiture,1,1,1,1,4
202000025991,2020-12-16 18:40:00,2020,12,16,18,40,13,13211,A50-Sens Marseille vers Aubagne,43.28693,5.43622,Nuit avec éclairage allumé,Hors agglomération,Hors intersection,Normale,Trois véhicules et plus - en chaîne,1,3,4,0,1,1,1,0,1,90,3,3,2,0,0,1,19.0,47.0,voiture,voiture,5,1,1,1,4
202000025992,2020-12-16 08:30:00,2020,12,16,8,30,13,13055,A507 sens Marseille - Aubagne,43.2883775,5.4245492,Plein jour,Hors agglomération,Hors intersection,Normale,Trois véhicules et plus - en chaîne,1,1,4,0,1,1,1,1,1,70,4,6,1,0,0,5,43.0,56.0,voiture,voiture,1,1,1,1,4
202000025993,2020-12-17 08:43:00,2020,12,17,8,43,83,83129,A50,43.12038,5.84492,Plein jour,Hors agglomération,Hors intersection,Normale,Trois véhicules et plus - collisions multiples,1,3,6,0,1,1,1,0,1,90,3,3,2,0,0,1,25.0,32.0,voiture,voiture,1,1,1,1,5
202000025994,2020-12-16 08:35:00,2020,12,16,8,35,33,33167,ROUTE NATIONALE 230,44.84582,-0.50239,Plein jour,Hors agglomération,Hors intersection,Normale,Trois véhicules et plus - collisions multiples,2,3,6,0,1,1,1,0,1,90,3,4,2,1,1,0,30.0,48.0,utilitaire_camion,voiture,1,1,1,1,5
202000025995,2020-12-17 08:05:00,2020,12,17,8,5,91,91377,AUTOROUTE A10,48.72756,2.30396,Crépuscule ou aube,Hors agglomération,Hors intersection,Normale,Deux véhicules - côté,1,1,3,0,1,1,2,0,1,110,2,2,0,0,0,2,28.0,46.0,voiture,deux_roues,2,1,1,1,3
202000025996,2020-12-17 09:37:00,2020,12,17,9,37,94,94003,AUTOROUTE A6B,48.79903,2.34373,Plein jour,Hors agglomération,Hors intersection,Pluie légère,Deux véhicules - arrière,1,3,4,0,1,1,2,0,1,70,2,2,0,0,0,2,34.0,53.0,voiture,voiture,1,1,1,2,2
202000025997,2020-12-17 08:55:00,2020,12,17,8,55,91,91432,AUTOROUTE A6,48.6937,2.3201,Crépuscule ou aube,Hors agglomération,Hors intersection,Temps couvert,Trois véhicules et plus - en chaîne,1,3,6,0,4,1,2,0,1,110,3,3,1,0,0,2,25.0,26.0,voiture,voiture,2,1,1,8,4
202000025998,2020-12-17 08:15:00,2020,12,17,8,15,91,91136,AUTOROUTE A10,48.7129,2.2832,Nuit avec éclairage non allumé,Hors agglomération,Hors intersection,Normale,Autre collision,1,-1,4,0,1,3,2,0,1,70,1,1,0,0,0,1,42.0,,voiture,,4,1,1,1,6
202000025999,2020-12-16 19:00:00,2020,12,16,19,0,94,94021,AUTOROUTE A6A,48.76,2.3383,Nuit avec éclairage non allumé,Hors agglomération,Hors intersection,Normale,Trois véhicules et plus - en chaîne,1,3,6,0,1,1,1,0,1,110,3,3,2,0,0,1,27.0,40.0,voiture,voiture,4,1,1,1,4
202000026000,2020-12-16 12:00:00,2020,12,16,12,0,91,91589,AUTOROUTE A6,48.67741,2.33792,Plein jour,Hors agglomération,Hors intersection,Normale,Trois véhicules et plus - collisions multiples,1,3,3,0,1,1,1,0,1,110,3,3,2,0,0,1,23.0,31.0,utilitaire_camion,deux_roues,1,1,1,1,5
202000026001,2020-12-16 18:10:00,2020,12,16,18,10,92,92026,RN1014 Y,48.8876452,2.2517413,Nuit avec éclairage allumé,Hors agglomération,Hors intersection,Normale,Deux véhicules - arrière,2,1,1,0,1,1,1,1,1,70,2,3,2,0,1,0,34.0,21.0,deux_roues,voiture,5,1,1,1,2
202000026002,2020-12-17 08:30:00,2020,12,17,8,30,92,92050,A86,48.9181388,2.2227647,Plein jour,Hors agglomération,Hors intersection,Pluie légère,Autre collision,1,3,4,0,1,1,2,0,1,90,1,1,0,0,0,1,46.0,,deux_roues,,1,1,1,2,6
202000026003,2020-12-17 08:15:00,2020,12,17,8,15,93,93010,AUTOROUTE A3,48.89202,2.47319,Nuit avec éclairage allumé,Hors agglomération,Hors intersection,Normale,Sans collision,1,3,10,0,1,1,2,0,1,90,1,1,0,0,0,1,23.0,,deux_roues,,5,1,1,1,7
202000026004,2020-12-16 18:20:00,2020,12,16,18,20,95,95582, A15,48.96574,2.25929,Nuit avec éclairage non allumé,Hors agglomération,Hors intersection,Normale,Trois véhicules et plus - en chaîne,1,3,10,0,1,1,1,0,1,110,3,3,2,0,0,1,23.0,58.0,voiture,voiture,4,1,1,1,4
202000026005,2020-12-16 18:20:00,2020,12,16,18,20,95,95018, A15,48.95659,2.27708,Nuit sans éclairage public,Hors agglomération,Hors intersection,Normale,Deux véhicules - arrière,1,3,8,0,1,1,1,0,1,110,2,2,1,0,1,0,53.0,37.0,deux_roues,utilitaire_camion,3,1,1,1,2
202000026006,2020-12-17 18:30:00,2020,12,17,18,30,75,75112,A4,48.82001,2.46,Nuit avec éclairage allumé,Hors agglomération,Hors intersection,Temps couvert,Deux véhicules - côté,1,3,4,0,1,1,1,0,1,90,2,2,1,0,0,1,51.0,21.0,utilitaire_camion,voiture,5,1,1,8,3
202000026007,2020-07-26 02:00:00,2020,7,26,2,0,02,02738,CD1,49.66477,3.27234,Nuit sans éclairage public,Hors agglomération,Hors intersection,Pluie légère,Autre collision,3,2,2,0,1,2,2,0,3,80,1,1,0,1,0,0,24.0,,voiture,,3,1,1,2,6
202000026008,2020-12-16 17:35:00,2020,12,16,17,35,974,97416,RN1 (ROUTE NATIONALE),-21.30216,55.42565,Plein jour,Hors agglomération,Hors intersection,Normale,Deux véhicules - côté,2,1,2,0,1,1,1,0,1,90,2,2,1,0,0,1,31.0,36.0,deux_roues,voiture,1,1,1,1,3
202000026009,2020-12-16 16:15:00,2020,12,16,16,15,974,97411,Rue Maurice Tomi,-20.90765,55.50047,Plein jour,En agglomération,Hors intersection,Normale,Deux véhicules - côté,4,2,0,0,1,1,1,0,1,20,2,2,1,0,0,1,56.0,16.0,utilitaire_camion,deux_roues,1,2,1,1,3
202000026010,2020-12-16 19:30:00,2020,12,16,19,30,973,97302,FLAMBOYANTS (RUE DES),4.9236467,-52.319743,Nuit avec éclairage non allumé,En agglomération,Autre intersection,Normale,Deux véhicules - arrière,4,2,1,0,1,1,1,0,1,50,2,3,1,0,0,2,61.0,28.0,voiture,voiture,4,2,9,1,2
202000026011,2020-12-16 06:27:00,2020,12,16,6,27,973,97302,MADELEINE (ROUTE DE LA),4.9366768,-52.3259497,Nuit avec éclairage allumé,En agglomération,Hors intersection,Normale,Autre collision,3,2,2,1,1,1,1,9,1,50,1,2,1,0,0,1,29.0,,transport_commun,,5,2,1,1,6
202000026012,2020-12-16 17:45:00,2020,12,16,17,45,69,69388,JEAN MERMOZ                         (AV),45.73395,4.87684,Nuit avec éclairage allumé,En agglomération,Hors intersection,Normale,Deux véhicules - arrière,4,2,4,3,1,1,1,0,1,50,2,2,1,0,0,1,31.0,,voiture,,5,2,1,1,2
202000026013,2020-12-16 12:45:00,2020,12,16,12,45,69,69383,MARIUS VIVIER MERLE                 (BD),45.75939,4.8583,Plein jour,En agglomération,Hors intersection,Normale,Deux véhicules - côté,4,2,4,2,1,1,2,0,1,50,2,2,1,0,0,1,58.0,33.0,voiture,deux_roues,1,2,1,1,3
202000026014,2020-12-16 06:42:00,2020,12,16,6,42,69,69387,JEAN JAURES                         (AV),45.751594,4.84566,Nuit avec éclairage allumé,En agglomération,Intersection en X,Normale,Deux véhicules - côté,4,2,4,1,1,1,2,0,6,50,2,3,2,0,0,1,21.0,38.0,deux_roues,transport_commun,5,2,2,1,3
202000026015,2020-12-13 04:55:00,2020,12,13,4,55,69,69387,GABRIEL PERI                        (PL),45.75515,4.84255,Nuit avec éclairage allumé,En agglomération,Hors intersection,Normale,Sans collision,4,-1,0,0,1,1,2,0,4,50,1,2,1,0,0,1,23.0,,deux_roues,,5,2,1,1,7
202000026016,2020-12-16 15:10:00,2020,12,16,15,10,972,97213,ROUTE NATIONALE 5,14.5961052,-60.989399,Plein jour,Hors agglomération,Hors intersection,Normale,Trois véhicules et plus - en chaîne,2,1,3,0,1,1,1,0,1,70,3,3,2,0,1,0,25.0,33.0,voiture,voiture,1,1,1,1,4
202000026017,2020-12-15 17:22:00,2020,12,15,17,22,972,97213,MORNE PITAULT (ROUTE DE),14.62503,-60.9761,Plein jour,Hors agglomération,Hors intersection,Pluie légère,Deux véhicules - côté,2,2,2,0,1,1,2,0,3,50,2,3,0,0,0,3,35.0,33.0,deux_roues,voiture,1,1,1,2,3
202000026018,2020-12-16 09:30:00,2020,12,16,9,30,972,97209,BALATA (ROUTE DE),14.62302,-61.07218,Plein jour,Hors agglomération,Hors intersection,Normale,Deux véhicules - frontale,3,2,2,0,2,3,1,0,1,50,2,3,2,0,0,1,57.0,85.0,voiture,voiture,1,1,1,1,1
202000026019,2020-12-16 07:55:00,2020,12,16,7,55,971,97101,ROUTE DE BOULIQUI,16.25261,-61.44476,Plein jour,Hors agglomération,Autre intersection,Normale,Deux véhicules - côté,3,2,2,0,2,3,2,0,1,80,2,2,0,0,0,2,41.0,55.0,utilitaire_camion,utilitaire_camion,1,1,9,1,3
202000026020,2020-12-15 22:09:00,2020,12,15,22,9,91,91021,RTE DE LIMOURS,48.59877,2.24512,Nuit avec éclairage allumé,En agglomération,Giratoire,Normale,Autre collision,3,3,4,0,1,2,1,0,1,50,1,1,0,0,0,1,23.0,,utilitaire_camion,,5,2,6,1,6
202000026021,2020-12-12 12:40:00,2020,12,12,12,40,91,91021,AV DIVISION LECLERC,48.598,2.24561,Plein jour,En agglomération,Giratoire,Normale,Sans collision,3,2,2,0,1,3,1,0,1,50,1,2,1,0,0,1,23.0,,deux_roues,,1,2,6,1,7
202000026022,2020-12-16 11:22:00,2020,12,16,11,22,91,91691,MARC SANGNIERI(RUE),48.71541,2.49018,Plein jour,En agglomération,Hors intersection,Normale,Deux véhicules - arrière,3,2,2,0,1,1,1,0,4,50,2,4,1,0,0,3,36.0,46.0,voiture,voiture,1,2,1,1,2
202000026023,2020-12-16 05:00:00,2020,12,16,5,0,91,91223,R.D.20,48.434427,2.169728,Nuit sans éclairage public,Hors agglomération,Autre intersection,Brouillard / fumée,Autre collision,2,2,4,0,1,1,1,3,3,90,1,1,0,0,0,1,19.0,,voiture,,3,1,9,5,6
202000026024,2020-12-11 18:52:00,2020,12,11,18,52,87,87085,LIBERATION (AVENUE DE LA),45.8334,1.25748,Crépuscule ou aube,En agglomération,Intersection en T,Pluie légère,Deux véhicules - côté,4,4,3,0,2,1,2,0,1,50,2,2,1,0,0,1,24.0,15.0,voiture,deux_roues,2,2,3,2,3
202000026025,2020-12-15 12:15:00,2020,12,15,12,15,80,80021,MONTESQUIEU (RUE),49.9038,2.295064,Plein jour,En agglomération,Hors intersection,Normale,Deux véhicules - côté,4,2,4,0,4,1,2,0,1,50,2,2,0,0,0,2,19.0,32.0,voiture,voiture,1,2,1,1,3
202000026026,2020-12-14 17:50:00,2020,12,14,17,50,80,80021,JULES BARNI (RUE),49.88539,2.32015,Nuit sans éclairage public,En agglomération,Hors intersection,Pluie légère,Deux véhicules - côté,4,2,3,0,1,1,2,0,1,50,2,2,0,0,0,2,55.0,35.0,transport_commun,voiture,3,2,1,2,3
202000026027,2020-11-30 19:00:00,2020,11,30,19,0,79,79191,130 Avenue de Nantes,46.34086,-0.48918,Nuit sans éclairage public,En agglomération,Intersection en X,Normale,Deux véhicules - côté,3,2,3,0,1,1,1,0,1,50,2,2,1,0,0,1,27.0,57.0,deux_roues,voiture,3,2,2,1,3
202000026028,2020-12-15 18:00:00,2020,12,15,18,0,76,76540,CANADIENS. AVENUE DES,49.45891,1.12897,Nuit avec éclairage allumé,En agglomération,Hors intersection,Normale,Deux véhicules - arrière,4,2,2,0,1,1,1,-1,1,30,2,2,1,0,0,1,19.0,73.0,deux_roues,voiture,5,2,1,1,2
202000026029,2020-12-16 18:30:00,2020,12,16,18,30,73,73065,MOTTE SERVOLEX (AVENUE DE LA),45.58188,5.88741,Nuit avec éclairage allumé,En agglomération,Giratoire,Normale,Deux véhicules - frontale,3,-1,-1,0,1,1,1,5,8,50,2,2,1,0,0,1,,44.0,deux_roues,voiture,5,2,6,1,1
202000026030,2020-12-15 18:45:00,2020,12,15,18,45,71,71040,MACON (ROUTE DE),46.6863598,4.3905374,Nuit avec éclairage allumé,En agglomération,Hors intersection,Pluie forte,Autre collision,3,2,2,0,1,1,2,0,1,50,1,2,1,0,0,1,47.0,,voiture,,5,2,1,3,6
202000026031,2020-12-16 17:20:00,2020,12,16,17,20,71,71153,CHANZY (RUE DE),46.7952538,4.4426853,Crépuscule ou aube,En agglomération,Hors intersection,Temps couvert,Autre collision,4,2,2,0,2,1,1,0,1,50,1,2,1,0,1,0,21.0,,voiture,,2,2,1,8,6
202000026032,2020-12-03 17:30:00,2020,12,3,17,30,69,69013,JOUX (avenue de),46.01418,4.72534,Nuit avec éclairage allumé,En agglomération,Hors intersection,Pluie légère,Trois véhicules et plus - en chaîne,3,2,2,0,1,1,2,0,1,50,4,4,2,0,0,2,33.0,35.0,voiture,voiture,5,2,1,2,4
202000026033,2020-12-15 17:00:00,2020,12,15,17,0,69,69013,LONGSARD (route de),46.0134363,4.7075381,Nuit avec éclairage allumé,En agglomération,Intersection en Y,Pluie légère,Deux véhicules - côté,3,2,2,0,1,1,2,0,1,70,2,3,0,0,0,3,83.0,32.0,voiture,voiture,5,2,4,2,3
202000026034,2020-12-14 18:30:00,2020,12,14,18,30,66,66136,LANGUEDOC (AVENUE DU CD 88),42.73469,2.89015,Nuit avec éclairage allumé,En agglomération,Hors intersection,Normale,Deux véhicules - côté,3,2,3,3,1,1,1,0,1,50,2,2,1,0,0,1,64.0,33.0,voiture,deux_roues,5,2,1,1,3
202000026035,2020-12-14 08:07:00,2020,12,14,8,7,66,66037,Départementale  617,42.7063924,2.990325,Nuit avec éclairage allumé,En agglomération,Hors intersection,Normale,Trois véhicules et plus - en chaîne,3,3,2,0,1,1,1,0,1,50,3,3,2,0,0,1,57.0,53.0,voiture,voiture,5,2,1,1,4
202000026036,2020-12-16 17:45:00,2020,12,16,17,45,64,64445,EMILE GARET,43.299,-0.36367,Nuit avec éclairage allumé,En agglomération,Hors intersection,Normale,Deux véhicules - côté,4,1,1,0,1,1,1,0,1,30,2,2,1,0,0,1,20.0,43.0,deux_roues,voiture,5,2,1,1,3
202000026037,2020-12-15 10:30:00,2020,12,15,10,30,64,64024,BAYONNE (AVENUE DE),43.4815049,-1.5104089,Plein jour,En agglomération,Autre intersection,Normale,Deux véhicules - côté,3,2,4,0,1,1,2,0,1,50,2,2,1,0,0,1,18.0,18.0,deux_roues,deux_roues,1,2,9,1,3
202000026038,2020-12-14 12:05:00,2020,12,14,12,5,64,64102,MARAIS (ROND POINT DES),43.49098,-1.49504,Plein jour,En agglomération,Hors intersection,Normale,Deux véhicules - arrière,4,1,1,0,2,3,1,0,1,50,2,2,1,0,0,1,26.0,27.0,voiture,deux_roues,1,2,1,1,2
202000026039,2020-12-15 19:40:00,2020,12,15,19,40,63,63075,ROYAT (AVENUE DE),45.771793,3.0596537,Nuit avec éclairage allumé,En agglomération,Hors intersection,Normale,Autre collision,7,2,2,0,2,1,1,0,1,50,1,2,1,0,0,1,75.0,,voiture,,5,2,1,1,6
202000026040,2020-12-15 07:42:00,2020,12,15,7,42,63,63113,LAFAYETTE (BD),45.7720326,3.0986513,Nuit avec éclairage allumé,En agglomération,Intersection en Y,Normale,Autre collision,4,2,2,-1,1,1,1,0,1,-1,1,2,1,0,0,1,36.0,,voiture,,5,2,4,1,6
202000026041,2020-12-14 06:30:00,2020,12,14,6,30,63,63113,COTE BLATIN (BD),45.7693731,3.090911,Nuit avec éclairage allumé,En agglomération,Intersection à plus de 4 branches,Normale,Deux véhicules - arrière,4,1,3,0,1,1,1,5,1,50,2,4,2,1,1,0,21.0,28.0,voiture,voiture,5,2,5,1,2
202000026042,2020-12-16 22:29:00,2020,12,16,22,29,59,59560,CD 925,50.54063,3.04199,Nuit sans éclairage public,En agglomération,Hors intersection,Pluie légère,Deux véhicules - côté,7,2,2,0,1,3,2,0,1,50,2,2,0,0,1,1,24.0,22.0,voiture,deux_roues,3,2,1,2,3
202000026043,2020-12-05 12:50:00,2020,12,5,12,50,58,58194,TREIZIEME DE LIGNE,46.99409,3.13638,Plein jour,En agglomération,Giratoire,Normale,Autre collision,4,2,2,0,1,1,1,0,1,50,1,2,1,0,1,0,37.0,,voiture,,1,2,6,1,6
202000026044,2020-12-15 17:50:00,2020,12,15,17,50,56,56098,RN 165 bretelle échangeur,47.77837,-3.35191,Nuit avec éclairage non allumé,Hors agglomération,Hors intersection,Pluie légère,Trois véhicules et plus - en chaîne,2,1,1,0,1,1,2,3,1,70,4,4,2,0,0,2,20.0,21.0,voiture,voiture,4,1,1,2,4
202000026045,2020-12-15 09:00:00,2020,12,15,9,0,56,56083,ALLENDE ( AV. PRES. SALVADOR ),47.81548,-3.24395,Plein jour,En agglomération,Giratoire,Pluie légère,Deux véhicules - côté,3,2,2,0,1,1,2,5,1,50,2,2,1,0,0,1,52.0,28.0,deux_roues,voiture,1,2,6,2,3
202000026046,2020-12-14 13:15:00,2020,12,14,13,15,50,50129,POLLE (RUE DE LA),49.63911,-1.63793,Plein jour,En agglomération,Intersection en X,Normale,Deux véhicules - côté,4,2,2,0,1,2,1,0,1,50,2,2,1,0,0,1,38.0,70.0,voiture,voiture,1,2,2,1,3
202000026047,2020-12-14 08:20:00,2020,12,14,8,20,49,49007,DESCAZEAUX BOULEVARD,47.47565,-0.56395,Crépuscule ou aube,En agglomération,Hors intersection,Normale,Deux véhicules - côté,4,-1,2,0,1,1,1,0,1,50,2,2,1,0,0,1,47.0,36.0,voiture,deux_roues,2,2,1,1,3
202000026048,2020-12-15 20:35:00,2020,12,15,20,35,49,49007,KENNEDY PLACE,47.4692664,-0.5580658,Nuit avec éclairage allumé,En agglomération,Hors intersection,Normale,Sans collision,4,-1,2,0,1,1,1,0,1,50,1,1,0,0,0,1,18.0,,deux_roues,,5,2,1,1,7
202000026049,2020-12-15 17:48:00,2020,12,15,17,48,49,49267,A87N,47.48642,-0.49761,Plein jour,Hors agglomération,Hors intersection,Normale,Deux véhicules - arrière,1,1,2,0,1,1,1,0,1,80,2,2,0,0,0,2,48.0,25.0,voiture,voiture,1,1,1,1,2
202000026050,2020-12-15 15:24:00,2020,12,15,15,24,49,49007,COUBERTIN BOULEVARD,47.4629,-0.5323,Plein jour,En agglomération,Hors intersection,Normale,Deux véhicules - arrière,4,-1,2,0,1,1,1,0,1,50,2,2,1,0,0,1,41.0,23.0,voiture,deux_roues,1,2,1,1,2
202000026051,2020-12-15 08:15:00,2020,12,15,8,15,44,44184,FAURÉ (RUE GABRIEL),47.26996,-2.23904,Nuit avec éclairage allumé,En agglomération,Giratoire,Temps couvert,Autre collision,4,3,4,3,3,1,2,5,1,50,1,2,1,1,0,0,85.0,,voiture,,5,2,6,8,6
202000026052,2020-12-16 17:50:00,2020,12,16,17,50,42,42071,Route de Commelle,46.022154,4.0840347,Nuit avec éclairage allumé,En agglomération,Intersection en X,Normale,Deux véhicules - frontale,3,2,2,0,1,1,1,0,1,50,2,2,1,0,1,0,69.0,54.0,voiture,deux_roues,5,2,2,1,1
202000026053,2020-12-16 16:13:00,2020,12,16,16,13,42,42071,Boulevard des Etines,46.02167,4.09212,Plein jour,En agglomération,Intersection en X,Normale,Trois véhicules et plus - collisions multiples,4,2,2,0,1,1,1,0,1,50,3,5,2,0,0,3,34.0,31.0,utilitaire_camion,voiture,1,2,2,1,5
202000026054,2020-12-15 12:20:00,2020,12,15,12,20,37,37195,MELIES (RUE GEORGES),47.3897708,0.6550162,Plein jour,En agglomération,Hors intersection,Normale,,4,2,2,0,1,1,1,0,1,50,2,2,1,0,0,1,34.0,72.0,deux_roues,voiture,1,2,1,1,-1
202000026055,2020-12-16 19:20:00,2020,12,16,19,20,35,35055,LOGES (RUE DES),48.086393,-1.626656,Nuit sans éclairage public,En agglomération,Intersection en T,Normale,Deux véhicules - côté,4,2,2,0,2,2,2,0,1,50,2,3,1,0,0,2,23.0,23.0,voiture,voiture,3,2,3,1,3
202000026056,2020-12-15 16:25:00,2020,12,15,16,25,33,33162,RUE DU 19 MARS 1962,44.87704,-0.64251,Plein jour,En agglomération,Intersection en X,Autre,Autre collision,4,2,2,0,1,1,1,0,1,50,1,2,1,0,0,1,42.0,,utilitaire_camion,,1,2,2,9,6
202000026057,2020-12-01 18:35:00,2020,12,1,18,35,33,33063,RUE POMME D'OR,44.85469,-0.56983,Nuit avec éclairage allumé,En agglomération,Intersection en X,Normale,Deux véhicules - côté,4,1,1,1,1,1,2,0,1,30,2,2,1,0,0,1,22.0,23.0,voiture,deux_roues,5,2,2,1,3
202000026058,2020-12-10 17:37:00,2020,12,10,17,37,33,33119,AVE ROGER SCHWOB,44.85512,-0.51859,Nuit avec éclairage allumé,En agglomération,Hors intersection,Pluie légère,Autre collision,4,2,4,3,1,1,2,0,1,30,1,1,0,0,0,1,,,,,5,2,1,2,6
202000026059,2020-12-07 08:10:00,2020,12,7,8,10,33,33063,AVE MARCEL DASSAULT,44.87785,-0.57533,Crépuscule ou aube,En agglomération,Hors intersection,Pluie forte,Autre collision,4,2,4,1,1,1,2,0,1,50,1,3,1,0,1,1,50.0,,voiture,,2,2,1,3,6
202000026060,2020-12-16 20:10:00,2020,12,16,20,10,27,27681,D64E (voie nouvelle),49.07606,1.43776,Nuit sans éclairage public,Hors agglomération,Hors intersection,Normale,Sans collision,3,2,2,0,1,1,1,0,1,80,1,1,0,0,0,1,32.0,,voiture,,3,1,1,1,7
202000026061,2020-12-15 16:15:00,2020,12,15,16,15,17,17306,Place de la Gare,45.62595,-1.01782,Plein jour,En agglomération,Place,Normale,Autre collision,9,4,1,3,1,1,1,9,1,30,1,2,1,1,0,0,71.0,,transport_commun,,1,2,7,1,6
202000026062,2020-12-16 18:20:00,2020,12,16,18,20,17,17300,JOFFRE   BOULEVARD (79 et 18),46.15799,-1.14219,Nuit avec éclairage allumé,En agglomération,Intersection en X,Pluie légère,Deux véhicules - côté,4,2,4,1,1,1,2,5,1,50,2,2,1,0,0,1,33.0,25.0,voiture,deux_roues,5,2,2,2,3
202000026063,2020-12-09 12:45:00,2020,12,9,12,45,16,16015,Rue du Capitaine Favre,45.633758,0.165195,Plein jour,En agglomération,Hors intersection,Normale,Autre collision,4,-1,2,0,2,1,1,0,1,50,1,2,1,0,1,0,42.0,,voiture,,1,2,1,1,6
202000026064,2020-12-16 09:35:00,2020,12,16,9,35,14,14271,RN814,49.13601,-0.3761,Plein jour,En agglomération,Hors intersection,Normale,Deux véhicules - arrière,2,2,4,0,1,1,1,0,1,110,2,3,1,0,0,2,46.0,34.0,voiture,voiture,1,2,1,1,2
202000026065,2020-12-16 16:30:00,2020,12,16,16,30,13,13209,SAINTE MARGUERITE (BOULEVARD),43.2623213,5.4134633,Plein jour,En agglomération,Hors intersection,Normale,Deux véhicules - frontale,4,2,2,0,2,1,1,0,1,50,2,3,2,0,0,1,36.0,16.0,utilitaire_camion,deux_roues,1,2,1,1,1
202000026066,2020-12-16 13:41:00,2020,12,16,13,41,13,13203,ROGER SALENGRO (AVENUE),43.318939,5.367721,Plein jour,En agglomération,Intersection en T,Normale,Deux véhicules - côté,3,2,2,0,1,1,1,5,1,50,2,2,0,0,0,2,32.0,,voiture,,1,2,3,1,3
202000026067,2020-12-16 07:10:00,2020,12,16,7,10,13,13215,VISTE (AVENUE DE LA),43.357552,5.357532,Nuit avec éclairage allumé,En agglomération,Intersection en T,Normale,Autre collision,4,-1,2,0,2,1,1,0,1,50,1,1,0,0,0,1,,,,,5,2,3,1,6
202000026068,2020-12-15 17:39:00,2020,12,15,17,39,13,13208,HAMBOURG (BOULEVARD),43.25433,5.38249,Nuit avec éclairage allumé,En agglomération,Hors intersection,Normale,Deux véhicules - côté,4,3,4,0,1,1,1,0,1,50,2,2,1,0,0,1,52.0,36.0,voiture,transport_commun,5,2,1,1,3
202000026069,2020-12-15 19:00:00,2020,12,15,19,0,13,13215,VISTE (AVENUE DE LA),43.36044,5.35751,Nuit avec éclairage allumé,En agglomération,Intersection en X,Normale,Trois véhicules et plus - collisions multiples,3,2,2,0,1,1,1,6,1,30,4,5,2,0,0,3,30.0,29.0,voiture,utilitaire_camion,5,2,2,1,5