accident_id,datetime,annee,mois,jour,heure,minute,departement,commune_insee,adresse,latitude,longitude,luminosite,agglomeration,intersection,meteo,collision,catr,circ,nbv,vosp,prof,plan,surf,infra,situ,vma,nb_vehicules,nb_usagers,nb_indemnes,nb_tues,nb_blesses_hosp,nb_blesses_legers,age_cond_1,age_cond_2,veh_type_cond_1,veh_type_cond_2,lum_code,agg_code,int_code,atm_code,col_code
202000026249,2020-01-17 10:30:00,2020,1,17,10,30,93,93051,CHAPELLE,48.8307503,2.5728786,Plein jour,En agglomération,Intersection en X,Pluie légère,Deux véhicules - côté,4,2,2,1,1,1,2,0,1,50,2,2,1,0,0,1,48.0,58.0,deux_roues,voiture,1,2,2,2,3
202000026250,2020-01-17 08:15:00,2020,1,17,8,15,93,93051,GABRIEL PERI (AVENUE),48.8340878,2.5659364,Nuit avec éclairage non allumé,En agglomération,Hors intersection,Pluie forte,Autre collision,3,2,2,0,1,1,2,0,3,50,1,2,1,0,0,1,25.0,,voiture,,4,2,1,3,6
202000026251,2020-01-17 06:30:00,2020,1,17,6,30,93,93051,HAUTS CHATEAUX,48.8427885,2.5768438,Nuit avec éclairage non allumé,En agglomération,Hors intersection,Pluie forte,Deux véhicules - arrière,4,-1,2,0,1,1,2,0,3,50,2,2,1,0,0,1,32.0,45.0,voiture,voiture,4,2,1,3,2
202000026252,2020-01-17 14:23:00,2020,1,17,14,23,93,93050,R LOUIS VANNINI,48.8663,2.52607,Plein jour,En agglomération,Hors intersection,Normale,Autre collision,3,2,2,0,1,1,1,0,4,50,1,2,1,0,0,1,21.0,,voiture,,1,2,1,1,6
202000026253,2020-01-17 07:35:00,2020,1,17,7,35,93,93046,AV WINSTON CHURCHILL / AV JEAN ZAY,48.91399,2.53648,Nuit avec éclairage allumé,En agglomération,Intersection en X,Pluie légère,Deux véhicules - côté,3,2,2,0,1,1,2,0,1,50,2,3,1,0,0,2,27.0,55.0,voiture,deux_roues,5,2,2,2,3
202000026254,2020-01-17 21:00:00,2020,1,17,21,0,93,93029,EDOUARD VAILLANT N° 99-FIN,48.9285,2.4305,Nuit avec éclairage allumé,En agglomération,Intersection en X,Temps couvert,Deux véhicules - côté,4,1,1,0,1,1,2,0,3,50,2,2,1,0,0,1,24.0,31.0,utilitaire_camion,deux_roues,5,2,2,8,3
202000026255,2020-01-17 07:50:00,2020,1,17,7,50,93,93013,JAURES (AVENUE JEAN) DE 28 A 62,48.93133,2.42867,Nuit avec éclairage allumé,En agglomération,Hors intersection,Pluie légère,Autre collision,3,2,2,0,1,1,2,0,3,50,1,2,0,0,2,0,17.0,,deux_roues,,5,2,1,2,6
202000026256,2020-01-17 07:30:00,2020,1,17,7,30,93,93057,214 à  236 AV ARISTIDE BRIAND,48.91012,2.5103,Nuit avec éclairage allumé,En agglomération,Hors intersection,Pluie légère,Deux véhicules - arrière,3,3,6,0,1,1,2,0,1,50,2,2,1,0,0,1,40.0,25.0,voiture,utilitaire_camion,5,2,1,2,2
202000026257,2020-01-17 07:50:00,2020,1,17,7,50,93,93001,PONT BLANC / R CHARLES TILLON,48.916518,2.392084,Nuit avec éclairage allumé,En agglomération,Hors intersection,Pluie légère,Sans collision,4,1,1,1,1,1,2,0,1,50,1,2,1,0,0,1,68.0,,voiture,,5,2,1,2,7
202000026258,2020-01-14 10:10:00,2020,1,14,10,10,92,92064,GEORGES CLEMENCEAU,48.8414953,2.2218854,Plein jour,En agglomération,Place,Normale,Deux véhicules - arrière,3,3,2,0,1,1,1,5,1,50,2,2,1,0,1,0,30.0,56.0,utilitaire_camion,voiture,1,2,7,1,2
202000026259,2020-01-16 18:50:00,2020,1,16,18,50,92,92063,RICHELIEU (BOULEVARD),48.87282,2.18262,Nuit avec éclairage allumé,En agglomération,Hors intersection,Normale,Autre collision,3,2,2,0,1,1,1,0,1,50,1,2,1,0,0,1,22.0,,deux_roues,,5,2,1,1,6
202000026260,2020-01-17 08:20:00,2020,1,17,8,20,92,92020,PARIS AVENUE DE N° IMPAIRS,48.80816,2.29571,Crépuscule ou aube,En agglomération,Hors intersection,Pluie légère,Deux véhicules - côté,3,2,2,0,1,1,2,0,3,50,2,3,2,0,0,1,31.0,46.0,voiture,deux_roues,2,2,1,2,3
202000026261,2020-01-15 20:40:00,2020,1,15,20,40,92,92036,GENEAL DE GAULLE (AVENUE) (1/41),48.9344383,2.3204106,Nuit avec éclairage allumé,En agglomération,Hors intersection,Normale,Deux véhicules - arrière,3,2,5,0,1,1,1,0,1,50,2,1,0,0,0,1,46.0,,voiture,,5,2,1,1,2
202000026262,2020-01-15 16:40:00,2020,1,15,16,40,92,92036,INDUSTRIE (RUE DE L'),48.932045,2.3107445,Plein jour,En agglomération,Hors intersection,Normale,Autre collision,4,1,1,0,1,3,1,0,1,50,1,2,1,0,1,0,48.0,,voiture,,1,2,1,1,6
202000026263,2020-01-17 15:30:00,2020,1,17,15,30,92,92026,SAINT DENIS BD (120 A 174 / 199 A 315),48.9006627,2.2701896,Plein jour,En agglomération,Intersection en T,Normale,Autre collision,3,2,2,0,1,1,1,0,1,50,1,2,1,0,1,0,32.0,,voiture,,1,2,3,1,6
202000026264,2020-01-17 08:15:00,2020,1,17,8,15,92,92025,CHARLES DE GAULLE (BD),48.9185,2.22404,Plein jour,En agglomération,Autre intersection,Pluie légère,Deux véhicules - côté,3,1,0,0,1,3,2,2,3,50,2,1,0,0,0,1,34.0,,voiture,,1,2,9,2,3
202000026265,2020-01-17 21:20:00,2020,1,17,21,20,92,92002,ARISTIDE BRIAND (AVENUE),48.7541,2.3053,Nuit avec éclairage allumé,En agglomération,Hors intersection,Normale,Deux véhicules - côté,3,2,2,0,1,1,1,0,1,50,2,2,1,0,0,1,23.0,53.0,voiture,deux_roues,5,2,1,1,3
202000026266,2020-01-18 16:40:00,2020,1,18,16,40,34,34225,D134,43.40342,3.034187,Crépuscule ou aube,Hors agglomération,Hors intersection,Normale,Deux véhicules - côté,3,2,2,0,2,1,1,0,1,80,2,2,1,0,0,1,33.0,20.0,deux_roues,utilitaire_camion,2,1,1,1,3
202000026267,2020-01-18 15:30:00,2020,1,18,15,30,81,81139,D83,43.686744,2.15087,Plein jour,Hors agglomération,Hors intersection,Normale,Autre collision,3,2,2,0,2,3,1,0,3,80,1,1,0,1,0,0,63.0,,voiture,,1,1,1,1,6
202000026268,2020-01-17 21:50:00,2020,1,17,21,50,972,97222,Route nationale 1,14.695542,-60.941315,Nuit sans éclairage public,Hors agglomération,Hors intersection,Normale,Deux véhicules - arrière,2,3,2,0,2,1,1,0,2,90,2,5,1,0,1,3,41.0,57.0,voiture,voiture,3,1,1,1,2
202000026269,2020-01-17 22:45:00,2020,1,17,22,45,972,97202,Quartier Mapou,14.494389,-61.0755,Nuit sans éclairage public,Hors agglomération,Hors intersection,Normale,Autre collision,3,2,2,0,2,3,1,0,1,80,1,1,0,0,1,0,,,,,3,1,1,1,6
202000026270,2020-01-18 14:05:00,2020,1,18,14,5,11,11203,Avenue Maréchal gallieni,43.202776,2.765037,Plein jour,En agglomération,Intersection en T,Normale,Deux véhicules - côté,3,2,2,0,1,1,1,9,1,50,2,2,1,0,1,0,19.0,84.0,deux_roues,voiture,1,2,3,1,3
202000026271,2020-01-17 11:20:00,2020,1,17,11,20,35,35235,608 Lieu Dit la Hairie,47.933259,-1.218452,Plein jour,Hors agglomération,Hors intersection,Normale,Autre collision,4,2,2,0,1,1,1,0,1,80,1,2,1,0,1,0,54.0,,voiture,,1,1,1,1,6
202000026272,2020-01-18 02:50:00,2020,1,18,2,50,71,71204,A6,46.8467004,4.8299986,Nuit sans éclairage public,Hors agglomération,Hors intersection,Normale,Deux véhicules - arrière,1,3,5,0,1,1,2,0,1,130,2,2,1,1,0,0,41.0,81.0,utilitaire_camion,voiture,3,1,1,1,2
202000026273,2020-01-18 03:45:00,2020,1,18,3,45,14,14132,D204,49.3413446,-0.9799212,Nuit sans éclairage public,Hors agglomération,Hors intersection,Temps couvert,Autre collision,2,3,4,0,1,1,2,0,3,110,1,2,0,0,2,0,38.0,,voiture,,3,1,1,8,6
202000026274,2020-01-01 04:30:00,2020,1,1,4,30,971,97109,Champfleury,15.9800025,-61.6807439,Nuit avec éclairage allumé,En agglomération,Hors intersection,Normale,Deux véhicules - frontale,4,2,2,0,1,1,1,0,1,50,2,2,1,0,1,0,27.0,27.0,deux_roues,voiture,5,2,1,1,1
202000026275,2020-01-16 14:45:00,2020,1,16,14,45,26,26333,RD 51,45.173362,4.824477,Plein jour,En agglomération,Hors intersection,Normale,Deux véhicules - côté,3,2,2,0,1,1,1,0,1,50,2,2,1,0,1,0,61.0,73.0,deux_roues,voiture,1,2,1,1,3
202000026276,2020-01-18 15:00:00,2020,1,18,15,0,60,60203,D1324,49.2340676,2.8425032,Plein jour,Hors agglomération,Intersection en X,Normale,Deux véhicules - côté,3,2,2,0,1,1,1,0,1,80,2,3,2,0,1,0,26.0,52.0,voiture,voiture,1,1,2,1,3
202000026277,2020-01-17 13:15:00,2020,1,17,13,15,2B,2B347,D243,42.179663,9.24283,Plein jour,Hors agglomération,Hors intersection,Normale,Autre collision,3,2,2,0,1,2,1,0,3,-1,1,1,0,0,1,0,61.0,,voiture,,1,1,1,1,6
202000026278,2020-01-17 11:15:00,2020,1,17,11,15,83,83054,Avenue de la République,43.1657775,6.0427235,Plein jour,En agglomération,Hors intersection,Normale,Deux véhicules - côté,3,2,2,0,1,1,1,0,1,30,2,1,0,0,0,1,30.0,,deux_roues,,1,2,1,1,3
202000026279,2020-01-17 19:28:00,2020,1,17,19,28,51,51278,D944,49.0687048,4.2952604,Nuit sans éclairage public,Hors agglomération,Hors intersection,Normale,Deux véhicules - côté,3,2,2,0,1,2,1,0,1,80,2,3,0,1,1,1,42.0,37.0,voiture,utilitaire_camion,3,1,1,1,3
202000026280,2020-01-18 13:15:00,2020,1,18,13,15,65,65258,Quartier des Barraques,43.143223,0.391945,Plein jour,Hors agglomération,Hors intersection,Normale,Autre collision,3,2,2,0,2,1,1,0,3,70,1,1,0,1,0,0,61.0,,voiture,,1,1,1,1,6
202000026281,2020-01-17 15:15:00,2020,1,17,15,15,81,81070,Chemin de l'Europe,43.80597,1.751884,Plein jour,Hors agglomération,Hors intersection,Normale,Sans collision,4,2,1,0,1,1,1,0,1,80,1,1,0,0,1,0,19.0,,deux_roues,,1,1,1,1,7
202000026282,2020-01-18 15:00:00,2020,1,18,15,0,12,12254,Route du pont de Coursavy,44.451149,2.475712,Plein jour,Hors agglomération,Hors intersection,Normale,Autre collision,3,2,2,0,1,2,1,0,3,80,1,1,0,0,1,0,50.0,,deux_roues,,1,1,1,1,6
202000026283,2020-01-18 15:05:00,2020,1,18,15,5,34,34300,D18,43.411558,3.326806,Plein jour,Hors agglomération,Hors intersection,Normale,Sans collision,3,2,2,0,1,1,1,0,3,80,1,2,0,0,2,0,53.0,,deux_roues,,1,1,1,1,7
202000026284,2020-01-17 07:00:00,2020,1,17,7,0,25,25328,N83,47.18785,5.966106,Crépuscule ou aube,Hors agglomération,Hors intersection,Normale,Deux véhicules - frontale,2,2,2,0,2,3,1,0,1,70,2,2,0,0,1,1,35.0,24.0,voiture,voiture,2,1,1,1,1
202000026285,2020-01-17 06:15:00,2020,1,17,6,15,29,29015,D13 - Lieu-dit Menez Bihan,48.518011,-4.500651,Nuit sans éclairage public,Hors agglomération,Hors intersection,Pluie légère,Deux véhicules - frontale,3,2,2,0,1,1,2,0,3,80,2,2,1,0,1,0,48.0,,voiture,,3,1,1,2,1
202000026286,2020-01-16 21:30:00,2020,1,16,21,30,03,03118,,46.0976174,3.1774794,Nuit sans éclairage public,Hors agglomération,Hors intersection,Normale,Sans collision,3,2,2,0,2,1,1,0,3,80,1,3,1,0,1,1,38.0,,voiture,,3,1,1,1,7
202000026287,2020-01-17 19:15:00,2020,1,17,19,15,01,01024,Route de Bourg,46.279684,5.164229,Nuit avec éclairage allumé,Hors agglomération,Intersection en X,Normale,Deux véhicules - arrière,3,2,2,0,1,1,2,5,1,70,2,2,1,0,1,0,32.0,36.0,deux_roues,voiture,5,1,2,1,2
202000026288,2020-01-18 13:15:00,2020,1,18,13,15,26,26126,D542,44.220953,5.583388,Plein jour,Hors agglomération,Hors intersection,Normale,Autre collision,3,2,2,0,1,1,1,0,3,80,1,2,0,0,1,1,37.0,,utilitaire_camion,,1,1,1,1,6
202000026289,2020-01-17 15:00:00,2020,1,17,15,0,05,05098,Pra Mouton,44.496766,6.554563,Plein jour,En agglomération,Hors intersection,Neige / grêle,,3,2,2,0,2,3,5,0,3,50,2,3,2,0,1,0,43.0,47.0,voiture,voiture,1,2,1,4,-1
202000026290,2020-01-18 10:30:00,2020,1,18,10,30,05,05170,route nationale 85,44.447324,6.032223,Plein jour,Hors agglomération,Hors intersection,Autre,Deux véhicules - arrière,2,2,2,0,1,1,7,5,1,80,2,3,2,0,1,0,56.0,23.0,deux_roues,deux_roues,1,1,1,9,2
202000026291,2020-01-18 08:15:00,2020,1,18,8,15,48,48092,D809,44.5773088,3.2856631,Plein jour,Hors agglomération,Hors intersection,Autre,Autre collision,3,2,2,0,2,1,7,0,3,80,1,1,0,0,1,0,22.0,,voiture,,1,1,1,9,6
202000026292,2020-01-18 08:55:00,2020,1,18,8,55,13,13050,Avenue d'Aix En Provence,43.648722,5.264884,Plein jour,En agglomération,Autre intersection,Temps éblouissant,Autre collision,3,2,2,0,1,1,1,0,1,50,1,2,1,0,0,1,24.0,,voiture,,1,2,9,7,6
202000026293,2020-01-18 09:35:00,2020,1,18,9,35,988,98805,RT 1 - Mairie de Dumbéa,-22.166413,166.456016,Plein jour,Hors agglomération,Hors intersection,Pluie forte,Deux véhicules - frontale,2,3,2,0,1,1,2,5,1,50,2,3,0,0,1,2,44.0,58.0,voiture,voiture,1,1,1,3,1
202000026294,2020-01-17 16:45:00,2020,1,17,16,45,18,18034,A71,46.700878,2.462397,Plein jour,Hors agglomération,Hors intersection,Pluie légère,Autre collision,1,3,4,3,1,1,3,0,2,130,1,1,0,0,0,1,28.0,,voiture,,1,1,1,2,6
202000026295,2020-01-17 13:40:00,2020,1,17,13,40,971,97115,Route de Brefort,16.263334,-61.643883,Plein jour,En agglomération,Intersection en T,Temps couvert,Deux véhicules - côté,2,-1,2,0,1,1,1,0,1,80,2,2,1,0,1,0,71.0,25.0,voiture,deux_roues,1,2,3,8,3
202000026296,2020-01-17 18:42:00,2020,1,17,18,42,10,10004,D10,48.57984,4.113022,Nuit sans éclairage public,Hors agglomération,Hors intersection,Pluie légère,Deux véhicules - frontale,3,2,2,0,3,1,2,0,1,80,2,2,0,1,0,1,20.0,88.0,utilitaire_camion,voiture,3,1,1,2,1
202000026297,2020-01-15 18:45:00,2020,1,15,18,45,01,01142,Rue de Genève,45.850655,5.07377,Nuit avec éclairage allumé,En agglomération,Hors intersection,Normale,Deux véhicules - frontale,3,2,2,0,1,1,1,0,1,50,2,3,1,0,0,2,38.0,29.0,voiture,deux_roues,5,2,1,1,1
202000026298,2020-01-17 17:20:00,2020,1,17,17,20,62,62170,43 Rue de la Colline,50.421355,2.658354,Crépuscule ou aube,En agglomération,Hors intersection,Normale,Deux véhicules - arrière,3,2,2,0,2,1,1,0,1,50,2,3,2,0,1,0,73.0,52.0,voiture,voiture,2,2,1,1,2
202000026299,2020-01-17 09:00:00,2020,1,17,9,0,13,13055,A507 sens Aubagne- Marseille,43.3310327,5.3876113,Plein jour,Hors agglomération,Hors intersection,Normale,Trois véhicules et plus - en chaîne,1,3,3,0,2,3,1,1,1,70,3,3,2,0,0,1,51.0,34.0,voiture,voiture,1,1,1,1,4
202000026300,2020-01-16 14:38:00,2020,1,16,14,38,13,13106,A7-Sens Lyon vers Marseille,43.3935,5.351,Plein jour,Hors agglomération,Hors intersection,Normale,Trois véhicules et plus - en chaîne,1,1,3,0,1,1,1,0,1,90,3,3,2,0,0,1,52.0,37.0,voiture,voiture,1,1,1,1,4
202000026301,2020-01-16 10:15:00,2020,1,16,10,15,83,83035,A50,43.17871,5.76961,Plein jour,Hors agglomération,Hors intersection,Normale,Autre collision,1,3,6,0,1,2,1,0,1,130,1,1,0,1,0,0,77.0,,voiture,,1,1,1,1,6
202000026302,2020-01-12 13:20:00,2020,1,12,13,20,69,69266,RD 383   ,45.76521,4.9072,Plein jour,Hors agglomération,Hors intersection,Normale,Deux véhicules - arrière,3,1,3,0,2,1,1,0,1,70,2,2,1,0,0,1,76.0,31.0,voiture,voiture,1,1,1,1,2
202000026303,2020-01-17 16:00:00,2020,1,17,16,0,94,94038,AUTOROUTE A6A,48.7814,2.3467,Plein jour,Hors agglomération,Hors intersection,Normale,Trois véhicules et plus - en chaîne,1,3,3,0,1,1,1,0,1,90,3,4,2,0,0,2,29.0,39.0,utilitaire_camion,voiture,1,1,1,1,4
202000026304,2020-01-17 09:30:00,2020,1,17,9,30,94,94016,AUTOROUTE A6A,48.797,2.34431,Plein jour,Hors agglomération,Hors intersection,Normale,Trois véhicules et plus - collisions multiples,1,3,3,3,2,2,2,0,1,90,4,4,2,0,0,2,55.0,33.0,deux_roues,voiture,1,1,1,1,5
202000026305,2020-01-17 08:25:00,2020,1,17,8,25,94,94034,AUTOROUTE A86,48.7605718,2.3191917,Nuit avec éclairage allumé,Hors agglomération,Hors intersection,Pluie légère,Trois véhicules et plus - en chaîne,1,1,2,0,1,1,2,1,1,70,5,5,4,0,0,1,31.0,40.0,voiture,voiture,5,1,1,2,4
202000026306,2020-01-17 06:40:00,2020,1,17,6,40,94,94037,AUTOROUTE A6B,48.8144,2.3553,Nuit avec éclairage allumé,Hors agglomération,Hors intersection,Normale,Sans collision,1,3,2,0,2,2,2,1,1,50,1,1,0,0,0,1,24.0,,utilitaire_camion,,5,1,1,1,7
202000026307,2020-01-17 09:33:00,2020,1,17,9,33,92,92063,A86,48.87118,2.15853,Plein jour,Hors agglomération,Hors intersection,Temps couvert,Deux véhicules - arrière,1,1,2,0,1,1,1,0,1,70,2,2,1,0,0,1,40.0,45.0,voiture,deux_roues,1,1,1,8,2
202000026308,2020-01-17 09:15:00,2020,1,17,9,15,92,92036,A86,48.9353634,2.2852235,Plein jour,Hors agglomération,Hors intersection,Pluie légère,Sans collision,1,1,2,0,1,1,1,0,1,90,1,1,0,0,0,1,28.0,,deux_roues,,1,1,1,2,7
202000026309,2020-01-17 06:10:00,2020,1,17,6,10,78,78640,A86 EXT,48.77939,2.194332,Crépuscule ou aube,Hors agglomération,Hors intersection,Pluie légère,Deux véhicules - frontale,1,3,3,0,1,1,2,0,1,110,2,1,0,0,0,1,45.0,,utilitaire_camion,,2,1,1,2,1
202000026310,2020-01-16 15:35:00,2020,1,16,15,35,92,92047,A13,48.8357009,2.1809138,Plein jour,Hors agglomération,Hors intersection,Normale,Autre collision,1,3,3,0,1,1,1,0,1,130,1,1,0,0,0,1,43.0,,voiture,,1,1,1,1,6
202000026311,2020-01-16 15:10:00,2020,1,16,15,10,78,78140,A13,48.963713,1.926665,Plein jour,Hors agglomération,Hors intersection,Normale,Trois véhicules et plus - en chaîne,1,3,3,0,1,1,1,0,1,110,3,7,6,0,0,1,30.0,23.0,utilitaire_camion,utilitaire_camion,1,1,1,1,4
202000026312,2020-01-16 08:25:00,2020,1,16,8,25,78,78490,RN12 EXT,48.801146,1.941588,Plein jour,Hors agglomération,Hors intersection,Normale,Trois véhicules et plus - collisions multiples,2,3,2,0,1,1,1,0,1,110,3,3,2,0,0,1,59.0,60.0,voiture,deux_roues,1,1,1,1,5
202000026313,2020-01-17 20:15:00,2020,1,17,20,15,93,93010,AUTOROUTE A3,48.90362,2.4714,Nuit sans éclairage public,Hors agglomération,Hors intersection,Pluie légère,Sans collision,1,3,8,0,1,1,2,2,1,90,1,1,0,0,1,0,66.0,,deux_roues,,3,1,1,2,7
202000026314,2020-01-17 17:30:00,2020,1,17,17,30,93,93007,AUTOROUTE A3,48.94215,2.47817,Plein jour,Hors agglomération,Hors intersection,Normale,Trois véhicules et plus - collisions multiples,1,3,6,0,1,1,1,2,1,110,3,3,2,0,0,1,47.0,35.0,voiture,deux_roues,1,1,1,1,5
202000026315,2020-01-17 11:00:00,2020,1,17,11,0,93,93027,AUTOROUTE A86,48.92568,2.39793,Plein jour,Hors agglomération,Hors intersection,Normale,Deux véhicules - arrière,1,3,10,0,1,1,1,0,1,90,2,1,0,0,0,1,24.0,,voiture,,1,1,1,1,2
202000026316,2020-01-17 11:00:00,2020,1,17,11,0,93,93006,AUTOROUTE A3,48.86558,2.41883,Plein jour,Hors agglomération,Hors intersection,Pluie légère,Deux véhicules - arrière,1,3,10,0,2,3,2,2,1,70,2,4,2,0,0,2,51.0,24.0,voiture,utilitaire_camion,1,1,1,2,2
202000026317,2020-01-17 08:25:00,2020,1,17,8,25,95,95018,AUTOROUTE A15,48.95406,2.2788,Plein jour,Hors agglomération,Hors intersection,Pluie légère,Deux véhicules - arrière,1,3,10,0,1,1,2,0,1,110,2,3,2,0,0,1,62.0,26.0,voiture,deux_roues,1,1,1,2,2
202000026318,2020-01-17 05:30:00,2020,1,17,5,30,92,92036,AUTOROUTE A15,48.9436474,2.2877566,Nuit sans éclairage public,Hors agglomération,Hors intersection,Pluie légère,Trois véhicules et plus - collisions multiples,1,3,4,0,1,1,2,2,1,110,4,4,2,0,0,2,36.0,32.0,voiture,voiture,3,1,1,2,5
202000026319,2020-01-17 00:40:00,2020,1,17,0,40,93,93066,AUTOROUTE A1,48.92995,2.36417,Nuit sans éclairage public,Hors agglomération,Hors intersection,Normale,Deux véhicules - arrière,1,3,10,0,1,1,1,0,1,90,2,3,1,0,0,2,32.0,43.0,voiture,voiture,3,1,1,1,2
202000026320,2020-01-16 18:30:00,2020,1,16,18,30,95,95675, A1,49.05361,2.5485,Nuit sans éclairage public,Hors agglomération,Hors intersection,Normale,Trois véhicules et plus - en chaîne,1,3,7,0,1,1,1,0,1,130,3,3,2,0,0,1,49.0,36.0,voiture,voiture,3,1,1,1,4
202000026321,2020-01-15 13:30:00,2020,1,15,13,30,93,93027,AUTOROUTE A86,48.92848,2.41629,Plein jour,Hors agglomération,Hors intersection,Normale,Sans collision,1,3,6,0,2,2,1,2,1,70,1,1,0,0,0,1,33.0,,deux_roues,,1,1,1,1,7
202000026322,2020-01-14 19:20:00,2020,1,14,19,20,94,94068,VASSAL (R),48.793,2.477,Nuit avec éclairage allumé,En agglomération,Intersection en X,Normale,Deux véhicules - côté,4,2,2,0,1,1,1,0,3,50,2,2,1,0,0,1,55.0,64.0,voiture,deux_roues,5,2,2,1,3
202000026323,2020-01-16 14:20:00,2020,1,16,14,20,988,98818,RUE ARNOLD DALY,-22.28373,166.46792,Plein jour,En agglomération,Hors intersection,Normale,Sans collision,4,2,2,0,2,3,1,0,1,50,1,1,0,0,0,1,50.0,,deux_roues,,1,2,1,1,7
202000026324,2020-01-15 09:50:00,2020,1,15,9,50,974,97416,RN3 (1),-21.32721,55.48307,Plein jour,Hors agglomération,Hors intersection,Normale,Deux véhicules - côté,2,2,2,0,1,1,1,0,1,50,2,2,1,0,0,1,22.0,28.0,deux_roues,voiture,1,1,1,1,3
202000026325,2020-01-16 09:00:00,2020,1,16,9,0,69,69387,MARSEILLE (DE)                      (R ),45.7507,4.8394,Plein jour,En agglomération,Intersection en X,Normale,Autre collision,4,1,1,2,1,1,1,0,1,50,1,2,1,0,0,1,62.0,,voiture,,1,2,2,1,6
202000026326,2020-01-15 17:10:00,2020,1,15,17,10,972,97209,ZOBDA QUITMAN (AVENUE),14.63037,-61.03973,Plein jour,Hors agglomération,Hors intersection,Temps couvert,Deux véhicules - frontale,4,2,2,0,2,1,1,8,1,30,2,2,1,0,0,1,78.0,56.0,voiture,autre,1,1,1,8,1
202000026327,2020-01-13 05:35:00,2020,1,13,5,35,972,97209,BISHOP (Avenue Maurice),14.60464,-61.06026,Nuit avec éclairage non allumé,En agglomération,Hors intersection,Pluie légère,Sans collision,2,3,6,3,1,1,2,0,1,30,1,2,1,0,1,0,74.0,,voiture,,4,2,1,2,7
202000026328,2020-01-16 16:30:00,2020,1,16,16,30,69,69382,TREMIE N°3,45.75033,4.82496,Plein jour,En agglomération,Hors intersection,Normale,Deux véhicules - arrière,4,1,2,0,1,3,1,0,1,50,2,4,2,0,0,2,29.0,21.0,voiture,voiture,1,2,1,1,2
202000026329,2020-01-16 14:50:00,2020,1,16,14,50,69,69384,HENRI GORJUS                        (R ),45.7796,4.8235,Plein jour,En agglomération,Intersection en X,Normale,Autre collision,4,1,1,0,1,1,1,0,1,50,1,3,2,0,0,1,20.0,,voiture,,1,2,2,1,6
202000026330,2020-01-12 02:10:00,2020,1,12,2,10,2B,2B037,TOUTES RUES,42.59412,9.4387,Nuit avec éclairage allumé,Hors agglomération,Giratoire,Normale,Autre collision,2,-1,2,0,1,3,1,0,3,70,1,2,1,0,1,0,32.0,,voiture,,5,1,6,1,6
202000026331,2020-01-16 13:55:00,2020,1,16,13,55,2B,2B033,ST FLORENT-ANCIENNE RT DE,42.68097,9.40099,Plein jour,Hors agglomération,Hors intersection,Normale,Trois véhicules et plus - collisions multiples,3,2,2,0,2,2,1,0,1,80,3,3,1,0,1,1,68.0,33.0,deux_roues,utilitaire_camion,1,1,1,1,5
202000026332,2020-01-16 16:20:00,2020,1,16,16,20,95,95088,DUGNY (RUE DE),48.9735975,2.4310791,Plein jour,En agglomération,Hors intersection,Normale,Deux véhicules - frontale,4,2,1,0,1,2,1,0,1,50,2,2,1,0,0,1,25.0,54.0,voiture,voiture,1,2,1,1,1
202000026333,2020-01-16 13:10:00,2020,1,16,13,10,91,91027,MITTERAND (AVENUE FRANCOIS) N° 112 A 188,48.70602,2.37144,Plein jour,En agglomération,Hors intersection,Normale,Deux véhicules - arrière,2,3,6,0,2,1,1,1,1,50,2,3,1,0,0,2,34.0,36.0,utilitaire_camion,utilitaire_camion,1,2,1,1,2
202000026334,2020-01-11 20:10:00,2020,1,11,20,10,83,83069,DECUGIS (AVENUE ALFRED),43.11067,6.16891,Nuit sans éclairage public,En agglomération,Hors intersection,Normale,Deux véhicules - frontale,4,2,2,0,1,1,1,0,1,30,2,3,2,0,0,1,67.0,51.0,voiture,voiture,3,2,1,1,1
202000026335,2020-01-05 12:20:00,2020,1,5,12,20,83,83118,BOULEVARD DE LA BAUMETTE,43.4284347,6.8715459,Plein jour,En agglomération,Hors intersection,Temps éblouissant,Deux véhicules - côté,3,2,2,0,4,3,1,0,1,50,2,2,1,0,1,0,37.0,42.0,deux_roues,voiture,1,2,1,7,3
202000026336,2020-01-16 07:20:00,2020,1,16,7,20,81,81065,TOULOUSE RN 126 (RTE DE),43.593195,2.217,Crépuscule ou aube,En agglomération,Hors intersection,Normale,Autre collision,2,2,-1,-1,1,1,1,0,1,-1,1,2,1,0,1,0,21.0,,voiture,,2,2,1,1,6
202000026337,2020-01-15 13:10:00,2020,1,15,13,10,77,77251,CORBEIL (AVENUE DE),48.6265495,2.5532061,Plein jour,En agglomération,Giratoire,Normale,,4,4,2,3,1,2,1,0,1,50,2,4,2,0,0,2,44.0,40.0,voiture,transport_commun,1,2,6,1,-1
202000026338,2020-01-15 08:10:00,2020,1,15,8,10,76,76540,MONT RIBOUDET. AVENUE DU,49.44637,1.07089,Nuit avec éclairage allumé,En agglomération,Hors intersection,Normale,Autre collision,3,3,7,0,1,1,1,0,1,50,1,2,1,0,0,1,27.0,,voiture,,5,2,1,1,6
202000026339,2020-01-15 09:10:00,2020,1,15,9,10,76,76351,PIERRE FARCIS,49.51681,0.1011,Plein jour,En agglomération,Hors intersection,Normale,Autre collision,4,2,-1,0,1,1,1,0,1,50,1,2,1,0,0,1,62.0,,voiture,,1,2,1,1,6
202000026340,2020-01-10 12:10:00,2020,1,10,12,10,76,76351,LOUIS BRINDEAU,49.49122,0.10336,Plein jour,En agglomération,Intersection en X,Normale,Deux véhicules - côté,4,1,2,0,1,1,1,0,1,30,2,3,2,0,0,1,84.0,14.0,voiture,deux_roues,1,2,2,1,3