accident_id,datetime,annee,mois,jour,heure,minute,departement,commune_insee,adresse,latitude,longitude,luminosite,agglomeration,intersection,meteo,collision,catr,circ,nbv,vosp,prof,plan,surf,infra,situ,vma,nb_vehicules,nb_usagers,nb_indemnes,nb_tues,nb_blesses_hosp,nb_blesses_legers,age_cond_1,age_cond_2,veh_type_cond_1,veh_type_cond_2,lum_code,agg_code,int_code,atm_code,col_code
202000026709,2020-02-19 06:20:00,2020,2,19,6,20,90,90026,Rue du Stratégique,47.633311,6.915368,Nuit avec éclairage allumé,En agglomération,Giratoire,Pluie légère,Autre collision,4,2,2,1,1,1,2,5,4,50,1,2,1,0,1,0,26.0,,voiture,,5,2,6,2,6
202000026710,2020-02-17 14:15:00,2020,2,17,14,15,18,18088,D940,47.446157,2.436111,Plein jour,Hors agglomération,Hors intersection,Normale,Deux véhicules - côté,3,2,2,0,1,1,1,0,1,80,2,5,4,0,1,0,20.0,52.0,voiture,voiture,1,1,1,1,3
202000026711,2020-02-19 14:40:00,2020,2,19,14,40,21,21527,D906,46.936591,4.666754,Plein jour,Hors agglomération,Intersection en Y,Normale,Deux véhicules - côté,3,2,2,0,2,2,1,0,1,80,2,4,2,0,2,0,27.0,64.0,voiture,utilitaire_camion,1,1,4,1,3
202000026712,2020-02-18 21:20:00,2020,2,18,21,20,973,97307,Route Nationale 2,4.885987,-52.335284,Nuit avec éclairage allumé,En agglomération,Intersection en T,Normale,Deux véhicules - côté,2,2,4,0,1,1,1,5,1,50,2,2,1,0,1,0,25.0,34.0,voiture,deux_roues,5,2,3,1,3
202000026713,2020-02-18 15:40:00,2020,2,18,15,40,31,31490,ROUTE DE PARIS,43.751993,1.364622,Plein jour,Hors agglomération,Hors intersection,Normale,Deux véhicules - frontale,3,2,2,0,1,1,1,0,1,70,2,2,1,0,1,0,50.0,55.0,utilitaire_camion,voiture,1,1,1,1,1
202000026714,2020-02-19 10:35:00,2020,2,19,10,35,38,38565,A48,45.28321,5.62199,Plein jour,Hors agglomération,Hors intersection,Normale,Autre collision,1,1,5,3,1,1,1,9,1,50,1,1,0,1,0,0,88.0,,voiture,,1,1,1,1,6
202000026715,2020-02-18 18:00:00,2020,2,18,18,0,34,34163,483 Avenue Lucie Aubrac,43.6436475,3.7010472,Plein jour,En agglomération,Hors intersection,Normale,Deux véhicules - frontale,4,2,2,0,1,1,1,0,1,30,2,2,0,0,0,2,22.0,20.0,voiture,voiture,1,2,1,1,1
202000026716,2020-02-18 19:45:00,2020,2,18,19,45,973,97306,N1,5.392275,-53.638322,Nuit sans éclairage public,Hors agglomération,Hors intersection,Normale,Deux véhicules - frontale,2,2,2,0,2,3,1,0,1,80,2,4,0,0,1,3,41.0,38.0,voiture,voiture,3,1,1,1,1
202000026717,2020-02-19 18:55:00,2020,2,19,18,55,77,77382,Avenue du Marechal Foch - D436,48.897206,2.863019,Nuit avec éclairage allumé,En agglomération,Hors intersection,Pluie légère,Autre collision,3,2,2,0,1,1,2,0,1,50,1,3,1,0,1,1,58.0,,voiture,,5,2,1,2,6
202000026718,2020-02-18 15:50:00,2020,2,18,15,50,34,34145,Route de Marsillargues,43.667887,4.157424,Plein jour,Hors agglomération,Hors intersection,Normale,Deux véhicules - frontale,3,2,2,0,1,1,1,0,1,80,2,2,0,0,1,1,76.0,47.0,voiture,voiture,1,1,1,1,1
202000026719,2020-02-18 16:20:00,2020,2,18,16,20,83,83016,Route de Marseille,43.195474,5.806645,Plein jour,En agglomération,Giratoire,Normale,Autre collision,3,1,2,0,1,1,1,5,1,50,1,2,1,0,1,0,51.0,,voiture,,1,2,6,1,6
202000026720,2020-02-15 10:30:00,2020,2,15,10,30,21,21353,2 Rue du Château,47.197054,5.152089,Plein jour,En agglomération,Hors intersection,Normale,Autre collision,4,2,2,0,1,2,1,0,3,50,1,1,0,1,0,0,71.0,,voiture,,1,2,1,1,6
202000026721,2020-02-19 01:20:00,2020,2,19,1,20,57,57683,22 Rue de la Gare,49.303871,6.156354,Nuit sans éclairage public,En agglomération,Autre intersection,Pluie légère,Autre collision,3,2,2,0,2,2,2,2,1,50,1,5,0,0,1,4,20.0,,voiture,,3,2,9,2,6
202000026722,2020-02-18 18:20:00,2020,2,18,18,20,01,01249,Route de Strasbourg,45.857846,4.910505,Nuit sans éclairage public,Hors agglomération,Autre intersection,Normale,Deux véhicules - arrière,3,2,2,0,1,1,1,3,1,50,2,2,1,0,0,1,29.0,27.0,deux_roues,voiture,3,1,9,1,2
202000026723,2020-02-14 16:35:00,2020,2,14,16,35,17,17219,D728,45.830952,-1.114898,Plein jour,Hors agglomération,Intersection en X,Normale,Deux véhicules - côté,3,2,2,0,2,1,1,5,1,80,2,2,1,0,0,1,66.0,64.0,voiture,voiture,1,1,2,1,3
202000026724,2020-02-19 08:45:00,2020,2,19,8,45,59,59029,D549,50.486185,3.201958,Crépuscule ou aube,En agglomération,Hors intersection,Temps éblouissant,Trois véhicules et plus - collisions multiples,3,2,2,0,1,1,1,0,1,80,3,3,2,0,0,1,41.0,25.0,utilitaire_camion,voiture,2,2,1,7,5
202000026725,2020-02-18 20:45:00,2020,2,18,20,45,13,13215,A7-Sens Lyon vers Marseille,43.37713,5.35811,Nuit sans éclairage public,Hors agglomération,Hors intersection,Normale,Trois véhicules et plus - en chaîne,1,1,3,0,3,1,1,0,1,90,3,3,2,0,0,1,31.0,20.0,voiture,voiture,3,1,1,1,4
202000026726,2020-02-18 05:50:00,2020,2,18,5,50,13,13055,A507 sens Aubagne- Marseille,43.328685,5.416799,Nuit avec éclairage allumé,Hors agglomération,Hors intersection,Normale,Deux véhicules - côté,1,1,3,0,3,1,1,1,1,70,2,2,0,0,0,2,23.0,24.0,utilitaire_camion,voiture,5,1,1,1,3
202000026727,2020-02-17 18:50:00,2020,2,17,18,50,13,13211,A50-Sens Marseille vers Aubagne,43.287329,5.439042,Nuit avec éclairage allumé,Hors agglomération,Hors intersection,Pluie légère,Trois véhicules et plus - en chaîne,1,1,3,0,1,1,2,0,1,90,3,3,2,0,0,1,45.0,44.0,utilitaire_camion,voiture,5,1,1,2,4
202000026728,2020-02-17 11:15:00,2020,2,17,11,15,13,13085,A50-Sens Toulon vers Aubagne,43.246408,5.596344,Plein jour,Hors agglomération,Hors intersection,Pluie légère,Autre collision,1,3,3,0,4,1,2,0,1,110,1,1,0,0,0,1,21.0,,voiture,,1,1,1,2,6
202000026729,2020-02-18 09:25:00,2020,2,18,9,25,33,33550,ROCADE A 630,44.7789,-0.55317,Plein jour,Hors agglomération,Hors intersection,Normale,Deux véhicules - arrière,1,3,6,0,1,1,1,0,1,90,2,2,1,0,0,1,61.0,30.0,voiture,deux_roues,1,1,1,1,2
202000026730,2020-02-17 04:00:00,2020,2,17,4,0,33,33063,ROCADE A 630,44.88309,-0.55329,Nuit avec éclairage allumé,Hors agglomération,Hors intersection,Normale,Deux véhicules - frontale,1,3,6,0,2,1,1,2,1,70,2,3,1,0,0,2,32.0,34.0,voiture,voiture,5,1,1,1,1
202000026731,2020-02-18 09:00:00,2020,2,18,9,0,92,92072,N118,48.816304,2.215223,Plein jour,Hors agglomération,Hors intersection,Normale,Trois véhicules et plus - en chaîne,2,3,2,0,3,1,1,0,1,90,6,6,5,0,0,1,66.0,25.0,deux_roues,utilitaire_camion,1,1,1,1,4
202000026732,2020-02-17 18:45:00,2020,2,17,18,45,93,93008,AUTOROUTE A86,48.91373,2.43304,Nuit sans éclairage public,Hors agglomération,Hors intersection,Pluie légère,Trois véhicules et plus - en chaîne,1,1,1,0,2,1,2,0,1,50,3,4,3,0,0,1,41.0,26.0,utilitaire_camion,voiture,3,1,1,2,4
202000026733,2020-02-16 13:45:00,2020,2,16,13,45,95,95176,AUTOROUTE A15,48.98878,2.20301,Plein jour,Hors agglomération,Hors intersection,Normale,Trois véhicules et plus - en chaîne,1,3,8,0,1,1,1,0,1,110,3,4,2,0,0,2,64.0,63.0,voiture,voiture,1,1,1,1,4
202000026734,2020-02-03 07:10:00,2020,2,3,7,10,95,95151,RN 104,49.06406,2.26401,Nuit sans éclairage public,Hors agglomération,Hors intersection,Pluie légère,Deux véhicules - arrière,2,3,4,0,1,2,2,0,1,110,2,2,0,0,0,2,38.0,41.0,voiture,utilitaire_camion,3,1,1,2,2
202000026735,2020-02-18 17:45:00,2020,2,18,17,45,77,77372,A104,48.8832379,2.6679169,Crépuscule ou aube,Hors agglomération,Hors intersection,Normale,,1,1,2,0,1,1,1,0,1,90,3,3,2,0,0,1,29.0,31.0,voiture,voiture,2,1,1,1,-1
202000026736,2020-09-08 08:20:00,2020,9,8,8,20,11,11206,4 Route de Carcassonne - D118,43.0617679,2.2148284,Plein jour,En agglomération,Intersection en X,Normale,Deux véhicules - côté,3,2,1,0,1,1,1,0,1,50,2,2,1,0,1,0,43.0,53.0,voiture,deux_roues,1,2,2,1,3
202000026737,2020-09-07 08:30:00,2020,9,7,8,30,76,76155,153 Rue des Potiers,49.984535,1.353668,Plein jour,En agglomération,Hors intersection,Temps éblouissant,Deux véhicules - côté,3,2,2,0,1,3,1,0,1,50,2,2,1,0,1,0,24.0,52.0,voiture,utilitaire_camion,1,2,1,7,3
202000026738,2020-09-08 06:20:00,2020,9,8,6,20,39,39128,,46.978666,5.376588,Crépuscule ou aube,Hors agglomération,Hors intersection,Normale,Autre collision,3,2,2,0,1,1,1,2,3,80,1,1,0,0,0,1,47.0,,utilitaire_camion,,2,1,1,1,6
202000026739,2020-09-08 06:50:00,2020,9,8,6,50,29,29209,Lieu-dit Minihy,48.520143,-4.455171,Crépuscule ou aube,Hors agglomération,Hors intersection,Normale,Sans collision,3,2,2,0,1,2,1,0,3,80,1,1,0,0,0,1,32.0,,deux_roues,,2,1,1,1,7
202000026740,2020-09-08 17:30:00,2020,9,8,17,30,29,29220,D240 - Rue de Tréméoc,47.881826,-4.214941,Plein jour,Hors agglomération,Hors intersection,Normale,Deux véhicules - arrière,3,2,2,0,1,1,1,-1,1,70,2,2,1,0,0,1,57.0,17.0,voiture,deux_roues,1,1,1,1,2
202000026741,2020-09-07 16:40:00,2020,9,7,16,40,38,38347,Rte de la Croix de Toutes Aures,45.260729,5.270648,Plein jour,Hors agglomération,Hors intersection,Normale,Autre collision,3,2,2,0,2,2,1,0,1,80,1,1,0,0,1,0,35.0,,deux_roues,,1,1,1,1,6
202000026742,2020-09-08 08:50:00,2020,9,8,8,50,38,38410,Route de Saint Marcellin,45.085066,5.199612,Plein jour,Hors agglomération,Hors intersection,Normale,Deux véhicules - arrière,3,2,2,0,1,1,1,0,1,80,2,2,1,0,1,0,75.0,24.0,deux_roues,utilitaire_camion,1,1,1,1,2
202000026743,2020-09-07 17:20:00,2020,9,7,17,20,38,38181,Route des Iles,45.346573,5.970039,Plein jour,Hors agglomération,Hors intersection,Normale,Trois véhicules et plus - collisions multiples,3,2,2,0,1,1,1,2,1,80,3,3,0,0,0,3,32.0,50.0,voiture,voiture,1,1,1,1,5
202000026744,2020-09-08 03:00:00,2020,9,8,3,0,38,38315,Route de la Barreliere,45.543686,5.663608,Nuit sans éclairage public,En agglomération,Hors intersection,Normale,Autre collision,3,2,2,0,1,1,1,0,3,50,1,1,0,0,1,0,31.0,,deux_roues,,3,2,1,1,6
202000026745,2020-09-08 15:55:00,2020,9,8,15,55,01,01151,D1075,46.074913,5.322855,Plein jour,Hors agglomération,Hors intersection,Normale,Deux véhicules - côté,3,2,2,0,2,1,1,0,1,80,2,2,1,0,1,0,32.0,59.0,voiture,deux_roues,1,1,1,1,3
202000026746,2020-09-08 08:40:00,2020,9,8,8,40,01,01199,17 Chemin du Riez,46.034942,5.403455,Plein jour,En agglomération,Giratoire,Normale,Deux véhicules - côté,3,-1,1,0,1,2,1,0,1,50,2,2,1,0,0,1,17.0,73.0,deux_roues,voiture,1,2,6,1,3
202000026747,2020-09-07 13:45:00,2020,9,7,13,45,70,70122,14 Rue du Cornot,47.678984,5.561013,Plein jour,En agglomération,Intersection en Y,Normale,Deux véhicules - côté,3,2,2,0,1,1,1,0,1,50,2,2,1,0,1,0,40.0,28.0,deux_roues,voiture,1,2,4,1,3
202000026748,2020-09-06 16:00:00,2020,9,6,16,0,26,26069,D 518,44.832984,5.392984,Plein jour,Hors agglomération,Hors intersection,Normale,Autre collision,3,2,2,0,2,2,1,0,3,80,1,1,0,0,0,1,33.0,,deux_roues,,1,1,1,1,6
202000026749,2020-09-08 16:30:00,2020,9,8,16,30,72,72050,8 Chemin des Rochers,47.960258,-0.229238,Plein jour,En agglomération,Hors intersection,Normale,Autre collision,4,-1,-1,0,3,1,1,0,8,-1,1,2,1,1,0,0,18.0,,deux_roues,,1,2,1,1,6
202000026750,2020-09-07 18:45:00,2020,9,7,18,45,14,14738,47 Avenue des Coteaux,49.156334,-0.442727,Plein jour,En agglomération,Hors intersection,Normale,Deux véhicules - arrière,4,2,2,0,2,1,1,0,1,30,2,2,1,0,1,0,48.0,63.0,voiture,deux_roues,1,2,1,1,2
202000026751,2020-08-16 06:25:00,2020,8,16,6,25,50,50236,Les Monts,49.272793,-1.537568,Crépuscule ou aube,Hors agglomération,Hors intersection,Pluie forte,Autre collision,3,2,2,0,3,1,2,0,1,80,1,2,1,0,1,0,77.0,,voiture,,2,1,1,3,6
202000026752,2020-08-16 04:51:00,2020,8,16,4,51,60,60670,Rue Jean Jacques Fussien,49.258479,2.553892,Nuit sans éclairage public,Hors agglomération,Hors intersection,Normale,Autre collision,3,2,2,0,1,2,1,0,3,80,1,5,4,0,0,1,23.0,,voiture,,3,1,1,1,6
202000026753,2020-08-03 19:20:00,2020,8,3,19,20,45,45053,15 Quai du Baraban,47.639333,2.731744,Plein jour,En agglomération,Hors intersection,Temps éblouissant,Deux véhicules - côté,4,2,2,2,1,1,1,0,1,30,2,4,2,0,1,1,53.0,24.0,deux_roues,voiture,1,2,1,7,3
202000026754,2020-09-04 14:35:00,2020,9,4,14,35,45,45296,D955-Lieu Dit Chesne,47.994775,1.714468,Plein jour,Hors agglomération,Intersection en T,Normale,Deux véhicules - côté,3,2,2,0,1,1,1,0,1,80,2,2,1,0,1,0,46.0,35.0,deux_roues,utilitaire_camion,1,1,3,1,3
202000026755,2020-09-07 20:30:00,2020,9,7,20,30,43,43137,D44,45.275732,4.182487,Nuit sans éclairage public,En agglomération,Hors intersection,Normale,Sans collision,3,2,2,0,2,3,1,0,1,80,1,1,0,0,1,0,22.0,,voiture,,3,2,1,1,7
202000026756,2020-09-06 16:54:00,2020,9,6,16,54,07,07129,Bacon,44.985582,4.601179,Plein jour,Hors agglomération,Hors intersection,Normale,Autre collision,3,2,2,0,2,4,1,0,3,80,1,2,0,0,1,1,69.0,,voiture,,1,1,1,1,6
202000026757,2020-09-07 09:00:00,2020,9,7,9,0,27,27218,Route de Beuzeville,49.281552,0.425516,Plein jour,Hors agglomération,Intersection en X,Normale,Trois véhicules et plus - collisions multiples,3,2,1,0,1,1,1,0,1,80,3,5,4,0,1,0,59.0,40.0,utilitaire_camion,voiture,1,1,2,1,5
202000026758,2020-09-08 10:15:00,2020,9,8,10,15,17,17241,Cottieres Sud,45.20669,-0.157765,Plein jour,Hors agglomération,Intersection en X,Normale,Deux véhicules - frontale,3,2,2,0,1,1,1,5,1,50,2,2,1,0,1,0,64.0,57.0,utilitaire_camion,deux_roues,1,1,2,1,1
202000026759,2020-09-08 09:25:00,2020,9,8,9,25,48,48009,D809 PK18+200,44.741734,3.287691,Plein jour,Hors agglomération,Intersection en T,Normale,Deux véhicules - côté,3,2,2,3,2,1,1,5,1,80,2,2,1,0,1,0,62.0,77.0,deux_roues,voiture,1,1,3,1,3
202000026760,2020-09-06 18:10:00,2020,9,6,18,10,08,08137,RD 309 -PR 2,49.783813,4.661593,Plein jour,Hors agglomération,Hors intersection,Normale,Deux véhicules - frontale,3,2,2,0,1,1,1,0,1,80,2,3,0,0,2,1,59.0,23.0,voiture,voiture,1,1,1,1,1
202000026761,2020-09-07 14:00:00,2020,9,7,14,0,88,88520,1501 Moulin Rouge,48.048782,6.294383,Plein jour,Hors agglomération,Hors intersection,Normale,Deux véhicules - côté,4,2,2,0,1,2,1,0,1,80,2,2,1,0,1,0,66.0,17.0,voiture,deux_roues,1,1,1,1,3
202000026762,2020-09-07 19:18:00,2020,9,7,19,18,978,97801,Le Cul-de-sac,18.097463,-63.036182,Nuit sans éclairage public,En agglomération,Hors intersection,Normale,Trois véhicules et plus - collisions multiples,4,2,2,0,1,1,1,0,1,50,3,3,2,1,0,0,44.0,56.0,utilitaire_camion,voiture,3,2,1,1,5
202000026763,2020-08-06 12:10:00,2020,8,6,12,10,03,03277,,46.2744038,3.0548384,Plein jour,Hors agglomération,Hors intersection,Normale,Deux véhicules - arrière,1,3,4,0,1,1,1,0,1,110,2,5,2,0,1,2,19.0,73.0,voiture,voiture,1,1,1,1,2
202000026764,2020-09-04 09:00:00,2020,9,4,9,0,78,78455,4 Rue André le Bourblanc,48.842467,2.066669,Plein jour,En agglomération,Intersection en X,Normale,Autre collision,4,2,2,0,1,1,1,0,1,50,1,2,1,0,0,1,33.0,,transport_commun,,1,2,2,1,6
202000026765,2020-09-05 13:30:00,2020,9,5,13,30,74,74010,Avenue d'Aix-les-bains (Seynod),45.8935914,6.1112336,Plein jour,Hors agglomération,Hors intersection,Normale,Trois véhicules et plus - en chaîne,3,2,2,0,1,1,1,0,1,80,3,3,2,0,1,0,39.0,22.0,voiture,voiture,1,1,1,1,4
202000026766,2020-09-07 15:05:00,2020,9,7,15,5,33,33122,Avenue Salvador Allende,44.781506,-0.688035,Plein jour,En agglomération,Intersection en T,Normale,Deux véhicules - frontale,3,2,3,0,2,1,1,0,1,70,2,4,3,0,0,1,24.0,24.0,voiture,voiture,1,2,3,1,1
202000026767,2020-09-08 07:30:00,2020,9,8,7,30,13,13001,300 Chemin de la Beauvalle,43.513707,5.436709,Plein jour,Hors agglomération,Hors intersection,Normale,Trois véhicules et plus - en chaîne,1,3,4,0,1,3,1,0,1,90,5,6,4,0,0,2,22.0,41.0,voiture,voiture,1,1,1,1,4
202000026768,2020-09-08 12:54:00,2020,9,8,12,54,77,77032,N4,48.699204,3.267875,Plein jour,Hors agglomération,Intersection en X,Normale,Deux véhicules - côté,2,2,2,0,4,1,1,0,1,70,2,4,2,0,0,2,61.0,40.0,utilitaire_camion,voiture,1,1,2,1,3
202000026769,2020-09-07 18:00:00,2020,9,7,18,0,38,38052,Rue du Martinet,45.07297,6.0129,Plein jour,Hors agglomération,Hors intersection,Normale,Sans collision,3,2,2,0,1,1,1,0,1,50,1,1,0,0,1,0,67.0,,deux_roues,,1,1,1,1,7
202000026770,2020-09-08 11:15:00,2020,9,8,11,15,13,13049,A7,43.711329,5.094159,Plein jour,Hors agglomération,Hors intersection,Normale,Autre collision,1,3,3,0,1,1,1,0,2,130,1,3,0,0,0,3,27.0,,voiture,,1,1,1,1,6
202000026771,2020-09-08 17:40:00,2020,9,8,17,40,976,97615,47 Boulevard du General de Gaulle,-12.797518,45.283851,Plein jour,En agglomération,Hors intersection,Normale,Deux véhicules - arrière,4,2,2,0,1,1,1,0,1,50,2,4,3,0,0,1,23.0,18.0,voiture,deux_roues,1,2,1,1,2
202000026772,2020-09-07 15:25:00,2020,9,7,15,25,13,13025,10 Lotissement Campagne Montaigu,43.490487,5.574108,Plein jour,Hors agglomération,Hors intersection,Normale,Deux véhicules - frontale,3,2,2,0,1,1,1,0,1,80,2,2,1,0,1,0,64.0,51.0,voiture,transport_commun,1,1,1,1,1
202000026773,2020-09-07 20:15:00,2020,9,7,20,15,77,77183,Rue de Jouarre - D402,48.940825,3.120729,Crépuscule ou aube,En agglomération,Hors intersection,Normale,Deux véhicules - côté,3,2,2,0,2,1,1,0,1,80,2,3,2,0,1,0,46.0,23.0,voiture,deux_roues,2,2,1,1,3
202000026774,2020-09-08 11:30:00,2020,9,8,11,30,34,34327,D613,43.64394,3.950121,Plein jour,Hors agglomération,Hors intersection,Normale,Deux véhicules - arrière,3,2,2,0,1,3,1,0,1,70,2,2,1,0,1,0,38.0,22.0,voiture,deux_roues,1,1,1,1,2
202000026775,2020-09-07 09:20:00,2020,9,7,9,20,04,04039,RD 955,43.875273,6.529257,Plein jour,Hors agglomération,Hors intersection,Normale,Sans collision,3,3,2,0,1,2,1,0,1,80,1,1,0,0,1,0,39.0,,deux_roues,,1,1,1,1,7
202000026776,2020-09-07 23:15:00,2020,9,7,23,15,89,89013,Quai de Regennes,47.879156,3.534407,Nuit sans éclairage public,En agglomération,Hors intersection,Normale,Autre collision,4,2,2,0,1,1,1,0,3,20,1,1,0,0,1,0,20.0,,utilitaire_camion,,3,2,1,1,6
202000026777,2020-09-07 07:55:00,2020,9,7,7,55,68,68269,6 Rue Pierre de Coubertin,48.193224,7.332666,Plein jour,En agglomération,Hors intersection,Temps éblouissant,Autre collision,4,1,1,0,1,1,1,0,1,30,1,2,1,0,0,1,42.0,,voiture,,1,2,1,7,6
202000026778,2020-09-06 23:45:00,2020,9,6,23,45,88,88321,Route de Frebecourt,48.369864,5.679905,Nuit sans éclairage public,Hors agglomération,Hors intersection,Normale,Autre collision,3,2,2,0,1,1,1,0,3,80,1,1,0,0,1,0,38.0,,deux_roues,,3,1,1,1,6
202000026779,2020-09-08 19:30:00,2020,9,8,19,30,54,54057,D28e,48.8544992,5.7937244,Crépuscule ou aube,Hors agglomération,Intersection en T,Normale,Sans collision,3,2,2,0,3,1,1,0,1,80,1,1,0,0,1,0,23.0,,deux_roues,,2,1,3,1,7
202000026780,2020-09-08 07:50:00,2020,9,8,7,50,42,42005,28 Rue Moliere,45.529471,4.268151,Plein jour,En agglomération,Hors intersection,Normale,Autre collision,6,-1,-1,0,1,1,1,0,1,30,1,2,1,0,1,0,74.0,,voiture,,1,2,1,1,6
202000026781,2020-09-06 16:15:00,2020,9,6,16,15,38,38076,Montée de la Chapelle,45.573457,5.457609,Plein jour,Hors agglomération,Hors intersection,Normale,Deux véhicules - frontale,3,2,2,0,2,2,1,0,1,70,2,2,1,0,1,0,44.0,56.0,voiture,deux_roues,1,1,1,1,1
202000026782,2020-09-03 17:20:00,2020,9,3,17,20,07,07145,D224 au niveau de cave vinicole,44.609199,4.473072,Plein jour,En agglomération,Autre intersection,Normale,Deux véhicules - côté,3,2,2,0,1,1,1,0,1,50,2,2,1,0,1,0,66.0,72.0,voiture,voiture,1,2,9,1,3
202000026783,2020-09-08 10:12:00,2020,9,8,10,12,09,09282,D927,43.240455,1.572107,Plein jour,En agglomération,Hors intersection,Normale,Deux véhicules - côté,3,2,2,0,1,1,1,0,1,50,2,2,1,0,1,0,50.0,73.0,utilitaire_camion,deux_roues,1,2,1,1,3
202000026784,2020-09-03 19:25:00,2020,9,3,19,25,35,35212,RD 247,47.903282,-1.647735,Crépuscule ou aube,Hors agglomération,Intersection en X,Normale,Deux véhicules - côté,3,2,2,0,1,1,1,0,1,80,2,2,0,0,1,1,58.0,37.0,voiture,voiture,2,1,2,1,3
202000026785,2020-09-07 11:30:00,2020,9,7,11,30,60,60103,35 Avenue de la Libération,49.401123,2.252911,Plein jour,En agglomération,Hors intersection,Normale,Deux véhicules - arrière,3,2,2,0,1,1,1,0,1,50,2,2,1,0,0,1,48.0,65.0,voiture,utilitaire_camion,1,2,1,1,2
202000026786,2020-09-04 18:30:00,2020,9,4,18,30,83,83129,A50,43.12038,5.84492,Plein jour,Hors agglomération,Hors intersection,Normale,Trois véhicules et plus - collisions multiples,1,3,6,0,1,1,1,0,1,110,3,4,1,1,0,2,39.0,67.0,voiture,deux_roues,1,1,1,1,5
202000026787,2020-09-07 18:10:00,2020,9,7,18,10,33,33192,AUTOROUTE A 63,44.78334,-0.63175,Plein jour,Hors agglomération,Hors intersection,Normale,Deux véhicules - arrière,1,-1,6,0,1,1,1,0,1,110,2,2,1,0,0,1,45.0,44.0,utilitaire_camion,utilitaire_camion,1,1,1,1,2
202000026788,2020-09-07 16:35:00,2020,9,7,16,35,33,33122,AUTOROUTE A 63,44.74346,-0.70642,Plein jour,Hors agglomération,Hors intersection,Normale,Deux véhicules - arrière,1,3,4,0,1,1,1,0,1,130,2,3,2,0,0,1,32.0,39.0,utilitaire_camion,deux_roues,1,1,1,1,2
202000026789,2020-09-07 16:00:00,2020,9,7,16,0,91,91661,AUTOROUTE A10,48.68507,2.21491,Plein jour,Hors agglomération,Hors intersection,Normale,Sans collision,1,1,1,0,2,3,1,3,1,50,1,1,0,0,0,1,21.0,,voiture,,1,1,1,1,7
202000026790,2020-09-07 08:50:00,2020,9,7,8,50,78,78126,A13,48.839224,2.120229,Plein jour,Hors agglomération,Hors intersection,Normale,Deux véhicules - arrière,1,3,4,0,1,1,1,3,1,110,2,2,1,0,0,1,37.0,27.0,voiture,deux_roues,1,1,1,1,2
202000026791,2020-09-07 07:20:00,2020,9,7,7,20,78,78466,A13,48.9252,1.997,Plein jour,Hors agglomération,Hors intersection,Normale,Deux véhicules - côté,1,3,6,0,1,3,1,3,2,110,2,2,1,0,0,1,34.0,41.0,voiture,voiture,1,1,1,1,3
202000026792,2020-09-07 18:10:00,2020,9,7,18,10,93,93007,AUTOROUTE A1,48.95483,2.45749,Plein jour,Hors agglomération,Hors intersection,Normale,Deux véhicules - arrière,1,3,9,0,1,1,1,0,1,110,2,2,1,0,0,1,44.0,41.0,deux_roues,voiture,1,1,1,1,2
202000026793,2020-09-07 16:30:00,2020,9,7,16,30,93,93008,A86,48.9127331,2.4368111,Plein jour,Hors agglomération,Hors intersection,Normale,Deux véhicules - côté,1,3,6,0,1,1,1,1,1,90,2,2,1,0,0,1,25.0,32.0,deux_roues,utilitaire_camion,1,1,1,1,3
202000026794,2020-09-07 11:50:00,2020,9,7,11,50,93,93008,AUTOROUTE A86,48.90634,2.45973,Plein jour,Hors agglomération,Hors intersection,Normale,Trois véhicules et plus - en chaîne,1,3,7,0,1,1,1,0,1,90,3,3,2,0,0,1,45.0,24.0,utilitaire_camion,utilitaire_camion,1,1,1,1,4
202000026795,2020-09-07 09:10:00,2020,9,7,9,10,93,93053,AUTOROUTE A3,48.88184,2.45456,Plein jour,Hors agglomération,Hors intersection,Normale,Deux véhicules - arrière,1,3,8,0,2,1,1,0,1,90,2,2,1,0,0,1,46.0,25.0,voiture,utilitaire_camion,1,1,1,1,2
202000026796,2020-09-06 23:55:00,2020,9,6,23,55,93,93013,AUTOROUTE A1,48.93873,2.4162,Nuit avec éclairage non allumé,Hors agglomération,Hors intersection,Normale,Deux véhicules - arrière,1,3,9,0,1,1,1,0,1,90,2,3,1,0,0,2,56.0,31.0,voiture,voiture,4,1,1,1,2
202000026797,2020-09-07 08:30:00,2020,9,7,8,30,93,93051,A4,48.8364292,2.5518916,Plein jour,Hors agglomération,Hors intersection,Normale,Deux véhicules - arrière,1,3,7,0,1,1,1,0,1,110,2,2,1,0,0,1,56.0,43.0,deux_roues,voiture,1,1,1,1,2
202000026798,2020-09-06 22:45:00,2020,9,6,22,45,77,77373,RN104,48.797832,2.623029,Nuit sans éclairage public,Hors agglomération,Hors intersection,Normale,,2,1,2,0,1,1,1,0,1,70,2,2,1,0,0,1,41.0,34.0,voiture,voiture,3,1,1,1,-1
202000026799,2020-03-10 09:20:00,2020,3,10,9,20,95,95252,JULES CESAR (CHAUSSEE),48.9954643,2.2395533,Plein jour,En agglomération,Hors intersection,Pluie légère,Autre collision,4,2,2,0,1,1,2,0,1,50,1,2,1,1,0,0,55.0,,utilitaire_camion,,1,2,1,2,6
202000026800,2020-09-10 23:20:00,2020,9,10,23,20,988,98818,VE1 SENS SUD/NORD,-22.23017,166.45762,Nuit avec éclairage allumé,Hors agglomération,Hors intersection,Pluie légère,Autre collision,1,3,4,0,1,3,2,0,1,70,1,1,0,0,1,0,29.0,,deux_roues,,5,1,1,2,6