accident_id,datetime,annee,mois,jour,heure,minute,departement,commune_insee,adresse,latitude,longitude,luminosite,agglomeration,intersection,meteo,collision,catr,circ,nbv,vosp,prof,plan,surf,infra,situ,vma,nb_vehicules,nb_usagers,nb_indemnes,nb_tues,nb_blesses_hosp,nb_blesses_legers,age_cond_1,age_cond_2,veh_type_cond_1,veh_type_cond_2,lum_code,agg_code,int_code,atm_code,col_code
202000026801,2020-09-06 04:05:00,2020,9,6,4,5,988,98818,VE1 SENS NORD/SUD,-22.24607,166.4578,Nuit avec éclairage allumé,En agglomération,Hors intersection,Normale,Sans collision,1,3,4,0,1,3,1,0,3,70,1,6,5,0,0,1,22.0,,voiture,,5,2,1,1,7
202000026802,2020-09-04 11:30:00,2020,9,4,11,30,988,98818,RUE EDOUARD UNGER,-22.25981,166.44654,Plein jour,En agglomération,Intersection en X,Normale,Deux véhicules - côté,4,2,2,0,1,1,1,0,1,50,2,2,1,0,1,0,44.0,20.0,utilitaire_camion,deux_roues,1,2,2,1,3
202000026803,2020-09-06 01:45:00,2020,9,6,1,45,974,97416,PRESIDENT MITTERAND(AVENUE),-21.34694,55.48936,Nuit avec éclairage allumé,En agglomération,Hors intersection,Pluie légère,Autre collision,4,2,2,0,2,3,2,0,1,50,1,1,0,0,0,1,33.0,,utilitaire_camion,,5,2,1,2,6
202000026804,2020-09-05 11:35:00,2020,9,5,11,35,973,97302,BADUEL (ROUTE DE),4.9375853,-52.3159182,Plein jour,En agglomération,Intersection en T,Normale,Deux véhicules - côté,3,2,0,0,1,1,1,9,1,50,2,2,1,0,0,1,19.0,45.0,deux_roues,utilitaire_camion,1,2,3,1,3
202000026805,2020-09-07 00:05:00,2020,9,7,0,5,69,69383,VILLETTE (DE LA)                    (R ),45.7619169,4.861887,Nuit sans éclairage public,En agglomération,Hors intersection,Normale,Sans collision,4,2,0,3,1,1,1,0,6,50,1,1,0,0,0,1,39.0,,deux_roues,,3,2,1,1,7
202000026806,2020-09-06 03:30:00,2020,9,6,3,30,69,69199,MARCEL SEMBAT                       (R ),45.71166,4.84258,Nuit avec éclairage allumé,En agglomération,Autre intersection,Normale,Autre collision,4,2,2,0,3,1,1,0,3,50,1,3,0,0,1,2,20.0,,voiture,,5,2,9,1,6
202000026807,2020-09-06 12:35:00,2020,9,6,12,35,972,97213,DUCHESNES 1,14.64663,-60.95478,Plein jour,Hors agglomération,Hors intersection,Normale,Sans collision,4,2,2,0,1,1,1,0,1,50,1,1,0,0,0,1,20.0,,deux_roues,,1,1,1,1,7
202000026808,2020-09-06 08:50:00,2020,9,6,8,50,972,97213,ROUTE DEPARTEMENTALE 3,14.66807,-60.99311,Plein jour,Hors agglomération,Hors intersection,Normale,Autre collision,3,2,2,0,2,3,1,0,3,70,1,1,0,0,1,0,33.0,,deux_roues,,1,1,1,1,6
202000026809,2020-09-06 03:10:00,2020,9,6,3,10,2B,2B033,11 - RT,42.67809,9.44601,Nuit avec éclairage allumé,Hors agglomération,Hors intersection,Normale,Deux véhicules - arrière,2,1,2,0,4,1,1,0,1,50,2,3,2,0,0,1,23.0,18.0,voiture,deux_roues,5,1,1,1,2
202000026810,2020-09-06 02:40:00,2020,9,6,2,40,2A,2A004,T21,41.9299113,8.7612591,Nuit avec éclairage non allumé,En agglomération,Giratoire,Normale,Autre collision,2,1,2,0,1,3,1,0,3,50,1,3,0,0,0,3,20.0,,voiture,,4,2,6,1,6
202000026811,2020-09-06 22:30:00,2020,9,6,22,30,91,91345,CHILLY (RUE DE),48.6977,2.299,Nuit avec éclairage allumé,En agglomération,Intersection en X,Normale,Deux véhicules - côté,9,-1,2,0,1,1,1,0,1,50,2,4,1,0,0,3,23.0,36.0,voiture,autre,5,2,2,1,3
202000026812,2020-09-05 17:30:00,2020,9,5,17,30,83,83137,FORGENTIER (CHEMIN DE),43.13687,5.8978,Plein jour,En agglomération,Hors intersection,Normale,Deux véhicules - frontale,4,2,2,0,1,1,1,0,1,50,2,2,1,0,0,1,24.0,46.0,utilitaire_camion,utilitaire_camion,1,2,1,1,1
202000026813,2020-09-06 17:00:00,2020,9,6,17,0,81,81065,JOFFRE (BD MARECHAL),43.6103,2.25801,Plein jour,En agglomération,Intersection en X,Normale,Deux véhicules - côté,4,2,2,0,1,1,1,5,1,50,2,2,1,0,0,1,29.0,58.0,voiture,voiture,1,2,2,1,3
202000026814,2020-09-06 21:45:00,2020,9,6,21,45,69,69256,GABRIEL PERI                        (AV),45.77266,4.91247,Nuit avec éclairage allumé,En agglomération,Intersection en X,Normale,Deux véhicules - côté,4,2,1,0,1,2,1,5,1,50,2,4,3,0,1,0,34.0,27.0,deux_roues,voiture,5,2,2,1,3
202000026815,2020-09-06 00:00:00,2020,9,6,0,0,69,69266,FREDERIC MISTRAL    (Rue ),45.7559281,4.8761728,Nuit avec éclairage allumé,En agglomération,Hors intersection,Normale,Deux véhicules - frontale,4,2,2,0,1,1,1,0,1,50,2,4,3,0,0,1,28.0,,voiture,,5,2,1,1,1
202000026816,2020-09-05 18:20:00,2020,9,5,18,20,64,64545,CORNICHE (ROUTE DE LA),43.38621,-1.71572,Plein jour,Hors agglomération,Hors intersection,Normale,Trois véhicules et plus - en chaîne,3,2,2,0,2,1,1,0,1,50,3,4,3,0,0,1,46.0,77.0,voiture,voiture,1,1,1,1,4
202000026817,2020-09-05 02:10:00,2020,9,5,2,10,59,59421,MIRABEAU (RUE),50.7055349,3.1305289,Nuit avec éclairage allumé,En agglomération,Hors intersection,Normale,Sans collision,7,2,2,3,1,1,1,0,1,50,1,1,0,0,0,1,46.0,,voiture,,5,2,1,1,7
202000026818,2020-07-15 22:30:00,2020,7,15,22,30,59,59350,PORTE D'ARRAS  METRO,50.617446,3.06141,Nuit avec éclairage allumé,En agglomération,Giratoire,Normale,Deux véhicules - côté,7,1,2,0,1,2,1,9,1,50,2,1,0,0,0,1,25.0,,deux_roues,,5,2,6,1,3
202000026819,2020-09-06 17:25:00,2020,9,6,17,25,50,50147,ROUTE DE GAVRAY,49.03632,-1.44423,Plein jour,En agglomération,Giratoire,Normale,Trois véhicules et plus - collisions multiples,3,2,2,0,2,4,1,2,1,50,3,4,2,0,1,1,71.0,41.0,voiture,deux_roues,1,2,6,1,5
202000026820,2020-09-06 16:20:00,2020,9,6,16,20,37,37261,JAURES (PLACE JEAN),47.3902968,0.6888279,Plein jour,En agglomération,Intersection en X,Normale,,3,2,2,3,1,1,1,5,1,30,2,3,2,0,0,1,37.0,42.0,deux_roues,voiture,1,2,2,1,-1
202000026821,2020-09-05 11:19:00,2020,9,5,11,19,37,37233,ERIDENCE (RUE DE L'),47.3927527,0.7213964,Plein jour,En agglomération,Hors intersection,Normale,Autre collision,4,-1,1,0,1,1,1,9,1,30,1,2,1,0,0,1,25.0,,voiture,,1,2,1,1,6
202000026822,2020-09-06 04:30:00,2020,9,6,4,30,35,35238,17 Rue de Châteaugiron,48.102086,-1.65792,Nuit avec éclairage allumé,En agglomération,Hors intersection,Normale,Autre collision,4,2,2,1,1,3,1,0,1,50,1,2,1,0,0,1,21.0,,voiture,,5,2,1,1,6
202000026823,2020-09-06 07:07:00,2020,9,6,7,7,33,33119,CHEM DES BORIES,44.84844,-0.51528,Nuit avec éclairage allumé,En agglomération,Hors intersection,Normale,Autre collision,4,2,2,0,1,1,1,0,4,30,1,1,0,0,0,1,24.0,,voiture,,5,2,1,1,6
202000026824,2020-09-05 19:39:00,2020,9,5,19,39,33,33063,CRS PORTAL / CRS SAINT-LOUIS,44.85486,-0.57194,Plein jour,En agglomération,Intersection à plus de 4 branches,Normale,Deux véhicules - arrière,4,2,2,0,1,1,1,5,1,50,2,2,1,0,0,1,24.0,22.0,voiture,voiture,1,2,5,1,2
202000026825,2020-09-06 04:45:00,2020,9,6,4,45,33,33529,CARNOT (RUE DU PRESIDENT),44.6273,-1.1427,Nuit avec éclairage allumé,En agglomération,Intersection en T,Normale,Deux véhicules - côté,3,2,4,2,1,3,1,0,1,50,2,1,0,0,1,0,36.0,,voiture,,5,2,3,1,3
202000026826,2020-09-05 17:40:00,2020,9,5,17,40,29,29232,D765 - Route de Douarnenez,47.99909,-4.13402,Plein jour,En agglomération,Hors intersection,Normale,Sans collision,3,2,2,0,1,2,1,0,3,50,1,1,0,0,1,0,21.0,,deux_roues,,1,2,1,1,7
202000026827,2020-09-06 15:40:00,2020,9,6,15,40,29,29039,D44 - Chemin de Kerampennec,47.920612,-3.9286059,Plein jour,Hors agglomération,Intersection en X,Normale,Deux véhicules - côté,3,2,2,0,1,2,1,0,1,80,2,2,1,0,0,1,62.0,68.0,voiture,voiture,1,1,2,1,3
202000026828,2020-09-06 00:15:00,2020,9,6,0,15,13,13056,RIMBAUD ARTHUR,43.41654,5.0584,Nuit avec éclairage allumé,En agglomération,Hors intersection,Normale,Autre collision,4,3,4,0,2,3,1,5,4,50,1,2,0,0,0,2,27.0,,voiture,,5,2,1,1,6
202000026829,2020-09-06 23:50:00,2020,9,6,23,50,13,13208,BONNEVEINE (AVENUE),43.254724,5.376156,Nuit avec éclairage allumé,En agglomération,Giratoire,Normale,,4,3,4,1,1,1,1,5,1,50,2,1,0,0,0,1,35.0,,voiture,,5,2,6,1,-1
202000026830,2020-09-06 21:20:00,2020,9,6,21,20,13,13206,ROME (PLACE DE),43.29117,5.38076,Nuit avec éclairage allumé,En agglomération,Hors intersection,Normale,Deux véhicules - côté,4,1,4,3,2,1,1,0,1,50,2,2,1,0,0,1,23.0,38.0,deux_roues,voiture,5,2,1,1,3
202000026831,2020-09-06 15:15:00,2020,9,6,15,15,13,13215,VISTE (AVENUE DE LA),43.3602,5.357571,Plein jour,En agglomération,Hors intersection,Normale,Deux véhicules - côté,3,3,2,0,2,1,1,0,1,50,2,2,1,0,0,1,29.0,37.0,voiture,voiture,1,2,1,1,3
202000026832,2020-09-06 07:10:00,2020,9,6,7,10,13,13202,CARGO RHIN FIDELI (RUE),43.327,5.35814,Crépuscule ou aube,En agglomération,Intersection en X,Normale,Deux véhicules - côté,3,4,8,0,1,2,1,0,1,50,2,1,0,0,0,1,58.0,,voiture,,2,2,2,1,3
202000026833,2020-09-05 11:00:00,2020,9,5,11,0,13,13207,CORSE (AVENUE DE LA),43.28887,5.36122,Plein jour,En agglomération,Hors intersection,Normale,Deux véhicules - côté,4,2,4,3,1,1,1,0,1,50,2,2,1,0,0,1,45.0,36.0,deux_roues,voiture,1,2,1,1,3
202000026834,2020-09-06 10:20:00,2020,9,6,10,20,03,03321,rond point Liberté,46.5535121,3.3639192,Plein jour,En agglomération,Giratoire,Normale,Deux véhicules - arrière,3,1,1,0,1,2,1,5,1,50,2,2,1,0,1,0,41.0,59.0,voiture,deux_roues,1,2,6,1,2
202000026835,2020-09-06 09:40:00,2020,9,6,9,40,75,75118,PORTE DE CLIGNANCOURT,48.901134,2.348011,Plein jour,En agglomération,Hors intersection,Normale,Deux véhicules - côté,4,-1,4,0,1,1,1,0,1,70,2,1,0,0,0,1,24.0,,deux_roues,,1,2,1,1,3
202000026836,2020-09-05 22:25:00,2020,9,5,22,25,75,75117,PORTE DE CHAMPERRET,48.885193,2.287302,Nuit avec éclairage allumé,En agglomération,Hors intersection,Normale,Trois véhicules et plus - en chaîne,4,1,4,0,1,1,1,0,1,70,3,4,3,0,0,1,34.0,34.0,voiture,deux_roues,5,2,1,1,4
202000026837,2020-09-05 01:18:00,2020,9,5,1,18,75,75120,ECHANGEUR BAGNOLET,48.864274,2.413499,Nuit avec éclairage allumé,En agglomération,Hors intersection,Normale,Autre collision,4,1,2,0,2,3,1,0,1,50,1,1,0,0,0,1,,,,,5,2,1,1,6
202000026838,2020-09-05 13:50:00,2020,9,5,13,50,75,75104,QUAI DE LA CORSE,48.85591,2.347467,Plein jour,En agglomération,Intersection en T,Normale,Deux véhicules - arrière,4,1,2,0,1,1,1,0,1,50,2,2,0,0,0,2,47.0,41.0,deux_roues,deux_roues,1,2,3,1,2
202000026839,2020-09-06 15:15:00,2020,9,6,15,15,75,75120,ECHANGEUR MONTREUIL,48.853748,2.414566,Plein jour,En agglomération,Place,Normale,Autre collision,4,1,2,0,2,1,1,0,1,50,1,2,1,0,0,1,48.0,,utilitaire_camion,,1,2,7,1,6
202000026840,2020-09-06 11:30:00,2020,9,6,11,30,75,75118,BOULEVARD DE LA CHAPELLE,48.884475,2.364803,Plein jour,En agglomération,Intersection en X,Normale,Deux véhicules - côté,4,1,3,1,1,1,1,-1,5,50,2,2,1,0,1,0,66.0,31.0,deux_roues,voiture,1,2,2,1,3
202000026841,2020-09-06 13:40:00,2020,9,6,13,40,75,75113,AVENUE D ITALIE,48.822207,2.35853,Plein jour,En agglomération,Intersection en X,Temps couvert,Deux véhicules - côté,4,3,2,1,1,1,2,0,1,50,2,2,1,0,0,1,30.0,35.0,voiture,deux_roues,1,2,2,8,3
202000026842,2020-09-06 13:15:00,2020,9,6,13,15,75,75113,BOULEVARD VINCENT AURIOL,48.833852,2.365134,Plein jour,En agglomération,Intersection en X,Pluie légère,Sans collision,4,1,2,1,1,1,2,-1,5,50,1,1,0,0,0,1,48.0,,deux_roues,,1,2,2,2,7
202000026843,2020-09-06 11:55:00,2020,9,6,11,55,75,75113,AVENUE D ITALIE,48.82302,2.358263,Plein jour,En agglomération,Intersection en T,Normale,Deux véhicules - côté,4,2,4,0,1,1,1,0,1,50,2,2,1,0,0,1,35.0,57.0,utilitaire_camion,deux_roues,1,2,3,1,3
202000026844,2020-09-06 03:45:00,2020,9,6,3,45,75,75112,QUAI DE LA RAPEE,48.828315,2.38831,Nuit avec éclairage allumé,En agglomération,Hors intersection,Normale,Autre collision,4,1,2,0,2,2,1,0,1,50,1,1,0,0,1,0,46.0,,voiture,,5,2,1,1,6
202000026845,2020-09-06 16:25:00,2020,9,6,16,25,75,75107,PLACE HENRY DE MONTHERLANT,48.860777,2.325329,Plein jour,En agglomération,Place,Normale,Deux véhicules - frontale,4,2,2,1,1,1,1,-1,5,25,2,2,1,0,0,1,17.0,44.0,deux_roues,deux_roues,1,2,7,1,1
202000026846,2020-09-06 09:50:00,2020,9,6,9,50,75,75107,BOULEVARD DES INVALIDES,48.851812,2.314519,Plein jour,En agglomération,Intersection en X,Normale,Deux véhicules - côté,4,2,4,1,1,1,1,0,1,50,2,2,1,0,0,1,39.0,43.0,deux_roues,voiture,1,2,2,1,3
202000026847,2020-09-06 17:05:00,2020,9,6,17,5,75,75101,RUE DE RIVOLI,48.860484,2.342138,Plein jour,En agglomération,Intersection en Y,Normale,Deux véhicules - côté,4,2,3,1,1,1,1,-1,5,30,2,2,1,0,0,1,28.0,21.0,deux_roues,deux_roues,1,2,4,1,3
202000026848,2020-09-06 16:15:00,2020,9,6,16,15,75,75103,RUE BEAUBOURG,48.863746,2.354889,Plein jour,En agglomération,Intersection en X,Temps couvert,Deux véhicules - côté,4,1,3,3,1,1,1,0,1,50,2,3,1,0,0,2,44.0,20.0,deux_roues,deux_roues,1,2,2,8,3
202000026849,2020-09-06 12:20:00,2020,9,6,12,20,94,94067,GENERAL DE GAULLE (AV DU),48.844949,2.41758,Plein jour,En agglomération,Hors intersection,Temps couvert,Autre collision,3,2,2,0,1,1,1,0,1,50,1,2,1,0,0,1,37.0,,voiture,,1,2,1,8,6
202000026850,2020-09-05 22:15:00,2020,9,5,22,15,94,94074,CHAMP SAINT-JULIEN (AV DU),48.748326,2.457728,Nuit avec éclairage allumé,En agglomération,Autre intersection,Normale,Deux véhicules - côté,3,1,3,0,1,1,1,0,8,50,2,2,1,0,0,1,20.0,27.0,deux_roues,voiture,5,2,9,1,3
202000026851,2020-09-06 14:20:00,2020,9,6,14,20,94,94056,BRIE (R DE),48.69713,2.55231,Plein jour,En agglomération,Hors intersection,Normale,Deux véhicules - frontale,3,2,2,0,1,1,1,0,1,50,2,2,1,0,0,1,31.0,48.0,voiture,deux_roues,1,2,1,1,1
202000026852,2020-09-06 00:15:00,2020,9,6,0,15,93,93048,BD ROUGET DE L'ISLE / R VICTOR HUGO,48.86044,2.43945,Nuit avec éclairage allumé,En agglomération,Intersection à plus de 4 branches,Normale,Deux véhicules - côté,3,2,2,0,1,1,1,0,1,50,2,2,0,0,0,2,24.0,,voiture,,5,2,5,1,3
202000026853,2020-09-06 09:20:00,2020,9,6,9,20,93,93057,MONTYON (AL.) 1 A 74,48.9128396,2.5068391,Plein jour,En agglomération,Intersection à plus de 4 branches,Normale,Deux véhicules - côté,3,-1,2,0,1,1,1,0,1,50,2,2,1,0,0,1,48.0,,voiture,,1,2,5,1,3
202000026854,2020-09-06 21:00:00,2020,9,6,21,0,93,93001,ANATOLE FRANCE  (BLD) IMPAIR,48.9175551,2.3820296,Nuit avec éclairage allumé,En agglomération,Hors intersection,Temps couvert,Deux véhicules - côté,3,2,2,0,1,1,1,0,1,50,2,2,0,0,0,2,17.0,47.0,deux_roues,deux_roues,5,2,1,8,3
202000026855,2020-09-06 14:50:00,2020,9,6,14,50,92,92007,CHARLES-MICHELS (RUE),48.79742,2.320843,Plein jour,En agglomération,Hors intersection,Normale,Deux véhicules - arrière,4,-1,1,0,1,1,1,0,1,50,2,2,1,0,0,1,52.0,35.0,utilitaire_camion,deux_roues,1,2,1,1,2
202000026856,2020-09-07 09:15:00,2020,9,7,9,15,22,22050,17 Grand Rue,48.454389,-2.045496,Plein jour,En agglomération,Intersection en T,Autre,Autre collision,4,2,2,0,1,1,1,9,1,20,1,2,1,0,1,0,18.0,,voiture,,1,2,3,9,6
202000026857,2020-08-05 20:15:00,2020,8,5,20,15,22,22050,Boulevard André Aubert,48.46398,-2.042738,Plein jour,En agglomération,Hors intersection,Normale,Deux véhicules - frontale,4,2,2,0,1,1,1,0,1,50,2,1,0,0,1,0,62.0,,deux_roues,,1,2,1,1,1
202000026858,2020-09-07 06:30:00,2020,9,7,6,30,976,97610,RN1 - carrière de KOUNGOU,-12.73917,45.194603,Plein jour,Hors agglomération,Hors intersection,Normale,Autre collision,2,2,2,0,2,1,1,0,1,70,1,2,1,0,1,0,49.0,,deux_roues,,1,1,1,1,6
202000026859,2020-09-07 17:35:00,2020,9,7,17,35,86,86096,D20,46.8261306,0.3126185,Plein jour,Hors agglomération,Hors intersection,Normale,Sans collision,3,3,2,0,1,1,1,0,3,80,1,2,0,0,0,2,23.0,,voiture,,1,1,1,1,7
202000026860,2020-09-03 14:30:00,2020,9,3,14,30,67,67371,RD 135 PK 002.700,48.885954,7.327044,Plein jour,Hors agglomération,Hors intersection,Normale,Autre collision,3,2,2,0,1,4,1,0,1,80,1,1,0,0,0,1,58.0,,deux_roues,,1,1,1,1,6
202000026861,2020-09-03 17:37:00,2020,9,3,17,37,67,67265,D198,48.932801,7.494609,Plein jour,Hors agglomération,Hors intersection,Normale,Sans collision,3,2,2,0,1,2,1,0,3,80,1,1,0,0,1,0,63.0,,deux_roues,,1,1,1,1,7
202000026862,2020-09-06 16:50:00,2020,9,6,16,50,74,74034,pont de gys,46.283043,6.616666,Plein jour,Hors agglomération,Intersection en Y,Normale,Deux véhicules - côté,3,2,2,0,1,1,1,0,1,70,2,2,1,0,0,1,55.0,27.0,deux_roues,voiture,1,1,4,1,3
202000026863,2020-09-06 21:15:00,2020,9,6,21,15,28,28219,A11,48.228103,0.998227,Nuit sans éclairage public,Hors agglomération,Hors intersection,Normale,Deux véhicules - arrière,1,3,5,0,1,1,1,0,1,130,2,3,0,0,0,3,27.0,41.0,voiture,voiture,3,1,1,1,2
202000026864,2020-09-06 20:45:00,2020,9,6,20,45,974,97404,N1,-21.281217,55.348177,Nuit sans éclairage public,Hors agglomération,Autre intersection,Autre,Autre collision,2,3,4,0,1,1,9,0,1,90,1,2,1,0,1,0,28.0,,voiture,,3,1,9,9,6
202000026865,2020-09-04 07:45:00,2020,9,4,7,45,35,35124,La Bardouillère,47.75303,-1.720664,Crépuscule ou aube,Hors agglomération,Hors intersection,Brouillard / fumée,Autre collision,4,-1,2,0,1,3,2,0,3,80,1,4,1,0,0,3,61.0,,transport_commun,,2,1,1,5,6
202000026866,2020-09-04 21:20:00,2020,9,4,21,20,19,19178,A20,45.262092,1.545564,Nuit sans éclairage public,Hors agglomération,Hors intersection,Normale,Deux véhicules - arrière,1,1,4,0,1,2,1,0,1,130,2,2,1,0,1,0,32.0,56.0,voiture,deux_roues,3,1,1,1,2
202000026867,2020-09-07 13:00:00,2020,9,7,13,0,974,97410,3 Chemin Creole,-21.084796,55.74847,Plein jour,Hors agglomération,Hors intersection,Pluie légère,Deux véhicules - côté,2,2,2,0,2,1,2,0,8,80,2,2,1,0,0,1,21.0,59.0,utilitaire_camion,utilitaire_camion,1,1,1,2,3
202000026868,2020-09-05 07:15:00,2020,9,5,7,15,974,97410,RN2,-21.039195,55.708821,Plein jour,Hors agglomération,Hors intersection,Normale,Deux véhicules - arrière,2,2,2,2,1,1,1,0,5,50,2,2,1,0,1,0,65.0,34.0,deux_roues,voiture,1,1,1,1,2
202000026869,2020-09-07 19:00:00,2020,9,7,19,0,06,06069,Route Napoléon,43.678553,6.902582,Plein jour,Hors agglomération,Hors intersection,Normale,Deux véhicules - frontale,3,2,2,0,2,3,1,0,1,80,2,2,1,0,1,0,61.0,19.0,voiture,deux_roues,1,1,1,1,1
202000026870,2020-08-05 17:25:00,2020,8,5,17,25,83,83070,Avenue Lou Mistraou,43.1394056,6.3584616,Plein jour,En agglomération,Hors intersection,Normale,Deux véhicules - côté,3,2,2,0,1,3,1,6,1,50,2,2,1,0,1,0,83.0,25.0,voiture,deux_roues,1,2,1,1,3
202000026871,2020-09-07 12:56:00,2020,9,7,12,56,37,37075,,47.2921079,0.9571339,Plein jour,Hors agglomération,Hors intersection,Normale,Autre collision,1,3,4,0,1,1,1,0,3,130,1,1,0,1,0,0,66.0,,voiture,,1,1,1,1,6
202000026872,2020-09-05 17:00:00,2020,9,5,17,0,30,30047,rue arnaud beltrame,43.79147,4.432077,Plein jour,En agglomération,Hors intersection,Normale,Deux véhicules - arrière,4,2,2,0,1,1,1,0,1,50,2,2,1,0,1,0,33.0,48.0,voiture,deux_roues,1,2,1,1,2
202000026873,2020-09-07 09:30:00,2020,9,7,9,30,57,57317,D38,48.775396,7.15983,Plein jour,Hors agglomération,Hors intersection,Normale,Deux véhicules - arrière,3,2,2,0,1,1,1,0,1,80,2,2,1,0,1,0,81.0,45.0,voiture,deux_roues,1,1,1,1,2
202000026874,2020-09-07 08:40:00,2020,9,7,8,40,57,57249,D954,49.149545,6.335785,Plein jour,Hors agglomération,Intersection en T,Normale,Deux véhicules - côté,3,2,2,0,1,3,1,0,1,80,2,2,1,0,1,0,20.0,74.0,deux_roues,voiture,1,1,3,1,3
202000026875,2020-09-07 12:30:00,2020,9,7,12,30,04,04161,RD 900,44.400755,6.517948,Plein jour,Hors agglomération,Hors intersection,Normale,Deux véhicules - frontale,3,2,2,0,1,3,1,0,1,80,2,5,4,0,1,0,54.0,70.0,deux_roues,voiture,1,1,1,1,1
202000026876,2020-09-06 19:00:00,2020,9,6,19,0,51,51030,Route d'Epernay,49.0468936,4.0858889,Plein jour,En agglomération,Giratoire,Normale,Sans collision,3,2,2,0,1,1,1,5,3,50,1,1,0,0,1,0,49.0,,deux_roues,,1,2,6,1,7
202000026877,2020-09-06 08:25:00,2020,9,6,8,25,51,51359,D375,48.8280198,3.5478179,Plein jour,Hors agglomération,Hors intersection,Normale,Sans collision,3,2,2,0,1,1,1,0,8,80,1,1,0,0,1,0,26.0,,voiture,,1,1,1,1,7
202000026878,2020-09-06 10:00:00,2020,9,6,10,0,56,56032,La Motte,47.962141,-2.27099,Plein jour,Hors agglomération,Hors intersection,Normale,Autre collision,3,2,2,0,1,1,1,0,3,80,1,1,0,1,0,0,27.0,,voiture,,1,1,1,1,6
202000026879,2020-09-05 05:00:00,2020,9,5,5,0,56,56135,La Muterne,47.732111,-2.418054,Nuit sans éclairage public,Hors agglomération,Hors intersection,Normale,Autre collision,4,2,2,0,1,3,1,2,8,80,1,1,0,0,1,0,22.0,,voiture,,3,1,1,1,6
202000026880,2020-09-06 15:00:00,2020,9,6,15,0,76,76637,D79,49.812498,0.512125,Plein jour,Hors agglomération,Hors intersection,Normale,Sans collision,3,2,2,0,2,3,1,0,8,80,1,2,0,0,0,2,20.0,,deux_roues,,1,1,1,1,7
202000026881,2020-09-07 06:00:00,2020,9,7,6,0,79,79145,,46.738095,-0.275637,Nuit sans éclairage public,Hors agglomération,Hors intersection,Normale,Autre collision,3,2,2,0,1,1,1,2,8,80,1,1,0,1,0,0,52.0,,voiture,,3,1,1,1,6
202000026882,2020-08-13 20:40:00,2020,8,13,20,40,2A,2A269,T10,41.8518014,9.3998794,Crépuscule ou aube,Hors agglomération,Hors intersection,Normale,Deux véhicules - côté,2,2,2,0,1,1,1,0,1,80,2,6,2,1,3,0,22.0,58.0,voiture,deux_roues,2,1,1,1,3
202000026883,2020-09-06 18:00:00,2020,9,6,18,0,11,11431,D611,42.933773,2.755165,Plein jour,Hors agglomération,Hors intersection,Normale,Autre collision,3,2,2,0,2,2,1,0,1,80,1,1,0,0,1,0,27.0,,deux_roues,,1,1,1,1,6
202000026884,2020-09-07 17:25:00,2020,9,7,17,25,71,71014,Rue de Paris,46.9578139,4.2972898,Plein jour,En agglomération,Hors intersection,Normale,Deux véhicules - arrière,3,2,2,0,1,1,1,0,1,50,2,2,1,0,0,1,39.0,39.0,deux_roues,voiture,1,2,1,1,2
202000026885,2020-09-06 01:00:00,2020,9,6,1,0,49,49261,Rue des Fiefs Vaslins,47.340708,-0.240263,Nuit sans éclairage public,En agglomération,Hors intersection,Normale,Autre collision,4,-1,2,0,1,1,1,0,4,50,1,1,0,0,1,0,63.0,,voiture,,3,2,1,1,6
202000026886,2020-09-07 14:45:00,2020,9,7,14,45,42,42152,Route de Villers,46.093636,4.156394,Plein jour,Hors agglomération,Hors intersection,Normale,Autre collision,3,2,2,0,4,3,1,0,3,80,1,1,0,0,0,1,42.0,,voiture,,1,1,1,1,6
202000026887,2020-09-06 17:00:00,2020,9,6,17,0,29,29078,Lieu-dit Pontaol,48.311377,-4.202735,Plein jour,Hors agglomération,Autre intersection,Normale,Deux véhicules - côté,2,1,1,0,1,3,1,3,1,70,2,4,3,0,1,0,61.0,30.0,deux_roues,voiture,1,1,9,1,3
202000026888,2020-08-05 11:18:00,2020,8,5,11,18,29,29078,Lieu-dit Kervezennec,48.333901,-4.130473,Plein jour,Hors agglomération,Intersection en X,Normale,Deux véhicules - côté,4,2,2,0,1,1,1,0,1,80,2,3,0,0,1,2,65.0,21.0,voiture,voiture,1,1,2,1,3
202000026889,2020-09-04 16:15:00,2020,9,4,16,15,68,68195,Rue du Général de Gaulle,47.758505,7.292165,Plein jour,En agglomération,Hors intersection,Normale,Deux véhicules - arrière,3,3,3,0,1,1,1,0,1,45,2,2,1,0,1,0,65.0,64.0,voiture,deux_roues,1,2,1,1,2
202000026890,2020-09-05 20:30:00,2020,9,5,20,30,39,39022,,46.934002,5.429059,Plein jour,Hors agglomération,Hors intersection,Normale,Sans collision,3,2,2,0,1,1,1,0,3,80,1,1,0,0,1,0,17.0,,deux_roues,,1,1,1,1,7
202000026891,2020-09-06 13:00:00,2020,9,6,13,0,29,29206,D30 - Petit Moulin,48.6477284,-4.1717334,Plein jour,Hors agglomération,Hors intersection,Normale,Autre collision,3,2,2,0,1,1,1,0,8,80,1,2,0,0,2,0,20.0,,voiture,,1,1,1,1,6
202000026892,2020-09-06 22:30:00,2020,9,6,22,30,29,29205,D54 - Lieu Dit Kernevez,48.322695,-3.57929,Nuit sans éclairage public,Hors agglomération,Hors intersection,Normale,Deux véhicules - frontale,3,2,2,0,1,2,1,0,1,80,2,4,3,0,0,1,21.0,28.0,deux_roues,voiture,3,1,1,1,1
202000026893,2020-09-06 17:30:00,2020,9,6,17,30,29,29158,Rue de la Madeleine,47.824476,-4.321908,Plein jour,Hors agglomération,Intersection en X,Normale,Deux véhicules - côté,4,-1,2,0,1,1,1,5,1,50,2,2,1,0,1,0,46.0,17.0,utilitaire_camion,deux_roues,1,1,2,1,3