accident_id,datetime,annee,mois,jour,heure,minute,departement,commune_insee,adresse,latitude,longitude,luminosite,agglomeration,intersection,meteo,collision,catr,circ,nbv,vosp,prof,plan,surf,infra,situ,vma,nb_vehicules,nb_usagers,nb_indemnes,nb_tues,nb_blesses_hosp,nb_blesses_legers,age_cond_1,age_cond_2,veh_type_cond_1,veh_type_cond_2,lum_code,agg_code,int_code,atm_code,col_code
202000027081,2020-11-05 13:30:00,2020,11,5,13,30,71,71153,MOINEAUX (RUE DES),46.803698,4.4186234,Plein jour,En agglomération,Intersection en T,Normale,Autre collision,4,1,1,0,2,1,1,0,3,50,1,2,0,0,0,2,41.0,,utilitaire_camion,,1,2,3,1,6
202000027082,2020-02-05 16:50:00,2020,2,5,16,50,34,34032,PEZENAS (ROUTE DE),43.35785,3.2433,Plein jour,En agglomération,Hors intersection,Normale,Sans collision,4,2,0,0,1,1,1,0,1,50,1,2,1,0,1,0,56.0,,voiture,,1,2,1,1,7
202000027083,2020-11-05 12:10:00,2020,11,5,12,10,67,67482,ROME (RUE DE),48.5772935,7.7669046,Plein jour,En agglomération,Hors intersection,Normale,Autre collision,4,2,2,1,1,1,1,0,1,50,1,2,1,0,1,0,16.0,,deux_roues,,1,2,1,1,6
202000027084,2020-04-09 09:30:00,2020,4,9,9,30,974,97411,Rue Lory les Hauts,-20.8937028,55.4818299,Plein jour,En agglomération,Hors intersection,Normale,Autre collision,4,2,2,0,2,1,1,0,1,50,1,2,1,0,1,0,63.0,,voiture,,1,2,1,1,6
202000027085,2020-04-09 01:15:00,2020,4,9,1,15,76,76319,ESSARTS. RUE DES (CD 13),49.35287,1.01308,Nuit avec éclairage allumé,En agglomération,Hors intersection,Normale,Sans collision,3,2,2,0,1,1,1,9,1,50,1,1,0,0,0,1,,,,,5,2,1,1,7
202000027086,2020-04-08 09:45:00,2020,4,8,9,45,69,69264,BENDER  EMILE (rue),45.98007,4.73847,Plein jour,En agglomération,Hors intersection,Normale,Autre collision,4,2,2,0,1,1,1,0,1,50,1,1,0,0,0,1,74.0,,voiture,,1,2,1,1,6
202000027087,2020-04-06 01:00:00,2020,4,6,1,0,59,59375,HEIN LOUIS(RUE),50.40678,3.27929,Nuit sans éclairage public,En agglomération,Hors intersection,Normale,Sans collision,3,2,2,0,1,1,1,0,1,50,1,1,0,0,0,1,37.0,,deux_roues,,3,2,1,1,7
202000027088,2020-08-05 01:20:00,2020,8,5,1,20,67,67204,REPUBLIQUE (RUE DE LA),48.6213979,7.7552301,Nuit avec éclairage non allumé,En agglomération,Intersection en T,Normale,Deux véhicules - frontale,7,2,2,0,1,1,1,0,1,50,2,3,1,0,0,2,24.0,19.0,voiture,voiture,4,2,3,1,1
202000027089,2020-04-09 13:30:00,2020,4,9,13,30,59,59122,SOLESMES (RUE DE),50.1787,3.24833,Plein jour,En agglomération,Intersection en T,Normale,Deux véhicules - côté,3,2,2,0,1,2,1,0,1,50,2,2,1,0,1,0,22.0,33.0,voiture,deux_roues,1,2,3,1,3
202000027090,2020-04-08 17:10:00,2020,4,8,17,10,34,34172,BARCELONE (AVENUE DE),43.625051,3.817419,Plein jour,En agglomération,Hors intersection,Normale,Autre collision,4,2,2,3,1,1,1,0,1,50,1,2,0,0,1,1,21.0,,deux_roues,,1,2,1,1,6
202000027091,2020-11-05 08:00:00,2020,11,5,8,0,67,67482,LYON (BOULEVARD DE),48.5748547,7.735105,Crépuscule ou aube,En agglomération,Hors intersection,Normale,Deux véhicules - frontale,4,2,2,1,2,1,1,0,5,35,2,2,0,0,0,2,59.0,42.0,deux_roues,deux_roues,2,2,1,1,1
202000027092,2020-08-04 10:20:00,2020,8,4,10,20,67,67482,SCHIRMECK (ROUTE DE),48.5694,7.71063,Plein jour,En agglomération,Hors intersection,Temps couvert,Deux véhicules - arrière,4,2,2,0,1,1,1,0,1,50,2,2,1,0,0,1,57.0,48.0,voiture,voiture,1,2,1,8,2
202000027093,2020-04-09 23:50:00,2020,4,9,23,50,29,29019,Rue de Maissin,48.3908,-4.5035,Nuit avec éclairage allumé,En agglomération,Giratoire,Normale,Autre collision,4,2,2,0,1,1,1,5,4,50,1,2,0,0,0,2,32.0,,deux_roues,,5,2,6,1,6
202000027094,2020-08-01 12:37:00,2020,8,1,12,37,66,66136,JOFFRE (AVENUE DU MARECHAL CD 88),42.71276,2.88934,Plein jour,En agglomération,Hors intersection,Normale,Deux véhicules - arrière,4,2,2,0,1,1,1,0,1,50,2,3,0,0,0,3,46.0,,voiture,,1,2,1,1,2
202000027095,2020-08-05 18:10:00,2020,8,5,18,10,64,64483,ITHURRALDE ANDRE (AVENUE),43.3923989,-1.6530534,Plein jour,En agglomération,Intersection en T,Normale,Deux véhicules - côté,3,2,2,0,1,1,1,0,1,50,2,2,0,0,1,1,42.0,22.0,deux_roues,deux_roues,1,2,3,1,3
202000027096,2020-11-05 08:20:00,2020,11,5,8,20,59,59648,CLEMENCEAU RUE,50.59958,3.05328,Plein jour,En agglomération,Intersection en X,Normale,Deux véhicules - frontale,7,2,3,0,1,1,1,5,1,50,2,4,1,0,0,3,31.0,44.0,voiture,voiture,1,2,2,1,1
202000027097,2020-08-05 11:00:00,2020,8,5,11,0,64,64260,MER (BOULEVARD DE LA),43.37467,-1.76647,Plein jour,En agglomération,Hors intersection,Normale,Deux véhicules - côté,3,2,2,0,1,1,1,0,1,30,2,1,0,0,0,1,57.0,,deux_roues,,1,2,1,1,3
202000027098,2020-10-29 13:55:00,2020,10,29,13,55,58,58194,DOCKS,46.9954,3.1482,Plein jour,En agglomération,Hors intersection,Normale,Trois véhicules et plus - en chaîne,3,2,2,0,1,1,1,0,1,50,3,3,2,0,0,1,27.0,30.0,voiture,voiture,1,2,1,1,4
202000027099,2020-08-05 15:20:00,2020,8,5,15,20,64,64237,route des fontaines,43.278151,-0.366495,Plein jour,Hors agglomération,Hors intersection,Temps éblouissant,Trois véhicules et plus - en chaîne,3,2,2,0,1,1,1,0,1,80,3,3,1,0,0,2,41.0,56.0,voiture,voiture,1,1,1,7,4
202000027100,2020-08-05 09:25:00,2020,8,5,9,25,64,64024,BAB (BOULEVARD DU),43.49674,-1.50976,Plein jour,En agglomération,Giratoire,Normale,Deux véhicules - arrière,4,1,3,0,1,1,1,9,1,50,2,3,2,0,0,1,24.0,57.0,voiture,voiture,1,2,6,1,2
202000027101,2020-08-04 14:25:00,2020,8,4,14,25,63,63164,BARDIN (IMPASSE CLAUDIUS),45.8359407,3.147486,Plein jour,En agglomération,Hors intersection,Normale,Sans collision,4,2,2,0,1,1,1,0,1,50,1,1,0,0,0,1,17.0,,deux_roues,,1,2,1,1,7
202000027102,2020-08-04 16:15:00,2020,8,4,16,15,59,59350,ARTS RUE DES           N°39 A FIN,50.63841,3.06639,Plein jour,En agglomération,Hors intersection,Normale,Autre collision,4,1,1,0,1,1,1,0,1,30,1,2,1,0,0,1,51.0,,utilitaire_camion,,1,2,1,1,6
202000027103,2020-11-04 19:15:00,2020,11,4,19,15,57,57306,SAINT-JEAN (AVENUE),49.35439,6.06324,Nuit avec éclairage allumé,En agglomération,Intersection en T,Normale,Deux véhicules - côté,4,2,2,0,2,1,1,0,1,50,2,2,1,0,0,1,26.0,32.0,voiture,voiture,5,2,3,1,3
202000027104,2020-08-05 14:45:00,2020,8,5,14,45,59,59043,PHILIPPE VAN TIEGHEM (RUE),50.73187,2.72771,Plein jour,En agglomération,Intersection en X,Normale,Deux véhicules - côté,4,-1,2,0,1,1,1,0,1,50,2,2,1,0,0,1,49.0,28.0,voiture,deux_roues,1,2,2,1,3
202000027105,2020-08-05 13:10:00,2020,8,5,13,10,51,51454,Boulevard Paul Doumer,49.2498215,4.0252414,Plein jour,En agglomération,Hors intersection,Normale,Deux véhicules - arrière,4,1,2,0,1,1,1,0,1,50,2,2,1,0,0,1,36.0,35.0,voiture,voiture,1,2,1,1,2
202000027106,2020-11-04 17:30:00,2020,11,4,17,30,56,56107,KERHOAS (RUE DE),47.72474,-3.38635,Plein jour,En agglomération,Giratoire,Temps éblouissant,Autre collision,4,2,2,0,1,3,1,0,1,50,1,2,1,0,0,1,77.0,,voiture,,1,2,6,7,6
202000027107,2020-04-08 19:49:00,2020,4,8,19,49,19,19275,PONTY (ROUTE DE),45.5496844,2.2787176,Plein jour,Hors agglomération,Hors intersection,Normale,Deux véhicules - frontale,3,2,2,0,2,1,1,0,1,90,2,2,0,0,0,2,28.0,30.0,voiture,voiture,1,1,1,1,1
202000027108,2020-11-04 18:15:00,2020,11,4,18,15,55,55545,LUXEMBOURG ( AVENUE DU ),49.16749,5.38689,Nuit avec éclairage allumé,En agglomération,Hors intersection,Normale,Autre collision,3,2,2,0,1,1,1,6,1,30,1,2,1,0,0,1,58.0,,voiture,,5,2,1,1,6
202000027109,2020-08-04 16:05:00,2020,8,4,16,5,50,50647,EUROPE (AVENUE DE L'),48.83889,-1.55984,Plein jour,En agglomération,Hors intersection,Normale,Deux véhicules - arrière,4,2,2,0,1,1,1,0,1,50,2,3,2,0,0,1,73.0,39.0,voiture,voiture,1,2,1,1,2
202000027110,2020-04-09 14:00:00,2020,4,9,14,0,13,13056,ROUTE DU PORT DE LAVERA,43.39475,5.01101,Plein jour,Hors agglomération,Hors intersection,Normale,Deux véhicules - arrière,3,1,2,1,1,2,1,0,1,50,2,2,1,0,0,1,75.0,42.0,deux_roues,utilitaire_camion,1,1,1,1,2
202000027111,2020-08-04 15:15:00,2020,8,4,15,15,49,49007,ATLANTIQUE  AVENUE DE L',47.464671,-0.5744,Plein jour,Hors agglomération,Hors intersection,Normale,Deux véhicules - frontale,3,3,4,0,1,1,1,0,1,90,2,2,1,0,0,1,36.0,55.0,autre,voiture,1,1,1,1,1
202000027112,2020-11-05 11:35:00,2020,11,5,11,35,51,51454,Place du Forum,49.2561708,4.033451,Plein jour,En agglomération,Intersection en X,Normale,Sans collision,4,1,2,1,1,1,1,5,1,30,1,2,1,0,1,0,21.0,,utilitaire_camion,,1,2,2,1,7
202000027113,2020-08-04 17:40:00,2020,8,4,17,40,41,41018,MAUNOURY (AVENUE DE MARECHAL),47.603154,1.349583,Plein jour,En agglomération,Intersection en X,Normale,,4,4,3,0,1,1,1,0,1,50,2,2,1,0,0,1,48.0,24.0,deux_roues,voiture,1,2,2,1,-1
202000027114,2020-08-05 22:10:00,2020,8,5,22,10,37,37261,FEBVOTTE (RUE),47.3789727,0.6913369,Nuit avec éclairage allumé,En agglomération,Hors intersection,Normale,Autre collision,4,2,2,0,1,1,1,0,1,50,1,1,0,0,0,1,29.0,,deux_roues,,5,2,1,1,6
202000027115,2020-08-05 17:15:00,2020,8,5,17,15,35,35238,159 rue de Lorient,48.10687,-1.72757,Plein jour,En agglomération,Hors intersection,Normale,Deux véhicules - arrière,2,2,6,0,1,1,1,0,1,50,2,3,2,0,0,1,48.0,43.0,voiture,utilitaire_camion,1,2,1,1,2
202000027116,2020-04-09 12:45:00,2020,4,9,12,45,75,75114,AVENUE DU GENERAL LECLERC,48.82959,2.328415,Plein jour,En agglomération,Intersection en X,Normale,Deux véhicules - arrière,4,2,1,3,1,1,1,0,1,50,2,3,2,0,0,1,30.0,31.0,voiture,deux_roues,1,2,2,1,2
202000027117,2020-11-05 08:35:00,2020,11,5,8,35,51,51573,Chemin des Femmes,49.2428462,3.9896173,Plein jour,En agglomération,Intersection en T,Normale,,4,2,2,0,2,1,1,0,1,50,3,4,3,0,0,1,44.0,27.0,voiture,voiture,1,2,3,1,-1
202000027118,2020-08-05 22:00:00,2020,8,5,22,0,34,34172,LIBERTE (AVENUE DE LA,43.59756,3.87505,Nuit avec éclairage allumé,En agglomération,Hors intersection,Normale,Deux véhicules - côté,4,2,4,0,1,1,1,0,1,50,2,3,2,0,0,1,50.0,28.0,voiture,voiture,5,2,1,1,3
202000027119,2020-08-05 10:40:00,2020,8,5,10,40,34,34129,PALAVAS D986 (ROUTE DE),43.56604,3.89475,Plein jour,Hors agglomération,Hors intersection,Normale,Autre collision,3,1,2,0,1,1,1,0,1,90,1,1,0,0,0,1,53.0,,voiture,,1,1,1,1,6
202000027120,2020-08-03 17:30:00,2020,8,3,17,30,34,34032,ROUTE DEPARTEMENTALE 612,43.3658,3.22632,Plein jour,En agglomération,Autre intersection,Normale,Deux véhicules - arrière,3,3,1,0,1,1,1,0,1,110,2,2,0,0,2,0,40.0,40.0,deux_roues,voiture,1,2,9,1,2
202000027121,2020-11-05 21:45:00,2020,11,5,21,45,44,44109,Rue de la Bastille,47.21958,-1.57151,Nuit avec éclairage allumé,En agglomération,Hors intersection,Normale,Sans collision,4,1,0,0,1,1,1,0,1,30,1,1,0,0,0,1,26.0,,deux_roues,,5,2,1,1,7
202000027122,2020-08-05 08:10:00,2020,8,5,8,10,33,33281,AVE PRESIDENT J.F. KEN/NEDY / AVE JEAN PERRIN,44.83448,-0.67115,Plein jour,En agglomération,Intersection en Y,Normale,Deux véhicules - côté,4,-1,3,0,1,1,1,0,1,50,2,2,1,0,0,1,43.0,47.0,utilitaire_camion,deux_roues,1,2,4,1,3
202000027123,2020-11-04 09:40:00,2020,11,4,9,40,41,41295,AVENUE DES NOELS,47.59669,1.37911,Plein jour,Hors agglomération,Intersection en Y,Brouillard / fumée,Deux véhicules - frontale,4,2,3,0,1,3,1,0,1,80,2,2,1,0,1,0,45.0,53.0,utilitaire_camion,voiture,1,1,4,5,1
202000027124,2020-04-08 22:23:00,2020,4,8,22,23,75,75115,RUE DE DANTZIG,48.833504,2.298692,Nuit avec éclairage allumé,En agglomération,Intersection en X,Normale,Autre collision,4,-1,2,0,2,1,1,0,1,50,1,1,0,0,1,0,52.0,,deux_roues,,5,2,2,1,6
202000027125,2020-11-04 19:10:00,2020,11,4,19,10,37,37261,MARECHAL JUIN (BD),47.4126286,0.7030307,Nuit avec éclairage allumé,En agglomération,Hors intersection,Normale,Autre collision,4,2,6,3,1,1,1,0,1,50,1,2,1,0,0,1,35.0,,voiture,,5,2,1,1,6
202000027126,2020-04-09 19:20:00,2020,4,9,19,20,75,75118,RUE PHILIPPE DE GIRARD,48.885263,2.361294,Plein jour,En agglomération,Hors intersection,Normale,Autre collision,4,1,1,0,1,1,1,0,1,50,1,2,1,0,0,1,42.0,,utilitaire_camion,,1,2,1,1,6
202000027127,2020-11-03 16:45:00,2020,11,3,16,45,37,37261,BELLINI (RUE),47.3669421,0.710189,Plein jour,En agglomération,Hors intersection,Normale,Autre collision,4,2,2,0,1,1,1,0,1,50,1,2,1,0,0,1,20.0,,voiture,,1,2,1,1,6
202000027128,2020-11-05 20:50:00,2020,11,5,20,50,35,35051,RENNES (RUE DE),48.11411,-1.62659,Nuit avec éclairage allumé,En agglomération,Hors intersection,Normale,Autre collision,4,1,4,3,1,1,1,0,4,50,1,1,0,0,1,0,23.0,,deux_roues,,5,2,1,1,6
202000027129,2020-04-08 22:30:00,2020,4,8,22,30,94,94081,PAUL VAILLANT COUTURIER (AV),48.7875,2.39058,Nuit avec éclairage allumé,En agglomération,Intersection en X,Normale,Deux véhicules - côté,3,2,2,0,1,1,1,0,1,30,2,2,1,0,0,1,38.0,23.0,voiture,deux_roues,5,2,2,1,3
202000027130,2020-04-08 18:39:00,2020,4,8,18,39,94,94078,REPUBLIQUE (AV DE LA),48.729319,2.44986,Plein jour,En agglomération,Hors intersection,Normale,Sans collision,3,2,2,0,1,3,1,0,1,30,1,1,0,0,1,0,28.0,,deux_roues,,1,2,1,1,7
202000027131,2020-04-09 09:15:00,2020,4,9,9,15,93,93066,BD DE LA LIBERATION,48.9242243,2.3425071,Plein jour,En agglomération,Hors intersection,Normale,Deux véhicules - côté,3,2,2,0,1,1,1,0,1,50,2,1,0,0,0,1,36.0,,voiture,,1,2,1,1,3
202000027132,2020-08-05 09:45:00,2020,8,5,9,45,33,33529,112 Boulevard de l'Ocean,44.62764,-1.20241,Plein jour,En agglomération,Hors intersection,Normale,Deux véhicules - frontale,3,2,4,2,1,1,1,-1,5,30,2,2,1,0,1,0,67.0,53.0,deux_roues,deux_roues,1,2,1,1,1
202000027133,2020-11-05 07:48:00,2020,11,5,7,48,34,34172,DUBOUT (AVENUE ALBERT),43.5969625,3.8834189,Plein jour,En agglomération,Hors intersection,Normale,Deux véhicules - côté,4,2,2,0,1,1,1,6,1,50,2,3,1,0,2,0,33.0,22.0,voiture,deux_roues,1,2,1,1,3
202000027134,2020-03-09 16:10:00,2020,3,9,16,10,92,92012,PONT DE SEVRES (ROND POINT DU),48.832093,2.253057,Crépuscule ou aube,En agglomération,Intersection en X,Normale,Deux véhicules - arrière,3,2,2,0,1,1,1,0,1,30,2,2,1,0,0,1,65.0,39.0,voiture,deux_roues,2,2,2,1,2
202000027135,2020-03-10 09:14:00,2020,3,10,9,14,974,97415,22 Chemin Labbe,-21.066155,55.280365,Plein jour,En agglomération,Hors intersection,Normale,Deux véhicules - frontale,9,2,2,0,2,1,1,0,1,50,2,1,0,0,1,0,18.0,,deux_roues,,1,2,1,1,1
202000027136,2020-08-04 22:10:00,2020,8,4,22,10,28,28134,DUNANT (RUE HENRI),48.73767,1.39121,Crépuscule ou aube,En agglomération,Hors intersection,Normale,Autre collision,6,-1,-1,0,1,1,1,9,8,30,1,1,0,0,1,0,,,,,2,2,1,1,6
202000027137,2020-08-04 17:10:00,2020,8,4,17,10,31,31555,AV DE LA GARONNETTE,43.59841,1.4407,Plein jour,En agglomération,Hors intersection,Normale,Sans collision,4,1,1,0,1,2,1,0,1,50,1,2,0,0,1,1,16.0,,deux_roues,,1,2,1,1,7
202000027138,2020-08-05 02:35:00,2020,8,5,2,35,29,29232,D100 - Bld Pointe du Van,48.0028771,-4.1395605,Nuit sans éclairage public,Hors agglomération,Hors intersection,Normale,Sans collision,3,1,4,0,3,3,1,0,3,90,1,1,0,0,0,1,26.0,,voiture,,3,1,1,1,7
202000027139,2020-11-05 08:55:00,2020,11,5,8,55,27,27701,SAINT PIERRE DU VAUVRAY (ANC CHEMIN,49.24021,1.192979,Plein jour,Hors agglomération,Hors intersection,Temps couvert,Trois véhicules et plus - collisions multiples,3,2,2,0,1,3,1,0,1,80,4,4,3,0,0,1,41.0,20.0,voiture,voiture,1,1,1,8,5
202000027140,2020-11-06 00:05:00,2020,11,6,0,5,14,14117,ALBERT SERGENT (AVENUE),49.29151,-0.12279,Nuit avec éclairage allumé,En agglomération,Intersection en X,Normale,Deux véhicules - côté,4,2,1,0,2,1,1,0,1,50,2,4,3,0,0,1,76.0,23.0,voiture,utilitaire_camion,5,2,2,1,3
202000027141,2020-04-09 12:55:00,2020,4,9,12,55,22,22370,D7,48.670276,-3.023279,Plein jour,Hors agglomération,Hors intersection,Normale,Sans collision,3,3,0,0,2,1,1,0,3,110,1,1,0,0,1,0,68.0,,voiture,,1,1,1,1,7
202000027142,2020-08-05 15:45:00,2020,8,5,15,45,27,27229,ROOSEVELT (RUE FRANKLIN DELANO),49.0221,1.152,Plein jour,En agglomération,Hors intersection,Normale,Deux véhicules - arrière,4,1,1,0,1,4,1,0,1,50,2,2,1,0,0,1,65.0,18.0,voiture,deux_roues,1,2,1,1,2
202000027143,2020-08-05 17:15:00,2020,8,5,17,15,24,24322,BOULEVARD GEORGESSAUMANDE,45.18813,0.72991,Plein jour,En agglomération,Hors intersection,Normale,Deux véhicules - côté,3,2,2,0,1,1,1,5,1,50,2,2,1,0,1,0,16.0,42.0,deux_roues,voiture,1,2,1,1,3
202000027144,2020-08-02 17:45:00,2020,8,2,17,45,22,22215,BOIS JOLI (RUE DU),48.47013,-2.80367,Plein jour,Hors agglomération,Hors intersection,Normale,Sans collision,3,2,2,0,1,1,1,0,3,50,1,1,0,0,1,0,60.0,,deux_roues,,1,1,1,1,7
202000027145,2020-04-10 11:50:00,2020,4,10,11,50,38,38226,Chemin du Serre Bertras,44.81,5.74237,Plein jour,En agglomération,Autre intersection,Normale,Sans collision,4,2,1,0,1,3,1,0,1,50,1,1,0,0,1,0,79.0,,utilitaire_camion,,1,2,9,1,7
202000027146,2020-07-31 15:35:00,2020,7,31,15,35,17,17333,JUIN (AVENUE MARECHAL),45.61203,-0.99077,Plein jour,En agglomération,Hors intersection,Normale,Autre collision,4,-1,2,0,1,1,1,9,1,30,1,2,1,0,0,1,72.0,,voiture,,1,2,1,1,6
202000027147,2020-11-05 20:45:00,2020,11,5,20,45,13,13213,OLIVES (AVENUE DES),43.32816,5.43438,Nuit avec éclairage allumé,En agglomération,Hors intersection,Normale,Deux véhicules - côté,4,2,3,0,1,1,1,0,1,50,2,2,1,0,0,1,20.0,24.0,voiture,voiture,5,2,1,1,3
202000027148,2020-08-04 10:30:00,2020,8,4,10,30,14,14366,SAINTE ANNE (BOULEVARD),49.14288,0.22535,Plein jour,En agglomération,Intersection en X,Normale,Autre collision,4,3,0,0,1,1,1,0,1,30,1,2,1,0,0,1,83.0,,voiture,,1,2,2,1,6
202000027149,2020-04-10 04:15:00,2020,4,10,4,15,59,59213,D643,50.153236,3.328643,Nuit sans éclairage public,Hors agglomération,Hors intersection,Normale,Sans collision,3,2,2,0,2,1,1,0,1,-1,1,2,0,1,1,0,28.0,,voiture,,3,1,1,1,7
202000027150,2020-11-05 17:15:00,2020,11,5,17,15,13,13207,CORSE (AVENUE DE LA),43.28929,5.35757,Crépuscule ou aube,En agglomération,Intersection en X,Normale,Deux véhicules - frontale,4,2,2,0,1,1,1,0,1,50,2,2,1,0,1,0,64.0,26.0,voiture,deux_roues,2,2,2,1,1
202000027151,2020-11-05 15:50:00,2020,11,5,15,50,13,13205,SAINT PIERRE (RUE),43.29066,5.42025,Plein jour,En agglomération,Hors intersection,Normale,Deux véhicules - frontale,4,2,2,0,2,1,1,0,1,50,2,2,1,0,0,1,45.0,60.0,deux_roues,voiture,1,2,1,1,1
202000027152,2020-04-09 22:00:00,2020,4,9,22,0,49,49228,La Petite Beauce (Meigné-le-Vicomte),47.511715,0.101135,Nuit sans éclairage public,Hors agglomération,Hors intersection,Normale,Autre collision,4,2,2,0,1,1,1,0,3,80,1,1,0,0,1,0,51.0,,voiture,,3,1,1,1,6
202000027153,2020-11-05 14:45:00,2020,11,5,14,45,13,13207,TELLENE (BOULEVARD),43.28501,5.3683,Plein jour,En agglomération,Hors intersection,Normale,Autre collision,4,2,2,0,2,2,1,0,1,50,1,1,0,0,0,1,64.0,,voiture,,1,2,1,1,6
202000027154,2020-04-08 19:45:00,2020,4,8,19,45,12,12142,D994,44.4024339,2.3551983,Plein jour,Hors agglomération,Hors intersection,Normale,Deux véhicules - frontale,3,2,2,0,2,2,1,0,1,80,2,3,1,0,0,2,55.0,55.0,utilitaire_camion,voiture,1,1,1,1,1
202000027155,2020-11-03 09:55:00,2020,11,3,9,55,08,08105,THEATRE RUE,49.773713,4.718788,Plein jour,En agglomération,Hors intersection,Normale,Autre collision,4,1,0,0,1,1,1,0,1,50,1,2,1,0,0,1,55.0,,voiture,,1,2,1,1,6
202000027156,2020-04-10 17:40:00,2020,4,10,17,40,41,41176,D122,47.517452,2.131981,Plein jour,Hors agglomération,Hors intersection,Normale,Autre collision,3,2,2,0,1,2,1,0,3,80,1,1,0,0,0,1,45.0,,voiture,,1,1,1,1,6
202000027157,2020-11-05 18:40:00,2020,11,5,18,40,75,75112,BOULEVARD PERIPHERIQUE,48.828471,2.397418,Nuit avec éclairage allumé,En agglomération,Hors intersection,Normale,Deux véhicules - côté,4,1,4,0,1,1,1,0,1,70,2,1,0,0,0,1,28.0,,deux_roues,,5,2,1,1,3
202000027158,2020-04-08 19:00:00,2020,4,8,19,0,29,29271,lieu dit kerscouejou,48.5651438,-4.148376,Plein jour,Hors agglomération,Hors intersection,Normale,Autre collision,4,2,1,0,1,1,1,0,1,-1,1,1,0,0,1,0,24.0,,voiture,,1,1,1,1,6
202000027159,2020-11-05 08:55:00,2020,11,5,8,55,75,75117,BOULEVARD PERIPHERIQUE,48.900673,2.326149,Plein jour,En agglomération,Hors intersection,Normale,Trois véhicules et plus - en chaîne,4,1,4,0,1,1,1,0,1,70,3,3,1,0,0,2,19.0,53.0,deux_roues,deux_roues,1,2,1,1,4
202000027160,2020-04-08 18:20:00,2020,4,8,18,20,29,29063,Lieu Dit Mespirit,48.0543934,-4.5715651,Plein jour,Hors agglomération,Hors intersection,Temps éblouissant,Sans collision,3,2,2,0,1,3,1,0,1,80,1,1,0,0,1,0,28.0,,deux_roues,,1,1,1,7,7
202000027161,2020-11-05 09:30:00,2020,11,5,9,30,75,75106,IMPASSE DE CONTI,48.85717,2.338596,Plein jour,En agglomération,Intersection en T,Normale,,4,1,1,0,1,1,1,0,1,50,2,3,2,0,0,1,22.0,70.0,voiture,voiture,1,2,3,1,-1
202000027162,2020-08-05 16:55:00,2020,8,5,16,55,14,14118,HAMELIN (QUAI AMIRAL),49.17924,-0.34885,Plein jour,En agglomération,Intersection en X,Normale,Deux véhicules - côté,4,2,3,0,1,1,1,0,1,50,2,2,1,0,0,1,35.0,36.0,voiture,deux_roues,1,2,2,1,3
202000027163,2020-11-05 13:15:00,2020,11,5,13,15,75,75119,RUE PETIT,48.88524,2.384605,Plein jour,En agglomération,Intersection en X,Normale,Autre collision,4,1,1,0,1,1,1,0,1,50,1,2,1,0,0,1,28.0,,utilitaire_camion,,1,2,2,1,6
202000027164,2020-04-10 00:10:00,2020,4,10,0,10,03,03033,1 Route des Etangs,46.1852823,3.4884755,Nuit avec éclairage non allumé,En agglomération,Intersection en X,Normale,Autre collision,3,2,2,0,1,1,1,0,8,50,1,1,0,0,1,0,33.0,,voiture,,4,2,2,1,6
202000027165,2020-08-05 16:00:00,2020,8,5,16,0,13,13208,DOCTEUR BERTRAND (RUE),43.246572,5.381482,Plein jour,En agglomération,Hors intersection,Normale,Autre collision,4,2,2,0,1,1,1,0,1,50,1,1,0,0,0,1,60.0,,voiture,,1,2,1,1,6
202000027166,2020-04-10 06:30:00,2020,4,10,6,30,05,05017,Chemin du Torrent des Tours,44.574519,6.169655,Plein jour,Hors agglomération,Intersection en T,Normale,Deux véhicules - côté,2,2,2,0,1,1,1,5,1,80,2,3,0,0,0,3,20.0,47.0,voiture,voiture,1,1,3,1,3
202000027167,2020-08-05 09:30:00,2020,8,5,9,30,13,13207,RAMPE SAINT MAURICE,43.29086,5.36359,Plein jour,En agglomération,Hors intersection,Normale,Autre collision,4,1,2,0,2,1,1,0,1,50,1,2,1,0,0,1,68.0,,voiture,,1,2,1,1,6
202000027168,2020-04-10 09:55:00,2020,4,10,9,55,37,37050,rue James Joule,47.3380897,0.7037777,Plein jour,En agglomération,Hors intersection,Normale,Sans collision,7,2,2,0,2,1,1,0,1,50,1,1,0,1,0,0,60.0,,deux_roues,,1,2,1,1,7
202000027169,2020-04-09 13:10:00,2020,4,9,13,10,978,97801,RN7,18.069294,-63.035318,Plein jour,En agglomération,Hors intersection,Temps éblouissant,Deux véhicules - frontale,2,2,1,0,1,1,1,0,3,50,2,2,0,1,1,0,23.0,,deux_roues,,1,2,1,7,1
202000027170,2020-08-05 01:00:00,2020,8,5,1,0,13,13208,MENDES FRANCE (AVENUE),43.25402,5.3762,Nuit avec éclairage allumé,En agglomération,Hors intersection,Normale,Deux véhicules - arrière,4,3,4,0,1,1,1,0,1,50,2,2,0,0,0,2,22.0,,voiture,,5,2,1,1,2
202000027171,2020-02-19 07:17:00,2020,2,19,7,17,83,83116,A8,43.463791,5.855069,Crépuscule ou aube,Hors agglomération,Hors intersection,Normale,Deux véhicules - arrière,1,1,3,3,1,1,1,0,1,130,2,3,2,0,0,1,49.0,22.0,utilitaire_camion,utilitaire_camion,2,1,1,1,2
202000027172,2020-11-05 09:45:00,2020,11,5,9,45,75,75119,RUE SIGMUND FREUD,48.882005,2.402498,Plein jour,En agglomération,Intersection en X,Normale,Deux véhicules - côté,4,2,2,0,1,1,1,0,1,30,2,2,1,0,0,1,18.0,44.0,deux_roues,utilitaire_camion,1,2,2,1,3
202000027173,2020-08-04 17:00:00,2020,8,4,17,0,13,13209,REDON (BOULEVARD DU),43.24967,5.42267,Plein jour,En agglomération,Autre intersection,Normale,Deux véhicules - côté,4,2,2,0,2,1,1,9,1,50,2,2,1,0,0,1,50.0,22.0,voiture,deux_roues,1,2,9,1,3