accident_id,datetime,annee,mois,jour,heure,minute,departement,commune_insee,adresse,latitude,longitude,luminosite,agglomeration,intersection,meteo,collision,catr,circ,nbv,vosp,prof,plan,surf,infra,situ,vma,nb_vehicules,nb_usagers,nb_indemnes,nb_tues,nb_blesses_hosp,nb_blesses_legers,age_cond_1,age_cond_2,veh_type_cond_1,veh_type_cond_2,lum_code,agg_code,int_code,atm_code,col_code
202000027174,2020-11-05 07:05:00,2020,11,5,7,5,75,75118,BOULEVARD NEY,48.898701,2.368367,Crépuscule ou aube,En agglomération,Intersection en T,Normale,Autre collision,4,2,2,0,1,1,1,0,1,50,1,2,1,0,0,1,40.0,,utilitaire_camion,,2,2,3,1,6
202000027175,2020-08-05 10:20:00,2020,8,5,10,20,13,13028,CD.559,43.192081,5.607261,Plein jour,En agglomération,Autre intersection,Normale,,3,3,3,0,1,1,1,0,1,50,2,1,0,0,0,1,59.0,,deux_roues,,1,2,9,1,-1
202000027176,2020-03-28 07:45:00,2020,3,28,7,45,971,97124,Rue des Boutons d'Or,16.020236,-61.712882,Plein jour,En agglomération,Hors intersection,Normale,Autre collision,4,2,2,0,2,1,1,0,1,50,1,2,1,0,1,0,66.0,,utilitaire_camion,,1,2,1,1,6
202000027177,2020-08-03 20:30:00,2020,8,3,20,30,13,13028,Rond-point de la locomotive,43.192073,5.604819,Plein jour,En agglomération,Hors intersection,Vent fort / tempête,Deux véhicules - arrière,3,1,2,0,1,2,1,3,1,50,2,2,1,0,1,0,25.0,45.0,voiture,voiture,1,2,1,6,2
202000027178,2020-11-05 11:40:00,2020,11,5,11,40,75,75117,AVENUE DE VILLIERS,48.885262,2.294794,Plein jour,En agglomération,Hors intersection,Normale,Deux véhicules - côté,4,2,2,0,1,1,1,0,1,50,2,2,1,0,0,1,33.0,30.0,utilitaire_camion,deux_roues,1,2,1,1,3
202000027179,2020-04-10 14:20:00,2020,4,10,14,20,45,45311,RD11 - PR4+970,47.8366601,2.2255562,Plein jour,En agglomération,Intersection en X,Normale,Deux véhicules - frontale,3,2,2,0,3,4,1,0,1,50,2,2,1,0,1,0,45.0,42.0,voiture,deux_roues,1,2,2,1,1
202000027180,2020-08-04 17:56:00,2020,8,4,17,56,10,10387,CHOMEDEY DE MAISONNEUVE (AVE),48.31509,4.06346,Plein jour,En agglomération,Giratoire,Normale,Deux véhicules - arrière,4,1,1,0,1,3,1,0,1,50,2,5,4,0,0,1,25.0,35.0,voiture,deux_roues,1,2,6,1,2
202000027181,2020-11-05 19:25:00,2020,11,5,19,25,75,75115,RUE LECOURBE,48.844514,2.30918,Nuit avec éclairage allumé,En agglomération,Intersection en T,Normale,Deux véhicules - côté,4,2,3,3,1,1,1,-1,6,30,2,2,1,0,0,1,48.0,41.0,voiture,deux_roues,5,2,3,1,3
202000027182,2020-03-29 15:00:00,2020,3,29,15,0,91,91461,route de limours,48.603517,2.211084,Plein jour,Hors agglomération,Hors intersection,Normale,Autre collision,3,2,2,0,1,1,1,0,3,80,1,1,0,0,1,0,30.0,,voiture,,1,1,1,1,6
202000027183,2020-08-04 17:17:00,2020,8,4,17,17,10,10387,JUMELAGES (RUE DES),48.30347,4.09477,Plein jour,En agglomération,Hors intersection,Normale,Autre collision,4,1,1,0,1,1,1,0,1,50,1,2,1,0,0,1,70.0,,voiture,,1,2,1,1,6
202000027184,2020-11-05 12:40:00,2020,11,5,12,40,75,75115,RUE ROUELLE,48.84919,2.290434,Plein jour,En agglomération,Hors intersection,Normale,Deux véhicules - côté,4,1,2,0,1,1,1,0,1,50,2,2,1,0,0,1,64.0,44.0,voiture,deux_roues,1,2,1,1,3
202000027185,2020-11-05 09:00:00,2020,11,5,9,0,75,75113,RUE DE TOLBIAC,48.826174,2.35792,Plein jour,En agglomération,Hors intersection,Normale,Deux véhicules - côté,4,2,3,0,2,1,1,0,1,50,2,2,0,0,0,2,48.0,56.0,deux_roues,deux_roues,1,2,1,1,3
202000027186,2020-11-05 15:30:00,2020,11,5,15,30,75,75112,BOULEVARD DIDEROT,48.84715,2.385007,Plein jour,En agglomération,Intersection en T,Normale,Autre collision,4,1,3,0,1,1,1,0,1,50,1,2,0,0,0,2,27.0,,deux_roues,,1,2,3,1,6
202000027187,2020-03-24 11:00:00,2020,3,24,11,0,34,34154,D189,43.617639,3.983102,Plein jour,Hors agglomération,Hors intersection,Normale,Deux véhicules - côté,3,2,2,0,1,3,1,0,1,70,2,2,1,0,1,0,64.0,40.0,deux_roues,voiture,1,1,1,1,3
202000027188,2020-08-05 21:40:00,2020,8,5,21,40,06,06069,SAINT LAURENT (AVENUE),43.679994,6.955919,Crépuscule ou aube,En agglomération,Hors intersection,Normale,Deux véhicules - côté,4,4,1,0,1,1,1,9,1,30,2,2,1,0,0,1,29.0,25.0,deux_roues,voiture,2,2,1,1,3
202000027189,2020-11-05 06:40:00,2020,11,5,6,40,75,75104,BOULEVARD BEAUMARCHAIS,48.854545,2.368808,Nuit avec éclairage allumé,En agglomération,Hors intersection,Normale,Autre collision,4,2,6,0,1,1,1,0,1,50,1,1,0,0,0,1,27.0,,deux_roues,,5,2,1,1,6
202000027190,2020-04-09 13:46:00,2020,4,9,13,46,57,57288,D73,49.18232,6.660385,Plein jour,En agglomération,Hors intersection,Normale,Deux véhicules - arrière,3,2,2,0,1,2,1,0,1,50,2,2,0,0,1,1,30.0,32.0,deux_roues,deux_roues,1,2,1,1,2
202000027191,2020-08-05 16:35:00,2020,8,5,16,35,06,06069,CAUVIN (AVENUE LOUIS),43.64203,6.95931,Crépuscule ou aube,En agglomération,Hors intersection,Normale,Sans collision,4,1,1,0,1,1,1,0,1,30,1,1,0,0,0,1,51.0,,deux_roues,,2,2,1,1,7
202000027192,2020-11-04 12:35:00,2020,11,4,12,35,94,94068,RABELAIS (BD),48.80654,2.47875,Plein jour,En agglomération,Intersection en X,Normale,Autre collision,3,2,2,0,1,2,1,0,6,50,1,2,1,0,0,1,48.0,,utilitaire_camion,,1,2,2,1,6
202000027193,2020-04-05 04:30:00,2020,4,5,4,30,07,07042,Avenue Albertine Maurin,44.3706488,4.6384991,Nuit sans éclairage public,En agglomération,Hors intersection,Normale,Autre collision,3,-1,2,0,2,2,1,0,8,50,1,1,0,0,1,0,31.0,,deux_roues,,3,2,1,1,6
202000027194,2020-11-05 20:55:00,2020,11,5,20,55,94,94018,4 R DU PONT,48.81785,2.41977,Nuit avec éclairage allumé,En agglomération,Hors intersection,Normale,Deux véhicules - côté,4,-1,2,0,1,3,1,0,1,50,2,2,1,0,0,1,49.0,33.0,voiture,deux_roues,5,2,1,1,3
202000027195,2020-08-05 08:52:00,2020,8,5,8,52,06,06069,RIOU (CHEMIN DU),43.666614,6.936449,Plein jour,En agglomération,Hors intersection,Normale,Deux véhicules - côté,3,3,2,0,1,4,1,0,1,50,2,2,1,0,0,1,27.0,24.0,voiture,voiture,1,2,1,1,3
202000027196,2020-04-09 09:20:00,2020,4,9,9,20,94,94038,AUTOROUTE A6B,48.77288,2.34554,Plein jour,Hors agglomération,Hors intersection,Normale,Autre collision,1,3,12,0,1,1,1,0,1,90,1,1,0,0,0,1,41.0,,voiture,,1,1,1,1,6
202000027197,2020-04-08 13:00:00,2020,4,8,13,0,93,93073,AUTOROUTE A104,48.96689,2.56063,Plein jour,Hors agglomération,Hors intersection,Normale,Autre collision,1,3,6,0,1,1,1,0,1,110,1,1,0,0,0,1,24.0,,voiture,,1,1,1,1,6
202000027198,2020-11-05 17:40:00,2020,11,5,17,40,94,94076,MAXIME GORKI (BD),48.791586,2.369437,Nuit avec éclairage allumé,En agglomération,Intersection en T,Normale,Sans collision,3,2,2,2,1,1,1,0,5,50,1,1,0,0,0,1,30.0,,deux_roues,,5,2,3,1,7
202000027199,2020-08-04 16:47:00,2020,8,4,16,47,06,06027,GAUDE AVENUE DE LA,43.682441,7.149468,Plein jour,Hors agglomération,Hors intersection,Normale,Deux véhicules - frontale,4,2,1,0,2,2,1,0,1,90,2,2,1,0,0,1,48.0,43.0,deux_roues,voiture,1,1,1,1,1
202000027200,2020-04-09 14:00:00,2020,4,9,14,0,94,94073,A86 EXT,48.7683,2.37887,Plein jour,Hors agglomération,Hors intersection,Normale,Sans collision,1,3,3,0,1,3,1,0,1,90,1,2,0,0,1,1,24.0,,deux_roues,,1,1,1,1,7
202000027201,2020-11-05 17:35:00,2020,11,5,17,35,94,94037,GABRIEL PERI (R),48.807293,2.346709,Nuit avec éclairage allumé,En agglomération,Hors intersection,Normale,Deux véhicules - frontale,3,2,2,0,2,4,1,0,1,30,2,2,1,0,0,1,73.0,24.0,voiture,deux_roues,5,2,1,1,1
202000027202,2020-10-03 09:45:00,2020,10,3,9,45,93,93027,AUTOROUTE A86,48.92853,2.41356,Plein jour,Hors agglomération,Hors intersection,Normale,Autre collision,1,-1,3,0,2,2,2,0,2,70,1,2,0,0,0,2,19.0,,voiture,,1,1,1,1,6
202000027203,2020-01-31 07:42:00,2020,1,31,7,42,45,45208,RUE DU CHATEAU,47.998951,2.729041,Crépuscule ou aube,En agglomération,Hors intersection,Pluie légère,Deux véhicules - frontale,4,2,2,0,2,1,2,0,1,30,2,2,1,0,0,1,12.0,67.0,deux_roues,voiture,2,2,1,2,1
202000027204,2020-08-05 09:50:00,2020,8,5,9,50,75,75112,ECHANGEUR BERCY,48.827727,2.394626,Plein jour,En agglomération,Intersection en Y,Normale,Deux véhicules - arrière,4,1,2,0,2,3,1,0,1,50,2,2,1,0,0,1,30.0,27.0,voiture,deux_roues,1,2,4,1,2
202000027205,2020-11-05 08:30:00,2020,11,5,8,30,94,94073,REPUBLIQUE (AV DE LA),48.7678,2.39445,Plein jour,En agglomération,Hors intersection,Normale,Autre collision,3,2,2,0,1,1,1,0,1,50,1,2,1,0,0,1,34.0,,utilitaire_camion,,1,2,1,1,6
202000027206,2020-01-21 08:30:00,2020,1,21,8,30,74,74305,VOIRONS (RUE DES),46.20235,6.25676,Plein jour,En agglomération,Hors intersection,Normale,Deux véhicules - arrière,3,1,3,0,1,1,1,0,1,50,2,2,1,0,0,1,50.0,28.0,voiture,voiture,1,2,1,1,2
202000027207,2020-10-02 19:40:00,2020,10,2,19,40,95,95042,RN 104,49.061926,2.318664,Nuit sans éclairage public,Hors agglomération,Hors intersection,Pluie légère,Deux véhicules - arrière,2,3,4,0,1,1,2,0,1,110,2,3,2,0,0,1,25.0,49.0,voiture,voiture,3,1,1,2,2
202000027208,2020-11-04 23:45:00,2020,11,4,23,45,94,94017,61 Avenue Marx Dormoy,48.808252,2.525088,Nuit avec éclairage allumé,En agglomération,Hors intersection,Normale,Autre collision,3,1,2,0,2,3,1,9,1,50,1,1,0,1,0,0,22.0,,deux_roues,,5,2,1,1,6
202000027209,2020-08-03 09:35:00,2020,8,3,9,35,75,75120,BOULEVARD PERIPHERIQUE,48.851873,2.414958,Plein jour,En agglomération,Hors intersection,Normale,Deux véhicules - arrière,4,1,4,0,1,1,1,0,1,70,2,2,1,0,0,1,46.0,27.0,voiture,deux_roues,1,2,1,1,2
202000027210,2020-11-04 13:15:00,2020,11,4,13,15,94,94002,JEAN BAPTISTE CLEMENT (QU),48.79611,2.42208,Plein jour,En agglomération,Hors intersection,Normale,Deux véhicules - frontale,3,-1,2,1,1,1,1,0,5,25,2,2,0,0,0,2,45.0,26.0,deux_roues,deux_roues,1,2,1,1,1
202000027211,2020-10-03 08:40:00,2020,10,3,8,40,93,93078,AUTOROUTE A104,48.9633673,2.5213299,Plein jour,Hors agglomération,Hors intersection,Normale,Autre collision,1,3,6,0,1,2,2,2,1,90,1,1,0,0,0,1,35.0,,voiture,,1,1,1,1,6
202000027212,2020-11-04 08:45:00,2020,11,4,8,45,93,93066,LENINE (AVENUE) NR 2 A 26,48.9419,2.36565,Plein jour,En agglomération,Autre intersection,Normale,Autre collision,3,3,4,0,1,1,1,5,1,50,1,2,1,0,0,1,40.0,,utilitaire_camion,,1,2,9,1,6
202000027213,2020-08-04 23:10:00,2020,8,4,23,10,75,75116,AVENUE HENRI MARTIN,48.863867,2.271978,Nuit avec éclairage allumé,En agglomération,Intersection en X,Normale,Autre collision,4,1,2,0,1,1,1,0,1,50,1,1,0,0,1,0,27.0,,deux_roues,,5,2,2,1,6
202000027214,2020-04-08 14:15:00,2020,4,8,14,15,91,91589,DUNANT (RUE HENRI),48.679927,2.342266,Plein jour,En agglomération,Intersection en T,Normale,Deux véhicules - côté,3,3,2,0,1,1,1,0,1,50,2,2,1,0,0,1,28.0,31.0,deux_roues,utilitaire_camion,1,2,3,1,3
202000027215,2020-10-03 05:30:00,2020,10,3,5,30,92,92036,AUTOROUTE A15,48.9494783,2.2805791,Nuit sans éclairage public,Hors agglomération,Hors intersection,Normale,Deux véhicules - arrière,1,3,4,0,1,3,2,2,1,90,2,2,1,0,0,1,42.0,46.0,utilitaire_camion,utilitaire_camion,3,1,1,1,2
202000027216,2020-08-05 09:35:00,2020,8,5,9,35,75,75119,RUE DE BELLEVILLE,48.873538,2.38354,Plein jour,En agglomération,Hors intersection,Normale,Autre collision,4,2,2,3,2,1,1,0,1,50,1,1,0,0,0,1,30.0,,deux_roues,,1,2,1,1,6
202000027217,2020-11-05 08:50:00,2020,11,5,8,50,93,93077,TOUR (ALLEE DE LA),48.8968554,2.5041457,Plein jour,En agglomération,Autre intersection,Normale,Deux véhicules - côté,4,1,2,0,1,1,1,0,1,50,2,2,0,0,0,2,37.0,43.0,voiture,voiture,1,2,9,1,3
202000027218,2020-11-05 14:55:00,2020,11,5,14,55,93,93053,JULES FERRY (RUE),48.8941263,2.4706917,Plein jour,En agglomération,Intersection en T,Normale,Trois véhicules et plus - en chaîne,3,2,2,0,1,1,1,2,1,50,3,3,2,0,0,1,30.0,39.0,deux_roues,voiture,1,2,3,1,4
202000027219,2020-04-08 04:40:00,2020,4,8,4,40,91,91223,VICTOIRE (ROND-POINT DE LA),48.437203,2.163447,Nuit avec éclairage allumé,En agglomération,Giratoire,Normale,Deux véhicules - côté,4,2,1,0,2,1,1,0,1,50,2,2,1,0,1,0,33.0,50.0,deux_roues,voiture,5,2,6,1,3
202000027220,2020-10-03 05:45:00,2020,10,3,5,45,95,95572, A15,49.0328358,2.1080398,Nuit sans éclairage public,Hors agglomération,Hors intersection,Pluie légère,,1,3,7,3,2,1,2,0,1,90,2,2,0,0,0,2,31.0,29.0,voiture,voiture,3,1,1,2,-1
202000027221,2020-11-05 12:35:00,2020,11,5,12,35,93,93001,AV DE LA REPUBLIQUE,48.91434,2.38172,Plein jour,En agglomération,Hors intersection,Normale,Autre collision,3,3,3,3,1,1,1,0,1,50,1,1,0,0,1,0,,,,,1,2,1,1,6
202000027222,2020-08-05 19:30:00,2020,8,5,19,30,75,75118,AVENUE DE LA PORTE DE LA CHAPELLE,48.898707,2.359361,Plein jour,En agglomération,Intersection en X,Normale,Deux véhicules - côté,4,1,3,1,1,1,1,-1,5,50,2,2,1,0,0,1,53.0,49.0,deux_roues,deux_roues,1,2,2,1,3
202000027223,2020-10-02 23:15:00,2020,10,2,23,15,95,95394, A115,49.0489059,2.1820867,Nuit avec éclairage non allumé,Hors agglomération,Hors intersection,Pluie légère,Autre collision,1,-1,2,0,2,2,2,0,1,70,1,1,0,0,0,1,35.0,,voiture,,4,1,1,2,6
202000027224,2020-04-07 17:45:00,2020,4,7,17,45,86,86194,Rue Olivier de Serres,46.596255,0.329731,Plein jour,En agglomération,Intersection en T,Normale,Deux véhicules - côté,4,2,2,0,1,1,1,0,1,50,2,1,0,0,0,1,19.0,,deux_roues,,1,2,3,1,3
202000027225,2020-11-04 13:30:00,2020,11,4,13,30,92,92019,SALENGRO ROGER (AVENUE),48.7740345,2.2769229,Nuit avec éclairage allumé,En agglomération,Hors intersection,Normale,,3,2,2,0,1,1,1,0,1,50,2,2,1,0,0,1,26.0,30.0,deux_roues,voiture,5,2,1,1,-1
202000027226,2020-11-05 13:15:00,2020,11,5,13,15,92,92020,PARIS AVENUE DE N°84 A FIN,48.806723,2.293424,Plein jour,En agglomération,Hors intersection,Normale,Autre collision,3,1,1,0,2,1,1,0,1,50,1,2,1,0,0,1,64.0,,utilitaire_camion,,1,2,1,1,6
202000027227,2020-08-05 19:30:00,2020,8,5,19,30,75,75117,BOULEVARD PEREIRE,48.877385,2.284052,Plein jour,En agglomération,Intersection en X,Normale,Autre collision,4,1,1,0,1,1,1,0,1,30,1,1,0,0,0,1,,,,,1,2,2,1,6
202000027228,2020-04-08 12:55:00,2020,4,8,12,55,83,83137,ILES D'OR (AVE DES),43.1302,5.9764,Plein jour,En agglomération,Intersection en X,Normale,Deux véhicules - côté,4,2,1,0,1,1,1,0,1,50,2,2,1,0,1,0,38.0,36.0,deux_roues,utilitaire_camion,1,2,2,1,3
202000027229,2020-10-02 18:50:00,2020,10,2,18,50,93,93005,AUTOROUTE A3,48.924297,2.4808533,Plein jour,Hors agglomération,Hors intersection,Pluie légère,Deux véhicules - côté,1,3,6,0,1,1,2,0,8,90,2,2,1,0,0,1,20.0,26.0,voiture,deux_roues,1,1,1,2,3
202000027230,2020-11-05 18:42:00,2020,11,5,18,42,92,92040,GENERAL DE GAULLE (AVE DU) 87 A 127,48.818245,2.277231,Nuit avec éclairage allumé,En agglomération,Hors intersection,Normale,Deux véhicules - frontale,3,2,2,0,1,1,1,0,1,50,2,2,1,0,0,1,53.0,18.0,deux_roues,deux_roues,5,2,1,1,1
202000027231,2020-04-03 22:25:00,2020,4,3,22,25,83,83069,BELLEVUE (CHEMIN DE ),43.12666,6.14682,Nuit avec éclairage allumé,En agglomération,Hors intersection,Normale,Sans collision,4,2,2,0,2,4,1,0,1,50,1,1,0,0,1,0,22.0,,autre,,5,2,1,1,7
202000027232,2020-08-03 17:00:00,2020,8,3,17,0,75,75116,BOULEVARD MURAT,48.845321,2.257552,Plein jour,En agglomération,Intersection en X,Normale,Deux véhicules - côté,4,3,2,0,1,1,1,0,1,50,2,2,1,0,1,0,47.0,41.0,utilitaire_camion,deux_roues,1,2,2,1,3
202000027233,2020-11-05 10:40:00,2020,11,5,10,40,92,92040,MAXIMILIEN ROBESPIERRE,48.8205213,2.2690952,Plein jour,En agglomération,Autre intersection,Normale,Sans collision,4,-1,0,0,2,1,1,0,1,30,1,1,0,0,0,1,75.0,,deux_roues,,1,2,9,1,7
202000027234,2020-04-07 14:45:00,2020,4,7,14,45,71,71153,Rue Baptiste Marcet,46.7975706,4.4333251,Plein jour,En agglomération,Autre intersection,Normale,Deux véhicules - côté,3,2,2,0,1,1,1,0,1,50,2,3,2,0,0,1,82.0,65.0,voiture,voiture,1,2,9,1,3
202000027235,2020-10-02 12:20:00,2020,10,2,12,20,93,93053,AUTOROUTE A103,48.8842,2.4711,Plein jour,Hors agglomération,Hors intersection,Pluie légère,Trois véhicules et plus - en chaîne,1,3,2,0,2,2,2,0,1,70,4,4,3,0,0,1,20.0,65.0,voiture,voiture,1,1,1,2,4
202000027236,2020-11-05 09:10:00,2020,11,5,9,10,92,92040,VICTOR HUGO,48.8281643,2.2735403,Plein jour,En agglomération,Hors intersection,Normale,Autre collision,4,1,0,0,1,1,1,0,4,5,1,2,1,0,0,1,60.0,,deux_roues,,1,2,1,1,6
202000027237,2020-08-05 02:30:00,2020,8,5,2,30,75,75114,RUE RAYMOND LOSSERAND,48.833432,2.31716,Nuit avec éclairage allumé,En agglomération,Intersection en T,Normale,Deux véhicules - côté,4,1,1,0,1,1,1,0,1,50,2,2,1,0,0,1,34.0,34.0,deux_roues,voiture,5,2,3,1,3
202000027238,2020-04-08 13:50:00,2020,4,8,13,50,69,69266,EMILE ZOLA     (Cours),45.7681717,4.8869565,Plein jour,En agglomération,Intersection en T,Normale,Deux véhicules - côté,4,1,2,1,1,1,1,0,1,30,2,2,1,0,0,1,18.0,39.0,deux_roues,voiture,1,2,3,1,3
202000027239,2020-10-02 11:25:00,2020,10,2,11,25,93,93008,AUTOROUTE A86,48.90877,2.44963,Plein jour,Hors agglomération,Hors intersection,Pluie légère,Deux véhicules - côté,1,3,6,0,1,1,2,1,1,90,2,2,1,0,0,1,46.0,52.0,voiture,utilitaire_camion,1,1,1,2,3
202000027240,2020-08-05 10:40:00,2020,8,5,10,40,75,75113,BOULEVARD DE L HOPITAL,48.838854,2.361001,Plein jour,En agglomération,Intersection en X,Normale,Deux véhicules - côté,4,2,2,0,2,1,1,0,1,50,2,2,1,0,0,1,20.0,42.0,deux_roues,utilitaire_camion,1,2,2,1,3
202000027241,2020-03-30 10:00:00,2020,3,30,10,0,69,69264,BLANC  LOUIS  BD,45.98852,4.72149,Plein jour,En agglomération,Hors intersection,Normale,Autre collision,4,1,2,0,1,1,1,0,1,50,1,1,0,0,0,1,52.0,,voiture,,1,2,1,1,6
202000027242,2020-11-05 06:05:00,2020,11,5,6,5,92,92036,MARCEL PAUL (AVENUE) (2/50),48.938571,2.3041357,Nuit avec éclairage allumé,En agglomération,Hors intersection,Normale,Deux véhicules - côté,3,3,6,0,1,1,1,0,1,50,2,2,1,0,0,1,38.0,36.0,voiture,utilitaire_camion,5,2,1,1,3
202000027243,2020-01-04 18:45:00,2020,1,4,18,45,69,69266,LAURENT BONNEVAY    (Boulevard),45.78735,4.8857,Nuit avec éclairage allumé,En agglomération,Hors intersection,Normale,Trois véhicules et plus - en chaîne,4,3,2,0,1,1,1,0,1,50,3,7,6,0,0,1,19.0,81.0,voiture,voiture,5,2,1,1,4
202000027244,2020-08-04 19:45:00,2020,8,4,19,45,75,75112,QUAI DE LA RAPEE,48.843435,2.3707,Plein jour,En agglomération,Intersection en X,Normale,Deux véhicules - côté,4,2,3,1,1,1,1,-1,5,50,2,1,0,0,0,1,27.0,,deux_roues,,1,2,2,1,3
202000027245,2020-04-08 08:00:00,2020,4,8,8,0,67,67447,30 Avenue de l'Europe,48.61542,7.71899,Plein jour,En agglomération,Hors intersection,Normale,Deux véhicules - côté,4,2,0,1,1,1,1,0,5,50,2,2,1,0,0,1,62.0,54.0,deux_roues,voiture,1,2,1,1,3
202000027246,2020-08-05 19:00:00,2020,8,5,19,0,75,75110,RUE D ABBEVILLE,48.878555,2.35054,Plein jour,En agglomération,Intersection en Y,Normale,Deux véhicules - côté,4,1,0,0,2,1,1,0,1,50,2,2,1,0,0,1,48.0,42.0,voiture,deux_roues,1,2,4,1,3
202000027247,2020-11-05 15:30:00,2020,11,5,15,30,92,92024,FRANCOIS MITERRAND (PLACE),48.9030112,2.3126999,Plein jour,En agglomération,Giratoire,Normale,Deux véhicules - côté,3,1,1,0,1,2,1,5,1,30,2,2,1,0,0,1,25.0,40.0,deux_roues,voiture,1,2,6,1,3
202000027248,2020-10-02 05:55:00,2020,10,2,5,55,976,97611,m'tsapere-Nationale 2 (route),-12.8078156,45.2045326,Plein jour,En agglomération,Hors intersection,Normale,Deux véhicules - arrière,2,2,2,0,1,1,1,0,1,50,2,2,0,0,0,2,33.0,31.0,deux_roues,deux_roues,1,2,1,1,2
202000027249,2020-08-05 12:57:00,2020,8,5,12,57,75,75108,PLACE DE LA MADELEINE,48.870941,2.324371,Plein jour,En agglomération,Place,Normale,Sans collision,4,1,2,0,1,2,1,0,1,50,1,1,0,0,0,1,48.0,,deux_roues,,1,2,7,1,7
202000027250,2020-03-02 17:25:00,2020,3,2,17,25,61,61169,11EME DB (RUE DE LA),48.750792,-0.567611,Plein jour,En agglomération,Intersection en T,Normale,Deux véhicules - côté,3,2,2,0,1,1,1,0,1,50,2,2,1,0,1,0,17.0,44.0,deux_roues,voiture,1,2,3,1,3
202000027251,2020-11-04 11:00:00,2020,11,4,11,0,92,92004,ROBERT DUPONT,48.9193606,2.2804959,Plein jour,Hors agglomération,Autre intersection,Normale,Autre collision,3,2,2,0,1,1,1,0,1,50,1,2,1,0,0,1,55.0,,voiture,,1,1,9,1,6
202000027252,2020-10-02 08:30:00,2020,10,2,8,30,974,97411,Boulevard Jean Jaurès,-20.889442,55.450648,Plein jour,En agglomération,Intersection en X,Normale,Deux véhicules - côté,2,1,1,1,1,1,1,0,1,50,2,2,1,0,0,1,28.0,64.0,deux_roues,voiture,1,2,2,1,3
202000027253,2020-04-03 13:24:00,2020,4,3,13,24,56,56098,ARAGO (RUE  DOMINIQUE ),47.78297,-3.33863,Plein jour,En agglomération,Giratoire,Normale,Autre collision,4,1,1,0,1,1,1,0,1,50,1,1,0,0,0,1,29.0,,deux_roues,,1,2,6,1,6
202000027254,2020-11-06 16:15:00,2020,11,6,16,15,35,35219,RD 177,47.776152,-1.930528,Plein jour,Hors agglomération,Hors intersection,Normale,Deux véhicules - frontale,3,3,4,0,1,4,1,8,1,50,2,3,0,1,2,0,62.0,78.0,utilitaire_camion,voiture,1,1,1,1,1
202000027255,2020-08-05 20:50:00,2020,8,5,20,50,75,75107,QUAI BRANLY,48.861925,2.29884,Plein jour,En agglomération,Hors intersection,Normale,Deux véhicules - côté,4,2,4,1,1,1,1,-1,5,50,2,2,1,0,0,1,47.0,49.0,deux_roues,deux_roues,1,2,1,1,3
202000027256,2020-04-07 20:20:00,2020,4,7,20,20,37,37261,GRAMMONT (AVENUE DE),47.3784277,0.6937076,Crépuscule ou aube,En agglomération,Intersection en X,Normale,Deux véhicules - côté,3,3,1,0,1,1,1,0,1,50,2,2,1,0,0,1,33.0,25.0,voiture,deux_roues,2,2,2,1,3
202000027257,2020-11-06 13:20:00,2020,11,6,13,20,80,80016,Intermarché (Supermarché),49.994549,2.660791,Plein jour,En agglomération,Autre intersection,Normale,Sans collision,6,-1,-1,0,1,1,1,6,8,-1,1,1,0,0,0,1,15.0,,deux_roues,,1,2,9,1,7
202000027258,2020-10-02 07:00:00,2020,10,2,7,0,973,97302,UNIVERSITE CHICAGO (RUE DE),4.933299,-52.2992349,Crépuscule ou aube,En agglomération,Intersection en T,Pluie légère,Deux véhicules - côté,4,2,1,0,1,1,2,0,1,50,2,2,1,0,0,1,36.0,22.0,deux_roues,voiture,2,2,3,2,3
202000027259,2020-04-08 12:00:00,2020,4,8,12,0,31,31555,RUE DU FAUBOURG BONNEFOY,43.6160236,1.453165,Plein jour,En agglomération,Hors intersection,Pluie légère,Deux véhicules - côté,3,2,2,0,1,1,2,0,1,50,2,2,1,0,0,1,48.0,51.0,deux_roues,voiture,1,2,1,2,3
202000027260,2020-04-07 20:00:00,2020,4,7,20,0,31,31555,LATTRE DE TASSIGNY (AV DU MARECHAL DE) D,43.58025,1.43762,Crépuscule ou aube,En agglomération,Hors intersection,Normale,Autre collision,4,2,4,0,1,1,1,0,1,50,1,1,0,0,1,0,,,,,2,2,1,1,6
202000027261,2020-11-06 07:50:00,2020,11,6,7,50,80,80129,D938,50.01331,2.624917,Plein jour,Hors agglomération,Hors intersection,Normale,Autre collision,3,2,1,0,1,1,1,0,3,80,1,5,2,0,2,1,25.0,,voiture,,1,1,1,1,6
202000027262,2020-04-08 06:30:00,2020,4,8,6,30,13,13205,SAINT PIERRE (RUE),43.292878,5.403916,Crépuscule ou aube,En agglomération,Hors intersection,Normale,Deux véhicules - arrière,4,2,2,0,1,1,1,0,1,50,2,2,1,0,0,1,24.0,54.0,voiture,transport_commun,2,2,1,1,2
202000027263,2020-10-02 10:30:00,2020,10,2,10,30,69,69383,DOCTEUR BOUCHUT (DU)                (R ),45.759424,4.8545569,Plein jour,En agglomération,Hors intersection,Pluie légère,Autre collision,4,2,2,1,1,1,1,0,1,50,1,2,1,0,0,1,77.0,,deux_roues,,1,2,1,2,6
202000027264,2020-08-05 09:00:00,2020,8,5,9,0,75,75103,PLACE DE LA REPUBLIQUE,48.867338,2.363343,Plein jour,En agglomération,Intersection en T,Normale,Deux véhicules - arrière,4,1,4,0,1,1,1,0,1,50,2,2,1,0,0,1,50.0,55.0,deux_roues,voiture,1,2,3,1,2
202000027265,2020-11-06 15:10:00,2020,11,6,15,10,87,87002,Avenue Francois Mitterrand,45.952998,1.39933,Plein jour,En agglomération,Intersection en X,Normale,Deux véhicules - arrière,3,2,2,0,2,1,1,0,1,50,2,3,1,0,1,1,39.0,21.0,utilitaire_camion,deux_roues,1,2,2,1,2