accident_id,datetime,annee,mois,jour,heure,minute,departement,commune_insee,adresse,latitude,longitude,luminosite,agglomeration,intersection,meteo,collision,catr,circ,nbv,vosp,prof,plan,surf,infra,situ,vma,nb_vehicules,nb_usagers,nb_indemnes,nb_tues,nb_blesses_hosp,nb_blesses_legers,age_cond_1,age_cond_2,veh_type_cond_1,veh_type_cond_2,lum_code,agg_code,int_code,atm_code,col_code
202000027266,2020-04-08 09:30:00,2020,4,8,9,30,10,10343,CHATEAU DES COURS (RUE DU),48.27199,4.09081,Plein jour,En agglomération,Giratoire,Normale,Deux véhicules - côté,4,2,3,2,1,2,1,0,1,50,2,2,1,0,0,1,69.0,64.0,voiture,deux_roues,1,2,6,1,3
202000027267,2020-08-05 07:15:00,2020,8,5,7,15,94,94081,YOURI GAGARINE (AV),48.78613,2.39189,Plein jour,En agglomération,Autre intersection,Normale,Deux véhicules - côté,3,-1,1,0,1,1,1,8,8,50,2,3,0,0,1,2,26.0,41.0,utilitaire_camion,utilitaire_camion,1,2,9,1,3
202000027268,2020-10-02 02:50:00,2020,10,2,2,50,69,69383,BARABAN (R),45.7613,4.86827,Nuit avec éclairage allumé,En agglomération,Intersection en X,Normale,Deux véhicules - côté,4,2,2,0,1,1,1,0,1,50,2,6,0,1,5,0,28.0,18.0,voiture,voiture,5,2,2,1,3
202000027269,2020-11-05 19:07:00,2020,11,5,19,7,43,43076,D201,45.322326,3.65171,Nuit sans éclairage public,Hors agglomération,Hors intersection,Brouillard / fumée,Autre collision,3,2,2,0,1,3,1,0,3,80,1,1,0,0,1,0,37.0,,voiture,,3,1,1,5,6
202000027270,2020-04-08 19:40:00,2020,4,8,19,40,75,75117,PORTE DE CHAMPERRET,48.885193,2.287302,Plein jour,En agglomération,Hors intersection,Normale,Deux véhicules - arrière,4,1,4,0,1,1,1,1,1,70,2,2,1,0,0,1,21.0,21.0,deux_roues,deux_roues,1,2,1,1,2
202000027271,2020-08-04 13:45:00,2020,8,4,13,45,94,94067,GENERAL LECLERC (CENTRE (PL DU),48.84671,2.41768,Plein jour,En agglomération,Intersection en X,Normale,Deux véhicules - côté,3,2,2,1,1,1,1,0,1,50,2,2,0,0,0,2,61.0,24.0,deux_roues,deux_roues,1,2,2,1,3
202000027272,2020-10-02 07:10:00,2020,10,2,7,10,972,97213,NELSON MANDELA,14.61255,-60.99787,Plein jour,En agglomération,Hors intersection,Pluie légère,Deux véhicules - côté,3,2,2,0,1,1,2,0,1,50,2,2,1,0,0,1,63.0,18.0,voiture,deux_roues,1,2,1,2,3
202000027273,2020-11-04 12:06:00,2020,11,4,12,6,11,11203,RD611,43.182203,2.747998,Plein jour,En agglomération,Hors intersection,Normale,Deux véhicules - côté,3,2,2,0,1,1,1,0,1,50,2,2,1,0,1,0,31.0,30.0,deux_roues,voiture,1,2,1,1,3
202000027274,2020-04-08 17:15:00,2020,4,8,17,15,75,75118,RUE FEUTRIER,48.886968,2.346043,Plein jour,En agglomération,Hors intersection,Normale,Autre collision,4,1,1,0,2,1,1,0,4,50,1,1,0,0,0,1,42.0,,deux_roues,,1,2,1,1,6
202000027275,2020-10-02 17:34:00,2020,10,2,17,34,972,97209,RD 41 (ROCADE),14.61345,-61.0762,Crépuscule ou aube,Hors agglomération,Hors intersection,Pluie légère,Autre collision,3,3,4,0,1,3,2,2,1,60,1,1,0,0,0,1,21.0,,voiture,,2,1,1,2,6
202000027276,2020-08-04 18:20:00,2020,8,4,18,20,94,94068,CHANZY (AV),48.790092,2.518283,Plein jour,En agglomération,Intersection en T,Normale,Sans collision,4,1,1,0,1,1,1,0,1,50,1,1,0,0,0,1,27.0,,deux_roues,,1,2,3,1,7
202000027277,2020-11-05 17:03:00,2020,11,5,17,3,56,56010,Guernalain,47.8702368,-3.061028,Plein jour,Hors agglomération,Hors intersection,Normale,Autre collision,2,1,1,0,2,3,1,3,1,70,1,1,0,1,0,0,33.0,,voiture,,1,1,1,1,6
202000027278,2020-04-08 15:38:00,2020,4,8,15,38,75,75115,AVENUE FELIX FAURE,48.836919,2.278758,Plein jour,En agglomération,Place,Normale,Autre collision,4,2,2,0,1,1,1,0,1,50,1,1,0,0,0,1,,,,,1,2,7,1,6
202000027279,2020-10-02 10:30:00,2020,10,2,10,30,972,97209,BEAUSEJOUR JAMBETTE (ROUTE),14.643262,-61.043574,Plein jour,En agglomération,Hors intersection,Normale,Deux véhicules - frontale,3,2,1,0,1,1,1,0,1,50,2,2,0,0,0,2,33.0,49.0,voiture,voiture,1,2,1,1,1
202000027280,2020-08-04 16:50:00,2020,8,4,16,50,94,94068,BAC (AV DU),48.79747,2.504003,Plein jour,En agglomération,Hors intersection,Normale,Deux véhicules - arrière,3,1,1,0,1,1,1,0,1,50,2,2,1,0,0,1,85.0,21.0,voiture,voiture,1,2,1,1,2
202000027281,2020-11-05 18:00:00,2020,11,5,18,0,59,59587,Route d'Hazebrouck,50.803314,2.576723,Nuit sans éclairage public,En agglomération,Giratoire,Normale,Deux véhicules - côté,3,1,1,0,1,2,1,5,1,50,2,2,1,0,1,0,49.0,29.0,deux_roues,voiture,3,2,6,1,3
202000027282,2020-04-08 20:35:00,2020,4,8,20,35,75,75112,BOULEVARD SOULT,48.846916,2.411153,Crépuscule ou aube,En agglomération,Intersection en X,Normale,Autre collision,4,1,4,0,1,1,1,5,1,50,1,1,0,0,0,1,34.0,,deux_roues,,2,2,2,1,6
202000027283,2020-11-06 04:45:00,2020,11,6,4,45,79,79161,12 Rue de la Thibaudière,46.923445,-0.220712,Nuit sans éclairage public,En agglomération,Hors intersection,Normale,Autre collision,4,2,2,0,1,1,1,0,1,50,1,1,0,1,0,0,63.0,,voiture,,3,2,1,1,6
202000027284,2020-10-02 09:00:00,2020,10,2,9,0,2B,2B037,TOUTES RUES,42.62971,9.43755,Plein jour,Hors agglomération,Hors intersection,Normale,Trois véhicules et plus - en chaîne,2,3,2,0,1,1,1,0,1,50,3,3,2,0,0,1,55.0,25.0,voiture,voiture,1,1,1,1,4
202000027285,2020-04-08 18:00:00,2020,4,8,18,0,75,75107,QUAI BRANLY,48.858493,2.292465,Plein jour,En agglomération,Hors intersection,Normale,Autre collision,4,2,5,2,1,1,1,0,1,50,1,1,0,0,0,1,24.0,,deux_roues,,1,2,1,1,6
202000027286,2020-08-04 13:35:00,2020,8,4,13,35,94,94068,LEDRU ROLLIN (R),48.78999,2.49001,Plein jour,En agglomération,Hors intersection,Normale,Sans collision,4,1,1,0,1,1,1,0,1,50,1,1,0,0,0,1,49.0,,deux_roues,,1,2,1,1,7
202000027287,2020-11-05 21:20:00,2020,11,5,21,20,33,33406,D17,44.89504,-0.05814,Nuit sans éclairage public,Hors agglomération,Hors intersection,Normale,Autre collision,3,2,2,0,1,2,1,0,3,80,1,1,0,0,1,0,61.0,,voiture,,3,1,1,1,6
202000027288,2020-09-28 12:00:00,2020,9,28,12,0,971,97120,HANNE (BOULEVARD),16.240612,-61.533795,Plein jour,En agglomération,Hors intersection,Normale,Autre collision,3,1,4,3,1,1,1,6,1,50,1,1,0,0,0,1,,,,,1,2,1,1,6
202000027289,2020-04-08 13:30:00,2020,4,8,13,30,94,94041,REPUBLIQUE (AV DE LA),48.80618,2.39325,Plein jour,En agglomération,Hors intersection,Normale,Autre collision,3,1,1,0,1,2,1,0,1,30,1,2,1,0,0,1,33.0,,utilitaire_camion,,1,2,1,1,6
202000027290,2020-10-02 08:33:00,2020,10,2,8,33,2A,2A004,PRINCE IMPERIAL COURS,41.9341702,8.7472323,Plein jour,En agglomération,Hors intersection,Normale,,2,1,4,3,1,1,1,0,1,50,2,2,1,0,0,1,49.0,54.0,deux_roues,voiture,1,2,1,1,-1
202000027291,2020-04-08 18:20:00,2020,4,8,18,20,92,92040,HOCHE,48.8238986,2.2695981,Plein jour,En agglomération,Hors intersection,Normale,Autre collision,4,1,1,0,1,1,1,0,4,30,1,2,0,0,0,2,44.0,,voiture,,1,2,1,1,6
202000027292,2020-08-05 02:20:00,2020,8,5,2,20,94,94019,ARISTIDE BRIAND (R),48.79,2.53,Nuit avec éclairage allumé,En agglomération,Hors intersection,Normale,Deux véhicules - frontale,4,2,3,0,1,1,1,0,1,50,2,3,2,0,1,0,28.0,35.0,deux_roues,voiture,5,2,1,1,1
202000027293,2020-11-06 07:15:00,2020,11,6,7,15,33,33514,D1215,45.506106,-1.092678,Crépuscule ou aube,Hors agglomération,Intersection en X,Normale,Deux véhicules - côté,3,2,2,0,1,1,1,5,8,80,2,2,1,0,1,0,38.0,61.0,deux_roues,voiture,2,1,2,1,3
202000027294,2020-04-08 22:00:00,2020,4,8,22,0,22,22104,La Basse Touche,48.406001,-2.191837,Nuit sans éclairage public,Hors agglomération,Hors intersection,Normale,Autre collision,4,2,2,0,1,1,1,0,3,80,1,1,0,1,0,0,30.0,,voiture,,3,1,1,1,6
202000027295,2020-09-29 13:00:00,2020,9,29,13,0,95,95500,JEAN JAURES (BOULEVARD),49.051539,2.099974,Plein jour,En agglomération,Hors intersection,Autre,Autre collision,3,2,2,0,2,2,1,1,1,30,1,3,0,0,1,2,83.0,,utilitaire_camion,,1,2,1,9,6
202000027296,2020-11-05 11:10:00,2020,11,5,11,10,33,33125,D104,45.225511,-0.832222,Plein jour,En agglomération,Intersection en T,Normale,Deux véhicules - côté,3,2,2,0,1,1,1,0,1,50,2,2,1,0,1,0,45.0,32.0,deux_roues,voiture,1,2,3,1,3
202000027297,2020-04-09 18:15:00,2020,4,9,18,15,60,60395,Rue Salvador Allende,49.230466,2.127394,Plein jour,En agglomération,Hors intersection,Normale,Autre collision,6,-1,-1,0,1,1,1,0,6,50,1,2,1,0,0,1,60.0,,voiture,,1,2,1,1,6
202000027298,2020-08-04 20:37:00,2020,8,4,20,37,94,94017,ROGER SALENGRO (AV),48.7966308,2.5487423,Nuit avec éclairage allumé,En agglomération,Hors intersection,Normale,Deux véhicules - frontale,3,2,4,0,1,1,1,5,1,50,2,2,1,0,0,1,19.0,19.0,voiture,voiture,5,2,1,1,1
202000027299,2020-10-01 23:55:00,2020,10,1,23,55,91,91421,NATIONALE 6 (GLACIERE),48.71068,2.44181,Nuit sans éclairage public,Hors agglomération,Hors intersection,Normale,Deux véhicules - arrière,2,3,4,0,1,3,1,0,1,90,2,2,0,0,0,2,50.0,28.0,voiture,voiture,3,1,1,1,2
202000027300,2020-08-05 20:35:00,2020,8,5,20,35,93,93073,CHAPIT RE ( RUE DU),49.0038,2.5368,Crépuscule ou aube,Hors agglomération,Hors intersection,Normale,Deux véhicules - frontale,4,1,1,0,2,3,1,0,1,50,2,4,2,0,0,2,29.0,41.0,voiture,transport_commun,2,1,1,1,1
202000027301,2020-10-02 13:00:00,2020,10,2,13,0,91,91027,DUNANT (AVENUE HENRI),48.7191,2.40115,Plein jour,En agglomération,Intersection en Y,Pluie légère,,3,2,2,0,1,1,2,0,1,50,2,3,2,0,0,1,37.0,28.0,voiture,voiture,1,2,4,2,-1
202000027302,2020-04-08 17:40:00,2020,4,8,17,40,76,76226,2 Rue des Hetres,49.790449,0.4849,Plein jour,En agglomération,Hors intersection,Temps éblouissant,Autre collision,4,2,2,0,1,3,1,0,1,50,1,2,1,0,0,1,25.0,,deux_roues,,1,2,1,7,6
202000027303,2020-08-05 14:15:00,2020,8,5,14,15,93,93073,CHAPIT RE ( RUE DU),48.99498,2.51735,Plein jour,Hors agglomération,Hors intersection,Normale,Deux véhicules - arrière,1,-1,3,0,1,1,1,8,1,70,2,2,1,0,0,1,54.0,25.0,voiture,deux_roues,1,1,1,1,2
202000027304,2020-11-06 16:00:00,2020,11,6,16,0,89,89125,Rue d'Auxerre,47.621697,3.495345,Plein jour,Hors agglomération,Hors intersection,Normale,Deux véhicules - frontale,2,2,2,0,1,1,1,0,1,80,2,5,0,0,1,4,41.0,39.0,voiture,voiture,1,1,1,1,1
202000027305,2020-04-08 18:30:00,2020,4,8,18,30,76,76452,Rue de Bois Isambert,49.54358,1.104201,Plein jour,En agglomération,Giratoire,Normale,Sans collision,3,2,2,0,1,1,1,0,1,50,1,1,0,0,1,0,58.0,,deux_roues,,1,2,6,1,7
202000027306,2020-10-01 20:30:00,2020,10,1,20,30,91,91103,HUGO VICTOR (PLACE),48.60773,2.30578,Nuit avec éclairage allumé,En agglomération,Intersection en X,Normale,Autre collision,3,2,2,0,1,1,1,0,1,50,1,2,1,0,0,1,64.0,,transport_commun,,5,2,2,1,6
202000027307,2020-03-31 00:30:00,2020,3,31,0,30,61,61385,Lieu Dit la Siaule,48.816108,0.280167,Nuit sans éclairage public,Hors agglomération,Hors intersection,Normale,Autre collision,3,2,2,0,1,1,1,0,3,80,1,1,0,0,1,0,42.0,,voiture,,3,1,1,1,6
202000027308,2020-11-05 05:45:00,2020,11,5,5,45,35,35162,La Berhaudière,48.495756,-1.105821,Nuit sans éclairage public,Hors agglomération,Hors intersection,Normale,Autre collision,3,2,2,0,1,1,1,0,1,80,1,1,0,0,1,0,50.0,,deux_roues,,3,1,1,1,6
202000027309,2020-08-05 11:30:00,2020,8,5,11,30,93,93078,CLEMENCEAU (AVENUE GEORGES),48.9582,2.5585,Plein jour,En agglomération,Intersection en X,Normale,Deux véhicules - côté,7,3,1,0,1,1,1,0,1,50,2,2,1,0,0,1,43.0,43.0,deux_roues,voiture,1,2,2,1,3
202000027310,2020-10-01 14:00:00,2020,10,1,14,0,87,87085,CLOS DE LA BREGERE (RUE DU),45.85146,1.26587,Plein jour,En agglomération,Hors intersection,Normale,Autre collision,4,2,4,0,1,1,1,0,1,50,1,2,1,0,0,1,52.0,,utilitaire_camion,,1,2,1,1,6
202000027311,2020-08-05 21:30:00,2020,8,5,21,30,93,93051,PAUL PAMBRUN (BOULEVARD),48.85012,2.55103,Crépuscule ou aube,En agglomération,Hors intersection,Normale,Deux véhicules - arrière,3,1,1,0,1,1,1,0,1,50,2,2,1,0,0,1,27.0,32.0,voiture,voiture,2,2,1,1,2
202000027312,2020-11-05 08:45:00,2020,11,5,8,45,38,38130,Route de la Gare,45.377541,5.263213,Plein jour,Hors agglomération,Hors intersection,Temps couvert,Deux véhicules - arrière,3,2,2,0,1,1,1,0,1,80,2,2,1,0,0,1,43.0,34.0,voiture,voiture,1,1,1,8,2
202000027313,2020-04-08 16:45:00,2020,4,8,16,45,86,86281,D18,46.734846,0.190233,Plein jour,Hors agglomération,Hors intersection,Normale,Deux véhicules - frontale,3,2,2,0,1,1,1,0,1,80,2,5,0,0,1,4,24.0,45.0,voiture,voiture,1,1,1,1,1
202000027314,2020-10-01 11:43:00,2020,10,1,11,43,87,87085,CURIE  (RUE PIERRE ET MARIE),45.8245,1.24879,Plein jour,En agglomération,Hors intersection,Pluie légère,Deux véhicules - côté,4,2,2,0,1,1,2,0,1,50,2,2,1,0,0,1,26.0,33.0,voiture,voiture,1,2,1,2,3
202000027315,2020-04-09 10:10:00,2020,4,9,10,10,02,02571,D8,49.884183,3.308355,Plein jour,Hors agglomération,Hors intersection,Normale,Deux véhicules - côté,3,2,2,0,2,1,1,0,1,70,2,2,1,0,1,0,52.0,82.0,deux_roues,voiture,1,1,1,1,3
202000027316,2020-11-06 08:50:00,2020,11,6,8,50,03,03230,D25,46.1452827,3.5415731,Plein jour,Hors agglomération,Hors intersection,Normale,Sans collision,3,3,2,0,2,2,1,0,8,80,1,1,0,0,1,0,50.0,,voiture,,1,1,1,1,7
202000027317,2020-11-06 14:09:00,2020,11,6,14,9,01,01272,D936,46.143165,4.981034,Plein jour,Hors agglomération,Hors intersection,Normale,Autre collision,3,2,2,0,1,1,1,0,3,80,1,2,0,0,0,2,51.0,,voiture,,1,1,1,1,6
202000027318,2020-04-08 21:00:00,2020,4,8,21,0,58,58122,D38,47.2578444,3.0507434,Nuit sans éclairage public,Hors agglomération,Hors intersection,Normale,Autre collision,3,2,2,0,1,3,1,0,8,-1,1,1,0,1,0,0,65.0,,voiture,,3,1,1,1,6
202000027319,2020-08-05 07:29:00,2020,8,5,7,29,93,93046,AV ARISTIDE BRIAND,48.9147,2.52731,Plein jour,En agglomération,Hors intersection,Normale,Trois véhicules et plus - en chaîne,3,3,4,0,1,1,1,0,1,50,3,3,2,0,0,1,54.0,29.0,voiture,deux_roues,1,2,1,1,4
202000027320,2020-10-01 07:30:00,2020,10,1,7,30,85,85191,RD 37,46.69315,-1.42495,Crépuscule ou aube,Hors agglomération,Hors intersection,Normale,Deux véhicules - frontale,4,3,2,0,1,1,1,0,1,50,2,3,1,0,1,1,28.0,71.0,voiture,voiture,2,1,1,1,1
202000027321,2020-04-09 08:15:00,2020,4,9,8,15,50,50260,Le Domaine Juvigny-tertre (Juvigny-le-Tertre),48.677644,-1.037049,Plein jour,Hors agglomération,Hors intersection,Normale,Deux véhicules - côté,3,2,2,0,4,1,1,0,1,80,2,2,1,0,1,0,57.0,48.0,utilitaire_camion,deux_roues,1,1,1,1,3
202000027322,2020-10-20 15:10:00,2020,10,20,15,10,10,10031,Rue des Chaumes,48.550755,3.579011,Plein jour,En agglomération,Intersection en X,Pluie légère,Deux véhicules - côté,3,2,2,0,1,1,2,0,1,50,2,10,9,0,0,1,32.0,43.0,voiture,voiture,1,2,2,2,3
202000027323,2020-08-05 16:40:00,2020,8,5,16,40,93,93061,PERI GABRIEL RUE,48.8863361,2.4071758,Plein jour,En agglomération,Intersection en T,Normale,Deux véhicules - arrière,3,2,2,0,1,1,1,0,1,50,2,2,1,0,0,1,63.0,39.0,voiture,autre,1,2,3,1,2
202000027324,2020-10-01 11:30:00,2020,10,1,11,30,83,83069,MOULIN PREMIER (CHEMIN DU),43.1288856,6.1551195,Plein jour,En agglomération,Hors intersection,Normale,Deux véhicules - arrière,4,1,2,0,1,2,1,0,1,50,2,2,1,0,0,1,83.0,83.0,deux_roues,voiture,1,2,1,1,2
202000027325,2020-04-09 18:00:00,2020,4,9,18,0,64,64198,14 Chemin d'Aussevielle,43.361491,-0.494632,Plein jour,En agglomération,Hors intersection,Normale,Autre collision,4,2,2,0,1,1,1,0,1,50,1,2,1,0,1,0,35.0,,deux_roues,,1,2,1,1,6
202000027326,2020-11-05 14:45:00,2020,11,5,14,45,07,07132,D212,44.536478,4.294474,Plein jour,Hors agglomération,Hors intersection,Temps couvert,Deux véhicules - frontale,3,2,2,0,1,2,1,0,1,70,2,2,1,0,0,1,73.0,68.0,voiture,deux_roues,1,1,1,8,1
202000027327,2020-08-05 15:20:00,2020,8,5,15,20,93,93005,MARCEL SEMBAT (RUE),48.935648,2.4856713,Plein jour,En agglomération,Intersection en X,Normale,Deux véhicules - côté,4,2,2,0,1,1,1,0,1,50,2,3,2,0,0,1,35.0,28.0,utilitaire_camion,utilitaire_camion,1,2,2,1,3
202000027328,2020-04-08 14:05:00,2020,4,8,14,5,73,73092,D45,45.452698,5.818712,Plein jour,Hors agglomération,Hors intersection,Normale,Autre collision,3,2,2,0,2,4,8,0,1,80,1,1,0,0,1,0,26.0,,deux_roues,,1,1,1,1,6
202000027329,2020-10-01 14:15:00,2020,10,1,14,15,80,80021,EMILE LESOT (RUE),49.90866,2.29178,Plein jour,En agglomération,Hors intersection,Pluie légère,Autre collision,4,2,2,0,1,3,2,0,1,50,1,2,1,0,0,1,40.0,,voiture,,1,2,1,2,6
202000027330,2020-11-06 05:05:00,2020,11,6,5,5,27,27453,D1,49.389133,1.375437,Nuit sans éclairage public,Hors agglomération,Hors intersection,Normale,Deux véhicules - frontale,3,2,2,0,1,3,1,0,1,70,2,2,0,1,1,0,23.0,50.0,voiture,voiture,3,1,1,1,1
202000027331,2020-04-07 12:20:00,2020,4,7,12,20,976,97617,D3,-12.786315,45.151534,Plein jour,Hors agglomération,Hors intersection,Normale,Deux véhicules - côté,3,2,2,0,2,4,1,0,1,-1,2,2,1,0,1,0,43.0,24.0,deux_roues,utilitaire_camion,1,1,1,1,3
202000027332,2020-08-05 07:42:00,2020,8,5,7,42,92,92072,VILLE D'AVRAY (RUE DE ),48.82577,2.2063,Plein jour,En agglomération,Hors intersection,Normale,Deux véhicules - frontale,3,2,2,0,2,1,1,0,1,50,2,2,0,0,0,2,45.0,24.0,voiture,voiture,1,2,1,1,1
202000027333,2020-08-05 01:30:00,2020,8,5,1,30,92,92036,GABRIEL PERI (AVENUE) (147/177),48.923679,2.29467,Nuit avec éclairage allumé,En agglomération,Autre intersection,Normale,Deux véhicules - côté,3,3,5,0,1,1,1,0,1,50,2,1,0,0,0,1,46.0,,deux_roues,,5,2,9,1,3
202000027334,2020-10-01 09:45:00,2020,10,1,9,45,78,78646,CHANTIERS (RUE DES),48.79293,2.14387,Plein jour,En agglomération,Hors intersection,Pluie légère,Deux véhicules - côté,4,2,2,0,1,1,2,0,1,50,2,2,1,0,1,0,47.0,59.0,deux_roues,voiture,1,2,1,2,3
202000027335,2020-04-08 16:00:00,2020,4,8,16,0,988,98831,RT1/VOH,-20.918914,164.677248,Plein jour,Hors agglomération,Hors intersection,Normale,Autre collision,2,2,2,0,1,1,1,0,3,110,1,1,0,0,1,0,26.0,,voiture,,1,1,1,1,6
202000027336,2020-11-05 18:10:00,2020,11,5,18,10,37,37050,Avenue du Grand Sud,47.33873,0.7041597,Nuit avec éclairage allumé,En agglomération,Intersection en X,Normale,Autre collision,3,2,4,1,1,1,1,5,1,50,1,3,1,0,0,2,21.0,,voiture,,5,2,2,1,6
202000027337,2020-08-04 16:50:00,2020,8,4,16,50,92,92036,VIEUX CHEMIN DE SAINT DENIS (AVENUE),48.9319189,2.3174018,Plein jour,En agglomération,Hors intersection,Normale,Deux véhicules - frontale,4,2,2,0,1,1,1,0,1,50,2,2,1,0,0,1,42.0,36.0,voiture,utilitaire_camion,1,2,1,1,1
202000027338,2020-09-18 18:48:00,2020,9,18,18,48,78,78646,GENERAL DE GAULLE (AVENUE DU),48.80053,2.1288,Plein jour,En agglomération,Hors intersection,Normale,Autre collision,3,3,5,3,1,1,1,0,1,50,1,3,1,0,1,1,32.0,,transport_commun,,1,2,1,1,6
202000027339,2020-04-08 12:00:00,2020,4,8,12,0,06,06154,Route Departementale 2,43.795025,6.76392,Plein jour,Hors agglomération,Hors intersection,Normale,,3,2,2,0,1,1,1,0,1,80,2,2,1,0,1,0,69.0,29.0,voiture,utilitaire_camion,1,1,1,1,-1
202000027340,2020-11-04 07:30:00,2020,11,4,7,30,78,78466,Rue du Montluisant,48.941421,1.974329,Crépuscule ou aube,En agglomération,Intersection en T,Normale,Autre collision,4,2,2,0,1,1,1,0,1,50,1,2,1,0,1,0,39.0,,voiture,,2,2,3,1,6
202000027341,2020-08-05 20:50:00,2020,8,5,20,50,92,92035,Fauvelles ( rue des ),48.9014,2.2354,Crépuscule ou aube,En agglomération,Hors intersection,Normale,Deux véhicules - arrière,4,2,2,0,1,1,1,0,1,50,2,1,0,0,0,1,53.0,,voiture,,2,2,1,1,2
202000027342,2020-11-03 05:15:00,2020,11,3,5,15,45,45006,Autoroute A71 PK 108+263,47.821227,1.8587078,Nuit sans éclairage public,Hors agglomération,Hors intersection,Normale,Deux véhicules - arrière,1,3,4,0,1,1,2,0,1,130,2,2,1,0,1,0,40.0,49.0,voiture,voiture,3,1,1,1,2
202000027343,2020-04-08 18:30:00,2020,4,8,18,30,71,71342,Route de Saint-Germain,46.4464886,4.0935228,Crépuscule ou aube,En agglomération,Hors intersection,Normale,Autre collision,4,2,2,0,1,1,1,0,3,50,1,2,1,0,0,1,48.0,,voiture,,2,2,1,1,6
202000027344,2020-11-05 21:20:00,2020,11,5,21,20,971,97106,Rue des Paletuviers,16.168006,-61.774696,Nuit avec éclairage non allumé,En agglomération,Hors intersection,Normale,Sans collision,4,2,2,0,1,1,1,0,1,50,1,1,0,0,1,0,62.0,,deux_roues,,4,2,1,1,7
202000027345,2020-08-05 14:25:00,2020,8,5,14,25,92,92024,CLICHY (QUAI DE) DE (8 A 60),48.9050978,2.293139,Plein jour,En agglomération,Intersection en T,Normale,Deux véhicules - côté,3,2,2,0,1,1,1,0,1,50,2,2,1,0,0,1,27.0,48.0,deux_roues,voiture,1,2,3,1,3
202000027346,2020-04-07 18:00:00,2020,4,7,18,0,54,54217,RD 19,48.472893,6.738181,Plein jour,Hors agglomération,Hors intersection,Normale,Sans collision,3,2,2,0,3,2,1,0,3,80,1,1,0,0,1,0,40.0,,deux_roues,,1,1,1,1,7
202000027347,2020-10-02 08:00:00,2020,10,2,8,0,71,71076,NUGUE (AVENUE PIERRE),46.7884139,4.8649586,Plein jour,En agglomération,Giratoire,Pluie forte,Deux véhicules - côté,3,1,1,0,1,2,2,0,1,50,2,2,1,0,1,0,50.0,59.0,deux_roues,voiture,1,2,6,3,3
202000027348,2020-08-05 17:20:00,2020,8,5,17,20,92,92012,JEAN JAURES (BOULEVARD) 63/215 - 70/208,48.8383046,2.2408569,Plein jour,En agglomération,Hors intersection,Normale,Deux véhicules - arrière,3,1,1,0,1,1,1,0,1,50,2,2,1,0,0,1,57.0,71.0,deux_roues,voiture,1,2,1,1,2
202000027349,2020-04-05 12:25:00,2020,4,5,12,25,57,57679,D910,49.085521,6.611543,Plein jour,Hors agglomération,Hors intersection,Normale,Sans collision,3,3,2,0,2,3,1,9,1,110,1,1,0,0,1,0,25.0,,deux_roues,,1,1,1,1,7
202000027350,2020-11-05 16:20:00,2020,11,5,16,20,78,78255,D113,49.03798,1.591988,Plein jour,En agglomération,Intersection en Y,Normale,,3,2,2,0,1,1,1,5,1,50,2,3,2,0,0,1,40.0,35.0,voiture,voiture,1,2,4,1,-1
202000027351,2020-10-02 14:45:00,2020,10,2,14,45,69,69029,ROGER SALENGRO                      (R ),45.72918,4.90826,Plein jour,En agglomération,Hors intersection,Pluie forte,Autre collision,4,2,2,0,1,1,2,9,1,50,1,2,1,0,0,1,27.0,,voiture,,1,2,1,3,6
202000027352,2020-04-08 18:20:00,2020,4,8,18,20,91,91570,RN 104,48.6253,2.3215,Plein jour,Hors agglomération,Hors intersection,Normale,Trois véhicules et plus - en chaîne,2,1,2,0,1,1,1,0,1,110,3,3,1,0,0,2,33.0,60.0,voiture,utilitaire_camion,1,1,1,1,4
202000027353,2020-11-05 15:20:00,2020,11,5,15,20,11,11379,Hameau du Lac,43.053202,2.961261,Plein jour,Hors agglomération,Hors intersection,Normale,Trois véhicules et plus - collisions multiples,3,2,2,0,2,2,1,0,1,80,3,5,1,0,2,2,44.0,57.0,voiture,voiture,1,1,1,1,5
202000027354,2020-10-02 14:15:00,2020,10,2,14,15,68,68224,,47.7508741,7.2860517,Plein jour,En agglomération,Autre intersection,Normale,Deux véhicules - arrière,1,2,3,0,1,1,1,0,1,110,2,1,0,0,0,1,72.0,,voiture,,1,2,9,1,2
202000027355,2020-07-29 12:40:00,2020,7,29,12,40,92,92004,ARGENTEUIL N° 176 A 388,48.919305,2.280399,Plein jour,En agglomération,Intersection en X,Normale,Deux véhicules - côté,3,2,3,0,1,1,1,0,1,50,2,2,1,0,0,1,41.0,23.0,voiture,deux_roues,1,2,2,1,3
202000027356,2020-04-07 22:00:00,2020,4,7,22,0,60,60612,AUTOROUTE A1,49.20305,2.60892,Nuit sans éclairage public,Hors agglomération,Hors intersection,Normale,Deux véhicules - arrière,1,3,8,0,1,1,1,0,1,130,2,2,1,0,1,0,36.0,54.0,utilitaire_camion,voiture,3,1,1,1,2
202000027357,2020-08-05 19:10:00,2020,8,5,19,10,13,13211,A50-Sens Marseille vers Aubagne,43.28857,5.4442,Plein jour,Hors agglomération,Hors intersection,Normale,Deux véhicules - arrière,1,3,3,0,1,1,1,0,1,90,2,2,1,0,0,1,37.0,35.0,voiture,voiture,1,1,1,1,2
202000027358,2020-10-01 15:30:00,2020,10,1,15,30,67,67482,PAUL DOPFF (RUE) ,48.555,7.76806,Plein jour,En agglomération,Hors intersection,Pluie forte,Deux véhicules - côté,4,2,3,3,1,1,2,0,1,50,2,2,1,0,0,1,39.0,65.0,deux_roues,voiture,1,2,1,3,3