accident_id,datetime,annee,mois,jour,heure,minute,departement,commune_insee,adresse,latitude,longitude,luminosite,agglomeration,intersection,meteo,collision,catr,circ,nbv,vosp,prof,plan,surf,infra,situ,vma,nb_vehicules,nb_usagers,nb_indemnes,nb_tues,nb_blesses_hosp,nb_blesses_legers,age_cond_1,age_cond_2,veh_type_cond_1,veh_type_cond_2,lum_code,agg_code,int_code,atm_code,col_code
202000027452,2020-01-12 17:35:00,2020,1,12,17,35,59,59279,LYS (RUE DE LA),50.780533,3.106165,Nuit avec éclairage allumé,En agglomération,Autre intersection,Normale,Deux véhicules - arrière,7,2,2,0,1,1,1,0,1,50,2,2,1,0,0,1,36.0,18.0,voiture,deux_roues,5,2,9,1,2
202000027453,2020-09-25 15:00:00,2020,9,25,15,0,50,50129,ABBAYE (RUE DE L'),49.64542,-1.63819,Plein jour,En agglomération,Intersection en T,Normale,Trois véhicules et plus - en chaîne,3,3,5,2,1,1,1,5,1,50,3,3,1,0,0,2,47.0,58.0,voiture,voiture,1,2,3,1,4
202000027454,2020-02-01 03:15:00,2020,2,1,3,15,56,56121,THIELEMANS ( ALLEE PIERRE ),47.76429,-3.40228,Nuit avec éclairage allumé,En agglomération,Intersection en T,Pluie légère,Autre collision,4,2,2,0,1,1,2,0,4,50,1,1,0,0,0,1,40.0,,voiture,,5,2,3,2,6
202000027455,2020-11-02 11:40:00,2020,11,2,11,40,76,76351,LOUIS BLERIOT,49.5302052,0.0948046,Plein jour,En agglomération,Hors intersection,Pluie légère,Deux véhicules - frontale,3,2,2,0,1,1,2,0,1,50,2,3,1,0,0,2,44.0,38.0,voiture,voiture,1,2,1,2,1
202000027456,2020-10-01 08:06:00,2020,10,1,8,6,49,49007,LETANDUERE,47.4636671,-0.555291,Crépuscule ou aube,En agglomération,Hors intersection,Pluie légère,Sans collision,4,1,1,0,1,1,2,0,1,30,1,1,0,0,0,1,17.0,,deux_roues,,2,2,1,2,7
202000027457,2020-11-03 12:35:00,2020,11,3,12,35,71,71499,FRANCOIS MITTERAND (RUE),46.6645959,4.2877181,Plein jour,En agglomération,Hors intersection,Temps couvert,Sans collision,3,2,2,0,1,1,1,0,4,50,1,2,1,0,0,1,70.0,,voiture,,1,2,1,8,7
202000027458,2020-10-01 02:45:00,2020,10,1,2,45,49,49267,MARMITIERE,47.46744,-0.49061,Nuit sans éclairage public,En agglomération,Hors intersection,Pluie légère,Autre collision,4,-1,2,0,1,1,1,0,1,50,1,1,0,0,0,1,22.0,,voiture,,3,2,1,2,6
202000027459,2020-11-04 10:27:00,2020,11,4,10,27,69,69275,6 avenue Simone Veil,45.7682613,4.9804485,Plein jour,En agglomération,Hors intersection,Normale,Autre collision,4,2,2,0,1,1,1,0,1,50,1,2,1,1,0,0,24.0,,utilitaire_camion,,1,2,1,1,6
202000027460,2020-01-29 07:00:00,2020,1,29,7,0,45,45232,Avenue de Sologne - Rue de Verdun,47.86874,1.91184,Nuit avec éclairage allumé,En agglomération,Intersection en X,Normale,Autre collision,4,3,6,3,1,1,2,5,1,70,1,1,0,0,0,1,,,,,5,2,2,1,6
202000027461,2020-10-02 13:40:00,2020,10,2,13,40,45,45154,Rue du Champ Rouge,47.9648104,1.8484847,Plein jour,Hors agglomération,Hors intersection,Normale,Deux véhicules - arrière,4,2,2,0,1,1,1,0,3,50,2,2,1,0,0,1,27.0,47.0,voiture,utilitaire_camion,1,1,1,1,2
202000027462,2020-01-21 11:15:00,2020,1,21,11,15,45,45232,Rue d'Artois,47.843403,1.914138,Plein jour,En agglomération,Autre intersection,Normale,Autre collision,6,-1,-1,0,1,1,1,0,1,10,1,2,1,0,0,1,31.0,,voiture,,1,2,9,1,6
202000027463,2020-11-01 21:15:00,2020,11,1,21,15,62,62771,ANICHE (R D'),50.41687,2.86534,Nuit avec éclairage allumé,En agglomération,Intersection en X,Pluie légère,Deux véhicules - côté,4,2,1,0,1,1,2,5,1,50,2,2,1,1,0,0,22.0,38.0,voiture,deux_roues,5,2,2,2,3
202000027464,2020-10-02 15:00:00,2020,10,2,15,0,45,45234,Boulevard de la Motte Sanguin,47.90086,1.9193,Plein jour,En agglomération,Giratoire,Pluie légère,Deux véhicules - arrière,4,-1,3,0,1,1,2,0,1,50,2,4,3,0,0,1,64.0,41.0,voiture,voiture,1,2,6,2,2
202000027465,2020-01-19 11:57:00,2020,1,19,11,57,45,45234,BD A MARTIN - FB SAINT VINCENT,47.90444,1.9133,Plein jour,En agglomération,Intersection en X,Normale,Deux véhicules - côté,4,2,4,3,1,1,1,5,1,50,2,2,1,0,0,1,22.0,36.0,voiture,voiture,1,2,2,1,3
202000027466,2020-10-02 07:30:00,2020,10,2,7,30,45,45147,Rue Gustave Rolland,47.92871,1.90755,Crépuscule ou aube,En agglomération,Hors intersection,Pluie forte,Sans collision,4,2,2,3,1,1,2,8,6,30,1,1,0,0,0,1,15.0,,deux_roues,,2,2,1,3,7
202000027467,2020-11-03 07:30:00,2020,11,3,7,30,59,59350,FAUBOURG DE BETHUNE RUE,50.61768,3.02732,Plein jour,En agglomération,Intersection en T,Normale,Deux véhicules - côté,7,2,2,1,1,1,1,0,1,50,2,2,1,0,0,1,47.0,41.0,voiture,deux_roues,1,2,3,1,3
202000027468,2020-01-10 20:06:00,2020,1,10,20,6,45,45284,Allée du Grand Coquille,47.9216173,1.9866425,Nuit avec éclairage allumé,En agglomération,Hors intersection,Normale,Autre collision,4,-1,2,0,1,1,1,0,4,30,1,2,1,0,0,1,65.0,,voiture,,5,2,1,1,6
202000027469,2020-10-02 07:45:00,2020,10,2,7,45,45,45234,Rue du Faubourg Saint Jean - rue des maltotiers,47.904614,1.893413,Nuit avec éclairage non allumé,En agglomération,Intersection en T,Pluie forte,Deux véhicules - côté,4,-1,2,0,1,1,2,0,1,30,2,5,2,0,0,3,23.0,55.0,voiture,transport_commun,4,2,3,3,3
202000027470,2020-11-03 17:47:00,2020,11,3,17,47,57,57757,FORT (RUE DU),49.34067,6.18372,Nuit sans éclairage public,Hors agglomération,Hors intersection,Normale,,4,2,2,0,2,1,1,0,1,50,2,3,2,0,1,0,38.0,55.0,voiture,voiture,3,1,1,1,-1
202000027471,2020-01-09 18:25:00,2020,1,9,18,25,36,36202,Les Terres Noires,46.788939,1.6606983,Nuit avec éclairage allumé,En agglomération,Giratoire,Pluie forte,Deux véhicules - côté,3,2,1,0,1,2,2,5,1,50,2,3,1,0,1,1,52.0,47.0,deux_roues,voiture,5,2,6,3,3
202000027472,2020-09-25 16:00:00,2020,9,25,16,0,41,41018,GAMBETTA (AVENUE),47.58369,1.32277,Plein jour,En agglomération,Hors intersection,Pluie légère,Sans collision,4,2,3,0,1,1,2,0,1,50,1,1,0,0,1,0,51.0,,deux_roues,,1,2,1,2,7
202000027473,2020-11-03 11:05:00,2020,11,3,11,5,56,56083,JAURES ( AV. JEAN ),47.80227,-3.27888,Plein jour,En agglomération,Giratoire,Normale,Autre collision,3,2,2,0,1,2,1,5,4,30,1,1,0,0,0,1,74.0,,voiture,,1,2,6,1,6
202000027474,2020-02-01 19:17:00,2020,2,1,19,17,34,34301,LEMARESQUIER CHARLES (QUAI),43.40188,3.69776,Crépuscule ou aube,En agglomération,Intersection en X,Normale,Autre collision,4,1,1,0,1,1,1,6,1,50,1,3,1,1,1,0,62.0,,voiture,,2,2,2,1,6
202000027475,2020-10-02 22:15:00,2020,10,2,22,15,37,37195,,47.3784818,0.6494317,Nuit sans éclairage public,En agglomération,Hors intersection,Temps couvert,Sans collision,3,3,4,0,1,2,1,0,1,90,1,4,1,0,0,3,21.0,,voiture,,3,2,1,8,7
202000027476,2020-11-03 18:15:00,2020,11,3,18,15,54,54395,LOUIS (RUE BARON),48.6966261,6.1743288,Crépuscule ou aube,En agglomération,Intersection en X,Normale,Deux véhicules - côté,4,2,2,0,1,1,1,0,1,30,2,2,1,0,0,1,26.0,22.0,deux_roues,voiture,2,2,2,1,3
202000027477,2020-10-01 12:15:00,2020,10,1,12,15,37,37261,BUFFON (RUE),47.3930801,0.6908174,Plein jour,En agglomération,Autre intersection,Normale,,4,3,1,1,2,1,2,0,1,50,2,2,1,0,1,0,17.0,18.0,deux_roues,deux_roues,1,2,9,1,-1
202000027478,2020-01-26 02:00:00,2020,1,26,2,0,30,30189,FONTAINE (QUAI),43.83849,4.35042,Nuit avec éclairage allumé,En agglomération,Intersection en T,Pluie légère,Deux véhicules - arrière,4,1,2,0,1,4,2,0,1,50,2,3,2,0,0,1,56.0,43.0,voiture,voiture,5,2,3,2,2
202000027479,2020-10-01 16:35:00,2020,10,1,16,35,35,35238,CHATEAUBRIAND (QUAI),48.11028,-1.67624,Plein jour,En agglomération,Hors intersection,Pluie légère,Autre collision,4,1,1,2,1,1,2,0,5,30,1,2,1,0,0,1,32.0,,deux_roues,,1,2,1,2,6
202000027480,2020-11-04 16:35:00,2020,11,4,16,35,51,51474,Chemin de Saint Thierry,49.2781154,4.0042949,Plein jour,En agglomération,Giratoire,Normale,Deux véhicules - arrière,4,3,2,0,1,1,1,0,1,50,2,4,3,0,0,1,27.0,74.0,voiture,voiture,1,2,6,1,2
202000027481,2020-01-29 14:25:00,2020,1,29,14,25,28,28134,KENNEDY (AVENUE DU PRESIDENT),48.72929,1.38459,Plein jour,En agglomération,Hors intersection,Normale,Autre collision,5,-1,0,0,1,1,1,9,8,30,1,2,0,0,0,2,40.0,,voiture,,1,2,1,1,6
202000027482,2020-10-02 00:15:00,2020,10,2,0,15,34,34032,ROUTE DE MURVIEL (RD.19 - SECT.3),43.3605,3.19433,Nuit sans éclairage public,Hors agglomération,Hors intersection,Normale,Autre collision,3,2,2,0,1,2,1,0,3,80,1,1,0,0,1,0,37.0,,voiture,,3,1,1,1,6
202000027483,2020-11-04 13:56:00,2020,11,4,13,56,51,51454,Boulevard Pommery,49.2560811,4.05542,Plein jour,En agglomération,Intersection en X,Normale,Deux véhicules - côté,2,2,2,0,1,1,1,0,1,50,2,2,1,0,0,1,20.0,20.0,deux_roues,utilitaire_camion,1,2,2,1,3
202000027484,2020-01-23 14:20:00,2020,1,23,14,20,26,26057,2 Rue du Docteur Zamenhof,45.03825,5.05557,Plein jour,En agglomération,Hors intersection,Normale,Autre collision,4,2,2,-1,1,3,1,0,1,50,1,2,1,0,0,1,29.0,,voiture,,1,2,1,1,6
202000027485,2020-10-02 21:00:00,2020,10,2,21,0,33,33162,AVE DE L'HIPPODROME / RUE DES VIOLETTES,44.87056,-0.63487,Nuit avec éclairage allumé,En agglomération,Intersection en T,Pluie forte,Sans collision,4,2,4,2,1,1,2,5,1,50,1,1,0,0,1,0,18.0,,deux_roues,,5,2,3,3,7
202000027486,2020-11-03 08:40:00,2020,11,3,8,40,50,50129,JOLIOT CURIE (RUE),49.63003,-1.64339,Plein jour,En agglomération,Intersection en T,Temps couvert,Autre collision,3,2,2,0,1,1,2,0,1,50,1,3,2,0,0,1,26.0,,voiture,,1,2,3,8,6
202000027487,2020-01-29 05:40:00,2020,1,29,5,40,18,18033,DE GAULLE (AV DU GENERAL) N° PAIRS,47.1169,2.419191,Nuit avec éclairage allumé,Hors agglomération,Giratoire,Autre,Deux véhicules - côté,3,1,2,0,1,2,2,0,1,50,2,2,1,0,1,0,59.0,40.0,deux_roues,utilitaire_camion,5,1,6,9,3
202000027488,2020-10-24 20:30:00,2020,10,24,20,30,49,49007,ROI RENE BOULEVARD,47.4682147,-0.5570412,Nuit avec éclairage allumé,En agglomération,Hors intersection,Normale,Autre collision,4,-1,2,0,1,1,1,0,1,2,1,2,1,0,0,1,28.0,,voiture,,5,2,1,1,6
202000027489,2020-10-02 16:50:00,2020,10,2,16,50,33,33192,AVE DE LA POTERIE / AVE DE LA MADELEINE,44.77368,-0.63717,Plein jour,En agglomération,Intersection en T,Pluie légère,Deux véhicules - frontale,4,2,3,1,1,1,2,0,1,50,2,4,0,0,2,2,19.0,87.0,voiture,voiture,1,2,3,2,1
202000027490,2020-10-02 12:50:00,2020,10,2,12,50,33,33119,AVE G/EORGES CLEMENCEAU/RUE ALEXANDRE DUMAS,44.84983,-0.50915,Plein jour,En agglomération,Passage à niveau,Normale,Deux véhicules - côté,4,2,2,3,1,1,2,4,6,50,2,3,2,0,0,1,55.0,25.0,voiture,transport_commun,1,2,8,1,3
202000027491,2020-02-09 13:00:00,2020,2,9,13,0,13,13211,WILLIAM BOOTH (AVENUE),43.29608,5.44757,Plein jour,En agglomération,Autre intersection,Normale,Trois véhicules et plus - en chaîne,4,-1,1,0,2,1,1,6,8,30,3,3,2,0,0,1,39.0,38.0,voiture,voiture,1,2,9,1,4
202000027492,2020-11-04 08:50:00,2020,11,4,8,50,45,45284,Avenue Pierre Mendes France,47.91457,1.97793,Plein jour,En agglomération,Giratoire,Temps éblouissant,Deux véhicules - côté,4,1,1,0,1,1,1,0,1,50,2,2,1,0,0,1,59.0,16.0,voiture,deux_roues,1,2,6,7,3
202000027493,2020-11-02 21:45:00,2020,11,2,21,45,45,45068,FORET (RUE DE LA),48.015722,2.737505,Nuit sans éclairage public,Hors agglomération,Hors intersection,Normale,Autre collision,4,-1,0,0,1,1,1,0,3,50,1,1,0,0,0,1,23.0,,autre,,3,1,1,1,6
202000027494,2020-02-08 01:00:00,2020,2,8,1,0,13,13208,GRAND LARGE (PROMENADE DU),43.239258,5.362743,Nuit avec éclairage allumé,En agglomération,Hors intersection,Normale,Sans collision,4,2,2,0,1,3,1,0,8,50,1,4,1,0,0,3,26.0,,voiture,,5,2,1,1,7
202000027495,2020-10-02 08:25:00,2020,10,2,8,25,33,33529,FUSILLES (AV. DES),44.54247,-1.16004,Plein jour,En agglomération,Intersection en T,Pluie légère,Trois véhicules et plus - en chaîne,3,-1,2,0,1,2,2,0,1,50,3,3,2,0,0,1,50.0,50.0,voiture,voiture,1,2,3,2,4
202000027496,2020-02-05 14:10:00,2020,2,5,14,10,13,13210,MARCEL ACHILLE (BOULEVARD),43.281634,5.424722,Plein jour,En agglomération,Intersection en T,Normale,Autre collision,4,2,2,0,1,1,1,0,8,30,1,2,1,0,1,0,67.0,,voiture,,1,2,3,1,6
202000027497,2020-10-01 16:30:00,2020,10,1,16,30,31,31555,NARBONNE (ROUTE DE),43.5690183,1.4564569,Plein jour,Hors agglomération,Hors intersection,Normale,Deux véhicules - côté,3,2,3,0,1,1,1,0,1,50,2,1,0,0,0,1,51.0,,deux_roues,,1,1,1,1,3
202000027498,2020-11-04 21:15:00,2020,11,4,21,15,28,28110,RN 123 (ROCADE),48.41546,1.49303,Nuit sans éclairage public,Hors agglomération,Hors intersection,Normale,Autre collision,2,1,2,0,1,1,1,0,1,110,1,1,0,0,1,0,,,,,3,1,1,1,6
202000027499,2020-01-28 18:15:00,2020,1,28,18,15,01,01053,BROU ( BD N°68 A 182 PAIR),46.199526,5.233877,Nuit avec éclairage allumé,En agglomération,Hors intersection,Normale,Autre collision,4,2,2,0,1,1,1,9,8,50,1,2,1,0,1,0,85.0,,voiture,,5,2,1,1,6
202000027500,2020-02-14 03:05:00,2020,2,14,3,5,75,75113,AVENUE DES GOBELINS,48.836256,2.352237,Nuit avec éclairage allumé,En agglomération,Hors intersection,Normale,Autre collision,4,2,6,3,1,1,1,0,1,50,1,1,0,0,0,1,23.0,,deux_roues,,5,2,1,1,6
202000027501,2020-10-02 02:50:00,2020,10,2,2,50,30,30189,CHABAUD AUGUSTE (RUE),43.8485,4.3862,Nuit avec éclairage allumé,En agglomération,Hors intersection,Normale,Autre collision,4,2,2,0,3,1,1,0,1,30,1,1,0,0,0,1,29.0,,voiture,,5,2,1,1,6
202000027502,2020-02-06 17:10:00,2020,2,6,17,10,75,75112,AVENUE DU GENERAL MICHEL BIZOT,48.837706,2.403839,Crépuscule ou aube,En agglomération,Intersection en Y,Normale,Autre collision,4,2,1,0,1,1,1,0,1,50,1,1,0,0,0,1,,,,,2,2,4,1,6
202000027503,2020-02-09 17:30:00,2020,2,9,17,30,75,75111,BOULEVARD DU TEMPLE,48.865321,2.365434,Crépuscule ou aube,En agglomération,Intersection en T,Normale,Autre collision,4,3,5,3,1,1,1,-1,6,50,1,2,1,0,0,1,28.0,,deux_roues,,2,2,3,1,6
202000027504,2020-02-06 09:45:00,2020,2,6,9,45,75,75110,QUAI DE VALMY,48.878694,2.366263,Plein jour,En agglomération,Intersection en T,Normale,,4,1,1,1,2,1,1,-1,5,30,2,1,0,0,0,1,29.0,,deux_roues,,1,2,3,1,-1
202000027505,2020-02-14 13:00:00,2020,2,14,13,0,75,75108,AVENUE DES CHAMPS ELYSEES,48.871084,2.303526,Plein jour,En agglomération,Intersection en T,Normale,Deux véhicules - arrière,4,2,6,1,1,1,1,-1,5,50,2,2,1,0,0,1,29.0,41.0,deux_roues,utilitaire_camion,1,2,3,1,2
202000027506,2020-11-04 18:00:00,2020,11,4,18,0,25,25462,ROCADE G.POMPIDOU (DU 25 A LA FIN),46.90061,6.34131,Crépuscule ou aube,En agglomération,Intersection en T,Normale,Trois véhicules et plus - en chaîne,2,2,2,0,1,1,1,0,1,50,3,3,2,0,0,1,28.0,38.0,voiture,voiture,2,2,3,1,4
202000027507,2020-09-30 20:40:00,2020,9,30,20,40,29,29019,Rue Saint-Exupéry,48.3861544,-4.5042277,Nuit avec éclairage allumé,En agglomération,Intersection en X,Normale,Deux véhicules - côté,4,2,0,3,2,1,1,0,1,30,2,3,1,0,0,2,34.0,50.0,deux_roues,transport_commun,5,2,2,1,3
202000027508,2020-02-12 18:50:00,2020,2,12,18,50,75,75102,RUE MONTMARTRE,48.868167,2.343598,Nuit sans éclairage public,En agglomération,Intersection en X,Normale,Autre collision,4,1,4,0,1,3,1,0,1,50,1,2,1,0,0,1,25.0,,deux_roues,,3,2,2,1,6
202000027509,2020-02-03 09:15:00,2020,2,3,9,15,75,75103,BOULEVARD DE SEBASTOPOL,48.867027,2.352972,Plein jour,En agglomération,Intersection en T,Normale,Autre collision,4,-1,4,0,1,1,2,0,1,50,1,2,1,0,0,1,32.0,,deux_roues,,1,2,3,1,6
202000027510,2020-02-10 13:30:00,2020,2,10,13,30,94,94004,SUCY (R DE),48.753,2.522,Plein jour,En agglomération,Autre intersection,Normale,Autre collision,6,-1,0,0,1,1,1,9,8,30,1,2,1,0,0,1,41.0,,voiture,,1,2,9,1,6
202000027511,2020-10-01 20:35:00,2020,10,1,20,35,29,29019,Rue Jean Sebastien Bach,48.3914966,-4.5233074,Nuit avec éclairage allumé,En agglomération,Intersection en T,Pluie forte,Deux véhicules - frontale,4,2,1,0,1,1,2,5,1,30,2,2,1,0,0,1,19.0,45.0,deux_roues,voiture,5,2,3,3,1
202000027512,2020-02-10 15:58:00,2020,2,10,15,58,93,93032,R PARMENTIER,48.8833,2.5333,Plein jour,En agglomération,Hors intersection,Pluie légère,Trois véhicules et plus - en chaîne,3,3,4,0,2,1,2,0,8,50,3,2,1,0,0,1,65.0,66.0,voiture,voiture,1,2,1,2,4
202000027513,2020-06-04 23:40:00,2020,6,4,23,40,66,66136,LYCEE (AVENUE),42.69677,2.88787,Nuit avec éclairage allumé,En agglomération,Hors intersection,Normale,Autre collision,4,1,2,0,1,2,1,0,1,50,1,1,0,0,1,0,,,,,5,2,1,1,6
202000027514,2020-10-01 16:25:00,2020,10,1,16,25,29,29019,Rue de Quimper,48.3988495,-4.4413872,Plein jour,En agglomération,Hors intersection,Pluie légère,Deux véhicules - arrière,4,-1,2,0,2,1,2,0,1,50,2,2,1,0,0,1,17.0,84.0,deux_roues,voiture,1,2,1,2,2
202000027515,2020-11-03 15:00:00,2020,11,3,15,0,21,21278,54 bis Rue du Faubourg Saint Martin,47.34196,5.02705,Plein jour,En agglomération,Hors intersection,Normale,Autre collision,4,2,2,0,2,1,1,0,4,50,1,2,1,0,1,0,80.0,,voiture,,1,2,1,1,6
202000027516,2020-02-08 18:00:00,2020,2,8,18,0,93,93031,JOFFRE (AVENUE),48.95783,2.30171,Crépuscule ou aube,En agglomération,Autre intersection,Normale,Deux véhicules - côté,6,2,2,0,1,1,1,9,8,30,2,4,2,0,0,2,38.0,16.0,voiture,voiture,2,2,9,1,3
202000027517,2020-06-05 01:35:00,2020,6,5,1,35,65,65440,MASSEY (RUE),43.2396,0.0738,Nuit avec éclairage allumé,En agglomération,Intersection en X,Pluie forte,Deux véhicules - côté,3,2,3,0,1,1,2,0,1,50,2,3,0,0,0,3,33.0,23.0,voiture,utilitaire_camion,5,2,2,3,3
202000027518,2020-10-01 18:50:00,2020,10,1,18,50,22,22278,CHAGALL (IMPASSE MARC),48.5231694,-2.7933205,Plein jour,En agglomération,Hors intersection,Temps couvert,Sans collision,4,2,2,0,1,1,1,9,4,30,1,1,0,0,0,1,21.0,,deux_roues,,1,2,1,8,7
202000027519,2020-11-04 08:55:00,2020,11,4,8,55,17,17200,LAGORD   AVENUE DE,46.1874569,-1.1589104,Plein jour,En agglomération,Giratoire,Normale,Deux véhicules - côté,4,2,2,0,1,1,1,5,1,30,2,2,1,0,0,1,41.0,69.0,deux_roues,voiture,1,2,6,1,3
202000027520,2020-02-04 17:20:00,2020,2,4,17,20,93,93057,FRANKLIN (AV.) 104 A FIN,48.9026213,2.5080894,Crépuscule ou aube,En agglomération,Hors intersection,Normale,Autre collision,3,-1,0,0,1,1,1,0,8,30,1,2,1,0,0,1,45.0,,deux_roues,,2,2,1,1,6
202000027521,2020-06-05 09:50:00,2020,6,5,9,50,64,64445,GAMBETTA,43.29668,-0.36637,Plein jour,En agglomération,Hors intersection,Pluie légère,Deux véhicules - côté,4,2,1,0,1,1,2,0,1,30,2,2,1,0,0,1,48.0,30.0,deux_roues,voiture,1,2,1,2,3
202000027522,2020-11-04 15:35:00,2020,11,4,15,35,14,14341,DAUPHINE (RUE DU),49.14462,-0.34773,Plein jour,En agglomération,Hors intersection,Normale,Autre collision,4,-1,1,0,1,1,1,0,1,50,1,2,1,0,0,1,37.0,,voiture,,1,2,1,1,6
202000027523,2020-02-06 10:25:00,2020,2,6,10,25,93,93008,R DE LA REPUBLIQUE / AV JEAN JAURES,48.90642,2.43851,Plein jour,En agglomération,Giratoire,Temps couvert,Autre collision,4,2,2,0,1,1,1,0,1,50,1,2,1,0,0,1,25.0,,voiture,,1,2,6,8,6
202000027524,2020-11-04 19:45:00,2020,11,4,19,45,13,13213,JEAN PAUL SARTRE (AVENUE),43.316,5.4084,Nuit avec éclairage allumé,En agglomération,Hors intersection,Normale,Autre collision,3,1,3,0,1,1,1,0,1,70,1,3,0,0,1,2,21.0,,voiture,,5,2,1,1,6
202000027525,2020-02-09 18:00:00,2020,2,9,18,0,92,92050,CLEMENCEAU GEORGES AVENUE N°IMPAIR,48.8867755,2.2052418,Nuit avec éclairage allumé,En agglomération,Intersection en X,Pluie légère,Deux véhicules - côté,3,3,5,0,1,1,2,0,1,50,2,2,1,0,0,1,29.0,84.0,deux_roues,voiture,5,2,2,2,3
202000027526,2020-06-04 14:25:00,2020,6,4,14,25,64,64445,ALSACE LORRAINE D',43.3038,-0.36756,Plein jour,En agglomération,Giratoire,Pluie légère,Deux véhicules - côté,4,2,2,1,1,1,2,0,1,30,2,2,1,0,0,1,32.0,26.0,deux_roues,utilitaire_camion,1,2,6,2,3
202000027527,2020-06-05 16:10:00,2020,6,5,16,10,64,64102,AQUITAINE (AVENUE DE L'),43.48695,-1.46834,Plein jour,En agglomération,Hors intersection,Pluie légère,Sans collision,3,3,4,0,2,1,2,0,1,70,1,1,0,0,0,1,15.0,,deux_roues,,1,2,1,2,7
202000027528,2020-02-12 19:30:00,2020,2,12,19,30,92,92024,LEON GAMBETTA (ALLEES)/ GENERAL LECLERC (RUE DU) DE (59 ET PLUS),48.90359,2.312389,Nuit sans éclairage public,En agglomération,Intersection en T,Normale,Autre collision,3,2,2,0,1,1,1,0,8,50,1,2,1,0,0,1,29.0,,utilitaire_camion,,3,2,3,1,6
202000027529,2020-11-03 14:45:00,2020,11,3,14,45,13,13203,HOCHE (RUE),43.310574,5.37626,Plein jour,En agglomération,Intersection en X,Normale,Autre collision,4,1,1,0,1,1,1,0,1,50,1,1,0,0,0,1,,,,,1,2,2,1,6
202000027530,2020-10-02 08:50:00,2020,10,2,8,50,13,13206,PIERRE PUGET (COURS),43.289955,5.372556,Plein jour,En agglomération,Intersection en X,Pluie légère,Deux véhicules - côté,4,1,2,0,2,1,2,0,1,50,2,2,1,0,0,1,42.0,61.0,voiture,voiture,1,2,2,2,3
202000027531,2020-02-08 11:00:00,2020,2,8,11,0,54,54312,Autoroute A 31,48.92635,6.11088,Plein jour,Hors agglomération,Intersection en Y,Normale,Deux véhicules - arrière,1,3,5,0,1,1,1,9,8,110,2,2,1,0,1,0,28.0,21.0,voiture,voiture,1,1,4,1,2
202000027532,2020-11-03 17:30:00,2020,11,3,17,30,13,13206,PARADIS (RUE),43.2870944,5.3794726,Crépuscule ou aube,En agglomération,Intersection en T,Normale,Deux véhicules - côté,4,1,2,0,1,1,1,0,1,50,2,2,1,0,0,1,45.0,20.0,voiture,voiture,2,2,3,1,3
202000027533,2020-06-05 09:50:00,2020,6,5,9,50,64,64102,ALLEES MARINES (AVENUE DES),43.49865,-1.48777,Plein jour,En agglomération,Hors intersection,Pluie forte,Autre collision,4,2,2,0,1,1,2,6,1,50,1,2,1,0,0,1,21.0,,voiture,,1,2,1,3,6
202000027534,2020-01-04 01:09:00,2020,1,4,1,9,78,78090,A13,48.970561,1.894582,Nuit sans éclairage public,Hors agglomération,Hors intersection,Pluie légère,Trois véhicules et plus - collisions multiples,1,1,3,0,1,2,2,0,1,130,5,10,6,0,0,4,42.0,70.0,voiture,voiture,3,1,1,2,5
202000027535,2020-11-03 18:20:00,2020,11,3,18,20,13,13201,FLAMMARION (BOULEVARD)     1 A 65,43.29297,5.3929,Nuit avec éclairage allumé,En agglomération,Hors intersection,Normale,Deux véhicules - frontale,4,2,2,0,1,1,1,0,1,50,2,2,1,0,0,1,60.0,29.0,voiture,deux_roues,5,2,1,1,1
202000027536,2020-06-04 10:05:00,2020,6,4,10,5,63,63164,Patural/sous les ors,45.8271374,3.150878,Plein jour,En agglomération,Giratoire,Normale,Deux véhicules - côté,4,2,2,0,1,1,1,0,1,30,2,2,1,0,1,0,74.0,70.0,voiture,deux_roues,1,2,6,1,3
202000027537,2020-01-30 22:30:00,2020,1,30,22,30,69,69386,VAUBAN                              (R ),45.7655862,4.85104,Nuit avec éclairage allumé,En agglomération,Intersection en T,Pluie légère,Deux véhicules - côté,4,1,2,1,1,1,2,0,1,50,2,2,1,0,0,1,30.0,,voiture,,5,2,3,2,3
202000027538,2020-02-01 18:55:00,2020,2,1,18,55,64,64102,JEAN JAURES (BOULEVARD),43.4924,-1.4631,Nuit avec éclairage allumé,En agglomération,Intersection en T,Normale,Sans collision,4,2,2,0,1,1,1,0,1,30,1,1,0,0,0,1,18.0,,deux_roues,,5,2,3,1,7
202000027539,2020-05-26 21:35:00,2020,5,26,21,35,62,62724,FOSSE DEUX ( BOULEVARD),50.40265,2.91115,Plein jour,En agglomération,Intersection en X,Normale,Deux véhicules - côté,4,2,2,0,1,1,1,9,1,50,2,2,1,0,0,1,42.0,24.0,voiture,deux_roues,1,2,2,1,3
202000027540,2020-02-05 13:40:00,2020,2,5,13,40,29,29019,Avenue Georges Clemenceau,48.39138,-4.4881011,Plein jour,En agglomération,Giratoire,Normale,Autre collision,4,-1,0,0,1,1,1,0,1,50,1,2,1,0,0,1,51.0,,utilitaire_camion,,1,2,6,1,6
202000027541,2020-04-07 11:15:00,2020,4,7,11,15,69,69383,ALBERT THOMAS                       (CO),45.7443481,4.8747276,Plein jour,En agglomération,Hors intersection,Normale,Trois véhicules et plus - en chaîne,4,2,4,2,1,1,1,0,1,50,3,4,3,0,0,1,52.0,42.0,voiture,voiture,1,2,1,1,4
202000027542,2020-04-02 16:00:00,2020,4,2,16,0,30,30011,ARAMON ROUTE D',43.92619,4.73678,Plein jour,Hors agglomération,Intersection en T,Normale,Deux véhicules - côté,3,2,2,0,1,1,1,5,1,80,2,2,1,0,0,1,39.0,48.0,deux_roues,voiture,1,1,3,1,3