accident_id,datetime,annee,mois,jour,heure,minute,departement,commune_insee,adresse,latitude,longitude,luminosite,agglomeration,intersection,meteo,collision,catr,circ,nbv,vosp,prof,plan,surf,infra,situ,vma,nb_vehicules,nb_usagers,nb_indemnes,nb_tues,nb_blesses_hosp,nb_blesses_legers,age_cond_1,age_cond_2,veh_type_cond_1,veh_type_cond_2,lum_code,agg_code,int_code,atm_code,col_code
202000027543,2020-10-02 07:00:00,2020,10,2,7,0,13,13209,COL DE LA GINESTE D559,43.237085,5.504328,Crépuscule ou aube,En agglomération,Hors intersection,Brouillard / fumée,,3,2,2,0,1,2,2,0,1,90,2,2,0,0,0,2,20.0,41.0,voiture,voiture,2,2,1,5,-1
202000027544,2020-11-03 09:15:00,2020,11,3,9,15,06,06029,VALLOMBROSA (BOULEBARD),43.55311,7.0069,Plein jour,En agglomération,Hors intersection,Normale,Deux véhicules - côté,4,2,2,0,2,1,1,0,1,50,2,4,1,0,0,3,49.0,25.0,utilitaire_camion,utilitaire_camion,1,2,1,1,3
202000027545,2020-06-06 00:00:00,2020,6,6,0,0,59,59599,RONCQ (RUE DE),50.7345,3.1434,Nuit avec éclairage allumé,En agglomération,Intersection en X,Pluie légère,Sans collision,4,2,2,0,1,1,2,5,4,50,1,3,1,0,1,1,18.0,,voiture,,5,2,2,2,7
202000027546,2020-04-07 02:05:00,2020,4,7,2,5,64,64125,BAYONNE (AVENUE DE),43.45078,-1.56727,Nuit avec éclairage allumé,En agglomération,Hors intersection,Pluie légère,Autre collision,3,2,2,0,1,1,2,0,1,50,1,2,1,0,0,1,21.0,,voiture,,5,2,1,2,6
202000027547,2020-11-03 06:20:00,2020,11,3,6,20,02,02408,RD 1044,49.56116,3.59266,Nuit sans éclairage public,Hors agglomération,Hors intersection,Normale,Trois véhicules et plus - collisions multiples,3,3,2,0,1,3,1,0,1,80,4,4,2,1,0,1,59.0,55.0,utilitaire_camion,voiture,3,1,1,1,5
202000027548,2020-10-02 05:15:00,2020,10,2,5,15,13,13001,RD9,43.494,5.373,Nuit sans éclairage public,Hors agglomération,Hors intersection,Normale,Deux véhicules - arrière,3,1,2,0,1,1,1,0,1,90,2,2,1,0,0,1,25.0,45.0,voiture,voiture,3,1,1,1,2
202000027549,2020-05-18 14:50:00,2020,5,18,14,50,59,59392,FEIGNIES (ROUTE DE),50.2951,3.94959,Plein jour,En agglomération,Intersection en X,Temps éblouissant,Deux véhicules - frontale,3,2,2,0,1,1,1,0,1,70,2,2,1,0,1,0,37.0,57.0,voiture,deux_roues,1,2,2,7,1
202000027550,2020-04-07 08:25:00,2020,4,7,8,25,37,37261,VICTOIRE (RUE DE LA),47.3925916,0.6789603,Plein jour,En agglomération,Intersection en X,Normale,,4,2,2,0,1,1,1,0,1,30,2,2,1,0,0,1,29.0,54.0,deux_roues,utilitaire_camion,1,2,2,1,-1
202000027551,2020-11-03 07:25:00,2020,11,3,7,25,75,75118,PORTE DE LA CHAPELLE,48.901118,2.354841,Plein jour,En agglomération,Hors intersection,Normale,Deux véhicules - côté,4,3,4,0,1,1,1,0,1,70,2,2,1,0,0,1,37.0,55.0,deux_roues,voiture,1,2,1,1,3
202000027552,2020-06-05 18:20:00,2020,6,5,18,20,59,59350,SOLFERINO RUE N°1 - 159,50.6306455,3.0558913,Plein jour,En agglomération,Hors intersection,Temps éblouissant,Autre collision,4,2,2,0,1,1,1,0,1,50,1,3,1,0,0,2,22.0,,voiture,,1,2,1,7,6
202000027553,2020-09-19 12:30:00,2020,9,19,12,30,11,11262,AMARATS (CHEMIN DES),43.20036,2.96927,Plein jour,En agglomération,Intersection en T,Normale,Trois véhicules et plus - en chaîne,3,2,2,0,1,1,1,0,1,50,3,5,3,0,0,2,18.0,41.0,voiture,utilitaire_camion,1,2,3,1,4
202000027554,2020-06-04 19:25:00,2020,6,4,19,25,56,56098,STALINGRAD ( AV. ET IMP. ),47.75916,-3.34191,Plein jour,En agglomération,Intersection en X,Normale,Deux véhicules - côté,4,3,2,0,1,1,1,0,1,30,2,2,1,0,0,1,16.0,61.0,deux_roues,voiture,1,2,2,1,3
202000027555,2020-04-07 07:45:00,2020,4,7,7,45,31,31555,SAINTE FAMILLE (RUE DE LA) DU 1AU 80,43.61703,1.43239,Plein jour,En agglomération,Hors intersection,Normale,Deux véhicules - arrière,4,1,2,0,2,1,1,0,1,30,2,2,1,0,0,1,54.0,48.0,voiture,deux_roues,1,2,1,1,2
202000027556,2020-11-04 08:30:00,2020,11,4,8,30,75,75118,AVENUE DE LA PORTE DE MONTMARTRE,48.901096,2.335147,Plein jour,En agglomération,Intersection en X,Normale,Deux véhicules - côté,4,2,4,0,1,1,1,0,1,50,2,2,1,1,0,0,47.0,52.0,utilitaire_camion,deux_roues,1,2,2,1,3
202000027557,2020-10-02 01:00:00,2020,10,2,1,0,11,11069,MIR ACHILLE -AVENUE-,43.2143,2.3619,Nuit avec éclairage allumé,En agglomération,Hors intersection,Normale,Sans collision,3,1,1,0,1,1,1,0,1,50,1,1,0,0,0,1,31.0,,voiture,,5,2,1,1,7
202000027558,2020-06-02 09:25:00,2020,6,2,9,25,56,56121,PERRIERE ( AV DE LA ),47.73441,-3.36535,Plein jour,En agglomération,Intersection en Y,Normale,Deux véhicules - côté,4,2,2,0,1,3,1,0,5,50,2,2,1,0,0,1,63.0,44.0,utilitaire_camion,deux_roues,1,2,4,1,3
202000027559,2020-04-06 15:00:00,2020,4,6,15,0,31,31555,NARBONNE (ROUTE DE),43.5711,1.45435,Plein jour,En agglomération,Hors intersection,Normale,,4,2,2,0,1,1,1,0,1,50,2,2,1,0,0,1,23.0,38.0,deux_roues,utilitaire_camion,1,2,1,1,-1
202000027560,2020-06-01 22:00:00,2020,6,1,22,0,56,56098,BLUM (RUE LEON),47.7589,-3.3366,Crépuscule ou aube,En agglomération,Intersection en T,Normale,Autre collision,4,2,2,0,1,3,1,0,1,50,1,2,1,0,0,1,23.0,,voiture,,2,2,3,1,6
202000027561,2020-11-03 15:45:00,2020,11,3,15,45,75,75120,AVENUE GAMBETTA,48.867479,2.400728,Plein jour,En agglomération,Intersection en T,Normale,Trois véhicules et plus - collisions multiples,4,2,3,0,4,1,1,0,1,30,3,4,3,0,0,1,33.0,25.0,utilitaire_camion,transport_commun,1,2,3,1,5
202000027562,2020-10-02 21:22:00,2020,10,2,21,22,10,10387,ANATOLE FRANCE (RUE),48.28408,4.07278,Nuit avec éclairage allumé,En agglomération,Intersection en Y,Pluie forte,Deux véhicules - frontale,4,2,3,1,1,1,2,0,1,50,2,2,1,0,0,1,21.0,21.0,voiture,deux_roues,5,2,4,3,1
202000027563,2020-11-04 18:25:00,2020,11,4,18,25,75,75119,PLACE AUGUSTE BARON,48.900305,2.387057,Nuit sans éclairage public,En agglomération,Place,Normale,Deux véhicules - côté,4,1,4,0,1,2,1,0,1,50,2,2,1,0,0,1,39.0,22.0,deux_roues,deux_roues,3,2,7,1,3
202000027564,2020-09-24 13:50:00,2020,9,24,13,50,07,07102,SADI-CARNOT (AV.) [DU N° AU N°],44.92945,4.87492,Plein jour,En agglomération,Hors intersection,Normale,Deux véhicules - arrière,4,2,2,0,1,1,2,0,1,50,2,2,1,0,0,1,23.0,40.0,voiture,voiture,1,2,1,1,2
202000027565,2020-04-07 12:00:00,2020,4,7,12,0,29,29019,Rue Camille Desmoulins,48.3967883,-4.4861813,Plein jour,En agglomération,Intersection en T,Normale,Deux véhicules - côté,4,3,3,1,2,1,1,5,1,50,2,2,1,0,1,0,48.0,31.0,voiture,deux_roues,1,2,3,1,3
202000027566,2020-06-05 15:00:00,2020,6,5,15,0,54,54547,DOUMER (AVENUE PAUL),48.6732788,6.1839405,Plein jour,En agglomération,Hors intersection,Pluie légère,Trois véhicules et plus - collisions multiples,4,2,2,0,1,1,2,0,1,50,4,2,1,0,0,1,38.0,50.0,voiture,voiture,1,2,1,2,5
202000027567,2020-11-04 18:30:00,2020,11,4,18,30,75,75116,RUE CHANEZ,48.846796,2.259608,Nuit avec éclairage allumé,En agglomération,Hors intersection,Normale,Deux véhicules - côté,4,1,1,0,1,1,1,0,1,50,2,2,1,0,0,1,56.0,27.0,voiture,deux_roues,5,2,1,1,3
202000027568,2020-03-11 17:35:00,2020,3,11,17,35,29,29019,Boulevard Gambetta,48.388332,-4.4820325,Plein jour,En agglomération,Hors intersection,Pluie légère,Autre collision,4,-1,0,0,1,1,2,0,1,50,1,2,1,0,0,1,21.0,,voiture,,1,2,1,2,6
202000027569,2020-11-04 06:45:00,2020,11,4,6,45,75,75116,ROUTE DE SURESNES,48.864231,2.23583,Crépuscule ou aube,En agglomération,Intersection en Y,Normale,Deux véhicules - frontale,4,2,2,1,1,1,1,-1,5,25,2,2,1,0,0,1,33.0,64.0,deux_roues,deux_roues,2,2,4,1,1
202000027570,2020-10-02 19:30:00,2020,10,2,19,30,75,75119,PORTE DE PANTIN,48.885719,2.397659,Nuit avec éclairage allumé,En agglomération,Intersection en Y,Pluie légère,Deux véhicules - côté,4,1,4,0,1,1,2,0,1,70,2,2,1,0,0,1,43.0,35.0,deux_roues,voiture,5,2,4,2,3
202000027571,2020-04-07 01:05:00,2020,4,7,1,5,17,17200,02 PK RN237 MOULIN JUSTICE RE,46.1815,-1.1374,Nuit sans éclairage public,Hors agglomération,Hors intersection,Pluie légère,Deux véhicules - côté,2,3,4,0,1,1,2,0,1,90,2,3,0,1,1,1,36.0,34.0,utilitaire_camion,voiture,3,1,1,2,3
202000027572,2020-06-05 15:00:00,2020,6,5,15,0,51,51454,Boulevard Marcellin Berthelot,49.2702931,4.069474,Plein jour,En agglomération,Hors intersection,Pluie légère,Deux véhicules - arrière,4,2,2,0,1,1,2,0,1,50,2,2,1,0,0,1,36.0,31.0,voiture,voiture,1,2,1,2,2
202000027573,2020-10-01 16:20:00,2020,10,1,16,20,75,75118,BOULEVARD PERIPHERIQUE,48.900821,2.340864,Plein jour,En agglomération,Intersection en Y,Normale,Deux véhicules - côté,4,1,4,0,1,1,1,0,1,70,2,2,1,0,0,1,33.0,74.0,voiture,deux_roues,1,2,4,1,3
202000027574,2020-11-04 17:15:00,2020,11,4,17,15,75,75113,AVENUE D ITALIE,48.822205,2.358525,Nuit avec éclairage allumé,En agglomération,Intersection en X,Normale,Deux véhicules - côté,4,2,2,0,1,1,1,0,1,50,2,2,1,0,0,1,56.0,60.0,voiture,deux_roues,5,2,2,1,3
202000027575,2020-04-07 10:05:00,2020,4,7,10,5,06,06088,LYAUTEY (AV. DU MAL),43.7144,7.28222,Plein jour,En agglomération,Autre intersection,Temps éblouissant,Deux véhicules - côté,4,3,4,0,1,1,1,0,1,50,2,3,2,0,0,1,64.0,64.0,deux_roues,voiture,1,2,9,7,3
202000027576,2020-06-04 17:30:00,2020,6,4,17,30,51,51454,Avenue Henri Farman,49.2364651,4.0702108,Plein jour,En agglomération,Giratoire,Pluie légère,Deux véhicules - arrière,2,1,2,0,1,2,2,0,1,50,2,3,2,0,0,1,57.0,66.0,voiture,voiture,1,2,6,2,2
202000027577,2020-11-04 08:15:00,2020,11,4,8,15,75,75111,AVENUE LEDRU ROLLIN,48.852784,2.376998,Plein jour,En agglomération,Hors intersection,Normale,Deux véhicules - côté,4,2,2,3,1,1,1,-1,6,30,2,2,1,0,0,1,42.0,30.0,utilitaire_camion,deux_roues,1,2,1,1,3
202000027578,2020-04-07 16:45:00,2020,4,7,16,45,06,06069,THIERS (AVENUE),43.660936,6.922607,Plein jour,En agglomération,Hors intersection,Temps éblouissant,Autre collision,3,1,1,0,1,2,1,0,1,50,1,2,1,0,0,1,48.0,,voiture,,1,2,1,7,6
202000027579,2020-10-01 03:35:00,2020,10,1,3,35,75,75119,BOULEVARD PERIPHERIQUE,48.900368,2.375187,Nuit avec éclairage non allumé,En agglomération,Hors intersection,Pluie légère,Deux véhicules - arrière,4,1,4,0,1,1,2,0,1,70,2,5,1,0,0,4,22.0,25.0,voiture,voiture,4,2,1,2,2
202000027580,2020-06-04 18:45:00,2020,6,4,18,45,50,50502,MALRAUX (rue André),49.1059,-1.0691,Plein jour,En agglomération,Giratoire,Normale,Deux véhicules - arrière,4,2,2,0,1,3,1,5,1,50,2,2,1,0,1,0,27.0,39.0,deux_roues,voiture,1,2,6,1,2
202000027581,2020-04-07 10:05:00,2020,4,7,10,5,75,75120,AVENUE GAMBETTA,48.864668,2.394516,Plein jour,En agglomération,Intersection en T,Normale,Deux véhicules - côté,4,2,2,1,2,1,1,0,1,50,2,2,1,0,0,1,48.0,32.0,autre,deux_roues,1,2,3,1,3
202000027582,2020-06-04 09:54:00,2020,6,4,9,54,45,45068,D40 - PR 0+730,48.0180825,2.7151919,Plein jour,En agglomération,Hors intersection,Pluie forte,Sans collision,3,2,2,0,1,1,3,0,1,50,1,1,0,0,0,1,21.0,,deux_roues,,1,2,1,3,7
202000027583,2020-10-02 17:10:00,2020,10,2,17,10,75,75120,RUE ORFILA,48.866508,2.396793,Plein jour,En agglomération,Hors intersection,Pluie légère,Autre collision,4,1,1,0,1,1,2,0,1,30,1,2,1,0,0,1,28.0,,voiture,,1,2,1,2,6
202000027584,2020-04-07 19:50:00,2020,4,7,19,50,75,75112,AVENUE DAUMESNIL,48.843457,2.383308,Crépuscule ou aube,En agglomération,Hors intersection,Normale,Autre collision,4,-1,2,1,1,1,1,0,1,50,1,1,0,0,0,1,25.0,,deux_roues,,2,2,1,1,6
202000027585,2020-11-02 16:30:00,2020,11,2,16,30,94,94068,CONDE (AV DE),48.81043,2.48059,Plein jour,En agglomération,Intersection en T,Temps couvert,Deux véhicules - côté,3,2,2,0,1,1,2,0,1,50,2,2,1,0,1,0,35.0,39.0,deux_roues,voiture,1,2,3,8,3
202000027586,2020-06-04 18:10:00,2020,6,4,18,10,44,44184,Bd de la Renaissance,47.283165,-2.212604,Nuit avec éclairage allumé,En agglomération,Hors intersection,Normale,Autre collision,4,2,1,0,1,1,1,0,1,50,1,2,1,0,0,1,40.0,,voiture,,5,2,1,1,6
202000027587,2020-10-01 13:15:00,2020,10,1,13,15,75,75119,RUE DE BELLEVILLE,48.875488,2.398966,Plein jour,En agglomération,Intersection en X,Normale,Deux véhicules - côté,4,2,2,0,3,1,1,0,1,50,2,2,1,0,0,1,32.0,32.0,deux_roues,utilitaire_camion,1,2,2,1,3
202000027588,2020-10-02 18:00:00,2020,10,2,18,0,75,75117,AVENUE DE VILLIERS,48.881775,2.314472,Plein jour,En agglomération,Intersection en Y,Pluie légère,Autre collision,4,2,2,0,1,1,2,0,1,50,1,1,0,0,0,1,17.0,,deux_roues,,1,2,4,2,6
202000027589,2020-04-07 13:30:00,2020,4,7,13,30,94,94054,CHARLES TILLON (route),48.74629,2.37604,Plein jour,En agglomération,Intersection en T,Normale,Deux véhicules - arrière,3,-1,2,0,1,1,1,0,1,50,2,2,1,0,0,1,48.0,37.0,voiture,deux_roues,1,2,3,1,2
202000027590,2020-06-03 11:20:00,2020,6,3,11,20,40,40192,MAINGUY (BD YVES),43.8822,-0.4824,Plein jour,En agglomération,Hors intersection,Normale,Trois véhicules et plus - collisions multiples,4,2,2,1,1,1,1,0,1,50,3,2,1,0,0,1,18.0,74.0,deux_roues,voiture,1,2,1,1,5
202000027591,2020-10-02 17:30:00,2020,10,2,17,30,75,75117,AVENUE DE CLICHY,48.890583,2.320252,Plein jour,En agglomération,Intersection en X,Pluie forte,Autre collision,4,2,2,3,1,1,2,-1,6,30,1,2,1,0,0,1,16.0,,deux_roues,,1,2,2,3,6
202000027592,2020-04-07 21:50:00,2020,4,7,21,50,93,93073,RTE DE ROISSY,48.984321,2.549285,Nuit sans éclairage public,Hors agglomération,Hors intersection,Normale,Deux véhicules - frontale,3,2,2,0,1,2,1,0,1,80,2,1,0,0,0,1,57.0,,voiture,,3,1,1,1,1
202000027593,2020-06-05 22:35:00,2020,6,5,22,35,35,35238,MORAVIE (VILLA DE),48.09126,-1.65598,Crépuscule ou aube,En agglomération,Hors intersection,Normale,Deux véhicules - arrière,4,3,2,2,1,1,1,0,1,50,2,3,2,0,0,1,20.0,19.0,voiture,voiture,2,2,1,1,2
202000027594,2020-10-02 17:30:00,2020,10,2,17,30,75,75116,AVENUE VICTOR HUGO,48.870478,2.287252,Plein jour,En agglomération,Hors intersection,Pluie légère,Deux véhicules - côté,4,2,2,0,1,1,2,0,1,50,2,2,1,0,0,1,20.0,41.0,voiture,voiture,1,2,1,2,3
202000027595,2020-06-05 19:50:00,2020,6,5,19,50,35,35238,GENIAUX (RUE CHARLES),48.11252,-1.71354,Plein jour,En agglomération,Hors intersection,Normale,Deux véhicules - côté,4,2,2,0,3,1,1,0,1,50,2,2,1,0,0,1,32.0,16.0,voiture,deux_roues,1,2,1,1,3
202000027596,2020-04-07 13:15:00,2020,4,7,13,15,93,93072,BD MAXIME GORKI / R SALVADOR ALLENDE,48.94664,2.38656,Plein jour,En agglomération,Intersection en T,Normale,Deux véhicules - frontale,3,3,4,0,1,1,1,5,1,50,2,4,3,0,0,1,31.0,23.0,voiture,voiture,1,2,3,1,1
202000027597,2020-10-02 18:30:00,2020,10,2,18,30,75,75116,RUE CHARDON LAGACHE,48.845062,2.266718,Plein jour,En agglomération,Intersection en Y,Pluie forte,Deux véhicules - côté,4,1,2,0,1,1,2,0,1,50,2,2,0,0,0,2,55.0,44.0,voiture,deux_roues,1,2,4,3,3
202000027598,2020-04-07 16:45:00,2020,4,7,16,45,93,93005,SUZANNE LENGLEN (AVENUE),48.951378,2.51385,Plein jour,En agglomération,Intersection en T,Normale,Deux véhicules - côté,3,2,0,0,1,1,1,0,1,50,2,2,1,0,0,1,29.0,24.0,deux_roues,utilitaire_camion,1,2,3,1,3
202000027599,2020-11-04 18:15:00,2020,11,4,18,15,94,94079,JEAN MONNET (BD),48.83498,2.53991,Nuit avec éclairage allumé,En agglomération,Hors intersection,Normale,Deux véhicules - frontale,4,2,1,1,1,1,1,0,4,30,2,2,0,0,1,1,19.0,54.0,deux_roues,deux_roues,5,2,1,1,1
202000027600,2020-06-05 13:57:00,2020,6,5,13,57,35,35238,MITTERAND (MAIL FRANCOIS),48.1090025,-1.6911221,Plein jour,En agglomération,Hors intersection,Normale,Deux véhicules - côté,4,2,3,3,1,1,1,9,1,30,2,2,1,0,0,1,23.0,23.0,deux_roues,voiture,1,2,1,1,3
202000027601,2020-10-02 13:30:00,2020,10,2,13,30,75,75116,AVENUE PAUL DOUMER,48.861945,2.286373,Plein jour,En agglomération,Hors intersection,Pluie légère,Deux véhicules - arrière,4,2,4,0,2,1,2,0,1,50,2,3,2,0,0,1,54.0,19.0,voiture,deux_roues,1,2,1,2,2
202000027602,2020-11-04 14:35:00,2020,11,4,14,35,92,92046,GABRIEL PERI,48.81931,2.30439,Plein jour,En agglomération,Hors intersection,Normale,Autre collision,3,2,2,0,1,1,1,0,1,50,1,1,0,0,0,1,,,,,1,2,1,1,6
202000027603,2020-06-02 11:00:00,2020,6,2,11,0,35,35281,NANTES (RUE DE),48.09315,-1.69107,Plein jour,En agglomération,Hors intersection,Normale,Autre collision,4,2,1,0,1,1,1,0,3,30,1,1,0,0,0,1,61.0,,deux_roues,,1,2,1,1,6
202000027604,2020-10-02 08:10:00,2020,10,2,8,10,75,75116,AVENUE FOCH,48.872138,2.279571,Plein jour,En agglomération,Intersection en X,Pluie forte,Autre collision,4,2,4,1,1,1,2,-1,5,50,1,2,1,0,0,1,32.0,,deux_roues,,1,2,2,3,6
202000027605,2020-06-05 10:50:00,2020,6,5,10,50,35,35238,PARIS (RUE DE),48.1132782,-1.6616593,Plein jour,En agglomération,Intersection en T,Normale,Deux véhicules - côté,4,2,2,0,1,1,1,0,1,30,2,2,1,0,1,0,58.0,22.0,deux_roues,voiture,1,2,3,1,3
202000027606,2020-11-04 21:45:00,2020,11,4,21,45,92,92022,SALENGRO (AVENUE ROGER),48.810472,2.191151,Nuit avec éclairage allumé,En agglomération,Autre intersection,Normale,Deux véhicules - côté,3,2,4,0,1,1,1,0,1,50,2,2,1,0,0,1,34.0,41.0,voiture,deux_roues,5,2,9,1,3
202000027607,2020-06-04 12:05:00,2020,6,4,12,5,35,35051,FOUGERES (ROUTE DE),48.13488,-1.62734,Plein jour,En agglomération,Hors intersection,Normale,Deux véhicules - frontale,4,2,4,1,2,1,1,0,1,50,2,2,1,0,0,1,51.0,50.0,deux_roues,voiture,1,2,1,1,1
202000027608,2020-11-04 16:10:00,2020,11,4,16,10,92,92050,STRASBOURG RUE DE,48.9125633,2.2247066,Plein jour,En agglomération,Intersection en T,Normale,Deux véhicules - côté,3,2,-1,-1,1,1,1,0,1,-1,2,2,1,0,0,1,59.0,40.0,voiture,deux_roues,1,2,3,1,3
202000027609,2020-10-02 14:05:00,2020,10,2,14,5,75,75115,BOULEVARD GENERAL MARTIAL VALIN,48.837053,2.274447,Plein jour,En agglomération,Intersection en X,Pluie forte,Deux véhicules - côté,4,3,0,1,1,1,2,-1,5,50,2,2,1,0,0,1,29.0,40.0,voiture,deux_roues,1,2,2,3,3
202000027610,2020-11-04 19:30:00,2020,11,4,19,30,92,92048,WOLUWE SAINT-LAMBERT (RUE),48.7866578,2.2284342,Nuit avec éclairage allumé,En agglomération,Intersection en X,Normale,Autre collision,4,1,1,0,1,1,1,9,1,30,1,3,1,1,1,0,28.0,,utilitaire_camion,,5,2,2,1,6
202000027611,2020-10-02 12:00:00,2020,10,2,12,0,75,75115,ROND POINT SAINT CHARLES,48.842158,2.281632,Plein jour,En agglomération,Place,Normale,Deux véhicules - arrière,4,1,1,0,1,1,1,0,1,50,2,2,1,0,0,1,44.0,85.0,utilitaire_camion,voiture,1,2,7,1,2
202000027612,2020-06-02 16:25:00,2020,6,2,16,25,34,34032,MOULIN JEAN (AV),43.34616,3.21775,Plein jour,En agglomération,Hors intersection,Normale,Autre collision,4,2,2,0,1,1,1,0,1,50,1,3,2,0,1,0,19.0,,voiture,,1,2,1,1,6
202000027613,2020-06-06 02:20:00,2020,6,6,2,20,33,33063,258 CRS DE L'ARGONNE,44.82246,-0.58109,Nuit avec éclairage allumé,En agglomération,Hors intersection,Normale,Autre collision,4,1,3,3,1,1,2,0,1,50,1,2,1,0,1,0,30.0,,deux_roues,,5,2,1,1,6
202000027614,2020-11-03 18:15:00,2020,11,3,18,15,92,92036,PIERRE DE COUBERTIN PROLONGE,48.9315753,2.2835816,Nuit avec éclairage allumé,En agglomération,Intersection en X,Normale,Deux véhicules - côté,3,3,2,0,1,1,1,0,1,50,2,2,1,0,0,1,48.0,48.0,deux_roues,voiture,5,2,2,1,3
202000027615,2020-10-02 08:50:00,2020,10,2,8,50,75,75115,RUE DE LA CONVENTION,48.840664,2.288873,Plein jour,En agglomération,Intersection en T,Pluie forte,Autre collision,4,2,2,0,1,1,2,0,1,50,1,2,0,0,0,2,47.0,,deux_roues,,1,2,3,3,6
202000027616,2020-11-04 17:10:00,2020,11,4,17,10,92,92026,VERDUN (DE 01 A 61),48.9002671,2.2609275,Plein jour,En agglomération,Hors intersection,Normale,Deux véhicules - côté,3,3,2,0,1,1,1,0,1,50,2,2,1,0,0,1,24.0,35.0,deux_roues,voiture,1,2,1,1,3
202000027617,2020-11-04 17:10:00,2020,11,4,17,10,31,31184,44 bis route de Lasbordes,43.597803,1.538098,Plein jour,Hors agglomération,Hors intersection,Normale,Sans collision,3,2,2,0,1,1,1,0,3,80,1,1,0,1,0,0,59.0,,voiture,,1,1,1,1,7
202000027618,2020-10-02 13:40:00,2020,10,2,13,40,75,75114,AVENUE DU GENERAL LECLERC,48.824771,2.325955,Plein jour,En agglomération,Intersection en T,Pluie légère,Deux véhicules - côté,4,-1,0,0,1,1,2,0,1,50,2,2,1,0,0,1,26.0,36.0,deux_roues,utilitaire_camion,1,2,3,2,3
202000027619,2020-06-06 00:20:00,2020,6,6,0,20,33,33550,RTE DE TOULOUSE / AVE GEORGES CLEMENCEAU,44.7817204,-0.5659541,Nuit avec éclairage allumé,En agglomération,Intersection en X,Pluie légère,Deux véhicules - côté,4,3,6,2,1,1,2,5,1,50,2,2,1,0,0,1,18.0,19.0,deux_roues,voiture,5,2,2,2,3
202000027620,2020-10-02 14:00:00,2020,10,2,14,0,75,75112,RUE TAINE,48.838558,2.393211,Plein jour,En agglomération,Intersection en T,Temps couvert,Autre collision,4,3,1,0,1,1,2,0,1,50,1,1,0,0,0,1,34.0,,deux_roues,,1,2,3,8,6
202000027621,2020-06-04 11:45:00,2020,6,4,11,45,30,30189,AVIGNON (ROUTE),43.8575,4.4183,Plein jour,En agglomération,Hors intersection,Pluie légère,Deux véhicules - arrière,4,2,4,0,1,2,2,0,1,70,2,2,1,0,0,1,38.0,60.0,voiture,utilitaire_camion,1,2,1,2,2
202000027622,2020-10-01 09:15:00,2020,10,1,9,15,75,75112,ROUTE DES PELOUSES MARIGNY,48.840555,2.462289,Plein jour,En agglomération,Hors intersection,Pluie légère,Deux véhicules - côté,4,1,1,0,1,1,2,0,1,50,2,3,2,0,0,1,36.0,48.0,voiture,deux_roues,1,2,1,2,3
202000027623,2020-11-05 09:45:00,2020,11,5,9,45,26,26085,Route de Saint Paul ,44.491783,4.752461,Plein jour,Hors agglomération,Autre intersection,Normale,Deux véhicules - frontale,3,2,2,0,1,1,1,0,1,80,2,2,1,1,0,0,66.0,57.0,voiture,utilitaire_camion,1,1,9,1,1
202000027624,2020-06-05 16:50:00,2020,6,5,16,50,29,29232,Boulevard d'Ergué Armel,47.98992,-4.07383,Plein jour,Hors agglomération,Hors intersection,Normale,Trois véhicules et plus - en chaîne,3,3,0,0,2,1,1,0,1,70,3,4,2,0,0,2,58.0,69.0,voiture,voiture,1,1,1,1,4
202000027625,2020-10-01 07:05:00,2020,10,1,7,5,75,75112,ROUTE DE CEINTURE DU LAC DAUMESNIL,48.832413,2.415346,Nuit avec éclairage allumé,En agglomération,Hors intersection,Pluie légère,Deux véhicules - arrière,4,2,2,0,1,1,2,0,1,50,2,2,1,0,0,1,34.0,24.0,voiture,deux_roues,5,2,1,2,2
202000027626,2020-11-05 00:35:00,2020,11,5,0,35,42,42231,D81,46.09057,3.947294,Nuit sans éclairage public,Hors agglomération,Passage à niveau,Normale,Autre collision,3,2,2,0,1,3,1,4,3,80,1,1,0,0,1,0,31.0,,deux_roues,,3,1,8,1,6
202000027627,2020-10-02 08:00:00,2020,10,2,8,0,75,75110,RUE ALIBERT,48.871947,2.368896,Plein jour,En agglomération,Hors intersection,Pluie légère,Deux véhicules - arrière,4,2,2,0,2,1,2,0,1,50,2,2,1,0,0,1,25.0,17.0,utilitaire_camion,deux_roues,1,2,1,2,2
202000027628,2020-06-05 09:45:00,2020,6,5,9,45,29,29232,Rond Point d'Ergue Armel,47.9837,-4.07473,Plein jour,En agglomération,Giratoire,Normale,Deux véhicules - arrière,3,1,0,0,3,1,1,5,1,50,2,3,1,0,0,2,20.0,43.0,voiture,utilitaire_camion,1,2,6,1,2
202000027629,2020-11-05 15:55:00,2020,11,5,15,55,62,62060,18 Rue Bordeloise,50.229755,2.114992,Plein jour,En agglomération,Hors intersection,Temps éblouissant,,4,1,1,0,1,1,1,0,1,50,2,2,1,0,1,0,38.0,,voiture,,1,2,1,7,-1
202000027630,2020-10-02 09:05:00,2020,10,2,9,5,75,75107,RUE DE L UNIVERSITE,48.86113,2.306987,Plein jour,En agglomération,Intersection en X,Pluie légère,Autre collision,4,1,1,0,1,1,2,0,1,50,1,2,1,0,0,1,63.0,,voiture,,1,2,2,2,6
202000027631,2020-06-05 17:40:00,2020,6,5,17,40,29,29146,N165,47.91934,-3.88047,Plein jour,Hors agglomération,Hors intersection,Temps couvert,Sans collision,2,2,4,0,1,1,1,0,2,110,1,1,0,0,0,1,42.0,,voiture,,1,1,1,8,7
202000027632,2020-11-04 16:45:00,2020,11,4,16,45,57,57171,D20,48.888903,6.399515,Plein jour,Hors agglomération,Hors intersection,Normale,Autre collision,3,2,2,0,2,4,1,0,3,80,1,2,0,1,1,0,70.0,,voiture,,1,1,1,1,6