accident_id,datetime,annee,mois,jour,heure,minute,departement,commune_insee,adresse,latitude,longitude,luminosite,agglomeration,intersection,meteo,collision,catr,circ,nbv,vosp,prof,plan,surf,infra,situ,vma,nb_vehicules,nb_usagers,nb_indemnes,nb_tues,nb_blesses_hosp,nb_blesses_legers,age_cond_1,age_cond_2,veh_type_cond_1,veh_type_cond_2,lum_code,agg_code,int_code,atm_code,col_code
202000027633,2020-06-04 11:52:00,2020,6,4,11,52,29,29019,Rue Anatole France,48.38315,-4.50917,Plein jour,En agglomération,Intersection en X,Normale,Deux véhicules - frontale,4,2,2,0,2,1,1,5,1,50,2,2,1,0,1,0,27.0,20.0,deux_roues,voiture,1,2,2,1,1
202000027634,2020-10-02 16:10:00,2020,10,2,16,10,75,75103,PLACE DE LA REPUBLIQUE,48.867327,2.363297,Plein jour,En agglomération,Place,Pluie légère,Autre collision,4,1,2,0,1,1,2,9,1,50,1,1,0,0,0,1,72.0,,deux_roues,,1,2,7,2,6
202000027635,2020-11-05 16:12:00,2020,11,5,16,12,77,77020,N4,48.692533,3.186035,Plein jour,Hors agglomération,Intersection en X,Normale,Deux véhicules - côté,2,2,2,0,1,1,1,0,1,80,2,3,0,0,1,2,32.0,21.0,utilitaire_camion,utilitaire_camion,1,1,2,1,3
202000027636,2020-05-29 16:08:00,2020,5,29,16,8,29,29019,Rue Général Paulet,48.4226187,-4.4759439,Plein jour,En agglomération,Giratoire,Normale,Deux véhicules - côté,4,2,0,0,1,3,1,5,1,50,2,2,1,0,0,1,45.0,47.0,voiture,deux_roues,1,2,6,1,3
202000027637,2020-10-02 13:10:00,2020,10,2,13,10,75,75103,RUE BEAUBOURG,48.862222,2.354038,Plein jour,En agglomération,Hors intersection,Temps couvert,Deux véhicules - arrière,4,1,3,0,1,1,2,0,1,50,2,1,0,0,0,1,24.0,,deux_roues,,1,2,1,8,2
202000027638,2020-11-04 10:55:00,2020,11,4,10,55,49,49125,Rue René Gaudicheau,47.195381,-0.290709,Plein jour,En agglomération,Hors intersection,Normale,Autre collision,7,2,2,0,1,2,1,0,4,50,1,1,0,1,0,0,79.0,,voiture,,1,2,1,1,6
202000027639,2020-11-05 13:00:00,2020,11,5,13,0,12,12288, Lieu Dit Fijaguet,44.439095,2.457253,Plein jour,Hors agglomération,Hors intersection,Normale,Autre collision,4,2,2,0,1,1,1,0,8,40,1,1,0,0,1,0,,,,,1,1,1,1,6
202000027640,2020-06-04 13:00:00,2020,6,4,13,0,24,24138,MARIVAL (ROUTE DE),45.1773,0.6738,Plein jour,Hors agglomération,Hors intersection,Normale,Deux véhicules - côté,4,2,1,0,1,1,1,9,1,50,2,2,1,0,1,0,58.0,34.0,deux_roues,voiture,1,1,1,1,3
202000027641,2020-10-02 12:45:00,2020,10,2,12,45,75,75103,RUE SAINT MARTIN,48.862573,2.352185,Plein jour,En agglomération,Hors intersection,Pluie légère,Sans collision,4,1,1,0,1,1,2,0,1,30,1,1,0,0,0,1,24.0,,deux_roues,,1,2,1,2,7
202000027642,2020-06-05 16:13:00,2020,6,5,16,13,17,17028,GRASSET   AVENUE EDMOND,46.13502,-1.12047,Plein jour,En agglomération,Giratoire,Normale,Deux véhicules - côté,4,1,2,1,1,3,1,0,1,50,2,2,1,0,0,1,76.0,79.0,voiture,deux_roues,1,2,6,1,3
202000027643,2020-10-30 00:45:00,2020,10,30,0,45,44,44158,L'Oiselais,47.282541,-1.759492,Nuit sans éclairage public,Hors agglomération,Hors intersection,Normale,Deux véhicules - frontale,3,2,2,0,1,1,1,0,1,80,2,2,1,0,1,0,24.0,23.0,voiture,voiture,3,1,1,1,1
202000027644,2020-10-02 17:00:00,2020,10,2,17,0,94,94068,LOUIS BLANC (AV),48.79346,2.49796,Plein jour,En agglomération,Intersection en X,Pluie légère,Deux véhicules - frontale,3,2,2,0,1,1,2,0,1,50,2,2,1,0,0,1,52.0,31.0,voiture,deux_roues,1,2,2,2,1
202000027645,2020-06-04 16:05:00,2020,6,4,16,5,17,17300,MOTTE ROUGE    PLACE DE LE COMM,46.15548,-1.14855,Plein jour,En agglomération,Hors intersection,Normale,Deux véhicules - côté,4,1,1,0,1,1,1,0,1,30,2,3,1,0,1,1,73.0,72.0,voiture,voiture,1,2,1,1,3
202000027646,2020-11-05 08:40:00,2020,11,5,8,40,29,29259,D58 - Kerjean,48.687833,-3.999587,Plein jour,Hors agglomération,Giratoire,Normale,Deux véhicules - côté,3,1,2,0,1,2,1,0,1,70,2,2,1,0,1,0,68.0,73.0,voiture,deux_roues,1,1,6,1,3
202000027647,2020-10-01 20:30:00,2020,10,1,20,30,94,94068,FOCH (AV),48.7983,2.50172,Nuit avec éclairage allumé,En agglomération,Hors intersection,Normale,Deux véhicules - arrière,3,2,2,0,1,1,1,0,1,50,2,2,1,0,0,1,33.0,15.0,voiture,deux_roues,5,2,1,1,2
202000027648,2020-06-05 11:55:00,2020,6,5,11,55,17,17449,RD 117,45.97905,-0.84066,Plein jour,Hors agglomération,Hors intersection,Normale,Sans collision,3,2,2,0,1,3,1,0,1,80,1,1,0,0,1,0,24.0,,voiture,,1,1,1,1,7
202000027649,2020-10-24 20:10:00,2020,10,24,20,10,38,38001,Rue Aristide Briand,45.539312,5.583855,Nuit avec éclairage allumé,En agglomération,Hors intersection,Normale,Deux véhicules - côté,4,2,2,0,1,1,1,0,1,50,2,2,1,0,0,1,23.0,24.0,voiture,voiture,5,2,1,1,3
202000027650,2020-10-02 18:05:00,2020,10,2,18,5,94,94015,GEORGES MELIES (BD),48.828977,2.525707,Plein jour,En agglomération,Intersection en T,Normale,Deux véhicules - côté,3,2,2,0,1,1,2,5,1,50,2,2,1,0,1,0,51.0,27.0,deux_roues,utilitaire_camion,1,2,3,1,3
202000027651,2020-06-05 19:18:00,2020,6,5,19,18,13,13203,STRASBOURG (PLACE),43.30639,5.37365,Plein jour,En agglomération,Hors intersection,Normale,Autre collision,4,1,2,0,1,1,1,0,6,50,1,1,0,0,0,1,,,,,1,2,1,1,6
202000027652,2020-11-05 08:40:00,2020,11,5,8,40,15,15243,D678,45.243636,2.533357,Plein jour,Hors agglomération,Hors intersection,Normale,Sans collision,3,2,2,0,2,1,1,0,3,90,1,1,0,0,1,0,34.0,,utilitaire_camion,,1,1,1,1,7
202000027653,2020-10-01 17:25:00,2020,10,1,17,25,94,94046,GENERAL LECLERC (AV DU),48.80655,2.43937,Plein jour,En agglomération,Autre intersection,Normale,Deux véhicules - côté,3,1,2,0,1,1,1,9,1,50,2,2,1,0,0,1,71.0,29.0,voiture,voiture,1,2,9,1,3
202000027654,2020-10-02 20:20:00,2020,10,2,20,20,94,94016,LOUIS GEORGEON (AV),48.793203,2.335099,Nuit avec éclairage allumé,En agglomération,Autre intersection,Normale,Deux véhicules - côté,3,2,5,3,1,1,1,0,1,50,2,2,1,0,0,1,22.0,26.0,voiture,voiture,5,2,9,1,3
202000027655,2020-06-05 01:50:00,2020,6,5,1,50,13,13212,24 AVRIL 15 (AVENUE DU),43.307685,5.425435,Nuit avec éclairage allumé,En agglomération,Intersection en X,Normale,,1,3,1,0,1,1,1,0,1,50,2,4,3,0,0,1,27.0,21.0,voiture,voiture,5,2,2,1,-1
202000027656,2020-07-17 12:45:00,2020,7,17,12,45,15,15221,N122,44.882977,2.325158,Plein jour,Hors agglomération,Hors intersection,Normale,Deux véhicules - arrière,2,2,2,0,1,1,1,0,1,80,2,4,2,0,0,2,44.0,41.0,voiture,deux_roues,1,1,1,1,2
202000027657,2020-10-02 14:20:00,2020,10,2,14,20,94,94043,CHARLES GIDE (AV),48.8059728,2.3493844,Plein jour,En agglomération,Hors intersection,Pluie forte,Autre collision,3,2,0,0,2,1,2,0,1,30,1,2,1,0,0,1,28.0,,voiture,,1,2,1,3,6
202000027658,2020-10-30 14:19:00,2020,10,30,14,19,01,01352,D26,46.414562,4.998833,Plein jour,En agglomération,Intersection en T,Normale,Deux véhicules - côté,3,2,2,0,1,1,1,0,1,50,2,3,1,0,1,1,81.0,27.0,voiture,voiture,1,2,3,1,3
202000027659,2020-06-02 17:45:00,2020,6,2,17,45,07,07019,SAINT DIDIER (BOULEVARD),44.61785,4.39191,Plein jour,En agglomération,Intersection en T,Normale,Autre collision,4,2,2,0,3,1,1,0,1,50,1,1,0,0,1,0,50.0,,deux_roues,,1,2,3,1,6
202000027660,2020-10-02 14:30:00,2020,10,2,14,30,94,94041,PIERRE SEMARD (AV),48.81778,2.38161,Plein jour,En agglomération,Intersection en X,Pluie légère,Autre collision,3,2,2,0,1,2,2,5,1,50,1,2,1,0,0,1,40.0,,voiture,,1,2,2,2,6
202000027661,2020-06-05 18:50:00,2020,6,5,18,50,06,06088,FRANCE (R. DE) A PARTIR DU N° 66-91,43.6951199,7.2556845,Plein jour,En agglomération,Hors intersection,Normale,Autre collision,4,1,1,0,1,1,1,0,4,50,1,2,0,0,1,1,48.0,,deux_roues,,1,2,1,1,6
202000027662,2020-10-02 14:40:00,2020,10,2,14,40,94,94011,CATELAS.(RUE JEAN),48.762612,2.483095,Plein jour,En agglomération,Autre intersection,Pluie forte,Deux véhicules - côté,4,-1,2,0,1,1,2,0,1,50,2,2,1,0,0,1,91.0,28.0,voiture,transport_commun,1,2,9,3,3
202000027663,2020-11-04 09:45:00,2020,11,4,9,45,07,07110,Place de la gare,44.480161,4.241935,Plein jour,En agglomération,Hors intersection,Normale,Autre collision,6,-1,0,0,1,2,1,9,1,30,1,3,2,0,1,0,41.0,,voiture,,1,2,1,1,6
202000027664,2020-06-05 20:15:00,2020,6,5,20,15,06,06069,PROVENCE (AVENUE DE),43.652323,6.92228,Crépuscule ou aube,En agglomération,Hors intersection,Normale,Trois véhicules et plus - en chaîne,3,1,1,0,1,1,1,0,1,50,3,3,1,0,1,1,31.0,46.0,voiture,deux_roues,2,2,1,1,4
202000027665,2020-10-02 07:30:00,2020,10,2,7,30,94,94028,MECHES.(RUE DES),48.793552,2.461044,Nuit avec éclairage allumé,En agglomération,Intersection en X,Pluie forte,Autre collision,3,-1,2,0,1,1,2,5,1,50,1,2,1,0,0,1,32.0,,deux_roues,,5,2,2,3,6
202000027666,2020-11-05 10:50:00,2020,11,5,10,50,40,40117,1255 Route d'Aire,43.774197,-0.411027,Plein jour,Hors agglomération,Hors intersection,Normale,Autre collision,3,2,2,0,1,1,1,0,3,80,1,1,0,1,0,0,24.0,,voiture,,1,1,1,1,6
202000027667,2020-06-03 15:00:00,2020,6,3,15,0,05,05061,FOREST D'ENTRAIS ( RUE  DU ),44.56657,6.08746,Plein jour,En agglomération,Hors intersection,Normale,Sans collision,4,2,2,0,2,1,1,0,1,50,1,1,0,0,1,0,25.0,,deux_roues,,1,2,1,1,7
202000027668,2020-10-02 07:00:00,2020,10,2,7,0,94,94011,REPUBLIQUE(AVENUE DE LA),48.76539,2.48088,Nuit avec éclairage allumé,En agglomération,Intersection en X,Pluie forte,Deux véhicules - côté,3,2,2,0,1,2,2,0,6,50,2,2,0,0,0,2,57.0,51.0,voiture,transport_commun,5,2,2,3,3
202000027669,2020-06-05 20:35:00,2020,6,5,20,35,75,75120,AVENUE DE LA PORTE DE BAGNOLET,48.86491,2.410777,Plein jour,En agglomération,Hors intersection,Pluie légère,Sans collision,4,2,4,3,2,1,2,-1,6,50,1,1,0,0,0,1,28.0,,deux_roues,,1,2,1,2,7
202000027670,2020-11-05 12:30:00,2020,11,5,12,30,38,38253,D1091,45.028346,6.076641,Plein jour,Hors agglomération,Autre intersection,Normale,Deux véhicules - côté,3,2,2,1,2,3,1,1,1,70,2,2,0,0,0,2,28.0,31.0,utilitaire_camion,voiture,1,1,9,1,3
202000027671,2020-06-05 19:10:00,2020,6,5,19,10,75,75120,RUE DES PYRENEES,48.857638,2.403903,Crépuscule ou aube,En agglomération,Intersection en X,Normale,Deux véhicules - côté,4,2,3,3,1,1,1,0,1,50,2,2,1,0,0,1,27.0,46.0,deux_roues,utilitaire_camion,2,2,2,1,3
202000027672,2020-10-23 06:30:00,2020,10,23,6,30,38,38475,Rue du Brisson,45.670474,5.114865,Nuit sans éclairage public,Hors agglomération,Hors intersection,Pluie forte,Deux véhicules - frontale,4,2,2,0,1,3,2,0,1,70,2,2,1,0,0,1,32.0,55.0,voiture,utilitaire_camion,3,1,1,3,1
202000027673,2020-10-01 08:00:00,2020,10,1,8,0,94,94028,MECHES.(RUE DES),48.789746,2.461127,Nuit avec éclairage allumé,En agglomération,Hors intersection,Pluie forte,Autre collision,4,2,2,0,1,1,2,0,1,50,1,2,1,0,0,1,52.0,,voiture,,5,2,1,3,6
202000027674,2020-06-05 14:10:00,2020,6,5,14,10,75,75120,ECHANGEUR MONTREUIL,48.853517,2.413663,Plein jour,En agglomération,Place,Normale,Deux véhicules - côté,4,1,3,0,1,1,1,9,1,50,2,2,1,0,0,1,19.0,19.0,deux_roues,voiture,1,2,7,1,3
202000027675,2020-11-04 17:15:00,2020,11,4,17,15,978,97801,route de sandy ground,18.061986,-63.093882,Plein jour,En agglomération,Hors intersection,Normale,Autre collision,4,-1,1,0,1,2,1,0,1,50,1,2,1,0,1,0,24.0,,deux_roues,,1,2,1,1,6
202000027676,2020-06-05 10:05:00,2020,6,5,10,5,75,75119,AVENUE CORENTIN CARIOU,48.895512,2.383205,Plein jour,En agglomération,Hors intersection,Normale,Deux véhicules - côté,4,2,3,0,1,1,1,0,1,50,2,2,1,0,0,1,28.0,34.0,utilitaire_camion,deux_roues,1,2,1,1,3
202000027677,2020-10-02 09:45:00,2020,10,2,9,45,94,94022,HUIT MAI 1945 (AV DU),48.7679,2.4103,Plein jour,En agglomération,Hors intersection,Pluie légère,Trois véhicules et plus - collisions multiples,3,2,2,0,1,2,2,0,1,30,4,4,2,0,0,2,35.0,29.0,voiture,voiture,1,2,1,2,5
202000027678,2020-06-05 12:50:00,2020,6,5,12,50,75,75116,RUE DE LA POMPE,48.860812,2.275216,Plein jour,En agglomération,Intersection en T,Temps couvert,Autre collision,4,2,2,0,1,1,1,0,1,30,1,2,1,0,0,1,31.0,,deux_roues,,1,2,3,8,6
202000027679,2020-11-05 18:05:00,2020,11,5,18,5,41,41288,RD 50,47.664788,1.374493,Nuit sans éclairage public,Hors agglomération,Hors intersection,Normale,Deux véhicules - côté,3,2,2,0,1,1,1,0,1,80,2,2,1,0,1,0,64.0,55.0,utilitaire_camion,voiture,3,1,1,1,3
202000027680,2020-10-22 09:30:00,2020,10,22,9,30,91,91405,21 Place du Marché,48.402641,2.470466,Plein jour,En agglomération,Hors intersection,Normale,Autre collision,6,-1,1,0,1,1,1,9,8,10,1,2,1,0,1,0,82.0,,voiture,,1,2,1,1,6
202000027681,2020-10-02 08:40:00,2020,10,2,8,40,94,94055,OLIVIER D ORMESSON (AV),48.780946,2.514515,Crépuscule ou aube,En agglomération,Intersection en X,Pluie forte,,3,2,2,0,1,1,2,0,1,50,2,2,1,0,0,1,42.0,55.0,deux_roues,voiture,2,2,2,3,-1
202000027682,2020-06-05 07:55:00,2020,6,5,7,55,75,75116,AVENUE HENRI MARTIN,48.862971,2.269173,Plein jour,En agglomération,Intersection en T,Temps couvert,Deux véhicules - côté,4,3,4,0,1,1,1,0,1,50,2,2,1,0,0,1,54.0,31.0,deux_roues,utilitaire_camion,1,2,3,8,3
202000027683,2020-11-05 10:38:00,2020,11,5,10,38,34,34182,D13,43.41722,3.418167,Plein jour,Hors agglomération,Hors intersection,Normale,Deux véhicules - frontale,3,2,2,0,1,1,1,0,1,90,2,2,1,0,1,0,57.0,28.0,utilitaire_camion,utilitaire_camion,1,1,1,1,1
202000027684,2020-10-01 08:25:00,2020,10,1,8,25,94,94055,8 Rue Georges Guynemer,48.781317,2.531735,Plein jour,En agglomération,Hors intersection,Pluie forte,Autre collision,4,1,1,0,2,1,2,0,1,50,1,3,1,1,0,1,58.0,,voiture,,1,2,1,3,6
202000027685,2020-06-03 12:40:00,2020,6,3,12,40,75,75116,RUE ALFRED BRUNEAU,48.856176,2.277867,Plein jour,En agglomération,Intersection à plus de 4 branches,Normale,Deux véhicules - côté,4,2,2,0,1,1,1,0,1,50,2,2,1,0,0,1,27.0,49.0,deux_roues,voiture,1,2,5,1,3
202000027686,2020-11-05 09:15:00,2020,11,5,9,15,83,83068,cd 559 ST PONS LES MURES,43.279951,6.578053,Plein jour,Hors agglomération,Hors intersection,Normale,Deux véhicules - côté,3,2,2,0,1,1,1,9,1,70,2,3,1,0,2,0,42.0,27.0,deux_roues,voiture,1,1,1,1,3
202000027687,2020-09-30 10:00:00,2020,9,30,10,0,94,94055,GENERAL DE GAULLE (AV DU),48.7863,2.5382,Plein jour,En agglomération,Intersection en T,Normale,Deux véhicules - arrière,3,2,2,0,1,1,1,0,1,50,2,3,1,0,0,2,27.0,31.0,voiture,voiture,1,2,3,1,2
202000027688,2020-11-01 21:40:00,2020,11,1,21,40,10,10216,Rue Pasteur,48.667902,4.190689,Nuit avec éclairage allumé,En agglomération,Intersection en X,Normale,Autre collision,4,2,2,0,1,1,1,0,3,50,1,3,2,0,1,0,20.0,,voiture,,5,2,2,1,6
202000027689,2020-06-05 17:50:00,2020,6,5,17,50,75,75114,RUE D ALESIA,48.827839,2.328951,Plein jour,En agglomération,Intersection en T,Temps couvert,Deux véhicules - arrière,4,2,3,3,1,1,1,0,1,30,2,2,1,0,0,1,85.0,18.0,voiture,deux_roues,1,2,3,8,2
202000027690,2020-10-02 12:31:00,2020,10,2,12,31,93,93073,RESISTANCE (RUE DE LA),48.9475,2.5665,Plein jour,En agglomération,Giratoire,Pluie légère,Deux véhicules - côté,3,-1,2,0,1,1,2,5,1,50,2,2,1,0,1,0,37.0,73.0,deux_roues,voiture,1,2,6,2,3
202000027691,2020-06-05 09:19:00,2020,6,5,9,19,75,75113,GARE D AUSTERLITZ,48.843073,2.366322,Plein jour,En agglomération,Intersection en Y,Normale,Deux véhicules - côté,4,1,1,1,1,1,1,-1,5,30,2,2,1,0,0,1,42.0,35.0,deux_roues,voiture,1,2,4,1,3
202000027692,2020-10-02 17:50:00,2020,10,2,17,50,93,93071,AULNAY (RUE D'),48.9399182,2.5165221,Plein jour,En agglomération,Hors intersection,Pluie légère,Deux véhicules - côté,3,2,2,0,1,1,2,9,1,50,2,2,1,0,0,1,21.0,38.0,deux_roues,voiture,1,2,1,2,3
202000027693,2020-06-05 07:45:00,2020,6,5,7,45,75,75112,RUE DE CHARENTON,48.833049,2.395746,Plein jour,En agglomération,Hors intersection,Normale,Autre collision,4,-1,2,0,1,1,1,9,4,50,1,1,0,0,0,1,,,,,1,2,1,1,6
202000027694,2020-10-02 15:10:00,2020,10,2,15,10,93,93070,DOCTEUR BAUER(RUE DU):APRES 131,48.9041,2.34611,Plein jour,En agglomération,Hors intersection,Pluie légère,Autre collision,4,2,2,0,1,1,2,0,1,50,1,2,1,0,0,1,21.0,,voiture,,1,2,1,2,6
202000027695,2020-10-02 19:45:00,2020,10,2,19,45,93,93051,BARON LOUIS (AVENUE),48.8519,2.5439,Nuit avec éclairage allumé,En agglomération,Hors intersection,Temps couvert,Autre collision,4,1,1,0,2,1,2,0,1,30,1,2,0,0,2,0,33.0,,voiture,,5,2,1,8,6
202000027696,2020-06-05 02:56:00,2020,6,5,2,56,75,75111,AVENUE DE LA REPUBLIQUE,48.864613,2.378006,Nuit avec éclairage allumé,En agglomération,Intersection à plus de 4 branches,Normale,Deux véhicules - côté,4,-1,2,0,1,1,1,0,1,50,2,2,1,0,0,1,24.0,29.0,voiture,deux_roues,5,2,5,1,3
202000027697,2020-10-02 07:40:00,2020,10,2,7,40,93,93032,DIX NEUF MARS   (RUE DU),48.8932459,2.5418649,Crépuscule ou aube,En agglomération,Hors intersection,Pluie légère,Autre collision,3,2,2,0,1,1,2,0,1,50,1,2,1,0,0,1,68.0,,voiture,,2,2,1,2,6
202000027698,2020-06-05 07:50:00,2020,6,5,7,50,75,75109,RUE DROUOT,48.875069,2.340866,Plein jour,En agglomération,Intersection à plus de 4 branches,Normale,Autre collision,4,-1,0,0,1,3,1,0,1,50,1,2,1,0,0,1,35.0,,voiture,,1,2,5,1,6
202000027699,2020-10-02 15:00:00,2020,10,2,15,0,93,93029,AV MARCEAU N° 1-27,48.9279924,2.4371851,Plein jour,En agglomération,Hors intersection,Pluie forte,Deux véhicules - côté,3,2,2,0,1,3,2,8,1,50,2,2,1,0,0,1,19.0,26.0,deux_roues,voiture,1,2,1,3,3
202000027700,2020-06-04 13:30:00,2020,6,4,13,30,75,75108,AVENUE DES CHAMPS ELYSEES,48.871089,2.303486,Plein jour,En agglomération,Intersection en T,Pluie légère,Deux véhicules - côté,4,2,8,1,1,1,2,-1,5,50,2,2,1,0,0,1,61.0,32.0,voiture,deux_roues,1,2,3,2,3
202000027701,2020-10-01 21:40:00,2020,10,1,21,40,93,93027,AV VICTOR HUGO,48.92457,2.38626,Nuit avec éclairage allumé,En agglomération,Hors intersection,Normale,Autre collision,4,2,2,0,1,1,1,0,1,30,1,2,1,0,0,1,21.0,,voiture,,5,2,1,1,6
202000027702,2020-06-05 11:00:00,2020,6,5,11,0,75,75103,RUE DE BEARN,48.856821,2.366033,Plein jour,En agglomération,Intersection en X,Normale,Deux véhicules - côté,4,1,1,0,1,1,1,0,1,50,2,2,1,0,0,1,43.0,24.0,voiture,deux_roues,1,2,2,1,3
202000027703,2020-06-05 20:10:00,2020,6,5,20,10,75,75103,RUE DE LA PERLE,48.859951,2.360778,Plein jour,En agglomération,Intersection en X,Pluie légère,Sans collision,4,1,1,0,1,1,2,0,1,30,1,1,0,0,0,1,30.0,,deux_roues,,1,2,2,2,7
202000027704,2020-10-02 07:50:00,2020,10,2,7,50,93,93007,DOCTEUR CALMETTE (RUE DU),48.9418206,2.4754052,Nuit avec éclairage non allumé,En agglomération,Hors intersection,Pluie forte,Autre collision,4,2,3,0,1,1,2,0,1,50,1,2,1,0,1,0,23.0,,voiture,,4,2,1,3,6
202000027705,2020-06-04 12:30:00,2020,6,4,12,30,75,75104,RUE DE LA COUTELLERIE,48.857236,2.349526,Plein jour,En agglomération,Intersection à plus de 4 branches,Temps couvert,Sans collision,4,1,3,0,1,3,2,0,1,50,1,1,0,0,0,1,24.0,,deux_roues,,1,2,5,8,7
202000027706,2020-10-02 12:20:00,2020,10,2,12,20,93,93005,JULES PRINCET [CD115] (RUE),48.9369362,2.4979334,Plein jour,En agglomération,Hors intersection,Pluie légère,Deux véhicules - arrière,3,2,2,0,1,1,2,0,1,50,2,3,2,0,0,1,41.0,29.0,utilitaire_camion,deux_roues,1,2,1,2,2
202000027707,2020-06-05 16:30:00,2020,6,5,16,30,94,94052,PAUL DOUMER (R),48.8367,2.4805,Plein jour,En agglomération,Hors intersection,Temps couvert,Deux véhicules - côté,4,1,1,2,1,1,1,0,1,30,2,2,1,0,1,0,31.0,48.0,voiture,deux_roues,1,2,1,8,3
202000027708,2020-10-02 19:35:00,2020,10,2,19,35,93,93001,ANATOLE FRANCE  (BLD) IMPAIR,48.91783,2.38212,Nuit avec éclairage allumé,En agglomération,Hors intersection,Pluie légère,Autre collision,3,2,2,0,1,1,2,0,1,50,1,2,1,0,0,1,27.0,,voiture,,5,2,1,2,6
202000027709,2020-06-04 00:40:00,2020,6,4,0,40,94,94058,PIERRE BROSSOLETTE (AV),48.83475,2.51243,Nuit avec éclairage allumé,En agglomération,Intersection en T,Pluie forte,Deux véhicules - côté,3,2,2,0,1,1,2,0,1,50,2,2,1,0,0,1,26.0,28.0,voiture,voiture,5,2,3,3,3
202000027710,2020-10-01 23:15:00,2020,10,1,23,15,92,92051,"BINEAU (BOULEVARD, N°133 A 217 ET 134 A",48.8888796,2.2739151,Nuit avec éclairage allumé,En agglomération,Hors intersection,Normale,Trois véhicules et plus - en chaîne,3,3,5,3,1,1,1,0,1,50,3,4,3,0,0,1,37.0,26.0,voiture,voiture,5,2,1,1,4
202000027711,2020-10-01 17:30:00,2020,10,1,17,30,92,92050,LONGUES RAIES RUE DES,48.89537,2.23072,Plein jour,En agglomération,Hors intersection,Temps couvert,Deux véhicules - côté,4,2,2,0,1,1,2,0,1,50,2,2,1,0,0,1,40.0,51.0,utilitaire_camion,deux_roues,1,2,1,8,3
202000027712,2020-10-02 03:05:00,2020,10,2,3,5,92,92050,CHATOU ROUTE DE,48.892509,2.186817,Nuit avec éclairage allumé,En agglomération,Intersection en X,Pluie légère,Deux véhicules - côté,3,1,2,0,1,1,2,0,1,50,2,5,3,0,0,2,39.0,48.0,voiture,voiture,5,2,2,2,3
202000027713,2020-06-03 19:15:00,2020,6,3,19,15,94,94076,MARCEL GROSMESNIL (R),48.796899,2.354636,Plein jour,En agglomération,Hors intersection,Normale,Deux véhicules - frontale,4,2,2,0,1,1,1,0,1,50,2,2,1,0,0,1,29.0,19.0,voiture,deux_roues,1,2,1,1,1
202000027714,2020-10-02 01:00:00,2020,10,2,1,0,92,92050,VAILLANT COUTURIER PAUL RUE,48.8833552,2.2038113,Nuit avec éclairage allumé,En agglomération,Hors intersection,Normale,Sans collision,3,3,2,0,2,1,1,0,1,50,1,1,0,0,0,1,21.0,,deux_roues,,5,2,1,1,7
202000027715,2020-06-05 13:00:00,2020,6,5,13,0,94,94011,MOULIN BATEAU.(RUE DU),48.7832031,2.5038588,Plein jour,En agglomération,Hors intersection,Temps couvert,Deux véhicules - arrière,4,2,2,0,1,1,1,0,1,50,2,2,1,0,0,1,18.0,51.0,deux_roues,voiture,1,2,1,8,2
202000027716,2020-10-02 10:05:00,2020,10,2,10,5,92,92049,BROSSOLETTE AVENUE PIERRE,48.8177131,2.3079322,Plein jour,En agglomération,Intersection en X,Pluie légère,Deux véhicules - frontale,3,3,4,0,1,1,2,0,1,50,2,2,1,0,0,1,59.0,63.0,voiture,deux_roues,1,2,2,2,1
202000027717,2020-06-02 20:20:00,2020,6,2,20,20,94,94017,STALINGRAD (BD DE),48.819322,2.502279,Plein jour,En agglomération,Intersection en X,Normale,Deux véhicules - côté,3,1,1,0,1,1,1,0,1,50,2,2,0,0,0,2,16.0,,deux_roues,,1,2,2,1,3
202000027718,2020-10-02 10:10:00,2020,10,2,10,10,92,92012,MEUDON (RUE DE) - COTE PAIR,48.82558,2.2419,Plein jour,En agglomération,Intersection en X,Pluie légère,Deux véhicules - côté,4,2,2,0,1,1,2,0,1,50,2,2,1,0,1,0,35.0,40.0,utilitaire_camion,deux_roues,1,2,2,2,3
202000027719,2020-04-05 20:25:00,2020,4,5,20,25,94,94017,REPUBLIQUE (AV DE LA) ,48.8253014,2.5098916,Plein jour,En agglomération,Intersection en X,Normale,Deux véhicules - arrière,3,2,2,0,1,1,1,0,1,50,2,1,0,0,0,1,25.0,,deux_roues,,1,2,2,1,2
202000027720,2020-10-02 16:30:00,2020,10,2,16,30,92,92012,REINE (ROUTE DE LA) 82/FIN - 107TER/FIN,48.8404529,2.2316149,Plein jour,En agglomération,Intersection en X,Pluie légère,Deux véhicules - côté,3,2,2,0,1,1,2,0,1,50,2,2,1,0,0,1,41.0,32.0,utilitaire_camion,deux_roues,1,2,2,2,3
202000027721,2020-06-05 08:15:00,2020,6,5,8,15,94,94004,FONTAINE (R DE LA),48.749387,2.508436,Plein jour,En agglomération,Intersection en X,Temps couvert,Deux véhicules - côté,2,2,4,0,2,1,1,0,1,50,2,2,1,0,0,1,26.0,39.0,voiture,deux_roues,1,2,2,8,3
202000027722,2020-10-02 15:20:00,2020,10,2,15,20,92,92012,CHATEAU (RUE DU) 1/125 - 2/136,48.8421926,2.2399208,Plein jour,En agglomération,Intersection en X,Pluie forte,Deux véhicules - frontale,3,2,2,0,1,1,2,9,1,50,2,2,1,0,0,1,38.0,21.0,voiture,deux_roues,1,2,2,3,1
202000027723,2020-06-05 14:00:00,2020,6,5,14,0,93,93070,BD JEAN-JAURES,48.9128672,2.3350313,Plein jour,En agglomération,Place,Normale,Deux véhicules - côté,3,3,4,0,1,1,1,0,1,50,2,2,1,0,0,1,52.0,31.0,deux_roues,voiture,1,2,7,1,3
202000027724,2020-10-01 18:00:00,2020,10,1,18,0,92,92004,BAS ( RUE DES ),48.9203686,2.2885439,Crépuscule ou aube,En agglomération,Autre intersection,Pluie légère,Deux véhicules - côté,3,-1,0,0,1,1,1,0,1,50,2,2,1,0,0,1,23.0,46.0,deux_roues,voiture,2,2,9,2,3