accident_id,datetime,annee,mois,jour,heure,minute,departement,commune_insee,adresse,latitude,longitude,luminosite,agglomeration,intersection,meteo,collision,catr,circ,nbv,vosp,prof,plan,surf,infra,situ,vma,nb_vehicules,nb_usagers,nb_indemnes,nb_tues,nb_blesses_hosp,nb_blesses_legers,age_cond_1,age_cond_2,veh_type_cond_1,veh_type_cond_2,lum_code,agg_code,int_code,atm_code,col_code
202000027725,2020-09-22 09:40:00,2020,9,22,9,40,92,92004,ROBERT DUPONT,48.9195703,2.2808239,Plein jour,En agglomération,Hors intersection,Temps couvert,Deux véhicules - côté,3,2,2,0,1,1,1,0,1,50,2,2,1,0,0,1,40.0,46.0,voiture,deux_roues,1,2,1,8,3
202000027726,2020-06-05 15:45:00,2020,6,5,15,45,93,93066,CROIZAT AMBROISE RD 29 BIS,48.9321,2.349,Plein jour,En agglomération,Hors intersection,Normale,Trois véhicules et plus - en chaîne,3,3,2,2,1,1,1,0,1,50,3,3,1,0,0,2,31.0,57.0,utilitaire_camion,utilitaire_camion,1,2,1,1,4
202000027727,2020-09-30 17:30:00,2020,9,30,17,30,38,38238,Route de Vienne,45.495195,5.045863,Plein jour,En agglomération,Intersection en X,Normale,Deux véhicules - frontale,3,2,2,0,1,1,1,0,1,50,2,2,1,0,0,1,23.0,41.0,voiture,voiture,1,2,2,1,1
202000027728,2020-06-05 21:15:00,2020,6,5,21,15,93,93046,KENNEDY AVENUE DU PRESIDENT,48.91654,2.5315,Crépuscule ou aube,En agglomération,Intersection en X,Normale,Deux véhicules - côté,3,1,2,0,1,1,1,5,1,50,2,2,1,0,0,1,30.0,27.0,voiture,voiture,2,2,2,1,3
202000027729,2020-06-05 16:05:00,2020,6,5,16,5,93,93046,CH DES POSTES,48.90856,2.53455,Plein jour,En agglomération,Hors intersection,Normale,Deux véhicules - frontale,4,2,2,0,1,2,1,0,1,30,2,2,1,0,0,1,33.0,49.0,transport_commun,voiture,1,2,1,1,1
202000027730,2020-10-02 11:10:00,2020,10,2,11,10,35,35125,Promenade du Grand Mail,47.94195,-1.232555,Plein jour,En agglomération,Autre intersection,Temps éblouissant,Autre collision,9,2,2,0,1,1,1,0,1,30,1,2,1,0,0,1,85.0,,voiture,,1,2,9,7,6
202000027731,2020-06-05 16:30:00,2020,6,5,16,30,93,93005,ROND-POINT DES DROITS DE L'HOMME,48.9297,2.480936,Plein jour,En agglomération,Intersection en X,Normale,Deux véhicules - côté,3,1,2,0,1,1,1,0,1,50,2,2,1,0,0,1,30.0,61.0,utilitaire_camion,deux_roues,1,2,2,1,3
202000027732,2020-06-05 14:40:00,2020,6,5,14,40,92,92046,PIERRE BROSSOLETTE (AVENUE),48.81906,2.3097038,Plein jour,En agglomération,Hors intersection,Normale,Autre collision,3,2,2,0,1,1,1,0,6,50,1,1,0,0,0,1,,,,,1,2,1,1,6
202000027733,2020-10-03 00:10:00,2020,10,3,0,10,74,74269,D992,45.972644,5.837098,Nuit sans éclairage public,Hors agglomération,Intersection en Y,Pluie forte,Deux véhicules - frontale,3,2,2,0,2,2,2,9,1,80,2,2,0,0,2,0,29.0,55.0,voiture,voiture,3,1,4,3,1
202000027734,2020-06-05 17:45:00,2020,6,5,17,45,92,92050,REPUBLIQUE AVENUE DE LA,48.9085368,2.2148918,Plein jour,En agglomération,Intersection en T,Normale,Deux véhicules - côté,3,1,1,0,1,1,1,0,1,50,2,3,1,0,0,2,29.0,55.0,deux_roues,voiture,1,2,3,1,3
202000027735,2020-10-03 10:00:00,2020,10,3,10,0,76,76125,Chemin de Crecieusemare,49.62464,1.16851,Plein jour,Hors agglomération,Autre intersection,Temps couvert,Deux véhicules - frontale,4,2,2,0,1,2,6,0,1,80,2,2,1,0,1,0,40.0,25.0,deux_roues,utilitaire_camion,1,1,9,8,1
202000027736,2020-10-02 21:45:00,2020,10,2,21,45,80,80738,D936,49.952272,2.063125,Nuit sans éclairage public,Hors agglomération,Hors intersection,Pluie forte,Deux véhicules - frontale,3,2,2,0,2,4,2,0,1,80,2,5,4,0,1,0,40.0,47.0,voiture,utilitaire_camion,3,1,1,3,1
202000027737,2020-10-02 14:45:00,2020,10,2,14,45,11,11152,D611,43.042453,2.830031,Plein jour,Hors agglomération,Hors intersection,Pluie forte,Deux véhicules - frontale,3,2,2,0,1,2,2,0,1,80,2,2,0,0,0,2,77.0,46.0,voiture,voiture,1,1,1,3,1
202000027738,2020-06-05 12:50:00,2020,6,5,12,50,92,92050,FAURE FELIX AVENUE,48.8856,2.21465,Plein jour,En agglomération,Intersection en T,Normale,Autre collision,3,1,1,0,4,1,1,0,1,50,1,2,1,0,0,1,22.0,,voiture,,1,2,3,1,6
202000027739,2020-10-02 10:45:00,2020,10,2,10,45,11,11262,D13,43.219368,3.010989,Plein jour,Hors agglomération,Hors intersection,Normale,Trois véhicules et plus - collisions multiples,3,2,2,0,1,1,1,0,1,80,3,3,2,0,1,0,59.0,34.0,voiture,voiture,1,1,1,1,5
202000027740,2020-06-04 09:00:00,2020,6,4,9,0,92,92050,REPUBLIQUE AVENUE DE LA,48.909659,2.217562,Plein jour,En agglomération,Intersection en T,Pluie légère,Autre collision,3,2,2,0,1,1,2,0,1,50,1,3,2,0,0,1,52.0,,utilitaire_camion,,1,2,3,2,6
202000027741,2020-10-03 12:50:00,2020,10,3,12,50,11,11255,D613,43.163558,2.910347,Plein jour,Hors agglomération,Hors intersection,Normale,Autre collision,3,2,2,0,1,3,1,0,1,80,1,1,0,0,1,0,30.0,,deux_roues,,1,1,1,1,6
202000027742,2020-10-02 17:30:00,2020,10,2,17,30,29,29171,D57 - Lieu Dit le Vieux Haffond,47.852277,-4.285204,Plein jour,Hors agglomération,Hors intersection,Pluie légère,Deux véhicules - arrière,3,2,2,0,1,1,2,0,1,80,2,3,1,0,1,1,69.0,27.0,voiture,voiture,1,1,1,2,2
202000027743,2020-06-04 17:20:00,2020,6,4,17,20,92,92025,GABRIEL PERI (RUE),48.917102,2.235968,Plein jour,En agglomération,Autre intersection,Pluie légère,Autre collision,3,1,3,0,1,1,1,0,1,50,1,2,1,0,0,1,54.0,,utilitaire_camion,,1,2,9,2,6
202000027744,2020-10-03 01:40:00,2020,10,3,1,40,31,31356,900 Route de Toulouse,43.685947,1.245457,Nuit sans éclairage public,Hors agglomération,Giratoire,Pluie légère,Autre collision,2,2,2,0,1,1,2,8,1,80,1,1,0,1,0,0,46.0,,utilitaire_camion,,3,1,6,2,6
202000027745,2020-06-03 22:28:00,2020,6,3,22,28,92,92024,FRANCOIS MITERRAND (PLACE),48.9029521,2.3128608,Nuit avec éclairage allumé,En agglomération,Giratoire,Pluie forte,Deux véhicules - arrière,3,2,-1,-1,1,1,2,0,1,-1,2,2,1,0,0,1,44.0,49.0,voiture,deux_roues,5,2,6,3,2
202000027746,2020-10-02 18:45:00,2020,10,2,18,45,38,38140,Avenue Joliot Curie,45.27948,5.875701,Crépuscule ou aube,En agglomération,Hors intersection,Pluie forte,Autre collision,3,2,2,0,1,1,2,0,1,50,1,2,1,0,0,1,49.0,,voiture,,2,2,1,3,6
202000027747,2020-10-02 18:00:00,2020,10,2,18,0,66,66149,46 Avenue Louis Prat,42.61881,2.416166,Plein jour,En agglomération,Hors intersection,Pluie légère,Autre collision,4,2,2,0,1,1,2,0,1,50,1,2,1,0,1,0,49.0,,voiture,,1,2,1,2,6
202000027748,2020-10-01 12:40:00,2020,10,1,12,40,66,66149,3 Avenue du Pla d'Alt,42.623598,2.442167,Plein jour,Hors agglomération,Hors intersection,Normale,Deux véhicules - côté,2,2,2,0,1,1,1,0,1,90,2,2,1,0,1,0,64.0,74.0,deux_roues,voiture,1,1,1,1,3
202000027749,2020-06-05 19:45:00,2020,6,5,19,45,92,92060,GENERAL LECLERC (AVENUE) (RD 60),48.78314,2.26436,Plein jour,En agglomération,Hors intersection,Pluie légère,Autre collision,3,2,2,0,2,1,2,0,1,30,1,2,1,0,0,1,38.0,,utilitaire_camion,,1,2,1,2,6
202000027750,2020-06-05 20:00:00,2020,6,5,20,0,92,92012,GALLIENI (RUE) 159/FIN,48.835433,2.230733,Plein jour,En agglomération,Intersection en T,Pluie légère,Deux véhicules - côté,4,-1,2,0,1,1,2,0,1,50,2,2,1,0,0,1,62.0,16.0,utilitaire_camion,deux_roues,1,2,3,2,3
202000027751,2020-10-03 19:45:00,2020,10,3,19,45,05,05171,D900b,44.463344,6.207104,Nuit sans éclairage public,Hors agglomération,Hors intersection,Pluie forte,Deux véhicules - frontale,3,2,2,0,2,2,2,0,1,90,2,3,0,1,0,2,68.0,26.0,voiture,voiture,3,1,1,3,1
202000027752,2020-10-03 01:00:00,2020,10,3,1,0,83,83032,D13,43.486274,6.172767,Nuit avec éclairage allumé,Hors agglomération,Hors intersection,Pluie légère,Autre collision,3,2,2,0,1,1,2,2,8,70,1,2,0,0,0,2,23.0,,voiture,,5,1,1,2,6
202000027753,2020-06-05 16:30:00,2020,6,5,16,30,92,92007,BRIAND (AVENUE ARISTIDE) N° 100 A 160,48.79622,2.32169,Plein jour,En agglomération,Intersection en T,Vent fort / tempête,Deux véhicules - côté,3,3,4,1,1,1,1,0,1,50,2,2,1,0,1,0,31.0,77.0,deux_roues,voiture,1,2,3,6,3
202000027754,2020-10-03 05:55:00,2020,10,3,5,55,18,18115,D926,47.383198,2.511857,Nuit sans éclairage public,Hors agglomération,Hors intersection,Pluie légère,Autre collision,3,2,2,0,1,1,2,0,3,80,1,1,0,0,1,0,26.0,,voiture,,3,1,1,2,6
202000027755,2020-06-05 16:40:00,2020,6,5,16,40,92,92009,RAOUL ( RUE ),48.9187859,2.2796322,Plein jour,En agglomération,Hors intersection,Normale,Autre collision,4,2,2,0,1,1,1,0,1,50,1,2,1,0,0,1,37.0,,utilitaire_camion,,1,2,1,1,6
202000027756,2020-10-02 10:50:00,2020,10,2,10,50,16,16242,Le Moulin de Tingaud,45.987154,0.376392,Plein jour,Hors agglomération,Hors intersection,Normale,Autre collision,3,2,2,0,2,2,1,0,3,90,1,1,0,0,1,0,85.0,,voiture,,1,1,1,1,6
202000027757,2020-06-04 19:10:00,2020,6,4,19,10,92,92004,MALAKOFF,48.91464,2.28554,Plein jour,En agglomération,Intersection en T,Normale,Deux véhicules - arrière,4,1,1,2,1,1,1,0,1,50,2,2,1,0,0,1,40.0,48.0,deux_roues,deux_roues,1,2,3,1,2
202000027758,2020-10-02 17:30:00,2020,10,2,17,30,07,07188,D578,45.203375,4.678611,Plein jour,Hors agglomération,Hors intersection,Pluie forte,Deux véhicules - frontale,3,2,2,0,2,2,2,0,1,80,2,2,0,1,0,1,19.0,51.0,voiture,voiture,1,1,1,3,1
202000027759,2020-09-05 18:00:00,2020,9,5,18,0,07,07224,D536,44.738963,4.14443,Plein jour,Hors agglomération,Hors intersection,Normale,Autre collision,3,2,2,0,1,3,1,0,3,-1,1,1,0,0,1,0,70.0,,voiture,,1,1,1,1,6
202000027760,2020-06-06 09:35:00,2020,6,6,9,35,22,22280,RD12 PK 5 + 650,48.423505,-2.03511,Plein jour,Hors agglomération,Hors intersection,Normale,Deux véhicules - frontale,3,2,2,0,2,1,1,0,1,80,2,3,2,0,0,1,49.0,38.0,voiture,voiture,1,1,1,1,1
202000027761,2020-06-04 19:20:00,2020,6,4,19,20,30,30202,Boulevard Gambetta,44.255606,4.647629,Plein jour,En agglomération,Hors intersection,Normale,Autre collision,3,2,2,0,1,1,1,6,1,50,1,2,1,0,0,1,35.0,,deux_roues,,1,2,1,1,6
202000027762,2020-10-03 11:30:00,2020,10,3,11,30,27,27056,Rue Lucien Quérey,49.075419,0.586572,Plein jour,En agglomération,Intersection en X,Normale,Deux véhicules - frontale,4,2,2,0,1,1,1,0,1,50,2,2,1,0,1,0,37.0,25.0,voiture,deux_roues,1,2,2,1,1
202000027763,2020-10-02 21:15:00,2020,10,2,21,15,87,87154,L’Île,45.8886,0.856794,Nuit sans éclairage public,Hors agglomération,Hors intersection,Pluie légère,Autre collision,3,2,2,0,2,1,2,0,3,80,1,1,0,1,0,0,26.0,,voiture,,3,1,1,2,6
202000027764,2020-06-05 13:30:00,2020,6,5,13,30,47,47015,N21,44.041046,0.660268,Plein jour,Hors agglomération,Hors intersection,Temps couvert,Sans collision,2,2,2,0,1,3,1,0,3,80,1,2,1,0,1,0,20.0,,voiture,,1,1,1,8,7
202000027765,2020-10-02 21:40:00,2020,10,2,21,40,37,37055,113 Les Brochardieres,47.4711516,0.2824422,Nuit sans éclairage public,Hors agglomération,Hors intersection,Pluie forte,Autre collision,4,2,2,0,1,1,2,0,3,80,1,1,0,1,0,0,36.0,,deux_roues,,3,1,1,3,6
202000027766,2020-10-02 09:15:00,2020,10,2,9,15,30,30237,Route de Bessèges,44.272431,4.189637,Plein jour,Hors agglomération,Hors intersection,Pluie légère,Autre collision,3,2,2,0,1,3,2,0,1,80,1,1,0,0,1,0,43.0,,voiture,,1,1,1,2,6
202000027767,2020-06-06 15:45:00,2020,6,6,15,45,45,45247,Rue de la Varenne - rue du pont de feuillet,48.0041179,2.6748758,Plein jour,Hors agglomération,Intersection en T,Normale,Deux véhicules - côté,4,2,2,0,1,1,1,0,1,80,2,3,2,0,1,0,52.0,57.0,voiture,deux_roues,1,1,3,1,3
202000027768,2020-09-30 17:15:00,2020,9,30,17,15,24,24289,D936,44.852959,0.064948,Plein jour,En agglomération,Hors intersection,Normale,Trois véhicules et plus - collisions multiples,3,2,2,0,1,1,1,0,1,50,3,3,2,0,1,0,33.0,57.0,deux_roues,voiture,1,2,1,1,5
202000027769,2020-06-06 20:10:00,2020,6,6,20,10,60,60395,2 Rue Anatole France,49.2341001,2.1341134,Plein jour,En agglomération,Hors intersection,Normale,Autre collision,3,1,1,0,1,1,1,0,1,50,1,2,1,0,0,1,31.0,,voiture,,1,2,1,1,6
202000027770,2020-10-02 16:45:00,2020,10,2,16,45,33,33284,A63,44.63209,-0.84578,Plein jour,Hors agglomération,Hors intersection,Normale,Deux véhicules - arrière,1,3,4,0,1,1,2,0,1,130,2,2,1,1,0,0,54.0,63.0,voiture,utilitaire_camion,1,1,1,1,2
202000027771,2020-06-06 18:30:00,2020,6,6,18,30,67,67495,D220,48.663661,7.598226,Plein jour,En agglomération,Hors intersection,Normale,,3,2,2,0,1,1,1,0,1,30,2,2,1,0,1,0,31.0,11.0,voiture,deux_roues,1,2,1,1,-1
202000027772,2020-06-06 12:00:00,2020,6,6,12,0,77,77436,D55,48.806242,3.21407,Plein jour,Hors agglomération,Hors intersection,Temps couvert,Sans collision,3,2,2,0,2,1,1,0,3,80,1,1,0,0,1,0,52.0,,deux_roues,,1,1,1,8,7
202000027773,2020-10-01 08:55:00,2020,10,1,8,55,33,33097,Route de Lacanau,45.022628,-1.064043,Plein jour,Hors agglomération,Hors intersection,Temps couvert,Autre collision,3,2,2,0,1,1,2,0,3,80,1,2,0,0,1,1,44.0,,voiture,,1,1,1,8,6
202000027774,2020-06-06 11:03:00,2020,6,6,11,3,95,95026,rue Pierre Brossolette,49.132328,2.354647,Plein jour,En agglomération,Hors intersection,Normale,Sans collision,4,2,2,0,1,1,1,0,1,50,1,1,0,0,1,0,41.0,,deux_roues,,1,2,1,1,7
202000027775,2020-09-24 18:00:00,2020,9,24,18,0,18,18133,Rue Jules Roussel,46.955759,2.253313,Plein jour,En agglomération,Hors intersection,Normale,Sans collision,3,2,2,0,2,2,1,0,1,50,1,1,0,0,1,0,16.0,,deux_roues,,1,2,1,1,7
202000027776,2020-05-29 10:40:00,2020,5,29,10,40,56,56128,Kerstraquel,47.974446,-3.116566,Plein jour,Hors agglomération,Hors intersection,Normale,Autre collision,3,2,2,0,4,2,1,0,3,80,1,3,0,0,3,0,72.0,,voiture,,1,1,1,1,6
202000027777,2020-05-28 14:30:00,2020,5,28,14,30,2A,2A362,Costa Gelata,41.6990571,9.3461437,Plein jour,En agglomération,Hors intersection,Normale,Autre collision,2,2,2,0,1,1,1,0,1,50,1,2,1,0,0,1,31.0,,voiture,,1,2,1,1,6
202000027778,2020-10-02 07:40:00,2020,10,2,7,40,91,91661,Rue des Maraichers,48.698516,2.230267,Crépuscule ou aube,En agglomération,Hors intersection,Pluie forte,Deux véhicules - frontale,4,2,2,0,2,1,2,0,1,50,2,2,1,0,1,0,27.0,59.0,voiture,deux_roues,2,2,1,3,1
202000027779,2020-06-06 04:45:00,2020,6,6,4,45,60,60154,98 Rue de Pont-sainte-maxence,49.318221,2.5428,Nuit avec éclairage non allumé,En agglomération,Hors intersection,Normale,Autre collision,3,2,2,0,1,1,1,0,1,50,1,1,0,0,1,0,35.0,,deux_roues,,4,2,1,1,6
202000027780,2020-10-03 11:30:00,2020,10,3,11,30,83,83112,Chemin de Sorba,43.18351,5.684352,Plein jour,En agglomération,Hors intersection,Normale,Deux véhicules - côté,4,2,2,0,2,2,1,1,1,30,2,2,1,0,0,1,18.0,18.0,voiture,deux_roues,1,2,1,1,3
202000027781,2020-06-05 13:30:00,2020,6,5,13,30,63,63218,D907,45.387616,3.716941,Plein jour,Hors agglomération,Hors intersection,Normale,Sans collision,3,2,2,0,1,3,1,0,3,80,1,1,0,0,1,0,78.0,,voiture,,1,1,1,1,7
202000027782,2020-10-03 04:40:00,2020,10,3,4,40,70,70014,Route Nationale 19,47.683065,6.434137,Nuit sans éclairage public,Hors agglomération,Giratoire,Pluie forte,Autre collision,2,1,1,0,1,3,2,9,3,80,1,1,0,0,1,0,23.0,,voiture,,3,1,6,3,6
202000027783,2020-06-06 10:20:00,2020,6,6,10,20,49,49125,boulevard charles de gaulle,47.192993,-0.289528,Plein jour,En agglomération,Giratoire,Normale,Deux véhicules - arrière,4,-1,2,0,1,2,1,0,1,-1,2,5,4,0,0,1,30.0,68.0,voiture,deux_roues,1,2,6,1,2
202000027784,2020-06-02 11:00:00,2020,6,2,11,0,46,46219,D12,44.624946,1.414661,Plein jour,Hors agglomération,Hors intersection,Normale,Sans collision,3,2,2,0,2,3,1,0,1,80,1,1,0,0,1,0,37.0,,utilitaire_camion,,1,1,1,1,7
202000027785,2020-10-03 12:45:00,2020,10,3,12,45,71,71142,D681,46.8741335,4.1334981,Plein jour,Hors agglomération,Hors intersection,Pluie légère,Deux véhicules - côté,3,2,2,0,1,3,2,0,1,80,2,3,2,0,1,0,30.0,39.0,utilitaire_camion,voiture,1,1,1,2,3
202000027786,2020-06-04 15:56:00,2020,6,4,15,56,31,31095,Cazaux,43.032902,0.743712,Plein jour,Hors agglomération,Hors intersection,Normale,Sans collision,3,2,2,0,2,3,1,0,1,80,1,1,0,0,1,0,77.0,,deux_roues,,1,1,1,1,7
202000027787,2020-10-03 15:15:00,2020,10,3,15,15,55,55366,,48.801239,5.066701,Plein jour,Hors agglomération,Hors intersection,Normale,Sans collision,3,2,2,0,2,3,1,0,1,-1,1,1,0,0,0,1,47.0,,deux_roues,,1,1,1,1,7
202000027788,2020-09-30 17:30:00,2020,9,30,17,30,26,26116,1 Cours de la Liberté,44.442405,4.710234,Plein jour,En agglomération,Hors intersection,Normale,Autre collision,3,2,2,3,1,1,1,0,1,30,1,3,2,0,1,0,58.0,,voiture,,1,2,1,1,6
202000027789,2020-06-06 18:15:00,2020,6,6,18,15,14,14504,D510,49.207887,0.33938,Plein jour,Hors agglomération,Intersection en X,Normale,Deux véhicules - côté,3,2,2,0,1,1,1,0,1,80,2,2,1,0,1,0,68.0,47.0,voiture,deux_roues,1,1,2,1,3
202000027790,2020-10-03 10:09:00,2020,10,3,10,9,33,33535,Avenue de Senailhac,44.857401,-0.470229,Plein jour,Hors agglomération,Hors intersection,Temps couvert,Trois véhicules et plus - collisions multiples,3,2,2,0,2,2,2,0,1,80,3,3,1,0,0,2,49.0,44.0,voiture,voiture,1,1,1,8,5
202000027791,2020-06-06 02:05:00,2020,6,6,2,5,50,50236,La Carpenterie,49.283778,-1.532448,Nuit sans éclairage public,Hors agglomération,Hors intersection,Temps couvert,Autre collision,3,2,2,0,1,1,1,0,3,80,1,2,0,0,1,1,18.0,,deux_roues,,3,1,1,8,6
202000027792,2020-10-01 15:30:00,2020,10,1,15,30,13,13005,A50-Sens Marseille vers Aubagne,43.286993,5.540165,Plein jour,Hors agglomération,Hors intersection,Pluie légère,Deux véhicules - arrière,1,3,2,0,1,1,2,0,1,90,2,1,0,0,0,1,41.0,,voiture,,1,1,1,2,2
202000027793,2020-07-30 18:00:00,2020,7,30,18,0,54,54265,Autoroute A 33,48.64008,6.1708,Plein jour,Hors agglomération,Autre intersection,Normale,Deux véhicules - côté,1,1,5,0,2,3,1,0,3,110,2,3,2,0,0,1,21.0,55.0,voiture,utilitaire_camion,1,1,9,1,3
202000027794,2020-06-03 10:30:00,2020,6,3,10,30,64,64499,9 Place Jeanne d'Albret,43.471894,-0.924154,Plein jour,En agglomération,Place,Normale,Deux véhicules - frontale,3,2,2,0,1,1,1,0,1,50,2,2,1,0,1,0,81.0,52.0,voiture,deux_roues,1,2,7,1,1
202000027795,2020-09-02 18:00:00,2020,9,2,18,0,33,33143,AUTOROUTE A 10,44.96428,-0.44066,Plein jour,Hors agglomération,Hors intersection,Normale,Trois véhicules et plus - en chaîne,1,3,6,0,1,1,1,0,1,130,3,9,7,0,0,2,36.0,32.0,voiture,voiture,1,1,1,1,4
202000027796,2020-10-02 19:05:00,2020,10,2,19,5,94,94037,AUTOROUTE A6B,48.81011,2.34944,Nuit avec éclairage allumé,Hors agglomération,Hors intersection,Pluie légère,Deux véhicules - côté,1,3,4,0,1,1,2,1,1,70,2,1,0,0,0,1,23.0,,deux_roues,,5,1,1,2,3
202000027797,2020-06-06 11:15:00,2020,6,6,11,15,36,36046,15 Rue Maurice Rollinat,46.5852084,1.9874305,Plein jour,En agglomération,Hors intersection,Pluie légère,Autre collision,3,2,2,0,2,1,2,9,1,50,1,2,1,1,0,0,90.0,,voiture,,1,2,1,2,6
202000027798,2020-10-02 15:50:00,2020,10,2,15,50,91,91339,RN 104,48.6248,2.2638,Plein jour,Hors agglomération,Hors intersection,Temps couvert,Deux véhicules - arrière,2,3,4,0,1,1,2,0,1,110,2,2,1,0,0,1,21.0,52.0,voiture,voiture,1,1,1,8,2
202000027799,2020-05-27 00:30:00,2020,5,27,0,30,07,07076,Avenue du Lumas,44.650112,4.762756,Nuit sans éclairage public,En agglomération,Hors intersection,Normale,Autre collision,4,2,2,0,1,1,1,0,1,50,1,2,1,0,1,0,17.0,,deux_roues,,3,2,1,1,6
202000027800,2020-10-02 16:05:00,2020,10,2,16,5,94,94034,AUTOROUTE A86,48.76111,2.31774,Plein jour,Hors agglomération,Hors intersection,Pluie légère,Autre collision,1,3,4,0,1,1,2,1,1,90,1,2,1,0,0,1,39.0,,voiture,,1,1,1,2,6
202000027801,2020-10-02 08:20:00,2020,10,2,8,20,92,92050,A14,48.89563,2.22627,Plein jour,Hors agglomération,Hors intersection,Pluie légère,Deux véhicules - côté,1,1,3,0,1,1,1,1,1,70,2,2,1,0,0,1,27.0,57.0,voiture,deux_roues,1,1,1,2,3
202000027802,2020-10-02 18:00:00,2020,10,2,18,0,93,93027,AUTOROUTE A86,48.92832,2.41245,Plein jour,Hors agglomération,Hors intersection,Pluie légère,Trois véhicules et plus - collisions multiples,1,3,7,0,2,1,2,0,1,70,3,3,2,0,1,0,32.0,39.0,voiture,voiture,1,1,1,2,5
202000027803,2020-06-06 14:40:00,2020,6,6,14,40,40,40274,D834,43.955916,-0.588879,Plein jour,Hors agglomération,Autre intersection,Temps couvert,Deux véhicules - frontale,3,2,2,0,1,1,1,0,1,80,2,4,0,0,2,2,57.0,26.0,voiture,voiture,1,1,9,8,1
202000027804,2020-10-01 23:30:00,2020,10,1,23,30,95,95277,A104,48.97293,2.4875,Nuit sans éclairage public,Hors agglomération,Hors intersection,Normale,Deux véhicules - côté,1,3,2,0,2,3,1,0,1,90,2,2,1,0,0,1,45.0,32.0,utilitaire_camion,utilitaire_camion,3,1,1,1,3
202000027805,2020-10-01 18:00:00,2020,10,1,18,0,93,93010,AUTOROUTE A3,48.90713,2.47251,Plein jour,En agglomération,Hors intersection,Temps couvert,Deux véhicules - côté,1,3,7,0,1,1,2,0,1,90,2,2,1,0,0,1,27.0,74.0,deux_roues,voiture,1,2,1,8,3
202000027806,2020-10-01 16:40:00,2020,10,1,16,40,93,93064,AUTOROUTE A86,48.8808659,2.4751941,Plein jour,Hors agglomération,Hors intersection,Pluie forte,Deux véhicules - côté,1,3,6,0,1,1,2,0,1,90,2,2,1,0,0,1,57.0,40.0,deux_roues,voiture,1,1,1,3,3
202000027807,2020-10-01 14:10:00,2020,10,1,14,10,95,95277,RD 170B6,48.9729374,2.4851069,Plein jour,Hors agglomération,Hors intersection,Pluie légère,Autre collision,3,3,2,0,2,2,2,0,1,70,1,1,0,0,0,1,38.0,,utilitaire_camion,,1,1,1,2,6
202000027808,2020-10-01 10:00:00,2020,10,1,10,0,95,95018, A15,48.9539715,2.2790855,Plein jour,Hors agglomération,Hors intersection,Pluie légère,Deux véhicules - côté,1,3,8,0,1,1,2,0,1,90,2,2,1,0,0,1,39.0,50.0,deux_roues,voiture,1,1,1,2,3
202000027809,2020-06-05 21:10:00,2020,6,5,21,10,24,24340,D 709 PR 60,44.859945,0.44368,Nuit sans éclairage public,Hors agglomération,Hors intersection,Normale,Deux véhicules - frontale,3,2,2,0,1,3,2,0,1,80,2,2,0,0,2,0,59.0,20.0,voiture,voiture,3,1,1,1,1
202000027810,2020-06-06 10:07:00,2020,6,6,10,7,04,04091,RD 4096,43.991718,5.915279,Plein jour,Hors agglomération,Hors intersection,Normale,Sans collision,3,2,2,0,1,1,1,0,8,80,1,1,0,0,1,0,82.0,,voiture,,1,1,1,1,7
202000027811,2020-06-06 01:30:00,2020,6,6,1,30,85,85034,19 Rue du Château,46.637857,-1.171031,Nuit sans éclairage public,En agglomération,Hors intersection,Pluie légère,Autre collision,3,1,1,0,1,1,2,0,1,50,1,1,0,0,1,0,16.0,,deux_roues,,3,2,1,2,6
202000027812,2020-05-12 16:20:00,2020,5,12,16,20,27,27679,Route de Francheville,48.753076,0.902874,Plein jour,Hors agglomération,Hors intersection,Normale,Sans collision,3,2,2,0,1,1,1,0,3,-1,1,1,0,0,0,1,65.0,,voiture,,1,1,1,1,7
202000027813,2020-06-05 18:15:00,2020,6,5,18,15,37,37086,Rue du Stade,47.481195,0.3077546,Plein jour,En agglomération,Hors intersection,Normale,Autre collision,3,2,2,0,1,2,1,0,4,50,1,1,0,0,0,1,17.0,,deux_roues,,1,2,1,1,6
202000027814,2020-06-06 12:30:00,2020,6,6,12,30,48,48075,N106,44.400797,3.571544,Plein jour,Hors agglomération,Hors intersection,Normale,Autre collision,2,2,2,0,1,1,1,0,3,80,1,1,0,0,0,1,79.0,,voiture,,1,1,1,1,6
202000027815,2020-06-06 03:20:00,2020,6,6,3,20,67,67389,M63,48.6528658,7.7511171,Nuit avec éclairage non allumé,En agglomération,Intersection en X,Pluie légère,Sans collision,7,2,2,0,1,3,2,5,8,40,1,1,0,0,1,0,22.0,,voiture,,4,2,2,2,7
202000027816,2020-05-02 00:45:00,2020,5,2,0,45,16,16406,Ld Le Bois des Forts,45.684627,0.398426,Nuit sans éclairage public,Hors agglomération,Hors intersection,Pluie légère,Autre collision,4,2,2,0,1,1,2,0,3,80,1,1,0,0,1,0,47.0,,voiture,,3,1,1,2,6
202000027817,2020-06-06 07:45:00,2020,6,6,7,45,33,33214,Route du Baganais,44.985226,-1.147658,Plein jour,Hors agglomération,Hors intersection,Pluie légère,Autre collision,4,2,2,0,1,1,2,0,3,80,1,1,0,0,1,0,21.0,,voiture,,1,1,1,2,6