accident_id,datetime,annee,mois,jour,heure,minute,departement,commune_insee,adresse,latitude,longitude,luminosite,agglomeration,intersection,meteo,collision,catr,circ,nbv,vosp,prof,plan,surf,infra,situ,vma,nb_vehicules,nb_usagers,nb_indemnes,nb_tues,nb_blesses_hosp,nb_blesses_legers,age_cond_1,age_cond_2,veh_type_cond_1,veh_type_cond_2,lum_code,agg_code,int_code,atm_code,col_code
202000028000,2020-12-13 20:40:00,2020,12,13,20,40,75,75105,AVENUE DE L OBSERVATOIRE,48.8396709,2.3366494,Nuit avec éclairage allumé,En agglomération,Intersection à plus de 4 branches,Pluie légère,Autre collision,4,2,6,0,1,1,2,0,1,30,1,2,0,0,0,2,39.0,,voiture,,5,2,5,2,6
202000028001,2020-12-15 19:30:00,2020,12,15,19,30,75,75119,RUE MANIN,48.883005,2.385545,Nuit avec éclairage allumé,En agglomération,Intersection en X,Temps couvert,Deux véhicules - côté,4,2,2,0,1,1,2,0,1,30,2,3,2,0,0,1,63.0,40.0,voiture,deux_roues,5,2,2,8,3
202000028002,2020-12-15 17:15:00,2020,12,15,17,15,75,75119,RUE EDOUARD PAILLERON,48.879666,2.374411,Nuit avec éclairage allumé,En agglomération,Intersection en T,Normale,Deux véhicules - côté,4,2,2,0,1,1,1,0,1,50,2,5,4,0,0,1,15.0,32.0,voiture,voiture,5,2,3,1,3
202000028003,2020-12-14 09:57:00,2020,12,14,9,57,75,75118,AVENUE DE LA PORTE DE MONTMARTRE,48.899146,2.336286,Plein jour,En agglomération,Intersection en X,Normale,Deux véhicules - côté,4,2,2,1,1,1,1,-1,5,50,2,1,0,0,0,1,36.0,,deux_roues,,1,2,2,1,3
202000028004,2020-12-15 22:10:00,2020,12,15,22,10,75,75116,BOULEVARD DE BEAUSEJOUR,48.856603,2.266277,Nuit avec éclairage allumé,En agglomération,Intersection en Y,Normale,Sans collision,4,1,1,0,1,1,1,0,1,50,1,1,0,0,0,1,34.0,,deux_roues,,5,2,4,1,7
202000028005,2020-12-15 07:00:00,2020,12,15,7,0,75,75115,RUE LECOURBE,48.840916,2.296972,Nuit avec éclairage allumé,En agglomération,Intersection en T,Pluie légère,Deux véhicules - côté,4,1,2,3,1,1,2,-1,6,50,2,2,1,0,0,1,26.0,43.0,voiture,deux_roues,5,2,3,2,3
202000028006,2020-12-15 06:20:00,2020,12,15,6,20,75,75114,AVENUE DE LA PORTE DE CHATILLON,48.822932,2.315348,Nuit sans éclairage public,En agglomération,Hors intersection,Pluie légère,Deux véhicules - côté,4,2,6,0,1,1,2,0,1,50,2,1,0,0,0,1,49.0,,deux_roues,,3,2,1,2,3
202000028007,2020-12-15 07:18:00,2020,12,15,7,18,75,75113,BOULEVARD DE L HOPITAL,48.84232,2.36364,Nuit avec éclairage allumé,En agglomération,Hors intersection,Pluie légère,Autre collision,4,2,6,0,1,1,2,0,1,50,1,1,0,0,0,1,24.0,,deux_roues,,5,2,1,2,6
202000028008,2020-12-15 17:15:00,2020,12,15,17,15,75,75112,AVENUE DAUMESNIL,48.838089,2.399715,Nuit avec éclairage allumé,En agglomération,Intersection en T,Pluie légère,Sans collision,4,2,2,1,2,1,2,-1,5,50,1,1,0,0,0,1,25.0,,deux_roues,,5,2,3,2,7
202000028009,2020-12-15 14:45:00,2020,12,15,14,45,75,75112,AVENUE DAUMESNIL,48.847195,2.375547,Plein jour,En agglomération,Hors intersection,Temps couvert,Deux véhicules - arrière,4,1,2,0,1,1,1,0,1,50,2,3,2,0,0,1,52.0,33.0,utilitaire_camion,deux_roues,1,2,1,8,2
202000028010,2020-12-14 17:30:00,2020,12,14,17,30,75,75109,RUE DE DOUAI,48.881418,2.335624,Crépuscule ou aube,En agglomération,Hors intersection,Temps couvert,Autre collision,4,1,1,0,1,1,2,0,1,50,1,2,1,0,0,1,39.0,,deux_roues,,2,2,1,8,6
202000028011,2020-12-15 02:20:00,2020,12,15,2,20,75,75108,BOULEVARD MALESHERBES,48.871743,2.322109,Nuit avec éclairage allumé,En agglomération,Intersection en X,Pluie forte,Autre collision,4,2,4,0,1,1,2,0,1,50,1,1,0,0,0,1,24.0,,utilitaire_camion,,5,2,2,3,6
202000028012,2020-12-15 10:35:00,2020,12,15,10,35,75,75107,RUE DUROC,48.847759,2.313623,Plein jour,En agglomération,Hors intersection,Pluie légère,Deux véhicules - côté,4,2,2,0,1,1,2,0,1,50,2,2,1,0,0,1,47.0,26.0,voiture,deux_roues,1,2,1,2,3
202000028013,2020-12-15 21:00:00,2020,12,15,21,0,94,94081,YOURI GAGARINE (AV),48.786,2.39159,Nuit avec éclairage allumé,En agglomération,Intersection en X,Normale,Deux véhicules - côté,3,1,2,0,1,1,2,0,1,50,2,3,2,0,0,1,35.0,20.0,voiture,voiture,5,2,2,1,3
202000028014,2020-12-15 18:30:00,2020,12,15,18,30,94,94081,AUDIGEOIS (R),48.79073,2.39182,Nuit avec éclairage allumé,En agglomération,Intersection en T,Normale,Autre collision,3,1,1,0,2,3,2,0,1,50,1,1,0,0,0,1,,,,,5,2,3,1,6
202000028015,2020-12-15 16:35:00,2020,12,15,16,35,94,94080,MIDI (R DU),48.8472482,2.4350121,Crépuscule ou aube,En agglomération,Hors intersection,Normale,Autre collision,4,1,1,0,1,1,1,0,1,30,1,2,1,0,0,1,26.0,,deux_roues,,2,2,1,1,6
202000028016,2020-12-15 15:20:00,2020,12,15,15,20,94,94074,SABLONNIERE (R DE LA),48.7496,2.4544,Plein jour,En agglomération,Autre intersection,Normale,Autre collision,6,-1,0,0,1,1,2,0,1,30,1,2,1,0,0,1,30.0,,voiture,,1,2,9,1,6
202000028017,2020-12-14 10:15:00,2020,12,14,10,15,94,94068,FOCH (AV),48.80463,2.48561,Plein jour,En agglomération,Hors intersection,Normale,Deux véhicules - côté,3,2,1,0,1,1,2,0,1,50,2,2,1,0,0,1,32.0,52.0,utilitaire_camion,voiture,1,2,1,1,3
202000028018,2020-12-15 07:15:00,2020,12,15,7,15,94,94076,REPUBLIQUE (AV DE LA),48.788487,2.361707,Nuit avec éclairage allumé,En agglomération,Intersection en X,Pluie légère,Autre collision,3,2,2,0,1,1,2,0,4,50,1,2,1,0,0,1,57.0,,voiture,,5,2,2,2,6
202000028019,2020-12-15 19:40:00,2020,12,15,19,40,94,94073,ESPAGNE (RPT D),48.755334,2.374569,Nuit avec éclairage allumé,En agglomération,Hors intersection,Normale,Autre collision,4,1,1,0,1,2,1,5,1,50,1,2,0,0,0,2,19.0,,voiture,,5,2,1,1,6
202000028020,2020-12-15 21:00:00,2020,12,15,21,0,94,94018,ARTHUR CROQUETTE (R),48.8170932,2.4170321,Nuit avec éclairage allumé,En agglomération,Autre intersection,Normale,Deux véhicules - côté,3,1,2,0,2,2,1,3,1,50,2,1,0,0,0,1,29.0,,deux_roues,,5,2,9,1,3
202000028021,2020-12-15 20:00:00,2020,12,15,20,0,94,94037,PAUL VAILLANT COUTURIER (AV),48.81642,2.33827,Nuit sans éclairage public,En agglomération,Hors intersection,Normale,Trois véhicules et plus - en chaîne,3,2,2,0,1,1,1,0,1,50,3,4,2,0,0,2,42.0,36.0,voiture,voiture,3,2,1,1,4
202000028022,2020-12-14 20:10:00,2020,12,14,20,10,93,93053,PARC (RUE DU),48.8883,2.4464,Nuit avec éclairage allumé,En agglomération,Hors intersection,Pluie légère,Autre collision,3,2,2,0,2,1,2,0,1,50,1,2,1,0,1,0,34.0,,voiture,,5,2,1,2,6
202000028023,2020-12-15 21:00:00,2020,12,15,21,0,93,93048,PARMENTIER (RUE),48.8594684,2.4317684,Nuit avec éclairage allumé,En agglomération,Intersection en T,Temps couvert,Deux véhicules - côté,4,1,1,1,1,1,1,0,1,30,2,1,0,0,0,1,16.0,,deux_roues,,5,2,3,8,3
202000028024,2020-12-15 17:40:00,2020,12,15,17,40,93,93079,SAINT LEU (ROUTE),48.95456,2.33455,Nuit avec éclairage allumé,En agglomération,Hors intersection,Pluie légère,Deux véhicules - côté,3,2,2,1,1,1,2,0,1,50,2,2,0,0,1,1,32.0,27.0,deux_roues,voiture,5,2,1,2,3
202000028025,2020-12-12 19:20:00,2020,12,12,19,20,93,93008,STALINGRAD (RUE DE) A10,48.9150446,2.4292344,Nuit avec éclairage allumé,En agglomération,Hors intersection,Pluie légère,Deux véhicules - arrière,3,2,2,0,3,1,2,0,1,50,2,3,2,0,0,1,56.0,43.0,voiture,voiture,5,2,1,2,2
202000028026,2020-12-15 04:50:00,2020,12,15,4,50,93,93005,AV RAOUL DUFY / R AUGUSTE RENOIR,48.9613331,2.5001897,Nuit avec éclairage allumé,En agglomération,Intersection en T,Pluie légère,Deux véhicules - côté,3,3,3,0,1,1,2,0,1,50,2,2,1,1,0,0,41.0,24.0,utilitaire_camion,voiture,5,2,3,2,3
202000028027,2020-12-15 06:40:00,2020,12,15,6,40,92,92078,VERDUN (AVENUE) (PAIRS 2 A 38),48.935519,2.333878,Nuit avec éclairage allumé,En agglomération,Intersection en T,Pluie légère,Deux véhicules - côté,3,1,1,0,1,1,2,0,1,50,2,2,1,0,0,1,40.0,26.0,deux_roues,voiture,5,2,3,2,3
202000028028,2020-12-15 09:10:00,2020,12,15,9,10,92,92050,ARAGO FRANCOIS AVENUE,48.8987235,2.2208852,Plein jour,En agglomération,Hors intersection,Pluie légère,,3,2,4,0,1,1,2,0,1,50,2,3,2,0,0,1,49.0,39.0,deux_roues,voiture,1,2,1,2,-1
202000028029,2020-12-14 21:25:00,2020,12,14,21,25,92,92036,PRINCIPALE DU PORT (ROUTE) (1/17),48.9407099,2.2983171,Nuit avec éclairage allumé,En agglomération,Hors intersection,Pluie légère,Sans collision,4,3,4,0,1,1,2,0,1,50,1,1,0,0,0,1,36.0,,deux_roues,,5,2,1,2,7
202000028030,2020-12-14 11:30:00,2020,12,14,11,30,92,92026,LIBERTE,48.9045945,2.2685594,Plein jour,En agglomération,Hors intersection,Temps couvert,Autre collision,4,1,1,0,1,1,2,0,1,30,1,2,1,0,0,1,90.0,,voiture,,1,2,1,8,6
202000028031,2020-12-15 11:15:00,2020,12,15,11,15,92,92012,REINE (ROUTE DE LA) 39/107 BIS,48.8404539,2.2311139,Plein jour,En agglomération,Hors intersection,Normale,Trois véhicules et plus - collisions multiples,3,2,4,2,1,1,2,0,5,50,3,3,2,0,1,0,40.0,54.0,voiture,deux_roues,1,2,1,1,5
202000028032,2020-12-16 21:00:00,2020,12,16,21,0,974,97415,RN1,-20.984601,55.292022,Nuit sans éclairage public,Hors agglomération,Hors intersection,Normale,Deux véhicules - arrière,2,3,4,0,1,1,1,8,1,110,2,2,1,1,0,0,36.0,62.0,voiture,deux_roues,3,1,1,1,2
202000028033,2020-12-16 08:03:00,2020,12,16,8,3,80,80016,23 Rue Lamarck,50.00291,2.651537,Nuit avec éclairage allumé,En agglomération,Hors intersection,Normale,Autre collision,3,2,2,0,1,1,2,6,1,50,1,2,1,0,1,0,32.0,,voiture,,5,2,1,1,6
202000028034,2020-12-16 07:00:00,2020,12,16,7,0,52,52182,route départementale 384 - PK 27+450,48.595173,4.892424,Nuit sans éclairage public,Hors agglomération,Hors intersection,Brouillard / fumée,Deux véhicules - frontale,3,2,2,0,1,2,2,0,1,90,2,2,1,1,0,0,32.0,75.0,utilitaire_camion,voiture,3,1,1,5,1
202000028035,2020-12-16 11:29:00,2020,12,16,11,29,76,76728,A150,49.482699,1.006749,Plein jour,Hors agglomération,Hors intersection,Normale,Deux véhicules - arrière,1,1,4,0,1,1,1,0,2,110,2,2,1,0,1,0,43.0,46.0,utilitaire_camion,voiture,1,1,1,1,2
202000028036,2020-12-15 18:50:00,2020,12,15,18,50,60,60559,Intersection D9 / D931,49.4101766,2.3023194,Nuit avec éclairage allumé,En agglomération,Intersection en X,Normale,Deux véhicules - frontale,3,2,2,0,1,1,2,0,1,50,2,2,1,0,1,0,38.0,15.0,voiture,deux_roues,5,2,2,1,1
202000028037,2020-11-24 08:05:00,2020,11,24,8,5,06,06037,Col de l'Êcre (Col de montagne),43.741976,6.945681,Crépuscule ou aube,Hors agglomération,Hors intersection,Normale,Deux véhicules - frontale,3,2,2,0,2,3,7,0,1,80,2,2,1,0,0,1,21.0,30.0,voiture,voiture,2,1,1,1,1
202000028038,2020-12-15 16:45:00,2020,12,15,16,45,34,34142,"A75, Pk 276+860",43.71189,3.324437,Crépuscule ou aube,Hors agglomération,Hors intersection,Pluie forte,Autre collision,1,3,4,0,1,2,2,0,2,130,1,1,0,0,1,0,27.0,,voiture,,2,1,1,3,6
202000028039,2020-12-16 10:55:00,2020,12,16,10,55,30,30278,RN 580,44.053691,4.712276,Plein jour,Hors agglomération,Hors intersection,Normale,Deux véhicules - arrière,2,2,2,0,3,1,2,0,1,80,2,2,1,1,0,0,73.0,63.0,voiture,deux_roues,1,1,1,1,2
202000028040,2020-12-16 05:05:00,2020,12,16,5,5,62,62086,Route Nationale,50.212588,2.555727,Nuit avec éclairage allumé,En agglomération,Intersection en X,Brouillard / fumée,Deux véhicules - côté,2,2,2,0,1,2,1,0,1,50,2,2,1,0,1,0,21.0,45.0,voiture,utilitaire_camion,5,2,2,5,3
202000028041,2020-12-15 18:00:00,2020,12,15,18,0,62,62514,D939,50.365134,2.42358,Nuit avec éclairage non allumé,Hors agglomération,Intersection en T,Normale,Deux véhicules - côté,3,2,2,0,1,1,1,5,1,80,2,3,0,0,1,2,64.0,42.0,utilitaire_camion,voiture,4,1,3,1,3
202000028042,2020-12-16 10:40:00,2020,12,16,10,40,31,31157,Rue du Huit Mai 1945,43.544642,1.345531,Plein jour,En agglomération,Intersection en T,Normale,Deux véhicules - côté,4,2,2,0,1,1,1,9,5,30,2,2,1,0,0,1,41.0,13.0,utilitaire_camion,deux_roues,1,2,3,1,3
202000028043,2020-12-16 11:15:00,2020,12,16,11,15,19,19255,Les Gouttettes,45.3754623,1.7246201,Plein jour,Hors agglomération,Hors intersection,Normale,Autre collision,3,2,2,0,1,4,2,0,3,90,1,2,1,0,1,0,46.0,,voiture,,1,1,1,1,6
202000028044,2020-12-15 17:20:00,2020,12,15,17,20,82,82054,Rue du Barry,44.07698,0.901212,Crépuscule ou aube,En agglomération,Hors intersection,Normale,Autre collision,4,2,2,0,1,1,1,9,1,50,1,2,1,0,1,0,50.0,,voiture,,2,2,1,1,6
202000028045,2020-12-16 09:30:00,2020,12,16,9,30,82,82087,2744 Route de Montauban,44.10954,1.2519,Plein jour,Hors agglomération,Hors intersection,Brouillard / fumée,Autre collision,3,2,2,0,1,3,2,0,3,-1,1,3,0,0,1,2,29.0,,voiture,,1,1,1,5,6
202000028046,2020-12-15 05:45:00,2020,12,15,5,45,33,33488,Lieu Dit Bretagne,44.786731,-0.115694,Nuit sans éclairage public,Hors agglomération,Hors intersection,Pluie légère,Sans collision,3,2,2,0,1,1,2,0,3,80,1,1,0,0,1,0,46.0,,voiture,,3,1,1,2,7
202000028047,2020-12-15 18:30:00,2020,12,15,18,30,33,33033,Route de Malagar,44.723454,-0.430731,Nuit sans éclairage public,Hors agglomération,Hors intersection,Normale,Autre collision,3,2,2,0,1,1,1,0,1,80,1,2,1,0,1,0,78.0,,voiture,,3,1,1,1,6
202000028048,2020-12-15 13:50:00,2020,12,15,13,50,46,46238,Les Jordannes,44.799469,1.693718,Plein jour,Hors agglomération,Hors intersection,Pluie légère,Autre collision,3,2,2,0,2,1,2,0,3,80,1,1,0,0,0,1,60.0,,voiture,,1,1,1,2,6
202000028049,2020-12-16 09:00:00,2020,12,16,9,0,35,35297,N164,48.177836,-2.194098,Plein jour,Hors agglomération,Hors intersection,Pluie légère,Autre collision,2,3,4,0,1,1,2,0,3,110,1,1,0,0,0,1,40.0,,voiture,,1,1,1,2,6
202000028050,2020-12-15 08:00:00,2020,12,15,8,0,29,29075,Rue Anne de Bretagne,48.434689,-4.40349,Nuit avec éclairage allumé,En agglomération,Intersection en T,Pluie légère,Autre collision,4,2,2,0,2,1,2,5,1,30,1,2,1,0,1,0,48.0,,voiture,,5,2,3,2,6
202000028051,2020-12-14 20:40:00,2020,12,14,20,40,38,38389,Route de Saint Just,45.585272,5.060111,Nuit avec éclairage allumé,Hors agglomération,Hors intersection,Normale,,3,3,2,0,1,1,2,0,1,80,2,2,1,0,0,1,51.0,54.0,voiture,autre,5,1,1,1,-1
202000028052,2020-12-16 03:50:00,2020,12,16,3,50,38,38189,D518Z,45.63772,5.07025,Nuit sans éclairage public,Hors agglomération,Hors intersection,Pluie légère,Autre collision,3,2,2,0,1,2,2,0,3,80,1,1,0,1,0,0,28.0,,voiture,,3,1,1,2,6
202000028053,2020-12-16 18:10:00,2020,12,16,18,10,26,26166,Les Crozes Nord,44.758848,4.833502,Nuit sans éclairage public,Hors agglomération,Hors intersection,Normale,Trois véhicules et plus - en chaîne,2,2,2,0,1,1,1,0,1,80,3,4,1,0,0,3,49.0,30.0,voiture,voiture,3,1,1,1,4
202000028054,2020-12-11 19:50:00,2020,12,11,19,50,58,58300,Route de la Noiserie,47.041293,3.19465,Nuit sans éclairage public,Hors agglomération,Hors intersection,Pluie légère,Deux véhicules - côté,3,2,2,0,1,2,2,0,1,80,2,2,1,0,1,0,44.0,18.0,voiture,deux_roues,3,1,1,2,3
202000028055,2020-12-15 18:15:00,2020,12,15,18,15,58,58095,D979,46.826082,3.489318,Nuit avec éclairage allumé,Hors agglomération,Hors intersection,Normale,Deux véhicules - arrière,3,2,2,0,1,1,1,0,1,80,2,2,1,0,1,0,22.0,28.0,utilitaire_camion,voiture,5,1,1,1,2
202000028056,2020-12-16 05:20:00,2020,12,16,5,20,27,27656,53 Route de la Vallée de la Masse,49.358255,0.480128,Nuit avec éclairage allumé,Hors agglomération,Hors intersection,Normale,Deux véhicules - arrière,3,2,1,0,1,1,2,0,1,70,2,2,1,0,1,0,26.0,26.0,voiture,voiture,5,1,1,1,2
202000028057,2020-12-14 17:30:00,2020,12,14,17,30,27,27453,44 Rue du General de Gaulle,49.412865,1.370367,Nuit avec éclairage allumé,En agglomération,Intersection en T,Pluie légère,Autre collision,3,2,2,0,1,1,2,0,1,50,1,2,1,0,1,0,23.0,,voiture,,5,2,3,2,6
202000028058,2020-12-15 07:00:00,2020,12,15,7,0,17,17385,Place des Anciens Combattants,45.946188,-1.30586,Nuit avec éclairage allumé,En agglomération,Place,Pluie légère,Sans collision,4,1,1,0,1,1,2,8,1,30,1,1,0,0,1,0,50.0,,deux_roues,,5,2,7,2,7
202000028059,2020-12-15 03:30:00,2020,12,15,3,30,988,98805,VE2,-22.190375,166.441015,Nuit sans éclairage public,Hors agglomération,Hors intersection,Normale,Sans collision,1,3,4,0,1,1,1,0,1,110,1,3,2,0,1,0,21.0,,voiture,,3,1,1,1,7
202000028060,2020-12-16 08:44:00,2020,12,16,8,44,01,01213,1701 Route de Genève,45.933963,5.292984,Plein jour,En agglomération,Hors intersection,Normale,Deux véhicules - côté,3,2,2,0,1,1,2,0,1,70,2,2,1,1,0,0,53.0,15.0,utilitaire_camion,deux_roues,1,2,1,1,3
202000028061,2020-12-15 17:10:00,2020,12,15,17,10,64,64122,A63,43.449077,-1.555335,Plein jour,Hors agglomération,Hors intersection,Normale,Autre collision,1,-1,0,0,1,1,1,9,8,130,1,2,1,1,0,0,27.0,,utilitaire_camion,,1,1,1,1,6
202000028062,2020-12-14 07:45:00,2020,12,14,7,45,66,66008,Avenue de Montgat,42.551049,3.010683,Crépuscule ou aube,En agglomération,Giratoire,Normale,Autre collision,3,2,2,0,1,1,1,0,1,50,1,2,1,0,1,0,53.0,,voiture,,2,2,6,1,6
202000028063,2020-12-12 08:30:00,2020,12,12,8,30,52,52449,D974,47.831085,5.328997,Plein jour,En agglomération,Intersection en X,Temps couvert,Deux véhicules - côté,3,2,2,0,1,1,2,5,1,50,2,2,1,0,0,1,34.0,45.0,utilitaire_camion,voiture,1,2,2,8,3
202000028064,2020-12-15 17:00:00,2020,12,15,17,0,67,67131,02 rue du général de gaulle,48.4884742,7.7159783,Nuit avec éclairage non allumé,En agglomération,Intersection en X,Pluie légère,Autre collision,7,2,2,0,1,2,2,5,1,50,1,2,1,0,0,1,48.0,,voiture,,4,2,2,2,6
202000028065,2020-12-16 14:00:00,2020,12,16,14,0,73,73157,D1006 Cours Aristide Briand,45.202157,6.670917,Plein jour,En agglomération,Giratoire,Temps éblouissant,Autre collision,3,2,2,0,1,1,2,0,1,50,1,2,1,0,1,0,73.0,,voiture,,1,2,6,7,6
202000028066,2020-12-16 08:10:00,2020,12,16,8,10,38,38281,Avenue Saint-Jean,45.236663,5.637767,Plein jour,Hors agglomération,Intersection en T,Normale,Deux véhicules - côté,3,2,2,0,1,1,2,0,1,50,2,2,1,0,1,0,38.0,29.0,voiture,deux_roues,1,1,3,1,3
202000028067,2020-12-14 14:30:00,2020,12,14,14,30,01,01142,607 Rue de Genève,45.850894,5.069869,Plein jour,En agglomération,Hors intersection,Normale,Deux véhicules - côté,3,2,2,0,1,1,1,0,1,50,2,2,1,0,1,0,51.0,23.0,voiture,deux_roues,1,2,1,1,3
202000028068,2020-12-16 07:50:00,2020,12,16,7,50,79,79088,,46.804422,-0.37478,Crépuscule ou aube,Hors agglomération,Intersection en X,Temps couvert,Deux véhicules - côté,2,2,2,0,1,1,2,0,1,80,2,2,1,0,0,1,21.0,58.0,deux_roues,utilitaire_camion,2,1,2,8,3
202000028069,2020-12-15 22:30:00,2020,12,15,22,30,33,33177,Route de Soulac,45.3289325,-0.9697778,Nuit sans éclairage public,Hors agglomération,Hors intersection,Normale,Autre collision,3,2,2,0,1,2,2,0,3,70,1,1,0,1,0,0,44.0,,voiture,,3,1,1,1,6
202000028070,2020-12-15 18:20:00,2020,12,15,18,20,61,61433,Route départementale 2,48.494427,-0.022867,Nuit sans éclairage public,Hors agglomération,Hors intersection,Pluie légère,Deux véhicules - frontale,3,2,2,0,1,1,2,0,1,80,2,2,1,0,0,1,60.0,20.0,voiture,deux_roues,3,1,1,2,1
202000028071,2020-12-15 18:15:00,2020,12,15,18,15,29,29055,Route de Lannilis,48.563772,-4.338253,Nuit avec éclairage allumé,En agglomération,Intersection en X,Pluie légère,Deux véhicules - côté,3,2,2,0,1,1,2,5,1,50,2,2,1,0,1,0,73.0,81.0,voiture,voiture,5,2,2,2,3
202000028072,2020-12-15 17:10:00,2020,12,15,17,10,13,13019,A51-Sens Marseille vers Aix en Provence,43.42723,5.38394,Crépuscule ou aube,Hors agglomération,Hors intersection,Normale,Deux véhicules - arrière,1,1,3,0,1,1,1,0,2,90,2,4,1,0,0,3,26.0,31.0,voiture,voiture,2,1,1,1,2
202000028073,2020-12-14 06:10:00,2020,12,14,6,10,13,13203,A7-Sens Marseille vers Lyon,43.33172,5.37771,Nuit sans éclairage public,Hors agglomération,Hors intersection,Normale,Deux véhicules - arrière,1,1,3,0,1,1,1,0,1,90,2,3,1,0,0,2,22.0,60.0,voiture,voiture,3,1,1,1,2
202000028074,2020-12-09 16:25:00,2020,12,9,16,25,13,13071,A55-Sens Martigues vers Marseille,43.3917,5.27309,Plein jour,Hors agglomération,Hors intersection,Normale,Autre collision,1,1,2,0,1,1,1,0,1,110,1,3,2,0,1,0,30.0,,voiture,,1,1,1,1,6
202000028075,2020-12-10 15:53:00,2020,12,10,15,53,13,13216,A55-Sens Martigues vers Marseille,43.36,5.33,Plein jour,Hors agglomération,Hors intersection,Normale,Autre collision,1,1,1,0,2,3,1,0,8,50,1,1,0,0,0,1,30.0,,voiture,,1,1,1,1,6
202000028076,2020-12-15 17:00:00,2020,12,15,17,0,69,69072,M6  ,45.8133654,4.7672925,Crépuscule ou aube,Hors agglomération,Hors intersection,Pluie légère,Deux véhicules - arrière,7,3,8,3,1,1,2,9,6,70,2,3,1,1,1,0,32.0,55.0,voiture,transport_commun,2,1,1,2,2
202000028077,2020-12-15 09:20:00,2020,12,15,9,20,67,67152,Route Nationale 83,48.527269,7.694343,Plein jour,Hors agglomération,Hors intersection,Normale,Deux véhicules - côté,2,1,2,0,1,1,2,0,1,90,2,2,1,0,0,1,44.0,58.0,voiture,utilitaire_camion,1,1,1,1,3
202000028078,2020-12-14 22:05:00,2020,12,14,22,5,92,92002,AUTOROUTE A86,48.7627342,2.3121277,Nuit avec éclairage non allumé,Hors agglomération,Hors intersection,Pluie légère,Autre collision,1,3,4,0,1,1,2,1,1,70,1,1,0,0,0,1,27.0,,utilitaire_camion,,4,1,1,2,6
202000028079,2020-12-15 06:30:00,2020,12,15,6,30,95,95212,RN 104,49.02922,2.5327,Nuit sans éclairage public,Hors agglomération,Hors intersection,Pluie forte,Autre collision,2,3,4,0,1,1,2,0,1,90,1,1,0,0,0,1,29.0,,voiture,,3,1,1,3,6
202000028080,2020-12-14 22:50:00,2020,12,14,22,50,95,95582, A15,48.96628,2.25686,Nuit sans éclairage public,Hors agglomération,Hors intersection,Pluie légère,Autre collision,1,3,8,0,1,1,2,0,1,110,1,1,0,0,0,1,21.0,,voiture,,3,1,1,2,6
202000028081,2020-12-14 17:45:00,2020,12,14,17,45,93,93006,AUTOROUTE A3,48.87005,2.43012,Plein jour,Hors agglomération,Hors intersection,Normale,Sans collision,1,3,8,0,1,1,2,0,1,90,1,1,0,0,0,1,35.0,,deux_roues,,1,1,1,1,7
202000028082,2020-12-14 06:30:00,2020,12,14,6,30,95,95572,AUTOROUTE A15,49.033163,2.1049231,Nuit sans éclairage public,Hors agglomération,Hors intersection,Normale,Deux véhicules - côté,1,1,10,0,4,3,2,3,1,70,2,2,0,0,0,2,57.0,25.0,voiture,voiture,3,1,1,1,3
202000028083,2020-12-13 21:50:00,2020,12,13,21,50,95,95018, A15,48.95052,2.28028,Nuit sans éclairage public,Hors agglomération,Hors intersection,Pluie légère,,1,3,8,0,1,1,2,2,1,90,2,4,0,0,0,4,19.0,45.0,voiture,voiture,3,1,1,2,-1
202000028084,2020-12-15 17:20:00,2020,12,15,17,20,77,77122,A5b,48.65627,2.61336,Nuit sans éclairage public,Hors agglomération,Hors intersection,Normale,Deux véhicules - arrière,1,3,4,0,1,3,1,0,2,90,2,2,1,0,0,1,42.0,78.0,voiture,voiture,3,1,1,1,2
202000028085,2020-12-15 07:10:00,2020,12,15,7,10,77,77083,A4.W,48.833877,2.590836,Nuit sans éclairage public,Hors agglomération,Hors intersection,Pluie forte,Deux véhicules - arrière,1,-1,0,0,2,1,2,3,1,70,2,2,1,0,0,1,38.0,57.0,deux_roues,voiture,3,1,1,3,2
202000028086,2020-01-15 16:46:00,2020,1,15,16,46,66,66136,ESPAGNE (ROUTE D'),42.68112,2.89358,Plein jour,En agglomération,Hors intersection,Normale,Sans collision,4,2,2,0,1,1,1,0,1,50,1,2,1,0,0,1,77.0,,voiture,,1,2,1,1,7
202000028087,2020-01-16 11:53:00,2020,1,16,11,53,65,65417,MITTERRAND (AVENUE FRANCOIS),43.23318,0.09201,Plein jour,En agglomération,Intersection en X,Normale,Autre collision,2,2,2,0,1,1,1,0,1,50,1,3,2,0,1,0,90.0,,voiture,,1,2,2,1,6
202000028088,2020-01-16 14:40:00,2020,1,16,14,40,64,64024,GUYNEMER (AVENUE),43.49917,-1.54009,Plein jour,En agglomération,Hors intersection,Normale,Autre collision,4,2,2,0,1,1,1,0,1,50,1,1,0,0,1,0,,,,,1,2,1,1,6
202000028089,2020-01-16 10:31:00,2020,1,16,10,31,63,63113,BLATIN (RUE)/Morel Ladeuil,45.7765,3.07509,Plein jour,En agglomération,Intersection en X,Normale,,4,2,2,0,1,1,1,0,1,50,2,2,1,0,0,1,55.0,48.0,deux_roues,voiture,1,2,2,1,-1