accident_id,datetime,annee,mois,jour,heure,minute,departement,commune_insee,adresse,latitude,longitude,luminosite,agglomeration,intersection,meteo,collision,catr,circ,nbv,vosp,prof,plan,surf,infra,situ,vma,nb_vehicules,nb_usagers,nb_indemnes,nb_tues,nb_blesses_hosp,nb_blesses_legers,age_cond_1,age_cond_2,veh_type_cond_1,veh_type_cond_2,lum_code,agg_code,int_code,atm_code,col_code
202000028090,2020-01-15 12:36:00,2020,1,15,12,36,63,63113,CLEMENTEL (BD ETIENNE),45.8090892,3.1092502,Plein jour,En agglomération,Intersection à plus de 4 branches,Normale,Trois véhicules et plus - collisions multiples,7,1,0,2,1,1,1,0,1,50,4,4,3,0,0,1,58.0,46.0,voiture,voiture,1,2,5,1,5
202000028091,2020-01-14 11:00:00,2020,1,14,11,0,57,57666,VERDUN (ROUTE DE),49.34681,6.13457,Plein jour,En agglomération,Hors intersection,Normale,Autre collision,6,-1,-1,0,1,1,1,6,6,30,1,2,1,0,0,1,69.0,,voiture,,1,2,1,1,6
202000028092,2020-01-16 10:27:00,2020,1,16,10,27,57,57463,CAMBOUT (RUE DU ),49.1146,6.18009,Plein jour,En agglomération,Hors intersection,Normale,Deux véhicules - côté,9,1,1,0,1,1,1,0,1,20,2,2,1,0,0,1,77.0,60.0,deux_roues,voiture,1,2,1,1,3
202000028093,2020-01-15 07:35:00,2020,1,15,7,35,51,51506,Avenue de Metz,48.9583684,4.3822261,Crépuscule ou aube,En agglomération,Hors intersection,Normale,Sans collision,3,3,4,0,1,1,1,0,1,50,1,2,1,0,1,0,35.0,,voiture,,2,2,1,1,7
202000028094,2020-01-17 00:00:00,2020,1,17,0,0,42,42187,Avenue de Lyon,46.036659,4.076688,Nuit avec éclairage allumé,En agglomération,Hors intersection,Normale,Autre collision,3,-1,0,0,2,2,1,0,3,50,1,1,0,0,0,1,20.0,,voiture,,5,2,1,1,6
202000028095,2020-01-16 15:20:00,2020,1,16,15,20,37,37261,PORTALIS (AVENUE JEAN),47.3648093,0.6837127,Plein jour,En agglomération,Hors intersection,Normale,Autre collision,4,2,2,0,1,1,1,0,1,50,1,3,2,0,0,1,22.0,,voiture,,1,2,1,1,6
202000028096,2020-01-16 08:30:00,2020,1,16,8,30,37,37195,RD 37,47.3866695,0.6498004,Plein jour,Hors agglomération,Hors intersection,Normale,Trois véhicules et plus - en chaîne,3,3,2,0,1,1,1,0,1,90,3,4,2,0,0,2,53.0,46.0,utilitaire_camion,voiture,1,1,1,1,4
202000028097,2020-01-16 07:10:00,2020,1,16,7,10,37,37233,BARBUSSE (RUE HENRI),47.3904464,0.7195599,Nuit avec éclairage allumé,En agglomération,Hors intersection,Normale,Sans collision,4,2,2,3,1,1,1,0,1,50,1,1,0,0,0,1,22.0,,deux_roues,,5,2,1,1,7
202000028098,2020-01-16 04:30:00,2020,1,16,4,30,37,37261,ENTRAIGUES (RUE D'),47.3853998,0.6724013,Nuit avec éclairage allumé,En agglomération,Intersection en X,Normale,Deux véhicules - côté,4,2,2,0,1,1,1,0,1,50,2,2,1,0,0,1,49.0,27.0,voiture,voiture,5,2,2,1,3
202000028099,2020-01-14 18:15:00,2020,1,14,18,15,37,37214,ROUZIERS (ROUTE DE),47.4355227,0.6750138,Nuit sans éclairage public,En agglomération,Intersection en Y,Pluie légère,Deux véhicules - côté,3,2,2,0,1,1,2,0,1,50,2,3,1,0,1,1,45.0,22.0,voiture,deux_roues,3,2,4,2,3
202000028100,2020-01-14 12:53:00,2020,1,14,12,53,36,36044,Rue Chausset,46.8057751,1.699399,Plein jour,En agglomération,Intersection en T,Normale,Autre collision,4,2,1,0,1,1,1,0,1,50,1,2,1,0,1,0,53.0,,voiture,,1,2,3,1,6
202000028101,2020-01-11 22:15:00,2020,1,11,22,15,35,35238,VERN (RUE DE),48.098086,-1.65574,Nuit avec éclairage allumé,En agglomération,Intersection en X,Normale,Trois véhicules et plus - collisions multiples,4,2,2,2,1,1,1,5,1,50,4,6,3,0,0,3,26.0,26.0,voiture,voiture,5,2,2,1,5
202000028102,2020-01-16 15:24:00,2020,1,16,15,24,35,35238,POULLART DES PLACES,48.1304,-1.6588,Plein jour,En agglomération,Hors intersection,Normale,Autre collision,4,1,1,0,1,1,1,8,1,50,1,3,2,0,0,1,85.0,,voiture,,1,2,1,1,6
202000028103,2020-01-16 09:45:00,2020,1,16,9,45,34,34172,RIMBAUD (RUE PAUL),43.61851,3.8452,Plein jour,En agglomération,Hors intersection,Normale,Deux véhicules - côté,4,2,4,0,2,1,1,0,1,50,2,2,1,0,0,1,19.0,36.0,voiture,voiture,1,2,1,1,3
202000028104,2020-01-16 13:00:00,2020,1,16,13,0,33,33063,RUE TURENNE / RUE BEL ORME,44.84923,-0.5946,Plein jour,En agglomération,Intersection en X,Normale,Deux véhicules - côté,4,1,2,1,1,1,1,0,8,30,2,3,1,0,0,2,21.0,22.0,voiture,voiture,1,2,2,1,3
202000028105,2020-01-04 14:30:00,2020,1,4,14,30,33,33063,CRS DE LA MARNE / RUE MONTFAUCON,44.828281,-0.561225,Plein jour,En agglomération,Intersection en T,Normale,Deux véhicules - arrière,4,2,4,2,1,1,1,0,1,50,2,5,2,0,1,2,23.0,35.0,voiture,voiture,1,2,3,1,2
202000028106,2020-01-16 09:00:00,2020,1,16,9,0,33,33318,AVE PASTEUR / RUE HENRI FRUGES,44.80238,-0.64638,Plein jour,En agglomération,Intersection en T,Normale,Deux véhicules - côté,4,2,2,0,1,1,1,0,1,50,2,2,1,0,0,1,69.0,17.0,voiture,deux_roues,1,2,3,1,3
202000028107,2020-01-03 14:00:00,2020,1,3,14,0,33,33192,RTE DE CANEJAN / CHEM D'ORNON,44.76576,-0.63889,Plein jour,En agglomération,Giratoire,Normale,Deux véhicules - frontale,4,2,2,0,1,3,1,9,1,50,2,2,1,0,0,1,37.0,63.0,voiture,deux_roues,1,2,6,1,1
202000028108,2020-01-15 16:25:00,2020,1,15,16,25,31,31149,MITTERAND (ESPLANADE FRANCOIS),43.60698,1.33524,Plein jour,En agglomération,Hors intersection,Normale,Autre collision,3,1,1,0,2,1,1,0,1,50,1,2,1,0,0,1,45.0,,utilitaire_camion,,1,2,1,1,6
202000028109,2020-01-16 01:30:00,2020,1,16,1,30,31,31555,NARBONNE (ROUTE DE),43.56677,1.45854,Nuit avec éclairage allumé,En agglomération,Hors intersection,Normale,Deux véhicules - côté,3,2,2,0,1,1,1,0,1,50,2,2,0,0,1,1,59.0,21.0,deux_roues,voiture,5,2,1,1,3
202000028110,2020-01-15 19:05:00,2020,1,15,19,5,31,31555,RTE D ESPAGNE,43.56938,1.42445,Nuit avec éclairage allumé,En agglomération,Hors intersection,Normale,Deux véhicules - côté,3,2,2,1,1,1,1,0,1,50,2,2,1,0,1,0,40.0,32.0,voiture,deux_roues,5,2,1,1,3
202000028111,2020-01-16 08:09:00,2020,1,16,8,9,30,30189,SAUVE (ROUTE),43.8462,4.2957,Plein jour,Hors agglomération,Intersection en T,Normale,Deux véhicules - arrière,3,2,2,0,1,1,1,0,1,80,2,2,1,0,0,1,48.0,28.0,voiture,utilitaire_camion,1,1,3,1,2
202000028112,2020-01-16 08:45:00,2020,1,16,8,45,29,29232,Place Louis Armand,47.99501,-4.09527,Nuit avec éclairage allumé,En agglomération,Hors intersection,Pluie légère,Autre collision,4,2,0,3,1,1,2,6,1,50,1,2,1,0,1,0,77.0,,voiture,,5,2,1,2,6
202000028113,2020-01-12 11:05:00,2020,1,12,11,5,29,29019,Rue de Valmy,48.39807,-4.46512,Plein jour,En agglomération,Giratoire,Normale,Deux véhicules - côté,4,2,2,0,1,2,2,5,1,50,2,2,1,0,0,1,23.0,37.0,voiture,voiture,1,2,6,1,3
202000028114,2020-01-15 23:55:00,2020,1,15,23,55,25,25388,LUDWIGSBURG (AVENUE DE),47.5032,6.81169,Nuit avec éclairage allumé,En agglomération,Hors intersection,Normale,Autre collision,3,1,1,0,2,3,1,3,3,50,1,2,0,2,0,0,31.0,,voiture,,5,2,1,1,6
202000028115,2020-01-12 18:00:00,2020,1,12,18,0,14,14118,FALAISE (RUE DE  - 90 PAIR 95 IMPAIR),49.17318,-0.3543,Plein jour,Hors agglomération,Hors intersection,Normale,Deux véhicules - côté,4,2,-1,0,1,1,1,0,1,50,2,2,1,0,1,0,52.0,18.0,voiture,deux_roues,1,1,1,1,3
202000028116,2020-01-16 23:00:00,2020,1,16,23,0,13,13208,JULES CANTINI (AVENUE),43.28163,5.39151,Nuit avec éclairage allumé,En agglomération,Intersection en T,Normale,Deux véhicules - côté,4,2,2,0,1,1,1,0,1,50,2,2,1,0,0,1,52.0,22.0,voiture,voiture,5,2,3,1,3
202000028117,2020-01-16 21:35:00,2020,1,16,21,35,13,13210,TOULON (AVENUE DE),43.2847152,5.3918879,Nuit avec éclairage allumé,En agglomération,Intersection en X,Normale,Autre collision,4,-1,2,0,2,1,1,0,1,50,1,1,0,0,0,1,24.0,,deux_roues,,5,2,2,1,6
202000028118,2020-01-16 14:00:00,2020,1,16,14,0,13,13211,MONTRE (TRAVERSE DE LA),43.295612,5.47827,Plein jour,En agglomération,Hors intersection,Normale,Deux véhicules - arrière,4,3,4,0,1,1,1,0,1,50,2,2,1,0,0,1,63.0,20.0,voiture,voiture,1,2,1,1,2
202000028119,2020-01-16 12:30:00,2020,1,16,12,30,13,13207,CORDERIE (BOULEVARD DE LA),43.290389,5.369305,Plein jour,En agglomération,Hors intersection,Normale,Deux véhicules - arrière,4,1,2,0,1,1,1,0,1,50,2,1,0,0,0,1,59.0,,voiture,,1,2,1,1,2
202000028120,2020-01-15 18:50:00,2020,1,15,18,50,13,13207,RIVE NEUVE (QUAI),43.29247,5.36682,Nuit avec éclairage allumé,En agglomération,Hors intersection,Normale,Trois véhicules et plus - collisions multiples,4,2,3,0,1,1,1,0,1,50,3,3,1,0,0,2,26.0,25.0,deux_roues,deux_roues,5,2,1,1,5
202000028121,2020-01-15 20:00:00,2020,1,15,20,0,13,13063,RN 1569 LA TRANSHUMANCE,43.58851,4.98923,Nuit avec éclairage allumé,Hors agglomération,Giratoire,Normale,Deux véhicules - côté,2,-1,2,0,1,1,1,0,1,80,2,3,1,0,0,2,49.0,,voiture,,5,1,6,1,3
202000028122,2020-01-15 13:00:00,2020,1,15,13,0,10,10387,ANATOLE FRANCE (RUE),48.28222,4.07018,Plein jour,En agglomération,Intersection en X,Normale,Deux véhicules - côté,4,2,4,0,1,1,1,0,1,50,2,3,1,0,0,2,21.0,26.0,voiture,utilitaire_camion,1,2,2,1,3
202000028123,2020-01-15 10:14:00,2020,1,15,10,14,10,10387,MAROTS (RUE DES),48.3053,4.0523,Plein jour,En agglomération,Intersection en T,Normale,Deux véhicules - côté,4,2,2,0,1,1,1,0,1,50,2,2,1,0,0,1,71.0,58.0,voiture,voiture,1,2,3,1,3
202000028124,2020-01-14 00:24:00,2020,1,14,0,24,10,10387,VOULDY (CHAUSSEE DU),48.29131,4.08778,Nuit avec éclairage allumé,En agglomération,Giratoire,Normale,Autre collision,4,2,2,2,1,1,1,0,1,50,1,4,0,3,0,1,21.0,,voiture,,5,2,6,1,6
202000028125,2020-01-16 19:10:00,2020,1,16,19,10,06,06069,1 Av Mal de Lattre de Tassigny,43.650172,6.922638,Nuit avec éclairage allumé,En agglomération,Hors intersection,Normale,Deux véhicules - frontale,4,2,2,0,2,3,1,0,1,50,2,3,0,0,0,3,61.0,33.0,voiture,voiture,5,2,1,1,1
202000028126,2020-01-16 07:45:00,2020,1,16,7,45,06,06029,VAUTRIN (BOULEVARD DU GENERAL),43.549099,7.031609,Plein jour,En agglomération,Hors intersection,,Autre collision,4,1,-1,-1,1,1,-1,0,1,-1,1,1,0,0,0,1,,,,,1,2,1,-1,6
202000028127,2020-01-16 08:45:00,2020,1,16,8,45,06,06027,PASSAU RUE DE,43.66407,7.1534,Plein jour,En agglomération,Intersection en X,Normale,Deux véhicules - côté,4,1,2,0,2,1,1,0,1,50,2,2,0,0,0,2,42.0,51.0,voiture,voiture,1,2,2,1,3
202000028128,2020-01-16 10:25:00,2020,1,16,10,25,05,05061,TURRELET (MONTEE DU),44.55599,6.07103,Plein jour,En agglomération,Intersection en Y,Normale,Deux véhicules - côté,4,2,3,0,2,1,1,0,1,50,2,2,0,0,0,2,84.0,47.0,voiture,utilitaire_camion,1,2,4,1,3
202000028129,2020-01-15 21:50:00,2020,1,15,21,50,04,04112,Ch des Vannades,43.83477,5.81671,Nuit sans éclairage public,Hors agglomération,Hors intersection,Normale,Autre collision,4,2,2,0,1,4,1,0,3,50,1,2,0,0,0,2,48.0,,voiture,,3,1,1,1,6
202000028130,2020-01-16 00:10:00,2020,1,16,0,10,75,75113,BD PERIPHERIQUE INTERIEUR,48.825357,2.385388,Nuit avec éclairage allumé,En agglomération,Hors intersection,Normale,Deux véhicules - arrière,4,1,4,0,1,1,1,0,1,70,2,2,1,0,0,1,55.0,26.0,voiture,deux_roues,5,2,1,1,2
202000028131,2020-01-15 17:50:00,2020,1,15,17,50,75,75115,BD PERIPHERIQUE INTERIEUR,48.834762,2.265418,Nuit avec éclairage allumé,En agglomération,Hors intersection,Pluie légère,Deux véhicules - côté,4,1,4,0,1,1,2,0,1,70,2,2,1,0,0,1,42.0,,deux_roues,,5,2,1,2,3
202000028132,2020-01-15 16:20:00,2020,1,15,16,20,75,75119,BP PERIPHERIQUE EXTERIEUR,48.899709,2.3923504,Crépuscule ou aube,En agglomération,Intersection en Y,Normale,Trois véhicules et plus - en chaîne,4,1,4,0,1,1,1,0,1,70,3,3,1,0,0,2,41.0,34.0,deux_roues,deux_roues,2,2,4,1,4
202000028133,2020-01-15 10:20:00,2020,1,15,10,20,75,75120,BD PERIPHERIQUE EXTERIEUR,48.867865,2.413456,Plein jour,En agglomération,Hors intersection,Normale,Deux véhicules - côté,4,1,4,0,1,1,1,0,1,70,2,3,1,0,0,2,29.0,47.0,utilitaire_camion,deux_roues,1,2,1,1,3
202000028134,2020-01-15 07:45:00,2020,1,15,7,45,75,75114,BD PERIPHERIQUE INTERIEUR,48.824101,2.307761,Plein jour,En agglomération,Hors intersection,Normale,Deux véhicules - côté,4,1,3,0,1,1,1,0,1,70,2,2,1,0,0,1,64.0,30.0,voiture,deux_roues,1,2,1,1,3
202000028135,2020-01-14 16:05:00,2020,1,14,16,5,75,75116,BD PERIPHERIQUE INTERIEUR,48.867343,2.269366,Plein jour,En agglomération,Hors intersection,Normale,Deux véhicules - arrière,4,1,4,0,1,1,1,1,1,70,2,1,0,0,0,1,81.0,,voiture,,1,2,1,1,2
202000028136,2020-01-16 19:55:00,2020,1,16,19,55,75,75107,AVENUE DE SUFFREN,48.853008,2.2980389,Nuit avec éclairage allumé,En agglomération,Intersection en T,Normale,Deux véhicules - côté,4,2,3,0,1,1,1,0,1,50,2,2,1,0,0,1,48.0,17.0,voiture,deux_roues,5,2,3,1,3
202000028137,2020-01-15 10:55:00,2020,1,15,10,55,75,75105,BOULEVARD SAINT MICHEL,48.848598,2.341598,Plein jour,En agglomération,Hors intersection,Normale,Autre collision,4,2,4,3,2,1,1,-1,6,50,1,2,1,0,0,1,51.0,,deux_roues,,1,2,1,1,6
202000028138,2020-01-15 15:17:00,2020,1,15,15,17,75,75120,BOULEVARD DE MENILMONTANT,48.864166,2.386192,Plein jour,En agglomération,Intersection en X,Temps couvert,Deux véhicules - côté,4,3,2,-1,1,1,1,0,1,50,2,3,2,0,0,1,76.0,56.0,voiture,voiture,1,2,2,8,3
202000028139,2020-01-16 16:15:00,2020,1,16,16,15,75,75119,AVENUE JEAN JAURES,48.8890791,2.3939947,Plein jour,En agglomération,Hors intersection,Normale,Deux véhicules - côté,4,2,3,1,1,1,1,-1,5,50,2,2,1,0,0,1,37.0,43.0,voiture,deux_roues,1,2,1,1,3
202000028140,2020-01-16 15:50:00,2020,1,16,15,50,75,75118,AVENUE DE LA PORTE DE CLIGNANCOURT,48.898066,2.3441474,Plein jour,En agglomération,Intersection en X,Normale,Autre collision,4,2,6,3,1,1,1,-1,6,30,1,2,1,0,0,1,30.0,,deux_roues,,1,2,2,1,6
202000028141,2020-01-16 15:00:00,2020,1,16,15,0,75,75118,BOULEVARD DE LA CHAPELLE,48.883866,2.3494744,Plein jour,En agglomération,Intersection en X,Normale,Trois véhicules et plus - en chaîne,4,3,4,0,1,1,1,0,1,50,3,3,2,0,0,1,49.0,49.0,voiture,voiture,1,2,2,1,4
202000028142,2020-01-16 13:05:00,2020,1,16,13,5,75,75117,BOULEVARD PEREIRE,48.8805,2.2893191,Plein jour,En agglomération,Hors intersection,Normale,Autre collision,4,3,1,0,1,1,1,0,1,30,1,2,1,0,0,1,38.0,,deux_roues,,1,2,1,1,6
202000028143,2020-01-16 20:00:00,2020,1,16,20,0,75,75115,RUE DE LA CONVENTION,48.8421622,2.2855369,Nuit sans éclairage public,En agglomération,Intersection en X,Normale,Autre collision,4,2,3,0,1,1,1,0,1,50,1,2,1,0,0,1,38.0,,deux_roues,,3,2,2,1,6
202000028144,2020-01-15 12:00:00,2020,1,15,12,0,75,75115,RUE DE LA CONVENTION,48.841593,2.286827,Plein jour,En agglomération,Hors intersection,Normale,Deux véhicules - côté,4,2,3,3,1,1,1,-1,6,50,2,2,0,0,0,2,25.0,29.0,deux_roues,deux_roues,1,2,1,1,3
202000028145,2020-01-15 10:20:00,2020,1,15,10,20,75,75115,RUE DE LA CONVENTION,48.837236,2.296446,Plein jour,En agglomération,Intersection en X,Normale,Deux véhicules - côté,4,2,4,0,1,1,1,0,1,50,2,2,1,0,0,1,51.0,21.0,deux_roues,utilitaire_camion,1,2,2,1,3
202000028146,2020-01-16 17:58:00,2020,1,16,17,58,75,75115,RUE LERICHE,48.8344783,2.2956629,Nuit avec éclairage allumé,En agglomération,Intersection en X,Normale,Autre collision,4,2,2,0,2,1,1,0,1,30,1,2,1,0,0,1,22.0,,voiture,,5,2,2,1,6
202000028147,2020-01-16 20:10:00,2020,1,16,20,10,75,75113,RUE NEUVE TOLBIAC,48.8312908,2.3780711,Nuit avec éclairage allumé,En agglomération,Hors intersection,Normale,Deux véhicules - côté,4,2,3,0,2,1,1,0,1,50,2,1,0,0,0,1,39.0,,deux_roues,,5,2,1,1,3
202000028148,2020-01-16 17:15:00,2020,1,16,17,15,75,75113,BOULEVARD VINCENT AURIOL,48.8333278,2.3636695,Plein jour,En agglomération,Intersection en X,Normale,Autre collision,4,3,2,0,1,1,1,0,1,50,1,2,1,0,1,0,45.0,,deux_roues,,1,2,2,1,6
202000028149,2020-01-15 22:46:00,2020,1,15,22,46,75,75113,RUE DE LA POTERNE DES PEUPLIERS,48.8175868,2.3533775,Nuit avec éclairage allumé,En agglomération,Intersection en X,Pluie légère,Autre collision,4,2,3,0,1,2,2,0,1,50,1,1,0,0,0,1,38.0,,voiture,,5,2,2,2,6
202000028150,2020-01-16 22:05:00,2020,1,16,22,5,75,75112,PLACE DE LA BASTILLE,48.852846,2.368964,Nuit avec éclairage allumé,En agglomération,Place,Normale,Autre collision,4,3,5,1,1,3,1,-1,5,30,1,1,0,0,1,0,62.0,,deux_roues,,5,2,7,1,6
202000028151,2020-01-16 22:20:00,2020,1,16,22,20,75,75111,AVENUE DE LA REPUBLIQUE,48.8658116,2.3715333,Nuit avec éclairage allumé,En agglomération,Intersection en Y,Normale,Deux véhicules - côté,4,2,2,0,1,1,1,0,1,50,2,2,1,0,0,1,32.0,44.0,deux_roues,voiture,5,2,4,1,3
202000028152,2020-01-16 06:10:00,2020,1,16,6,10,75,75111,AVENUE DE LA REPUBLIQUE,48.8648465,2.3768102,Nuit avec éclairage allumé,En agglomération,Hors intersection,Normale,Autre collision,4,2,2,0,1,1,1,0,1,30,1,1,0,0,0,1,50.0,,utilitaire_camion,,5,2,1,1,6
202000028153,2020-01-16 18:00:00,2020,1,16,18,0,75,75110,RUE DU FAUBOURG SAINT MARTIN,48.8769024,2.3610298,Nuit avec éclairage allumé,En agglomération,Hors intersection,Normale,Deux véhicules - frontale,4,2,4,1,2,1,1,-1,5,50,2,2,0,0,0,2,19.0,31.0,deux_roues,deux_roues,5,2,1,1,1
202000028154,2020-01-15 12:50:00,2020,1,15,12,50,75,75110,RUE D HAUTEVILLE,48.8745766,2.3507117,Plein jour,En agglomération,Hors intersection,Normale,Deux véhicules - côté,4,1,1,0,2,1,1,0,1,50,2,2,1,0,0,1,31.0,41.0,deux_roues,voiture,1,2,1,1,3
202000028155,2020-01-16 12:15:00,2020,1,16,12,15,75,75109,RUE DU FAUBOURG POISSONNIERE,48.8719838,2.3479038,Plein jour,En agglomération,Intersection en X,Normale,Autre collision,4,1,2,0,1,1,1,0,1,50,1,1,0,0,0,1,,,,,1,2,2,1,6
202000028156,2020-01-16 10:25:00,2020,1,16,10,25,75,75109,BOULEVARD DE MAGENTA,48.8836166,2.3494954,Plein jour,En agglomération,Intersection en X,Normale,Autre collision,4,2,4,0,1,1,1,0,1,50,1,2,1,0,0,1,55.0,,utilitaire_camion,,1,2,2,1,6
202000028157,2020-01-16 15:00:00,2020,1,16,15,0,75,75107,AVENUE DE LA BOURDONNAIS,48.8558227,2.3030711,Plein jour,En agglomération,Intersection en Y,Normale,Deux véhicules - côté,4,2,1,0,1,1,1,0,1,50,2,2,1,0,0,1,26.0,27.0,deux_roues,utilitaire_camion,1,2,4,1,3
202000028158,2020-01-16 09:30:00,2020,1,16,9,30,75,75101,BOULEVARD DE SEBASTOPOL,48.8605592,2.3493534,Plein jour,En agglomération,Intersection en X,Normale,Autre collision,4,1,4,1,1,1,1,-1,5,50,1,2,1,0,0,1,27.0,,deux_roues,,1,2,2,1,6
202000028159,2020-01-14 13:55:00,2020,1,14,13,55,94,94081,Avenue Ernest Havet,48.783,2.401,Plein jour,En agglomération,Hors intersection,Normale,Autre collision,4,2,0,0,1,1,1,0,1,30,1,2,1,0,0,1,23.0,,voiture,,1,2,1,1,6
202000028160,2020-01-16 17:00:00,2020,1,16,17,0,94,94042,PRESIDENT JOHN KENNEDY (AV DU),48.81704,2.46672,Plein jour,En agglomération,Hors intersection,Normale,Deux véhicules - arrière,3,2,3,0,3,1,1,0,1,50,2,2,1,0,0,1,45.0,48.0,voiture,voiture,1,2,1,1,2
202000028161,2020-01-15 15:35:00,2020,1,15,15,35,94,94033,NEUILLY (AV DE),48.84746,2.48696,Plein jour,En agglomération,Hors intersection,Pluie légère,Deux véhicules - frontale,3,2,2,0,2,1,2,0,1,50,2,4,0,0,1,3,84.0,28.0,voiture,voiture,1,2,1,2,1
202000028162,2020-01-15 09:25:00,2020,1,15,9,25,94,94046,JOFFRE (AV),48.81568,2.44616,Plein jour,En agglomération,Hors intersection,Normale,Sans collision,4,2,2,2,1,1,1,0,1,30,1,1,0,0,0,1,49.0,,deux_roues,,1,2,1,1,7
202000028163,2020-01-15 13:30:00,2020,1,15,13,30,94,94022,ANATOLE FRANCE (AV),48.7613301,2.410746,Plein jour,En agglomération,Hors intersection,Normale,Autre collision,4,2,2,0,1,1,1,0,1,50,1,2,1,0,0,1,40.0,,voiture,,1,2,1,1,6
202000028164,2020-01-16 09:45:00,2020,1,16,9,45,94,94019,LIBERATION (RTE DE LA),48.8032744,2.5377129,Plein jour,En agglomération,Hors intersection,Temps éblouissant,Deux véhicules - arrière,3,2,2,0,1,1,1,5,3,50,2,2,1,0,0,1,76.0,22.0,voiture,voiture,1,2,1,7,2
202000028165,2020-01-15 19:00:00,2020,1,15,19,0,94,94053,GRANDE RUE PIERRE MENDES-FRANCE - PL JEA,48.77536,2.5478,Crépuscule ou aube,En agglomération,Autre intersection,Pluie légère,Deux véhicules - frontale,3,-1,2,0,1,1,2,0,3,50,2,2,1,0,0,1,29.0,26.0,voiture,voiture,2,2,9,2,1
202000028166,2020-01-16 19:20:00,2020,1,16,19,20,93,93078,AV CHARLES DE GAULLE,48.95845,2.55956,Nuit avec éclairage allumé,En agglomération,Hors intersection,Normale,Deux véhicules - frontale,4,2,2,0,1,2,1,0,1,50,2,2,1,0,0,1,60.0,52.0,voiture,deux_roues,5,2,1,1,1
202000028167,2020-01-16 16:30:00,2020,1,16,16,30,93,93059,AMIENS (RUE D') N° 02 AU N°128,48.9531341,2.3688531,Plein jour,En agglomération,Hors intersection,Normale,Deux véhicules - côté,3,2,4,3,1,1,1,0,3,50,2,2,1,0,0,1,64.0,27.0,voiture,deux_roues,1,2,1,1,3
202000028168,2020-01-16 18:45:00,2020,1,16,18,45,93,93066,COLONEL FABIEN (AVENUE),48.94563,2.34974,Nuit avec éclairage allumé,En agglomération,Hors intersection,Normale,Deux véhicules - arrière,3,3,4,0,1,1,1,0,1,50,2,3,2,0,0,1,33.0,34.0,voiture,voiture,5,2,1,1,2
202000028169,2020-01-16 12:05:00,2020,1,16,12,5,93,93066,PL JEAN POULMARCH / BD DE LA LIBERATION,48.9329149,2.3421556,Plein jour,En agglomération,Intersection en X,Normale,Autre collision,3,3,4,0,1,1,1,0,8,50,1,2,1,0,0,1,31.0,,transport_commun,,1,2,2,1,6
202000028170,2020-01-16 10:45:00,2020,1,16,10,45,93,93066,AV DU PRESIDENT WILSON / R JULES LE SAUNIER,48.92618,2.35666,Plein jour,En agglomération,Intersection en X,Normale,Deux véhicules - côté,3,3,4,0,1,1,1,2,1,50,2,2,1,0,0,1,55.0,56.0,voiture,deux_roues,1,2,2,1,3
202000028171,2020-01-16 17:20:00,2020,1,16,17,20,93,93062,AV DE LA RESISTANCE,48.89439,2.51335,Crépuscule ou aube,En agglomération,Hors intersection,Normale,Autre collision,3,2,2,0,1,1,1,0,1,50,1,2,1,0,0,1,63.0,,utilitaire_camion,,2,2,1,1,6
202000028172,2020-01-15 18:45:00,2020,1,15,18,45,93,93006,RASPAIL AVENUE,48.8750478,2.4301063,Nuit avec éclairage allumé,En agglomération,Hors intersection,Pluie légère,Autre collision,3,2,2,0,1,1,2,0,1,50,1,2,1,0,0,1,43.0,,voiture,,5,2,1,2,6
202000028173,2020-01-15 11:45:00,2020,1,15,11,45,93,93006,AV DU GENERAL DE GAULLE,48.86391,2.41691,Plein jour,En agglomération,Hors intersection,Normale,Deux véhicules - côté,3,-1,2,3,1,1,1,9,8,30,2,3,2,0,0,1,30.0,31.0,transport_commun,transport_commun,1,2,1,1,3
202000028174,2020-01-15 18:00:00,2020,1,15,18,0,93,93031,ARGENTEUIL (ROUTE D'),48.9597211,2.291366,Nuit avec éclairage allumé,En agglomération,Hors intersection,Pluie légère,Deux véhicules - côté,3,2,2,0,1,1,2,0,1,50,2,2,1,0,0,1,20.0,41.0,voiture,deux_roues,5,2,1,2,3
202000028175,2020-01-16 19:00:00,2020,1,16,19,0,92,92051,THEOPHILE-GAUTHIER (RUE),48.8844967,2.2570078,Nuit avec éclairage allumé,En agglomération,Hors intersection,Normale,Autre collision,4,2,2,0,1,1,1,0,3,50,1,1,0,0,0,1,65.0,,deux_roues,,5,2,1,1,6
202000028176,2020-01-16 15:00:00,2020,1,16,15,0,92,92051,MAURICE BARRES (BOULEVARD),48.8795,2.266,Plein jour,En agglomération,Hors intersection,Normale,Deux véhicules - côté,4,2,2,0,1,1,1,0,1,50,2,2,1,0,0,1,64.0,,deux_roues,,1,2,1,1,3
202000028177,2020-01-16 21:47:00,2020,1,16,21,47,92,92048,MAL DE LATTRE DE TASSIGNY (AVENUE),48.78683,2.23107,Nuit avec éclairage allumé,En agglomération,Autre intersection,Normale,Deux véhicules - frontale,4,2,2,0,1,1,1,0,1,50,2,2,1,0,0,1,45.0,61.0,voiture,deux_roues,5,2,9,1,1
202000028178,2020-01-16 16:06:00,2020,1,16,16,6,92,92044,PDT WILSON(RUE)77A105 ET 76A108,48.8966186,2.2863901,Plein jour,En agglomération,Hors intersection,Normale,Deux véhicules - côté,4,1,2,0,1,1,1,0,1,50,2,2,1,0,0,1,32.0,63.0,autre,voiture,1,2,1,1,3
202000028179,2020-01-16 13:10:00,2020,1,16,13,10,92,92040,GALLIENI (BOULEVARD),48.8231264,2.2679606,Plein jour,En agglomération,Intersection en X,Normale,Deux véhicules - côté,3,2,2,0,1,1,1,0,1,50,2,2,1,0,0,1,34.0,19.0,voiture,deux_roues,1,2,2,1,3