accident_id,datetime,annee,mois,jour,heure,minute,departement,commune_insee,adresse,latitude,longitude,luminosite,agglomeration,intersection,meteo,collision,catr,circ,nbv,vosp,prof,plan,surf,infra,situ,vma,nb_vehicules,nb_usagers,nb_indemnes,nb_tues,nb_blesses_hosp,nb_blesses_legers,age_cond_1,age_cond_2,veh_type_cond_1,veh_type_cond_2,lum_code,agg_code,int_code,atm_code,col_code
202000028270,2020-01-13 16:40:00,2020,1,13,16,40,38,38185,RUE RAOUL BLANCHARD,45.1902,5.72876,Plein jour,En agglomération,Intersection en X,Normale,Autre collision,4,1,1,0,1,1,1,0,1,30,1,2,1,0,1,0,48.0,,voiture,,1,2,2,1,6
202000028271,2020-01-12 21:10:00,2020,1,12,21,10,37,37214,REPUBLIQUE (AVENUE DE LA),47.4035715,0.6655394,Nuit avec éclairage allumé,En agglomération,Hors intersection,Normale,Sans collision,4,2,2,0,1,1,2,0,1,50,1,1,0,0,0,1,25.0,,deux_roues,,5,2,1,1,7
202000028272,2020-01-12 22:45:00,2020,1,12,22,45,37,37261,TANNEURS (RUE DES),47.3961907,0.6831371,Nuit avec éclairage allumé,En agglomération,Hors intersection,Normale,Autre collision,4,3,4,0,1,1,1,2,1,50,1,2,1,0,0,1,49.0,,voiture,,5,2,1,1,6
202000028273,2020-01-12 21:55:00,2020,1,12,21,55,37,37261,GRAMMONT (AVENUE DE),47.3861624,0.6905016,Nuit avec éclairage allumé,En agglomération,Intersection en X,Pluie légère,,3,2,4,3,1,1,2,5,1,50,2,2,1,0,0,1,25.0,27.0,voiture,deux_roues,5,2,2,2,-1
202000028274,2020-01-11 14:47:00,2020,1,11,14,47,37,37261,PAGES (ALLEE GASTON),47.4054717,0.7040317,Plein jour,En agglomération,Intersection en T,Normale,Deux véhicules - côté,4,2,2,0,1,1,1,0,1,50,2,2,1,0,0,1,19.0,54.0,voiture,transport_commun,1,2,3,1,3
202000028275,2020-01-11 15:57:00,2020,1,11,15,57,37,37233,DUCLOS (AVENUE JACQUES),47.3810972,0.7353432,Plein jour,En agglomération,Intersection en T,Normale,Deux véhicules - côté,3,2,3,0,1,1,1,0,1,50,2,6,5,0,0,1,24.0,26.0,voiture,voiture,1,2,3,1,3
202000028276,2020-01-14 11:00:00,2020,1,14,11,0,34,34172,JUSTICE DE CASTELNAU (AVENUE DE LA),43.627,3.87297,Plein jour,En agglomération,Intersection en T,Normale,Deux véhicules - côté,4,2,4,0,1,1,1,0,1,50,2,2,1,0,0,1,45.0,29.0,voiture,deux_roues,1,2,3,1,3
202000028277,2020-01-09 07:55:00,2020,1,9,7,55,34,34032,WILSON PRESIDENT (AV DU),43.33743,3.22377,Nuit avec éclairage allumé,En agglomération,Hors intersection,Normale,Trois véhicules et plus - en chaîne,4,2,1,0,1,1,1,0,1,50,3,4,1,0,1,2,42.0,44.0,voiture,voiture,5,2,1,1,4
202000028278,2020-07-06 17:30:00,2020,7,6,17,30,14,14574,DIVES (D.45 route de),49.1503154,0.2041557,Plein jour,Hors agglomération,Hors intersection,Normale,Deux véhicules - côté,3,2,2,0,1,1,1,0,1,80,2,2,1,0,0,1,29.0,27.0,voiture,voiture,1,1,1,1,3
202000028279,2020-07-06 14:05:00,2020,7,6,14,5,14,14118,BAYEUX (RUE DU 143 IMPAIR . 160 PAIR,49.1833,-0.38666,Plein jour,En agglomération,Intersection en X,Normale,Deux véhicules - côté,4,2,3,0,1,1,1,0,1,50,2,2,1,0,0,1,30.0,88.0,deux_roues,voiture,1,2,2,1,3
202000028280,2020-07-07 21:30:00,2020,7,7,21,30,13,13210,MIREILLE LAUZE (BOULEVARD),43.283331,5.412884,Nuit avec éclairage allumé,En agglomération,Intersection en X,Normale,Deux véhicules - côté,4,2,4,0,1,1,1,0,1,50,2,2,1,0,1,0,23.0,32.0,deux_roues,voiture,5,2,2,1,3
202000028281,2020-07-07 22:30:00,2020,7,7,22,30,13,13208,RAYMOND TEISSERE (RUE),43.27541,5.39602,Nuit avec éclairage allumé,En agglomération,Intersection en X,Normale,Deux véhicules - frontale,4,2,2,0,1,1,2,0,1,50,2,2,1,0,0,1,27.0,20.0,voiture,deux_roues,5,2,2,1,1
202000028282,2020-07-07 15:05:00,2020,7,7,15,5,13,13210,ROMAIN ROLLAND (BOULEVARD),43.2734064,5.4130894,Plein jour,En agglomération,Hors intersection,Normale,Autre collision,4,-1,3,0,1,1,1,0,1,50,1,2,1,0,1,0,48.0,,voiture,,1,2,1,1,6
202000028283,2020-07-05 08:25:00,2020,7,5,8,25,12,12145,Giratoire de Belluges,44.11628,3.08429,Plein jour,En agglomération,Giratoire,Normale,Deux véhicules - frontale,3,1,1,0,1,2,1,9,1,50,2,2,1,0,0,1,95.0,34.0,voiture,deux_roues,1,2,6,1,1
202000028284,2020-07-07 18:30:00,2020,7,7,18,30,07,07281,ONZE NOVEMBRE (AVENUE DU),44.9461,4.8468,Plein jour,En agglomération,Hors intersection,Normale,Deux véhicules - côté,3,2,2,0,1,3,1,0,1,50,2,2,1,0,0,1,28.0,26.0,deux_roues,voiture,1,2,1,1,3
202000028285,2020-07-07 13:40:00,2020,7,7,13,40,06,06069,CANNES (ROUTE DE)  -RD 6085-,43.642001,6.946991,Plein jour,En agglomération,Hors intersection,Normale,Deux véhicules - côté,4,2,1,0,1,1,1,0,1,50,2,2,1,0,0,1,17.0,31.0,deux_roues,voiture,1,2,1,1,3
202000028286,2020-07-06 11:55:00,2020,7,6,11,55,06,06030,VALBONNE (ROUTE  DE),43.57817,7.01701,Plein jour,En agglomération,Hors intersection,Temps éblouissant,Autre collision,4,1,0,0,2,2,1,0,1,30,1,2,1,0,0,1,57.0,,voiture,,1,2,1,7,6
202000028287,2020-07-06 13:40:00,2020,7,6,13,40,06,06027,CANNES AVENUE DE (RN7),43.6512,7.1417,Plein jour,En agglomération,Hors intersection,Normale,,7,3,2,0,1,1,1,0,1,50,4,4,3,0,0,1,59.0,22.0,voiture,voiture,1,2,1,1,-1
202000028288,2020-07-04 21:25:00,2020,7,4,21,25,05,05061,GUILLAUME FAREL ( AVENUE ),44.55817,6.07067,Plein jour,En agglomération,Hors intersection,Normale,Autre collision,3,2,2,0,2,2,1,0,1,30,1,2,0,0,0,2,21.0,,voiture,,1,2,1,1,6
202000028289,2020-07-07 21:00:00,2020,7,7,21,0,75,75117,BOULEVARD PERIPHERIQUE EXTERIEUR OUEST,48.890245,2.298465,Crépuscule ou aube,En agglomération,Hors intersection,Normale,Deux véhicules - côté,4,1,4,0,1,1,1,1,1,70,2,1,0,0,0,1,36.0,,deux_roues,,2,2,1,1,3
202000028290,2020-07-07 08:20:00,2020,7,7,8,20,75,75120,BOULEVARD PERIPHERIQUE INTERIEUR NORD  ,48.850099,2.415106,Plein jour,En agglomération,Hors intersection,Normale,Deux véhicules - côté,4,3,4,0,1,1,1,0,1,70,2,3,2,0,1,0,53.0,63.0,deux_roues,voiture,1,2,1,1,3
202000028291,2020-07-07 07:49:00,2020,7,7,7,49,75,75120,RUE D AVRON,48.851857,2.40137,Plein jour,En agglomération,Intersection en X,Normale,Deux véhicules - arrière,4,2,2,0,1,1,1,0,1,30,2,2,1,0,0,1,53.0,24.0,voiture,deux_roues,1,2,2,1,2
202000028292,2020-07-06 21:20:00,2020,7,6,21,20,75,75120,RUE PAUL MEURICE,48.876314,2.41076,Crépuscule ou aube,En agglomération,Hors intersection,Normale,,4,1,1,0,1,1,1,0,1,30,2,3,2,0,0,1,24.0,45.0,utilitaire_camion,deux_roues,2,2,1,1,-1
202000028293,2020-07-07 19:50:00,2020,7,7,19,50,75,75116,AVENUE FOCH,48.871249,2.276166,Plein jour,En agglomération,Intersection en X,Normale,Deux véhicules - arrière,4,1,2,0,1,1,1,0,1,30,2,1,0,0,0,1,40.0,,deux_roues,,1,2,2,1,2
202000028294,2020-07-07 18:20:00,2020,7,7,18,20,75,75116,RUE POUSSIN,48.848568,2.262085,Plein jour,En agglomération,Intersection en Y,Normale,Deux véhicules - arrière,4,1,1,0,1,1,1,0,1,50,2,2,1,0,0,1,27.0,40.0,voiture,deux_roues,1,2,4,1,2
202000028295,2020-07-07 16:40:00,2020,7,7,16,40,75,75116,AVENUE DE L HIPPODROME,48.860534,2.240813,Plein jour,En agglomération,Intersection en X,Normale,Deux véhicules - arrière,4,2,2,0,1,1,1,0,1,50,2,2,1,0,0,1,50.0,70.0,voiture,deux_roues,1,2,2,1,2
202000028296,2020-07-07 14:30:00,2020,7,7,14,30,75,75116,PLACE VICTOR HUGO,48.869455,2.285411,Plein jour,En agglomération,Place,Normale,Deux véhicules - côté,4,1,3,0,1,2,1,0,1,50,2,2,1,0,0,1,31.0,80.0,deux_roues,voiture,1,2,7,1,3
202000028297,2020-07-07 12:20:00,2020,7,7,12,20,75,75116,AVENUE KLEBER,48.865011,2.288691,Plein jour,En agglomération,Intersection à plus de 4 branches,Normale,Trois véhicules et plus - collisions multiples,4,2,2,0,1,1,1,0,1,50,3,3,2,0,0,1,17.0,34.0,deux_roues,voiture,1,2,5,1,5
202000028298,2020-07-07 07:50:00,2020,7,7,7,50,75,75108,RUE CAMBACERES,48.873761,2.317716,Plein jour,En agglomération,Hors intersection,Normale,Deux véhicules - côté,4,1,1,0,1,1,1,0,1,50,2,2,1,0,0,1,69.0,49.0,voiture,deux_roues,1,2,1,1,3
202000028299,2020-07-06 20:40:00,2020,7,6,20,40,75,75116,AVENUE FOCH,48.873591,2.29279,Crépuscule ou aube,En agglomération,Intersection en X,Normale,Deux véhicules - côté,4,2,4,1,1,1,1,-1,5,50,2,1,0,0,0,1,25.0,,deux_roues,,2,2,2,1,3
202000028300,2020-07-07 19:00:00,2020,7,7,19,0,75,75115,AVENUE DE SEGUR,48.847894,2.306166,Plein jour,En agglomération,Intersection en X,Normale,Deux véhicules - côté,4,2,1,0,1,1,1,0,1,50,2,2,1,0,0,1,50.0,39.0,voiture,deux_roues,1,2,2,1,3
202000028301,2020-07-07 19:00:00,2020,7,7,19,0,75,75115,RUE SAINT CHARLES,48.849065,2.287672,Plein jour,En agglomération,Place,Normale,,4,1,1,0,1,1,1,0,1,50,2,3,1,0,0,2,72.0,50.0,voiture,voiture,1,2,7,1,-1
202000028302,2020-07-07 16:05:00,2020,7,7,16,5,75,75113,BOULEVARD MASSENA,48.824172,2.376807,Plein jour,En agglomération,Intersection en X,Normale,Autre collision,4,1,2,1,2,1,1,-1,5,50,1,2,1,0,0,1,27.0,,deux_roues,,1,2,2,1,6
202000028303,2020-07-07 09:08:00,2020,7,7,9,8,75,75113,QUAI D IVRY,48.826905,2.386153,Plein jour,En agglomération,Hors intersection,Normale,Deux véhicules - côté,4,3,4,0,1,1,1,0,1,50,2,2,1,0,0,1,40.0,29.0,utilitaire_camion,deux_roues,1,2,1,1,3
202000028304,2020-07-07 16:30:00,2020,7,7,16,30,75,75112,RUE LOUIS BRAILLE,48.839716,2.402513,Plein jour,En agglomération,Intersection en X,Normale,Deux véhicules - côté,4,2,2,0,2,1,1,0,1,50,2,2,1,0,0,1,62.0,32.0,voiture,deux_roues,1,2,2,1,3
202000028305,2020-07-06 20:30:00,2020,7,6,20,30,75,75112,RUE DE CHARENTON,48.839667,2.388701,Crépuscule ou aube,En agglomération,Hors intersection,Normale,Autre collision,4,2,2,0,2,1,1,0,1,50,1,1,0,0,0,1,50.0,,voiture,,2,2,1,1,6
202000028306,2020-07-05 11:00:00,2020,7,5,11,0,75,75112,AVENUE DAUMESNIL,48.835892,2.405636,Plein jour,En agglomération,Intersection en Y,Normale,Deux véhicules - côté,4,2,4,2,1,1,1,0,1,50,2,2,1,0,0,1,38.0,56.0,voiture,deux_roues,1,2,4,1,3
202000028307,2020-07-07 17:50:00,2020,7,7,17,50,75,75108,AVENUE DES CHAMPS ELYSEES,48.871922,2.300842,Plein jour,En agglomération,Intersection en Y,Normale,Autre collision,4,-1,8,1,2,1,1,0,4,50,1,2,1,0,0,1,19.0,,deux_roues,,1,2,4,1,6
202000028308,2020-07-07 01:55:00,2020,7,7,1,55,75,75109,BOULEVARD MONTMARTRE,48.871486,2.343054,Nuit avec éclairage allumé,En agglomération,Intersection en X,Normale,Autre collision,4,2,4,0,1,1,1,0,1,50,1,2,1,0,0,1,59.0,,voiture,,5,2,2,1,6
202000028309,2020-07-07 20:30:00,2020,7,7,20,30,75,75104,BOULEVARD HENRI IV,48.850434,2.360086,Plein jour,En agglomération,Intersection en T,Normale,Autre collision,4,1,3,3,1,1,1,0,1,50,1,2,1,0,0,1,64.0,,deux_roues,,1,2,3,1,6
202000028310,2020-07-06 19:00:00,2020,7,6,19,0,75,75101,VOIE GEORGES POMPIDOU,48.858075,2.343284,Plein jour,En agglomération,Hors intersection,Normale,Autre collision,4,2,1,3,1,1,1,6,4,50,1,2,1,0,1,0,22.0,,deux_roues,,1,2,1,1,6
202000028311,2020-07-07 18:10:00,2020,7,7,18,10,94,94081,ABBE ROGER DERRY (AV DE L),48.79101,2.39346,Plein jour,En agglomération,Hors intersection,Normale,Autre collision,3,2,2,0,1,1,1,0,1,50,1,3,2,0,0,1,41.0,,voiture,,1,2,1,1,6
202000028312,2020-07-07 18:25:00,2020,7,7,18,25,94,94081,MOULIN DE SAQUET (AV DU),48.790787,2.380967,Plein jour,En agglomération,Intersection en T,Normale,Deux véhicules - côté,3,2,2,0,2,3,1,5,1,50,2,2,1,0,0,1,26.0,32.0,deux_roues,transport_commun,1,2,3,1,3
202000028313,2020-07-07 19:20:00,2020,7,7,19,20,94,94046,GENERAL DE GAULLE (AV DU),48.80694,2.42596,Plein jour,En agglomération,Hors intersection,Normale,Deux véhicules - frontale,3,2,2,0,1,2,1,0,1,50,2,3,1,0,2,0,28.0,38.0,voiture,deux_roues,1,2,1,1,1
202000028314,2020-07-07 20:30:00,2020,7,7,20,30,94,94034,ORMES (R DES),48.753285,2.327021,Plein jour,En agglomération,Hors intersection,Normale,Deux véhicules - côté,4,2,1,2,1,1,1,5,1,20,2,2,1,0,1,0,20.0,25.0,voiture,deux_roues,1,2,1,1,3
202000028315,2020-07-07 09:10:00,2020,7,7,9,10,94,94038,ALBERT 1ER (R),48.77918,2.33111,Plein jour,En agglomération,Intersection en X,Normale,Deux véhicules - frontale,7,1,2,0,4,3,1,0,1,50,2,2,1,0,0,1,26.0,30.0,voiture,deux_roues,1,2,2,1,1
202000028316,2020-07-07 21:10:00,2020,7,7,21,10,94,94022,GENERAL LECLERC (AV),48.76132,2.40339,Plein jour,En agglomération,Intersection en X,Normale,Deux véhicules - côté,3,3,4,0,1,1,1,0,1,50,2,4,3,0,0,1,21.0,,voiture,,1,2,2,1,3
202000028317,2020-07-07 14:30:00,2020,7,7,14,30,94,94022,ANATOLE FRANCE (AV),48.76018,2.41192,Plein jour,En agglomération,Autre intersection,Normale,Deux véhicules - côté,4,2,1,0,1,1,1,0,8,50,2,2,1,0,0,1,56.0,24.0,voiture,deux_roues,1,2,9,1,3
202000028318,2020-07-06 19:41:00,2020,7,6,19,41,94,94019,MARECHAL LECLERC (AV DU),48.79655,2.53059,Plein jour,En agglomération,Intersection en X,Normale,Deux véhicules - frontale,3,2,2,0,2,3,1,0,1,50,2,2,1,0,0,1,36.0,25.0,voiture,voiture,1,2,2,1,1
202000028319,2020-07-07 09:10:00,2020,7,7,9,10,94,94052,GEORGES CLEMENCEAU (AV),48.835833,2.472298,Plein jour,En agglomération,Hors intersection,Normale,Deux véhicules - arrière,3,1,1,0,1,1,1,0,1,50,2,2,0,0,0,2,32.0,30.0,voiture,voiture,1,2,1,1,2
202000028320,2020-07-07 04:30:00,2020,7,7,4,30,93,93073,CHAPIT RE ( RUE DU),49.0035126,2.536768,Nuit sans éclairage public,Hors agglomération,Autre intersection,Normale,Deux véhicules - frontale,9,2,2,0,1,1,1,1,1,50,2,2,0,0,2,0,35.0,44.0,voiture,voiture,3,1,9,1,1
202000028321,2020-07-07 12:45:00,2020,7,7,12,45,93,93070,LANDY(RUE):N° 1 AU 43,48.9142392,2.3464948,Plein jour,En agglomération,Hors intersection,Normale,Deux véhicules - côté,3,2,0,0,1,1,1,0,1,50,2,2,1,0,0,1,32.0,42.0,deux_roues,voiture,1,2,1,1,3
202000028322,2020-07-02 16:30:00,2020,7,2,16,30,93,93039,R MECHIN,48.935709,2.338486,Plein jour,En agglomération,Hors intersection,Normale,Autre collision,3,2,2,3,1,1,1,0,6,50,1,1,0,0,0,1,36.0,,deux_roues,,1,2,1,1,6
202000028323,2020-07-07 10:37:00,2020,7,7,10,37,93,93055,JULES AUFFRET (51/FIN ET 56/FIN),48.8867795,2.4103861,Plein jour,En agglomération,Intersection en X,Normale,Deux véhicules - côté,3,2,2,0,2,2,1,0,1,50,2,2,1,0,0,1,60.0,27.0,voiture,deux_roues,1,2,2,1,3
202000028324,2020-07-05 19:35:00,2020,7,5,19,35,93,93050,ROBERT SCHUMANN (AVENUE),48.8738162,2.5317425,Plein jour,En agglomération,Hors intersection,Normale,Deux véhicules - côté,4,2,0,0,1,2,1,0,1,50,2,1,0,0,0,1,33.0,,voiture,,1,2,1,1,3
202000028325,2020-07-07 18:05:00,2020,7,7,18,5,93,93048,ARISTIDE BRIAND (BOULEVARD),48.8735466,2.4539818,Plein jour,En agglomération,Hors intersection,Normale,Autre collision,3,2,2,0,2,1,1,0,1,50,1,2,0,0,0,2,47.0,,voiture,,1,2,1,1,6
202000028326,2020-07-06 23:20:00,2020,7,6,23,20,93,93048,BD DE LA BOISSIERE,48.877739,2.4595431,Nuit avec éclairage allumé,En agglomération,Hors intersection,Normale,Autre collision,3,2,2,0,1,1,1,0,1,50,1,2,1,0,1,0,39.0,,utilitaire_camion,,5,2,1,1,6
202000028327,2020-07-07 22:20:00,2020,7,7,22,20,93,93046,LEON LUM AVENUE,48.9095,2.5302,Nuit avec éclairage allumé,En agglomération,Intersection en T,Normale,Sans collision,3,1,1,0,1,1,1,0,4,50,1,1,0,0,0,1,17.0,,deux_roues,,5,2,3,1,7
202000028328,2020-07-07 19:40:00,2020,7,7,19,40,93,93031,DE LATTRE DE TASSIGNY (1 A 51),48.9572763,2.3099006,Plein jour,En agglomération,Intersection en Y,Normale,Deux véhicules - frontale,3,3,0,0,1,1,1,0,1,50,2,4,2,0,0,2,36.0,43.0,voiture,utilitaire_camion,1,2,4,1,1
202000028329,2020-07-06 23:55:00,2020,7,6,23,55,93,93031,REPUBLIQUE (AVENUE),48.94802,2.33878,Nuit avec éclairage allumé,En agglomération,Intersection en Y,Pluie forte,Deux véhicules - arrière,3,3,0,0,1,1,1,0,8,50,2,1,0,0,0,1,30.0,,voiture,,5,2,4,3,2
202000028330,2020-07-07 18:45:00,2020,7,7,18,45,93,93029,JACQUES JOLY,48.93506,2.44524,Plein jour,En agglomération,Intersection en X,Normale,Deux véhicules - côté,4,1,1,0,1,1,1,0,1,50,2,3,2,0,1,0,19.0,38.0,voiture,deux_roues,1,2,2,1,3
202000028331,2020-07-07 21:00:00,2020,7,7,21,0,93,93027,VAILLANT-COUTURIER (AVENUE PAUL),48.9262,2.4166,Plein jour,En agglomération,Hors intersection,Normale,Deux véhicules - côté,3,2,4,1,1,1,1,0,5,50,2,2,1,0,0,1,26.0,41.0,autre,voiture,1,2,1,1,3
202000028332,2020-07-07 18:10:00,2020,7,7,18,10,93,93047,JEAN JAURES (AVENUE),48.8982386,2.5554654,Plein jour,En agglomération,Hors intersection,Normale,Deux véhicules - arrière,3,2,2,1,1,1,1,0,1,50,2,3,2,0,0,1,65.0,22.0,deux_roues,voiture,1,2,1,1,2
202000028333,2020-07-06 17:25:00,2020,7,6,17,25,93,93047,AV HORTENSIAS / R DU GENERAL DE GAULLE,48.898657,2.553501,Plein jour,En agglomération,Intersection en T,Normale,Trois véhicules et plus - collisions multiples,4,1,1,0,1,1,1,0,1,50,3,3,2,0,0,1,35.0,53.0,voiture,voiture,1,2,3,1,5
202000028334,2020-07-07 03:20:00,2020,7,7,3,20,93,93057,BRIAND ( AV. ARISTIDE) 134 A 212,48.90921,2.50414,Nuit avec éclairage allumé,En agglomération,Hors intersection,Normale,Autre collision,3,2,2,0,1,1,1,0,1,50,1,1,0,0,0,1,48.0,,voiture,,5,2,1,1,6
202000028335,2020-07-07 19:45:00,2020,7,7,19,45,93,93005,JACQUES DUCLOS [CD44] (RUE),48.9468197,2.4925994,Plein jour,En agglomération,Hors intersection,Normale,Trois véhicules et plus - collisions multiples,3,1,3,0,1,1,1,0,1,50,3,9,6,0,2,1,28.0,24.0,voiture,voiture,1,2,1,1,5
202000028336,2020-07-06 17:18:00,2020,7,6,17,18,93,93001,R ANDRE KARMAN ,48.9100566,2.3849371,Plein jour,En agglomération,Hors intersection,Normale,Autre collision,4,1,1,1,1,1,1,0,1,50,1,2,1,0,0,1,65.0,,voiture,,1,2,1,1,6
202000028337,2020-07-07 21:20:00,2020,7,7,21,20,92,92046,RAYMOND DAVID,48.8174297,2.2946151,Crépuscule ou aube,En agglomération,Hors intersection,Normale,Autre collision,3,-1,2,0,1,1,1,0,4,50,1,2,1,0,0,1,21.0,,deux_roues,,2,2,1,1,6
202000028338,2020-07-06 18:45:00,2020,7,6,18,45,92,92022,SALENGRO (AVENUE ROGER),48.8083793,2.1872985,Plein jour,En agglomération,Hors intersection,Normale,Sans collision,3,3,4,2,2,1,1,0,5,50,1,1,0,0,1,0,60.0,,deux_roues,,1,2,1,1,7
202000028339,2020-07-06 18:00:00,2020,7,6,18,0,92,92063,BONAPARTE (AVENUE NAPOLEON) SUD,48.87318,2.16455,Plein jour,En agglomération,Hors intersection,Normale,Deux véhicules - arrière,3,3,4,0,1,1,1,0,1,50,2,2,1,0,0,1,29.0,61.0,voiture,voiture,1,2,1,1,2
202000028340,2020-07-07 14:08:00,2020,7,7,14,8,92,92062,REPUBLIQUE (RUE DE LA) N° 100 A 14,48.8869529,2.2460986,Plein jour,En agglomération,Hors intersection,Normale,Deux véhicules - arrière,4,1,1,0,1,3,1,0,1,50,2,2,1,0,0,1,62.0,38.0,voiture,voiture,1,2,1,1,2
202000028341,2020-07-06 18:30:00,2020,7,6,18,30,92,92050,MARTIN HENRI AVENUE,48.8932751,2.1887147,Plein jour,En agglomération,Intersection en Y,Normale,Deux véhicules - côté,1,1,1,0,1,1,1,0,1,50,2,2,1,0,0,1,48.0,25.0,deux_roues,voiture,1,2,4,1,3
202000028342,2020-07-06 19:50:00,2020,7,6,19,50,92,92020,EXUPERY AVENUE SAINT,48.8086667,2.2983769,Plein jour,En agglomération,Hors intersection,Normale,Deux véhicules - côté,3,2,2,0,4,1,1,0,1,50,2,2,1,0,0,1,34.0,36.0,voiture,deux_roues,1,2,1,1,3
202000028343,2020-07-06 17:30:00,2020,7,6,17,30,92,92075,PIERRE BROSSOLETTE (AVENUE),48.8177,2.3078,Plein jour,Hors agglomération,Intersection en T,Normale,Deux véhicules - côté,3,3,4,0,1,1,1,0,1,50,2,2,1,0,0,1,41.0,55.0,voiture,utilitaire_camion,1,1,3,1,3
202000028344,2020-07-07 09:20:00,2020,7,7,9,20,92,92026,JEAN MERMOZ (SQUARE ET PLACE),48.9025731,2.2745776,Plein jour,En agglomération,Giratoire,Normale,Deux véhicules - côté,3,2,4,0,1,1,1,0,8,30,2,2,1,0,0,1,41.0,54.0,deux_roues,voiture,1,2,6,1,3
202000028345,2020-07-07 13:00:00,2020,7,7,13,0,92,92024,CLAUDE DEBUSSY (AVENUE),48.9103073,2.311161,Plein jour,En agglomération,Hors intersection,Normale,,4,2,2,0,1,1,1,0,1,30,2,2,1,0,0,1,40.0,11.0,voiture,deux_roues,1,2,1,1,-1
202000028346,2020-07-07 17:25:00,2020,7,7,17,25,92,92023,PORTE DE TRIVAUX (RUE DE) N°57 A 197 ET,48.78734,2.247026,Plein jour,En agglomération,Hors intersection,Normale,Autre collision,3,2,2,2,1,1,1,0,5,50,1,2,1,0,0,1,62.0,,voiture,,1,2,1,1,6
202000028347,2020-07-07 07:57:00,2020,7,7,7,57,92,92023,Avenue Jean-Baptiste Clément,48.791488,2.26284,Plein jour,En agglomération,Giratoire,Normale,Deux véhicules - côté,3,3,2,3,2,1,1,0,1,30,2,2,1,0,0,1,49.0,31.0,deux_roues,voiture,1,2,6,1,3
202000028348,2020-07-30 08:15:00,2020,7,30,8,15,92,92012,QUATRE SEPTEMBRE (QUAI DU),48.8450906,2.2266223,Plein jour,En agglomération,Intersection en Y,Temps éblouissant,,3,3,4,2,1,1,1,0,1,50,2,2,1,0,0,1,30.0,36.0,deux_roues,voiture,1,2,4,7,-1
202000028349,2020-07-07 17:45:00,2020,7,7,17,45,92,92012,ANDRE MORIZET (AVENUE) 1/47 - 2/52,48.835,2.24132,Plein jour,En agglomération,Intersection en X,Normale,Deux véhicules - côté,3,1,1,0,1,1,1,0,1,50,2,2,1,0,1,0,35.0,61.0,deux_roues,voiture,1,2,2,1,3
202000028350,2020-07-03 15:50:00,2020,7,3,15,50,92,92004,DOCTEUR DERVAUX ( QUAI DU ),48.91169,2.30089,Plein jour,En agglomération,Hors intersection,Normale,Deux véhicules - côté,3,1,2,0,1,1,1,0,1,70,2,3,2,0,0,1,49.0,17.0,deux_roues,voiture,1,2,1,1,3
202000028351,2020-06-08 15:50:00,2020,6,8,15,50,974,97415,3 Rue de la Pépinière,-20.9794724,55.3205556,Plein jour,En agglomération,Hors intersection,Temps couvert,Sans collision,4,2,2,0,2,1,1,0,4,50,1,1,0,0,1,0,24.0,,deux_roues,,1,2,1,8,7
202000028352,2020-07-07 18:45:00,2020,7,7,18,45,35,35016,1 Rue de Lassy,47.984885,-1.929584,Plein jour,En agglomération,Hors intersection,Normale,Deux véhicules - arrière,3,2,2,0,1,1,1,0,1,50,2,2,1,0,0,1,17.0,31.0,deux_roues,voiture,1,2,1,1,2
202000028353,2020-07-07 10:55:00,2020,7,7,10,55,51,51224,N4,48.6963228,4.6937431,Plein jour,Hors agglomération,Intersection en X,Normale,Deux véhicules - côté,2,3,2,0,1,1,1,0,1,110,2,8,0,0,0,8,31.0,55.0,voiture,voiture,1,1,2,1,3
202000028354,2020-07-08 04:20:00,2020,7,8,4,20,22,22182,Departementale 4,48.568607,-2.927474,Nuit sans éclairage public,Hors agglomération,Hors intersection,Normale,Autre collision,3,2,2,0,1,1,1,0,1,80,1,2,1,0,1,0,43.0,,voiture,,3,1,1,1,6
202000028355,2020-07-07 18:45:00,2020,7,7,18,45,45,45178,Avenue du Vingt Quatre Novembre,48.002342,2.54371,Plein jour,En agglomération,Hors intersection,Normale,Deux véhicules - arrière,3,2,2,0,1,1,1,0,1,50,2,3,0,0,0,3,45.0,29.0,voiture,voiture,1,2,1,1,2
202000028356,2020-07-08 14:15:00,2020,7,8,14,15,34,34152,Rue du Mas d'Allegre,43.783349,3.75962,Plein jour,En agglomération,Intersection en Y,Normale,Deux véhicules - côté,4,2,1,0,1,3,1,0,1,50,2,2,1,0,0,1,21.0,17.0,voiture,deux_roues,1,2,4,1,3
202000028357,2020-07-08 12:30:00,2020,7,8,12,30,49,49092,l'angelière,47.1365949,-0.7380356,Plein jour,Hors agglomération,Hors intersection,Temps éblouissant,Sans collision,3,2,2,0,3,2,1,0,1,80,1,1,0,0,0,1,37.0,,voiture,,1,1,1,7,7
202000028358,2020-07-02 14:35:00,2020,7,2,14,35,28,28088,Place du 18 Octobre,48.070631,1.328047,Plein jour,En agglomération,Giratoire,Normale,Autre collision,4,1,2,0,1,1,1,0,8,50,1,2,1,0,0,1,23.0,,deux_roues,,1,2,6,1,6
202000028359,2020-07-07 22:05:00,2020,7,7,22,5,01,01353,D936,45.973885,4.78457,Nuit sans éclairage public,Hors agglomération,Hors intersection,Normale,Sans collision,3,2,2,0,1,3,1,0,3,80,1,3,0,1,1,1,21.0,,voiture,,3,1,1,1,7
202000028360,2020-07-07 16:42:00,2020,7,7,16,42,21,21247,A6,47.484995,4.163244,Plein jour,Hors agglomération,Hors intersection,Normale,Deux véhicules - arrière,1,3,4,0,1,1,1,0,1,130,2,4,2,0,1,1,51.0,28.0,utilitaire_camion,voiture,1,1,1,1,2
202000028361,2020-07-08 17:01:00,2020,7,8,17,1,57,57024,D2,49.192306,6.240256,Plein jour,Hors agglomération,Hors intersection,Normale,Deux véhicules - côté,3,2,2,0,3,1,1,0,1,80,2,2,1,0,1,0,33.0,60.0,voiture,voiture,1,1,1,1,3