accident_id,datetime,annee,mois,jour,heure,minute,departement,commune_insee,adresse,latitude,longitude,luminosite,agglomeration,intersection,meteo,collision,catr,circ,nbv,vosp,prof,plan,surf,infra,situ,vma,nb_vehicules,nb_usagers,nb_indemnes,nb_tues,nb_blesses_hosp,nb_blesses_legers,age_cond_1,age_cond_2,veh_type_cond_1,veh_type_cond_2,lum_code,agg_code,int_code,atm_code,col_code
202000028362,2020-07-07 11:30:00,2020,7,7,11,30,79,79056,,47.046016,-0.20647,Plein jour,Hors agglomération,Intersection en X,Normale,Deux véhicules - côté,3,2,2,0,1,1,1,5,1,80,2,2,1,0,1,0,30.0,54.0,voiture,deux_roues,1,1,2,1,3
202000028363,2020-07-08 13:20:00,2020,7,8,13,20,2A,2A271,RT 22,41.9635046,8.8135554,Plein jour,En agglomération,Giratoire,Normale,Deux véhicules - arrière,2,2,2,0,1,1,1,0,1,50,2,2,1,0,0,1,19.0,32.0,voiture,deux_roues,1,2,6,1,2
202000028364,2020-07-07 18:20:00,2020,7,7,18,20,2A,2A271,RT 22,41.959945,8.806379,Plein jour,Hors agglomération,Hors intersection,Normale,Deux véhicules - côté,2,2,2,0,1,1,1,0,1,50,2,2,1,0,0,1,49.0,37.0,deux_roues,voiture,1,1,1,1,3
202000028365,2020-07-06 16:30:00,2020,7,6,16,30,32,32027,D935,43.695757,-0.208735,Plein jour,Hors agglomération,Giratoire,Temps éblouissant,Deux véhicules - côté,3,2,2,0,1,3,1,5,1,80,2,2,1,0,0,1,81.0,67.0,voiture,voiture,1,1,6,7,3
202000028366,2020-07-08 19:15:00,2020,7,8,19,15,11,11427,D626,43.066513,2.095953,Crépuscule ou aube,Hors agglomération,Hors intersection,Temps éblouissant,Autre collision,3,2,2,0,1,1,1,0,3,80,1,1,0,1,0,0,88.0,,voiture,,2,1,1,7,6
202000028367,2020-07-07 21:05:00,2020,7,7,21,5,49,49069,La Coptiere (drain),47.326556,-1.19987,Crépuscule ou aube,Hors agglomération,Hors intersection,Temps éblouissant,Deux véhicules - frontale,4,2,2,0,2,1,1,0,1,80,2,2,1,0,1,0,39.0,46.0,voiture,utilitaire_camion,2,1,1,7,1
202000028368,2020-07-08 13:50:00,2020,7,8,13,50,42,42137,Route de Lavieu,45.525472,4.054599,Plein jour,Hors agglomération,Hors intersection,Normale,Sans collision,3,2,2,0,1,2,1,0,3,80,1,1,0,0,0,1,21.0,,deux_roues,,1,1,1,1,7
202000028369,2020-07-07 00:50:00,2020,7,7,0,50,86,86082,N10,46.349116,0.186118,Nuit sans éclairage public,En agglomération,Hors intersection,Normale,Deux véhicules - frontale,2,3,4,0,2,2,1,0,1,110,2,2,1,0,1,0,24.0,22.0,voiture,voiture,3,2,1,1,1
202000028370,2020-07-07 09:25:00,2020,7,7,9,25,68,68374,12 Rue Herzog,48.086433,7.314809,Plein jour,En agglomération,Hors intersection,Normale,Autre collision,6,-1,-1,0,1,1,1,0,1,10,1,2,1,0,0,1,54.0,,voiture,,1,2,1,1,6
202000028371,2020-07-08 10:10:00,2020,7,8,10,10,39,39013,,46.903109,5.773396,Plein jour,En agglomération,Hors intersection,Temps éblouissant,Autre collision,3,2,2,0,1,1,1,0,1,50,1,3,1,0,1,1,80.0,,voiture,,1,2,1,7,6
202000028372,2020-07-07 12:06:00,2020,7,7,12,6,25,25471,D125,47.30157,6.650087,Plein jour,Hors agglomération,Autre intersection,Normale,Sans collision,3,2,2,0,2,1,1,9,3,80,1,1,0,0,1,0,45.0,,deux_roues,,1,1,9,1,7
202000028373,2020-07-07 18:40:00,2020,7,7,18,40,44,44140,Le Moulin Beduaud,47.206814,-1.210765,Plein jour,Hors agglomération,Hors intersection,Normale,Autre collision,3,2,2,0,1,1,1,0,3,80,1,2,0,1,0,1,77.0,,voiture,,1,1,1,1,6
202000028374,2020-07-08 00:35:00,2020,7,8,0,35,29,29284,23 Rue du Capitaine le Drezen,47.797156,-4.268681,Nuit sans éclairage public,En agglomération,Hors intersection,Normale,Autre collision,3,2,2,0,1,1,1,0,1,50,1,1,0,0,1,0,35.0,,deux_roues,,3,2,1,1,6
202000028375,2020-07-07 14:30:00,2020,7,7,14,30,31,31232,Avenue du Président Kennedy,43.766209,1.297503,Plein jour,En agglomération,Hors intersection,Normale,Deux véhicules - arrière,3,-1,2,0,1,1,1,0,1,50,2,2,1,0,1,0,79.0,36.0,voiture,deux_roues,1,2,1,1,2
202000028376,2020-07-06 12:50:00,2020,7,6,12,50,38,38075,Route du Grésivaudan,45.450181,5.999973,Plein jour,Hors agglomération,Hors intersection,Normale,Autre collision,3,2,2,0,1,1,1,0,8,70,1,2,0,0,1,1,31.0,,voiture,,1,1,1,1,6
202000028377,2020-07-07 17:30:00,2020,7,7,17,30,06,06150,Avenue de la Victoire,43.745402,7.398983,Plein jour,En agglomération,Intersection en T,Normale,Autre collision,3,2,2,0,1,1,1,0,1,30,1,2,1,0,0,1,31.0,,voiture,,1,2,3,1,6
202000028378,2020-07-08 00:30:00,2020,7,8,0,30,06,06079,Avenue de la Mer,43.540034,6.93618,Nuit avec éclairage allumé,En agglomération,Hors intersection,Normale,Deux véhicules - côté,3,2,2,0,1,1,1,0,1,50,2,2,0,0,0,2,18.0,,deux_roues,,5,2,1,1,3
202000028379,2020-07-07 17:10:00,2020,7,7,17,10,73,73019,D1006,45.496207,6.3004191,Plein jour,Hors agglomération,Hors intersection,Temps éblouissant,Autre collision,3,2,2,0,1,1,1,0,3,80,1,3,2,0,1,0,23.0,,utilitaire_camion,,1,1,1,7,6
202000028380,2020-07-08 10:40:00,2020,7,8,10,40,04,04182,Rue de l'église,43.916305,6.093029,Plein jour,En agglomération,Hors intersection,Normale,Sans collision,4,2,2,0,1,3,1,0,1,50,1,1,0,0,0,1,51.0,,deux_roues,,1,2,1,1,7
202000028381,2020-07-07 13:52:00,2020,7,7,13,52,85,85128,96 Av Mal de Lattre de Tassigny,46.45627,-1.15568,Plein jour,En agglomération,Hors intersection,Normale,,3,2,2,0,1,1,1,0,1,50,2,1,0,0,0,1,40.0,,deux_roues,,1,2,1,1,-1
202000028382,2020-07-08 14:10:00,2020,7,8,14,10,87,87154,Route de Brigueuil,45.901052,0.895321,Plein jour,Hors agglomération,Autre intersection,Normale,Deux véhicules - côté,3,2,2,0,2,3,1,0,1,80,2,2,1,0,0,1,18.0,57.0,deux_roues,voiture,1,1,9,1,3
202000028383,2020-07-07 19:30:00,2020,7,7,19,30,33,33122,Route de Saint-jean-d'Illac,44.72568,-0.75198,Plein jour,Hors agglomération,Hors intersection,Normale,Deux véhicules - côté,3,2,2,0,1,1,1,0,1,-1,2,2,1,0,1,0,57.0,43.0,deux_roues,voiture,1,1,1,1,3
202000028384,2020-07-07 17:15:00,2020,7,7,17,15,06,06085,976 Route de Vallauris,43.594851,7.037987,Plein jour,Hors agglomération,Hors intersection,Normale,Deux véhicules - frontale,3,2,2,0,4,3,1,0,1,70,2,2,1,0,1,0,66.0,40.0,voiture,deux_roues,1,1,1,1,1
202000028385,2020-07-05 19:30:00,2020,7,5,19,30,83,83061,Autoroute A8 - PK 140+300 Nord,43.507663,6.759574,Plein jour,Hors agglomération,Hors intersection,Temps éblouissant,Trois véhicules et plus - collisions multiples,1,3,4,0,2,1,1,0,1,-1,3,3,1,0,1,1,28.0,25.0,deux_roues,voiture,1,1,1,7,5
202000028386,2020-07-07 18:00:00,2020,7,7,18,0,74,74021,A40,46.161925,6.264465,Plein jour,Hors agglomération,Hors intersection,Normale,Deux véhicules - arrière,1,1,3,0,1,1,1,0,1,130,2,2,0,0,0,2,43.0,51.0,voiture,voiture,1,1,1,1,2
202000028387,2020-07-08 06:00:00,2020,7,8,6,0,973,97305,RN1 PK 16,4.937222,-52.408776,Nuit sans éclairage public,Hors agglomération,Hors intersection,Normale,Sans collision,2,2,2,0,1,1,1,0,1,80,1,2,1,0,1,0,30.0,,utilitaire_camion,,3,1,1,1,7
202000028388,2020-07-07 12:30:00,2020,7,7,12,30,971,97106,Route de Duche,16.101139,-61.771193,Plein jour,Hors agglomération,Hors intersection,Pluie légère,Deux véhicules - frontale,2,2,2,0,2,3,2,0,1,70,2,4,0,1,2,1,41.0,24.0,voiture,voiture,1,1,1,2,1
202000028389,2020-07-05 00:30:00,2020,7,5,0,30,45,45038,Route de Puiseaux,48.1780053,2.2798749,Nuit sans éclairage public,En agglomération,Hors intersection,Normale,Autre collision,3,2,2,0,1,2,1,0,4,50,1,1,0,0,1,0,47.0,,voiture,,3,2,1,1,6
202000028390,2020-07-08 09:50:00,2020,7,8,9,50,2B,2B332,T30,42.64665,9.097946,Plein jour,Hors agglomération,Intersection en T,Normale,Deux véhicules - côté,2,4,3,0,1,1,1,5,1,80,2,6,4,0,2,0,39.0,63.0,voiture,deux_roues,1,1,3,1,3
202000028391,2020-07-08 09:50:00,2020,7,8,9,50,48,48119,D906,44.463267,3.943727,Plein jour,Hors agglomération,Hors intersection,Normale,Deux véhicules - frontale,3,2,2,0,2,2,1,0,1,50,2,3,1,0,0,2,28.0,56.0,autre,utilitaire_camion,1,1,1,1,1
202000028392,2020-07-06 10:40:00,2020,7,6,10,40,83,83035,Le Castelet,43.252658,5.77529,Plein jour,Hors agglomération,Giratoire,Normale,Deux véhicules - arrière,3,2,2,0,1,3,1,9,1,80,2,2,1,0,1,0,22.0,80.0,deux_roues,deux_roues,1,1,6,1,2
202000028393,2020-07-07 21:30:00,2020,7,7,21,30,06,06075,Avenue Felix Faure,43.82962,7.255654,Nuit sans éclairage public,Hors agglomération,Hors intersection,Normale,Deux véhicules - frontale,7,2,2,0,2,2,1,0,1,70,2,2,1,0,1,0,22.0,65.0,deux_roues,voiture,3,1,1,1,1
202000028394,2020-07-08 08:20:00,2020,7,8,8,20,04,04241,RD 907 ,43.852684,5.728571,Plein jour,Hors agglomération,Intersection en T,Normale,Deux véhicules - côté,3,2,2,0,1,1,1,0,8,80,2,2,1,0,0,1,52.0,40.0,deux_roues,voiture,1,1,3,1,3
202000028395,2020-07-08 13:50:00,2020,7,8,13,50,13,13116,Route de Saint Andiol,43.837638,4.926445,Plein jour,Hors agglomération,Intersection en X,Normale,Deux véhicules - côté,3,2,2,0,1,1,1,5,1,80,2,2,1,0,1,0,22.0,69.0,utilitaire_camion,voiture,1,1,2,1,3
202000028396,2020-07-08 16:10:00,2020,7,8,16,10,67,67131,2 Rue des Fusilliers Marins,48.492176,7.730083,Plein jour,En agglomération,Hors intersection,Normale,Autre collision,7,2,2,0,1,1,1,0,1,50,1,1,0,0,0,1,62.0,,voiture,,1,2,1,1,6
202000028397,2020-07-07 21:30:00,2020,7,7,21,30,57,57340,D174m,49.091834,6.98341,Crépuscule ou aube,Hors agglomération,Hors intersection,Normale,Trois véhicules et plus - en chaîne,3,2,2,0,3,1,1,0,1,80,5,5,2,0,1,2,30.0,48.0,voiture,voiture,2,1,1,1,4
202000028398,2020-07-08 16:20:00,2020,7,8,16,20,38,38449,boulevard de villefontaine,45.638887,5.123706,Plein jour,Hors agglomération,Hors intersection,Normale,Deux véhicules - frontale,3,2,2,0,2,2,1,0,1,80,2,2,1,0,0,1,42.0,29.0,deux_roues,voiture,1,1,1,1,1
202000028399,2020-07-07 19:00:00,2020,7,7,19,0,69,69255,Route du Pont Pinay,45.7279507,4.6746165,Plein jour,Hors agglomération,Hors intersection,Normale,Deux véhicules - côté,3,2,2,0,2,2,1,0,1,80,2,3,1,0,0,2,79.0,18.0,voiture,deux_roues,1,1,1,1,3
202000028400,2020-07-06 19:20:00,2020,7,6,19,20,09,09132,Triboire,43.174516,1.710085,Plein jour,Hors agglomération,Hors intersection,Normale,Sans collision,3,2,2,0,1,3,1,0,3,80,1,1,0,0,0,1,19.0,,voiture,,1,1,1,1,7
202000028401,2020-07-07 20:05:00,2020,7,7,20,5,33,33015,Goudon,44.876271,-0.291814,Plein jour,Hors agglomération,Hors intersection,Normale,Autre collision,4,2,2,0,2,1,1,0,3,80,1,1,0,0,1,0,34.0,,voiture,,1,1,1,1,6
202000028402,2020-07-08 08:25:00,2020,7,8,8,25,14,14047,Route de Caen,49.273874,-0.691704,Plein jour,En agglomération,Hors intersection,Normale,Deux véhicules - côté,3,2,2,0,1,1,1,0,4,70,2,2,1,0,1,0,57.0,47.0,deux_roues,deux_roues,1,2,1,1,3
202000028403,2020-07-08 11:30:00,2020,7,8,11,30,27,27072,D313,49.094412,1.560155,Plein jour,Hors agglomération,Intersection en X,Normale,Deux véhicules - côté,3,2,2,0,1,1,1,8,1,80,2,3,2,0,1,0,61.0,23.0,voiture,voiture,1,1,2,1,3
202000028404,2020-07-08 14:45:00,2020,7,8,14,45,27,27081,nationale 13,49.012626,1.286259,Plein jour,Hors agglomération,Hors intersection,Normale,Sans collision,2,2,2,0,1,1,1,0,8,90,1,2,0,0,1,1,30.0,,voiture,,1,1,1,1,7
202000028405,2020-07-07 23:00:00,2020,7,7,23,0,60,60612,D1330,49.2255295,2.5829029,Nuit sans éclairage public,Hors agglomération,Hors intersection,Normale,Deux véhicules - frontale,3,2,2,0,1,3,1,0,1,-1,2,7,0,4,3,0,21.0,37.0,voiture,voiture,3,1,1,1,1
202000028406,2020-07-08 09:58:00,2020,7,8,9,58,60,60009,Grande rue,49.4144157,2.1356498,Plein jour,En agglomération,Hors intersection,Normale,Autre collision,4,2,2,0,1,2,1,0,3,50,1,1,0,0,0,1,77.0,,voiture,,1,2,1,1,6
202000028407,2020-07-07 19:15:00,2020,7,7,19,15,13,13106,A7-Sens Lyon vers Marseille,43.39614,5.35147,Plein jour,Hors agglomération,Hors intersection,Normale,Deux véhicules - arrière,1,-1,2,0,1,1,1,0,1,90,2,2,0,0,0,2,54.0,39.0,voiture,voiture,1,1,1,1,2
202000028408,2020-07-07 09:50:00,2020,7,7,9,50,13,13070,A50-Sens Aubagne vers Marseille,43.2854,5.5152,Plein jour,Hors agglomération,Hors intersection,Normale,Deux véhicules - arrière,1,-1,3,0,1,1,1,0,1,90,2,2,1,0,0,1,56.0,37.0,utilitaire_camion,utilitaire_camion,1,1,1,1,2
202000028409,2020-07-07 10:35:00,2020,7,7,10,35,13,13001,A51-Sens Aix en Provence vers Marseille,43.478107,5.408189,Plein jour,Hors agglomération,Hors intersection,Normale,Deux véhicules - côté,1,1,2,0,1,1,1,0,1,90,2,5,2,0,0,3,50.0,19.0,voiture,utilitaire_camion,1,1,1,1,3
202000028410,2020-07-07 01:37:00,2020,7,7,1,37,13,13211,A50-Sens Marseille vers Aubagne,43.2936673,5.472145,Nuit sans éclairage public,Hors agglomération,Hors intersection,Normale,Deux véhicules - arrière,1,1,3,3,1,1,1,0,1,90,2,5,2,0,0,3,48.0,21.0,voiture,voiture,3,1,1,1,2
202000028411,2020-07-06 14:05:00,2020,7,6,14,5,13,13055,A507 sens Marseille - Aubagne,43.3303131,5.3888637,Plein jour,Hors agglomération,Hors intersection,Normale,Autre collision,1,1,1,0,1,2,1,0,1,50,1,1,0,0,0,1,23.0,,voiture,,1,1,1,1,6
202000028412,2020-07-07 15:00:00,2020,7,7,15,0,91,91064,RN 118,48.7499,2.20653,Plein jour,Hors agglomération,Hors intersection,Normale,Trois véhicules et plus - collisions multiples,2,3,4,0,2,1,1,3,1,90,3,3,2,0,0,1,56.0,52.0,voiture,utilitaire_camion,1,1,1,1,5
202000028413,2020-07-07 12:45:00,2020,7,7,12,45,91,91687,AUTOROUTE A6,48.6617,2.3699,Plein jour,Hors agglomération,Hors intersection,Normale,Deux véhicules - arrière,1,3,5,0,1,1,2,0,1,110,2,3,1,0,0,2,57.0,86.0,utilitaire_camion,voiture,1,1,1,1,2
202000028414,2020-07-07 08:15:00,2020,7,7,8,15,94,94034,AUTOROUTE A86,48.7563,2.3372,Plein jour,Hors agglomération,Hors intersection,Normale,Deux véhicules - côté,1,1,3,0,1,3,1,0,1,90,2,2,1,0,0,1,31.0,30.0,deux_roues,voiture,1,1,1,1,3
202000028415,2020-07-07 18:45:00,2020,7,7,18,45,92,92050,A86,48.9167332,2.2217173,Plein jour,Hors agglomération,Hors intersection,Normale,Deux véhicules - côté,1,3,3,0,1,1,1,0,1,110,2,2,1,0,0,1,40.0,40.0,voiture,deux_roues,1,1,1,1,3
202000028416,2020-07-07 08:50:00,2020,7,7,8,50,92,92036,A86,48.9344018,2.2803241,Plein jour,Hors agglomération,Hors intersection,Normale,Trois véhicules et plus - collisions multiples,1,3,4,0,1,1,1,0,1,90,8,9,4,0,0,5,50.0,59.0,utilitaire_camion,voiture,1,1,1,1,5
202000028417,2020-07-07 07:40:00,2020,7,7,7,40,78,78362,A13,48.975091,1.72569,Plein jour,Hors agglomération,Hors intersection,Temps éblouissant,Autre collision,1,3,6,0,1,1,1,0,1,130,1,1,0,0,0,1,25.0,,voiture,,1,1,1,7,6
202000028418,2020-07-06 14:40:00,2020,7,6,14,40,93,93013,AUTOROUTE A1,48.94142,2.42794,Plein jour,Hors agglomération,Hors intersection,Normale,Trois véhicules et plus - en chaîne,1,3,9,0,1,2,1,0,1,110,3,3,1,0,0,2,21.0,53.0,voiture,voiture,1,1,1,1,4
202000028419,2020-07-07 20:00:00,2020,7,7,20,0,77,77514,A104,48.9377,2.6281,Plein jour,Hors agglomération,Hors intersection,Normale,,1,1,2,0,4,1,1,0,1,90,2,4,2,0,0,2,30.0,22.0,voiture,voiture,1,1,1,1,-1
202000028420,2020-07-06 16:45:00,2020,7,6,16,45,77,77146,A4.Y,48.8310728,2.6401357,Plein jour,Hors agglomération,Hors intersection,Normale,Trois véhicules et plus - en chaîne,1,1,6,0,1,1,1,0,1,130,3,3,2,0,0,1,38.0,48.0,voiture,utilitaire_camion,1,1,1,1,4
202000028421,2020-04-20 06:50:00,2020,4,20,6,50,69,69387,GERLAND (DE)                        (R ),45.7364,4.8396,Plein jour,En agglomération,Intersection en T,Normale,Deux véhicules - côté,4,2,2,0,1,1,1,0,1,50,2,1,0,0,0,1,36.0,,voiture,,1,2,3,1,3
202000028422,2020-07-06 18:30:00,2020,7,6,18,30,69,69386,VENDOME                             (R ),45.77117,4.84453,Plein jour,En agglomération,Intersection en X,Normale,Deux véhicules - frontale,4,1,1,0,1,1,1,0,1,50,2,2,1,0,0,1,35.0,23.0,voiture,autre,1,2,2,1,1
202000028423,2020-07-06 16:50:00,2020,7,6,16,50,69,69386,BELGES (DES)                        (BD),45.7700583,4.8570292,Plein jour,En agglomération,Intersection en X,Normale,Deux véhicules - côté,4,2,4,3,1,1,1,0,1,50,2,2,1,0,0,1,54.0,51.0,deux_roues,voiture,1,2,2,1,3
202000028424,2020-07-02 16:30:00,2020,7,2,16,30,69,69386,DUQUESNE                            (R ),45.7725917,4.8443085,Plein jour,En agglomération,Intersection en X,Normale,Trois véhicules et plus - en chaîne,4,1,4,3,1,1,1,0,6,50,3,2,1,0,0,1,24.0,33.0,voiture,voiture,1,2,2,1,4
202000028425,2020-07-06 09:45:00,2020,7,6,9,45,69,69199,SAMPAIX                             (IM),45.71435,4.85133,Plein jour,En agglomération,Autre intersection,Normale,Deux véhicules - côté,4,2,2,0,1,1,1,0,1,50,2,2,1,0,0,1,22.0,36.0,voiture,voiture,1,2,9,1,3
202000028426,2020-07-05 12:25:00,2020,7,5,12,25,972,97213,ROUTE NATIONALE 5,14.59566,-60.98776,Plein jour,Hors agglomération,Hors intersection,Normale,Deux véhicules - côté,2,-1,3,0,1,1,1,0,1,70,2,3,2,0,0,1,40.0,32.0,voiture,deux_roues,1,1,1,1,3
202000028427,2020-07-06 18:45:00,2020,7,6,18,45,972,97209,RD 41 (ROCADE),14.61326,-61.07049,Nuit avec éclairage non allumé,En agglomération,Hors intersection,Pluie légère,Deux véhicules - arrière,3,3,4,0,1,1,2,0,1,50,2,2,1,0,0,1,48.0,27.0,voiture,voiture,4,2,1,2,2
202000028428,2020-07-03 20:15:00,2020,7,3,20,15,69,69034,MARTIN BASSE                        (R ),45.80557,4.85547,Plein jour,En agglomération,Hors intersection,Normale,Deux véhicules - côté,4,2,2,0,1,1,1,0,1,50,2,2,1,0,1,0,34.0,44.0,deux_roues,voiture,1,2,1,1,3
202000028429,2020-07-06 06:50:00,2020,7,6,6,50,95,95680,ERABLES (AVENUE DES),49.004071,2.399703,Plein jour,En agglomération,Giratoire,Normale,,3,3,2,0,1,2,1,0,1,50,2,1,0,0,0,1,45.0,,deux_roues,,1,2,6,1,-1
202000028430,2020-07-01 09:45:00,2020,7,1,9,45,91,91477,MARNIERES (rue des),48.72069,2.22284,Plein jour,Hors agglomération,Hors intersection,Normale,Autre collision,4,2,2,0,1,4,1,0,1,50,1,2,1,0,0,1,48.0,,voiture,,1,1,1,1,6
202000028431,2020-07-03 20:00:00,2020,7,3,20,0,91,91223,PAULIN-HIPPOLYTE (RUE RENE),48.42902,2.13218,Plein jour,En agglomération,Hors intersection,Normale,Sans collision,4,2,2,0,1,1,1,0,1,50,1,1,0,0,0,1,19.0,,voiture,,1,2,1,1,7
202000028432,2020-07-03 16:56:00,2020,7,3,16,56,87,87085,DUMAS (AVENUE GEORGES),45.8266,1.26471,Plein jour,En agglomération,Hors intersection,Normale,Deux véhicules - côté,4,2,2,0,2,1,1,0,1,50,2,3,1,0,0,2,18.0,57.0,deux_roues,voiture,1,2,1,1,3
202000028433,2020-06-25 13:30:00,2020,6,25,13,30,83,83009,BONAPARTE (CORNICHE),43.13548,5.7539,Plein jour,En agglomération,Giratoire,Normale,Deux véhicules - côté,4,2,3,0,1,1,1,5,1,30,2,3,1,0,0,2,68.0,21.0,voiture,voiture,1,2,6,1,3
202000028434,2020-07-03 12:20:00,2020,7,3,12,20,80,80021,ROBERT LE COQ (RUE),49.90068,2.2695,Plein jour,En agglomération,Hors intersection,Normale,Deux véhicules - côté,4,2,2,0,1,1,1,0,1,50,2,2,1,0,0,1,56.0,49.0,voiture,deux_roues,1,2,1,1,3
202000028435,2020-07-03 17:50:00,2020,7,3,17,50,80,80489,JACQUES DUCLOS (RUE),49.86975,2.36906,Plein jour,En agglomération,Hors intersection,Normale,Deux véhicules - arrière,4,2,2,0,1,1,1,0,1,50,2,3,2,0,0,1,48.0,74.0,voiture,voiture,1,2,1,1,2
202000028436,2020-07-04 23:43:00,2020,7,4,23,43,78,78646,PARIS (AVENUE DE),48.80227,2.12972,Nuit avec éclairage allumé,En agglomération,Intersection en X,Normale,Deux véhicules - côté,3,2,3,0,1,1,1,5,6,50,2,3,1,0,2,0,21.0,27.0,deux_roues,voiture,5,2,2,1,3
202000028437,2020-07-06 15:50:00,2020,7,6,15,50,77,77482,D606,48.3610619,2.9180472,Plein jour,En agglomération,Hors intersection,Normale,Deux véhicules - arrière,3,3,4,0,1,1,1,5,1,70,2,2,1,1,0,0,77.0,41.0,deux_roues,utilitaire_camion,1,2,1,1,2
202000028438,2020-07-05 19:05:00,2020,7,5,19,5,76,76681,CORNEILLE. RUE PIERRE,49.4182,1.09715,Plein jour,En agglomération,Intersection en X,Normale,Deux véhicules - arrière,3,2,2,0,1,1,1,0,1,50,2,1,0,0,1,0,68.0,,deux_roues,,1,2,2,1,2
202000028439,2020-07-06 14:30:00,2020,7,6,14,30,69,69266,COLIN     (Rue),45.7749,4.874,Plein jour,En agglomération,Hors intersection,Normale,Autre collision,4,1,2,1,1,1,1,0,1,50,1,2,1,0,0,1,42.0,,voiture,,1,2,1,1,6
202000028440,2020-07-06 14:05:00,2020,7,6,14,5,69,69256,ROGER SALENGRO                      (R ),45.76072,4.92907,Plein jour,En agglomération,Hors intersection,Normale,Autre collision,4,2,2,0,1,1,1,0,1,50,1,2,1,0,0,1,39.0,,voiture,,1,2,1,1,6
202000028441,2020-07-06 22:30:00,2020,7,6,22,30,69,69091,HONORE PETETIN ( R ),45.59309,4.77293,Nuit avec éclairage allumé,En agglomération,Hors intersection,Normale,Deux véhicules - arrière,4,2,2,0,1,1,1,0,1,50,2,3,2,0,0,1,49.0,34.0,utilitaire_camion,utilitaire_camion,5,2,1,1,2
202000028442,2020-07-04 04:20:00,2020,7,4,4,20,68,68297,Rue de la Brigade du Languedoc,47.59641,7.56019,Nuit sans éclairage public,Hors agglomération,Hors intersection,Normale,Autre collision,3,3,2,0,1,3,1,0,3,50,1,2,0,0,1,1,22.0,,voiture,,3,1,1,1,6
202000028443,2020-07-04 13:38:00,2020,7,4,13,38,67,67482,COMTES (ALLEE DES),48.5840971,7.7146228,Plein jour,En agglomération,Hors intersection,Normale,Deux véhicules - côté,4,3,2,1,1,3,1,0,1,50,2,2,1,0,0,1,54.0,63.0,deux_roues,voiture,1,2,1,1,3
202000028444,2020-07-06 14:10:00,2020,7,6,14,10,67,67180,RD 27,48.8680246,7.7642717,Plein jour,Hors agglomération,Hors intersection,Normale,Trois véhicules et plus - collisions multiples,3,2,2,0,1,1,1,0,1,80,3,6,2,1,0,3,33.0,22.0,voiture,voiture,1,1,1,1,5
202000028445,2020-07-05 23:49:00,2020,7,5,23,49,66,66136,CARSALADE-DU-PONT(AVENUE JULES DE),42.689018,2.899839,Nuit avec éclairage allumé,En agglomération,Hors intersection,Normale,Deux véhicules - côté,4,2,2,0,1,1,1,0,1,30,2,2,1,0,0,1,24.0,53.0,deux_roues,voiture,5,2,1,1,3
202000028446,2020-07-03 15:05:00,2020,7,3,15,5,66,66136,CUGNOT (JOSEPH),42.6838,2.8715,Plein jour,En agglomération,Hors intersection,Normale,Deux véhicules - côté,4,2,2,0,1,1,1,0,2,30,2,2,1,0,0,1,27.0,27.0,voiture,deux_roues,1,2,1,1,3
202000028447,2020-07-05 14:50:00,2020,7,5,14,50,64,64024,ADOUR (AVENUE DE L'),43.5271,-1.51975,Plein jour,En agglomération,Hors intersection,Normale,Deux véhicules - arrière,4,1,1,0,1,1,1,0,1,30,2,4,3,0,0,1,23.0,14.0,voiture,deux_roues,1,2,1,1,2
202000028448,2020-07-06 08:10:00,2020,7,6,8,10,62,62848,941 (CD),50.5093335,2.6495133,Plein jour,En agglomération,Giratoire,Normale,Deux véhicules - côté,3,3,2,0,1,1,1,0,1,50,2,2,1,0,0,1,18.0,38.0,autre,voiture,1,2,6,1,3
202000028449,2020-07-05 19:50:00,2020,7,5,19,50,59,59560,RESISTANCE RUE DES MARTYRS DE LA,50.55454,3.01903,Plein jour,En agglomération,Hors intersection,Normale,Deux véhicules - frontale,7,2,2,0,1,1,1,0,1,30,2,3,2,0,0,1,56.0,23.0,voiture,voiture,1,2,1,1,1
202000028450,2020-07-04 20:00:00,2020,7,4,20,0,59,59350,NATIONALE RUE N°2 - 178B-1 - 171,50.6346,3.05689,Plein jour,En agglomération,Intersection en X,Pluie légère,Autre collision,4,2,1,0,1,2,2,9,1,50,1,2,1,0,0,1,20.0,,voiture,,1,2,2,2,6
202000028451,2020-07-05 16:59:00,2020,7,5,16,59,57,57019,TERRASSES DU SOLEIL (CHEMIN DES),49.25441,6.13428,Plein jour,En agglomération,Hors intersection,Normale,Autre collision,4,2,2,0,1,1,1,0,1,50,1,2,1,0,0,1,48.0,,voiture,,1,2,1,1,6
202000028452,2020-07-02 16:25:00,2020,7,2,16,25,56,56121,LENINE ( AVENUE ),47.76195,-3.3784,Plein jour,En agglomération,Hors intersection,Normale,Autre collision,4,2,2,0,3,1,1,0,1,50,1,1,0,0,1,0,65.0,,deux_roues,,1,2,1,1,6
202000028453,2020-07-05 10:05:00,2020,7,5,10,5,50,50203,R N 13,49.59899,-1.59608,Plein jour,Hors agglomération,Hors intersection,Pluie forte,Autre collision,2,1,1,0,2,3,2,3,3,50,1,1,0,0,0,1,49.0,,voiture,,1,1,1,3,6
202000028454,2020-07-06 17:50:00,2020,7,6,17,50,45,45234,Place Albert Camus,47.83502,1.93631,Plein jour,En agglomération,Autre intersection,Normale,Deux véhicules - arrière,6,-1,-1,0,1,1,1,0,1,30,2,2,1,0,0,1,24.0,10.0,voiture,deux_roues,1,2,9,1,2