accident_id,datetime,annee,mois,jour,heure,minute,departement,commune_insee,adresse,latitude,longitude,luminosite,agglomeration,intersection,meteo,collision,catr,circ,nbv,vosp,prof,plan,surf,infra,situ,vma,nb_vehicules,nb_usagers,nb_indemnes,nb_tues,nb_blesses_hosp,nb_blesses_legers,age_cond_1,age_cond_2,veh_type_cond_1,veh_type_cond_2,lum_code,agg_code,int_code,atm_code,col_code
202000028727,2020-09-05 16:05:00,2020,9,5,16,5,17,17300,CORDELIERS  AVENUE DES,46.16654,-1.14115,Plein jour,En agglomération,Hors intersection,Normale,Deux véhicules - côté,4,2,2,0,1,1,1,0,1,50,2,2,1,0,0,1,41.0,22.0,deux_roues,deux_roues,1,2,1,1,3
202000028728,2020-09-05 11:30:00,2020,9,5,11,30,14,14254,Route Nationale 814,49.15145,-0.41665,Plein jour,Hors agglomération,Hors intersection,Normale,Deux véhicules - arrière,2,1,4,0,1,1,1,0,1,90,2,2,1,0,0,1,63.0,64.0,deux_roues,deux_roues,1,1,1,1,2
202000028729,2020-09-05 20:45:00,2020,9,5,20,45,13,13208,HENRI FRENAY (ROND-POINT),43.29,5.36,Nuit avec éclairage allumé,En agglomération,Hors intersection,Normale,Autre collision,4,2,1,0,1,1,1,0,1,50,1,4,2,0,0,2,16.0,,voiture,,5,2,1,1,6
202000028730,2020-09-05 21:25:00,2020,9,5,21,25,13,13206,GOUFFE (COURS),43.28638,5.38571,Nuit avec éclairage allumé,En agglomération,Intersection en X,Normale,Sans collision,4,2,3,0,1,3,1,0,1,50,1,1,0,0,0,1,27.0,,deux_roues,,5,2,2,1,7
202000028731,2020-09-05 14:30:00,2020,9,5,14,30,13,13215,SAINT ANTOINE (AVENUE DE),43.3764,5.3561,Plein jour,En agglomération,Intersection en T,Normale,Deux véhicules - côté,4,2,3,3,2,1,1,9,6,50,2,3,1,0,0,2,40.0,20.0,voiture,deux_roues,1,2,3,1,3
202000028732,2020-09-05 12:50:00,2020,9,5,12,50,13,13205,JEAN MOULIN (BOULEVARD),43.285365,5.398815,Plein jour,En agglomération,Intersection en T,Normale,Deux véhicules - côté,4,1,3,0,1,3,1,0,1,50,2,4,3,0,0,1,36.0,22.0,utilitaire_camion,deux_roues,1,2,3,1,3
202000028733,2020-09-05 10:00:00,2020,9,5,10,0,13,13208,PARADIS (RUE),43.274313,5.384828,Plein jour,En agglomération,Hors intersection,Normale,Autre collision,4,2,2,0,2,1,1,0,1,50,1,2,1,0,0,1,43.0,,voiture,,1,2,1,1,6
202000028734,2020-09-04 18:20:00,2020,9,4,18,20,13,13047,CRAU AVENUE DE LA,43.59616,4.9374,Plein jour,En agglomération,Hors intersection,Normale,Autre collision,4,2,2,0,1,1,1,0,1,30,1,1,0,0,0,1,56.0,,voiture,,1,2,1,1,6
202000028735,2020-09-05 07:55:00,2020,9,5,7,55,11,11069,RD 6113,43.23343,2.36884,Crépuscule ou aube,Hors agglomération,Hors intersection,Normale,Sans collision,3,2,2,0,1,1,1,0,1,80,1,1,0,0,0,1,25.0,,voiture,,2,1,1,1,7
202000028736,2020-09-01 23:35:00,2020,9,1,23,35,07,07019,LAZUEL ( ROUTE DE ),44.62691,4.3787,Nuit avec éclairage allumé,En agglomération,Autre intersection,Normale,Autre collision,3,2,2,0,2,3,1,0,1,50,1,1,0,1,0,0,24.0,,deux_roues,,5,2,9,1,6
202000028737,2020-09-05 04:45:00,2020,9,5,4,45,06,06069,DRAGUIGNAN (ROUTE DE) - D2562-,43.64402,6.9029,Nuit avec éclairage allumé,Hors agglomération,Hors intersection,Normale,Autre collision,3,2,2,0,2,4,1,9,1,50,1,1,0,0,0,1,18.0,,voiture,,5,1,1,1,6
202000028738,2020-09-05 10:20:00,2020,9,5,10,20,06,06027,CHENES AVENUE DES,43.6618,7.16755,Plein jour,En agglomération,Hors intersection,Normale,Sans collision,4,2,2,0,1,1,1,0,1,50,1,1,0,0,0,1,53.0,,deux_roues,,1,2,1,1,7
202000028739,2020-09-05 07:50:00,2020,9,5,7,50,75,75113,BOULEVARD VINCENT AURIOL,48.830967,2.356919,Plein jour,En agglomération,Hors intersection,Pluie légère,Autre collision,4,2,6,0,1,1,2,0,1,50,1,2,1,0,0,1,61.0,,deux_roues,,1,2,1,2,6
202000028740,2020-09-04 23:40:00,2020,9,4,23,40,75,75105,BOULEVARD DE L HOPITAL,48.843201,2.364102,Nuit avec éclairage allumé,En agglomération,Intersection en T,Normale,Deux véhicules - côté,4,1,6,0,1,1,1,0,1,50,2,3,2,0,0,1,21.0,30.0,voiture,deux_roues,5,2,3,1,3
202000028741,2020-09-05 00:30:00,2020,9,5,0,30,75,75120,RUE DE MENILMONTANT,48.867831,2.386235,Nuit avec éclairage allumé,En agglomération,Hors intersection,Normale,Deux véhicules - côté,4,2,2,3,2,1,1,-1,6,50,2,3,2,0,0,1,29.0,30.0,transport_commun,deux_roues,5,2,1,1,3
202000028742,2020-09-05 17:10:00,2020,9,5,17,10,75,75120,BOULEVARD PERIPHERIQUE,48.853484,2.414308,Plein jour,En agglomération,Hors intersection,Normale,Deux véhicules - arrière,4,1,4,0,1,1,1,0,1,70,2,2,1,0,0,1,44.0,25.0,voiture,voiture,1,2,1,1,2
202000028743,2020-09-05 16:15:00,2020,9,5,16,15,75,75117,RUE DE SAUSSURE,48.886639,2.313085,Plein jour,En agglomération,Intersection en X,Normale,Deux véhicules - côté,4,1,2,0,1,1,1,0,1,50,2,2,1,0,0,1,37.0,23.0,voiture,deux_roues,1,2,2,1,3
202000028744,2020-09-05 00:50:00,2020,9,5,0,50,75,75116,AVENUE VICTOR HUGO,48.864919,2.274141,Nuit avec éclairage allumé,En agglomération,Hors intersection,Normale,Deux véhicules - côté,4,2,2,0,1,1,1,0,1,50,2,2,1,0,1,0,18.0,43.0,voiture,deux_roues,5,2,1,1,3
202000028745,2020-09-05 10:35:00,2020,9,5,10,35,75,75112,AVENUE DAUMESNIL,48.847344,2.375323,Plein jour,En agglomération,Intersection en T,Normale,Sans collision,4,2,1,1,1,1,1,-1,5,50,1,1,0,0,0,1,32.0,,deux_roues,,1,2,3,1,7
202000028746,2020-09-05 10:45:00,2020,9,5,10,45,75,75110,RUE DU BUISSON SAINT LOUIS,48.87262,2.374003,Plein jour,En agglomération,Hors intersection,Normale,Deux véhicules - côté,4,1,1,0,2,1,1,0,1,30,2,2,1,0,0,1,53.0,31.0,voiture,deux_roues,1,2,1,1,3
202000028747,2020-09-05 19:45:00,2020,9,5,19,45,94,94052,Boulevard de Strasbourg,48.845107,2.4889531,Crépuscule ou aube,En agglomération,Hors intersection,Normale,Deux véhicules - arrière,3,2,2,0,2,1,1,0,1,50,2,3,1,0,0,2,15.0,47.0,deux_roues,voiture,2,2,1,1,2
202000028748,2020-09-04 19:30:00,2020,9,4,19,30,94,94038,COMMANDANT LOUIS BOUCHE (R DU),48.779821,2.349095,Crépuscule ou aube,En agglomération,Intersection en X,Normale,Deux véhicules - côté,4,-1,2,0,1,1,1,0,1,50,2,3,1,0,1,1,48.0,62.0,voiture,deux_roues,2,2,2,1,3
202000028749,2020-09-05 11:20:00,2020,9,5,11,20,94,94033,ERNEST RENAN (AV),48.856,2.465,Plein jour,En agglomération,Hors intersection,Normale,Deux véhicules - côté,4,2,2,0,1,1,1,0,1,50,2,2,1,0,0,1,47.0,54.0,deux_roues,voiture,1,2,1,1,3
202000028750,2020-09-05 19:00:00,2020,9,5,19,0,94,94001,LONGJUMEAU (RTE DE),48.721009,2.417237,Plein jour,En agglomération,Intersection en T,Normale,Deux véhicules - côté,4,2,2,0,4,2,1,0,1,30,2,4,3,0,0,1,29.0,19.0,voiture,voiture,1,2,3,1,3
202000028751,2020-09-05 17:00:00,2020,9,5,17,0,94,94022,DOCTEUR CHARCOT (AV),48.770026,2.418102,Plein jour,En agglomération,Intersection en X,Normale,Deux véhicules - côté,4,2,2,0,1,1,1,0,1,30,2,1,0,0,0,1,25.0,,voiture,,1,2,2,1,3
202000028752,2020-09-05 17:00:00,2020,9,5,17,0,94,94018,GUERIN (R),48.823916,2.415725,Plein jour,En agglomération,Hors intersection,Normale,Sans collision,4,2,2,0,1,1,1,0,4,30,1,1,0,0,0,1,12.0,,deux_roues,,1,2,1,1,7
202000028753,2020-09-05 03:58:00,2020,9,5,3,58,93,93055,JEAN JAURES (AVENUE) (2/74),48.90177,2.39013,Nuit avec éclairage allumé,En agglomération,Hors intersection,Normale,Sans collision,3,1,3,0,1,1,1,0,1,50,1,1,0,0,0,1,41.0,,deux_roues,,5,2,1,1,7
202000028754,2020-09-05 19:25:00,2020,9,5,19,25,93,93050,HUIT MAI 1945,48.86556,2.53449,Plein jour,En agglomération,Hors intersection,Normale,Autre collision,4,2,2,0,1,1,1,0,1,50,1,2,0,0,1,1,40.0,,autre,,1,2,1,1,6
202000028755,2020-09-05 15:40:00,2020,9,5,15,40,93,93031,SAINT LEU (ROUTE DE) 1 à 157,48.9508816,2.3398324,Plein jour,En agglomération,Intersection en T,Normale,Autre collision,3,2,2,1,1,1,1,0,1,50,1,2,0,0,0,2,54.0,,deux_roues,,1,2,3,1,6
202000028756,2020-09-05 14:55:00,2020,9,5,14,55,93,93007,VICTOIRE (RUE DE LA),48.9385026,2.4427633,Plein jour,En agglomération,Hors intersection,Normale,Trois véhicules et plus - collisions multiples,4,2,2,0,1,1,1,0,1,50,3,4,2,0,0,2,33.0,34.0,voiture,voiture,1,2,1,1,5
202000028757,2020-09-05 18:00:00,2020,9,5,18,0,92,92049,BROSSOLETTE AVENUE PIERRE,48.812823,2.301591,Plein jour,En agglomération,Intersection en T,Normale,Deux véhicules - côté,3,3,4,1,1,1,1,0,5,50,2,3,2,0,0,1,63.0,36.0,deux_roues,deux_roues,1,2,3,1,3
202000028758,2020-09-05 20:20:00,2020,9,5,20,20,92,92012,THIERS (RUE) 67/FIN - 84/FIN,48.83448,2.25024,Nuit avec éclairage allumé,En agglomération,Intersection en X,Normale,Deux véhicules - côté,4,2,2,0,1,1,1,0,1,50,2,3,2,0,0,1,20.0,42.0,voiture,voiture,5,2,2,1,3
202000028759,2020-09-05 12:50:00,2020,9,5,12,50,50,50117,Avenue de la Libération,48.73396,-1.530721,Plein jour,Hors agglomération,Hors intersection,Normale,Deux véhicules - frontale,3,2,2,0,3,3,1,0,1,80,2,2,1,0,1,0,57.0,27.0,voiture,deux_roues,1,1,1,1,1
202000028760,2020-09-05 18:09:00,2020,9,5,18,9,12,12300,D922,44.327617,2.023298,Plein jour,Hors agglomération,Hors intersection,Normale,Autre collision,3,2,2,0,3,2,1,0,3,70,1,1,0,0,1,0,51.0,,deux_roues,,1,1,1,1,6
202000028761,2020-09-05 11:45:00,2020,9,5,11,45,33,33334,74 Route des Graves,44.68775,-0.41694,Plein jour,En agglomération,Hors intersection,Normale,Deux véhicules - côté,3,2,2,0,1,1,1,0,1,50,2,2,1,0,1,0,48.0,32.0,utilitaire_camion,voiture,1,2,1,1,3
202000028762,2020-09-06 12:50:00,2020,9,6,12,50,18,18241,D920,47.330965,2.844864,Plein jour,Hors agglomération,Intersection en X,Normale,Deux véhicules - côté,3,2,2,0,2,1,1,0,1,70,2,2,1,0,0,1,70.0,49.0,voiture,deux_roues,1,1,2,1,3
202000028763,2020-09-06 11:37:00,2020,9,6,11,37,81,81209,rd 54 - pr 020+500,43.517505,2.425436,Plein jour,Hors agglomération,Hors intersection,Normale,Sans collision,3,2,2,0,2,1,1,0,1,80,1,1,0,0,0,1,63.0,,deux_roues,,1,1,1,1,7
202000028764,2020-09-06 19:20:00,2020,9,6,19,20,974,97412,Rue Charles Baudelaire,-21.380511,55.650419,Nuit sans éclairage public,En agglomération,Hors intersection,Normale,Autre collision,2,2,2,0,1,1,1,0,1,50,1,2,1,0,1,0,32.0,,voiture,,3,2,1,1,6
202000028765,2020-09-05 21:05:00,2020,9,5,21,5,974,97405,Rue Augustin Mézino,-21.364161,55.540427,Nuit sans éclairage public,Hors agglomération,Hors intersection,Pluie forte,Trois véhicules et plus - collisions multiples,2,2,2,0,2,1,2,0,1,80,3,10,6,0,1,3,42.0,33.0,utilitaire_camion,voiture,3,1,1,3,5
202000028766,2020-09-06 05:30:00,2020,9,6,5,30,972,97222,D3,14.687811,-60.976245,Crépuscule ou aube,Hors agglomération,Hors intersection,Normale,Sans collision,3,2,2,0,3,2,1,0,1,70,1,3,0,0,1,2,29.0,,deux_roues,,2,1,1,1,7
202000028767,2020-09-05 18:10:00,2020,9,5,18,10,86,86006,D951,46.560646,0.859712,Plein jour,En agglomération,Hors intersection,Normale,Autre collision,3,2,2,0,3,3,1,0,3,50,1,4,3,1,0,0,24.0,,voiture,,1,2,1,1,6
202000028768,2020-09-06 09:15:00,2020,9,6,9,15,83,83048,Mas de Gigaro,43.189169,6.60619,Plein jour,Hors agglomération,Hors intersection,Normale,Autre collision,5,2,2,0,2,2,1,0,8,30,1,1,0,0,1,0,38.0,,voiture,,1,1,1,1,6
202000028769,2020-09-06 07:40:00,2020,9,6,7,40,83,83019,Route du Dom,43.1720749,6.3319097,Plein jour,Hors agglomération,Hors intersection,Normale,Autre collision,3,2,2,0,1,1,1,0,3,80,1,2,0,0,2,0,22.0,,voiture,,1,1,1,1,6
202000028770,2020-09-05 21:15:00,2020,9,5,21,15,85,85186,Rue de l'Espérance,46.860595,-1.262376,Nuit avec éclairage allumé,En agglomération,Intersection en Y,Normale,Deux véhicules - côté,3,2,2,0,2,1,1,0,1,50,2,2,1,0,0,1,30.0,17.0,voiture,deux_roues,5,2,4,1,3
202000028771,2020-09-05 17:30:00,2020,9,5,17,30,34,34036,A75,43.66781,3.430443,Plein jour,Hors agglomération,Hors intersection,Normale,Autre collision,1,2,4,0,1,1,1,0,8,130,1,1,0,1,0,0,53.0,,voiture,,1,1,1,1,6
202000028772,2020-09-06 15:00:00,2020,9,6,15,0,57,57498,D17,49.317947,6.030893,Plein jour,Hors agglomération,Hors intersection,Normale,Sans collision,3,2,2,0,1,4,1,0,3,70,1,1,0,0,0,1,27.0,,voiture,,1,1,1,1,7
202000028773,2020-09-06 07:05:00,2020,9,6,7,5,91,91617,Croix de villeroy,48.641734,2.521308,Plein jour,Hors agglomération,Hors intersection,Normale,Autre collision,2,1,2,0,1,1,1,0,3,-1,1,2,0,0,0,2,22.0,,voiture,,1,1,1,1,6
202000028774,2020-09-03 12:20:00,2020,9,3,12,20,56,56003,Route de la Lande du Bourg,47.634424,-2.8231835,Plein jour,En agglomération,Intersection en T,Normale,Deux véhicules - côté,4,2,2,0,1,1,1,0,1,50,2,2,1,0,1,0,64.0,20.0,deux_roues,voiture,1,2,3,1,3
202000028775,2020-09-06 02:35:00,2020,9,6,2,35,74,74288,321 Route de Bellegarde,46.106353,5.964493,Nuit avec éclairage allumé,En agglomération,Hors intersection,Normale,Sans collision,3,2,2,0,1,1,1,0,1,50,1,2,0,0,2,0,28.0,,deux_roues,,5,2,1,1,7
202000028776,2020-09-06 10:00:00,2020,9,6,10,0,80,80732,D1015,49.896165,1.701888,Plein jour,Hors agglomération,Hors intersection,Normale,Autre collision,3,3,2,0,1,1,1,0,3,80,1,1,0,1,0,0,55.0,,voiture,,1,1,1,1,6
202000028777,2020-09-06 17:10:00,2020,9,6,17,10,69,69006,19 Route de Cublize,45.983546,4.340659,Plein jour,En agglomération,Hors intersection,Normale,Deux véhicules - frontale,3,2,2,0,1,2,1,0,1,50,2,6,0,0,5,1,46.0,58.0,voiture,voiture,1,2,1,1,1
202000028778,2020-09-05 20:50:00,2020,9,5,20,50,71,71332,265 Rue de la Motte,46.6299145,4.9622571,Nuit sans éclairage public,En agglomération,Hors intersection,Normale,Autre collision,4,2,2,0,2,1,1,0,3,50,1,1,0,0,1,0,51.0,,deux_roues,,3,2,1,1,6
202000028779,2020-09-05 16:30:00,2020,9,5,16,30,34,34119,1 Avenue de l'Espinouse,43.593491,3.114112,Plein jour,En agglomération,Hors intersection,Normale,Autre collision,3,2,2,0,1,1,1,0,1,50,1,2,1,0,1,0,25.0,,voiture,,1,2,1,1,6
202000028780,2020-09-06 11:00:00,2020,9,6,11,0,68,68354,D10,48.068731,7.232351,Plein jour,Hors agglomération,Hors intersection,Normale,Autre collision,3,2,2,0,1,2,1,0,3,80,1,1,0,1,0,0,34.0,,deux_roues,,1,1,1,1,6
202000028781,2020-09-04 22:45:00,2020,9,4,22,45,44,44063,Le Gatz,47.071226,-1.242259,Nuit sans éclairage public,En agglomération,Place,Normale,Autre collision,4,-1,2,0,1,1,1,8,1,50,1,1,0,0,1,0,18.0,,deux_roues,,3,2,7,1,6
202000028782,2020-09-04 19:00:00,2020,9,4,19,0,44,44217,RUE ANNE DE BRETAGNE,47.333668,-1.696615,Plein jour,En agglomération,Intersection en X,Normale,Autre collision,3,2,2,0,1,1,1,5,1,-1,1,2,1,0,1,0,38.0,,voiture,,1,2,2,1,6
202000028783,2020-09-06 09:58:00,2020,9,6,9,58,38,38457,Route de Roybon,45.311809,5.265241,Plein jour,Hors agglomération,Hors intersection,Normale,Sans collision,3,2,2,0,2,3,1,0,8,80,1,1,0,0,1,0,30.0,,deux_roues,,1,1,1,1,7
202000028784,2020-09-06 17:45:00,2020,9,6,17,45,38,38128,Corps,44.830522,5.966912,Plein jour,Hors agglomération,Hors intersection,Normale,Autre collision,3,2,2,0,1,3,9,0,3,80,1,1,0,0,1,0,28.0,,deux_roues,,1,1,1,1,6
202000028785,2020-09-06 11:15:00,2020,9,6,11,15,02,02541,6 Rue de Menneville,49.432436,4.030425,Plein jour,En agglomération,Hors intersection,Normale,Deux véhicules - côté,3,2,2,0,1,3,1,0,1,50,2,2,1,0,0,1,17.0,50.0,deux_roues,voiture,1,2,1,1,3
202000028786,2020-09-06 12:50:00,2020,9,6,12,50,03,03118,,46.0822222,3.1980888,Plein jour,En agglomération,Intersection en X,Normale,Deux véhicules - côté,3,2,2,0,2,1,1,0,1,50,2,2,1,0,1,0,18.0,41.0,deux_roues,voiture,1,2,2,1,3
202000028787,2020-09-06 05:20:00,2020,9,6,5,20,26,26069,D518,44.795225,5.382925,Nuit sans éclairage public,Hors agglomération,Hors intersection,Normale,Autre collision,3,2,2,0,1,2,1,0,3,80,1,1,0,0,0,1,48.0,,voiture,,3,1,1,1,6
202000028788,2020-09-06 14:25:00,2020,9,6,14,25,26,26166,35 Boulevard Frédéric Mistral,44.733611,4.809496,Plein jour,Hors agglomération,Intersection en T,Normale,Deux véhicules - côté,2,2,2,-1,1,1,1,0,1,80,2,3,1,0,2,0,70.0,22.0,deux_roues,voiture,1,1,3,1,3
202000028789,2020-09-06 17:30:00,2020,9,6,17,30,72,72158,Lieu dit les aires,48.058815,0.63814,Plein jour,Hors agglomération,Hors intersection,Normale,Autre collision,3,2,2,0,2,2,1,0,1,90,1,1,0,0,1,0,23.0,,deux_roues,,1,1,1,1,6
202000028790,2020-08-17 06:50:00,2020,8,17,6,50,83,83125,RD 560,43.501579,5.906633,Plein jour,Hors agglomération,Hors intersection,Normale,Deux véhicules - frontale,3,2,2,0,1,1,1,0,1,80,2,2,1,0,1,0,25.0,31.0,voiture,voiture,1,1,1,1,1
202000028791,2020-09-06 12:40:00,2020,9,6,12,40,60,60560,D1324,49.223316,2.739677,Plein jour,Hors agglomération,Intersection en X,Normale,Deux véhicules - côté,3,2,2,0,1,1,1,5,1,80,2,5,2,0,0,3,23.0,60.0,voiture,voiture,1,1,2,1,3
202000028792,2020-09-05 17:45:00,2020,9,5,17,45,73,73230,D927,45.2616286,6.1958407,Plein jour,Hors agglomération,Hors intersection,Normale,Deux véhicules - frontale,3,2,2,0,2,1,1,0,1,80,2,2,1,0,0,1,23.0,24.0,voiture,deux_roues,1,1,1,1,1
202000028793,2020-09-06 11:05:00,2020,9,6,11,5,18,18001,Halte d'Achères les Poteri,47.290888,2.451196,Plein jour,Hors agglomération,Hors intersection,Normale,Deux véhicules - arrière,4,2,2,0,1,1,1,0,1,80,2,2,0,0,1,1,55.0,62.0,deux_roues,deux_roues,1,1,1,1,2
202000028794,2020-09-06 20:30:00,2020,9,6,20,30,16,16148,,45.801012,0.047765,Crépuscule ou aube,Hors agglomération,Hors intersection,Normale,Autre collision,3,2,2,0,2,1,1,0,3,80,1,1,0,0,0,1,29.0,,voiture,,2,1,1,1,6
202000028795,2020-09-06 13:53:00,2020,9,6,13,53,16,16046,Lieu dit Le Pineau,45.48638,0.034139,Plein jour,Hors agglomération,Autre intersection,Normale,Deux véhicules - frontale,3,2,2,0,2,4,1,0,1,80,2,3,0,0,3,0,54.0,21.0,voiture,voiture,1,1,9,1,1
202000028796,2020-09-05 19:00:00,2020,9,5,19,0,21,21338,D6,47.5308388,4.8298497,Plein jour,Hors agglomération,Hors intersection,Normale,Sans collision,3,2,2,0,1,1,1,0,8,90,1,1,0,0,1,0,57.0,,voiture,,1,1,1,1,7
202000028797,2020-09-05 10:30:00,2020,9,5,10,30,24,24007,route de la chapelle,45.280292,0.300708,Plein jour,Hors agglomération,Intersection en X,Normale,Deux véhicules - frontale,4,2,2,0,1,3,1,0,1,80,2,2,1,0,1,0,63.0,78.0,voiture,voiture,1,1,2,1,1
202000028798,2020-09-05 21:45:00,2020,9,5,21,45,17,17279,D137,45.435412,-0.565968,Nuit sans éclairage public,Hors agglomération,Hors intersection,Normale,Autre collision,3,2,2,0,1,1,1,0,1,80,1,2,0,1,0,1,51.0,,deux_roues,,3,1,1,1,6
202000028799,2020-09-04 17:10:00,2020,9,4,17,10,23,23179,D988,45.96814,2.233057,Plein jour,Hors agglomération,Intersection en Y,Temps éblouissant,Deux véhicules - arrière,3,2,2,0,1,1,1,5,1,80,2,2,1,0,1,0,52.0,46.0,voiture,deux_roues,1,1,4,7,2
202000028800,2020-09-06 18:20:00,2020,9,6,18,20,87,87150,Grande Rue de la Grenerie,45.620299,1.136458,Plein jour,Hors agglomération,Intersection en T,Normale,Deux véhicules - côté,3,2,2,0,2,1,1,0,1,80,2,2,1,0,1,0,58.0,74.0,deux_roues,voiture,1,1,3,1,3
202000028801,2020-09-05 17:35:00,2020,9,5,17,35,87,87140,Route de Bessillac,45.885359,0.979006,Plein jour,Hors agglomération,Hors intersection,Normale,Deux véhicules - frontale,4,2,2,0,2,4,1,0,1,80,2,3,1,0,1,1,38.0,42.0,deux_roues,utilitaire_camion,1,1,1,1,1
202000028802,2020-08-05 15:15:00,2020,8,5,15,15,48,48146,D986,44.354734,3.406641,Plein jour,Hors agglomération,Hors intersection,Normale,Sans collision,3,2,2,0,2,1,1,0,8,-1,1,1,0,0,0,1,57.0,,deux_roues,,1,1,1,1,7
202000028803,2020-09-06 10:00:00,2020,9,6,10,0,08,08142,1 Rue du Général de Gaulle,49.694735,4.874669,Plein jour,En agglomération,Autre intersection,Temps éblouissant,Autre collision,9,2,2,0,1,1,1,0,1,50,1,2,1,0,0,1,61.0,,voiture,,1,2,9,7,6
202000028804,2020-09-06 09:55:00,2020,9,6,9,55,18,18268,A71,46.848474,2.422882,Plein jour,Hors agglomération,Hors intersection,Normale,Autre collision,1,3,4,3,1,1,1,0,3,130,1,1,0,1,0,0,74.0,,voiture,,1,1,1,1,6
202000028805,2020-09-06 06:30:00,2020,9,6,6,30,02,02290,A4,49.054812,3.320355,Crépuscule ou aube,Hors agglomération,Hors intersection,Normale,Deux véhicules - arrière,1,1,2,0,1,1,1,0,1,130,2,5,1,0,2,2,29.0,41.0,voiture,voiture,2,1,1,1,2
202000028806,2020-09-05 09:20:00,2020,9,5,9,20,11,11262,A 9,43.163933,2.996135,Plein jour,Hors agglomération,Hors intersection,Normale,Autre collision,1,3,3,0,1,1,1,0,2,130,1,3,2,0,1,0,20.0,,voiture,,1,1,1,1,6
202000028807,2020-09-06 15:00:00,2020,9,6,15,0,38,38530,A43,45.621596,5.18241,Plein jour,Hors agglomération,Hors intersection,Normale,Sans collision,1,3,3,0,1,1,1,0,2,130,1,1,0,0,0,1,29.0,,voiture,,1,1,1,1,7
202000028808,2020-09-05 13:50:00,2020,9,5,13,50,13,13051,A7 sens N/S PK 240+000,43.594628,5.171256,Plein jour,Hors agglomération,Hors intersection,Normale,Deux véhicules - arrière,1,1,5,0,1,1,1,0,1,70,2,3,1,0,0,2,22.0,21.0,voiture,voiture,1,1,1,1,2
202000028809,2020-09-05 19:00:00,2020,9,5,19,0,971,97115,Route Nationale 2,16.267569,-61.649598,Nuit sans éclairage public,Hors agglomération,Intersection en T,Normale,Deux véhicules - arrière,2,2,2,0,2,1,2,0,1,80,2,2,1,0,1,0,56.0,25.0,deux_roues,voiture,3,1,3,1,2
202000028810,2020-09-06 05:15:00,2020,9,6,5,15,39,39097,27 Rue Baronne Delort,46.746386,5.907581,Nuit avec éclairage allumé,En agglomération,Hors intersection,Normale,Autre collision,4,1,1,0,2,1,1,0,1,30,1,1,0,0,1,0,15.0,,deux_roues,,5,2,1,1,6
202000028811,2020-09-05 13:00:00,2020,9,5,13,0,25,25047,D19E,47.342343,6.380691,Plein jour,Hors agglomération,Hors intersection,Normale,Autre collision,3,2,2,0,4,2,1,2,1,50,1,1,0,0,1,0,44.0,,deux_roues,,1,1,1,1,6
202000028812,2020-09-06 18:30:00,2020,9,6,18,30,57,57058,17 Rue de la Liberté,49.171934,6.929293,Plein jour,En agglomération,Hors intersection,Normale,Deux véhicules - frontale,4,2,2,0,1,1,1,0,1,50,2,2,1,0,1,0,31.0,45.0,voiture,deux_roues,1,2,1,1,1
202000028813,2020-09-05 14:00:00,2020,9,5,14,0,69,69245,CD 385 PK 33,45.9422263,4.5396127,Plein jour,Hors agglomération,Hors intersection,Temps éblouissant,Deux véhicules - frontale,3,2,2,0,1,2,1,0,1,80,2,2,1,0,1,0,48.0,54.0,voiture,deux_roues,1,1,1,7,1
202000028814,2020-08-05 21:53:00,2020,8,5,21,53,17,17460,N150,45.702529,-0.724593,Crépuscule ou aube,Hors agglomération,Hors intersection,Normale,Deux véhicules - arrière,2,3,4,0,1,1,1,0,1,110,2,2,1,0,1,0,45.0,31.0,deux_roues,voiture,2,1,1,1,2
202000028815,2020-09-05 06:20:00,2020,9,5,6,20,33,33056,Avenue de Labarde (Pont),44.933346,-0.561285,Nuit sans éclairage public,Hors agglomération,Hors intersection,Normale,Trois véhicules et plus - collisions multiples,4,2,2,0,1,1,1,2,1,70,3,3,1,0,2,0,48.0,19.0,voiture,voiture,3,1,1,1,5
202000028816,2020-09-05 18:35:00,2020,9,5,18,35,27,27123,N13,49.012129,1.308635,Plein jour,Hors agglomération,Autre intersection,Normale,Deux véhicules - arrière,2,2,2,0,1,1,1,9,1,80,2,2,1,0,0,1,17.0,55.0,deux_roues,voiture,1,1,9,1,2
202000028817,2020-09-05 16:47:00,2020,9,5,16,47,13,13210,S10CD-Sens Aubagne vers Marseille,43.2837975,5.383105,Plein jour,Hors agglomération,Hors intersection,Normale,Deux véhicules - arrière,7,1,2,0,1,1,1,1,1,50,2,2,1,0,0,1,40.0,21.0,voiture,voiture,1,1,1,1,2
202000028818,2020-09-04 08:17:00,2020,9,4,8,17,13,13055,A507 sens Marseille - Aubagne,43.2979095,5.4249914,Plein jour,Hors agglomération,Hors intersection,Pluie légère,Trois véhicules et plus - en chaîne,1,1,4,0,1,1,1,1,1,70,4,4,2,0,0,2,53.0,51.0,voiture,voiture,1,1,1,2,4
202000028819,2020-09-04 19:20:00,2020,9,4,19,20,69,69115,A6   427.300 A 428.640,45.96949,4.72854,Plein jour,Hors agglomération,Hors intersection,Normale,Trois véhicules et plus - en chaîne,1,3,3,0,1,1,1,3,1,110,3,4,2,0,0,2,49.0,25.0,voiture,voiture,1,1,1,1,4
202000028820,2020-09-04 11:37:00,2020,9,4,11,37,67,67482,Autoroute A.35,48.5759385,7.7280886,Plein jour,Hors agglomération,Hors intersection,Normale,Trois véhicules et plus - en chaîne,1,1,4,0,1,1,1,0,1,90,3,3,1,0,0,2,29.0,46.0,utilitaire_camion,transport_commun,1,1,1,1,4