accident_id,datetime,annee,mois,jour,heure,minute,departement,commune_insee,adresse,latitude,longitude,luminosite,agglomeration,intersection,meteo,collision,catr,circ,nbv,vosp,prof,plan,surf,infra,situ,vma,nb_vehicules,nb_usagers,nb_indemnes,nb_tues,nb_blesses_hosp,nb_blesses_legers,age_cond_1,age_cond_2,veh_type_cond_1,veh_type_cond_2,lum_code,agg_code,int_code,atm_code,col_code
202000028821,2020-09-05 17:00:00,2020,9,5,17,0,33,33162,ROCADE A 630,44.87338,-0.63838,Plein jour,Hors agglomération,Hors intersection,Normale,Deux véhicules - arrière,1,3,4,0,1,1,1,8,1,70,2,2,1,0,0,1,23.0,23.0,voiture,voiture,1,1,1,1,2
202000028822,2020-09-05 15:45:00,2020,9,5,15,45,93,93013,AUTOROUTE A1,48.94024,2.42277,Plein jour,Hors agglomération,Hors intersection,Normale,Trois véhicules et plus - en chaîne,1,3,8,0,1,1,1,0,1,110,3,4,2,0,0,2,59.0,43.0,voiture,voiture,1,1,1,1,4
202000028823,2020-09-05 08:40:00,2020,9,5,8,40,95,95394,A115,49.0516,2.18231,Plein jour,Hors agglomération,Hors intersection,Temps couvert,Autre collision,1,3,3,0,1,2,2,0,1,70,1,1,0,0,0,1,24.0,,voiture,,1,1,1,8,6
202000028824,2020-09-05 04:45:00,2020,9,5,4,45,95,95256, A115,49.04555,2.18627,Nuit sans éclairage public,Hors agglomération,Hors intersection,Normale,Autre collision,1,3,5,0,1,1,1,0,1,110,1,1,0,0,0,1,39.0,,voiture,,3,1,1,1,6
202000028825,2020-09-05 01:00:00,2020,9,5,1,0,93,93007,AUTOROUTE A1,48.95544,2.45858,Nuit sans éclairage public,Hors agglomération,Hors intersection,Normale,Deux véhicules - côté,1,3,9,0,1,1,1,0,1,110,2,2,0,0,0,2,47.0,,voiture,,3,1,1,1,3
202000028826,2020-09-04 19:00:00,2020,9,4,19,0,93,93064,AUTOROUTE A86,48.87925,2.47604,Plein jour,Hors agglomération,Hors intersection,Normale,Trois véhicules et plus - en chaîne,1,3,8,0,1,1,1,0,1,90,4,5,3,0,0,2,28.0,38.0,voiture,voiture,1,1,1,1,4
202000028827,2020-09-05 13:30:00,2020,9,5,13,30,94,94069,A4,48.8173704,2.428614,Plein jour,Hors agglomération,Hors intersection,Normale,Deux véhicules - côté,1,3,5,0,1,1,1,0,1,90,2,4,2,0,0,2,66.0,44.0,voiture,voiture,1,1,1,1,3
202000028828,2020-09-04 13:45:00,2020,9,4,13,45,94,94017,A4,48.8274,2.525,Plein jour,Hors agglomération,Hors intersection,Normale,Trois véhicules et plus - collisions multiples,1,1,2,0,1,1,1,1,1,90,4,3,2,0,0,1,33.0,45.0,voiture,voiture,1,1,1,1,5
202000028829,2020-02-25 09:05:00,2020,2,25,9,5,75,75112,COURS DE VINCENNES,48.848005,2.399119,Plein jour,En agglomération,Intersection en X,Normale,Deux véhicules - côté,4,2,4,0,1,1,1,0,1,50,2,2,1,0,0,1,48.0,33.0,voiture,deux_roues,1,2,2,1,3
202000028830,2020-02-25 12:31:00,2020,2,25,12,31,75,75108,PLACE DE LA CONCORDE,48.865867,2.319896,Plein jour,En agglomération,Place,Normale,Deux véhicules - côté,4,-1,4,0,1,1,2,0,1,50,2,2,1,0,0,1,49.0,49.0,deux_roues,voiture,1,2,7,1,3
202000028831,2020-09-01 07:18:00,2020,9,1,7,18,988,98818,ECHANGEUR MONTRAVEL,-22.24913,166.45136,Plein jour,En agglomération,Intersection en Y,Normale,Trois véhicules et plus - en chaîne,1,1,1,0,1,3,1,3,1,50,3,6,5,0,0,1,32.0,42.0,voiture,voiture,1,2,4,1,4
202000028832,2020-08-31 16:05:00,2020,8,31,16,5,976,97611,les hauts vallons-Credit Agricole ( ront,-12.7566088,45.2293023,Plein jour,En agglomération,Intersection en Y,Normale,Deux véhicules - frontale,4,-1,0,0,1,1,1,0,1,50,2,2,1,0,0,1,38.0,27.0,deux_roues,voiture,1,2,4,1,1
202000028833,2020-09-04 06:20:00,2020,9,4,6,20,974,97416,DU LYCEE(RUE),-21.34343,55.49312,Nuit avec éclairage allumé,En agglomération,Hors intersection,Pluie légère,Deux véhicules - côté,4,2,2,0,2,1,2,9,1,50,2,2,1,0,0,1,50.0,24.0,deux_roues,voiture,5,2,1,2,3
202000028834,2020-09-04 15:40:00,2020,9,4,15,40,974,97411,PITON (CHEMIN DU),-20.91761,55.4757,Plein jour,En agglomération,Autre intersection,Normale,Autre collision,3,-1,2,0,2,1,1,9,1,25,1,2,1,0,0,1,31.0,,voiture,,1,2,9,1,6
202000028835,2020-09-04 08:05:00,2020,9,4,8,5,974,97411,DOMENJOD (ROUTE DE),-20.9114,55.5053,Plein jour,En agglomération,Intersection en T,Normale,Trois véhicules et plus - collisions multiples,4,2,2,0,2,2,1,0,1,50,4,4,1,0,0,3,57.0,58.0,voiture,voiture,1,2,3,1,5
202000028836,2020-09-02 16:58:00,2020,9,2,16,58,974,97411,LATTRE DE TASSIGNY (AVENUE MARECHAL DE),-20.88634,55.4698,Plein jour,En agglomération,Intersection en X,Normale,Deux véhicules - côté,4,2,2,3,1,1,1,9,1,50,2,2,0,0,0,2,19.0,41.0,deux_roues,voiture,1,2,2,1,3
202000028837,2020-09-02 14:28:00,2020,9,2,14,28,974,97411,COMPAGNIE (DE LA),-20.87814,55.44973,Plein jour,En agglomération,Intersection en X,Normale,Autre collision,4,1,1,0,1,1,1,5,1,50,1,1,0,0,0,1,,,,,1,2,2,1,6
202000028838,2020-09-04 18:15:00,2020,9,4,18,15,974,97407,MAHY FRANCOIS (RUE),-20.93773,55.29101,Crépuscule ou aube,En agglomération,Hors intersection,Normale,Deux véhicules - côté,4,1,0,0,1,1,1,0,1,30,2,2,1,0,0,1,42.0,38.0,deux_roues,voiture,2,2,1,1,3
202000028839,2020-09-04 07:30:00,2020,9,4,7,30,973,97302,MONTABO (ROUTE DE) 1,4.9350841,-52.2933018,Plein jour,En agglomération,Intersection en X,Normale,Deux véhicules - côté,3,2,2,0,1,1,1,0,1,50,2,2,1,0,0,1,30.0,57.0,deux_roues,voiture,1,2,2,1,3
202000028840,2020-09-05 01:20:00,2020,9,5,1,20,69,69199,CHARLES PLASSE                      (R ),45.7094115,4.8521347,Nuit avec éclairage allumé,En agglomération,Hors intersection,Normale,Sans collision,4,2,2,0,1,1,1,0,1,30,1,1,0,0,1,0,37.0,,deux_roues,,5,2,1,1,7
202000028841,2020-09-03 09:05:00,2020,9,3,9,5,69,69384,BIRMINGHAM (DE)                     (AV),45.7747,4.81193,Plein jour,En agglomération,Hors intersection,Normale,Trois véhicules et plus - en chaîne,4,1,3,3,1,1,1,1,1,50,3,3,1,0,0,2,43.0,55.0,voiture,voiture,1,2,1,1,4
202000028842,2020-09-04 16:45:00,2020,9,4,16,45,2B,2B120,VILLAGE (Route du) D364,42.6551,9.43691,Plein jour,En agglomération,Hors intersection,Normale,Deux véhicules - arrière,3,2,2,0,2,1,1,0,1,50,2,2,0,0,0,2,44.0,44.0,voiture,voiture,1,2,1,1,2
202000028843,2020-09-04 06:45:00,2020,9,4,6,45,971,97113,RN4 - SECTION RIVIERA,16.2169,-61.4825,Plein jour,Hors agglomération,Hors intersection,Normale,Deux véhicules - côté,2,2,2,0,1,1,1,0,1,70,2,2,1,0,0,1,49.0,55.0,voiture,voiture,1,1,1,1,3
202000028844,2020-09-04 07:50:00,2020,9,4,7,50,2A,2A004,MONTEE SAINT JEAN,41.9328575,8.737438,Plein jour,En agglomération,Intersection en X,Normale,Autre collision,4,2,3,0,3,1,1,0,1,50,1,2,1,0,0,1,31.0,,voiture,,1,2,2,1,6
202000028845,2020-09-04 17:30:00,2020,9,4,17,30,91,91477,HUIT MAI 1945 (AVENUE DU),48.70789,2.24057,Plein jour,En agglomération,Hors intersection,Normale,,3,2,0,0,2,1,1,0,1,50,2,2,1,0,0,1,22.0,88.0,voiture,voiture,1,2,1,1,-1
202000028846,2020-09-04 14:00:00,2020,9,4,14,0,91,91223,SAINT MICHEL (BOULEVARD),48.446524,2.170805,Plein jour,En agglomération,Hors intersection,Normale,Sans collision,4,2,2,0,1,1,1,0,4,50,1,1,0,0,0,1,52.0,,voiture,,1,2,1,1,7
202000028847,2020-09-03 08:50:00,2020,9,3,8,50,91,91223,R.N.20,48.40891,2.12577,Plein jour,Hors agglomération,Hors intersection,Normale,Sans collision,2,3,4,0,1,1,1,0,3,90,1,1,0,0,0,1,20.0,,voiture,,1,1,1,1,7
202000028848,2020-09-04 12:22:00,2020,9,4,12,22,87,87085,TOULOUSE LAUTREC (RUE),45.85128,1.16655,Plein jour,En agglomération,Intersection en X,Normale,Deux véhicules - côté,3,2,2,0,2,1,1,5,1,50,2,2,1,0,0,1,25.0,35.0,voiture,voiture,1,2,2,1,3
202000028849,2020-09-03 11:56:00,2020,9,3,11,56,87,87085,ALLENDE (QUAI SALVADOR),45.82114,1.26297,Plein jour,En agglomération,Intersection en X,Normale,Deux véhicules - côté,2,3,5,0,1,1,1,5,1,50,2,2,1,0,0,1,45.0,26.0,deux_roues,voiture,1,2,2,1,3
202000028850,2020-09-03 08:27:00,2020,9,3,8,27,87,87085,BUXEROLLES (RUE DE),45.86866,1.2603,Plein jour,En agglomération,Hors intersection,Normale,Deux véhicules - arrière,4,2,2,0,1,1,1,0,1,50,2,2,1,0,1,0,38.0,41.0,voiture,deux_roues,1,2,1,1,2
202000028851,2020-09-03 16:40:00,2020,9,3,16,40,86,86041,La Dinière,46.59429,0.38075,Plein jour,En agglomération,Intersection en T,Normale,Autre collision,3,-1,2,0,1,1,1,0,1,50,1,1,0,0,0,1,43.0,,deux_roues,,1,2,3,1,6
202000028852,2020-09-03 08:30:00,2020,9,3,8,30,83,83126,AV DE LA 1ERE ARMEE FRANCAISE,43.1124693,5.8834259,Plein jour,Hors agglomération,Hors intersection,Normale,,3,3,3,2,1,1,1,5,5,50,2,2,1,0,1,0,59.0,48.0,utilitaire_camion,deux_roues,1,1,1,1,-1
202000028853,2020-09-04 19:00:00,2020,9,4,19,0,83,83050,GALLIENI( AVENUE DU MARECHAL),43.52479,6.51131,Plein jour,En agglomération,Hors intersection,Normale,Deux véhicules - arrière,4,2,2,0,2,1,1,0,1,70,2,3,2,1,0,0,44.0,38.0,deux_roues,voiture,1,2,1,1,2
202000028854,2020-09-02 11:40:00,2020,9,2,11,40,80,80021,QUATORZE JUILLET 1789 (AVENUE DU),49.8760739,2.282218,Plein jour,En agglomération,Hors intersection,Normale,Deux véhicules - côté,3,2,4,0,1,1,1,0,1,50,2,3,2,0,0,1,20.0,34.0,voiture,voiture,1,2,1,1,3
202000028855,2020-04-07 17:15:00,2020,4,7,17,15,972,97206,Taupiniere,14.480403,-60.992349,Plein jour,Hors agglomération,Hors intersection,Normale,Sans collision,4,-1,1,0,2,1,1,8,8,-1,1,1,0,0,1,0,22.0,,deux_roues,,1,1,1,1,7
202000028856,2020-04-07 20:15:00,2020,4,7,20,15,76,76331,Route de l'Etablissement,49.615489,1.105199,Crépuscule ou aube,En agglomération,Hors intersection,Normale,Autre collision,3,2,2,0,1,3,1,9,1,30,1,1,0,1,0,0,50.0,,deux_roues,,2,2,1,1,6
202000028857,2020-04-06 21:50:00,2020,4,6,21,50,28,28232,La Controlerie,48.534168,0.932996,Nuit sans éclairage public,Hors agglomération,Hors intersection,Normale,Autre collision,3,2,2,0,1,1,1,5,3,80,1,1,0,0,1,0,41.0,,voiture,,3,1,1,1,6
202000028858,2020-04-07 18:10:00,2020,4,7,18,10,74,74264,Rue de la Croix,46.057329,6.551967,Plein jour,En agglomération,Intersection en T,Normale,Autre collision,4,2,2,0,1,1,1,0,1,50,1,2,1,0,0,1,26.0,,utilitaire_camion,,1,2,3,1,6
202000028859,2020-04-08 13:10:00,2020,4,8,13,10,27,27188,A13,49.295882,1.121593,Plein jour,Hors agglomération,Hors intersection,Normale,Deux véhicules - arrière,1,3,5,0,2,1,1,0,1,130,2,2,1,0,0,1,42.0,21.0,utilitaire_camion,utilitaire_camion,1,1,1,1,2
202000028860,2020-03-08 12:00:00,2020,3,8,12,0,2B,2B148,Strada Di U Pinu,42.557395,9.522099,Plein jour,Hors agglomération,Intersection en T,Normale,Deux véhicules - côté,3,2,2,0,1,1,1,0,8,70,2,3,2,0,0,1,21.0,27.0,voiture,voiture,1,1,3,1,3
202000028861,2020-04-07 22:10:00,2020,4,7,22,10,14,14530,4 Rue de la Vallée,49.232334,-0.261979,Nuit avec éclairage allumé,En agglomération,Hors intersection,Normale,Autre collision,4,2,2,0,2,1,1,0,1,50,1,2,1,0,1,0,51.0,,deux_roues,,5,2,1,1,6
202000028862,2020-04-07 15:20:00,2020,4,7,15,20,94,94073,A86 EXT,48.7567507,2.3838486,Plein jour,Hors agglomération,Hors intersection,Normale,Deux véhicules - côté,1,3,2,0,1,2,1,0,1,90,2,2,1,0,0,1,26.0,44.0,utilitaire_camion,voiture,1,1,1,1,3
202000028863,2020-01-02 18:40:00,2020,1,2,18,40,49,49007,GRESILLE AVENUE,47.4595588,-0.5986476,Nuit avec éclairage allumé,En agglomération,Hors intersection,Normale,Deux véhicules - côté,4,2,2,0,1,1,1,0,1,60,2,2,1,0,0,1,18.0,65.0,deux_roues,voiture,5,2,1,1,3
202000028864,2020-01-02 09:05:00,2020,1,2,9,5,49,49007,BEL AIR,47.46722,-0.56378,Plein jour,En agglomération,Hors intersection,Normale,,4,2,2,0,1,1,1,0,1,60,2,2,1,0,0,1,65.0,65.0,deux_roues,voiture,1,2,1,1,-1
202000028865,2020-01-01 22:50:00,2020,1,1,22,50,49,49007,MONTAIGNE AVENUE,47.46862,-0.5312,Nuit avec éclairage allumé,En agglomération,Hors intersection,Pluie légère,Sans collision,4,2,2,0,1,1,2,0,4,50,1,1,0,0,0,1,38.0,,voiture,,5,2,1,2,7
202000028866,2020-01-03 18:15:00,2020,1,3,18,15,35,35051,RN157 Cesson-Sévigné,48.1149,-1.5624,Nuit sans éclairage public,Hors agglomération,Hors intersection,Pluie légère,Deux véhicules - côté,2,3,8,0,1,1,2,0,1,90,2,3,2,0,0,1,33.0,38.0,voiture,voiture,3,1,1,2,3
202000028867,2020-01-01 03:30:00,2020,1,1,3,30,13,13209,SCHLOESING (BOULEVARD),43.273226,5.4007,Nuit avec éclairage allumé,En agglomération,Hors intersection,Normale,Deux véhicules - côté,4,2,6,0,1,1,1,0,1,50,2,2,1,0,0,1,56.0,39.0,voiture,voiture,5,2,1,1,3
202000028868,2020-01-27 18:40:00,2020,1,27,18,40,86,86194,Rue de la Devinière,46.5670135,0.3763314,Nuit avec éclairage allumé,En agglomération,Intersection en X,Normale,Deux véhicules - côté,4,2,2,0,1,1,2,9,1,50,2,2,1,0,0,1,31.0,20.0,voiture,deux_roues,5,2,2,1,3
202000028869,2020-01-11 20:30:00,2020,1,11,20,30,30,30011,PLACE ROGER ISNARD,43.9586,4.768,Nuit avec éclairage allumé,En agglomération,Hors intersection,Normale,Autre collision,3,2,2,0,1,1,1,0,1,30,1,2,1,0,1,0,41.0,,utilitaire_camion,,5,2,1,1,6
202000028870,2020-01-20 16:30:00,2020,1,20,16,30,78,78440,JEAN JAURES  (RUE),48.990427,1.908642,Crépuscule ou aube,En agglomération,Hors intersection,Normale,Autre collision,4,2,2,0,1,1,1,0,8,50,1,2,1,0,0,1,26.0,,voiture,,2,2,1,1,6
202000028871,2020-01-17 18:30:00,2020,1,17,18,30,64,64284,GASTON PHOEBUS,43.28639,-0.38958,Nuit avec éclairage allumé,En agglomération,Giratoire,Pluie légère,Autre collision,4,2,2,0,1,1,2,5,1,50,1,2,1,0,1,0,40.0,,voiture,,5,2,6,2,6
202000028872,2020-01-11 14:30:00,2020,1,11,14,30,64,64445,GEORGES CLEMENCEAU,43.29545,-0.36807,Nuit avec éclairage allumé,En agglomération,Hors intersection,Normale,Autre collision,4,1,1,0,1,1,1,1,8,30,1,2,1,0,0,1,57.0,,voiture,,5,2,1,1,6
202000028873,2020-01-17 15:35:00,2020,1,17,15,35,59,59350,CHANZY RUE,50.6256779,3.1037879,Plein jour,En agglomération,Hors intersection,Normale,Autre collision,4,2,2,0,1,1,2,0,8,50,1,2,1,0,1,0,25.0,,voiture,,1,2,1,1,6
202000028874,2020-01-31 13:35:00,2020,1,31,13,35,51,51454,Avenue Jean Jaurès,49.2595882,4.0453207,Plein jour,En agglomération,Hors intersection,Normale,Sans collision,4,2,0,0,1,1,1,0,8,50,1,2,1,0,0,1,68.0,,utilitaire_camion,,1,2,1,1,7
202000028875,2020-04-06 17:20:00,2020,4,6,17,20,91,91589,RENOIR (RUE JEAN),48.6723,2.34,Plein jour,En agglomération,Hors intersection,Normale,Autre collision,4,2,2,0,1,1,1,0,1,50,1,1,0,0,0,1,51.0,,voiture,,1,2,1,1,6
202000028876,2020-04-01 12:12:00,2020,4,1,12,12,91,91114,ROUTE NATIONALE 6,48.678364,2.496307,Plein jour,En agglomération,Hors intersection,Normale,Deux véhicules - arrière,2,2,2,0,1,1,1,0,1,50,2,2,1,0,0,1,30.0,59.0,utilitaire_camion,voiture,1,2,1,1,2
202000028877,2020-04-05 12:31:00,2020,4,5,12,31,87,87085,SCHUMAN (BOULEVARD ROBERT),45.86397,1.27481,Plein jour,Hors agglomération,Hors intersection,Normale,Deux véhicules - arrière,4,3,4,0,1,1,1,0,1,70,2,2,1,0,0,1,57.0,24.0,voiture,voiture,1,1,1,1,2
202000028878,2020-04-05 13:40:00,2020,4,5,13,40,87,87085,SCHUMAN (BOULEVARD ROBERT),45.8685568,1.2778848,Plein jour,Hors agglomération,Giratoire,Normale,Autre collision,4,1,2,0,1,2,1,5,1,70,1,1,0,0,1,0,56.0,,deux_roues,,1,1,6,1,6
202000028879,2020-04-06 04:17:00,2020,4,6,4,17,76,76681,GUESDE. RUE JULES,49.39758,1.08319,Nuit avec éclairage allumé,En agglomération,Hors intersection,Normale,Sans collision,4,2,2,0,1,2,1,0,1,50,1,1,0,0,0,1,18.0,,deux_roues,,5,2,1,1,7
202000028880,2020-04-06 22:00:00,2020,4,6,22,0,64,64445,JEAN JACQUES DE MONAIX,43.3034,-0.35701,Nuit avec éclairage allumé,En agglomération,Hors intersection,Normale,Autre collision,4,2,2,0,1,1,1,0,1,50,1,1,0,0,0,1,38.0,,voiture,,5,2,1,1,6
202000028881,2020-03-12 08:45:00,2020,3,12,8,45,62,62427,DEMARQUETTE (R NAPOLEON),50.419826,2.945205,Plein jour,En agglomération,Hors intersection,Normale,Autre collision,4,2,2,0,1,1,1,0,1,50,1,2,1,0,1,0,52.0,,voiture,,1,2,1,1,6
202000028882,2020-04-06 07:00:00,2020,4,6,7,0,45,45274,D951-PR84+700,47.8592,1.9852,Crépuscule ou aube,Hors agglomération,Hors intersection,Normale,Sans collision,3,2,2,0,1,1,1,0,1,70,1,1,0,0,0,1,24.0,,voiture,,2,1,1,1,7
202000028883,2020-04-05 01:03:00,2020,4,5,1,3,31,31555,AV DE LA GLOIRE,43.60698,1.4725522,Nuit avec éclairage allumé,En agglomération,Hors intersection,Normale,Autre collision,4,2,2,0,2,1,1,0,1,50,1,1,0,1,0,0,29.0,,deux_roues,,5,2,1,1,6
202000028884,2020-04-04 21:49:00,2020,4,4,21,49,31,31557,TARBES (ROUTE DE),43.5772907,1.3259426,Nuit avec éclairage allumé,En agglomération,Hors intersection,Normale,Autre collision,3,2,2,0,1,1,1,0,3,50,1,1,0,0,1,0,33.0,,voiture,,5,2,1,1,6
202000028885,2020-04-06 16:15:00,2020,4,6,16,15,29,29232,Avenue du Morbihan,47.97939,-4.07104,Plein jour,Hors agglomération,Hors intersection,Normale,Autre collision,3,3,2,0,1,2,1,2,3,110,1,1,0,0,0,1,27.0,,utilitaire_camion,,1,1,1,1,6
202000028886,2020-04-06 13:15:00,2020,4,6,13,15,13,13028,Rond Point DULAC/ROVARCH,43.19224,5.609,Plein jour,En agglomération,Giratoire,Normale,Deux véhicules - côté,3,1,2,0,1,1,1,5,1,50,2,2,1,0,1,0,59.0,51.0,deux_roues,voiture,1,2,6,1,3
202000028887,2020-04-06 13:10:00,2020,4,6,13,10,94,94022,GAMBETTA (AV),48.763585,2.402775,Plein jour,En agglomération,Hors intersection,Pluie légère,Deux véhicules - côté,4,3,2,0,1,1,2,0,3,50,2,2,1,0,0,1,28.0,56.0,utilitaire_camion,voiture,1,2,1,2,3
202000028888,2020-04-02 03:35:00,2020,4,2,3,35,93,93007,PETRODVORETZ (RUE),48.94901,2.45367,Nuit avec éclairage allumé,En agglomération,Hors intersection,Normale,Autre collision,4,2,2,0,1,1,1,0,1,50,1,1,0,0,1,0,30.0,,deux_roues,,5,2,1,1,6
202000028889,2020-04-04 18:15:00,2020,4,4,18,15,93,93005,SEVRAN (CD44) (RUE DE),48.9402381,2.5021954,Plein jour,En agglomération,Intersection en X,Temps éblouissant,Autre collision,3,2,2,0,1,3,1,9,1,50,1,2,1,0,0,1,20.0,,utilitaire_camion,,1,2,2,7,6
202000028890,2020-04-04 12:30:00,2020,4,4,12,30,92,92035,Général de Gaulle  ( avenue du ),48.91119,2.254659,Plein jour,En agglomération,Intersection en X,Normale,Deux véhicules - côté,3,2,2,0,1,1,1,0,1,50,2,2,1,0,0,1,45.0,42.0,voiture,deux_roues,1,2,2,1,3
202000028891,2020-04-07 04:30:00,2020,4,7,4,30,51,51072,D980,49.2050071,3.8959435,Nuit sans éclairage public,Hors agglomération,Hors intersection,Normale,Sans collision,3,2,2,0,2,1,1,0,1,80,1,1,0,1,0,0,,,,,3,1,1,1,7
202000028892,2020-04-06 10:40:00,2020,4,6,10,40,25,25426,Rue des Pessottes,47.354016,6.760722,Plein jour,En agglomération,Hors intersection,Normale,Deux véhicules - arrière,3,2,2,0,1,1,1,0,1,50,2,2,1,0,1,0,29.0,49.0,deux_roues,voiture,1,2,1,1,2
202000028893,2020-04-06 13:30:00,2020,4,6,13,30,44,44116,rue des remparts,47.284162,-2.03574,Plein jour,En agglomération,Hors intersection,Normale,Deux véhicules - frontale,3,2,2,0,1,3,1,0,1,50,2,2,0,0,1,1,54.0,28.0,voiture,voiture,1,2,1,1,1
202000028894,2020-04-06 15:45:00,2020,4,6,15,45,35,35270,Lieu dit Villé,48.5649578,-1.5513862,Plein jour,En agglomération,Hors intersection,Normale,Autre collision,3,2,2,0,1,1,1,0,1,50,1,2,1,0,1,0,57.0,,utilitaire_camion,,1,2,1,1,6
202000028895,2020-03-28 00:35:00,2020,3,28,0,35,29,29214,D143,47.950292,-4.353933,Nuit sans éclairage public,Hors agglomération,Hors intersection,Normale,Autre collision,3,2,2,0,1,1,1,0,3,80,1,1,0,0,1,0,41.0,,deux_roues,,3,1,1,1,6
202000028896,2020-04-07 08:15:00,2020,4,7,8,15,06,06105,Route de la Colle sur Loup,43.68741,7.070319,Plein jour,Hors agglomération,Hors intersection,Normale,Sans collision,3,2,2,0,2,1,1,0,1,80,1,1,0,0,1,0,48.0,,deux_roues,,1,1,1,1,7
202000028897,2020-04-06 06:40:00,2020,4,6,6,40,60,60191,D1017,49.54552,2.7038719,Nuit sans éclairage public,Hors agglomération,Hors intersection,Normale,Deux véhicules - côté,3,2,2,0,1,1,1,0,1,80,2,1,0,0,0,1,42.0,,deux_roues,,3,1,1,1,3
202000028898,2020-04-06 20:30:00,2020,4,6,20,30,64,64372,D7,43.373759,-0.084168,Plein jour,Hors agglomération,Hors intersection,Normale,Autre collision,3,2,2,0,2,2,1,0,3,80,1,1,0,1,0,0,50.0,,deux_roues,,1,1,1,1,6
202000028899,2020-03-22 15:50:00,2020,3,22,15,50,10,10262,Notre-Dame-des-Vignes (Monument),48.050309,4.439292,Plein jour,Hors agglomération,Hors intersection,Normale,Autre collision,9,-1,1,0,2,3,1,0,8,-1,1,2,0,0,0,2,29.0,,voiture,,1,1,1,1,6
202000028900,2020-04-07 07:00:00,2020,4,7,7,0,07,07225,Chante-caille,45.2693866,4.6798324,Plein jour,Hors agglomération,Hors intersection,Normale,Autre collision,3,2,2,0,1,1,1,0,8,70,1,1,0,1,0,0,22.0,,voiture,,1,1,1,1,6
202000028901,2020-04-06 16:35:00,2020,4,6,16,35,28,28280,2 Le Puits Massiot,48.312467,0.782492,Plein jour,Hors agglomération,Hors intersection,Normale,Autre collision,3,2,2,0,1,1,1,0,3,70,1,2,1,0,1,0,22.0,,voiture,,1,1,1,1,6
202000028902,2020-04-06 13:50:00,2020,4,6,13,50,68,68037,A35,47.958519,7.368135,Plein jour,Hors agglomération,Hors intersection,Normale,Deux véhicules - arrière,1,3,4,0,1,1,1,0,1,130,2,2,1,0,1,0,54.0,35.0,utilitaire_camion,voiture,1,1,1,1,2
202000028903,2020-04-07 18:40:00,2020,4,7,18,40,49,49041,carrefour de gruais,47.316599,0.089071,Plein jour,Hors agglomération,Intersection en X,Normale,Deux véhicules - côté,4,2,2,0,2,1,1,0,8,80,2,4,2,0,2,0,27.0,35.0,deux_roues,utilitaire_camion,1,1,2,1,3
202000028904,2020-04-06 08:51:00,2020,4,6,8,51,49,49194,2 Route de la Reculée,47.452857,-0.278617,Plein jour,Hors agglomération,Hors intersection,Pluie forte,Sans collision,3,2,2,0,1,1,2,0,3,70,1,1,0,0,1,0,24.0,,deux_roues,,1,1,1,3,7
202000028905,2020-04-06 21:30:00,2020,4,6,21,30,83,83068,36 Route des Oliviers,43.268882,6.530605,Nuit sans éclairage public,En agglomération,Autre intersection,Normale,Autre collision,3,2,2,0,2,2,1,0,4,70,1,2,0,1,1,0,22.0,,deux_roues,,3,2,9,1,6
202000028906,2020-04-07 18:25:00,2020,4,7,18,25,03,03181,5 Lieu Dit Grand Vent,46.3635845,3.6908269,Plein jour,Hors agglomération,Hors intersection,Normale,Autre collision,3,2,2,0,1,1,1,0,3,80,1,1,0,1,0,0,69.0,,voiture,,1,1,1,1,6
202000028907,2020-04-03 15:45:00,2020,4,3,15,45,22,22161,Avenue Pierre Loti,48.572474,-3.135194,Plein jour,Hors agglomération,Intersection en X,Normale,Deux véhicules - côté,3,2,2,0,1,1,1,0,1,80,2,3,0,0,1,2,78.0,21.0,voiture,deux_roues,1,1,2,1,3
202000028908,2020-04-06 16:05:00,2020,4,6,16,5,92,92019,AUTOROUTE A86,48.76068,2.28442,Plein jour,Hors agglomération,Hors intersection,Pluie légère,Autre collision,2,3,4,0,1,1,2,0,1,110,1,1,0,0,0,1,54.0,,voiture,,1,1,1,2,6
202000028909,2020-04-06 07:55:00,2020,4,6,7,55,95,95678,RN 184,49.07317,2.23408,Crépuscule ou aube,Hors agglomération,Hors intersection,Normale,Deux véhicules - arrière,2,3,8,0,1,1,1,0,1,110,2,2,1,0,0,1,53.0,20.0,voiture,voiture,2,1,1,1,2
202000028910,2020-04-05 16:35:00,2020,4,5,16,35,69,69259,MAURICE THOREZ                      (AV),45.6999,4.8633,Plein jour,En agglomération,Hors intersection,Normale,Autre collision,4,1,1,0,1,1,1,0,1,50,1,1,0,0,1,0,20.0,,deux_roues,,1,2,1,1,6
202000028911,2020-04-05 14:44:00,2020,4,5,14,44,69,69286,EUROPE (DE L')                      (AV),45.8174457,4.9012613,Plein jour,En agglomération,Hors intersection,Normale,Autre collision,4,1,2,0,2,1,1,0,1,50,1,2,1,0,0,1,31.0,,voiture,,1,2,1,1,6
202000028912,2020-04-05 15:55:00,2020,4,5,15,55,69,69266,GEORGE SAND                          (R ,45.7553094,4.8873724,Plein jour,En agglomération,Passage à niveau,Normale,Deux véhicules - côté,4,1,1,1,1,1,1,4,1,50,2,4,3,0,1,0,46.0,,voiture,,1,2,8,1,3
202000028913,2020-04-05 23:15:00,2020,4,5,23,15,59,59299,ECOLES (RUE DES),50.66355,3.19083,Nuit avec éclairage allumé,En agglomération,Intersection en X,Normale,Deux véhicules - frontale,4,2,2,0,2,1,1,0,1,30,2,5,2,0,1,2,25.0,20.0,voiture,voiture,5,2,2,1,1
202000028914,2020-04-04 21:00:00,2020,4,4,21,0,44,44109,Rond-point de Paris,47.233856,-1.53589,Plein jour,En agglomération,Intersection en X,Normale,Deux véhicules - côté,4,2,0,0,1,1,1,0,1,50,2,2,1,0,0,1,45.0,35.0,deux_roues,voiture,1,2,2,1,3