accident_id,datetime,annee,mois,jour,heure,minute,departement,commune_insee,adresse,latitude,longitude,luminosite,agglomeration,intersection,meteo,collision,catr,circ,nbv,vosp,prof,plan,surf,infra,situ,vma,nb_vehicules,nb_usagers,nb_indemnes,nb_tues,nb_blesses_hosp,nb_blesses_legers,age_cond_1,age_cond_2,veh_type_cond_1,veh_type_cond_2,lum_code,agg_code,int_code,atm_code,col_code
202000028915,2020-04-04 21:20:00,2020,4,4,21,20,27,27562,D 64E,49.0814,1.445,Nuit sans éclairage public,Hors agglomération,Hors intersection,Normale,Sans collision,3,2,2,0,1,1,1,0,1,80,1,1,0,0,0,1,22.0,,voiture,,3,1,1,1,7
202000028916,2020-04-05 10:30:00,2020,4,5,10,30,13,13215,LYON (RUE DE),43.330039,5.365297,Plein jour,En agglomération,Hors intersection,Normale,Autre collision,4,2,2,0,1,1,1,0,1,50,1,2,1,0,0,1,31.0,,voiture,,1,2,1,1,6
202000028917,2020-04-05 11:25:00,2020,4,5,11,25,75,75114,RUE HALLE,48.82892,2.331154,Plein jour,En agglomération,Intersection en X,Normale,Deux véhicules - côté,4,1,1,0,1,1,1,0,1,50,2,2,1,0,0,1,27.0,44.0,deux_roues,utilitaire_camion,1,2,2,1,3
202000028918,2020-04-05 08:18:00,2020,4,5,8,18,75,75113,PORTE D ITALIE,48.816449,2.36029,Plein jour,En agglomération,Place,Normale,Deux véhicules - côté,4,1,4,0,1,2,1,0,1,50,2,2,1,0,0,1,31.0,64.0,voiture,voiture,1,2,7,1,3
202000028919,2020-04-05 15:35:00,2020,4,5,15,35,94,94078,VALENTON (AV DE),48.73732,2.45483,Plein jour,En agglomération,Intersection en T,Normale,Deux véhicules - côté,4,2,2,0,1,1,1,0,1,50,2,4,3,0,0,1,28.0,28.0,voiture,deux_roues,1,2,3,1,3
202000028920,2020-04-05 20:25:00,2020,4,5,20,25,94,94017,REPUBLIQUE (AV DE LA),48.8252961,2.5098816,Crépuscule ou aube,En agglomération,Intersection en X,Normale,Deux véhicules - côté,3,-1,2,0,1,1,1,5,1,50,2,1,0,0,0,1,25.0,,deux_roues,,2,2,2,1,3
202000028921,2020-04-05 16:20:00,2020,4,5,16,20,94,94011,GOUTIER.(RUE MICHEL),48.7688335,2.4795188,Plein jour,En agglomération,Hors intersection,Normale,Autre collision,6,-1,0,0,1,1,1,0,8,50,1,1,0,0,0,1,19.0,,autre,,1,2,1,1,6
202000028922,2020-04-05 20:00:00,2020,4,5,20,0,93,93051,MARECHAL JOFFRE (AVENUE),48.8465832,2.5563134,Plein jour,En agglomération,Intersection en X,Normale,Deux véhicules - côté,4,1,1,0,1,1,1,5,1,50,2,1,0,0,1,0,35.0,,deux_roues,,1,2,2,1,3
202000028923,2020-04-04 19:50:00,2020,4,4,19,50,93,93010,MOZART (AL.),48.910919,2.479752,Plein jour,En agglomération,Hors intersection,Normale,Autre collision,4,2,2,0,1,1,1,0,1,30,1,2,1,0,0,1,19.0,,voiture,,1,2,1,1,6
202000028924,2020-04-05 19:00:00,2020,4,5,19,0,47,47291,Barboulat,44.49399,0.73011,Plein jour,Hors agglomération,Autre intersection,Normale,Autre collision,9,-1,2,0,1,1,1,0,8,-1,1,1,0,0,1,0,22.0,,deux_roues,,1,1,9,1,6
202000028925,2020-04-06 09:05:00,2020,4,6,9,5,41,41252,autoroute A10,47.687825,1.425261,Plein jour,Hors agglomération,Hors intersection,Normale,Autre collision,1,3,3,3,1,1,1,0,3,90,1,2,1,0,0,1,50.0,,utilitaire_camion,,1,1,1,1,6
202000028926,2020-04-06 01:45:00,2020,4,6,1,45,62,62595,Route de Serques,50.79064,2.17761,Nuit sans éclairage public,En agglomération,Hors intersection,Normale,Autre collision,4,2,2,0,1,1,1,0,1,50,1,1,0,0,1,0,22.0,,deux_roues,,3,2,1,1,6
202000028927,2020-03-15 13:00:00,2020,3,15,13,0,57,57530,RD 154 E,49.21211,6.521646,Plein jour,Hors agglomération,Hors intersection,Normale,Deux véhicules - côté,3,2,2,0,4,3,1,0,1,80,2,2,1,0,1,0,64.0,40.0,voiture,voiture,1,1,1,1,3
202000028928,2020-04-05 16:30:00,2020,4,5,16,30,80,80630,22 Rue Notre-dame,49.774041,1.987807,Plein jour,En agglomération,Hors intersection,Normale,Autre collision,3,2,2,0,4,3,1,0,4,50,1,2,0,0,1,1,31.0,,deux_roues,,1,2,1,1,6
202000028929,2020-04-05 18:45:00,2020,4,5,18,45,31,31303,Chemin Vieux de Berat,43.365929,1.197467,Plein jour,Hors agglomération,Hors intersection,Normale,Deux véhicules - arrière,3,2,2,0,1,1,1,0,1,80,2,3,1,0,2,0,54.0,28.0,utilitaire_camion,voiture,1,1,1,1,2
202000028930,2020-04-06 14:45:00,2020,4,6,14,45,14,14456,D613,49.122204,-0.134076,Plein jour,Hors agglomération,Hors intersection,Normale,Autre collision,3,2,2,0,1,2,1,0,3,80,1,1,0,0,1,0,73.0,,voiture,,1,1,1,1,6
202000028931,2020-04-06 05:30:00,2020,4,6,5,30,90,90034,D1083,47.651209,6.914284,Nuit sans éclairage public,Hors agglomération,Hors intersection,Normale,Deux véhicules - arrière,3,2,2,0,2,1,1,0,1,80,2,2,1,0,1,0,34.0,20.0,voiture,deux_roues,3,1,1,1,2
202000028932,2020-04-06 11:25:00,2020,4,6,11,25,60,60581,Rue Mangin,49.502176,2.433348,Plein jour,En agglomération,Intersection en T,Temps couvert,Deux véhicules - frontale,4,2,1,0,1,1,1,0,1,50,2,2,1,0,0,1,17.0,59.0,deux_roues,voiture,1,2,3,8,1
202000028933,2020-04-05 18:00:00,2020,4,5,18,0,45,45033,D123,48.1471223,2.4047416,Plein jour,Hors agglomération,Hors intersection,Normale,Sans collision,3,2,1,0,1,1,1,0,3,80,1,1,0,1,0,0,48.0,,voiture,,1,1,1,1,7
202000028934,2020-04-06 18:45:00,2020,4,6,18,45,36,36164,D940,46.535012,1.988525,Plein jour,Hors agglomération,Hors intersection,Normale,Autre collision,3,2,2,0,4,1,1,0,3,80,1,1,0,1,0,0,20.0,,voiture,,1,1,1,1,6
202000028935,2020-03-28 18:05:00,2020,3,28,18,5,04,04134,RD 951,44.340831,6.027648,Plein jour,En agglomération,Hors intersection,Normale,Sans collision,3,2,2,0,1,1,1,0,3,50,1,1,0,0,1,0,49.0,,voiture,,1,2,1,1,7
202000028936,2020-04-05 18:10:00,2020,4,5,18,10,27,27428,Avenue de la Libération,49.144927,0.902413,Plein jour,En agglomération,Intersection en Y,Normale,Autre collision,3,2,2,0,1,1,1,0,1,50,1,1,0,0,1,0,41.0,,deux_roues,,1,2,4,1,6
202000028937,2020-04-05 11:15:00,2020,4,5,11,15,27,27051,2 Rue du Pont aux Chevres,49.078357,0.781907,Plein jour,En agglomération,Intersection en X,Normale,Deux véhicules - côté,3,2,2,0,1,1,1,0,1,50,2,2,1,0,0,1,83.0,39.0,voiture,deux_roues,1,2,2,1,3
202000028938,2020-04-05 05:30:00,2020,4,5,5,30,988,98820,Tribu de HULUP/OUVEA,-20.640315,166.563206,Plein jour,Hors agglomération,Intersection en T,Normale,Autre collision,3,2,2,0,1,1,1,0,3,50,1,1,0,0,1,0,27.0,,voiture,,1,1,3,1,6
202000028939,2020-04-03 17:35:00,2020,4,3,17,35,77,77309,D97,48.99962,2.808423,Plein jour,Hors agglomération,Hors intersection,Normale,Sans collision,3,2,2,0,2,3,1,0,8,80,1,2,1,0,1,0,49.0,,voiture,,1,1,1,1,7
202000028940,2020-04-04 16:30:00,2020,4,4,16,30,06,06134,Route des Combes,43.772054,6.718376,Plein jour,Hors agglomération,Hors intersection,Normale,Autre collision,3,2,2,0,2,3,1,0,3,80,1,2,0,0,1,1,18.0,,deux_roues,,1,1,1,1,6
202000028941,2020-04-05 15:45:00,2020,4,5,15,45,39,39210,,46.752711,5.933368,Plein jour,Hors agglomération,Hors intersection,Normale,Autre collision,3,2,2,0,2,2,8,0,1,80,1,2,0,0,0,2,26.0,,utilitaire_camion,,1,1,1,1,6
202000028942,2020-04-05 20:25:00,2020,4,5,20,25,21,21464,Intersection D974 D25,47.1393961,4.9510039,Crépuscule ou aube,En agglomération,Intersection en X,Normale,Deux véhicules - côté,3,2,3,0,1,1,1,0,1,50,2,3,2,0,0,1,26.0,48.0,voiture,voiture,2,2,2,1,3
202000028943,2020-04-05 20:20:00,2020,4,5,20,20,74,74063,669 Route du Roitet,46.275082,6.837406,Crépuscule ou aube,En agglomération,Hors intersection,Normale,Autre collision,4,2,2,0,2,3,1,0,3,50,1,1,0,0,1,0,48.0,,voiture,,2,2,1,1,6
202000028944,2020-04-04 22:00:00,2020,4,4,22,0,42,42090,D103,45.76946,4.346185,Nuit sans éclairage public,Hors agglomération,Hors intersection,Normale,Sans collision,3,2,2,0,2,4,1,0,8,80,1,1,0,1,0,0,28.0,,voiture,,3,1,1,1,7
202000028945,2020-04-05 17:40:00,2020,4,5,17,40,33,33341,RD23 / Chemin de Pradier,45.0765,-0.50349,Plein jour,En agglomération,Intersection en Y,Temps éblouissant,Deux véhicules - frontale,3,2,2,0,1,1,1,0,1,50,2,2,0,0,1,1,24.0,31.0,voiture,voiture,1,2,4,7,1
202000028946,2020-03-31 16:10:00,2020,3,31,16,10,60,60134,D1016,49.3195392,2.4402538,Plein jour,Hors agglomération,Autre intersection,Normale,Deux véhicules - côté,3,3,4,0,2,3,1,3,1,110,2,3,2,0,1,0,49.0,18.0,utilitaire_camion,voiture,1,1,9,1,3
202000028947,2020-04-05 21:10:00,2020,4,5,21,10,59,59263,Rue d'Oisy,50.313597,3.097326,Nuit avec éclairage allumé,En agglomération,Hors intersection,Normale,Autre collision,3,2,2,0,1,1,1,0,4,50,1,1,0,0,0,1,32.0,,deux_roues,,5,2,1,1,6
202000028948,2020-02-24 21:30:00,2020,2,24,21,30,69,69029,RD383   7.640 A 11.044,45.735,4.9015,Nuit avec éclairage allumé,Hors agglomération,Hors intersection,Normale,Deux véhicules - arrière,3,3,3,0,1,1,1,0,1,70,2,3,2,0,0,1,26.0,46.0,voiture,voiture,5,1,1,1,2
202000028949,2020-04-04 19:00:00,2020,4,4,19,0,972,97213,ROUTE DEPARTEMENTALE 15,14.63348,-61.00841,Nuit avec éclairage non allumé,Hors agglomération,Hors intersection,Normale,,3,2,2,0,1,1,1,0,1,50,2,1,0,0,1,0,67.0,,deux_roues,,4,1,1,1,-1
202000028950,2020-04-03 11:50:00,2020,4,3,11,50,91,91174,Emile ZOLA (rue),48.62082,2.46697,Plein jour,En agglomération,Hors intersection,Normale,Deux véhicules - côté,4,2,2,0,1,1,1,0,1,50,2,2,1,0,0,1,41.0,47.0,transport_commun,voiture,1,2,1,1,3
202000028951,2020-04-04 11:10:00,2020,4,4,11,10,65,65440,KENNEDY (AVENUE DU PRESIDENT JOHN),43.219478,0.086418,Plein jour,En agglomération,Hors intersection,Normale,Autre collision,2,3,4,0,1,1,1,0,1,50,1,1,0,0,1,0,58.0,,deux_roues,,1,2,1,1,6
202000028952,2020-04-03 12:10:00,2020,4,3,12,10,35,35281,FUSILLES (RUE DES 25),48.09117,-1.6967,Plein jour,En agglomération,Intersection en X,Normale,Deux véhicules - côté,4,2,2,1,1,1,1,0,1,50,2,4,2,0,0,2,35.0,39.0,voiture,voiture,1,2,2,1,3
202000028953,2020-03-20 16:20:00,2020,3,20,16,20,11,11262,ESCOUTE (PONT DE L'),43.18493,2.99954,Plein jour,En agglomération,Intersection en X,Normale,Deux véhicules - côté,4,1,3,0,1,1,1,2,1,50,2,1,0,0,0,1,49.0,,voiture,,1,2,2,1,3
202000028954,2020-04-04 23:10:00,2020,4,4,23,10,06,06083,THIERS (AVENUE),43.774525,7.4963888,Nuit avec éclairage allumé,En agglomération,Intersection en T,Normale,Autre collision,3,2,2,0,1,1,1,0,8,50,1,1,0,0,0,1,42.0,,deux_roues,,5,2,3,1,6
202000028955,2020-04-04 19:50:00,2020,4,4,19,50,75,75116,PORTE DE PASSY,48.857807,2.259546,Nuit avec éclairage allumé,En agglomération,Hors intersection,Normale,Deux véhicules - côté,4,1,4,0,1,1,1,1,1,70,2,2,1,0,0,1,42.0,30.0,utilitaire_camion,deux_roues,5,2,1,1,3
202000028956,2020-04-04 00:09:00,2020,4,4,0,9,75,75116,PLACE VICTOR HUGO,48.869883,2.285326,Nuit avec éclairage allumé,En agglomération,Place,Normale,Autre collision,4,1,2,0,1,1,1,5,1,30,1,2,1,0,1,0,28.0,,voiture,,5,2,7,1,6
202000028957,2020-04-04 11:23:00,2020,4,4,11,23,75,75103,RUE SAINT MARTIN,48.868419,2.355274,Plein jour,En agglomération,Intersection en X,Normale,Deux véhicules - côté,4,1,3,3,1,1,1,0,1,50,2,2,1,0,0,1,42.0,34.0,deux_roues,voiture,1,2,2,1,3
202000028958,2020-04-04 12:15:00,2020,4,4,12,15,94,94038,GENERAL DE GAULLE (AV DU),48.7820891,2.3425165,Plein jour,En agglomération,Autre intersection,Temps éblouissant,Deux véhicules - côté,3,4,3,0,1,1,1,0,1,50,2,2,1,0,0,1,70.0,47.0,voiture,deux_roues,1,2,9,7,3
202000028959,2020-04-04 19:15:00,2020,4,4,19,15,93,93048,ARISTIDE BRIAND (BOULEVARD),48.8781,2.4574,Plein jour,En agglomération,Intersection à plus de 4 branches,Normale,Deux véhicules - côté,3,2,2,-1,1,1,1,0,1,50,2,3,2,0,0,1,37.0,31.0,utilitaire_camion,utilitaire_camion,1,2,5,1,3
202000028960,2020-04-03 19:30:00,2020,4,3,19,30,93,93032,R PAUL VAILLANT COUTURIER / R DU CHEMIN DE FER,48.87694,2.54923,Plein jour,En agglomération,Intersection en X,Normale,Deux véhicules - côté,3,2,4,0,1,1,1,5,1,50,2,2,1,0,0,1,19.0,27.0,deux_roues,voiture,1,2,2,1,3
202000028961,2020-04-04 17:30:00,2020,4,4,17,30,92,92050,AGRICULTURE RUE DE L',48.9094755,2.224621,Plein jour,En agglomération,Hors intersection,Normale,Deux véhicules - frontale,4,2,0,0,1,1,1,0,1,50,2,3,1,0,0,2,17.0,25.0,deux_roues,voiture,1,2,1,1,1
202000028962,2020-04-05 00:30:00,2020,4,5,0,30,60,60176,Rue Jean-jacques Rousseau,49.236048,2.887861,Nuit avec éclairage allumé,En agglomération,Hors intersection,Normale,Autre collision,4,1,1,0,1,1,1,0,1,50,1,1,0,0,0,1,47.0,,voiture,,5,2,1,1,6
202000028963,2020-04-04 10:35:00,2020,4,4,10,35,71,71014,Rue de l'Hermitage,46.9612145,4.3217761,Plein jour,En agglomération,Intersection en T,Normale,Sans collision,4,2,2,0,1,1,1,0,1,50,1,2,1,0,1,0,18.0,,deux_roues,,1,2,3,1,7
202000028964,2020-04-04 20:00:00,2020,4,4,20,0,63,63415,D996,45.573794,3.378521,Plein jour,Hors agglomération,Hors intersection,Normale,Sans collision,3,2,2,0,1,2,1,0,1,80,1,1,0,0,1,0,44.0,,deux_roues,,1,1,1,1,7
202000028965,2020-04-04 22:25:00,2020,4,4,22,25,61,61309,D9,48.36069,0.687198,Nuit sans éclairage public,Hors agglomération,Hors intersection,Normale,Autre collision,3,2,2,0,1,3,1,0,1,80,1,2,1,0,1,0,36.0,,voiture,,3,1,1,1,6
202000028966,2020-04-04 19:45:00,2020,4,4,19,45,34,34339,Villespassans,43.403095,2.962473,Plein jour,Hors agglomération,Hors intersection,Normale,Sans collision,3,1,1,0,1,3,1,0,8,80,1,1,0,0,0,1,64.0,,deux_roues,,1,1,1,1,7
202000028967,2020-04-05 02:30:00,2020,4,5,2,30,35,35306,Route départementale n° 74,48.565366,-1.925076,Nuit sans éclairage public,Hors agglomération,Giratoire,Normale,Autre collision,3,1,2,0,1,1,1,5,8,80,1,1,0,0,1,0,38.0,,voiture,,3,1,6,1,6
202000028968,2020-04-04 11:02:00,2020,4,4,11,2,29,29212,Rue Coat Omnes,48.3835369,-4.616151,Plein jour,En agglomération,Intersection en X,Normale,Autre collision,4,2,2,0,1,2,1,5,1,50,1,2,1,0,0,1,61.0,,voiture,,1,2,2,1,6
202000028969,2020-04-05 12:10:00,2020,4,5,12,10,60,60029,D3,49.363846,1.973205,Plein jour,Hors agglomération,Giratoire,Normale,Deux véhicules - côté,3,1,2,0,1,2,1,0,1,80,2,2,1,0,1,0,49.0,34.0,deux_roues,voiture,1,1,6,1,3
202000028970,2020-04-05 00:00:00,2020,4,5,0,0,16,16109,LE DIZAIN,45.770576,-0.169537,Nuit sans éclairage public,Hors agglomération,Hors intersection,Normale,Sans collision,3,2,2,0,1,1,1,0,3,80,1,1,0,0,1,0,41.0,,deux_roues,,3,1,1,1,7
202000028971,2020-04-05 09:37:00,2020,4,5,9,37,16,16276,Ld Moquechien,45.446523,-0.163035,Plein jour,Hors agglomération,Hors intersection,Normale,Autre collision,2,3,2,0,1,1,1,0,3,110,1,2,1,0,1,0,34.0,,utilitaire_camion,,1,1,1,1,6
202000028972,2020-04-03 15:05:00,2020,4,3,15,5,53,53005,D 225 PK 18+800,48.182371,-0.7641,Plein jour,Hors agglomération,Hors intersection,Normale,Autre collision,3,2,2,0,1,1,1,0,3,80,1,1,0,0,1,0,82.0,,voiture,,1,1,1,1,6
202000028973,2020-04-04 09:15:00,2020,4,4,9,15,24,24530,RD106,45.308251,0.688952,Plein jour,Hors agglomération,Hors intersection,Normale,Sans collision,3,2,2,0,1,3,1,0,3,80,1,1,0,0,1,0,40.0,,voiture,,1,1,1,1,7
202000028974,2020-04-04 19:30:00,2020,4,4,19,30,24,24156,D710,45.077797,0.867126,Plein jour,Hors agglomération,Hors intersection,Normale,Autre collision,3,2,2,0,1,3,1,0,3,80,1,1,0,1,0,0,24.0,,voiture,,1,1,1,1,6
202000028975,2020-03-04 08:24:00,2020,3,4,8,24,51,51562,A34,49.211496,4.078562,Plein jour,Hors agglomération,Hors intersection,Normale,Deux véhicules - arrière,1,1,5,0,1,1,1,7,8,70,2,3,2,0,0,1,33.0,36.0,voiture,voiture,1,1,1,1,2
202000028976,2020-04-04 18:45:00,2020,4,4,18,45,27,27091,A13,49.362393,0.854852,Plein jour,Hors agglomération,Hors intersection,Normale,Deux véhicules - arrière,1,3,5,0,1,1,1,0,1,130,2,2,1,0,1,0,49.0,33.0,deux_roues,voiture,1,1,1,1,2
202000028977,2020-04-05 10:30:00,2020,4,5,10,30,988,98817,ROUTE DE LA CORNICHE,-22.284172,166.622515,Nuit sans éclairage public,Hors agglomération,Hors intersection,Temps couvert,Autre collision,3,2,2,0,1,3,1,0,3,70,1,2,0,1,0,1,27.0,,voiture,,3,1,1,8,6
202000028978,2020-04-04 20:00:00,2020,4,4,20,0,988,98817,Rue Catimor,-22.249541,166.572767,Nuit avec éclairage non allumé,En agglomération,Hors intersection,Normale,Autre collision,4,2,2,0,1,2,1,0,1,50,1,2,1,0,0,1,21.0,,utilitaire_camion,,4,2,1,1,6
202000028979,2020-04-05 11:25:00,2020,4,5,11,25,07,07324,Quai Marc Seguin,45.068741,4.831289,Plein jour,En agglomération,Intersection en T,Normale,Deux véhicules - côté,3,2,2,0,1,1,1,9,1,30,2,4,3,1,0,0,65.0,32.0,voiture,voiture,1,2,3,1,3
202000028980,2020-04-01 16:15:00,2020,4,1,16,15,40,40182,D38,44.083824,-1.117945,Plein jour,Hors agglomération,Intersection en T,Normale,Deux véhicules - côté,3,2,2,0,1,1,1,0,1,80,2,2,0,0,0,2,29.0,75.0,voiture,voiture,1,1,3,1,3
202000028981,2020-04-03 14:40:00,2020,4,3,14,40,92,92036,AUTOROUTE A15,48.94137,2.2914,Plein jour,Hors agglomération,Hors intersection,Normale,Deux véhicules - arrière,1,3,1,0,1,1,1,2,1,90,2,3,1,0,0,2,40.0,60.0,voiture,utilitaire_camion,1,1,1,1,2
202000028982,2020-04-02 15:20:00,2020,4,2,15,20,974,97411,STADE (RUE DU),-20.9005,55.4667,Plein jour,En agglomération,Hors intersection,Normale,Deux véhicules - côté,4,2,1,0,3,1,1,0,1,50,2,3,1,0,0,2,45.0,35.0,voiture,deux_roues,1,2,1,1,3
202000028983,2020-04-03 21:10:00,2020,4,3,21,10,69,69388,PIERRE DELORE                       (R ),45.7364666,4.8553796,Nuit avec éclairage allumé,En agglomération,Hors intersection,Normale,Deux véhicules - arrière,4,2,2,0,1,1,1,0,1,50,2,1,0,0,0,1,19.0,,deux_roues,,5,2,1,1,2
202000028984,2020-04-01 10:45:00,2020,4,1,10,45,971,97107,FRONT DE MER ( BOULEVARD),16.0535482,-61.5616,Plein jour,En agglomération,Hors intersection,Normale,Autre collision,3,2,2,0,1,1,1,0,3,50,1,2,1,0,0,1,58.0,,voiture,,1,2,1,1,6
202000028985,2020-04-03 06:15:00,2020,4,3,6,15,95,95585,BULLIER (RUE THEODORE),48.9915428,2.3690917,Nuit avec éclairage allumé,En agglomération,Intersection en X,Normale,Deux véhicules - côté,3,1,1,0,2,1,1,0,1,50,2,2,0,0,1,1,27.0,29.0,voiture,voiture,5,2,2,1,3
202000028986,2020-04-03 15:10:00,2020,4,3,15,10,91,91377,DE GAULLE (AVENUE DU GENERAL),48.73313,2.27139,Plein jour,En agglomération,Hors intersection,Normale,Autre collision,3,1,2,0,1,1,1,9,3,50,1,2,1,0,0,1,31.0,,voiture,,1,2,1,1,6
202000028987,2020-04-03 14:30:00,2020,4,3,14,30,91,91027,JULES VALLES (AVENUE),48.700122,2.375991,Plein jour,En agglomération,Autre intersection,Normale,Deux véhicules - côté,3,2,2,0,1,1,1,0,1,50,2,2,1,0,0,1,48.0,34.0,voiture,utilitaire_camion,1,2,9,1,3
202000028988,2020-04-03 02:20:00,2020,4,3,2,20,71,71153,Rue du Canada,46.7934941,4.4130544,Nuit avec éclairage allumé,En agglomération,Hors intersection,Normale,Autre collision,3,2,2,0,2,2,1,0,1,50,1,1,0,0,0,1,32.0,,voiture,,5,2,1,1,6
202000028989,2020-04-02 16:00:00,2020,4,2,16,0,64,64102,ARANCETTE (CHEMIN D'),43.4828,-1.488,Plein jour,En agglomération,Hors intersection,Normale,Deux véhicules - côté,4,2,2,0,1,1,1,0,1,50,2,2,1,0,0,1,29.0,59.0,voiture,deux_roues,1,2,1,1,3
202000028990,2020-04-02 12:35:00,2020,4,2,12,35,57,57672,LIBERATION (ALLEE DE LA) - PAIR,49.3652,6.1519,Plein jour,En agglomération,Hors intersection,Normale,Deux véhicules - côté,4,1,2,0,1,1,1,5,1,50,2,3,0,0,0,3,73.0,25.0,voiture,utilitaire_camion,1,2,1,1,3
202000028991,2020-03-31 19:00:00,2020,3,31,19,0,49,49007,DUNANT BOULEVARD,47.4832,-0.52479,Plein jour,En agglomération,Hors intersection,Normale,Sans collision,4,2,2,0,1,1,1,0,1,60,1,2,1,0,0,1,28.0,,voiture,,1,2,1,1,7
202000028992,2020-04-03 16:55:00,2020,4,3,16,55,45,45147,Rue Marcelin Berthelot - D97 PR 5+440,47.94209,1.92021,Plein jour,En agglomération,Passage à niveau,Normale,Autre collision,3,2,2,0,1,1,1,4,1,50,1,3,0,0,0,3,49.0,,voiture,,1,2,8,1,6
202000028993,2020-04-03 04:36:00,2020,4,3,4,36,44,44109,BOULEVARD DES FRERES DE GONCOURT,47.23385,-1.56416,Nuit avec éclairage allumé,En agglomération,Hors intersection,Normale,Deux véhicules - côté,4,2,0,0,1,1,1,0,1,50,2,1,0,0,0,1,57.0,,deux_roues,,5,2,1,1,3
202000028994,2020-03-14 05:25:00,2020,3,14,5,25,41,41018,PONT JACQUES GABRIEL,47.58476,1.33802,Nuit avec éclairage allumé,En agglomération,Hors intersection,Normale,,4,2,2,1,4,1,1,0,1,30,2,3,2,1,0,0,28.0,22.0,voiture,voiture,5,2,1,1,-1
202000028995,2020-04-02 11:00:00,2020,4,2,11,0,38,38053,Boulevard Saint Michel,45.58924,5.2761,Plein jour,En agglomération,Hors intersection,Normale,Deux véhicules - frontale,3,3,1,0,1,1,1,9,1,50,2,2,1,0,1,0,22.0,,voiture,,1,2,1,1,1
202000028996,2020-04-03 23:15:00,2020,4,3,23,15,34,34172,LIBERTE (AVENUE DE LA,43.60876,3.84547,Nuit avec éclairage allumé,En agglomération,Hors intersection,Normale,Autre collision,4,2,2,0,1,1,1,0,1,50,1,4,0,0,1,3,19.0,,voiture,,5,2,1,1,6
202000028997,2020-03-14 00:15:00,2020,3,14,0,15,33,33167,RUE SALVADOR ALLENDE / Parking LIDL,44.84484,-0.51075,Nuit sans éclairage public,En agglomération,Intersection en X,Normale,Deux véhicules - frontale,4,2,3,0,1,1,1,0,1,50,2,4,1,0,0,3,20.0,,voiture,,3,2,2,1,1
202000028998,2020-04-03 12:15:00,2020,4,3,12,15,17,17300,FORBIN   COURS,46.16531,-1.17579,Plein jour,En agglomération,Hors intersection,Normale,Sans collision,4,1,1,0,1,1,1,0,1,30,1,1,0,0,0,1,44.0,,deux_roues,,1,2,1,1,7
202000028999,2020-04-03 16:55:00,2020,4,3,16,55,16,16015,Rue de Montbron,45.648922,0.175111,Plein jour,En agglomération,Hors intersection,Normale,Autre collision,4,2,2,-1,1,1,1,0,1,50,1,2,1,0,0,1,40.0,,voiture,,1,2,1,1,6
202000029000,2020-04-02 15:40:00,2020,4,2,15,40,13,13019,ROUTE D’APT,43.478308,5.355319,Plein jour,Hors agglomération,Giratoire,Normale,Deux véhicules - côté,3,1,0,0,1,2,1,0,1,50,2,2,1,0,0,1,30.0,51.0,voiture,deux_roues,1,1,6,1,3
202000029001,2020-04-03 15:00:00,2020,4,3,15,0,13,13209,MARÉCHAL DE LATTRE (AVENUE),43.24548,5.41161,Plein jour,En agglomération,Hors intersection,Normale,Deux véhicules - côté,4,2,4,3,2,1,1,0,1,50,2,2,1,0,0,1,60.0,49.0,voiture,deux_roues,1,2,1,1,3
202000029002,2020-04-02 15:53:00,2020,4,2,15,53,13,13213,ESCADRILLE NORMANDIE NIEMEN,43.3412,5.4098,Plein jour,En agglomération,Autre intersection,Normale,Deux véhicules - côté,4,-1,2,0,1,1,1,5,1,50,2,1,0,0,0,1,49.0,,voiture,,1,2,9,1,3
202000029003,2020-04-03 12:50:00,2020,4,3,12,50,75,75118,RUE JOSEPH DE MAISTRE,48.88872,2.33183,Plein jour,En agglomération,Intersection en T,Normale,Deux véhicules - côté,4,1,2,0,2,1,1,0,1,50,2,1,0,0,0,1,21.0,,deux_roues,,1,2,3,1,3
202000029004,2020-04-03 16:15:00,2020,4,3,16,15,75,75111,BOULEVARD RICHARD LENOIR,48.858058,2.371672,Plein jour,En agglomération,Intersection en X,Normale,Deux véhicules - côté,4,1,2,0,1,1,1,0,1,50,2,2,1,0,0,1,27.0,50.0,utilitaire_camion,deux_roues,1,2,2,1,3
202000029005,2020-04-03 11:10:00,2020,4,3,11,10,94,94022,ALFORTVILLE (AV D),48.76988,2.4137,Plein jour,En agglomération,Hors intersection,Normale,Deux véhicules - arrière,3,2,2,0,1,1,1,0,1,50,2,2,1,0,0,1,52.0,45.0,transport_commun,voiture,1,2,1,1,2
202000029006,2020-02-26 18:15:00,2020,2,26,18,15,25,25468,autoroute A36 PK 104+900 direction BEAUNE,47.338339,6.208059,Crépuscule ou aube,Hors agglomération,Hors intersection,Neige / grêle,Sans collision,1,3,4,0,1,1,2,0,3,130,1,2,1,0,1,0,20.0,,voiture,,2,1,1,4,7
202000029007,2020-04-04 03:50:00,2020,4,4,3,50,18,18246,La Foltiere,47.427753,2.803767,Nuit sans éclairage public,Hors agglomération,Hors intersection,Normale,Autre collision,3,2,2,0,1,1,1,0,3,80,1,1,0,0,1,0,25.0,,voiture,,3,1,1,1,6
202000029008,2020-04-03 19:00:00,2020,4,3,19,0,01,01173,1248 Rue de la Forêt de Disse,46.348209,6.068434,Plein jour,En agglomération,Hors intersection,Normale,Autre collision,4,2,2,0,1,1,1,0,3,50,1,1,0,0,1,0,18.0,,deux_roues,,1,2,1,1,6