accident_id,datetime,annee,mois,jour,heure,minute,departement,commune_insee,adresse,latitude,longitude,luminosite,agglomeration,intersection,meteo,collision,catr,circ,nbv,vosp,prof,plan,surf,infra,situ,vma,nb_vehicules,nb_usagers,nb_indemnes,nb_tues,nb_blesses_hosp,nb_blesses_legers,age_cond_1,age_cond_2,veh_type_cond_1,veh_type_cond_2,lum_code,agg_code,int_code,atm_code,col_code
202000029009,2020-03-31 14:35:00,2020,3,31,14,35,47,47188,Croix de Taly,44.57382,0.455214,Plein jour,Hors agglomération,Intersection en Y,Normale,Sans collision,3,2,2,0,1,3,1,0,1,80,1,1,0,0,1,0,38.0,,deux_roues,,1,1,4,1,7
202000029010,2020-04-03 20:10:00,2020,4,3,20,10,14,14456,72 Route de Paris,49.115505,-0.159296,Plein jour,En agglomération,Hors intersection,Normale,Autre collision,3,2,2,0,4,1,1,0,1,50,1,1,0,0,1,0,38.0,,deux_roues,,1,2,1,1,6
202000029011,2020-04-04 14:45:00,2020,4,4,14,45,36,36058,,46.607407,1.0255,Plein jour,Hors agglomération,Hors intersection,Normale,Sans collision,3,2,2,0,1,1,1,0,3,80,1,1,0,1,0,0,81.0,,voiture,,1,1,1,1,7
202000029012,2020-03-27 16:15:00,2020,3,27,16,15,38,38419,D1075,44.8439,5.6174,Plein jour,Hors agglomération,Hors intersection,Normale,Sans collision,3,2,2,0,1,2,1,0,3,80,1,1,0,0,0,1,54.0,,utilitaire_camion,,1,1,1,1,7
202000029013,2020-04-04 10:00:00,2020,4,4,10,0,49,49021,D59,47.417025,-0.203998,Plein jour,Hors agglomération,Intersection en X,Normale,Deux véhicules - côté,3,2,2,0,1,1,1,0,1,80,2,2,1,0,1,0,80.0,21.0,voiture,utilitaire_camion,1,1,2,1,3
202000029014,2020-04-03 20:30:00,2020,4,3,20,30,30,30137,D532,44.206081,3.955325,Crépuscule ou aube,Hors agglomération,Hors intersection,Normale,Autre collision,3,2,1,0,2,2,1,0,8,80,1,2,0,0,2,0,55.0,,voiture,,2,1,1,1,6
202000029015,2020-04-03 18:00:00,2020,4,3,18,0,69,69134,Terre Noire,45.929215,4.594179,Plein jour,Hors agglomération,Hors intersection,Normale,Sans collision,4,2,2,0,2,3,1,0,1,80,1,1,0,1,0,0,58.0,,utilitaire_camion,,1,1,1,1,7
202000029016,2020-01-24 09:30:00,2020,1,24,9,30,13,13005,A501-Sens Aubagne vers Pont de l'Etoile,43.303101,5.56953,Plein jour,Hors agglomération,Hors intersection,Normale,Sans collision,1,1,1,0,1,3,1,3,8,90,1,1,0,0,0,1,31.0,,deux_roues,,1,1,1,1,7
202000029017,2020-04-01 18:50:00,2020,4,1,18,50,973,97302,MONTABO (ROUTE DE) 2,4.9362642,-52.296347,Nuit avec éclairage allumé,En agglomération,Hors intersection,Normale,Deux véhicules - côté,3,2,1,2,1,1,1,0,1,50,2,2,1,0,0,1,48.0,48.0,deux_roues,voiture,5,2,1,1,3
202000029018,2020-04-02 04:30:00,2020,4,2,4,30,77,77284,BAZIN (RUE RENE),48.951094,2.916294,Nuit avec éclairage allumé,En agglomération,Hors intersection,Normale,Autre collision,9,2,0,0,1,3,1,0,1,30,1,2,1,0,1,0,22.0,,voiture,,5,2,1,1,6
202000029019,2020-04-01 18:30:00,2020,4,1,18,30,74,74305,BUCHILLONS (AVENUE DES),46.2007165,6.2713043,Plein jour,En agglomération,Hors intersection,Normale,Deux véhicules - côté,4,2,3,3,1,1,1,0,6,50,2,3,1,0,0,2,27.0,41.0,voiture,voiture,1,2,1,1,3
202000029020,2020-04-02 19:45:00,2020,4,2,19,45,37,37261,MONTJOYEUX (AVENUE),47.3608654,0.7033441,Plein jour,En agglomération,Autre intersection,Normale,,4,2,0,0,1,2,1,0,1,50,2,2,1,0,0,1,30.0,47.0,deux_roues,voiture,1,2,9,1,-1
202000029021,2020-04-01 17:30:00,2020,4,1,17,30,13,13203,PLOMBIERES (BOULEVARD DES),43.31487,5.38824,Plein jour,En agglomération,Hors intersection,Temps couvert,Deux véhicules - côté,3,1,6,0,1,1,1,2,1,50,2,2,1,0,1,0,45.0,49.0,utilitaire_camion,voiture,1,2,1,8,3
202000029022,2020-04-02 11:10:00,2020,4,2,11,10,11,11069,VILLEMOUSTAUSSOU -ROUTE DE-,43.23578,2.3634,Plein jour,Hors agglomération,Giratoire,Normale,Deux véhicules - côté,3,1,1,0,1,1,1,0,1,80,2,2,1,0,0,1,20.0,43.0,deux_roues,voiture,1,1,6,1,3
202000029023,2020-04-01 12:05:00,2020,4,1,12,5,75,75112,BOULEVARD SOULT,48.846907,2.411168,Plein jour,En agglomération,Intersection en X,Normale,Deux véhicules - côté,4,2,4,0,1,2,1,0,1,50,2,2,1,0,0,1,37.0,29.0,voiture,deux_roues,1,2,2,1,3
202000029024,2020-04-02 04:00:00,2020,4,2,4,0,94,94078,MELUN (AV DE),48.72406,2.44482,Nuit avec éclairage allumé,En agglomération,Hors intersection,Normale,Trois véhicules et plus - en chaîne,2,2,2,0,1,1,1,0,1,50,3,3,2,0,0,1,20.0,48.0,voiture,voiture,5,2,1,1,4
202000029025,2020-04-02 20:30:00,2020,4,2,20,30,92,92072,GRANDE RUE,48.82174,2.20479,Nuit avec éclairage allumé,En agglomération,Hors intersection,Normale,Deux véhicules - côté,3,2,2,0,1,1,1,0,1,50,2,2,1,0,0,1,19.0,21.0,deux_roues,deux_roues,5,2,1,1,3
202000029026,2020-04-01 23:15:00,2020,4,1,23,15,54,54164,Ferme de Fanoncourt,48.412942,6.040404,Nuit sans éclairage public,Hors agglomération,Hors intersection,Normale,Autre collision,3,2,2,0,1,3,1,0,3,80,1,2,1,0,1,0,27.0,,voiture,,3,1,1,1,6
202000029027,2020-02-12 08:20:00,2020,2,12,8,20,33,33315,Lieu Dit les Yvonnets,45.068962,-0.091849,Plein jour,Hors agglomération,Hors intersection,Normale,Deux véhicules - frontale,3,2,2,0,1,1,1,0,1,70,2,3,1,0,2,0,38.0,85.0,voiture,voiture,1,1,1,1,1
202000029028,2020-04-03 16:10:00,2020,4,3,16,10,83,83073,Route Nationale 97,43.375109,6.298385,Plein jour,Hors agglomération,Hors intersection,Normale,Deux véhicules - frontale,3,2,2,0,1,1,1,0,1,80,2,2,0,1,0,1,50.0,31.0,voiture,voiture,1,1,1,1,1
202000029029,2020-04-01 18:00:00,2020,4,1,18,0,82,82101,D26bis,44.081657,0.990442,Plein jour,Hors agglomération,Hors intersection,Normale,Autre collision,3,2,2,0,1,2,1,0,3,80,1,1,0,0,1,0,40.0,,voiture,,1,1,1,1,6
202000029030,2020-04-02 09:15:00,2020,4,2,9,15,33,33028,36 Route des Palombieres,44.805865,-0.326333,Plein jour,En agglomération,Hors intersection,Normale,Autre collision,3,2,2,0,1,1,1,0,3,50,1,1,0,0,1,0,70.0,,utilitaire_camion,,1,2,1,1,6
202000029031,2020-04-02 16:45:00,2020,4,2,16,45,38,38499,N85,44.9268,5.78266,Plein jour,Hors agglomération,Hors intersection,Normale,Deux véhicules - frontale,2,2,2,0,1,1,1,0,1,80,2,2,1,0,1,0,51.0,61.0,voiture,voiture,1,1,1,1,1
202000029032,2020-04-02 06:45:00,2020,4,2,6,45,973,97304,Route Degrad Saramaca,5.1506852,-52.6980107,Plein jour,Hors agglomération,Hors intersection,Pluie légère,Autre collision,4,2,2,0,1,3,2,0,3,70,1,1,0,0,1,0,26.0,,voiture,,1,1,1,2,6
202000029033,2020-04-02 15:00:00,2020,4,2,15,0,78,78668,D89,49.023459,1.521576,Plein jour,Hors agglomération,Autre intersection,Normale,Sans collision,3,2,2,0,1,1,1,0,8,80,1,1,0,0,1,0,55.0,,voiture,,1,1,9,1,7
202000029034,2020-04-03 15:00:00,2020,4,3,15,0,83,83151,Dn7 pr 43810,43.4367741,6.1603666,Crépuscule ou aube,Hors agglomération,Hors intersection,Normale,Autre collision,3,2,2,0,1,1,1,0,3,80,1,1,0,1,0,0,45.0,,deux_roues,,2,1,1,1,6
202000029035,2020-04-01 18:30:00,2020,4,1,18,30,67,67411,D604,48.4906018,7.4346895,Plein jour,Hors agglomération,Hors intersection,Normale,Autre collision,3,2,2,0,2,3,1,0,3,80,1,1,0,0,1,0,37.0,,voiture,,1,1,1,1,6
202000029036,2020-04-03 11:50:00,2020,4,3,11,50,50,50409,N174,49.169158,-1.153592,Plein jour,Hors agglomération,Hors intersection,Normale,Sans collision,2,3,4,0,1,1,1,0,1,110,1,1,0,0,0,1,39.0,,deux_roues,,1,1,1,1,7
202000029037,2020-04-02 05:45:00,2020,4,2,5,45,14,14127,Lieu Dit la Bucaille,48.90643,-0.924643,Nuit sans éclairage public,Hors agglomération,Hors intersection,Normale,Autre collision,4,2,2,0,1,3,1,0,1,80,1,2,1,1,0,0,20.0,,voiture,,3,1,1,1,6
202000029038,2020-04-01 15:24:00,2020,4,1,15,24,13,13055,A507 sens Aubagne- Marseille,43.330106,5.397218,Plein jour,Hors agglomération,Hors intersection,Normale,Deux véhicules - arrière,1,1,3,0,2,1,1,1,1,70,2,2,0,0,0,2,35.0,35.0,voiture,utilitaire_camion,1,1,1,1,2
202000029039,2020-04-02 06:30:00,2020,4,2,6,30,69,69072,M6  ,45.8210138,4.7646815,Crépuscule ou aube,Hors agglomération,Hors intersection,Normale,Deux véhicules - arrière,7,3,2,0,1,1,1,0,1,70,2,3,1,0,0,2,28.0,35.0,voiture,voiture,2,1,1,1,2
202000029040,2020-04-01 22:20:00,2020,4,1,22,20,33,33162,ROCADE A 630,44.86679,-0.65125,Nuit sans éclairage public,Hors agglomération,Hors intersection,Normale,Sans collision,1,1,2,0,2,3,2,3,1,80,1,1,0,0,0,1,25.0,,voiture,,3,1,1,1,7
202000029041,2020-04-02 09:00:00,2020,4,2,9,0,78,78206,A13,48.96833,1.91789,Plein jour,Hors agglomération,Hors intersection,Normale,Deux véhicules - arrière,1,3,3,0,2,1,1,0,1,130,2,2,1,0,0,1,24.0,34.0,voiture,utilitaire_camion,1,1,1,1,2
202000029042,2020-04-02 21:20:00,2020,4,2,21,20,93,93066,AUTOROUTE A1,48.93095,2.36931,Nuit sans éclairage public,Hors agglomération,Hors intersection,Normale,Autre collision,1,1,2,0,1,2,1,0,1,70,1,1,0,0,0,1,41.0,,voiture,,3,1,1,1,6
202000029043,2020-04-01 18:30:00,2020,4,1,18,30,973,97302,ROUTE NATIONALE 1,4.9093123,-52.3239112,Nuit avec éclairage non allumé,Hors agglomération,Hors intersection,Normale,Deux véhicules - côté,2,3,4,0,1,2,1,0,1,50,2,2,1,0,0,1,66.0,34.0,voiture,deux_roues,4,1,1,1,3
202000029044,2020-04-01 13:20:00,2020,4,1,13,20,69,69259,NORBERT KUGLER                      (R ),45.70611,4.87778,Plein jour,En agglomération,Intersection en X,Normale,Deux véhicules - frontale,4,2,5,0,1,1,1,0,1,50,2,2,1,0,0,1,19.0,25.0,voiture,utilitaire_camion,1,2,2,1,1
202000029045,2020-03-31 05:15:00,2020,3,31,5,15,972,97209,BEAUSEJOUR JAMBETTE (ROUTE DE ),14.6267,-61.0404,Nuit avec éclairage allumé,En agglomération,Giratoire,Normale,Sans collision,3,2,1,0,1,1,1,0,1,50,1,1,0,0,0,1,,,,,5,2,6,1,7
202000029046,2020-08-04 02:25:00,2020,8,4,2,25,972,97213,Z I LES MANGLES,14.6166271,-61.0172367,Nuit avec éclairage allumé,Hors agglomération,Hors intersection,Normale,Autre collision,9,2,2,0,1,1,1,0,1,50,1,1,0,0,0,1,,,,,5,1,1,1,6
202000029047,2020-08-03 11:15:00,2020,8,3,11,15,972,97209,RD 41 (ROCADE),14.61461,-61.06271,Plein jour,Hors agglomération,Hors intersection,Normale,Deux véhicules - arrière,3,3,4,0,2,1,1,1,1,60,2,3,2,0,0,1,46.0,,voiture,voiture,1,1,1,1,2
202000029048,2020-08-03 00:05:00,2020,8,3,0,5,971,97113,RN4-ROND POINT SAINT FELIX,16.2073394,-61.4566237,Nuit avec éclairage allumé,Hors agglomération,Autre intersection,Normale,Deux véhicules - côté,2,3,2,0,1,1,1,9,2,70,2,2,1,0,1,0,26.0,42.0,voiture,deux_roues,5,1,9,1,3
202000029049,2020-08-03 20:50:00,2020,8,3,20,50,95,95680,JULIEN  BOURSIER (RUE),49.0085371,2.3883015,Plein jour,En agglomération,Autre intersection,Normale,Deux véhicules - côté,3,1,1,0,1,1,1,0,1,30,2,1,0,0,1,0,14.0,,deux_roues,,1,2,9,1,3
202000029050,2020-08-03 18:15:00,2020,8,3,18,15,91,91457,RURAL N°22 (CHEMIN),48.583,2.26,Plein jour,En agglomération,Intersection en T,Normale,Deux véhicules - côté,4,-1,2,1,1,1,1,0,5,50,2,2,1,0,0,1,17.0,55.0,deux_roues,deux_roues,1,2,3,1,3
202000029051,2020-08-03 10:35:00,2020,8,3,10,35,88,88424,AVENUE DU GENERAL DE GAULLE,48.2709,6.9727,Plein jour,En agglomération,Hors intersection,Normale,,3,2,2,0,1,1,1,0,1,50,2,2,1,0,1,0,53.0,81.0,voiture,deux_roues,1,2,1,1,-1
202000029052,2020-08-02 20:49:00,2020,8,2,20,49,87,87085,RD941 (OUEST),45.83472,1.21815,Plein jour,Hors agglomération,Hors intersection,Normale,Autre collision,3,3,4,0,2,1,1,0,1,110,1,2,0,0,1,1,30.0,,voiture,,1,1,1,1,6
202000029053,2020-08-04 00:05:00,2020,8,4,0,5,86,86194,Avenue John Kennedy,46.58216,0.3679,Nuit avec éclairage allumé,En agglomération,Intersection en X,Normale,Deux véhicules - côté,3,3,5,0,1,1,1,0,1,50,2,4,3,0,0,1,46.0,18.0,utilitaire_camion,voiture,5,2,2,1,3
202000029054,2020-08-02 19:55:00,2020,8,2,19,55,80,80021,PIERRE ROLLIN (RUE),49.87637,2.31342,Plein jour,En agglomération,Hors intersection,Normale,Autre collision,4,2,3,0,1,1,1,0,1,50,1,2,1,0,0,1,27.0,,utilitaire_camion,,1,2,1,1,6
202000029055,2020-07-31 16:10:00,2020,7,31,16,10,80,80021,JULES BARNI (RUE),49.886972,2.316098,Plein jour,Hors agglomération,Hors intersection,Normale,Deux véhicules - côté,4,2,5,0,3,1,1,0,1,50,2,2,1,0,0,1,20.0,49.0,deux_roues,voiture,1,1,1,1,3
202000029056,2020-07-31 14:23:00,2020,7,31,14,23,80,80021,ALEXANDRE DUMAS (RUE),49.87098,2.30453,Plein jour,En agglomération,Hors intersection,Normale,Autre collision,4,2,2,0,1,1,1,0,1,50,1,2,1,0,0,1,57.0,,deux_roues,,1,2,1,1,6
202000029057,2020-07-12 17:14:00,2020,7,12,17,14,80,80001,GENERAL LECLERC (du),50.10851,1.83972,Plein jour,En agglomération,Hors intersection,Normale,Deux véhicules - arrière,3,2,2,0,4,1,1,0,1,50,2,2,1,0,1,0,56.0,49.0,deux_roues,deux_roues,1,2,1,1,2
202000029058,2020-08-05 22:50:00,2020,8,5,22,50,78,78401,MAURICE BERTEAUX (RUE),49.004322,1.906843,Nuit avec éclairage allumé,En agglomération,Intersection en X,Normale,Deux véhicules - côté,3,2,-1,-1,1,1,1,5,1,-1,2,3,2,0,0,1,21.0,31.0,voiture,voiture,5,2,2,1,3
202000029059,2020-08-04 12:10:00,2020,8,4,12,10,76,76498,ALLIES. AVENUE DES,49.42255,1.05335,Plein jour,En agglomération,Hors intersection,Normale,Deux véhicules - arrière,3,2,2,0,1,1,1,-1,1,50,2,4,3,0,0,1,48.0,39.0,voiture,voiture,1,2,1,1,2
202000029060,2020-08-01 05:25:00,2020,8,1,5,25,76,76351,CHANTIERS (DES),49.48519,0.16326,Nuit avec éclairage allumé,En agglomération,Intersection en X,Normale,Autre collision,4,2,2,0,1,2,1,0,1,50,1,2,0,0,0,2,20.0,,voiture,,5,2,2,1,6
202000029061,2020-08-04 06:30:00,2020,8,4,6,30,72,72181,PREFORTIER (RUE DU),48.00391,0.17182,Plein jour,En agglomération,Intersection en Y,Normale,Deux véhicules - côté,4,1,1,0,1,1,1,0,1,50,2,2,1,0,1,0,56.0,18.0,voiture,deux_roues,1,2,4,1,3
202000029062,2020-08-04 17:26:00,2020,8,4,17,26,69,69266,NICOLAS GARNIER  (Rue),45.753945,4.9134466,Plein jour,En agglomération,Intersection en X,Normale,Deux véhicules - côté,4,2,2,0,1,1,1,0,1,50,2,8,6,0,0,2,29.0,36.0,voiture,voiture,1,2,2,1,3
202000029063,2020-08-03 23:25:00,2020,8,3,23,25,69,69275,Route Départementale 55,45.78176,4.94813,Nuit sans éclairage public,Hors agglomération,Hors intersection,Normale,Deux véhicules - frontale,3,2,2,0,1,3,1,0,1,70,2,3,0,1,1,1,22.0,24.0,voiture,voiture,3,1,1,1,1
202000029064,2020-08-04 12:05:00,2020,8,4,12,5,64,64445,LEON BLUM,43.319889,-0.328078,Plein jour,En agglomération,Hors intersection,Normale,Deux véhicules - côté,4,2,4,1,1,1,1,0,1,50,2,3,2,0,0,1,62.0,68.0,transport_commun,utilitaire_camion,1,2,1,1,3
202000029065,2020-08-03 07:05:00,2020,8,3,7,5,62,62457,GARE (RUE DE LA),50.453515,2.533231,Plein jour,En agglomération,Autre intersection,Normale,Deux véhicules - côté,3,2,0,0,1,1,1,0,1,50,2,2,1,0,0,1,16.0,36.0,deux_roues,voiture,1,2,9,1,3
202000029066,2020-07-30 17:40:00,2020,7,30,17,40,62,62178,VERDUN,50.48611,2.56182,Plein jour,En agglomération,Hors intersection,Normale,Sans collision,3,2,2,0,1,1,1,0,1,50,1,1,0,0,1,0,14.0,,deux_roues,,1,2,1,1,7
202000029067,2020-08-04 19:30:00,2020,8,4,19,30,59,59512,NATION (PLACE DE LA),50.69981,3.182724,Plein jour,En agglomération,Hors intersection,Normale,Autre collision,4,1,0,0,1,1,1,0,1,50,1,2,1,0,1,0,45.0,,voiture,,1,2,1,1,6
202000029068,2020-08-04 08:55:00,2020,8,4,8,55,59,59350,STRASBOURG BOULEVARD,50.6180404,3.0523398,Plein jour,En agglomération,Autre intersection,Temps éblouissant,Autre collision,7,2,2,1,1,1,1,0,1,50,1,2,1,1,0,0,33.0,,utilitaire_camion,,1,2,9,7,6
202000029069,2020-07-22 05:00:00,2020,7,22,5,0,59,59368,REPUBLIQUE AVENUE DE LA,50.6503405,3.0801043,Nuit avec éclairage allumé,En agglomération,Autre intersection,Normale,Deux véhicules - arrière,7,1,8,0,1,1,1,1,1,70,2,2,0,0,0,2,31.0,54.0,voiture,voiture,5,2,9,1,2
202000029070,2020-07-19 01:25:00,2020,7,19,1,25,59,59009,"D.6, route express",50.6507,3.1672,Nuit avec éclairage allumé,Hors agglomération,Giratoire,Normale,Deux véhicules - côté,7,1,2,0,1,1,1,0,1,50,2,4,2,0,0,2,55.0,44.0,utilitaire_camion,utilitaire_camion,5,1,6,1,3
202000029071,2020-08-02 16:25:00,2020,8,2,16,25,59,59178,HAYEZ (BOULEVARD PAUL),50.36392,3.0846,Plein jour,En agglomération,Hors intersection,Temps éblouissant,Autre collision,3,1,4,0,1,1,1,0,1,50,1,3,2,0,0,1,52.0,,voiture,,1,2,1,7,6
202000029072,2020-08-02 08:00:00,2020,8,2,8,0,59,59654,PONT DES HOUILLERES,50.38197,3.10098,Plein jour,En agglomération,Hors intersection,Normale,Deux véhicules - frontale,3,2,2,0,2,1,1,2,1,50,2,2,1,0,0,1,24.0,57.0,voiture,voiture,1,2,1,1,1
202000029073,2020-08-01 05:30:00,2020,8,1,5,30,59,59486,BOIS (RUE DU),50.43483,3.1446,Crépuscule ou aube,En agglomération,Hors intersection,Normale,Autre collision,4,2,2,0,1,3,1,0,4,50,1,1,0,0,1,0,15.0,,deux_roues,,2,2,1,1,6
202000029074,2020-08-03 17:00:00,2020,8,3,17,0,56,56162,Chemin du Talud,47.70249,-3.44476,Plein jour,En agglomération,Intersection en T,Normale,Deux véhicules - côté,4,2,2,0,1,1,1,0,1,50,2,2,1,0,0,1,21.0,23.0,voiture,voiture,1,2,3,1,3
202000029075,2020-08-02 01:55:00,2020,8,2,1,55,56,56094,Kernours,47.76321,-3.2971,Nuit avec éclairage allumé,En agglomération,Hors intersection,Normale,Deux véhicules - arrière,3,2,2,0,2,1,1,0,1,50,2,1,0,0,0,1,18.0,,deux_roues,,5,2,1,1,2
202000029076,2020-08-01 18:40:00,2020,8,1,18,40,56,56162,SAINT BIEUZY (RUE DE),47.73371,-3.43047,Plein jour,En agglomération,Intersection en T,Normale,Trois véhicules et plus - collisions multiples,4,2,2,0,1,1,1,0,1,50,3,4,1,0,0,3,70.0,22.0,voiture,voiture,1,2,3,1,5
202000029077,2020-08-03 17:15:00,2020,8,3,17,15,54,54371,REPUBLIQUE (AVENUE DE LA),49.204334,5.946256,Plein jour,Hors agglomération,Intersection en T,Normale,Deux véhicules - côté,3,2,2,0,1,1,1,0,1,50,2,6,5,0,0,1,66.0,29.0,voiture,voiture,1,1,3,1,3
202000029078,2020-08-04 15:50:00,2020,8,4,15,50,51,51454,Route de Witry,49.2698078,4.07278,Plein jour,En agglomération,Hors intersection,Normale,Deux véhicules - arrière,3,3,2,0,1,1,1,9,1,50,2,2,1,0,0,1,39.0,39.0,voiture,voiture,1,2,1,1,2
202000029079,2020-08-03 08:10:00,2020,8,3,8,10,50,50602,BREQUECAL (RUE DE),49.62702,-1.54909,Plein jour,Hors agglomération,Intersection en T,Normale,Sans collision,3,2,1,0,2,2,1,0,1,80,1,1,0,0,1,0,34.0,,deux_roues,,1,1,3,1,7
202000029080,2020-08-04 16:55:00,2020,8,4,16,55,46,46042,FONRODENQUE (RUE DE),44.432732,1.456409,Plein jour,En agglomération,Intersection en T,Normale,Deux véhicules - frontale,3,2,2,0,1,1,1,0,1,50,2,2,1,1,0,0,23.0,44.0,voiture,deux_roues,1,2,3,1,1
202000029081,2020-08-04 12:15:00,2020,8,4,12,15,43,43157,10 Boulevard Marechal Joffre,45.0472,3.89276,Plein jour,En agglomération,Hors intersection,Normale,Deux véhicules - côté,2,2,3,0,1,1,1,0,1,50,2,2,1,0,1,0,28.0,27.0,voiture,deux_roues,1,2,1,1,3
202000029082,2020-08-04 15:00:00,2020,8,4,15,0,41,41269,VERRIER (RUE DU COMMANDANT),47.798743,1.063118,Plein jour,En agglomération,Hors intersection,Normale,Deux véhicules - frontale,4,2,2,0,1,2,1,0,1,30,2,2,1,0,0,1,18.0,73.0,deux_roues,utilitaire_camion,1,2,1,1,1
202000029083,2020-08-02 15:20:00,2020,8,2,15,20,38,38169,Avenue Jean Jaurès,45.1891,5.69726,Plein jour,En agglomération,Intersection en X,Normale,Deux véhicules - côté,3,2,2,0,2,1,1,0,6,50,2,5,0,0,0,5,27.0,18.0,voiture,voiture,1,2,2,1,3
202000029084,2020-08-04 14:15:00,2020,8,4,14,15,35,35238,ALMA (DE L'),48.10439,-1.67741,Plein jour,En agglomération,Giratoire,Normale,Deux véhicules - arrière,4,3,2,1,2,1,1,5,1,50,2,2,1,0,0,1,29.0,53.0,deux_roues,voiture,1,2,6,1,2
202000029085,2020-08-03 18:35:00,2020,8,3,18,35,34,34336,BEREGOVOY (AVENUE PIERRE),43.32355,3.26289,Plein jour,En agglomération,Hors intersection,Normale,Deux véhicules - côté,3,2,2,0,1,1,1,0,1,50,2,3,1,0,1,1,68.0,14.0,voiture,deux_roues,1,2,1,1,3
202000029086,2020-08-04 13:50:00,2020,8,4,13,50,34,34003,RD612,43.29462,3.50438,Plein jour,Hors agglomération,Hors intersection,Normale,Deux véhicules - côté,3,3,1,0,2,3,1,0,1,90,2,2,1,0,1,0,21.0,62.0,deux_roues,voiture,1,1,1,1,3
202000029087,2020-07-31 01:20:00,2020,7,31,1,20,33,33063,QUAI DES CHARTRONS,44.84868,-0.57042,Nuit avec éclairage allumé,En agglomération,Autre intersection,Normale,Autre collision,4,3,7,2,1,1,1,0,1,50,1,2,1,0,0,1,27.0,,voiture,,5,2,9,1,6
202000029088,2020-08-03 15:00:00,2020,8,3,15,0,31,31555,AV JEAN RIEUX,43.59833,1.45678,Plein jour,En agglomération,Hors intersection,Normale,,4,2,2,0,2,1,1,0,1,50,2,3,1,0,0,2,44.0,50.0,utilitaire_camion,deux_roues,1,2,1,1,-1
202000029089,2020-08-04 15:07:00,2020,8,4,15,7,30,30189,BEAUCAIRE (ROUTE),43.8333,4.4258,Plein jour,Hors agglomération,Giratoire,Normale,Deux véhicules - côté,3,2,2,0,1,1,1,0,1,50,2,2,1,0,1,0,36.0,22.0,deux_roues,voiture,1,1,6,1,3
202000029090,2020-08-04 20:10:00,2020,8,4,20,10,30,30007,MONGE (AVENUE),44.1457,4.1011,Plein jour,En agglomération,Hors intersection,Normale,Deux véhicules - arrière,3,3,2,0,1,1,1,0,1,70,2,3,2,0,1,0,22.0,56.0,voiture,deux_roues,1,2,1,1,2
202000029091,2020-07-27 09:10:00,2020,7,27,9,10,22,22278,MONGE,48.50222,-2.73848,Plein jour,En agglomération,Hors intersection,Normale,Autre collision,3,2,4,0,1,1,1,0,1,50,1,2,1,0,0,1,31.0,,voiture,,1,2,1,1,6
202000029092,2020-07-30 11:10:00,2020,7,30,11,10,17,17461,ROYAN (DE),45.64421,-1.05325,Plein jour,En agglomération,Autre intersection,Normale,Deux véhicules - frontale,4,2,2,0,1,1,1,0,1,50,2,2,1,0,0,1,81.0,65.0,deux_roues,voiture,1,2,9,1,1
202000029093,2020-08-03 20:05:00,2020,8,3,20,5,17,17461,ROCHE (DE LA),45.64892,-1.04725,Plein jour,En agglomération,Giratoire,Normale,Deux véhicules - côté,4,2,2,0,1,1,1,5,1,50,2,1,0,0,0,1,53.0,,deux_roues,,1,2,6,1,3
202000029094,2020-08-04 11:45:00,2020,8,4,11,45,17,17028,GRASSET   AVENUE EDMOND,46.134869,-1.120456,Plein jour,En agglomération,Giratoire,Normale,Deux véhicules - côté,4,1,2,0,1,3,1,0,1,30,2,2,1,0,0,1,19.0,19.0,voiture,deux_roues,1,2,6,1,3
202000029095,2020-08-03 18:24:00,2020,8,3,18,24,17,17200,RN237,46.1814721,-1.141178,Plein jour,Hors agglomération,Hors intersection,Normale,Deux véhicules - arrière,2,3,2,0,1,1,1,0,1,90,2,5,3,0,0,2,53.0,38.0,voiture,voiture,1,1,1,1,2
202000029096,2020-08-04 17:50:00,2020,8,4,17,50,14,14243,CD 579,49.39978,0.217524,Plein jour,Hors agglomération,Hors intersection,Normale,Sans collision,3,2,2,3,2,3,1,0,3,70,1,1,0,0,1,0,55.0,,voiture,,1,1,1,1,7
202000029097,2020-08-04 16:40:00,2020,8,4,16,40,14,14437,EMILE ZOLA (RUE),49.1727,-0.32096,Plein jour,En agglomération,Hors intersection,Normale,Deux véhicules - côté,4,2,2,0,1,1,1,0,1,50,2,2,1,0,0,1,38.0,57.0,voiture,deux_roues,1,2,1,1,3
202000029098,2020-08-02 04:40:00,2020,8,2,4,40,14,14327,GAULLE (AVENUE DU GENERAL DE),49.2106,-0.34469,Nuit sans éclairage public,Hors agglomération,Hors intersection,Normale,Autre collision,3,3,4,0,1,1,1,0,1,90,1,2,1,1,0,0,23.0,,voiture,,3,1,1,1,6
202000029099,2020-08-04 07:00:00,2020,8,4,7,0,13,13056,REVEILLA,43.42381,5.02182,Plein jour,En agglomération,Hors intersection,Normale,Deux véhicules - côté,4,-1,2,0,2,1,1,0,1,50,2,2,1,0,0,1,51.0,21.0,voiture,voiture,1,2,1,1,3
202000029100,2020-08-03 13:10:00,2020,8,3,13,10,13,13214,SAINTE MARTHE (chemin),43.329492,5.388156,Plein jour,En agglomération,Giratoire,Normale,Deux véhicules - côté,4,3,2,0,1,1,1,0,1,50,2,3,2,0,0,1,59.0,28.0,deux_roues,voiture,1,2,6,1,3
202000029101,2020-08-03 11:05:00,2020,8,3,11,5,13,13210,PAUL CLAUDEL (BOULEVARD),43.269,5.42,Plein jour,En agglomération,Autre intersection,Normale,Deux véhicules - côté,4,3,4,0,1,1,1,0,1,50,2,2,1,0,0,1,26.0,57.0,voiture,voiture,1,2,9,1,3
202000029102,2020-08-03 08:40:00,2020,8,3,8,40,13,13206,LIEUTAUD (COURS),43.2891959,5.3840622,Plein jour,En agglomération,Hors intersection,Normale,Deux véhicules - arrière,4,2,2,0,1,1,1,0,1,50,2,1,0,0,0,1,43.0,,voiture,,1,2,1,1,2