accident_id,datetime,annee,mois,jour,heure,minute,departement,commune_insee,adresse,latitude,longitude,luminosite,agglomeration,intersection,meteo,collision,catr,circ,nbv,vosp,prof,plan,surf,infra,situ,vma,nb_vehicules,nb_usagers,nb_indemnes,nb_tues,nb_blesses_hosp,nb_blesses_legers,age_cond_1,age_cond_2,veh_type_cond_1,veh_type_cond_2,lum_code,agg_code,int_code,atm_code,col_code
202000029196,2020-07-31 18:35:00,2020,7,31,18,35,92,92064,A13,48.8397154,2.2007579,Plein jour,Hors agglomération,Hors intersection,Normale,Deux véhicules - côté,1,1,3,0,2,1,1,1,1,70,2,3,1,0,0,2,29.0,63.0,voiture,deux_roues,1,1,1,1,3
202000029197,2020-08-03 19:30:00,2020,8,3,19,30,92,92078,AUTOROUTE A86,48.92917,2.3297,Plein jour,Hors agglomération,Hors intersection,Normale,Trois véhicules et plus - en chaîne,1,3,7,0,1,2,1,1,1,90,4,4,2,0,0,2,21.0,23.0,voiture,voiture,1,1,1,1,4
202000029198,2020-08-04 07:30:00,2020,8,4,7,30,94,94046,A86 INT,48.808614,2.4487946,Plein jour,Hors agglomération,Hors intersection,Normale,Deux véhicules - côté,1,-1,5,0,1,1,1,0,1,90,2,2,1,0,0,1,46.0,30.0,utilitaire_camion,voiture,1,1,1,1,3
202000029199,2020-05-07 13:55:00,2020,5,7,13,55,02,02738,GAMBETTA (BOULEVARD),49.65243,3.28681,Plein jour,En agglomération,Hors intersection,Temps éblouissant,Autre collision,4,2,2,0,1,1,1,0,6,50,1,2,1,0,0,1,59.0,,deux_roues,,1,2,1,7,6
202000029200,2020-02-18 19:30:00,2020,2,18,19,30,02,02304,REPUBLIQUE,49.662362,3.365822,Nuit avec éclairage allumé,En agglomération,Giratoire,Pluie légère,Autre collision,7,2,2,0,1,1,2,5,1,50,1,2,1,0,1,0,53.0,,voiture,,5,2,6,2,6
202000029201,2020-08-02 22:25:00,2020,8,2,22,25,974,97416,Chemin Maurice Thorez,-21.274139,55.47188,Nuit sans éclairage public,Hors agglomération,Hors intersection,Normale,Autre collision,3,2,2,0,1,2,1,0,3,80,1,2,0,0,0,2,35.0,,utilitaire_camion,,3,1,1,1,6
202000029202,2020-08-03 22:00:00,2020,8,3,22,0,974,97407,20 DECEMBRE 1948(AVENUE DU),-20.93873,55.29835,Nuit sans éclairage public,En agglomération,Hors intersection,Normale,Deux véhicules - côté,4,2,2,0,1,1,1,0,1,50,2,2,1,0,0,1,22.0,17.0,voiture,deux_roues,3,2,1,1,3
202000029203,2020-08-03 07:35:00,2020,8,3,7,35,973,97302,CABASSOU (ROUTE DE),4.9199161,-52.3195446,Plein jour,En agglomération,Intersection en T,Normale,Deux véhicules - côté,3,2,1,2,1,1,1,0,1,50,2,2,1,0,0,1,23.0,33.0,voiture,deux_roues,1,2,3,1,3
202000029204,2020-08-03 23:10:00,2020,8,3,23,10,69,69387,JEAN JAURES                         (AV),45.73966,4.83861,Nuit avec éclairage allumé,En agglomération,Hors intersection,Normale,Sans collision,4,2,4,1,1,1,1,8,1,30,1,1,0,0,0,1,46.0,,deux_roues,,5,2,1,1,7
202000029205,2020-08-03 16:45:00,2020,8,3,16,45,69,69259,AMBROISE CROIZAT                    (BD),45.69911,4.88781,Plein jour,En agglomération,Hors intersection,Normale,Autre collision,4,-1,0,0,1,1,1,0,4,50,1,2,1,0,0,1,,,,,1,2,1,1,6
202000029206,2020-07-31 15:40:00,2020,7,31,15,40,69,69386,THIERS                              (AV),45.76631,4.86169,Plein jour,En agglomération,Autre intersection,Normale,Deux véhicules - côté,4,2,4,0,1,1,1,0,1,50,2,2,1,0,0,1,25.0,25.0,voiture,voiture,1,2,9,1,3
202000029207,2020-08-02 19:35:00,2020,8,2,19,35,972,97213,ROUTE DEPARTEMENTALE 15,14.615,-61.036,Nuit avec éclairage allumé,Hors agglomération,Hors intersection,Normale,Deux véhicules - frontale,3,2,2,0,2,1,1,0,1,50,2,2,1,1,0,0,66.0,46.0,voiture,deux_roues,5,1,1,1,1
202000029208,2020-08-01 21:00:00,2020,8,1,21,0,971,97120,VATABLE,16.23678,-61.53217,Nuit avec éclairage allumé,En agglomération,Autre intersection,Normale,Deux véhicules - côté,4,1,1,0,1,1,1,0,1,50,2,2,1,0,0,1,24.0,51.0,voiture,voiture,5,2,9,1,3
202000029209,2020-08-03 13:00:00,2020,8,3,13,0,95,95585,RUE DU HUIT MAI 1945,48.97781,2.36994,Plein jour,En agglomération,Hors intersection,Normale,Deux véhicules - côté,4,3,2,0,1,1,1,9,1,50,2,2,1,0,0,1,23.0,20.0,deux_roues,voiture,1,2,1,1,3
202000029210,2020-08-03 22:55:00,2020,8,3,22,55,91,91286,ENCLOS (RUE DES),48.65442,2.3735,Nuit avec éclairage allumé,En agglomération,Intersection en X,Normale,Deux véhicules - côté,7,2,2,3,1,1,1,9,1,50,2,4,1,0,0,3,21.0,21.0,voiture,voiture,5,2,2,1,3
202000029211,2020-08-02 12:27:00,2020,8,2,12,27,87,87085,GIFFARD (RUE HENRI),45.88581,1.26667,Plein jour,En agglomération,Intersection en T,Normale,Trois véhicules et plus - collisions multiples,4,2,2,0,1,2,1,0,1,50,3,3,2,0,0,1,47.0,48.0,deux_roues,deux_roues,1,2,3,1,5
202000029212,2020-07-31 09:40:00,2020,7,31,9,40,83,83129,MER (AVENUE DE LA) N° PAIRS,43.0962,5.8312,Plein jour,En agglomération,Intersection en T,Normale,Deux véhicules - côté,3,2,2,0,1,1,1,0,1,50,2,2,1,0,1,0,33.0,15.0,utilitaire_camion,deux_roues,1,2,3,1,3
202000029213,2020-07-14 19:57:00,2020,7,14,19,57,79,79081,183 Boulevard des Tilleuls,46.35644,-0.38823,Plein jour,En agglomération,Hors intersection,Normale,Trois véhicules et plus - collisions multiples,4,2,2,0,1,1,1,9,1,30,3,4,1,0,0,3,23.0,24.0,deux_roues,deux_roues,1,2,1,1,5
202000029214,2020-08-01 12:40:00,2020,8,1,12,40,78,78133,MUR DU PARC (DU),48.9092,2.0368,Plein jour,En agglomération,Hors intersection,Normale,Deux véhicules - frontale,6,-1,0,0,1,1,1,0,1,50,2,2,0,0,0,2,21.0,19.0,voiture,voiture,1,2,1,1,1
202000029215,2020-08-03 13:55:00,2020,8,3,13,55,77,77407,FONTAINEBLEAU(AVENUE DE) - D607,48.52948,2.5453,Plein jour,En agglomération,Hors intersection,Normale,Deux véhicules - arrière,3,2,3,0,1,1,1,0,1,50,2,3,1,0,1,1,18.0,20.0,deux_roues,voiture,1,2,1,1,2
202000029216,2020-07-06 00:10:00,2020,7,6,0,10,77,77186,D606 de l'obélisque à limite MORET,48.379884,2.777883,Nuit sans éclairage public,Hors agglomération,Hors intersection,Normale,Deux véhicules - arrière,3,3,4,0,1,1,1,5,1,70,2,2,1,0,0,1,64.0,39.0,voiture,voiture,3,1,1,1,2
202000029217,2020-08-03 23:40:00,2020,8,3,23,40,77,77070,D37,48.7982997,3.1236897,Nuit sans éclairage public,Hors agglomération,Hors intersection,Normale,Autre collision,3,2,2,0,2,2,1,0,1,80,1,1,0,0,1,0,37.0,,deux_roues,,3,1,1,1,6
202000029218,2020-08-01 12:00:00,2020,8,1,12,0,76,76682,VILLAGE RUE DU,49.3199634,1.1056633,Plein jour,Hors agglomération,Hors intersection,Normale,Sans collision,3,2,2,0,2,3,1,0,1,70,1,1,0,0,0,1,27.0,,deux_roues,,1,1,1,1,7
202000029219,2020-08-03 15:20:00,2020,8,3,15,20,69,69091,PAIX (DE LA) ( R ),45.5826938,4.743383,Plein jour,En agglomération,Hors intersection,Normale,Autre collision,4,2,2,1,1,1,1,0,1,50,1,2,1,0,1,0,32.0,,utilitaire_camion,,1,2,1,1,6
202000029220,2020-08-03 13:45:00,2020,8,3,13,45,64,64122,MAC CROSKEY ( AVENUE DU GENERAL),43.4926,-1.54734,Plein jour,En agglomération,Hors intersection,Normale,Sans collision,4,-1,2,0,1,3,1,0,1,50,1,1,0,0,0,1,23.0,,deux_roues,,1,2,1,1,7
202000029221,2020-08-03 18:05:00,2020,8,3,18,5,64,64024,ADOUR (AVENUE DE L'),43.51611,-1.50157,Plein jour,En agglomération,Hors intersection,Normale,Deux véhicules - frontale,4,2,2,0,1,1,1,0,1,30,2,2,1,0,0,1,50.0,15.0,voiture,deux_roues,1,2,1,1,1
202000029222,2020-08-03 16:15:00,2020,8,3,16,15,64,64102,MOULINE DE BACHEFORES (CHEMIN DU),43.49753,-1.4275,Plein jour,En agglomération,Hors intersection,Normale,Deux véhicules - frontale,4,2,2,0,1,3,1,0,1,30,2,2,1,0,0,1,19.0,29.0,voiture,utilitaire_camion,1,2,1,1,1
202000029223,2020-07-30 07:45:00,2020,7,30,7,45,62,62764,FORGE AU FER ( DE LA ),50.30119,2.786587,Plein jour,En agglomération,Giratoire,Temps éblouissant,Autre collision,3,2,1,0,1,1,1,0,1,50,1,2,1,0,1,0,53.0,,voiture,,1,2,6,7,6
202000029224,2020-08-01 18:45:00,2020,8,1,18,45,49,49007,ROE,47.47352,-0.55399,Plein jour,En agglomération,Hors intersection,Normale,Deux véhicules - côté,4,2,2,0,1,1,1,0,1,60,2,2,1,0,1,0,24.0,26.0,deux_roues,transport_commun,1,2,1,1,3
202000029225,2020-07-30 20:05:00,2020,7,30,20,5,49,49246,BOUTIN DES VIGNES,47.43781,-0.5283,Plein jour,En agglomération,Hors intersection,Normale,Deux véhicules - côté,4,2,2,0,1,1,1,0,1,50,2,2,0,0,0,2,42.0,18.0,voiture,voiture,1,2,1,1,3
202000029226,2020-07-31 15:37:00,2020,7,31,15,37,47,47031,Avenue de Bigorre,44.1775461,0.6350857,Plein jour,Hors agglomération,Hors intersection,Normale,Deux véhicules - côté,3,3,4,0,1,1,1,0,1,50,2,2,1,0,0,1,35.0,51.0,deux_roues,voiture,1,1,1,1,3
202000029227,2020-07-31 17:45:00,2020,7,31,17,45,38,38382,A48,45.2195,5.67399,Plein jour,Hors agglomération,Hors intersection,Normale,Trois véhicules et plus - en chaîne,1,1,4,3,1,1,1,0,1,90,3,3,2,0,0,1,57.0,40.0,utilitaire_camion,voiture,1,1,1,1,4
202000029228,2020-08-03 18:30:00,2020,8,3,18,30,37,37261,BOYER (RUE LEON),47.3911909,0.6735659,Plein jour,En agglomération,Intersection en X,Normale,Deux véhicules - côté,4,2,2,0,1,1,1,0,1,50,2,2,1,0,0,1,30.0,71.0,deux_roues,voiture,1,2,2,1,3
202000029229,2020-08-03 08:40:00,2020,8,3,8,40,33,33063,RUE DE LALANDE / RUE DE LA MISERICORDE,44.83239,-0.57513,Plein jour,En agglomération,Intersection en X,Normale,Deux véhicules - côté,4,1,1,0,1,1,1,0,8,30,2,2,1,0,1,0,42.0,47.0,deux_roues,voiture,1,2,2,1,3
202000029230,2020-08-01 11:10:00,2020,8,1,11,10,31,31555,AV CAMILLE PUJOL,43.6007528,1.4629921,Plein jour,En agglomération,Hors intersection,Normale,Trois véhicules et plus - en chaîne,3,2,2,0,1,1,1,0,1,50,3,3,2,0,0,1,46.0,21.0,voiture,voiture,1,2,1,1,4
202000029231,2020-07-31 14:10:00,2020,7,31,14,10,31,31555,AV PAUL SEJOURNE,43.60595,1.42808,Plein jour,En agglomération,Hors intersection,Normale,Deux véhicules - côté,4,2,4,1,2,1,1,0,1,50,2,3,1,0,0,2,35.0,65.0,deux_roues,voiture,1,2,1,1,3
202000029232,2020-08-02 01:15:00,2020,8,2,1,15,30,30189,DAYAN GEORGES (AVENUE),43.8205,4.3407,Nuit avec éclairage allumé,En agglomération,Intersection en T,Normale,Deux véhicules - côté,3,2,3,0,1,1,1,0,1,50,2,4,1,0,0,3,25.0,21.0,voiture,voiture,5,2,3,1,3
202000029233,2020-07-22 18:27:00,2020,7,22,18,27,22,22278,ARMOR (AV. D') COTE IMPAIR,48.51223,-2.75372,Plein jour,En agglomération,Hors intersection,Normale,Deux véhicules - arrière,4,2,3,3,1,1,1,0,1,30,2,3,1,0,0,2,19.0,40.0,deux_roues,voiture,1,2,1,1,2
202000029234,2020-07-13 09:05:00,2020,7,13,9,5,22,22278,SOLIDARITE (DE LA),48.51397,-2.74026,Plein jour,En agglomération,Hors intersection,Normale,Autre collision,4,2,2,-1,1,1,1,0,1,50,1,2,1,0,0,1,36.0,,voiture,,1,2,1,1,6
202000029235,2020-07-31 20:05:00,2020,7,31,20,5,21,21390,M122A,47.28038,5.02144,Plein jour,En agglomération,Hors intersection,Normale,Autre collision,7,3,5,0,1,1,1,0,3,90,1,2,0,1,0,1,24.0,,voiture,,1,2,1,1,6
202000029236,2020-08-02 19:50:00,2020,8,2,19,50,17,17028,GAULLE   AVENUE DU GENERAL DE,46.13333,-1.1196,Plein jour,En agglomération,Intersection en X,Normale,Deux véhicules - frontale,4,2,2,0,1,1,1,0,1,50,2,2,1,0,0,1,45.0,41.0,voiture,voiture,1,2,2,1,1
202000029237,2020-08-03 12:15:00,2020,8,3,12,15,17,17300,SARTRE   AVENUE JEAN-PAUL,46.15645,-1.12744,Plein jour,En agglomération,Hors intersection,Normale,Trois véhicules et plus - en chaîne,4,2,3,0,1,1,1,0,1,50,3,3,2,0,0,1,24.0,60.0,utilitaire_camion,voiture,1,2,1,1,4
202000029238,2020-11-04 18:10:00,2020,11,4,18,10,81,81099,Avenue Charles de Gaulle,43.901727,1.902553,Nuit avec éclairage allumé,En agglomération,Hors intersection,Normale,Autre collision,3,2,2,0,1,1,1,0,1,50,1,2,1,0,1,0,28.0,,voiture,,5,2,1,1,6
202000029239,2020-11-04 09:00:00,2020,11,4,9,0,87,87156,RD 941,45.843715,1.407763,Plein jour,Hors agglomération,Autre intersection,Normale,Sans collision,3,2,2,0,2,1,1,0,8,80,1,1,0,0,1,0,23.0,,voiture,,1,1,9,1,7
202000029240,2020-11-05 18:20:00,2020,11,5,18,20,76,76001,D34,49.58931,0.660038,Nuit sans éclairage public,Hors agglomération,Intersection en X,Normale,Deux véhicules - côté,3,2,2,0,1,1,1,0,1,80,2,2,1,1,0,0,18.0,19.0,deux_roues,voiture,3,1,2,1,3
202000029241,2020-08-18 04:20:00,2020,8,18,4,20,60,60141,RD 44,49.203203,2.4691322,Nuit sans éclairage public,Hors agglomération,Intersection en Y,Normale,Deux véhicules - frontale,3,2,2,0,1,1,2,6,1,50,2,2,0,0,0,2,21.0,45.0,voiture,voiture,3,1,4,1,1
202000029242,2020-11-04 15:15:00,2020,11,4,15,15,13,13202,A55-Sens Marseille vers Martigues,43.3137,5.367775,Plein jour,Hors agglomération,Hors intersection,Normale,,1,-1,2,0,1,1,1,2,1,50,3,3,2,0,0,1,47.0,71.0,utilitaire_camion,deux_roues,1,1,1,1,-1
202000029243,2020-10-27 08:50:00,2020,10,27,8,50,59,59260,AUTOROUTE A16,51.048971,2.538036,Crépuscule ou aube,Hors agglomération,Hors intersection,Normale,Autre collision,1,3,4,0,1,1,1,0,1,65,1,1,0,0,1,0,30.0,,deux_roues,,2,1,1,1,6
202000029244,2020-11-03 16:15:00,2020,11,3,16,15,59,59343,AUTOROUTE A22,50.600542,3.118474,Plein jour,Hors agglomération,Hors intersection,Normale,Sans collision,1,3,2,0,1,2,2,0,1,90,1,1,0,0,0,1,21.0,,voiture,,1,1,1,1,7
202000029245,2020-11-04 05:00:00,2020,11,4,5,0,91,91377,RN20,48.7205,2.2992,Nuit avec éclairage allumé,Hors agglomération,Hors intersection,Normale,Deux véhicules - côté,2,1,3,0,1,1,1,0,1,50,2,1,0,0,0,1,28.0,,utilitaire_camion,,5,1,1,1,3
202000029246,2020-11-04 08:50:00,2020,11,4,8,50,94,94073,A86 EXT,48.7853,2.38882,Plein jour,Hors agglomération,Autre intersection,Normale,Deux véhicules - côté,1,3,3,0,1,1,1,1,1,90,2,1,0,0,0,1,55.0,,deux_roues,,1,1,9,1,3
202000029247,2020-10-30 17:00:00,2020,10,30,17,0,974,97416,Boulevard Hubert Delisle,-21.34358,55.47484,Plein jour,En agglomération,Hors intersection,Normale,Deux véhicules - arrière,4,3,0,0,1,1,1,0,1,50,2,2,1,0,0,1,16.0,55.0,deux_roues,voiture,1,2,1,1,2
202000029248,2020-11-02 08:35:00,2020,11,2,8,35,974,97416,Allée des Bois Noirs,-21.28496,55.46092,Plein jour,En agglomération,Hors intersection,Normale,Trois véhicules et plus - collisions multiples,3,2,2,0,1,1,1,0,1,50,3,3,1,0,0,2,48.0,56.0,voiture,utilitaire_camion,1,2,1,1,5
202000029249,2020-11-03 18:50:00,2020,11,3,18,50,974,97411,LITTORAL (ROUTE 1 DU),-20.87985,55.40403,Nuit sans éclairage public,Hors agglomération,Hors intersection,Normale,Trois véhicules et plus - collisions multiples,2,1,2,0,1,1,1,0,1,90,3,5,3,0,0,2,34.0,39.0,voiture,voiture,3,1,1,1,5
202000029250,2020-11-03 07:30:00,2020,11,3,7,30,974,97411,CHAUDRON  (BLD 1 DU),-20.893882,55.492915,Plein jour,En agglomération,Hors intersection,Normale,Autre collision,4,2,2,0,1,1,1,0,1,50,1,2,1,0,0,1,25.0,,voiture,,1,2,1,1,6
202000029251,2020-11-03 18:05:00,2020,11,3,18,5,69,69386,VITTON                              (CO),45.76991,4.85711,Nuit avec éclairage allumé,En agglomération,Intersection à plus de 4 branches,Normale,Deux véhicules - côté,4,4,4,0,1,1,1,0,1,50,2,2,1,0,0,1,39.0,31.0,deux_roues,voiture,5,2,5,1,3
202000029252,2020-11-03 15:45:00,2020,11,3,15,45,69,69259,GAMBETTA                            (R ),45.69935,4.88327,Plein jour,En agglomération,Hors intersection,Pluie légère,Deux véhicules - frontale,4,2,2,0,1,1,2,0,1,30,2,2,1,0,0,1,34.0,62.0,deux_roues,voiture,1,2,1,2,1
202000029253,2020-11-03 12:30:00,2020,11,3,12,30,69,69383,JEAN CARDONA                        (R ),45.7495738,4.8840957,Plein jour,En agglomération,Intersection en T,Pluie légère,Sans collision,4,1,2,1,1,1,2,0,1,50,1,1,0,0,0,1,21.0,,deux_roues,,1,2,3,2,7
202000029254,2020-11-03 12:45:00,2020,11,3,12,45,972,97209,SOLEIL LEVANT (BOULEVARD DU),14.6212538,-61.0389742,Plein jour,Hors agglomération,Hors intersection,Normale,Autre collision,3,2,2,0,2,1,1,0,1,50,1,2,1,0,1,0,33.0,,voiture,,1,1,1,1,6
202000029255,2020-11-01 22:25:00,2020,11,1,22,25,971,97113,BELLE-PLAINE (ROUTE DE),16.21865,-61.50277,Nuit avec éclairage allumé,En agglomération,Hors intersection,Pluie légère,Autre collision,4,-1,2,0,1,1,1,2,1,50,1,1,0,0,0,1,52.0,,voiture,,5,2,1,2,6
202000029256,2020-11-03 08:45:00,2020,11,3,8,45,91,91687,MARMONT (AVENUE),48.66621,2.3759,Plein jour,En agglomération,Hors intersection,Normale,Autre collision,4,2,2,0,3,1,1,1,1,50,1,2,1,0,1,0,68.0,,voiture,,1,2,1,1,6
202000029257,2020-10-28 08:25:00,2020,10,28,8,25,83,83069,ESCOFFIER (RUE LEON ),43.038631,6.133235,Plein jour,En agglomération,Hors intersection,Normale,Autre collision,4,1,1,0,2,1,1,0,1,50,1,2,1,0,0,1,79.0,,utilitaire_camion,,1,2,1,1,6
202000029258,2020-11-03 18:00:00,2020,11,3,18,0,78,78502,VERSAILLES (ROUTE DE),48.8789,2.1086,Nuit avec éclairage allumé,En agglomération,Hors intersection,Normale,Deux véhicules - arrière,2,2,2,0,1,1,1,0,1,70,2,2,1,0,0,1,42.0,59.0,voiture,deux_roues,5,2,1,1,2
202000029259,2020-10-31 14:30:00,2020,10,31,14,30,77,77407,FONTAINEBLEAU(AVENUE DE),48.53183,2.53899,Plein jour,En agglomération,Hors intersection,Normale,Autre collision,3,2,1,3,1,1,1,6,6,50,1,2,1,0,1,0,28.0,,deux_roues,,1,2,1,1,6
202000029260,2020-11-02 17:22:00,2020,11,2,17,22,76,76451,MONT AUX MALADES. AVENUE DU,49.46449,1.07344,Plein jour,En agglomération,Hors intersection,Normale,,4,2,2,3,1,1,1,0,1,50,2,2,1,0,1,0,48.0,57.0,voiture,voiture,1,2,1,1,-1
202000029261,2020-11-03 19:00:00,2020,11,3,19,0,72,72181,MESSIAEN OLIVIER (AV) IMPAIRS,48.01585,0.15185,Nuit avec éclairage allumé,Hors agglomération,Hors intersection,Normale,Autre collision,3,2,2,0,1,1,1,0,1,50,1,2,1,0,0,1,57.0,,voiture,,5,1,1,1,6
202000029262,2020-11-03 11:40:00,2020,11,3,11,40,69,69029,FRANCOIS MITTERRAND                 (AV),45.73805,4.92268,Plein jour,En agglomération,Intersection en X,Pluie légère,Deux véhicules - côté,4,2,2,3,1,1,2,5,1,50,2,2,1,0,0,1,58.0,33.0,voiture,deux_roues,1,2,2,2,3
202000029263,2020-11-02 10:55:00,2020,11,2,10,55,67,67482,SCHIRMECK (ROUTE DE),48.56261,7.7003,Plein jour,En agglomération,Hors intersection,Normale,Deux véhicules - arrière,4,2,4,1,1,1,1,0,1,50,2,2,1,0,0,1,29.0,20.0,voiture,utilitaire_camion,1,2,1,1,2
202000029264,2020-11-03 16:40:00,2020,11,3,16,40,64,64445,Allees Condorcet,43.32485,-0.35754,Plein jour,En agglomération,Hors intersection,Pluie légère,Deux véhicules - côté,4,-1,2,0,1,1,2,0,1,50,2,2,1,0,0,1,30.0,29.0,voiture,voiture,1,2,1,2,3
202000029265,2020-11-03 09:35:00,2020,11,3,9,35,64,64102,FAIENCERIE (IMPASSE DE LA),43.4958,-1.4912,Plein jour,En agglomération,Intersection en T,Pluie forte,Sans collision,4,2,1,0,1,1,2,0,1,30,1,1,0,0,0,1,41.0,,deux_roues,,1,2,3,3,7
202000029266,2020-10-31 17:58:00,2020,10,31,17,58,63,63113,PUY DE DOME (AVENUE DU),45.78734,3.063,Plein jour,En agglomération,Hors intersection,Normale,,7,2,2,0,1,1,1,0,1,50,2,2,1,0,0,1,28.0,26.0,deux_roues,voiture,1,2,1,1,-1
202000029267,2020-10-29 10:55:00,2020,10,29,10,55,59,59431,ARMENTIERES  (RUE D' ),50.697767,2.856155,Plein jour,En agglomération,Intersection en X,Normale,,3,2,1,1,1,1,1,0,1,50,2,3,2,0,0,1,61.0,50.0,autre,autre,1,2,2,1,-1
202000029268,2020-11-01 23:25:00,2020,11,1,23,25,57,57336,GARE (RUE DE LA),49.15828,6.74412,Nuit avec éclairage allumé,En agglomération,Hors intersection,Autre,Autre collision,4,2,2,0,2,2,2,0,3,50,1,2,0,0,2,0,29.0,,voiture,,5,2,1,9,6
202000029269,2020-11-02 18:00:00,2020,11,2,18,0,54,54431,D952,48.929297,6.037968,Nuit avec éclairage allumé,En agglomération,Intersection en T,Normale,Deux véhicules - côté,3,2,2,0,4,1,1,0,1,70,2,2,1,0,0,1,41.0,66.0,deux_roues,voiture,5,2,3,1,3
202000029270,2020-11-02 17:15:00,2020,11,2,17,15,54,54498,RD 674,48.716533,6.257713,Plein jour,En agglomération,Hors intersection,Normale,Trois véhicules et plus - en chaîne,3,2,2,0,1,1,1,0,1,50,3,4,2,0,0,2,85.0,34.0,voiture,voiture,1,2,1,1,4
202000029271,2020-11-02 10:45:00,2020,11,2,10,45,54,54395,PINCHARD (AVENUE - TAMARIS),48.7030802,6.1544359,Plein jour,En agglomération,Hors intersection,Normale,Autre collision,4,-1,1,0,1,1,1,0,1,50,1,2,1,0,0,1,19.0,,utilitaire_camion,,1,2,1,1,6
202000029272,2020-10-30 10:50:00,2020,10,30,10,50,49,49007,Boulevard du Roi René,47.46899,-0.55949,Plein jour,En agglomération,Hors intersection,Pluie légère,Deux véhicules - arrière,4,2,3,2,1,1,1,0,1,50,2,2,0,0,0,2,41.0,41.0,voiture,voiture,1,2,1,2,2
202000029273,2020-10-21 08:50:00,2020,10,21,8,50,44,44184,RD 492 DU RP EINSTEIN AU RP SARRELOUIS,47.26769,-2.2535,Plein jour,En agglomération,Giratoire,Pluie légère,Autre collision,3,3,1,0,1,3,2,9,1,50,1,2,1,0,0,1,75.0,,voiture,,1,2,6,2,6
202000029274,2020-11-02 18:15:00,2020,11,2,18,15,41,41018,LATHAM (RUE) N° PAIRS DU 4 AU 48 INCLUS,47.59962,1.30813,Nuit avec éclairage allumé,En agglomération,Intersection en T,Normale,Deux véhicules - côté,4,2,2,0,1,1,2,0,1,50,2,2,1,0,1,0,26.0,74.0,deux_roues,voiture,5,2,3,1,3
202000029275,2020-11-03 09:00:00,2020,11,3,9,0,35,35051,NORMANDIE (PORTE DE),48.151771,-1.604444,Plein jour,Hors agglomération,Hors intersection,Normale,Sans collision,2,1,2,0,1,3,1,3,1,90,1,1,0,0,0,1,19.0,,utilitaire_camion,,1,1,1,1,7
202000029276,2020-11-03 08:30:00,2020,11,3,8,30,35,35238,SERGENT MAGINOT (AVENUE),48.1099502,-1.6571342,Plein jour,En agglomération,Hors intersection,Normale,Deux véhicules - arrière,4,1,1,1,1,1,1,5,1,50,2,2,1,0,0,1,52.0,32.0,voiture,voiture,1,2,1,1,2
202000029277,2020-11-03 06:50:00,2020,11,3,6,50,33,33075,ALL DU BRION / RUE RAYMOND PEYRAN,44.87494,-0.60511,Crépuscule ou aube,En agglomération,Intersection en T,Pluie légère,Deux véhicules - côté,4,2,4,2,1,1,2,-1,8,50,2,2,1,0,0,1,22.0,44.0,deux_roues,voiture,2,2,3,2,3
202000029278,2020-11-03 07:20:00,2020,11,3,7,20,31,31555,VA007313 LE CHAPITRE A64 Sortie 38,43.55875,1.41382,Nuit avec éclairage allumé,Hors agglomération,Hors intersection,Normale,Deux véhicules - arrière,1,3,4,0,1,1,1,0,1,90,2,3,2,0,0,1,28.0,22.0,voiture,voiture,5,1,1,1,2
202000029279,2020-11-02 12:40:00,2020,11,2,12,40,31,31555,RUE DES TROENES,43.61598,1.41459,Plein jour,En agglomération,Intersection en X,Normale,Deux véhicules - côté,4,2,2,0,1,1,1,0,1,30,2,2,1,0,1,0,25.0,59.0,deux_roues,voiture,1,2,2,1,3
202000029280,2020-11-03 16:45:00,2020,11,3,16,45,29,29019,Rue Jean Jaurès,48.3989664,-4.4726801,Plein jour,En agglomération,Hors intersection,Normale,Autre collision,4,3,3,1,1,1,1,0,1,50,1,2,1,0,0,1,31.0,,utilitaire_camion,,1,2,1,1,6
202000029281,2020-11-03 10:00:00,2020,11,3,10,0,27,27701,BLANCHE (CH. DE LA VOIE) LOUVIERS A LACS,49.27143,1.20607,Plein jour,En agglomération,Intersection en T,Normale,Deux véhicules - côté,3,2,3,0,1,1,1,0,1,50,2,2,1,0,0,1,39.0,29.0,voiture,voiture,1,2,3,1,3
202000029282,2020-10-22 15:30:00,2020,10,22,15,30,22,22113,CORDIERS (RUE DES),48.730361,-3.4491945,Plein jour,En agglomération,Hors intersection,Normale,Deux véhicules - arrière,4,1,1,0,1,1,1,0,1,50,2,3,2,0,1,0,58.0,18.0,utilitaire_camion,deux_roues,1,2,1,1,2
202000029283,2020-11-02 11:00:00,2020,11,2,11,0,17,17306,EUROPE (COURS DE L'),45.62495,-1.02334,Plein jour,En agglomération,Intersection en Y,Normale,Deux véhicules - côté,4,2,1,0,1,1,1,0,1,30,2,2,1,0,0,1,59.0,26.0,deux_roues,deux_roues,1,2,4,1,3
202000029284,2020-11-02 09:00:00,2020,11,2,9,0,17,17306,ROCHEFORT (DE)  (AVENUE),45.639813,-1.024868,Plein jour,En agglomération,Hors intersection,Normale,Deux véhicules - arrière,3,1,1,0,1,1,1,3,1,50,2,2,1,0,0,1,47.0,45.0,voiture,voiture,1,2,1,1,2
202000029285,2020-11-01 13:45:00,2020,11,1,13,45,14,14167,LIBERTE (AVENUE DE LA),49.20229,-0.29612,Plein jour,En agglomération,Intersection en X,Normale,Deux véhicules - frontale,4,2,2,0,1,1,1,0,1,50,2,2,1,0,0,1,29.0,30.0,deux_roues,transport_commun,1,2,2,1,1