accident_id,datetime,annee,mois,jour,heure,minute,departement,commune_insee,adresse,latitude,longitude,luminosite,agglomeration,intersection,meteo,collision,catr,circ,nbv,vosp,prof,plan,surf,infra,situ,vma,nb_vehicules,nb_usagers,nb_indemnes,nb_tues,nb_blesses_hosp,nb_blesses_legers,age_cond_1,age_cond_2,veh_type_cond_1,veh_type_cond_2,lum_code,agg_code,int_code,atm_code,col_code
202000029286,2020-11-02 19:50:00,2020,11,2,19,50,10,10387,GEORGES POMPIDOU (RUE),48.28801,4.08116,Nuit avec éclairage allumé,En agglomération,Giratoire,Pluie légère,Deux véhicules - arrière,4,2,2,1,1,3,2,5,1,50,2,2,1,0,0,1,26.0,35.0,voiture,deux_roues,5,2,6,2,2
202000029287,2020-11-03 09:40:00,2020,11,3,9,40,03,03190,Rue de Paris,46.5699678,3.3293191,Plein jour,En agglomération,Hors intersection,Pluie légère,Deux véhicules - côté,4,1,1,0,1,1,2,0,1,50,2,2,1,0,1,0,50.0,51.0,voiture,deux_roues,1,2,1,2,3
202000029288,2020-11-02 09:25:00,2020,11,2,9,25,75,75120,BOULEVARD PERIPHERIQUE,48.868492,2.413227,Plein jour,En agglomération,Intersection en Y,Normale,Autre collision,4,1,4,0,1,1,1,0,1,70,1,1,0,0,0,1,64.0,,deux_roues,,1,2,4,1,6
202000029289,2020-11-03 16:45:00,2020,11,3,16,45,75,75120,RUE DE BAGNOLET,48.862355,2.406328,Plein jour,En agglomération,Intersection en T,Normale,Autre collision,4,2,2,0,1,1,1,0,1,50,1,1,0,0,0,1,,,,,1,2,3,1,6
202000029290,2020-11-02 16:10:00,2020,11,2,16,10,75,75118,RUE MARX DORMOY,48.886831,2.359638,Plein jour,En agglomération,Intersection en T,Pluie légère,Deux véhicules - côté,4,2,4,3,1,1,2,-1,6,50,2,3,2,0,0,1,34.0,41.0,voiture,deux_roues,1,2,3,2,3
202000029291,2020-11-03 17:25:00,2020,11,3,17,25,75,75115,RUE LINOIS,48.847292,2.28478,Crépuscule ou aube,En agglomération,Hors intersection,Normale,Autre collision,4,2,5,0,1,1,1,0,1,50,1,2,1,0,0,1,47.0,,deux_roues,,2,2,1,1,6
202000029292,2020-11-03 11:55:00,2020,11,3,11,55,75,75115,RUE DESAIX,48.851782,2.291684,Plein jour,En agglomération,Intersection en X,Normale,Autre collision,4,2,2,0,1,1,1,0,1,50,1,1,0,0,0,1,79.0,,voiture,,1,2,2,1,6
202000029293,2020-11-03 11:45:00,2020,11,3,11,45,75,75114,RUE LECUIROT,48.829174,2.320657,Plein jour,En agglomération,Intersection en T,Normale,Autre collision,4,1,1,0,1,1,1,0,1,50,1,1,0,0,0,1,20.0,,utilitaire_camion,,1,2,3,1,6
202000029294,2020-11-03 21:30:00,2020,11,3,21,30,75,75113,AVENUE D ITALIE,48.823012,2.358254,Nuit avec éclairage allumé,En agglomération,Intersection en T,Normale,Deux véhicules - côté,4,3,4,0,1,1,1,0,1,50,2,2,0,0,0,2,41.0,,deux_roues,,5,2,3,1,3
202000029295,2020-11-03 13:25:00,2020,11,3,13,25,75,75113,AVENUE D ITALIE,48.822206,2.35852,Plein jour,En agglomération,Intersection en X,Normale,Deux véhicules - côté,4,2,4,0,1,1,1,0,1,50,2,2,1,0,0,1,70.0,30.0,voiture,deux_roues,1,2,2,1,3
202000029296,2020-11-03 09:00:00,2020,11,3,9,0,75,75112,BOULEVARD PERIPHERIQUE INTERIEUR SUD,48.82964,2.401076,Plein jour,En agglomération,Hors intersection,Normale,Deux véhicules - arrière,4,1,4,0,1,1,1,0,1,70,2,2,1,0,0,1,44.0,24.0,deux_roues,deux_roues,1,2,1,1,2
202000029297,2020-11-03 09:05:00,2020,11,3,9,5,75,75111,AVENUE DE LA REPUBLIQUE,48.865293,2.37449,Plein jour,En agglomération,Intersection en X,Normale,,4,2,1,0,2,1,1,0,1,30,2,1,0,0,0,1,50.0,,deux_roues,,1,2,2,1,-1
202000029298,2020-11-03 15:25:00,2020,11,3,15,25,75,75107,AVENUE DE LA MOTTE PICQUET,48.857262,2.309922,Plein jour,En agglomération,Intersection en X,Normale,Deux véhicules - arrière,4,2,2,0,1,1,1,0,1,50,2,2,1,0,0,1,40.0,47.0,voiture,voiture,1,2,2,1,2
202000029299,2020-11-03 16:50:00,2020,11,3,16,50,94,94081,LUDWIG VAN BEETHOVEN (R),48.79833,2.38066,Crépuscule ou aube,En agglomération,Hors intersection,Normale,Trois véhicules et plus - collisions multiples,4,2,2,0,2,1,1,0,1,50,3,4,3,0,0,1,36.0,28.0,voiture,voiture,2,2,1,1,5
202000029300,2020-11-03 14:05:00,2020,11,3,14,5,94,94078, R DES SAPEURS POMPIERS DE PARIS,48.72615,2.45043,Plein jour,En agglomération,Hors intersection,Normale,Deux véhicules - frontale,4,2,2,0,2,1,1,0,1,50,2,2,1,0,0,1,29.0,31.0,voiture,voiture,1,2,1,1,1
202000029301,2020-11-03 10:15:00,2020,11,3,10,15,94,94068,MARIE LOUISE (AV),48.7957839,2.5149733,Plein jour,En agglomération,Intersection en T,Normale,Autre collision,4,2,2,0,1,1,1,0,1,50,1,2,1,0,1,0,32.0,,voiture,,1,2,3,1,6
202000029302,2020-11-03 19:10:00,2020,11,3,19,10,94,94046,FOCH (AV),48.815618,2.440918,Nuit avec éclairage allumé,En agglomération,Hors intersection,Normale,Deux véhicules - arrière,4,2,2,0,1,1,1,0,1,30,2,2,1,0,0,1,24.0,16.0,voiture,deux_roues,5,2,1,1,2
202000029303,2020-11-03 07:00:00,2020,11,3,7,0,94,94028,SEGUIN(RUE MARC),48.784242,2.434546,Crépuscule ou aube,En agglomération,Autre intersection,Normale,Sans collision,4,1,2,0,1,3,1,0,1,50,1,1,0,0,0,1,24.0,,deux_roues,,2,2,9,1,7
202000029304,2020-11-02 17:40:00,2020,11,2,17,40,94,94028,FOCH(AVENUE DU MARECHAL),48.77254,2.43996,Nuit avec éclairage allumé,En agglomération,Intersection en T,Normale,Deux véhicules - côté,2,-1,3,0,1,1,2,0,1,50,2,2,1,0,0,1,57.0,38.0,voiture,deux_roues,5,2,3,1,3
202000029305,2020-11-02 21:10:00,2020,11,2,21,10,93,93053,PIERRE SEMARD (RUE),48.894688,2.4564456,Nuit avec éclairage allumé,En agglomération,Autre intersection,Normale,Deux véhicules - côté,4,2,1,0,1,1,1,9,1,50,2,1,0,0,1,0,36.0,,deux_roues,,5,2,9,1,3
202000029306,2020-11-02 23:15:00,2020,11,2,23,15,93,93010,ROSNY (AV. DE),48.894789,2.4705514,Nuit avec éclairage allumé,En agglomération,Hors intersection,Normale,Deux véhicules - arrière,3,1,2,0,1,1,1,0,1,50,2,2,1,0,0,1,54.0,27.0,voiture,deux_roues,5,2,1,1,2
202000029307,2020-11-02 07:15:00,2020,11,2,7,15,92,92048,BRUYERES (RUE DES),48.8123489,2.2149226,Crépuscule ou aube,En agglomération,Intersection en X,Normale,Deux véhicules - côté,3,2,2,0,2,1,1,0,1,50,2,2,0,0,0,2,48.0,52.0,voiture,utilitaire_camion,2,2,2,1,3
202000029308,2020-11-03 12:15:00,2020,11,3,12,15,92,92048,PARIS (RUE DE) N° 12 A 164,48.8077143,2.2369355,Plein jour,En agglomération,Hors intersection,Normale,Sans collision,4,-1,2,0,2,1,1,0,1,50,1,1,0,0,0,1,26.0,,utilitaire_camion,,1,2,1,1,7
202000029309,2020-11-03 17:20:00,2020,11,3,17,20,92,92040,GUYNEMER,48.82991,2.27733,Nuit avec éclairage allumé,En agglomération,Hors intersection,Normale,Deux véhicules - côté,3,1,2,0,1,1,1,0,1,50,2,2,1,0,1,0,48.0,55.0,deux_roues,voiture,5,2,1,1,3
202000029310,2020-11-03 14:40:00,2020,11,3,14,40,92,92040,PAIX (AVENUE DE LA),48.8166,2.27502,Plein jour,En agglomération,Intersection en X,Normale,Deux véhicules - côté,3,2,2,1,2,1,1,0,1,50,2,2,1,0,0,1,33.0,30.0,voiture,deux_roues,1,2,2,1,3
202000029311,2020-11-02 06:30:00,2020,11,2,6,30,68,68310,D1b,48.136452,7.321851,Nuit sans éclairage public,Hors agglomération,Hors intersection,Normale,Deux véhicules - frontale,3,2,2,0,2,1,1,0,1,90,2,2,1,0,0,1,17.0,19.0,deux_roues,voiture,3,1,1,1,1
202000029312,2020-11-04 15:40:00,2020,11,4,15,40,974,97422,171 Rue Jules Bertaut,-21.282037,55.514222,Plein jour,En agglomération,Intersection en T,Normale,Autre collision,4,2,2,0,2,1,1,0,1,50,1,2,1,0,0,1,39.0,,voiture,,1,2,3,1,6
202000029313,2020-11-04 11:50:00,2020,11,4,11,50,83,83070,358 avenue du Maréchal Juin,43.136256,6.358348,Plein jour,En agglomération,Hors intersection,Normale,Deux véhicules - arrière,4,2,2,0,1,1,1,0,1,50,2,2,1,0,1,0,34.0,78.0,utilitaire_camion,deux_roues,1,2,1,1,2
202000029314,2020-11-04 07:50:00,2020,11,4,7,50,79,79195,2 Place Pierre Garnier,46.955012,-0.591711,Plein jour,En agglomération,Place,Normale,Autre collision,4,1,1,0,2,3,1,0,8,50,1,2,1,0,1,0,51.0,,voiture,,1,2,7,1,6
202000029315,2020-10-23 16:15:00,2020,10,23,16,15,79,79079,,46.905121,-0.685632,Plein jour,Hors agglomération,Giratoire,Pluie légère,Sans collision,3,2,2,0,1,3,2,5,1,80,1,1,0,0,0,1,15.0,,deux_roues,,1,1,6,2,7
202000029316,2020-11-03 18:20:00,2020,11,3,18,20,71,71263,72 Rue de Beaufort,46.624987,5.239052,Nuit avec éclairage allumé,En agglomération,Hors intersection,Normale,Deux véhicules - côté,3,2,2,0,1,1,2,0,1,50,2,2,1,0,1,0,57.0,37.0,utilitaire_camion,deux_roues,5,2,1,1,3
202000029317,2020-11-04 07:15:00,2020,11,4,7,15,71,71367,Route de Lons,46.6452406,5.3038848,Plein jour,En agglomération,Hors intersection,Normale,Sans collision,3,2,2,0,1,1,2,0,1,70,1,1,0,0,0,1,14.0,,deux_roues,,1,2,1,1,7
202000029318,2020-11-03 02:30:00,2020,11,3,2,30,49,49140,D162,47.175741,0.025814,Nuit sans éclairage public,Hors agglomération,Hors intersection,Normale,Deux véhicules - frontale,4,2,2,0,1,1,1,0,1,80,2,2,1,0,1,0,34.0,46.0,voiture,deux_roues,3,1,1,1,1
202000029319,2020-10-07 03:20:00,2020,10,7,3,20,39,39325,,46.886184,5.803871,Nuit sans éclairage public,Hors agglomération,Hors intersection,Normale,Autre collision,3,2,2,0,1,3,2,0,3,80,1,3,2,0,1,0,29.0,,voiture,,3,1,1,1,6
202000029320,2020-11-03 14:30:00,2020,11,3,14,30,29,29165,D102 - Lieu Dit Touloupry,47.837574,-4.22685,Plein jour,Hors agglomération,Hors intersection,Normale,Autre collision,3,2,2,0,1,2,1,0,3,80,1,1,0,0,1,0,53.0,,voiture,,1,1,1,1,6
202000029321,2020-11-03 16:00:00,2020,11,3,16,0,06,06073,RM2205 - PR40,44.190482,7.031915,Plein jour,Hors agglomération,Hors intersection,Normale,Sans collision,9,2,2,1,1,3,1,0,5,-1,1,1,0,0,0,1,23.0,,voiture,,1,1,1,1,7
202000029322,2020-11-04 16:35:00,2020,11,4,16,35,973,97309,Route de Montjoly,4.912076,-52.272399,Plein jour,En agglomération,Hors intersection,Pluie légère,Deux véhicules - arrière,3,2,2,0,1,1,2,0,1,50,2,2,1,0,1,0,21.0,57.0,deux_roues,utilitaire_camion,1,2,1,2,2
202000029323,2020-10-31 08:50:00,2020,10,31,8,50,988,98823,Route de Néavin,-21.166214,165.504388,Plein jour,Hors agglomération,Hors intersection,Normale,Autre collision,4,2,2,0,1,1,1,9,3,110,1,3,1,0,1,1,31.0,,voiture,,1,1,1,1,6
202000029324,2020-11-01 17:20:00,2020,11,1,17,20,988,98817,ROUTE DU VALLON DORE,-22.255593,166.56135,Plein jour,Hors agglomération,Hors intersection,Normale,Deux véhicules - frontale,3,2,2,0,1,3,1,0,1,70,2,2,0,0,0,2,56.0,68.0,deux_roues,voiture,1,1,1,1,1
202000029325,2020-11-03 12:20:00,2020,11,3,12,20,34,34052,Avenue de Beziers,43.3231793,3.0619354,Plein jour,Hors agglomération,Hors intersection,Normale,Sans collision,3,2,2,0,1,3,1,0,3,80,1,1,0,1,0,0,64.0,,voiture,,1,1,1,1,7
202000029326,2020-10-29 20:24:00,2020,10,29,20,24,25,25469,D33,47.496625,6.737591,Nuit sans éclairage public,Hors agglomération,Hors intersection,Pluie légère,Deux véhicules - frontale,3,-1,2,0,1,1,2,0,1,80,2,2,0,0,1,1,19.0,51.0,voiture,voiture,3,1,1,2,1
202000029327,2020-11-03 11:45:00,2020,11,3,11,45,89,89030,"Départementale D139 - Lieu dit ""LE MAUNOIR""",47.668176,3.6763329,Plein jour,En agglomération,Passage à niveau,Normale,Autre collision,3,2,2,0,1,2,1,4,3,50,1,2,1,0,0,1,25.0,,utilitaire_camion,,1,2,8,1,6
202000029328,2020-11-03 18:40:00,2020,11,3,18,40,33,33238,9 Cours Mal de Lattre de Tassigny,44.72792,-0.598245,Crépuscule ou aube,En agglomération,Hors intersection,Normale,Autre collision,3,2,2,0,1,1,1,0,1,50,1,2,1,0,1,0,90.0,,voiture,,2,2,1,1,6
202000029329,2020-11-04 13:00:00,2020,11,4,13,0,35,35244,5 Rue de Rennes,48.375854,-1.497408,Plein jour,En agglomération,Hors intersection,Normale,Deux véhicules - frontale,3,2,2,0,1,2,1,0,1,30,2,2,1,0,1,0,50.0,16.0,voiture,deux_roues,1,2,1,1,1
202000029330,2020-10-30 16:00:00,2020,10,30,16,0,59,59387,Rue Emile Zola,50.286801,3.263511,Plein jour,En agglomération,Intersection en X,Normale,Deux véhicules - côté,3,2,2,0,1,1,1,0,1,50,2,2,1,0,1,0,54.0,89.0,deux_roues,voiture,1,2,2,1,3
202000029331,2020-11-03 21:20:00,2020,11,3,21,20,59,59523,D19,50.57639,3.174748,Nuit sans éclairage public,Hors agglomération,Autre intersection,Autre,Autre collision,7,2,2,0,1,4,2,0,3,50,1,1,0,1,0,0,26.0,,voiture,,3,1,9,9,6
202000029332,2020-11-02 17:00:00,2020,11,2,17,0,13,13206,Tunnel Prado Carénage,43.27053,5.42133,Nuit avec éclairage allumé,Hors agglomération,Hors intersection,Normale,Autre collision,1,3,2,0,1,3,1,1,1,50,1,1,0,0,0,1,15.0,,deux_roues,,5,1,1,1,6
202000029333,2020-10-29 18:00:00,2020,10,29,18,0,69,69278,A46N   9.020 A 11.650,45.90694,4.83792,Nuit sans éclairage public,Hors agglomération,Hors intersection,Normale,Deux véhicules - arrière,1,1,3,0,2,1,1,0,1,130,2,3,0,0,0,3,34.0,61.0,voiture,voiture,3,1,1,1,2
202000029334,2020-10-31 23:20:00,2020,10,31,23,20,59,59009,ROUTE NATIONALE 227,50.638214,3.142746,Nuit sans éclairage public,Hors agglomération,Hors intersection,Normale,Autre collision,2,-1,1,0,1,1,2,0,1,70,1,1,0,0,0,1,23.0,,voiture,,3,1,1,1,6
202000029335,2020-11-03 17:50:00,2020,11,3,17,50,91,91216,AUTOROUTE A6,48.6865,2.32647,Nuit sans éclairage public,Hors agglomération,Hors intersection,Normale,Trois véhicules et plus - en chaîne,1,1,3,0,1,1,1,0,1,110,3,3,2,0,0,1,66.0,22.0,voiture,voiture,3,1,1,1,4
202000029336,2020-11-03 12:49:00,2020,11,3,12,49,94,94038,AUTOROUTE A6A,48.77709,2.34632,Plein jour,Hors agglomération,Hors intersection,Normale,Deux véhicules - côté,1,3,10,0,1,1,1,0,1,90,2,2,1,0,0,1,30.0,25.0,voiture,deux_roues,1,1,1,1,3
202000029337,2020-11-03 18:20:00,2020,11,3,18,20,93,93078,AUTOROUTE A104,48.96166,2.54518,Nuit avec éclairage allumé,Hors agglomération,Hors intersection,Normale,Trois véhicules et plus - en chaîne,1,3,6,0,1,1,1,0,1,90,3,3,2,0,0,1,51.0,30.0,voiture,voiture,5,1,1,1,4
202000029338,2020-11-02 16:45:00,2020,11,2,16,45,95,95365,RN 104,49.065724,2.40634,Crépuscule ou aube,Hors agglomération,Hors intersection,Pluie forte,Autre collision,2,3,6,0,1,3,2,0,1,110,1,1,0,0,0,1,29.0,,voiture,,2,1,1,3,6
202000029339,2020-11-03 16:00:00,2020,11,3,16,0,77,77514,A104.INT,48.9486702,2.628713,Plein jour,Hors agglomération,Hors intersection,Normale,Trois véhicules et plus - en chaîne,1,-1,4,0,1,1,1,0,1,90,3,4,2,0,0,2,44.0,48.0,voiture,voiture,1,1,1,1,4
202000029340,2020-11-03 07:00:00,2020,11,3,7,0,94,94018,A4,48.82453,2.39392,Crépuscule ou aube,Hors agglomération,Hors intersection,Normale,Deux véhicules - arrière,1,3,10,0,1,1,1,0,1,90,2,2,1,0,0,1,47.0,24.0,deux_roues,voiture,2,1,1,1,2
202000029341,2020-08-31 10:25:00,2020,8,31,10,25,71,71486,HENRI DUNAND (BOULEVARD),46.643713,4.3334759,Plein jour,En agglomération,Hors intersection,Normale,Deux véhicules - côté,3,1,2,0,1,2,1,0,1,50,2,2,1,0,0,1,35.0,66.0,utilitaire_camion,voiture,1,2,1,1,3
202000029342,2020-09-03 15:30:00,2020,9,3,15,30,27,27681,JAURES (BOULEVARD JAURES),49.09571,1.46421,Plein jour,En agglomération,Autre intersection,Normale,Autre collision,6,-1,-1,0,1,1,1,9,1,20,1,2,1,0,0,1,80.0,,voiture,,1,2,9,1,6
202000029343,2020-05-27 22:45:00,2020,5,27,22,45,75,75116,AVENUE DU PRESIDENT WILSON,48.863764,2.290693,Nuit avec éclairage allumé,En agglomération,Intersection en X,Normale,Deux véhicules - côté,4,3,3,0,2,1,1,0,1,50,2,5,4,0,0,1,28.0,19.0,deux_roues,voiture,5,2,2,1,3
202000029344,2020-11-02 09:15:00,2020,11,2,9,15,974,97416,DE LA ZONE(ALLEE),-21.31881,55.47263,Plein jour,Hors agglomération,Autre intersection,Normale,Autre collision,4,-1,2,0,1,1,1,0,1,50,1,1,0,0,0,1,19.0,,deux_roues,,1,1,9,1,6
202000029345,2020-11-01 16:30:00,2020,11,1,16,30,974,97416,Chemin Maurice Thorez,-21.27795,55.46761,Plein jour,En agglomération,Hors intersection,Normale,Sans collision,3,2,2,0,2,1,1,0,1,70,1,2,1,0,0,1,40.0,,deux_roues,,1,2,1,1,7
202000029346,2020-11-02 12:10:00,2020,11,2,12,10,69,69259,MARCEL SEMBAT                       (BD),45.71285,4.87634,Plein jour,En agglomération,Hors intersection,Normale,Deux véhicules - côté,4,2,2,0,1,1,1,0,1,50,2,2,1,0,0,1,39.0,46.0,voiture,voiture,1,2,1,1,3
202000029347,2020-11-02 06:35:00,2020,11,2,6,35,69,69276,DEPARTEMENTAL 12                        ,45.67471,4.84864,Nuit avec éclairage allumé,En agglomération,Hors intersection,Normale,Sans collision,3,2,2,0,1,1,1,0,1,70,1,1,0,0,0,1,52.0,,deux_roues,,5,2,1,1,7
202000029348,2020-11-02 17:00:00,2020,11,2,17,0,2B,2B033,11 - RT,42.67113,9.44238,Plein jour,En agglomération,Giratoire,Normale,Deux véhicules - côté,2,4,1,0,1,2,1,0,1,50,2,2,1,0,0,1,18.0,49.0,voiture,voiture,1,2,6,1,3
202000029349,2020-11-02 17:50:00,2020,11,2,17,50,95,95051,GENERAL LECLERC (AVENUE),49.008966,2.198874,Nuit avec éclairage allumé,En agglomération,Intersection en X,Pluie légère,Deux véhicules - frontale,3,2,2,0,1,1,2,0,1,50,2,3,1,0,0,2,28.0,31.0,voiture,voiture,5,2,2,2,1
202000029350,2020-10-29 18:25:00,2020,10,29,18,25,80,80021,FEDERES (BOULEVARD DES),49.90094,2.29875,Nuit avec éclairage allumé,En agglomération,Hors intersection,Pluie légère,Autre collision,4,1,3,0,1,1,2,0,1,50,1,2,1,0,0,1,23.0,,utilitaire_camion,,5,2,1,2,6
202000029351,2020-10-31 02:40:00,2020,10,31,2,40,76,76341,RD 6382,49.5137747,0.199757,Nuit avec éclairage allumé,En agglomération,Hors intersection,Normale,Sans collision,3,3,4,0,1,2,1,0,1,50,1,1,0,0,0,1,36.0,,voiture,,5,2,1,1,7
202000029352,2020-11-01 02:15:00,2020,11,1,2,15,76,76351,JULES DURAND (BD),49.4974291,0.1832129,Nuit avec éclairage allumé,Hors agglomération,Hors intersection,Pluie légère,Autre collision,3,3,6,1,1,1,3,0,3,50,1,2,1,0,0,1,37.0,,voiture,,5,1,1,2,6
202000029353,2020-11-01 12:40:00,2020,11,1,12,40,71,71040,MARCEL GUEUGNEAU (RUE),46.6993638,4.3928463,Plein jour,En agglomération,Hors intersection,Normale,Autre collision,3,2,2,0,1,1,1,0,1,50,1,1,0,0,0,1,87.0,,voiture,,1,2,1,1,6
202000029354,2020-10-18 18:30:00,2020,10,18,18,30,68,68066,Route d’Ingersheim,48.08268,7.35179,Crépuscule ou aube,En agglomération,Intersection en X,Normale,,3,2,2,0,1,1,1,0,1,50,2,3,1,0,1,1,19.0,18.0,voiture,deux_roues,2,2,2,1,-1
202000029355,2020-10-31 15:00:00,2020,10,31,15,0,67,67482,RHIN TORTU (RUE DU),48.5478,7.75813,Plein jour,En agglomération,Hors intersection,Normale,Trois véhicules et plus - collisions multiples,4,2,3,1,1,1,1,0,1,50,4,4,3,0,0,1,27.0,53.0,voiture,voiture,1,2,1,1,5
202000029356,2020-11-02 15:25:00,2020,11,2,15,25,59,59378,Rue Jules Guesde,50.66711,3.07559,Plein jour,En agglomération,Hors intersection,Normale,Deux véhicules - côté,7,3,0,0,1,1,1,0,1,50,2,2,1,0,0,1,68.0,20.0,voiture,deux_roues,1,2,1,1,3
202000029357,2020-11-02 12:25:00,2020,11,2,12,25,59,59328,EGALITE AVENUE DE L,50.65633,3.03416,Plein jour,En agglomération,Giratoire,Pluie légère,,4,1,2,2,1,1,2,0,1,30,2,2,1,0,0,1,60.0,48.0,voiture,deux_roues,1,2,6,2,-1
202000029358,2020-10-29 13:50:00,2020,10,29,13,50,56,56036,RN 165,47.77483,-3.36705,Plein jour,Hors agglomération,Hors intersection,Normale,Deux véhicules - arrière,2,3,8,0,3,1,1,0,1,90,2,3,2,0,0,1,21.0,63.0,voiture,voiture,1,1,1,1,2
202000029359,2020-11-01 11:15:00,2020,11,1,11,15,54,54274,RD400,48.66818,6.20857,Plein jour,En agglomération,Giratoire,Normale,Deux véhicules - côté,3,2,2,0,1,1,1,0,1,50,2,2,1,0,0,1,47.0,58.0,voiture,deux_roues,1,2,6,1,3
202000029360,2020-11-02 07:03:00,2020,11,2,7,3,54,54159,RD400,48.61786,6.3523,Nuit avec éclairage allumé,En agglomération,Hors intersection,Normale,Sans collision,3,2,2,0,2,1,1,0,1,50,1,2,1,0,0,1,61.0,,voiture,,5,2,1,1,7
202000029361,2020-10-31 05:40:00,2020,10,31,5,40,50,50129,rond point des mielles,49.64469,-1.59964,Nuit avec éclairage allumé,En agglomération,Giratoire,Normale,Autre collision,3,2,2,0,1,1,1,5,8,50,1,1,0,0,0,1,45.0,,voiture,,5,2,6,1,6
202000029362,2020-09-30 20:42:00,2020,9,30,20,42,49,49015,LURCAT AVENUE JEAN,47.48778,-0.58683,Nuit avec éclairage allumé,En agglomération,Hors intersection,Normale,Sans collision,4,3,1,0,1,1,1,0,1,50,1,1,0,1,0,0,,,,,5,2,1,1,7
202000029363,2020-10-27 13:58:00,2020,10,27,13,58,47,47032,349 Avenue Albert Camus,44.187366,0.663758,Plein jour,En agglomération,Intersection en T,Normale,Deux véhicules - côté,4,2,2,0,1,1,1,0,1,50,2,2,1,0,0,1,73.0,30.0,deux_roues,voiture,1,2,3,1,3
202000029364,2020-10-31 20:30:00,2020,10,31,20,30,37,37208,GRANDMONT (RUE DE),47.3650268,0.7161605,Nuit avec éclairage allumé,En agglomération,Hors intersection,Normale,Autre collision,4,-1,2,0,1,1,1,0,1,50,1,2,1,0,0,1,19.0,,voiture,,5,2,1,1,6
202000029365,2020-11-02 09:22:00,2020,11,2,9,22,37,37261,FOURNIER (RUE DU DOCTEUR),47.3853842,0.7016074,Plein jour,En agglomération,Intersection en X,Normale,,4,2,2,0,1,1,1,0,1,50,2,2,1,0,0,1,30.0,27.0,utilitaire_camion,deux_roues,1,2,2,1,-1
202000029366,2020-10-31 18:10:00,2020,10,31,18,10,37,37261,MAGINOT (AV. ANDRE),47.4170598,0.6906633,Nuit avec éclairage allumé,En agglomération,Hors intersection,Pluie légère,Deux véhicules - arrière,3,2,2,0,1,1,2,0,1,50,2,3,2,0,0,1,74.0,19.0,voiture,voiture,5,2,1,2,2
202000029367,2020-11-01 13:43:00,2020,11,1,13,43,37,37261,ALOUETTE (AVENUE),47.3626249,0.6960229,Plein jour,En agglomération,Hors intersection,Pluie légère,Sans collision,3,2,4,0,2,3,2,0,1,50,1,1,0,0,0,1,18.0,,voiture,,1,2,1,2,7
202000029368,2020-11-01 12:40:00,2020,11,1,12,40,37,37261,CHAUTEMPS (AVENUE CAMILLE),47.3757916,0.7215537,Plein jour,En agglomération,Hors intersection,Normale,Deux véhicules - arrière,4,2,2,0,1,1,2,0,1,50,2,2,1,0,0,1,23.0,37.0,voiture,utilitaire_camion,1,2,1,1,2
202000029369,2020-11-02 08:05:00,2020,11,2,8,5,35,35238,RN 136,48.08823,-1.63401,Plein jour,Hors agglomération,Hors intersection,Pluie légère,Trois véhicules et plus - en chaîne,2,3,4,0,1,1,2,0,1,90,3,3,1,0,0,2,37.0,18.0,voiture,voiture,1,1,1,2,4
202000029370,2020-11-02 12:25:00,2020,11,2,12,25,33,33318,AVE DU BOURGAILH / ROCADE A630 Ech13,44.80354,-0.66217,Plein jour,En agglomération,Intersection en X,Normale,Deux véhicules - côté,1,1,2,0,1,1,1,3,8,50,2,2,1,0,0,1,20.0,36.0,deux_roues,voiture,1,2,2,1,3
202000029371,2020-10-30 19:10:00,2020,10,30,19,10,31,31555,RUE HENRI DESBALS,43.57975,1.41204,Nuit avec éclairage non allumé,En agglomération,Hors intersection,Normale,Deux véhicules - frontale,4,3,4,0,1,1,1,0,1,50,2,2,1,0,0,1,33.0,46.0,voiture,voiture,4,2,1,1,1
202000029372,2020-11-02 17:17:00,2020,11,2,17,17,27,27701,avenue des métiers,49.2459,1.1739,Crépuscule ou aube,En agglomération,Intersection en T,Temps couvert,Deux véhicules - frontale,4,2,3,0,1,1,1,5,1,50,2,2,1,1,0,0,51.0,40.0,deux_roues,transport_commun,2,2,3,8,1
202000029373,2020-11-02 07:35:00,2020,11,2,7,35,26,26198,20 Avenue John Fitzgerald Kennedy,44.55436,4.73879,Crépuscule ou aube,En agglomération,Hors intersection,Pluie légère,Deux véhicules - côté,3,2,2,0,1,1,2,0,1,50,2,2,1,0,0,1,33.0,51.0,deux_roues,voiture,2,2,1,2,3
202000029374,2020-10-29 22:50:00,2020,10,29,22,50,22,22106,RN12,48.49667,-2.72413,Nuit sans éclairage public,Hors agglomération,Hors intersection,Normale,Deux véhicules - arrière,2,3,4,0,1,2,1,0,1,90,2,3,0,0,0,3,37.0,72.0,voiture,voiture,3,1,1,1,2
202000029375,2020-11-02 15:20:00,2020,11,2,15,20,17,17306,CHATEAU D'EAU (DU),45.62392,-1.03539,Plein jour,En agglomération,Hors intersection,Pluie légère,Autre collision,4,2,1,0,4,1,2,0,1,50,1,1,0,0,0,1,83.0,,voiture,,1,2,1,2,6
202000029376,2020-10-27 07:20:00,2020,10,27,7,20,13,13108,RD 970 ROUTE D'AVIGNON,43.77162,4.68901,Plein jour,Hors agglomération,Hors intersection,Normale,Deux véhicules - arrière,3,2,2,0,1,1,1,0,1,80,2,1,0,0,1,0,60.0,,deux_roues,,1,1,1,1,2
202000029377,2020-11-02 13:50:00,2020,11,2,13,50,13,13209,VALLON DE TOULOUSE (RUE),43.268054,5.41837,Plein jour,En agglomération,Intersection en T,Normale,Deux véhicules - frontale,4,2,0,0,1,1,1,0,1,50,2,1,0,0,0,1,72.0,,voiture,,1,2,3,1,1