accident_id,datetime,annee,mois,jour,heure,minute,departement,commune_insee,adresse,latitude,longitude,luminosite,agglomeration,intersection,meteo,collision,catr,circ,nbv,vosp,prof,plan,surf,infra,situ,vma,nb_vehicules,nb_usagers,nb_indemnes,nb_tues,nb_blesses_hosp,nb_blesses_legers,age_cond_1,age_cond_2,veh_type_cond_1,veh_type_cond_2,lum_code,agg_code,int_code,atm_code,col_code
202000029378,2020-11-02 10:45:00,2020,11,2,10,45,13,13203,CRIMEE (RUE DE),43.307772,5.379783,Plein jour,En agglomération,Hors intersection,Normale,Deux véhicules - côté,4,1,1,0,1,1,1,0,1,50,2,2,1,0,0,1,47.0,17.0,deux_roues,deux_roues,1,2,1,1,3
202000029379,2020-11-02 00:35:00,2020,11,2,0,35,13,13211,MILLIERE (BOULEVARD DE LA ),43.28324,5.49657,Nuit avec éclairage allumé,En agglomération,Hors intersection,Normale,Sans collision,3,2,2,0,1,3,1,0,4,50,1,1,0,0,0,1,37.0,,voiture,,5,2,1,1,7
202000029380,2020-10-30 05:15:00,2020,10,30,5,15,13,13047,R.N 569,43.56507,4.97539,Nuit sans éclairage public,Hors agglomération,Hors intersection,Normale,Sans collision,2,2,2,0,1,1,1,0,1,80,1,1,0,0,0,1,37.0,,voiture,,3,1,1,1,7
202000029381,2020-11-01 07:15:00,2020,11,1,7,15,13,13001,ENFANT (RTE DE L'),43.49664,5.37746,Crépuscule ou aube,Hors agglomération,Hors intersection,Normale,Sans collision,4,2,2,0,1,3,1,0,3,70,1,1,0,0,1,0,54.0,,voiture,,2,1,1,1,7
202000029382,2020-11-01 14:23:00,2020,11,1,14,23,06,06027,COMBES RUE DES,43.6644,7.1476,Plein jour,En agglomération,Hors intersection,Normale,Autre collision,4,2,1,0,2,4,9,0,1,30,1,1,0,0,0,1,15.0,,deux_roues,,1,2,1,1,6
202000029383,2020-10-29 16:30:00,2020,10,29,16,30,04,04070,Allée des fontainiers / rue des charrois,44.09294,6.23193,Plein jour,En agglomération,Intersection en X,Normale,Deux véhicules - côté,4,1,1,0,1,1,1,0,1,50,2,3,0,0,1,2,28.0,18.0,voiture,deux_roues,1,2,2,1,3
202000029384,2020-11-02 00:55:00,2020,11,2,0,55,75,75117,BOULEVARD PERIPHERIQUE,48.882994,2.28362,Nuit avec éclairage allumé,En agglomération,Intersection en Y,Normale,Autre collision,4,1,2,0,2,1,1,0,1,70,1,1,0,0,0,1,27.0,,deux_roues,,5,2,4,1,6
202000029385,2020-11-02 16:55:00,2020,11,2,16,55,75,75118,BOULEVARD BARBES,48.885254,2.349518,Nuit sans éclairage public,En agglomération,Intersection en T,Pluie légère,Autre collision,4,2,4,1,1,1,2,-1,5,50,1,2,1,0,0,1,32.0,,deux_roues,,3,2,3,2,6
202000029386,2020-11-02 09:15:00,2020,11,2,9,15,75,75118,RUE DU POTEAU,48.897725,2.337505,Plein jour,En agglomération,Intersection en X,Normale,Deux véhicules - arrière,4,2,2,0,1,1,1,0,1,50,2,2,1,0,0,1,28.0,58.0,deux_roues,voiture,1,2,2,1,2
202000029387,2020-11-01 13:05:00,2020,11,1,13,5,75,75116,AVENUE GEORGES LAFONT,48.837493,2.256803,Plein jour,En agglomération,Place,Normale,Deux véhicules - arrière,4,2,4,0,1,1,1,0,1,50,2,2,1,0,0,1,38.0,77.0,deux_roues,voiture,1,2,7,1,2
202000029388,2020-11-02 08:30:00,2020,11,2,8,30,75,75111,PASSAGE CHARLES DALLERY,48.853304,2.378727,Plein jour,En agglomération,Intersection en T,Temps couvert,Autre collision,4,2,2,0,1,1,1,0,1,30,1,2,1,0,0,1,41.0,,voiture,,1,2,3,8,6
202000029389,2020-11-02 17:35:00,2020,11,2,17,35,75,75107,PLACE DE L ECOLE MILITAIRE,48.854271,2.305449,Crépuscule ou aube,En agglomération,Intersection en X,Normale,Deux véhicules - côté,4,2,6,0,1,1,2,0,1,50,2,2,1,0,0,1,74.0,51.0,deux_roues,voiture,2,2,2,1,3
202000029390,2020-11-02 09:30:00,2020,11,2,9,30,75,75107,RUE DUROC,48.848296,2.315765,Plein jour,En agglomération,Intersection en T,Normale,Deux véhicules - côté,4,2,2,0,1,1,1,0,1,50,2,3,2,0,0,1,46.0,51.0,voiture,deux_roues,1,2,3,1,3
202000029391,2020-11-02 12:15:00,2020,11,2,12,15,94,94078,PRESIDENT JOHN FITZGERALD KENNEDY (AV DU,48.73132,2.45889,Plein jour,En agglomération,Intersection en X,Normale,Autre collision,3,3,2,0,1,1,1,5,6,50,1,1,0,0,0,1,,,,,1,2,2,1,6
202000029392,2020-11-01 22:00:00,2020,11,1,22,0,94,94046,GENERAL LECLERC (AV DU),48.80538,2.44157,Nuit avec éclairage allumé,En agglomération,Intersection en T,Pluie légère,Deux véhicules - côté,3,3,2,0,1,1,2,0,6,50,2,2,1,0,0,1,27.0,44.0,deux_roues,voiture,5,2,3,2,3
202000029393,2020-11-02 20:20:00,2020,11,2,20,20,94,94043,FONTAINEBLEAU (AV DE),48.81275,2.36137,Nuit avec éclairage allumé,En agglomération,Hors intersection,Normale,Trois véhicules et plus - en chaîne,3,2,2,0,1,1,1,0,1,50,3,3,2,0,0,1,33.0,28.0,utilitaire_camion,deux_roues,5,2,1,1,4
202000029394,2020-11-02 17:50:00,2020,11,2,17,50,94,94037,GABRIEL PERI (R),48.810073,2.349703,Nuit avec éclairage allumé,En agglomération,Hors intersection,Normale,Autre collision,3,2,2,0,1,1,1,9,1,50,1,2,1,0,0,1,27.0,,deux_roues,,5,2,1,1,6
202000029395,2020-11-02 18:30:00,2020,11,2,18,30,94,94028,BROSSOLETTE(AVENUE PIERRE),48.79067,2.46275,Nuit avec éclairage allumé,En agglomération,Hors intersection,Temps couvert,Deux véhicules - côté,3,2,4,1,1,1,2,0,1,50,2,2,1,0,0,1,48.0,58.0,deux_roues,voiture,5,2,1,8,3
202000029396,2020-11-02 08:05:00,2020,11,2,8,5,94,94017,LOUIS TALAMONI (R),48.81296,2.5133,Plein jour,En agglomération,Hors intersection,Normale,Deux véhicules - côté,3,2,1,0,1,1,1,0,1,15,2,2,1,0,0,1,40.0,38.0,voiture,deux_roues,1,2,1,1,3
202000029397,2020-11-02 13:00:00,2020,11,2,13,0,94,94078,PARIS (R DE),48.739844,2.446602,Plein jour,En agglomération,Hors intersection,Normale,Deux véhicules - arrière,2,1,2,0,1,1,1,0,1,50,2,2,1,0,0,1,24.0,30.0,voiture,deux_roues,1,2,1,1,2
202000029398,2020-11-02 10:00:00,2020,11,2,10,0,93,93078,AV VAUBAN,48.96682,2.55209,Plein jour,En agglomération,Autre intersection,Normale,Deux véhicules - arrière,3,2,2,0,1,1,1,9,1,50,2,2,1,0,0,1,18.0,56.0,deux_roues,voiture,1,2,9,1,2
202000029399,2020-11-02 09:50:00,2020,11,2,9,50,93,93005,PREFET CHALEIL (CD44) (RUE DU),48.9399107,2.5056889,Plein jour,En agglomération,Hors intersection,Normale,Autre collision,3,2,2,0,1,1,1,0,1,50,1,1,0,0,0,1,38.0,,voiture,,1,2,1,1,6
202000029400,2020-11-02 08:54:00,2020,11,2,8,54,92,92044,CARNOT(RUE) 73+ ET 60+,48.8932,2.2854,Plein jour,En agglomération,Intersection en T,Normale,Autre collision,4,-1,2,0,1,2,1,9,1,50,1,3,2,0,0,1,58.0,,voiture,,1,2,3,1,6
202000029401,2020-11-03 16:30:00,2020,11,3,16,30,35,35180,Lanjouan,48.302191,-1.927377,Crépuscule ou aube,Hors agglomération,Hors intersection,Normale,Deux véhicules - frontale,3,2,2,0,1,1,1,0,1,80,2,4,2,0,2,0,41.0,25.0,voiture,voiture,2,1,1,1,1
202000029402,2020-11-03 07:05:00,2020,11,3,7,5,22,22237,13 Rue Chateaubriand,48.530727,-2.267153,Nuit avec éclairage allumé,En agglomération,Hors intersection,Normale,Autre collision,3,2,2,0,1,1,1,0,1,30,1,2,1,0,0,1,32.0,,voiture,,5,2,1,1,6
202000029403,2020-11-01 21:55:00,2020,11,1,21,55,37,37264,,47.3277554,0.4726719,Nuit sans éclairage public,Hors agglomération,Hors intersection,Normale,Sans collision,1,3,4,0,1,1,2,0,1,130,1,1,0,0,0,1,32.0,,voiture,,3,1,1,1,7
202000029404,2020-09-04 00:00:00,2020,9,4,0,0,59,59485,D45,50.155339,3.425164,Nuit sans éclairage public,Hors agglomération,Hors intersection,Pluie légère,Autre collision,3,2,2,0,1,4,2,0,3,80,1,1,0,0,1,0,33.0,,voiture,,3,1,1,2,6
202000029405,2020-11-02 18:00:00,2020,11,2,18,0,67,67121,D208,48.165924,7.502562,Nuit sans éclairage public,Hors agglomération,Hors intersection,Normale,Deux véhicules - arrière,3,2,2,0,1,1,1,0,1,80,2,2,1,0,0,1,23.0,36.0,voiture,utilitaire_camion,3,1,1,1,2
202000029406,2020-11-03 12:00:00,2020,11,3,12,0,79,79103,,46.765412,-0.568027,Plein jour,Hors agglomération,Hors intersection,Normale,Deux véhicules - frontale,3,2,2,0,2,1,1,0,1,90,2,3,1,0,0,2,47.0,29.0,utilitaire_camion,utilitaire_camion,1,1,1,1,1
202000029407,2020-11-02 17:15:00,2020,11,2,17,15,89,89209,D42,48.1641935,2.9437749,Crépuscule ou aube,Hors agglomération,Intersection en T,Pluie légère,Deux véhicules - côté,3,2,2,0,1,1,2,0,1,80,2,4,1,0,3,0,16.0,20.0,voiture,voiture,2,1,3,2,3
202000029408,2020-10-31 15:50:00,2020,10,31,15,50,46,46145,D820,44.906894,1.486073,Plein jour,Hors agglomération,Hors intersection,Normale,Autre collision,3,2,2,0,2,2,1,0,3,-1,1,1,0,0,1,0,22.0,,deux_roues,,1,1,1,1,6
202000029409,2020-11-02 19:10:00,2020,11,2,19,10,46,46176,D802,44.656794,1.852162,Nuit sans éclairage public,Hors agglomération,Giratoire,Normale,Autre collision,3,2,2,0,1,1,1,0,3,80,1,1,0,0,1,0,34.0,,utilitaire_camion,,3,1,6,1,6
202000029410,2020-11-02 16:45:00,2020,11,2,16,45,22,22152,Z.a. de Kerfolic,48.7760934,-3.2472699,Plein jour,En agglomération,Giratoire,Normale,Deux véhicules - côté,3,2,2,0,1,1,1,0,1,50,2,2,1,0,0,1,52.0,61.0,voiture,voiture,1,2,6,1,3
202000029411,2020-11-02 21:10:00,2020,11,2,21,10,22,22238,Manac'Hti,48.590873,-3.566099,Nuit sans éclairage public,Hors agglomération,Hors intersection,Normale,Sans collision,4,2,2,0,1,1,2,0,1,80,1,1,0,0,1,0,23.0,,voiture,,3,1,1,1,7
202000029412,2020-11-03 12:15:00,2020,11,3,12,15,44,44211,Rue du Rouallo,47.351908,-2.507914,Plein jour,En agglomération,Intersection en T,Normale,Deux véhicules - arrière,4,2,2,0,1,1,1,5,1,50,2,2,1,0,1,0,21.0,40.0,deux_roues,voiture,1,2,3,1,2
202000029413,2020-11-02 12:49:00,2020,11,2,12,49,29,29279,Keridou,48.576284,-3.91869,Plein jour,Hors agglomération,Intersection en T,Normale,Deux véhicules - côté,4,2,2,0,2,4,1,5,1,50,2,2,1,0,1,0,48.0,16.0,voiture,deux_roues,1,1,3,1,3
202000029414,2020-11-01 09:00:00,2020,11,1,9,0,31,31397,D632,43.3491633,0.7172251,Plein jour,Hors agglomération,Hors intersection,Normale,Autre collision,3,2,2,0,1,3,1,0,3,80,1,1,0,0,1,0,19.0,,voiture,,1,1,1,1,6
202000029415,2020-11-02 20:50:00,2020,11,2,20,50,45,45146,D 2020,47.69691,1.951468,Nuit sans éclairage public,Hors agglomération,Hors intersection,Pluie légère,Autre collision,3,2,2,0,1,1,2,0,1,90,1,1,0,0,0,1,20.0,,deux_roues,,3,1,1,2,6
202000029416,2020-10-29 18:15:00,2020,10,29,18,15,45,45193,D14,47.810561,2.050924,Nuit sans éclairage public,Hors agglomération,Hors intersection,Normale,Deux véhicules - frontale,3,2,2,0,1,1,1,0,1,70,2,2,0,0,1,1,23.0,36.0,voiture,voiture,3,1,1,1,1
202000029417,2020-10-31 09:30:00,2020,10,31,9,30,64,64417,23 Rue Clémenceau,43.179671,-0.261607,Plein jour,En agglomération,Intersection en T,Normale,Autre collision,3,1,1,0,1,1,1,0,1,50,1,2,1,0,0,1,70.0,,voiture,,1,2,3,1,6
202000029418,2020-01-30 16:55:00,2020,1,30,16,55,36,36088,Rue de l'Egalité,46.950497,1.99463,Plein jour,En agglomération,Hors intersection,Normale,Autre collision,4,2,2,0,1,1,1,0,1,50,1,2,1,0,1,0,78.0,,voiture,,1,2,1,1,6
202000029419,2020-11-02 12:40:00,2020,11,2,12,40,987,98738,RT1,-17.62188,-149.613646,Plein jour,En agglomération,Hors intersection,Normale,Deux véhicules - côté,2,2,2,0,1,1,1,0,1,-1,2,2,1,0,0,1,41.0,25.0,voiture,deux_roues,1,2,1,1,3
202000029420,2020-10-31 17:20:00,2020,10,31,17,20,35,35131,Rond point des Mares Noires,48.129001,-1.828076,Crépuscule ou aube,Hors agglomération,Giratoire,Normale,Autre collision,3,-1,2,0,1,3,2,5,1,80,1,1,0,0,1,0,51.0,,deux_roues,,2,1,6,1,6
202000029421,2020-11-02 15:30:00,2020,11,2,15,30,971,97121,Mahault,16.195409,-61.781723,Plein jour,En agglomération,Hors intersection,Normale,Deux véhicules - arrière,2,2,2,0,1,1,1,2,1,50,2,2,1,0,1,0,20.0,19.0,voiture,deux_roues,1,2,1,1,2
202000029422,2020-11-02 17:00:00,2020,11,2,17,0,78,78562,20 Rue Octave Allaire,48.719328,1.763869,Plein jour,En agglomération,Hors intersection,Normale,Autre collision,4,1,1,0,1,1,2,0,1,30,1,1,0,0,1,0,,,,,1,2,1,1,6
202000029423,2020-11-01 14:00:00,2020,11,1,14,0,84,84012,"D90, route de Lafare",44.140303,5.046802,Plein jour,Hors agglomération,Hors intersection,Normale,Deux véhicules - frontale,3,2,2,0,1,3,1,0,1,80,2,2,1,0,1,0,34.0,34.0,utilitaire_camion,voiture,1,1,1,1,1
202000029424,2020-11-03 07:50:00,2020,11,3,7,50,89,89399,pk 67+450 a5,48.259113,3.326154,Crépuscule ou aube,Hors agglomération,Hors intersection,Normale,Autre collision,1,3,4,0,2,1,1,2,3,130,1,1,0,0,1,0,20.0,,voiture,,2,1,1,1,6
202000029425,2020-11-02 20:15:00,2020,11,2,20,15,54,54090,D321,48.7495254,6.160959,Nuit sans éclairage public,Hors agglomération,Hors intersection,Pluie légère,Deux véhicules - côté,3,2,2,0,1,1,2,3,1,70,2,1,0,0,0,1,20.0,,deux_roues,,3,1,1,2,3
202000029426,2020-10-28 15:40:00,2020,10,28,15,40,42,42168,D62,45.437678,4.645479,Plein jour,Hors agglomération,Hors intersection,Pluie légère,Sans collision,3,2,2,0,2,1,2,0,1,80,1,1,0,0,1,0,48.0,,deux_roues,,1,1,1,2,7
202000029427,2020-10-23 10:10:00,2020,10,23,10,10,01,01249,1 Rue Joseph Carre,45.825248,4.953933,Plein jour,En agglomération,Hors intersection,Pluie légère,Autre collision,3,2,2,0,1,1,2,0,1,50,1,2,1,0,1,0,23.0,,voiture,,1,2,1,2,6
202000029428,2020-11-03 15:18:00,2020,11,3,15,18,01,01211,D22,46.129233,5.191512,Plein jour,Hors agglomération,Hors intersection,Pluie légère,Deux véhicules - frontale,3,2,2,0,2,2,2,0,1,80,2,2,0,0,0,2,43.0,33.0,voiture,voiture,1,1,1,2,1
202000029429,2020-10-09 16:00:00,2020,10,9,16,0,59,59178,PERRIN (RUE JEAN),50.3974,3.1034,Plein jour,En agglomération,Hors intersection,Normale,Autre collision,4,2,2,0,1,1,1,0,1,50,1,2,1,1,0,0,53.0,,utilitaire_camion,,1,2,1,1,6
202000029430,2020-06-04 12:45:00,2020,6,4,12,45,01,01451,PARIS (ROUTE DE),46.228752,5.203348,Plein jour,En agglomération,Hors intersection,Normale,Deux véhicules - frontale,3,3,4,0,1,1,1,0,1,90,2,2,0,0,0,2,38.0,47.0,voiture,voiture,1,2,1,1,1
202000029431,2020-06-03 20:10:00,2020,6,3,20,10,75,75118,PORTE DE CLIGNANCOURT,48.900984,2.348038,Plein jour,En agglomération,Hors intersection,Normale,Trois véhicules et plus - en chaîne,4,1,4,0,1,1,1,0,1,70,4,4,3,0,0,1,48.0,24.0,voiture,voiture,1,2,1,1,4
202000029432,2020-06-03 13:45:00,2020,6,3,13,45,75,75114,PORTE D ORLEANS,48.819808,2.327024,Plein jour,En agglomération,Hors intersection,Normale,Deux véhicules - côté,4,1,3,0,1,1,1,0,1,70,2,2,1,0,0,1,65.0,59.0,deux_roues,voiture,1,2,1,1,3
202000029433,2020-06-03 18:18:00,2020,6,3,18,18,75,75113,BOULEVARD PERIPHERIQUE EXTERIEUR SUD,48.81864,2.370657,Plein jour,En agglomération,Intersection en Y,Normale,Deux véhicules - arrière,4,1,2,0,4,1,1,0,1,50,2,2,1,1,0,0,28.0,36.0,deux_roues,utilitaire_camion,1,2,4,1,2
202000029434,2020-06-01 18:25:00,2020,6,1,18,25,75,75105,RUE DES FOSSES SAINT BERNARD,48.848333,2.354592,Plein jour,En agglomération,Hors intersection,Normale,Autre collision,4,2,2,0,1,1,1,0,1,50,1,2,1,1,0,0,21.0,,deux_roues,,1,2,1,1,6
202000029435,2020-06-04 13:10:00,2020,6,4,13,10,75,75120,RUE DE BELLEVILLE,48.872351,2.377849,Plein jour,En agglomération,Hors intersection,Normale,Autre collision,4,2,2,0,1,1,1,0,1,50,1,2,1,0,0,1,38.0,,deux_roues,,1,2,1,1,6
202000029436,2020-06-04 16:40:00,2020,6,4,16,40,75,75118,RUE ORDENER,48.89025,2.358319,Plein jour,En agglomération,Intersection en T,Temps couvert,Autre collision,4,2,2,0,1,1,2,0,1,50,1,2,1,0,0,1,41.0,,voiture,,1,2,3,8,6
202000029437,2020-06-04 10:05:00,2020,6,4,10,5,75,75117,AVENUE DE CLICHY,48.892986,2.316056,Plein jour,En agglomération,Intersection en T,Pluie légère,Autre collision,4,2,3,0,1,1,2,0,1,50,1,2,0,0,0,2,30.0,,deux_roues,,1,2,3,2,6
202000029438,2020-06-04 09:45:00,2020,6,4,9,45,75,75116,AVENUE D IENA,48.873207,2.29511,Plein jour,En agglomération,Place,Pluie légère,Deux véhicules - arrière,4,2,4,0,1,1,2,0,1,50,2,2,1,0,0,1,33.0,29.0,voiture,voiture,1,2,7,2,2
202000029439,2020-06-03 23:30:00,2020,6,3,23,30,75,75108,PLACE GABRIEL PERI,48.87534,2.324839,Nuit avec éclairage allumé,En agglomération,Place,Pluie forte,Autre collision,4,2,4,3,1,1,2,0,1,50,1,2,1,0,0,1,35.0,,voiture,,5,2,7,3,6
202000029440,2020-06-04 12:00:00,2020,6,4,12,0,75,75114,RUE D ALESIA,48.827569,2.334255,Plein jour,En agglomération,Hors intersection,Pluie légère,Deux véhicules - arrière,4,2,2,0,1,1,2,0,1,50,2,2,1,0,0,1,26.0,35.0,utilitaire_camion,deux_roues,1,2,1,2,2
202000029441,2020-06-04 13:20:00,2020,6,4,13,20,75,75112,AVENUE DE LA PORTE DE VINCENNES,48.84658,2.41568,Plein jour,En agglomération,Hors intersection,Temps couvert,Deux véhicules - côté,4,2,8,0,1,1,2,0,1,50,2,1,0,0,0,1,21.0,,deux_roues,,1,2,1,8,3
202000029442,2020-06-04 09:10:00,2020,6,4,9,10,75,75110,RUE LA FAYETTE,48.879723,2.358682,Plein jour,En agglomération,Intersection en X,Pluie légère,Deux véhicules - côté,4,2,4,0,1,1,2,0,1,50,2,2,1,0,0,1,27.0,46.0,deux_roues,utilitaire_camion,1,2,2,2,3
202000029443,2020-06-03 23:14:00,2020,6,3,23,14,75,75107,BOULEVARD DES INVALIDES,48.8505547,2.3145264,Nuit avec éclairage allumé,En agglomération,Place,Pluie légère,Sans collision,4,3,4,3,1,1,2,0,1,50,1,2,0,0,0,2,80.0,,voiture,,5,2,7,2,7
202000029444,2020-06-04 14:05:00,2020,6,4,14,5,75,75102,BOULEVARD DE BONNE NOUVELLE,48.869715,2.351944,Plein jour,En agglomération,Intersection en Y,Normale,Autre collision,4,1,1,0,2,1,2,6,1,20,1,2,1,0,0,1,45.0,,utilitaire_camion,,1,2,4,1,6
202000029445,2020-06-02 13:30:00,2020,6,2,13,30,75,75104,QUAI DES CELESTINS,48.851175,2.36242,Plein jour,En agglomération,Intersection en T,Normale,Deux véhicules - côté,4,1,2,0,1,1,1,0,1,30,2,2,1,0,0,1,63.0,49.0,deux_roues,voiture,1,2,3,1,3
202000029446,2020-06-03 20:28:00,2020,6,3,20,28,94,94078,HUIT MAI 1945 (AV DU),48.72796,2.44575,Plein jour,En agglomération,Hors intersection,Normale,Deux véhicules - arrière,2,2,5,0,1,1,1,0,1,50,2,2,1,0,0,1,28.0,52.0,voiture,voiture,1,2,1,1,2
202000029447,2020-06-02 19:30:00,2020,6,2,19,30,94,94041,HOCHE (R),48.81207,2.37127,Plein jour,En agglomération,Intersection en T,Normale,Deux véhicules - côté,3,2,0,2,1,1,1,0,1,50,2,2,1,0,0,1,63.0,23.0,voiture,deux_roues,1,2,3,1,3
202000029448,2020-06-04 17:30:00,2020,6,4,17,30,94,94028,TASSIGNY(AVE DU MARECHAL DE LATTRE DE),48.8008,2.4505,Plein jour,En agglomération,Hors intersection,Pluie légère,Autre collision,3,1,3,0,1,1,2,0,1,50,1,2,1,0,0,1,55.0,,voiture,,1,2,1,2,6
202000029449,2020-06-04 08:45:00,2020,6,4,8,45,94,94060,GENERAL DE GAULLE (R DU),48.7819,2.5705,Plein jour,En agglomération,Hors intersection,Pluie forte,Sans collision,3,2,4,0,1,1,2,0,1,50,1,1,0,0,0,1,57.0,,deux_roues,,1,2,1,3,7
202000029450,2020-10-01 08:00:00,2020,10,1,8,0,93,93008,A86,48.9635,2.5216,Nuit avec éclairage allumé,Hors agglomération,Hors intersection,Pluie légère,Deux véhicules - arrière,1,3,4,0,1,1,2,1,1,70,2,2,1,0,0,1,32.0,39.0,deux_roues,voiture,5,1,1,2,2
202000029451,2020-06-03 23:30:00,2020,6,3,23,30,93,93071,LIEGEARD (AVENUE),48.9276387,2.5194093,Nuit avec éclairage allumé,En agglomération,Intersection en T,Pluie légère,Deux véhicules - côté,3,4,2,0,1,1,2,5,1,50,2,2,1,0,0,1,59.0,,voiture,,5,2,3,2,3
202000029452,2020-10-01 10:15:00,2020,10,1,10,15,92,92036,AUTOROUTE A15,48.93963,2.29452,Plein jour,Hors agglomération,Hors intersection,Pluie légère,Deux véhicules - côté,1,-1,8,0,1,2,2,0,1,90,2,2,1,0,0,1,43.0,50.0,deux_roues,voiture,1,1,1,2,3
202000029453,2020-06-04 12:35:00,2020,6,4,12,35,93,93077,DETOUCHE (AVENUE),48.88471,2.51156,Plein jour,En agglomération,Intersection en X,Pluie légère,Deux véhicules - côté,4,-1,1,0,2,1,2,0,1,50,2,2,1,0,0,1,71.0,30.0,voiture,deux_roues,1,2,2,2,3
202000029454,2020-10-01 08:40:00,2020,10,1,8,40,93,93066,AUTOROUTE A1,48.92932,2.36098,Plein jour,Hors agglomération,Hors intersection,Pluie légère,Deux véhicules - côté,1,3,10,0,1,1,2,0,1,90,2,2,1,0,0,1,63.0,29.0,utilitaire_camion,voiture,1,1,1,2,3
202000029455,2020-10-02 16:30:00,2020,10,2,16,30,94,94073,A86 EXT,48.770251,2.38312,Plein jour,Hors agglomération,Autre intersection,Pluie légère,Deux véhicules - côté,1,1,4,0,1,1,2,0,1,90,2,2,1,0,0,1,24.0,22.0,voiture,deux_roues,1,1,9,2,3
202000029456,2020-06-04 12:30:00,2020,6,4,12,30,93,93027,VAILLANT-COUTURIER (AVENUE PAUL),48.9179639,2.4076631,Plein jour,En agglomération,Intersection en X,Pluie légère,Deux véhicules - côté,3,2,2,0,1,1,2,0,1,50,2,2,1,0,0,1,33.0,50.0,deux_roues,voiture,1,2,2,2,3
202000029457,2020-02-25 18:00:00,2020,2,25,18,0,52,52121,ROBESPIERRE (RUE),48.10266,5.13462,Crépuscule ou aube,En agglomération,Hors intersection,Normale,Deux véhicules - arrière,4,2,2,0,1,1,1,0,1,50,2,2,1,0,1,0,22.0,36.0,voiture,deux_roues,2,2,1,1,2
202000029458,2020-06-11 14:05:00,2020,6,11,14,5,05,05061,CAPITAINE PELLEGRIN (RUE),44.56935,6.08224,Plein jour,En agglomération,Hors intersection,Temps couvert,Autre collision,4,2,2,0,1,1,1,0,1,50,1,1,0,0,0,1,,,,,1,2,1,8,6
202000029459,2020-06-04 19:15:00,2020,6,4,19,15,93,93047,BD DE L'EUROPE / AV DES MESANGES,48.896796,2.563727,Plein jour,En agglomération,Intersection en T,Pluie légère,Deux véhicules - côté,3,3,2,0,2,1,2,0,1,30,2,2,1,0,1,0,22.0,43.0,voiture,voiture,1,2,3,2,3
202000029460,2020-01-01 20:15:00,2020,1,1,20,15,93,93031,PARIS (RUE DE),48.95393,2.31085,Nuit avec éclairage allumé,En agglomération,Intersection en T,Pluie légère,Deux véhicules - arrière,4,2,2,0,1,1,2,0,1,50,2,5,4,0,0,1,28.0,39.0,utilitaire_camion,voiture,5,2,3,2,2
202000029461,2020-06-04 20:10:00,2020,6,4,20,10,93,93010,GALLIENI (AV.) DE 111 A 175,48.9059086,2.4795328,Plein jour,En agglomération,Hors intersection,Normale,Trois véhicules et plus - en chaîne,3,3,2,0,2,1,1,2,1,50,3,3,2,0,0,1,39.0,35.0,voiture,voiture,1,2,1,1,4
202000029462,2020-09-30 17:40:00,2020,9,30,17,40,974,97416,FLAMBOYANTS (CHEMIN) L400,-21.27902,55.50018,Plein jour,En agglomération,Hors intersection,Normale,Deux véhicules - côté,4,2,2,0,1,1,1,0,1,50,2,2,1,0,0,1,26.0,20.0,voiture,deux_roues,1,2,1,1,3
202000029463,2020-06-04 10:05:00,2020,6,4,10,5,93,93005,R PAUL CEZANNE,48.95475,2.5101,Plein jour,Hors agglomération,Hors intersection,Pluie légère,Trois véhicules et plus - en chaîne,3,1,2,0,3,1,2,9,1,50,4,5,4,0,0,1,33.0,21.0,voiture,voiture,1,1,1,2,4
202000029464,2020-10-01 18:55:00,2020,10,1,18,55,973,97302,TIGRE (ROUTE DU),4.9145447,-52.3098725,Nuit avec éclairage allumé,En agglomération,Hors intersection,Normale,Deux véhicules - côté,3,4,2,0,1,1,1,0,1,50,2,2,1,0,0,1,44.0,24.0,voiture,deux_roues,5,2,1,1,3
202000029465,2020-06-05 20:30:00,2020,6,5,20,30,22,22056,Rue des Rochers,48.383561,-1.981133,Plein jour,En agglomération,Hors intersection,Normale,Sans collision,3,2,2,0,1,1,9,0,1,50,1,1,0,0,1,0,18.0,,deux_roues,,1,2,1,1,7
202000029466,2020-10-01 13:10:00,2020,10,1,13,10,973,97302,BADUEL (ROUTE DE),4.9331494,-52.309556,Plein jour,En agglomération,Giratoire,Temps éblouissant,Autre collision,3,2,3,0,1,1,1,5,6,50,1,3,2,0,0,1,55.0,,voiture,,1,2,6,7,6
202000029467,2020-06-03 11:07:00,2020,6,3,11,7,49,49244,La Perriere (st Laurent Mo (Saint-Laurent-du-Mottay),47.362574,-0.974447,Plein jour,Hors agglomération,Intersection en T,Normale,Deux véhicules - côté,3,2,2,0,2,1,1,0,1,80,2,2,1,0,0,1,63.0,22.0,deux_roues,voiture,1,1,3,1,3
202000029468,2020-06-04 11:35:00,2020,6,4,11,35,47,47225,D656 PK 53+600,44.155063,0.5511888,Plein jour,Hors agglomération,Hors intersection,Temps couvert,Autre collision,3,2,2,0,1,2,1,0,3,80,1,1,0,0,1,0,19.0,,voiture,,1,1,1,8,6
202000029469,2020-10-01 22:00:00,2020,10,1,22,0,69,69383,LACASSAGNE                          (AV),45.74638,4.88579,Nuit avec éclairage allumé,En agglomération,Intersection en T,Normale,Deux véhicules - côté,4,1,1,3,1,1,1,8,6,50,2,5,3,0,0,2,62.0,19.0,voiture,voiture,5,2,3,1,3
202000029470,2020-06-05 17:00:00,2020,6,5,17,0,62,62008,D225,50.717982,2.103238,Plein jour,Hors agglomération,Hors intersection,Normale,Trois véhicules et plus - collisions multiples,3,2,2,0,2,2,1,0,1,80,3,4,3,0,1,0,30.0,63.0,voiture,voiture,1,1,1,1,5