accident_id,datetime,annee,mois,jour,heure,minute,departement,commune_insee,adresse,latitude,longitude,luminosite,agglomeration,intersection,meteo,collision,catr,circ,nbv,vosp,prof,plan,surf,infra,situ,vma,nb_vehicules,nb_usagers,nb_indemnes,nb_tues,nb_blesses_hosp,nb_blesses_legers,age_cond_1,age_cond_2,veh_type_cond_1,veh_type_cond_2,lum_code,agg_code,int_code,atm_code,col_code
202000029655,2020-06-03 13:40:00,2020,6,3,13,40,64,64348,EUROPE DE L',43.3259,-0.3867,Plein jour,En agglomération,Giratoire,Pluie légère,Deux véhicules - côté,4,-1,2,0,1,2,2,0,1,50,2,2,1,0,0,1,57.0,21.0,utilitaire_camion,deux_roues,1,2,6,2,3
202000029656,2020-09-29 23:00:00,2020,9,29,23,0,94,94055,PROVINS (RTE DE),48.79554,2.55023,Nuit avec éclairage allumé,En agglomération,Intersection en X,Normale,Deux véhicules - côté,3,2,4,0,1,1,1,0,1,50,2,4,3,0,0,1,26.0,39.0,voiture,voiture,5,2,2,1,3
202000029657,2020-05-29 14:31:00,2020,5,29,14,31,63,63113,République/Michelet,45.7898,3.11068,Plein jour,En agglomération,Intersection en X,Normale,Deux véhicules - côté,4,2,4,0,1,1,1,0,1,50,2,3,0,0,0,3,30.0,40.0,voiture,utilitaire_camion,1,2,2,1,3
202000029658,2020-10-01 13:40:00,2020,10,1,13,40,93,93078,FOUCHET (RUE MAX POL),48.958144,2.5517553,Plein jour,En agglomération,Hors intersection,Normale,Autre collision,4,2,2,0,1,1,1,0,1,50,1,2,1,0,0,1,65.0,,voiture,,1,2,1,1,6
202000029659,2020-06-03 02:00:00,2020,6,3,2,0,59,59360,JOFFRE RUE DU MARECHAL,50.6165746,3.0051738,Nuit avec éclairage allumé,En agglomération,Hors intersection,Normale,Deux véhicules - côté,4,2,1,0,1,1,1,0,1,50,2,2,1,0,0,1,28.0,18.0,deux_roues,voiture,5,2,1,1,3
202000029660,2020-10-01 18:41:00,2020,10,1,18,41,93,93049,MEAUX (CHEMIN),48.8634946,2.5144784,Nuit avec éclairage allumé,En agglomération,Hors intersection,Normale,Deux véhicules - côté,3,2,2,0,1,1,1,0,1,50,2,2,1,0,0,1,35.0,61.0,voiture,deux_roues,5,2,1,1,3
202000029661,2020-06-02 16:05:00,2020,6,2,16,5,59,59648,CLEMENCEAU RUE,50.59843,3.05228,Plein jour,En agglomération,Hors intersection,Normale,Autre collision,7,3,4,0,2,1,1,5,8,50,1,1,0,0,1,0,,,,,1,2,1,1,6
202000029662,2020-06-03 18:30:00,2020,6,3,18,30,51,51454,Route de Witry,49.2671128,4.0655581,Plein jour,En agglomération,Intersection en T,Normale,Deux véhicules - arrière,2,2,2,0,1,1,1,0,1,50,2,2,1,0,0,1,24.0,34.0,voiture,voiture,1,2,3,1,2
202000029663,2020-10-01 21:50:00,2020,10,1,21,50,93,93007,"""JEAN JAURES (AVENUE """"DU 01 AU 19"""")""",48.92467,2.47071,Nuit avec éclairage allumé,En agglomération,Hors intersection,Normale,Autre collision,4,1,1,0,1,1,1,0,1,30,1,2,0,0,0,2,16.0,,voiture,,5,2,1,1,6
202000029664,2020-06-02 17:40:00,2020,6,2,17,40,51,51172,Boulevard d’Alsace Lorraine,49.2197817,4.0409274,Plein jour,En agglomération,Giratoire,Normale,Deux véhicules - arrière,4,2,2,0,1,1,1,0,1,50,2,2,1,0,0,1,55.0,50.0,voiture,voiture,1,2,6,1,2
202000029665,2020-09-28 18:30:00,2020,9,28,18,30,92,92063,BONAPARTE (AVENUE NAPOLEON) NORD,48.87624,2.17065,Plein jour,En agglomération,Hors intersection,Normale,,3,3,4,0,1,1,1,0,1,50,2,2,1,0,0,1,20.0,30.0,voiture,deux_roues,1,2,1,1,-1
202000029666,2020-05-26 17:15:00,2020,5,26,17,15,50,50129,LEMONNIER (AVENUE AMIRAL),49.63392,-1.60829,Plein jour,En agglomération,Hors intersection,Normale,Sans collision,6,-1,0,0,1,1,1,0,8,50,1,2,1,0,0,1,68.0,,voiture,,1,2,1,1,7
202000029667,2020-09-30 19:30:00,2020,9,30,19,30,92,92020,PARIS AVENUE DE N°2 A82,48.805525,2.290993,Crépuscule ou aube,En agglomération,Passage à niveau,Pluie légère,Autre collision,3,2,2,0,1,1,2,4,6,50,1,1,0,0,0,1,,,,,2,2,8,2,6
202000029668,2020-05-29 18:38:00,2020,5,29,18,38,49,49007,MAINE,47.47932,-0.54604,Plein jour,En agglomération,Hors intersection,Normale,Autre collision,4,2,2,0,1,1,1,0,1,60,1,2,1,0,0,1,24.0,,voiture,,1,2,1,1,6
202000029669,2020-10-01 10:56:00,2020,10,1,10,56,92,92020,VERDUN AVENUE DE AUTRES N°,48.7950864,2.2739618,Plein jour,En agglomération,Hors intersection,Pluie légère,Deux véhicules - arrière,3,2,3,0,2,1,2,0,1,50,2,3,2,0,0,1,52.0,42.0,deux_roues,voiture,1,2,1,2,2
202000029670,2020-05-29 13:10:00,2020,5,29,13,10,49,49007,ALLONNEAU(AUGUSTE) BOULEVARD,47.4809,-0.5274,Plein jour,En agglomération,Hors intersection,Normale,Deux véhicules - côté,4,2,2,0,1,1,1,0,1,60,2,3,1,0,0,2,46.0,34.0,voiture,voiture,1,2,1,1,3
202000029671,2020-10-01 15:15:00,2020,10,1,15,15,92,92026,MARECHAL JOFFRE (QUAI DU),48.90299,2.283522,Plein jour,En agglomération,Intersection en X,Pluie légère,Deux véhicules - arrière,3,3,4,0,1,1,2,0,1,70,2,2,1,0,0,1,40.0,34.0,voiture,utilitaire_camion,1,2,2,2,2
202000029672,2020-05-29 15:30:00,2020,5,29,15,30,49,49007,MARCEAU,47.46633,-0.55933,Plein jour,En agglomération,Hors intersection,Normale,Deux véhicules - côté,4,2,2,0,1,1,1,0,1,60,2,2,1,0,0,1,89.0,57.0,voiture,deux_roues,1,2,1,1,3
202000029673,2020-10-01 13:18:00,2020,10,1,13,18,92,92026,LEONARD DE VINCI,48.896839,2.23714,Plein jour,En agglomération,Hors intersection,Pluie légère,Deux véhicules - côté,4,2,2,0,1,1,1,0,1,50,2,3,1,0,0,2,20.0,16.0,voiture,deux_roues,1,2,1,2,3
202000029674,2020-05-29 10:45:00,2020,5,29,10,45,49,49007,BRISSAC,47.46411,-0.55041,Plein jour,En agglomération,Hors intersection,Normale,Autre collision,4,2,2,0,1,1,1,0,1,60,1,2,0,0,1,1,92.0,,voiture,,1,2,1,1,6
202000029675,2020-05-22 11:53:00,2020,5,22,11,53,92,92025,HENRI BARBUSSE (AV),48.917119,2.252711,Plein jour,En agglomération,Hors intersection,Normale,Autre collision,3,3,1,3,1,1,1,0,1,50,1,2,1,0,0,1,49.0,,voiture,,1,2,1,1,6
202000029676,2020-05-29 11:40:00,2020,5,29,11,40,49,49007,MONPLAISIR BOULEVARD,47.49122,-0.5288,Plein jour,En agglomération,Hors intersection,Normale,Deux véhicules - arrière,4,2,2,0,1,1,1,0,1,60,2,2,1,0,0,1,74.0,38.0,voiture,voiture,1,2,1,1,2
202000029677,2020-05-30 17:33:00,2020,5,30,17,33,49,49007,ESTIENNE D'ORVES BOULEVARD,47.45578,-0.52988,Plein jour,En agglomération,Hors intersection,Normale,Deux véhicules - côté,4,2,2,0,1,1,1,0,1,60,2,2,1,0,0,1,23.0,41.0,voiture,voiture,1,2,1,1,3
202000029678,2020-06-03 13:25:00,2020,6,3,13,25,45,45232,Rue de Champagne - rue de Bourges,47.8443271,1.9201453,Plein jour,En agglomération,Intersection en T,Normale,Trois véhicules et plus - en chaîne,4,2,1,0,1,1,1,0,1,50,3,3,2,0,0,1,51.0,65.0,deux_roues,voiture,1,2,3,1,4
202000029679,2020-06-03 11:40:00,2020,6,3,11,40,38,38151,Avenue du 8 Mai 1945,45.14518,5.71667,Plein jour,En agglomération,Hors intersection,Pluie légère,Deux véhicules - côté,4,2,-1,-1,1,1,2,0,1,-1,2,2,1,0,0,1,22.0,79.0,deux_roues,voiture,1,2,1,2,3
202000029680,2020-06-03 01:45:00,2020,6,3,1,45,37,37150,D34,47.3832712,0.4245785,Nuit avec éclairage allumé,En agglomération,Hors intersection,Normale,Autre collision,4,2,2,0,1,1,1,0,1,30,1,1,0,0,0,1,48.0,,voiture,,5,2,1,1,6
202000029681,2020-06-04 00:10:00,2020,6,4,0,10,34,34172,TOULOUSE (AVENUE DE,43.59522,3.86188,Nuit avec éclairage allumé,En agglomération,Intersection en T,Pluie légère,Deux véhicules - côté,4,2,4,1,2,1,2,5,5,50,2,2,1,0,1,0,28.0,59.0,deux_roues,voiture,5,2,3,2,3
202000029682,2020-10-01 11:30:00,2020,10,1,11,30,92,92044,CHARLES PASQUA(QUAI) 2 A 30,48.89666,2.27322,Plein jour,En agglomération,Intersection en X,Pluie légère,Deux véhicules - côté,3,1,2,0,1,1,2,0,1,50,2,2,1,0,0,1,54.0,54.0,deux_roues,voiture,1,2,2,2,3
202000029683,2020-06-03 20:35:00,2020,6,3,20,35,33,33522,CRS DE LA LIBERATION / AVE ROUL / AVE MARECHAL LECLERC,44.80686,-0.59175,Plein jour,En agglomération,Intersection en X,Normale,Deux véhicules - côté,4,2,4,2,1,1,1,5,1,50,2,2,1,0,0,1,28.0,24.0,voiture,deux_roues,1,2,2,1,3
202000029684,2020-10-01 19:15:00,2020,10,1,19,15,92,92012,GALLIENI (RUE) 1/53 - 2/48,48.8376,2.2479,Plein jour,En agglomération,Intersection à plus de 4 branches,Normale,Deux véhicules - frontale,4,2,2,0,1,1,1,5,1,50,2,2,1,0,0,1,40.0,20.0,deux_roues,voiture,1,2,5,1,1
202000029685,2020-10-02 16:50:00,2020,10,2,16,50,62,62453,D133,50.54376,2.20417,Plein jour,Hors agglomération,Hors intersection,Pluie légère,Autre collision,3,2,2,0,1,2,2,0,3,80,1,1,0,0,1,0,50.0,,voiture,,1,1,1,2,6
202000029686,2020-06-03 11:20:00,2020,6,3,11,20,33,33039,BD ALBERT 1ER / RUE THERESE ET LAURENT PUYOOU,44.8130519,-0.5625983,Plein jour,En agglomération,Intersection en T,Normale,Deux véhicules - arrière,4,3,4,2,1,1,1,0,1,50,2,2,1,0,1,0,39.0,48.0,voiture,deux_roues,1,2,3,1,2
202000029687,2020-09-03 14:50:00,2020,9,3,14,50,91,91544,D49,48.366643,2.139407,Plein jour,Hors agglomération,Hors intersection,Normale,Autre collision,3,2,2,0,1,3,1,0,3,80,1,1,0,0,1,0,23.0,,voiture,,1,1,1,1,6
202000029688,2020-06-03 10:20:00,2020,6,3,10,20,33,33318,AVE PASTEUR / RUE ANDRE PUJOL,44.8059318,-0.632586,Plein jour,En agglomération,Intersection en X,Normale,Deux véhicules - arrière,4,2,2,0,1,1,1,5,1,50,2,2,1,0,0,1,89.0,35.0,voiture,deux_roues,1,2,2,1,2
202000029689,2020-06-03 07:25:00,2020,6,3,7,25,31,31555,RTE D ESPAGNE,43.5669,1.42497,Plein jour,En agglomération,Hors intersection,Normale,Deux véhicules - côté,3,2,4,3,1,1,1,0,6,30,2,2,1,0,1,0,57.0,31.0,transport_commun,deux_roues,1,2,1,1,3
202000029690,2020-09-29 07:55:00,2020,9,29,7,55,57,57604,30 Rue de l'Europe,49.448234,6.369871,Crépuscule ou aube,En agglomération,Hors intersection,Pluie légère,Autre collision,3,2,2,0,4,1,2,0,1,50,1,2,1,0,0,1,23.0,,voiture,,2,2,1,2,6
202000029691,2020-09-29 06:15:00,2020,9,29,6,15,972,97212,Chemin Flamboyants (cr),14.712048,-61.021537,Plein jour,Hors agglomération,Hors intersection,Normale,Autre collision,3,2,2,0,1,1,2,0,1,-1,1,2,1,0,0,1,53.0,,voiture,,1,1,1,1,6
202000029692,2020-06-02 19:00:00,2020,6,2,19,0,22,22278,RIBOT (THEODULE),48.5168345,-2.7773738,Plein jour,En agglomération,Hors intersection,Normale,Deux véhicules - côté,4,2,2,0,1,1,1,0,1,50,2,2,1,0,0,1,20.0,72.0,deux_roues,voiture,1,2,1,1,3
202000029693,2020-10-01 10:05:00,2020,10,1,10,5,21,21247,A6,47.4876,4.149023,Plein jour,Hors agglomération,Hors intersection,Pluie légère,Deux véhicules - frontale,1,2,2,0,1,1,2,8,1,50,2,3,0,1,2,0,46.0,22.0,voiture,voiture,1,1,1,2,1
202000029694,2020-06-03 15:20:00,2020,6,3,15,20,22,22113,TREGASTEL (ROUTE DE),48.76623,-3.47978,Plein jour,Hors agglomération,Hors intersection,Normale,Trois véhicules et plus - collisions multiples,3,2,2,0,1,1,1,0,1,70,3,3,1,0,2,0,56.0,59.0,voiture,voiture,1,1,1,1,5
202000029695,2020-06-03 13:40:00,2020,6,3,13,40,19,19275,CARNOT (AVENUE) N° PAIRS,45.5478716,2.3108497,Plein jour,En agglomération,Intersection en X,Normale,Deux véhicules - côté,4,1,2,0,2,1,1,5,1,50,2,2,1,0,0,1,55.0,59.0,voiture,utilitaire_camion,1,2,2,1,3
202000029696,2020-08-30 12:10:00,2020,8,30,12,10,87,87177,D32,45.842912,1.095457,Plein jour,Hors agglomération,Hors intersection,Normale,,3,2,2,0,2,1,1,0,1,-1,2,3,2,0,0,1,48.0,54.0,voiture,deux_roues,1,1,1,1,-1
202000029697,2020-06-03 06:15:00,2020,6,3,6,15,17,17461,TOURNESOLS (CHEMIN DES),45.65354,-1.05273,Plein jour,Hors agglomération,Hors intersection,Normale,Sans collision,4,2,1,0,1,1,1,0,1,50,1,4,3,0,1,0,21.0,,voiture,,1,1,1,1,7
202000029698,2020-10-01 16:05:00,2020,10,1,16,5,62,62285,D5,50.186324,2.901464,Plein jour,Hors agglomération,Hors intersection,Normale,Deux véhicules - frontale,3,2,2,0,2,1,1,0,1,80,2,3,1,0,0,2,62.0,68.0,voiture,voiture,1,1,1,1,1
202000029699,2020-06-02 10:00:00,2020,6,2,10,0,14,14366,SIX JUIN (AVENUE DU),49.1436,0.21982,Plein jour,En agglomération,Intersection en T,Normale,Autre collision,4,2,2,0,1,1,1,0,1,30,1,2,1,0,1,0,80.0,,voiture,,1,2,3,1,6
202000029700,2020-10-01 05:20:00,2020,10,1,5,20,51,51030,Rue des Carelles (Ay),49.0511352,4.0147916,Nuit avec éclairage allumé,En agglomération,Hors intersection,Normale,Sans collision,4,2,2,0,1,1,1,0,1,50,1,1,0,0,0,1,35.0,,deux_roues,,5,2,1,1,7
202000029701,2020-06-03 17:30:00,2020,6,3,17,30,13,13209,SORMIOU (CHEMIN DE),43.2324,5.4,Plein jour,En agglomération,Hors intersection,Normale,Deux véhicules - côté,4,2,2,0,1,1,1,8,1,50,2,2,1,0,0,1,20.0,64.0,deux_roues,voiture,1,2,1,1,3
202000029702,2020-10-01 11:45:00,2020,10,1,11,45,19,19273,Mathé,45.065792,1.562719,Plein jour,Hors agglomération,Hors intersection,Temps couvert,Autre collision,3,2,2,0,2,2,2,0,3,90,1,1,0,0,1,0,82.0,,voiture,,1,1,1,8,6
202000029703,2020-10-01 16:45:00,2020,10,1,16,45,19,19276,Route de Limoges,45.4349,1.564629,Plein jour,En agglomération,Hors intersection,Temps couvert,Deux véhicules - frontale,3,2,2,0,1,1,2,0,1,50,2,2,1,0,0,1,55.0,35.0,voiture,voiture,1,2,1,8,1
202000029704,2020-06-03 07:55:00,2020,6,3,7,55,13,13212,TREVARESSE (TRAV DE LA) ,43.296677,5.413443,Plein jour,En agglomération,Hors intersection,Normale,Deux véhicules - côté,4,2,2,0,1,1,1,0,1,50,2,3,0,0,0,3,61.0,41.0,voiture,voiture,1,2,1,1,3
202000029705,2020-09-28 15:50:00,2020,9,28,15,50,19,19104,Route des Buyses,45.540221,1.580191,Plein jour,En agglomération,Intersection en T,Normale,Deux véhicules - côté,3,2,2,0,1,1,1,0,1,-1,2,2,1,0,1,0,44.0,86.0,utilitaire_camion,voiture,1,2,3,1,3
202000029706,2020-06-02 15:05:00,2020,6,2,15,5,13,13213,FRANÇOIS MIGNET (AVENUE),43.329453,5.427871,Plein jour,En agglomération,Hors intersection,Normale,Deux véhicules - côté,4,2,2,0,2,1,1,0,1,50,2,2,1,0,0,1,37.0,39.0,voiture,deux_roues,1,2,1,1,3
202000029707,2020-10-01 13:00:00,2020,10,1,13,0,80,80815,chemin communale 11 vron,50.323094,1.810105,Plein jour,Hors agglomération,Hors intersection,Autre,Deux véhicules - frontale,4,2,2,0,2,3,1,0,1,80,2,3,2,0,1,0,38.0,20.0,voiture,voiture,1,1,1,9,1
202000029708,2020-06-02 10:09:00,2020,6,2,10,9,07,07102,MISTRAL (PONT FREDERIC),44.9327,4.88012,Plein jour,En agglomération,Hors intersection,Normale,Deux véhicules - arrière,3,1,1,0,2,3,1,0,1,50,2,2,1,0,0,1,18.0,65.0,deux_roues,voiture,1,2,1,1,2
202000029709,2020-06-03 10:15:00,2020,6,3,10,15,06,06069,Route de Cannes,43.63857,6.9504,Plein jour,En agglomération,Hors intersection,Normale,Deux véhicules - côté,4,2,2,0,1,1,1,0,1,50,2,2,1,0,0,1,25.0,50.0,deux_roues,voiture,1,2,1,1,3
202000029710,2020-10-01 16:50:00,2020,10,1,16,50,82,82124,Chemin de Beauvillard,43.997384,1.2536,Plein jour,Hors agglomération,Intersection en X,Normale,Deux véhicules - côté,3,2,2,0,1,1,1,0,1,80,2,3,2,0,1,0,54.0,62.0,voiture,voiture,1,1,2,1,3
202000029711,2020-06-03 14:00:00,2020,6,3,14,0,06,06027,CANNES AVENUE DE (RN7),43.65489,7.14998,Plein jour,En agglomération,Hors intersection,Normale,Deux véhicules - frontale,4,2,2,0,1,1,1,0,1,50,2,2,1,0,0,1,34.0,51.0,voiture,deux_roues,1,2,1,1,1
202000029712,2020-09-30 18:15:00,2020,9,30,18,15,12,12208,65 Boulevard de Verdun,43.9580201,2.8833368,Crépuscule ou aube,En agglomération,Hors intersection,Temps éblouissant,Autre collision,3,2,2,0,1,1,1,0,1,50,1,2,1,0,0,1,67.0,,voiture,,2,2,1,7,6
202000029713,2020-06-02 17:30:00,2020,6,2,17,30,05,05061,RN 85,44.59842,6.08381,Plein jour,Hors agglomération,Hors intersection,Normale,Deux véhicules - côté,2,2,2,0,2,2,1,2,1,80,2,2,1,0,1,0,55.0,19.0,deux_roues,voiture,1,1,1,1,3
202000029714,2020-10-01 20:50:00,2020,10,1,20,50,25,25413,D389,46.691685,6.185599,Nuit sans éclairage public,Hors agglomération,Hors intersection,Pluie légère,Autre collision,3,2,2,0,2,1,2,0,1,80,1,1,0,1,0,0,52.0,,voiture,,3,1,1,2,6
202000029715,2020-06-02 13:45:00,2020,6,2,13,45,05,05061,COMMANDANT DUMONT ( AVENUE),44.56381,6.08382,Plein jour,En agglomération,Giratoire,Normale,Deux véhicules - arrière,2,1,1,0,2,2,1,5,1,50,2,2,1,0,0,1,33.0,73.0,deux_roues,voiture,1,2,6,1,2
202000029716,2020-09-21 14:20:00,2020,9,21,14,20,29,29281,Lieu Dit Le Drennec,48.036064,-3.839207,Plein jour,Hors agglomération,Hors intersection,Pluie légère,Autre collision,4,2,2,0,1,1,2,0,1,80,1,1,0,0,0,1,21.0,,voiture,,1,1,1,2,6
202000029717,2020-09-30 18:40:00,2020,9,30,18,40,31,31210,route départementale 622,43.39323,1.695542,Plein jour,Hors agglomération,Hors intersection,Normale,Autre collision,3,2,2,0,1,1,1,0,3,80,1,1,0,0,1,0,59.0,,voiture,,1,1,1,1,6
202000029718,2020-06-01 16:45:00,2020,6,1,16,45,05,05061,PRE DE FOIRE ( RUE DU ),44.55495,6.0746,Plein jour,En agglomération,Autre intersection,Normale,Deux véhicules - côté,2,-1,2,2,2,1,1,5,1,50,2,2,1,0,0,1,83.0,43.0,voiture,deux_roues,1,2,9,1,3
202000029719,2020-10-01 19:15:00,2020,10,1,19,15,31,31118,D820,43.790444,1.3417,Plein jour,Hors agglomération,Hors intersection,Pluie légère,Deux véhicules - arrière,3,2,3,0,1,1,2,0,1,90,2,2,1,0,1,0,20.0,52.0,utilitaire_camion,deux_roues,1,1,1,2,2
202000029720,2020-06-03 15:00:00,2020,6,3,15,0,75,75117,PORTE D ASNIERES,48.889237,2.296154,Plein jour,En agglomération,Hors intersection,Normale,Trois véhicules et plus - en chaîne,4,1,4,0,1,1,1,1,1,50,3,2,1,0,0,1,36.0,25.0,voiture,deux_roues,1,2,1,1,4
202000029721,2020-06-02 18:50:00,2020,6,2,18,50,75,75113,PORTE D ITALIE,48.817738,2.367338,Plein jour,En agglomération,Hors intersection,Normale,Deux véhicules - côté,4,1,4,0,1,1,1,0,1,70,2,2,1,0,0,1,41.0,59.0,deux_roues,utilitaire_camion,1,2,1,1,3
202000029722,2020-06-03 02:10:00,2020,6,3,2,10,75,75113,RUE DU JAVELOT,48.825994,2.364543,Nuit avec éclairage allumé,En agglomération,Hors intersection,Normale,Sans collision,4,1,1,0,1,1,1,0,1,20,1,1,0,1,0,0,26.0,,deux_roues,,5,2,1,1,7
202000029723,2020-10-02 12:35:00,2020,10,2,12,35,72,72316,D2,48.318628,0.393502,Plein jour,Hors agglomération,Hors intersection,Normale,Autre collision,3,2,2,0,1,1,1,0,3,90,1,1,0,0,1,0,85.0,,voiture,,1,1,1,1,6
202000029724,2020-06-02 19:40:00,2020,6,2,19,40,75,75113,BOULEVARD PERIPHERIQUE INTERIEUR SUD,48.825791,2.386589,Plein jour,En agglomération,Hors intersection,Normale,Sans collision,4,1,3,0,1,1,1,0,1,70,1,1,0,0,1,0,28.0,,deux_roues,,1,2,1,1,7
202000029725,2020-10-01 22:00:00,2020,10,1,22,0,72,72300,Route du Cimetière Américain,48.057875,0.35484,Nuit sans éclairage public,Hors agglomération,Hors intersection,Normale,Autre collision,4,2,2,0,1,3,1,0,3,80,1,1,0,0,1,0,23.0,,voiture,,3,1,1,1,6
202000029726,2020-10-02 15:00:00,2020,10,2,15,0,50,50310,D900,49.15105,-1.234559,Plein jour,Hors agglomération,Hors intersection,Normale,Trois véhicules et plus - collisions multiples,3,2,2,0,1,1,1,0,1,80,3,3,1,0,0,2,27.0,39.0,voiture,utilitaire_camion,1,1,1,1,5
202000029727,2020-10-02 09:30:00,2020,10,2,9,30,16,16044,Lieu Dit l'Abregement,46.028927,0.280012,Plein jour,Hors agglomération,Hors intersection,Pluie légère,Deux véhicules - frontale,3,2,2,0,2,2,2,0,1,80,2,2,1,0,1,0,46.0,23.0,utilitaire_camion,voiture,1,1,1,2,1
202000029728,2020-08-16 17:25:00,2020,8,16,17,25,04,04229,RD 53,44.159826,5.868137,Plein jour,Hors agglomération,Hors intersection,Normale,Sans collision,3,2,2,0,1,2,1,0,3,70,1,1,0,0,1,0,50.0,,deux_roues,,1,1,1,1,7
202000029729,2020-10-01 20:30:00,2020,10,1,20,30,988,98805,Pointe Apogoti (Construction),-22.192134,166.442807,Nuit sans éclairage public,Hors agglomération,Hors intersection,Normale,,1,3,2,0,1,1,1,0,1,110,2,9,1,0,1,7,38.0,,voiture,,3,1,1,1,-1
202000029730,2020-10-01 11:45:00,2020,10,1,11,45,18,18167,A20,47.115934,1.908445,Plein jour,Hors agglomération,Hors intersection,Normale,,1,3,4,0,1,1,2,8,1,130,2,3,1,0,0,2,59.0,45.0,voiture,voiture,1,1,1,1,-1
202000029731,2020-10-02 00:15:00,2020,10,2,0,15,78,78455,Route Nationale 307,48.850872,2.050903,Nuit sans éclairage public,Hors agglomération,Hors intersection,Pluie légère,Sans collision,3,3,1,0,1,2,2,0,1,70,1,1,0,0,0,1,35.0,,deux_roues,,3,1,1,2,7
202000029732,2020-10-02 07:45:00,2020,10,2,7,45,01,01093,,46.138916,4.976087,Crépuscule ou aube,Hors agglomération,Hors intersection,Pluie légère,Deux véhicules - frontale,3,2,2,0,1,1,2,0,1,80,2,2,1,0,0,1,42.0,32.0,voiture,utilitaire_camion,2,1,1,2,1
202000029733,2020-06-03 18:30:00,2020,6,3,18,30,75,75120,RUE DES PYRENEES,48.871974,2.391876,Plein jour,En agglomération,Intersection en T,Normale,Deux véhicules - côté,4,2,2,3,1,1,1,0,1,50,2,2,1,0,0,1,44.0,24.0,deux_roues,deux_roues,1,2,3,1,3
202000029734,2020-10-01 20:05:00,2020,10,1,20,5,68,68297,A35,47.575787,7.562199,Nuit avec éclairage allumé,Hors agglomération,Hors intersection,Pluie légère,Autre collision,1,3,4,0,1,1,2,0,3,90,1,1,0,0,0,1,45.0,,voiture,,5,1,1,2,6
202000029735,2020-06-03 12:30:00,2020,6,3,12,30,75,75120,RUE BELGRAND,48.864601,2.405991,Plein jour,En agglomération,Intersection en Y,Normale,Autre collision,4,2,2,2,2,1,1,0,1,50,1,3,2,0,0,1,32.0,,voiture,,1,2,4,1,6
202000029736,2020-10-02 15:15:00,2020,10,2,15,15,74,74159,Pratz,46.001258,6.630351,Plein jour,Hors agglomération,Hors intersection,Normale,Sans collision,3,2,2,0,1,1,1,0,3,80,1,1,0,0,1,0,75.0,,voiture,,1,1,1,1,7
202000029737,2020-06-03 02:45:00,2020,6,3,2,45,75,75120,AVENUE GAMBETTA,48.871727,2.404377,Nuit avec éclairage allumé,En agglomération,Intersection à plus de 4 branches,Normale,Deux véhicules - arrière,4,2,3,3,1,1,1,0,1,50,2,3,2,0,0,1,26.0,22.0,voiture,voiture,5,2,5,1,2
202000029738,2020-10-01 02:40:00,2020,10,1,2,40,49,49129,A11,47.498496,-0.517784,Nuit sans éclairage public,Hors agglomération,Hors intersection,Pluie légère,Autre collision,1,3,2,3,2,3,2,3,3,70,1,2,0,0,0,2,21.0,,voiture,,3,1,1,2,6
202000029739,2020-06-02 13:45:00,2020,6,2,13,45,75,75120,RUE D AVRON,48.853337,2.40969,Plein jour,En agglomération,Intersection en T,Normale,Deux véhicules - côté,4,2,2,0,1,1,1,0,1,50,2,2,1,0,0,1,53.0,32.0,voiture,deux_roues,1,2,3,1,3
202000029740,2020-10-02 13:55:00,2020,10,2,13,55,83,83116,D3,43.468182,5.839813,Plein jour,Hors agglomération,Hors intersection,Pluie forte,Sans collision,1,1,5,0,2,1,2,0,1,110,1,3,0,0,3,0,23.0,,voiture,,1,1,1,3,7
202000029741,2020-06-03 16:05:00,2020,6,3,16,5,75,75119,AVENUE MATHURIN MOREAU,48.878036,2.370692,Plein jour,En agglomération,Place,Normale,Trois véhicules et plus - en chaîne,4,2,2,0,2,1,1,0,1,50,3,5,2,0,0,3,35.0,33.0,voiture,voiture,1,2,7,1,4
202000029742,2020-06-03 12:45:00,2020,6,3,12,45,75,75119,AVENUE DE LA PORTE DE LA VILLETTE,48.898235,2.386206,Plein jour,En agglomération,Intersection en X,Normale,Deux véhicules - côté,4,2,2,2,1,1,1,0,5,50,2,2,0,0,0,2,23.0,30.0,deux_roues,deux_roues,1,2,2,1,3
202000029743,2020-09-30 11:50:00,2020,9,30,11,50,976,97608,22 Rue de la Ferme,-12.789151,45.279883,Plein jour,En agglomération,Intersection en X,Normale,Deux véhicules - côté,3,2,1,0,1,3,1,0,1,50,2,2,1,0,1,0,31.0,43.0,voiture,deux_roues,1,2,2,1,3
202000029744,2020-06-03 19:43:00,2020,6,3,19,43,75,75115,RUE LUCIEN BOSSOUTROT,48.836761,2.274074,Plein jour,En agglomération,Intersection en T,Normale,Deux véhicules - côté,4,2,2,0,1,1,1,0,4,50,2,1,0,0,0,1,45.0,,deux_roues,,1,2,3,1,3
202000029745,2020-10-01 06:08:00,2020,10,1,6,8,971,97116,N5,16.323661,-61.413381,Plein jour,Hors agglomération,Hors intersection,Temps couvert,Deux véhicules - frontale,2,2,2,0,1,1,2,0,1,-1,2,3,0,0,1,2,58.0,20.0,voiture,voiture,1,1,1,8,1
202000029746,2020-06-03 02:00:00,2020,6,3,2,0,75,75114,AVENUE DU MAINE,48.83754,2.322946,Nuit avec éclairage allumé,En agglomération,Intersection à plus de 4 branches,Normale,Deux véhicules - côté,4,-1,4,0,1,1,1,0,1,50,2,1,0,0,0,1,23.0,,deux_roues,,5,2,5,1,3
202000029747,2020-10-02 18:15:00,2020,10,2,18,15,77,77329,D225,48.240484,2.809115,Crépuscule ou aube,Hors agglomération,Intersection en X,Pluie légère,Deux véhicules - côté,3,2,2,0,1,1,2,5,1,90,2,4,3,0,0,1,21.0,53.0,voiture,voiture,2,1,2,2,3