accident_id,datetime,annee,mois,jour,heure,minute,departement,commune_insee,adresse,latitude,longitude,luminosite,agglomeration,intersection,meteo,collision,catr,circ,nbv,vosp,prof,plan,surf,infra,situ,vma,nb_vehicules,nb_usagers,nb_indemnes,nb_tues,nb_blesses_hosp,nb_blesses_legers,age_cond_1,age_cond_2,veh_type_cond_1,veh_type_cond_2,lum_code,agg_code,int_code,atm_code,col_code
202000030019,2020-01-14 14:30:00,2020,1,14,14,30,13,13214,MAHOUBI TIR ,43.33352,5.39628,Plein jour,En agglomération,Autre intersection,Normale,Deux véhicules - côté,4,2,5,0,1,1,1,8,1,50,2,2,1,0,1,0,21.0,49.0,deux_roues,voiture,1,2,9,1,3
202000030020,2020-01-13 10:40:00,2020,1,13,10,40,13,13207,CATALANS (RUE DES),43.291799,5.355778,Plein jour,En agglomération,Hors intersection,Normale,Autre collision,4,-1,1,0,1,1,1,0,1,30,1,2,1,0,0,1,19.0,,voiture,,1,2,1,1,6
202000030021,2020-01-13 18:30:00,2020,1,13,18,30,13,13063,QUENOUILLE RUE DE LA,43.5904082,4.9940211,Nuit avec éclairage allumé,En agglomération,Hors intersection,Normale,Deux véhicules - frontale,4,2,1,0,1,1,1,0,1,50,2,2,1,0,1,0,34.0,21.0,deux_roues,voiture,5,2,1,1,1
202000030022,2020-01-12 12:30:00,2020,1,12,12,30,13,13005,SALENGRO (AVENUE ROGER),43.30035,5.56957,Plein jour,En agglomération,Hors intersection,Normale,Autre collision,3,2,2,0,2,1,1,9,1,50,1,2,1,0,0,1,68.0,,voiture,,1,2,1,1,6
202000030023,2020-01-14 18:50:00,2020,1,14,18,50,10,10081,PRESIDENT RENE COTY,48.32523,4.03045,Nuit sans éclairage public,En agglomération,Hors intersection,Normale,Deux véhicules - arrière,4,2,4,0,1,1,1,5,1,50,2,2,1,0,0,1,24.0,18.0,voiture,deux_roues,3,2,1,1,2
202000030024,2020-01-14 18:37:00,2020,1,14,18,37,10,10387,ROBERT SCHUMANN (RUE),48.30962,4.0973,Nuit avec éclairage allumé,En agglomération,Hors intersection,Normale,Deux véhicules - côté,4,2,2,2,1,1,1,0,1,50,2,2,1,0,0,1,57.0,32.0,deux_roues,voiture,5,2,1,1,3
202000030025,2020-01-14 09:15:00,2020,1,14,9,15,09,09122,ESPAGNE (ROUTE D'),42.94909,1.62551,Plein jour,En agglomération,Giratoire,Temps éblouissant,Deux véhicules - côté,3,1,1,0,1,2,1,5,1,30,2,2,1,0,1,0,84.0,67.0,voiture,deux_roues,1,2,6,7,3
202000030026,2020-01-09 14:00:00,2020,1,9,14,0,08,08409,PASTEUR (AVENUE),49.69664,4.92962,Plein jour,En agglomération,Place,Pluie forte,Deux véhicules - côté,4,2,3,0,1,1,2,0,1,50,2,3,2,0,0,1,26.0,25.0,voiture,voiture,1,2,7,3,3
202000030027,2020-01-14 09:00:00,2020,1,14,9,0,06,06069,ROUQUIER (BOULEVARD EMMANUEL),43.64433,6.94105,Plein jour,En agglomération,Hors intersection,Normale,Autre collision,4,2,2,0,2,1,1,0,1,50,1,2,1,0,1,0,53.0,,utilitaire_camion,,1,2,1,1,6
202000030028,2020-01-14 13:30:00,2020,1,14,13,30,06,06029,PERIER (BOULEVARD DU),43.55272,7.02816,Plein jour,En agglomération,Hors intersection,Normale,Deux véhicules - côté,4,-1,2,0,1,2,1,0,1,50,2,2,1,0,1,0,53.0,79.0,utilitaire_camion,deux_roues,1,2,1,1,3
202000030029,2020-01-12 14:50:00,2020,1,12,14,50,06,06027,PLAGE BOULEVARD DE LA,43.65775,7.17033,Plein jour,En agglomération,Hors intersection,Normale,Deux véhicules - frontale,4,3,4,2,1,1,1,0,1,50,2,2,1,0,0,1,86.0,7.0,voiture,deux_roues,1,2,1,1,1
202000030030,2020-01-09 11:25:00,2020,1,9,11,25,06,06027,TRAVAILS CHEMIN DES,43.66761,7.13966,Plein jour,En agglomération,Autre intersection,Normale,Deux véhicules - côté,4,2,2,0,3,2,2,0,2,30,2,2,1,0,0,1,20.0,33.0,utilitaire_camion,voiture,1,2,9,1,3
202000030031,2020-01-13 08:54:00,2020,1,13,8,54,05,05061,EMILE FABRE (COURS  ),44.56106,6.07723,Plein jour,En agglomération,Hors intersection,Normale,Deux véhicules - côté,4,1,2,0,1,2,1,0,1,50,2,2,1,0,0,1,12.0,51.0,deux_roues,voiture,1,2,1,1,3
202000030032,2020-01-10 11:25:00,2020,1,10,11,25,03,03190,rue des Geais n° 24,46.5739156,3.3341585,Plein jour,En agglomération,Hors intersection,Temps couvert,Autre collision,4,2,2,0,1,1,1,0,4,30,1,3,2,1,0,0,34.0,,voiture,,1,2,1,8,6
202000030033,2020-01-09 13:35:00,2020,1,9,13,35,03,03185,avenue Jules Ferry,46.3410213,2.5991395,Plein jour,En agglomération,Hors intersection,Normale,Autre collision,4,2,2,0,1,1,1,0,1,30,1,2,1,0,1,0,67.0,,voiture,,1,2,1,1,6
202000030034,2020-01-13 19:00:00,2020,1,13,19,0,75,75114,BD PERIPHERIQUE EXTERIEUR,48.8239825,2.3077172,Crépuscule ou aube,En agglomération,Intersection en Y,Temps couvert,Deux véhicules - côté,4,-1,3,0,1,1,1,1,1,70,2,2,1,0,0,1,32.0,21.0,utilitaire_camion,utilitaire_camion,2,2,4,8,3
202000030035,2020-01-13 17:54:00,2020,1,13,17,54,75,75103,RUE DE TURENNE,48.859759,2.364543,Nuit avec éclairage allumé,En agglomération,Hors intersection,Pluie légère,Deux véhicules - frontale,4,2,2,0,1,1,2,0,1,30,2,2,1,1,0,0,53.0,57.0,voiture,transport_commun,5,2,1,2,1
202000030036,2020-01-14 14:00:00,2020,1,14,14,0,75,75120,PLACE GAMBETTA,48.865062,2.398324,Plein jour,En agglomération,Place,Temps couvert,Autre collision,4,1,7,0,1,1,1,0,1,50,1,2,1,0,0,1,38.0,,voiture,,1,2,7,8,6
202000030037,2020-01-14 09:40:00,2020,1,14,9,40,75,75119,AVENUE MATHURIN MOREAU,48.878138,2.371781,Plein jour,En agglomération,Hors intersection,Temps couvert,Deux véhicules - côté,4,2,2,0,2,1,1,0,1,50,2,2,1,0,0,1,62.0,28.0,voiture,deux_roues,1,2,1,8,3
202000030038,2020-01-14 19:00:00,2020,1,14,19,0,75,75118,AVENUE DE CLICHY,48.8866059,2.32601,Nuit avec éclairage allumé,En agglomération,Intersection en T,Normale,Deux véhicules - côté,4,2,3,0,1,1,1,0,1,30,2,2,1,0,1,0,21.0,34.0,deux_roues,deux_roues,5,2,3,1,3
202000030039,2020-01-14 16:05:00,2020,1,14,16,5,75,75118,RUE DE LA CHAPELLE,48.898533,2.359,Plein jour,En agglomération,Intersection en X,Temps couvert,Autre collision,4,2,6,0,1,1,1,0,1,50,1,2,1,0,0,1,47.0,,voiture,,1,2,2,8,6
202000030040,2020-01-14 09:50:00,2020,1,14,9,50,75,75117,AVENUE DE LA GRANDE ARMEE,48.8768322,2.2854737,Plein jour,En agglomération,Intersection en T,Normale,Autre collision,4,2,2,-1,2,1,1,0,1,30,1,2,1,0,0,1,45.0,,deux_roues,,1,2,3,1,6
202000030041,2020-01-14 19:20:00,2020,1,14,19,20,75,75116,BOULEVARD MURAT,48.8453478,2.2575268,Nuit avec éclairage allumé,En agglomération,Place,Normale,Autre collision,4,2,4,0,1,1,1,0,1,50,1,2,1,0,0,1,35.0,,deux_roues,,5,2,7,1,6
202000030042,2020-01-14 07:15:00,2020,1,14,7,15,75,75116,BOULEVARD DE L AMIRAL BRUIX,48.876588,2.282576,Crépuscule ou aube,En agglomération,Hors intersection,Normale,Deux véhicules - côté,4,2,5,0,1,1,1,0,1,50,2,2,1,0,0,1,52.0,51.0,deux_roues,deux_roues,2,2,1,1,3
202000030043,2020-01-13 18:15:00,2020,1,13,18,15,75,75116,ALLEE DE LA REINE MARGUERITE,48.858564,2.244887,Crépuscule ou aube,En agglomération,Intersection en X,Pluie légère,Trois véhicules et plus - collisions multiples,4,2,3,0,1,1,2,0,1,50,3,4,3,0,0,1,38.0,31.0,deux_roues,voiture,2,2,2,2,5
202000030044,2020-01-13 05:05:00,2020,1,13,5,5,75,75116,AVENUE DE L HIPPODROME,48.857971,2.252696,Nuit avec éclairage allumé,En agglomération,Hors intersection,Normale,Deux véhicules - côté,4,2,3,0,1,1,1,0,1,50,2,2,1,0,0,1,52.0,36.0,deux_roues,voiture,5,2,1,1,3
202000030045,2020-01-14 20:50:00,2020,1,14,20,50,75,75110,RUE DE CHABROL,48.876713,2.354202,Nuit avec éclairage allumé,En agglomération,Hors intersection,Normale,Deux véhicules - côté,4,2,2,1,1,1,1,-1,5,30,2,3,2,0,0,1,37.0,34.0,deux_roues,voiture,5,2,1,1,3
202000030046,2020-01-14 02:55:00,2020,1,14,2,55,75,75110,RUE DU BUISSON SAINT LOUIS,48.8735109,2.3749363,Nuit avec éclairage allumé,En agglomération,Hors intersection,Normale,Deux véhicules - arrière,4,1,1,0,2,1,2,0,1,50,2,1,0,0,0,1,26.0,,deux_roues,,5,2,1,1,2
202000030047,2020-01-14 18:00:00,2020,1,14,18,0,75,75109,BOULEVARD MONTMARTRE,48.8717602,2.3413842,Nuit avec éclairage allumé,En agglomération,Hors intersection,Normale,Autre collision,4,2,3,3,1,1,1,-1,6,50,1,2,1,0,0,1,35.0,,deux_roues,,5,2,1,1,6
202000030048,2020-01-14 13:30:00,2020,1,14,13,30,75,75108,PLACE DE LA CONCORDE,48.8641413,2.3203214,Plein jour,En agglomération,Place,Normale,Autre collision,4,2,4,1,1,1,1,-1,5,50,1,1,0,0,0,1,77.0,,deux_roues,,1,2,7,1,6
202000030049,2020-01-14 11:15:00,2020,1,14,11,15,75,75103,RUE DES FRANCS BOURGEOIS,48.857907,2.3601978,Plein jour,En agglomération,Hors intersection,Normale,Autre collision,4,1,1,0,1,1,1,8,1,50,1,2,1,0,0,1,49.0,,deux_roues,,1,2,1,1,6
202000030050,2020-01-14 10:40:00,2020,1,14,10,40,75,75101,RUE DE RIVOLI,48.8624209,2.3362356,Plein jour,En agglomération,Place,Normale,Deux véhicules - arrière,4,1,3,-1,1,1,1,0,1,50,2,2,1,0,0,1,21.0,67.0,deux_roues,voiture,1,2,7,1,2
202000030051,2020-01-14 09:45:00,2020,1,14,9,45,94,94046,Avenue de la République,48.8105396,2.4565286,Plein jour,En agglomération,Intersection en X,Normale,Deux véhicules - frontale,3,2,3,0,2,1,1,5,1,50,2,2,1,0,0,1,43.0,31.0,deux_roues,voiture,1,2,2,1,1
202000030052,2020-01-14 07:45:00,2020,1,14,7,45,94,94076,DALOU (VOI),48.78348,2.37174,Crépuscule ou aube,En agglomération,Intersection en X,Normale,Autre collision,4,2,2,0,1,1,1,0,1,50,1,2,1,0,0,1,50.0,,voiture,,2,2,2,1,6
202000030053,2020-01-14 16:50:00,2020,1,14,16,50,94,94073,DOCTEUR MARIE (R DU),48.74558,2.36944,Plein jour,En agglomération,Hors intersection,Normale,Trois véhicules et plus - collisions multiples,3,1,2,0,1,1,1,0,1,50,3,2,1,0,0,1,59.0,45.0,voiture,voiture,1,2,1,1,5
202000030054,2020-01-13 17:15:00,2020,1,13,17,15,94,94028,LAFERRIERE(AVENUE),48.80067,2.45681,Crépuscule ou aube,En agglomération,Hors intersection,Normale,Autre collision,4,2,2,0,1,1,1,0,1,50,1,2,1,0,0,1,65.0,,voiture,,2,2,1,1,6
202000030055,2020-01-14 14:30:00,2020,1,14,14,30,94,94019,LIBERATION (RTE DE LA),48.80065,2.54222,Plein jour,En agglomération,Intersection en T,Normale,Deux véhicules - côté,3,2,2,0,1,1,2,0,1,50,2,2,1,0,0,1,25.0,38.0,voiture,deux_roues,1,2,3,1,3
202000030056,2020-01-14 09:25:00,2020,1,14,9,25,94,94002,FLORE (R DE),48.7969239,2.4221406,Plein jour,En agglomération,Hors intersection,Normale,Autre collision,4,1,1,0,1,1,1,0,1,50,1,2,1,0,0,1,51.0,,voiture,,1,2,1,1,6
202000030057,2020-01-14 20:15:00,2020,1,14,20,15,93,93078,GARE (AVENUE DE LA),48.9457753,2.5646478,Nuit avec éclairage allumé,En agglomération,Autre intersection,Vent fort / tempête,Autre collision,4,1,1,0,1,1,1,0,3,50,1,2,1,0,0,1,39.0,,voiture,,5,2,9,6,6
202000030058,2020-01-14 08:25:00,2020,1,14,8,25,93,93073,CHAPIT RE ( RUE DU),49.00341,2.53677,Plein jour,Hors agglomération,Hors intersection,Normale,Deux véhicules - côté,4,2,2,0,1,1,1,0,1,50,2,3,1,0,0,2,29.0,42.0,voiture,voiture,1,1,1,1,3
202000030059,2020-01-14 07:00:00,2020,1,14,7,0,93,93066,POTTIER EUGENE,48.9480525,2.3539255,Crépuscule ou aube,En agglomération,Intersection en T,Normale,Deux véhicules - côté,4,2,1,0,1,1,1,0,1,50,2,2,1,0,0,1,53.0,34.0,voiture,voiture,2,2,3,1,3
202000030060,2020-01-13 22:40:00,2020,1,13,22,40,93,93031,BD FOCH / R DE L'YSER,48.94403,2.33816,Nuit avec éclairage allumé,En agglomération,Intersection en T,Normale,Deux véhicules - côté,3,2,3,3,1,1,1,0,1,50,2,2,1,0,0,1,27.0,34.0,deux_roues,voiture,5,2,3,1,3
202000030061,2020-01-14 21:25:00,2020,1,14,21,25,93,93014,ALL DE GAGNY,48.90277,2.54756,Nuit avec éclairage allumé,En agglomération,Hors intersection,Pluie légère,Deux véhicules - arrière,3,3,2,2,1,1,2,0,1,20,2,2,1,0,0,1,53.0,20.0,voiture,voiture,5,2,1,2,2
202000030062,2020-01-13 08:30:00,2020,1,13,8,30,93,93014,ALL DE BELLEVUE / AV DE SEVIGNE,48.91316,2.54839,Plein jour,En agglomération,Intersection en T,Temps couvert,Autre collision,3,2,2,0,2,3,1,0,1,50,1,1,0,0,0,1,22.0,,voiture,,1,2,3,8,6
202000030063,2020-01-13 18:30:00,2020,1,13,18,30,92,92046,RAYMOND DAVID,48.817968,2.294536,Nuit avec éclairage allumé,En agglomération,Hors intersection,Pluie légère,Deux véhicules - côté,3,-1,2,0,1,1,2,0,1,50,2,2,1,0,1,0,48.0,39.0,voiture,deux_roues,5,2,1,2,3
202000030064,2020-01-12 10:00:00,2020,1,12,10,0,92,92063,BONAPARTE (AVENUE NAPOLEON) NORD,48.8684786,2.1484776,Plein jour,En agglomération,Intersection en T,Normale,Deux véhicules - côté,3,3,4,0,1,1,1,5,1,50,2,2,1,0,0,1,55.0,31.0,voiture,deux_roues,1,2,3,1,3
202000030065,2020-01-14 10:56:00,2020,1,14,10,56,92,92062,FRANCE (RUE  ANATOLE) N° 2 AU 20,48.88296,2.23973,Plein jour,En agglomération,Intersection en X,Normale,Deux véhicules - côté,3,1,2,1,1,1,1,0,1,30,2,2,1,0,0,1,70.0,48.0,voiture,deux_roues,1,2,2,1,3
202000030066,2020-01-12 23:50:00,2020,1,12,23,50,92,92050,LENINE VLADIMIR ILITCH AVENUE,48.888274,2.193472,Plein jour,Hors agglomération,Giratoire,Normale,Deux véhicules - côté,3,2,4,0,1,2,1,0,1,50,2,4,1,0,0,3,30.0,26.0,voiture,voiture,1,1,6,1,3
202000030067,2020-01-14 17:45:00,2020,1,14,17,45,92,92048,AMBROISE PARE (RUE),48.7846308,2.2343834,Nuit avec éclairage allumé,En agglomération,Hors intersection,Normale,Deux véhicules - frontale,4,2,1,0,1,1,1,0,1,50,2,2,1,0,0,1,37.0,37.0,deux_roues,utilitaire_camion,5,2,1,1,1
202000030068,2020-01-14 15:15:00,2020,1,14,15,15,92,92026,ARISTIDE BRIAND,48.89882,2.256644,Plein jour,En agglomération,Intersection en X,Normale,Autre collision,3,2,2,0,1,1,1,0,1,50,1,2,1,0,0,1,54.0,,utilitaire_camion,,1,2,2,1,6
202000030069,2020-01-14 06:45:00,2020,1,14,6,45,12,12300,Route Haute de Farrou,44.381064,2.039755,Nuit avec éclairage allumé,En agglomération,Giratoire,Normale,Deux véhicules - côté,3,2,-1,-1,1,3,1,5,1,-1,2,2,1,0,0,1,45.0,45.0,voiture,deux_roues,5,2,6,1,3
202000030070,2020-01-14 13:15:00,2020,1,14,13,15,62,62177,D349,50.4482505,1.8203324,Plein jour,Hors agglomération,Hors intersection,Temps couvert,Deux véhicules - frontale,3,2,2,0,2,1,2,0,1,80,2,2,1,0,1,0,44.0,38.0,utilitaire_camion,utilitaire_camion,1,1,1,8,1
202000030071,2020-01-14 19:00:00,2020,1,14,19,0,95,95480,Rue de Conti (Pont),49.113691,2.209711,Nuit avec éclairage allumé,En agglomération,Hors intersection,Pluie légère,Autre collision,3,2,3,0,1,1,2,0,1,50,1,2,1,0,1,0,60.0,,voiture,,5,2,1,2,6
202000030072,2020-01-14 15:50:00,2020,1,14,15,50,44,44137,N171,47.358948,-2.037711,Plein jour,Hors agglomération,Hors intersection,Pluie forte,Autre collision,2,3,4,0,1,1,3,0,1,100,1,1,0,0,0,1,47.0,,voiture,,1,1,1,3,6
202000030073,2020-01-14 18:00:00,2020,1,14,18,0,40,40200,D120,44.367789,-0.755229,Crépuscule ou aube,Hors agglomération,Hors intersection,Normale,Sans collision,3,2,2,0,2,3,1,0,3,80,1,1,0,0,1,0,54.0,,utilitaire_camion,,2,1,1,1,7
202000030074,2020-01-14 18:45:00,2020,1,14,18,45,35,35024,14 Rue du Mont Saint-michel,48.187143,-1.627892,Nuit sans éclairage public,En agglomération,Hors intersection,Pluie légère,Autre collision,4,2,3,0,1,1,2,0,1,50,1,2,1,0,1,0,56.0,,voiture,,3,2,1,2,6
202000030075,2020-01-12 05:15:00,2020,1,12,5,15,59,59331,Route d'Happegarbes,50.117703,3.648935,Nuit sans éclairage public,Hors agglomération,Hors intersection,Normale,Sans collision,3,2,2,0,1,2,2,0,3,70,1,2,1,0,0,1,28.0,,voiture,,3,1,1,1,7
202000030076,2020-01-10 17:15:00,2020,1,10,17,15,56,56203,Le Corboulo,48.1707491,-3.01567,Plein jour,Hors agglomération,Intersection en X,Normale,Deux véhicules - côté,3,2,2,0,1,1,1,0,1,70,2,2,1,0,1,0,34.0,22.0,voiture,deux_roues,1,1,2,1,3
202000030077,2020-01-14 10:40:00,2020,1,14,10,40,76,76013,516 Route de Sassetot,49.778835,0.522753,Plein jour,Hors agglomération,Intersection en X,Pluie légère,Deux véhicules - côté,3,2,2,0,1,1,2,5,1,70,2,3,2,0,1,0,57.0,68.0,voiture,voiture,1,1,2,2,3
202000030078,2020-01-15 08:15:00,2020,1,15,8,15,71,71230,Place de l’Eglise,46.5993374,4.0606215,Plein jour,En agglomération,Hors intersection,Normale,Autre collision,4,1,1,0,1,1,1,0,1,50,1,2,1,0,1,0,47.0,,voiture,,1,2,1,1,6
202000030079,2020-01-14 21:00:00,2020,1,14,21,0,29,29275,La Croix Rouge,48.421176,-3.631103,Nuit sans éclairage public,Hors agglomération,Intersection en X,Pluie forte,Autre collision,3,2,2,0,1,1,2,5,1,50,1,1,0,0,1,0,55.0,,voiture,,3,1,2,3,6
202000030080,2020-01-15 09:35:00,2020,1,15,9,35,29,29160,D13 - Route de Bourg-Blanc,48.475531,-4.484686,Plein jour,Hors agglomération,Hors intersection,Temps couvert,Deux véhicules - arrière,3,2,2,0,1,1,2,0,1,80,2,4,3,0,0,1,35.0,78.0,voiture,voiture,1,1,1,8,2
202000030081,2020-01-14 20:15:00,2020,1,14,20,15,38,38095,Zone d'Activite la Croisee,45.130491,5.28834,Nuit sans éclairage public,Hors agglomération,Intersection en T,Normale,Deux véhicules - côté,3,2,2,0,1,1,1,5,1,80,2,3,2,0,1,0,67.0,40.0,voiture,voiture,3,1,3,1,3
202000030082,2020-01-15 02:00:00,2020,1,15,2,0,84,84030,RD 974,44.081724,5.108183,Nuit sans éclairage public,Hors agglomération,Hors intersection,Normale,Autre collision,3,2,2,0,1,1,1,0,3,80,1,2,1,0,1,0,30.0,,voiture,,3,1,1,1,6
202000030083,2020-01-15 07:00:00,2020,1,15,7,0,01,01034,98 Rue de la République,45.756602,5.686231,Crépuscule ou aube,En agglomération,Intersection en T,Normale,Autre collision,3,1,1,0,2,1,7,0,1,50,1,2,1,0,1,0,37.0,,voiture,,2,2,3,1,6
202000030084,2020-01-15 16:25:00,2020,1,15,16,25,05,05087,Route du Boutariq- D937 ,44.55624,5.864461,Plein jour,Hors agglomération,Intersection en T,Normale,Deux véhicules - côté,3,2,2,0,1,2,1,5,1,80,2,3,2,0,0,1,73.0,16.0,voiture,deux_roues,1,1,3,1,3
202000030085,2020-01-15 07:00:00,2020,1,15,7,0,16,16132,Route de Limoges,45.8939186,0.7867293,Nuit avec éclairage allumé,Hors agglomération,Giratoire,Normale,Autre collision,3,2,2,0,1,2,1,5,1,50,1,2,1,0,0,1,27.0,,voiture,,5,1,6,1,6
202000030086,2020-01-14 13:20:00,2020,1,14,13,20,53,53030,D20,47.955037,-0.623864,Plein jour,Hors agglomération,Intersection en X,Pluie légère,Deux véhicules - côté,3,2,2,0,1,1,2,0,1,80,2,2,1,0,1,0,47.0,83.0,voiture,voiture,1,1,2,2,3
202000030087,2020-01-13 18:15:00,2020,1,13,18,15,88,88488,Route Departementale 165,48.191987,6.092407,Nuit avec éclairage allumé,En agglomération,Intersection en X,Temps couvert,Deux véhicules - arrière,3,2,2,0,2,3,2,0,1,70,2,4,1,0,0,3,40.0,26.0,voiture,voiture,5,2,2,8,2
202000030088,2020-01-13 06:50:00,2020,1,13,6,50,68,68066,autoroute A35,48.054453,7.374849,Crépuscule ou aube,Hors agglomération,Hors intersection,Normale,Trois véhicules et plus - collisions multiples,1,3,2,0,1,1,1,0,1,130,6,6,5,0,0,1,20.0,48.0,utilitaire_camion,utilitaire_camion,2,1,1,1,5
202000030089,2020-01-14 21:30:00,2020,1,14,21,30,68,68235,A35,47.990789,7.378067,Nuit sans éclairage public,Hors agglomération,Hors intersection,Normale,Deux véhicules - arrière,1,3,4,0,1,1,1,0,1,130,2,3,1,0,2,0,22.0,30.0,voiture,voiture,3,1,1,1,2
202000030090,2020-01-14 19:05:00,2020,1,14,19,5,35,35208,44 rue de Rennes,48.0,-1.66717,Nuit avec éclairage allumé,En agglomération,Hors intersection,Pluie légère,Autre collision,4,2,2,-1,1,1,2,0,1,50,1,2,1,0,1,0,22.0,,voiture,,5,2,1,2,6
202000030091,2020-01-15 07:30:00,2020,1,15,7,30,973,97309,Avenue Louis Caristan,4.9119559,-52.2695312,Plein jour,En agglomération,Intersection en X,Normale,Deux véhicules - côté,4,2,2,0,1,1,2,0,1,50,2,2,1,0,1,0,55.0,36.0,deux_roues,utilitaire_camion,1,2,2,1,3
202000030092,2020-01-14 17:25:00,2020,1,14,17,25,973,97309,Rue Robert Sampson,4.8865662,-52.2759832,Plein jour,En agglomération,Intersection en X,Normale,Deux véhicules - côté,4,2,2,0,2,1,1,0,1,50,2,2,1,0,1,0,17.0,62.0,deux_roues,utilitaire_camion,1,2,2,1,3
202000030093,2020-01-10 16:05:00,2020,1,10,16,5,971,97103,Rue Henri Becquerel-jarry,16.24398,-61.571008,Plein jour,En agglomération,Giratoire,Normale,Deux véhicules - côté,4,2,2,0,1,1,1,5,1,50,2,2,1,0,1,0,25.0,21.0,deux_roues,voiture,1,2,6,1,3
202000030094,2020-01-15 06:00:00,2020,1,15,6,0,974,97415,Le Moulin à Eau,-21.087113,55.274758,Nuit sans éclairage public,Hors agglomération,Hors intersection,Pluie légère,Deux véhicules - frontale,2,3,2,0,1,1,1,0,1,110,2,2,1,0,1,0,73.0,37.0,voiture,voiture,3,1,1,2,1
202000030095,2020-01-10 14:55:00,2020,1,10,14,55,41,41130,D924,47.726585,1.333426,Plein jour,Hors agglomération,Intersection en X,Normale,Deux véhicules - côté,3,2,2,0,3,1,1,0,1,80,2,4,2,0,0,2,17.0,38.0,voiture,voiture,1,1,2,1,3
202000030096,2020-01-15 08:20:00,2020,1,15,8,20,67,67033,D421,48.7463015,7.6795631,Plein jour,Hors agglomération,Giratoire,Normale,Autre collision,3,1,2,0,1,2,1,5,3,50,1,1,0,1,0,0,82.0,,voiture,,1,1,6,1,6
202000030097,2020-01-14 11:30:00,2020,1,14,11,30,42,42222,Les Bayards,45.6211361,4.3361335,Plein jour,Hors agglomération,Intersection en T,Normale,Deux véhicules - côté,3,2,1,0,2,3,1,0,1,80,2,3,2,0,1,0,70.0,41.0,voiture,utilitaire_camion,1,1,3,1,3
202000030098,2020-01-14 16:45:00,2020,1,14,16,45,26,26235,Chemin de Sérignan,44.380381,4.68831,Plein jour,Hors agglomération,Hors intersection,Normale,Autre collision,4,2,1,0,1,1,1,0,1,50,1,1,0,0,1,0,81.0,,voiture,,1,1,1,1,6
202000030099,2020-01-14 19:50:00,2020,1,14,19,50,01,01345,D1084,45.943026,5.310184,Nuit sans éclairage public,Hors agglomération,Intersection en X,Normale,Deux véhicules - côté,3,2,2,0,1,1,1,0,1,80,2,2,1,0,0,1,33.0,60.0,voiture,voiture,3,1,2,1,3
202000030100,2020-01-14 14:20:00,2020,1,14,14,20,13,13106,A51-Sens Aix en Provence vers Marseille,43.405246,5.359952,Crépuscule ou aube,Hors agglomération,Hors intersection,Normale,Trois véhicules et plus - en chaîne,1,1,4,0,1,1,1,0,1,90,3,3,2,0,0,1,32.0,26.0,voiture,voiture,2,1,1,1,4
202000030101,2020-01-13 10:15:00,2020,1,13,10,15,13,13001,A51-Sens Aix en Provence vers Marseille,43.53325,5.36806,Plein jour,Hors agglomération,Hors intersection,Normale,Deux véhicules - côté,1,-1,2,0,1,1,1,0,1,90,2,2,1,0,0,1,37.0,38.0,utilitaire_camion,utilitaire_camion,1,1,1,1,3
202000030102,2020-01-05 20:00:00,2020,1,5,20,0,01,01275,A42   4.353 A 5.760   GEN/LYON,45.8145,4.93182,Nuit sans éclairage public,Hors agglomération,Hors intersection,Normale,Trois véhicules et plus - en chaîne,1,1,3,0,1,1,1,0,1,90,6,6,5,0,0,1,21.0,23.0,voiture,voiture,3,1,1,1,4
202000030103,2020-01-09 20:18:00,2020,1,9,20,18,67,67218,Route Alfred Kastler,48.54542,7.72964,Nuit sans éclairage public,Hors agglomération,Hors intersection,Normale,Deux véhicules - côté,7,2,1,0,1,1,1,5,1,50,2,2,1,0,0,1,39.0,70.0,deux_roues,voiture,3,1,1,1,3
202000030104,2020-01-10 08:15:00,2020,1,10,8,15,59,59569,AUTOROUTE A21,50.381059,3.139205,Crépuscule ou aube,Hors agglomération,Hors intersection,Normale,,1,-1,4,0,1,1,1,0,1,110,2,2,1,0,0,1,57.0,42.0,voiture,voiture,2,1,1,1,-1
202000030105,2020-01-14 16:40:00,2020,1,14,16,40,94,94034,AUTOROUTE A6A,48.7555203,2.3409783,Plein jour,Hors agglomération,Hors intersection,Normale,,1,1,2,0,1,1,1,0,1,90,2,2,1,0,0,1,33.0,59.0,voiture,utilitaire_camion,1,1,1,1,-1
202000030106,2020-01-14 15:59:00,2020,1,14,15,59,91,91570,RN 104,48.625,2.329,Plein jour,Hors agglomération,Hors intersection,Normale,Deux véhicules - arrière,2,-1,4,0,1,1,1,0,1,110,2,2,1,0,0,1,40.0,90.0,utilitaire_camion,voiture,1,1,1,1,2
202000030107,2020-01-14 15:43:00,2020,1,14,15,43,94,94003,AUTOROUTE A6A,48.8040276,2.3420366,Plein jour,Hors agglomération,Hors intersection,Normale,Sans collision,1,1,3,0,2,1,1,0,1,90,1,1,0,0,0,1,77.0,,voiture,,1,1,1,1,7
202000030108,2020-01-14 08:25:00,2020,1,14,8,25,78,78297,RN12,48.792974,2.053277,Crépuscule ou aube,Hors agglomération,Hors intersection,Temps couvert,Deux véhicules - arrière,2,3,2,0,1,1,1,0,1,110,2,2,1,0,0,1,45.0,31.0,voiture,deux_roues,2,1,1,8,2