accident_id,datetime,annee,mois,jour,heure,minute,departement,commune_insee,adresse,latitude,longitude,luminosite,agglomeration,intersection,meteo,collision,catr,circ,nbv,vosp,prof,plan,surf,infra,situ,vma,nb_vehicules,nb_usagers,nb_indemnes,nb_tues,nb_blesses_hosp,nb_blesses_legers,age_cond_1,age_cond_2,veh_type_cond_1,veh_type_cond_2,lum_code,agg_code,int_code,atm_code,col_code
202000030386,2020-07-05 02:45:00,2020,7,5,2,45,84,84142,Avenue des Sorgues,43.945952,5.01358,Nuit sans éclairage public,Hors agglomération,Intersection en X,Normale,Deux véhicules - côté,3,2,2,0,1,1,1,0,1,80,2,4,2,0,0,2,46.0,40.0,voiture,voiture,3,1,2,1,3
202000030387,2020-07-06 12:30:00,2020,7,6,12,30,71,71273,CD 281 - CHEMIN DES MACONS,46.6667851,3.7862492,Plein jour,Hors agglomération,Hors intersection,Normale,Autre collision,3,2,1,0,1,1,1,0,1,50,1,2,0,1,0,1,32.0,,deux_roues,,1,1,1,1,6
202000030388,2020-07-06 06:55:00,2020,7,6,6,55,45,45187,Faubourg de Montargis,47.892913,2.516904,Plein jour,En agglomération,Hors intersection,Normale,Autre collision,3,2,2,0,1,1,1,0,4,50,1,1,0,1,0,0,51.0,,utilitaire_camion,,1,2,1,1,6
202000030389,2020-07-05 16:15:00,2020,7,5,16,15,28,28022,D939,48.485467,1.394341,Plein jour,Hors agglomération,Intersection en X,Normale,Deux véhicules - frontale,3,4,2,0,1,1,1,0,1,80,2,2,0,0,1,1,50.0,59.0,voiture,deux_roues,1,1,2,1,1
202000030390,2020-07-05 19:46:00,2020,7,5,19,46,21,21087,A6,47.105456,4.71306,Plein jour,Hors agglomération,Hors intersection,Normale,Autre collision,1,-1,-1,0,1,3,1,9,8,50,1,1,0,0,1,0,73.0,,voiture,,1,1,1,1,6
202000030391,2020-06-02 17:45:00,2020,6,2,17,45,29,29204,RN 12,48.49919,-4.183238,Plein jour,Hors agglomération,Hors intersection,Normale,Deux véhicules - arrière,2,3,2,0,2,1,1,2,1,110,2,2,1,0,1,0,38.0,25.0,voiture,voiture,1,1,1,1,2
202000030392,2020-02-14 17:39:00,2020,2,14,17,39,10,10387,GEORGES POMPIDOU (RUE),48.28647,4.07678,Plein jour,En agglomération,Hors intersection,Normale,Sans collision,4,3,4,1,1,1,1,0,5,50,1,2,1,0,0,1,57.0,,deux_roues,,1,2,1,1,7
202000030393,2020-02-15 14:35:00,2020,2,15,14,35,75,75113,QUAI D IVRY,48.826635,2.388995,Plein jour,En agglomération,Hors intersection,Normale,Deux véhicules - arrière,4,-1,5,0,1,1,1,0,1,70,2,2,1,0,0,1,49.0,37.0,deux_roues,voiture,1,2,1,1,2
202000030394,2020-02-13 23:51:00,2020,2,13,23,51,75,75105,RUE GAY LUSSAC,48.842584,2.342912,Nuit avec éclairage allumé,En agglomération,Intersection en X,Temps couvert,,4,-1,1,0,1,1,2,0,1,50,2,3,2,0,0,1,57.0,36.0,deux_roues,deux_roues,5,2,2,8,-1
202000030395,2020-02-15 16:50:00,2020,2,15,16,50,75,75120,BOULEVARD DAVOUT,48.853497,2.410653,Plein jour,En agglomération,Intersection en X,Normale,Deux véhicules - côté,4,2,4,0,1,1,1,9,1,50,2,3,1,0,0,2,36.0,39.0,voiture,deux_roues,1,2,2,1,3
202000030396,2020-02-15 02:50:00,2020,2,15,2,50,75,75119,RUE RIQUET,48.889693,2.368144,Nuit avec éclairage allumé,En agglomération,Intersection en X,Normale,Autre collision,4,1,2,0,1,1,1,0,1,50,1,1,0,0,0,1,33.0,,deux_roues,,5,2,2,1,6
202000030397,2020-02-14 22:30:00,2020,2,14,22,30,75,75119,RUE DE L ARGONNE,48.892365,2.385396,Nuit avec éclairage allumé,En agglomération,Place,Normale,Autre collision,4,1,2,0,1,3,1,6,1,50,1,1,0,0,0,1,,,,,5,2,7,1,6
202000030398,2020-02-15 12:45:00,2020,2,15,12,45,75,75114,RUE FROIDEVAUX,48.835339,2.329239,Plein jour,En agglomération,Intersection en X,Normale,Deux véhicules - côté,4,2,1,0,1,1,1,5,1,50,2,2,1,0,0,1,49.0,53.0,deux_roues,voiture,1,2,2,1,3
202000030399,2020-02-14 21:40:00,2020,2,14,21,40,75,75114,BOULEVARD BRUNE,48.823255,2.325556,Nuit avec éclairage allumé,En agglomération,Intersection en X,Normale,Autre collision,4,2,6,0,1,1,1,0,1,50,1,2,1,0,0,1,36.0,,deux_roues,,5,2,2,1,6
202000030400,2020-02-14 14:55:00,2020,2,14,14,55,75,75114,RUE D ALESIA,48.830525,2.319246,Plein jour,En agglomération,Intersection à plus de 4 branches,Normale,Autre collision,4,2,2,0,1,1,1,9,1,50,1,3,2,0,0,1,24.0,,deux_roues,,1,2,5,1,6
202000030401,2020-02-15 10:25:00,2020,2,15,10,25,75,75111,AVENUE DE LA REPUBLIQUE,48.86453,2.378499,Plein jour,En agglomération,Hors intersection,Normale,Deux véhicules - côté,4,2,2,0,2,1,1,0,1,30,2,2,1,0,0,1,47.0,36.0,voiture,deux_roues,1,2,1,1,3
202000030402,2020-02-15 04:15:00,2020,2,15,4,15,75,75107,AVENUE DE BRETEUIL,48.851653,2.312544,Nuit avec éclairage allumé,En agglomération,Intersection en X,Normale,,4,1,2,0,1,1,1,0,1,50,2,1,0,0,0,1,29.0,,deux_roues,,5,2,2,1,-1
202000030403,2020-02-15 13:40:00,2020,2,15,13,40,94,94078,CARNOT (AV),48.733,2.4476,Plein jour,En agglomération,Hors intersection,Normale,Deux véhicules - côté,4,2,2,0,1,1,1,0,1,50,2,2,1,0,0,1,32.0,47.0,deux_roues,voiture,1,2,1,1,3
202000030404,2020-02-15 19:51:00,2020,2,15,19,51,94,94076,STALINGRAD (AV DE),48.7847,2.3672,Nuit avec éclairage allumé,En agglomération,Intersection en X,Pluie légère,Autre collision,3,1,2,0,1,1,2,0,1,50,1,3,1,0,0,2,56.0,,voiture,,5,2,2,2,6
202000030405,2020-02-15 12:00:00,2020,2,15,12,0,94,94034,CERISAIE (AV DE LA),48.7527,2.33004,Plein jour,En agglomération,Hors intersection,Normale,Deux véhicules - arrière,3,1,1,0,1,1,1,0,1,50,2,2,1,0,0,1,22.0,60.0,deux_roues,deux_roues,1,2,1,1,2
202000030406,2020-02-15 09:35:00,2020,2,15,9,35,93,93053,MARC SANGNIER (RUE),48.8956,2.45845,Plein jour,En agglomération,Hors intersection,Normale,Autre collision,4,2,2,0,1,1,1,0,1,50,1,4,3,0,0,1,47.0,,voiture,,1,2,1,1,6
202000030407,2020-02-15 15:45:00,2020,2,15,15,45,93,93046,ALL DE L'EST,48.9324,2.55943,Plein jour,En agglomération,Hors intersection,Normale,Deux véhicules - arrière,4,1,1,0,1,1,1,0,1,30,2,1,0,0,0,1,45.0,,deux_roues,,1,2,1,1,2
202000030408,2020-02-15 19:05:00,2020,2,15,19,5,92,92049,REPUBLIQUE AVENUE DE LA N°1 A 79,48.819439,2.320192,Nuit avec éclairage allumé,En agglomération,Hors intersection,Pluie légère,Autre collision,3,2,2,0,1,1,2,0,1,50,1,2,1,0,0,1,74.0,,voiture,,5,2,1,2,6
202000030409,2020-02-15 19:45:00,2020,2,15,19,45,92,92035,Belgique ( Place de )/ Verdun 1916 ( avenue de)/ Verdun 1916 ( avenue de)/ National ( boulevard ),48.90683,2.23882,Nuit avec éclairage allumé,En agglomération,Intersection en X,Pluie légère,Deux véhicules - côté,3,2,4,0,1,1,2,5,1,50,2,4,3,0,0,1,31.0,53.0,voiture,voiture,5,2,2,2,3
202000030410,2020-02-15 05:05:00,2020,2,15,5,5,92,92035,République ( boulevard de la ),48.9072699,2.2414663,Nuit avec éclairage allumé,En agglomération,Hors intersection,Normale,Autre collision,3,2,4,0,1,3,1,0,1,50,1,1,0,0,0,1,26.0,,deux_roues,,5,2,1,1,6
202000030411,2020-02-16 20:15:00,2020,2,16,20,15,974,97415,38 Rue Etienne Regnault,-20.982838,55.328822,Nuit avec éclairage allumé,En agglomération,Hors intersection,Normale,Autre collision,4,2,2,0,2,1,1,9,1,30,1,2,1,1,0,0,33.0,,voiture,,5,2,1,1,6
202000030412,2020-02-15 19:15:00,2020,2,15,19,15,47,47175,Marot,44.525831,0.782872,Nuit sans éclairage public,Hors agglomération,Intersection en Y,Temps éblouissant,Sans collision,3,2,2,0,2,2,1,0,1,80,1,1,0,0,1,0,18.0,,deux_roues,,3,1,4,7,7
202000030413,2020-02-15 21:15:00,2020,2,15,21,15,26,26031,route d' Espeluche,44.546212,4.844874,Nuit sans éclairage public,Hors agglomération,Hors intersection,Normale,Sans collision,3,2,2,0,1,2,1,0,3,70,1,1,0,0,1,0,32.0,,deux_roues,,3,1,1,1,7
202000030414,2020-02-14 18:50:00,2020,2,14,18,50,24,24010,Route des Plantes,45.183375,0.585097,Crépuscule ou aube,Hors agglomération,Hors intersection,Normale,Sans collision,4,2,2,0,1,1,1,0,1,80,1,1,0,0,0,1,38.0,,deux_roues,,2,1,1,1,7
202000030415,2020-02-14 19:25:00,2020,2,14,19,25,973,97353,Rue Emmanuel Tolinga,3.643083,-54.038132,Nuit avec éclairage allumé,En agglomération,Hors intersection,Normale,Deux véhicules - côté,4,2,2,0,1,1,1,0,1,50,2,2,1,0,1,0,15.0,47.0,deux_roues,voiture,5,2,1,1,3
202000030416,2020-02-15 15:59:00,2020,2,15,15,59,83,83061,A8,43.468782,6.72919,Plein jour,Hors agglomération,Hors intersection,Normale,Trois véhicules et plus - collisions multiples,1,1,0,0,2,1,1,7,8,70,5,10,4,4,2,0,53.0,60.0,voiture,utilitaire_camion,1,1,1,1,5
202000030417,2020-02-16 19:55:00,2020,2,16,19,55,60,60570,D923,49.2506578,2.0393058,Nuit sans éclairage public,Hors agglomération,Intersection en X,Pluie forte,Deux véhicules - frontale,3,2,2,0,1,1,2,5,1,80,2,2,1,0,0,1,30.0,66.0,voiture,voiture,3,1,2,3,1
202000030418,2020-02-16 00:05:00,2020,2,16,0,5,01,01322,2016 Route de Lyon,45.922539,4.812972,Nuit avec éclairage non allumé,Hors agglomération,Hors intersection,Normale,Deux véhicules - frontale,3,2,2,0,1,2,1,0,1,80,2,5,0,0,4,1,48.0,29.0,voiture,voiture,4,1,1,1,1
202000030419,2020-02-11 08:20:00,2020,2,11,8,20,83,83031,Taurelle,43.39289,6.329925,Plein jour,En agglomération,Hors intersection,Normale,Deux véhicules - frontale,3,2,2,0,1,1,1,0,1,50,2,3,2,0,0,1,32.0,49.0,utilitaire_camion,utilitaire_camion,1,2,1,1,1
202000030420,2020-02-16 07:30:00,2020,2,16,7,30,79,79351,,46.42712,-0.549316,Crépuscule ou aube,Hors agglomération,Hors intersection,Normale,Autre collision,3,2,2,0,1,1,1,0,3,80,1,1,0,0,1,0,21.0,,voiture,,2,1,1,1,6
202000030421,2020-02-15 01:00:00,2020,2,15,1,0,60,60006,D200,49.3196093,2.5886267,Nuit sans éclairage public,Hors agglomération,Intersection en X,Normale,Deux véhicules - côté,3,2,2,0,1,1,1,0,1,90,2,3,0,0,0,3,60.0,24.0,utilitaire_camion,utilitaire_camion,3,1,2,1,3
202000030422,2020-02-15 02:00:00,2020,2,15,2,0,80,80568,8 Rue d'Enfer,49.804016,2.914381,Nuit avec éclairage non allumé,En agglomération,Hors intersection,Pluie forte,Sans collision,4,2,2,0,1,1,2,0,1,50,1,2,0,1,0,1,34.0,,deux_roues,,4,2,1,3,7
202000030423,2020-02-16 16:54:00,2020,2,16,16,54,49,49248,RD775,47.757113,-1.173906,Plein jour,Hors agglomération,Autre intersection,Vent fort / tempête,Autre collision,3,1,4,0,1,3,1,0,3,110,1,3,0,0,0,3,33.0,,voiture,,1,1,9,6,6
202000030424,2020-02-16 11:20:00,2020,2,16,11,20,41,41242,07 Rue de la Fontaine,47.27962,1.563403,Plein jour,En agglomération,Intersection en T,Normale,Autre collision,3,2,0,0,1,1,1,0,1,50,1,1,0,0,0,1,31.0,,deux_roues,,1,2,3,1,6
202000030425,2020-02-16 00:30:00,2020,2,16,0,30,34,34304,Route de Lodeve,43.766035,3.33986,Nuit avec éclairage allumé,En agglomération,Hors intersection,Normale,Deux véhicules - arrière,3,3,2,0,1,1,1,9,1,30,2,4,2,0,0,2,31.0,63.0,voiture,voiture,5,2,1,1,2
202000030426,2020-02-16 04:00:00,2020,2,16,4,0,02,02160,D977,49.689482,3.98675,Nuit sans éclairage public,Hors agglomération,Hors intersection,Vent fort / tempête,Autre collision,3,2,2,0,1,1,2,0,3,80,1,2,0,0,2,0,29.0,,voiture,,3,1,1,6,6
202000030427,2020-02-16 09:00:00,2020,2,16,9,0,03,03120,,46.6310366,3.6608795,Plein jour,Hors agglomération,Intersection en T,Normale,Deux véhicules - côté,3,2,2,0,1,1,1,0,1,50,2,5,2,0,2,1,84.0,54.0,voiture,voiture,1,1,3,1,3
202000030428,2020-02-16 01:24:00,2020,2,16,1,24,06,06090,87 Route de la Fenerie,43.591461,6.92931,Nuit avec éclairage allumé,En agglomération,Hors intersection,Normale,Deux véhicules - frontale,3,2,2,0,1,1,1,0,1,50,2,2,1,0,0,1,44.0,40.0,utilitaire_camion,voiture,5,2,1,1,1
202000030429,2020-02-15 14:25:00,2020,2,15,14,25,60,60024,N31,49.4032984,2.6728135,Plein jour,Hors agglomération,Intersection en X,Normale,Deux véhicules - côté,2,2,2,0,1,1,1,0,1,80,2,2,1,0,0,1,90.0,36.0,voiture,voiture,1,1,2,1,3
202000030430,2020-02-16 00:50:00,2020,2,16,0,50,45,45204,chemin du colombier,47.7989396,1.8184412,Nuit sans éclairage public,Hors agglomération,Hors intersection,Normale,Autre collision,4,2,2,0,1,2,1,0,3,70,1,2,0,1,0,1,21.0,,voiture,,3,1,1,1,6
202000030431,2020-02-16 03:30:00,2020,2,16,3,30,36,36021,42 Route de Paudy,46.983245,1.972047,Nuit avec éclairage allumé,En agglomération,Hors intersection,Normale,Autre collision,3,2,2,0,2,2,1,0,4,50,1,6,0,0,2,4,19.0,,voiture,,5,2,1,1,6
202000030432,2020-02-14 19:15:00,2020,2,14,19,15,07,07292,Avenue de Praperrier,45.164471,4.664213,Nuit avec éclairage allumé,En agglomération,Autre intersection,Normale,Deux véhicules - côté,3,2,2,0,1,1,1,0,1,30,2,2,1,0,1,0,21.0,16.0,voiture,deux_roues,5,2,9,1,3
202000030433,2020-02-14 18:40:00,2020,2,14,18,40,53,53207,Rue d'Evron,48.128231,-0.443616,Crépuscule ou aube,Hors agglomération,Autre intersection,Normale,Deux véhicules - côté,3,2,2,0,2,1,1,0,1,80,2,2,1,0,1,0,40.0,30.0,voiture,deux_roues,2,1,9,1,3
202000030434,2020-02-16 15:00:00,2020,2,16,15,0,40,40047,D15,43.55347,-0.717201,Plein jour,Hors agglomération,Hors intersection,Normale,Deux véhicules - côté,3,2,2,0,1,1,1,0,1,80,2,3,1,0,1,1,29.0,32.0,deux_roues,voiture,1,1,1,1,3
202000030435,2020-02-16 14:50:00,2020,2,16,14,50,04,04144,RD 952,43.776772,6.283627,Plein jour,Hors agglomération,Hors intersection,Normale,Sans collision,3,2,2,0,2,2,1,0,8,80,1,1,0,0,0,1,51.0,,deux_roues,,1,1,1,1,7
202000030436,2020-02-15 19:25:00,2020,2,15,19,25,27,27340,D313,49.373819,0.80874,Nuit sans éclairage public,Hors agglomération,Hors intersection,Normale,Deux véhicules - frontale,3,2,2,0,1,1,1,0,1,80,2,4,2,0,0,2,39.0,35.0,voiture,utilitaire_camion,3,1,1,1,1
202000030437,2020-02-15 05:30:00,2020,2,15,5,30,37,37145,La Chapelle,47.036729,0.6575828,Nuit sans éclairage public,Hors agglomération,Hors intersection,Temps couvert,Autre collision,3,2,2,0,1,1,1,0,3,80,1,5,0,0,5,0,19.0,,voiture,,3,1,1,8,6
202000030438,2020-02-14 10:10:00,2020,2,14,10,10,30,30348,Ancienne Route de Nimes Rd 936,44.053753,4.130634,Plein jour,En agglomération,Hors intersection,Normale,Autre collision,3,2,2,0,1,1,1,0,1,50,1,1,0,0,1,0,43.0,,voiture,,1,2,1,1,6
202000030439,2020-02-15 17:30:00,2020,2,15,17,30,67,67174,D642,48.905859,7.614384,Crépuscule ou aube,En agglomération,Hors intersection,Normale,,3,2,2,0,1,1,1,0,1,80,3,4,2,0,0,2,20.0,56.0,voiture,voiture,2,2,1,1,-1
202000030440,2020-02-15 20:13:00,2020,2,15,20,13,973,97307,10 Rue Acajou,4.886244,-52.338122,Nuit avec éclairage allumé,En agglomération,Intersection en X,Pluie légère,Deux véhicules - côté,4,2,2,0,1,1,2,0,1,50,2,2,1,0,0,1,43.0,20.0,deux_roues,voiture,5,2,2,2,3
202000030441,2020-02-15 17:30:00,2020,2,15,17,30,06,06085,Route de la Roquette,43.611844,6.968599,Plein jour,En agglomération,Giratoire,Normale,Deux véhicules - côté,3,-1,2,0,1,2,1,0,1,50,2,3,2,0,1,0,70.0,57.0,voiture,deux_roues,1,2,6,1,3
202000030442,2020-02-10 09:00:00,2020,2,10,9,0,13,13001,7 Rue de la Figuiere,43.516066,5.432997,Plein jour,Hors agglomération,Hors intersection,Normale,Deux véhicules - côté,1,3,5,0,1,1,1,0,1,90,2,2,1,0,0,1,49.0,46.0,voiture,utilitaire_camion,1,1,1,1,3
202000030443,2020-02-16 06:17:00,2020,2,16,6,17,30,30268,Saint-Jean-de-Valériscle,44.238005,4.123693,Nuit sans éclairage public,Hors agglomération,Hors intersection,Pluie légère,Autre collision,3,2,2,0,1,2,2,0,1,80,1,1,0,0,0,1,22.0,,voiture,,3,1,1,2,6
202000030444,2020-02-15 16:55:00,2020,2,15,16,55,34,34157,9 Avenue General de Gaulle,43.426019,3.602837,Plein jour,En agglomération,Hors intersection,Temps éblouissant,Autre collision,3,2,2,0,1,1,1,0,1,30,1,2,1,0,1,0,32.0,,utilitaire_camion,,1,2,1,7,6
202000030445,2020-02-16 11:55:00,2020,2,16,11,55,83,83023,Rue de la Republique,43.407285,6.054266,Plein jour,En agglomération,Hors intersection,Pluie légère,Deux véhicules - côté,4,2,2,0,1,1,2,0,1,50,2,5,4,0,0,1,23.0,38.0,voiture,voiture,1,2,1,2,3
202000030446,2020-02-16 17:50:00,2020,2,16,17,50,25,25251,D683,47.341185,6.315339,Plein jour,Hors agglomération,Hors intersection,Normale,Deux véhicules - frontale,3,2,2,0,2,1,1,0,1,80,2,2,0,0,2,0,71.0,72.0,voiture,voiture,1,1,1,1,1
202000030447,2020-02-16 04:00:00,2020,2,16,4,0,71,71448,D906,46.3852627,4.8695633,Nuit avec éclairage allumé,Hors agglomération,Hors intersection,Normale,Sans collision,3,2,4,0,1,1,1,0,3,70,1,1,0,0,0,1,33.0,,deux_roues,,5,1,1,1,7
202000030448,2020-02-14 18:50:00,2020,2,14,18,50,57,57598,D81,49.133009,7.011139,Nuit sans éclairage public,Hors agglomération,Hors intersection,Normale,,3,2,2,0,1,1,1,0,1,80,2,2,1,0,0,1,55.0,20.0,utilitaire_camion,voiture,3,1,1,1,-1
202000030449,2020-02-16 10:40:00,2020,2,16,10,40,42,42066,D1089,45.7393637,4.1890754,Plein jour,Hors agglomération,Hors intersection,Normale,Autre collision,3,2,1,0,1,1,1,0,8,80,1,1,0,1,0,0,85.0,,voiture,,1,1,1,1,6
202000030450,2020-02-16 15:21:00,2020,2,16,15,21,69,69140,Chemin du Chevronnet,45.902198,4.676523,Plein jour,Hors agglomération,Intersection en X,Normale,Deux véhicules - frontale,3,-1,2,0,3,3,1,5,1,80,2,2,1,0,1,0,27.0,21.0,voiture,deux_roues,1,1,2,1,1
202000030451,2020-02-05 19:50:00,2020,2,5,19,50,81,81038,RD968,43.87611,1.907834,Nuit sans éclairage public,Hors agglomération,Giratoire,Normale,Sans collision,3,2,2,0,1,2,1,0,1,80,1,1,0,0,0,1,46.0,,deux_roues,,3,1,6,1,7
202000030452,2020-02-15 19:00:00,2020,2,15,19,0,81,81225,D21,43.924265,1.963484,Nuit sans éclairage public,Hors agglomération,Hors intersection,Normale,Sans collision,3,2,2,0,1,2,9,0,1,80,1,1,0,0,1,0,30.0,,deux_roues,,3,1,1,1,7
202000030453,2020-02-15 20:00:00,2020,2,15,20,0,16,16187,Avenue du Stade,45.6565191,0.0843217,Nuit avec éclairage allumé,En agglomération,Intersection en X,Normale,Deux véhicules - côté,3,2,2,0,2,1,1,0,8,50,2,2,1,0,1,0,16.0,60.0,deux_roues,voiture,5,2,2,1,3
202000030454,2020-02-16 01:45:00,2020,2,16,1,45,49,49349,Sèvremoine,47.150593,-1.19611,Nuit sans éclairage public,Hors agglomération,Hors intersection,Normale,Autre collision,2,1,2,0,2,1,2,0,2,110,1,1,0,1,0,0,51.0,,deux_roues,,3,1,1,1,6
202000030455,2020-02-16 00:05:00,2020,2,16,0,5,14,14160,N158,49.0660289,-0.2930519,Nuit sans éclairage public,Hors agglomération,Hors intersection,Pluie forte,Deux véhicules - arrière,2,3,4,0,1,1,2,0,1,110,2,7,4,0,1,2,41.0,20.0,voiture,voiture,3,1,1,3,2
202000030456,2020-02-14 15:00:00,2020,2,14,15,0,76,76563,D6015,49.525988,0.330491,Plein jour,Hors agglomération,Intersection en X,Normale,Trois véhicules et plus - en chaîne,3,2,2,1,2,1,1,0,1,80,3,3,2,0,1,0,68.0,40.0,voiture,voiture,1,1,2,1,4
202000030457,2020-02-14 20:25:00,2020,2,14,20,25,13,13019,A51-Sens Aix en Provence vers Marseille,43.422561,5.371952,Nuit sans éclairage public,Hors agglomération,Hors intersection,Normale,Deux véhicules - côté,1,1,3,0,1,1,1,0,1,90,2,2,0,0,1,1,22.0,24.0,voiture,voiture,3,1,1,1,3
202000030458,2020-02-10 15:00:00,2020,2,10,15,0,13,13106,A7-Sens Lyon vers Marseille,43.396405,5.350267,Plein jour,Hors agglomération,Hors intersection,Normale,Deux véhicules - côté,1,1,3,0,2,1,1,0,1,90,2,2,1,0,1,0,56.0,26.0,utilitaire_camion,voiture,1,1,1,1,3
202000030459,2020-02-11 13:15:00,2020,2,11,13,15,69,69290,A43,45.7079,4.9556,Plein jour,Hors agglomération,Hors intersection,Normale,Deux véhicules - arrière,1,3,3,0,1,1,1,0,1,110,2,2,1,0,0,1,49.0,29.0,utilitaire_camion,voiture,1,1,1,1,2
202000030460,2020-02-14 09:00:00,2020,2,14,9,0,78,78640,RN12,48.781924,2.16375,Plein jour,Hors agglomération,Hors intersection,Temps couvert,Trois véhicules et plus - en chaîne,2,3,3,0,1,1,2,0,1,110,6,7,6,0,0,1,44.0,26.0,voiture,voiture,1,1,1,8,4
202000030461,2020-02-15 01:00:00,2020,2,15,1,0,95,95580,AUTOROUTE A1,49.0822,2.5516,Nuit avec éclairage non allumé,Hors agglomération,Hors intersection,Normale,Autre collision,1,3,8,0,1,1,1,0,1,130,1,2,1,0,0,1,34.0,,voiture,,4,1,1,1,6
202000030462,2020-02-14 23:20:00,2020,2,14,23,20,94,94042,A4,48.8265629,2.4667862,Nuit avec éclairage allumé,Hors agglomération,Hors intersection,Normale,,1,3,4,0,1,3,1,0,1,90,2,2,1,0,1,0,28.0,67.0,utilitaire_camion,deux_roues,5,1,1,1,-1
202000030463,2020-01-31 07:40:00,2020,1,31,7,40,77,77146,A4.Y,48.8323722,2.661239,Nuit sans éclairage public,Hors agglomération,Hors intersection,Pluie légère,Trois véhicules et plus - en chaîne,1,3,10,0,1,1,2,3,1,110,5,5,4,0,0,1,37.0,45.0,voiture,utilitaire_camion,3,1,1,2,4
202000030464,2020-02-14 04:40:00,2020,2,14,4,40,988,98818,ROUTE DE LA BAIE DES DAMES/RUE DU DOCTEUR SCHWEITZER,-22.23645,166.43868,Nuit avec éclairage allumé,Hors agglomération,Intersection en T,Normale,Autre collision,4,2,2,0,2,1,1,0,1,50,1,1,0,0,0,1,50.0,,deux_roues,,5,1,3,1,6
202000030465,2020-02-11 11:00:00,2020,2,11,11,0,988,98818,ROUTE STRATEGIQUE - RUE PAUL CACOT,-22.26523,166.44769,Plein jour,En agglomération,Hors intersection,Pluie légère,Deux véhicules - frontale,4,2,2,0,2,2,2,0,1,50,2,2,0,0,0,2,32.0,42.0,voiture,voiture,1,2,1,2,1
202000030466,2020-02-15 03:05:00,2020,2,15,3,5,974,97416,km,-21.3122916,55.4955161,Nuit sans éclairage public,Hors agglomération,Hors intersection,Normale,Autre collision,4,2,2,3,1,1,1,0,6,50,1,1,0,0,0,1,32.0,,deux_roues,,3,1,1,1,6
202000030467,2020-02-13 19:15:00,2020,2,13,19,15,974,97416,ZONE (ALLEE DE LA),-21.31821,55.47324,Crépuscule ou aube,Hors agglomération,Intersection en T,Normale,Deux véhicules - frontale,4,3,2,0,1,1,1,0,1,50,2,2,1,0,0,1,17.0,79.0,deux_roues,voiture,2,1,3,1,1
202000030468,2020-02-15 02:00:00,2020,2,15,2,0,974,97411,Avenue de la Victoire,-20.8766,55.4479,Nuit avec éclairage allumé,En agglomération,Intersection en X,Pluie légère,Deux véhicules - côté,4,2,0,0,1,1,2,0,1,30,2,3,1,0,2,0,27.0,19.0,voiture,deux_roues,5,2,2,2,3
202000030469,2020-02-14 14:39:00,2020,2,14,14,39,973,97302,MARINGOUINS (ROND-POINT),4.8968103,-52.3287478,Plein jour,Hors agglomération,Giratoire,Normale,Deux véhicules - arrière,2,4,1,0,1,2,1,0,1,50,2,2,1,0,0,1,64.0,24.0,voiture,deux_roues,1,1,6,1,2
202000030470,2020-02-14 20:30:00,2020,2,14,20,30,69,69266,ANATOLE FRANCE     (Rue),45.7665,4.8688,Nuit avec éclairage allumé,En agglomération,Intersection en X,Normale,Deux véhicules - arrière,4,1,1,0,1,1,1,0,1,50,2,4,3,0,0,1,20.0,28.0,voiture,voiture,5,2,2,1,2
202000030471,2020-02-14 14:15:00,2020,2,14,14,15,69,69387,PRE GAUDRY                          (R ),45.73863,4.83644,Plein jour,En agglomération,Intersection en T,Normale,Deux véhicules - côté,4,2,0,0,1,1,1,0,1,50,2,2,1,0,0,1,42.0,37.0,deux_roues,voiture,1,2,3,1,3
202000030472,2020-02-14 13:00:00,2020,2,14,13,0,69,69276,LYON (DE)                               ,45.683,4.8614,Plein jour,En agglomération,Intersection en T,Normale,Deux véhicules - côté,4,2,2,0,2,1,1,0,1,50,2,2,1,0,0,1,62.0,20.0,voiture,voiture,1,2,3,1,3
202000030473,2020-02-14 08:30:00,2020,2,14,8,30,69,69386,GARIBALDI                           (R ),45.7678412,4.8507298,Plein jour,En agglomération,Intersection en X,Pluie légère,Autre collision,4,1,3,0,1,1,2,0,1,50,1,2,1,0,0,1,41.0,,deux_roues,,1,2,2,2,6
202000030474,2020-02-14 02:05:00,2020,2,14,2,5,69,69387,SEBASTIEN GRYPHE                    (R ),45.74924,4.84194,Nuit avec éclairage allumé,En agglomération,Intersection en X,Pluie légère,Deux véhicules - côté,4,1,1,0,1,1,2,0,1,50,2,4,3,0,0,1,24.0,30.0,voiture,voiture,5,2,2,2,3
202000030475,2020-02-11 12:15:00,2020,2,11,12,15,972,97213,AUTOROUTE A1,14.6179,-61.0305,Plein jour,Hors agglomération,Hors intersection,Normale,Sans collision,1,1,2,0,1,1,1,2,1,70,1,4,0,0,1,3,63.0,,voiture,,1,1,1,1,7
202000030476,2020-02-13 17:00:00,2020,2,13,17,0,69,69385,ADOLPHE MAX                         (AV),45.7598,4.82736,Plein jour,En agglomération,Hors intersection,Normale,Autre collision,4,1,2,0,1,1,1,0,1,50,1,2,1,0,0,1,49.0,,deux_roues,,1,2,1,1,6