accident_id,datetime,annee,mois,jour,heure,minute,departement,commune_insee,adresse,latitude,longitude,luminosite,agglomeration,intersection,meteo,collision,catr,circ,nbv,vosp,prof,plan,surf,infra,situ,vma,nb_vehicules,nb_usagers,nb_indemnes,nb_tues,nb_blesses_hosp,nb_blesses_legers,age_cond_1,age_cond_2,veh_type_cond_1,veh_type_cond_2,lum_code,agg_code,int_code,atm_code,col_code
202000030477,2020-02-14 14:15:00,2020,2,14,14,15,2B,2B033,Route Imperiale,42.6647523,9.4376771,Plein jour,En agglomération,Hors intersection,Normale,Deux véhicules - côté,3,-1,2,0,1,1,1,5,1,50,2,2,0,0,0,2,19.0,44.0,voiture,voiture,1,2,1,1,3
202000030478,2020-02-14 21:14:00,2020,2,14,21,14,2A,2A004,NICOLI JEAN COURS,41.9322216,8.7405326,Nuit avec éclairage allumé,En agglomération,Passage à niveau,Normale,Deux véhicules - frontale,2,2,4,0,1,2,1,4,1,50,2,3,1,0,0,2,31.0,44.0,voiture,voiture,5,2,8,1,1
202000030479,2020-02-13 12:15:00,2020,2,13,12,15,2A,2A004,Cours Napoléon,41.9216,8.73733,Plein jour,En agglomération,Hors intersection,Normale,Sans collision,2,2,2,0,1,1,1,0,1,50,1,2,1,0,0,1,35.0,,deux_roues,,1,2,1,1,7
202000030480,2020-02-14 11:30:00,2020,2,14,11,30,91,91228,CROIZAT (RUE AMBROISE),48.62606,2.42709,Plein jour,En agglomération,Hors intersection,Normale,Autre collision,4,1,2,0,1,1,1,0,1,50,1,2,1,0,1,0,87.0,,voiture,,1,2,1,1,6
202000030481,2020-02-14 14:15:00,2020,2,14,14,15,91,91657,FREDERIC JOLIOT CURIE (AVENUE),48.703263,2.420021,Plein jour,En agglomération,Hors intersection,Normale,Autre collision,4,2,2,0,1,1,1,6,1,50,1,2,1,0,0,1,76.0,,voiture,,1,2,1,1,6
202000030482,2020-02-13 19:00:00,2020,2,13,19,0,91,91425,DOCTEUR OGE (RUE DU),48.636875,2.276833,Nuit avec éclairage allumé,En agglomération,Intersection en T,Normale,Deux véhicules - côté,4,-1,2,0,1,1,1,0,1,50,2,3,2,0,0,1,51.0,39.0,voiture,voiture,5,2,3,1,3
202000030483,2020-02-13 17:21:00,2020,2,13,17,21,87,87085,RD941 (OUEST),45.83707,1.19518,Plein jour,Hors agglomération,Hors intersection,Pluie légère,Autre collision,3,3,4,0,1,1,2,0,1,110,1,1,0,0,0,1,42.0,,utilitaire_camion,,1,1,1,2,6
202000030484,2020-02-13 15:22:00,2020,2,13,15,22,87,87085,AUTOROUTE A20,45.85628,1.28061,Plein jour,Hors agglomération,Hors intersection,Pluie légère,Trois véhicules et plus - en chaîne,1,3,4,0,1,1,2,0,1,110,3,4,2,0,2,0,50.0,45.0,voiture,voiture,1,1,1,2,4
202000030485,2020-01-14 08:00:00,2020,1,14,8,0,30,30351,SEMARD AVENUE PIERRE,43.9678,4.7951,Plein jour,En agglomération,Hors intersection,Normale,Deux véhicules - frontale,4,2,2,0,2,2,1,0,1,50,2,5,1,0,0,4,38.0,,transport_commun,,1,2,1,1,1
202000030486,2020-02-14 09:45:00,2020,2,14,9,45,83,83137,15EME CORPS (AVE DU),43.128549,5.912809,Plein jour,En agglomération,Hors intersection,Normale,Autre collision,3,2,2,0,1,1,1,0,1,50,1,1,0,0,0,1,,,,,1,2,1,1,6
202000030487,2020-02-14 09:30:00,2020,2,14,9,30,83,83137,LYAUTEY (AVE MARECHAL),43.12853,5.92188,Plein jour,En agglomération,Intersection en T,Normale,Deux véhicules - côté,4,4,4,0,2,1,1,0,1,50,2,4,0,0,4,0,38.0,39.0,voiture,voiture,1,2,3,1,3
202000030488,2020-02-13 10:30:00,2020,2,13,10,30,83,83062,ST JUST (AVENUE LT ANTOINE),43.143361,6.017606,Plein jour,En agglomération,Hors intersection,Temps couvert,Deux véhicules - côté,4,-1,2,0,3,2,1,0,1,50,2,3,1,0,0,2,66.0,31.0,voiture,voiture,1,2,1,8,3
202000030489,2020-02-07 19:05:00,2020,2,7,19,5,83,83050,SAINTE BARBE(CHEMIN),43.529091,6.485473,Nuit avec éclairage allumé,En agglomération,Intersection en T,Normale,Deux véhicules - frontale,4,2,2,0,2,1,1,5,1,50,2,2,1,0,1,0,30.0,30.0,voiture,deux_roues,5,2,3,1,1
202000030490,2020-02-13 07:55:00,2020,2,13,7,55,80,80674,DEFENSE PASSIVE (AVENUE DE LA),49.90778,2.32187,Crépuscule ou aube,En agglomération,Hors intersection,Pluie légère,Deux véhicules - arrière,4,2,3,0,1,1,2,0,1,50,2,2,1,0,0,1,42.0,49.0,voiture,voiture,2,2,1,2,2
202000030491,2020-02-12 10:05:00,2020,2,12,10,5,80,80021,JUST HAUY (RUE),49.8878,2.31369,Plein jour,En agglomération,Hors intersection,Normale,Autre collision,4,1,1,0,1,1,2,0,1,50,1,2,1,0,0,1,52.0,,voiture,,1,2,1,1,6
202000030492,2020-02-07 11:35:00,2020,2,7,11,35,77,77501,D 403,48.33481,2.86701,Plein jour,Hors agglomération,Intersection en X,Normale,Deux véhicules - frontale,3,2,2,0,1,1,1,9,8,80,2,3,1,0,1,1,38.0,68.0,utilitaire_camion,voiture,1,1,2,1,1
202000030493,2020-02-13 20:50:00,2020,2,13,20,50,76,76157,HUGO. RUE VICTOR,49.44605,1.03604,Nuit avec éclairage allumé,En agglomération,Hors intersection,Normale,Autre collision,3,2,2,0,1,1,2,0,3,50,1,1,0,0,1,0,52.0,,voiture,,5,2,1,1,6
202000030494,2020-02-13 16:25:00,2020,2,13,16,25,71,71306,N70,46.691459,4.372129,Plein jour,Hors agglomération,Hors intersection,Pluie forte,Sans collision,2,1,4,0,1,1,4,0,1,110,1,1,0,0,0,1,19.0,,voiture,,1,1,1,3,7
202000030495,2020-02-14 16:00:00,2020,2,14,16,0,69,69266,8 MAI 1945   (Rue du),45.782,4.8911,Plein jour,En agglomération,Hors intersection,Normale,Deux véhicules - côté,4,2,2,0,1,1,1,0,1,50,2,1,0,0,0,1,47.0,,autre,,1,2,1,1,3
202000030496,2020-02-14 08:05:00,2020,2,14,8,5,69,69275,ELISEE RECLUS                       (R ),45.7599,4.9607,Crépuscule ou aube,En agglomération,Hors intersection,Pluie légère,Deux véhicules - côté,4,3,2,0,1,1,2,0,6,50,2,2,1,0,0,1,30.0,59.0,deux_roues,voiture,2,2,1,2,3
202000030497,2020-02-13 18:50:00,2020,2,13,18,50,69,69264,EUROPE L'  AV DE,45.992,4.7423,Nuit avec éclairage allumé,En agglomération,Hors intersection,Pluie légère,Deux véhicules - arrière,3,2,2,0,1,1,2,0,1,50,2,2,1,0,0,1,62.0,38.0,utilitaire_camion,utilitaire_camion,5,2,1,2,2
202000030498,2020-02-14 14:00:00,2020,2,14,14,0,67,67482,LAZARET (RUE DU),48.5639059,7.7533932,Plein jour,En agglomération,Hors intersection,Pluie légère,Autre collision,4,2,3,0,1,1,2,0,1,50,1,2,1,0,0,1,40.0,,voiture,,1,2,1,2,6
202000030499,2020-02-14 01:10:00,2020,2,14,1,10,67,67482,LEICESTER (RUE),48.57842,7.77202,Nuit avec éclairage allumé,En agglomération,Intersection en T,Normale,Sans collision,4,2,2,0,1,1,2,0,1,50,1,1,0,0,0,1,41.0,,deux_roues,,5,2,3,1,7
202000030500,2020-02-13 20:10:00,2020,2,13,20,10,67,67482,CHARMILLE (RUE DE LA),48.58616,7.71815,Nuit avec éclairage allumé,En agglomération,Intersection en T,Pluie légère,Deux véhicules - côté,4,2,2,0,1,1,2,2,1,50,2,2,1,0,0,1,35.0,47.0,deux_roues,voiture,5,2,3,2,3
202000030501,2020-02-14 14:38:00,2020,2,14,14,38,66,66136,RIERE (JEAN),42.69169,2.89684,Plein jour,En agglomération,Hors intersection,Normale,Sans collision,4,2,2,0,1,1,1,0,1,50,1,2,1,0,1,0,59.0,,voiture,,1,2,1,1,7
202000030502,2020-02-13 13:50:00,2020,2,13,13,50,66,66136,GAUGUIN (AVENUE PAUL),42.721,2.89027,Plein jour,En agglomération,Hors intersection,Normale,Deux véhicules - frontale,4,2,2,0,1,1,1,0,1,50,2,2,1,0,0,1,52.0,38.0,voiture,deux_roues,1,2,1,1,1
202000030503,2020-02-11 19:00:00,2020,2,11,19,0,65,65440,MAI 1945 (BOULEVARD DU 08),43.21892,0.071591,Nuit avec éclairage non allumé,En agglomération,Hors intersection,Normale,Deux véhicules - arrière,2,2,2,0,1,1,1,0,1,50,2,2,1,0,0,1,58.0,18.0,voiture,deux_roues,4,2,1,1,2
202000030504,2020-02-11 18:10:00,2020,2,11,18,10,65,65440,AZEREIX (AVENUE D'),43.22755,0.05598,Crépuscule ou aube,En agglomération,Hors intersection,Temps couvert,Trois véhicules et plus - en chaîne,4,3,2,1,1,1,2,0,1,50,3,3,1,0,0,2,35.0,52.0,voiture,voiture,2,2,1,8,4
202000030505,2020-02-11 18:25:00,2020,2,11,18,25,64,64445,POUGUET,43.32161,-0.35117,Nuit avec éclairage allumé,En agglomération,Hors intersection,Pluie légère,Autre collision,4,2,1,0,1,1,2,0,1,50,1,2,1,0,0,1,41.0,,voiture,,5,2,1,2,6
202000030506,2020-02-13 07:00:00,2020,2,13,7,0,64,64024,BIARRITZ (AVENUE DE),43.48024,-1.52545,Nuit avec éclairage allumé,En agglomération,Intersection en T,Normale,Deux véhicules - côté,4,2,2,0,1,1,1,0,1,50,2,2,1,0,1,0,50.0,45.0,voiture,deux_roues,5,2,3,1,3
202000030507,2020-02-12 01:18:00,2020,2,12,1,18,63,63113,MERMOZ (AVENUE JEAN),45.7898567,3.1286209,Nuit avec éclairage allumé,En agglomération,Hors intersection,Normale,Sans collision,7,2,2,0,1,3,1,9,3,50,1,1,0,0,0,1,30.0,,voiture,,5,2,1,1,7
202000030508,2020-02-12 09:49:00,2020,2,12,9,49,63,63113,RECLUS (AVENUE ELISEE),45.78528,3.14178,Plein jour,En agglomération,Hors intersection,Normale,,7,2,3,0,1,1,1,0,1,50,2,2,1,0,0,1,28.0,27.0,deux_roues,voiture,1,2,1,1,-1
202000030509,2020-02-12 13:18:00,2020,2,12,13,18,63,63113,MERMOZ (AVENUE JEAN),45.79032,3.13308,Plein jour,En agglomération,Hors intersection,Normale,Deux véhicules - frontale,7,2,2,0,1,1,1,0,1,50,2,2,1,0,0,1,60.0,30.0,voiture,voiture,1,2,1,1,1
202000030510,2020-02-13 22:50:00,2020,2,13,22,50,63,63113,FLAUBERT (BD GUSTAVE),45.76414,3.12604,Nuit avec éclairage allumé,En agglomération,Intersection à plus de 4 branches,Normale,Deux véhicules - côté,7,-1,4,0,1,1,1,5,1,50,2,2,1,0,1,0,27.0,20.0,voiture,voiture,5,2,5,1,3
202000030511,2020-02-02 17:50:00,2020,2,2,17,50,62,62765,THEROUANE (RUE DE....N°49 A 73 ET 75 A 1,50.746627,2.262088,Nuit avec éclairage allumé,En agglomération,Intersection en T,Normale,Deux véhicules - côté,4,2,2,0,1,1,1,0,1,50,2,2,1,0,1,0,16.0,74.0,deux_roues,voiture,5,2,3,1,3
202000030512,2020-02-13 20:15:00,2020,2,13,20,15,59,59421,CONGO (RUE DU),50.6989993,3.1488705,Nuit avec éclairage allumé,En agglomération,Hors intersection,Normale,Deux véhicules - côté,4,2,2,0,1,1,1,0,1,50,2,2,1,0,0,1,30.0,39.0,deux_roues,voiture,5,2,1,1,3
202000030513,2020-02-14 06:20:00,2020,2,14,6,20,59,59098,WERVICQ (RUE DE),50.773007,3.064891,Nuit avec éclairage allumé,En agglomération,Autre intersection,Normale,Deux véhicules - côté,7,2,2,0,1,1,1,0,1,50,2,2,1,0,1,0,53.0,36.0,deux_roues,voiture,5,2,9,1,3
202000030514,2020-02-13 22:00:00,2020,2,13,22,0,56,56162,MOISSONNEURS (RUE DES),47.71209,-3.4466,Nuit sans éclairage public,En agglomération,Hors intersection,Normale,Autre collision,4,2,2,0,1,3,1,0,3,70,1,2,1,0,0,1,22.0,,voiture,,3,2,1,1,6
202000030515,2020-02-13 18:16:00,2020,2,13,18,16,56,56098,GRANDE LANDE ( ROUTE DE LA ),47.75636,-3.33611,Crépuscule ou aube,En agglomération,Intersection en X,Vent fort / tempête,Deux véhicules - côté,4,2,2,0,1,1,1,0,1,50,2,2,0,0,0,2,40.0,35.0,voiture,voiture,2,2,2,6,3
202000030516,2020-02-14 18:10:00,2020,2,14,18,10,51,51454,Boulevard Saint Marceaux,49.255371,4.0463598,Nuit avec éclairage allumé,En agglomération,Hors intersection,Normale,Sans collision,4,2,2,0,1,1,1,0,4,50,1,2,1,0,0,1,50.0,,voiture,,5,2,1,1,7
202000030517,2020-02-13 08:12:00,2020,2,13,8,12,51,51454,Allée du Vignoble,49.2225327,4.0141559,Plein jour,En agglomération,Intersection en X,Pluie légère,Deux véhicules - côté,4,2,2,0,1,1,2,0,1,50,2,3,2,0,0,1,37.0,34.0,voiture,voiture,1,2,2,2,3
202000030518,2020-02-13 13:57:00,2020,2,13,13,57,49,49007,GAIN ( LOUIS),47.4684504,-0.5383283,Plein jour,En agglomération,Hors intersection,Normale,Deux véhicules - côté,4,2,2,0,1,1,1,0,1,60,2,2,1,0,0,1,22.0,22.0,deux_roues,voiture,1,2,1,1,3
202000030519,2020-02-13 08:37:00,2020,2,13,8,37,49,49007,ESTIENNE D'ORVES BOULEVARD,47.45987,-0.51996,Plein jour,En agglomération,Hors intersection,Normale,Sans collision,4,2,2,0,1,1,1,0,1,60,1,1,0,0,0,1,28.0,,voiture,,1,2,1,1,7
202000030520,2020-02-11 08:37:00,2020,2,11,8,37,49,49007,BON PASTEUR BOULEVARD,47.47035,-0.56992,Plein jour,En agglomération,Hors intersection,Normale,Autre collision,4,2,2,0,1,1,1,0,1,60,1,2,1,0,0,1,59.0,,deux_roues,,1,2,1,1,6
202000030521,2020-02-13 19:15:00,2020,2,13,19,15,45,45234,Rue Eugene Vignat,47.9087502,1.9108817,Nuit avec éclairage allumé,En agglomération,Hors intersection,Pluie forte,Sans collision,4,2,2,0,1,1,2,0,1,50,1,2,1,0,0,1,36.0,,voiture,,5,2,1,3,7
202000030522,2020-02-14 16:50:00,2020,2,14,16,50,37,37261,VARENNES (ALLEE DE),47.3859609,0.6962468,Plein jour,En agglomération,Intersection en T,Normale,Deux véhicules - côté,4,2,2,0,1,1,1,0,1,50,2,2,1,0,0,1,44.0,24.0,deux_roues,voiture,1,2,3,1,3
202000030523,2020-02-14 12:40:00,2020,2,14,12,40,37,37261,GUILLAUMET (RUE),47.3816357,0.7051613,Plein jour,En agglomération,Intersection en T,Normale,Deux véhicules - côté,4,1,1,0,1,1,1,0,1,30,2,2,1,0,0,1,38.0,34.0,voiture,voiture,1,2,3,1,3
202000030524,2020-02-14 13:05:00,2020,2,14,13,5,34,34172,HEIDELBERG (AVENUE DE),43.6204969,3.8167247,Plein jour,En agglomération,Hors intersection,Normale,Deux véhicules - côté,4,2,2,0,1,2,1,9,1,50,2,2,1,0,0,1,47.0,24.0,utilitaire_camion,deux_roues,1,2,1,1,3
202000030525,2020-02-13 17:00:00,2020,2,13,17,0,34,34336,BEREGOVOY (AVENUE PIERRE),43.32066,3.27912,Plein jour,En agglomération,Giratoire,Normale,Autre collision,3,1,1,0,1,3,1,0,1,50,1,2,1,0,1,0,39.0,,voiture,,1,2,6,1,6
202000030526,2020-02-14 19:00:00,2020,2,14,19,0,33,33013,ROUTE NATIONALE 89,44.86772,-0.4925,Nuit avec éclairage allumé,Hors agglomération,Hors intersection,Normale,Trois véhicules et plus - en chaîne,2,3,4,0,1,1,1,0,1,90,3,5,3,0,0,2,74.0,47.0,voiture,voiture,5,1,1,1,4
202000030527,2020-02-14 18:15:00,2020,2,14,18,15,33,33318,Avenue du Parc d'Espagne,44.79864,-0.68145,Nuit avec éclairage non allumé,En agglomération,Hors intersection,Normale,Autre collision,4,2,4,2,1,3,1,0,1,50,1,2,1,0,0,1,62.0,,voiture,,4,2,1,1,6
202000030528,2020-02-14 17:00:00,2020,2,14,17,0,33,33162,Rue d'Eysines,44.86269,-0.65313,Plein jour,En agglomération,Intersection en T,Normale,Autre collision,4,2,5,2,1,1,1,5,8,50,1,2,1,0,0,1,63.0,,voiture,,1,2,3,1,6
202000030529,2020-02-05 18:45:00,2020,2,5,18,45,33,33281,RUE GEORGES OHM,44.83071,-0.66668,Nuit avec éclairage allumé,En agglomération,Hors intersection,Normale,Deux véhicules - frontale,4,2,2,0,1,1,1,0,1,50,2,3,1,0,0,2,23.0,47.0,voiture,deux_roues,5,2,1,1,1
202000030530,2020-02-11 11:40:00,2020,2,11,11,40,33,33529,AERODROME (AVE DE L'),44.60215,-1.11939,Plein jour,En agglomération,Hors intersection,Normale,Autre collision,4,2,2,0,1,3,1,0,3,50,1,1,0,0,1,0,68.0,,deux_roues,,1,2,1,1,6
202000030531,2020-02-14 12:30:00,2020,2,14,12,30,32,32013,R N 21,43.66988,0.60189,Plein jour,Hors agglomération,Intersection en T,Normale,Deux véhicules - côté,2,2,2,0,1,1,1,0,1,70,2,3,1,0,0,2,47.0,48.0,voiture,voiture,1,1,3,1,3
202000030532,2020-02-14 02:10:00,2020,2,14,2,10,31,31555,31 Chemin des Canalets,43.56277,1.44434,Nuit avec éclairage allumé,En agglomération,Hors intersection,Normale,Autre collision,4,2,2,0,3,1,1,0,1,50,1,1,0,0,1,0,31.0,,voiture,,5,2,1,1,6
202000030533,2020-02-13 14:50:00,2020,2,13,14,50,31,31555,111 Chemin de Lapujade,43.62532,1.4551,Plein jour,En agglomération,Hors intersection,Normale,Autre collision,4,2,3,0,1,3,1,0,1,50,1,2,0,0,0,2,14.0,,deux_roues,,1,2,1,1,6
202000030534,2020-02-13 07:30:00,2020,2,13,7,30,31,31149,ROND POINT DU PETIT PRINCE ,43.61104,1.33693,Nuit sans éclairage public,En agglomération,Hors intersection,Normale,Deux véhicules - côté,4,1,2,0,1,2,1,0,1,50,2,2,1,0,0,1,42.0,53.0,deux_roues,voiture,3,2,1,1,3
202000030535,2020-02-14 16:45:00,2020,2,14,16,45,30,30189,MAS DE CHEYLON,43.80523,4.33661,Plein jour,Hors agglomération,Intersection en X,Normale,Deux véhicules - arrière,3,2,2,0,4,1,1,0,1,50,2,2,1,0,0,1,45.0,77.0,voiture,voiture,1,1,2,1,2
202000030536,2020-02-09 03:10:00,2020,2,9,3,10,30,30243,GAULLE (AVENUE DU GAL DE),44.08555,4.07723,Nuit avec éclairage allumé,En agglomération,Hors intersection,Normale,Trois véhicules et plus - en chaîne,3,2,2,0,1,1,1,0,1,50,3,3,1,0,0,2,34.0,21.0,voiture,voiture,5,2,1,1,4
202000030537,2020-02-14 08:35:00,2020,2,14,8,35,22,22360,RD700,48.48363,-2.76513,Plein jour,Hors agglomération,Hors intersection,Normale,Autre collision,3,3,4,0,2,1,2,0,3,90,1,1,0,1,0,0,40.0,,voiture,,1,1,1,1,6
202000030538,2020-01-20 14:50:00,2020,1,20,14,50,22,22278,PROMENADES (ET ALL. DES),48.5132261,-2.7572733,Plein jour,En agglomération,Hors intersection,Normale,Autre collision,4,2,1,0,1,1,1,0,1,50,1,3,1,0,2,0,53.0,,utilitaire_camion,,1,2,1,1,6
202000030539,2020-02-12 09:30:00,2020,2,12,9,30,15,15012,RD 920,44.842918,2.476533,Crépuscule ou aube,Hors agglomération,Hors intersection,Brouillard / fumée,Deux véhicules - côté,3,2,-1,0,1,2,1,0,1,90,2,2,1,0,0,1,30.0,56.0,utilitaire_camion,voiture,2,1,1,5,3
202000030540,2020-02-14 15:05:00,2020,2,14,15,5,14,14333,JUDOVICIE (BOULEVARD),49.41547,0.25839,Plein jour,Hors agglomération,Hors intersection,Normale,Deux véhicules - côté,6,-1,0,0,1,1,1,9,6,50,2,4,3,0,0,1,25.0,32.0,voiture,voiture,1,1,1,1,3
202000030541,2020-01-21 12:45:00,2020,1,21,12,45,14,14117,PONT DE PIERRE (RUE DU),49.28311,-0.12359,Plein jour,En agglomération,Hors intersection,Normale,Deux véhicules - frontale,4,2,2,0,1,2,1,0,1,50,2,3,2,0,0,1,67.0,22.0,voiture,voiture,1,2,1,1,1
202000030542,2020-02-14 06:25:00,2020,2,14,6,25,14,14118,TASSIGNY (AVENUE DE LATTRE DE),49.20593,-0.37856,Nuit avec éclairage allumé,En agglomération,Hors intersection,Normale,Autre collision,4,2,2,0,1,1,1,0,1,50,1,1,0,0,1,0,23.0,,voiture,,5,2,1,1,6
202000030543,2020-02-14 10:15:00,2020,2,14,10,15,13,13106,PIGEONNIER (CHEMIN DU),43.40346,5.35694,Plein jour,Hors agglomération,Intersection en X,Normale,Deux véhicules - côté,4,2,2,0,1,1,1,0,1,50,2,2,1,0,0,1,19.0,46.0,voiture,voiture,1,1,2,1,3
202000030544,2020-02-14 17:15:00,2020,2,14,17,15,13,13210,CAPELETTE (AVENUE DE LA),43.279207,5.411997,Crépuscule ou aube,En agglomération,Hors intersection,Normale,Deux véhicules - arrière,4,4,3,0,1,1,1,0,1,50,2,2,1,0,0,1,61.0,29.0,voiture,deux_roues,2,2,1,1,2
202000030545,2020-02-13 17:15:00,2020,2,13,17,15,13,13211,VALENTINE (ROUTE DE LA),43.289613,5.47053,Crépuscule ou aube,En agglomération,Hors intersection,Pluie légère,Autre collision,4,3,4,0,1,1,2,0,1,50,1,3,2,0,0,1,41.0,,voiture,,2,2,1,2,6
202000030546,2020-02-14 10:50:00,2020,2,14,10,50,13,13208,PRADO (AVENUE DU),43.2802828,5.3869432,Plein jour,En agglomération,Intersection en T,Normale,Deux véhicules - côté,4,-1,6,0,1,1,1,0,1,50,2,1,0,0,0,1,30.0,,deux_roues,,1,2,3,1,3
202000030547,2020-02-14 10:45:00,2020,2,14,10,45,13,13212,SAINT JULIEN (AVENUE DE ),43.30636,5.41888,Plein jour,En agglomération,Hors intersection,Normale,Autre collision,4,2,2,0,1,1,1,0,1,50,1,2,1,0,1,0,47.0,,transport_commun,,1,2,1,1,6
202000030548,2020-02-11 18:50:00,2020,2,11,18,50,13,13047,D.5,43.486,4.99516,Nuit avec éclairage allumé,Hors agglomération,Autre intersection,Normale,Deux véhicules - arrière,3,3,2,0,2,1,1,0,1,90,2,2,1,0,0,1,22.0,60.0,utilitaire_camion,voiture,5,1,9,1,2
202000030549,2020-02-14 23:45:00,2020,2,14,23,45,13,13001,NOSTRADAMUS (RUE),43.53209,5.45553,Nuit avec éclairage allumé,En agglomération,Intersection en X,Normale,Deux véhicules - côté,3,2,2,0,1,1,1,0,1,50,2,2,1,0,0,1,50.0,35.0,voiture,deux_roues,5,2,2,1,3
202000030550,2020-02-12 11:45:00,2020,2,12,11,45,12,12176,ESPALION (ROUTE D'),44.37609,2.59257,Plein jour,En agglomération,Intersection en T,Normale,Deux véhicules - frontale,3,2,2,0,1,1,1,0,1,50,2,2,1,0,1,0,19.0,56.0,deux_roues,voiture,1,2,3,1,1
202000030551,2020-02-14 15:35:00,2020,2,14,15,35,10,10387,GASTON ROGELIN (RUE),48.3066,4.06486,Plein jour,En agglomération,Intersection en X,Temps couvert,Deux véhicules - côté,4,2,2,0,1,1,1,0,1,50,2,2,1,0,1,0,43.0,16.0,voiture,deux_roues,1,2,2,8,3
202000030552,2020-02-13 17:38:00,2020,2,13,17,38,10,10387,AMBROISE COTTET (RUE),48.3021,4.0667,Crépuscule ou aube,En agglomération,Intersection en X,Pluie légère,Deux véhicules - côté,4,2,2,0,1,1,2,0,1,50,2,3,0,0,3,0,32.0,18.0,voiture,deux_roues,2,2,2,2,3
202000030553,2020-02-13 08:07:00,2020,2,13,8,7,10,10362,LOUIS BLANC (RUE),48.297088,4.055141,Plein jour,En agglomération,Hors intersection,Normale,Deux véhicules - frontale,4,1,3,1,1,1,1,0,1,50,2,2,1,0,0,1,13.0,61.0,deux_roues,voiture,1,2,1,1,1
202000030554,2020-02-14 05:00:00,2020,2,14,5,0,09,09225,MIREPOIX ROUTE DE,43.10401,1.62447,Nuit avec éclairage allumé,En agglomération,Hors intersection,Normale,Deux véhicules - arrière,3,2,-1,-1,1,1,1,0,1,-1,2,2,1,0,1,0,21.0,30.0,voiture,voiture,5,2,1,1,2
202000030555,2020-02-14 20:48:00,2020,2,14,20,48,06,06083,CENTENAIRE (COURS DU),43.77161,7.492511,Nuit avec éclairage allumé,En agglomération,Giratoire,Normale,Deux véhicules - arrière,3,2,2,0,1,3,1,0,1,30,2,3,1,0,0,2,50.0,52.0,utilitaire_camion,voiture,5,2,6,1,2
202000030556,2020-02-13 17:40:00,2020,2,13,17,40,06,06083,"SOLEIL (PROMENADE DU, N° 850 A 960)",43.771225,7.49607,Plein jour,En agglomération,Hors intersection,Normale,Autre collision,3,2,2,0,1,1,1,0,1,50,1,2,0,0,1,1,46.0,,deux_roues,,1,2,1,1,6
202000030557,2020-02-12 10:20:00,2020,2,12,10,20,06,06123,LIBERATION AVENUE DE LA,43.6665,7.1872,Plein jour,En agglomération,Hors intersection,Normale,Autre collision,9,-1,2,0,1,1,1,0,1,50,1,2,1,0,0,1,80.0,,utilitaire_camion,,1,2,1,1,6
202000030558,2020-02-14 10:20:00,2020,2,14,10,20,05,05061,RN 94,44.5733,6.10888,Plein jour,Hors agglomération,Hors intersection,Normale,Deux véhicules - arrière,2,2,2,0,1,1,1,0,1,50,2,2,1,0,0,1,20.0,48.0,utilitaire_camion,voiture,1,1,1,1,2
202000030559,2020-02-13 13:50:00,2020,2,13,13,50,05,05061,JUSTICE ( ROUTE DE  LA ),44.56553,6.10226,Plein jour,En agglomération,Hors intersection,Temps couvert,Sans collision,4,2,2,0,1,1,1,0,1,50,1,1,0,0,0,1,26.0,,deux_roues,,1,2,1,8,7
202000030560,2020-02-12 19:00:00,2020,2,12,19,0,05,05061,EMILE DIDIER ( AV ),44.56614,6.09393,Nuit avec éclairage non allumé,En agglomération,Hors intersection,Normale,Trois véhicules et plus - en chaîne,2,2,2,0,1,1,1,0,1,50,3,5,3,0,0,2,48.0,38.0,voiture,voiture,4,2,1,1,4
202000030561,2020-02-14 07:20:00,2020,2,14,7,20,75,75118,PORTE DE CLIGNANCOURT,48.900974,2.340367,Crépuscule ou aube,En agglomération,Intersection en Y,Normale,,4,1,1,0,1,1,1,0,1,70,3,2,1,0,0,1,36.0,35.0,deux_roues,deux_roues,2,2,4,1,-1
202000030562,2020-02-14 16:15:00,2020,2,14,16,15,75,75118,AVENUE DE LA PORTE DE CLIGNANCOURT,48.900506,2.344383,Plein jour,En agglomération,Intersection en T,Normale,Deux véhicules - arrière,4,1,1,0,1,1,1,0,1,50,2,2,1,0,1,0,33.0,38.0,deux_roues,utilitaire_camion,1,2,3,1,2
202000030563,2020-02-14 18:50:00,2020,2,14,18,50,75,75119,RUE RIQUET,48.889674,2.368146,Nuit avec éclairage allumé,En agglomération,Intersection en X,Normale,Autre collision,4,1,2,0,1,1,1,0,1,50,1,2,1,0,0,1,40.0,,voiture,,5,2,2,1,6
202000030564,2020-02-14 12:20:00,2020,2,14,12,20,75,75119,AVENUE JEAN JAURES,48.887198,2.38705,Plein jour,En agglomération,Hors intersection,Normale,,4,-1,2,0,1,1,1,0,1,50,2,2,1,0,0,1,34.0,,deux_roues,,1,2,1,1,-1
202000030565,2020-02-13 13:53:00,2020,2,13,13,53,75,75119,PLACE DE LA PORTE DE PANTIN,48.889482,2.395707,Plein jour,En agglomération,Place,Normale,Deux véhicules - arrière,4,1,3,0,1,1,1,2,1,50,2,2,1,0,0,1,31.0,,voiture,,1,2,7,1,2
202000030566,2020-02-14 08:50:00,2020,2,14,8,50,75,75117,RUE GUY MOQUET,48.892442,2.324789,Plein jour,En agglomération,Intersection en X,Normale,Deux véhicules - côté,4,2,2,1,1,1,1,-1,5,50,2,2,1,0,0,1,37.0,32.0,deux_roues,deux_roues,1,2,2,1,3
202000030567,2020-02-13 18:30:00,2020,2,13,18,30,75,75116,AVENUE MOZART,48.854686,2.269388,Nuit avec éclairage allumé,En agglomération,Intersection en X,Normale,Autre collision,4,1,2,0,1,1,1,0,1,50,1,2,1,0,0,1,85.0,,voiture,,5,2,2,1,6