accident_id,datetime,annee,mois,jour,heure,minute,departement,commune_insee,adresse,latitude,longitude,luminosite,agglomeration,intersection,meteo,collision,catr,circ,nbv,vosp,prof,plan,surf,infra,situ,vma,nb_vehicules,nb_usagers,nb_indemnes,nb_tues,nb_blesses_hosp,nb_blesses_legers,age_cond_1,age_cond_2,veh_type_cond_1,veh_type_cond_2,lum_code,agg_code,int_code,atm_code,col_code
202000030568,2020-02-14 15:15:00,2020,2,14,15,15,75,75115,RUE DE LA CONVENTION,48.836948,2.297397,Plein jour,En agglomération,Hors intersection,Normale,,4,2,3,0,1,1,1,0,1,50,2,1,0,0,0,1,22.0,,deux_roues,,1,2,1,1,-1
202000030569,2020-02-14 09:00:00,2020,2,14,9,0,75,75115,AVENUE DE SUFFREN,48.851136,2.300965,Plein jour,En agglomération,Intersection à plus de 4 branches,Normale,Sans collision,4,2,3,0,1,1,1,0,1,50,1,1,0,0,0,1,48.0,,deux_roues,,1,2,5,1,7
202000030570,2020-02-14 12:00:00,2020,2,14,12,0,75,75108,PLACE DE LA CONCORDE,48.865306,2.320503,Plein jour,En agglomération,Place,Normale,Deux véhicules - côté,4,1,8,1,1,1,1,-1,5,30,2,2,1,0,0,1,34.0,41.0,deux_roues,deux_roues,1,2,7,1,3
202000030571,2020-02-14 08:07:00,2020,2,14,8,7,75,75108,RUE DU HAVRE,48.874605,2.326855,Plein jour,En agglomération,Hors intersection,Normale,Deux véhicules - côté,4,1,3,0,2,1,1,0,1,50,2,2,1,0,0,1,49.0,57.0,deux_roues,deux_roues,1,2,1,1,3
202000030572,2020-02-14 21:30:00,2020,2,14,21,30,75,75101,RUE SAINT HONORE,48.866731,2.328278,Nuit avec éclairage allumé,En agglomération,Hors intersection,Normale,Autre collision,4,1,1,0,1,1,1,0,1,50,1,1,0,0,0,1,56.0,,deux_roues,,5,2,1,1,6
202000030573,2020-02-14 18:00:00,2020,2,14,18,0,75,75101,BOULEVARD DE SEBASTOPOL,48.86293,2.350683,Nuit avec éclairage allumé,En agglomération,Intersection en T,Normale,Deux véhicules - côté,4,1,4,1,1,1,1,-1,5,50,2,2,1,0,0,1,22.0,21.0,voiture,deux_roues,5,2,3,1,3
202000030574,2020-02-14 14:55:00,2020,2,14,14,55,75,75103,RUE DES VERTUS,48.864792,2.358163,Plein jour,En agglomération,Hors intersection,Normale,Autre collision,4,1,1,0,1,1,1,0,1,30,1,2,1,0,0,1,42.0,,voiture,,1,2,1,1,6
202000030575,2020-02-14 03:10:00,2020,2,14,3,10,94,94081,LEON GEFFROY (R),48.77991,2.40803,Nuit avec éclairage allumé,En agglomération,Hors intersection,Normale,Sans collision,3,3,0,0,1,1,1,0,1,50,1,2,1,0,1,0,50.0,,transport_commun,,5,2,1,1,7
202000030576,2020-02-14 15:45:00,2020,2,14,15,45,94,94068,LOUIS BLANC (AV),48.7973261,2.5019359,Plein jour,En agglomération,Hors intersection,Normale,Deux véhicules - côté,3,2,2,0,1,1,1,0,1,50,2,3,2,0,1,0,44.0,51.0,deux_roues,voiture,1,2,1,1,3
202000030577,2020-02-14 15:15:00,2020,2,14,15,15,94,94046,REPUBLIQUE (AV DE LA),48.806698,2.443883,Plein jour,En agglomération,Hors intersection,Normale,Deux véhicules - arrière,3,2,2,0,1,1,1,0,1,50,2,2,1,0,0,1,54.0,60.0,deux_roues,voiture,1,2,1,1,2
202000030578,2020-02-14 13:45:00,2020,2,14,13,45,94,94041,LENINE (R),48.81727,2.39642,Plein jour,En agglomération,Intersection en X,Temps couvert,Autre collision,3,1,2,0,1,1,1,0,1,50,1,2,1,0,0,1,53.0,,voiture,,1,2,2,8,6
202000030579,2020-02-14 12:50:00,2020,2,14,12,50,94,94034,DIVISION LECLERC (AV DE LA),48.75903,2.32235,Plein jour,En agglomération,Hors intersection,Normale,Autre collision,9,2,1,0,1,1,1,9,1,15,1,2,1,0,0,1,73.0,,voiture,,1,2,1,1,6
202000030580,2020-02-14 21:00:00,2020,2,14,21,0,94,94028,LAFERRIERE(AVENUE),48.8012083,2.4578216,Nuit avec éclairage allumé,En agglomération,Hors intersection,Normale,Deux véhicules - frontale,4,2,1,0,1,1,1,0,1,50,2,2,1,0,0,1,71.0,67.0,deux_roues,voiture,5,2,1,1,1
202000030581,2020-02-14 09:55:00,2020,2,14,9,55,94,94017,LOUIS TALAMONI (R),48.8137,2.5102,Plein jour,En agglomération,Intersection en X,Temps couvert,Deux véhicules - côté,3,2,4,0,1,1,1,5,1,50,2,2,1,0,0,1,21.0,39.0,deux_roues,voiture,1,2,2,8,3
202000030582,2020-02-13 07:00:00,2020,2,13,7,0,94,94004,GENERAL LECLERC (AV DU),48.7468627,2.5101202,Crépuscule ou aube,En agglomération,Intersection en T,Pluie légère,Deux véhicules - côté,3,2,2,0,2,1,2,5,1,50,2,2,1,0,1,0,39.0,34.0,utilitaire_camion,deux_roues,2,2,3,2,3
202000030583,2020-02-13 09:10:00,2020,2,13,9,10,94,94002,EMILE ZOLA (R),48.7989426,2.4239829,Plein jour,En agglomération,Autre intersection,Normale,Deux véhicules - côté,3,-1,3,0,1,1,2,0,1,50,2,2,1,0,0,1,19.0,36.0,deux_roues,voiture,1,2,9,1,3
202000030584,2020-02-14 16:00:00,2020,2,14,16,0,93,93066,R CROIZAT AMBROISE,48.93224,2.34891,Plein jour,En agglomération,Hors intersection,Normale,Deux véhicules - arrière,3,2,0,0,1,1,1,0,1,50,2,4,1,0,0,3,40.0,53.0,utilitaire_camion,utilitaire_camion,1,2,1,1,2
202000030585,2020-02-14 17:30:00,2020,2,14,17,30,93,93064,HUGO (RUE VICTOR),48.8657294,2.489748,Plein jour,En agglomération,Hors intersection,Normale,Deux véhicules - côté,4,3,2,0,1,1,1,0,1,30,2,2,1,0,0,1,42.0,24.0,voiture,deux_roues,1,2,1,1,3
202000030586,2020-02-13 22:40:00,2020,2,13,22,40,93,93048,GABRIEL PERI (AVENUE),48.8575358,2.4399635,Nuit avec éclairage allumé,En agglomération,Intersection en X,Normale,Deux véhicules - côté,3,1,2,0,2,1,1,0,1,50,2,4,1,0,0,3,32.0,25.0,voiture,voiture,5,2,2,1,3
202000030587,2020-02-14 20:30:00,2020,2,14,20,30,93,93046,POMMIERS ALLEE DES,48.9088,2.53666,Nuit avec éclairage allumé,En agglomération,Intersection en T,Normale,Deux véhicules - côté,4,2,1,0,1,1,2,0,1,50,2,2,1,0,0,1,33.0,24.0,voiture,voiture,5,2,3,1,3
202000030588,2020-02-14 16:30:00,2020,2,14,16,30,93,93008,ALLENDE (AVE DU P. SALVADOR),48.90206,2.44527,Plein jour,En agglomération,Hors intersection,Normale,Deux véhicules - arrière,3,1,-1,0,1,2,1,0,1,50,2,1,0,0,0,1,29.0,,deux_roues,,1,2,1,1,2
202000030589,2020-04-01 20:04:00,2020,4,1,20,4,69,69142,GENERAL DE GAULLE                   (AV),45.72588,4.81412,Crépuscule ou aube,En agglomération,Intersection en Y,Normale,Deux véhicules - côté,3,2,0,0,1,1,1,0,1,50,2,2,0,0,0,2,64.0,21.0,deux_roues,deux_roues,2,2,4,1,3
202000030590,2020-03-15 16:20:00,2020,3,15,16,20,77,77186,RD148 carrefour DIANE à SORQUES,48.356278,2.761388,Plein jour,Hors agglomération,Hors intersection,Normale,Deux véhicules - côté,3,2,2,0,1,4,1,0,1,70,2,2,0,0,2,0,25.0,52.0,deux_roues,deux_roues,1,1,1,1,3
202000030591,2020-03-31 17:40:00,2020,3,31,17,40,64,64102,SAINT FREDERIC (PONT),43.4873,-1.4624,Plein jour,En agglomération,Hors intersection,Normale,Autre collision,3,2,3,0,1,1,1,2,1,70,1,2,0,2,0,0,44.0,,utilitaire_camion,,1,2,1,1,6
202000030592,2020-03-30 22:55:00,2020,3,30,22,55,62,62194,CAVEE ( RUE DE LA ),50.49006,2.4817,Nuit avec éclairage allumé,En agglomération,Hors intersection,Normale,Deux véhicules - frontale,4,1,1,3,2,3,1,2,1,50,2,2,1,0,1,0,20.0,18.0,voiture,deux_roues,5,2,1,1,1
202000030593,2020-03-31 14:15:00,2020,3,31,14,15,62,62178,EVRARD ( FLORENT ),50.488018,2.550051,Plein jour,En agglomération,Hors intersection,Normale,Autre collision,4,1,1,2,1,1,1,0,1,50,1,2,1,0,1,0,34.0,,utilitaire_camion,,1,2,1,1,6
202000030594,2020-03-21 14:05:00,2020,3,21,14,5,49,49007,MARIANNE BOULEVARD,47.45122,-0.52697,Plein jour,En agglomération,Hors intersection,Normale,Deux véhicules - côté,4,2,2,0,1,1,1,0,1,60,2,5,0,0,0,5,56.0,18.0,voiture,voiture,1,2,1,1,3
202000030595,2020-04-01 20:33:00,2020,4,1,20,33,33,33522,Route de Toulouse (côté impair),44.80726,-0.57335,Nuit avec éclairage allumé,En agglomération,Hors intersection,Normale,Deux véhicules - côté,4,2,3,0,1,1,1,0,1,50,2,2,1,0,0,1,67.0,35.0,voiture,deux_roues,5,2,1,1,3
202000030596,2020-03-31 16:00:00,2020,3,31,16,0,12,12013,Barouillet Haut  LIEU-DIT,44.5366,2.243082,Plein jour,Hors agglomération,Intersection en Y,Normale,Autre collision,3,2,2,0,2,1,1,0,3,80,1,1,0,0,1,0,40.0,,voiture,,1,1,4,1,6
202000030597,2020-01-14 03:57:00,2020,1,14,3,57,75,75119,BD PERIPHERIQUE EXTERIEUR,48.899586,2.392595,Nuit avec éclairage allumé,En agglomération,Hors intersection,Normale,Deux véhicules - frontale,4,1,4,0,1,1,1,0,1,70,2,2,1,0,1,0,31.0,24.0,voiture,deux_roues,5,2,1,1,1
202000030598,2020-04-01 14:25:00,2020,4,1,14,25,75,75108,RUE D ARTOIS,48.873706,2.306482,Plein jour,En agglomération,Intersection en X,Normale,Deux véhicules - côté,4,1,2,0,2,1,1,0,1,50,2,4,3,0,0,1,51.0,52.0,voiture,voiture,1,2,2,1,3
202000030599,2020-03-30 09:30:00,2020,3,30,9,30,92,92050,CHARLES DE GAULLE (BD),48.917942,2.223983,Plein jour,En agglomération,Intersection en X,Normale,Deux véhicules - côté,3,3,6,3,1,1,1,5,5,50,2,2,1,0,0,1,47.0,28.0,voiture,deux_roues,1,2,2,1,3
202000030600,2020-03-17 15:52:00,2020,3,17,15,52,59,59499,Rue des Bouleaux,50.943773,2.538346,Plein jour,En agglomération,Hors intersection,Normale,Sans collision,4,2,2,0,1,3,1,0,1,50,1,1,0,0,1,0,23.0,,deux_roues,,1,2,1,1,7
202000030601,2020-03-09 14:02:00,2020,3,9,14,2,38,38529,Avenue d'Uriage,45.11525,5.80817,Plein jour,En agglomération,Hors intersection,Pluie légère,Deux véhicules - frontale,3,2,2,0,1,1,2,0,1,50,2,3,1,0,1,1,55.0,41.0,voiture,voiture,1,2,1,2,1
202000030602,2020-04-02 00:20:00,2020,4,2,0,20,79,79208,60 Grande Rue,46.669863,-0.15366,Nuit avec éclairage non allumé,En agglomération,Hors intersection,Normale,Autre collision,3,2,2,0,1,3,1,0,4,50,1,2,1,1,0,0,21.0,,voiture,,4,2,1,1,6
202000030603,2020-04-01 21:00:00,2020,4,1,21,0,61,61061,Lieu Dit le Moulin Neuf,48.446091,0.929096,Nuit sans éclairage public,Hors agglomération,Hors intersection,Normale,Autre collision,4,2,2,0,4,1,1,2,3,80,1,2,0,0,1,1,41.0,,voiture,,3,1,1,1,6
202000030604,2020-04-01 20:10:00,2020,4,1,20,10,29,29041,D36 - Lieu Dit Saint Hilaire,48.056886,-3.826933,Plein jour,En agglomération,Hors intersection,Normale,Sans collision,3,2,1,0,3,2,1,0,1,50,1,2,1,0,1,0,45.0,,deux_roues,,1,2,1,1,7
202000030605,2020-04-02 18:00:00,2020,4,2,18,0,70,70257,D474,47.49814,5.949291,Plein jour,Hors agglomération,Hors intersection,Normale,Sans collision,3,2,2,0,1,2,1,0,3,80,1,1,0,0,1,0,21.0,,utilitaire_camion,,1,1,1,1,7
202000030606,2020-04-01 05:30:00,2020,4,1,5,30,09,09116,D626a,43.132262,1.548122,Nuit sans éclairage public,Hors agglomération,Autre intersection,Normale,Sans collision,3,2,2,0,1,1,1,0,1,80,1,1,0,0,1,0,25.0,,voiture,,3,1,9,1,7
202000030607,2020-04-01 17:25:00,2020,4,1,17,25,17,17394,RD 111,46.121972,-0.656771,Plein jour,Hors agglomération,Hors intersection,Normale,Sans collision,3,2,2,0,3,2,1,0,1,80,1,1,0,0,1,0,47.0,,deux_roues,,1,1,1,1,7
202000030608,2020-04-01 18:00:00,2020,4,1,18,0,973,97307,Route de la Distillerie,4.874712,-52.331703,Plein jour,En agglomération,Autre intersection,Autre,Deux véhicules - arrière,4,2,2,0,1,1,2,5,1,50,2,2,1,0,1,0,22.0,25.0,deux_roues,voiture,1,2,9,9,2
202000030609,2020-04-02 08:30:00,2020,4,2,8,30,02,02218,Autoroute A26,49.559439,3.803962,Plein jour,Hors agglomération,Hors intersection,Normale,Autre collision,1,3,4,0,1,1,1,0,2,130,1,2,1,0,0,1,45.0,,voiture,,1,1,1,1,6
202000030610,2020-03-30 18:15:00,2020,3,30,18,15,38,38068,Route Napoléon,45.10215,5.71505,Plein jour,Hors agglomération,Hors intersection,Normale,Deux véhicules - frontale,2,2,3,0,1,3,1,5,1,80,2,2,1,0,1,0,35.0,44.0,voiture,voiture,1,1,1,1,1
202000030611,2020-01-23 10:00:00,2020,1,23,10,0,26,26169,D844,44.4613,4.735759,Plein jour,Hors agglomération,Hors intersection,Normale,Trois véhicules et plus - collisions multiples,3,3,2,0,1,1,1,0,1,80,3,4,0,0,0,4,33.0,73.0,voiture,voiture,1,1,1,1,5
202000030612,2020-01-24 18:15:00,2020,1,24,18,15,69,69384,DANGON                              (R ),45.77724,4.82033,Nuit avec éclairage allumé,En agglomération,Intersection en X,Normale,Autre collision,4,1,-1,0,1,1,1,9,1,50,1,2,1,0,0,1,26.0,,voiture,,5,2,2,1,6
202000030613,2020-01-23 12:00:00,2020,1,23,12,0,69,69382,ANTONIN GOURJU                      (PL),45.75909,4.82998,Plein jour,En agglomération,Intersection en T,Normale,Deux véhicules - côté,4,1,1,1,1,1,1,0,1,50,2,2,1,0,0,1,38.0,23.0,deux_roues,voiture,1,2,3,1,3
202000030614,2020-01-22 18:00:00,2020,1,22,18,0,69,69389,BOURGOGNE (DE)                      (R ),45.7792668,4.8018301,Nuit avec éclairage allumé,En agglomération,Intersection en T,Normale,Autre collision,4,2,2,3,1,1,1,0,1,30,1,2,1,0,0,1,66.0,,voiture,,5,2,3,1,6
202000030615,2020-01-31 13:35:00,2020,1,31,13,35,59,59028,ROUSSEAU (RUE JEAN-JACQUES),50.4085,3.07783,Plein jour,En agglomération,Hors intersection,Temps couvert,Autre collision,3,2,2,0,1,1,2,0,1,50,1,2,1,0,1,0,26.0,,voiture,,1,2,1,8,6
202000030616,2020-03-30 21:28:00,2020,3,30,21,28,988,98818,VE1,-22.25798,166.44672,Nuit avec éclairage allumé,En agglomération,Hors intersection,Normale,Autre collision,1,3,2,0,1,1,1,0,1,70,1,9,4,0,3,2,33.0,,voiture,,5,2,1,1,6
202000030617,2020-03-31 10:30:00,2020,3,31,10,30,69,69259,PRESIDENT EDOUARD HERRIOT (DU)      (R ),45.6941034,4.8779371,Plein jour,En agglomération,Autre intersection,Normale,Deux véhicules - côté,4,1,1,0,1,1,1,0,1,30,2,4,3,0,0,1,27.0,33.0,voiture,voiture,1,2,9,1,3
202000030618,2020-03-28 20:39:00,2020,3,28,20,39,63,63113,JULIEN (AVENUE),45.77551,3.08209,Nuit avec éclairage allumé,En agglomération,Intersection en X,Normale,Deux véhicules - côté,4,1,1,0,1,1,1,9,1,30,2,3,1,0,1,1,20.0,20.0,voiture,deux_roues,5,2,2,1,3
202000030619,2020-03-28 01:31:00,2020,3,28,1,31,63,63075,BERGOUGNAN (AVENUE),45.77967,3.06837,Nuit avec éclairage allumé,En agglomération,Hors intersection,Normale,Autre collision,9,1,1,0,1,1,1,9,1,50,1,1,0,0,1,0,22.0,,voiture,,5,2,1,1,6
202000030620,2020-03-30 21:20:00,2020,3,30,21,20,35,35241,D168,48.61379,-2.03565,Nuit sans éclairage public,En agglomération,Hors intersection,Normale,Autre collision,3,3,4,0,2,1,1,2,1,70,1,2,0,1,0,1,25.0,,voiture,,3,2,1,1,6
202000030621,2020-03-31 17:25:00,2020,3,31,17,25,13,13215,DE SAINT LOUIS AU ROVE (chemin),43.348,5.3583,Plein jour,En agglomération,Autre intersection,Pluie légère,Autre collision,4,2,0,0,1,1,2,0,1,50,1,2,1,0,0,1,51.0,,voiture,,1,2,9,2,6
202000030622,2020-03-31 21:20:00,2020,3,31,21,20,13,13001,BERRE (ROUTE DE),43.53086,5.41591,Nuit avec éclairage allumé,En agglomération,Hors intersection,Normale,Sans collision,3,1,2,0,1,1,1,0,1,50,1,1,0,0,0,1,44.0,,voiture,,5,2,1,1,7
202000030623,2020-03-11 17:45:00,2020,3,11,17,45,07,07008,Rue Royale,44.713174,4.632217,Plein jour,En agglomération,Intersection en T,Normale,Deux véhicules - frontale,4,2,1,0,1,3,1,0,1,50,2,2,1,0,0,1,14.0,42.0,deux_roues,voiture,1,2,3,1,1
202000030624,2020-03-31 20:40:00,2020,3,31,20,40,02,02408,RN2,49.546233,3.606751,Nuit avec éclairage allumé,Hors agglomération,Giratoire,Normale,Autre collision,2,2,3,0,1,1,1,9,1,80,1,1,0,0,0,1,49.0,,voiture,,5,1,6,1,6
202000030625,2020-03-30 15:40:00,2020,3,30,15,40,75,75119,RUE JACQUES DUCHESNE,48.899491,2.374086,Plein jour,En agglomération,Hors intersection,Normale,Sans collision,4,1,2,0,1,1,1,0,1,30,1,1,0,0,0,1,28.0,,voiture,,1,2,1,1,7
202000030626,2020-03-31 17:45:00,2020,3,31,17,45,93,93077,R CIRCULAIRE HENRI JOUSSEAUME / AV DU CAPITAINE LOUYS,48.8837492,2.5144442,Plein jour,En agglomération,Intersection à plus de 4 branches,Normale,Deux véhicules - côté,4,1,1,0,1,1,1,0,1,50,2,2,1,0,0,1,33.0,54.0,voiture,voiture,1,2,5,1,3
202000030627,2020-03-31 15:20:00,2020,3,31,15,20,93,93046,EUROPE BOULEVARD DE L',48.92314,2.5449,Plein jour,En agglomération,Intersection en Y,Normale,Autre collision,3,1,2,0,1,1,1,0,1,50,1,2,1,0,1,0,33.0,,utilitaire_camion,,1,2,4,1,6
202000030628,2020-03-31 19:50:00,2020,3,31,19,50,93,93079,Pablo Neruda (rue),48.95694,2.34348,Plein jour,En agglomération,Intersection en T,Normale,Deux véhicules - côté,4,2,2,0,1,1,1,0,1,50,2,2,1,0,0,1,31.0,33.0,utilitaire_camion,deux_roues,1,2,3,1,3
202000030629,2020-03-31 18:20:00,2020,3,31,18,20,92,92048,JEAN JAURES (AVENUE) N° 8 A 72,48.810519,2.243714,Plein jour,En agglomération,Hors intersection,Normale,,4,2,2,0,1,1,1,0,1,50,2,2,1,0,0,1,19.0,34.0,deux_roues,voiture,1,2,1,1,-1
202000030630,2020-02-12 14:20:00,2020,2,12,14,20,95,95352,RD 922,49.121558,2.402937,Plein jour,Hors agglomération,Hors intersection,Normale,Deux véhicules - arrière,3,2,2,0,1,3,1,0,1,80,2,2,0,0,1,1,76.0,69.0,deux_roues,deux_roues,1,1,1,1,2
202000030631,2020-03-31 20:00:00,2020,3,31,20,0,34,34224,Chemin de la Rivière,43.450582,3.221591,Nuit sans éclairage public,Hors agglomération,Hors intersection,Normale,Deux véhicules - côté,4,-1,2,0,1,1,1,0,1,80,2,1,0,0,1,0,19.0,,deux_roues,,3,1,1,1,3
202000030632,2020-04-01 08:30:00,2020,4,1,8,30,03,03082,87 Rue de la Grange,46.2668675,2.7356592,Plein jour,En agglomération,Hors intersection,Normale,Autre collision,4,2,1,0,2,1,1,0,3,50,1,1,0,0,0,1,29.0,,deux_roues,,1,2,1,1,6
202000030633,2020-02-26 14:00:00,2020,2,26,14,0,53,53107,Rue du stade,48.407803,-0.810521,Plein jour,En agglomération,Hors intersection,Normale,Autre collision,4,1,1,0,1,1,9,0,1,50,1,1,0,0,0,1,15.0,,deux_roues,,1,2,1,1,6
202000030634,2020-03-30 16:20:00,2020,3,30,16,20,42,42154,A89,45.848618,4.219367,Plein jour,Hors agglomération,Hors intersection,Normale,Autre collision,1,3,2,0,1,1,1,0,2,130,1,2,1,0,0,1,55.0,,utilitaire_camion,,1,1,1,1,6
202000030635,2020-03-30 08:55:00,2020,3,30,8,55,73,73296,D902,45.5200093,6.9140015,Plein jour,Hors agglomération,Hors intersection,Normale,Sans collision,3,2,2,0,2,4,2,0,8,80,1,1,0,0,1,0,50.0,,voiture,,1,1,1,1,7
202000030636,2020-03-30 02:40:00,2020,3,30,2,40,73,73296,D87A,45.468274,6.905304,Nuit avec éclairage allumé,En agglomération,Hors intersection,Neige / grêle,Sans collision,3,2,2,0,2,1,2,0,1,50,1,6,0,0,3,3,24.0,,voiture,,5,2,1,4,7
202000030637,2020-04-01 08:00:00,2020,4,1,8,0,69,69094,Route de Brindas,45.737425,4.691672,Plein jour,En agglomération,Hors intersection,Normale,Autre collision,3,2,2,0,1,3,1,0,1,70,1,1,0,0,1,0,26.0,,deux_roues,,1,2,1,1,6
202000030638,2020-03-30 20:45:00,2020,3,30,20,45,13,13005,A501-Sens Aubagne vers Pont de l'Etoile,43.298364,5.561793,Nuit sans éclairage public,Hors agglomération,Hors intersection,Normale,Autre collision,1,3,2,0,1,1,1,0,1,90,1,1,0,0,0,1,23.0,,voiture,,3,1,1,1,6
202000030639,2020-03-30 22:50:00,2020,3,30,22,50,69,69296,A7  ,45.64413,4.82959,Nuit sans éclairage public,Hors agglomération,Hors intersection,Normale,Deux véhicules - arrière,1,3,6,0,1,1,1,0,1,110,2,2,1,0,0,1,33.0,43.0,voiture,voiture,3,1,1,1,2
202000030640,2020-03-30 20:50:00,2020,3,30,20,50,95,95306,AUTOROUTE A15,49.00683,2.16303,Nuit sans éclairage public,Hors agglomération,Hors intersection,Normale,Deux véhicules - côté,1,3,7,0,1,1,1,0,1,110,2,2,0,0,0,2,60.0,47.0,voiture,voiture,3,1,1,1,3
202000030641,2020-03-30 19:00:00,2020,3,30,19,0,95,95018,AUTOROUTE A15,48.95146,2.28007,Plein jour,Hors agglomération,Hors intersection,Normale,Deux véhicules - arrière,1,3,8,0,1,1,1,2,1,110,2,1,0,0,0,1,39.0,,voiture,,1,1,1,1,2
202000030642,2020-03-31 15:50:00,2020,3,31,15,50,77,77053,RN104,48.6842661,2.5993344,Plein jour,Hors agglomération,Hors intersection,Normale,Autre collision,2,3,2,0,1,3,1,0,2,110,1,1,0,0,0,1,41.0,,voiture,,1,1,1,1,6
202000030643,2020-02-26 17:45:00,2020,2,26,17,45,94,94073,A86 EXT,48.7709765,2.3890221,Crépuscule ou aube,Hors agglomération,Hors intersection,Pluie légère,,1,3,6,0,1,1,2,0,1,90,2,2,1,0,0,1,56.0,34.0,deux_roues,voiture,2,1,1,2,-1
202000030644,2020-01-27 07:30:00,2020,1,27,7,30,971,97107,DUMANOIR ( ALLEE ),16.04062,-61.5663,Plein jour,En agglomération,Autre intersection,Normale,Autre collision,2,2,2,0,1,3,1,9,8,50,1,2,1,0,1,0,55.0,,voiture,,1,2,9,1,6
202000030645,2020-01-15 13:05:00,2020,1,15,13,5,91,91201,MAINVILLE(RUE DE),48.68648,2.41582,Plein jour,En agglomération,Intersection en T,Normale,Autre collision,4,2,2,0,1,1,1,0,1,50,1,3,2,0,0,1,20.0,,voiture,,1,2,3,1,6
202000030646,2020-03-30 16:00:00,2020,3,30,16,0,69,69387,DEBOURG                             (AV),45.73141,4.83347,Plein jour,En agglomération,Intersection en X,Normale,Autre collision,4,2,0,0,1,1,1,0,1,50,1,1,0,0,0,1,63.0,,voiture,,1,2,2,1,6
202000030647,2020-03-30 07:50:00,2020,3,30,7,50,971,97101,VIEUX BOURG,16.25012,-61.52923,Plein jour,En agglomération,Giratoire,Normale,Deux véhicules - côté,2,2,2,0,1,1,1,9,1,50,2,2,1,0,0,1,29.0,48.0,autre,deux_roues,1,2,6,1,3
202000030648,2020-03-30 21:00:00,2020,3,30,21,0,78,78227,CD 922,49.0142,1.9373,Nuit sans éclairage public,Hors agglomération,Hors intersection,Normale,Autre collision,3,2,2,0,1,1,1,0,3,80,1,1,0,0,1,0,40.0,,voiture,,3,1,1,1,6
202000030649,2020-01-26 02:10:00,2020,1,26,2,10,73,73065,BERNARDINES,45.5666344,5.9149169,Nuit avec éclairage allumé,En agglomération,Intersection en T,Normale,Autre collision,4,2,2,2,1,1,1,5,3,50,1,3,1,0,1,1,19.0,,voiture,,5,2,3,1,6
202000030650,2020-03-30 12:20:00,2020,3,30,12,20,69,69266,PAUL VERLAINE       (Rue),45.7659804,4.8802753,Plein jour,En agglomération,Hors intersection,Normale,Deux véhicules - arrière,4,-1,2,0,1,1,1,0,1,50,2,1,0,0,0,1,19.0,,deux_roues,,1,2,1,1,2
202000030651,2020-03-27 16:15:00,2020,3,27,16,15,67,67482,6 Rue du Rhin Tortu,48.554231,7.758435,Plein jour,En agglomération,Hors intersection,Normale,Deux véhicules - arrière,4,1,1,1,1,3,1,0,1,50,2,2,1,0,0,1,48.0,24.0,voiture,utilitaire_camion,1,2,1,1,2
202000030652,2020-03-29 11:30:00,2020,3,29,11,30,44,44143,RUE ERNEST SAUVESTRE,47.162748,-1.542305,Nuit avec éclairage allumé,En agglomération,Hors intersection,Normale,Autre collision,4,2,0,0,1,1,1,0,1,50,1,1,0,0,1,0,70.0,,voiture,,5,2,1,1,6
202000030653,2020-03-10 08:50:00,2020,3,10,8,50,33,33063,19 Cours du Maréchal Gallieni / Rue Gaston Lespault,44.82484,-0.5903,Plein jour,En agglomération,Intersection en X,Normale,Autre collision,4,2,2,0,1,1,2,0,1,50,1,2,1,0,1,0,30.0,,voiture,,1,2,2,1,6
202000030654,2020-03-30 00:29:00,2020,3,30,0,29,13,13002,ETIENNE CUCCA-CD908 (AVENUE),43.3584762,5.4925183,Nuit sans éclairage public,En agglomération,Hors intersection,Normale,Sans collision,3,2,2,0,1,3,1,0,1,50,1,2,0,2,0,0,37.0,,voiture,,3,2,1,1,7
202000030655,2020-03-30 15:30:00,2020,3,30,15,30,06,06123,MISTRAL FREDERIC AVENUE,43.660316,7.189275,Plein jour,Hors agglomération,Intersection en Y,Normale,Deux véhicules - côté,7,2,2,0,1,1,1,0,1,50,2,2,1,0,0,1,47.0,38.0,voiture,deux_roues,1,1,4,1,3
202000030656,2020-03-29 16:00:00,2020,3,29,16,0,06,06004,VALBOSQUET CH.DU,43.6060246,7.089571,Plein jour,En agglomération,Intersection en T,Normale,Autre collision,4,2,2,0,1,1,1,0,3,50,1,2,1,0,1,0,29.0,,voiture,,1,2,3,1,6
202000030657,2020-03-29 01:50:00,2020,3,29,1,50,75,75119,BOULEVARD PERIPHERIQUE,48.88343,2.399739,Nuit avec éclairage allumé,En agglomération,Hors intersection,Normale,Autre collision,4,1,4,0,2,1,1,0,1,70,1,2,1,0,0,1,26.0,,utilitaire_camion,,5,2,1,1,6
202000030658,2020-02-24 07:40:00,2020,2,24,7,40,75,75116,AVENUE DU PRESIDENT KENNEDY,48.854548,2.28362,Nuit avec éclairage allumé,En agglomération,Intersection en T,Normale,Autre collision,4,-1,3,3,1,1,1,-1,6,50,1,3,2,0,0,1,59.0,,voiture,,5,2,3,1,6
202000030659,2020-03-30 09:00:00,2020,3,30,9,0,75,75114,AVENUE DE LA PORTE DE CHATILLON,48.823277,2.316423,Plein jour,En agglomération,Hors intersection,Normale,Autre collision,4,2,6,0,1,1,1,0,1,50,1,1,0,0,0,1,52.0,,voiture,,1,2,1,1,6
202000030660,2020-03-30 16:30:00,2020,3,30,16,30,75,75111,RUE SAINT MAUR,48.865655,2.377346,Plein jour,En agglomération,Intersection en X,Normale,Autre collision,4,2,2,0,1,1,1,0,1,30,1,2,1,0,0,1,20.0,,voiture,,1,2,2,1,6