accident_id,datetime,annee,mois,jour,heure,minute,departement,commune_insee,adresse,latitude,longitude,luminosite,agglomeration,intersection,meteo,collision,catr,circ,nbv,vosp,prof,plan,surf,infra,situ,vma,nb_vehicules,nb_usagers,nb_indemnes,nb_tues,nb_blesses_hosp,nb_blesses_legers,age_cond_1,age_cond_2,veh_type_cond_1,veh_type_cond_2,lum_code,agg_code,int_code,atm_code,col_code
202000030661,2020-03-30 11:55:00,2020,3,30,11,55,93,93073,AV DU GENERAL DE GAULLE / AV PASTEUR,48.942965,2.569089,Plein jour,En agglomération,Intersection en Y,Normale,Deux véhicules - côté,4,2,2,0,1,1,1,0,1,50,2,2,1,0,0,1,20.0,51.0,deux_roues,voiture,1,2,4,1,3
202000030662,2020-03-30 18:05:00,2020,3,30,18,5,92,92048,TRIVAUX (AVENUE DE) N° 6BIS A 8,48.791,2.2327,Plein jour,En agglomération,Hors intersection,Normale,Sans collision,3,2,2,0,2,4,1,0,1,50,1,1,0,0,0,1,32.0,,deux_roues,,1,2,1,1,7
202000030663,2020-03-31 09:28:00,2020,3,31,9,28,38,38114,D37b,45.41593,4.766205,Plein jour,Hors agglomération,Hors intersection,Normale,Deux véhicules - côté,3,2,2,0,1,1,1,0,1,80,2,2,1,0,1,0,55.0,18.0,voiture,voiture,1,1,1,1,3
202000030664,2020-03-26 14:27:00,2020,3,26,14,27,62,62043,3627 Chemin du Halage,50.8965886,1.9667912,Plein jour,En agglomération,Hors intersection,Normale,Deux véhicules - côté,3,2,2,0,1,1,1,0,1,50,2,2,1,0,0,1,57.0,57.0,deux_roues,voiture,1,2,1,1,3
202000030665,2020-03-31 19:46:00,2020,3,31,19,46,72,72268,Le Petit Plessis,47.82373,0.24893,Crépuscule ou aube,Hors agglomération,Autre intersection,Normale,Deux véhicules - frontale,3,2,2,0,1,1,1,0,1,80,2,2,0,1,0,1,39.0,29.0,utilitaire_camion,deux_roues,2,1,9,1,1
202000030666,2020-03-30 18:45:00,2020,3,30,18,45,82,82038,Lieu dit PUECH,44.249198,1.722474,Plein jour,Hors agglomération,Hors intersection,Normale,Autre collision,3,2,2,0,1,3,1,0,3,80,1,15,14,0,0,1,45.0,,utilitaire_camion,,1,1,1,1,6
202000030667,2020-03-31 00:30:00,2020,3,31,0,30,988,98805,RM1 NAKUTAKOIN,-22.161454,166.444931,Nuit sans éclairage public,Hors agglomération,Hors intersection,Normale,Sans collision,4,2,2,0,1,2,1,0,8,50,1,4,2,2,0,0,18.0,,voiture,,3,1,1,1,7
202000030668,2020-03-30 17:30:00,2020,3,30,17,30,60,60028,Chemin de la queue de la brosse,49.225376,2.550987,Plein jour,En agglomération,Hors intersection,Normale,Autre collision,4,2,2,0,1,3,9,0,8,50,1,1,0,0,1,0,20.0,,deux_roues,,1,2,1,1,6
202000030669,2020-03-30 17:40:00,2020,3,30,17,40,33,33063,ROCADE A 630,44.88405,-0.56003,Plein jour,Hors agglomération,Hors intersection,Pluie légère,Autre collision,1,1,2,0,1,3,2,3,1,50,1,1,0,0,0,1,27.0,,voiture,,1,1,1,2,6
202000030670,2020-03-29 15:45:00,2020,3,29,15,45,69,69259,PRESIDENT EDOUARD HERRIOT (DU)      (R ),45.69471,4.87593,Plein jour,En agglomération,Intersection en T,Temps couvert,Deux véhicules - côté,4,2,2,0,1,1,1,0,1,50,2,1,0,0,0,1,21.0,,voiture,,1,2,3,8,3
202000030671,2020-03-29 05:20:00,2020,3,29,5,20,69,69259,OSCHATZ (D')                        (AV),45.6946,4.8798,Nuit avec éclairage allumé,En agglomération,Hors intersection,Normale,Autre collision,4,1,1,1,2,1,1,0,1,50,1,2,0,0,0,2,41.0,,voiture,,5,2,1,1,6
202000030672,2020-03-28 18:23:00,2020,3,28,18,23,2B,2B033,MACCHIONE - CHEMIN DU,42.68646,9.4433,Plein jour,En agglomération,Hors intersection,Normale,Deux véhicules - côté,4,2,2,0,2,1,1,0,1,50,2,2,1,0,0,1,51.0,,voiture,,1,2,1,1,3
202000030673,2020-03-26 10:00:00,2020,3,26,10,0,971,97107,PAUL LACAVE ( AVENUE ),16.0449,-61.563,Plein jour,En agglomération,Hors intersection,Normale,Autre collision,4,1,1,0,1,1,1,0,1,50,1,2,1,0,0,1,71.0,,voiture,,1,2,1,1,6
202000030674,2020-03-28 20:00:00,2020,3,28,20,0,91,91657,HENRI BARBUSSE (AVENUE),48.70028,2.4203,Crépuscule ou aube,En agglomération,Hors intersection,Normale,Deux véhicules - côté,3,2,2,0,1,1,1,0,1,50,2,3,2,0,0,1,25.0,53.0,voiture,voiture,2,2,1,1,3
202000030675,2020-03-29 14:37:00,2020,3,29,14,37,37,37261,FONTAINE POTTIER (RUE),47.4149628,0.6912589,Plein jour,En agglomération,Hors intersection,Normale,Deux véhicules - côté,4,2,1,0,1,1,1,0,1,50,2,2,1,0,0,1,29.0,52.0,deux_roues,voiture,1,2,1,1,3
202000030676,2020-03-29 17:52:00,2020,3,29,17,52,34,34172,PILORY (RUE DU),43.6192,3.83162,Plein jour,En agglomération,Hors intersection,Normale,Deux véhicules - arrière,4,3,2,3,2,1,1,0,1,50,2,1,0,0,0,1,28.0,,deux_roues,,1,2,1,1,2
202000030677,2020-03-29 08:15:00,2020,3,29,8,15,34,34198,D21  ROUTE DE CARNON,43.5589,3.96313,Plein jour,Hors agglomération,Hors intersection,Normale,Sans collision,3,3,7,0,1,1,1,0,3,90,1,1,0,0,0,1,40.0,,voiture,,1,1,1,1,7
202000030678,2020-03-29 05:20:00,2020,3,29,5,20,75,75119,AVENUE JEAN JAURES,48.882972,2.370959,Nuit avec éclairage allumé,En agglomération,Hors intersection,Normale,Autre collision,4,2,3,0,1,1,1,0,1,50,1,2,1,0,0,1,25.0,,voiture,,5,2,1,1,6
202000030679,2020-03-28 14:59:00,2020,3,28,14,59,75,75118,AVENUE DE LA PORTE DE SAINT OUEN,48.899018,2.329465,Plein jour,En agglomération,Intersection en X,Normale,Deux véhicules - côté,4,3,3,0,1,1,1,0,1,50,2,3,2,0,0,1,42.0,17.0,voiture,deux_roues,1,2,2,1,3
202000030680,2020-03-28 22:50:00,2020,3,28,22,50,93,93073,CHAPIT RE ( RUE DU),49.0032282,2.5368203,Nuit avec éclairage allumé,En agglomération,Hors intersection,Normale,Deux véhicules - arrière,9,1,1,0,2,1,1,2,1,50,2,2,1,0,0,1,34.0,57.0,voiture,voiture,5,2,1,1,2
202000030681,2020-03-29 13:45:00,2020,3,29,13,45,93,93072,MAXIME GORKI (BOULEVARD) DES N°89 A ...,48.94974,2.38602,Plein jour,En agglomération,Intersection en X,Normale,Deux véhicules - côté,3,2,4,3,1,1,1,0,1,50,2,2,1,0,0,1,44.0,35.0,voiture,voiture,1,2,2,1,3
202000030682,2020-02-24 06:45:00,2020,2,24,6,45,74,74124,A41,46.101953,6.092498,Plein jour,Hors agglomération,Hors intersection,Normale,Trois véhicules et plus - en chaîne,1,1,4,3,2,2,1,0,1,110,4,4,2,0,0,2,67.0,23.0,utilitaire_camion,utilitaire_camion,1,1,1,1,4
202000030683,2020-03-30 19:45:00,2020,3,30,19,45,95,95313,Avenue de Paris,49.110751,2.224415,Plein jour,En agglomération,Hors intersection,Normale,Deux véhicules - côté,3,2,2,0,1,1,1,5,1,50,2,5,4,0,0,1,36.0,42.0,voiture,voiture,1,2,1,1,3
202000030684,2020-03-10 17:30:00,2020,3,10,17,30,33,33355,Moulin de Bouit,44.668544,-0.344083,Plein jour,Hors agglomération,Hors intersection,Normale,Deux véhicules - frontale,3,2,2,0,2,3,1,0,1,50,2,2,0,0,1,1,34.0,29.0,voiture,voiture,1,1,1,1,1
202000030685,2020-03-30 14:00:00,2020,3,30,14,0,33,33327,Cours du Marechal Joffre,44.64773,-0.35156,Plein jour,En agglomération,Intersection en T,Pluie légère,Autre collision,3,2,2,0,1,1,2,0,3,50,1,1,0,0,1,0,53.0,,voiture,,1,2,3,2,6
202000030686,2020-03-30 18:50:00,2020,3,30,18,50,10,10030,D610,48.328295,4.036617,Crépuscule ou aube,Hors agglomération,Hors intersection,Normale,Deux véhicules - arrière,3,3,4,0,1,1,1,2,1,110,2,2,1,0,0,1,39.0,39.0,voiture,voiture,2,1,1,1,2
202000030687,2020-03-30 06:00:00,2020,3,30,6,0,972,97210,Route Perriolat,14.584165,-60.87533,Plein jour,Hors agglomération,Hors intersection,Normale,Autre collision,3,2,2,0,1,1,1,0,1,70,1,2,1,0,1,0,50.0,,voiture,,1,1,1,1,6
202000030688,2020-03-26 16:45:00,2020,3,26,16,45,74,74293,Route des Voirons,46.2703,6.282275,Plein jour,Hors agglomération,Hors intersection,Normale,Autre collision,3,2,2,0,1,1,1,0,3,80,1,3,2,1,0,0,17.0,,voiture,,1,1,1,1,6
202000030689,2020-03-26 17:45:00,2020,3,26,17,45,31,31157,3 Avenue François Mitterrand,43.5364997,1.3446722,Plein jour,En agglomération,Hors intersection,Normale,Deux véhicules - côté,3,2,2,0,1,3,1,0,1,50,2,2,1,0,1,0,21.0,43.0,voiture,deux_roues,1,2,1,1,3
202000030690,2020-03-20 03:00:00,2020,3,20,3,0,80,80693,Rue de Moreuil,49.910753,2.60877,Nuit sans éclairage public,En agglomération,Hors intersection,Normale,Autre collision,3,2,2,0,1,1,1,0,4,50,1,1,0,0,1,0,39.0,,voiture,,3,2,1,1,6
202000030691,2020-03-30 14:30:00,2020,3,30,14,30,72,72085,monhodon,47.857144,0.634804,Plein jour,Hors agglomération,Hors intersection,Temps éblouissant,Deux véhicules - côté,3,2,2,0,2,1,1,0,1,80,2,2,0,1,0,1,25.0,27.0,voiture,utilitaire_camion,1,1,1,7,3
202000030692,2020-03-04 10:25:00,2020,3,4,10,25,43,43012,15 Rue des Ollagnieres,45.373765,4.210156,Plein jour,En agglomération,Hors intersection,Normale,Deux véhicules - côté,4,2,2,0,1,1,1,0,1,50,2,2,1,0,1,0,17.0,21.0,utilitaire_camion,deux_roues,1,2,1,1,3
202000030693,2020-03-30 14:55:00,2020,3,30,14,55,85,85034,Les Noues,46.6316,-1.11103,Plein jour,Hors agglomération,Hors intersection,Normale,Autre collision,3,2,2,0,1,1,1,0,3,80,1,1,0,0,1,0,35.0,,voiture,,1,1,1,1,6
202000030694,2020-03-30 07:25:00,2020,3,30,7,25,27,27649,1 Grande Rue,49.351607,1.428131,Crépuscule ou aube,En agglomération,Hors intersection,Normale,Autre collision,3,2,2,0,1,1,1,0,1,50,1,1,0,0,1,0,18.0,,deux_roues,,2,2,1,1,6
202000030695,2020-03-30 10:50:00,2020,3,30,10,50,44,44118,La Mesliere,47.488006,-1.173863,Plein jour,Hors agglomération,Intersection en X,Normale,,3,-1,2,0,1,1,1,0,1,80,2,2,0,0,1,1,36.0,57.0,utilitaire_camion,utilitaire_camion,1,1,2,1,-1
202000030696,2020-03-28 18:35:00,2020,3,28,18,35,21,21021,D70,47.347354,5.198247,Crépuscule ou aube,Hors agglomération,Intersection en Y,Normale,Sans collision,3,2,2,0,1,3,1,5,3,80,1,1,0,0,1,0,47.0,,voiture,,2,1,4,1,7
202000030697,2020-03-30 14:40:00,2020,3,30,14,40,33,33323,59 Grande Rue,44.59157,-0.20598,Plein jour,Hors agglomération,Hors intersection,Pluie légère,Autre collision,3,2,2,0,1,1,2,9,3,70,1,1,0,0,1,0,31.0,,deux_roues,,1,1,1,2,6
202000030698,2020-03-27 22:10:00,2020,3,27,22,10,77,77121,A4,48.8322465,2.6680024,Nuit sans éclairage public,Hors agglomération,Hors intersection,Normale,,1,1,3,0,1,1,1,0,1,110,2,2,1,0,0,1,55.0,29.0,voiture,voiture,3,1,1,1,-1
202000030699,2020-03-27 22:10:00,2020,3,27,22,10,972,97209,SALVADOR ALLENDE (AVENUE),14.61034,-61.04543,Nuit avec éclairage allumé,En agglomération,Intersection en T,Normale,Sans collision,4,2,2,0,1,1,1,0,1,50,1,1,0,0,0,1,26.0,,deux_roues,,5,2,3,1,7
202000030700,2020-03-28 16:28:00,2020,3,28,16,28,83,83009,NARON (CHEMIN DE),43.15525,5.74569,Plein jour,En agglomération,Hors intersection,Normale,Autre collision,4,2,2,0,1,1,1,0,1,50,1,1,0,0,0,1,,,,,1,2,1,1,6
202000030701,2020-03-27 11:30:00,2020,3,27,11,30,69,69266,EMILE ZOLA     (Cours),45.77059,4.8737,Plein jour,En agglomération,Intersection en X,Normale,Deux véhicules - côté,4,2,2,0,1,1,1,5,1,50,2,2,1,0,0,1,39.0,37.0,deux_roues,voiture,1,2,2,1,3
202000030702,2020-03-28 21:20:00,2020,3,28,21,20,64,64445,2 AVENUE GASTON LACOSTE,43.293314,-0.361092,Nuit avec éclairage allumé,En agglomération,Intersection en T,Normale,Deux véhicules - côté,4,2,2,0,1,1,1,0,1,50,2,2,1,0,0,1,29.0,22.0,voiture,deux_roues,5,2,3,1,3
202000030703,2020-03-28 16:00:00,2020,3,28,16,0,51,51454,Rue Jacquart,49.2616154,4.0418802,Plein jour,En agglomération,Intersection en X,Normale,Deux véhicules - côté,4,3,2,0,1,1,1,0,1,50,2,2,1,0,0,1,59.0,38.0,voiture,deux_roues,1,2,2,1,3
202000030704,2020-03-28 15:54:00,2020,3,28,15,54,38,38151,Avenue Salvador Allende,45.15519,5.72329,Plein jour,En agglomération,Hors intersection,Normale,Deux véhicules - frontale,4,2,3,0,1,2,1,0,1,50,2,2,1,0,1,0,20.0,24.0,deux_roues,autre,1,2,1,1,1
202000030705,2020-03-28 09:00:00,2020,3,28,9,0,17,17200,RN237,46.179659,-1.152323,Plein jour,Hors agglomération,Hors intersection,Normale,Autre collision,2,3,2,0,1,1,1,2,1,90,1,1,0,0,0,1,21.0,,voiture,,1,1,1,1,6
202000030706,2020-03-25 20:30:00,2020,3,25,20,30,75,75106,QUAI DES GRANDS AUGUSTINS,48.856106,2.340414,Nuit avec éclairage allumé,En agglomération,Intersection en X,Normale,Deux véhicules - côté,4,2,5,1,1,1,1,-1,5,50,2,2,1,0,0,1,69.0,47.0,deux_roues,voiture,5,2,2,1,3
202000030707,2020-03-27 17:15:00,2020,3,27,17,15,75,75118,RUE ORDENER,48.893103,2.340214,Plein jour,En agglomération,Intersection en X,Normale,Deux véhicules - côté,4,2,3,0,1,1,2,0,1,50,2,3,2,0,0,1,44.0,44.0,deux_roues,voiture,1,2,2,1,3
202000030708,2020-03-28 04:15:00,2020,3,28,4,15,75,75113,RUE DES PEUPLIERS,48.82396,2.353557,Nuit avec éclairage allumé,En agglomération,Place,Normale,Sans collision,4,2,2,0,1,3,1,0,1,50,1,1,0,0,0,1,24.0,,deux_roues,,5,2,7,1,7
202000030709,2020-03-26 21:25:00,2020,3,26,21,25,75,75111,RUE MORAND,48.868837,2.376299,Nuit avec éclairage allumé,En agglomération,Intersection en X,Normale,Deux véhicules - côté,4,2,2,1,1,1,1,-1,5,30,2,2,1,0,0,1,42.0,26.0,utilitaire_camion,deux_roues,5,2,2,1,3
202000030710,2020-03-28 18:20:00,2020,3,28,18,20,75,75114,RUE VERCINGETORIX,48.835466,2.3155,Plein jour,En agglomération,Intersection en Y,Normale,Autre collision,4,2,3,0,1,3,1,0,1,50,1,1,0,0,0,1,33.0,,deux_roues,,1,2,4,1,6
202000030711,2020-03-27 08:00:00,2020,3,27,8,0,94,94074,CHAMP SAINT-JULIEN (AV DU),48.7509857,2.4547442,Plein jour,En agglomération,Hors intersection,Normale,Sans collision,3,2,2,0,1,2,1,0,1,50,1,1,0,0,0,1,71.0,,voiture,,1,2,1,1,7
202000030712,2020-03-26 16:10:00,2020,3,26,16,10,94,94073,ROUTE NATIONALE 186,48.753501,2.3777599,Plein jour,En agglomération,Autre intersection,Normale,Sans collision,2,1,0,0,1,3,1,0,1,90,1,1,0,0,0,1,24.0,,deux_roues,,1,2,9,1,7
202000030713,2020-03-27 10:10:00,2020,3,27,10,10,94,94054,CHARLES TILLON (Av),48.74607,2.36948,Plein jour,En agglomération,Intersection en X,Normale,Autre collision,3,1,2,0,1,1,1,0,1,50,1,2,1,0,1,0,34.0,,voiture,,1,2,2,1,6
202000030714,2020-03-27 14:20:00,2020,3,27,14,20,94,94017,MONUMENT (R DU),48.810456,2.524934,Plein jour,En agglomération,Autre intersection,Normale,Autre collision,4,2,2,3,2,1,1,0,1,50,1,1,0,0,0,1,,,,,1,2,9,1,6
202000030715,2020-03-27 11:30:00,2020,3,27,11,30,93,93078,AV GEORGES CLEMENCEAU,48.95353,2.56267,Plein jour,En agglomération,Hors intersection,Normale,Autre collision,3,3,5,0,1,1,1,0,1,50,1,2,1,0,0,1,33.0,,voiture,,1,2,1,1,6
202000030716,2020-03-26 05:35:00,2020,3,26,5,35,93,93066,AV DU PRESIDENT WILSON,48.90672,2.35798,Crépuscule ou aube,En agglomération,Hors intersection,Normale,Deux véhicules - côté,3,1,2,3,1,1,1,0,1,50,2,2,1,0,0,1,47.0,33.0,deux_roues,voiture,2,2,1,1,3
202000030717,2020-03-25 23:00:00,2020,3,25,23,0,93,93066,CAQUET (PLACE),48.937515,2.359838,Nuit avec éclairage allumé,En agglomération,Hors intersection,Normale,Deux véhicules - frontale,9,-1,1,0,1,1,1,9,8,30,2,1,0,0,0,1,45.0,,deux_roues,,5,2,1,1,1
202000030718,2020-03-27 12:30:00,2020,3,27,12,30,93,93049,CH DE MEAUX,48.86318,2.51345,Plein jour,En agglomération,Hors intersection,Normale,Deux véhicules - côté,3,2,2,0,1,1,1,0,1,50,2,2,1,0,0,1,50.0,71.0,utilitaire_camion,voiture,1,2,1,1,3
202000030719,2020-03-27 14:15:00,2020,3,27,14,15,93,93046,VAUBAN AVENUE,48.91767,2.52296,Plein jour,En agglomération,Intersection en X,Normale,Deux véhicules - côté,4,2,4,0,1,1,1,0,1,50,2,2,1,0,0,1,61.0,37.0,utilitaire_camion,deux_roues,1,2,2,1,3
202000030720,2020-03-27 15:15:00,2020,3,27,15,15,93,93047,GENERAL DE GAULLE (RUE DU),48.899358,2.55951,Plein jour,En agglomération,Intersection en X,Normale,Deux véhicules - côté,4,2,2,0,1,1,1,0,1,50,2,3,1,0,0,2,34.0,38.0,deux_roues,utilitaire_camion,1,2,2,1,3
202000030721,2020-03-29 00:00:00,2020,3,29,0,0,08,08357,Route de Douzy,49.652161,4.99893,Nuit sans éclairage public,Hors agglomération,Hors intersection,Normale,Autre collision,3,2,2,0,2,2,1,2,3,30,1,1,0,0,0,1,47.0,,voiture,,3,1,1,1,6
202000030722,2020-03-27 08:40:00,2020,3,27,8,40,24,24372,Rue des Piqueurs,45.145083,0.530021,Plein jour,En agglomération,Hors intersection,Normale,Autre collision,3,2,2,0,1,3,1,0,1,50,1,2,1,0,1,0,60.0,,voiture,,1,2,1,1,6
202000030723,2020-02-26 16:40:00,2020,2,26,16,40,52,52282,D143,47.994585,5.179791,Plein jour,Hors agglomération,Hors intersection,Neige / grêle,Deux véhicules - côté,3,2,2,0,1,1,2,0,1,80,2,3,1,0,2,0,55.0,22.0,voiture,voiture,1,1,1,4,3
202000030724,2020-03-28 18:00:00,2020,3,28,18,0,33,33352,Laubes,44.588244,-0.059309,Plein jour,Hors agglomération,Intersection en T,Normale,Deux véhicules - arrière,4,2,2,0,1,1,3,0,1,80,2,2,1,0,1,0,33.0,54.0,deux_roues,deux_roues,1,1,3,1,2
202000030725,2020-03-28 17:40:00,2020,3,28,17,40,57,57242,50 Rue Louis Jost,49.273895,6.134185,Plein jour,En agglomération,Hors intersection,Normale,Deux véhicules - frontale,3,2,2,0,1,1,1,0,1,50,2,3,2,0,0,1,25.0,28.0,voiture,deux_roues,1,2,1,1,1
202000030726,2020-03-29 12:18:00,2020,3,29,12,18,74,74011,46 Rue des Mouettes,45.911063,6.152097,Plein jour,En agglomération,Hors intersection,Normale,Autre collision,4,2,2,0,1,1,1,9,1,50,1,2,1,0,0,1,67.0,,voiture,,1,2,1,1,6
202000030727,2020-02-27 09:40:00,2020,2,27,9,40,14,14422,Mézidon Vallée d'Auge,49.070534,-0.011694,Plein jour,Hors agglomération,Hors intersection,Normale,Autre collision,3,2,2,0,2,3,1,0,3,70,1,2,1,0,0,1,58.0,,utilitaire_camion,,1,1,1,1,6
202000030728,2020-03-28 21:00:00,2020,3,28,21,0,50,50236,6 Rue des Hauts Vents,49.286805,-1.541837,Nuit avec éclairage allumé,En agglomération,Hors intersection,Normale,Autre collision,3,2,2,0,1,1,1,0,4,50,1,1,0,1,0,0,47.0,,voiture,,5,2,1,1,6
202000030729,2020-03-28 17:40:00,2020,3,28,17,40,21,21638,Route de Langres,47.518545,5.179104,Plein jour,En agglomération,Intersection en T,Normale,Autre collision,3,2,2,0,1,2,1,0,8,50,1,1,0,1,0,0,40.0,,utilitaire_camion,,1,2,3,1,6
202000030730,2020-02-26 16:15:00,2020,2,26,16,15,85,85128,Avenue Marechal Juin,46.459087,-1.143635,Plein jour,En agglomération,Hors intersection,Normale,Deux véhicules - côté,3,2,2,0,1,1,1,0,1,50,2,2,1,0,1,0,44.0,27.0,utilitaire_camion,deux_roues,1,2,1,1,3
202000030731,2020-03-23 21:00:00,2020,3,23,21,0,27,27580,Route Nationale,49.348989,0.926456,Nuit sans éclairage public,En agglomération,Hors intersection,Normale,Autre collision,3,2,2,0,1,2,1,0,3,80,1,1,0,0,1,0,20.0,,voiture,,3,2,1,1,6
202000030732,2020-03-29 15:10:00,2020,3,29,15,10,17,17106,RD 731,45.549901,-0.307349,Plein jour,Hors agglomération,Hors intersection,Normale,Autre collision,3,2,2,0,1,1,1,0,3,80,1,1,0,1,0,0,49.0,,voiture,,1,1,1,1,6
202000030733,2020-03-28 22:45:00,2020,3,28,22,45,988,98821,ROUTE DE BANGOU/PAITA,-22.045401,166.265405,Nuit sans éclairage public,Hors agglomération,Hors intersection,Normale,Autre collision,4,2,2,0,1,2,1,2,3,70,1,3,0,0,3,0,22.0,,voiture,,3,1,1,1,6
202000030734,2020-03-29 01:30:00,2020,3,29,1,30,06,06065,Route de Cagnes,43.709176,7.143914,Nuit sans éclairage public,En agglomération,Hors intersection,Normale,Autre collision,7,2,2,0,1,3,1,0,1,70,1,1,0,0,1,0,48.0,,deux_roues,,3,2,1,1,6
202000030735,2020-03-29 11:57:00,2020,3,29,11,57,33,33441,Piste cyclable D808 / Chemin de Gabaroche,45.14724,-0.638832,Plein jour,En agglomération,Intersection en X,Normale,Deux véhicules - frontale,3,2,2,2,1,1,1,-1,1,-1,2,2,1,0,1,0,31.0,55.0,voiture,deux_roues,1,2,2,1,1
202000030736,2020-03-28 20:30:00,2020,3,28,20,30,59,59120,Chemin d'Hondeghem,50.7622345,2.5795025,Nuit sans éclairage public,Hors agglomération,Intersection en X,Normale,Autre collision,4,2,2,0,1,1,1,0,8,70,1,1,0,0,1,0,25.0,,voiture,,3,1,2,1,6
202000030737,2020-03-28 16:45:00,2020,3,28,16,45,94,94022,A86 INT,48.776474,2.415236,Plein jour,Hors agglomération,Hors intersection,Normale,,1,1,3,0,1,1,1,0,1,90,2,2,1,0,0,1,21.0,22.0,deux_roues,voiture,1,1,1,1,-1
202000030738,2020-03-28 16:00:00,2020,3,28,16,0,93,93051,A4,48.83509,2.57741,Plein jour,Hors agglomération,Hors intersection,Normale,Deux véhicules - arrière,1,1,4,0,1,1,1,0,1,110,2,2,0,0,1,1,32.0,56.0,voiture,voiture,1,1,1,1,2
202000030739,2020-01-27 07:50:00,2020,1,27,7,50,77,77058,GENETS (BOULEVARD DES) - D5,48.8391463,2.7214091,Nuit avec éclairage allumé,En agglomération,Intersection en X,Pluie légère,Autre collision,3,3,1,0,1,1,2,0,1,50,1,2,1,0,0,1,36.0,,voiture,,5,2,2,2,6
202000030740,2020-03-26 11:00:00,2020,3,26,11,0,974,97411,MACE (ROUTE GABRIEL),-20.92073,55.49448,Plein jour,Hors agglomération,Autre intersection,Normale,Deux véhicules - arrière,4,2,1,0,2,1,1,0,1,50,2,2,1,0,0,1,46.0,39.0,utilitaire_camion,deux_roues,1,1,9,1,2
202000030741,2020-03-27 18:00:00,2020,3,27,18,0,972,97213,PLACE D'ARMES,14.61952,-60.99451,Plein jour,Hors agglomération,Autre intersection,Normale,Deux véhicules - côté,3,2,1,0,1,1,1,0,1,50,2,3,2,0,0,1,20.0,48.0,voiture,voiture,1,1,9,1,3
202000030742,2020-03-23 19:19:00,2020,3,23,19,19,64,64260,INDUSTRIE (RUE DE L'),43.3483,-1.77035,Crépuscule ou aube,En agglomération,Hors intersection,Normale,Deux véhicules - côté,4,2,2,0,1,1,1,0,1,50,2,2,1,0,0,1,19.0,47.0,deux_roues,voiture,2,2,1,1,3
202000030743,2020-03-22 19:05:00,2020,3,22,19,5,56,56121,Pénétrante de Lorient RD 465,47.7595,-3.38363,Crépuscule ou aube,Hors agglomération,Hors intersection,Normale,Autre collision,3,3,0,0,1,1,1,0,3,70,1,1,0,0,0,1,21.0,,voiture,,2,1,1,1,6
202000030744,2020-03-21 11:55:00,2020,3,21,11,55,56,56083,LAVOISIER ( AVENUE ),47.79147,-3.27272,Plein jour,En agglomération,Intersection en X,Normale,Deux véhicules - côté,3,2,0,0,1,1,1,0,1,70,2,2,1,0,0,1,22.0,22.0,voiture,voiture,1,2,2,1,3
202000030745,2020-03-26 20:20:00,2020,3,26,20,20,51,51230,Place Léon Bourgeois,49.0462802,3.9549195,Nuit avec éclairage allumé,En agglomération,Place,Normale,Deux véhicules - côté,3,1,1,0,1,2,1,0,1,50,2,2,0,1,0,1,34.0,42.0,deux_roues,voiture,5,2,7,1,3
202000030746,2020-03-27 08:58:00,2020,3,27,8,58,37,37261,CHURCHILL (BOULEVARD WINSTON),47.3732931,0.6869403,Plein jour,En agglomération,Intersection en T,Normale,Deux véhicules - côté,3,3,4,0,1,1,1,0,1,50,2,3,2,0,0,1,74.0,47.0,voiture,voiture,1,2,3,1,3
202000030747,2020-03-27 19:35:00,2020,3,27,19,35,34,34172,DOMITIENNE (VOIE),43.6239608,3.8622469,Crépuscule ou aube,En agglomération,Intersection en X,Normale,Deux véhicules - frontale,4,2,4,0,1,1,1,0,1,50,2,3,1,0,1,1,27.0,49.0,deux_roues,voiture,2,2,2,1,1
202000030748,2020-03-27 12:53:00,2020,3,27,12,53,34,34172,JUSTICE DE CASTELNAU (AVENUE DE LA),43.62603,3.88247,Plein jour,En agglomération,Intersection en X,Normale,Deux véhicules - côté,4,2,4,0,1,1,1,5,1,50,2,3,2,0,0,1,33.0,56.0,deux_roues,voiture,1,2,2,1,3
202000030749,2020-03-26 17:37:00,2020,3,26,17,37,31,31555,RUE LOUIS PLANA,43.612886,1.482515,Plein jour,En agglomération,Hors intersection,Normale,Autre collision,4,2,1,0,1,1,1,0,1,50,1,2,1,0,1,0,76.0,,voiture,,1,2,1,1,6
202000030750,2020-02-26 17:50:00,2020,2,26,17,50,14,14271,HARCOURT (ROUTE D'),49.16265,-0.36663,Plein jour,En agglomération,Hors intersection,Normale,Deux véhicules - côté,3,2,2,0,1,1,1,0,1,50,2,2,1,0,0,1,47.0,34.0,utilitaire_camion,utilitaire_camion,1,2,1,1,3
202000030751,2020-02-03 13:40:00,2020,2,3,13,40,14,14118,LECLERC (BOULEVARD MARECHAL),49.180374,-0.363236,Plein jour,En agglomération,Hors intersection,Normale,Autre collision,4,2,3,3,1,1,1,0,1,50,1,2,1,0,1,0,31.0,,transport_commun,,1,2,1,1,6
202000030752,2020-03-27 20:45:00,2020,3,27,20,45,60,60107,D1016,49.3578628,2.4243971,Nuit sans éclairage public,Hors agglomération,Hors intersection,Normale,Autre collision,3,3,4,0,1,1,1,0,1,110,1,2,0,1,0,1,31.0,,voiture,,3,1,1,1,6
202000030753,2020-03-28 14:40:00,2020,3,28,14,40,81,81097,Lieu dit le Fontas,43.870874,2.244225,Plein jour,Hors agglomération,Hors intersection,Normale,Autre collision,3,2,2,0,2,1,1,0,3,80,1,1,0,0,1,0,59.0,,voiture,,1,1,1,1,6