accident_id,datetime,annee,mois,jour,heure,minute,departement,commune_insee,adresse,latitude,longitude,luminosite,agglomeration,intersection,meteo,collision,catr,circ,nbv,vosp,prof,plan,surf,infra,situ,vma,nb_vehicules,nb_usagers,nb_indemnes,nb_tues,nb_blesses_hosp,nb_blesses_legers,age_cond_1,age_cond_2,veh_type_cond_1,veh_type_cond_2,lum_code,agg_code,int_code,atm_code,col_code
202000031033,2020-11-01 19:50:00,2020,11,1,19,50,93,93053,AUTOROUTE A86,48.90066,2.46254,Nuit sans éclairage public,Hors agglomération,Hors intersection,Pluie légère,Autre collision,1,3,2,0,1,1,2,0,1,60,1,1,0,0,0,1,22.0,,utilitaire_camion,,3,1,1,2,6
202000031034,2020-10-30 16:30:00,2020,10,30,16,30,94,94028,A86 EXT,48.8016,2.4477,Plein jour,Hors agglomération,Hors intersection,Normale,Sans collision,1,1,4,0,1,1,1,0,1,90,1,1,0,0,0,1,30.0,,deux_roues,,1,1,1,1,7
202000031035,2020-10-30 18:40:00,2020,10,30,18,40,974,97411,FERRY (RUE JULES),-20.89326,55.46421,Nuit avec éclairage allumé,En agglomération,Hors intersection,Normale,Sans collision,4,2,1,0,2,1,1,0,1,50,1,1,0,0,0,1,27.0,,deux_roues,,5,2,1,1,7
202000031036,2020-10-31 19:30:00,2020,10,31,19,30,973,97302,MONTABO (ROUTE DE) 3,4.94302,-52.30621,Nuit avec éclairage allumé,En agglomération,Hors intersection,Pluie légère,Deux véhicules - frontale,3,2,2,0,1,1,2,0,1,50,2,3,2,0,0,1,37.0,18.0,voiture,deux_roues,5,2,1,2,1
202000031037,2020-10-31 14:06:00,2020,10,31,14,6,69,69259,GABRIEL PERI                        (R ),45.7054,4.86743,Plein jour,En agglomération,Intersection en T,Normale,Deux véhicules - côté,4,2,2,0,1,1,1,0,1,50,2,1,0,0,0,1,62.0,,voiture,,1,2,3,1,3
202000031038,2020-10-30 20:05:00,2020,10,30,20,5,972,97213,AUTOROUTE A1,14.6188419,-61.0138607,Nuit avec éclairage non allumé,En agglomération,Hors intersection,Normale,Deux véhicules - arrière,1,2,4,0,2,1,1,2,1,90,2,2,1,0,0,1,22.0,32.0,voiture,voiture,4,2,1,1,2
202000031039,2020-10-31 16:00:00,2020,10,31,16,0,69,69256,CUZIN                               (R ),45.77446,4.91543,Plein jour,En agglomération,Intersection en T,Normale,Deux véhicules - côté,4,2,4,3,1,1,1,0,6,50,2,1,0,0,0,1,21.0,,voiture,,1,2,3,1,3
202000031040,2020-10-31 21:20:00,2020,10,31,21,20,59,59339,WATTRELOS (RUE DE),50.687914,3.236931,Nuit avec éclairage allumé,En agglomération,Intersection en X,Pluie légère,Deux véhicules - côté,7,2,2,0,1,1,2,9,1,50,2,3,1,0,0,2,33.0,28.0,deux_roues,voiture,5,2,2,2,3
202000031041,2020-10-28 22:25:00,2020,10,28,22,25,59,59350,LIBERTE BVD N°2 - 90-51 - 145,50.6322144,3.060829,Nuit avec éclairage allumé,En agglomération,Hors intersection,Normale,Deux véhicules - côté,4,3,4,3,1,1,1,0,1,50,2,2,1,0,1,0,18.0,25.0,voiture,deux_roues,5,2,1,1,3
202000031042,2020-10-31 02:55:00,2020,10,31,2,55,45,45169,255 Route Nationale,47.933,1.832,Nuit avec éclairage non allumé,En agglomération,Hors intersection,Normale,Autre collision,4,2,2,0,1,1,1,9,1,30,1,1,0,1,0,0,25.0,,deux_roues,,4,2,1,1,6
202000031043,2020-10-31 19:48:00,2020,10,31,19,48,45,45208,D943 PR 0 + 455,48.00367,2.74191,Nuit sans éclairage public,En agglomération,Intersection en X,Normale,Deux véhicules - côté,3,2,3,2,1,1,1,0,1,50,2,1,0,0,0,1,25.0,,deux_roues,,3,2,2,1,3
202000031044,2020-10-31 16:30:00,2020,10,31,16,30,45,45004,Avenue d’Antibes,47.9783529,2.733609,Plein jour,En agglomération,Giratoire,Normale,Deux véhicules - arrière,3,1,2,0,1,3,1,0,1,50,2,2,1,0,1,0,70.0,70.0,voiture,deux_roues,1,2,6,1,2
202000031045,2020-10-30 08:05:00,2020,10,30,8,5,42,42305,Rue Victor Hugo,45.48114,4.43476,Plein jour,En agglomération,Intersection en X,Normale,Autre collision,3,2,2,0,1,1,1,0,1,50,1,2,1,0,0,1,23.0,,voiture,,1,2,2,1,6
202000031046,2020-10-31 15:30:00,2020,10,31,15,30,37,37122,PLACIER (IMPASSE DU),47.3629982,0.674145,Plein jour,En agglomération,Intersection en T,Temps couvert,Deux véhicules - côté,3,2,4,3,4,1,1,5,6,50,2,3,1,0,0,2,38.0,53.0,voiture,transport_commun,1,2,3,8,3
202000031047,2020-10-31 20:35:00,2020,10,31,20,35,35,35238,VERN (DE),48.09107,-1.64541,Nuit avec éclairage allumé,En agglomération,Intersection en X,Temps couvert,Deux véhicules - frontale,4,3,4,0,1,1,1,5,1,50,2,3,2,0,0,1,26.0,18.0,voiture,deux_roues,5,2,2,8,1
202000031048,2020-10-31 16:00:00,2020,10,31,16,0,35,35238,Porte de Villejean,48.12428,-1.7185,Plein jour,Hors agglomération,Hors intersection,Temps couvert,Autre collision,2,1,1,0,2,2,2,3,3,30,1,2,1,0,0,1,52.0,,voiture,,1,1,1,8,6
202000031049,2020-10-31 18:50:00,2020,10,31,18,50,30,30189,ALLENDE SALVADOR (RUE),43.81966,4.3565,Nuit avec éclairage allumé,En agglomération,Hors intersection,Normale,Deux véhicules - arrière,4,3,5,0,1,1,1,0,1,70,2,2,1,0,0,1,40.0,25.0,voiture,deux_roues,5,2,1,1,2
202000031050,2020-10-31 19:05:00,2020,10,31,19,5,14,14118,PIGACIERE (RUE DE LA),49.18821,-0.35978,Nuit avec éclairage allumé,En agglomération,Intersection en X,Pluie légère,Deux véhicules - côté,4,2,3,0,1,1,2,0,1,50,2,2,1,0,0,1,24.0,32.0,deux_roues,voiture,5,2,2,2,3
202000031051,2020-10-31 12:58:00,2020,10,31,12,58,14,14341,Route Nationale 158,49.1394,-0.3354,Plein jour,Hors agglomération,Hors intersection,Normale,Deux véhicules - frontale,2,-1,4,3,1,1,1,0,1,110,2,3,0,0,0,3,58.0,43.0,voiture,voiture,1,1,1,1,1
202000031052,2020-10-31 13:07:00,2020,10,31,13,7,13,13212,COMTESSE (BOULEVARD DE LA),43.3151537,5.447428,Plein jour,En agglomération,Intersection en X,Normale,Deux véhicules - côté,4,2,2,0,1,1,1,0,1,50,2,3,0,0,0,3,29.0,22.0,voiture,voiture,1,2,2,1,3
202000031053,2020-10-31 14:56:00,2020,10,31,14,56,13,13211,DE LA SOLITUDE (TRAVERSE),43.28075,5.50444,Plein jour,En agglomération,Hors intersection,Normale,Sans collision,4,2,2,0,2,3,1,0,4,50,1,1,0,1,0,0,21.0,,deux_roues,,1,2,1,1,7
202000031054,2020-10-29 12:10:00,2020,10,29,12,10,13,13004,AV PRESIDENT SALVADOR ALLENDE,43.6703822,4.6179277,Plein jour,En agglomération,Intersection en Y,Normale,Deux véhicules - côté,4,3,3,0,1,1,1,5,1,50,2,1,0,0,1,0,37.0,,deux_roues,,1,2,4,1,3
202000031055,2020-10-31 20:45:00,2020,10,31,20,45,75,75110,RUE DU FAUBOURG SAINT MARTIN,48.880405,2.364292,Nuit avec éclairage allumé,En agglomération,Intersection en T,Pluie légère,Deux véhicules - frontale,4,2,2,0,1,1,2,0,1,50,2,2,1,0,0,1,20.0,24.0,voiture,deux_roues,5,2,3,2,1
202000031056,2020-10-31 16:30:00,2020,10,31,16,30,75,75110,BOULEVARD DE LA CHAPELLE,48.884308,2.361517,Plein jour,En agglomération,Intersection en X,Pluie légère,Autre collision,4,1,2,0,1,1,2,0,1,50,1,2,1,0,0,1,55.0,,voiture,,1,2,2,2,6
202000031057,2020-10-29 10:40:00,2020,10,29,10,40,75,75102,PLACE DE LA BOURSE,48.869469,2.342296,Plein jour,En agglomération,Place,Normale,Deux véhicules - côté,4,1,4,2,1,1,1,-1,6,50,2,2,1,0,0,1,43.0,33.0,utilitaire_camion,deux_roues,1,2,7,1,3
202000031058,2020-10-31 10:50:00,2020,10,31,10,50,94,94046,REPUBLIQUE (AV DE LA),48.804308,2.437381,Plein jour,En agglomération,Intersection en T,Normale,Autre collision,3,-1,2,0,1,1,1,0,1,50,1,2,1,0,0,1,79.0,,utilitaire_camion,,1,2,3,1,6
202000031059,2020-10-29 16:40:00,2020,10,29,16,40,94,94016,63 Avenue du Président Wilson,48.78872,2.32473,Plein jour,En agglomération,Autre intersection,Normale,Autre collision,3,3,2,1,1,1,1,6,1,30,1,4,1,1,0,2,78.0,,voiture,,1,2,9,1,6
202000031060,2020-10-31 17:15:00,2020,10,31,17,15,93,93007,CHARLES FLOQUET (AVENUE),48.94048,2.45091,Crépuscule ou aube,En agglomération,Hors intersection,Pluie légère,Deux véhicules - frontale,4,2,2,0,1,1,3,0,1,50,2,2,1,0,0,1,36.0,44.0,deux_roues,voiture,2,2,1,2,1
202000031061,2020-10-31 05:45:00,2020,10,31,5,45,93,93007,8 MAI 45 (AVENUE DU 1 AU 182),48.9484481,2.437418,Nuit avec éclairage allumé,En agglomération,Hors intersection,Normale,Autre collision,3,1,0,0,1,2,1,8,1,50,1,2,0,0,0,2,38.0,,voiture,,5,2,1,1,6
202000031062,2020-10-31 11:30:00,2020,10,31,11,30,92,92077,MARNES (RUE DE),48.8278486,2.1843045,Plein jour,En agglomération,Hors intersection,Normale,Deux véhicules - frontale,3,2,2,1,1,1,1,0,1,50,2,2,1,0,0,1,40.0,30.0,deux_roues,voiture,1,2,1,1,1
202000031063,2020-10-31 18:45:00,2020,10,31,18,45,92,92049,BRIAND AVENUE ARISTIDE AUTRES N°,48.8184496,2.3256717,Nuit avec éclairage allumé,En agglomération,Hors intersection,Pluie légère,Deux véhicules - côté,3,3,4,1,1,1,2,0,1,50,2,2,0,0,2,0,73.0,29.0,deux_roues,deux_roues,5,2,1,2,3
202000031064,2020-11-01 17:30:00,2020,11,1,17,30,974,97415,Chaussée Royale,-21.0119309,55.2724904,Plein jour,En agglomération,Intersection en X,Normale,Deux véhicules - côté,2,1,2,0,1,1,1,5,1,50,2,2,1,0,1,0,25.0,78.0,deux_roues,voiture,1,2,2,1,3
202000031065,2020-11-01 02:30:00,2020,11,1,2,30,83,83072,Route des Miquelets,43.48503,6.288037,Nuit sans éclairage public,Hors agglomération,Hors intersection,Normale,Sans collision,3,2,2,0,1,2,1,0,8,80,1,1,0,0,1,0,21.0,,deux_roues,,3,1,1,1,7
202000031066,2020-11-01 15:53:00,2020,11,1,15,53,25,25388,D136,47.524794,6.811759,Plein jour,En agglomération,Hors intersection,Pluie légère,Deux véhicules - frontale,3,3,3,0,1,3,2,5,1,50,2,4,3,0,1,0,24.0,25.0,voiture,voiture,1,2,1,2,1
202000031067,2020-11-01 08:00:00,2020,11,1,8,0,30,30151,Route departentale 6,44.13171,4.410238,Crépuscule ou aube,Hors agglomération,Hors intersection,Temps couvert,Sans collision,3,2,2,0,2,2,2,0,8,80,1,1,0,0,0,1,22.0,,voiture,,2,1,1,8,7
202000031068,2020-11-01 11:45:00,2020,11,1,11,45,65,65436,1 Route de Coussan,43.240921,0.174446,Plein jour,Hors agglomération,Hors intersection,Normale,Deux véhicules - côté,3,2,2,0,1,1,1,0,1,80,2,2,1,0,0,1,31.0,52.0,voiture,deux_roues,1,1,1,1,3
202000031069,2020-10-31 16:20:00,2020,10,31,16,20,65,65392,D18,43.152898,0.075692,Plein jour,Hors agglomération,Hors intersection,Normale,Sans collision,3,2,2,0,2,4,1,0,1,80,1,2,0,0,0,2,15.0,,deux_roues,,1,1,1,1,7
202000031070,2020-10-21 13:00:00,2020,10,21,13,0,33,33140,24 Boulevard Victor Hugo,44.77505,-0.34611,Plein jour,En agglomération,Hors intersection,Normale,Autre collision,3,2,2,0,1,1,1,9,1,50,1,2,1,0,1,0,62.0,,voiture,,1,2,1,1,6
202000031071,2020-11-01 00:30:00,2020,11,1,0,30,89,89439,35 Rue Bernard Liège,47.970847,3.710863,Nuit avec éclairage allumé,En agglomération,Hors intersection,Normale,Autre collision,3,2,2,0,1,1,1,0,3,50,1,1,0,0,1,0,20.0,,voiture,,5,2,1,1,6
202000031072,2020-11-01 02:00:00,2020,11,1,2,0,63,63423,Route d'Isserteaux,45.6020561,3.4071769,Nuit avec éclairage non allumé,En agglomération,Hors intersection,Normale,Autre collision,3,2,2,0,1,1,1,0,3,50,1,1,0,0,1,0,18.0,,deux_roues,,4,2,1,1,6
202000031073,2020-11-01 05:00:00,2020,11,1,5,0,65,65230,Route de Loures,43.016961,0.599733,Nuit avec éclairage allumé,En agglomération,Hors intersection,Normale,Autre collision,4,2,2,0,1,1,1,0,1,50,1,1,0,0,1,0,20.0,,deux_roues,,5,2,1,1,6
202000031074,2020-11-01 15:15:00,2020,11,1,15,15,54,54047,5 Rue du Chanois,48.5417811,5.8452952,Plein jour,En agglomération,Passage à niveau,Pluie légère,Sans collision,4,2,2,3,1,3,2,4,6,50,1,1,0,0,1,0,18.0,,deux_roues,,1,2,8,2,7
202000031075,2020-11-01 13:50:00,2020,11,1,13,50,60,60390,D9,49.539255,2.156829,Plein jour,Hors agglomération,Intersection en X,Pluie légère,Deux véhicules - côté,3,2,2,0,1,1,2,0,1,80,2,3,0,0,0,3,28.0,21.0,voiture,voiture,1,1,2,2,3
202000031076,2020-10-29 12:09:00,2020,10,29,12,9,73,73103,214 Chemin de la Boisiere,45.6568,5.911803,Plein jour,Hors agglomération,Intersection en X,Normale,Deux véhicules - côté,6,-1,-1,0,1,1,1,0,1,50,2,2,1,0,0,1,56.0,46.0,voiture,deux_roues,1,1,2,1,3
202000031077,2020-10-25 18:55:00,2020,10,25,18,55,07,07035,D533,44.943478,4.700399,Nuit sans éclairage public,Hors agglomération,Hors intersection,Normale,Autre collision,3,2,2,0,2,2,1,0,3,80,1,1,0,0,0,1,46.0,,voiture,,3,1,1,1,6
202000031078,2020-10-29 16:55:00,2020,10,29,16,55,87,87032,36 Avenue Jean Jaures,45.658237,0.9834857,Plein jour,En agglomération,Hors intersection,Pluie légère,Deux véhicules - côté,2,2,2,0,2,1,2,0,1,50,2,2,1,0,0,1,64.0,17.0,voiture,deux_roues,1,2,1,2,3
202000031079,2020-10-31 19:45:00,2020,10,31,19,45,31,31181,68 Chemin Roucade,43.411844,1.295958,Nuit sans éclairage public,Hors agglomération,Hors intersection,Normale,Deux véhicules - côté,1,3,4,0,1,1,1,0,1,130,2,2,1,0,1,0,27.0,36.0,voiture,voiture,3,1,1,1,3
202000031080,2020-10-30 21:15:00,2020,10,30,21,15,987,98745,Tapuamu,-16.6190993,-151.5437579,Nuit sans éclairage public,En agglomération,Hors intersection,Normale,Deux véhicules - côté,2,2,2,0,1,1,1,0,1,40,2,2,1,0,1,0,44.0,57.0,deux_roues,voiture,3,2,1,1,3
202000031081,2020-11-01 18:20:00,2020,11,1,18,20,974,97408,Rue Ho Chi Minh,-20.965652,55.340753,Crépuscule ou aube,En agglomération,Intersection en T,Normale,Deux véhicules - frontale,4,2,2,0,2,2,1,0,1,50,2,2,1,0,1,0,64.0,31.0,voiture,deux_roues,2,2,3,1,1
202000031082,2020-10-31 09:36:00,2020,10,31,9,36,77,77001,D63,48.348891,2.583117,Plein jour,Hors agglomération,Hors intersection,Temps éblouissant,Deux véhicules - frontale,3,2,2,0,1,1,1,0,1,80,2,2,0,0,1,1,46.0,52.0,voiture,voiture,1,1,1,7,1
202000031083,2020-10-30 19:40:00,2020,10,30,19,40,83,83071,D98,43.146562,6.257105,Nuit avec éclairage allumé,Hors agglomération,Autre intersection,Normale,Autre collision,3,3,1,0,1,1,1,5,3,80,1,1,0,0,1,0,63.0,,deux_roues,,5,1,9,1,6
202000031084,2020-11-01 13:28:00,2020,11,1,13,28,89,89080,BRETELLE AUTOROUTE A 19 B5 B,48.271597,3.290234,Plein jour,Hors agglomération,Hors intersection,Temps couvert,Autre collision,1,1,2,0,1,2,2,3,3,90,1,2,0,0,1,1,48.0,,voiture,,1,1,1,8,6
202000031085,2020-11-01 00:10:00,2020,11,1,0,10,38,38071,Chemin de Font Fraiche,45.06816,5.72872,Nuit sans éclairage public,Hors agglomération,Hors intersection,Normale,Autre collision,4,-1,2,0,2,2,1,0,3,80,1,1,0,0,0,1,49.0,,voiture,,3,1,1,1,6
202000031086,2020-10-31 18:28:00,2020,10,31,18,28,33,33339,3 Chemin de la Croix Blanche,45.037473,-0.503159,Crépuscule ou aube,En agglomération,Hors intersection,Normale,Autre collision,3,-1,2,0,1,2,1,0,3,50,1,2,1,0,1,0,23.0,,voiture,,2,2,1,1,6
202000031087,2020-10-31 22:20:00,2020,10,31,22,20,60,60141,18 Rue de Creil,49.19482,2.465553,Nuit sans éclairage public,En agglomération,Hors intersection,Normale,Autre collision,3,2,2,0,3,3,1,0,3,-1,1,1,0,0,0,1,37.0,,voiture,,3,2,1,1,6
202000031088,2020-10-30 14:00:00,2020,10,30,14,0,13,13214,A7-Sens Marseille vers Lyon,43.3209,5.3779,Plein jour,Hors agglomération,Hors intersection,Normale,Deux véhicules - arrière,1,1,3,0,1,1,1,0,1,90,2,2,1,0,0,1,21.0,27.0,voiture,voiture,1,1,1,1,2
202000031089,2020-10-26 10:25:00,2020,10,26,10,25,01,01049,A432N 11.118 A 12.100,45.83109,5.02699,Plein jour,Hors agglomération,Hors intersection,Pluie légère,Autre collision,1,1,1,0,4,2,2,3,1,50,1,1,0,0,0,1,23.0,,voiture,,1,1,1,2,6
202000031090,2020-10-31 15:45:00,2020,10,31,15,45,93,93027,AUTOROUTE A86,48.92615,2.4193,Plein jour,Hors agglomération,Hors intersection,Normale,Deux véhicules - arrière,1,3,6,0,1,3,1,0,1,90,2,2,1,0,0,1,21.0,33.0,utilitaire_camion,utilitaire_camion,1,1,1,1,2
202000031091,2020-10-30 17:25:00,2020,10,30,17,25,92,92036,AUTOROUTE A86,48.9390318,2.3061204,Crépuscule ou aube,Hors agglomération,Hors intersection,Normale,Deux véhicules - côté,1,3,6,0,1,1,1,0,8,90,2,2,1,0,0,1,46.0,23.0,voiture,deux_roues,2,1,1,1,3
202000031092,2020-10-30 12:15:00,2020,10,30,12,15,93,93064,AUTOROUTE A3,48.88561,2.4722,Plein jour,Hors agglomération,Hors intersection,Normale,Deux véhicules - côté,1,3,10,0,1,1,1,0,1,90,2,1,0,0,0,1,28.0,,deux_roues,,1,1,1,1,3
202000031093,2020-10-30 07:30:00,2020,10,30,7,30,94,94073,A86 EXT,48.75593,2.38334,Crépuscule ou aube,Hors agglomération,Hors intersection,Normale,Trois véhicules et plus - en chaîne,1,3,3,0,1,1,1,0,1,90,3,3,2,0,0,1,18.0,52.0,utilitaire_camion,voiture,2,1,1,1,4
202000031094,2020-10-31 02:00:00,2020,10,31,2,0,988,98818,ROUTE DE L'ANSE VATA/RUE EDOUARD GLASSER,-22.29259,166.44726,Nuit avec éclairage allumé,En agglomération,Intersection en X,Normale,Deux véhicules - côté,4,2,3,0,1,1,1,5,1,50,2,6,5,0,0,1,41.0,21.0,voiture,voiture,5,2,2,1,3
202000031095,2020-10-30 11:50:00,2020,10,30,11,50,974,97411,BRASSENS (AVENUE GEORGES),-20.9047,55.48328,Plein jour,En agglomération,Hors intersection,Normale,Autre collision,4,1,2,0,1,1,1,0,1,50,1,3,0,0,0,3,17.0,,deux_roues,,1,2,1,1,6
202000031096,2020-10-30 15:07:00,2020,10,30,15,7,69,69388,PAUL CAZENEUVE                      (R ),45.7339247,4.8627517,Plein jour,En agglomération,Intersection en X,Normale,Autre collision,4,-1,2,2,1,1,1,0,1,50,1,3,1,0,0,2,36.0,,utilitaire_camion,,1,2,2,1,6
202000031097,2020-10-28 18:05:00,2020,10,28,18,5,69,69259,OSCHATZ (D')                        (AV),45.69635,4.88331,Nuit avec éclairage allumé,En agglomération,Hors intersection,Normale,Deux véhicules - arrière,4,1,6,0,2,1,1,0,1,50,2,2,1,0,1,0,19.0,19.0,voiture,voiture,5,2,1,1,2
202000031098,2020-10-29 15:05:00,2020,10,29,15,5,69,69383,FELIX FAURE                         (AV),45.75527,4.87272,Plein jour,En agglomération,Hors intersection,Normale,Deux véhicules - côté,4,2,3,3,1,1,1,0,1,50,2,3,2,0,0,1,64.0,30.0,voiture,voiture,1,2,1,1,3
202000031099,2020-10-29 20:10:00,2020,10,29,20,10,91,91657,RUE FREDERIC JOLIOT CURIE,48.703171,2.419929,Nuit avec éclairage allumé,En agglomération,Autre intersection,Pluie légère,Deux véhicules - côté,4,2,2,0,1,1,2,0,1,50,2,6,2,0,0,4,41.0,21.0,voiture,voiture,5,2,9,2,3
202000031100,2020-10-06 16:50:00,2020,10,6,16,50,91,91174,RUE D ANGOULEME,48.60096,2.46341,Plein jour,En agglomération,Hors intersection,Normale,Deux véhicules - côté,4,1,2,0,1,1,1,8,1,50,2,3,2,0,0,1,25.0,24.0,voiture,voiture,1,2,1,1,3
202000031101,2020-10-29 17:33:00,2020,10,29,17,33,87,87085,AUTOROUTE A20,45.86185,1.28672,Plein jour,Hors agglomération,Hors intersection,Pluie légère,Trois véhicules et plus - en chaîne,1,3,4,0,2,1,2,0,1,110,3,3,2,0,0,1,22.0,23.0,voiture,voiture,1,1,1,2,4
202000031102,2020-10-29 12:10:00,2020,10,29,12,10,80,80021,JEAN JAURES (RUE),49.89955,2.28385,Plein jour,En agglomération,Hors intersection,Normale,Autre collision,4,2,3,0,1,1,1,0,1,50,1,2,1,0,0,1,55.0,,voiture,,1,2,1,1,6
202000031103,2020-10-29 16:55:00,2020,10,29,16,55,77,77296,RD 57,48.6298591,2.5728276,Plein jour,En agglomération,Hors intersection,Normale,Deux véhicules - côté,3,3,2,0,1,1,1,0,1,50,2,2,1,0,0,1,44.0,30.0,voiture,deux_roues,1,2,1,1,3
202000031104,2020-10-08 21:45:00,2020,10,8,21,45,77,77445,ROUTOIRES (AVENUE DES),48.5901037,2.5920469,Nuit avec éclairage allumé,Hors agglomération,Intersection en X,Normale,Deux véhicules - côté,3,2,2,0,1,1,1,0,1,50,2,2,1,0,1,0,52.0,32.0,deux_roues,voiture,5,1,2,1,3
202000031105,2020-10-29 18:20:00,2020,10,29,18,20,76,76540,GAMBETTA. BOULEVARD,49.43787,1.10546,Nuit sans éclairage public,En agglomération,Hors intersection,Normale,Autre collision,4,2,2,0,1,1,1,0,1,30,1,3,2,0,0,1,65.0,,voiture,,3,2,1,1,6
202000031106,2020-10-29 18:50:00,2020,10,29,18,50,76,76305,CAMP PHILIP MORIS (RUE),49.50931,0.22884,Plein jour,En agglomération,Hors intersection,Normale,Autre collision,4,1,2,0,1,1,1,0,1,50,1,2,1,0,1,0,27.0,,voiture,,1,2,1,1,6
202000031107,2020-10-29 10:05:00,2020,10,29,10,5,71,71306,ANATOLE FRANCE (RUE),46.6887231,4.3490472,Plein jour,En agglomération,Hors intersection,Normale,Deux véhicules - arrière,3,2,2,0,1,1,1,0,1,50,2,2,0,0,0,2,65.0,44.0,voiture,voiture,1,2,1,1,2
202000031108,2020-10-28 18:20:00,2020,10,28,18,20,66,66136,ARGELES SUR MER AVENUE D',42.68163,2.91161,Plein jour,En agglomération,Hors intersection,Normale,Deux véhicules - arrière,4,2,4,0,1,1,1,0,1,50,2,2,1,0,0,1,22.0,23.0,voiture,voiture,1,2,1,1,2
202000031109,2020-10-26 21:35:00,2020,10,26,21,35,66,66136,Départementale  617,42.71217,2.95812,Nuit sans éclairage public,Hors agglomération,Hors intersection,Normale,Deux véhicules - arrière,3,3,4,0,1,1,1,0,1,110,2,4,2,1,1,0,23.0,,voiture,,3,1,1,1,2
202000031110,2020-10-29 11:00:00,2020,10,29,11,0,64,64335,ARROUMBEGAS DES,43.3426006,-0.4128993,Plein jour,Hors agglomération,Hors intersection,Normale,Deux véhicules - arrière,4,-1,2,0,1,1,1,0,1,50,2,2,1,0,0,1,74.0,87.0,voiture,voiture,1,1,1,1,2
202000031111,2020-10-29 08:40:00,2020,10,29,8,40,64,64125,RUE LORE LANDA,43.4455,-1.54515,Crépuscule ou aube,En agglomération,Giratoire,Normale,Deux véhicules - côté,3,2,2,-1,1,1,1,5,1,-1,2,2,1,0,0,1,48.0,49.0,voiture,deux_roues,2,2,6,1,3
202000031112,2020-10-19 10:50:00,2020,10,19,10,50,61,61397,FRESNAY (ROUTE DE),48.42015,0.07839,Plein jour,En agglomération,Hors intersection,Normale,Autre collision,3,2,2,0,2,1,1,0,1,50,1,2,1,0,0,1,66.0,,voiture,,1,2,1,1,6
202000031113,2020-10-30 21:10:00,2020,10,30,21,10,59,59350,VERHAEREN AVENUE,50.6191,3.03234,Nuit avec éclairage allumé,En agglomération,Hors intersection,Normale,Deux véhicules - côté,4,2,2,1,1,1,1,0,1,30,2,3,1,0,1,1,46.0,19.0,deux_roues,voiture,5,2,1,1,3
202000031114,2020-10-25 18:40:00,2020,10,25,18,40,59,59560,AVELIN ROUTE D,50.54319,3.0642,Crépuscule ou aube,Hors agglomération,Hors intersection,Pluie forte,Deux véhicules - frontale,7,2,2,0,1,1,2,0,1,80,2,1,0,0,0,1,21.0,,deux_roues,,2,1,1,3,1
202000031115,2020-10-29 16:20:00,2020,10,29,16,20,59,59569,VERDUN (RUE DE),50.36369,3.1134,Plein jour,En agglomération,Hors intersection,Normale,Autre collision,3,2,2,0,1,1,1,0,1,50,1,2,1,0,0,1,70.0,,voiture,,1,2,1,1,6
202000031116,2020-10-19 10:58:00,2020,10,19,10,58,56,56260,JUIN(AVENUE DU MARECHAL),47.63869,-2.7649,Plein jour,En agglomération,Giratoire,Normale,Autre collision,4,2,2,0,1,2,1,5,4,50,1,1,0,1,0,0,72.0,,voiture,,1,2,6,1,6
202000031117,2020-10-24 01:25:00,2020,10,24,1,25,56,56121,BLUM ( BD LEON ),47.74389,-3.38109,Nuit avec éclairage allumé,En agglomération,Intersection en X,Pluie légère,Deux véhicules - côté,4,2,3,0,1,1,2,5,1,30,2,4,2,0,0,2,20.0,29.0,voiture,voiture,5,2,2,2,3
202000031118,2020-10-29 00:40:00,2020,10,29,0,40,56,56121,NAYEL ( ET PLACE AUGUSTE ),47.74778,-3.36354,Nuit avec éclairage allumé,En agglomération,Hors intersection,Pluie légère,Autre collision,4,1,1,0,1,1,2,0,1,50,1,2,0,0,0,2,20.0,,voiture,,5,2,1,2,6
202000031119,2020-10-27 17:10:00,2020,10,27,17,10,56,56121,YEQUEL (RUE  LOUIS ),47.75514,-3.36514,Plein jour,En agglomération,Hors intersection,Temps couvert,Autre collision,4,2,2,0,1,1,2,0,1,30,1,2,1,0,0,1,53.0,,transport_commun,,1,2,1,8,6
202000031120,2020-10-29 12:50:00,2020,10,29,12,50,54,54304,DEROULEDE (AVENUE PAUL),48.6851685,6.1558487,Plein jour,En agglomération,Intersection en X,Normale,Deux véhicules - côté,4,2,2,1,1,1,1,0,1,50,2,2,1,0,0,1,54.0,60.0,deux_roues,voiture,1,2,2,1,3
202000031121,2020-10-29 20:55:00,2020,10,29,20,55,54,54493,LONGWY (RUE DE),49.5301,5.8188,Nuit avec éclairage allumé,En agglomération,Intersection en T,Pluie légère,Autre collision,4,2,2,0,1,1,2,5,1,50,1,2,0,0,0,2,18.0,,voiture,,5,2,3,2,6
202000031122,2020-10-29 17:35:00,2020,10,29,17,35,52,52121,ASHTON UNDER LYNE (AVENUE D'),48.09228,5.14532,Plein jour,En agglomération,Hors intersection,Normale,Deux véhicules - arrière,4,-1,1,0,1,2,2,0,1,50,2,1,0,0,0,1,21.0,,deux_roues,,1,2,1,1,2