accident_id,datetime,annee,mois,jour,heure,minute,departement,commune_insee,adresse,latitude,longitude,luminosite,agglomeration,intersection,meteo,collision,catr,circ,nbv,vosp,prof,plan,surf,infra,situ,vma,nb_vehicules,nb_usagers,nb_indemnes,nb_tues,nb_blesses_hosp,nb_blesses_legers,age_cond_1,age_cond_2,veh_type_cond_1,veh_type_cond_2,lum_code,agg_code,int_code,atm_code,col_code
202000031123,2020-10-28 18:40:00,2020,10,28,18,40,51,51454,Boulevard de la Paix,49.2537428,4.0408863,Nuit avec éclairage allumé,En agglomération,Hors intersection,Pluie légère,Trois véhicules et plus - en chaîne,2,2,2,0,1,1,2,0,1,50,3,3,2,0,0,1,67.0,24.0,voiture,voiture,5,2,1,2,4
202000031124,2020-10-28 09:45:00,2020,10,28,9,45,49,49007,CAMUS,47.46718,-0.54498,Plein jour,En agglomération,Hors intersection,Pluie légère,Trois véhicules et plus - collisions multiples,4,-1,2,0,1,1,1,0,1,50,3,3,1,0,0,2,53.0,33.0,voiture,voiture,1,2,1,2,5
202000031125,2020-10-27 18:47:00,2020,10,27,18,47,45,45298,Rue des Hautes Levées,47.89237,1.88197,Nuit avec éclairage allumé,En agglomération,Hors intersection,Pluie forte,Deux véhicules - frontale,4,2,2,0,1,2,2,0,1,50,2,4,2,0,2,0,20.0,24.0,voiture,voiture,5,2,1,3,1
202000031126,2020-10-13 05:50:00,2020,10,13,5,50,42,42218,Boulevard Fauriat,45.44219,4.40834,Nuit avec éclairage allumé,Hors agglomération,Intersection en X,Pluie légère,Deux véhicules - arrière,4,2,3,0,1,1,2,5,1,50,2,2,0,0,0,2,54.0,60.0,voiture,deux_roues,5,1,2,2,2
202000031127,2020-10-30 02:10:00,2020,10,30,2,10,41,41295,2 Rue des Bourdettes,47.60652,1.40556,Nuit sans éclairage public,En agglomération,Hors intersection,Normale,Sans collision,4,2,1,0,1,1,1,0,1,50,1,2,0,0,1,1,27.0,,voiture,,3,2,1,1,7
202000031128,2020-10-29 18:00:00,2020,10,29,18,0,35,35238,LAENNEC (BD RENE),48.10981,-1.66557,Crépuscule ou aube,En agglomération,Intersection en X,Pluie légère,Deux véhicules - côté,4,2,2,2,1,1,2,5,5,50,2,2,1,0,0,1,29.0,33.0,deux_roues,voiture,2,2,2,2,3
202000031129,2020-10-30 22:00:00,2020,10,30,22,0,33,33063,PLACE RAVEZIES,44.86617,-0.57533,Nuit avec éclairage allumé,En agglomération,Giratoire,Normale,Deux véhicules - côté,4,3,8,2,1,1,1,0,1,50,2,1,0,0,0,1,25.0,,deux_roues,,5,2,6,1,3
202000031130,2020-10-30 14:40:00,2020,10,30,14,40,33,33063,AVE DE LABARDE / ACCES PARKING METRO,44.89173,-0.54898,Plein jour,Hors agglomération,Intersection en T,Normale,Deux véhicules - côté,4,2,2,0,1,1,1,0,1,50,2,2,1,0,1,0,57.0,47.0,deux_roues,utilitaire_camion,1,1,3,1,3
202000031131,2020-10-15 13:34:00,2020,10,15,13,34,33,33063,CRS DU MEDOC,44.86109,-0.57014,Plein jour,En agglomération,Intersection en X,Normale,Deux véhicules - côté,4,2,4,2,2,1,1,0,1,50,2,2,0,0,0,2,20.0,49.0,voiture,deux_roues,1,2,2,1,3
202000031132,2020-10-29 21:00:00,2020,10,29,21,0,33,33162,AVE DE SAINT-MEDARD,44.86355,-0.65859,Nuit avec éclairage allumé,En agglomération,Hors intersection,Normale,Deux véhicules - côté,4,2,4,2,1,1,1,0,1,50,2,2,1,0,1,0,44.0,50.0,voiture,deux_roues,5,2,1,1,3
202000031133,2020-10-29 10:00:00,2020,10,29,10,0,31,31555,VA008432 LANGLADE A620 Sortie 25,43.57062,1.43066,Plein jour,Hors agglomération,Hors intersection,Normale,Deux véhicules - arrière,1,3,3,0,1,1,1,0,1,90,2,2,1,0,1,0,57.0,28.0,utilitaire_camion,voiture,1,1,1,1,2
202000031134,2020-10-29 15:30:00,2020,10,29,15,30,29,29232,RN 165,48.04319,-4.07029,Plein jour,Hors agglomération,Hors intersection,Temps couvert,Trois véhicules et plus - en chaîne,2,2,4,0,1,1,1,0,1,90,4,4,1,0,0,3,34.0,47.0,voiture,voiture,1,1,1,8,4
202000031135,2020-10-30 08:10:00,2020,10,30,8,10,27,27375,PARIS (CHAUSSEE DE),49.20462,1.19538,Plein jour,En agglomération,Hors intersection,Normale,Deux véhicules - côté,3,2,2,0,2,1,1,0,1,50,2,2,1,0,0,1,42.0,48.0,voiture,utilitaire_camion,1,2,1,1,3
202000031136,2020-10-30 14:10:00,2020,10,30,14,10,25,25056,BLUM  BOULEVARD LEON (inf 51),47.2554,6.0193,Plein jour,En agglomération,Hors intersection,Normale,Autre collision,4,3,2,0,1,1,1,0,1,50,1,1,0,0,0,1,65.0,,voiture,,1,2,1,1,6
202000031137,2020-10-29 16:20:00,2020,10,29,16,20,25,25056,DOLE,47.2287,5.98725,Plein jour,En agglomération,Autre intersection,Normale,Deux véhicules - côté,4,2,2,1,1,1,1,0,1,50,2,2,1,0,0,1,38.0,44.0,voiture,deux_roues,1,2,9,1,3
202000031138,2020-10-30 11:15:00,2020,10,30,11,15,17,17300,BEAUREGARD   RUE DE,46.1675,-1.14,Plein jour,En agglomération,Giratoire,Normale,Deux véhicules - côté,4,2,2,0,1,1,1,5,1,50,2,2,1,0,1,0,30.0,83.0,voiture,deux_roues,1,2,6,1,3
202000031139,2020-10-30 11:25:00,2020,10,30,11,25,15,15012,RN 2122,44.897391,2.409409,Plein jour,Hors agglomération,Hors intersection,Normale,Deux véhicules - frontale,2,2,2,0,1,3,1,0,1,70,2,3,0,0,0,3,23.0,52.0,voiture,voiture,1,1,1,1,1
202000031140,2020-10-28 11:37:00,2020,10,28,11,37,14,14118,BRIAND (BOULEVARD ARISTIDE),49.178484,-0.361437,Plein jour,En agglomération,Intersection en X,Temps couvert,Deux véhicules - côté,4,2,0,0,1,1,1,0,1,50,2,2,1,0,0,1,23.0,43.0,deux_roues,voiture,1,2,2,8,3
202000031141,2020-10-30 21:35:00,2020,10,30,21,35,13,13208,PRADO (AVENUE DU),43.2799131,5.3871231,Nuit avec éclairage allumé,En agglomération,Intersection en T,Normale,Deux véhicules - côté,4,2,4,0,1,1,1,0,1,50,2,3,2,0,1,0,23.0,28.0,deux_roues,voiture,5,2,3,1,3
202000031142,2020-10-30 08:30:00,2020,10,30,8,30,13,13210,JEAN EUGENE CABASSUD (BOULEVARD),43.285072,5.413281,Plein jour,En agglomération,Hors intersection,Normale,Deux véhicules - arrière,4,3,2,0,1,1,1,0,1,50,2,2,1,0,0,1,32.0,35.0,voiture,voiture,1,2,1,1,2
202000031143,2020-10-30 11:35:00,2020,10,30,11,35,06,06069,PROVENCE (AVENUE DE),43.6558,6.9245,Plein jour,En agglomération,Hors intersection,Normale,Autre collision,3,2,-1,0,2,2,1,5,1,50,1,1,0,0,0,1,18.0,,deux_roues,,1,2,1,1,6
202000031144,2020-10-30 16:30:00,2020,10,30,16,30,06,06123,BORD DE MER RN 98,43.6566,7.1788,Crépuscule ou aube,En agglomération,Hors intersection,Normale,Autre collision,4,3,4,0,1,1,1,0,1,50,1,2,0,0,1,1,29.0,,deux_roues,,2,2,1,1,6
202000031145,2020-10-29 18:50:00,2020,10,29,18,50,05,05061,COMMANDANT DUMONT ( AVENUE),44.56729,6.08339,Nuit avec éclairage allumé,En agglomération,Intersection en T,Normale,Deux véhicules - côté,2,2,2,0,2,1,1,0,1,50,2,2,1,0,0,1,18.0,,voiture,,5,2,3,1,3
202000031146,2020-10-30 17:55:00,2020,10,30,17,55,75,75118,PORTE D AUBERVILLIERS,48.900844,2.367072,Nuit avec éclairage allumé,En agglomération,Hors intersection,Normale,Deux véhicules - côté,4,1,4,0,1,1,1,0,1,70,2,2,1,0,0,1,33.0,50.0,utilitaire_camion,deux_roues,5,2,1,1,3
202000031147,2020-10-29 22:00:00,2020,10,29,22,0,75,75117,PORTE MAILLOT,48.883034,2.283664,Nuit avec éclairage non allumé,En agglomération,Intersection en Y,Normale,Sans collision,4,1,4,0,1,1,2,0,1,70,1,1,0,0,0,1,23.0,,deux_roues,,4,2,4,1,7
202000031148,2020-08-03 18:45:00,2020,8,3,18,45,13,13201,CANEBIERE    81 A FIN,43.29867,5.38421,Crépuscule ou aube,En agglomération,Autre intersection,Normale,Autre collision,4,-1,1,0,2,1,1,0,8,50,1,1,0,0,1,0,,,,,2,2,9,1,6
202000031149,2020-10-28 06:00:00,2020,10,28,6,0,75,75113,PORTE D ITALIE,48.817738,2.367338,Nuit avec éclairage allumé,En agglomération,Hors intersection,Normale,Trois véhicules et plus - en chaîne,4,-1,4,0,1,1,2,0,1,70,3,3,2,0,0,1,26.0,28.0,voiture,utilitaire_camion,5,2,1,1,4
202000031150,2020-07-31 09:00:00,2020,7,31,9,0,13,13075,L'ENJOLRAS (AVE DE),43.338949,5.453658,Plein jour,En agglomération,Hors intersection,Normale,Deux véhicules - frontale,3,2,-1,0,1,1,1,0,1,50,2,2,0,0,1,1,69.0,53.0,voiture,deux_roues,1,2,1,1,1
202000031151,2020-10-30 15:29:00,2020,10,30,15,29,75,75115,RUE LECOURBE,48.840282,2.295186,Plein jour,En agglomération,Intersection en T,Normale,Autre collision,4,2,3,1,1,1,1,-1,5,50,1,2,1,0,1,0,19.0,,deux_roues,,1,2,3,1,6
202000031152,2020-08-03 02:40:00,2020,8,3,2,40,13,13208,MENDES FRANCE (AVENUE),43.253699,5.376128,Nuit avec éclairage allumé,En agglomération,Hors intersection,Normale,Deux véhicules - côté,4,3,2,0,1,1,1,0,1,50,2,3,1,0,0,2,23.0,20.0,utilitaire_camion,utilitaire_camion,5,2,1,1,3
202000031153,2020-10-30 06:50:00,2020,10,30,6,50,75,75120,RUE SERPOLLET,48.86068,2.410369,Nuit avec éclairage non allumé,En agglomération,Hors intersection,Normale,Autre collision,4,1,1,0,1,1,1,0,1,50,1,1,0,0,0,1,50.0,,voiture,,4,2,1,1,6
202000031154,2020-08-03 21:10:00,2020,8,3,21,10,13,13047,AVENUE DE LA CRAU,43.5895,4.9419,Nuit avec éclairage allumé,En agglomération,Autre intersection,Normale,Autre collision,4,2,1,0,1,2,1,1,4,50,1,5,3,0,0,2,37.0,,voiture,,5,2,9,1,6
202000031155,2020-10-30 15:30:00,2020,10,30,15,30,75,75118,RUE LAMARCK,48.891122,2.329398,Plein jour,En agglomération,Intersection en X,Temps couvert,Autre collision,4,1,0,0,2,3,1,0,1,50,1,2,0,0,0,2,49.0,,deux_roues,,1,2,2,8,6
202000031156,2020-10-29 17:45:00,2020,10,29,17,45,75,75116,AVENUE DE MALAKOFF,48.87708,2.283465,Crépuscule ou aube,En agglomération,Intersection en T,Normale,Deux véhicules - côté,4,1,2,0,1,1,1,0,1,50,2,2,1,0,0,1,23.0,28.0,deux_roues,voiture,2,2,3,1,3
202000031157,2020-08-02 18:03:00,2020,8,2,18,3,10,10387,NOES (RUE DES),48.2968,4.0606,Plein jour,En agglomération,Hors intersection,Normale,Deux véhicules - arrière,4,2,2,0,1,1,1,0,1,50,2,3,2,0,0,1,24.0,45.0,deux_roues,voiture,1,2,1,1,2
202000031158,2020-10-29 13:00:00,2020,10,29,13,0,75,75116,AVENUE VICTOR HUGO,48.864725,2.273657,Plein jour,En agglomération,Hors intersection,Normale,Autre collision,4,2,2,0,1,1,1,0,1,50,1,2,1,0,0,1,28.0,,deux_roues,,1,2,1,1,6
202000031159,2020-08-03 11:00:00,2020,8,3,11,0,06,06123,DE GAULLE GENERAL AVENUE,43.667922,7.192187,Plein jour,En agglomération,Hors intersection,Normale,Deux véhicules - côté,4,2,2,0,1,1,1,0,1,50,2,2,1,0,0,1,47.0,21.0,voiture,deux_roues,1,2,1,1,3
202000031160,2020-10-30 08:45:00,2020,10,30,8,45,75,75115,RUE DU COTENTIN,48.838524,2.311538,Plein jour,En agglomération,Intersection en Y,Normale,Sans collision,4,2,1,0,2,1,1,0,1,50,1,1,0,0,0,1,30.0,,deux_roues,,1,2,4,1,7
202000031161,2020-08-03 02:05:00,2020,8,3,2,5,75,75118,BOULEVARD PERIPHERIQUE,48.90109,2.355213,Nuit avec éclairage allumé,En agglomération,Intersection en Y,Normale,Autre collision,4,1,4,0,1,1,1,0,1,70,1,1,0,0,0,1,28.0,,utilitaire_camion,,5,2,4,1,6
202000031162,2020-10-28 18:30:00,2020,10,28,18,30,75,75112,QUAI DE BERCY,48.834122,2.381295,Nuit avec éclairage allumé,En agglomération,Hors intersection,Pluie légère,Trois véhicules et plus - collisions multiples,4,1,3,0,2,1,2,0,1,50,3,3,2,0,0,1,24.0,27.0,deux_roues,utilitaire_camion,5,2,1,2,5
202000031163,2020-08-02 09:20:00,2020,8,2,9,20,75,75119,BOULEVARD PERIPHERIQUE INTERIEUR NORD  ,48.897784,2.393798,Plein jour,En agglomération,Hors intersection,Normale,Deux véhicules - arrière,4,1,4,0,1,1,1,0,1,70,2,4,1,0,1,2,23.0,54.0,voiture,voiture,1,2,1,1,2
202000031164,2020-10-30 14:30:00,2020,10,30,14,30,75,75111,RUE DE CHARONNE,48.856462,2.394213,Plein jour,En agglomération,Intersection en X,Normale,Deux véhicules - côté,4,2,0,0,1,1,1,0,1,50,2,2,1,0,0,1,27.0,39.0,deux_roues,deux_roues,1,2,2,1,3
202000031165,2020-10-29 23:50:00,2020,10,29,23,50,75,75109,BOULEVARD HAUSSMANN,48.8736,2.328345,Nuit avec éclairage allumé,En agglomération,Intersection en X,Normale,Autre collision,4,-1,1,3,1,1,1,6,1,50,1,1,0,0,1,0,32.0,,deux_roues,,5,2,2,1,6
202000031166,2020-08-03 17:00:00,2020,8,3,17,0,75,75119,RUE DE BELLEVILLE,48.874686,2.387775,Plein jour,En agglomération,Intersection en T,Normale,Autre collision,4,2,2,0,1,1,1,0,1,50,1,3,1,0,0,2,46.0,,voiture,,1,2,3,1,6
202000031167,2020-10-29 12:50:00,2020,10,29,12,50,75,75108,RUE DE COURCELLES,48.875404,2.308824,Plein jour,En agglomération,Intersection en T,Normale,Deux véhicules - arrière,4,2,3,0,2,1,2,0,1,30,2,4,3,0,0,1,65.0,30.0,voiture,voiture,1,2,3,1,2
202000031168,2020-08-03 15:50:00,2020,8,3,15,50,75,75118,RUE DE LA CHAPELLE,48.893314,2.359636,Plein jour,En agglomération,Intersection en T,Normale,Deux véhicules - arrière,4,2,4,0,1,1,1,0,1,50,2,2,1,0,0,1,28.0,53.0,deux_roues,voiture,1,2,3,1,2
202000031169,2020-10-29 12:50:00,2020,10,29,12,50,75,75108,BOULEVARD HAUSSMANN,48.875314,2.315787,Plein jour,En agglomération,Intersection à plus de 4 branches,Normale,Deux véhicules - côté,4,2,6,3,1,1,1,0,1,50,2,3,2,0,0,1,22.0,63.0,deux_roues,voiture,1,2,5,1,3
202000031170,2020-08-03 10:00:00,2020,8,3,10,0,75,75117,RUE DU CAPORAL PEUGEOT,48.88708,2.289566,Plein jour,En agglomération,Intersection en Y,Normale,Deux véhicules - côté,4,2,4,0,1,1,1,0,1,50,2,2,1,0,0,1,61.0,50.0,voiture,deux_roues,1,2,4,1,3
202000031171,2020-10-27 12:20:00,2020,10,27,12,20,75,75103,RUE DE BRETAGNE,48.861936,2.364599,Plein jour,En agglomération,Intersection à plus de 4 branches,Normale,Sans collision,4,1,1,0,1,1,2,0,1,50,1,1,0,0,1,0,46.0,,deux_roues,,1,2,5,1,7
202000031172,2020-07-25 17:30:00,2020,7,25,17,30,75,75117,BOULEVARD DES BATIGNOLLES,48.88187,2.318718,Plein jour,En agglomération,Intersection en T,Temps couvert,Sans collision,4,3,2,1,1,1,1,-1,5,50,1,1,0,0,0,1,6.0,,deux_roues,,1,2,3,8,7
202000031173,2020-07-26 19:20:00,2020,7,26,19,20,75,75101,RUE DE RIVOLI,48.863212,2.333801,Plein jour,En agglomération,Intersection en T,Normale,Sans collision,4,2,5,1,1,1,1,-1,5,50,1,1,0,0,0,1,47.0,,deux_roues,,1,2,3,1,7
202000031174,2020-08-02 18:08:00,2020,8,2,18,8,75,75116,VOIE GEORGES POMPIDOU,48.840301,2.268042,Plein jour,En agglomération,Hors intersection,Normale,Deux véhicules - frontale,4,2,2,1,1,1,1,-1,5,30,2,2,0,0,1,1,73.0,49.0,deux_roues,deux_roues,1,2,1,1,1
202000031175,2020-10-30 18:50:00,2020,10,30,18,50,94,94068,VARENNE (R DE LA),48.80761,2.47383,Nuit avec éclairage allumé,En agglomération,Hors intersection,Normale,Sans collision,4,2,2,0,1,3,1,5,1,50,1,1,0,0,0,1,16.0,,deux_roues,,5,2,1,1,7
202000031176,2020-08-03 17:05:00,2020,8,3,17,5,75,75114,PLACE DU VINGT CINQ AOUT 1944,48.823046,2.325492,Plein jour,En agglomération,Place,Normale,Deux véhicules - arrière,4,2,8,0,1,1,1,0,1,50,2,3,2,0,0,1,32.0,35.0,utilitaire_camion,voiture,1,2,7,1,2
202000031177,2020-10-29 14:45:00,2020,10,29,14,45,94,94068,SAINT BENOIT (R),48.8087936,2.5105423,Plein jour,En agglomération,Intersection en T,Normale,Deux véhicules - côté,4,1,2,0,1,1,1,0,1,50,2,2,1,0,0,1,55.0,25.0,voiture,utilitaire_camion,1,2,3,1,3
202000031178,2020-08-02 22:30:00,2020,8,2,22,30,75,75111,RUE OBERKAMPF,48.866404,2.380486,Nuit avec éclairage allumé,En agglomération,Intersection en T,Normale,Deux véhicules - arrière,4,2,2,3,1,1,1,-1,6,50,2,2,1,0,0,1,21.0,42.0,deux_roues,voiture,5,2,3,1,2
202000031179,2020-08-03 21:25:00,2020,8,3,21,25,75,75107,QUAI BRANLY,48.858971,2.293378,Nuit sans éclairage public,En agglomération,Intersection en X,Normale,Sans collision,4,2,8,0,1,1,1,0,1,50,1,2,0,0,0,2,21.0,,deux_roues,,3,2,2,1,7
202000031180,2020-10-28 17:20:00,2020,10,28,17,20,94,94041,PIERRE BROSSOLETTE (R),48.817095,2.381524,Plein jour,En agglomération,Intersection en Y,Temps couvert,Trois véhicules et plus - collisions multiples,4,1,1,0,1,1,1,0,1,50,3,3,2,0,0,1,20.0,15.0,voiture,voiture,1,2,4,8,5
202000031181,2020-10-30 09:15:00,2020,10,30,9,15,93,93045,PARIS RUE DE,48.8818464,2.4228329,Plein jour,En agglomération,Intersection en T,Normale,Deux véhicules - côté,3,2,2,0,1,1,1,0,1,50,2,2,1,0,0,1,52.0,41.0,voiture,deux_roues,1,2,3,1,3
202000031182,2020-08-03 17:55:00,2020,8,3,17,55,75,75107,BOULEVARD SAINT GERMAIN,48.854471,2.330459,Plein jour,En agglomération,Intersection en X,Normale,Deux véhicules - côté,4,1,4,3,1,1,1,-1,6,50,2,4,2,0,0,2,35.0,21.0,transport_commun,utilitaire_camion,1,2,2,1,3
202000031183,2020-10-28 21:50:00,2020,10,28,21,50,93,93006,REPUBLIQUE AVENUE DE LA,48.8623999,2.4161491,Nuit avec éclairage allumé,En agglomération,Intersection en X,Normale,Deux véhicules - côté,3,2,2,1,1,1,1,5,1,50,2,2,1,0,1,0,22.0,32.0,deux_roues,deux_roues,5,2,2,1,3
202000031184,2020-08-03 19:40:00,2020,8,3,19,40,75,75104,RUE DE TURENNE,48.854574,2.36294,Plein jour,En agglomération,Intersection en T,Normale,Sans collision,4,2,2,0,1,1,1,0,1,50,1,1,0,0,0,1,40.0,,deux_roues,,1,2,3,1,7
202000031185,2020-10-30 07:01:00,2020,10,30,7,1,93,93029,BOIS D'AMOUR (AVENUE DU),48.9145416,2.461141,Plein jour,En agglomération,Intersection en T,Normale,Autre collision,3,2,1,0,1,1,1,0,1,50,1,2,1,0,0,1,22.0,,voiture,,1,2,3,1,6
202000031186,2020-08-03 07:15:00,2020,8,3,7,15,94,94078,PARIS (R DE),48.751,2.4452,Plein jour,En agglomération,Hors intersection,Temps couvert,Deux véhicules - côté,2,1,4,0,1,1,1,0,1,50,2,2,1,0,0,1,24.0,42.0,deux_roues,voiture,1,2,1,8,3
202000031187,2020-10-29 21:55:00,2020,10,29,21,55,93,93010,ALPY (RUE HENRI),48.9013624,2.4890183,Nuit avec éclairage allumé,En agglomération,Intersection en T,Normale,Deux véhicules - côté,3,2,2,0,1,1,1,0,1,30,2,2,1,0,0,1,29.0,27.0,deux_roues,voiture,5,2,3,1,3
202000031188,2020-08-02 19:00:00,2020,8,2,19,0,94,94068,MOULIN (R DU),48.7886982,2.5052315,Plein jour,En agglomération,Intersection en X,Normale,Deux véhicules - côté,4,2,2,0,1,1,1,0,1,50,2,4,3,0,0,1,30.0,17.0,voiture,deux_roues,1,2,2,1,3
202000031189,2020-08-01 11:20:00,2020,8,1,11,20,94,94065,CIRCULAIRE (boulevard),48.75389,2.35741,Plein jour,Hors agglomération,Hors intersection,Normale,Deux véhicules - arrière,9,1,3,0,1,3,1,0,1,50,2,2,1,0,0,1,51.0,20.0,deux_roues,voiture,1,1,1,1,2
202000031190,2020-10-29 17:40:00,2020,10,29,17,40,92,92046,GABRIEL PERI,48.8192,2.2978,Nuit avec éclairage allumé,En agglomération,Intersection en X,Normale,Deux véhicules - côté,3,3,4,0,1,1,1,5,1,50,2,2,1,0,1,0,36.0,23.0,deux_roues,voiture,5,2,2,1,3
202000031191,2020-08-03 08:40:00,2020,8,3,8,40,93,93073,CHAPIT RE ( RUE DU),49.002219,2.5369412,Plein jour,Hors agglomération,Hors intersection,Normale,Trois véhicules et plus - collisions multiples,9,1,2,0,1,1,1,0,1,50,3,4,3,0,0,1,31.0,57.0,voiture,voiture,1,1,1,1,5
202000031192,2020-10-30 20:55:00,2020,10,30,20,55,92,92073,RATRAIT (RUE DU),48.8771078,2.2294274,Nuit avec éclairage allumé,En agglomération,Hors intersection,Normale,Deux véhicules - côté,4,2,2,0,2,1,1,0,1,50,2,2,1,0,0,1,24.0,58.0,deux_roues,voiture,5,2,1,1,3
202000031193,2020-08-03 17:40:00,2020,8,3,17,40,93,93066,REPUBLIQUE,48.9366652,2.3533134,Plein jour,En agglomération,Hors intersection,Normale,Sans collision,4,-1,0,0,1,1,1,6,6,30,1,1,0,0,0,1,22.0,,deux_roues,,1,2,1,1,7
202000031194,2020-08-03 04:00:00,2020,8,3,4,0,93,93077,R DE LA FOSSE AUX BERGERS,48.8891873,2.4953883,Nuit avec éclairage allumé,En agglomération,Hors intersection,Normale,Autre collision,3,2,2,0,1,1,1,0,4,50,1,4,2,0,0,2,19.0,,voiture,,5,2,1,1,6
202000031195,2020-08-03 12:35:00,2020,8,3,12,35,93,93053,HENRI BARBUSSE (RUE),48.8924178,2.4558365,Plein jour,En agglomération,Intersection en X,Normale,Autre collision,3,1,2,0,1,1,1,0,1,30,1,2,1,0,0,1,30.0,,voiture,,1,2,2,1,6
202000031196,2020-08-03 07:45:00,2020,8,3,7,45,93,93046,R JACOB / R JEAN JACQUES ROUSSEAU,48.92745,2.54351,Plein jour,En agglomération,Intersection en T,Normale,Autre collision,4,2,2,0,1,1,1,0,4,50,1,1,0,0,0,1,22.0,,voiture,,1,2,3,1,6
202000031197,2020-08-03 20:30:00,2020,8,3,20,30,93,93032,VIOLETTES (AVENUE DES),48.8946,2.5467,Plein jour,En agglomération,Intersection en T,Normale,Deux véhicules - côté,4,-1,2,0,1,1,1,1,1,50,2,2,1,0,0,1,23.0,27.0,voiture,voiture,1,2,3,1,3
202000031198,2020-08-03 14:11:00,2020,8,3,14,11,93,93027,R ROSA PARKS,48.92401,2.39706,Plein jour,En agglomération,Hors intersection,Normale,Deux véhicules - côté,4,2,2,0,1,1,1,0,1,50,2,2,1,0,0,1,31.0,50.0,deux_roues,voiture,1,2,1,1,3
202000031199,2020-08-03 19:20:00,2020,8,3,19,20,93,93010,AULNAY (ROUTE) COTE PAIRE DE 2 A FIN,48.9108999,2.4806491,Plein jour,En agglomération,Hors intersection,Normale,Autre collision,4,2,4,0,2,1,1,0,1,50,1,2,1,0,0,1,30.0,,voiture,,1,2,1,1,6
202000031200,2020-08-01 13:15:00,2020,8,1,13,15,93,93007,8 MAI 45 (AVENUE DU 1 AU 182),48.94224,2.43272,Plein jour,En agglomération,Autre intersection,Normale,Deux véhicules - côté,3,1,3,3,1,1,1,0,1,50,2,2,1,0,0,1,34.0,59.0,deux_roues,voiture,1,2,9,1,3
202000031201,2020-08-03 18:45:00,2020,8,3,18,45,92,92075,JEAN JAURES (AVENUE),48.82583,2.29064,Plein jour,En agglomération,Intersection en X,Normale,Autre collision,4,2,2,0,1,1,1,0,1,30,1,2,1,0,1,0,28.0,,utilitaire_camion,,1,2,2,1,6
202000031202,2020-08-03 18:45:00,2020,8,3,18,45,35,35195,La Haute Pilais,48.288847,-1.688515,Plein jour,Hors agglomération,Hors intersection,Normale,Deux véhicules - frontale,4,2,2,0,1,2,1,0,1,80,2,2,1,0,1,0,62.0,19.0,utilitaire_camion,deux_roues,1,1,1,1,1
202000031203,2020-08-04 07:00:00,2020,8,4,7,0,91,91390,D49,48.321545,2.094513,Plein jour,Hors agglomération,Hors intersection,Normale,Deux véhicules - frontale,3,2,2,0,1,1,1,0,1,80,2,2,0,1,1,0,53.0,34.0,voiture,voiture,1,1,1,1,1
202000031204,2020-07-26 12:30:00,2020,7,26,12,30,84,84069,D974,44.155973,5.147406,Plein jour,Hors agglomération,Hors intersection,Normale,Deux véhicules - côté,3,2,2,0,2,3,1,0,1,80,2,4,3,0,1,0,51.0,29.0,voiture,deux_roues,1,1,1,1,3
202000031205,2020-08-04 06:26:00,2020,8,4,6,26,01,01209,D1206,46.118287,5.885416,Crépuscule ou aube,Hors agglomération,Hors intersection,Normale,Autre collision,3,2,2,0,4,3,2,0,3,80,1,3,0,0,0,3,23.0,,voiture,,2,1,1,1,6
202000031206,2020-08-03 16:15:00,2020,8,3,16,15,22,22020,N12PR 09+800,48.312203,-2.241291,Plein jour,Hors agglomération,Hors intersection,Normale,Sans collision,2,3,4,0,1,1,1,0,8,110,1,1,0,0,0,1,71.0,,voiture,,1,1,1,1,7
202000031207,2020-08-02 10:20:00,2020,8,2,10,20,62,62233,D940,50.3517076,1.6483892,Plein jour,Hors agglomération,Autre intersection,Normale,Deux véhicules - côté,3,2,2,1,1,1,1,0,5,80,2,2,1,0,0,1,58.0,73.0,voiture,deux_roues,1,1,9,1,3
202000031208,2020-08-03 20:45:00,2020,8,3,20,45,56,56054,Rue Abbé le Barh,47.640982,-3.1583527,Plein jour,Hors agglomération,Intersection en X,Normale,Deux véhicules - côté,4,2,2,0,1,1,1,0,1,50,2,5,2,0,0,3,20.0,21.0,voiture,voiture,1,1,2,1,3
202000031209,2020-08-01 20:00:00,2020,8,1,20,0,74,74288,Route de Grateloup,46.112467,5.970214,Plein jour,Hors agglomération,Hors intersection,Normale,Deux véhicules - frontale,4,2,2,0,1,1,1,0,1,50,2,3,2,0,1,0,30.0,17.0,voiture,deux_roues,1,1,1,1,1
202000031210,2020-08-03 12:30:00,2020,8,3,12,30,82,82117,D47,44.34321,0.947844,Plein jour,Hors agglomération,Hors intersection,Normale,Autre collision,3,2,2,0,2,1,1,0,3,80,1,1,0,0,1,0,15.0,,deux_roues,,1,1,1,1,6
202000031211,2020-08-02 01:00:00,2020,8,2,1,0,32,32306,D123,43.869266,0.60485,Nuit sans éclairage public,Hors agglomération,Hors intersection,Normale,Autre collision,3,2,2,0,1,1,1,0,3,80,1,1,0,0,1,0,34.0,,voiture,,3,1,1,1,6
202000031212,2020-07-27 15:30:00,2020,7,27,15,30,32,32382,D939,43.75853,0.374275,Plein jour,Hors agglomération,Hors intersection,Normale,Deux véhicules - frontale,3,2,2,0,1,3,1,0,1,80,2,2,0,0,2,0,58.0,19.0,voiture,voiture,1,1,1,1,1
202000031213,2020-08-04 16:00:00,2020,8,4,16,0,89,89069,D30,48.102208,3.674884,Plein jour,Hors agglomération,Hors intersection,Normale,Sans collision,3,2,2,0,1,1,1,0,1,80,1,1,0,0,1,0,55.0,,deux_roues,,1,1,1,1,7
202000031214,2020-08-03 19:54:00,2020,8,3,19,54,61,61323,D920,48.47571,0.936381,Plein jour,Hors agglomération,Hors intersection,Normale,Autre collision,3,2,2,0,2,4,1,0,3,90,1,2,0,0,0,2,48.0,,deux_roues,,1,1,1,1,6