accident_id,datetime,annee,mois,jour,heure,minute,departement,commune_insee,adresse,latitude,longitude,luminosite,agglomeration,intersection,meteo,collision,catr,circ,nbv,vosp,prof,plan,surf,infra,situ,vma,nb_vehicules,nb_usagers,nb_indemnes,nb_tues,nb_blesses_hosp,nb_blesses_legers,age_cond_1,age_cond_2,veh_type_cond_1,veh_type_cond_2,lum_code,agg_code,int_code,atm_code,col_code
202000031311,2020-07-31 12:10:00,2020,7,31,12,10,69,69020,361 Allee des Varennes,45.8655917,4.6677667,Plein jour,En agglomération,Hors intersection,Normale,,4,-1,2,0,2,2,1,0,1,50,2,3,2,0,1,0,44.0,49.0,voiture,utilitaire_camion,1,2,1,1,-1
202000031312,2020-07-30 11:35:00,2020,7,30,11,35,69,69116,Route du Mont Verdun,45.841208,4.777647,Plein jour,Hors agglomération,Hors intersection,Normale,Deux véhicules - côté,3,2,2,0,2,3,1,0,1,50,2,2,1,0,1,0,76.0,72.0,voiture,deux_roues,1,1,1,1,3
202000031313,2020-08-03 20:15:00,2020,8,3,20,15,85,85189,Notre-Dame-de-Riez,46.748911,-1.869285,Plein jour,Hors agglomération,Hors intersection,Normale,Deux véhicules - frontale,3,2,2,0,2,2,1,0,1,80,2,2,0,0,0,2,36.0,23.0,voiture,voiture,1,1,1,1,1
202000031314,2020-06-03 07:55:00,2020,6,3,7,55,13,13215,A7-Sens Marseille vers Lyon,43.3759232,5.3598128,Plein jour,Hors agglomération,Hors intersection,Normale,Trois véhicules et plus - collisions multiples,1,-1,3,0,1,1,1,0,1,90,3,3,1,0,0,2,35.0,43.0,utilitaire_camion,utilitaire_camion,1,1,1,1,5
202000031315,2020-08-04 08:05:00,2020,8,4,8,5,56,56167,Pont Sal,47.666796,-2.915465,Plein jour,Hors agglomération,Hors intersection,Normale,Autre collision,3,2,2,0,3,2,1,0,3,80,1,1,0,0,1,0,48.0,,deux_roues,,1,1,1,1,6
202000031316,2020-08-03 14:40:00,2020,8,3,14,40,13,13215,A7-Sens Lyon vers Marseille,43.38045,5.35008,Plein jour,Hors agglomération,Hors intersection,Normale,Deux véhicules - arrière,1,-1,3,0,1,1,1,0,1,90,2,2,1,0,0,1,59.0,87.0,deux_roues,voiture,1,1,1,1,2
202000031317,2020-08-03 14:50:00,2020,8,3,14,50,33,33550,ROCADE A 630,44.77784,-0.55761,Plein jour,Hors agglomération,Hors intersection,Normale,Trois véhicules et plus - collisions multiples,1,3,6,0,1,1,1,0,1,90,3,4,3,0,0,1,22.0,34.0,voiture,utilitaire_camion,1,1,1,1,5
202000031318,2020-06-03 14:10:00,2020,6,3,14,10,94,94034,AUTOROUTE A86,48.7594971,2.3224126,Plein jour,Hors agglomération,Hors intersection,Normale,Trois véhicules et plus - en chaîne,1,2,2,0,2,1,1,0,1,70,3,3,2,0,0,1,53.0,40.0,voiture,autre,1,1,1,1,4
202000031319,2020-08-03 14:45:00,2020,8,3,14,45,33,33143,AUTOROUTE A 10,44.97548,-0.43342,Plein jour,Hors agglomération,Hors intersection,Normale,Trois véhicules et plus - en chaîne,1,3,6,0,1,1,1,0,1,130,5,9,7,0,0,2,24.0,27.0,voiture,voiture,1,1,1,1,4
202000031320,2020-08-03 00:05:00,2020,8,3,0,5,33,33075,ROCADE A 630,44.88944,-0.61754,Nuit avec éclairage non allumé,Hors agglomération,Hors intersection,Normale,Autre collision,1,3,4,0,1,2,1,3,1,70,1,1,0,0,0,1,51.0,,deux_roues,,4,1,1,1,6
202000031321,2020-06-02 17:45:00,2020,6,2,17,45,78,78043,A12 W,48.83473,2.08707,Plein jour,Hors agglomération,Hors intersection,Normale,Deux véhicules - arrière,1,3,3,3,1,1,1,0,1,110,2,2,1,0,0,1,33.0,41.0,voiture,deux_roues,1,1,1,1,2
202000031322,2020-08-01 00:40:00,2020,8,1,0,40,62,62186,AUTOROUTE A21,50.435122,2.724953,Nuit sans éclairage public,Hors agglomération,Hors intersection,Normale,Deux véhicules - arrière,1,-1,4,0,1,1,1,0,1,110,2,2,1,1,0,0,31.0,26.0,voiture,voiture,3,1,1,1,2
202000031323,2020-06-02 19:50:00,2020,6,2,19,50,95,95277, A3,48.98332,2.50131,Plein jour,Hors agglomération,Hors intersection,Normale,Autre collision,1,3,4,0,1,1,1,3,1,90,1,1,0,0,1,0,21.0,,voiture,,1,1,1,1,6
202000031324,2020-08-03 13:54:00,2020,8,3,13,54,91,91136,RN20,48.70551,2.28749,Plein jour,Hors agglomération,Hors intersection,Normale,Deux véhicules - arrière,2,3,4,0,4,2,1,0,1,90,2,2,1,0,1,0,26.0,23.0,utilitaire_camion,deux_roues,1,1,1,1,2
202000031325,2020-06-02 17:45:00,2020,6,2,17,45,95,95572, A15,49.03447,2.10165,Plein jour,Hors agglomération,Hors intersection,Normale,Trois véhicules et plus - collisions multiples,1,3,4,0,1,1,1,0,1,90,3,3,2,0,0,1,33.0,49.0,deux_roues,voiture,1,1,1,1,5
202000031326,2020-06-02 11:08:00,2020,6,2,11,8,60,60631,AUTOROUTE A1,49.15263,2.5861,Plein jour,Hors agglomération,Hors intersection,Normale,Deux véhicules - côté,1,3,6,0,1,1,1,0,1,130,2,2,1,0,0,1,21.0,35.0,voiture,utilitaire_camion,1,1,1,1,3
202000031327,2020-08-03 18:30:00,2020,8,3,18,30,93,93053,AUTOROUTE A3,48.8852,2.4717,Plein jour,Hors agglomération,Hors intersection,Pluie forte,Deux véhicules - côté,1,3,4,0,1,3,2,0,1,70,2,2,1,0,0,1,54.0,38.0,utilitaire_camion,voiture,1,1,1,3,3
202000031328,2020-06-02 18:20:00,2020,6,2,18,20,974,97411,RIVIERE DES PLUIES (ROUTE DE LA),-20.90214,55.50329,Crépuscule ou aube,En agglomération,Giratoire,Normale,Deux véhicules - côté,2,1,2,1,2,3,1,5,1,50,2,2,1,0,0,1,39.0,34.0,voiture,deux_roues,2,2,6,1,3
202000031329,2020-08-03 08:00:00,2020,8,3,8,0,94,94015,A4,48.83261,2.53306,Plein jour,Hors agglomération,Hors intersection,Normale,Deux véhicules - côté,1,3,4,0,1,1,1,0,1,110,2,3,2,0,0,1,32.0,71.0,deux_roues,voiture,1,1,1,1,3
202000031330,2020-06-02 09:30:00,2020,6,2,9,30,974,97411,Boulevard Jean Jaurès,-20.8887,55.44641,Plein jour,En agglomération,Intersection en X,Normale,Deux véhicules - côté,2,1,2,0,1,1,1,0,1,50,2,2,1,0,0,1,59.0,58.0,deux_roues,voiture,1,2,2,1,3
202000031331,2020-08-02 04:25:00,2020,8,2,4,25,988,98818,BOULEVARD EXTERIEUR,-22.2749,166.44928,Nuit avec éclairage allumé,En agglomération,Hors intersection,Normale,Deux véhicules - arrière,4,1,2,0,1,1,1,0,1,50,2,2,1,0,0,1,30.0,20.0,deux_roues,voiture,5,2,1,1,2
202000031332,2020-06-02 22:30:00,2020,6,2,22,30,69,69259,ANDRE SENTUC                        (R ),45.71072,4.86565,Nuit sans éclairage public,En agglomération,Hors intersection,Normale,Autre collision,4,2,2,0,1,2,1,0,1,50,1,1,0,0,0,1,23.0,,voiture,,3,2,1,1,6
202000031333,2020-06-02 21:10:00,2020,6,2,21,10,69,69387,Avenue Jean Jaurès,45.75047,4.8449,Crépuscule ou aube,En agglomération,Intersection en X,Normale,Sans collision,4,2,4,3,1,1,1,0,1,50,1,1,0,0,0,1,23.0,,deux_roues,,2,2,2,1,7
202000031334,2020-08-02 18:30:00,2020,8,2,18,30,988,98818,ROUTE EXPRESS DU MONT DORE,-22.22576,166.49221,Nuit sans éclairage public,En agglomération,Hors intersection,Pluie légère,Deux véhicules - frontale,1,2,2,0,1,1,2,0,1,70,2,7,3,0,0,4,47.0,24.0,voiture,voiture,3,2,1,2,1
202000031335,2020-05-28 09:30:00,2020,5,28,9,30,91,91339,BENOIST ROBERT (AVENUE),48.63494,2.26617,Plein jour,En agglomération,Intersection en X,Normale,Deux véhicules - arrière,2,3,4,0,1,1,1,0,1,50,2,4,1,0,0,3,52.0,51.0,utilitaire_camion,voiture,1,2,2,1,2
202000031336,2020-08-02 04:45:00,2020,8,2,4,45,974,97416,LIGNE PARADIS(ROUTE DE LA),-21.29954,55.45687,Nuit avec éclairage allumé,Hors agglomération,Hors intersection,Pluie légère,Sans collision,3,2,2,0,1,4,2,2,1,50,1,1,0,0,0,1,22.0,,deux_roues,,5,1,1,2,7
202000031337,2020-05-29 16:30:00,2020,5,29,16,30,89,89024,LYAUTEY (BOULEVARD),47.7952,3.55068,Plein jour,En agglomération,Intersection en X,Normale,Deux véhicules - côté,3,2,2,0,1,1,1,0,1,50,2,2,1,0,1,0,45.0,54.0,voiture,deux_roues,1,2,2,1,3
202000031338,2020-08-01 11:49:00,2020,8,1,11,49,69,69388,AMBROISE PARE                       (BD),45.7379,4.88452,Plein jour,En agglomération,Intersection en X,Temps éblouissant,Deux véhicules - frontale,4,2,4,1,1,1,1,0,1,50,2,2,1,0,0,1,30.0,55.0,voiture,deux_roues,1,2,2,7,1
202000031339,2020-06-02 07:06:00,2020,6,2,7,6,87,87065,RD 704A,45.79442,1.29528,Crépuscule ou aube,Hors agglomération,Hors intersection,Normale,Autre collision,3,2,2,0,2,4,1,0,1,70,1,1,0,0,0,1,55.0,,utilitaire_camion,,2,1,1,1,6
202000031340,2020-05-31 18:39:00,2020,5,31,18,39,87,87048,VEYRINAS (LIEU DIT),45.7708,1.25028,Plein jour,Hors agglomération,Hors intersection,Normale,Autre collision,4,2,2,0,1,2,1,0,1,80,1,1,0,0,0,1,54.0,,deux_roues,,1,1,1,1,6
202000031341,2020-07-22 04:40:00,2020,7,22,4,40,971,97113,BAS DU FORT,16.22133,-61.52212,Nuit avec éclairage allumé,Hors agglomération,Hors intersection,Pluie légère,Autre collision,2,3,4,0,2,2,2,0,1,90,1,2,0,0,1,1,20.0,,voiture,,5,1,1,2,6
202000031342,2020-05-30 11:18:00,2020,5,30,11,18,87,87085,GIFFARD (RUE HENRI),45.8704444,1.2680572,Plein jour,En agglomération,Hors intersection,Normale,Deux véhicules - arrière,4,4,3,0,1,1,1,0,1,50,2,3,2,0,0,1,33.0,39.0,voiture,voiture,1,2,1,1,2
202000031343,2020-08-02 07:00:00,2020,8,2,7,0,83,83137,JUIN (AVE ALPHONSE),43.12031,5.94921,Plein jour,En agglomération,Hors intersection,Normale,Trois véhicules et plus - en chaîne,4,1,4,0,1,1,1,0,1,50,3,3,1,0,0,2,48.0,40.0,voiture,voiture,1,2,1,1,4
202000031344,2020-05-29 14:51:00,2020,5,29,14,51,87,87085,BAUDIN ( AVENUE) (VC),45.817,1.2514,Plein jour,En agglomération,Hors intersection,Normale,Autre collision,4,2,2,0,1,1,1,0,1,50,1,1,0,0,0,1,15.0,,deux_roues,,1,2,1,1,6
202000031345,2020-08-01 18:45:00,2020,8,1,18,45,83,83137,FUSILIERS MARINS (AVE DES),43.12748,5.9063,Plein jour,En agglomération,Hors intersection,Normale,,4,2,1,0,1,1,1,0,1,30,2,2,1,0,0,1,66.0,43.0,deux_roues,voiture,1,2,1,1,-1
202000031346,2020-05-31 05:22:00,2020,5,31,5,22,87,87085,VIGENAL (BOULEVARD DU),45.85244,1.25498,Nuit avec éclairage allumé,En agglomération,Intersection en X,Normale,Deux véhicules - côté,4,2,2,0,2,1,1,5,1,50,2,1,0,0,0,1,28.0,,voiture,,5,2,2,1,3
202000031347,2020-08-02 19:20:00,2020,8,2,19,20,83,83069,Avenue Léopold Ritondale,43.119389,6.151549,Plein jour,En agglomération,Hors intersection,Normale,Deux véhicules - arrière,3,1,4,0,1,1,1,0,1,70,2,2,1,0,0,1,43.0,38.0,voiture,voiture,1,2,1,1,2
202000031348,2020-05-29 23:10:00,2020,5,29,23,10,87,87085,FOUGERAS (RUE DE),45.8617034,1.2882918,Nuit avec éclairage allumé,En agglomération,Hors intersection,Normale,Sans collision,3,3,4,0,1,2,1,0,1,50,1,1,0,0,0,1,22.0,,deux_roues,,5,2,1,1,7
202000031349,2020-08-01 17:40:00,2020,8,1,17,40,83,83069,MARINE (BOULEVARD DE LA),43.09,6.16,Plein jour,En agglomération,Hors intersection,Normale,Deux véhicules - arrière,4,2,1,0,1,1,1,0,1,50,2,6,4,0,0,2,26.0,64.0,utilitaire_camion,utilitaire_camion,1,2,1,1,2
202000031350,2020-06-01 19:10:00,2020,6,1,19,10,83,83069,CRAU (ROUTE DE LA ),43.12842,6.0932,Plein jour,Hors agglomération,Hors intersection,Normale,Deux véhicules - frontale,3,2,2,0,1,1,1,0,1,70,2,7,5,0,0,2,54.0,25.0,voiture,voiture,1,1,1,1,1
202000031351,2020-07-31 19:10:00,2020,7,31,19,10,83,83069,MOULIN (AVENUE JEAN),43.1136,6.129,Plein jour,En agglomération,Intersection en T,Normale,Deux véhicules - côté,3,1,3,0,1,1,1,0,5,50,2,2,1,0,0,1,37.0,63.0,utilitaire_camion,deux_roues,1,2,3,1,3
202000031352,2020-06-01 10:50:00,2020,6,1,10,50,80,80164,ROND POINT ACCES ROCADE,49.90408,2.363,Plein jour,En agglomération,Hors intersection,Normale,Deux véhicules - côté,4,2,2,0,1,1,1,0,1,70,2,2,1,0,0,1,69.0,64.0,deux_roues,voiture,1,2,1,1,3
202000031353,2020-08-02 16:00:00,2020,8,2,16,0,77,77058,GUTEMBERG  (RUE   ),48.83241,2.73805,Plein jour,En agglomération,Autre intersection,Normale,Deux véhicules - frontale,4,2,2,0,1,1,1,0,1,50,2,2,1,0,0,1,19.0,22.0,deux_roues,voiture,1,2,9,1,1
202000031354,2020-06-01 10:10:00,2020,6,1,10,10,80,80021,ROGER DUMOULIN (AVENUE),49.94553,2.27724,Plein jour,En agglomération,Hors intersection,Normale,Deux véhicules - côté,4,2,2,0,1,2,1,0,1,50,2,2,1,0,0,1,54.0,25.0,deux_roues,voiture,1,2,1,1,3
202000031355,2020-05-31 12:20:00,2020,5,31,12,20,80,80021,DOULLENS (RUE DE),49.90629,2.30514,Plein jour,En agglomération,Hors intersection,Normale,Deux véhicules - frontale,4,2,2,0,4,1,1,0,1,50,2,2,1,0,0,1,13.0,25.0,deux_roues,voiture,1,2,1,1,1
202000031356,2020-05-29 09:10:00,2020,5,29,9,10,79,79191,69 Rue des Sablières,46.33346,-0.44887,Plein jour,En agglomération,Hors intersection,Normale,Autre collision,4,2,2,0,1,1,1,9,1,50,1,1,0,0,0,1,50.0,,deux_roues,,1,2,1,1,6
202000031357,2020-07-25 01:30:00,2020,7,25,1,30,62,62893,MITTERRAND ( Ave. François ),50.77353,1.612315,Nuit avec éclairage allumé,En agglomération,Intersection en X,Normale,Deux véhicules - côté,3,2,2,0,2,3,1,0,1,50,2,3,2,0,1,0,20.0,20.0,voiture,deux_roues,5,2,2,1,3
202000031358,2020-05-15 16:35:00,2020,5,15,16,35,77,77320,D216,48.82286,3.03459,Plein jour,En agglomération,Hors intersection,Normale,,3,2,2,0,1,3,1,0,1,50,2,2,1,0,1,0,28.0,63.0,deux_roues,voiture,1,2,1,1,-1
202000031359,2020-07-31 23:00:00,2020,7,31,23,0,62,62350,NATIONALE 41 ( EX ROUTE ),50.5041,2.6137,Nuit sans éclairage public,Hors agglomération,Hors intersection,Normale,,3,2,2,0,1,1,1,0,1,80,4,8,1,0,0,7,19.0,20.0,voiture,voiture,3,1,1,1,-1
202000031360,2020-06-01 19:02:00,2020,6,1,19,2,76,76498,JAURES. AVENUE JEAN,49.4271978,1.0655665,Plein jour,En agglomération,Hors intersection,Normale,Sans collision,3,2,2,3,1,1,1,0,6,50,1,1,0,0,1,0,30.0,,deux_roues,,1,2,1,1,7
202000031361,2020-05-31 15:20:00,2020,5,31,15,20,76,76165,REPUBLIQUE. RUE DE LA,49.2837882,1.0164347,Plein jour,En agglomération,Intersection en T,Normale,,3,1,1,0,1,1,1,-1,1,30,2,1,0,0,1,0,30.0,,deux_roues,,1,2,3,1,-1
202000031362,2020-08-02 17:15:00,2020,8,2,17,15,60,60159,carrefour de l'abbaye,49.39241,2.80224,Plein jour,En agglomération,Autre intersection,Normale,Deux véhicules - côté,3,1,2,0,1,3,1,0,1,50,2,3,2,0,0,1,71.0,50.0,utilitaire_camion,deux_roues,1,2,9,1,3
202000031363,2020-05-31 23:10:00,2020,5,31,23,10,76,76305,BREQUE (Route de la),49.49005,0.1963,Nuit avec éclairage allumé,En agglomération,Passage à niveau,Normale,Autre collision,4,2,2,0,1,1,1,4,3,50,1,1,0,1,0,0,33.0,,deux_roues,,5,2,8,1,6
202000031364,2020-05-31 02:45:00,2020,5,31,2,45,76,76270,RD 6382,49.53056,0.12941,Nuit sans éclairage public,Hors agglomération,Hors intersection,Normale,Sans collision,3,3,4,0,1,3,1,0,1,90,1,1,0,0,0,1,,,,,3,1,1,1,7
202000031365,2020-07-28 15:55:00,2020,7,28,15,55,60,60057,RD 901,49.44002,2.11311,Plein jour,En agglomération,Autre intersection,Normale,Deux véhicules - côté,3,2,4,0,1,1,1,0,3,90,2,4,1,0,0,3,24.0,57.0,utilitaire_camion,voiture,1,2,9,1,3
202000031366,2020-06-01 17:24:00,2020,6,1,17,24,76,76351,PIERRE GUINARD,49.4852,0.13004,Plein jour,En agglomération,Intersection en X,Normale,Deux véhicules - côté,4,2,1,0,1,1,1,0,1,50,2,4,2,0,0,2,21.0,55.0,voiture,voiture,1,2,2,1,3
202000031367,2020-08-01 13:50:00,2020,8,1,13,50,60,60057,CLERMONT (RUE DE ) IMPAIR-COROT A  RD PO,49.43134,2.11712,Plein jour,En agglomération,Intersection en Y,Temps couvert,,4,2,2,0,1,2,1,0,1,50,2,1,0,0,1,0,21.0,,deux_roues,,1,2,4,8,-1
202000031368,2020-06-01 18:20:00,2020,6,1,18,20,74,74218,DRANSE (RUE DU PONT DE),46.38406,6.51338,Plein jour,En agglomération,Intersection en T,Normale,Deux véhicules - côté,3,1,1,0,1,1,1,0,1,50,2,2,1,0,1,0,55.0,35.0,deux_roues,utilitaire_camion,1,2,3,1,3
202000031369,2020-08-02 22:15:00,2020,8,2,22,15,59,59512,FOURMIES (BOULEVARD DE),50.67655,3.17964,Nuit avec éclairage allumé,En agglomération,Intersection en X,Normale,Deux véhicules - côté,4,2,2,0,1,1,1,0,1,50,2,3,2,0,1,0,27.0,23.0,voiture,deux_roues,5,2,2,1,3
202000031370,2020-06-02 06:50:00,2020,6,2,6,50,74,74118,18 AOUT (RUE DU),46.1693,6.2058,Plein jour,Hors agglomération,Intersection en Y,Normale,Deux véhicules - côté,3,2,2,0,1,1,1,2,1,70,2,2,1,0,0,1,38.0,51.0,voiture,voiture,1,1,4,1,3
202000031371,2020-08-02 17:47:00,2020,8,2,17,47,37,37261,DELPERIER (RUE GEORGES),47.3923562,0.6769765,Plein jour,En agglomération,Hors intersection,Normale,Autre collision,4,1,1,0,1,1,1,0,1,50,1,2,1,0,0,1,31.0,,deux_roues,,1,2,1,1,6
202000031372,2020-05-31 18:25:00,2020,5,31,18,25,74,74012,ANNEXION (RUE DE L'),46.18579,6.24017,Plein jour,En agglomération,Hors intersection,Normale,Autre collision,4,2,2,0,1,1,1,0,1,50,1,2,1,0,0,1,67.0,,voiture,,1,2,1,1,6
202000031373,2020-08-02 15:00:00,2020,8,2,15,0,35,35055,BEAULIEU (PORTE DE),48.09889,-1.61433,Plein jour,Hors agglomération,Autre intersection,Normale,Deux véhicules - arrière,2,3,6,0,1,1,1,3,1,90,2,2,1,0,0,1,58.0,38.0,voiture,voiture,1,1,9,1,2
202000031374,2020-06-01 11:10:00,2020,6,1,11,10,72,72181,CHANZY (RUE) N° PAIRS 36 A N° 138,48.00036,0.20278,Plein jour,En agglomération,Hors intersection,Normale,,4,1,2,2,1,1,1,0,1,50,2,2,1,0,0,1,69.0,49.0,utilitaire_camion,deux_roues,1,2,1,1,-1
202000031375,2020-08-02 20:25:00,2020,8,2,20,25,33,33529,PORTES DE L'OCEAN (BD DES),44.61364,-1.15325,Plein jour,Hors agglomération,Intersection en Y,Normale,Autre collision,3,1,1,0,2,3,1,3,3,50,1,1,0,0,0,1,22.0,,deux_roues,,1,1,4,1,6
202000031376,2020-06-02 16:10:00,2020,6,2,16,10,69,69013,JOUX (avenue de),46.0093566,4.725571,Plein jour,En agglomération,Hors intersection,Normale,Trois véhicules et plus - en chaîne,3,2,0,0,1,1,1,0,1,50,3,4,3,0,0,1,61.0,29.0,voiture,voiture,1,2,1,1,4
202000031377,2020-08-01 12:25:00,2020,8,1,12,25,27,27229,CHURCHILL (AVENUE WINSTON),49.017,1.17,Plein jour,En agglomération,Hors intersection,Normale,Deux véhicules - arrière,4,2,2,0,1,1,1,0,1,50,2,2,1,0,0,1,27.0,68.0,voiture,deux_roues,1,2,1,1,2
202000031378,2020-06-01 17:40:00,2020,6,1,17,40,67,67482,SCHIRMECK (ROUTE DE),48.564388,7.705449,Plein jour,En agglomération,Hors intersection,Normale,Deux véhicules - côté,7,2,3,1,1,1,1,9,5,50,2,2,1,0,0,1,51.0,52.0,utilitaire_camion,deux_roues,1,2,1,1,3
202000031379,2020-06-01 17:24:00,2020,6,1,17,24,66,66136,JOFFRE (AVENUE DU MARECHAL CD 88),42.70716,2.89161,Plein jour,En agglomération,Hors intersection,Normale,Autre collision,4,2,2,0,1,1,1,0,1,50,1,2,1,0,0,1,82.0,,voiture,,1,2,1,1,6
202000031380,2020-08-02 18:40:00,2020,8,2,18,40,26,26198,2 Boulevard Marre Desmarais,44.560139,4.747924,Plein jour,En agglomération,Hors intersection,Temps couvert,Deux véhicules - frontale,4,1,1,0,1,1,1,0,8,30,2,2,1,0,0,1,17.0,78.0,deux_roues,voiture,1,2,1,8,1
202000031381,2020-06-01 14:00:00,2020,6,1,14,0,66,66136,PANCHOT (AVENUE JULIEN),42.69137,2.88222,Plein jour,En agglomération,Hors intersection,Normale,Deux véhicules - arrière,4,2,2,0,1,1,1,0,1,50,2,2,1,0,0,1,62.0,33.0,voiture,voiture,1,2,1,1,2
202000031382,2020-08-02 04:40:00,2020,8,2,4,40,26,26198,5 Avenue Agricol Perdiguier,44.571735,4.743106,Nuit avec éclairage allumé,En agglomération,Intersection en T,Normale,Autre collision,4,2,2,0,1,1,1,0,1,50,1,1,0,0,1,0,41.0,,voiture,,5,2,3,1,6
202000031383,2020-06-02 22:30:00,2020,6,2,22,30,65,65226,OURSBELILLE (ROUTE D'),43.24236,0.00549,Nuit avec éclairage allumé,Hors agglomération,Hors intersection,Normale,Sans collision,3,2,2,0,1,2,1,0,1,80,1,2,0,0,2,0,20.0,,deux_roues,,5,1,1,1,7
202000031384,2020-08-01 16:30:00,2020,8,1,16,30,26,26198,127 Route de Marseille,44.54173,4.74665,Plein jour,En agglomération,Hors intersection,Normale,Deux véhicules - arrière,4,2,2,0,1,1,1,0,1,50,2,3,2,0,0,1,37.0,42.0,voiture,voiture,1,2,1,1,2
202000031385,2020-06-02 09:50:00,2020,6,2,9,50,65,65331,LOURDES (AVENUE DE),43.210734,0.047829,Plein jour,En agglomération,Hors intersection,Normale,Deux véhicules - arrière,3,2,2,0,1,1,1,0,1,50,2,1,0,0,0,1,44.0,,deux_roues,,1,2,1,1,2
202000031386,2020-08-02 09:50:00,2020,8,2,9,50,21,21166,13 Boulevard Maréchal Leclerc,47.29314,5.013217,Plein jour,En agglomération,Intersection en X,Temps couvert,Autre collision,4,3,5,0,1,1,1,0,1,50,1,4,3,1,0,0,53.0,,voiture,,1,2,2,8,6
202000031387,2020-05-28 20:00:00,2020,5,28,20,0,62,62667,JOFFRE ( Ave.),50.707125,1.574243,Plein jour,En agglomération,Hors intersection,Normale,Autre collision,4,2,2,0,1,1,1,0,1,50,1,4,3,0,1,0,19.0,,voiture,,1,2,1,1,6
202000031388,2020-08-02 18:00:00,2020,8,2,18,0,17,17380,Parking Le Flandre,45.663428,-1.135158,Plein jour,Hors agglomération,Place,Normale,Deux véhicules - frontale,3,2,2,0,1,1,1,0,1,70,2,3,1,0,1,1,62.0,36.0,deux_roues,utilitaire_camion,1,1,7,1,1
202000031389,2020-05-31 12:30:00,2020,5,31,12,30,59,59178,CAMBRAI (PONT DE),50.3559449,3.0820137,Plein jour,En agglomération,Hors intersection,Normale,Sans collision,3,2,2,0,1,3,1,2,1,50,1,1,0,0,1,0,75.0,,deux_roues,,1,2,1,1,7
202000031390,2020-08-01 11:31:00,2020,8,1,11,31,17,17300,DUMONT   RUE DU GENERAL,46.15982,-1.1738,Plein jour,Hors agglomération,Hors intersection,Normale,Deux véhicules - côté,4,1,1,0,1,1,1,0,1,30,2,2,1,0,0,1,40.0,70.0,voiture,deux_roues,1,1,1,1,3
202000031391,2020-05-30 10:00:00,2020,5,30,10,0,59,59574,CONDORCET(RUE),50.3599,3.2823,Plein jour,En agglomération,Hors intersection,Normale,,4,1,1,0,1,1,1,0,1,50,2,2,1,0,1,0,62.0,67.0,deux_roues,voiture,1,2,1,1,-1
202000031392,2020-08-02 10:00:00,2020,8,2,10,0,15,15014,BOUDIEU (LIEU DIT) RN 122,44.896616,2.405895,Plein jour,Hors agglomération,Hors intersection,Normale,Deux véhicules - côté,2,1,1,0,1,2,1,5,1,80,2,2,1,0,0,1,51.0,57.0,deux_roues,voiture,1,1,1,1,3
202000031393,2020-05-30 16:34:00,2020,5,30,16,34,56,56121,DU GUESCLIN (RUE),47.74042,-3.37219,Plein jour,En agglomération,Hors intersection,Normale,Autre collision,4,2,2,0,1,1,1,0,1,50,1,1,0,0,0,1,24.0,,voiture,,1,2,1,1,6
202000031394,2020-06-02 08:48:00,2020,6,2,8,48,54,54431,DE GAULLE (AVENUE),48.90318,6.04243,Plein jour,En agglomération,Intersection en X,Normale,Autre collision,3,2,3,0,1,2,1,5,1,50,1,2,1,0,0,1,30.0,,voiture,,1,2,2,1,6
202000031395,2020-08-02 21:10:00,2020,8,2,21,10,13,13208,PRADO (AVENUE DU),43.26682,5.38252,Nuit avec éclairage allumé,En agglomération,Intersection en T,Normale,Deux véhicules - côté,4,2,6,3,1,1,1,0,1,50,2,5,3,0,0,2,26.0,28.0,voiture,voiture,5,2,3,1,3
202000031396,2020-06-01 16:30:00,2020,6,1,16,30,54,54304,RESISTANCE (AV. DE LA -IMPAIR-),48.69495,6.13794,Plein jour,En agglomération,Intersection en X,Normale,,9,3,2,0,2,1,1,0,1,50,3,6,4,0,0,2,48.0,55.0,voiture,voiture,1,2,2,1,-1
202000031397,2020-08-02 18:25:00,2020,8,2,18,25,13,13208,MICHELET (BOULEVARD),43.26638,5.39457,Plein jour,En agglomération,Intersection en T,Normale,Deux véhicules - côté,4,2,-1,3,1,1,1,0,1,50,2,3,1,0,0,2,56.0,21.0,deux_roues,voiture,1,2,3,1,3
202000031398,2020-06-02 08:45:00,2020,6,2,8,45,51,51454,Rue Mazarin,49.2136172,4.0267091,Plein jour,En agglomération,Hors intersection,Temps éblouissant,Sans collision,4,2,2,0,1,1,1,0,1,30,1,2,1,0,0,1,74.0,,voiture,,1,2,1,7,7
202000031399,2020-08-02 18:30:00,2020,8,2,18,30,13,13206,TILSIT (RUE),43.289947,5.387584,Plein jour,En agglomération,Intersection en X,Normale,Deux véhicules - côté,4,1,1,0,1,1,1,0,1,30,2,2,1,0,0,1,40.0,32.0,deux_roues,voiture,1,2,2,1,3
202000031400,2020-06-02 17:45:00,2020,6,2,17,45,45,45234,Avenue Montesquieu,47.8358953,1.9343571,Plein jour,En agglomération,Hors intersection,Normale,Deux véhicules - côté,4,3,4,-1,1,1,1,0,1,50,2,2,1,0,0,1,36.0,22.0,deux_roues,voiture,1,2,1,1,3
202000031401,2020-03-06 16:05:00,2020,3,6,16,5,05,05023,PETSCHE (AVENUE MAURICE),44.89569,6.6324,Plein jour,En agglomération,Hors intersection,Temps éblouissant,Autre collision,3,2,2,0,1,1,1,0,1,50,1,1,0,0,0,1,,,,,1,2,1,7,6
202000031402,2020-06-02 09:00:00,2020,6,2,9,0,44,44162,Boulevard Charles de Gaulle,47.21839,-1.64744,Plein jour,En agglomération,Intersection en T,Normale,Deux véhicules - côté,7,3,0,0,1,1,1,5,1,70,2,2,1,1,0,0,36.0,56.0,utilitaire_camion,deux_roues,1,2,3,1,3