accident_id,datetime,annee,mois,jour,heure,minute,departement,commune_insee,adresse,latitude,longitude,luminosite,agglomeration,intersection,meteo,collision,catr,circ,nbv,vosp,prof,plan,surf,infra,situ,vma,nb_vehicules,nb_usagers,nb_indemnes,nb_tues,nb_blesses_hosp,nb_blesses_legers,age_cond_1,age_cond_2,veh_type_cond_1,veh_type_cond_2,lum_code,agg_code,int_code,atm_code,col_code
202000031403,2020-08-01 12:20:00,2020,8,1,12,20,03,03190,Allée des Soupirs,46.5704857,3.3212399,Plein jour,En agglomération,Intersection en T,Normale,Deux véhicules - arrière,4,2,0,0,1,1,1,0,1,50,2,1,0,0,0,1,31.0,,deux_roues,,1,2,3,1,2
202000031404,2020-08-02 02:10:00,2020,8,2,2,10,75,75105,BOULEVARD SAINT GERMAIN,48.849503,2.352859,Nuit avec éclairage allumé,En agglomération,Intersection en X,Normale,Deux véhicules - frontale,4,2,4,3,1,1,1,0,1,50,2,1,0,0,0,1,26.0,,deux_roues,,5,2,2,1,1
202000031405,2020-06-02 08:10:00,2020,6,2,8,10,44,44109,Rue de la Bourgeonnière,47.25235,-1.55252,Plein jour,En agglomération,Hors intersection,Temps éblouissant,Autre collision,4,2,0,0,1,1,1,0,1,50,1,2,1,0,0,1,63.0,,voiture,,1,2,1,7,6
202000031406,2020-08-01 21:45:00,2020,8,1,21,45,75,75105,QUAI SAINT MICHEL,48.853375,2.345719,Nuit sans éclairage public,En agglomération,Hors intersection,Normale,Autre collision,4,1,3,0,1,1,1,0,1,50,1,2,1,0,0,1,25.0,,utilitaire_camion,,3,2,1,1,6
202000031407,2020-06-02 08:45:00,2020,6,2,8,45,38,38185,Place Jean Racine,45.16725,5.74149,Plein jour,En agglomération,Intersection en X,Normale,Deux véhicules - côté,3,2,-1,-1,1,1,1,5,1,-1,2,5,3,0,0,2,57.0,22.0,voiture,voiture,1,2,2,1,3
202000031408,2020-08-01 07:45:00,2020,8,1,7,45,75,75117,BOULEVARD BERTHIER,48.890106,2.303785,Plein jour,En agglomération,Intersection en X,Normale,Deux véhicules - arrière,4,2,6,0,2,1,1,0,1,50,2,2,1,0,0,1,50.0,36.0,deux_roues,voiture,1,2,2,1,2
202000031409,2020-06-02 08:15:00,2020,6,2,8,15,37,37261,COURTELINE (RUE GEORGES),47.3931728,0.6737959,Plein jour,En agglomération,Intersection en X,Normale,Deux véhicules - côté,4,1,1,0,1,1,1,0,1,50,2,2,1,0,0,1,55.0,42.0,voiture,voiture,1,2,2,1,3
202000031410,2020-08-02 15:00:00,2020,8,2,15,0,75,75115,RUE DE LA CONVENTION,48.836453,2.299133,Plein jour,En agglomération,Intersection en Y,Normale,Deux véhicules - côté,4,2,3,3,2,1,1,0,1,50,2,2,1,0,0,1,25.0,62.0,deux_roues,utilitaire_camion,1,2,4,1,3
202000031411,2020-06-02 19:00:00,2020,6,2,19,0,35,35238,BOURGEOIS (BOULEVARD LEON),48.09873,-1.65431,Plein jour,En agglomération,Hors intersection,Normale,Deux véhicules - côté,4,2,0,1,1,1,1,9,5,50,2,2,1,0,0,1,57.0,32.0,deux_roues,voiture,1,2,1,1,3
202000031412,2020-06-02 18:20:00,2020,6,2,18,20,35,35238,POLOGNE (AVENUE DE),48.08912,-1.65066,Plein jour,En agglomération,Hors intersection,Normale,Autre collision,4,3,2,1,1,1,1,0,1,50,1,2,1,0,0,1,19.0,,voiture,,1,2,1,1,6
202000031413,2020-08-02 15:00:00,2020,8,2,15,0,75,75113,AVENUE D ITALIE,48.823704,2.358042,Plein jour,En agglomération,Hors intersection,Normale,Deux véhicules - frontale,4,2,0,1,1,1,1,-1,5,50,2,2,1,0,0,1,38.0,55.0,deux_roues,deux_roues,1,2,1,1,1
202000031414,2020-08-02 17:50:00,2020,8,2,17,50,75,75111,RUE MERCOEUR,48.857275,2.383825,Plein jour,En agglomération,Hors intersection,Normale,Autre collision,4,1,1,0,1,1,1,0,1,30,1,1,0,0,0,1,37.0,,voiture,,1,2,1,1,6
202000031415,2020-06-02 17:00:00,2020,6,2,17,0,35,35238,TILLON (AVENUE CHARLES),48.12502,-1.70122,Plein jour,En agglomération,Hors intersection,Normale,Deux véhicules - arrière,4,2,4,1,1,1,1,0,1,50,2,2,1,0,0,1,52.0,19.0,voiture,voiture,1,2,1,1,2
202000031416,2020-08-02 21:15:00,2020,8,2,21,15,75,75101,QUAI DES TUILERIES,48.863291,2.322542,Nuit avec éclairage non allumé,En agglomération,Hors intersection,Normale,Sans collision,4,-1,0,1,1,1,1,-1,5,50,1,1,0,0,0,1,35.0,,deux_roues,,4,2,1,1,7
202000031417,2020-05-27 19:05:00,2020,5,27,19,5,33,33529,Rue Jean Dagros - piéton traverse des no pairs vers impairs,44.53482,-1.15785,Plein jour,En agglomération,Hors intersection,Normale,Autre collision,4,2,2,0,1,1,1,0,1,50,1,2,1,0,0,1,52.0,,voiture,,1,2,1,1,6
202000031418,2020-08-02 20:45:00,2020,8,2,20,45,94,94081,COLONEL FABIEN (AV DU),48.7825,2.3809,Plein jour,En agglomération,Intersection en T,Normale,Autre collision,4,2,2,0,1,1,1,6,8,50,1,2,1,0,0,1,19.0,,autre,,1,2,3,1,6
202000031419,2020-05-28 09:27:00,2020,5,28,9,27,32,32013,JEAN JAURES (AVENUE),43.6645,0.5953,Plein jour,En agglomération,Hors intersection,Normale,Autre collision,4,2,2,0,1,1,1,0,1,30,1,2,1,0,0,1,51.0,,voiture,,1,2,1,1,6
202000031420,2020-08-02 16:40:00,2020,8,2,16,40,94,94078,PRESIDENT JOHN FITZGERALD KENNEDY (AV DU,48.73281,2.4611,Plein jour,En agglomération,Hors intersection,Normale,Deux véhicules - arrière,3,2,2,0,1,1,1,0,1,50,2,2,1,0,0,1,30.0,45.0,deux_roues,voiture,1,2,1,1,2
202000031421,2020-06-01 21:15:00,2020,6,1,21,15,31,31555,158 Rue du Faubourg Bonnefoy,43.62622,1.45897,Nuit avec éclairage allumé,En agglomération,Hors intersection,Normale,Deux véhicules - côté,3,2,2,0,1,3,1,0,1,50,2,2,1,0,0,1,29.0,37.0,voiture,deux_roues,5,2,1,1,3
202000031422,2020-08-01 22:10:00,2020,8,1,22,10,94,94074,CHAMP SAINT-JULIEN (AV DU),48.74908,2.45553,Nuit avec éclairage allumé,En agglomération,Intersection en X,Normale,Deux véhicules - frontale,4,2,4,0,1,1,1,0,1,50,2,3,2,0,0,1,22.0,22.0,voiture,voiture,5,2,2,1,1
202000031423,2020-08-01 20:00:00,2020,8,1,20,0,94,94068,GENERAL GIRAUD (BD DU),48.793426,2.478582,Plein jour,En agglomération,Intersection en X,Normale,Deux véhicules - côté,4,2,1,0,1,1,1,0,1,50,2,2,1,0,0,1,23.0,,voiture,,1,2,2,1,3
202000031424,2020-05-29 16:30:00,2020,5,29,16,30,31,31555,BD HENRI GAUSSEN,43.66565,1.439,Plein jour,En agglomération,Hors intersection,Normale,Deux véhicules - frontale,4,2,2,0,1,1,1,0,1,50,2,2,1,0,0,1,52.0,33.0,deux_roues,voiture,1,2,1,1,1
202000031425,2020-08-02 12:40:00,2020,8,2,12,40,94,94076,MAXIME GORKI (BD),48.7877,2.36808,Plein jour,En agglomération,Hors intersection,Normale,Deux véhicules - côté,3,2,2,1,1,1,1,0,5,50,2,2,1,0,0,1,32.0,64.0,deux_roues,voiture,1,2,1,1,3
202000031426,2020-05-29 10:20:00,2020,5,29,10,20,31,31555,VA007331 A620,43.63738,1.4212,Plein jour,Hors agglomération,Hors intersection,Normale,Deux véhicules - arrière,1,3,6,0,1,1,1,0,1,90,2,1,0,0,0,1,41.0,,utilitaire_camion,,1,1,1,1,2
202000031427,2020-08-02 17:30:00,2020,8,2,17,30,94,94034,DIVISION LECLERC (AV DE LA),48.759782,2.320937,Plein jour,En agglomération,Hors intersection,Normale,Sans collision,3,3,4,0,1,1,1,0,1,50,1,1,0,0,0,1,48.0,,deux_roues,,1,2,1,1,7
202000031428,2020-05-30 14:15:00,2020,5,30,14,15,30,30007,SILHOL (MONTEE),44.12895,4.102585,Plein jour,En agglomération,Hors intersection,Normale,Deux véhicules - côté,4,2,2,0,2,1,1,0,1,50,2,2,1,0,1,0,32.0,37.0,voiture,deux_roues,1,2,1,1,3
202000031429,2020-06-02 10:54:00,2020,6,2,10,54,25,25462,CEZANNE PAUL,46.91666,6.33856,Plein jour,En agglomération,Intersection en X,Normale,Deux véhicules - côté,4,2,2,0,1,1,1,0,1,50,2,2,1,0,0,1,66.0,71.0,voiture,voiture,1,2,2,1,3
202000031430,2020-08-02 20:15:00,2020,8,2,20,15,94,94017,REPUBLIQUE (AV DE LA),48.82351,2.51025,Plein jour,En agglomération,Intersection en X,Normale,,3,-1,4,0,1,1,1,5,1,50,3,2,1,0,1,0,33.0,37.0,voiture,deux_roues,1,2,2,1,-1
202000031431,2020-07-29 00:50:00,2020,7,29,0,50,93,93062,THIERS (AVENUE),48.90143,2.51187,Nuit avec éclairage allumé,En agglomération,Hors intersection,Normale,Autre collision,3,2,2,0,1,1,1,0,4,50,1,2,0,0,0,2,27.0,,voiture,,5,2,1,1,6
202000031432,2020-08-02 15:55:00,2020,8,2,15,55,93,93048,PRESIDENT WILSON (AVENUE DU),48.861074,2.4411033,Plein jour,En agglomération,Autre intersection,Normale,Autre collision,4,1,1,0,1,1,1,0,1,50,1,1,0,1,0,0,67.0,,deux_roues,,1,2,9,1,6
202000031433,2020-05-30 11:10:00,2020,5,30,11,10,16,16102,Avenue Victor Hugo,45.688598,-0.314863,Plein jour,En agglomération,Hors intersection,Normale,Autre collision,3,2,2,0,1,1,1,0,1,50,1,3,0,0,0,3,21.0,,deux_roues,,1,2,1,1,6
202000031434,2020-08-02 00:10:00,2020,8,2,0,10,93,93048,JEAN JAURES (PLACE),48.862661,2.4415835,Nuit avec éclairage allumé,En agglomération,Intersection en T,Normale,Deux véhicules - frontale,4,2,4,0,1,1,1,0,1,50,2,2,1,0,0,1,19.0,24.0,voiture,deux_roues,5,2,3,1,1
202000031435,2020-06-02 17:40:00,2020,6,2,17,40,14,14699,CD 677,49.34027,0.10333,Plein jour,En agglomération,Intersection en X,Temps éblouissant,Deux véhicules - côté,3,2,4,0,1,1,1,0,1,70,2,5,1,0,0,4,20.0,22.0,voiture,voiture,1,2,2,7,3
202000031436,2020-08-02 12:30:00,2020,8,2,12,30,93,93079,RTE DE SAINT LEU / R JEAN BAPTISTE CLEMENT,48.95275,2.33744,Plein jour,En agglomération,Intersection en T,Normale,Deux véhicules - côté,3,2,2,1,1,1,1,0,1,50,2,2,1,0,0,1,58.0,45.0,voiture,deux_roues,1,2,3,1,3
202000031437,2020-05-30 17:00:00,2020,5,30,17,0,14,14221,BOUETS (RUE AUX ),49.1833,-0.2667,Plein jour,En agglomération,Hors intersection,Temps éblouissant,Autre collision,4,2,2,0,1,1,1,0,1,50,1,2,1,0,0,1,72.0,,voiture,,1,2,1,7,6
202000031438,2020-08-02 11:50:00,2020,8,2,11,50,93,93057,AV ARISTIDE BRIAND / AV JULES GUESDE,48.91059,2.51231,Plein jour,En agglomération,Intersection à plus de 4 branches,Normale,Deux véhicules - côté,3,3,4,0,1,1,1,0,1,50,2,2,1,0,0,1,25.0,58.0,voiture,deux_roues,1,2,5,1,3
202000031439,2020-06-02 14:40:00,2020,6,2,14,40,13,13054,FLORIDES (QRT DES ),43.410274,5.209242,Plein jour,Hors agglomération,Intersection en T,Normale,Deux véhicules - côté,3,2,2,0,1,1,1,0,1,90,2,3,0,0,0,3,44.0,44.0,voiture,voiture,1,1,3,1,3
202000031440,2020-08-01 23:00:00,2020,8,1,23,0,93,93005,WALDECK ROUSSEAU (RUE),48.9284417,2.4820539,Nuit avec éclairage allumé,En agglomération,Hors intersection,Normale,Deux véhicules - côté,3,1,2,0,1,1,1,5,1,50,2,2,1,0,0,1,35.0,44.0,voiture,deux_roues,5,2,1,1,3
202000031441,2020-08-01 23:16:00,2020,8,1,23,16,93,93001,EDOUARD VAILLANT (BLD),48.9183328,2.3978018,Nuit avec éclairage allumé,En agglomération,Hors intersection,Normale,Autre collision,4,1,1,0,1,1,1,0,1,50,1,2,1,0,0,1,20.0,,voiture,,5,2,1,1,6
202000031442,2020-08-02 21:00:00,2020,8,2,21,0,92,92019,DIVISION LECLERC (AVENUE DE LA),48.7648563,2.2647406,Crépuscule ou aube,En agglomération,Hors intersection,Normale,Deux véhicules - côté,3,1,2,0,2,1,1,0,8,50,2,2,1,0,0,1,32.0,21.0,deux_roues,voiture,2,2,1,1,3
202000031443,2020-06-02 21:30:00,2020,6,2,21,30,13,13215,RUISSEAU MI (RUE),43.3493902,5.3468164,Nuit avec éclairage allumé,En agglomération,Hors intersection,Normale,Deux véhicules - frontale,7,2,2,0,2,1,1,0,1,50,2,4,1,0,0,3,21.0,,voiture,,5,2,1,1,1
202000031444,2020-08-02 05:00:00,2020,8,2,5,0,35,35168,Trébert,47.923101,-2.033871,Nuit sans éclairage public,Hors agglomération,Hors intersection,Normale,Autre collision,3,2,2,0,1,3,1,0,1,80,1,1,0,1,0,0,22.0,,voiture,,3,1,1,1,6
202000031445,2020-06-02 19:00:00,2020,6,2,19,0,13,13203,BD FERDINAND DE LESSEPS,43.320414,5.372558,Plein jour,En agglomération,Hors intersection,Normale,Autre collision,3,3,5,0,1,1,1,0,1,50,1,1,0,0,0,1,,,,,1,2,1,1,6
202000031446,2020-06-02 09:30:00,2020,6,2,9,30,13,13215,HENRI BARNIER (BOULEVARD),43.37191,5.348,Plein jour,En agglomération,Hors intersection,Pluie légère,Autre collision,3,2,4,0,1,3,2,9,4,50,1,1,0,0,0,1,19.0,,voiture,,1,2,1,2,6
202000031447,2020-08-01 11:40:00,2020,8,1,11,40,71,71147,D127,46.53929,4.6399538,Plein jour,Hors agglomération,Intersection en X,Temps éblouissant,Deux véhicules - côté,3,2,2,0,2,1,1,0,1,80,2,2,1,0,1,0,76.0,65.0,voiture,deux_roues,1,1,2,7,3
202000031448,2020-08-03 15:45:00,2020,8,3,15,45,81,81266,28 Avenue Jacques Desplas,43.646658,1.974937,Plein jour,En agglomération,Intersection en X,Normale,Deux véhicules - côté,3,2,2,0,1,1,1,0,1,50,2,4,3,0,0,1,23.0,28.0,voiture,voiture,1,2,2,1,3
202000031449,2020-06-02 02:38:00,2020,6,2,2,38,13,13207,Corniche John Fitzgérald Kennedy,43.2771519,5.3569682,Nuit avec éclairage allumé,En agglomération,Hors intersection,Normale,Deux véhicules - arrière,4,3,4,0,1,1,1,0,1,50,2,7,4,0,0,3,24.0,23.0,voiture,voiture,5,2,1,1,2
202000031450,2020-06-02 02:00:00,2020,6,2,2,0,13,13216,ESTAQUE PLAGE,43.35867,5.2918,Nuit avec éclairage non allumé,En agglomération,Hors intersection,Normale,,3,-1,2,0,2,3,1,0,1,50,2,2,0,0,2,0,34.0,,deux_roues,,4,2,1,1,-1
202000031451,2020-08-01 09:18:00,2020,8,1,9,18,45,45158,A19-PK 64+200,48.065209,2.660888,Plein jour,Hors agglomération,Hors intersection,Normale,Deux véhicules - arrière,1,3,4,0,1,1,1,0,1,130,2,6,4,0,0,2,74.0,40.0,voiture,voiture,1,1,1,1,2
202000031452,2020-05-28 18:30:00,2020,5,28,18,30,13,13202,DAMES (BOULEVARD DES),43.303076,5.366567,Plein jour,En agglomération,Intersection en X,Normale,Deux véhicules - côté,4,2,4,0,4,1,1,0,1,50,2,2,1,0,0,1,51.0,59.0,deux_roues,utilitaire_camion,1,2,2,1,3
202000031453,2020-08-03 08:40:00,2020,8,3,8,40,28,28398,A11,48.236611,1.052638,Plein jour,Hors agglomération,Hors intersection,Normale,Sans collision,1,3,5,0,2,1,1,0,3,130,1,3,1,0,1,1,42.0,,voiture,,1,1,1,1,7
202000031454,2020-08-03 10:45:00,2020,8,3,10,45,74,74179,D1508,45.994729,6.012601,Plein jour,Hors agglomération,Hors intersection,Pluie forte,Deux véhicules - côté,3,2,2,0,2,2,2,0,1,70,2,2,0,0,1,1,75.0,35.0,voiture,utilitaire_camion,1,1,1,3,3
202000031455,2020-06-02 08:00:00,2020,6,2,8,0,12,12145,Rue DELMAS ETIENNE,44.10598,3.0843,Plein jour,En agglomération,Hors intersection,Normale,Deux véhicules - frontale,3,2,2,0,1,1,1,0,1,50,2,2,1,0,0,1,44.0,40.0,utilitaire_camion,utilitaire_camion,1,2,1,1,1
202000031456,2020-08-02 17:15:00,2020,8,2,17,15,71,71256,D678,46.7410646,5.0903081,Plein jour,Hors agglomération,Hors intersection,Normale,Sans collision,3,2,2,0,1,1,1,0,3,80,1,2,0,0,2,0,58.0,,deux_roues,,1,1,1,1,7
202000031457,2020-06-01 18:10:00,2020,6,1,18,10,11,11262,MALATERRE (RUE GASTON),43.185087,3.021941,Plein jour,En agglomération,Intersection en T,Normale,,4,2,2,0,1,1,1,0,1,50,2,2,1,0,0,1,51.0,70.0,voiture,deux_roues,1,2,3,1,-1
202000031458,2020-08-03 03:50:00,2020,8,3,3,50,51,51167,N4,48.742205,4.4216217,Nuit sans éclairage public,Hors agglomération,Hors intersection,Normale,Deux véhicules - frontale,2,2,2,0,1,1,1,0,1,80,2,2,0,1,0,1,60.0,23.0,utilitaire_camion,voiture,3,1,1,1,1
202000031459,2020-06-02 20:00:00,2020,6,2,20,0,07,07116,RN 102,44.6429915,4.3447774,Plein jour,Hors agglomération,Hors intersection,Normale,Sans collision,2,2,3,0,1,2,1,0,1,80,1,1,0,1,0,0,51.0,,deux_roues,,1,1,1,1,7
202000031460,2020-06-02 16:05:00,2020,6,2,16,5,06,06088,JOLY (CORNICHE ANDRE DE),43.70123,7.29142,Plein jour,En agglomération,Hors intersection,Normale,Autre collision,4,2,2,0,3,1,1,0,1,50,1,1,0,0,1,0,86.0,,deux_roues,,1,2,1,1,6
202000031461,2020-08-01 00:00:00,2020,8,1,0,0,11,11102,D118,43.1693013,2.3001552,Nuit sans éclairage public,Hors agglomération,Intersection en T,Normale,Deux véhicules - côté,3,2,2,0,1,1,1,0,1,80,2,3,1,0,1,1,27.0,82.0,voiture,voiture,3,1,3,1,3
202000031462,2020-07-24 13:45:00,2020,7,24,13,45,63,63364,D2089,45.8274072,3.4478738,Plein jour,Hors agglomération,Hors intersection,Normale,,3,2,2,0,3,3,1,0,1,80,2,2,1,0,0,1,45.0,23.0,utilitaire_camion,voiture,1,1,1,1,-1
202000031463,2020-06-02 20:52:00,2020,6,2,20,52,06,06027,NICE AVENUE DE (RN7),43.65,7.12,Plein jour,En agglomération,Autre intersection,Normale,Deux véhicules - côté,4,2,1,0,1,3,1,0,1,50,2,3,1,0,0,2,20.0,29.0,deux_roues,voiture,1,2,9,1,3
202000031464,2020-08-02 18:50:00,2020,8,2,18,50,61,61230,D918xD291,48.583648,0.70851,Plein jour,Hors agglomération,Intersection en X,Normale,Sans collision,3,3,2,0,1,1,1,0,1,90,1,2,0,0,1,1,22.0,,deux_roues,,1,1,2,1,7
202000031465,2020-06-01 11:15:00,2020,6,1,11,15,06,06123,CURIE PIERRE ET MARIE AVENUE,43.68983,7.18562,Plein jour,En agglomération,Hors intersection,Normale,Deux véhicules - frontale,7,2,2,0,1,1,1,0,1,50,2,2,1,0,0,1,21.0,46.0,utilitaire_camion,voiture,1,2,1,1,1
202000031466,2020-07-23 15:30:00,2020,7,23,15,30,61,61483,,48.561176,-0.434679,Plein jour,Hors agglomération,Intersection en T,Normale,Sans collision,3,2,2,0,1,1,1,0,1,80,1,1,0,0,1,0,17.0,,deux_roues,,1,1,3,1,7
202000031467,2020-05-30 18:20:00,2020,5,30,18,20,05,05061,SAGNIERES ( RUE DES ),44.54869,6.06114,Plein jour,En agglomération,Intersection en T,Temps couvert,Deux véhicules - côté,4,2,2,0,1,1,1,0,1,50,2,4,1,0,0,3,33.0,27.0,voiture,voiture,1,2,3,8,3
202000031468,2020-08-03 15:15:00,2020,8,3,15,15,42,42052,34 Rue Dorian,46.1554523,4.1649095,Plein jour,En agglomération,Hors intersection,Normale,Deux véhicules - côté,3,2,2,0,1,1,1,0,1,50,2,2,1,0,1,0,20.0,45.0,deux_roues,voiture,1,2,1,1,3
202000031469,2020-06-02 08:30:00,2020,6,2,8,30,75,75113,PORTE D ITALIE,48.816632,2.35592,Plein jour,En agglomération,Hors intersection,Normale,Deux véhicules - côté,4,1,2,0,1,1,1,0,1,70,2,2,1,0,0,1,27.0,28.0,voiture,deux_roues,1,2,1,1,3
202000031470,2020-08-02 20:20:00,2020,8,2,20,20,42,42149,Chemin d'Urfé,45.6339977,4.2384617,Plein jour,En agglomération,Hors intersection,Normale,Sans collision,4,2,2,0,1,1,9,0,1,50,1,2,0,0,1,1,14.0,,deux_roues,,1,2,1,1,7
202000031471,2020-05-30 10:00:00,2020,5,30,10,0,75,75117,BD PERIPHERIQUE EXTERIEUR,48.895158,2.30641,Plein jour,En agglomération,Hors intersection,Normale,Deux véhicules - arrière,4,1,4,0,1,1,1,0,1,70,2,2,1,0,1,0,49.0,26.0,voiture,deux_roues,1,2,1,1,2
202000031472,2020-06-01 08:55:00,2020,6,1,8,55,75,75107,AVENUE DE SUFFREN,48.852797,2.298356,Plein jour,En agglomération,Intersection en Y,Normale,Autre collision,4,2,3,0,1,1,1,0,1,50,1,2,1,1,0,0,50.0,,voiture,,1,2,4,1,6
202000031473,2020-07-31 13:30:00,2020,7,31,13,30,42,42115,Rue de Bramard,45.317497,4.357173,Plein jour,Hors agglomération,Intersection en Y,Normale,Trois véhicules et plus - collisions multiples,3,2,2,0,2,3,1,0,1,80,3,3,1,0,2,0,58.0,59.0,deux_roues,deux_roues,1,1,4,1,5
202000031474,2020-06-01 01:01:00,2020,6,1,1,1,75,75116,ALLEE DE LONGCHAMP,48.874922,2.271125,Nuit avec éclairage non allumé,En agglomération,Intersection en X,Normale,Deux véhicules - côté,4,2,4,0,1,1,1,0,1,50,2,3,1,0,1,1,39.0,48.0,voiture,deux_roues,4,2,2,1,3
202000031475,2020-07-04 19:20:00,2020,7,4,19,20,41,41094,Le Gue Fagot,47.426182,1.421372,Plein jour,Hors agglomération,Intersection en X,Normale,Deux véhicules - côté,3,2,2,0,1,1,1,0,3,80,2,3,2,0,0,1,59.0,18.0,voiture,deux_roues,1,1,2,1,3
202000031476,2020-06-02 16:45:00,2020,6,2,16,45,75,75119,AVENUE RENE FONCK,48.879633,2.40834,Plein jour,En agglomération,Intersection en Y,Normale,Trois véhicules et plus - en chaîne,4,2,3,0,2,1,1,0,1,50,3,3,2,0,0,1,38.0,32.0,deux_roues,utilitaire_camion,1,2,4,1,4
202000031477,2020-08-01 18:15:00,2020,8,1,18,15,34,34186,RD 148 PR 12+100,43.653734,3.318509,Plein jour,Hors agglomération,Intersection en T,Normale,Deux véhicules - arrière,3,2,2,0,1,1,1,0,1,80,2,3,1,0,2,0,22.0,54.0,voiture,deux_roues,1,1,3,1,2
202000031478,2020-06-02 15:25:00,2020,6,2,15,25,75,75119,BOULEVARD SERURIER,48.887899,2.395293,Plein jour,En agglomération,Hors intersection,Normale,,4,2,2,0,1,1,1,0,1,50,3,4,1,0,0,3,64.0,49.0,utilitaire_camion,voiture,1,2,1,1,-1
202000031479,2020-08-01 10:30:00,2020,8,1,10,30,68,68094,D473,47.542831,7.435062,Plein jour,Hors agglomération,Hors intersection,Normale,Deux véhicules - frontale,3,2,2,0,1,3,1,0,1,80,2,4,0,0,1,3,79.0,30.0,voiture,voiture,1,1,1,1,1
202000031480,2020-06-02 08:20:00,2020,6,2,8,20,75,75119,RUE RIQUET,48.888284,2.375956,Plein jour,En agglomération,Hors intersection,Normale,Deux véhicules - côté,4,1,1,1,1,1,1,0,5,50,2,2,1,0,0,1,38.0,52.0,deux_roues,voiture,1,2,1,1,3
202000031481,2020-08-02 16:45:00,2020,8,2,16,45,22,22371,La Gautraie,48.200873,-2.258967,Plein jour,Hors agglomération,Hors intersection,Normale,Trois véhicules et plus - en chaîne,3,2,2,0,2,1,1,0,1,80,3,3,2,0,0,1,34.0,31.0,voiture,voiture,1,1,1,1,4
202000031482,2020-06-02 09:50:00,2020,6,2,9,50,75,75117,BOULEVARD DE COURCELLES,48.878988,2.302412,Plein jour,En agglomération,Intersection en T,Normale,Deux véhicules - côté,4,2,2,0,1,1,1,0,1,50,2,2,1,0,0,1,29.0,33.0,deux_roues,voiture,1,2,3,1,3
202000031483,2020-07-08 17:15:00,2020,7,8,17,15,22,22055,Boulevard Clémenceau Binic,48.599026,-2.824892,Plein jour,En agglomération,Intersection en T,Normale,Autre collision,4,2,2,0,1,1,1,0,1,30,1,6,5,0,1,0,59.0,,voiture,,1,2,3,1,6
202000031484,2020-06-02 11:40:00,2020,6,2,11,40,75,75113,RUE OLIVIER MESSIAEN,48.830444,2.378355,Plein jour,En agglomération,Intersection en X,Normale,Deux véhicules - côté,4,2,2,0,1,1,1,0,1,30,2,2,1,0,0,1,52.0,56.0,voiture,deux_roues,1,2,2,1,3
202000031485,2020-08-01 15:20:00,2020,8,1,15,20,31,31308,N125,43.011386,0.617487,Plein jour,Hors agglomération,Hors intersection,Normale,Deux véhicules - frontale,2,2,2,0,1,3,1,0,1,80,2,3,2,0,0,1,19.0,38.0,voiture,voiture,1,1,1,1,1
202000031486,2020-06-02 10:10:00,2020,6,2,10,10,75,75110,BOULEVARD DE LA VILLETTE,48.873452,2.375229,Plein jour,En agglomération,Hors intersection,Normale,Deux véhicules - côté,4,1,2,1,1,1,1,0,1,50,2,2,1,0,0,1,34.0,47.0,deux_roues,utilitaire_camion,1,2,1,1,3
202000031487,2020-06-02 09:50:00,2020,6,2,9,50,75,75110,RUE EUGENE VARLIN,48.878582,2.364197,Plein jour,En agglomération,Intersection en T,Normale,Autre collision,4,1,1,0,1,1,1,9,1,30,1,2,1,0,0,1,57.0,,voiture,,1,2,3,1,6
202000031488,2020-08-03 15:00:00,2020,8,3,15,0,03,03226,,46.3647305,3.8388467,Plein jour,Hors agglomération,Hors intersection,Normale,Deux véhicules - frontale,3,2,2,0,1,1,1,0,1,80,2,4,1,0,1,2,90.0,23.0,voiture,voiture,1,1,1,1,1
202000031489,2020-07-20 21:47:00,2020,7,20,21,47,03,03132,,46.3859151,3.5612312,Crépuscule ou aube,Hors agglomération,Hors intersection,Normale,Autre collision,3,2,2,0,1,2,9,0,3,80,1,1,0,0,0,1,28.0,,voiture,,2,1,1,1,6
202000031490,2020-06-02 08:10:00,2020,6,2,8,10,75,75109,RUE LA FAYETTE,48.873097,2.333298,Plein jour,En agglomération,Intersection à plus de 4 branches,Temps éblouissant,Autre collision,4,1,1,0,1,1,1,5,1,50,1,2,1,0,0,1,42.0,,utilitaire_camion,,1,2,5,7,6
202000031491,2020-08-02 09:45:00,2020,8,2,9,45,03,03155,,46.7136795,2.9250029,Plein jour,Hors agglomération,Hors intersection,Normale,Autre collision,3,2,2,0,1,1,1,0,3,80,1,1,0,0,1,0,88.0,,voiture,,1,1,1,1,6
202000031492,2020-06-02 14:10:00,2020,6,2,14,10,75,75108,BOULEVARD DES BATIGNOLLES,48.882384,2.322474,Plein jour,En agglomération,Hors intersection,Normale,Deux véhicules - frontale,4,2,6,1,1,3,1,0,5,50,2,2,0,0,0,2,30.0,24.0,deux_roues,deux_roues,1,2,1,1,1
202000031493,2020-08-02 19:00:00,2020,8,2,19,0,01,01124,Route des Geordes,46.458821,5.22931,Plein jour,Hors agglomération,Hors intersection,Normale,Sans collision,4,2,2,0,1,3,1,0,3,80,1,2,0,0,2,0,42.0,,deux_roues,,1,1,1,1,7
202000031494,2020-08-03 01:40:00,2020,8,3,1,40,26,26054,1 Rue du Comtat,44.298759,4.872082,Nuit avec éclairage allumé,En agglomération,Intersection en X,Normale,Autre collision,3,2,2,0,1,1,1,0,4,50,1,1,0,0,1,0,28.0,,deux_roues,,5,2,2,1,6
202000031495,2020-06-02 09:40:00,2020,6,2,9,40,75,75108,PLACE CHARLES DE GAULLE,48.874102,2.295816,Plein jour,En agglomération,Place,Normale,Deux véhicules - côté,4,1,4,0,1,2,1,0,1,50,2,2,1,0,0,1,38.0,35.0,voiture,deux_roues,1,2,7,1,3