accident_id,datetime,annee,mois,jour,heure,minute,departement,commune_insee,adresse,latitude,longitude,luminosite,agglomeration,intersection,meteo,collision,catr,circ,nbv,vosp,prof,plan,surf,infra,situ,vma,nb_vehicules,nb_usagers,nb_indemnes,nb_tues,nb_blesses_hosp,nb_blesses_legers,age_cond_1,age_cond_2,veh_type_cond_1,veh_type_cond_2,lum_code,agg_code,int_code,atm_code,col_code
202000031772,2020-12-13 23:40:00,2020,12,13,23,40,61,61100,Lieu Dit Fai,48.714808,0.619226,Nuit sans éclairage public,Hors agglomération,Hors intersection,Pluie légère,Autre collision,3,2,2,0,1,2,2,0,1,90,1,5,1,0,2,2,32.0,,voiture,,3,1,1,2,6
202000031773,2020-12-14 17:15:00,2020,12,14,17,15,47,47066,D813,44.243796,0.418639,Crépuscule ou aube,Hors agglomération,Intersection en T,Normale,Deux véhicules - côté,3,2,2,0,1,1,1,0,1,80,2,2,1,0,1,0,57.0,27.0,voiture,deux_roues,2,1,3,1,3
202000031774,2020-12-13 18:00:00,2020,12,13,18,0,41,41151,105 Route de Vierzon (Bourré),47.343806,1.242412,Nuit sans éclairage public,En agglomération,Hors intersection,Pluie légère,Autre collision,3,2,2,0,1,1,2,0,3,70,1,1,0,0,1,0,34.0,,voiture,,3,2,1,2,6
202000031775,2020-12-11 12:00:00,2020,12,11,12,0,44,44081,7 Rue du Bocage,46.889751,-1.603183,Plein jour,En agglomération,Hors intersection,Pluie forte,Deux véhicules - arrière,4,2,2,0,1,1,2,0,1,50,2,2,1,0,0,1,40.0,15.0,voiture,deux_roues,1,2,1,3,2
202000031776,2020-12-14 10:00:00,2020,12,14,10,0,31,31345,1 b Rue de Torrefarrera,43.366343,1.417012,Plein jour,En agglomération,Hors intersection,Normale,Autre collision,3,2,2,0,2,1,1,0,1,50,1,2,1,0,1,0,48.0,,voiture,,1,2,1,1,6
202000031777,2020-12-14 07:30:00,2020,12,14,7,30,02,02279,d 87,49.110006,3.32036,Crépuscule ou aube,Hors agglomération,Hors intersection,Normale,Deux véhicules - frontale,3,2,2,0,2,1,1,0,1,80,2,3,0,2,0,1,47.0,81.0,voiture,voiture,2,1,1,1,1
202000031778,2020-12-12 22:10:00,2020,12,12,22,10,03,03217,,46.3575564,2.6891361,Nuit sans éclairage public,Hors agglomération,Hors intersection,Temps couvert,Sans collision,3,2,2,0,2,2,2,0,3,90,1,1,0,0,1,0,26.0,,voiture,,3,1,1,8,7
202000031779,2020-12-13 18:30:00,2020,12,13,18,30,70,70257,D474,47.476028,5.929999,Nuit sans éclairage public,Hors agglomération,Hors intersection,Normale,,3,2,2,0,1,1,1,0,1,80,2,3,2,0,1,0,29.0,21.0,voiture,voiture,3,1,1,1,-1
202000031780,2020-12-13 15:30:00,2020,12,13,15,30,58,58145,D17,47.275637,3.835967,Plein jour,Hors agglomération,Hors intersection,Normale,Autre collision,3,2,2,0,1,1,1,0,8,80,1,1,0,0,1,0,72.0,,voiture,,1,1,1,1,6
202000031781,2020-12-13 20:40:00,2020,12,13,20,40,72,72125,D357,47.9457,0.655532,Nuit sans éclairage public,Hors agglomération,Hors intersection,Pluie légère,Deux véhicules - arrière,3,2,2,0,1,1,2,0,1,80,2,3,0,0,1,2,44.0,,voiture,,3,1,1,2,2
202000031782,2020-12-05 22:30:00,2020,12,5,22,30,27,27214,route de rouen,49.29386,1.47088,Nuit sans éclairage public,Hors agglomération,Hors intersection,Normale,Autre collision,3,2,2,0,2,1,2,0,3,-1,1,1,0,0,1,0,23.0,,voiture,,3,1,1,1,6
202000031783,2020-12-14 08:30:00,2020,12,14,8,30,28,28304,N154,48.290903,1.713696,Crépuscule ou aube,Hors agglomération,Hors intersection,Normale,Deux véhicules - frontale,2,2,2,0,1,1,2,0,1,80,2,2,1,1,0,0,46.0,39.0,utilitaire_camion,voiture,2,1,1,1,1
202000031784,2020-12-11 18:35:00,2020,12,11,18,35,973,97309,Rue du 19 Avril 2000,4.89571,-52.292798,Crépuscule ou aube,Hors agglomération,Hors intersection,Normale,Sans collision,4,2,2,0,1,1,1,9,1,50,1,1,0,0,1,0,29.0,,deux_roues,,2,1,1,1,7
202000031785,2020-12-13 22:20:00,2020,12,13,22,20,973,97309,Route de Montabo,4.914384,-52.274194,Nuit avec éclairage allumé,En agglomération,Hors intersection,Normale,Deux véhicules - frontale,3,2,1,0,1,1,1,0,1,70,2,2,1,0,0,1,47.0,33.0,voiture,deux_roues,5,2,1,1,1
202000031786,2020-12-13 09:00:00,2020,12,13,9,0,974,97412,Rue Justinien Vitry,-21.377309,55.606479,Plein jour,En agglomération,Intersection en T,Pluie légère,Deux véhicules - frontale,2,2,2,0,2,2,1,0,1,50,2,3,1,0,2,0,29.0,48.0,voiture,deux_roues,1,2,3,2,1
202000031787,2020-12-06 22:15:00,2020,12,6,22,15,974,97415,N1a,-21.071326,55.22619,Nuit sans éclairage public,Hors agglomération,Hors intersection,Normale,Deux véhicules - frontale,2,2,2,0,1,1,1,0,1,70,2,2,0,0,1,1,41.0,22.0,voiture,voiture,3,1,1,1,1
202000031788,2020-12-09 18:15:00,2020,12,9,18,15,977,97701,SAINT JEAN AÉROPORT,17.903297,-62.844511,Nuit avec éclairage allumé,En agglomération,Hors intersection,Normale,Deux véhicules - côté,3,2,2,0,4,1,1,0,1,30,2,2,1,0,0,1,44.0,20.0,deux_roues,voiture,5,2,1,1,3
202000031789,2020-12-14 12:40:00,2020,12,14,12,40,28,28285,D122.7,48.464129,1.702505,Plein jour,En agglomération,Intersection en X,Temps couvert,Deux véhicules - côté,3,2,2,0,1,1,2,0,1,50,2,2,1,0,1,0,35.0,54.0,utilitaire_camion,voiture,1,2,2,8,3
202000031790,2020-12-11 19:30:00,2020,12,11,19,30,45,45089,110 Avenue de Gien,47.892994,2.048066,Nuit avec éclairage allumé,En agglomération,Hors intersection,Pluie légère,Deux véhicules - frontale,3,2,2,0,2,2,2,0,1,50,2,2,0,0,1,1,33.0,36.0,voiture,voiture,5,2,1,2,1
202000031791,2020-12-13 07:00:00,2020,12,13,7,0,77,77257,D102,49.033648,3.049736,Nuit sans éclairage public,Hors agglomération,Hors intersection,Pluie légère,Sans collision,3,2,2,0,1,2,2,0,3,80,1,1,0,0,1,0,38.0,,voiture,,3,1,1,2,7
202000031792,2020-12-14 04:00:00,2020,12,14,4,0,13,13004,RN.572,43.683267,4.569411,Nuit sans éclairage public,Hors agglomération,Hors intersection,Normale,Autre collision,2,3,4,0,1,1,1,0,3,110,1,4,0,3,1,0,21.0,,voiture,,3,1,1,1,6
202000031793,2020-12-11 22:29:00,2020,12,11,22,29,67,67451,281 rue principale,48.986398,8.051682,Nuit avec éclairage allumé,En agglomération,Hors intersection,Temps couvert,Autre collision,3,2,2,0,1,1,2,0,4,50,1,1,0,0,1,0,19.0,,voiture,,5,2,1,8,6
202000031794,2020-12-11 20:50:00,2020,12,11,20,50,88,88183,D53,48.395908,5.671831,Nuit sans éclairage public,En agglomération,Hors intersection,Pluie légère,Autre collision,3,2,2,0,1,3,2,0,3,80,1,1,0,0,1,0,18.0,,voiture,,3,2,1,2,6
202000031795,2020-12-11 12:40:00,2020,12,11,12,40,74,74037,Rte de Chez Layat,46.224633,6.390669,Plein jour,Hors agglomération,Intersection en T,Neige / grêle,Autre collision,3,2,2,0,1,4,5,0,3,70,1,1,0,0,1,0,53.0,,voiture,,1,1,3,4,6
202000031796,2020-12-09 07:30:00,2020,12,9,7,30,38,38565,Avenue Jacques Prévert,45.288,5.64091,Nuit avec éclairage allumé,En agglomération,Hors intersection,Normale,Deux véhicules - arrière,4,2,2,0,1,1,1,0,1,30,2,2,1,0,0,1,86.0,13.0,voiture,deux_roues,5,2,1,1,2
202000031797,2020-12-11 12:00:00,2020,12,11,12,0,33,33080,Avenue de Saint-médard-d'Eyrans,44.740993,-0.531037,Plein jour,Hors agglomération,Hors intersection,Temps couvert,Deux véhicules - frontale,3,2,2,0,1,4,8,0,1,80,2,3,1,0,1,1,22.0,26.0,voiture,voiture,1,1,1,8,1
202000031798,2020-12-14 06:16:00,2020,12,14,6,16,85,85003,L'Herissonnière,46.769092,-1.599694,Nuit sans éclairage public,Hors agglomération,Hors intersection,Pluie forte,Autre collision,4,2,2,0,4,2,2,0,3,80,1,1,0,1,0,0,21.0,,voiture,,3,1,1,3,6
202000031799,2020-12-08 14:15:00,2020,12,8,14,15,22,22070,Rue St Yves,48.5628027,-3.1549509,Plein jour,En agglomération,Intersection en X,Normale,Autre collision,4,-1,1,0,1,1,1,0,1,30,1,3,1,0,0,2,50.0,,voiture,,1,2,2,1,6
202000031800,2020-12-11 18:00:00,2020,12,11,18,0,13,13071,A7-Sens Marseille vers Lyon,43.4063,5.291859,Nuit sans éclairage public,Hors agglomération,Hors intersection,Pluie forte,Trois véhicules et plus - en chaîne,1,1,2,0,4,1,2,0,1,110,3,4,1,0,0,3,32.0,40.0,utilitaire_camion,voiture,3,1,1,3,4
202000031801,2020-12-12 12:00:00,2020,12,12,12,0,13,13211,A50-Sens Marseille vers Aubagne,43.2924,5.47822,Plein jour,Hors agglomération,Hors intersection,Normale,Deux véhicules - arrière,1,1,3,0,1,1,2,3,1,70,2,3,0,0,0,3,49.0,28.0,voiture,voiture,1,1,1,1,2
202000031802,2020-12-11 14:18:00,2020,12,11,14,18,13,13071,A7-Sens Marseille vers Lyon,43.405753,5.337431,Plein jour,Hors agglomération,Hors intersection,Normale,Deux véhicules - arrière,1,-1,3,0,1,1,1,0,1,90,2,1,0,0,0,1,32.0,,voiture,,1,1,1,1,2
202000031803,2020-12-11 00:15:00,2020,12,11,0,15,13,13202,A55-Sens Marseille vers Martigues,43.33282,5.37857,Nuit avec éclairage allumé,Hors agglomération,Hors intersection,Normale,Autre collision,1,1,2,0,1,4,1,1,3,50,1,1,0,0,0,1,40.0,,utilitaire_camion,,5,1,1,1,6
202000031804,2020-12-02 17:30:00,2020,12,2,17,30,69,69266,RD383   ,45.7732443,4.9001062,Nuit avec éclairage non allumé,Hors agglomération,Hors intersection,Pluie légère,Deux véhicules - arrière,3,3,3,0,1,1,2,0,1,70,2,2,1,0,0,1,19.0,30.0,voiture,voiture,4,1,1,2,2
202000031805,2020-11-20 19:55:00,2020,11,20,19,55,57,57452,Autoroute A31,49.15362,6.18295,Nuit sans éclairage public,Hors agglomération,Hors intersection,Normale,Deux véhicules - arrière,1,3,6,0,1,1,1,0,1,110,2,1,0,0,0,1,38.0,,voiture,,3,1,1,1,2
202000031806,2020-12-13 16:00:00,2020,12,13,16,0,92,92002,AUTOROUTE A10,48.7364821,2.3174313,Plein jour,Hors agglomération,Hors intersection,Pluie légère,Sans collision,1,1,2,0,1,2,2,2,1,90,1,1,0,0,1,0,25.0,,deux_roues,,1,1,1,2,7
202000031807,2020-12-12 21:10:00,2020,12,12,21,10,94,94021,AUTOROUTE A6B,48.7617,2.3403,Nuit sans éclairage public,Hors agglomération,Hors intersection,Normale,Deux véhicules - arrière,1,1,3,0,1,1,2,0,1,90,2,3,1,0,0,2,25.0,20.0,voiture,voiture,3,1,1,1,2
202000031808,2020-12-13 12:50:00,2020,12,13,12,50,92,92064,A13,48.8385031,2.19236,Plein jour,Hors agglomération,Hors intersection,Normale,Autre collision,1,3,3,0,1,1,2,0,1,90,1,4,0,0,2,2,19.0,,voiture,,1,1,1,1,6
202000031809,2020-12-13 03:00:00,2020,12,13,3,0,78,78524,A13,48.8403,2.1129,Nuit avec éclairage allumé,Hors agglomération,Hors intersection,Normale,Autre collision,1,3,8,0,1,1,2,0,1,110,1,1,0,0,0,1,53.0,,voiture,,5,1,1,1,6
202000031810,2020-12-12 15:50:00,2020,12,12,15,50,92,92063,A86,48.8854343,2.1652776,Plein jour,Hors agglomération,Hors intersection,Pluie légère,Autre collision,1,1,3,0,1,1,2,1,1,70,1,1,0,0,0,1,28.0,,voiture,,1,1,1,2,6
202000031811,2020-12-13 19:00:00,2020,12,13,19,0,93,93010,AUTOROUTE A3,48.90957,2.47425,Nuit sans éclairage public,Hors agglomération,Hors intersection,Pluie légère,Trois véhicules et plus - en chaîne,1,3,7,0,1,1,1,0,1,90,3,4,3,0,0,1,50.0,63.0,voiture,voiture,3,1,1,2,4
202000031812,2020-12-13 17:30:00,2020,12,13,17,30,93,93005,AUTOROUTE A1,48.9648,2.47501,Crépuscule ou aube,Hors agglomération,Hors intersection,Pluie légère,Deux véhicules - arrière,1,3,10,0,1,1,2,0,1,90,2,3,2,0,0,1,40.0,53.0,voiture,utilitaire_camion,2,1,1,2,2
202000031813,2020-12-13 06:00:00,2020,12,13,6,0,77,77249,RN104,48.734241,2.610758,Nuit sans éclairage public,Hors agglomération,Autre intersection,Normale,Autre collision,2,1,2,0,1,1,1,2,3,110,1,1,0,0,1,0,22.0,,voiture,,3,1,9,1,6
202000031814,2020-12-12 12:45:00,2020,12,12,12,45,988,98818,VE1 SENS SUD/NORD,-22.24934,166.45242,Plein jour,En agglomération,Hors intersection,Pluie légère,Deux véhicules - côté,1,3,4,0,1,1,2,9,1,70,2,3,2,0,0,1,32.0,32.0,voiture,voiture,1,2,1,2,3
202000031815,2020-12-12 18:00:00,2020,12,12,18,0,974,97416,GAGARINE (RUE YOURI),-21.32597,55.47931,Plein jour,En agglomération,Intersection en T,Normale,Sans collision,4,2,2,0,1,3,1,0,1,50,1,1,0,0,1,0,34.0,,deux_roues,,1,2,3,1,7
202000031816,2020-12-12 18:25:00,2020,12,12,18,25,974,97409,MASCAREIGNES (Avenue des),-20.93322,55.64615,Plein jour,En agglomération,Hors intersection,Normale,Autre collision,2,2,2,0,1,1,1,0,1,50,1,1,0,0,1,0,19.0,,deux_roues,,1,2,1,1,6
202000031817,2020-12-12 08:55:00,2020,12,12,8,55,974,97407,CARPAYE(AVENUE),-20.94963,55.30158,Plein jour,En agglomération,Giratoire,Normale,Deux véhicules - côté,2,-1,2,1,1,3,1,0,5,50,2,2,1,0,0,1,70.0,62.0,voiture,deux_roues,1,2,6,1,3
202000031818,2020-12-12 02:10:00,2020,12,12,2,10,973,97302,ROUTE NATIONALE 1,4.9137803,-52.328926,Nuit avec éclairage allumé,Hors agglomération,Hors intersection,Autre,Deux véhicules - côté,2,3,4,0,1,1,2,0,3,90,2,3,2,0,0,1,56.0,30.0,utilitaire_camion,voiture,5,1,1,9,3
202000031819,2020-12-12 13:45:00,2020,12,12,13,45,69,69387,LORTET                              (R ),45.74323,4.8349,Plein jour,En agglomération,Hors intersection,Normale,Deux véhicules - côté,4,2,2,0,1,1,2,0,1,50,2,2,1,0,0,1,32.0,28.0,voiture,utilitaire_camion,1,2,1,1,3
202000031820,2020-12-12 15:00:00,2020,12,12,15,0,69,69383,GAMBETTA                            (CO),45.75002,4.85826,Plein jour,En agglomération,Intersection en T,Pluie légère,Deux véhicules - côté,4,1,4,1,1,1,2,0,1,50,2,2,1,0,0,1,28.0,27.0,deux_roues,voiture,1,2,3,2,3
202000031821,2020-12-12 10:40:00,2020,12,12,10,40,69,69259,AMBROISE CROIZAT                    (BD),45.70042,4.8875,Plein jour,En agglomération,Intersection en T,Pluie légère,Autre collision,3,3,4,0,1,1,2,0,1,50,1,2,1,0,0,1,52.0,,voiture,,1,2,3,2,6
202000031822,2020-12-12 14:00:00,2020,12,12,14,0,972,97213,DEPARTEMENTALE 28,14.6336662,-60.95438,Plein jour,Hors agglomération,Hors intersection,Normale,Deux véhicules - côté,3,3,1,0,2,4,1,0,1,50,2,2,1,0,0,1,36.0,19.0,voiture,voiture,1,1,1,1,3
202000031823,2020-12-11 22:10:00,2020,12,11,22,10,972,97209,MONTREDON ( Rue Cécile),14.61145,-61.04306,Nuit avec éclairage allumé,En agglomération,Hors intersection,Normale,Sans collision,2,2,2,0,2,1,1,9,1,30,1,1,0,0,0,1,26.0,,deux_roues,,5,2,1,1,7
202000031824,2020-12-12 14:40:00,2020,12,12,14,40,69,69381,JEAN MOULIN                         (QU),45.76777,4.83796,Plein jour,En agglomération,Intersection en T,Temps couvert,Deux véhicules - côté,4,1,4,3,2,1,2,0,1,50,2,3,1,0,0,2,41.0,74.0,voiture,voiture,1,2,3,8,3
202000031825,2020-12-11 18:50:00,2020,12,11,18,50,69,69034,PIERRE BRUNIER                      (R ),45.78465,4.82968,Nuit avec éclairage allumé,En agglomération,Hors intersection,Pluie légère,Deux véhicules - arrière,4,2,2,0,1,1,2,0,1,50,2,2,1,0,0,1,42.0,49.0,utilitaire_camion,deux_roues,5,2,1,2,2
202000031826,2020-12-12 12:10:00,2020,12,12,12,10,95,95476,PUISEUX (RUE DE),49.061634,2.057983,Plein jour,En agglomération,Hors intersection,Pluie légère,Autre collision,4,1,1,0,4,2,2,0,1,30,1,1,0,1,0,0,14.0,,deux_roues,,1,2,1,2,6
202000031827,2020-12-12 20:00:00,2020,12,12,20,0,91,91687,GUISE (AVENUE DE),48.65406,2.36601,Nuit avec éclairage allumé,En agglomération,Hors intersection,Pluie légère,Trois véhicules et plus - en chaîne,4,2,1,0,1,1,2,9,4,30,6,4,2,0,0,2,51.0,,voiture,,5,2,1,2,4
202000031828,2020-12-11 12:00:00,2020,12,11,12,0,91,91434,GRIBELETTE (BOULEVARD DE LA),48.64564,2.34919,Plein jour,En agglomération,Hors intersection,Pluie légère,Trois véhicules et plus - en chaîne,4,2,1,0,1,1,2,0,1,35,3,3,2,0,0,1,30.0,50.0,voiture,voiture,1,2,1,2,4
202000031829,2020-12-12 10:20:00,2020,12,12,10,20,91,91223,VICTOIRE (ROND-POINT DE LA),48.43715,2.16315,Plein jour,En agglomération,Giratoire,Normale,Deux véhicules - côté,3,2,2,0,2,1,1,5,1,50,2,2,1,0,0,1,49.0,51.0,voiture,deux_roues,1,2,6,1,3
202000031830,2020-12-12 15:38:00,2020,12,12,15,38,88,88209,LORRAINE (RUE DE),48.20932,6.44113,Plein jour,En agglomération,Hors intersection,Pluie légère,Deux véhicules - frontale,3,2,2,0,1,1,2,0,1,50,2,3,2,0,0,1,70.0,48.0,voiture,voiture,1,2,1,2,1
202000031831,2020-12-11 18:35:00,2020,12,11,18,35,78,78123,EUROPE BD DE L',48.936915,2.038388,Nuit avec éclairage allumé,Hors agglomération,Hors intersection,Pluie légère,Trois véhicules et plus - collisions multiples,3,2,4,0,1,1,2,2,1,50,4,4,2,1,0,1,81.0,49.0,voiture,voiture,5,1,1,2,5
202000031832,2020-12-12 14:30:00,2020,12,12,14,30,69,69029,LIONEL TERRAY                       (R ),45.72955,4.89386,Plein jour,En agglomération,Hors intersection,Temps couvert,Deux véhicules - arrière,2,1,3,3,3,1,1,0,1,50,2,1,0,0,0,1,24.0,,voiture,,1,2,1,8,2
202000031833,2020-12-11 19:38:00,2020,12,11,19,38,69,69290,HEYRIEUX (D')                       (RO),45.6879507,4.9422877,Nuit avec éclairage allumé,En agglomération,Hors intersection,Pluie légère,Trois véhicules et plus - en chaîne,3,2,2,0,1,1,2,0,1,50,3,4,2,0,0,2,51.0,46.0,voiture,voiture,5,2,1,2,4
202000031834,2020-12-12 16:35:00,2020,12,12,16,35,69,69264,MONPLAISIR,45.9937222,4.7230641,Nuit avec éclairage allumé,En agglomération,Hors intersection,Normale,Autre collision,4,2,2,1,1,1,1,0,1,50,1,3,2,0,1,0,69.0,,voiture,,5,2,1,1,6
202000031835,2020-12-10 07:40:00,2020,12,10,7,40,68,68297,HURST ( RUE ),47.58602,7.56105,Crépuscule ou aube,En agglomération,Hors intersection,Normale,Autre collision,4,2,2,2,1,1,2,9,1,50,1,2,1,0,1,0,38.0,,voiture,,2,2,1,1,6
202000031836,2020-12-11 19:39:00,2020,12,11,19,39,68,68154,,47.77373,7.35049,Nuit sans éclairage public,Hors agglomération,Hors intersection,Pluie légère,Deux véhicules - arrière,1,3,6,0,1,1,2,0,1,110,2,2,0,0,0,2,21.0,51.0,utilitaire_camion,utilitaire_camion,3,1,1,2,2
202000031837,2020-12-12 14:15:00,2020,12,12,14,15,64,64445,18EME REGIMENT D'INFANTERIE DU,43.29795,-0.38667,Plein jour,En agglomération,Intersection en T,Normale,Deux véhicules - arrière,4,1,1,0,2,3,2,0,1,50,2,2,1,0,0,1,65.0,59.0,voiture,voiture,1,2,3,1,2
202000031838,2020-12-11 13:50:00,2020,12,11,13,50,64,64445,LOUIS SALLENAVE,43.3172532,-0.359821,Plein jour,En agglomération,Hors intersection,Normale,Deux véhicules - côté,6,-1,0,1,1,1,2,0,1,50,2,2,1,0,0,1,33.0,63.0,deux_roues,voiture,1,2,1,1,3
202000031839,2020-12-11 18:00:00,2020,12,11,18,0,56,56260,Rue Alexandre le Pontois,47.65419,-2.75768,Nuit avec éclairage allumé,En agglomération,Intersection en T,Temps couvert,Autre collision,4,2,3,0,2,1,2,6,1,30,1,3,1,0,0,2,82.0,,voiture,,5,2,3,8,6
202000031840,2020-12-12 22:35:00,2020,12,12,22,35,54,54547,CHARMOIS (AVENUE DU),48.6668358,6.1720888,Nuit avec éclairage allumé,En agglomération,Intersection en T,Pluie légère,,4,2,2,0,1,1,2,0,1,30,2,1,0,0,0,1,27.0,,deux_roues,,5,2,3,2,-1
202000031841,2020-12-12 21:00:00,2020,12,12,21,0,54,54025,CHARTREUSE (AVENUE DE LA),48.6592925,6.2592204,Nuit avec éclairage allumé,En agglomération,Intersection en Y,Pluie forte,Deux véhicules - côté,3,2,3,0,1,1,2,0,1,50,2,2,1,0,1,0,19.0,50.0,deux_roues,voiture,5,2,4,3,3
202000031842,2020-12-10 16:35:00,2020,12,10,16,35,52,52448,RD384,48.62491,4.93066,Crépuscule ou aube,Hors agglomération,Intersection en X,Normale,Deux véhicules - arrière,3,2,2,0,1,1,1,5,1,70,2,2,1,0,1,0,46.0,81.0,deux_roues,voiture,2,1,2,1,2
202000031843,2020-12-11 18:11:00,2020,12,11,18,11,37,37261,COLOMBIER (RUE),47.4224324,0.7059695,Nuit avec éclairage allumé,En agglomération,Intersection en T,Normale,Autre collision,4,2,2,0,1,1,2,0,1,50,1,2,1,0,0,1,53.0,,voiture,,5,2,3,1,6
202000031844,2020-12-12 20:45:00,2020,12,12,20,45,33,33063,CRS PORTAL,44.85429,-0.57224,Nuit avec éclairage allumé,En agglomération,Intersection en X,Pluie forte,Deux véhicules - côté,4,2,2,0,1,1,2,0,8,50,2,2,1,0,0,1,20.0,23.0,voiture,deux_roues,5,2,2,3,3
202000031845,2020-12-12 10:10:00,2020,12,12,10,10,33,33063,AVE LOUIS BARTHOU CAUD,44.85222,-0.61464,Plein jour,En agglomération,Intersection en T,Pluie légère,Autre collision,4,2,2,0,1,1,2,5,1,50,1,2,1,1,0,0,58.0,,voiture,,1,2,3,2,6
202000031846,2020-12-12 21:50:00,2020,12,12,21,50,30,30189,BONFA (RUE),43.82681,4.36116,Nuit avec éclairage allumé,En agglomération,Intersection en X,Normale,Sans collision,4,2,2,0,4,1,1,0,1,50,1,4,2,0,0,2,36.0,,voiture,,5,2,2,1,7
202000031847,2020-12-11 17:10:00,2020,12,11,17,10,30,30007,FAUBOURG DU SOLEIL (RUE DU),44.11851,4.07977,Nuit avec éclairage allumé,En agglomération,Hors intersection,Pluie forte,Deux véhicules - frontale,4,2,1,0,1,1,2,0,1,30,2,4,3,0,0,1,50.0,22.0,voiture,voiture,5,2,1,3,1
202000031848,2020-12-12 23:25:00,2020,12,12,23,25,17,17291,N11,46.17251,-1.11902,Nuit sans éclairage public,Hors agglomération,Intersection en X,Temps couvert,Deux véhicules - arrière,2,3,2,0,1,1,1,5,1,70,2,2,0,0,0,2,30.0,,voiture,,3,1,2,8,2
202000031849,2020-12-11 18:15:00,2020,12,11,18,15,14,14557,OX AND BUCKS (AVENUE),49.3391,0.0984,Nuit avec éclairage allumé,En agglomération,Hors intersection,Pluie légère,Deux véhicules - côté,3,2,2,0,1,1,2,0,1,50,2,2,1,0,1,0,57.0,25.0,voiture,deux_roues,5,2,1,2,3
202000031850,2020-12-12 21:20:00,2020,12,12,21,20,13,13207,Corniche John Fitzgérald Kennedy,43.275386,5.359846,Nuit avec éclairage allumé,En agglomération,Hors intersection,Normale,Autre collision,4,2,-1,0,2,2,1,0,1,50,1,1,0,0,1,0,40.0,,voiture,,5,2,1,1,6
202000031851,2020-12-12 13:55:00,2020,12,12,13,55,13,13209,SAINTE MARGUERITE (BOULEVARD),43.265189,5.408953,Plein jour,En agglomération,Autre intersection,Normale,Deux véhicules - arrière,4,2,6,0,2,2,1,0,8,50,2,2,0,0,0,2,70.0,38.0,voiture,voiture,1,2,9,1,2
202000031852,2020-12-11 16:15:00,2020,12,11,16,15,01,01014,PASTEUR (RUE),46.275,5.67395,Plein jour,En agglomération,Hors intersection,Vent fort / tempête,Autre collision,4,2,2,0,4,1,2,0,1,50,1,2,1,0,1,0,63.0,,voiture,,1,2,1,6,6
202000031853,2020-12-11 12:46:00,2020,12,11,12,46,75,75112,ECHANGEUR BERCY,48.827652,2.393982,Plein jour,En agglomération,Intersection en Y,Normale,Deux véhicules - côté,4,1,4,0,1,1,1,0,1,70,2,2,1,0,0,1,22.0,47.0,deux_roues,utilitaire_camion,1,2,4,1,3
202000031854,2020-12-11 07:57:00,2020,12,11,7,57,75,75106,BOULEVARD RASPAIL,48.848091,2.327933,Nuit avec éclairage allumé,En agglomération,Intersection en X,Pluie légère,Autre collision,4,1,2,0,1,1,2,0,1,50,1,2,1,0,1,0,54.0,,utilitaire_camion,,5,2,2,2,6
202000031855,2020-12-12 18:10:00,2020,12,12,18,10,75,75119,RUE DE MEAUX,48.882355,2.374775,Nuit avec éclairage allumé,En agglomération,Hors intersection,Pluie légère,Deux véhicules - arrière,4,1,1,0,1,1,2,0,1,50,2,2,1,0,0,1,30.0,19.0,voiture,deux_roues,5,2,1,2,2
202000031856,2020-12-11 20:19:00,2020,12,11,20,19,75,75116,BOULEVARD LANNES,48.865875,2.270981,Nuit avec éclairage allumé,En agglomération,Hors intersection,Pluie légère,Deux véhicules - côté,4,2,4,0,1,1,2,0,1,50,2,2,1,0,0,1,54.0,24.0,voiture,deux_roues,5,2,1,2,3
202000031857,2020-12-12 19:55:00,2020,12,12,19,55,75,75115,AVENUE DE LA PORTE BRANCION,48.825443,2.300432,Nuit avec éclairage allumé,En agglomération,Intersection en X,Pluie légère,Deux véhicules - côté,4,2,3,0,1,2,2,0,1,50,2,3,2,0,0,1,47.0,26.0,voiture,voiture,5,2,2,2,3
202000031858,2020-12-12 19:25:00,2020,12,12,19,25,75,75107,QUAI ANATOLE FRANCE,48.861798,2.321859,Nuit avec éclairage allumé,En agglomération,Hors intersection,Pluie légère,Trois véhicules et plus - collisions multiples,4,1,1,0,1,1,2,0,1,50,3,4,3,0,0,1,33.0,58.0,utilitaire_camion,deux_roues,5,2,1,2,5
202000031859,2020-12-12 18:45:00,2020,12,12,18,45,75,75113,AVENUE D ITALIE,48.8271,2.356985,Nuit avec éclairage allumé,En agglomération,Hors intersection,Normale,Autre collision,4,2,4,1,1,1,2,-1,5,50,1,2,0,0,0,2,45.0,,deux_roues,,5,2,1,1,6
202000031860,2020-12-12 15:24:00,2020,12,12,15,24,75,75113,BOULEVARD MASSENA,48.82056,2.366035,Plein jour,En agglomération,Intersection en T,Pluie forte,Autre collision,4,2,4,0,1,1,2,0,1,50,1,2,1,0,0,1,22.0,,deux_roues,,1,2,3,3,6