accident_id,datetime,annee,mois,jour,heure,minute,departement,commune_insee,adresse,latitude,longitude,luminosite,agglomeration,intersection,meteo,collision,catr,circ,nbv,vosp,prof,plan,surf,infra,situ,vma,nb_vehicules,nb_usagers,nb_indemnes,nb_tues,nb_blesses_hosp,nb_blesses_legers,age_cond_1,age_cond_2,veh_type_cond_1,veh_type_cond_2,lum_code,agg_code,int_code,atm_code,col_code
202000031953,2020-01-15 01:40:00,2020,1,15,1,40,75,75117,RUE ANDRE BRECHET,48.898994,2.328753,Nuit avec éclairage allumé,En agglomération,Intersection en T,Normale,Deux véhicules - côté,4,1,3,0,1,1,1,0,1,30,2,3,2,0,0,1,30.0,23.0,deux_roues,voiture,5,2,3,1,3
202000031954,2020-01-15 20:20:00,2020,1,15,20,20,75,75116,BOULEVARD DE L AMIRAL BRUIX,48.876798,2.282871,Nuit avec éclairage allumé,En agglomération,Hors intersection,Pluie légère,Autre collision,4,2,4,0,1,1,2,0,1,50,1,2,1,0,0,1,35.0,,voiture,,5,2,1,2,6
202000031955,2020-01-15 13:30:00,2020,1,15,13,30,75,75116,ALLEE DE LA REINE MARGUERITE,48.8666652,2.250223,Plein jour,En agglomération,Hors intersection,Temps couvert,,4,2,4,0,1,1,1,0,1,50,2,2,1,0,0,1,79.0,45.0,utilitaire_camion,utilitaire_camion,1,2,1,8,-1
202000031956,2020-01-15 09:45:00,2020,1,15,9,45,75,75116,VOIE GEORGES POMPIDOU,48.841123,2.268795,Plein jour,En agglomération,Hors intersection,Normale,Deux véhicules - arrière,4,1,1,1,2,1,1,-1,5,50,2,2,1,0,0,1,34.0,28.0,deux_roues,deux_roues,1,2,1,1,2
202000031957,2020-01-15 15:15:00,2020,1,15,15,15,75,75115,RUE DE L AVRE,48.8479154,2.2976605,Plein jour,En agglomération,Hors intersection,Normale,Autre collision,4,1,1,0,1,1,1,0,1,50,1,1,0,0,0,1,32.0,,deux_roues,,1,2,1,1,6
202000031958,2020-01-15 08:45:00,2020,1,15,8,45,75,75115,RUE BRANCION,48.830188,2.3019142,Plein jour,En agglomération,Intersection en T,Normale,Autre collision,4,2,2,0,2,1,1,0,1,30,1,2,1,0,0,1,67.0,,deux_roues,,1,2,3,1,6
202000031959,2020-01-15 01:30:00,2020,1,15,1,30,75,75114,RUE D ALESIA,48.8312183,2.3168023,Nuit avec éclairage allumé,En agglomération,Hors intersection,Normale,Sans collision,4,2,3,0,1,1,1,0,1,50,1,1,0,0,0,1,17.0,,deux_roues,,5,2,1,1,7
202000031960,2020-01-15 19:40:00,2020,1,15,19,40,75,75113,AVENUE D ITALIE,48.8228133,2.35837,Nuit avec éclairage allumé,En agglomération,Intersection en T,Pluie légère,Autre collision,4,2,1,0,1,1,2,0,1,50,1,2,1,0,0,1,60.0,,deux_roues,,5,2,3,2,6
202000031961,2020-01-15 18:18:00,2020,1,15,18,18,75,75113,RUE RAYMOND ARON,48.834882,2.373916,Nuit avec éclairage allumé,En agglomération,Intersection en T,Temps couvert,Autre collision,4,2,2,0,2,1,2,0,1,50,1,2,1,0,0,1,57.0,,voiture,,5,2,3,8,6
202000031962,2020-01-15 08:05:00,2020,1,15,8,5,75,75113,BOULEVARD DE L HOPITAL,48.8352051,2.3582735,Plein jour,En agglomération,Intersection en Y,Normale,Deux véhicules - arrière,4,2,4,0,1,1,1,0,1,50,2,2,1,0,0,1,47.0,28.0,deux_roues,voiture,1,2,4,1,2
202000031963,2020-01-15 18:50:00,2020,1,15,18,50,75,75112,RUE JOSEPH KESSEL,48.835298,2.3853465,Nuit avec éclairage allumé,En agglomération,Intersection en X,Normale,Autre collision,4,2,2,0,1,1,2,0,1,50,1,2,1,0,0,1,54.0,,voiture,,5,2,2,1,6
202000031964,2020-01-15 14:30:00,2020,1,15,14,30,75,75111,BOULEVARD JULES FERRY,48.8683071,2.3673311,Plein jour,En agglomération,Hors intersection,Temps couvert,Trois véhicules et plus - en chaîne,4,1,2,0,1,1,1,0,1,50,3,2,1,0,0,1,30.0,24.0,voiture,deux_roues,1,2,1,8,4
202000031965,2020-01-15 14:00:00,2020,1,15,14,0,75,75109,RUE DE CAUMARTIN,48.8750817,2.3284645,Plein jour,En agglomération,Hors intersection,Normale,Autre collision,4,1,1,0,1,1,1,6,1,20,1,3,1,0,0,2,28.0,,deux_roues,,1,2,1,1,6
202000031966,2020-01-15 05:56:00,2020,1,15,5,56,75,75108,PLACE DE LA CONCORDE,48.865515,2.319641,Nuit avec éclairage allumé,En agglomération,Hors intersection,Normale,Sans collision,4,1,4,0,1,1,1,0,4,50,1,1,0,0,0,1,20.0,,deux_roues,,5,2,1,1,7
202000031967,2020-01-15 19:50:00,2020,1,15,19,50,75,75104,QUAI DE L HOTEL DE VILLE,48.8558976,2.3511731,Nuit avec éclairage allumé,En agglomération,Intersection en X,Pluie légère,Autre collision,4,2,6,0,1,1,2,0,1,50,1,2,1,0,0,1,23.0,,voiture,,5,2,2,2,6
202000031968,2020-01-13 18:15:00,2020,1,13,18,15,75,75103,RUE CHAPON,48.863415,2.356041,Nuit avec éclairage allumé,En agglomération,Hors intersection,Normale,Sans collision,4,1,1,0,1,1,1,8,1,50,1,1,0,0,0,1,56.0,,deux_roues,,5,2,1,1,7
202000031969,2020-01-15 20:30:00,2020,1,15,20,30,75,75103,RUE DE BEARN,48.8568235,2.3659953,Nuit avec éclairage allumé,En agglomération,Intersection en X,Pluie légère,Deux véhicules - côté,4,1,2,0,1,1,2,0,1,30,2,3,1,0,0,2,34.0,32.0,voiture,deux_roues,5,2,2,2,3
202000031970,2020-01-15 10:50:00,2020,1,15,10,50,75,75104,RUE SAINT ANTOINE,48.8546704,2.3627593,Plein jour,En agglomération,Intersection en T,Normale,Autre collision,4,2,3,0,1,1,1,0,1,50,1,2,1,0,0,1,22.0,,voiture,,1,2,3,1,6
202000031971,2020-01-14 20:45:00,2020,1,14,20,45,75,75104,QUAI DE L HOTEL DE VILLE,48.8543687,2.3549385,Nuit avec éclairage allumé,En agglomération,Intersection en X,Pluie légère,Deux véhicules - côté,4,2,3,0,1,1,2,0,1,50,2,2,1,0,0,1,41.0,60.0,deux_roues,voiture,5,2,2,2,3
202000031972,2020-01-15 00:30:00,2020,1,15,0,30,94,94077,PAUL VAILLANT COUTURIER (AV),48.735,2.419,Nuit avec éclairage allumé,En agglomération,Giratoire,Normale,Sans collision,4,2,2,0,1,1,1,0,1,50,1,1,0,0,0,1,53.0,,voiture,,5,2,6,1,7
202000031973,2020-01-14 19:00:00,2020,1,14,19,0,94,94068,VARENNE (R DE LA),48.809408,2.471786,Nuit avec éclairage allumé,En agglomération,Hors intersection,Normale,Autre collision,3,1,2,0,1,1,1,9,1,50,1,2,0,0,0,2,57.0,,deux_roues,,5,2,1,1,6
202000031974,2020-01-15 19:35:00,2020,1,15,19,35,94,94015,FOUR (R DU),48.83455,2.52003,Nuit avec éclairage allumé,En agglomération,Hors intersection,Pluie légère,Autre collision,3,-1,0,0,1,3,2,9,1,50,1,2,1,0,0,1,61.0,,voiture,,5,2,1,2,6
202000031975,2020-01-15 17:55:00,2020,1,15,17,55,94,94076,MAXIME GORKI (R),48.7963,2.36853,Nuit sans éclairage public,En agglomération,Hors intersection,Pluie légère,Autre collision,3,2,4,0,1,1,2,0,1,50,1,2,1,0,0,1,28.0,,voiture,,3,2,1,2,6
202000031976,2020-01-15 14:30:00,2020,1,15,14,30,94,94076,STALINGRAD (AV DE),48.78536,2.36672,Plein jour,Hors agglomération,Hors intersection,Normale,Deux véhicules - frontale,3,1,0,1,1,1,1,6,5,30,2,2,1,0,0,1,65.0,23.0,deux_roues,voiture,1,1,1,1,1
202000031977,2020-01-15 11:35:00,2020,1,15,11,35,94,94003,SIMON (IMP),48.79873,2.34652,Plein jour,En agglomération,Hors intersection,Normale,Autre collision,4,2,1,0,1,1,1,0,1,30,1,3,2,0,1,0,56.0,,voiture,,1,2,1,1,6
202000031978,2020-01-15 19:20:00,2020,1,15,19,20,94,94017,ROGER SALENGRO (AV),48.81783,2.49454,Nuit avec éclairage allumé,En agglomération,Autre intersection,Pluie légère,Deux véhicules - arrière,3,3,4,0,1,1,2,0,1,50,2,1,0,0,0,1,54.0,,voiture,,5,2,9,2,2
202000031979,2020-01-15 12:15:00,2020,1,15,12,15,93,93078,LECLERC (AVENUE DU GENERAL),48.948093,2.561157,Plein jour,En agglomération,Intersection en X,Normale,Deux véhicules - côté,4,2,2,0,1,1,1,0,1,50,2,2,1,0,0,1,18.0,40.0,deux_roues,voiture,1,2,2,1,3
202000031980,2020-01-15 10:00:00,2020,1,15,10,0,93,93064,ALL DE L'ESPERANCE,48.8829,2.4954,Plein jour,En agglomération,Hors intersection,Normale,Deux véhicules - côté,3,2,2,0,1,3,1,0,1,50,2,2,1,0,0,1,29.0,21.0,deux_roues,voiture,1,2,1,1,3
202000031981,2020-01-15 12:20:00,2020,1,15,12,20,93,93027,PASTEUR (BOULEVARD) DE 40 A +,48.92917,2.38557,Plein jour,En agglomération,Autre intersection,Temps couvert,Deux véhicules - arrière,3,1,2,0,1,1,1,5,3,50,2,3,2,0,0,1,25.0,32.0,utilitaire_camion,voiture,1,2,9,8,2
202000031982,2020-01-15 15:45:00,2020,1,15,15,45,93,93010,BLANQUI (AL. LOUIS-AUGUSTE),48.9205473,2.4572217,Plein jour,En agglomération,Hors intersection,Normale,Deux véhicules - côté,4,2,1,0,1,1,1,0,1,30,2,2,1,0,0,1,36.0,26.0,deux_roues,utilitaire_camion,1,2,1,1,3
202000031983,2020-01-15 11:10:00,2020,1,15,11,10,93,93010,PASTEUR (AV.),48.90307,2.48313,Plein jour,En agglomération,Intersection en Y,Normale,Deux véhicules - côté,3,2,2,0,1,3,1,0,1,50,2,2,1,0,0,1,66.0,27.0,voiture,deux_roues,1,2,4,1,3
202000031984,2020-01-15 16:15:00,2020,1,15,16,15,93,93005,MERCURE (PLACE),48.958,2.50315,Plein jour,En agglomération,Intersection en T,Normale,Deux véhicules - côté,4,2,2,0,1,1,1,0,1,50,2,2,1,0,0,1,17.0,43.0,deux_roues,voiture,1,2,3,1,3
202000031985,2020-01-15 17:00:00,2020,1,15,17,0,93,93001,R DE SAINT GOBAIN ,48.9128,2.36706,Plein jour,En agglomération,Hors intersection,Pluie légère,Autre collision,4,2,2,0,1,1,2,8,1,50,1,2,1,0,1,0,24.0,,voiture,,1,2,1,2,6
202000031986,2020-01-14 20:45:00,2020,1,14,20,45,92,92036,GABRIEL PERI (AVENUE) (60/134),48.91631,2.29582,Nuit avec éclairage allumé,En agglomération,Intersection en T,Normale,Autre collision,3,2,2,0,1,1,1,0,1,50,1,1,0,0,1,0,,,,,5,2,3,1,6
202000031987,2020-01-15 18:35:00,2020,1,15,18,35,92,92012,REINE (ROUTE DE LA) 82/FIN - 107TER/FIN,48.8399723,2.2374297,Nuit avec éclairage allumé,En agglomération,Intersection en X,Temps couvert,Autre collision,3,3,4,0,1,1,2,0,1,50,1,2,1,0,0,1,39.0,,voiture,,5,2,2,8,6
202000031988,2020-01-15 09:05:00,2020,1,15,9,5,92,92012,DOME (RUE DU),48.831956,2.248156,Plein jour,En agglomération,Hors intersection,Normale,Autre collision,4,1,1,1,1,1,1,0,1,50,1,2,1,0,0,1,36.0,,deux_roues,,1,2,1,1,6
202000031989,2020-01-16 16:15:00,2020,1,16,16,15,66,66190,A9,42.853814,2.941396,Plein jour,Hors agglomération,Hors intersection,Normale,Deux véhicules - arrière,1,1,5,0,1,1,1,0,2,130,2,2,0,0,0,2,45.0,,utilitaire_camion,,1,1,1,1,2
202000031990,2020-01-15 14:00:00,2020,1,15,14,0,17,17194,Rue de Chatelaillon,46.128513,-1.013583,Plein jour,En agglomération,Hors intersection,Normale,Sans collision,3,2,2,0,1,2,1,0,3,80,1,1,0,0,1,0,17.0,,deux_roues,,1,2,1,1,7
202000031991,2020-01-14 15:12:00,2020,1,14,15,12,52,52189,A31,47.660652,5.175088,Plein jour,Hors agglomération,Hors intersection,Normale,Deux véhicules - arrière,1,3,4,3,4,1,1,0,1,130,2,2,1,0,1,0,47.0,34.0,utilitaire_camion,voiture,1,1,1,1,2
202000031992,2020-01-16 16:00:00,2020,1,16,16,0,29,29302,Pont-de-Buis-lès-Quimerch,48.263556,-4.113607,Plein jour,Hors agglomération,Hors intersection,Pluie forte,Autre collision,2,3,4,-1,1,1,2,0,3,110,1,1,0,1,0,0,45.0,,voiture,,1,1,1,3,6
202000031993,2020-01-15 21:50:00,2020,1,15,21,50,971,97133,63 Route de Beau Rivage,15.94829,-61.69637,Nuit avec éclairage allumé,En agglomération,Intersection en Y,Normale,Deux véhicules - frontale,3,2,2,0,3,1,1,9,1,50,2,2,1,0,1,0,18.0,56.0,deux_roues,voiture,5,2,4,1,1
202000031994,2020-01-13 18:05:00,2020,1,13,18,5,22,22185,13 Rue de la République,48.367754,-2.395219,Nuit avec éclairage allumé,En agglomération,Intersection en T,Pluie légère,Deux véhicules - côté,3,2,2,0,1,1,2,0,1,50,2,2,1,0,1,0,22.0,16.0,voiture,deux_roues,5,2,3,2,3
202000031995,2020-01-12 10:50:00,2020,1,12,10,50,21,21081,D16,47.367636,4.775084,Plein jour,Hors agglomération,Intersection à plus de 4 branches,Temps éblouissant,Deux véhicules - côté,3,2,2,0,3,1,1,5,1,80,2,3,0,0,1,2,72.0,67.0,voiture,voiture,1,1,5,7,3
202000031996,2020-01-16 12:20:00,2020,1,16,12,20,37,37261,autoroute A10,47.4149482,0.7295823,Plein jour,Hors agglomération,Hors intersection,Normale,Autre collision,1,3,3,0,1,1,1,0,1,90,1,1,0,0,1,0,50.0,,utilitaire_camion,,1,1,1,1,6
202000031997,2020-01-15 20:13:00,2020,1,15,20,13,62,62113,D939,50.34973,2.533363,Nuit sans éclairage public,Hors agglomération,Hors intersection,Normale,Deux véhicules - frontale,3,2,2,0,1,1,2,0,1,80,2,2,1,1,0,0,34.0,66.0,voiture,utilitaire_camion,3,1,1,1,1
202000031998,2020-01-16 11:20:00,2020,1,16,11,20,62,62434,D1,50.189965,2.563044,Plein jour,Hors agglomération,Hors intersection,Normale,Autre collision,3,2,2,0,1,1,2,0,3,80,1,1,0,0,1,0,26.0,,voiture,,1,1,1,1,6
202000031999,2020-01-16 10:50:00,2020,1,16,10,50,74,74134,46 Rue du Chêne,46.156418,6.667385,Plein jour,En agglomération,Intersection en T,Temps éblouissant,Autre collision,4,1,1,0,2,1,1,0,1,30,1,3,2,0,1,0,21.0,,utilitaire_camion,,1,2,3,7,6
202000032000,2020-01-16 12:30:00,2020,1,16,12,30,80,80205,D216,50.012731,2.015283,Plein jour,Hors agglomération,Hors intersection,Temps éblouissant,Deux véhicules - frontale,3,2,2,0,1,1,2,0,1,80,2,2,0,0,0,2,76.0,60.0,voiture,voiture,1,1,1,7,1
202000032001,2020-01-15 11:45:00,2020,1,15,11,45,32,32369,D931,43.783849,-0.015712,Plein jour,Hors agglomération,Hors intersection,Normale,Autre collision,3,2,2,0,1,2,1,0,3,80,1,1,0,0,1,0,65.0,,voiture,,1,1,1,1,6
202000032002,2020-01-16 10:30:00,2020,1,16,10,30,71,71426,N80,46.7368738,4.6207535,Plein jour,Hors agglomération,Autre intersection,Normale,Deux véhicules - arrière,2,3,4,0,1,1,1,0,2,110,2,2,0,0,1,1,24.0,53.0,utilitaire_camion,utilitaire_camion,1,1,9,1,2
202000032003,2020-01-14 18:50:00,2020,1,14,18,50,71,71269,Rue de la Liberation,46.7543405,4.8471687,Nuit avec éclairage allumé,En agglomération,Hors intersection,Normale,Autre collision,4,2,2,0,1,1,1,0,1,50,1,2,1,0,1,0,74.0,,voiture,,5,2,1,1,6
202000032004,2020-01-16 09:18:00,2020,1,16,9,18,55,55520,N4,48.688798,5.667145,Plein jour,Hors agglomération,Hors intersection,Normale,Autre collision,2,3,4,0,2,2,1,0,1,110,1,1,0,0,1,0,29.0,,voiture,,1,1,1,1,6
202000032005,2020-01-16 05:25:00,2020,1,16,5,25,49,49060,Rue des Grands Clos (Saint-Cyr-en-Bourg),47.187197,-0.056573,Nuit avec éclairage non allumé,En agglomération,Hors intersection,Brouillard / fumée,Autre collision,3,2,2,0,1,2,2,0,4,50,1,1,0,0,1,0,51.0,,voiture,,4,2,1,5,6
202000032006,2020-01-16 17:50:00,2020,1,16,17,50,12,12226,D904,44.75656,2.620975,Crépuscule ou aube,Hors agglomération,Hors intersection,Normale,Deux véhicules - côté,3,2,2,0,1,1,1,0,1,80,2,3,2,1,0,0,73.0,30.0,voiture,utilitaire_camion,2,1,1,1,3
202000032007,2020-01-16 12:10:00,2020,1,16,12,10,47,47310,Tonneins,44.364173,0.338324,Plein jour,Hors agglomération,Hors intersection,Normale,Autre collision,4,2,2,0,4,2,1,0,3,80,1,3,0,1,2,0,19.0,,voiture,,1,1,1,1,6
202000032008,2020-01-12 16:00:00,2020,1,12,16,0,41,41177,D167,48.081353,0.872171,Plein jour,Hors agglomération,Hors intersection,Pluie légère,Autre collision,3,2,2,0,2,2,2,0,3,80,1,2,1,0,1,0,22.0,,voiture,,1,1,1,2,6
202000032009,2020-01-16 18:30:00,2020,1,16,18,30,86,86193,D16,46.7558211,0.7662141,Nuit sans éclairage public,Hors agglomération,Hors intersection,Normale,Autre collision,3,2,2,0,1,1,1,0,1,80,1,2,1,0,1,0,67.0,,voiture,,3,1,1,1,6
202000032010,2020-01-15 19:10:00,2020,1,15,19,10,39,39043,Orbagna - Route de Creve-Ceur,46.580255,5.455876,Nuit sans éclairage public,Hors agglomération,Hors intersection,Normale,Autre collision,4,2,2,0,2,3,1,0,3,80,1,1,0,0,1,0,34.0,,voiture,,3,1,1,1,6
202000032011,2020-01-15 00:05:00,2020,1,15,0,5,44,44178,Le Recredit,47.055742,-1.749636,Nuit sans éclairage public,Hors agglomération,Hors intersection,Pluie légère,Autre collision,3,2,2,0,1,1,2,0,3,80,1,1,0,0,1,0,21.0,,voiture,,3,1,1,2,6
202000032012,2020-01-12 10:00:00,2020,1,12,10,0,29,29184,Kroaz Ar Valy,48.631221,-3.988417,Plein jour,En agglomération,Giratoire,Pluie légère,Deux véhicules - côté,4,1,1,0,1,2,2,0,1,50,2,1,0,0,0,1,45.0,,deux_roues,,1,2,6,2,3
202000032013,2020-01-15 11:30:00,2020,1,15,11,30,29,29097,D11 - Pont Croix,48.4989721,-4.0585886,Plein jour,Hors agglomération,Hors intersection,Normale,Autre collision,3,2,2,0,1,1,2,2,3,70,1,4,1,3,0,0,35.0,,voiture,,1,1,1,1,6
202000032014,2020-01-15 19:15:00,2020,1,15,19,15,29,29160,D788 - Rue des Trois Freres le Roy,48.4985744,-4.4274398,Nuit avec éclairage allumé,En agglomération,Intersection en T,Normale,Deux véhicules - côté,3,2,2,1,2,1,1,5,1,30,2,2,1,0,0,1,30.0,42.0,deux_roues,voiture,5,2,3,1,3
202000032015,2020-01-15 18:15:00,2020,1,15,18,15,31,31107,D627,43.291246,1.216379,Nuit avec éclairage allumé,En agglomération,Intersection en T,Normale,Deux véhicules - arrière,3,2,2,0,1,1,1,0,1,50,2,2,1,0,0,1,46.0,61.0,voiture,voiture,5,2,3,1,2
202000032016,2020-01-15 20:45:00,2020,1,15,20,45,70,70012,D434,47.780814,6.07215,Nuit sans éclairage public,Hors agglomération,Hors intersection,Normale,Autre collision,3,2,2,0,1,1,1,0,3,80,1,1,0,0,0,1,54.0,,voiture,,3,1,1,1,6
202000032017,2020-01-16 07:30:00,2020,1,16,7,30,72,72100,La Petite Loge,47.797847,-0.046853,Crépuscule ou aube,Hors agglomération,Giratoire,Normale,Deux véhicules - côté,3,2,2,0,1,1,2,0,1,80,2,2,1,0,1,0,60.0,20.0,utilitaire_camion,deux_roues,2,1,6,1,3
202000032018,2020-01-16 08:45:00,2020,1,16,8,45,60,60483,D1017,49.572802,2.702729,Crépuscule ou aube,Hors agglomération,Hors intersection,Brouillard / fumée,Trois véhicules et plus - en chaîne,3,2,2,0,2,3,2,0,1,80,3,2,1,0,1,0,28.0,29.0,voiture,deux_roues,2,1,1,5,4
202000032019,2020-01-15 08:30:00,2020,1,15,8,30,10,10209,33 Rue de la Jonchère,48.259182,4.253986,Plein jour,En agglomération,Hors intersection,Normale,Deux véhicules - côté,4,2,2,0,1,1,1,0,4,50,2,4,2,0,0,2,35.0,25.0,utilitaire_camion,voiture,1,2,1,1,3
202000032020,2020-01-16 19:30:00,2020,1,16,19,30,16,16132,Ld Le relais d'Etagnac,45.8932639,0.8031164,Nuit sans éclairage public,Hors agglomération,Intersection en T,Normale,Deux véhicules - frontale,3,2,3,1,2,1,1,5,1,70,2,2,1,0,1,0,28.0,43.0,deux_roues,voiture,3,1,3,1,1
202000032021,2020-01-15 14:50:00,2020,1,15,14,50,53,53170,D138,48.365822,-0.658538,Plein jour,Hors agglomération,Hors intersection,Normale,Deux véhicules - frontale,3,2,2,0,2,1,2,0,1,80,2,3,2,0,1,0,42.0,29.0,utilitaire_camion,voiture,1,1,1,1,1
202000032022,2020-01-16 08:15:00,2020,1,16,8,15,40,40312,1612 Rue des Barthes,43.520927,-1.43395,Crépuscule ou aube,Hors agglomération,Intersection en T,Normale,Deux véhicules - frontale,3,-1,2,0,2,1,1,0,1,70,2,2,1,0,1,0,16.0,73.0,deux_roues,voiture,2,1,3,1,1
202000032023,2020-01-16 15:05:00,2020,1,16,15,5,87,87158,Avenue Charles de Gaulle,45.769125,0.958446,Plein jour,En agglomération,Intersection en X,Normale,Deux véhicules - côté,3,2,2,0,3,1,1,0,1,50,2,3,0,1,1,1,77.0,69.0,voiture,voiture,1,2,2,1,3
202000032024,2020-01-15 17:40:00,2020,1,15,17,40,37,37109,D3,47.4169608,0.5803694,Crépuscule ou aube,Hors agglomération,Hors intersection,Normale,Sans collision,3,2,2,0,1,1,1,0,3,70,1,1,0,0,1,0,47.0,,deux_roues,,2,1,1,1,7
202000032025,2020-01-16 11:30:00,2020,1,16,11,30,30,30089,D986l,43.852822,4.598772,Plein jour,En agglomération,Autre intersection,Normale,Autre collision,3,2,2,0,1,2,1,0,4,50,1,1,0,0,1,0,61.0,,deux_roues,,1,2,9,1,6
202000032026,2020-01-15 09:50:00,2020,1,15,9,50,67,67156,A35,48.673992,7.751686,Plein jour,Hors agglomération,Hors intersection,Temps éblouissant,Trois véhicules et plus - en chaîne,1,3,2,0,1,1,1,0,1,130,4,4,0,1,1,2,77.0,40.0,voiture,voiture,1,1,1,7,4
202000032027,2020-01-16 17:15:00,2020,1,16,17,15,973,97309,Avenue Saint Ange Methon,4.91251,-52.278621,Plein jour,En agglomération,Hors intersection,Normale,Autre collision,4,2,2,0,1,1,1,0,1,50,1,2,1,0,0,1,48.0,,transport_commun,,1,2,1,1,6
202000032028,2020-01-07 20:00:00,2020,1,7,20,0,57,57333,Route Nationale 4,48.7495743,7.1401317,Nuit sans éclairage public,Hors agglomération,Hors intersection,Normale,Trois véhicules et plus - en chaîne,2,3,4,0,1,1,1,0,1,110,3,3,2,0,1,0,24.0,20.0,voiture,utilitaire_camion,3,1,1,1,4
202000032029,2020-01-16 08:00:00,2020,1,16,8,0,69,69027,3 Route de Lyon,45.676981,4.768711,Plein jour,En agglomération,Hors intersection,Normale,Deux véhicules - frontale,3,2,2,2,1,1,1,0,5,50,2,2,1,0,1,0,25.0,60.0,voiture,deux_roues,1,2,1,1,1
202000032030,2020-01-16 15:06:00,2020,1,16,15,6,60,60531,A1,49.4302914,2.6955664,Plein jour,Hors agglomération,Hors intersection,Normale,Trois véhicules et plus - en chaîne,1,1,3,0,1,1,1,0,1,130,4,6,3,0,1,2,39.0,61.0,utilitaire_camion,voiture,1,1,1,1,4
202000032031,2020-01-15 16:50:00,2020,1,15,16,50,971,97125,Rue Martin Luther King,16.257314,-61.270648,Plein jour,En agglomération,Hors intersection,Normale,Trois véhicules et plus - collisions multiples,3,2,2,0,1,1,1,0,1,50,3,3,2,0,0,1,15.0,54.0,deux_roues,voiture,1,2,1,1,5
202000032032,2020-01-15 21:00:00,2020,1,15,21,0,77,77309,N330,49.0065568,2.8407227,Nuit avec éclairage allumé,Hors agglomération,Hors intersection,Normale,,2,2,2,0,1,1,1,0,1,80,3,4,3,0,0,1,39.0,59.0,voiture,voiture,5,1,1,1,-1
202000032033,2020-01-15 10:55:00,2020,1,15,10,55,2B,2B335,RT10 - Olmello,42.328808,9.537779,Plein jour,Hors agglomération,Hors intersection,Normale,Autre collision,2,2,2,0,1,1,1,0,3,80,1,1,0,0,1,0,76.0,,voiture,,1,1,1,1,6
202000032034,2020-01-16 17:30:00,2020,1,16,17,30,67,67474,24 Rue de la Dime,48.9404485,7.8826712,Nuit avec éclairage allumé,En agglomération,Hors intersection,Normale,Autre collision,4,2,2,0,1,1,1,0,1,50,1,2,1,0,1,0,86.0,,voiture,,5,2,1,1,6
202000032035,2020-01-10 21:40:00,2020,1,10,21,40,55,55304,D35,48.861086,5.086422,Nuit sans éclairage public,Hors agglomération,Hors intersection,Normale,Autre collision,3,2,2,0,1,1,1,0,1,80,1,3,2,0,0,1,50.0,,utilitaire_camion,,3,1,1,1,6
202000032036,2020-01-15 21:10:00,2020,1,15,21,10,38,38348,Avenue de la Vieille Borne,45.588438,5.297426,Nuit sans éclairage public,Hors agglomération,Hors intersection,Normale,Deux véhicules - côté,3,2,2,1,1,1,1,0,1,70,2,2,1,0,0,1,21.0,21.0,voiture,deux_roues,3,1,1,1,3
202000032037,2020-01-16 07:15:00,2020,1,16,7,15,26,26235,D59,44.360913,4.689002,Nuit sans éclairage public,Hors agglomération,Intersection en T,Normale,Deux véhicules - côté,3,2,2,0,1,1,1,5,1,90,2,2,1,0,1,0,43.0,40.0,deux_roues,voiture,3,1,3,1,3
202000032038,2020-01-15 21:05:00,2020,1,15,21,5,22,22324,D788,48.774428,-3.445746,Nuit sans éclairage public,Hors agglomération,Hors intersection,Normale,Autre collision,3,3,4,0,2,2,1,0,1,90,1,2,1,0,1,0,30.0,,voiture,,3,1,1,1,6
202000032039,2020-01-16 01:15:00,2020,1,16,1,15,22,22171,Les Garennes d'En Haut,48.424423,-2.822909,Nuit sans éclairage public,Hors agglomération,Hors intersection,Normale,Sans collision,3,2,2,0,1,1,1,0,3,80,1,2,0,0,2,0,23.0,,voiture,,3,1,1,1,7
202000032040,2020-01-15 10:40:00,2020,1,15,10,40,35,35136,28 Rue Aristide Briand,47.959166,-1.49756,Plein jour,En agglomération,Hors intersection,Pluie légère,Deux véhicules - côté,4,2,2,0,1,1,2,0,1,50,2,2,1,0,1,0,56.0,56.0,deux_roues,voiture,1,2,1,2,3
202000032041,2020-01-16 08:05:00,2020,1,16,8,5,59,59258,D90,50.538572,3.208005,Crépuscule ou aube,Hors agglomération,Hors intersection,Brouillard / fumée,Deux véhicules - frontale,3,2,2,0,1,3,2,0,1,80,2,2,1,0,1,0,17.0,21.0,deux_roues,voiture,2,1,1,5,1
202000032042,2020-01-14 17:55:00,2020,1,14,17,55,83,83062,A57,43.1436293,6.0204078,Nuit sans éclairage public,Hors agglomération,Hors intersection,Normale,Deux véhicules - arrière,1,1,2,0,1,2,1,3,1,70,2,2,1,0,0,1,45.0,67.0,voiture,voiture,3,1,1,1,2
202000032043,2020-01-15 07:52:00,2020,1,15,7,52,33,33192,ROCADE A630,44.78621,-0.59505,Plein jour,Hors agglomération,Hors intersection,Normale,Deux véhicules - arrière,1,3,6,0,1,1,1,0,1,90,2,2,1,0,0,1,25.0,51.0,utilitaire_camion,utilitaire_camion,1,1,1,1,2
202000032044,2020-01-15 13:00:00,2020,1,15,13,0,92,92048,N118,48.801614,2.215155,Plein jour,Hors agglomération,Hors intersection,Normale,Autre collision,2,-1,3,0,1,1,1,0,1,90,1,1,0,0,0,1,43.0,,voiture,,1,1,1,1,6