accident_id,datetime,annee,mois,jour,heure,minute,departement,commune_insee,adresse,latitude,longitude,luminosite,agglomeration,intersection,meteo,collision,catr,circ,nbv,vosp,prof,plan,surf,infra,situ,vma,nb_vehicules,nb_usagers,nb_indemnes,nb_tues,nb_blesses_hosp,nb_blesses_legers,age_cond_1,age_cond_2,veh_type_cond_1,veh_type_cond_2,lum_code,agg_code,int_code,atm_code,col_code
202000032045,2020-01-14 21:50:00,2020,1,14,21,50,78,78402,A13,48.963941,1.786139,Nuit sans éclairage public,Hors agglomération,Hors intersection,Vent fort / tempête,Deux véhicules - arrière,1,3,3,0,1,1,1,8,1,130,2,2,0,0,0,2,29.0,36.0,voiture,voiture,3,1,1,6,2
202000032046,2020-01-14 18:00:00,2020,1,14,18,0,93,93005,AUTOROUTE A3,48.95444,2.47364,Nuit sans éclairage public,Hors agglomération,Hors intersection,Normale,Deux véhicules - côté,1,3,10,0,1,1,1,0,1,110,2,2,1,0,0,1,24.0,54.0,voiture,deux_roues,3,1,1,1,3
202000032047,2020-01-13 05:00:00,2020,1,13,5,0,93,93005,AUTOROUTE A3,48.95792,2.47315,Nuit sans éclairage public,Hors agglomération,Hors intersection,Normale,Autre collision,1,3,8,0,1,1,1,0,2,110,1,2,1,0,0,1,35.0,,voiture,,3,1,1,1,6
202000032048,2020-01-13 16:15:00,2020,1,13,16,15,92,92036,AUTOROUTE A86,48.93891,2.30554,Plein jour,Hors agglomération,Hors intersection,Normale,Deux véhicules - côté,1,3,7,0,1,3,1,0,1,90,2,2,1,0,0,1,20.0,24.0,voiture,deux_roues,1,1,1,1,3
202000032049,2020-01-13 11:05:00,2020,1,13,11,5,93,93078,AUTOROUTE A104,48.96742,2.51063,Plein jour,Hors agglomération,Hors intersection,Normale,Trois véhicules et plus - collisions multiples,1,3,7,0,1,1,1,2,1,110,3,3,2,0,0,1,30.0,57.0,voiture,utilitaire_camion,1,1,1,1,5
202000032050,2020-01-11 17:10:00,2020,1,11,17,10,77,77083,A4.W,48.8308286,2.60751,Crépuscule ou aube,Hors agglomération,Hors intersection,Normale,Deux véhicules - côté,1,3,3,0,1,1,1,0,1,110,2,3,1,0,0,2,21.0,61.0,deux_roues,voiture,2,1,1,1,3
202000032051,2020-01-13 02:34:00,2020,1,13,2,34,976,97611,mgombani-Mahabou angle rue du commerce (,-12.77783,45.22939,Nuit avec éclairage allumé,En agglomération,Autre intersection,Normale,Deux véhicules - arrière,2,2,0,0,1,1,1,0,1,50,2,3,1,0,0,2,22.0,21.0,deux_roues,voiture,5,2,9,1,2
202000032052,2020-01-12 17:35:00,2020,1,12,17,35,974,97416,AERODROME (CHEMIN DE L'),-21.3074,55.42737,Plein jour,Hors agglomération,Hors intersection,Normale,Autre collision,9,1,2,3,1,1,1,9,6,50,1,1,0,0,1,0,,,,,1,1,1,1,6
202000032053,2020-01-11 12:05:00,2020,1,11,12,5,973,97302,BARTHELEMY (RENE),4.933689,-52.3304294,Plein jour,En agglomération,Intersection en X,Normale,Trois véhicules et plus - collisions multiples,4,2,2,0,1,1,1,0,1,50,4,8,2,0,0,6,50.0,43.0,deux_roues,voiture,1,2,2,1,5
202000032054,2020-01-13 06:45:00,2020,1,13,6,45,972,97213,LONG BOIS (CHEMIN),14.644548,-60.991003,Plein jour,Hors agglomération,Intersection en T,Pluie légère,Deux véhicules - côté,3,2,2,0,1,1,2,0,1,50,2,3,2,0,0,1,27.0,33.0,voiture,deux_roues,1,1,3,2,3
202000032055,2020-01-12 11:20:00,2020,1,12,11,20,972,97209,RELIGIEUSES (ROUTE DES),14.6062,-61.06271,Plein jour,En agglomération,Hors intersection,Normale,Sans collision,3,2,2,0,2,1,1,0,1,50,1,2,0,0,0,2,64.0,,utilitaire_camion,,1,2,1,1,7
202000032056,2020-01-10 11:00:00,2020,1,10,11,0,972,97209,LAMARTINE (RUE),14.60448,-61.06944,Plein jour,En agglomération,Hors intersection,Normale,Sans collision,4,1,1,0,1,1,1,0,1,30,1,2,1,0,0,1,66.0,,voiture,,1,2,1,1,7
202000032057,2020-01-12 02:15:00,2020,1,12,2,15,69,69381,DE LATTRE DE TASSIGNY               (PT),45.7954,4.8189,Nuit avec éclairage allumé,En agglomération,Autre intersection,Normale,Autre collision,4,-1,4,0,1,1,1,0,1,50,1,2,0,0,0,2,19.0,,deux_roues,,5,2,9,1,6
202000032058,2020-01-11 09:20:00,2020,1,11,9,20,69,69384,HERBOUVILLE (D')                    (CO),45.7749448,4.8389236,Plein jour,En agglomération,Hors intersection,Normale,Deux véhicules - arrière,4,1,3,3,1,1,1,0,1,50,2,2,1,0,0,1,38.0,,autre,,1,2,1,1,2
202000032059,2020-01-12 19:20:00,2020,1,12,19,20,2B,2B033,ROUTE ROYALE,42.6799,9.4283,Nuit avec éclairage allumé,En agglomération,Hors intersection,Normale,Deux véhicules - frontale,3,2,2,0,2,1,1,0,1,50,2,2,0,0,0,2,23.0,37.0,voiture,voiture,5,2,1,1,1
202000032060,2020-01-13 15:05:00,2020,1,13,15,5,971,97120,BLANCHARD,16.22362,-61.52594,Plein jour,En agglomération,Giratoire,Normale,Deux véhicules - arrière,3,3,1,0,1,1,1,0,1,50,2,3,2,0,1,0,78.0,46.0,voiture,deux_roues,1,2,6,1,2
202000032061,2020-01-12 22:52:00,2020,1,12,22,52,971,97113,BAS DU FORT,16.22123,-61.5214634,Nuit avec éclairage allumé,Hors agglomération,Hors intersection,Pluie légère,Autre collision,2,1,2,0,1,1,2,0,1,90,1,1,0,0,0,1,36.0,,voiture,,5,1,1,2,6
202000032062,2020-01-13 12:55:00,2020,1,13,12,55,2A,2A004,MARECHAL JUIN AVENUE,41.93443,8.75077,Plein jour,En agglomération,Hors intersection,Normale,Deux véhicules - côté,4,3,0,0,1,1,1,0,1,50,2,2,1,0,0,1,61.0,49.0,voiture,deux_roues,1,2,1,1,3
202000032063,2020-01-10 09:43:00,2020,1,10,9,43,2A,2A004,ROUTE DU STILETTO,41.94609,8.77184,Plein jour,En agglomération,Hors intersection,Pluie légère,Deux véhicules - côté,3,2,2,0,3,3,2,0,1,50,2,3,2,0,0,1,31.0,39.0,utilitaire_camion,deux_roues,1,2,1,2,3
202000032064,2020-01-13 08:55:00,2020,1,13,8,55,91,91122,HARAS (RUE DES),48.697663,2.155664,Plein jour,En agglomération,Intersection en X,Normale,Deux véhicules - côté,4,2,2,0,1,2,1,0,1,30,2,2,1,0,0,1,47.0,41.0,voiture,deux_roues,1,2,2,1,3
202000032065,2020-01-13 19:20:00,2020,1,13,19,20,91,91345,L'ABBE PIERRE (AVENUE DE),48.697711,2.29906,Nuit avec éclairage allumé,En agglomération,Autre intersection,Temps couvert,Autre collision,3,2,8,0,1,2,1,0,1,50,1,2,1,0,0,1,36.0,,voiture,,5,2,9,8,6
202000032066,2020-01-13 14:15:00,2020,1,13,14,15,91,91687,GENERAL DE GAULLE (AVENUE DU),48.67989,2.38038,Plein jour,En agglomération,Hors intersection,Pluie légère,Deux véhicules - arrière,2,1,2,0,1,1,2,0,1,50,2,3,2,0,0,1,33.0,32.0,voiture,voiture,1,2,1,2,2
202000032067,2020-01-10 11:50:00,2020,1,10,11,50,91,91552,RN 20,48.604,2.2486,Plein jour,En agglomération,Hors intersection,Pluie légère,Trois véhicules et plus - en chaîne,4,3,4,0,1,1,2,0,1,70,4,4,2,0,0,2,46.0,36.0,utilitaire_camion,voiture,1,2,1,2,4
202000032068,2020-01-10 08:20:00,2020,1,10,8,20,91,91552,CORBEIL (ROUTE DE),48.59495,2.26493,Crépuscule ou aube,En agglomération,Hors intersection,Pluie légère,Sans collision,4,2,2,0,1,1,2,0,1,50,1,1,0,0,0,1,60.0,,deux_roues,,2,2,1,2,7
202000032069,2020-01-09 18:00:00,2020,1,9,18,0,87,87085,MIDI (AVENUE DU),45.82654,1.25759,Crépuscule ou aube,En agglomération,Intersection en T,Pluie légère,Autre collision,4,2,2,0,1,1,2,0,1,50,1,2,1,0,0,1,40.0,,voiture,,2,2,3,2,6
202000032070,2020-01-10 16:53:00,2020,1,10,16,53,87,87085,QUEUILLE (PLACE HENRI),45.81479,1.26914,Plein jour,En agglomération,Giratoire,Normale,Autre collision,4,1,2,0,1,2,1,5,1,50,1,1,0,0,0,1,16.0,,deux_roues,,1,2,6,1,6
202000032071,2020-01-08 22:21:00,2020,1,8,22,21,87,87085,RD941 (OUEST),45.83477,1.21872,Nuit avec éclairage allumé,Hors agglomération,Hors intersection,Normale,Deux véhicules - arrière,3,3,4,0,2,1,2,3,1,110,2,3,0,2,0,1,20.0,66.0,deux_roues,voiture,5,1,1,1,2
202000032072,2020-01-12 19:45:00,2020,1,12,19,45,86,86088,N10,46.54677,0.29812,Nuit avec éclairage allumé,En agglomération,Hors intersection,Normale,Trois véhicules et plus - en chaîne,2,3,3,0,1,1,1,0,1,90,3,3,2,0,0,1,20.0,20.0,voiture,voiture,5,2,1,1,4
202000032073,2020-01-12 00:00:00,2020,1,12,0,0,80,80489,HENRI BARBUSSE (RUE),49.87328,2.35074,Nuit avec éclairage allumé,En agglomération,Hors intersection,Normale,Deux véhicules - arrière,4,2,2,0,1,1,1,0,1,50,2,3,2,0,0,1,46.0,33.0,voiture,voiture,5,2,1,1,2
202000032074,2020-01-11 14:40:00,2020,1,11,14,40,80,80489,AVENUE DE L'ARC,49.8715,2.3697,Plein jour,En agglomération,Hors intersection,Normale,Autre collision,6,2,2,0,1,1,1,0,1,50,1,2,1,0,0,1,49.0,,voiture,,1,2,1,1,6
202000032075,2020-01-09 17:30:00,2020,1,9,17,30,80,80021,MARTIN BLEU DIEU (RUE),49.88938,2.29095,Crépuscule ou aube,En agglomération,Intersection en Y,Pluie légère,Deux véhicules - côté,4,2,2,0,1,1,2,0,1,50,2,5,2,0,0,3,36.0,37.0,voiture,voiture,2,2,4,2,3
202000032076,2020-01-13 08:10:00,2020,1,13,8,10,78,78498,FOCH AV n°105,48.93106,2.0531,Crépuscule ou aube,En agglomération,Hors intersection,Normale,Autre collision,4,2,2,0,1,1,1,0,1,50,1,2,1,0,1,0,51.0,,voiture,,2,2,1,1,6
202000032077,2020-01-09 07:28:00,2020,1,9,7,28,77,77121,DEPARTEMENTALE 471 (ROUTE),48.8162,2.6904,Nuit sans éclairage public,Hors agglomération,Hors intersection,Pluie légère,Deux véhicules - frontale,3,2,2,0,1,1,2,0,1,80,2,2,1,1,0,0,62.0,60.0,utilitaire_camion,utilitaire_camion,3,1,1,2,1
202000032078,2020-01-12 17:50:00,2020,1,12,17,50,76,76305,RD 6015,49.51228,0.21647,Plein jour,Hors agglomération,Hors intersection,Normale,Sans collision,3,1,1,0,1,2,1,0,1,50,1,1,0,0,1,0,33.0,,voiture,,1,1,1,1,7
202000032079,2020-01-13 15:45:00,2020,1,13,15,45,73,73065,BOIS (RUE DES),45.6037213,5.9124193,Plein jour,En agglomération,Hors intersection,Normale,,4,2,2,0,1,1,1,0,1,50,2,2,1,0,0,1,38.0,25.0,utilitaire_camion,voiture,1,2,1,1,-1
202000032080,2020-01-11 07:45:00,2020,1,11,7,45,73,73065,SAINT ANTOINE (RUE),45.56804,5.92097,Nuit avec éclairage allumé,En agglomération,Intersection en T,Normale,Deux véhicules - côté,4,1,3,0,1,1,1,5,1,50,2,2,1,0,0,1,61.0,19.0,voiture,deux_roues,5,2,3,1,3
202000032081,2020-01-11 18:45:00,2020,1,11,18,45,71,71270,Route de Lyon,46.2861138,4.8085617,Nuit avec éclairage allumé,En agglomération,Hors intersection,Normale,Sans collision,3,3,2,0,1,1,1,0,1,50,1,1,0,0,0,1,42.0,,deux_roues,,5,2,1,1,7
202000032082,2020-01-10 19:25:00,2020,1,10,19,25,71,71270,Route de Bioux,46.2992432,4.8183403,Nuit avec éclairage allumé,En agglomération,Hors intersection,Normale,Deux véhicules - arrière,3,2,2,0,1,1,1,0,1,50,2,2,1,0,0,1,58.0,22.0,voiture,voiture,5,2,1,1,2
202000032083,2020-01-09 08:50:00,2020,1,9,8,50,71,71076,Rue Thomas Dumorey,46.7757842,4.8578409,Plein jour,En agglomération,Hors intersection,Normale,Autre collision,4,3,1,0,1,3,1,0,1,50,1,2,1,0,1,0,42.0,,voiture,,1,2,1,1,6
202000032084,2020-01-13 16:30:00,2020,1,13,16,30,69,69266,EMILE ZOLA     (Cours),45.767,4.888,Plein jour,En agglomération,Hors intersection,Normale,Autre collision,4,2,5,1,1,1,1,0,1,50,1,2,1,0,0,1,30.0,,voiture,,1,2,1,1,6
202000032085,2020-01-12 15:07:00,2020,1,12,15,7,69,69290,AVIATION (DE L')                    (R ),45.7198093,4.9330045,Plein jour,En agglomération,Giratoire,Normale,Deux véhicules - frontale,4,2,2,0,1,2,1,5,1,50,2,5,2,0,0,3,53.0,38.0,voiture,voiture,1,2,6,1,1
202000032086,2020-01-10 07:50:00,2020,1,10,7,50,69,69013,D 306,46.0135775,4.7252208,Nuit sans éclairage public,Hors agglomération,Hors intersection,Normale,Deux véhicules - côté,3,2,2,0,1,1,1,0,1,70,2,2,1,0,0,1,24.0,40.0,voiture,voiture,3,1,1,1,3
202000032087,2020-01-10 16:15:00,2020,1,10,16,15,67,67482,DOUBS (RUE DU),48.55728,7.733785,Plein jour,En agglomération,Hors intersection,Pluie légère,Deux véhicules - arrière,4,2,2,0,1,1,2,0,1,50,2,2,1,0,0,1,47.0,30.0,utilitaire_camion,voiture,1,2,1,2,2
202000032088,2020-01-11 10:24:00,2020,1,11,10,24,67,67462,RD 424,48.2356605,7.4805655,Plein jour,Hors agglomération,Hors intersection,Temps couvert,Deux véhicules - frontale,3,2,2,0,1,1,1,0,1,80,2,3,1,0,0,2,38.0,56.0,voiture,voiture,1,1,1,8,1
202000032089,2020-01-11 10:44:00,2020,1,11,10,44,67,67462,RD 424,48.2287647,7.488195,Plein jour,Hors agglomération,Hors intersection,Temps couvert,Deux véhicules - arrière,3,2,2,0,1,1,1,0,1,80,2,4,1,0,1,2,30.0,71.0,voiture,voiture,1,1,1,8,2
202000032090,2020-01-12 13:20:00,2020,1,12,13,20,66,66136,BALEARES ROND POINT ET CITE DES,42.68877,2.8948,Plein jour,En agglomération,Hors intersection,Normale,,4,-1,2,0,1,2,1,0,1,50,2,1,0,0,0,1,74.0,,deux_roues,,1,2,1,1,-1
202000032091,2020-01-10 14:10:00,2020,1,10,14,10,66,66136,R D 900,42.674009,2.887701,Plein jour,Hors agglomération,Hors intersection,Normale,Deux véhicules - arrière,3,3,2,0,1,1,1,1,1,50,2,2,1,0,0,1,49.0,38.0,voiture,voiture,1,1,1,1,2
202000032092,2020-01-13 07:35:00,2020,1,13,7,35,64,64445,PAIX,43.32221,-0.36688,Nuit avec éclairage allumé,En agglomération,Intersection en T,Normale,Deux véhicules - frontale,4,2,2,0,1,1,1,5,1,50,2,2,1,0,0,1,64.0,48.0,voiture,deux_roues,5,2,3,1,1
202000032093,2020-01-09 05:45:00,2020,1,9,5,45,63,63113,LAFAYETTE (BD),45.768418,3.1046476,Nuit avec éclairage allumé,En agglomération,Intersection en Y,Normale,Deux véhicules - côté,4,2,4,0,1,1,1,5,1,50,2,2,1,0,0,1,37.0,40.0,voiture,deux_roues,5,2,4,1,3
202000032094,2020-01-11 13:30:00,2020,1,11,13,30,63,63113,POCHET LAGAYE/Lafayette,45.76678,3.10703,Plein jour,En agglomération,Autre intersection,Normale,Trois véhicules et plus - en chaîne,7,2,4,0,1,1,1,0,1,50,3,3,2,0,0,1,28.0,26.0,utilitaire_camion,voiture,1,2,9,1,4
202000032095,2020-01-11 09:55:00,2020,1,11,9,55,62,62400,ZOLA ( EMILE ),50.465599,2.562079,Plein jour,En agglomération,Hors intersection,Normale,Deux véhicules - côté,3,2,2,0,1,1,1,0,1,50,2,3,1,0,1,1,81.0,48.0,voiture,deux_roues,1,2,1,1,3
202000032096,2020-01-08 18:00:00,2020,1,8,18,0,62,62160,PERROCHEL (Rue ),50.7215,1.60699,Nuit sans éclairage public,En agglomération,Intersection en X,Pluie légère,Autre collision,4,1,2,1,1,2,2,9,8,50,1,1,0,0,1,0,,,,,3,2,2,2,6
202000032097,2020-01-10 17:53:00,2020,1,10,17,53,57,57306,MARNE (RUE DE LA),49.3319,6.06237,Nuit avec éclairage allumé,En agglomération,Hors intersection,Normale,Autre collision,3,2,1,0,1,1,1,0,1,50,1,2,1,0,0,1,53.0,,voiture,,5,2,1,1,6
202000032098,2020-01-10 07:48:00,2020,1,10,7,48,57,57672,ENFANTS DE LA FENSCH (RUE DES),49.353,6.15951,Nuit avec éclairage allumé,En agglomération,Hors intersection,Pluie légère,Autre collision,4,2,2,0,1,1,2,0,1,50,1,2,1,0,1,0,44.0,,voiture,,5,2,1,2,6
202000032099,2020-01-08 17:40:00,2020,1,8,17,40,57,57306,FOCH (RUE ),49.32956,6.06396,Nuit avec éclairage allumé,En agglomération,Intersection en T,Pluie légère,Autre collision,3,2,2,0,1,1,2,6,1,30,1,2,1,0,0,1,70.0,,voiture,,5,2,3,2,6
202000032100,2020-01-13 20:27:00,2020,1,13,20,27,57,57463,FALOGNE (RUE DE LA ),49.0942486,6.2388666,Nuit avec éclairage allumé,En agglomération,Intersection en X,Normale,Sans collision,3,2,2,0,1,1,1,0,1,50,1,2,1,0,1,0,64.0,,voiture,,5,2,2,1,7
202000032101,2020-01-12 18:25:00,2020,1,12,18,25,56,56098,KESLER-DEVILLERS ( AV. ),47.76715,-3.33964,Nuit avec éclairage allumé,En agglomération,Giratoire,Normale,Deux véhicules - côté,3,1,2,0,1,3,1,0,1,50,2,3,2,0,0,1,40.0,29.0,voiture,voiture,5,2,6,1,3
202000032102,2020-01-11 08:55:00,2020,1,11,8,55,51,51454,Avenue de Champagne,49.2192119,4.0207531,Plein jour,En agglomération,Hors intersection,Normale,Deux véhicules - côté,3,4,2,0,1,1,1,5,1,50,2,3,2,0,0,1,69.0,42.0,voiture,voiture,1,2,1,1,3
202000032103,2020-01-11 08:55:00,2020,1,11,8,55,51,51172,Avenue des Goisses,49.2154935,4.0586262,Plein jour,En agglomération,Hors intersection,Normale,Sans collision,4,2,2,0,1,1,1,0,1,50,1,2,1,0,0,1,27.0,,voiture,,1,2,1,1,7
202000032104,2020-01-11 08:50:00,2020,1,11,8,50,51,51108,Avenue du 29 Août 1944,48.9460032,4.3739904,Plein jour,En agglomération,Hors intersection,Normale,Sans collision,4,2,2,0,1,1,1,0,1,50,1,2,1,0,0,1,40.0,,voiture,,1,2,1,1,7
202000032105,2020-01-13 16:30:00,2020,1,13,16,30,45,45234,Avenue Montesquieu,47.83529,1.93588,Plein jour,En agglomération,Hors intersection,Pluie légère,Autre collision,4,2,4,1,1,1,2,0,1,50,1,2,1,0,0,1,60.0,,voiture,,1,2,1,2,6
202000032106,2020-01-10 13:50:00,2020,1,10,13,50,38,38169,RUE LAZARE HOCHE,45.19931,5.68848,Plein jour,En agglomération,Hors intersection,Normale,Autre collision,4,2,1,0,1,1,1,0,1,30,1,2,1,0,1,0,31.0,,utilitaire_camion,,1,2,1,1,6
202000032107,2020-01-13 18:25:00,2020,1,13,18,25,37,37261,GRAMMONT (AVENUE DE),47.3759184,0.6944865,Nuit avec éclairage allumé,En agglomération,Intersection en T,Normale,Deux véhicules - côté,3,3,6,3,1,1,1,9,6,50,2,3,1,0,0,2,44.0,,transport_commun,,5,2,3,1,3
202000032108,2020-01-12 16:45:00,2020,1,12,16,45,34,34172,POMPIGNANE (AVENUE DE LA),43.60615,3.898769,Plein jour,En agglomération,Hors intersection,Normale,Autre collision,4,2,4,0,1,1,1,0,1,50,1,3,1,0,0,2,24.0,,voiture,,1,2,1,1,6
202000032109,2020-01-12 15:20:00,2020,1,12,15,20,34,34172,TOULOUSE (AVENUE DE,43.59739,3.864159,Plein jour,En agglomération,Intersection en X,Normale,Deux véhicules - côté,4,2,4,0,1,1,1,0,1,50,2,3,1,0,0,2,30.0,26.0,voiture,deux_roues,1,2,2,1,3
202000032110,2020-01-16 06:45:00,2020,1,16,6,45,34,34172,VAL DE MONTFERRAND (AVENUE DU),43.636494,3.873463,Nuit avec éclairage allumé,En agglomération,Intersection en T,Normale,Deux véhicules - côté,4,2,2,0,2,1,1,0,1,50,2,1,0,0,0,1,51.0,,voiture,,5,2,3,1,3
202000032111,2020-01-10 11:35:00,2020,1,10,11,35,34,34172,FRANKLIN (ROND-POINT BENJAMIN),43.61862,3.91261,Plein jour,En agglomération,Hors intersection,Normale,Sans collision,4,2,1,0,1,3,1,9,1,50,1,2,1,0,0,1,56.0,,voiture,,1,2,1,1,7
202000032112,2020-01-13 12:38:00,2020,1,13,12,38,33,33318,RUE JEAN PERRIN / RUE GASPARD MONGE,44.77901,-0.65996,Plein jour,En agglomération,Intersection en T,Autre,Trois véhicules et plus - en chaîne,4,2,2,0,1,1,1,0,1,50,3,3,2,0,0,1,31.0,33.0,voiture,voiture,1,2,3,9,4
202000032113,2020-01-13 13:50:00,2020,1,13,13,50,33,33039,RUE DES FRERES LUMIERE (PARKING),44.79464,-0.53186,Plein jour,En agglomération,Hors intersection,Normale,Autre collision,6,-1,-1,0,1,1,1,0,1,20,1,1,0,0,0,1,,,,,1,2,1,1,6
202000032114,2020-02-28 12:10:00,2020,2,28,12,10,33,33281,AVE DE MAGUDAS / AVE DE LA LIBERATION,44.85615,-0.6439,Plein jour,En agglomération,Giratoire,Pluie légère,Deux véhicules - côté,4,2,4,2,1,1,2,0,1,50,2,2,1,0,0,1,35.0,35.0,voiture,deux_roues,1,2,6,2,3
202000032115,2020-01-13 07:50:00,2020,1,13,7,50,31,31555,VA007418 PONT JUMEAUX A620 Sortie 30,43.6095,1.41341,Plein jour,Hors agglomération,Hors intersection,Normale,Deux véhicules - arrière,1,1,1,0,1,1,1,0,1,70,2,2,1,0,0,1,49.0,61.0,utilitaire_camion,deux_roues,1,1,1,1,2
202000032116,2020-01-11 15:30:00,2020,1,11,15,30,31,31069,BRASSENS (AV GEORGES),43.64648,1.36869,Plein jour,En agglomération,Hors intersection,Normale,Autre collision,4,2,2,0,1,1,1,0,1,50,1,2,1,0,0,1,27.0,,voiture,,1,2,1,1,6
202000032117,2020-01-11 17:30:00,2020,1,11,17,30,31,31557,AV JEAN JAURES,43.589363,1.363207,Crépuscule ou aube,En agglomération,Hors intersection,Normale,Autre collision,3,2,2,0,1,1,1,0,1,50,1,1,0,0,0,1,24.0,,voiture,,2,2,1,1,6
202000032118,2020-01-11 06:00:00,2020,1,11,6,0,31,31555,AV DES ETATS UNIS,43.657064,1.420653,Nuit avec éclairage non allumé,En agglomération,Hors intersection,Normale,Autre collision,3,2,2,0,1,1,1,0,1,50,1,1,0,0,1,0,,,,,4,2,1,1,6
202000032119,2020-01-10 17:55:00,2020,1,10,17,55,31,31555,ALL JEAN JAURES,43.60652,1.44944,Nuit avec éclairage allumé,En agglomération,Hors intersection,Normale,Autre collision,4,3,4,0,2,1,1,0,1,50,1,2,0,0,1,1,26.0,,deux_roues,,5,2,1,1,6
202000032120,2020-01-10 17:36:00,2020,1,10,17,36,31,31149,PIBRAC (ROUTE DE),43.6124693,1.3200372,Crépuscule ou aube,En agglomération,Intersection en T,Normale,Deux véhicules - côté,3,2,2,0,1,1,2,0,1,50,2,3,1,0,0,2,24.0,53.0,voiture,voiture,2,2,3,1,3
202000032121,2020-01-10 09:55:00,2020,1,10,9,55,31,31555,SEYSSES (RTE DE) DU 263 AU 311,43.57074,1.41675,Plein jour,En agglomération,Hors intersection,Normale,Autre collision,3,2,2,0,1,1,2,0,1,50,1,2,1,0,1,0,52.0,,voiture,,1,2,1,1,6
202000032122,2020-01-10 08:55:00,2020,1,10,8,55,31,31555,VA007495 A62,43.64669,1.4503,Plein jour,Hors agglomération,Hors intersection,Pluie légère,Trois véhicules et plus - en chaîne,1,3,6,0,1,1,2,0,1,90,3,3,1,0,0,2,31.0,41.0,voiture,voiture,1,1,1,2,4
202000032123,2020-01-10 20:26:00,2020,1,10,20,26,29,29019,D5 - Avenue Victor le Gorgeu,48.4105388,-4.5164779,Nuit avec éclairage allumé,En agglomération,Hors intersection,Normale,Trois véhicules et plus - collisions multiples,4,3,4,0,1,2,1,0,1,50,3,3,1,0,0,2,38.0,34.0,voiture,voiture,5,2,1,1,5
202000032124,2020-01-12 19:50:00,2020,1,12,19,50,25,25462,ROCADE G.POMPIDOU (DU 25 A LA FIN),46.90014,6.33424,Nuit avec éclairage allumé,Hors agglomération,Hors intersection,Normale,Deux véhicules - frontale,2,2,1,0,1,1,1,0,1,80,2,2,1,0,0,1,36.0,26.0,voiture,voiture,5,1,1,1,1
202000032125,2020-01-11 17:10:00,2020,1,11,17,10,19,19031,FENELON (RUE),45.15911,1.50919,Plein jour,En agglomération,Intersection en T,Normale,Deux véhicules - côté,4,2,2,0,1,1,1,0,1,50,2,2,1,0,0,1,28.0,19.0,deux_roues,voiture,1,2,3,1,3
202000032126,2020-01-11 15:00:00,2020,1,11,15,0,19,19031,FOCH (AVENUE MARECHAL),45.1622499,1.5362289,Plein jour,En agglomération,Hors intersection,Normale,Autre collision,4,1,1,0,1,1,1,0,1,50,1,2,1,0,0,1,58.0,,voiture,,1,2,1,1,6
202000032127,2020-01-12 21:00:00,2020,1,12,21,0,13,13213,ESCADRILLE NORMANDIE NIEMEN,43.3309804,5.4101148,Nuit avec éclairage allumé,En agglomération,Autre intersection,Normale,Deux véhicules - côté,4,1,3,0,1,1,1,9,1,50,2,2,1,0,0,1,26.0,29.0,utilitaire_camion,voiture,5,2,9,1,3
202000032128,2020-01-10 14:00:00,2020,1,10,14,0,12,12202,PAUL RAMADIER (BOULEVARD),44.36042,2.57278,Plein jour,En agglomération,Hors intersection,Normale,Autre collision,4,2,2,0,2,3,1,0,1,50,1,1,0,1,0,0,70.0,,voiture,,1,2,1,1,6
202000032129,2020-01-10 08:10:00,2020,1,10,8,10,12,12174,Bretelle sortie RN 88 vers Lachet,44.32755,2.55793,Crépuscule ou aube,Hors agglomération,Hors intersection,Normale,Autre collision,2,1,1,0,2,3,2,1,1,50,1,1,0,0,0,1,23.0,,voiture,,2,1,1,1,6
202000032130,2020-01-11 11:55:00,2020,1,11,11,55,12,12145,BION MARLAVAGNE (PLACE),44.1024731,3.0770306,Plein jour,En agglomération,Place,Normale,Autre collision,4,1,2,0,1,1,1,9,1,50,1,2,1,0,0,1,37.0,,deux_roues,,1,2,7,1,6
202000032131,2020-01-13 12:05:00,2020,1,13,12,5,11,11069,MOLIERE,43.2114,2.3663,Plein jour,En agglomération,Intersection en X,Normale,Deux véhicules - côté,4,2,2,0,2,1,1,0,1,50,2,3,1,0,0,2,17.0,31.0,deux_roues,voiture,1,2,2,1,3
202000032132,2020-01-12 04:28:00,2020,1,12,4,28,10,10362,SAVIPOL (ZI),48.2928,4.01778,Nuit avec éclairage allumé,En agglomération,Hors intersection,Normale,Autre collision,4,2,2,0,1,2,1,0,4,50,1,1,0,0,0,1,22.0,,voiture,,5,2,1,1,6
202000032133,2020-01-08 18:33:00,2020,1,8,18,33,10,10333,AUXERRE (ROUTE),48.2703675,4.0513968,Nuit sans éclairage public,Hors agglomération,Autre intersection,Pluie légère,Trois véhicules et plus - en chaîne,4,1,1,0,1,1,2,0,1,110,3,4,1,0,0,3,26.0,74.0,voiture,voiture,3,1,9,2,4
202000032134,2020-01-12 18:35:00,2020,1,12,18,35,09,09122,20 (R.N.) TUNNEL,42.970349,1.623841,Nuit avec éclairage allumé,Hors agglomération,Hors intersection,Normale,Deux véhicules - arrière,2,4,2,0,1,1,1,9,6,110,2,4,1,0,0,3,48.0,82.0,voiture,voiture,5,1,1,1,2
202000032135,2020-01-07 22:45:00,2020,1,7,22,45,05,05061,D 292,44.60298,6.14052,Nuit sans éclairage public,Hors agglomération,Hors intersection,Normale,Sans collision,3,2,1,0,2,4,9,0,3,80,1,4,0,0,0,4,25.0,,voiture,,3,1,1,1,7