accident_id,datetime,annee,mois,jour,heure,minute,departement,commune_insee,adresse,latitude,longitude,luminosite,agglomeration,intersection,meteo,collision,catr,circ,nbv,vosp,prof,plan,surf,infra,situ,vma,nb_vehicules,nb_usagers,nb_indemnes,nb_tues,nb_blesses_hosp,nb_blesses_legers,age_cond_1,age_cond_2,veh_type_cond_1,veh_type_cond_2,lum_code,agg_code,int_code,atm_code,col_code
202000032231,2020-07-04 13:50:00,2020,7,4,13,50,13,13204,FRANÇOISE DUPARC (BOULEVARD),43.304473,5.401015,Plein jour,En agglomération,Hors intersection,Normale,Deux véhicules - arrière,4,1,3,0,1,1,1,0,1,50,2,2,1,0,1,0,27.0,32.0,voiture,voiture,1,2,1,1,2
202000032232,2020-07-04 00:05:00,2020,7,4,0,5,13,13209,COL DE LA GINESTE D559,43.2420565,5.4531177,Nuit sans éclairage public,Hors agglomération,Hors intersection,Normale,Sans collision,3,2,2,0,2,2,1,0,1,70,1,2,0,0,0,2,19.0,,voiture,,3,1,1,1,7
202000032233,2020-06-24 09:00:00,2020,6,24,9,0,13,13001,LAUVES  (CH DES),43.55897,5.44273,Plein jour,En agglomération,Intersection en X,Normale,Deux véhicules - côté,4,2,2,0,1,1,1,5,1,50,2,3,0,0,0,3,65.0,19.0,utilitaire_camion,utilitaire_camion,1,2,2,1,3
202000032234,2020-07-04 17:50:00,2020,7,4,17,50,11,11069,MUSSET ALFRED -ET IMPASSE-,43.2220882,2.3450332,Plein jour,En agglomération,Hors intersection,Normale,Trois véhicules et plus - en chaîne,4,2,2,0,1,1,1,0,1,50,3,3,2,0,0,1,91.0,50.0,voiture,voiture,1,2,1,1,4
202000032235,2020-07-04 16:05:00,2020,7,4,16,5,10,10387,LUCIEN MOREL PAYEN (RUE),48.3054,4.09021,Plein jour,En agglomération,Hors intersection,Temps couvert,Autre collision,4,2,2,0,1,1,1,0,1,50,1,2,1,0,1,0,51.0,,voiture,,1,2,1,8,6
202000032236,2020-07-04 17:40:00,2020,7,4,17,40,06,06088,BRANCOLAR (AV.) (A PARTIR DU 51-61),43.7189647,7.2651574,Plein jour,En agglomération,Intersection en T,Normale,Deux véhicules - côté,4,2,2,3,2,1,1,0,1,50,2,2,0,0,0,2,37.0,58.0,deux_roues,voiture,1,2,3,1,3
202000032237,2020-07-04 01:30:00,2020,7,4,1,30,06,06088,RISSO (BD),43.703839,7.280908,Nuit avec éclairage allumé,En agglomération,Hors intersection,Normale,Trois véhicules et plus - collisions multiples,4,1,1,0,1,1,1,9,1,50,3,3,2,1,0,0,32.0,23.0,deux_roues,deux_roues,5,2,1,1,5
202000032238,2020-07-04 12:50:00,2020,7,4,12,50,06,06069,Avenue Victoria,43.66391,6.93242,Plein jour,En agglomération,Hors intersection,Normale,Deux véhicules - frontale,3,2,2,0,1,2,1,0,1,50,2,2,1,0,0,1,23.0,50.0,voiture,utilitaire_camion,1,2,1,1,1
202000032239,2020-07-04 18:00:00,2020,7,4,18,0,06,06029,GRAND JAS (AVENUE),43.5625,7.00175,Plein jour,En agglomération,Hors intersection,Normale,,4,1,2,0,1,2,1,0,1,50,2,3,1,0,0,2,55.0,57.0,voiture,voiture,1,2,1,1,-1
202000032240,2020-07-03 19:30:00,2020,7,3,19,30,75,75112,ECHANGEUR BERCY,48.827765,2.393486,Plein jour,En agglomération,Hors intersection,Normale,Deux véhicules - côté,4,1,4,0,1,1,1,0,1,70,2,2,1,0,0,1,39.0,50.0,voiture,deux_roues,1,2,1,1,3
202000032241,2020-07-03 06:30:00,2020,7,3,6,30,75,75119,PORTE DES LILAS,48.881075,2.403973,Plein jour,En agglomération,Intersection en Y,Normale,Sans collision,4,1,1,0,2,1,1,0,1,50,1,1,0,0,0,1,53.0,,deux_roues,,1,2,4,1,7
202000032242,2020-07-03 14:20:00,2020,7,3,14,20,75,75107,BOULEVARD SAINT GERMAIN,48.85998,2.32171,Plein jour,En agglomération,Intersection en Y,Normale,Deux véhicules - côté,4,2,4,0,1,1,1,0,1,50,2,3,2,0,0,1,31.0,35.0,deux_roues,voiture,1,2,4,1,3
202000032243,2020-07-03 00:50:00,2020,7,3,0,50,75,75105,RUE SAINT JACQUES,48.847356,2.343654,Nuit avec éclairage allumé,En agglomération,Intersection en X,Normale,Deux véhicules - côté,4,1,2,0,3,1,1,0,1,30,2,2,1,0,0,1,24.0,21.0,voiture,deux_roues,5,2,2,1,3
202000032244,2020-07-04 07:21:00,2020,7,4,7,21,75,75119,AVENUE SIMON BOLIVAR,48.87841,2.374252,Plein jour,En agglomération,Intersection en X,Normale,Deux véhicules - arrière,4,2,2,0,1,1,1,0,1,50,2,2,1,0,0,1,27.0,35.0,voiture,deux_roues,1,2,2,1,2
202000032245,2020-07-04 17:20:00,2020,7,4,17,20,75,75118,PLACE DE LA CHAPELLE,48.884887,2.359345,Plein jour,En agglomération,Place,Normale,Deux véhicules - côté,4,2,6,1,1,1,1,-1,5,50,2,3,2,0,0,1,52.0,26.0,voiture,deux_roues,1,2,7,1,3
202000032246,2020-07-04 14:40:00,2020,7,4,14,40,75,75117,AVENUE DES TERNES,48.878346,2.295553,Plein jour,En agglomération,Intersection en T,Temps couvert,Deux véhicules - côté,4,2,4,0,1,1,1,0,1,50,2,3,2,0,0,1,79.0,28.0,voiture,deux_roues,1,2,3,8,3
202000032247,2020-07-04 12:45:00,2020,7,4,12,45,75,75117,RUE DE SENLIS,48.887307,2.297842,Plein jour,En agglomération,Place,Normale,Autre collision,4,1,1,0,1,1,1,0,4,50,1,1,0,0,0,1,22.0,,deux_roues,,1,2,7,1,6
202000032248,2020-07-04 18:30:00,2020,7,4,18,30,75,75115,AVENUE EMILE ZOLA,48.846552,2.285995,Plein jour,En agglomération,Intersection en X,Normale,Autre collision,4,2,2,0,1,1,1,0,1,50,1,2,1,0,0,1,24.0,,voiture,,1,2,2,1,6
202000032249,2020-07-03 02:40:00,2020,7,3,2,40,75,75115,AVENUE DU MAINE,48.844163,2.320229,Nuit avec éclairage allumé,En agglomération,Intersection en T,Normale,Autre collision,4,1,2,0,1,1,1,0,1,50,1,1,0,0,0,1,26.0,,voiture,,5,2,3,1,6
202000032250,2020-07-04 01:15:00,2020,7,4,1,15,75,75113,AVENUE PIERRE MENDES FRANCE,48.841182,2.368151,Nuit avec éclairage allumé,En agglomération,Hors intersection,Normale,Deux véhicules - côté,4,2,4,0,2,1,1,0,1,50,2,2,1,0,0,1,30.0,28.0,voiture,deux_roues,5,2,1,1,3
202000032251,2020-06-25 08:05:00,2020,6,25,8,5,75,75113,RUE JEAN SEBASTIEN BACH,48.830746,2.365444,Plein jour,En agglomération,Hors intersection,Normale,Autre collision,4,2,2,0,1,1,1,0,1,50,1,1,0,0,0,1,,,,,1,2,1,1,6
202000032252,2020-07-04 16:45:00,2020,7,4,16,45,75,75110,BOULEVARD DE BONNE NOUVELLE,48.870364,2.34958,Plein jour,En agglomération,Intersection en T,Normale,Deux véhicules - côté,4,2,3,3,1,1,1,-1,6,50,2,3,1,0,0,2,52.0,25.0,voiture,deux_roues,1,2,3,1,3
202000032253,2020-07-03 21:40:00,2020,7,3,21,40,75,75110,RUE LA FAYETTE,48.878981,2.355764,Crépuscule ou aube,En agglomération,Intersection en X,Normale,Deux véhicules - côté,4,2,2,0,1,1,1,0,1,50,2,2,1,0,0,1,45.0,48.0,voiture,deux_roues,2,2,2,1,3
202000032254,2020-07-04 16:50:00,2020,7,4,16,50,75,75107,PONT DE L ALMA,48.862429,2.301605,Plein jour,En agglomération,Intersection en X,Normale,Deux véhicules - arrière,4,2,5,1,1,1,1,-1,5,50,2,2,1,0,0,1,66.0,21.0,deux_roues,deux_roues,1,2,2,1,2
202000032255,2020-07-03 18:00:00,2020,7,3,18,0,75,75114,RUE RAYMOND LOSSERAND,48.833967,2.318158,Plein jour,En agglomération,Intersection en X,Normale,Deux véhicules - côté,4,1,1,0,1,1,1,0,1,30,2,2,1,0,0,1,46.0,20.0,voiture,deux_roues,1,2,2,1,3
202000032256,2020-07-04 18:20:00,2020,7,4,18,20,75,75104,QUAI DES CELESTINS,48.85182,2.361276,Plein jour,En agglomération,Hors intersection,Normale,Deux véhicules - arrière,4,2,4,0,1,1,1,0,1,50,2,1,0,0,0,1,37.0,,deux_roues,,1,2,1,1,2
202000032257,2020-07-04 11:20:00,2020,7,4,11,20,75,75101,RUE DE RIVOLI,48.86496,2.328367,Plein jour,En agglomération,Hors intersection,Temps couvert,Sans collision,4,2,4,1,1,1,1,-1,5,50,1,1,0,0,0,1,57.0,,deux_roues,,1,2,1,8,7
202000032258,2020-07-04 20:00:00,2020,7,4,20,0,94,94046,VICTOR BASCH (R),48.809044,2.445846,Plein jour,En agglomération,Intersection en X,Normale,Deux véhicules - côté,4,1,1,0,1,1,1,5,1,50,2,5,4,0,0,1,23.0,44.0,voiture,voiture,1,2,2,1,3
202000032259,2020-07-04 12:00:00,2020,7,4,12,0,94,94073,avenue Franklin Roosevelt,48.765386,2.3951,Plein jour,En agglomération,Intersection en T,Normale,Deux véhicules - frontale,4,-1,2,0,2,1,1,0,1,50,2,2,1,0,0,1,21.0,68.0,voiture,deux_roues,1,2,3,1,1
202000032260,2020-07-04 12:30:00,2020,7,4,12,30,94,94077,PAUL DOUMER (AV),48.74025,2.42329,Plein jour,En agglomération,Intersection en X,Normale,Trois véhicules et plus - collisions multiples,4,1,1,0,2,2,1,0,1,30,3,4,3,0,0,1,51.0,60.0,voiture,voiture,1,2,2,1,5
202000032261,2020-07-04 19:05:00,2020,7,4,19,5,93,93053,STEPHENSON (SQUARE),48.8874098,2.4627666,Plein jour,En agglomération,Autre intersection,Temps couvert,Autre collision,4,2,0,0,1,2,1,0,1,30,1,3,2,0,0,1,32.0,,voiture,,1,2,9,8,6
202000032262,2020-07-04 15:41:00,2020,7,4,15,41,93,93027,VAILLANT-COUTURIER (AVENUE PAUL),48.926212,2.4162331,Plein jour,En agglomération,Hors intersection,Normale,Deux véhicules - côté,3,2,4,1,1,1,1,0,5,50,2,2,1,0,0,1,31.0,23.0,deux_roues,voiture,1,2,1,1,3
202000032263,2020-07-04 16:25:00,2020,7,4,16,25,93,93010,STAINS (RTE DE),48.9046822,2.4704017,Plein jour,En agglomération,Autre intersection,Normale,Deux véhicules - côté,3,3,3,0,4,3,1,2,1,50,2,4,3,0,0,1,34.0,65.0,utilitaire_camion,voiture,1,2,9,1,3
202000032264,2020-07-04 01:05:00,2020,7,4,1,5,92,92075,GUY MOQUET (RUE),48.81468,2.29679,Nuit avec éclairage allumé,En agglomération,Intersection en X,Normale,Deux véhicules - côté,3,2,2,0,1,1,1,9,1,50,2,2,1,0,0,1,44.0,18.0,voiture,deux_roues,5,2,2,1,3
202000032265,2020-07-04 17:55:00,2020,7,4,17,55,92,92064,MARIUS FRANAY,48.85014,2.22134,Plein jour,En agglomération,Intersection en T,Temps couvert,Autre collision,4,1,1,0,2,2,1,0,1,50,1,2,1,0,0,1,56.0,,utilitaire_camion,,1,2,3,8,6
202000032266,2020-07-04 16:50:00,2020,7,4,16,50,92,92025,PRESIDENT SALVADOR ALLENDE (RUE DU),48.9222041,2.2358251,Plein jour,En agglomération,Hors intersection,Normale,Deux véhicules - côté,4,1,1,0,1,1,1,0,1,50,2,2,1,0,0,1,34.0,27.0,deux_roues,voiture,1,2,1,1,3
202000032267,2020-07-03 23:10:00,2020,7,3,23,10,92,92024,MARTISSOT (RUE),48.9015776,2.3157019,Nuit avec éclairage allumé,En agglomération,Hors intersection,Normale,Sans collision,4,1,1,0,1,1,1,0,1,30,1,1,0,0,0,1,24.0,,deux_roues,,5,2,1,1,7
202000032268,2020-07-03 22:15:00,2020,7,3,22,15,92,92023,GENERAL DE GAULLE (AVENUE DU),48.7771016,2.2312653,Nuit avec éclairage allumé,En agglomération,Intersection en X,Normale,Deux véhicules - côté,3,1,2,0,2,1,1,0,1,50,2,2,0,0,0,2,28.0,24.0,voiture,voiture,5,2,2,1,3
202000032269,2020-07-04 23:00:00,2020,7,4,23,0,92,92012,CHATEAU (RUE DU) 1/125 - 2/136,48.844172,2.249798,Nuit avec éclairage allumé,En agglomération,Intersection à plus de 4 branches,Normale,,3,2,2,0,1,1,1,0,1,50,2,2,1,0,0,1,27.0,63.0,transport_commun,deux_roues,5,2,5,1,-1
202000032270,2020-07-04 12:00:00,2020,7,4,12,0,92,92012,REINE (ROUTE DE LA) 1/37- 6/80,48.8391415,2.2461891,Plein jour,En agglomération,Hors intersection,Normale,Autre collision,3,2,2,1,1,1,1,0,1,50,1,2,1,0,0,1,31.0,,deux_roues,,1,2,1,1,6
202000032271,2020-07-04 11:35:00,2020,7,4,11,35,92,92012,ANDRE MORIZET (AVENUE) - 49/FIN - 54/FIN,48.837097,2.236184,Plein jour,En agglomération,Autre intersection,Temps couvert,Deux véhicules - côté,3,2,3,1,1,1,1,9,5,50,2,2,1,0,0,1,39.0,52.0,utilitaire_camion,deux_roues,1,2,9,8,3
202000032272,2020-07-05 04:45:00,2020,7,5,4,45,65,65130,D935,43.586185,-0.019575,Nuit sans éclairage public,Hors agglomération,Hors intersection,Normale,Sans collision,3,2,2,0,1,1,1,0,8,90,1,1,0,0,1,0,59.0,,voiture,,3,1,1,1,7
202000032273,2020-07-04 19:50:00,2020,7,4,19,50,01,01004,Rue du Prémonin,45.959362,5.328584,Plein jour,Hors agglomération,Hors intersection,Normale,Deux véhicules - frontale,3,2,3,0,1,1,1,0,1,90,2,3,1,0,2,0,83.0,32.0,voiture,utilitaire_camion,1,1,1,1,1
202000032274,2020-06-11 10:49:00,2020,6,11,10,49,06,06054,Avenue-jean-moulin,43.753815,7.320591,Plein jour,En agglomération,Intersection en T,Normale,,3,2,2,0,1,1,1,0,1,50,2,2,1,0,1,0,56.0,45.0,voiture,deux_roues,1,2,3,1,-1
202000032275,2020-07-04 05:55:00,2020,7,4,5,55,17,17010,D137,46.102887,-1.094273,Crépuscule ou aube,Hors agglomération,Hors intersection,Normale,Autre collision,3,3,4,0,1,1,1,0,1,110,1,2,0,0,1,1,34.0,,voiture,,2,1,1,1,6
202000032276,2020-07-05 20:35:00,2020,7,5,20,35,95,95480,Rue du Général de Gaulle,49.107004,2.20528,Plein jour,En agglomération,Hors intersection,Normale,Deux véhicules - arrière,3,2,2,0,1,1,1,0,1,50,2,2,1,0,0,1,33.0,17.0,voiture,deux_roues,1,2,1,1,2
202000032277,2020-07-04 16:40:00,2020,7,4,16,40,34,34067,Avenue des 2 Ponts,43.939147,3.68908,Plein jour,Hors agglomération,Autre intersection,Normale,Deux véhicules - frontale,3,2,2,0,1,3,1,0,1,80,2,2,1,0,1,0,23.0,47.0,deux_roues,voiture,1,1,9,1,1
202000032278,2020-07-05 14:53:00,2020,7,5,14,53,74,74034,Col du Corbier (Col de montagne),46.280025,6.637309,Plein jour,Hors agglomération,Hors intersection,Normale,Deux véhicules - frontale,3,2,2,0,2,4,1,0,1,80,2,2,1,0,1,0,77.0,33.0,voiture,deux_roues,1,1,1,1,1
202000032279,2020-07-05 07:10:00,2020,7,5,7,10,77,77382,A140,48.9012018,2.889812,Plein jour,Hors agglomération,Autre intersection,Pluie légère,Autre collision,1,2,2,0,1,1,2,0,2,110,1,1,0,0,1,0,41.0,,utilitaire_camion,,1,1,9,2,6
202000032280,2020-07-04 17:48:00,2020,7,4,17,48,71,71543,A6,46.552604,4.905943,Plein jour,Hors agglomération,Hors intersection,Normale,Deux véhicules - côté,1,3,5,0,1,1,1,0,1,130,2,3,2,0,0,1,56.0,53.0,voiture,voiture,1,1,1,1,3
202000032281,2020-07-05 11:25:00,2020,7,5,11,25,68,68044,D148,48.172268,7.09013,Plein jour,Hors agglomération,Hors intersection,Normale,Sans collision,3,2,2,0,2,4,1,0,3,70,1,1,0,0,1,0,56.0,,deux_roues,,1,1,1,1,7
202000032282,2020-07-03 18:10:00,2020,7,3,18,10,86,86165,D727A,46.43579,0.863156,Nuit sans éclairage public,En agglomération,Intersection en X,Normale,,3,3,2,0,1,3,1,5,1,70,2,3,1,0,1,1,54.0,55.0,transport_commun,voiture,3,2,2,1,-1
202000032283,2020-07-04 20:25:00,2020,7,4,20,25,67,67437,41 Route Nationale,48.7294045,7.3876421,Plein jour,Hors agglomération,Hors intersection,Normale,Deux véhicules - arrière,3,2,2,0,1,1,1,0,1,80,2,2,1,0,0,1,34.0,40.0,voiture,voiture,1,1,1,1,2
202000032284,2020-07-04 16:21:00,2020,7,4,16,21,22,22225,ZI de Bellevue,48.552339,-3.119795,Plein jour,Hors agglomération,Hors intersection,Normale,Deux véhicules - arrière,2,3,4,0,2,1,1,0,1,110,2,2,1,0,0,1,47.0,61.0,utilitaire_camion,voiture,1,1,1,1,2
202000032285,2020-07-05 09:29:00,2020,7,5,9,29,06,06130,D4,43.682785,6.860809,Plein jour,Hors agglomération,Hors intersection,Normale,Autre collision,3,2,2,0,1,1,1,0,1,70,1,2,1,0,1,0,31.0,,voiture,,1,1,1,1,6
202000032286,2020-07-05 14:12:00,2020,7,5,14,12,41,41252,A10,47.711509,1.46701,Plein jour,Hors agglomération,Hors intersection,Normale,Autre collision,1,3,3,3,1,1,1,0,1,130,1,2,0,1,0,1,72.0,,voiture,,1,1,1,1,6
202000032287,2020-07-05 12:00:00,2020,7,5,12,0,68,68343,Chemin Rural,47.869755,7.302314,Plein jour,Hors agglomération,Hors intersection,Normale,Deux véhicules - frontale,9,-1,2,1,1,1,1,0,5,-1,2,2,1,0,1,0,66.0,6.0,deux_roues,deux_roues,1,1,1,1,1
202000032288,2020-07-05 09:00:00,2020,7,5,9,0,65,65340,Route de Bours,43.278633,0.109232,Plein jour,Hors agglomération,Intersection en X,Normale,Deux véhicules - côté,2,4,3,3,1,1,1,5,1,70,2,3,1,0,0,2,46.0,47.0,voiture,deux_roues,1,1,2,1,3
202000032289,2020-07-05 20:00:00,2020,7,5,20,0,62,62391,D187,50.607789,2.499894,Plein jour,Hors agglomération,Hors intersection,Vent fort / tempête,Autre collision,3,2,2,0,1,4,1,0,3,80,1,5,3,0,1,1,20.0,,voiture,,1,1,1,6,6
202000032290,2020-07-05 11:50:00,2020,7,5,11,50,04,04161,RD 900,44.398866,6.533754,Plein jour,Hors agglomération,Hors intersection,Normale,Deux véhicules - côté,3,2,2,0,1,3,1,0,1,80,2,5,3,0,2,0,32.0,50.0,deux_roues,voiture,1,1,1,1,3
202000032291,2020-07-04 00:25:00,2020,7,4,0,25,51,51391,N31,49.2776133,3.84639,Nuit sans éclairage public,Hors agglomération,Hors intersection,Normale,Deux véhicules - frontale,2,2,2,0,1,1,1,0,1,80,2,2,1,0,1,0,36.0,49.0,voiture,utilitaire_camion,3,1,1,1,1
202000032292,2020-07-05 11:34:00,2020,7,5,11,34,51,51576,D1,49.050161,4.14206,Plein jour,Hors agglomération,Hors intersection,Normale,Deux véhicules - frontale,3,2,2,0,1,1,1,0,1,80,2,2,1,0,0,1,66.0,11.0,voiture,deux_roues,1,1,1,1,1
202000032293,2020-07-04 01:42:00,2020,7,4,1,42,56,56198,Saint-Samson,48.087323,-2.768,Nuit sans éclairage public,En agglomération,Hors intersection,Normale,Autre collision,3,2,2,0,2,2,1,0,4,50,1,3,0,2,1,0,18.0,,voiture,,3,2,1,1,6
202000032294,2020-07-04 17:50:00,2020,7,4,17,50,56,56084,Rue Er Vrénéguy,47.582486,-2.697015,Plein jour,En agglomération,Hors intersection,Pluie légère,Sans collision,4,2,2,0,1,1,2,0,1,50,1,2,1,0,1,0,50.0,,deux_roues,,1,2,1,2,7
202000032295,2020-07-05 12:45:00,2020,7,5,12,45,76,76196,Route de Gonneville,49.643374,0.2621385,Plein jour,En agglomération,Giratoire,Temps couvert,Autre collision,3,2,2,0,1,1,2,0,1,50,1,1,0,0,1,0,16.0,,deux_roues,,1,2,6,8,6
202000032296,2020-07-05 05:00:00,2020,7,5,5,0,76,76258,Rd 926,49.635349,0.630137,Nuit sans éclairage public,Hors agglomération,Hors intersection,Pluie légère,Autre collision,3,2,2,0,1,1,2,0,3,80,1,1,0,0,1,0,19.0,,voiture,,3,1,1,2,6
202000032297,2020-07-04 21:30:00,2020,7,4,21,30,80,80655,rue du Cimetière,49.9515114,1.9806716,Crépuscule ou aube,Hors agglomération,Hors intersection,Pluie légère,Autre collision,4,2,2,0,1,3,2,0,3,90,1,3,1,0,1,1,26.0,,voiture,,2,1,1,2,6
202000032298,2020-07-05 14:15:00,2020,7,5,14,15,65,65322,chemin Pesque,43.0692667,0.4077206,Plein jour,En agglomération,Hors intersection,Normale,Autre collision,3,2,2,0,3,3,1,0,3,50,1,5,0,0,0,5,28.0,,voiture,,1,2,1,1,6
202000032299,2020-07-04 19:45:00,2020,7,4,19,45,61,61167,D12,48.848437,0.499213,Plein jour,Hors agglomération,Intersection en X,Normale,Deux véhicules - arrière,3,2,2,0,1,1,1,0,1,80,2,3,1,0,1,1,13.0,37.0,deux_roues,voiture,1,1,2,1,2
202000032300,2020-07-04 22:45:00,2020,7,4,22,45,61,61414,D912,48.532052,0.522001,Nuit sans éclairage public,Hors agglomération,Hors intersection,Normale,Autre collision,3,2,2,0,4,1,1,0,1,70,1,2,1,0,1,0,56.0,,voiture,,3,1,1,1,6
202000032301,2020-07-04 09:30:00,2020,7,4,9,30,61,61150,9 Route de Saint-germain,48.740813,0.410137,Plein jour,En agglomération,Hors intersection,Temps couvert,Autre collision,3,2,2,0,1,1,1,0,3,80,1,1,0,0,1,0,70.0,,voiture,,1,2,1,8,6
202000032302,2020-07-01 11:15:00,2020,7,1,11,15,12,12001,Place Marc Robert,44.357525,2.680278,Plein jour,En agglomération,Place,Normale,Deux véhicules - côté,3,2,2,0,2,1,1,0,1,50,2,2,1,0,1,0,65.0,65.0,voiture,deux_roues,1,2,7,1,3
202000032303,2020-07-04 11:20:00,2020,7,4,11,20,47,47081,Roussous,44.3385416,0.6234215,Plein jour,Hors agglomération,Intersection en X,Normale,Deux véhicules - côté,3,2,2,0,2,1,1,0,1,80,2,3,1,0,1,1,63.0,54.0,voiture,voiture,1,1,2,1,3
202000032304,2020-07-04 13:55:00,2020,7,4,13,55,47,47012,D11,44.279375,0.166512,Plein jour,Hors agglomération,Intersection en X,Normale,Deux véhicules - côté,3,2,2,0,1,1,1,5,1,80,2,3,2,0,1,0,36.0,71.0,deux_roues,voiture,1,1,2,1,3
202000032305,2020-07-05 16:45:00,2020,7,5,16,45,34,34055,D922,43.68689,2.943145,Plein jour,Hors agglomération,Hors intersection,Normale,Autre collision,3,2,2,0,2,2,1,0,8,80,1,1,0,0,1,0,23.0,,deux_roues,,1,1,1,1,6
202000032306,2020-07-04 17:30:00,2020,7,4,17,30,25,25542,2 Rue du Champenatre,47.236886,5.936029,Plein jour,En agglomération,Hors intersection,Normale,Autre collision,4,2,2,0,1,1,1,0,3,50,1,1,0,1,0,0,72.0,,deux_roues,,1,2,1,1,6
202000032307,2020-07-03 18:30:00,2020,7,3,18,30,25,25133,N57,47.310733,5.993418,Plein jour,En agglomération,Hors intersection,Normale,Deux véhicules - côté,2,2,2,0,1,1,1,0,1,70,2,2,1,0,1,0,20.0,35.0,voiture,deux_roues,1,2,1,1,3
202000032308,2020-07-04 14:45:00,2020,7,4,14,45,35,35186,RD 155,48.553347,-1.760988,Plein jour,Hors agglomération,Intersection en T,Normale,Deux véhicules - frontale,2,1,1,-1,2,1,1,3,8,70,2,6,5,0,1,0,48.0,34.0,deux_roues,voiture,1,1,3,1,1
202000032309,2020-07-05 16:05:00,2020,7,5,16,5,38,38564,D82K,45.485113,5.706056,Plein jour,Hors agglomération,Hors intersection,Normale,Autre collision,3,2,2,0,2,1,1,0,1,50,1,1,0,0,0,1,44.0,,deux_roues,,1,1,1,1,6
202000032310,2020-07-05 00:55:00,2020,7,5,0,55,59,59312,D644,50.030619,3.244582,Nuit sans éclairage public,Hors agglomération,Hors intersection,Pluie légère,Sans collision,3,2,2,0,4,2,2,0,1,80,1,1,0,0,0,1,36.0,,voiture,,3,1,1,2,7
202000032311,2020-07-03 14:15:00,2020,7,3,14,15,03,03084,Petit Bois,46.4747418,2.8373842,Plein jour,En agglomération,Hors intersection,Normale,Deux véhicules - frontale,9,-1,-1,-1,1,1,1,0,8,-1,2,2,1,0,1,0,15.0,15.0,deux_roues,deux_roues,1,2,1,1,1
202000032312,2020-07-04 20:10:00,2020,7,4,20,10,01,01073,D37,45.837101,5.727761,Plein jour,En agglomération,Hors intersection,Normale,Autre collision,3,2,2,0,2,4,1,0,8,50,1,1,0,0,0,1,21.0,,voiture,,1,2,1,1,6
202000032313,2020-07-04 22:55:00,2020,7,4,22,55,26,26176,1240 Route de la Plaine,44.610573,4.885912,Nuit sans éclairage public,Hors agglomération,Hors intersection,Normale,Autre collision,3,2,2,0,1,1,1,0,1,80,1,3,2,0,1,0,24.0,,voiture,,3,1,1,1,6
202000032314,2020-07-04 09:30:00,2020,7,4,9,30,58,58253,Sainte-Marie,47.111453,3.439791,Plein jour,Hors agglomération,Hors intersection,Normale,Deux véhicules - frontale,4,2,2,0,1,2,1,0,1,80,2,2,1,0,1,0,45.0,21.0,voiture,deux_roues,1,1,1,1,1
202000032315,2020-07-05 09:40:00,2020,7,5,9,40,06,06163,La Brigue,44.031061,7.582028,Plein jour,Hors agglomération,Hors intersection,Normale,Deux véhicules - côté,3,2,2,0,2,3,1,0,1,80,2,3,2,0,1,0,30.0,64.0,deux_roues,utilitaire_camion,1,1,1,1,3
202000032316,2020-07-04 13:15:00,2020,7,4,13,15,06,06086,D2566,43.922514,7.408406,Plein jour,Hors agglomération,Hors intersection,Normale,Autre collision,3,-1,2,0,2,3,1,0,1,80,1,1,0,1,0,0,42.0,,deux_roues,,1,1,1,1,6
202000032317,2020-07-05 13:13:00,2020,7,5,13,13,14,14257,Rue d'Yverdon,49.1004032,-0.4998631,Plein jour,En agglomération,Hors intersection,Normale,Deux véhicules - frontale,3,2,2,0,3,1,1,0,1,50,2,2,1,0,1,0,26.0,70.0,deux_roues,voiture,1,2,1,1,1
202000032318,2020-07-05 11:55:00,2020,7,5,11,55,50,50215,RD650,49.100454,-1.597996,Plein jour,Hors agglomération,Hors intersection,Normale,Deux véhicules - frontale,3,2,2,0,1,1,1,0,3,80,2,3,1,0,1,1,61.0,67.0,utilitaire_camion,voiture,1,1,1,1,1
202000032319,2020-07-04 19:29:00,2020,7,4,19,29,83,83084,D30,43.645128,6.08428,Plein jour,Hors agglomération,Hors intersection,Normale,Deux véhicules - frontale,3,2,2,0,2,3,1,0,1,80,2,3,0,0,2,1,49.0,57.0,deux_roues,voiture,1,1,1,1,1
202000032320,2020-07-05 01:10:00,2020,7,5,1,10,45,45134,51 Cerqueux,47.96811,1.621594,Nuit avec éclairage allumé,En agglomération,Hors intersection,Normale,Sans collision,3,2,2,0,1,3,1,0,3,50,1,2,1,1,0,0,34.0,,voiture,,5,2,1,1,7
202000032321,2020-07-04 20:20:00,2020,7,4,20,20,43,43213,RD44,45.254007,4.261118,Plein jour,Hors agglomération,Intersection en X,Normale,Deux véhicules - côté,3,2,2,0,1,1,1,5,1,80,2,2,1,0,1,0,53.0,16.0,voiture,deux_roues,1,1,2,1,3
202000032322,2020-07-05 00:15:00,2020,7,5,0,15,43,43223,Route de Firminy,45.269933,4.334192,Nuit sans éclairage public,Hors agglomération,Hors intersection,Normale,Deux véhicules - frontale,3,2,2,0,2,2,1,9,1,80,2,5,0,1,4,0,54.0,20.0,voiture,voiture,3,1,1,1,1
202000032323,2020-07-04 16:50:00,2020,7,4,16,50,07,07289,1 Rue du Luol,44.628848,4.413017,Plein jour,En agglomération,Intersection en T,Normale,Deux véhicules - frontale,3,2,2,0,1,1,1,0,1,50,2,2,1,0,0,1,15.0,64.0,deux_roues,voiture,1,2,3,1,1