accident_id,datetime,annee,mois,jour,heure,minute,departement,commune_insee,adresse,latitude,longitude,luminosite,agglomeration,intersection,meteo,collision,catr,circ,nbv,vosp,prof,plan,surf,infra,situ,vma,nb_vehicules,nb_usagers,nb_indemnes,nb_tues,nb_blesses_hosp,nb_blesses_legers,age_cond_1,age_cond_2,veh_type_cond_1,veh_type_cond_2,lum_code,agg_code,int_code,atm_code,col_code
202000032324,2020-07-03 15:35:00,2020,7,3,15,35,53,53039,l'hotellerie,48.177977,-0.994665,Plein jour,Hors agglomération,Intersection en T,Normale,Deux véhicules - côté,3,2,2,0,4,1,1,0,1,80,2,2,1,0,1,0,18.0,20.0,voiture,voiture,1,1,3,1,3
202000032325,2020-07-05 00:00:00,2020,7,5,0,0,04,04009,RD 22,44.1351671,6.3288199,Nuit sans éclairage public,Hors agglomération,Hors intersection,Normale,Sans collision,3,2,2,0,2,2,1,0,3,80,1,2,1,0,0,1,27.0,,voiture,,3,1,1,1,7
202000032326,2020-07-05 01:20:00,2020,7,5,1,20,28,28236,110,48.331501,0.886078,Nuit sans éclairage public,Hors agglomération,Intersection en Y,Pluie légère,Autre collision,3,2,2,0,1,3,2,0,3,80,1,1,0,0,1,0,37.0,,voiture,,3,1,4,2,6
202000032327,2020-07-05 03:10:00,2020,7,5,3,10,30,30077,La Blaquière (Informations),44.149342,4.057313,Nuit avec éclairage allumé,En agglomération,Hors intersection,Normale,Autre collision,3,2,2,0,1,2,1,0,3,50,1,1,0,0,1,0,27.0,,voiture,,5,2,1,1,6
202000032328,2020-07-04 06:20:00,2020,7,4,6,20,72,72380,A28,48.2422331,0.1655535,Crépuscule ou aube,Hors agglomération,Hors intersection,Normale,Deux véhicules - arrière,1,3,4,0,1,1,1,0,1,130,2,5,4,0,0,1,26.0,63.0,voiture,voiture,2,1,1,1,2
202000032329,2020-07-05 13:40:00,2020,7,5,13,40,24,24337,D60,44.673284,1.073903,Plein jour,Hors agglomération,Hors intersection,Normale,Autre collision,3,2,2,0,1,3,1,0,3,80,1,1,0,0,1,0,23.0,,deux_roues,,1,1,1,1,6
202000032330,2020-03-27 15:20:00,2020,3,27,15,20,37,37081,65 Rue Principale,47.4280443,0.3794078,Plein jour,En agglomération,Intersection en X,Normale,Autre collision,3,4,2,0,1,1,1,9,1,50,1,1,0,0,1,0,40.0,,deux_roues,,1,2,2,1,6
202000032331,2020-02-26 13:45:00,2020,2,26,13,45,78,78356,Avenue de Chevincourt,48.718783,2.102026,Plein jour,En agglomération,Hors intersection,Normale,Autre collision,4,2,2,0,1,1,1,0,1,50,1,2,1,0,1,0,78.0,,voiture,,1,2,1,1,6
202000032332,2020-03-18 17:25:00,2020,3,18,17,25,42,42165,790 Route de Montchal,45.7967986,4.3414371,Plein jour,En agglomération,Hors intersection,Normale,Deux véhicules - côté,3,2,2,0,1,3,1,0,1,50,2,2,1,0,0,1,17.0,66.0,deux_roues,voiture,1,2,1,1,3
202000032333,2020-03-26 23:30:00,2020,3,26,23,30,22,22223,Leur Min,48.557502,-3.197676,Nuit sans éclairage public,Hors agglomération,Hors intersection,Normale,Sans collision,4,2,2,0,1,3,1,0,3,80,1,1,0,0,1,0,20.0,,voiture,,3,1,1,1,7
202000032334,2020-03-26 18:30:00,2020,3,26,18,30,93,93010,AUTOROUTE A3,48.90624,2.47214,Plein jour,Hors agglomération,Hors intersection,Normale,Deux véhicules - arrière,1,3,6,0,1,1,1,0,1,110,2,5,3,0,0,2,45.0,23.0,voiture,voiture,1,1,1,1,2
202000032335,2020-03-26 16:00:00,2020,3,26,16,0,92,92036,AUTOROUTE A15,48.93704,2.29482,Plein jour,Hors agglomération,Hors intersection,Normale,Sans collision,1,1,2,0,4,2,1,3,1,50,1,1,0,0,1,0,52.0,,utilitaire_camion,,1,1,1,1,7
202000032336,2020-03-25 14:30:00,2020,3,25,14,30,94,94017,A4,48.82736,2.50876,Plein jour,Hors agglomération,Hors intersection,Normale,Sans collision,1,1,4,0,1,1,1,0,1,90,1,1,0,0,0,1,29.0,,voiture,,1,1,1,1,7
202000032337,2020-01-24 15:17:00,2020,1,24,15,17,76,76351,CAPUCHET (DU),49.52345,0.10409,Plein jour,En agglomération,Hors intersection,Normale,Autre collision,6,-1,-1,0,1,1,1,0,8,20,1,2,1,0,0,1,66.0,,voiture,,1,2,1,1,6
202000032338,2020-01-20 18:40:00,2020,1,20,18,40,78,78297,RN12,48.788472,2.061936,Nuit sans éclairage public,Hors agglomération,Autre intersection,Normale,,2,1,2,0,1,3,1,3,1,50,2,2,1,0,0,1,36.0,45.0,voiture,deux_roues,3,1,9,1,-1
202000032339,2020-03-24 12:50:00,2020,3,24,12,50,69,69388,JOSEPH CHAPELLE                     (R ),45.7329918,4.8635827,Plein jour,En agglomération,Intersection en X,Normale,Deux véhicules - côté,4,1,1,0,1,1,1,0,1,50,2,3,2,0,0,1,49.0,72.0,voiture,voiture,1,2,2,1,3
202000032340,2020-03-25 02:00:00,2020,3,25,2,0,69,69387,CHAMBAUD DE LA BRUYERE              (BD),45.72312,4.84207,Nuit avec éclairage allumé,En agglomération,Hors intersection,Normale,Autre collision,4,1,3,0,1,3,1,0,3,50,1,4,1,0,1,2,21.0,,voiture,,5,2,1,1,6
202000032341,2020-03-24 16:40:00,2020,3,24,16,40,95,95424,LIBÉRATION(AVENUE DE LA),49.006561,2.195134,Plein jour,En agglomération,Hors intersection,Normale,Autre collision,3,2,2,0,1,1,1,0,4,50,1,1,0,0,0,1,19.0,,deux_roues,,1,2,1,1,6
202000032342,2020-03-24 14:10:00,2020,3,24,14,10,78,78354,rue de l'ouest,48.978681,1.689616,Plein jour,En agglomération,Hors intersection,Normale,Autre collision,3,2,2,0,1,1,1,0,1,50,1,2,1,1,0,0,73.0,,voiture,,1,2,1,1,6
202000032343,2020-03-24 23:00:00,2020,3,24,23,0,76,76351,DU GUESCLIN,49.49613,0.12612,Nuit avec éclairage allumé,En agglomération,Intersection en Y,Normale,Deux véhicules - frontale,4,2,2,0,1,1,1,0,1,50,2,2,1,0,0,1,28.0,23.0,voiture,voiture,5,2,4,1,1
202000032344,2020-03-25 04:55:00,2020,3,25,4,55,69,69290,LYONNAIS (DU)                       (R ),45.69737,4.90824,Nuit sans éclairage public,Hors agglomération,Hors intersection,Normale,Deux véhicules - frontale,4,2,2,0,1,2,1,0,1,70,2,2,0,0,0,2,20.0,29.0,voiture,voiture,3,1,1,1,1
202000032345,2020-02-17 10:45:00,2020,2,17,10,45,40,40088,MANOIR (BOULEVARD YVES DU),43.7107,-1.0424,Plein jour,En agglomération,Giratoire,Pluie légère,Autre collision,4,2,2,0,1,1,2,0,1,30,1,2,1,0,0,1,71.0,,voiture,,1,2,6,2,6
202000032346,2020-03-18 16:45:00,2020,3,18,16,45,40,40279,LACS DES (AVENUE),43.73563,-1.11129,Plein jour,Hors agglomération,Hors intersection,Temps couvert,Autre collision,3,2,2,0,1,1,1,0,3,80,1,3,0,1,2,0,59.0,,voiture,,1,1,1,8,6
202000032347,2020-03-11 13:10:00,2020,3,11,13,10,33,33063,5 Rue Permentade,44.83258,-0.56746,Plein jour,En agglomération,Hors intersection,Normale,Autre collision,4,1,1,0,1,1,1,0,1,50,1,2,1,0,0,1,59.0,,voiture,,1,2,1,1,6
202000032348,2020-03-25 07:10:00,2020,3,25,7,10,33,33063,BD ALFRED DANEY,44.87434,-0.55605,Plein jour,En agglomération,Hors intersection,Normale,Deux véhicules - côté,4,2,4,2,1,1,1,0,6,50,2,2,1,0,0,1,51.0,20.0,voiture,deux_roues,1,2,1,1,3
202000032349,2020-03-25 10:25:00,2020,3,25,10,25,13,13215,SAINT ANTOINE A SAINT JOSEPH (CHEMIN DE),43.3492,5.3753,Plein jour,En agglomération,Intersection en X,Normale,Deux véhicules - côté,4,3,4,0,1,1,1,5,1,50,2,2,1,0,0,1,24.0,49.0,voiture,voiture,1,2,2,1,3
202000032350,2020-03-24 17:40:00,2020,3,24,17,40,13,13201,PARADIS (RUE)       1 A 47,43.291449,5.377603,Crépuscule ou aube,En agglomération,Intersection en X,Normale,Deux véhicules - côté,4,1,1,0,1,1,1,0,1,50,2,2,1,0,0,1,28.0,55.0,deux_roues,utilitaire_camion,2,2,2,1,3
202000032351,2020-03-24 11:45:00,2020,3,24,11,45,10,10081,PAUL LANGEVIN (RUE),48.31248,4.04676,Plein jour,En agglomération,Hors intersection,Normale,Sans collision,4,2,2,0,1,1,1,0,1,50,1,1,0,0,0,1,69.0,,deux_roues,,1,2,1,1,7
202000032352,2020-03-25 11:34:00,2020,3,25,11,34,10,10333,AUXERRE (ROUTE),48.2703675,4.0513968,Plein jour,En agglomération,Hors intersection,Normale,Deux véhicules - côté,4,2,2,0,1,1,1,0,1,50,2,2,1,0,0,1,54.0,59.0,deux_roues,voiture,1,2,1,1,3
202000032353,2020-03-25 15:28:00,2020,3,25,15,28,75,75113,AVENUE D ITALIE,48.826181,2.357276,Plein jour,En agglomération,Intersection en X,Normale,Deux véhicules - côté,4,2,5,0,2,1,1,0,1,50,2,3,2,0,0,1,39.0,55.0,deux_roues,voiture,1,2,2,1,3
202000032354,2020-03-25 17:15:00,2020,3,25,17,15,94,94052,HEROS NOGENTAIS (R DES),48.8370297,2.4815944,Plein jour,En agglomération,Hors intersection,Normale,Deux véhicules - côté,4,1,1,0,1,1,1,0,1,30,2,2,1,0,0,1,43.0,41.0,voiture,transport_commun,1,2,1,1,3
202000032355,2020-03-25 09:05:00,2020,3,25,9,5,94,94041,GEORGES GOSNAT (AV),48.8123,2.3865,Plein jour,En agglomération,Intersection en X,Normale,Deux véhicules - côté,3,-1,2,1,1,1,1,5,1,50,2,1,0,0,0,1,29.0,,deux_roues,,1,2,2,1,3
202000032356,2020-03-24 17:45:00,2020,3,24,17,45,95,95056,Rue d'Epinay,49.091873,2.374206,Plein jour,En agglomération,Hors intersection,Normale,Deux véhicules - côté,4,2,2,0,1,1,1,0,1,50,2,2,1,0,0,1,21.0,26.0,deux_roues,deux_roues,1,2,1,1,3
202000032357,2020-03-25 21:40:00,2020,3,25,21,40,51,51318,D30,49.3021575,4.1922206,Nuit sans éclairage public,Hors agglomération,Hors intersection,Normale,Autre collision,3,2,2,0,2,2,1,0,8,80,1,1,0,1,0,0,41.0,,voiture,,3,1,1,1,6
202000032358,2020-03-25 17:50:00,2020,3,25,17,50,51,51030,Boulevard Charles de Gaulle,49.0522037,4.0037488,Plein jour,En agglomération,Giratoire,Normale,Deux véhicules - côté,3,2,2,0,4,1,1,5,1,50,2,2,1,0,0,1,31.0,16.0,utilitaire_camion,deux_roues,1,2,6,1,3
202000032359,2020-03-26 12:45:00,2020,3,26,12,45,89,89159,route de tonnerre - D.944,47.524968,3.90727,Plein jour,Hors agglomération,Hors intersection,Normale,Autre collision,3,2,2,0,1,1,1,0,3,80,1,1,0,1,0,0,25.0,,voiture,,1,1,1,1,6
202000032360,2020-03-26 06:00:00,2020,3,26,6,0,44,44038,Les Chatelliers,47.137297,-2.010037,Nuit sans éclairage public,Hors agglomération,Hors intersection,Normale,Sans collision,3,2,2,0,1,3,1,0,3,-1,1,1,0,0,1,0,23.0,,voiture,,3,1,1,1,7
202000032361,2020-03-26 19:30:00,2020,3,26,19,30,35,35362,RD 73,48.4877904,-1.8494246,Crépuscule ou aube,Hors agglomération,Hors intersection,Normale,Autre collision,3,2,2,0,1,1,1,0,3,70,1,1,0,0,1,0,30.0,,voiture,,2,1,1,1,6
202000032362,2020-02-27 08:55:00,2020,2,27,8,55,02,02086,D6,49.580918,3.197107,Plein jour,Hors agglomération,Hors intersection,Neige / grêle,Deux véhicules - côté,3,2,2,0,1,2,5,0,1,70,2,2,1,0,1,0,52.0,32.0,voiture,voiture,1,1,1,4,3
202000032363,2020-03-26 07:10:00,2020,3,26,7,10,43,43244,Mendigoules,45.107272,4.263296,Plein jour,Hors agglomération,Hors intersection,Normale,Autre collision,3,2,2,0,2,3,7,0,3,80,1,1,0,0,1,0,20.0,,voiture,,1,1,1,1,6
202000032364,2020-03-26 13:51:00,2020,3,26,13,51,17,17047,RD 700,45.57548,-0.472412,Plein jour,Hors agglomération,Intersection en T,Normale,Trois véhicules et plus - collisions multiples,3,-1,2,0,2,1,1,0,1,80,3,3,2,0,1,0,31.0,61.0,utilitaire_camion,utilitaire_camion,1,1,3,1,5
202000032365,2020-03-07 05:50:00,2020,3,7,5,50,34,34058,M610,43.674204,3.997135,Nuit sans éclairage public,Hors agglomération,Autre intersection,Normale,Autre collision,7,2,2,0,1,1,1,0,3,80,1,1,0,0,0,1,30.0,,voiture,,3,1,9,1,6
202000032366,2020-03-25 10:55:00,2020,3,25,10,55,988,98818,VE1/RUE JACQUES IEKAWE,-22.22535,166.48085,Plein jour,En agglomération,Intersection en Y,Normale,Deux véhicules - arrière,1,1,1,0,2,1,1,3,1,50,2,4,3,0,0,1,29.0,40.0,utilitaire_camion,voiture,1,2,4,1,2
202000032367,2020-03-23 18:00:00,2020,3,23,18,0,988,98818,RUE DE VERTEUIL,-22.27631,166.46344,Crépuscule ou aube,En agglomération,Hors intersection,Normale,Deux véhicules - frontale,4,2,2,0,2,3,1,0,1,50,2,3,2,0,0,1,56.0,35.0,voiture,deux_roues,2,2,1,1,1
202000032368,2020-03-23 14:25:00,2020,3,23,14,25,988,98818,RUE JACQUES IEKAWE/PARKING DE CHEVAL DISTRIBUTION,-22.24414,166.46718,Plein jour,Hors agglomération,Hors intersection,Normale,Autre collision,6,-1,-1,-1,1,1,1,0,8,10,1,2,1,0,0,1,79.0,,voiture,,1,1,1,1,6
202000032369,2020-03-24 09:30:00,2020,3,24,9,30,974,97411,MONTAGNE (ROUTE DE LA),-20.8880639,55.4369044,Plein jour,Hors agglomération,Hors intersection,Pluie légère,Autre collision,3,2,2,0,4,2,2,0,1,70,1,1,0,0,0,1,24.0,,voiture,,1,1,1,2,6
202000032370,2020-01-08 08:44:00,2020,1,8,8,44,88,88413,Rue DAUPHINE,48.2869867,6.9504294,Plein jour,En agglomération,Intersection en X,Temps couvert,Autre collision,4,2,2,0,1,1,1,9,8,30,1,2,1,0,1,0,47.0,,voiture,,1,2,2,8,6
202000032371,2020-03-24 08:30:00,2020,3,24,8,30,64,64102,SOULT (AVENUE MARECHAL),43.4872,-1.485,Plein jour,En agglomération,Hors intersection,Normale,Sans collision,4,2,7,0,2,1,1,0,1,50,1,1,0,0,0,1,32.0,,voiture,,1,2,1,1,7
202000032372,2020-02-26 09:50:00,2020,2,26,9,50,44,44109,BOULEVARD DE CARDIFF,47.19907,-1.58304,Plein jour,En agglomération,Hors intersection,Normale,Deux véhicules - côté,4,2,0,0,1,1,1,0,1,50,2,2,1,0,1,0,26.0,23.0,voiture,deux_roues,1,2,1,1,3
202000032373,2020-02-09 19:00:00,2020,2,9,19,0,35,35238,JANVIER (AVENUE JEAN),48.10989,-1.674,Nuit avec éclairage allumé,En agglomération,Intersection en X,Pluie légère,Deux véhicules - côté,4,2,4,0,1,1,2,0,8,50,2,2,1,0,1,0,25.0,18.0,voiture,deux_roues,5,2,2,2,3
202000032374,2020-01-26 07:20:00,2020,1,26,7,20,35,35238,VERN (DE),48.08956,-1.64454,Nuit avec éclairage allumé,En agglomération,Intersection en T,Normale,Deux véhicules - frontale,4,3,4,2,1,1,2,5,1,50,2,5,3,0,0,2,20.0,36.0,voiture,voiture,5,2,3,1,1
202000032375,2020-03-23 22:15:00,2020,3,23,22,15,31,31149,Maurice Grynfogel (Bd),43.61501,1.34026,Nuit sans éclairage public,En agglomération,Hors intersection,Normale,Autre collision,3,2,2,0,2,1,1,0,1,50,1,1,0,0,0,1,55.0,,voiture,,3,2,1,1,6
202000032376,2020-02-14 17:25:00,2020,2,14,17,25,31,31483,ISLE (AVENUE DE L'),43.10954,0.7257,Plein jour,En agglomération,Hors intersection,Normale,Autre collision,3,2,2,0,1,1,1,0,1,50,1,3,2,0,0,1,57.0,,voiture,,1,2,1,1,6
202000032377,2020-03-24 22:45:00,2020,3,24,22,45,14,14366,GEORGES POMPIDOU (AVENUE),49.1387,0.22382,Nuit avec éclairage allumé,En agglomération,Giratoire,Normale,Autre collision,4,2,1,0,1,3,1,0,1,30,1,1,0,0,0,1,46.0,,utilitaire_camion,,5,2,6,1,6
202000032378,2020-03-24 10:00:00,2020,3,24,10,0,75,75120,RUE PELLEPORT,48.870782,2.399226,Plein jour,En agglomération,Intersection en X,Normale,Deux véhicules - côté,4,2,2,0,2,1,1,0,1,50,2,3,2,0,0,1,53.0,43.0,utilitaire_camion,utilitaire_camion,1,2,2,1,3
202000032379,2020-03-24 09:05:00,2020,3,24,9,5,94,94041,VERDUN (AV DE),48.8116269,2.3716038,Plein jour,En agglomération,Hors intersection,Normale,Deux véhicules - côté,3,1,2,0,1,1,1,0,1,50,2,1,0,0,0,1,40.0,,deux_roues,,1,2,1,1,3
202000032380,2020-03-23 20:57:00,2020,3,23,20,57,92,92044,Rue Baudin,48.897623,2.283746,Nuit avec éclairage allumé,En agglomération,Hors intersection,Normale,Autre collision,4,1,1,0,1,1,1,0,1,30,1,1,0,0,0,1,28.0,,deux_roues,,5,2,1,1,6
202000032381,2020-03-25 18:57:00,2020,3,25,18,57,76,76135,Villers-Écalles,49.548147,0.921602,Plein jour,Hors agglomération,Autre intersection,Normale,Sans collision,1,1,4,0,1,1,1,7,8,70,1,1,0,0,1,0,29.0,,voiture,,1,1,9,1,7
202000032382,2020-03-18 09:00:00,2020,3,18,9,0,68,68023,D3,48.161112,7.341152,Plein jour,Hors agglomération,Intersection en T,Normale,Deux véhicules - côté,3,2,2,2,1,2,1,0,1,80,2,2,1,0,1,0,49.0,32.0,voiture,deux_roues,1,1,3,1,3
202000032383,2020-03-25 10:45:00,2020,3,25,10,45,30,30034,Mas de Rom,43.751847,4.519922,Plein jour,Hors agglomération,Giratoire,Normale,Sans collision,3,1,2,0,1,3,9,5,1,80,1,1,0,0,0,1,42.0,,deux_roues,,1,1,6,1,7
202000032384,2020-02-26 20:00:00,2020,2,26,20,0,51,51088,D30,49.3506463,4.0132859,Nuit sans éclairage public,Hors agglomération,Hors intersection,Normale,Sans collision,3,2,2,0,1,1,1,0,3,80,1,1,0,0,1,0,42.0,,voiture,,3,1,1,1,7
202000032385,2020-03-16 17:15:00,2020,3,16,17,15,76,76517,Rue de la Muette,49.5158365,1.1395705,Plein jour,Hors agglomération,Intersection en Y,Normale,Deux véhicules - côté,3,2,2,0,1,2,1,0,1,80,2,3,2,0,0,1,61.0,34.0,voiture,voiture,1,1,4,1,3
202000032386,2020-02-26 20:30:00,2020,2,26,20,30,60,60636,Rue des Amours,49.474699,2.880199,Nuit avec éclairage allumé,En agglomération,Hors intersection,Normale,Autre collision,3,2,2,0,1,1,1,0,4,50,1,1,0,0,0,1,20.0,,voiture,,5,2,1,1,6
202000032387,2020-03-25 05:35:00,2020,3,25,5,35,60,60183,D11,49.6959912,2.1724514,Crépuscule ou aube,Hors agglomération,Intersection en Y,Normale,Autre collision,3,2,2,0,2,2,1,0,3,80,1,1,0,0,1,0,88.0,,voiture,,2,1,4,1,6
202000032388,2020-03-25 17:15:00,2020,3,25,17,15,08,08381,5 Rue de Banogne,49.511807,4.130189,Plein jour,En agglomération,Hors intersection,Normale,Autre collision,4,2,2,0,2,1,1,0,1,50,1,2,0,1,0,1,25.0,,deux_roues,,1,2,1,1,6
202000032389,2020-03-25 17:30:00,2020,3,25,17,30,13,13113,A 51 - PK 25+560 - sens Sisteron/Aix,43.5953486,5.4869207,Plein jour,Hors agglomération,Hors intersection,Pluie légère,Autre collision,1,3,4,0,1,1,2,0,2,130,1,2,1,1,0,0,21.0,,utilitaire_camion,,1,1,1,2,6
202000032390,2020-03-25 11:20:00,2020,3,25,11,20,77,77453,D408,48.546188,2.781601,Plein jour,Hors agglomération,Hors intersection,Normale,Deux véhicules - frontale,3,2,2,0,1,1,1,2,1,90,2,7,2,2,1,2,33.0,53.0,voiture,transport_commun,1,1,1,1,1
202000032391,2020-03-25 15:00:00,2020,3,25,15,0,70,70024,Rue de Champvans,47.3945799,5.564049,Plein jour,Hors agglomération,Intersection en T,Normale,Deux véhicules - côté,4,2,2,0,2,1,1,0,1,80,2,2,1,0,0,1,52.0,53.0,deux_roues,utilitaire_camion,1,1,3,1,3
202000032392,2020-03-22 18:40:00,2020,3,22,18,40,17,17445,L'Ombrail,45.660307,-0.77666,Plein jour,Hors agglomération,Hors intersection,Normale,Autre collision,9,-1,1,0,1,1,9,0,8,50,1,1,0,0,1,0,30.0,,deux_roues,,1,1,1,1,6
202000032393,2020-03-23 17:55:00,2020,3,23,17,55,13,13055,A507 sens Marseille - Aubagne,43.2858,5.4268,Plein jour,Hors agglomération,Hors intersection,Normale,Sans collision,1,1,2,0,1,2,1,1,1,70,1,5,4,0,0,1,43.0,,voiture,,1,1,1,1,7
202000032394,2020-01-22 14:55:00,2020,1,22,14,55,988,98818,RUE JACQUES IEKAWE/RUE ARMAND OHLEN,-22.24839,166.46377,Plein jour,Hors agglomération,Intersection en X,Normale,Deux véhicules - côté,4,2,3,0,1,1,1,5,1,50,2,3,1,0,0,2,31.0,25.0,transport_commun,voiture,1,1,2,1,3
202000032395,2020-01-13 19:30:00,2020,1,13,19,30,76,76540,COUPERIN. RUE FRANCOIS,49.44985,1.13846,Nuit avec éclairage allumé,En agglomération,Intersection en X,Normale,Autre collision,4,2,2,0,1,1,1,0,1,50,1,2,1,0,0,1,56.0,,voiture,,5,2,2,1,6
202000032396,2020-01-22 17:05:00,2020,1,22,17,5,35,35238,70 GUEHENNO (JEAN),48.1192302,-1.6675272,Plein jour,En agglomération,Intersection en X,Normale,Autre collision,4,2,2,0,1,1,1,9,1,50,1,2,1,0,0,1,25.0,,voiture,,1,2,2,1,6
202000032397,2020-01-14 10:30:00,2020,1,14,10,30,13,13047,ALDERIC CHAVE AVENUE,43.50409,4.99117,Plein jour,En agglomération,Hors intersection,Normale,Autre collision,9,2,2,0,1,1,1,0,-1,50,1,2,1,0,1,0,25.0,,voiture,,1,2,1,1,6
202000032398,2020-01-10 00:10:00,2020,1,10,0,10,13,13098,D.51,43.459041,5.004771,Nuit avec éclairage allumé,Hors agglomération,Hors intersection,Normale,Sans collision,3,-1,2,0,2,2,1,0,1,90,1,3,1,0,0,2,25.0,,voiture,,5,1,1,1,7
202000032399,2020-01-07 21:10:00,2020,1,7,21,10,13,13063,MAGELLAN AVENUE,43.60137,4.99526,Nuit sans éclairage public,Hors agglomération,Hors intersection,Normale,Trois véhicules et plus - collisions multiples,9,2,2,0,1,2,1,0,1,50,3,6,4,0,0,2,20.0,50.0,utilitaire_camion,voiture,3,1,1,1,5
202000032400,2020-03-23 02:27:00,2020,3,23,2,27,69,69386,JULES FAVRE                         (BD),45.7662432,4.8592347,Nuit avec éclairage allumé,En agglomération,Intersection en X,Normale,Autre collision,4,2,4,3,1,2,1,0,4,50,1,4,1,0,1,2,26.0,,voiture,,5,2,2,1,6
202000032401,2020-03-20 14:10:00,2020,3,20,14,10,67,67447,HAUSBERGEN (ROUTE DE),48.60767,7.72167,Plein jour,En agglomération,Intersection en X,Normale,Deux véhicules - côté,7,2,2,2,1,1,1,5,1,50,2,4,0,0,0,4,25.0,23.0,voiture,voiture,1,2,2,1,3
202000032402,2020-02-12 18:40:00,2020,2,12,18,40,62,62386,BEUGNET (R CASIMIR),50.4466178,2.745121,Plein jour,En agglomération,Hors intersection,Normale,Autre collision,3,2,2,0,1,1,1,0,1,50,1,1,0,0,1,0,54.0,,deux_roues,,1,2,1,1,6
202000032403,2020-02-25 16:50:00,2020,2,25,16,50,44,44162,RUE OCEANE,47.2250865,-1.6258049,Plein jour,En agglomération,Hors intersection,Pluie légère,Autre collision,4,2,0,0,1,1,2,0,1,50,1,2,1,0,0,1,35.0,,utilitaire_camion,,1,2,1,2,6
202000032404,2020-02-14 14:15:00,2020,2,14,14,15,44,44109,Mail Pablo Picasso,47.2151,-1.53676,Plein jour,En agglomération,Hors intersection,Autre,Autre collision,4,2,0,0,1,1,1,0,1,50,1,2,1,0,0,1,29.0,,voiture,,1,2,1,9,6
202000032405,2020-03-12 13:18:00,2020,3,12,13,18,31,31044,VA007553 A61,43.59194,1.49411,Plein jour,Hors agglomération,Hors intersection,Normale,Deux véhicules - côté,1,3,3,0,1,1,1,0,1,90,2,2,1,0,0,1,47.0,46.0,voiture,utilitaire_camion,1,1,1,1,3
202000032406,2020-02-14 10:00:00,2020,2,14,10,0,92,92050,CROIX RUE DE LA/ LENINE VLADIMIR ILITCH AVENUE,48.888,2.19577,Plein jour,En agglomération,Intersection en T,Temps couvert,Deux véhicules - côté,3,3,4,0,1,1,1,0,1,50,2,2,1,0,0,1,25.0,32.0,utilitaire_camion,deux_roues,1,2,3,8,3
202000032407,2020-03-23 14:40:00,2020,3,23,14,40,06,06069,CAPUCINS (CHEMIN ET IMPASSE DES),43.6497,6.9316,Plein jour,En agglomération,Autre intersection,Temps couvert,Deux véhicules - frontale,4,3,1,0,1,3,1,9,1,50,2,2,1,0,0,1,52.0,58.0,deux_roues,voiture,1,2,9,8,1
202000032408,2020-02-13 20:00:00,2020,2,13,20,0,92,92050,HOCHE AVENUE,48.900696,2.199593,Nuit avec éclairage allumé,En agglomération,Hors intersection,Pluie légère,Autre collision,4,2,2,0,1,1,2,9,1,50,1,2,1,0,1,0,47.0,,utilitaire_camion,,5,2,1,2,6
202000032409,2020-02-14 09:30:00,2020,2,14,9,30,92,92062,DELARIVIERE LEFOULLON (RUE),48.8875559,2.2429356,Plein jour,En agglomération,Hors intersection,Normale,Deux véhicules - côté,4,1,1,0,1,1,1,0,1,50,2,2,1,0,0,1,25.0,42.0,deux_roues,voiture,1,2,1,1,3
202000032410,2020-03-21 20:15:00,2020,3,21,20,15,05,05061,D994,44.55003,6.02847,Nuit sans éclairage public,Hors agglomération,Hors intersection,Normale,Sans collision,3,2,2,0,2,2,1,0,1,70,1,2,0,0,0,2,35.0,,voiture,,3,1,1,1,7
202000032411,2020-03-22 20:30:00,2020,3,22,20,30,75,75103,RUE PAYENNE,48.85724,2.361771,Nuit avec éclairage allumé,En agglomération,Intersection en X,Normale,Deux véhicules - côté,4,2,2,0,1,1,1,0,1,30,2,2,0,0,0,2,25.0,32.0,deux_roues,deux_roues,5,2,2,1,3
202000032412,2020-02-14 15:50:00,2020,2,14,15,50,06,06114,2939 Route de l'Abadie,43.748701,7.294943,Plein jour,En agglomération,Hors intersection,Normale,Sans collision,4,2,2,0,2,2,1,0,1,50,1,1,0,0,1,0,40.0,,deux_roues,,1,2,1,1,7
202000032413,2020-04-21 11:30:00,2020,4,21,11,30,94,94076,JEAN LURCAT (R),48.785,2.37094,Plein jour,En agglomération,Hors intersection,Normale,,4,2,2,0,1,1,1,0,1,50,2,2,1,0,0,1,19.0,,deux_roues,,1,2,1,1,-1
202000032414,2020-03-22 15:25:00,2020,3,22,15,25,94,94028,MOZART.(ALLEE),48.7913004,2.441776,Plein jour,En agglomération,Hors intersection,Normale,Autre collision,6,-1,0,0,1,1,1,0,1,50,1,2,1,0,0,1,21.0,,voiture,,1,2,1,1,6
202000032415,2020-02-14 23:15:00,2020,2,14,23,15,22,22030,D767,48.709045,-3.382909,Nuit sans éclairage public,Hors agglomération,Hors intersection,Normale,Sans collision,3,3,4,0,2,2,1,0,3,110,1,2,0,0,2,0,65.0,,voiture,,3,1,1,1,7
202000032416,2020-02-06 21:10:00,2020,2,6,21,10,19,19248,A20-PR 237 - sens Toulouse-Paris,45.430142,1.512803,Nuit sans éclairage public,Hors agglomération,Hors intersection,Normale,Deux véhicules - arrière,1,1,2,0,2,1,1,0,1,130,2,2,1,0,0,1,61.0,48.0,utilitaire_camion,utilitaire_camion,3,1,1,1,2
202000032417,2020-03-21 11:20:00,2020,3,21,11,20,92,92050,NATIONAL (BOULEVARD),48.8885014,2.1839806,Plein jour,En agglomération,Intersection en X,Normale,Deux véhicules - côté,3,2,1,0,1,1,2,0,1,50,2,2,1,0,0,1,37.0,22.0,deux_roues,voiture,1,2,2,1,3