accident_id,datetime,annee,mois,jour,heure,minute,departement,commune_insee,adresse,latitude,longitude,luminosite,agglomeration,intersection,meteo,collision,catr,circ,nbv,vosp,prof,plan,surf,infra,situ,vma,nb_vehicules,nb_usagers,nb_indemnes,nb_tues,nb_blesses_hosp,nb_blesses_legers,age_cond_1,age_cond_2,veh_type_cond_1,veh_type_cond_2,lum_code,agg_code,int_code,atm_code,col_code
202000032418,2020-02-15 11:28:00,2020,2,15,11,28,91,91665,89 Avenue de la Division Leclerc,48.663252,2.277084,Plein jour,En agglomération,Hors intersection,Normale,Trois véhicules et plus - collisions multiples,2,3,2,0,1,1,1,0,1,50,3,5,4,1,0,0,33.0,50.0,voiture,voiture,1,2,1,1,5
202000032419,2020-03-24 17:15:00,2020,3,24,17,15,42,42294,500 Route du Bourg,46.007678,4.117438,Plein jour,En agglomération,Hors intersection,Normale,Deux véhicules - frontale,4,2,1,0,2,3,1,0,1,50,2,2,0,0,0,2,57.0,9.0,voiture,deux_roues,1,2,1,1,1
202000032420,2020-02-14 20:15:00,2020,2,14,20,15,50,50485,Carentan-les-Marais,49.304489,-1.202627,Nuit sans éclairage public,Hors agglomération,Hors intersection,Normale,Autre collision,2,3,4,0,1,1,1,0,1,110,1,1,0,0,1,0,39.0,,utilitaire_camion,,3,1,1,1,6
202000032421,2020-02-15 11:20:00,2020,2,15,11,20,50,50214,A84,48.923599,-1.078463,Plein jour,Hors agglomération,Hors intersection,Temps couvert,Trois véhicules et plus - collisions multiples,1,3,5,3,2,3,1,0,1,130,3,6,5,0,0,1,28.0,57.0,voiture,voiture,1,1,1,8,5
202000032422,2020-03-23 23:00:00,2020,3,23,23,0,44,44098,Missillac,47.486099,-2.217307,Nuit sans éclairage public,Hors agglomération,Hors intersection,Normale,Autre collision,2,3,4,0,1,2,1,0,1,110,1,2,0,1,0,1,19.0,,utilitaire_camion,,3,1,1,1,6
202000032423,2020-02-15 15:00:00,2020,2,15,15,0,08,08402,A34,49.576049,4.48004,Plein jour,Hors agglomération,Hors intersection,Normale,Deux véhicules - arrière,1,3,4,0,1,1,1,0,2,130,2,4,2,0,1,1,31.0,41.0,voiture,voiture,1,1,1,1,2
202000032424,2020-02-14 22:50:00,2020,2,14,22,50,2A,2A104,T40,41.912769,8.851172,Nuit sans éclairage public,Hors agglomération,Hors intersection,Normale,Autre collision,2,2,2,0,2,1,1,0,3,80,1,1,0,0,1,0,22.0,,deux_roues,,3,1,1,1,6
202000032425,2020-02-14 20:15:00,2020,2,14,20,15,22,22175,D52,48.455876,-2.395492,Nuit sans éclairage public,Hors agglomération,Hors intersection,Normale,Sans collision,3,2,2,0,1,1,2,0,3,80,1,1,0,0,1,0,40.0,,deux_roues,,3,1,1,1,7
202000032426,2020-03-24 12:45:00,2020,3,24,12,45,76,76638,D1314,50.004446,1.432069,Plein jour,Hors agglomération,Hors intersection,Normale,Autre collision,3,2,2,0,1,1,1,0,3,80,1,1,0,1,0,0,55.0,,utilitaire_camion,,1,1,1,1,6
202000032427,2020-02-14 11:35:00,2020,2,14,11,35,74,74005,D903,46.3411265,6.4620445,Plein jour,Hors agglomération,Intersection en X,Normale,Deux véhicules - frontale,3,3,2,0,1,1,1,0,1,90,2,7,4,0,3,0,29.0,35.0,voiture,voiture,1,1,2,1,1
202000032428,2020-03-23 19:00:00,2020,3,23,19,0,35,35091,Les Champs,48.205864,-2.145649,Plein jour,Hors agglomération,Hors intersection,Temps éblouissant,Deux véhicules - côté,3,2,2,0,1,2,1,0,1,80,2,2,1,0,0,1,54.0,26.0,utilitaire_camion,deux_roues,1,1,1,7,3
202000032429,2020-02-15 05:30:00,2020,2,15,5,30,56,56047,Crézadio RD17,48.02805,-2.792416,Nuit sans éclairage public,Hors agglomération,Hors intersection,Pluie légère,Autre collision,3,2,2,0,2,4,2,0,3,80,1,2,0,1,0,1,21.0,,voiture,,3,1,1,2,6
202000032430,2020-03-23 16:15:00,2020,3,23,16,15,58,58247,D958,47.020035,3.323005,Plein jour,Hors agglomération,Hors intersection,Normale,Autre collision,3,2,2,0,3,3,1,0,3,80,1,1,0,0,1,0,48.0,,deux_roues,,1,1,1,1,6
202000032431,2020-02-15 15:15:00,2020,2,15,15,15,74,74011,D5 Route de Naves,45.928438,6.177492,Plein jour,Hors agglomération,Hors intersection,Normale,Deux véhicules - côté,3,2,2,0,2,4,2,0,1,80,2,2,1,0,1,0,54.0,48.0,transport_commun,deux_roues,1,1,1,1,3
202000032432,2020-03-23 19:00:00,2020,3,23,19,0,18,18058,Rue du Génada,46.856824,2.316888,Plein jour,En agglomération,Intersection en T,Normale,Autre collision,3,2,2,0,1,1,1,0,4,50,1,1,0,0,1,0,19.0,,deux_roues,,1,2,3,1,6
202000032433,2020-02-15 15:50:00,2020,2,15,15,50,33,33514,D1215,45.50615,-1.09293,Plein jour,Hors agglomération,Intersection en X,Normale,Deux véhicules - frontale,3,2,3,0,1,1,1,5,1,80,2,4,0,0,0,4,75.0,24.0,voiture,voiture,1,1,2,1,1
202000032434,2020-02-15 00:15:00,2020,2,15,0,15,32,32306,N21,43.896771,0.642094,Nuit sans éclairage public,Hors agglomération,Hors intersection,Normale,Autre collision,2,2,2,0,1,1,1,2,3,80,1,1,0,1,0,0,19.0,,voiture,,3,1,1,1,6
202000032435,2020-02-15 10:05:00,2020,2,15,10,5,71,71014,Rue General Demetz,46.949266,4.2984252,Plein jour,En agglomération,Hors intersection,Normale,Autre collision,4,1,1,0,1,1,1,6,1,30,1,2,1,0,0,1,26.0,,utilitaire_camion,,1,2,1,1,6
202000032436,2020-02-14 19:15:00,2020,2,14,19,15,63,63045,Chez Barrioux,45.789844,3.4602087,Nuit sans éclairage public,Hors agglomération,Intersection en X,Normale,Deux véhicules - côté,3,2,1,0,1,1,1,5,1,80,2,2,1,0,1,0,60.0,61.0,voiture,voiture,3,1,2,1,3
202000032437,2020-02-26 18:39:00,2020,2,26,18,39,67,67152,angle route de Lyon et rue du Fort,48.523906,7.69091,Nuit avec éclairage allumé,En agglomération,Autre intersection,Normale,Deux véhicules - côté,7,2,2,1,1,1,1,6,8,50,2,2,1,0,1,0,68.0,31.0,voiture,deux_roues,5,2,9,1,3
202000032438,2020-03-20 09:30:00,2020,3,20,9,30,971,97130,Route du Sud,15.844031,-61.637469,Plein jour,Hors agglomération,Hors intersection,Normale,Sans collision,3,2,2,0,2,1,1,9,8,50,1,1,0,0,0,1,47.0,,voiture,,1,1,1,1,7
202000032439,2020-02-13 16:45:00,2020,2,13,16,45,34,34142,Rue du Docteur Schweitzer,43.729755,3.32448,Plein jour,En agglomération,Hors intersection,Normale,Autre collision,3,2,2,0,2,1,1,0,3,50,1,2,1,0,1,0,65.0,,voiture,,1,2,1,1,6
202000032440,2020-02-14 19:40:00,2020,2,14,19,40,68,68235,RD1Bis,47.983085,7.415599,Nuit sans éclairage public,Hors agglomération,Hors intersection,Normale,Autre collision,3,2,2,0,1,1,1,0,1,80,1,1,0,0,1,0,55.0,,voiture,,3,1,1,1,6
202000032441,2020-03-23 16:40:00,2020,3,23,16,40,57,57350,D657,49.077858,6.100663,Plein jour,En agglomération,Giratoire,Normale,Deux véhicules - côté,3,1,2,0,1,3,1,0,3,50,2,2,1,0,0,1,56.0,28.0,voiture,deux_roues,1,2,6,1,3
202000032442,2020-03-23 22:00:00,2020,3,23,22,0,38,38067,Route de Vienne,45.70317,5.19075,Nuit avec éclairage allumé,Hors agglomération,Hors intersection,Normale,Autre collision,3,2,2,0,1,1,1,0,3,70,1,1,0,0,1,0,32.0,,voiture,,5,1,1,1,6
202000032443,2020-02-14 16:30:00,2020,2,14,16,30,25,25199,Chemin de Montmahoux,46.994744,6.052544,Plein jour,Hors agglomération,Hors intersection,Pluie légère,Deux véhicules - frontale,4,2,1,0,2,3,2,0,1,80,2,2,1,0,1,0,29.0,18.0,voiture,deux_roues,1,1,1,2,1
202000032444,2020-03-24 09:15:00,2020,3,24,9,15,85,85003,17 Impasse des Petits Moineaux,46.740862,-1.603894,Plein jour,En agglomération,Hors intersection,Normale,Autre collision,4,2,2,0,1,1,1,0,8,50,1,1,0,1,0,0,68.0,,voiture,,1,2,1,1,6
202000032445,2020-03-19 15:45:00,2020,3,19,15,45,13,13071,A5501G-Sens Mlle Vieux Port vers A7-Lyon,43.4142649,5.3646399,Plein jour,Hors agglomération,Hors intersection,Normale,Autre collision,1,1,1,0,2,2,1,0,1,90,1,1,0,0,0,1,21.0,,utilitaire_camion,,1,1,1,1,6
202000032446,2020-02-15 17:25:00,2020,2,15,17,25,02,02174,"RN2, PK 46+600",49.473534,3.528242,Plein jour,Hors agglomération,Hors intersection,Normale,Sans collision,2,3,4,0,3,1,1,0,3,110,1,5,0,0,1,4,23.0,,voiture,,1,1,1,1,7
202000032447,2020-02-14 14:50:00,2020,2,14,14,50,84,84010,Route de Mirabeau (Pont),43.699459,5.564896,Plein jour,Hors agglomération,Hors intersection,Normale,Deux véhicules - côté,3,2,2,0,2,1,1,0,1,70,2,2,1,0,0,1,31.0,35.0,utilitaire_camion,voiture,1,1,1,1,3
202000032448,2020-03-22 18:15:00,2020,3,22,18,15,988,98818,OHLEN (RUE ARMAND),-22.25229,166.46362,Nuit sans éclairage public,En agglomération,Intersection en T,Normale,Trois véhicules et plus - en chaîne,4,2,2,0,1,3,1,5,1,50,4,10,9,0,0,1,36.0,47.0,voiture,utilitaire_camion,3,2,3,1,4
202000032449,2020-02-15 09:53:00,2020,2,15,9,53,01,01108,D86,46.372919,5.3646827,Plein jour,Hors agglomération,Hors intersection,Normale,Autre collision,3,2,2,0,2,2,1,0,3,80,1,1,0,1,0,0,77.0,,voiture,,1,1,1,1,6
202000032450,2020-03-21 18:00:00,2020,3,21,18,0,59,59560,TEMPLEMARS ROUTE DE,50.5586138,3.045643,Plein jour,En agglomération,Hors intersection,Normale,Sans collision,7,-1,2,0,1,1,1,0,3,80,1,1,0,0,1,0,49.0,,voiture,,1,2,1,1,7
202000032451,2020-02-15 12:35:00,2020,2,15,12,35,58,58145,rd 944,47.308001,3.830581,Plein jour,Hors agglomération,Hors intersection,Normale,Sans collision,3,2,2,0,2,3,1,0,1,80,1,1,0,0,1,0,43.0,,deux_roues,,1,1,1,1,7
202000032452,2020-03-21 18:35:00,2020,3,21,18,35,34,34172,PALAVAS (AVENUE DE),43.594823,3.888455,Plein jour,En agglomération,Hors intersection,Normale,Deux véhicules - frontale,4,2,2,0,1,1,1,0,1,50,2,2,1,0,1,0,28.0,50.0,voiture,transport_commun,1,2,1,1,1
202000032453,2020-02-14 10:30:00,2020,2,14,10,30,06,06090,178 Route de la Fenerie,43.59093,6.929137,Plein jour,En agglomération,Giratoire,Normale,Deux véhicules - côté,3,1,1,0,1,3,1,0,1,50,2,2,0,0,1,1,60.0,79.0,voiture,voiture,1,2,6,1,3
202000032454,2020-03-22 00:30:00,2020,3,22,0,30,18,18033,CHARITE (ROUTE DE LA),47.09567,2.43562,Nuit avec éclairage allumé,En agglomération,Giratoire,Normale,Autre collision,4,2,4,1,1,1,1,9,8,50,1,1,0,1,0,0,31.0,,deux_roues,,5,2,6,1,6
202000032455,2020-01-18 21:30:00,2020,1,18,21,30,14,14200,D82,49.2766021,-0.5454069,Nuit sans éclairage public,En agglomération,Hors intersection,Normale,Autre collision,3,2,1,0,1,2,1,0,3,50,1,1,0,0,1,0,53.0,,voiture,,3,2,1,1,6
202000032456,2020-03-21 22:00:00,2020,3,21,22,0,92,92004,ARGENTEUIL AV D',48.9101837,2.2860224,Nuit avec éclairage allumé,En agglomération,Intersection en X,Normale,,3,2,2,0,1,1,1,0,1,50,2,2,1,0,0,1,32.0,43.0,deux_roues,voiture,5,2,2,1,-1
202000032457,2020-02-12 07:45:00,2020,2,12,7,45,50,50425,9 La Regale,49.512838,-1.680903,Crépuscule ou aube,Hors agglomération,Intersection en X,Pluie légère,Autre collision,3,2,2,0,2,1,2,0,1,70,1,2,1,0,1,0,56.0,,voiture,,2,1,2,2,6
202000032458,2020-02-15 16:40:00,2020,2,15,16,40,60,60151,D66,49.4495236,2.877534,Plein jour,Hors agglomération,Hors intersection,Normale,Autre collision,3,2,2,0,1,3,1,0,1,80,1,1,0,0,0,1,56.0,,deux_roues,,1,1,1,1,6
202000032459,2020-03-20 10:00:00,2020,3,20,10,0,92,92004,FAIDHERBE ( AVENUE ),48.908049,2.2677844,Plein jour,En agglomération,Hors intersection,Normale,Deux véhicules - arrière,3,1,1,0,1,1,1,0,1,50,2,2,1,0,0,1,27.0,44.0,deux_roues,voiture,1,2,1,1,2
202000032460,2020-02-15 12:30:00,2020,2,15,12,30,64,64138,Rue de l'Egalité,43.234581,-0.280564,Plein jour,En agglomération,Hors intersection,Normale,Autre collision,4,2,2,0,1,1,1,0,1,50,1,1,0,0,0,1,31.0,,utilitaire_camion,,1,2,1,1,6
202000032461,2020-03-22 18:10:00,2020,3,22,18,10,29,29020,N165 - Bretelle sortie Briec,48.099192,-4.031124,Plein jour,Hors agglomération,Hors intersection,Normale,Autre collision,2,3,4,0,2,1,1,3,1,70,1,1,0,0,1,0,44.0,,deux_roues,,1,1,1,1,6
202000032462,2020-02-14 23:00:00,2020,2,14,23,0,64,64238,Route de Pau,43.248536,-0.073138,Nuit sans éclairage public,Hors agglomération,Hors intersection,Normale,Deux véhicules - frontale,3,2,2,0,1,1,1,0,1,80,2,3,0,0,2,1,37.0,24.0,voiture,voiture,3,1,1,1,1
202000032463,2020-02-12 18:30:00,2020,2,12,18,30,51,51153,Grande Rue,49.0233747,4.025014,Nuit sans éclairage public,En agglomération,Intersection en T,Normale,Deux véhicules - côté,4,2,2,0,1,1,1,0,1,30,2,2,1,0,0,1,28.0,45.0,voiture,deux_roues,3,2,3,1,3
202000032464,2020-02-15 14:10:00,2020,2,15,14,10,73,73032,route de l'énergie,45.6339288,6.4421082,Plein jour,Hors agglomération,Hors intersection,Normale,Deux véhicules - frontale,4,2,2,0,1,1,1,0,1,70,2,2,1,0,0,1,39.0,48.0,voiture,deux_roues,1,1,1,1,1
202000032465,2020-03-22 19:50:00,2020,3,22,19,50,71,71404,N80,46.759077,4.733756,Nuit sans éclairage public,Hors agglomération,Hors intersection,Normale,Deux véhicules - arrière,2,3,4,0,1,1,1,0,2,110,2,2,0,0,0,2,35.0,42.0,voiture,voiture,3,1,1,1,2
202000032466,2020-03-21 10:30:00,2020,3,21,10,30,25,25259,Départementale 09,46.866602,6.136186,Plein jour,Hors agglomération,Hors intersection,Normale,Autre collision,3,2,2,0,4,2,1,0,3,80,1,1,0,0,1,0,19.0,,voiture,,1,1,1,1,6
202000032467,2020-02-15 10:00:00,2020,2,15,10,0,53,53049,D9 - La Croix Blanche,48.156261,-0.648593,Plein jour,Hors agglomération,Hors intersection,Normale,Autre collision,3,2,2,0,1,1,2,0,3,80,1,2,0,0,2,0,21.0,,voiture,,1,1,1,1,6
202000032468,2020-03-23 17:30:00,2020,3,23,17,30,50,50305,La Mare,49.580546,-1.539282,Plein jour,Hors agglomération,Hors intersection,Normale,Autre collision,3,2,2,0,1,2,1,0,3,80,1,1,0,1,0,0,56.0,,deux_roues,,1,1,1,1,6
202000032469,2020-02-14 16:00:00,2020,2,14,16,0,40,40051,1747 Route de Villeneuve,43.885633,-0.374167,Plein jour,Hors agglomération,Intersection en Y,Normale,Deux véhicules - côté,3,2,2,0,1,1,1,0,1,80,2,2,1,0,1,0,78.0,29.0,voiture,utilitaire_camion,1,1,4,1,3
202000032470,2020-03-19 23:30:00,2020,3,19,23,30,85,85210,Le Gué au Chaud,46.823116,-1.618005,Nuit sans éclairage public,En agglomération,Hors intersection,Normale,Autre collision,3,2,2,0,1,3,1,0,3,50,1,3,2,0,1,0,26.0,,voiture,,3,2,1,1,6
202000032471,2020-02-14 13:50:00,2020,2,14,13,50,24,24153,21 Le Bourg,45.081934,1.358866,Plein jour,En agglomération,Intersection en X,Normale,Deux véhicules - côté,4,2,2,0,1,1,1,0,1,30,2,2,1,0,1,0,15.0,33.0,deux_roues,voiture,1,2,2,1,3
202000032472,2020-03-22 18:40:00,2020,3,22,18,40,17,17327,12 Rue du Marais Poitevin,46.096892,-0.589515,Plein jour,En agglomération,Hors intersection,Normale,Autre collision,3,2,2,0,2,1,1,0,3,50,1,1,0,0,1,0,55.0,,deux_roues,,1,2,1,1,6
202000032473,2020-02-15 14:35:00,2020,2,15,14,35,85,85232,D7,46.69734,-1.18473,Plein jour,Hors agglomération,Hors intersection,Normale,Trois véhicules et plus - collisions multiples,3,2,2,0,1,4,1,0,1,80,3,3,1,1,1,0,46.0,25.0,voiture,deux_roues,1,1,1,1,5
202000032474,2020-02-13 05:15:00,2020,2,13,5,15,27,27617,28 Rue Saint Adrien,49.314904,1.51051,Nuit sans éclairage public,En agglomération,Hors intersection,Pluie légère,Deux véhicules - côté,3,2,2,0,1,3,2,0,1,50,2,2,0,0,1,1,44.0,22.0,voiture,voiture,3,2,1,2,3
202000032475,2020-03-23 08:10:00,2020,3,23,8,10,69,69244,42 Route de Paris,45.766127,4.764999,Plein jour,En agglomération,Hors intersection,Normale,Deux véhicules - arrière,3,2,2,0,2,1,1,0,1,50,2,2,0,0,1,1,25.0,33.0,deux_roues,voiture,1,2,1,1,2
202000032476,2020-02-15 06:15:00,2020,2,15,6,15,17,17349,D262E1,46.298478,-0.890928,Nuit sans éclairage public,Hors agglomération,Intersection en T,Brouillard / fumée,Autre collision,3,2,2,0,1,2,1,5,3,80,1,2,0,1,0,1,43.0,,voiture,,3,1,3,5,6
202000032477,2020-02-14 12:20:00,2020,2,14,12,20,23,23189,D912,46.06246,1.692603,Plein jour,Hors agglomération,Intersection en T,Temps couvert,Deux véhicules - frontale,3,2,2,0,2,1,2,5,1,80,2,3,2,0,1,0,55.0,32.0,voiture,voiture,1,1,3,8,1
202000032478,2020-03-22 11:15:00,2020,3,22,11,15,988,98831,RT1,-20.881418,164.646837,Plein jour,Hors agglomération,Hors intersection,Normale,Deux véhicules - arrière,2,2,2,0,2,3,9,0,1,110,2,3,0,0,2,1,45.0,70.0,utilitaire_camion,utilitaire_camion,1,1,1,1,2
202000032479,2020-02-14 18:45:00,2020,2,14,18,45,73,73213,A43 - pk 97+500 sens Albertville Chambéry,45.549733,5.958808,Crépuscule ou aube,Hors agglomération,Hors intersection,Normale,Deux véhicules - arrière,1,3,6,-1,1,1,1,0,1,110,2,2,0,0,0,2,28.0,83.0,voiture,voiture,2,1,1,1,2
202000032480,2020-02-22 12:58:00,2020,2,22,12,58,974,97415,106 Rue des Sables,-21.037977,55.2187216,Plein jour,En agglomération,Giratoire,Normale,Deux véhicules - arrière,4,1,1,0,1,2,1,0,1,50,2,1,0,0,0,1,39.0,,deux_roues,,1,2,6,1,2
202000032481,2020-02-15 08:30:00,2020,2,15,8,30,973,97309,Avenue Gaston Monnerville,4.887543,-52.280095,Plein jour,En agglomération,Intersection en X,Normale,Deux véhicules - côté,3,2,2,0,1,1,1,0,1,50,2,3,1,0,0,2,43.0,44.0,voiture,deux_roues,1,2,2,1,3
202000032482,2020-02-15 10:25:00,2020,2,15,10,25,974,97415,12 Chemin du Trou de Sable,-21.0990818,55.2426606,Plein jour,Hors agglomération,Intersection en T,Pluie légère,Deux véhicules - côté,2,2,2,0,1,1,1,0,1,70,2,2,1,0,0,1,14.0,61.0,deux_roues,voiture,1,1,3,2,3
202000032483,2020-02-14 18:15:00,2020,2,14,18,15,973,97309,2080 Route des Plages,4.897587,-52.261768,Plein jour,En agglomération,Hors intersection,Normale,Deux véhicules - arrière,3,2,2,0,1,1,1,0,1,50,2,2,1,0,0,1,25.0,28.0,deux_roues,voiture,1,2,1,1,2
202000032484,2020-02-14 09:00:00,2020,2,14,9,0,74,74250,a40,46.070555,6.385905,Plein jour,Hors agglomération,Autre intersection,Normale,Deux véhicules - côté,1,1,4,0,1,1,2,3,1,110,2,2,1,0,0,1,33.0,39.0,voiture,voiture,1,1,9,1,3
202000032485,2020-03-12 13:00:00,2020,3,12,13,0,977,97701,D209 grand cul de sac,17.895495,-62.812594,Plein jour,Hors agglomération,Intersection en T,Normale,Deux véhicules - côté,2,2,2,0,2,1,1,0,1,50,2,2,1,0,0,1,54.0,21.0,deux_roues,voiture,1,1,3,1,3
202000032486,2020-03-22 18:15:00,2020,3,22,18,15,34,34135,cd14,43.257573,3.160189,Plein jour,Hors agglomération,Hors intersection,Normale,Sans collision,3,2,2,0,1,2,1,0,3,80,1,1,0,0,1,0,53.0,,deux_roues,,1,1,1,1,7
202000032487,2020-03-22 02:30:00,2020,3,22,2,30,13,13055,A507 sens Aubagne- Marseille,43.285895,5.425911,Nuit avec éclairage allumé,Hors agglomération,Hors intersection,Normale,Autre collision,1,1,3,0,1,3,1,1,1,70,1,2,1,0,0,1,21.0,,voiture,,5,1,1,1,6
202000032488,2020-02-15 07:15:00,2020,2,15,7,15,60,60680,A1,49.278221,2.695942,Crépuscule ou aube,Hors agglomération,Hors intersection,Normale,Trois véhicules et plus - en chaîne,1,3,3,0,1,1,1,0,1,130,3,9,3,0,0,6,25.0,62.0,voiture,voiture,2,1,1,1,4
202000032489,2020-02-14 11:27:00,2020,2,14,11,27,30,30258,Route de Nimes,43.696258,4.42521,Plein jour,Hors agglomération,Hors intersection,Normale,Deux véhicules - côté,3,2,2,0,1,1,1,0,1,80,2,2,1,0,1,0,39.0,21.0,utilitaire_camion,deux_roues,1,1,1,1,3
202000032490,2020-02-22 09:00:00,2020,2,22,9,0,69,69072,A89 541.188 A 543.943,45.82262,4.73121,Plein jour,Hors agglomération,Hors intersection,Normale,Deux véhicules - arrière,1,3,2,0,1,1,1,9,1,90,2,5,2,0,0,3,40.0,65.0,voiture,voiture,1,1,1,1,2
202000032491,2020-02-14 22:50:00,2020,2,14,22,50,11,11300,D217,43.388521,1.908982,Nuit sans éclairage public,Hors agglomération,Hors intersection,Normale,Autre collision,3,2,2,0,1,3,1,0,8,80,1,1,0,1,0,0,46.0,,deux_roues,,3,1,1,1,6
202000032492,2020-02-15 17:45:00,2020,2,15,17,45,13,13022,RD 559,43.22346,5.544231,Plein jour,Hors agglomération,Hors intersection,Normale,Sans collision,3,2,2,0,2,3,1,0,3,70,1,1,0,0,1,0,31.0,,deux_roues,,1,1,1,1,7
202000032493,2020-03-21 21:45:00,2020,3,21,21,45,77,77294,A104,48.9661857,2.6068511,Nuit sans éclairage public,Hors agglomération,Hors intersection,Normale,Autre collision,1,1,1,0,1,3,1,3,1,50,1,1,0,0,0,1,21.0,,deux_roues,,3,1,1,1,6
202000032494,2020-02-13 18:35:00,2020,2,13,18,35,13,13015,Avenue de la Croix d'Or,43.4528327,5.4007013,Nuit avec éclairage allumé,En agglomération,Intersection en T,Pluie légère,Deux véhicules - arrière,3,3,2,0,1,1,2,0,1,50,2,2,1,0,1,0,17.0,28.0,deux_roues,voiture,5,2,3,2,2
202000032495,2020-03-20 21:34:00,2020,3,20,21,34,972,97209,BEAUSEJOUR JAMBETTE (ROUTE),14.6433,-61.0437,Nuit avec éclairage allumé,Hors agglomération,Autre intersection,Normale,Sans collision,3,2,2,0,1,3,1,0,4,50,1,1,0,0,0,1,26.0,,voiture,,5,1,9,1,7
202000032496,2020-02-15 15:10:00,2020,2,15,15,10,89,89059,départementale 47,48.012923,3.51423,Plein jour,Hors agglomération,Hors intersection,Normale,Sans collision,3,2,2,0,2,3,1,0,1,80,1,1,0,0,0,1,19.0,,deux_roues,,1,1,1,1,7
202000032497,2020-03-20 23:00:00,2020,3,20,23,0,69,69382,VERDUN RAMBAUD                      (VO),45.75032,4.82309,Nuit avec éclairage allumé,En agglomération,Hors intersection,Normale,Autre collision,4,1,1,0,4,2,1,1,1,50,1,1,0,0,0,1,20.0,,voiture,,5,2,1,1,6
202000032498,2020-02-14 20:15:00,2020,2,14,20,15,08,08328,4 Rue Lafayette,49.811683,4.74571,Nuit avec éclairage allumé,En agglomération,Hors intersection,Normale,Autre collision,4,2,2,0,1,1,1,0,1,50,1,1,0,0,0,1,53.0,,voiture,,5,2,1,1,6
202000032499,2020-02-15 05:50:00,2020,2,15,5,50,68,68130,D468,47.960646,7.537308,Nuit sans éclairage public,Hors agglomération,Hors intersection,Normale,Autre collision,3,2,2,0,1,1,2,0,3,80,1,1,0,0,1,0,50.0,,voiture,,3,1,1,1,6
202000032500,2020-03-21 16:00:00,2020,3,21,16,0,91,91223,DE GAULLE (AVENUE CHARLES),48.422573,2.152726,Plein jour,En agglomération,Hors intersection,Normale,Deux véhicules - frontale,3,2,2,0,1,1,1,0,1,50,2,2,1,0,0,1,70.0,62.0,voiture,transport_commun,1,2,1,1,1
202000032501,2020-02-14 08:20:00,2020,2,14,8,20,88,88262,43 Rue de la Vologne,48.179619,6.756479,Plein jour,En agglomération,Intersection en T,Temps couvert,Deux véhicules - côté,3,2,2,0,1,1,2,0,1,50,2,2,1,0,0,1,70.0,48.0,voiture,deux_roues,1,2,3,8,3
202000032502,2020-03-21 13:30:00,2020,3,21,13,30,72,72181,PYRENEES (RUE DES),47.99177,0.22364,Plein jour,En agglomération,Hors intersection,Normale,Deux véhicules - côté,4,2,2,0,1,1,1,0,1,50,2,2,1,0,0,1,43.0,33.0,voiture,voiture,1,2,1,1,3
202000032503,2020-02-15 15:45:00,2020,2,15,15,45,57,57350,Rue de la Moselle,49.063241,6.07626,Plein jour,En agglomération,Hors intersection,Temps éblouissant,Autre collision,4,-1,2,1,1,1,1,0,5,-1,1,1,0,1,0,0,84.0,,deux_roues,,1,2,1,7,6
202000032504,2020-02-15 15:30:00,2020,2,15,15,30,63,63038,Route Départementale 978,45.509505,2.913426,Plein jour,Hors agglomération,Hors intersection,Normale,Sans collision,3,1,2,0,1,2,1,0,1,80,1,1,0,0,1,0,34.0,,deux_roues,,1,1,1,1,7
202000032505,2020-03-20 17:00:00,2020,3,20,17,0,69,69029,GENAS (DE)                          (RO),45.7511,4.9073,Plein jour,En agglomération,Intersection à plus de 4 branches,Normale,Deux véhicules - côté,3,1,1,0,2,1,1,0,1,50,2,3,2,0,0,1,31.0,34.0,voiture,deux_roues,1,2,5,1,3
202000032506,2020-02-07 16:50:00,2020,2,7,16,50,74,74250,Avenue de la Gare,46.059091,6.374594,Plein jour,En agglomération,Hors intersection,Temps éblouissant,Autre collision,3,2,2,0,1,1,1,0,1,50,1,2,1,0,1,0,61.0,,voiture,,1,2,1,7,6
202000032507,2020-03-21 22:25:00,2020,3,21,22,25,34,34172,BOUNIN (RUE JACQUES),43.58998,3.8630972,Nuit avec éclairage allumé,En agglomération,Intersection en Y,Normale,Autre collision,4,2,2,0,1,2,1,0,1,50,1,1,0,0,1,0,44.0,,deux_roues,,5,2,4,1,6
202000032508,2020-02-15 15:35:00,2020,2,15,15,35,42,42147,Boulevard Lachèze,45.6048139,4.066684,Plein jour,En agglomération,Intersection en X,Normale,Deux véhicules - côté,3,2,2,0,1,2,1,0,1,50,2,3,2,0,0,1,49.0,85.0,deux_roues,voiture,1,2,2,1,3
202000032509,2020-03-21 04:45:00,2020,3,21,4,45,29,29039,Rue de Kervinou,47.86467,-3.88416,Nuit avec éclairage allumé,En agglomération,Intersection en X,Normale,Autre collision,4,2,2,0,1,1,1,5,1,50,1,1,0,0,1,0,56.0,,voiture,,5,2,2,1,6