accident_id,datetime,annee,mois,jour,heure,minute,departement,commune_insee,adresse,latitude,longitude,luminosite,agglomeration,intersection,meteo,collision,catr,circ,nbv,vosp,prof,plan,surf,infra,situ,vma,nb_vehicules,nb_usagers,nb_indemnes,nb_tues,nb_blesses_hosp,nb_blesses_legers,age_cond_1,age_cond_2,veh_type_cond_1,veh_type_cond_2,lum_code,agg_code,int_code,atm_code,col_code
202000032510,2020-02-14 15:30:00,2020,2,14,15,30,81,81105,Avenue de l'Amiral Jaures,43.764005,1.99301,Plein jour,En agglomération,Hors intersection,Normale,Autre collision,4,2,2,0,1,1,1,0,1,50,1,2,1,0,0,1,28.0,,voiture,,1,2,1,1,6
202000032511,2020-03-12 11:10:00,2020,3,12,11,10,29,29019,Boulevard de Plymouth,48.3866089,-4.5283024,Plein jour,En agglomération,Passage à niveau,Normale,Deux véhicules - côté,4,2,2,0,1,1,1,4,6,50,2,2,1,0,1,0,66.0,48.0,voiture,transport_commun,1,2,8,1,3
202000032512,2020-02-15 13:15:00,2020,2,15,13,15,65,65481,Rue Ramond,42.89655,0.064234,Plein jour,En agglomération,Hors intersection,Normale,Autre collision,3,1,1,0,2,1,1,0,1,30,1,3,2,0,1,0,27.0,,voiture,,1,2,1,1,6
202000032513,2020-02-12 16:45:00,2020,2,12,16,45,40,40125,Départementale 29,43.626291,-1.052542,Plein jour,Hors agglomération,Hors intersection,Normale,Sans collision,3,2,2,0,2,2,1,0,3,80,1,1,0,0,1,0,23.0,,deux_roues,,1,1,1,1,7
202000032514,2020-03-21 17:35:00,2020,3,21,17,35,75,75119,RUE REBEVAL,48.874226,2.377405,Plein jour,En agglomération,Intersection en T,Normale,Autre collision,4,2,2,1,2,1,1,-1,5,30,1,2,1,0,0,1,27.0,,deux_roues,,1,2,3,1,6
202000032515,2020-03-21 10:20:00,2020,3,21,10,20,94,94019,PLESSIS (RTE DU),48.80365,2.55185,Plein jour,En agglomération,Hors intersection,Normale,Autre collision,3,2,2,0,1,1,1,0,1,50,1,2,1,0,0,1,32.0,,voiture,,1,2,1,1,6
202000032516,2020-02-14 18:00:00,2020,2,14,18,0,85,85088,Le Roc,46.72944,-1.87935,Plein jour,Hors agglomération,Hors intersection,Normale,Sans collision,3,2,2,0,1,2,1,0,3,70,1,1,0,0,1,0,53.0,,voiture,,1,1,1,1,7
202000032517,2020-02-14 20:10:00,2020,2,14,20,10,29,29091,Lieu-dit Cleusmeur,48.630157,-4.359534,Nuit sans éclairage public,Hors agglomération,Intersection en T,Vent fort / tempête,Autre collision,4,2,2,0,2,3,2,0,3,70,1,1,0,0,1,0,30.0,,voiture,,3,1,3,6,6
202000032518,2020-03-21 16:15:00,2020,3,21,16,15,93,93005,R PAUL CEZANNE,48.95261,2.49182,Plein jour,En agglomération,Hors intersection,Temps couvert,Deux véhicules - arrière,3,1,2,0,1,1,1,0,1,50,2,4,3,0,0,1,32.0,33.0,voiture,voiture,1,2,1,8,2
202000032519,2020-02-15 05:15:00,2020,2,15,5,15,76,76610,Rue des Tilleuls,49.625741,0.781365,Nuit sans éclairage public,En agglomération,Hors intersection,Normale,Autre collision,4,1,1,0,1,3,2,0,3,50,1,2,0,1,1,0,47.0,,voiture,,3,2,1,1,6
202000032520,2020-03-20 18:30:00,2020,3,20,18,30,92,92044,PDT WILSON(RUE)107A131 ET 110A130,48.8981117,2.2851476,Crépuscule ou aube,En agglomération,Intersection en X,Normale,Deux véhicules - côté,4,1,2,0,1,1,1,0,1,50,2,4,1,0,1,2,42.0,42.0,utilitaire_camion,deux_roues,2,2,2,1,3
202000032521,2020-02-15 16:20:00,2020,2,15,16,20,60,60103,Rue de Trye,49.398086,2.267153,Plein jour,Hors agglomération,Hors intersection,Normale,Sans collision,5,-1,1,0,1,1,1,0,8,30,1,1,0,0,1,0,25.0,,deux_roues,,1,1,1,1,7
202000032522,2020-02-13 19:00:00,2020,2,13,19,0,83,83137,A50 Accès Tunnel Tube Nord,43.12132,5.95331,Nuit avec éclairage allumé,Hors agglomération,Hors intersection,Pluie légère,Deux véhicules - arrière,1,3,6,0,1,1,2,0,1,70,2,2,1,0,0,1,25.0,34.0,voiture,deux_roues,5,1,1,2,2
202000032523,2020-02-13 18:25:00,2020,2,13,18,25,83,83144,A57,43.13349,5.98476,Nuit sans éclairage public,Hors agglomération,Hors intersection,Normale,Deux véhicules - côté,1,3,5,0,1,1,1,0,1,110,2,2,1,0,0,1,40.0,50.0,voiture,deux_roues,3,1,1,1,3
202000032524,2020-01-27 11:50:00,2020,1,27,11,50,51,51649,Avenue Jean Jaurès,48.7209512,4.5886393,Plein jour,En agglomération,Autre intersection,Normale,Sans collision,4,2,2,0,1,1,1,0,1,-1,1,1,0,0,0,1,,,,,1,2,9,1,7
202000032525,2020-02-13 08:58:00,2020,2,13,8,58,83,83137,A50,43.12132,5.95331,Plein jour,Hors agglomération,Hors intersection,Normale,Deux véhicules - arrière,1,3,6,0,1,1,1,0,1,90,2,5,3,0,0,2,27.0,73.0,voiture,voiture,1,1,1,1,2
202000032526,2020-03-19 19:40:00,2020,3,19,19,40,74,74184,D992,46.0573,5.979996,Nuit sans éclairage public,Hors agglomération,Hors intersection,Normale,Sans collision,3,2,2,0,2,2,1,0,3,80,1,1,0,0,1,0,40.0,,deux_roues,,3,1,1,1,7
202000032527,2020-03-16 11:45:00,2020,3,16,11,45,63,63231,D2089,45.870077,3.628047,Plein jour,Hors agglomération,Giratoire,Normale,Autre collision,3,2,2,0,2,4,1,9,8,80,1,1,0,0,1,0,58.0,,voiture,,1,1,6,1,6
202000032528,2020-02-13 08:45:00,2020,2,13,8,45,69,69382,A 7   ,45.73907,4.82262,Plein jour,Hors agglomération,Hors intersection,Normale,,7,3,6,0,1,1,1,0,1,70,3,3,2,0,0,1,43.0,37.0,voiture,deux_roues,1,1,1,1,-1
202000032529,2020-03-22 17:15:00,2020,3,22,17,15,42,42016,Route de Brosseronde,46.145421,4.037089,Plein jour,Hors agglomération,Hors intersection,Normale,Autre collision,3,2,2,0,1,1,1,0,1,80,1,1,0,0,1,0,49.0,,voiture,,1,1,1,1,6
202000032530,2020-02-09 19:30:00,2020,2,9,19,30,69,69256,A42   ,45.8045172,4.9261791,Nuit sans éclairage public,Hors agglomération,Hors intersection,Normale,Deux véhicules - arrière,1,3,2,0,1,1,1,3,1,90,2,2,1,0,0,1,45.0,30.0,voiture,voiture,3,1,1,1,2
202000032531,2020-03-22 11:15:00,2020,3,22,11,15,38,38261,D1075,45.67122,5.47108,Plein jour,En agglomération,Hors intersection,Normale,,3,2,1,0,1,2,1,0,1,50,2,2,1,0,1,0,37.0,29.0,deux_roues,deux_roues,1,2,1,1,-1
202000032532,2020-02-14 17:00:00,2020,2,14,17,0,33,33397,AUTOROUTE A10,44.90237,-0.49346,Plein jour,Hors agglomération,Hors intersection,Normale,Trois véhicules et plus - collisions multiples,1,3,6,0,1,1,1,0,1,110,3,4,3,0,0,1,71.0,72.0,voiture,voiture,1,1,1,1,5
202000032533,2020-03-22 01:45:00,2020,3,22,1,45,37,37243,129 Route de l'Audeverdière,47.3375696,0.5685946,Nuit sans éclairage public,Hors agglomération,Hors intersection,Normale,Autre collision,4,2,2,0,1,2,1,0,3,70,1,1,0,0,0,1,54.0,,voiture,,3,1,1,1,6
202000032534,2020-02-14 02:00:00,2020,2,14,2,0,94,94021,AUTOROUTE A6A,48.77047,2.34552,Nuit sans éclairage public,Hors agglomération,Hors intersection,Autre,Deux véhicules - arrière,1,1,3,0,1,1,1,9,1,90,2,2,1,0,0,1,45.0,34.0,voiture,voiture,3,1,1,9,2
202000032535,2020-03-21 17:20:00,2020,3,21,17,20,06,06152,Route des Cretes,43.620901,7.035273,Plein jour,Hors agglomération,Giratoire,Normale,Sans collision,3,3,2,0,4,3,1,5,1,50,1,2,0,0,2,0,27.0,,deux_roues,,1,1,6,1,7
202000032536,2020-02-14 07:05:00,2020,2,14,7,5,92,92047,A13,48.8364384,2.1847164,Nuit avec éclairage allumé,Hors agglomération,Hors intersection,Temps couvert,Trois véhicules et plus - en chaîne,1,3,3,0,1,1,2,0,1,110,3,3,2,0,0,1,61.0,25.0,voiture,deux_roues,5,1,1,8,4
202000032537,2020-03-20 19:35:00,2020,3,20,19,35,71,71153,Rue Chaptal,46.8101088,4.4189392,Nuit sans éclairage public,En agglomération,Hors intersection,Normale,Autre collision,3,2,2,0,1,1,1,0,1,50,1,1,0,0,0,1,34.0,,deux_roues,,3,2,1,1,6
202000032538,2020-02-14 15:30:00,2020,2,14,15,30,92,92036,AUTOROUTE A86,48.93909,2.30402,Plein jour,Hors agglomération,Hors intersection,Normale,Deux véhicules - arrière,1,3,2,0,1,2,1,0,1,90,2,2,1,0,0,1,34.0,26.0,utilitaire_camion,deux_roues,1,1,1,1,2
202000032539,2020-02-13 12:25:00,2020,2,13,12,25,95,95488,AUTOROUTE A15,49.01351,2.14844,Plein jour,Hors agglomération,Hors intersection,Normale,Deux véhicules - arrière,1,3,7,0,1,1,2,0,1,110,2,2,1,0,0,1,72.0,45.0,voiture,utilitaire_camion,1,1,1,1,2
202000032540,2020-03-22 11:00:00,2020,3,22,11,0,78,78668,RD 37,49.006806,1.540639,Plein jour,Hors agglomération,Hors intersection,Normale,Deux véhicules - frontale,3,2,2,0,1,1,1,0,1,80,2,2,1,0,0,1,66.0,62.0,voiture,voiture,1,1,1,1,1
202000032541,2020-03-22 05:20:00,2020,3,22,5,20,64,64064,N134,43.100043,-0.622015,Nuit sans éclairage public,Hors agglomération,Hors intersection,Normale,Autre collision,2,2,2,0,2,1,1,0,1,80,1,1,0,0,0,1,23.0,,voiture,,3,1,1,1,6
202000032542,2020-02-12 18:40:00,2020,2,12,18,40,93,93078,AUTOROUTE A104,48.96118,2.54365,Nuit sans éclairage public,Hors agglomération,Hors intersection,Normale,Trois véhicules et plus - en chaîne,1,3,6,0,1,1,1,0,1,110,3,4,3,0,0,1,49.0,48.0,voiture,voiture,3,1,1,1,4
202000032543,2020-02-12 14:40:00,2020,2,12,14,40,93,93027,AUTOROUTE A86,48.92569,2.39794,Plein jour,Hors agglomération,Hors intersection,Normale,Deux véhicules - côté,1,3,9,0,1,1,1,0,1,90,2,1,0,0,0,1,48.0,,deux_roues,,1,1,1,1,3
202000032544,2020-02-08 19:40:00,2020,2,8,19,40,95,95572,RN 184,49.03368,2.1115,Nuit sans éclairage public,Hors agglomération,Hors intersection,Pluie légère,Deux véhicules - arrière,2,1,2,0,2,3,2,0,1,90,2,2,1,0,0,1,30.0,24.0,voiture,voiture,3,1,1,2,2
202000032545,2020-01-17 07:30:00,2020,1,17,7,30,13,13212,BEAUMONT (BOULEVARD),43.314836,5.437946,Crépuscule ou aube,En agglomération,Intersection en T,Normale,Deux véhicules - côté,4,1,1,0,1,1,1,9,1,30,2,2,1,0,0,1,48.0,41.0,voiture,voiture,2,2,3,1,3
202000032546,2020-02-14 18:00:00,2020,2,14,18,0,77,77059,A104,48.841111,2.663871,Crépuscule ou aube,Hors agglomération,Autre intersection,Temps couvert,Autre collision,1,3,2,0,2,3,1,3,1,70,1,1,0,0,0,1,67.0,,voiture,,2,1,9,8,6
202000032547,2020-03-20 20:09:00,2020,3,20,20,9,973,97302,FELIX EBOUE(ROCADE),4.9295792,-52.3151028,Nuit avec éclairage allumé,Hors agglomération,Intersection en X,Normale,Deux véhicules - côté,3,2,2,0,1,1,1,0,1,50,2,2,1,0,0,1,28.0,45.0,deux_roues,voiture,5,1,2,1,3
202000032548,2020-02-13 15:50:00,2020,2,13,15,50,988,98818,AVENUE DU MARECHAL FOCH,-22.27437,166.4428,Plein jour,En agglomération,Intersection en X,Normale,Deux véhicules - côté,4,1,2,0,1,1,1,0,1,50,2,2,1,0,0,1,36.0,49.0,voiture,voiture,1,2,2,1,3
202000032549,2020-03-20 10:20:00,2020,3,20,10,20,971,97113,PONT DE POUCET,16.21887,-61.50301,Plein jour,Hors agglomération,Hors intersection,Pluie légère,Autre collision,2,2,3,0,1,1,2,0,1,70,1,1,0,0,0,1,31.0,,utilitaire_camion,,1,1,1,2,6
202000032550,2020-01-10 17:09:00,2020,1,10,17,9,976,97611,passamanty-M'hogoni (rue),-12.7986,45.21567,Plein jour,En agglomération,Hors intersection,Normale,Autre collision,2,2,0,0,1,1,1,0,1,50,1,2,1,0,0,1,19.0,,deux_roues,,1,2,1,1,6
202000032551,2020-02-12 14:45:00,2020,2,12,14,45,974,97407,OWENS JAMES,-20.9354,55.32854,Plein jour,Hors agglomération,Hors intersection,Normale,Trois véhicules et plus - collisions multiples,9,3,2,0,1,2,1,0,1,70,3,3,2,0,0,1,54.0,36.0,utilitaire_camion,voiture,1,1,1,1,5
202000032552,2020-03-19 11:00:00,2020,3,19,11,0,971,97120,FRANCOIS ARAGO,16.23899,-61.53285,Plein jour,En agglomération,Intersection à plus de 4 branches,Normale,Deux véhicules - côté,4,-1,1,0,1,1,1,0,1,50,2,3,2,0,0,1,38.0,32.0,voiture,deux_roues,1,2,5,1,3
202000032553,2020-02-12 17:15:00,2020,2,12,17,15,69,69386,LAFAYETTE                           (CO),45.76362,4.85356,Plein jour,En agglomération,Hors intersection,Normale,Autre collision,4,2,4,3,1,1,1,0,1,50,1,2,1,0,0,1,15.0,,deux_roues,,1,2,1,1,6
202000032554,2020-02-12 21:20:00,2020,2,12,21,20,972,97213,AUTOROUTE A1,14.6135,-61.0103,Nuit avec éclairage allumé,Hors agglomération,Autre intersection,Normale,Deux véhicules - arrière,1,-1,2,0,4,1,1,3,1,90,2,6,3,0,0,3,38.0,31.0,voiture,voiture,5,1,9,1,2
202000032555,2020-03-20 18:39:00,2020,3,20,18,39,95,95018,GALLIENI (BOULEVARD),48.942731,2.243032,Crépuscule ou aube,En agglomération,Intersection en X,Normale,Deux véhicules - côté,3,3,4,0,1,1,1,0,1,50,2,2,1,0,1,0,28.0,44.0,deux_roues,voiture,2,2,2,1,3
202000032556,2020-02-13 13:45:00,2020,2,13,13,45,972,97209,GILBERT GRATIANT (PLACE),14.60355,-61.071,Plein jour,En agglomération,Giratoire,Temps éblouissant,Sans collision,4,1,2,0,1,2,1,0,1,30,1,2,1,0,0,1,65.0,,voiture,,1,2,6,7,7
202000032557,2020-03-18 19:00:00,2020,3,18,19,0,76,76351,LENINGRAD (BD DE),49.4986117,0.1585186,Plein jour,En agglomération,Hors intersection,Normale,Trois véhicules et plus - collisions multiples,3,3,3,0,1,1,1,0,1,50,3,4,2,0,0,2,45.0,31.0,voiture,voiture,1,2,1,1,5
202000032558,2020-02-13 07:35:00,2020,2,13,7,35,69,69152, A 450                     ,45.69376,4.82796,Crépuscule ou aube,Hors agglomération,Hors intersection,Normale,Sans collision,1,1,1,0,1,4,1,3,1,50,1,1,0,0,0,1,27.0,,deux_roues,,2,1,1,1,7
202000032559,2020-02-12 17:00:00,2020,2,12,17,0,971,97120,CHEMIN NEUF,16.2316248,-61.5315108,Plein jour,En agglomération,Hors intersection,Normale,Deux véhicules - côté,3,2,2,0,1,1,1,0,1,50,2,2,1,0,0,1,48.0,24.0,transport_commun,deux_roues,1,2,1,1,3
202000032560,2020-03-19 14:05:00,2020,3,19,14,5,74,74012,MOLE (RUE DU),46.1974384,6.237064,Plein jour,En agglomération,Intersection en T,Normale,Deux véhicules - côté,4,2,2,0,1,1,1,0,1,50,2,2,1,0,0,1,34.0,21.0,deux_roues,voiture,1,2,3,1,3
202000032561,2020-02-10 19:30:00,2020,2,10,19,30,95,95427,SAINT LEU (ROUTE DE),48.95874,2.32927,Nuit sans éclairage public,En agglomération,Hors intersection,Pluie forte,Autre collision,3,2,2,0,1,3,2,2,1,50,1,2,1,0,0,1,25.0,,voiture,,3,2,1,3,6
202000032562,2020-02-14 00:55:00,2020,2,14,0,55,91,91434,SAVIGNY (RUE DE),48.668461,2.35473,Nuit avec éclairage allumé,En agglomération,Hors intersection,Normale,Deux véhicules - arrière,3,2,2,0,1,1,1,0,1,50,2,2,1,0,1,0,38.0,23.0,utilitaire_camion,voiture,5,2,1,1,2
202000032563,2020-03-20 14:40:00,2020,3,20,14,40,72,72181,COULOMB MICHEL (RUE),47.9707,0.2137,Plein jour,En agglomération,Hors intersection,Normale,Deux véhicules - côté,4,2,2,0,1,1,1,0,1,50,2,2,1,0,0,1,7.0,37.0,deux_roues,voiture,1,2,1,1,3
202000032564,2020-02-13 10:45:00,2020,2,13,10,45,91,91174,JEAN COCTEAU (RUE),48.608087,2.449048,Plein jour,En agglomération,Hors intersection,Pluie forte,Deux véhicules - côté,6,-1,0,0,1,1,2,9,1,20,2,2,1,0,0,1,20.0,53.0,voiture,voiture,1,2,1,3,3
202000032565,2020-03-20 13:36:00,2020,3,20,13,36,64,64140,LATAPPY (RUE SEVERIN),43.528954,-1.48201,Plein jour,En agglomération,Hors intersection,Normale,Deux véhicules - côté,4,2,4,0,2,3,1,0,1,50,2,2,1,0,0,1,20.0,17.0,voiture,deux_roues,1,2,1,1,3
202000032566,2020-02-12 11:05:00,2020,2,12,11,5,91,91103,CD 19,48.58791,2.30747,Plein jour,Hors agglomération,Hors intersection,Normale,Deux véhicules - arrière,3,3,-1,0,1,1,1,0,1,90,2,2,1,0,0,1,39.0,81.0,voiture,voiture,1,1,1,1,2
202000032567,2020-02-12 20:05:00,2020,2,12,20,5,87,87085,COMTE (RUE AUGUSTE),45.87304,1.26868,Nuit avec éclairage allumé,En agglomération,Hors intersection,Normale,Deux véhicules - côté,6,-1,-1,0,1,1,2,0,1,10,2,2,1,0,0,1,34.0,36.0,voiture,deux_roues,5,2,1,1,3
202000032568,2020-03-19 19:15:00,2020,3,19,19,15,57,57463,PLAPPEVILLE (ROUTE DE ),49.12546,6.15912,Nuit sans éclairage public,En agglomération,Intersection en T,Normale,Deux véhicules - frontale,7,2,2,2,2,1,1,5,1,50,2,3,2,0,1,0,53.0,23.0,deux_roues,voiture,3,2,3,1,1
202000032569,2020-02-13 07:48:00,2020,2,13,7,48,87,87085,FEYTIAT (RUE DE),45.82245,1.28154,Nuit avec éclairage allumé,En agglomération,Hors intersection,Pluie légère,Autre collision,3,2,2,0,1,1,2,0,1,50,1,2,1,0,0,1,20.0,,voiture,,5,2,1,2,6
202000032570,2020-02-12 15:14:00,2020,2,12,15,14,87,87085,AUTOROUTE A20,45.87529,1.28782,Plein jour,Hors agglomération,Hors intersection,Normale,Deux véhicules - arrière,1,3,4,0,1,1,2,0,1,110,2,3,2,0,0,1,36.0,49.0,voiture,voiture,1,1,1,1,2
202000032571,2020-02-24 16:30:00,2020,2,24,16,30,57,57591,VILLERS (RUE DE),49.25075,6.09307,Plein jour,En agglomération,Hors intersection,Normale,Autre collision,4,2,2,0,1,1,1,0,1,50,1,2,1,0,1,0,88.0,,voiture,,1,2,1,1,6
202000032572,2020-02-13 16:45:00,2020,2,13,16,45,78,78440,RÉPUBLIQUE (RUE DE LA),48.98675,1.923942,Plein jour,En agglomération,Intersection en X,Pluie légère,Deux véhicules - frontale,4,2,2,0,1,1,2,0,1,50,2,2,1,0,0,1,47.0,39.0,voiture,voiture,1,2,2,2,1
202000032573,2020-02-12 12:12:00,2020,2,12,12,12,77,77294,FRANKLIN ROOSEVELT (AVENUE),48.9538,2.6004,Plein jour,En agglomération,Intersection en X,Normale,Autre collision,4,2,2,0,1,1,1,0,1,50,1,5,4,0,1,0,47.0,,voiture,,1,2,2,1,6
202000032574,2020-01-11 02:00:00,2020,1,11,2,0,77,77152,JAURES(AVENUE JEAN) - D372,48.52621,2.64581,Nuit avec éclairage allumé,En agglomération,Hors intersection,Normale,Autre collision,3,2,3,0,1,1,1,0,1,50,1,1,0,0,0,1,,,,,5,2,1,1,6
202000032575,2020-03-15 17:45:00,2020,3,15,17,45,38,38544,Rue Latreille,45.51633,4.91601,Plein jour,Hors agglomération,Hors intersection,Normale,Sans collision,4,-1,0,0,2,1,1,0,8,1,1,1,0,0,0,1,51.0,,deux_roues,,1,1,1,1,7
202000032576,2020-02-13 18:20:00,2020,2,13,18,20,77,77307,RD231,48.8706,2.73047,Nuit avec éclairage allumé,Hors agglomération,Hors intersection,Pluie légère,Trois véhicules et plus - collisions multiples,3,-1,0,0,1,1,2,0,1,50,3,3,2,0,0,1,29.0,57.0,voiture,voiture,5,1,1,2,5
202000032577,2020-03-01 12:25:00,2020,3,1,12,25,37,37122,CHINON (BOULEVARD DE),47.3551154,0.6972465,Plein jour,En agglomération,Hors intersection,Normale,Autre collision,3,2,4,0,1,1,1,0,1,50,1,2,1,0,0,1,37.0,,voiture,,1,2,1,1,6
202000032578,2020-02-12 16:25:00,2020,2,12,16,25,76,76351,Rue des Chargeurs Réunis,49.48539,0.1368,Plein jour,En agglomération,Giratoire,Normale,Deux véhicules - côté,3,2,2,-1,1,1,1,5,1,-1,2,2,1,0,0,1,45.0,27.0,voiture,deux_roues,1,2,6,1,3
202000032579,2020-03-19 10:30:00,2020,3,19,10,30,27,27375,PARIS (CHAUSSEE DE),49.20452,1.19564,Plein jour,Hors agglomération,Hors intersection,Normale,Deux véhicules - frontale,3,2,2,0,2,1,1,0,1,80,2,2,1,0,1,0,56.0,33.0,utilitaire_camion,voiture,1,1,1,1,1
202000032580,2020-02-13 18:25:00,2020,2,13,18,25,74,74012,18 AOUT 44 (RUE DU),46.19163,6.2506199,Nuit avec éclairage allumé,En agglomération,Giratoire,Pluie légère,Deux véhicules - côté,3,4,2,0,1,3,2,5,1,50,2,2,1,0,0,1,82.0,18.0,utilitaire_camion,deux_roues,5,2,6,2,3
202000032581,2020-01-21 17:20:00,2020,1,21,17,20,10,10387,CHOMEDEY DE MAISONNEUVE (AVE),48.308468,4.069043,Plein jour,En agglomération,Autre intersection,Normale,Deux véhicules - côté,4,-1,1,0,1,1,1,9,8,50,2,2,1,0,0,1,51.0,44.0,voiture,voiture,1,2,9,1,3
202000032582,2020-02-12 07:20:00,2020,2,12,7,20,69,69266,GALLINE       (Avenue),45.7762831,4.8685212,Plein jour,En agglomération,Hors intersection,Normale,Autre collision,9,-1,0,0,1,1,1,6,4,10,1,2,1,0,1,0,33.0,,utilitaire_camion,,1,2,1,1,6
202000032583,2020-03-20 15:30:00,2020,3,20,15,30,75,75116,ALLEE DE LA REINE MARGUERITE,48.863456,2.248112,Plein jour,En agglomération,Hors intersection,Normale,Autre collision,4,2,4,0,1,1,1,0,1,50,1,1,0,0,1,0,30.0,,deux_roues,,1,2,1,1,6
202000032584,2020-02-13 09:30:00,2020,2,13,9,30,69,69115,ANSE (route d'),45.973,4.71734,Plein jour,En agglomération,Giratoire,Temps couvert,Deux véhicules - côté,3,1,2,0,1,2,1,0,1,50,2,2,1,0,0,1,59.0,50.0,utilitaire_camion,deux_roues,1,2,6,8,3
202000032585,2020-03-20 07:20:00,2020,3,20,7,20,75,75116,AVENUE THEOPHILE GAUTIER,48.848227,2.269894,Plein jour,En agglomération,Intersection en X,Normale,Deux véhicules - côté,4,2,3,0,1,1,1,0,1,50,2,4,3,0,0,1,32.0,47.0,voiture,utilitaire_camion,1,2,2,1,3
202000032586,2020-02-12 16:53:00,2020,2,12,16,53,66,66136,BOURRAT BOULEVARD JEAN,42.70167,2.89929,Plein jour,En agglomération,Hors intersection,Normale,Deux véhicules - côté,4,2,2,0,1,1,1,0,1,50,2,2,1,0,0,1,48.0,16.0,voiture,deux_roues,1,2,1,1,3
202000032587,2020-03-20 10:20:00,2020,3,20,10,20,75,75104,RUE VIEILLE DU TEMPLE,48.857282,2.35737,Plein jour,En agglomération,Intersection en T,Normale,Sans collision,4,2,2,0,1,1,1,0,1,30,1,1,0,0,0,1,38.0,,deux_roues,,1,2,3,1,7
202000032588,2020-02-10 18:35:00,2020,2,10,18,35,64,64129,JEAN MERMOZ,43.31764,-0.37858,Nuit avec éclairage allumé,En agglomération,Hors intersection,Normale,Deux véhicules - arrière,4,2,2,0,1,1,1,6,1,50,2,3,1,0,0,2,43.0,35.0,voiture,voiture,5,2,1,1,2
202000032589,2020-02-12 20:10:00,2020,2,12,20,10,62,62041,JOUHAUX ( SQUARE LEON ),50.292527,2.782148,Nuit avec éclairage allumé,En agglomération,Autre intersection,Normale,Deux véhicules - frontale,7,2,2,0,1,1,1,0,1,50,2,2,1,0,1,0,41.0,33.0,deux_roues,voiture,5,2,9,1,1
202000032590,2020-03-20 14:20:00,2020,3,20,14,20,92,92014,MARECHAL JOFFRE (BD DU) (1 A 41 - 2 A 56,48.7823054,2.3147696,Plein jour,En agglomération,Intersection en T,Normale,Deux véhicules - côté,3,1,3,3,1,1,1,0,1,50,2,2,1,0,0,1,23.0,41.0,voiture,deux_roues,1,2,3,1,3
202000032591,2020-02-11 18:20:00,2020,2,11,18,20,58,58194,PIERRE DE COUBERTIN,46.98565,3.15931,Nuit avec éclairage allumé,En agglomération,Hors intersection,Normale,Deux véhicules - arrière,4,2,2,0,1,1,1,0,1,50,2,3,1,0,0,2,55.0,57.0,voiture,voiture,5,2,1,1,2
202000032592,2020-02-12 11:10:00,2020,2,12,11,10,57,57368,REPUBLIQUE (RUE DE LA ),49.3386,6.0435,Plein jour,En agglomération,Hors intersection,Normale,Autre collision,3,2,2,0,1,1,2,0,1,30,1,3,2,0,0,1,33.0,,voiture,,1,2,1,1,6
202000032593,2020-03-12 10:35:00,2020,3,12,10,35,01,01075,D75,46.0386544,4.8158723,Plein jour,Hors agglomération,Intersection à plus de 4 branches,Normale,Deux véhicules - frontale,3,2,2,0,1,1,1,0,3,80,2,3,2,0,1,0,73.0,28.0,voiture,voiture,1,1,5,1,1
202000032594,2020-03-20 19:40:00,2020,3,20,19,40,89,89226,D124,47.8519659,3.7154239,Crépuscule ou aube,Hors agglomération,Hors intersection,Normale,Sans collision,3,2,2,0,1,1,1,0,1,80,1,4,0,0,0,4,23.0,,voiture,,2,1,1,1,7
202000032595,2020-02-12 19:56:00,2020,2,12,19,56,57,57019,CD 47,49.25475,6.14905,Plein jour,En agglomération,Intersection en X,Pluie légère,Deux véhicules - côté,4,2,2,0,1,1,2,0,1,50,2,5,4,0,1,0,50.0,22.0,voiture,voiture,1,2,2,2,3
202000032596,2020-02-12 22:24:00,2020,2,12,22,24,56,56185,RN 165,47.77051,-3.37855,Nuit sans éclairage public,Hors agglomération,Hors intersection,Normale,Autre collision,2,1,2,0,1,3,1,3,3,70,1,1,0,0,0,1,22.0,,voiture,,3,1,1,1,6
202000032597,2020-03-20 17:15:00,2020,3,20,17,15,73,73270,D911,45.582659,6.143954,Plein jour,Hors agglomération,Hors intersection,Normale,Autre collision,3,2,2,0,2,3,1,0,3,80,1,1,0,0,0,1,34.0,,deux_roues,,1,1,1,1,6
202000032598,2020-02-13 17:00:00,2020,2,13,17,0,54,54547,JAURES (AVENUE JEAN),48.6617722,6.1611608,Plein jour,En agglomération,Intersection en X,Pluie légère,Deux véhicules - côté,9,2,2,0,1,1,2,0,1,50,2,3,0,0,0,3,41.0,78.0,utilitaire_camion,voiture,1,2,2,2,3
202000032599,2020-03-20 11:50:00,2020,3,20,11,50,973,97309,RD2,4.891511,-52.2746002,Plein jour,En agglomération,Hors intersection,Normale,Deux véhicules - frontale,3,2,2,0,1,1,1,0,1,50,2,2,1,0,0,1,50.0,18.0,voiture,deux_roues,1,2,1,1,1
202000032600,2020-02-13 14:15:00,2020,2,13,14,15,54,54274,REPUBLIQUE (RUE DE LA),48.668205,6.208662,Plein jour,En agglomération,Giratoire,Pluie forte,,3,2,2,0,2,2,2,0,1,50,2,2,1,0,0,1,52.0,26.0,deux_roues,voiture,1,2,6,3,-1
202000032601,2020-01-25 02:35:00,2020,1,25,2,35,54,54395,SAINT LEON (RUE ET EGLISE),48.689296,6.1724871,Nuit avec éclairage allumé,En agglomération,Hors intersection,Normale,Deux véhicules - arrière,4,2,2,1,1,1,1,0,1,50,2,3,1,0,0,2,35.0,49.0,voiture,voiture,5,2,1,1,2
202000032602,2020-03-21 13:45:00,2020,3,21,13,45,60,60019,A1,49.505679,2.717877,Plein jour,Hors agglomération,Hors intersection,Normale,Sans collision,1,3,3,3,1,1,1,0,8,130,1,1,0,0,1,0,53.0,,utilitaire_camion,,1,1,1,1,7