accident_id,datetime,annee,mois,jour,heure,minute,departement,commune_insee,adresse,latitude,longitude,luminosite,agglomeration,intersection,meteo,collision,catr,circ,nbv,vosp,prof,plan,surf,infra,situ,vma,nb_vehicules,nb_usagers,nb_indemnes,nb_tues,nb_blesses_hosp,nb_blesses_legers,age_cond_1,age_cond_2,veh_type_cond_1,veh_type_cond_2,lum_code,agg_code,int_code,atm_code,col_code
202000032694,2020-02-13 20:30:00,2020,2,13,20,30,92,92072,PAVE DES GARDES (ROUTE DU),48.81279,2.21582,Nuit avec éclairage allumé,En agglomération,Hors intersection,Temps couvert,Deux véhicules - côté,3,2,1,0,2,1,2,0,1,50,2,2,1,0,0,1,45.0,26.0,voiture,deux_roues,5,2,1,8,3
202000032695,2020-02-13 10:45:00,2020,2,13,10,45,92,92064,CALVAIRE,48.846501,2.2187568,Plein jour,En agglomération,Hors intersection,Pluie légère,Autre collision,3,1,1,0,1,1,2,0,1,30,1,1,0,0,0,1,91.0,,utilitaire_camion,,1,2,1,2,6
202000032696,2020-02-13 10:30:00,2020,2,13,10,30,92,92062,CIRCULAIRE (boulevard),48.8868568,2.2384751,Plein jour,En agglomération,Hors intersection,Normale,Deux véhicules - arrière,3,1,2,0,2,1,1,0,1,50,2,2,1,0,0,1,46.0,28.0,utilitaire_camion,voiture,1,2,1,1,2
202000032697,2020-02-13 17:58:00,2020,2,13,17,58,92,92050,SADI CARNOT RUE,48.886929,2.208287,Crépuscule ou aube,En agglomération,Intersection en T,Pluie légère,Deux véhicules - côté,4,2,2,1,2,1,2,0,1,50,2,2,1,0,0,1,21.0,41.0,deux_roues,utilitaire_camion,2,2,3,2,3
202000032698,2020-02-13 13:30:00,2020,2,13,13,30,92,92023,GENERAL DE GAULLE (AVENUE DU)/ rue de Versailles,48.7834,2.2467,Plein jour,En agglomération,Intersection en X,Temps couvert,Deux véhicules - côté,3,4,2,0,1,2,1,0,1,50,2,3,2,0,0,1,27.0,38.0,deux_roues,voiture,1,2,2,8,3
202000032699,2020-02-13 19:05:00,2020,2,13,19,5,92,92012,COURS DE L'ILE SEGUIN,48.8282,2.2355,Nuit avec éclairage allumé,En agglomération,Hors intersection,Normale,Deux véhicules - arrière,4,1,1,0,1,1,1,0,1,30,2,2,1,0,0,1,39.0,31.0,deux_roues,voiture,5,2,1,1,2
202000032700,2020-10-02 10:00:00,2020,10,2,10,0,92,92012,MEUDON (RUE DE) - COTE PAIR,48.825588,2.241904,Plein jour,En agglomération,Intersection en X,Normale,Deux véhicules - côté,4,2,2,0,1,1,1,0,1,50,2,2,1,0,1,0,91.0,35.0,utilitaire_camion,utilitaire_camion,1,2,2,1,3
202000032701,2020-02-13 09:20:00,2020,2,13,9,20,92,92012,GENERAL LECLERC (AVENUE DU) 1/33 - 2/58,48.832981,2.241694,Plein jour,En agglomération,Hors intersection,Pluie légère,Deux véhicules - côté,3,1,0,0,1,1,2,0,1,50,2,2,1,0,1,0,23.0,41.0,deux_roues,utilitaire_camion,1,2,1,2,3
202000032702,2020-02-13 18:00:00,2020,2,13,18,0,92,92007,RAVERA (AVENUE HENRI) N° 111 A 217 ET 10,48.802327,2.311097,Crépuscule ou aube,En agglomération,Hors intersection,Normale,Autre collision,3,2,2,0,1,1,1,0,1,50,1,2,1,0,0,1,42.0,,voiture,,2,2,1,1,6
202000032703,2020-02-14 15:06:00,2020,2,14,15,6,54,54312,RD 910,48.923698,6.094387,Plein jour,Hors agglomération,Hors intersection,Normale,Trois véhicules et plus - collisions multiples,3,2,2,0,2,1,1,0,1,80,3,3,1,0,0,2,45.0,36.0,voiture,voiture,1,1,1,1,5
202000032704,2020-02-13 19:40:00,2020,2,13,19,40,2A,2A249,337 Anelapo E Mezza Bojocca,41.6548297,8.9185583,Nuit sans éclairage public,Hors agglomération,Hors intersection,Temps couvert,Deux véhicules - frontale,2,2,2,0,1,3,1,0,1,80,2,3,1,0,2,0,44.0,84.0,voiture,voiture,3,1,1,8,1
202000032705,2020-02-14 02:00:00,2020,2,14,2,0,52,52114,D107,48.037692,4.881577,Nuit sans éclairage public,Hors agglomération,Hors intersection,Pluie légère,Autre collision,3,2,2,0,2,3,2,0,3,90,1,2,0,0,1,1,29.0,,voiture,,3,1,1,2,6
202000032706,2020-02-13 22:00:00,2020,2,13,22,0,60,60016,D929,49.3635642,2.3701442,Nuit sans éclairage public,Hors agglomération,Hors intersection,Normale,Autre collision,3,2,2,0,1,1,2,0,3,80,1,2,1,0,0,1,20.0,,voiture,,3,1,1,1,6
202000032707,2020-02-14 13:35:00,2020,2,14,13,35,31,31082,D826,43.592825,1.713352,Plein jour,Hors agglomération,Hors intersection,Normale,Deux véhicules - côté,3,2,2,0,1,1,1,0,1,80,2,2,1,1,0,0,30.0,38.0,deux_roues,voiture,1,1,1,1,3
202000032708,2020-02-13 19:35:00,2020,2,13,19,35,21,21483,A31,47.466175,5.182839,Nuit sans éclairage public,Hors agglomération,Hors intersection,Vent fort / tempête,Deux véhicules - arrière,1,3,6,0,2,1,2,0,1,130,2,2,1,0,0,1,40.0,42.0,voiture,voiture,3,1,1,6,2
202000032709,2020-02-14 15:25:00,2020,2,14,15,25,71,71270,A6,46.325198,4.806401,Plein jour,Hors agglomération,Hors intersection,Normale,,1,3,5,0,2,1,1,0,1,130,2,8,7,0,0,1,48.0,56.0,voiture,voiture,1,1,1,1,-1
202000032710,2020-02-12 14:19:00,2020,2,12,14,19,68,68295,1 Rue des Platanes,48.012198,7.381225,Plein jour,En agglomération,Intersection en T,Normale,Deux véhicules - côté,3,2,2,0,1,1,1,0,1,50,2,3,2,0,1,0,15.0,23.0,deux_roues,voiture,1,2,3,1,3
202000032711,2020-02-13 19:35:00,2020,2,13,19,35,11,11203,D611 - PR 14+500,43.162274,2.730124,Nuit sans éclairage public,Hors agglomération,Hors intersection,Normale,Deux véhicules - frontale,3,2,2,0,1,1,1,0,1,80,2,2,1,1,0,0,48.0,43.0,voiture,deux_roues,3,1,1,1,1
202000032712,2020-02-14 16:55:00,2020,2,14,16,55,974,97414,Route Nationale 5,-21.281297,55.431991,Plein jour,En agglomération,Autre intersection,Normale,Deux véhicules - côté,2,2,2,0,2,1,1,5,1,50,2,6,5,0,0,1,30.0,57.0,deux_roues,voiture,1,2,9,1,3
202000032713,2020-02-14 07:30:00,2020,2,14,7,30,34,34016,A750,43.625013,3.64362,Crépuscule ou aube,Hors agglomération,Hors intersection,Vent fort / tempête,,1,3,4,0,1,1,1,0,1,-1,2,2,1,0,1,0,35.0,22.0,utilitaire_camion,deux_roues,2,1,1,6,-1
202000032714,2020-02-13 07:05:00,2020,2,13,7,5,2A,2A271,La Casaccia,41.9530599,8.7876465,Crépuscule ou aube,En agglomération,Hors intersection,Normale,Deux véhicules - frontale,2,1,1,0,1,1,1,0,1,70,2,2,1,0,1,0,44.0,37.0,utilitaire_camion,voiture,2,2,1,1,1
202000032715,2020-02-14 11:30:00,2020,2,14,11,30,80,80627,D210,49.8012837,2.2165149,Plein jour,Hors agglomération,Hors intersection,Normale,Deux véhicules - arrière,3,2,2,0,3,1,1,0,1,80,2,2,0,2,0,0,30.0,76.0,deux_roues,deux_roues,1,1,1,1,2
202000032716,2020-02-14 06:50:00,2020,2,14,6,50,49,49347,Rue du Bourg-joly,47.614604,-0.465052,Nuit avec éclairage allumé,En agglomération,Intersection en X,Normale,Deux véhicules - côté,4,1,1,0,1,1,1,0,1,50,2,2,1,0,1,0,13.0,31.0,deux_roues,utilitaire_camion,5,2,2,1,3
202000032717,2020-02-12 13:30:00,2020,2,12,13,30,31,31436,Bois de Peyre,43.327385,1.059878,Plein jour,Hors agglomération,Hors intersection,Temps couvert,Autre collision,3,2,2,0,1,3,1,0,3,80,1,2,0,0,1,1,20.0,,voiture,,1,1,1,8,6
202000032718,2020-02-11 21:20:00,2020,2,11,21,20,02,02810,Rue du 18 Juillet,49.253668,3.093372,Nuit avec éclairage allumé,En agglomération,Autre intersection,Normale,Deux véhicules - côté,3,2,2,0,1,1,1,0,1,50,2,2,1,0,0,1,41.0,29.0,voiture,deux_roues,5,2,9,1,3
202000032719,2020-09-04 22:00:00,2020,9,4,22,0,93,93010,AUTOROUTE A3,48.8993,2.46956,Nuit sans éclairage public,Hors agglomération,Hors intersection,Normale,Sans collision,1,3,10,0,1,3,1,2,1,70,1,1,0,0,0,1,66.0,,voiture,,3,1,1,1,7
202000032720,2020-09-04 15:29:00,2020,9,4,15,29,93,93006,AUTOROUTE A3,48.86849,2.42869,Plein jour,Hors agglomération,Hors intersection,Normale,Deux véhicules - arrière,1,3,8,0,1,1,1,0,1,90,2,2,1,0,0,1,43.0,18.0,utilitaire_camion,deux_roues,1,1,1,1,2
202000032721,2020-02-25 08:50:00,2020,2,25,8,50,75,75108,ROND POINT CHAMPS ELYSEES,48.869407,2.310949,Plein jour,En agglomération,Place,Normale,Deux véhicules - côté,4,2,2,0,1,1,2,0,1,50,2,2,1,0,0,1,72.0,23.0,voiture,deux_roues,1,2,7,1,3
202000032722,2020-09-02 06:25:00,2020,9,2,6,25,988,98818,BRETELLE BONAPARTE FOREST,-22.24202,166.45729,Plein jour,En agglomération,Intersection en Y,Normale,Deux véhicules - côté,4,2,2,0,1,1,1,5,1,50,2,2,1,0,0,1,57.0,69.0,deux_roues,voiture,1,2,4,1,3
202000032723,2020-09-02 16:40:00,2020,9,2,16,40,988,98818,ROUTE DE LA BAIE DES DAMES,-22.24392,166.44728,Plein jour,En agglomération,Intersection en T,Normale,Deux véhicules - arrière,4,2,2,0,1,1,1,0,1,50,2,3,2,0,1,0,60.0,23.0,utilitaire_camion,utilitaire_camion,1,2,3,1,2
202000032724,2020-09-02 13:45:00,2020,9,2,13,45,988,98818,ROUTE EXPRESS DU MONT-DORE,-22.24621,166.47196,Plein jour,En agglomération,Giratoire,Normale,Deux véhicules - côté,1,2,2,0,1,2,1,5,1,50,2,4,2,0,1,1,56.0,55.0,utilitaire_camion,utilitaire_camion,1,2,6,1,3
202000032725,2020-09-02 19:00:00,2020,9,2,19,0,974,97416,TOBY LES HAUTS(CHEMIN),-21.29543,55.45567,Nuit sans éclairage public,Hors agglomération,Hors intersection,Normale,Autre collision,4,2,2,0,1,1,1,0,1,50,1,2,1,0,0,1,15.0,,deux_roues,,3,1,1,1,6
202000032726,2020-09-01 08:20:00,2020,9,1,8,20,974,97416,SAVIGNY (CHEMIN EDOUARD),-21.29734,55.4926,Plein jour,En agglomération,Hors intersection,Normale,Deux véhicules - arrière,4,2,1,0,2,2,1,0,1,50,2,2,1,0,0,1,41.0,40.0,voiture,deux_roues,1,2,1,1,2
202000032727,2020-09-02 16:55:00,2020,9,2,16,55,974,97416,THOREZ (CHEMIN MAURICE),-21.26093,55.4818,Crépuscule ou aube,Hors agglomération,Hors intersection,Normale,Deux véhicules - frontale,4,-1,2,0,2,1,1,0,1,50,2,2,0,0,0,2,61.0,61.0,autre,voiture,2,1,1,1,1
202000032728,2020-09-03 07:10:00,2020,9,3,7,10,974,97411,Rue Monthyon,-20.88766,55.45436,Plein jour,En agglomération,Hors intersection,Normale,Autre collision,4,1,2,0,1,1,1,0,1,50,1,2,1,0,0,1,39.0,,voiture,,1,2,1,1,6
202000032729,2020-09-02 20:30:00,2020,9,2,20,30,974,97407,ROUTE NATIONALE N° 1,-20.94716,55.32316,Nuit sans éclairage public,Hors agglomération,Hors intersection,Normale,Sans collision,2,1,1,0,2,3,1,3,1,90,1,1,0,0,0,1,41.0,,deux_roues,,3,1,1,1,7
202000032730,2020-09-01 11:20:00,2020,9,1,11,20,974,97407,MASCAREIGNES(BOULEVARD),-20.94084,55.30743,Plein jour,En agglomération,Giratoire,Normale,Deux véhicules - frontale,4,3,3,3,1,1,1,9,1,50,2,3,1,0,0,2,54.0,55.0,voiture,voiture,1,2,6,1,1
202000032731,2020-09-03 23:10:00,2020,9,3,23,10,69,69259,AMBROISE CROIZAT                    (BD),45.70469,4.88761,Nuit avec éclairage allumé,En agglomération,Hors intersection,Normale,Autre collision,3,3,4,0,1,1,1,0,1,50,1,3,0,0,3,0,19.0,,deux_roues,,5,2,1,1,6
202000032732,2020-09-03 18:20:00,2020,9,3,18,20,69,69199,JEAN JAURES                         (AV),45.71153,4.85512,Plein jour,En agglomération,Hors intersection,Normale,Deux véhicules - côté,4,2,2,0,1,1,1,0,1,50,2,2,1,0,0,1,27.0,77.0,deux_roues,voiture,1,2,1,1,3
202000032733,2020-09-03 17:35:00,2020,9,3,17,35,69,69199,REPUBLIQUE (DE LA)                  (R ),45.71203,4.85425,Plein jour,En agglomération,Hors intersection,Normale,Autre collision,4,2,4,1,1,1,1,0,1,50,1,2,1,0,0,1,42.0,,voiture,,1,2,1,1,6
202000032734,2020-09-03 11:45:00,2020,9,3,11,45,69,69387,CHEVREUL                            (R ),45.7486234,4.8397945,Plein jour,En agglomération,Intersection en X,Normale,Autre collision,4,1,1,0,1,1,1,0,1,50,1,2,1,0,0,1,34.0,,voiture,,1,2,2,1,6
202000032735,2020-09-02 18:45:00,2020,9,2,18,45,69,69383,MARIUS VIVIER MERLE                 (BD),45.7536598,4.8592751,Plein jour,En agglomération,Intersection en X,Normale,Deux véhicules - côté,4,2,4,3,1,1,1,0,1,50,2,3,1,0,0,2,23.0,59.0,voiture,voiture,1,2,2,1,3
202000032736,2020-09-02 15:58:00,2020,9,2,15,58,69,69383,CHAPONNAY                           (R ),45.75843,4.84927,Plein jour,En agglomération,Intersection en X,Normale,Deux véhicules - frontale,4,1,1,0,1,1,1,0,1,50,2,3,2,0,1,0,36.0,36.0,deux_roues,utilitaire_camion,1,2,2,1,1
202000032737,2020-09-03 08:25:00,2020,9,3,8,25,69,69389,GEORGES CLEMENCEAU                  (PT),45.77491,4.80868,Plein jour,En agglomération,Hors intersection,Normale,Autre collision,4,2,3,0,1,1,1,0,1,50,1,4,3,0,0,1,65.0,,voiture,,1,2,1,1,6
202000032738,2020-09-03 10:50:00,2020,9,3,10,50,971,97113,BAS DU FORT,16.21784,-61.51532,Plein jour,Hors agglomération,Hors intersection,Normale,Deux véhicules - côté,4,2,12,0,1,1,1,0,1,50,2,2,1,0,0,1,40.0,48.0,deux_roues,voiture,1,1,1,1,3
202000032739,2020-09-02 08:30:00,2020,9,2,8,30,971,97120,BD LEGITIMUS,16.2438341,-61.5345848,Plein jour,En agglomération,Hors intersection,Normale,Autre collision,4,1,2,3,1,1,1,6,6,50,1,1,0,0,0,1,,,,,1,2,1,1,6
202000032740,2020-09-03 07:30:00,2020,9,3,7,30,91,91223,LOUIS (AVENUE FREDERIC),48.42897,2.16672,Plein jour,En agglomération,Hors intersection,Normale,Autre collision,4,2,2,0,1,1,1,0,1,30,1,2,1,0,1,0,62.0,,voiture,,1,2,1,1,6
202000032741,2020-09-03 18:47:00,2020,9,3,18,47,88,88160,COTE-CABICHE (RUE DE LA ),48.18647,6.4382,Plein jour,En agglomération,Hors intersection,Normale,Autre collision,4,2,2,0,2,1,1,0,3,50,1,1,0,0,1,0,35.0,,deux_roues,,1,2,1,1,6
202000032742,2020-09-03 08:04:00,2020,9,3,8,4,87,87085,ROUSSILLON (AVENUE DU),45.81794,1.22308,Plein jour,En agglomération,Hors intersection,Normale,Autre collision,4,2,2,0,1,1,1,0,1,50,1,1,0,0,0,1,,,,,1,2,1,1,6
202000032743,2020-09-03 05:00:00,2020,9,3,5,0,83,83137,ARMARIS (BD DES),43.126053,5.981342,Nuit avec éclairage allumé,En agglomération,Hors intersection,Normale,Sans collision,4,2,2,0,1,2,1,0,1,50,1,1,0,0,1,0,30.0,,deux_roues,,5,2,1,1,7
202000032744,2020-09-03 15:20:00,2020,9,3,15,20,77,77447,C.D 39,48.53677,2.55784,Plein jour,Hors agglomération,Hors intersection,Normale,Deux véhicules - côté,3,2,2,0,1,1,1,0,1,70,2,3,0,0,3,0,22.0,45.0,voiture,voiture,1,1,1,1,3
202000032745,2020-09-02 12:25:00,2020,9,2,12,25,76,76216,FONTENELLE. RUE DE,49.47622,1.05356,Plein jour,En agglomération,Hors intersection,Normale,Autre collision,4,2,2,0,1,1,1,0,1,50,1,2,1,0,0,1,76.0,,voiture,,1,2,1,1,6
202000032746,2020-09-02 20:45:00,2020,9,2,20,45,76,76451,MONT AUX MALADES. AVENUE DU,49.46066,1.08245,Nuit avec éclairage allumé,En agglomération,Hors intersection,Normale,Autre collision,3,2,3,0,1,1,1,0,1,50,1,2,1,1,0,0,25.0,,voiture,,5,2,1,1,6
202000032747,2020-09-02 13:10:00,2020,9,2,13,10,76,76575,RUE DU CLOS TELLIER,49.37774,1.11573,Plein jour,En agglomération,Hors intersection,Normale,,4,-1,2,0,1,1,1,0,1,50,2,1,0,0,0,1,51.0,,deux_roues,,1,2,1,1,-1
202000032748,2020-09-03 16:00:00,2020,9,3,16,0,76,76382,D6015,49.57771,0.515284,Plein jour,Hors agglomération,Hors intersection,Normale,Deux véhicules - arrière,3,2,3,0,1,1,1,0,1,80,2,2,1,1,0,0,85.0,69.0,deux_roues,utilitaire_camion,1,1,1,1,2
202000032749,2020-09-01 22:55:00,2020,9,1,22,55,71,71153,MITTERRAND (AVENUE FRANCOIS),46.8066505,4.4304317,Nuit avec éclairage allumé,En agglomération,Hors intersection,Normale,Autre collision,3,2,2,0,1,1,1,0,1,30,1,1,0,0,0,1,40.0,,voiture,,5,2,1,1,6
202000032750,2020-09-03 03:20:00,2020,9,3,3,20,69,69266,TOLSTOI    (Cours),45.7636826,4.8709174,Nuit avec éclairage allumé,En agglomération,Hors intersection,Normale,Autre collision,4,2,1,2,1,1,1,6,4,50,1,1,0,0,1,0,55.0,,deux_roues,,5,2,1,1,6
202000032751,2020-09-02 21:20:00,2020,9,2,21,20,69,69256,FAVIER                              (R ),45.77194,4.91987,Nuit avec éclairage allumé,En agglomération,Intersection en X,Normale,Deux véhicules - côté,4,2,2,0,1,1,1,0,1,50,2,4,3,0,0,1,33.0,27.0,voiture,voiture,5,2,2,1,3
202000032752,2020-09-02 19:38:00,2020,9,2,19,38,66,66136,REMPARTS-SAINT-JACQUES (DES),42.69694,2.90197,Plein jour,En agglomération,Hors intersection,Normale,Deux véhicules - côté,4,-1,1,0,1,1,1,0,1,50,2,2,1,0,0,1,19.0,16.0,voiture,deux_roues,1,2,1,1,3
202000032753,2020-09-02 08:25:00,2020,9,2,8,25,65,65440,LIBERATION (AVENUE DE LA),43.24408,0.06735,Plein jour,En agglomération,Intersection en X,Normale,Deux véhicules - frontale,4,2,2,0,1,1,1,0,1,50,2,2,0,0,0,2,57.0,20.0,utilitaire_camion,voiture,1,2,2,1,1
202000032754,2020-09-03 15:00:00,2020,9,3,15,0,64,64445,3 Rue Marca,43.29435,-0.377253,Plein jour,En agglomération,Hors intersection,Normale,Deux véhicules - côté,4,2,2,0,2,1,1,0,1,50,2,2,1,0,0,1,20.0,19.0,deux_roues,voiture,1,2,1,1,3
202000032755,2020-09-03 15:05:00,2020,9,3,15,5,64,64102,LOEB (AVENUE DE L'INTERNE JACQUES),43.4792,-1.4845,Plein jour,En agglomération,Intersection en T,Normale,Deux véhicules - arrière,4,2,2,0,1,1,1,0,1,30,2,1,0,0,0,1,18.0,,deux_roues,,1,2,3,1,2
202000032756,2020-09-03 13:30:00,2020,9,3,13,30,64,64024,SAUBADINE (RUE DE),43.4957,-1.53203,Plein jour,En agglomération,Hors intersection,Normale,Deux véhicules - arrière,4,2,2,0,1,1,1,0,1,50,2,2,1,0,0,1,53.0,38.0,voiture,deux_roues,1,2,1,1,2
202000032757,2020-09-03 12:00:00,2020,9,3,12,0,64,64024,MOULINAOU (ALLEE DU),43.47658,-1.50997,Plein jour,En agglomération,Intersection en T,Normale,Sans collision,4,2,2,0,1,1,1,0,1,50,1,2,1,0,0,1,60.0,,deux_roues,,1,2,3,1,7
202000032758,2020-09-03 10:50:00,2020,9,3,10,50,64,64024,PLAGES (BOULEVARD DES),43.50965,-1.52953,Plein jour,En agglomération,Hors intersection,Normale,Sans collision,4,2,2,0,1,1,1,0,1,50,1,1,0,0,0,1,74.0,,deux_roues,,1,2,1,1,7
202000032759,2020-09-03 09:50:00,2020,9,3,9,50,64,64102,PAULMY (AVENUE DES ALLEES),43.49256,-1.48081,Plein jour,En agglomération,Hors intersection,Normale,Sans collision,4,3,6,0,2,1,1,0,8,50,1,2,0,0,0,2,18.0,,deux_roues,,1,2,1,1,7
202000032760,2020-08-30 08:35:00,2020,8,30,8,35,63,63113,BEAUPEYRAS (RUE DE),45.7946931,3.0825733,Plein jour,En agglomération,Intersection en X,Normale,Deux véhicules - côté,4,2,2,0,1,1,1,0,1,50,2,3,2,0,0,1,68.0,47.0,voiture,voiture,1,2,2,1,3
202000032761,2020-01-21 17:30:00,2020,1,21,17,30,62,62250,BRIAND (R ARISTIDE),50.45375,2.94064,Nuit avec éclairage allumé,En agglomération,Hors intersection,Brouillard / fumée,Autre collision,4,-1,2,0,1,1,1,0,1,50,1,2,1,0,0,1,64.0,,utilitaire_camion,,5,2,1,5,6
202000032762,2020-09-03 19:30:00,2020,9,3,19,30,61,61001,CLEMENCEAU (COURS),48.43255,0.08641,Plein jour,En agglomération,Hors intersection,Normale,Deux véhicules - arrière,4,2,2,0,1,1,1,0,1,30,2,2,1,0,0,1,20.0,17.0,voiture,deux_roues,1,2,1,1,2
202000032763,2020-09-03 11:02:00,2020,9,3,11,2,59,59155,FURNES - ROUTE,51.0338807,2.4021234,Plein jour,En agglomération,Autre intersection,Normale,Autre collision,3,2,3,1,1,1,1,0,1,50,1,2,1,0,1,0,24.0,,voiture,,1,2,9,1,6
202000032764,2020-08-28 15:10:00,2020,8,28,15,10,59,59122,BART (BOULEVARD JEAN),50.182418,3.22754,Plein jour,En agglomération,Giratoire,Normale,Deux véhicules - côté,4,1,1,0,1,2,1,0,1,50,2,2,1,0,1,0,46.0,86.0,deux_roues,voiture,1,2,6,1,3
202000032765,2020-08-28 17:00:00,2020,8,28,17,0,58,58194,REPUBLIQUE (BOULEVARD),46.9914,3.1703,Plein jour,En agglomération,Hors intersection,Normale,Deux véhicules - frontale,3,2,2,0,1,1,1,0,1,50,2,2,1,0,0,1,16.0,47.0,deux_roues,voiture,1,2,1,1,1
202000032766,2020-09-02 12:35:00,2020,9,2,12,35,56,56260,Boulevard de la Paix,47.66057,-2.7538,Plein jour,En agglomération,Hors intersection,Normale,Deux véhicules - côté,3,3,2,2,1,1,1,0,5,50,2,2,1,0,1,0,54.0,23.0,deux_roues,deux_roues,1,2,1,1,3
202000032767,2020-09-02 14:05:00,2020,9,2,14,5,56,56121,MONISTROL (RUE),47.73783,-3.3819,Plein jour,En agglomération,Hors intersection,Normale,Trois véhicules et plus - en chaîne,4,2,2,0,1,1,1,0,1,50,3,3,2,0,0,1,51.0,40.0,deux_roues,voiture,1,2,1,1,4
202000032768,2020-09-02 12:35:00,2020,9,2,12,35,56,56121,Avenue Chenailler Dit Colonel Morice,47.73657,-3.39031,Plein jour,En agglomération,Intersection en X,Normale,Deux véhicules - côté,4,2,2,0,1,1,1,0,1,50,2,2,1,0,0,1,65.0,19.0,voiture,deux_roues,1,2,2,1,3
202000032769,2020-09-03 21:45:00,2020,9,3,21,45,51,51058,Rue Saint Remi,49.2227146,3.9937837,Nuit avec éclairage allumé,Hors agglomération,Hors intersection,Normale,Sans collision,4,2,1,0,1,1,1,0,3,45,1,2,1,0,0,1,17.0,,deux_roues,,5,1,1,1,7
202000032770,2020-09-02 23:30:00,2020,9,2,23,30,50,50173,RENAN (RUE ERNEST),49.64943,-1.68522,Nuit avec éclairage allumé,En agglomération,Hors intersection,Normale,Autre collision,4,1,1,0,1,1,1,0,1,50,1,2,1,0,0,1,51.0,,voiture,,5,2,1,1,6
202000032771,2020-08-31 14:38:00,2020,8,31,14,38,49,49015,D775,47.51094,-0.61824,Plein jour,Hors agglomération,Hors intersection,Normale,Deux véhicules - arrière,3,1,2,0,1,1,1,0,1,90,2,2,1,0,0,1,34.0,58.0,utilitaire_camion,voiture,1,1,1,1,2
202000032772,2020-09-02 08:05:00,2020,9,2,8,5,37,37261,BEDEL (RUE MAURICE),47.3785006,0.6984283,Plein jour,En agglomération,Hors intersection,Normale,Deux véhicules - côté,4,2,2,0,1,3,1,0,1,50,2,2,1,0,0,1,21.0,21.0,deux_roues,voiture,1,2,1,1,3
202000032773,2020-09-03 17:40:00,2020,9,3,17,40,35,35055,ROCADE 2-3,48.09507,-1.62196,Plein jour,Hors agglomération,Hors intersection,Normale,Deux véhicules - arrière,2,3,4,0,1,1,1,0,1,90,2,3,2,0,1,0,37.0,73.0,deux_roues,utilitaire_camion,1,1,1,1,2
202000032774,2020-09-03 16:10:00,2020,9,3,16,10,35,35238,DINAN (DE),48.11721,-1.6823,Plein jour,En agglomération,Intersection en Y,Normale,Deux véhicules - côté,4,-1,1,0,1,1,1,0,1,50,2,2,1,0,0,1,20.0,73.0,deux_roues,voiture,1,2,4,1,3
202000032775,2020-09-02 19:35:00,2020,9,2,19,35,35,35238,GAYEULLES (ROND POINT),48.1274191,-1.6524442,Plein jour,En agglomération,Giratoire,Normale,Deux véhicules - côté,4,1,1,1,1,1,1,9,5,50,2,2,1,0,0,1,31.0,56.0,deux_roues,voiture,1,2,6,1,3
202000032776,2020-09-03 19:44:00,2020,9,3,19,44,34,34172,HEIDELBERG (AVENUE DE),43.62014,3.81731,Plein jour,En agglomération,Autre intersection,Normale,Autre collision,4,3,2,0,1,3,1,0,1,50,1,3,1,0,1,1,23.0,,voiture,,1,2,9,1,6
202000032777,2020-09-03 16:15:00,2020,9,3,16,15,34,34172,LAVERUNE (ROUTE DE,43.59824,3.84123,Plein jour,En agglomération,Hors intersection,Normale,Deux véhicules - côté,3,2,-1,0,2,1,1,2,1,50,2,3,1,0,0,2,20.0,40.0,voiture,voiture,1,2,1,1,3
202000032778,2020-09-03 08:55:00,2020,9,3,8,55,34,34172,LODEVE (AVENUE DE,43.614775,3.8313954,Plein jour,En agglomération,Hors intersection,Normale,Deux véhicules - côté,4,2,2,0,1,1,1,0,1,50,2,2,1,0,1,0,45.0,43.0,deux_roues,voiture,1,2,1,1,3
202000032779,2020-09-03 08:50:00,2020,9,3,8,50,34,34172,POMPIGNANE (AVENUE DE LA),43.60709,3.89871,Plein jour,En agglomération,Hors intersection,Normale,Deux véhicules - côté,4,3,4,0,1,1,1,9,6,50,2,2,1,0,0,1,25.0,23.0,deux_roues,voiture,1,2,1,1,3
202000032780,2020-09-02 17:30:00,2020,9,2,17,30,34,34172,TOULOUSE (AVENUE DE,43.59919,3.86606,Plein jour,En agglomération,Hors intersection,Normale,Deux véhicules - arrière,4,2,4,0,1,1,1,0,1,50,2,2,1,0,1,0,33.0,55.0,voiture,voiture,1,2,1,1,2
202000032781,2020-09-03 23:05:00,2020,9,3,23,5,33,33063,PLACE RAVEZIES / ALL DE BOUTAUT,44.86623,-0.57573,Nuit avec éclairage allumé,En agglomération,Place,Normale,Sans collision,4,1,3,0,1,1,1,5,6,50,1,1,0,0,0,1,31.0,,deux_roues,,5,2,7,1,7
202000032782,2020-09-03 19:25:00,2020,9,3,19,25,33,33318,AVE JEAN JAURES / RUE HERMAN LEMOINE,44.806211,-0.6306097,Plein jour,En agglomération,Intersection en T,Normale,Deux véhicules - côté,4,2,2,0,2,1,1,0,1,50,2,2,1,0,0,1,25.0,50.0,voiture,deux_roues,1,2,3,1,3
202000032783,2020-09-03 17:30:00,2020,9,3,17,30,33,33063,RUE DELBOS / RUE DES ETRANGERS / CRS DUPRE-DE-SAINT-MAUR / QUAI HUBERT PROM,44.867911,-0.554885,Crépuscule ou aube,En agglomération,Intersection en Y,Normale,Deux véhicules - côté,4,2,2,0,1,2,1,0,1,50,2,2,1,0,0,1,30.0,27.0,voiture,deux_roues,2,2,4,1,3
202000032784,2020-09-03 12:45:00,2020,9,3,12,45,33,33192,RUE DES CAMELIAS / RUE DES LANGES / RUE DES COLIBRIS,44.7828,-0.61,Plein jour,En agglomération,Intersection en X,Normale,Deux véhicules - côté,4,2,2,0,1,3,1,0,1,30,2,2,1,0,0,1,26.0,26.0,voiture,utilitaire_camion,1,2,2,1,3