accident_id,datetime,annee,mois,jour,heure,minute,departement,commune_insee,adresse,latitude,longitude,luminosite,agglomeration,intersection,meteo,collision,catr,circ,nbv,vosp,prof,plan,surf,infra,situ,vma,nb_vehicules,nb_usagers,nb_indemnes,nb_tues,nb_blesses_hosp,nb_blesses_legers,age_cond_1,age_cond_2,veh_type_cond_1,veh_type_cond_2,lum_code,agg_code,int_code,atm_code,col_code
202000032785,2020-08-31 15:50:00,2020,8,31,15,50,33,33063,RUE DE SAGET / CRS DE LA MARNE,44.82748,-0.558,Plein jour,En agglomération,Intersection en X,Normale,Autre collision,4,1,3,1,1,1,1,0,1,50,1,2,1,0,1,0,63.0,,voiture,,1,2,2,1,6
202000032786,2020-09-02 21:40:00,2020,9,2,21,40,31,31069,BORDEBASSE (RUE DE),43.63834,1.37372,Nuit avec éclairage allumé,En agglomération,Hors intersection,Normale,Autre collision,4,2,2,0,1,1,1,0,1,50,1,1,0,0,1,0,27.0,,deux_roues,,5,2,1,1,6
202000032787,2020-09-02 19:05:00,2020,9,2,19,5,31,31555,RTE D ALBI,43.63586,1.46397,Plein jour,En agglomération,Hors intersection,Normale,Autre collision,3,2,2,0,1,1,1,0,1,50,1,2,1,0,1,0,30.0,,voiture,,1,2,1,1,6
202000032788,2020-09-03 13:55:00,2020,9,3,13,55,15,15012,RD 920,44.887056,2.450081,Plein jour,Hors agglomération,Hors intersection,Normale,Deux véhicules - côté,3,2,2,0,1,3,1,0,1,70,2,3,2,0,0,1,22.0,45.0,voiture,voiture,1,1,1,1,3
202000032789,2020-09-02 16:10:00,2020,9,2,16,10,15,15014,Aurillac (avenue de la république),44.92623,2.43997,Plein jour,En agglomération,Hors intersection,Temps éblouissant,Autre collision,4,2,2,0,1,1,1,0,1,30,1,2,1,0,0,1,74.0,,voiture,,1,2,1,7,6
202000032790,2020-08-11 22:05:00,2020,8,11,22,5,14,14366,D.613 ( LISIEUX),49.12859,0.22261,Nuit sans éclairage public,Hors agglomération,Hors intersection,Normale,Deux véhicules - arrière,3,3,4,0,4,1,1,0,1,90,2,2,1,0,0,1,45.0,37.0,voiture,voiture,3,1,1,1,2
202000032791,2020-09-03 17:05:00,2020,9,3,17,5,14,14001,LES VATS,49.3988878,0.288443,Plein jour,Hors agglomération,Hors intersection,Temps couvert,Autre collision,4,2,1,0,4,2,1,0,3,70,1,1,0,0,1,0,88.0,,voiture,,1,1,1,8,6
202000032792,2020-09-03 16:50:00,2020,9,3,16,50,13,13213,CHEMIN DU MERLAN A LA ROSE ,43.3306565,5.4107478,Plein jour,En agglomération,Hors intersection,Normale,Deux véhicules - côté,3,2,2,0,1,1,1,0,1,50,2,2,1,0,0,1,27.0,15.0,voiture,deux_roues,1,2,1,1,3
202000032793,2020-09-03 16:25:00,2020,9,3,16,25,13,13211,AUDIENCE (RUE DE L'),43.2967,5.48548,Plein jour,En agglomération,Hors intersection,Normale,Autre collision,4,2,2,0,1,1,1,0,1,50,1,2,1,0,0,1,52.0,,deux_roues,,1,2,1,1,6
202000032794,2020-09-03 08:20:00,2020,9,3,8,20,13,13210,TIMONE (AVENUE DE LA),43.286045,5.405004,Plein jour,En agglomération,Hors intersection,Normale,Autre collision,4,2,2,0,1,1,1,0,1,50,1,1,0,0,0,1,,,,,1,2,1,1,6
202000032795,2020-09-03 08:35:00,2020,9,3,8,35,13,13047,FELIX GOUIN AVENUE,43.50748,4.98313,Plein jour,En agglomération,Giratoire,Normale,Deux véhicules - arrière,4,2,2,0,1,1,1,0,1,50,2,3,0,0,0,3,53.0,48.0,voiture,voiture,1,2,6,1,2
202000032796,2020-09-02 18:55:00,2020,9,2,18,55,11,11069,POMPIDOU GEORGES -ROND POINT-,43.22656,2.33084,Crépuscule ou aube,En agglomération,Autre intersection,Normale,Sans collision,3,1,2,0,2,2,1,0,1,50,1,1,0,0,1,0,18.0,,deux_roues,,2,2,9,1,7
202000032797,2020-09-03 09:15:00,2020,9,3,9,15,07,07186,RIOU (AVENUE PAUL),44.7363463,4.5987896,Plein jour,En agglomération,Hors intersection,Normale,Autre collision,3,2,2,0,1,1,1,9,1,30,1,2,1,0,1,0,29.0,,voiture,,1,2,1,1,6
202000032798,2020-09-03 08:14:00,2020,9,3,8,14,06,06123,ROND POINT COUBERTIN,43.672,7.19352,Plein jour,En agglomération,Giratoire,Normale,Deux véhicules - côté,7,1,1,0,1,2,1,9,1,50,2,2,1,0,1,0,53.0,35.0,deux_roues,voiture,1,2,6,1,3
202000032799,2020-09-01 07:25:00,2020,9,1,7,25,05,05061,CHATEAUVIEUX (ROUTE DE),44.50861,6.0554,Plein jour,En agglomération,Hors intersection,Normale,Autre collision,3,2,2,0,2,1,1,0,1,50,1,1,0,0,1,0,66.0,,voiture,,1,2,1,1,6
202000032800,2020-09-03 12:05:00,2020,9,3,12,5,02,02304,GENERAL LECLERC (AVENUE DU),49.65989,3.37408,Plein jour,En agglomération,Hors intersection,Normale,Autre collision,4,2,2,0,1,1,1,0,1,50,1,2,1,0,1,0,19.0,,voiture,,1,2,1,1,6
202000032801,2020-09-03 10:20:00,2020,9,3,10,20,75,75119,PLACE AUGUSTE BARON,48.900944,2.387002,Plein jour,En agglomération,Place,Normale,Deux véhicules - côté,4,1,5,0,1,2,1,0,1,50,2,3,2,0,0,1,40.0,47.0,utilitaire_camion,deux_roues,1,2,7,1,3
202000032802,2020-09-03 08:30:00,2020,9,3,8,30,75,75105,BOULEVARD SAINT MICHEL,48.844752,2.339444,Plein jour,En agglomération,Hors intersection,Normale,,4,2,4,2,1,1,1,-1,5,50,2,2,1,0,0,1,54.0,34.0,utilitaire_camion,deux_roues,1,2,1,1,-1
202000032803,2020-09-03 18:10:00,2020,9,3,18,10,75,75120,RUE LOUIS LUMIERE,48.863454,2.410863,Plein jour,En agglomération,Intersection en X,Normale,,4,2,2,1,1,1,1,-1,5,50,2,1,0,0,0,1,57.0,,deux_roues,,1,2,2,1,-1
202000032804,2020-09-03 03:27:00,2020,9,3,3,27,75,75119,AVENUE DE FLANDRE,48.884926,2.369887,Nuit avec éclairage allumé,En agglomération,Hors intersection,Normale,Autre collision,4,1,4,0,1,1,1,0,1,50,1,1,0,0,0,1,,,,,5,2,1,1,6
202000032805,2020-09-03 17:00:00,2020,9,3,17,0,75,75118,BOULEVARD ORNANO,48.894622,2.347155,Plein jour,En agglomération,Intersection en X,Normale,Deux véhicules - frontale,4,2,6,0,1,1,1,0,1,50,2,2,1,0,0,1,62.0,30.0,voiture,deux_roues,1,2,2,1,1
202000032806,2020-09-02 20:00:00,2020,9,2,20,0,75,75116,AVENUE FREMIET,48.85622,2.285709,Plein jour,En agglomération,Intersection en T,Normale,Autre collision,4,1,2,3,1,1,1,0,1,50,1,1,0,0,0,1,54.0,,deux_roues,,1,2,3,1,6
202000032807,2020-09-02 17:10:00,2020,9,2,17,10,75,75116,AVENUE FOCH,48.872685,2.284571,Plein jour,En agglomération,Intersection en X,Normale,Deux véhicules - côté,4,2,4,1,1,1,1,0,1,50,2,4,3,0,0,1,44.0,32.0,voiture,voiture,1,2,2,1,3
202000032808,2020-09-01 17:50:00,2020,9,1,17,50,75,75116,ALLEE DE LONGCHAMP,48.867621,2.250848,Plein jour,En agglomération,Intersection en X,Normale,Trois véhicules et plus - en chaîne,4,2,4,0,1,1,1,0,1,50,3,4,2,0,0,2,42.0,46.0,voiture,utilitaire_camion,1,2,2,1,4
202000032809,2020-09-03 21:25:00,2020,9,3,21,25,75,75114,BOULEVARD BRUNE,48.826133,2.312743,Nuit avec éclairage allumé,En agglomération,Intersection en X,Normale,Deux véhicules - côté,4,1,2,0,1,1,1,0,1,50,2,3,2,0,0,1,49.0,21.0,voiture,voiture,5,2,2,1,3
202000032810,2020-09-03 08:55:00,2020,9,3,8,55,75,75113,BOULEVARD KELLERMANN,48.819219,2.358123,Plein jour,En agglomération,Hors intersection,Normale,Autre collision,4,2,5,0,2,1,1,0,1,50,1,2,1,0,0,1,43.0,,utilitaire_camion,,1,2,1,1,6
202000032811,2020-09-03 16:50:00,2020,9,3,16,50,75,75111,RUE DE CHARONNE,48.853983,2.382333,Plein jour,En agglomération,Intersection en T,Normale,Deux véhicules - côté,4,2,2,0,1,1,1,0,1,50,2,2,1,0,1,0,24.0,40.0,utilitaire_camion,deux_roues,1,2,3,1,3
202000032812,2020-09-03 13:20:00,2020,9,3,13,20,75,75108,RUE DE CONSTANTINOPLE,48.880679,2.318239,Plein jour,En agglomération,Intersection en T,Normale,,4,1,0,0,1,1,1,0,1,50,2,3,1,0,0,2,50.0,45.0,utilitaire_camion,deux_roues,1,2,3,1,-1
202000032813,2020-09-03 09:15:00,2020,9,3,9,15,75,75108,AVENUE DES CHAMPS ELYSEES,48.869643,2.308074,Plein jour,En agglomération,Hors intersection,Normale,Autre collision,4,2,3,1,1,1,1,-1,5,50,1,2,1,0,0,1,18.0,,deux_roues,,1,2,1,1,6
202000032814,2020-09-02 21:10:00,2020,9,2,21,10,75,75116,AVENUE GEORGES MANDEL,48.864119,2.277576,Nuit avec éclairage allumé,En agglomération,Intersection en X,Normale,Deux véhicules - côté,4,1,2,1,1,1,1,0,1,50,2,5,4,0,0,1,28.0,23.0,voiture,voiture,5,2,2,1,3
202000032815,2020-09-03 08:30:00,2020,9,3,8,30,75,75107,QUAI D ORSAY,48.86286,2.313442,Plein jour,En agglomération,Intersection en X,Normale,Deux véhicules - côté,4,2,4,1,1,1,1,-1,5,50,2,2,1,0,0,1,60.0,56.0,voiture,deux_roues,1,2,2,1,3
202000032816,2020-09-03 19:20:00,2020,9,3,19,20,75,75101,QUAI DE LA MEGISSERIE,48.858456,2.342656,Plein jour,En agglomération,Intersection en X,Normale,Deux véhicules - côté,4,1,4,0,1,1,1,0,1,50,2,1,0,0,0,1,46.0,,deux_roues,,1,2,2,1,3
202000032817,2020-09-03 19:30:00,2020,9,3,19,30,75,75104,RUE SAINT ANTOINE,48.853221,2.368609,Plein jour,En agglomération,Place,Normale,Deux véhicules - arrière,4,2,4,1,1,1,1,-1,5,50,2,2,1,0,0,1,43.0,27.0,deux_roues,deux_roues,1,2,7,1,2
202000032818,2020-09-03 10:30:00,2020,9,3,10,30,75,75101,QUAI DE LA MEGISSERIE,48.858271,2.343393,Plein jour,En agglomération,Intersection en T,Normale,,4,1,3,0,1,1,1,0,1,50,2,1,0,0,0,1,30.0,,deux_roues,,1,2,3,1,-1
202000032819,2020-09-03 08:50:00,2020,9,3,8,50,75,75104,RUE DE RIVOLI,48.855475,2.360097,Plein jour,En agglomération,Intersection en T,Normale,Autre collision,4,2,4,0,1,1,1,0,1,30,1,1,0,0,0,1,64.0,,deux_roues,,1,2,3,1,6
202000032820,2020-09-03 17:30:00,2020,9,3,17,30,94,94067,Rue de Lagny,48.849318,2.420032,Plein jour,En agglomération,Autre intersection,Normale,Deux véhicules - frontale,3,1,2,1,1,1,1,0,1,50,2,2,1,0,0,1,26.0,29.0,voiture,deux_roues,1,2,9,1,1
202000032821,2020-07-09 11:20:00,2020,7,9,11,20,94,94080,MIDI (R DU),48.847271,2.434732,Plein jour,En agglomération,Intersection en T,Normale,Autre collision,4,1,1,0,1,1,1,6,1,30,1,2,1,0,0,1,23.0,,voiture,,1,2,3,1,6
202000032822,2020-09-01 15:30:00,2020,9,1,15,30,94,94052,CHARLES DE GAULLE (GRAND RUE),48.83625,2.48142,Plein jour,En agglomération,Hors intersection,Normale,Autre collision,3,1,2,0,1,1,1,6,1,30,1,3,1,0,0,2,51.0,,voiture,,1,2,1,1,6
202000032823,2020-09-03 12:45:00,2020,9,3,12,45,94,94073,ESPAGNE (RPT D),48.754768,2.374368,Plein jour,En agglomération,Hors intersection,Normale,Deux véhicules - côté,4,-1,1,3,1,3,1,9,6,50,2,2,1,0,0,1,23.0,47.0,deux_roues,voiture,1,2,1,1,3
202000032824,2020-09-03 14:50:00,2020,9,3,14,50,94,94022,GENERAL LECLERC (AV),48.762045,2.4049495,Plein jour,En agglomération,Hors intersection,Normale,Autre collision,3,3,2,0,1,1,1,0,1,50,1,2,1,0,0,1,58.0,,utilitaire_camion,,1,2,1,1,6
202000032825,2020-09-03 13:18:00,2020,9,3,13,18,94,94077,REPUBLIQUE (AV DE LA),48.73149,2.41914,Plein jour,En agglomération,Giratoire,Normale,Autre collision,3,2,0,0,1,1,1,0,1,50,1,1,0,0,0,1,,,,,1,2,6,1,6
202000032826,2020-09-03 08:10:00,2020,9,3,8,10,94,94004,LEON REVILLON (BD),48.74559,2.51203,Plein jour,En agglomération,Hors intersection,Normale,Deux véhicules - côté,4,2,2,0,1,1,1,0,1,50,2,3,1,0,0,2,55.0,33.0,voiture,deux_roues,1,2,1,1,3
202000032827,2020-09-03 07:15:00,2020,9,3,7,15,93,93066,FRANCE ANATOLE (BOULEVARD) NR AUTRES,48.9212848,2.3451738,Crépuscule ou aube,En agglomération,Hors intersection,Normale,Deux véhicules - côté,3,2,2,2,1,1,1,0,1,50,2,2,1,0,0,1,55.0,56.0,voiture,deux_roues,2,2,1,1,3
202000032828,2020-09-02 17:10:00,2020,9,2,17,10,93,93066,R GABRIEL PERI,48.9300141,2.356469,Plein jour,En agglomération,Hors intersection,Normale,Autre collision,4,2,2,0,1,1,1,0,1,50,1,1,0,0,0,1,,,,,1,2,1,1,6
202000032829,2020-09-03 08:30:00,2020,9,3,8,30,93,93049,PARMENTIER (RUE),48.8570665,2.501446,Plein jour,En agglomération,Intersection en X,Normale,Autre collision,4,1,1,0,1,1,1,0,1,50,1,2,1,0,0,1,54.0,,voiture,,1,2,2,1,6
202000032830,2020-09-02 23:24:00,2020,9,2,23,24,93,93048,BAUNE (RUE DE LA),48.8617193,2.4346955,Nuit avec éclairage allumé,En agglomération,Intersection en T,Normale,Deux véhicules - frontale,4,1,1,0,1,1,1,0,1,30,2,2,1,0,0,1,34.0,21.0,voiture,voiture,5,2,3,1,1
202000032831,2020-09-01 21:40:00,2020,9,1,21,40,93,93053,ROSNY (AVENUE DE) N° 1 A 39,48.8934225,2.4707478,Plein jour,En agglomération,Autre intersection,Normale,Deux véhicules - côté,3,2,2,0,1,1,1,0,1,50,2,2,1,0,0,1,41.0,21.0,deux_roues,voiture,1,2,9,1,3
202000032832,2020-09-02 17:00:00,2020,9,2,17,0,93,93063,NOISY ROUTE DE,48.8938,2.4349,Plein jour,En agglomération,Hors intersection,Normale,Trois véhicules et plus - collisions multiples,3,2,2,0,1,1,1,0,1,50,3,2,1,0,0,1,28.0,28.0,voiture,deux_roues,1,2,1,1,5
202000032833,2020-09-02 19:20:00,2020,9,2,19,20,93,93029,JEAN JAURES (AVENUE) N°,48.92133,2.44886,Plein jour,En agglomération,Intersection en T,Normale,,3,3,1,0,1,1,1,0,1,50,2,4,3,0,0,1,55.0,20.0,deux_roues,voiture,1,2,3,1,-1
202000032834,2020-09-02 12:30:00,2020,9,2,12,30,93,93001,FELIX FAURE (BLD) => 121,48.9039,2.3828,Plein jour,En agglomération,Hors intersection,Normale,Deux véhicules - côté,3,2,2,0,1,1,1,0,1,50,2,2,1,0,0,1,58.0,60.0,deux_roues,voiture,1,2,1,1,3
202000032835,2020-09-03 07:12:00,2020,9,3,7,12,92,92046,PIERRE BROSSOLETTE,48.8116,2.3001,Plein jour,En agglomération,Intersection en X,Normale,Deux véhicules - côté,3,2,2,0,1,3,1,0,1,50,2,2,1,0,0,1,42.0,42.0,utilitaire_camion,deux_roues,1,2,2,1,3
202000032836,2020-09-03 17:15:00,2020,9,3,17,15,92,92050,VAILLANT COUTURIER PAUL RUE,48.885548,2.202221,Plein jour,En agglomération,Hors intersection,Normale,Deux véhicules - arrière,3,2,2,0,2,1,1,0,1,50,2,2,1,0,0,1,35.0,24.0,voiture,deux_roues,1,2,1,1,2
202000032837,2020-09-03 16:00:00,2020,9,3,16,0,92,92050,ARAGO FRANCOIS AVENUE,48.89912,2.22161,Plein jour,En agglomération,Hors intersection,Normale,Deux véhicules - côté,3,2,2,0,1,1,1,8,1,50,2,2,1,0,0,1,40.0,70.0,voiture,utilitaire_camion,1,2,1,1,3
202000032838,2020-09-03 08:50:00,2020,9,3,8,50,92,92049,MARNE AVENUE DE LA,48.81621,2.307025,Plein jour,En agglomération,Intersection à plus de 4 branches,Normale,Deux véhicules - côté,3,2,2,0,1,1,1,0,1,50,2,2,1,0,0,1,66.0,38.0,deux_roues,voiture,1,2,5,1,3
202000032839,2020-08-14 18:25:00,2020,8,14,18,25,92,92024,CLICHY (QUAI DE) DE (104 A 202),48.91203,2.31047,Plein jour,En agglomération,Intersection en T,Normale,Sans collision,3,2,4,0,1,1,1,0,1,50,1,1,0,0,0,1,16.0,,deux_roues,,1,2,3,1,7
202000032840,2020-09-03 20:12:00,2020,9,3,20,12,92,92007,PETIT (AVENUE ALBERT) N° 28 A FIN,48.79614,2.3216,Plein jour,En agglomération,Intersection en X,Normale,,3,1,2,0,1,1,1,0,1,50,2,2,1,0,0,1,30.0,39.0,deux_roues,utilitaire_camion,1,2,2,1,-1
202000032841,2020-08-27 09:55:00,2020,8,27,9,55,92,92002,AUGUSTE MOUNIE (RUE),48.7536265,2.3040788,Plein jour,En agglomération,Hors intersection,Normale,Autre collision,4,1,1,1,1,1,1,0,5,30,1,2,0,0,0,2,,,,,1,2,1,1,6
202000032842,2020-09-04 09:30:00,2020,9,4,9,30,2A,2A348,D70,42.1518407,8.7554132,Plein jour,Hors agglomération,Hors intersection,Normale,Deux véhicules - arrière,3,2,2,0,3,4,1,0,1,80,2,2,1,0,1,0,69.0,22.0,deux_roues,voiture,1,1,1,1,2
202000032843,2020-09-03 19:00:00,2020,9,3,19,0,24,24010,Route de Saint-astier,45.172228,0.579979,Plein jour,Hors agglomération,Intersection en T,Normale,Deux véhicules - frontale,3,3,2,0,2,1,1,0,1,70,2,2,1,0,0,1,38.0,21.0,voiture,voiture,1,1,3,1,1
202000032844,2020-08-30 12:15:00,2020,8,30,12,15,25,25212,A36,47.280493,5.995434,Plein jour,Hors agglomération,Hors intersection,Pluie forte,Autre collision,1,1,2,0,1,1,2,2,1,130,1,1,0,0,1,0,38.0,,voiture,,1,1,1,3,6
202000032845,2020-09-03 17:50:00,2020,9,3,17,50,69,69282,d517,45.760188,5.033112,Plein jour,Hors agglomération,Autre intersection,Normale,Deux véhicules - côté,3,2,3,3,2,1,1,5,1,70,2,2,1,0,1,0,28.0,45.0,utilitaire_camion,deux_roues,1,1,9,1,3
202000032846,2020-09-04 08:05:00,2020,9,4,8,5,05,05174,D994G,44.935101,6.678143,Plein jour,Hors agglomération,Hors intersection,Normale,Deux véhicules - frontale,3,2,2,0,1,3,1,0,1,80,2,2,0,0,1,1,45.0,35.0,voiture,voiture,1,1,1,1,1
202000032847,2020-09-01 21:28:00,2020,9,1,21,28,01,01399,Rue des Plantages,46.29431,6.076921,Nuit avec éclairage allumé,En agglomération,Giratoire,Normale,Autre collision,3,2,2,0,1,3,1,0,4,50,1,1,0,0,1,0,48.0,,deux_roues,,5,2,6,1,6
202000032848,2020-09-04 15:15:00,2020,9,4,15,15,67,67437,D1004,48.754364,7.333256,Plein jour,Hors agglomération,Hors intersection,Normale,Trois véhicules et plus - collisions multiples,3,2,2,0,2,3,1,0,1,80,3,3,2,0,1,0,46.0,26.0,voiture,deux_roues,1,1,1,1,5
202000032849,2020-09-03 11:00:00,2020,9,3,11,0,22,22213,6 La Chiennais,48.535477,-2.010069,Plein jour,Hors agglomération,Hors intersection,Normale,Sans collision,2,3,4,0,1,1,1,0,1,110,1,1,0,0,1,0,60.0,,deux_roues,,1,1,1,1,7
202000032850,2020-09-03 18:35:00,2020,9,3,18,35,06,06095,D2562,43.638936,6.871616,Plein jour,En agglomération,Giratoire,Normale,Deux véhicules - côté,3,-1,2,0,1,1,1,0,1,50,2,2,1,0,1,0,63.0,35.0,deux_roues,voiture,1,2,6,1,3
202000032851,2020-09-03 23:50:00,2020,9,3,23,50,42,42271,Route de la Terrasse,45.4674576,4.5842437,Nuit sans éclairage public,Hors agglomération,Hors intersection,Normale,Deux véhicules - frontale,7,2,2,0,1,1,1,0,1,80,2,2,0,0,2,0,24.0,51.0,voiture,voiture,3,1,1,1,1
202000032852,2020-09-04 05:15:00,2020,9,4,5,15,22,22193,Plestan,48.425904,-2.438804,Nuit sans éclairage public,Hors agglomération,Intersection en Y,Normale,Sans collision,3,2,2,0,1,2,1,0,3,80,1,1,0,0,0,1,22.0,,utilitaire_camion,,3,1,4,1,7
202000032853,2020-09-04 18:40:00,2020,9,4,18,40,23,23176,Rue René Bruat,46.239502,1.493936,Crépuscule ou aube,En agglomération,Autre intersection,Normale,Autre collision,4,2,2,0,1,1,1,0,1,50,1,3,2,0,0,1,17.0,,deux_roues,,2,2,9,1,6
202000032854,2020-09-03 11:50:00,2020,9,3,11,50,62,62620,Route Departementale 943,50.592297,2.404411,Plein jour,En agglomération,Intersection en Y,Normale,Trois véhicules et plus - en chaîne,3,2,2,0,1,2,1,0,1,50,3,5,4,0,0,1,32.0,35.0,voiture,voiture,1,2,4,1,4
202000032855,2020-09-03 06:10:00,2020,9,3,6,10,83,83057,Dn7,43.371077,6.204979,Crépuscule ou aube,Hors agglomération,Hors intersection,Normale,Deux véhicules - côté,3,3,2,0,1,1,1,0,1,-1,2,2,1,0,1,0,69.0,55.0,voiture,deux_roues,2,1,1,1,3
202000032856,2020-09-04 14:10:00,2020,9,4,14,10,51,51568,Route de Saint Thierry,49.3143093,3.9655122,Plein jour,En agglomération,Giratoire,Normale,Sans collision,3,2,2,0,1,2,1,0,1,50,1,1,0,0,0,1,52.0,,deux_roues,,1,2,6,1,7
202000032857,2020-09-03 07:30:00,2020,9,3,7,30,51,51119,D951,49.0905569,3.9714532,Plein jour,Hors agglomération,Hors intersection,Normale,Trois véhicules et plus - collisions multiples,3,2,3,0,2,1,1,0,1,90,3,3,2,0,0,1,32.0,48.0,utilitaire_camion,voiture,1,1,1,1,5
202000032858,2020-09-04 15:27:00,2020,9,4,15,27,59,59039,D643,50.152981,3.291886,Plein jour,Hors agglomération,Hors intersection,Normale,Deux véhicules - frontale,3,2,2,0,1,1,1,0,1,80,2,2,1,0,1,0,44.0,41.0,voiture,utilitaire_camion,1,1,1,1,1
202000032859,2020-08-18 16:40:00,2020,8,18,16,40,56,56128,Kervihan,47.961221,-3.098402,Plein jour,Hors agglomération,Hors intersection,Normale,Sans collision,3,2,2,0,2,1,1,0,3,80,1,1,0,0,1,0,39.0,,deux_roues,,1,1,1,1,7
202000032860,2020-09-03 16:50:00,2020,9,3,16,50,74,74192,Route de Lornay,45.889792,5.920826,Plein jour,Hors agglomération,Hors intersection,Normale,Deux véhicules - frontale,3,2,2,0,3,1,1,0,1,80,2,2,0,0,0,2,61.0,32.0,voiture,voiture,1,1,1,1,1
202000032861,2020-09-03 08:55:00,2020,9,3,8,55,74,74289,route départemantale 14,45.933334,5.874767,Plein jour,Hors agglomération,Hors intersection,Normale,Sans collision,3,2,2,0,3,1,1,0,1,80,1,1,0,1,0,0,75.0,,deux_roues,,1,1,1,1,7
202000032862,2020-09-02 17:00:00,2020,9,2,17,0,74,74011,13 avenue e Chavoires,45.904415,6.159716,Plein jour,En agglomération,Hors intersection,Normale,Deux véhicules - côté,3,2,2,1,1,1,1,0,8,50,2,2,1,0,1,0,27.0,44.0,voiture,deux_roues,1,2,1,1,3
202000032863,2020-08-05 18:50:00,2020,8,5,18,50,76,76126,D928,49.674849,1.343422,Plein jour,Hors agglomération,Hors intersection,Normale,Autre collision,3,2,2,0,1,1,1,0,8,80,1,1,0,0,1,0,62.0,,voiture,,1,1,1,1,6
202000032864,2020-09-04 06:30:00,2020,9,4,6,30,79,79223,La Sauvagère,46.520057,-0.556177,Crépuscule ou aube,Hors agglomération,Hors intersection,Normale,Autre collision,3,2,2,0,1,1,1,0,1,80,1,1,0,0,1,0,50.0,,deux_roues,,2,1,1,1,6
202000032865,2020-09-04 00:24:00,2020,9,4,0,24,82,82102,D3,44.0109,0.862121,Nuit sans éclairage public,Hors agglomération,Hors intersection,Normale,Autre collision,3,2,2,0,3,3,1,0,3,80,1,2,0,0,2,0,35.0,,voiture,,3,1,1,1,6
202000032866,2020-06-19 07:30:00,2020,6,19,7,30,82,82075,Chemin Lateral a la Voie Ferree,43.828896,1.300523,Plein jour,En agglomération,Intersection en T,Normale,Autre collision,3,2,-1,-1,1,1,1,0,1,-1,1,2,1,1,0,0,39.0,,utilitaire_camion,,1,2,3,1,6
202000032867,2020-09-03 16:20:00,2020,9,3,16,20,65,65479,Carrera de Marca Devath,43.139503,0.062632,Plein jour,En agglomération,Intersection en T,Normale,Sans collision,3,2,2,0,2,1,1,0,1,50,1,1,0,0,1,0,69.0,,deux_roues,,1,2,3,1,7
202000032868,2020-09-04 17:30:00,2020,9,4,17,30,81,81183,Cantegrel - RD 81,43.8245447,2.3562762,Plein jour,Hors agglomération,Hors intersection,Normale,Deux véhicules - côté,3,2,2,0,1,1,1,0,1,80,2,2,1,0,1,0,43.0,70.0,deux_roues,voiture,1,1,1,1,3
202000032869,2020-09-03 07:30:00,2020,9,3,7,30,11,11206,12 Chemin du Pont,43.043712,2.23656,Plein jour,Hors agglomération,Intersection en Y,Normale,Deux véhicules - frontale,3,2,2,0,1,3,1,0,1,80,2,2,1,0,1,0,36.0,65.0,deux_roues,voiture,1,1,4,1,1
202000032870,2020-09-04 15:00:00,2020,9,4,15,0,71,71319,D156,46.6913201,5.1217261,Plein jour,Hors agglomération,Hors intersection,Normale,Autre collision,3,2,2,0,1,2,1,0,8,80,1,1,0,1,0,0,65.0,,deux_roues,,1,1,1,1,6
202000032871,2020-09-03 22:30:00,2020,9,3,22,30,61,61474,Lieu Dit les Petits Fosses,48.761883,0.19138,Nuit sans éclairage public,Hors agglomération,Hors intersection,Normale,Autre collision,4,2,2,0,1,3,1,0,3,80,1,1,0,1,0,0,26.0,,voiture,,3,1,1,1,6
202000032872,2020-08-04 20:30:00,2020,8,4,20,30,49,49026,Route d'Asnieres,47.514288,-0.791552,Plein jour,Hors agglomération,Hors intersection,Normale,Autre collision,4,2,2,0,1,1,1,0,3,80,1,1,0,0,1,0,66.0,,voiture,,1,1,1,1,6
202000032873,2020-09-03 16:55:00,2020,9,3,16,55,44,44069,15 Leniphen,47.288876,-2.438149,Plein jour,Hors agglomération,Hors intersection,Normale,Autre collision,3,2,2,0,1,3,1,0,4,70,1,1,0,0,1,0,47.0,,deux_roues,,1,1,1,1,6
202000032874,2020-09-03 08:10:00,2020,9,3,8,10,35,35204,Le Grand Corcé,48.046185,-1.57392,Crépuscule ou aube,Hors agglomération,Hors intersection,Normale,Autre collision,3,2,2,0,2,1,1,0,1,80,1,1,0,0,0,1,28.0,,deux_roues,,2,1,1,1,6
202000032875,2020-09-03 07:25:00,2020,9,3,7,25,29,29056,Lieu-dit le Bourg,48.419404,-4.334407,Crépuscule ou aube,Hors agglomération,Hors intersection,Normale,Sans collision,3,2,2,0,1,3,1,0,1,70,1,1,0,0,1,0,43.0,,deux_roues,,2,1,1,1,7
202000032876,2020-08-04 18:45:00,2020,8,4,18,45,03,03073,,46.4911121,3.315322,Plein jour,En agglomération,Hors intersection,Normale,Deux véhicules - arrière,3,2,2,0,2,1,1,0,1,80,2,4,3,0,0,1,35.0,55.0,voiture,voiture,1,2,1,1,2
202000032877,2020-08-20 20:00:00,2020,8,20,20,0,03,03120,,46.6321315,3.651341,Nuit sans éclairage public,Hors agglomération,Hors intersection,Normale,Deux véhicules - frontale,3,2,2,0,3,1,1,0,1,80,2,2,1,0,0,1,28.0,66.0,voiture,utilitaire_camion,3,1,1,1,1
202000032878,2020-09-03 10:10:00,2020,9,3,10,10,01,01036,D8,45.908771,5.65694,Plein jour,Hors agglomération,Hors intersection,Normale,Deux véhicules - frontale,3,2,2,0,2,3,8,0,1,70,2,2,1,0,1,0,25.0,72.0,voiture,deux_roues,1,1,1,1,1
202000032879,2020-09-04 14:30:00,2020,9,4,14,30,26,26248,Route de Die,44.762462,5.270728,Plein jour,Hors agglomération,Hors intersection,Normale,Deux véhicules - frontale,3,2,2,0,1,3,1,0,1,80,2,2,1,0,0,1,44.0,27.0,utilitaire_camion,utilitaire_camion,1,1,1,1,1