accident_id,datetime,annee,mois,jour,heure,minute,departement,commune_insee,adresse,latitude,longitude,luminosite,agglomeration,intersection,meteo,collision,catr,circ,nbv,vosp,prof,plan,surf,infra,situ,vma,nb_vehicules,nb_usagers,nb_indemnes,nb_tues,nb_blesses_hosp,nb_blesses_legers,age_cond_1,age_cond_2,veh_type_cond_1,veh_type_cond_2,lum_code,agg_code,int_code,atm_code,col_code
202000032880,2020-09-02 13:30:00,2020,9,2,13,30,58,58164,Les Broussailles,47.223915,3.003522,Plein jour,Hors agglomération,Hors intersection,Normale,Sans collision,3,2,2,0,1,1,1,0,1,80,1,1,0,0,0,1,48.0,,deux_roues,,1,1,1,1,7
202000032881,2020-09-04 16:45:00,2020,9,4,16,45,06,06079,Boulevard des Ecureuils,43.546005,6.93932,Plein jour,En agglomération,Intersection en T,Normale,Autre collision,3,2,3,0,2,1,1,0,1,50,1,2,1,1,0,0,88.0,,voiture,,1,2,3,1,6
202000032882,2020-09-03 11:45:00,2020,9,3,11,45,14,14504,D510,49.207892,0.339366,Plein jour,Hors agglomération,Intersection en X,Normale,Deux véhicules - côté,3,2,2,0,1,1,1,5,1,80,2,4,1,0,2,1,73.0,78.0,voiture,voiture,1,1,2,1,3
202000032883,2020-09-04 11:30:00,2020,9,4,11,30,50,50513,70 Rue de la Liberte,48.987195,-1.269822,Plein jour,Hors agglomération,Intersection en X,Normale,Deux véhicules - côté,3,2,2,0,1,1,1,0,1,80,2,2,1,0,1,0,48.0,40.0,deux_roues,voiture,1,1,2,1,3
202000032884,2020-09-04 14:30:00,2020,9,4,14,30,60,60063,Chemin des Vaches,49.359198,2.061304,Plein jour,Hors agglomération,Autre intersection,Normale,Sans collision,9,1,1,0,1,1,1,0,8,50,1,1,0,0,0,1,59.0,,deux_roues,,1,1,9,1,7
202000032885,2020-09-04 16:40:00,2020,9,4,16,40,45,45098,D18-PR4+250,47.825243,1.748199,Plein jour,Hors agglomération,Hors intersection,Normale,Autre collision,3,2,2,0,1,2,1,0,8,70,1,1,0,0,0,1,23.0,,deux_roues,,1,1,1,1,6
202000032886,2020-09-04 14:14:00,2020,9,4,14,14,10,10072,D960,48.36382,4.677633,Plein jour,Hors agglomération,Hors intersection,Normale,Autre collision,3,2,2,0,1,1,1,0,3,80,1,1,0,0,1,0,37.0,,voiture,,1,1,1,1,6
202000032887,2020-09-04 06:30:00,2020,9,4,6,30,07,07076,D86,44.634482,4.745777,Nuit sans éclairage public,Hors agglomération,Autre intersection,Normale,Deux véhicules - côté,3,3,2,0,1,1,1,5,1,80,2,2,1,0,0,1,51.0,40.0,deux_roues,voiture,3,1,9,1,3
202000032888,2020-09-03 18:30:00,2020,9,3,18,30,07,07260,route de mazibet,44.6939,4.70335,Plein jour,Hors agglomération,Hors intersection,Normale,Autre collision,4,2,2,0,2,3,1,0,3,80,1,2,0,0,1,1,56.0,,voiture,,1,1,1,1,6
202000032889,2020-09-04 10:50:00,2020,9,4,10,50,40,40328,2 Avenue de la Foret,43.786184,-1.39432,Plein jour,En agglomération,Intersection en T,Normale,Trois véhicules et plus - collisions multiples,4,2,2,0,1,1,1,0,1,50,3,3,1,0,1,1,38.0,54.0,utilitaire_camion,deux_roues,1,2,3,1,5
202000032890,2020-09-03 11:20:00,2020,9,3,11,20,17,17091,Départementale 9,46.291265,-1.084085,Plein jour,Hors agglomération,Hors intersection,Normale,Deux véhicules - arrière,3,2,2,0,1,1,1,0,1,80,2,5,1,0,2,2,56.0,64.0,voiture,deux_roues,1,1,1,1,2
202000032891,2020-09-04 12:40:00,2020,9,4,12,40,06,06152,695 Route des Dolines,43.622049,7.039432,Plein jour,En agglomération,Hors intersection,Normale,Autre collision,3,1,2,0,1,2,1,0,1,50,1,2,1,0,0,1,52.0,,deux_roues,,1,2,1,1,6
202000032892,2020-09-03 23:50:00,2020,9,3,23,50,06,06018,Chemin Neuf,43.62812,7.093171,Nuit avec éclairage allumé,En agglomération,Hors intersection,Normale,Deux véhicules - frontale,3,2,2,0,2,3,1,0,1,50,2,2,1,0,0,1,36.0,36.0,voiture,deux_roues,5,2,1,1,1
202000032893,2020-09-04 05:55:00,2020,9,4,5,55,39,39285,,47.166251,5.643922,Nuit sans éclairage public,Hors agglomération,Hors intersection,Normale,Sans collision,1,3,4,-1,2,2,1,0,1,130,1,4,0,0,1,3,22.0,,voiture,,3,1,1,1,7
202000032894,2020-09-03 22:20:00,2020,9,3,22,20,63,63195,A89,45.848196,3.369504,Nuit sans éclairage public,Hors agglomération,Hors intersection,Normale,Autre collision,1,3,4,0,1,1,1,0,2,-1,1,1,0,0,1,0,34.0,,voiture,,3,1,1,1,6
202000032895,2020-08-05 10:20:00,2020,8,5,10,20,38,38485,Avenue de la République,45.17597,5.69696,Plein jour,En agglomération,Hors intersection,Normale,Autre collision,3,-1,1,0,1,1,1,9,8,30,1,2,1,0,0,1,87.0,,voiture,,1,2,1,1,6
202000032896,2020-09-04 14:30:00,2020,9,4,14,30,988,98817,RUE DES FLAMBOYANTS/RP1,-22.224679,166.513563,Plein jour,En agglomération,Intersection en T,Normale,Deux véhicules - côté,3,2,2,-1,1,1,1,5,1,50,2,2,1,0,1,0,56.0,27.0,deux_roues,voiture,1,2,3,1,3
202000032897,2020-09-04 15:20:00,2020,9,4,15,20,974,97424,N5,-21.151315,55.477384,Plein jour,Hors agglomération,Hors intersection,Normale,Autre collision,2,2,3,0,2,2,1,0,1,80,1,1,0,1,0,0,26.0,,deux_roues,,1,1,1,1,6
202000032898,2020-09-03 08:15:00,2020,9,3,8,15,977,97701,Fond Grande,17.904558,-62.824727,Plein jour,En agglomération,Intersection en T,Normale,Deux véhicules - côté,2,2,2,0,1,1,1,0,1,50,2,2,1,0,1,0,27.0,29.0,voiture,deux_roues,1,2,3,1,3
202000032899,2020-09-03 11:16:00,2020,9,3,11,16,33,33214,D6e1,45.02505,-1.17517,Plein jour,Hors agglomération,Hors intersection,Normale,Deux véhicules - côté,3,2,2,0,1,2,1,0,1,80,2,1,0,0,1,0,31.0,,deux_roues,,1,1,1,1,3
202000032900,2020-09-04 13:25:00,2020,9,4,13,25,77,77196,route nationale 3,48.9496536,2.7574994,Plein jour,Hors agglomération,Hors intersection,Normale,Deux véhicules - arrière,2,2,2,0,1,1,1,0,1,90,2,2,1,0,0,1,47.0,25.0,utilitaire_camion,voiture,1,1,1,1,2
202000032901,2020-09-03 11:34:00,2020,9,3,11,34,77,77451,D21,48.931164,3.077025,Plein jour,Hors agglomération,Hors intersection,Normale,Deux véhicules - frontale,3,2,2,0,2,1,1,0,3,80,2,2,1,1,0,0,30.0,45.0,voiture,utilitaire_camion,1,1,1,1,1
202000032902,2020-09-04 18:30:00,2020,9,4,18,30,34,34165,D2,43.513234,3.677802,Crépuscule ou aube,Hors agglomération,Intersection en X,Temps éblouissant,Deux véhicules - côté,3,2,2,0,1,1,1,5,1,80,2,3,1,0,0,2,24.0,43.0,voiture,voiture,2,1,2,7,3
202000032903,2020-08-16 23:45:00,2020,8,16,23,45,83,83107,Dn7,43.467533,6.608346,Nuit sans éclairage public,Hors agglomération,Hors intersection,Normale,Deux véhicules - côté,3,2,2,0,1,3,1,0,1,80,2,3,2,0,1,0,31.0,40.0,deux_roues,voiture,3,1,1,1,3
202000032904,2020-09-03 16:30:00,2020,9,3,16,30,04,04019,Digue des Colporteurs / Rue Dr Pierre Groves,44.384414,6.651476,Plein jour,En agglomération,Intersection en T,Normale,Deux véhicules - côté,4,2,2,0,1,1,1,0,1,50,2,3,2,0,1,0,32.0,77.0,voiture,deux_roues,1,2,3,1,3
202000032905,2020-09-04 15:30:00,2020,9,4,15,30,25,25057,MAQUIS de MONTEVILLERS,47.531317,6.787614,Plein jour,En agglomération,Hors intersection,Normale,Autre collision,4,2,2,0,2,1,1,0,1,50,1,1,0,0,1,0,,,,,1,2,1,1,6
202000032906,2020-09-03 14:30:00,2020,9,3,14,30,55,55532,DEPARTEMENTALE 02,48.929224,5.117505,Plein jour,Hors agglomération,Hors intersection,Normale,Deux véhicules - frontale,3,2,2,0,1,1,1,0,1,80,2,3,1,0,2,0,70.0,66.0,voiture,voiture,1,1,1,1,1
202000032907,2020-09-04 10:00:00,2020,9,4,10,0,57,57550,2 Rue de Ham,49.156997,6.653134,Plein jour,En agglomération,Intersection en X,Normale,Autre collision,3,2,2,0,1,1,1,0,1,50,1,2,1,0,1,0,32.0,,voiture,,1,2,2,1,6
202000032908,2020-09-04 13:10:00,2020,9,4,13,10,73,73047,D902 Col de l'Iseran,45.392604,7.04524,Plein jour,Hors agglomération,Hors intersection,Normale,Autre collision,3,2,2,0,2,4,1,0,8,80,1,1,0,0,1,0,39.0,,deux_roues,,1,1,1,1,6
202000032909,2020-09-04 06:40:00,2020,9,4,6,40,42,42065,Route de Roanne,45.770951,4.215606,Plein jour,Hors agglomération,Intersection en T,Normale,Deux véhicules - côté,3,2,2,0,1,1,1,5,1,70,2,2,1,0,1,0,34.0,59.0,voiture,utilitaire_camion,1,1,3,1,3
202000032910,2020-09-04 18:35:00,2020,9,4,18,35,38,38415,Route de Jallieu,45.641408,5.237346,Plein jour,Hors agglomération,Intersection en X,Normale,Deux véhicules - côté,3,2,2,0,1,3,1,0,1,70,2,2,1,0,1,0,67.0,46.0,deux_roues,voiture,1,1,2,1,3
202000032911,2020-10-30 14:30:00,2020,10,30,14,30,92,92044,ED.VAILLANT(RUE)133+ ET 110+,48.90065,2.28528,Plein jour,En agglomération,Hors intersection,Normale,Deux véhicules - côté,4,1,2,0,1,1,1,0,8,50,2,2,1,0,1,0,54.0,37.0,utilitaire_camion,deux_roues,1,2,1,1,3
202000032912,2020-10-23 22:00:00,2020,10,23,22,0,92,92024,HENRI BARBUSSE (RUE) DE (68 A 102),48.9028419,2.3122467,Nuit avec éclairage allumé,En agglomération,Intersection en T,Autre,Deux véhicules - côté,3,2,2,0,1,1,1,0,1,50,2,2,1,0,0,1,37.0,20.0,deux_roues,voiture,5,2,3,9,3
202000032913,2020-10-30 13:15:00,2020,10,30,13,15,92,92002,ARMAND GUILLEBAUD (AVENUE),48.74797,2.30929,Plein jour,En agglomération,Hors intersection,Normale,Deux véhicules - arrière,3,2,3,0,3,1,1,0,1,50,2,2,1,0,0,1,52.0,30.0,voiture,deux_roues,1,2,1,1,2
202000032914,2020-10-30 18:40:00,2020,10,30,18,40,24,24297,Avenue d'Aquitaine,45.010867,0.036459,Nuit avec éclairage allumé,Hors agglomération,Intersection en T,Normale,Deux véhicules - frontale,3,2,2,0,1,1,1,0,1,-1,2,3,0,0,2,1,54.0,34.0,voiture,voiture,5,1,3,1,1
202000032915,2020-10-30 08:15:00,2020,10,30,8,15,06,06161,Route du Bord de Mer,43.640493,7.140706,Plein jour,En agglomération,Hors intersection,Normale,Autre collision,3,1,4,0,1,1,1,0,1,50,1,1,0,0,1,0,68.0,,voiture,,1,2,1,1,6
202000032916,2020-10-31 14:50:00,2020,10,31,14,50,974,97422,103 Chemin Isautier,-21.262966,55.518953,Plein jour,En agglomération,Hors intersection,Normale,Deux véhicules - frontale,4,2,2,0,2,3,1,0,1,50,2,2,1,1,0,0,61.0,45.0,voiture,deux_roues,1,2,1,1,1
202000032917,2020-10-30 10:00:00,2020,10,30,10,0,38,38127,Plan Fort,44.8191276,5.6775755,Nuit sans éclairage public,Hors agglomération,Hors intersection,Normale,Sans collision,3,2,2,0,1,2,1,0,8,80,1,1,0,1,0,0,77.0,,voiture,,3,1,1,1,7
202000032918,2020-10-31 08:10:00,2020,10,31,8,10,77,77182,D71,48.756663,3.316036,Plein jour,Hors agglomération,Hors intersection,Temps éblouissant,Deux véhicules - frontale,3,2,2,0,1,3,1,0,1,80,2,2,1,0,1,0,46.0,88.0,utilitaire_camion,utilitaire_camion,1,1,1,7,1
202000032919,2020-10-30 17:50:00,2020,10,30,17,50,41,41149,1 Rue Pasteur,47.757187,0.871281,Crépuscule ou aube,En agglomération,Intersection en T,Normale,Deux véhicules - côté,4,2,2,0,1,1,1,0,1,50,2,2,1,1,0,0,87.0,17.0,deux_roues,deux_roues,2,2,3,1,3
202000032920,2020-10-30 15:25:00,2020,10,30,15,25,57,57334,D45,48.685209,7.189613,Plein jour,Hors agglomération,Hors intersection,Normale,Deux véhicules - frontale,3,2,2,0,1,4,1,0,1,80,2,2,0,0,1,1,48.0,86.0,voiture,voiture,1,1,1,1,1
202000032921,2020-10-31 15:00:00,2020,10,31,15,0,56,56075,La Noe Rideau,47.876563,-2.121938,Plein jour,Hors agglomération,Hors intersection,Pluie légère,Autre collision,3,2,2,0,1,1,2,0,3,80,1,1,0,1,0,0,49.0,,utilitaire_camion,,1,1,1,2,6
202000032922,2020-10-30 18:55:00,2020,10,30,18,55,49,49068,Le Petit Verger,47.412377,-0.854871,Nuit sans éclairage public,Hors agglomération,Intersection en X,Normale,Trois véhicules et plus - collisions multiples,3,2,2,0,2,2,1,0,1,90,3,3,2,0,1,0,16.0,28.0,deux_roues,voiture,3,1,2,1,5
202000032923,2020-10-31 10:20:00,2020,10,31,10,20,42,42156,D38,45.902119,4.204738,Plein jour,Hors agglomération,Hors intersection,Normale,Autre collision,3,2,2,0,1,2,1,0,3,80,1,1,0,0,1,0,23.0,,voiture,,1,1,1,1,6
202000032924,2020-10-30 14:35:00,2020,10,30,14,35,46,46280,332 Rue du Village,44.538351,1.293495,Plein jour,En agglomération,Hors intersection,Normale,Autre collision,4,2,2,0,2,1,1,0,3,30,1,1,0,0,1,0,,,,,1,2,1,1,6
202000032925,2020-10-31 21:00:00,2020,10,31,21,0,47,47106,D710,44.51086,0.948901,Nuit sans éclairage public,Hors agglomération,Hors intersection,Normale,Deux véhicules - arrière,3,-1,2,0,1,1,1,0,1,-1,2,2,1,0,1,0,25.0,16.0,voiture,deux_roues,3,1,1,1,2
202000032926,2020-10-31 03:00:00,2020,10,31,3,0,35,35116,1 Rue de Saint-guinoux,48.590299,-1.858469,Nuit avec éclairage non allumé,En agglomération,Intersection en X,Normale,Autre collision,3,2,2,0,1,2,1,0,3,30,1,2,0,0,2,0,23.0,,voiture,,4,2,2,1,6
202000032927,2020-10-30 06:51:00,2020,10,30,6,51,38,38511,D1090,45.349024,5.946152,Crépuscule ou aube,Hors agglomération,Hors intersection,Normale,Autre collision,3,2,2,1,1,1,1,0,3,70,1,1,0,0,1,0,36.0,,voiture,,2,1,1,1,6
202000032928,2020-10-31 16:00:00,2020,10,31,16,0,70,70311,24 Rue Aristide Briand,47.813943,6.385176,Plein jour,En agglomération,Hors intersection,Normale,Autre collision,4,2,2,0,1,3,1,0,1,50,1,3,1,1,1,0,43.0,,voiture,,1,2,1,1,6
202000032929,2020-10-29 08:20:00,2020,10,29,8,20,06,06089,Route de Chateauneuf,43.669556,6.98429,Plein jour,Hors agglomération,Hors intersection,Normale,,3,2,2,0,2,1,1,0,1,70,3,4,3,0,1,0,62.0,32.0,voiture,voiture,1,1,1,1,-1
202000032930,2020-10-31 12:20:00,2020,10,31,12,20,83,83056,Ancien Chemin Figanières Callas,43.550269,6.511948,Plein jour,Hors agglomération,Hors intersection,Normale,Deux véhicules - frontale,4,2,2,0,2,3,1,0,1,50,2,3,2,0,1,0,47.0,56.0,deux_roues,voiture,1,1,1,1,1
202000032931,2020-10-30 07:25:00,2020,10,30,7,25,60,60133,D94,49.533883,2.381969,Crépuscule ou aube,Hors agglomération,Hors intersection,Normale,Trois véhicules et plus - collisions multiples,3,2,2,0,1,1,1,0,1,80,3,3,2,0,0,1,47.0,24.0,voiture,utilitaire_camion,2,1,1,1,5
202000032932,2020-10-29 17:52:00,2020,10,29,17,52,21,21599,D27,47.5763377,5.2021485,Nuit avec éclairage allumé,En agglomération,Intersection en T,Pluie légère,Deux véhicules - côté,3,2,2,0,1,1,2,0,1,70,2,2,1,0,1,0,51.0,17.0,voiture,deux_roues,5,2,3,2,3
202000032933,2020-10-31 14:00:00,2020,10,31,14,0,85,85036,5 Le Petit Port la Claye,46.46967,-1.283,Plein jour,En agglomération,Hors intersection,Pluie légère,Autre collision,5,2,2,0,4,3,2,0,8,50,1,2,0,0,2,0,25.0,,voiture,,1,2,1,2,6
202000032934,2020-10-30 21:08:00,2020,10,30,21,8,31,31399,Impasse des Moroncazal,43.365921,1.273234,Nuit sans éclairage public,Hors agglomération,Hors intersection,Normale,Trois véhicules et plus - collisions multiples,1,3,4,0,1,1,1,0,1,130,5,8,2,1,3,2,51.0,53.0,utilitaire_camion,utilitaire_camion,3,1,1,1,5
202000032935,2020-10-29 20:40:00,2020,10,29,20,40,30,30344,D139,43.736263,4.233706,Nuit avec éclairage allumé,Hors agglomération,Intersection en X,Normale,,3,2,2,0,1,1,1,5,1,80,2,2,1,0,0,1,21.0,55.0,voiture,voiture,5,1,2,1,-1
202000032936,2020-10-30 07:15:00,2020,10,30,7,15,30,30036,Route de Langlade,43.774441,4.284545,Crépuscule ou aube,Hors agglomération,Hors intersection,Normale,Deux véhicules - frontale,3,2,2,0,2,2,1,0,1,80,2,2,1,0,1,0,39.0,15.0,voiture,deux_roues,2,1,1,1,1
202000032937,2020-10-29 17:20:00,2020,10,29,17,20,06,06088,"autoroute A8, tunnel de la baume, PK 199.50,chaussée nord",43.733135,7.281339,Nuit sans éclairage public,Hors agglomération,Hors intersection,Normale,Deux véhicules - arrière,1,1,4,0,1,1,1,1,1,90,2,2,1,0,0,1,34.0,40.0,voiture,voiture,3,1,1,1,2
202000032938,2020-10-30 12:40:00,2020,10,30,12,40,987,98726,MAKEMO,-16.531111,-143.80102,Plein jour,Hors agglomération,Autre intersection,Normale,Autre collision,9,3,2,0,1,1,1,0,8,50,1,2,0,1,0,1,31.0,,deux_roues,,1,1,9,1,6
202000032939,2020-10-30 20:30:00,2020,10,30,20,30,987,98748,PK 11+500 Vairo,-17.801663,-149.295804,Nuit sans éclairage public,En agglomération,Hors intersection,Normale,Deux véhicules - frontale,2,2,2,0,1,1,1,0,1,60,2,2,0,1,1,0,18.0,16.0,deux_roues,deux_roues,3,2,1,1,1
202000032940,2020-10-28 19:00:00,2020,10,28,19,0,77,77183,Rue des Pelletiers,48.9492798,3.1306475,Nuit avec éclairage allumé,En agglomération,Intersection en X,Normale,Deux véhicules - côté,3,2,2,0,1,1,1,0,1,50,2,4,2,0,0,2,28.0,18.0,voiture,voiture,5,2,2,1,3
202000032941,2020-10-17 15:10:00,2020,10,17,15,10,91,91105,Route de Saint Chéron,48.579498,2.174163,Plein jour,En agglomération,Intersection en T,Normale,Deux véhicules - côté,3,2,2,0,1,1,1,0,1,50,2,3,2,0,1,0,40.0,28.0,voiture,deux_roues,1,2,3,1,3
202000032942,2020-10-30 15:00:00,2020,10,30,15,0,38,38019,A7,45.412476,4.824843,Plein jour,Hors agglomération,Hors intersection,Normale,,1,1,3,0,1,1,1,0,1,130,4,6,5,0,1,0,35.0,28.0,voiture,voiture,1,1,1,1,-1
202000032943,2020-10-30 12:30:00,2020,10,30,12,30,68,68342,D431,47.813453,7.197094,Plein jour,Hors agglomération,Intersection en Y,Normale,Deux véhicules - côté,3,2,2,0,2,1,1,0,1,90,2,3,2,0,1,0,42.0,89.0,deux_roues,voiture,1,1,4,1,3
202000032944,2020-10-29 08:33:00,2020,10,29,8,33,68,68154,Rue de l'Île Napoléon,47.769835,7.387952,Plein jour,Hors agglomération,Hors intersection,Pluie légère,Deux véhicules - arrière,3,2,2,0,2,1,2,0,1,50,2,2,1,0,1,0,32.0,55.0,deux_roues,voiture,1,1,1,2,2
202000032945,2020-10-30 13:40:00,2020,10,30,13,40,63,63204,Avenue de la motte/peupliers,45.814631,3.183948,Plein jour,En agglomération,Intersection en T,Normale,Deux véhicules - frontale,3,2,2,0,1,1,1,0,1,50,2,3,2,0,1,0,23.0,48.0,utilitaire_camion,deux_roues,1,2,3,1,1
202000032946,2020-10-31 10:30:00,2020,10,31,10,30,38,38529,Avenue d'Uriage,45.11958,5.81119,Plein jour,En agglomération,Hors intersection,Normale,Autre collision,3,2,1,0,1,1,1,0,1,30,1,2,1,0,1,0,61.0,,voiture,,1,2,1,1,6
202000032947,2020-10-03 16:50:00,2020,10,3,16,50,26,26084,Les Fougères Est,45.014441,4.96258,Plein jour,Hors agglomération,Intersection en X,Pluie légère,,4,2,2,0,1,3,2,0,3,80,2,4,1,0,2,1,41.0,37.0,voiture,voiture,1,1,2,2,-1
202000032948,2020-10-29 16:40:00,2020,10,29,16,40,26,26362,147 Chemin de Porte Maure,44.897258,4.920287,Crépuscule ou aube,Hors agglomération,Hors intersection,Normale,Deux véhicules - frontale,4,2,2,0,1,2,1,0,1,80,2,2,1,0,1,0,73.0,71.0,voiture,voiture,2,1,1,1,1
202000032949,2020-10-30 17:25:00,2020,10,30,17,25,33,33243,43 Avenue Georges Clémenceau,44.919877,-0.240282,Plein jour,En agglomération,Hors intersection,Normale,Autre collision,4,2,2,0,1,1,1,9,3,50,1,2,1,1,0,0,42.0,,voiture,,1,2,1,1,6
202000032950,2020-10-31 11:20:00,2020,10,31,11,20,33,33293,3 Route de Sorbède,44.88102,-0.41198,Plein jour,En agglomération,Hors intersection,Normale,Deux véhicules - frontale,4,2,2,0,1,1,1,0,1,30,2,2,1,0,1,0,38.0,38.0,voiture,deux_roues,1,2,1,1,1
202000032951,2020-10-29 16:20:00,2020,10,29,16,20,49,49194,Route départementale 55,47.449807,-0.282104,Plein jour,Hors agglomération,Hors intersection,Normale,Deux véhicules - arrière,3,2,2,0,2,1,1,2,1,70,2,2,1,0,0,1,28.0,23.0,voiture,deux_roues,1,1,1,1,2
202000032952,2020-10-29 19:00:00,2020,10,29,19,0,13,13202,A55-Sens Martigues vers Marseille,43.30895,5.36658,Nuit avec éclairage allumé,Hors agglomération,Hors intersection,Normale,Deux véhicules - arrière,1,1,3,0,2,1,1,0,1,70,2,2,1,0,0,1,53.0,24.0,voiture,voiture,5,1,1,1,2
202000032953,2020-10-27 15:00:00,2020,10,27,15,0,13,13071,A51-Sens Marseille vers Aix en Provence,43.4087545,5.3634951,Plein jour,Hors agglomération,Hors intersection,Normale,Trois véhicules et plus - en chaîne,1,1,3,0,1,1,1,0,1,90,3,4,1,0,0,3,32.0,38.0,utilitaire_camion,voiture,1,1,1,1,4
202000032954,2020-10-29 19:00:00,2020,10,29,19,0,69,69290,A46S   40.883 A 43.680,45.68312,4.96192,Nuit sans éclairage public,Hors agglomération,Hors intersection,Normale,Trois véhicules et plus - en chaîne,1,3,2,0,2,3,1,0,1,90,3,3,2,0,1,0,20.0,30.0,voiture,voiture,3,1,1,1,4
202000032955,2020-10-29 14:20:00,2020,10,29,14,20,69,69277,RN346   36.215 A 38.000,45.7405637,4.9860845,Plein jour,Hors agglomération,Hors intersection,Normale,Deux véhicules - arrière,2,1,2,0,1,1,1,0,1,90,2,3,2,0,0,1,31.0,35.0,voiture,voiture,1,1,1,1,2
202000032956,2020-10-29 19:50:00,2020,10,29,19,50,54,54328,Autoroute A 330,48.61189,6.17709,Nuit sans éclairage public,Hors agglomération,Hors intersection,Normale,Trois véhicules et plus - en chaîne,1,3,3,0,1,1,1,0,1,110,3,3,2,0,0,1,32.0,29.0,voiture,utilitaire_camion,3,1,1,1,4
202000032957,2020-10-23 15:20:00,2020,10,23,15,20,59,59560,AUTOROUTE A1,50.5398595,3.0523163,Plein jour,Hors agglomération,Hors intersection,Normale,Deux véhicules - arrière,1,3,6,0,1,1,1,0,1,110,2,2,1,0,1,0,33.0,70.0,voiture,deux_roues,1,1,1,1,2
202000032958,2020-10-30 18:20:00,2020,10,30,18,20,91,91589,AUTOROUTE A6,48.6793,2.334,Nuit avec éclairage allumé,Hors agglomération,Hors intersection,Normale,Trois véhicules et plus - collisions multiples,1,1,3,0,1,1,1,3,1,110,3,3,2,0,0,1,28.0,66.0,voiture,voiture,5,1,1,1,5
202000032959,2020-10-29 01:30:00,2020,10,29,1,30,78,78640,A86 INT,48.78102,2.17331,Nuit avec éclairage non allumé,Hors agglomération,Hors intersection,Pluie forte,Deux véhicules - arrière,1,3,8,0,1,1,2,0,1,110,2,1,0,0,0,1,45.0,,voiture,,4,1,1,3,2
202000032960,2020-09-24 23:35:00,2020,9,24,23,35,60,60505,AUTOROUTE A1,49.17412,2.60064,Nuit sans éclairage public,Hors agglomération,Hors intersection,Normale,Trois véhicules et plus - en chaîne,1,3,6,0,1,1,2,0,1,130,4,8,7,1,0,0,30.0,33.0,voiture,voiture,3,1,1,1,4
202000032961,2020-10-30 14:10:00,2020,10,30,14,10,77,77169,RN104,48.8214251,2.6152198,Plein jour,Hors agglomération,Hors intersection,Normale,,2,1,2,0,1,3,1,0,1,90,2,2,1,0,0,1,36.0,36.0,voiture,voiture,1,1,1,1,-1
202000032962,2020-06-09 22:15:00,2020,6,9,22,15,92,92078,ASNIERES (QUAI),48.929282,2.33391,Nuit avec éclairage allumé,En agglomération,Hors intersection,Normale,Autre collision,4,1,0,0,1,1,1,9,1,30,1,1,0,0,0,1,30.0,,deux_roues,,5,2,1,1,6
202000032963,2020-06-16 06:00:00,2020,6,16,6,0,92,92078,JEAN MOULIN (AVENUE) (1 AU 81),48.940362,2.328967,Nuit sans éclairage public,En agglomération,Autre intersection,Normale,Autre collision,3,2,6,0,1,1,1,0,1,50,1,1,0,0,0,1,,,,,3,2,9,1,6
202000032964,2020-02-27 10:05:00,2020,2,27,10,5,92,92078,GALLIENI (BD) (1 A 79 ET 22 A 102),48.926431,2.328421,Plein jour,En agglomération,Autre intersection,Pluie légère,Autre collision,3,2,2,0,1,1,1,0,8,30,1,2,1,0,0,1,20.0,,utilitaire_camion,,1,2,9,2,6
202000032965,2020-10-30 09:12:00,2020,10,30,9,12,988,98818,FERNAND FOREST/LUCIEN HERVOUET,-22.2397,166.45179,Plein jour,En agglomération,Intersection en T,Normale,Deux véhicules - arrière,4,2,2,0,1,1,1,0,1,50,2,2,1,0,0,1,23.0,54.0,deux_roues,utilitaire_camion,1,2,3,1,2
202000032966,2020-10-29 06:05:00,2020,10,29,6,5,974,97416,RN2 (2),-21.36135,55.53085,Crépuscule ou aube,Hors agglomération,Hors intersection,Pluie légère,Autre collision,2,3,4,0,1,4,2,0,1,90,1,1,0,0,0,1,40.0,,voiture,,2,1,1,2,6
202000032967,2020-10-30 23:25:00,2020,10,30,23,25,69,69387,YVES FARGES                         (BD),45.73401,4.82617,Nuit avec éclairage allumé,En agglomération,Intersection en X,Normale,Deux véhicules - côté,4,2,4,3,1,1,1,0,1,50,2,2,1,0,0,1,23.0,26.0,voiture,deux_roues,5,2,2,1,3
202000032968,2020-10-29 21:00:00,2020,10,29,21,0,69,69259,URBAIN EST                              ,45.68971,4.90099,Nuit avec éclairage allumé,En agglomération,Intersection en X,Normale,Deux véhicules - côté,4,3,4,0,1,1,1,0,1,70,2,2,0,0,0,2,24.0,36.0,voiture,voiture,5,2,2,1,3
202000032969,2020-10-29 13:45:00,2020,10,29,13,45,69,69387,CAPITAINE ROBERT CLUZAN (DU)        (R ),45.75251,4.84292,Plein jour,En agglomération,Intersection en X,Normale,Deux véhicules - côté,4,1,2,1,1,1,1,0,1,50,2,2,1,0,0,1,54.0,22.0,voiture,voiture,1,2,2,1,3