accident_id,datetime,annee,mois,jour,heure,minute,departement,commune_insee,adresse,latitude,longitude,luminosite,agglomeration,intersection,meteo,collision,catr,circ,nbv,vosp,prof,plan,surf,infra,situ,vma,nb_vehicules,nb_usagers,nb_indemnes,nb_tues,nb_blesses_hosp,nb_blesses_legers,age_cond_1,age_cond_2,veh_type_cond_1,veh_type_cond_2,lum_code,agg_code,int_code,atm_code,col_code
202000032970,2020-10-29 05:50:00,2020,10,29,5,50,69,69387,CHALLEMEL LACOUR                    (R ),45.729369,4.8457866,Nuit avec éclairage allumé,En agglomération,Intersection en X,Normale,Deux véhicules - côté,4,2,2,0,1,1,1,5,1,50,2,2,1,0,0,1,42.0,43.0,deux_roues,utilitaire_camion,5,2,2,1,3
202000032971,2020-10-28 12:53:00,2020,10,28,12,53,972,97213,GEORGES GRATIANT,14.61759,-60.99458,Plein jour,En agglomération,Hors intersection,Normale,Deux véhicules - côté,4,1,1,0,1,1,1,0,1,50,2,2,1,0,0,1,40.0,43.0,voiture,voiture,1,2,1,1,3
202000032972,2020-10-27 17:15:00,2020,10,27,17,15,91,91021,BD JEAN JAURES,48.59048,2.24475,Crépuscule ou aube,En agglomération,Intersection en T,Pluie légère,Deux véhicules - côté,3,2,2,0,1,1,2,0,1,50,2,3,1,0,0,2,38.0,25.0,voiture,voiture,2,2,3,2,3
202000032973,2020-10-24 18:12:00,2020,10,24,18,12,91,91103,AV DE LA COMMUNE DE PARIS,48.58877,2.30115,Crépuscule ou aube,En agglomération,Giratoire,Normale,Deux véhicules - arrière,4,2,2,0,1,1,1,0,1,50,2,2,1,0,0,1,44.0,40.0,voiture,voiture,2,2,6,1,2
202000032974,2020-10-24 17:55:00,2020,10,24,17,55,91,91339,AV ROBERT BENOIST,48.632699,2.264684,Plein jour,Hors agglomération,Hors intersection,Pluie légère,Deux véhicules - arrière,2,3,4,0,1,1,2,0,1,70,2,2,1,0,0,1,42.0,57.0,deux_roues,voiture,1,1,1,2,2
202000032975,2020-10-27 18:00:00,2020,10,27,18,0,91,91377,AV CARNOT,48.72247,2.25723,Nuit sans éclairage public,En agglomération,Hors intersection,Pluie légère,,4,2,2,0,2,1,2,0,1,50,3,2,1,0,0,1,33.0,49.0,voiture,deux_roues,3,2,1,2,-1
202000032976,2020-10-29 12:45:00,2020,10,29,12,45,91,91326,GAMBETTA (QUAI),48.68785,2.38615,Plein jour,En agglomération,Hors intersection,Normale,Autre collision,4,2,2,0,1,1,1,0,1,50,1,2,1,0,0,1,27.0,,voiture,,1,2,1,1,6
202000032977,2020-10-29 08:15:00,2020,10,29,8,15,91,91027,RTE NATIONALE 7,48.72997,2.3679,Plein jour,En agglomération,Hors intersection,Temps couvert,Deux véhicules - arrière,2,1,1,0,1,1,2,3,1,50,2,2,1,0,0,1,60.0,29.0,deux_roues,voiture,1,2,1,8,2
202000032978,2020-10-27 21:40:00,2020,10,27,21,40,91,91521,REMY (RUE ALBERT),48.654685,2.410529,Nuit sans éclairage public,En agglomération,Hors intersection,Pluie forte,Sans collision,2,2,4,0,1,1,2,3,1,50,1,1,0,0,1,0,32.0,,deux_roues,,3,2,1,3,7
202000032979,2020-10-24 13:00:00,2020,10,24,13,0,91,91174,BD JOHN KENNEDY,48.580568,2.476191,Plein jour,En agglomération,Hors intersection,Pluie légère,Deux véhicules - arrière,2,2,2,0,1,1,2,0,1,50,2,2,1,0,0,1,30.0,56.0,deux_roues,voiture,1,2,1,2,2
202000032980,2020-10-28 18:08:00,2020,10,28,18,8,81,81033,BRUGAYRAC ( RUE DE ),44.03273,2.15724,Nuit avec éclairage allumé,En agglomération,Intersection en T,Pluie légère,Autre collision,3,2,2,0,1,1,2,5,1,50,1,2,1,0,0,1,68.0,,voiture,,5,2,3,2,6
202000032981,2020-10-28 19:15:00,2020,10,28,19,15,80,80021,BEAUVILLE NORD (BOULEVARD DE),49.90601,2.31804,Nuit avec éclairage allumé,En agglomération,Hors intersection,Pluie forte,Deux véhicules - côté,3,1,1,0,1,1,2,0,1,50,2,3,2,0,0,1,19.0,48.0,deux_roues,voiture,5,2,1,3,3
202000032982,2020-10-28 20:40:00,2020,10,28,20,40,78,78327,AVENUE DE PARIS,48.99125,1.85658,Nuit avec éclairage allumé,En agglomération,Hors intersection,Normale,Autre collision,3,2,2,0,1,1,1,0,1,50,1,1,0,0,1,0,36.0,,deux_roues,,5,2,1,1,6
202000032983,2020-10-29 20:30:00,2020,10,29,20,30,73,73008,BOUCHER ALFRED SQUARE,45.693832,5.910964,Nuit avec éclairage allumé,En agglomération,Hors intersection,Normale,Deux véhicules - côté,4,2,2,0,1,1,1,0,1,50,2,2,1,0,0,1,26.0,39.0,deux_roues,voiture,5,2,1,1,3
202000032984,2020-10-29 17:00:00,2020,10,29,17,0,72,72003,FONDUS (RTE DES),47.97608,0.15344,Plein jour,En agglomération,Hors intersection,Normale,Autre collision,4,2,2,0,1,1,1,5,4,50,1,1,0,0,0,1,28.0,,voiture,,1,2,1,1,6
202000032985,2020-10-29 07:05:00,2020,10,29,7,5,71,71153,DE GAULLE (PLACE CHARLES),46.8074297,4.4324885,Nuit avec éclairage allumé,En agglomération,Giratoire,Pluie légère,Deux véhicules - côté,3,1,1,0,1,2,2,5,1,50,2,2,1,0,0,1,42.0,24.0,utilitaire_camion,deux_roues,5,2,6,2,3
202000032986,2020-10-29 17:05:00,2020,10,29,17,5,69,69271,ARSONVAL (D')                           ,45.73167,4.9713,Crépuscule ou aube,En agglomération,Intersection en T,Normale,Deux véhicules - côté,4,2,2,0,1,1,1,0,1,50,2,2,1,0,0,1,36.0,60.0,voiture,deux_roues,2,2,3,1,3
202000032987,2020-09-17 16:00:00,2020,9,17,16,0,69,69266,MAISONS NEUVES   (Place des),45.75618,4.87766,Plein jour,En agglomération,Hors intersection,Normale,Autre collision,4,-1,2,0,1,1,1,0,1,50,1,2,1,0,1,0,15.0,,voiture,,1,2,1,1,6
202000032988,2020-10-28 10:15:00,2020,10,28,10,15,67,67482,SOLEURE (RUE DE),48.577,7.75356,Plein jour,En agglomération,Intersection en T,Normale,Deux véhicules - côté,4,2,2,0,1,1,1,0,1,30,2,2,1,0,0,1,26.0,21.0,voiture,deux_roues,1,2,3,1,3
202000032989,2020-10-28 08:09:00,2020,10,28,8,9,67,67482,ARQUEBUSIERS (RUE DES),48.5919708,7.7598091,Plein jour,En agglomération,Intersection en T,Pluie légère,Deux véhicules - côté,4,2,2,1,1,1,2,0,1,50,2,2,1,0,0,1,46.0,70.0,deux_roues,voiture,1,2,3,2,3
202000032990,2020-10-25 19:45:00,2020,10,25,19,45,66,66136,ALBERT MARCELLIN,42.69094,2.89081,Crépuscule ou aube,En agglomération,Hors intersection,Normale,Deux véhicules - frontale,4,-1,2,0,1,1,1,0,1,50,2,3,0,0,0,3,24.0,27.0,voiture,voiture,2,2,1,1,1
202000032991,2020-10-29 21:25:00,2020,10,29,21,25,64,64102,PIECE NOYEE (ROND POINT DE LA),43.49891,-1.48154,Nuit avec éclairage non allumé,En agglomération,Giratoire,Normale,Deux véhicules - côté,4,1,2,0,1,2,1,0,1,50,2,2,1,0,1,0,29.0,68.0,voiture,deux_roues,4,2,6,1,3
202000032992,2020-10-29 09:00:00,2020,10,29,9,0,64,64024,AVIATION (ROUTE DE L'),43.4644,-1.53323,Plein jour,En agglomération,Giratoire,Normale,Deux véhicules - arrière,4,2,2,0,1,2,1,0,1,50,2,2,1,0,0,1,54.0,78.0,deux_roues,utilitaire_camion,1,2,6,1,2
202000032993,2020-10-28 13:50:00,2020,10,28,13,50,64,64102,LOUIS DE FOIX (AVENUE),43.5057,-1.4672,Plein jour,En agglomération,Hors intersection,Temps couvert,Autre collision,3,2,2,0,1,1,1,0,1,50,1,2,1,0,1,0,44.0,,deux_roues,,1,2,1,8,6
202000032994,2020-10-29 08:20:00,2020,10,29,8,20,59,59378,COUTURE RUE DE LA,50.65325,3.11158,Plein jour,En agglomération,Intersection en T,Normale,Autre collision,7,3,4,0,1,1,1,0,1,50,1,2,1,0,0,1,24.0,,voiture,,1,2,3,1,6
202000032995,2020-10-27 14:00:00,2020,10,27,14,0,56,56185,RN 165,47.77087,-3.37829,Plein jour,Hors agglomération,Hors intersection,Normale,Sans collision,2,1,2,0,2,3,2,0,1,70,1,1,0,0,0,1,55.0,,voiture,,1,1,1,1,7
202000032996,2020-10-29 20:45:00,2020,10,29,20,45,54,54395,STRASBOURG (AVENUE DE),48.6842884,6.1885764,Nuit avec éclairage allumé,En agglomération,Intersection en X,Pluie légère,Deux véhicules - côté,4,2,2,0,1,1,2,0,1,50,2,2,1,0,0,1,27.0,29.0,deux_roues,voiture,5,2,2,2,3
202000032997,2020-10-29 18:00:00,2020,10,29,18,0,54,54526,CONCORDE (PONT DE LA),48.69105,6.20546,Crépuscule ou aube,Hors agglomération,Hors intersection,Normale,Deux véhicules - arrière,4,1,1,0,1,1,1,0,1,50,2,2,1,0,0,1,32.0,52.0,deux_roues,voiture,2,1,1,1,2
202000032998,2020-10-19 17:45:00,2020,10,19,17,45,54,54395,LOBAU (BOULEVARD),48.67937,6.19851,Plein jour,En agglomération,Hors intersection,Normale,Deux véhicules - côté,4,3,4,0,1,1,1,0,1,50,2,1,0,0,0,1,53.0,,voiture,,1,2,1,1,3
202000032999,2020-10-29 11:40:00,2020,10,29,11,40,50,50173,MER (Bld de la ),49.66124,-1.6783,Plein jour,Hors agglomération,Hors intersection,Pluie forte,Trois véhicules et plus - en chaîne,3,2,3,0,1,1,2,0,1,50,4,4,3,0,0,1,57.0,55.0,voiture,utilitaire_camion,1,1,1,3,4
202000033000,2020-10-29 09:30:00,2020,10,29,9,30,50,50203,ROUGES TERRES (LES),49.62233,-1.61277,Plein jour,En agglomération,Hors intersection,Pluie légère,Sans collision,2,3,4,3,2,3,2,0,1,50,1,1,0,0,0,1,40.0,,voiture,,1,2,1,2,7
202000033001,2020-10-26 07:45:00,2020,10,26,7,45,50,50173,THIVET ( avenue du ),49.63557,-1.66639,Plein jour,Hors agglomération,Intersection en T,Pluie légère,Deux véhicules - côté,4,2,2,1,3,1,2,5,1,50,2,2,0,0,0,2,32.0,28.0,voiture,voiture,1,1,3,2,3
202000033002,2020-10-27 08:45:00,2020,10,27,8,45,49,49007,CHAMBRE AUX DENIERS RUE ET CHEM,47.4655972,-0.6016262,Plein jour,En agglomération,Hors intersection,Normale,Sans collision,4,-1,2,0,1,1,1,0,1,50,1,1,0,0,0,1,18.0,,deux_roues,,1,2,1,1,7
202000033003,2020-10-27 14:25:00,2020,10,27,14,25,49,49246,A87N,47.43158,-0.50779,Plein jour,En agglomération,Hors intersection,Normale,Deux véhicules - frontale,1,-1,4,0,1,1,2,3,1,90,2,2,1,0,0,1,48.0,72.0,voiture,voiture,1,2,1,1,1
202000033004,2020-10-27 18:10:00,2020,10,27,18,10,49,49007,SAINT AUBIN,47.49454,-0.56307,Plein jour,Hors agglomération,Hors intersection,Normale,Sans collision,4,-1,2,0,1,1,1,0,1,50,1,1,0,0,0,1,22.0,,deux_roues,,1,1,1,1,7
202000033005,2020-10-27 14:25:00,2020,10,27,14,25,49,49007,Boulevard Gaston Ramon,47.48659,-0.53802,Plein jour,En agglomération,Hors intersection,Normale,Autre collision,4,-1,2,0,1,1,1,0,1,50,1,2,1,0,0,1,22.0,,voiture,,1,2,1,1,6
202000033006,2020-10-29 20:25:00,2020,10,29,20,25,45,45232,Avenue de Sologne,47.865943,1.913145,Nuit avec éclairage allumé,Hors agglomération,Hors intersection,Normale,Deux véhicules - côté,4,3,5,0,1,1,1,0,1,90,2,2,1,0,1,0,20.0,30.0,deux_roues,voiture,5,1,1,1,3
202000033007,2020-10-29 16:45:00,2020,10,29,16,45,45,45234,Boulevard Pierre Segelle,47.90421,1.91494,Nuit avec éclairage allumé,En agglomération,Hors intersection,Pluie légère,Deux véhicules - côté,4,1,2,0,1,1,2,0,1,50,2,2,1,0,0,1,87.0,58.0,voiture,voiture,5,2,1,2,3
202000033008,2020-10-28 07:25:00,2020,10,28,7,25,37,37208,DOUMER (BOULEVARD PAUL),47.3687758,0.7292518,Plein jour,En agglomération,Hors intersection,Normale,Autre collision,4,2,2,0,1,1,2,6,1,50,1,1,0,0,1,0,,,,,1,2,1,1,6
202000033009,2020-10-29 20:10:00,2020,10,29,20,10,35,35238,HAUTES-OURMES (BD DES),48.08759,-1.64874,Nuit avec éclairage allumé,En agglomération,Intersection en T,Normale,Deux véhicules - arrière,4,3,2,2,1,1,2,0,1,50,2,2,1,0,1,0,21.0,20.0,voiture,deux_roues,5,2,3,1,2
202000033010,2020-10-29 12:20:00,2020,10,29,12,20,35,35238,167 rue de Lorient,48.105859,-1.732822,Plein jour,En agglomération,Hors intersection,Normale,Deux véhicules - côté,2,3,6,3,1,1,1,0,1,50,2,2,1,0,0,1,34.0,20.0,voiture,deux_roues,1,2,1,1,3
202000033011,2020-08-02 21:35:00,2020,8,2,21,35,34,34116,Rue Clément François Prunelle,43.645369,3.825581,Nuit avec éclairage allumé,En agglomération,Hors intersection,Normale,Autre collision,4,1,1,0,2,1,1,0,1,50,1,1,0,1,0,0,32.0,,deux_roues,,5,2,1,1,6
202000033012,2020-10-29 13:40:00,2020,10,29,13,40,35,35238,RETARDAIS (DE LA),48.10644,-1.72933,Plein jour,En agglomération,Autre intersection,Temps couvert,Deux véhicules - côté,4,1,2,3,1,1,1,0,1,50,2,2,1,0,0,1,40.0,28.0,voiture,voiture,1,2,9,8,3
202000033013,2020-08-03 14:45:00,2020,8,3,14,45,51,51211,A4,49.0766069,4.8125266,Plein jour,Hors agglomération,Hors intersection,Normale,Sans collision,1,3,2,0,1,3,1,0,3,130,1,2,0,0,0,2,23.0,,voiture,,1,1,1,1,7
202000033014,2020-10-29 11:50:00,2020,10,29,11,50,35,35238,MITTERAND (MAIL FRANCOIS),48.10854,-1.69294,Plein jour,En agglomération,Intersection en X,Normale,Deux véhicules - côté,4,2,2,3,1,1,1,0,1,50,2,2,1,0,0,1,56.0,22.0,voiture,deux_roues,1,2,2,1,3
202000033015,2020-07-04 06:55:00,2020,7,4,6,55,77,77168,A6 PK087.900 direction PARIS,48.1654743,2.870837,Crépuscule ou aube,Hors agglomération,Hors intersection,Normale,Autre collision,1,1,2,0,1,1,1,0,3,130,1,1,0,0,1,0,34.0,,voiture,,2,1,1,1,6
202000033016,2020-08-02 11:30:00,2020,8,2,11,30,988,98802,RT 1 PK 93 + 401,-21.845088,165.917845,Plein jour,Hors agglomération,Hors intersection,Normale,Sans collision,2,2,3,0,1,4,1,0,1,110,1,1,0,0,1,0,43.0,,deux_roues,,1,1,1,1,7
202000033017,2020-08-03 13:40:00,2020,8,3,13,40,971,97134,Boulevard des Habissois Souverains,16.060073,-61.765308,Plein jour,En agglomération,Hors intersection,Normale,Autre collision,4,1,1,0,1,1,1,0,1,50,1,2,1,0,1,0,75.0,,voiture,,1,2,1,1,6
202000033018,2020-08-02 14:30:00,2020,8,2,14,30,04,04096,Col de la Bonette,44.337785,6.789894,Plein jour,Hors agglomération,Hors intersection,Normale,Sans collision,4,2,2,0,3,1,1,0,1,50,1,1,0,0,1,0,70.0,,deux_roues,,1,1,1,1,7
202000033019,2020-10-29 08:30:00,2020,10,29,8,30,35,35238,TOUR D'AUVERGNE (BD DE LA),48.1044637,-1.6843732,Plein jour,En agglomération,Intersection en T,Pluie légère,Deux véhicules - côté,4,1,2,1,1,1,2,9,1,50,2,2,1,0,0,1,27.0,55.0,deux_roues,voiture,1,2,3,2,3
202000033020,2020-08-02 17:15:00,2020,8,2,17,15,68,68106,Rte 431,47.88987,7.114264,Plein jour,Hors agglomération,Autre intersection,Normale,Sans collision,3,2,2,0,2,2,9,0,3,70,1,1,0,0,1,0,60.0,,deux_roues,,1,1,9,1,7
202000033021,2020-10-29 15:00:00,2020,10,29,15,0,34,34172,MICHELET (RUE),43.6085476,3.8828677,Plein jour,En agglomération,Hors intersection,Normale,Deux véhicules - frontale,4,2,-1,0,2,1,1,0,1,50,2,2,1,0,0,1,32.0,41.0,voiture,voiture,1,2,1,1,1
202000033022,2020-08-02 10:20:00,2020,8,2,10,20,67,67130,D426,48.423669,7.6402,Plein jour,En agglomération,Giratoire,Normale,Sans collision,3,1,1,0,1,2,8,5,1,-1,1,1,0,0,1,0,74.0,,deux_roues,,1,2,6,1,7
202000033023,2020-10-29 14:32:00,2020,10,29,14,32,34,34172,SAINT MAUR (AVENUE DE),43.6237174,3.8947982,Plein jour,En agglomération,Hors intersection,Normale,Deux véhicules - arrière,4,2,2,0,1,1,1,0,1,50,2,2,1,0,0,1,38.0,15.0,voiture,deux_roues,1,2,1,1,2
202000033024,2020-07-31 15:45:00,2020,7,31,15,45,38,38474,Rue de la Maladière,45.207463,5.680044,Plein jour,En agglomération,Intersection en X,Normale,Deux véhicules - côté,4,2,2,0,1,1,1,5,1,50,2,5,3,0,0,2,38.0,67.0,deux_roues,voiture,1,2,2,1,3
202000033025,2020-10-29 12:30:00,2020,10,29,12,30,34,34172,FRANKLIN (ROND POINT BENJAMIN),43.6188,3.91261,Plein jour,En agglomération,Hors intersection,Normale,Deux véhicules - côté,4,1,2,0,1,1,1,0,1,50,2,2,1,0,0,1,41.0,37.0,deux_roues,voiture,1,2,1,1,3
202000033026,2020-08-02 11:45:00,2020,8,2,11,45,38,38317,20 Rue de Chamrousse,45.132032,5.711002,Plein jour,En agglomération,Intersection en T,Temps éblouissant,Deux véhicules - côté,4,2,2,0,1,3,1,0,1,50,2,2,1,0,1,0,77.0,31.0,deux_roues,voiture,1,2,3,7,3
202000033027,2020-08-02 02:45:00,2020,8,2,2,45,26,26064,Rue des Hirondelles,44.918557,5.056329,Nuit sans éclairage public,Hors agglomération,Hors intersection,Normale,Sans collision,3,2,2,0,1,2,1,0,8,80,1,1,0,0,1,0,25.0,,voiture,,3,1,1,1,7
202000033028,2020-10-29 13:10:00,2020,10,29,13,10,34,34172,PIREE (AVENUE DU),43.60597,3.89669,Plein jour,En agglomération,Hors intersection,Normale,Deux véhicules - frontale,4,2,2,0,1,1,1,0,1,50,2,2,1,0,0,1,32.0,72.0,voiture,voiture,1,2,1,1,1
202000033029,2020-08-01 07:15:00,2020,8,1,7,15,81,81099,Route de Senouillac,43.930004,1.923498,Plein jour,Hors agglomération,Hors intersection,Normale,Autre collision,3,2,2,0,1,1,1,0,3,80,1,1,0,0,0,1,44.0,,voiture,,1,1,1,1,6
202000033030,2020-08-03 09:30:00,2020,8,3,9,30,14,14627,A88,48.887076,-0.220483,Plein jour,Hors agglomération,Hors intersection,Normale,Autre collision,1,3,4,0,1,2,1,2,2,110,1,2,0,0,2,0,22.0,,utilitaire_camion,,1,1,1,1,6
202000033031,2020-10-29 12:50:00,2020,10,29,12,50,33,33281,AVE DU MARECHAL GALLIENI,44.83714,-0.61655,Plein jour,En agglomération,Intersection en T,Normale,Deux véhicules - arrière,4,2,2,0,1,1,1,0,1,30,2,2,1,0,0,1,28.0,54.0,deux_roues,voiture,1,2,3,1,2
202000033032,2020-08-03 14:45:00,2020,8,3,14,45,60,60489,RD136,49.172193,2.82692,Plein jour,Hors agglomération,Hors intersection,Normale,Trois véhicules et plus - en chaîne,3,2,2,0,1,1,1,0,1,80,4,4,1,0,0,3,22.0,31.0,deux_roues,voiture,1,1,1,1,4
202000033033,2020-08-02 20:30:00,2020,8,2,20,30,59,59409,Rue Pierre Bochu,50.303246,3.211945,Plein jour,En agglomération,Intersection en Y,Normale,Autre collision,3,2,2,0,1,3,1,0,3,50,1,1,0,0,0,1,31.0,,voiture,,1,2,4,1,6
202000033034,2020-08-02 16:57:00,2020,8,2,16,57,59,59268,D122,50.630616,2.695919,Plein jour,Hors agglomération,Hors intersection,Normale,Sans collision,3,2,2,0,1,1,1,0,1,70,1,2,0,0,2,0,43.0,,deux_roues,,1,1,1,1,7
202000033035,2020-07-27 07:40:00,2020,7,27,7,40,13,13211,Sens Aubagne vers Marseille,43.288758,5.443838,Plein jour,Hors agglomération,Hors intersection,Normale,Sans collision,1,1,3,0,1,1,1,0,3,90,1,1,0,0,1,0,58.0,,voiture,,1,1,1,1,7
202000033036,2020-08-01 04:59:00,2020,8,1,4,59,13,13055,A507 sens Marseille - Aubagne,43.332704,5.385331,Nuit avec éclairage non allumé,En agglomération,Hors intersection,Normale,Deux véhicules - arrière,1,1,2,0,3,1,1,0,1,50,2,4,0,0,0,4,65.0,,voiture,,4,2,1,1,2
202000033037,2020-07-23 18:30:00,2020,7,23,18,30,13,13055,A507 sens Marseille - Aubagne,43.293,5.4243,Plein jour,Hors agglomération,Hors intersection,Normale,Trois véhicules et plus - en chaîne,1,1,4,0,1,1,1,1,1,70,3,4,2,0,0,2,36.0,62.0,deux_roues,voiture,1,1,1,1,4
202000033038,2020-08-02 06:00:00,2020,8,2,6,0,69,69276,A7   8.630 A 10.992,45.6741503,4.8475778,Crépuscule ou aube,Hors agglomération,Hors intersection,Normale,Sans collision,1,1,3,0,1,1,1,0,1,110,1,2,0,0,0,2,31.0,,voiture,,2,1,1,1,7
202000033039,2020-10-29 18:00:00,2020,10,29,18,0,33,33529,MIQUELOTS (BD DES),44.60959,-1.13552,Plein jour,En agglomération,Intersection en X,Normale,Deux véhicules - côté,4,2,2,0,1,1,1,9,1,50,2,2,1,0,0,1,60.0,48.0,deux_roues,voiture,1,2,2,1,3
202000033040,2020-08-01 23:30:00,2020,8,1,23,30,91,91340,AUTOROUTE A6,48.60582,2.43562,Nuit avec éclairage non allumé,Hors agglomération,Autre intersection,Normale,Trois véhicules et plus - collisions multiples,1,3,7,0,1,1,1,3,1,110,3,2,1,0,0,1,27.0,43.0,voiture,voiture,4,1,9,1,5
202000033041,2020-08-02 09:44:00,2020,8,2,9,44,78,78551,A14,48.912724,2.107265,Plein jour,Hors agglomération,Hors intersection,Normale,Deux véhicules - arrière,1,3,4,0,2,2,1,1,1,90,2,2,1,0,0,1,45.0,,voiture,,1,1,1,1,2
202000033042,2020-10-28 19:15:00,2020,10,28,19,15,31,31555,STRASBOURG (BD DE) DU 2AU 66,43.60707,1.44736,Nuit avec éclairage allumé,En agglomération,Hors intersection,Normale,Autre collision,4,2,1,0,1,1,1,9,1,50,1,3,1,0,0,2,21.0,,deux_roues,,5,2,1,1,6
202000033043,2020-10-29 02:25:00,2020,10,29,2,25,29,29039,N165 - Kerango Bihan,47.93692,-3.91236,Nuit sans éclairage public,Hors agglomération,Hors intersection,Temps couvert,Autre collision,2,2,4,0,1,1,2,0,3,110,1,1,0,0,0,1,21.0,,voiture,,3,1,1,8,6
202000033044,2020-08-02 00:05:00,2020,8,2,0,5,78,78466,A13,48.9345,1.9668,Nuit sans éclairage public,Hors agglomération,Hors intersection,Normale,Trois véhicules et plus - collisions multiples,1,3,6,0,1,1,1,0,1,130,3,9,7,0,2,0,45.0,37.0,voiture,voiture,3,1,1,1,5
202000033045,2020-08-02 02:10:00,2020,8,2,2,10,93,93005,AUTOROUTE A1,48.96227,2.47085,Nuit sans éclairage public,Hors agglomération,Hors intersection,Normale,Deux véhicules - arrière,1,3,12,0,1,1,1,0,1,110,2,2,1,0,0,1,21.0,,voiture,,3,1,1,1,2
202000033046,2020-10-29 11:05:00,2020,10,29,11,5,29,29019,D112 - Pen Ar Ch'Leuz,48.4162748,-4.4791637,Plein jour,Hors agglomération,Hors intersection,Normale,Deux véhicules - arrière,3,3,4,0,1,1,1,0,1,70,2,3,2,0,0,1,35.0,50.0,voiture,voiture,1,1,1,1,2
202000033047,2020-08-02 03:00:00,2020,8,2,3,0,95,95527,AUTOROUTE A1,48.99506,2.51608,Nuit sans éclairage public,Hors agglomération,Hors intersection,Normale,Sans collision,1,3,6,0,1,1,1,0,1,110,1,1,0,0,0,1,21.0,,voiture,,3,1,1,1,7
202000033048,2020-08-02 19:15:00,2020,8,2,19,15,94,94017,A4,48.8268961,2.5128995,Plein jour,Hors agglomération,Hors intersection,Normale,Trois véhicules et plus - en chaîne,1,3,8,0,1,1,1,0,1,90,5,8,6,0,0,2,33.0,27.0,voiture,voiture,1,1,1,1,4
202000033049,2020-10-28 19:20:00,2020,10,28,19,20,29,29019,Rue Mathieu Donnart,48.39976,-4.48613,Nuit avec éclairage allumé,En agglomération,Intersection en X,Normale,Deux véhicules - côté,4,2,0,0,4,1,1,5,1,50,2,2,0,0,0,2,29.0,59.0,voiture,voiture,5,2,2,1,3
202000033050,2020-08-02 17:00:00,2020,8,2,17,0,77,77237,A4,48.830209,2.751796,Plein jour,Hors agglomération,Hors intersection,Normale,,1,-1,4,0,1,3,1,0,1,70,2,2,1,0,0,1,26.0,24.0,voiture,deux_roues,1,1,1,1,-1
202000033051,2020-10-29 11:30:00,2020,10,29,11,30,27,27375,JOFFRE (BOULEVARD DU ML),49.21482,1.16681,Plein jour,En agglomération,Hors intersection,Temps couvert,Autre collision,4,2,2,0,1,1,1,0,1,50,1,2,1,0,0,1,77.0,,voiture,,1,2,1,8,6
202000033052,2020-08-01 21:50:00,2020,8,1,21,50,94,94058,A86.EXT,48.8482589,2.4916133,Nuit avec éclairage allumé,Hors agglomération,Hors intersection,Normale,Trois véhicules et plus - en chaîne,1,1,3,0,1,1,1,1,1,90,3,3,2,0,0,1,28.0,47.0,deux_roues,utilitaire_camion,5,1,1,1,4
202000033053,2020-08-01 18:10:00,2020,8,1,18,10,974,97411,MARIE (RUE SAINTE),-20.8827996,55.4543281,Crépuscule ou aube,En agglomération,Intersection en X,Normale,Deux véhicules - côté,4,1,1,0,2,1,1,0,1,30,2,2,1,0,0,1,61.0,46.0,voiture,deux_roues,2,2,2,1,3
202000033054,2020-08-01 16:15:00,2020,8,1,16,15,2B,2B033,PAOLI DU NR 21 AU 45 -BLD,42.69952,9.44977,Plein jour,En agglomération,Hors intersection,Normale,,4,2,2,0,2,1,1,0,1,30,1,3,2,0,0,1,25.0,,voiture,,1,2,1,1,-1
202000033055,2020-10-29 18:11:00,2020,10,29,18,11,26,26362,L.A.C.R.A  RN 7 (101),44.94082,4.94277,Nuit sans éclairage public,Hors agglomération,Autre intersection,Normale,Trois véhicules et plus - en chaîne,2,1,1,0,1,3,1,3,1,50,3,3,1,0,0,2,33.0,56.0,voiture,voiture,3,1,9,1,4
202000033056,2020-07-31 20:50:00,2020,7,31,20,50,971,97101,DOTHEMARE,16.26488,-61.51124,Nuit sans éclairage public,Hors agglomération,Hors intersection,Pluie légère,Autre collision,2,1,2,0,1,1,2,0,1,50,1,2,0,0,2,0,32.0,,deux_roues,,3,1,1,2,6
202000033057,2020-08-01 21:45:00,2020,8,1,21,45,91,91345,PRESIDENT FRANCOIS MITTERAND,48.697451,2.295164,Crépuscule ou aube,En agglomération,Intersection en X,Normale,Deux véhicules - frontale,3,1,1,0,1,1,1,0,1,50,2,2,1,0,0,1,35.0,27.0,voiture,deux_roues,2,2,2,1,1
202000033058,2020-10-29 10:50:00,2020,10,29,10,50,22,22278,FRANCE (AV. DE),48.51208,-2.74494,Plein jour,En agglomération,Intersection en X,Normale,,4,1,4,0,1,1,1,0,1,50,2,2,1,0,1,0,58.0,62.0,voiture,deux_roues,1,2,2,1,-1
202000033059,2020-08-01 17:20:00,2020,8,1,17,20,91,91174,JOHN KENNEDY (BOULEVARD),48.58452,2.47647,Plein jour,En agglomération,Autre intersection,Normale,Trois véhicules et plus - collisions multiples,2,2,3,0,1,1,1,0,1,50,4,2,1,0,1,0,26.0,39.0,deux_roues,voiture,1,2,9,1,5
202000033060,2020-10-28 10:25:00,2020,10,28,10,25,22,22106,AMBROISE PARE (RUE),48.49945,-2.7305,Plein jour,En agglomération,Giratoire,Normale,Deux véhicules - côté,4,2,2,-1,1,2,1,5,1,-1,2,2,1,0,1,0,54.0,48.0,voiture,deux_roues,1,2,6,1,3
202000033061,2020-08-01 21:55:00,2020,8,1,21,55,82,82121,MOULIN N 20 (AVENUE JEAN),44.02781,1.36837,Nuit avec éclairage allumé,En agglomération,Hors intersection,Normale,Deux véhicules - côté,4,2,3,0,1,1,1,0,1,50,2,2,1,0,0,1,22.0,23.0,voiture,deux_roues,5,2,1,1,3