accident_id,datetime,annee,mois,jour,heure,minute,departement,commune_insee,adresse,latitude,longitude,luminosite,agglomeration,intersection,meteo,collision,catr,circ,nbv,vosp,prof,plan,surf,infra,situ,vma,nb_vehicules,nb_usagers,nb_indemnes,nb_tues,nb_blesses_hosp,nb_blesses_legers,age_cond_1,age_cond_2,veh_type_cond_1,veh_type_cond_2,lum_code,agg_code,int_code,atm_code,col_code
202000033154,2020-10-30 09:20:00,2020,10,30,9,20,974,97415,Rue Kovil,-20.987106,55.291931,Plein jour,En agglomération,Hors intersection,Normale,Autre collision,9,2,2,0,1,1,1,0,1,50,1,2,1,0,1,0,64.0,,voiture,,1,2,1,1,6
202000033155,2020-08-01 02:10:00,2020,8,1,2,10,94,94068,REPUBLIQUE (AV DE LA),48.80153,2.48598,Nuit avec éclairage allumé,En agglomération,Intersection en X,Normale,Deux véhicules - côté,4,1,1,0,1,1,1,0,1,30,2,2,1,0,0,1,30.0,54.0,voiture,voiture,5,2,2,1,3
202000033156,2020-10-29 21:45:00,2020,10,29,21,45,17,17373,Route du Silo,46.138571,-1.009058,Nuit sans éclairage public,En agglomération,Hors intersection,Normale,Deux véhicules - frontale,3,2,2,0,1,1,1,0,1,50,2,2,1,0,1,0,22.0,16.0,voiture,deux_roues,3,2,1,1,1
202000033157,2020-10-29 16:56:00,2020,10,29,16,56,49,49092,Chemillé-en-Anjou,47.207332,-0.717899,Plein jour,En agglomération,Autre intersection,Normale,Deux véhicules - côté,6,4,2,0,1,1,1,0,1,50,2,2,1,0,1,0,15.0,59.0,deux_roues,voiture,1,2,9,1,3
202000033158,2020-07-31 23:00:00,2020,7,31,23,0,94,94076,STALINGRAD (AV DE),48.7846,2.36681,Nuit avec éclairage allumé,En agglomération,Intersection à plus de 4 branches,Normale,Deux véhicules - côté,3,3,1,1,1,1,1,0,1,50,2,3,2,0,0,1,22.0,32.0,voiture,deux_roues,5,2,5,1,3
202000033159,2020-10-29 13:00:00,2020,10,29,13,0,28,28188,A11,48.497931,1.688107,Plein jour,Hors agglomération,Hors intersection,Normale,Autre collision,1,3,5,0,1,1,1,8,1,110,1,2,1,0,1,0,63.0,,voiture,,1,1,1,1,6
202000033160,2020-08-01 01:00:00,2020,8,1,1,0,94,94041,GENERAL LECLERC (AV DU),48.813152,2.380575,Nuit avec éclairage allumé,En agglomération,Intersection en X,Normale,Autre collision,3,2,2,0,2,2,1,0,1,50,1,2,1,0,0,1,48.0,,voiture,,5,2,2,1,6
202000033161,2020-08-01 17:30:00,2020,8,1,17,30,94,94022,DOCTEUR ROUX (R DU),48.771,2.4035,Plein jour,En agglomération,Intersection en X,Normale,Autre collision,4,2,2,0,1,1,1,9,1,30,1,2,1,0,0,1,50.0,,voiture,,1,2,2,1,6
202000033162,2020-10-29 11:50:00,2020,10,29,11,50,51,51585,D3,49.0794618,3.6897136,Plein jour,Hors agglomération,Intersection en T,Pluie légère,Deux véhicules - côté,3,2,2,0,1,2,2,5,1,80,2,2,0,0,1,1,26.0,80.0,voiture,voiture,1,1,3,2,3
202000033163,2020-07-31 23:47:00,2020,7,31,23,47,94,94081,GROUPE MANOUCHIAN (AV DU),48.789369,2.40566,Nuit avec éclairage allumé,En agglomération,Hors intersection,Normale,Sans collision,3,1,1,0,1,1,1,0,1,50,1,2,0,0,2,0,20.0,,deux_roues,,5,2,1,1,7
202000033164,2020-10-28 19:40:00,2020,10,28,19,40,972,97225,D10,14.754735,-61.182775,Nuit sans éclairage public,Hors agglomération,Hors intersection,Normale,,3,2,2,0,1,1,2,2,1,-1,2,3,1,0,0,2,16.0,57.0,deux_roues,voiture,3,1,1,1,-1
202000033165,2020-08-01 09:45:00,2020,8,1,9,45,93,93073,MARRONNIERS (AVENUE DES),48.95478,2.58743,Plein jour,En agglomération,Hors intersection,Normale,Deux véhicules - côté,4,2,1,0,1,1,1,0,1,50,2,2,1,0,0,1,75.0,23.0,voiture,voiture,1,2,1,1,3
202000033166,2020-08-01 07:30:00,2020,8,1,7,30,93,93077,GRANDE RUE,48.88286,2.51397,Plein jour,En agglomération,Hors intersection,Normale,Autre collision,3,2,2,0,1,1,1,0,1,50,1,1,0,0,0,1,22.0,,voiture,,1,2,1,1,6
202000033167,2020-10-30 10:30:00,2020,10,30,10,30,58,58193,Route de la Villeneuve,47.526895,2.879641,Plein jour,Hors agglomération,Hors intersection,Normale,Deux véhicules - côté,4,2,2,0,1,1,1,0,1,70,2,2,1,0,1,0,24.0,83.0,voiture,deux_roues,1,1,1,1,3
202000033168,2020-08-01 05:10:00,2020,8,1,5,10,93,93033,HERMANN REGNIER,48.86358,2.56728,Nuit avec éclairage allumé,En agglomération,Hors intersection,Normale,Autre collision,4,2,2,0,1,1,1,0,4,50,1,2,0,0,0,2,22.0,,voiture,,5,2,1,1,6
202000033169,2020-10-23 03:45:00,2020,10,23,3,45,56,56127,La Vigne,48.096979,-2.26853,Nuit sans éclairage public,Hors agglomération,Hors intersection,Normale,Autre collision,4,2,2,0,1,3,1,0,3,80,1,1,0,0,1,0,29.0,,voiture,,3,1,1,1,6
202000033170,2020-08-01 12:00:00,2020,8,1,12,0,93,93063,BERLIOZ AVENUE,48.8718563,2.4427001,Plein jour,En agglomération,Hors intersection,Normale,Deux véhicules - frontale,4,2,2,0,1,1,1,0,1,50,2,4,2,0,0,2,65.0,41.0,voiture,voiture,1,2,1,1,1
202000033171,2020-10-30 07:30:00,2020,10,30,7,30,56,56185,N165,47.77128,-3.38205,Nuit sans éclairage public,Hors agglomération,Hors intersection,Normale,Deux véhicules - côté,2,3,4,0,4,3,1,3,1,90,2,2,1,1,0,0,20.0,52.0,voiture,deux_roues,3,1,1,1,3
202000033172,2020-10-29 14:20:00,2020,10,29,14,20,56,56164,Rue de Ker Anna,47.655498,-2.868374,Plein jour,En agglomération,Hors intersection,Normale,Autre collision,4,2,2,0,1,1,1,0,1,30,1,2,1,0,0,1,88.0,,voiture,,1,2,1,1,6
202000033173,2020-08-01 06:20:00,2020,8,1,6,20,93,93001,"""LANDY, NR PAIR 20 A 80""",48.9152911,2.3711744,Plein jour,En agglomération,Intersection en X,Normale,Deux véhicules - côté,3,2,2,0,1,1,1,0,1,50,2,3,1,0,0,2,30.0,25.0,deux_roues,utilitaire_camion,1,2,2,1,3
202000033174,2020-10-29 18:30:00,2020,10,29,18,30,32,32466,lieu  dit mournet,43.390298,0.472868,Crépuscule ou aube,Hors agglomération,Hors intersection,Normale,Deux véhicules - frontale,3,2,2,0,1,1,1,0,1,80,2,2,0,0,2,0,71.0,60.0,voiture,voiture,2,1,1,1,1
202000033175,2020-08-01 19:40:00,2020,8,1,19,40,93,93047,R DU GENERAL DE GAULLE / AV DES ABRICOTS,48.89925,2.5626,Plein jour,En agglomération,Intersection en T,Normale,Deux véhicules - côté,4,2,2,0,1,1,1,0,1,50,2,4,2,0,0,2,35.0,33.0,voiture,voiture,1,2,3,1,3
202000033176,2020-10-29 16:40:00,2020,10,29,16,40,32,32210,D121,43.567752,1.132751,Plein jour,Hors agglomération,Hors intersection,Normale,Deux véhicules - frontale,3,2,2,0,2,3,1,0,1,80,2,2,0,0,1,1,68.0,37.0,voiture,utilitaire_camion,1,1,1,1,1
202000033177,2020-10-30 15:00:00,2020,10,30,15,0,55,55065,RD 946,49.205633,5.03832,Plein jour,Hors agglomération,Hors intersection,Temps couvert,Autre collision,3,2,2,0,1,1,1,0,3,80,1,1,0,1,0,0,34.0,,voiture,,1,1,1,8,6
202000033178,2020-08-01 18:28:00,2020,8,1,18,28,93,93008,AV HENRI BARBUSSE / R DE MONTFORT,48.9087,2.4283,Plein jour,En agglomération,Intersection en T,Normale,Deux véhicules - arrière,3,2,4,0,1,1,1,8,1,50,2,4,2,0,0,2,46.0,26.0,voiture,voiture,1,2,3,1,2
202000033179,2020-08-01 13:10:00,2020,8,1,13,10,92,92051,LONGCHAMP (RUE DE),48.8787708,2.2525138,Plein jour,En agglomération,Hors intersection,Normale,Deux véhicules - côté,4,2,2,0,1,1,1,0,1,50,2,3,2,0,0,1,24.0,46.0,transport_commun,voiture,1,2,1,1,3
202000033180,2020-10-29 16:46:00,2020,10,29,16,46,41,41211,D976,47.327196,1.123602,Plein jour,Hors agglomération,Intersection en X,Normale,Deux véhicules - côté,3,2,2,0,1,1,1,5,1,90,2,3,0,0,1,2,79.0,42.0,voiture,voiture,1,1,2,1,3
202000033181,2020-10-29 16:35:00,2020,10,29,16,35,86,86281,D347,46.725683,0.212903,Plein jour,Hors agglomération,Hors intersection,Normale,Autre collision,3,2,2,0,1,1,1,0,3,80,1,1,0,0,1,0,70.0,,voiture,,1,1,1,1,6
202000033182,2020-08-01 15:40:00,2020,8,1,15,40,92,92026,HÔTEL DE VILLE (RUE),48.8950404,2.2567356,Plein jour,En agglomération,Hors intersection,Normale,Trois véhicules et plus - en chaîne,4,2,2,1,2,1,1,0,1,50,3,3,2,0,0,1,27.0,28.0,voiture,voiture,1,2,1,1,4
202000033183,2020-10-30 01:10:00,2020,10,30,1,10,22,22163,9 Lieu Dit Keroullaire,48.233757,-3.467882,Nuit sans éclairage public,Hors agglomération,Hors intersection,Pluie légère,Sans collision,4,2,2,0,1,3,2,0,3,80,1,2,0,0,2,0,28.0,,voiture,,3,1,1,2,7
202000033184,2020-08-02 10:45:00,2020,8,2,10,45,87,87002,Nouaillas,45.932602,1.390178,Plein jour,Hors agglomération,Hors intersection,Normale,Autre collision,3,-1,1,0,4,4,1,0,3,-1,1,1,0,0,1,0,50.0,,deux_roues,,1,1,1,1,6
202000033185,2020-10-29 18:05:00,2020,10,29,18,5,29,29090,4 Route de Parc-Land,48.0913518,-4.2652703,Crépuscule ou aube,Hors agglomération,Intersection en X,Temps couvert,Deux véhicules - côté,4,2,2,0,1,1,1,5,1,80,2,2,1,0,0,1,24.0,39.0,voiture,deux_roues,2,1,2,8,3
202000033186,2020-10-29 18:52:00,2020,10,29,18,52,31,31356,N224,43.687212,1.224042,Nuit sans éclairage public,Hors agglomération,Autre intersection,Normale,Deux véhicules - côté,2,2,2,0,1,1,1,0,1,80,2,2,0,1,0,1,33.0,31.0,deux_roues,utilitaire_camion,3,1,9,1,3
202000033187,2020-07-01 04:10:00,2020,7,1,4,10,25,25381,a36,47.277631,5.980505,Plein jour,Hors agglomération,Hors intersection,Normale,Deux véhicules - arrière,1,1,2,0,1,1,1,0,8,130,2,9,7,0,0,2,54.0,24.0,utilitaire_camion,voiture,1,1,1,1,2
202000033188,2020-10-30 11:05:00,2020,10,30,11,5,15,15260,D341,44.662579,2.449522,Plein jour,Hors agglomération,Hors intersection,Normale,Deux véhicules - frontale,3,2,2,0,2,4,1,0,1,90,2,2,1,0,0,1,45.0,54.0,utilitaire_camion,voiture,1,1,1,1,1
202000033189,2020-07-31 11:55:00,2020,7,31,11,55,64,64300,RD 817,43.409942,-0.608454,Plein jour,Hors agglomération,Hors intersection,Normale,,3,2,2,0,2,1,1,0,1,80,2,4,2,0,1,1,54.0,52.0,utilitaire_camion,voiture,1,1,1,1,-1
202000033190,2020-10-29 17:25:00,2020,10,29,17,25,58,58151,D34,46.87005,3.459706,Crépuscule ou aube,Hors agglomération,Hors intersection,Normale,,3,2,2,0,1,1,2,0,1,80,2,2,1,0,0,1,62.0,17.0,voiture,deux_roues,2,1,1,1,-1
202000033191,2020-10-29 18:05:00,2020,10,29,18,5,54,54003,D12,48.3645468,6.0009384,Nuit sans éclairage public,Hors agglomération,Hors intersection,Pluie légère,Autre collision,3,2,2,0,1,1,2,0,3,80,1,1,0,0,1,0,63.0,,voiture,,3,1,1,2,6
202000033192,2020-08-01 23:20:00,2020,8,1,23,20,58,58044,Le Saulois,47.493251,2.959823,Nuit sans éclairage public,Hors agglomération,Hors intersection,Normale,Sans collision,4,2,2,0,1,3,1,0,3,80,1,1,0,0,1,0,24.0,,voiture,,3,1,1,1,7
202000033193,2020-08-01 18:00:00,2020,8,1,18,0,85,85017,D23,46.907063,-1.11728,Plein jour,Hors agglomération,Hors intersection,Normale,Deux véhicules - côté,3,2,2,0,1,1,1,9,1,80,2,2,1,0,1,0,33.0,,deux_roues,,1,1,1,1,3
202000033194,2020-10-29 15:30:00,2020,10,29,15,30,05,05124,D314,44.58087,6.125779,Plein jour,Hors agglomération,Hors intersection,Normale,Deux véhicules - côté,3,2,2,0,2,3,1,0,1,80,2,3,2,0,1,0,75.0,19.0,voiture,deux_roues,1,1,1,1,3
202000033195,2020-07-31 22:06:00,2020,7,31,22,6,47,47121,Plantey,44.347146,0.107363,Nuit sans éclairage public,Hors agglomération,Hors intersection,Normale,Deux véhicules - frontale,3,2,2,0,1,1,1,9,1,80,2,3,0,0,1,2,44.0,18.0,voiture,voiture,3,1,1,1,1
202000033196,2020-08-02 06:05:00,2020,8,2,6,5,51,51594,N4,48.7423413,4.1149921,Crépuscule ou aube,Hors agglomération,Hors intersection,Normale,Sans collision,2,2,2,0,1,1,1,0,3,80,1,1,0,0,0,1,21.0,,voiture,,2,1,1,1,7
202000033197,2020-10-29 15:18:00,2020,10,29,15,18,60,60636,Avenue du Gros Grelot,49.482851,2.870339,Plein jour,En agglomération,Intersection en T,Pluie légère,Deux véhicules - côté,4,2,2,0,1,2,2,0,1,50,2,6,4,0,0,2,18.0,69.0,voiture,voiture,1,2,3,2,3
202000033198,2020-10-29 15:10:00,2020,10,29,15,10,07,07050,D104a,44.413842,4.148825,Plein jour,Hors agglomération,Autre intersection,Normale,Deux véhicules - côté,3,2,2,0,1,3,1,0,1,70,2,2,1,0,0,1,60.0,79.0,deux_roues,voiture,1,1,9,1,3
202000033199,2020-10-30 01:10:00,2020,10,30,1,10,21,21659,D16,47.462915,4.800081,Nuit sans éclairage public,Hors agglomération,Hors intersection,Pluie légère,Autre collision,3,2,2,0,1,3,2,0,3,80,1,1,0,1,0,0,73.0,,voiture,,3,1,1,2,6
202000033200,2020-10-28 16:00:00,2020,10,28,16,0,24,24156,Les Versannes (Gare),45.089312,0.857052,Plein jour,En agglomération,Hors intersection,Pluie légère,Deux véhicules - frontale,3,2,2,0,1,1,2,0,1,50,2,4,3,0,1,0,61.0,84.0,voiture,voiture,1,2,1,2,1
202000033201,2020-10-28 14:26:00,2020,10,28,14,26,28,28140,Avenue de la Prairie,48.608229,1.679603,Plein jour,En agglomération,Hors intersection,Normale,Deux véhicules - côté,3,2,2,0,1,1,1,0,1,50,2,3,2,0,0,1,92.0,20.0,voiture,deux_roues,1,2,1,1,3
202000033202,2020-10-29 17:50:00,2020,10,29,17,50,68,68113,N83,48.201852,7.398176,Crépuscule ou aube,Hors agglomération,Hors intersection,Normale,Trois véhicules et plus - en chaîne,2,3,4,0,1,1,1,0,1,110,6,9,8,0,0,1,29.0,26.0,voiture,voiture,2,1,1,1,4
202000033203,2020-10-29 06:30:00,2020,10,29,6,30,33,33284,A660,44.624064,-0.85401,Nuit sans éclairage public,Hors agglomération,Hors intersection,Normale,Deux véhicules - côté,1,3,4,-1,2,1,1,0,1,130,2,3,0,0,1,2,77.0,34.0,voiture,voiture,3,1,1,1,3
202000033204,2020-09-28 10:15:00,2020,9,28,10,15,31,31069,Route départementale 902,43.63489,1.3791,Plein jour,Hors agglomération,Hors intersection,Normale,Deux véhicules - côté,3,3,2,0,1,1,2,0,1,90,2,3,1,0,1,1,51.0,21.0,utilitaire_camion,voiture,1,1,1,1,3
202000033205,2020-10-30 09:55:00,2020,10,30,9,55,34,34129,A709,43.573154,3.875496,Plein jour,Hors agglomération,Hors intersection,Normale,Sans collision,1,1,1,0,2,3,1,3,2,50,1,1,0,0,1,0,49.0,,utilitaire_camion,,1,1,1,1,7
202000033206,2020-08-02 02:00:00,2020,8,2,2,0,76,76468,238 Route de la Gare,49.597228,0.480314,Nuit avec éclairage allumé,En agglomération,Hors intersection,Temps éblouissant,Autre collision,3,2,2,0,1,1,1,0,4,50,1,1,0,0,0,1,38.0,,deux_roues,,5,2,1,7,6
202000033207,2020-10-30 17:00:00,2020,10,30,17,0,69,69043,61 Route des Aqueducs,45.7228629,4.7709386,Plein jour,Hors agglomération,Hors intersection,Normale,Deux véhicules - côté,3,2,2,0,2,4,1,5,1,-1,2,2,1,0,0,1,32.0,60.0,voiture,deux_roues,1,1,1,1,3
202000033208,2020-09-29 15:10:00,2020,9,29,15,10,30,30189,GAMBETTA (BD),43.84064,4.36156,Plein jour,En agglomération,Hors intersection,Normale,Autre collision,4,-1,0,1,1,1,1,9,4,6,1,2,0,0,0,2,23.0,,deux_roues,,1,2,1,1,6
202000033209,2020-08-02 14:00:00,2020,8,2,14,0,2B,2B354,T20,42.150299,9.152463,Plein jour,Hors agglomération,Hors intersection,Normale,Autre collision,2,2,2,0,2,3,1,0,1,80,1,1,0,0,1,0,23.0,,deux_roues,,1,1,1,1,6
202000033210,2020-10-29 17:55:00,2020,10,29,17,55,14,14301,A13,49.167423,-0.276804,Crépuscule ou aube,Hors agglomération,Hors intersection,Temps couvert,Trois véhicules et plus - en chaîne,1,3,4,0,1,1,1,0,1,130,6,14,11,2,1,0,27.0,40.0,voiture,voiture,2,1,1,8,4
202000033211,2020-10-29 23:50:00,2020,10,29,23,50,95,95535,D28,49.064032,1.961845,Nuit sans éclairage public,Hors agglomération,Hors intersection,Normale,Autre collision,3,2,3,0,1,1,2,0,3,90,1,1,0,1,0,0,21.0,,voiture,,3,1,1,1,6
202000033212,2020-08-02 15:15:00,2020,8,2,15,15,81,81171,A68 - PR 47+065,43.868771,1.897438,Plein jour,Hors agglomération,Hors intersection,Normale,Autre collision,1,3,4,0,1,1,1,0,1,130,1,1,0,0,1,0,26.0,,voiture,,1,1,1,1,6
202000033213,2020-09-29 14:22:00,2020,9,29,14,22,29,29039,Rond Point de Keramporiel,47.90058,-3.91103,Plein jour,Hors agglomération,Giratoire,Pluie légère,Deux véhicules - côté,3,1,1,0,1,2,2,5,1,50,2,2,1,0,0,1,27.0,67.0,deux_roues,utilitaire_camion,1,1,6,2,3
202000033214,2020-10-16 18:45:00,2020,10,16,18,45,91,91661,30 Domaine des Roches,48.705154,2.248069,Nuit avec éclairage allumé,En agglomération,Hors intersection,Normale,Autre collision,4,2,2,0,1,3,1,0,4,50,1,2,0,0,1,1,26.0,,deux_roues,,5,2,1,1,6
202000033215,2020-06-03 14:30:00,2020,6,3,14,30,67,67519,RM223,48.681437,7.812948,Plein jour,Hors agglomération,Intersection en X,Normale,Deux véhicules - côté,7,4,2,0,1,3,1,0,1,70,2,2,1,0,1,0,59.0,35.0,deux_roues,voiture,1,1,2,1,3
202000033216,2020-10-29 19:55:00,2020,10,29,19,55,78,78683,D191,48.820979,1.875325,Nuit avec éclairage allumé,En agglomération,Intersection en T,Normale,Deux véhicules - côté,3,2,2,0,1,1,1,0,1,70,2,2,0,0,1,1,39.0,17.0,voiture,deux_roues,5,2,3,1,3
202000033217,2020-04-14 08:20:00,2020,4,14,8,20,67,67101,D392,48.523584,7.498227,Plein jour,Hors agglomération,Giratoire,Normale,Deux véhicules - arrière,3,-1,2,0,1,2,1,0,1,50,2,2,1,0,1,0,18.0,37.0,deux_roues,voiture,1,1,6,1,2
202000033218,2020-08-02 12:10:00,2020,8,2,12,10,11,11397,Route des Corbières,43.205577,2.4315,Plein jour,Hors agglomération,Hors intersection,Normale,Autre collision,3,2,2,0,2,1,1,0,3,80,1,2,0,1,1,0,31.0,,voiture,,1,1,1,1,6
202000033219,2020-10-29 19:15:00,2020,10,29,19,15,58,58117,Rue du Pont,47.012398,3.078414,Nuit avec éclairage allumé,En agglomération,Giratoire,Pluie légère,Deux véhicules - côté,3,1,1,0,4,2,2,5,1,50,2,3,1,0,2,0,16.0,34.0,deux_roues,voiture,5,2,6,2,3
202000033220,2020-06-02 11:00:00,2020,6,2,11,0,69,69086,N7 Route de Paris,45.840726,4.654046,Plein jour,Hors agglomération,Giratoire,Normale,Deux véhicules - côté,2,-1,2,0,2,1,1,0,1,90,2,2,1,0,0,1,63.0,44.0,deux_roues,voiture,1,1,6,1,3
202000033221,2020-09-28 18:25:00,2020,9,28,18,25,29,29019,Rue Général Paulet,48.4255548,-4.477384,Plein jour,En agglomération,Intersection en T,Normale,Deux véhicules - côté,4,2,2,0,1,1,1,5,1,50,2,2,1,0,0,1,46.0,31.0,deux_roues,voiture,1,2,3,1,3
202000033222,2020-06-02 08:45:00,2020,6,2,8,45,46,46057,D19,44.672453,2.026141,Plein jour,Hors agglomération,Hors intersection,Normale,Sans collision,3,2,2,0,2,2,1,0,3,80,1,1,0,0,1,0,72.0,,voiture,,1,1,1,1,7
202000033223,2020-09-26 14:42:00,2020,9,26,14,42,29,29019,RP de Cadix - Avenue Victor le Gorgeu,48.398601,-4.4942599,Plein jour,En agglomération,Giratoire,Normale,Deux véhicules - côté,4,3,4,3,2,1,1,0,1,50,2,3,1,0,0,2,69.0,19.0,voiture,voiture,1,2,6,1,3
202000033224,2020-05-29 20:45:00,2020,5,29,20,45,33,33300,RD101 _ Route des Lacs,45.26754,-1.08016,Crépuscule ou aube,Hors agglomération,Hors intersection,Normale,Sans collision,3,2,2,0,1,1,1,0,1,-1,1,2,0,0,0,2,18.0,,deux_roues,,2,1,1,1,7
202000033225,2020-08-01 19:45:00,2020,8,1,19,45,71,71014,Rue des Fusiliers Marins,46.9571252,4.3065917,Crépuscule ou aube,En agglomération,Hors intersection,Normale,Trois véhicules et plus - en chaîne,3,2,2,0,2,1,1,0,1,50,3,4,3,0,0,1,44.0,33.0,voiture,voiture,2,2,1,1,4
202000033226,2020-06-03 07:20:00,2020,6,3,7,20,33,33501,Avenue Charles de Gaulle,44.65019,-0.59617,Plein jour,En agglomération,Intersection en T,Normale,Deux véhicules - frontale,3,2,2,0,2,1,1,0,1,50,2,2,1,0,1,0,31.0,35.0,deux_roues,voiture,1,2,3,1,1
202000033227,2020-08-01 22:15:00,2020,8,1,22,15,55,55398,RN 4 PK 60 + 0500 sens Paris-Nancy zone de travaux,48.683909,5.730212,Nuit sans éclairage public,Hors agglomération,Hors intersection,Normale,Deux véhicules - frontale,2,2,2,0,2,1,1,8,1,80,2,10,8,0,1,1,23.0,58.0,deux_roues,utilitaire_camion,3,1,1,1,1
202000033228,2020-06-03 00:20:00,2020,6,3,0,20,22,22143,D794,48.588637,-2.288997,Nuit sans éclairage public,Hors agglomération,Hors intersection,Normale,Sans collision,3,2,2,0,1,1,1,0,3,80,1,1,0,0,1,0,61.0,,voiture,,3,1,1,1,7
202000033229,2020-08-01 23:15:00,2020,8,1,23,15,46,46029,33 Rue des Ecoles,44.926131,1.850756,Nuit avec éclairage allumé,En agglomération,Hors intersection,Normale,Sans collision,4,2,2,0,1,1,1,0,1,50,1,2,0,0,2,0,48.0,,deux_roues,,5,2,1,1,7
202000033230,2020-06-03 09:15:00,2020,6,3,9,15,27,27188,20 Rue du Vauchel,49.3048057,1.0895294,Plein jour,En agglomération,Hors intersection,Normale,Sans collision,4,2,2,0,1,3,1,0,4,30,1,2,0,0,1,1,23.0,,deux_roues,,1,2,1,1,7
202000033231,2020-07-31 21:50:00,2020,7,31,21,50,86,86145,Lieu dit L'Ansart,46.463728,0.193531,Crépuscule ou aube,Hors agglomération,Hors intersection,Normale,Deux véhicules - frontale,3,2,2,0,1,1,1,0,1,80,2,2,1,1,0,0,23.0,31.0,voiture,deux_roues,2,1,1,1,1
202000033232,2020-09-28 18:27:00,2020,9,28,18,27,23,23096,STALINGRAD (RUE DE),46.17485,1.8736,Plein jour,En agglomération,Hors intersection,Normale,Autre collision,4,2,3,0,1,1,1,0,1,50,1,1,0,0,1,0,,,,,1,2,1,1,6
202000033233,2020-08-01 20:58:00,2020,8,1,20,58,68,68374,Rue Principale,48.059955,7.233274,Nuit avec éclairage allumé,En agglomération,Hors intersection,Vent fort / tempête,Sans collision,3,2,2,0,1,1,4,0,1,50,1,1,0,0,0,1,16.0,,deux_roues,,5,2,1,6,7
202000033234,2020-08-02 16:45:00,2020,8,2,16,45,22,22100,21 Le Montrel,48.274482,-2.653638,Plein jour,Hors agglomération,Hors intersection,Normale,Sans collision,3,2,2,0,2,2,1,0,3,80,1,1,0,0,1,0,47.0,,voiture,,1,1,1,1,7
202000033235,2020-05-26 16:25:00,2020,5,26,16,25,57,57323,Route de Thionville,49.397534,6.162837,Plein jour,En agglomération,Intersection à plus de 4 branches,Normale,Deux véhicules - côté,3,2,2,0,1,1,1,5,1,50,2,2,1,0,0,1,34.0,59.0,voiture,deux_roues,1,2,5,1,3
202000033236,2020-08-02 16:30:00,2020,8,2,16,30,39,39397,,46.523429,5.616364,Plein jour,En agglomération,Intersection en T,Temps couvert,Deux véhicules - côté,3,2,2,0,2,3,1,0,1,50,2,2,1,0,1,0,59.0,36.0,deux_roues,voiture,1,2,3,8,3
202000033237,2020-09-29 21:15:00,2020,9,29,21,15,13,13213,JEAN PAUL SARTRE (AVENUE),43.32665,5.42526,Nuit avec éclairage allumé,En agglomération,Hors intersection,Normale,Deux véhicules - arrière,3,1,3,0,1,1,1,3,8,50,2,2,1,0,1,0,63.0,64.0,deux_roues,voiture,5,2,1,1,2
202000033238,2020-06-02 06:24:00,2020,6,2,6,24,13,13019,A51-Sens Aix en Provence vers Marseille,43.4202,5.3675,Crépuscule ou aube,Hors agglomération,Hors intersection,Pluie légère,Sans collision,1,1,2,0,2,2,2,0,3,50,1,1,0,0,0,1,38.0,,utilitaire_camion,,2,1,1,2,7
202000033239,2020-07-31 10:30:00,2020,7,31,10,30,25,25021,grande rue,47.031715,5.778648,Plein jour,En agglomération,Intersection en T,Normale,Deux véhicules - côté,3,2,2,0,1,1,1,0,1,50,2,2,1,0,0,1,21.0,62.0,voiture,voiture,1,2,3,1,3
202000033240,2020-05-31 16:40:00,2020,5,31,16,40,59,59195,ROUTE DEPARTEMENTALE 552,50.628297,2.961199,Plein jour,Hors agglomération,Hors intersection,Normale,Autre collision,7,3,0,0,1,2,1,2,1,90,1,1,0,0,1,0,20.0,,deux_roues,,1,1,1,1,6
202000033241,2020-09-28 16:50:00,2020,9,28,16,50,13,13208,PRADO (AVENUE DU),43.272706,5.3915244,Plein jour,En agglomération,Hors intersection,Normale,Deux véhicules - côté,4,2,1,0,1,3,1,5,1,50,2,2,1,0,0,1,53.0,30.0,utilitaire_camion,voiture,1,2,1,1,3
202000033242,2020-08-02 00:30:00,2020,8,2,0,30,44,44088,La Pepiere,47.1062331,-1.4120337,Nuit sans éclairage public,Hors agglomération,Hors intersection,Normale,Autre collision,3,2,2,0,2,3,1,0,3,-1,1,1,0,1,0,0,37.0,,voiture,,3,1,1,1,6
202000033243,2020-05-30 02:30:00,2020,5,30,2,30,59,59507,AUTOROUTE A27,50.5956777,3.1027848,Nuit avec éclairage non allumé,Hors agglomération,Hors intersection,Normale,Deux véhicules - arrière,1,3,2,0,1,1,1,0,1,90,2,2,1,0,0,1,31.0,36.0,voiture,voiture,4,1,1,1,2
202000033244,2020-07-31 23:00:00,2020,7,31,23,0,29,29011,Chemin de Pont-Aliben,48.4113722,-4.5269854,Nuit avec éclairage allumé,En agglomération,Hors intersection,Normale,Autre collision,4,2,4,0,4,2,1,0,4,50,1,2,1,0,1,0,20.0,,voiture,,5,2,1,1,6
202000033245,2020-06-02 17:00:00,2020,6,2,17,0,93,93053,AUTOROUTE A103,48.887006,2.4750514,Plein jour,Hors agglomération,Hors intersection,Normale,Trois véhicules et plus - en chaîne,1,3,4,0,2,1,1,0,1,90,3,4,2,0,0,2,24.0,40.0,voiture,utilitaire_camion,1,1,1,1,4
202000033246,2020-08-01 11:45:00,2020,8,1,11,45,03,03254,Route de Varennes,46.3057581,3.2973518,Plein jour,En agglomération,Giratoire,Normale,Autre collision,3,2,2,0,1,3,1,5,1,50,1,2,1,0,0,1,37.0,,voiture,,1,2,6,1,6