accident_id,datetime,annee,mois,jour,heure,minute,departement,commune_insee,adresse,latitude,longitude,luminosite,agglomeration,intersection,meteo,collision,catr,circ,nbv,vosp,prof,plan,surf,infra,situ,vma,nb_vehicules,nb_usagers,nb_indemnes,nb_tues,nb_blesses_hosp,nb_blesses_legers,age_cond_1,age_cond_2,veh_type_cond_1,veh_type_cond_2,lum_code,agg_code,int_code,atm_code,col_code
202000033247,2020-09-28 12:36:00,2020,9,28,12,36,10,10387,ROBERT GALLEY (RUE),48.28954,4.06714,Plein jour,En agglomération,Giratoire,Pluie légère,Deux véhicules - côté,4,1,2,2,1,2,2,5,5,50,2,1,0,0,0,1,29.0,,deux_roues,,1,2,6,2,3
202000033248,2020-08-02 12:45:00,2020,8,2,12,45,15,15205,D680,45.157136,2.577281,Plein jour,Hors agglomération,Hors intersection,Temps couvert,Autre collision,3,2,2,0,1,3,1,0,3,90,1,1,0,1,0,0,43.0,,deux_roues,,1,1,1,8,6
202000033249,2020-06-02 07:40:00,2020,6,2,7,40,94,94017,A4,48.8289035,2.4794072,Plein jour,Hors agglomération,Hors intersection,Normale,Trois véhicules et plus - en chaîne,1,3,3,0,1,1,1,0,1,90,3,3,2,0,0,1,59.0,55.0,deux_roues,utilitaire_camion,1,1,1,1,4
202000033250,2020-09-29 18:15:00,2020,9,29,18,15,06,06069,SIDI BRAHIM (AVENUE),43.64919,6.933994,Plein jour,En agglomération,Autre intersection,Normale,Deux véhicules - arrière,4,2,0,0,2,1,1,0,1,50,2,2,1,0,0,1,28.0,19.0,voiture,deux_roues,1,2,9,1,2
202000033251,2020-08-01 20:15:00,2020,8,1,20,15,15,15006,RD 22,45.215936,2.432935,Plein jour,Hors agglomération,Hors intersection,Normale,Sans collision,3,2,2,0,2,2,9,0,3,80,1,1,0,0,1,0,78.0,,voiture,,1,1,1,1,7
202000033252,2020-06-01 10:50:00,2020,6,1,10,50,974,97407,CARPAYE(AVENUE),-20.94554,55.2983,Plein jour,En agglomération,Intersection en X,Normale,Deux véhicules - arrière,4,2,2,0,1,1,1,0,1,50,2,2,1,0,0,1,20.0,27.0,voiture,deux_roues,1,2,2,1,2
202000033253,2020-09-29 16:45:00,2020,9,29,16,45,06,06123,PUGETS ROUTE DES,43.69363,7.18355,Plein jour,En agglomération,Hors intersection,Normale,Autre collision,7,2,2,0,1,2,1,0,1,50,1,1,0,0,0,1,31.0,,deux_roues,,1,2,1,1,6
202000033254,2020-08-02 14:00:00,2020,8,2,14,0,15,15196,N122,44.85753,2.287801,Plein jour,Hors agglomération,Hors intersection,Normale,Trois véhicules et plus - collisions multiples,2,2,2,0,1,3,1,0,1,80,3,8,6,0,0,2,56.0,47.0,voiture,voiture,1,1,1,1,5
202000033255,2020-05-28 17:30:00,2020,5,28,17,30,69,69384,PHILIPPE DE LASSALLE                (R ),45.783556,4.8207953,Plein jour,En agglomération,Intersection en T,Normale,Deux véhicules - frontale,4,2,2,0,1,1,1,0,2,50,2,2,1,0,1,0,44.0,85.0,voiture,deux_roues,1,2,3,1,1
202000033256,2020-09-28 16:35:00,2020,9,28,16,35,05,05061,GEORGES POMPIDOU ( BD),44.5565457,6.0796908,Plein jour,En agglomération,Hors intersection,Normale,Deux véhicules - côté,4,-1,3,0,1,1,1,0,1,50,2,2,1,0,0,1,29.0,53.0,voiture,deux_roues,1,2,1,1,3
202000033257,2020-09-28 10:57:00,2020,9,28,10,57,05,05061,ELISEE ( RUE DE L' ),44.5589048,6.0806014,Plein jour,En agglomération,Hors intersection,Normale,Autre collision,4,2,2,0,1,1,1,0,1,30,1,2,1,0,1,0,24.0,,utilitaire_camion,,1,2,1,1,6
202000033258,2020-06-01 17:35:00,2020,6,1,17,35,971,97101,DOTHEMARE,16.2690723,-61.5057564,Plein jour,En agglomération,Hors intersection,Normale,Deux véhicules - frontale,4,1,1,0,1,1,1,0,1,30,2,2,1,0,0,1,46.0,42.0,voiture,deux_roues,1,2,1,1,1
202000033259,2020-08-02 12:40:00,2020,8,2,12,40,01,01230,D975,46.420235,5.100789,Plein jour,Hors agglomération,Hors intersection,Normale,Trois véhicules et plus - collisions multiples,3,2,2,0,1,1,1,0,1,80,3,4,0,1,0,3,82.0,50.0,utilitaire_camion,voiture,1,1,1,1,5
202000033260,2020-08-01 18:15:00,2020,8,1,18,15,26,26108,D93,44.740073,5.002341,Plein jour,Hors agglomération,Hors intersection,Vent fort / tempête,Sans collision,3,2,1,0,1,1,1,0,1,80,1,1,0,1,0,0,15.0,,deux_roues,,1,1,1,6,7
202000033261,2020-09-28 09:43:00,2020,9,28,9,43,05,05061,JEAN JAURES ( AVENUE ),44.54841,6.06679,Plein jour,En agglomération,Intersection en T,Normale,Sans collision,2,2,2,0,1,1,1,0,1,50,1,1,0,0,0,1,31.0,,deux_roues,,1,2,3,1,7
202000033262,2020-08-02 14:55:00,2020,8,2,14,55,58,58305,D977bis,47.226847,3.83289,Plein jour,Hors agglomération,Hors intersection,Normale,Autre collision,3,2,2,0,1,2,1,0,1,80,1,1,0,0,1,0,39.0,,deux_roues,,1,1,1,1,6
202000033263,2020-05-31 11:00:00,2020,5,31,11,0,91,91421,CHATEAU (ROUTE FORESTIERE DU),48.692622,2.466119,Plein jour,Hors agglomération,Hors intersection,Temps éblouissant,Autre collision,4,2,1,0,1,1,1,0,1,50,1,5,3,0,0,2,84.0,,voiture,,1,1,1,7,6
202000033264,2020-09-29 17:15:00,2020,9,29,17,15,75,75120,AVENUE GAMBETTA,48.868325,2.401435,Plein jour,En agglomération,Intersection à plus de 4 branches,Pluie légère,Deux véhicules - frontale,4,2,2,0,2,1,2,0,1,50,2,3,1,0,0,2,28.0,27.0,transport_commun,deux_roues,1,2,5,2,1
202000033265,2020-08-02 13:10:00,2020,8,2,13,10,72,72109,RD304 / D103,48.159645,-0.082397,Plein jour,Hors agglomération,Intersection en X,Normale,Deux véhicules - frontale,3,2,2,0,1,1,1,0,1,90,2,5,0,0,1,4,46.0,38.0,voiture,deux_roues,1,1,2,1,1
202000033266,2020-06-01 19:45:00,2020,6,1,19,45,91,91174,strathkelvin (avenue de ),48.617908,2.46494,Plein jour,En agglomération,Hors intersection,Normale,Autre collision,4,2,2,0,1,1,1,9,8,50,1,2,1,0,0,1,36.0,,voiture,,1,2,1,1,6
202000033267,2020-08-01 20:00:00,2020,8,1,20,0,14,14305,D513,49.301712,-0.03975,Plein jour,En agglomération,Hors intersection,Normale,Trois véhicules et plus - collisions multiples,3,2,2,0,2,2,1,0,1,80,3,3,1,0,2,0,76.0,22.0,voiture,deux_roues,1,2,1,1,5
202000033268,2020-09-29 09:50:00,2020,9,29,9,50,75,75120,PLACE GAMBETTA,48.865052,2.398599,Plein jour,En agglomération,Place,Pluie légère,Sans collision,4,1,1,0,1,2,2,9,1,30,1,1,0,0,0,1,58.0,,deux_roues,,1,2,7,2,7
202000033269,2020-06-01 16:00:00,2020,6,1,16,0,77,77337,DEUX PARCS (COURS DES),48.8486,2.6158,Plein jour,En agglomération,Hors intersection,Normale,Autre collision,4,2,2,0,1,1,1,0,1,50,1,2,1,0,0,1,29.0,,voiture,,1,2,1,1,6
202000033270,2020-08-01 21:10:00,2020,8,1,21,10,50,50266,Troche,48.929626,-1.395838,Plein jour,Hors agglomération,Hors intersection,Temps éblouissant,Deux véhicules - côté,3,2,2,0,1,1,1,0,1,80,2,2,1,0,1,0,26.0,15.0,deux_roues,deux_roues,1,1,1,7,3
202000033271,2020-09-29 18:20:00,2020,9,29,18,20,75,75119,BOULEVARD D ALGERIE,48.883647,2.39698,Plein jour,En agglomération,Intersection en X,Pluie légère,Autre collision,4,2,4,0,2,1,2,0,1,50,1,2,1,0,0,1,29.0,,voiture,,1,2,2,2,6
202000033272,2020-05-31 19:55:00,2020,5,31,19,55,69,69029,FRANKLIN ROOSEVELT                  (AV),45.73612,4.90133,Plein jour,En agglomération,Intersection en Y,Normale,Deux véhicules - côté,4,1,2,0,1,1,1,5,1,50,2,4,0,0,0,4,32.0,23.0,transport_commun,utilitaire_camion,1,2,4,1,3
202000033273,2020-08-02 04:30:00,2020,8,2,4,30,60,60275,D95,49.4974866,1.9139471,Nuit sans éclairage public,Hors agglomération,Hors intersection,Normale,Autre collision,3,2,2,0,4,4,1,0,3,80,1,3,0,0,1,2,18.0,,voiture,,3,1,1,1,6
202000033274,2020-09-28 13:55:00,2020,9,28,13,55,75,75118,AVENUE DE LA PORTE DE MONTMARTRE,48.898524,2.336815,Plein jour,En agglomération,Hors intersection,Pluie légère,Deux véhicules - côté,4,2,2,0,1,1,2,0,1,50,2,2,1,0,0,1,31.0,35.0,deux_roues,deux_roues,1,2,1,2,3
202000033275,2020-08-01 01:00:00,2020,8,1,1,0,45,45313,Villesevreux,48.069347,1.798528,Nuit sans éclairage public,Hors agglomération,Hors intersection,Normale,Autre collision,4,2,2,0,1,1,1,0,3,80,1,5,0,0,3,2,30.0,,voiture,,3,1,1,1,6
202000033276,2020-06-01 14:40:00,2020,6,1,14,40,68,68376,Rue de Soultz,47.7984,7.31315,Plein jour,En agglomération,Intersection en X,Normale,Deux véhicules - côté,3,2,2,0,1,1,1,5,1,50,2,4,2,0,0,2,53.0,35.0,utilitaire_camion,utilitaire_camion,1,2,2,1,3
202000033277,2020-08-01 14:20:00,2020,8,1,14,20,18,18289,14 Route d'Osmery,46.972109,2.588043,Plein jour,En agglomération,Intersection en T,Normale,Deux véhicules - côté,3,2,2,0,1,1,1,0,1,50,2,2,1,0,1,0,33.0,9.0,voiture,deux_roues,1,2,3,1,3
202000033278,2020-05-30 11:45:00,2020,5,30,11,45,65,65286,MARQUI (AVENUE ALEXANDRE),43.10306,-0.04309,Plein jour,En agglomération,Hors intersection,Normale,Autre collision,3,2,3,0,1,1,1,6,1,50,1,2,1,0,0,1,84.0,,voiture,,1,2,1,1,6
202000033279,2020-06-01 11:25:00,2020,6,1,11,25,64,64189,BENOIT PIERRE (BOULEVARD),43.388258,-1.6784139,Plein jour,En agglomération,Hors intersection,Normale,Deux véhicules - frontale,3,2,2,0,3,1,1,0,1,30,2,2,1,0,1,0,30.0,32.0,utilitaire_camion,deux_roues,1,2,1,1,1
202000033280,2020-08-01 22:52:00,2020,8,1,22,52,10,10323,Rue Herbesace (Pont),48.508186,3.745528,Nuit avec éclairage allumé,En agglomération,Hors intersection,Normale,Autre collision,3,2,2,0,3,3,1,2,6,50,1,2,0,1,1,0,24.0,,voiture,,5,2,1,1,6
202000033281,2020-06-01 17:30:00,2020,6,1,17,30,64,64024,MONTBRUN (AVENUE DE),43.5015,-1.50405,Plein jour,En agglomération,Hors intersection,Normale,Deux véhicules - frontale,4,2,2,0,1,1,1,0,1,30,2,2,1,0,0,1,51.0,17.0,voiture,deux_roues,1,2,1,1,1
202000033282,2020-08-02 12:30:00,2020,8,2,12,30,07,07165,RD 578,44.925744,4.477771,Plein jour,Hors agglomération,Hors intersection,Temps couvert,Sans collision,3,2,1,0,2,2,1,0,3,80,1,1,0,0,1,0,37.0,,deux_roues,,1,1,1,8,7
202000033283,2020-05-31 19:40:00,2020,5,31,19,40,59,59324,VOIE RAPIDE JEUMONT / MAUBEUGE,50.30608,4.08788,Plein jour,Hors agglomération,Hors intersection,Normale,Autre collision,3,3,2,0,1,1,1,9,1,110,1,1,0,1,0,0,24.0,,deux_roues,,1,1,1,1,6
202000033284,2020-08-02 10:45:00,2020,8,2,10,45,53,53121,37 Grande Rue,48.418072,-0.336092,Plein jour,En agglomération,Hors intersection,Normale,Sans collision,2,2,2,0,1,1,1,0,1,50,1,3,1,0,2,0,46.0,,deux_roues,,1,2,1,1,7
202000033285,2020-09-29 13:45:00,2020,9,29,13,45,75,75117,BOULEVARD DE COURCELLES,48.880858,2.312542,Plein jour,En agglomération,Intersection en X,Pluie légère,Deux véhicules - arrière,4,2,2,0,1,1,2,0,1,50,2,2,1,0,0,1,59.0,42.0,voiture,deux_roues,1,2,2,2,2
202000033286,2020-06-01 15:30:00,2020,6,1,15,30,57,57463,LOTHAIRE (RUE ),49.1002,6.17897,Plein jour,En agglomération,Hors intersection,Normale,Autre collision,4,2,2,0,1,1,1,0,1,50,1,3,1,0,2,0,21.0,,voiture,,1,2,1,1,6
202000033287,2020-09-29 13:10:00,2020,9,29,13,10,75,75117,BOULEVARD DU FORT DE VAUX,48.891997,2.301952,Plein jour,En agglomération,Hors intersection,Pluie légère,Deux véhicules - arrière,4,1,1,0,1,1,2,1,1,50,2,2,1,0,0,1,30.0,22.0,utilitaire_camion,deux_roues,1,2,1,2,2
202000033288,2020-09-29 10:15:00,2020,9,29,10,15,75,75117,BOULEVARD PEREIRE,48.887533,2.307483,Plein jour,En agglomération,Intersection en X,Temps couvert,Autre collision,4,1,1,0,1,1,2,0,1,50,1,2,1,0,0,1,33.0,,voiture,,1,2,2,8,6
202000033289,2020-05-31 20:00:00,2020,5,31,20,0,57,57751,THIONVILLE (AVENUE ),49.15189,6.1581,Plein jour,En agglomération,Giratoire,Normale,Autre collision,4,2,2,0,1,1,1,0,1,50,1,1,0,0,1,0,36.0,,voiture,,1,2,6,1,6
202000033290,2020-09-29 19:30:00,2020,9,29,19,30,75,75116,RUE DE LA POMPE,48.867132,2.280546,Nuit avec éclairage allumé,En agglomération,Hors intersection,Normale,Deux véhicules - arrière,4,2,2,0,1,1,1,0,1,50,2,2,1,0,0,1,72.0,31.0,voiture,deux_roues,5,2,1,1,2
202000033291,2020-06-01 15:55:00,2020,6,1,15,55,51,51454,Rue Blondel,49.2698182,4.0277944,Plein jour,En agglomération,Hors intersection,Normale,Autre collision,4,1,1,0,1,1,1,0,1,50,1,2,1,0,0,1,77.0,,voiture,,1,2,1,1,6
202000033292,2020-08-02 13:00:00,2020,8,2,13,0,53,53216,Rue des Fresnots,48.349362,-0.579528,Plein jour,En agglomération,Intersection en T,Normale,Deux véhicules - arrière,3,-1,2,0,1,1,1,0,1,50,2,4,3,0,1,0,27.0,32.0,voiture,deux_roues,1,2,3,1,2
202000033293,2020-06-01 09:40:00,2020,6,1,9,40,38,38185,Rue Auguste Ravier,45.18306,5.73819,Plein jour,En agglomération,Hors intersection,Normale,,4,2,2,0,1,1,1,0,1,50,2,2,0,0,0,2,58.0,44.0,deux_roues,voiture,1,2,1,1,-1
202000033294,2020-06-01 18:25:00,2020,6,1,18,25,35,35278,LONGERAIE (RUE DE LA),48.13714,-1.68944,Plein jour,En agglomération,Giratoire,Temps éblouissant,Deux véhicules - frontale,4,2,2,0,1,1,1,0,1,50,2,2,1,0,1,0,58.0,23.0,deux_roues,utilitaire_camion,1,2,6,7,1
202000033295,2020-07-31 16:20:00,2020,7,31,16,20,40,40194,169 Place du Foirail,43.711277,-0.840191,Plein jour,En agglomération,Hors intersection,Normale,Sans collision,3,2,2,0,1,1,1,0,1,50,1,1,0,0,1,0,56.0,,deux_roues,,1,2,1,1,7
202000033296,2020-06-01 21:40:00,2020,6,1,21,40,34,34129,PALAVAS D986 (ROUTE DE),43.57249,3.89613,Plein jour,Hors agglomération,Hors intersection,Normale,Deux véhicules - côté,3,3,4,0,1,1,1,0,1,90,2,4,2,0,0,2,37.0,19.0,voiture,voiture,1,1,1,1,3
202000033297,2020-09-29 09:40:00,2020,9,29,9,40,75,75116,ALLEE DE LA REINE MARGUERITE,48.854346,2.242126,Plein jour,En agglomération,Hors intersection,Pluie légère,Deux véhicules - côté,4,2,2,0,1,1,2,0,1,50,2,2,1,0,0,1,50.0,27.0,voiture,deux_roues,1,2,1,2,3
202000033298,2020-08-02 08:15:00,2020,8,2,8,15,40,40211,D17,43.650221,-1.180322,Plein jour,Hors agglomération,Hors intersection,Normale,Deux véhicules - côté,3,2,2,0,1,3,1,0,1,80,2,3,2,0,0,1,18.0,40.0,utilitaire_camion,utilitaire_camion,1,1,1,1,3
202000033299,2020-06-01 06:35:00,2020,6,1,6,35,34,34172,LIBERTE (AVENUE DE LA,43.60931,3.83789,Plein jour,En agglomération,Hors intersection,Normale,Autre collision,4,3,4,0,1,1,1,2,1,50,1,2,1,0,1,0,26.0,,voiture,,1,2,1,1,6
202000033300,2020-09-29 09:00:00,2020,9,29,9,0,75,75115,BOULEVARD LEFEBVRE,48.828363,2.303046,Crépuscule ou aube,En agglomération,Intersection en T,Pluie légère,Deux véhicules - côté,4,3,4,1,1,1,2,-1,5,50,2,2,1,0,0,1,31.0,42.0,deux_roues,utilitaire_camion,2,2,3,2,3
202000033301,2020-06-01 16:15:00,2020,6,1,16,15,13,13207,Corniche John Fitzgérald Kennedy,43.28832,5.35299,Plein jour,En agglomération,Hors intersection,Normale,Trois véhicules et plus - collisions multiples,4,2,2,0,1,1,1,0,1,50,4,6,4,0,0,2,30.0,67.0,voiture,deux_roues,1,2,1,1,5
202000033302,2020-09-29 09:15:00,2020,9,29,9,15,75,75115,RUE DE LA CROIX NIVERT,48.847177,2.300495,Plein jour,En agglomération,Hors intersection,Pluie légère,Sans collision,4,2,2,0,1,1,2,0,1,50,1,1,0,0,0,1,22.0,,deux_roues,,1,2,1,2,7
202000033303,2020-06-01 14:30:00,2020,6,1,14,30,13,13211,JEAN LOMBARD (AVENUE),43.2889677,5.432176,Plein jour,En agglomération,Hors intersection,Normale,Deux véhicules - arrière,4,2,2,0,1,1,1,0,1,50,2,2,0,0,0,2,55.0,,voiture,,1,2,1,1,2
202000033304,2020-09-28 21:28:00,2020,9,28,21,28,75,75115,BOULEVARD DE GRENELLE,48.850729,2.293085,Nuit avec éclairage allumé,En agglomération,Hors intersection,Normale,Autre collision,4,1,2,1,1,1,1,0,1,50,1,2,1,0,0,1,49.0,,deux_roues,,5,2,1,1,6
202000033305,2020-09-29 22:30:00,2020,9,29,22,30,75,75113,PLACE VALHUBERT,48.843657,2.365058,Nuit avec éclairage allumé,En agglomération,Place,Normale,Deux véhicules - côté,4,2,3,0,1,3,1,5,1,30,2,2,1,0,1,0,28.0,47.0,deux_roues,utilitaire_camion,5,2,7,1,3
202000033306,2020-06-01 11:50:00,2020,6,1,11,50,13,13202,PEYSSONNEL (RUE),43.31538,5.36819,Plein jour,En agglomération,Intersection en T,Normale,Deux véhicules - côté,4,1,2,0,1,1,1,0,1,50,2,2,1,0,0,1,39.0,31.0,voiture,deux_roues,1,2,3,1,3
202000033307,2020-08-02 04:10:00,2020,8,2,4,10,24,24156,La Petite Veyriere,45.083256,0.836474,Nuit sans éclairage public,Hors agglomération,Hors intersection,Normale,Sans collision,4,2,2,0,3,1,1,0,3,70,1,1,0,0,1,0,29.0,,deux_roues,,3,1,1,1,7
202000033308,2020-06-01 07:20:00,2020,6,1,7,20,13,13208,GOUDES (CHEMIN DES),43.2300785,5.3548104,Plein jour,En agglomération,Hors intersection,Normale,Sans collision,4,2,2,0,1,3,1,0,1,50,1,1,0,0,1,0,63.0,,deux_roues,,1,2,1,1,7
202000033309,2020-08-02 13:00:00,2020,8,2,13,0,85,85234,Route de la Grande Borderie,46.83256,-2.08376,Plein jour,Hors agglomération,Hors intersection,Normale,Autre collision,3,2,2,0,1,2,1,0,3,80,1,1,0,0,1,0,41.0,,deux_roues,,1,1,1,1,6
202000033310,2020-09-29 08:50:00,2020,9,29,8,50,75,75112,BOULEVARD DE BERCY,48.840404,2.378942,Plein jour,En agglomération,Place,Pluie légère,Sans collision,4,1,1,1,1,1,2,-1,5,50,1,1,0,0,0,1,56.0,,deux_roues,,1,2,7,2,7
202000033311,2020-06-01 11:35:00,2020,6,1,11,35,06,06088,SAINT-JOSEPH (AV.),43.70649,7.25608,Plein jour,En agglomération,Intersection en T,Normale,,4,2,2,0,1,1,1,0,1,50,2,2,1,0,1,0,61.0,67.0,voiture,deux_roues,1,2,3,1,-1
202000033312,2020-09-28 20:45:00,2020,9,28,20,45,75,75112,BOULEVARD DIDEROT,48.845607,2.371831,Nuit avec éclairage allumé,En agglomération,Hors intersection,Normale,Deux véhicules - arrière,4,1,4,3,1,1,1,0,1,50,2,1,0,0,0,1,59.0,,voiture,,5,2,1,1,2
202000033313,2020-09-29 14:40:00,2020,9,29,14,40,75,75111,AVENUE DE LA REPUBLIQUE,48.866752,2.366816,Plein jour,En agglomération,Intersection en T,Pluie légère,Deux véhicules - côté,4,2,2,0,1,1,2,0,1,50,2,2,1,0,0,1,45.0,36.0,utilitaire_camion,deux_roues,1,2,3,2,3
202000033314,2020-08-01 18:40:00,2020,8,1,18,40,85,85232,D7,46.689074,-1.183219,Plein jour,Hors agglomération,Intersection en X,Normale,Deux véhicules - frontale,3,2,2,0,1,1,1,5,1,70,2,8,6,0,2,0,24.0,28.0,voiture,voiture,1,1,2,1,1
202000033315,2020-08-01 14:35:00,2020,8,1,14,35,37,37226,,47.0897669,0.5949714,Plein jour,Hors agglomération,Hors intersection,Normale,Deux véhicules - frontale,3,2,2,0,1,2,1,0,1,80,2,2,1,0,1,0,22.0,33.0,voiture,deux_roues,1,1,1,1,1
202000033316,2020-09-29 14:30:00,2020,9,29,14,30,75,75111,BOULEVARD VOLTAIRE,48.855924,2.383273,Plein jour,En agglomération,Intersection en X,Pluie légère,Deux véhicules - côté,4,2,4,0,1,1,2,0,1,50,2,2,1,0,0,1,24.0,38.0,deux_roues,voiture,1,2,2,2,3
202000033317,2020-07-07 18:00:00,2020,7,7,18,0,30,30077,D916,44.148086,4.057997,Plein jour,Hors agglomération,Autre intersection,Normale,Deux véhicules - arrière,3,2,2,0,1,1,1,0,1,-1,2,2,1,0,1,0,37.0,57.0,voiture,deux_roues,1,1,9,1,2
202000033318,2020-05-31 12:41:00,2020,5,31,12,41,06,06004,WILSON BD,43.57824,7.11922,Plein jour,En agglomération,Autre intersection,Temps éblouissant,Sans collision,4,3,2,0,1,1,1,0,1,50,1,2,1,0,1,0,53.0,,voiture,,1,2,9,7,7
202000033319,2020-09-29 07:55:00,2020,9,29,7,55,75,75111,AVENUE PHILIPPE AUGUSTE,48.850328,2.394738,Plein jour,En agglomération,Hors intersection,Pluie légère,Deux véhicules - côté,4,2,2,0,1,1,2,0,1,30,2,2,1,0,0,1,45.0,16.0,voiture,deux_roues,1,2,1,2,3
202000033320,2020-08-01 17:15:00,2020,8,1,17,15,48,48012,Lieu dit La Fouillouse,44.844307,3.204618,Plein jour,Hors agglomération,Hors intersection,Normale,Sans collision,3,-1,2,0,1,3,1,0,8,-1,1,1,0,0,0,1,53.0,,deux_roues,,1,1,1,1,7
202000033321,2020-05-30 11:55:00,2020,5,30,11,55,05,05061,GEORGES POMPIDOU ( BD),44.55772,6.08176,Plein jour,En agglomération,Hors intersection,Normale,Deux véhicules - côté,4,2,3,0,1,1,1,0,1,50,2,2,1,0,0,1,52.0,23.0,voiture,deux_roues,1,2,1,1,3
202000033322,2020-09-28 13:15:00,2020,9,28,13,15,75,75109,BOULEVARD DE CLICHY,48.882974,2.334876,Plein jour,En agglomération,Intersection en T,Normale,Deux véhicules - arrière,4,1,2,0,1,1,2,0,1,50,2,2,1,0,0,1,27.0,39.0,deux_roues,utilitaire_camion,1,2,3,1,2
202000033323,2020-05-29 16:45:00,2020,5,29,16,45,05,05061,GEORGES POMPIDOU ( BD),44.55898,6.08356,Plein jour,En agglomération,Hors intersection,Neige / grêle,Deux véhicules - arrière,4,2,3,0,1,1,2,0,1,50,2,3,1,0,0,2,89.0,47.0,voiture,voiture,1,2,1,4,2
202000033324,2020-09-28 13:15:00,2020,9,28,13,15,75,75108,COURS ALBERT 1ER,48.864622,2.306461,Plein jour,En agglomération,Hors intersection,Pluie légère,Sans collision,4,1,2,0,1,1,2,0,1,50,1,1,0,0,0,1,38.0,,deux_roues,,1,2,1,2,7
202000033325,2020-08-02 02:57:00,2020,8,2,2,57,19,19201,A89,45.51564,2.319424,Nuit sans éclairage public,Hors agglomération,Hors intersection,Normale,Autre collision,1,3,4,0,2,2,1,0,3,130,1,4,0,2,1,1,52.0,,voiture,,3,1,1,1,6
202000033326,2020-05-31 09:40:00,2020,5,31,9,40,75,75112,BD PERIPHERIQUE EXTERIEUR,48.827466,2.392312,Plein jour,En agglomération,Hors intersection,Normale,Deux véhicules - côté,4,1,4,0,1,1,1,0,1,70,2,3,1,0,0,2,48.0,30.0,utilitaire_camion,voiture,1,2,1,1,3
202000033327,2020-09-29 19:40:00,2020,9,29,19,40,75,75108,PLACE DE LA CONCORDE,48.865616,2.321765,Nuit avec éclairage allumé,En agglomération,Hors intersection,Pluie légère,Autre collision,4,1,4,1,1,1,2,-1,5,30,1,1,0,0,0,1,51.0,,deux_roues,,5,2,1,2,6
202000033328,2020-06-01 18:43:00,2020,6,1,18,43,75,75119,RUE CURIAL,48.890875,2.37203,Plein jour,En agglomération,Hors intersection,Normale,Autre collision,4,1,3,0,1,1,1,0,1,50,1,2,1,0,0,1,24.0,,voiture,,1,2,1,1,6
202000033329,2020-07-31 18:35:00,2020,7,31,18,35,973,97307,N1,4.892359,-52.348437,Crépuscule ou aube,Hors agglomération,Intersection en T,Normale,Deux véhicules - côté,2,2,2,0,1,1,1,0,1,70,2,2,1,1,0,0,47.0,48.0,deux_roues,utilitaire_camion,2,1,3,1,3
202000033330,2020-09-27 08:15:00,2020,9,27,8,15,75,75101,PLACE DU MARCHE SAINT HONORE,48.867373,2.332453,Crépuscule ou aube,En agglomération,Place,Pluie légère,Autre collision,4,1,1,0,1,1,2,0,1,30,1,1,0,0,0,1,35.0,,deux_roues,,2,2,7,2,6
202000033331,2020-06-01 15:50:00,2020,6,1,15,50,75,75119,RUE MANIN,48.88258,2.382997,Plein jour,En agglomération,Hors intersection,Normale,Autre collision,4,2,2,0,1,1,1,0,1,30,1,2,1,0,0,1,32.0,,voiture,,1,2,1,1,6
202000033332,2020-06-01 15:16:00,2020,6,1,15,16,75,75119,AVENUE SIMON BOLIVAR,48.877835,2.374097,Plein jour,En agglomération,Intersection en X,Normale,Autre collision,4,2,2,0,1,1,1,0,1,50,1,1,0,0,0,1,,,,,1,2,2,1,6
202000033333,2020-09-29 08:00:00,2020,9,29,8,0,94,94081,JEAN JAURES (AV),48.79425,2.40166,Plein jour,En agglomération,Intersection en X,Pluie forte,Deux véhicules - côté,3,1,3,0,1,1,2,5,1,50,2,2,1,0,0,1,42.0,17.0,voiture,deux_roues,1,2,2,3,3
202000033334,2020-05-31 20:45:00,2020,5,31,20,45,75,75119,BOULEVARD SERURIER,48.8782234,2.4033518,Plein jour,En agglomération,Hors intersection,Normale,Deux véhicules - côté,4,2,4,0,2,1,1,-1,5,50,2,2,1,0,0,1,27.0,43.0,deux_roues,voiture,1,2,1,1,3
202000033335,2020-09-29 07:50:00,2020,9,29,7,50,94,94067,JEANNE D'ARC (R),48.840631,2.418414,Plein jour,En agglomération,Hors intersection,Pluie légère,Autre collision,4,1,1,0,2,2,2,0,1,30,1,3,2,0,0,1,57.0,,voiture,,1,2,1,2,6
202000033336,2020-06-01 00:30:00,2020,6,1,0,30,75,75118,BOULEVARD NEY,48.8977307,2.3290318,Nuit avec éclairage allumé,En agglomération,Intersection en X,Normale,Autre collision,4,2,4,0,1,1,1,0,1,50,1,2,1,0,0,1,21.0,,voiture,,5,2,2,1,6
202000033337,2020-08-02 04:35:00,2020,8,2,4,35,68,68300,D201,47.775967,7.389218,Nuit sans éclairage public,Hors agglomération,Hors intersection,Normale,,1,3,4,0,1,1,1,8,2,70,3,8,5,0,0,3,36.0,,voiture,,3,1,1,1,-1
202000033338,2020-06-01 22:00:00,2020,6,1,22,0,75,75116,BOULEVARD MURAT,48.844402,2.257043,Crépuscule ou aube,En agglomération,Intersection en T,Normale,Autre collision,4,2,4,0,1,1,1,0,1,50,1,1,0,0,0,1,36.0,,deux_roues,,2,2,3,1,6
202000033339,2020-06-01 17:30:00,2020,6,1,17,30,75,75116,AVENUE GEORGES MANDEL,48.863495,2.281575,Plein jour,En agglomération,Intersection en X,Normale,Deux véhicules - arrière,4,1,2,1,1,1,1,0,5,50,2,1,0,0,0,1,28.0,,deux_roues,,1,2,2,1,2