accident_id,datetime,annee,mois,jour,heure,minute,departement,commune_insee,adresse,latitude,longitude,luminosite,agglomeration,intersection,meteo,collision,catr,circ,nbv,vosp,prof,plan,surf,infra,situ,vma,nb_vehicules,nb_usagers,nb_indemnes,nb_tues,nb_blesses_hosp,nb_blesses_legers,age_cond_1,age_cond_2,veh_type_cond_1,veh_type_cond_2,lum_code,agg_code,int_code,atm_code,col_code
202000033340,2020-05-29 11:00:00,2020,5,29,11,0,75,75107,QUAI BRANLY,48.8574954,2.2910163,Plein jour,En agglomération,Intersection en T,Normale,Deux véhicules - côté,4,2,5,0,1,1,1,0,1,50,2,3,2,0,0,1,31.0,42.0,voiture,deux_roues,1,2,3,1,3
202000033341,2020-09-29 16:40:00,2020,9,29,16,40,94,94074,CHAMP SAINT-JULIEN (AV DU),48.747948,2.459313,Plein jour,En agglomération,Hors intersection,Pluie légère,Deux véhicules - côté,3,2,2,0,1,1,2,0,1,50,2,2,1,0,0,1,30.0,46.0,voiture,deux_roues,1,2,1,2,3
202000033342,2020-06-01 10:00:00,2020,6,1,10,0,75,75114,AVENUE DU GENERAL LECLERC,48.83006,2.328818,Plein jour,En agglomération,Intersection en X,Normale,Deux véhicules - arrière,4,2,4,1,1,1,1,0,1,50,2,2,0,0,0,2,32.0,60.0,deux_roues,deux_roues,1,2,2,1,2
202000033343,2020-09-29 18:10:00,2020,9,29,18,10,94,94046,PARMENTIER (R),48.802,2.4321,Crépuscule ou aube,En agglomération,Hors intersection,Temps couvert,Autre collision,4,1,1,0,1,1,2,0,1,30,1,2,1,0,0,1,47.0,,voiture,,2,2,1,8,6
202000033344,2020-09-29 20:00:00,2020,9,29,20,0,94,94016,GABRIEL PERI (R),48.7962,2.343,Nuit avec éclairage allumé,En agglomération,Hors intersection,Pluie légère,Trois véhicules et plus - en chaîne,3,-1,4,0,4,1,2,0,1,50,3,3,2,0,0,1,38.0,70.0,utilitaire_camion,utilitaire_camion,5,2,1,2,4
202000033345,2020-06-01 20:15:00,2020,6,1,20,15,75,75111,RUE FAIDHERBE,48.8533474,2.3827508,Crépuscule ou aube,En agglomération,Intersection en Y,Normale,Deux véhicules - côté,4,2,2,0,1,1,1,0,1,50,2,2,1,0,0,1,45.0,39.0,utilitaire_camion,deux_roues,2,2,4,1,3
202000033346,2020-09-29 09:10:00,2020,9,29,9,10,94,94041,GEORGES GOSNAT (AV),48.8114,2.3841,Plein jour,En agglomération,Hors intersection,Temps couvert,Autre collision,3,2,5,3,1,1,2,0,1,50,1,2,1,0,0,1,54.0,,voiture,,1,2,1,8,6
202000033347,2020-08-02 00:20:00,2020,8,2,0,20,69,69086,A89,45.847516,4.672837,Nuit sans éclairage public,Hors agglomération,Hors intersection,Normale,Trois véhicules et plus - collisions multiples,1,1,2,0,1,3,1,0,1,110,4,14,8,0,5,1,35.0,22.0,voiture,voiture,3,1,1,1,5
202000033348,2020-06-01 13:50:00,2020,6,1,13,50,75,75111,BOULEVARD BEAUMARCHAIS,48.854041,2.368926,Plein jour,En agglomération,Intersection en Y,Normale,Deux véhicules - côté,4,1,2,0,1,1,1,0,1,50,2,2,1,0,0,1,59.0,45.0,deux_roues,voiture,1,2,4,1,3
202000033349,2020-09-29 19:30:00,2020,9,29,19,30,94,94021,STALINGRAD (AV DE),48.769837,2.367867,Nuit avec éclairage allumé,En agglomération,Hors intersection,Normale,Deux véhicules - arrière,3,1,1,2,1,1,1,0,5,50,2,1,0,0,0,1,53.0,,deux_roues,,5,2,1,1,2
202000033350,2020-07-31 18:30:00,2020,7,31,18,30,987,98745,Potouru,-16.630833,-151.504028,Nuit avec éclairage allumé,Hors agglomération,Hors intersection,Normale,Deux véhicules - frontale,2,2,2,0,2,2,1,0,1,60,2,2,1,0,1,0,63.0,28.0,deux_roues,deux_roues,5,1,1,1,1
202000033351,2020-06-01 01:00:00,2020,6,1,1,0,75,75103,RUE DES FONTAINES DU TEMPLE,48.865396,2.360423,Nuit avec éclairage allumé,En agglomération,Intersection en T,Normale,Autre collision,4,1,1,0,1,1,1,0,1,50,1,2,1,0,0,1,69.0,,utilitaire_camion,,5,2,3,1,6
202000033352,2020-09-29 12:35:00,2020,9,29,12,35,94,94033,CHARLES GARCIA (AV),48.85615,2.48209,Plein jour,En agglomération,Hors intersection,Pluie légère,Autre collision,4,2,2,0,1,1,2,0,1,50,1,2,0,0,0,2,25.0,,deux_roues,,1,2,1,2,6
202000033353,2020-08-01 17:00:00,2020,8,1,17,0,74,74042,A40,46.070313,6.432152,Plein jour,Hors agglomération,Hors intersection,Normale,Deux véhicules - arrière,1,1,4,0,1,1,1,0,1,130,2,3,0,0,0,3,28.0,19.0,voiture,voiture,1,1,1,1,2
202000033354,2020-09-29 06:40:00,2020,9,29,6,40,94,94033,MARECHAL DE LATTRE DE TASSIGNY (AV DU),48.856956,2.491913,Nuit avec éclairage allumé,En agglomération,Hors intersection,Pluie légère,Autre collision,3,1,3,0,1,1,2,0,1,50,1,2,1,0,0,1,38.0,,utilitaire_camion,,5,2,1,2,6
202000033355,2020-09-29 17:30:00,2020,9,29,17,30,94,94069,EUGENE DELACROIX (R),48.823324,2.421208,Plein jour,En agglomération,Autre intersection,Pluie légère,Deux véhicules - côté,4,1,0,0,1,1,2,0,1,30,2,2,1,0,0,1,26.0,61.0,deux_roues,voiture,1,2,9,2,3
202000033356,2020-08-02 08:24:00,2020,8,2,8,24,13,13087,A8,43.46974,5.654665,Plein jour,Hors agglomération,Hors intersection,Normale,Trois véhicules et plus - collisions multiples,1,-1,-1,0,1,1,1,9,4,50,4,7,4,0,1,2,25.0,,voiture,,1,1,1,1,5
202000033357,2020-09-29 08:20:00,2020,9,29,8,20,94,94017,BOIS L ABBE (R DU),48.81077,2.54091,Plein jour,En agglomération,Hors intersection,Pluie légère,Deux véhicules - côté,3,2,2,0,1,1,2,0,1,50,2,2,1,0,0,1,31.0,39.0,voiture,deux_roues,1,2,1,2,3
202000033358,2020-09-29 14:30:00,2020,9,29,14,30,94,94075,MARECHAL DELATTRE DE TASSIGNY (AV),48.734584,2.51993,Plein jour,Hors agglomération,Intersection en T,Pluie légère,Trois véhicules et plus - collisions multiples,2,3,5,0,1,3,2,5,1,70,3,3,1,0,0,2,20.0,39.0,voiture,voiture,1,1,3,2,5
202000033359,2020-06-01 18:35:00,2020,6,1,18,35,75,75104,BOULEVARD DE SEBASTOPOL,48.860963,2.349627,Plein jour,En agglomération,Hors intersection,Normale,Deux véhicules - côté,4,1,4,0,1,1,1,0,1,50,2,2,0,0,0,2,31.0,26.0,deux_roues,deux_roues,1,2,1,1,3
202000033360,2020-06-01 16:00:00,2020,6,1,16,0,93,93050,HUIT MAI 1945,48.86608,2.5343,Plein jour,En agglomération,Intersection en T,Normale,Autre collision,4,2,0,0,1,1,1,0,4,50,1,1,0,0,0,1,,,,,1,2,3,1,6
202000033361,2020-08-01 01:40:00,2020,8,1,1,40,987,98733,Pk 24 entrée servitude VAITUPA,-17.710467,-149.583535,Nuit avec éclairage allumé,En agglomération,Intersection en T,Normale,Deux véhicules - côté,2,2,2,0,1,1,1,0,1,60,2,2,1,0,1,0,21.0,19.0,deux_roues,voiture,5,2,3,1,3
202000033362,2020-06-01 18:04:00,2020,6,1,18,4,93,93046,EUROPE BOULEVARD DE L',48.9279952,2.5517529,Plein jour,En agglomération,Hors intersection,Normale,Trois véhicules et plus - en chaîne,3,1,2,0,1,1,1,0,1,50,3,3,2,0,0,1,55.0,34.0,voiture,voiture,1,2,1,1,4
202000033363,2020-08-01 02:45:00,2020,8,1,2,45,971,97119,Girard,16.369165,-61.43486,Nuit sans éclairage public,Hors agglomération,Hors intersection,Normale,Autre collision,3,2,2,0,1,2,1,0,3,80,1,2,0,0,1,1,19.0,,voiture,,3,1,1,1,6
202000033364,2020-06-01 14:00:00,2020,6,1,14,0,93,93074,Route Nationale 3,48.9346986,2.5781553,Plein jour,Hors agglomération,Hors intersection,Normale,Deux véhicules - arrière,3,1,2,0,1,1,1,0,1,90,2,5,3,0,0,2,22.0,60.0,voiture,voiture,1,1,1,1,2
202000033365,2020-07-31 19:15:00,2020,7,31,19,15,06,06091,Boulevard Aristide Briand,43.80331,7.400402,Plein jour,En agglomération,Hors intersection,Normale,,3,2,2,0,2,1,1,0,1,50,2,2,1,0,1,0,49.0,70.0,voiture,deux_roues,1,2,1,1,-1
202000033366,2020-09-29 20:45:00,2020,9,29,20,45,93,93078,TREMBLAY (ROUTE DE),48.985,2.5238,Nuit avec éclairage allumé,En agglomération,Hors intersection,Normale,Deux véhicules - arrière,4,1,1,0,1,1,1,0,1,30,2,3,1,0,0,2,25.0,65.0,voiture,voiture,5,2,1,1,2
202000033367,2020-05-30 22:40:00,2020,5,30,22,40,93,93071,JEAN HEMMEN (RUE),48.94316,2.53811,Nuit avec éclairage allumé,En agglomération,Autre intersection,Normale,Deux véhicules - côté,4,-1,2,0,1,1,1,5,1,50,2,2,1,0,1,0,17.0,21.0,deux_roues,voiture,5,2,9,1,3
202000033368,2020-08-02 18:05:00,2020,8,2,18,5,73,73211,D925,45.713802,6.442907,Plein jour,Hors agglomération,Hors intersection,Normale,Trois véhicules et plus - collisions multiples,3,2,2,0,1,3,2,0,1,80,3,8,4,0,1,3,46.0,65.0,voiture,voiture,1,1,1,1,5
202000033369,2020-08-02 12:25:00,2020,8,2,12,25,69,69278,1463 Route de Trévoux,45.8973855,4.8192122,Plein jour,En agglomération,Autre intersection,Normale,Deux véhicules - côté,3,2,2,0,1,1,1,0,1,50,2,2,1,0,0,1,40.0,26.0,deux_roues,voiture,1,2,9,1,3
202000033370,2020-08-01 12:45:00,2020,8,1,12,45,33,33394,Lieu Dit le Chatelet Sud,44.8973131,-0.1586055,Plein jour,En agglomération,Hors intersection,Normale,Deux véhicules - arrière,3,2,2,0,1,1,1,0,1,50,2,4,1,0,0,3,34.0,27.0,voiture,voiture,1,2,1,1,2
202000033371,2020-08-01 18:00:00,2020,8,1,18,0,27,27546,11 Route de la Vallée,49.092136,1.13716,Plein jour,Hors agglomération,Hors intersection,Normale,Deux véhicules - frontale,3,2,2,0,1,1,1,0,1,80,2,2,1,0,1,0,23.0,33.0,deux_roues,voiture,1,1,1,1,1
202000033372,2020-08-01 17:00:00,2020,8,1,17,0,27,27448,108 Rue Edouard Isambard,49.012928,1.389379,Plein jour,En agglomération,Autre intersection,Normale,Deux véhicules - côté,3,2,2,0,2,1,1,0,1,50,2,4,1,0,0,3,50.0,72.0,voiture,voiture,1,2,9,1,3
202000033373,2020-09-29 15:00:00,2020,9,29,15,0,93,93064,ALSACE-LORRAINE (BOULEVARD),48.8845966,2.4838635,Plein jour,En agglomération,Hors intersection,Pluie légère,Deux véhicules - côté,3,1,2,0,1,1,2,0,1,90,2,1,0,0,0,1,45.0,,deux_roues,,1,2,1,2,3
202000033374,2020-08-01 15:05:00,2020,8,1,15,5,13,13005,A502-Sens Aubagne vers Toulon par R.N.,43.2839,5.5926,Plein jour,Hors agglomération,Hors intersection,Normale,Sans collision,1,1,2,0,1,1,1,0,1,90,1,1,0,0,0,1,32.0,,voiture,,1,1,1,1,7
202000033375,2020-09-29 21:45:00,2020,9,29,21,45,93,93051,LEVANT (BD),48.83881,2.54883,Nuit avec éclairage allumé,En agglomération,Intersection en Y,Pluie légère,Deux véhicules - côté,3,1,2,0,1,1,1,0,1,50,2,2,1,0,0,1,51.0,23.0,voiture,deux_roues,5,2,4,2,3
202000033376,2020-09-29 16:30:00,2020,9,29,16,30,93,93051,PIERRE BROSSOLETTE,48.8487,2.55134,Plein jour,En agglomération,Autre intersection,Pluie légère,Autre collision,4,1,1,0,1,1,2,0,4,25,1,2,1,0,0,1,32.0,,deux_roues,,1,2,9,2,6
202000033377,2020-07-31 19:10:00,2020,7,31,19,10,13,13001,A51-Sens Marseille vers Aix en Provence,43.52619,5.42689,Plein jour,Hors agglomération,Hors intersection,Normale,Deux véhicules - arrière,1,-1,2,0,1,1,1,0,1,90,2,4,3,0,0,1,34.0,66.0,voiture,voiture,1,1,1,1,2
202000033378,2020-07-31 21:10:00,2020,7,31,21,10,13,13215,A7-Sens Marseille vers Lyon,43.3744553,5.360764,Plein jour,Hors agglomération,Hors intersection,Normale,Deux véhicules - côté,1,3,2,0,1,1,1,9,1,50,2,1,0,0,0,1,42.0,,deux_roues,,1,1,1,1,3
202000033379,2020-08-01 15:29:00,2020,8,1,15,29,91,91689,AUTOROUTE A6B,48.745358,2.323616,Plein jour,Hors agglomération,Hors intersection,Normale,Deux véhicules - côté,1,3,12,0,4,1,1,0,1,90,2,2,1,0,0,1,27.0,38.0,voiture,deux_roues,1,1,1,1,3
202000033380,2020-07-31 16:08:00,2020,7,31,16,8,94,94003,AUTOROUTE A6A,48.8082385,2.3401176,Plein jour,Hors agglomération,Hors intersection,Temps couvert,Sans collision,1,1,3,0,1,1,1,0,1,90,1,2,1,0,0,1,61.0,,deux_roues,,1,1,1,8,7
202000033381,2020-08-01 14:15:00,2020,8,1,14,15,93,93010,AUTOROUTE A86,48.89808,2.46966,Plein jour,Hors agglomération,Hors intersection,Normale,Trois véhicules et plus - en chaîne,1,3,10,0,1,1,1,0,1,70,3,5,3,0,0,2,32.0,46.0,voiture,utilitaire_camion,1,1,1,1,4
202000033382,2020-08-01 14:15:00,2020,8,1,14,15,95,95306,AUTOROUTE A15,48.99607,2.18402,Plein jour,Hors agglomération,Hors intersection,Normale,Sans collision,1,1,10,0,2,3,1,0,1,50,1,1,0,0,0,1,26.0,,voiture,,1,1,1,1,7
202000033383,2020-06-01 20:17:00,2020,6,1,20,17,92,92050,BOUVETS BOULEVARD DES,48.8969994,2.2236224,Crépuscule ou aube,En agglomération,Hors intersection,Normale,Deux véhicules - arrière,3,1,2,0,1,1,1,0,1,50,2,2,1,0,1,0,47.0,29.0,voiture,deux_roues,2,2,1,1,2
202000033384,2020-09-29 12:15:00,2020,9,29,12,15,93,93051,EMILE COSSONNEAU (AVE),48.84946,2.5667,Plein jour,En agglomération,Intersection en Y,Pluie légère,Deux véhicules - côté,3,3,2,1,1,1,2,0,1,50,2,3,1,0,0,2,32.0,46.0,deux_roues,voiture,1,2,4,2,3
202000033385,2020-09-29 07:20:00,2020,9,29,7,20,93,93050,LOUIS ARMAND (RUE),48.865007,2.520246,Nuit avec éclairage allumé,En agglomération,Intersection en X,Pluie légère,Autre collision,3,2,2,0,1,1,2,0,1,50,1,2,1,0,0,1,29.0,,voiture,,5,2,2,2,6
202000033386,2020-06-01 20:20:00,2020,6,1,20,20,92,92048,ROBERT SCHUMAN (AVENUE),48.7881,2.2348,Plein jour,En agglomération,Hors intersection,Normale,Deux véhicules - côté,4,2,2,0,1,2,1,0,1,50,2,1,0,0,0,1,29.0,,deux_roues,,1,2,1,1,3
202000033387,2020-09-29 16:00:00,2020,9,29,16,0,93,93027,AV ROGER SALENGRO,48.93812,2.38852,Plein jour,Hors agglomération,Hors intersection,Pluie légère,,3,3,6,0,2,2,2,3,1,50,2,2,0,0,1,1,31.0,43.0,deux_roues,utilitaire_camion,1,1,1,2,-1
202000033388,2020-09-29 18:10:00,2020,9,29,18,10,93,93007,8 MAI 45 (AVENUE DU 1 AU 182),48.9419342,2.4322882,Plein jour,En agglomération,Hors intersection,Pluie légère,Deux véhicules - arrière,3,2,2,0,1,1,2,0,1,50,2,3,2,0,0,1,37.0,24.0,voiture,voiture,1,2,1,2,2
202000033389,2020-09-29 17:30:00,2020,9,29,17,30,93,93005,PAUL CEZANNE (RUE),48.95485,2.51035,Plein jour,Hors agglomération,Hors intersection,Normale,Deux véhicules - arrière,3,1,2,0,3,1,2,0,1,50,2,3,2,0,0,1,31.0,40.0,voiture,voiture,1,1,1,1,2
202000033390,2020-06-01 14:50:00,2020,6,1,14,50,92,92044,BAUDIN (RUE) 1A25 ET 2A34,48.89537,2.27897,Plein jour,En agglomération,Intersection en X,Normale,Deux véhicules - côté,4,1,1,0,1,1,1,5,1,50,2,2,1,0,0,1,35.0,51.0,voiture,deux_roues,1,2,2,1,3
202000033391,2020-09-29 02:52:00,2020,9,29,2,52,92,92072,SAINT CLOUD (RUE DE),48.8295564,2.2240241,Nuit sans éclairage public,En agglomération,Hors intersection,Normale,Autre collision,3,3,4,0,1,1,1,0,1,50,1,1,0,0,0,1,36.0,,deux_roues,,3,2,1,1,6
202000033392,2020-09-29 10:20:00,2020,9,29,10,20,92,92064,GEORGES CLEMENCEAU,48.84131,2.22296,Plein jour,En agglomération,Autre intersection,Pluie légère,Sans collision,3,1,2,0,1,1,2,2,1,50,1,1,0,0,0,1,49.0,,deux_roues,,1,2,9,2,7
202000033393,2020-09-26 23:57:00,2020,9,26,23,57,92,92050,VAILLANT COUTURIER PAUL RUE,48.8825056,2.2044398,Nuit avec éclairage allumé,En agglomération,Intersection en X,Pluie légère,Deux véhicules - côté,3,2,3,0,2,1,2,0,1,50,2,3,2,0,0,1,25.0,26.0,deux_roues,voiture,5,2,2,2,3
202000033394,2020-06-01 09:30:00,2020,6,1,9,30,92,92071,ROOSEVELT PRESIDENT F (AVE DU),48.7779626,2.3033395,Plein jour,En agglomération,Intersection en T,Normale,Autre collision,3,1,1,0,1,3,1,6,1,50,1,2,1,0,1,0,90.0,,voiture,,1,2,3,1,6
202000033395,2020-08-01 05:45:00,2020,8,1,5,45,93,93073,AUTOROUTE A104,48.9676,2.56319,Nuit avec éclairage allumé,Hors agglomération,Hors intersection,Normale,Deux véhicules - arrière,1,3,6,0,1,1,1,0,1,110,2,2,1,0,1,0,24.0,44.0,voiture,voiture,5,1,1,1,2
202000033396,2020-09-29 18:10:00,2020,9,29,18,10,92,92020,PINSON RUE FRANCOIS,48.8071808,2.2806431,Plein jour,En agglomération,Hors intersection,Normale,Autre collision,4,2,1,0,1,1,1,0,1,30,1,4,2,0,0,2,25.0,,utilitaire_camion,,1,2,1,1,6
202000033397,2020-09-29 15:30:00,2020,9,29,15,30,92,92049,MARNE AVENUE DE LA,48.8159204,2.3067822,Plein jour,En agglomération,Hors intersection,Temps couvert,Sans collision,4,2,2,0,1,1,2,0,1,50,1,1,0,0,0,1,73.0,,deux_roues,,1,2,1,8,7
202000033398,2020-09-29 09:14:00,2020,9,29,9,14,92,92044,LEVALLOIS( PONT DE),48.899531,2.278198,Plein jour,En agglomération,Hors intersection,Pluie légère,Deux véhicules - arrière,3,2,4,0,1,1,2,2,1,50,2,1,0,0,0,1,35.0,,deux_roues,,1,2,1,2,2
202000033399,2020-09-27 18:55:00,2020,9,27,18,55,92,92025,PAUL BERT (RUE),48.93089,2.2444,Plein jour,En agglomération,Intersection en X,Temps couvert,Deux véhicules - frontale,3,2,2,0,1,1,1,0,1,50,2,3,2,0,0,1,30.0,32.0,deux_roues,voiture,1,2,2,8,1
202000033400,2020-09-29 13:30:00,2020,9,29,13,30,92,92024,MARTRE (RUE) DE (59 A 109)   (58 A 120),48.90481,2.30431,Plein jour,En agglomération,Hors intersection,Pluie légère,Sans collision,4,1,1,0,1,1,2,9,1,30,1,3,1,0,0,2,42.0,,transport_commun,,1,2,1,2,7
202000033401,2020-09-30 15:20:00,2020,9,30,15,20,86,86174,Avenue de Bordeaux,46.760119,0.490993,Plein jour,En agglomération,Hors intersection,Normale,Deux véhicules - arrière,3,3,2,0,1,1,1,0,1,50,2,2,1,0,0,1,40.0,52.0,deux_roues,utilitaire_camion,1,2,1,1,2
202000033402,2020-09-19 14:30:00,2020,9,19,14,30,57,57365,D956,49.399664,6.422201,Plein jour,Hors agglomération,Hors intersection,Normale,Sans collision,3,2,2,0,1,1,1,0,3,80,1,1,0,0,1,0,56.0,,deux_roues,,1,1,1,1,7
202000033403,2020-09-29 22:57:00,2020,9,29,22,57,21,21642,A6,47.490344,4.135848,Nuit avec éclairage allumé,Hors agglomération,Hors intersection,Normale,Deux véhicules - frontale,1,3,4,0,1,1,1,8,1,50,2,4,3,0,1,0,70.0,56.0,voiture,voiture,5,1,1,1,1
202000033404,2020-09-30 16:55:00,2020,9,30,16,55,67,67283,Rue du Mal de Lattre de Tassigny,48.69116,7.380465,Plein jour,En agglomération,Hors intersection,Normale,Deux véhicules - côté,3,2,2,0,2,1,1,0,4,50,2,2,1,0,1,0,27.0,49.0,voiture,deux_roues,1,2,1,1,3
202000033405,2020-09-29 16:45:00,2020,9,29,16,45,26,26333,Route de Valence,45.173627,4.8139,Plein jour,En agglomération,Autre intersection,Normale,Deux véhicules - arrière,2,2,2,0,1,1,1,0,1,50,2,2,1,0,1,0,18.0,35.0,deux_roues,voiture,1,2,9,1,2
202000033406,2020-06-02 10:16:00,2020,6,2,10,16,02,02776,A26,50.001025,3.179465,Plein jour,Hors agglomération,Hors intersection,Normale,Deux véhicules - arrière,1,3,4,0,3,1,1,0,1,130,2,3,1,0,1,1,53.0,27.0,utilitaire_camion,utilitaire_camion,1,1,1,1,2
202000033407,2020-08-01 16:45:00,2020,8,1,16,45,77,77249,RN104,48.73243,2.60992,Plein jour,Hors agglomération,Hors intersection,Normale,,2,3,4,0,1,1,1,0,1,90,2,2,1,0,0,1,19.0,41.0,voiture,deux_roues,1,1,1,1,-1
202000033408,2020-06-01 14:15:00,2020,6,1,14,15,972,97210,D6,14.580178,-60.928202,Plein jour,Hors agglomération,Hors intersection,Normale,Deux véhicules - frontale,3,2,2,0,1,3,1,0,1,70,2,2,1,0,1,0,28.0,59.0,voiture,voiture,1,1,1,1,1
202000033409,2020-09-23 10:10:00,2020,9,23,10,10,68,68315,70 Route de Guebwiller,47.892214,7.226008,Plein jour,En agglomération,Intersection en T,Normale,Deux véhicules - côté,3,2,2,0,1,1,1,0,8,50,2,2,1,0,1,0,64.0,78.0,deux_roues,voiture,1,2,3,1,3
202000033410,2020-09-29 19:45:00,2020,9,29,19,45,60,60279,D1324,49.2348366,2.9417459,Nuit sans éclairage public,Hors agglomération,Hors intersection,Pluie légère,Autre collision,3,2,2,0,1,2,2,0,3,80,1,2,1,0,0,1,22.0,,voiture,,3,1,1,2,6
202000033411,2020-08-01 00:33:00,2020,8,1,0,33,93,93051,A4,48.8340929,2.582735,Nuit sans éclairage public,Hors agglomération,Hors intersection,Normale,Deux véhicules - arrière,1,1,2,0,1,1,1,0,1,50,2,2,1,0,0,1,54.0,49.0,voiture,deux_roues,3,1,1,1,2
202000033412,2020-09-29 23:10:00,2020,9,29,23,10,85,85215,21 Rue des Mauges,46.85479,-1.175438,Nuit sans éclairage public,En agglomération,Hors intersection,Normale,Autre collision,3,2,2,0,1,1,1,8,1,50,1,1,0,0,1,0,16.0,,deux_roues,,3,2,1,1,6
202000033413,2020-06-01 15:45:00,2020,6,1,15,45,87,87122,A20,46.059564,1.36106,Plein jour,Hors agglomération,Hors intersection,Pluie forte,Sans collision,1,-1,4,0,2,1,4,0,8,110,1,2,0,0,1,1,57.0,,voiture,,1,1,1,3,7
202000033414,2020-07-31 08:15:00,2020,7,31,8,15,94,94073,A86 EXT,48.768846,2.3791999,Plein jour,Hors agglomération,Hors intersection,Normale,Deux véhicules - arrière,1,3,3,0,1,3,1,1,1,90,2,2,1,0,0,1,19.0,48.0,voiture,utilitaire_camion,1,1,1,1,2
202000033415,2020-09-11 18:32:00,2020,9,11,18,32,34,34123,N109,43.60709,3.819208,Plein jour,Hors agglomération,Hors intersection,Normale,,2,3,4,0,1,1,1,0,1,70,2,3,1,0,0,2,44.0,32.0,voiture,voiture,1,1,1,1,-1
202000033416,2020-05-20 15:00:00,2020,5,20,15,0,64,64445,BERLIOZ,43.31178,-0.34589,Plein jour,En agglomération,Intersection en T,Normale,Autre collision,4,-1,2,0,1,1,1,0,1,50,1,1,0,0,0,1,,,,,1,2,3,1,6
202000033417,2020-09-30 08:25:00,2020,9,30,8,25,91,91617,Route de Lieusaint,48.635319,2.529237,Plein jour,En agglomération,Hors intersection,Temps couvert,Deux véhicules - frontale,4,2,2,0,1,2,1,0,1,50,2,2,1,1,0,0,31.0,50.0,deux_roues,utilitaire_camion,1,2,1,8,1
202000033418,2020-09-30 15:10:00,2020,9,30,15,10,51,51662,A34,49.2933073,4.1292878,Plein jour,Hors agglomération,Hors intersection,Normale,Deux véhicules - côté,1,3,4,0,1,1,1,0,1,110,2,2,1,0,1,0,42.0,20.0,voiture,utilitaire_camion,1,1,1,1,3
202000033419,2020-06-02 13:50:00,2020,6,2,13,50,51,51507,1 Rue Chanzy,49.0923296,4.8971376,Plein jour,En agglomération,Hors intersection,Normale,Sans collision,3,2,2,0,2,1,1,0,1,50,1,2,1,0,1,0,84.0,,voiture,,1,2,1,1,7
202000033420,2020-09-29 07:45:00,2020,9,29,7,45,82,82186,Residence du Pontus,44.114878,0.894216,Plein jour,En agglomération,Intersection en T,Normale,Deux véhicules - côté,4,2,2,0,1,1,1,0,1,50,2,2,1,0,1,0,18.0,17.0,voiture,deux_roues,1,2,3,1,3
202000033421,2020-07-31 08:20:00,2020,7,31,8,20,974,97416,PRESIDENT MITTERAND(AVENUE),-21.34455,55.48414,Plein jour,En agglomération,Hors intersection,Normale,Deux véhicules - côté,4,2,1,0,1,1,1,0,1,50,2,2,1,0,1,0,58.0,21.0,voiture,deux_roues,1,2,1,1,3
202000033422,2020-09-30 15:40:00,2020,9,30,15,40,63,63211,Les Quatre Routes,45.4636,3.7254,Plein jour,Hors agglomération,Hors intersection,Normale,Deux véhicules - côté,3,2,2,0,1,1,1,0,1,80,2,2,1,0,1,0,47.0,25.0,deux_roues,utilitaire_camion,1,1,1,1,3
202000033423,2020-05-31 10:25:00,2020,5,31,10,25,51,51555,D12,48.7418706,4.3089799,Plein jour,Hors agglomération,Hors intersection,Normale,Sans collision,3,2,2,0,3,1,1,0,8,80,1,1,0,1,0,0,62.0,,deux_roues,,1,1,1,1,7
202000033424,2020-07-31 13:05:00,2020,7,31,13,5,974,97411,VICTOIRE (AVENUE DE LA),-20.8773431,55.4480892,Plein jour,En agglomération,Hors intersection,Normale,Autre collision,4,2,3,3,2,1,1,0,4,50,1,2,1,0,1,0,44.0,,utilitaire_camion,,1,2,1,1,6
202000033425,2020-09-29 07:45:00,2020,9,29,7,45,61,61457,D13,48.780373,0.553436,Plein jour,Hors agglomération,Hors intersection,Temps couvert,Deux véhicules - frontale,3,2,2,0,1,1,1,0,1,90,2,3,0,0,0,3,56.0,19.0,voiture,voiture,1,1,1,8,1
202000033426,2020-06-02 09:00:00,2020,6,2,9,0,74,74208,Rue des Prés Moulin,45.919673,6.714175,Plein jour,En agglomération,Intersection en T,Normale,Deux véhicules - côté,4,2,2,0,1,1,1,5,1,70,2,2,1,1,0,0,34.0,58.0,voiture,deux_roues,1,2,3,1,3
202000033427,2020-07-31 11:55:00,2020,7,31,11,55,974,97411,JAURES (BOULEVARD JEAN),-20.88878,55.448837,Plein jour,En agglomération,Intersection en T,Normale,Trois véhicules et plus - collisions multiples,2,1,3,0,1,1,1,0,1,50,3,3,2,0,0,1,58.0,54.0,voiture,voiture,1,2,3,1,5
202000033428,2020-09-29 23:45:00,2020,9,29,23,45,41,41095,Route Nationale 10,47.908292,1.189348,Nuit sans éclairage public,Hors agglomération,Hors intersection,Pluie légère,Sans collision,2,3,4,0,1,1,2,0,1,-1,1,1,0,0,1,0,35.0,,deux_roues,,3,1,1,2,7
202000033429,2020-06-01 16:15:00,2020,6,1,16,15,76,76132,947 Grand Rue,49.679278,0.940104,Plein jour,En agglomération,Hors intersection,Normale,,3,2,2,0,2,1,9,0,1,50,2,4,3,0,0,1,50.0,24.0,deux_roues,deux_roues,1,2,1,1,-1
202000033430,2020-07-31 07:30:00,2020,7,31,7,30,974,97411,BOIS DE NEFLES (RUE DU),-20.8884,55.4584,Plein jour,En agglomération,Hors intersection,Normale,Autre collision,4,2,2,0,1,1,1,0,1,50,1,2,1,0,1,0,24.0,,voiture,,1,2,1,1,6
202000033431,2020-09-29 16:45:00,2020,9,29,16,45,68,68258,D2,47.826929,7.286734,Plein jour,Hors agglomération,Intersection en T,Normale,Deux véhicules - frontale,3,2,2,0,1,1,1,3,1,70,2,4,3,0,0,1,34.0,72.0,voiture,voiture,1,1,3,1,1