accident_id,datetime,annee,mois,jour,heure,minute,departement,commune_insee,adresse,latitude,longitude,luminosite,agglomeration,intersection,meteo,collision,catr,circ,nbv,vosp,prof,plan,surf,infra,situ,vma,nb_vehicules,nb_usagers,nb_indemnes,nb_tues,nb_blesses_hosp,nb_blesses_legers,age_cond_1,age_cond_2,veh_type_cond_1,veh_type_cond_2,lum_code,agg_code,int_code,atm_code,col_code
202000033618,2020-06-29 08:25:00,2020,6,29,8,25,84,84007,C.De GAULLE (Rocade),43.9426,4.79364,Plein jour,En agglomération,Hors intersection,Normale,Deux véhicules - côté,4,3,2,0,1,1,1,2,1,50,2,2,1,0,1,0,52.0,54.0,utilitaire_camion,voiture,1,2,1,1,3
202000033619,2020-05-31 18:15:00,2020,5,31,18,15,13,13208,HAMBOURG (BOULEVARD),43.250913,5.388229,Plein jour,En agglomération,Hors intersection,Normale,Deux véhicules - côté,4,1,2,0,1,1,1,0,1,50,2,2,1,0,0,1,26.0,22.0,deux_roues,voiture,1,2,1,1,3
202000033620,2020-12-11 12:36:00,2020,12,11,12,36,51,51454,Boulevard Pommery,49.2472596,4.0511746,Plein jour,En agglomération,Hors intersection,Temps couvert,Trois véhicules et plus - en chaîne,2,2,2,0,1,1,2,0,1,50,3,3,2,0,0,1,20.0,24.0,voiture,utilitaire_camion,1,2,1,8,4
202000033621,2020-09-28 07:30:00,2020,9,28,7,30,974,97411,Boulevard Jean Jaurès,-20.89086,55.45696,Plein jour,En agglomération,Hors intersection,Normale,Deux véhicules - arrière,2,3,2,0,4,1,1,1,1,50,2,3,2,0,0,1,48.0,52.0,autre,autre,1,2,1,1,2
202000033622,2020-12-11 07:00:00,2020,12,11,7,0,50,50129,ROUSSEAU (RUE WALDECK),49.62738,-1.63754,Nuit avec éclairage allumé,En agglomération,Hors intersection,Normale,Deux véhicules - frontale,4,2,2,0,1,1,2,0,1,50,2,2,1,0,0,1,11.0,47.0,deux_roues,voiture,5,2,1,1,1
202000033623,2020-05-31 18:00:00,2020,5,31,18,0,13,13201,BELSUNCE (COURS),43.29732,5.37748,Plein jour,En agglomération,Hors intersection,Normale,Deux véhicules - frontale,9,-1,1,0,1,1,1,0,8,50,2,3,0,0,0,3,21.0,60.0,deux_roues,deux_roues,1,2,1,1,1
202000033624,2020-09-27 18:10:00,2020,9,27,18,10,974,97411,BOIS DE NEFLES (RUE DU),-20.88871,55.45739,Nuit avec éclairage allumé,En agglomération,Intersection en T,Normale,Autre collision,4,2,2,0,1,1,1,5,8,50,1,1,0,0,1,0,18.0,,autre,,5,2,3,1,6
202000033625,2020-12-10 17:17:00,2020,12,10,17,17,49,49007,Rue Volney,47.4641,-0.54736,Crépuscule ou aube,En agglomération,Hors intersection,Normale,Autre collision,4,-1,2,0,1,1,1,0,1,50,1,2,1,0,0,1,71.0,,voiture,,2,2,1,1,6
202000033626,2020-12-11 11:20:00,2020,12,11,11,20,47,47323,PARIS (AV DE),44.426,0.7174,Plein jour,En agglomération,Hors intersection,Normale,Autre collision,4,2,2,0,2,2,2,0,3,50,1,1,0,0,1,0,19.0,,voiture,,1,2,1,1,6
202000033627,2020-05-31 15:45:00,2020,5,31,15,45,13,13212,BELNET (AVENUE),43.31573,5.42265,Plein jour,En agglomération,Intersection en T,Normale,Deux véhicules - côté,1,-1,1,0,2,1,1,9,8,30,2,3,1,0,1,1,45.0,17.0,voiture,deux_roues,1,2,3,1,3
202000033628,2020-09-27 20:45:00,2020,9,27,20,45,973,97302,ARAGO (FRANCOIS),4.9413144,-52.3323547,Nuit avec éclairage allumé,En agglomération,Intersection en X,Normale,Deux véhicules - côté,4,1,1,0,1,1,1,9,1,50,2,2,1,0,1,0,15.0,28.0,deux_roues,voiture,5,2,2,1,3
202000033629,2020-12-11 12:15:00,2020,12,11,12,15,45,45338,RD 2060-PR 30+1170,47.9854242,2.7011879,Plein jour,Hors agglomération,Hors intersection,Pluie forte,Deux véhicules - arrière,3,3,4,0,1,1,2,0,1,110,2,2,0,0,0,2,37.0,53.0,voiture,voiture,1,1,1,3,2
202000033630,2020-09-28 16:40:00,2020,9,28,16,40,69,69386,MARECHAL LYAUTEY (DU)               (PL),45.76937,4.84276,Plein jour,En agglomération,Intersection en X,Pluie forte,Autre collision,4,3,3,1,1,1,2,2,1,50,1,1,0,0,0,1,43.0,,deux_roues,,1,2,2,3,6
202000033631,2020-05-31 11:15:00,2020,5,31,11,15,13,13204,CHUTES LAVI (AVENUE),43.3136,5.3971,Plein jour,En agglomération,Giratoire,Normale,Deux véhicules - côté,4,3,2,0,1,1,1,0,1,50,2,2,1,0,0,1,65.0,63.0,voiture,deux_roues,1,2,6,1,3
202000033632,2020-12-10 18:10:00,2020,12,10,18,10,44,44184,LAENNEC (BD DU DR RENÉ) 92 AU 306 - 153,47.269962,-2.239312,Nuit avec éclairage allumé,En agglomération,Autre intersection,Normale,Deux véhicules - côté,4,1,2,0,1,3,1,0,1,50,2,4,1,0,0,3,41.0,35.0,voiture,voiture,5,2,9,1,3
202000033633,2020-05-31 07:45:00,2020,5,31,7,45,13,13204,CHUTES LAVI (AVENUE),43.3157001,5.3987772,Plein jour,En agglomération,Hors intersection,Normale,Deux véhicules - frontale,4,2,2,0,2,2,1,0,1,50,2,2,0,0,0,2,20.0,29.0,voiture,voiture,1,2,1,1,1
202000033634,2020-09-28 09:30:00,2020,9,28,9,30,69,69387,TONY GARNIER                        (AV),45.7267,4.825,Plein jour,En agglomération,Hors intersection,Pluie forte,Autre collision,4,3,8,3,1,3,3,0,1,50,1,1,0,0,0,1,21.0,,voiture,,1,2,1,3,6
202000033635,2020-11-22 15:55:00,2020,11,22,15,55,44,44109,ROUTE DE SAINT JOSEPH,47.24656,-1.5322,Plein jour,En agglomération,Hors intersection,Normale,Autre collision,4,2,0,0,1,1,1,0,1,50,1,2,1,0,0,1,74.0,,voiture,,1,2,1,1,6
202000033636,2020-05-30 12:45:00,2020,5,30,12,45,13,13212,MARIUS RICHARD (BOULEVARD),43.31598,5.42384,Plein jour,En agglomération,Giratoire,Normale,Deux véhicules - frontale,4,-1,2,0,2,2,1,0,1,30,2,2,1,0,0,1,38.0,38.0,voiture,deux_roues,1,2,6,1,1
202000033637,2020-12-11 02:45:00,2020,12,11,2,45,37,37122,,47.3417526,0.6485796,Nuit sans éclairage public,En agglomération,Hors intersection,Pluie forte,Sans collision,3,3,4,0,1,2,2,0,3,90,1,2,0,0,0,2,44.0,,voiture,,3,2,1,3,7
202000033638,2020-09-28 09:55:00,2020,9,28,9,55,69,69386,LAFAYETTE                           (CO),45.76368,4.85811,Plein jour,En agglomération,Intersection en X,Pluie légère,Deux véhicules - côté,4,2,4,2,1,1,2,5,1,50,2,2,1,0,0,1,30.0,28.0,voiture,deux_roues,1,2,2,2,3
202000033639,2020-09-28 16:15:00,2020,9,28,16,15,69,69389,SIDOINE APPOLINAIRE                 (AV),45.76255,4.80415,Plein jour,En agglomération,Hors intersection,Normale,Autre collision,4,2,2,0,2,1,2,0,1,50,1,2,1,0,0,1,,,,,1,2,1,1,6
202000033640,2020-05-31 01:23:00,2020,5,31,1,23,10,10333,AUXERRE (ROUTE),48.274014,4.058178,Nuit avec éclairage allumé,En agglomération,Intersection en X,Normale,Deux véhicules - côté,4,2,2,0,1,1,1,0,1,50,2,3,1,0,0,2,53.0,20.0,voiture,voiture,5,2,2,1,3
202000033641,2020-09-28 07:55:00,2020,9,28,7,55,971,97113,RN4 - SECTION RIVIERA,16.22961,-61.52406,Plein jour,Hors agglomération,Hors intersection,Pluie légère,Deux véhicules - côté,2,3,4,0,1,1,3,0,1,90,2,3,1,0,0,2,28.0,46.0,voiture,deux_roues,1,1,1,2,3
202000033642,2020-12-11 12:50:00,2020,12,11,12,50,37,37122,TAILHAR (RUE DU),47.3549861,0.6772769,Plein jour,En agglomération,Hors intersection,Pluie légère,Deux véhicules - frontale,4,2,2,0,1,3,2,0,1,50,2,2,1,0,0,1,45.0,48.0,voiture,voiture,1,2,1,2,1
202000033643,2020-12-04 20:21:00,2020,12,4,20,21,37,37122,VAUX (ROUTE DES),47.3455488,0.6485068,Nuit avec éclairage allumé,En agglomération,Hors intersection,Pluie légère,Sans collision,4,2,2,0,1,3,2,0,1,50,1,1,0,0,0,1,21.0,,deux_roues,,5,2,1,2,7
202000033644,2020-05-30 08:55:00,2020,5,30,8,55,07,07186,CD 2 ROUTE DE CHOMERAC,44.71918,4.60398,Plein jour,Hors agglomération,Intersection en T,Normale,Deux véhicules - côté,3,2,3,0,1,1,1,0,1,80,2,2,1,0,0,1,33.0,33.0,voiture,deux_roues,1,1,3,1,3
202000033645,2020-09-28 12:10:00,2020,9,28,12,10,91,91216,TOURELLES (CHEMIN),48.669143,2.335357,Plein jour,En agglomération,Hors intersection,Temps couvert,Deux véhicules - côté,4,2,2,0,1,1,2,0,8,50,2,2,1,0,0,1,52.0,81.0,voiture,voiture,1,2,1,8,3
202000033646,2020-12-11 12:45:00,2020,12,11,12,45,35,35238,PATTON (AVENUE DU GENERAL SIR GEORGES),48.13846,-1.65866,Plein jour,En agglomération,Intersection en X,Normale,Autre collision,4,2,2,0,2,1,2,5,1,50,1,2,1,0,0,1,38.0,,voiture,,1,2,2,1,6
202000033647,2020-09-28 18:50:00,2020,9,28,18,50,91,91286,GABRIEL PERI (RUE),48.65733,2.38583,Crépuscule ou aube,En agglomération,Intersection en T,Temps couvert,Deux véhicules - côté,7,2,2,0,1,1,1,0,1,50,2,2,1,0,0,1,36.0,14.0,voiture,deux_roues,2,2,3,8,3
202000033648,2020-05-30 12:00:00,2020,5,30,12,0,06,06088,MONT-BORON (PTE AV. DU),43.69664,7.295809,Plein jour,En agglomération,Hors intersection,Normale,Autre collision,4,-1,1,0,2,1,1,0,1,50,1,3,1,0,1,1,31.0,,voiture,,1,2,1,1,6
202000033649,2020-12-11 19:25:00,2020,12,11,19,25,34,34172,PEDRO DE LUNA (BOULEVARD),43.59337,3.87346,Nuit avec éclairage allumé,En agglomération,Intersection en X,Pluie légère,Autre collision,4,2,2,0,1,1,2,0,1,50,1,2,1,0,1,0,24.0,,voiture,,5,2,2,2,6
202000033650,2020-09-28 10:30:00,2020,9,28,10,30,91,91201,GENERAL DE GAULLE(BOULEVARD),48.68828,2.39082,Plein jour,En agglomération,Giratoire,Pluie légère,Autre collision,4,-1,2,0,1,1,2,0,1,50,1,2,1,0,1,0,69.0,,voiture,,1,2,6,2,6
202000033651,2020-05-31 20:50:00,2020,5,31,20,50,06,06012,ROUTE DE LA TURBIE,43.757425,7.429918,Nuit sans éclairage public,Hors agglomération,Hors intersection,Normale,Deux véhicules - frontale,3,2,2,0,2,2,1,0,1,80,2,2,1,0,1,0,22.0,25.0,voiture,deux_roues,3,1,1,1,1
202000033652,2020-12-11 18:19:00,2020,12,11,18,19,34,34172,FLAHAULT (AVENUE CHARLES,43.62071,3.86497,Nuit avec éclairage allumé,En agglomération,Hors intersection,Pluie forte,Deux véhicules - frontale,4,2,4,1,1,1,2,0,5,50,2,2,1,0,1,0,20.0,21.0,deux_roues,voiture,5,2,1,3,1
202000033653,2020-09-25 19:30:00,2020,9,25,19,30,91,91339,BENOIST ROBERT (AVENUE),48.635384,2.266412,Crépuscule ou aube,En agglomération,Intersection en X,Normale,Deux véhicules - arrière,2,3,4,0,1,1,1,0,1,50,2,3,1,0,0,2,53.0,49.0,voiture,utilitaire_camion,2,2,2,1,2
202000033654,2020-09-26 20:35:00,2020,9,26,20,35,87,87065,MOURIOUX (RUE FRANCOIS-),45.82033,1.3242,Nuit avec éclairage allumé,En agglomération,Hors intersection,Normale,Sans collision,4,2,2,0,1,1,1,0,1,30,1,1,0,0,1,0,58.0,,deux_roues,,5,2,1,1,7
202000033655,2020-12-08 22:20:00,2020,12,8,22,20,34,34032,ANGLETERRE (BD D'),43.34541,3.21068,Nuit avec éclairage allumé,En agglomération,Hors intersection,Normale,Deux véhicules - arrière,4,2,2,0,2,1,1,0,1,50,2,2,1,0,1,0,19.0,16.0,voiture,deux_roues,5,2,1,1,2
202000033656,2020-05-30 17:00:00,2020,5,30,17,0,75,75113,BD PERIPHERIQUE INTERIEUR,48.825791,2.386589,Plein jour,En agglomération,Hors intersection,Normale,Trois véhicules et plus - en chaîne,4,1,4,0,1,1,1,0,1,70,3,4,3,0,0,1,41.0,44.0,voiture,voiture,1,2,1,1,4
202000033657,2020-05-30 11:25:00,2020,5,30,11,25,75,75113,BD PERIPHERIQUE EXTERIEUR,48.816707,2.365107,Plein jour,En agglomération,Hors intersection,Normale,Deux véhicules - arrière,4,1,4,0,1,1,1,0,1,70,2,2,1,0,0,1,31.0,31.0,deux_roues,voiture,1,2,1,1,2
202000033658,2020-09-24 20:00:00,2020,9,24,20,0,87,87085,PONT NEUF,45.82605,1.26791,Nuit avec éclairage allumé,En agglomération,Intersection en X,Pluie légère,Deux véhicules - côté,2,2,5,0,1,1,2,5,1,50,2,2,1,0,0,1,63.0,19.0,voiture,deux_roues,5,2,2,2,3
202000033659,2020-12-11 17:45:00,2020,12,11,17,45,33,33550,AVE MIRIEU DE LABARRE,44.78043,-0.53521,Nuit avec éclairage allumé,En agglomération,Hors intersection,Pluie légère,Trois véhicules et plus - collisions multiples,4,2,2,0,1,1,2,0,1,50,4,6,2,0,0,4,25.0,32.0,voiture,voiture,5,2,1,2,5
202000033660,2020-09-25 12:43:00,2020,9,25,12,43,87,87085,ROBERVAL (RUE GILDAS DE),45.88143,1.26714,Plein jour,En agglomération,Hors intersection,Normale,Autre collision,4,2,2,0,1,1,1,0,1,50,1,2,1,0,0,1,24.0,,voiture,,1,2,1,1,6
202000033661,2020-05-30 00:25:00,2020,5,30,0,25,75,75117,BD PERIPHERIQUE INTERIEUR,48.898236,2.314806,Nuit avec éclairage allumé,En agglomération,Hors intersection,Normale,Autre collision,4,1,4,0,1,1,1,0,1,70,1,1,0,0,0,1,20.0,,voiture,,5,2,1,1,6
202000033662,2020-12-11 07:28:00,2020,12,11,7,28,30,30189,BEAUCAIRE (ROUTE),43.83793,4.37914,Nuit avec éclairage allumé,En agglomération,Intersection en X,Pluie légère,Deux véhicules - frontale,4,2,2,1,1,1,2,0,1,50,2,2,1,0,1,0,37.0,43.0,deux_roues,voiture,5,2,2,2,1
202000033663,2020-05-30 01:15:00,2020,5,30,1,15,75,75119,BD PERIPHERIQUE INTERIEUR,48.9003513,2.3751658,Nuit avec éclairage allumé,En agglomération,Hors intersection,Normale,Autre collision,4,1,3,0,1,1,1,0,1,70,1,1,0,0,1,0,,,,,5,2,1,1,6
202000033664,2020-09-26 12:20:00,2020,9,26,12,20,86,86214,Rocade Ouest,46.5518422,0.3213876,Plein jour,En agglomération,Hors intersection,Normale,Deux véhicules - arrière,3,3,6,0,1,1,1,0,1,50,2,3,0,0,0,3,37.0,32.0,voiture,voiture,1,2,1,1,2
202000033665,2020-09-15 10:05:00,2020,9,15,10,5,86,86066,Rue d’Antran,46.81704,0.53653,Plein jour,En agglomération,Hors intersection,Temps éblouissant,Autre collision,4,1,2,0,1,1,1,0,1,50,1,2,1,0,1,0,59.0,,voiture,,1,2,1,7,6
202000033666,2020-05-29 23:30:00,2020,5,29,23,30,75,75116,AVENUE DE L HIPPODROME,48.8622939,2.2383302,Nuit avec éclairage allumé,En agglomération,Intersection en X,Normale,Deux véhicules - côté,4,2,2,0,2,1,1,0,1,50,2,2,1,0,1,0,47.0,18.0,voiture,deux_roues,5,2,2,1,3
202000033667,2020-12-11 20:55:00,2020,12,11,20,55,29,29019,D112 - Rond point Pen Ar Ch’Leuz,48.4151172,-4.4798042,Nuit avec éclairage allumé,Hors agglomération,Giratoire,Pluie légère,Deux véhicules - arrière,3,3,4,0,1,1,2,5,1,50,2,2,1,0,0,1,43.0,38.0,voiture,voiture,5,1,6,2,2
202000033668,2020-09-28 15:45:00,2020,9,28,15,45,85,85191,ANGLETERRE BOULEVARD D' (SECTEUR 101),46.67472,-1.42873,Plein jour,En agglomération,Giratoire,Normale,Deux véhicules - côté,3,2,2,0,1,1,1,5,1,30,2,3,1,0,1,1,59.0,60.0,voiture,deux_roues,1,2,6,1,3
202000033669,2020-12-10 18:56:00,2020,12,10,18,56,29,29019,Rue Marcellin Duval,48.4132258,-4.486616,Crépuscule ou aube,En agglomération,Intersection en X,Pluie légère,Autre collision,4,2,2,0,2,1,2,0,1,30,1,2,1,0,0,1,18.0,,voiture,,2,2,2,2,6
202000033670,2020-09-28 18:30:00,2020,9,28,18,30,83,83137,HAMEL (AVE COMMANDANT JULES),43.12059,5.95788,Crépuscule ou aube,En agglomération,Hors intersection,Normale,Autre collision,4,2,2,1,1,1,1,0,1,50,1,2,0,0,0,2,56.0,,voiture,,2,2,1,1,6
202000033671,2020-09-26 12:00:00,2020,9,26,12,0,80,80021,DIJON (RUE),49.88767,2.30597,Plein jour,En agglomération,Hors intersection,Normale,Autre collision,4,1,1,0,1,1,1,0,1,50,1,2,1,0,0,1,27.0,,voiture,,1,2,1,1,6
202000033672,2020-12-10 17:55:00,2020,12,10,17,55,27,27229,FORET (RUE DE LA),49.01061,1.15866,Nuit avec éclairage allumé,En agglomération,Hors intersection,Pluie légère,Autre collision,4,2,2,0,1,1,2,0,1,50,1,2,1,0,0,1,38.0,,voiture,,5,2,1,2,6
202000033673,2020-05-30 23:26:00,2020,5,30,23,26,75,75105,RUE MOUFFETARD,48.844314,2.3492803,Nuit avec éclairage allumé,En agglomération,Hors intersection,Normale,Autre collision,4,2,2,0,1,1,1,0,1,30,1,2,1,0,0,1,30.0,,voiture,,5,2,1,1,6
202000033674,2020-09-25 17:28:00,2020,9,25,17,28,80,80164,ROGER SALENGRO (RUE),49.89079,2.35052,Plein jour,En agglomération,Hors intersection,Normale,Trois véhicules et plus - collisions multiples,4,2,2,0,1,3,1,0,1,50,3,3,2,0,0,1,39.0,49.0,voiture,voiture,1,2,1,1,5
202000033675,2020-12-10 19:52:00,2020,12,10,19,52,25,25056,ROUTE DE MARCHAUX,47.28204,6.0613,Nuit sans éclairage public,Hors agglomération,Hors intersection,Autre,Deux véhicules - frontale,3,2,2,0,1,3,2,0,1,80,2,2,0,1,1,0,27.0,58.0,voiture,voiture,3,1,1,9,1
202000033676,2020-05-31 18:15:00,2020,5,31,18,15,75,75120,BOULEVARD DE BELLEVILLE,48.867102,2.383288,Plein jour,En agglomération,Intersection en X,Normale,Deux véhicules - côté,4,3,1,3,1,1,1,-1,6,50,2,2,1,0,0,1,57.0,33.0,deux_roues,transport_commun,1,2,2,1,3
202000033677,2020-12-11 21:20:00,2020,12,11,21,20,17,17300,ROBESPIERRE   AVENUE,46.15195,-1.124,Nuit avec éclairage allumé,En agglomération,Intersection en X,Pluie forte,Autre collision,4,1,1,0,1,1,2,9,1,30,1,1,0,0,1,0,19.0,,deux_roues,,5,2,2,3,6
202000033678,2020-09-28 21:10:00,2020,9,28,21,10,78,78551,RN 13,48.900023,2.066208,Nuit avec éclairage allumé,En agglomération,Hors intersection,Normale,Deux véhicules - arrière,2,1,2,0,2,1,1,0,1,70,2,2,1,0,0,1,41.0,19.0,voiture,voiture,5,2,1,1,2
202000033679,2020-05-30 00:45:00,2020,5,30,0,45,75,75120,COURS DE VINCENNES,48.848234,2.400959,Nuit sans éclairage public,En agglomération,Hors intersection,Normale,Autre collision,4,1,1,-1,1,1,1,0,1,30,1,1,0,0,1,0,24.0,,deux_roues,,3,2,1,1,6
202000033680,2020-12-11 15:05:00,2020,12,11,15,5,14,14118,CONCORDE (AVENUE DE LA),49.1593,-0.3431,Plein jour,En agglomération,Hors intersection,Pluie légère,Autre collision,4,2,2,0,1,1,2,0,1,50,1,1,0,0,1,0,,,,,1,2,1,2,6
202000033681,2020-09-28 17:00:00,2020,9,28,17,0,78,78440,FOYER AFTAM NOUVELLE FRANCE,48.98847,1.89529,Plein jour,En agglomération,Hors intersection,Normale,Autre collision,4,1,1,0,1,1,1,0,8,30,1,2,1,0,0,1,44.0,,voiture,,1,2,1,1,6
202000033682,2020-09-28 05:45:00,2020,9,28,5,45,77,77186,d301 de chantoiseau /grand veneur,48.373636,2.641045,Nuit sans éclairage public,Hors agglomération,Hors intersection,Pluie forte,Autre collision,3,2,2,0,1,3,2,0,3,80,1,1,0,0,1,0,24.0,,voiture,,3,1,1,3,6
202000033683,2020-11-30 18:10:00,2020,11,30,18,10,14,14437,LAMY (RUE GASTON),49.18185,-0.32893,Nuit sans éclairage public,En agglomération,Intersection en T,Normale,Autre collision,4,2,2,0,1,1,1,0,1,50,1,1,0,0,1,0,,,,,3,2,3,1,6
202000033684,2020-05-31 18:15:00,2020,5,31,18,15,75,75119,PLACE DE LA PORTE DE PANTIN,48.8897004,2.3966664,Plein jour,En agglomération,Place,Normale,Deux véhicules - côté,4,1,3,0,1,1,1,0,1,50,2,4,3,0,0,1,29.0,33.0,voiture,deux_roues,1,2,7,1,3
202000033685,2020-12-11 17:50:00,2020,12,11,17,50,13,13202,EVECHE (RUE DE L'),43.2975,5.38038,Nuit avec éclairage allumé,En agglomération,Hors intersection,Pluie légère,Autre collision,4,2,2,0,1,1,2,0,1,50,1,2,1,0,0,1,23.0,,utilitaire_camion,,5,2,1,2,6
202000033686,2020-05-31 19:40:00,2020,5,31,19,40,75,75118,RUE STEPHENSON,48.886068,2.356615,Plein jour,En agglomération,Intersection en X,Normale,Deux véhicules - côté,4,1,1,0,1,1,1,0,1,50,2,2,1,0,0,1,26.0,53.0,deux_roues,voiture,1,2,2,1,3
202000033687,2020-08-30 09:50:00,2020,8,30,9,50,76,76540,EUROPE. BOULEVARD DE L',49.42827,1.08134,Plein jour,En agglomération,Intersection en X,Normale,Deux véhicules - côté,4,2,8,3,1,1,1,0,1,50,2,3,2,0,0,1,42.0,26.0,voiture,voiture,1,2,2,1,3
202000033688,2020-12-11 21:20:00,2020,12,11,21,20,13,13001,COSTE JEAN PAUL (AV ),43.51401,5.46138,Nuit avec éclairage allumé,En agglomération,Autre intersection,Pluie légère,Deux véhicules - côté,9,2,2,0,1,1,2,0,1,50,2,2,1,0,0,1,66.0,20.0,voiture,voiture,5,2,9,2,3
202000033689,2020-05-30 23:50:00,2020,5,30,23,50,75,75117,BOULEVARD DES BATIGNOLLES,48.8817742,2.3181394,Nuit avec éclairage allumé,En agglomération,Hors intersection,Normale,Deux véhicules - côté,4,3,2,0,1,1,1,0,1,50,2,5,4,0,0,1,24.0,36.0,voiture,deux_roues,5,2,1,1,3
202000033690,2020-12-11 13:50:00,2020,12,11,13,50,12,12176,ESPALION (ROUTE D'),44.37121,2.5916,Plein jour,En agglomération,Intersection en T,Normale,Deux véhicules - côté,4,2,2,0,1,1,1,0,1,50,2,2,1,0,1,0,69.0,54.0,voiture,deux_roues,1,2,3,1,3
202000033691,2020-09-26 22:20:00,2020,9,26,22,20,76,76540,REPUBLIQUE. RUE DE LA,49.44208,1.0983,Nuit avec éclairage allumé,En agglomération,Hors intersection,Normale,Deux véhicules - côté,4,1,1,3,2,1,1,0,1,30,2,2,1,0,0,1,33.0,22.0,deux_roues,voiture,5,2,1,1,3
202000033692,2020-05-31 01:50:00,2020,5,31,1,50,75,75112,QUAI DE LA RAPEE,48.841617,2.372562,Nuit avec éclairage allumé,En agglomération,Hors intersection,Normale,Trois véhicules et plus - en chaîne,4,1,3,0,2,1,1,0,1,50,3,3,1,0,0,2,33.0,28.0,voiture,deux_roues,5,2,1,1,4
202000033693,2020-12-10 20:32:00,2020,12,10,20,32,10,10081,ROCADE EST (RD 610),48.322591,4.02696,Nuit sans éclairage public,En agglomération,Autre intersection,Autre,Autre collision,3,3,2,0,1,1,9,9,2,110,1,1,0,0,0,1,35.0,,utilitaire_camion,,3,2,9,9,6
202000033694,2020-05-31 21:40:00,2020,5,31,21,40,75,75104,RUE DE RIVOLI,48.857512,2.351442,Crépuscule ou aube,En agglomération,Intersection en X,Normale,Deux véhicules - côté,4,2,4,1,1,1,1,-1,5,50,2,1,0,0,0,1,21.0,,deux_roues,,2,2,2,1,3
202000033695,2020-12-11 10:30:00,2020,12,11,10,30,06,06027,VERDUN AVENUE DE,43.66685,7.14173,Plein jour,En agglomération,Giratoire,Temps couvert,Deux véhicules - côté,7,1,2,0,1,2,1,0,1,50,2,2,1,0,1,0,40.0,61.0,utilitaire_camion,deux_roues,1,2,6,8,3
202000033696,2020-09-27 01:20:00,2020,9,27,1,20,76,76351,JULES LECESNE (RUE),49.4933,0.1185,Nuit avec éclairage allumé,En agglomération,Intersection en X,Normale,Deux véhicules - côté,4,1,1,0,1,1,1,0,1,50,2,4,2,0,0,2,30.0,24.0,voiture,voiture,5,2,2,1,3
202000033697,2020-09-28 13:45:00,2020,9,28,13,45,69,69256,DROITS DE L'HOMME (DES)             (R ),45.77073,4.93248,Plein jour,En agglomération,Hors intersection,Pluie légère,Sans collision,4,2,4,0,3,3,2,2,1,50,1,2,1,0,0,1,37.0,,voiture,,1,2,1,2,7
202000033698,2020-09-27 17:40:00,2020,9,27,17,40,67,67043,TROIS MAIRES (RUE DES),48.62996,7.77664,Plein jour,Hors agglomération,Intersection en T,Temps couvert,Deux véhicules - côté,4,2,4,0,1,1,1,0,1,50,2,2,1,0,0,1,23.0,34.0,voiture,voiture,1,1,3,8,3
202000033699,2020-05-31 19:10:00,2020,5,31,19,10,75,75104,RUE DE RIVOLI,48.855224,2.361112,Plein jour,En agglomération,Intersection en T,Normale,Deux véhicules - frontale,4,2,4,1,1,1,1,-1,5,50,2,2,1,0,0,1,26.0,48.0,deux_roues,deux_roues,1,2,3,1,1
202000033700,2020-12-10 19:42:00,2020,12,10,19,42,75,75107,RUE DE L UNIVERSITE,48.861051,2.31323,Nuit avec éclairage allumé,En agglomération,Intersection en X,Normale,Autre collision,4,2,2,0,1,1,1,0,1,50,1,2,1,1,0,0,67.0,,voiture,,5,2,2,1,6
202000033701,2020-09-26 12:00:00,2020,9,26,12,0,67,67482,OBERHAUSBERGEN (ROUTE D ),48.59548,7.70891,Plein jour,En agglomération,Hors intersection,Pluie légère,Autre collision,7,2,3,1,1,1,2,0,1,50,1,2,1,0,0,1,28.0,,voiture,,1,2,1,2,6
202000033702,2020-12-11 11:45:00,2020,12,11,11,45,75,75105,RUE LACEPEDE,48.843794,2.352301,Plein jour,En agglomération,Intersection en X,Pluie légère,Autre collision,4,1,1,0,4,1,2,0,1,30,1,2,1,0,0,1,37.0,,utilitaire_camion,,1,2,2,2,6
202000033703,2020-09-25 15:10:00,2020,9,25,15,10,67,67482,GENERAL ZIMMER (RUE DU),48.58103,7.76251,Plein jour,En agglomération,Hors intersection,Pluie légère,,4,2,2,0,1,1,2,0,1,30,2,2,1,0,0,1,16.0,17.0,deux_roues,deux_roues,1,2,1,2,-1
202000033704,2020-09-25 14:00:00,2020,9,25,14,0,67,67482,CERF BERR (RUE),48.5843734,7.6928123,Plein jour,En agglomération,Hors intersection,Normale,Autre collision,4,2,2,0,1,1,1,0,1,30,1,2,1,0,0,1,39.0,,voiture,,1,2,1,1,6
202000033705,2020-12-11 08:50:00,2020,12,11,8,50,75,75120,PLACE GAMBETTA,48.865094,2.398656,Plein jour,En agglomération,Place,Pluie légère,Deux véhicules - arrière,4,2,2,0,1,2,2,0,1,50,2,2,1,0,0,1,36.0,33.0,deux_roues,voiture,1,2,7,2,2
202000033706,2020-05-30 23:45:00,2020,5,30,23,45,94,94073,VERSAILLES (AV DE),48.75843,2.39284,Nuit avec éclairage allumé,En agglomération,Intersection en X,Normale,Deux véhicules - arrière,3,1,4,0,2,1,1,0,1,50,2,4,0,0,0,4,22.0,33.0,voiture,utilitaire_camion,5,2,2,1,2
202000033707,2020-05-31 16:50:00,2020,5,31,16,50,94,94011,SEMARD(RUE PIERRE),48.7627,2.4786,Plein jour,En agglomération,Autre intersection,Normale,Deux véhicules - côté,3,3,0,0,1,1,1,0,1,50,2,3,2,0,0,1,40.0,65.0,voiture,voiture,1,2,9,1,3