accident_id,datetime,annee,mois,jour,heure,minute,departement,commune_insee,adresse,latitude,longitude,luminosite,agglomeration,intersection,meteo,collision,catr,circ,nbv,vosp,prof,plan,surf,infra,situ,vma,nb_vehicules,nb_usagers,nb_indemnes,nb_tues,nb_blesses_hosp,nb_blesses_legers,age_cond_1,age_cond_2,veh_type_cond_1,veh_type_cond_2,lum_code,agg_code,int_code,atm_code,col_code
202000033708,2020-05-31 16:20:00,2020,5,31,16,20,94,94028,CLAVISIS.(RUE DES),48.7806702,2.4715111,Plein jour,En agglomération,Hors intersection,Normale,Deux véhicules - côté,4,1,1,0,1,1,1,0,1,50,2,2,1,0,0,1,35.0,10.0,voiture,deux_roues,1,2,1,1,3
202000033709,2020-12-11 05:45:00,2020,12,11,5,45,75,75119,RUE DE BELLEVILLE,48.875489,2.392072,Nuit avec éclairage allumé,En agglomération,Intersection en T,Pluie forte,Deux véhicules - côté,4,2,2,0,2,1,2,0,1,50,2,2,1,0,0,1,28.0,40.0,voiture,voiture,5,2,3,3,3
202000033710,2020-09-26 12:50:00,2020,9,26,12,50,66,66136,MERMOZ (AVENUE JEAN),42.69312,2.91533,Plein jour,En agglomération,Hors intersection,Normale,Deux véhicules - côté,4,2,-1,0,1,1,1,0,1,50,2,2,1,0,0,1,71.0,69.0,voiture,deux_roues,1,2,1,1,3
202000033711,2020-09-25 16:04:00,2020,9,25,16,4,66,66136,GUYNEMER (AVENUE GEORGES),42.68889,2.90691,Plein jour,En agglomération,Hors intersection,Normale,Autre collision,4,2,2,0,1,1,1,0,1,50,1,2,1,0,0,1,38.0,,voiture,,1,2,1,1,6
202000033712,2020-08-24 15:10:00,2020,8,24,15,10,65,65440,LATTRE DE TASSIGNY(BOULEVARD DE),43.230579,0.055116,Plein jour,En agglomération,Hors intersection,Normale,Deux véhicules - arrière,3,2,2,0,1,1,1,0,1,50,2,3,2,0,0,1,33.0,73.0,voiture,voiture,1,2,1,1,2
202000033713,2020-09-25 22:00:00,2020,9,25,22,0,63,63300,RD 2009,45.89615,3.14034,Nuit avec éclairage allumé,Hors agglomération,Hors intersection,Normale,Autre collision,3,3,4,0,1,1,2,5,8,110,1,3,1,0,1,1,24.0,,voiture,,5,1,1,1,6
202000033714,2020-09-04 23:20:00,2020,9,4,23,20,59,59009,BREUCQ BOULEVARD DU,50.64355,3.14453,Nuit avec éclairage allumé,Hors agglomération,Intersection en X,Normale,Deux véhicules - côté,7,1,4,0,1,1,1,0,1,50,2,4,1,1,2,0,23.0,26.0,voiture,voiture,5,1,2,1,3
202000033715,2020-09-27 14:55:00,2020,9,27,14,55,59,59178,RD 643,50.37465,3.06602,Plein jour,En agglomération,Hors intersection,Temps couvert,Autre collision,3,2,2,0,1,1,2,0,1,50,1,3,1,0,0,2,26.0,,voiture,,1,2,1,8,6
202000033716,2020-09-25 20:15:00,2020,9,25,20,15,59,59178,LEFEBVRE D'ORVAL (RUE),50.36532,3.06362,Nuit avec éclairage allumé,En agglomération,Hors intersection,Pluie légère,Deux véhicules - côté,4,2,2,0,1,1,2,0,4,30,2,2,1,0,1,0,27.0,20.0,deux_roues,voiture,5,2,1,2,3
202000033717,2020-09-27 09:30:00,2020,9,27,9,30,54,54578,AIGUILLETTES  (BD DES),48.67,6.1584,Plein jour,En agglomération,Intersection à plus de 4 branches,Pluie forte,Deux véhicules - côté,4,2,4,0,1,1,2,0,1,50,2,1,0,0,1,0,88.0,,voiture,,1,2,5,3,3
202000033718,2020-09-26 03:20:00,2020,9,26,3,20,54,54254,196 (ROUTE DEPARTEMENTALE),49.5142,5.8126,Nuit sans éclairage public,Hors agglomération,Hors intersection,Pluie légère,Autre collision,3,2,2,0,1,2,2,0,1,80,1,1,0,1,0,0,34.0,,voiture,,3,1,1,2,6
202000033719,2020-09-28 15:55:00,2020,9,28,15,55,51,51454,Avenue de Champagne,49.2347569,4.041019,Plein jour,En agglomération,Hors intersection,Pluie légère,Deux véhicules - arrière,3,1,3,0,1,1,2,0,1,70,2,2,0,0,0,2,38.0,35.0,voiture,voiture,1,2,1,2,2
202000033720,2020-09-27 15:10:00,2020,9,27,15,10,50,50129,JOUENNERIE (RUE DE LA),49.62428,-1.63816,Plein jour,Hors agglomération,Hors intersection,Normale,Autre collision,4,1,1,0,1,1,1,0,1,50,1,1,0,0,1,0,19.0,,deux_roues,,1,1,1,1,6
202000033721,2020-09-18 22:56:00,2020,9,18,22,56,49,49015,MENDES FRANCE AVENUE PIERRE,47.50868,-0.59153,Nuit avec éclairage allumé,En agglomération,Hors intersection,Pluie légère,Sans collision,4,-1,2,0,1,1,1,0,1,50,1,1,0,0,0,1,16.0,,deux_roues,,5,2,1,2,7
202000033722,2020-09-25 07:42:00,2020,9,25,7,42,49,49015,DE GAULLE ROND POINT DU GENERAL,47.5006,-0.59056,Crépuscule ou aube,En agglomération,Giratoire,Normale,Deux véhicules - arrière,4,-1,2,0,1,1,1,0,1,50,2,2,1,0,0,1,14.0,43.0,deux_roues,voiture,2,2,6,1,2
202000033723,2020-09-25 13:54:00,2020,9,25,13,54,49,49007,DAVIERS BOULEVARD,47.47861,-0.5562,Plein jour,En agglomération,Intersection en X,Normale,Sans collision,4,1,3,1,1,1,1,0,1,30,1,1,0,0,0,1,26.0,,deux_roues,,1,2,2,1,7
202000033724,2020-09-25 18:17:00,2020,9,25,18,17,49,49323,A87N,47.4917,-0.49692,Plein jour,En agglomération,Hors intersection,Normale,Deux véhicules - arrière,1,-1,2,0,1,1,1,0,1,90,2,2,1,0,0,1,56.0,32.0,voiture,utilitaire_camion,1,2,1,1,2
202000033725,2020-09-28 06:30:00,2020,9,28,6,30,45,45234,Rue de Tours,47.841531,1.937328,Nuit avec éclairage allumé,En agglomération,Passage à niveau,Pluie légère,Deux véhicules - côté,4,2,1,3,1,1,2,4,6,50,2,3,1,0,0,2,42.0,28.0,utilitaire_camion,transport_commun,5,2,8,2,3
202000033726,2020-09-28 09:15:00,2020,9,28,9,15,35,35238,MARTIN (PIERRE),48.1021889,-1.6679444,Plein jour,En agglomération,Intersection en T,Normale,Autre collision,4,2,2,0,1,1,1,0,1,50,1,2,1,0,0,1,19.0,,voiture,,1,2,3,1,6
202000033727,2020-12-11 14:30:00,2020,12,11,14,30,75,75117,BOULEVARD MALESHERBES,48.881213,2.312175,Plein jour,En agglomération,Intersection en T,Pluie forte,Deux véhicules - côté,4,2,2,0,1,1,2,0,1,50,2,3,2,0,0,1,68.0,47.0,voiture,deux_roues,1,2,3,3,3
202000033728,2020-05-31 14:30:00,2020,5,31,14,30,93,93078,BON AVENIR (AVENUE DU),48.947624,2.5631358,Plein jour,En agglomération,Hors intersection,Normale,Deux véhicules - arrière,4,1,1,0,1,1,1,0,1,50,2,3,2,0,0,1,52.0,23.0,autre,autre,1,2,1,1,2
202000033729,2020-12-11 08:50:00,2020,12,11,8,50,75,75116,AVENUE DE LA GRANDE ARMEE,48.87486,2.291684,Plein jour,En agglomération,Hors intersection,Temps couvert,Autre collision,4,1,4,0,2,1,2,0,1,50,1,3,2,0,0,1,67.0,,voiture,,1,2,1,8,6
202000033730,2020-05-30 20:25:00,2020,5,30,20,25,93,93077,PLATEAU (RUE DU),48.88009,2.50563,Crépuscule ou aube,En agglomération,Hors intersection,Normale,Autre collision,4,2,2,0,2,2,1,0,1,30,1,3,2,0,1,0,27.0,,voiture,,2,2,1,1,6
202000033731,2020-05-31 02:30:00,2020,5,31,2,30,93,93033,AVENUE JEAN JAURES ,48.8586274,2.5825717,Nuit avec éclairage allumé,En agglomération,Hors intersection,Normale,Deux véhicules - arrière,3,1,4,0,1,1,1,0,1,50,2,5,4,0,0,1,25.0,19.0,deux_roues,voiture,5,2,1,1,2
202000033732,2020-05-31 19:10:00,2020,5,31,19,10,93,93006,AV GAMBETTA / R HOCHE,48.8696,2.4161,Plein jour,En agglomération,Intersection en X,Normale,Deux véhicules - côté,3,3,4,1,1,1,1,0,1,50,2,2,1,0,0,1,17.0,42.0,deux_roues,voiture,1,2,2,1,3
202000033733,2020-12-11 15:48:00,2020,12,11,15,48,75,75115,BOULEVARD DE GRENELLE,48.85091,2.292607,Plein jour,En agglomération,Intersection en X,Pluie forte,Deux véhicules - côté,4,1,1,0,1,1,2,0,1,50,2,2,1,0,0,1,22.0,25.0,utilitaire_camion,deux_roues,1,2,2,3,3
202000033734,2020-05-31 12:45:00,2020,5,31,12,45,93,93032,JEAN BOUIN   (RUE),48.880051,2.550405,Plein jour,En agglomération,Autre intersection,Normale,Deux véhicules - côté,4,2,2,0,1,1,1,0,1,50,2,2,1,0,0,1,56.0,19.0,voiture,deux_roues,1,2,9,1,3
202000033735,2020-05-30 19:40:00,2020,5,30,19,40,93,93014,GAGARINE (BOULEVARD),48.905699,2.540317,Plein jour,En agglomération,Hors intersection,Normale,Trois véhicules et plus - en chaîne,3,1,0,0,1,1,1,0,1,50,3,6,4,0,0,2,45.0,41.0,voiture,voiture,1,2,1,1,4
202000033736,2020-12-11 18:50:00,2020,12,11,18,50,75,75114,RUE ALPHONSE DAUDET,48.826129,2.328918,Nuit avec éclairage allumé,En agglomération,Intersection en X,Pluie légère,Autre collision,4,1,1,0,1,1,2,0,1,50,1,2,1,0,0,1,56.0,,voiture,,5,2,2,2,6
202000033737,2020-05-31 11:50:00,2020,5,31,11,50,92,92040,STALINGRAD (QUAI DE),48.8227244,2.2532728,Plein jour,En agglomération,Hors intersection,Normale,Deux véhicules - arrière,3,1,2,0,1,1,1,0,1,50,2,2,1,0,0,1,54.0,23.0,voiture,voiture,1,2,1,1,2
202000033738,2020-12-10 20:55:00,2020,12,10,20,55,75,75114,BOULEVARD PERIPHERIQUE EXTERIEUR SUD,48.82188,2.3168,Nuit sans éclairage public,En agglomération,Intersection en Y,Normale,Deux véhicules - arrière,4,1,1,0,2,1,1,0,1,50,2,1,0,0,0,1,33.0,,voiture,,3,2,4,1,2
202000033739,2020-05-31 11:30:00,2020,5,31,11,30,92,92071,HONNEUR (ALLEE D'),48.7758097,2.3094624,Plein jour,En agglomération,Hors intersection,Normale,Sans collision,4,1,2,0,2,1,1,0,1,50,1,1,0,0,0,1,68.0,,voiture,,1,2,1,1,7
202000033740,2020-06-01 03:40:00,2020,6,1,3,40,29,29131,150 Voas Sec'h,48.440081,-4.084988,Nuit sans éclairage public,Hors agglomération,Intersection en T,Normale,Autre collision,4,2,2,0,2,1,1,0,3,80,1,1,0,1,0,0,17.0,,deux_roues,,3,1,3,1,6
202000033741,2020-12-11 09:30:00,2020,12,11,9,30,75,75113,BOULEVARD DU GENERAL JEAN SIMON,48.824018,2.377006,Plein jour,En agglomération,Intersection en T,Normale,Autre collision,4,-1,6,1,4,1,2,0,1,50,1,2,1,0,0,1,39.0,,deux_roues,,1,2,3,1,6
202000033742,2020-12-10 20:15:00,2020,12,10,20,15,75,75107,AVENUE DE VILLARS,48.852133,2.313635,Nuit avec éclairage allumé,En agglomération,Hors intersection,Normale,Deux véhicules - arrière,4,2,4,0,1,1,1,0,1,50,2,2,1,1,0,0,48.0,30.0,deux_roues,deux_roues,5,2,1,1,2
202000033743,2020-06-01 16:10:00,2020,6,1,16,10,50,50565,D973,48.77204,-1.484161,Plein jour,Hors agglomération,Intersection en X,Normale,Deux véhicules - côté,3,2,2,0,3,1,1,0,1,80,2,2,0,2,0,0,25.0,24.0,deux_roues,deux_roues,1,1,2,1,3
202000033744,2020-12-11 15:20:00,2020,12,11,15,20,75,75111,AVENUE DE LA REPUBLIQUE,48.864612,2.378028,Plein jour,En agglomération,Intersection en X,Pluie légère,Deux véhicules - côté,4,2,4,1,2,1,2,0,1,30,2,2,1,0,0,1,45.0,58.0,voiture,deux_roues,1,2,2,2,3
202000033745,2020-06-01 17:20:00,2020,6,1,17,20,49,49192,D196,47.02152,-0.733638,Plein jour,Hors agglomération,Hors intersection,Normale,,3,2,2,0,2,2,1,0,3,80,2,2,1,0,0,1,40.0,19.0,deux_roues,utilitaire_camion,1,1,1,1,-1
202000033746,2020-12-11 09:00:00,2020,12,11,9,0,75,75110,QUAI DE VALMY,48.872912,2.363736,Plein jour,En agglomération,Intersection en T,Pluie légère,Sans collision,4,1,2,1,2,1,2,-1,5,50,1,1,0,0,0,1,30.0,,deux_roues,,1,2,3,2,7
202000033747,2020-05-31 17:40:00,2020,5,31,17,40,972,97221,Petit Bourg - RN5,14.543485,-60.97595,Plein jour,Hors agglomération,Hors intersection,Normale,Autre collision,2,3,4,0,1,2,1,0,2,70,1,3,2,0,0,1,21.0,,voiture,,1,1,1,1,6
202000033748,2020-05-30 14:35:00,2020,5,30,14,35,972,97225,D10,14.774426,-61.201851,Plein jour,Hors agglomération,Hors intersection,Normale,Deux véhicules - frontale,3,2,2,0,1,2,1,9,1,70,2,3,1,0,1,1,63.0,65.0,voiture,voiture,1,1,1,1,1
202000033749,2020-12-11 14:10:00,2020,12,11,14,10,75,75109,RUE LA FAYETTE,48.877184,2.348989,Plein jour,En agglomération,Intersection en X,Pluie légère,Autre collision,4,1,3,1,1,1,2,0,1,50,1,2,1,0,0,1,26.0,,deux_roues,,1,2,2,2,6
202000033750,2020-12-11 18:00:00,2020,12,11,18,0,75,75108,AVENUE GEORGE V,48.870064,2.30102,Nuit avec éclairage allumé,En agglomération,Intersection en X,Normale,Deux véhicules - côté,4,2,4,0,2,1,2,0,1,50,2,2,0,0,0,2,22.0,22.0,voiture,voiture,5,2,2,1,3
202000033751,2020-05-31 12:10:00,2020,5,31,12,10,42,42242,Chemin de Charpenay,45.553458,4.627917,Plein jour,Hors agglomération,Hors intersection,Normale,Deux véhicules - frontale,4,-1,1,0,2,1,9,0,8,-1,2,2,0,0,0,2,18.0,19.0,deux_roues,deux_roues,1,1,1,1,1
202000033752,2020-05-30 14:00:00,2020,5,30,14,0,44,44086,Lusanger,47.680183,-1.575937,Plein jour,Hors agglomération,Hors intersection,Normale,Sans collision,3,2,2,0,3,3,1,0,1,80,1,1,0,0,1,0,56.0,,voiture,,1,1,1,1,7
202000033753,2020-12-11 15:27:00,2020,12,11,15,27,75,75117,BOULEVARD MALESHERBES,48.880892,2.312478,Plein jour,En agglomération,Intersection en X,Pluie légère,Deux véhicules - arrière,4,3,4,0,1,1,2,0,1,50,2,2,1,0,0,1,43.0,44.0,voiture,deux_roues,1,2,2,2,2
202000033754,2020-12-11 18:50:00,2020,12,11,18,50,75,75107,QUAI BRANLY,48.857467,2.291047,Nuit avec éclairage allumé,En agglomération,Intersection en T,Pluie légère,Deux véhicules - côté,4,2,4,0,1,1,2,0,1,50,2,2,1,0,0,1,22.0,28.0,voiture,deux_roues,5,2,3,2,3
202000033755,2020-12-10 12:45:00,2020,12,10,12,45,75,75104,RUE SAINT ANTOINE,48.853951,2.364726,Plein jour,En agglomération,Intersection en X,Normale,Deux véhicules - côté,4,2,3,1,1,1,1,0,1,30,2,2,1,0,0,1,34.0,32.0,voiture,deux_roues,1,2,2,1,3
202000033756,2020-12-11 20:00:00,2020,12,11,20,0,94,94080,PARIS (AV DE),48.8452386,2.4321633,Nuit avec éclairage allumé,En agglomération,Intersection en T,Temps couvert,Deux véhicules - côté,3,2,4,1,1,1,2,0,1,50,2,2,1,0,0,1,35.0,31.0,deux_roues,voiture,5,2,3,8,3
202000033757,2020-12-11 13:55:00,2020,12,11,13,55,94,94073,COUTURE DU MOULIN (R DE LA),48.76367,2.38283,Plein jour,En agglomération,Hors intersection,Pluie légère,Deux véhicules - frontale,4,2,2,0,1,2,2,0,1,50,2,2,1,0,0,1,48.0,63.0,deux_roues,voiture,1,2,1,2,1
202000033758,2020-12-11 16:00:00,2020,12,11,16,0,94,94028,PRAIRIE(RUE DE LA),48.79752,2.46701,Plein jour,En agglomération,Hors intersection,Pluie forte,Autre collision,4,1,2,0,2,1,2,0,1,50,1,1,0,0,0,1,86.0,,voiture,,1,2,1,3,6
202000033759,2020-12-11 07:00:00,2020,12,11,7,0,94,94022,REPUBLIQUE (AV DE LA),48.7615688,2.4072719,Nuit avec éclairage allumé,En agglomération,Hors intersection,Pluie légère,Autre collision,3,1,2,0,1,1,2,0,4,50,1,1,0,0,0,1,50.0,,voiture,,5,2,1,2,6
202000033760,2020-12-11 18:45:00,2020,12,11,18,45,94,94018,GRAVELLE (AV DE),48.829413,2.402522,Nuit avec éclairage allumé,En agglomération,Hors intersection,Pluie légère,,4,2,2,0,1,1,2,0,1,30,3,3,2,0,0,1,64.0,39.0,deux_roues,transport_commun,5,2,1,2,-1
202000033761,2020-12-11 14:40:00,2020,12,11,14,40,94,94017,ALEXANDRE FOURNY (R),48.8188067,2.5225616,Plein jour,En agglomération,Intersection en Y,Pluie légère,Deux véhicules - frontale,4,2,2,0,1,1,2,0,1,50,2,2,1,0,0,1,37.0,21.0,deux_roues,utilitaire_camion,1,2,4,2,1
202000033762,2020-12-11 07:00:00,2020,12,11,7,0,93,93073,CHAPIT RE ( RUE DU),49.0022149,2.5369655,Nuit avec éclairage allumé,Hors agglomération,Hors intersection,Pluie forte,Deux véhicules - frontale,4,1,3,0,1,1,2,3,1,70,2,2,0,0,0,2,24.0,36.0,voiture,voiture,5,1,1,3,1
202000033763,2020-12-11 08:05:00,2020,12,11,8,5,93,93059,LEDRU ROLLIN (AVENUE),48.9628228,2.3696905,Crépuscule ou aube,En agglomération,Hors intersection,Pluie légère,Autre collision,3,1,2,0,2,1,2,0,1,50,1,2,1,0,0,1,28.0,,voiture,,2,2,1,2,6
202000033764,2020-12-11 19:09:00,2020,12,11,19,9,93,93066,SAINT OUEN (QUAI DE ),48.9259559,2.3368392,Nuit avec éclairage non allumé,En agglomération,Hors intersection,Pluie légère,Trois véhicules et plus - en chaîne,3,2,2,0,1,1,2,0,1,50,3,4,2,0,0,2,21.0,34.0,voiture,voiture,4,2,1,2,4
202000033765,2020-12-11 16:50:00,2020,12,11,16,50,93,93064,REPUBLIQUE (AVENUE DE LA),48.8676106,2.4847485,Nuit avec éclairage allumé,En agglomération,Hors intersection,Pluie légère,Autre collision,3,2,2,0,1,1,2,0,1,50,1,2,1,0,0,1,48.0,,voiture,,5,2,1,2,6
202000033766,2020-12-10 12:55:00,2020,12,10,12,55,93,93032,AV RENE FAUGERAS / AV CHARLES TELLIER,48.8739,2.56521,Plein jour,En agglomération,Intersection en X,Normale,Deux véhicules - côté,4,2,2,0,1,1,1,0,1,50,2,3,2,0,0,1,36.0,21.0,voiture,deux_roues,1,2,2,1,3
202000033767,2020-12-11 20:00:00,2020,12,11,20,0,93,93029,DIDEROT (ROND-POINT),48.91685,2.42913,Nuit avec éclairage allumé,En agglomération,Hors intersection,Pluie légère,Deux véhicules - arrière,4,1,1,0,1,1,2,0,4,50,2,2,1,0,0,1,22.0,26.0,voiture,voiture,5,2,1,2,2
202000033768,2020-12-11 18:27:00,2020,12,11,18,27,93,93005,LEFEVRE (BOULEVARD),48.939755,2.489789,Nuit avec éclairage allumé,En agglomération,Hors intersection,Pluie légère,Deux véhicules - côté,4,2,2,0,1,1,2,0,1,50,2,2,1,0,0,1,28.0,20.0,deux_roues,voiture,5,2,1,2,3
202000033769,2020-12-11 15:40:00,2020,12,11,15,40,93,93001,PONT BLANC.CHARLES TILLON (RUE) =>72,48.92009,2.39412,Plein jour,En agglomération,Intersection en X,Pluie forte,Autre collision,3,1,1,0,1,1,2,0,1,10,1,2,1,0,0,1,56.0,,voiture,,1,2,2,3,6
202000033770,2020-12-11 08:10:00,2020,12,11,8,10,93,93001,FELIX FAURE (BLD) => 121,48.90186,2.38553,Crépuscule ou aube,En agglomération,Intersection en X,Pluie légère,Autre collision,4,1,1,0,1,1,2,0,1,50,1,2,1,0,0,1,77.0,,voiture,,2,2,2,2,6
202000033771,2020-12-11 17:30:00,2020,12,11,17,30,92,92046,DE STALINGRAD,48.81181,2.29504,Nuit avec éclairage allumé,En agglomération,Hors intersection,Pluie légère,Deux véhicules - côté,3,2,2,1,1,1,2,0,1,50,2,2,1,0,0,1,28.0,28.0,deux_roues,voiture,5,2,1,2,3
202000033772,2020-12-10 23:37:00,2020,12,10,23,37,92,92046,DE STALINGRAD,48.8116756,2.295834,Nuit avec éclairage allumé,En agglomération,Hors intersection,Pluie légère,Deux véhicules - arrière,3,2,2,1,1,1,2,0,5,50,2,1,0,0,0,1,30.0,,deux_roues,,5,2,1,2,2
202000033773,2020-12-11 15:50:00,2020,12,11,15,50,92,92064,DAILLY,48.84284,2.22097,Plein jour,En agglomération,Hors intersection,Pluie légère,Autre collision,3,-1,1,0,2,1,2,0,1,50,1,2,1,0,0,1,20.0,,voiture,,1,2,1,2,6
202000033774,2020-12-11 10:40:00,2020,12,11,10,40,92,92020,VANVES BOULEVARD DE N° PAIRS,48.8060547,2.2864481,Plein jour,En agglomération,Hors intersection,Normale,Deux véhicules - côté,3,2,2,0,1,1,2,0,1,50,2,2,1,0,0,1,23.0,40.0,deux_roues,voiture,1,2,1,1,3
202000033775,2020-12-11 08:15:00,2020,12,11,8,15,92,92020,LASEGUE RUE N° IMPAIRS,48.802802,2.278908,Plein jour,En agglomération,Hors intersection,Pluie légère,Deux véhicules - côté,3,2,2,0,2,1,2,0,1,50,2,2,1,0,0,1,36.0,55.0,deux_roues,utilitaire_camion,1,2,1,2,3
202000033776,2020-12-11 17:45:00,2020,12,11,17,45,92,92048,VERD DE SAINT JULIEN (BOULEVARD),48.81487,2.23429,Nuit avec éclairage allumé,En agglomération,Place,Pluie légère,Autre collision,3,2,1,0,1,1,2,5,1,30,1,2,1,0,0,1,49.0,,utilitaire_camion,,5,2,7,2,6
202000033777,2020-12-11 17:28:00,2020,12,11,17,28,92,92040,GAMBETTA (BOULEVARD),48.827568,2.276205,Nuit avec éclairage allumé,En agglomération,Intersection en T,Pluie forte,Autre collision,3,2,2,0,1,1,2,0,1,30,1,2,1,0,0,1,60.0,,voiture,,5,2,3,3,6
202000033778,2020-12-11 18:00:00,2020,12,11,18,0,92,92014,HUIT MAI 1945 (RUE DU),48.7823997,2.3165622,Nuit avec éclairage allumé,En agglomération,Intersection en X,Pluie légère,Autre collision,3,3,4,0,1,1,2,5,1,50,1,2,1,0,0,1,34.0,,voiture,,5,2,2,2,6
202000033779,2020-12-11 17:50:00,2020,12,11,17,50,62,62794,ROUTE NATIONALE,50.712011,2.155865,Nuit avec éclairage allumé,En agglomération,Intersection en T,Pluie légère,Deux véhicules - côté,3,2,2,0,1,1,2,5,1,50,2,3,2,0,0,1,23.0,19.0,voiture,voiture,5,2,3,2,3
202000033780,2020-12-07 16:20:00,2020,12,7,16,20,41,41142,Route d'Onzain,47.557695,1.207299,Plein jour,Hors agglomération,Hors intersection,Normale,Autre collision,3,2,2,0,1,2,1,0,3,90,1,1,0,0,1,0,79.0,,voiture,,1,1,1,1,6
202000033781,2020-12-11 17:46:00,2020,12,11,17,46,44,44043,D149,47.096974,-1.272048,Nuit avec éclairage non allumé,Hors agglomération,Giratoire,Pluie légère,Deux véhicules - côté,3,2,2,1,1,1,2,5,1,80,2,2,1,0,1,0,41.0,13.0,transport_commun,deux_roues,4,1,6,2,3
202000033782,2020-12-10 07:50:00,2020,12,10,7,50,28,28278,D910,48.461292,1.577846,Nuit sans éclairage public,Hors agglomération,Hors intersection,Pluie légère,Deux véhicules - arrière,3,3,4,0,1,1,2,0,1,90,2,4,3,0,1,0,33.0,19.0,voiture,voiture,3,1,1,2,2
202000033783,2020-12-11 16:45:00,2020,12,11,16,45,42,42337,Route de St Germain,46.179184,3.947128,Crépuscule ou aube,Hors agglomération,Hors intersection,Pluie légère,Autre collision,3,2,2,0,1,1,2,0,3,80,1,2,0,0,0,2,35.0,,deux_roues,,2,1,1,2,6
202000033784,2020-12-12 13:00:00,2020,12,12,13,0,60,60231,D335,49.265004,2.915486,Plein jour,Hors agglomération,Hors intersection,Pluie légère,Deux véhicules - frontale,3,2,2,0,2,2,2,0,1,80,2,2,0,0,1,1,25.0,45.0,voiture,voiture,1,1,1,2,1
202000033785,2020-12-12 17:15:00,2020,12,12,17,15,50,50214,"A84, PK 203+000",48.906917,-1.105049,Crépuscule ou aube,Hors agglomération,Hors intersection,Normale,Autre collision,1,3,4,0,1,1,2,2,3,130,1,1,0,0,1,0,25.0,,voiture,,2,1,1,1,6
202000033786,2020-12-08 14:30:00,2020,12,8,14,30,34,34095,Route Departementale 613,43.515677,3.727627,Plein jour,Hors agglomération,Hors intersection,Pluie légère,Sans collision,3,2,2,0,3,3,2,0,8,80,1,1,0,0,1,0,34.0,,voiture,,1,1,1,2,7
202000033787,2020-12-11 23:00:00,2020,12,11,23,0,57,57162,RD 5,49.04341,6.145434,Nuit sans éclairage public,Hors agglomération,Hors intersection,Pluie légère,Sans collision,3,2,2,0,2,1,2,2,3,80,1,1,0,0,1,0,49.0,,voiture,,3,1,1,2,7
202000033788,2020-12-12 05:52:00,2020,12,12,5,52,51,51532,D951,49.1387217,3.9941755,Nuit sans éclairage public,Hors agglomération,Hors intersection,Pluie légère,Sans collision,3,3,2,0,1,1,2,0,8,80,1,1,0,0,1,0,21.0,,voiture,,3,1,1,2,7
202000033789,2020-12-11 12:15:00,2020,12,11,12,15,49,49069,D154,47.311591,-1.200981,Plein jour,Hors agglomération,Hors intersection,Pluie légère,Deux véhicules - frontale,3,2,2,0,1,1,2,0,1,80,2,2,0,1,0,1,20.0,39.0,voiture,utilitaire_camion,1,1,1,2,1
202000033790,2020-12-11 11:30:00,2020,12,11,11,30,42,42323,Avenue du 8 Mai 1945,45.55183,4.281085,Plein jour,En agglomération,Giratoire,Normale,Autre collision,3,1,1,0,1,1,1,0,8,50,1,2,1,0,1,0,63.0,,voiture,,1,2,6,1,6
202000033791,2020-12-11 12:10:00,2020,12,11,12,10,39,39128,,46.974103,5.389566,Plein jour,Hors agglomération,Hors intersection,Pluie forte,Autre collision,3,2,2,0,1,1,2,0,3,80,1,1,0,0,1,0,22.0,,voiture,,1,1,1,3,6
202000033792,2020-12-11 16:30:00,2020,12,11,16,30,29,29020,intersection VC 10 - VC18 route de Hinguer,48.121532,-4.024097,Plein jour,Hors agglomération,Intersection en T,Pluie légère,Deux véhicules - arrière,4,2,2,0,1,1,2,0,1,80,2,3,1,0,2,0,28.0,61.0,voiture,voiture,1,1,3,2,2
202000033793,2020-12-11 18:45:00,2020,12,11,18,45,29,29177,Rte de St Eloi - Kermaidic,48.446682,-4.723263,Nuit sans éclairage public,Hors agglomération,Hors intersection,Pluie légère,Autre collision,4,2,2,0,1,1,2,0,3,80,1,1,0,0,0,1,52.0,,deux_roues,,3,1,1,2,6
202000033794,2020-12-12 01:00:00,2020,12,12,1,0,31,31260,D52 - PR031+0000,43.159754,0.901158,Nuit sans éclairage public,Hors agglomération,Hors intersection,Pluie forte,Autre collision,3,2,2,0,2,1,2,0,1,80,1,1,0,0,1,0,30.0,,voiture,,3,1,1,3,6
202000033795,2020-12-12 13:00:00,2020,12,12,13,0,38,38324,D538,45.400288,5.02278,Plein jour,Hors agglomération,Hors intersection,Pluie légère,Deux véhicules - frontale,3,2,2,0,2,1,2,0,1,80,2,5,1,0,1,3,46.0,21.0,voiture,voiture,1,1,1,2,1
202000033796,2020-12-12 15:00:00,2020,12,12,15,0,02,02463,12 Avenue de l'Europe,49.804047,3.770478,Plein jour,En agglomération,Hors intersection,Temps couvert,Sans collision,3,2,2,0,2,1,2,0,1,50,1,1,0,0,1,0,18.0,,deux_roues,,1,2,1,8,7
202000033797,2020-12-11 19:00:00,2020,12,11,19,0,03,03169,Chapillière,46.3824236,3.2129075,Nuit sans éclairage public,Hors agglomération,Hors intersection,Pluie légère,Autre collision,3,2,2,0,1,3,2,0,1,90,1,1,0,0,1,0,24.0,,voiture,,3,1,1,2,6
202000033798,2020-12-12 13:45:00,2020,12,12,13,45,54,54292,D9,48.520306,6.4182217,Plein jour,Hors agglomération,Hors intersection,Pluie légère,Autre collision,3,2,2,0,1,1,2,0,3,80,1,1,0,1,0,0,25.0,,voiture,,1,1,1,2,6