accident_id,datetime,annee,mois,jour,heure,minute,departement,commune_insee,adresse,latitude,longitude,luminosite,agglomeration,intersection,meteo,collision,catr,circ,nbv,vosp,prof,plan,surf,infra,situ,vma,nb_vehicules,nb_usagers,nb_indemnes,nb_tues,nb_blesses_hosp,nb_blesses_legers,age_cond_1,age_cond_2,veh_type_cond_1,veh_type_cond_2,lum_code,agg_code,int_code,atm_code,col_code
202000033799,2020-12-12 14:45:00,2020,12,12,14,45,10,10120,D444,48.004738,4.094518,Plein jour,Hors agglomération,Hors intersection,Pluie légère,Autre collision,3,2,2,0,1,1,2,2,8,80,1,2,0,0,2,0,22.0,,voiture,,1,1,1,2,6
202000033800,2020-12-11 22:20:00,2020,12,11,22,20,10,10083,Autoroute A5,48.190463,4.27594,Nuit sans éclairage public,Hors agglomération,Hors intersection,Pluie forte,Autre collision,1,3,2,0,1,1,2,0,1,130,1,1,0,0,0,1,41.0,,utilitaire_camion,,3,1,1,3,6
202000033801,2020-12-11 19:00:00,2020,12,11,19,0,02,02157,Autoroute A26 PR 213+200 dans le sens de circulation REIMS / CALAIS,49.59059,3.680154,Nuit sans éclairage public,Hors agglomération,Hors intersection,Pluie légère,Deux véhicules - arrière,1,3,4,0,1,1,2,0,1,130,2,2,1,1,0,0,56.0,45.0,voiture,utilitaire_camion,3,1,1,2,2
202000033802,2020-12-12 05:30:00,2020,12,12,5,30,06,06079,A8 PK 157+800 NORD,43.547839,6.943475,Nuit sans éclairage public,Hors agglomération,Hors intersection,Temps couvert,Trois véhicules et plus - en chaîne,1,1,5,0,1,1,2,0,1,110,3,4,3,1,0,0,52.0,74.0,utilitaire_camion,voiture,3,1,1,8,4
202000033803,2020-12-11 22:23:00,2020,12,11,22,23,38,38565,A48,45.302746,5.621567,Nuit sans éclairage public,Hors agglomération,Hors intersection,Pluie légère,Autre collision,1,1,4,0,2,2,2,0,8,130,1,2,1,0,1,0,48.0,,voiture,,3,1,1,2,6
202000033804,2020-12-11 19:15:00,2020,12,11,19,15,73,73010,A41,45.7593237,5.9516782,Nuit sans éclairage public,Hors agglomération,Hors intersection,Pluie légère,Trois véhicules et plus - en chaîne,1,3,4,0,1,1,2,0,1,130,3,3,2,0,0,1,23.0,46.0,voiture,voiture,3,1,1,2,4
202000033805,2020-12-11 15:50:00,2020,12,11,15,50,971,97102,Avenue Vital Borifax,16.468375,-61.49823,Plein jour,En agglomération,Hors intersection,Normale,Deux véhicules - frontale,2,2,2,0,1,1,1,0,1,80,2,4,0,0,4,0,22.0,44.0,voiture,voiture,1,2,1,1,1
202000033806,2020-12-11 13:10:00,2020,12,11,13,10,68,68063,Faubourg de Colmar,47.811944,7.188948,Plein jour,En agglomération,Hors intersection,Pluie forte,Autre collision,3,2,2,0,1,1,2,0,1,50,1,2,1,0,1,0,77.0,,voiture,,1,2,1,3,6
202000033807,2020-12-12 07:15:00,2020,12,12,7,15,38,38205,Route de Grenoble,45.140894,5.590185,Nuit avec éclairage allumé,Hors agglomération,Hors intersection,Pluie légère,Autre collision,3,2,2,0,2,3,5,2,3,70,1,1,0,0,1,0,26.0,,voiture,,5,1,1,2,6
202000033808,2020-12-11 14:45:00,2020,12,11,14,45,19,19220,D978,45.286293,1.846604,Plein jour,Hors agglomération,Hors intersection,Pluie forte,Deux véhicules - côté,3,2,2,0,2,2,2,0,1,90,2,2,0,0,1,1,70.0,57.0,voiture,voiture,1,1,1,3,3
202000033809,2020-12-12 12:12:00,2020,12,12,12,12,17,17086,N141,45.739922,-0.543571,Plein jour,Hors agglomération,Intersection en X,Normale,,2,2,2,0,2,1,1,5,1,80,2,2,1,0,1,0,54.0,25.0,voiture,deux_roues,1,1,2,1,-1
202000033810,2020-12-11 18:30:00,2020,12,11,18,30,49,49020,14 Avenue Paul Guilhem,47.469563,-0.614945,Nuit avec éclairage allumé,En agglomération,Hors intersection,Pluie légère,Deux véhicules - frontale,3,2,2,1,1,2,2,0,1,30,2,4,1,0,3,0,19.0,56.0,voiture,voiture,5,2,1,2,1
202000033811,2020-12-11 15:50:00,2020,12,11,15,50,14,14762,D577,48.795727,-0.893918,Plein jour,En agglomération,Intersection en T,Normale,Autre collision,3,3,2,0,1,1,1,0,1,50,1,2,1,0,1,0,25.0,,voiture,,1,2,3,1,6
202000033812,2020-12-11 10:26:00,2020,12,11,10,26,76,76462,Avenue des Canadiens,49.729754,1.428716,Plein jour,En agglomération,Hors intersection,Pluie légère,Deux véhicules - côté,3,2,2,0,2,1,2,0,3,80,2,3,1,0,1,1,40.0,55.0,voiture,voiture,1,2,1,2,3
202000033813,2020-12-01 18:30:00,2020,12,1,18,30,13,13088,A55-Sens Marseille vers Martigues,43.3917177,5.2562969,Nuit sans éclairage public,Hors agglomération,Hors intersection,Normale,Deux véhicules - arrière,1,1,2,0,1,1,1,0,1,110,2,5,2,0,0,3,38.0,23.0,voiture,voiture,3,1,1,1,2
202000033814,2020-12-10 05:20:00,2020,12,10,5,20,69,69385,M6  ,45.75337,4.81948,Nuit avec éclairage allumé,Hors agglomération,Hors intersection,Normale,Deux véhicules - arrière,7,1,2,0,1,1,1,1,1,70,2,1,0,0,0,1,52.0,,deux_roues,,5,1,1,1,2
202000033815,2020-12-10 07:45:00,2020,12,10,7,45,57,57672,Autoroute A31,49.34989,6.15013,Crépuscule ou aube,Hors agglomération,Hors intersection,Normale,Trois véhicules et plus - en chaîne,1,1,4,0,1,1,1,0,1,90,3,3,1,0,0,2,53.0,26.0,voiture,voiture,2,1,1,1,4
202000033816,2020-12-11 18:45:00,2020,12,11,18,45,33,33013,ROUTE NATIONALE 230,44.85876,-0.50439,Nuit avec éclairage non allumé,Hors agglomération,Hors intersection,Pluie légère,Trois véhicules et plus - en chaîne,2,3,6,0,1,1,2,0,1,90,3,3,2,0,0,1,54.0,54.0,voiture,voiture,4,1,1,2,4
202000033817,2020-12-11 09:56:00,2020,12,11,9,56,33,33063,ROCADE A 630,44.880052,-0.537708,Plein jour,Hors agglomération,Hors intersection,Pluie légère,Deux véhicules - arrière,1,3,6,0,2,1,2,2,1,70,2,3,1,0,0,2,49.0,39.0,voiture,voiture,1,1,1,2,2
202000033818,2020-12-11 17:50:00,2020,12,11,17,50,91,91689,AUTOROUTE A10,48.7369,2.3179,Nuit sans éclairage public,Hors agglomération,Hors intersection,Pluie légère,Sans collision,1,1,2,0,2,2,2,0,1,90,1,1,0,1,0,0,61.0,,deux_roues,,3,1,1,2,7
202000033819,2020-12-11 09:05:00,2020,12,11,9,5,91,91174,RN 104,48.6231,2.4665,Plein jour,Hors agglomération,Hors intersection,Pluie légère,Deux véhicules - arrière,2,-1,4,0,1,1,2,0,1,90,2,2,1,0,0,1,25.0,50.0,voiture,voiture,1,1,1,2,2
202000033820,2020-12-11 06:30:00,2020,12,11,6,30,91,91064,RD 444,48.74687,2.21936,Nuit sans éclairage public,Hors agglomération,Hors intersection,Pluie forte,Deux véhicules - côté,3,3,4,0,1,1,2,9,1,50,2,2,1,0,1,0,56.0,58.0,voiture,utilitaire_camion,3,1,1,3,3
202000033821,2020-12-11 22:00:00,2020,12,11,22,0,92,92036,A86,48.9355,2.2615,Nuit avec éclairage non allumé,Hors agglomération,Hors intersection,Pluie légère,Autre collision,1,1,3,0,2,2,2,0,1,70,1,1,0,0,0,1,32.0,,voiture,,4,1,1,2,6
202000033822,2020-12-11 16:00:00,2020,12,11,16,0,78,78007,A13W,48.900984,2.005071,Plein jour,Hors agglomération,Hors intersection,Pluie légère,Deux véhicules - côté,1,3,4,0,2,1,2,0,1,110,2,2,1,0,0,1,54.0,51.0,deux_roues,voiture,1,1,1,2,3
202000033823,2020-12-11 08:35:00,2020,12,11,8,35,78,78007,A13 Y,48.895423,2.007092,Plein jour,Hors agglomération,Hors intersection,Temps couvert,Trois véhicules et plus - en chaîne,1,3,4,0,1,1,2,0,1,110,3,4,2,0,0,2,48.0,38.0,voiture,voiture,1,1,1,8,4
202000033824,2020-12-11 18:15:00,2020,12,11,18,15,93,93064,AUTOROUTE A103,48.88663,2.48169,Nuit sans éclairage public,Hors agglomération,Hors intersection,Pluie légère,Deux véhicules - arrière,1,3,4,0,1,1,2,0,1,90,2,2,1,0,0,1,19.0,26.0,voiture,voiture,3,1,1,2,2
202000033825,2020-12-11 10:10:00,2020,12,11,10,10,93,93066,AUTOROUTE A86,48.9228,2.35147,Plein jour,Hors agglomération,Hors intersection,Pluie légère,Sans collision,1,3,8,0,1,1,2,0,1,90,1,1,0,0,0,1,24.0,,deux_roues,,1,1,1,2,7
202000033826,2020-12-11 05:45:00,2020,12,11,5,45,93,93005,AUTOROUTE A104,48.972442,2.4940869,Nuit avec éclairage allumé,Hors agglomération,Hors intersection,Pluie forte,Sans collision,1,3,8,0,1,1,2,0,1,70,1,1,0,0,0,1,30.0,,utilitaire_camion,,5,1,1,3,7
202000033827,2020-12-10 18:00:00,2020,12,10,18,0,93,93005,AUTOROUTE A3,48.95442,2.47362,Nuit avec éclairage allumé,Hors agglomération,Hors intersection,Normale,Trois véhicules et plus - en chaîne,1,3,9,0,1,1,1,0,1,90,3,3,2,0,0,1,53.0,43.0,voiture,voiture,5,1,1,1,4
202000033828,2020-12-11 13:00:00,2020,12,11,13,0,94,94033,A86.EXT,48.85172,2.49051,Plein jour,En agglomération,Hors intersection,Normale,Deux véhicules - arrière,1,3,3,0,1,1,1,0,1,90,2,2,1,0,0,1,49.0,75.0,utilitaire_camion,voiture,1,2,1,1,2
202000033829,2020-07-02 06:20:00,2020,7,2,6,20,47,47015,RN21,44.062238,0.650768,Plein jour,En agglomération,Intersection en Y,Normale,Deux véhicules - frontale,2,2,2,0,1,3,1,0,1,50,2,2,1,0,1,0,21.0,31.0,voiture,utilitaire_camion,1,2,4,1,1
202000033830,2020-12-09 12:00:00,2020,12,9,12,0,974,97407,ROUTE DU SACRE COEUR,-20.95544,55.3069,Plein jour,En agglomération,Autre intersection,Normale,Autre collision,9,2,1,0,1,1,1,9,8,50,1,2,1,0,0,1,26.0,,voiture,,1,2,9,1,6
202000033831,2020-12-10 20:30:00,2020,12,10,20,30,69,69387,CHALLEMEL LACOUR                    (R ),45.7299855,4.8381706,Nuit avec éclairage allumé,En agglomération,Hors intersection,Normale,Sans collision,4,3,-1,0,1,1,1,0,1,50,1,1,0,0,0,1,22.0,,deux_roues,,5,2,1,1,7
202000033832,2020-11-29 16:00:00,2020,11,29,16,0,69,69382,CHARLEMAGNE                         (CO),45.7423545,4.8206826,Plein jour,En agglomération,Hors intersection,Normale,Autre collision,4,-1,2,0,1,1,1,0,1,50,1,1,0,0,1,0,23.0,,deux_roues,,1,2,1,1,6
202000033833,2020-12-10 09:55:00,2020,12,10,9,55,971,97101,Frédéric JALTON,16.2712,-61.5048,Plein jour,En agglomération,Hors intersection,Normale,Autre collision,3,2,2,0,1,1,1,0,1,50,1,2,1,0,0,1,85.0,,deux_roues,,1,2,1,1,6
202000033834,2020-12-09 10:37:00,2020,12,9,10,37,95,95539,RD 301,48.9915,2.3603,Plein jour,En agglomération,Hors intersection,Temps couvert,Deux véhicules - arrière,3,1,5,0,1,1,1,0,1,70,2,2,1,0,0,1,53.0,40.0,voiture,voiture,1,2,1,8,2
202000033835,2020-12-08 13:45:00,2020,12,8,13,45,91,91103,RUE DES PRES D'AULNAY,48.61227,2.27759,Plein jour,En agglomération,Hors intersection,Normale,Deux véhicules - côté,4,2,2,0,1,1,1,0,1,50,2,2,1,0,0,1,37.0,30.0,utilitaire_camion,voiture,1,2,1,1,3
202000033836,2020-11-26 10:50:00,2020,11,26,10,50,91,91521,JOLIOT CURIE (AVENUE IRENE ET FREDERIC),48.63034,2.39715,Plein jour,Hors agglomération,Hors intersection,Normale,Autre collision,4,2,2,0,1,2,1,0,4,70,1,2,1,0,0,1,19.0,,voiture,,1,1,1,1,6
202000033837,2020-12-08 08:47:00,2020,12,8,8,47,87,87085,MADOUMIER (RUE MARCEL),45.83686,1.2254,Nuit avec éclairage allumé,En agglomération,Hors intersection,Pluie légère,Autre collision,4,2,2,0,1,3,2,0,1,50,1,1,0,0,0,1,18.0,,deux_roues,,5,2,1,2,6
202000033838,2020-12-09 07:00:00,2020,12,9,7,0,86,86194,Avenue du Recteur Pineau,46.5705556,0.3763777,Nuit avec éclairage allumé,En agglomération,Hors intersection,Normale,Autre collision,4,2,2,0,1,1,1,9,1,50,1,2,1,0,1,0,38.0,,voiture,,5,2,1,1,6
202000033839,2020-12-09 11:10:00,2020,12,9,11,10,83,83126,JUIN (AV MARECHAL),43.1077,5.86454,Plein jour,En agglomération,Hors intersection,Normale,Autre collision,3,3,4,0,1,1,1,0,1,50,1,2,1,0,1,0,56.0,,utilitaire_camion,,1,2,1,1,6
202000033840,2020-12-10 01:40:00,2020,12,10,1,40,83,83069,PIERREFEU (ROUTE DE) RD 12,43.1519218,6.1352703,Nuit sans éclairage public,Hors agglomération,Hors intersection,Normale,Autre collision,3,2,2,0,1,1,1,0,3,80,1,1,0,0,1,0,20.0,,voiture,,3,1,1,1,6
202000033841,2020-12-09 19:25:00,2020,12,9,19,25,80,80021,ROCADE NORD RN 1,49.9247,2.29288,Nuit sans éclairage public,En agglomération,Hors intersection,Normale,Deux véhicules - arrière,2,1,2,0,1,1,1,0,1,110,2,5,2,0,1,2,25.0,32.0,voiture,voiture,3,2,1,1,2
202000033842,2020-12-09 04:31:00,2020,12,9,4,31,80,80131,RD 934,49.85173,2.40489,Nuit sans éclairage public,En agglomération,Giratoire,Normale,Deux véhicules - côté,3,1,1,0,1,3,2,0,1,80,2,2,1,0,0,1,51.0,48.0,utilitaire_camion,utilitaire_camion,3,2,6,1,3
202000033843,2020-12-08 07:55:00,2020,12,8,7,55,80,80164,RD929,49.92074,2.36799,Crépuscule ou aube,En agglomération,Intersection en X,Normale,Deux véhicules - frontale,3,2,4,0,1,1,1,0,1,50,2,2,1,0,0,1,22.0,24.0,voiture,voiture,2,2,2,1,1
202000033844,2020-12-07 16:45:00,2020,12,7,16,45,80,80021,TERRAL (RUE),49.91119,2.295,Crépuscule ou aube,En agglomération,Hors intersection,Normale,Deux véhicules - arrière,4,2,4,0,1,1,1,0,1,50,2,2,1,0,0,1,34.0,42.0,voiture,voiture,2,2,1,1,2
202000033845,2020-12-10 08:40:00,2020,12,10,8,40,77,77305,SENS (ROUTE DE),48.375601,2.957318,Plein jour,En agglomération,Hors intersection,Normale,Autre collision,3,3,0,0,1,1,1,0,1,50,1,2,1,0,1,0,24.0,,voiture,,1,2,1,1,6
202000033846,2020-12-09 18:12:00,2020,12,9,18,12,77,77326,CHAMPS (AVENUE DES),48.588063,2.5730089,Nuit avec éclairage allumé,En agglomération,Giratoire,Normale,Autre collision,4,4,8,0,1,2,2,5,1,50,1,1,0,0,0,1,22.0,,voiture,,5,2,6,1,6
202000033847,2020-11-23 18:58:00,2020,11,23,18,58,77,77122,RUE CHARLES FABRY,48.64926,2.5632,Nuit avec éclairage allumé,En agglomération,Hors intersection,Normale,Autre collision,3,2,2,0,1,1,1,0,1,50,1,3,1,0,1,1,73.0,,voiture,,5,2,1,1,6
202000033848,2020-12-10 10:50:00,2020,12,10,10,50,77,77186,ROYALE (RUE),48.4053,2.7014,Plein jour,En agglomération,Hors intersection,Normale,Autre collision,9,2,2,0,1,1,1,0,1,30,1,2,1,0,0,1,50.0,,voiture,,1,2,1,1,6
202000033849,2020-12-09 10:30:00,2020,12,9,10,30,74,74298,TANINGES (ROUTE DE ),46.1909,6.259,Plein jour,Hors agglomération,Hors intersection,Normale,,3,-1,1,0,1,1,1,0,1,50,3,4,3,0,0,1,78.0,28.0,voiture,voiture,1,1,1,1,-1
202000033850,2020-12-10 09:08:00,2020,12,10,9,8,69,69266,4 AOUT 1789    (Rue du),45.7647262,4.8849655,Plein jour,En agglomération,Hors intersection,Normale,Autre collision,4,1,1,0,1,1,1,0,1,50,1,3,2,0,0,1,36.0,,voiture,,1,2,1,1,6
202000033851,2020-12-04 14:25:00,2020,12,4,14,25,62,62270,CHEMIN DE LILLERS,50.48129,2.51547,Plein jour,En agglomération,Intersection en T,Normale,Deux véhicules - côté,4,2,2,0,1,1,1,0,1,50,2,3,2,0,1,0,36.0,21.0,voiture,deux_roues,1,2,3,1,3
202000033852,2020-12-10 22:35:00,2020,12,10,22,35,59,59350,ANCIENNE BALATERIE RUE DE L,50.6357647,3.0095,Nuit avec éclairage allumé,En agglomération,Intersection en X,Normale,Deux véhicules - côté,4,2,2,2,1,1,1,0,1,50,2,1,0,0,0,1,37.0,,deux_roues,,5,2,2,1,3
202000033853,2020-12-10 13:10:00,2020,12,10,13,10,59,59378,CLEMENCEAU BLVD (N°168-294),50.662329,3.096264,Plein jour,En agglomération,Hors intersection,Normale,Autre collision,7,1,1,0,1,1,1,9,1,50,1,2,1,0,0,1,41.0,,voiture,,1,2,1,1,6
202000033854,2020-12-09 08:55:00,2020,12,9,8,55,56,56098,NERUDA (AVENUE  PABLO ),47.76597,-3.32934,Plein jour,En agglomération,Giratoire,Normale,Deux véhicules - côté,3,2,2,0,1,1,1,5,1,50,2,2,1,0,1,0,46.0,35.0,voiture,deux_roues,1,2,6,1,3
202000033855,2020-12-10 13:30:00,2020,12,10,13,30,45,45234,Boulevard Alexandre Martin,47.90508,1.9107,Plein jour,En agglomération,Hors intersection,Temps couvert,Deux véhicules - arrière,4,1,3,3,1,1,2,0,1,50,2,3,2,0,0,1,41.0,77.0,voiture,voiture,1,2,1,8,2
202000033856,2020-12-09 18:05:00,2020,12,9,18,5,44,44184,LAGRANGE (AVENUE LÉO),47.26941,-2.22834,Nuit avec éclairage allumé,En agglomération,Intersection en X,Normale,Deux véhicules - côté,4,2,3,0,1,1,1,0,1,50,2,2,1,0,0,1,18.0,80.0,deux_roues,voiture,5,2,2,1,3
202000033857,2020-11-12 15:50:00,2020,11,12,15,50,44,44109,28 Route de Sainte Luce,47.22947,-1.5249,Plein jour,En agglomération,Hors intersection,Normale,Autre collision,4,2,2,0,1,1,1,0,6,50,1,2,1,0,0,1,70.0,,voiture,,1,2,1,1,6
202000033858,2020-12-10 12:00:00,2020,12,10,12,0,43,43041,1 Cote de Tireboeuf,45.04955,3.91215,Plein jour,En agglomération,Autre intersection,Neige / grêle,Deux véhicules - côté,3,2,3,0,4,1,2,9,1,50,2,4,0,0,0,4,19.0,43.0,utilitaire_camion,utilitaire_camion,1,2,9,4,3
202000033859,2020-12-10 15:15:00,2020,12,10,15,15,38,38318,Av Georges et Louis Frerejean,45.5239,4.9192,Plein jour,En agglomération,Intersection en T,Normale,Deux véhicules - côté,3,-1,0,0,2,1,1,0,1,50,2,2,1,0,0,1,16.0,62.0,deux_roues,voiture,1,2,3,1,3
202000033860,2020-12-10 13:25:00,2020,12,10,13,25,37,37122,,47.3647575,0.6506127,Plein jour,Hors agglomération,Hors intersection,Pluie légère,Sans collision,3,2,4,0,1,1,2,9,1,90,1,1,0,0,0,1,20.0,,voiture,,1,1,1,2,7
202000033861,2020-12-10 07:40:00,2020,12,10,7,40,37,37261,PROUDHON (AVENUE),47.3942114,0.6672474,Nuit sans éclairage public,En agglomération,Intersection en T,Pluie légère,Deux véhicules - côté,3,2,4,0,1,1,2,5,1,50,2,2,1,0,0,1,40.0,46.0,voiture,voiture,3,2,3,2,3
202000033862,2020-12-10 05:55:00,2020,12,10,5,55,37,37195,PRIEURE (AVENUE DU),47.3828585,0.6548897,Nuit avec éclairage allumé,En agglomération,Giratoire,Pluie légère,,4,2,2,0,1,1,2,5,1,50,2,2,1,0,0,1,58.0,57.0,voiture,deux_roues,5,2,6,2,-1
202000033863,2020-12-11 01:30:00,2020,12,11,1,30,35,35238,FREVILLE (AVENUE HENRI),48.0864,-1.67436,Nuit avec éclairage allumé,En agglomération,Hors intersection,Pluie forte,Deux véhicules - arrière,4,3,3,0,2,1,3,0,4,50,2,2,1,0,0,1,46.0,,voiture,,5,2,1,3,2
202000033864,2020-12-10 21:45:00,2020,12,10,21,45,35,35238,MITTERAND (MAIL FRANCOIS),48.1085886,-1.6929695,Nuit avec éclairage allumé,En agglomération,Intersection en X,Pluie légère,Deux véhicules - arrière,4,1,1,0,1,1,2,0,1,30,2,2,0,0,0,2,56.0,35.0,deux_roues,deux_roues,5,2,2,2,2
202000033865,2020-12-09 15:30:00,2020,12,9,15,30,35,35055,RN136,48.09273,-1.62619,Plein jour,Hors agglomération,Autre intersection,Normale,Trois véhicules et plus - en chaîne,2,1,1,0,2,3,1,3,1,70,4,4,2,0,0,2,54.0,64.0,voiture,voiture,1,1,9,1,4
202000033866,2020-12-09 14:45:00,2020,12,9,14,45,34,34172,RIMBAUD (RUE PAUL),43.6188,3.84686,Plein jour,En agglomération,Hors intersection,Normale,Deux véhicules - côté,4,2,4,3,2,1,1,0,5,50,2,2,1,0,1,0,33.0,36.0,deux_roues,voiture,1,2,1,1,3
202000033867,2020-12-09 12:28:00,2020,12,9,12,28,34,34172,CROIX DU CAPITAINE (AVENUE DE LA),43.6024556,3.8652778,Plein jour,En agglomération,Hors intersection,Normale,Deux véhicules - côté,4,2,2,0,1,1,1,0,1,50,2,2,1,0,0,1,42.0,24.0,voiture,deux_roues,1,2,1,1,3
202000033868,2020-12-02 16:15:00,2020,12,2,16,15,33,33522,Boulevard GEORGE V,44.82415,-0.58753,Plein jour,En agglomération,Hors intersection,Normale,Autre collision,4,2,6,2,1,1,1,0,1,50,1,2,0,0,2,0,26.0,,deux_roues,,1,2,1,1,6
202000033869,2020-11-19 08:15:00,2020,11,19,8,15,33,33200,AVE PASTEUR,44.87675,-0.6798,Plein jour,En agglomération,Intersection en X,Normale,Autre collision,4,2,4,2,1,1,2,9,1,50,1,3,1,0,0,2,48.0,,voiture,,1,2,2,1,6
202000033870,2020-12-09 12:50:00,2020,12,9,12,50,30,30007,MONGE (AVENUE),44.14995,4.0969,Plein jour,Hors agglomération,Hors intersection,Normale,Deux véhicules - côté,3,2,3,0,2,1,1,5,1,70,2,1,0,0,1,0,22.0,,utilitaire_camion,,1,1,1,1,3
202000033871,2020-12-09 12:10:00,2020,12,9,12,10,29,29232,Rue Paul Borrossi,47.98754,-4.12667,Plein jour,En agglomération,Intersection en Y,Temps couvert,Deux véhicules - frontale,4,4,2,0,3,1,2,5,1,30,2,3,1,0,0,2,25.0,20.0,voiture,voiture,1,2,4,8,1
202000033872,2020-12-05 11:14:00,2020,12,5,11,14,29,29019,Boulevard de l’Europe,48.41647,-4.46286,Plein jour,En agglomération,Intersection en X,Pluie forte,Deux véhicules - frontale,4,3,2,0,1,1,2,5,1,50,2,4,2,0,0,2,19.0,40.0,voiture,voiture,1,2,2,3,1
202000033873,2020-12-10 09:35:00,2020,12,10,9,35,25,25056,MONTBOUCONS CHEMIN DES,47.25263,5.99831,Plein jour,En agglomération,Hors intersection,Pluie légère,Deux véhicules - côté,4,2,2,0,2,1,2,0,1,20,2,2,1,0,0,1,26.0,19.0,voiture,deux_roues,1,2,1,2,3
202000033874,2020-12-09 19:40:00,2020,12,9,19,40,22,22113,R.D.767,48.716848,-3.406244,Nuit sans éclairage public,Hors agglomération,Hors intersection,Pluie forte,Deux véhicules - côté,3,3,4,0,3,1,2,0,1,110,2,2,0,0,1,1,21.0,34.0,voiture,utilitaire_camion,3,1,1,3,3
202000033875,2020-01-13 18:05:00,2020,1,13,18,5,75,75106,RUE DE RENNES,48.8445601,2.3245389,Nuit avec éclairage allumé,En agglomération,Intersection en Y,Pluie légère,Autre collision,4,2,3,0,1,1,2,0,1,30,1,2,1,0,1,0,18.0,,deux_roues,,5,2,4,2,6
202000033876,2020-01-13 07:45:00,2020,1,13,7,45,75,75105,RUE DES ECOLES,48.849592,2.344876,Nuit avec éclairage allumé,En agglomération,Intersection en X,Temps couvert,Deux véhicules - côté,4,2,4,0,1,1,1,0,1,50,2,2,1,0,0,1,19.0,38.0,deux_roues,voiture,5,2,2,8,3
202000033877,2020-01-13 15:55:00,2020,1,13,15,55,75,75120,RUE DES PYRENEES,48.858856,2.402487,Plein jour,En agglomération,Hors intersection,Temps couvert,Deux véhicules - côté,4,2,3,0,1,1,2,0,1,50,2,2,1,0,0,1,44.0,60.0,deux_roues,voiture,1,2,1,8,3
202000033878,2020-01-13 17:15:00,2020,1,13,17,15,75,75119,AVENUE SIMON BOLIVAR,48.8746847,2.3829858,Nuit avec éclairage allumé,En agglomération,Hors intersection,Normale,Autre collision,4,2,2,-1,1,1,2,0,1,50,1,3,1,0,0,2,32.0,,deux_roues,,5,2,1,1,6
202000033879,2020-01-13 12:00:00,2020,1,13,12,0,75,75119,RUE MANIN,48.8840213,2.3904517,Plein jour,En agglomération,Intersection en T,Normale,Deux véhicules - côté,4,2,2,0,1,1,1,0,1,30,2,2,1,0,0,1,47.0,51.0,voiture,deux_roues,1,2,3,1,3
202000033880,2020-01-13 12:30:00,2020,1,13,12,30,75,75119,RUE DE TANGER,48.8857207,2.3683633,Plein jour,En agglomération,Intersection en T,Pluie légère,Autre collision,4,2,3,1,1,1,2,-1,5,30,1,1,0,0,0,1,,,,,1,2,3,2,6
202000033881,2020-01-13 10:00:00,2020,1,13,10,0,75,75119,RUE PRADIER,48.876303,2.382502,Plein jour,En agglomération,Hors intersection,Normale,Autre collision,4,2,2,-1,2,1,1,0,4,30,1,2,1,0,0,1,39.0,,deux_roues,,1,2,1,1,6
202000033882,2020-01-13 09:55:00,2020,1,13,9,55,75,75119,RUE BOTZARIS,48.8759986,2.3813281,Plein jour,En agglomération,Intersection à plus de 4 branches,Normale,Deux véhicules - côté,4,2,2,0,1,1,1,0,1,30,2,2,1,0,0,1,21.0,70.0,deux_roues,deux_roues,1,2,5,1,3
202000033883,2020-01-13 14:00:00,2020,1,13,14,0,75,75118,AVENUE DE LA PORTE DE SAINT OUEN,48.897707,2.329017,Plein jour,En agglomération,Intersection en X,Normale,Deux véhicules - côté,4,2,6,0,1,1,1,0,1,50,2,2,1,0,0,1,47.0,46.0,voiture,voiture,1,2,2,1,3
202000033884,2020-01-13 13:05:00,2020,1,13,13,5,75,75118,RUE LABAT,48.889485,2.3496,Plein jour,En agglomération,Intersection en X,Pluie légère,Deux véhicules - côté,4,1,4,1,2,1,2,-1,5,50,2,2,1,0,0,1,60.0,51.0,deux_roues,voiture,1,2,2,2,3
202000033885,2020-01-13 14:00:00,2020,1,13,14,0,75,75117,AVENUE DE VILLIERS,48.882619,2.310393,Plein jour,En agglomération,Intersection en X,Normale,Deux véhicules - côté,4,2,2,0,1,1,1,0,1,50,2,2,1,0,0,1,37.0,42.0,deux_roues,voiture,1,2,2,1,3
202000033886,2020-01-13 10:50:00,2020,1,13,10,50,75,75117,AVENUE DE VILLIERS,48.8817361,2.3145892,Plein jour,En agglomération,Intersection en Y,Normale,Deux véhicules - côté,4,2,2,0,1,1,1,0,1,50,2,2,1,0,0,1,36.0,64.0,deux_roues,voiture,1,2,4,1,3
202000033887,2020-01-13 18:50:00,2020,1,13,18,50,75,75116,BOULEVARD DELESSERT,48.859612,2.287716,Nuit avec éclairage allumé,En agglomération,Intersection en T,Pluie légère,Deux véhicules - côté,4,2,3,0,2,2,2,0,1,50,2,2,1,0,0,1,43.0,37.0,deux_roues,voiture,5,2,3,2,3
202000033888,2020-01-13 09:00:00,2020,1,13,9,0,75,75115,RUE LOUIS ARMAND,48.8325711,2.2792272,Plein jour,En agglomération,Intersection en T,Normale,Deux véhicules - côté,4,2,1,0,1,1,1,0,1,50,2,2,1,0,0,1,35.0,39.0,deux_roues,deux_roues,1,2,3,1,3
202000033889,2020-01-13 18:56:00,2020,1,13,18,56,75,75114,RUE D ALESIA,48.8303853,2.3196792,Nuit avec éclairage allumé,En agglomération,Intersection en T,Temps couvert,Deux véhicules - côté,4,2,4,3,1,1,2,-1,6,30,2,2,1,0,0,1,35.0,19.0,voiture,deux_roues,5,2,3,8,3