accident_id,datetime,annee,mois,jour,heure,minute,departement,commune_insee,adresse,latitude,longitude,luminosite,agglomeration,intersection,meteo,collision,catr,circ,nbv,vosp,prof,plan,surf,infra,situ,vma,nb_vehicules,nb_usagers,nb_indemnes,nb_tues,nb_blesses_hosp,nb_blesses_legers,age_cond_1,age_cond_2,veh_type_cond_1,veh_type_cond_2,lum_code,agg_code,int_code,atm_code,col_code
202000033890,2020-01-13 17:25:00,2020,1,13,17,25,75,75113,BOULEVARD DU GENERAL JEAN SIMON,48.8259074,2.3827524,Nuit avec éclairage allumé,En agglomération,Intersection en X,Normale,Deux véhicules - côté,4,2,0,0,1,1,1,0,1,50,2,2,1,0,0,1,48.0,56.0,voiture,deux_roues,5,2,2,1,3
202000033891,2020-01-13 08:14:00,2020,1,13,8,14,75,75113,BOULEVARD MASSENA,48.8232716,2.3741587,Plein jour,En agglomération,Hors intersection,Normale,Deux véhicules - côté,4,3,2,-1,2,1,1,0,1,50,2,2,1,0,0,1,73.0,36.0,voiture,deux_roues,1,2,1,1,3
202000033892,2020-01-13 18:05:00,2020,1,13,18,5,75,75112,AVENUE DAUMESNIL,48.83753,2.4253529,Nuit sans éclairage public,En agglomération,Intersection en X,Pluie légère,Deux véhicules - côté,4,2,4,0,1,1,2,0,1,50,2,3,1,0,0,2,78.0,32.0,voiture,deux_roues,3,2,2,2,3
202000033893,2020-01-13 08:00:00,2020,1,13,8,0,75,75111,RUE DE MONTREUIL,48.850463,2.389958,Plein jour,En agglomération,Intersection en T,Normale,Deux véhicules - côté,4,2,1,1,1,1,1,-1,5,30,2,2,1,0,0,1,53.0,38.0,voiture,deux_roues,1,2,3,1,3
202000033894,2020-01-13 11:10:00,2020,1,13,11,10,75,75110,BOULEVARD DE MAGENTA,48.872909,2.359081,Plein jour,En agglomération,Hors intersection,Normale,Autre collision,4,2,4,0,1,1,1,0,1,50,1,2,1,0,0,1,28.0,,deux_roues,,1,2,1,1,6
202000033895,2020-01-13 10:00:00,2020,1,13,10,0,75,75110,RUE DU FAUBOURG SAINT DENIS,48.8809645,2.3579477,Plein jour,En agglomération,Hors intersection,Normale,Autre collision,4,2,2,3,1,1,1,-1,6,50,1,2,1,0,0,1,33.0,,deux_roues,,1,2,1,1,6
202000033896,2020-01-13 13:12:00,2020,1,13,13,12,75,75109,RUE LA FAYETTE,48.8770751,2.3485009,Plein jour,En agglomération,Hors intersection,Temps couvert,,4,2,4,1,1,1,2,-1,5,50,2,1,0,0,0,1,31.0,,deux_roues,,1,2,1,8,-1
202000033897,2020-01-13 09:05:00,2020,1,13,9,5,75,75109,RUE DE DOUAI,48.88191,2.3343285,Plein jour,En agglomération,Intersection en T,Normale,Sans collision,4,1,2,0,1,1,2,0,1,30,1,1,0,0,0,1,33.0,,deux_roues,,1,2,3,1,7
202000033898,2020-01-13 12:55:00,2020,1,13,12,55,75,75107,RUE DU GENERAL BERTRAND,48.8476908,2.3133482,Plein jour,En agglomération,Intersection en X,Pluie légère,Deux véhicules - côté,4,1,2,0,1,1,2,0,1,50,2,2,1,0,0,1,33.0,29.0,voiture,deux_roues,1,2,2,2,3
202000033899,2020-01-13 06:10:00,2020,1,13,6,10,75,75101,QUAI DES TUILERIES,48.86264,2.324958,Nuit avec éclairage allumé,En agglomération,Hors intersection,Normale,Deux véhicules - côté,4,2,3,0,1,1,1,0,1,50,2,1,0,0,0,1,44.0,,deux_roues,,5,2,1,1,3
202000033900,2020-01-13 14:00:00,2020,1,13,14,0,94,94041,GEORGES GOSNAT (AV),48.81287,2.38728,Plein jour,En agglomération,Hors intersection,Pluie légère,Autre collision,3,2,3,3,1,1,2,0,1,50,1,2,1,0,0,1,21.0,,deux_roues,,1,2,1,2,6
202000033901,2020-01-13 01:09:00,2020,1,13,1,9,94,94028,SAVAR.(RUE JULIETTE),48.78758,2.46222,Nuit avec éclairage allumé,En agglomération,Hors intersection,Normale,Deux véhicules - arrière,4,2,2,0,1,1,1,0,1,50,2,2,1,0,0,1,33.0,41.0,deux_roues,transport_commun,5,2,1,1,2
202000033902,2020-01-13 19:50:00,2020,1,13,19,50,94,94018,CARRIERES (QU DES),48.81932,2.40751,Nuit avec éclairage allumé,En agglomération,Intersection en T,Temps couvert,,3,-1,2,3,1,2,1,0,4,50,2,1,0,0,0,1,33.0,,deux_roues,,5,2,3,8,-1
202000033903,2020-01-13 18:45:00,2020,1,13,18,45,94,94017,GENERAL DE GAULLE (AV DU),48.82183,2.4901,Nuit avec éclairage allumé,En agglomération,Hors intersection,Normale,Deux véhicules - côté,3,3,4,0,1,1,2,0,1,50,2,2,1,0,1,0,40.0,57.0,deux_roues,voiture,5,2,1,1,3
202000033904,2020-01-13 09:40:00,2020,1,13,9,40,94,94004,GENERAL LECLERC (AV DU),48.75143,2.50698,Plein jour,En agglomération,Hors intersection,Temps couvert,Deux véhicules - arrière,2,2,4,0,2,1,1,0,3,50,2,2,1,0,0,1,33.0,54.0,deux_roues,transport_commun,1,2,1,8,2
202000033905,2020-01-13 13:00:00,2020,1,13,13,0,93,93039,QU DE LA MARINE,48.946982,2.325985,Plein jour,En agglomération,Hors intersection,Normale,Deux véhicules - frontale,4,2,2,0,1,1,1,0,1,50,2,2,0,0,0,2,43.0,27.0,voiture,voiture,1,2,1,1,1
202000033906,2020-01-12 22:49:00,2020,1,12,22,49,93,93077,GRANDE RUE  18 / FIN,48.8838627,2.5103306,Nuit avec éclairage allumé,En agglomération,Hors intersection,Normale,Trois véhicules et plus - en chaîne,3,2,2,0,1,1,1,0,1,50,3,3,2,0,0,1,31.0,47.0,voiture,voiture,5,2,1,1,4
202000033907,2020-01-13 20:40:00,2020,1,13,20,40,93,93077,AV DE LA BOURDONNAIS / GRANDE RUE,48.8821606,2.5231676,Nuit avec éclairage allumé,En agglomération,Intersection en T,Pluie légère,Deux véhicules - côté,3,2,2,0,1,1,2,0,1,50,2,2,1,0,0,1,22.0,30.0,deux_roues,voiture,5,2,3,2,3
202000033908,2020-01-13 13:50:00,2020,1,13,13,50,93,93051,MONGE,48.8424588,2.5456426,Plein jour,En agglomération,Hors intersection,Pluie légère,Deux véhicules - arrière,4,2,0,0,1,1,2,0,3,30,2,3,1,0,0,2,35.0,52.0,voiture,voiture,1,2,1,2,2
202000033909,2020-01-13 08:15:00,2020,1,13,8,15,93,93050,AV LEON BLUM / R DE TOURAINE,48.8669,2.5307,Crépuscule ou aube,En agglomération,Intersection en T,Temps couvert,Autre collision,3,2,2,0,1,1,1,6,6,30,1,2,1,0,0,1,63.0,,transport_commun,,2,2,3,8,6
202000033910,2020-01-13 18:40:00,2020,1,13,18,40,93,93001,QU ADRIEN AGNES,48.9219388,2.3670906,Nuit sans éclairage public,En agglomération,Autre intersection,Normale,Deux véhicules - frontale,3,2,2,0,1,1,1,0,1,50,2,1,0,0,0,1,42.0,,voiture,,3,2,9,1,1
202000033911,2020-01-12 20:50:00,2020,1,12,20,50,92,92036,GABRIEL PERI (AVENUE) (147/177),48.923678,2.294655,Nuit avec éclairage allumé,En agglomération,Hors intersection,Normale,Deux véhicules - arrière,3,2,2,1,1,1,1,0,1,50,2,2,1,0,0,1,26.0,20.0,voiture,voiture,5,2,1,1,2
202000033912,2020-01-13 19:50:00,2020,1,13,19,50,92,92024,VICTOR HUGO (BD),48.899104,2.3131773,Nuit avec éclairage allumé,En agglomération,Hors intersection,Normale,Deux véhicules - arrière,3,2,4,0,1,1,1,0,1,50,2,3,2,0,0,1,33.0,25.0,voiture,deux_roues,5,2,1,1,2
202000033913,2020-01-10 06:10:00,2020,1,10,6,10,92,92032,DOLIVET J ET M (AVENUE),48.7933,2.29075,Nuit avec éclairage allumé,En agglomération,Hors intersection,Pluie légère,Deux véhicules - arrière,3,2,2,0,1,1,2,0,1,30,2,2,1,0,1,0,37.0,49.0,voiture,voiture,5,2,1,2,2
202000033914,2020-01-11 14:15:00,2020,1,11,14,15,47,47193,Las Bardes,44.5457354,0.5725712,Plein jour,Hors agglomération,Hors intersection,Normale,Sans collision,3,2,2,0,2,1,1,0,8,80,1,2,1,0,1,0,42.0,,voiture,,1,1,1,1,7
202000033915,2020-01-13 19:10:00,2020,1,13,19,10,74,74307,A410,46.000596,6.147504,Nuit sans éclairage public,Hors agglomération,Hors intersection,Normale,Deux véhicules - arrière,1,1,2,2,3,3,1,0,1,130,2,2,1,1,0,0,51.0,80.0,utilitaire_camion,voiture,3,1,1,1,2
202000033916,2020-01-13 15:15:00,2020,1,13,15,15,77,77415,A4,48.9522385,3.0433716,Plein jour,Hors agglomération,Hors intersection,Normale,Autre collision,1,1,5,0,1,1,1,0,1,130,1,1,0,0,0,1,63.0,,voiture,,1,1,1,1,6
202000033917,2020-01-13 11:30:00,2020,1,13,11,30,974,97402,Route Nationale 2,-21.003483,55.677498,Plein jour,Hors agglomération,Hors intersection,Normale,Autre collision,4,2,1,0,1,1,1,0,1,50,1,1,0,0,0,1,18.0,,deux_roues,,1,1,1,1,6
202000033918,2020-01-14 07:40:00,2020,1,14,7,40,59,59107,Rue Pierre Decock,51.064007,2.520435,Nuit avec éclairage allumé,En agglomération,Hors intersection,Pluie légère,Deux véhicules - arrière,4,2,2,0,1,1,2,0,1,50,2,2,1,1,0,0,48.0,54.0,voiture,deux_roues,5,2,1,2,2
202000033919,2020-01-13 19:50:00,2020,1,13,19,50,56,56248,Place de l'Eglise,47.5774866,-2.6297035,Nuit avec éclairage allumé,En agglomération,Place,Vent fort / tempête,Autre collision,4,1,1,0,1,2,2,0,1,30,1,2,1,0,0,1,34.0,,voiture,,5,2,7,6,6
202000033920,2020-01-14 06:50:00,2020,1,14,6,50,80,80136,RD 329 PK 46+500,49.974868,2.70068,Nuit sans éclairage public,Hors agglomération,Hors intersection,Vent fort / tempête,Deux véhicules - arrière,3,2,2,0,2,1,1,0,1,80,2,2,1,1,0,0,22.0,47.0,voiture,deux_roues,3,1,1,6,2
202000033921,2020-01-12 18:30:00,2020,1,12,18,30,11,11079,MARTY ANTOINE,43.381185,2.313722,Plein jour,En agglomération,Autre intersection,Normale,Autre collision,3,2,2,0,1,2,1,0,3,80,1,2,1,0,1,0,57.0,,voiture,,1,2,9,1,6
202000033922,2020-01-14 08:35:00,2020,1,14,8,35,12,12208,Route de Tiergues,43.980984,2.9415,Plein jour,Hors agglomération,Hors intersection,Temps couvert,Autre collision,3,2,2,0,2,3,2,0,3,80,1,1,0,0,1,0,22.0,,voiture,,1,1,1,8,6
202000033923,2020-01-12 17:40:00,2020,1,12,17,40,46,46225,55 Rue de la République / rue des vendengeurs,44.512146,1.18974,Plein jour,Hors agglomération,Intersection en T,Normale,Deux véhicules - côté,3,2,2,0,1,1,1,0,1,70,2,2,1,0,1,0,34.0,65.0,deux_roues,voiture,1,1,3,1,3
202000033924,2020-01-13 17:00:00,2020,1,13,17,0,34,34192,1 Boulevard Sarrail,43.528901,3.934912,Plein jour,En agglomération,Giratoire,Normale,Autre collision,4,-1,1,0,1,2,1,5,1,50,1,2,1,0,1,0,49.0,,utilitaire_camion,,1,2,6,1,6
202000033925,2020-01-13 14:05:00,2020,1,13,14,5,29,29191,D9 - Rue de la Montagne,48.517937,-3.712643,Plein jour,En agglomération,Intersection en X,Pluie légère,Deux véhicules - côté,3,2,2,0,1,1,2,0,1,50,2,3,0,0,1,2,67.0,70.0,voiture,voiture,1,2,2,2,3
202000033926,2020-01-14 07:30:00,2020,1,14,7,30,29,29061,D267,48.436995,-4.449367,Nuit sans éclairage public,Hors agglomération,Hors intersection,Pluie légère,Deux véhicules - frontale,3,2,2,0,1,4,2,0,1,80,2,2,1,0,1,0,56.0,51.0,utilitaire_camion,voiture,3,1,1,2,1
202000033927,2020-01-14 10:05:00,2020,1,14,10,5,29,29220,D785 - Route de Plomeur,47.8529154,-4.2450517,Plein jour,Hors agglomération,Hors intersection,Pluie forte,Autre collision,3,2,2,0,1,1,2,0,3,70,1,1,0,1,0,0,84.0,,voiture,,1,1,1,3,6
202000033928,2020-01-14 07:40:00,2020,1,14,7,40,31,31118,D820,43.792453,1.338243,Crépuscule ou aube,Hors agglomération,Hors intersection,Normale,Deux véhicules - frontale,3,2,3,0,1,3,1,0,1,80,2,2,0,0,1,1,21.0,36.0,voiture,voiture,2,1,1,1,1
202000033929,2020-01-14 11:45:00,2020,1,14,11,45,38,38315,Rue de Lyon,45.53609,5.66877,Plein jour,En agglomération,Hors intersection,Normale,Autre collision,3,2,2,0,2,1,1,0,4,50,1,1,0,1,0,0,68.0,,voiture,,1,2,1,1,6
202000033930,2020-01-13 21:15:00,2020,1,13,21,15,01,01367,D975,46.4005328,5.1130485,Nuit avec éclairage allumé,En agglomération,Hors intersection,Normale,Autre collision,3,2,2,0,1,2,1,0,4,50,1,1,0,1,0,0,31.0,,deux_roues,,5,2,1,1,6
202000033931,2020-01-14 18:40:00,2020,1,14,18,40,26,26113, 13 Rue Leon Archimbaud,44.755733,5.371244,Nuit avec éclairage non allumé,En agglomération,Autre intersection,Normale,Autre collision,6,-1,-1,-1,1,2,1,0,8,10,1,2,1,0,0,1,23.0,,voiture,,4,2,9,1,6
202000033932,2020-01-13 20:10:00,2020,1,13,20,10,26,26115,D538,44.684324,5.012101,Nuit sans éclairage public,Hors agglomération,Hors intersection,Normale,Sans collision,3,2,2,0,1,1,1,0,8,80,1,1,0,1,0,0,25.0,,voiture,,3,1,1,1,7
202000033933,2020-01-14 18:30:00,2020,1,14,18,30,72,72158,route departementale 302,48.046162,0.62442,Nuit sans éclairage public,Hors agglomération,Hors intersection,Pluie légère,Deux véhicules - arrière,3,2,2,0,1,1,2,0,1,80,2,2,1,0,0,1,90.0,19.0,voiture,deux_roues,3,1,1,2,2
202000033934,2020-01-14 11:40:00,2020,1,14,11,40,50,50596,39 Rue Sauxtours,49.644832,-1.411162,Plein jour,Hors agglomération,Hors intersection,Vent fort / tempête,Sans collision,3,2,2,0,4,4,3,0,3,80,1,1,0,0,1,0,19.0,,deux_roues,,1,1,1,6,7
202000033935,2020-01-13 14:30:00,2020,1,13,14,30,90,90007,D83,47.594535,6.802206,Plein jour,Hors agglomération,Hors intersection,Normale,Deux véhicules - frontale,3,2,2,0,1,1,1,0,1,80,2,3,1,0,2,0,63.0,74.0,voiture,voiture,1,1,1,1,1
202000033936,2020-01-13 13:20:00,2020,1,13,13,20,60,60408,D122,49.480096,2.749121,Plein jour,Hors agglomération,Intersection en X,Pluie légère,Deux véhicules - frontale,3,2,2,0,3,1,2,5,1,80,2,2,1,0,1,0,42.0,52.0,voiture,voiture,1,1,2,2,1
202000033937,2020-01-13 18:10:00,2020,1,13,18,10,36,36139,LE CHATELIER,46.791983,1.470541,Nuit sans éclairage public,Hors agglomération,Hors intersection,Normale,Deux véhicules - frontale,3,2,2,0,1,1,2,0,1,80,2,2,1,0,1,0,39.0,25.0,utilitaire_camion,voiture,3,1,1,1,1
202000033938,2020-01-14 14:45:00,2020,1,14,14,45,16,16292,58 Avenue du General Celestin Sieur,46.0168795,0.1982044,Plein jour,En agglomération,Intersection en X,Normale,Deux véhicules - frontale,3,2,2,0,2,1,1,5,1,50,2,3,2,0,0,1,94.0,59.0,voiture,voiture,1,2,2,1,1
202000033939,2020-01-13 20:00:00,2020,1,13,20,0,07,07171,D207,44.450926,4.1578866,Nuit sans éclairage public,Hors agglomération,Hors intersection,Temps couvert,Autre collision,3,2,2,0,1,2,2,0,1,80,1,2,0,1,0,1,49.0,,voiture,,3,1,1,8,6
202000033940,2020-01-12 20:00:00,2020,1,12,20,0,53,53091,CD141,48.468859,-0.845992,Nuit sans éclairage public,Hors agglomération,Hors intersection,Normale,Deux véhicules - frontale,3,2,2,0,2,3,1,0,1,80,2,4,2,0,0,2,65.0,70.0,voiture,voiture,3,1,1,1,1
202000033941,2020-01-11 16:25:00,2020,1,11,16,25,24,24551,Parc Theulier,45.413722,0.923142,Plein jour,Hors agglomération,Intersection en T,Normale,Deux véhicules - côté,2,2,2,0,2,1,1,0,1,80,2,2,1,0,1,0,29.0,24.0,voiture,deux_roues,1,1,3,1,3
202000033942,2020-01-13 18:00:00,2020,1,13,18,0,85,85266,Les Reillauderies,46.738363,-0.980795,Nuit sans éclairage public,Hors agglomération,Intersection en X,Temps couvert,Deux véhicules - arrière,3,2,2,0,1,1,2,0,1,80,2,2,1,0,1,0,16.0,22.0,deux_roues,voiture,3,1,2,8,2
202000033943,2020-01-14 00:30:00,2020,1,14,0,30,27,27428,Avenue de la Libération,49.148273,0.900667,Nuit avec éclairage allumé,En agglomération,Giratoire,Normale,Autre collision,3,2,2,0,1,1,1,5,1,50,1,1,0,0,0,1,,,,,5,2,6,1,6
202000033944,2020-01-11 13:40:00,2020,1,11,13,40,27,27432,D26,49.205305,0.784623,Plein jour,Hors agglomération,Intersection à plus de 4 branches,Normale,Deux véhicules - côté,3,2,2,0,1,1,1,0,1,80,2,2,1,0,0,1,48.0,19.0,voiture,voiture,1,1,5,1,3
202000033945,2020-01-12 23:50:00,2020,1,12,23,50,37,37156,,47.3971872,0.8920212,Nuit sans éclairage public,Hors agglomération,Hors intersection,Pluie légère,Sans collision,3,2,2,0,1,1,2,0,8,80,1,1,0,0,1,0,19.0,,voiture,,3,1,1,2,7
202000033946,2020-01-14 08:00:00,2020,1,14,8,0,48,48140,2105 Route de Sarroul,44.81162,3.265882,Plein jour,Hors agglomération,Hors intersection,Temps couvert,Autre collision,3,2,2,0,1,3,7,0,3,80,1,3,2,0,1,0,43.0,,voiture,,1,1,1,8,6
202000033947,2020-01-14 11:15:00,2020,1,14,11,15,35,35206,Mouillemuse,48.0456871,-1.6287265,Plein jour,Hors agglomération,Autre intersection,Vent fort / tempête,Trois véhicules et plus - collisions multiples,3,2,2,0,2,1,2,0,1,80,3,3,0,1,0,2,48.0,40.0,utilitaire_camion,voiture,1,1,9,6,5
202000033948,2020-01-11 16:00:00,2020,1,11,16,0,13,13051,Route Departementale 10,43.547532,5.154972,Plein jour,Hors agglomération,Hors intersection,Normale,Trois véhicules et plus - en chaîne,3,2,2,0,1,1,1,0,1,80,3,2,1,0,0,1,29.0,23.0,voiture,voiture,1,1,1,1,4
202000033949,2020-01-09 07:30:00,2020,1,9,7,30,45,45067,A10 - PK105+250,47.8914623,1.7623776,Crépuscule ou aube,Hors agglomération,Hors intersection,Normale,Deux véhicules - arrière,1,3,6,0,1,1,1,0,1,130,2,2,1,0,1,0,46.0,38.0,voiture,utilitaire_camion,2,1,1,1,2
202000033950,2020-01-14 10:00:00,2020,1,14,10,0,30,30125,A54,43.778542,4.415742,Plein jour,Hors agglomération,Hors intersection,Normale,Trois véhicules et plus - en chaîne,1,3,4,0,1,1,1,0,1,130,4,4,1,0,1,2,29.0,29.0,voiture,voiture,1,1,1,1,4
202000033951,2020-01-11 19:00:00,2020,1,11,19,0,971,97103,28 Boulevard des Armees la Jaille,16.254261,-61.563649,Nuit sans éclairage public,En agglomération,Hors intersection,Normale,Autre collision,2,3,4,0,1,1,2,0,1,90,1,2,1,0,1,0,32.0,,voiture,,3,2,1,1,6
202000033952,2020-01-11 01:15:00,2020,1,11,1,15,971,97128,Le Helleux,16.248729,-61.341029,Nuit sans éclairage public,Hors agglomération,Hors intersection,Pluie légère,Deux véhicules - frontale,2,2,2,0,1,2,2,0,1,80,2,4,3,0,1,0,36.0,19.0,voiture,voiture,3,1,1,2,1
202000033953,2020-01-11 07:35:00,2020,1,11,7,35,971,97125,La Pointe des Châteaux,16.255764,-61.246894,Plein jour,Hors agglomération,Hors intersection,Normale,Deux véhicules - arrière,3,2,1,0,1,1,1,0,1,70,2,2,1,1,0,0,54.0,78.0,voiture,deux_roues,1,1,1,1,2
202000033954,2020-01-14 17:45:00,2020,1,14,17,45,30,30130,Avenue Pierre Olivier,44.352185,3.946222,Nuit sans éclairage public,En agglomération,Hors intersection,Normale,Autre collision,3,2,2,0,2,2,2,0,8,50,1,2,0,1,1,0,50.0,,voiture,,3,2,1,1,6
202000033955,2020-01-13 08:15:00,2020,1,13,8,15,13,13084,D23,43.726127,5.279955,Crépuscule ou aube,Hors agglomération,Hors intersection,Normale,Deux véhicules - arrière,3,2,2,0,1,2,7,0,1,80,2,3,0,0,2,1,54.0,19.0,voiture,voiture,2,1,1,1,2
202000033956,2020-01-10 17:15:00,2020,1,10,17,15,69,69194,Rue de Saint-cyr,45.791452,4.808601,Nuit avec éclairage allumé,En agglomération,Hors intersection,Normale,Deux véhicules - côté,3,2,2,3,1,1,1,0,6,50,2,2,1,0,1,0,25.0,47.0,voiture,deux_roues,5,2,1,1,3
202000033957,2020-01-14 16:30:00,2020,1,14,16,30,47,47157,Boulevard Meyniel,44.503267,0.162036,Plein jour,En agglomération,Hors intersection,Normale,Autre collision,3,3,4,0,1,1,1,0,1,50,1,2,1,0,1,0,72.0,,voiture,,1,2,1,1,6
202000033958,2020-01-14 13:30:00,2020,1,14,13,30,33,33058,7 Avenue Jean Boussard,45.125342,-0.64894,Plein jour,En agglomération,Hors intersection,Temps couvert,Sans collision,4,2,2,0,1,1,1,0,1,50,1,1,0,1,0,0,39.0,,deux_roues,,1,2,1,8,7
202000033959,2020-01-10 04:40:00,2020,1,10,4,40,44,44103,Rue du Docteur Schweitzer,47.3265077,-2.1598194,Nuit avec éclairage allumé,En agglomération,Hors intersection,Normale,Deux véhicules - côté,3,2,2,2,4,1,1,2,1,50,2,2,1,0,1,0,41.0,47.0,voiture,deux_roues,5,2,1,1,3
202000033960,2020-01-14 17:15:00,2020,1,14,17,15,60,60517,D1001,49.2190193,2.2315946,Crépuscule ou aube,Hors agglomération,Intersection en X,Vent fort / tempête,Deux véhicules - côté,3,2,3,0,1,1,2,0,1,90,2,3,0,0,0,3,24.0,72.0,voiture,voiture,2,1,2,6,3
202000033961,2020-01-12 23:00:00,2020,1,12,23,0,13,13001,A51-Sens Marseille vers Aix en Provence,43.512135,5.424021,Nuit sans éclairage public,Hors agglomération,Hors intersection,Normale,Sans collision,1,1,1,0,2,3,1,0,1,90,1,1,0,0,0,1,30.0,,utilitaire_camion,,3,1,1,1,7
202000033962,2020-01-13 14:50:00,2020,1,13,14,50,13,13215,A7-Sens Lyon vers Marseille,43.3793633,5.3542057,Plein jour,Hors agglomération,Hors intersection,Normale,Sans collision,1,1,3,0,1,1,1,0,2,90,1,1,0,0,0,1,38.0,,deux_roues,,1,1,1,1,7
202000033963,2020-01-10 19:00:00,2020,1,10,19,0,13,13106,A51-Sens Aix en Provence vers Marseille,43.405511,5.360375,Nuit sans éclairage public,Hors agglomération,Hors intersection,Normale,Deux véhicules - arrière,1,1,4,3,1,1,1,0,1,90,2,2,1,0,0,1,24.0,32.0,voiture,voiture,3,1,1,1,2
202000033964,2020-01-11 12:30:00,2020,1,11,12,30,83,83144,A57,43.13349,5.98476,Plein jour,Hors agglomération,Hors intersection,Normale,Deux véhicules - arrière,1,3,5,0,1,1,1,0,1,110,2,2,1,0,0,1,55.0,46.0,voiture,deux_roues,1,1,1,1,2
202000033965,2020-01-11 01:00:00,2020,1,11,1,0,59,59609,AUTOROUTE A1,50.572874,3.080408,Nuit sans éclairage public,Hors agglomération,Hors intersection,Normale,Autre collision,1,3,6,0,1,1,1,0,1,90,1,2,0,0,1,1,27.0,,voiture,,3,1,1,1,6
202000033966,2020-01-12 06:50:00,2020,1,12,6,50,62,62498,AUTOROUTE A21,50.4490877,2.834924,Nuit sans éclairage public,Hors agglomération,Hors intersection,Normale,Autre collision,1,3,1,0,1,3,1,0,1,90,1,4,0,0,2,2,20.0,,voiture,,3,1,1,1,6
202000033967,2020-01-13 19:40:00,2020,1,13,19,40,77,77251,AUTOROUTE A5A,48.626144,2.539108,Nuit sans éclairage public,Hors agglomération,Hors intersection,Normale,Deux véhicules - arrière,1,1,4,0,1,1,2,0,1,110,2,2,1,0,0,1,22.0,48.0,voiture,voiture,3,1,1,1,2
202000033968,2020-01-13 11:20:00,2020,1,13,11,20,94,94034,AUTOROUTE A86,48.7577255,2.3280598,Plein jour,Hors agglomération,Hors intersection,Normale,Trois véhicules et plus - en chaîne,1,3,2,0,2,1,1,2,1,70,3,3,2,0,0,1,57.0,47.0,voiture,utilitaire_camion,1,1,1,1,4
202000033969,2020-01-13 13:00:00,2020,1,13,13,0,91,91182,AUTOROUTE A6,48.62757,2.41398,Plein jour,Hors agglomération,Hors intersection,Pluie légère,Autre collision,1,1,1,0,1,1,2,3,1,70,1,1,0,0,0,1,38.0,,utilitaire_camion,,1,1,1,2,6
202000033970,2020-01-13 09:43:00,2020,1,13,9,43,91,91687,AUTOROUTE A6,48.6634,2.3666,Plein jour,Hors agglomération,Hors intersection,Normale,Autre collision,1,1,3,0,1,1,1,0,1,110,1,1,0,0,0,1,54.0,,deux_roues,,1,1,1,1,6
202000033971,2020-01-13 18:00:00,2020,1,13,18,0,77,77146,A4.Y,48.83235,2.65978,Nuit sans éclairage public,Hors agglomération,Hors intersection,Normale,Deux véhicules - arrière,1,3,4,0,1,1,1,3,1,110,2,2,1,0,0,1,42.0,51.0,voiture,voiture,3,1,1,1,2
202000033972,2020-01-13 08:30:00,2020,1,13,8,30,94,94069,A4,48.8173704,2.428614,Plein jour,Hors agglomération,Hors intersection,Normale,Trois véhicules et plus - en chaîne,1,1,5,0,1,1,1,0,1,90,3,3,2,0,0,1,53.0,51.0,utilitaire_camion,voiture,1,1,1,1,4
202000033973,2020-01-13 06:45:00,2020,1,13,6,45,93,93051,A4,48.8362553,2.5522765,Nuit sans éclairage public,Hors agglomération,Hors intersection,Normale,Deux véhicules - arrière,1,3,3,0,1,1,1,0,2,110,2,2,1,0,0,1,28.0,51.0,voiture,deux_roues,3,1,1,1,2
202000033974,2020-01-12 02:30:00,2020,1,12,2,30,94,94033,A86.EXT,48.8593412,2.4862011,Nuit avec éclairage allumé,Hors agglomération,Hors intersection,Normale,Autre collision,1,3,2,0,1,2,1,0,1,110,1,2,1,0,1,0,23.0,,voiture,,5,1,1,1,6
202000033975,2020-01-11 17:00:00,2020,1,11,17,0,988,98818,ROUTE EXPRESS DU MONT-DORE,-22.24106,166.48117,Plein jour,En agglomération,Hors intersection,Normale,Autre collision,1,2,2,0,1,1,1,0,1,50,1,3,2,0,0,1,57.0,,voiture,,1,2,1,1,6
202000033976,2020-01-10 23:35:00,2020,1,10,23,35,976,97611,vahibe-Departementale 3 ( route ),-12.7924,45.1872,Nuit sans éclairage public,Hors agglomération,Hors intersection,Normale,Sans collision,3,2,0,0,2,4,1,0,8,50,1,3,1,0,0,2,29.0,,voiture,,3,1,1,1,7
202000033977,2020-01-09 10:00:00,2020,1,9,10,0,974,97416,RN3 (1),-21.31949,55.49946,Plein jour,Hors agglomération,Hors intersection,Normale,Deux véhicules - arrière,2,3,4,0,1,1,1,0,1,110,2,6,2,0,0,4,68.0,33.0,voiture,voiture,1,1,1,1,2
202000033978,2020-01-10 15:40:00,2020,1,10,15,40,974,97411,Boulevard de Saint François,-20.89839,55.4611799,Plein jour,En agglomération,Hors intersection,Normale,Deux véhicules - frontale,3,2,2,0,2,1,1,9,1,50,2,2,1,1,0,0,19.0,45.0,deux_roues,autre,1,2,1,1,1
202000033979,2020-01-10 06:55:00,2020,1,10,6,55,974,97411,Boulevard Jean Jaurès,-20.89012,55.46448,Plein jour,En agglomération,Hors intersection,Normale,Autre collision,2,3,6,0,1,1,1,0,1,50,1,2,1,0,0,1,53.0,,voiture,,1,2,1,1,6
202000033980,2020-01-11 17:30:00,2020,1,11,17,30,974,97407,Rue Jesse Owens,-20.93448,55.3195,Plein jour,Hors agglomération,Autre intersection,Pluie légère,Autre collision,4,-1,2,0,2,2,2,0,1,50,1,2,1,0,0,1,38.0,,voiture,,1,1,9,2,6