accident_id,datetime,annee,mois,jour,heure,minute,departement,commune_insee,adresse,latitude,longitude,luminosite,agglomeration,intersection,meteo,collision,catr,circ,nbv,vosp,prof,plan,surf,infra,situ,vma,nb_vehicules,nb_usagers,nb_indemnes,nb_tues,nb_blesses_hosp,nb_blesses_legers,age_cond_1,age_cond_2,veh_type_cond_1,veh_type_cond_2,lum_code,agg_code,int_code,atm_code,col_code
202000033981,2020-01-11 11:40:00,2020,1,11,11,40,974,97407,Avenue Raymond Vergès,-20.9399,55.30547,Plein jour,En agglomération,Hors intersection,Normale,Autre collision,4,-1,0,0,1,1,1,0,1,50,1,1,0,0,0,1,,,,,1,2,1,1,6
202000033982,2020-01-11 11:00:00,2020,1,11,11,0,69,69199,4 CHEMINS (DES)                     (PL),45.7076378,4.8548788,Plein jour,En agglomération,Autre intersection,Normale,Autre collision,4,1,1,0,1,1,1,0,1,30,1,2,0,0,0,2,53.0,,voiture,,1,2,9,1,6
202000033983,2020-01-09 22:30:00,2020,1,9,22,30,972,97213,ROUTE NATIONALE 1,14.61796,-61.00729,Nuit avec éclairage allumé,En agglomération,Hors intersection,Normale,Autre collision,2,1,2,0,1,1,1,0,1,70,1,1,0,0,1,0,26.0,,deux_roues,,5,2,1,1,6
202000033984,2020-01-10 07:36:00,2020,1,10,7,36,69,69202,COMMANDANT CHARCOT (DU)             (R ),45.7497734,4.7962021,Nuit avec éclairage allumé,En agglomération,Hors intersection,Temps couvert,Sans collision,4,2,2,0,1,1,2,0,1,50,1,1,0,0,1,0,21.0,,deux_roues,,5,2,1,8,7
202000033985,2020-01-10 20:00:00,2020,1,10,20,0,971,97101,PERRIN,16.2788941,-61.5096831,Nuit avec éclairage allumé,Hors agglomération,Hors intersection,Normale,Deux véhicules - arrière,3,2,2,0,1,1,1,0,3,70,2,2,1,0,0,1,68.0,42.0,voiture,utilitaire_camion,5,1,1,1,2
202000033986,2020-01-10 18:35:00,2020,1,10,18,35,2A,2A004,BONAPARTE CHARLES  BD,41.9201482,8.7395057,Nuit avec éclairage allumé,En agglomération,Hors intersection,Normale,Deux véhicules - côté,4,-1,3,0,1,1,1,0,1,30,2,2,1,0,0,1,58.0,84.0,deux_roues,voiture,5,2,1,1,3
202000033987,2020-01-09 11:50:00,2020,1,9,11,50,91,91691,CONCY(RUE),48.71078,2.48465,Plein jour,En agglomération,Autre intersection,Pluie légère,Autre collision,6,-1,0,0,1,1,2,6,4,50,1,2,1,0,1,0,37.0,,voiture,,1,2,9,2,6
202000033988,2020-01-10 06:30:00,2020,1,10,6,30,91,91114,CHARLES CHRISTOFLE (AVENUE),48.70175,2.49359,Nuit avec éclairage allumé,En agglomération,Hors intersection,Pluie légère,Deux véhicules - arrière,3,2,2,0,1,1,2,9,1,50,2,2,1,0,0,1,28.0,36.0,voiture,voiture,5,2,1,2,2
202000033989,2020-01-09 16:40:00,2020,1,9,16,40,91,91021,VOLTAIRE (BOULEVARD),48.58844,2.25206,Crépuscule ou aube,En agglomération,Hors intersection,Pluie légère,Sans collision,4,2,2,0,1,1,2,0,1,50,1,3,2,0,0,1,57.0,,voiture,,2,2,1,2,7
202000033990,2020-01-05 17:45:00,2020,1,5,17,45,89,89387,CARRIERES (RUE DES),48.17677,3.2894,Nuit avec éclairage allumé,En agglomération,Hors intersection,Normale,Deux véhicules - côté,4,2,1,0,1,1,1,0,1,50,2,2,1,0,0,1,21.0,28.0,voiture,deux_roues,5,2,1,1,3
202000033991,2020-01-03 08:25:00,2020,1,3,8,25,81,81065,40 Rue Villegoudou,43.60457,2.244286,Plein jour,En agglomération,Hors intersection,Normale,Autre collision,4,1,1,0,1,1,1,0,1,30,1,2,1,0,1,0,51.0,,voiture,,1,2,1,1,6
202000033992,2020-01-08 18:30:00,2020,1,8,18,30,77,77016,GLANDELLES  (ROUTE DE) RD.607,48.21364,2.71463,Nuit avec éclairage allumé,Hors agglomération,Hors intersection,Temps couvert,Autre collision,3,2,2,0,1,3,2,0,3,70,1,1,0,0,1,0,20.0,,voiture,,5,1,1,8,6
202000033993,2020-01-09 08:00:00,2020,1,9,8,0,76,76540,CONSTANTINE. RUE DE,49.44806,1.07194,Nuit avec éclairage allumé,En agglomération,Hors intersection,Normale,Deux véhicules - côté,4,1,1,1,1,1,1,0,1,50,2,2,1,0,0,1,51.0,53.0,voiture,deux_roues,5,2,1,1,3
202000033994,2020-01-04 18:40:00,2020,1,4,18,40,74,74012,RESISTANCE (RUE DE LA),46.196197,6.256847,Nuit avec éclairage allumé,En agglomération,Intersection en T,Normale,Deux véhicules - côté,4,2,2,0,2,1,1,5,1,50,2,4,3,0,0,1,40.0,32.0,voiture,voiture,5,2,3,1,3
202000033995,2020-01-11 05:15:00,2020,1,11,5,15,74,74093,POISY (V.R.U.),45.90586,6.08967,Nuit sans éclairage public,Hors agglomération,Autre intersection,Autre,Deux véhicules - frontale,3,2,0,0,1,2,1,9,1,80,2,7,4,0,1,2,22.0,21.0,voiture,voiture,3,1,9,9,1
202000033996,2020-01-09 07:44:00,2020,1,9,7,44,72,72181,DEMORIEUX ENTRE PT CHEM DE FER ET HUISNE,47.99489,0.18614,Nuit avec éclairage allumé,En agglomération,Hors intersection,Pluie légère,Autre collision,4,3,5,2,1,1,2,0,1,50,1,4,2,0,0,2,48.0,,deux_roues,,5,2,1,2,6
202000033997,2020-01-10 18:35:00,2020,1,10,18,35,71,71270,Cours Moreau,46.3091286,4.8333775,Nuit avec éclairage allumé,En agglomération,Hors intersection,Normale,Deux véhicules - côté,3,2,2,2,3,1,1,0,1,50,2,2,1,0,0,1,28.0,48.0,deux_roues,voiture,5,2,1,1,3
202000033998,2020-01-07 18:40:00,2020,1,7,18,40,71,71270,Rue Frédéric Mistral,46.2926823,4.8107059,Nuit avec éclairage allumé,En agglomération,Hors intersection,Brouillard / fumée,Autre collision,3,2,2,0,2,3,2,0,1,50,1,2,1,0,0,1,55.0,,utilitaire_camion,,5,2,1,5,6
202000033999,2020-01-07 12:55:00,2020,1,7,12,55,69,69264,BRAUN THEODORE  AV,45.9829694,4.7426277,Plein jour,En agglomération,Hors intersection,Normale,Autre collision,4,2,4,0,1,1,1,0,1,50,1,2,1,0,0,1,49.0,,utilitaire_camion,,1,2,1,1,6
202000034000,2020-01-10 11:55:00,2020,1,10,11,55,67,67482,JEAN GIRAUDOUX (RUE),48.587808,7.701729,Plein jour,En agglomération,Hors intersection,Normale,Autre collision,4,3,3,0,1,1,1,0,1,50,1,2,1,0,1,0,57.0,,utilitaire_camion,,1,2,1,1,6
202000034001,2020-01-09 19:30:00,2020,1,9,19,30,67,67482,ZURICH (RUE DE),48.58084,7.757308,Nuit avec éclairage allumé,En agglomération,Hors intersection,Normale,Deux véhicules - côté,4,1,2,0,1,3,2,0,1,30,2,1,0,0,0,1,21.0,,deux_roues,,5,2,1,1,3
202000034002,2020-01-09 14:35:00,2020,1,9,14,35,67,67482,BOECKLIN (RUE),48.6003559,7.7803279,Plein jour,En agglomération,Hors intersection,Normale,,4,2,2,0,1,1,1,9,1,50,2,2,1,0,0,1,51.0,,utilitaire_camion,,1,2,1,1,-1
202000034003,2020-01-11 13:10:00,2020,1,11,13,10,65,65440,MAQUIS DE PAYOLLE (RUE DU),43.221971,0.084726,Plein jour,En agglomération,Intersection en T,Normale,Deux véhicules - côté,4,2,2,0,1,1,1,0,1,50,2,3,1,0,2,0,61.0,16.0,voiture,deux_roues,1,2,3,1,3
202000034004,2020-01-11 10:20:00,2020,1,11,10,20,64,64445,DROITS DE L' HOMME DES,43.31304,-0.36896,Plein jour,En agglomération,Giratoire,Normale,Deux véhicules - côté,4,1,2,0,1,2,1,5,1,50,2,2,1,0,0,1,58.0,69.0,voiture,deux_roues,1,2,6,1,3
202000034005,2020-01-10 11:15:00,2020,1,10,11,15,64,64237,CAPDEBARTHE,43.238338,-0.3586435,Plein jour,Hors agglomération,Hors intersection,Normale,Deux véhicules - côté,4,2,2,0,2,2,2,0,1,50,2,2,1,0,0,1,29.0,58.0,voiture,voiture,1,1,1,1,3
202000034006,2020-01-10 08:15:00,2020,1,10,8,15,64,64445,MARGUERITE LABORDE,43.3001319,-0.3671953,Crépuscule ou aube,En agglomération,Intersection en T,Pluie légère,Autre collision,4,3,2,0,1,1,2,0,1,30,1,2,1,0,0,1,20.0,,voiture,,2,2,3,2,6
202000034007,2020-01-10 10:40:00,2020,1,10,10,40,64,64102,CITADELLE (AVENUE DE LA),43.499962,-1.4687751,Plein jour,En agglomération,Hors intersection,Pluie légère,Deux véhicules - côté,4,2,2,0,1,1,2,0,1,15,2,2,1,0,0,1,63.0,28.0,voiture,voiture,1,2,1,2,3
202000034008,2020-01-09 13:35:00,2020,1,9,13,35,63,63113,BLERIOT (AVENUE LOUIS),45.78801,3.13911,Plein jour,En agglomération,Hors intersection,Normale,Deux véhicules - côté,7,1,2,0,1,1,1,9,1,50,2,2,0,0,0,2,19.0,31.0,voiture,deux_roues,1,2,1,1,3
202000034009,2020-01-09 22:30:00,2020,1,9,22,30,63,63113,ESTAING (RUE D'),45.78417,3.10915,Nuit avec éclairage allumé,En agglomération,Intersection en T,Normale,Autre collision,4,2,2,0,1,3,1,0,1,50,1,1,0,0,0,1,61.0,,voiture,,5,2,3,1,6
202000034010,2020-01-08 19:06:00,2020,1,8,19,6,63,63113,BLERIOT (AVENUE LOUIS),45.78792,3.13946,Nuit avec éclairage allumé,En agglomération,Giratoire,Normale,Deux véhicules - côté,7,1,2,0,1,2,1,9,1,50,2,2,0,0,0,2,23.0,34.0,utilitaire_camion,utilitaire_camion,5,2,6,1,3
202000034011,2020-01-11 14:34:00,2020,1,11,14,34,60,60057,MONTAIGNE (AVENUE),49.40977,2.11299,Plein jour,En agglomération,Hors intersection,Normale,Autre collision,4,2,2,0,1,1,1,0,1,50,1,2,1,0,0,1,73.0,,voiture,,1,2,1,1,6
202000034012,2020-01-11 13:17:00,2020,1,11,13,17,60,60057,JOHN F. KENNEDY (AV)-RUE DU PARC NON IN,49.41911,2.10664,Plein jour,En agglomération,Intersection en X,Normale,Deux véhicules - côté,4,2,3,0,1,1,1,0,1,50,2,2,1,0,0,1,38.0,52.0,voiture,voiture,1,2,2,1,3
202000034013,2020-01-11 14:55:00,2020,1,11,14,55,59,59599,SOUHAM (RUE DU GENERAL),50.730406,3.148143,Plein jour,En agglomération,Autre intersection,Normale,Autre collision,4,1,1,0,1,1,1,0,1,50,1,2,1,0,0,1,44.0,,voiture,,1,2,9,1,6
202000034014,2020-01-11 11:50:00,2020,1,11,11,50,59,59220,WATTIGNIES RUE DE,50.5870761,3.0732469,Plein jour,En agglomération,Hors intersection,Normale,Deux véhicules - frontale,7,-1,2,0,1,1,1,0,1,50,2,4,2,0,2,0,33.0,50.0,voiture,voiture,1,2,1,1,1
202000034015,2020-01-08 18:45:00,2020,1,8,18,45,59,59165,EGALITE (RUE DE L'),50.37709,3.05118,Nuit avec éclairage allumé,En agglomération,Hors intersection,Pluie légère,Deux véhicules - côté,4,2,2,0,1,1,2,0,1,50,2,2,1,0,0,1,16.0,62.0,deux_roues,voiture,5,2,1,2,3
202000034016,2020-01-10 12:05:00,2020,1,10,12,5,56,56121,JAURES ( AVE JEAN ),47.7453206,-3.3696531,Plein jour,En agglomération,Intersection en Y,Normale,Deux véhicules - côté,4,2,2,0,1,1,1,0,1,30,2,2,1,0,0,1,21.0,18.0,voiture,deux_roues,1,2,4,1,3
202000034017,2020-01-10 08:00:00,2020,1,10,8,0,56,56121,KERJULAUDE ( RUE DE ),47.74387,-3.38108,Nuit avec éclairage allumé,En agglomération,Intersection en X,Normale,Deux véhicules - côté,4,2,4,0,1,1,1,5,1,50,2,2,1,0,0,1,20.0,26.0,deux_roues,voiture,5,2,2,1,3
202000034018,2020-01-09 09:00:00,2020,1,9,9,0,56,56121,LE COUTALLER ( RUE JEAN ),47.74758,-3.36907,Crépuscule ou aube,En agglomération,Hors intersection,Pluie légère,Autre collision,4,2,2,0,1,3,2,0,1,50,1,2,0,0,0,2,59.0,,deux_roues,,2,2,1,2,6
202000034019,2020-01-09 06:05:00,2020,1,9,6,5,56,56185,RN 165 bretelle échangeur,47.77091,-3.37825,Nuit sans éclairage public,Hors agglomération,Hors intersection,Pluie légère,Autre collision,2,3,2,0,2,3,2,3,1,70,1,1,0,0,0,1,39.0,,voiture,,3,1,1,2,6
202000034020,2020-01-09 19:10:00,2020,1,9,19,10,50,50502,POTERNE,49.115419,-1.098093,Nuit avec éclairage allumé,En agglomération,Hors intersection,Pluie légère,,3,2,3,0,1,1,2,0,1,50,2,5,4,0,0,1,51.0,22.0,voiture,utilitaire_camion,5,2,1,2,-1
202000034021,2020-01-09 16:25:00,2020,1,9,16,25,49,49007,MAINE,47.47838,-0.5468,Plein jour,En agglomération,Hors intersection,Normale,Deux véhicules - côté,4,2,2,0,1,1,1,0,1,60,2,2,1,0,0,1,31.0,77.0,voiture,voiture,1,2,1,1,3
202000034022,2020-01-10 18:50:00,2020,1,10,18,50,45,45234,Pont George V,47.89686,1.90434,Nuit avec éclairage allumé,En agglomération,Hors intersection,Normale,Deux véhicules - arrière,4,3,2,0,1,1,1,2,1,50,2,2,1,0,0,1,20.0,24.0,deux_roues,voiture,5,2,1,1,2
202000034023,2020-01-10 18:15:00,2020,1,10,18,15,45,45338,RUE DU VIEUX BOURG,47.98993,2.72462,Nuit sans éclairage public,En agglomération,Hors intersection,Normale,Deux véhicules - frontale,3,2,2,0,4,2,1,0,1,50,2,2,1,0,0,1,50.0,19.0,utilitaire_camion,deux_roues,3,2,1,1,1
202000034024,2020-01-09 11:45:00,2020,1,9,11,45,42,42110,Avenue Louis Pasteur,45.48295,4.53235,Plein jour,En agglomération,Hors intersection,Temps éblouissant,Autre collision,4,2,2,0,1,1,1,0,4,50,1,2,1,0,1,0,64.0,,voiture,,1,2,1,7,6
202000034025,2020-01-09 21:20:00,2020,1,9,21,20,40,40192,ROZANOFF(AV DU COL. K.W.),43.89941,-0.50473,Nuit avec éclairage allumé,En agglomération,Intersection en T,Normale,Deux véhicules - côté,4,4,3,0,1,1,1,0,1,50,2,4,1,0,1,2,19.0,50.0,voiture,voiture,5,2,3,1,3
202000034026,2020-01-10 04:40:00,2020,1,10,4,40,37,37261,MIRABEAU (RUE),47.397043,0.6995117,Nuit avec éclairage allumé,En agglomération,Intersection en X,Normale,,4,3,3,0,1,1,2,5,1,50,2,2,1,0,0,1,24.0,58.0,deux_roues,voiture,5,2,2,1,-1
202000034027,2020-01-09 18:17:00,2020,1,9,18,17,35,35093,NEWQUAY (PLACE DE),48.63012,-2.0632098,Nuit avec éclairage allumé,En agglomération,Autre intersection,Temps couvert,Autre collision,4,2,2,0,1,1,2,0,1,50,1,2,1,0,1,0,80.0,,voiture,,5,2,9,8,6
202000034028,2020-01-10 19:30:00,2020,1,10,19,30,35,35238,RN136 Porte de Lorient,48.10843,-1.71747,Nuit sans éclairage public,Hors agglomération,Hors intersection,Normale,Deux véhicules - arrière,2,3,6,0,1,1,1,0,1,90,2,2,1,0,0,1,28.0,23.0,voiture,voiture,3,1,1,1,2
202000034029,2020-01-10 12:25:00,2020,1,10,12,25,35,35238,PORTUGAL (BD DU),48.0835,-1.662,Plein jour,En agglomération,Intersection en X,Normale,Deux véhicules - arrière,4,3,2,2,1,1,1,5,1,50,2,3,2,0,0,1,43.0,35.0,voiture,deux_roues,1,2,2,1,2
202000034030,2020-01-10 09:00:00,2020,1,10,9,0,35,35238,METZ (BD DE),48.1162,-1.6583,Plein jour,En agglomération,Hors intersection,Normale,Deux véhicules - côté,4,2,2,0,1,3,1,5,1,50,2,2,1,0,0,1,55.0,49.0,deux_roues,utilitaire_camion,1,2,1,1,3
202000034031,2020-01-10 15:45:00,2020,1,10,15,45,34,34172,RIMBAUD (RUE PAUL),43.6184656,3.8450925,Plein jour,En agglomération,Hors intersection,Normale,Deux véhicules - côté,4,2,4,0,2,1,1,0,1,50,2,2,1,0,0,1,54.0,22.0,voiture,deux_roues,1,2,1,1,3
202000034032,2020-01-10 11:35:00,2020,1,10,11,35,34,34172,DUBOUT (AVENUE ALBERT),43.59693,3.87773,Plein jour,En agglomération,Intersection en T,Normale,Deux véhicules - côté,4,2,3,0,1,1,1,0,1,50,2,2,1,0,1,0,39.0,40.0,voiture,deux_roues,1,2,3,1,3
202000034033,2020-01-10 09:30:00,2020,1,10,9,30,34,34172,LIBERTE (AVENUE DE LA,43.6087755,3.8452256,Plein jour,En agglomération,Hors intersection,Normale,Autre collision,4,2,2,0,1,1,1,0,1,50,1,2,1,0,0,1,69.0,,voiture,,1,2,1,1,6
202000034034,2020-01-10 21:35:00,2020,1,10,21,35,33,33063,RUE YVES GLOTIN,44.892793,-0.54488,Nuit avec éclairage allumé,En agglomération,Hors intersection,Normale,Deux véhicules - côté,4,2,2,0,1,1,1,0,1,50,2,1,0,0,1,0,17.0,,deux_roues,,5,2,1,1,3
202000034035,2020-01-10 10:45:00,2020,1,10,10,45,33,33318,AVE ROGER COHE / AVE DU DOCTEUR NANCEL PENARD,44.8091,-0.63281,Plein jour,En agglomération,Intersection en X,Normale,Deux véhicules - frontale,4,2,4,2,1,1,1,5,1,50,2,3,1,0,0,2,60.0,60.0,voiture,transport_commun,1,2,2,1,1
202000034036,2020-01-10 09:20:00,2020,1,10,9,20,33,33063,RUE DU JARDIN PUBLIC / RUE BINAUD,44.85941,-0.57117,Plein jour,En agglomération,Intersection en X,Pluie légère,Deux véhicules - côté,4,2,2,0,1,1,2,0,1,50,2,2,1,0,0,1,21.0,38.0,voiture,deux_roues,1,2,2,2,3
202000034037,2020-01-10 20:10:00,2020,1,10,20,10,32,32013,AGEN (ROUTE D'),43.6881,0.6041,Nuit sans éclairage public,Hors agglomération,Hors intersection,Normale,Deux véhicules - arrière,2,2,2,0,1,1,1,0,1,80,2,2,1,0,1,0,53.0,26.0,voiture,autre,3,1,1,1,2
202000034038,2020-01-09 09:45:00,2020,1,9,9,45,31,31555,VA007306 A64,43.56042,1.41554,Plein jour,Hors agglomération,Hors intersection,Normale,Deux véhicules - arrière,1,3,4,0,1,1,1,0,1,90,2,2,1,0,0,1,29.0,34.0,voiture,utilitaire_camion,1,1,1,1,2
202000034039,2020-01-10 15:21:00,2020,1,10,15,21,30,30189,HUGO VICTOR (BOULEVARD),43.83525,4.35842,Plein jour,En agglomération,Intersection en X,Normale,Deux véhicules - côté,4,2,3,0,1,1,1,6,1,50,2,2,1,0,1,0,37.0,44.0,voiture,deux_roues,1,2,2,1,3
202000034040,2020-01-04 17:38:00,2020,1,4,17,38,30,30189,POE EDGAR (RUE),43.82249,4.33934,Nuit avec éclairage allumé,En agglomération,Hors intersection,Normale,,4,1,1,0,1,1,1,0,1,30,2,1,0,0,1,0,,,,,5,2,1,1,-1
202000034041,2020-01-09 09:49:00,2020,1,9,9,49,29,29232,Allee Claude Dervenn,47.97572,-4.08318,Plein jour,En agglomération,Hors intersection,Pluie légère,Autre collision,4,1,1,0,1,3,2,5,1,50,1,1,0,0,0,1,57.0,,voiture,,1,2,1,2,6
202000034042,2020-01-10 14:10:00,2020,1,10,14,10,28,28134,LIEVRE D'OR (RUE DU),48.735,1.387,Plein jour,En agglomération,Intersection en T,Normale,Deux véhicules - côté,4,2,2,0,1,1,1,0,1,50,2,2,1,0,1,0,87.0,24.0,voiture,voiture,1,2,3,1,3
202000034043,2020-01-10 18:00:00,2020,1,10,18,0,25,25462,ARMEE DE L'EST (AVENUE DE L'),46.89261,6.36479,Nuit avec éclairage allumé,En agglomération,Hors intersection,Pluie légère,Autre collision,2,2,2,0,1,1,2,1,3,50,1,2,1,0,0,1,58.0,,voiture,,5,2,1,2,6
202000034044,2020-01-10 16:55:00,2020,1,10,16,55,25,25056,FRESNEL RUE,47.236572,5.978287,Nuit avec éclairage allumé,En agglomération,Intersection en T,Pluie légère,Deux véhicules - côté,4,2,2,0,1,1,2,0,1,50,2,2,1,0,0,1,21.0,47.0,voiture,voiture,5,2,3,2,3
202000034045,2020-01-07 17:20:00,2020,1,7,17,20,22,22113,PLACENN AR GUER (RUE DE),48.74693,-3.45995,Nuit avec éclairage allumé,En agglomération,Hors intersection,Temps couvert,Deux véhicules - frontale,4,2,2,0,1,1,1,0,5,50,2,2,1,0,0,1,14.0,56.0,deux_roues,voiture,5,2,1,8,1
202000034046,2020-01-11 11:15:00,2020,1,11,11,15,17,17300,GARROS   RUE ROLAND,46.17834,-1.14533,Plein jour,En agglomération,Hors intersection,Normale,Autre collision,4,1,1,0,2,1,1,0,1,30,1,2,1,0,1,0,74.0,,deux_roues,,1,2,1,1,6
202000034047,2020-01-10 17:35:00,2020,1,10,17,35,17,17291,JUSTICES  RUE DU MOULIN DES,46.17352,-1.12666,Crépuscule ou aube,En agglomération,Hors intersection,Normale,Trois véhicules et plus - en chaîne,4,2,2,0,1,1,1,0,1,30,3,3,2,0,0,1,44.0,57.0,voiture,voiture,2,2,1,1,4
202000034048,2020-01-11 14:00:00,2020,1,11,14,0,13,13106,APT (ROUTE D'),43.40443,5.36393,Plein jour,En agglomération,Hors intersection,Normale,Deux véhicules - frontale,3,2,2,0,2,1,1,0,1,50,2,4,2,0,0,2,65.0,32.0,voiture,deux_roues,1,2,1,1,1
202000034049,2020-01-11 04:35:00,2020,1,11,4,35,13,13214,CAPITAINE GEZE (BOULEVARD),43.33065,5.37163,Nuit avec éclairage allumé,En agglomération,Hors intersection,Normale,Deux véhicules - côté,2,2,4,0,1,1,1,0,1,50,2,2,0,0,0,2,41.0,54.0,utilitaire_camion,voiture,5,2,1,1,3
202000034050,2020-01-10 15:30:00,2020,1,10,15,30,13,13215,VISTE (AVENUE DE LA),43.35636,5.35743,Plein jour,En agglomération,Hors intersection,Temps couvert,Autre collision,7,2,2,0,2,1,1,0,1,50,1,1,0,0,1,0,,,,,1,2,1,8,6
202000034051,2020-01-11 13:55:00,2020,1,11,13,55,13,13063,NORD AVENUE DU,43.59915,5.00613,Plein jour,En agglomération,Giratoire,Normale,Autre collision,4,1,2,0,1,1,1,0,1,50,1,2,1,0,1,0,27.0,,utilitaire_camion,,1,2,6,1,6
202000034052,2020-01-10 18:30:00,2020,1,10,18,30,13,13047,MARTIGUES ROUTE DE,43.48263,4.99616,Nuit avec éclairage allumé,Hors agglomération,Hors intersection,Normale,Trois véhicules et plus - collisions multiples,3,1,2,0,1,1,1,0,1,90,4,6,2,0,3,1,73.0,31.0,voiture,voiture,5,1,1,1,5
202000034053,2020-01-08 17:25:00,2020,1,8,17,25,10,10297,BOIS (RUE DU),48.318048,4.09447,Nuit avec éclairage allumé,En agglomération,Hors intersection,Temps couvert,Deux véhicules - arrière,4,2,2,0,1,1,2,0,1,50,2,3,1,0,0,2,23.0,47.0,voiture,voiture,5,2,1,8,2
202000034054,2020-01-04 13:40:00,2020,1,4,13,40,07,07281,,44.9348655,4.8155604,Plein jour,Hors agglomération,Hors intersection,Temps couvert,Autre collision,3,2,2,0,2,2,9,0,1,80,1,2,0,0,0,2,28.0,,voiture,,1,1,1,8,6
202000034055,2020-01-10 07:50:00,2020,1,10,7,50,06,06088,ASPREMONT (RTE D'),43.74114,7.251238,Plein jour,Hors agglomération,Hors intersection,Normale,Trois véhicules et plus - collisions multiples,7,2,2,0,2,2,1,0,1,70,4,4,2,0,1,1,56.0,58.0,utilitaire_camion,voiture,1,1,1,1,5
202000034056,2020-01-09 11:09:00,2020,1,9,11,9,06,06088,PEGUY (R. CHARLES),43.713,7.262,Plein jour,En agglomération,Intersection en X,Normale,Deux véhicules - côté,4,1,1,0,1,1,1,0,1,30,2,4,2,0,0,2,21.0,74.0,voiture,voiture,1,2,2,1,3
202000034057,2020-01-10 17:45:00,2020,1,10,17,45,06,06069,CHASSEURS ALPINS (ROND-POINT),43.6506,6.922,Nuit avec éclairage allumé,En agglomération,Hors intersection,Pluie légère,,4,1,2,0,1,2,2,0,1,50,2,2,1,0,0,1,50.0,51.0,voiture,deux_roues,5,2,1,2,-1
202000034058,2020-01-10 11:00:00,2020,1,10,11,0,06,06069,CANNES (ROUTE DE)  ,43.644337,6.942875,Plein jour,En agglomération,Hors intersection,Pluie légère,Sans collision,4,3,2,0,2,1,2,0,1,50,1,1,0,0,0,1,37.0,,deux_roues,,1,2,1,2,7
202000034059,2020-01-10 10:50:00,2020,1,10,10,50,06,06069,22 Route de Cannes,43.6442981,6.9446224,Plein jour,En agglomération,Hors intersection,Pluie légère,Sans collision,4,2,1,0,2,1,2,0,1,50,1,1,0,0,0,1,64.0,,deux_roues,,1,2,1,2,7
202000034060,2020-01-11 12:00:00,2020,1,11,12,0,06,06029,NOEL (RUE LEON),43.558,7.021,Plein jour,En agglomération,Hors intersection,Normale,Deux véhicules - côté,4,1,1,0,1,1,1,0,1,50,2,2,0,0,0,2,60.0,57.0,voiture,deux_roues,1,2,1,1,3
202000034061,2020-01-10 18:56:00,2020,1,10,18,56,06,06155,GABELLE CH.DE LA,43.57055,7.076,Nuit avec éclairage allumé,En agglomération,Intersection en X,Normale,Deux véhicules - côté,7,2,2,0,1,1,2,0,1,50,2,4,3,0,0,1,19.0,52.0,voiture,voiture,5,2,2,1,3
202000034062,2020-01-12 19:10:00,2020,1,12,19,10,75,75119,BD PERIPHERIQUE INTERIEUR,48.894426,2.394829,Nuit avec éclairage allumé,En agglomération,Hors intersection,Normale,Deux véhicules - arrière,4,1,4,0,1,1,1,0,1,70,2,3,1,0,1,1,20.0,52.0,utilitaire_camion,deux_roues,5,2,1,1,2
202000034063,2020-07-04 15:20:00,2020,7,4,15,20,24,24461,Le Petit Paris,44.893466,0.182294,Plein jour,En agglomération,Intersection en X,Normale,Deux véhicules - côté,3,2,2,0,1,1,1,0,1,80,2,3,2,0,1,0,31.0,43.0,voiture,voiture,1,2,2,1,3
202000034064,2020-07-05 00:30:00,2020,7,5,0,30,03,03118,Saint-Priest-d'Andelot,46.0793393,3.1226953,Nuit sans éclairage public,Hors agglomération,Hors intersection,Normale,Autre collision,1,3,4,0,2,3,1,0,1,130,1,2,0,0,1,1,26.0,,voiture,,3,1,1,1,6
202000034065,2020-07-05 13:00:00,2020,7,5,13,0,72,72339,A11,47.965819,0.034161,Plein jour,Hors agglomération,Hors intersection,Normale,Autre collision,1,3,2,0,1,1,1,0,1,130,1,3,0,0,1,2,86.0,,voiture,,1,1,1,1,6
202000034066,2020-07-05 11:40:00,2020,7,5,11,40,06,06004,Autoroute A8,43.605425,7.09081,Plein jour,Hors agglomération,Hors intersection,Temps éblouissant,Deux véhicules - arrière,1,3,4,0,2,1,1,0,1,110,2,4,2,0,2,0,32.0,78.0,voiture,voiture,1,1,1,7,2
202000034067,2020-07-05 05:55:00,2020,7,5,5,55,02,02443,A4,49.046898,3.280728,Crépuscule ou aube,Hors agglomération,Hors intersection,Pluie légère,Autre collision,1,1,4,0,1,1,2,0,3,110,1,5,0,0,2,3,21.0,,voiture,,2,1,1,2,6
202000034068,2020-07-05 09:30:00,2020,7,5,9,30,986,98613,haafuasia,-13.296092,-176.183161,Plein jour,Hors agglomération,Hors intersection,Pluie forte,Sans collision,2,2,2,0,2,1,2,0,1,70,1,1,0,0,0,1,17.0,,deux_roues,,1,1,1,3,7
202000034069,2020-07-04 02:40:00,2020,7,4,2,40,974,97415,N1a,-21.079605,55.229366,Nuit sans éclairage public,Hors agglomération,Hors intersection,Normale,Sans collision,2,2,2,0,1,1,1,0,4,70,1,1,0,0,1,0,36.0,,deux_roues,,3,1,1,1,7
202000034070,2020-07-05 11:50:00,2020,7,5,11,50,33,33214,Départementale 6,44.98509,-1.06779,Plein jour,Hors agglomération,Hors intersection,Normale,Deux véhicules - arrière,3,2,2,0,1,1,1,0,1,80,2,4,3,0,0,1,20.0,33.0,voiture,voiture,1,1,1,1,2
202000034071,2020-07-04 11:45:00,2020,7,4,11,45,37,37166,1 Rue Jacques de Lavardin,47.5110572,0.9092855,Plein jour,En agglomération,Intersection en T,Normale,Deux véhicules - côté,3,2,2,0,2,1,1,0,1,50,2,2,1,0,0,1,52.0,13.0,voiture,deux_roues,1,2,3,1,3