accident_id,datetime,annee,mois,jour,heure,minute,departement,commune_insee,adresse,latitude,longitude,luminosite,agglomeration,intersection,meteo,collision,catr,circ,nbv,vosp,prof,plan,surf,infra,situ,vma,nb_vehicules,nb_usagers,nb_indemnes,nb_tues,nb_blesses_hosp,nb_blesses_legers,age_cond_1,age_cond_2,veh_type_cond_1,veh_type_cond_2,lum_code,agg_code,int_code,atm_code,col_code
202000034072,2020-07-05 01:50:00,2020,7,5,1,50,2B,2B148,route du village,42.545738,9.419076,Nuit avec éclairage allumé,En agglomération,Hors intersection,Normale,,3,2,2,0,2,2,1,0,1,50,2,3,1,0,0,2,75.0,23.0,voiture,voiture,5,2,1,1,-1
202000034073,2020-07-05 14:38:00,2020,7,5,14,38,66,66017,Avenue de la Coudalere,42.817129,3.028885,Plein jour,En agglomération,Intersection en T,Normale,Deux véhicules - frontale,4,2,2,0,1,1,1,0,1,50,2,2,0,1,0,1,41.0,28.0,deux_roues,voiture,1,2,3,1,1
202000034074,2020-06-06 01:10:00,2020,6,6,1,10,84,84092,Rue Albert Camus,43.961017,4.854562,Nuit sans éclairage public,En agglomération,Hors intersection,Normale,Autre collision,4,2,2,0,1,1,1,0,4,30,1,2,1,0,1,0,23.0,,voiture,,3,2,1,1,6
202000034075,2020-07-05 11:30:00,2020,7,5,11,30,83,83108,Route de Brignoles,43.353284,5.970383,Plein jour,Hors agglomération,Hors intersection,Normale,Trois véhicules et plus - collisions multiples,3,2,2,0,2,1,1,0,1,80,3,5,1,1,1,2,81.0,74.0,voiture,voiture,1,1,1,1,5
202000034076,2020-07-05 03:30:00,2020,7,5,3,30,05,05063,D1091,45.0482177,6.3224548,Nuit avec éclairage allumé,Hors agglomération,Hors intersection,Normale,Autre collision,3,2,2,0,2,3,1,1,1,50,1,1,0,0,0,1,21.0,,voiture,,5,1,1,1,6
202000034077,2020-07-04 17:40:00,2020,7,4,17,40,04,04183,RN 202 / Camping du lac,43.916038,6.54106,Plein jour,Hors agglomération,Intersection en T,Temps éblouissant,Deux véhicules - côté,2,2,2,0,1,1,1,0,1,70,2,6,4,0,1,1,38.0,28.0,deux_roues,voiture,1,1,3,7,3
202000034078,2020-07-04 15:15:00,2020,7,4,15,15,04,04171,RD 952,43.800031,6.438375,Plein jour,Hors agglomération,Hors intersection,Normale,Sans collision,3,2,2,0,1,2,1,0,1,80,1,1,0,0,1,0,29.0,,deux_roues,,1,1,1,1,7
202000034079,2020-07-04 21:15:00,2020,7,4,21,15,38,38344,A7,45.362623,4.806497,Crépuscule ou aube,Hors agglomération,Hors intersection,Normale,Deux véhicules - côté,1,3,3,0,2,2,1,0,1,110,2,4,3,0,0,1,68.0,20.0,voiture,voiture,2,1,1,1,3
202000034080,2020-07-03 16:40:00,2020,7,3,16,40,68,68012,RD 34,47.777844,7.137677,Plein jour,Hors agglomération,Hors intersection,Normale,Sans collision,3,2,2,0,1,2,1,0,3,90,1,2,0,0,2,0,21.0,,voiture,,1,1,1,1,7
202000034081,2020-07-04 04:40:00,2020,7,4,4,40,68,68298,78 Rue du Général Bourgeois,48.239032,7.177066,Crépuscule ou aube,En agglomération,Hors intersection,Normale,Autre collision,3,2,2,0,2,2,1,0,8,50,1,1,0,0,0,1,42.0,,voiture,,2,2,1,1,6
202000034082,2020-07-04 19:00:00,2020,7,4,19,0,26,26235,D93 N,44.403327,4.70011,Plein jour,Hors agglomération,Intersection en X,Normale,Deux véhicules - côté,3,2,2,0,1,1,1,0,1,80,2,4,1,1,1,1,60.0,25.0,utilitaire_camion,voiture,1,1,2,1,3
202000034083,2020-07-04 19:30:00,2020,7,4,19,30,69,69254,D56,45.9271487,4.4282511,Plein jour,Hors agglomération,Hors intersection,Normale,Autre collision,3,2,2,0,2,3,1,0,1,80,1,2,0,1,1,0,48.0,,deux_roues,,1,1,1,1,6
202000034084,2020-07-05 10:06:00,2020,7,5,10,6,69,69228,Route de la Grimodiere,45.595423,4.650677,Plein jour,Hors agglomération,Intersection en X,Normale,Deux véhicules - côté,4,2,1,0,1,1,1,0,1,80,2,2,1,0,0,1,41.0,55.0,voiture,deux_roues,1,1,2,1,3
202000034085,2020-07-04 02:30:00,2020,7,4,2,30,64,64496,Route du Hillans,43.468866,-1.449767,Nuit sans éclairage public,En agglomération,Hors intersection,Normale,Sans collision,3,2,2,0,2,2,1,0,3,50,1,1,0,0,1,0,42.0,,deux_roues,,3,2,1,1,7
202000034086,2020-02-02 10:15:00,2020,2,2,10,15,33,33183,Route de Gauriaguet,45.03187,-0.3869,Plein jour,Hors agglomération,Hors intersection,Normale,Autre collision,3,2,2,0,1,2,1,0,3,70,1,1,0,0,1,0,41.0,,voiture,,1,1,1,1,6
202000034087,2020-06-30 15:25:00,2020,6,30,15,25,85,85214,D160,46.54549,-1.71812,Plein jour,Hors agglomération,Hors intersection,Normale,Trois véhicules et plus - en chaîne,3,3,4,0,2,1,1,0,1,110,3,4,3,0,1,0,33.0,95.0,voiture,voiture,1,1,1,1,4
202000034088,2020-07-05 11:15:00,2020,7,5,11,15,14,14047,BD Maréchal LECLERC/ CD 572,49.270545,-0.707277,Plein jour,En agglomération,Giratoire,Pluie légère,Deux véhicules - côté,3,2,2,0,1,1,2,0,1,50,2,2,1,0,1,0,45.0,66.0,deux_roues,voiture,1,2,6,2,3
202000034089,2020-07-05 13:28:00,2020,7,5,13,28,27,27335,D155,49.143369,1.18,Plein jour,Hors agglomération,Hors intersection,Normale,Sans collision,3,2,2,0,1,1,1,0,3,80,1,1,0,0,1,0,27.0,,voiture,,1,1,1,1,7
202000034090,2020-07-05 00:05:00,2020,7,5,0,5,60,60341,nationale 2,49.0795427,2.727305,Nuit sans éclairage public,Hors agglomération,Hors intersection,Normale,Sans collision,2,3,4,0,1,1,1,0,2,110,1,1,0,0,0,1,34.0,,voiture,,3,1,1,1,7
202000034091,2020-07-05 19:40:00,2020,7,5,19,40,80,80789,A29,49.857118,2.787303,Crépuscule ou aube,Hors agglomération,Hors intersection,Normale,Autre collision,1,3,4,0,1,3,1,0,3,130,1,2,0,0,0,2,42.0,,voiture,,2,1,1,1,6
202000034092,2020-07-03 19:15:00,2020,7,3,19,15,13,13001,A51-Sens Marseille vers Aix en Provence,43.505,5.4095,Plein jour,Hors agglomération,Hors intersection,Normale,Deux véhicules - arrière,1,1,2,0,1,1,1,0,1,90,2,2,1,0,0,1,30.0,36.0,voiture,voiture,1,1,1,1,2
202000034093,2020-07-04 13:39:00,2020,7,4,13,39,91,91477,AUTOROUTE A126,48.7196,2.2556,Plein jour,Hors agglomération,Hors intersection,Normale,Sans collision,1,1,1,0,1,1,1,2,1,70,1,3,0,0,0,3,47.0,,voiture,,1,1,1,1,7
202000034094,2020-07-03 20:00:00,2020,7,3,20,0,92,92036,AUTOROUTE A15,48.9407207,2.2929967,Plein jour,Hors agglomération,Hors intersection,Normale,Deux véhicules - arrière,1,3,2,0,1,1,1,2,1,90,2,2,1,0,0,1,49.0,21.0,voiture,voiture,1,1,1,1,2
202000034095,2020-07-03 16:00:00,2020,7,3,16,0,93,93027,AUTOROUTE A86,48.92585,2.39775,Plein jour,Hors agglomération,Hors intersection,Normale,Deux véhicules - arrière,1,3,10,0,1,1,1,0,1,90,2,2,1,0,0,1,59.0,31.0,utilitaire_camion,utilitaire_camion,1,1,1,1,2
202000034096,2020-07-03 12:07:00,2020,7,3,12,7,93,93010,AUTOROUTE A3,48.89884,2.4693,Plein jour,Hors agglomération,Hors intersection,Normale,Deux véhicules - côté,1,3,10,0,1,1,1,0,1,70,2,2,1,0,0,1,26.0,42.0,deux_roues,utilitaire_camion,1,1,1,1,3
202000034097,2020-07-03 22:43:00,2020,7,3,22,43,974,97416,POUDRIERE(RUE DE LA),-21.33566,55.45576,Nuit sans éclairage public,En agglomération,Autre intersection,Normale,Deux véhicules - côté,9,1,1,0,1,1,1,0,1,30,2,3,1,0,0,2,19.0,31.0,deux_roues,voiture,3,2,9,1,3
202000034098,2020-07-03 16:50:00,2020,7,3,16,50,974,97416,ZONE (ALLEE DE LA),-21.31511,55.47628,Plein jour,En agglomération,Intersection en T,Normale,Deux véhicules - côté,4,2,1,0,2,1,1,0,1,50,2,2,1,0,0,1,39.0,34.0,deux_roues,voiture,1,2,3,1,3
202000034099,2020-07-03 14:55:00,2020,7,3,14,55,974,97416,RN3 (3),-21.3007,55.42422,Plein jour,Hors agglomération,Hors intersection,Normale,Deux véhicules - arrière,2,3,4,0,1,1,1,0,1,90,2,3,1,0,0,2,21.0,52.0,voiture,voiture,1,1,1,1,2
202000034100,2020-07-02 17:00:00,2020,7,2,17,0,974,97411,JAURES (BOULEVARD JEAN),-20.8899329,55.4529497,Plein jour,En agglomération,Intersection en X,Normale,Autre collision,2,3,2,0,1,1,1,0,1,50,1,2,1,0,0,1,56.0,,voiture,,1,2,2,1,6
202000034101,2020-07-02 17:00:00,2020,7,2,17,0,974,97407,MARINE(BOULEVARD),-20.94908,55.2846,Plein jour,Hors agglomération,Autre intersection,Normale,Deux véhicules - arrière,4,2,2,0,2,1,1,0,1,70,2,2,1,0,1,0,53.0,55.0,voiture,deux_roues,1,1,9,1,2
202000034102,2020-07-02 11:00:00,2020,7,2,11,0,974,97407,ROND POINT TITAN,-20.94245,55.29213,Plein jour,En agglomération,Giratoire,Normale,Deux véhicules - arrière,4,1,1,0,2,1,1,0,1,50,2,3,2,0,0,1,50.0,36.0,deux_roues,voiture,1,2,6,1,2
202000034103,2020-07-03 20:55:00,2020,7,3,20,55,69,69259,Boulevard Irène Joliot Curie,45.715945,4.8779311,Crépuscule ou aube,En agglomération,Hors intersection,Normale,Autre collision,5,1,1,0,1,1,1,9,6,30,1,1,0,0,0,1,,,,,2,2,1,1,6
202000034104,2020-07-03 18:10:00,2020,7,3,18,10,69,69387,GUILLOTIERE (DE LA)                 (GR),45.7521204,4.8466307,Plein jour,En agglomération,Intersection en X,Normale,Deux véhicules - côté,4,-1,2,0,1,1,1,0,1,50,2,2,1,0,0,1,36.0,33.0,voiture,deux_roues,1,2,2,1,3
202000034105,2020-07-03 09:48:00,2020,7,3,9,48,69,69386,BERGES DU RHONE (SECT. PUVIS DE CHAVANNE,45.78259,4.84777,Plein jour,En agglomération,Hors intersection,Normale,Sans collision,4,2,1,3,1,1,1,6,5,20,1,1,0,0,1,0,71.0,,deux_roues,,1,2,1,1,7
202000034106,2020-07-03 13:25:00,2020,7,3,13,25,69,69383,LAFAYETTE                           (CO),45.76365,4.86236,Plein jour,En agglomération,Hors intersection,Normale,Deux véhicules - côté,4,4,3,1,1,1,1,9,1,1,2,3,2,0,0,1,31.0,18.0,deux_roues,utilitaire_camion,1,2,1,1,3
202000034107,2020-07-03 12:15:00,2020,7,3,12,15,972,97213,AUTOROUTE A1,14.6183,-61.01978,Plein jour,Hors agglomération,Hors intersection,Normale,Deux véhicules - arrière,1,1,4,3,1,1,1,0,1,90,2,2,1,0,0,1,62.0,69.0,voiture,voiture,1,1,1,1,2
202000034108,2020-07-03 14:20:00,2020,7,3,14,20,972,97209,RD 13,14.6147,-61.0503,Plein jour,Hors agglomération,Autre intersection,Normale,Deux véhicules - côté,3,-1,0,0,1,1,1,9,1,15,2,2,1,0,0,1,54.0,20.0,voiture,deux_roues,1,1,9,1,3
202000034109,2020-07-03 14:50:00,2020,7,3,14,50,972,97209,FONTAINE DIDIER (RUE DE LA),14.63112,-61.07986,Plein jour,Hors agglomération,Intersection en T,Normale,Deux véhicules - côté,3,2,2,0,1,2,1,0,1,50,2,2,0,0,1,1,34.0,29.0,deux_roues,voiture,1,1,3,1,3
202000034110,2020-07-02 19:20:00,2020,7,2,19,20,972,97209,BALATA (ROUTE DE),14.682,-61.084,Nuit avec éclairage allumé,En agglomération,Hors intersection,Normale,Autre collision,2,2,2,0,1,3,1,0,4,50,1,2,0,0,1,1,35.0,,utilitaire_camion,,5,2,1,1,6
202000034111,2020-07-03 19:20:00,2020,7,3,19,20,69,69384,TUNNEL DE LA CROIX ROUSSE           (XX),45.77348,4.82671,Nuit avec éclairage allumé,En agglomération,Hors intersection,Normale,Deux véhicules - frontale,4,2,4,2,1,1,1,1,5,50,2,2,0,0,0,2,30.0,26.0,deux_roues,deux_roues,5,2,1,1,1
202000034112,2020-07-03 01:40:00,2020,7,3,1,40,69,69382,CORDELIERS (DES)                    (PL),45.76355,4.83811,Nuit avec éclairage allumé,En agglomération,Intersection en X,Normale,Deux véhicules - côté,4,3,8,0,1,1,1,0,1,50,2,2,1,0,0,1,34.0,45.0,deux_roues,deux_roues,5,2,2,1,3
202000034113,2020-07-03 23:25:00,2020,7,3,23,25,95,95585,COQUETIERS (RUE DES),48.983855,2.389376,Nuit avec éclairage allumé,En agglomération,Hors intersection,Normale,Deux véhicules - frontale,4,1,1,0,1,1,1,9,1,50,2,3,2,0,0,1,30.0,,voiture,,5,2,1,1,1
202000034114,2020-07-02 11:20:00,2020,7,2,11,20,91,91223,VICTOIRE (ROND-POINT DE LA),48.43741,2.16315,Plein jour,En agglomération,Giratoire,Normale,Deux véhicules - côté,3,1,1,0,1,2,1,5,1,50,2,3,0,0,0,3,40.0,59.0,voiture,voiture,1,2,6,1,3
202000034115,2020-07-03 11:57:00,2020,7,3,11,57,87,87085,AUTOROUTE A20,45.83794,1.28186,Plein jour,Hors agglomération,Hors intersection,Normale,,1,1,1,0,1,3,1,3,1,70,2,2,1,0,1,0,63.0,29.0,voiture,deux_roues,1,1,1,1,-1
202000034116,2020-07-03 17:35:00,2020,7,3,17,35,86,86194,Avenue du 8 Mai 1945,46.56044,0.31395,Plein jour,En agglomération,Intersection en X,Normale,Deux véhicules - côté,4,4,2,0,1,2,1,0,1,50,2,5,1,0,0,4,60.0,66.0,voiture,voiture,1,2,2,1,3
202000034117,2020-06-23 09:50:00,2020,6,23,9,50,84,84087,LYON (ROUTE DE),44.15986,4.79622,Plein jour,Hors agglomération,Hors intersection,Normale,Deux véhicules - côté,2,2,2,0,1,1,1,9,1,70,2,4,1,0,1,2,36.0,26.0,voiture,voiture,1,1,1,1,3
202000034118,2020-07-03 13:30:00,2020,7,3,13,30,83,83137,CAPUCINES (IMP DES),43.1355386,5.8823942,Plein jour,En agglomération,Hors intersection,Normale,Deux véhicules - frontale,4,2,1,0,2,1,1,0,1,50,2,2,1,0,0,1,31.0,34.0,voiture,deux_roues,1,2,1,1,1
202000034119,2020-06-28 20:00:00,2020,6,28,20,0,83,83129,SEVERIN SAURIN (RUE),43.08749,5.83746,Plein jour,En agglomération,Intersection en T,Normale,Deux véhicules - côté,4,2,1,0,3,1,1,0,1,50,2,1,0,0,0,1,54.0,,deux_roues,,1,2,3,1,3
202000034120,2020-07-02 18:05:00,2020,7,2,18,5,80,80021,PAIX (AVENUE DE LA),49.91163,2.30172,Plein jour,En agglomération,Hors intersection,Normale,Deux véhicules - arrière,4,2,2,0,1,1,1,0,1,50,2,2,1,0,0,1,38.0,51.0,voiture,voiture,1,2,1,1,2
202000034121,2020-07-03 15:00:00,2020,7,3,15,0,79,79191,140 Avenue Saint Jean d'Angely,46.31586,-0.46563,Plein jour,En agglomération,Intersection en X,Normale,Deux véhicules - côté,4,2,2,0,1,1,1,0,1,50,2,2,1,0,1,0,74.0,19.0,voiture,deux_roues,1,2,2,1,3
202000034122,2020-07-02 22:45:00,2020,7,2,22,45,79,79081,168 Rue du Stade,46.3507,-0.37751,Nuit avec éclairage allumé,En agglomération,Giratoire,Normale,Deux véhicules - côté,3,2,2,0,1,1,1,9,1,50,2,2,1,0,0,1,55.0,51.0,deux_roues,voiture,5,2,6,1,3
202000034123,2020-07-02 00:25:00,2020,7,2,0,25,78,78123,EUROPE (RN 190) AVENUE DE L',48.94349,2.02971,Nuit avec éclairage allumé,En agglomération,Intersection en X,Normale,Deux véhicules - côté,3,3,5,0,1,1,1,0,1,50,2,4,1,0,0,3,28.0,27.0,voiture,voiture,5,2,2,1,3
202000034124,2020-07-03 07:10:00,2020,7,3,7,10,77,77053,CHEVRY (ROUTE DE) - D216,48.71301,2.64033,Crépuscule ou aube,Hors agglomération,Autre intersection,Normale,Deux véhicules - côté,3,2,2,0,1,1,1,0,1,90,2,2,1,0,0,1,34.0,38.0,voiture,voiture,2,1,9,1,3
202000034125,2020-07-02 16:50:00,2020,7,2,16,50,76,76575,HOTEL FORMULE 1 (AV. DES CANADIENS),49.40011,1.06391,Plein jour,En agglomération,Hors intersection,Normale,Deux véhicules - côté,4,2,2,3,1,1,1,-1,5,50,2,2,1,0,0,1,14.0,52.0,deux_roues,voiture,1,2,1,1,3
202000034126,2020-07-03 09:25:00,2020,7,3,9,25,76,76351,BOUGAINVILLE,49.49841,0.12554,Plein jour,En agglomération,Intersection en X,Normale,Deux véhicules - côté,4,2,1,0,1,1,1,0,1,50,2,3,1,0,1,1,51.0,27.0,voiture,deux_roues,1,2,2,1,3
202000034127,2020-07-02 21:56:00,2020,7,2,21,56,69,69275,JEAN JAURES                         (AV),45.771,4.9601,Nuit avec éclairage allumé,En agglomération,Intersection en X,Normale,Deux véhicules - côté,4,2,2,2,1,1,1,0,1,50,2,5,1,0,0,4,30.0,21.0,voiture,voiture,5,2,2,1,3
202000034128,2020-07-03 04:30:00,2020,7,3,4,30,67,67482,BALE (RUE DE),48.5667,7.76593,Crépuscule ou aube,En agglomération,Intersection en X,Normale,Deux véhicules - côté,4,2,2,0,1,1,1,0,1,50,2,2,1,0,0,1,46.0,48.0,voiture,voiture,2,2,2,1,3
202000034129,2020-07-02 19:50:00,2020,7,2,19,50,67,67482,SCHIRMECK (ROUTE DE),48.564168,7.705383,Plein jour,En agglomération,Hors intersection,Normale,Deux véhicules - côté,7,2,3,1,1,1,1,0,5,50,2,2,1,0,0,1,26.0,48.0,deux_roues,voiture,1,2,1,1,3
202000034130,2020-07-01 18:15:00,2020,7,1,18,15,67,67482,COLMAR (AVENUE DE),48.55481,7.745489,Plein jour,En agglomération,Hors intersection,Normale,Autre collision,4,3,4,0,1,1,1,0,1,50,1,3,1,0,0,2,23.0,,voiture,,1,2,1,1,6
202000034131,2020-07-03 18:06:00,2020,7,3,18,6,64,64483,ITHURRALDE ANDRE (AVENUE),43.39655,-1.64583,Plein jour,En agglomération,Hors intersection,Normale,Deux véhicules - arrière,3,2,2,0,1,1,1,0,1,50,2,3,1,0,1,1,17.0,35.0,deux_roues,voiture,1,2,1,1,2
202000034132,2020-07-01 23:30:00,2020,7,1,23,30,63,63063,FOURCHES (RUE DES),45.81803,3.10712,Nuit avec éclairage allumé,En agglomération,Intersection en X,Normale,,7,2,2,0,1,1,1,0,1,50,2,2,1,0,0,1,44.0,40.0,deux_roues,voiture,5,2,2,1,-1
202000034133,2020-07-02 18:00:00,2020,7,2,18,0,60,60159,passage Frédéric Chopin,49.409111,2.8060617,Plein jour,En agglomération,Hors intersection,Normale,Deux véhicules - côté,4,2,2,0,1,1,1,0,1,30,2,1,0,0,0,1,5.0,,deux_roues,,1,2,1,1,3
202000034134,2020-07-03 17:50:00,2020,7,3,17,50,59,59636,MARQUETTE RUE DE,50.6849124,3.0608685,Plein jour,En agglomération,Giratoire,Normale,Deux véhicules - côté,7,1,2,0,1,3,1,0,8,50,2,2,0,0,0,2,19.0,48.0,deux_roues,deux_roues,1,2,6,1,3
202000034135,2020-07-03 11:20:00,2020,7,3,11,20,59,59220,FAUBOURG D'ARRAS RUE,50.604,3.05676,Plein jour,En agglomération,Intersection en X,Normale,Deux véhicules - côté,7,2,4,0,1,1,1,5,1,50,2,2,1,0,1,0,20.0,35.0,deux_roues,utilitaire_camion,1,2,2,1,3
202000034136,2020-07-02 12:15:00,2020,7,2,12,15,59,59350,KENNEDY AVENUE,50.63283,3.07229,Plein jour,En agglomération,Intersection en T,Normale,Deux véhicules - côté,4,3,1,1,1,1,1,9,5,30,2,3,1,0,1,1,69.0,17.0,voiture,deux_roues,1,2,3,1,3
202000034137,2020-07-02 20:45:00,2020,7,2,20,45,59,59569,GAUGUIN (PAUL),50.3477088,3.1027688,Plein jour,En agglomération,Hors intersection,Normale,Deux véhicules - frontale,4,2,2,0,1,1,1,0,1,50,2,3,2,0,1,0,28.0,25.0,deux_roues,voiture,1,2,1,1,1
202000034138,2020-06-25 10:45:00,2020,6,25,10,45,56,56260,MURAILLES(RUE DES GRANDES),47.66446,-2.76155,Plein jour,En agglomération,Hors intersection,Normale,Deux véhicules - arrière,4,2,2,0,1,1,1,0,1,30,2,3,1,0,1,1,69.0,51.0,voiture,voiture,1,2,1,1,2
202000034139,2020-07-02 16:50:00,2020,7,2,16,50,54,54395,KELLER (RUE CHARLES),48.7030998,6.1752438,Plein jour,En agglomération,Hors intersection,Normale,Deux véhicules - côté,4,2,1,0,1,1,1,0,1,50,2,2,1,0,0,1,31.0,64.0,deux_roues,voiture,1,2,1,1,3
202000034140,2020-07-03 15:50:00,2020,7,3,15,50,51,51454,Boulevard Albert 1er,49.2710019,4.0112541,Plein jour,En agglomération,Hors intersection,Normale,Deux véhicules - arrière,4,2,2,0,1,1,1,0,1,50,2,3,2,0,0,1,52.0,49.0,deux_roues,voiture,1,2,1,1,2
202000034141,2020-07-02 15:40:00,2020,7,2,15,40,50,50129,NORMANDIE (AVENUE DE),49.62769,-1.62508,Plein jour,En agglomération,Hors intersection,Normale,Autre collision,4,2,2,0,1,1,1,0,1,50,1,2,1,0,0,1,25.0,,voiture,,1,2,1,1,6
202000034142,2020-06-30 19:10:00,2020,6,30,19,10,50,50129,GAULLE (PLACE GENERAL DE),49.63857,-1.62262,Plein jour,En agglomération,Intersection en Y,Pluie légère,Autre collision,4,-1,0,3,1,1,2,6,6,10,1,3,2,0,0,1,51.0,,deux_roues,,1,2,4,2,6
202000034143,2020-07-01 15:30:00,2020,7,1,15,30,49,49328,DE LATTRE DE TASSIGNY (BLD),47.26004,-0.08925,Plein jour,En agglomération,Giratoire,Pluie légère,Sans collision,4,2,4,0,1,1,2,5,1,50,1,2,0,0,0,2,73.0,,deux_roues,,1,2,6,2,7
202000034144,2020-07-03 01:38:00,2020,7,3,1,38,44,44109,BOULEVARD JULES VERNE,47.24714,-1.52288,Nuit avec éclairage allumé,En agglomération,Autre intersection,Normale,Deux véhicules - arrière,4,2,0,0,1,1,1,0,1,50,2,2,1,0,0,1,38.0,36.0,voiture,deux_roues,5,2,9,1,2
202000034145,2020-07-03 12:00:00,2020,7,3,12,0,42,42186,Cours de Verdun,45.5282794,4.6152844,Plein jour,En agglomération,Hors intersection,Normale,Sans collision,6,-1,-1,0,1,1,1,5,1,50,1,6,1,0,0,5,26.0,,transport_commun,,1,2,1,1,7
202000034146,2020-07-03 08:25:00,2020,7,3,8,25,41,41018,ORLEANS (RUE CHARLES D'),47.58326,1.32082,Plein jour,En agglomération,Hors intersection,Pluie légère,Deux véhicules - côté,4,2,2,0,1,1,2,0,1,50,2,2,1,0,0,1,63.0,36.0,utilitaire_camion,utilitaire_camion,1,2,1,2,3
202000034147,2020-07-03 21:00:00,2020,7,3,21,0,35,35238,LOBINEAU,48.0989934,-1.684239,Plein jour,En agglomération,Giratoire,Normale,Deux véhicules - côté,4,2,1,0,2,1,1,0,1,50,2,2,1,0,0,1,48.0,31.0,voiture,deux_roues,1,2,6,1,3
202000034148,2020-07-03 12:25:00,2020,7,3,12,25,35,35051,BRAY (RUE DE),48.10809,-1.61385,Plein jour,En agglomération,Hors intersection,Normale,Deux véhicules - côté,4,2,2,0,1,1,1,0,1,50,2,2,1,0,0,1,48.0,53.0,deux_roues,voiture,1,2,1,1,3
202000034149,2020-07-03 08:40:00,2020,7,3,8,40,35,35238,LEROUX (BD OSCAR),48.0915,-1.6647,Plein jour,En agglomération,Hors intersection,Normale,Sans collision,4,3,2,2,1,1,1,0,1,50,1,2,0,0,0,2,33.0,,deux_roues,,1,2,1,1,7
202000034150,2020-07-03 12:45:00,2020,7,3,12,45,34,34172,EUROPE (AVENUE DE L'),43.63213,3.82238,Plein jour,En agglomération,Hors intersection,Normale,Deux véhicules - frontale,4,2,3,0,2,1,1,0,1,50,2,2,1,0,1,0,20.0,37.0,voiture,voiture,1,2,1,1,1
202000034151,2020-07-03 10:00:00,2020,7,3,10,0,34,34172,ADAM (PLACE EDOUARD),43.60675,3.87595,Plein jour,En agglomération,Autre intersection,Normale,Deux véhicules - frontale,4,2,2,3,1,1,1,0,6,50,2,2,1,0,1,0,16.0,53.0,deux_roues,voiture,1,2,9,1,1
202000034152,2020-06-29 22:35:00,2020,6,29,22,35,33,33318,160 Avenue du Général Leclerc,44.78523,-0.68277,Nuit avec éclairage allumé,En agglomération,Hors intersection,Normale,Deux véhicules - frontale,4,2,4,2,1,1,1,0,1,50,2,2,1,0,1,0,30.0,25.0,deux_roues,voiture,5,2,1,1,1
202000034153,2020-07-02 17:35:00,2020,7,2,17,35,31,31483,6 bis Rue Charles Baudelaire,43.1141016,0.7082178,Plein jour,En agglomération,Hors intersection,Normale,Autre collision,4,2,2,0,1,1,1,0,1,30,1,2,1,0,1,0,55.0,,voiture,,1,2,1,1,6
202000034154,2020-07-02 09:28:00,2020,7,2,9,28,30,30189,FRANCAIS LIBRES (BD),43.8324,4.3222,Plein jour,En agglomération,Hors intersection,Normale,Deux véhicules - arrière,2,1,0,0,2,1,1,0,1,70,2,2,1,0,1,0,34.0,86.0,autre,voiture,1,2,1,1,2
202000034155,2020-07-03 02:05:00,2020,7,3,2,5,29,29232,D785 - Rond Point de Ludugris,47.9797187,-4.1226264,Nuit avec éclairage allumé,En agglomération,Giratoire,Normale,Autre collision,3,-1,0,0,2,2,1,5,8,50,1,1,0,0,0,1,21.0,,voiture,,5,2,6,1,6
202000034156,2020-07-03 17:30:00,2020,7,3,17,30,29,29039,D783 - Beuzec,47.8813391,-3.909967,Plein jour,En agglomération,Intersection en X,Normale,Deux véhicules - arrière,3,2,2,0,1,1,1,5,1,50,2,2,1,0,0,1,52.0,19.0,voiture,voiture,1,2,2,1,2
202000034157,2020-06-16 18:40:00,2020,6,16,18,40,27,27375,SAINT PIERRE (ROUTE DE),49.22498,1.18192,Plein jour,En agglomération,Hors intersection,Normale,Sans collision,3,2,2,0,1,1,1,0,1,50,1,1,0,0,0,1,34.0,,deux_roues,,1,2,1,1,7
202000034158,2020-06-30 20:00:00,2020,6,30,20,0,27,27375,RD313,49.22832,1.1478,Plein jour,Hors agglomération,Hors intersection,Normale,Autre collision,3,2,2,0,2,3,8,0,1,80,1,1,0,0,0,1,40.0,,voiture,,1,1,1,1,6
202000034159,2020-07-04 01:05:00,2020,7,4,1,5,26,26362,11 Allée André Boulle,44.952584,4.932167,Nuit avec éclairage allumé,En agglomération,Hors intersection,Normale,Deux véhicules - côté,4,2,2,0,1,1,1,0,1,50,2,2,1,0,1,0,61.0,20.0,voiture,utilitaire_camion,5,2,1,1,3
202000034160,2020-07-03 18:35:00,2020,7,3,18,35,26,26198,1 Chemin des Clées,44.5773,4.7647,Plein jour,En agglomération,Hors intersection,Normale,Deux véhicules - frontale,4,2,2,0,1,1,1,0,1,50,2,3,1,0,0,2,40.0,22.0,voiture,voiture,1,2,1,1,1
202000034161,2020-06-30 07:40:00,2020,6,30,7,40,22,22278,GALLOIS (DES),48.4959809,-2.7457595,Plein jour,En agglomération,Hors intersection,Normale,Autre collision,4,2,2,1,1,1,1,0,1,50,1,1,0,0,0,1,,,,,1,2,1,1,6
202000034162,2020-07-02 12:10:00,2020,7,2,12,10,16,16089,AVENUE DE BARBEZIEUX ,45.67946,-0.32833,Plein jour,En agglomération,Hors intersection,Normale,Deux véhicules - côté,3,2,2,0,1,1,1,0,1,50,2,2,1,0,0,1,44.0,41.0,deux_roues,voiture,1,2,1,1,3
202000034163,2020-07-03 14:55:00,2020,7,3,14,55,14,14118,CLEMENCEAU (AVENUE GEORGES),49.18817,-0.35162,Plein jour,En agglomération,Hors intersection,Normale,Deux véhicules - arrière,4,2,4,0,1,1,1,0,1,50,2,2,1,0,0,1,72.0,78.0,voiture,voiture,1,2,1,1,2