accident_id,datetime,annee,mois,jour,heure,minute,departement,commune_insee,adresse,latitude,longitude,luminosite,agglomeration,intersection,meteo,collision,catr,circ,nbv,vosp,prof,plan,surf,infra,situ,vma,nb_vehicules,nb_usagers,nb_indemnes,nb_tues,nb_blesses_hosp,nb_blesses_legers,age_cond_1,age_cond_2,veh_type_cond_1,veh_type_cond_2,lum_code,agg_code,int_code,atm_code,col_code
202000034164,2020-07-03 19:30:00,2020,7,3,19,30,13,13210,ROMAIN ROLLAND (BOULEVARD),43.2768275,5.4190489,Plein jour,En agglomération,Intersection en X,Normale,Deux véhicules - côté,4,2,4,0,1,1,1,0,1,50,2,3,1,0,1,1,34.0,33.0,voiture,deux_roues,1,2,2,1,3
202000034165,2020-07-03 18:00:00,2020,7,3,18,0,13,13203,BD FERDINAND DE LESSEPS,43.3202,5.371796,Plein jour,En agglomération,Hors intersection,Normale,Deux véhicules - arrière,4,1,3,0,1,1,1,0,1,50,2,2,1,0,0,1,31.0,36.0,deux_roues,voiture,1,2,1,1,2
202000034166,2020-07-03 16:15:00,2020,7,3,16,15,13,13202,FAUCHIER (RUE),43.3035868,5.3689528,Plein jour,En agglomération,Intersection en X,Normale,Autre collision,4,1,1,0,2,1,1,0,1,50,1,2,1,0,0,1,26.0,,voiture,,1,2,2,1,6
202000034167,2020-07-03 01:50:00,2020,7,3,1,50,13,13208,PRADO JACQUES CHIRAC (ROND POINT),43.27232,5.39126,Nuit avec éclairage allumé,En agglomération,Giratoire,Normale,,3,1,2,0,1,2,1,5,1,50,2,1,0,0,0,1,32.0,,deux_roues,,5,2,6,1,-1
202000034168,2020-07-01 08:50:00,2020,7,1,8,50,13,13204,FRANÇOISE DUPARC (BOULEVARD),43.30312,5.40059,Plein jour,En agglomération,Hors intersection,Normale,Trois véhicules et plus - collisions multiples,7,2,4,0,1,1,1,0,1,50,3,3,1,0,2,0,24.0,44.0,utilitaire_camion,deux_roues,1,2,1,1,5
202000034169,2020-07-02 08:30:00,2020,7,2,8,30,13,13063,CHARLES DE GAULLE AVENUE,43.5846,5.00186,Plein jour,En agglomération,Autre intersection,Normale,Autre collision,4,1,2,0,1,1,1,0,1,50,1,3,1,0,1,1,69.0,,voiture,,1,2,9,1,6
202000034170,2020-07-03 18:35:00,2020,7,3,18,35,13,13005,ROUGIER (RUE ELZEARD),43.29393,5.56933,Plein jour,En agglomération,Hors intersection,Normale,Autre collision,4,2,2,0,1,1,1,0,1,30,1,1,0,0,0,1,,,,,1,2,1,1,6
202000034171,2020-07-01 13:15:00,2020,7,1,13,15,13,13001,GALICE (RTE DE),43.52469,5.39069,Plein jour,En agglomération,Autre intersection,Normale,Deux véhicules - côté,3,2,2,0,1,1,1,0,1,30,2,2,0,0,0,2,30.0,36.0,voiture,deux_roues,1,2,9,1,3
202000034172,2020-07-02 13:55:00,2020,7,2,13,55,13,13001,RD 7,43.48947,5.40793,Plein jour,Hors agglomération,Intersection en X,Normale,Deux véhicules - côté,3,2,2,0,1,1,1,2,1,50,2,3,1,0,0,2,44.0,27.0,voiture,utilitaire_camion,1,1,2,1,3
202000034173,2020-07-02 18:15:00,2020,7,2,18,15,11,11262,REPUBLIQUE (COURS DE LA),43.18276,3.00539,Plein jour,En agglomération,Autre intersection,Normale,Autre collision,4,-1,0,3,1,1,1,9,6,30,1,2,1,0,1,0,18.0,,deux_roues,,1,2,9,1,6
202000034174,2020-07-03 02:25:00,2020,7,3,2,25,11,11069,ROUTE D HERMINIS - GREZES -,43.225929,2.285691,Nuit avec éclairage non allumé,Hors agglomération,Hors intersection,Normale,Autre collision,4,2,2,0,1,1,1,0,3,80,1,1,0,0,0,1,28.0,,voiture,,4,1,1,1,6
202000034175,2020-07-01 16:15:00,2020,7,1,16,15,11,11069,ROCADE SUD RD 6161,43.2008406,2.370311,Plein jour,Hors agglomération,Hors intersection,Normale,Sans collision,3,2,2,0,3,2,1,0,1,80,1,1,0,0,0,1,35.0,,deux_roues,,1,1,1,1,7
202000034176,2020-07-04 00:01:00,2020,7,4,0,1,10,10387,GENERAL LECLERC (RUE DU),48.30819,4.05615,Nuit avec éclairage allumé,En agglomération,Intersection en X,Normale,Deux véhicules - côté,4,2,2,0,2,1,1,0,1,50,2,4,3,0,0,1,21.0,20.0,voiture,voiture,5,2,2,1,3
202000034177,2020-07-02 16:25:00,2020,7,2,16,25,10,10343,SAPINS (AVENUE),48.27996,4.08739,Plein jour,En agglomération,Hors intersection,Normale,Deux véhicules - côté,4,1,1,0,1,1,1,0,1,50,2,3,2,0,0,1,65.0,15.0,voiture,deux_roues,1,2,1,1,3
202000034178,2020-07-02 08:42:00,2020,7,2,8,42,10,10325,GUSTAVE EIFFEL (RUE),48.26576,4.07869,Plein jour,En agglomération,Hors intersection,Normale,Deux véhicules - côté,4,2,2,0,1,3,1,0,1,50,2,2,0,0,0,2,33.0,53.0,utilitaire_camion,voiture,1,2,1,1,3
202000034179,2020-07-02 07:18:00,2020,7,2,7,18,10,10297,TIRVERTS (RUE),48.3156,4.0822,Plein jour,En agglomération,Intersection en T,Normale,Deux véhicules - arrière,4,3,2,0,1,2,1,0,1,50,2,2,1,0,0,1,51.0,43.0,deux_roues,voiture,1,2,3,1,2
202000034180,2020-07-02 13:20:00,2020,7,2,13,20,06,06029,PANTIERO (PROMENADE DE LA),43.5514,7.0154,Plein jour,En agglomération,Hors intersection,Normale,Autre collision,4,3,2,0,1,1,1,0,1,50,1,2,0,0,1,1,67.0,,deux_roues,,1,2,1,1,6
202000034181,2020-07-03 00:45:00,2020,7,3,0,45,06,06004,GREC AV.JULES,43.59524,7.114841,Nuit avec éclairage allumé,En agglomération,Intersection en Y,Normale,Deux véhicules - côté,3,1,1,0,1,3,1,0,1,50,2,2,1,0,1,0,28.0,37.0,deux_roues,voiture,5,2,4,1,3
202000034182,2020-06-30 15:50:00,2020,6,30,15,50,04,04112,RD 6,43.82751,5.75548,Plein jour,Hors agglomération,Hors intersection,Normale,Deux véhicules - arrière,3,2,2,0,1,1,1,0,1,80,2,2,1,0,1,0,44.0,28.0,voiture,deux_roues,1,1,1,1,2
202000034183,2020-06-30 15:25:00,2020,6,30,15,25,04,04112,Rue des Entrepreneurs,43.820812,5.7948243,Plein jour,En agglomération,Hors intersection,Normale,Deux véhicules - côté,4,2,2,0,1,3,1,0,1,50,2,1,0,0,0,1,15.0,,deux_roues,,1,2,1,1,3
202000034184,2020-05-11 11:15:00,2020,5,11,11,15,03,03095,Avenue Gilbert Roux,46.1378848,3.4364355,Plein jour,En agglomération,Autre intersection,Normale,Autre collision,9,1,0,3,1,1,1,9,8,30,1,2,0,0,1,1,79.0,,voiture,,1,2,9,1,6
202000034185,2020-07-02 10:45:00,2020,7,2,10,45,03,03321,,46.5796846,3.3849594,Plein jour,Hors agglomération,Hors intersection,Normale,Deux véhicules - frontale,3,2,2,0,1,1,1,0,1,80,2,4,2,0,1,1,70.0,36.0,autre,deux_roues,1,1,1,1,1
202000034186,2020-07-03 14:15:00,2020,7,3,14,15,75,75117,PORTE DE CLICHY,48.896462,2.310057,Plein jour,En agglomération,Hors intersection,Normale,Deux véhicules - arrière,4,1,4,0,1,1,1,0,1,70,2,2,1,0,0,1,22.0,28.0,utilitaire_camion,deux_roues,1,2,1,1,2
202000034187,2020-07-03 10:10:00,2020,7,3,10,10,75,75113,QUAI D IVRY,48.824724,2.384449,Plein jour,En agglomération,Intersection en Y,Normale,Sans collision,4,1,4,0,1,1,1,0,1,70,1,1,0,0,0,1,56.0,,deux_roues,,1,2,4,1,7
202000034188,2020-07-02 22:50:00,2020,7,2,22,50,75,75104,BOULEVARD BOURDON,48.852926,2.368422,Nuit avec éclairage allumé,En agglomération,Intersection en X,Normale,Autre collision,4,1,3,3,1,1,1,-1,6,50,1,1,0,0,1,0,43.0,,deux_roues,,5,2,2,1,6
202000034189,2020-07-03 18:01:00,2020,7,3,18,1,75,75105,RUE MONGE,48.848929,2.349828,Plein jour,En agglomération,Intersection à plus de 4 branches,Normale,,4,1,2,0,2,1,1,0,1,50,2,1,0,0,0,1,22.0,,deux_roues,,1,2,5,1,-1
202000034190,2020-07-03 19:15:00,2020,7,3,19,15,75,75120,RUE DES PYRENEES,48.866941,2.396923,Plein jour,En agglomération,Hors intersection,Normale,Autre collision,4,2,2,0,2,1,1,0,1,50,1,1,0,0,0,1,,,,,1,2,1,1,6
202000034191,2020-07-03 07:25:00,2020,7,3,7,25,75,75119,PASSAGE DES MAUXINS,48.877504,2.404465,Plein jour,En agglomération,Hors intersection,Normale,Autre collision,4,1,1,0,1,1,1,0,1,30,1,1,0,0,0,1,,,,,1,2,1,1,6
202000034192,2020-07-03 18:15:00,2020,7,3,18,15,75,75118,BOULEVARD DE CLICHY,48.883517,2.333854,Plein jour,En agglomération,Hors intersection,Normale,Autre collision,4,2,3,0,1,1,1,0,4,1,1,2,1,0,0,1,29.0,,deux_roues,,1,2,1,1,6
202000034193,2020-07-03 19:00:00,2020,7,3,19,0,75,75116,ALLEE DU BORD DE L EAU,48.867483,2.233013,Plein jour,En agglomération,Intersection en T,Normale,Deux véhicules - côté,4,2,3,0,1,1,1,0,1,50,2,2,1,0,0,1,53.0,45.0,voiture,deux_roues,1,2,3,1,3
202000034194,2020-07-03 10:00:00,2020,7,3,10,0,75,75116,PLACE DU MARECHAL DE LATTRE DE TASSIGNY,48.871694,2.275795,Plein jour,En agglomération,Place,Normale,Deux véhicules - côté,4,1,4,0,1,1,1,0,1,50,2,3,2,0,0,1,47.0,37.0,voiture,voiture,1,2,7,1,3
202000034195,2020-07-02 18:40:00,2020,7,2,18,40,75,75116,ROUTE DE SEVRES A NEUILLY,48.861662,2.237896,Plein jour,En agglomération,Hors intersection,Normale,Deux véhicules - côté,4,2,2,1,1,3,1,-1,5,50,2,2,1,0,0,1,45.0,34.0,deux_roues,deux_roues,1,2,1,1,3
202000034196,2020-07-02 13:05:00,2020,7,2,13,5,75,75116,AVENUE FOCH,48.872823,2.285987,Plein jour,En agglomération,Hors intersection,Normale,Trois véhicules et plus - en chaîne,4,2,6,0,1,1,1,0,1,50,3,5,2,0,0,3,20.0,27.0,voiture,deux_roues,1,2,1,1,4
202000034197,2020-07-02 09:00:00,2020,7,2,9,0,75,75116,VOIE GEORGES POMPIDOU,48.852849,2.281599,Plein jour,En agglomération,Intersection en Y,Normale,Deux véhicules - côté,4,2,4,0,1,1,1,0,1,50,2,2,1,0,0,1,49.0,45.0,voiture,deux_roues,1,2,4,1,3
202000034198,2020-07-03 17:45:00,2020,7,3,17,45,75,75115,RUE D ORADOUR SUR GLANE,48.832118,2.280614,Plein jour,En agglomération,Intersection en X,Normale,Autre collision,4,3,1,0,1,1,1,0,1,50,1,1,0,0,0,1,47.0,,voiture,,1,2,2,1,6
202000034199,2020-07-03 16:55:00,2020,7,3,16,55,75,75115,RUE MADEMOISELLE,48.843401,2.299773,Plein jour,En agglomération,Hors intersection,Normale,Autre collision,4,1,1,0,1,1,1,0,1,50,1,2,1,0,0,1,24.0,,deux_roues,,1,2,1,1,6
202000034200,2020-07-02 09:20:00,2020,7,2,9,20,75,75114,RUE VICTOR SCHOELCHER,48.836136,2.330749,Plein jour,En agglomération,Hors intersection,Normale,,4,1,1,0,1,1,1,0,1,50,2,2,1,0,0,1,39.0,25.0,voiture,deux_roues,1,2,1,1,-1
202000034201,2020-07-03 18:45:00,2020,7,3,18,45,75,75112,AVENUE DAUMESNIL,48.838204,2.426561,Plein jour,En agglomération,Hors intersection,Normale,Autre collision,4,2,2,0,2,1,1,0,1,50,1,2,1,0,0,1,69.0,,voiture,,1,2,1,1,6
202000034202,2020-07-03 11:55:00,2020,7,3,11,55,75,75111,AVENUE DE LA REPUBLIQUE,48.866635,2.367317,Plein jour,En agglomération,Intersection en T,Normale,Autre collision,4,2,4,1,1,1,1,-1,5,30,1,2,1,0,0,1,21.0,,deux_roues,,1,2,3,1,6
202000034203,2020-07-03 02:35:00,2020,7,3,2,35,75,75111,BOULEVARD RICHARD LENOIR,48.863999,2.370678,Nuit avec éclairage allumé,En agglomération,Intersection en X,Normale,,4,1,3,1,1,1,1,-1,5,50,2,1,0,0,0,1,29.0,,deux_roues,,5,2,2,1,-1
202000034204,2020-07-03 02:25:00,2020,7,3,2,25,75,75117,PLACE CHARLES DE GAULLE,48.874028,2.294243,Nuit avec éclairage allumé,En agglomération,Place,Normale,Deux véhicules - côté,4,1,6,0,1,2,1,0,1,50,2,2,1,0,0,1,30.0,20.0,deux_roues,voiture,5,2,7,1,3
202000034205,2020-07-03 18:58:00,2020,7,3,18,58,94,94081,REPUBLIQUE (AV DE LA),48.80206,2.3978,Plein jour,En agglomération,Hors intersection,Normale,Deux véhicules - frontale,3,2,2,0,1,1,1,0,1,50,2,3,2,0,0,1,51.0,46.0,voiture,voiture,1,2,1,1,1
202000034206,2020-07-03 17:15:00,2020,7,3,17,15,94,94080,FELIX FAURE (R),48.84775,2.452914,Plein jour,En agglomération,Hors intersection,Normale,Autre collision,3,1,1,0,1,1,1,0,1,50,1,2,0,0,0,2,57.0,,deux_roues,,1,2,1,1,6
202000034207,2020-07-03 18:45:00,2020,7,3,18,45,94,94068,MARNE (BD DE LA),48.78941,2.51155,Plein jour,En agglomération,Intersection en X,Normale,Deux véhicules - frontale,4,2,2,0,1,1,1,0,1,50,2,4,3,0,0,1,24.0,72.0,voiture,voiture,1,2,2,1,1
202000034208,2020-07-03 12:00:00,2020,7,3,12,0,94,94068,DIDIER (AV),48.79747,2.50877,Plein jour,En agglomération,Intersection en X,Normale,Deux véhicules - côté,4,1,2,0,1,1,1,0,1,50,2,2,1,0,0,1,48.0,42.0,utilitaire_camion,voiture,1,2,2,1,3
202000034209,2020-07-03 14:45:00,2020,7,3,14,45,94,94043,FONTAINEBLEAU (AV DE),48.80964,2.36254,Plein jour,En agglomération,Giratoire,Normale,Deux véhicules - arrière,3,2,4,1,1,2,1,5,1,50,2,2,1,0,0,1,66.0,58.0,deux_roues,voiture,1,2,6,1,2
202000034210,2020-07-03 14:00:00,2020,7,3,14,0,94,94043,GABRIEL PERI (R),48.81028,2.34985,Plein jour,Hors agglomération,Autre intersection,Normale,Deux véhicules - arrière,3,1,2,0,1,4,1,6,1,50,2,2,1,0,0,1,28.0,66.0,voiture,deux_roues,1,1,9,1,2
202000034211,2020-07-03 19:20:00,2020,7,3,19,20,94,94011,LYS.(AVENUE DES),48.770857,2.491297,Plein jour,En agglomération,Autre intersection,Normale,Deux véhicules - côté,4,2,2,3,1,1,1,0,1,50,2,3,1,0,0,2,50.0,52.0,utilitaire_camion,utilitaire_camion,1,2,9,1,3
202000034212,2020-07-02 11:30:00,2020,7,2,11,30,94,94019,LIBERATION - CAR DE PINCE-VENT (AV DE LA,48.7992928,2.5443435,Plein jour,En agglomération,Intersection en Y,Normale,Deux véhicules - côté,3,1,4,0,1,2,1,5,1,50,2,4,2,0,0,2,36.0,35.0,voiture,transport_commun,1,2,4,1,3
202000034213,2020-07-03 17:15:00,2020,7,3,17,15,94,94004,VALENTON (R DE),48.748072,2.511814,Plein jour,En agglomération,Hors intersection,Normale,Deux véhicules - côté,3,2,2,0,1,1,1,0,1,50,2,1,0,0,0,1,29.0,,deux_roues,,1,2,1,1,3
202000034214,2020-07-03 08:15:00,2020,7,3,8,15,94,94071,PARIS (R DE),48.77456,2.51086,Plein jour,En agglomération,Place,Normale,Deux véhicules - côté,3,2,2,0,1,1,1,5,1,50,2,2,0,0,0,2,26.0,23.0,voiture,voiture,1,2,7,1,3
202000034215,2020-07-02 23:30:00,2020,7,2,23,30,93,93073,CHAPIT RE ( RUE DU),49.0032725,2.536829,Nuit avec éclairage allumé,En agglomération,Hors intersection,Normale,Deux véhicules - arrière,9,1,4,0,1,1,1,9,1,50,2,4,3,0,0,1,63.0,27.0,voiture,voiture,5,2,1,1,2
202000034216,2020-07-03 18:00:00,2020,7,3,18,0,93,93066,ORNANO (BOULEVARD),48.91572,2.3442,Plein jour,En agglomération,Hors intersection,Normale,Trois véhicules et plus - collisions multiples,3,2,2,2,1,1,1,6,1,50,3,3,2,0,0,1,43.0,18.0,voiture,deux_roues,1,2,1,1,5
202000034217,2020-07-02 18:50:00,2020,7,2,18,50,93,93066,Avenue Paul Vaillant-Couturier,48.93,2.362,Plein jour,En agglomération,Hors intersection,Normale,Deux véhicules - côté,4,2,4,0,1,1,1,0,1,50,2,2,1,0,0,1,24.0,47.0,voiture,deux_roues,1,2,1,1,3
202000034218,2020-07-03 13:00:00,2020,7,3,13,0,93,93077,AV LAGACHE,48.88256,2.52486,Plein jour,En agglomération,Hors intersection,Normale,Autre collision,4,1,1,0,1,3,1,0,1,50,1,1,0,0,0,1,,,,,1,2,1,1,6
202000034219,2020-07-03 17:35:00,2020,7,3,17,35,93,93031,GALLIENI (AVENUE),48.9642392,2.2986413,Plein jour,En agglomération,Hors intersection,Normale,Deux véhicules - frontale,3,2,2,0,1,1,1,0,1,50,2,2,1,0,0,1,27.0,34.0,deux_roues,voiture,1,2,1,1,1
202000034220,2020-07-03 10:30:00,2020,7,3,10,30,93,93031,AV DE LA REPUBLIQUE,48.95,2.3285,Plein jour,En agglomération,Hors intersection,Normale,Deux véhicules - côté,3,3,4,0,1,1,1,0,1,50,2,2,1,0,0,1,29.0,41.0,voiture,deux_roues,1,2,1,1,3
202000034221,2020-07-03 08:30:00,2020,7,3,8,30,93,93029,HENRI BARBUSSE (AVE) N°2-124,48.9200078,2.4517219,Plein jour,En agglomération,Hors intersection,Normale,Deux véhicules - côté,3,2,2,0,1,1,1,0,1,50,2,2,1,0,0,1,57.0,37.0,voiture,deux_roues,1,2,1,1,3
202000034222,2020-07-02 18:15:00,2020,7,2,18,15,93,93027,QUINET (RUE EDGAR),48.92834,2.39441,Plein jour,En agglomération,Hors intersection,Normale,Autre collision,4,1,2,0,1,1,1,0,1,50,1,1,0,0,0,1,,,,,1,2,1,1,6
202000034223,2020-07-03 09:35:00,2020,7,3,9,35,93,93014,VEUVE LINDET GIRARD (ALLEE),48.9100637,2.5534967,Plein jour,En agglomération,Hors intersection,Normale,Deux véhicules - arrière,4,2,2,0,1,1,1,8,1,50,2,3,1,0,0,2,44.0,44.0,voiture,voiture,1,2,1,1,2
202000034224,2020-07-02 10:10:00,2020,7,2,10,10,92,92049,MARNE AVENUE DE LA,48.8133,2.30455,Plein jour,En agglomération,Hors intersection,Temps couvert,Sans collision,4,2,2,0,1,1,1,0,6,50,1,1,0,0,0,1,25.0,,deux_roues,,1,2,1,8,7
202000034225,2020-07-03 13:00:00,2020,7,3,13,0,92,92035,République ( boulevard de la ),48.9061,2.25061,Plein jour,En agglomération,Hors intersection,Normale,,3,1,0,0,1,1,1,0,1,50,3,3,2,0,0,1,34.0,31.0,voiture,deux_roues,1,2,1,1,-1
202000034226,2020-07-03 19:35:00,2020,7,3,19,35,92,92024,MARTRE (RUE) DE (59 A 109)   (58 A 120),48.9021,2.30704,Plein jour,En agglomération,Intersection en T,Normale,Deux véhicules - arrière,3,1,3,1,1,1,1,0,1,50,2,2,1,0,0,1,44.0,36.0,voiture,deux_roues,1,2,3,1,2
202000034227,2020-07-03 18:00:00,2020,7,3,18,0,92,92024,VICTOR HUGO (BD),48.8980727,2.3115445,Plein jour,En agglomération,Hors intersection,Normale,Deux véhicules - côté,3,2,2,0,1,1,1,0,1,50,2,2,1,0,0,1,66.0,49.0,voiture,deux_roues,1,2,1,1,3
202000034228,2020-07-03 09:45:00,2020,7,3,9,45,92,92024,BATELIER (RUE DES) DE (21 ET PLUS)   (2,48.9068214,2.3042294,Plein jour,En agglomération,Intersection en T,Temps couvert,Autre collision,4,1,1,0,1,1,1,0,1,50,1,2,1,0,0,1,54.0,,voiture,,1,2,3,8,6
202000034229,2020-07-03 07:45:00,2020,7,3,7,45,92,92024,CLICHY (QUAI DE) DE (8 A 60),48.9041522,2.2914798,Plein jour,En agglomération,Hors intersection,Normale,Deux véhicules - côté,3,2,2,0,1,1,1,0,1,50,2,2,1,0,0,1,19.0,45.0,utilitaire_camion,deux_roues,1,2,1,1,3
202000034230,2020-07-03 11:30:00,2020,7,3,11,30,92,92023,BOSSUET (RUE),48.7882801,2.2359592,Plein jour,En agglomération,Autre intersection,Normale,Autre collision,4,-1,1,0,1,1,1,0,8,30,1,3,1,0,1,1,24.0,,utilitaire_camion,,1,2,9,1,6
202000034231,2020-07-03 08:45:00,2020,7,3,8,45,92,92023,JEAN BAPTISTE CLEMENT (AVENUE),48.79898,2.26801,Plein jour,En agglomération,Giratoire,Normale,Deux véhicules - côté,3,2,2,0,2,1,1,5,1,50,2,1,0,0,0,1,24.0,,deux_roues,,1,2,6,1,3
202000034232,2020-07-03 13:15:00,2020,7,3,13,15,38,38157,D538,45.496631,4.932368,Plein jour,Hors agglomération,Hors intersection,Normale,Deux véhicules - frontale,3,2,2,0,1,3,1,0,1,70,2,2,1,0,0,1,32.0,53.0,voiture,voiture,1,1,1,1,1
202000034233,2020-07-04 06:00:00,2020,7,4,6,0,66,66136,29 Rue Honore de Balzac,42.699556,2.902939,Crépuscule ou aube,Hors agglomération,Hors intersection,Normale,Deux véhicules - arrière,1,1,3,0,1,1,1,0,1,130,2,8,5,0,0,3,59.0,42.0,utilitaire_camion,voiture,2,1,1,1,2
202000034234,2020-07-03 07:30:00,2020,7,3,7,30,17,17245,RD107 x RD110,46.17151,-1.003864,Plein jour,En agglomération,Intersection en X,Normale,Deux véhicules - côté,3,2,2,0,1,1,1,0,1,50,2,2,0,0,1,1,65.0,38.0,voiture,voiture,1,2,2,1,3
202000034235,2020-07-04 16:00:00,2020,7,4,16,0,83,83023,Autoroute A8 PK 78.7195,43.4191074,6.1136127,Plein jour,Hors agglomération,Hors intersection,Temps éblouissant,Autre collision,1,3,4,0,1,1,1,0,1,130,1,8,1,0,0,7,22.0,,voiture,,1,1,1,7,6
202000034236,2020-07-04 16:30:00,2020,7,4,16,30,85,85233,154 Route Nationale,46.52397,-1.08253,Plein jour,En agglomération,Hors intersection,Normale,Deux véhicules - arrière,3,2,2,0,1,1,1,0,1,50,2,3,2,0,1,0,50.0,43.0,voiture,deux_roues,1,2,1,1,2
202000034237,2020-07-03 16:00:00,2020,7,3,16,0,84,84037,2268 Route de Roquemaure,44.063913,4.795567,Plein jour,Hors agglomération,Hors intersection,Normale,Trois véhicules et plus - collisions multiples,3,2,2,0,1,1,1,0,1,80,3,3,1,0,1,1,72.0,48.0,voiture,voiture,1,1,1,1,5
202000034238,2020-07-04 10:50:00,2020,7,4,10,50,60,60088,D609,49.224717,2.205012,Plein jour,En agglomération,Hors intersection,Normale,Sans collision,3,2,2,0,1,3,1,0,1,50,1,1,0,0,0,1,61.0,,deux_roues,,1,2,1,1,7
202000034239,2020-07-03 18:15:00,2020,7,3,18,15,69,69283,Route de Saint Priest,45.6814119,4.9489122,Plein jour,En agglomération,Intersection en T,Normale,Deux véhicules - côté,4,2,2,0,1,1,1,0,1,30,2,2,1,0,0,1,53.0,42.0,voiture,voiture,1,2,3,1,3
202000034240,2020-07-03 18:10:00,2020,7,3,18,10,84,84037,Chemin des Consuls,44.056467,4.833646,Plein jour,En agglomération,Hors intersection,Normale,Autre collision,4,2,2,0,2,3,1,0,1,50,1,2,1,0,0,1,16.0,,deux_roues,,1,2,1,1,6
202000034241,2020-06-27 19:30:00,2020,6,27,19,30,83,83019,Avenue Lou Mistraou,43.144069,6.326301,Plein jour,Hors agglomération,Hors intersection,Normale,Deux véhicules - arrière,3,2,2,0,1,1,1,0,1,70,2,6,5,0,0,1,20.0,26.0,voiture,voiture,1,1,1,1,2
202000034242,2020-07-03 10:55:00,2020,7,3,10,55,36,36200,A20,46.613896,1.533623,Plein jour,Hors agglomération,Hors intersection,Normale,Sans collision,1,3,4,0,1,2,1,0,3,130,1,2,1,0,0,1,68.0,,voiture,,1,1,1,1,7
202000034243,2020-07-04 14:50:00,2020,7,4,14,50,12,12063,La Cavalerie,44.010217,3.143372,Plein jour,Hors agglomération,Hors intersection,Normale,Deux véhicules - arrière,1,1,1,0,2,1,1,3,1,90,2,5,4,0,0,1,32.0,65.0,voiture,voiture,1,1,1,1,2
202000034244,2020-07-03 17:34:00,2020,7,3,17,34,30,30226,N86,44.227073,4.633613,Plein jour,Hors agglomération,Hors intersection,Normale,Trois véhicules et plus - collisions multiples,2,2,2,0,4,1,1,0,1,80,3,7,5,1,0,1,44.0,84.0,voiture,voiture,1,1,1,1,5
202000034245,2020-07-04 02:30:00,2020,7,4,2,30,22,22032,La Ville Es Chevets,48.282165,-2.190303,Nuit sans éclairage public,Hors agglomération,Hors intersection,Normale,Sans collision,3,2,2,0,1,1,1,0,8,80,1,1,0,0,1,0,24.0,,deux_roues,,3,1,1,1,7
202000034246,2020-07-03 17:20:00,2020,7,3,17,20,19,19214,D980,45.134011,2.174006,Plein jour,Hors agglomération,Hors intersection,Normale,Sans collision,3,2,2,0,1,3,1,0,1,90,1,1,0,0,1,0,38.0,,deux_roues,,1,1,1,1,7
202000034247,2020-07-03 18:00:00,2020,7,3,18,0,56,56002,La Vieille Poste,47.55919,-2.502375,Plein jour,En agglomération,Autre intersection,Temps éblouissant,Deux véhicules - côté,3,3,2,0,1,1,1,3,1,50,2,3,1,0,2,0,17.0,67.0,deux_roues,voiture,1,2,9,7,3
202000034248,2020-07-04 01:10:00,2020,7,4,1,10,74,74103,Route de Sallanches,45.916635,6.64829,Nuit sans éclairage public,Hors agglomération,Hors intersection,Normale,Deux véhicules - arrière,3,2,2,0,1,1,1,0,1,70,2,2,1,1,0,0,22.0,44.0,voiture,deux_roues,3,1,1,1,2
202000034249,2020-06-29 20:45:00,2020,6,29,20,45,74,74011,03 RUE DU PRE DE LA SALLE,45.915869,6.147331,Crépuscule ou aube,En agglomération,Giratoire,Normale,Autre collision,4,2,2,0,2,1,1,0,1,50,1,1,0,0,1,0,58.0,,deux_roues,,2,2,6,1,6
202000034250,2020-07-01 11:00:00,2020,7,1,11,0,80,80377,2 Bretel,50.154727,2.316892,Plein jour,Hors agglomération,Intersection en T,Normale,Deux véhicules - côté,3,2,2,0,1,2,1,0,1,70,2,5,4,0,0,1,48.0,81.0,voiture,voiture,1,1,3,1,3
202000034251,2020-07-04 19:30:00,2020,7,4,19,30,33,33482,Lieu Dit Pitot,44.685872,-0.107503,Plein jour,Hors agglomération,Intersection en X,Normale,Autre collision,3,2,2,0,1,3,1,0,3,80,1,1,0,0,1,0,58.0,,deux_roues,,1,1,2,1,6
202000034252,2020-06-11 19:30:00,2020,6,11,19,30,61,61375,RD 958,48.663727,0.020782,Plein jour,Hors agglomération,Hors intersection,Normale,Deux véhicules - arrière,3,2,2,0,1,1,1,0,1,90,2,3,2,0,1,0,64.0,77.0,voiture,voiture,1,1,1,1,2
202000034253,2020-07-03 16:20:00,2020,7,3,16,20,49,49008,La Kiriaie D923,47.5725686,-1.0201208,Plein jour,Hors agglomération,Hors intersection,Normale,Deux véhicules - frontale,3,2,2,0,1,1,1,0,1,80,2,2,0,0,2,0,33.0,33.0,voiture,voiture,1,1,1,1,1
202000034254,2020-07-02 22:00:00,2020,7,2,22,0,49,49259,4 Avenue d'Angers,47.3572891,-0.6559213,Nuit avec éclairage allumé,En agglomération,Intersection en X,Normale,Deux véhicules - côté,3,2,2,0,1,1,1,5,1,50,2,3,1,0,1,1,25.0,,deux_roues,,5,2,2,1,3
202000034255,2020-07-04 08:05:00,2020,7,4,8,5,12,12069,D999,43.876211,2.674677,Plein jour,Hors agglomération,Hors intersection,Normale,Deux véhicules - côté,3,2,2,0,2,1,1,0,1,80,2,3,2,0,1,0,50.0,72.0,utilitaire_camion,deux_roues,1,1,1,1,3
202000034256,2020-07-04 17:00:00,2020,7,4,17,0,42,42229,RD 485 - Lieu dit Montveneur,46.1759167,4.3908608,Plein jour,Hors agglomération,Hors intersection,Normale,Sans collision,3,2,2,0,1,4,1,0,3,80,1,2,0,0,2,0,60.0,,voiture,,1,1,1,1,7
202000034257,2020-07-04 18:30:00,2020,7,4,18,30,44,44128,Greneux,47.5466591,-1.8652294,Plein jour,Hors agglomération,Hors intersection,Pluie légère,Deux véhicules - côté,3,2,2,0,2,2,2,0,1,80,2,3,1,0,0,2,37.0,80.0,voiture,voiture,1,1,1,2,3