accident_id,datetime,annee,mois,jour,heure,minute,departement,commune_insee,adresse,latitude,longitude,luminosite,agglomeration,intersection,meteo,collision,catr,circ,nbv,vosp,prof,plan,surf,infra,situ,vma,nb_vehicules,nb_usagers,nb_indemnes,nb_tues,nb_blesses_hosp,nb_blesses_legers,age_cond_1,age_cond_2,veh_type_cond_1,veh_type_cond_2,lum_code,agg_code,int_code,atm_code,col_code
202000034350,2020-03-14 17:22:00,2020,3,14,17,22,11,11262,ELYSIQUES (VOIES DES),43.18491,2.97917,Plein jour,En agglomération,Giratoire,Normale,Deux véhicules - côté,4,2,2,0,1,2,1,9,1,50,2,2,1,0,1,0,44.0,24.0,deux_roues,voiture,1,2,6,1,3
202000034351,2020-03-16 18:50:00,2020,3,16,18,50,75,75120,RUE D AVRON,48.8518366,2.4013825,Plein jour,En agglomération,Intersection en X,Normale,,4,2,1,0,1,1,1,0,1,50,2,3,1,0,0,2,56.0,26.0,voiture,deux_roues,1,2,2,1,-1
202000034352,2020-03-17 04:30:00,2020,3,17,4,30,75,75117,BOULEVARD DES BATIGNOLLES,48.881907,2.318886,Nuit avec éclairage allumé,En agglomération,Intersection en T,Normale,Autre collision,4,1,0,1,1,1,1,0,1,50,1,2,0,0,0,2,25.0,,deux_roues,,5,2,3,1,6
202000034353,2020-03-16 01:15:00,2020,3,16,1,15,75,75116,AVENUE GEORGES MANDEL,48.863502,2.281576,Nuit avec éclairage allumé,En agglomération,Intersection en X,Normale,Autre collision,4,1,1,0,1,1,1,0,1,50,1,2,0,0,0,2,25.0,,deux_roues,,5,2,2,1,6
202000034354,2020-03-17 11:30:00,2020,3,17,11,30,94,94077,HENRI GILBERT (AV),48.7353,2.4243,Plein jour,En agglomération,Intersection en X,Normale,Autre collision,4,2,2,0,1,1,1,0,1,50,1,2,1,0,1,0,61.0,,voiture,,1,2,2,1,6
202000034355,2020-03-16 18:25:00,2020,3,16,18,25,94,94069,GRAVELLE (AV DE),48.8241,2.42278,Crépuscule ou aube,En agglomération,Intersection en X,Normale,Deux véhicules - côté,4,2,2,0,1,1,1,0,1,30,2,2,1,0,0,1,22.0,55.0,deux_roues,voiture,2,2,2,1,3
202000034356,2020-03-16 18:20:00,2020,3,16,18,20,94,94017,GALLIENI (QU),48.81118,2.49528,Crépuscule ou aube,En agglomération,Hors intersection,Normale,Autre collision,7,1,1,2,1,4,1,6,1,30,1,1,0,0,0,1,32.0,,voiture,,2,2,1,1,6
202000034357,2020-03-16 17:59:00,2020,3,16,17,59,93,93066,R PAUL ELUARD,48.93942,2.34499,Plein jour,En agglomération,Hors intersection,Normale,Deux véhicules - côté,3,3,4,0,1,1,1,0,1,50,2,2,1,0,0,1,42.0,28.0,utilitaire_camion,deux_roues,1,2,1,1,3
202000034358,2020-03-17 12:00:00,2020,3,17,12,0,92,92078,JEAN MOULIN (AVENUE) (1 AU 81),48.940379,2.328877,Plein jour,En agglomération,Hors intersection,Normale,Deux véhicules - frontale,3,2,2,0,1,1,1,0,1,50,2,2,1,0,0,1,31.0,42.0,deux_roues,voiture,1,2,1,1,1
202000034359,2020-03-11 20:19:00,2020,3,11,20,19,92,92044,ARISTIDE BRIAND(RUE) 1 A 49 ET 2 A 52,48.89072,2.284359,Nuit avec éclairage allumé,En agglomération,Intersection en X,Normale,Deux véhicules - arrière,4,1,1,0,1,1,1,0,1,50,2,2,1,0,0,1,53.0,36.0,voiture,voiture,5,2,2,1,2
202000034360,2020-03-16 23:40:00,2020,3,16,23,40,92,92040,GARIBALDI (BOULEVARD),48.821222,2.261351,Nuit avec éclairage allumé,En agglomération,Intersection en Y,Normale,Deux véhicules - côté,3,1,2,0,1,1,1,5,1,50,2,2,1,0,0,1,23.0,36.0,deux_roues,transport_commun,5,2,4,1,3
202000034361,2020-03-16 15:30:00,2020,3,16,15,30,92,92036,MARCEL PAUL (AVENUE) (1/103),48.943393,2.303274,Plein jour,En agglomération,Hors intersection,Normale,Deux véhicules - côté,3,2,4,0,1,1,1,0,1,50,2,2,0,0,0,2,24.0,34.0,voiture,voiture,1,2,1,1,3
202000034362,2020-03-16 16:40:00,2020,3,16,16,40,41,41167,rue du vieux moulin,47.497366,1.175344,Plein jour,En agglomération,Hors intersection,Normale,Autre collision,4,2,2,0,1,1,1,0,3,50,1,1,0,1,0,0,60.0,,voiture,,1,2,1,1,6
202000034363,2020-03-05 15:40:00,2020,3,5,15,40,74,74068,8 Rue du Mont Blanc,46.061491,5.867923,Plein jour,Hors agglomération,Intersection en T,Pluie forte,Deux véhicules - frontale,3,2,2,0,1,1,2,0,1,80,2,2,1,0,1,0,75.0,36.0,voiture,voiture,1,1,3,3,1
202000034364,2020-03-16 17:39:00,2020,3,16,17,39,65,65375,D5-D6,43.372897,0.153876,Plein jour,Hors agglomération,Intersection en X,Normale,Trois véhicules et plus - collisions multiples,3,2,2,0,1,1,1,0,1,80,3,3,2,0,0,1,71.0,29.0,voiture,voiture,1,1,2,1,5
202000034365,2020-03-17 07:40:00,2020,3,17,7,40,61,61464,D958,48.617956,0.151142,Crépuscule ou aube,Hors agglomération,Hors intersection,Normale,Autre collision,3,2,2,0,1,4,1,2,3,50,1,3,1,0,1,1,52.0,,voiture,,2,1,1,1,6
202000034366,2020-02-14 16:00:00,2020,2,14,16,0,02,02475,36 Rue de Guignicourt,49.421603,3.997715,Plein jour,Hors agglomération,Hors intersection,Normale,Deux véhicules - côté,3,3,2,0,1,3,1,9,1,50,2,2,1,0,1,0,48.0,15.0,utilitaire_camion,deux_roues,1,1,1,1,3
202000034367,2020-03-18 14:50:00,2020,3,18,14,50,66,66202,D618,42.49829,2.002618,Plein jour,En agglomération,Hors intersection,Normale,Deux véhicules - frontale,3,2,2,0,2,3,1,0,1,50,2,5,0,0,0,5,38.0,54.0,voiture,utilitaire_camion,1,2,1,1,1
202000034368,2020-03-17 12:20:00,2020,3,17,12,20,18,18015,Route de Ménétréol,47.468137,2.371416,Plein jour,Hors agglomération,Hors intersection,Normale,Autre collision,3,2,2,0,1,1,1,0,3,80,1,2,0,0,2,0,59.0,,voiture,,1,1,1,1,6
202000034369,2020-03-17 16:30:00,2020,3,17,16,30,17,17003,6 Rue de Saint-christophe,46.118007,-0.934134,Plein jour,En agglomération,Hors intersection,Normale,Autre collision,3,2,2,0,1,2,1,0,4,50,1,1,0,0,1,0,21.0,,deux_roues,,1,2,1,1,6
202000034370,2020-03-18 07:30:00,2020,3,18,7,30,68,68015,A36,47.789776,7.446671,Plein jour,Hors agglomération,Hors intersection,Normale,Trois véhicules et plus - en chaîne,1,3,4,0,1,1,1,0,1,130,3,4,2,1,0,1,50.0,49.0,utilitaire_camion,utilitaire_camion,1,1,1,1,4
202000034371,2020-03-18 08:28:00,2020,3,18,8,28,06,06157,Route de Coursegoules,43.752644,7.092158,Plein jour,Hors agglomération,Hors intersection,Normale,Autre collision,7,2,2,0,2,4,1,0,1,70,1,1,0,1,0,0,35.0,,utilitaire_camion,,1,1,1,1,6
202000034372,2020-03-18 15:50:00,2020,3,18,15,50,03,03056,Clos Bargeon,46.088872,3.550406,Plein jour,Hors agglomération,Hors intersection,Normale,Sans collision,4,2,2,0,2,1,1,0,8,80,1,1,0,0,0,1,22.0,,deux_roues,,1,1,1,1,7
202000034373,2020-03-15 17:15:00,2020,3,15,17,15,33,33433,Chemin de Loustalot / chemin Louis Aragon,44.90997,-0.43821,Plein jour,En agglomération,Intersection en T,Normale,Deux véhicules - arrière,4,2,2,0,1,1,1,0,1,50,2,2,1,0,0,1,39.0,50.0,voiture,voiture,1,2,3,1,2
202000034374,2020-03-16 08:20:00,2020,3,16,8,20,33,33096,AUTOROUTE A10,44.88858,-0.50473,Plein jour,Hors agglomération,Hors intersection,Pluie légère,Trois véhicules et plus - en chaîne,1,3,8,0,1,1,2,0,1,90,3,6,4,0,0,2,50.0,62.0,voiture,voiture,1,1,1,2,4
202000034375,2020-03-17 11:58:00,2020,3,17,11,58,91,91161,AUTOROUTE A6,48.7101,2.3079,Plein jour,Hors agglomération,Hors intersection,Normale,Trois véhicules et plus - en chaîne,1,2,6,0,1,1,1,0,1,110,4,5,3,0,0,2,55.0,78.0,voiture,voiture,1,1,1,1,4
202000034376,2020-03-16 09:35:00,2020,3,16,9,35,93,93048,AUTOROUTE A86,48.86496,2.4821,Plein jour,Hors agglomération,Hors intersection,Normale,Deux véhicules - côté,1,3,6,0,4,1,1,0,1,90,2,2,1,0,0,1,64.0,34.0,utilitaire_camion,voiture,1,1,1,1,3
202000034377,2020-03-14 21:10:00,2020,3,14,21,10,93,93006,AUTOROUTE A3,48.86918,2.42954,Nuit sans éclairage public,Hors agglomération,Hors intersection,Normale,Deux véhicules - arrière,1,3,8,0,2,1,1,0,1,90,2,2,1,0,0,1,27.0,24.0,voiture,deux_roues,3,1,1,1,2
202000034378,2020-03-17 15:00:00,2020,3,17,15,0,94,94074,RN406.Y,48.765969,2.45822,Plein jour,Hors agglomération,Hors intersection,Normale,Sans collision,2,3,2,0,1,1,1,0,1,90,1,1,0,0,0,1,28.0,,voiture,,1,1,1,1,7
202000034379,2020-03-14 22:10:00,2020,3,14,22,10,77,77438,A104,48.8662469,2.6701001,Nuit sans éclairage public,Hors agglomération,Hors intersection,Normale,Autre collision,1,3,2,0,1,2,1,0,1,50,1,1,0,0,0,1,22.0,,deux_roues,,3,1,1,1,6
202000034380,2020-01-04 15:35:00,2020,1,4,15,35,974,97407,Boulevard de la Marine,-20.95,55.29297,Plein jour,En agglomération,Hors intersection,Pluie forte,Autre collision,4,3,2,0,1,1,2,0,-1,70,1,2,1,0,0,1,23.0,,voiture,,1,2,1,3,6
202000034381,2020-01-14 18:35:00,2020,1,14,18,35,78,78440,8 MAI 1945 (PLACE DU),48.993439,1.913014,Nuit avec éclairage allumé,En agglomération,Hors intersection,Normale,Autre collision,4,4,1,3,1,1,1,9,-1,50,1,2,1,0,0,1,26.0,,transport_commun,,5,2,1,1,6
202000034382,2020-01-10 08:45:00,2020,1,10,8,45,78,78238,CD 113,48.959894,1.871498,Crépuscule ou aube,Hors agglomération,Intersection en X,Normale,,3,2,2,0,1,1,2,5,1,50,2,2,1,0,0,1,30.0,48.0,voiture,voiture,2,1,2,1,-1
202000034383,2020-01-06 17:02:00,2020,1,6,17,2,24,24037,PLACE GAMBETTA,44.8538,0.48251,Plein jour,En agglomération,Hors intersection,Normale,Autre collision,6,-1,-1,0,1,1,1,0,8,30,1,2,1,0,1,0,57.0,,voiture,,1,2,1,1,6
202000034384,2020-03-16 19:34:00,2020,3,16,19,34,974,97416,EMBERIQUES (IMPASSE),-21.29041,55.45678,Plein jour,En agglomération,Intersection en T,Normale,,4,2,1,0,1,2,1,9,1,50,2,2,1,0,1,0,,10.0,voiture,deux_roues,1,2,3,1,-1
202000034385,2020-03-16 14:20:00,2020,3,16,14,20,974,97411,BOIS DE NEFLES (RUE DU),-20.902,55.4773,Plein jour,En agglomération,Autre intersection,Normale,Deux véhicules - arrière,4,-1,2,0,2,3,1,9,1,50,2,2,1,0,1,0,56.0,22.0,deux_roues,voiture,1,2,9,1,2
202000034386,2020-03-16 10:40:00,2020,3,16,10,40,69,69386,DUQUESNE                            (R ),45.7726,4.8442,Plein jour,En agglomération,Intersection en X,Normale,Autre collision,4,3,4,0,1,1,1,0,1,50,1,2,1,0,0,1,42.0,,voiture,,1,2,2,1,6
202000034387,2020-03-15 20:45:00,2020,3,15,20,45,972,97209,AUTOROUTE (A1),14.61818,-61.03661,Nuit avec éclairage allumé,Hors agglomération,Hors intersection,Normale,Deux véhicules - côté,1,3,2,0,2,1,1,0,1,90,2,1,0,0,1,0,55.0,,deux_roues,,5,1,1,1,3
202000034388,2020-03-16 11:33:00,2020,3,16,11,33,69,69384,DENFERT ROCHEREAU                   (R ),45.777,4.82668,Crépuscule ou aube,En agglomération,Hors intersection,Normale,Autre collision,4,1,1,0,1,1,1,0,1,30,1,2,1,0,0,1,31.0,,voiture,,2,2,1,1,6
202000034389,2020-01-15 15:50:00,2020,1,15,15,50,69,69385,POINT DU JOUR (DU)                  (AV),45.7563913,4.7999623,Plein jour,En agglomération,Hors intersection,Normale,Deux véhicules - côté,4,2,2,2,1,1,1,0,5,50,2,3,2,0,1,0,25.0,44.0,deux_roues,voiture,1,2,1,1,3
202000034390,2020-03-16 12:25:00,2020,3,16,12,25,91,91174,JEAN JAURES (BOULEVARD),48.605603,2.466691,Plein jour,En agglomération,Autre intersection,Normale,Deux véhicules - arrière,2,1,0,0,2,3,1,0,1,50,2,2,1,0,0,1,23.0,48.0,utilitaire_camion,utilitaire_camion,1,2,9,1,2
202000034391,2020-03-16 05:35:00,2020,3,16,5,35,91,91103,GAYOT (RUE DU LIEUTENANT),48.598012,2.293668,Nuit avec éclairage allumé,En agglomération,Hors intersection,Normale,Deux véhicules - frontale,4,-1,2,0,1,1,1,0,1,50,2,2,1,0,0,1,40.0,42.0,deux_roues,voiture,5,2,1,1,1
202000034392,2020-03-13 17:14:00,2020,3,13,17,14,87,87085,DUTREIX (RUE ARMAND),45.83154,1.23648,Plein jour,En agglomération,Hors intersection,Normale,Deux véhicules - arrière,4,2,2,0,1,1,1,0,1,50,2,2,1,0,0,1,51.0,63.0,voiture,voiture,1,2,1,1,2
202000034393,2020-03-07 23:45:00,2020,3,7,23,45,81,81060,25 Avenue de Rodez,44.05517,2.16212,Nuit avec éclairage allumé,En agglomération,Hors intersection,Normale,Autre collision,3,2,2,0,1,1,1,0,1,50,1,3,2,0,1,0,36.0,,voiture,,5,2,1,1,6
202000034394,2020-03-12 16:55:00,2020,3,12,16,55,78,78158,DEBASSEUX (AVENUE),48.81678,2.13609,Plein jour,En agglomération,Hors intersection,Normale,Autre collision,4,2,2,0,1,1,1,0,1,30,1,2,1,0,1,0,60.0,,transport_commun,,1,2,1,1,6
202000034395,2020-03-15 15:45:00,2020,3,15,15,45,76,76540,GUILLAUME LE CONQUERANT. RAMPE,49.44105,1.0815,Plein jour,En agglomération,Hors intersection,Normale,Sans collision,2,2,5,3,1,1,1,-1,1,50,1,1,0,0,0,1,22.0,,deux_roues,,1,2,1,1,7
202000034396,2020-03-14 17:53:00,2020,3,14,17,53,66,66136,D914,42.67319,2.88959,Plein jour,Hors agglomération,Hors intersection,Normale,,4,2,2,0,1,1,1,0,1,50,2,3,0,0,0,3,57.0,58.0,voiture,voiture,1,1,1,1,-1
202000034397,2020-03-15 16:58:00,2020,3,15,16,58,65,65047,SPORTS (AVE DES),43.2397,0.11674,Plein jour,Hors agglomération,Hors intersection,Normale,Deux véhicules - frontale,3,2,2,0,3,1,1,0,1,70,2,2,0,1,0,1,39.0,75.0,deux_roues,voiture,1,1,1,1,1
202000034398,2020-03-13 09:00:00,2020,3,13,9,0,64,64445,PRESIDENT KENNEDY DU,43.31009,-0.36602,Plein jour,En agglomération,Hors intersection,Temps couvert,Autre collision,4,2,2,0,1,1,1,0,1,50,1,2,1,0,0,1,34.0,,voiture,,1,2,1,8,6
202000034399,2020-03-15 14:30:00,2020,3,15,14,30,63,63164,MENETROL (ROUTE DE),45.8413171,3.1437154,Plein jour,Hors agglomération,Hors intersection,Normale,Deux véhicules - côté,3,2,2,0,1,1,1,0,1,80,2,2,1,0,0,1,24.0,22.0,deux_roues,voiture,1,1,1,1,3
202000034400,2020-03-13 01:20:00,2020,3,13,1,20,56,56098,Route des Sternes,47.7732742,-3.3605222,Nuit sans éclairage public,Hors agglomération,Hors intersection,Normale,Autre collision,4,2,2,0,1,2,1,0,1,70,1,1,0,0,0,1,31.0,,voiture,,3,1,1,1,6
202000034401,2020-01-28 16:35:00,2020,1,28,16,35,50,50147,DE LA CROUTE,49.0439,-1.44393,Plein jour,En agglomération,Hors intersection,Pluie légère,Autre collision,4,2,2,0,2,3,2,6,1,50,1,2,1,0,0,1,51.0,,voiture,,1,2,1,2,6
202000034402,2020-03-15 16:25:00,2020,3,15,16,25,49,49007,ROE,47.47224,-0.55271,Plein jour,En agglomération,Hors intersection,Normale,Sans collision,4,2,2,0,1,1,1,0,1,60,1,1,0,0,0,1,34.0,,deux_roues,,1,2,1,1,7
202000034403,2020-03-10 16:25:00,2020,3,10,16,25,46,46224,PILLAT (AVENUE CHARLES),44.4711,1.41507,Plein jour,En agglomération,Hors intersection,Normale,,4,2,2,0,1,1,1,0,1,30,1,2,1,0,1,0,63.0,,utilitaire_camion,,1,2,1,1,-1
202000034404,2020-03-16 17:00:00,2020,3,16,17,0,37,37122,CHINON (BOULEVARD DE),47.355274,0.697751,Plein jour,En agglomération,Hors intersection,Pluie légère,Deux véhicules - côté,3,2,3,0,1,1,2,0,1,50,2,1,0,0,0,1,25.0,,voiture,,1,2,1,2,3
202000034405,2020-03-15 19:40:00,2020,3,15,19,40,34,34172,CARRIEU (RUE MARIUS),43.61714,3.84254,Nuit avec éclairage allumé,En agglomération,Hors intersection,Normale,Deux véhicules - côté,4,2,4,0,2,1,1,0,1,50,2,1,0,0,0,1,27.0,,deux_roues,,5,2,1,1,3
202000034406,2020-03-16 16:25:00,2020,3,16,16,25,33,33522,BD GEORGE V / RUE DE LA LIBERTE,44.82131,-0.58315,Plein jour,En agglomération,Intersection en X,Normale,Deux véhicules - arrière,4,2,6,2,1,1,9,5,1,50,2,2,1,0,0,1,31.0,56.0,utilitaire_camion,deux_roues,1,2,2,1,2
202000034407,2020-03-16 14:50:00,2020,3,16,14,50,33,33522,92 Cours Maréchal Gallieni,44.823249,-0.592999,Plein jour,En agglomération,Intersection en T,Normale,Autre collision,4,2,2,0,1,3,1,0,1,50,1,2,1,0,1,0,35.0,,voiture,,1,2,3,1,6
202000034408,2020-03-16 08:00:00,2020,3,16,8,0,33,33069,AVE DE LA LIBERATION-CH. DE GAULLE / RUE JACQUES GERALD,44.85609,-0.5965,Plein jour,En agglomération,Intersection en T,Normale,Deux véhicules - côté,4,2,2,3,1,1,2,4,6,50,2,2,1,0,0,1,27.0,25.0,transport_commun,voiture,1,2,3,1,3
202000034409,2020-03-12 10:50:00,2020,3,12,10,50,33,33063,Avenue du Maréchal de Lattre de Tassigny / Rue Soubiras (Caudéran),44.85703,-0.6199,Plein jour,En agglomération,Intersection en X,Normale,Deux véhicules - côté,4,2,5,2,1,1,1,5,1,50,2,2,1,0,0,1,44.0,44.0,deux_roues,voiture,1,2,2,1,3
202000034410,2020-03-15 08:50:00,2020,3,15,8,50,31,31555,Rd Pt Firmin Pons,43.56942,1.37397,Plein jour,Hors agglomération,Autre intersection,Normale,Deux véhicules - côté,3,1,2,0,1,2,1,0,1,50,2,2,1,0,1,0,58.0,21.0,deux_roues,voiture,1,1,9,1,3
202000034411,2020-03-15 21:05:00,2020,3,15,21,5,31,31555,CHE DES ETROITS,43.55788,1.44102,Nuit avec éclairage allumé,En agglomération,Hors intersection,Normale,Autre collision,3,2,2,0,1,2,1,0,1,50,1,1,0,0,0,1,34.0,,deux_roues,,5,2,1,1,6
202000034412,2020-03-13 17:40:00,2020,3,13,17,40,31,31555,RTE D ALBI,43.63491,1.46372,Plein jour,En agglomération,Hors intersection,Normale,,3,2,2,1,1,1,1,0,1,50,2,3,2,0,0,1,40.0,46.0,deux_roues,voiture,1,2,1,1,-1
202000034413,2020-03-16 06:55:00,2020,3,16,6,55,31,31483,BOULOGNE (AVENUE DE),43.117838,0.713415,Nuit avec éclairage allumé,En agglomération,Hors intersection,Normale,Sans collision,3,-1,2,0,2,2,1,0,1,50,1,1,0,0,0,1,27.0,,voiture,,5,2,1,1,7
202000034414,2020-03-14 13:50:00,2020,3,14,13,50,22,22278,ATLANTIQUE (BD) N°1 A 56/69,48.519081,-2.7858478,Plein jour,En agglomération,Hors intersection,Normale,Deux véhicules - côté,4,2,2,0,1,1,1,0,1,50,2,2,1,0,0,1,17.0,53.0,deux_roues,voiture,1,2,1,1,3
202000034415,2020-03-13 16:40:00,2020,3,13,16,40,19,19152,la bastière D.940,45.0149683,1.809268,Nuit sans éclairage public,Hors agglomération,Hors intersection,Normale,,3,2,3,0,1,1,1,0,1,50,2,3,1,0,0,2,67.0,18.0,voiture,deux_roues,3,1,1,1,-1
202000034416,2020-03-16 05:10:00,2020,3,16,5,10,17,17415,Route de Varzay,45.73327,-0.66447,Nuit sans éclairage public,Hors agglomération,Hors intersection,Normale,Autre collision,4,-1,1,0,1,1,1,0,1,80,1,1,0,0,0,1,38.0,,utilitaire_camion,,3,1,1,1,6
202000034417,2020-03-16 05:40:00,2020,3,16,5,40,17,17300,SARTRE   AVENUE JEAN-PAUL,46.156106,-1.13157,Nuit avec éclairage allumé,En agglomération,Hors intersection,Pluie légère,Sans collision,4,2,2,0,1,1,2,0,1,50,1,1,0,0,0,1,26.0,,voiture,,5,2,1,2,7
202000034418,2020-03-15 20:20:00,2020,3,15,20,20,14,14574,D.613 ( LISIEUX),49.12674,0.21749,Nuit sans éclairage public,Hors agglomération,Hors intersection,Normale,Autre collision,3,3,4,0,2,2,1,0,1,90,1,1,0,0,0,1,21.0,,voiture,,3,1,1,1,6
202000034419,2020-03-16 16:40:00,2020,3,16,16,40,13,13002,CANTON VERT (AVENUE DU),43.3417492,5.4717216,Plein jour,En agglomération,Hors intersection,Normale,Sans collision,3,2,1,0,2,1,1,9,4,300,1,1,0,0,0,1,57.0,,voiture,,1,2,1,1,7
202000034420,2020-03-15 07:15:00,2020,3,15,7,15,13,13047,D.5,43.47889,4.99636,Plein jour,Hors agglomération,Hors intersection,Normale,Autre collision,3,2,2,0,1,1,1,0,1,90,1,1,0,1,0,0,55.0,,utilitaire_camion,,1,1,1,1,6
202000034421,2020-03-16 07:30:00,2020,3,16,7,30,06,06123,CURIE PIERRE ET MARIE AVENUE,43.69621,7.18433,Plein jour,En agglomération,Hors intersection,Normale,Autre collision,4,2,2,0,1,1,1,0,1,50,1,2,1,0,0,1,24.0,,voiture,,1,2,1,1,6
202000034422,2020-03-15 00:40:00,2020,3,15,0,40,06,06027,PLAGE BOULEVARD DE LA,43.6567,7.1644,Nuit avec éclairage allumé,En agglomération,Hors intersection,Normale,Trois véhicules et plus - collisions multiples,7,2,4,0,1,1,1,0,1,50,3,6,3,0,0,3,31.0,29.0,voiture,voiture,5,2,1,1,5
202000034423,2020-03-14 17:30:00,2020,3,14,17,30,06,06123,R.N. 7,43.660378,7.181992,Plein jour,En agglomération,Hors intersection,Normale,Autre collision,7,2,2,0,1,2,1,0,1,50,1,2,0,1,1,0,42.0,,voiture,,1,2,1,1,6
202000034424,2020-03-14 10:00:00,2020,3,14,10,0,05,05061,BELLEVUE (BOULEVARD),44.56155,6.09499,Plein jour,En agglomération,Intersection en T,Normale,Deux véhicules - côté,3,-1,2,0,2,1,1,0,1,50,2,2,1,0,0,1,72.0,50.0,voiture,voiture,1,2,3,1,3
202000034425,2020-03-13 09:15:00,2020,3,13,9,15,03,03310,Rue des Alpes,46.1306606,3.4168506,Plein jour,En agglomération,Hors intersection,Normale,Autre collision,4,1,1,0,1,1,1,0,1,50,1,2,0,0,2,0,88.0,,voiture,,1,2,1,1,6
202000034426,2020-03-16 16:30:00,2020,3,16,16,30,75,75119,RUE PETITOT,48.876359,2.393118,Plein jour,En agglomération,Intersection en X,Normale,Autre collision,4,1,3,3,1,1,1,0,1,50,1,2,1,0,0,1,50.0,,voiture,,1,2,2,1,6
202000034427,2020-03-16 20:25:00,2020,3,16,20,25,75,75117,AVENUE DE LA PORTE DE CLICHY,48.894444,2.313492,Nuit sans éclairage public,En agglomération,Intersection en X,Normale,Deux véhicules - côté,4,2,2,0,1,1,1,0,1,50,2,3,2,0,0,1,44.0,38.0,deux_roues,voiture,3,2,2,1,3
202000034428,2020-03-16 14:10:00,2020,3,16,14,10,75,75116,BOULEVARD DE BEAUSEJOUR,48.857304,2.269297,Plein jour,En agglomération,Intersection en T,Normale,Deux véhicules - côté,4,1,1,0,1,1,1,0,1,50,2,3,2,0,0,1,53.0,20.0,voiture,voiture,1,2,3,1,3
202000034429,2020-03-16 14:34:00,2020,3,16,14,34,75,75110,RUE DU FAUBOURG SAINT DENIS,48.880466,2.357699,Plein jour,En agglomération,Hors intersection,Normale,Deux véhicules - côté,4,2,3,3,2,1,1,0,1,50,2,2,1,0,0,1,34.0,43.0,deux_roues,voiture,1,2,1,1,3
202000034430,2020-03-16 17:30:00,2020,3,16,17,30,94,94043,FONTAINEBLEAU (AV DE),48.80905,2.36295,Plein jour,En agglomération,Hors intersection,Normale,Trois véhicules et plus - en chaîne,3,2,5,1,1,1,1,0,1,50,3,3,2,0,0,1,37.0,39.0,voiture,voiture,1,2,1,1,4
202000034431,2020-03-15 16:35:00,2020,3,15,16,35,94,94076,PARIS (AV DE),48.8062782,2.3635465,Plein jour,En agglomération,Autre intersection,Normale,Deux véhicules - côté,3,-1,6,1,1,1,1,6,5,50,2,2,1,0,0,1,40.0,40.0,deux_roues,voiture,1,2,9,1,3
202000034432,2020-03-14 12:00:00,2020,3,14,12,0,94,94076,PRESIDENT ALLENDE (AV DU),48.79521,2.35377,Plein jour,En agglomération,Hors intersection,Pluie légère,Deux véhicules - arrière,3,2,2,0,2,1,2,0,1,50,2,2,1,0,0,1,59.0,38.0,voiture,deux_roues,1,2,1,2,2
202000034433,2020-03-15 20:10:00,2020,3,15,20,10,94,94028,PASTEUR VALERY RADOT(IMPASSE ET RUE),48.78929,2.4424,Nuit avec éclairage allumé,En agglomération,Hors intersection,Normale,Sans collision,4,2,2,0,1,3,1,0,4,50,1,1,0,0,0,1,30.0,,deux_roues,,5,2,1,1,7
202000034434,2020-03-15 20:40:00,2020,3,15,20,40,93,93066,FRANCE ANATOLE (BOULEVARD) NR AUTRES,48.9277237,2.3529268,Nuit sans éclairage public,En agglomération,Hors intersection,Normale,Deux véhicules - côté,3,2,4,0,1,1,1,0,1,50,2,1,0,0,0,1,33.0,,deux_roues,,3,2,1,1,3
202000034435,2020-03-16 10:50:00,2020,3,16,10,50,93,93048,GENERAL DE GAULE (PLACE DU),48.8684154,2.4338697,Plein jour,En agglomération,Hors intersection,Normale,Autre collision,4,2,2,1,2,1,1,0,2,30,1,2,1,0,1,0,20.0,,utilitaire_camion,,1,2,1,1,6
202000034436,2020-03-15 20:40:00,2020,3,15,20,40,92,92078,VERDUN (AVENUE) (IMPAIRS 27 AU 73),48.93487,2.32663,Nuit avec éclairage allumé,En agglomération,Passage à niveau,Normale,Deux véhicules - côté,3,1,1,3,1,1,1,4,6,50,2,2,1,0,0,1,26.0,42.0,deux_roues,transport_commun,5,2,8,1,3
202000034437,2020-03-13 17:10:00,2020,3,13,17,10,92,92063,DIX-HUIT JUIN 1940 (AVENUE DU) SUD,48.867441,2.1977404,Plein jour,En agglomération,Hors intersection,Normale,Autre collision,3,2,2,0,2,1,1,0,1,50,1,2,1,0,0,1,17.0,,deux_roues,,1,2,1,1,6
202000034438,2020-03-16 01:45:00,2020,3,16,1,45,92,92049,ARNOUX AVENUE MAURICE AUTRES N°,48.813924,2.3103656,Nuit avec éclairage allumé,En agglomération,Hors intersection,Normale,Sans collision,4,1,2,1,2,1,1,0,5,50,1,1,0,0,0,1,26.0,,voiture,,5,2,1,1,7
202000034439,2020-03-11 17:05:00,2020,3,11,17,5,92,92024,REPUBLIQUE (PLACE),48.903395,2.312868,Plein jour,En agglomération,Giratoire,Pluie légère,,3,2,2,0,1,1,1,0,1,50,2,2,1,0,0,1,54.0,40.0,voiture,deux_roues,1,2,6,2,-1
202000034440,2020-03-16 14:07:00,2020,3,16,14,7,92,92023,ALEXANDRE BARBEROUX (RUE),48.8086382,2.267803,Plein jour,En agglomération,Hors intersection,Normale,Deux véhicules - côté,4,1,1,0,1,1,1,0,1,30,2,2,1,0,0,1,52.0,65.0,voiture,deux_roues,1,2,1,1,3
202000034441,2020-03-17 10:40:00,2020,3,17,10,40,63,63116,113 Avenue Etienne Clémentel,45.982082,3.088084,Plein jour,En agglomération,Hors intersection,Normale,Autre collision,3,2,2,0,1,1,1,0,1,30,1,2,1,0,0,1,55.0,,voiture,,1,2,1,1,6