accident_id,datetime,annee,mois,jour,heure,minute,departement,commune_insee,adresse,latitude,longitude,luminosite,agglomeration,intersection,meteo,collision,catr,circ,nbv,vosp,prof,plan,surf,infra,situ,vma,nb_vehicules,nb_usagers,nb_indemnes,nb_tues,nb_blesses_hosp,nb_blesses_legers,age_cond_1,age_cond_2,veh_type_cond_1,veh_type_cond_2,lum_code,agg_code,int_code,atm_code,col_code
202000034442,2020-03-16 14:30:00,2020,3,16,14,30,67,67324,Départementale 1062,48.968801,7.580212,Plein jour,Hors agglomération,Hors intersection,Normale,Trois véhicules et plus - collisions multiples,3,2,2,0,1,2,1,0,1,80,3,3,2,0,1,0,89.0,45.0,voiture,voiture,1,1,1,1,5
202000034443,2020-03-11 12:30:00,2020,3,11,12,30,2B,2B167,D451,42.536426,8.846773,Plein jour,Hors agglomération,Hors intersection,Normale,Deux véhicules - arrière,3,2,2,0,2,1,1,0,1,-1,2,2,1,0,0,1,47.0,51.0,voiture,voiture,1,1,1,1,2
202000034444,2020-02-13 12:45:00,2020,2,13,12,45,80,80711,Rue Jean Jaurès,50.042212,2.1191279,Plein jour,En agglomération,Hors intersection,Pluie légère,Autre collision,3,2,2,0,1,1,2,0,4,50,1,1,0,0,1,0,83.0,,voiture,,1,2,1,2,6
202000034445,2020-03-14 07:00:00,2020,3,14,7,0,80,80211,route départementale 8,49.7504583,2.1621281,Crépuscule ou aube,Hors agglomération,Hors intersection,Normale,Sans collision,3,2,2,0,1,1,1,0,1,80,1,1,0,0,1,0,49.0,,voiture,,2,1,1,1,7
202000034446,2020-03-17 11:55:00,2020,3,17,11,55,65,65019,Intersection d935/chemin de compostelle,43.148538,0.091839,Plein jour,Hors agglomération,Intersection en X,Normale,Deux véhicules - côté,3,2,2,0,1,1,1,0,1,80,2,3,2,0,1,0,23.0,63.0,voiture,voiture,1,1,2,1,3
202000034447,2020-03-17 11:30:00,2020,3,17,11,30,12,12120,N88,44.370667,2.841467,Plein jour,Hors agglomération,Hors intersection,Normale,Trois véhicules et plus - collisions multiples,2,2,2,0,1,1,1,0,1,80,3,6,2,1,1,2,48.0,39.0,utilitaire_camion,voiture,1,1,1,1,5
202000034448,2020-03-13 22:30:00,2020,3,13,22,30,47,47006,Route de Thoumet,44.405159,0.634879,Nuit sans éclairage public,Hors agglomération,Hors intersection,Normale,Autre collision,3,2,2,0,1,1,1,0,3,80,1,2,1,0,1,0,25.0,,voiture,,3,1,1,1,6
202000034449,2020-03-16 14:30:00,2020,3,16,14,30,29,29045,Lieu-dit Lavallot,48.433023,-4.276718,Plein jour,Hors agglomération,Hors intersection,Temps éblouissant,Deux véhicules - frontale,3,2,2,0,3,1,1,0,1,80,2,3,1,0,2,0,83.0,19.0,voiture,voiture,1,1,1,7,1
202000034450,2020-03-16 19:40:00,2020,3,16,19,40,68,68094,D463,47.548972,7.436124,Nuit sans éclairage public,Hors agglomération,Intersection en T,Normale,Deux véhicules - arrière,3,2,2,0,1,1,1,0,1,80,2,2,1,0,0,1,23.0,22.0,voiture,deux_roues,3,1,3,1,2
202000034451,2020-09-03 21:50:00,2020,9,3,21,50,69,69120,Chemin du Drivon,45.784794,4.412411,Nuit sans éclairage public,Hors agglomération,Hors intersection,Normale,Autre collision,4,2,2,0,1,1,1,0,1,80,1,1,0,0,1,0,19.0,,voiture,,3,1,1,1,6
202000034452,2020-09-03 10:45:00,2020,9,3,10,45,44,44195,Giratoire de LAVAU,47.360801,-1.955743,Plein jour,En agglomération,Giratoire,Normale,Deux véhicules - côté,3,2,2,0,1,4,1,9,1,50,2,2,1,0,1,0,73.0,67.0,voiture,deux_roues,1,2,6,1,3
202000034453,2020-08-28 19:50:00,2020,8,28,19,50,44,44073,D16,47.427565,-1.602416,Plein jour,Hors agglomération,Intersection en X,Normale,Deux véhicules - frontale,3,2,2,0,1,1,1,0,1,80,2,3,2,0,1,0,21.0,67.0,voiture,voiture,1,1,2,1,1
202000034454,2020-08-18 13:40:00,2020,8,18,13,40,60,60002,D1001,49.370735,2.155144,Plein jour,Hors agglomération,Hors intersection,Normale,Sans collision,3,1,4,0,1,3,1,0,1,110,1,1,0,0,1,0,45.0,,deux_roues,,1,1,1,1,7
202000034455,2020-09-04 00:00:00,2020,9,4,0,0,59,59139,D45,50.140582,3.419784,Nuit sans éclairage public,Hors agglomération,Hors intersection,Pluie légère,Autre collision,3,2,2,0,1,4,2,0,3,80,1,1,0,0,1,0,33.0,,voiture,,3,1,1,2,6
202000034456,2020-09-03 16:30:00,2020,9,3,16,30,59,59482,Rue de la Belle Croix,50.711877,2.998597,Plein jour,En agglomération,Hors intersection,Temps couvert,Deux véhicules - arrière,7,1,1,0,1,1,1,0,1,30,2,7,6,0,1,0,65.0,57.0,voiture,voiture,1,2,1,8,2
202000034457,2020-08-29 04:30:00,2020,8,29,4,30,13,13033,A55-Sens Martigues vers Marseille,43.379555,5.205897,Nuit sans éclairage public,Hors agglomération,Hors intersection,Pluie légère,Sans collision,1,-1,1,0,2,3,2,0,1,70,1,1,0,0,0,1,25.0,,voiture,,3,1,1,2,7
202000034458,2020-09-03 20:25:00,2020,9,3,20,25,33,33249,ROUTE NATIONALE 230,44.87884,-0.50952,Crépuscule ou aube,Hors agglomération,Hors intersection,Normale,Trois véhicules et plus - en chaîne,2,3,6,0,1,1,1,3,1,90,4,4,1,0,0,3,55.0,35.0,voiture,voiture,2,1,1,1,4
202000034459,2020-08-25 12:01:00,2020,8,25,12,1,59,59155,AUTOROUTE A16,51.014982,2.389597,Plein jour,Hors agglomération,Hors intersection,Vent fort / tempête,Autre collision,1,3,4,0,1,3,1,0,1,110,1,1,0,0,1,0,31.0,,deux_roues,,1,1,1,6,6
202000034460,2020-09-01 13:30:00,2020,9,1,13,30,59,59646,AUTOROUTE A22,50.668319,3.115191,Plein jour,Hors agglomération,Hors intersection,Normale,Autre collision,1,3,7,0,1,1,1,0,1,90,1,1,0,0,1,0,51.0,,voiture,,1,1,1,1,6
202000034461,2020-09-03 20:20:00,2020,9,3,20,20,91,91553,RN 104,48.63148,2.49413,Crépuscule ou aube,Hors agglomération,Hors intersection,Normale,Deux véhicules - côté,2,1,2,0,3,2,1,0,1,90,2,2,1,0,0,1,30.0,25.0,voiture,utilitaire_camion,2,1,1,1,3
202000034462,2020-09-03 19:38:00,2020,9,3,19,38,91,91345,AUTOROUTE A6,48.69138,2.32236,Crépuscule ou aube,Hors agglomération,Hors intersection,Normale,Deux véhicules - côté,1,3,3,0,3,1,1,0,1,90,2,2,1,0,0,1,19.0,53.0,voiture,deux_roues,2,1,1,1,3
202000034463,2020-09-03 16:15:00,2020,9,3,16,15,78,78043,A12 Y,48.83256,2.08415,Plein jour,Hors agglomération,Hors intersection,Normale,Deux véhicules - arrière,1,3,8,0,2,1,1,0,1,110,2,2,1,1,0,0,34.0,46.0,utilitaire_camion,deux_roues,1,1,1,1,2
202000034464,2020-09-03 14:15:00,2020,9,3,14,15,78,78073,N12Y,48.796946,2.021972,Plein jour,Hors agglomération,Hors intersection,Normale,Autre collision,2,1,6,0,1,1,1,3,3,70,1,1,0,0,0,1,37.0,,voiture,,1,1,1,1,6
202000034465,2020-09-03 08:45:00,2020,9,3,8,45,92,92036,A86,48.9344081,2.2702786,Plein jour,Hors agglomération,Hors intersection,Normale,Deux véhicules - côté,1,3,4,0,1,1,1,1,1,90,2,2,1,0,0,1,61.0,21.0,deux_roues,utilitaire_camion,1,1,1,1,3
202000034466,2020-09-03 09:00:00,2020,9,3,9,0,95,95351,RN 104,49.03125,2.49386,Plein jour,Hors agglomération,Hors intersection,Normale,Trois véhicules et plus - en chaîne,2,3,4,0,1,1,1,0,1,90,8,8,6,0,1,1,41.0,34.0,utilitaire_camion,utilitaire_camion,1,1,1,1,4
202000034467,2020-09-02 21:55:00,2020,9,2,21,55,95,95306,A15,49.00929,2.15724,Nuit sans éclairage public,Hors agglomération,Hors intersection,Normale,Trois véhicules et plus - collisions multiples,1,3,6,0,1,1,1,0,1,110,3,4,2,0,0,2,25.0,20.0,voiture,voiture,3,1,1,1,5
202000034468,2020-09-02 23:45:00,2020,9,2,23,45,95,95582, A15,48.96986,2.24966,Nuit sans éclairage public,Hors agglomération,Hors intersection,Normale,Autre collision,1,3,9,0,1,1,1,0,1,110,1,1,0,0,0,1,26.0,,voiture,,3,1,1,1,6
202000034469,2020-09-02 17:00:00,2020,9,2,17,0,93,93008,AUTOROUTE A86,48.91146,2.44045,Plein jour,Hors agglomération,Hors intersection,Normale,Deux véhicules - arrière,1,3,6,0,1,1,1,1,1,90,2,2,1,0,0,1,21.0,44.0,voiture,voiture,1,1,1,1,2
202000034470,2020-09-02 11:00:00,2020,9,2,11,0,93,93010,AUTOROUTE A3,48.90196,2.47034,Plein jour,Hors agglomération,Hors intersection,Normale,Deux véhicules - arrière,1,3,6,0,1,1,1,0,1,90,2,2,1,0,0,1,23.0,40.0,deux_roues,deux_roues,1,1,1,1,2
202000034471,2020-09-03 21:30:00,2020,9,3,21,30,77,77122,RN104,48.659626,2.613147,Nuit sans éclairage public,Hors agglomération,Hors intersection,Normale,Deux véhicules - arrière,2,1,2,0,1,1,1,0,1,110,2,3,1,0,0,2,21.0,26.0,voiture,voiture,3,1,1,1,2
202000034472,2020-09-03 18:00:00,2020,9,3,18,0,75,75112,A4,48.825171,2.46402,Plein jour,Hors agglomération,Hors intersection,Normale,Deux véhicules - arrière,1,1,3,0,1,3,1,0,1,90,2,2,0,0,0,2,26.0,48.0,voiture,voiture,1,1,1,1,2
202000034473,2020-09-03 17:30:00,2020,9,3,17,30,94,94028,A86 EXT,48.7916209,2.4409774,Plein jour,Hors agglomération,Hors intersection,Normale,Deux véhicules - arrière,1,3,6,0,1,1,1,0,1,90,2,2,1,0,0,1,30.0,57.0,utilitaire_camion,voiture,1,1,1,1,2
202000034474,2020-09-03 15:30:00,2020,9,3,15,30,94,94046,A86 EXT,48.8074506,2.4489937,Plein jour,Hors agglomération,Hors intersection,Normale,,1,3,8,0,1,1,1,0,1,90,2,2,1,0,0,1,41.0,31.0,utilitaire_camion,deux_roues,1,1,1,1,-1
202000034475,2020-09-02 08:40:00,2020,9,2,8,40,94,94028,A86 EXT,48.7916209,2.4409774,Plein jour,Hors agglomération,Hors intersection,Normale,Deux véhicules - côté,1,-1,3,0,1,1,1,0,1,90,2,3,1,0,0,2,32.0,23.0,utilitaire_camion,deux_roues,1,1,1,1,3
202000034476,2020-08-31 02:40:00,2020,8,31,2,40,988,98818,PROMENADE PIERRE VERNIER,-22.30903,166.45177,Nuit avec éclairage allumé,En agglomération,Hors intersection,Normale,Autre collision,4,2,2,2,2,2,1,-1,5,50,1,1,0,0,0,1,28.0,,deux_roues,,5,2,1,1,6
202000034477,2020-08-31 08:20:00,2020,8,31,8,20,974,97411,Route Jules Reydellet,-20.929124,55.492909,Plein jour,Hors agglomération,Hors intersection,Temps couvert,Autre collision,4,2,1,0,2,3,1,0,3,50,1,3,0,0,1,2,61.0,,voiture,,1,1,1,8,6
202000034478,2020-09-01 22:10:00,2020,9,1,22,10,973,97302,TROUBIRAN (CHEMIN DE),4.9261373,-52.3036122,Nuit sans éclairage public,En agglomération,Hors intersection,Normale,Deux véhicules - frontale,4,-1,2,0,1,1,1,0,1,50,2,3,0,0,0,3,52.0,24.0,voiture,voiture,3,2,1,1,1
202000034479,2020-09-01 16:10:00,2020,9,1,16,10,69,69388,CHALLEMEL LACOUR                    (R ),45.72927,4.8474,Plein jour,En agglomération,Hors intersection,Normale,Autre collision,4,4,6,2,1,1,1,2,1,50,1,1,0,0,0,1,43.0,,utilitaire_camion,,1,2,1,1,6
202000034480,2020-09-02 17:00:00,2020,9,2,17,0,69,69286,MONT BLANC (DU)                     (AV),45.8113509,4.8945294,Plein jour,Hors agglomération,Hors intersection,Normale,Autre collision,4,2,2,0,1,1,1,0,1,50,1,2,1,0,1,0,54.0,,voiture,,1,1,1,1,6
202000034481,2020-09-02 07:00:00,2020,9,2,7,0,69,69389,RAOUL CARRIE                        (QU),45.8015171,4.8383613,Plein jour,En agglomération,Intersection en T,Normale,Deux véhicules - côté,3,2,-1,0,1,1,1,0,1,50,2,2,1,0,0,1,29.0,40.0,deux_roues,voiture,1,2,3,1,3
202000034482,2020-09-01 12:30:00,2020,9,1,12,30,91,91471,DIMANCHERIE (AVENUE DE LA),48.6922,2.17543,Plein jour,En agglomération,Intersection en Y,Normale,Deux véhicules - arrière,4,2,2,0,2,3,1,1,1,50,2,2,1,0,0,1,25.0,23.0,voiture,deux_roues,1,2,4,1,2
202000034483,2020-09-01 18:20:00,2020,9,1,18,20,91,91114,TALMA (RUE),48.69404,2.50224,Plein jour,En agglomération,Giratoire,Normale,Deux véhicules - côté,3,4,3,0,2,1,1,9,1,30,2,3,2,0,0,1,37.0,23.0,voiture,voiture,1,2,6,1,3
202000034484,2020-08-30 12:10:00,2020,8,30,12,10,91,91103,CD 19,48.60349,2.31992,Plein jour,Hors agglomération,Hors intersection,Normale,Autre collision,3,3,4,0,1,1,2,0,1,90,1,2,0,0,1,1,48.0,,voiture,,1,1,1,1,6
202000034485,2020-09-02 09:20:00,2020,9,2,9,20,86,86194,Avenue du Plateau des Glières,46.6015023,0.3243452,Plein jour,En agglomération,Hors intersection,Normale,Deux véhicules - côté,3,3,3,0,1,1,1,0,1,50,2,4,1,0,0,3,31.0,26.0,voiture,utilitaire_camion,1,2,1,1,3
202000034486,2020-09-01 23:50:00,2020,9,1,23,50,83,83137,COLLET (AVE AMIRAL),43.12916,5.9242,Nuit avec éclairage allumé,En agglomération,Autre intersection,Normale,Deux véhicules - côté,4,-1,1,0,2,1,1,5,1,30,2,3,2,0,0,1,25.0,,utilitaire_camion,,5,2,9,1,3
202000034487,2020-08-22 16:05:00,2020,8,22,16,5,83,83123,TOULON (ANCIEN CHEMIN DE),43.142,5.77874,Plein jour,En agglomération,Hors intersection,Normale,Trois véhicules et plus - en chaîne,4,2,2,0,1,1,1,0,1,50,3,3,1,0,0,2,75.0,22.0,voiture,voiture,1,2,1,1,4
202000034488,2020-09-02 08:10:00,2020,9,2,8,10,83,83069,OLBIA  (VOIE),43.117,6.144,Plein jour,En agglomération,Autre intersection,Normale,Deux véhicules - arrière,3,2,4,0,1,1,1,0,1,50,2,2,1,0,1,0,25.0,23.0,deux_roues,voiture,1,2,9,1,2
202000034489,2020-08-28 18:45:00,2020,8,28,18,45,83,83061,AVENUE ANDRÉ CITROËN,43.43967,6.716034,Plein jour,En agglomération,Intersection en X,Normale,Deux véhicules - côté,4,2,2,0,1,1,1,5,1,50,2,3,1,0,1,1,21.0,28.0,voiture,deux_roues,1,2,2,1,3
202000034490,2020-09-02 14:00:00,2020,9,2,14,0,76,76217,POURVILLE (ROUTE DE),49.92184,1.05678,Plein jour,En agglomération,Hors intersection,Normale,Deux véhicules - côté,3,2,2,0,1,1,1,0,1,50,2,2,1,0,1,0,57.0,53.0,deux_roues,utilitaire_camion,1,2,1,1,3
202000034491,2020-09-02 09:00:00,2020,9,2,9,0,69,69266,SERENITE     (Rue de la),45.77,4.89844,Plein jour,En agglomération,Hors intersection,Normale,Autre collision,4,1,1,0,1,1,1,0,1,50,1,2,1,0,0,1,27.0,,utilitaire_camion,,1,2,1,1,6
202000034492,2020-09-01 19:45:00,2020,9,1,19,45,66,66136,R D 900,42.67848,2.88102,Plein jour,En agglomération,Hors intersection,Normale,Deux véhicules - côté,4,-1,2,0,1,2,1,0,1,50,2,2,1,0,0,1,45.0,31.0,voiture,deux_roues,1,2,1,1,3
202000034493,2020-08-04 04:00:00,2020,8,4,4,0,62,62413,LENS (RTE DE),50.43966,2.880937,Crépuscule ou aube,En agglomération,Hors intersection,Normale,Autre collision,4,2,2,0,1,1,1,9,1,50,1,2,1,1,0,0,49.0,,utilitaire_camion,,2,2,1,1,6
202000034494,2020-09-02 20:40:00,2020,9,2,20,40,59,59368,REPUBLIQUE AVENUE DE LA,50.649378,3.0788796,Nuit avec éclairage allumé,En agglomération,Hors intersection,Normale,Deux véhicules - arrière,7,2,4,0,1,1,1,0,1,70,2,2,1,0,0,1,22.0,26.0,deux_roues,voiture,5,2,1,1,2
202000034495,2020-09-01 11:30:00,2020,9,1,11,30,59,59350,TURENNE RUE,50.6271,3.03921,Plein jour,En agglomération,Intersection en X,Normale,Trois véhicules et plus - collisions multiples,4,2,4,0,1,1,1,0,1,50,3,5,3,0,0,2,31.0,15.0,voiture,deux_roues,1,2,2,1,5
202000034496,2020-08-31 23:25:00,2020,8,31,23,25,59,59276,CROIZAT (BOULEVARD AMBROISE),50.34462,3.15304,Nuit avec éclairage allumé,En agglomération,Hors intersection,Normale,Sans collision,3,2,2,0,1,1,1,0,1,50,1,1,0,0,1,0,33.0,,deux_roues,,5,2,1,1,7
202000034497,2020-09-01 18:30:00,2020,9,1,18,30,54,54395,BOUFFLERS (AVENUE) DE 2 AU 72),48.6892358,6.161541,Plein jour,En agglomération,Intersection en T,Normale,Deux véhicules - arrière,4,2,2,0,1,1,1,0,1,50,2,4,3,0,0,1,20.0,33.0,voiture,voiture,1,2,3,1,2
202000034498,2020-09-01 12:30:00,2020,9,1,12,30,54,54526,POTIER (RUE EUGENE),48.68937,6.21558,Plein jour,En agglomération,Intersection en X,Normale,Deux véhicules - arrière,4,2,3,0,1,1,1,0,1,50,2,2,1,0,0,1,34.0,40.0,voiture,voiture,1,2,2,1,2
202000034499,2020-09-01 15:35:00,2020,9,1,15,35,52,52121,39 ALPHANDERY (RUE) PAIR,48.1063,5.13582,Plein jour,En agglomération,Hors intersection,Normale,Deux véhicules - côté,4,1,-1,-1,-1,-1,-1,-1,-1,-1,2,2,1,0,0,1,81.0,50.0,deux_roues,voiture,1,2,1,1,3
202000034500,2020-08-31 19:00:00,2020,8,31,19,0,50,50602,ARTISANS (RUE DES),49.63652,-1.58895,Plein jour,En agglomération,Hors intersection,Normale,Deux véhicules - frontale,4,2,2,0,1,1,1,0,1,50,2,2,1,0,1,0,58.0,17.0,voiture,deux_roues,1,2,1,1,1
202000034501,2020-09-02 17:32:00,2020,9,2,17,32,45,45147,Rue André Dessaux,47.9340184,1.8962286,Plein jour,En agglomération,Intersection en X,Normale,Deux véhicules - frontale,4,2,3,1,2,1,1,5,1,50,2,2,1,0,1,0,64.0,20.0,deux_roues,voiture,1,2,2,1,1
202000034502,2020-08-31 16:50:00,2020,8,31,16,50,44,44184,RD 492 DU RP OCÉANIS AU RP EINSTEIN,47.26373,-2.25872,Plein jour,En agglomération,Hors intersection,Normale,Deux véhicules - arrière,3,1,1,3,1,1,1,9,1,50,2,3,0,0,0,3,85.0,44.0,voiture,voiture,1,2,1,1,2
202000034503,2020-09-02 09:35:00,2020,9,2,9,35,44,44109,Route de Saint Joseph,47.2437,-1.53382,Plein jour,En agglomération,Hors intersection,Normale,Autre collision,4,2,0,0,1,1,1,0,1,50,1,2,1,0,1,0,87.0,,voiture,,1,2,1,1,6
202000034504,2020-08-31 11:50:00,2020,8,31,11,50,37,37261,BORDIERS (RUE DES),47.428022,0.672593,Plein jour,En agglomération,Hors intersection,Temps éblouissant,Deux véhicules - côté,3,2,0,0,1,1,1,5,1,50,2,2,1,0,0,1,85.0,72.0,voiture,voiture,1,2,1,7,3
202000034505,2020-09-02 13:00:00,2020,9,2,13,0,35,35238,TROIS CROIX (BD DES),48.12784,-1.68332,Plein jour,En agglomération,Intersection en X,Normale,Deux véhicules - côté,4,2,0,0,1,1,1,5,1,50,2,2,0,0,0,2,43.0,19.0,voiture,voiture,1,2,2,1,3
202000034506,2020-09-02 13:45:00,2020,9,2,13,45,35,35238,NIVERNAIS (DU),48.12185,-1.71146,Plein jour,En agglomération,Hors intersection,Normale,Deux véhicules - frontale,4,1,1,0,1,1,1,0,1,30,2,3,2,0,0,1,33.0,58.0,utilitaire_camion,voiture,1,2,1,1,1
202000034507,2020-09-02 07:30:00,2020,9,2,7,30,35,35238,Passage Aristide Briand,48.11003,-1.66008,Plein jour,En agglomération,Hors intersection,Normale,Autre collision,4,2,2,0,1,1,1,0,1,50,1,2,1,0,1,0,48.0,,transport_commun,,1,2,1,1,6
202000034508,2020-09-01 21:05:00,2020,9,1,21,5,35,35238,BULGARIE (BD DE),48.0847,-1.65697,Nuit avec éclairage allumé,En agglomération,Intersection en T,Normale,Deux véhicules - côté,9,3,2,2,1,1,1,0,5,50,2,1,0,0,0,1,77.0,,voiture,,5,2,3,1,3
202000034509,2020-08-31 18:15:00,2020,8,31,18,15,34,34032,MOULIN JEAN (AV),43.35403,3.23533,Plein jour,En agglomération,Intersection en T,Normale,,4,2,2,0,1,1,1,0,1,50,2,4,3,0,1,0,23.0,56.0,deux_roues,voiture,1,2,3,1,-1
202000034510,2020-09-02 09:45:00,2020,9,2,9,45,33,33550,AVE DES PYRENEES / Bretelle Sortie E18 Rocade A630,44.77861,-0.56609,Plein jour,En agglomération,Intersection en X,Normale,Deux véhicules - côté,1,1,3,0,2,1,1,5,8,50,2,3,2,0,0,1,55.0,25.0,deux_roues,utilitaire_camion,1,2,2,1,3
202000034511,2020-08-20 06:50:00,2020,8,20,6,50,33,33162,AVE DE L'HIPPODROME,44.86131,-0.64206,Plein jour,En agglomération,Intersection en X,Normale,Autre collision,4,2,5,2,1,1,1,0,1,50,1,2,1,0,1,0,44.0,,utilitaire_camion,,1,2,2,1,6
202000034512,2020-09-02 17:35:00,2020,9,2,17,35,31,31483,BOUGUES  VICTOR(RUE),43.10641,0.73179,Plein jour,En agglomération,Hors intersection,Normale,Autre collision,4,2,2,0,1,1,1,0,3,50,1,1,0,0,0,1,46.0,,voiture,,1,2,1,1,6
202000034513,2020-09-02 14:15:00,2020,9,2,14,15,26,26362,94 Avenue de Romans,44.9345,4.9064,Plein jour,En agglomération,Hors intersection,Normale,Deux véhicules - côté,4,2,2,1,1,1,1,0,1,50,2,2,1,0,0,1,20.0,17.0,voiture,deux_roues,1,2,1,1,3
202000034514,2020-09-01 19:01:00,2020,9,1,19,1,25,25056,SAVARY RUE ALAIN,47.253292,6.000906,Plein jour,En agglomération,Hors intersection,Normale,Deux véhicules - frontale,4,2,2,0,1,1,1,0,1,50,2,2,0,0,0,2,22.0,26.0,voiture,voiture,1,2,1,1,1
202000034515,2020-08-28 17:00:00,2020,8,28,17,0,22,22215,COUBERTIN (RUE PIERRE DE),48.49728,-2.76515,Plein jour,En agglomération,Hors intersection,Normale,Autre collision,4,2,2,0,1,1,1,0,1,50,1,1,0,0,1,0,,,,,1,2,1,1,6
202000034516,2020-09-02 17:15:00,2020,9,2,17,15,17,17200,CLAVIER   AVENUE DU,46.18093,-1.16728,Plein jour,En agglomération,Intersection en X,Normale,Deux véhicules - côté,3,2,2,1,1,1,1,0,5,50,2,2,1,0,0,1,69.0,68.0,voiture,deux_roues,1,2,2,1,3
202000034517,2020-09-02 15:30:00,2020,9,2,15,30,13,13216,LITTORAL (CHEMIN DU),43.348467,5.343437,Plein jour,En agglomération,Hors intersection,Normale,Deux véhicules - côté,3,3,4,0,1,1,1,0,1,50,2,4,1,0,0,3,20.0,28.0,utilitaire_camion,voiture,1,2,1,1,3
202000034518,2020-09-01 14:30:00,2020,9,1,14,30,13,13210,JEAN EUGENE CABASSUD (BOULEVARD),43.2834,5.4129,Plein jour,En agglomération,Hors intersection,Normale,Deux véhicules - arrière,4,2,2,0,1,1,1,0,1,50,2,2,1,0,0,1,50.0,32.0,deux_roues,voiture,1,2,1,1,2
202000034519,2020-09-02 09:00:00,2020,9,2,9,0,13,13207,SAINT EUGEN (PLACE),43.284321,5.358181,Plein jour,En agglomération,Intersection en T,Normale,Deux véhicules - côté,4,-1,2,0,1,1,1,0,1,50,2,2,1,0,0,1,31.0,38.0,deux_roues,voiture,1,2,3,1,3
202000034520,2020-09-02 07:00:00,2020,9,2,7,0,13,13213,CROIX ROUGE (AVENUE),43.33346,5.439845,Plein jour,En agglomération,Hors intersection,Normale,Deux véhicules - côté,4,2,2,0,1,1,1,0,1,50,2,2,1,0,0,1,29.0,53.0,deux_roues,voiture,1,2,1,1,3
202000034521,2020-09-01 23:15:00,2020,9,1,23,15,13,13209,AGUILLON (BOULEVARD),43.26496,5.40983,Nuit avec éclairage allumé,En agglomération,Hors intersection,Normale,Sans collision,4,2,2,0,1,1,1,0,4,50,1,1,0,0,0,1,35.0,,voiture,,5,2,1,1,7
202000034522,2020-09-01 18:00:00,2020,9,1,18,0,11,11069,MELLIES JEAN,43.20611,2.31706,Plein jour,En agglomération,Hors intersection,Normale,Deux véhicules - arrière,4,2,2,0,1,1,1,0,1,50,2,3,1,0,0,2,24.0,51.0,voiture,voiture,1,2,1,1,2
202000034523,2020-09-01 12:34:00,2020,9,1,12,34,11,11069,MOULIN JEAN -AVENUE-,43.20893,2.36955,Plein jour,En agglomération,Hors intersection,Normale,Deux véhicules - frontale,4,2,0,0,1,1,1,0,1,50,2,2,1,0,0,1,60.0,27.0,deux_roues,voiture,1,2,1,1,1
202000034524,2020-09-02 18:10:00,2020,9,2,18,10,06,06123,GERBAULT ALAIN PROMENADE,43.67341,7.18981,Plein jour,En agglomération,Hors intersection,Normale,Deux véhicules - côté,7,1,2,0,1,1,1,0,1,50,2,2,1,0,1,0,48.0,19.0,voiture,deux_roues,1,2,1,1,3
202000034525,2020-09-02 12:40:00,2020,9,2,12,40,03,03185,Avenue Léon Blum,46.3383091,2.5743118,Plein jour,En agglomération,Intersection en X,Normale,Deux véhicules - côté,3,3,2,0,1,1,1,5,1,50,2,2,1,0,1,0,20.0,25.0,deux_roues,voiture,1,2,2,1,3
202000034526,2020-09-02 07:40:00,2020,9,2,7,40,01,01053,VOLTAIRE ( BD ) IMPAIR,46.2006398,5.2204424,Plein jour,En agglomération,Intersection en T,Normale,Deux véhicules - côté,3,2,2,0,2,1,1,0,1,50,2,2,1,0,0,1,16.0,54.0,deux_roues,voiture,1,2,3,1,3
202000034527,2020-09-02 09:50:00,2020,9,2,9,50,75,75113,QUAI D IVRY,48.826215,2.38778,Plein jour,En agglomération,Hors intersection,Normale,Deux véhicules - côté,4,1,3,0,1,1,1,0,1,70,2,2,1,0,0,1,48.0,28.0,voiture,deux_roues,1,2,1,1,3
202000034528,2020-08-31 08:30:00,2020,8,31,8,30,75,75114,BOULEVARD PERIPHERIQUE,48.821165,2.320514,Plein jour,En agglomération,Hors intersection,Normale,Deux véhicules - côté,4,1,4,0,1,1,1,0,1,70,2,2,1,0,0,1,54.0,39.0,deux_roues,voiture,1,2,1,1,3
202000034529,2020-09-02 21:20:00,2020,9,2,21,20,75,75118,RUE PAJOL,48.891269,2.363274,Nuit avec éclairage allumé,En agglomération,Intersection en X,Normale,Deux véhicules - côté,4,1,1,0,1,1,1,0,1,50,2,2,0,0,0,2,36.0,25.0,voiture,voiture,5,2,2,1,3
202000034530,2020-09-02 17:40:00,2020,9,2,17,40,75,75116,RUE DES VIGNES,48.8568,2.274012,Plein jour,En agglomération,Intersection en T,Normale,Deux véhicules - arrière,4,2,2,0,1,1,1,0,1,50,2,2,1,0,0,1,23.0,24.0,voiture,utilitaire_camion,1,2,3,1,2
202000034531,2020-09-02 17:30:00,2020,9,2,17,30,75,75116,AVENUE ALBERT DE MUN,48.86205,2.293221,Plein jour,En agglomération,Intersection en T,Normale,Deux véhicules - côté,4,2,2,2,2,1,1,0,5,50,2,2,1,0,0,1,41.0,25.0,deux_roues,voiture,1,2,3,1,3
202000034532,2020-09-02 14:25:00,2020,9,2,14,25,75,75116,PLACE CHARLES DE GAULLE,48.874038,2.294245,Plein jour,En agglomération,Place,Normale,Deux véhicules - arrière,4,1,4,0,1,3,1,0,1,50,2,2,1,0,0,1,50.0,37.0,voiture,deux_roues,1,2,7,1,2
202000034533,2020-09-02 19:00:00,2020,9,2,19,0,75,75115,BOULEVARD GARIBALDI,48.845669,2.308968,Plein jour,En agglomération,Hors intersection,Normale,Deux véhicules - côté,4,1,2,1,1,1,1,0,5,50,2,3,2,0,0,1,32.0,35.0,deux_roues,voiture,1,2,1,1,3