accident_id,datetime,annee,mois,jour,heure,minute,departement,commune_insee,adresse,latitude,longitude,luminosite,agglomeration,intersection,meteo,collision,catr,circ,nbv,vosp,prof,plan,surf,infra,situ,vma,nb_vehicules,nb_usagers,nb_indemnes,nb_tues,nb_blesses_hosp,nb_blesses_legers,age_cond_1,age_cond_2,veh_type_cond_1,veh_type_cond_2,lum_code,agg_code,int_code,atm_code,col_code
202000034534,2020-09-02 17:00:00,2020,9,2,17,0,75,75115,AVENUE DE LA PORTE BRANCION,48.825836,2.300389,Plein jour,En agglomération,Intersection en X,Normale,Deux véhicules - côté,4,2,2,0,1,1,1,0,1,50,2,2,1,0,0,1,27.0,29.0,deux_roues,utilitaire_camion,1,2,2,1,3
202000034535,2020-09-01 00:25:00,2020,9,1,0,25,75,75115,RUE DE LA CONVENTION,48.836753,2.298084,Nuit avec éclairage allumé,En agglomération,Intersection en X,Normale,Deux véhicules - côté,4,2,2,0,1,1,1,0,1,50,2,3,2,0,0,1,41.0,23.0,deux_roues,voiture,5,2,2,1,3
202000034536,2020-09-02 17:00:00,2020,9,2,17,0,75,75113,RUE DU CHATEAU DES RENTIERS,48.82514,2.369802,Plein jour,En agglomération,Intersection en X,Normale,Deux véhicules - côté,4,1,1,0,1,1,1,0,1,50,2,1,0,0,0,1,49.0,,deux_roues,,1,2,2,1,3
202000034537,2020-09-02 08:34:00,2020,9,2,8,34,75,75113,AVENUE D ITALIE,48.827429,2.356878,Plein jour,En agglomération,Intersection en T,Normale,Autre collision,4,2,6,2,2,1,1,0,5,50,1,2,1,0,0,1,29.0,,deux_roues,,1,2,3,1,6
202000034538,2020-09-02 17:45:00,2020,9,2,17,45,75,75112,RUE TAINE,48.838565,2.39317,Plein jour,En agglomération,Intersection en X,Normale,Deux véhicules - côté,4,2,2,0,2,1,1,0,1,50,2,2,1,0,0,1,31.0,53.0,voiture,deux_roues,1,2,2,1,3
202000034539,2020-09-02 14:20:00,2020,9,2,14,20,75,75112,AVENUE DAUMESNIL,48.838101,2.399654,Plein jour,En agglomération,Intersection en T,Normale,Deux véhicules - côté,4,2,2,1,2,1,1,0,1,50,2,2,1,0,0,1,53.0,26.0,voiture,deux_roues,1,2,3,1,3
202000034540,2020-09-02 11:45:00,2020,9,2,11,45,75,75112,RUE DE CHARENTON,48.834788,2.393357,Plein jour,En agglomération,Hors intersection,Normale,Deux véhicules - côté,4,2,2,0,2,1,1,0,1,50,2,2,1,0,0,1,39.0,52.0,deux_roues,utilitaire_camion,1,2,1,1,3
202000034541,2020-09-02 18:55:00,2020,9,2,18,55,75,75111,BOULEVARD VOLTAIRE,48.864156,2.369468,Plein jour,En agglomération,Hors intersection,Normale,Deux véhicules - côté,4,2,2,1,1,1,1,0,1,50,2,2,1,0,0,1,31.0,43.0,deux_roues,voiture,1,2,1,1,3
202000034542,2020-09-02 14:15:00,2020,9,2,14,15,75,75109,RUE LAFFITTE,48.872999,2.337657,Plein jour,En agglomération,Intersection en T,Normale,Deux véhicules - côté,4,1,2,1,1,1,1,8,1,50,2,2,1,0,0,1,68.0,81.0,deux_roues,voiture,1,2,3,1,3
202000034543,2020-09-02 17:10:00,2020,9,2,17,10,75,75108,PLACE DE LA CONCORDE,48.86687,2.321149,Plein jour,En agglomération,Place,Normale,Deux véhicules - côté,4,1,3,3,1,1,1,0,1,50,2,3,1,0,0,2,21.0,60.0,deux_roues,voiture,1,2,7,1,3
202000034544,2020-09-02 22:30:00,2020,9,2,22,30,75,75101,RUE DE RIVOLI,48.861253,2.339814,Nuit avec éclairage allumé,En agglomération,Intersection en T,Normale,Sans collision,4,2,3,1,1,1,1,0,5,50,1,1,0,0,0,1,34.0,,deux_roues,,5,2,3,1,7
202000034545,2020-09-02 14:41:00,2020,9,2,14,41,75,75101,RUE DE RIVOLI,48.861477,2.339131,Plein jour,En agglomération,Intersection en T,Normale,Sans collision,4,-1,3,1,1,1,1,0,1,30,1,1,0,0,0,1,69.0,,deux_roues,,1,2,3,1,7
202000034546,2020-09-02 22:40:00,2020,9,2,22,40,94,94068,Rue Baratte Cholet,48.797885,2.485794,Nuit avec éclairage allumé,En agglomération,Hors intersection,Normale,Autre collision,4,3,2,0,1,1,1,0,1,50,1,1,0,0,1,0,,,,,5,2,1,1,6
202000034547,2020-09-02 20:10:00,2020,9,2,20,10,94,94046,REPUBLIQUE (AV DE LA),48.80243,2.43362,Nuit sans éclairage public,En agglomération,Hors intersection,Normale,Deux véhicules - arrière,3,2,2,0,1,1,1,0,1,50,2,2,1,0,0,1,40.0,29.0,deux_roues,voiture,3,2,1,1,2
202000034548,2020-09-02 17:10:00,2020,9,2,17,10,94,94046,GAMBETTA (AV),48.80994,2.44353,Plein jour,En agglomération,Intersection en X,Normale,Deux véhicules - côté,4,2,2,0,1,1,1,0,1,50,2,2,1,0,0,1,14.0,44.0,deux_roues,voiture,1,2,2,1,3
202000034549,2020-09-01 23:32:00,2020,9,1,23,32,94,94076,PARIS (AV DE),48.8041,2.3641,Nuit avec éclairage allumé,En agglomération,Hors intersection,Normale,Deux véhicules - côté,3,3,4,2,1,1,1,0,1,50,2,2,1,0,0,1,33.0,20.0,deux_roues,utilitaire_camion,5,2,1,1,3
202000034550,2020-09-02 19:30:00,2020,9,2,19,30,94,94002,PIERRE COSMI (QU),48.814764,2.411584,Plein jour,En agglomération,Hors intersection,Normale,Deux véhicules - frontale,4,-1,0,1,1,2,1,2,5,30,2,2,1,0,0,1,60.0,12.0,deux_roues,deux_roues,1,2,1,1,1
202000034551,2020-09-01 11:20:00,2020,9,1,11,20,94,94002,ETIENNE DOLET (R),48.79215,2.42569,Plein jour,En agglomération,Hors intersection,Normale,Deux véhicules - arrière,4,2,2,0,1,1,1,0,1,50,2,2,1,0,0,1,47.0,46.0,voiture,voiture,1,2,1,1,2
202000034552,2020-09-02 12:00:00,2020,9,2,12,0,93,93078,SEVRAN (ROUTE DE),48.9533,2.5323,Plein jour,En agglomération,Intersection en T,Normale,Deux véhicules - côté,3,2,2,0,1,1,1,0,1,50,2,3,2,0,0,1,31.0,60.0,voiture,voiture,1,2,3,1,3
202000034553,2020-09-02 15:00:00,2020,9,2,15,0,93,93048,ETIENNE MARCEL (RUE),48.85743,2.42408,Plein jour,En agglomération,Hors intersection,Normale,Deux véhicules - frontale,4,1,1,1,1,1,1,6,1,20,2,2,1,0,1,0,38.0,40.0,voiture,deux_roues,1,2,1,1,1
202000034554,2020-09-02 19:30:00,2020,9,2,19,30,92,92073,ROOSVELT (AVENUE FRANKLIN),48.873342,2.221437,Plein jour,En agglomération,Hors intersection,Normale,Deux véhicules - côté,3,2,3,0,2,1,1,0,1,50,2,2,1,0,0,1,43.0,33.0,deux_roues,voiture,1,2,1,1,3
202000034555,2020-09-02 16:21:00,2020,9,2,16,21,92,92051,"ROULE (AVENUE DU, N° 29 A 91 ET 30 A 86)",48.882647,2.276844,Plein jour,En agglomération,Hors intersection,Normale,Deux véhicules - arrière,4,-1,2,0,1,1,1,0,1,50,2,5,1,0,0,4,37.0,33.0,voiture,voiture,1,2,1,1,2
202000034556,2020-09-01 09:00:00,2020,9,1,9,0,92,92050,CLEMENCEAU GEORGES AVENUE N° PAIR,48.8865153,2.2089922,Plein jour,En agglomération,Intersection à plus de 4 branches,Normale,Deux véhicules - côté,3,3,5,1,1,1,1,0,1,50,2,2,1,0,0,1,45.0,59.0,deux_roues,voiture,1,2,5,1,3
202000034557,2020-09-02 21:04:00,2020,9,2,21,4,92,92026,MISSION MARCHAND (COTE IMPAIR),48.90219,2.23952,Nuit avec éclairage allumé,En agglomération,Intersection à plus de 4 branches,Normale,Deux véhicules - côté,3,3,4,0,1,1,1,0,1,50,2,6,4,0,0,2,27.0,22.0,utilitaire_camion,voiture,5,2,5,1,3
202000034558,2020-09-02 08:15:00,2020,9,2,8,15,92,92025,PAUL BERT (RUE),48.92741,2.24702,Plein jour,En agglomération,Intersection en X,Normale,Deux véhicules - côté,3,2,8,0,1,1,1,5,1,50,2,2,0,0,0,2,55.0,55.0,voiture,voiture,1,2,2,1,3
202000034559,2020-09-02 08:10:00,2020,9,2,8,10,92,92012,PIERRE GRENIER (AVENUE),48.8307068,2.2521154,Plein jour,En agglomération,Hors intersection,Normale,Deux véhicules - arrière,3,2,2,2,1,1,1,0,1,50,2,1,0,0,0,1,50.0,,utilitaire_camion,,1,2,1,1,2
202000034560,2020-09-03 09:20:00,2020,9,3,9,20,11,11156,D203,43.3204295,2.2770989,Plein jour,Hors agglomération,Hors intersection,Normale,Sans collision,3,2,2,0,1,1,1,0,3,80,1,1,0,0,1,0,47.0,,deux_roues,,1,1,1,1,7
202000034561,2020-09-01 20:34:00,2020,9,1,20,34,22,22213,Rue du Pont Saint-hubert,48.534242,-1.978587,Nuit avec éclairage non allumé,En agglomération,Hors intersection,Normale,Sans collision,3,2,2,1,1,1,1,0,5,50,1,1,0,0,1,0,67.0,,deux_roues,,4,2,1,1,7
202000034562,2020-08-24 11:05:00,2020,8,24,11,5,11,11418,"A 61 , PK 299.500",43.243608,2.076545,Plein jour,Hors agglomération,Hors intersection,Normale,Deux véhicules - arrière,1,3,4,0,1,1,1,0,1,130,2,3,2,0,0,1,32.0,25.0,voiture,voiture,1,1,1,1,2
202000034563,2020-09-03 19:35:00,2020,9,3,19,35,67,67362,D159,48.248787,7.356425,Crépuscule ou aube,Hors agglomération,Hors intersection,Normale,Sans collision,3,2,2,0,2,3,1,0,1,80,1,1,0,0,1,0,52.0,,deux_roues,,2,1,1,1,7
202000034564,2020-09-03 07:50:00,2020,9,3,7,50,26,26337,autoroute du Soleil,44.728359,4.787663,Plein jour,Hors agglomération,Hors intersection,Normale,Deux véhicules - arrière,1,3,5,0,1,1,1,0,1,130,2,3,0,0,1,2,37.0,21.0,utilitaire_camion,utilitaire_camion,1,1,1,1,2
202000034565,2020-09-02 20:15:00,2020,9,2,20,15,62,62408,Route de Guines,50.902329,1.880937,Plein jour,En agglomération,Hors intersection,Normale,Autre collision,3,2,2,0,1,2,1,0,1,50,1,1,0,0,1,0,35.0,,deux_roues,,1,2,1,1,6
202000034566,2020-09-02 19:30:00,2020,9,2,19,30,62,62208,Chemin d'Estree Wamin,50.277133,2.369609,Plein jour,En agglomération,Intersection en Y,Normale,Autre collision,3,2,-1,-1,1,3,1,0,1,-1,1,1,0,0,1,0,28.0,,deux_roues,,1,2,4,1,6
202000034567,2020-02-14 15:45:00,2020,2,14,15,45,03,03158,,46.4846124,2.6557068,Plein jour,Hors agglomération,Hors intersection,Normale,Sans collision,3,-1,2,0,2,4,9,9,8,-1,1,1,0,0,1,0,55.0,,deux_roues,,1,1,1,1,7
202000034568,2020-08-27 13:45:00,2020,8,27,13,45,57,57118,Rue de l'Ecole,49.347941,6.355033,Plein jour,En agglomération,Hors intersection,Normale,Sans collision,3,2,1,0,1,1,1,0,1,50,1,1,0,0,0,1,71.0,,deux_roues,,1,2,1,1,7
202000034569,2020-02-14 14:00:00,2020,2,14,14,0,15,15188,RD250,45.023521,3.120794,Plein jour,Hors agglomération,Hors intersection,Normale,Autre collision,3,2,2,0,2,2,1,0,3,90,1,1,0,0,1,0,84.0,,voiture,,1,1,1,1,6
202000034570,2020-09-01 20:45:00,2020,9,1,20,45,51,51391,N31,49.2735469,3.882365,Crépuscule ou aube,Hors agglomération,Intersection en X,Normale,Deux véhicules - côté,2,4,3,0,2,1,1,5,1,70,2,2,1,0,1,0,52.0,24.0,voiture,deux_roues,2,1,2,1,3
202000034571,2020-02-13 18:30:00,2020,2,13,18,30,01,01408,D42,46.251114,5.423931,Nuit sans éclairage public,Hors agglomération,Hors intersection,Pluie légère,Deux véhicules - frontale,3,2,2,0,1,1,2,0,1,80,2,2,1,0,0,1,51.0,77.0,utilitaire_camion,voiture,3,1,1,2,1
202000034572,2020-09-01 09:10:00,2020,9,1,9,10,51,51518,D944,49.3102146,3.9845072,Plein jour,Hors agglomération,Hors intersection,Normale,Sans collision,3,2,2,0,1,1,1,5,1,80,1,1,0,0,1,0,55.0,,deux_roues,,1,1,1,1,7
202000034573,2020-09-03 13:20:00,2020,9,3,13,20,56,56072,lieu-dit Keriffé,48.10095,-2.791557,Plein jour,Hors agglomération,Intersection en T,Normale,Deux véhicules - frontale,4,2,2,0,2,2,1,0,1,50,2,2,1,1,0,0,42.0,41.0,voiture,deux_roues,1,1,3,1,1
202000034574,2020-02-14 05:10:00,2020,2,14,5,10,50,50064,D330,49.39782,-1.455474,Nuit sans éclairage public,Hors agglomération,Hors intersection,Normale,Autre collision,3,2,2,0,1,3,1,0,1,70,1,1,0,0,1,0,53.0,,utilitaire_camion,,3,1,1,1,6
202000034575,2020-02-14 04:40:00,2020,2,14,4,40,60,60667,D123,49.3110561,2.7472992,Nuit sans éclairage public,Hors agglomération,Hors intersection,Pluie légère,Autre collision,3,2,2,0,1,1,2,0,1,90,1,1,0,0,0,1,22.0,,voiture,,3,1,1,2,6
202000034576,2020-09-02 20:50:00,2020,9,2,20,50,74,74178,D910,45.961521,5.940294,Crépuscule ou aube,Hors agglomération,Hors intersection,Normale,Autre collision,4,2,2,0,1,1,1,0,8,80,1,1,0,0,1,0,51.0,,voiture,,2,1,1,1,6
202000034577,2020-09-02 17:45:00,2020,9,2,17,45,82,82152,Lieu Dit Las Parets,44.021066,1.075485,Plein jour,Hors agglomération,Intersection en X,Temps éblouissant,Deux véhicules - côté,3,2,2,0,2,3,1,0,1,80,2,6,4,0,1,1,81.0,49.0,voiture,voiture,1,1,2,7,3
202000034578,2020-09-02 10:45:00,2020,9,2,10,45,82,82108,2 Route de Montech,44.0882242,1.2388783,Plein jour,En agglomération,Place,Normale,Autre collision,6,-1,-1,0,1,1,1,0,8,-1,1,2,1,0,1,0,85.0,,voiture,,1,2,7,1,6
202000034579,2020-09-03 07:45:00,2020,9,3,7,45,33,33140,69 Route de la Forêt,44.78366,-0.32567,Crépuscule ou aube,Hors agglomération,Hors intersection,Normale,Autre collision,3,2,2,0,2,1,1,9,3,70,1,1,0,1,0,0,24.0,,voiture,,2,1,1,1,6
202000034580,2020-02-12 18:30:00,2020,2,12,18,30,18,18075,Impasse des Crots Jaunes,47.031426,3.027805,Nuit avec éclairage allumé,En agglomération,Hors intersection,Normale,Deux véhicules - frontale,4,2,2,0,1,3,1,0,1,50,2,2,1,0,0,1,24.0,46.0,voiture,voiture,5,2,1,1,1
202000034581,2020-02-14 16:45:00,2020,2,14,16,45,04,04141,RD 950,44.0118095,5.6976835,Plein jour,Hors agglomération,Hors intersection,Normale,Sans collision,3,2,2,0,1,2,1,0,3,80,1,1,0,0,1,0,61.0,,deux_roues,,1,1,1,1,7
202000034582,2020-08-31 13:35:00,2020,8,31,13,35,71,71269,D 906,46.754369,4.846693,Plein jour,En agglomération,Hors intersection,Normale,Autre collision,3,3,2,0,1,1,1,0,1,50,1,2,1,0,1,0,30.0,,voiture,,1,2,1,1,6
202000034583,2020-01-22 16:20:00,2020,1,22,16,20,28,28136,D309.4,48.708153,1.416786,Crépuscule ou aube,Hors agglomération,Hors intersection,Temps éblouissant,Deux véhicules - arrière,3,2,2,0,2,1,1,0,1,80,2,2,1,0,1,0,72.0,77.0,deux_roues,voiture,2,1,1,7,2
202000034584,2020-02-13 15:45:00,2020,2,13,15,45,87,87078,Le Chene Vert,45.977281,0.944974,Plein jour,Hors agglomération,Hors intersection,Pluie légère,Sans collision,3,2,2,0,1,2,2,0,3,80,1,1,0,0,0,1,32.0,,voiture,,1,1,1,2,7
202000034585,2020-09-03 08:35:00,2020,9,3,8,35,89,89283,D85,47.643374,3.384653,Plein jour,Hors agglomération,Intersection en X,Normale,Deux véhicules - côté,3,2,2,0,1,1,1,0,1,80,2,3,1,0,1,1,38.0,41.0,voiture,voiture,1,1,2,1,3
202000034586,2020-02-14 18:30:00,2020,2,14,18,30,87,87109,Oradour-Saint-Genest,46.259244,1.038015,Nuit sans éclairage public,Hors agglomération,Hors intersection,Normale,Autre collision,3,2,2,0,1,1,1,0,3,80,1,1,0,1,0,0,61.0,,voiture,,3,1,1,1,6
202000034587,2020-02-11 00:40:00,2020,2,11,0,40,10,10083,Autoroute A5 de Melun à Langres,48.187434,4.280033,Nuit sans éclairage public,Hors agglomération,Hors intersection,Pluie légère,Autre collision,1,3,4,0,1,1,2,0,1,130,1,1,0,0,0,1,63.0,,utilitaire_camion,,3,1,1,2,6
202000034588,2020-09-02 20:32:00,2020,9,2,20,32,63,63258,D906,45.6981157,3.5906628,Crépuscule ou aube,Hors agglomération,Hors intersection,Normale,Trois véhicules et plus - collisions multiples,3,2,2,0,2,3,1,0,1,50,3,3,0,1,0,2,33.0,26.0,utilitaire_camion,voiture,2,1,1,1,5
202000034589,2020-09-01 20:15:00,2020,9,1,20,15,61,61484,78 Le Genetet,48.305349,0.714363,Crépuscule ou aube,Hors agglomération,Hors intersection,Normale,Sans collision,3,2,2,0,2,2,1,0,1,90,1,1,0,0,0,1,39.0,,voiture,,2,1,1,1,7
202000034590,2020-09-03 02:15:00,2020,9,3,2,15,12,12208,D54,43.988492,2.777224,Nuit sans éclairage public,Hors agglomération,Hors intersection,Normale,Autre collision,3,2,2,0,2,1,9,0,3,80,1,1,0,0,1,0,24.0,,voiture,,3,1,1,1,6
202000034591,2020-02-14 08:50:00,2020,2,14,8,50,60,60030,Autoroute A16,49.3453029,2.1073678,Plein jour,Hors agglomération,Hors intersection,Temps couvert,Sans collision,1,3,2,0,1,1,2,0,1,110,1,2,0,0,0,2,18.0,,voiture,,1,1,1,8,7
202000034592,2020-09-02 15:15:00,2020,9,2,15,15,12,12076,D606,44.583178,2.373047,Plein jour,Hors agglomération,Hors intersection,Normale,Sans collision,3,2,2,0,2,2,9,0,1,80,1,1,0,0,0,1,29.0,,deux_roues,,1,1,1,1,7
202000034593,2020-02-13 12:50:00,2020,2,13,12,50,67,67106,A35,48.7729625,7.9413546,Plein jour,Hors agglomération,Hors intersection,Temps couvert,Autre collision,1,3,2,0,1,1,2,0,8,130,1,4,0,1,0,3,21.0,,voiture,,1,1,1,8,6
202000034594,2020-02-11 18:00:00,2020,2,11,18,0,34,34159,D612,43.525215,3.817878,Crépuscule ou aube,Hors agglomération,Hors intersection,Normale,Deux véhicules - arrière,3,3,2,0,1,1,1,0,1,110,2,2,1,0,0,1,46.0,60.0,voiture,deux_roues,2,1,1,1,2
202000034595,2020-09-02 08:35:00,2020,9,2,8,35,44,44015,Avenue de la République,47.473988,-1.763512,Crépuscule ou aube,En agglomération,Hors intersection,Temps éblouissant,Autre collision,4,2,2,0,1,1,1,0,1,50,1,2,1,0,1,0,49.0,,voiture,,2,2,1,7,6
202000034596,2020-02-09 10:24:00,2020,2,9,10,24,06,06152,Route de Biot,43.642706,7.025226,Plein jour,Hors agglomération,Hors intersection,Normale,,3,2,2,0,3,1,1,0,1,50,2,1,0,0,0,1,39.0,,deux_roues,,1,1,1,1,-1
202000034597,2020-02-13 11:24:00,2020,2,13,11,24,79,79125,,46.236957,-0.43482,Plein jour,Hors agglomération,Autre intersection,Vent fort / tempête,Sans collision,1,2,2,0,1,2,2,3,2,70,1,1,0,0,0,1,29.0,,deux_roues,,1,1,9,6,7
202000034598,2020-02-13 19:45:00,2020,2,13,19,45,973,97360,97 Avenue Francois Mitterand,5.162481,-54.337971,Nuit avec éclairage allumé,En agglomération,Hors intersection,Normale,Deux véhicules - côté,4,2,2,0,1,1,1,0,3,50,2,1,0,0,1,0,15.0,,deux_roues,,5,2,1,1,3
202000034599,2020-09-02 18:00:00,2020,9,2,18,0,29,29049,2 Rue Pierre Loti,47.994811,-3.88849,Plein jour,En agglomération,Hors intersection,Normale,Deux véhicules - côté,3,2,2,0,2,1,1,0,1,50,2,6,5,0,0,1,17.0,28.0,deux_roues,voiture,1,2,1,1,3
202000034600,2020-08-04 10:20:00,2020,8,4,10,20,38,38439,Rue du Vieux Moulin,45.3683376,6.0005275,Plein jour,Hors agglomération,Hors intersection,Normale,Deux véhicules - côté,3,2,2,0,3,3,1,0,1,50,2,2,1,0,1,0,55.0,17.0,voiture,deux_roues,1,1,1,1,3
202000034601,2020-09-02 20:15:00,2020,9,2,20,15,02,02286,Route de Foucommé,49.988052,3.738479,Plein jour,Hors agglomération,Hors intersection,Normale,Autre collision,3,2,2,0,1,1,1,0,3,80,1,1,0,0,1,0,58.0,,deux_roues,,1,1,1,1,6
202000034602,2020-02-14 06:10:00,2020,2,14,6,10,42,42056,D1086,45.418324,4.737972,Nuit avec éclairage allumé,Hors agglomération,Hors intersection,Pluie légère,Trois véhicules et plus - collisions multiples,3,2,2,0,1,2,2,0,1,50,3,3,1,0,0,2,47.0,33.0,utilitaire_camion,utilitaire_camion,5,1,1,2,5
202000034603,2020-02-14 09:45:00,2020,2,14,9,45,988,98831,ROUTE TERRITORIALE N°1,-20.885761,164.659736,Plein jour,Hors agglomération,Hors intersection,Normale,Autre collision,2,2,2,0,3,2,1,0,3,110,1,3,0,1,2,0,24.0,,voiture,,1,1,1,1,6
202000034604,2020-09-02 16:45:00,2020,9,2,16,45,15,15248,Départementale 134,45.054197,2.92114,Plein jour,Hors agglomération,Hors intersection,Normale,Deux véhicules - côté,3,2,2,0,1,1,1,0,1,90,2,2,1,0,1,0,24.0,62.0,utilitaire_camion,deux_roues,1,1,1,1,3
202000034605,2020-02-14 07:35:00,2020,2,14,7,35,33,33203,Route de Vendays,45.20145,-1.07348,Nuit sans éclairage public,Hors agglomération,Hors intersection,Brouillard / fumée,Deux véhicules - côté,3,2,2,0,1,1,1,0,1,80,2,2,1,0,1,0,20.0,69.0,utilitaire_camion,deux_roues,3,1,1,5,3
202000034606,2020-09-01 10:18:00,2020,9,1,10,18,70,70408,D12,47.287461,5.591942,Plein jour,Hors agglomération,Hors intersection,Normale,Sans collision,3,-1,2,0,1,1,1,0,8,80,1,1,0,0,1,0,85.0,,voiture,,1,1,1,1,7
202000034607,2020-09-03 16:34:00,2020,9,3,16,34,58,58142,D18,46.95886,3.755329,Plein jour,Hors agglomération,Hors intersection,Normale,Autre collision,3,2,2,0,1,1,1,0,3,80,1,1,0,0,1,0,18.0,,voiture,,1,1,1,1,6
202000034608,2020-09-03 12:45:00,2020,9,3,12,45,58,58232,15 Rue Francois Mitterrand,47.005796,3.392377,Plein jour,En agglomération,Hors intersection,Normale,Deux véhicules - côté,3,2,2,0,3,3,1,0,1,50,2,4,2,1,1,0,67.0,31.0,voiture,voiture,1,2,1,1,3
202000034609,2020-09-03 19:25:00,2020,9,3,19,25,58,58072,RD 13,46.937019,3.214788,Plein jour,Hors agglomération,Hors intersection,Normale,Autre collision,3,2,2,0,1,3,1,0,3,80,1,1,0,1,0,0,40.0,,voiture,,1,1,1,1,6
202000034610,2020-02-12 19:35:00,2020,2,12,19,35,91,91207,N20,48.585337,2.233851,Nuit sans éclairage public,Hors agglomération,Hors intersection,Normale,Trois véhicules et plus - en chaîne,2,1,4,0,2,1,1,0,1,90,3,3,2,0,1,0,47.0,49.0,utilitaire_camion,utilitaire_camion,3,1,1,1,4
202000034611,2020-02-14 11:30:00,2020,2,14,11,30,2A,2A247,Rue Renuccio- Della - Rocca,41.599073,9.273062,Plein jour,En agglomération,Intersection en T,Normale,Autre collision,3,2,2,0,1,1,1,0,1,50,1,2,1,0,0,1,69.0,,voiture,,1,2,3,1,6
202000034612,2020-02-12 20:10:00,2020,2,12,20,10,83,83019,Avenue des Lauriers,43.1227785,6.3563449,Nuit avec éclairage allumé,En agglomération,Hors intersection,Normale,Autre collision,4,2,1,0,1,1,1,0,4,50,1,1,0,1,0,0,42.0,,deux_roues,,5,2,1,1,6
202000034613,2020-02-14 11:00:00,2020,2,14,11,0,89,89111,A5,48.238415,3.456853,Plein jour,Hors agglomération,Hors intersection,Normale,Autre collision,1,3,4,3,1,1,1,0,1,130,1,1,0,0,0,1,49.0,,voiture,,1,1,1,1,6
202000034614,2020-09-03 17:55:00,2020,9,3,17,55,50,50087,Route des Haguenées,49.563744,-1.582814,Plein jour,Hors agglomération,Hors intersection,Normale,Deux véhicules - frontale,3,2,2,0,1,1,1,0,1,80,2,4,3,1,0,0,69.0,72.0,voiture,voiture,1,1,1,1,1
202000034615,2020-09-02 12:40:00,2020,9,2,12,40,60,60129,D145,49.5260172,3.0257979,Plein jour,Hors agglomération,Hors intersection,Normale,Deux véhicules - côté,9,2,2,0,1,3,1,9,6,80,2,2,1,0,0,1,17.0,52.0,voiture,utilitaire_camion,1,1,1,1,3
202000034616,2020-02-13 19:28:00,2020,2,13,19,28,08,08263,A34,49.733953,4.799223,Nuit sans éclairage public,Hors agglomération,Hors intersection,Pluie légère,Sans collision,1,3,4,0,1,1,2,0,3,130,1,1,0,0,1,0,57.0,,voiture,,3,1,1,2,7
202000034617,2020-02-14 15:00:00,2020,2,14,15,0,55,55122,Départementale 958,48.743144,5.571313,Plein jour,Hors agglomération,Hors intersection,Normale,Autre collision,3,2,2,0,1,2,2,0,8,80,1,1,0,0,1,0,47.0,,voiture,,1,1,1,1,6
202000034618,2020-09-03 12:00:00,2020,9,3,12,0,04,04217,RD 17 / Place du mitan,44.136257,6.132576,Plein jour,En agglomération,Intersection en T,Normale,Deux véhicules - côté,3,2,2,0,1,1,1,0,1,30,2,2,0,0,0,2,24.0,58.0,voiture,deux_roues,1,2,3,1,3
202000034619,2020-02-12 17:50:00,2020,2,12,17,50,74,74250,Avenue du Mont-blanc,46.073072,6.393359,Crépuscule ou aube,En agglomération,Hors intersection,Normale,Deux véhicules - côté,3,2,2,0,1,1,1,0,1,50,2,2,1,0,1,0,36.0,16.0,voiture,deux_roues,2,2,1,1,3
202000034620,2020-09-03 17:15:00,2020,9,3,17,15,82,82033,A62 - PK 169+300,44.055333,1.102474,Plein jour,Hors agglomération,Hors intersection,Temps éblouissant,Autre collision,1,3,2,0,1,1,1,0,3,130,1,1,0,1,0,0,62.0,,deux_roues,,1,1,1,7,6
202000034621,2020-09-03 11:10:00,2020,9,3,11,10,13,13001,A8,43.511775,5.450066,Plein jour,Hors agglomération,Hors intersection,Normale,Deux véhicules - arrière,1,3,4,0,1,1,1,0,1,90,2,2,1,0,0,1,51.0,29.0,voiture,deux_roues,1,1,1,1,2
202000034622,2020-09-02 15:20:00,2020,9,2,15,20,37,37173,,47.1465636,1.2967177,Plein jour,Hors agglomération,Hors intersection,Normale,Deux véhicules - frontale,3,2,2,0,2,1,1,0,1,80,2,3,2,0,1,0,24.0,37.0,voiture,utilitaire_camion,1,1,1,1,1
202000034623,2020-02-13 17:40:00,2020,2,13,17,40,42,42323,Rue Charles Nungesser,45.558026,4.308221,Crépuscule ou aube,Hors agglomération,Hors intersection,Vent fort / tempête,Deux véhicules - frontale,3,2,2,0,1,1,1,0,1,80,2,2,1,1,0,0,64.0,43.0,voiture,utilitaire_camion,2,1,1,6,1
202000034624,2020-09-03 18:20:00,2020,9,3,18,20,38,38173,D1091,45.04073,6.12449,Crépuscule ou aube,Hors agglomération,Hors intersection,Normale,Autre collision,3,2,2,0,2,3,1,0,3,80,1,1,0,0,0,1,32.0,,deux_roues,,2,1,1,1,6
202000034625,2020-09-03 17:00:00,2020,9,3,17,0,30,30326,A9,44.005611,4.708307,Plein jour,Hors agglomération,Hors intersection,Normale,Deux véhicules - arrière,1,3,4,0,2,1,1,0,1,130,2,2,1,0,0,1,42.0,52.0,utilitaire_camion,voiture,1,1,1,1,2
202000034626,2020-02-14 18:30:00,2020,2,14,18,30,31,31395,Chemin de Barrada,43.466368,1.262569,Crépuscule ou aube,Hors agglomération,Hors intersection,Normale,Deux véhicules - frontale,3,2,2,0,1,1,1,0,1,-1,2,2,1,1,0,0,57.0,26.0,deux_roues,voiture,2,1,1,1,1