accident_id,datetime,annee,mois,jour,heure,minute,departement,commune_insee,adresse,latitude,longitude,luminosite,agglomeration,intersection,meteo,collision,catr,circ,nbv,vosp,prof,plan,surf,infra,situ,vma,nb_vehicules,nb_usagers,nb_indemnes,nb_tues,nb_blesses_hosp,nb_blesses_legers,age_cond_1,age_cond_2,veh_type_cond_1,veh_type_cond_2,lum_code,agg_code,int_code,atm_code,col_code
202000034719,2020-08-28 20:35:00,2020,8,28,20,35,988,98818,VOIE DE DEGAGEMENT EST/RUE CHARLEROI,-22.27891,166.46261,Nuit avec éclairage allumé,En agglomération,Intersection en T,Pluie forte,Deux véhicules - frontale,4,2,2,1,1,1,2,5,1,50,2,4,3,0,0,1,60.0,21.0,voiture,voiture,5,2,3,3,1
202000034720,2020-02-12 07:05:00,2020,2,12,7,5,37,37261,WAGNER (BOULEVARD RICHARD),47.3741447,0.6986647,Plein jour,En agglomération,Intersection en T,Normale,Deux véhicules - côté,3,2,4,0,1,1,1,0,1,50,2,1,0,0,0,1,45.0,,utilitaire_camion,,1,2,3,1,3
202000034721,2020-02-12 17:50:00,2020,2,12,17,50,35,35278,RN 136 PORTE DE MAUREPAS,48.1416,-1.6707,Plein jour,Hors agglomération,Hors intersection,Normale,Deux véhicules - côté,2,3,4,0,1,1,1,0,1,90,2,2,1,0,0,1,21.0,22.0,voiture,utilitaire_camion,1,1,1,1,3
202000034722,2020-02-12 15:20:00,2020,2,12,15,20,35,35238,VITRE (BLD DE),48.12257,-1.65125,Plein jour,En agglomération,Giratoire,Normale,Sans collision,4,2,2,0,1,2,1,0,1,50,1,1,0,0,0,1,39.0,,autre,,1,2,6,1,7
202000034723,2020-08-27 14:57:00,2020,8,27,14,57,988,98818,RUE PELATAN/RUE AMPERE,-22.23099,166.44959,Plein jour,En agglomération,Intersection en T,Normale,Deux véhicules - côté,4,2,2,0,1,1,1,0,1,50,2,2,1,0,1,0,45.0,49.0,deux_roues,utilitaire_camion,1,2,3,1,3
202000034724,2020-09-01 17:05:00,2020,9,1,17,5,974,97416,Route de la Ligne Paradis,-21.30345,55.4602,Plein jour,Hors agglomération,Intersection en T,Normale,Deux véhicules - côté,2,3,4,0,2,1,1,3,1,110,2,3,2,0,1,0,24.0,47.0,voiture,deux_roues,1,1,3,1,3
202000034725,2020-02-12 12:30:00,2020,2,12,12,30,33,33063,AVE DES QUARANTES JOURNAUX / AVE MARCEL DASSAULT,44.8834079,-0.5715453,Plein jour,En agglomération,Intersection en T,Normale,Deux véhicules - côté,4,2,5,2,1,1,1,5,1,50,2,2,1,0,0,1,20.0,70.0,voiture,voiture,1,2,3,1,3
202000034726,2020-09-01 15:58:00,2020,9,1,15,58,974,97411,PONT (RUE DU),-20.8782954,55.445462,Plein jour,En agglomération,Hors intersection,Normale,Deux véhicules - frontale,4,1,2,0,3,3,1,0,1,50,2,2,1,0,0,1,30.0,51.0,deux_roues,voiture,1,2,1,1,1
202000034727,2020-02-12 11:40:00,2020,2,12,11,40,33,33063,BD ANTOINE GAUTIER / RUE GENERAL DE LARMINAT,44.83336,-0.5986,Plein jour,En agglomération,Intersection en X,Normale,Deux véhicules - côté,4,3,8,2,2,1,1,5,1,50,2,2,1,0,1,0,74.0,61.0,deux_roues,voiture,1,2,2,1,3
202000034728,2020-02-12 08:54:00,2020,2,12,8,54,33,33063,CRS DE VERDUN,44.85095,-0.5744,Crépuscule ou aube,En agglomération,Hors intersection,Pluie légère,Autre collision,4,2,7,-1,1,1,2,-1,1,50,1,2,1,0,0,1,36.0,,transport_commun,,2,2,1,2,6
202000034729,2020-02-12 16:50:00,2020,2,12,16,50,32,32013,ROCADE (RN 124 OUEST),43.6654,0.5702,Plein jour,Hors agglomération,Hors intersection,Normale,Trois véhicules et plus - collisions multiples,2,2,2,0,1,1,1,0,1,80,3,4,3,0,0,1,41.0,53.0,utilitaire_camion,utilitaire_camion,1,1,1,1,5
202000034730,2020-08-31 10:20:00,2020,8,31,10,20,973,97302,BRUTUS (CITE),4.9343038,-52.3172808,Plein jour,En agglomération,Hors intersection,Temps éblouissant,Deux véhicules - arrière,4,2,-1,0,1,1,1,0,1,50,2,3,1,0,0,2,31.0,18.0,voiture,deux_roues,1,2,1,7,2
202000034731,2020-02-11 17:30:00,2020,2,11,17,30,31,31555,VA007331 A620,43.62384,1.41796,Plein jour,Hors agglomération,Hors intersection,Normale,Trois véhicules et plus - collisions multiples,1,3,3,0,1,1,1,0,1,90,4,4,3,0,0,1,23.0,28.0,voiture,deux_roues,1,1,1,1,5
202000034732,2020-09-01 21:50:00,2020,9,1,21,50,69,69387,MARCEL MERIEUX                      (R ),45.7343101,4.8296352,Nuit avec éclairage allumé,En agglomération,Intersection en X,Normale,Deux véhicules - côté,4,-1,2,0,1,1,1,0,1,50,2,2,1,0,1,0,27.0,21.0,utilitaire_camion,deux_roues,5,2,2,1,3
202000034733,2020-01-17 17:00:00,2020,1,17,17,0,27,27229,POLITZER (RUE GEORGES),49.00668,1.14653,Crépuscule ou aube,En agglomération,Hors intersection,Pluie légère,Autre collision,4,3,4,0,1,1,2,0,1,50,1,2,1,0,1,0,19.0,,voiture,,2,2,1,2,6
202000034734,2020-09-01 14:20:00,2020,9,1,14,20,69,69387,GAMBETTA                            (CO),45.75564,4.8421,Plein jour,En agglomération,Hors intersection,Normale,Autre collision,4,1,1,1,1,1,1,0,1,50,1,2,1,0,0,1,32.0,,deux_roues,,1,2,1,1,6
202000034735,2020-02-12 17:15:00,2020,2,12,17,15,25,25056,RELANCONS CHEMIN DES,47.27147,6.04478,Plein jour,En agglomération,Hors intersection,Temps couvert,Deux véhicules - arrière,9,2,2,0,2,1,1,9,1,30,2,3,0,0,0,3,25.0,46.0,voiture,voiture,1,2,1,8,2
202000034736,2020-09-01 11:45:00,2020,9,1,11,45,69,69386,JULES FAVRE                         (BD),45.76535,4.85896,Plein jour,En agglomération,Hors intersection,Normale,Autre collision,4,1,2,3,1,1,1,0,1,50,1,2,1,0,0,1,43.0,,voiture,,1,2,1,1,6
202000034737,2020-02-12 12:30:00,2020,2,12,12,30,14,14118,LEROY (BOULEVARD),49.17179,-0.34857,Plein jour,En agglomération,Intersection en X,Normale,Deux véhicules - côté,4,2,0,0,1,1,1,0,1,50,2,2,1,0,0,1,12.0,66.0,deux_roues,voiture,1,2,2,1,3
202000034738,2020-02-12 00:20:00,2020,2,12,0,20,13,13117,8 MAI 1945 (AVENUE),43.423513,5.274511,Nuit avec éclairage allumé,En agglomération,Hors intersection,Normale,Sans collision,4,2,2,0,1,1,1,0,1,50,1,1,0,0,1,0,42.0,,voiture,,5,2,1,1,7
202000034739,2020-02-11 12:20:00,2020,2,11,12,20,13,13117,CD20 E,43.4234557,5.2402478,Plein jour,Hors agglomération,Autre intersection,Normale,Deux véhicules - côté,3,1,2,0,1,1,1,0,1,70,2,2,0,0,1,1,41.0,62.0,utilitaire_camion,deux_roues,1,1,9,1,3
202000034740,2020-02-13 01:00:00,2020,2,13,1,0,13,13210,RABATAU (BOULEVARD),43.3,5.4,Nuit avec éclairage allumé,En agglomération,Hors intersection,Normale,Deux véhicules - côté,4,2,3,0,1,1,1,0,1,50,2,2,1,0,0,1,25.0,26.0,voiture,voiture,5,2,1,1,3
202000034741,2020-02-12 19:44:00,2020,2,12,19,44,13,13207,CHARLES LIVON (BOULEVARD),43.292,5.359,Nuit avec éclairage allumé,En agglomération,Hors intersection,Normale,Autre collision,4,3,4,0,2,1,1,0,1,50,1,2,1,0,0,1,28.0,,utilitaire_camion,,5,2,1,1,6
202000034742,2020-02-12 20:25:00,2020,2,12,20,25,13,13215,SAINT ANTOINE (AVENUE DE),43.3849,5.3586,Nuit avec éclairage allumé,En agglomération,Hors intersection,Normale,Deux véhicules - côté,3,2,3,0,1,1,1,0,1,50,2,3,1,0,0,2,24.0,42.0,deux_roues,voiture,5,2,1,1,3
202000034743,2020-02-12 16:15:00,2020,2,12,16,15,13,13202,PARIS (BOULEVARD DE),43.3,5.4,Plein jour,En agglomération,Intersection en X,Normale,Deux véhicules - côté,4,1,3,3,1,1,1,0,1,50,2,2,1,0,0,1,23.0,45.0,voiture,deux_roues,1,2,2,1,3
202000034744,2020-02-12 12:50:00,2020,2,12,12,50,13,13215,BOSPHORE (BOULEVARD DU),43.371944,5.364936,Plein jour,En agglomération,Hors intersection,Normale,Autre collision,4,2,2,0,2,1,1,9,1,50,1,2,1,0,0,1,51.0,,voiture,,1,2,1,1,6
202000034745,2020-02-12 02:50:00,2020,2,12,2,50,13,13209,AVIATEUR LE BRIX (RUE),43.26345,5.40439,Nuit avec éclairage allumé,En agglomération,Hors intersection,Normale,Autre collision,4,2,2,0,1,1,1,0,1,50,1,2,0,0,0,2,19.0,,deux_roues,,5,2,1,1,6
202000034746,2020-02-12 10:30:00,2020,2,12,10,30,13,13001,MARSEILLE (ROUTE DE ),43.47969,5.41466,Plein jour,En agglomération,Autre intersection,Normale,Sans collision,3,2,1,0,3,4,1,0,3,50,1,1,0,1,0,0,24.0,,utilitaire_camion,,1,2,9,1,7
202000034747,2020-02-03 10:50:00,2020,2,3,10,50,13,13001,PICASSO PABLO (AV),43.52889,5.416105,Plein jour,En agglomération,Hors intersection,Normale,Deux véhicules - côté,4,2,4,3,1,1,1,5,1,50,2,3,1,0,0,2,56.0,33.0,transport_commun,voiture,1,2,1,1,3
202000034748,2020-02-12 15:46:00,2020,2,12,15,46,10,10387,PASTEUR (RUE),48.2993,4.06587,Plein jour,En agglomération,Hors intersection,Pluie légère,Deux véhicules - arrière,4,2,2,0,1,1,2,0,1,50,2,4,3,0,0,1,28.0,56.0,voiture,voiture,1,2,1,2,2
202000034749,2020-02-11 19:40:00,2020,2,11,19,40,10,10387,MAURICE ROMAGON (RUE),48.28,4.0874,Nuit avec éclairage allumé,En agglomération,Intersection en X,Normale,Sans collision,4,2,2,2,4,1,2,0,1,50,1,1,0,0,0,1,21.0,,deux_roues,,5,2,2,1,7
202000034750,2020-02-12 07:25:00,2020,2,12,7,25,03,03262,,46.374489,2.5923552,Crépuscule ou aube,Hors agglomération,Intersection en T,Normale,Deux véhicules - frontale,3,2,3,0,1,1,1,0,1,70,2,3,2,0,1,0,53.0,23.0,voiture,utilitaire_camion,2,1,3,1,1
202000034751,2020-02-12 18:50:00,2020,2,12,18,50,75,75116,PORTE MAILLOT,48.876323,2.278525,Plein jour,En agglomération,Hors intersection,Normale,Deux véhicules - arrière,4,1,4,0,1,1,1,0,1,70,2,2,1,0,0,1,39.0,40.0,deux_roues,voiture,1,2,1,1,2
202000034752,2020-01-14 08:15:00,2020,1,14,8,15,75,75120,BD PERIPHERIQUE EXTERIEUR,48.865173,2.413429,Plein jour,En agglomération,Hors intersection,Normale,Deux véhicules - arrière,4,1,4,0,1,1,1,0,1,70,2,2,1,0,0,1,56.0,27.0,deux_roues,voiture,1,2,1,1,2
202000034753,2020-02-12 09:50:00,2020,2,12,9,50,75,75106,QUAI MALAQUAIS,48.857832,2.335768,Plein jour,En agglomération,Hors intersection,Normale,Deux véhicules - côté,4,1,3,0,1,1,1,0,1,50,2,2,1,0,0,1,51.0,27.0,voiture,deux_roues,1,2,1,1,3
202000034754,2020-02-12 20:40:00,2020,2,12,20,40,75,75120,RUE D AVRON,48.852248,2.403591,Nuit avec éclairage allumé,En agglomération,Hors intersection,Normale,Autre collision,4,2,2,0,1,1,1,0,1,50,1,2,1,0,0,1,32.0,,voiture,,5,2,1,1,6
202000034755,2020-02-12 11:30:00,2020,2,12,11,30,75,75120,RUE DU PRESSOIR,48.869005,2.383089,Plein jour,En agglomération,Hors intersection,Normale,Autre collision,4,1,2,0,1,4,1,0,4,50,1,1,0,0,0,1,,,,,1,2,1,1,6
202000034756,2020-02-12 13:25:00,2020,2,12,13,25,75,75119,RUE MANIN,48.884344,2.391302,Plein jour,En agglomération,Intersection en T,Normale,Deux véhicules - côté,4,-1,2,0,4,1,1,0,1,50,2,3,2,0,0,1,44.0,53.0,voiture,deux_roues,1,2,3,1,3
202000034757,2020-02-11 12:30:00,2020,2,11,12,30,75,75118,RUE DE LA CHAPELLE,48.893317,2.359621,Plein jour,En agglomération,Intersection en T,Normale,Deux véhicules - arrière,4,2,4,0,1,1,1,5,1,50,2,2,1,0,0,1,53.0,31.0,deux_roues,utilitaire_camion,1,2,3,1,2
202000034758,2020-02-12 15:40:00,2020,2,12,15,40,75,75117,AVENUE DES TERNES,48.87949,2.290572,Plein jour,En agglomération,Hors intersection,Normale,Deux véhicules - côté,4,2,4,0,1,1,1,0,1,50,2,2,1,0,0,1,68.0,50.0,voiture,deux_roues,1,2,1,1,3
202000034759,2020-02-12 12:40:00,2020,2,12,12,40,75,75117,RUE DE PONT A MOUSSON,48.898143,2.324039,Plein jour,En agglomération,Intersection en Y,Normale,Deux véhicules - côté,4,1,2,0,1,1,1,0,1,50,2,2,1,0,0,1,35.0,70.0,utilitaire_camion,deux_roues,1,2,4,1,3
202000034760,2020-02-12 09:10:00,2020,2,12,9,10,75,75116,AVENUE D IENA,48.867996,2.296015,Plein jour,En agglomération,Place,Normale,Deux véhicules - arrière,4,2,2,0,1,1,1,0,1,50,2,2,1,0,0,1,47.0,43.0,deux_roues,voiture,1,2,7,1,2
202000034761,2020-02-11 22:28:00,2020,2,11,22,28,75,75115,BOULEVARD VICTOR,48.833488,2.286588,Nuit avec éclairage allumé,En agglomération,Intersection en T,Temps couvert,,4,3,2,0,2,1,2,0,1,50,2,1,0,0,0,1,42.0,,deux_roues,,5,2,3,8,-1
202000034762,2020-02-12 11:40:00,2020,2,12,11,40,75,75114,RUE D ALESIA,48.827482,2.334819,Plein jour,En agglomération,Intersection en X,Normale,Deux véhicules - arrière,4,2,3,0,1,1,1,0,1,30,2,2,1,0,0,1,50.0,35.0,utilitaire_camion,utilitaire_camion,1,2,2,1,2
202000034763,2020-02-12 09:45:00,2020,2,12,9,45,75,75113,AVENUE DE CHOISY,48.829946,2.356972,Plein jour,En agglomération,Hors intersection,Normale,Autre collision,4,2,3,3,2,1,1,0,4,50,1,2,1,0,0,1,10.0,,deux_roues,,1,2,1,1,6
202000034764,2020-02-12 15:00:00,2020,2,12,15,0,75,75111,CITE DE LA ROQUETTE,48.855033,2.373969,Plein jour,En agglomération,Hors intersection,Normale,Autre collision,4,2,1,0,1,1,1,0,1,30,1,2,1,0,0,1,63.0,,voiture,,1,2,1,1,6
202000034765,2020-02-12 00:55:00,2020,2,12,0,55,75,75110,BOULEVARD DE MAGENTA,48.878534,2.354054,Nuit avec éclairage allumé,En agglomération,Intersection en X,Normale,Deux véhicules - côté,4,2,3,0,1,1,1,9,1,50,2,5,1,0,0,4,65.0,31.0,voiture,voiture,5,2,2,1,3
202000034766,2020-02-12 13:55:00,2020,2,12,13,55,75,75108,AVENUE HOCHE,48.877287,2.303166,Plein jour,En agglomération,Hors intersection,Normale,Deux véhicules - côté,4,2,2,0,1,1,1,0,1,50,2,2,1,0,0,1,67.0,40.0,voiture,voiture,1,2,1,1,3
202000034767,2020-02-12 17:00:00,2020,2,12,17,0,75,75104,QUAI DE GESVRES,48.856329,2.349987,Plein jour,En agglomération,Hors intersection,Normale,Deux véhicules - côté,4,1,4,0,1,1,1,0,1,50,2,2,1,0,0,1,53.0,72.0,utilitaire_camion,deux_roues,1,2,1,1,3
202000034768,2020-02-12 11:15:00,2020,2,12,11,15,75,75101,QUAI DU LOUVRE,48.859033,2.339892,Plein jour,En agglomération,Intersection en T,Normale,,4,1,5,0,1,1,1,0,1,50,2,1,0,0,0,1,41.0,,deux_roues,,1,2,3,1,-1
202000034769,2020-02-12 07:50:00,2020,2,12,7,50,94,94044,HENRI BARBUSSE (R),48.7472,2.4899,Plein jour,En agglomération,Autre intersection,Normale,Deux véhicules - frontale,7,2,1,0,2,1,1,0,1,30,2,1,0,0,0,1,46.0,,deux_roues,,1,2,9,1,1
202000034770,2020-02-11 07:20:00,2020,2,11,7,20,94,94046,PIERRE CURIE (R),48.812374,2.428271,Nuit avec éclairage allumé,En agglomération,Intersection en T,Pluie légère,Autre collision,3,3,4,0,1,1,2,0,1,50,1,2,1,0,0,1,38.0,,utilitaire_camion,,5,2,3,2,6
202000034771,2020-02-11 13:20:00,2020,2,11,13,20,94,94003,LAPLACE (AV),48.808423,2.331777,Plein jour,En agglomération,Autre intersection,Normale,Deux véhicules - côté,3,-1,1,0,2,1,1,0,1,50,2,2,1,0,0,1,21.0,34.0,voiture,deux_roues,1,2,9,1,3
202000034772,2020-02-12 14:50:00,2020,2,12,14,50,94,94034,EDOUARD HERRIOT (AV),48.75422,2.32687,Plein jour,En agglomération,Hors intersection,Normale,Deux véhicules - arrière,3,1,1,0,1,1,1,0,1,50,2,2,1,0,0,1,42.0,24.0,voiture,deux_roues,1,2,1,1,2
202000034773,2020-02-12 07:15:00,2020,2,12,7,15,94,94071,GARE (PL DE LA),48.771,2.508,Nuit avec éclairage allumé,En agglomération,Hors intersection,Normale,Autre collision,4,1,1,0,1,1,1,9,1,50,1,2,1,0,0,1,28.0,,voiture,,5,2,1,1,6
202000034774,2020-02-12 15:30:00,2020,2,12,15,30,93,93051,NEUILLY (ROUTE),48.8492855,2.537198,Plein jour,En agglomération,Hors intersection,Normale,,3,2,3,0,1,1,1,2,1,50,2,2,0,0,1,1,21.0,,deux_roues,,1,2,1,1,-1
202000034775,2020-02-12 21:10:00,2020,2,12,21,10,93,93048,PARIS (RUE DE),48.8563472,2.4266294,Nuit avec éclairage allumé,En agglomération,Hors intersection,Normale,Autre collision,3,2,2,0,1,1,1,0,1,50,1,2,1,0,0,1,22.0,,deux_roues,,5,2,1,1,6
202000034776,2020-02-12 18:00:00,2020,2,12,18,0,93,93031,AV DU DIX HUIT JUIN 1940,48.95249,2.30726,Plein jour,En agglomération,Autre intersection,Normale,Deux véhicules - côté,3,2,4,0,1,1,1,0,1,50,2,2,1,0,0,1,32.0,22.0,utilitaire_camion,deux_roues,1,2,9,1,3
202000034777,2020-02-12 12:05:00,2020,2,12,12,5,93,93031,SAINT LEU (ROUTE DE) 1 à 157,48.94999,2.3411,Plein jour,En agglomération,Hors intersection,Normale,Deux véhicules - côté,3,2,2,0,1,1,1,0,1,50,2,2,1,0,0,1,49.0,53.0,voiture,deux_roues,1,2,1,1,3
202000034778,2020-02-09 13:30:00,2020,2,9,13,30,93,93029,ROGER SALENGRO N° 94 - FIN,48.9161538,2.4363179,Plein jour,En agglomération,Autre intersection,Vent fort / tempête,Autre collision,4,2,1,0,1,1,1,9,1,50,1,1,0,1,0,0,41.0,,deux_roues,,1,2,9,6,6
202000034779,2020-02-12 15:18:00,2020,2,12,15,18,93,93013,LECLERC (AVENU DE LA DIVISION),48.9332,2.4242,Plein jour,En agglomération,Intersection en X,Normale,Autre collision,3,3,4,0,1,1,1,5,1,50,1,2,1,0,0,1,25.0,,utilitaire_camion,,1,2,2,1,6
202000034780,2020-02-12 17:00:00,2020,2,12,17,0,93,93008,PROMENADE JEAN ROSTAND / AV PAUL VAILLANT COUTURIER,48.9081142,2.4530883,Plein jour,En agglomération,Giratoire,Normale,Autre collision,3,3,4,0,2,1,1,0,1,50,1,2,1,0,0,1,36.0,,voiture,,1,2,6,1,6
202000034781,2020-02-12 11:35:00,2020,2,12,11,35,92,92064,DOCTEUR DESFOSSEZ,48.8428383,2.2204292,Plein jour,En agglomération,Hors intersection,Normale,Autre collision,4,1,1,0,2,1,1,0,4,50,1,3,1,0,0,2,77.0,,voiture,,1,2,1,1,6
202000034782,2020-02-12 06:45:00,2020,2,12,6,45,92,92033,MARQUIS DE MORES,48.8512828,2.1922816,Nuit avec éclairage allumé,En agglomération,Intersection en T,Normale,Autre collision,4,2,2,0,1,1,2,0,1,50,1,2,1,0,0,1,63.0,,voiture,,5,2,3,1,6
202000034783,2020-02-11 17:00:00,2020,2,11,17,0,92,92050,HAUTES PATURES RUE DES,48.9187029,2.2214306,Plein jour,En agglomération,Autre intersection,Pluie légère,Autre collision,4,2,1,0,1,1,1,0,1,50,1,2,1,0,0,1,33.0,,voiture,,1,2,9,2,6
202000034784,2020-02-12 18:40:00,2020,2,12,18,40,92,92026,JEAN MERMOZ (SQUARE ET PLACE),48.90251,2.27478,Nuit avec éclairage allumé,En agglomération,Giratoire,Normale,Autre collision,3,2,4,0,1,1,1,0,1,50,1,2,1,0,0,1,73.0,,voiture,,5,2,6,1,6
202000034785,2020-02-10 14:30:00,2020,2,10,14,30,92,92025,RENOUILLERS  (RUE DES),48.923896,2.240557,Plein jour,En agglomération,Intersection en X,Pluie légère,Deux véhicules - côté,4,2,0,0,1,1,2,6,1,50,2,2,1,0,0,1,47.0,57.0,deux_roues,utilitaire_camion,1,2,2,2,3
202000034786,2020-02-12 11:09:00,2020,2,12,11,9,08,08145,RN 8043,49.675557,5.012727,Plein jour,Hors agglomération,Hors intersection,Normale,Trois véhicules et plus - en chaîne,3,2,2,0,1,1,1,0,1,80,3,4,2,0,1,1,36.0,74.0,utilitaire_camion,voiture,1,1,1,1,4
202000034787,2020-02-12 20:05:00,2020,2,12,20,5,69,69277,Route de Lyon,45.733231,4.992535,Nuit avec éclairage allumé,En agglomération,Giratoire,Normale,Deux véhicules - côté,3,2,2,0,2,1,1,0,1,50,2,2,1,0,1,0,46.0,28.0,voiture,deux_roues,5,2,6,1,3
202000034788,2020-02-13 18:00:00,2020,2,13,18,0,974,97405,Rue Mahe de Labourdonnais,-21.356372,55.565736,Plein jour,En agglomération,Intersection en T,Normale,Deux véhicules - côté,3,2,2,0,2,1,1,0,1,50,2,2,1,0,1,0,23.0,17.0,voiture,deux_roues,1,2,3,1,3
202000034789,2020-02-13 10:30:00,2020,2,13,10,30,972,97225,Rue Bouille,14.74299,-61.176246,Plein jour,En agglomération,Hors intersection,Normale,Autre collision,2,1,1,0,1,1,1,0,8,50,1,2,1,0,1,0,22.0,,utilitaire_camion,,1,2,1,1,6
202000034790,2020-02-13 18:50:00,2020,2,13,18,50,974,97414,24 Rue Leconte de Lisle,-21.279047,55.413322,Crépuscule ou aube,Hors agglomération,Hors intersection,Normale,Deux véhicules - côté,4,2,2,0,2,1,1,6,1,-1,2,3,2,0,1,0,20.0,16.0,voiture,deux_roues,2,1,1,1,3
202000034791,2020-02-12 18:05:00,2020,2,12,18,5,41,41259,D917,47.77144,0.969861,Crépuscule ou aube,Hors agglomération,Intersection en X,Normale,Deux véhicules - côté,3,2,2,0,2,1,1,0,1,80,2,2,1,0,1,0,44.0,17.0,voiture,deux_roues,2,1,2,1,3
202000034792,2020-02-12 14:15:00,2020,2,12,14,15,79,79190,,46.668199,-0.44095,Plein jour,Hors agglomération,Hors intersection,Normale,Autre collision,3,2,2,0,1,1,1,0,3,80,1,1,0,0,1,0,62.0,,voiture,,1,1,1,1,6
202000034793,2020-02-13 18:10:00,2020,2,13,18,10,79,79213,,46.622717,-0.241249,Crépuscule ou aube,Hors agglomération,Hors intersection,Normale,Deux véhicules - frontale,3,2,2,0,1,1,1,0,1,80,2,3,0,1,0,2,63.0,85.0,voiture,voiture,2,1,1,1,1
202000034794,2020-02-13 07:50:00,2020,2,13,7,50,79,79285,,46.603154,-0.287345,Crépuscule ou aube,Hors agglomération,Hors intersection,Pluie forte,Deux véhicules - côté,3,2,3,0,1,1,2,0,1,80,2,2,0,1,0,1,43.0,34.0,voiture,voiture,2,1,1,3,3
202000034795,2020-02-12 10:45:00,2020,2,12,10,45,79,79109,Rue du Puits Japie,46.37222,-0.42345,Plein jour,Hors agglomération,Hors intersection,Normale,Deux véhicules - frontale,4,2,2,0,2,1,2,0,1,80,2,3,0,0,2,1,67.0,46.0,voiture,voiture,1,1,1,1,1
202000034796,2020-02-10 08:25:00,2020,2,10,8,25,32,32172,Saint-Jean-le-Comtal,43.567519,0.526185,Plein jour,Hors agglomération,Hors intersection,Normale,Sans collision,2,2,2,0,2,2,1,0,3,80,1,1,0,0,0,1,20.0,,voiture,,1,1,1,1,7
202000034797,2020-02-13 16:30:00,2020,2,13,16,30,63,63148,D210,45.8901454,3.2349365,Plein jour,Hors agglomération,Hors intersection,Normale,Deux véhicules - côté,3,2,2,0,1,3,1,0,1,80,2,2,0,0,0,2,47.0,51.0,voiture,voiture,1,1,1,1,3
202000034798,2020-02-13 07:20:00,2020,2,13,7,20,42,42181,Rue Jean Jaures,45.98719,4.215462,Plein jour,Hors agglomération,Hors intersection,Normale,Deux véhicules - frontale,3,-1,2,0,1,1,1,0,1,50,2,2,1,0,1,0,75.0,44.0,voiture,utilitaire_camion,1,1,1,1,1
202000034799,2020-02-13 00:30:00,2020,2,13,0,30,22,22229,D 790,48.288331,-3.239678,Nuit sans éclairage public,Hors agglomération,Hors intersection,Pluie légère,Sans collision,3,2,2,0,1,3,2,0,3,80,1,1,0,0,1,0,30.0,,voiture,,3,1,1,2,7
202000034800,2020-02-12 06:00:00,2020,2,12,6,0,44,44036,Place Charles de Gaulle,47.718283,-1.372222,Nuit avec éclairage allumé,En agglomération,Giratoire,Temps couvert,Autre collision,4,2,2,0,1,3,2,0,1,30,1,2,1,0,0,1,37.0,,voiture,,5,2,6,8,6
202000034801,2020-01-31 16:30:00,2020,1,31,16,30,31,31522,D3,43.296254,0.823127,Plein jour,Hors agglomération,Hors intersection,Normale,Autre collision,3,2,2,0,1,3,1,0,1,80,1,1,0,0,1,0,71.0,,deux_roues,,1,1,1,1,6
202000034802,2020-02-12 19:00:00,2020,2,12,19,0,38,38269,Boulevard Frejus Michon,44.909861,5.782676,Nuit sans éclairage public,En agglomération,Hors intersection,Normale,Deux véhicules - frontale,3,2,2,0,1,3,1,0,1,50,2,2,1,0,0,1,42.0,32.0,voiture,voiture,3,2,1,1,1
202000034803,2020-02-12 08:00:00,2020,2,12,8,0,03,03157,,46.2270508,3.5179324,Plein jour,Hors agglomération,Intersection en X,Normale,Deux véhicules - côté,3,2,2,0,1,1,1,0,1,80,2,2,1,0,0,1,28.0,36.0,voiture,voiture,1,1,2,1,3
202000034804,2020-02-13 15:15:00,2020,2,13,15,15,01,01304,Route de Bourg,46.057695,5.332339,Plein jour,En agglomération,Hors intersection,Normale,Trois véhicules et plus - collisions multiples,3,2,2,0,1,1,1,0,1,70,3,4,1,0,0,3,77.0,57.0,voiture,voiture,1,2,1,1,5
202000034805,2020-02-12 17:50:00,2020,2,12,17,50,70,70369,D258,47.629092,5.7932709,Crépuscule ou aube,Hors agglomération,Hors intersection,Pluie légère,Sans collision,3,2,2,0,1,2,9,0,3,80,1,1,0,0,1,0,16.0,,deux_roues,,2,1,1,2,7
202000034806,2020-02-12 17:40:00,2020,2,12,17,40,26,26013,D64,44.369921,5.259479,Crépuscule ou aube,Hors agglomération,Hors intersection,Normale,Sans collision,3,2,2,0,1,3,1,0,3,80,1,1,0,0,1,0,69.0,,deux_roues,,2,1,1,1,7
202000034807,2020-02-12 22:45:00,2020,2,12,22,45,50,50648,Carrefour des Vergers,49.496195,-1.514576,Nuit sans éclairage public,Hors agglomération,Hors intersection,Pluie légère,Autre collision,3,2,2,0,1,2,2,0,1,70,1,1,0,0,1,0,32.0,,voiture,,3,1,1,2,6
202000034808,2020-02-13 17:30:00,2020,2,13,17,30,64,64331,place du marcadieu,43.449683,-0.111993,Plein jour,En agglomération,Hors intersection,Normale,Autre collision,3,2,2,0,1,1,1,9,1,50,1,2,1,0,0,1,54.0,,voiture,,1,2,1,1,6
202000034809,2020-02-11 08:15:00,2020,2,11,8,15,36,36010,Lieu-dit la baronnerie,46.8747344,1.0922948,Crépuscule ou aube,Hors agglomération,Hors intersection,Vent fort / tempête,Sans collision,3,2,2,0,2,1,2,0,8,80,1,1,0,0,1,0,29.0,,voiture,,2,1,1,6,7
202000034810,2020-02-13 07:30:00,2020,2,13,7,30,85,85073,,46.50959,-1.16073,Nuit sans éclairage public,Hors agglomération,Intersection en X,Vent fort / tempête,Deux véhicules - frontale,3,2,2,0,1,1,2,5,1,80,2,1,0,0,1,0,20.0,,deux_roues,,3,1,2,6,1