accident_id,datetime,annee,mois,jour,heure,minute,departement,commune_insee,adresse,latitude,longitude,luminosite,agglomeration,intersection,meteo,collision,catr,circ,nbv,vosp,prof,plan,surf,infra,situ,vma,nb_vehicules,nb_usagers,nb_indemnes,nb_tues,nb_blesses_hosp,nb_blesses_legers,age_cond_1,age_cond_2,veh_type_cond_1,veh_type_cond_2,lum_code,agg_code,int_code,atm_code,col_code
202000034811,2020-02-12 11:45:00,2020,2,12,11,45,987,98725,pont de tuauru,-17.562591,-149.476051,Plein jour,En agglomération,Hors intersection,Normale,Deux véhicules - arrière,2,2,2,0,1,1,1,2,1,50,2,2,1,0,1,0,23.0,42.0,deux_roues,voiture,1,2,1,1,2
202000034812,2020-02-12 21:30:00,2020,2,12,21,30,971,97107,Doyon,16.076452,-61.562198,Nuit avec éclairage allumé,Hors agglomération,Intersection en X,Normale,Deux véhicules - côté,2,2,2,0,1,1,1,0,1,80,2,2,1,0,1,0,23.0,22.0,voiture,deux_roues,5,1,2,1,3
202000034813,2020-02-13 11:42:00,2020,2,13,11,42,89,89399,A5,48.243182,3.360368,Plein jour,Hors agglomération,Hors intersection,Pluie forte,Trois véhicules et plus - en chaîne,1,3,4,0,2,1,2,0,1,130,3,2,1,0,1,0,32.0,63.0,utilitaire_camion,utilitaire_camion,1,1,1,3,4
202000034814,2020-02-13 18:00:00,2020,2,13,18,0,26,26367,RD 538,44.372337,5.111153,Nuit sans éclairage public,Hors agglomération,Hors intersection,Normale,Deux véhicules - frontale,3,2,2,0,1,1,2,0,1,80,2,2,0,1,0,1,51.0,22.0,utilitaire_camion,voiture,3,1,1,1,1
202000034815,2020-02-11 19:15:00,2020,2,11,19,15,69,69188,D313,45.9216925,4.4723654,Nuit sans éclairage public,Hors agglomération,Hors intersection,Normale,Trois véhicules et plus - collisions multiples,3,2,2,0,1,3,1,0,1,80,3,3,0,0,0,3,29.0,31.0,voiture,voiture,3,1,1,1,5
202000034816,2020-02-13 08:00:00,2020,2,13,8,0,72,72025,D323,47.693046,-0.128886,Crépuscule ou aube,Hors agglomération,Hors intersection,Pluie forte,Deux véhicules - côté,3,2,3,0,1,1,2,0,1,80,2,2,0,1,0,1,21.0,22.0,voiture,voiture,2,1,1,3,3
202000034817,2020-02-12 14:10:00,2020,2,12,14,10,27,27676,D135,49.232781,1.380726,Plein jour,Hors agglomération,Hors intersection,Normale,Deux véhicules - frontale,3,2,2,0,1,1,1,0,1,80,2,2,1,0,1,0,51.0,69.0,utilitaire_camion,voiture,1,1,1,1,1
202000034818,2020-02-12 16:55:00,2020,2,12,16,55,60,60141,Avenue du Maréchal Joffre,49.189631,2.4628794,Plein jour,En agglomération,Hors intersection,Normale,Autre collision,3,2,2,0,1,1,1,0,1,30,1,2,1,0,1,0,52.0,,voiture,,1,2,1,1,6
202000034819,2020-02-12 14:24:00,2020,2,12,14,24,60,60682,Villers Saint Frambourg-Ognon,49.2545012,2.653327,Plein jour,En agglomération,Intersection en X,Normale,Deux véhicules - côté,3,2,2,0,1,1,2,5,1,80,2,2,1,0,1,0,43.0,27.0,utilitaire_camion,voiture,1,2,2,1,3
202000034820,2020-02-12 11:40:00,2020,2,12,11,40,80,80759,D1017,49.6477016,2.7520196,Plein jour,En agglomération,Intersection en X,Pluie légère,Deux véhicules - côté,3,2,2,0,1,1,2,0,1,80,2,2,1,0,1,0,45.0,62.0,voiture,voiture,1,2,2,2,3
202000034821,2020-02-12 13:00:00,2020,2,12,13,0,13,13215,A7-Sens Lyon vers Marseille,43.3649769,5.3604222,Plein jour,Hors agglomération,Hors intersection,Normale,Deux véhicules - arrière,1,1,3,0,1,1,1,0,1,90,2,2,1,0,0,1,38.0,56.0,voiture,voiture,1,1,1,1,2
202000034822,2020-02-12 18:20:00,2020,2,12,18,20,33,33249,ROCADE A 630,44.88357,-0.52003,Plein jour,Hors agglomération,Hors intersection,Normale,Deux véhicules - arrière,1,3,6,0,1,1,1,0,1,90,2,3,2,0,0,1,37.0,67.0,voiture,voiture,1,1,1,1,2
202000034823,2020-02-12 12:55:00,2020,2,12,12,55,94,94065,AUTOROUTE A106,48.7456,2.3601,Plein jour,Hors agglomération,Hors intersection,Normale,Deux véhicules - arrière,1,3,2,0,1,1,1,0,1,70,2,2,1,0,1,0,61.0,62.0,voiture,deux_roues,1,1,1,1,2
202000034824,2020-02-12 09:10:00,2020,2,12,9,10,94,94038,AUTOROUTE A6A,48.77879,2.34665,Plein jour,Hors agglomération,Hors intersection,Normale,Trois véhicules et plus - en chaîne,1,-1,3,0,1,1,1,0,1,90,3,4,2,0,0,2,21.0,60.0,voiture,voiture,1,1,1,1,4
202000034825,2020-02-12 09:55:00,2020,2,12,9,55,94,94034,AUTOROUTE A86,48.7614,2.31588,Plein jour,Hors agglomération,Hors intersection,Normale,Deux véhicules - arrière,3,1,2,0,1,1,1,9,1,50,2,2,1,0,0,1,46.0,28.0,voiture,utilitaire_camion,1,1,1,1,2
202000034826,2020-02-12 10:00:00,2020,2,12,10,0,92,92050,A86,48.9179053,2.222548,Plein jour,Hors agglomération,Hors intersection,Normale,Deux véhicules - arrière,1,3,2,0,1,1,1,0,1,90,2,2,1,0,0,1,28.0,28.0,deux_roues,voiture,1,1,1,1,2
202000034827,2020-02-10 19:25:00,2020,2,10,19,25,78,78402,A13,48.963886,1.792222,Nuit sans éclairage public,Hors agglomération,Hors intersection,Normale,Trois véhicules et plus - en chaîne,1,3,3,0,1,1,2,0,1,110,5,8,6,0,0,2,29.0,36.0,utilitaire_camion,voiture,3,1,1,1,4
202000034828,2020-02-10 00:55:00,2020,2,10,0,55,94,94017,A4,48.8304,2.4896,Nuit sans éclairage public,Hors agglomération,Hors intersection,Pluie légère,Trois véhicules et plus - en chaîne,1,3,3,0,1,1,2,0,1,90,3,6,3,0,0,3,36.0,22.0,voiture,voiture,3,1,1,2,4
202000034829,2020-02-10 12:20:00,2020,2,10,12,20,75,75119,PORTE DES LILAS,48.881031,2.404129,Plein jour,En agglomération,Intersection en Y,Normale,Trois véhicules et plus - en chaîne,4,-1,4,0,1,1,1,0,1,70,3,3,2,0,0,1,28.0,62.0,voiture,voiture,1,2,4,1,4
202000034830,2020-02-11 06:52:00,2020,2,11,6,52,75,75113,PORTE D ITALIE,48.815773,2.360704,Nuit avec éclairage allumé,En agglomération,Intersection en Y,Pluie légère,Autre collision,4,1,2,0,2,1,2,0,1,50,1,2,1,0,0,1,34.0,,voiture,,5,2,4,2,6
202000034831,2020-02-11 11:47:00,2020,2,11,11,47,75,75120,RUE DES LYANES,48.86269,2.406673,Plein jour,En agglomération,Intersection en T,Normale,Autre collision,4,1,2,0,1,1,1,0,1,20,1,2,1,0,0,1,46.0,,voiture,,1,2,3,1,6
202000034832,2020-02-11 18:15:00,2020,2,11,18,15,75,75119,PLACE DU MAQUIS DU VERCORS,48.878143,2.409352,Crépuscule ou aube,En agglomération,Place,Pluie légère,Deux véhicules - côté,4,1,2,0,1,1,2,0,1,50,2,3,1,0,0,2,39.0,83.0,voiture,voiture,2,2,7,2,3
202000034833,2020-02-08 21:25:00,2020,2,8,21,25,75,75119,RUE DE CRIMEE,48.892176,2.37508,Nuit avec éclairage allumé,En agglomération,Intersection en X,Temps couvert,Deux véhicules - côté,4,1,2,3,1,1,1,-1,6,50,2,2,1,0,0,1,22.0,23.0,voiture,voiture,5,2,2,8,3
202000034834,2020-02-11 09:25:00,2020,2,11,9,25,75,75118,AVENUE DE SAINT OUEN,48.897204,2.328866,Plein jour,En agglomération,Hors intersection,Normale,Autre collision,4,2,3,0,1,1,2,0,1,30,1,2,1,0,0,1,23.0,,deux_roues,,1,2,1,1,6
202000034835,2020-02-11 09:45:00,2020,2,11,9,45,75,75117,BOULEVARD BERTHIER,48.89364,2.31193,Plein jour,En agglomération,Hors intersection,Temps couvert,Sans collision,4,1,2,1,1,1,2,-1,5,50,1,1,0,0,0,1,44.0,,deux_roues,,1,2,1,8,7
202000034836,2020-02-10 20:30:00,2020,2,10,20,30,75,75112,AVENUE DU TREMBLAY,48.83413,2.454859,Nuit avec éclairage allumé,En agglomération,Hors intersection,Pluie forte,Deux véhicules - arrière,4,2,4,0,1,1,2,0,1,50,2,2,1,0,0,1,39.0,18.0,voiture,deux_roues,5,2,1,3,2
202000034837,2020-07-30 10:00:00,2020,7,30,10,0,64,64140,SAINT GOBAIN (QUAI),43.51466,-1.4887,Plein jour,En agglomération,Hors intersection,Normale,Trois véhicules et plus - collisions multiples,3,2,2,0,1,1,1,0,1,50,4,5,3,1,0,1,54.0,34.0,voiture,voiture,1,2,1,1,5
202000034838,2020-07-31 22:20:00,2020,7,31,22,20,59,59043,BELLE CROIX (RUE DE LA),50.7168784,2.6931041,Nuit avec éclairage allumé,Hors agglomération,Hors intersection,Normale,Autre collision,3,2,2,0,1,1,1,0,3,80,1,1,0,0,0,1,46.0,,voiture,,5,1,1,1,6
202000034839,2020-07-29 11:35:00,2020,7,29,11,35,58,58194,RESISTANCE (SQUARE),46.99236,3.1597,Plein jour,En agglomération,Hors intersection,Normale,Deux véhicules - arrière,4,2,2,0,1,1,1,0,1,30,2,2,1,0,0,1,30.0,44.0,voiture,voiture,1,2,1,1,2
202000034840,2020-07-31 07:50:00,2020,7,31,7,50,56,56260,RN 165 -SENS NANTES / LORIENT-,47.6698,-2.74216,Plein jour,Hors agglomération,Hors intersection,Normale,Deux véhicules - arrière,2,3,4,0,1,1,1,0,1,90,2,2,1,0,0,1,21.0,60.0,deux_roues,utilitaire_camion,1,1,1,1,2
202000034841,2020-07-30 10:17:00,2020,7,30,10,17,56,56121,LE SANT (RUE  GEORGES ),47.73978,-3.39087,Plein jour,En agglomération,Autre intersection,Normale,Deux véhicules - côté,4,2,2,0,1,1,1,0,1,50,2,2,1,0,0,1,55.0,37.0,voiture,voiture,1,2,9,1,3
202000034842,2020-07-27 10:05:00,2020,7,27,10,5,55,55043,DE GAULLE (GENERAL),49.1721066,5.3830906,Plein jour,En agglomération,Hors intersection,Normale,Sans collision,3,2,2,0,1,1,1,0,1,30,1,2,1,0,0,1,75.0,,voiture,,1,2,1,1,7
202000034843,2020-07-30 16:08:00,2020,7,30,16,8,54,54483,ROSIERES (ROUTE DE),48.624,6.3163,Plein jour,Hors agglomération,Hors intersection,Normale,Deux véhicules - frontale,3,2,2,0,1,3,1,0,1,80,2,4,2,0,0,2,41.0,40.0,voiture,voiture,1,1,1,1,1
202000034844,2020-07-30 10:00:00,2020,7,30,10,0,49,49328,CADRE NOIR (PONT DU) N 347,47.2659,-0.09276,Plein jour,En agglomération,Hors intersection,Normale,Deux véhicules - arrière,3,3,3,0,2,1,1,8,1,70,2,2,0,0,0,2,43.0,35.0,utilitaire_camion,utilitaire_camion,1,2,1,1,2
202000034845,2020-07-31 05:33:00,2020,7,31,5,33,49,49007,ESTIENNE D'ORVES BOULEVARD,47.45567,-0.52988,Nuit avec éclairage allumé,En agglomération,Hors intersection,Normale,Deux véhicules - côté,4,2,2,0,1,1,1,0,1,60,2,2,1,0,0,1,37.0,27.0,voiture,voiture,5,2,1,1,3
202000034846,2020-07-31 17:00:00,2020,7,31,17,0,45,45068,VIEUX RANG DE LANGLEE (RUE DU),48.0219,2.7202,Plein jour,En agglomération,Hors intersection,Normale,Autre collision,4,2,2,0,1,2,1,0,1,30,1,1,0,0,0,1,16.0,,deux_roues,,1,2,1,1,6
202000034847,2020-07-30 14:10:00,2020,7,30,14,10,44,44184,RD 492 DU RP EINSTEIN AU RP SARRELOUIS,47.266,-2.2556,Plein jour,En agglomération,Hors intersection,Temps éblouissant,Deux véhicules - arrière,3,3,4,0,1,1,1,0,1,30,2,2,1,0,0,1,20.0,64.0,utilitaire_camion,utilitaire_camion,1,2,1,7,2
202000034848,2020-07-31 16:00:00,2020,7,31,16,0,44,44109,Rue du Port Durand,47.2529293,-1.5301734,Nuit avec éclairage allumé,En agglomération,Hors intersection,Normale,Sans collision,4,2,0,0,1,1,1,0,1,50,1,2,1,0,1,0,77.0,,voiture,,5,2,1,1,7
202000034849,2020-08-10 17:12:00,2020,8,10,17,12,38,38151,Avenue Danielle Casanova,45.14735,5.70134,Plein jour,En agglomération,Intersection en X,Normale,Deux véhicules - côté,4,2,2,0,1,1,1,0,1,30,2,2,1,0,0,1,57.0,40.0,voiture,deux_roues,1,2,2,1,3
202000034850,2020-07-30 18:40:00,2020,7,30,18,40,38,38185,Boulevard Clemenceau,45.18368,5.73873,Plein jour,En agglomération,Hors intersection,Normale,Deux véhicules - côté,4,2,4,0,1,1,1,0,1,50,2,2,0,0,1,1,20.0,27.0,deux_roues,voiture,1,2,1,1,3
202000034851,2020-07-31 16:10:00,2020,7,31,16,10,37,37261,TANNEURS (RUE DES),47.3959157,0.6806541,Plein jour,En agglomération,Hors intersection,Normale,Deux véhicules - côté,3,2,2,0,1,1,1,0,1,50,2,2,1,0,1,0,21.0,53.0,utilitaire_camion,deux_roues,1,2,1,1,3
202000034852,2020-07-29 12:20:00,2020,7,29,12,20,37,37233,POMPIDOU (AVENUE GEORGES),47.3819004,0.7121789,Plein jour,En agglomération,Intersection en T,Normale,Deux véhicules - côté,4,2,2,0,2,1,1,1,1,50,2,2,1,0,0,1,48.0,43.0,deux_roues,voiture,1,2,3,1,3
202000034853,2020-07-31 21:15:00,2020,7,31,21,15,34,34172,HEIDELBERG (AVENUE DE),43.6213602,3.8151942,Plein jour,En agglomération,Hors intersection,Normale,Trois véhicules et plus - collisions multiples,4,2,2,0,1,1,1,0,1,50,3,3,2,0,0,1,44.0,33.0,deux_roues,voiture,1,2,1,1,5
202000034854,2020-07-31 21:10:00,2020,7,31,21,10,33,33063,Quai de Bacalan,44.85883,-0.55671,Crépuscule ou aube,En agglomération,Intersection en T,Normale,Deux véhicules - côté,4,3,6,2,1,1,1,5,1,50,2,2,1,0,0,1,28.0,36.0,voiture,deux_roues,2,2,3,1,3
202000034855,2020-07-06 15:05:00,2020,7,6,15,5,33,33063,QUAI LOUIS XVIII,44.84323,-0.56987,Plein jour,En agglomération,Hors intersection,Normale,Autre collision,4,3,9,-1,1,1,1,9,8,50,1,1,0,0,1,0,45.0,,deux_roues,,1,2,1,1,6
202000034856,2020-07-30 10:25:00,2020,7,30,10,25,33,33550,Rue du Docteur Schweitzer,44.77388,-0.53156,Plein jour,En agglomération,Intersection en T,Normale,Deux véhicules - frontale,4,2,2,0,1,4,1,0,4,50,2,2,1,0,0,1,24.0,29.0,deux_roues,voiture,1,2,3,1,1
202000034857,2020-07-31 04:00:00,2020,7,31,4,0,33,33063,ALL DE BOUTAUT,44.86767,-0.57585,Nuit avec éclairage allumé,En agglomération,Intersection en T,Normale,Deux véhicules - arrière,4,3,8,-1,1,1,1,5,5,50,2,1,0,0,1,0,45.0,,deux_roues,,5,2,3,1,2
202000034858,2020-07-31 09:35:00,2020,7,31,9,35,33,33529,EUROPE (RUE DE L'),44.61664,-1.11337,Plein jour,En agglomération,Intersection en T,Normale,Deux véhicules - frontale,4,2,2,0,1,1,1,0,1,50,2,2,0,0,0,2,73.0,62.0,voiture,voiture,1,2,3,1,1
202000034859,2020-07-31 07:55:00,2020,7,31,7,55,31,31555,PONT MONTAUDRAN,43.59851,1.45656,Plein jour,En agglomération,Hors intersection,Normale,Deux véhicules - côté,4,1,3,1,1,1,1,0,1,50,2,2,1,0,0,1,49.0,45.0,deux_roues,voiture,1,2,1,1,3
202000034860,2020-07-30 19:45:00,2020,7,30,19,45,31,31555,RTE D AGDE,43.6264,1.47641,Plein jour,En agglomération,Hors intersection,Normale,Deux véhicules - côté,3,2,2,0,1,1,1,0,1,50,2,3,1,0,0,2,40.0,34.0,deux_roues,voiture,1,2,1,1,3
202000034861,2020-07-30 01:40:00,2020,7,30,1,40,31,31149,AMPERE (AVENUE ANDRE MARIE),43.61118,1.30588,Nuit avec éclairage non allumé,En agglomération,Hors intersection,Normale,Autre collision,4,2,2,0,1,1,1,0,4,50,1,4,1,0,1,2,21.0,,voiture,,4,2,1,1,6
202000034862,2020-07-31 07:40:00,2020,7,31,7,40,30,30007,CHAPTAL ( QUAI MAX ),44.12644,4.07181,Plein jour,En agglomération,Hors intersection,Normale,Deux véhicules - côté,3,2,2,0,1,1,1,0,1,50,2,2,1,0,1,0,32.0,32.0,deux_roues,utilitaire_camion,1,2,1,1,3
202000034863,2020-07-30 15:25:00,2020,7,30,15,25,29,29039,Rue Bayard,47.87085,-3.92124,Plein jour,En agglomération,Intersection en X,Normale,Autre collision,4,1,1,0,1,1,1,0,1,50,1,2,0,0,0,2,18.0,,deux_roues,,1,2,2,1,6
202000034864,2020-07-31 14:50:00,2020,7,31,14,50,27,27229,HUGO (RUE VICTOR),49.02207,1.14318,Plein jour,En agglomération,Hors intersection,Normale,Deux véhicules - côté,4,2,1,0,1,1,1,0,1,50,2,3,0,0,0,3,37.0,41.0,deux_roues,deux_roues,1,2,1,1,3
202000034865,2020-07-31 10:29:00,2020,7,31,10,29,17,17300,SAUTEL  BOULEVARD ANDRE,46.16689,-1.13635,Plein jour,En agglomération,Hors intersection,Normale,Autre collision,4,3,4,0,2,1,1,0,1,50,1,2,1,1,0,0,27.0,,utilitaire_camion,,1,2,1,1,6
202000034866,2020-07-30 14:47:00,2020,7,30,14,47,17,17200,HUIT MAI 1945   AVENUE DU,46.1792479,-1.1531495,Plein jour,En agglomération,Hors intersection,Normale,Deux véhicules - arrière,4,-1,1,0,1,2,1,0,1,50,2,2,0,0,0,2,63.0,43.0,voiture,transport_commun,1,2,1,1,2
202000034867,2020-07-30 02:10:00,2020,7,30,2,10,13,13026,VALAMPE (bld de la),43.388525,5.146834,Nuit avec éclairage allumé,En agglomération,Hors intersection,Normale,Autre collision,4,2,2,0,1,2,1,0,1,50,1,3,0,0,0,3,20.0,,utilitaire_camion,,5,2,1,1,6
202000034868,2020-07-31 20:40:00,2020,7,31,20,40,13,13213,CHARLES SUSINI (TRAVERSE),43.34052,5.41247,Crépuscule ou aube,En agglomération,Hors intersection,Normale,Deux véhicules - frontale,7,2,2,0,2,1,1,0,1,50,2,2,0,0,0,2,21.0,65.0,voiture,voiture,2,2,1,1,1
202000034869,2020-07-28 21:40:00,2020,7,28,21,40,13,13206,LAFON (RUE),43.2912,5.3808,Nuit avec éclairage allumé,En agglomération,Intersection en X,Normale,Deux véhicules - côté,7,2,2,3,1,1,1,5,1,30,2,2,1,0,0,1,32.0,29.0,voiture,deux_roues,5,2,2,1,3
202000034870,2020-07-30 19:45:00,2020,7,30,19,45,13,13212,SAINT JEAN DU DESERT (chemin),43.29459,5.416166,Plein jour,En agglomération,Hors intersection,Normale,Deux véhicules - côté,4,2,2,0,2,1,1,1,1,50,2,1,0,0,0,1,32.0,,deux_roues,,1,2,1,1,3
202000034871,2020-07-30 14:30:00,2020,7,30,14,30,13,13209,REDON (BOULEVARD DU),43.251074,5.42202,Plein jour,En agglomération,Hors intersection,Normale,Deux véhicules - frontale,4,2,2,0,1,1,1,0,1,50,2,4,0,0,0,4,70.0,56.0,voiture,voiture,1,2,1,1,1
202000034872,2020-07-31 05:50:00,2020,7,31,5,50,13,13001,BERRE (ROUTE DE),43.53771,5.38197,Crépuscule ou aube,Hors agglomération,Hors intersection,Normale,Deux véhicules - frontale,3,2,2,0,1,3,1,0,1,80,2,2,0,0,0,2,26.0,66.0,utilitaire_camion,utilitaire_camion,2,1,1,1,1
202000034873,2020-07-30 20:40:00,2020,7,30,20,40,11,11262,1848 (BOULEVARD),43.19186,3.01478,Crépuscule ou aube,En agglomération,Intersection en T,Normale,Deux véhicules - côté,4,3,4,0,1,1,1,0,1,50,2,3,1,0,1,1,57.0,19.0,voiture,voiture,2,2,3,1,3
202000034874,2020-07-30 05:30:00,2020,7,30,5,30,11,11397,RD 6113,43.204487,2.416457,Crépuscule ou aube,Hors agglomération,Hors intersection,Normale,Sans collision,3,1,1,0,2,3,1,3,2,50,1,2,0,0,0,2,19.0,,voiture,,2,1,1,1,7
202000034875,2020-07-31 07:36:00,2020,7,31,7,36,10,10333,NOTRE DAME DES PRES (RUE DE),48.2895,4.0451,Plein jour,En agglomération,Hors intersection,Normale,Autre collision,4,2,2,0,1,1,1,0,1,50,1,1,0,0,0,1,,,,,1,2,1,1,6
202000034876,2020-07-28 16:55:00,2020,7,28,16,55,06,06104,LODOLA (AVENUE DE LA),43.76481,7.48087,Plein jour,En agglomération,Autre intersection,Normale,Deux véhicules - côté,4,2,2,0,1,1,1,0,1,50,2,2,1,0,0,1,52.0,20.0,deux_roues,voiture,1,2,9,1,3
202000034877,2020-07-28 15:07:00,2020,7,28,15,7,02,02408,RN2,49.560677,3.6404,Plein jour,Hors agglomération,Hors intersection,Normale,Trois véhicules et plus - collisions multiples,2,2,3,0,1,3,1,0,1,50,5,9,3,4,1,1,38.0,57.0,utilitaire_camion,utilitaire_camion,1,1,1,1,5
202000034878,2020-07-31 15:05:00,2020,7,31,15,5,75,75105,RUE CUJAS,48.848332,2.341526,Plein jour,En agglomération,Intersection en T,Normale,Autre collision,4,1,1,0,2,1,1,0,1,30,1,2,1,0,0,1,34.0,,deux_roues,,1,2,3,1,6
202000034879,2020-07-30 20:30:00,2020,7,30,20,30,75,75106,RUE DE TOURNON,48.850237,2.337201,Plein jour,En agglomération,Hors intersection,Normale,Autre collision,4,2,2,0,2,1,1,0,1,50,1,1,0,0,0,1,37.0,,deux_roues,,1,2,1,1,6
202000034880,2020-07-31 12:10:00,2020,7,31,12,10,75,75120,RUE DES FRERES FLAVIEN,48.877392,2.411532,Plein jour,En agglomération,Hors intersection,Normale,,4,2,2,0,1,1,1,0,1,50,2,3,1,0,0,2,49.0,22.0,utilitaire_camion,deux_roues,1,2,1,1,-1
202000034881,2020-07-30 20:30:00,2020,7,30,20,30,75,75120,AVENUE DU DOCTEUR GLEY,48.877202,2.410032,Plein jour,En agglomération,Intersection en T,Normale,Trois véhicules et plus - en chaîne,4,1,3,0,1,1,1,0,1,50,3,4,2,0,0,2,29.0,24.0,voiture,voiture,1,2,3,1,4
202000034882,2020-07-31 19:13:00,2020,7,31,19,13,75,75119,PLACE DE LA PORTE DE PANTIN,48.889755,2.395706,Plein jour,En agglomération,Intersection en X,Normale,Deux véhicules - côté,4,1,4,0,1,1,1,0,1,50,2,2,1,0,0,1,52.0,35.0,deux_roues,voiture,1,2,2,1,3
202000034883,2020-07-31 00:30:00,2020,7,31,0,30,75,75119,BOULEVARD SERURIER,48.890421,2.396424,Nuit avec éclairage allumé,En agglomération,Intersection en Y,Normale,Deux véhicules - arrière,4,1,4,0,1,1,1,0,1,50,2,2,1,0,0,1,28.0,28.0,deux_roues,voiture,5,2,4,1,2
202000034884,2020-07-31 00:01:00,2020,7,31,0,1,75,75117,AVENUE DE CLICHY,48.886608,2.326002,Nuit avec éclairage allumé,En agglomération,Intersection en T,Normale,Deux véhicules - frontale,4,2,3,1,1,1,1,-1,5,30,2,2,1,0,0,1,23.0,31.0,voiture,deux_roues,5,2,3,1,1
202000034885,2020-07-31 17:30:00,2020,7,31,17,30,75,75116,ALLEE DE LA REINE MARGUERITE,48.849142,2.242051,Plein jour,En agglomération,Hors intersection,Normale,Deux véhicules - côté,4,2,2,0,1,1,1,0,1,50,2,3,2,0,0,1,46.0,36.0,deux_roues,voiture,1,2,1,1,3
202000034886,2020-07-31 07:15:00,2020,7,31,7,15,75,75116,RUE AMIRAL HAMELIN,48.866365,2.292438,Plein jour,En agglomération,Hors intersection,Normale,Autre collision,4,1,1,0,1,1,1,0,1,50,1,2,1,0,0,1,32.0,,utilitaire_camion,,1,2,1,1,6
202000034887,2020-07-30 23:20:00,2020,7,30,23,20,75,75117,AVENUE NIEL,48.879643,2.29471,Nuit avec éclairage allumé,En agglomération,Intersection en X,Autre,Autre collision,4,2,4,0,1,1,1,0,1,50,1,2,1,0,0,1,27.0,,voiture,,5,2,2,9,6
202000034888,2020-07-31 13:10:00,2020,7,31,13,10,75,75115,RUE DU DOCTEUR FINLAY,48.85291,2.286642,Plein jour,En agglomération,Intersection en T,Normale,Sans collision,4,1,1,0,1,1,1,0,1,50,1,1,0,0,0,1,42.0,,deux_roues,,1,2,3,1,7
202000034889,2020-07-31 08:05:00,2020,7,31,8,5,75,75115,RUE LECOURBE,48.845004,2.310651,Plein jour,En agglomération,Intersection en X,Normale,Deux véhicules - côté,4,1,2,1,1,1,1,-1,5,50,2,2,1,0,0,1,50.0,47.0,deux_roues,deux_roues,1,2,2,1,3
202000034890,2020-07-31 08:43:00,2020,7,31,8,43,75,75113,RUE BRUNESEAU,48.82486,2.387978,Plein jour,En agglomération,Hors intersection,Normale,Autre collision,4,2,2,0,1,1,1,0,1,50,1,2,1,0,0,1,32.0,,deux_roues,,1,2,1,1,6
202000034891,2020-07-30 11:27:00,2020,7,30,11,27,75,75113,QUAI D AUSTERLITZ,48.843029,2.366369,Plein jour,En agglomération,Hors intersection,Normale,Deux véhicules - côté,4,2,4,1,1,1,1,-1,5,30,2,2,1,0,0,1,20.0,25.0,deux_roues,deux_roues,1,2,1,1,3
202000034892,2020-07-31 18:55:00,2020,7,31,18,55,75,75112,BOULEVARD DE LA BASTILLE,48.85146,2.369225,Plein jour,En agglomération,Intersection en T,Normale,Deux véhicules - arrière,4,1,3,1,1,1,1,-1,5,50,2,1,0,0,0,1,54.0,,deux_roues,,1,2,3,1,2
202000034893,2020-07-31 17:10:00,2020,7,31,17,10,75,75107,QUAI BRANLY,48.859101,2.293627,Plein jour,En agglomération,Hors intersection,Normale,Autre collision,4,2,6,0,1,1,1,0,4,50,1,2,1,0,0,1,18.0,,deux_roues,,1,2,1,1,6
202000034894,2020-07-30 20:20:00,2020,7,30,20,20,75,75107,QUAI BRANLY,48.85851,2.292735,Plein jour,En agglomération,Hors intersection,Normale,Deux véhicules - côté,4,2,2,1,4,1,1,-1,5,50,2,2,1,0,0,1,33.0,60.0,deux_roues,deux_roues,1,2,1,1,3
202000034895,2020-07-31 10:05:00,2020,7,31,10,5,75,75107,QUAI D ORSAY,48.862749,2.311654,Plein jour,En agglomération,Intersection en T,Temps éblouissant,Deux véhicules - côté,4,2,4,0,1,1,1,0,1,50,2,4,1,0,0,3,49.0,49.0,voiture,voiture,1,2,3,7,3
202000034896,2020-07-31 01:59:00,2020,7,31,1,59,75,75107,RUE DE L UNIVERSITE,48.860743,2.318754,Nuit avec éclairage allumé,En agglomération,Place,Normale,Deux véhicules - côté,4,2,2,0,1,1,1,0,1,50,2,3,2,0,0,1,25.0,43.0,deux_roues,voiture,5,2,7,1,3
202000034897,2020-07-28 09:30:00,2020,7,28,9,30,75,75101,RUE DES BOURDONNAIS,48.860709,2.345778,Plein jour,En agglomération,Intersection en T,Normale,Sans collision,4,1,0,0,1,1,1,0,1,30,1,1,0,0,0,1,25.0,,deux_roues,,1,2,3,1,7
202000034898,2020-07-31 12:00:00,2020,7,31,12,0,94,94080,FELIX FAURE (R),48.84756,2.45249,Plein jour,En agglomération,Intersection à plus de 4 branches,Normale,Deux véhicules - côté,4,1,2,0,1,1,1,0,1,50,2,2,1,0,0,1,29.0,50.0,voiture,utilitaire_camion,1,2,5,1,3
202000034899,2020-07-31 10:50:00,2020,7,31,10,50,94,94046,REPUBLIQUE (AV DE LA),48.80528,2.43944,Plein jour,En agglomération,Hors intersection,Normale,Deux véhicules - côté,3,2,2,0,1,1,1,0,1,50,2,2,1,0,0,1,33.0,22.0,deux_roues,utilitaire_camion,1,2,1,1,3
202000034900,2020-07-31 09:15:00,2020,7,31,9,15,94,94003,PRESIDENT NELSON MANDELA (AV),48.81223,2.32819,Plein jour,En agglomération,Hors intersection,Normale,Autre collision,4,3,2,0,1,1,1,0,1,50,1,2,1,0,0,1,19.0,,utilitaire_camion,,1,2,1,1,6
202000034901,2020-07-31 18:55:00,2020,7,31,18,55,94,94041,PAUL VAILLANT COUTURIER (BD),48.81799,2.39832,Plein jour,En agglomération,Hors intersection,Normale,Autre collision,3,-1,1,0,1,1,1,0,1,50,1,2,1,0,0,1,54.0,,voiture,,1,2,1,1,6