accident_id,datetime,annee,mois,jour,heure,minute,departement,commune_insee,adresse,latitude,longitude,luminosite,agglomeration,intersection,meteo,collision,catr,circ,nbv,vosp,prof,plan,surf,infra,situ,vma,nb_vehicules,nb_usagers,nb_indemnes,nb_tues,nb_blesses_hosp,nb_blesses_legers,age_cond_1,age_cond_2,veh_type_cond_1,veh_type_cond_2,lum_code,agg_code,int_code,atm_code,col_code
202000034902,2020-07-31 09:00:00,2020,7,31,9,0,94,94077,REPUBLIQUE (AV DE LA),48.73143,2.41485,Plein jour,En agglomération,Hors intersection,Normale,Autre collision,3,2,0,0,2,1,1,0,1,50,1,1,0,0,1,0,45.0,,deux_roues,,1,2,1,1,6
202000034903,2020-07-31 14:40:00,2020,7,31,14,40,94,94017,GENERAL DE GAULLE (AV DU),48.825112,2.501344,Plein jour,En agglomération,Hors intersection,Normale,Deux véhicules - frontale,3,3,1,0,1,1,1,0,1,30,2,2,1,0,0,1,58.0,14.0,voiture,deux_roues,1,2,1,1,1
202000034904,2020-07-31 13:40:00,2020,7,31,13,40,94,94017,LUCIE (QU),48.829922,2.502382,Plein jour,En agglomération,Hors intersection,Normale,Autre collision,4,2,2,2,1,1,1,9,1,30,1,1,0,0,0,1,69.0,,deux_roues,,1,2,1,1,6
202000034905,2020-07-31 10:30:00,2020,7,31,10,30,94,94017,PETIT BOIS (R DU),48.81934,2.498971,Plein jour,En agglomération,Hors intersection,Normale,Autre collision,4,1,1,0,1,1,1,9,1,30,1,2,0,0,0,2,19.0,,voiture,,1,2,1,1,6
202000034906,2020-07-30 05:40:00,2020,7,30,5,40,94,94017,STALINGRAD - PONT DE NOGENT (BD DE),48.829407,2.493169,Nuit avec éclairage allumé,En agglomération,Intersection en X,Normale,Deux véhicules - arrière,3,3,5,0,1,1,1,2,1,50,2,1,0,0,0,1,31.0,,deux_roues,,5,2,2,1,2
202000034907,2020-07-31 07:50:00,2020,7,31,7,50,93,93066,CASANOVA DANIELLE NR 2 A 50 ET 1 A 19,48.9297182,2.3601852,Plein jour,En agglomération,Autre intersection,Normale,Autre collision,3,3,4,0,1,1,1,0,1,50,1,2,1,0,0,1,32.0,,voiture,,1,2,9,1,6
202000034908,2020-07-29 13:20:00,2020,7,29,13,20,93,93066,LENINE (AVENUE) NR 28 A 62 ET 13 A 41,48.9409634,2.3670157,Plein jour,En agglomération,Hors intersection,Normale,Trois véhicules et plus - en chaîne,3,2,4,0,1,1,1,0,1,50,4,4,2,0,0,2,79.0,43.0,voiture,voiture,1,2,1,1,4
202000034909,2020-07-31 16:30:00,2020,7,31,16,30,93,93051,PAUL PAMBRUN (BOULEVARD),48.85032,2.55297,Plein jour,En agglomération,Hors intersection,Normale,Deux véhicules - arrière,4,3,4,0,1,1,1,0,1,50,2,2,1,0,0,1,63.0,60.0,deux_roues,voiture,1,2,1,1,2
202000034910,2020-07-31 11:45:00,2020,7,31,11,45,93,93074,BOULEVARD JACQUES AMYOT / R D'ALGER,48.93978,2.56912,Plein jour,En agglomération,Intersection en X,Normale,Deux véhicules - côté,4,1,1,0,1,1,1,0,1,50,2,3,2,0,0,1,39.0,77.0,voiture,voiture,1,2,2,1,3
202000034911,2020-07-30 18:00:00,2020,7,30,18,0,93,93045,R DE PARIS / R FRANCINE FROMOND,48.87905,2.41307,Plein jour,En agglomération,Intersection en X,Normale,Deux véhicules - arrière,3,2,2,0,1,1,1,0,1,50,2,2,0,0,0,2,49.0,27.0,voiture,voiture,1,2,2,1,2
202000034912,2020-07-31 17:34:00,2020,7,31,17,34,93,93014,COTEAU (AVENUE DU),48.91447,2.54568,Plein jour,En agglomération,Intersection en X,Temps couvert,Trois véhicules et plus - collisions multiples,7,2,2,0,2,1,1,0,1,50,4,2,0,0,0,2,36.0,38.0,voiture,voiture,1,2,2,8,5
202000034913,2020-07-30 23:47:00,2020,7,30,23,47,93,93008,PICASSO (RUE PABLO),48.90906,2.44904,Nuit avec éclairage allumé,En agglomération,Autre intersection,Normale,Deux véhicules - côté,4,3,0,1,1,1,1,0,1,50,2,2,1,0,0,1,23.0,35.0,voiture,deux_roues,5,2,9,1,3
202000034914,2020-07-31 14:00:00,2020,7,31,14,0,92,92033,GRANDE RUE,48.8443,2.18844,Plein jour,En agglomération,Hors intersection,Normale,Autre collision,4,1,1,0,2,3,1,0,1,30,1,1,0,0,0,1,58.0,,voiture,,1,2,1,1,6
202000034915,2020-07-28 22:10:00,2020,7,28,22,10,92,92050,CLEMENCEAU GEORGES AVENUE N° PAIR,48.8863041,2.2111546,Crépuscule ou aube,En agglomération,Hors intersection,Normale,Deux véhicules - côté,3,2,6,2,2,1,1,0,1,50,2,3,1,0,2,0,24.0,28.0,deux_roues,utilitaire_camion,2,2,1,1,3
202000034916,2020-07-31 14:50:00,2020,7,31,14,50,92,92044,CHARLES PASQUA (QUAI) 58 A90,48.9017512,2.2861401,Plein jour,En agglomération,Hors intersection,Normale,Deux véhicules - côté,3,2,2,0,1,1,1,0,1,50,2,2,1,0,0,1,26.0,36.0,deux_roues,deux_roues,1,2,1,1,3
202000034917,2020-07-31 07:30:00,2020,7,31,7,30,92,92040,ERNEST RENAN,48.826971,2.279223,Plein jour,En agglomération,Intersection en X,Normale,,3,1,0,0,1,1,1,0,1,50,2,1,0,0,0,1,22.0,,deux_roues,,1,2,2,1,-1
202000034918,2020-07-30 17:25:00,2020,7,30,17,25,92,92036,PIERRE DE COUBERTIN PROLONGE,48.926487,2.284712,Plein jour,En agglomération,Hors intersection,Normale,Deux véhicules - côté,3,3,4,0,1,1,1,0,1,50,2,2,1,0,0,1,52.0,50.0,voiture,utilitaire_camion,1,2,1,1,3
202000034919,2020-08-01 05:00:00,2020,8,1,5,0,26,26231,1640 Route des Balmes,45.089891,5.008854,Nuit sans éclairage public,Hors agglomération,Hors intersection,Normale,Autre collision,4,2,2,0,2,3,1,0,3,80,1,1,0,0,1,0,24.0,,voiture,,3,1,1,1,6
202000034920,2020-08-01 02:30:00,2020,8,1,2,30,77,77415,A4,48.940522,3.0327215,Nuit sans éclairage public,Hors agglomération,Hors intersection,Normale,Trois véhicules et plus - collisions multiples,1,3,4,0,1,1,1,0,1,130,3,6,3,1,1,1,44.0,54.0,voiture,voiture,3,1,1,1,5
202000034921,2020-08-01 16:40:00,2020,8,1,16,40,83,83031,Autoroute A8,43.401181,6.36662,Plein jour,Hors agglomération,Hors intersection,Normale,Deux véhicules - arrière,1,3,3,0,1,1,1,0,1,130,2,4,2,0,0,2,24.0,28.0,voiture,voiture,1,1,1,1,2
202000034922,2020-07-16 18:30:00,2020,7,16,18,30,85,85159,D949  - PK 15200 croissant,46.47231,-1.04097,Plein jour,En agglomération,Hors intersection,Normale,Deux véhicules - frontale,3,2,2,0,1,1,1,0,1,70,2,2,0,0,2,0,82.0,79.0,voiture,voiture,1,2,1,1,1
202000034923,2020-07-31 17:00:00,2020,7,31,17,0,35,35014,La Haute Perauderie,48.005285,-1.274607,Plein jour,Hors agglomération,Hors intersection,Normale,Autre collision,3,2,2,0,1,2,1,0,3,80,1,1,0,0,1,0,22.0,,deux_roues,,1,1,1,1,6
202000034924,2020-08-01 17:15:00,2020,8,1,17,15,60,60207,Rue Saint-léger,49.285361,3.028295,Plein jour,En agglomération,Hors intersection,Normale,Autre collision,4,1,1,0,1,1,1,0,1,50,1,1,0,0,1,0,28.0,,deux_roues,,1,2,1,1,6
202000034925,2020-07-31 18:30:00,2020,7,31,18,30,44,44086,D775,47.681866,-1.593592,Plein jour,Hors agglomération,Hors intersection,Normale,Deux véhicules - arrière,3,2,2,0,1,1,1,0,1,80,2,2,0,0,1,1,36.0,51.0,deux_roues,utilitaire_camion,1,1,1,1,2
202000034926,2020-07-31 16:00:00,2020,7,31,16,0,30,30221,N 580,44.038584,4.728756,Plein jour,Hors agglomération,Hors intersection,Normale,Deux véhicules - frontale,2,2,2,0,2,1,1,0,1,80,2,2,0,0,1,1,43.0,32.0,voiture,voiture,1,1,1,1,1
202000034927,2020-07-31 19:00:00,2020,7,31,19,0,50,50214,D454,48.930514,-1.095243,Plein jour,Hors agglomération,Hors intersection,Normale,Deux véhicules - frontale,3,2,2,0,2,1,1,0,1,80,2,6,4,0,0,2,43.0,43.0,utilitaire_camion,voiture,1,1,1,1,1
202000034928,2020-07-31 09:40:00,2020,7,31,9,40,47,47108,Au Luc,44.487451,0.129433,Plein jour,Hors agglomération,Hors intersection,Normale,Trois véhicules et plus - collisions multiples,4,2,2,0,4,2,1,0,1,80,3,3,0,0,2,1,83.0,32.0,voiture,voiture,1,1,1,1,5
202000034929,2020-08-01 12:35:00,2020,8,1,12,35,41,41278,N10,47.655614,0.957688,Plein jour,Hors agglomération,Hors intersection,Normale,Deux véhicules - frontale,2,2,2,0,1,4,1,8,1,-1,2,2,1,0,1,0,42.0,26.0,utilitaire_camion,voiture,1,1,1,1,1
202000034930,2020-07-31 18:10:00,2020,7,31,18,10,77,77022,2 Grande Rue,48.442971,2.612187,Plein jour,En agglomération,Hors intersection,Normale,Sans collision,9,2,2,0,1,1,1,0,1,50,1,2,1,0,0,1,35.0,,deux_roues,,1,2,1,1,7
202000034931,2020-08-01 15:45:00,2020,8,1,15,45,56,56251,Rue Gabriel de Goulaine,47.629084,-2.667471,Plein jour,En agglomération,Intersection en T,Normale,Deux véhicules - côté,4,2,2,0,1,1,1,0,1,50,2,2,1,0,0,1,15.0,52.0,deux_roues,voiture,1,2,3,1,3
202000034932,2020-07-31 19:30:00,2020,7,31,19,30,56,56053,Lieu Dit Villemaigre,47.738213,-2.609511,Plein jour,Hors agglomération,Hors intersection,Normale,Autre collision,4,2,2,0,1,1,1,0,1,70,1,2,1,0,1,0,42.0,,voiture,,1,1,1,1,6
202000034933,2020-08-01 16:55:00,2020,8,1,16,55,74,74109,Rue des Nants,46.088865,5.835729,Plein jour,Hors agglomération,Autre intersection,Temps éblouissant,Deux véhicules - arrière,3,2,2,0,1,1,1,0,1,80,2,4,2,0,0,2,46.0,39.0,voiture,voiture,1,1,9,7,2
202000034934,2020-07-30 22:15:00,2020,7,30,22,15,2A,2A006,Ficciolosa,41.9739075,8.7425657,Nuit sans éclairage public,En agglomération,Hors intersection,Normale,Sans collision,3,2,2,0,2,1,1,0,8,50,1,2,0,0,2,0,22.0,,deux_roues,,3,2,1,1,7
202000034935,2020-08-01 16:50:00,2020,8,1,16,50,2B,2B150,Salduccio,42.566254,8.82046,Plein jour,Hors agglomération,Intersection en T,Normale,Deux véhicules - côté,2,2,2,0,2,1,1,0,1,70,2,3,2,0,1,0,71.0,21.0,deux_roues,voiture,1,1,3,1,3
202000034936,2020-08-01 19:15:00,2020,8,1,19,15,32,32210,D121,43.561284,1.128078,Plein jour,Hors agglomération,Hors intersection,Normale,Autre collision,3,2,2,0,2,2,1,0,8,80,1,1,0,0,1,0,25.0,,deux_roues,,1,1,1,1,6
202000034937,2020-08-01 01:15:00,2020,8,1,1,15,49,49069,10 Rue de l'Etang,47.27845,-1.174303,Nuit sans éclairage public,Hors agglomération,Hors intersection,Normale,Deux véhicules - frontale,3,2,2,0,1,1,1,0,1,-1,2,2,1,0,1,0,18.0,38.0,deux_roues,voiture,3,1,1,1,1
202000034938,2020-08-01 09:20:00,2020,8,1,9,20,12,12291,Vezouillac,44.21128,3.076547,Plein jour,Hors agglomération,Hors intersection,Normale,Autre collision,3,2,2,0,2,2,9,0,3,50,1,1,0,0,1,0,22.0,,voiture,,1,1,1,1,6
202000034939,2020-08-01 12:49:00,2020,8,1,12,49,47,47301,D933,44.559163,0.308776,Plein jour,Hors agglomération,Hors intersection,Pluie légère,Autre collision,3,2,2,0,1,1,2,0,3,80,1,1,0,0,1,0,28.0,,voiture,,1,1,1,2,6
202000034940,2020-07-31 17:35:00,2020,7,31,17,35,41,41280,Avenue du Val du Cher,47.286276,1.769464,Plein jour,Hors agglomération,Intersection en X,Normale,Deux véhicules - côté,3,2,2,0,1,1,1,0,1,70,2,2,0,1,1,0,23.0,24.0,voiture,deux_roues,1,1,2,1,3
202000034941,2020-08-01 03:15:00,2020,8,1,3,15,68,68060,D483,47.733428,7.132949,Nuit sans éclairage public,Hors agglomération,Hors intersection,Normale,Autre collision,3,2,2,0,2,1,1,0,3,70,1,1,0,0,1,0,23.0,,voiture,,3,1,1,1,6
202000034942,2020-07-31 07:30:00,2020,7,31,7,30,39,39470,,46.467561,6.06853,Plein jour,Hors agglomération,Intersection en Y,Temps éblouissant,Deux véhicules - côté,3,2,2,0,1,1,1,5,1,80,2,2,1,0,1,0,51.0,61.0,deux_roues,voiture,1,1,4,7,3
202000034943,2020-07-31 19:30:00,2020,7,31,19,30,25,25424,RD32 - VANCLANS,47.100114,6.348467,Plein jour,Hors agglomération,Intersection en T,Normale,Deux véhicules - côté,3,2,2,0,1,1,1,0,1,80,2,2,1,1,0,0,67.0,52.0,deux_roues,voiture,1,1,3,1,3
202000034944,2020-08-01 15:20:00,2020,8,1,15,20,25,25561,D107e1,47.168769,5.905881,Plein jour,Hors agglomération,Hors intersection,Normale,Autre collision,3,2,2,0,1,1,1,0,3,80,1,2,0,1,1,0,91.0,,voiture,,1,1,1,1,6
202000034945,2020-08-01 10:20:00,2020,8,1,10,20,35,35297,8 Route de St Onen la Chapelle,48.183303,-2.18504,Plein jour,En agglomération,Hors intersection,Normale,Deux véhicules - côté,3,2,2,0,1,1,1,0,1,50,2,3,2,1,0,0,20.0,84.0,voiture,deux_roues,1,2,1,1,3
202000034946,2020-07-31 20:15:00,2020,7,31,20,15,29,29069,D105 - Route de Pont Cabioch,48.4025885,-4.5444197,Plein jour,Hors agglomération,Hors intersection,Pluie légère,Deux véhicules - frontale,3,2,2,0,2,2,2,0,1,60,2,2,0,0,2,0,26.0,58.0,voiture,voiture,1,1,1,2,1
202000034947,2020-08-01 01:20:00,2020,8,1,1,20,29,29173,10 Allee de l'Eglantine,48.0064131,-4.1712951,Nuit sans éclairage public,Hors agglomération,Hors intersection,Pluie légère,Autre collision,3,2,2,0,1,3,2,0,8,80,1,1,0,1,0,0,19.0,,voiture,,3,1,1,2,6
202000034948,2020-07-31 17:30:00,2020,7,31,17,30,38,38001,Rue Victor Hugo,45.552518,5.584756,Plein jour,Hors agglomération,Hors intersection,Normale,Deux véhicules - frontale,3,2,2,0,2,3,1,0,1,50,2,3,0,0,2,1,18.0,29.0,voiture,voiture,1,1,1,1,1
202000034949,2020-07-31 14:45:00,2020,7,31,14,45,01,01306,93 Grande Rue,46.260251,4.887822,Plein jour,En agglomération,Hors intersection,Normale,Autre collision,3,2,2,0,1,1,1,0,1,50,1,2,1,0,1,0,53.0,,voiture,,1,2,1,1,6
202000034950,2020-07-25 13:25:00,2020,7,25,13,25,66,66025,30 Avenue des Guinguettes,42.433284,1.946028,Plein jour,En agglomération,Autre intersection,Normale,Autre collision,2,2,2,0,1,2,1,6,1,50,1,2,1,0,1,0,27.0,,voiture,,1,2,9,1,6
202000034951,2020-08-01 17:30:00,2020,8,1,17,30,06,06079,318 Rue Capitaine de Corvette Marche,43.517766,6.936756,Plein jour,Hors agglomération,Hors intersection,Normale,Deux véhicules - frontale,3,2,2,0,2,3,1,0,1,50,2,15,1,1,0,13,32.0,56.0,voiture,transport_commun,1,1,1,1,1
202000034952,2020-08-01 08:50:00,2020,8,1,8,50,18,18231,D951,46.731022,2.590606,Plein jour,Hors agglomération,Hors intersection,Normale,Autre collision,3,2,2,1,1,1,1,0,1,80,1,1,0,0,1,0,32.0,,deux_roues,,1,1,1,1,6
202000034953,2020-07-19 18:10:00,2020,7,19,18,10,10,10287,D43,48.271433,4.369404,Plein jour,Hors agglomération,Hors intersection,Normale,Deux véhicules - arrière,3,2,2,0,1,1,1,0,1,80,2,2,1,0,1,0,58.0,57.0,deux_roues,deux_roues,1,1,1,1,2
202000034954,2020-07-31 21:20:00,2020,7,31,21,20,16,16181,Lieu dit Chez Redon,46.044642,0.663385,Crépuscule ou aube,Hors agglomération,Hors intersection,Normale,Autre collision,3,2,2,0,2,1,1,0,3,90,1,1,0,0,1,0,25.0,,voiture,,2,1,1,1,6
202000034955,2020-07-30 13:40:00,2020,7,30,13,40,53,53262,D20,48.074911,-0.551355,Plein jour,Hors agglomération,Hors intersection,Normale,Sans collision,3,2,2,0,2,1,1,0,3,80,1,1,0,0,1,0,19.0,,voiture,,1,1,1,1,7
202000034956,2020-08-01 02:30:00,2020,8,1,2,30,24,24504,D43,45.200812,0.390296,Nuit sans éclairage public,Hors agglomération,Hors intersection,Normale,Sans collision,3,2,2,0,1,2,1,0,3,70,1,3,0,0,0,3,19.0,,voiture,,3,1,1,1,7
202000034957,2020-07-31 17:00:00,2020,7,31,17,0,17,17223,D739,45.871758,-0.231824,Plein jour,Hors agglomération,Hors intersection,Normale,Sans collision,3,2,2,0,1,1,1,0,8,80,1,1,0,0,1,0,28.0,,voiture,,1,1,1,1,7
202000034958,2020-08-01 14:30:00,2020,8,1,14,30,48,48016,N106,44.476505,3.465301,Plein jour,Hors agglomération,Hors intersection,Normale,,2,2,2,0,1,1,1,0,1,80,2,6,3,0,0,3,49.0,65.0,voiture,voiture,1,1,1,1,-1
202000034959,2020-09-28 09:50:00,2020,9,28,9,50,33,33063,BD ALIENOR D'AQUITAINE/BD ALFRED DANEY/RUE LUCIEN FAURE,44.87014,-0.56659,Plein jour,En agglomération,Autre intersection,Normale,Deux véhicules - arrière,4,3,8,0,1,2,1,0,1,50,2,3,2,0,0,1,41.0,51.0,utilitaire_camion,voiture,1,2,9,1,2
202000034960,2020-08-01 08:00:00,2020,8,1,8,0,48,48016,D986,44.466897,3.458505,Plein jour,Hors agglomération,Hors intersection,Normale,Sans collision,3,2,2,0,2,3,1,0,1,80,1,1,0,0,0,1,25.0,,deux_roues,,1,1,1,1,7
202000034961,2020-08-01 11:05:00,2020,8,1,11,5,52,52332,D107 - EPINANT,47.999053,5.458778,Plein jour,En agglomération,Intersection en Y,Normale,Deux véhicules - côté,3,2,2,0,1,2,1,0,1,50,2,3,2,0,1,0,30.0,72.0,deux_roues,voiture,1,2,4,1,3
202000034962,2020-09-28 08:20:00,2020,9,28,8,20,33,33522,AVE PIERRE CORNEILLE,44.788426,-0.586937,Plein jour,En agglomération,Intersection en T,Normale,Deux véhicules - côté,4,2,2,-1,1,1,1,0,1,50,2,4,0,0,0,4,33.0,27.0,utilitaire_camion,voiture,1,2,3,1,3
202000034963,2020-07-31 18:20:00,2020,7,31,18,20,49,49301,RN249 ,47.095202,-1.010646,Plein jour,Hors agglomération,Hors intersection,Normale,Deux véhicules - arrière,2,3,4,0,1,1,1,0,1,110,2,2,1,0,0,1,60.0,25.0,utilitaire_camion,utilitaire_camion,1,1,1,1,2
202000034964,2020-09-28 15:15:00,2020,9,28,15,15,32,32013,CORPS FRANC POMMIES (AVENUE DU),43.62842,0.57937,Plein jour,En agglomération,Hors intersection,Normale,Deux véhicules - arrière,2,2,2,0,1,1,1,0,1,70,2,4,3,0,0,1,36.0,25.0,voiture,deux_roues,1,2,1,1,2
202000034965,2020-08-01 01:15:00,2020,8,1,1,15,80,80160,Viaduc de l'Avre (Pont),49.8532769,2.3562455,Nuit sans éclairage public,Hors agglomération,Hors intersection,Normale,Deux véhicules - arrière,1,3,4,0,2,1,1,0,1,110,2,2,1,0,1,0,46.0,42.0,voiture,deux_roues,3,1,1,1,2
202000034966,2020-09-25 18:15:00,2020,9,25,18,15,31,31555,AV DU GENERAL EISENHOWER,43.56032,1.39375,Plein jour,En agglomération,Hors intersection,Normale,Deux véhicules - côté,4,2,4,0,1,1,1,0,1,50,2,2,1,0,1,0,49.0,40.0,deux_roues,voiture,1,2,1,1,3
202000034967,2020-08-01 06:30:00,2020,8,1,6,30,01,01254,A40,46.165981,5.299873,Crépuscule ou aube,Hors agglomération,Hors intersection,Normale,Autre collision,1,3,3,0,1,1,1,0,1,110,1,4,0,0,0,4,20.0,,voiture,,2,1,1,1,6
202000034968,2020-09-25 13:20:00,2020,9,25,13,20,31,31555,BD DE STRASBOURG,43.6071,1.44712,Plein jour,En agglomération,Hors intersection,Pluie légère,Deux véhicules - arrière,4,2,2,3,1,1,2,0,1,50,2,2,1,0,0,1,41.0,29.0,voiture,deux_roues,1,2,1,2,2
202000034969,2020-07-31 01:00:00,2020,7,31,1,0,18,18038,A71,46.793038,2.413731,Nuit sans éclairage public,Hors agglomération,Hors intersection,Normale,Autre collision,1,3,4,3,1,1,1,0,2,130,1,2,0,0,2,0,46.0,,voiture,,3,1,1,1,6
202000034970,2020-09-27 08:00:00,2020,9,27,8,0,29,29232,Rue de Benodet,47.98703,-4.10799,Plein jour,En agglomération,Intersection en X,Normale,Deux véhicules - frontale,4,3,2,0,2,1,1,5,1,50,2,2,1,0,0,1,49.0,56.0,voiture,deux_roues,1,2,2,1,1
202000034971,2020-08-01 03:45:00,2020,8,1,3,45,17,17038,N10,45.173922,-0.331274,Nuit sans éclairage public,Hors agglomération,Hors intersection,Normale,Deux véhicules - arrière,2,3,4,0,1,1,1,0,1,110,2,2,1,0,1,0,33.0,39.0,utilitaire_camion,utilitaire_camion,3,1,1,1,2
202000034972,2020-09-28 07:50:00,2020,9,28,7,50,26,26362,37 Rue Jean Jaurès,44.92808,4.90625,Plein jour,En agglomération,Hors intersection,Pluie légère,Deux véhicules - arrière,4,1,1,1,1,1,2,0,5,50,2,2,1,0,1,0,14.0,47.0,deux_roues,transport_commun,1,2,1,2,2
202000034973,2020-07-31 16:10:00,2020,7,31,16,10,77,77069,D637,48.457416,2.587913,Plein jour,Hors agglomération,Intersection en X,Temps éblouissant,Deux véhicules - arrière,3,1,2,0,1,1,1,5,1,90,2,3,2,0,1,0,79.0,62.0,voiture,voiture,1,1,2,7,2
202000034974,2020-09-28 18:35:00,2020,9,28,18,35,17,17200,CRAPAUDIERES   AVENUE DES,46.17242,-1.17413,Plein jour,En agglomération,Hors intersection,Normale,Deux véhicules - arrière,4,2,2,0,1,1,1,0,1,50,2,1,0,0,0,1,47.0,,deux_roues,,1,2,1,1,2
202000034975,2020-08-01 10:46:00,2020,8,1,10,46,77,77437,D401,49.042369,2.772353,Plein jour,Hors agglomération,Hors intersection,Normale,Deux véhicules - frontale,3,2,1,0,1,1,1,0,1,90,2,2,1,0,1,0,35.0,43.0,voiture,voiture,1,1,1,1,1
202000034976,2020-09-28 10:20:00,2020,9,28,10,20,17,17028,GRASSET   AVENUE EDMOND,46.13129,-1.099165,Plein jour,En agglomération,Hors intersection,Normale,Deux véhicules - arrière,3,2,2,0,1,1,1,0,1,50,2,2,1,0,0,1,62.0,16.0,voiture,deux_roues,1,2,1,1,2
202000034977,2020-08-01 00:10:00,2020,8,1,0,10,77,77393,N4,48.687509,2.964603,Nuit sans éclairage public,Hors agglomération,Hors intersection,Normale,Deux véhicules - arrière,2,3,4,3,1,1,1,9,1,110,2,1,0,0,1,0,39.0,,deux_roues,,3,1,1,1,2
202000034978,2020-09-28 19:38:00,2020,9,28,19,38,14,14030,CD N°126,49.2092838,-0.4222172,Plein jour,En agglomération,Hors intersection,Normale,Sans collision,3,2,2,0,1,1,1,0,1,80,1,2,1,0,0,1,19.0,,voiture,,1,2,1,1,7
202000034979,2020-09-28 12:25:00,2020,9,28,12,25,14,14327,PARC SAINT ANDRE (AVENUE DU),49.2049578,-0.3489017,Plein jour,En agglomération,Intersection en T,Normale,Deux véhicules - côté,4,2,2,0,1,1,1,0,1,50,2,2,1,0,0,1,20.0,25.0,deux_roues,voiture,1,2,3,1,3
202000034980,2020-09-27 10:00:00,2020,9,27,10,0,14,14118,FALAISE (RUE DE  - 90 PAIR 95 IMPAIR),49.16868,-0.35189,Plein jour,En agglomération,Hors intersection,Normale,Autre collision,4,2,2,0,1,1,1,0,1,50,1,2,1,0,0,1,67.0,,voiture,,1,2,1,1,6
202000034981,2020-07-31 19:00:00,2020,7,31,19,0,78,78590,D91,48.680458,1.965477,Plein jour,Hors agglomération,Hors intersection,Normale,Autre collision,3,2,2,0,1,2,1,0,3,70,1,1,0,0,1,0,20.0,,deux_roues,,1,1,1,1,6
202000034982,2020-09-28 12:15:00,2020,9,28,12,15,13,13212,24 AVRIL 15 (AVENUE DU),43.30774,5.42686,Plein jour,En agglomération,Autre intersection,Normale,Deux véhicules - côté,4,2,2,0,2,1,1,0,8,30,2,2,1,0,0,1,93.0,21.0,voiture,voiture,1,2,9,1,3
202000034983,2020-07-31 18:15:00,2020,7,31,18,15,83,83042,Chemin de la Mort du Luc,43.244703,6.554503,Plein jour,Hors agglomération,Hors intersection,Normale,Deux véhicules - frontale,4,2,2,0,2,4,1,0,1,50,2,2,0,0,1,1,43.0,44.0,deux_roues,voiture,1,1,1,1,1
202000034984,2020-08-01 11:50:00,2020,8,1,11,50,05,05063,D1091,45.037869,6.21279,Plein jour,Hors agglomération,Hors intersection,Normale,Autre collision,3,2,2,0,1,1,1,0,1,90,1,1,0,0,1,0,68.0,,deux_roues,,1,1,1,1,6
202000034985,2020-09-25 13:30:00,2020,9,25,13,30,13,13202,PARIS (BOULEVARD DE),43.311718,5.369206,Plein jour,En agglomération,Hors intersection,Normale,Autre collision,4,1,3,0,1,1,1,0,6,50,1,2,1,0,0,1,19.0,,voiture,,1,2,1,1,6
202000034986,2020-07-31 16:30:00,2020,7,31,16,30,67,67101,D1420,48.5183751,7.4793536,Plein jour,Hors agglomération,Hors intersection,Normale,Trois véhicules et plus - collisions multiples,3,2,2,0,1,1,1,0,1,90,3,5,4,0,0,1,29.0,30.0,voiture,voiture,1,1,1,1,5
202000034987,2020-09-28 12:42:00,2020,9,28,12,42,09,09225,MIREPOIX ROUTE DE,43.10182,1.63512,Plein jour,Hors agglomération,Hors intersection,Normale,Deux véhicules - côté,3,2,3,0,1,1,1,3,1,70,2,3,1,0,0,2,24.0,40.0,voiture,voiture,1,1,1,1,3
202000034988,2020-08-01 15:00:00,2020,8,1,15,0,73,73242,D926,45.197643,6.279631,Plein jour,Hors agglomération,Hors intersection,Normale,Autre collision,3,2,2,0,2,4,1,0,8,80,1,1,0,0,1,0,53.0,,deux_roues,,1,1,1,1,6
202000034989,2020-08-01 11:35:00,2020,8,1,11,35,69,69167,D504,46.013699,4.586277,Plein jour,Hors agglomération,Hors intersection,Normale,Sans collision,3,2,2,0,2,4,1,0,3,80,1,1,0,0,1,0,27.0,,deux_roues,,1,1,1,1,7
202000034990,2020-09-28 06:00:00,2020,9,28,6,0,09,09225,FOIX AVENUE DE,43.10718,1.61825,Nuit avec éclairage allumé,En agglomération,Hors intersection,Pluie légère,Deux véhicules - côté,3,-1,2,0,1,1,2,0,1,50,2,4,1,0,0,3,43.0,25.0,voiture,voiture,5,2,1,2,3
202000034991,2020-08-01 19:50:00,2020,8,1,19,50,69,69154,Route de la Luere,45.762329,4.63295,Crépuscule ou aube,Hors agglomération,Hors intersection,Temps couvert,Autre collision,3,2,2,0,2,3,2,0,3,80,1,2,1,0,0,1,34.0,,voiture,,2,1,1,8,6
202000034992,2020-09-28 12:15:00,2020,9,28,12,15,06,06088,RAIBERTI (R.),43.711,7.26411,Plein jour,En agglomération,Hors intersection,Normale,Autre collision,4,2,2,0,1,1,1,0,1,50,1,2,1,0,1,0,40.0,,voiture,,1,2,1,1,6
202000034993,2020-07-31 11:10:00,2020,7,31,11,10,44,44195,Le Bas Matz,47.370505,-1.95187,Plein jour,En agglomération,Giratoire,Normale,Deux véhicules - côté,3,2,2,0,1,1,1,0,1,50,2,2,1,0,1,0,46.0,50.0,deux_roues,voiture,1,2,6,1,3
202000034994,2020-09-27 14:40:00,2020,9,27,14,40,06,06027,BONAPARTE RUE,43.660114,7.150181,Plein jour,En agglomération,Autre intersection,Normale,Deux véhicules - côté,4,1,0,0,1,2,1,0,1,50,2,1,0,0,0,1,25.0,,deux_roues,,1,2,9,1,3