accident_id,datetime,annee,mois,jour,heure,minute,departement,commune_insee,adresse,latitude,longitude,luminosite,agglomeration,intersection,meteo,collision,catr,circ,nbv,vosp,prof,plan,surf,infra,situ,vma,nb_vehicules,nb_usagers,nb_indemnes,nb_tues,nb_blesses_hosp,nb_blesses_legers,age_cond_1,age_cond_2,veh_type_cond_1,veh_type_cond_2,lum_code,agg_code,int_code,atm_code,col_code
202000035087,2020-07-29 19:49:00,2020,7,29,19,49,56,56121,FAOUEDIC ( AVE DU ),47.7477,-3.3651,Plein jour,En agglomération,Giratoire,Normale,Deux véhicules - côté,4,2,4,3,1,1,1,5,6,50,2,2,1,0,0,1,57.0,20.0,voiture,deux_roues,1,2,6,1,3
202000035088,2020-09-28 00:05:00,2020,9,28,0,5,92,92023,Rue de la Porte de Trivaux,48.7854816,2.2407188,Nuit avec éclairage allumé,En agglomération,Giratoire,Normale,Autre collision,3,2,2,2,1,1,2,0,1,50,1,2,0,0,0,2,19.0,,deux_roues,,5,2,6,1,6
202000035089,2020-09-28 09:15:00,2020,9,28,9,15,92,92012,GEORGES ASKINAZI (ALLEE),48.8256321,2.2361895,Plein jour,En agglomération,Hors intersection,Pluie légère,Autre collision,9,-1,1,3,1,1,2,6,6,30,1,2,1,0,1,0,31.0,,utilitaire_camion,,1,2,1,2,6
202000035090,2020-10-29 19:30:00,2020,10,29,19,30,95,95582,A15,48.975675,2.239858,Nuit sans éclairage public,Hors agglomération,Hors intersection,Normale,Trois véhicules et plus - en chaîne,1,3,6,0,2,1,1,0,1,110,3,4,1,0,0,3,28.0,23.0,voiture,voiture,3,1,1,1,4
202000035091,2020-07-20 18:30:00,2020,7,20,18,30,54,54526,JAURES (BOULEVARD JEAN),48.6896218,6.2102848,Plein jour,En agglomération,Hors intersection,Normale,Deux véhicules - arrière,4,2,3,0,1,1,1,0,1,50,2,1,0,0,0,1,26.0,,voiture,,1,2,1,1,2
202000035092,2020-09-28 02:40:00,2020,9,28,2,40,92,92012,POINT DU JOUR (QUAI DU),48.8324242,2.2597993,Nuit avec éclairage allumé,En agglomération,Autre intersection,Pluie légère,Sans collision,3,3,4,0,1,1,2,9,1,50,1,2,0,0,2,0,19.0,,voiture,,5,2,9,2,7
202000035093,2020-07-28 17:20:00,2020,7,28,17,20,54,54395,DUROC (RUE DU GENERAL),48.672295,6.172758,Plein jour,En agglomération,Intersection en X,Normale,Autre collision,4,1,1,2,1,1,1,0,1,50,1,2,1,0,0,1,49.0,,transport_commun,,1,2,2,1,6
202000035094,2020-10-29 18:00:00,2020,10,29,18,0,93,93066,A86,48.9253623,2.3393889,Nuit sans éclairage public,Hors agglomération,Hors intersection,Normale,Deux véhicules - arrière,1,3,4,0,1,1,1,0,1,90,2,3,2,0,0,1,30.0,33.0,utilitaire_camion,transport_commun,3,1,1,1,2
202000035095,2020-09-27 21:00:00,2020,9,27,21,0,974,97415,63 Rue Jacques Aubert,-21.048438,55.263913,Nuit avec éclairage allumé,En agglomération,Intersection en Y,Normale,Autre collision,4,2,2,0,1,1,1,0,4,50,1,2,1,0,1,0,23.0,,voiture,,5,2,4,1,6
202000035096,2020-07-29 10:45:00,2020,7,29,10,45,50,50002,PERIERS (ROUTE DE),49.11574,-1.13485,Plein jour,En agglomération,Hors intersection,Normale,Deux véhicules - côté,3,2,1,0,1,1,1,0,1,50,2,3,0,0,2,1,60.0,68.0,voiture,voiture,1,2,1,1,3
202000035097,2020-10-29 18:00:00,2020,10,29,18,0,93,93007,AUTOROUTE A3,48.9345212,2.4807377,Nuit sans éclairage public,Hors agglomération,Hors intersection,Normale,Deux véhicules - arrière,1,3,3,0,3,1,1,0,1,70,2,5,2,0,0,3,31.0,43.0,voiture,voiture,3,1,1,1,2
202000035098,2020-07-29 19:55:00,2020,7,29,19,55,50,50203,VENTE (ROUTE DE LA),49.601503,-1.582647,Plein jour,Hors agglomération,Hors intersection,Normale,Sans collision,3,2,1,0,1,2,9,0,3,80,1,1,0,0,0,1,23.0,,voiture,,1,1,1,1,7
202000035099,2020-09-27 16:45:00,2020,9,27,16,45,22,22003,Les Fontenelles,48.446291,-2.122936,Plein jour,En agglomération,Hors intersection,Normale,Deux véhicules - frontale,3,2,2,0,1,1,1,0,1,50,2,2,1,0,1,0,22.0,37.0,voiture,voiture,1,2,1,1,1
202000035100,2020-07-29 20:30:00,2020,7,29,20,30,49,49007,Avenue Pasteur,47.47701,-0.5317,Plein jour,En agglomération,Hors intersection,Normale,Autre collision,4,2,2,0,1,1,1,0,1,60,1,1,0,0,0,1,62.0,,deux_roues,,1,2,1,1,6
202000035101,2020-10-29 12:50:00,2020,10,29,12,50,95,95424, A15,48.99269,2.18767,Plein jour,Hors agglomération,Hors intersection,Normale,Trois véhicules et plus - en chaîne,1,3,2,0,1,2,2,0,1,50,3,4,2,0,0,2,40.0,60.0,voiture,voiture,1,1,1,1,4
202000035102,2020-09-28 18:45:00,2020,9,28,18,45,01,01443,,45.980144,5.013585,Crépuscule ou aube,Hors agglomération,Hors intersection,Pluie forte,Trois véhicules et plus - collisions multiples,3,2,3,0,1,2,2,0,1,90,3,4,1,0,1,2,23.0,35.0,voiture,voiture,2,1,1,3,5
202000035103,2020-07-29 17:44:00,2020,7,29,17,44,49,49007,COUBERTIN BOULEVARD,47.46065,-0.53268,Plein jour,En agglomération,Hors intersection,Normale,Deux véhicules - côté,4,2,2,0,1,1,1,0,1,60,2,2,1,0,1,0,59.0,37.0,deux_roues,voiture,1,2,1,1,3
202000035104,2020-10-29 12:05:00,2020,10,29,12,5,93,93010,AUTOROUTE A3,48.9123,2.4761,Plein jour,Hors agglomération,Hors intersection,Normale,Deux véhicules - côté,1,3,6,0,1,1,1,0,1,90,2,2,1,0,0,1,40.0,47.0,voiture,deux_roues,1,1,1,1,3
202000035105,2020-10-29 10:00:00,2020,10,29,10,0,92,92078,AUTOROUTE A86,48.928892,2.3305548,Plein jour,Hors agglomération,Hors intersection,Temps couvert,Autre collision,1,3,6,0,2,2,2,1,1,70,1,1,0,0,0,1,30.0,,deux_roues,,1,1,1,8,6
202000035106,2020-07-30 18:00:00,2020,7,30,18,0,45,45302,Rue Nationale 20,47.9467931,1.8930402,Plein jour,En agglomération,Giratoire,Normale,Deux véhicules - côté,4,1,2,0,1,2,1,0,1,50,2,3,2,0,0,1,24.0,35.0,voiture,voiture,1,2,6,1,3
202000035107,2020-07-30 08:40:00,2020,7,30,8,40,45,45068,LAC (RUE DU),48.02622,2.72412,Plein jour,Hors agglomération,Hors intersection,Normale,Deux véhicules - côté,4,2,2,1,1,1,1,9,5,10,2,1,0,0,0,1,52.0,,deux_roues,,1,1,1,1,3
202000035108,2020-09-04 18:20:00,2020,9,4,18,20,33,33072,D116,44.524569,-0.16863,Plein jour,Hors agglomération,Intersection en X,Normale,Deux véhicules - côté,3,2,2,0,1,1,1,0,1,80,2,2,1,0,1,0,54.0,60.0,deux_roues,voiture,1,1,2,1,3
202000035109,2020-10-28 22:00:00,2020,10,28,22,0,93,93006,AUTOROUTE A3,48.86785,2.42799,Nuit sans éclairage public,Hors agglomération,Hors intersection,Normale,Deux véhicules - arrière,1,3,4,0,3,2,1,1,1,90,2,3,1,0,0,2,34.0,27.0,deux_roues,utilitaire_camion,3,1,1,1,2
202000035110,2020-07-28 16:28:00,2020,7,28,16,28,41,41018,MARE (RUE DE LA),47.59745,1.32443,Plein jour,En agglomération,Hors intersection,Normale,Deux véhicules - arrière,4,-1,2,0,2,1,1,0,1,50,2,2,1,0,0,1,43.0,31.0,voiture,voiture,1,2,1,1,2
202000035111,2020-07-30 08:00:00,2020,7,30,8,0,35,35238,LORIENT (DE),48.107915,-1.70292,Plein jour,En agglomération,Intersection en X,Normale,Deux véhicules - frontale,4,2,2,0,1,1,1,0,1,50,2,2,1,0,0,1,31.0,28.0,voiture,deux_roues,1,2,2,1,1
202000035112,2020-09-05 13:07:00,2020,9,5,13,7,68,68300,2 Rue de l'Aquitaine,47.776869,7.390038,Plein jour,En agglomération,Intersection en T,Normale,Deux véhicules - côté,1,2,2,1,1,1,1,5,1,50,2,2,1,0,0,1,22.0,41.0,voiture,deux_roues,1,2,3,1,3
202000035113,2020-09-27 09:45:00,2020,9,27,9,45,14,14380,Loucelles,49.234697,-0.582865,Plein jour,Hors agglomération,Hors intersection,Normale,Autre collision,2,3,4,0,1,2,1,0,2,110,1,1,0,0,0,1,21.0,,voiture,,1,1,1,1,6
202000035114,2020-10-28 09:00:00,2020,10,28,9,0,95,95154, A1,49.04933,2.54704,Plein jour,Hors agglomération,Hors intersection,Normale,Deux véhicules - côté,1,3,6,0,1,1,2,0,1,110,2,2,1,0,0,1,42.0,54.0,voiture,voiture,1,1,1,1,3
202000035115,2020-07-30 08:20:00,2020,7,30,8,20,35,35238,Rue de Saint-Brieuc,48.10931,-1.69772,Plein jour,En agglomération,Giratoire,Normale,Deux véhicules - côté,4,2,2,2,1,1,1,5,6,50,2,2,1,0,0,1,49.0,55.0,deux_roues,voiture,1,2,6,1,3
202000035116,2020-09-27 16:40:00,2020,9,27,16,40,59,59448,41 Route des Plages,50.937513,2.585407,Plein jour,Hors agglomération,Intersection en X,Pluie forte,Deux véhicules - côté,3,2,2,0,1,1,2,0,1,80,2,2,1,0,1,0,28.0,31.0,voiture,deux_roues,1,1,2,3,3
202000035117,2020-09-28 16:30:00,2020,9,28,16,30,68,68315,"11, Place du 4 Février",47.882339,7.225006,Plein jour,En agglomération,Intersection en Y,Normale,Sans collision,3,2,2,0,1,1,9,0,1,30,1,1,0,0,0,1,16.0,,deux_roues,,1,2,4,1,7
202000035118,2020-10-29 08:50:00,2020,10,29,8,50,94,94017,A86.INT,48.8302764,2.4868936,Plein jour,Hors agglomération,Hors intersection,Normale,Trois véhicules et plus - en chaîne,1,1,2,0,1,1,1,1,1,90,3,3,2,0,0,1,24.0,39.0,voiture,voiture,1,1,1,1,4
202000035119,2020-09-26 16:47:00,2020,9,26,16,47,57,57602,Route Départementale 55 H,49.267609,6.236844,Plein jour,Hors agglomération,Hors intersection,Normale,Sans collision,3,2,2,0,1,3,1,6,1,80,1,1,0,0,1,0,26.0,,deux_roues,,1,1,1,1,7
202000035120,2020-10-28 06:30:00,2020,10,28,6,30,77,77514,A104,48.949663,2.628974,Crépuscule ou aube,Hors agglomération,Hors intersection,Normale,,1,-1,2,0,1,1,2,0,1,90,4,4,3,0,0,1,37.0,39.0,voiture,utilitaire_camion,2,1,1,1,-1
202000035121,2020-09-29 09:30:00,2020,9,29,9,30,51,51493,D944,49.2277529,4.0991905,Plein jour,Hors agglomération,Giratoire,Normale,Autre collision,3,3,4,0,1,1,1,0,1,90,1,1,0,1,0,0,52.0,,deux_roues,,1,1,6,1,6
202000035122,2020-08-24 12:50:00,2020,8,24,12,50,84,84007,PIOT (parking de l'ile),43.94534,4.79389,Plein jour,En agglomération,Hors intersection,Normale,Deux véhicules - côté,4,2,2,1,2,3,1,2,1,50,2,4,3,0,0,1,23.0,20.0,voiture,voiture,1,2,1,1,3
202000035123,2020-09-29 14:15:00,2020,9,29,14,15,74,74234,Route des Esserieux,45.781292,6.31216,Plein jour,Hors agglomération,Hors intersection,Normale,Trois véhicules et plus - en chaîne,3,2,2,0,2,4,1,2,1,80,3,3,2,0,0,1,61.0,31.0,voiture,voiture,1,1,1,1,4
202000035124,2020-10-27 08:40:00,2020,10,27,8,40,974,97416,ARCHAMBAUD (RUE),-21.33035,55.47944,Plein jour,En agglomération,Hors intersection,Normale,Sans collision,4,-1,0,0,2,1,1,0,1,50,1,1,0,0,0,1,52.0,,deux_roues,,1,2,1,1,7
202000035125,2020-09-28 19:10:00,2020,9,28,19,10,77,77020,N4 / D75a,48.692575,3.186057,Crépuscule ou aube,Hors agglomération,Intersection en X,Pluie légère,,2,2,2,0,1,1,2,0,1,80,3,7,5,0,1,1,56.0,34.0,voiture,voiture,2,1,2,2,-1
202000035126,2020-10-28 14:10:00,2020,10,28,14,10,974,97411,Route de la Rivière des Pluies,-20.902111,55.502801,Plein jour,En agglomération,Giratoire,Pluie légère,Deux véhicules - côté,2,1,0,1,2,1,1,0,1,50,2,2,1,0,0,1,44.0,25.0,voiture,deux_roues,1,2,6,2,3
202000035127,2020-09-28 06:33:00,2020,9,28,6,33,76,76138,D151,49.658737,1.181805,Nuit sans éclairage public,Hors agglomération,Intersection en X,Pluie légère,Deux véhicules - côté,3,2,2,0,2,1,2,9,1,80,2,3,0,0,1,2,61.0,21.0,transport_commun,voiture,3,1,2,2,3
202000035128,2020-09-28 14:55:00,2020,9,28,14,55,80,80368,Rue Henri Barbusse,50.082257,1.543584,Plein jour,En agglomération,Giratoire,Normale,Sans collision,3,2,3,0,1,1,2,5,1,50,1,1,0,0,0,1,17.0,,deux_roues,,1,2,6,1,7
202000035129,2020-10-28 10:00:00,2020,10,28,10,0,974,97411,AUBERT (RUE PIERRE),-20.89189,55.49552,Plein jour,En agglomération,Intersection en T,Normale,Trois véhicules et plus - collisions multiples,4,1,2,0,1,1,1,0,1,30,3,4,3,0,0,1,63.0,67.0,utilitaire_camion,utilitaire_camion,1,2,3,1,5
202000035130,2020-09-22 07:30:00,2020,9,22,7,30,81,81070,Avenue Jean Berenguier,43.818543,1.728657,Crépuscule ou aube,En agglomération,Intersection en T,Normale,Deux véhicules - côté,3,2,2,0,1,1,1,0,1,50,2,2,1,0,0,1,59.0,15.0,voiture,deux_roues,2,2,3,1,3
202000035131,2020-10-27 15:50:00,2020,10,27,15,50,974,97411,Avenue Leconte de Lisle,-20.8911945,55.4804045,Plein jour,En agglomération,Hors intersection,Normale,Autre collision,4,2,1,3,1,1,1,9,6,50,1,2,1,0,1,0,41.0,,transport_commun,,1,2,1,1,6
202000035132,2020-09-29 05:40:00,2020,9,29,5,40,11,11262,D13,43.219126,3.011069,Crépuscule ou aube,Hors agglomération,Hors intersection,Normale,Sans collision,3,2,2,0,1,3,1,0,3,80,1,1,0,1,0,0,30.0,,voiture,,2,1,1,1,7
202000035133,2020-10-28 11:15:00,2020,10,28,11,15,974,97407,ANGLAIS (CHE DES) - RIVIERE DES GALETS,-20.9557087,55.314424,Plein jour,En agglomération,Hors intersection,Normale,Sans collision,4,2,2,0,1,1,1,0,1,50,1,1,0,0,0,1,23.0,,deux_roues,,1,2,1,1,7
202000035134,2020-10-28 16:08:00,2020,10,28,16,8,973,97302,DE GAULLE (AVENUE),4.9389642,-52.330842,Plein jour,En agglomération,Hors intersection,Normale,Autre collision,4,2,1,0,1,1,1,0,1,50,1,2,1,0,0,1,56.0,,voiture,,1,2,1,1,6
202000035135,2020-09-29 17:15:00,2020,9,29,17,15,71,71367,Route de Louhans,46.6446277,5.3018757,Plein jour,Hors agglomération,Intersection en T,Normale,Autre collision,3,2,2,0,2,1,1,0,1,70,1,2,1,1,0,0,71.0,,voiture,,1,1,3,1,6
202000035136,2020-09-28 17:45:00,2020,9,28,17,45,63,63265,59 Route de Lezoux,45.861235,3.444595,Plein jour,Hors agglomération,Hors intersection,Pluie légère,Autre collision,3,2,2,0,1,3,2,0,3,80,1,1,0,0,0,1,23.0,,voiture,,1,1,1,2,6
202000035137,2020-10-28 19:25:00,2020,10,28,19,25,69,69383,FELIX FAURE                         (AV),45.75528,4.87262,Nuit avec éclairage allumé,En agglomération,Intersection en X,Normale,Deux véhicules - côté,4,2,3,3,1,1,1,0,1,50,2,3,1,0,1,1,35.0,57.0,deux_roues,voiture,5,2,2,1,3
202000035138,2020-09-28 14:35:00,2020,9,28,14,35,63,63338,D2144,46.144877,2.854851,Plein jour,Hors agglomération,Hors intersection,Pluie légère,Trois véhicules et plus - collisions multiples,3,2,2,0,3,3,2,0,1,80,3,4,3,0,1,0,68.0,41.0,voiture,voiture,1,1,1,2,5
202000035139,2020-10-27 08:50:00,2020,10,27,8,50,69,69199,SETIER (DU)                         (AL),45.69184,4.85842,Plein jour,En agglomération,Intersection en X,Normale,Deux véhicules - côté,4,2,1,0,1,1,1,0,1,50,2,2,1,0,0,1,26.0,59.0,voiture,voiture,1,2,2,1,3
202000035140,2020-09-25 13:27:00,2020,9,25,13,27,61,61100,D930,48.725737,0.622294,Plein jour,Hors agglomération,Intersection en Y,Pluie forte,Deux véhicules - arrière,3,2,2,0,1,1,2,0,1,90,2,2,1,0,0,1,17.0,39.0,deux_roues,voiture,1,1,4,3,2
202000035141,2020-10-25 20:00:00,2020,10,25,20,0,972,97209,VICTOR CORIDUN (AVENUE),14.60668,-61.04686,Nuit avec éclairage non allumé,Hors agglomération,Hors intersection,Normale,Autre collision,4,2,2,0,1,1,1,0,1,30,1,2,1,0,0,1,31.0,,utilitaire_camion,,4,1,1,1,6
202000035142,2020-09-29 01:00:00,2020,9,29,1,0,68,68374,D417,48.063339,7.240763,Nuit sans éclairage public,Hors agglomération,Hors intersection,Pluie légère,Autre collision,3,2,2,0,1,3,2,0,3,80,1,1,0,1,0,0,33.0,,voiture,,3,1,1,2,6
202000035143,2020-09-28 18:00:00,2020,9,28,18,0,39,39307,,46.503504,5.692646,Crépuscule ou aube,Hors agglomération,Hors intersection,Pluie forte,Autre collision,3,2,2,0,1,3,2,0,3,80,1,2,0,0,2,0,16.0,,voiture,,2,1,1,3,6
202000035144,2020-10-28 13:50:00,2020,10,28,13,50,69,69389,DOCKS (DES)                         (R ),45.78538,4.81054,Plein jour,En agglomération,Intersection en T,Normale,Deux véhicules - côté,4,2,2,0,1,1,1,0,1,50,2,2,1,0,0,1,40.0,36.0,voiture,deux_roues,1,2,3,1,3
202000035145,2020-09-29 07:15:00,2020,9,29,7,15,31,31392,d2,43.476525,1.707687,Crépuscule ou aube,Hors agglomération,Intersection en T,Brouillard / fumée,Deux véhicules - côté,3,2,2,0,1,1,1,0,1,80,2,2,1,0,1,0,28.0,42.0,utilitaire_camion,deux_roues,2,1,3,5,3
202000035146,2020-10-27 18:00:00,2020,10,27,18,0,971,97120,NELSON MANDELA,16.2409912,-61.5318114,Nuit avec éclairage allumé,En agglomération,Intersection en T,Normale,,4,1,2,0,1,1,1,0,1,50,2,2,1,0,0,1,29.0,17.0,voiture,deux_roues,5,2,3,1,-1
202000035147,2020-10-27 13:20:00,2020,10,27,13,20,971,97101,GENERAL DE GAULLE,16.2581817,-61.526605,Plein jour,En agglomération,Hors intersection,Normale,Sans collision,4,2,2,0,1,1,1,0,1,50,1,2,1,0,0,1,74.0,,voiture,,1,2,1,1,7
202000035148,2020-09-28 16:40:00,2020,9,28,16,40,50,50210,31 Rue du Château,49.254778,-1.386198,Plein jour,Hors agglomération,Hors intersection,Normale,Deux véhicules - côté,3,2,2,0,1,1,1,0,1,80,2,2,1,1,0,0,45.0,64.0,utilitaire_camion,deux_roues,1,1,1,1,3
202000035149,2020-10-28 10:24:00,2020,10,28,10,24,2A,2A004,MADAME MERE BD,41.91433,8.72485,Plein jour,En agglomération,Intersection en X,Normale,Autre collision,4,2,2,0,2,1,1,0,1,50,1,2,1,0,0,1,70.0,,voiture,,1,2,2,1,6
202000035150,2020-09-28 15:05:00,2020,9,28,15,5,23,23228,D941,45.946991,2.233191,Plein jour,Hors agglomération,Hors intersection,Temps couvert,Deux véhicules - frontale,3,2,2,0,2,1,2,0,1,80,2,2,1,0,0,1,56.0,61.0,utilitaire_camion,voiture,1,1,1,8,1
202000035151,2020-09-29 07:10:00,2020,9,29,7,10,87,87154,10 Rue Fresnel,45.901343,0.933816,Nuit avec éclairage allumé,En agglomération,Hors intersection,Normale,Deux véhicules - côté,4,2,2,0,1,2,1,0,1,50,2,2,0,0,2,0,43.0,49.0,utilitaire_camion,voiture,5,2,1,1,3
202000035152,2020-10-28 17:00:00,2020,10,28,17,0,95,95582,BD GABRIEL PERI,48.967148,2.262238,Crépuscule ou aube,En agglomération,Hors intersection,Pluie légère,Deux véhicules - côté,3,3,0,0,1,1,2,5,1,50,2,2,1,0,0,1,67.0,32.0,voiture,autre,2,2,1,2,3
202000035153,2020-09-28 07:00:00,2020,9,28,7,0,19,19176,a89 PK 236+000,45.3741809,1.9660807,Crépuscule ou aube,Hors agglomération,Hors intersection,Pluie légère,Sans collision,1,2,2,0,2,1,2,0,3,80,1,1,0,0,1,0,69.0,,utilitaire_camion,,2,1,1,2,7
202000035154,2020-10-28 19:30:00,2020,10,28,19,30,91,91477,MARCEAU (RUE),48.70556,2.2137,Nuit avec éclairage allumé,En agglomération,Intersection en Y,Normale,Deux véhicules - côté,4,2,2,0,2,1,1,0,1,50,2,2,1,0,0,1,18.0,55.0,deux_roues,voiture,5,2,4,1,3
202000035155,2020-09-28 14:28:00,2020,9,28,14,28,49,49349,Sèvremoine,47.145116,-1.188884,Plein jour,Hors agglomération,Hors intersection,Normale,Sans collision,2,3,4,0,3,2,1,0,2,110,1,1,0,0,1,0,53.0,,utilitaire_camion,,1,1,1,1,7
202000035156,2020-10-28 22:30:00,2020,10,28,22,30,91,91114,RTE NATIONALE 6,48.682694,2.490919,Nuit sans éclairage public,Hors agglomération,Hors intersection,Normale,Autre collision,2,1,3,0,1,1,1,9,1,90,1,1,0,0,0,1,51.0,,utilitaire_camion,,3,1,1,1,6
202000035157,2020-09-29 16:26:00,2020,9,29,16,26,06,06084,644 Chemin de Castellaras,43.63393,6.984143,Plein jour,Hors agglomération,Giratoire,Normale,,3,1,1,0,1,3,1,5,1,50,2,4,2,0,0,2,48.0,77.0,voiture,voiture,1,1,6,1,-1
202000035158,2020-09-28 15:30:00,2020,9,28,15,30,973,97309,Route de Montjoly (rd1),4.923395,-52.283048,Plein jour,En agglomération,Hors intersection,Normale,Deux véhicules - côté,3,2,2,0,1,1,1,0,1,50,2,2,1,0,1,0,32.0,32.0,voiture,deux_roues,1,2,1,1,3
202000035159,2020-09-29 09:45:00,2020,9,29,9,45,01,01290,"autoroute A42, PK 025.800, sens LYON / GENEVE",45.863823,5.183661,Plein jour,Hors agglomération,Hors intersection,Normale,Deux véhicules - arrière,1,3,5,0,1,1,1,0,1,130,2,3,2,0,0,1,34.0,43.0,voiture,voiture,1,1,1,1,2
202000035160,2020-09-29 10:27:00,2020,9,29,10,27,66,66213,D612a,42.661267,2.822928,Plein jour,Hors agglomération,Hors intersection,Normale,Deux véhicules - arrière,3,2,2,0,1,1,1,0,2,80,2,2,1,1,0,0,44.0,77.0,deux_roues,voiture,1,1,1,1,2
202000035161,2020-09-28 17:31:00,2020,9,28,17,31,82,82142,A62,43.817545,1.352499,Plein jour,Hors agglomération,Hors intersection,Normale,Deux véhicules - arrière,1,3,4,0,1,1,1,0,1,130,2,8,5,0,1,2,59.0,44.0,voiture,transport_commun,1,1,1,1,2
202000035162,2020-10-26 22:15:00,2020,10,26,22,15,89,89387,PIERRE CASTETS (RUE),48.204713,3.295187,Nuit avec éclairage allumé,En agglomération,Intersection en T,Pluie légère,Deux véhicules - côté,4,2,2,0,1,1,2,0,1,50,2,1,0,0,0,1,18.0,,deux_roues,,5,2,3,2,3
202000035163,2020-09-28 11:50:00,2020,9,28,11,50,69,69121,a89,45.849384,4.672,Plein jour,Hors agglomération,Hors intersection,Pluie forte,Deux véhicules - côté,1,3,4,0,1,2,2,0,1,110,2,6,3,0,2,1,52.0,81.0,voiture,voiture,1,1,1,3,3
202000035164,2020-06-01 10:05:00,2020,6,1,10,5,83,83067,D97,43.345834,6.296421,Plein jour,Hors agglomération,Hors intersection,Normale,Deux véhicules - côté,3,2,2,0,1,1,1,0,1,80,2,3,1,0,0,2,46.0,54.0,voiture,voiture,1,1,1,1,3
202000035165,2020-09-29 17:35:00,2020,9,29,17,35,31,31037,333 Les Bourrasses,43.3693546,1.7748182,Plein jour,Hors agglomération,Hors intersection,Normale,Deux véhicules - côté,3,2,2,0,1,1,1,0,1,70,2,2,1,1,0,0,33.0,59.0,deux_roues,utilitaire_camion,1,1,1,1,3
202000035166,2020-05-31 19:00:00,2020,5,31,19,0,56,56068,Les Aulnaies,47.992133,-2.520461,Plein jour,Hors agglomération,Hors intersection,Normale,Autre collision,3,2,2,0,1,4,1,0,1,80,1,2,0,0,1,1,43.0,,voiture,,1,1,1,1,6
202000035167,2020-09-18 08:45:00,2020,9,18,8,45,38,38140,A41,45.274468,5.903135,Plein jour,Hors agglomération,Hors intersection,Normale,Autre collision,1,3,4,0,1,1,1,0,1,130,1,2,1,0,0,1,47.0,,voiture,,1,1,1,1,6
202000035168,2020-05-30 10:20:00,2020,5,30,10,20,56,56036,Place Louis le Laennec,47.810391,-3.340557,Plein jour,En agglomération,Hors intersection,Normale,Autre collision,6,-1,-1,0,1,1,1,0,1,50,1,2,1,0,1,0,46.0,,voiture,,1,2,1,1,6
202000035169,2020-05-31 17:25:00,2020,5,31,17,25,74,74097,Route des Bauges,45.760525,6.055387,Plein jour,Hors agglomération,Hors intersection,Normale,Autre collision,3,2,2,0,1,2,1,0,1,80,1,1,0,1,0,0,55.0,,deux_roues,,1,1,1,1,6
202000035170,2020-05-31 19:35:00,2020,5,31,19,35,2B,2B121,D81,42.42314,8.722372,Crépuscule ou aube,Hors agglomération,Hors intersection,Normale,Autre collision,3,2,2,0,2,3,1,0,3,80,1,1,0,1,0,0,62.0,,voiture,,2,1,1,1,6
202000035171,2020-05-31 17:30:00,2020,5,31,17,30,81,81217,D14,43.948694,1.729081,Plein jour,Hors agglomération,Hors intersection,Normale,Deux véhicules - frontale,3,2,2,0,2,3,1,0,1,80,2,3,0,0,2,1,24.0,55.0,deux_roues,deux_roues,1,1,1,1,1
202000035172,2020-09-29 07:30:00,2020,9,29,7,30,60,60424,A1,49.457682,2.702417,Crépuscule ou aube,Hors agglomération,Hors intersection,Pluie légère,Trois véhicules et plus - en chaîne,1,3,3,0,1,1,2,0,1,130,4,4,3,0,1,0,35.0,42.0,voiture,voiture,2,1,1,2,4
202000035173,2020-10-27 08:20:00,2020,10,27,8,20,86,86194,Avenue de la Libération,46.57067,0.32479,Plein jour,En agglomération,Hors intersection,Pluie légère,Deux véhicules - arrière,4,2,2,1,1,1,2,0,1,50,2,2,1,0,0,1,55.0,55.0,voiture,utilitaire_camion,1,2,1,2,2
202000035174,2020-05-31 17:05:00,2020,5,31,17,5,32,32212,D931,44.03883,0.480802,Plein jour,En agglomération,Hors intersection,Normale,Deux véhicules - frontale,3,2,2,0,2,3,1,0,1,50,2,4,3,0,1,0,59.0,71.0,voiture,deux_roues,1,2,1,1,1
202000035175,2020-10-27 16:00:00,2020,10,27,16,0,85,85194,RD 760,46.52784,-1.7534,Plein jour,Hors agglomération,Giratoire,Pluie légère,Deux véhicules - côté,3,2,2,0,3,1,2,5,1,50,2,2,1,0,0,1,24.0,63.0,deux_roues,voiture,1,1,6,2,3
202000035176,2020-09-10 12:00:00,2020,9,10,12,0,987,98750,"PK 43,5 EST OPOA",-16.837468,-151.403166,Plein jour,Hors agglomération,Hors intersection,Normale,Autre collision,2,2,2,0,2,3,1,0,3,60,1,5,0,2,1,2,62.0,,voiture,,1,1,1,1,6
202000035177,2020-05-31 21:40:00,2020,5,31,21,40,71,71168,Route de la Chize,46.831885,5.1860522,Crépuscule ou aube,Hors agglomération,Hors intersection,Normale,Autre collision,3,2,2,0,1,3,1,0,3,80,1,2,0,2,0,0,50.0,,deux_roues,,2,1,1,1,6
202000035178,2020-05-31 19:20:00,2020,5,31,19,20,89,89464,8 Rue Joubert,48.082093,3.29349,Plein jour,En agglomération,Hors intersection,Temps éblouissant,Autre collision,3,2,2,0,1,1,1,0,1,50,1,2,1,0,1,0,31.0,,voiture,,1,2,1,7,6