accident_id,datetime,annee,mois,jour,heure,minute,departement,commune_insee,adresse,latitude,longitude,luminosite,agglomeration,intersection,meteo,collision,catr,circ,nbv,vosp,prof,plan,surf,infra,situ,vma,nb_vehicules,nb_usagers,nb_indemnes,nb_tues,nb_blesses_hosp,nb_blesses_legers,age_cond_1,age_cond_2,veh_type_cond_1,veh_type_cond_2,lum_code,agg_code,int_code,atm_code,col_code
202000035363,2020-09-26 23:00:00,2020,9,26,23,0,75,75120,AVENUE CARTELLIER,48.864107,2.413174,Nuit avec éclairage allumé,En agglomération,Intersection en T,Pluie légère,Autre collision,4,1,1,0,1,2,2,0,1,50,1,3,2,0,0,1,19.0,,voiture,,5,2,3,2,6
202000035364,2020-09-27 06:00:00,2020,9,27,6,0,75,75118,BOULEVARD NEY,48.898718,2.370363,Nuit avec éclairage allumé,En agglomération,Intersection en X,Pluie légère,Deux véhicules - côté,4,2,4,0,1,1,2,0,1,50,2,2,1,0,0,1,33.0,24.0,voiture,deux_roues,5,2,2,2,3
202000035365,2020-01-13 09:00:00,2020,1,13,9,0,56,56078,Rue de Kerbastic,47.7928668,-3.4915522,Plein jour,En agglomération,Giratoire,Pluie légère,Deux véhicules - côté,4,-1,2,0,1,1,2,0,1,50,2,2,1,0,1,0,31.0,62.0,voiture,deux_roues,1,2,6,2,3
202000035366,2020-05-31 17:20:00,2020,5,31,17,20,01,01249,Route du Mas-rillier,45.8353879,4.9188324,Plein jour,Hors agglomération,Hors intersection,Normale,Deux véhicules - arrière,4,2,2,0,3,1,1,0,1,70,2,2,1,0,0,1,19.0,16.0,voiture,voiture,1,1,1,1,2
202000035367,2020-10-27 16:35:00,2020,10,27,16,35,75,75117,BOULEVARD PERIPHERIQUE,48.884449,2.286105,Plein jour,En agglomération,Intersection en Y,Normale,Trois véhicules et plus - en chaîne,4,1,4,0,1,1,2,0,1,70,3,2,1,0,0,1,42.0,83.0,voiture,voiture,1,2,4,1,4
202000035368,2020-01-12 17:50:00,2020,1,12,17,50,76,76211,D149,49.9118176,1.5571774,Crépuscule ou aube,Hors agglomération,Intersection en T,Pluie légère,Autre collision,3,2,2,0,1,2,1,0,6,80,1,1,0,0,1,0,42.0,,voiture,,2,1,3,2,6
202000035369,2020-09-27 14:30:00,2020,9,27,14,30,75,75116,CARREFOUR DE LONGCHAMP,48.863607,2.239857,Plein jour,En agglomération,Hors intersection,Pluie légère,Deux véhicules - côté,4,3,2,0,1,1,2,0,1,50,2,3,2,0,0,1,21.0,33.0,voiture,utilitaire_camion,1,2,1,2,3
202000035370,2020-01-13 06:50:00,2020,1,13,6,50,2A,2A104,Saint Jean de Pisciatello,41.914224,8.846988,Crépuscule ou aube,Hors agglomération,Hors intersection,Normale,Autre collision,4,2,2,0,2,1,1,0,1,80,1,1,0,1,0,0,49.0,,voiture,,2,1,1,1,6
202000035371,2020-10-27 12:10:00,2020,10,27,12,10,75,75120,BOULEVARD PERIPHERIQUE,48.859033,2.41411,Plein jour,En agglomération,Hors intersection,Pluie légère,Deux véhicules - côté,4,1,4,0,1,1,2,0,1,70,2,2,1,0,0,1,36.0,25.0,deux_roues,voiture,1,2,1,2,3
202000035372,2020-12-09 18:05:00,2020,12,9,18,5,22,22113,TREGUIER (RUE DE),48.732419,-3.456372,Nuit avec éclairage allumé,En agglomération,Intersection en Y,Normale,Autre collision,4,2,2,0,1,3,1,0,1,30,1,2,1,0,0,1,65.0,,utilitaire_camion,,5,2,4,1,6
202000035373,2020-10-28 17:25:00,2020,10,28,17,25,75,75117,AVENUE DE LA PORTE D ASNIERES,48.891835,2.301555,Nuit avec éclairage allumé,En agglomération,Intersection en X,Temps couvert,,4,2,2,0,1,1,2,0,1,50,2,2,1,0,0,1,38.0,29.0,deux_roues,voiture,5,2,2,8,-1
202000035374,2020-12-10 21:15:00,2020,12,10,21,15,18,18033,VILLENEUVE (CHEMIN DE),47.06178,2.35869,Nuit avec éclairage allumé,En agglomération,Hors intersection,Pluie légère,Deux véhicules - côté,4,2,2,0,1,1,2,0,1,50,2,1,0,0,0,1,51.0,,voiture,,5,2,1,2,3
202000035375,2020-01-13 08:10:00,2020,1,13,8,10,82,82018,304 Chemin de Martel,44.105495,1.50974,Plein jour,Hors agglomération,Hors intersection,Normale,Deux véhicules - côté,4,2,2,0,1,1,1,0,1,80,2,4,3,0,1,0,38.0,72.0,voiture,deux_roues,1,1,1,1,3
202000035376,2020-09-27 01:00:00,2020,9,27,1,0,75,75116,AVENUE MOZART,48.857296,2.273043,Nuit avec éclairage allumé,En agglomération,Intersection en X,Pluie forte,Deux véhicules - arrière,4,1,2,0,2,1,2,0,1,50,2,2,1,0,0,1,34.0,19.0,voiture,deux_roues,5,2,2,3,2
202000035377,2020-01-13 00:30:00,2020,1,13,0,30,33,33193,50 Route de l'Ocean,45.434177,-1.144534,Nuit sans éclairage public,Hors agglomération,Hors intersection,Normale,Autre collision,5,-1,1,3,1,1,9,9,8,-1,1,5,0,0,2,3,53.0,,voiture,,3,1,1,1,6
202000035378,2020-09-27 19:45:00,2020,9,27,19,45,75,75115,AVENUE DE LOWENDAL,48.849415,2.303793,Nuit avec éclairage non allumé,En agglomération,Intersection en X,Pluie légère,Deux véhicules - côté,4,2,2,0,1,1,2,0,1,50,2,2,1,0,0,1,20.0,19.0,deux_roues,deux_roues,4,2,2,2,3
202000035379,2020-12-10 17:30:00,2020,12,10,17,30,18,18033,SAINT-MICHEL (RTE DE),47.10825,2.43096,Nuit avec éclairage allumé,En agglomération,Intersection en T,Pluie légère,Deux véhicules - côté,3,2,2,0,1,1,2,0,1,50,2,4,2,0,2,0,81.0,64.0,voiture,utilitaire_camion,5,2,3,2,3
202000035380,2020-01-12 21:20:00,2020,1,12,21,20,33,33395,15 Route de Blanquet,45.233916,-0.787457,Nuit avec éclairage allumé,En agglomération,Hors intersection,Normale,Sans collision,3,2,2,0,1,2,1,0,3,50,1,1,0,0,1,0,50.0,,deux_roues,,5,2,1,1,7
202000035381,2020-12-10 09:10:00,2020,12,10,9,10,17,17300,EUROPE   ROND-POINT DE L',46.14213,-1.15823,Plein jour,En agglomération,Giratoire,Normale,Autre collision,4,1,3,0,1,2,1,0,1,50,1,2,1,0,0,1,69.0,,voiture,,1,2,6,1,6
202000035382,2020-10-26 20:04:00,2020,10,26,20,4,75,75116,AVENUE DE NEUILLY,48.878439,2.279831,Nuit avec éclairage allumé,En agglomération,Intersection en X,Normale,Deux véhicules - côté,4,3,3,0,1,1,1,0,1,30,2,1,0,0,0,1,43.0,,deux_roues,,5,2,2,1,3
202000035383,2020-09-26 22:10:00,2020,9,26,22,10,75,75114,BOULEVARD BRUNE,48.824645,2.31952,Nuit avec éclairage allumé,En agglomération,Intersection en X,Pluie légère,Deux véhicules - côté,4,1,2,0,1,1,2,0,1,50,2,2,1,0,0,1,33.0,23.0,deux_roues,voiture,5,2,2,2,3
202000035384,2020-01-13 17:30:00,2020,1,13,17,30,81,81188,D622,43.7086854,2.7908658,Crépuscule ou aube,Hors agglomération,Hors intersection,Normale,Autre collision,3,2,2,0,2,2,1,0,3,80,1,1,0,1,0,0,40.0,,voiture,,2,1,1,1,6
202000035385,2020-10-28 12:50:00,2020,10,28,12,50,75,75113,RUE REGNAULT,48.824758,2.377276,Plein jour,En agglomération,Hors intersection,Normale,Autre collision,4,-1,0,0,1,1,2,0,4,30,1,2,1,0,0,1,31.0,,deux_roues,,1,2,1,1,6
202000035386,2020-09-27 03:46:00,2020,9,27,3,46,75,75113,BOULEVARD DE L HOPITAL,48.843704,2.36457,Nuit avec éclairage allumé,En agglomération,Intersection en X,Pluie légère,Autre collision,4,-1,7,3,1,1,2,-1,6,50,1,2,1,0,0,1,49.0,,transport_commun,,5,2,2,2,6
202000035387,2020-12-10 07:40:00,2020,12,10,7,40,17,17300,LECLERC   AVENUE DU GENERAL,46.162288,-1.156566,Nuit avec éclairage allumé,En agglomération,Hors intersection,Pluie légère,Deux véhicules - côté,4,2,4,1,1,1,2,0,1,30,2,2,1,0,0,1,52.0,20.0,voiture,deux_roues,5,2,1,2,3
202000035388,2020-10-28 15:10:00,2020,10,28,15,10,75,75109,RUE DU FAUBOURG POISSONNIERE,48.876314,2.348496,Plein jour,En agglomération,Hors intersection,Temps couvert,Deux véhicules - arrière,4,1,1,0,1,1,1,0,1,30,2,2,1,0,0,1,39.0,45.0,deux_roues,utilitaire_camion,1,2,1,8,2
202000035389,2020-01-13 12:15:00,2020,1,13,12,15,71,71014,Route d’Arnay,46.957885,4.306089,Plein jour,En agglomération,Intersection en X,Temps couvert,Deux véhicules - arrière,3,2,2,0,1,1,2,0,1,50,2,2,1,0,0,1,52.0,60.0,utilitaire_camion,voiture,1,2,2,8,2
202000035390,2020-09-26 23:25:00,2020,9,26,23,25,75,75112,AVENUE DAUMESNIL,48.838102,2.399644,Nuit avec éclairage allumé,En agglomération,Intersection en T,Normale,Autre collision,4,2,2,0,2,1,2,0,1,50,1,1,0,0,0,1,53.0,,voiture,,5,2,3,1,6
202000035391,2020-12-09 09:40:00,2020,12,9,9,40,13,13054,RAUMARTIN (AV DU ),43.40962,5.25473,Plein jour,En agglomération,Autre intersection,Normale,Deux véhicules - frontale,4,-1,2,0,2,1,1,0,1,50,2,2,0,0,0,2,29.0,22.0,voiture,voiture,1,2,9,1,1
202000035392,2020-01-05 19:36:00,2020,1,5,19,36,44,44196,D17,47.5518905,-2.0786531,Nuit avec éclairage allumé,En agglomération,Hors intersection,Normale,Autre collision,3,2,2,0,1,4,1,0,8,50,1,1,0,1,0,0,25.0,,voiture,,5,2,1,1,6
202000035393,2020-05-31 22:25:00,2020,5,31,22,25,01,01202,D1075,45.921453,5.340364,Nuit sans éclairage public,Hors agglomération,Hors intersection,Normale,Sans collision,3,1,1,0,3,3,1,0,1,70,1,1,0,0,1,0,38.0,,voiture,,3,1,1,1,7
202000035394,2020-10-28 14:00:00,2020,10,28,14,0,75,75108,PLACE DE LA CONCORDE,48.866065,2.320974,Plein jour,En agglomération,Place,Temps couvert,Deux véhicules - côté,4,4,8,0,1,2,1,0,1,50,2,2,1,0,0,1,58.0,63.0,deux_roues,transport_commun,1,2,7,8,3
202000035395,2020-12-10 12:30:00,2020,12,10,12,30,13,13215,SAINT ANTOINE A SAINT JOSEPH (CHEMIN DE),43.36482,5.36155,Plein jour,En agglomération,Hors intersection,Pluie légère,Deux véhicules - côté,4,-1,2,0,1,2,2,0,1,50,2,3,1,0,2,0,89.0,20.0,voiture,voiture,1,2,1,2,3
202000035396,2020-09-27 05:15:00,2020,9,27,5,15,75,75111,AVENUE PARMENTIER,48.863083,2.376158,Nuit avec éclairage allumé,En agglomération,Intersection en T,Pluie légère,Autre collision,4,2,2,0,1,1,2,0,1,50,1,1,0,0,0,1,44.0,,utilitaire_camion,,5,2,3,2,6
202000035397,2020-01-11 15:30:00,2020,1,11,15,30,35,35360,5 Rue du Mée,48.11443,-1.205812,Plein jour,En agglomération,Intersection en T,Pluie légère,Autre collision,4,2,2,2,1,1,2,0,1,50,1,2,1,0,1,0,84.0,,voiture,,1,2,3,2,6
202000035398,2020-06-01 16:00:00,2020,6,1,16,0,69,69220,Route de Sainte-foy l'Argentière,45.7333595,4.4680378,Plein jour,Hors agglomération,Hors intersection,Temps couvert,Deux véhicules - côté,3,2,2,0,2,2,1,0,1,80,2,2,1,0,1,0,45.0,29.0,voiture,deux_roues,1,1,1,8,3
202000035399,2020-09-27 04:15:00,2020,9,27,4,15,75,75110,BOULEVARD DE MAGENTA,48.88143,2.351443,Nuit avec éclairage allumé,En agglomération,Intersection en Y,Pluie légère,Autre collision,4,2,3,0,1,1,2,0,1,50,1,1,0,0,0,1,,,,,5,2,4,2,6
202000035400,2020-12-10 13:00:00,2020,12,10,13,0,13,13208,LOUIS REGE (RUE),43.2810717,5.3893572,Plein jour,En agglomération,Intersection en T,Pluie légère,Deux véhicules - côté,4,1,0,0,2,1,2,0,1,50,2,2,1,0,0,1,47.0,30.0,voiture,utilitaire_camion,1,2,3,2,3
202000035401,2020-10-28 16:30:00,2020,10,28,16,30,75,75107,QUAI BRANLY,48.860627,2.295491,Plein jour,En agglomération,Intersection en X,Pluie légère,Deux véhicules - arrière,4,1,3,0,1,1,2,0,1,50,2,2,1,0,0,1,31.0,53.0,voiture,deux_roues,1,2,2,2,2
202000035402,2020-01-12 21:00:00,2020,1,12,21,0,35,35104,RD 4,48.510103,-1.688964,Nuit sans éclairage public,Hors agglomération,Hors intersection,Normale,Autre collision,3,2,2,0,1,3,1,0,3,80,1,2,0,1,1,0,53.0,,voiture,,3,1,1,1,6
202000035403,2020-09-27 02:20:00,2020,9,27,2,20,75,75103,BOULEVARD DE SEBASTOPOL,48.86443,2.351517,Nuit avec éclairage allumé,En agglomération,Intersection en X,Pluie légère,Deux véhicules - côté,4,1,4,1,1,1,2,-1,5,50,2,2,1,0,0,1,32.0,27.0,voiture,deux_roues,5,2,2,2,3
202000035404,2020-01-13 20:30:00,2020,1,13,20,30,29,29267,D72 -Rte de Chateauneuf,48.16295,-3.870244,Nuit sans éclairage public,Hors agglomération,Hors intersection,Pluie forte,Autre collision,3,2,2,0,1,1,2,0,3,80,1,3,0,0,0,3,44.0,,voiture,,3,1,1,3,6
202000035405,2020-09-26 19:50:00,2020,9,26,19,50,75,75102,BOULEVARD DES ITALIENS,48.87181,2.339039,Nuit avec éclairage allumé,En agglomération,Hors intersection,Normale,Deux véhicules - côté,4,2,3,0,1,1,1,8,1,50,2,3,2,0,0,1,27.0,38.0,deux_roues,voiture,5,2,1,1,3
202000035406,2020-12-10 10:30:00,2020,12,10,10,30,13,13206,GUADELOUPE (IMPASSE DE LA),43.28,5.37,Plein jour,En agglomération,Hors intersection,Pluie légère,Sans collision,4,2,2,0,2,1,2,0,1,50,1,1,0,0,0,1,60.0,,deux_roues,,1,2,1,2,7
202000035407,2020-09-24 20:32:00,2020,9,24,20,32,75,75102,RUE DANIELLE CASANOVA,48.868132,2.330921,Nuit avec éclairage allumé,En agglomération,Hors intersection,Pluie légère,Autre collision,4,1,1,0,1,1,2,0,1,50,1,1,0,0,0,1,51.0,,deux_roues,,5,2,1,2,6
202000035408,2020-01-12 20:50:00,2020,1,12,20,50,29,29160,D59,48.474336,-4.391152,Nuit sans éclairage public,Hors agglomération,Intersection en T,Normale,Deux véhicules - frontale,3,2,2,0,1,1,1,5,1,80,2,2,1,0,0,1,40.0,42.0,voiture,voiture,3,1,3,1,1
202000035409,2020-09-27 13:15:00,2020,9,27,13,15,94,94028,ECHAT(RUE DE L'),48.799873,2.446976,Plein jour,Hors agglomération,Hors intersection,Pluie légère,Sans collision,3,1,2,0,1,2,2,2,1,50,1,1,0,0,0,1,39.0,,voiture,,1,1,1,2,7
202000035410,2020-09-26 13:20:00,2020,9,26,13,20,94,94077,PAUL VAILLANT COUTURIER (AV),48.73514,2.41811,Plein jour,En agglomération,Hors intersection,Normale,Deux véhicules - côté,4,1,1,0,1,2,1,0,1,30,2,2,1,0,0,1,42.0,21.0,voiture,deux_roues,1,2,1,1,3
202000035411,2020-01-04 14:40:00,2020,1,4,14,40,02,02714,N31,49.373217,3.458213,Plein jour,Hors agglomération,Hors intersection,Normale,Deux véhicules - arrière,2,3,4,0,1,1,1,0,1,110,2,2,1,0,0,1,53.0,19.0,utilitaire_camion,utilitaire_camion,1,1,1,1,2
202000035412,2020-05-31 19:50:00,2020,5,31,19,50,69,69112,D70,45.805436,4.664635,Plein jour,Hors agglomération,Hors intersection,Normale,Deux véhicules - frontale,3,-1,2,0,4,3,1,0,1,70,2,2,1,0,0,1,56.0,28.0,voiture,deux_roues,1,1,1,1,1
202000035413,2020-10-25 14:50:00,2020,10,25,14,50,75,75107,QUAI BRANLY,48.858612,2.292878,Plein jour,En agglomération,Hors intersection,Pluie légère,Sans collision,4,-1,2,1,1,1,2,-1,5,50,1,1,0,0,0,1,21.0,,deux_roues,,1,2,1,2,7
202000035414,2020-12-10 12:20:00,2020,12,10,12,20,13,13005,Route de Marseille,43.28474,5.54951,Plein jour,En agglomération,Hors intersection,Temps couvert,Deux véhicules - côté,4,2,2,0,1,1,1,0,1,50,2,3,2,1,0,0,22.0,26.0,deux_roues,utilitaire_camion,1,2,1,8,3
202000035415,2020-09-27 22:10:00,2020,9,27,22,10,94,94018,CARRIERES (QU DES),48.818791,2.409583,Nuit avec éclairage allumé,En agglomération,Autre intersection,Pluie légère,Deux véhicules - côté,3,-1,2,0,1,1,2,0,1,30,2,3,2,0,0,1,21.0,60.0,deux_roues,utilitaire_camion,5,2,9,2,3
202000035416,2020-06-01 10:30:00,2020,6,1,10,30,14,14724,3 Les Boursiers,49.2561149,-0.1327731,Plein jour,Hors agglomération,Hors intersection,Normale,Trois véhicules et plus - collisions multiples,3,2,2,0,1,1,1,0,1,80,3,3,2,0,1,0,39.0,66.0,voiture,voiture,1,1,1,1,5
202000035417,2020-01-12 11:55:00,2020,1,12,11,55,84,84148,3 Le Cours,44.057966,5.233142,Plein jour,En agglomération,Hors intersection,Temps éblouissant,Autre collision,4,1,1,0,1,1,1,0,1,30,1,3,1,0,0,2,63.0,,voiture,,1,2,1,7,6
202000035418,2020-09-27 12:00:00,2020,9,27,12,0,93,93066,R CROIZAT AMBROISE / R CHARLES CHRISTOFLE,48.9302,2.3504,Plein jour,En agglomération,Intersection en T,Temps couvert,Deux véhicules - arrière,3,3,2,0,1,1,2,0,1,50,2,2,1,0,0,1,44.0,38.0,deux_roues,voiture,1,2,3,8,2
202000035419,2020-10-28 18:45:00,2020,10,28,18,45,75,75101,RUE DE RIVOLI,48.860434,2.342324,Nuit sans éclairage public,En agglomération,Intersection en X,Normale,Autre collision,4,1,1,1,1,1,1,-1,5,50,1,1,0,0,0,1,55.0,,deux_roues,,3,2,2,1,6
202000035420,2020-10-28 16:50:00,2020,10,28,16,50,75,75104,RUE DES ARCHIVES,48.857514,2.354241,Crépuscule ou aube,En agglomération,Intersection en X,Pluie légère,Sans collision,4,1,1,0,1,1,2,0,1,30,1,1,0,0,0,1,29.0,,deux_roues,,2,2,2,2,7
202000035421,2020-12-09 14:40:00,2020,12,9,14,40,11,11262,CARNOT (AVENUE),43.1926972,3.0085635,Plein jour,En agglomération,Hors intersection,Normale,,3,2,2,0,1,1,1,9,1,50,2,2,0,0,0,2,61.0,24.0,voiture,voiture,1,2,1,1,-1
202000035422,2020-09-27 14:30:00,2020,9,27,14,30,93,93047,GABRIEL PERI  (AVENUE),48.8902347,2.5520269,Plein jour,En agglomération,Intersection en X,Pluie légère,Deux véhicules - côté,4,2,2,0,1,1,2,0,1,50,2,2,1,0,0,1,27.0,33.0,deux_roues,voiture,1,2,2,2,3
202000035423,2020-12-08 17:30:00,2020,12,8,17,30,11,11262,CUXAC (ROUTE DE),43.20048,3.0138,Plein jour,En agglomération,Hors intersection,Normale,,3,2,2,0,1,1,1,9,1,50,2,2,1,0,0,1,56.0,50.0,utilitaire_camion,voiture,1,2,1,1,-1
202000035424,2020-06-01 09:00:00,2020,6,1,9,0,60,60346,Rue des Marais,49.153359,2.429191,Plein jour,En agglomération,Giratoire,Normale,Deux véhicules - frontale,4,1,1,0,1,2,1,0,1,50,2,2,1,0,0,1,71.0,71.0,voiture,deux_roues,1,2,6,1,1
202000035425,2020-05-31 12:55:00,2020,5,31,12,55,13,13055,A507 sens Marseille - Aubagne,43.3297,5.4126,Plein jour,Hors agglomération,Hors intersection,Normale,Deux véhicules - arrière,1,1,3,0,1,1,1,0,1,70,2,2,1,0,0,1,50.0,21.0,utilitaire_camion,utilitaire_camion,1,1,1,1,2
202000035426,2020-05-30 15:20:00,2020,5,30,15,20,13,13055,A507 sens Marseille - Aubagne,43.29609,5.42445,Plein jour,Hors agglomération,Hors intersection,Normale,Deux véhicules - arrière,1,1,1,0,1,1,1,1,1,70,2,2,1,0,0,1,37.0,33.0,utilitaire_camion,utilitaire_camion,1,1,1,1,2
202000035427,2020-01-13 13:30:00,2020,1,13,13,30,05,05164,N94,44.535545,6.385798,Plein jour,Hors agglomération,Hors intersection,Normale,Trois véhicules et plus - collisions multiples,2,2,2,0,1,1,1,0,1,80,3,4,1,0,1,2,80.0,46.0,voiture,voiture,1,1,1,1,5
202000035428,2020-05-30 16:13:00,2020,5,30,16,13,67,67152,Route Nationale 83,48.52276,7.69629,Plein jour,Hors agglomération,Hors intersection,Normale,Deux véhicules - arrière,2,1,2,0,1,1,1,0,1,90,2,3,2,0,1,0,45.0,21.0,deux_roues,voiture,1,1,1,1,2
202000035429,2020-09-27 09:45:00,2020,9,27,9,45,93,93008,TARRAL (RUE GEORGES),48.9080994,2.4706996,Plein jour,En agglomération,Hors intersection,Pluie légère,Deux véhicules - côté,4,2,1,0,1,2,2,0,4,50,2,2,1,0,0,1,32.0,58.0,voiture,voiture,1,2,1,2,3
202000035430,2020-12-08 19:50:00,2020,12,8,19,50,10,10387,COMTES DE CHAMPAGNE (QUAI DES),48.29876,4.07784,Nuit avec éclairage allumé,En agglomération,Hors intersection,Temps couvert,Trois véhicules et plus - en chaîne,4,2,2,0,1,1,1,0,1,50,3,3,2,0,0,1,23.0,52.0,voiture,voiture,5,2,1,8,4
202000035431,2020-01-12 15:43:00,2020,1,12,15,43,50,50235,Le Cocuet,49.408753,-1.740566,Plein jour,Hors agglomération,Hors intersection,Normale,Deux véhicules - côté,3,2,2,0,1,3,1,0,1,80,2,2,1,0,0,1,41.0,42.0,voiture,voiture,1,1,1,1,3
202000035432,2020-05-31 17:10:00,2020,5,31,17,10,91,91687,AUTOROUTE A6,48.6599,2.3732,Plein jour,Hors agglomération,Hors intersection,Normale,Trois véhicules et plus - collisions multiples,1,3,6,0,1,1,1,0,1,70,4,5,4,0,0,1,61.0,54.0,voiture,voiture,1,1,1,1,5
202000035433,2020-09-27 13:30:00,2020,9,27,13,30,93,93005,MITRY [CD115] (ROUTE DE),48.9464732,2.5107805,Plein jour,En agglomération,Autre intersection,Normale,Deux véhicules - côté,3,1,2,0,1,1,2,0,1,50,2,3,1,0,0,2,33.0,60.0,voiture,voiture,1,2,9,1,3
202000035434,2020-12-09 11:53:00,2020,12,9,11,53,10,10081,GENERAL SARRAIL (AVE),48.30316,4.02924,Plein jour,En agglomération,Hors intersection,Temps couvert,Autre collision,5,1,0,0,1,1,9,9,6,50,1,2,1,0,1,0,29.0,,voiture,,1,2,1,8,6
202000035435,2020-09-27 22:10:00,2020,9,27,22,10,92,92048,PARIS (RUE DE) N° 12 A 164,48.81245,2.244521,Nuit avec éclairage allumé,En agglomération,Autre intersection,Pluie légère,Deux véhicules - côté,4,2,2,0,1,1,2,0,1,50,2,3,2,0,0,1,28.0,58.0,voiture,voiture,5,2,9,2,3
202000035436,2020-12-09 17:55:00,2020,12,9,17,55,07,07281,GROSS-UMSTADT (AVENUE DE),44.94435,4.8567,Nuit avec éclairage non allumé,En agglomération,Hors intersection,Temps couvert,Autre collision,3,3,4,1,1,1,1,0,1,50,1,2,1,0,0,1,81.0,,voiture,,4,2,1,8,6
202000035437,2020-09-27 19:50:00,2020,9,27,19,50,92,92040,BOURGAIN (AVENE),48.821587,2.265788,Nuit avec éclairage allumé,En agglomération,Hors intersection,Pluie légère,Deux véhicules - arrière,3,2,2,0,2,1,2,0,1,30,2,1,0,0,0,1,69.0,,voiture,,5,2,1,2,2
202000035438,2020-09-27 16:20:00,2020,9,27,16,20,92,92060,DESCARTES (AVENUE),48.7763282,2.2496532,Plein jour,En agglomération,Giratoire,Pluie légère,Deux véhicules - côté,3,-1,4,0,1,1,2,0,1,30,2,3,2,0,0,1,24.0,40.0,voiture,voiture,1,2,6,2,3
202000035439,2020-09-28 07:15:00,2020,9,28,7,15,974,97415,Rue Gabriel Martin,-20.9773186,55.3255928,Plein jour,En agglomération,Intersection en T,Normale,Deux véhicules - côté,3,2,2,0,2,1,1,0,1,30,2,2,1,0,0,1,45.0,17.0,voiture,deux_roues,1,2,3,1,3
202000035440,2020-09-28 04:15:00,2020,9,28,4,15,974,97415,Route de Cambaie,-20.961309,55.293868,Nuit sans éclairage public,En agglomération,Hors intersection,Normale,Autre collision,2,3,4,0,1,1,1,0,3,70,1,1,0,0,1,0,42.0,,voiture,,3,2,1,1,6
202000035441,2020-01-13 08:20:00,2020,1,13,8,20,60,60471,Rue Jean Abel Lefranc,49.582636,2.9986006,Crépuscule ou aube,En agglomération,Intersection en X,Pluie légère,Deux véhicules - côté,4,1,2,0,2,1,2,0,1,50,2,6,3,0,0,3,42.0,58.0,voiture,voiture,2,2,2,2,3
202000035442,2020-05-30 15:45:00,2020,5,30,15,45,91,91216,AUTOROUTE A6,48.68374,2.3287,Plein jour,Hors agglomération,Hors intersection,Normale,Deux véhicules - arrière,1,1,3,0,1,1,1,0,1,110,2,2,1,0,0,1,24.0,62.0,voiture,voiture,1,1,1,1,2
202000035443,2020-12-10 23:50:00,2020,12,10,23,50,06,06027,GAUDE AVENUE DE LA,43.6779,7.151,Nuit avec éclairage allumé,En agglomération,Hors intersection,Normale,Deux véhicules - côté,7,2,2,0,2,3,1,0,1,50,2,3,2,0,0,1,18.0,27.0,voiture,voiture,5,2,1,1,3
202000035444,2020-01-13 13:30:00,2020,1,13,13,30,45,45175,D18-PR 17+300,47.743354,1.850085,Plein jour,Hors agglomération,Hors intersection,Autre,Autre collision,3,2,2,0,1,3,2,0,3,80,1,1,0,1,0,0,41.0,,voiture,,1,1,1,9,6
202000035445,2020-05-31 01:06:00,2020,5,31,1,6,91,91617,RN 104,48.63149,2.49626,Nuit sans éclairage public,Hors agglomération,Hors intersection,Normale,Autre collision,3,2,6,0,1,1,1,2,1,110,1,1,0,0,0,1,23.0,,voiture,,3,1,1,1,6
202000035446,2020-12-09 15:13:00,2020,12,9,15,13,05,05061,RN 85,44.6248131,6.0831035,Plein jour,Hors agglomération,Intersection en T,Normale,Deux véhicules - côté,2,2,2,0,1,1,2,0,1,80,2,2,1,0,0,1,57.0,31.0,utilitaire_camion,utilitaire_camion,1,1,3,1,3
202000035447,2020-09-27 13:50:00,2020,9,27,13,50,35,35176,Rue Pitrel,47.831074,-1.79597,Plein jour,En agglomération,Intersection en X,Normale,Deux véhicules - côté,3,2,2,0,1,1,1,0,1,50,2,3,2,0,1,0,60.0,21.0,voiture,voiture,1,2,2,1,3
202000035448,2020-10-28 16:40:00,2020,10,28,16,40,94,94067,GALLIENI (AV),48.84642,2.4175,Plein jour,En agglomération,Intersection en X,Pluie légère,Deux véhicules - côté,3,3,4,1,1,1,2,5,1,50,2,2,1,0,0,1,43.0,52.0,voiture,deux_roues,1,2,2,2,3
202000035449,2020-01-12 17:45:00,2020,1,12,17,45,64,64477,"Route d'Ispéguy, Départementale 949",43.177604,-1.392606,Crépuscule ou aube,Hors agglomération,Hors intersection,Normale,Sans collision,3,2,2,0,2,3,1,0,8,80,1,1,0,1,0,0,39.0,,voiture,,2,1,1,1,7
202000035450,2020-12-10 18:15:00,2020,12,10,18,15,75,75119,AVENUE JEAN JAURES,48.887882,2.389646,Nuit avec éclairage allumé,En agglomération,Hors intersection,Normale,Deux véhicules - côté,4,2,3,0,1,1,1,0,1,50,2,2,1,0,0,1,38.0,29.0,voiture,utilitaire_camion,5,2,1,1,3
202000035451,2020-05-31 14:50:00,2020,5,31,14,50,92,92023,RN385,48.7768071,2.2306989,Plein jour,Hors agglomération,Hors intersection,Normale,Deux véhicules - arrière,2,3,3,0,1,1,1,0,1,90,2,3,2,0,0,1,23.0,48.0,voiture,voiture,1,1,1,1,2
202000035452,2020-10-27 14:55:00,2020,10,27,14,55,94,94002,R CHARLES DE GAULLE,48.814504,2.412513,Plein jour,En agglomération,Intersection en T,Pluie légère,Deux véhicules - côté,3,2,2,0,1,1,2,0,1,50,2,2,1,0,1,0,17.0,61.0,deux_roues,transport_commun,1,2,3,2,3