accident_id,datetime,annee,mois,jour,heure,minute,departement,commune_insee,adresse,latitude,longitude,luminosite,agglomeration,intersection,meteo,collision,catr,circ,nbv,vosp,prof,plan,surf,infra,situ,vma,nb_vehicules,nb_usagers,nb_indemnes,nb_tues,nb_blesses_hosp,nb_blesses_legers,age_cond_1,age_cond_2,veh_type_cond_1,veh_type_cond_2,lum_code,agg_code,int_code,atm_code,col_code
202000035453,2020-10-28 13:55:00,2020,10,28,13,55,94,94033,PAUL LANGEVIN (R),48.854766,2.479211,Plein jour,En agglomération,Autre intersection,Normale,Autre collision,4,1,1,0,1,1,2,0,3,30,1,2,0,0,1,1,21.0,,voiture,,1,2,9,1,6
202000035454,2020-12-10 13:20:00,2020,12,10,13,20,75,75118,AVENUE DE LA PORTE DE SAINT OUEN,48.897739,2.329031,Plein jour,En agglomération,Intersection en X,Normale,Deux véhicules - côté,4,2,4,0,1,1,1,0,1,50,2,2,1,0,0,1,64.0,67.0,voiture,voiture,1,2,2,1,3
202000035455,2020-01-11 19:00:00,2020,1,11,19,0,40,40044,1114 Route Nationale N°117,43.549114,-1.322949,Nuit sans éclairage public,Hors agglomération,Hors intersection,Normale,Trois véhicules et plus - collisions multiples,3,2,2,0,2,3,1,0,1,80,3,5,2,0,3,0,25.0,34.0,utilitaire_camion,voiture,3,1,1,1,5
202000035456,2020-09-26 19:15:00,2020,9,26,19,15,35,35356,la martinais,48.256899,-1.751611,Plein jour,Hors agglomération,Hors intersection,Normale,Autre collision,4,2,2,0,1,1,1,0,3,70,1,2,1,0,1,0,35.0,,voiture,,1,1,1,1,6
202000035457,2020-05-31 19:40:00,2020,5,31,19,40,95,95018,AUTOROUTE A15,48.9497706,2.2805053,Plein jour,Hors agglomération,Hors intersection,Normale,Trois véhicules et plus - en chaîne,1,3,4,0,1,1,1,2,1,110,3,3,2,0,0,1,50.0,27.0,voiture,voiture,1,1,1,1,4
202000035458,2020-01-11 21:00:00,2020,1,11,21,0,85,85105,7 Rue de la Rivière,46.373446,-0.924114,Nuit avec éclairage allumé,En agglomération,Hors intersection,Normale,Autre collision,4,2,2,0,1,1,1,0,3,50,1,1,0,0,1,0,24.0,,deux_roues,,5,2,1,1,6
202000035459,2020-09-27 01:45:00,2020,9,27,1,45,95,95229,Grande Rue,49.029508,2.363428,Nuit avec éclairage allumé,En agglomération,Hors intersection,Pluie légère,Deux véhicules - frontale,3,2,2,0,1,3,2,0,1,50,2,5,4,0,0,1,53.0,20.0,voiture,voiture,5,2,1,2,1
202000035460,2020-05-29 18:45:00,2020,5,29,18,45,95,95277, A3,48.97391,2.48865,Plein jour,Hors agglomération,Hors intersection,Normale,Trois véhicules et plus - en chaîne,1,3,2,0,1,1,1,3,1,70,3,3,2,0,0,1,32.0,35.0,voiture,voiture,1,1,1,1,4
202000035461,2020-01-11 15:40:00,2020,1,11,15,40,48,48092,1 avenue du Maréchal Alphonse Juin,44.558159,3.290022,Plein jour,En agglomération,Hors intersection,Temps éblouissant,Autre collision,3,4,5,0,1,1,1,9,1,50,1,2,1,0,1,0,42.0,,voiture,,1,2,1,7,6
202000035462,2020-01-12 23:50:00,2020,1,12,23,50,52,52172,D13,48.416733,4.916673,Nuit sans éclairage public,Hors agglomération,Hors intersection,Normale,Autre collision,3,2,2,0,2,3,1,0,3,80,1,1,0,0,1,0,31.0,,voiture,,3,1,1,1,6
202000035463,2020-10-27 19:05:00,2020,10,27,19,5,94,94055,PINCE VENT (AV DE),48.789342,2.548765,Nuit avec éclairage allumé,En agglomération,Hors intersection,Pluie légère,Autre collision,3,2,2,0,1,1,2,0,1,50,1,1,0,0,0,1,,,,,5,2,1,2,6
202000035464,2020-09-28 08:00:00,2020,9,28,8,0,43,43095,RN102,45.150921,3.654199,Plein jour,Hors agglomération,Hors intersection,Pluie légère,Deux véhicules - frontale,2,2,2,0,2,2,2,0,1,80,2,3,1,2,0,0,52.0,45.0,voiture,utilitaire_camion,1,1,1,2,1
202000035465,2020-12-10 12:50:00,2020,12,10,12,50,75,75112,AVENUE LEDRU ROLLIN,48.845873,2.367671,Plein jour,En agglomération,Intersection en X,Normale,Deux véhicules - côté,4,1,3,1,2,1,1,-1,5,50,2,2,1,0,0,1,68.0,68.0,deux_roues,deux_roues,1,2,2,1,3
202000035466,2020-09-27 18:55:00,2020,9,27,18,55,17,17196,D732,45.571042,-0.644175,Plein jour,Hors agglomération,Hors intersection,Normale,Autre collision,3,2,2,0,1,1,1,0,3,80,1,1,0,1,0,0,41.0,,voiture,,1,1,1,1,6
202000035467,2020-12-10 17:30:00,2020,12,10,17,30,75,75111,BOULEVARD DE CHARONNE,48.85031,2.398605,Crépuscule ou aube,En agglomération,Intersection en X,Normale,Deux véhicules - côté,4,3,1,0,1,1,1,0,1,50,2,2,1,0,0,1,61.0,21.0,deux_roues,utilitaire_camion,2,2,2,1,3
202000035468,2020-09-28 01:50:00,2020,9,28,1,50,71,71270,A40 PK 206+800 sens Macon/Genève,46.3512031,4.8268553,Nuit sans éclairage public,Hors agglomération,Hors intersection,Temps couvert,Sans collision,1,1,4,0,2,2,2,0,3,90,1,2,1,0,1,0,49.0,,voiture,,3,1,1,8,7
202000035469,2020-05-31 14:00:00,2020,5,31,14,0,94,94017,A4,48.83004,2.49655,Plein jour,Hors agglomération,Hors intersection,Normale,Trois véhicules et plus - en chaîne,1,3,3,0,1,1,1,0,1,90,5,10,7,0,0,3,30.0,24.0,voiture,voiture,1,1,1,1,4
202000035470,2020-01-09 18:40:00,2020,1,9,18,40,68,68253,A36,47.787556,7.459888,Nuit sans éclairage public,Hors agglomération,Hors intersection,Normale,Trois véhicules et plus - collisions multiples,1,3,4,0,1,1,1,0,1,130,4,4,3,0,0,1,23.0,50.0,voiture,voiture,3,1,1,1,5
202000035471,2020-10-28 10:30:00,2020,10,28,10,30,93,93073,VAILLANT (BOULEVARD CHARLES),48.9439,2.5732,Plein jour,En agglomération,Hors intersection,Temps couvert,Deux véhicules - côté,4,2,2,0,1,1,1,0,1,50,2,2,1,0,1,0,38.0,,voiture,,1,2,1,8,3
202000035472,2020-09-27 12:15:00,2020,9,27,12,15,83,83085,Route de Callas,43.515786,6.565554,Plein jour,Hors agglomération,Hors intersection,Normale,Deux véhicules - arrière,3,2,2,0,1,1,1,0,1,80,2,3,1,0,1,1,20.0,50.0,deux_roues,deux_roues,1,1,1,1,2
202000035473,2020-05-31 12:30:00,2020,5,31,12,30,94,94033,A86.EXT,48.8542817,2.4895683,Plein jour,Hors agglomération,Hors intersection,Normale,Deux véhicules - arrière,1,1,3,0,1,1,1,0,1,90,2,2,1,0,0,1,28.0,29.0,voiture,deux_roues,1,1,1,1,2
202000035474,2020-01-03 17:15:00,2020,1,3,17,15,987,98715,RT5,-17.584522,-149.568578,Plein jour,Hors agglomération,Hors intersection,Normale,Sans collision,2,3,4,0,2,1,1,0,1,90,1,1,0,0,1,0,29.0,,deux_roues,,1,1,1,1,7
202000035475,2020-05-30 20:45:00,2020,5,30,20,45,94,94017,A4,48.83,2.49,Plein jour,Hors agglomération,Hors intersection,Normale,Deux véhicules - arrière,1,3,4,0,1,1,1,0,1,90,2,2,1,0,0,1,40.0,45.0,voiture,voiture,1,1,1,1,2
202000035476,2020-01-09 01:30:00,2020,1,9,1,30,34,34340,Autoroute A9 - PK 75+300,43.7182909,4.140234,Nuit sans éclairage public,Hors agglomération,Hors intersection,Normale,Deux véhicules - arrière,1,3,5,0,1,1,1,0,1,130,2,4,1,0,0,3,21.0,27.0,voiture,voiture,3,1,1,1,2
202000035477,2020-10-28 18:10:00,2020,10,28,18,10,93,93005,EDGAR DEGAS (RUE),48.9565435,2.4953908,Nuit avec éclairage non allumé,En agglomération,Hors intersection,Pluie légère,Autre collision,4,2,2,0,1,1,2,6,1,50,1,2,1,0,0,1,39.0,,voiture,,4,2,1,2,6
202000035478,2020-09-27 20:45:00,2020,9,27,20,45,34,34014,Avenue de Montpellier,43.694563,3.89946,Nuit sans éclairage public,Hors agglomération,Hors intersection,Pluie légère,Sans collision,3,2,2,0,1,2,2,0,1,80,1,1,0,1,0,0,29.0,,deux_roues,,3,1,1,2,7
202000035479,2020-12-10 07:55:00,2020,12,10,7,55,75,75111,BOULEVARD RICHARD LENOIR,48.866345,2.368856,Crépuscule ou aube,En agglomération,Intersection en X,Normale,Deux véhicules - côté,4,2,4,1,1,1,1,0,1,50,2,2,1,0,0,1,62.0,26.0,deux_roues,deux_roues,2,2,2,1,3
202000035480,2020-05-31 04:45:00,2020,5,31,4,45,988,98818,RUE JACQUES IEKAWE/RUE DE CASTELLANE,-22.23718,166.47455,Nuit avec éclairage allumé,En agglomération,Intersection en T,Pluie forte,Deux véhicules - frontale,4,2,2,0,2,1,2,0,1,50,2,4,1,0,2,1,21.0,49.0,voiture,voiture,5,2,3,3,1
202000035481,2020-01-12 09:50:00,2020,1,12,9,50,988,98813,RT1/RM8,-21.8194,165.86787,Plein jour,Hors agglomération,Intersection en T,Normale,Deux véhicules - côté,2,2,2,0,1,1,1,0,1,110,2,5,1,0,2,2,41.0,34.0,utilitaire_camion,voiture,1,1,3,1,3
202000035482,2020-05-29 06:55:00,2020,5,29,6,55,988,98818,RUE AUGUSTE BRUN,-22.27647,166.44167,Plein jour,En agglomération,Hors intersection,Normale,Deux véhicules - côté,4,2,1,0,1,1,1,0,1,50,2,2,1,0,0,1,42.0,52.0,deux_roues,deux_roues,1,2,1,1,3
202000035483,2020-01-12 13:40:00,2020,1,12,13,40,37,37210,La Catinerie,47.213144,0.3170126,Plein jour,En agglomération,Hors intersection,Normale,Deux véhicules - frontale,3,2,2,0,1,1,1,0,1,50,2,2,1,0,0,1,52.0,20.0,utilitaire_camion,voiture,1,2,1,1,1
202000035484,2020-05-30 18:50:00,2020,5,30,18,50,974,97416,DIAGONALE(CHEMIN),-21.30283,55.47237,Nuit avec éclairage allumé,Hors agglomération,Hors intersection,Normale,Sans collision,4,2,2,0,2,1,1,0,8,50,1,3,1,0,0,2,22.0,,autre,,5,1,1,1,7
202000035485,2020-01-11 17:55:00,2020,1,11,17,55,78,78398,D155,48.763474,1.825865,Nuit sans éclairage public,Hors agglomération,Hors intersection,Normale,Deux véhicules - arrière,3,2,2,0,2,1,1,0,1,80,2,2,1,0,1,0,73.0,72.0,voiture,deux_roues,3,1,1,1,2
202000035486,2020-05-30 22:00:00,2020,5,30,22,0,69,69276,HECTOR BERLIOZ                          ,45.6679534,4.8529456,Nuit avec éclairage allumé,En agglomération,Hors intersection,Normale,Deux véhicules - côté,4,2,2,1,1,1,1,0,5,30,2,2,1,0,0,1,41.0,52.0,voiture,deux_roues,5,2,1,1,3
202000035487,2020-01-13 10:45:00,2020,1,13,10,45,2B,2B042,T11,42.571097,9.441934,Plein jour,En agglomération,Hors intersection,Normale,Deux véhicules - côté,2,1,1,0,2,3,1,0,8,50,2,2,1,0,1,0,24.0,47.0,deux_roues,voiture,1,2,1,1,3
202000035488,2020-10-28 20:40:00,2020,10,28,20,40,93,93070,LANDY(RUE):N° 1 AU 43,48.91401,2.34444,Nuit avec éclairage allumé,En agglomération,Autre intersection,Temps couvert,Autre collision,3,2,2,0,1,1,2,9,1,50,1,1,0,0,0,1,37.0,,deux_roues,,5,2,9,8,6
202000035489,2020-09-26 19:36:00,2020,9,26,19,36,57,57733,10 Route de Luttange,49.30656,6.263639,Crépuscule ou aube,En agglomération,Hors intersection,Pluie légère,Autre collision,4,2,2,0,2,4,2,0,3,80,1,5,2,1,1,1,28.0,,voiture,,2,2,1,2,6
202000035490,2020-10-28 13:00:00,2020,10,28,13,0,93,93051,Rue des Ormes,48.84515,2.52766,Plein jour,En agglomération,Intersection en T,Normale,Deux véhicules - côté,3,-1,2,0,1,1,1,0,1,50,2,2,1,0,0,1,34.0,27.0,voiture,deux_roues,1,2,3,1,3
202000035491,2020-01-13 07:50:00,2020,1,13,7,50,84,84132,Route de Fontaine de Vaucluse,43.903524,5.014475,Plein jour,Hors agglomération,Intersection en X,Normale,Deux véhicules - côté,3,2,2,0,1,1,1,0,1,80,2,2,1,0,1,0,18.0,26.0,deux_roues,voiture,1,1,2,1,3
202000035492,2020-09-26 03:10:00,2020,9,26,3,10,79,79337,2 Rue de la Mairie,46.295538,-0.636856,Nuit avec éclairage allumé,En agglomération,Hors intersection,Normale,Autre collision,3,2,2,0,1,3,1,0,1,50,1,1,0,0,1,0,30.0,,voiture,,5,2,1,1,6
202000035493,2020-10-28 14:05:00,2020,10,28,14,5,93,93048,JEAN LOLIVE (RUE),48.86726,2.4293,Plein jour,En agglomération,Hors intersection,Normale,Autre collision,4,2,2,0,1,1,1,0,1,30,1,2,1,0,0,1,38.0,,utilitaire_camion,,1,2,1,1,6
202000035494,2020-01-12 16:50:00,2020,1,12,16,50,54,54463,Les 4 Vents,48.79565,6.014984,Nuit avec éclairage non allumé,Hors agglomération,Intersection en X,Pluie légère,Sans collision,3,2,1,0,1,3,2,0,1,80,1,2,1,0,1,0,16.0,,deux_roues,,4,1,2,2,7
202000035495,2020-05-30 15:10:00,2020,5,30,15,10,69,69388,VIENNE (DE)                         (RO),45.721,4.85419,Plein jour,En agglomération,Hors intersection,Normale,Trois véhicules et plus - en chaîne,4,2,3,0,1,1,1,0,1,50,3,3,1,0,0,2,53.0,23.0,utilitaire_camion,voiture,1,2,1,1,4
202000035496,2020-09-27 21:00:00,2020,9,27,21,0,80,80530,D120,49.939538,2.532392,Nuit sans éclairage public,Hors agglomération,Hors intersection,Pluie forte,Autre collision,3,2,2,0,1,2,2,0,1,80,1,1,0,1,0,0,19.0,,voiture,,3,1,1,3,6
202000035497,2020-12-10 08:45:00,2020,12,10,8,45,75,75109,BOULEVARD DE ROCHECHOUART,48.883611,2.349514,Crépuscule ou aube,En agglomération,Intersection en X,Normale,Deux véhicules - côté,4,4,1,0,1,1,1,0,1,30,2,2,1,0,0,1,36.0,44.0,utilitaire_camion,deux_roues,2,2,2,1,3
202000035498,2020-05-30 10:00:00,2020,5,30,10,0,972,97209,CHATEAUBOEUF (ROUTE DE),14.6175531,-61.0468244,Plein jour,En agglomération,Autre intersection,Normale,Deux véhicules - côté,3,4,2,0,1,1,1,0,1,50,2,2,1,0,0,1,41.0,31.0,deux_roues,voiture,1,2,9,1,3
202000035499,2020-12-09 09:20:00,2020,12,9,9,20,75,75109,RUE DE TREVISE,48.87594,2.345548,Plein jour,En agglomération,Intersection en X,Normale,Deux véhicules - côté,4,1,2,0,1,1,1,0,1,50,2,2,1,0,0,1,42.0,54.0,deux_roues,deux_roues,1,2,2,1,3
202000035500,2020-05-29 20:45:00,2020,5,29,20,45,972,97209,AUTOROUTE (A1),14.61824,-61.03769,Nuit avec éclairage allumé,Hors agglomération,Hors intersection,Normale,Deux véhicules - arrière,1,3,2,0,2,1,1,3,1,90,2,3,1,0,1,1,36.0,30.0,deux_roues,voiture,5,1,1,1,2
202000035501,2020-05-29 20:00:00,2020,5,29,20,0,69,69389,AUGUSTE ISAAC                       (R ),45.7865755,4.8076769,Plein jour,En agglomération,Hors intersection,Normale,Autre collision,4,3,2,0,1,1,1,0,1,30,1,2,1,0,0,1,50.0,,voiture,,1,2,1,1,6
202000035502,2020-12-10 16:45:00,2020,12,10,16,45,75,75108,AVENUE DES CHAMPS ELYSEES,48.871926,2.300929,Nuit avec éclairage allumé,En agglomération,Intersection en T,Normale,Trois véhicules et plus - en chaîne,4,2,6,0,2,1,1,0,1,50,3,3,2,0,0,1,42.0,61.0,deux_roues,utilitaire_camion,5,2,3,1,4
202000035503,2020-09-28 10:35:00,2020,9,28,10,35,93,93027,LECLERC (AVENUE DU GENERAL),48.92701,2.37951,Plein jour,En agglomération,Intersection en Y,Normale,Deux véhicules - côté,3,2,2,0,1,1,1,0,1,50,2,3,2,0,0,1,78.0,48.0,voiture,transport_commun,1,2,4,1,3
202000035504,2020-10-28 19:40:00,2020,10,28,19,40,93,93047,EUROPE (BOULEVARD DE L'),48.8952458,2.5703619,Nuit avec éclairage allumé,En agglomération,Hors intersection,Normale,Autre collision,3,3,2,0,1,1,1,9,8,50,1,1,0,0,0,1,42.0,,deux_roues,,5,2,1,1,6
202000035505,2020-10-27 08:50:00,2020,10,27,8,50,93,93005,MARC CHAGALL (BOULEVARD),48.95261,2.49682,Plein jour,En agglomération,Hors intersection,Normale,Autre collision,3,3,2,0,2,3,1,5,1,50,1,2,1,0,0,1,43.0,,utilitaire_camion,,1,2,1,1,6
202000035506,2020-10-28 07:00:00,2020,10,28,7,0,92,92078,CHARLES DE GAULLE (BD)(72 AU 308),48.9413366,2.3221855,Crépuscule ou aube,En agglomération,Giratoire,Normale,Sans collision,3,1,2,0,1,3,2,0,1,50,1,1,0,0,1,0,37.0,,deux_roues,,2,2,6,1,7
202000035507,2020-01-13 16:00:00,2020,1,13,16,0,26,26220,D94,44.37208,5.154886,Plein jour,Hors agglomération,Hors intersection,Normale,Deux véhicules - côté,3,2,2,0,1,2,1,0,1,80,2,2,1,0,0,1,60.0,41.0,utilitaire_camion,deux_roues,1,1,1,1,3
202000035508,2020-05-30 10:00:00,2020,5,30,10,0,69,69384,ESSES (DES)                         (MO),45.77424,4.81305,Plein jour,En agglomération,Autre intersection,Normale,Deux véhicules - côté,4,-1,2,0,4,4,1,0,1,30,2,2,1,0,1,0,26.0,36.0,utilitaire_camion,deux_roues,1,2,9,1,3
202000035509,2020-09-28 13:15:00,2020,9,28,13,15,69,69248,D504,46.040937,4.308792,Plein jour,Hors agglomération,Hors intersection,Pluie légère,Deux véhicules - frontale,3,2,2,0,2,3,2,0,1,80,2,12,3,0,4,5,26.0,36.0,voiture,voiture,1,1,1,2,1
202000035510,2020-12-10 10:50:00,2020,12,10,10,50,75,75116,AVENUE RAYMOND POINCARE,48.868702,2.285603,Plein jour,En agglomération,Hors intersection,Normale,Deux véhicules - côté,4,2,2,0,1,1,1,0,1,50,2,2,1,0,0,1,23.0,36.0,deux_roues,voiture,1,2,1,1,3
202000035511,2020-10-28 16:42:00,2020,10,28,16,42,92,92040,GAMBETTA (BOULEVARD),48.8272466,2.2785218,Plein jour,En agglomération,Hors intersection,Pluie légère,Deux véhicules - arrière,3,2,3,0,1,1,2,6,1,30,2,3,2,0,0,1,39.0,47.0,autre,voiture,1,2,1,2,2
202000035512,2020-05-29 16:50:00,2020,5,29,16,50,69,69034,PIERRE TERRASSE                     (AV),45.7986265,4.8493682,Plein jour,En agglomération,Hors intersection,Normale,Autre collision,4,2,2,0,1,1,1,0,1,50,1,2,1,0,0,1,36.0,,voiture,,1,2,1,1,6
202000035513,2020-01-13 14:05:00,2020,1,13,14,5,69,69163,Route de varennes,45.9179576,4.7748953,Plein jour,Hors agglomération,Hors intersection,Normale,Trois véhicules et plus - collisions multiples,3,2,2,0,1,1,1,0,1,80,3,4,2,0,0,2,42.0,64.0,voiture,voiture,1,1,1,1,5
202000035514,2020-10-28 11:00:00,2020,10,28,11,0,92,92036,CAMELINAT (BOULEVARD) (1/47),48.92786,2.297899,Plein jour,En agglomération,Hors intersection,Normale,,3,2,2,0,1,1,1,0,1,50,2,2,1,0,0,1,38.0,23.0,voiture,deux_roues,1,2,1,1,-1
202000035515,2020-09-27 21:55:00,2020,9,27,21,55,89,89418,RD 35,47.8481132,3.9381748,Nuit sans éclairage public,Hors agglomération,Hors intersection,Temps couvert,Sans collision,3,2,2,0,1,2,2,0,8,80,1,3,2,0,1,0,20.0,,voiture,,3,1,1,8,7
202000035516,2020-01-12 21:30:00,2020,1,12,21,30,17,17219,D728,45.82765,-1.094208,Nuit sans éclairage public,Hors agglomération,Hors intersection,Pluie légère,Autre collision,3,2,2,0,1,1,2,0,1,80,1,2,1,1,0,0,26.0,,voiture,,3,1,1,2,6
202000035517,2020-09-26 09:30:00,2020,9,26,9,30,63,63125,Lieu-dit TARRAGNAT,45.778539,3.538971,Plein jour,Hors agglomération,Hors intersection,Pluie forte,Autre collision,4,2,2,0,1,1,2,0,8,80,1,2,1,0,0,1,56.0,,voiture,,1,1,1,3,6
202000035518,2020-05-30 08:50:00,2020,5,30,8,50,971,97101,CHAUVEL,16.2392349,-61.5231586,Plein jour,Hors agglomération,Hors intersection,Normale,Autre collision,3,2,2,0,1,1,1,0,1,50,1,1,0,0,0,1,65.0,,voiture,,1,1,1,1,6
202000035519,2020-09-28 15:00:00,2020,9,28,15,0,63,63380,D996,45.5895819,2.9691132,Plein jour,Hors agglomération,Hors intersection,Pluie légère,Deux véhicules - côté,3,2,2,0,2,3,2,0,1,80,2,3,2,0,1,0,32.0,52.0,voiture,voiture,1,1,1,2,3
202000035520,2020-05-30 20:40:00,2020,5,30,20,40,95,95555,RAGUENETS (RUE DES),48.9602115,2.2836918,Plein jour,En agglomération,Hors intersection,Normale,Autre collision,4,-1,2,0,2,1,1,9,1,50,1,2,1,0,0,1,21.0,,voiture,,1,2,1,1,6
202000035521,2020-09-23 14:50:00,2020,9,23,14,50,49,49149,D176,47.335093,-0.303068,Plein jour,Hors agglomération,Intersection en X,Pluie légère,Deux véhicules - côté,3,2,2,0,1,1,2,0,1,80,2,3,2,0,0,1,24.0,48.0,voiture,voiture,1,1,2,2,3
202000035522,2020-01-13 16:10:00,2020,1,13,16,10,85,85112,36 Rue de l'Auzance,46.571967,-1.786919,Plein jour,Hors agglomération,Hors intersection,Normale,,3,2,2,0,2,1,2,0,5,70,2,2,1,0,1,0,33.0,50.0,voiture,utilitaire_camion,1,1,1,1,-1
202000035523,2020-10-20 16:50:00,2020,10,20,16,50,92,92036,GENEAL DE GAULLE (AVENUE) (1/41),48.933307,2.306763,Plein jour,En agglomération,Hors intersection,Pluie légère,Sans collision,5,-1,1,3,1,1,2,6,6,20,1,1,0,0,0,1,46.0,,deux_roues,,1,2,1,2,7
202000035524,2020-05-29 03:10:00,2020,5,29,3,10,95,95063,RUE VILLENEUVE,48.9255624,2.215574,Nuit avec éclairage allumé,En agglomération,Hors intersection,Normale,Sans collision,4,1,1,0,1,1,1,0,1,50,1,1,0,0,1,0,23.0,,deux_roues,,5,2,1,1,7
202000035525,2020-12-09 08:40:00,2020,12,9,8,40,75,75107,AVENUE DE LA MOTTE PICQUET,48.85111,2.300933,Plein jour,En agglomération,Intersection à plus de 4 branches,Normale,Autre collision,4,2,4,0,1,1,1,0,1,50,1,2,1,0,0,1,60.0,,voiture,,1,2,5,1,6
202000035526,2020-10-28 19:45:00,2020,10,28,19,45,92,92025,STALINGRAD (AV DE),48.93569,2.26098,Nuit avec éclairage allumé,En agglomération,Hors intersection,Normale,Deux véhicules - frontale,3,2,2,0,1,1,2,2,1,50,2,2,1,0,0,1,39.0,37.0,voiture,voiture,5,2,1,1,1
202000035527,2020-05-30 16:45:00,2020,5,30,16,45,91,91377,MARTYRS DE SOWETO (AVENUE DES),48.7352,2.271,Plein jour,En agglomération,Hors intersection,Normale,Deux véhicules - côté,4,3,3,1,1,1,1,0,1,50,2,4,2,0,0,2,25.0,31.0,voiture,voiture,1,2,1,1,3
202000035528,2020-12-10 15:45:00,2020,12,10,15,45,94,94081,MOULIN DE SAQUET (AV DU),48.79,2.38,Plein jour,En agglomération,Intersection en T,Normale,Autre collision,3,2,2,0,2,1,1,0,1,50,1,2,1,0,0,1,46.0,,voiture,,1,2,3,1,6
202000035529,2020-10-28 09:00:00,2020,10,28,9,0,92,92012,PIERRE GRENIER (AVENUE),48.8257475,2.2486755,Plein jour,En agglomération,Hors intersection,Normale,Deux véhicules - côté,3,2,3,0,1,1,1,0,1,50,2,2,1,0,0,1,22.0,74.0,deux_roues,voiture,1,2,1,1,3
202000035530,2020-12-09 22:30:00,2020,12,9,22,30,94,94081,PRESIDENT SALVADOR ALLENDE (AV DU),48.795907,2.412725,Nuit avec éclairage allumé,En agglomération,Intersection en T,Normale,Deux véhicules - côté,3,3,4,0,1,1,1,0,1,50,2,2,1,0,0,1,23.0,21.0,deux_roues,voiture,5,2,3,1,3
202000035531,2020-01-13 15:54:00,2020,1,13,15,54,60,60398,1 Rue de la Petite Couture,49.177563,2.286541,Plein jour,En agglomération,Autre intersection,Pluie légère,Deux véhicules - côté,3,2,2,0,1,1,2,5,1,50,2,2,0,0,0,2,21.0,21.0,voiture,voiture,1,2,9,2,3
202000035532,2020-10-28 15:00:00,2020,10,28,15,0,92,92002,PRESIDENT KENNEDY (2 A 48),48.7405955,2.3021212,Plein jour,En agglomération,Giratoire,Normale,Deux véhicules - côté,3,2,2,1,2,1,1,0,1,50,2,4,3,0,0,1,33.0,29.0,deux_roues,voiture,1,2,6,1,3
202000035533,2020-12-08 20:15:00,2020,12,8,20,15,94,94081,MOULIN DE SAQUET (AV DU),48.7907728,2.3809808,Nuit avec éclairage allumé,En agglomération,Intersection en X,Temps couvert,Deux véhicules - côté,3,2,2,0,2,1,1,0,1,50,2,2,1,0,0,1,33.0,20.0,deux_roues,voiture,5,2,2,8,3
202000035534,2020-12-01 14:50:00,2020,12,1,14,50,94,94052,Boulevard de Strasbourg,48.845107,2.488953,Plein jour,En agglomération,Hors intersection,Normale,Deux véhicules - côté,3,2,2,0,1,1,1,0,1,50,2,2,1,0,0,1,33.0,36.0,deux_roues,voiture,1,2,1,1,3
202000035535,2020-12-10 15:55:00,2020,12,10,15,55,94,94076,MAXIME GORKI (BD),48.79337,2.36912,Plein jour,En agglomération,Hors intersection,Normale,Deux véhicules - arrière,3,3,1,0,2,1,1,0,5,50,2,2,1,0,0,1,28.0,19.0,deux_roues,voiture,1,2,1,1,2
202000035536,2020-12-10 12:45:00,2020,12,10,12,45,94,94003,PAUL VAILLANT COUTURIER (AV),48.79936,2.34427,Plein jour,En agglomération,Autre intersection,Normale,Autre collision,3,2,3,0,2,1,1,0,1,50,1,2,1,0,1,0,24.0,,utilitaire_camion,,1,2,9,1,6
202000035537,2020-10-28 18:00:00,2020,10,28,18,0,60,60107,D1016,49.3479297,2.4301108,Nuit sans éclairage public,Hors agglomération,Hors intersection,Pluie légère,Trois véhicules et plus - en chaîne,3,3,2,0,1,1,2,0,1,110,5,7,2,0,1,4,41.0,19.0,voiture,voiture,3,1,1,2,4
202000035538,2020-10-25 16:25:00,2020,10,25,16,25,57,57210,79 Rue de l'Hôtel de Ville,48.845464,7.012319,Plein jour,En agglomération,Hors intersection,Normale,Sans collision,3,2,2,0,4,1,1,0,1,50,1,1,0,0,1,0,55.0,,deux_roues,,1,2,1,1,7
202000035539,2020-12-10 20:25:00,2020,12,10,20,25,94,94034,Roosevelt (ROND POINT),48.75765,2.32918,Nuit avec éclairage allumé,En agglomération,Intersection en Y,Normale,Deux véhicules - côté,3,1,1,0,1,2,1,0,1,50,2,1,0,0,0,1,29.0,,deux_roues,,5,2,4,1,3
202000035540,2020-10-29 10:00:00,2020,10,29,10,0,28,28424,D126,48.173806,1.152588,Plein jour,Hors agglomération,Intersection en X,Pluie légère,Deux véhicules - côté,3,2,2,0,1,1,2,0,1,80,2,3,2,0,1,0,61.0,60.0,voiture,voiture,1,1,2,2,3
202000035541,2020-12-08 13:46:00,2020,12,8,13,46,94,94033,VINCENNES (BD DE),48.84415,2.46353,Plein jour,En agglomération,Place,Normale,Deux véhicules - arrière,4,2,2,0,1,1,1,0,1,50,2,2,1,0,0,1,34.0,47.0,voiture,voiture,1,2,7,1,2
202000035542,2020-10-29 13:50:00,2020,10,29,13,50,11,11172,610,43.2654269,2.7174759,Plein jour,Hors agglomération,Hors intersection,Normale,Deux véhicules - côté,3,2,2,0,1,1,1,0,1,80,2,2,1,0,1,0,34.0,52.0,voiture,deux_roues,1,1,1,1,3
202000035543,2020-10-28 19:25:00,2020,10,28,19,25,11,11111,D6113,43.210531,2.827502,Nuit sans éclairage public,Hors agglomération,Intersection en X,Normale,Deux véhicules - arrière,3,2,2,0,1,1,1,5,1,80,2,3,1,0,2,0,27.0,45.0,deux_roues,voiture,3,1,2,1,2