accident_id,datetime,annee,mois,jour,heure,minute,departement,commune_insee,adresse,latitude,longitude,luminosite,agglomeration,intersection,meteo,collision,catr,circ,nbv,vosp,prof,plan,surf,infra,situ,vma,nb_vehicules,nb_usagers,nb_indemnes,nb_tues,nb_blesses_hosp,nb_blesses_legers,age_cond_1,age_cond_2,veh_type_cond_1,veh_type_cond_2,lum_code,agg_code,int_code,atm_code,col_code
202000035544,2020-01-12 22:15:00,2020,1,12,22,15,80,80288,A1,49.877971,2.836583,Nuit sans éclairage public,Hors agglomération,Hors intersection,Normale,Trois véhicules et plus - en chaîne,1,1,3,0,1,1,1,0,1,130,4,6,5,0,1,0,42.0,44.0,voiture,utilitaire_camion,3,1,1,1,4
202000035545,2020-10-28 14:30:00,2020,10,28,14,30,52,52432,Aire de Val de Gris (Aire de repos),47.942811,5.302062,Plein jour,Hors agglomération,Hors intersection,Normale,Autre collision,1,1,1,0,1,3,1,9,1,30,1,1,0,0,0,1,45.0,,utilitaire_camion,,1,1,1,1,6
202000035546,2020-10-28 19:05:00,2020,10,28,19,5,74,74026,RD 1508,45.960555,6.034992,Nuit sans éclairage public,Hors agglomération,Hors intersection,Pluie légère,Deux véhicules - côté,3,2,2,0,1,1,2,0,1,80,2,1,0,0,1,0,23.0,,deux_roues,,3,1,1,2,3
202000035547,2020-05-30 18:45:00,2020,5,30,18,45,91,91223,MAI 1945 (AVENUE DU 8),48.44079,2.14345,Plein jour,En agglomération,Hors intersection,Normale,Trois véhicules et plus - en chaîne,4,2,3,0,3,1,1,0,1,50,3,5,3,0,0,2,85.0,39.0,voiture,voiture,1,2,1,1,4
202000035548,2020-10-29 11:53:00,2020,10,29,11,53,77,77182,Rue de Paris,48.7815854,3.3047083,Plein jour,En agglomération,Autre intersection,Pluie légère,Autre collision,3,1,1,0,1,2,2,5,1,50,1,2,1,1,0,0,69.0,,voiture,,1,2,9,2,6
202000035549,2020-10-29 06:30:00,2020,10,29,6,30,57,57106,D918,49.297598,6.585166,Nuit sans éclairage public,Hors agglomération,Hors intersection,Normale,Autre collision,3,2,2,0,2,1,2,0,3,80,1,1,0,0,1,0,22.0,,voiture,,3,1,1,1,6
202000035550,2020-10-29 17:50:00,2020,10,29,17,50,57,57155,55 Avenue Charles de Gaulle,49.108582,6.413126,Nuit avec éclairage allumé,En agglomération,Hors intersection,Pluie légère,Autre collision,3,2,2,0,4,1,2,9,1,50,1,3,1,0,1,1,23.0,,voiture,,5,2,1,2,6
202000035551,2020-10-29 09:25:00,2020,10,29,9,25,56,56159,D774,47.775329,-2.38634,Plein jour,Hors agglomération,Hors intersection,Autre,Autre collision,3,2,2,0,1,1,2,0,1,80,1,2,0,1,1,0,18.0,,voiture,,1,1,1,9,6
202000035552,2020-10-29 18:00:00,2020,10,29,18,0,56,56195,Rue de Nantes,47.518551,-2.301789,Crépuscule ou aube,En agglomération,Intersection en T,Normale,Autre collision,4,1,1,0,1,1,1,0,1,50,1,2,1,0,1,0,26.0,,utilitaire_camion,,2,2,3,1,6
202000035553,2020-01-12 19:46:00,2020,1,12,19,46,13,13215,A7-Sens Lyon vers Marseille,43.353659,5.364604,Nuit sans éclairage public,Hors agglomération,Hors intersection,Normale,Trois véhicules et plus - en chaîne,1,1,2,0,2,1,1,5,1,50,5,5,4,0,0,1,39.0,56.0,voiture,voiture,3,1,1,1,4
202000035554,2020-10-29 15:00:00,2020,10,29,15,0,80,80428,6 Rue de Feuilleres,49.953954,2.851145,Plein jour,En agglomération,Hors intersection,Temps couvert,Deux véhicules - frontale,3,2,2,0,1,1,2,0,1,50,2,3,1,0,0,2,53.0,34.0,voiture,voiture,1,2,1,8,1
202000035555,2020-10-28 17:50:00,2020,10,28,17,50,33,33485,Rue Churchill-roosevelt,44.820135,-0.135425,Crépuscule ou aube,En agglomération,Intersection en X,Normale,Deux véhicules - côté,3,2,2,0,1,1,1,0,1,30,2,4,3,0,1,0,23.0,20.0,voiture,deux_roues,2,2,2,1,3
202000035556,2020-01-12 19:46:00,2020,1,12,19,46,13,13085,A50-Sens Toulon vers Aubagne,43.2484033,5.5964703,Nuit sans éclairage public,Hors agglomération,Hors intersection,Normale,Deux véhicules - côté,1,1,1,0,2,1,1,0,1,50,2,2,0,0,0,2,68.0,42.0,voiture,voiture,3,1,1,1,3
202000035557,2020-12-09 21:20:00,2020,12,9,21,20,94,94075,Rue Félix Faure,48.72203,2.53667,Nuit avec éclairage allumé,En agglomération,Hors intersection,Normale,Autre collision,4,1,1,0,1,1,1,0,1,50,1,2,1,0,0,1,26.0,,voiture,,5,2,1,1,6
202000035558,2020-05-30 19:15:00,2020,5,30,19,15,83,83123,LOUIS BLANC (RUE),43.1183,5.80161,Plein jour,En agglomération,Hors intersection,Normale,Autre collision,4,2,1,3,1,1,1,6,6,5,1,2,1,0,1,0,13.0,,deux_roues,,1,2,1,1,6
202000035559,2020-05-29 20:40:00,2020,5,29,20,40,83,83069,ALMANARRE (ROUTE DE L'),43.08409,6.11345,Crépuscule ou aube,Hors agglomération,Hors intersection,Normale,Sans collision,3,2,2,0,1,1,1,0,8,70,1,1,0,0,1,0,45.0,,deux_roues,,2,1,1,1,7
202000035560,2020-10-28 21:30:00,2020,10,28,21,30,81,81148,D8,44.045941,1.888704,Nuit sans éclairage public,Hors agglomération,Hors intersection,Normale,Autre collision,3,2,2,0,2,3,1,0,3,80,1,1,0,0,0,1,38.0,,voiture,,3,1,1,1,6
202000035561,2020-12-09 09:14:00,2020,12,9,9,14,94,94028,SAUSSURE(R),48.769659,2.471046,Plein jour,En agglomération,Autre intersection,Normale,Autre collision,4,3,2,0,1,1,1,0,1,50,1,1,0,0,0,1,21.0,,autre,,1,2,9,1,6
202000035562,2020-12-10 12:10:00,2020,12,10,12,10,94,94079,AUGUSTE RODIN (AV),48.832615,2.551803,Plein jour,En agglomération,Hors intersection,Temps éblouissant,Autre collision,4,-1,1,0,1,3,1,0,1,50,1,2,1,0,0,1,51.0,,voiture,,1,2,1,7,6
202000035563,2020-12-09 20:31:00,2020,12,9,20,31,94,94019,FUSILLES DE CHATEAUBRIAND (R DES),48.79925,2.54302,Nuit avec éclairage allumé,En agglomération,Hors intersection,Normale,Deux véhicules - arrière,3,1,1,0,1,1,1,9,8,20,2,2,1,0,0,1,43.0,61.0,voiture,voiture,5,2,1,1,2
202000035564,2020-12-10 19:30:00,2020,12,10,19,30,94,94018,ARTHUR CROQUETTE (R),48.819673,2.413864,Nuit avec éclairage allumé,En agglomération,Hors intersection,Normale,Deux véhicules - arrière,3,1,2,0,2,2,1,9,1,30,2,2,1,0,0,1,44.0,30.0,voiture,voiture,5,2,1,1,2
202000035565,2020-01-11 14:30:00,2020,1,11,14,30,13,13106,A51-Sens Marseille vers Aix en Provence,43.405424,5.360477,Plein jour,Hors agglomération,Hors intersection,Normale,Deux véhicules - arrière,1,-1,2,0,1,1,1,0,1,70,2,4,1,0,0,3,59.0,33.0,voiture,utilitaire_camion,1,1,1,1,2
202000035566,2020-12-10 10:10:00,2020,12,10,10,10,94,94017,REPUBLIQUE (AV DE LA),48.8199,2.51116,Plein jour,En agglomération,Hors intersection,Normale,Trois véhicules et plus - en chaîne,3,2,2,0,1,1,1,0,1,50,3,4,3,0,0,1,43.0,39.0,voiture,voiture,1,2,1,1,4
202000035567,2020-01-11 11:50:00,2020,1,11,11,50,13,13005,A502-Sens Aubagne vers Toulon par R.N.,43.2828115,5.579448,Plein jour,Hors agglomération,Hors intersection,Normale,Deux véhicules - arrière,1,1,1,0,2,1,1,3,1,70,2,3,1,0,0,2,23.0,25.0,voiture,voiture,1,1,1,1,2
202000035568,2020-10-29 18:50:00,2020,10,29,18,50,11,11259,RD 629,43.276026,2.232488,Nuit sans éclairage public,Hors agglomération,Hors intersection,Normale,Deux véhicules - frontale,3,2,2,0,2,1,1,0,1,80,2,2,0,0,1,1,71.0,16.0,voiture,deux_roues,3,1,1,1,1
202000035569,2020-05-30 17:54:00,2020,5,30,17,54,78,78440,EUROPE (AVENUE DE L'),48.973871,1.917276,Plein jour,En agglomération,Hors intersection,Normale,Deux véhicules - arrière,3,-1,2,0,1,1,1,0,1,50,2,2,1,0,1,0,35.0,39.0,voiture,utilitaire_camion,1,2,1,1,2
202000035570,2020-05-29 19:00:00,2020,5,29,19,0,76,76540,BOISGUILBERT. QUAI DE,49.44242,1.07727,Plein jour,En agglomération,Intersection en T,Normale,Deux véhicules - arrière,4,1,4,0,1,1,1,0,1,50,2,2,1,0,1,0,27.0,37.0,deux_roues,voiture,1,2,3,1,2
202000035571,2020-12-09 21:00:00,2020,12,9,21,0,94,94075,MARECHAL DE LATTRE DE TASSIGNY (AV),48.72734,2.5354,Nuit avec éclairage allumé,En agglomération,Intersection en X,Normale,Trois véhicules et plus - collisions multiples,2,-1,2,0,2,4,1,0,1,50,3,3,1,0,0,2,25.0,51.0,voiture,voiture,5,2,2,1,5
202000035572,2020-10-29 19:10:00,2020,10,29,19,10,71,71014,20 Avenue de la République,46.9544982,4.2932336,Nuit avec éclairage allumé,En agglomération,Hors intersection,Pluie légère,Autre collision,3,2,2,0,1,1,2,0,1,50,1,2,1,0,0,1,22.0,,voiture,,5,2,1,2,6
202000035573,2020-01-10 12:06:00,2020,1,10,12,6,13,13215,A55-Sens Martigues vers Marseille,43.346958,5.344944,Plein jour,Hors agglomération,Hors intersection,Normale,Sans collision,1,1,2,0,3,1,2,2,1,90,1,1,0,0,0,1,40.0,,deux_roues,,1,1,1,1,7
202000035574,2020-01-12 06:25:00,2020,1,12,6,25,69,69297,A7   ,45.6085,4.803652,Nuit sans éclairage public,Hors agglomération,Hors intersection,Normale,Autre collision,1,3,3,0,1,1,1,0,1,110,1,1,0,0,1,0,36.0,,utilitaire_camion,,3,1,1,1,6
202000035575,2020-05-29 22:55:00,2020,5,29,22,55,69,69266,FLEURS        (Rue des),45.75368,4.89523,Nuit avec éclairage allumé,En agglomération,Intersection en T,Normale,Deux véhicules - côté,4,1,1,0,1,1,1,0,1,50,2,2,1,0,0,1,24.0,17.0,voiture,deux_roues,5,2,3,1,3
202000035576,2020-05-30 14:25:00,2020,5,30,14,25,64,64445,SIMIN PALAY,43.30968,-0.3312,Plein jour,En agglomération,Hors intersection,Normale,Deux véhicules - arrière,4,2,2,0,1,1,1,0,1,50,2,2,1,0,0,1,48.0,53.0,voiture,deux_roues,1,2,1,1,2
202000035577,2020-05-30 14:50:00,2020,5,30,14,50,64,64024,UNION (RUE DE L'),43.48559,-1.5043,Plein jour,En agglomération,Hors intersection,Normale,Deux véhicules - arrière,4,2,2,0,2,1,1,0,1,50,2,2,1,0,0,1,35.0,41.0,deux_roues,voiture,1,2,1,1,2
202000035578,2020-05-30 14:15:00,2020,5,30,14,15,64,64024,BAYONNE (AVENUE DE),43.48298,-1.50378,Plein jour,En agglomération,Hors intersection,Normale,Sans collision,3,2,4,0,1,1,1,0,1,50,1,1,0,0,0,1,16.0,,deux_roues,,1,2,1,1,7
202000035579,2020-05-30 11:20:00,2020,5,30,11,20,64,64102,AVRIL (AVENUE DU 14),43.50231,-1.46161,Plein jour,En agglomération,Hors intersection,Normale,Trois véhicules et plus - en chaîne,3,2,2,0,1,1,1,0,1,30,3,3,2,0,0,1,24.0,53.0,voiture,voiture,1,2,1,1,4
202000035580,2020-01-07 06:50:00,2020,1,7,6,50,67,67152,Route Nationale 83,48.5244243,7.6957365,Nuit sans éclairage public,Hors agglomération,Hors intersection,Normale,Trois véhicules et plus - en chaîne,2,3,2,0,1,1,2,0,1,90,3,3,2,0,0,1,51.0,37.0,voiture,voiture,3,1,1,1,4
202000035581,2020-12-10 10:10:00,2020,12,10,10,10,94,94071,WINSTON CHURCHILL (R),48.767606,2.524746,Plein jour,En agglomération,Hors intersection,Normale,Deux véhicules - frontale,3,2,2,0,1,1,1,0,1,50,2,3,0,0,0,3,33.0,74.0,voiture,voiture,1,2,1,1,1
202000035582,2020-10-29 12:10:00,2020,10,29,12,10,89,89131,D162,47.904491,4.217849,Plein jour,Hors agglomération,Hors intersection,Temps couvert,Sans collision,3,2,2,0,4,3,1,0,3,80,1,1,0,0,1,0,55.0,,voiture,,1,1,1,8,7
202000035583,2020-05-29 12:30:00,2020,5,29,12,30,64,64024,LAPORTE (AVENUE JEAN LEON),43.49084,-1.49838,Plein jour,En agglomération,Hors intersection,Normale,Deux véhicules - côté,4,2,2,3,1,2,1,5,1,50,2,3,2,0,0,1,36.0,81.0,voiture,voiture,1,2,1,1,3
202000035584,2020-10-29 07:15:00,2020,10,29,7,15,55,55573,RD 29,48.673804,5.609915,Crépuscule ou aube,Hors agglomération,Hors intersection,Temps couvert,Sans collision,3,2,2,0,1,1,2,0,3,80,1,1,0,0,0,1,60.0,,voiture,,2,1,1,8,7
202000035585,2020-05-29 11:15:00,2020,5,29,11,15,64,64102,ALLEES MARINES (AVENUE DES),43.49896,-1.48876,Plein jour,En agglomération,Hors intersection,Normale,Deux véhicules - arrière,4,2,2,0,1,1,1,0,1,50,2,2,1,0,0,1,45.0,57.0,voiture,utilitaire_camion,1,2,1,1,2
202000035586,2020-10-29 08:22:00,2020,10,29,8,22,86,86281,D347,46.713385,0.224876,Plein jour,Hors agglomération,Hors intersection,Pluie légère,Deux véhicules - frontale,3,2,2,0,1,2,2,0,1,80,2,3,0,1,2,0,58.0,24.0,voiture,voiture,1,1,1,2,1
202000035587,2020-05-30 10:10:00,2020,5,30,10,10,56,56260,LE BRIX(RUE JOSEPH),47.65903,-2.75888,Plein jour,En agglomération,Hors intersection,Normale,Autre collision,4,2,1,3,1,1,1,9,4,30,1,2,1,0,0,1,60.0,,transport_commun,,1,2,1,1,6
202000035588,2020-10-28 21:20:00,2020,10,28,21,20,39,39478,,46.381369,5.804107,Nuit sans éclairage public,Hors agglomération,Hors intersection,Pluie forte,Autre collision,3,2,2,0,2,3,2,2,3,80,1,1,0,1,0,0,60.0,,voiture,,3,1,1,3,6
202000035589,2020-12-09 08:00:00,2020,12,9,8,0,94,94004,GENERAL LECLERC (AV DU),48.75447,2.50603,Plein jour,En agglomération,Intersection en X,Normale,Deux véhicules - frontale,3,2,2,0,1,1,1,0,1,50,2,2,1,0,0,1,60.0,34.0,deux_roues,voiture,1,2,2,1,1
202000035590,2020-05-30 08:30:00,2020,5,30,8,30,54,54395,METZ (RUE DE),48.70023,6.17253,Plein jour,En agglomération,Intersection en X,Normale,Deux véhicules - côté,3,1,2,0,1,1,1,0,1,50,2,2,1,0,0,1,30.0,27.0,voiture,voiture,1,2,2,1,3
202000035591,2020-01-12 07:25:00,2020,1,12,7,25,33,33080,AUTOROUTE A 62,44.73701,-0.53393,Nuit sans éclairage public,Hors agglomération,Hors intersection,Normale,Autre collision,1,3,4,0,1,1,1,0,1,130,1,1,0,0,0,1,20.0,,voiture,,3,1,1,1,6
202000035592,2020-01-12 04:18:00,2020,1,12,4,18,91,91377,AUTOROUTE A10,48.71946,2.29346,Nuit sans éclairage public,Hors agglomération,Hors intersection,Normale,Autre collision,1,1,6,0,1,1,1,0,1,110,1,1,0,0,0,1,57.0,,voiture,,3,1,1,1,6
202000035593,2020-01-11 23:09:00,2020,1,11,23,9,94,94034,AUTOROUTE A6B,48.75492,2.33259,Nuit sans éclairage public,Hors agglomération,Hors intersection,Normale,Sans collision,1,1,3,0,1,1,1,0,1,110,1,1,0,0,0,1,79.0,,voiture,,3,1,1,1,7
202000035594,2020-01-12 21:30:00,2020,1,12,21,30,94,94022,A86 EXT,48.77653,2.41988,Nuit sans éclairage public,Hors agglomération,Hors intersection,Normale,Deux véhicules - arrière,1,3,3,0,1,1,1,2,1,90,2,3,2,0,0,1,26.0,22.0,voiture,voiture,3,1,1,1,2
202000035595,2020-01-11 14:20:00,2020,1,11,14,20,75,75118,ECHANGEUR CHAPELLE,48.9003991,2.3624843,Plein jour,En agglomération,Intersection en Y,Normale,Deux véhicules - côté,4,1,2,0,2,1,1,0,1,50,2,2,1,0,0,1,23.0,,deux_roues,,1,2,4,1,3
202000035596,2020-10-29 09:30:00,2020,10,29,9,30,02,02363,13 Rue Saint-georges,49.520636,3.269393,Plein jour,En agglomération,Autre intersection,Normale,Deux véhicules - frontale,3,2,2,0,1,2,1,0,1,50,2,4,3,0,0,1,30.0,40.0,voiture,utilitaire_camion,1,2,9,1,1
202000035597,2020-01-11 17:40:00,2020,1,11,17,40,75,75117,AVENUE DE LA PORTE DE CLICHY,48.8954096,2.3116721,Nuit avec éclairage allumé,En agglomération,Intersection en T,Normale,Autre collision,4,2,6,0,1,1,1,0,1,30,1,3,2,0,1,0,32.0,,voiture,,5,2,3,1,6
202000035598,2020-10-29 17:50:00,2020,10,29,17,50,03,03166,,46.1287166,3.1671713,Nuit sans éclairage public,Hors agglomération,Hors intersection,Normale,Deux véhicules - arrière,3,2,2,0,2,1,1,0,1,-1,2,2,1,0,1,0,77.0,50.0,voiture,deux_roues,3,1,1,1,2
202000035599,2020-10-29 12:20:00,2020,10,29,12,20,15,15038,Les Rebeyres,45.393937,2.537906,Plein jour,Hors agglomération,Hors intersection,Pluie légère,Autre collision,3,2,2,0,2,2,2,0,3,90,1,1,0,0,1,0,71.0,,voiture,,1,1,1,2,6
202000035600,2020-10-28 16:45:00,2020,10,28,16,45,01,01269,4 Route de La-cluse,46.157321,5.603939,Plein jour,En agglomération,Hors intersection,Pluie légère,Autre collision,3,2,2,0,1,1,2,0,4,-1,1,1,0,1,0,0,78.0,,voiture,,1,2,1,2,6
202000035601,2020-10-28 21:40:00,2020,10,28,21,40,58,58085,D977,47.43549,3.41768,Nuit sans éclairage public,Hors agglomération,Hors intersection,Normale,Autre collision,3,2,2,0,1,1,1,0,3,90,1,2,0,0,0,2,,,,,3,1,1,1,6
202000035602,2020-10-28 13:17:00,2020,10,28,13,17,60,60223,D1017,49.419377,2.634037,Plein jour,Hors agglomération,Hors intersection,Pluie légère,Trois véhicules et plus - collisions multiples,3,2,2,0,3,1,2,0,1,80,4,3,2,0,0,1,36.0,44.0,voiture,voiture,1,1,1,2,5
202000035603,2020-01-11 21:00:00,2020,1,11,21,0,75,75120,AVENUE DE LA PORTE DES LILAS,48.8777771,2.4081784,Nuit avec éclairage allumé,En agglomération,Intersection en X,Normale,Deux véhicules - côté,4,1,2,0,1,1,1,0,1,50,2,2,1,0,0,1,23.0,60.0,deux_roues,voiture,5,2,2,1,3
202000035604,2020-01-10 11:35:00,2020,1,10,11,35,75,75118,RUE D AUBERVILLIERS,48.898313,2.370531,Plein jour,En agglomération,Hors intersection,Pluie légère,Deux véhicules - côté,4,3,3,1,1,1,2,-1,5,50,2,2,1,0,0,1,42.0,45.0,utilitaire_camion,deux_roues,1,2,1,2,3
202000035605,2020-05-28 08:15:00,2020,5,28,8,15,52,52448,VERGY (RUE DE),48.63432,4.93805,Plein jour,En agglomération,Autre intersection,Normale,Deux véhicules - arrière,3,-1,2,0,1,1,1,0,1,50,2,2,1,0,1,0,59.0,29.0,autre,deux_roues,1,2,9,1,2
202000035606,2020-01-11 00:30:00,2020,1,11,0,30,75,75117,BOULEVARD DES BATIGNOLLES,48.8816749,2.3177641,Nuit avec éclairage allumé,En agglomération,Intersection en T,Normale,Autre collision,4,3,2,1,1,1,1,-1,5,30,1,1,0,0,0,1,,,,,5,2,3,1,6
202000035607,2020-12-09 17:30:00,2020,12,9,17,30,93,93070,GABRIEL-PERI (AV),48.908591,2.3326899,Nuit avec éclairage allumé,En agglomération,Intersection en T,Normale,Autre collision,3,2,2,1,1,1,1,0,1,50,1,2,1,0,0,1,41.0,,voiture,,5,2,3,1,6
202000035608,2020-05-30 18:30:00,2020,5,30,18,30,51,51454,Avenue Jean Jaurès,49.2604507,4.0477345,Plein jour,En agglomération,Hors intersection,Normale,Deux véhicules - côté,4,2,3,0,1,1,1,0,1,50,2,2,1,0,0,1,62.0,83.0,deux_roues,voiture,1,2,1,1,3
202000035609,2020-05-30 15:20:00,2020,5,30,15,20,51,51454,Rond Point de Champagne,49.2135668,4.0152836,Plein jour,En agglomération,Giratoire,Normale,Deux véhicules - arrière,3,-1,2,0,1,2,1,0,1,50,2,5,4,0,0,1,39.0,44.0,voiture,voiture,1,2,6,1,2
202000035610,2020-05-29 18:50:00,2020,5,29,18,50,51,51454,Avenue Nicéphore Niepce,49.2286957,4.0676347,Plein jour,En agglomération,Hors intersection,Normale,Deux véhicules - arrière,4,1,3,0,1,1,1,2,1,70,2,2,1,0,0,1,59.0,29.0,deux_roues,voiture,1,2,1,1,2
202000035611,2020-05-30 12:35:00,2020,5,30,12,35,45,45274,Rue Jehan du Lys,47.89109,1.97012,Plein jour,En agglomération,Hors intersection,Normale,Autre collision,4,2,1,0,1,4,1,0,1,50,1,2,1,0,0,1,19.0,,voiture,,1,2,1,1,6
202000035612,2020-12-10 11:30:00,2020,12,10,11,30,93,93066,GARENNE,48.9421113,2.3850849,Plein jour,En agglomération,Hors intersection,Normale,Autre collision,4,2,2,0,1,1,1,0,3,50,1,1,0,0,0,1,,,,,1,2,1,1,6
202000035613,2020-05-30 15:00:00,2020,5,30,15,0,35,35238,ALMA (DE L'),48.10427,-1.67733,Plein jour,En agglomération,Autre intersection,Normale,Deux véhicules - arrière,4,2,1,1,2,1,1,0,1,50,2,2,1,0,1,0,21.0,28.0,voiture,deux_roues,1,2,9,1,2
202000035614,2020-10-29 08:25:00,2020,10,29,8,25,64,64145,route de pau,43.194074,-0.271772,Plein jour,En agglomération,Autre intersection,Normale,Deux véhicules - côté,3,2,2,0,1,1,1,9,1,50,2,3,2,0,0,1,28.0,49.0,utilitaire_camion,deux_roues,1,2,9,1,3
202000035615,2020-05-29 18:30:00,2020,5,29,18,30,34,34172,LODEVE (AVENUE DE,43.610375,3.856212,Plein jour,En agglomération,Passage à niveau,Normale,,4,1,1,3,2,1,1,4,6,50,2,2,1,0,1,0,30.0,25.0,transport_commun,deux_roues,1,2,8,1,-1
202000035616,2020-10-28 18:15:00,2020,10,28,18,15,18,18206,Route d'Orléans,47.194379,2.325153,Crépuscule ou aube,Hors agglomération,Hors intersection,Normale,Trois véhicules et plus - collisions multiples,3,2,2,0,1,1,1,0,1,90,3,4,1,0,1,2,61.0,51.0,voiture,voiture,2,1,1,1,5
202000035617,2020-05-30 21:25:00,2020,5,30,21,25,33,33063,QUAI DES CHARTRONS / CRS DE LA MARTINIQUE,44.8526,-0.5677,Crépuscule ou aube,En agglomération,Intersection en T,Normale,Autre collision,4,3,9,-1,1,1,1,5,1,50,1,2,1,0,0,1,21.0,,voiture,,2,2,3,1,6
202000035618,2020-10-29 09:05:00,2020,10,29,9,5,10,10288,RD671,48.003362,4.474397,Plein jour,Hors agglomération,Hors intersection,Pluie légère,Autre collision,3,2,2,0,2,1,2,0,3,80,1,1,0,1,0,0,48.0,,voiture,,1,1,1,2,6
202000035619,2020-12-07 08:30:00,2020,12,7,8,30,93,93066,"""STRASBOURG, NR 1 A 71 ET 2 A 34""",48.93582,2.36704,Plein jour,En agglomération,Hors intersection,Normale,Trois véhicules et plus - en chaîne,4,2,3,0,1,1,1,8,1,50,3,3,2,0,0,1,36.0,27.0,transport_commun,voiture,1,2,1,1,4
202000035620,2020-05-30 21:05:00,2020,5,30,21,5,33,33522,RUE DE LA VIEILLE TOUR / RUE PIERRE NOAILLES,44.8082634,-0.6003304,Plein jour,En agglomération,Intersection en X,Normale,Deux véhicules - côté,4,2,2,0,2,1,1,5,1,50,2,3,2,0,0,1,21.0,62.0,deux_roues,voiture,1,2,2,1,3
202000035621,2020-01-11 15:30:00,2020,1,11,15,30,75,75116,AVENUE DE NEW YORK,48.8632061,2.2961761,Plein jour,En agglomération,Intersection en T,Normale,Trois véhicules et plus - en chaîne,4,2,4,3,1,1,1,-1,6,50,3,4,2,0,0,2,49.0,50.0,deux_roues,voiture,1,2,3,1,4
202000035622,2020-10-28 23:10:00,2020,10,28,23,10,04,04214,RD 19,44.068378,6.383529,Nuit avec éclairage non allumé,Hors agglomération,Hors intersection,Normale,Autre collision,3,2,2,0,1,1,1,2,8,80,1,1,0,0,0,1,40.0,,voiture,,4,1,1,1,6
202000035623,2020-01-10 08:10:00,2020,1,10,8,10,75,75116,ALLEE DE LONGCHAMP,48.8769984,2.2769237,Plein jour,En agglomération,Intersection en Y,Temps couvert,Deux véhicules - côté,4,2,2,1,1,1,2,-1,5,50,2,2,1,0,0,1,69.0,26.0,deux_roues,voiture,1,2,4,8,3
202000035624,2020-01-10 09:40:00,2020,1,10,9,40,75,75116,AVENUE DU MAHATMA GANDHI,48.876733,2.266252,Plein jour,En agglomération,Hors intersection,Pluie légère,Deux véhicules - côté,4,2,2,0,1,1,2,0,1,50,2,2,1,0,0,1,21.0,26.0,voiture,deux_roues,1,2,1,2,3
202000035625,2020-10-29 16:30:00,2020,10,29,16,30,04,04094,RD 4 (lieu dit Bagatelle) / Ch du pas,43.7528759,5.8046551,Plein jour,Hors agglomération,Intersection en T,Normale,Trois véhicules et plus - collisions multiples,3,2,2,0,1,1,1,0,1,80,3,5,3,0,2,0,25.0,72.0,voiture,voiture,1,1,3,1,5
202000035626,2020-01-10 18:30:00,2020,1,10,18,30,75,75115,RUE LECOURBE,48.8354161,2.2810699,Nuit avec éclairage allumé,En agglomération,Intersection en T,Pluie légère,Deux véhicules - côté,4,1,4,1,1,1,2,-1,5,50,2,1,0,0,0,1,14.0,,deux_roues,,5,2,3,2,3
202000035627,2020-05-30 08:00:00,2020,5,30,8,0,33,33281,CHEM DE LA PROCESSION / RUE FRANCOIS GIRARDON,44.82024,-0.69281,Plein jour,En agglomération,Intersection en T,Normale,Deux véhicules - côté,4,2,2,0,1,1,1,0,1,50,2,2,1,0,1,0,34.0,45.0,deux_roues,voiture,1,2,3,1,3
202000035628,2020-10-28 17:15:00,2020,10,28,17,15,08,08490,D983,49.432678,4.672709,Plein jour,Hors agglomération,Hors intersection,Normale,Autre collision,3,2,2,0,2,1,1,0,3,80,1,2,1,1,0,0,88.0,,voiture,,1,1,1,1,6
202000035629,2020-05-30 18:40:00,2020,5,30,18,40,33,33009,BALESTE MARICHON (RUE),44.66034,-1.18864,Plein jour,En agglomération,Intersection en X,Normale,Deux véhicules - côté,4,2,2,0,1,1,1,0,1,50,2,2,1,0,0,1,29.0,29.0,voiture,voiture,1,2,2,1,3
202000035630,2020-10-29 17:40:00,2020,10,29,17,40,80,80160,A29,49.8532249,2.3559056,Crépuscule ou aube,Hors agglomération,Hors intersection,Pluie légère,Trois véhicules et plus - collisions multiples,1,1,2,0,2,3,2,2,1,110,3,4,2,0,2,0,29.0,32.0,voiture,voiture,2,1,1,2,5
202000035631,2020-05-30 10:20:00,2020,5,30,10,20,27,27554,MAIRIE (RUE DELA),49.10929,1.43971,Plein jour,En agglomération,Hors intersection,Normale,Autre collision,4,4,1,0,1,1,1,0,4,50,1,1,0,0,0,1,21.0,,deux_roues,,1,2,1,1,6
202000035632,2020-05-30 20:30:00,2020,5,30,20,30,13,13216,ESTAQUE PLAGE,43.35989,5.31617,Plein jour,En agglomération,Hors intersection,Normale,Autre collision,4,2,2,0,1,1,1,0,1,50,1,2,1,0,0,1,42.0,,voiture,,1,2,1,1,6
202000035633,2020-10-25 19:50:00,2020,10,25,19,50,06,06018,Route des Colles,43.615875,7.083092,Nuit sans éclairage public,Hors agglomération,Hors intersection,Temps couvert,Autre collision,3,2,2,0,2,2,2,0,1,70,1,1,0,0,0,1,34.0,,deux_roues,,3,1,1,8,6