accident_id,datetime,annee,mois,jour,heure,minute,departement,commune_insee,adresse,latitude,longitude,luminosite,agglomeration,intersection,meteo,collision,catr,circ,nbv,vosp,prof,plan,surf,infra,situ,vma,nb_vehicules,nb_usagers,nb_indemnes,nb_tues,nb_blesses_hosp,nb_blesses_legers,age_cond_1,age_cond_2,veh_type_cond_1,veh_type_cond_2,lum_code,agg_code,int_code,atm_code,col_code
202000035634,2020-01-11 13:40:00,2020,1,11,13,40,75,75114,RUE D ALESIA,48.8293001,2.3226671,Plein jour,En agglomération,Intersection en X,Normale,Autre collision,4,2,3,0,1,1,1,0,1,50,1,2,1,0,0,1,47.0,,voiture,,1,2,2,1,6
202000035635,2020-10-22 16:00:00,2020,10,22,16,0,987,98722,PK 17 - RT2,-17.591429,-149.382126,Plein jour,En agglomération,Intersection en T,Normale,Deux véhicules - frontale,2,2,2,0,1,1,1,0,1,40,2,2,1,0,0,1,57.0,36.0,voiture,deux_roues,1,2,3,1,1
202000035636,2020-01-11 11:50:00,2020,1,11,11,50,75,75113,RUE THOMAS MANN,48.8296059,2.3792361,Plein jour,En agglomération,Intersection en X,Normale,Deux véhicules - côté,4,2,2,0,1,1,1,0,1,50,2,1,0,0,0,1,27.0,,deux_roues,,1,2,2,1,3
202000035637,2020-12-10 07:50:00,2020,12,10,7,50,93,93064,AV JEAN JAURES,48.86872,2.48604,Plein jour,En agglomération,Hors intersection,Normale,Autre collision,3,2,2,0,1,1,1,0,1,50,1,2,1,0,0,1,45.0,,utilitaire_camion,,1,2,1,1,6
202000035638,2020-01-11 11:30:00,2020,1,11,11,30,75,75113,AVENUE D ITALIE,48.8291887,2.3563339,Plein jour,En agglomération,Hors intersection,Normale,Deux véhicules - côté,4,2,4,0,1,1,1,0,1,50,2,2,1,0,0,1,19.0,50.0,deux_roues,voiture,1,2,1,1,3
202000035639,2020-12-10 16:30:00,2020,12,10,16,30,93,93048,VALMY (RUE DE),48.85086,2.41857,Crépuscule ou aube,En agglomération,Intersection en X,Normale,Deux véhicules - côté,4,2,2,0,1,1,1,0,1,30,2,4,2,0,1,1,21.0,30.0,voiture,deux_roues,2,2,2,1,3
202000035640,2020-05-30 12:00:00,2020,5,30,12,0,13,13212,LOUIS MAZAUDIER (RUE),43.31,5.418,Plein jour,En agglomération,Hors intersection,Normale,Autre collision,4,-1,2,0,2,1,1,0,1,30,1,2,1,0,0,1,60.0,,voiture,,1,2,1,1,6
202000035641,2020-01-11 02:25:00,2020,1,11,2,25,75,75112,RUE DE LYON,48.8500131,2.3705201,Nuit avec éclairage allumé,En agglomération,Hors intersection,Normale,Deux véhicules - côté,4,2,3,0,1,1,1,0,1,50,2,1,0,0,0,1,29.0,,deux_roues,,5,2,1,1,3
202000035642,2020-10-29 17:55:00,2020,10,29,17,55,77,77343,D401,49.02318,3.076344,Nuit avec éclairage allumé,Hors agglomération,Hors intersection,Normale,Deux véhicules - frontale,3,2,2,0,1,1,2,1,1,90,2,2,0,0,1,1,22.0,54.0,voiture,voiture,5,1,1,1,1
202000035643,2020-01-11 04:45:00,2020,1,11,4,45,75,75111,RUE DE LA ROQUETTE,48.8598334,2.3887545,Nuit avec éclairage allumé,En agglomération,Intersection en T,Normale,Autre collision,4,2,2,0,2,1,1,0,1,50,1,2,0,0,0,2,34.0,,deux_roues,,5,2,3,1,6
202000035644,2020-10-28 17:35:00,2020,10,28,17,35,83,83112,D559,43.180889,5.681005,Crépuscule ou aube,En agglomération,Hors intersection,Normale,Deux véhicules - frontale,3,2,2,2,2,1,1,0,1,50,2,2,1,1,0,0,39.0,41.0,voiture,deux_roues,2,2,1,1,1
202000035645,2020-12-09 13:00:00,2020,12,9,13,0,93,93048,CARNOT (RUE),48.8571859,2.4411565,Plein jour,En agglomération,Intersection en X,Pluie légère,Deux véhicules - côté,3,2,3,1,1,1,2,5,5,50,2,2,1,0,0,1,50.0,50.0,deux_roues,deux_roues,1,2,2,2,3
202000035646,2020-05-30 07:20:00,2020,5,30,7,20,13,13213,CHEMIN DU MERLAN A LA ROSE ,43.331,5.407,Plein jour,En agglomération,Hors intersection,Normale,Trois véhicules et plus - en chaîne,4,2,-1,0,1,1,1,0,1,50,3,3,1,0,1,1,65.0,31.0,voiture,voiture,1,2,1,1,4
202000035647,2020-12-09 16:38:00,2020,12,9,16,38,93,93063,BRANLY BD EDOUARD,48.8740614,2.4405091,Nuit avec éclairage allumé,En agglomération,Hors intersection,Normale,Deux véhicules - côté,3,2,2,0,1,1,1,0,1,50,2,2,1,0,0,1,44.0,29.0,deux_roues,voiture,5,2,1,1,3
202000035648,2020-12-10 17:05:00,2020,12,10,17,5,92,92073,BRIAND (BOULEVARD ARISTIDE),48.8631076,2.2030324,Crépuscule ou aube,En agglomération,Hors intersection,Normale,Autre collision,4,-1,2,0,1,1,1,0,4,50,1,1,0,0,0,1,20.0,,deux_roues,,2,2,1,1,6
202000035649,2020-05-30 17:50:00,2020,5,30,17,50,06,06088,DUFY (RUE RAOUL),43.680306,7.21575,Plein jour,En agglomération,Hors intersection,Normale,Deux véhicules - côté,7,-1,2,0,2,2,1,0,1,50,2,2,0,0,1,1,56.0,30.0,voiture,utilitaire_camion,1,2,1,1,3
202000035650,2020-10-29 16:45:00,2020,10,29,16,45,83,83143,Chemin du Serre,43.436086,6.056546,Plein jour,En agglomération,Hors intersection,Normale,Autre collision,4,2,2,0,2,1,1,0,3,50,1,3,1,0,1,1,34.0,,utilitaire_camion,,1,2,1,1,6
202000035651,2020-05-31 01:30:00,2020,5,31,1,30,06,06027,ZIEM AVENUE,43.664892,7.162317,Nuit avec éclairage allumé,En agglomération,Hors intersection,Normale,Autre collision,4,-1,0,0,2,2,1,0,1,50,1,4,1,0,0,3,19.0,,voiture,,5,2,1,1,6
202000035652,2020-10-29 15:40:00,2020,10,29,15,40,13,13110,178 Route de Pourrières,43.450771,5.690609,Plein jour,En agglomération,Autre intersection,Normale,Deux véhicules - côté,3,2,2,0,1,1,1,5,1,50,2,2,1,0,0,1,47.0,19.0,voiture,deux_roues,1,2,9,1,3
202000035653,2020-05-30 14:32:00,2020,5,30,14,32,75,75116,BD PERIPHERIQUE INTERIEUR,48.8439745,2.2549412,Plein jour,En agglomération,Intersection en Y,Normale,Deux véhicules - côté,4,1,5,0,1,1,1,1,1,70,2,2,1,0,1,0,37.0,63.0,voiture,deux_roues,1,2,4,1,3
202000035654,2020-10-29 15:00:00,2020,10,29,15,0,03,03298,,46.3243333,3.3719691,Plein jour,Hors agglomération,Hors intersection,Pluie légère,Trois véhicules et plus - collisions multiples,3,2,2,0,1,2,2,0,1,80,3,6,4,1,0,1,19.0,55.0,voiture,utilitaire_camion,1,1,1,2,5
202000035655,2020-01-10 23:30:00,2020,1,10,23,30,75,75111,AVENUE DE LA REPUBLIQUE,48.8651558,2.375203,Nuit avec éclairage allumé,En agglomération,Intersection en X,Normale,Deux véhicules - arrière,4,2,3,0,1,1,1,0,1,50,2,2,1,0,0,1,33.0,52.0,deux_roues,voiture,5,2,2,1,2
202000035656,2020-12-10 11:00:00,2020,12,10,11,0,92,92051,"VILLIERS (RUE DE, N° 21 A 59)",48.8880766,2.2818748,Plein jour,En agglomération,Hors intersection,Temps couvert,Autre collision,4,2,2,0,1,1,1,0,1,50,1,2,1,0,0,1,33.0,,voiture,,1,2,1,8,6
202000035657,2020-05-30 19:45:00,2020,5,30,19,45,75,75107,BOULEVARD RASPAIL,48.8519063,2.3267259,Plein jour,En agglomération,Hors intersection,Normale,Autre collision,4,2,6,3,1,1,1,-1,6,50,1,2,1,0,0,1,59.0,,voiture,,1,2,1,1,6
202000035658,2020-10-29 13:15:00,2020,10,29,13,15,74,74040,617 Avenue du Fer à Cheval,46.167015,6.329568,Plein jour,En agglomération,Hors intersection,Normale,,3,2,2,0,1,3,1,0,1,50,2,2,1,0,0,1,50.0,50.0,utilitaire_camion,voiture,1,2,1,1,-1
202000035659,2020-10-25 20:20:00,2020,10,25,20,20,69,69160,D385,46.139181,4.447339,Nuit sans éclairage public,Hors agglomération,Hors intersection,Normale,Deux véhicules - côté,3,2,2,0,2,1,2,0,1,80,2,5,4,0,0,1,48.0,27.0,voiture,voiture,3,1,1,1,3
202000035660,2020-12-08 18:00:00,2020,12,8,18,0,92,92050,SEINE BOULEVARD DE,48.8996842,2.1950428,Crépuscule ou aube,En agglomération,Intersection en X,Normale,Deux véhicules - côté,4,2,2,0,1,1,1,0,1,50,2,2,1,0,0,1,21.0,50.0,voiture,deux_roues,2,2,2,1,3
202000035661,2020-05-30 15:15:00,2020,5,30,15,15,75,75105,RUE GEOFFROY SAINT HILAIRE,48.841184,2.355959,Plein jour,En agglomération,Intersection en X,Normale,Deux véhicules - côté,4,2,2,0,1,1,1,0,1,50,2,3,1,0,0,2,64.0,63.0,voiture,deux_roues,1,2,2,1,3
202000035662,2020-01-11 20:15:00,2020,1,11,20,15,75,75110,BOULEVARD DE MAGENTA,48.8782962,2.3544157,Nuit avec éclairage allumé,En agglomération,Intersection en Y,Normale,Autre collision,4,2,2,1,1,1,1,-1,5,50,1,1,0,0,0,1,,,,,5,2,4,1,6
202000035663,2020-01-11 12:05:00,2020,1,11,12,5,75,75110,BOULEVARD SAINT MARTIN,48.8685679,2.3582151,Plein jour,En agglomération,Hors intersection,Normale,Deux véhicules - côté,4,2,3,-1,2,1,1,0,1,50,2,2,1,0,0,1,29.0,28.0,voiture,deux_roues,1,2,1,1,3
202000035664,2020-01-10 13:39:00,2020,1,10,13,39,75,75110,BOULEVARD DE MAGENTA,48.882409,2.35057,Plein jour,En agglomération,Hors intersection,Pluie légère,,4,2,4,0,1,1,2,0,1,50,2,3,2,0,0,1,55.0,28.0,voiture,deux_roues,1,2,1,2,-1
202000035665,2020-12-06 22:15:00,2020,12,6,22,15,92,92050,REPUBLIQUE AVENUE DE LA,48.9121873,2.2236666,Nuit avec éclairage allumé,En agglomération,Hors intersection,Normale,Deux véhicules - côté,3,2,2,0,1,1,1,0,1,50,2,3,2,0,0,1,41.0,27.0,voiture,deux_roues,5,2,1,1,3
202000035666,2020-01-01 01:30:00,2020,1,1,1,30,75,75107,QUAI ANATOLE FRANCE,48.859532,2.329284,Nuit avec éclairage allumé,En agglomération,Intersection en X,Normale,Autre collision,4,1,3,0,1,1,1,0,1,50,1,1,0,0,0,1,,,,,5,2,2,1,6
202000035667,2020-12-10 06:50:00,2020,12,10,6,50,92,92023,GENERAL DE GAULLE (AVENUE DU),48.7863886,2.2540117,Nuit avec éclairage allumé,En agglomération,Intersection en X,Normale,Deux véhicules - frontale,3,2,3,0,1,1,2,0,1,50,2,3,2,0,0,1,26.0,60.0,deux_roues,voiture,5,2,2,1,1
202000035668,2020-01-11 19:40:00,2020,1,11,19,40,75,75103,RUE REAUMUR,48.8654488,2.356047,Nuit avec éclairage allumé,En agglomération,Intersection en X,Normale,Autre collision,4,2,3,0,1,1,1,0,1,30,1,2,1,0,0,1,17.0,,deux_roues,,5,2,2,1,6
202000035669,2020-05-30 18:20:00,2020,5,30,18,20,75,75119,RUE DE BELLEVILLE,48.8725342,2.3785561,Plein jour,En agglomération,Intersection en T,Normale,Deux véhicules - côté,4,2,2,0,2,1,1,0,1,50,2,2,1,0,0,1,47.0,78.0,voiture,deux_roues,1,2,3,1,3
202000035670,2020-09-26 00:40:00,2020,9,26,0,40,42,42044,RN88,45.39465,4.33143,Nuit sans éclairage public,Hors agglomération,Hors intersection,Pluie légère,,2,3,4,0,1,1,2,0,3,110,2,2,1,0,1,0,29.0,51.0,voiture,voiture,3,1,1,2,-1
202000035671,2020-05-30 21:15:00,2020,5,30,21,15,75,75117,AVENUE CARNOT,48.87428,2.294546,Crépuscule ou aube,En agglomération,Place,Normale,Deux véhicules - arrière,4,2,4,0,1,1,1,0,1,30,2,1,0,0,0,1,25.0,,deux_roues,,2,2,7,1,2
202000035672,2020-10-28 15:15:00,2020,10,28,15,15,33,33039,ROCADE A 630,44.79641,-0.53855,Plein jour,Hors agglomération,Hors intersection,Normale,Deux véhicules - arrière,1,3,6,0,1,1,1,3,1,70,2,3,2,0,0,1,28.0,25.0,voiture,voiture,1,1,1,1,2
202000035673,2020-05-30 13:55:00,2020,5,30,13,55,75,75117,RUE DE COURCELLES,48.881552,2.3006755,Plein jour,En agglomération,Intersection en X,Normale,Deux véhicules - côté,4,2,2,0,1,1,1,0,1,50,2,2,1,0,0,1,32.0,24.0,voiture,deux_roues,1,2,2,1,3
202000035674,2020-12-06 15:20:00,2020,12,6,15,20,92,92009,EUROPE (AVENUE),48.90711,2.26386,Plein jour,En agglomération,Intersection en X,Normale,Deux véhicules - arrière,3,2,2,0,1,1,1,0,1,50,2,2,1,0,0,1,74.0,33.0,voiture,deux_roues,1,2,2,1,2
202000035675,2020-12-10 18:30:00,2020,12,10,18,30,62,62504,8 rue de leuline,50.735763,2.175626,Nuit avec éclairage allumé,En agglomération,Hors intersection,Normale,Deux véhicules - arrière,3,2,2,0,1,1,1,0,1,50,2,3,2,0,1,0,39.0,47.0,utilitaire_camion,voiture,5,2,1,1,2
202000035676,2020-05-30 12:15:00,2020,5,30,12,15,75,75116,AVENUE DE LA GRANDE ARMEE,48.8748276,2.2917277,Plein jour,En agglomération,Intersection en T,Normale,Deux véhicules - côté,4,2,8,0,1,1,1,0,1,50,2,2,1,0,0,1,31.0,61.0,deux_roues,voiture,1,2,3,1,3
202000035677,2020-12-07 08:00:00,2020,12,7,8,0,974,97422,Rue des Poinsetias,-21.248467,55.525275,Plein jour,Hors agglomération,Autre intersection,Normale,Autre collision,2,3,2,0,1,1,1,6,1,30,1,1,0,0,1,0,13.0,,deux_roues,,1,1,9,1,6
202000035678,2020-12-11 12:32:00,2020,12,11,12,32,67,67153,rd 632,48.784996,7.501956,Plein jour,Hors agglomération,Hors intersection,Normale,Autre collision,3,2,2,0,4,2,1,0,3,80,1,1,0,0,1,0,31.0,,voiture,,1,1,1,1,6
202000035679,2020-05-30 14:25:00,2020,5,30,14,25,75,75115,AVENUE DE LA PORTE DE SEVRES,48.836099,2.27827,Plein jour,En agglomération,Intersection en X,Normale,Deux véhicules - côté,4,3,2,0,1,1,1,0,1,50,2,2,1,0,0,1,46.0,42.0,deux_roues,voiture,1,2,2,1,3
202000035680,2020-05-30 14:50:00,2020,5,30,14,50,75,75114,AVENUE DU GENERAL LECLERC,48.8236447,2.3256404,Plein jour,En agglomération,Hors intersection,Normale,Deux véhicules - côté,4,2,5,1,1,1,1,-1,5,50,2,2,1,0,0,1,57.0,36.0,deux_roues,voiture,1,2,1,1,3
202000035681,2020-12-10 18:20:00,2020,12,10,18,20,22,22227,RN12 PR 123+500,48.567492,-3.581672,Nuit sans éclairage public,Hors agglomération,Hors intersection,Pluie légère,Sans collision,2,3,4,0,1,1,2,0,3,110,1,1,0,0,0,1,61.0,,voiture,,3,1,1,2,7
202000035682,2020-10-22 06:50:00,2020,10,22,6,50,59,59435,AUTOROUTE A23,50.4949938,3.2120982,Nuit sans éclairage public,Hors agglomération,Hors intersection,Normale,Trois véhicules et plus - collisions multiples,1,3,4,0,1,1,2,0,1,90,3,3,2,0,0,1,32.0,54.0,voiture,voiture,3,1,1,1,5
202000035683,2020-01-11 17:35:00,2020,1,11,17,35,75,75104,BOULEVARD DE SEBASTOPOL,48.8602203,2.3491686,Crépuscule ou aube,En agglomération,Hors intersection,Normale,Sans collision,4,2,4,0,1,1,1,0,1,50,1,1,0,0,0,1,30.0,,deux_roues,,2,2,1,1,7
202000035684,2020-12-11 07:30:00,2020,12,11,7,30,76,76244,AUTOROUTE a28 pk 061+500,49.706956,1.375726,Nuit sans éclairage public,Hors agglomération,Hors intersection,Pluie légère,Deux véhicules - côté,1,3,4,0,1,1,2,0,2,-1,2,2,0,0,1,1,55.0,32.0,utilitaire_camion,voiture,3,1,1,2,3
202000035685,2020-05-30 13:00:00,2020,5,30,13,0,75,75114,BOULEVARD JOURDAN,48.8223779,2.3291271,Plein jour,En agglomération,Intersection en T,Normale,Deux véhicules - côté,4,3,2,0,1,1,1,0,1,50,2,2,1,0,0,1,22.0,45.0,deux_roues,voiture,1,2,3,1,3
202000035686,2020-12-11 07:30:00,2020,12,11,7,30,15,15055,A75 PK 087+200,45.087411,3.117403,Crépuscule ou aube,Hors agglomération,Autre intersection,Neige / grêle,Deux véhicules - arrière,1,3,4,0,2,1,5,0,1,110,2,3,2,0,0,1,66.0,33.0,utilitaire_camion,voiture,2,1,9,4,2
202000035687,2020-12-11 05:45:00,2020,12,11,5,45,37,37266,barrière de péage de VEIGNE (37) A85 PK103+800 vers BOURGES,47.3119576,0.7353865,Nuit sans éclairage public,Hors agglomération,Hors intersection,Pluie légère,Autre collision,1,3,4,0,1,1,2,7,1,70,1,2,0,0,0,2,24.0,,voiture,,3,1,1,2,6
202000035688,2020-05-30 21:10:00,2020,5,30,21,10,75,75112,BOULEVARD PONIATOWSKI,48.83182,2.39772,Plein jour,En agglomération,Intersection en X,Normale,Deux véhicules - côté,4,3,2,0,1,1,1,0,1,50,2,3,2,0,0,1,25.0,41.0,voiture,deux_roues,1,2,2,1,3
202000035689,2020-12-10 15:50:00,2020,12,10,15,50,83,83067,D97,43.339943,6.295976,Plein jour,Hors agglomération,Hors intersection,Normale,Trois véhicules et plus - collisions multiples,3,3,2,0,1,1,1,0,1,80,3,4,1,1,2,0,70.0,86.0,voiture,voiture,1,1,1,1,5
202000035690,2020-12-10 18:45:00,2020,12,10,18,45,04,04161,RD 900,44.4007427,6.4999279,Nuit sans éclairage public,Hors agglomération,Hors intersection,Normale,Autre collision,3,2,2,0,1,1,1,0,8,80,1,1,0,0,1,0,65.0,,voiture,,3,1,1,1,6
202000035691,2020-05-30 16:57:00,2020,5,30,16,57,75,75112,RUE DE WATTIGNIES,48.8351784,2.3987763,Plein jour,En agglomération,Intersection en X,Normale,Deux véhicules - côté,4,2,2,0,1,1,1,0,1,30,2,3,2,0,0,1,52.0,,voiture,,1,2,2,1,3
202000035692,2020-10-28 14:35:00,2020,10,28,14,35,93,93051,A4,48.84,2.55,Crépuscule ou aube,Hors agglomération,Hors intersection,Normale,Deux véhicules - arrière,1,3,4,0,1,1,1,0,1,110,2,2,1,0,0,1,41.0,24.0,utilitaire_camion,voiture,2,1,1,1,2
202000035693,2020-05-30 14:35:00,2020,5,30,14,35,75,75110,PLACE JACQUES BONSERGENT,48.8710682,2.3611258,Plein jour,En agglomération,Place,Normale,Autre collision,4,2,2,1,1,1,1,-1,5,30,1,2,1,0,0,1,18.0,,deux_roues,,1,2,7,1,6
202000035694,2020-10-28 08:00:00,2020,10,28,8,0,95,95277, A3,48.9744,2.4891,Plein jour,Hors agglomération,Hors intersection,Normale,,1,3,3,0,1,1,2,0,1,70,2,2,1,0,0,1,49.0,43.0,deux_roues,voiture,1,1,1,1,-1
202000035695,2020-05-30 10:15:00,2020,5,30,10,15,75,75110,QUAI DE JEMMAPES,48.876684,2.365283,Plein jour,En agglomération,Hors intersection,Normale,Deux véhicules - côté,4,1,3,0,2,1,1,0,1,30,2,2,1,0,0,1,44.0,47.0,deux_roues,utilitaire_camion,1,2,1,1,3
202000035696,2020-01-11 12:25:00,2020,1,11,12,25,94,94043,FONTAINEBLEAU (AV DE),48.81148,2.36211,Plein jour,En agglomération,Hors intersection,Normale,Deux véhicules - arrière,3,2,5,3,1,1,1,0,1,50,2,3,2,0,0,1,29.0,44.0,voiture,voiture,1,2,1,1,2
202000035697,2020-12-11 12:45:00,2020,12,11,12,45,82,82013,D928,43.870035,0.9632134,Plein jour,Hors agglomération,Hors intersection,Temps couvert,Autre collision,3,2,1,0,1,1,2,0,8,80,1,2,1,1,0,0,48.0,,utilitaire_camion,,1,1,1,8,6
202000035698,2020-10-28 01:30:00,2020,10,28,1,30,93,93007,AUTOROUTE A3,48.9195786,2.4789097,Nuit sans éclairage public,Hors agglomération,Hors intersection,Pluie légère,Sans collision,1,3,4,0,1,1,2,1,1,110,1,1,0,0,0,1,19.0,,utilitaire_camion,,3,1,1,2,7
202000035699,2020-01-11 11:00:00,2020,1,11,11,0,94,94019,MARECHAL LECLERC (AV DU),48.7964592,2.5317085,Plein jour,En agglomération,Hors intersection,Normale,Autre collision,3,2,2,0,1,3,1,0,3,50,1,2,1,0,0,1,76.0,,voiture,,1,2,1,1,6
202000035700,2020-01-11 11:35:00,2020,1,11,11,35,94,94017,BEARN (VLA),48.80793,2.551762,Plein jour,En agglomération,Hors intersection,Normale,Deux véhicules - côté,4,2,2,0,1,1,1,0,1,30,2,3,2,0,1,0,25.0,48.0,deux_roues,voiture,1,2,1,1,3
202000035701,2020-10-28 20:00:00,2020,10,28,20,0,94,94033,A86.INT,48.86006,2.48534,Nuit sans éclairage public,Hors agglomération,Hors intersection,Normale,Trois véhicules et plus - en chaîne,1,3,4,0,1,1,1,0,1,90,4,4,3,0,0,1,26.0,51.0,deux_roues,voiture,3,1,1,1,4
202000035702,2020-12-10 21:47:00,2020,12,10,21,47,82,82125,1979 Route de Montbartier,43.938824,1.243204,Nuit sans éclairage public,Hors agglomération,Hors intersection,Pluie légère,Autre collision,3,2,2,0,1,1,2,0,3,-1,1,3,1,0,1,1,23.0,,voiture,,3,1,1,2,6
202000035703,2020-05-30 09:10:00,2020,5,30,9,10,75,75110,BOULEVARD DE LA VILLETTE,48.8736396,2.3750159,Plein jour,En agglomération,Intersection en X,Normale,Deux véhicules - côté,4,3,3,1,1,1,1,-1,5,50,2,2,1,0,0,1,39.0,22.0,deux_roues,utilitaire_camion,1,2,2,1,3
202000035704,2020-01-10 23:45:00,2020,1,10,23,45,93,93066,FRANCE ANATOLE (BOULEVARD) NR AUTRES,48.921755,2.3457877,Nuit avec éclairage allumé,En agglomération,Autre intersection,Normale,Trois véhicules et plus - en chaîne,3,-1,2,0,1,1,1,0,1,50,3,4,2,0,0,2,31.0,24.0,voiture,voiture,5,2,9,1,4
202000035705,2020-10-28 19:20:00,2020,10,28,19,20,77,77169,A4.Y,48.83292,2.59517,Nuit avec éclairage allumé,Hors agglomération,Hors intersection,Normale,,1,-1,6,0,1,1,1,0,1,110,3,5,2,0,0,3,36.0,43.0,voiture,voiture,5,1,1,1,-1
202000035706,2020-10-28 07:30:00,2020,10,28,7,30,988,98818,AVENUE BONAPARTE,-22.23351,166.46653,Plein jour,En agglomération,Hors intersection,Normale,Autre collision,4,2,2,0,1,1,1,0,1,50,1,2,1,0,0,1,24.0,,transport_commun,,1,2,1,1,6
202000035707,2020-01-10 23:30:00,2020,1,10,23,30,93,93074,Route Nationale 3,48.93479,2.60298,Nuit sans éclairage public,Hors agglomération,Hors intersection,Pluie légère,Trois véhicules et plus - collisions multiples,3,1,2,0,1,1,2,0,1,110,4,6,3,0,0,3,23.0,26.0,voiture,voiture,3,1,1,2,5
202000035708,2020-10-27 13:15:00,2020,10,27,13,15,988,98818,VE1/RUE BERTHELOT,-22.26041,166.44462,Plein jour,En agglomération,Giratoire,Normale,Deux véhicules - arrière,1,3,4,0,1,1,1,5,1,50,2,2,1,0,0,1,62.0,17.0,voiture,deux_roues,1,2,6,1,2
202000035709,2020-01-11 13:50:00,2020,1,11,13,50,93,93031,RTE D'ARGENTEUIL / R DE LILLE,48.9600978,2.2918736,Plein jour,En agglomération,Intersection en X,Normale,Autre collision,3,2,2,0,1,1,1,0,1,50,1,2,1,0,0,1,43.0,,utilitaire_camion,,1,2,2,1,6
202000035710,2020-12-10 20:34:00,2020,12,10,20,34,49,49378,D 347,47.30181,-0.037369,Nuit sans éclairage public,Hors agglomération,Hors intersection,Normale,Autre collision,3,3,4,0,1,1,2,0,1,110,1,1,0,0,1,0,20.0,,voiture,,3,1,1,1,6
202000035711,2020-10-27 14:20:00,2020,10,27,14,20,974,97416,Rue Rodier,-21.33836,55.47723,Plein jour,En agglomération,Intersection en X,Normale,Deux véhicules - côté,4,1,1,0,2,1,1,5,1,30,2,2,1,0,0,1,38.0,35.0,voiture,voiture,1,2,2,1,3
202000035712,2020-01-11 09:20:00,2020,1,11,9,20,93,93010,R JULES GUESDE / R AUGUSTE POLISSARD,48.9032784,2.4802217,Plein jour,En agglomération,Giratoire,Normale,Autre collision,3,2,2,0,1,1,1,0,1,30,1,2,1,0,1,0,25.0,,voiture,,1,2,6,1,6
202000035713,2020-10-21 19:45:00,2020,10,21,19,45,974,97416,CD 26,-21.30167,55.433,Nuit sans éclairage public,Hors agglomération,Hors intersection,Normale,Deux véhicules - frontale,3,2,2,0,1,1,1,0,1,70,2,4,2,0,0,2,31.0,25.0,voiture,voiture,3,1,1,1,1
202000035714,2020-01-11 20:43:00,2020,1,11,20,43,92,92072,GRANDE RUE/ LECLERC (AVENUE DE LA DIVISION),48.826415,2.219283,Nuit avec éclairage allumé,En agglomération,Intersection en X,Normale,,3,2,5,3,2,1,1,0,3,50,2,2,1,0,0,1,54.0,18.0,voiture,deux_roues,5,2,2,1,-1
202000035715,2020-10-27 18:00:00,2020,10,27,18,0,69,69383,LAC (DU)                            (R ),45.7561426,4.854896,Nuit avec éclairage allumé,En agglomération,Intersection en X,Normale,Deux véhicules - côté,4,1,1,2,1,1,1,0,1,50,2,2,1,0,0,1,21.0,38.0,voiture,voiture,5,2,2,1,3
202000035716,2020-10-27 12:55:00,2020,10,27,12,55,69,69387,NICOLAI                             (R ),45.74911,4.85645,Plein jour,En agglomération,Intersection en X,Normale,Deux véhicules - côté,4,1,2,0,1,1,1,0,1,50,2,2,1,0,0,1,43.0,54.0,voiture,utilitaire_camion,1,2,2,1,3
202000035717,2020-10-27 12:17:00,2020,10,27,12,17,69,69388,11 NOVEMBRE 1918 (DU)               (PL),45.73665,4.86921,Plein jour,En agglomération,Autre intersection,Normale,Autre collision,4,2,3,3,1,3,1,0,1,50,1,3,2,0,0,1,20.0,,voiture,,1,2,9,1,6
202000035718,2020-10-27 08:15:00,2020,10,27,8,15,69,69386,VENDOME                             (R ),45.76536,4.84573,Plein jour,En agglomération,Hors intersection,Normale,Deux véhicules - arrière,4,1,3,1,1,1,1,0,5,50,2,2,1,0,0,1,24.0,39.0,deux_roues,voiture,1,2,1,1,2
202000035719,2020-12-11 17:20:00,2020,12,11,17,20,12,12068,RD997,44.324631,2.340839,Crépuscule ou aube,Hors agglomération,Hors intersection,Temps couvert,Sans collision,3,2,2,0,1,1,2,0,3,80,1,2,1,0,0,1,30.0,,utilitaire_camion,,2,1,1,8,7
202000035720,2020-05-30 16:00:00,2020,5,30,16,0,75,75109,RUE LA FAYETTE,48.876026,2.344535,Plein jour,En agglomération,Intersection en Y,Normale,Autre collision,4,2,4,0,1,1,1,0,1,30,1,2,0,0,0,2,24.0,,deux_roues,,1,2,4,1,6
202000035721,2020-10-22 13:30:00,2020,10,22,13,30,972,97213,AUTOROUTE A1,14.6174161,-61.0169506,Plein jour,Hors agglomération,Hors intersection,Normale,Deux véhicules - arrière,1,1,3,0,1,1,1,0,1,90,2,1,0,0,1,0,40.0,,deux_roues,,1,1,1,1,2
202000035722,2020-01-11 16:30:00,2020,1,11,16,30,92,92051,"CHARLES DE GAULLE (AVENUE,N°118 A 192 +",48.884167,2.262534,Plein jour,En agglomération,Hors intersection,Normale,Deux véhicules - arrière,2,1,1,0,1,1,1,0,3,50,2,2,1,0,0,1,58.0,29.0,deux_roues,voiture,1,2,1,1,2
202000035723,2020-10-27 12:50:00,2020,10,27,12,50,972,97209,AUTOROUTE (A1),14.61628,-61.04344,Plein jour,Hors agglomération,Hors intersection,Pluie forte,Sans collision,1,3,5,0,1,1,4,0,1,90,1,1,0,0,0,1,52.0,,deux_roues,,1,1,1,3,7
202000035724,2020-10-27 15:40:00,2020,10,27,15,40,69,69384,CROIX-ROUSSE (DE LA)                (BD),45.77393,4.82702,Plein jour,En agglomération,Hors intersection,Normale,Autre collision,4,2,2,0,2,1,1,0,1,50,1,2,1,0,0,1,63.0,,voiture,,1,2,1,1,6