accident_id,datetime,annee,mois,jour,heure,minute,departement,commune_insee,adresse,latitude,longitude,luminosite,agglomeration,intersection,meteo,collision,catr,circ,nbv,vosp,prof,plan,surf,infra,situ,vma,nb_vehicules,nb_usagers,nb_indemnes,nb_tues,nb_blesses_hosp,nb_blesses_legers,age_cond_1,age_cond_2,veh_type_cond_1,veh_type_cond_2,lum_code,agg_code,int_code,atm_code,col_code
202000035725,2020-10-27 12:30:00,2020,10,27,12,30,69,69385,MENIVAL (DE)                        (AV),45.7559,4.788,Plein jour,En agglomération,Intersection en T,Normale,Deux véhicules - côté,4,2,3,1,2,3,1,0,1,50,2,3,2,0,0,1,21.0,30.0,voiture,voiture,1,2,3,1,3
202000035726,2020-01-11 11:30:00,2020,1,11,11,30,92,92035,Général Leclerc ( avenue du ),48.9124,2.24924,Plein jour,En agglomération,Hors intersection,Normale,Deux véhicules - côté,4,1,2,0,1,1,1,0,3,50,2,2,1,0,0,1,37.0,45.0,voiture,deux_roues,1,2,1,1,3
202000035727,2020-10-26 11:25:00,2020,10,26,11,25,69,69202,RAZES (DES)                         (CH),45.73516,4.78178,Plein jour,En agglomération,Hors intersection,Temps couvert,Autre collision,4,2,2,0,2,3,2,9,1,50,1,1,0,0,0,1,51.0,,deux_roues,,1,2,1,8,6
202000035728,2020-10-27 09:50:00,2020,10,27,9,50,971,97120,HANNE (BOULEVARD),16.24091,-61.53518,Plein jour,En agglomération,Intersection en X,Normale,Autre collision,3,3,5,0,1,1,1,9,1,50,1,2,1,0,0,1,56.0,,voiture,,1,2,2,1,6
202000035729,2020-05-30 20:30:00,2020,5,30,20,30,75,75101,QUAI FRANCOIS MITTERRAND,48.8601128,2.3333437,Plein jour,En agglomération,Intersection en X,Normale,Deux véhicules - côté,4,1,4,0,1,1,1,0,1,50,2,2,0,0,0,2,21.0,74.0,deux_roues,deux_roues,1,2,2,1,3
202000035730,2020-10-26 21:25:00,2020,10,26,21,25,95,95424,GÉNÉRAL DE GAULLE(RUE DU),48.997858,2.195213,Nuit avec éclairage allumé,En agglomération,Hors intersection,Normale,Deux véhicules - frontale,4,2,2,0,1,1,1,0,1,50,2,2,1,0,1,0,50.0,,voiture,,5,2,1,1,1
202000035731,2020-05-29 19:30:00,2020,5,29,19,30,75,75103,BOULEVARD BEAUMARCHAIS,48.857599,2.368063,Plein jour,En agglomération,Intersection en Y,Normale,Deux véhicules - côté,4,2,6,3,1,1,1,-1,6,50,2,3,1,0,0,2,25.0,65.0,deux_roues,voiture,1,2,4,1,3
202000035732,2020-05-27 21:00:00,2020,5,27,21,0,75,75104,BOULEVARD BEAUMARCHAIS,48.8536186,2.3690504,Crépuscule ou aube,En agglomération,Place,Normale,Deux véhicules - côté,4,2,6,1,1,1,1,-1,5,50,2,2,1,0,0,1,36.0,58.0,deux_roues,voiture,2,2,7,1,3
202000035733,2020-12-11 10:40:00,2020,12,11,10,40,01,01066,D1504,45.842762,5.570004,Plein jour,Hors agglomération,Hors intersection,Neige / grêle,Deux véhicules - frontale,3,2,2,0,2,3,5,0,1,80,2,2,1,0,1,0,55.0,22.0,utilitaire_camion,voiture,1,1,1,4,1
202000035734,2020-01-11 18:20:00,2020,1,11,18,20,92,92012,VICTOR GRIFFUELHES (RUE) - COTE IMPAIR,48.82971,2.24221,Nuit avec éclairage allumé,En agglomération,Intersection en T,Normale,Deux véhicules - côté,4,2,2,0,1,1,1,0,1,30,2,3,1,0,2,0,16.0,73.0,deux_roues,voiture,5,2,3,1,3
202000035735,2020-12-10 13:50:00,2020,12,10,13,50,29,29160,D788 - ,48.4935552,-4.4317237,Plein jour,En agglomération,Hors intersection,Temps éblouissant,Autre collision,3,3,2,0,1,1,2,6,1,30,1,2,1,0,0,1,42.0,,voiture,,1,2,1,7,6
202000035736,2020-05-30 16:10:00,2020,5,30,16,10,75,75102,RUE DU LOUVRE,48.8658543,2.3433805,Plein jour,En agglomération,Intersection en Y,Normale,Deux véhicules - côté,4,2,4,0,1,1,1,0,1,30,2,2,1,0,0,1,42.0,29.0,deux_roues,voiture,1,2,4,1,3
202000035737,2020-05-30 21:50:00,2020,5,30,21,50,94,94081,COLONEL FABIEN (AV DU),48.78256,2.38087,Crépuscule ou aube,En agglomération,Intersection en T,Normale,Deux véhicules - côté,4,2,2,0,1,1,1,0,1,50,2,2,1,0,1,0,24.0,25.0,autre,voiture,2,2,3,1,3
202000035738,2020-12-10 17:20:00,2020,12,10,17,20,29,29075,Rue de Paris,48.4355974,-4.3952082,Crépuscule ou aube,En agglomération,Hors intersection,Normale,Autre collision,4,2,2,0,2,1,1,0,1,50,1,2,1,0,0,1,35.0,,utilitaire_camion,,2,2,1,1,6
202000035739,2020-12-11 07:00:00,2020,12,11,7,0,72,72179,D23,47.836493,-0.064909,Nuit avec éclairage non allumé,Hors agglomération,Hors intersection,Normale,,3,2,2,0,1,1,1,0,1,90,2,2,1,0,0,1,35.0,44.0,autre,voiture,4,1,1,1,-1
202000035740,2020-01-12 18:00:00,2020,1,12,18,0,51,51649,35 Faubourg de Vitry le Brule,48.7290529,4.5925752,Nuit avec éclairage allumé,En agglomération,Hors intersection,Pluie légère,Deux véhicules - arrière,3,3,2,0,1,1,2,0,1,50,2,2,1,0,1,0,39.0,25.0,voiture,deux_roues,5,2,1,2,2
202000035741,2020-12-11 01:50:00,2020,12,11,1,50,72,72248,Le Petit Pre du Bourg,47.836509,0.434277,Nuit sans éclairage public,Hors agglomération,Hors intersection,Pluie forte,Autre collision,3,2,2,0,1,1,2,0,3,80,1,1,0,0,1,0,26.0,,voiture,,3,1,1,3,6
202000035742,2020-05-30 05:20:00,2020,5,30,5,20,94,94081,ALBERT EINSTEIN (R),48.80294,2.39905,Plein jour,En agglomération,Hors intersection,Normale,Sans collision,4,2,2,0,1,1,1,9,4,30,1,1,0,0,0,1,23.0,,voiture,,1,2,1,1,7
202000035743,2020-12-10 09:45:00,2020,12,10,9,45,06,06113,Route des Cabrolles,43.796816,7.47867,Plein jour,Hors agglomération,Intersection en T,Normale,Deux véhicules - côté,3,2,2,0,2,2,1,0,1,50,2,2,1,0,0,1,48.0,51.0,deux_roues,voiture,1,1,3,1,3
202000035744,2020-05-30 15:33:00,2020,5,30,15,33,94,94073,ALOUETTES (R DES),48.75312,2.37911,Plein jour,En agglomération,Hors intersection,Normale,Deux véhicules - frontale,3,2,2,0,1,1,1,0,1,50,2,3,2,0,1,0,49.0,30.0,voiture,deux_roues,1,2,1,1,1
202000035745,2020-12-10 11:05:00,2020,12,10,11,5,14,14453,Route départementale 613,49.311483,-0.830225,Plein jour,Hors agglomération,Intersection en T,Pluie légère,Deux véhicules - côté,3,2,2,0,1,1,2,0,1,90,2,2,1,0,0,1,83.0,35.0,voiture,voiture,1,1,3,2,3
202000035746,2020-12-11 11:20:00,2020,12,11,11,20,05,05092,D246,44.491975,6.014392,Plein jour,Hors agglomération,Hors intersection,Neige / grêle,Sans collision,3,2,2,0,2,3,5,0,3,80,1,1,0,0,1,0,31.0,,voiture,,1,1,1,4,7
202000035747,2020-01-11 11:20:00,2020,1,11,11,20,95,95504,D64e,49.10168,2.276632,Plein jour,Hors agglomération,Hors intersection,Normale,Deux véhicules - frontale,3,2,2,0,2,3,1,0,1,80,2,2,1,0,0,1,47.0,31.0,voiture,voiture,1,1,1,1,1
202000035748,2020-12-11 07:45:00,2020,12,11,7,45,16,16002,Rue de la Mairie,46.078455,0.199304,Crépuscule ou aube,En agglomération,Hors intersection,Pluie légère,Deux véhicules - frontale,3,2,2,0,2,2,2,0,1,50,2,2,0,0,0,2,29.0,43.0,voiture,voiture,2,2,1,2,1
202000035749,2020-01-11 04:00:00,2020,1,11,4,0,33,33138,11 Lieu Dit Troquereau sur l'Isle,45.028299,-0.062753,Nuit avec éclairage non allumé,Hors agglomération,Hors intersection,Normale,Autre collision,3,2,2,0,1,2,1,0,3,80,1,1,0,1,0,0,39.0,,voiture,,4,1,1,1,6
202000035750,2020-01-02 10:00:00,2020,1,2,10,0,40,40304,Avenue Paul Lahary (Pont),43.660746,-1.432169,Plein jour,En agglomération,Hors intersection,Normale,Autre collision,4,2,2,3,1,1,1,2,4,-1,1,2,1,0,1,0,78.0,,voiture,,1,2,1,1,6
202000035751,2020-05-29 18:45:00,2020,5,29,18,45,94,94033,NEUILLY (AV DE),48.8482,2.4911,Plein jour,En agglomération,Hors intersection,Normale,Autre collision,3,2,0,0,2,1,1,0,4,50,1,1,0,0,0,1,51.0,,voiture,,1,2,1,1,6
202000035752,2020-01-12 11:30:00,2020,1,12,11,30,83,83085,1069 Route de Trans,43.496053,6.521522,Plein jour,Hors agglomération,Hors intersection,Normale,,3,2,2,0,2,3,1,0,1,70,2,2,1,0,1,0,23.0,77.0,voiture,deux_roues,1,1,1,1,-1
202000035753,2020-12-10 17:50:00,2020,12,10,17,50,21,21103,D34,47.148254,5.175591,Nuit sans éclairage public,Hors agglomération,Hors intersection,Autre,Trois véhicules et plus - collisions multiples,3,2,2,0,1,1,2,0,1,80,3,3,1,0,1,1,26.0,60.0,voiture,utilitaire_camion,3,1,1,9,5
202000035754,2020-05-30 18:47:00,2020,5,30,18,47,93,93078,AV DES BLES,48.9489926,2.5518186,Plein jour,En agglomération,Hors intersection,Normale,Autre collision,4,2,2,0,1,1,1,0,1,50,1,2,1,0,1,0,22.0,,voiture,,1,2,1,1,6
202000035755,2020-01-11 15:25:00,2020,1,11,15,25,12,12169,02 avenue sauveterre de rouergue,44.199234,2.340594,Plein jour,En agglomération,Intersection en T,Temps éblouissant,Deux véhicules - côté,3,2,2,0,1,1,1,0,1,50,2,2,1,0,1,0,16.0,54.0,deux_roues,autre,1,2,3,7,3
202000035756,2020-12-08 12:50:00,2020,12,8,12,50,24,24077,N21,44.941876,0.56806,Plein jour,Hors agglomération,Hors intersection,Normale,Deux véhicules - frontale,2,2,2,0,2,1,1,0,1,80,2,2,1,0,1,0,53.0,60.0,utilitaire_camion,deux_roues,1,1,1,1,1
202000035757,2020-05-30 20:40:00,2020,5,30,20,40,93,93072,LOUIS BORDES (RUE),48.9558,2.38322,Plein jour,En agglomération,Intersection en X,Normale,Deux véhicules - frontale,3,3,4,0,1,1,1,5,1,50,2,3,2,0,0,1,17.0,26.0,deux_roues,voiture,1,2,2,1,1
202000035758,2020-01-10 15:55:00,2020,1,10,15,55,35,35024,1 Rue de la Forge,48.186163,-1.63105,Plein jour,En agglomération,Intersection en T,Normale,Deux véhicules - côté,4,2,2,0,1,1,1,0,1,50,2,2,1,0,1,0,39.0,29.0,voiture,deux_roues,1,2,3,1,3
202000035759,2020-12-11 16:50:00,2020,12,11,16,50,85,85282,Rue du Canal,46.708423,-0.986865,Crépuscule ou aube,En agglomération,Hors intersection,Normale,Autre collision,4,2,2,0,1,1,1,0,1,50,1,2,1,1,0,0,30.0,,utilitaire_camion,,2,2,1,1,6
202000035760,2020-05-30 06:15:00,2020,5,30,6,15,93,93070,ALBERT-DHALENNE (RUE),48.9157851,2.3309299,Plein jour,En agglomération,Hors intersection,Normale,Deux véhicules - arrière,3,3,1,0,1,1,1,8,1,50,2,1,0,0,0,1,59.0,,deux_roues,,1,2,1,1,2
202000035761,2020-12-10 16:45:00,2020,12,10,16,45,37,37216,Les Picaults,47.1560761,0.5638094,Plein jour,Hors agglomération,Intersection en T,Pluie légère,Autre collision,3,2,2,0,1,1,2,0,8,70,1,1,0,0,1,0,39.0,,voiture,,1,1,3,2,6
202000035762,2020-05-30 21:20:00,2020,5,30,21,20,93,93066,WILSON (AVENUE DU PRESIDENT),48.9140843,2.3581939,Plein jour,En agglomération,Hors intersection,Normale,Deux véhicules - côté,3,1,2,3,1,1,1,0,1,50,2,1,0,0,0,1,33.0,,deux_roues,,1,2,1,1,3
202000035763,2020-01-11 20:30:00,2020,1,11,20,30,19,19025,D7,45.408837,1.280425,Nuit sans éclairage public,Hors agglomération,Hors intersection,Normale,Autre collision,3,2,2,0,1,3,1,0,3,80,1,1,0,0,1,0,50.0,,voiture,,3,1,1,1,6
202000035764,2020-12-09 16:25:00,2020,12,9,16,25,37,37273,,47.3858207,0.7854298,Crépuscule ou aube,En agglomération,Intersection en T,Temps couvert,Deux véhicules - arrière,3,2,2,1,1,1,1,0,1,50,2,2,1,0,1,0,50.0,23.0,voiture,deux_roues,2,2,3,8,2
202000035765,2020-05-30 19:30:00,2020,5,30,19,30,93,93010,AV HENRI BARBUSSE / R HENRI ALPY,48.9014,2.48904,Plein jour,En agglomération,Intersection en T,Normale,Deux véhicules - côté,3,2,2,0,1,1,1,5,1,50,2,2,1,0,0,1,45.0,62.0,voiture,voiture,1,2,3,1,3
202000035766,2020-12-11 12:30:00,2020,12,11,12,30,30,30272,D999,43.973245,3.687694,Plein jour,Hors agglomération,Hors intersection,Pluie légère,Autre collision,3,2,2,0,1,1,2,0,3,80,1,2,0,1,0,1,19.0,,voiture,,1,1,1,2,6
202000035767,2020-05-30 18:20:00,2020,5,30,18,20,92,92026,PRESIDENT KRUGER,48.8982586,2.2550701,Plein jour,En agglomération,Autre intersection,Normale,Deux véhicules - côté,4,2,2,0,1,1,1,0,1,30,2,5,4,0,0,1,18.0,16.0,voiture,deux_roues,1,2,9,1,3
202000035768,2020-12-10 16:00:00,2020,12,10,16,0,973,97307,La Matourienne (Pont),4.835187,-52.332087,Plein jour,Hors agglomération,Hors intersection,Normale,Deux véhicules - arrière,3,2,2,0,1,1,1,0,1,80,2,2,1,1,0,0,38.0,61.0,voiture,voiture,1,1,1,1,2
202000035769,2020-12-10 01:00:00,2020,12,10,1,0,01,01067,A40 pk 131.800,46.1130793,5.4779183,Nuit sans éclairage public,Hors agglomération,Hors intersection,Normale,Autre collision,1,3,4,0,1,3,2,0,2,110,1,1,0,0,0,1,22.0,,voiture,,3,1,1,1,6
202000035770,2020-05-29 22:30:00,2020,5,29,22,30,92,92012,PARIS (RUE DE) 97BIS/FIN - 116/FIN,48.841472,2.238745,Nuit avec éclairage allumé,En agglomération,Hors intersection,Normale,,4,2,1,0,1,1,1,0,1,30,2,2,1,0,0,1,65.0,25.0,deux_roues,voiture,5,2,1,1,-1
202000035771,2020-12-10 19:45:00,2020,12,10,19,45,18,18255,A71,47.047314,2.327448,Nuit sans éclairage public,Hors agglomération,Hors intersection,Pluie légère,Deux véhicules - arrière,1,3,4,0,1,1,2,0,1,130,2,2,1,0,0,1,25.0,43.0,voiture,voiture,3,1,1,2,2
202000035772,2020-01-12 07:10:00,2020,1,12,7,10,56,56164,Lieu Dit Lezunan,47.682957,-2.835417,Nuit sans éclairage public,Hors agglomération,Hors intersection,Pluie légère,Deux véhicules - frontale,3,2,2,0,1,2,2,0,1,80,2,2,1,0,1,0,55.0,20.0,voiture,deux_roues,3,1,1,2,1
202000035773,2020-12-10 10:45:00,2020,12,10,10,45,33,33122,D211,44.730375,-0.756525,Plein jour,Hors agglomération,Intersection en T,Temps couvert,Deux véhicules - arrière,3,2,2,0,1,1,1,0,1,80,2,2,1,0,0,1,23.0,63.0,utilitaire_camion,voiture,1,1,3,8,2
202000035774,2020-05-30 20:10:00,2020,5,30,20,10,92,92014,BIEVRE (RUE DE LA),48.780712,2.320675,Plein jour,En agglomération,Intersection en T,Temps éblouissant,Deux véhicules - côté,3,2,3,0,1,1,1,0,1,50,2,3,2,0,0,1,21.0,19.0,voiture,deux_roues,1,2,3,7,3
202000035775,2020-05-31 12:50:00,2020,5,31,12,50,54,54110,D83,48.698964,6.292108,Plein jour,Hors agglomération,Hors intersection,Normale,Sans collision,3,2,2,0,1,2,1,0,8,80,1,2,0,0,0,2,52.0,,deux_roues,,1,1,1,1,7
202000035776,2020-12-07 08:45:00,2020,12,7,8,45,78,78196,D30,48.860773,1.968967,Plein jour,Hors agglomération,Hors intersection,Normale,Deux véhicules - arrière,3,2,2,0,1,1,1,0,1,70,2,6,5,0,1,0,27.0,51.0,voiture,deux_roues,1,1,1,1,2
202000035777,2020-01-12 06:40:00,2020,1,12,6,40,77,77239,D231,48.6785664,3.1120493,Nuit sans éclairage public,Hors agglomération,Hors intersection,Normale,Deux véhicules - frontale,3,2,2,0,1,1,1,0,1,80,2,3,2,0,0,1,22.0,29.0,voiture,voiture,3,1,1,1,1
202000035778,2020-12-10 21:55:00,2020,12,10,21,55,69,69250,A89,45.820235,4.711772,Nuit sans éclairage public,Hors agglomération,Hors intersection,Pluie légère,Deux véhicules - arrière,1,3,4,0,1,2,2,0,1,110,2,2,0,0,1,1,56.0,25.0,autre,utilitaire_camion,3,1,1,2,2
202000035779,2020-01-12 17:15:00,2020,1,12,17,15,76,76222,410 Route de Sainte Marguerite,49.491059,0.861566,Crépuscule ou aube,Hors agglomération,Hors intersection,Normale,Autre collision,3,2,2,0,1,2,1,0,8,80,1,1,0,1,0,0,29.0,,voiture,,2,1,1,1,6
202000035780,2020-12-11 11:55:00,2020,12,11,11,55,69,69050,RD 385 ,45.869857,4.654126,Plein jour,Hors agglomération,Hors intersection,Temps couvert,Trois véhicules et plus - en chaîne,3,2,3,0,1,1,2,0,1,90,4,4,1,1,0,2,20.0,44.0,voiture,utilitaire_camion,1,1,1,8,4
202000035781,2020-05-30 20:00:00,2020,5,30,20,0,62,62066,17 Rue de Beaulieu,50.476431,2.098519,Plein jour,En agglomération,Hors intersection,Normale,Deux véhicules - frontale,3,2,2,0,2,4,1,0,1,50,2,3,2,0,1,0,20.0,22.0,voiture,voiture,1,2,1,1,1
202000035782,2020-01-08 19:40:00,2020,1,8,19,40,79,79031,Route de Chizé,46.165834,-0.435839,Nuit sans éclairage public,Hors agglomération,Hors intersection,Normale,Deux véhicules - frontale,3,2,2,0,1,1,1,0,1,80,2,2,1,0,1,0,22.0,56.0,voiture,voiture,3,1,1,1,1
202000035783,2020-05-31 09:45:00,2020,5,31,9,45,2A,2A282,le village,42.1905477,8.9132756,Plein jour,En agglomération,Hors intersection,Normale,Sans collision,3,2,2,0,2,1,1,0,1,50,1,1,0,0,1,0,44.0,,deux_roues,,1,2,1,1,7
202000035784,2020-01-12 11:00:00,2020,1,12,11,0,49,49086,D167,47.214835,-0.431172,Plein jour,Hors agglomération,Hors intersection,Normale,Autre collision,3,2,2,0,2,4,1,2,3,80,1,1,0,1,0,0,22.0,,deux_roues,,1,1,1,1,6
202000035785,2020-12-11 09:57:00,2020,12,11,9,57,27,27263,Autoroute A13 - Pk 147+600,49.383951,0.591202,Plein jour,Hors agglomération,Hors intersection,Normale,Deux véhicules - arrière,1,3,2,0,2,1,1,0,1,130,2,2,1,0,1,0,66.0,39.0,voiture,utilitaire_camion,1,1,1,1,2
202000035786,2020-12-11 12:30:00,2020,12,11,12,30,971,97119,RN 6 - Lieu dit DEVILLE MAISONCELLE,16.376309,-61.476145,Plein jour,En agglomération,Hors intersection,Normale,Autre collision,2,2,2,0,2,1,1,0,3,-1,1,2,1,1,0,0,61.0,,voiture,,1,2,1,1,6
202000035787,2020-11-04 14:55:00,2020,11,4,14,55,21,21515,Route de Couternon,47.3205983,5.1243902,Plein jour,Hors agglomération,Intersection en T,Temps couvert,Deux véhicules - côté,3,2,2,0,1,2,1,0,1,80,2,3,2,0,0,1,71.0,25.0,deux_roues,voiture,1,1,3,8,3
202000035788,2020-01-10 11:00:00,2020,1,10,11,0,35,35095,Rue des Ponts,48.549029,-1.757849,Plein jour,En agglomération,Hors intersection,Normale,Autre collision,3,2,2,0,1,1,1,0,4,50,1,2,1,0,1,0,42.0,,utilitaire_camion,,1,2,1,1,6
202000035789,2020-01-12 02:00:00,2020,1,12,2,0,29,29269,D6,47.931137,-3.615841,Nuit sans éclairage public,Hors agglomération,Hors intersection,Normale,Autre collision,3,2,2,0,1,4,2,0,1,80,1,1,0,0,1,0,21.0,,voiture,,3,1,1,1,6
202000035790,2020-12-01 18:05:00,2020,12,1,18,5,91,91587,N20,48.688237,2.286208,Nuit avec éclairage non allumé,Hors agglomération,Hors intersection,Normale,Autre collision,2,1,4,0,3,3,1,0,5,90,1,1,0,0,0,1,59.0,,deux_roues,,4,1,1,1,6
202000035791,2020-01-12 15:20:00,2020,1,12,15,20,15,15085,"Lieu dit ""Combemaury""",44.8565056,2.510167,Plein jour,Hors agglomération,Hors intersection,Temps éblouissant,Autre collision,3,2,2,0,1,1,1,0,8,80,1,1,0,0,1,0,75.0,,voiture,,1,1,1,7,6
202000035792,2020-12-11 09:04:00,2020,12,11,9,4,66,66190,Route d'Opoul,42.833432,2.915631,Plein jour,En agglomération,Hors intersection,Pluie légère,Deux véhicules - frontale,3,3,2,0,1,1,2,0,1,50,2,2,1,1,0,0,54.0,65.0,voiture,voiture,1,2,1,2,1
202000035793,2020-12-11 06:45:00,2020,12,11,6,45,70,70528,pk 5 D474,47.429269,5.659341,Nuit sans éclairage public,Hors agglomération,Hors intersection,Pluie légère,Deux véhicules - côté,3,2,2,0,1,2,7,0,1,80,2,2,1,0,1,0,49.0,27.0,voiture,voiture,3,1,1,2,3
202000035794,2020-05-31 11:25:00,2020,5,31,11,25,01,01105,D43,45.90471,4.877285,Plein jour,Hors agglomération,Hors intersection,Normale,Deux véhicules - arrière,3,2,2,0,1,1,1,0,1,80,2,2,1,0,0,1,73.0,33.0,voiture,deux_roues,1,1,1,1,2
202000035795,2020-12-11 09:45:00,2020,12,11,9,45,68,68001,42 Rue d'Alsace,48.001405,7.557279,Plein jour,En agglomération,Intersection en T,Pluie légère,Deux véhicules - côté,3,2,2,0,1,1,2,0,1,50,2,2,1,0,0,1,20.0,71.0,voiture,voiture,1,2,3,2,3
202000035796,2020-05-29 17:55:00,2020,5,29,17,55,62,62229,D341,50.647392,2.180443,Plein jour,Hors agglomération,Intersection en T,Temps éblouissant,Deux véhicules - côté,3,2,2,0,1,1,1,0,1,80,2,3,2,0,0,1,28.0,24.0,voiture,voiture,1,1,3,7,3
202000035797,2020-05-31 15:15:00,2020,5,31,15,15,26,26107,Route de la Haute Herbasse,45.184962,5.085152,Plein jour,Hors agglomération,Hors intersection,Normale,Autre collision,3,2,2,0,1,1,1,0,3,80,1,2,0,0,2,0,29.0,,voiture,,1,1,1,1,6
202000035798,2020-05-30 17:00:00,2020,5,30,17,0,60,60225,D151,49.4281784,2.3472697,Plein jour,Hors agglomération,Autre intersection,Temps éblouissant,Sans collision,3,2,2,0,2,2,1,0,1,80,1,1,0,0,0,1,26.0,,deux_roues,,1,1,9,7,7
202000035799,2020-05-31 18:35:00,2020,5,31,18,35,06,06161,Route de Grasse,43.657134,7.107913,Plein jour,Hors agglomération,Hors intersection,Temps éblouissant,Sans collision,3,2,2,0,4,2,1,0,3,70,1,1,0,0,1,0,37.0,,deux_roues,,1,1,1,7,7
202000035800,2020-12-11 17:20:00,2020,12,11,17,20,67,67067,Rue du Plan d'Eau,48.709661,7.710831,Nuit avec éclairage allumé,En agglomération,Intersection en X,Pluie légère,Autre collision,4,2,2,0,1,1,2,0,1,50,1,2,1,0,1,0,23.0,,voiture,,5,2,2,2,6
202000035801,2020-01-11 16:00:00,2020,1,11,16,0,14,14143,1 Route de Saint Lô (caumont),49.0881656,-0.8166142,Plein jour,En agglomération,Intersection en T,Normale,Deux véhicules - côté,3,2,2,0,2,1,1,0,1,50,2,2,1,0,1,0,74.0,18.0,voiture,deux_roues,1,2,3,1,3
202000035802,2020-05-29 09:58:00,2020,5,29,9,58,31,31389,16 Route de Toulouse,43.632899,1.520107,Plein jour,Hors agglomération,Autre intersection,Normale,Deux véhicules - frontale,3,2,2,3,1,3,1,5,1,80,2,2,1,0,1,0,73.0,54.0,voiture,deux_roues,1,1,9,1,1
202000035803,2020-12-11 17:20:00,2020,12,11,17,20,63,63470,"rd 986,",45.882712,3.057123,Nuit sans éclairage public,Hors agglomération,Hors intersection,Pluie légère,Deux véhicules - frontale,3,2,2,0,1,1,2,0,1,80,2,4,0,1,3,0,21.0,36.0,voiture,voiture,3,1,1,2,1
202000035804,2020-01-12 13:15:00,2020,1,12,13,15,73,73128,Route du Bois de Crin,45.726224,5.91874,Plein jour,Hors agglomération,Intersection en Y,Normale,Sans collision,4,2,3,0,1,2,1,0,1,50,1,2,0,0,0,2,19.0,,deux_roues,,1,1,4,1,7
202000035805,2020-05-30 17:00:00,2020,5,30,17,0,972,97204,N2,14.700992,-61.181171,Plein jour,Hors agglomération,Hors intersection,Pluie légère,Deux véhicules - frontale,2,2,2,0,1,2,2,0,8,70,2,5,0,0,0,5,54.0,26.0,voiture,voiture,1,1,1,2,1
202000035806,2020-12-11 07:10:00,2020,12,11,7,10,73,73075,D202 Rte des Molettes,45.452462,6.061846,Crépuscule ou aube,Hors agglomération,Hors intersection,Normale,Autre collision,3,2,2,0,2,2,9,0,3,80,1,3,1,0,0,2,19.0,,voiture,,2,1,1,1,6
202000035807,2020-05-29 15:00:00,2020,5,29,15,0,29,29204,N12,48.499748,-4.181629,Plein jour,Hors agglomération,Hors intersection,Normale,Deux véhicules - arrière,2,3,2,0,2,1,1,0,1,110,2,2,1,0,1,0,58.0,52.0,voiture,utilitaire_camion,1,1,1,1,2
202000035808,2020-01-12 02:05:00,2020,1,12,2,5,21,21412,D18,46.956327,4.816311,Nuit sans éclairage public,Hors agglomération,Hors intersection,Normale,Autre collision,3,2,2,0,1,2,2,0,3,80,1,1,0,0,1,0,30.0,,voiture,,3,1,1,1,6
202000035809,2020-12-09 16:00:00,2020,12,9,16,0,38,38382,Route de Lyon,45.242684,5.670619,Plein jour,En agglomération,Intersection à plus de 4 branches,Normale,Deux véhicules - côté,3,1,2,0,1,1,1,0,1,50,2,2,1,0,0,1,23.0,91.0,voiture,voiture,1,2,5,1,3
202000035810,2020-01-12 02:15:00,2020,1,12,2,15,27,27100,Route d'Honfleur,49.366182,0.403695,Nuit avec éclairage allumé,En agglomération,Hors intersection,Normale,Deux véhicules - arrière,3,2,2,0,1,1,1,0,1,50,2,3,2,0,0,1,42.0,29.0,utilitaire_camion,deux_roues,5,2,1,1,2
202000035811,2020-05-31 11:40:00,2020,5,31,11,40,60,60448,D936,49.125202,3.069949,Plein jour,Hors agglomération,Hors intersection,Normale,Sans collision,3,2,2,0,1,2,1,0,3,80,1,2,1,0,0,1,55.0,,deux_roues,,1,1,1,1,7
202000035812,2020-01-11 18:05:00,2020,1,11,18,5,17,17350,D939,45.938204,-0.481513,Nuit avec éclairage allumé,Hors agglomération,Giratoire,Normale,Autre collision,3,2,2,0,1,1,1,0,3,80,1,1,0,0,1,0,50.0,,voiture,,5,1,6,1,6
202000035813,2020-01-12 18:15:00,2020,1,12,18,15,37,37002,D49,47.4183099,0.4288723,Nuit sans éclairage public,Hors agglomération,Hors intersection,Temps couvert,Sans collision,3,2,2,0,1,4,2,0,1,80,1,1,0,0,1,0,46.0,,deux_roues,,3,1,1,8,7
202000035814,2020-12-09 12:05:00,2020,12,9,12,5,26,26037,Chemin des Saviaux,44.870947,4.943027,Plein jour,Hors agglomération,Hors intersection,Normale,Deux véhicules - frontale,3,2,2,0,1,1,1,0,1,80,2,2,0,0,1,1,29.0,82.0,voiture,voiture,1,1,1,1,1
202000035815,2020-05-31 10:30:00,2020,5,31,10,30,30,30175,Route de Barjac,44.27497,4.410796,Plein jour,Hors agglomération,Hors intersection,Normale,Sans collision,3,2,2,0,4,4,1,0,1,80,1,2,0,0,1,1,63.0,,deux_roues,,1,1,1,1,7
202000035816,2020-01-11 16:00:00,2020,1,11,16,0,30,30336,D183,43.843839,4.632015,Plein jour,Hors agglomération,Hors intersection,Normale,Sans collision,3,2,2,0,1,1,1,0,1,80,1,1,0,1,0,0,74.0,,voiture,,1,1,1,1,7