accident_id,datetime,annee,mois,jour,heure,minute,departement,commune_insee,adresse,latitude,longitude,luminosite,agglomeration,intersection,meteo,collision,catr,circ,nbv,vosp,prof,plan,surf,infra,situ,vma,nb_vehicules,nb_usagers,nb_indemnes,nb_tues,nb_blesses_hosp,nb_blesses_legers,age_cond_1,age_cond_2,veh_type_cond_1,veh_type_cond_2,lum_code,agg_code,int_code,atm_code,col_code
202000036001,2020-07-03 12:00:00,2020,7,3,12,0,978,97801,Devant le n°61 - Route de Cul de Sac,18.099518,-63.031483,Plein jour,En agglomération,Hors intersection,Normale,Deux véhicules - frontale,4,2,2,0,2,1,1,0,1,50,2,2,1,0,1,0,44.0,57.0,voiture,deux_roues,1,2,1,1,1
202000036002,2020-07-03 13:55:00,2020,7,3,13,55,69,69244,Avenue Général Brosset,45.757916,4.775995,Plein jour,En agglomération,Hors intersection,Normale,,4,2,3,0,1,1,1,0,1,50,2,3,2,0,0,1,46.0,21.0,voiture,voiture,1,2,1,1,-1
202000036003,2020-07-03 13:25:00,2020,7,3,13,25,77,77508,d 231,48.8191514,2.8188797,Plein jour,Hors agglomération,Giratoire,Normale,Deux véhicules - côté,3,2,1,0,1,3,1,0,1,80,2,3,1,0,1,1,76.0,55.0,voiture,utilitaire_camion,1,1,6,1,3
202000036004,2020-07-04 10:40:00,2020,7,4,10,40,66,66101,D612,42.617691,2.79031,Plein jour,Hors agglomération,Intersection en X,Temps éblouissant,Deux véhicules - côté,3,2,2,0,1,1,1,5,1,80,2,3,1,0,2,0,42.0,51.0,voiture,deux_roues,1,1,2,7,3
202000036005,2020-07-03 23:00:00,2020,7,3,23,0,34,34157,Avenue de Villeveyrac,43.442692,3.600994,Nuit sans éclairage public,Hors agglomération,Hors intersection,Normale,Autre collision,3,2,2,0,1,1,1,0,3,70,1,1,0,1,0,0,31.0,,voiture,,3,1,1,1,6
202000036006,2020-07-03 14:35:00,2020,7,3,14,35,83,83107,Route Depart 8 Col du Bougnon,43.365656,6.674538,Plein jour,Hors agglomération,Hors intersection,Normale,Deux véhicules - arrière,3,2,2,0,2,2,1,0,1,80,2,2,1,0,0,1,48.0,40.0,deux_roues,voiture,1,1,1,1,2
202000036007,2020-07-03 19:40:00,2020,7,3,19,40,70,70528,Rue de l'Eglise,47.419972,5.703223,Plein jour,En agglomération,Hors intersection,Normale,Deux véhicules - arrière,4,2,1,0,1,1,1,0,1,-1,2,1,0,0,0,1,12.0,,deux_roues,,1,2,1,1,2
202000036008,2020-07-04 16:10:00,2020,7,4,16,10,70,70262,RN19,47.666435,6.3783359,Plein jour,Hors agglomération,Hors intersection,Normale,Autre collision,2,2,2,0,2,2,1,0,3,80,1,2,0,1,1,0,60.0,,deux_roues,,1,1,1,1,6
202000036009,2020-07-04 14:15:00,2020,7,4,14,15,71,71360,rue de la poste,46.3226257,4.7435442,Plein jour,En agglomération,Hors intersection,Temps éblouissant,Deux véhicules - côté,3,2,2,0,1,1,1,0,1,50,2,3,1,0,1,1,31.0,36.0,voiture,deux_roues,1,2,1,7,3
202000036010,2020-07-03 23:00:00,2020,7,3,23,0,54,54336,rue sans nom,48.587651,6.072865,Nuit sans éclairage public,Hors agglomération,Hors intersection,Normale,Sans collision,9,-1,2,0,2,2,1,0,3,40,1,5,3,0,1,1,19.0,,voiture,,3,1,1,1,7
202000036011,2020-07-04 15:45:00,2020,7,4,15,45,03,03102,Les Petits Prélots,46.5054164,3.6584711,Plein jour,Hors agglomération,Intersection en Y,Normale,Sans collision,4,2,2,0,2,3,1,0,1,80,1,2,1,0,0,1,65.0,,deux_roues,,1,1,4,1,7
202000036012,2020-07-04 17:40:00,2020,7,4,17,40,01,01142,1121 Rue de Genève,45.850888,5.075981,Plein jour,En agglomération,Hors intersection,Temps éblouissant,Deux véhicules - côté,3,2,2,0,1,1,1,0,1,50,2,3,2,0,0,1,17.0,48.0,deux_roues,voiture,1,2,1,7,3
202000036013,2020-07-03 18:10:00,2020,7,3,18,10,69,69249,LA MARTINIERE D EN HAUT,45.671314,4.605846,Plein jour,Hors agglomération,Hors intersection,Normale,Autre collision,3,2,3,0,2,2,1,0,1,-1,1,1,0,0,1,0,24.0,,deux_roues,,1,1,1,1,6
202000036014,2020-07-03 17:00:00,2020,7,3,17,0,31,31381,17 Route de Montbrun,43.456064,1.555571,Plein jour,Hors agglomération,Giratoire,Normale,Sans collision,3,2,2,0,1,1,1,0,1,80,1,1,0,0,1,0,59.0,,deux_roues,,1,1,6,1,7
202000036015,2020-06-27 10:20:00,2020,6,27,10,20,31,31395,33 Avenue Roger Tissandié,43.461099,1.337142,Plein jour,En agglomération,Hors intersection,Normale,Deux véhicules - frontale,3,2,2,0,2,3,1,0,1,50,2,2,1,0,1,0,70.0,59.0,voiture,voiture,1,2,1,1,1
202000036016,2020-07-03 20:40:00,2020,7,3,20,40,85,85112,La Saint Pierre,46.584291,-1.761954,Plein jour,Hors agglomération,Intersection en T,Normale,Deux véhicules - côté,3,2,2,0,2,3,1,0,1,80,2,2,1,0,0,1,65.0,20.0,voiture,deux_roues,1,1,3,1,3
202000036017,2020-07-04 12:10:00,2020,7,4,12,10,35,35004,Val-Couesnon,48.4689851,-1.5121513,Plein jour,Hors agglomération,Hors intersection,Pluie légère,Autre collision,3,2,3,0,2,2,2,0,3,80,1,1,0,0,1,0,31.0,,deux_roues,,1,1,1,2,6
202000036018,2020-07-04 13:00:00,2020,7,4,13,0,60,60065,Rue de Noailles,49.339934,2.209963,Plein jour,Hors agglomération,Hors intersection,Pluie légère,Deux véhicules - côté,4,-1,2,0,1,2,2,0,1,80,2,2,1,0,1,0,58.0,38.0,deux_roues,voiture,1,1,1,2,3
202000036019,2020-07-03 19:30:00,2020,7,3,19,30,59,59581,88 Rue du Saule,50.702407,2.774606,Plein jour,En agglomération,Hors intersection,Normale,Deux véhicules - frontale,3,2,2,0,1,3,1,0,1,50,2,2,0,1,1,0,71.0,30.0,voiture,voiture,1,2,1,1,1
202000036020,2020-06-30 07:13:00,2020,6,30,7,13,13,13005,A501-Sens Pont de l'Etoile vers Aubagne,43.30331,5.56942,Crépuscule ou aube,Hors agglomération,Autre intersection,Normale,Deux véhicules - arrière,1,3,2,0,2,1,1,3,1,90,2,2,1,0,0,1,35.0,34.0,voiture,voiture,2,1,9,1,2
202000036021,2020-07-01 15:35:00,2020,7,1,15,35,83,83069,RN98,43.12312,6.09686,Plein jour,Hors agglomération,Hors intersection,Normale,Deux véhicules - frontale,2,3,5,0,1,1,1,3,1,90,2,2,0,0,0,2,56.0,78.0,utilitaire_camion,voiture,1,1,1,1,1
202000036022,2020-07-01 23:30:00,2020,7,1,23,30,59,59507,AUTOROUTE A1,50.6074542,3.0961771,Nuit sans éclairage public,Hors agglomération,Hors intersection,Normale,Trois véhicules et plus - en chaîne,1,3,5,0,1,1,1,0,1,90,3,3,1,0,2,0,27.0,46.0,voiture,voiture,3,1,1,1,4
202000036023,2020-07-03 19:30:00,2020,7,3,19,30,91,91064,RN 118,48.7547,2.2236,Plein jour,Hors agglomération,Hors intersection,Normale,Deux véhicules - côté,2,3,4,0,1,1,1,0,1,90,2,2,1,0,0,1,36.0,36.0,deux_roues,voiture,1,1,1,1,3
202000036024,2020-07-03 16:50:00,2020,7,3,16,50,91,91570,RN 104,48.6254,2.3359,Plein jour,Hors agglomération,Hors intersection,Normale,Deux véhicules - arrière,2,3,4,0,1,1,1,0,1,110,2,4,1,0,0,3,26.0,76.0,voiture,voiture,1,1,1,1,2
202000036025,2020-07-03 07:35:00,2020,7,3,7,35,91,91286,AUTOROUTE A6,48.6462,2.3882,Plein jour,Hors agglomération,Hors intersection,Normale,Deux véhicules - côté,1,3,6,0,1,1,1,9,1,70,2,2,1,0,0,1,28.0,59.0,voiture,deux_roues,1,1,1,1,3
202000036026,2020-07-03 04:50:00,2020,7,3,4,50,91,91617,RN 104,48.6324,2.5291,Crépuscule ou aube,Hors agglomération,Hors intersection,Normale,Sans collision,2,1,2,0,1,1,1,0,1,110,1,1,0,0,0,1,28.0,,deux_roues,,2,1,1,1,7
202000036027,2020-07-02 23:38:00,2020,7,2,23,38,94,94065,AUTOROUTE A86,48.75475,2.344,Nuit avec éclairage allumé,Hors agglomération,Hors intersection,Normale,Deux véhicules - côté,2,3,8,0,1,1,1,0,1,90,2,2,1,0,0,1,33.0,29.0,voiture,deux_roues,5,1,1,1,3
202000036028,2020-07-02 23:50:00,2020,7,2,23,50,94,94034,AUTOROUTE A86,48.75544,2.34307,Nuit avec éclairage allumé,Hors agglomération,Autre intersection,Normale,Deux véhicules - arrière,2,1,8,0,1,3,1,3,1,70,2,3,2,0,0,1,34.0,51.0,deux_roues,voiture,5,1,9,1,2
202000036029,2020-07-02 11:25:00,2020,7,2,11,25,78,78140,A13,48.958778,1.933183,Plein jour,Hors agglomération,Hors intersection,Normale,Deux véhicules - côté,1,-1,3,0,1,1,1,0,1,110,2,2,1,0,0,1,50.0,26.0,voiture,voiture,1,1,1,1,3
202000036030,2020-07-03 20:00:00,2020,7,3,20,0,95,95527, A1,48.988634,2.509302,Plein jour,Hors agglomération,Hors intersection,Normale,Deux véhicules - côté,1,3,3,0,1,1,1,0,1,110,2,2,1,0,0,1,48.0,38.0,deux_roues,voiture,1,1,1,1,3
202000036031,2020-07-03 12:45:00,2020,7,3,12,45,93,93005,AUTOROUTE A1,48.96118,2.46897,Plein jour,Hors agglomération,Hors intersection,Normale,Deux véhicules - arrière,1,3,9,0,1,1,1,0,1,110,2,2,0,0,0,2,59.0,71.0,utilitaire_camion,voiture,1,1,1,1,2
202000036032,2020-07-03 08:30:00,2020,7,3,8,30,95,95488, A15,49.02455,2.13235,Plein jour,Hors agglomération,Hors intersection,Normale,Deux véhicules - arrière,1,3,6,0,1,1,1,0,1,110,2,2,1,0,0,1,24.0,38.0,deux_roues,voiture,1,1,1,1,2
202000036033,2020-07-03 16:30:00,2020,7,3,16,30,94,94017,A4,48.82925,2.49934,Plein jour,Hors agglomération,Hors intersection,Normale,,1,-1,5,0,1,1,1,0,1,90,2,2,1,0,0,1,54.0,56.0,voiture,utilitaire_camion,1,1,1,1,-1
202000036034,2020-07-03 09:10:00,2020,7,3,9,10,77,77468,A104,48.8476848,2.6620341,Plein jour,Hors agglomération,Hors intersection,Normale,Deux véhicules - arrière,1,-1,3,0,1,1,1,0,1,90,2,2,1,0,0,1,53.0,25.0,voiture,utilitaire_camion,1,1,1,1,2
202000036035,2020-01-29 09:45:00,2020,1,29,9,45,86,86066,Rue de la Grande eau,46.82125,0.5487,Plein jour,En agglomération,Intersection en Y,Normale,Deux véhicules - frontale,4,-1,2,0,2,1,2,1,1,50,2,4,2,0,0,2,32.0,55.0,voiture,voiture,1,2,4,1,1
202000036036,2020-07-01 11:50:00,2020,7,1,11,50,987,98735,CHESSE ( RUE),-17.5290246,-149.5611477,Plein jour,En agglomération,Intersection en T,Normale,Deux véhicules - côté,4,2,2,0,1,1,1,0,1,30,2,2,1,0,1,0,71.0,72.0,voiture,deux_roues,1,2,3,1,3
202000036037,2020-07-01 11:20:00,2020,7,1,11,20,974,97416,PERE MAITRE(RUE DU),-21.28471,55.46839,Plein jour,En agglomération,Hors intersection,Normale,Sans collision,4,2,2,0,2,1,1,9,1,30,1,2,1,0,0,1,67.0,,voiture,,1,2,1,1,7
202000036038,2020-07-01 10:35:00,2020,7,1,10,35,974,97416,FOUR A CHAUX(RUE DU),-21.34169,55.47251,Plein jour,En agglomération,Hors intersection,Normale,Autre collision,4,1,2,0,1,1,1,0,1,50,1,2,1,0,1,0,59.0,,utilitaire_camion,,1,2,1,1,6
202000036039,2020-07-02 15:10:00,2020,7,2,15,10,973,97302,LEBLOND (ROND POINT),4.9215409,-52.3297477,Plein jour,Hors agglomération,Hors intersection,Normale,Deux véhicules - côté,2,2,2,0,1,1,1,0,1,50,2,2,1,0,0,1,21.0,61.0,voiture,deux_roues,1,1,1,1,3
202000036040,2020-07-02 16:32:00,2020,7,2,16,32,973,97302,MADELEINE (ROUTE DE LA),4.91728,-52.32142,Plein jour,En agglomération,Hors intersection,Normale,Trois véhicules et plus - collisions multiples,3,2,2,0,1,1,1,0,1,50,4,4,2,1,0,1,27.0,54.0,deux_roues,voiture,1,2,1,1,5
202000036041,2020-07-02 13:58:00,2020,7,2,13,58,973,97302,MARINGOUINS (ROND-POINT),4.9071806,-52.3226582,Plein jour,Hors agglomération,Giratoire,Normale,Deux véhicules - arrière,2,2,2,0,1,1,1,9,1,50,2,2,1,0,0,1,57.0,,deux_roues,,1,1,6,1,2
202000036042,2020-07-02 18:15:00,2020,7,2,18,15,69,69383,FEUILLAT                            (R ),45.74446,4.87459,Plein jour,En agglomération,Autre intersection,Normale,Deux véhicules - côté,4,1,1,0,1,1,1,0,1,50,2,2,1,0,0,1,31.0,53.0,voiture,deux_roues,1,2,9,1,3
202000036043,2020-07-02 00:15:00,2020,7,2,0,15,69,69199,MATHIEU DUSSURGEY                   (R ),45.7122084,4.8602882,Nuit avec éclairage allumé,En agglomération,Hors intersection,Normale,Autre collision,4,-1,2,0,1,1,1,0,8,30,1,2,0,0,1,1,37.0,,voiture,,5,2,1,1,6
202000036044,2020-06-20 19:00:00,2020,6,20,19,0,69,69384,PHILIPPE DE LASSALLE                (R ),45.77481,4.82114,Plein jour,En agglomération,Hors intersection,Normale,Deux véhicules - arrière,4,2,2,0,1,1,1,0,1,50,2,2,1,0,0,1,26.0,21.0,voiture,deux_roues,1,2,1,1,2
202000036045,2020-07-01 11:45:00,2020,7,1,11,45,69,69152,EUROPE (DE L')                      (BD),45.6976,4.8248,Plein jour,En agglomération,Hors intersection,Normale,Deux véhicules - arrière,3,3,1,0,1,1,1,0,1,50,2,3,1,0,0,2,56.0,64.0,utilitaire_camion,utilitaire_camion,1,2,1,1,2
202000036046,2020-07-02 08:25:00,2020,7,2,8,25,69,69034,GENERAL DE GAULLE                   (AV),45.8083,4.8564,Plein jour,En agglomération,Hors intersection,Normale,Deux véhicules - arrière,4,2,2,0,1,1,1,0,1,50,2,2,1,0,0,1,42.0,14.0,voiture,deux_roues,1,2,1,1,2
202000036047,2020-06-30 20:10:00,2020,6,30,20,10,69,69382,BELLECOUR                           (PL),45.7587,4.8309,Plein jour,En agglomération,Hors intersection,Normale,Deux véhicules - côté,4,1,3,1,1,2,1,0,5,50,2,2,1,0,1,0,67.0,21.0,voiture,deux_roues,1,2,1,1,3
202000036048,2020-06-18 16:40:00,2020,6,18,16,40,89,89387,VERDUN (BOULEVARD DE),48.2017424,3.2977826,Plein jour,En agglomération,Intersection en X,Normale,Deux véhicules - côté,3,2,2,0,4,1,1,2,1,50,2,2,1,0,0,1,15.0,81.0,deux_roues,voiture,1,2,2,1,3
202000036049,2020-06-17 10:55:00,2020,6,17,10,55,89,89387,JEAN JAURES (PLACE),48.1994,3.2841,Plein jour,En agglomération,Hors intersection,Normale,Autre collision,4,3,2,0,1,2,1,5,1,50,1,2,1,0,0,1,39.0,,voiture,,1,2,1,1,6
202000036050,2020-07-01 22:30:00,2020,7,1,22,30,87,87085,PISSARO (RUE CAMILLE),45.85474,1.27376,Nuit avec éclairage allumé,En agglomération,Intersection en X,Normale,Deux véhicules - côté,4,2,2,0,2,1,1,5,1,50,2,2,1,0,0,1,22.0,,voiture,,5,2,2,1,3
202000036051,2020-07-01 19:15:00,2020,7,1,19,15,83,83141,ARCS(ROUTE DES),43.48942,6.48375,Plein jour,Hors agglomération,Autre intersection,Normale,Deux véhicules - côté,3,3,3,3,1,1,1,0,1,70,2,2,1,0,1,0,18.0,19.0,deux_roues,voiture,1,1,9,1,3
202000036052,2020-06-30 23:47:00,2020,6,30,23,47,78,78646,SAINT CYR (ROUTE DE),48.80239,2.11251,Nuit avec éclairage allumé,Hors agglomération,Hors intersection,Normale,Autre collision,3,2,7,0,1,1,1,0,5,70,1,1,0,0,1,0,50.0,,deux_roues,,5,1,1,1,6
202000036053,2020-06-29 18:15:00,2020,6,29,18,15,77,77169,BRIARDE (ALLEE DE LA),48.82051,2.613,Plein jour,En agglomération,Hors intersection,Normale,Deux véhicules - côté,4,2,2,0,1,1,1,0,1,50,2,2,1,0,0,1,22.0,48.0,deux_roues,voiture,1,2,1,1,3
202000036054,2020-07-01 22:11:00,2020,7,1,22,11,76,76231,JAURES. RUE JEAN,49.287,1.0088,Nuit avec éclairage allumé,En agglomération,Giratoire,Normale,Deux véhicules - côté,3,2,2,0,1,2,1,0,1,50,2,2,1,0,0,1,45.0,25.0,voiture,deux_roues,5,2,6,1,3
202000036055,2020-07-01 10:00:00,2020,7,1,10,0,76,76402,RN 27 (ROUTE DE DIEPPE),49.5221,1.04,Plein jour,En agglomération,Hors intersection,Pluie légère,Trois véhicules et plus - collisions multiples,3,2,2,0,1,1,2,0,1,50,3,3,2,0,1,0,56.0,67.0,utilitaire_camion,voiture,1,2,1,2,5
202000036056,2020-07-01 16:00:00,2020,7,1,16,0,76,76305,INDUSTRIELLE (ROUTE),49.4877,0.2105,Plein jour,En agglomération,Hors intersection,Normale,Autre collision,4,3,6,0,1,1,1,0,2,70,1,1,0,0,0,1,58.0,,deux_roues,,1,2,1,1,6
202000036057,2020-07-02 12:15:00,2020,7,2,12,15,71,71059,CREUSOT (RUE DU),46.8017086,4.4748881,Plein jour,En agglomération,Hors intersection,Normale,Deux véhicules - frontale,3,2,2,0,1,1,1,0,1,50,2,2,1,0,0,1,59.0,57.0,voiture,voiture,1,2,1,1,1
202000036058,2020-07-01 08:55:00,2020,7,1,8,55,71,71076,MATHIAS (PLACE),46.7858571,4.8581334,Plein jour,En agglomération,Hors intersection,Normale,Autre collision,4,-1,2,0,1,1,1,0,1,50,1,2,1,0,0,1,59.0,,voiture,,1,2,1,1,6
202000036059,2020-07-01 21:45:00,2020,7,1,21,45,67,67482,VIEUX MARCHE AUX VINS (PETITE RUE DU),48.58385,7.74148,Nuit avec éclairage allumé,En agglomération,Place,Normale,Deux véhicules - côté,4,1,1,0,1,1,1,0,1,50,2,2,1,0,0,1,58.0,45.0,voiture,deux_roues,5,2,7,1,3
202000036060,2020-07-01 16:30:00,2020,7,1,16,30,67,67482,RENARDS (RUE DES),48.5928124,7.7186699,Plein jour,En agglomération,Hors intersection,Normale,Deux véhicules - côté,4,1,2,1,1,1,1,0,1,30,2,2,1,0,0,1,30.0,25.0,deux_roues,voiture,1,2,1,1,3
202000036061,2020-07-01 14:20:00,2020,7,1,14,20,67,67482,PAUL BATIMENT (rue),48.5427917,7.7761729,Plein jour,En agglomération,Hors intersection,Normale,Deux véhicules - côté,4,2,2,0,1,1,1,0,1,50,2,2,1,0,0,1,10.0,38.0,deux_roues,voiture,1,2,1,1,3
202000036062,2020-07-02 10:35:00,2020,7,2,10,35,66,66136,LANGUEDOC (AVENUE DU CD 88),42.72535,2.88747,Plein jour,En agglomération,Hors intersection,Normale,Autre collision,4,2,2,0,1,1,1,0,1,50,1,2,1,0,0,1,22.0,,voiture,,1,2,1,1,6
202000036063,2020-07-01 12:19:00,2020,7,1,12,19,66,66136,SAINT CHARLES (ROCADE),42.697336,2.860867,Plein jour,En agglomération,Hors intersection,Normale,Autre collision,3,3,2,0,1,1,1,0,1,50,1,2,1,0,0,1,58.0,,deux_roues,,1,2,1,1,6
202000036064,2020-07-02 09:25:00,2020,7,2,9,25,64,64284,18 JUIN 1940 DU,43.27993,-0.39003,Plein jour,En agglomération,Hors intersection,Pluie légère,Trois véhicules et plus - en chaîne,3,2,2,0,1,1,2,8,1,50,4,4,3,0,0,1,84.0,30.0,voiture,voiture,1,2,1,2,4
202000036065,2020-07-02 11:05:00,2020,7,2,11,5,64,64102,SOULT (AVENUE MARECHAL),43.485541,-1.492241,Plein jour,En agglomération,Hors intersection,Pluie légère,Deux véhicules - arrière,3,3,4,0,2,1,2,0,1,50,2,4,2,0,0,2,30.0,23.0,voiture,voiture,1,2,1,2,2
202000036066,2020-06-30 20:15:00,2020,6,30,20,15,64,64102,ALSACE LORRAINE (BOULEVARD),43.4916,-1.4641,Plein jour,En agglomération,Giratoire,Normale,Deux véhicules - côté,4,2,2,0,1,1,1,0,1,50,2,2,1,0,0,1,22.0,65.0,deux_roues,voiture,1,2,6,1,3
202000036067,2020-06-28 17:25:00,2020,6,28,17,25,62,62193,LOIRE (QUAI DE LA),50.96246,1.86269,Plein jour,En agglomération,Hors intersection,Normale,Deux véhicules - côté,4,2,2,0,1,1,1,0,1,50,2,3,1,0,1,1,35.0,18.0,utilitaire_camion,deux_roues,1,2,1,1,3
202000036068,2020-06-30 17:45:00,2020,6,30,17,45,60,60665,RN 1031,49.42105,2.79567,Plein jour,Hors agglomération,Hors intersection,Normale,Sans collision,2,3,4,0,1,1,1,0,1,110,1,1,0,1,0,0,22.0,,deux_roues,,1,1,1,1,7
202000036069,2020-07-02 20:30:00,2020,7,2,20,30,59,59599,MALCENSE (RUE DE LA),50.72936,3.16439,Plein jour,En agglomération,Intersection en X,Normale,Deux véhicules - côté,4,-1,2,0,1,1,1,0,1,50,2,2,1,0,1,0,20.0,42.0,deux_roues,voiture,1,2,2,1,3
202000036070,2020-07-01 13:35:00,2020,7,1,13,35,56,56098,LUMIERE (RUE  DES FRERES ),47.76696,-3.33017,Plein jour,En agglomération,Hors intersection,Normale,Autre collision,4,2,2,0,1,1,1,0,1,50,1,2,0,0,0,2,42.0,,voiture,,1,2,1,1,6
202000036071,2020-06-30 15:20:00,2020,6,30,15,20,56,56098,JAURES (RUE  JEAN ),47.76881,-3.35245,Plein jour,En agglomération,Intersection en T,Normale,Deux véhicules - côté,3,2,2,0,1,1,1,0,1,50,2,2,1,0,0,1,45.0,16.0,voiture,deux_roues,1,2,3,1,3
202000036072,2020-05-30 04:10:00,2020,5,30,4,10,54,54036,LIBERATION (RUE DE LA),49.28684,5.96365,Nuit avec éclairage allumé,En agglomération,Hors intersection,Normale,Autre collision,4,2,2,0,1,1,1,0,1,50,1,4,3,0,1,0,19.0,,voiture,,5,2,1,1,6
202000036073,2020-06-30 13:50:00,2020,6,30,13,50,50,50475,COTENTIN (avenue du),49.1286,-1.0938,Plein jour,En agglomération,Intersection en X,Temps couvert,Deux véhicules - côté,3,2,2,0,1,1,1,5,1,50,2,2,1,0,0,1,46.0,66.0,utilitaire_camion,voiture,1,2,2,8,3
202000036074,2020-06-29 17:00:00,2020,6,29,17,0,50,50173,SALENGRO (RUE ROGER),49.65041,-1.65146,Plein jour,En agglomération,Intersection en X,Normale,Autre collision,4,2,2,0,1,1,1,5,1,50,1,2,1,0,1,0,49.0,,transport_commun,,1,2,2,1,6
202000036075,2020-07-01 09:38:00,2020,7,1,9,38,49,49007,LARREY,47.4793,-0.5556,Plein jour,En agglomération,Hors intersection,Normale,Deux véhicules - côté,4,2,2,0,1,1,1,0,1,60,2,2,1,0,0,1,43.0,22.0,deux_roues,voiture,1,2,1,1,3
202000036076,2020-07-02 17:30:00,2020,7,2,17,30,45,45286,D951 PR 89 + 560-Route de Sandillon,47.8837922,1.9306004,Plein jour,En agglomération,Autre intersection,Temps couvert,Deux véhicules - côté,3,2,2,0,1,1,1,0,1,50,2,2,1,0,0,1,51.0,29.0,deux_roues,utilitaire_camion,1,2,9,8,3
202000036077,2020-05-18 21:50:00,2020,5,18,21,50,43,43157,BERTRAND (BD. PRESIDENT),45.0371561,3.8877439,Nuit avec éclairage allumé,En agglomération,Hors intersection,Normale,Deux véhicules - arrière,4,2,2,0,2,1,1,0,1,50,2,2,1,0,0,1,63.0,49.0,deux_roues,voiture,5,2,1,1,2
202000036078,2020-07-02 09:00:00,2020,7,2,9,0,38,38185,Rue Nicolas Chorier,45.18594,5.71653,Plein jour,En agglomération,Intersection en X,Normale,Deux véhicules - côté,4,1,2,1,1,1,1,0,1,50,2,2,1,0,0,1,72.0,51.0,deux_roues,voiture,1,2,2,1,3
202000036079,2020-07-02 17:50:00,2020,7,2,17,50,33,33063,Cours Charles Bricaud,44.8885,-0.56008,Plein jour,En agglomération,Giratoire,Normale,Deux véhicules - côté,4,2,6,2,1,1,1,0,1,50,2,2,1,0,0,1,56.0,65.0,deux_roues,voiture,1,2,6,1,3
202000036080,2020-07-02 17:05:00,2020,7,2,17,5,33,33529,CUREPIPE (BD DE) DU 01 ET +,44.63771,-1.13422,Plein jour,En agglomération,Hors intersection,Normale,Deux véhicules - arrière,3,2,2,0,2,1,1,2,1,50,2,2,1,0,0,1,27.0,24.0,voiture,utilitaire_camion,1,2,1,1,2
202000036081,2020-07-01 17:15:00,2020,7,1,17,15,31,31555,AV LOUIS BAZERQUES,43.57598,1.39532,Plein jour,En agglomération,Hors intersection,Normale,Deux véhicules - arrière,4,1,1,0,1,1,1,0,1,50,2,3,1,0,0,2,18.0,36.0,voiture,deux_roues,1,2,1,1,2
202000036082,2020-07-01 14:35:00,2020,7,1,14,35,31,31555,AV JEAN ZAY,43.652043,1.425402,Plein jour,En agglomération,Hors intersection,Normale,Deux véhicules - côté,4,2,2,0,1,1,1,0,1,50,2,2,1,0,0,1,44.0,22.0,voiture,deux_roues,1,2,1,1,3
202000036083,2020-07-02 22:35:00,2020,7,2,22,35,27,27701,RD 6015,49.24435,1.19359,Crépuscule ou aube,Hors agglomération,Hors intersection,Normale,Sans collision,3,2,3,0,2,1,1,0,1,80,1,1,0,0,0,1,42.0,,voiture,,2,1,1,1,7
202000036084,2020-06-25 11:00:00,2020,6,25,11,0,27,27375,BEAULIEU (RUE DE),49.20891,1.15749,Plein jour,En agglomération,Intersection en X,Normale,Autre collision,4,1,0,0,1,1,1,0,1,30,1,3,1,0,0,2,62.0,,voiture,,1,2,2,1,6
202000036085,2020-06-30 18:05:00,2020,6,30,18,5,27,27229,VERNON (RUE DE),49.03,1.1614,Plein jour,En agglomération,Hors intersection,Normale,Autre collision,4,2,2,0,2,1,1,0,1,50,1,2,1,0,0,1,37.0,,voiture,,1,2,1,1,6
202000036086,2020-06-30 13:00:00,2020,6,30,13,0,25,25056,LABBE RUE,47.23946,6.01217,Plein jour,En agglomération,Intersection en T,Normale,Deux véhicules - arrière,4,1,1,0,2,1,1,5,1,50,2,2,1,0,0,1,20.0,30.0,deux_roues,voiture,1,2,3,1,2
202000036087,2020-07-02 15:50:00,2020,7,2,15,50,17,17300,SUIRE   PONT LOUIS,46.15895,-1.147702,Plein jour,En agglomération,Intersection en X,Normale,Deux véhicules - côté,4,1,2,0,1,1,1,0,1,30,2,3,2,0,0,1,45.0,20.0,deux_roues,voiture,1,2,2,1,3
202000036088,2020-07-02 20:30:00,2020,7,2,20,30,14,14118,PIGACIERE (RUE DE LA),49.18829,-0.35978,Plein jour,En agglomération,Hors intersection,Normale,,4,2,3,0,1,1,1,0,1,50,2,3,2,0,0,1,19.0,28.0,voiture,deux_roues,1,2,1,1,-1
202000036089,2020-07-01 14:26:00,2020,7,1,14,26,14,14271,HARCOURT (AVENUE D'),49.15745,-0.36879,Plein jour,En agglomération,Hors intersection,Normale,Deux véhicules - arrière,3,2,2,0,1,1,1,0,1,50,2,2,1,0,0,1,28.0,62.0,voiture,deux_roues,1,2,1,1,2
202000036090,2020-07-01 23:00:00,2020,7,1,23,0,13,13103,RN 113,43.62007,5.0914,Nuit sans éclairage public,Hors agglomération,Hors intersection,Normale,Deux véhicules - arrière,3,2,2,0,1,1,1,0,1,80,2,4,1,0,0,3,24.0,17.0,voiture,voiture,3,1,1,1,2
202000036091,2020-07-02 11:45:00,2020,7,2,11,45,13,13207,RIVE NEUVE (QUAI),43.29227,5.36528,Plein jour,En agglomération,Hors intersection,Normale,Deux véhicules - côté,4,2,3,0,1,1,1,0,1,50,2,2,0,0,0,2,22.0,24.0,voiture,voiture,1,2,1,1,3
202000036092,2020-07-02 11:00:00,2020,7,2,11,0,13,13208,LOUIS BONNEFON (PLACE),43.254381,5.382167,Plein jour,En agglomération,Hors intersection,Normale,Deux véhicules - côté,4,1,2,0,1,2,1,0,1,50,2,2,1,0,0,1,85.0,50.0,voiture,deux_roues,1,2,1,1,3