accident_id,datetime,annee,mois,jour,heure,minute,departement,commune_insee,adresse,latitude,longitude,luminosite,agglomeration,intersection,meteo,collision,catr,circ,nbv,vosp,prof,plan,surf,infra,situ,vma,nb_vehicules,nb_usagers,nb_indemnes,nb_tues,nb_blesses_hosp,nb_blesses_legers,age_cond_1,age_cond_2,veh_type_cond_1,veh_type_cond_2,lum_code,agg_code,int_code,atm_code,col_code
202000036093,2020-07-02 00:30:00,2020,7,2,0,30,13,13214,SAINTE MARTHE (chemin),43.323581,5.389045,Nuit avec éclairage allumé,En agglomération,Intersection en T,Normale,Deux véhicules - côté,4,2,2,0,2,2,1,5,1,50,2,4,3,0,1,0,41.0,17.0,voiture,deux_roues,5,2,3,1,3
202000036094,2020-07-01 14:00:00,2020,7,1,14,0,10,10387,PAIX (RUE DE LA),48.30506,4.06615,Plein jour,En agglomération,Intersection en X,Normale,Deux véhicules - côté,4,2,2,0,1,1,1,0,1,50,2,2,1,0,0,1,20.0,30.0,deux_roues,voiture,1,2,2,1,3
202000036095,2020-07-02 20:00:00,2020,7,2,20,0,09,09122,LAKANAL (AVENUE),42.96303,1.60404,Plein jour,En agglomération,Hors intersection,Normale,Deux véhicules - frontale,3,2,-1,-1,1,1,1,0,1,-1,2,2,0,0,0,2,34.0,25.0,voiture,voiture,1,2,1,1,1
202000036096,2020-07-02 14:30:00,2020,7,2,14,30,06,06088,ROQUEBILLIERE (R. DE),43.708708,7.287649,Plein jour,En agglomération,Hors intersection,Normale,Deux véhicules - côté,4,2,4,0,1,1,1,0,1,50,2,3,2,0,1,0,45.0,45.0,voiture,utilitaire_camion,1,2,1,1,3
202000036097,2020-07-02 01:32:00,2020,7,2,1,32,06,06088,VOIE RAPIDE,43.684598,7.233428,Nuit avec éclairage allumé,En agglomération,Autre intersection,Normale,Autre collision,9,1,3,0,1,1,1,0,1,70,1,1,0,0,1,0,27.0,,voiture,,5,2,9,1,6
202000036098,2020-07-02 02:30:00,2020,7,2,2,30,06,06123,LIBERATION AVENUE DE LA,43.65562,7.15025,Nuit avec éclairage allumé,En agglomération,Hors intersection,Normale,Sans collision,7,1,1,0,1,2,1,0,1,50,1,1,0,0,0,1,26.0,,deux_roues,,5,2,1,1,7
202000036099,2020-07-01 17:53:00,2020,7,1,17,53,05,05023,SAVOIE (AVENUE DE),44.91661,6.62241,Plein jour,En agglomération,Intersection en Y,Normale,Deux véhicules - frontale,3,2,2,0,1,1,1,0,1,50,2,3,1,0,2,0,47.0,26.0,voiture,deux_roues,1,2,4,1,1
202000036100,2020-07-02 13:50:00,2020,7,2,13,50,75,75116,BOULEVARD PERIPHERIQUE,48.872906,2.274447,Plein jour,En agglomération,Hors intersection,Normale,Trois véhicules et plus - en chaîne,4,1,4,0,1,1,1,0,1,70,4,4,3,0,0,1,30.0,70.0,voiture,voiture,1,2,1,1,4
202000036101,2020-07-01 17:30:00,2020,7,1,17,30,75,75115,PORTE DE LA PLAINE,48.82788,2.29139,Plein jour,En agglomération,Hors intersection,Normale,Deux véhicules - côté,4,1,3,0,1,1,2,0,1,70,2,2,1,0,0,1,47.0,29.0,deux_roues,utilitaire_camion,1,2,1,1,3
202000036102,2020-07-01 08:30:00,2020,7,1,8,30,75,75117,BOULEVARD PERIPHERIQUE EXTERIEUR OUEST,48.900188,2.320781,Plein jour,En agglomération,Hors intersection,Normale,Deux véhicules - côté,4,1,4,0,1,1,1,0,1,70,2,2,1,0,0,1,47.0,37.0,deux_roues,voiture,1,2,1,1,3
202000036103,2020-07-02 12:35:00,2020,7,2,12,35,75,75105,RUE DAUBENTON,48.84112,2.35263,Plein jour,En agglomération,Intersection en X,Normale,Deux véhicules - côté,4,2,2,0,1,1,1,0,1,30,2,2,0,0,0,2,22.0,61.0,deux_roues,deux_roues,1,2,2,1,3
202000036104,2020-07-01 09:10:00,2020,7,1,9,10,75,75105,RUE DES FOSSES SAINT MARCEL,48.839043,2.356139,Plein jour,En agglomération,Hors intersection,Normale,Deux véhicules - frontale,4,2,2,1,2,1,1,-1,5,30,2,2,0,0,0,2,41.0,24.0,deux_roues,deux_roues,1,2,1,1,1
202000036105,2020-07-02 19:10:00,2020,7,2,19,10,75,75118,RUE RIQUET,48.890137,2.360631,Plein jour,En agglomération,Hors intersection,Normale,Autre collision,4,2,2,1,1,1,1,-1,5,30,1,2,1,0,0,1,35.0,,deux_roues,,1,2,1,1,6
202000036106,2020-07-02 20:20:00,2020,7,2,20,20,75,75114,AVENUE DU MAINE,48.830261,2.325892,Plein jour,En agglomération,Intersection en Y,Normale,Autre collision,4,2,4,0,1,1,1,0,1,50,1,2,1,0,0,1,22.0,,deux_roues,,1,2,4,1,6
202000036107,2020-07-02 15:35:00,2020,7,2,15,35,75,75114,RUE MOUTON DUVERNET,48.832422,2.325862,Plein jour,En agglomération,Intersection en X,Normale,Autre collision,4,2,2,0,1,1,1,8,1,30,1,2,1,0,0,1,38.0,,deux_roues,,1,2,2,1,6
202000036108,2020-07-02 08:16:00,2020,7,2,8,16,75,75114,PLACE VICTOR ET HELENE BASCH,48.827852,2.327057,Plein jour,En agglomération,Place,Temps couvert,Deux véhicules - côté,4,1,3,0,1,1,1,0,1,30,2,2,1,0,0,1,62.0,51.0,voiture,deux_roues,1,2,7,8,3
202000036109,2020-07-01 17:45:00,2020,7,1,17,45,75,75114,AVENUE DU GENERAL LECLERC,48.831657,2.330199,Plein jour,En agglomération,Hors intersection,Pluie forte,Sans collision,4,2,5,1,1,1,2,-1,5,50,1,1,0,0,0,1,50.0,,deux_roues,,1,2,1,3,7
202000036110,2020-07-02 17:40:00,2020,7,2,17,40,75,75113,AVENUE D ITALIE,48.828316,2.356615,Plein jour,En agglomération,Intersection en T,Normale,Deux véhicules - arrière,4,2,4,1,1,1,1,-1,5,50,2,2,1,0,0,1,21.0,42.0,voiture,deux_roues,1,2,3,1,2
202000036111,2020-07-02 10:30:00,2020,7,2,10,30,75,75101,RUE DE RIVOLI,48.859108,2.346431,Plein jour,En agglomération,Intersection en X,Normale,Sans collision,4,2,3,1,1,1,1,-1,5,30,1,1,0,0,0,1,71.0,,deux_roues,,1,2,2,1,7
202000036112,2020-07-01 09:00:00,2020,7,1,9,0,75,75104,QUAI DE L HOTEL DE VILLE,48.854368,2.354934,Plein jour,En agglomération,Intersection en X,Normale,Deux véhicules - arrière,4,2,4,0,1,1,1,0,1,50,2,2,1,0,0,1,27.0,51.0,deux_roues,utilitaire_camion,1,2,2,1,2
202000036113,2020-07-01 07:40:00,2020,7,1,7,40,94,94068,LOUIS BLANC (AV),48.789068,2.495277,Plein jour,En agglomération,Intersection en X,Pluie légère,Deux véhicules - frontale,3,2,2,0,1,1,2,6,1,50,2,2,1,0,0,1,25.0,37.0,voiture,deux_roues,1,2,2,2,1
202000036114,2020-07-02 14:30:00,2020,7,2,14,30,94,94042,MARECHAL LECLERC (BD DU),48.81671,2.46756,Plein jour,En agglomération,Autre intersection,Temps couvert,Autre collision,3,3,0,1,1,1,1,0,1,30,1,2,1,0,0,1,59.0,,deux_roues,,1,2,9,8,6
202000036115,2020-07-02 19:15:00,2020,7,2,19,15,94,94003,AUGUSTE DELAUNE (R),48.80198,2.33827,Plein jour,En agglomération,Hors intersection,Normale,Deux véhicules - côté,4,2,2,0,1,1,1,0,1,50,2,2,1,0,0,1,27.0,26.0,voiture,deux_roues,1,2,1,1,3
202000036116,2020-07-02 08:00:00,2020,7,2,8,0,94,94076,PRESIDENT ALLENDE (AV DU),48.79732,2.348902,Plein jour,En agglomération,Hors intersection,Pluie légère,Trois véhicules et plus - en chaîne,3,2,2,0,2,1,2,0,1,50,3,4,3,0,0,1,49.0,22.0,voiture,voiture,1,2,1,2,4
202000036117,2020-07-02 08:45:00,2020,7,2,8,45,94,94022,ANATOLE FRANCE (AV),48.76049,2.411649,Crépuscule ou aube,En agglomération,Intersection en X,Temps couvert,Autre collision,4,2,1,0,1,1,1,0,1,30,1,6,4,0,0,2,45.0,,voiture,,2,2,2,8,6
202000036118,2020-07-02 17:10:00,2020,7,2,17,10,93,93078,AV DES NATIONS,48.97283,2.51084,Plein jour,En agglomération,Hors intersection,Normale,Deux véhicules - côté,4,3,4,2,1,1,1,0,1,50,2,2,1,0,0,1,46.0,44.0,voiture,deux_roues,1,2,1,1,3
202000036119,2020-06-30 13:30:00,2020,6,30,13,30,93,93066,MOCQUET GUY,48.9411054,2.3619584,Plein jour,En agglomération,Hors intersection,Normale,Autre collision,4,2,2,0,1,1,1,0,8,50,1,2,1,0,0,1,73.0,,voiture,,1,2,1,1,6
202000036120,2020-07-02 13:35:00,2020,7,2,13,35,93,93053,ANATOLE FRANCE (RUE),48.8883998,2.4504838,Plein jour,En agglomération,Intersection en X,Normale,Deux véhicules - côté,3,2,2,0,2,1,1,0,1,10,2,2,1,0,0,1,23.0,32.0,voiture,deux_roues,1,2,2,1,3
202000036121,2020-07-02 07:45:00,2020,7,2,7,45,93,93048,R DE PARIS,48.85673,2.4285,Plein jour,En agglomération,Hors intersection,Normale,Deux véhicules - arrière,3,2,2,0,1,1,1,0,1,50,2,2,1,0,0,1,53.0,51.0,utilitaire_camion,voiture,1,2,1,1,2
202000036122,2020-07-02 15:40:00,2020,7,2,15,40,93,93046,JEAN JAURES BOULEVARD,48.9211595,2.5257617,Plein jour,En agglomération,Autre intersection,Normale,Deux véhicules - côté,3,1,2,1,1,1,1,0,1,50,2,2,1,0,0,1,40.0,,voiture,,1,2,9,1,3
202000036123,2020-07-02 17:45:00,2020,7,2,17,45,93,93010,GROSLAY (CHEM. DE),48.9115858,2.4749583,Plein jour,En agglomération,Autre intersection,Normale,Deux véhicules - côté,4,-1,2,0,1,1,1,0,1,50,2,2,1,0,0,1,58.0,17.0,voiture,deux_roues,1,2,9,1,3
202000036124,2020-07-02 12:05:00,2020,7,2,12,5,93,93001,R GUYARD DELALAIN ,48.9106338,2.3874729,Plein jour,En agglomération,Autre intersection,Normale,Deux véhicules - côté,4,1,1,0,1,1,1,9,1,50,2,2,1,0,0,1,28.0,78.0,deux_roues,utilitaire_camion,1,2,9,1,3
202000036125,2020-07-02 10:03:00,2020,7,2,10,3,92,92073,CROIX-DU-ROY (CARREFOUR DE LA),48.8617417,2.2123866,Plein jour,En agglomération,Place,Pluie légère,Sans collision,4,1,5,0,1,3,2,0,1,50,1,1,0,0,0,1,55.0,,deux_roues,,1,2,7,2,7
202000036126,2020-07-02 11:00:00,2020,7,2,11,0,92,92051,"CHARLES DE GAULLE (AVENUE, N°27 A 129)",48.88189,2.26872,Plein jour,En agglomération,Hors intersection,Normale,Deux véhicules - arrière,4,1,1,0,1,1,2,0,1,50,2,2,1,0,0,1,32.0,27.0,deux_roues,voiture,1,2,1,1,2
202000036127,2020-07-02 20:25:00,2020,7,2,20,25,92,92050,CLEMENCEAU GEORGES AVENUE N° PAIR,48.8864337,2.2092966,Plein jour,En agglomération,Intersection à plus de 4 branches,Normale,Deux véhicules - arrière,3,2,2,1,1,1,1,0,1,50,2,2,1,0,0,1,24.0,39.0,deux_roues,voiture,1,2,5,1,2
202000036128,2020-07-02 11:50:00,2020,7,2,11,50,92,92049,BRIAND AVENUE ARISTIDE N°2 A 114,48.81392,2.32577,Plein jour,En agglomération,Hors intersection,Temps couvert,Autre collision,3,2,8,3,1,1,1,0,6,50,1,2,1,0,0,1,30.0,,voiture,,1,2,1,8,6
202000036129,2020-07-02 15:30:00,2020,7,2,15,30,92,92044,CHARLES PASQUA (QUAI) 58 A90,48.90073,2.28406,Plein jour,En agglomération,Hors intersection,Normale,Deux véhicules - frontale,3,2,2,0,1,1,1,8,1,50,2,2,1,0,0,1,40.0,30.0,deux_roues,voiture,1,2,1,1,1
202000036130,2020-07-02 10:25:00,2020,7,2,10,25,92,92036,PIERRE DE COUBERTIN PROLONGE,48.9260928,2.2845675,Plein jour,En agglomération,Intersection en X,Normale,Deux véhicules - côté,3,1,2,0,1,1,1,0,1,50,2,2,1,0,0,1,34.0,25.0,voiture,voiture,1,2,2,1,3
202000036131,2020-07-02 19:00:00,2020,7,2,19,0,92,92032,LECCLERC GENERAL (AVENUE DU),48.79387,2.27308,Plein jour,En agglomération,Hors intersection,Normale,Deux véhicules - côté,4,2,2,0,1,1,1,0,1,30,2,2,1,0,0,1,35.0,48.0,deux_roues,voiture,1,2,1,1,3
202000036132,2020-07-02 05:00:00,2020,7,2,5,0,92,92007,SANGNIER (RUE MARC) N° IMPAIRS,48.79763,2.30957,Nuit avec éclairage allumé,En agglomération,Intersection en X,Normale,Deux véhicules - côté,4,2,2,0,1,1,1,0,1,50,2,2,1,0,0,1,21.0,20.0,voiture,deux_roues,5,2,2,1,3
202000036133,2020-07-02 19:40:00,2020,7,2,19,40,92,92002,ARISTIDE BRIAND (AVENUE),48.7623846,2.3085545,Plein jour,En agglomération,Intersection en T,Normale,Deux véhicules - côté,3,2,4,1,1,1,1,0,5,50,2,2,1,0,0,1,45.0,30.0,voiture,deux_roues,1,2,3,1,3
202000036134,2020-07-01 22:05:00,2020,7,1,22,5,92,92014,GENERAL LECLERC (AV.) (1 A 55BIS - 2 A 4,48.7853492,2.3176244,Nuit avec éclairage allumé,En agglomération,Autre intersection,Normale,Sans collision,3,1,2,0,2,1,1,9,4,50,1,2,1,0,0,1,21.0,,voiture,,5,2,9,1,7
202000036135,2020-07-03 19:30:00,2020,7,3,19,30,54,54250,D80,48.658424,6.353424,Plein jour,Hors agglomération,Hors intersection,Normale,Deux véhicules - côté,3,2,2,0,1,4,1,0,3,80,2,5,0,0,0,5,20.0,29.0,voiture,voiture,1,1,1,1,3
202000036136,2020-07-02 17:40:00,2020,7,2,17,40,01,01007,D1075,46.0248,5.338926,Plein jour,Hors agglomération,Intersection en X,Normale,Deux véhicules - côté,3,2,2,0,1,1,1,0,1,80,2,2,1,0,1,0,33.0,59.0,voiture,deux_roues,1,1,2,1,3
202000036137,2020-07-03 05:50:00,2020,7,3,5,50,33,33479,Lieu Dit Superbie,44.602725,-0.032519,Crépuscule ou aube,Hors agglomération,Hors intersection,Normale,Deux véhicules - arrière,3,2,2,0,3,1,1,0,1,80,2,2,1,0,1,0,18.0,32.0,deux_roues,utilitaire_camion,2,1,1,1,2
202000036138,2020-07-02 04:25:00,2020,7,2,4,25,36,36235,,47.13941,1.491394,Nuit sans éclairage public,Hors agglomération,Intersection en X,Normale,Deux véhicules - côté,3,2,2,0,1,1,1,0,1,80,2,2,1,0,1,0,19.0,33.0,deux_roues,voiture,3,1,2,1,3
202000036139,2020-06-24 13:30:00,2020,6,24,13,30,974,97422,Chemin des Longoses,-21.236061,55.505216,Plein jour,En agglomération,Hors intersection,Normale,Deux véhicules - côté,3,2,2,0,1,1,1,0,1,50,2,2,1,0,1,0,54.0,24.0,deux_roues,voiture,1,2,1,1,3
202000036140,2020-07-02 23:40:00,2020,7,2,23,40,01,01354,D35,46.252123,6.044776,Nuit sans éclairage public,Hors agglomération,Giratoire,Normale,Trois véhicules et plus - en chaîne,3,2,2,0,1,1,1,5,1,90,3,5,1,0,0,4,28.0,20.0,voiture,voiture,3,1,6,1,4
202000036141,2020-07-03 06:35:00,2020,7,3,6,35,76,76584,A28 vers Rouen pk 055.100,49.7487808,1.4787877,Plein jour,Hors agglomération,Hors intersection,Normale,Sans collision,1,3,4,0,2,1,1,0,1,130,1,1,0,0,1,0,38.0,,deux_roues,,1,1,1,1,7
202000036142,2020-07-02 15:25:00,2020,7,2,15,25,974,97410,260 Route Nationale 2,-21.092202,55.747937,Plein jour,En agglomération,Hors intersection,Normale,Sans collision,2,2,2,0,2,4,1,0,1,50,1,1,0,0,1,0,37.0,,deux_roues,,1,2,1,1,7
202000036143,2020-07-02 15:30:00,2020,7,2,15,30,47,47191,D143,44.475946,0.107664,Plein jour,Hors agglomération,Intersection en X,Normale,Deux véhicules - côté,3,2,2,0,1,1,1,0,1,80,2,2,1,0,0,1,56.0,54.0,deux_roues,voiture,1,1,2,1,3
202000036144,2020-07-02 17:45:00,2020,7,2,17,45,74,74105,D1005,46.298893,6.28131,Plein jour,Hors agglomération,Autre intersection,Normale,Deux véhicules - côté,3,2,2,0,1,1,1,0,1,80,2,2,1,0,1,0,58.0,75.0,deux_roues,voiture,1,1,9,1,3
202000036145,2020-05-27 16:30:00,2020,5,27,16,30,74,74173,Route Nationale,45.868702,6.628232,Plein jour,En agglomération,Hors intersection,Normale,Deux véhicules - frontale,3,2,2,0,1,1,1,0,1,50,2,3,0,0,0,3,59.0,53.0,utilitaire_camion,utilitaire_camion,1,2,1,1,1
202000036146,2020-06-08 08:00:00,2020,6,8,8,0,76,76361,Route d'Etretat,49.611613,0.1550306,Plein jour,Hors agglomération,Hors intersection,Normale,Sans collision,3,2,2,0,1,1,1,9,3,70,1,1,0,0,0,1,58.0,,deux_roues,,1,1,1,1,7
202000036147,2020-07-03 10:30:00,2020,7,3,10,30,2A,2A271,Pernicaggio,41.954579,8.797908,Plein jour,En agglomération,Hors intersection,Normale,Deux véhicules - côté,3,2,2,1,1,1,1,0,5,50,2,2,1,0,1,0,32.0,73.0,voiture,deux_roues,1,2,1,1,3
202000036148,2020-07-03 12:45:00,2020,7,3,12,45,11,11205,D511,43.331829,2.406223,Plein jour,Hors agglomération,Intersection en Y,Normale,Sans collision,3,2,2,0,1,2,1,0,1,80,1,1,0,0,1,0,56.0,,utilitaire_camion,,1,1,4,1,7
202000036149,2020-07-03 18:10:00,2020,7,3,18,10,55,55352,RD 152 PK 11.600,48.682376,5.162287,Plein jour,Hors agglomération,Hors intersection,Normale,Sans collision,3,2,2,0,1,2,1,0,3,80,1,1,0,1,0,0,62.0,,deux_roues,,1,1,1,1,7
202000036150,2020-07-03 10:15:00,2020,7,3,10,15,42,42097,Route Departementale 1082,45.488659,4.329541,Plein jour,Hors agglomération,Intersection en T,Normale,Deux véhicules - côté,3,2,2,0,1,1,1,0,1,70,2,2,1,0,1,0,58.0,84.0,deux_roues,voiture,1,1,3,1,3
202000036151,2020-07-03 07:15:00,2020,7,3,7,15,34,34210,route de canet,43.596693,3.506175,Nuit sans éclairage public,Hors agglomération,Hors intersection,Normale,Sans collision,3,2,2,0,1,1,1,0,3,80,1,1,0,1,0,0,35.0,,deux_roues,,3,1,1,1,7
202000036152,2020-06-30 10:30:00,2020,6,30,10,30,31,31324,22 Avenue de Palaminy,43.197245,1.03544,Plein jour,Hors agglomération,Hors intersection,Temps couvert,Autre collision,3,2,2,0,1,1,1,0,3,80,1,1,0,0,1,0,56.0,,deux_roues,,1,1,1,8,6
202000036153,2020-07-03 08:30:00,2020,7,3,8,30,72,72028,Croisement D216 et route du gite du Biou,47.759371,0.406923,Plein jour,Hors agglomération,Intersection en X,Normale,Deux véhicules - côté,3,2,2,0,1,1,1,0,1,80,2,2,0,0,0,2,22.0,58.0,voiture,voiture,1,1,2,1,3
202000036154,2020-07-03 06:45:00,2020,7,3,6,45,64,64018,RD11,43.335241,-1.048266,Plein jour,Hors agglomération,Hors intersection,Normale,Trois véhicules et plus - collisions multiples,3,2,3,0,2,3,2,0,1,80,4,4,2,0,1,1,72.0,30.0,voiture,voiture,1,1,1,1,5
202000036155,2020-07-03 02:00:00,2020,7,3,2,0,64,64238,D817,43.248323,-0.082778,Nuit avec éclairage allumé,Hors agglomération,Hors intersection,Temps couvert,Sans collision,3,2,2,0,1,1,2,0,3,80,1,1,0,0,1,0,45.0,,voiture,,5,1,1,8,7
202000036156,2020-07-03 11:00:00,2020,7,3,11,0,64,64037,Route de Parbayse - PR 001.225,43.337807,-0.518855,Plein jour,Hors agglomération,Hors intersection,Normale,Sans collision,3,2,2,0,3,1,1,0,1,-1,1,1,0,1,0,0,67.0,,deux_roues,,1,1,1,1,7
202000036157,2020-07-02 16:00:00,2020,7,2,16,0,27,27627,Rd613,49.150121,0.535884,Plein jour,Hors agglomération,Hors intersection,Normale,Autre collision,3,2,3,0,1,1,1,0,3,90,1,1,0,0,1,0,70.0,,voiture,,1,1,1,1,6
202000036158,2020-07-01 20:10:00,2020,7,1,20,10,17,17248,RD 730,45.5184233,-0.7559732,Plein jour,Hors agglomération,Hors intersection,Normale,Sans collision,3,2,2,0,1,2,1,0,3,80,1,1,0,0,1,0,40.0,,utilitaire_camion,,1,1,1,1,7
202000036159,2020-07-02 07:30:00,2020,7,2,7,30,973,97307,route nationale 1,4.891856,-52.345712,Plein jour,Hors agglomération,Hors intersection,Normale,Trois véhicules et plus - collisions multiples,2,2,2,0,1,1,1,0,1,-1,3,3,2,0,1,0,46.0,22.0,voiture,voiture,1,1,1,1,5
202000036160,2020-07-03 10:50:00,2020,7,3,10,50,24,24091,La Touille,44.800356,1.203711,Plein jour,En agglomération,Hors intersection,Normale,Autre collision,3,2,2,0,1,1,1,0,1,50,1,2,1,0,1,0,59.0,,utilitaire_camion,,1,2,1,1,6
202000036161,2020-07-03 15:35:00,2020,7,3,15,35,01,01331,A40,46.106268,5.45188,Plein jour,Hors agglomération,Hors intersection,Normale,Deux véhicules - côté,1,3,4,3,2,1,1,0,1,110,2,2,1,0,0,1,49.0,59.0,utilitaire_camion,voiture,1,1,1,1,3
202000036162,2020-07-03 12:45:00,2020,7,3,12,45,53,53267,A81,48.051392,-0.461469,Plein jour,Hors agglomération,Hors intersection,Normale,Autre collision,1,3,4,0,1,1,1,0,3,130,1,3,1,1,1,0,79.0,,voiture,,1,1,1,1,6
202000036163,2020-07-02 08:10:00,2020,7,2,8,10,77,77327,D619 / D56 / D419,48.56184,3.013344,Plein jour,En agglomération,Intersection à plus de 4 branches,Normale,,3,2,2,0,1,2,1,5,1,50,4,7,4,0,1,2,38.0,21.0,voiture,voiture,1,2,5,1,-1
202000036164,2020-07-02 16:30:00,2020,7,2,16,30,69,69118,route de Beaucaire,45.562967,4.805446,Plein jour,En agglomération,Hors intersection,Normale,Deux véhicules - arrière,3,2,2,0,1,1,1,0,1,50,2,2,1,0,0,1,57.0,34.0,voiture,voiture,1,2,1,1,2
202000036165,2020-07-03 14:00:00,2020,7,3,14,0,988,98811,RT1/CR22,-21.083179,164.876815,Plein jour,En agglomération,Intersection en T,Normale,Autre collision,2,2,2,0,2,1,1,0,1,90,1,2,1,0,1,0,28.0,,voiture,,1,2,3,1,6
202000036166,2020-06-29 11:45:00,2020,6,29,11,45,971,97117,Rue Sainte Anne,16.330005,-61.3429141,Plein jour,En agglomération,Intersection en T,Normale,Deux véhicules - côté,2,2,2,0,4,1,1,0,1,50,2,2,1,0,1,0,35.0,53.0,deux_roues,voiture,1,2,3,1,3
202000036167,2020-07-03 14:45:00,2020,7,3,14,45,45,45191,D2152,48.266073,2.367978,Plein jour,Hors agglomération,Intersection en T,Normale,Deux véhicules - côté,3,2,2,0,1,1,1,0,1,80,2,2,1,0,0,1,17.0,41.0,deux_roues,utilitaire_camion,1,1,3,1,3
202000036168,2020-06-27 18:40:00,2020,6,27,18,40,77,77376,Ruelle de la Mairie,48.927807,2.772363,Plein jour,En agglomération,Hors intersection,Normale,Sans collision,4,-1,1,0,1,1,9,0,8,-1,1,1,0,0,0,1,38.0,,deux_roues,,1,2,1,1,7
202000036169,2020-07-02 16:00:00,2020,7,2,16,0,77,77360,D112,48.730018,3.00136,Plein jour,Hors agglomération,Intersection en T,Normale,Deux véhicules - côté,3,2,2,0,1,1,1,0,1,80,2,3,1,1,1,0,15.0,29.0,deux_roues,voiture,1,1,3,1,3
202000036170,2020-06-29 20:30:00,2020,6,29,20,30,84,84081,Avenue du General Leclerc,43.934105,4.90164,Plein jour,En agglomération,Intersection en X,Normale,Deux véhicules - côté,4,2,2,0,1,1,1,0,1,50,2,5,0,0,0,5,29.0,30.0,voiture,voiture,1,2,2,1,3
202000036171,2020-07-03 15:30:00,2020,7,3,15,30,04,04128,RD 907,43.848591,5.717837,Plein jour,Hors agglomération,Hors intersection,Normale,Deux véhicules - côté,3,2,2,0,2,3,1,0,1,80,2,3,2,0,0,1,61.0,36.0,utilitaire_camion,voiture,1,1,1,1,3
202000036172,2020-07-03 21:40:00,2020,7,3,21,40,04,04019,D9 / Ch des gentianes,44.387924,6.638572,Nuit avec éclairage allumé,En agglomération,Intersection en T,Normale,Deux véhicules - frontale,3,2,2,0,1,1,2,0,1,50,2,2,1,0,0,1,36.0,19.0,voiture,deux_roues,5,2,3,1,1
202000036173,2020-07-01 21:00:00,2020,7,1,21,0,13,13096,D85a,43.49223,4.439152,Plein jour,Hors agglomération,Hors intersection,Normale,Autre collision,3,2,2,0,1,1,1,9,8,70,1,1,0,0,1,0,24.0,,voiture,,1,1,1,1,6
202000036174,2020-07-01 14:30:00,2020,7,1,14,30,13,13027,Boulevard Joliot Curie,43.8828,4.862507,Plein jour,En agglomération,Giratoire,Normale,Deux véhicules - frontale,3,1,2,2,1,1,1,0,6,50,2,2,1,0,0,1,33.0,14.0,utilitaire_camion,deux_roues,1,2,6,1,1
202000036175,2020-07-02 17:40:00,2020,7,2,17,40,67,67127,D45,48.5732465,7.5390101,Plein jour,Hors agglomération,Hors intersection,Normale,Deux véhicules - arrière,3,2,2,0,3,3,1,0,1,80,2,1,0,0,0,1,45.0,,deux_roues,,1,1,1,1,2
202000036176,2020-07-01 19:15:00,2020,7,1,19,15,54,54034,D10a,48.754123,5.941544,Plein jour,Hors agglomération,Hors intersection,Normale,Deux véhicules - côté,3,2,2,0,1,1,1,0,1,80,2,4,3,0,0,1,31.0,36.0,voiture,voiture,1,1,1,1,3
202000036177,2020-07-02 18:15:00,2020,7,2,18,15,74,74018,Chemin du Clos Scotti,46.088955,6.352796,Plein jour,En agglomération,Hors intersection,Normale,Deux véhicules - arrière,3,2,2,0,1,1,1,0,1,50,2,2,1,0,0,1,35.0,52.0,voiture,deux_roues,1,2,1,1,2
202000036178,2020-07-03 00:45:00,2020,7,3,0,45,73,73015,RD 90 - PR 15 - MERIBEL MOTTARET,45.3835253,6.575365,Nuit sans éclairage public,Hors agglomération,Hors intersection,Pluie forte,Sans collision,3,2,2,0,2,2,2,0,3,80,1,1,0,0,1,0,24.0,,voiture,,3,1,1,3,7
202000036179,2020-07-03 08:15:00,2020,7,3,8,15,38,38540,Rue Castiglion Fibocchi,45.27343,5.61519,Plein jour,En agglomération,Hors intersection,Normale,Deux véhicules - frontale,4,2,2,0,2,3,1,0,1,50,2,2,1,0,1,0,22.0,14.0,voiture,deux_roues,1,2,1,1,1
202000036180,2020-03-04 18:00:00,2020,3,4,18,0,44,44029,D7,47.273011,-1.331728,Plein jour,En agglomération,Giratoire,Normale,Deux véhicules - côté,3,3,1,0,1,2,1,5,1,50,2,2,1,0,0,1,52.0,17.0,voiture,deux_roues,1,2,6,1,3
202000036181,2020-03-13 21:21:00,2020,3,13,21,21,44,44023,La Vigne,47.421608,-1.844057,Nuit sans éclairage public,Hors agglomération,Hors intersection,Normale,Autre collision,2,2,2,0,1,1,1,0,3,80,1,2,1,1,0,0,31.0,,utilitaire_camion,,3,1,1,1,6
202000036182,2020-03-15 14:45:00,2020,3,15,14,45,36,36031,,46.904542,1.42237,Plein jour,Hors agglomération,Intersection en X,Normale,Deux véhicules - côté,3,2,2,0,1,1,1,5,1,80,2,3,2,0,1,0,35.0,72.0,deux_roues,voiture,1,1,2,1,3
202000036183,2020-03-16 09:10:00,2020,3,16,9,10,30,30112,671 Avenue des Lens,43.912131,4.194696,Plein jour,En agglomération,Hors intersection,Normale,Autre collision,3,2,2,0,1,1,1,0,3,50,1,1,0,0,1,0,87.0,,voiture,,1,2,1,1,6
202000036184,2020-03-17 16:20:00,2020,3,17,16,20,973,97307,CD 6,4.794904,-52.358394,Plein jour,Hors agglomération,Hors intersection,Normale,Trois véhicules et plus - en chaîne,3,2,2,0,1,1,1,0,1,80,3,3,2,0,1,0,40.0,33.0,deux_roues,voiture,1,1,1,1,4
202000036185,2020-03-14 15:30:00,2020,3,14,15,30,34,34255,D127e5,43.685109,3.797053,Plein jour,Hors agglomération,Hors intersection,Normale,Deux véhicules - frontale,3,2,2,0,1,1,1,0,1,80,2,2,0,0,1,1,66.0,36.0,voiture,voiture,1,1,1,1,1