accident_id,datetime,annee,mois,jour,heure,minute,departement,commune_insee,adresse,latitude,longitude,luminosite,agglomeration,intersection,meteo,collision,catr,circ,nbv,vosp,prof,plan,surf,infra,situ,vma,nb_vehicules,nb_usagers,nb_indemnes,nb_tues,nb_blesses_hosp,nb_blesses_legers,age_cond_1,age_cond_2,veh_type_cond_1,veh_type_cond_2,lum_code,agg_code,int_code,atm_code,col_code
202000036369,2020-03-15 13:44:00,2020,3,15,13,44,60,60509,Avenue d'Auvelais,49.3109704,2.6058049,Plein jour,En agglomération,Hors intersection,Normale,Sans collision,3,2,2,0,2,1,1,0,1,-1,1,1,0,0,0,1,39.0,,deux_roues,,1,2,1,1,7
202000036370,2020-09-01 07:50:00,2020,9,1,7,50,69,69387,DEBOURG                             (AV),45.73085,4.83525,Plein jour,En agglomération,Intersection en X,Normale,Deux véhicules - côté,4,2,2,0,1,1,1,0,1,50,2,2,1,0,0,1,29.0,51.0,voiture,deux_roues,1,2,2,1,3
202000036371,2020-09-01 09:00:00,2020,9,1,9,0,69,69381,JEAN MOULIN                         (QU),45.7675,4.8378,Plein jour,En agglomération,Hors intersection,Normale,Autre collision,4,1,4,3,2,1,1,0,1,50,1,2,1,0,0,1,28.0,,voiture,,1,2,1,1,6
202000036372,2020-09-01 07:00:00,2020,9,1,7,0,971,97101,DOTHEMARE,16.2650452,-61.5113997,Plein jour,En agglomération,Giratoire,Normale,Deux véhicules - côté,2,2,2,0,1,3,1,0,1,50,2,2,1,0,0,1,54.0,56.0,deux_roues,voiture,1,2,6,1,3
202000036373,2020-09-01 00:10:00,2020,9,1,0,10,971,97113,RN4 - SECTION RIVIERA,16.21894,-61.50255,Nuit avec éclairage non allumé,Hors agglomération,Hors intersection,Normale,Deux véhicules - arrière,2,2,3,0,1,1,1,9,1,70,2,2,0,0,0,2,57.0,25.0,voiture,voiture,4,1,1,1,2
202000036374,2020-09-01 09:25:00,2020,9,1,9,25,2A,2A004,ILES SANGUINAIRES ROUTE DES,41.9063,8.6688,Plein jour,En agglomération,Hors intersection,Normale,Deux véhicules - côté,3,2,2,0,1,3,9,0,1,50,2,2,1,0,0,1,50.0,37.0,voiture,deux_roues,1,2,1,1,3
202000036375,2020-08-31 17:50:00,2020,8,31,17,50,91,91692,OCEANIE (AVENUE DE L'),48.67717,2.19739,Plein jour,En agglomération,Hors intersection,Normale,Deux véhicules - côté,3,1,2,0,1,1,1,0,8,70,2,2,1,0,0,1,30.0,27.0,utilitaire_camion,deux_roues,1,2,1,1,3
202000036376,2020-09-01 12:55:00,2020,9,1,12,55,91,91161,DIEMA (CARREFOUR DE),48.707979,2.310538,Plein jour,En agglomération,Giratoire,Normale,Trois véhicules et plus - collisions multiples,3,-1,1,0,1,1,1,0,4,50,3,4,2,0,0,2,59.0,47.0,voiture,voiture,1,2,6,1,5
202000036377,2020-09-01 16:50:00,2020,9,1,16,50,91,91174,LEON CASSE(PLACE),48.60388,2.46958,Plein jour,En agglomération,Hors intersection,Normale,Deux véhicules - côté,4,2,2,0,1,1,1,0,1,30,2,2,1,0,0,1,31.0,,deux_roues,,1,2,1,1,3
202000036378,2020-08-31 19:15:00,2020,8,31,19,15,83,83129,GUILLEMARD (AV ROBERT) N° PAIRS,43.07951,5.81798,Plein jour,En agglomération,Hors intersection,Normale,,4,2,2,0,1,1,1,0,1,50,2,3,2,0,0,1,65.0,72.0,deux_roues,voiture,1,2,1,1,-1
202000036379,2020-09-01 09:40:00,2020,9,1,9,40,83,83069,PETIT (ROND POINT HENRI),43.113559,6.123784,Plein jour,En agglomération,Autre intersection,Normale,Deux véhicules - côté,3,1,3,0,1,2,1,5,1,50,2,3,1,0,0,2,34.0,55.0,voiture,deux_roues,1,2,9,1,3
202000036380,2020-08-31 19:40:00,2020,8,31,19,40,76,76540,JUIFS. RUE AUX,49.44203,1.09233,Plein jour,En agglomération,Hors intersection,Normale,Sans collision,4,-1,0,3,1,1,1,6,1,10,1,2,0,0,0,2,21.0,,deux_roues,,1,2,1,1,7
202000036381,2020-08-01 05:45:00,2020,8,1,5,45,76,76481,JARDINETS (IMPASSE DES),49.55248,0.11763,Crépuscule ou aube,En agglomération,Intersection en X,Normale,Deux véhicules - côté,4,2,2,1,1,1,1,0,1,50,2,3,2,0,0,1,34.0,56.0,utilitaire_camion,deux_roues,2,2,2,1,3
202000036382,2020-08-31 17:30:00,2020,8,31,17,30,76,76351,LOUIS BRINDEAU,49.49115,0.10533,Plein jour,En agglomération,Intersection en X,Normale,Autre collision,4,1,2,0,1,1,1,0,1,30,1,2,1,0,1,0,48.0,,voiture,,1,2,2,1,6
202000036383,2020-07-30 10:50:00,2020,7,30,10,50,76,76384,RD 173 (RUES DU BECQUET/DESGENETAIS),49.521,0.533,Plein jour,En agglomération,Hors intersection,Normale,Autre collision,3,1,2,0,1,1,1,9,1,50,1,2,1,0,1,0,41.0,,voiture,,1,2,1,1,6
202000036384,2020-08-31 14:55:00,2020,8,31,14,55,67,67482,VOSGES (AVENUE DES),48.5890536,7.7532339,Plein jour,En agglomération,Hors intersection,Temps couvert,Deux véhicules - arrière,4,2,4,0,1,1,2,0,1,50,2,2,1,0,0,1,31.0,44.0,deux_roues,utilitaire_camion,1,2,1,8,2
202000036385,2020-08-31 10:20:00,2020,8,31,10,20,64,64445,PAIX,43.3188,-0.34688,Plein jour,En agglomération,Autre intersection,Normale,Autre collision,6,-1,0,0,1,1,1,9,8,5,1,2,1,0,0,1,45.0,,utilitaire_camion,,1,2,9,1,6
202000036386,2020-09-01 15:54:00,2020,9,1,15,54,64,64102,LOUIS DE FOIX (AVENUE),43.50908,-1.46764,Plein jour,En agglomération,Intersection en T,Normale,Deux véhicules - côté,3,2,2,0,1,1,1,0,1,50,2,3,2,0,0,1,17.0,36.0,deux_roues,voiture,1,2,3,1,3
202000036387,2020-09-01 12:00:00,2020,9,1,12,0,64,64102,BEYRIS (GIRATOIRE),43.47821,-1.4921,Plein jour,En agglomération,Hors intersection,Normale,Deux véhicules - arrière,4,1,2,0,1,1,1,0,1,50,2,2,1,0,0,1,37.0,15.0,voiture,deux_roues,1,2,1,1,2
202000036388,2020-08-31 12:04:00,2020,8,31,12,4,63,63113,MARIVAUX (RUE),45.7697747,3.0957308,Plein jour,En agglomération,Hors intersection,Pluie légère,,4,2,2,0,1,1,1,0,1,50,2,2,0,0,0,2,41.0,72.0,voiture,voiture,1,2,1,2,-1
202000036389,2020-08-25 05:00:00,2020,8,25,5,0,62,62413,VALOIS (CHE.),50.45465,2.89846,Nuit avec éclairage allumé,En agglomération,Hors intersection,Pluie légère,Autre collision,4,2,2,0,1,1,2,9,1,30,1,1,0,1,0,0,53.0,,deux_roues,,5,2,1,2,6
202000036390,2020-09-01 13:50:00,2020,9,1,13,50,59,59043,LOCRE (ROUTE DE),50.7532,2.74809,Plein jour,En agglomération,Hors intersection,Normale,Deux véhicules - frontale,3,2,2,0,1,2,9,0,1,80,2,2,1,0,1,0,36.0,31.0,deux_roues,voiture,1,2,1,1,1
202000036391,2020-08-30 02:00:00,2020,8,30,2,0,57,57647,GAULLE (RUE CHARLES DE),49.32284,6.07863,Nuit avec éclairage allumé,En agglomération,Hors intersection,Normale,Autre collision,3,2,0,0,1,1,1,0,8,50,1,1,0,0,1,0,20.0,,voiture,,5,2,1,1,6
202000036392,2020-08-30 01:30:00,2020,8,30,1,30,54,54395,POINCARE (RUE RAYMOND 1-29-2-30),48.6888427,6.1679059,Nuit avec éclairage allumé,En agglomération,Hors intersection,Normale,Autre collision,4,1,2,1,1,1,1,0,1,50,1,1,0,0,0,1,30.0,,deux_roues,,5,2,1,1,6
202000036393,2020-08-31 17:55:00,2020,8,31,17,55,51,51454,Rue Goiot,49.2452683,4.0448646,Plein jour,En agglomération,Intersection en X,Normale,Deux véhicules - arrière,4,2,2,0,1,1,1,0,1,50,2,3,2,0,0,1,62.0,35.0,voiture,voiture,1,2,2,1,2
202000036394,2020-08-31 14:05:00,2020,8,31,14,5,51,51454,Avenue Christophe Colomb,49.2286384,4.0369259,Plein jour,En agglomération,Giratoire,Normale,Deux véhicules - côté,4,2,2,1,1,1,1,0,5,50,2,2,1,0,1,0,47.0,33.0,deux_roues,voiture,1,2,6,1,3
202000036395,2020-08-28 20:38:00,2020,8,28,20,38,44,44184,RD 492 DU PONT BD HÔPITAL A ÉCHANGEUR CR,47.28086,-2.24891,Plein jour,Hors agglomération,Hors intersection,Normale,Deux véhicules - frontale,3,2,2,0,2,1,1,0,1,80,2,3,0,1,2,0,72.0,26.0,voiture,voiture,1,1,1,1,1
202000036396,2020-09-01 12:06:00,2020,9,1,12,6,44,44055,Route de Rézac,47.2871,-2.334916,Plein jour,En agglomération,Intersection en T,Normale,Deux véhicules - arrière,4,2,2,0,1,1,1,5,1,50,2,2,1,0,0,1,29.0,28.0,utilitaire_camion,deux_roues,1,2,3,1,2
202000036397,2020-08-31 06:45:00,2020,8,31,6,45,44,44132,OCEANIDES (BOULEVARD DES),47.269,-2.35,Nuit avec éclairage allumé,En agglomération,Hors intersection,Normale,Autre collision,4,2,2,2,1,1,1,9,1,50,1,1,0,0,0,1,19.0,,deux_roues,,5,2,1,1,6
202000036398,2020-07-01 16:40:00,2020,7,1,16,40,43,43041,89 Avenue Charles Dupuy,45.048982,3.9203811,Plein jour,En agglomération,Hors intersection,Pluie forte,Autre collision,3,2,2,0,1,1,2,0,1,50,1,2,1,0,1,0,41.0,,voiture,,1,2,1,3,6
202000036399,2020-09-01 22:25:00,2020,9,1,22,25,42,42071,Rue Vauban,46.024905,4.0903211,Nuit avec éclairage allumé,En agglomération,Intersection en X,Normale,Autre collision,3,-1,2,0,1,1,1,0,1,50,1,1,0,0,0,1,56.0,,voiture,,5,2,2,1,6
202000036400,2020-09-01 06:50:00,2020,9,1,6,50,38,38229,N87,45.1942036,5.7821193,Plein jour,En agglomération,Hors intersection,Normale,Autre collision,2,3,4,0,1,1,1,0,1,90,1,1,0,0,1,0,27.0,,deux_roues,,1,2,1,1,6
202000036401,2020-09-01 09:35:00,2020,9,1,9,35,37,37122,CUGNOT (RUE JOSEPH),47.3458839,0.6441302,Plein jour,En agglomération,Giratoire,Normale,Deux véhicules - arrière,3,1,2,0,1,3,1,0,1,50,2,3,2,0,0,1,49.0,52.0,utilitaire_camion,voiture,1,2,6,1,2
202000036402,2020-08-31 19:17:00,2020,8,31,19,17,37,37261,HEURTELOUP (BOULEVARD),47.3904201,0.6912471,Plein jour,En agglomération,Hors intersection,Normale,Trois véhicules et plus - en chaîne,4,3,4,0,1,1,1,0,1,50,3,4,3,0,0,1,26.0,19.0,voiture,voiture,1,2,1,1,4
202000036403,2020-09-01 14:30:00,2020,9,1,14,30,35,35238,ARMORIQUE (BD D'),48.13052,-1.67636,Plein jour,En agglomération,Intersection en T,Normale,Deux véhicules - côté,4,3,4,1,1,1,1,5,1,50,2,2,1,0,0,1,52.0,17.0,voiture,deux_roues,1,2,3,1,3
202000036404,2020-08-31 18:45:00,2020,8,31,18,45,31,31555,RUE DES FONTAINES,43.60308,1.41076,Plein jour,En agglomération,Intersection en T,Normale,Deux véhicules - côté,4,1,1,0,1,1,1,0,1,50,2,2,1,0,0,1,29.0,31.0,deux_roues,voiture,1,2,3,1,3
202000036405,2020-08-31 20:00:00,2020,8,31,20,0,31,31555,VA007331 A620,43.6159,1.41828,Plein jour,Hors agglomération,Hors intersection,Normale,,1,3,6,0,1,1,1,0,1,90,2,1,0,0,0,1,20.0,,voiture,,1,1,1,1,-1
202000036406,2020-08-31 17:45:00,2020,8,31,17,45,31,31555,AV DU GENERAL EISENHOWER,43.5600065,1.3948506,Plein jour,En agglomération,Hors intersection,Normale,Deux véhicules - côté,4,2,4,0,1,1,1,0,1,50,2,2,1,0,0,1,34.0,81.0,deux_roues,voiture,1,2,1,1,3
202000036407,2020-08-31 18:30:00,2020,8,31,18,30,29,29232,D34 - Ront Point de Kerustum,47.97906,-4.09428,Plein jour,Hors agglomération,Giratoire,Normale,Sans collision,3,-1,1,0,1,2,1,0,1,70,1,1,0,0,0,1,17.0,,deux_roues,,1,1,6,1,7
202000036408,2020-08-29 07:08:00,2020,8,29,7,8,29,29232,D783 - Route de Brest,48.00896,-4.08258,Crépuscule ou aube,Hors agglomération,Hors intersection,Normale,Deux véhicules - frontale,3,2,3,0,1,1,2,0,1,70,2,2,0,0,0,2,19.0,45.0,voiture,utilitaire_camion,2,1,1,1,1
202000036409,2020-09-01 21:00:00,2020,9,1,21,0,29,29151,Rue de Straja,48.5876541,-3.8113787,Plein jour,En agglomération,Hors intersection,Normale,Autre collision,4,-1,2,0,1,1,1,0,4,50,1,2,1,0,1,0,33.0,,voiture,,1,2,1,1,6
202000036410,2020-08-31 16:00:00,2020,8,31,16,0,25,25388,HOLLANDE (RUE DE LA PETITE),47.5025,6.792,Plein jour,En agglomération,Hors intersection,Temps couvert,Deux véhicules - côté,4,2,1,0,2,1,1,0,1,50,2,3,1,0,2,0,47.0,61.0,utilitaire_camion,deux_roues,1,2,1,8,3
202000036411,2020-08-30 20:15:00,2020,8,30,20,15,22,22106,RENNES (RUE DE),48.49045,-2.70019,Plein jour,En agglomération,Intersection en X,Normale,Deux véhicules - côté,3,2,2,2,1,1,1,5,1,50,2,2,1,0,0,1,21.0,17.0,voiture,deux_roues,1,2,2,1,3
202000036412,2020-09-01 16:53:00,2020,9,1,16,53,17,17300,SAINTONGE   RUE ALPHONSE DE,46.16387,-1.19867,Plein jour,En agglomération,Hors intersection,Normale,Deux véhicules - arrière,4,2,2,0,1,1,1,0,1,50,2,2,1,0,0,1,30.0,28.0,voiture,voiture,1,2,1,1,2
202000036413,2020-09-01 14:10:00,2020,9,1,14,10,14,14118,MONTALIVET (COURS),49.17948,-0.34638,Plein jour,En agglomération,Hors intersection,Normale,Deux véhicules - arrière,3,3,4,0,1,1,1,0,1,50,2,2,1,0,0,1,25.0,25.0,voiture,voiture,1,2,1,1,2
202000036414,2020-09-01 21:30:00,2020,9,1,21,30,13,13117,ROUTE NATIONALE 113 - LA GARE,43.446358,5.239831,Nuit sans éclairage public,Hors agglomération,Hors intersection,Normale,Deux véhicules - arrière,3,2,3,0,2,1,1,0,1,80,2,2,1,0,0,1,57.0,20.0,voiture,deux_roues,3,1,1,1,2
202000036415,2020-09-01 16:30:00,2020,9,1,16,30,13,13214,ROLAND DORGELES (BOULEVARD),43.3462499,5.3808627,Plein jour,En agglomération,Hors intersection,Normale,Deux véhicules - côté,3,1,3,0,1,1,1,9,1,50,2,2,1,1,0,0,33.0,49.0,deux_roues,utilitaire_camion,1,2,1,1,3
202000036416,2020-09-01 14:00:00,2020,9,1,14,0,13,13209,MORGIOU (chemin de ),43.2438898,5.4059802,Plein jour,En agglomération,Autre intersection,Normale,Deux véhicules - côté,4,-1,2,0,1,1,1,0,1,30,2,2,0,0,0,2,22.0,21.0,utilitaire_camion,voiture,1,2,9,1,3
202000036417,2020-09-01 08:55:00,2020,9,1,8,55,13,13005,RN 96 (ROUTE NATIONALE ),43.315265,5.5798713,Plein jour,Hors agglomération,Hors intersection,Normale,Deux véhicules - frontale,3,2,2,0,1,1,1,0,1,50,2,1,0,0,0,1,20.0,,voiture,,1,1,1,1,1
202000036418,2020-08-28 12:30:00,2020,8,28,12,30,12,12100,MONTPLAISIR (RUE DE),44.5386256,2.3144563,Plein jour,En agglomération,Hors intersection,Pluie forte,Deux véhicules - arrière,3,2,2,0,1,1,2,0,1,50,2,3,2,0,0,1,62.0,38.0,voiture,voiture,1,2,1,3,2
202000036419,2020-10-07 17:40:00,2020,10,7,17,40,07,07019,LE MOULON (QUARTIER),44.60892,4.40895,Plein jour,En agglomération,Hors intersection,Normale,Autre collision,4,-1,1,0,1,1,1,0,1,50,1,2,1,0,0,1,45.0,,voiture,,1,2,1,1,6
202000036420,2020-08-31 04:50:00,2020,8,31,4,50,06,06088,DE LATTRE DE TASSIGNY (ESPL. MAL),43.7,7.25,Nuit avec éclairage allumé,En agglomération,Hors intersection,Normale,Autre collision,4,-1,1,0,1,1,3,1,1,50,1,2,0,1,0,1,20.0,,deux_roues,,5,2,1,1,6
202000036421,2020-09-01 16:35:00,2020,9,1,16,35,06,06030,JOURDAN (AVENUE MICHEL (LE CANNET),43.5613,6.96513,Plein jour,En agglomération,Hors intersection,Normale,Deux véhicules - côté,3,2,2,0,1,1,1,0,1,50,2,2,1,0,0,1,72.0,47.0,deux_roues,utilitaire_camion,1,2,1,1,3
202000036422,2020-08-31 13:05:00,2020,8,31,13,5,06,06123,CAHUZAC COMMANDANT RUE,43.6605,7.18677,Plein jour,En agglomération,Hors intersection,Normale,Deux véhicules - côté,7,2,2,0,1,1,1,0,1,30,2,2,1,0,0,1,24.0,39.0,utilitaire_camion,deux_roues,1,2,1,1,3
202000036423,2020-08-31 19:15:00,2020,8,31,19,15,05,05061,VEYNES ( AVENUE DE  ),44.55785,6.06879,Plein jour,En agglomération,Giratoire,Normale,,3,4,4,0,2,1,1,5,1,50,3,3,2,0,0,1,43.0,62.0,voiture,voiture,1,2,6,1,-1
202000036424,2020-09-01 13:30:00,2020,9,1,13,30,75,75117,PORTE MAILLOT,48.879273,2.281529,Plein jour,En agglomération,Intersection en Y,Normale,,4,-1,4,0,1,1,1,0,1,70,2,2,0,0,0,2,28.0,,deux_roues,,1,2,4,1,-1
202000036425,2020-09-01 15:00:00,2020,9,1,15,0,75,75120,RUE DES PYRENEES,48.871979,2.391863,Plein jour,En agglomération,Intersection en T,Normale,Deux véhicules - côté,4,2,2,0,2,1,1,0,1,50,2,2,1,0,0,1,28.0,48.0,deux_roues,deux_roues,1,2,3,1,3
202000036426,2020-09-01 10:00:00,2020,9,1,10,0,75,75119,RUE CURIAL,48.893268,2.373133,Plein jour,En agglomération,Intersection en X,Normale,Autre collision,4,1,1,0,1,1,1,0,1,30,1,2,1,0,0,1,31.0,,deux_roues,,1,2,2,1,6
202000036427,2020-09-01 10:15:00,2020,9,1,10,15,75,75117,BOULEVARD MALESHERBES,48.888582,2.304342,Plein jour,En agglomération,Hors intersection,Normale,,4,2,2,0,1,1,1,0,1,50,2,1,0,0,0,1,26.0,,deux_roues,,1,2,1,1,-1
202000036428,2020-08-31 16:35:00,2020,8,31,16,35,75,75117,AVENUE DES TERNES,48.879433,2.290838,Plein jour,En agglomération,Place,Normale,Deux véhicules - arrière,4,2,4,0,1,1,1,0,1,50,2,3,2,0,0,1,29.0,16.0,utilitaire_camion,deux_roues,1,2,7,1,2
202000036429,2020-08-31 15:45:00,2020,8,31,15,45,75,75117,RUE DES MOINES,48.887268,2.317854,Plein jour,En agglomération,Place,Normale,Autre collision,4,2,2,0,1,1,1,0,1,30,1,2,1,0,0,1,39.0,,deux_roues,,1,2,7,1,6
202000036430,2020-09-01 19:00:00,2020,9,1,19,0,75,75116,ROUTE DES TRIBUNES,48.862887,2.231146,Plein jour,En agglomération,Hors intersection,Normale,Trois véhicules et plus - en chaîne,4,2,4,1,1,1,1,8,5,50,4,4,0,0,0,4,35.0,44.0,deux_roues,deux_roues,1,2,1,1,4
202000036431,2020-08-31 12:50:00,2020,8,31,12,50,75,75116,AVENUE DU PRESIDENT KENNEDY,48.852688,2.280731,Plein jour,En agglomération,Intersection en T,Normale,Deux véhicules - côté,4,2,3,3,1,1,1,-1,6,50,2,2,1,0,0,1,28.0,68.0,deux_roues,voiture,1,2,3,1,3
202000036432,2020-09-01 13:15:00,2020,9,1,13,15,75,75113,QUAI D AUSTERLITZ,48.841891,2.367872,Plein jour,En agglomération,Intersection en X,Normale,Deux véhicules - côté,4,2,3,0,3,2,1,0,1,50,2,3,2,0,1,0,22.0,67.0,deux_roues,voiture,1,2,2,1,3
202000036433,2020-08-31 18:40:00,2020,8,31,18,40,75,75112,RUE DORIAN,48.846568,2.392501,Plein jour,En agglomération,Intersection en T,Normale,Autre collision,4,2,2,0,1,1,1,0,1,30,1,2,1,0,0,1,58.0,,voiture,,1,2,3,1,6
202000036434,2020-09-01 14:10:00,2020,9,1,14,10,75,75111,RUE DE LA ROQUETTE,48.85876,2.384655,Plein jour,En agglomération,Intersection en T,Normale,Deux véhicules - côté,4,2,2,0,2,1,1,5,1,30,2,2,1,0,0,1,30.0,37.0,deux_roues,voiture,1,2,3,1,3
202000036435,2020-09-01 16:05:00,2020,9,1,16,5,75,75108,RUE DE COURCELLES,48.875406,2.308822,Plein jour,En agglomération,Intersection en T,Normale,Autre collision,4,2,3,0,2,1,1,0,1,50,1,2,1,0,0,1,58.0,,voiture,,1,2,3,1,6
202000036436,2020-09-01 10:15:00,2020,9,1,10,15,75,75108,Place de la Concorde,48.865634,2.320652,Plein jour,En agglomération,Intersection en X,Normale,Deux véhicules - côté,4,1,3,0,1,1,1,0,1,50,2,2,1,0,0,1,28.0,26.0,voiture,deux_roues,1,2,2,1,3
202000036437,2020-08-31 18:40:00,2020,8,31,18,40,94,94081,PAUL VAILLANT COUTURIER (AV),48.79446,2.39688,Plein jour,En agglomération,Hors intersection,Normale,Autre collision,3,2,2,0,1,1,1,9,1,50,1,4,1,0,3,0,71.0,,voiture,,1,2,1,1,6
202000036438,2020-08-31 14:15:00,2020,8,31,14,15,94,94068,CHAMPIGNY (BD DE),48.8087077,2.5094211,Plein jour,En agglomération,Intersection en T,Normale,Deux véhicules - côté,3,2,3,3,1,1,1,0,1,50,2,2,1,0,0,1,30.0,20.0,deux_roues,voiture,1,2,3,1,3
202000036439,2020-09-01 14:20:00,2020,9,1,14,20,94,94076,JEAN LURCAT (R),48.7882,2.3684,Plein jour,En agglomération,Hors intersection,Normale,Sans collision,4,2,2,0,1,1,1,0,1,50,1,2,1,0,0,1,29.0,,voiture,,1,2,1,1,7
202000036440,2020-09-01 18:25:00,2020,9,1,18,25,94,94041,GEORGES GOSNAT (AV),48.81278,2.38737,Plein jour,En agglomération,Hors intersection,Normale,Sans collision,3,2,4,1,1,1,1,0,5,50,1,1,0,0,0,1,19.0,,deux_roues,,1,2,1,1,7
202000036441,2020-08-31 20:50:00,2020,8,31,20,50,94,94028,FRANCE LIBRE(AVENUE DE LA),48.77966,2.45504,Nuit avec éclairage allumé,En agglomération,Hors intersection,Normale,Sans collision,4,2,2,0,1,1,1,0,1,50,1,2,1,0,0,1,29.0,,voiture,,5,2,1,1,7
202000036442,2020-08-31 11:30:00,2020,8,31,11,30,93,93073,ROISSY (ROUTE DE),48.9837586,2.5397227,Plein jour,En agglomération,Hors intersection,Normale,Autre collision,3,2,2,0,1,3,1,0,1,70,1,2,1,0,1,0,60.0,,voiture,,1,2,1,1,6
202000036443,2020-09-01 08:30:00,2020,9,1,8,30,93,93014,ROBERT BESSON (ALLEE),48.89925,2.53294,Plein jour,En agglomération,Intersection en X,Normale,Autre collision,4,1,1,0,1,1,1,0,1,30,1,1,0,0,0,1,32.0,,voiture,,1,2,2,1,6
202000036444,2020-09-01 14:15:00,2020,9,1,14,15,93,93005,AV CHARLES DE GAULLE,48.9304,2.4816,Plein jour,En agglomération,Autre intersection,Normale,Deux véhicules - côté,3,3,5,0,1,1,1,0,1,50,2,4,3,0,0,1,32.0,19.0,voiture,voiture,1,2,9,1,3
202000036445,2020-08-31 09:20:00,2020,8,31,9,20,92,92064,MARCEL DASSAULT,48.85351,2.222647,Plein jour,En agglomération,Hors intersection,Normale,Sans collision,3,2,2,0,1,1,1,0,1,50,1,1,0,0,0,1,28.0,,deux_roues,,1,2,1,1,7
202000036446,2020-08-31 10:50:00,2020,8,31,10,50,92,92064,MAGENTA PLACE,48.842349,2.207438,Plein jour,En agglomération,Hors intersection,Normale,Sans collision,4,1,2,0,1,2,1,0,1,50,1,1,0,0,0,1,61.0,,deux_roues,,1,2,1,1,7
202000036447,2020-08-06 18:15:00,2020,8,6,18,15,92,92063,BRU (PLACE DU DOCTEUR JEAN),48.8762249,2.2011535,Plein jour,En agglomération,Giratoire,Normale,Deux véhicules - arrière,4,1,2,0,1,2,1,5,1,50,2,2,1,0,0,1,61.0,48.0,voiture,deux_roues,1,2,6,1,2
202000036448,2020-09-01 00:15:00,2020,9,1,0,15,92,92051,"CHARLES DE GAULLE (AVENUE, N°27 A 129)",48.8819904,2.26893,Nuit avec éclairage allumé,En agglomération,Autre intersection,Normale,Deux véhicules - arrière,2,3,8,0,1,4,1,5,1,50,2,3,2,0,0,1,25.0,32.0,voiture,deux_roues,5,2,9,1,2
202000036449,2020-08-30 04:03:00,2020,8,30,4,3,92,92050,PICASSO PABLO AVENUE,48.8883565,2.2265974,Nuit avec éclairage allumé,En agglomération,Hors intersection,Normale,Sans collision,4,2,2,0,1,1,1,0,3,50,1,3,2,0,0,1,21.0,,voiture,,5,2,1,1,7
202000036450,2020-09-01 10:30:00,2020,9,1,10,30,92,92049,REPUBLIQUE AVENUE DE LA N°81 A FIN,48.8146427,2.3172489,Plein jour,En agglomération,Hors intersection,Normale,Autre collision,3,3,4,0,1,1,1,0,1,50,1,2,1,0,0,1,62.0,,voiture,,1,2,1,1,6
202000036451,2020-08-31 19:00:00,2020,8,31,19,0,92,92049,BROSSOLETTE AVENUE PIERRE,48.8128269,2.30157,Plein jour,En agglomération,Intersection en T,Normale,Deux véhicules - côté,3,2,0,2,1,1,1,0,5,50,2,3,2,0,0,1,41.0,39.0,voiture,utilitaire_camion,1,2,3,1,3
202000036452,2020-01-10 09:10:00,2020,1,10,9,10,92,92044,VIC. HUGO(RUE)069A075 ET 080A088,48.89551,2.29683,Plein jour,En agglomération,Intersection en X,Normale,Deux véhicules - côté,3,2,3,1,1,1,2,0,1,50,2,2,1,0,0,1,38.0,47.0,voiture,deux_roues,1,2,2,1,3
202000036453,2020-09-01 18:50:00,2020,9,1,18,50,92,92040,FRERES VOISIN (BOULEVARD DES),48.8278112,2.2690619,Plein jour,En agglomération,Hors intersection,Normale,Deux véhicules - côté,3,3,2,1,1,1,1,0,5,30,2,2,1,0,0,1,30.0,58.0,deux_roues,deux_roues,1,2,1,1,3
202000036454,2020-08-30 18:50:00,2020,8,30,18,50,92,92014,GENERAL LECLERC (AV.) (57 A 135 - 50 A 1,48.7815,2.31622,Plein jour,En agglomération,Hors intersection,Normale,,3,1,2,0,1,1,2,9,1,50,2,2,1,0,0,1,25.0,60.0,deux_roues,voiture,1,2,1,1,-1
202000036455,2020-09-01 12:00:00,2020,9,1,12,0,65,65472,D935 PR 12+240,43.499477,0.004278,Plein jour,Hors agglomération,Intersection en X,Normale,Deux véhicules - frontale,3,2,2,0,1,1,1,5,1,90,2,2,0,0,1,1,19.0,79.0,voiture,voiture,1,1,2,1,1
202000036456,2020-08-16 09:40:00,2020,8,16,9,40,86,86174,D23,46.739591,0.50763,Plein jour,Hors agglomération,Hors intersection,Normale,Sans collision,3,2,2,0,2,2,1,0,1,80,1,1,0,0,0,1,38.0,,voiture,,1,1,1,1,7
202000036457,2020-09-02 08:50:00,2020,9,2,8,50,06,06026,358 Avenue de la Plantade,43.656163,6.872399,Plein jour,En agglomération,Hors intersection,Normale,Autre collision,3,2,2,0,2,3,1,0,8,50,1,4,0,0,0,4,50.0,,deux_roues,,1,2,1,1,6
202000036458,2020-09-02 10:30:00,2020,9,2,10,30,23,23090,Lot de Senoueix,45.818227,1.995596,Plein jour,Hors agglomération,Hors intersection,Normale,Deux véhicules - arrière,3,2,2,0,1,1,1,0,1,80,2,2,1,0,1,0,59.0,60.0,deux_roues,deux_roues,1,1,1,1,2
202000036459,2020-09-01 21:15:00,2020,9,1,21,15,57,57163,Route forestière des russes,48.602637,7.255247,Nuit sans éclairage public,Hors agglomération,Hors intersection,Normale,Autre collision,3,2,2,0,2,1,2,0,3,80,1,1,0,1,0,0,68.0,,utilitaire_camion,,3,1,1,1,6
202000036460,2020-09-02 08:32:00,2020,9,2,8,32,95,95026,D922,49.138425,2.357458,Plein jour,Hors agglomération,Hors intersection,Temps éblouissant,Sans collision,3,2,2,0,1,1,1,0,1,80,1,1,0,0,0,1,40.0,,deux_roues,,1,1,1,7,7
202000036461,2020-08-06 01:15:00,2020,8,6,1,15,76,76400,Rue du Moulin à Vent,49.828059,0.909237,Nuit avec éclairage allumé,En agglomération,Hors intersection,Normale,Autre collision,3,2,2,0,1,2,1,0,3,50,1,1,0,0,0,1,22.0,,voiture,,5,2,1,1,6