accident_id,datetime,annee,mois,jour,heure,minute,departement,commune_insee,adresse,latitude,longitude,luminosite,agglomeration,intersection,meteo,collision,catr,circ,nbv,vosp,prof,plan,surf,infra,situ,vma,nb_vehicules,nb_usagers,nb_indemnes,nb_tues,nb_blesses_hosp,nb_blesses_legers,age_cond_1,age_cond_2,veh_type_cond_1,veh_type_cond_2,lum_code,agg_code,int_code,atm_code,col_code
202000036554,2020-02-11 03:45:00,2020,2,11,3,45,47,47293,"""dumas"" ",44.158256,0.69171,Nuit sans éclairage public,Hors agglomération,Hors intersection,Normale,Autre collision,4,2,2,0,1,1,1,0,3,70,1,1,0,0,1,0,27.0,,voiture,,3,1,1,1,6
202000036555,2020-08-31 16:00:00,2020,8,31,16,0,974,97416,HUBERT DE LISLE(BOULEVARD),-21.3435,55.476,Plein jour,En agglomération,Hors intersection,Normale,Deux véhicules - côté,4,1,1,0,1,1,1,0,1,50,2,2,1,0,0,1,21.0,72.0,deux_roues,autre,1,2,1,1,3
202000036556,2020-02-11 11:55:00,2020,2,11,11,55,83,83136,D84,43.462794,6.281626,Plein jour,Hors agglomération,Hors intersection,Normale,Autre collision,3,2,2,0,1,1,1,0,1,80,1,2,0,1,1,0,72.0,,voiture,,1,1,1,1,6
202000036557,2020-08-31 07:27:00,2020,8,31,7,27,974,97411,MONNERVILLE (BOULEVARD GASTON),-20.89691,55.44741,Plein jour,En agglomération,Hors intersection,Pluie légère,Sans collision,4,-1,2,0,2,2,2,0,1,50,1,1,0,0,0,1,17.0,,deux_roues,,1,2,1,2,7
202000036558,2020-02-10 23:10:00,2020,2,10,23,10,40,40065,8 Boulevard des Cigales,43.635299,-1.426592,Nuit avec éclairage allumé,En agglomération,Hors intersection,Normale,Sans collision,3,2,2,0,1,1,1,0,3,50,1,1,0,1,0,0,36.0,,deux_roues,,5,2,1,1,7
202000036559,2020-08-31 21:00:00,2020,8,31,21,0,69,69387,CLAUDE BERNARD                      (QU),45.7519071,4.83699,Nuit avec éclairage allumé,En agglomération,Intersection en X,Normale,Autre collision,4,1,3,0,1,1,1,0,1,50,1,2,1,0,0,1,25.0,,voiture,,5,2,2,1,6
202000036560,2020-02-10 14:50:00,2020,2,10,14,50,21,21599,A31,47.5872166,5.2096827,Plein jour,Hors agglomération,Hors intersection,Normale,Deux véhicules - arrière,1,2,3,0,1,1,1,0,1,130,2,2,1,0,0,1,38.0,63.0,utilitaire_camion,voiture,1,1,1,1,2
202000036561,2020-08-31 19:15:00,2020,8,31,19,15,69,69386,MONTGOLFIER                         (R ),45.7722665,4.8528015,Crépuscule ou aube,En agglomération,Intersection en X,Normale,Deux véhicules - côté,4,-1,1,0,1,1,1,0,1,50,2,2,1,0,0,1,22.0,19.0,voiture,deux_roues,2,2,2,1,3
202000036562,2020-02-09 10:30:00,2020,2,9,10,30,68,68076,Mittelfeld,48.0986374,7.5055648,Plein jour,Hors agglomération,Hors intersection,Normale,Sans collision,4,2,2,0,1,1,6,0,8,50,1,1,0,0,1,0,56.0,,deux_roues,,1,1,1,1,7
202000036563,2020-08-31 05:00:00,2020,8,31,5,0,69,69259,FRANCIS DE PRESSENSE                (AV),45.7218,4.86661,Nuit avec éclairage allumé,En agglomération,Intersection en T,Normale,Autre collision,4,2,2,1,1,1,1,0,4,50,1,1,0,0,1,0,28.0,,voiture,,5,2,3,1,6
202000036564,2020-02-09 09:30:00,2020,2,9,9,30,972,97207,Rue de l'Abbe Dumauze,14.574841,-60.987908,Plein jour,En agglomération,Hors intersection,Normale,Deux véhicules - côté,6,-1,0,0,1,1,1,9,8,30,2,2,1,0,1,0,61.0,61.0,voiture,deux_roues,1,2,1,1,3
202000036565,2020-08-31 15:00:00,2020,8,31,15,0,972,97213,ROUTE NATIONALE 5,14.5947831,-60.9842777,Plein jour,Hors agglomération,Hors intersection,Normale,Deux véhicules - arrière,2,1,2,0,1,1,1,0,1,70,2,3,1,0,0,2,28.0,51.0,voiture,voiture,1,1,1,1,2
202000036566,2020-02-09 18:45:00,2020,2,9,18,45,972,97225,69 Jardin des Plantes,14.750512,-61.167208,Nuit avec éclairage non allumé,Hors agglomération,Hors intersection,Normale,,2,2,2,0,2,2,1,0,1,70,3,4,2,0,1,1,28.0,57.0,deux_roues,voiture,4,1,1,1,-1
202000036567,2020-08-30 21:20:00,2020,8,30,21,20,971,97113,MONTAUBAN (SECTEUR),16.21236,-61.5002,Nuit avec éclairage allumé,En agglomération,Autre intersection,Normale,Deux véhicules - côté,3,2,2,0,1,1,1,0,1,50,2,4,2,0,0,2,19.0,28.0,autre,voiture,5,2,9,1,3
202000036568,2020-08-31 17:23:00,2020,8,31,17,23,95,95063,AV GABRIEL PERI,48.93629,2.20743,Plein jour,En agglomération,Hors intersection,Normale,Deux véhicules - côté,3,2,2,0,1,1,1,0,1,70,2,2,1,0,1,0,56.0,29.0,deux_roues,voiture,1,2,1,1,3
202000036569,2020-02-12 11:45:00,2020,2,12,11,45,26,26339,autoroute A7,44.586051,4.80257,Plein jour,Hors agglomération,Hors intersection,Normale,Deux véhicules - arrière,1,3,3,0,1,1,1,0,1,130,2,9,7,0,0,2,25.0,25.0,voiture,utilitaire_camion,1,1,1,1,2
202000036570,2020-08-31 12:27:00,2020,8,31,12,27,87,87085,LANDOUGE (AVENUE DE),45.84281,1.19373,Plein jour,En agglomération,Hors intersection,Normale,Deux véhicules - côté,4,2,2,0,1,1,1,0,1,50,2,2,1,0,1,0,63.0,37.0,deux_roues,voiture,1,2,1,1,3
202000036571,2020-02-09 19:50:00,2020,2,9,19,50,63,63198,Loubeyrat,45.926095,3.047848,Nuit sans éclairage public,Hors agglomération,Hors intersection,Vent fort / tempête,Deux véhicules - frontale,3,2,2,0,2,3,1,0,1,80,2,3,0,0,2,1,43.0,22.0,voiture,voiture,3,1,1,6,1
202000036572,2020-08-30 23:30:00,2020,8,30,23,30,85,85194,Rue des Sauniers,46.49998,-1.79923,Nuit avec éclairage allumé,En agglomération,Intersection en X,Normale,Deux véhicules - arrière,4,2,1,0,1,1,1,0,1,50,2,1,0,0,0,1,50.0,,utilitaire_camion,,5,2,2,1,2
202000036573,2020-02-10 08:20:00,2020,2,10,8,20,60,60088,Départementale 105,49.1997342,2.1637201,Plein jour,Hors agglomération,Autre intersection,Vent fort / tempête,Trois véhicules et plus - en chaîne,3,2,2,0,1,1,1,0,1,80,5,6,3,0,0,3,46.0,45.0,voiture,voiture,1,1,9,6,4
202000036574,2020-08-30 12:40:00,2020,8,30,12,40,83,83126,IVALDI (AV JEAN BAPTISTE),43.09078,5.88131,Plein jour,En agglomération,Hors intersection,Normale,Deux véhicules - côté,3,3,2,0,2,1,1,5,1,50,2,2,1,0,0,1,77.0,22.0,voiture,deux_roues,1,2,1,1,3
202000036575,2020-02-09 14:55:00,2020,2,9,14,55,64,64061,cd 32,43.399057,-0.570169,Plein jour,En agglomération,Giratoire,Normale,Deux véhicules - côté,3,1,1,0,1,2,1,9,1,50,2,2,1,0,1,0,54.0,46.0,voiture,deux_roues,1,2,6,1,3
202000036576,2020-02-11 15:15:00,2020,2,11,15,15,12,12041,D58,44.1777463,2.3172782,Plein jour,Hors agglomération,Hors intersection,Pluie légère,Deux véhicules - côté,3,2,2,0,1,1,2,0,1,80,2,3,1,0,2,0,65.0,25.0,voiture,voiture,1,1,1,2,3
202000036577,2020-08-30 01:10:00,2020,8,30,1,10,80,80021,DELIVRANCE (RUE DE LA),49.88582,2.3284,Nuit avec éclairage allumé,En agglomération,Hors intersection,Normale,Deux véhicules - arrière,4,1,1,0,1,1,1,0,1,50,2,3,0,0,0,3,39.0,,voiture,,5,2,1,1,2
202000036578,2020-02-11 02:14:00,2020,2,11,2,14,35,35066,N137 échangeur Chartres de Bretagne,48.039557,-1.686444,Nuit sans éclairage public,Hors agglomération,Autre intersection,Pluie légère,Sans collision,2,1,1,0,1,3,2,3,3,50,1,1,0,0,1,0,36.0,,voiture,,3,1,9,2,7
202000036579,2020-08-21 18:00:00,2020,8,21,18,0,76,76540,LYONS LA FORET. RUE DE,49.43644,1.13384,Plein jour,En agglomération,Intersection en X,Normale,Autre collision,3,1,2,0,1,1,1,-1,1,70,1,2,1,0,0,1,30.0,,voiture,,1,2,2,1,6
202000036580,2020-02-10 23:00:00,2020,2,10,23,0,87,87019,"A20, sens surd/nord PK194+350",45.747642,1.339645,Nuit sans éclairage public,Hors agglomération,Hors intersection,Pluie légère,Deux véhicules - arrière,1,1,4,0,3,2,2,0,1,130,2,3,2,0,1,0,52.0,33.0,voiture,voiture,3,1,1,2,2
202000036581,2020-02-10 19:30:00,2020,2,10,19,30,76,76244,A28,49.715562,1.413283,Nuit sans éclairage public,Hors agglomération,Hors intersection,Pluie légère,Autre collision,1,3,4,0,1,1,2,0,3,130,1,2,1,0,0,1,72.0,,voiture,,3,1,1,2,6
202000036582,2020-08-30 04:35:00,2020,8,30,4,35,76,76447,COMMUNE 1871 (DE LA),49.545,0.18863,Nuit avec éclairage allumé,En agglomération,Intersection en X,Pluie légère,Deux véhicules - côté,4,2,2,0,1,1,2,0,1,50,2,5,2,0,0,3,20.0,20.0,voiture,voiture,5,2,2,2,3
202000036583,2020-08-29 00:20:00,2020,8,29,0,20,76,76351,GEORGES LAFAURIE (RUE),49.5013,0.1141,Nuit avec éclairage allumé,En agglomération,Hors intersection,Pluie légère,,4,2,2,0,2,1,2,0,1,50,2,3,2,0,1,0,54.0,25.0,voiture,voiture,5,2,1,2,-1
202000036584,2020-02-08 11:55:00,2020,2,8,11,55,51,51278,D944,49.0824789,4.28088,Plein jour,Hors agglomération,Hors intersection,Temps couvert,Sans collision,3,2,2,0,1,1,1,0,1,80,1,1,0,0,1,0,59.0,,voiture,,1,1,1,8,7
202000036585,2020-02-11 07:40:00,2020,2,11,7,40,30,30096,Route de Saint Gely,44.211641,4.494642,Crépuscule ou aube,Hors agglomération,Intersection en T,Normale,Deux véhicules - frontale,3,2,2,0,3,2,1,0,1,80,2,2,1,0,1,0,45.0,56.0,utilitaire_camion,deux_roues,2,1,3,1,1
202000036586,2020-08-31 16:40:00,2020,8,31,16,40,74,74010,BARATTES (AVENUE DES),45.90717,6.14071,Plein jour,En agglomération,Intersection en X,Normale,Deux véhicules - côté,3,2,2,0,1,1,1,5,1,30,2,2,1,0,1,0,50.0,84.0,utilitaire_camion,deux_roues,1,2,2,1,3
202000036587,2020-08-30 21:20:00,2020,8,30,21,20,69,69266,ROGER SALENGRO     (Avenue),45.7806,4.88367,Nuit avec éclairage allumé,En agglomération,Hors intersection,Normale,Deux véhicules - arrière,4,2,4,3,1,1,1,0,1,50,2,5,3,0,0,2,44.0,26.0,voiture,voiture,5,2,1,1,2
202000036588,2020-08-27 11:00:00,2020,8,27,11,0,69,69266,POUDRETTE     (Rue de la),45.7645,4.91914,Plein jour,En agglomération,Intersection en T,Normale,,4,2,2,0,1,1,1,0,1,50,1,2,1,0,1,0,53.0,,utilitaire_camion,,1,2,3,1,-1
202000036589,2020-08-30 12:45:00,2020,8,30,12,45,67,67447,BARRAGE (RUE DU),48.6040354,7.7507812,Plein jour,En agglomération,Hors intersection,Pluie légère,Autre collision,7,2,2,0,1,2,2,9,3,50,1,1,0,0,0,1,42.0,,voiture,,1,2,1,2,6
202000036590,2020-02-10 07:10:00,2020,2,10,7,10,30,30034,Route départementale 38,43.761831,4.525058,Crépuscule ou aube,Hors agglomération,Autre intersection,Normale,Deux véhicules - frontale,3,2,2,0,1,2,1,0,1,80,2,2,0,0,1,1,42.0,28.0,voiture,voiture,2,1,9,1,1
202000036591,2020-08-30 10:45:00,2020,8,30,10,45,67,67482,FINKWILLER (QUAI),48.5787588,7.7448366,Plein jour,En agglomération,Intersection en T,Pluie légère,Autre collision,4,2,2,0,1,1,2,2,1,50,1,2,1,0,0,1,35.0,,voiture,,1,2,3,2,6
202000036592,2020-02-11 00:30:00,2020,2,11,0,30,03,03086,,46.4718366,3.8693947,Nuit sans éclairage public,Hors agglomération,Hors intersection,Pluie légère,Deux véhicules - frontale,2,2,2,0,2,3,2,0,1,80,2,2,0,1,0,1,42.0,43.0,utilitaire_camion,voiture,3,1,1,2,1
202000036593,2020-08-29 00:40:00,2020,8,29,0,40,67,67482,LA WANTZENAU (ROUTE DE),48.6145882,7.7842641,Nuit avec éclairage allumé,En agglomération,Hors intersection,Normale,Deux véhicules - frontale,4,2,2,0,1,1,1,0,1,50,2,3,2,0,0,1,33.0,35.0,voiture,voiture,5,2,1,1,1
202000036594,2020-08-31 09:38:00,2020,8,31,9,38,66,66136,PANCHOT (AVENUE JULIEN),42.685354,2.8673787,Plein jour,En agglomération,Hors intersection,Normale,Deux véhicules - arrière,4,2,1,0,1,1,1,0,1,50,2,2,1,0,0,1,31.0,41.0,deux_roues,voiture,1,2,1,1,2
202000036595,2020-07-28 15:50:00,2020,7,28,15,50,62,62570,RD 40,50.3946353,2.8648279,Plein jour,Hors agglomération,Intersection en X,Normale,Deux véhicules - côté,3,2,0,0,1,1,1,0,1,70,2,3,2,0,0,1,38.0,36.0,voiture,voiture,1,1,2,1,3
202000036596,2020-08-30 19:45:00,2020,8,30,19,45,62,62108,QUETTIER,50.41113,1.57557,Crépuscule ou aube,En agglomération,Hors intersection,Temps couvert,Deux véhicules - côté,4,2,2,0,1,1,1,5,1,50,2,2,1,0,0,1,63.0,38.0,voiture,deux_roues,2,2,1,8,3
202000036597,2020-02-09 22:30:00,2020,2,9,22,30,57,57661,1 Route de Wissembourg,49.051894,7.604164,Nuit avec éclairage non allumé,Hors agglomération,Hors intersection,Vent fort / tempête,Autre collision,3,2,2,0,1,1,2,0,8,80,1,2,1,0,1,0,28.0,,voiture,,4,1,1,6,6
202000036598,2020-08-28 14:16:00,2020,8,28,14,16,56,56098,LECLERC (AVENUE  GENERAL ),47.76308,-3.34955,Plein jour,En agglomération,Giratoire,Normale,Deux véhicules - arrière,4,2,3,1,1,1,2,5,1,30,2,2,1,0,0,1,49.0,63.0,voiture,voiture,1,2,6,1,2
202000036599,2020-08-28 11:30:00,2020,8,28,11,30,56,56083,POMPIDOU ( AVENUE GEORGES ),47.79981,-3.2606,Plein jour,En agglomération,Giratoire,Normale,Deux véhicules - arrière,4,2,2,0,3,1,1,0,1,50,2,3,2,0,0,1,55.0,45.0,deux_roues,voiture,1,2,6,1,2
202000036600,2020-08-31 12:40:00,2020,8,31,12,40,51,51454,Place des Combattants d'A.F.N,49.2197574,4.0207598,Plein jour,En agglomération,Place,Normale,Sans collision,3,3,2,0,1,3,8,5,1,50,1,2,0,0,0,2,34.0,,deux_roues,,1,2,7,1,7
202000036601,2020-08-28 16:40:00,2020,8,28,16,40,49,49007,FAURE QUAI,47.48231,-0.54988,Plein jour,En agglomération,Hors intersection,Normale,Deux véhicules - côté,3,-1,2,0,1,1,1,0,1,50,2,2,1,0,0,1,61.0,23.0,voiture,deux_roues,1,2,1,1,3
202000036602,2020-08-28 14:10:00,2020,8,28,14,10,49,49007,HAUTE DES BANCHAIS,47.4837,-0.51381,Plein jour,En agglomération,Hors intersection,Normale,Sans collision,4,2,2,0,1,1,1,0,1,50,1,1,0,0,0,1,20.0,,deux_roues,,1,2,1,1,7
202000036603,2020-09-01 00:30:00,2020,9,1,0,30,45,45234,Route d’Olivet,47.88263,1.9038,Nuit avec éclairage allumé,En agglomération,Intersection en X,Normale,Deux véhicules - côté,4,2,2,0,1,1,1,0,1,50,2,2,0,0,0,2,22.0,36.0,deux_roues,deux_roues,5,2,2,1,3
202000036604,2020-02-06 16:00:00,2020,2,6,16,0,56,56177,Route de Sainte Anne d'Auray,47.764495,-3.000024,Plein jour,Hors agglomération,Hors intersection,Normale,Deux véhicules - arrière,3,2,2,0,1,1,1,0,1,80,2,2,1,0,1,0,25.0,74.0,voiture,deux_roues,1,1,1,1,2
202000036605,2020-02-08 18:30:00,2020,2,8,18,30,59,59282,1307 Route de Dunkerque,50.815463,2.481952,Nuit avec éclairage allumé,Hors agglomération,Hors intersection,Normale,Deux véhicules - côté,3,2,2,0,2,1,1,0,1,70,2,2,1,0,1,0,81.0,60.0,voiture,deux_roues,5,1,1,1,3
202000036606,2020-02-10 02:45:00,2020,2,10,2,45,74,74267,931 Route d'Albertville,45.882689,6.141877,Nuit avec éclairage allumé,En agglomération,Hors intersection,Pluie forte,,3,2,2,0,1,1,2,0,1,50,2,2,1,0,1,0,31.0,34.0,deux_roues,voiture,5,2,1,3,-1
202000036607,2020-02-07 09:05:00,2020,2,7,9,5,78,78647,Rue de la Libération,48.933555,1.674337,Plein jour,Hors agglomération,Hors intersection,Normale,Sans collision,3,2,2,0,2,2,2,0,8,90,1,1,0,0,1,0,21.0,,voiture,,1,1,1,1,7
202000036608,2020-02-08 05:20:00,2020,2,8,5,20,76,76381,D7,49.795394,1.62529,Nuit sans éclairage public,Hors agglomération,Hors intersection,Vent fort / tempête,Autre collision,3,2,2,0,1,1,2,0,1,80,1,1,0,0,1,0,57.0,,voiture,,3,1,1,6,6
202000036609,2020-02-09 19:10:00,2020,2,9,19,10,79,79351,,46.444836,-0.567384,Nuit sans éclairage public,Hors agglomération,Hors intersection,Vent fort / tempête,Autre collision,3,2,2,0,2,2,2,0,3,80,1,1,0,0,1,0,48.0,,voiture,,3,1,1,6,6
202000036610,2020-02-12 16:30:00,2020,2,12,16,30,80,80281,D46,50.082637,2.0287733,Plein jour,Hors agglomération,Hors intersection,Normale,Sans collision,3,2,2,0,1,2,1,0,3,80,1,1,0,0,1,0,33.0,,voiture,,1,1,1,1,7
202000036611,2020-02-11 13:35:00,2020,2,11,13,35,80,80672,Rue des Celtes,49.9784445,2.5693461,Plein jour,Hors agglomération,Hors intersection,Vent fort / tempête,Autre collision,3,2,4,0,2,1,1,0,3,90,1,1,0,0,1,0,57.0,,deux_roues,,1,1,1,6,6
202000036612,2020-02-11 03:45:00,2020,2,11,3,45,82,82023,D928,43.945268,1.145593,Nuit sans éclairage public,Hors agglomération,Hors intersection,Normale,Autre collision,3,2,2,0,1,1,1,0,3,80,1,1,0,0,1,0,46.0,,voiture,,3,1,1,1,6
202000036613,2020-01-31 13:55:00,2020,1,31,13,55,33,33011,4 Place de l'Eglise,44.76709,-1.14007,Plein jour,En agglomération,Place,Normale,Autre collision,3,1,1,0,1,1,1,9,1,50,1,2,1,0,1,0,40.0,,voiture,,1,2,7,1,6
202000036614,2020-02-07 17:15:00,2020,2,7,17,15,63,63287,D999/D727 rte Vernet,45.522535,3.302523,Plein jour,Hors agglomération,Intersection en T,Normale,Deux véhicules - côté,3,2,2,0,1,1,1,0,1,80,2,3,2,0,1,0,50.0,79.0,voiture,voiture,1,1,3,1,3
202000036615,2020-02-11 22:50:00,2020,2,11,22,50,49,49155,Le Lion-d'Angers,47.6102532,-0.7055174,Nuit sans éclairage public,Hors agglomération,Hors intersection,Normale,Autre collision,3,3,4,0,1,3,1,0,3,110,1,1,0,0,1,0,24.0,,voiture,,3,1,1,1,6
202000036616,2020-02-09 23:40:00,2020,2,9,23,40,49,49002,D155,47.318221,0.009184,Nuit sans éclairage public,Hors agglomération,Hors intersection,Normale,Autre collision,3,2,2,0,1,1,1,0,3,80,1,2,1,0,1,0,22.0,,voiture,,3,1,1,1,6
202000036617,2020-01-31 14:00:00,2020,1,31,14,0,12,12286,RD 999,43.922534,2.822757,Plein jour,Hors agglomération,Hors intersection,Normale,Autre collision,3,2,2,0,1,1,1,0,3,80,1,2,0,0,1,1,49.0,,voiture,,1,1,1,1,6
202000036618,2020-02-11 17:45:00,2020,2,11,17,45,42,42300,Route des Forest,46.10016,4.293873,Plein jour,Hors agglomération,Hors intersection,Pluie légère,Deux véhicules - frontale,3,2,2,0,2,3,2,0,1,80,2,4,0,0,2,2,38.0,50.0,voiture,voiture,1,1,1,2,1
202000036619,2020-02-11 13:12:00,2020,2,11,13,12,68,68176,Rue de Friesen,47.561766,7.187374,Plein jour,En agglomération,Intersection en T,Pluie légère,Deux véhicules - arrière,3,2,2,0,2,1,2,5,1,30,2,2,1,0,0,1,51.0,28.0,voiture,voiture,1,2,3,2,2
202000036620,2020-02-12 06:50:00,2020,2,12,6,50,39,39328,,46.50313,5.715444,Nuit sans éclairage public,Hors agglomération,Hors intersection,Pluie légère,Autre collision,3,2,3,0,2,1,2,0,1,80,1,1,0,0,1,0,55.0,,voiture,,3,1,1,2,6
202000036621,2020-02-09 18:40:00,2020,2,9,18,40,29,29004,D106 - Lieu Dit Kernabat,47.909054,-3.623713,Nuit sans éclairage public,Hors agglomération,Passage à niveau,Vent fort / tempête,Sans collision,3,2,2,0,2,3,2,4,3,80,1,3,0,0,0,3,21.0,,voiture,,3,1,8,6,7
202000036622,2020-02-12 12:45:00,2020,2,12,12,45,29,29152,Rue de l'Etang,48.226417,-3.558497,Plein jour,Hors agglomération,Hors intersection,Normale,Autre collision,4,2,2,0,2,1,1,0,3,80,1,1,0,1,0,0,65.0,,voiture,,1,1,1,1,6
202000036623,2020-02-08 04:30:00,2020,2,8,4,30,02,02002,1 Rue Charles de Gaulle,49.685981,3.393691,Nuit sans éclairage public,En agglomération,Hors intersection,Normale,Autre collision,3,2,2,0,1,2,2,0,4,50,1,1,0,0,1,0,34.0,,voiture,,3,2,1,1,6
202000036624,2020-02-10 01:30:00,2020,2,10,1,30,01,01429,Route de Montcet,46.2147176,5.0889858,Nuit avec éclairage allumé,En agglomération,Intersection en T,Vent fort / tempête,Autre collision,3,2,2,0,1,1,1,0,3,50,1,2,0,0,1,1,21.0,,voiture,,5,2,3,6,6
202000036625,2020-02-11 16:52:00,2020,2,11,16,52,85,85190,D753,46.95454,-1.47105,Plein jour,Hors agglomération,Hors intersection,Temps couvert,Deux véhicules - arrière,3,2,2,0,1,1,9,0,1,80,2,3,1,0,1,1,21.0,43.0,voiture,utilitaire_camion,1,1,1,8,2
202000036626,2020-02-10 12:00:00,2020,2,10,12,0,70,70421,Rue Gilberte Lavaire,47.690879,6.038226,Plein jour,En agglomération,Hors intersection,Normale,Autre collision,2,2,2,0,1,1,1,2,1,50,1,2,1,1,0,0,87.0,,voiture,,1,2,1,1,6
202000036627,2020-02-09 08:00:00,2020,2,9,8,0,58,58037,Chaume des Bruyeres,47.270596,3.911154,Plein jour,Hors agglomération,Hors intersection,Normale,Deux véhicules - frontale,3,2,2,0,1,1,1,0,1,50,2,2,0,0,2,0,79.0,77.0,voiture,voiture,1,1,1,1,1
202000036628,2020-02-09 14:10:00,2020,2,9,14,10,66,66147,N320,42.565503,1.77794,Plein jour,Hors agglomération,Hors intersection,Normale,Trois véhicules et plus - collisions multiples,2,2,2,0,2,3,1,0,1,80,3,5,4,0,1,0,26.0,33.0,voiture,voiture,1,1,1,1,5
202000036629,2020-02-11 06:58:00,2020,2,11,6,58,06,06059,AVENUE RAYMOND POINCARE,43.723273,7.37998,Crépuscule ou aube,En agglomération,Hors intersection,Normale,Deux véhicules - côté,7,2,2,0,1,1,1,9,1,50,2,2,1,0,1,0,32.0,76.0,deux_roues,voiture,2,2,1,1,3
202000036630,2020-02-10 10:07:00,2020,2,10,10,7,06,06150,297 Route de Nice,43.744301,7.394067,Plein jour,En agglomération,Intersection en T,Normale,Deux véhicules - côté,3,2,2,0,1,1,1,0,1,50,2,2,1,0,1,0,19.0,50.0,deux_roues,voiture,1,2,3,1,3
202000036631,2020-02-12 14:15:00,2020,2,12,14,15,14,14177,D48,49.185903,0.209597,Plein jour,Hors agglomération,Hors intersection,Normale,Autre collision,3,2,2,0,1,1,1,0,8,80,1,1,0,0,1,0,57.0,,voiture,,1,1,1,1,6
202000036632,2020-02-09 01:15:00,2020,2,9,1,15,14,14708,D193,49.070037,-0.691522,Nuit sans éclairage public,Hors agglomération,Hors intersection,Normale,Autre collision,3,2,2,0,1,1,1,0,3,80,1,1,0,0,0,1,26.0,,voiture,,3,1,1,1,6
202000036633,2020-02-12 13:15:00,2020,2,12,13,15,09,09139,RN20  lieu-dit les maisons cantonières,42.604747,1.813495,Plein jour,Hors agglomération,Hors intersection,Normale,Trois véhicules et plus - collisions multiples,2,2,2,0,1,1,1,0,1,80,4,11,7,0,0,4,41.0,24.0,voiture,voiture,1,1,1,1,5
202000036634,2020-02-11 16:50:00,2020,2,11,16,50,73,73171,D1006  - 11 Quai de l'Isère,45.498903,6.059738,Plein jour,En agglomération,Hors intersection,Pluie légère,Autre collision,3,2,2,0,1,1,2,0,1,50,1,2,1,0,1,0,82.0,,voiture,,1,2,1,2,6
202000036635,2020-02-12 14:05:00,2020,2,12,14,5,43,43141,9 Avenue du 19 Mars 1962,45.185625,4.313051,Plein jour,En agglomération,Hors intersection,Normale,,3,2,2,0,1,1,1,0,1,50,2,3,1,0,1,1,16.0,90.0,deux_roues,voiture,1,2,1,1,-1
202000036636,2020-02-10 04:45:00,2020,2,10,4,45,04,04006,L'Aiguille (Cinéma),44.291599,6.566793,Nuit avec éclairage allumé,En agglomération,Hors intersection,Pluie forte,Sans collision,4,2,2,0,2,3,2,0,8,50,1,2,1,0,1,0,31.0,,voiture,,5,2,1,3,7
202000036637,2020-02-11 13:00:00,2020,2,11,13,0,27,27385,D139,49.370763,0.532687,Plein jour,Hors agglomération,Intersection en X,Normale,Trois véhicules et plus - en chaîne,3,2,2,0,1,1,1,0,1,80,4,7,4,0,0,3,31.0,26.0,voiture,voiture,1,1,2,1,4
202000036638,2020-02-10 20:00:00,2020,2,10,20,0,27,27638,Rue Francois Mitterrand,49.253682,0.92489,Nuit sans éclairage public,En agglomération,Hors intersection,Vent fort / tempête,Autre collision,3,2,2,0,2,3,2,0,1,50,1,1,0,0,1,0,40.0,,voiture,,3,2,1,6,6
202000036639,2020-02-11 09:00:00,2020,2,11,9,0,27,27226,D14B,49.301425,1.643765,Plein jour,Hors agglomération,Hors intersection,Vent fort / tempête,Deux véhicules - frontale,3,2,2,0,1,1,8,0,1,80,2,2,0,0,2,0,33.0,30.0,voiture,voiture,1,1,1,6,1
202000036640,2020-02-11 09:00:00,2020,2,11,9,0,27,27056,Avenue Lottin de Laval,49.096882,0.604162,Plein jour,En agglomération,Intersection en T,Temps éblouissant,Deux véhicules - côté,3,2,2,0,2,1,2,0,1,30,2,2,1,0,1,0,26.0,18.0,voiture,deux_roues,1,2,3,7,3
202000036641,2020-02-12 04:30:00,2020,2,12,4,30,987,98734,pk 34.200,-17.723379,-149.50573,Nuit avec éclairage allumé,En agglomération,Hors intersection,Normale,Deux véhicules - frontale,2,2,2,0,1,1,2,0,1,60,2,2,1,1,0,0,51.0,29.0,deux_roues,voiture,5,2,1,1,1
202000036642,2020-02-08 22:40:00,2020,2,8,22,40,987,98752,RT1 PK 53+800,-17.722055,-149.404653,Nuit sans éclairage public,Hors agglomération,Hors intersection,Pluie légère,Sans collision,2,2,2,0,1,3,2,0,8,-1,1,2,1,0,0,1,38.0,,voiture,,3,1,1,2,7
202000036643,2020-02-10 20:55:00,2020,2,10,20,55,77,77295,A5 pk 09+600,48.5692904,2.7544465,Nuit sans éclairage public,Hors agglomération,Autre intersection,Pluie forte,,1,3,3,0,1,1,2,0,1,130,3,4,3,0,0,1,26.0,54.0,voiture,voiture,3,1,9,3,-1
202000036644,2020-02-12 18:31:00,2020,2,12,18,31,38,38095,A49,45.13194,5.31164,Crépuscule ou aube,Hors agglomération,Hors intersection,Normale,Sans collision,1,3,4,0,1,1,1,0,2,130,1,3,0,0,1,2,20.0,,voiture,,2,1,1,1,7
202000036645,2020-02-10 07:00:00,2020,2,10,7,0,13,13113,A51,43.596741,5.489388,Nuit sans éclairage public,Hors agglomération,Hors intersection,Normale,Trois véhicules et plus - en chaîne,1,3,4,0,1,2,1,0,1,130,4,4,3,0,0,1,28.0,32.0,voiture,voiture,3,1,1,1,4