accident_id,datetime,annee,mois,jour,heure,minute,departement,commune_insee,adresse,latitude,longitude,luminosite,agglomeration,intersection,meteo,collision,catr,circ,nbv,vosp,prof,plan,surf,infra,situ,vma,nb_vehicules,nb_usagers,nb_indemnes,nb_tues,nb_blesses_hosp,nb_blesses_legers,age_cond_1,age_cond_2,veh_type_cond_1,veh_type_cond_2,lum_code,agg_code,int_code,atm_code,col_code
202000036646,2020-02-12 06:40:00,2020,2,12,6,40,973,97309,Route de Montjoly,4.917736,-52.277219,Plein jour,En agglomération,Intersection en T,Normale,Deux véhicules - frontale,3,2,2,1,1,1,1,0,5,50,2,2,1,0,1,0,24.0,20.0,deux_roues,voiture,1,2,3,1,1
202000036647,2020-02-10 16:44:00,2020,2,10,16,44,01,01213,A42,45.945973,5.297695,Plein jour,Hors agglomération,Hors intersection,Normale,Sans collision,1,1,2,0,1,1,1,2,3,130,1,1,0,0,0,1,64.0,,voiture,,1,1,1,1,7
202000036648,2020-02-12 15:20:00,2020,2,12,15,20,66,66012,616 Route Nationale,42.7029238,2.8288532,Plein jour,En agglomération,Hors intersection,Normale,Sans collision,3,2,2,0,1,1,1,0,1,50,1,1,0,0,1,0,19.0,,deux_roues,,1,2,1,1,7
202000036649,2020-02-11 07:40:00,2020,2,11,7,40,17,17339,D142,45.465398,-0.445204,Nuit sans éclairage public,Hors agglomération,Hors intersection,Temps couvert,Deux véhicules - frontale,3,2,2,0,2,1,2,0,1,80,2,2,1,0,1,0,45.0,16.0,utilitaire_camion,voiture,3,1,1,8,1
202000036650,2020-02-10 17:43:00,2020,2,10,17,43,69,69248,Rue de la Roche,46.032979,4.281948,Crépuscule ou aube,En agglomération,Hors intersection,Normale,Deux véhicules - frontale,4,2,2,0,2,2,1,0,1,50,2,3,1,0,0,2,61.0,61.0,utilitaire_camion,transport_commun,2,2,1,1,1
202000036651,2020-02-11 12:30:00,2020,2,11,12,30,59,59377,A  26 PK 138 sens REIMS/CALAIS,50.119257,3.15608,Plein jour,Hors agglomération,Autre intersection,Neige / grêle,Sans collision,1,1,2,0,2,1,5,0,2,130,1,2,1,0,1,0,74.0,,voiture,,1,1,9,4,7
202000036652,2020-02-10 18:40:00,2020,2,10,18,40,33,33005,9 Avenue de Bordeaux,44.742554,-1.097699,Nuit avec éclairage allumé,En agglomération,Hors intersection,Normale,,3,2,2,0,1,1,1,9,1,30,2,2,1,0,1,0,27.0,18.0,voiture,deux_roues,5,2,1,1,-1
202000036653,2020-02-09 10:50:00,2020,2,9,10,50,988,98822,tribu de Tieti - PR 137,-20.91647,165.30425,Plein jour,Hors agglomération,Intersection en T,Normale,Sans collision,2,2,2,0,1,2,1,0,3,90,1,1,0,0,1,0,20.0,,voiture,,1,1,3,1,7
202000036654,2020-02-06 21:00:00,2020,2,6,21,0,974,97418,5 Rue Fleur de Jade,-20.91749,55.529472,Nuit avec éclairage allumé,En agglomération,Hors intersection,Normale,Deux véhicules - côté,4,2,2,0,2,1,1,0,1,50,2,2,1,0,1,0,20.0,18.0,voiture,deux_roues,5,2,1,1,3
202000036655,2020-02-09 22:00:00,2020,2,9,22,0,973,97311,5 rue Rivierez,5.4998476,-54.0295494,Nuit avec éclairage allumé,En agglomération,Intersection en T,Normale,Trois véhicules et plus - en chaîne,4,2,2,0,1,1,1,0,1,50,3,4,0,0,0,4,21.0,21.0,deux_roues,deux_roues,5,2,3,1,4
202000036656,2020-02-11 09:20:00,2020,2,11,9,20,971,97125,Saint Jacques,16.267589,-61.320029,Plein jour,Hors agglomération,Intersection en X,Normale,Trois véhicules et plus - en chaîne,3,2,2,0,1,1,1,0,1,70,3,7,3,0,3,1,62.0,49.0,voiture,utilitaire_camion,1,1,2,1,4
202000036657,2020-02-09 16:15:00,2020,2,9,16,15,45,45210,Chemin des Lorrains,47.866638,2.830578,Plein jour,En agglomération,Hors intersection,Vent fort / tempête,Autre collision,4,2,2,0,1,1,1,0,1,50,1,1,0,0,0,1,23.0,,deux_roues,,1,2,1,6,6
202000036658,2020-02-10 15:20:00,2020,2,10,15,20,95,95012,Sente du Petit Roconval,49.105877,1.633519,Plein jour,Hors agglomération,Hors intersection,Pluie légère,Autre collision,4,2,2,0,1,1,2,0,3,30,1,2,1,0,1,0,60.0,,utilitaire_camion,,1,1,1,2,6
202000036659,2020-02-07 17:20:00,2020,2,7,17,20,66,66227,D39,42.64108,2.90638,Plein jour,Hors agglomération,Hors intersection,Normale,Sans collision,3,2,2,0,1,1,1,0,1,70,1,2,1,0,0,1,30.0,,utilitaire_camion,,1,1,1,1,7
202000036660,2020-01-30 19:15:00,2020,1,30,19,15,30,30307,Rue Jean Delpuech,44.193421,4.043473,Nuit avec éclairage allumé,En agglomération,Hors intersection,Pluie légère,Autre collision,2,2,2,0,1,1,2,6,1,50,1,2,1,0,0,1,49.0,,voiture,,5,2,1,2,6
202000036661,2020-02-08 18:10:00,2020,2,8,18,10,34,34057,Avenue Roger Salengro,43.632549,3.896407,Nuit avec éclairage allumé,En agglomération,Autre intersection,Pluie légère,Autre collision,4,-1,1,0,1,1,2,6,8,15,1,2,1,1,0,0,82.0,,voiture,,5,2,9,2,6
202000036662,2020-02-08 09:30:00,2020,2,8,9,30,83,83115,Avenue Raoul Nordling,43.300587,6.625485,Plein jour,En agglomération,Giratoire,Normale,Deux véhicules - côté,3,2,2,0,1,1,1,5,1,50,2,2,1,0,1,0,75.0,80.0,voiture,deux_roues,1,2,6,1,3
202000036663,2020-02-10 17:50:00,2020,2,10,17,50,83,83068,RD558,43.273212,6.520252,Crépuscule ou aube,En agglomération,Hors intersection,Normale,Deux véhicules - frontale,3,2,2,0,3,4,1,0,1,50,2,2,1,0,0,1,24.0,37.0,voiture,voiture,2,2,1,1,1
202000036664,2020-02-12 19:20:00,2020,2,12,19,20,13,13053,Avenue de Craponne,43.731772,5.172327,Nuit avec éclairage allumé,En agglomération,Intersection en T,Normale,Deux véhicules - côté,3,1,1,0,1,1,1,0,1,50,2,2,1,0,1,0,40.0,34.0,voiture,deux_roues,5,2,3,1,3
202000036665,2020-02-11 11:00:00,2020,2,11,11,0,13,13041,D7N route de luynes,43.471826,5.444412,Plein jour,Hors agglomération,Hors intersection,Normale,,3,2,2,0,1,1,1,0,1,90,4,4,1,0,0,3,36.0,53.0,voiture,voiture,1,1,1,1,-1
202000036666,2020-02-12 10:25:00,2020,2,12,10,25,89,89257,43 Rue Victor Hugo,47.958117,3.531675,Plein jour,En agglomération,Hors intersection,Normale,Autre collision,3,2,2,0,1,3,1,0,1,50,1,2,1,1,0,0,83.0,,voiture,,1,2,1,1,6
202000036667,2020-02-11 15:40:00,2020,2,11,15,40,21,21261,Rue de la Chassagne,47.2669343,5.1611645,Plein jour,Hors agglomération,Hors intersection,Normale,Autre collision,4,2,2,0,1,4,1,0,3,30,1,3,0,0,1,2,22.0,,voiture,,1,1,1,1,6
202000036668,2020-02-11 21:00:00,2020,2,11,21,0,21,21209,D108,47.3258425,5.142683,Nuit sans éclairage public,En agglomération,Hors intersection,Normale,Sans collision,3,3,2,0,1,2,1,0,1,50,1,1,0,0,1,0,63.0,,deux_roues,,3,2,1,1,7
202000036669,2020-02-11 08:50:00,2020,2,11,8,50,67,67442,12 Rue Froehn,48.594613,7.504422,Crépuscule ou aube,Hors agglomération,Intersection en T,Vent fort / tempête,Deux véhicules - frontale,3,2,2,0,1,1,1,0,1,80,2,3,1,0,0,2,37.0,26.0,utilitaire_camion,voiture,2,1,3,6,1
202000036670,2020-02-09 03:20:00,2020,2,9,3,20,57,57190,35 Rue de Lorraine,49.05941,6.550432,Nuit avec éclairage allumé,En agglomération,Hors intersection,Normale,Autre collision,3,2,2,0,2,1,1,0,4,50,1,1,0,0,1,0,38.0,,voiture,,5,2,1,1,6
202000036671,2020-02-10 07:50:00,2020,2,10,7,50,03,03086,,46.4726347,3.8638848,Plein jour,Hors agglomération,Hors intersection,Vent fort / tempête,Sans collision,2,2,2,0,1,1,1,0,2,80,1,1,0,0,1,0,39.0,,utilitaire_camion,,1,1,1,6,7
202000036672,2020-01-02 15:30:00,2020,1,2,15,30,73,73243,D 912,45.5854035,5.9790454,Plein jour,Hors agglomération,Hors intersection,Normale,Autre collision,3,2,2,0,2,2,1,0,8,80,1,3,0,0,1,2,72.0,,voiture,,1,1,1,1,6
202000036673,2020-02-11 19:45:00,2020,2,11,19,45,38,38401,Rue Alsace Lorraine,45.562,5.43511,Nuit avec éclairage allumé,En agglomération,Intersection en T,Temps couvert,Deux véhicules - côté,3,2,2,0,1,1,2,0,1,50,2,2,1,0,1,0,33.0,18.0,voiture,deux_roues,5,2,3,8,3
202000036674,2020-02-07 08:00:00,2020,2,7,8,0,38,38374,Route du Bugey,45.6642333,5.3276989,Plein jour,Hors agglomération,Intersection en T,Normale,Deux véhicules - côté,3,2,2,0,1,1,1,0,1,70,2,2,1,0,0,1,34.0,63.0,voiture,voiture,1,1,3,1,3
202000036675,2020-02-12 08:10:00,2020,2,12,8,10,38,38565,D1075,45.296279,5.628712,Plein jour,En agglomération,Giratoire,Normale,Autre collision,3,3,2,0,1,3,1,5,1,70,1,2,1,0,0,1,46.0,,voiture,,1,2,6,1,6
202000036676,2020-02-12 16:00:00,2020,2,12,16,0,01,01342,D61,45.894025,5.050177,Plein jour,En agglomération,Hors intersection,Normale,Trois véhicules et plus - collisions multiples,3,2,2,0,2,1,1,0,1,50,3,3,1,0,0,2,69.0,17.0,voiture,deux_roues,1,2,1,1,5
202000036677,2020-02-07 21:20:00,2020,2,7,21,20,81,81099,78 Route de Montauban,43.904286,1.865734,Nuit sans éclairage public,Hors agglomération,Hors intersection,Normale,Autre collision,3,2,2,0,1,2,1,0,3,80,1,1,0,0,1,0,23.0,,voiture,,3,1,1,1,6
202000036678,2020-02-08 09:00:00,2020,2,8,9,0,47,47157,Rue Albert Camus,44.497565,0.177476,Plein jour,En agglomération,Passage à niveau,Normale,Deux véhicules - côté,4,2,2,-1,1,1,1,4,6,50,2,2,1,1,0,0,50.0,54.0,transport_commun,deux_roues,1,2,8,1,3
202000036679,2020-02-11 06:15:00,2020,2,11,6,15,33,33293,PK 42+250 RN89 sens Bordeaux/ Libourne,44.87748,-0.41087,Nuit sans éclairage public,Hors agglomération,Hors intersection,Pluie légère,Trois véhicules et plus - collisions multiples,2,3,4,0,2,3,2,0,1,110,3,3,1,1,0,1,52.0,40.0,voiture,voiture,3,1,1,2,5
202000036680,2020-02-12 09:40:00,2020,2,12,9,40,85,85298,,46.593331,-1.757855,Plein jour,Hors agglomération,Intersection en T,Normale,Deux véhicules - arrière,3,2,2,0,1,1,1,0,1,80,2,2,1,0,0,1,51.0,54.0,deux_roues,utilitaire_camion,1,1,3,1,2
202000036681,2020-02-08 16:50:00,2020,2,8,16,50,53,53158,3 Rue de Bretagne,48.005626,-0.960379,Plein jour,En agglomération,Intersection en T,Temps éblouissant,Autre collision,3,2,2,0,1,1,2,0,1,50,1,2,1,0,1,0,66.0,,voiture,,1,2,3,7,6
202000036682,2020-02-11 07:40:00,2020,2,11,7,40,22,22134,52 Route de Tréguier,48.7838495,-3.3953269,Nuit sans éclairage public,Hors agglomération,Hors intersection,Pluie forte,Autre collision,3,2,2,0,1,1,2,0,1,70,1,2,1,0,1,0,28.0,,voiture,,3,1,1,3,6
202000036683,2020-02-06 12:25:00,2020,2,6,12,25,27,27165,D840,48.952064,0.946047,Plein jour,En agglomération,Giratoire,Normale,Deux véhicules - côté,3,-1,2,0,1,2,1,0,1,-1,2,2,1,0,0,1,16.0,31.0,deux_roues,utilitaire_camion,1,2,6,1,3
202000036684,2020-01-23 07:45:00,2020,1,23,7,45,62,62318,Route de Fromessent,50.517035,1.66474,Crépuscule ou aube,En agglomération,Intersection en X,Normale,Deux véhicules - côté,3,2,2,0,2,1,1,0,1,-1,2,2,1,0,1,0,52.0,27.0,deux_roues,voiture,2,2,2,1,3
202000036685,2020-02-07 14:40:00,2020,2,7,14,40,59,59091,RD642,50.73016,2.569739,Plein jour,Hors agglomération,Hors intersection,Normale,Deux véhicules - arrière,3,1,2,3,1,1,1,9,1,70,2,3,2,0,1,0,65.0,45.0,voiture,voiture,1,1,1,1,2
202000036686,2020-02-08 20:40:00,2020,2,8,20,40,13,13211,A50-Sens Marseille vers Aubagne,43.2926,5.4771,Nuit sans éclairage public,Hors agglomération,Hors intersection,Normale,Sans collision,1,4,4,0,1,1,1,0,1,90,1,1,0,0,0,1,30.0,,voiture,,3,1,1,1,7
202000036687,2020-02-11 08:55:00,2020,2,11,8,55,13,13055,A507 sens Aubagne- Marseille,43.330011,5.393578,Plein jour,Hors agglomération,Hors intersection,Normale,Trois véhicules et plus - en chaîne,1,1,3,0,1,1,1,1,1,70,5,6,5,0,0,1,63.0,25.0,voiture,utilitaire_camion,1,1,1,1,4
202000036688,2020-02-08 00:50:00,2020,2,8,0,50,62,62637,AUTOROUTE A1,50.462613,2.97472,Nuit sans éclairage public,Hors agglomération,Hors intersection,Normale,Deux véhicules - arrière,1,3,6,0,1,1,1,0,1,130,2,2,1,0,0,1,45.0,45.0,utilitaire_camion,voiture,3,1,1,1,2
202000036689,2020-02-11 09:15:00,2020,2,11,9,15,91,91182,AUTOROUTE A6,48.62882,2.41159,Plein jour,Hors agglomération,Hors intersection,Normale,Trois véhicules et plus - en chaîne,1,3,6,0,1,1,2,8,1,70,6,6,3,0,0,3,61.0,56.0,utilitaire_camion,utilitaire_camion,1,1,1,1,4
202000036690,2020-02-11 09:03:00,2020,2,11,9,3,94,94021,AUTOROUTE A6A,48.76237,2.34107,Plein jour,Hors agglomération,Hors intersection,Normale,Deux véhicules - côté,1,1,3,0,1,1,2,0,1,90,2,2,1,0,0,1,30.0,53.0,voiture,deux_roues,1,1,1,1,3
202000036691,2020-02-11 04:30:00,2020,2,11,4,30,91,91161,AUTOROUTE A126,48.70891,2.30608,Nuit sans éclairage public,Hors agglomération,Hors intersection,Pluie légère,Deux véhicules - côté,1,1,2,0,2,3,2,3,1,50,2,2,1,0,0,1,43.0,49.0,utilitaire_camion,voiture,3,1,1,2,3
202000036692,2020-02-11 21:05:00,2020,2,11,21,5,78,78524,A13,48.839799,2.116454,Nuit sans éclairage public,Hors agglomération,Hors intersection,Normale,Deux véhicules - arrière,1,3,3,0,1,1,2,0,1,110,2,2,1,0,0,1,45.0,69.0,voiture,voiture,3,1,1,1,2
202000036693,2020-02-10 23:00:00,2020,2,10,23,0,93,93007,AUTOROUTE A1,48.95484,2.45751,Nuit avec éclairage non allumé,Hors agglomération,Hors intersection,Vent fort / tempête,Deux véhicules - arrière,1,3,8,0,1,1,2,0,1,110,2,2,1,0,0,1,32.0,35.0,voiture,utilitaire_camion,4,1,1,6,2
202000036694,2020-02-10 08:00:00,2020,2,10,8,0,93,93066,AUTOROUTE A1,48.9287,2.35902,Crépuscule ou aube,Hors agglomération,Hors intersection,Normale,Deux véhicules - côté,1,3,6,0,1,3,2,2,1,90,2,2,1,0,0,1,58.0,46.0,voiture,utilitaire_camion,2,1,1,1,3
202000036695,2020-02-10 11:00:00,2020,2,10,11,0,94,94017,A4,48.8287204,2.477022,Plein jour,Hors agglomération,Hors intersection,Normale,Sans collision,1,1,4,0,1,1,1,0,1,90,1,1,0,0,0,1,31.0,,voiture,,1,1,1,1,7
202000036696,2020-02-10 08:50:00,2020,2,10,8,50,94,94069,A4,48.8174408,2.4311863,Plein jour,Hors agglomération,Hors intersection,Normale,Deux véhicules - arrière,1,1,5,0,1,1,2,0,1,90,2,2,1,0,0,1,37.0,29.0,deux_roues,utilitaire_camion,1,1,1,1,2
202000036697,2020-02-09 23:30:00,2020,2,9,23,30,94,94079,A4,48.8347257,2.5370878,Nuit sans éclairage public,Hors agglomération,Hors intersection,Pluie forte,Deux véhicules - arrière,1,1,4,1,1,1,2,9,1,110,2,2,0,0,0,2,28.0,59.0,voiture,voiture,3,1,1,3,2
202000036698,2020-02-11 09:45:00,2020,2,11,9,45,988,98818,RUE JACQUES IEKAWE/AVENUE KOENIG,-22.23518,166.47753,Plein jour,En agglomération,Intersection en X,Normale,Deux véhicules - arrière,4,3,2,0,1,1,1,5,1,50,2,4,3,0,0,1,30.0,32.0,utilitaire_camion,voiture,1,2,2,1,2
202000036699,2020-02-11 10:45:00,2020,2,11,10,45,988,98818,RUE ROGER GERVOLINO/RUE MAX FROUIN,-22.24984,166.47057,Plein jour,En agglomération,Giratoire,Pluie forte,Sans collision,4,2,2,0,1,1,2,0,1,50,1,1,0,0,0,1,23.0,,deux_roues,,1,2,6,3,7
202000036700,2020-02-10 17:00:00,2020,2,10,17,0,974,97411,Avenue Marcel Hoarau,-20.90359,55.49197,Plein jour,En agglomération,Hors intersection,Normale,Deux véhicules - côté,4,2,2,0,1,1,2,0,1,50,2,2,1,0,1,0,22.0,52.0,deux_roues,voiture,1,2,1,1,3
202000036701,2020-02-10 07:55:00,2020,2,10,7,55,974,97407,ROUTE NATIONALE N° 1,-20.95222,55.31689,Plein jour,Hors agglomération,Hors intersection,Normale,Trois véhicules et plus - en chaîne,2,3,2,0,1,1,1,0,1,110,4,4,2,0,0,2,23.0,23.0,voiture,voiture,1,1,1,1,4
202000036702,2020-02-10 19:30:00,2020,2,10,19,30,973,97302,CRIQUE FOUILLEE (ROND POINT),4.8965168,-52.3287714,Crépuscule ou aube,Hors agglomération,Giratoire,Normale,Deux véhicules - côté,2,1,0,0,1,2,1,0,1,50,2,2,1,0,0,1,28.0,34.0,deux_roues,autre,2,1,6,1,3
202000036703,2020-02-09 22:15:00,2020,2,9,22,15,69,69385,QUARANTAINE (DE LA)                 (R ),45.75218,4.82177,Nuit avec éclairage allumé,En agglomération,Autre intersection,Vent fort / tempête,Sans collision,4,1,1,0,2,3,1,0,1,50,1,1,0,0,0,1,33.0,,deux_roues,,5,2,9,6,7
202000036704,2020-02-09 05:30:00,2020,2,9,5,30,971,97113,RN4 - SECTION RIVIERA,16.2176381,-61.4932305,Crépuscule ou aube,Hors agglomération,Hors intersection,Normale,Autre collision,2,2,2,0,1,1,2,9,3,70,1,2,0,0,0,2,37.0,,voiture,,2,1,1,1,6
202000036705,2020-02-07 10:02:00,2020,2,7,10,2,971,97120,QUAI LEFEVRE,16.2412,-61.53797,Plein jour,En agglomération,Hors intersection,Normale,Autre collision,4,2,2,0,1,1,1,0,1,50,1,2,1,0,0,1,60.0,,utilitaire_camion,,1,2,1,1,6
202000036706,2020-02-08 19:45:00,2020,2,8,19,45,971,97113,SECTION MATHURIN,16.22324,-61.5052,Nuit avec éclairage allumé,Hors agglomération,Hors intersection,Normale,Deux véhicules - frontale,4,2,1,0,1,4,1,0,1,50,2,4,3,0,1,0,53.0,63.0,voiture,voiture,5,1,1,1,1
202000036707,2020-02-10 12:05:00,2020,2,10,12,5,2A,2A004,CAMPI LOUIS BD,41.9440469,8.755294,Plein jour,En agglomération,Hors intersection,Pluie légère,Deux véhicules - côté,4,-1,2,0,1,1,2,0,1,50,2,2,1,0,1,0,31.0,17.0,deux_roues,voiture,1,2,1,2,3
202000036708,2020-02-09 06:45:00,2020,2,9,6,45,95,95488,A15,49.0105567,2.154279,Nuit sans éclairage public,Hors agglomération,Hors intersection,Normale,Trois véhicules et plus - collisions multiples,1,1,3,0,1,1,1,0,1,110,5,8,5,0,0,3,33.0,29.0,voiture,voiture,3,1,1,1,5
202000036709,2020-02-09 20:00:00,2020,2,9,20,0,95,95018,VERDUN (AVENUE DE),48.9548859,2.2423559,Nuit avec éclairage allumé,En agglomération,Intersection en X,Vent fort / tempête,Deux véhicules - côté,3,2,0,0,1,1,2,2,1,50,2,2,1,0,1,0,44.0,28.0,voiture,deux_roues,5,2,2,6,3
202000036710,2020-02-10 12:20:00,2020,2,10,12,20,91,91477,GENERAL DE GAULLE (AVENUE DU),48.7146,2.2486,Plein jour,En agglomération,Hors intersection,Normale,Deux véhicules - arrière,4,2,2,0,1,1,1,9,1,50,2,3,0,0,0,3,22.0,23.0,voiture,voiture,1,2,1,1,2
202000036711,2020-02-11 00:45:00,2020,2,11,0,45,91,91691,HENRI BARBUSSE(RUE)DU N°39 AU N°79,48.707951,2.493211,Nuit avec éclairage allumé,En agglomération,Autre intersection,Vent fort / tempête,Autre collision,4,2,2,0,1,2,2,0,1,50,1,2,1,0,0,1,20.0,,deux_roues,,5,2,9,6,6
202000036712,2020-02-09 10:10:00,2020,2,9,10,10,91,91433,RD 191,48.43435,2.19024,Plein jour,Hors agglomération,Hors intersection,Normale,Autre collision,3,2,2,0,2,1,1,0,1,80,1,2,1,0,0,1,59.0,,voiture,,1,1,1,1,6
202000036713,2020-02-10 12:30:00,2020,2,10,12,30,91,91201,HENRI BARBUSSE(BOULEVARD),48.69142,2.41192,Plein jour,En agglomération,Hors intersection,Vent fort / tempête,Autre collision,3,2,2,0,1,1,1,5,1,50,1,2,0,0,0,2,37.0,,deux_roues,,1,2,1,6,6
202000036714,2020-02-10 10:45:00,2020,2,10,10,45,85,85194,Sortie Parking,46.51418,-1.78821,Plein jour,En agglomération,Intersection en T,Normale,Deux véhicules - côté,5,1,1,1,1,1,1,0,5,50,2,2,1,0,0,1,63.0,27.0,deux_roues,voiture,1,2,3,1,3
202000036715,2020-02-08 14:35:00,2020,2,8,14,35,85,85194,Boulevard du Vendée Globe (Olonne-sur-Mer),46.51406,-1.76828,Plein jour,En agglomération,Giratoire,Temps couvert,Sans collision,3,1,1,0,1,2,2,0,1,50,1,1,0,0,1,0,54.0,,deux_roues,,1,2,6,8,7
202000036716,2020-02-07 13:00:00,2020,2,7,13,0,84,84007,AMANDIER (Avenue de l'),43.94732,4.85589,Plein jour,Hors agglomération,Hors intersection,Normale,Deux véhicules - arrière,3,2,2,0,1,1,1,0,1,50,2,2,1,0,1,0,38.0,41.0,deux_roues,voiture,1,1,1,1,2
202000036717,2020-02-09 18:50:00,2020,2,9,18,50,83,83123,Route de Bandol,43.131202,5.781471,Nuit avec éclairage allumé,En agglomération,Hors intersection,Normale,Deux véhicules - arrière,3,2,2,0,1,1,1,0,1,50,2,2,1,0,1,0,40.0,30.0,voiture,deux_roues,5,2,1,1,2
202000036718,2020-02-07 09:30:00,2020,2,7,9,30,80,80021,BEAUVILLE NORD (BOULEVARD DE),49.90648,2.31808,Plein jour,En agglomération,Hors intersection,Normale,Autre collision,4,2,6,0,1,1,1,0,1,30,1,2,1,0,0,1,56.0,,voiture,,1,2,1,1,6
202000036719,2020-02-10 09:15:00,2020,2,10,9,15,78,78440,RÉPUBLIQUE (RUE DE LA),48.985763,1.911882,Plein jour,En agglomération,Hors intersection,Normale,Sans collision,3,2,0,0,1,1,1,0,1,50,1,4,1,0,0,3,33.0,,transport_commun,,1,2,1,1,7
202000036720,2020-02-09 01:20:00,2020,2,9,1,20,76,76351,MICHEL FERE (QUAI),49.48859,0.11124,Nuit avec éclairage allumé,En agglomération,Intersection en T,Normale,Deux véhicules - côté,4,2,2,0,1,1,1,0,1,50,2,3,0,0,0,3,27.0,30.0,voiture,voiture,5,2,3,1,3
202000036721,2020-02-10 14:05:00,2020,2,10,14,5,74,74012,EUROPE (AVENUE DE L'),46.18312,6.2324,Plein jour,En agglomération,Hors intersection,Normale,Trois véhicules et plus - en chaîne,4,2,2,0,1,1,1,0,1,50,3,6,5,0,0,1,34.0,57.0,voiture,voiture,1,2,1,1,4
202000036722,2020-02-08 12:35:00,2020,2,8,12,35,71,71306,Avenue des Alouettes,46.6803051,4.3643396,Plein jour,En agglomération,Hors intersection,Normale,Autre collision,3,3,4,0,1,1,1,0,1,50,1,2,1,0,1,0,19.0,,voiture,,1,2,1,1,6
202000036723,2020-02-10 08:40:00,2020,2,10,8,40,69,69256,POUDRETTE (DE LA)                   (CH),45.7505797,4.91855,Plein jour,En agglomération,Intersection en T,Normale,Autre collision,4,2,2,0,1,1,1,0,1,50,1,2,1,0,0,1,32.0,,utilitaire_camion,,1,2,3,1,6
202000036724,2020-02-08 10:10:00,2020,2,8,10,10,68,68066,LOGELBACH ( RUE DU),48.081996,7.347861,Plein jour,En agglomération,Hors intersection,Normale,Autre collision,4,2,2,0,1,1,1,0,1,50,1,2,1,0,1,0,69.0,,voiture,,1,2,1,1,6
202000036725,2020-02-07 17:30:00,2020,2,7,17,30,66,66136,Chemin de Neguebous,42.712089,2.87368,Plein jour,Hors agglomération,Hors intersection,Normale,Deux véhicules - frontale,4,2,1,0,1,1,1,0,1,70,2,3,1,0,0,2,38.0,44.0,voiture,voiture,1,1,1,1,1
202000036726,2020-02-10 07:20:00,2020,2,10,7,20,66,66136,JULIEN PANCHOT (AVENUE),42.69286,2.8859,Nuit avec éclairage allumé,En agglomération,Intersection en T,Normale,Deux véhicules - côté,4,2,2,0,1,1,1,0,1,50,2,2,1,0,0,1,62.0,21.0,deux_roues,voiture,5,2,3,1,3
202000036727,2020-02-09 16:20:00,2020,2,9,16,20,66,66136,POINCARE (BOULEVARD HENRI),42.69159,2.89331,Plein jour,En agglomération,Hors intersection,Normale,Sans collision,4,2,3,0,1,1,1,0,1,50,1,2,1,0,0,1,37.0,,voiture,,1,2,1,1,7
202000036728,2020-02-10 19:00:00,2020,2,10,19,0,64,64445,LEON BERARD,43.31157,-0.36558,Nuit avec éclairage allumé,En agglomération,Autre intersection,Pluie légère,Deux véhicules - côté,4,4,2,0,1,1,2,9,1,50,2,2,1,0,0,1,21.0,45.0,deux_roues,voiture,5,2,9,2,3
202000036729,2020-02-10 08:20:00,2020,2,10,8,20,64,64445,GRAMONT,43.29642,-0.37428,Plein jour,En agglomération,Hors intersection,Normale,Deux véhicules - côté,4,1,2,2,2,1,1,0,1,30,2,2,1,0,0,1,57.0,27.0,deux_roues,voiture,1,2,1,1,3
202000036730,2020-02-10 16:00:00,2020,2,10,16,0,64,64024,BAYONNE (AVENUE DE),43.48068,-1.51377,Plein jour,En agglomération,Hors intersection,Temps couvert,Deux véhicules - frontale,3,2,3,3,1,1,1,0,1,50,2,2,1,0,0,1,53.0,17.0,voiture,deux_roues,1,2,1,8,1
202000036731,2020-02-10 17:00:00,2020,2,10,17,0,62,62193,CASTRES (CHEMIN),50.93967,1.88205,Plein jour,En agglomération,Intersection en Y,Vent fort / tempête,Deux véhicules - frontale,4,2,2,0,2,1,1,0,1,50,2,3,0,0,1,2,73.0,25.0,voiture,voiture,1,2,4,6,1
202000036732,2020-02-09 18:50:00,2020,2,9,18,50,59,59599,URSULINES (RUE DES),50.718991,3.155015,Nuit sans éclairage public,En agglomération,Intersection en X,Pluie forte,Autre collision,4,2,2,0,1,1,2,0,1,50,1,1,0,0,1,0,,,,,3,2,2,3,6
202000036733,2020-02-10 11:30:00,2020,2,10,11,30,59,59599,ROUSSEL (PLACE CHARLES ET ALBERT),50.72124,3.15831,Plein jour,En agglomération,Hors intersection,Normale,Autre collision,4,2,2,0,1,1,1,6,1,50,1,1,0,0,0,1,,,,,1,2,1,1,6
202000036734,2020-02-09 19:25:00,2020,2,9,19,25,59,59654,DUBOIS (RUE CELESTIN),50.38175,3.10787,Nuit avec éclairage allumé,En agglomération,Intersection en T,Vent fort / tempête,Deux véhicules - frontale,3,2,2,0,1,2,2,0,1,50,2,3,0,0,0,3,29.0,51.0,voiture,voiture,5,2,3,6,1
202000036735,2020-02-07 14:20:00,2020,2,7,14,20,57,57630,SARREGUEMINES,48.75062,7.06852,Plein jour,En agglomération,Hors intersection,Temps éblouissant,Deux véhicules - arrière,3,3,2,0,1,1,1,0,1,30,2,3,2,0,0,1,64.0,35.0,utilitaire_camion,utilitaire_camion,1,2,1,7,2
202000036736,2020-02-08 15:55:00,2020,2,8,15,55,56,56121,MONISTROL (RUE),47.73388,-3.38498,Plein jour,En agglomération,Hors intersection,Normale,Deux véhicules - côté,4,2,4,0,1,1,1,0,1,30,2,2,1,0,0,1,31.0,21.0,deux_roues,voiture,1,2,1,1,3