accident_id,datetime,annee,mois,jour,heure,minute,departement,commune_insee,adresse,latitude,longitude,luminosite,agglomeration,intersection,meteo,collision,catr,circ,nbv,vosp,prof,plan,surf,infra,situ,vma,nb_vehicules,nb_usagers,nb_indemnes,nb_tues,nb_blesses_hosp,nb_blesses_legers,age_cond_1,age_cond_2,veh_type_cond_1,veh_type_cond_2,lum_code,agg_code,int_code,atm_code,col_code
202000037011,2020-05-28 13:25:00,2020,5,28,13,25,53,53130,CHAPLET ( BOULEVARD FREDERIC ),48.06612,-0.78253,Plein jour,En agglomération,Hors intersection,Normale,Deux véhicules - côté,4,2,2,0,1,1,1,0,1,50,2,2,1,0,0,1,9.0,42.0,deux_roues,utilitaire_camion,1,2,1,1,3
202000037012,2020-05-21 20:30:00,2020,5,21,20,30,49,49007,RECULEE PROMENADE,47.48698,-0.54993,Plein jour,En agglomération,Hors intersection,Normale,Sans collision,4,2,1,3,1,1,1,9,6,30,1,1,0,0,1,0,55.0,,deux_roues,,1,2,1,1,7
202000037013,2020-05-28 14:57:00,2020,5,28,14,57,49,49353,FOUCAUDIERE,47.4578,-0.51489,Plein jour,En agglomération,Hors intersection,Normale,Deux véhicules - côté,4,2,2,0,1,1,1,0,1,60,2,2,1,0,0,1,36.0,44.0,deux_roues,voiture,1,2,1,1,3
202000037014,2020-05-29 12:00:00,2020,5,29,12,0,45,45234,131 Rue du Faubourg Bannier,47.9158219,1.8991166,Plein jour,En agglomération,Hors intersection,Normale,Deux véhicules - arrière,4,2,2,0,1,1,1,0,1,30,2,2,1,0,0,1,32.0,34.0,deux_roues,voiture,1,2,1,1,2
202000037015,2020-05-28 19:45:00,2020,5,28,19,45,42,42183,Avenue Maurice Thorez,45.40555,4.36668,Plein jour,En agglomération,Intersection en X,Normale,Deux véhicules - côté,4,-1,2,0,1,1,1,0,1,50,2,2,1,0,0,1,7.0,21.0,deux_roues,voiture,1,2,2,1,3
202000037016,2020-05-28 11:35:00,2020,5,28,11,35,37,37208,BEAUGAILLARD (AVENUE),47.3588615,0.7218559,Plein jour,En agglomération,Hors intersection,Normale,Deux véhicules - côté,7,-1,2,0,1,1,1,0,1,50,2,2,1,0,0,1,28.0,34.0,voiture,deux_roues,1,2,1,1,3
202000037017,2020-05-29 10:40:00,2020,5,29,10,40,37,37261,REMPART (RUE DU),47.3922011,0.7029779,Plein jour,En agglomération,Hors intersection,Normale,,4,1,1,0,1,1,1,0,4,50,2,2,1,0,0,1,50.0,32.0,deux_roues,voiture,1,2,1,1,-1
202000037018,2020-05-29 07:45:00,2020,5,29,7,45,37,37261,SAVONNIERES (ROUTE DE),47.3692619,0.6690981,Plein jour,En agglomération,Hors intersection,Normale,Deux véhicules - arrière,3,2,2,0,1,1,1,0,1,50,2,2,1,0,0,1,36.0,18.0,voiture,deux_roues,1,2,1,1,2
202000037019,2020-05-29 07:45:00,2020,5,29,7,45,37,37214,MURIER (RUE DU),47.4217774,0.6630115,Plein jour,En agglomération,Hors intersection,Normale,Deux véhicules - arrière,4,2,2,0,1,1,1,0,1,50,2,2,1,0,0,1,24.0,21.0,voiture,deux_roues,1,2,1,1,2
202000037020,2020-05-29 08:20:00,2020,5,29,8,20,35,35238,BEL AIR (DE),48.09379,-1.64615,Plein jour,En agglomération,Hors intersection,Normale,Deux véhicules - côté,4,2,2,0,1,1,1,0,1,50,2,2,1,0,0,1,48.0,31.0,deux_roues,voiture,1,2,1,1,3
202000037021,2020-05-29 22:20:00,2020,5,29,22,20,33,33281,CHEM DE LA PRINCESSE,44.80026,-0.70454,Nuit sans éclairage public,Hors agglomération,Hors intersection,Normale,Autre collision,4,2,2,0,1,2,1,0,3,50,1,1,0,0,0,1,49.0,,voiture,,3,1,1,1,6
202000037022,2020-05-29 20:45:00,2020,5,29,20,45,33,33063,RUE HIPPOLYTE MINIER,44.8238,-0.56752,Plein jour,En agglomération,Hors intersection,Normale,Autre collision,4,2,2,0,1,1,1,0,1,30,1,2,1,0,0,1,21.0,,deux_roues,,1,2,1,1,6
202000037023,2020-05-15 18:30:00,2020,5,15,18,30,33,33069,5  CRS LOUIS BLANC,44.86497,-0.59927,Plein jour,En agglomération,Hors intersection,Normale,Deux véhicules - côté,4,1,1,1,1,1,1,0,1,30,2,2,1,0,0,1,5.0,35.0,deux_roues,voiture,1,2,1,1,3
202000037024,2020-05-28 20:15:00,2020,5,28,20,15,31,31555,58 Avenue Jean Rieux,43.59622,1.46233,Plein jour,En agglomération,Hors intersection,Normale,Autre collision,4,2,2,0,2,1,1,0,1,50,1,1,0,0,1,0,,,,,1,2,1,1,6
202000037025,2020-05-25 15:48:00,2020,5,25,15,48,31,31555,Avenue des Etats Unis,43.64793,1.422,Plein jour,En agglomération,Autre intersection,Normale,Deux véhicules - côté,3,2,3,0,1,1,1,2,1,50,2,4,0,0,0,4,19.0,78.0,utilitaire_camion,voiture,1,2,9,1,3
202000037026,2020-05-29 20:20:00,2020,5,29,20,20,30,30189,MENDES FRANCE PIERRE (AVENUE),43.8254,4.37802,Plein jour,En agglomération,Hors intersection,Normale,Deux véhicules - côté,3,2,3,0,1,1,1,0,1,50,2,2,1,0,1,0,22.0,26.0,voiture,deux_roues,1,2,1,1,3
202000037027,2020-05-29 16:45:00,2020,5,29,16,45,30,30189,PERRIER GENERAL (RUE),43.83867,4.35749,Plein jour,En agglomération,Hors intersection,Normale,Autre collision,4,1,1,0,1,1,1,0,1,30,1,2,1,0,0,1,25.0,,voiture,,1,2,1,1,6
202000037028,2020-05-29 13:50:00,2020,5,29,13,50,29,29232,Route de Brest,48.0111503,-4.0796962,Plein jour,Hors agglomération,Hors intersection,Normale,Deux véhicules - arrière,3,2,2,0,1,1,1,0,1,70,2,2,1,0,0,1,20.0,27.0,deux_roues,voiture,1,1,1,1,2
202000037029,2020-05-29 09:25:00,2020,5,29,9,25,29,29019,Pont de l'Harteloire,48.3927781,-4.4997923,Plein jour,En agglomération,Hors intersection,Normale,Deux véhicules - arrière,4,2,2,0,1,1,1,2,1,50,2,2,1,0,0,1,22.0,33.0,voiture,voiture,1,2,1,1,2
202000037030,2020-05-23 14:40:00,2020,5,23,14,40,28,28220,BIENFAISANCE(RUE),48.428802,1.474627,Plein jour,En agglomération,Hors intersection,Normale,Autre collision,4,2,2,0,2,1,1,0,1,50,1,6,5,0,1,0,46.0,,voiture,,1,2,1,1,6
202000037031,2020-05-28 18:20:00,2020,5,28,18,20,25,25462,LA FONTAINE,46.90849,6.35358,Plein jour,En agglomération,Hors intersection,Normale,Autre collision,6,-1,-1,0,1,1,1,0,1,30,1,2,1,0,1,0,33.0,,voiture,,1,2,1,1,6
202000037032,2020-05-28 10:07:00,2020,5,28,10,7,25,25056,CASAMENE  CH. DE HALAGE DE,47.230876,6.033715,Nuit avec éclairage allumé,En agglomération,Autre intersection,Normale,Autre collision,9,2,2,2,1,1,1,1,6,20,1,2,1,0,0,1,70.0,,deux_roues,,5,2,9,1,6
202000037033,2020-05-29 16:10:00,2020,5,29,16,10,14,14243,HOUSSAUE (AVENUE CHARLES),49.389935,0.204897,Plein jour,En agglomération,Autre intersection,Normale,Deux véhicules - côté,3,2,2,0,1,1,1,0,1,50,2,4,1,0,0,3,87.0,80.0,voiture,voiture,1,2,9,1,3
202000037034,2020-05-29 17:15:00,2020,5,29,17,15,13,13209,SAINTE MARGUERITE (BOULEVARD),43.26576,5.40855,Plein jour,En agglomération,Hors intersection,Normale,Deux véhicules - frontale,4,2,2,0,1,1,1,0,1,30,2,2,1,0,1,0,51.0,77.0,deux_roues,voiture,1,2,1,1,1
202000037035,2020-05-29 07:40:00,2020,5,29,7,40,13,13208,PERIER (BOULEVARD),43.27977,5.38667,Plein jour,En agglomération,Hors intersection,Normale,Autre collision,4,2,3,3,1,1,1,0,1,50,1,1,0,0,0,1,,,,,1,2,1,1,6
202000037036,2020-05-24 18:55:00,2020,5,24,18,55,13,13201,BELGES (QUAI DES),43.29544,5.37439,Plein jour,En agglomération,Hors intersection,Normale,Autre collision,4,2,4,0,1,1,1,0,1,30,1,2,0,0,0,2,13.0,,deux_roues,,1,2,1,1,6
202000037037,2020-05-29 01:54:00,2020,5,29,1,54,13,13208,PARADIS (RUE),43.27475,5.38477,Nuit avec éclairage allumé,En agglomération,Hors intersection,Normale,Autre collision,4,2,2,0,2,1,1,0,4,50,1,1,0,0,0,1,19.0,,voiture,,5,2,1,1,6
202000037038,2020-05-28 11:00:00,2020,5,28,11,0,13,13208,BARRAL (BOULEVARD),43.264854,5.393775,Plein jour,En agglomération,Hors intersection,Normale,Deux véhicules - côté,4,2,2,0,1,1,1,0,1,50,2,2,1,0,0,1,44.0,59.0,voiture,deux_roues,1,2,1,1,3
202000037039,2020-05-28 09:45:00,2020,5,28,9,45,13,13047,CAPELETTE ROUTE DE LA,43.4964,4.9798,Plein jour,En agglomération,Intersection en T,Normale,Autre collision,7,2,2,0,1,4,1,0,1,50,1,2,1,0,0,1,70.0,,voiture,,1,2,3,1,6
202000037040,2020-05-29 13:20:00,2020,5,29,13,20,13,13001,ISAAC JULES (AV),43.54271,5.45496,Plein jour,En agglomération,Giratoire,Normale,,4,1,1,0,2,2,1,5,1,50,2,2,1,0,0,1,21.0,76.0,deux_roues,voiture,1,2,6,1,-1
202000037041,2020-05-28 21:00:00,2020,5,28,21,0,11,11069,RD 6113,43.20505,2.40548,Crépuscule ou aube,Hors agglomération,Hors intersection,Normale,Sans collision,3,3,4,0,1,3,1,0,3,90,1,1,0,0,0,1,47.0,,utilitaire_camion,,2,1,1,1,7
202000037042,2020-05-29 19:40:00,2020,5,29,19,40,06,06069,DRAGUIGNAN (ROUTE DE) - D2562-,43.64521,6.894564,Crépuscule ou aube,En agglomération,Hors intersection,Pluie légère,Autre collision,3,2,2,0,2,3,2,0,1,50,1,1,0,0,0,1,24.0,,voiture,,2,2,1,2,6
202000037043,2020-05-28 15:15:00,2020,5,28,15,15,06,06027,BESSET AVENUE CYRILLE,43.66302,7.15474,Plein jour,En agglomération,Hors intersection,Normale,Deux véhicules - arrière,4,2,2,0,1,3,1,0,1,50,2,2,1,0,0,1,43.0,49.0,voiture,deux_roues,1,2,1,1,2
202000037044,2020-05-28 19:50:00,2020,5,28,19,50,75,75114,BOULEVARD PERIPHERIQUE,48.824004,2.307669,Plein jour,En agglomération,Hors intersection,Normale,Deux véhicules - arrière,4,1,3,0,1,1,1,0,1,70,2,2,1,0,1,0,41.0,30.0,deux_roues,voiture,1,2,1,1,2
202000037045,2020-05-29 00:02:00,2020,5,29,0,2,75,75119,BD PERIPHERIQUE EXTERIEUR,48.8989038,2.3934398,Nuit avec éclairage allumé,En agglomération,Hors intersection,Normale,Autre collision,4,1,4,0,1,2,1,0,1,70,1,3,2,1,0,0,20.0,,voiture,,5,2,1,1,6
202000037046,2020-05-29 08:55:00,2020,5,29,8,55,75,75118,BOULEVARD NEY,48.8987158,2.3703678,Plein jour,En agglomération,Intersection en X,Normale,Deux véhicules - côté,4,2,2,1,1,1,1,0,1,50,2,2,1,0,0,1,49.0,47.0,transport_commun,deux_roues,1,2,2,1,3
202000037047,2020-05-29 09:50:00,2020,5,29,9,50,75,75117,AVENUE MAC MAHON,48.8773025,2.2944366,Plein jour,En agglomération,Intersection en Y,Normale,Deux véhicules - côté,4,2,3,0,2,1,1,0,1,30,2,2,1,0,0,1,45.0,19.0,utilitaire_camion,deux_roues,1,2,4,1,3
202000037048,2020-05-29 10:05:00,2020,5,29,10,5,75,75117,RUE POUCHET,48.892955,2.319616,Plein jour,En agglomération,Hors intersection,Normale,Autre collision,4,2,2,0,1,1,1,0,1,30,1,2,1,0,0,1,58.0,,deux_roues,,1,2,1,1,6
202000037049,2020-05-29 18:00:00,2020,5,29,18,0,75,75116,AVENUE VICTOR HUGO,48.868334,2.282191,Plein jour,En agglomération,Hors intersection,Normale,Deux véhicules - côté,4,2,2,0,1,1,1,0,1,50,2,2,1,0,0,1,27.0,16.0,voiture,deux_roues,1,2,1,1,3
202000037050,2020-05-27 19:40:00,2020,5,27,19,40,75,75116,AVENUE MARCEAU,48.868535,2.298909,Plein jour,En agglomération,Intersection en X,Normale,Deux véhicules - arrière,4,2,4,0,2,1,1,0,1,50,2,3,2,0,0,1,19.0,23.0,deux_roues,voiture,1,2,2,1,2
202000037051,2020-05-29 15:20:00,2020,5,29,15,20,75,75114,AVENUE DU MAINE,48.8314607,2.325381,Plein jour,En agglomération,Intersection en Y,Normale,Deux véhicules - côté,4,2,4,0,1,1,1,0,1,50,2,2,1,0,0,1,43.0,73.0,deux_roues,voiture,1,2,4,1,3
202000037052,2020-05-29 20:20:00,2020,5,29,20,20,75,75113,BOULEVARD DU GENERAL D ARMEE JEAN SIMON,48.82627,2.383547,Plein jour,En agglomération,Hors intersection,Normale,,4,3,2,0,1,1,1,0,1,30,2,2,1,0,0,1,59.0,21.0,voiture,deux_roues,1,2,1,1,-1
202000037053,2020-05-29 18:30:00,2020,5,29,18,30,75,75112,ROUTE DE LA PYRAMIDE,48.839791,2.437117,Plein jour,En agglomération,Hors intersection,Normale,Deux véhicules - côté,4,2,2,0,1,1,1,0,1,50,2,2,1,0,0,1,56.0,52.0,deux_roues,voiture,1,2,1,1,3
202000037054,2020-05-28 14:05:00,2020,5,28,14,5,75,75112,BOULEVARD DIDEROT,48.84663,2.380548,Plein jour,En agglomération,Hors intersection,Normale,Deux véhicules - arrière,4,2,3,3,1,1,1,0,1,50,2,2,1,0,0,1,31.0,57.0,deux_roues,voiture,1,2,1,1,2
202000037055,2020-05-29 20:15:00,2020,5,29,20,15,75,75110,RUE DU FAUBOURG SAINT MARTIN,48.8815943,2.3657459,Plein jour,En agglomération,Intersection en X,Normale,Deux véhicules - côté,4,2,3,-1,1,1,1,0,1,50,2,2,1,0,0,1,27.0,43.0,utilitaire_camion,deux_roues,1,2,2,1,3
202000037056,2020-05-29 13:40:00,2020,5,29,13,40,75,75110,BOULEVARD DE STRASBOURG,48.8754819,2.3578143,Plein jour,En agglomération,Intersection en X,Normale,Deux véhicules - côté,4,2,6,1,1,1,1,-1,5,50,2,2,1,0,0,1,35.0,48.0,deux_roues,voiture,1,2,2,1,3
202000037057,2020-05-29 20:05:00,2020,5,29,20,5,75,75109,RUE DE LA CHAUSSEE D ANTIN,48.874289,2.332744,Plein jour,En agglomération,Intersection en X,Normale,Autre collision,4,2,3,1,1,1,1,-1,5,30,1,2,1,0,0,1,59.0,,deux_roues,,1,2,2,1,6
202000037058,2020-05-17 17:20:00,2020,5,17,17,20,75,75107,RUE DUPONT DES LOGES,48.859657,2.301339,Plein jour,En agglomération,Intersection à plus de 4 branches,Normale,Deux véhicules - côté,4,-1,2,0,1,1,1,0,1,50,2,2,1,0,0,1,54.0,60.0,deux_roues,deux_roues,1,2,5,1,3
202000037059,2020-05-29 11:20:00,2020,5,29,11,20,75,75107,QUAI D ORSAY,48.862833,2.313456,Plein jour,En agglomération,Intersection en X,Normale,Deux véhicules - arrière,4,2,5,0,1,1,1,0,1,50,2,2,1,0,0,1,42.0,59.0,deux_roues,utilitaire_camion,1,2,2,1,2
202000037060,2020-05-29 13:17:00,2020,5,29,13,17,75,75103,RUE DE TURBIGO,48.865913,2.358118,Plein jour,En agglomération,Intersection en X,Normale,Autre collision,4,2,4,1,1,1,1,-1,5,30,1,2,1,0,0,1,28.0,,deux_roues,,1,2,2,1,6
202000037061,2020-05-29 15:35:00,2020,5,29,15,35,75,75104,RUE SAINT ANTOINE,48.85363,2.3670502,Plein jour,En agglomération,Hors intersection,Normale,Autre collision,4,2,4,1,1,1,1,-1,5,30,1,1,0,0,0,1,58.0,,deux_roues,,1,2,1,1,6
202000037062,2020-05-23 13:00:00,2020,5,23,13,0,75,75101,RUE DE RIVOLI,48.859885,2.343987,Plein jour,En agglomération,Intersection en X,Normale,Autre collision,4,2,3,1,1,1,1,-1,5,50,1,1,0,0,0,1,26.0,,deux_roues,,1,2,2,1,6
202000037063,2020-05-29 00:25:00,2020,5,29,0,25,94,94068,GENERAL GIRAUD (BD DU),48.79804,2.47442,Nuit avec éclairage allumé,En agglomération,Intersection en T,Normale,Deux véhicules - côté,4,2,2,0,1,1,1,0,1,50,2,2,1,0,0,1,29.0,40.0,voiture,deux_roues,5,2,3,1,3
202000037064,2020-05-27 12:20:00,2020,5,27,12,20,94,94041,PAUL VAILLANT COUTURIER (BD),48.81913,2.39669,Plein jour,En agglomération,Hors intersection,Normale,Deux véhicules - côté,3,2,4,3,1,1,1,0,6,50,2,2,1,0,0,1,56.0,37.0,voiture,deux_roues,1,2,1,1,3
202000037065,2020-05-27 15:00:00,2020,5,27,15,0,94,94002,JEAN BAPTISTE CLEMENT (QU),48.7982,2.42058,Plein jour,En agglomération,Intersection en X,Normale,Deux véhicules - côté,3,2,5,0,1,1,1,0,1,50,2,3,1,0,0,2,32.0,26.0,utilitaire_camion,utilitaire_camion,1,2,2,1,3
202000037066,2020-05-29 15:00:00,2020,5,29,15,0,93,93071,VICTOR HUGO (AVENUE),48.9310193,2.5279713,Plein jour,En agglomération,Hors intersection,Normale,Autre collision,4,2,0,0,1,1,1,0,1,50,1,2,1,0,0,1,29.0,,utilitaire_camion,,1,2,1,1,6
202000037067,2020-05-29 18:22:00,2020,5,29,18,22,93,93070,MICHELET(AV):N°1AU 103,48.9129503,2.3442167,Plein jour,En agglomération,Hors intersection,Normale,Deux véhicules - côté,3,2,4,0,1,1,1,0,1,50,2,2,1,0,0,1,20.0,34.0,voiture,deux_roues,1,2,1,1,3
202000037068,2020-05-28 19:25:00,2020,5,28,19,25,93,93066,R CASANOVA DANIELLE / COURS HENRI BARBUSSE,48.92657,2.36595,Plein jour,En agglomération,Intersection en X,Normale,Autre collision,4,2,2,0,1,1,1,0,1,50,1,2,1,0,1,0,28.0,,voiture,,1,2,2,1,6
202000037069,2020-05-28 20:40:00,2020,5,28,20,40,93,93064,AV DU GENERAL DE GAULLE,48.8791732,2.4783529,Nuit avec éclairage allumé,En agglomération,Hors intersection,Normale,Deux véhicules - côté,3,2,2,0,1,1,1,0,8,50,2,2,1,0,1,0,28.0,23.0,deux_roues,utilitaire_camion,5,2,1,1,3
202000037070,2020-05-29 08:40:00,2020,5,29,8,40,93,93053,ROGER SALENGRO (BLD),48.87955,2.44869,Plein jour,En agglomération,Intersection en X,Normale,Deux véhicules - côté,3,2,2,0,1,1,1,0,1,50,2,2,0,0,1,1,59.0,28.0,deux_roues,voiture,1,2,2,1,3
202000037071,2020-05-29 17:40:00,2020,5,29,17,40,93,93048,GABRIEL PERI (AVENUE),48.858,2.43727,Plein jour,En agglomération,Autre intersection,Normale,Autre collision,4,2,2,1,1,1,1,0,5,30,1,2,1,0,0,1,23.0,,voiture,,1,2,9,1,6
202000037072,2020-05-29 15:30:00,2020,5,29,15,30,93,93046,BD JEAN JAURES,48.9213298,2.5255558,Plein jour,En agglomération,Autre intersection,Normale,Trois véhicules et plus - en chaîne,3,3,4,0,1,1,1,0,1,50,4,4,3,0,0,1,60.0,28.0,voiture,voiture,1,2,9,1,4
202000037073,2020-05-29 17:15:00,2020,5,29,17,15,93,93045,R DE PARIS / AV GEORGES CLEMENCEAU,48.88146,2.42149,Plein jour,En agglomération,Intersection en X,Temps éblouissant,,3,2,2,0,1,1,1,0,1,50,2,2,1,0,0,1,49.0,35.0,deux_roues,voiture,1,2,2,7,-1
202000037074,2020-05-29 23:00:00,2020,5,29,23,0,93,93010,VILLEMOMBLE (RTE DE) DE 27 A FIN,48.8934143,2.4817207,Nuit avec éclairage allumé,En agglomération,Hors intersection,Normale,Autre collision,4,2,2,0,1,1,1,0,1,40,1,1,0,0,0,1,30.0,,deux_roues,,5,2,1,1,6
202000037075,2020-05-29 00:50:00,2020,5,29,0,50,93,93055,AV JEAN JAURES,48.9073,2.396,Nuit avec éclairage allumé,En agglomération,Hors intersection,Normale,Deux véhicules - côté,3,2,4,0,1,1,1,0,1,50,2,6,5,0,0,1,43.0,35.0,deux_roues,voiture,5,2,1,1,3
202000037076,2020-05-28 19:35:00,2020,5,28,19,35,92,92022,PAVE DES GARDES (ROUTE DU),48.80817,2.19371,Plein jour,En agglomération,Hors intersection,Normale,Deux véhicules - côté,3,2,2,0,1,1,1,0,1,50,2,3,1,0,0,2,23.0,49.0,deux_roues,voiture,1,2,1,1,3
202000037077,2020-05-29 13:45:00,2020,5,29,13,45,92,92048,GARDES (ROUTE DES) N° 5 A 51,48.8188276,2.2346566,Plein jour,En agglomération,Intersection en X,Temps éblouissant,Deux véhicules - frontale,3,2,1,0,2,1,1,5,1,50,2,2,1,0,0,1,36.0,26.0,voiture,deux_roues,1,2,2,7,1
202000037078,2020-05-29 19:55:00,2020,5,29,19,55,92,92040,GALLIENI (BOULEVARD),48.828334,2.267512,Plein jour,En agglomération,Hors intersection,Normale,Autre collision,3,2,2,0,1,1,1,0,1,50,1,2,1,0,0,1,31.0,,deux_roues,,1,2,1,1,6
202000037079,2020-05-28 17:35:00,2020,5,28,17,35,92,92036,MARCEL PAUL (AVENUE) (1/103),48.936454,2.30392,Plein jour,En agglomération,Intersection en X,Normale,Deux véhicules - côté,3,3,4,1,1,1,1,0,1,50,2,2,1,0,0,1,35.0,23.0,deux_roues,voiture,1,2,2,1,3
202000037080,2020-05-29 14:15:00,2020,5,29,14,15,92,92035,Général de Gaulle  ( avenue du ),48.9125831,2.2537878,Plein jour,En agglomération,Intersection en T,Normale,Deux véhicules - arrière,3,2,2,0,1,1,1,0,1,50,2,2,1,0,0,1,33.0,73.0,voiture,voiture,1,2,3,1,2
202000037081,2020-05-30 13:00:00,2020,5,30,13,0,12,12263,Lieu dit Bach,44.346287,1.958581,Plein jour,Hors agglomération,Intersection en X,Normale,Deux véhicules - côté,3,2,2,0,1,1,1,0,1,80,2,2,1,1,0,0,60.0,20.0,deux_roues,utilitaire_camion,1,1,2,1,3
202000037082,2020-05-27 15:56:00,2020,5,27,15,56,25,25009,17 Grande Rue,47.264444,6.32569,Plein jour,Hors agglomération,Hors intersection,Normale,Deux véhicules - frontale,3,2,2,0,2,1,1,0,1,80,2,3,2,0,1,0,30.0,62.0,utilitaire_camion,voiture,1,1,1,1,1
202000037083,2020-05-29 08:30:00,2020,5,29,8,30,49,49110,D192,47.557639,-0.398844,Crépuscule ou aube,Hors agglomération,Hors intersection,Temps éblouissant,Deux véhicules - frontale,3,2,2,0,1,1,1,0,1,80,2,3,2,0,1,0,58.0,70.0,voiture,voiture,2,1,1,7,1
202000037084,2020-05-30 16:30:00,2020,5,30,16,30,31,31116,Rue du Pont Faure,43.693054,1.4291514,Plein jour,En agglomération,Hors intersection,Normale,Deux véhicules - frontale,3,2,2,0,1,1,1,0,1,50,2,2,1,0,1,0,20.0,38.0,deux_roues,voiture,1,2,1,1,1
202000037085,2020-05-30 18:50:00,2020,5,30,18,50,31,31423,500 Route de l'Isle En Dodon,43.406599,1.05001,Plein jour,Hors agglomération,Hors intersection,Temps éblouissant,Autre collision,3,2,2,0,1,1,1,0,3,80,1,1,0,1,0,0,58.0,,deux_roues,,1,1,1,7,6
202000037086,2020-05-29 22:45:00,2020,5,29,22,45,35,35085,La galonniere,48.369957,-1.762758,Nuit sans éclairage public,Hors agglomération,Intersection en X,Normale,Deux véhicules - côté,3,2,2,0,1,1,1,0,1,80,2,5,3,0,2,0,42.0,29.0,voiture,deux_roues,3,1,2,1,3
202000037087,2020-05-29 16:20:00,2020,5,29,16,20,74,74112,D1508,45.93865,6.067758,Plein jour,Hors agglomération,Hors intersection,Normale,,3,1,1,0,2,3,1,0,1,-1,2,3,1,0,1,1,57.0,15.0,utilitaire_camion,deux_roues,1,1,1,1,-1
202000037088,2020-05-29 10:50:00,2020,5,29,10,50,974,97414,3 Avenue Principale,-21.282946,55.398935,Plein jour,En agglomération,Hors intersection,Normale,Deux véhicules - arrière,4,2,2,0,1,2,1,0,1,50,2,3,2,0,1,0,22.0,66.0,voiture,voiture,1,2,1,1,2
202000037089,2020-05-30 11:00:00,2020,5,30,11,0,06,06140,2 Chemin du Flaquier Sud,43.632728,6.861514,Plein jour,En agglomération,Hors intersection,Normale,Sans collision,4,2,2,0,3,3,1,0,1,50,1,1,0,0,1,0,62.0,,deux_roues,,1,2,1,1,7
202000037090,2020-05-30 05:00:00,2020,5,30,5,0,65,65447,D28,43.190362,0.261253,Nuit sans éclairage public,Hors agglomération,Hors intersection,Normale,Sans collision,3,2,2,0,2,4,1,0,3,80,1,1,0,0,1,0,50.0,,deux_roues,,3,1,1,1,7
202000037091,2020-05-28 20:20:00,2020,5,28,20,20,87,87021,21 Rue du Boucheron,45.767998,1.20981,Plein jour,En agglomération,Hors intersection,Normale,Deux véhicules - côté,3,2,2,0,2,4,1,0,1,50,2,2,1,0,1,0,22.0,55.0,utilitaire_camion,voiture,1,2,1,1,3
202000037092,2020-05-29 21:25:00,2020,5,29,21,25,34,34077,2 Rue des Sophoras,43.6469372,3.8879317,Nuit sans éclairage public,Hors agglomération,Hors intersection,Normale,Deux véhicules - côté,3,2,0,0,1,1,1,0,1,70,2,3,0,1,0,2,20.0,36.0,deux_roues,voiture,3,1,1,1,3
202000037093,2020-05-30 10:55:00,2020,5,30,10,55,57,57295,RD 38,48.795691,6.606259,Plein jour,Hors agglomération,Intersection en T,Temps éblouissant,Deux véhicules - côté,3,2,2,0,1,1,1,0,1,80,2,2,1,0,1,0,31.0,23.0,utilitaire_camion,deux_roues,1,1,3,7,3
202000037094,2020-05-30 14:15:00,2020,5,30,14,15,74,74242,Route de l'Eglise,45.832216,6.161935,Plein jour,En agglomération,Intersection en T,Normale,Deux véhicules - frontale,3,2,2,0,1,1,1,0,1,50,2,2,1,0,1,0,26.0,63.0,voiture,deux_roues,1,2,3,1,1
202000037095,2020-05-30 10:36:00,2020,5,30,10,36,67,67434,D23,48.936874,7.073821,Plein jour,Hors agglomération,Hors intersection,Normale,Deux véhicules - frontale,3,2,2,1,1,2,1,0,1,80,2,3,0,0,1,2,49.0,61.0,voiture,voiture,1,1,1,1,1
202000037096,2020-04-29 02:55:00,2020,4,29,2,55,76,76421,372 Rue du Carreau,49.5514744,0.4316313,Nuit sans éclairage public,Hors agglomération,Intersection en Y,Normale,Sans collision,4,2,2,0,1,2,1,0,3,80,1,3,0,0,1,2,20.0,,voiture,,3,1,4,1,7
202000037097,2020-05-30 15:30:00,2020,5,30,15,30,2B,2B318,RT 10,42.439302,9.514182,Plein jour,Hors agglomération,Hors intersection,Normale,Trois véhicules et plus - en chaîne,2,2,2,0,2,1,1,0,1,80,3,5,3,0,0,2,56.0,53.0,voiture,voiture,1,1,1,1,4
202000037098,2020-05-30 13:00:00,2020,5,30,13,0,63,63357,D127,45.4665719,3.1270909,Plein jour,Hors agglomération,Hors intersection,Temps éblouissant,Autre collision,3,2,2,0,2,1,1,0,1,80,1,1,0,1,0,0,29.0,,deux_roues,,1,1,1,7,6
202000037099,2020-05-29 15:55:00,2020,5,29,15,55,61,61230,D11,48.551075,0.779257,Plein jour,Hors agglomération,Hors intersection,Normale,Sans collision,3,2,2,0,2,1,9,0,3,80,1,1,0,0,1,0,24.0,,voiture,,1,1,1,1,7
202000037100,2020-05-29 21:25:00,2020,5,29,21,25,61,61063,D924,48.702277,-0.351627,Plein jour,Hors agglomération,Intersection en X,Normale,Deux véhicules - côté,3,2,2,0,2,1,1,5,1,80,2,4,1,1,2,0,20.0,30.0,voiture,utilitaire_camion,1,1,2,1,3
202000037101,2020-05-30 15:50:00,2020,5,30,15,50,55,55001,38 Grande Rue,48.52974,5.49163,Plein jour,En agglomération,Intersection en Y,Normale,Autre collision,4,-1,2,0,2,1,9,0,3,50,1,1,0,0,0,1,16.0,,deux_roues,,1,2,4,1,6
202000037102,2020-05-30 08:40:00,2020,5,30,8,40,49,49223,Route de Nantes,47.395364,-0.556778,Plein jour,En agglomération,Hors intersection,Normale,Deux véhicules - côté,3,2,2,0,2,3,1,0,1,50,2,2,1,0,0,1,28.0,57.0,deux_roues,voiture,1,2,1,1,3
202000037103,2020-05-29 15:00:00,2020,5,29,15,0,47,47287,D656,44.143537,0.439153,Plein jour,Hors agglomération,Hors intersection,Temps éblouissant,Deux véhicules - frontale,3,2,2,0,1,1,1,0,1,80,2,2,0,0,2,0,24.0,72.0,voiture,voiture,1,1,1,7,1