accident_id,datetime,annee,mois,jour,heure,minute,departement,commune_insee,adresse,latitude,longitude,luminosite,agglomeration,intersection,meteo,collision,catr,circ,nbv,vosp,prof,plan,surf,infra,situ,vma,nb_vehicules,nb_usagers,nb_indemnes,nb_tues,nb_blesses_hosp,nb_blesses_legers,age_cond_1,age_cond_2,veh_type_cond_1,veh_type_cond_2,lum_code,agg_code,int_code,atm_code,col_code
202000037104,2020-05-29 14:00:00,2020,5,29,14,0,47,47168,Avenue Joliot Curie,44.600997,0.363562,Plein jour,En agglomération,Intersection en T,Normale,Deux véhicules - frontale,3,2,2,0,1,1,1,5,1,50,2,2,1,0,1,0,40.0,14.0,voiture,deux_roues,1,2,3,1,1
202000037105,2020-04-30 07:10:00,2020,4,30,7,10,41,41166,D30,47.405262,1.368742,Crépuscule ou aube,Hors agglomération,Intersection en X,Pluie légère,Deux véhicules - côté,3,2,2,0,1,1,2,0,1,80,2,2,0,0,0,2,45.0,45.0,voiture,voiture,2,1,2,2,3
202000037106,2020-05-28 16:30:00,2020,5,28,16,30,68,68195,Rue de Morschwiller,47.756832,7.275095,Plein jour,En agglomération,Hors intersection,Normale,,4,2,2,2,1,1,1,0,4,45,2,1,0,0,0,1,18.0,,deux_roues,,1,2,1,1,-1
202000037107,2020-05-29 17:40:00,2020,5,29,17,40,25,25349,Grande Rue,47.144781,6.498767,Plein jour,En agglomération,Intersection en X,Normale,Deux véhicules - côté,3,2,2,0,1,1,1,5,1,50,2,2,1,0,1,0,33.0,49.0,voiture,deux_roues,1,2,2,1,3
202000037108,2020-05-30 18:20:00,2020,5,30,18,20,31,31224,Rue Lesponne,43.060987,0.592232,Plein jour,Hors agglomération,Intersection à plus de 4 branches,Normale,Deux véhicules - côté,4,2,2,0,1,1,1,0,1,50,2,2,1,0,1,0,52.0,20.0,deux_roues,voiture,1,1,5,1,3
202000037109,2020-05-28 08:50:00,2020,5,28,8,50,38,38397,Route de Lancey,45.240837,5.851539,Plein jour,Hors agglomération,Hors intersection,Normale,Deux véhicules - frontale,3,2,2,0,2,3,1,0,1,70,2,2,1,0,1,0,60.0,59.0,voiture,autre,1,1,1,1,1
202000037110,2020-05-29 20:20:00,2020,5,29,20,20,15,15185,D3,45.326655,2.600884,Plein jour,Hors agglomération,Hors intersection,Normale,Autre collision,3,2,2,0,4,3,1,0,8,90,1,1,0,0,1,0,44.0,,deux_roues,,1,1,1,1,6
202000037111,2020-05-30 15:30:00,2020,5,30,15,30,66,66124,D10,42.498507,2.056053,Plein jour,Hors agglomération,Hors intersection,Normale,Deux véhicules - frontale,3,2,2,0,2,2,1,0,1,-1,2,2,1,0,0,1,16.0,28.0,deux_roues,voiture,1,1,1,1,1
202000037112,2020-05-30 19:15:00,2020,5,30,19,15,60,60465,GR124,49.5426379,2.2227121,Plein jour,Hors agglomération,Hors intersection,Normale,Autre collision,9,-1,1,0,1,1,1,0,8,-1,1,1,0,0,1,0,34.0,,deux_roues,,1,1,1,1,6
202000037113,2020-05-29 15:23:00,2020,5,29,15,23,60,60074,63 Grande Rue,49.21789,2.363939,Plein jour,En agglomération,Hors intersection,Normale,Autre collision,3,2,1,0,1,1,1,0,8,50,1,2,1,0,1,0,32.0,,utilitaire_camion,,1,2,1,1,6
202000037114,2020-05-30 17:45:00,2020,5,30,17,45,64,64274,D15 ,43.174982,-1.286216,Plein jour,Hors agglomération,Hors intersection,Normale,Sans collision,3,2,2,0,1,1,1,0,1,80,1,1,0,0,0,1,17.0,,deux_roues,,1,1,1,1,7
202000037115,2020-05-29 12:45:00,2020,5,29,12,45,10,10080,D444,48.033342,4.134305,Plein jour,Hors agglomération,Hors intersection,Normale,Deux véhicules - arrière,3,2,2,0,1,1,1,0,1,70,2,2,1,0,1,0,76.0,59.0,voiture,utilitaire_camion,1,1,1,1,2
202000037116,2020-05-29 10:45:00,2020,5,29,10,45,40,40152,310 route du Souquet,43.967894,-1.053314,Plein jour,En agglomération,Hors intersection,Normale,Sans collision,3,2,2,0,1,1,1,0,3,50,1,1,0,0,1,0,60.0,,utilitaire_camion,,1,2,1,1,7
202000037117,2020-05-16 01:40:00,2020,5,16,1,40,24,24288,D11,44.901612,0.134294,Nuit sans éclairage public,Hors agglomération,Hors intersection,Normale,Sans collision,3,2,2,0,2,3,1,0,3,-1,1,3,0,0,0,3,24.0,,voiture,,3,1,1,1,7
202000037118,2020-05-29 14:15:00,2020,5,29,14,15,24,24270,D6089,45.1201845,0.9539732,Plein jour,Hors agglomération,Hors intersection,Temps éblouissant,Autre collision,3,2,2,0,1,1,1,0,3,80,1,1,0,0,1,0,69.0,,voiture,,1,1,1,7,6
202000037119,2020-05-29 13:30:00,2020,5,29,13,30,04,04137,RD 951,44.269051,6.004629,Plein jour,Hors agglomération,Hors intersection,Normale,Trois véhicules et plus - collisions multiples,3,-1,2,0,1,4,1,0,1,80,3,3,1,0,0,2,60.0,63.0,deux_roues,deux_roues,1,1,1,1,5
202000037120,2020-05-29 13:00:00,2020,5,29,13,0,37,37206,D48,47.5097269,0.5978489,Plein jour,Hors agglomération,Hors intersection,Normale,Autre collision,3,2,2,0,1,2,1,0,3,80,1,3,0,1,2,0,21.0,,voiture,,1,1,1,1,6
202000037121,2020-05-29 23:50:00,2020,5,29,23,50,30,30012,Route Départementale 2,43.892535,4.689322,Nuit sans éclairage public,Hors agglomération,Hors intersection,Normale,Autre collision,3,2,2,0,1,1,1,0,3,80,1,2,0,0,1,1,23.0,,voiture,,3,1,1,1,6
202000037122,2020-07-28 07:35:00,2020,7,28,7,35,34,34032,VERDUN (BD DE),43.33678,3.21875,Plein jour,En agglomération,Hors intersection,Normale,Autre collision,4,2,2,0,1,1,1,0,1,50,1,2,1,0,1,0,66.0,,voiture,,1,2,1,1,6
202000037123,2020-05-30 15:15:00,2020,5,30,15,15,88,88302,4 La Roche des Chenes,47.917687,6.792882,Plein jour,Hors agglomération,Hors intersection,Normale,Deux véhicules - arrière,3,2,2,0,2,1,1,0,3,80,2,2,1,1,0,0,34.0,67.0,voiture,deux_roues,1,1,1,1,2
202000037124,2020-07-30 14:50:00,2020,7,30,14,50,33,33281,SUR PARKING MERIGNAC-SOLEIL,44.82947,-0.65547,Plein jour,En agglomération,Hors intersection,Normale,Autre collision,6,-1,-1,0,1,1,1,0,1,20,1,2,1,0,0,1,47.0,,voiture,,1,2,1,1,6
202000037125,2020-05-29 10:25:00,2020,5,29,10,25,88,88079,Rue Sainte-anne,48.20848,5.835194,Plein jour,En agglomération,Autre intersection,Temps éblouissant,Autre collision,3,2,2,0,1,3,1,5,1,30,1,2,1,0,1,0,89.0,,voiture,,1,2,9,7,6
202000037126,2020-05-27 09:55:00,2020,5,27,9,55,78,78356,Route de Versailles,48.723217,2.089661,Plein jour,En agglomération,Intersection en X,Normale,Deux véhicules - côté,3,2,2,0,1,1,1,0,1,50,2,2,1,0,1,0,61.0,36.0,deux_roues,voiture,1,2,2,1,3
202000037127,2020-05-30 13:25:00,2020,5,30,13,25,77,77100,A5,48.5120549,2.8276221,Plein jour,Hors agglomération,Hors intersection,Normale,Autre collision,1,1,3,0,1,1,1,0,3,130,1,1,0,0,0,1,57.0,,utilitaire_camion,,1,1,1,1,6
202000037128,2020-07-30 02:20:00,2020,7,30,2,20,31,31069,VA001490 A621,43.63082,1.38213,Nuit avec éclairage non allumé,Hors agglomération,Hors intersection,Normale,Deux véhicules - arrière,1,1,3,0,1,1,1,0,1,90,2,2,1,0,0,1,25.0,23.0,voiture,voiture,4,1,1,1,2
202000037129,2020-05-29 20:15:00,2020,5,29,20,15,69,69242,A6,46.117206,4.763203,Plein jour,Hors agglomération,Hors intersection,Temps éblouissant,Autre collision,1,1,3,0,1,1,1,9,1,130,1,3,1,0,0,2,60.0,,voiture,,1,1,1,7,6
202000037130,2020-07-29 14:18:00,2020,7,29,14,18,31,31555,VA007331 A620,43.5745745,1.4474541,Plein jour,Hors agglomération,Hors intersection,Normale,Deux véhicules - côté,1,3,4,0,1,1,1,0,1,90,2,3,2,0,1,0,23.0,23.0,voiture,deux_roues,1,1,1,1,3
202000037131,2020-05-28 17:45:00,2020,5,28,17,45,987,98747,RT.4 à hauteur du PK1+500 à TARAVAO,-17.7331872,-149.3152475,Nuit avec éclairage allumé,Hors agglomération,Hors intersection,Normale,Deux véhicules - frontale,2,2,2,0,1,1,1,0,1,60,2,2,0,0,2,0,30.0,17.0,deux_roues,deux_roues,5,1,1,1,1
202000037132,2020-05-29 22:55:00,2020,5,29,22,55,974,97418,N2,-20.897741,55.575998,Nuit sans éclairage public,Hors agglomération,Hors intersection,Normale,Deux véhicules - arrière,2,3,4,3,2,3,1,3,1,90,2,2,1,0,1,0,24.0,21.0,voiture,deux_roues,3,1,1,1,2
202000037133,2020-07-30 19:13:00,2020,7,30,19,13,29,29039,Rue Jules Ferry,47.8720509,-3.908575,Plein jour,En agglomération,Intersection en X,Normale,Deux véhicules - côté,4,2,2,0,1,1,2,0,1,30,2,7,4,0,0,3,29.0,50.0,voiture,utilitaire_camion,1,2,2,1,3
202000037134,2020-05-29 05:35:00,2020,5,29,5,35,77,77367,D405,49.0472,2.997015,Plein jour,Hors agglomération,Intersection en X,Normale,Deux véhicules - côté,3,2,2,0,1,1,1,5,1,80,2,1,0,0,0,1,40.0,,voiture,,1,1,2,1,3
202000037135,2020-07-29 21:55:00,2020,7,29,21,55,29,29019,Rue Jean Jaurès,48.39833,-4.47366,Plein jour,En agglomération,Intersection en T,Normale,Deux véhicules - côté,4,1,1,3,3,1,1,5,6,30,2,3,1,0,1,1,47.0,47.0,deux_roues,deux_roues,1,2,3,1,3
202000037136,2020-05-30 16:00:00,2020,5,30,16,0,77,77370,D225,48.251689,2.761605,Plein jour,Hors agglomération,Intersection en X,Normale,Deux véhicules - côté,3,2,2,0,1,1,1,0,1,90,2,3,1,2,0,0,63.0,23.0,voiture,voiture,1,1,2,1,3
202000037137,2020-07-28 15:15:00,2020,7,28,15,15,27,27229,ALLENDE (BOULEVARD DU PRESIDENT),49.004396,1.147448,Plein jour,En agglomération,Hors intersection,Normale,Deux véhicules - côté,4,1,1,0,1,2,1,5,1,70,2,2,1,0,0,1,39.0,84.0,voiture,voiture,1,2,1,1,3
202000037138,2020-07-29 09:05:00,2020,7,29,9,5,18,18279,PASTEUR ( RUE ),47.22025,2.08258,Plein jour,En agglomération,Hors intersection,Temps éblouissant,Deux véhicules - arrière,4,2,2,0,1,1,1,0,1,50,2,2,1,0,1,0,26.0,61.0,deux_roues,voiture,1,2,1,7,2
202000037139,2020-05-29 17:05:00,2020,5,29,17,5,95,95054,D43,49.1547186,1.8823274,Plein jour,Hors agglomération,Hors intersection,Normale,Trois véhicules et plus - collisions multiples,3,2,2,0,1,1,1,0,1,80,3,3,2,0,0,1,40.0,21.0,voiture,voiture,1,1,1,1,5
202000037140,2020-07-30 17:56:00,2020,7,30,17,56,17,17274,CHATEAU   RUE DU,46.15462,-1.09543,Plein jour,En agglomération,Hors intersection,Normale,Autre collision,4,2,2,0,1,1,1,0,1,30,1,2,1,0,0,1,28.0,,utilitaire_camion,,1,2,1,1,6
202000037141,2020-05-29 15:00:00,2020,5,29,15,0,2B,2B148,Lucciana,42.527326,9.455881,Plein jour,Hors agglomération,Hors intersection,Pluie légère,Deux véhicules - arrière,2,3,4,0,1,1,2,0,1,110,2,2,1,0,0,1,41.0,53.0,utilitaire_camion,voiture,1,1,1,2,2
202000037142,2020-07-29 20:50:00,2020,7,29,20,50,13,13026,ECRINS (rue des),43.38877,5.17371,Plein jour,En agglomération,Hors intersection,Normale,Autre collision,4,1,-1,0,1,1,1,0,1,50,1,2,1,0,0,1,16.0,,deux_roues,,1,2,1,1,6
202000037143,2020-07-30 18:25:00,2020,7,30,18,25,13,13205,BAILLE (BOULEVARD),43.2886706,5.3940606,Plein jour,En agglomération,Hors intersection,Normale,Deux véhicules - arrière,7,2,4,0,1,1,1,0,1,50,2,2,0,0,0,2,57.0,32.0,deux_roues,voiture,1,2,1,1,2
202000037144,2020-05-30 02:30:00,2020,5,30,2,30,84,84138,D142,44.371229,4.95699,Nuit sans éclairage public,Hors agglomération,Hors intersection,Normale,Autre collision,3,2,2,0,1,1,1,0,3,80,1,5,0,1,2,2,18.0,,voiture,,3,1,1,1,6
202000037145,2020-07-30 13:45:00,2020,7,30,13,45,13,13210,PAUL CLAUDEL (BOULEVARD),43.2690439,5.4204214,Plein jour,En agglomération,Intersection en X,Normale,Deux véhicules - côté,4,2,4,0,1,1,1,0,1,50,2,3,2,0,1,0,19.0,29.0,voiture,voiture,1,2,2,1,3
202000037146,2020-05-30 12:20:00,2020,5,30,12,20,83,83042,32 Avenue des Narcisses,43.258034,6.5627,Plein jour,Hors agglomération,Giratoire,Normale,Deux véhicules - arrière,3,3,2,0,1,1,1,5,1,-1,2,2,1,0,1,0,76.0,31.0,deux_roues,voiture,1,1,6,1,2
202000037147,2020-07-30 09:20:00,2020,7,30,9,20,13,13201,FRANCIS DAVSO (RUE ),43.292799,5.374786,Plein jour,En agglomération,Intersection en T,Normale,Deux véhicules - côté,4,1,2,0,2,1,1,0,1,50,2,1,0,0,0,1,57.0,,deux_roues,,1,2,3,1,3
202000037148,2020-05-29 16:50:00,2020,5,29,16,50,68,68247,D27,47.9333844,7.0137722,Plein jour,Hors agglomération,Hors intersection,Normale,Sans collision,3,2,2,0,2,2,1,0,1,70,1,1,0,0,0,1,22.0,,deux_roues,,1,1,1,1,7
202000037149,2020-07-29 16:30:00,2020,7,29,16,30,13,13201,BERNEX (RUE)    IMPAIRS,43.30064,5.38839,Plein jour,En agglomération,Intersection en X,Normale,Deux véhicules - côté,4,1,2,0,1,1,1,0,1,50,2,2,1,0,0,1,29.0,28.0,deux_roues,voiture,1,2,2,1,3
202000037150,2020-05-26 16:20:00,2020,5,26,16,20,67,67101,Grand'Rue,48.524435,7.491195,Plein jour,En agglomération,Intersection en T,Normale,Deux véhicules - côté,3,2,2,0,1,1,1,0,1,50,2,2,1,0,1,0,33.0,20.0,deux_roues,voiture,1,2,3,1,3
202000037151,2020-05-28 23:15:00,2020,5,28,23,15,42,42326,Route de Roisey,45.375634,4.673009,Nuit sans éclairage public,Hors agglomération,Hors intersection,Normale,Autre collision,3,2,2,0,2,3,1,0,8,80,1,1,0,0,1,0,30.0,,deux_roues,,3,1,1,1,6
202000037152,2020-05-29 20:30:00,2020,5,29,20,30,42,42065,3115 Route de Feurs,45.755397,4.231227,Plein jour,Hors agglomération,Passage à niveau,Normale,Autre collision,3,3,2,3,1,3,1,4,3,70,1,1,0,0,0,1,29.0,,voiture,,1,1,8,1,6
202000037153,2020-07-30 10:45:00,2020,7,30,10,45,13,13005,CD 2 (CAMP MAJOR),43.29238,5.55582,Plein jour,En agglomération,Intersection en T,Normale,Deux véhicules - côté,4,2,2,0,1,1,1,0,1,50,2,2,1,0,0,1,23.0,42.0,voiture,deux_roues,1,2,3,1,3
202000037154,2020-05-29 19:16:00,2020,5,29,19,16,01,01262,Route de Saint Andre de Corcy,45.874253,5.042612,Plein jour,Hors agglomération,Hors intersection,Normale,Deux véhicules - frontale,3,2,2,0,2,4,1,0,1,50,2,2,1,0,1,0,28.0,37.0,voiture,voiture,1,1,1,1,1
202000037155,2020-05-29 22:00:00,2020,5,29,22,0,29,29001,Lieu-dit Pen Ar Prat,48.263284,-4.304409,Crépuscule ou aube,Hors agglomération,Hors intersection,Normale,Autre collision,4,2,2,0,1,1,1,0,1,80,1,2,0,0,2,0,30.0,,deux_roues,,2,1,1,1,6
202000037156,2020-05-30 07:42:00,2020,5,30,7,42,27,27275,D6015,49.157296,1.348635,Plein jour,En agglomération,Giratoire,Normale,Deux véhicules - côté,3,2,2,0,1,2,1,0,1,80,2,2,1,0,0,1,56.0,28.0,deux_roues,voiture,1,2,6,1,3
202000037157,2020-07-30 15:26:00,2020,7,30,15,26,10,10362,ROCADE OUEST (RD 610),48.29154,4.03507,Plein jour,Hors agglomération,Hors intersection,Normale,Trois véhicules et plus - en chaîne,3,2,2,0,4,3,1,8,1,70,4,4,3,0,0,1,30.0,34.0,deux_roues,voiture,1,1,1,1,4
202000037158,2020-07-30 07:15:00,2020,7,30,7,15,10,10081,NECKARBISCHOFSHEIM (CD),48.30947,4.02264,Plein jour,Hors agglomération,Hors intersection,Temps éblouissant,Autre collision,3,3,2,0,2,3,1,0,1,50,1,1,0,0,0,1,32.0,,utilitaire_camion,,1,1,1,7,6
202000037159,2020-05-30 16:45:00,2020,5,30,16,45,60,60355,Rue de Bresles,49.424329,2.198151,Plein jour,En agglomération,Intersection en X,Normale,Deux véhicules - côté,3,2,2,0,1,1,1,0,1,50,2,2,1,0,0,1,26.0,32.0,utilitaire_camion,deux_roues,1,2,2,1,3
202000037160,2020-07-30 20:40:00,2020,7,30,20,40,09,09225,ROUTE NATIONALE 20,43.1363,1.6203,Plein jour,Hors agglomération,Autre intersection,Normale,Deux véhicules - côté,2,2,2,0,1,1,1,0,1,80,2,5,1,0,0,4,20.0,25.0,voiture,voiture,1,1,9,1,3
202000037161,2020-05-30 11:39:00,2020,5,30,11,39,80,80685,Rue de Paris,49.69764,2.7898,Plein jour,En agglomération,Hors intersection,Normale,Autre collision,4,2,2,0,2,1,1,9,1,50,1,2,1,0,0,1,77.0,,voiture,,1,2,1,1,6
202000037162,2020-07-29 20:23:00,2020,7,29,20,23,08,08105,WARCQ,49.76,4.7,Nuit avec éclairage allumé,En agglomération,Intersection en T,Normale,Deux véhicules - côté,4,2,0,0,1,1,1,0,1,50,2,2,1,0,0,1,54.0,58.0,deux_roues,voiture,5,2,3,1,3
202000037163,2020-07-30 10:05:00,2020,7,30,10,5,06,06088,QUAI DES ETATS UNIS,43.69513,7.27462,Plein jour,En agglomération,Hors intersection,Normale,Deux véhicules - arrière,4,1,1,0,1,1,1,0,1,50,2,3,2,0,0,1,38.0,38.0,utilitaire_camion,utilitaire_camion,1,2,1,1,2
202000037164,2020-07-30 08:56:00,2020,7,30,8,56,06,06088,CESSOLE (BD DE) (A PARTIR DU 101-114),43.71115,7.25557,Plein jour,En agglomération,Intersection en T,Normale,Autre collision,4,2,2,0,2,1,1,0,1,50,1,2,1,1,0,0,58.0,,voiture,,1,2,3,1,6
202000037165,2020-05-29 09:10:00,2020,5,29,9,10,13,13055,A507 sens Marseille - Aubagne,43.3299899,5.3926432,Plein jour,Hors agglomération,Hors intersection,Normale,Sans collision,1,1,4,0,2,1,1,1,1,70,1,1,0,0,0,1,57.0,,deux_roues,,1,1,1,1,7
202000037166,2020-07-29 17:15:00,2020,7,29,17,15,06,06104,"VERDUN (AVENUE DE, N° 131 ET +)",43.760834,7.470823,Plein jour,En agglomération,Intersection en T,Normale,Deux véhicules - côté,7,3,2,0,3,1,1,0,1,50,2,3,1,0,0,2,72.0,16.0,utilitaire_camion,voiture,1,2,3,1,3
202000037167,2020-07-30 04:10:00,2020,7,30,4,10,03,03321,Rue Jenner,46.551534,3.3495144,Nuit avec éclairage allumé,En agglomération,Hors intersection,Normale,Autre collision,4,2,1,0,1,2,1,0,1,50,1,1,0,0,0,1,31.0,,deux_roues,,5,2,1,1,6
202000037168,2020-07-27 18:20:00,2020,7,27,18,20,75,75114,BOULEVARD PERIPHERIQUE,48.816461,2.341671,Plein jour,En agglomération,Hors intersection,Normale,Trois véhicules et plus - en chaîne,4,1,3,0,1,1,1,0,1,70,3,3,2,0,0,1,27.0,40.0,voiture,deux_roues,1,2,1,1,4
202000037169,2020-07-30 17:10:00,2020,7,30,17,10,75,75119,RUE DE CRIMEE,48.883007,2.385544,Plein jour,En agglomération,Intersection en X,Normale,Autre collision,4,2,2,0,1,1,1,0,1,30,1,3,2,0,0,1,87.0,,voiture,,1,2,2,1,6
202000037170,2020-07-29 22:20:00,2020,7,29,22,20,75,75117,RUE BRUNEL,48.877131,2.288528,Nuit sans éclairage public,En agglomération,Hors intersection,Normale,Autre collision,4,1,1,0,1,3,1,0,4,50,1,1,0,0,0,1,,,,,3,2,1,1,6
202000037171,2020-07-30 19:50:00,2020,7,30,19,50,75,75116,BOULEVARD PERIPHERIQUE INTERIEUR OUEST,48.86814,2.27,Plein jour,En agglomération,Hors intersection,Normale,Deux véhicules - côté,4,2,8,0,1,1,1,0,1,70,2,3,1,0,0,2,23.0,39.0,voiture,deux_roues,1,2,1,1,3
202000037172,2020-07-29 09:55:00,2020,7,29,9,55,75,75116,VOIE GEORGES POMPIDOU,48.849099,2.27655,Plein jour,En agglomération,Intersection en Y,Normale,Deux véhicules - côté,4,1,1,0,1,1,1,0,1,50,2,2,1,0,0,1,27.0,47.0,deux_roues,deux_roues,1,2,4,1,3
202000037173,2020-07-30 18:45:00,2020,7,30,18,45,75,75115,RUE MADEMOISELLE,48.843634,2.296485,Crépuscule ou aube,En agglomération,Intersection en T,Normale,Deux véhicules - côté,4,1,1,0,1,1,1,0,1,50,2,2,1,0,0,1,39.0,32.0,deux_roues,voiture,2,2,3,1,3
202000037174,2020-07-29 18:30:00,2020,7,29,18,30,75,75115,RUE DE LA CONVENTION,48.8385,2.293632,Plein jour,En agglomération,Hors intersection,Normale,Autre collision,4,2,2,0,1,1,1,6,4,50,1,1,0,0,0,1,,,,,1,2,1,1,6
202000037175,2020-07-30 18:30:00,2020,7,30,18,30,75,75106,BOULEVARD DU MONTPARNASSE,48.843624,2.324642,Plein jour,En agglomération,Intersection en T,Normale,Deux véhicules - côté,4,3,6,0,1,1,1,0,1,50,2,2,1,0,0,1,33.0,56.0,deux_roues,deux_roues,1,2,3,1,3
202000037176,2020-07-30 13:25:00,2020,7,30,13,25,75,75114,RUE LIARD,48.821451,2.342486,Plein jour,En agglomération,Intersection en Y,Normale,,4,1,2,0,2,1,1,0,1,50,2,2,1,0,0,1,70.0,87.0,voiture,voiture,1,2,4,1,-1
202000037177,2020-07-30 17:10:00,2020,7,30,17,10,75,75113,BOULEVARD KELLERMANN,48.81932,2.35763,Plein jour,En agglomération,Hors intersection,Normale,,4,2,4,0,1,1,1,0,1,50,2,2,1,0,0,1,45.0,24.0,transport_commun,utilitaire_camion,1,2,1,1,-1
202000037178,2020-07-30 15:35:00,2020,7,30,15,35,75,75113,PORTE D IVRY,48.819713,2.372928,Plein jour,En agglomération,Intersection en X,Normale,Deux véhicules - côté,4,2,2,0,1,1,1,0,1,50,2,2,1,0,0,1,47.0,62.0,utilitaire_camion,deux_roues,1,2,2,1,3
202000037179,2020-07-30 12:30:00,2020,7,30,12,30,75,75112,BOULEVARD DIDEROT,48.846124,2.376001,Plein jour,En agglomération,Intersection en X,Normale,Autre collision,4,1,2,0,1,1,1,0,1,50,1,2,1,0,0,1,50.0,,voiture,,1,2,2,1,6
202000037180,2020-07-29 12:24:00,2020,7,29,12,24,75,75112,BOULEVARD PONIATOWSKI,48.834298,2.404418,Plein jour,En agglomération,Intersection en T,Normale,Sans collision,4,3,2,0,1,1,1,0,1,50,1,1,0,0,0,1,28.0,,deux_roues,,1,2,3,1,7
202000037181,2020-07-28 13:00:00,2020,7,28,13,0,75,75112,BOULEVARD PONIATOWSKI,48.830216,2.393072,Plein jour,En agglomération,Hors intersection,Normale,Autre collision,4,2,4,0,1,1,1,0,1,50,1,1,0,0,0,1,,,,,1,2,1,1,6
202000037182,2020-07-30 17:00:00,2020,7,30,17,0,75,75111,RUE DU FAUBOURG SAINT ANTOINE,48.848821,2.392994,Plein jour,En agglomération,Intersection en Y,Normale,Deux véhicules - côté,4,2,4,1,1,1,1,-1,5,50,2,2,1,0,0,1,24.0,19.0,voiture,deux_roues,1,2,4,1,3
202000037183,2020-07-30 16:15:00,2020,7,30,16,15,75,75109,RUE LA FAYETTE,48.874111,2.337173,Plein jour,En agglomération,Intersection en T,Normale,Deux véhicules - côté,4,1,1,0,1,1,1,0,1,50,2,2,1,0,0,1,35.0,27.0,deux_roues,voiture,1,2,3,1,3
202000037184,2020-07-26 15:30:00,2020,7,26,15,30,75,75109,RUE RICHER,48.874026,2.345354,Plein jour,En agglomération,Intersection en X,Normale,Autre collision,4,2,2,0,1,1,1,0,1,30,1,2,1,0,0,1,49.0,,voiture,,1,2,2,1,6
202000037185,2020-07-30 13:30:00,2020,7,30,13,30,75,75109,BOULEVARD POISSONNIERE,48.87092,2.346775,Plein jour,En agglomération,Intersection en T,Normale,Deux véhicules - côté,4,2,3,3,1,1,1,0,1,50,2,2,1,0,0,1,56.0,43.0,utilitaire_camion,deux_roues,1,2,3,1,3
202000037186,2020-07-30 21:30:00,2020,7,30,21,30,75,75101,AVENUE DE L OPERA,48.86775,2.333573,Nuit avec éclairage allumé,En agglomération,Intersection en Y,Normale,Deux véhicules - côté,4,3,6,0,1,1,1,0,1,50,2,2,1,0,0,1,37.0,32.0,deux_roues,voiture,5,2,4,1,3
202000037187,2020-07-30 19:10:00,2020,7,30,19,10,94,94015,COULONS (R DES),48.8369255,2.5250506,Plein jour,En agglomération,Hors intersection,Normale,Autre collision,4,1,1,0,2,1,1,0,1,50,1,2,1,0,1,0,47.0,,voiture,,1,2,1,1,6
202000037188,2020-07-30 21:30:00,2020,7,30,21,30,94,94043,GABRIEL PERI (R),48.80647,2.34594,Crépuscule ou aube,En agglomération,Hors intersection,Normale,Deux véhicules - frontale,3,1,1,0,1,1,1,0,1,50,2,2,1,0,0,1,20.0,9.0,utilitaire_camion,deux_roues,2,2,1,1,1
202000037189,2020-07-29 20:25:00,2020,7,29,20,25,94,94028,HALPERN.(AVENUE BERNARD),48.79293,2.44358,Crépuscule ou aube,En agglomération,Autre intersection,Normale,Trois véhicules et plus - en chaîne,3,1,3,0,3,3,1,9,1,50,3,3,1,0,0,2,29.0,32.0,voiture,voiture,2,2,9,1,4
202000037190,2020-07-30 12:00:00,2020,7,30,12,0,94,94059,MAURICE BERTEAUX (AV),48.812702,2.566826,Plein jour,En agglomération,Hors intersection,Normale,Deux véhicules - côté,3,2,2,0,1,1,1,9,1,50,2,2,1,0,1,0,78.0,18.0,voiture,deux_roues,1,2,1,1,3
202000037191,2020-07-30 15:15:00,2020,7,30,15,15,94,94018,BERCY (QU DE),48.825473,2.393109,Plein jour,En agglomération,Hors intersection,Normale,,3,2,2,0,1,1,1,9,1,30,2,2,1,0,0,1,40.0,26.0,deux_roues,voiture,1,2,1,1,-1
202000037192,2020-07-30 09:50:00,2020,7,30,9,50,94,94018,WINSTON CHURCHILL (AV),48.82455,2.40545,Plein jour,En agglomération,Intersection en X,Normale,Autre collision,3,2,2,0,1,1,1,0,1,30,1,2,1,0,0,1,67.0,,voiture,,1,2,2,1,6
202000037193,2020-07-30 00:35:00,2020,7,30,0,35,94,94078,TILLEULS (R DES),48.73553,2.46546,Nuit avec éclairage allumé,En agglomération,Intersection en T,Normale,Deux véhicules - côté,3,2,2,0,1,1,1,0,1,50,2,1,0,0,0,1,24.0,,voiture,,5,2,3,1,3
202000037194,2020-07-29 18:59:00,2020,7,29,18,59,93,93053,BREMENT (RUE DE) 109 A 235 - 110 A ...,48.8882485,2.4595731,Plein jour,En agglomération,Hors intersection,Normale,Deux véhicules - côté,3,3,2,0,1,1,1,0,1,50,2,3,2,0,0,1,21.0,22.0,deux_roues,voiture,1,2,1,1,3
202000037195,2020-07-30 18:15:00,2020,7,30,18,15,93,93010,BLUM (AV. LEON),48.9152464,2.4789602,Plein jour,En agglomération,Hors intersection,Normale,Autre collision,4,2,2,0,1,1,1,0,1,50,1,2,1,0,0,1,20.0,,voiture,,1,2,1,1,6
202000037196,2020-07-30 20:15:00,2020,7,30,20,15,93,93005,LEON JOUHAUX (RUE),48.9534538,2.482966,Plein jour,En agglomération,Hors intersection,Normale,Deux véhicules - côté,4,2,1,0,1,1,1,0,1,50,2,2,1,0,0,1,27.0,63.0,deux_roues,voiture,1,2,1,1,3