accident_id,datetime,annee,mois,jour,heure,minute,departement,commune_insee,adresse,latitude,longitude,luminosite,agglomeration,intersection,meteo,collision,catr,circ,nbv,vosp,prof,plan,surf,infra,situ,vma,nb_vehicules,nb_usagers,nb_indemnes,nb_tues,nb_blesses_hosp,nb_blesses_legers,age_cond_1,age_cond_2,veh_type_cond_1,veh_type_cond_2,lum_code,agg_code,int_code,atm_code,col_code
202000037197,2020-12-08 15:25:00,2020,12,8,15,25,94,94042,PRESIDENT JOHN KENNEDY (AV DU),48.816679,2.466072,Plein jour,En agglomération,Autre intersection,Normale,Autre collision,3,1,2,0,2,3,1,0,1,5,1,2,1,0,0,1,24.0,,deux_roues,,1,2,9,1,6
202000037198,2020-12-09 21:32:00,2020,12,9,21,32,94,94016,MARCEL BONNET (R),48.79571,2.3263,Nuit avec éclairage allumé,En agglomération,Hors intersection,Normale,Autre collision,3,2,1,0,1,1,1,0,1,50,1,1,0,0,0,1,35.0,,deux_roues,,5,2,1,1,6
202000037199,2020-07-29 18:30:00,2020,7,29,18,30,93,93001,LUCIEN LEFRANC (QUAI),48.9124,2.3731,Plein jour,En agglomération,Intersection en Y,Normale,Deux véhicules - frontale,3,2,2,0,1,1,1,0,1,50,2,2,1,0,0,1,42.0,61.0,deux_roues,voiture,1,2,4,1,1
202000037200,2020-12-09 11:40:00,2020,12,9,11,40,94,94003,LAPLACE (AV),48.80786,2.33349,Plein jour,En agglomération,Intersection en T,Normale,Deux véhicules - côté,3,2,2,0,2,1,1,5,1,30,2,2,1,0,0,1,40.0,53.0,voiture,deux_roues,1,2,3,1,3
202000037201,2020-07-30 13:06:00,2020,7,30,13,6,92,92072,GRANDE RUE,48.824725,2.213901,Plein jour,En agglomération,Hors intersection,Normale,Deux véhicules - côté,3,3,2,0,1,1,1,0,1,50,2,2,1,0,0,1,55.0,34.0,voiture,deux_roues,1,2,1,1,3
202000037202,2020-12-09 21:45:00,2020,12,9,21,45,94,94021,STALINGRAD (AV DE),48.77163,2.36706,Nuit avec éclairage allumé,En agglomération,Autre intersection,Autre,Deux véhicules - côté,3,3,2,1,1,1,2,9,5,50,2,3,2,0,0,1,27.0,22.0,deux_roues,voiture,5,2,9,9,3
202000037203,2020-07-28 00:32:00,2020,7,28,0,32,92,92063,COLMAR (AVENUE DE),48.88718,2.17952,Nuit avec éclairage allumé,En agglomération,Intersection en X,Normale,Deux véhicules - côté,3,3,4,2,1,1,1,5,1,50,2,2,1,0,0,1,42.0,36.0,voiture,deux_roues,5,2,2,1,3
202000037204,2020-12-09 09:20:00,2020,12,9,9,20,94,94021,D'AVIGNON (RUE) MIN,48.76249,2.35097,Plein jour,En agglomération,Hors intersection,Normale,Deux véhicules - arrière,5,1,2,0,1,1,1,0,8,30,2,2,1,0,0,1,73.0,37.0,deux_roues,autre,1,2,1,1,2
202000037205,2020-07-30 19:45:00,2020,7,30,19,45,92,92050,POINCARE RAYMOND RUE,48.8880479,2.1903965,Plein jour,En agglomération,Intersection en X,Normale,Deux véhicules - frontale,3,2,4,1,1,1,1,0,1,50,2,2,1,0,0,1,32.0,14.0,voiture,deux_roues,1,2,2,1,1
202000037206,2020-12-09 17:10:00,2020,12,9,17,10,94,94022,DOCTEUR ROUX (R DU),48.77103,2.40352,Nuit avec éclairage allumé,En agglomération,Place,Normale,Deux véhicules - côté,4,2,2,0,1,1,1,5,1,30,2,2,1,0,0,1,36.0,36.0,deux_roues,deux_roues,5,2,7,1,3
202000037207,2020-11-19 16:20:00,2020,11,19,16,20,93,93066,DESNOS ROBERT,48.9406,2.37142,Plein jour,En agglomération,Hors intersection,Pluie légère,Autre collision,4,2,0,0,1,1,2,0,1,50,1,2,1,0,0,1,28.0,,voiture,,1,2,1,2,6
202000037208,2020-12-09 08:35:00,2020,12,9,8,35,93,93062,GAMBETTA (ALLEE),48.8948813,2.5133653,Plein jour,En agglomération,Giratoire,Normale,Autre collision,4,2,2,0,1,1,1,0,1,50,1,2,1,0,0,1,42.0,,voiture,,1,2,6,1,6
202000037209,2020-12-08 21:25:00,2020,12,8,21,25,93,93051,MEDERIC (AVENUE),48.829382,2.5723536,Nuit avec éclairage allumé,En agglomération,Hors intersection,Normale,Deux véhicules - côté,3,2,2,0,1,1,1,0,1,50,2,3,1,0,0,2,30.0,34.0,voiture,voiture,5,2,1,1,3
202000037210,2020-07-27 18:40:00,2020,7,27,18,40,92,92024,ASNIERES (ROUTE D'),48.90189,2.29112,Plein jour,En agglomération,Hors intersection,Normale,Deux véhicules - arrière,3,2,2,0,1,1,1,0,1,50,2,2,1,0,0,1,32.0,54.0,voiture,voiture,1,2,1,1,2
202000037211,2020-12-09 07:25:00,2020,12,9,7,25,93,93027,SALENGRO (AVENUE ROGER),48.93887,2.38785,Crépuscule ou aube,En agglomération,Hors intersection,Normale,Deux véhicules - arrière,3,1,3,0,1,1,1,0,1,50,2,2,1,0,1,0,27.0,32.0,autre,autre,2,2,1,1,2
202000037212,2020-12-09 06:00:00,2020,12,9,6,0,93,93008,ROME (RUE DE),48.9104549,2.4693499,Nuit avec éclairage allumé,En agglomération,Hors intersection,Normale,Autre collision,4,2,2,0,1,2,1,6,1,50,1,2,1,0,0,1,60.0,,voiture,,5,2,1,1,6
202000037213,2020-07-30 08:55:00,2020,7,30,8,55,92,92004,MENIL,48.9252319,2.2759496,Plein jour,En agglomération,Intersection en T,Normale,Deux véhicules - côté,4,1,1,2,1,1,1,0,1,50,2,2,1,0,0,1,32.0,34.0,voiture,deux_roues,1,2,3,1,3
202000037214,2020-07-31 15:20:00,2020,7,31,15,20,14,14764,D511,48.87959,-0.400529,Plein jour,Hors agglomération,Hors intersection,Normale,Deux véhicules - frontale,3,2,2,0,4,1,1,0,1,80,2,2,1,0,1,0,20.0,52.0,voiture,utilitaire_camion,1,1,1,1,1
202000037215,2020-12-09 11:35:00,2020,12,9,11,35,93,93007,HENRI BARBUSSE (AVENUE),48.9413691,2.4638593,Plein jour,En agglomération,Intersection en X,Temps couvert,Trois véhicules et plus - collisions multiples,4,2,2,0,1,1,1,0,1,50,3,3,2,0,0,1,53.0,25.0,utilitaire_camion,voiture,1,2,2,8,5
202000037216,2020-07-30 18:47:00,2020,7,30,18,47,68,68112,Route d'Issenheim,47.901973,7.232308,Plein jour,En agglomération,Hors intersection,Normale,Deux véhicules - côté,3,2,2,0,1,1,1,0,1,50,2,2,1,0,0,1,35.0,14.0,deux_roues,deux_roues,1,2,1,1,3
202000037217,2020-12-07 18:10:00,2020,12,7,18,10,92,92078,GALLIENI (BD) (1 A 79 ET 22 A 102),48.926755,2.329147,Nuit avec éclairage allumé,En agglomération,Autre intersection,Normale,Deux véhicules - côté,3,1,0,1,1,1,1,0,1,50,2,3,1,0,0,2,40.0,21.0,deux_roues,voiture,5,2,9,1,3
202000037218,2020-07-31 16:50:00,2020,7,31,16,50,81,81238,D612,43.483162,2.473576,Plein jour,Hors agglomération,Intersection en T,Normale,Deux véhicules - côté,3,3,2,0,1,1,1,0,1,80,2,3,2,1,0,0,53.0,33.0,deux_roues,voiture,1,1,3,1,3
202000037219,2020-06-12 09:00:00,2020,6,12,9,0,92,92040,JEAN JACQUES ROUSSEAU,48.8218355,2.2537476,Plein jour,En agglomération,Hors intersection,Pluie légère,Autre collision,4,1,1,1,1,1,2,0,1,30,1,2,1,0,0,1,28.0,,voiture,,1,2,1,2,6
202000037220,2020-12-08 22:00:00,2020,12,8,22,0,92,92025,CERISIERS (DES) (RUE   VILLA),48.9200077,2.255487,Nuit avec éclairage non allumé,En agglomération,Hors intersection,Normale,Autre collision,4,2,2,0,1,1,1,0,1,50,1,2,1,0,0,1,31.0,,deux_roues,,4,2,1,1,6
202000037221,2020-07-30 17:45:00,2020,7,30,17,45,85,85159,Rue Victor Hugo,46.47109,-1.02483,Plein jour,En agglomération,Intersection en X,Temps éblouissant,Deux véhicules - frontale,3,2,2,0,1,1,1,0,1,50,2,2,1,0,1,0,15.0,,deux_roues,,1,2,2,7,1
202000037222,2020-12-09 13:30:00,2020,12,9,13,30,92,92004,ALBERT 1ER,48.9145623,2.2831614,Plein jour,En agglomération,Intersection en X,Normale,Deux véhicules - côté,3,2,2,0,1,1,1,0,1,50,2,2,1,0,0,1,34.0,24.0,voiture,deux_roues,1,2,2,1,3
202000037223,2020-07-31 17:30:00,2020,7,31,17,30,974,97412,168 Rue Jean de Cambiaire,-21.354672,55.605868,Plein jour,Hors agglomération,Hors intersection,Normale,Autre collision,3,2,2,0,2,3,1,0,1,80,1,2,1,0,0,1,26.0,,deux_roues,,1,1,1,1,6
202000037224,2020-10-22 18:30:00,2020,10,22,18,30,51,51224,N4/D58E2,48.6962246,4.6936381,Plein jour,Hors agglomération,Intersection en X,Normale,Deux véhicules - côté,2,3,4,0,1,1,1,5,3,110,2,2,0,0,0,2,18.0,62.0,deux_roues,voiture,1,1,2,1,3
202000037225,2020-12-05 15:10:00,2020,12,5,15,10,972,97216,RN1,14.827659,-61.033688,Plein jour,Hors agglomération,Hors intersection,Normale,Deux véhicules - arrière,2,2,2,0,1,1,1,0,1,80,2,1,0,0,1,0,22.0,,deux_roues,,1,1,1,1,2
202000037226,2020-07-31 16:45:00,2020,7,31,16,45,71,71167,3 Route de Verjux,46.835947,4.992101,Plein jour,En agglomération,Hors intersection,Normale,Deux véhicules - frontale,3,2,2,0,1,3,1,0,1,50,2,2,1,0,0,1,18.0,53.0,voiture,deux_roues,1,2,1,1,1
202000037227,2020-12-08 13:15:00,2020,12,8,13,15,27,27507,40 Rue de Mousseaux,48.906891,1.283624,Plein jour,En agglomération,Hors intersection,Normale,Autre collision,3,2,2,0,1,1,1,0,1,50,1,2,1,0,1,0,33.0,,voiture,,1,2,1,1,6
202000037228,2020-12-09 10:30:00,2020,12,9,10,30,23,23101,Le breuil RD16,46.268011,1.931249,Plein jour,Hors agglomération,Hors intersection,Pluie légère,Sans collision,3,-1,1,0,1,3,2,0,1,90,1,1,0,0,1,0,62.0,,voiture,,1,1,1,2,7
202000037229,2020-07-31 18:00:00,2020,7,31,18,0,63,63427,A89,45.962755,3.02536,Plein jour,Hors agglomération,Hors intersection,Neige / grêle,Sans collision,1,3,4,3,2,1,4,0,1,130,1,3,1,0,1,1,22.0,,voiture,,1,1,1,4,7
202000037230,2020-12-10 07:50:00,2020,12,10,7,50,2B,2B150,route territoriale 30,42.589489,8.835926,Crépuscule ou aube,Hors agglomération,Hors intersection,Pluie légère,Autre collision,2,2,2,0,2,2,2,0,3,70,1,1,0,0,1,0,28.0,,voiture,,2,1,1,2,6
202000037231,2020-07-31 11:00:00,2020,7,31,11,0,62,62384,9 Rue Nationale,50.151852,3.089111,Plein jour,Hors agglomération,Hors intersection,Normale,Trois véhicules et plus - en chaîne,3,2,2,0,1,1,1,0,1,70,3,5,2,0,3,0,54.0,47.0,utilitaire_camion,voiture,1,1,1,1,4
202000037232,2020-12-09 12:45:00,2020,12,9,12,45,32,32090,D39,43.55976,1.006365,Plein jour,Hors agglomération,Hors intersection,Pluie légère,Autre collision,3,2,2,0,2,3,2,0,1,80,1,1,0,0,1,0,18.0,,voiture,,1,1,1,2,6
202000037233,2020-07-30 13:00:00,2020,7,30,13,0,83,83031,Chemin des Ribbas,43.405835,6.353558,Plein jour,Hors agglomération,Hors intersection,Normale,Deux véhicules - côté,3,3,2,0,1,1,1,0,1,80,2,2,1,0,1,0,15.0,56.0,deux_roues,voiture,1,1,1,1,3
202000037234,2020-12-08 22:00:00,2020,12,8,22,0,11,11262,D6009,43.22194,3.042569,Nuit sans éclairage public,Hors agglomération,Hors intersection,Normale,Autre collision,3,2,1,0,1,1,1,0,1,80,1,1,0,0,1,0,53.0,,voiture,,3,1,1,1,6
202000037235,2020-07-31 10:30:00,2020,7,31,10,30,56,56070,Le Bas de la Lande,47.952171,-2.566423,Plein jour,Hors agglomération,Intersection en T,Normale,Deux véhicules - côté,3,2,2,0,1,1,1,5,1,80,2,4,3,0,1,0,27.0,18.0,deux_roues,voiture,1,1,3,1,3
202000037236,2020-12-08 12:50:00,2020,12,8,12,50,63,63023,D996,45.60347,3.509746,Plein jour,Hors agglomération,Hors intersection,Neige / grêle,Deux véhicules - frontale,3,2,2,0,2,2,2,0,1,80,2,3,2,0,1,0,49.0,54.0,voiture,voiture,1,1,1,4,1
202000037237,2020-07-30 16:00:00,2020,7,30,16,0,78,78565,Chemin de Saint-Prix,48.881644,1.733372,Plein jour,En agglomération,Intersection en Y,Normale,Autre collision,4,2,2,0,2,4,1,0,3,50,1,2,1,0,1,0,16.0,,deux_roues,,1,2,4,1,6
202000037238,2020-12-10 13:00:00,2020,12,10,13,0,63,63273,rue de bellerive,45.72827,3.227143,Plein jour,En agglomération,Intersection en X,Pluie légère,Deux véhicules - côté,3,2,2,0,1,1,2,5,1,50,2,2,1,0,1,0,14.0,32.0,deux_roues,voiture,1,2,2,2,3
202000037239,2020-07-31 10:00:00,2020,7,31,10,0,80,80758,D14,49.726255,2.416992,Plein jour,Hors agglomération,Intersection en X,Normale,Deux véhicules - côté,3,2,2,0,1,1,1,0,1,80,2,2,1,0,0,1,79.0,45.0,voiture,deux_roues,1,1,2,1,3
202000037240,2020-07-31 00:50:00,2020,7,31,0,50,80,80571,D920,49.763443,2.437119,Nuit sans éclairage public,Hors agglomération,Hors intersection,Normale,Autre collision,3,2,2,0,1,1,1,0,3,80,1,1,0,0,1,0,40.0,,voiture,,3,1,1,1,6
202000037241,2020-11-28 11:40:00,2020,11,28,11,40,22,22152,Z.a. de Kerfolic,48.777255,-3.245977,Plein jour,En agglomération,Autre intersection,Temps éblouissant,Autre collision,6,-1,-1,0,1,1,1,0,8,-1,1,2,1,0,1,0,73.0,,voiture,,1,2,9,7,6
202000037242,2020-07-30 21:45:00,2020,7,30,21,45,80,80779,Rue de Caours,50.11557,1.888994,Nuit sans éclairage public,Hors agglomération,Intersection en X,Normale,Deux véhicules - frontale,3,2,2,0,2,1,1,0,1,80,2,3,1,0,0,2,36.0,42.0,voiture,voiture,3,1,2,1,1
202000037243,2020-12-09 19:30:00,2020,12,9,19,30,31,31383,RD15,43.780036,1.527119,Nuit sans éclairage public,Hors agglomération,Hors intersection,Normale,Autre collision,3,2,2,0,1,1,1,0,1,80,1,2,1,1,0,0,57.0,,utilitaire_camion,,3,1,1,1,6
202000037244,2020-07-30 18:50:00,2020,7,30,18,50,80,80062,Route départementale 1015,49.840252,1.762533,Plein jour,Hors agglomération,Hors intersection,Temps éblouissant,Deux véhicules - arrière,3,2,2,0,1,1,1,0,1,80,2,2,1,0,0,1,58.0,19.0,deux_roues,utilitaire_camion,1,1,1,7,2
202000037245,2020-07-29 18:30:00,2020,7,29,18,30,80,80649,5 Avenue Henri Renard,50.320529,1.560048,Plein jour,En agglomération,Hors intersection,Normale,Deux véhicules - frontale,3,2,2,0,1,1,1,0,1,50,2,6,5,0,1,0,21.0,22.0,deux_roues,voiture,1,2,1,1,1
202000037246,2020-07-31 19:00:00,2020,7,31,19,0,32,32147,Gimont,43.619001,0.868195,Plein jour,Hors agglomération,Hors intersection,Normale,Autre collision,4,2,2,0,1,3,9,0,3,80,1,1,0,1,0,0,60.0,,deux_roues,,1,1,1,1,6
202000037247,2020-12-05 17:10:00,2020,12,5,17,10,83,83032,Chemin de Tasso,43.474582,6.168055,Crépuscule ou aube,En agglomération,Hors intersection,Normale,Autre collision,9,2,2,0,1,1,2,0,1,50,1,1,0,0,1,0,14.0,,deux_roues,,2,2,1,1,6
202000037248,2020-12-10 16:00:00,2020,12,10,16,0,60,60560,D1324,49.223308,2.739544,Plein jour,Hors agglomération,Intersection en X,Normale,Deux véhicules - côté,3,2,2,0,1,1,1,0,1,80,2,2,0,0,0,2,31.0,43.0,voiture,voiture,1,1,2,1,3
202000037249,2020-07-30 18:05:00,2020,7,30,18,5,11,11272,Rue la Captorta,43.1733382,2.388644,Plein jour,En agglomération,Intersection en Y,Normale,Deux véhicules - côté,3,3,2,0,1,1,1,0,1,50,2,3,2,0,1,0,46.0,45.0,deux_roues,voiture,1,2,4,1,3
202000037250,2020-12-07 07:10:00,2020,12,7,7,10,43,43152,D136,45.06123,3.863111,Nuit sans éclairage public,Hors agglomération,Hors intersection,Neige / grêle,Deux véhicules - côté,3,2,2,0,2,2,7,2,1,80,2,2,1,0,1,0,36.0,44.0,transport_commun,voiture,3,1,1,4,3
202000037251,2020-12-10 06:55:00,2020,12,10,6,55,07,07089,Route départementale 820,45.3097665,4.7525015,Nuit sans éclairage public,Hors agglomération,Hors intersection,Brouillard / fumée,Autre collision,3,2,2,0,2,2,1,0,2,70,1,1,0,0,1,0,25.0,,deux_roues,,3,1,1,5,6
202000037252,2020-07-31 09:45:00,2020,7,31,9,45,71,71442,Rue du Lieutenant Chauveau,46.8460089,4.6349014,Plein jour,En agglomération,Intersection en T,Temps éblouissant,Autre collision,3,2,2,0,1,1,1,9,1,30,1,2,1,0,0,1,26.0,,utilitaire_camion,,1,2,3,7,6
202000037253,2020-12-01 07:08:00,2020,12,1,7,8,24,24584,Le Montarut,44.948494,0.068375,Nuit sans éclairage public,Hors agglomération,Hors intersection,Pluie légère,Sans collision,3,2,2,0,2,4,2,0,8,80,1,1,0,0,1,0,59.0,,voiture,,3,1,1,2,7
202000037254,2020-07-30 15:57:00,2020,7,30,15,57,63,63006,D23,45.3512061,3.0535252,Plein jour,Hors agglomération,Hors intersection,Normale,Sans collision,3,2,2,0,1,3,1,0,8,80,1,1,0,0,1,0,29.0,,voiture,,1,1,1,1,7
202000037255,2020-12-09 23:45:00,2020,12,9,23,45,971,97121,Lieu Dit Baillargent,16.257568,-61.804318,Nuit avec éclairage allumé,Hors agglomération,Hors intersection,Normale,Autre collision,2,2,2,0,2,1,1,0,3,80,1,3,0,1,2,0,28.0,,utilitaire_camion,,5,1,1,1,6
202000037256,2020-07-31 07:30:00,2020,7,31,7,30,61,61290,Haut Palais,48.676397,-0.250411,Plein jour,Hors agglomération,Hors intersection,Normale,Autre collision,4,2,2,0,1,2,1,0,3,80,1,1,0,1,0,0,51.0,,voiture,,1,1,1,1,6
202000037257,2020-12-09 19:45:00,2020,12,9,19,45,77,77128,Route de Crecy,48.877386,2.868231,Nuit avec éclairage allumé,En agglomération,Hors intersection,Brouillard / fumée,Sans collision,3,3,2,0,2,3,2,0,1,50,1,1,0,0,1,0,51.0,,deux_roues,,5,2,1,5,7
202000037258,2020-07-26 15:00:00,2020,7,26,15,0,55,55467,D11 PK 1+980,48.810453,5.488486,Plein jour,Hors agglomération,Hors intersection,Normale,Autre collision,3,2,2,0,2,2,1,0,3,80,1,2,0,0,0,2,70.0,,voiture,,1,1,1,1,6
202000037259,2020-12-08 13:50:00,2020,12,8,13,50,2B,2B042,route de la gare,42.56288,9.445217,Plein jour,En agglomération,Hors intersection,Normale,Autre collision,3,2,2,0,1,1,1,0,8,50,1,2,1,0,0,1,53.0,,voiture,,1,2,1,1,6
202000037260,2020-07-20 17:00:00,2020,7,20,17,0,46,46115,D673 PK 13,44.85847,1.922221,Plein jour,Hors agglomération,Hors intersection,Normale,Sans collision,3,2,2,0,2,1,1,0,3,80,1,3,0,0,2,1,57.0,,voiture,,1,1,1,1,7
202000037261,2020-12-10 18:45:00,2020,12,10,18,45,66,66164,D12 proximité intresection VINGRAU,42.792818,2.88228,Nuit sans éclairage public,Hors agglomération,Hors intersection,Pluie légère,Deux véhicules - frontale,3,2,2,0,1,1,2,0,1,80,2,2,1,0,0,1,20.0,40.0,voiture,voiture,3,1,1,2,1
202000037262,2020-07-30 15:00:00,2020,7,30,15,0,47,47065,Le Bosc,44.372683,0.42878,Plein jour,Hors agglomération,Hors intersection,Normale,Deux véhicules - frontale,3,2,2,0,1,4,1,0,1,80,2,2,0,1,0,1,21.0,73.0,voiture,voiture,1,1,1,1,1
202000037263,2020-12-10 01:05:00,2020,12,10,1,5,84,84074,D32,43.75302,5.180907,Nuit sans éclairage public,Hors agglomération,Hors intersection,Normale,Autre collision,3,2,2,0,1,2,1,2,3,80,1,1,0,0,1,0,34.0,,voiture,,3,1,1,1,6
202000037264,2020-07-25 22:58:00,2020,7,25,22,58,34,34332,Chemin Saint Louis,43.303195,3.432906,Nuit sans éclairage public,Hors agglomération,Hors intersection,Normale,Sans collision,5,2,2,0,1,1,1,0,8,-1,1,3,1,2,0,0,63.0,,voiture,,3,1,1,1,7
202000037265,2020-12-09 08:30:00,2020,12,9,8,30,13,13105,D23,43.715449,5.120482,Plein jour,Hors agglomération,Hors intersection,Normale,Deux véhicules - frontale,3,2,2,0,2,3,1,0,1,80,2,2,1,0,1,0,28.0,48.0,voiture,voiture,1,1,1,1,1
202000037266,2020-07-31 11:30:00,2020,7,31,11,30,22,22041,Pen An Guer,48.664749,-3.24528,Plein jour,Hors agglomération,Hors intersection,Normale,Sans collision,4,2,2,0,1,2,1,0,3,80,1,1,0,0,0,1,14.0,,deux_roues,,1,1,1,1,7
202000037267,2020-12-10 11:25:00,2020,12,10,11,25,09,09044,route départementale 11 PK 3+500,43.017788,1.528966,Plein jour,Hors agglomération,Hors intersection,Pluie légère,Deux véhicules - frontale,3,2,2,0,1,3,2,0,3,70,2,2,1,0,0,1,48.0,27.0,voiture,utilitaire_camion,1,1,1,2,1
202000037268,2020-07-31 14:00:00,2020,7,31,14,0,39,39368,Morez - 12 Avenue Charles de Gaulle,46.523988,6.022342,Plein jour,En agglomération,Intersection en T,Normale,Autre collision,3,2,2,0,2,2,1,0,1,50,1,1,0,0,1,0,56.0,,voiture,,1,2,3,1,6
202000037269,2020-12-10 16:00:00,2020,12,10,16,0,44,44025,Rue de l'Indève,47.4193,-1.975597,Plein jour,Hors agglomération,Intersection en T,Normale,,3,-1,2,0,1,1,1,0,1,50,2,2,1,0,1,0,45.0,88.0,deux_roues,voiture,1,1,3,1,-1
202000037270,2020-07-30 20:30:00,2020,7,30,20,30,35,35194,33 Route de la Robiquette,48.136608,-1.263848,Plein jour,Hors agglomération,Hors intersection,Temps éblouissant,Autre collision,3,2,2,0,2,1,1,0,3,80,1,1,0,0,1,0,53.0,,voiture,,1,1,1,7,6
202000037271,2020-12-10 05:20:00,2020,12,10,5,20,60,60700,D1001,49.396312,2.139544,Nuit sans éclairage public,Hors agglomération,Hors intersection,Normale,Autre collision,3,2,2,0,1,1,1,0,1,80,1,1,0,0,0,1,24.0,,voiture,,3,1,1,1,6
202000037272,2020-07-30 23:40:00,2020,7,30,23,40,29,29101,16 Route des Anges,48.598081,-4.564388,Nuit sans éclairage public,En agglomération,Hors intersection,Normale,Autre collision,4,2,2,0,1,2,1,0,8,50,1,1,0,0,0,1,41.0,,deux_roues,,3,2,1,1,6
202000037273,2020-12-09 18:00:00,2020,12,9,18,0,59,59482,Hameau du Chien,50.711666,3.0261705,Nuit sans éclairage public,Hors agglomération,Hors intersection,Normale,Autre collision,7,2,2,0,1,1,1,0,1,-1,1,2,1,1,0,0,27.0,,voiture,,3,1,1,1,6
202000037274,2020-07-31 17:20:00,2020,7,31,17,20,38,38182,D1085,45.36628,5.41754,Plein jour,Hors agglomération,Hors intersection,Temps éblouissant,Deux véhicules - côté,3,2,2,0,1,1,1,0,1,80,2,3,2,0,1,0,70.0,26.0,voiture,deux_roues,1,1,1,7,3
202000037275,2020-12-04 08:55:00,2020,12,4,8,55,13,13211,A50-Sens Aubagne vers Marseille,43.29094,5.45008,Plein jour,Hors agglomération,Hors intersection,Pluie légère,Trois véhicules et plus - en chaîne,1,3,3,0,2,1,2,0,1,90,3,4,2,0,0,2,62.0,31.0,utilitaire_camion,voiture,1,1,1,2,4
202000037276,2020-07-30 20:19:00,2020,7,30,20,19,03,03126,Route de Brugheas,46.080153,3.4364651,Crépuscule ou aube,Hors agglomération,Hors intersection,Normale,Autre collision,3,2,2,0,1,1,1,0,1,80,1,1,0,0,1,0,58.0,,deux_roues,,2,1,1,1,6
202000037277,2020-12-09 17:45:00,2020,12,9,17,45,33,33550,ROCADE A 630,44.78678,-0.54153,Nuit avec éclairage allumé,Hors agglomération,Hors intersection,Normale,Deux véhicules - arrière,1,3,6,0,1,1,1,0,1,90,2,2,1,0,0,1,34.0,23.0,voiture,voiture,5,1,1,1,2
202000037278,2020-07-31 17:30:00,2020,7,31,17,30,58,58215,D38,47.271295,3.000426,Plein jour,Hors agglomération,Hors intersection,Normale,Deux véhicules - côté,3,2,2,0,1,2,1,0,1,50,2,2,0,1,1,0,44.0,32.0,voiture,voiture,1,1,1,1,3
202000037279,2020-12-08 08:12:00,2020,12,8,8,12,59,59574,AUTOROUTE A 21,50.357228,3.262421,Nuit sans éclairage public,Hors agglomération,Hors intersection,Pluie légère,Autre collision,1,3,4,0,1,1,2,0,1,110,1,1,0,0,0,1,24.0,,voiture,,3,1,1,2,6
202000037280,2020-07-31 03:30:00,2020,7,31,3,30,60,60591,Chemin de la Fontaine Qui Bout,49.422169,1.978472,Nuit sans éclairage public,En agglomération,Giratoire,Normale,Autre collision,3,2,2,0,1,3,1,0,8,50,1,1,0,1,0,0,43.0,,deux_roues,,3,2,6,1,6
202000037281,2020-12-03 08:25:00,2020,12,3,8,25,59,59205,AUTOROUTE A 21,50.327508,3.336439,Nuit sans éclairage public,Hors agglomération,Hors intersection,Normale,Autre collision,1,3,4,0,1,1,2,0,1,110,1,1,0,0,1,0,44.0,,voiture,,3,1,1,1,6
202000037282,2020-07-31 14:18:00,2020,7,31,14,18,73,73010,D1201 - 2080 Rue du Revard,45.768084,5.938255,Plein jour,Hors agglomération,Hors intersection,Normale,Deux véhicules - côté,3,2,2,0,1,1,1,0,1,80,2,2,0,0,1,1,32.0,22.0,deux_roues,deux_roues,1,1,1,1,3
202000037283,2020-12-09 07:45:00,2020,12,9,7,45,91,91689,AUTOROUTE A6,48.7346,2.31644,Crépuscule ou aube,Hors agglomération,Hors intersection,Normale,Deux véhicules - arrière,1,3,5,0,1,1,9,0,1,110,2,2,1,0,0,1,23.0,51.0,utilitaire_camion,deux_roues,2,1,1,1,2
202000037284,2020-07-31 09:10:00,2020,7,31,9,10,07,07185,D115 pk 9,45.137856,4.6452,Plein jour,Hors agglomération,Hors intersection,Normale,Deux véhicules - côté,3,-1,2,0,1,1,1,0,1,80,2,2,1,0,1,0,85.0,61.0,voiture,deux_roues,1,1,1,1,3
202000037285,2020-12-09 12:10:00,2020,12,9,12,10,92,92047,A13,48.8336666,2.1639026,Plein jour,Hors agglomération,Hors intersection,Normale,Autre collision,1,3,6,0,1,1,2,0,1,110,1,1,0,0,0,1,25.0,,voiture,,1,1,1,1,6
202000037286,2020-07-31 19:55:00,2020,7,31,19,55,53,53174,lieu-dit la couture,48.322131,-0.646954,Plein jour,Hors agglomération,Intersection en T,Normale,Deux véhicules - arrière,2,2,2,0,3,1,1,0,1,80,2,3,1,0,2,0,27.0,86.0,deux_roues,voiture,1,1,3,1,2
202000037287,2020-07-29 18:15:00,2020,7,29,18,15,53,53097,38 Rue Sainte Suzanne,48.151465,-0.396445,Plein jour,En agglomération,Hors intersection,Normale,Deux véhicules - côté,9,2,2,0,1,1,1,0,1,50,2,3,2,0,1,0,22.0,20.0,utilitaire_camion,deux_roues,1,2,1,1,3
202000037288,2020-12-09 07:43:00,2020,12,9,7,43,78,78423,N12W,48.796831,2.021992,Crépuscule ou aube,Hors agglomération,Hors intersection,Brouillard / fumée,Autre collision,2,3,4,0,1,2,7,0,1,90,1,1,0,0,0,1,52.0,,deux_roues,,2,1,1,5,6
202000037289,2020-12-09 10:30:00,2020,12,9,10,30,95,95582,RD 170,48.9633,2.26612,Plein jour,Hors agglomération,Hors intersection,Pluie légère,Autre collision,3,3,6,0,2,3,2,0,1,70,1,1,0,0,0,1,22.0,,voiture,,1,1,1,2,6