accident_id,datetime,annee,mois,jour,heure,minute,departement,commune_insee,adresse,latitude,longitude,luminosite,agglomeration,intersection,meteo,collision,catr,circ,nbv,vosp,prof,plan,surf,infra,situ,vma,nb_vehicules,nb_usagers,nb_indemnes,nb_tues,nb_blesses_hosp,nb_blesses_legers,age_cond_1,age_cond_2,veh_type_cond_1,veh_type_cond_2,lum_code,agg_code,int_code,atm_code,col_code
202000037290,2020-12-09 07:30:00,2020,12,9,7,30,93,93010,AUTOROUTE A3,48.90105,2.4701,Nuit sans éclairage public,Hors agglomération,Hors intersection,Normale,Deux véhicules - arrière,1,3,8,0,1,1,1,2,1,90,2,2,1,0,0,1,30.0,37.0,utilitaire_camion,utilitaire_camion,3,1,1,1,2
202000037291,2020-12-08 19:00:00,2020,12,8,19,0,93,93053,AUTOROUTE A3,48.87947,2.45013,Nuit avec éclairage non allumé,Hors agglomération,Hors intersection,Normale,Deux véhicules - arrière,1,3,8,0,2,1,1,8,1,90,2,2,1,0,0,1,22.0,34.0,voiture,voiture,4,1,1,1,2
202000037292,2020-07-30 19:45:00,2020,7,30,19,45,40,40313,Route de Mugron,43.819077,-0.801637,Plein jour,Hors agglomération,Hors intersection,Normale,Autre collision,3,2,2,0,1,1,1,0,3,80,1,1,0,1,0,0,18.0,,voiture,,1,1,1,1,6
202000037293,2020-12-08 18:10:00,2020,12,8,18,10,95,95018, A15,48.95239,2.27976,Nuit avec éclairage allumé,Hors agglomération,Hors intersection,Normale,Deux véhicules - arrière,1,3,7,0,1,2,1,0,1,90,2,2,1,0,0,1,28.0,58.0,utilitaire_camion,utilitaire_camion,5,1,1,1,2
202000037294,2020-07-30 20:30:00,2020,7,30,20,30,24,24188,La Tridarie,45.110649,1.000078,Plein jour,Hors agglomération,Hors intersection,Normale,Autre collision,4,2,2,0,1,1,1,0,1,80,1,1,0,0,0,1,16.0,,deux_roues,,1,1,1,1,6
202000037295,2020-12-08 15:30:00,2020,12,8,15,30,93,93066,AUTOROUTE A1,48.91033,2.35797,Plein jour,Hors agglomération,Hors intersection,Normale,Sans collision,1,3,8,0,1,1,1,1,1,90,1,1,0,0,0,1,21.0,,deux_roues,,1,1,1,1,7
202000037296,2020-07-31 03:50:00,2020,7,31,3,50,27,27333,D3,49.334208,1.660486,Nuit sans éclairage public,En agglomération,Intersection en X,Normale,Autre collision,3,2,2,0,1,1,1,0,4,50,1,1,0,0,0,1,38.0,,deux_roues,,3,2,2,1,6
202000037297,2020-12-08 13:45:00,2020,12,8,13,45,93,93006,AUTOROUTE A3,48.86692,2.42532,Plein jour,Hors agglomération,Hors intersection,Normale,Deux véhicules - côté,1,3,8,0,1,1,1,0,1,90,2,2,1,0,0,1,38.0,25.0,voiture,deux_roues,1,1,1,1,3
202000037298,2020-07-29 14:45:00,2020,7,29,14,45,87,87051,D43,45.583669,1.591521,Plein jour,Hors agglomération,Hors intersection,Temps éblouissant,Deux véhicules - frontale,3,2,2,0,3,2,1,0,1,80,2,2,1,0,0,1,56.0,16.0,voiture,deux_roues,1,1,1,7,1
202000037299,2020-07-30 18:58:00,2020,7,30,18,58,37,37001,RD 750 ABILLY,46.9145873,0.7205909,Plein jour,Hors agglomération,Hors intersection,Normale,Deux véhicules - arrière,3,2,2,0,1,1,1,0,1,80,2,2,1,0,1,0,54.0,47.0,deux_roues,utilitaire_camion,1,1,1,1,2
202000037300,2020-07-31 08:45:00,2020,7,31,8,45,30,30003,D62,43.566042,4.164677,Plein jour,Hors agglomération,Hors intersection,Normale,Autre collision,3,3,4,0,1,1,1,0,3,90,1,1,0,0,1,0,27.0,,utilitaire_camion,,1,1,1,1,6
202000037301,2020-12-07 20:00:00,2020,12,7,20,0,93,93066,AUTOROUTE A1,48.91936,2.35754,Nuit avec éclairage allumé,Hors agglomération,Hors intersection,Normale,Deux véhicules - arrière,1,3,8,0,1,1,1,0,1,90,2,2,1,0,0,1,76.0,45.0,voiture,voiture,5,1,1,1,2
202000037302,2020-07-28 16:45:00,2020,7,28,16,45,30,30148,D999,43.887578,4.015589,Plein jour,Hors agglomération,Hors intersection,Normale,Deux véhicules - frontale,3,2,2,0,2,3,1,0,1,-1,2,3,1,1,1,0,66.0,34.0,deux_roues,voiture,1,1,1,1,1
202000037303,2020-12-07 09:15:00,2020,12,7,9,15,93,93007,AUTOROUTE A3,48.9359,2.48052,Plein jour,Hors agglomération,Hors intersection,Normale,Deux véhicules - arrière,1,3,6,0,1,1,1,0,1,110,2,2,1,0,1,0,26.0,46.0,deux_roues,voiture,1,1,1,1,2
202000037304,2020-09-30 21:30:00,2020,9,30,21,30,19,19148,Départementale 982,45.289773,2.289104,Nuit sans éclairage public,Hors agglomération,Hors intersection,Normale,Autre collision,3,2,2,0,2,1,1,0,3,90,1,1,0,1,0,0,25.0,,voiture,,3,1,1,1,6
202000037305,2020-09-18 11:55:00,2020,9,18,11,55,02,02691,FONTAINE-COUPE (RUE),49.84859,3.29754,Plein jour,En agglomération,Hors intersection,Normale,Autre collision,4,1,1,0,2,1,1,0,1,50,1,2,1,0,0,1,39.0,,voiture,,1,2,1,1,6
202000037306,2020-07-31 01:20:00,2020,7,31,1,20,30,30055,D6,44.124487,4.236013,Nuit sans éclairage public,Hors agglomération,Hors intersection,Normale,Autre collision,3,2,2,0,1,1,1,0,1,80,1,1,0,0,1,0,32.0,,utilitaire_camion,,3,1,1,1,6
202000037307,2020-12-08 21:23:00,2020,12,8,21,23,988,98818,AVENUE DU MARECHAL FOCH/AVENUE VICTOIRE HENRI LAFLEUR,-22.27433,166.44281,Nuit avec éclairage allumé,En agglomération,Intersection en X,Normale,Deux véhicules - côté,4,3,5,0,1,1,1,0,1,50,2,4,3,0,1,0,31.0,48.0,voiture,voiture,5,2,2,1,3
202000037308,2020-07-31 10:45:00,2020,7,31,10,45,31,31341,1543 Route de Toulouse,43.734817,1.316611,Plein jour,Hors agglomération,Hors intersection,Normale,Deux véhicules - frontale,3,2,2,0,1,1,1,0,1,80,2,2,1,1,0,0,43.0,52.0,utilitaire_camion,voiture,1,1,1,1,1
202000037309,2020-07-30 21:05:00,2020,7,30,21,5,58,58296,N7,46.694115,3.211967,Crépuscule ou aube,Hors agglomération,Hors intersection,Normale,Deux véhicules - frontale,2,2,2,0,1,1,1,0,1,80,2,2,1,0,0,1,40.0,24.0,voiture,utilitaire_camion,2,1,1,1,1
202000037310,2020-12-08 17:00:00,2020,12,8,17,0,973,97302,MADELEINE (ROUTE DE LA),4.9128757,-52.3208763,Plein jour,En agglomération,Intersection en T,Normale,Deux véhicules - côté,3,2,2,0,1,1,2,0,1,50,2,2,1,0,0,1,15.0,28.0,deux_roues,deux_roues,1,2,3,1,3
202000037311,2020-07-30 08:25:00,2020,7,30,8,25,78,78009,A10,48.482708,1.912479,Plein jour,Hors agglomération,Hors intersection,Normale,Autre collision,1,3,3,0,1,1,1,0,1,130,1,5,3,0,2,0,36.0,,voiture,,1,1,1,1,6
202000037312,2020-07-30 13:20:00,2020,7,30,13,20,11,11202,Avenue de Septimanie,42.859742,3.041164,Plein jour,En agglomération,Hors intersection,Normale,Sans collision,4,1,2,1,1,1,1,0,1,30,1,3,1,0,2,0,23.0,,voiture,,1,2,1,1,7
202000037313,2020-07-30 14:55:00,2020,7,30,14,55,988,98811,RT1/ROUTE DE LA NEA,-21.056348,164.84598,Plein jour,Hors agglomération,Intersection en T,Normale,Deux véhicules - arrière,2,2,2,0,1,1,1,0,1,70,2,2,1,0,0,1,49.0,46.0,utilitaire_camion,utilitaire_camion,1,1,3,1,2
202000037314,2020-09-24 19:45:00,2020,9,24,19,45,12,12025,D32,43.836446,2.744823,Nuit sans éclairage public,Hors agglomération,Hors intersection,Pluie légère,Sans collision,3,2,2,0,1,3,2,0,3,80,1,1,0,0,1,0,39.0,,voiture,,3,1,1,2,7
202000037315,2020-09-26 22:20:00,2020,9,26,22,20,46,46324,Route départementale D12,44.584228,1.392222,Nuit sans éclairage public,Hors agglomération,Hors intersection,Pluie légère,Autre collision,3,-1,2,0,1,1,2,0,1,80,1,1,0,0,1,0,47.0,,voiture,,3,1,1,2,6
202000037316,2020-07-31 16:20:00,2020,7,31,16,20,976,97608,Boulevard des Amoureux,-12.789108,45.279847,Plein jour,En agglomération,Hors intersection,Normale,Deux véhicules - frontale,3,2,2,0,2,1,1,0,1,50,2,3,1,0,0,2,42.0,17.0,voiture,deux_roues,1,2,1,1,1
202000037317,2020-07-30 19:30:00,2020,7,30,19,30,976,97607,N3,-12.868597,45.201579,Nuit sans éclairage public,Hors agglomération,Hors intersection,Normale,Autre collision,2,2,2,0,1,1,1,0,3,70,1,2,0,2,0,0,30.0,,voiture,,3,1,1,1,6
202000037318,2020-01-21 21:25:00,2020,1,21,21,25,973,97302,MIRZA (CITE),4.9358644,-52.324689,Nuit avec éclairage allumé,En agglomération,Intersection en X,Normale,Deux véhicules - côté,4,2,1,0,1,1,1,0,1,30,2,2,0,1,0,1,22.0,23.0,deux_roues,deux_roues,5,2,2,1,3
202000037319,2020-12-08 12:15:00,2020,12,8,12,15,973,97302,MONTABO (ROUTE DE) 2,4.9380236,-52.2991276,Plein jour,En agglomération,Hors intersection,Normale,Deux véhicules - arrière,3,2,1,0,1,1,1,0,1,50,2,2,1,0,0,1,38.0,38.0,voiture,deux_roues,1,2,1,1,2
202000037320,2020-07-31 01:15:00,2020,7,31,1,15,971,97116,N5,16.32136,-61.42073,Nuit sans éclairage public,Hors agglomération,Intersection en T,Normale,Deux véhicules - côté,2,2,2,0,1,1,1,0,1,80,2,3,2,0,1,0,26.0,23.0,voiture,voiture,3,1,3,1,3
202000037321,2020-07-26 07:00:00,2020,7,26,7,0,28,28371,D 116,48.845189,1.394792,Plein jour,Hors agglomération,Hors intersection,Temps éblouissant,Deux véhicules - arrière,3,2,2,0,1,1,1,0,1,80,2,2,1,0,1,0,20.0,24.0,deux_roues,voiture,1,1,1,7,2
202000037322,2020-12-08 19:10:00,2020,12,8,19,10,69,69386,MICHEL RAMBAUD                      (R ),45.76903,4.8605,Nuit avec éclairage allumé,En agglomération,Intersection en X,Pluie légère,Deux véhicules - côté,4,1,2,0,1,1,2,0,1,50,2,3,2,0,1,0,34.0,25.0,deux_roues,voiture,5,2,2,2,3
202000037323,2020-07-31 09:16:00,2020,7,31,9,16,45,45122,lieu dit Le Ponta,47.7527,2.537045,Plein jour,Hors agglomération,Hors intersection,Normale,Deux véhicules - frontale,3,2,2,0,1,1,1,0,1,80,2,2,0,1,1,0,44.0,32.0,voiture,voiture,1,1,1,1,1
202000037324,2020-09-25 11:00:00,2020,9,25,11,0,41,41214,D19,47.925754,1.207187,Plein jour,En agglomération,Intersection en T,Temps couvert,Deux véhicules - côté,3,2,2,0,1,1,1,0,1,50,2,2,1,0,0,1,87.0,64.0,voiture,deux_roues,1,2,3,8,3
202000037325,2020-12-08 13:35:00,2020,12,8,13,35,69,69383,ESPERANCE (DE L')                   (R ),45.7575452,4.8747531,Plein jour,En agglomération,Hors intersection,Pluie légère,Autre collision,4,1,1,0,2,1,1,0,1,50,1,2,1,0,0,1,33.0,,voiture,,1,2,1,2,6
202000037326,2020-12-07 11:00:00,2020,12,7,11,0,69,69386,VIABERT (DE LA)                     (R ),45.7663,4.86187,Plein jour,En agglomération,Intersection en X,Normale,Autre collision,4,2,4,2,1,1,1,0,1,50,1,2,1,0,0,1,52.0,,voiture,,1,2,2,1,6
202000037327,2020-12-08 15:15:00,2020,12,8,15,15,972,97209,AUTOROUTE (A1),14.61593,-61.04394,Plein jour,Hors agglomération,Hors intersection,Normale,Trois véhicules et plus - en chaîne,1,1,3,0,1,1,1,0,1,90,3,3,2,0,0,1,58.0,24.0,voiture,voiture,1,1,1,1,4
202000037328,2020-12-08 07:20:00,2020,12,8,7,20,972,97209,MFME (RTE DE LA),14.63393,-61.03566,Plein jour,En agglomération,Hors intersection,Normale,Deux véhicules - frontale,3,2,2,3,2,1,1,0,1,50,2,5,2,0,0,3,67.0,37.0,voiture,voiture,1,2,1,1,1
202000037329,2020-09-27 15:15:00,2020,9,27,15,15,35,35169,L'Emeheuc,47.964232,-2.016061,Plein jour,Hors agglomération,Hors intersection,Normale,Deux véhicules - côté,3,2,2,0,1,1,1,0,1,50,2,3,2,0,1,0,88.0,31.0,voiture,voiture,1,1,1,1,3
202000037330,2020-07-31 00:38:00,2020,7,31,0,38,66,66037,D81,42.665902,3.032999,Nuit sans éclairage public,Hors agglomération,Hors intersection,Normale,Deux véhicules - frontale,3,2,2,0,1,1,1,0,1,-1,2,5,0,0,1,4,36.0,,voiture,,3,1,1,1,1
202000037331,2020-09-27 17:15:00,2020,9,27,17,15,29,29146,Lieu-dit Méros (Chemin),47.9060992,-3.8853192,Plein jour,En agglomération,Hors intersection,Normale,Sans collision,4,2,2,0,1,2,1,0,1,50,1,1,0,0,1,0,15.0,,deux_roues,,1,2,1,1,7
202000037332,2020-12-07 07:22:00,2020,12,7,7,22,971,97101,MARECHAL LECLERC,16.2569669,-61.5297782,Plein jour,En agglomération,Hors intersection,Normale,Autre collision,4,2,2,0,1,1,1,0,1,30,1,2,1,0,0,1,40.0,,voiture,,1,2,1,1,6
202000037333,2020-07-30 22:10:00,2020,7,30,22,10,84,84003,D900 -- Lieu dit Pont Julien,43.879183,5.384964,Nuit sans éclairage public,Hors agglomération,Autre intersection,Normale,Deux véhicules - frontale,3,2,2,0,2,1,1,0,1,80,2,3,1,0,1,1,44.0,53.0,voiture,voiture,3,1,9,1,1
202000037334,2020-12-07 05:50:00,2020,12,7,5,50,971,97120,Amitié des peuples,16.24414,-61.54127,Crépuscule ou aube,En agglomération,Intersection en T,Normale,Autre collision,3,1,2,0,1,1,1,6,4,50,1,2,1,1,0,0,48.0,,voiture,,2,2,3,1,6
202000037335,2020-07-30 15:20:00,2020,7,30,15,20,71,71223,D3,46.9777405,4.169938,Plein jour,Hors agglomération,Hors intersection,Normale,Deux véhicules - frontale,3,2,2,0,1,1,1,0,1,80,2,3,2,0,0,1,49.0,58.0,voiture,utilitaire_camion,1,1,1,1,1
202000037336,2020-12-07 17:05:00,2020,12,7,17,5,91,91103,RUE DU MESNIL,48.61222,2.29798,Plein jour,En agglomération,Intersection en T,Normale,Autre collision,4,2,2,0,2,1,1,0,4,50,1,2,1,0,0,1,29.0,,transport_commun,,1,2,3,1,6
202000037337,2020-07-31 10:25:00,2020,7,31,10,25,71,71169,Route du Moulin Satin,46.3120193,4.7566703,Plein jour,Hors agglomération,Intersection en X,Normale,Deux véhicules - côté,4,2,2,0,1,1,1,0,1,80,2,3,0,0,0,3,33.0,68.0,voiture,voiture,1,1,2,1,3
202000037338,2020-09-27 19:05:00,2020,9,27,19,5,70,70563,D9,47.579034,6.247176,Nuit sans éclairage public,Hors agglomération,Hors intersection,Normale,Sans collision,3,2,2,0,3,1,2,0,3,80,1,1,0,0,1,0,36.0,,voiture,,3,1,1,1,7
202000037339,2020-07-30 17:24:00,2020,7,30,17,24,67,67338,Rue de Colmar,48.359256,7.689336,Plein jour,En agglomération,Hors intersection,Normale,Deux véhicules - frontale,3,2,2,0,1,1,1,0,1,50,2,3,0,0,1,2,59.0,39.0,voiture,utilitaire_camion,1,2,1,1,1
202000037340,2020-09-26 14:47:00,2020,9,26,14,47,06,06150,1310 Route de Beausoleil,43.749006,7.414538,Plein jour,Hors agglomération,Hors intersection,Normale,Sans collision,3,2,2,0,2,3,1,0,1,80,1,1,0,0,0,1,16.0,,deux_roues,,1,1,1,1,7
202000037341,2020-09-28 08:00:00,2020,9,28,8,0,14,14092,Rue Val Es Dunes,49.121828,-0.29861,Plein jour,En agglomération,Hors intersection,Normale,Autre collision,3,2,2,0,1,1,1,0,1,30,1,2,1,0,1,0,21.0,,deux_roues,,1,2,1,1,6
202000037342,2020-09-24 07:00:00,2020,9,24,7,0,14,14456,Rue Pierre Cingal,49.112952,-0.164457,Crépuscule ou aube,En agglomération,Hors intersection,Normale,Autre collision,3,2,2,0,1,1,1,0,1,50,1,2,1,0,1,0,26.0,,voiture,,2,2,1,1,6
202000037343,2020-07-31 16:10:00,2020,7,31,16,10,42,42168,D63,45.41289,4.623624,Plein jour,Hors agglomération,Hors intersection,Normale,Sans collision,3,2,2,0,2,2,1,0,1,80,1,1,0,0,1,0,52.0,,deux_roues,,1,1,1,1,7
202000037344,2020-09-28 10:40:00,2020,9,28,10,40,50,50484,Rue du Bassin,48.578112,-1.091836,Plein jour,En agglomération,Hors intersection,Temps éblouissant,Autre collision,4,2,2,0,1,1,1,0,1,50,1,3,2,0,1,0,79.0,,voiture,,1,2,1,7,6
202000037345,2020-07-30 22:20:00,2020,7,30,22,20,69,69136,Route Departementale 42,45.651818,4.748883,Nuit sans éclairage public,Hors agglomération,Hors intersection,Normale,Autre collision,3,2,2,0,1,1,1,9,1,80,1,2,0,0,0,2,20.0,,deux_roues,,3,1,1,1,6
202000037346,2020-12-04 12:05:00,2020,12,4,12,5,91,91471,MONTHLERY (ROUTE DE),48.69754,2.189399,Plein jour,En agglomération,Autre intersection,Temps éblouissant,Deux véhicules - côté,4,2,2,0,2,1,1,0,1,30,2,2,1,0,0,1,26.0,15.0,voiture,deux_roues,1,2,9,7,3
202000037347,2020-07-30 17:30:00,2020,7,30,17,30,09,09241,cd 23 BANAT,42.851491,1.557784,Plein jour,Hors agglomération,Hors intersection,Normale,Autre collision,3,2,2,0,2,1,1,0,3,80,1,2,0,0,1,1,81.0,,voiture,,1,1,1,1,6
202000037348,2020-12-08 16:55:00,2020,12,8,16,55,91,91421,MAINVILLE (RUE DE),48.69731,2.45289,Crépuscule ou aube,En agglomération,Hors intersection,Normale,Autre collision,4,2,2,0,1,3,1,0,1,50,1,2,1,0,0,1,18.0,,voiture,,2,2,1,1,6
202000037349,2020-12-08 10:40:00,2020,12,8,10,40,91,91215,AV DU HUIT MAI 1945,48.69802,2.52165,Plein jour,En agglomération,Hors intersection,Normale,Autre collision,3,1,2,0,1,3,1,0,3,50,1,1,0,0,0,1,70.0,,voiture,,1,2,1,1,6
202000037350,2020-12-08 17:20:00,2020,12,8,17,20,91,91027,AV MARCEL SEMBAT,48.707522,2.377807,Nuit avec éclairage allumé,En agglomération,Hors intersection,Normale,Autre collision,4,2,2,0,1,1,1,0,1,30,1,3,2,0,0,1,19.0,,deux_roues,,5,2,1,1,6
202000037351,2020-12-08 16:35:00,2020,12,8,16,35,91,91286,MURIERS (RUE DES),48.65594,2.3824,Plein jour,En agglomération,Hors intersection,Normale,Autre collision,7,2,2,0,1,1,1,0,1,30,1,2,1,0,0,1,28.0,,voiture,,1,2,1,1,6
202000037352,2020-07-24 16:40:00,2020,7,24,16,40,47,47157,D813,44.51664,0.124798,Plein jour,Hors agglomération,Hors intersection,Normale,Deux véhicules - frontale,3,2,3,0,1,1,1,0,1,80,2,2,1,0,0,1,26.0,41.0,voiture,voiture,1,1,1,1,1
202000037353,2020-09-28 16:00:00,2020,9,28,16,0,60,60233,50 Rue de la Maladrerie,49.642911,1.853988,Plein jour,En agglomération,Intersection en T,Normale,Deux véhicules - côté,3,2,2,0,1,1,1,0,1,50,2,2,1,0,0,1,37.0,47.0,voiture,utilitaire_camion,1,2,3,1,3
202000037354,2020-02-06 07:47:00,2020,2,6,7,47,72,72154,Boulevard de la République,47.698938,-0.069528,Crépuscule ou aube,En agglomération,Hors intersection,Normale,Autre collision,3,2,2,0,1,1,1,0,1,50,1,2,1,0,0,1,53.0,,voiture,,2,2,1,1,6
202000037355,2020-12-05 19:00:00,2020,12,5,19,0,80,80021,PAUL SAUTAI (RUE),49.88575,2.30248,Nuit sans éclairage public,En agglomération,Intersection en X,Pluie légère,Deux véhicules - côté,4,1,1,0,1,1,2,0,1,50,2,2,1,0,0,1,21.0,54.0,deux_roues,voiture,3,2,2,2,3
202000037356,2020-07-31 18:30:00,2020,7,31,18,30,56,56023,Kerstran,47.6906,-3.03335,Plein jour,Hors agglomération,Hors intersection,Normale,Autre collision,2,3,4,0,1,1,1,0,3,110,1,1,0,1,0,0,46.0,,voiture,,1,1,1,1,6
202000037357,2020-12-05 18:30:00,2020,12,5,18,30,80,80021,FLATTERS (RUE),49.89502,2.29924,Nuit avec éclairage allumé,En agglomération,Hors intersection,Pluie légère,Autre collision,4,1,2,0,4,1,2,0,1,50,1,2,1,0,0,1,48.0,,voiture,,5,2,1,2,6
202000037358,2020-07-30 18:30:00,2020,7,30,18,30,22,22076,D17,48.552823,-2.3654506,Plein jour,Hors agglomération,Hors intersection,Normale,Deux véhicules - côté,3,2,2,0,1,2,1,0,1,80,2,2,0,0,0,2,59.0,38.0,voiture,voiture,1,1,1,1,3
202000037359,2020-12-05 15:40:00,2020,12,5,15,40,80,80021,EUROPE (AVENUE DE L'),49.92352,2.30521,Plein jour,En agglomération,Hors intersection,Pluie légère,Deux véhicules - côté,4,1,3,0,1,1,2,0,1,50,2,3,1,0,0,2,44.0,38.0,deux_roues,voiture,1,2,1,2,3
202000037360,2020-07-31 09:30:00,2020,7,31,9,30,60,60446,départementale 922,49.1401601,2.7891829,Plein jour,Hors agglomération,Hors intersection,Normale,Sans collision,3,2,2,0,1,1,1,0,8,80,1,1,0,0,0,1,18.0,,voiture,,1,1,1,1,7
202000037361,2020-09-28 16:30:00,2020,9,28,16,30,64,64060,D2,43.329362,-0.479343,Plein jour,Hors agglomération,Hors intersection,Normale,Trois véhicules et plus - en chaîne,3,2,2,0,1,1,1,0,1,70,3,3,1,0,2,0,46.0,66.0,voiture,voiture,1,1,1,1,4
202000037362,2020-07-31 18:00:00,2020,7,31,18,0,60,60551,RD110,49.288386,2.382644,Plein jour,Hors agglomération,Hors intersection,Normale,Sans collision,3,2,2,0,1,2,1,0,3,80,1,1,0,0,0,1,26.0,,deux_roues,,1,1,1,1,7
202000037363,2020-09-24 14:10:00,2020,9,24,14,10,18,18141,Rue Maurice Gorse,47.152355,2.200077,Plein jour,En agglomération,Hors intersection,Normale,Deux véhicules - frontale,3,2,2,0,1,2,1,0,1,50,2,3,1,0,0,2,50.0,45.0,voiture,voiture,1,2,1,1,1
202000037364,2020-09-27 06:20:00,2020,9,27,6,20,18,18041,Les Perouses,46.631584,2.54488,Nuit sans éclairage public,Hors agglomération,Hors intersection,Pluie forte,Autre collision,4,-1,2,0,2,3,2,2,3,80,1,3,0,0,3,0,21.0,,voiture,,3,1,1,3,6
202000037365,2020-07-31 07:45:00,2020,7,31,7,45,60,60089,D153,49.222643,1.885099,Plein jour,Hors agglomération,Intersection en X,Normale,Deux véhicules - côté,3,2,2,0,1,1,1,5,3,80,2,2,0,0,0,2,55.0,20.0,utilitaire_camion,voiture,1,1,2,1,3
202000037366,2020-09-28 07:30:00,2020,9,28,7,30,18,18075,D12 - rond point de givry,47.013488,3.06657,Crépuscule ou aube,Hors agglomération,Giratoire,Pluie légère,Sans collision,3,2,2,0,1,2,2,5,1,50,1,1,0,0,1,0,14.0,,deux_roues,,2,1,6,2,7
202000037367,2020-09-26 17:50:00,2020,9,26,17,50,36,36192,26 Avenue Charles de Gaulle,46.6333995,1.4276193,Plein jour,En agglomération,Giratoire,Normale,Deux véhicules - côté,3,2,2,0,2,3,1,0,1,50,2,2,1,1,0,0,72.0,71.0,voiture,deux_roues,1,2,6,1,3
202000037368,2020-09-27 15:30:00,2020,9,27,15,30,40,40312,Boulevard de la Yayi,43.546774,-1.46082,Plein jour,En agglomération,Hors intersection,Normale,Deux véhicules - côté,3,3,2,0,4,1,1,0,6,50,2,2,1,0,0,1,14.0,80.0,deux_roues,voiture,1,2,1,1,3
202000037369,2020-07-30 17:40:00,2020,7,30,17,40,13,13216,A55-Sens Marseille vers Martigues,43.359031,5.344185,Plein jour,Hors agglomération,Hors intersection,Normale,Sans collision,1,3,3,0,1,1,1,0,1,90,1,1,0,0,0,1,24.0,,voiture,,1,1,1,1,7
202000037370,2020-12-04 23:44:00,2020,12,4,23,44,80,80164,RD929,49.9222862,2.3736048,Nuit sans éclairage public,En agglomération,Hors intersection,Normale,Sans collision,3,2,2,0,1,1,1,0,1,80,1,1,0,0,0,1,26.0,,voiture,,3,2,1,1,7
202000037371,2020-09-27 21:50:00,2020,9,27,21,50,27,27428,D840,49.14585,0.913673,Nuit sans éclairage public,Hors agglomération,Hors intersection,Pluie légère,Autre collision,3,2,2,0,1,1,2,0,1,80,1,2,1,0,1,0,51.0,,voiture,,3,1,1,2,6
202000037372,2020-07-30 17:20:00,2020,7,30,17,20,13,13055,A507 sens Marseille - Aubagne,43.2900005,5.4243506,Plein jour,Hors agglomération,Hors intersection,Normale,Trois véhicules et plus - en chaîne,1,1,3,0,1,1,1,0,1,70,3,3,2,0,0,1,41.0,58.0,voiture,voiture,1,1,1,1,4
202000037373,2020-09-26 14:15:00,2020,9,26,14,15,17,17187,D148,45.440501,-0.51352,Plein jour,En agglomération,Intersection en T,Temps couvert,Deux véhicules - côté,3,2,2,0,1,1,2,0,1,50,2,2,1,0,0,1,66.0,16.0,voiture,deux_roues,1,2,3,8,3
202000037374,2020-12-04 16:40:00,2020,12,4,16,40,80,80261,RD 1001,49.861,2.27206,Crépuscule ou aube,En agglomération,Hors intersection,Normale,Deux véhicules - arrière,3,2,4,0,1,1,1,0,1,80,2,2,1,0,0,1,19.0,28.0,voiture,voiture,2,2,1,1,2
202000037375,2020-09-26 16:45:00,2020,9,26,16,45,87,87028,C203 - Reculat,46.223315,0.938559,Plein jour,Hors agglomération,Hors intersection,Normale,Sans collision,4,2,2,0,2,1,9,0,1,80,1,1,0,0,1,0,26.0,,deux_roues,,1,1,1,1,7
202000037376,2020-09-10 16:00:00,2020,9,10,16,0,08,08178,D946,49.644492,4.172734,Plein jour,Hors agglomération,Hors intersection,Normale,Deux véhicules - frontale,3,2,2,0,2,4,1,0,1,80,2,2,1,0,0,1,20.0,37.0,voiture,voiture,1,1,1,1,1
202000037377,2020-12-08 16:20:00,2020,12,8,16,20,79,79191,64 Rue de Cholette,46.34173,-0.45735,Plein jour,En agglomération,Intersection en T,Normale,Deux véhicules - côté,4,2,2,0,1,2,1,0,1,50,2,2,1,0,0,1,49.0,70.0,voiture,deux_roues,1,2,3,1,3
202000037378,2020-07-02 13:05:00,2020,7,2,13,5,24,24073,D29e2,44.869443,0.810156,Plein jour,Hors agglomération,Intersection en X,Temps couvert,Deux véhicules - arrière,3,2,2,0,2,1,1,0,1,80,2,3,1,0,1,1,59.0,59.0,deux_roues,utilitaire_camion,1,1,2,8,2
202000037379,2020-12-08 15:40:00,2020,12,8,15,40,79,79191,181 Avenue de Paris,46.3276,-0.44822,Plein jour,En agglomération,Hors intersection,Normale,Autre collision,4,2,4,3,1,1,1,-1,1,30,1,2,1,0,0,1,48.0,,voiture,,1,2,1,1,6
202000037380,2020-07-29 18:40:00,2020,7,29,18,40,13,13026,A55-Sens Marseille vers Martigues,43.37299,5.1906,Plein jour,Hors agglomération,Hors intersection,Normale,Trois véhicules et plus - en chaîne,1,2,3,0,1,3,1,0,1,110,3,4,1,0,0,3,23.0,44.0,voiture,voiture,1,1,1,1,4
202000037381,2020-08-16 02:58:00,2020,8,16,2,58,977,97701,rt210 entre le rond point de la tourmente et l'oeuf,17.906467,-62.847676,Nuit sans éclairage public,En agglomération,Hors intersection,Normale,Sans collision,3,2,2,0,2,2,9,0,1,50,1,1,0,0,1,0,28.0,,deux_roues,,3,2,1,1,7
202000037382,2020-07-28 15:20:00,2020,7,28,15,20,83,83144,A57,43.13349,5.98476,Plein jour,Hors agglomération,Hors intersection,Normale,Trois véhicules et plus - collisions multiples,1,3,4,0,1,1,1,0,1,110,4,6,4,0,0,2,48.0,23.0,voiture,voiture,1,1,1,1,5