accident_id,datetime,annee,mois,jour,heure,minute,departement,commune_insee,adresse,latitude,longitude,luminosite,agglomeration,intersection,meteo,collision,catr,circ,nbv,vosp,prof,plan,surf,infra,situ,vma,nb_vehicules,nb_usagers,nb_indemnes,nb_tues,nb_blesses_hosp,nb_blesses_legers,age_cond_1,age_cond_2,veh_type_cond_1,veh_type_cond_2,lum_code,agg_code,int_code,atm_code,col_code
202000037566,2020-10-27 22:50:00,2020,10,27,22,50,14,14118,BAYEUX (RUE DU143 IMPAIR . 160 PAIR,49.18325,-0.38571,Plein jour,Hors agglomération,Hors intersection,Pluie légère,Deux véhicules - côté,4,-1,2,0,1,1,2,0,1,50,2,2,1,0,0,1,18.0,37.0,deux_roues,voiture,1,1,1,2,3
202000037567,2020-10-27 16:00:00,2020,10,27,16,0,13,13215,LE CHATELIER,43.34709,5.36843,Crépuscule ou aube,En agglomération,Hors intersection,Temps éblouissant,Deux véhicules - côté,3,2,4,0,2,3,1,0,1,50,2,2,1,0,0,1,37.0,27.0,voiture,voiture,2,2,1,7,3
202000037568,2020-07-29 16:00:00,2020,7,29,16,0,91,91114,VERDUN,48.70872,2.51056,Plein jour,En agglomération,Hors intersection,Normale,Deux véhicules - arrière,7,1,2,0,2,1,1,0,1,30,2,6,5,0,0,1,20.0,31.0,voiture,voiture,1,2,1,1,2
202000037569,2020-12-04 12:25:00,2020,12,4,12,25,37,37208,GRANGES (RUE DES),47.3683837,0.7195479,Plein jour,En agglomération,Hors intersection,Normale,Deux véhicules - côté,4,2,1,0,1,1,1,0,1,50,2,2,1,0,0,1,19.0,27.0,deux_roues,voiture,1,2,1,1,3
202000037570,2020-09-25 07:47:00,2020,9,25,7,47,74,74012,PASTEUR (AVENUE),46.19295,6.23743,Plein jour,En agglomération,Intersection en T,Pluie légère,Deux véhicules - côté,4,2,2,0,1,1,2,0,1,50,2,2,1,0,0,1,43.0,15.0,voiture,deux_roues,1,2,3,2,3
202000037571,2020-07-01 08:55:00,2020,7,1,8,55,69,69387,TONY GARNIER                        (AV),45.73098,4.82415,Plein jour,En agglomération,Hors intersection,Normale,Deux véhicules - côté,4,1,3,0,1,1,1,0,1,50,2,2,1,0,0,1,57.0,24.0,voiture,deux_roues,1,2,1,1,3
202000037572,2020-10-27 13:05:00,2020,10,27,13,5,13,13212,BOISERAIE (RUE),43.2976643,5.4217261,Plein jour,En agglomération,Hors intersection,Normale,Deux véhicules - arrière,4,2,2,0,1,1,1,0,1,50,2,2,1,0,1,0,25.0,56.0,utilitaire_camion,deux_roues,1,2,1,1,2
202000037573,2020-07-29 10:13:00,2020,7,29,10,13,87,87085,BEAUBREUIL (AVENUE DE),45.88092,1.29474,Plein jour,En agglomération,Hors intersection,Normale,Autre collision,4,3,4,0,1,1,1,0,1,50,1,2,1,0,0,1,85.0,,voiture,,1,2,1,1,6
202000037574,2020-09-25 17:30:00,2020,9,25,17,30,72,72181,LAIGNE RUE DE N° PAIRS 206 A 258,47.9739,0.2109,Plein jour,En agglomération,Hors intersection,Normale,Deux véhicules - arrière,4,2,2,0,2,1,1,0,1,50,2,2,1,0,0,1,35.0,20.0,voiture,deux_roues,1,2,1,1,2
202000037575,2020-07-11 00:40:00,2020,7,11,0,40,86,86066,Rue Gaudeau Lerpinière,46.817779,0.542566,Nuit avec éclairage allumé,En agglomération,Place,Normale,Deux véhicules - côté,4,1,1,0,2,1,1,0,1,50,2,2,1,0,0,1,45.0,21.0,deux_roues,voiture,5,2,7,1,3
202000037576,2020-06-29 16:30:00,2020,6,29,16,30,972,97209,RAVINE VILAINE (CHEMIN DEPARTEMENTAL DE),14.62795,-61.06008,Plein jour,En agglomération,Hors intersection,Normale,Deux véhicules - arrière,3,2,2,0,1,1,1,0,1,50,2,2,1,0,0,1,32.0,53.0,voiture,voiture,1,2,1,1,2
202000037577,2020-10-27 08:25:00,2020,10,27,8,25,13,13210,FLORIAN ( ROND POINT),43.285,5.425,Plein jour,En agglomération,Hors intersection,Normale,Deux véhicules - côté,4,1,3,0,1,1,1,0,1,50,2,2,1,0,0,1,28.0,34.0,voiture,deux_roues,1,2,1,1,3
202000037578,2020-09-25 06:30:00,2020,9,25,6,30,72,72181,SEMARD PIERRE (RUE),47.9959,0.20777,Nuit avec éclairage allumé,En agglomération,Intersection en T,Normale,Deux véhicules - côté,4,2,2,0,2,1,1,0,1,50,2,2,1,0,1,0,24.0,35.0,deux_roues,utilitaire_camion,5,2,3,1,3
202000037579,2020-07-29 16:20:00,2020,7,29,16,20,83,83069,FRANKLIN (RUE),43.121884,6.129008,Plein jour,En agglomération,Hors intersection,Normale,Autre collision,4,1,1,0,2,1,1,0,1,25,1,2,1,0,0,1,72.0,,voiture,,1,2,1,1,6
202000037580,2020-06-30 14:10:00,2020,6,30,14,10,69,69381,IMBERT COLOMES                      (R ),45.7714804,4.8338021,Plein jour,En agglomération,Hors intersection,Normale,Autre collision,4,1,1,0,2,1,1,0,4,50,1,3,2,0,1,0,17.0,,deux_roues,,1,2,1,1,6
202000037581,2020-12-01 07:00:00,2020,12,1,7,0,35,35241,LIBERATION (BOULEVARD DE LA),48.61536,-2.05757,Nuit avec éclairage allumé,Hors agglomération,Giratoire,Normale,Deux véhicules - côté,4,1,2,0,2,2,1,5,1,-1,2,2,1,0,1,0,55.0,56.0,utilitaire_camion,deux_roues,5,1,6,1,3
202000037582,2020-06-21 20:10:00,2020,6,21,20,10,971,97101,ACHILLE RENE BOISNEUF (RUE),16.27292,-61.50506,Nuit avec éclairage allumé,En agglomération,Hors intersection,Normale,Autre collision,4,2,1,0,1,2,1,0,1,50,1,2,1,0,0,1,23.0,,voiture,,5,2,1,1,6
202000037583,2020-12-08 17:35:00,2020,12,8,17,35,35,35238,ROOSEVELT (BD FRANKLIN),48.09725,-1.65771,Nuit avec éclairage allumé,En agglomération,Hors intersection,Normale,Deux véhicules - côté,4,2,2,0,2,1,1,0,1,50,2,2,1,0,0,1,17.0,55.0,deux_roues,voiture,5,2,1,1,3
202000037584,2020-12-08 11:05:00,2020,12,8,11,5,35,35238,SAINT-HELIER,48.10337,-1.6626,Plein jour,En agglomération,Hors intersection,Normale,Autre collision,4,3,5,1,2,1,1,0,1,50,1,2,1,0,0,1,41.0,,voiture,,1,2,1,1,6
202000037585,2020-06-30 13:40:00,2020,6,30,13,40,971,97120,Secteur Pont de la Gabarre,16.25314,-61.5462,Plein jour,Hors agglomération,Hors intersection,Normale,Trois véhicules et plus - collisions multiples,2,1,3,0,1,1,1,0,1,90,4,5,4,0,0,1,30.0,47.0,voiture,voiture,1,1,1,1,5
202000037586,2020-12-08 08:25:00,2020,12,8,8,25,35,35051,PARES (RUE DES VAUX),48.1126619,-1.6269985,Plein jour,En agglomération,Hors intersection,Pluie légère,Deux véhicules - frontale,4,2,2,0,1,1,2,0,4,50,2,2,1,0,0,1,16.0,52.0,deux_roues,deux_roues,1,2,1,2,1
202000037587,2020-07-01 16:45:00,2020,7,1,16,45,2A,2A004,ILES SANGUINAIRES ROUTE DES,41.9090703,8.7190614,Plein jour,En agglomération,Hors intersection,Normale,Deux véhicules - arrière,3,2,2,0,1,1,1,0,1,50,2,3,0,0,2,1,28.0,34.0,deux_roues,deux_roues,1,2,1,1,2
202000037588,2020-11-30 11:45:00,2020,11,30,11,45,34,34172,MONTASINOS (RUE DE,43.6298,3.8795,Plein jour,En agglomération,Hors intersection,Normale,Deux véhicules - côté,4,2,2,0,2,1,1,0,1,50,2,2,1,0,0,1,48.0,46.0,deux_roues,voiture,1,2,1,1,3
202000037589,2020-07-28 21:25:00,2020,7,28,21,25,78,78361,BOULEVARD SULLY 1,48.99683,1.67645,Plein jour,En agglomération,Place,Normale,Sans collision,3,2,2,0,1,1,1,0,1,50,1,1,0,0,0,1,60.0,,deux_roues,,1,2,7,1,7
202000037590,2020-09-27 01:35:00,2020,9,27,1,35,71,71189,RD 978 B,46.7614985,4.8781031,Nuit sans éclairage public,Hors agglomération,Hors intersection,Pluie forte,Sans collision,3,2,0,0,1,1,2,2,1,80,1,1,0,0,1,0,24.0,,deux_roues,,3,1,1,3,7
202000037591,2020-10-26 13:40:00,2020,10,26,13,40,13,13213,JEAN PAUL SARTRE (AVENUE),43.31414,5.40615,Plein jour,En agglomération,Autre intersection,Normale,Deux véhicules - côté,3,2,-1,0,1,1,1,0,1,50,2,2,1,0,0,1,61.0,20.0,voiture,voiture,1,2,9,1,3
202000037592,2020-11-04 16:00:00,2020,11,4,16,0,34,34172,SAINT VINCENT DE PAUL (RUE),43.621405,3.87524,Plein jour,En agglomération,Hors intersection,Normale,Deux véhicules - côté,4,2,2,0,3,2,2,0,2,50,2,2,1,0,1,0,32.0,64.0,utilitaire_camion,utilitaire_camion,1,2,1,1,3
202000037593,2020-10-27 16:30:00,2020,10,27,16,30,13,13047,D.16,43.52488,5.00834,Plein jour,Hors agglomération,Hors intersection,Normale,Deux véhicules - frontale,3,2,2,0,1,1,1,0,1,80,2,2,0,0,1,1,33.0,65.0,voiture,voiture,1,1,1,1,1
202000037594,2020-10-27 11:55:00,2020,10,27,11,55,13,13005,RN 8,43.28567,5.5547,Plein jour,En agglomération,Autre intersection,Normale,Autre collision,4,2,2,0,1,1,1,0,1,50,1,2,1,0,0,1,86.0,,voiture,,1,2,9,1,6
202000037595,2020-10-27 21:00:00,2020,10,27,21,0,13,13001,BELGES (AV DES),43.5252,5.44438,Nuit avec éclairage allumé,En agglomération,Hors intersection,Normale,Deux véhicules - arrière,4,1,3,3,1,1,1,9,1,50,2,2,1,0,0,1,32.0,19.0,deux_roues,voiture,5,2,1,1,2
202000037596,2020-10-26 13:20:00,2020,10,26,13,20,13,13001,RD 543,43.492082,5.350626,Plein jour,En agglomération,Hors intersection,Normale,Trois véhicules et plus - collisions multiples,3,2,2,0,1,2,1,2,1,80,3,7,4,1,2,0,20.0,47.0,voiture,voiture,1,2,1,1,5
202000037597,2020-10-26 10:45:00,2020,10,26,10,45,13,13001,BOIS DE L'AUNE (ROTONDE DU),43.52448,5.4156,Plein jour,En agglomération,Autre intersection,Temps couvert,Deux véhicules - côté,4,1,3,2,2,2,2,0,1,50,2,2,1,0,0,1,83.0,36.0,voiture,voiture,1,2,9,8,3
202000037598,2020-10-24 14:40:00,2020,10,24,14,40,12,12202,VIEUX CHENES (RUE DES),44.35916,2.58574,Plein jour,En agglomération,Hors intersection,Normale,Sans collision,4,2,2,0,2,1,1,0,1,50,1,1,0,0,1,0,75.0,,deux_roues,,1,2,1,1,7
202000037599,2020-10-27 09:10:00,2020,10,27,9,10,07,07316,LONES (PONT DES),44.9199,4.8624,Plein jour,Hors agglomération,Hors intersection,Normale,,3,3,2,0,1,1,1,0,1,90,2,2,1,0,0,1,43.0,64.0,deux_roues,voiture,1,1,1,1,-1
202000037600,2020-10-27 19:20:00,2020,10,27,19,20,06,06088,ITALIE (R. D'),43.70259,7.262531,Nuit avec éclairage allumé,En agglomération,Intersection en T,Normale,Deux véhicules - côté,4,1,1,1,1,1,1,0,1,50,2,2,1,0,1,0,43.0,27.0,voiture,deux_roues,5,2,3,1,3
202000037601,2020-10-27 14:15:00,2020,10,27,14,15,06,06069,PLAN (ROUTE DU) -D304-,43.65085,6.94858,Plein jour,Hors agglomération,Hors intersection,Normale,Sans collision,3,2,1,0,1,1,1,8,1,30,1,1,0,0,0,1,61.0,,deux_roues,,1,1,1,1,7
202000037602,2020-10-27 11:20:00,2020,10,27,11,20,06,06069,DRAGUIGNAN (ROUTE DE) - D2562-,43.644249,6.899,Plein jour,En agglomération,Hors intersection,Normale,Deux véhicules - côté,3,2,2,0,2,1,1,0,1,50,2,2,1,0,0,1,21.0,58.0,deux_roues,utilitaire_camion,1,2,1,1,3
202000037603,2020-10-23 11:50:00,2020,10,23,11,50,06,06123,PUGETS MOYENNE CORNICHE DES,43.699715,7.175927,Plein jour,Hors agglomération,Hors intersection,Pluie légère,Deux véhicules - côté,4,2,2,0,2,2,2,0,1,50,2,2,1,0,0,1,78.0,21.0,voiture,voiture,1,1,1,2,3
202000037604,2020-09-26 00:25:00,2020,9,26,0,25,69,69266,CHARLES DE GAULLE   (Rond-point),45.78482,4.86421,Nuit avec éclairage allumé,En agglomération,Giratoire,Pluie légère,Deux véhicules - arrière,4,1,4,0,1,2,1,5,1,50,2,2,0,0,0,2,44.0,21.0,voiture,voiture,5,2,6,2,2
202000037605,2020-07-01 15:35:00,2020,7,1,15,35,91,91377,BOEUFS (CHEMIN DES),48.7247,2.2553,Plein jour,En agglomération,Intersection en Y,Pluie légère,Deux véhicules - arrière,3,-1,2,0,1,1,2,0,1,50,2,3,1,0,0,2,15.0,64.0,deux_roues,voiture,1,2,4,2,2
202000037606,2020-10-26 12:17:00,2020,10,26,12,17,05,05061,PROVENCE (ALLEE DE),44.54624,6.06387,Plein jour,En agglomération,Intersection en T,Temps couvert,Deux véhicules - côté,4,-1,0,1,1,1,2,0,1,50,2,2,1,0,0,1,24.0,65.0,voiture,deux_roues,1,2,3,8,3
202000037607,2020-10-27 12:00:00,2020,10,27,12,0,75,75119,BOULEVARD MACDONALD,48.897004,2.392416,Plein jour,En agglomération,Intersection en T,Pluie légère,Sans collision,4,2,4,0,2,1,2,0,1,50,1,1,0,0,0,1,38.0,,deux_roues,,1,2,3,2,7
202000037608,2020-12-08 16:35:00,2020,12,8,16,35,33,33318,AVE DES PROVINCES,44.7947,-0.68225,Plein jour,En agglomération,Giratoire,Normale,Deux véhicules - côté,4,2,2,0,1,1,1,0,8,50,2,2,1,0,0,1,56.0,17.0,utilitaire_camion,deux_roues,1,2,6,1,3
202000037609,2020-07-28 14:15:00,2020,7,28,14,15,76,76540,NEUFCHATEL. ROUTE DE (RN 28),49.45055,1.09869,Plein jour,En agglomération,Intersection en X,Normale,Deux véhicules - côté,3,3,3,3,2,1,1,-1,1,50,2,2,1,0,0,1,41.0,41.0,deux_roues,voiture,1,2,2,1,3
202000037610,2020-06-30 08:52:00,2020,6,30,8,52,87,87085,BLANC LOUIS (BOULEVARD),45.82834,1.26156,Plein jour,En agglomération,Hors intersection,Normale,Deux véhicules - arrière,4,2,4,0,1,1,1,0,1,50,2,4,3,0,0,1,61.0,42.0,voiture,voiture,1,2,1,1,2
202000037611,2020-09-25 12:50:00,2020,9,25,12,50,64,64102,HENRI DE NAVARRE (AVENUE),43.50742,-1.44493,Plein jour,En agglomération,Hors intersection,Pluie forte,Deux véhicules - arrière,3,2,2,0,1,1,2,0,1,50,2,2,1,0,0,1,27.0,27.0,utilitaire_camion,voiture,1,2,1,3,2
202000037612,2020-09-27 23:40:00,2020,9,27,23,40,59,59328,BOIS RUE DU,50.64521,3.03799,Nuit avec éclairage allumé,En agglomération,Intersection en T,Pluie légère,Deux véhicules - côté,7,2,2,1,1,1,2,0,1,50,2,5,3,0,0,2,21.0,19.0,voiture,voiture,5,2,3,2,3
202000037613,2020-07-29 18:36:00,2020,7,29,18,36,74,74119,BISSINGES (ROUTE DE) A PARTIR DES BOCQUI,46.3977,6.574,Plein jour,En agglomération,Intersection en T,Normale,Deux véhicules - côté,4,2,2,0,2,1,1,0,1,50,2,2,1,0,1,0,18.0,20.0,deux_roues,voiture,1,2,3,1,3
202000037614,2020-09-26 16:50:00,2020,9,26,16,50,54,54375,RD 958  ,48.89931,5.99331,Plein jour,Hors agglomération,Hors intersection,Pluie légère,Sans collision,3,2,2,0,2,2,2,0,3,70,1,2,1,0,0,1,29.0,,voiture,,1,1,1,2,7
202000037615,2020-10-27 20:35:00,2020,10,27,20,35,75,75118,RUE MARX DORMOY,48.890231,2.359921,Nuit avec éclairage allumé,En agglomération,Place,Pluie légère,Autre collision,4,2,4,0,1,1,2,0,1,50,1,2,1,0,0,1,24.0,,deux_roues,,5,2,7,2,6
202000037616,2020-07-09 19:15:00,2020,7,9,19,15,65,65417,PASTEUR (RUE),43.2297,0.0928,Plein jour,En agglomération,Hors intersection,Normale,Deux véhicules - frontale,4,1,1,0,1,1,1,0,1,50,2,2,1,0,1,0,73.0,57.0,voiture,voiture,1,2,1,1,1
202000037617,2020-09-26 15:44:00,2020,9,26,15,44,54,54184,AGINCOURT  (ANCIENNE ROUTE D'),48.71165,6.23911,Plein jour,En agglomération,Hors intersection,Normale,Deux véhicules - arrière,9,2,2,0,1,1,1,0,1,70,2,2,1,0,0,1,39.0,34.0,voiture,voiture,1,2,1,1,2
202000037618,2020-12-08 14:25:00,2020,12,8,14,25,33,33063,BD ALBERT 1ER (2-198) PAIRS,44.81434,-0.57059,Plein jour,En agglomération,Intersection en T,Normale,Deux véhicules - côté,4,3,4,0,1,1,1,0,6,50,2,2,1,0,0,1,19.0,35.0,deux_roues,utilitaire_camion,1,2,3,1,3
202000037619,2020-07-01 19:44:00,2020,7,1,19,44,83,83137,FOCH (AVE DU MARECHAL),43.127044,5.921187,Plein jour,En agglomération,Hors intersection,Temps éblouissant,Deux véhicules - côté,4,-1,6,0,1,1,1,9,1,50,2,2,1,0,1,0,35.0,40.0,deux_roues,voiture,1,2,1,7,3
202000037620,2020-10-27 14:00:00,2020,10,27,14,0,75,75118,BOULEVARD BARBES,48.887171,2.349574,Plein jour,En agglomération,Intersection en T,Pluie légère,Deux véhicules - côté,4,2,4,0,1,1,2,0,1,50,2,1,0,0,0,1,21.0,,deux_roues,,1,2,3,2,3
202000037621,2020-09-26 14:00:00,2020,9,26,14,0,45,45208,Avenue de Lattre de Tassigny,48.00136,2.72435,Plein jour,En agglomération,Intersection en X,Normale,Deux véhicules - côté,4,2,2,0,1,1,1,0,1,50,2,2,1,0,0,1,42.0,59.0,deux_roues,voiture,1,2,2,1,3
202000037622,2020-07-29 17:20:00,2020,7,29,17,20,64,64483,HABAS MATHIEU OU PERE (AVENUE DE),43.38906,-1.64982,Plein jour,En agglomération,Hors intersection,Normale,Deux véhicules - arrière,4,1,1,0,2,1,1,0,1,30,2,2,1,0,0,1,42.0,17.0,utilitaire_camion,deux_roues,1,2,1,1,2
202000037623,2020-09-26 17:00:00,2020,9,26,17,0,35,35051,BUTTES DE COESMES (AVENUE DES),48.12715,-1.62884,Plein jour,En agglomération,Intersection en X,Normale,Deux véhicules - côté,4,2,3,0,2,1,1,5,1,50,2,2,1,0,0,1,57.0,41.0,voiture,voiture,1,2,2,1,3
202000037624,2020-07-01 12:40:00,2020,7,1,12,40,83,83137,CHARCOT (QUAI JEAN),43.12767,5.8996,Plein jour,En agglomération,Hors intersection,Normale,Autre collision,4,1,2,0,1,1,1,0,1,50,1,2,1,0,0,1,29.0,,voiture,,1,2,1,1,6
202000037625,2020-12-08 08:00:00,2020,12,8,8,0,33,33281,AVE MONTESQUIEU,44.84639,-0.63509,Plein jour,En agglomération,Intersection en X,Normale,Deux véhicules - côté,4,2,4,2,1,1,2,0,1,50,2,2,1,0,0,1,50.0,23.0,deux_roues,voiture,1,2,2,1,3
202000037626,2020-09-27 02:45:00,2020,9,27,2,45,33,33063,RUE DE LA BENAUGE,44.8403,-0.55579,Nuit avec éclairage allumé,En agglomération,Hors intersection,Normale,Deux véhicules - arrière,4,2,2,0,1,1,2,0,1,50,2,1,0,0,1,0,39.0,,deux_roues,,5,2,1,1,2
202000037627,2020-10-27 08:45:00,2020,10,27,8,45,75,75118,RUE ORDENER,48.893823,2.335075,Plein jour,En agglomération,Intersection en T,Normale,Deux véhicules - côté,4,2,3,0,1,1,1,0,1,50,2,2,1,0,0,1,59.0,43.0,voiture,deux_roues,1,2,3,1,3
202000037628,2020-09-23 08:26:00,2020,9,23,8,26,29,29019,Avenue Victor le Gorgeu,48.4007433,-4.4997479,Plein jour,En agglomération,Giratoire,Normale,Deux véhicules - côté,4,2,-1,0,1,1,1,0,1,30,2,2,1,0,0,1,19.0,40.0,deux_roues,voiture,1,2,6,1,3
202000037629,2020-11-30 01:15:00,2020,11,30,1,15,31,31555,CURIE (BD PIERRE) DU 1AU 145,43.62617,1.43711,Nuit avec éclairage allumé,En agglomération,Hors intersection,Normale,Deux véhicules - côté,4,2,3,0,1,1,1,0,1,50,2,2,1,0,0,1,19.0,30.0,deux_roues,voiture,5,2,1,1,3
202000037630,2020-10-27 09:00:00,2020,10,27,9,0,75,75117,AVENUE DE CLICHY,48.891253,2.319089,Plein jour,En agglomération,Intersection en Y,Normale,Autre collision,4,2,2,1,1,1,1,-1,5,30,1,1,0,0,0,1,62.0,,deux_roues,,1,2,4,1,6
202000037631,2020-07-29 21:15:00,2020,7,29,21,15,64,64102,JOUANDIN (AVENUE),43.50192,-1.45388,Plein jour,Hors agglomération,Hors intersection,Normale,Autre collision,6,-1,0,0,1,1,1,0,1,30,1,1,0,0,0,1,,,,,1,1,1,1,6
202000037632,2020-06-30 19:10:00,2020,6,30,19,10,83,83129,ROUVEAU (RUE DU),43.116276,5.81008,Plein jour,En agglomération,Hors intersection,Normale,Deux véhicules - arrière,4,1,1,0,1,1,1,0,1,30,2,3,2,0,0,1,61.0,50.0,utilitaire_camion,deux_roues,1,2,1,1,2
202000037633,2020-12-07 22:40:00,2020,12,7,22,40,30,30189,KENNEDY (AVENUE),43.82622,4.33237,Nuit avec éclairage allumé,En agglomération,Hors intersection,Normale,Deux véhicules - côté,4,4,2,0,1,1,1,9,1,50,2,6,4,0,0,2,20.0,24.0,voiture,voiture,5,2,1,1,3
202000037634,2020-12-03 17:45:00,2020,12,3,17,45,27,27681,CHICO MENDES (RUE),49.08108,1.49572,Nuit avec éclairage allumé,En agglomération,Intersection en X,Normale,Autre collision,4,-1,0,0,1,1,1,0,1,50,1,2,1,0,0,1,25.0,,voiture,,5,2,2,1,6
202000037635,2020-06-30 12:45:00,2020,6,30,12,45,79,79081,Rue André Bellot,46.34565,-0.39949,Plein jour,En agglomération,Giratoire,Normale,Deux véhicules - arrière,3,2,2,0,1,1,1,0,1,50,2,2,1,0,1,0,54.0,40.0,deux_roues,voiture,1,2,6,1,2
202000037636,2020-07-29 15:15:00,2020,7,29,15,15,64,64024,MONTBRUN (AVENUE DE),43.50329,-1.50969,Plein jour,En agglomération,Intersection en T,Normale,Deux véhicules - frontale,4,2,2,0,2,1,1,0,1,30,2,2,1,0,0,1,72.0,28.0,voiture,deux_roues,1,2,3,1,1
202000037637,2020-09-26 18:30:00,2020,9,26,18,30,14,14118,ORATOIRE (RUE DE L'),49.18083,-0.36053,Plein jour,En agglomération,Hors intersection,Temps couvert,Autre collision,4,1,1,3,2,1,1,1,8,30,1,2,1,0,1,0,53.0,,voiture,,1,2,1,8,6
202000037638,2020-12-08 07:30:00,2020,12,8,7,30,26,26281,DORMOY MARX (BOULEVARD),45.04763,5.05484,Crépuscule ou aube,En agglomération,Hors intersection,Pluie légère,Autre collision,4,2,2,0,1,1,2,0,1,50,1,2,1,0,1,0,66.0,,voiture,,2,2,1,2,6
202000037639,2020-12-07 07:55:00,2020,12,7,7,55,19,19031,PASTEUR (AVENUE),45.16767,1.53149,Crépuscule ou aube,En agglomération,Intersection en T,Normale,Deux véhicules - côté,3,2,3,0,1,1,1,0,1,50,2,2,1,0,0,1,54.0,58.0,deux_roues,voiture,2,2,3,1,3
202000037640,2020-12-08 10:40:00,2020,12,8,10,40,17,17306,PAPIN DENIS,45.63254,-0.99203,Plein jour,En agglomération,Hors intersection,Normale,Deux véhicules - côté,4,2,2,0,1,1,1,0,1,30,2,2,1,0,1,0,32.0,21.0,deux_roues,voiture,1,2,1,1,3
202000037641,2020-12-08 19:50:00,2020,12,8,19,50,17,17028,MAILLES   RUE DES COTTES,46.141519,-1.12147,Nuit avec éclairage allumé,En agglomération,Intersection en X,Normale,Deux véhicules - côté,4,2,2,0,1,1,1,0,1,30,2,2,1,0,0,1,52.0,43.0,voiture,utilitaire_camion,5,2,2,1,3
202000037642,2020-12-08 18:00:00,2020,12,8,18,0,14,14118,BRETAGNE (RUE DE ),49.18234,-0.37896,Nuit avec éclairage allumé,En agglomération,Hors intersection,Temps couvert,Deux véhicules - côté,4,2,2,0,1,1,1,0,1,50,2,2,1,0,1,0,40.0,22.0,voiture,deux_roues,5,2,1,8,3
202000037643,2020-07-01 19:55:00,2020,7,1,19,55,78,78586,BARBUSSE (HENRI),48.9377,2.19641,Plein jour,En agglomération,Hors intersection,Normale,Deux véhicules - côté,4,2,2,0,1,1,1,0,1,50,2,2,1,0,1,0,66.0,30.0,voiture,deux_roues,1,2,1,1,3
202000037644,2020-12-08 21:00:00,2020,12,8,21,0,13,13213,BACHAGA BOUALAM (ROND POINT),43.33916,5.42041,Nuit avec éclairage allumé,En agglomération,Giratoire,Normale,Deux véhicules - côté,4,1,2,0,1,2,1,0,1,50,2,2,1,0,0,1,30.0,47.0,voiture,deux_roues,5,2,6,1,3
202000037645,2020-12-08 20:08:00,2020,12,8,20,8,13,13209,MARÉCHAL DE LATTRE (AVENUE),43.24922,5.40563,Nuit avec éclairage allumé,En agglomération,Hors intersection,Normale,Sans collision,3,2,3,3,1,1,1,0,1,50,1,2,0,0,0,2,28.0,,deux_roues,,5,2,1,1,7
202000037646,2020-07-01 12:48:00,2020,7,1,12,48,76,76484,D 13,49.34532,1.07536,Plein jour,Hors agglomération,Hors intersection,Pluie légère,Deux véhicules - frontale,3,2,2,0,2,1,2,0,1,80,2,2,0,1,1,0,67.0,36.0,voiture,voiture,1,1,1,2,1
202000037647,2020-06-30 14:23:00,2020,6,30,14,23,76,76552,OCTEVILLE,49.5158,0.0856,Plein jour,En agglomération,Hors intersection,Normale,Sans collision,3,2,2,0,2,3,1,0,1,50,1,1,0,0,0,1,46.0,,deux_roues,,1,2,1,1,7
202000037648,2020-12-08 09:45:00,2020,12,8,9,45,13,13208,PARADIS (RUE),43.275969,5.384158,Plein jour,En agglomération,Hors intersection,Normale,Deux véhicules - côté,4,2,2,0,1,1,2,0,1,50,2,2,1,0,0,1,72.0,16.0,voiture,deux_roues,1,2,1,1,3
202000037649,2020-10-26 13:15:00,2020,10,26,13,15,75,75116,ALLEE DU BORD DE L EAU,48.853456,2.226419,Plein jour,En agglomération,Intersection en T,Normale,Trois véhicules et plus - en chaîne,4,2,3,0,1,1,1,0,1,50,4,5,4,0,0,1,59.0,24.0,voiture,utilitaire_camion,1,2,3,1,4
202000037650,2020-07-01 20:55:00,2020,7,1,20,55,69,69266,TOLSTOI    (Cours),45.7616273,4.882011,Crépuscule ou aube,En agglomération,Intersection en X,Temps couvert,Deux véhicules - côté,4,1,3,2,1,1,1,0,1,50,2,2,1,0,0,1,42.0,29.0,deux_roues,voiture,2,2,2,8,3
202000037651,2020-07-29 13:40:00,2020,7,29,13,40,64,64140,POLITZER (RUE GEORGES),43.5159,-1.4853,Plein jour,En agglomération,Intersection en X,Normale,Deux véhicules - côté,4,1,1,0,1,1,1,0,1,30,2,2,1,0,0,1,49.0,30.0,deux_roues,voiture,1,2,2,1,3
202000037652,2020-10-27 20:50:00,2020,10,27,20,50,75,75114,AVENUE DENFERT ROCHEREAU,48.835738,2.333886,Nuit avec éclairage allumé,En agglomération,Hors intersection,Pluie légère,Sans collision,4,2,3,0,1,1,2,0,1,50,1,1,0,0,0,1,60.0,,deux_roues,,5,2,1,2,7
202000037653,2020-11-25 16:30:00,2020,11,25,16,30,13,13209,MAZARGUES (AVENUE DE),43.259808,5.394078,Plein jour,En agglomération,Autre intersection,Normale,,4,2,2,0,1,1,1,0,1,50,2,2,1,0,0,1,62.0,66.0,deux_roues,voiture,1,2,9,1,-1
202000037654,2020-12-07 21:19:00,2020,12,7,21,19,13,13206,BRETEUIL (RUE),43.29,5.375,Nuit avec éclairage allumé,En agglomération,Intersection en X,Pluie légère,Deux véhicules - frontale,4,1,2,0,2,1,2,0,1,50,2,2,1,0,0,1,34.0,18.0,utilitaire_camion,deux_roues,5,2,2,2,1
202000037655,2020-06-18 15:30:00,2020,6,18,15,30,69,69256,FRANKLIN ROOSEVELT                  (R ),45.76787,4.93665,Plein jour,En agglomération,Intersection en X,Normale,Deux véhicules - côté,4,2,3,0,1,1,1,5,1,50,2,3,2,0,0,1,24.0,70.0,deux_roues,voiture,1,2,2,1,3
202000037656,2020-12-07 17:30:00,2020,12,7,17,30,13,13208,ANDRE ZENATTI (AVENUE),43.2462828,5.3880362,Nuit avec éclairage allumé,En agglomération,Hors intersection,Pluie légère,Deux véhicules - côté,4,2,2,1,1,1,2,0,1,50,2,2,0,0,0,2,31.0,42.0,deux_roues,voiture,5,2,1,2,3