accident_id,datetime,annee,mois,jour,heure,minute,departement,commune_insee,adresse,latitude,longitude,luminosite,agglomeration,intersection,meteo,collision,catr,circ,nbv,vosp,prof,plan,surf,infra,situ,vma,nb_vehicules,nb_usagers,nb_indemnes,nb_tues,nb_blesses_hosp,nb_blesses_legers,age_cond_1,age_cond_2,veh_type_cond_1,veh_type_cond_2,lum_code,agg_code,int_code,atm_code,col_code
202000037657,2020-06-30 17:40:00,2020,6,30,17,40,69,69290,ST BONNET DE MURE (DE)              (CH),45.6915623,4.9681789,Plein jour,En agglomération,Intersection en T,Normale,Deux véhicules - côté,2,1,1,0,2,1,1,3,1,70,2,3,2,0,0,1,73.0,22.0,voiture,voiture,1,2,3,1,3
202000037658,2020-12-07 17:10:00,2020,12,7,17,10,13,13209,MICHELET (BOULEVARD),43.2513,5.4033,Nuit avec éclairage allumé,En agglomération,Hors intersection,Pluie légère,Deux véhicules - côté,4,2,6,0,1,1,2,0,6,50,2,4,1,0,0,3,43.0,40.0,voiture,voiture,5,2,1,2,3
202000037659,2020-11-29 14:45:00,2020,11,29,14,45,13,13005,ESPILLIERES (CHEMIN DES),43.2820324,5.5728069,Plein jour,En agglomération,Hors intersection,Normale,Deux véhicules - arrière,4,2,1,0,1,1,1,2,1,50,2,4,2,0,0,2,28.0,,voiture,,1,2,1,1,2
202000037660,2020-12-08 11:10:00,2020,12,8,11,10,09,09225,PORTAIL ROUGE RUE DU,43.1171,1.6136,Plein jour,En agglomération,Intersection en T,Pluie forte,Deux véhicules - côté,4,1,1,0,1,1,2,0,1,50,2,2,1,0,0,1,45.0,19.0,voiture,voiture,1,2,3,3,3
202000037661,2020-12-08 08:40:00,2020,12,8,8,40,07,07102,CHARLES DE GAULLE (BOULEVARD),44.9357,4.8837,Plein jour,En agglomération,Hors intersection,Temps couvert,Deux véhicules - arrière,4,-1,2,0,1,1,2,0,1,50,2,2,1,0,0,1,36.0,15.0,voiture,deux_roues,1,2,1,8,2
202000037662,2020-09-26 22:45:00,2020,9,26,22,45,13,13215,SAINT ANTOINE A SAINT JOSEPH (CHEMIN DE),43.36033,5.36385,Nuit avec éclairage allumé,En agglomération,Intersection en X,Normale,Deux véhicules - côté,4,3,2,0,2,3,1,5,8,50,2,1,0,0,0,1,32.0,,voiture,,5,2,2,1,3
202000037663,2020-12-08 19:16:00,2020,12,8,19,16,06,06088,ROUX (R. DR EMILE),43.67531,7.22715,Nuit avec éclairage allumé,En agglomération,Intersection en X,Normale,Deux véhicules - côté,4,2,5,0,1,1,1,0,1,50,2,2,1,0,1,0,55.0,57.0,deux_roues,voiture,5,2,2,1,3
202000037664,2020-09-25 14:40:00,2020,9,25,14,40,13,13214,ROLAND DORGELES (BOULEVARD),43.348424,5.376469,Plein jour,En agglomération,Intersection en X,Normale,Deux véhicules - côté,3,2,0,0,1,1,1,0,1,50,2,2,1,0,1,0,37.0,33.0,deux_roues,utilitaire_camion,1,2,2,1,3
202000037665,2020-12-08 19:50:00,2020,12,8,19,50,06,06069,PEGOMAS (ROUTE DE),43.621874,6.925189,Nuit sans éclairage public,Hors agglomération,Hors intersection,Normale,Sans collision,3,2,2,0,2,3,1,0,1,50,1,1,0,0,0,1,50.0,,deux_roues,,3,1,1,1,7
202000037666,2020-06-30 17:20:00,2020,6,30,17,20,69,69092,GAP (avenue Alfred),46.00821,4.71851,Plein jour,En agglomération,Hors intersection,Normale,Trois véhicules et plus - en chaîne,4,2,4,1,1,1,1,0,1,50,3,3,1,0,0,2,45.0,32.0,voiture,voiture,1,2,1,1,4
202000037667,2020-12-02 16:55:00,2020,12,2,16,55,02,02691,JOLIOT-CURIE (AV. FREDERIC),49.85987,3.2939,Crépuscule ou aube,En agglomération,Intersection en T,Normale,Autre collision,4,1,1,0,1,1,1,0,1,30,1,2,1,0,1,0,41.0,,voiture,,2,2,3,1,6
202000037668,2020-10-27 11:00:00,2020,10,27,11,0,75,75114,RUE BENARD,48.831763,2.321984,Plein jour,En agglomération,Intersection en X,Pluie légère,Autre collision,4,1,1,0,1,1,2,0,1,50,1,2,1,0,0,1,29.0,,utilitaire_camion,,1,2,2,2,6
202000037669,2020-09-26 19:02:00,2020,9,26,19,2,10,10333,PRESIDENT WILSON (RUE),48.28936,4.06443,Plein jour,En agglomération,Hors intersection,Normale,Deux véhicules - côté,4,1,1,0,1,1,1,0,4,50,2,2,1,0,0,1,27.0,39.0,voiture,deux_roues,1,2,1,1,3
202000037670,2020-07-29 12:30:00,2020,7,29,12,30,64,64102,BOUFFLERS (ALLEES),43.4914,-1.4694,Plein jour,En agglomération,Intersection en X,Normale,Deux véhicules - côté,4,2,4,3,1,1,1,5,1,50,2,2,1,0,1,0,21.0,50.0,voiture,deux_roues,1,2,2,1,3
202000037671,2020-06-30 16:50:00,2020,6,30,16,50,64,64129,PLAINE,43.29978,-0.39891,Plein jour,En agglomération,Giratoire,Normale,Deux véhicules - côté,4,2,2,0,1,3,1,9,1,50,2,2,1,0,0,1,81.0,59.0,voiture,deux_roues,1,2,6,1,3
202000037672,2020-11-17 18:10:00,2020,11,17,18,10,02,02691,NOIRMONT (CHEMIN),49.84735,3.26859,Nuit avec éclairage allumé,En agglomération,Intersection en T,Normale,Deux véhicules - côté,4,2,2,0,1,1,1,0,1,50,2,2,1,0,1,0,35.0,51.0,deux_roues,voiture,5,2,3,1,3
202000037673,2020-10-27 20:05:00,2020,10,27,20,5,75,75113,AVENUE D ITALIE,48.830956,2.355579,Nuit avec éclairage allumé,En agglomération,Place,Pluie légère,Autre collision,4,2,4,0,1,1,2,0,1,50,1,2,1,0,0,1,63.0,,deux_roues,,5,2,7,2,6
202000037674,2020-07-01 19:19:00,2020,7,1,19,19,64,64024,FRANÇOIS DOMAIN (PONT),43.49439,-1.52803,Plein jour,En agglomération,Hors intersection,Normale,Sans collision,4,2,3,0,1,1,1,2,1,50,1,1,0,0,0,1,37.0,,deux_roues,,1,2,1,1,7
202000037675,2020-12-08 19:00:00,2020,12,8,19,0,75,75120,PORTE DE BAGNOLET,48.864835,2.413715,Nuit sans éclairage public,En agglomération,Intersection en Y,Normale,Deux véhicules - côté,4,1,1,0,2,2,1,0,1,50,2,2,1,0,0,1,60.0,52.0,voiture,deux_roues,3,2,4,1,3
202000037676,2020-07-01 17:10:00,2020,7,1,17,10,64,64102,ALSACE LORRAINE (BOULEVARD),43.49521,-1.46981,Plein jour,En agglomération,Hors intersection,Normale,Deux véhicules - côté,4,4,3,0,1,1,1,0,1,50,2,2,1,0,0,1,53.0,51.0,voiture,deux_roues,1,2,1,1,3
202000037677,2020-07-29 18:30:00,2020,7,29,18,30,62,62193,DE GAULLE (BOULEVARD GENERAL),50.96271,1.8421,Plein jour,En agglomération,Intersection en T,Normale,Deux véhicules - côté,4,2,2,0,1,1,1,5,1,50,2,2,1,0,1,0,81.0,22.0,voiture,deux_roues,1,2,3,1,3
202000037678,2020-09-26 12:17:00,2020,9,26,12,17,10,10325,PARMENTIER (RUE),48.2626,4.0655,Plein jour,En agglomération,Intersection en T,Normale,Deux véhicules - côté,3,2,2,0,1,3,1,0,1,50,2,2,1,0,0,1,19.0,63.0,voiture,voiture,1,2,3,1,3
202000037679,2020-12-08 08:50:00,2020,12,8,8,50,75,75116,PORTE DAUPHINE,48.872112,2.273819,Plein jour,En agglomération,Hors intersection,Normale,Deux véhicules - côté,4,3,4,0,1,1,1,1,1,70,2,2,1,0,0,1,42.0,32.0,voiture,deux_roues,1,2,1,1,3
202000037680,2020-06-27 20:00:00,2020,6,27,20,0,62,62193,MARTIN LUTHER KING,50.95496,1.895537,Plein jour,En agglomération,Hors intersection,Normale,Sans collision,4,2,1,0,3,1,6,9,1,50,1,1,0,0,0,1,21.0,,deux_roues,,1,2,1,1,7
202000037681,2020-10-27 16:45:00,2020,10,27,16,45,75,75113,RUE DE PATAY,48.824727,2.375912,Plein jour,En agglomération,Hors intersection,Temps couvert,Autre collision,4,2,2,3,2,1,2,-1,6,30,1,2,1,0,0,1,54.0,,transport_commun,,1,2,1,8,6
202000037682,2020-07-27 14:40:00,2020,7,27,14,40,62,62764,GRENIER ( RESIDENCE HENRI ),50.305791,2.787557,Plein jour,En agglomération,Hors intersection,Normale,,4,-1,2,0,1,1,1,9,1,50,2,2,0,0,1,1,15.0,15.0,deux_roues,deux_roues,1,2,1,1,-1
202000037683,2020-09-25 22:55:00,2020,9,25,22,55,07,07186,CHOMERAC (AVENUE DE)  DU 1 AU 27 ET DU 2,44.734065,4.596182,Nuit avec éclairage allumé,En agglomération,Hors intersection,Normale,Autre collision,3,2,2,0,3,3,1,0,1,50,1,2,0,0,0,2,24.0,,voiture,,5,2,1,1,6
202000037684,2020-12-07 18:15:00,2020,12,7,18,15,75,75114,PORTE D ORLEANS,48.821648,2.317887,Nuit avec éclairage allumé,En agglomération,Hors intersection,Normale,Deux véhicules - côté,4,1,3,0,1,1,1,0,1,70,2,2,1,0,0,1,53.0,45.0,deux_roues,voiture,5,2,1,1,3
202000037685,2020-07-01 20:25:00,2020,7,1,20,25,59,59183,PERES ACHILLE,51.0080478,2.3321786,Plein jour,En agglomération,Hors intersection,Normale,Deux véhicules - côté,3,2,2,0,1,1,1,0,1,50,2,2,1,0,1,0,34.0,23.0,voiture,deux_roues,1,2,1,1,3
202000037686,2020-07-29 08:15:00,2020,7,29,8,15,59,59193,"Seclin, rue de",50.5847115,3.0122334,Plein jour,En agglomération,Hors intersection,Normale,Deux véhicules - côté,7,2,2,1,1,1,1,0,1,50,2,2,1,0,0,1,38.0,38.0,deux_roues,voiture,1,2,1,1,3
202000037687,2020-12-07 15:00:00,2020,12,7,15,0,75,75117,AVENUE DES TERNES,48.880001,2.288369,Plein jour,En agglomération,Intersection en X,Temps couvert,Autre collision,4,2,2,0,1,1,1,0,1,50,1,2,1,0,1,0,30.0,,utilitaire_camion,,1,2,2,8,6
202000037688,2020-09-25 23:45:00,2020,9,25,23,45,06,06088,CESSOLE (BD DE) (JUSQU'AU N° 93-110),43.71017,7.26195,Nuit avec éclairage allumé,En agglomération,Intersection en X,Normale,Deux véhicules - frontale,4,1,1,0,1,1,1,0,1,50,2,5,0,0,0,5,56.0,22.0,voiture,voiture,5,2,2,1,1
202000037689,2020-07-27 16:30:00,2020,7,27,16,30,59,59178,CLOCHETTE (RUE DE LA),50.37149,3.09865,Plein jour,En agglomération,Hors intersection,Normale,Trois véhicules et plus - en chaîne,3,-1,2,0,1,1,1,0,1,50,3,5,2,0,0,3,26.0,18.0,voiture,voiture,1,2,1,1,4
202000037690,2020-06-30 08:15:00,2020,6,30,8,15,55,55545,MIRIBEL ( AVENUE ),49.16773,5.39458,Plein jour,En agglomération,Hors intersection,Pluie légère,Deux véhicules - arrière,4,2,2,0,1,1,2,0,1,50,2,3,2,0,0,1,31.0,67.0,utilitaire_camion,voiture,1,2,1,2,2
202000037691,2020-09-26 10:30:00,2020,9,26,10,30,01,01053,Avenue Amedée Mercier,46.2036,5.2426,Plein jour,En agglomération,Intersection en X,Normale,Deux véhicules - côté,3,4,3,0,1,1,1,0,1,50,2,2,0,0,0,2,42.0,,voiture,,1,2,2,1,3
202000037692,2020-12-08 17:13:00,2020,12,8,17,13,75,75120,RUE DES PYRENEES,48.851486,2.406285,Nuit avec éclairage allumé,En agglomération,Intersection en X,Normale,Autre collision,4,2,2,0,4,1,1,0,1,50,1,2,1,0,1,0,61.0,,voiture,,5,2,2,1,6
202000037693,2020-07-23 20:30:00,2020,7,23,20,30,58,58194,CHAMP DE FOIRE AUX MOUTONS (PLACE),46.9882,3.1651,Crépuscule ou aube,En agglomération,Hors intersection,Normale,Deux véhicules - côté,6,-1,1,0,1,1,1,0,6,30,2,2,1,0,0,1,35.0,16.0,voiture,deux_roues,2,2,1,1,3
202000037694,2020-10-27 10:30:00,2020,10,27,10,30,75,75113,BOULEVARD DE L HOPITAL,48.838871,2.360991,Plein jour,En agglomération,Intersection en T,Normale,Deux véhicules - côté,4,2,4,0,2,1,1,0,1,50,2,2,1,0,0,1,28.0,82.0,deux_roues,voiture,1,2,3,1,3
202000037695,2020-09-26 08:00:00,2020,9,26,8,0,01,01451,MAJORNAS ( RUE DE ),46.2274,5.2193,Plein jour,En agglomération,Giratoire,Temps couvert,Deux véhicules - arrière,4,2,2,0,1,3,1,0,1,50,2,2,1,0,0,1,27.0,57.0,voiture,deux_roues,1,2,6,8,2
202000037696,2020-12-08 14:30:00,2020,12,8,14,30,75,75116,PLACE CHARLES DE GAULLE,48.87372,2.2941,Plein jour,En agglomération,Place,Normale,Deux véhicules - côté,4,1,4,0,1,2,1,0,1,50,2,3,2,0,0,1,25.0,57.0,voiture,deux_roues,1,2,7,1,3
202000037697,2020-07-27 16:45:00,2020,7,27,16,45,56,56098,KESLER-DEVILLERS ( AV. ),47.76867,-3.34497,Plein jour,En agglomération,Hors intersection,Normale,Autre collision,3,2,2,0,2,1,1,0,1,50,1,2,1,0,0,1,38.0,,voiture,,1,2,1,1,6
202000037698,2020-07-01 23:07:00,2020,7,1,23,7,54,54547,HORTENSIAS (ALLEE DES),48.6650183,6.1886877,Nuit avec éclairage allumé,En agglomération,Hors intersection,Normale,Sans collision,4,1,1,0,1,1,1,0,4,30,1,3,2,0,0,1,21.0,,voiture,,5,2,1,1,7
202000037699,2020-09-26 12:00:00,2020,9,26,12,0,75,75120,PORTE DE BAGNOLET,48.861712,2.413697,Plein jour,En agglomération,Hors intersection,Normale,Deux véhicules - arrière,4,1,4,0,1,1,1,0,1,70,2,2,1,0,0,1,28.0,37.0,deux_roues,voiture,1,2,1,1,2
202000037700,2020-07-28 20:51:00,2020,7,28,20,51,51,51454,Rue du Colonel Fabien,49.2492094,4.0166193,Plein jour,En agglomération,Intersection en T,Normale,Deux véhicules - côté,4,2,4,0,1,1,1,0,1,50,2,2,1,0,0,1,31.0,21.0,deux_roues,voiture,1,2,3,1,3
202000037701,2020-09-25 18:45:00,2020,9,25,18,45,75,75117,BOULEVARD PERIPHERIQUE,48.899311,2.31838,Crépuscule ou aube,En agglomération,Hors intersection,Normale,Deux véhicules - côté,4,1,4,0,1,1,1,0,1,70,2,2,1,0,0,1,23.0,29.0,voiture,deux_roues,2,2,1,1,3
202000037702,2020-10-27 11:35:00,2020,10,27,11,35,75,75111,IMPASSE DELEPINE,48.853155,2.38959,Plein jour,En agglomération,Hors intersection,Pluie légère,Autre collision,4,1,1,0,1,1,2,6,1,30,1,2,1,0,0,1,42.0,,voiture,,1,2,1,2,6
202000037703,2020-07-28 15:48:00,2020,7,28,15,48,49,49353,VAILLANT,47.45041,-0.48967,Plein jour,En agglomération,Hors intersection,Normale,Deux véhicules - côté,4,2,2,0,1,1,1,0,1,60,2,2,1,0,0,1,85.0,46.0,voiture,utilitaire_camion,1,2,1,1,3
202000037704,2020-12-07 22:05:00,2020,12,7,22,5,75,75115,BOULEVARD DE GRENELLE,48.848975,2.297825,Nuit avec éclairage allumé,En agglomération,Intersection en X,Normale,Deux véhicules - côté,4,1,1,1,1,1,1,-1,5,50,2,3,2,0,0,1,28.0,31.0,deux_roues,voiture,5,2,2,1,3
202000037705,2020-06-30 09:50:00,2020,6,30,9,50,54,54382,EUROPE (AVENUE DE L'),49.5484,5.8095,Plein jour,En agglomération,Hors intersection,Normale,Deux véhicules - côté,4,3,2,0,1,1,1,0,1,80,2,4,1,0,0,3,26.0,34.0,voiture,voiture,1,2,1,1,3
202000037706,2020-07-29 01:35:00,2020,7,29,1,35,47,47323,SENGRUERE,44.406052,0.75663,Nuit sans éclairage public,Hors agglomération,Hors intersection,Normale,Autre collision,3,2,2,0,1,1,1,0,3,70,1,4,1,2,0,1,23.0,,voiture,,3,1,1,1,6
202000037707,2020-06-30 21:09:00,2020,6,30,21,9,54,54483,D 400,48.63574,6.28759,Plein jour,En agglomération,Hors intersection,Normale,Autre collision,3,2,2,0,2,3,1,9,1,50,1,1,0,0,0,1,55.0,,deux_roues,,1,2,1,1,6
202000037708,2020-09-25 10:50:00,2020,9,25,10,50,75,75117,PORTE D ASNIERES,48.890107,2.297896,Plein jour,En agglomération,Intersection en Y,Normale,Trois véhicules et plus - collisions multiples,4,-1,4,0,1,1,1,1,1,50,3,3,2,0,0,1,73.0,32.0,voiture,utilitaire_camion,1,2,4,1,5
202000037709,2020-12-08 16:05:00,2020,12,8,16,5,75,75113,RUE DE TOLBIAC,48.826109,2.344053,Plein jour,En agglomération,Intersection en X,Normale,Autre collision,4,2,2,0,1,1,1,0,1,50,1,1,0,0,0,1,32.0,,deux_roues,,1,2,2,1,6
202000037710,2020-10-27 12:00:00,2020,10,27,12,0,75,75110,RUE DU FAUBOURG DU TEMPLE,48.869097,2.368342,Plein jour,En agglomération,Hors intersection,Pluie légère,Deux véhicules - côté,4,1,2,3,2,1,2,-1,6,50,2,2,1,0,0,1,33.0,27.0,deux_roues,utilitaire_camion,1,2,1,2,3
202000037711,2020-07-29 11:20:00,2020,7,29,11,20,45,45284,D2060 - 92+10,47.92471,1.97755,Plein jour,Hors agglomération,Hors intersection,Normale,Trois véhicules et plus - en chaîne,3,2,4,0,1,1,1,0,1,90,3,3,2,0,0,1,50.0,39.0,utilitaire_camion,voiture,1,1,1,1,4
202000037712,2020-12-08 17:40:00,2020,12,8,17,40,75,75111,AVENUE DE LA REPUBLIQUE,48.865034,2.375777,Nuit avec éclairage allumé,En agglomération,Hors intersection,Normale,Autre collision,4,1,2,1,1,1,1,-1,5,50,1,2,1,0,0,1,26.0,,deux_roues,,5,2,1,1,6
202000037713,2020-09-26 20:00:00,2020,9,26,20,0,75,75112,RUE CLAUDE DECAEN,48.834418,2.401012,Nuit avec éclairage allumé,En agglomération,Hors intersection,Normale,Autre collision,4,-1,0,0,1,1,1,0,1,50,1,1,0,0,1,0,19.0,,deux_roues,,5,2,1,1,6
202000037714,2020-06-26 08:30:00,2020,6,26,8,30,49,49267,PIE HARDIE,47.4715935,-0.4557746,Plein jour,En agglomération,Hors intersection,Normale,Trois véhicules et plus - en chaîne,4,2,2,0,1,1,1,0,1,60,3,3,0,0,0,3,23.0,32.0,voiture,voiture,1,2,1,1,4
202000037715,2020-07-01 08:45:00,2020,7,1,8,45,45,45302,Rue des Bruères,47.9501,1.9034,Plein jour,En agglomération,Hors intersection,Normale,Deux véhicules - côté,4,-1,2,0,1,1,1,0,1,50,2,2,1,0,0,1,25.0,86.0,voiture,voiture,1,2,1,1,3
202000037716,2020-09-26 06:13:00,2020,9,26,6,13,75,75116,PORT DEBILLY,48.86169,2.293129,Nuit avec éclairage allumé,En agglomération,Hors intersection,Normale,Autre collision,4,4,1,3,1,1,2,0,8,30,1,4,0,3,0,1,28.0,,voiture,,5,2,1,1,6
202000037717,2020-07-29 14:30:00,2020,7,29,14,30,44,44162,Rue Christophe Colomb,47.224903,-1.622263,Nuit avec éclairage allumé,En agglomération,Giratoire,Normale,Deux véhicules - arrière,2,1,0,0,1,3,1,0,1,50,2,2,1,0,0,1,39.0,26.0,voiture,voiture,5,2,6,1,2
202000037718,2020-07-01 07:20:00,2020,7,1,7,20,45,45208,Rue de la Sirene,48.0003717,2.7280067,Plein jour,En agglomération,Hors intersection,Normale,Deux véhicules - côté,3,3,2,0,2,4,1,0,1,50,2,2,1,0,0,1,55.0,38.0,voiture,deux_roues,1,2,1,1,3
202000037719,2020-12-07 15:57:00,2020,12,7,15,57,75,75107,QUAI ANATOLE FRANCE,48.861091,2.324152,Plein jour,En agglomération,Intersection en T,Normale,Trois véhicules et plus - collisions multiples,4,1,3,0,1,1,1,0,1,50,3,3,2,0,0,1,48.0,48.0,transport_commun,deux_roues,1,2,3,1,5
202000037720,2020-10-27 14:10:00,2020,10,27,14,10,75,75109,RUE AUBER,48.873059,2.328297,Plein jour,En agglomération,Intersection à plus de 4 branches,Pluie légère,Autre collision,4,2,4,0,1,1,2,0,1,50,1,2,0,0,0,2,40.0,,deux_roues,,1,2,5,2,6
202000037721,2020-09-25 18:50:00,2020,9,25,18,50,75,75118,RUE DE CLIGNANCOURT,48.891714,2.348739,Crépuscule ou aube,En agglomération,Intersection à plus de 4 branches,Normale,Deux véhicules - côté,4,1,1,0,2,1,1,0,1,50,2,6,4,0,0,2,42.0,49.0,deux_roues,voiture,2,2,5,1,3
202000037722,2020-09-25 04:02:00,2020,9,25,4,2,75,75112,AVENUE DAUMESNIL,48.834956,2.419821,Nuit avec éclairage allumé,En agglomération,Intersection en X,Pluie légère,Deux véhicules - côté,4,2,2,0,1,1,2,0,1,70,2,2,1,0,0,1,37.0,25.0,deux_roues,voiture,5,2,2,2,3
202000037723,2020-06-30 21:00:00,2020,6,30,21,0,45,45208,Avenue du Général de Gaulle,48.0062401,2.7391464,Crépuscule ou aube,En agglomération,Intersection en Y,Normale,Trois véhicules et plus - en chaîne,4,2,2,0,1,1,1,5,1,50,3,4,2,0,0,2,38.0,20.0,voiture,voiture,2,2,4,1,4
202000037724,2020-09-26 13:50:00,2020,9,26,13,50,75,75117,BOULEVARD PERIPHERIQUE,48.889371,2.296098,Plein jour,En agglomération,Hors intersection,Normale,Deux véhicules - arrière,4,1,4,0,1,1,1,0,1,70,2,1,0,0,0,1,33.0,,deux_roues,,1,2,1,1,2
202000037725,2020-07-01 19:55:00,2020,7,1,19,55,35,35238,GALLET (AVENUE DU),48.1296,-1.64301,Plein jour,En agglomération,Intersection en X,Normale,Deux véhicules - frontale,4,2,2,2,1,1,1,5,1,50,2,3,2,0,0,1,23.0,57.0,voiture,utilitaire_camion,1,2,2,1,1
202000037726,2020-09-26 20:45:00,2020,9,26,20,45,75,75116,BOULEVARD EMILE AUGIER,48.862997,2.272624,Nuit avec éclairage allumé,En agglomération,Intersection en X,Pluie légère,Deux véhicules - côté,4,1,1,0,1,1,2,0,1,50,2,2,1,0,0,1,24.0,31.0,deux_roues,voiture,5,2,2,2,3
202000037727,2020-10-27 12:20:00,2020,10,27,12,20,75,75109,RUE D ATHENES,48.878042,2.328912,Plein jour,En agglomération,Hors intersection,Pluie légère,Autre collision,4,1,2,0,1,1,2,0,1,50,1,2,1,0,0,1,24.0,,deux_roues,,1,2,1,2,6
202000037728,2020-07-01 13:00:00,2020,7,1,13,0,35,35238,DE LATTRE DE TASSIGNY (BD MARECHAL),48.11353,-1.68773,Plein jour,En agglomération,Hors intersection,Normale,Deux véhicules - arrière,4,1,2,3,1,1,1,0,1,50,2,2,1,0,0,1,51.0,45.0,voiture,voiture,1,2,1,1,2
202000037729,2020-12-08 16:30:00,2020,12,8,16,30,75,75104,RUE SAINT ANTOINE,48.854787,2.362441,Plein jour,En agglomération,Intersection en T,Normale,Deux véhicules - frontale,4,2,4,1,1,1,1,-1,5,30,2,2,1,0,0,1,29.0,29.0,deux_roues,deux_roues,1,2,3,1,1
202000037730,2020-09-26 20:55:00,2020,9,26,20,55,75,75116,RUE DE BOULAINVILLIERS,48.851471,2.278247,Nuit avec éclairage allumé,En agglomération,Intersection en X,Pluie légère,Deux véhicules - côté,4,2,2,0,1,1,2,0,1,30,2,1,0,0,0,1,25.0,,deux_roues,,5,2,2,2,3
202000037731,2020-10-26 15:13:00,2020,10,26,15,13,75,75108,PLACE DE LA CONCORDE,48.865843,2.319885,Plein jour,En agglomération,Place,Normale,Deux véhicules - côté,4,1,4,0,1,1,1,0,1,50,2,1,0,0,0,1,47.0,,deux_roues,,1,2,7,1,3
202000037732,2020-06-30 12:15:00,2020,6,30,12,15,33,33281,AVE DE VERDUN / ACCES PARKING,44.83934,-0.63071,Plein jour,En agglomération,Intersection en T,Normale,Deux véhicules - côté,4,2,4,2,1,1,1,0,1,50,2,2,1,0,0,1,49.0,30.0,voiture,deux_roues,1,2,3,1,3
202000037733,2020-09-26 14:15:00,2020,9,26,14,15,75,75116,VOIE GEORGES POMPIDOU,48.849916,2.277591,Plein jour,En agglomération,Hors intersection,Normale,Deux véhicules - arrière,4,1,1,0,1,1,1,0,1,30,2,3,2,0,0,1,55.0,59.0,deux_roues,voiture,1,2,1,1,2
202000037734,2020-12-07 12:50:00,2020,12,7,12,50,94,94068,CHAMPIGNY (BD DE),48.806,2.509,Plein jour,En agglomération,Intersection en X,Normale,Deux véhicules - côté,3,2,2,0,1,1,1,2,1,50,2,2,1,0,0,1,30.0,37.0,deux_roues,utilitaire_camion,1,2,2,1,3
202000037735,2020-12-03 20:40:00,2020,12,3,20,40,94,94068,ALMA (AV DE L),48.786933,2.495235,Nuit avec éclairage allumé,En agglomération,Hors intersection,Pluie légère,Autre collision,3,2,2,0,1,1,2,0,1,50,1,1,0,0,0,1,22.0,,voiture,,5,2,1,2,6
202000037736,2020-06-30 16:35:00,2020,6,30,16,35,33,33529,FOIX (RUE GASTON) DU 38 ET +,44.62932,-1.14151,Plein jour,En agglomération,Intersection en T,Normale,Deux véhicules - côté,4,1,3,2,1,1,1,9,8,50,2,2,0,0,0,2,10.0,48.0,deux_roues,deux_roues,1,2,3,1,3
202000037737,2020-09-26 21:15:00,2020,9,26,21,15,75,75115,RUE DE SEVRES,48.845145,2.311098,Nuit avec éclairage allumé,En agglomération,Intersection en X,Pluie légère,Deux véhicules - côté,4,2,2,1,1,1,2,0,1,50,2,2,1,0,0,1,34.0,20.0,deux_roues,voiture,5,2,2,2,3
202000037738,2020-12-08 08:30:00,2020,12,8,8,30,94,94076,PARIS (AV DE),48.80573,2.3637,Plein jour,En agglomération,Autre intersection,Normale,Deux véhicules - côté,3,2,2,0,1,1,1,0,1,50,2,2,1,0,0,1,39.0,45.0,deux_roues,voiture,1,2,9,1,3
202000037739,2020-10-26 12:45:00,2020,10,26,12,45,75,75107,AVENUE DE BRETEUIL,48.851642,2.312534,Plein jour,En agglomération,Intersection en X,Normale,Deux véhicules - côté,4,3,1,0,1,1,1,0,1,50,2,3,1,0,0,2,64.0,83.0,voiture,voiture,1,2,2,1,3
202000037740,2020-10-27 13:10:00,2020,10,27,13,10,75,75104,RUE DE LOBAU,48.855325,2.352755,Plein jour,En agglomération,Intersection en T,Pluie légère,Autre collision,4,2,2,0,1,1,2,0,4,30,1,1,0,0,0,1,17.0,,deux_roues,,1,2,3,2,6
202000037741,2020-09-26 11:15:00,2020,9,26,11,15,75,75110,BOULEVARD DE MAGENTA,48.869388,2.36224,Plein jour,En agglomération,Hors intersection,Normale,Sans collision,4,2,4,1,2,1,1,-1,5,50,1,1,0,0,0,1,56.0,,deux_roues,,1,2,1,1,7
202000037742,2020-12-08 16:30:00,2020,12,8,16,30,94,94077,VOEUX SAINT GEORGES (R DES),48.731223,2.438349,Plein jour,En agglomération,Hors intersection,Normale,Deux véhicules - frontale,4,2,2,0,1,1,1,0,1,50,2,2,1,0,0,1,26.0,46.0,voiture,voiture,1,2,1,1,1
202000037743,2020-10-27 18:50:00,2020,10,27,18,50,94,94058,BRY (AV DE),48.83541,2.496168,Nuit avec éclairage allumé,En agglomération,Hors intersection,Pluie légère,Autre collision,3,2,2,0,1,1,2,0,1,50,1,2,1,0,0,1,28.0,,deux_roues,,5,2,1,2,6
202000037744,2020-06-30 20:15:00,2020,6,30,20,15,33,33529,PINS (AVE DES),44.63331,-1.20019,Plein jour,En agglomération,Intersection en X,Normale,Deux véhicules - côté,4,2,2,0,1,1,1,0,1,50,2,2,1,0,0,1,50.0,27.0,voiture,voiture,1,2,2,1,3
202000037745,2020-12-08 00:00:00,2020,12,8,0,0,94,94004,BREVANNES (R DE),48.7689,2.5195,Nuit avec éclairage allumé,En agglomération,Autre intersection,Normale,Deux véhicules - frontale,3,3,4,0,1,3,2,2,1,50,2,2,1,0,0,1,20.0,52.0,voiture,voiture,5,2,9,1,1
202000037746,2020-10-27 20:40:00,2020,10,27,20,40,94,94046,REPUBLIQUE (AV DE LA),48.804352,2.437587,Nuit avec éclairage allumé,En agglomération,Hors intersection,Pluie légère,Deux véhicules - arrière,3,2,2,0,1,1,2,0,1,50,2,2,1,0,0,1,28.0,29.0,deux_roues,voiture,5,2,1,2,2