accident_id,datetime,annee,mois,jour,heure,minute,departement,commune_insee,adresse,latitude,longitude,luminosite,agglomeration,intersection,meteo,collision,catr,circ,nbv,vosp,prof,plan,surf,infra,situ,vma,nb_vehicules,nb_usagers,nb_indemnes,nb_tues,nb_blesses_hosp,nb_blesses_legers,age_cond_1,age_cond_2,veh_type_cond_1,veh_type_cond_2,lum_code,agg_code,int_code,atm_code,col_code
202000037839,2020-10-27 13:10:00,2020,10,27,13,10,11,11258,chemin 442,43.226834,2.939594,Plein jour,En agglomération,Hors intersection,Normale,Deux véhicules - frontale,4,-1,1,2,2,1,1,0,5,50,2,2,1,0,1,0,16.0,21.0,deux_roues,voiture,1,2,1,1,1
202000037840,2020-07-01 09:00:00,2020,7,1,9,0,06,06004,DELMAS BD PIERRE,43.58083,7.09805,Plein jour,En agglomération,Intersection en T,Temps éblouissant,Trois véhicules et plus - collisions multiples,4,2,2,0,1,1,1,0,1,50,3,4,1,0,2,1,52.0,61.0,voiture,voiture,1,2,3,7,5
202000037841,2020-12-01 18:10:00,2020,12,1,18,10,22,22387,Hent Park An Itron,48.604666,-3.463555,Nuit sans éclairage public,Hors agglomération,Hors intersection,Normale,Sans collision,3,2,2,0,1,3,1,0,1,80,1,1,0,0,1,0,47.0,,voiture,,3,1,1,1,7
202000037842,2020-09-26 11:15:00,2020,9,26,11,15,41,41020,Les Bardouillieres,47.824486,0.756371,Plein jour,Hors agglomération,Autre intersection,Normale,Autre collision,4,2,2,3,1,2,1,0,3,80,1,3,2,0,1,0,34.0,,autre,,1,1,9,1,6
202000037843,2020-10-27 15:45:00,2020,10,27,15,45,63,63407,D983,45.6088089,2.8253853,Plein jour,Hors agglomération,Hors intersection,Pluie légère,Deux véhicules - frontale,3,2,2,0,1,1,2,0,1,80,2,3,2,0,1,0,25.0,49.0,voiture,utilitaire_camion,1,1,1,2,1
202000037844,2020-06-30 17:55:00,2020,6,30,17,55,75,75106,QUAI DE CONTI,48.856063,2.340475,Plein jour,En agglomération,Intersection en X,Normale,Deux véhicules - arrière,4,1,3,0,1,1,1,0,1,50,2,2,1,0,0,1,19.0,29.0,voiture,deux_roues,1,2,2,1,2
202000037845,2020-09-26 20:00:00,2020,9,26,20,0,59,59622,D74,50.220392,3.393397,Nuit sans éclairage public,Hors agglomération,Hors intersection,Pluie légère,Autre collision,3,2,2,1,1,3,2,0,3,80,1,1,0,0,1,0,29.0,,voiture,,3,1,1,2,6
202000037846,2020-10-27 20:15:00,2020,10,27,20,15,49,49267,D116,47.486763,-0.482857,Nuit sans éclairage public,Hors agglomération,Hors intersection,Pluie forte,Deux véhicules - frontale,3,2,2,0,1,3,2,0,1,90,2,2,1,0,0,1,39.0,69.0,voiture,voiture,3,1,1,3,1
202000037847,2020-07-01 10:00:00,2020,7,1,10,0,75,75119,AVENUE JEAN JAURES,48.88387,2.374383,Plein jour,En agglomération,Hors intersection,Normale,,4,2,4,1,1,1,1,-1,5,50,2,2,1,0,0,1,42.0,37.0,voiture,deux_roues,1,2,1,1,-1
202000037848,2020-09-26 19:35:00,2020,9,26,19,35,77,77416,D209,48.615463,3.102806,Crépuscule ou aube,Hors agglomération,Intersection en X,Pluie légère,Deux véhicules - côté,3,2,2,0,1,1,2,0,1,90,2,2,1,0,1,0,41.0,24.0,voiture,deux_roues,2,1,2,2,3
202000037849,2020-07-01 16:30:00,2020,7,1,16,30,75,75118,RUE DAMREMONT,48.896128,2.33813,Plein jour,En agglomération,Intersection en X,Pluie légère,Deux véhicules - arrière,4,2,2,0,1,1,2,0,1,50,2,2,1,0,0,1,29.0,66.0,deux_roues,voiture,1,2,2,2,2
202000037850,2020-10-27 21:10:00,2020,10,27,21,10,22,22046,D76,48.259563,-2.52611,Nuit sans éclairage public,Hors agglomération,Intersection en T,Temps couvert,Deux véhicules - côté,3,2,2,0,1,1,2,0,1,80,2,2,0,0,0,2,40.0,24.0,voiture,voiture,3,1,3,8,3
202000037851,2020-07-01 14:00:00,2020,7,1,14,0,75,75117,AVENUE DES TERNES,48.878298,2.2957,Plein jour,En agglomération,Intersection en T,Pluie légère,Autre collision,4,2,5,0,1,1,2,0,1,50,1,2,1,0,0,1,36.0,,deux_roues,,1,2,3,2,6
202000037852,2020-10-27 18:30:00,2020,10,27,18,30,02,02057,D932,49.997974,3.344607,Nuit sans éclairage public,Hors agglomération,Hors intersection,Pluie légère,Sans collision,3,2,2,0,2,1,2,0,8,80,1,1,0,0,1,0,48.0,,transport_commun,,3,1,1,2,7
202000037853,2020-09-27 18:05:00,2020,9,27,18,5,63,63179,Le Perrier,45.6118283,3.7198123,Plein jour,Hors agglomération,Hors intersection,Pluie forte,Deux véhicules - frontale,3,2,2,0,1,3,2,0,1,80,2,3,0,0,0,3,61.0,23.0,voiture,voiture,1,1,1,3,1
202000037854,2020-07-01 09:35:00,2020,7,1,9,35,75,75117,BOULEVARD DES BATIGNOLLES,48.88353,2.326861,Plein jour,En agglomération,Intersection en T,Normale,Deux véhicules - arrière,4,1,3,3,1,1,1,0,1,30,2,2,0,0,0,2,27.0,52.0,deux_roues,deux_roues,1,2,3,1,2
202000037855,2020-08-05 17:50:00,2020,8,5,17,50,61,61168,Boulevard de la Forêt d’Andaine,48.589074,-0.365751,Plein jour,En agglomération,Intersection en X,Normale,Deux véhicules - côté,3,3,2,1,4,1,1,5,5,50,2,2,1,0,1,0,20.0,18.0,voiture,deux_roues,1,2,2,1,3
202000037856,2020-07-01 16:10:00,2020,7,1,16,10,75,75116,AVENUE DE NEW YORK,48.863557,2.297563,Plein jour,En agglomération,Hors intersection,Pluie légère,Deux véhicules - arrière,4,2,2,0,2,1,2,9,1,50,2,2,1,0,0,1,51.0,42.0,utilitaire_camion,utilitaire_camion,1,2,1,2,2
202000037857,2020-10-27 16:30:00,2020,10,27,16,30,54,54135,Rue de la Marosse,48.5305063,5.8954632,Plein jour,En agglomération,Autre intersection,Normale,Autre collision,9,2,2,0,1,1,1,0,1,50,1,5,4,0,0,1,46.0,,voiture,,1,2,9,1,6
202000037858,2020-06-30 15:40:00,2020,6,30,15,40,75,75114,RUE D ALESIA,48.829837,2.321176,Plein jour,En agglomération,Intersection en T,Normale,Deux véhicules - côté,4,2,3,3,1,1,1,0,1,50,2,3,1,0,1,1,41.0,21.0,voiture,deux_roues,1,2,3,1,3
202000037859,2020-10-27 10:15:00,2020,10,27,10,15,24,24520,Route d'Alsace,44.91896,1.205256,Plein jour,Hors agglomération,Hors intersection,Pluie légère,Deux véhicules - frontale,3,2,2,0,2,3,2,0,1,80,2,2,1,0,1,0,79.0,15.0,voiture,deux_roues,1,1,1,2,1
202000037860,2020-09-26 17:45:00,2020,9,26,17,45,47,47252,D911,44.388371,0.589013,Crépuscule ou aube,Hors agglomération,Intersection en X,Pluie forte,Trois véhicules et plus - collisions multiples,3,2,2,0,1,1,2,0,1,80,3,5,2,1,2,0,83.0,18.0,voiture,voiture,2,1,2,3,5
202000037861,2020-06-30 00:20:00,2020,6,30,0,20,75,75114,AVENUE RENE COTY,48.832524,2.332933,Nuit avec éclairage allumé,En agglomération,Hors intersection,Normale,,4,1,1,0,1,1,1,0,1,50,2,2,1,0,0,1,25.0,23.0,deux_roues,deux_roues,5,2,1,1,-1
202000037862,2020-10-28 06:45:00,2020,10,28,6,45,04,04121,RD 17,44.029413,6.172696,Plein jour,En agglomération,Hors intersection,Normale,Sans collision,3,2,2,0,1,2,1,0,1,80,1,1,0,0,1,0,32.0,,voiture,,1,2,1,1,7
202000037863,2020-10-27 18:00:00,2020,10,27,18,0,04,04110,RN 85 (SARL Baptiste),44.036459,6.111419,Nuit sans éclairage public,Hors agglomération,Intersection en X,Normale,Deux véhicules - côté,2,2,2,0,1,1,1,0,1,80,2,2,1,0,1,0,24.0,51.0,deux_roues,voiture,3,1,2,1,3
202000037864,2020-07-01 11:15:00,2020,7,1,11,15,75,75111,RUE SAINT SEBASTIEN,48.862404,2.373702,Plein jour,En agglomération,Intersection en T,Normale,Autre collision,4,1,1,0,1,1,1,0,1,30,1,2,1,0,0,1,33.0,,utilitaire_camion,,1,2,3,1,6
202000037865,2020-09-27 03:20:00,2020,9,27,3,20,39,39530,Thoirette,46.269458,5.537935,Nuit sans éclairage public,Hors agglomération,Hors intersection,Pluie légère,Sans collision,3,2,2,0,2,1,2,0,3,80,1,1,0,0,0,1,32.0,,voiture,,3,1,1,2,7
202000037866,2020-07-01 19:35:00,2020,7,1,19,35,75,75109,BOULEVARD HAUSSMANN,48.872255,2.338298,Plein jour,En agglomération,Intersection en X,Normale,Deux véhicules - arrière,4,1,3,0,1,1,1,0,1,50,2,3,2,0,0,1,23.0,47.0,voiture,deux_roues,1,2,2,1,2
202000037867,2020-10-27 14:25:00,2020,10,27,14,25,85,85156,La Poiraudière,46.504873,-1.427053,Plein jour,Hors agglomération,Intersection en X,Pluie légère,Deux véhicules - côté,4,2,2,0,1,1,2,0,1,80,2,2,1,0,0,1,26.0,24.0,utilitaire_camion,voiture,1,1,2,2,3
202000037868,2020-09-26 22:30:00,2020,9,26,22,30,25,25157,"RN57, PR 80+300",46.823219,6.370482,Nuit sans éclairage public,Hors agglomération,Hors intersection,Pluie légère,Deux véhicules - frontale,2,2,2,0,1,3,2,0,1,80,2,3,0,2,1,0,29.0,27.0,voiture,voiture,3,1,1,2,1
202000037869,2020-10-27 11:35:00,2020,10,27,11,35,85,85004,34 Rue Nationale,46.40805,-1.40378,Plein jour,En agglomération,Hors intersection,Pluie forte,Autre collision,3,2,2,0,1,1,2,9,1,50,1,2,1,0,1,0,73.0,,voiture,,1,2,1,3,6
202000037870,2020-10-27 20:50:00,2020,10,27,20,50,85,85128,La Maison Rouge,46.48151,-1.18342,Nuit sans éclairage public,Hors agglomération,Hors intersection,Normale,Autre collision,3,2,2,0,1,1,2,0,1,80,1,1,0,0,1,0,44.0,,voiture,,3,1,1,1,6
202000037871,2020-09-27 14:30:00,2020,9,27,14,30,29,29073,Keranroc'h Ty Bras,48.6804496,-3.7082629,Plein jour,Hors agglomération,Hors intersection,Normale,Deux véhicules - frontale,4,2,2,0,1,2,1,0,1,80,2,4,2,0,2,0,51.0,67.0,deux_roues,voiture,1,1,1,1,1
202000037872,2020-10-23 20:55:00,2020,10,23,20,55,04,04112,A 51 sortie 18,43.806876,5.816767,Nuit sans éclairage public,Hors agglomération,Hors intersection,Pluie légère,Autre collision,1,1,1,0,2,3,2,3,3,50,1,1,0,0,1,0,49.0,,voiture,,3,1,1,2,6
202000037873,2020-07-01 11:40:00,2020,7,1,11,40,75,75117,AVENUE DE CLICHY,48.893801,2.314607,Plein jour,En agglomération,Intersection en T,Normale,Deux véhicules - côté,4,-1,3,1,1,1,1,-1,5,50,2,2,1,0,0,1,26.0,40.0,deux_roues,utilitaire_camion,1,2,3,1,3
202000037874,2020-09-27 09:38:00,2020,9,27,9,38,29,29126,Lieu-dit Moulin du Vern,48.5569243,-4.4014374,Plein jour,Hors agglomération,Hors intersection,Normale,Autre collision,4,-1,1,0,2,4,1,0,8,80,1,1,0,0,0,1,50.0,,deux_roues,,1,1,1,1,6
202000037875,2020-10-28 01:00:00,2020,10,28,1,0,65,65127,A64,43.101523,0.340233,Nuit sans éclairage public,Hors agglomération,Hors intersection,Pluie légère,Autre collision,1,3,2,0,1,1,2,3,2,130,1,2,0,0,1,1,31.0,,utilitaire_camion,,3,1,1,2,6
202000037876,2020-06-30 16:55:00,2020,6,30,16,55,75,75108,PLACE CHARLES DE GAULLE,48.873536,2.295843,Plein jour,En agglomération,Place,Normale,Deux véhicules - côté,4,1,4,0,1,2,1,0,1,50,2,1,0,0,0,1,46.0,,deux_roues,,1,2,7,1,3
202000037877,2020-07-01 18:45:00,2020,7,1,18,45,75,75107,QUAI ANATOLE FRANCE,48.862396,2.319828,Plein jour,En agglomération,Intersection à plus de 4 branches,Pluie légère,Sans collision,4,1,4,0,1,1,2,0,1,50,1,1,0,0,0,1,70.0,,deux_roues,,1,2,5,2,7
202000037878,2020-10-28 17:38:00,2020,10,28,17,38,01,01007,A42 - sens LYON/GENEVE - PK 044+200,45.998273,5.312877,Crépuscule ou aube,Hors agglomération,Hors intersection,Pluie légère,Deux véhicules - arrière,1,3,4,0,1,1,2,0,1,130,2,6,2,0,0,4,37.0,18.0,utilitaire_camion,voiture,2,1,1,2,2
202000037879,2020-10-27 15:30:00,2020,10,27,15,30,987,98729,RT 91 PAOPAO PK 9 + 300,-17.542128,-149.895326,Plein jour,En agglomération,Hors intersection,Normale,Deux véhicules - frontale,2,2,2,1,1,3,1,0,1,40,2,2,1,1,0,0,32.0,43.0,deux_roues,utilitaire_camion,1,2,1,1,1
202000037880,2020-09-27 15:10:00,2020,9,27,15,10,03,03080,Route de Gannat,46.1048769,3.2714946,Plein jour,Hors agglomération,Hors intersection,Pluie forte,Trois véhicules et plus - collisions multiples,3,2,2,0,1,1,2,0,1,70,3,8,4,1,3,0,44.0,42.0,voiture,voiture,1,1,1,3,5
202000037881,2020-07-01 21:50:00,2020,7,1,21,50,75,75101,QUAI FRANCOIS MITTERRAND,48.860101,2.333338,Plein jour,En agglomération,Intersection en X,Normale,Deux véhicules - côté,4,1,4,3,1,1,1,2,1,50,2,2,1,0,0,1,42.0,22.0,voiture,deux_roues,1,2,2,1,3
202000037882,2020-10-26 08:40:00,2020,10,26,8,40,45,45315,D120 PR 1 + 200,47.762414,2.333726,Plein jour,Hors agglomération,Intersection en X,Normale,Deux véhicules - côté,3,2,2,0,1,1,1,0,1,70,2,2,1,0,1,0,49.0,68.0,voiture,deux_roues,1,1,2,1,3
202000037883,2020-06-30 19:37:00,2020,6,30,19,37,75,75103,BOULEVARD DE SEBASTOPOL,48.861985,2.350189,Plein jour,En agglomération,Intersection en T,Normale,Deux véhicules - arrière,4,1,3,3,1,1,1,-1,6,50,2,1,0,0,0,1,47.0,,deux_roues,,1,2,3,1,2
202000037884,2020-09-26 13:20:00,2020,9,26,13,20,15,15127,N122,45.225681,3.122612,Plein jour,Hors agglomération,Hors intersection,Pluie forte,Autre collision,2,2,2,0,1,2,2,0,1,80,1,2,1,0,1,0,56.0,,voiture,,1,1,1,3,6
202000037885,2020-10-28 13:30:00,2020,10,28,13,30,77,77190,D12,48.522318,2.972016,Plein jour,Hors agglomération,Hors intersection,Normale,Deux véhicules - côté,3,2,2,0,1,1,1,0,1,80,2,2,1,0,1,0,68.0,77.0,deux_roues,voiture,1,1,1,1,3
202000037886,2020-07-01 19:45:00,2020,7,1,19,45,93,93051,MARNOIS (NR 1 A 19),48.8412,2.5597,Plein jour,En agglomération,Giratoire,Normale,Deux véhicules - arrière,4,1,2,0,1,3,1,0,1,50,2,3,2,0,0,1,37.0,22.0,voiture,deux_roues,1,2,6,1,2
202000037887,2020-09-27 19:45:00,2020,9,27,19,45,01,01266,D28,46.331736,5.103321,Nuit sans éclairage public,Hors agglomération,Hors intersection,Pluie forte,Autre collision,3,2,2,0,1,1,2,0,3,80,1,1,0,0,0,1,26.0,,voiture,,3,1,1,3,6
202000037888,2020-10-11 20:00:00,2020,10,11,20,0,84,84004,Route de Caromb,44.102926,5.05267,Nuit sans éclairage public,Hors agglomération,Hors intersection,Normale,Deux véhicules - frontale,3,2,2,0,1,2,1,0,1,80,2,2,1,0,0,1,41.0,36.0,voiture,voiture,3,1,1,1,1
202000037889,2020-09-27 09:15:00,2020,9,27,9,15,50,50403,Village Gavron,49.157804,-1.567708,Plein jour,Hors agglomération,Hors intersection,Normale,Autre collision,3,2,2,0,1,3,1,0,1,80,1,1,0,0,1,0,88.0,,deux_roues,,1,1,1,1,6
202000037890,2020-07-01 18:45:00,2020,7,1,18,45,93,93031,SAINT LEU (ROUTE DE) > 159,48.9542578,2.3349334,Plein jour,En agglomération,Hors intersection,Pluie légère,Deux véhicules - côté,3,2,2,2,1,1,2,0,1,50,2,2,1,0,0,1,32.0,27.0,deux_roues,voiture,1,2,1,2,3
202000037891,2020-10-27 16:30:00,2020,10,27,16,30,83,83107,Dn7,43.461883,6.655793,Plein jour,Hors agglomération,Hors intersection,Normale,Deux véhicules - frontale,3,2,2,0,1,3,1,0,1,70,2,3,1,0,2,0,26.0,15.0,voiture,deux_roues,1,1,1,1,1
202000037892,2020-07-01 19:40:00,2020,7,1,19,40,93,93001,AV DE LA REPUBLIQUE / R DES CITES,48.9079428,2.3879353,Plein jour,En agglomération,Intersection en Y,Normale,Deux véhicules - frontale,3,2,2,0,1,1,1,0,1,50,2,2,0,0,2,0,44.0,31.0,deux_roues,voiture,1,2,4,1,1
202000037893,2020-10-27 18:40:00,2020,10,27,18,40,13,13081,Avenue Charles de Gaulle,43.491833,5.229744,Nuit avec éclairage allumé,En agglomération,Giratoire,Normale,Deux véhicules - côté,3,2,1,0,1,3,1,9,1,50,2,2,0,0,0,2,18.0,52.0,voiture,voiture,5,2,6,1,3
202000037894,2020-09-26 23:25:00,2020,9,26,23,25,43,43051,Les Bruyères,45.0803235,4.3218098,Nuit sans éclairage public,Hors agglomération,Hors intersection,Normale,Autre collision,3,2,2,0,1,3,1,0,3,80,1,3,0,0,1,2,29.0,,voiture,,3,1,1,1,6
202000037895,2020-06-26 15:10:00,2020,6,26,15,10,92,92063,FOUILLEUSE (AVENUE DE),48.8622479,2.1956002,Plein jour,En agglomération,Hors intersection,Normale,Autre collision,4,3,2,0,1,1,1,0,1,50,1,2,1,0,0,1,83.0,,voiture,,1,2,1,1,6
202000037896,2020-10-27 11:00:00,2020,10,27,11,0,13,13031,D96,43.374286,5.60689,Plein jour,En agglomération,Hors intersection,Normale,Autre collision,3,2,2,0,2,1,1,0,1,50,1,1,0,0,0,1,,,,,1,2,1,1,6
202000037897,2020-09-26 15:10:00,2020,9,26,15,10,36,36232,La Morandiere,46.800236,1.39609,Plein jour,Hors agglomération,Intersection en X,Normale,Deux véhicules - côté,3,2,2,0,1,1,1,0,1,80,2,2,1,0,1,0,32.0,56.0,deux_roues,utilitaire_camion,1,1,2,1,3
202000037898,2020-07-01 09:56:00,2020,7,1,9,56,92,92040,AUGUSTE GERVAIS,48.8234,2.27318,Plein jour,En agglomération,Hors intersection,Normale,Autre collision,3,2,2,0,2,1,1,0,1,30,1,2,1,0,0,1,33.0,,voiture,,1,2,1,1,6
202000037899,2020-09-26 18:50:00,2020,9,26,18,50,07,07142,N102,44.765658,3.914158,Crépuscule ou aube,Hors agglomération,Hors intersection,Neige / grêle,Deux véhicules - frontale,2,2,2,0,1,3,9,0,1,80,2,4,0,0,0,4,73.0,52.0,voiture,voiture,2,1,1,4,1
202000037900,2020-10-27 17:10:00,2020,10,27,17,10,26,26235,D59,44.367827,4.662323,Plein jour,Hors agglomération,Intersection en T,Normale,Deux véhicules - frontale,3,2,2,0,1,1,1,5,1,80,2,2,0,0,0,2,28.0,51.0,voiture,voiture,1,1,3,1,1
202000037901,2020-06-30 18:20:00,2020,6,30,18,20,92,92078,GALLIENI (BOULEVARD) (1/19),48.924955,2.32537,Plein jour,En agglomération,Intersection en X,Normale,Deux véhicules - côté,3,3,4,0,1,1,1,0,1,50,2,2,1,0,0,1,23.0,42.0,voiture,voiture,1,2,2,1,3
202000037902,2020-09-25 19:00:00,2020,9,25,19,0,07,07199,Route de Ribeyre Bouchet,44.484707,4.242088,Plein jour,Hors agglomération,Hors intersection,Normale,Deux véhicules - côté,4,2,2,0,1,1,1,0,1,50,2,3,1,0,1,1,17.0,67.0,deux_roues,voiture,1,1,1,1,3
202000037903,2020-10-25 16:45:00,2020,10,25,16,45,64,64430,1 Impasse Bel Air,43.4898873,-0.7697779,Plein jour,En agglomération,Giratoire,Pluie légère,Autre collision,3,2,2,0,2,1,2,9,1,50,1,2,1,0,1,0,74.0,,voiture,,1,2,6,2,6
202000037904,2020-07-01 09:30:00,2020,7,1,9,30,92,92035,République ( boulevard de la ),48.90659,2.24693,Plein jour,En agglomération,Hors intersection,Normale,Deux véhicules - frontale,3,2,2,0,1,1,1,0,1,50,2,2,1,0,0,1,46.0,59.0,voiture,deux_roues,1,2,1,1,1
202000037905,2020-09-27 02:30:00,2020,9,27,2,30,85,85190,La Dorinière,46.915954,-1.496458,Nuit sans éclairage public,Hors agglomération,Hors intersection,Normale,Autre collision,4,2,2,0,2,2,2,0,3,80,1,1,0,0,1,0,23.0,,voiture,,3,1,1,1,6
202000037906,2020-08-23 01:05:00,2020,8,23,1,5,60,60138,D1330,49.215411,2.602236,Nuit sans éclairage public,Hors agglomération,Hors intersection,Normale,Autre collision,3,2,1,0,1,1,1,0,1,80,1,2,1,0,1,0,49.0,,voiture,,3,1,1,1,6
202000037907,2020-09-27 15:15:00,2020,9,27,15,15,85,85175,D48,46.5877,-1.18985,Plein jour,Hors agglomération,Hors intersection,Normale,Autre collision,3,2,2,0,2,4,1,0,3,80,1,1,0,1,0,0,26.0,,deux_roues,,1,1,1,1,6
202000037908,2020-10-27 20:30:00,2020,10,27,20,30,13,13071,A51-Sens Aix en Provence vers Marseille,43.415901,5.364929,Nuit sans éclairage public,Hors agglomération,Hors intersection,Normale,Deux véhicules - arrière,1,1,3,0,1,1,1,0,1,90,2,6,3,0,0,3,18.0,52.0,voiture,voiture,3,1,1,1,2
202000037909,2020-07-01 09:30:00,2020,7,1,9,30,92,92012,PARIS (RUE DE) 1/97 - 2/114,48.8411551,2.2401897,Plein jour,En agglomération,Intersection en T,Normale,Autre collision,4,-1,1,0,1,1,1,0,1,50,1,2,1,0,1,0,47.0,,utilitaire_camion,,1,2,3,1,6
202000037910,2020-09-26 19:02:00,2020,9,26,19,2,17,17339,D134,45.459634,-0.457735,Plein jour,Hors agglomération,Hors intersection,Pluie légère,Sans collision,3,2,2,0,2,3,2,0,3,80,1,5,3,0,2,0,28.0,,voiture,,1,1,1,2,7
202000037911,2020-10-27 16:45:00,2020,10,27,16,45,13,13071,A7-Sens Lyon vers Marseille,43.403239,5.34457,Plein jour,Hors agglomération,Hors intersection,Normale,Trois véhicules et plus - en chaîne,1,1,2,0,2,2,1,2,1,70,3,3,2,0,0,1,53.0,32.0,utilitaire_camion,voiture,1,1,1,1,4
202000037912,2020-07-01 08:05:00,2020,7,1,8,5,92,92012,ANDRE MORIZET (AVENUE) 1/47 - 2/52,48.8349139,2.2414108,Plein jour,En agglomération,Intersection en X,Normale,Autre collision,3,-1,2,0,1,1,1,0,1,30,1,2,1,0,0,1,56.0,,deux_roues,,1,2,2,1,6
202000037913,2020-10-27 18:27:00,2020,10,27,18,27,13,13005,A50-Sens Aubagne vers Marseille,43.28644,5.50922,Plein jour,Hors agglomération,Hors intersection,Normale,Deux véhicules - côté,1,1,3,0,1,1,1,0,1,90,2,2,1,0,0,1,58.0,39.0,deux_roues,voiture,1,1,1,1,3
202000037914,2020-09-26 23:23:00,2020,9,26,23,23,30,30350,Route de Paillerols,43.993054,3.618665,Nuit sans éclairage public,En agglomération,Hors intersection,Normale,Autre collision,3,-1,2,0,2,2,1,0,8,50,1,1,0,0,1,0,,,,,3,2,1,1,6
202000037915,2020-10-27 17:12:00,2020,10,27,17,12,13,13071,A51-Sens Aix en Provence vers Marseille,43.4115577,5.3641119,Plein jour,Hors agglomération,Hors intersection,Normale,Trois véhicules et plus - en chaîne,1,3,3,0,1,1,1,0,1,90,4,6,3,0,0,3,28.0,22.0,voiture,voiture,1,1,1,1,4
202000037916,2020-07-01 18:45:00,2020,7,1,18,45,80,80498,au sentier d'acheux,50.069756,2.575006,Plein jour,Hors agglomération,Hors intersection,Normale,Deux véhicules - frontale,4,2,2,0,2,3,1,0,1,80,2,5,4,0,1,0,34.0,17.0,voiture,deux_roues,1,1,1,1,1
202000037917,2020-09-26 20:15:00,2020,9,26,20,15,24,24293,La Lénotte,44.793927,1.009305,Nuit sans éclairage public,Hors agglomération,Hors intersection,Pluie légère,Autre collision,3,2,2,0,1,1,2,0,8,80,1,1,0,0,1,0,22.0,,voiture,,3,1,1,2,6
202000037918,2020-10-27 18:30:00,2020,10,27,18,30,13,13106,A7-Sens Lyon vers Marseille,43.3854,5.3507,Nuit sans éclairage public,Hors agglomération,Hors intersection,Normale,Deux véhicules - arrière,1,-1,3,0,1,1,1,0,1,90,2,2,1,0,0,1,20.0,37.0,voiture,voiture,3,1,1,1,2
202000037919,2020-06-30 15:45:00,2020,6,30,15,45,974,97422,Rue Marius et Ary Leblond,-21.277413,55.524543,Plein jour,En agglomération,Hors intersection,Normale,Autre collision,2,2,2,0,1,3,1,0,1,50,1,2,1,0,1,0,70.0,,voiture,,1,2,1,1,6
202000037920,2020-10-27 21:44:00,2020,10,27,21,44,33,33192,ROCADE A 630,44.78929,-0.619,Nuit sans éclairage public,Hors agglomération,Hors intersection,Pluie forte,Deux véhicules - arrière,1,3,6,0,1,1,2,0,1,90,2,5,4,0,0,1,27.0,41.0,utilitaire_camion,voiture,3,1,1,3,2
202000037921,2020-09-27 00:45:00,2020,9,27,0,45,13,13051,D113,43.5957827,5.1050857,Nuit sans éclairage public,Hors agglomération,Hors intersection,Normale,Deux véhicules - arrière,3,-1,2,0,1,1,1,0,1,80,2,2,1,0,0,1,33.0,22.0,voiture,deux_roues,3,1,1,1,2
202000037922,2020-09-27 17:01:00,2020,9,27,17,1,01,01049,A42,45.832735,5.024928,Plein jour,Hors agglomération,Hors intersection,Pluie forte,Autre collision,1,1,2,0,1,3,2,0,6,90,1,1,0,0,0,1,23.0,,voiture,,1,1,1,3,6
202000037923,2020-07-01 16:15:00,2020,7,1,16,15,69,69277,D147,45.739332,5.024161,Plein jour,Hors agglomération,Hors intersection,Normale,Trois véhicules et plus - en chaîne,3,2,2,0,1,1,1,0,1,80,3,5,3,0,0,2,29.0,26.0,voiture,autre,1,1,1,1,4
202000037924,2020-10-27 18:50:00,2020,10,27,18,50,33,33550,ROCADE A 630,44.7819,-0.58366,Nuit avec éclairage allumé,Hors agglomération,Hors intersection,Pluie forte,Trois véhicules et plus - en chaîne,1,3,6,0,1,1,2,0,1,90,3,3,2,0,0,1,46.0,36.0,autre,voiture,5,1,1,3,4
202000037925,2020-10-27 14:30:00,2020,10,27,14,30,33,33249,ROUTE NATIONALE 230,44.86962,-0.50482,Plein jour,Hors agglomération,Hors intersection,Pluie légère,Deux véhicules - arrière,2,3,6,0,1,1,2,0,1,90,2,2,1,0,0,1,21.0,65.0,voiture,utilitaire_camion,1,1,1,2,2
202000037926,2020-09-27 14:05:00,2020,9,27,14,5,01,01007,A42,45.996887,5.31314,Plein jour,Hors agglomération,Hors intersection,Pluie forte,Deux véhicules - arrière,1,3,4,0,1,1,4,0,1,130,2,5,3,0,0,2,51.0,66.0,voiture,voiture,1,1,1,3,2
202000037927,2020-06-30 08:00:00,2020,6,30,8,0,83,83085,D25,43.511662,6.566155,Plein jour,Hors agglomération,Hors intersection,Normale,Deux véhicules - frontale,3,2,2,0,2,3,1,0,1,80,2,2,1,0,1,0,47.0,45.0,voiture,voiture,1,1,1,1,1
202000037928,2020-07-02 02:14:00,2020,7,2,2,14,41,41252,A10,47.681796,1.411394,Nuit sans éclairage public,Hors agglomération,Hors intersection,Normale,Autre collision,1,3,4,3,1,1,1,0,2,130,1,1,0,0,1,0,31.0,,utilitaire_camion,,3,1,1,1,6
202000037929,2020-07-02 13:30:00,2020,7,2,13,30,83,83070,Avenue du Président Vincent Auriol,43.131511,6.363106,Plein jour,En agglomération,Hors intersection,Normale,Deux véhicules - côté,3,2,2,0,1,1,1,0,1,50,2,3,0,0,1,2,65.0,65.0,deux_roues,deux_roues,1,2,1,1,3