accident_id,datetime,annee,mois,jour,heure,minute,departement,commune_insee,adresse,latitude,longitude,luminosite,agglomeration,intersection,meteo,collision,catr,circ,nbv,vosp,prof,plan,surf,infra,situ,vma,nb_vehicules,nb_usagers,nb_indemnes,nb_tues,nb_blesses_hosp,nb_blesses_legers,age_cond_1,age_cond_2,veh_type_cond_1,veh_type_cond_2,lum_code,agg_code,int_code,atm_code,col_code
202000038114,2020-03-15 15:05:00,2020,3,15,15,5,95,95040,D43,49.098445,1.878673,Plein jour,Hors agglomération,Hors intersection,Normale,Deux véhicules - frontale,3,2,2,0,2,4,1,0,1,80,2,2,1,0,1,0,64.0,25.0,deux_roues,deux_roues,1,1,1,1,1
202000038115,2020-02-20 18:45:00,2020,2,20,18,45,91,91226,Boulevard des Lavandières,48.489935,2.187797,Nuit avec éclairage allumé,En agglomération,Hors intersection,Pluie forte,Autre collision,7,2,2,0,1,1,2,0,1,50,1,3,2,0,1,0,27.0,,voiture,,5,2,1,3,6
202000038116,2020-03-14 03:30:00,2020,3,14,3,30,84,84105,Route Departementale 174,43.865011,5.426152,Nuit avec éclairage allumé,En agglomération,Hors intersection,Normale,Sans collision,3,2,2,0,2,3,1,8,8,50,1,1,0,0,1,0,23.0,,voiture,,5,2,1,1,7
202000038117,2020-03-15 00:15:00,2020,3,15,0,15,84,84092,540 Chemin des Broutières,43.971754,4.856644,Nuit avec éclairage allumé,En agglomération,Hors intersection,Normale,Autre collision,3,1,2,0,1,2,1,0,3,90,1,2,0,0,2,0,24.0,,voiture,,5,2,1,1,6
202000038118,2020-03-14 16:40:00,2020,3,14,16,40,13,13041,Boulevard Paul Cezanne,43.4514289,5.4719776,Plein jour,En agglomération,Hors intersection,Normale,Deux véhicules - côté,3,3,1,0,1,1,1,9,1,50,2,1,0,0,1,0,56.0,,deux_roues,,1,2,1,1,3
202000038119,2020-03-14 15:15:00,2020,3,14,15,15,68,68001,Route de Volgelsheim,48.007098,7.555686,Plein jour,Hors agglomération,Intersection en Y,Normale,Autre collision,3,2,2,2,1,2,1,0,1,70,1,1,0,0,1,0,44.0,,deux_roues,,1,1,4,1,6
202000038120,2020-03-14 21:00:00,2020,3,14,21,0,63,63213,Route de Riom,45.822048,3.231654,Nuit sans éclairage public,Hors agglomération,Hors intersection,Normale,Autre collision,3,2,2,0,1,1,1,2,8,80,1,1,0,1,0,0,22.0,,voiture,,3,1,1,1,6
202000038121,2020-03-14 17:15:00,2020,3,14,17,15,38,38565,Avenue Henri Chapays,45.298008,5.635977,Plein jour,En agglomération,Hors intersection,Normale,Sans collision,3,2,2,0,2,1,1,0,1,70,1,1,0,0,0,1,35.0,,deux_roues,,1,2,1,1,7
202000038122,2020-03-14 17:20:00,2020,3,14,17,20,69,69254,Chemin de la Piaffe,45.9556699,4.4215035,Plein jour,Hors agglomération,Hors intersection,Normale,Autre collision,3,2,2,0,2,3,8,0,1,80,1,1,0,1,0,0,23.0,,deux_roues,,1,1,1,1,6
202000038123,2020-03-15 15:00:00,2020,3,15,15,0,69,69249,D311,45.6737899,4.6102417,Plein jour,Hors agglomération,Hors intersection,Normale,Autre collision,3,2,2,0,2,2,1,0,3,80,1,1,0,0,1,0,29.0,,voiture,,1,1,1,1,6
202000038124,2020-03-15 17:20:00,2020,3,15,17,20,79,79049,,46.87056,-0.49829,Plein jour,Hors agglomération,Hors intersection,Normale,Sans collision,3,2,2,0,2,4,1,0,3,80,1,2,0,0,0,2,14.0,,deux_roues,,1,1,1,1,7
202000038125,2020-03-15 16:20:00,2020,3,15,16,20,64,64067,"54, Quartier Lous Mats",43.263421,-0.293804,Plein jour,Hors agglomération,Hors intersection,Normale,Autre collision,9,2,2,0,1,1,1,0,1,70,1,1,0,0,1,0,52.0,,deux_roues,,1,1,1,1,6
202000038126,2020-03-15 09:10:00,2020,3,15,9,10,49,49258,D146 (La Renaudière),47.137483,-1.045611,Plein jour,Hors agglomération,Intersection en X,Normale,Deux véhicules - côté,3,2,2,0,1,1,1,0,1,80,2,2,1,0,1,0,58.0,40.0,deux_roues,voiture,1,1,2,1,3
202000038127,2020-03-14 08:40:00,2020,3,14,8,40,14,14145,20 Impasse des Antes,49.04552,-0.281353,Plein jour,Hors agglomération,Hors intersection,Normale,Autre collision,2,3,2,0,1,1,1,0,1,110,1,2,0,0,0,2,23.0,,voiture,,1,1,1,1,6
202000038128,2020-03-15 15:15:00,2020,3,15,15,15,59,59482,122 Rue du Marechal Foch,50.7089464,3.0095853,Plein jour,En agglomération,Hors intersection,Normale,Sans collision,7,2,2,1,1,1,1,0,5,50,1,1,0,0,1,0,59.0,,deux_roues,,1,2,1,1,7
202000038129,2020-03-14 02:50:00,2020,3,14,2,50,13,13001,A51-Sens Aix en Provence vers Marseille,43.5019075,5.3549571,Nuit sans éclairage public,Hors agglomération,Hors intersection,Normale,Deux véhicules - arrière,3,1,3,0,1,1,1,0,1,110,2,2,0,0,0,2,35.0,47.0,utilitaire_camion,voiture,3,1,1,1,2
202000038130,2020-03-13 21:20:00,2020,3,13,21,20,13,13055,A507 sens Marseille - Aubagne,43.308442,5.424886,Nuit avec éclairage allumé,Hors agglomération,Hors intersection,Normale,Deux véhicules - arrière,1,1,3,0,1,1,1,1,1,70,2,2,1,0,0,1,37.0,48.0,utilitaire_camion,deux_roues,5,1,1,1,2
202000038131,2020-03-14 05:15:00,2020,3,14,5,15,69,69295,A46S   53.980 A 57.400,45.6123864,4.8747325,Nuit sans éclairage public,Hors agglomération,Hors intersection,Normale,,1,1,2,0,1,1,1,0,1,110,2,7,1,0,1,5,25.0,21.0,utilitaire_camion,voiture,3,1,1,1,-1
202000038132,2020-03-08 23:45:00,2020,3,8,23,45,69,69276,A7,45.6738,4.8476,Nuit sans éclairage public,Hors agglomération,Hors intersection,Normale,Deux véhicules - arrière,1,3,4,0,1,1,1,0,1,90,2,2,1,0,0,1,25.0,49.0,voiture,voiture,3,1,1,1,2
202000038133,2020-03-14 15:35:00,2020,3,14,15,35,91,91589,AUTOROUTE A6,48.67404,2.3428,Plein jour,Hors agglomération,Hors intersection,Normale,Trois véhicules et plus - en chaîne,1,1,6,0,1,1,1,0,1,110,4,4,3,0,0,1,26.0,20.0,voiture,voiture,1,1,1,1,4
202000038134,2020-03-14 11:05:00,2020,3,14,11,5,91,91086,RN 104,48.6238,2.38442,Plein jour,Hors agglomération,Hors intersection,Normale,Sans collision,2,1,2,0,1,1,2,0,3,90,1,2,1,0,0,1,30.0,,voiture,,1,1,1,1,7
202000038135,2020-03-14 00:20:00,2020,3,14,0,20,91,91340,RN 104,48.61209,2.432,Nuit sans éclairage public,Hors agglomération,Hors intersection,Normale,Autre collision,2,1,1,0,1,1,1,0,1,70,1,1,0,0,0,1,39.0,,voiture,,3,1,1,1,6
202000038136,2020-03-14 12:55:00,2020,3,14,12,55,78,78498,A13,48.913819,2.005521,Plein jour,Hors agglomération,Hors intersection,Normale,Autre collision,1,3,2,0,1,3,1,0,1,110,1,1,0,0,0,1,53.0,,voiture,,1,1,1,1,6
202000038137,2020-03-13 17:05:00,2020,3,13,17,5,78,78133,A13,48.886196,2.012429,Plein jour,Hors agglomération,Hors intersection,Normale,Deux véhicules - arrière,1,3,2,0,1,1,1,0,1,110,2,4,2,0,0,2,52.0,24.0,transport_commun,voiture,1,1,1,1,2
202000038138,2020-03-13 20:20:00,2020,3,13,20,20,93,93008,AUTOROUTE A86,48.91412,2.43234,Nuit avec éclairage allumé,Hors agglomération,Hors intersection,Normale,Deux véhicules - arrière,1,3,8,0,1,1,1,1,1,90,2,2,1,0,1,0,36.0,34.0,deux_roues,voiture,5,1,1,1,2
202000038139,2020-03-14 06:30:00,2020,3,14,6,30,95,95252,AUTOROUTE A15,48.98341,2.21876,Crépuscule ou aube,Hors agglomération,Hors intersection,Pluie légère,Autre collision,1,3,7,0,1,1,2,0,1,110,1,1,0,0,0,1,30.0,,voiture,,2,1,1,2,6
202000038140,2020-03-14 05:00:00,2020,3,14,5,0,93,93027,AUTOROUTE A86,48.92337,2.38337,Nuit sans éclairage public,Hors agglomération,Hors intersection,Pluie légère,Autre collision,1,3,8,0,1,3,2,1,1,90,1,1,0,0,0,1,38.0,,voiture,,3,1,1,2,6
202000038141,2020-03-14 01:00:00,2020,3,14,1,0,93,93066,AUTOROUTE A86,48.92531,2.33949,Nuit sans éclairage public,Hors agglomération,Hors intersection,Pluie légère,Autre collision,1,3,8,0,1,1,2,0,1,90,1,1,0,0,0,1,27.0,,deux_roues,,3,1,1,2,6
202000038142,2020-03-13 17:20:00,2020,3,13,17,20,93,93078,AUTOROUTE A104,48.96666,2.51314,Plein jour,Hors agglomération,Hors intersection,Normale,Trois véhicules et plus - en chaîne,1,3,8,0,1,1,1,0,1,110,4,5,3,0,0,2,31.0,42.0,utilitaire_camion,voiture,1,1,1,1,4
202000038143,2020-03-13 12:30:00,2020,3,13,12,30,95,95365,RN 104,49.06569,2.40643,Plein jour,Hors agglomération,Hors intersection,Normale,Autre collision,2,3,5,0,1,1,9,0,1,90,1,1,0,0,0,1,47.0,,deux_roues,,1,1,1,1,6
202000038144,2020-03-14 20:20:00,2020,3,14,20,20,94,94017,A4,48.8263105,2.5198193,Nuit sans éclairage public,Hors agglomération,Hors intersection,Temps couvert,Deux véhicules - arrière,1,3,3,0,1,1,2,0,1,90,2,2,1,0,0,1,41.0,30.0,voiture,voiture,3,1,1,8,2
202000038145,2020-03-13 21:40:00,2020,3,13,21,40,94,94052,A4,48.82627,2.46578,Nuit avec éclairage allumé,Hors agglomération,Hors intersection,Normale,Autre collision,1,3,4,0,1,3,1,0,1,90,1,1,0,1,0,0,51.0,,deux_roues,,5,1,1,1,6
202000038146,2020-01-09 09:30:00,2020,1,9,9,30,13,13210,FLORIAN (AVENUE),43.28247,5.42733,Plein jour,En agglomération,Hors intersection,Normale,Autre collision,6,-1,-1,0,1,1,1,9,8,30,1,2,1,0,0,1,75.0,,voiture,,1,2,1,1,6
202000038147,2020-03-14 03:10:00,2020,3,14,3,10,988,98818,VE1 SENS SUD/NORD HT PONT KOWE KARA,-22.23369,166.45765,Nuit avec éclairage allumé,Hors agglomération,Hors intersection,Normale,Autre collision,1,3,4,0,1,1,1,0,1,70,1,3,2,1,0,0,55.0,,voiture,,5,1,1,1,6
202000038148,2020-03-13 09:55:00,2020,3,13,9,55,974,97411,MONTHYON (RUE),-20.8875574,55.4547873,Plein jour,En agglomération,Hors intersection,Normale,Autre collision,4,2,1,0,1,1,1,9,1,50,1,2,1,0,0,1,58.0,,voiture,,1,2,1,1,6
202000038149,2020-03-11 13:30:00,2020,3,11,13,30,974,97407,Rue du Général de Gaulle,-20.94095,55.29576,Plein jour,En agglomération,Hors intersection,Normale,Autre collision,4,1,1,0,1,1,1,0,1,50,1,2,1,0,1,0,67.0,,voiture,,1,2,1,1,6
202000038150,2020-03-13 19:15:00,2020,3,13,19,15,69,69388,ALBERT THOMAS                       (CO),45.74903,4.86115,Crépuscule ou aube,En agglomération,Hors intersection,Normale,Deux véhicules - arrière,4,1,3,0,1,1,1,0,1,50,2,3,2,0,0,1,43.0,47.0,voiture,voiture,2,2,1,1,2
202000038151,2020-03-13 19:50:00,2020,3,13,19,50,69,69387,JEAN JAURES                         (AV),45.7305031,4.8331199,Nuit avec éclairage allumé,En agglomération,Hors intersection,Normale,Deux véhicules - côté,4,2,4,0,1,1,1,0,1,50,2,2,1,0,0,1,35.0,34.0,voiture,deux_roues,5,2,1,1,3
202000038152,2020-03-13 15:00:00,2020,3,13,15,0,69,69387,CHALLEMEL LACOUR                    (R ),45.72927,4.84606,Plein jour,En agglomération,Intersection en T,Normale,Deux véhicules - frontale,4,2,4,1,1,1,1,0,1,50,2,2,1,0,0,1,65.0,31.0,voiture,voiture,1,2,3,1,1
202000038153,2020-03-13 00:20:00,2020,3,13,0,20,69,69034,GENERAL DE GAULLE                   (AV),45.80784,4.85618,Nuit avec éclairage allumé,En agglomération,Giratoire,Normale,Autre collision,3,2,2,0,1,4,1,5,4,50,1,2,1,0,0,1,23.0,,voiture,,5,2,6,1,6
202000038154,2020-03-13 18:20:00,2020,3,13,18,20,69,69382,MARECHAL JUIN                       (PT),45.76321,4.83166,Nuit avec éclairage allumé,En agglomération,Intersection en X,Normale,Deux véhicules - arrière,4,2,6,2,1,1,1,2,1,50,2,2,1,0,0,1,61.0,27.0,voiture,voiture,5,2,2,1,2
202000038155,2020-03-13 16:30:00,2020,3,13,16,30,69,69382,BELLECOUR                           (PL),45.75794,4.8341,Plein jour,En agglomération,Intersection en T,Temps éblouissant,Autre collision,4,1,2,3,2,1,1,0,1,50,1,2,1,0,0,1,44.0,,voiture,,1,2,3,7,6
202000038156,2020-03-12 20:55:00,2020,3,12,20,55,2A,2A004,T21,41.92975,8.76085,Nuit avec éclairage allumé,En agglomération,Hors intersection,Normale,Deux véhicules - frontale,2,3,4,0,2,1,1,0,1,50,2,2,1,0,0,1,43.0,38.0,voiture,voiture,5,2,1,1,1
202000038157,2020-01-28 15:00:00,2020,1,28,15,0,91,91692,JARDINS FAMILIAUX,48.67353,2.18015,Plein jour,En agglomération,Hors intersection,Normale,Sans collision,4,-1,0,0,1,1,1,0,8,30,1,1,0,0,0,1,19.0,,autre,,1,2,1,1,7
202000038158,2020-03-13 19:55:00,2020,3,13,19,55,91,91421,GLACIERE (RUE DE LA),48.7068,2.4412,Nuit avec éclairage allumé,En agglomération,Giratoire,Normale,Deux véhicules - côté,4,1,1,0,1,2,1,5,1,30,2,3,2,0,0,1,22.0,22.0,deux_roues,voiture,5,2,6,1,3
202000038159,2020-02-27 08:10:00,2020,2,27,8,10,91,91521,BROSSOLETTE (RUE PIERRE) N°1 A 81,48.647598,2.407286,Plein jour,En agglomération,Hors intersection,Pluie forte,Autre collision,3,3,2,0,1,1,2,0,1,50,1,2,1,0,0,1,46.0,,voiture,,1,2,1,3,6
202000038160,2020-03-13 18:25:00,2020,3,13,18,25,91,91174,JOHN KENNEDY (BOULEVARD),48.581247,2.476255,Plein jour,En agglomération,Hors intersection,Normale,Deux véhicules - côté,2,2,2,0,1,1,1,0,1,50,2,2,1,0,1,0,53.0,27.0,voiture,deux_roues,1,2,1,1,3
202000038161,2020-03-13 16:00:00,2020,3,13,16,0,91,91021,JEAN JAURES (PASSAGE),48.589,2.246,Plein jour,En agglomération,Hors intersection,Normale,Autre collision,4,2,0,0,1,1,1,0,1,50,1,2,1,0,0,1,35.0,,deux_roues,,1,2,1,1,6
202000038162,2020-03-13 01:45:00,2020,3,13,1,45,91,91103,CD 19,48.59474,2.31165,Nuit sans éclairage public,Hors agglomération,Giratoire,Normale,Autre collision,3,3,4,0,1,1,1,0,1,30,1,1,0,0,0,1,46.0,,voiture,,3,1,6,1,6
202000038163,2020-03-11 00:10:00,2020,3,11,0,10,88,88415,route de Xennois,48.02608,6.60635,Nuit avec éclairage allumé,En agglomération,Hors intersection,Pluie légère,Autre collision,4,2,2,0,1,3,2,0,3,50,1,1,0,1,0,0,22.0,,voiture,,5,2,1,2,6
202000038164,2020-03-13 16:15:00,2020,3,13,16,15,86,86194,Avenue Winston Churchill,46.5915133,0.3555552,Plein jour,En agglomération,Hors intersection,Normale,Autre collision,4,2,2,0,1,1,1,0,1,50,1,2,1,0,0,1,32.0,,voiture,,1,2,1,1,6
202000038165,2020-03-13 00:04:00,2020,3,13,0,4,83,83137,FOCH (AVE DU MARECHAL),43.126817,5.922845,Nuit avec éclairage allumé,En agglomération,Intersection en T,Normale,Deux véhicules - côté,2,2,6,3,1,1,1,5,1,50,2,3,1,0,0,2,38.0,30.0,voiture,voiture,5,2,3,1,3
202000038166,2020-03-11 14:00:00,2020,3,11,14,0,80,80021,CAGNY (RUE DE),49.87044,2.33349,Plein jour,En agglomération,Hors intersection,Normale,Deux véhicules - côté,4,2,3,0,1,1,2,0,1,50,2,3,2,0,0,1,19.0,65.0,deux_roues,voiture,1,2,1,1,3
202000038167,2020-02-13 12:38:00,2020,2,13,12,38,79,79329,Boulevard Helensburgh,46.986617,-0.19775,Plein jour,En agglomération,Intersection en T,Normale,Deux véhicules - côté,3,2,2,0,1,3,1,0,1,50,2,2,1,0,0,1,51.0,47.0,voiture,utilitaire_camion,1,2,3,1,3
202000038168,2020-03-12 17:30:00,2020,3,12,17,30,77,77258,SOUBRIARDE (AVENUE DE LA) - D10P,48.83245,2.64268,Plein jour,Hors agglomération,Giratoire,Normale,Deux véhicules - arrière,3,3,4,0,1,1,1,0,1,50,2,2,1,0,0,1,29.0,71.0,deux_roues,voiture,1,1,6,1,2
202000038169,2020-03-13 21:30:00,2020,3,13,21,30,77,77061,ALEXANDRE JOZON (RUE) - D124,48.36645,2.97563,Nuit avec éclairage allumé,En agglomération,Intersection en T,Normale,Autre collision,3,2,2,0,1,2,1,0,1,50,1,1,0,0,1,0,48.0,,voiture,,5,2,3,1,6
202000038170,2020-03-13 13:45:00,2020,3,13,13,45,77,77243,GENERAL LECLERC  (AVENUE DU) - D418,48.8765499,2.6995447,Plein jour,En agglomération,Intersection en T,Normale,Deux véhicules - frontale,3,2,2,0,1,3,1,0,1,50,2,2,1,0,0,1,48.0,51.0,deux_roues,voiture,1,2,3,1,1
202000038171,2020-03-12 18:05:00,2020,3,12,18,5,76,76540,BRIAND. AVENUE ARISTIDE,49.43451,1.10609,Plein jour,En agglomération,Intersection à plus de 4 branches,Normale,Deux véhicules - côté,3,1,3,0,1,1,1,0,1,50,2,2,1,0,1,0,70.0,39.0,deux_roues,voiture,1,2,5,1,3
202000038172,2020-03-12 15:25:00,2020,3,12,15,25,76,76305,Allée Victor Hugo,49.5054,0.2319,Plein jour,En agglomération,Hors intersection,Pluie légère,Deux véhicules - frontale,4,2,2,0,1,1,2,0,1,50,2,2,1,0,0,1,20.0,16.0,voiture,deux_roues,1,2,1,2,1
202000038173,2020-03-13 07:55:00,2020,3,13,7,55,76,76217,CORMORANS (DES),49.93022,1.09735,Plein jour,En agglomération,Intersection en X,Pluie légère,Deux véhicules - côté,4,2,2,0,2,1,2,0,1,50,2,2,1,0,1,0,50.0,45.0,deux_roues,voiture,1,2,2,2,3
202000038174,2020-03-13 17:45:00,2020,3,13,17,45,74,74012,LEMAN (AVENUE DU),46.182803,6.246197,Plein jour,En agglomération,Giratoire,Normale,Deux véhicules - côté,3,2,2,0,1,1,1,5,1,50,2,2,1,0,0,1,14.0,40.0,deux_roues,voiture,1,2,6,1,3
202000038175,2020-03-13 16:04:00,2020,3,13,16,4,72,72181,PREMIERE DIVISION FRANCAISE (BD),48.0236,0.2274,Plein jour,Hors agglomération,Hors intersection,Normale,Autre collision,4,3,4,0,2,1,1,0,1,90,1,1,0,0,0,1,22.0,,voiture,,1,1,1,1,6
202000038176,2020-03-12 11:32:00,2020,3,12,11,32,72,72181,COURBOULAY PAUL (RUE),48.00202,0.19123,Plein jour,En agglomération,Hors intersection,Normale,Trois véhicules et plus - en chaîne,4,3,4,2,1,1,1,0,1,50,3,3,1,0,0,2,24.0,59.0,utilitaire_camion,voiture,1,2,1,1,4
202000038177,2020-03-12 07:45:00,2020,3,12,7,45,71,71040,Route de Mâcon,46.6941928,4.3914602,Plein jour,En agglomération,Hors intersection,Normale,Trois véhicules et plus - en chaîne,3,2,2,0,2,1,1,0,1,50,3,3,2,0,0,1,27.0,62.0,utilitaire_camion,utilitaire_camion,1,2,1,1,4
202000038178,2020-03-12 13:45:00,2020,3,12,13,45,67,67043,BISCHWILLER (ROUTE DE),48.6157963,7.753102,Plein jour,En agglomération,Intersection en X,Pluie légère,Deux véhicules - côté,7,2,2,0,1,1,2,0,1,50,2,2,1,0,0,1,42.0,92.0,deux_roues,voiture,1,2,2,2,3
202000038179,2020-03-13 10:35:00,2020,3,13,10,35,67,67180,BITCHE (ROUTE DE),48.822628,7.771004,Plein jour,En agglomération,Hors intersection,Normale,Deux véhicules - côté,3,2,2,1,1,1,1,9,1,50,2,2,1,0,0,1,48.0,29.0,voiture,deux_roues,1,2,1,1,3
202000038180,2020-03-13 21:09:00,2020,3,13,21,9,64,64445,LIEGE DE,43.30063,-0.37517,Nuit sans éclairage public,En agglomération,Intersection en T,Normale,,4,3,2,3,1,1,1,0,1,50,2,2,1,0,0,1,27.0,24.0,utilitaire_camion,utilitaire_camion,3,2,3,1,-1
202000038181,2020-03-14 00:37:00,2020,3,14,0,37,64,64122,PETITES SOEURS DES PAUVRES (RUE DES,43.481,-1.54888,Nuit avec éclairage allumé,En agglomération,Hors intersection,Normale,,4,1,1,0,2,3,1,0,1,50,2,1,0,0,0,1,22.0,,deux_roues,,5,2,1,1,-1
202000038182,2020-03-13 17:20:00,2020,3,13,17,20,64,64024,ALBERT LE BARRILLIER (RUE),43.48473,-1.51357,Plein jour,En agglomération,Hors intersection,Normale,Sans collision,4,1,1,0,4,2,1,0,1,50,1,1,0,0,0,1,14.0,,deux_roues,,1,2,1,1,7
202000038183,2020-03-10 08:05:00,2020,3,10,8,5,62,62400,PREMIER MAI ( DU ),50.4740726,2.5819368,Plein jour,En agglomération,Hors intersection,Pluie légère,Deux véhicules - côté,3,2,2,3,1,1,2,9,6,50,2,5,2,0,1,2,42.0,68.0,transport_commun,voiture,1,2,1,2,3
202000038184,2020-03-07 05:45:00,2020,3,7,5,45,61,61117,ALPES MANCELLES (RUE DES),48.4266,0.02307,Nuit sans éclairage public,Hors agglomération,Hors intersection,Pluie légère,Autre collision,3,2,2,0,1,2,2,0,1,70,1,2,0,0,1,1,19.0,,voiture,,3,1,1,2,6
202000038185,2020-03-12 19:20:00,2020,3,12,19,20,59,59153,RUE YVON BOUTON,50.45436,3.58576,Nuit sans éclairage public,En agglomération,Autre intersection,Temps couvert,Sans collision,6,-1,0,0,1,1,2,9,1,20,1,1,0,1,0,0,24.0,,deux_roues,,3,2,9,8,7
202000038186,2020-03-12 19:30:00,2020,3,12,19,30,59,59574,PASTEUR LOUIS (RUE),50.36236,3.27979,Nuit avec éclairage allumé,En agglomération,Hors intersection,Normale,Deux véhicules - arrière,3,2,2,0,1,1,1,0,1,50,2,2,1,0,1,0,52.0,23.0,voiture,deux_roues,5,2,1,1,2
202000038187,2020-03-11 17:30:00,2020,3,11,17,30,58,58194,EPERON,46.99175,3.1791,Plein jour,En agglomération,Intersection en T,Normale,Deux véhicules - arrière,4,2,2,0,1,1,1,0,1,50,2,3,2,0,0,1,33.0,34.0,voiture,voiture,1,2,3,1,2
202000038188,2020-03-12 15:55:00,2020,3,12,15,55,54,54578,MULLER (AVENUE PAUL),48.6696664,6.1554015,Plein jour,En agglomération,Hors intersection,Pluie légère,Deux véhicules - frontale,4,2,2,0,1,1,2,0,1,50,2,2,0,0,0,2,36.0,80.0,voiture,voiture,1,2,1,2,1
202000038189,2020-03-11 14:30:00,2020,3,11,14,30,54,54096,D27,49.4465,5.903,Plein jour,Hors agglomération,Hors intersection,Normale,Sans collision,3,2,2,0,1,1,1,0,1,80,1,2,0,0,1,1,19.0,,voiture,,1,1,1,1,7
202000038190,2020-03-13 17:20:00,2020,3,13,17,20,51,51454,Boulevard Charles Arnould,49.266482,4.0152746,Plein jour,En agglomération,Intersection en X,Normale,Deux véhicules - côté,4,2,2,0,1,1,1,0,1,50,2,2,1,0,0,1,27.0,60.0,voiture,deux_roues,1,2,2,1,3
202000038191,2020-03-13 09:00:00,2020,3,13,9,0,51,51454,Avenue Salvador Allende Gossens,49.283808,4.0152815,Plein jour,En agglomération,Hors intersection,Normale,Deux véhicules - côté,3,1,1,0,1,1,1,0,1,50,2,3,2,0,0,1,28.0,49.0,voiture,voiture,1,2,1,1,3
202000038192,2020-03-13 17:15:00,2020,3,13,17,15,45,45234,Rue Saint Marceau,47.89121,1.9059,Plein jour,En agglomération,Hors intersection,Normale,Autre collision,4,2,2,0,1,1,9,8,1,50,1,1,0,0,0,1,43.0,,deux_roues,,1,2,1,1,6
202000038193,2020-03-13 07:50:00,2020,3,13,7,50,45,45285,Rue Ernest et Isabelle Lancelot,47.91029,1.87011,Plein jour,En agglomération,Hors intersection,Normale,Sans collision,4,2,2,0,1,3,1,0,1,50,1,1,0,0,0,1,33.0,,deux_roues,,1,2,1,1,7
202000038194,2020-03-13 09:54:00,2020,3,13,9,54,45,45208,RUE EMILE MENGIN - D943,48.0056615,2.7414022,Plein jour,En agglomération,Hors intersection,Normale,Autre collision,3,2,2,0,1,1,1,0,8,50,1,2,1,0,0,1,20.0,,utilitaire_camion,,1,2,1,1,6
202000038195,2020-03-12 10:00:00,2020,3,12,10,0,44,44184,GAUTIER (RUE HENRI) DU 27 AU 91,47.2806,-2.2044,Plein jour,En agglomération,Hors intersection,Normale,Deux véhicules - côté,4,2,2,0,1,1,1,0,1,50,2,2,1,0,0,1,67.0,22.0,deux_roues,voiture,1,2,1,1,3
202000038196,2020-03-08 18:05:00,2020,3,8,18,5,42,42103,Route de Combérigol,45.5067017,4.5555955,Plein jour,Hors agglomération,Hors intersection,Normale,Sans collision,4,2,2,0,1,1,1,0,1,80,1,1,0,0,1,0,22.0,,deux_roues,,1,1,1,1,7
202000038197,2020-03-13 17:20:00,2020,3,13,17,20,42,42187,Rue Nicolas Cugnot,46.04403,4.06086,Plein jour,En agglomération,Hors intersection,Normale,Autre collision,4,2,2,0,1,3,1,0,1,50,1,1,0,0,0,1,18.0,,deux_roues,,1,2,1,1,6
202000038198,2020-03-12 12:15:00,2020,3,12,12,15,42,42316,Rue Pasteur,45.39877,4.26316,Plein jour,En agglomération,Hors intersection,Normale,Autre collision,4,2,2,0,1,1,1,0,1,50,1,2,1,0,1,0,65.0,,voiture,,1,2,1,1,6
202000038199,2020-03-13 21:30:00,2020,3,13,21,30,37,37122,MARTYRS (RUE DES),47.3561346,0.6673202,Nuit avec éclairage allumé,En agglomération,Hors intersection,Normale,Autre collision,3,2,2,0,1,1,1,0,1,50,1,1,0,0,1,0,87.0,,voiture,,5,2,1,1,6
202000038200,2020-03-13 08:00:00,2020,3,13,8,0,37,37122,RD 86 DE MONTS à TOURS,47.3370632,0.6648126,Plein jour,En agglomération,Hors intersection,Normale,Deux véhicules - arrière,3,1,2,0,1,2,1,0,1,30,2,2,1,0,1,0,24.0,47.0,voiture,deux_roues,1,2,1,1,2
202000038201,2020-03-12 17:50:00,2020,3,12,17,50,35,35288,SILLON (DU) CHAUSSEE,48.65423,-2.00897,Plein jour,En agglomération,Hors intersection,Normale,Deux véhicules - côté,4,2,2,0,1,1,9,0,1,50,2,2,1,0,0,1,49.0,56.0,deux_roues,voiture,1,2,1,1,3
202000038202,2020-03-12 21:00:00,2020,3,12,21,0,34,34172,BLANC (BOULEVARD LOUIS),43.614774,3.878642,Nuit avec éclairage allumé,En agglomération,Hors intersection,Normale,Autre collision,4,1,1,0,1,1,1,9,1,50,1,1,0,0,0,1,,,,,5,2,1,1,6
202000038203,2020-03-12 23:20:00,2020,3,12,23,20,34,34032,SEURAT GEORGES (RUE),43.35408,3.23025,Nuit avec éclairage allumé,En agglomération,Intersection en X,Normale,Deux véhicules - côté,4,1,2,0,1,1,1,0,1,50,2,2,0,0,1,1,26.0,56.0,voiture,voiture,5,2,2,1,3
202000038204,2020-03-13 16:30:00,2020,3,13,16,30,33,33162,RTE DE LACANAU,44.88572,-0.66566,Plein jour,En agglomération,Autre intersection,Normale,Trois véhicules et plus - en chaîne,4,3,2,0,1,1,1,0,1,90,3,3,2,0,0,1,28.0,58.0,voiture,voiture,1,2,9,1,4
202000038205,2020-03-13 16:25:00,2020,3,13,16,25,33,33281,AVE FRANCOIS MITTERRAND,44.82668,-0.62032,Plein jour,En agglomération,Hors intersection,Normale,Autre collision,4,3,4,2,1,1,1,0,1,50,1,2,1,0,0,1,62.0,,voiture,,1,2,1,1,6