accident_id,datetime,annee,mois,jour,heure,minute,departement,commune_insee,adresse,latitude,longitude,luminosite,agglomeration,intersection,meteo,collision,catr,circ,nbv,vosp,prof,plan,surf,infra,situ,vma,nb_vehicules,nb_usagers,nb_indemnes,nb_tues,nb_blesses_hosp,nb_blesses_legers,age_cond_1,age_cond_2,veh_type_cond_1,veh_type_cond_2,lum_code,agg_code,int_code,atm_code,col_code
202000038392,2020-08-31 21:45:00,2020,8,31,21,45,57,57669,23 Rue de Folkling,49.131159,6.88868,Nuit sans éclairage public,Hors agglomération,Hors intersection,Normale,Autre collision,3,2,2,0,2,2,1,0,8,80,1,4,0,1,1,2,18.0,,voiture,,3,1,1,1,6
202000038393,2020-08-10 18:00:00,2020,8,10,18,0,42,42122,Route de Saint Antheme,45.576048,4.062188,Crépuscule ou aube,Hors agglomération,Hors intersection,Pluie forte,Deux véhicules - côté,3,2,2,0,2,4,2,0,1,80,2,3,2,0,0,1,44.0,47.0,voiture,voiture,2,1,1,3,3
202000038394,2020-09-01 16:00:00,2020,9,1,16,0,69,69062,D2,45.624295,4.480501,Plein jour,Hors agglomération,Intersection en X,Normale,Deux véhicules - côté,3,2,2,0,1,1,1,0,1,80,2,2,1,0,1,0,22.0,89.0,deux_roues,voiture,1,1,2,1,3
202000038395,2020-08-06 18:00:00,2020,8,6,18,0,81,81219,5 Avenue de Vielmur,43.574177,2.011721,Crépuscule ou aube,En agglomération,Hors intersection,Temps éblouissant,Deux véhicules - frontale,3,2,2,0,1,3,1,0,1,50,2,2,1,0,0,1,35.0,50.0,utilitaire_camion,deux_roues,2,2,1,7,1
202000038396,2020-08-31 14:48:00,2020,8,31,14,48,17,17336,Route de Saintes,45.761221,-0.69091,Plein jour,Hors agglomération,Hors intersection,Normale,Deux véhicules - frontale,3,2,2,0,1,2,1,0,1,80,2,3,0,1,0,2,15.0,34.0,deux_roues,voiture,1,1,1,1,1
202000038397,2020-08-31 18:10:00,2020,8,31,18,10,33,33444,D1113,44.57416,-0.172509,Plein jour,Hors agglomération,Hors intersection,Temps éblouissant,Deux véhicules - arrière,3,2,2,0,1,1,1,0,1,80,2,2,1,0,1,0,65.0,23.0,utilitaire_camion,voiture,1,1,1,7,2
202000038398,2020-08-31 20:00:00,2020,8,31,20,0,72,72378,D306,47.813827,-0.266379,Plein jour,Hors agglomération,Hors intersection,Normale,Deux véhicules - frontale,3,2,2,0,1,1,1,0,1,90,2,3,0,0,3,0,68.0,28.0,voiture,voiture,1,1,1,1,1
202000038399,2020-08-31 08:55:00,2020,8,31,8,55,44,44172,Rond Point des Bornes,47.275047,-1.468582,Plein jour,En agglomération,Giratoire,Normale,Deux véhicules - côté,7,3,2,0,1,2,1,5,1,80,2,2,1,0,1,0,43.0,29.0,voiture,deux_roues,1,2,6,1,3
202000038400,2020-08-31 20:00:00,2020,8,31,20,0,76,76758,Rue Saint-françois,49.616337,0.75973,Plein jour,En agglomération,Intersection en X,Normale,,4,1,1,0,1,1,1,0,1,50,2,2,1,0,1,0,61.0,,voiture,,1,2,2,1,-1
202000038401,2020-08-31 15:10:00,2020,8,31,15,10,13,13214,A7-Sens Lyon vers Marseille,43.325923,5.378279,Plein jour,Hors agglomération,Hors intersection,Normale,Deux véhicules - arrière,1,-1,3,0,1,1,1,0,1,90,2,3,2,0,0,1,69.0,51.0,voiture,voiture,1,1,1,1,2
202000038402,2020-08-31 09:00:00,2020,8,31,9,0,13,13215,A55-Sens Martigues vers Marseille,43.33638,5.3503,Plein jour,Hors agglomération,Hors intersection,Normale,Trois véhicules et plus - en chaîne,1,1,1,0,2,1,1,0,1,50,3,3,2,0,0,1,32.0,74.0,voiture,voiture,1,1,1,1,4
202000038403,2020-08-31 12:45:00,2020,8,31,12,45,33,33397,AUTOROUTE A 10,44.91391,-0.48061,Plein jour,Hors agglomération,Hors intersection,Normale,Deux véhicules - côté,1,3,6,0,1,1,1,0,1,110,2,2,1,0,0,1,42.0,53.0,voiture,utilitaire_camion,1,1,1,1,3
202000038404,2020-08-31 09:00:00,2020,8,31,9,0,33,33075,ROCADE A 630,44.88797,-0.58053,Plein jour,Hors agglomération,Hors intersection,Normale,Deux véhicules - arrière,1,3,4,0,1,1,1,0,1,70,2,3,2,0,0,1,34.0,28.0,deux_roues,voiture,1,1,1,1,2
202000038405,2020-08-31 05:03:00,2020,8,31,5,3,91,91363,RN 104,48.6379,2.2034,Nuit sans éclairage public,Hors agglomération,Hors intersection,Normale,Autre collision,2,3,4,0,1,1,1,0,1,110,1,1,0,0,0,1,44.0,,voiture,,3,1,1,1,6
202000038406,2020-08-30 21:00:00,2020,8,30,21,0,78,78238,A13,48.969686,1.867238,Nuit avec éclairage allumé,Hors agglomération,Hors intersection,Normale,Autre collision,1,1,1,0,3,3,2,3,1,50,1,1,0,0,0,1,21.0,,voiture,,5,1,1,1,6
202000038407,2020-08-31 17:30:00,2020,8,31,17,30,95,95277,RD 170B7,48.97486,2.48606,Plein jour,Hors agglomération,Hors intersection,Normale,Deux véhicules - arrière,3,3,3,0,1,1,1,9,1,70,2,2,1,0,0,1,30.0,34.0,voiture,deux_roues,1,1,1,1,2
202000038408,2020-08-30 17:30:00,2020,8,30,17,30,69,69383,BONNEL (DE)                         (R ),45.7613598,4.8419315,Plein jour,En agglomération,Hors intersection,Normale,,4,1,3,2,1,1,1,0,1,50,2,3,2,0,0,1,17.0,28.0,deux_roues,voiture,1,2,1,1,-1
202000038409,2020-08-27 09:50:00,2020,8,27,9,50,972,97213,VIEUX CHEMIN CALIFORNIE (RUE DU),14.60963,-61.0283,Plein jour,Hors agglomération,Intersection à plus de 4 branches,Normale,Deux véhicules - côté,4,2,2,0,2,1,1,0,1,30,2,3,1,0,2,0,69.0,20.0,voiture,utilitaire_camion,1,1,5,1,3
202000038410,2020-08-28 22:05:00,2020,8,28,22,5,972,97213,CASE NEGRE (RUE),14.6205652,-60.9891844,Nuit avec éclairage non allumé,En agglomération,Hors intersection,Normale,Deux véhicules - arrière,4,-1,2,0,1,1,1,9,1,50,2,2,1,0,0,1,26.0,64.0,voiture,voiture,4,2,1,1,2
202000038411,2020-08-22 05:10:00,2020,8,22,5,10,69,69034,DU BAC A TRAILLE                    (CH),45.79103,4.86812,Nuit avec éclairage allumé,En agglomération,Hors intersection,Normale,,4,2,1,0,1,3,2,0,1,50,1,1,0,0,0,1,20.0,,voiture,,5,2,1,1,-1
202000038412,2020-08-30 03:35:00,2020,8,30,3,35,2B,2B033,CARDO - CHEMIN DE,42.69746,9.42911,Nuit avec éclairage allumé,En agglomération,Hors intersection,Pluie légère,Autre collision,4,2,2,0,1,3,2,0,1,50,1,4,3,0,1,0,20.0,,voiture,,5,2,1,2,6
202000038413,2020-08-30 10:50:00,2020,8,30,10,50,91,91174,Darblay (avenue),48.613848,2.480025,Plein jour,En agglomération,Autre intersection,Temps couvert,Autre collision,4,1,1,0,1,1,2,0,1,50,1,1,0,0,0,1,,,,,1,2,9,8,6
202000038414,2020-08-30 21:15:00,2020,8,30,21,15,83,83069,DENIS (AVENUE ALPHONSE),43.12135,6.13759,Nuit avec éclairage allumé,En agglomération,Hors intersection,Normale,Deux véhicules - arrière,4,2,2,0,1,1,1,0,1,50,2,2,1,0,0,1,62.0,35.0,voiture,voiture,5,2,1,1,2
202000038415,2020-08-30 18:15:00,2020,8,30,18,15,83,83069,LOUBES (ROUTE DES),43.113193,6.103007,Crépuscule ou aube,En agglomération,Hors intersection,Normale,Autre collision,4,2,2,0,1,1,1,0,3,50,1,2,1,0,0,1,23.0,,voiture,,2,2,1,1,6
202000038416,2020-08-29 14:57:00,2020,8,29,14,57,77,77296,D 306,48.60581,2.58245,Plein jour,Hors agglomération,Autre intersection,Normale,,1,1,1,0,2,2,1,0,8,30,2,2,1,0,1,0,49.0,19.0,deux_roues,voiture,1,1,9,1,-1
202000038417,2020-08-30 17:45:00,2020,8,30,17,45,69,69266,ROGER SALENGRO     (Avenue),45.7761,4.871,Plein jour,En agglomération,Hors intersection,Normale,Deux véhicules - côté,4,2,4,1,1,2,1,0,1,50,2,2,1,0,0,1,66.0,6.0,voiture,deux_roues,1,2,1,1,3
202000038418,2020-08-30 16:00:00,2020,8,30,16,0,69,69266,8 MAI 1945   (Rue du),45.77951,4.89177,Plein jour,En agglomération,Intersection en T,Normale,Deux véhicules - côté,4,1,1,0,1,1,1,0,1,50,2,3,1,0,0,2,16.0,38.0,deux_roues,voiture,1,2,3,1,3
202000038419,2020-08-30 14:30:00,2020,8,30,14,30,69,69266,EMILE ZOLA     (Cours),45.76629,4.8971,Plein jour,En agglomération,Hors intersection,Normale,Deux véhicules - arrière,4,2,4,2,1,1,1,0,1,50,2,4,2,0,0,2,33.0,52.0,voiture,voiture,1,2,1,1,2
202000038420,2020-08-30 10:30:00,2020,8,30,10,30,64,64024,LAPORTE (AVENUE JEAN LEON),43.4878629,-1.5005148,Plein jour,En agglomération,Hors intersection,Pluie légère,Deux véhicules - côté,4,3,4,3,1,1,2,0,1,50,2,2,1,0,0,1,66.0,37.0,voiture,deux_roues,1,2,1,2,3
202000038421,2020-08-30 01:35:00,2020,8,30,1,35,64,64024,MER (BOULEVARD DE LA),43.4935,-1.5455,Nuit avec éclairage allumé,En agglomération,Intersection en T,Normale,Deux véhicules - frontale,4,2,2,0,1,1,1,0,1,30,2,1,0,0,0,1,20.0,,deux_roues,,5,2,3,1,1
202000038422,2020-08-29 20:20:00,2020,8,29,20,20,64,64102,AQUITAINE (AVENUE DE L'),43.4866489,-1.4676501,Crépuscule ou aube,En agglomération,Hors intersection,Pluie légère,Sans collision,3,2,0,0,2,3,2,0,1,50,1,2,1,0,0,1,21.0,,deux_roues,,2,2,1,2,7
202000038423,2020-08-30 12:30:00,2020,8,30,12,30,45,45234,Rue du Canon,47.89894,1.89634,Plein jour,En agglomération,Hors intersection,Pluie légère,Autre collision,4,2,2,0,1,1,2,0,1,30,1,1,0,0,0,1,74.0,,voiture,,1,2,1,2,6
202000038424,2020-08-30 17:27:00,2020,8,30,17,27,37,37208,CORMERY (RUE DE),47.3474917,0.7346729,Plein jour,En agglomération,Hors intersection,Pluie légère,,4,-1,2,0,1,1,1,0,1,30,2,3,2,0,0,1,56.0,30.0,voiture,voiture,1,2,1,2,-1
202000038425,2020-08-30 15:50:00,2020,8,30,15,50,37,37122,PERIPHERIQUE OUEST,47.347467,0.6460164,Plein jour,En agglomération,Autre intersection,Pluie forte,Autre collision,3,1,3,0,1,1,2,0,1,90,1,1,0,0,0,1,24.0,,voiture,,1,2,9,3,6
202000038426,2020-08-30 17:05:00,2020,8,30,17,5,37,37261,PROUDHON (AVENUE),47.3936508,0.6637463,Plein jour,En agglomération,Hors intersection,Normale,Trois véhicules et plus - en chaîne,3,2,5,0,1,1,2,0,1,50,3,2,1,0,0,1,43.0,44.0,voiture,voiture,1,2,1,1,4
202000038427,2020-08-30 04:15:00,2020,8,30,4,15,29,29232,Rue du 19 Mars 1962,47.9887411,-4.1111618,Nuit avec éclairage allumé,En agglomération,Hors intersection,Normale,Sans collision,4,2,3,0,1,2,1,0,4,50,1,2,0,0,0,2,35.0,,voiture,,5,2,1,1,7
202000038428,2020-08-30 20:10:00,2020,8,30,20,10,26,26362,Avenue de Marseille,44.905312,4.882983,Plein jour,En agglomération,Giratoire,Normale,Deux véhicules - frontale,4,1,2,0,1,3,1,5,1,50,2,3,0,0,0,3,58.0,22.0,voiture,voiture,1,2,6,1,1
202000038429,2020-08-30 00:35:00,2020,8,30,0,35,18,18033,CASTORS (RUE DES),47.07589,2.37652,Nuit avec éclairage allumé,En agglomération,Hors intersection,Normale,Autre collision,4,-1,2,0,2,1,1,0,4,50,1,4,1,0,0,3,26.0,,voiture,,5,2,1,1,6
202000038430,2020-08-28 12:45:00,2020,8,28,12,45,15,15014,CÔTE DE LASCANAUX (RN120),44.922585,2.427468,Plein jour,En agglomération,Autre intersection,Normale,Deux véhicules - arrière,3,2,2,0,1,1,2,0,1,50,2,3,2,0,0,1,77.0,26.0,voiture,voiture,1,2,9,1,2
202000038431,2020-08-29 08:25:00,2020,8,29,8,25,13,13214,ARNAVAUX (AVENUE DES),43.3321783,5.3815171,Plein jour,En agglomération,Hors intersection,Normale,Deux véhicules - frontale,4,2,2,0,1,1,1,0,1,50,2,3,0,0,0,3,43.0,,voiture,,1,2,1,1,1
202000038432,2020-08-30 06:33:00,2020,8,30,6,33,10,10387,GEORGES POMPIDOU (RUE),48.2962,4.094,Nuit avec éclairage allumé,En agglomération,Hors intersection,Pluie légère,Sans collision,4,1,3,2,1,2,2,0,1,50,1,1,0,0,0,1,17.0,,deux_roues,,5,2,1,2,7
202000038433,2020-08-30 17:05:00,2020,8,30,17,5,06,06088,MADELEINE (BD DE LA),43.7001,7.2382,Plein jour,En agglomération,Hors intersection,Normale,Deux véhicules - frontale,4,1,2,0,2,1,1,0,1,50,2,4,3,0,1,0,25.0,24.0,deux_roues,voiture,1,2,1,1,1
202000038434,2020-08-30 12:45:00,2020,8,30,12,45,06,06069,CHENES (CHEMIN DES),43.641046,6.914579,Plein jour,En agglomération,Hors intersection,Normale,Trois véhicules et plus - en chaîne,4,2,2,0,2,1,1,0,1,50,3,5,2,0,0,3,44.0,84.0,voiture,voiture,1,2,1,1,4
202000038435,2020-08-30 15:15:00,2020,8,30,15,15,75,75114,PORTE DE GENTILLY,48.816581,2.338939,Plein jour,En agglomération,Hors intersection,Normale,Sans collision,4,3,3,0,1,1,1,0,1,70,1,2,1,0,0,1,33.0,,deux_roues,,1,2,1,1,7
202000038436,2020-08-30 10:00:00,2020,8,30,10,0,75,75120,ECHANGEUR BAGNOLET,48.86123,2.413757,Plein jour,En agglomération,Intersection en Y,Pluie légère,Autre collision,4,1,2,0,2,2,2,0,1,50,1,1,0,0,0,1,69.0,,voiture,,1,2,4,2,6
202000038437,2020-08-29 17:00:00,2020,8,29,17,0,75,75119,BOULEVARD PERIPHERIQUE EXTERIEUR NORD  ,48.882114,2.401694,Plein jour,En agglomération,Hors intersection,Pluie légère,Autre collision,4,1,4,0,1,1,2,0,1,70,1,1,0,0,0,1,30.0,,voiture,,1,2,1,2,6
202000038438,2020-08-29 15:00:00,2020,8,29,15,0,75,75105,RUE GAY LUSSAC,48.841266,2.343597,Plein jour,En agglomération,Intersection à plus de 4 branches,Normale,Deux véhicules - arrière,4,2,4,0,1,1,1,0,1,50,2,2,1,0,0,1,59.0,51.0,voiture,voiture,1,2,5,1,2
202000038439,2020-08-29 22:30:00,2020,8,29,22,30,75,75118,RUE ORDENER,48.890649,2.354532,Nuit avec éclairage allumé,En agglomération,Place,Normale,Deux véhicules - arrière,4,2,2,0,1,1,1,0,1,50,2,1,0,0,0,1,37.0,,deux_roues,,5,2,7,1,2
202000038440,2020-08-30 16:10:00,2020,8,30,16,10,75,75117,BOULEVARD GOUVION SAINT CYR,48.882886,2.287175,Plein jour,En agglomération,Hors intersection,Normale,Sans collision,4,2,2,0,1,1,1,0,1,50,1,1,0,0,0,1,44.0,,deux_roues,,1,2,1,1,7
202000038441,2020-08-30 03:00:00,2020,8,30,3,0,75,75117,AVENUE DE CLICHY,48.891926,2.317935,Nuit avec éclairage allumé,En agglomération,Intersection en T,Normale,Deux véhicules - côté,4,2,3,0,2,1,1,-1,6,30,2,2,1,0,0,1,42.0,24.0,voiture,deux_roues,5,2,3,1,3
202000038442,2020-08-29 21:45:00,2020,8,29,21,45,75,75107,PLACE LEON PAUL FARGUE,48.846864,2.316712,Nuit avec éclairage allumé,En agglomération,Place,Normale,Deux véhicules - arrière,4,2,2,0,1,1,2,0,1,50,2,3,2,0,0,1,25.0,30.0,deux_roues,deux_roues,5,2,7,1,2
202000038443,2020-08-30 02:40:00,2020,8,30,2,40,75,75107,QUAI BRANLY,48.862468,2.30161,Nuit avec éclairage allumé,En agglomération,Intersection en X,Normale,Autre collision,4,2,6,0,1,1,1,0,1,50,1,1,0,0,0,1,28.0,,deux_roues,,5,2,2,1,6
202000038444,2020-08-30 14:10:00,2020,8,30,14,10,94,94003,DOCTEUR DURAND (AV DU),48.80465,2.3294,Plein jour,En agglomération,Hors intersection,Pluie légère,Trois véhicules et plus - collisions multiples,4,2,2,0,1,1,2,0,1,30,4,5,4,0,0,1,21.0,33.0,voiture,voiture,1,2,1,2,5
202000038445,2020-08-30 12:35:00,2020,8,30,12,35,94,94073,LUXEMBOURG (AV DU),48.757035,2.373719,Plein jour,En agglomération,Hors intersection,Temps couvert,Deux véhicules - côté,4,1,2,0,1,1,1,0,1,50,2,2,1,0,0,1,28.0,29.0,voiture,deux_roues,1,2,1,8,3
202000038446,2020-08-30 11:10:00,2020,8,30,11,10,94,94034,DIVISION LECLERC (AV DE LA),48.758644,2.324033,Plein jour,En agglomération,Intersection en X,Pluie légère,Autre collision,3,3,5,0,2,1,2,0,1,50,1,2,1,0,0,1,30.0,,voiture,,1,2,2,2,6
202000038447,2020-08-30 19:25:00,2020,8,30,19,25,94,94022,VICTOR HUGO (AV),48.77011,2.42539,Crépuscule ou aube,En agglomération,Hors intersection,Pluie légère,Deux véhicules - arrière,3,1,2,1,1,1,2,0,1,50,2,3,1,0,0,2,58.0,59.0,voiture,voiture,2,2,1,2,2
202000038448,2020-08-30 08:00:00,2020,8,30,8,0,94,94017,MAURICE THOREZ (AV),48.815016,2.53806,Crépuscule ou aube,En agglomération,Intersection en X,Pluie légère,Deux véhicules - côté,3,2,2,0,1,1,2,0,1,50,2,2,1,0,0,1,45.0,24.0,voiture,deux_roues,2,2,2,2,3
202000038449,2020-08-30 21:25:00,2020,8,30,21,25,93,93073,CHAPIT RE ( RUE DU),49.0034339,2.5367413,Nuit sans éclairage public,Hors agglomération,Hors intersection,Pluie légère,Sans collision,9,1,1,0,2,3,2,0,1,50,1,1,0,0,0,1,26.0,,voiture,,3,1,1,2,7
202000038450,2020-08-30 17:00:00,2020,8,30,17,0,93,93073,RTE DU PERIPHERIQUE SUD,48.9896,2.5622,Plein jour,Hors agglomération,Hors intersection,Normale,Sans collision,4,2,2,0,2,2,1,0,3,70,1,1,0,0,0,1,24.0,,voiture,,1,1,1,1,7
202000038451,2020-08-30 11:45:00,2020,8,30,11,45,93,93027,SUD (ALLEE DU),48.91946,2.3841,Plein jour,En agglomération,Intersection en X,Pluie légère,Sans collision,3,-1,2,0,1,1,2,0,1,50,1,1,0,0,0,1,48.0,,deux_roues,,1,2,2,2,7
202000038452,2020-08-30 02:45:00,2020,8,30,2,45,93,93057,BRIAND ( AV. ARISTIDE) 238 A 308,48.91056,2.51317,Nuit avec éclairage allumé,En agglomération,Hors intersection,Normale,Autre collision,3,3,0,0,1,1,1,0,1,50,1,3,1,0,0,2,60.0,,voiture,,5,2,1,1,6
202000038453,2020-08-30 19:10:00,2020,8,30,19,10,92,92078,MARC SANGNIER (AVENUE),48.92971,2.3259,Plein jour,En agglomération,Hors intersection,Normale,Deux véhicules - frontale,3,2,0,0,1,1,1,0,1,50,2,2,1,0,0,1,33.0,25.0,voiture,deux_roues,1,2,1,1,1
202000038454,2020-08-29 16:50:00,2020,8,29,16,50,92,92025,KLEBER (AV),48.93432,2.255879,Plein jour,En agglomération,Intersection en X,Pluie légère,Deux véhicules - frontale,3,2,4,0,1,1,2,0,1,50,2,2,1,0,0,1,15.0,44.0,deux_roues,voiture,1,2,2,2,1
202000038455,2020-08-30 01:20:00,2020,8,30,1,20,92,92060,PAUL LANGEVIN (AVENUE) (RD 2),48.77637,2.24996,Nuit avec éclairage allumé,En agglomération,Giratoire,Normale,,3,-1,1,0,1,1,1,5,1,50,2,5,4,0,0,1,21.0,28.0,voiture,voiture,5,2,6,1,-1
202000038456,2020-08-30 19:40:00,2020,8,30,19,40,92,92012,REINE (ROUTE DE LA) 1/37- 6/80,48.839488,2.242141,Plein jour,En agglomération,Hors intersection,Normale,Autre collision,3,2,1,1,1,1,1,0,1,50,1,2,0,0,2,0,21.0,,deux_roues,,1,2,1,1,6
202000038457,2020-08-30 10:50:00,2020,8,30,10,50,08,08119,D977,49.669463,4.888967,Plein jour,Hors agglomération,Hors intersection,Normale,Deux véhicules - arrière,3,2,2,0,2,4,1,0,1,80,2,2,1,0,1,0,64.0,51.0,utilitaire_camion,deux_roues,1,1,1,1,2
202000038458,2020-08-05 10:30:00,2020,8,5,10,30,24,24442,Rue Bertran de Born,45.12221,0.495753,Plein jour,En agglomération,Giratoire,Normale,Deux véhicules - frontale,3,1,1,3,2,2,1,5,1,50,2,2,1,0,0,1,70.0,59.0,voiture,deux_roues,1,2,6,1,1
202000038459,2020-08-30 00:30:00,2020,8,30,0,30,95,95313,Avenue de Paris,49.103769,2.249156,Nuit avec éclairage non allumé,Hors agglomération,Giratoire,Normale,Autre collision,3,1,2,0,2,1,2,0,1,70,1,1,0,1,0,0,25.0,,deux_roues,,4,1,6,1,6
202000038460,2020-08-30 11:40:00,2020,8,30,11,40,84,84091,Route Nationale 7,44.164721,4.768227,Plein jour,Hors agglomération,Hors intersection,Normale,Sans collision,2,2,2,0,1,2,1,0,8,70,1,1,0,0,1,0,25.0,,deux_roues,,1,1,1,1,7
202000038461,2020-08-30 09:30:00,2020,8,30,9,30,76,76516,A28,49.7190133,1.4213397,Plein jour,Hors agglomération,Hors intersection,Pluie forte,Sans collision,1,3,4,0,2,1,2,0,1,130,1,2,1,0,1,0,25.0,,voiture,,1,1,1,3,7
202000038462,2020-08-30 20:00:00,2020,8,30,20,0,57,57226,Rue de l'Eglise,49.355873,5.994195,Crépuscule ou aube,En agglomération,Hors intersection,Normale,Autre collision,6,-1,2,0,2,1,1,0,8,50,1,1,0,0,1,0,50.0,,deux_roues,,2,2,1,1,6
202000038463,2020-08-28 13:15:00,2020,8,28,13,15,57,57334,D45,48.685408,7.182698,Plein jour,Hors agglomération,Hors intersection,Normale,Sans collision,3,2,2,0,2,2,1,0,3,80,1,1,0,0,1,0,54.0,,deux_roues,,1,1,1,1,7
202000038464,2020-08-30 10:27:00,2020,8,30,10,27,56,56252,Rue de la Mairie,47.526036,-2.647147,Plein jour,En agglomération,Hors intersection,Normale,Autre collision,3,2,2,0,1,1,1,0,1,30,1,2,1,0,1,0,42.0,,voiture,,1,2,1,1,6
202000038465,2020-08-31 16:20:00,2020,8,31,16,20,2A,2A130,Lieu Dit Tinarella,41.881868,8.954182,Plein jour,Hors agglomération,Hors intersection,Temps couvert,Deux véhicules - côté,2,2,2,0,2,2,1,0,1,80,2,2,0,0,1,1,38.0,75.0,voiture,voiture,1,1,1,8,3
202000038466,2020-08-29 17:00:00,2020,8,29,17,0,71,71014,D680,46.9296473,4.3645481,Plein jour,Hors agglomération,Hors intersection,Normale,Sans collision,3,2,2,0,1,2,1,0,3,90,1,2,0,0,0,2,22.0,,deux_roues,,1,1,1,1,7
202000038467,2020-08-31 14:30:00,2020,8,31,14,30,63,63430,45 Avenue Léo Lagrange,45.848502,3.533177,Plein jour,En agglomération,Intersection en X,Temps couvert,Deux véhicules - côté,3,2,2,0,1,1,1,0,1,50,2,4,3,0,1,0,46.0,38.0,voiture,voiture,1,2,2,8,3
202000038468,2020-08-30 11:55:00,2020,8,30,11,55,63,63040,D 997B - route de Clermont,45.7353958,3.33581,Plein jour,En agglomération,Hors intersection,Normale,Deux véhicules - côté,3,2,2,0,4,1,1,0,1,50,2,1,0,0,0,1,67.0,,deux_roues,,1,2,1,1,3
202000038469,2020-07-30 21:10:00,2020,7,30,21,10,76,76711,Avenue du Marechal Foch,50.064298,1.379439,Plein jour,En agglomération,Hors intersection,Normale,Deux véhicules - côté,3,2,2,3,1,1,1,0,1,50,2,2,1,0,1,0,16.0,57.0,deux_roues,voiture,1,2,1,1,3
202000038470,2020-08-30 11:35:00,2020,8,30,11,35,12,12254,route départementale  901,44.426057,2.529237,Plein jour,Hors agglomération,Hors intersection,Normale,Deux véhicules - frontale,3,2,2,0,1,3,1,0,1,-1,2,3,2,0,1,0,50.0,21.0,voiture,voiture,1,1,1,1,1
202000038471,2020-08-31 08:55:00,2020,8,31,8,55,35,35360,Rue de Brest,48.123132,-1.213973,Crépuscule ou aube,En agglomération,Hors intersection,Normale,Autre collision,3,2,2,0,2,1,1,0,1,30,1,2,1,0,1,0,60.0,,voiture,,2,2,1,1,6
202000038472,2020-08-30 16:50:00,2020,8,30,16,50,35,35234,La Polka,48.223714,-2.177655,Plein jour,Hors agglomération,Intersection en T,Normale,Deux véhicules - côté,3,2,2,0,1,2,1,0,1,80,2,4,2,0,1,1,82.0,23.0,voiture,deux_roues,1,1,3,1,3
202000038473,2020-08-27 08:55:00,2020,8,27,8,55,29,29162,Place Charles de Gaulle,48.225734,-3.970152,Plein jour,En agglomération,Hors intersection,Normale,Autre collision,3,2,2,0,1,1,1,9,1,50,1,2,1,0,1,0,60.0,,voiture,,1,2,1,1,6
202000038474,2020-08-20 15:55:00,2020,8,20,15,55,29,29290,Lieu Dit Pen Ar Valy,48.553624,-4.558162,Plein jour,Hors agglomération,Hors intersection,Normale,Deux véhicules - frontale,3,2,2,0,1,4,1,0,1,80,2,3,1,0,0,2,37.0,59.0,voiture,voiture,1,1,1,1,1
202000038475,2020-08-29 14:40:00,2020,8,29,14,40,29,29168,74 Rue des Langoustiers,48.0373539,-4.7141109,Plein jour,Hors agglomération,Intersection en T,Normale,Deux véhicules - côté,3,1,1,0,2,1,1,0,1,50,2,2,1,0,0,1,58.0,18.0,deux_roues,voiture,1,1,3,1,3
202000038476,2020-08-31 13:15:00,2020,8,31,13,15,31,31487,Terme de Debat,43.160005,0.696012,Plein jour,En agglomération,Hors intersection,Normale,Autre collision,3,2,2,0,1,4,1,0,3,50,1,1,0,0,1,0,15.0,,deux_roues,,1,2,1,1,6
202000038477,2020-08-31 07:10:00,2020,8,31,7,10,31,31345,D820,43.403948,1.42884,Crépuscule ou aube,Hors agglomération,Hors intersection,Normale,Deux véhicules - frontale,3,2,2,0,1,1,1,0,1,80,2,2,1,0,1,0,20.0,57.0,voiture,voiture,2,1,1,1,1
202000038478,2020-06-13 00:04:00,2020,6,13,0,4,72,72158,Le Gue Long,48.043897,0.619881,Nuit sans éclairage public,Hors agglomération,Hors intersection,Normale,Autre collision,3,2,2,0,1,1,1,0,1,80,1,1,0,0,0,1,21.0,,voiture,,3,1,1,1,6
202000038479,2020-08-31 09:50:00,2020,8,31,9,50,05,05010,D1075,44.552099,5.773315,Plein jour,Hors agglomération,Hors intersection,Normale,,3,2,2,0,1,3,1,0,1,50,2,3,1,0,2,0,44.0,63.0,utilitaire_camion,deux_roues,1,1,1,1,-1
202000038480,2020-08-31 14:30:00,2020,8,31,14,30,64,64275,D22,43.172955,-1.219761,Plein jour,En agglomération,Intersection à plus de 4 branches,Normale,Deux véhicules - côté,3,2,2,0,1,1,1,0,1,50,2,2,0,0,0,2,15.0,16.0,deux_roues,deux_roues,1,2,5,1,3
202000038481,2020-08-29 18:20:00,2020,8,29,18,20,64,64014,D20,43.316529,-1.490064,Plein jour,Hors agglomération,Hors intersection,Normale,Deux véhicules - frontale,3,2,2,0,1,3,2,0,1,80,2,4,2,0,0,2,21.0,53.0,voiture,voiture,1,1,1,1,1
202000038482,2020-08-28 14:45:00,2020,8,28,14,45,64,64035,D255,43.438119,-1.549684,Plein jour,Hors agglomération,Hors intersection,Pluie légère,Deux véhicules - frontale,3,2,2,0,1,3,2,0,1,50,2,2,1,0,1,0,20.0,49.0,deux_roues,voiture,1,1,1,2,1
202000038483,2020-08-28 11:15:00,2020,8,28,11,15,43,43213,D451,45.256552,4.276536,Plein jour,Hors agglomération,Hors intersection,Pluie légère,Deux véhicules - côté,3,2,2,0,2,3,2,0,1,80,2,2,1,0,1,0,41.0,68.0,voiture,voiture,1,1,1,2,3
202000038484,2020-08-31 12:25:00,2020,8,31,12,25,43,43211,85 Rue Nationale,45.218294,4.133778,Plein jour,En agglomération,Hors intersection,Temps couvert,Autre collision,4,2,2,0,2,3,3,0,8,50,1,2,0,0,1,1,59.0,,voiture,,1,2,1,8,6