accident_id,datetime,annee,mois,jour,heure,minute,departement,commune_insee,adresse,latitude,longitude,luminosite,agglomeration,intersection,meteo,collision,catr,circ,nbv,vosp,prof,plan,surf,infra,situ,vma,nb_vehicules,nb_usagers,nb_indemnes,nb_tues,nb_blesses_hosp,nb_blesses_legers,age_cond_1,age_cond_2,veh_type_cond_1,veh_type_cond_2,lum_code,agg_code,int_code,atm_code,col_code
202000038485,2020-08-29 05:45:00,2020,8,29,5,45,36,36096,La Gabriere,46.748874,1.160495,Nuit sans éclairage public,Hors agglomération,Hors intersection,Normale,Autre collision,3,2,2,0,1,2,1,0,3,80,1,1,0,0,1,0,26.0,,voiture,,3,1,1,1,6
202000038486,2020-08-30 15:15:00,2020,8,30,15,15,21,21599,Rue Henri Jevain,47.5843621,5.1827802,Plein jour,En agglomération,Hors intersection,Normale,Sans collision,4,-1,2,0,1,1,1,9,1,50,1,1,0,0,0,1,16.0,,deux_roues,,1,2,1,1,7
202000038487,2020-08-28 16:10:00,2020,8,28,16,10,40,40233,Route de Mimbaste,43.622279,-0.996218,Plein jour,Hors agglomération,Hors intersection,Pluie légère,Autre collision,3,2,2,0,2,2,2,0,3,50,1,1,0,0,1,0,87.0,,voiture,,1,1,1,2,6
202000038488,2020-08-31 16:30:00,2020,8,31,16,30,04,04124,Rte de Saint Laurent,43.73586,6.079063,Plein jour,Hors agglomération,Hors intersection,Normale,Sans collision,4,2,2,0,2,1,1,0,8,80,1,1,0,0,0,1,53.0,,deux_roues,,1,1,1,1,7
202000038489,2020-08-30 19:45:00,2020,8,30,19,45,85,85284,1 Rue de l'Ocean,46.79609,-1.90045,Plein jour,En agglomération,Intersection en X,Normale,Deux véhicules - côté,3,2,2,0,1,1,1,0,1,50,2,3,2,0,1,0,53.0,66.0,deux_roues,voiture,1,2,2,1,3
202000038490,2020-08-31 14:50:00,2020,8,31,14,50,85,85076,Rue du Président Auguste Durand,47.07376,-1.25225,Plein jour,En agglomération,Hors intersection,Normale,Autre collision,3,2,2,0,1,1,1,2,1,50,1,2,0,0,1,1,59.0,,voiture,,1,2,1,1,6
202000038491,2020-08-15 09:30:00,2020,8,15,9,30,30,30341,Mas Saint-laurent,43.57209,4.307499,Plein jour,Hors agglomération,Giratoire,Normale,Sans collision,3,2,2,0,1,3,8,5,1,80,1,2,1,0,1,0,65.0,,deux_roues,,1,1,6,1,7
202000038492,2020-08-30 15:00:00,2020,8,30,15,0,77,77453,Châtillon-la-Borde (Embranchement d'autoroute),48.539341,2.7956772,Plein jour,Hors agglomération,Hors intersection,Pluie forte,,1,3,5,0,1,1,2,0,3,130,2,3,2,0,0,1,58.0,56.0,voiture,voiture,1,1,1,3,-1
202000038493,2020-02-01 21:55:00,2020,2,1,21,55,33,33063,BD ANTOINE GAUTIER / RUE GENERAL DE LARMINAT / BD GEORGES POMPIDOU,44.83334,-0.59855,Nuit avec éclairage allumé,En agglomération,Intersection en X,Pluie légère,Deux véhicules - côté,4,3,7,2,1,1,2,5,1,50,2,1,0,0,1,0,26.0,,deux_roues,,5,2,2,2,3
202000038494,2020-01-28 08:50:00,2020,1,28,8,50,33,33522,Cours de la Libération,44.810607,-0.591462,Crépuscule ou aube,En agglomération,Intersection en X,Normale,Autre collision,4,3,4,0,1,1,2,5,8,50,1,2,1,0,1,0,67.0,,voiture,,2,2,2,1,6
202000038495,2020-02-09 03:15:00,2020,2,9,3,15,31,31555,RUE DU POLE,43.64734,1.42013,Nuit avec éclairage allumé,En agglomération,Intersection en Y,Normale,Deux véhicules - côté,4,2,2,0,2,1,1,0,1,50,2,3,2,0,0,1,72.0,39.0,utilitaire_camion,voiture,5,2,4,1,3
202000038496,2020-02-10 18:25:00,2020,2,10,18,25,29,29019,147 Rue du Guelmeur,48.39285,-4.46209,Plein jour,En agglomération,Intersection en X,Normale,Deux véhicules - côté,4,2,2,0,1,1,1,0,1,50,2,2,1,0,0,1,46.0,66.0,voiture,voiture,1,2,2,1,3
202000038497,2020-02-08 07:30:00,2020,2,8,7,30,29,29019,24 Rue Charles Péguy,48.401898,-4.4882325,Nuit avec éclairage allumé,En agglomération,Hors intersection,Normale,Autre collision,4,1,2,0,1,1,1,0,1,50,1,5,0,0,0,5,26.0,,voiture,,5,2,1,1,6
202000038498,2020-02-10 09:05:00,2020,2,10,9,5,25,25462,HUGO VICTOR,46.90871,6.34771,Plein jour,En agglomération,Intersection en X,Vent fort / tempête,Deux véhicules - côté,4,1,2,0,1,1,2,0,1,50,2,2,0,0,0,2,66.0,58.0,voiture,voiture,1,2,2,6,3
202000038499,2020-02-08 15:15:00,2020,2,8,15,15,25,25056,16 Rue de la Cassotte,47.24667,6.03061,Plein jour,En agglomération,Intersection en T,Normale,Deux véhicules - côté,4,1,2,0,1,1,1,0,1,50,2,2,1,0,1,0,55.0,19.0,deux_roues,voiture,1,2,3,1,3
202000038500,2020-02-07 16:55:00,2020,2,7,16,55,19,19031,SEMARD (AVENUE PIERRE) JUSQU'A N° 73 - 6,45.15583,1.51772,Plein jour,En agglomération,Hors intersection,Normale,Deux véhicules - arrière,4,2,2,0,1,1,1,0,1,50,2,2,1,0,1,0,36.0,51.0,utilitaire_camion,deux_roues,1,2,1,1,2
202000038501,2020-02-07 20:00:00,2020,2,7,20,0,13,13071,CD 6,43.411138,5.328983,Nuit avec éclairage allumé,Hors agglomération,Hors intersection,Normale,Deux véhicules - côté,3,2,0,0,1,1,1,0,1,50,2,4,2,0,0,2,20.0,26.0,voiture,voiture,5,1,1,1,3
202000038502,2020-02-10 16:30:00,2020,2,10,16,30,13,13213,ALBERT EINSTEIN (RUE),43.339222,5.439374,Plein jour,En agglomération,Intersection en X,Normale,Deux véhicules - côté,4,2,2,0,1,1,1,0,1,50,2,3,1,0,0,2,53.0,43.0,utilitaire_camion,voiture,1,2,2,1,3
202000038503,2020-02-10 15:20:00,2020,2,10,15,20,13,13209,HUVEAUNE (BOULEVARD DE),43.272451,5.406295,Plein jour,En agglomération,Hors intersection,Normale,Autre collision,4,2,2,0,1,1,1,0,1,50,1,2,1,0,0,1,60.0,,voiture,,1,2,1,1,6
202000038504,2020-02-10 10:45:00,2020,2,10,10,45,13,13203,BELLE DE MAI (RUE),43.31796,5.37403,Plein jour,En agglomération,Hors intersection,Normale,Autre collision,4,1,1,0,1,2,1,0,1,30,1,3,1,0,0,2,24.0,,voiture,,1,2,1,1,6
202000038505,2020-02-10 06:50:00,2020,2,10,6,50,13,13209,LUDOVIC LEGRE (AVENUE),43.2512,5.3991,Crépuscule ou aube,En agglomération,Hors intersection,Normale,Deux véhicules - frontale,4,2,2,0,1,4,1,0,1,50,2,2,1,0,1,0,43.0,23.0,utilitaire_camion,deux_roues,2,2,1,1,1
202000038506,2020-02-09 12:20:00,2020,2,9,12,20,11,11069,MONTREAL -ROUTE DE -,43.211351,2.3264837,Plein jour,En agglomération,Intersection en X,Normale,Deux véhicules - côté,3,1,1,0,1,1,1,0,1,50,2,4,3,0,0,1,47.0,54.0,voiture,voiture,1,2,2,1,3
202000038507,2020-02-08 16:47:00,2020,2,8,16,47,09,09225,FOIX AVENUE DE,43.1009419,1.6231656,Plein jour,En agglomération,Hors intersection,Normale,Deux véhicules - côté,3,2,-1,-1,1,1,1,0,1,-1,2,3,2,0,0,1,28.0,22.0,voiture,deux_roues,1,2,1,1,3
202000038508,2020-02-08 18:10:00,2020,2,8,18,10,09,09207,CAUSSOU (CH DE),42.942523,1.631544,Crépuscule ou aube,En agglomération,Hors intersection,Normale,Autre collision,4,2,0,0,1,2,1,0,1,50,1,2,1,0,1,0,21.0,,voiture,,2,2,1,1,6
202000038509,2020-02-09 10:39:00,2020,2,9,10,39,08,08105,CARNOT AVENUE,49.7419,4.7263,Plein jour,En agglomération,Hors intersection,Temps couvert,Autre collision,4,2,3,0,1,1,1,0,1,50,1,2,1,0,0,1,34.0,,voiture,,1,2,1,8,6
202000038510,2020-02-08 15:35:00,2020,2,8,15,35,05,05061,SOLEIL ( RUE DU ),44.54071,6.05715,Plein jour,En agglomération,Intersection en Y,Normale,Deux véhicules - côté,2,2,2,0,2,1,1,0,1,50,2,2,1,0,0,1,26.0,38.0,deux_roues,voiture,1,2,4,1,3
202000038511,2020-02-10 21:35:00,2020,2,10,21,35,75,75118,PORTE D AUBERVILLIERS,48.900802,2.369807,Nuit avec éclairage allumé,En agglomération,Hors intersection,Pluie légère,,4,1,4,0,1,1,2,0,1,70,3,3,2,0,0,1,49.0,49.0,voiture,voiture,5,2,1,2,-1
202000038512,2020-02-09 21:30:00,2020,2,9,21,30,75,75119,PORTE DES LILAS,48.87963,2.40716,Nuit avec éclairage allumé,En agglomération,Hors intersection,Normale,Deux véhicules - arrière,4,1,4,0,1,1,1,1,1,70,2,2,1,0,0,1,46.0,32.0,voiture,voiture,5,2,1,1,2
202000038513,2020-02-10 19:15:00,2020,2,10,19,15,75,75119,BOULEVARD MACDONALD,48.898732,2.37111,Nuit avec éclairage allumé,En agglomération,Intersection en X,Pluie légère,Autre collision,4,2,4,0,1,1,2,0,1,50,1,2,1,0,0,1,58.0,,voiture,,5,2,2,2,6
202000038514,2020-02-10 14:05:00,2020,2,10,14,5,75,75119,AVENUE RENE FONCK,48.879765,2.408403,Plein jour,En agglomération,Intersection en X,Pluie légère,Deux véhicules - côté,4,2,2,0,2,3,2,0,1,50,2,2,1,0,0,1,48.0,38.0,deux_roues,voiture,1,2,2,2,3
202000038515,2020-02-10 09:43:00,2020,2,10,9,43,75,75118,BOULEVARD BARBES,48.884486,2.349488,Plein jour,En agglomération,Intersection en Y,Normale,Autre collision,4,2,4,0,1,1,1,0,1,50,1,2,1,0,0,1,30.0,,voiture,,1,2,4,1,6
202000038516,2020-02-10 09:15:00,2020,2,10,9,15,75,75117,RUE DE TOCQUEVILLE,48.883274,2.31272,Plein jour,En agglomération,Intersection en X,Normale,Sans collision,4,2,2,0,1,1,2,0,1,30,1,1,0,0,0,1,48.0,,deux_roues,,1,2,2,1,7
202000038517,2020-02-10 14:15:00,2020,2,10,14,15,75,75116,PLACE CLEMENT ADER,48.851344,2.278489,Plein jour,En agglomération,Place,Pluie légère,Sans collision,4,2,2,0,1,1,2,0,1,50,1,1,0,0,0,1,16.0,,deux_roues,,1,2,7,2,7
202000038518,2020-02-09 11:30:00,2020,2,9,11,30,75,75116,BOULEVARD LANNES,48.864516,2.269826,Plein jour,En agglomération,Intersection en T,Normale,Deux véhicules - arrière,4,2,2,0,1,1,1,0,1,50,2,3,2,0,0,1,45.0,31.0,voiture,voiture,1,2,3,1,2
202000038519,2020-02-10 17:00:00,2020,2,10,17,0,75,75107,AVENUE DE SUFFREN,48.852013,2.299572,Crépuscule ou aube,En agglomération,Hors intersection,Vent fort / tempête,Deux véhicules - frontale,4,2,2,0,1,1,2,0,1,50,2,2,1,0,0,1,34.0,52.0,deux_roues,voiture,2,2,1,6,1
202000038520,2020-02-10 15:00:00,2020,2,10,15,0,75,75115,AVENUE FELIX FAURE,48.837396,2.279609,Plein jour,En agglomération,Intersection en T,Pluie forte,Autre collision,4,2,2,0,1,1,2,0,1,50,1,2,1,0,0,1,70.0,,voiture,,1,2,3,3,6
202000038521,2020-02-10 06:45:00,2020,2,10,6,45,75,75115,PLACE DES INSURGES DE VARSOVIE,48.827732,2.29221,Nuit avec éclairage non allumé,En agglomération,Place,Pluie forte,Autre collision,4,1,3,0,1,2,2,0,1,50,1,2,1,0,0,1,40.0,,utilitaire_camion,,4,2,7,3,6
202000038522,2020-02-10 09:00:00,2020,2,10,9,0,75,75114,BOULEVARD DU MONTPARNASSE,48.841913,2.329606,Plein jour,En agglomération,Intersection à plus de 4 branches,Normale,Autre collision,4,2,4,0,1,1,2,0,1,50,1,2,1,0,0,1,23.0,,deux_roues,,1,2,5,1,6
202000038523,2020-02-08 22:25:00,2020,2,8,22,25,75,75113,BOULEVARD AUGUSTE BLANQUI,48.829709,2.349405,Nuit avec éclairage allumé,En agglomération,Intersection en Y,Temps couvert,Autre collision,4,1,1,0,2,3,2,0,1,30,1,2,1,0,0,1,28.0,,voiture,,5,2,4,8,6
202000038524,2020-02-10 11:11:00,2020,2,10,11,11,75,75108,PLACE CHARLES DE GAULLE,48.873521,2.295844,Plein jour,En agglomération,Place,Normale,Deux véhicules - côté,4,1,8,0,1,1,1,0,1,50,2,2,1,0,0,1,29.0,38.0,utilitaire_camion,voiture,1,2,7,1,3
202000038525,2020-02-10 02:30:00,2020,2,10,2,30,75,75108,AVENUE DE FRIEDLAND,48.87423,2.299542,Nuit avec éclairage allumé,En agglomération,Intersection en T,Vent fort / tempête,Deux véhicules - côté,4,2,2,0,1,1,2,5,1,50,2,2,1,0,0,1,21.0,24.0,voiture,deux_roues,5,2,3,6,3
202000038526,2020-02-08 14:45:00,2020,2,8,14,45,94,94003,LAPLACE (AV),48.808285,2.33204,Plein jour,En agglomération,Hors intersection,Normale,Deux véhicules - arrière,3,2,2,1,2,1,1,0,1,50,2,2,1,0,0,1,54.0,28.0,voiture,deux_roues,1,2,1,1,2
202000038527,2020-02-10 19:45:00,2020,2,10,19,45,94,94028,CHOISY(ROUTE DE),48.78335,2.44722,Nuit avec éclairage allumé,En agglomération,Hors intersection,Pluie légère,Autre collision,3,1,0,0,1,1,2,0,1,50,1,1,0,0,0,1,,,,,5,2,1,2,6
202000038528,2020-02-10 16:30:00,2020,2,10,16,30,93,93066,CITE DANIELLE CASANOVA,48.9276956,2.3638012,Plein jour,En agglomération,Intersection en T,Pluie légère,Autre collision,3,2,0,0,1,1,2,0,1,50,1,2,1,0,0,1,62.0,,utilitaire_camion,,1,2,3,2,6
202000038529,2020-02-10 12:40:00,2020,2,10,12,40,93,93048,ARISTE HEMARD (RUE),48.8595534,2.4376076,Plein jour,En agglomération,Hors intersection,Normale,Deux véhicules - arrière,4,1,1,0,2,1,1,0,1,50,2,2,1,0,0,1,29.0,72.0,voiture,deux_roues,1,2,1,1,2
202000038530,2020-02-10 19:50:00,2020,2,10,19,50,93,93032,R PAUL VAILLANT COUTURIER / AV DE VERSAILLES,48.87693,2.5491,Nuit avec éclairage allumé,En agglomération,Intersection en X,Pluie forte,Trois véhicules et plus - collisions multiples,3,3,4,0,2,1,2,0,1,50,3,2,1,0,0,1,28.0,40.0,voiture,voiture,5,2,2,3,5
202000038531,2020-02-09 22:30:00,2020,2,9,22,30,93,93027,CURIE (RUE PIERRE),48.9214742,2.3813545,Nuit avec éclairage allumé,En agglomération,Hors intersection,Pluie légère,Deux véhicules - frontale,4,2,2,0,1,1,2,0,4,50,2,4,2,0,0,2,20.0,22.0,voiture,voiture,5,2,1,2,1
202000038532,2020-02-10 11:20:00,2020,2,10,11,20,92,92026,ROUEN,48.896867,2.241271,Plein jour,En agglomération,Hors intersection,Vent fort / tempête,Deux véhicules - arrière,4,1,1,0,1,1,1,0,1,50,2,2,1,0,0,1,27.0,25.0,utilitaire_camion,deux_roues,1,2,1,6,2
202000038533,2020-02-09 18:15:00,2020,2,9,18,15,92,92025,BOURNARD (RUE DU),48.9235947,2.2597262,Plein jour,En agglomération,Intersection en T,Normale,,3,2,4,0,1,1,2,2,1,50,2,3,2,0,0,1,51.0,23.0,voiture,voiture,1,2,3,1,-1
202000038534,2020-02-10 17:12:00,2020,2,10,17,12,92,92032,FOCH MARECHAL (AVENUE DU),48.7936718,2.2974394,Plein jour,En agglomération,Intersection en T,Pluie légère,Sans collision,3,2,3,0,1,2,2,5,6,30,1,2,1,0,0,1,52.0,,voiture,,1,2,3,2,7
202000038535,2020-02-10 19:05:00,2020,2,10,19,5,92,92007,VAILLANT-COUTURIER (AVENU PAUL),48.7903936,2.3145425,Nuit avec éclairage allumé,En agglomération,Hors intersection,Pluie légère,Autre collision,3,3,2,1,1,1,2,9,1,50,1,2,1,0,0,1,28.0,,voiture,,5,2,1,2,6
202000038536,2020-02-10 11:35:00,2020,2,10,11,35,33,33065,ROUTE NATIONALE 230,44.80946,-0.52458,Plein jour,Hors agglomération,Hors intersection,Normale,Deux véhicules - côté,2,3,6,0,1,1,1,0,1,90,2,2,1,0,0,1,30.0,51.0,voiture,utilitaire_camion,1,1,1,1,3
202000038537,2020-02-10 08:40:00,2020,2,10,8,40,33,33075,ROCADE A 630,44.88899,-0.6181,Plein jour,Hors agglomération,Hors intersection,Pluie légère,Deux véhicules - côté,1,3,4,0,1,3,2,0,1,90,2,2,1,0,0,1,34.0,41.0,deux_roues,voiture,1,1,1,2,3
202000038538,2020-02-05 15:10:00,2020,2,5,15,10,59,59431,AUTOROUTE A25,50.6917478,2.8154612,Plein jour,Hors agglomération,Hors intersection,Normale,Autre collision,1,3,4,0,1,1,1,0,1,130,1,1,0,0,0,1,36.0,,voiture,,1,1,1,1,6
202000038539,2020-02-10 13:50:00,2020,2,10,13,50,91,91286,AUTOROUTE A6,48.65698,2.377263,Plein jour,Hors agglomération,Hors intersection,Normale,Trois véhicules et plus - en chaîne,1,3,6,0,1,1,1,8,1,110,3,5,4,0,0,1,40.0,62.0,utilitaire_camion,utilitaire_camion,1,1,1,1,4
202000038540,2020-02-10 18:45:00,2020,2,10,18,45,92,92050,A86,48.9038215,2.2068111,Nuit avec éclairage allumé,Hors agglomération,Hors intersection,Pluie forte,Deux véhicules - arrière,1,3,4,0,1,1,2,0,1,90,2,3,1,0,0,2,21.0,20.0,utilitaire_camion,voiture,5,1,1,3,2
202000038541,2020-02-09 19:30:00,2020,2,9,19,30,93,93053,AUTOROUTE A3,48.8872255,2.4739409,Nuit sans éclairage public,Hors agglomération,Hors intersection,Pluie forte,Deux véhicules - arrière,1,3,9,0,1,3,2,2,1,70,2,1,0,0,0,1,25.0,,voiture,,3,1,1,3,2
202000038542,2020-02-09 09:50:00,2020,2,9,9,50,95,95678,RN 104,49.06949,2.24839,Plein jour,Hors agglomération,Hors intersection,Vent fort / tempête,Deux véhicules - arrière,2,3,4,0,1,2,2,0,1,110,2,2,1,0,0,1,44.0,62.0,utilitaire_camion,voiture,1,1,1,6,2
202000038543,2020-02-09 00:45:00,2020,2,9,0,45,93,93005,AUTOROUTE A1,48.9618,2.467,Nuit sans éclairage public,Hors agglomération,Hors intersection,Normale,Autre collision,1,3,4,0,2,2,2,0,1,50,1,2,1,0,0,1,36.0,,voiture,,3,1,1,1,6
202000038544,2020-02-08 22:45:00,2020,2,8,22,45,95,95277,AUTOROUTE A104,48.9727179,2.485019,Nuit sans éclairage public,Hors agglomération,Hors intersection,Pluie légère,Autre collision,1,1,3,0,2,3,2,3,1,70,1,1,0,0,0,1,27.0,,voiture,,3,1,1,2,6
202000038545,2020-02-08 23:00:00,2020,2,8,23,0,95,95306,AUTOROUTE A15,49.00261,2.17002,Nuit sans éclairage public,Hors agglomération,Hors intersection,Normale,Sans collision,1,3,6,0,1,1,2,0,1,110,1,1,0,0,0,1,22.0,,voiture,,3,1,1,1,7
202000038546,2020-02-10 05:30:00,2020,2,10,5,30,94,94073,A86 EXT,48.7718385,2.3942454,Nuit avec éclairage allumé,Hors agglomération,Hors intersection,Normale,Trois véhicules et plus - en chaîne,1,3,3,0,1,3,2,0,1,70,3,3,2,0,0,1,43.0,42.0,voiture,utilitaire_camion,5,1,1,1,4
202000038547,2020-02-10 08:22:00,2020,2,10,8,22,988,98818,ENTREE LE SURF/PROMENADE ROGER LAROQUE,-22.30318,166.43647,Plein jour,En agglomération,Intersection en T,Pluie légère,Deux véhicules - côté,4,3,4,-1,1,1,2,5,1,-1,2,2,1,0,0,1,65.0,51.0,deux_roues,voiture,1,2,3,2,3
202000038548,2020-02-08 19:50:00,2020,2,8,19,50,988,98818,ROUTE DE L'ANSE VATA/RUE ANGE BERLIOZ,-22.28035,166.44858,Nuit avec éclairage allumé,En agglomération,Intersection en T,Normale,Deux véhicules - côté,4,2,2,0,2,3,1,0,1,50,2,2,1,0,0,1,49.0,30.0,utilitaire_camion,deux_roues,5,2,3,1,3
202000038549,2020-02-09 20:57:00,2020,2,9,20,57,976,97611,kaweni-Poste ( rue de la ),-12.7779,45.22836,Nuit avec éclairage allumé,En agglomération,Intersection en T,Normale,Deux véhicules - côté,2,2,0,0,1,1,1,0,1,50,2,2,1,0,0,1,12.0,32.0,deux_roues,voiture,5,2,3,1,3
202000038550,2020-02-06 14:50:00,2020,2,6,14,50,974,97416,CONCESSION CONDE(CHEMIN),-21.2987,55.49742,Plein jour,Hors agglomération,Autre intersection,Pluie légère,Deux véhicules - côté,4,2,2,0,2,1,2,0,1,50,2,2,1,0,0,1,43.0,49.0,autre,deux_roues,1,1,9,2,3
202000038551,2020-02-09 08:40:00,2020,2,9,8,40,974,97411,PROVIDENCE (BOULEVARD DE LA),-20.89091,55.45315,Plein jour,En agglomération,Hors intersection,Normale,Deux véhicules - arrière,4,-1,2,0,1,1,1,0,1,50,2,2,1,0,0,1,46.0,41.0,utilitaire_camion,voiture,1,2,1,1,2
202000038552,2020-02-09 11:30:00,2020,2,9,11,30,974,97407,ROUTE NATIONALE N° 1,-20.95634,55.31045,Plein jour,Hors agglomération,Autre intersection,Normale,Trois véhicules et plus - en chaîne,2,1,1,0,2,1,1,3,1,70,3,4,3,0,0,1,57.0,32.0,voiture,voiture,1,1,9,1,4
202000038553,2020-02-09 19:30:00,2020,2,9,19,30,69,69388,PIERRE DELORE                       (R ),45.73609,4.8559,Nuit avec éclairage allumé,En agglomération,Hors intersection,Normale,Autre collision,4,3,2,0,1,1,1,0,1,50,1,2,1,0,0,1,31.0,,voiture,,5,2,1,1,6
202000038554,2020-02-09 02:55:00,2020,2,9,2,55,69,69386,JULES FERRY                         (PL),45.76625,4.85924,Nuit avec éclairage allumé,En agglomération,Intersection en X,Normale,Deux véhicules - côté,4,2,4,3,1,1,1,0,1,50,2,3,1,0,0,2,25.0,29.0,voiture,voiture,5,2,2,1,3
202000038555,2020-02-08 22:00:00,2020,2,8,22,0,69,69384,ESSES (DES)                         (MO),45.7731819,4.8154128,Nuit avec éclairage allumé,En agglomération,Hors intersection,Normale,Autre collision,4,2,3,1,2,2,1,0,5,50,1,3,2,0,0,1,31.0,,voiture,,5,2,1,1,6
202000038556,2020-02-09 14:55:00,2020,2,9,14,55,69,69034,ARISTIDE BRIAND                     (CO),45.783,4.8441,Plein jour,En agglomération,Hors intersection,Normale,Deux véhicules - frontale,4,2,2,0,1,1,1,9,1,50,2,3,2,0,0,1,77.0,41.0,deux_roues,deux_roues,1,2,1,1,1
202000038557,2020-02-08 11:50:00,2020,2,8,11,50,69,69381,CROIX ROUSSE (DE LA)                (BD),45.77417,4.82923,Plein jour,En agglomération,Autre intersection,Normale,Autre collision,4,-1,2,0,1,1,1,0,1,30,1,1,0,0,0,1,,,,,1,2,9,1,6
202000038558,2020-02-09 10:00:00,2020,2,9,10,0,69,69034,GENERAL LECLERC                     (AV),45.8037,4.8611,Plein jour,En agglomération,Hors intersection,Normale,Deux véhicules - côté,4,2,3,3,2,1,1,0,1,50,2,2,1,0,0,1,69.0,36.0,voiture,deux_roues,1,2,1,1,3
202000038559,2020-02-07 15:00:00,2020,2,7,15,0,78,78517,RN 10,48.67427,1.83993,Plein jour,Hors agglomération,Hors intersection,Normale,Deux véhicules - arrière,2,3,2,0,1,1,1,0,1,90,2,2,1,0,1,0,23.0,36.0,voiture,voiture,1,1,1,1,2
202000038560,2020-02-09 06:05:00,2020,2,9,6,5,77,77293,HAUTE (RUE) - D29,48.36119,3.084319,Nuit avec éclairage allumé,En agglomération,Hors intersection,Normale,Autre collision,3,2,2,0,1,1,1,0,1,50,1,4,1,0,1,2,24.0,,voiture,,5,2,1,1,6
202000038561,2020-01-20 09:50:00,2020,1,20,9,50,73,73008,GARIBALDI BOULEVARD A PARTIR DU CHEMIN D,45.6969264,5.8954781,Plein jour,En agglomération,Hors intersection,Normale,Autre collision,4,2,2,2,1,3,1,-1,1,50,1,2,1,0,1,0,58.0,,utilitaire_camion,,1,2,1,1,6
202000038562,2020-02-09 14:30:00,2020,2,9,14,30,65,65100,BOURS (ROUTE DE),43.268039,0.076467,Plein jour,Hors agglomération,Intersection en T,Normale,Deux véhicules - côté,3,2,2,0,1,1,1,0,1,80,2,2,1,0,1,0,16.0,48.0,deux_roues,voiture,1,1,3,1,3
202000038563,2020-02-09 14:45:00,2020,2,9,14,45,64,64189,ANTHONIOZ DE GAULLE GENEVIEVE (AVENUE),43.38324,-1.6667,Plein jour,En agglomération,Hors intersection,Normale,Deux véhicules - frontale,3,2,3,0,3,1,1,2,1,50,2,3,0,0,0,3,75.0,28.0,voiture,voiture,1,2,1,1,1
202000038564,2020-02-09 06:00:00,2020,2,9,6,0,64,64024,BAB (BOULEVARD DU),43.49058,-1.53366,Nuit avec éclairage allumé,En agglomération,Hors intersection,Normale,Deux véhicules - frontale,4,2,4,0,1,1,1,0,1,50,2,2,1,0,0,1,27.0,16.0,voiture,voiture,5,2,1,1,1
202000038565,2020-02-09 05:30:00,2020,2,9,5,30,51,51454,Avenue d’Epernay,49.2449802,4.0125117,Nuit avec éclairage allumé,En agglomération,Hors intersection,Normale,Deux véhicules - arrière,4,2,2,0,2,1,1,0,3,50,2,2,1,0,0,1,48.0,23.0,utilitaire_camion,voiture,5,2,1,1,2
202000038566,2020-02-09 03:00:00,2020,2,9,3,0,37,37122,ROUTE DE SAVONNIERES,47.367819,0.6448085,Nuit sans éclairage public,En agglomération,Hors intersection,Normale,Autre collision,3,2,2,0,1,2,2,0,3,70,1,2,0,0,1,1,34.0,,voiture,,3,2,1,1,6
202000038567,2020-02-09 21:00:00,2020,2,9,21,0,37,37261,HEURTELOUP (BOULEVARD),47.3927571,0.7011246,Nuit avec éclairage allumé,En agglomération,Intersection en X,Vent fort / tempête,Deux véhicules - côté,4,1,3,0,1,1,2,5,1,50,2,2,1,0,0,1,54.0,21.0,voiture,voiture,5,2,2,6,3
202000038568,2020-02-08 11:25:00,2020,2,8,11,25,34,34172,ASSAS (AVENUE D'),43.61512,3.86396,Plein jour,En agglomération,Hors intersection,Pluie légère,,4,2,2,0,1,1,2,0,1,50,2,2,1,0,0,1,39.0,33.0,deux_roues,voiture,1,2,1,2,-1
202000038569,2020-02-09 13:20:00,2020,2,9,13,20,33,33119,AVE CARNOT / AVE RENE CASSAGNE,44.86565,-0.51385,Plein jour,En agglomération,Giratoire,Normale,Trois véhicules et plus - collisions multiples,4,3,6,2,1,1,1,5,1,50,3,5,2,0,0,3,31.0,38.0,utilitaire_camion,voiture,1,2,6,1,5
202000038570,2020-02-09 12:30:00,2020,2,9,12,30,33,33063,Quai de Bacalan,44.85674,-0.5616,Plein jour,En agglomération,Passage à niveau,Normale,Deux véhicules - côté,4,3,8,3,1,1,1,4,6,50,2,2,1,1,0,0,53.0,52.0,deux_roues,transport_commun,1,2,8,1,3
202000038571,2020-02-09 19:55:00,2020,2,9,19,55,33,33009,RD217E1 / Avenue du Golf,44.64607,-1.1899,Nuit sans éclairage public,En agglomération,Giratoire,Normale,Autre collision,3,2,2,0,1,2,1,0,4,50,1,1,0,0,0,1,42.0,,deux_roues,,3,2,6,1,6
202000038572,2020-02-08 18:25:00,2020,2,8,18,25,33,33529,PYLA (BD DU),44.63356,-1.17132,Nuit sans éclairage public,En agglomération,Hors intersection,Pluie légère,Deux véhicules - arrière,3,2,2,0,1,1,2,0,1,50,2,2,1,0,0,1,50.0,21.0,voiture,voiture,3,2,1,2,2
202000038573,2020-02-08 20:38:00,2020,2,8,20,38,32,32013,SADI-CARNOT (BOULEVARD),43.64764,0.58874,Nuit avec éclairage allumé,En agglomération,Hors intersection,Normale,Deux véhicules - arrière,2,1,2,0,1,1,1,0,1,50,2,3,1,0,0,2,25.0,22.0,voiture,voiture,5,2,1,1,2
202000038574,2020-02-09 17:03:00,2020,2,9,17,3,29,29232,Vieille Route de Rosporden,47.98609,-4.05371,Plein jour,En agglomération,Hors intersection,Pluie légère,Autre collision,4,2,3,1,1,1,2,9,5,50,1,1,0,0,0,1,25.0,,utilitaire_camion,,1,2,1,2,6