accident_id,datetime,annee,mois,jour,heure,minute,departement,commune_insee,adresse,latitude,longitude,luminosite,agglomeration,intersection,meteo,collision,catr,circ,nbv,vosp,prof,plan,surf,infra,situ,vma,nb_vehicules,nb_usagers,nb_indemnes,nb_tues,nb_blesses_hosp,nb_blesses_legers,age_cond_1,age_cond_2,veh_type_cond_1,veh_type_cond_2,lum_code,agg_code,int_code,atm_code,col_code
202000038848,2020-01-08 18:10:00,2020,1,8,18,10,85,85109,Avenue de l'Europe,46.883767,-1.026795,Nuit sans éclairage public,Hors agglomération,Intersection en T,Pluie légère,Deux véhicules - arrière,3,2,2,0,1,1,2,0,1,70,2,2,1,0,0,1,83.0,58.0,voiture,deux_roues,3,1,3,2,2
202000038849,2020-01-08 19:40:00,2020,1,8,19,40,62,62036,634 Rue d'Heuchin,50.453344,2.262878,Nuit avec éclairage allumé,En agglomération,Hors intersection,Pluie légère,Autre collision,3,2,2,0,1,1,2,0,3,50,1,1,0,0,1,0,36.0,,voiture,,5,2,1,2,6
202000038850,2020-01-08 20:25:00,2020,1,8,20,25,59,59335,Rue Paul Davaine,50.479525,3.409633,Nuit avec éclairage allumé,En agglomération,Intersection en X,Pluie légère,Deux véhicules - côté,4,2,2,0,1,1,2,0,1,50,2,2,1,0,1,0,27.0,60.0,voiture,voiture,5,2,2,2,3
202000038851,2020-01-08 12:20:00,2020,1,8,12,20,56,56137,Lieu dit Calan,47.749176,-2.691276,Plein jour,Hors agglomération,Hors intersection,Pluie légère,Sans collision,3,2,2,0,1,3,2,0,1,80,1,1,0,0,1,0,41.0,,voiture,,1,1,1,2,7
202000038852,2020-01-08 10:00:00,2020,1,8,10,0,79,79196,Place des Marronniers,46.951604,-0.081394,Plein jour,En agglomération,Hors intersection,Normale,Autre collision,3,2,2,0,1,1,1,0,1,50,1,2,1,0,1,0,41.0,,voiture,,1,2,1,1,6
202000038853,2020-01-09 17:20:00,2020,1,9,17,20,80,80832,D941,50.167106,2.011957,Nuit sans éclairage public,Hors agglomération,Intersection en X,Pluie légère,Deux véhicules - côté,3,2,2,0,1,1,2,5,1,80,2,2,1,1,0,0,32.0,26.0,voiture,voiture,3,1,2,2,3
202000038854,2020-01-09 14:58:00,2020,1,9,14,58,11,11024,D6009,43.115091,2.950974,Plein jour,Hors agglomération,Hors intersection,Normale,Trois véhicules et plus - en chaîne,3,2,2,0,1,1,1,0,1,80,3,5,1,0,2,2,72.0,58.0,voiture,voiture,1,1,1,1,4
202000038855,2020-01-08 18:20:00,2020,1,8,18,20,71,71190,Rue Roger Salengro,46.9910467,4.513089,Nuit avec éclairage allumé,En agglomération,Hors intersection,Temps couvert,Autre collision,4,1,1,0,4,1,1,0,1,50,1,1,0,0,0,1,,,,,5,2,1,8,6
202000038856,2020-01-05 15:00:00,2020,1,5,15,0,61,61486,D22,48.732087,-0.706309,Plein jour,Hors agglomération,Hors intersection,Normale,Autre collision,3,2,2,0,2,2,1,0,3,80,1,1,0,1,0,0,82.0,,voiture,,1,1,1,1,6
202000038857,2020-01-07 07:35:00,2020,1,7,7,35,25,25440,D41,47.000846,6.306968,Crépuscule ou aube,Hors agglomération,Hors intersection,Normale,Trois véhicules et plus - collisions multiples,3,2,2,0,4,4,7,0,1,80,4,4,2,0,2,0,33.0,39.0,utilitaire_camion,voiture,2,1,1,1,5
202000038858,2020-01-08 16:35:00,2020,1,8,16,35,44,44072,D83,47.4084207,-2.3551189,Plein jour,Hors agglomération,Hors intersection,Pluie légère,Autre collision,3,2,2,0,2,2,2,0,3,80,1,1,0,0,0,1,34.0,,voiture,,1,1,1,2,6
202000038859,2020-01-08 18:30:00,2020,1,8,18,30,29,29146,N165,47.9050269,-3.8470094,Nuit sans éclairage public,Hors agglomération,Hors intersection,Pluie légère,Deux véhicules - arrière,2,1,4,0,1,1,2,0,1,110,2,2,1,0,0,1,44.0,24.0,voiture,voiture,3,1,1,2,2
202000038860,2020-01-08 21:10:00,2020,1,8,21,10,29,29172,6 Route de Ploeven,48.176726,-4.228363,Nuit avec éclairage allumé,En agglomération,Hors intersection,Temps couvert,Autre collision,3,2,2,0,1,1,2,0,4,50,1,1,0,0,1,0,31.0,,voiture,,5,2,1,8,6
202000038861,2020-01-08 19:00:00,2020,1,8,19,0,31,31345,Route des Pyrénées,43.364406,1.420786,Nuit sans éclairage public,Hors agglomération,Hors intersection,Normale,Sans collision,3,2,2,0,1,1,1,0,3,80,1,1,0,0,1,0,29.0,,deux_roues,,3,1,1,1,7
202000038862,2020-01-08 14:45:00,2020,1,8,14,45,03,03200,La plaine Fragny,46.5644792,3.3000155,Plein jour,Hors agglomération,Hors intersection,Normale,Trois véhicules et plus - en chaîne,3,2,2,0,1,1,2,0,1,80,3,3,1,0,1,1,36.0,46.0,utilitaire_camion,voiture,1,1,1,1,4
202000038863,2020-01-08 16:00:00,2020,1,8,16,0,06,06079,335 Avenue de Cannes,43.542944,6.936964,Plein jour,En agglomération,Hors intersection,Normale,Deux véhicules - côté,3,2,2,0,1,1,1,0,1,50,2,2,1,0,0,1,63.0,17.0,voiture,deux_roues,1,2,1,1,3
202000038864,2020-01-07 21:45:00,2020,1,7,21,45,09,09131,Garanou,42.766703,1.744502,Nuit sans éclairage public,Hors agglomération,Hors intersection,Autre,Sans collision,2,2,2,0,1,3,2,0,3,80,1,1,0,0,1,0,30.0,,voiture,,3,1,1,9,7
202000038865,2020-01-09 19:30:00,2020,1,9,19,30,60,60604,D315,49.696821,1.864183,Nuit sans éclairage public,Hors agglomération,Hors intersection,Normale,Deux véhicules - frontale,3,2,2,0,1,2,2,0,1,70,2,2,0,1,0,1,52.0,43.0,voiture,voiture,3,1,1,1,1
202000038866,2020-01-09 08:50:00,2020,1,9,8,50,64,64493,Avenue Frederic de Saint Jaymes,43.327127,-1.032401,Plein jour,En agglomération,Hors intersection,Temps éblouissant,Autre collision,3,2,2,0,1,1,1,0,1,50,1,2,1,0,1,0,19.0,,voiture,,1,2,1,7,6
202000038867,2020-01-07 20:15:00,2020,1,7,20,15,07,07082,RD 578,44.86519,4.361841,Nuit sans éclairage public,Hors agglomération,Hors intersection,Temps couvert,Autre collision,3,2,2,0,2,1,2,0,1,80,1,1,0,0,1,0,22.0,,voiture,,3,1,1,8,6
202000038868,2020-01-08 17:30:00,2020,1,8,17,30,85,85020,départementale 25,46.34766,-0.63292,Nuit sans éclairage public,Hors agglomération,Hors intersection,Pluie légère,Deux véhicules - frontale,3,2,2,0,1,1,2,0,1,80,2,2,0,0,2,0,48.0,36.0,voiture,voiture,3,1,1,2,1
202000038869,2020-01-09 15:45:00,2020,1,9,15,45,37,37272,La Févraie,47.3330224,0.4977031,Plein jour,Hors agglomération,Hors intersection,Pluie légère,Autre collision,4,2,2,0,1,2,2,0,8,70,1,1,0,0,1,0,59.0,,voiture,,1,1,1,2,6
202000038870,2020-01-09 09:10:00,2020,1,9,9,10,48,48009,RD 809,44.68815,3.280328,Plein jour,Hors agglomération,Hors intersection,Normale,Sans collision,3,2,2,0,1,3,1,0,8,80,1,1,0,0,1,0,23.0,,voiture,,1,1,1,1,7
202000038871,2020-01-08 20:10:00,2020,1,8,20,10,31,31107,20 Chemin du Bois de Bony,43.321312,1.220108,Nuit sans éclairage public,Hors agglomération,Hors intersection,Normale,Deux véhicules - arrière,1,3,4,0,1,1,1,0,1,130,2,4,0,0,1,3,71.0,37.0,voiture,voiture,3,1,1,1,2
202000038872,2020-01-06 18:00:00,2020,1,6,18,0,34,34294,Autoroute A9 pk 78.000 sens 2,43.708271,4.124003,Nuit sans éclairage public,Hors agglomération,Hors intersection,Normale,Trois véhicules et plus - collisions multiples,1,2,3,0,1,1,1,0,1,130,3,3,2,0,1,0,23.0,51.0,voiture,voiture,3,1,1,1,5
202000038873,2020-01-08 20:10:00,2020,1,8,20,10,987,98733,RT 1,-17.692301,-149.583759,Nuit avec éclairage allumé,Hors agglomération,Hors intersection,Temps couvert,Deux véhicules - côté,2,2,2,0,1,1,2,0,1,60,2,3,1,1,1,0,27.0,34.0,deux_roues,voiture,5,1,1,8,3
202000038874,2020-01-01 22:30:00,2020,1,1,22,30,988,98815,C.R.2,-21.575172,168.085136,Nuit sans éclairage public,En agglomération,Intersection en T,Normale,Autre collision,4,2,2,0,1,1,1,0,1,50,1,3,2,0,1,0,37.0,,voiture,,3,2,3,1,6
202000038875,2020-01-08 16:45:00,2020,1,8,16,45,988,98832,Route de Yaté,-22.15286,166.83759,Plein jour,Hors agglomération,Hors intersection,Normale,Autre collision,3,2,2,0,1,2,1,0,3,90,1,2,1,0,1,0,28.0,,deux_roues,,1,1,1,1,6
202000038876,2020-01-08 17:40:00,2020,1,8,17,40,971,97104,49 Chemin de Montval,16.049358,-61.732128,Crépuscule ou aube,Hors agglomération,Hors intersection,Normale,Deux véhicules - frontale,3,2,2,0,3,3,1,0,1,80,2,3,1,0,2,0,20.0,46.0,deux_roues,voiture,2,1,1,1,1
202000038877,2020-01-09 17:50:00,2020,1,9,17,50,77,77264,Route de Coulommiers - RD402,48.71868,2.965308,Nuit sans éclairage public,Hors agglomération,Hors intersection,Pluie légère,Deux véhicules - frontale,3,2,2,0,1,1,2,0,1,80,2,2,1,1,0,0,48.0,70.0,voiture,utilitaire_camion,3,1,1,2,1
202000038878,2020-05-28 15:20:00,2020,5,28,15,20,33,33366,AUTOROUTE A 10,44.99687,-0.42673,Plein jour,Hors agglomération,Hors intersection,Normale,Trois véhicules et plus - collisions multiples,1,3,3,0,1,1,1,0,1,130,4,10,6,0,0,4,40.0,39.0,utilitaire_camion,voiture,1,1,1,1,5
202000038879,2020-05-28 20:10:00,2020,5,28,20,10,59,59350,ROUTE NATIONALE 356,50.638059,3.089657,Plein jour,Hors agglomération,Hors intersection,Normale,Deux véhicules - arrière,2,3,3,0,1,1,1,0,1,90,2,2,1,0,1,0,22.0,44.0,deux_roues,voiture,1,1,1,1,2
202000038880,2020-05-29 18:50:00,2020,5,29,18,50,92,92050,A86,48.90249,2.204274,Plein jour,Hors agglomération,Hors intersection,Normale,Sans collision,1,1,2,0,1,3,1,1,1,70,1,2,1,0,0,1,29.0,,deux_roues,,1,1,1,1,7
202000038881,2020-05-28 20:40:00,2020,5,28,20,40,78,78043,A12 Y,48.834664,2.086848,Crépuscule ou aube,Hors agglomération,Hors intersection,Normale,Deux véhicules - côté,1,1,4,0,1,1,1,0,1,110,2,3,0,0,0,3,27.0,54.0,voiture,voiture,2,1,1,1,3
202000038882,2020-05-27 20:15:00,2020,5,27,20,15,78,78007,A13 Y,48.894688,2.007561,Plein jour,Hors agglomération,Autre intersection,Normale,Autre collision,1,3,2,0,2,1,1,0,3,110,1,1,0,0,0,1,27.0,,voiture,,1,1,9,1,6
202000038883,2020-05-29 09:15:00,2020,5,29,9,15,95,95212,AUTOROUTE A1,49.02486,2.53584,Plein jour,Hors agglomération,Hors intersection,Normale,Trois véhicules et plus - en chaîne,1,3,3,0,1,1,1,2,1,70,3,3,2,0,0,1,21.0,31.0,voiture,voiture,1,1,1,1,4
202000038884,2020-05-28 18:00:00,2020,5,28,18,0,95,95277, A3,48.9738,2.48837,Plein jour,Hors agglomération,Hors intersection,Normale,Deux véhicules - côté,1,3,2,0,1,1,1,0,1,90,2,2,1,0,1,0,37.0,29.0,deux_roues,utilitaire_camion,1,1,1,1,3
202000038885,2020-05-28 10:20:00,2020,5,28,10,20,95,95277, A3,48.97381,2.488371,Plein jour,Hors agglomération,Hors intersection,Normale,Trois véhicules et plus - collisions multiples,1,3,2,0,1,1,1,0,1,90,4,3,2,0,0,1,40.0,22.0,voiture,deux_roues,1,1,1,1,5
202000038886,2020-05-27 23:00:00,2020,5,27,23,0,95,95252, A15,48.97819,2.23151,Nuit sans éclairage public,Hors agglomération,Hors intersection,Normale,Trois véhicules et plus - en chaîne,1,3,4,0,1,1,1,0,1,110,3,2,1,0,0,1,37.0,19.0,voiture,deux_roues,3,1,1,1,4
202000038887,2020-05-22 08:45:00,2020,5,22,8,45,988,98818,PROMENADE ROGER LAROQUE/ANSE-VATA,-22.30292,166.44514,Plein jour,En agglomération,Intersection en T,Normale,Deux véhicules - arrière,4,3,2,0,1,1,1,5,1,30,2,2,1,0,0,1,74.0,66.0,deux_roues,deux_roues,1,2,3,1,2
202000038888,2020-05-28 15:20:00,2020,5,28,15,20,974,97411,BALSAMINES (ALLEE DES),-20.9167,55.4876,Plein jour,En agglomération,Hors intersection,Normale,Autre collision,4,1,1,0,2,2,1,0,1,30,1,2,1,0,0,1,30.0,,deux_roues,,1,2,1,1,6
202000038889,2020-05-28 15:08:00,2020,5,28,15,8,973,97302,BADUEL (ROUTE DE),4.9287882,-52.2947502,Plein jour,En agglomération,Hors intersection,Normale,Deux véhicules - côté,3,2,2,0,1,1,2,0,1,30,2,2,1,0,0,1,46.0,29.0,utilitaire_camion,deux_roues,1,2,1,1,3
202000038890,2020-05-22 12:10:00,2020,5,22,12,10,69,69034,VERNAY (DU)                         (MO),45.8122,4.8508,Plein jour,Hors agglomération,Hors intersection,Normale,Sans collision,4,2,2,0,2,1,1,0,1,50,1,1,0,0,0,1,38.0,,deux_roues,,1,1,1,1,7
202000038891,2020-05-28 06:25:00,2020,5,28,6,25,971,97120,BD LEGITIMUS,16.24435,-61.534384,Plein jour,En agglomération,Hors intersection,Normale,Autre collision,4,3,2,0,1,1,1,9,1,50,1,1,0,0,1,0,63.0,,deux_roues,,1,2,1,1,6
202000038892,2020-05-27 18:45:00,2020,5,27,18,45,95,95424,HAUTES BORNES(IMPASSE DES),49.00159,2.21314,Plein jour,En agglomération,Passage à niveau,Normale,Deux véhicules - côté,4,-1,0,0,1,1,1,4,6,50,2,2,1,1,0,0,39.0,19.0,transport_commun,deux_roues,1,2,8,1,3
202000038893,2020-05-28 10:00:00,2020,5,28,10,0,95,95127,PRIEURE (RUE DU),49.03359,2.06927,Plein jour,En agglomération,Hors intersection,Normale,Autre collision,4,2,2,0,1,1,1,0,1,30,1,2,1,0,0,1,24.0,,utilitaire_camion,,1,2,1,1,6
202000038894,2020-05-28 16:50:00,2020,5,28,16,50,91,91174,JEAN JAURES (BOULEVARD),48.60681,2.46577,Plein jour,En agglomération,Hors intersection,Normale,Deux véhicules - arrière,2,2,3,0,2,1,1,0,1,50,2,2,1,0,0,1,24.0,29.0,voiture,deux_roues,1,2,1,1,2
202000038895,2020-05-28 14:40:00,2020,5,28,14,40,91,91174,MAURICE RIQUIEZ (QUAI),48.61248,2.487,Plein jour,En agglomération,Hors intersection,Normale,Deux véhicules - arrière,4,2,2,0,1,1,1,0,1,50,2,3,2,0,0,1,19.0,41.0,voiture,utilitaire_camion,1,2,1,1,2
202000038896,2020-05-27 17:40:00,2020,5,27,17,40,88,88413,RUE DES 3 VILLES,48.29023,6.94328,Plein jour,En agglomération,Hors intersection,Normale,Sans collision,4,2,-1,0,1,1,1,0,1,50,1,2,1,0,1,0,84.0,,autre,,1,2,1,1,7
202000038897,2020-05-28 08:17:00,2020,5,28,8,17,87,87065,TOULOUSE (RUE DE),45.80397,1.29177,Plein jour,En agglomération,Giratoire,Normale,Deux véhicules - côté,3,2,2,0,1,2,1,5,1,50,2,2,1,0,1,0,41.0,32.0,deux_roues,voiture,1,2,6,1,3
202000038898,2020-05-27 07:30:00,2020,5,27,7,30,85,85194,Place de Strasbourg,46.49051,-1.77276,Plein jour,En agglomération,Giratoire,Normale,Deux véhicules - arrière,4,1,1,0,1,2,1,0,1,50,2,1,0,0,1,0,71.0,,deux_roues,,1,2,6,1,2
202000038899,2020-05-28 04:40:00,2020,5,28,4,40,80,80256,LOUIS PASTEUR (AVENUE),49.91502,2.23153,Nuit avec éclairage allumé,En agglomération,Hors intersection,Normale,Autre collision,4,2,2,0,1,1,1,0,1,50,1,2,0,0,0,2,19.0,,voiture,,5,2,1,1,6
202000038900,2020-05-28 14:10:00,2020,5,28,14,10,80,80001,ROUEN (de),50.09648,1.82901,Plein jour,En agglomération,Hors intersection,Normale,Deux véhicules - côté,4,2,2,0,1,1,1,0,1,50,2,2,1,0,1,0,68.0,17.0,voiture,deux_roues,1,2,1,1,3
202000038901,2020-05-28 14:10:00,2020,5,28,14,10,78,78146,JULES FERRY (RUE),48.9043,2.1426,Plein jour,En agglomération,Intersection en X,Normale,Deux véhicules - arrière,3,2,-1,-1,1,1,1,5,1,-1,2,3,2,0,1,0,45.0,74.0,deux_roues,voiture,1,2,2,1,2
202000038902,2020-05-27 21:20:00,2020,5,27,21,20,76,76351,BOIS AU COQ (AVENUE),49.5185,0.1167,Plein jour,En agglomération,Intersection en X,Normale,Deux véhicules - côté,4,3,0,0,1,1,1,0,1,50,2,6,0,0,0,6,20.0,32.0,voiture,voiture,1,2,2,1,3
202000038903,2020-05-28 20:25:00,2020,5,28,20,25,73,73008,D991 GOLF AVENUE DU,45.6693269,5.9085203,Crépuscule ou aube,En agglomération,Intersection en T,Temps éblouissant,Deux véhicules - côté,3,2,2,2,1,1,1,0,1,50,2,2,1,0,1,0,44.0,45.0,voiture,deux_roues,2,2,3,7,3
202000038904,2020-05-28 16:45:00,2020,5,28,16,45,69,69266,LAURENT BONNEVAY    (Boulevard),45.7849,4.8675,Plein jour,Hors agglomération,Hors intersection,Temps éblouissant,Deux véhicules - côté,4,1,3,0,1,1,1,6,1,70,2,2,0,0,1,1,65.0,36.0,deux_roues,deux_roues,1,1,1,7,3
202000038905,2020-05-26 16:30:00,2020,5,26,16,30,69,69256,MAURICE THOREZ                      (AV),45.7817,4.9133,Plein jour,En agglomération,Hors intersection,Normale,,4,2,2,0,1,1,1,0,1,50,3,2,1,0,1,0,28.0,19.0,voiture,deux_roues,1,2,1,1,-1
202000038906,2020-05-28 04:40:00,2020,5,28,4,40,69,69264,BRAUN THEODORE  AV,45.97968,4.73948,Nuit avec éclairage allumé,En agglomération,Intersection en T,Normale,Deux véhicules - frontale,3,2,2,0,1,1,1,0,1,50,2,2,1,0,1,0,44.0,26.0,deux_roues,voiture,5,2,3,1,1
202000038907,2020-05-27 21:00:00,2020,5,27,21,0,67,67204,RAYMOND POINCARE (RUE),48.6266,7.75002,Crépuscule ou aube,En agglomération,Hors intersection,Normale,Autre collision,4,1,1,0,2,1,1,0,1,50,1,1,0,0,0,1,22.0,,deux_roues,,2,2,1,1,6
202000038908,2020-05-27 21:00:00,2020,5,27,21,0,66,66136,Départementale  617,42.71072,2.97231,Crépuscule ou aube,Hors agglomération,Hors intersection,Normale,Autre collision,4,2,4,0,1,1,1,0,1,110,1,2,0,0,0,2,51.0,,voiture,,2,1,1,1,6
202000038909,2020-05-28 18:20:00,2020,5,28,18,20,65,65440,GARIGLIANO (BOULEVARD),43.24573,0.06343,Plein jour,En agglomération,Hors intersection,Normale,Deux véhicules - côté,4,2,2,1,1,1,1,0,1,30,2,2,0,0,1,1,37.0,50.0,deux_roues,voiture,1,2,1,1,3
202000038910,2020-05-27 08:10:00,2020,5,27,8,10,64,64445,HONORE BARADAT,43.30501,-0.36444,Plein jour,En agglomération,Intersection en T,Normale,Deux véhicules - côté,4,2,2,0,1,1,1,0,1,30,2,2,1,0,0,1,57.0,64.0,deux_roues,voiture,1,2,3,1,3
202000038911,2020-05-27 12:00:00,2020,5,27,12,0,63,63164,CEBAZAT (ROUTE DE),45.8242089,3.1332788,Plein jour,Hors agglomération,Hors intersection,Normale,Deux véhicules - côté,7,2,2,2,1,1,1,0,1,80,2,2,1,1,0,0,42.0,71.0,utilitaire_camion,deux_roues,1,1,1,1,3
202000038912,2020-05-22 16:00:00,2020,5,22,16,0,62,62667,LYAUTEY (Bld),50.7105549,1.5766186,Plein jour,En agglomération,Intersection en X,Normale,Deux véhicules - côté,4,-1,2,0,1,1,1,0,1,50,2,3,2,0,0,1,83.0,83.0,voiture,deux_roues,1,2,2,1,3
202000038913,2020-05-27 19:00:00,2020,5,27,19,0,61,61143,PRINCIPALE (RUE),48.443271,0.071911,Plein jour,En agglomération,Hors intersection,Normale,Deux véhicules - côté,3,2,2,0,1,1,1,0,1,30,2,3,1,0,1,1,18.0,52.0,deux_roues,voiture,1,2,1,1,3
202000038914,2020-05-28 08:39:00,2020,5,28,8,39,60,60057,BINET  (RUE),49.42195,2.07956,Plein jour,En agglomération,Intersection en X,Normale,Deux véhicules - frontale,4,2,2,0,2,1,1,0,1,50,2,2,1,1,0,0,53.0,24.0,utilitaire_camion,deux_roues,1,2,2,1,1
202000038915,2020-05-26 15:55:00,2020,5,26,15,55,55,55302,AVENUE DE LA GRANDE TERRE,48.7545194,5.19846,Plein jour,En agglomération,Hors intersection,Normale,Deux véhicules - côté,4,2,2,0,2,1,1,0,1,30,2,2,1,0,1,0,63.0,25.0,voiture,deux_roues,1,2,1,1,3
202000038916,2020-03-05 17:44:00,2020,3,5,17,44,54,54525,DEPARTEMENTAL 27A (CHEMIN),49.45065,5.88371,Plein jour,Hors agglomération,Hors intersection,Pluie légère,Deux véhicules - frontale,3,2,2,0,2,1,3,0,1,80,2,2,0,0,2,0,58.0,22.0,voiture,voiture,1,1,1,2,1
202000038917,2020-05-27 10:05:00,2020,5,27,10,5,54,54578,LECLERC (AVENUE DU GENERAL),48.6745267,6.1510912,Plein jour,En agglomération,Intersection en X,Normale,Deux véhicules - côté,4,2,3,0,1,1,1,0,1,50,2,2,1,0,0,1,41.0,38.0,voiture,voiture,1,2,2,1,3
202000038918,2020-05-28 09:45:00,2020,5,28,9,45,53,53130,BAS DES BOIS ( RUE DU ),48.0587,-0.76244,Plein jour,En agglomération,Hors intersection,Normale,Autre collision,4,2,2,0,1,1,1,0,1,50,1,2,1,0,1,0,83.0,,voiture,,1,2,1,1,6
202000038919,2020-05-27 11:45:00,2020,5,27,11,45,49,49007,MONTAIGNE AVENUE,47.46936,-0.53339,Plein jour,En agglomération,Hors intersection,Normale,Deux véhicules - côté,4,2,2,0,1,1,1,0,1,60,2,4,2,0,0,2,37.0,51.0,voiture,voiture,1,2,1,1,3
202000038920,2020-05-27 07:53:00,2020,5,27,7,53,49,49353,MOULIN AVENUE,47.4434,-0.48857,Plein jour,En agglomération,Hors intersection,Normale,Deux véhicules - côté,4,2,2,0,1,1,1,0,1,60,2,2,1,0,0,1,45.0,36.0,voiture,voiture,1,2,1,1,3
202000038921,2020-05-28 21:40:00,2020,5,28,21,40,41,41269,FATON (RUE DU DOCTEUR),47.79542,1.07466,Plein jour,En agglomération,Autre intersection,Normale,Deux véhicules - côté,2,3,4,0,1,1,1,0,1,70,2,3,0,0,0,3,21.0,21.0,voiture,voiture,1,2,9,1,3
202000038922,2020-05-28 16:25:00,2020,5,28,16,25,37,37261,PIERRE (RUE DE LA),47.4057221,0.6832265,Plein jour,En agglomération,Hors intersection,Normale,Autre collision,4,1,1,0,2,1,1,0,1,50,1,1,0,0,0,1,41.0,,voiture,,1,2,1,1,6
202000038923,2020-05-28 13:45:00,2020,5,28,13,45,35,35238,PAVIE (AUGUSTE),48.10499,-1.64171,Plein jour,En agglomération,Hors intersection,Normale,Autre collision,4,2,2,1,1,3,1,0,1,50,1,1,0,0,0,1,20.0,,deux_roues,,1,2,1,1,6
202000038924,2020-05-28 12:20:00,2020,5,28,12,20,34,34108,RD 612,43.44807,3.76222,Plein jour,Hors agglomération,Hors intersection,Normale,Deux véhicules - côté,3,2,2,0,1,1,1,0,1,80,2,2,1,0,1,0,24.0,34.0,voiture,deux_roues,1,1,1,1,3
202000038925,2020-05-28 08:45:00,2020,5,28,8,45,34,34172,MOULIN DE SEMALEN (RUE DU),43.6125,3.89382,Plein jour,En agglomération,Hors intersection,Normale,Deux véhicules - côté,4,2,2,0,1,1,1,0,1,50,2,2,1,0,0,1,39.0,27.0,deux_roues,utilitaire_camion,1,2,1,1,3
202000038926,2020-05-27 08:10:00,2020,5,27,8,10,34,34172,MAS D'ASTRE (ROND-POINT DU),43.57489,3.85993,Plein jour,En agglomération,Giratoire,Normale,Deux véhicules - arrière,4,1,2,0,1,2,1,5,1,50,2,2,1,0,0,1,57.0,39.0,voiture,deux_roues,1,2,6,1,2
202000038927,2020-05-13 11:45:00,2020,5,13,11,45,33,33063,PCE NANSOUTY / CRS DE LA SOMME,44.82021,-0.57237,Plein jour,En agglomération,Intersection en Y,Pluie légère,Autre collision,4,2,2,0,1,1,2,0,1,50,1,2,1,0,0,1,27.0,,voiture,,1,2,4,2,6
202000038928,2020-05-27 14:30:00,2020,5,27,14,30,31,31555,VA007553 A61,43.56133,1.49393,Plein jour,Hors agglomération,Hors intersection,Normale,Deux véhicules - côté,1,3,4,0,1,1,1,0,1,90,2,2,1,0,0,1,45.0,63.0,voiture,deux_roues,1,1,1,1,3
202000038929,2020-05-25 13:40:00,2020,5,25,13,40,31,31555,A624 (PURPAN),43.61034,1.37487,Plein jour,Hors agglomération,Hors intersection,Normale,Sans collision,1,3,6,0,1,1,1,0,1,90,1,1,0,0,0,1,21.0,,voiture,,1,1,1,1,7
202000038930,2020-05-28 20:38:00,2020,5,28,20,38,30,30189,RICHELIEU (RUE),43.84028,4.36665,Plein jour,En agglomération,Intersection en X,Normale,Deux véhicules - côté,4,1,1,0,1,1,1,0,1,50,2,3,1,0,1,1,51.0,23.0,voiture,deux_roues,1,2,2,1,3
202000038931,2020-05-27 20:20:00,2020,5,27,20,20,29,29039,Boulevard Bougainville,47.8702983,-3.9227872,Plein jour,En agglomération,Intersection en Y,Normale,Deux véhicules - frontale,4,2,2,0,2,2,1,5,1,50,2,3,2,0,0,1,26.0,29.0,deux_roues,voiture,1,2,4,1,1
202000038932,2020-05-28 10:25:00,2020,5,28,10,25,29,29019,Rue du Commandant Drogou,48.4044906,-4.5000047,Plein jour,En agglomération,Giratoire,Normale,Deux véhicules - arrière,4,2,2,0,1,1,1,5,1,50,2,5,3,0,0,2,29.0,56.0,voiture,voiture,1,2,6,1,2
202000038933,2020-05-28 20:15:00,2020,5,28,20,15,27,27681,SENTIER SOUS LE PARC (RUE DU),49.08564,1.47334,Plein jour,En agglomération,Hors intersection,Normale,Autre collision,6,-1,-1,0,1,1,1,0,1,50,1,2,1,0,0,1,9.0,,deux_roues,,1,2,1,1,6
202000038934,2020-05-26 16:10:00,2020,5,26,16,10,22,22360,MARE DU GUE (RUE DE LA),48.476,-2.7509,Plein jour,Hors agglomération,Hors intersection,Normale,Deux véhicules - frontale,3,2,2,0,1,1,1,2,1,50,2,2,0,0,0,2,57.0,78.0,voiture,voiture,1,1,1,1,1
202000038935,2020-05-28 11:54:00,2020,5,28,11,54,17,17274,D 111,46.16357,-1.0687,Plein jour,Hors agglomération,Hors intersection,Normale,Sans collision,3,2,2,0,1,1,1,0,1,70,1,1,0,0,0,1,52.0,,deux_roues,,1,1,1,1,7
202000038936,2020-05-18 18:45:00,2020,5,18,18,45,14,14118,PIGACIERE (RUE DE LA),49.18822,-0.35952,Plein jour,En agglomération,Intersection en X,Normale,Deux véhicules - côté,4,2,0,0,1,1,1,0,1,50,2,2,1,0,1,0,48.0,21.0,deux_roues,voiture,1,2,2,1,3
202000038937,2020-05-28 21:10:00,2020,5,28,21,10,13,13203,STRASBOURG (BOULEVARD),43.30892,5.37803,Crépuscule ou aube,En agglomération,Autre intersection,Normale,Deux véhicules - frontale,4,2,2,0,2,1,1,0,1,50,2,2,1,0,1,0,42.0,19.0,voiture,deux_roues,2,2,9,1,1
202000038938,2020-05-28 19:00:00,2020,5,28,19,0,13,13216,ESTAQUE PLAGE,43.358957,5.292443,Plein jour,En agglomération,Hors intersection,Normale,Autre collision,3,2,2,0,1,1,1,0,1,50,1,3,1,0,0,2,43.0,,voiture,,1,2,1,1,6
202000038939,2020-05-27 18:50:00,2020,5,27,18,50,13,13209,COL DE LA GINESTE D559,43.2389,5.4784,Plein jour,En agglomération,Hors intersection,Normale,Deux véhicules - arrière,3,2,2,1,2,1,1,0,1,80,2,2,1,0,0,1,39.0,34.0,voiture,deux_roues,1,2,1,1,2