accident_id,datetime,annee,mois,jour,heure,minute,departement,commune_insee,adresse,latitude,longitude,luminosite,agglomeration,intersection,meteo,collision,catr,circ,nbv,vosp,prof,plan,surf,infra,situ,vma,nb_vehicules,nb_usagers,nb_indemnes,nb_tues,nb_blesses_hosp,nb_blesses_legers,age_cond_1,age_cond_2,veh_type_cond_1,veh_type_cond_2,lum_code,agg_code,int_code,atm_code,col_code
202000038940,2020-04-17 11:50:00,2020,4,17,11,50,13,13001,PAGNOL MARCEL (AV),43.524555,5.423562,Plein jour,En agglomération,Hors intersection,Normale,Sans collision,4,-1,1,0,3,1,1,0,1,50,1,2,1,1,0,0,59.0,,transport_commun,,1,2,1,1,7
202000038941,2020-05-27 11:00:00,2020,5,27,11,0,09,09122,ESPAGNE (ROUTE D'),42.946167,1.627434,Plein jour,En agglomération,Hors intersection,Normale,Sans collision,3,-1,2,0,1,1,1,0,5,70,1,1,0,0,0,1,62.0,,autre,,1,2,1,1,7
202000038942,2020-05-26 18:04:00,2020,5,26,18,4,08,08105,BOUTET C. AVENUE,49.78,4.71,Plein jour,En agglomération,Hors intersection,Normale,Deux véhicules - côté,4,2,2,1,4,1,1,0,5,50,2,2,1,0,0,1,75.0,44.0,autre,voiture,1,2,1,1,3
202000038943,2020-05-27 17:15:00,2020,5,27,17,15,07,07070,COLONNEL ROUSSET (AVENUE DU),44.966665,4.84977,Plein jour,En agglomération,Hors intersection,Normale,Deux véhicules - côté,3,2,2,0,1,1,1,0,1,50,2,2,1,0,1,0,77.0,42.0,deux_roues,utilitaire_camion,1,2,1,1,3
202000038944,2020-05-28 14:00:00,2020,5,28,14,0,06,06083,"COTY (COURS RENE, SENS MONT/MER)",43.7755,7.4886,Plein jour,En agglomération,Intersection en X,Normale,Deux véhicules - côté,3,2,2,0,1,1,1,0,1,50,2,2,1,0,1,0,61.0,32.0,utilitaire_camion,deux_roues,1,2,2,1,3
202000038945,2020-05-28 12:20:00,2020,5,28,12,20,06,06069,Rd point des Quatre Chemins,43.63744,6.94115,Plein jour,En agglomération,Autre intersection,Normale,Deux véhicules - côté,4,1,1,0,1,1,1,0,1,30,2,2,1,0,0,1,36.0,30.0,utilitaire_camion,voiture,1,2,9,1,3
202000038946,2020-05-28 08:30:00,2020,5,28,8,30,06,06029,MIDI (BOULEVARD DU),43.54195,6.96183,Plein jour,En agglomération,Hors intersection,Normale,Deux véhicules - côté,4,2,2,0,1,1,1,0,1,50,2,2,1,0,1,0,50.0,34.0,deux_roues,utilitaire_camion,1,2,1,1,3
202000038947,2020-05-26 07:50:00,2020,5,26,7,50,06,06027,BIR HAKEIM RUE,43.653,7.153,Plein jour,En agglomération,Hors intersection,Normale,Trois véhicules et plus - en chaîne,7,2,2,2,1,1,1,0,1,50,3,4,3,0,0,1,46.0,50.0,utilitaire_camion,utilitaire_camion,1,2,1,1,4
202000038948,2020-05-28 14:56:00,2020,5,28,14,56,05,05061,GEORGES POMPIDOU ( BD),44.55771,6.08196,Plein jour,En agglomération,Hors intersection,Normale,Deux véhicules - arrière,4,2,3,0,1,1,1,0,1,50,2,2,0,0,0,2,89.0,52.0,voiture,voiture,1,2,1,1,2
202000038949,2020-05-28 12:10:00,2020,5,28,12,10,01,01053,BELGES (AVENUE DES),46.20724,5.23299,Plein jour,En agglomération,Intersection en T,Normale,Deux véhicules - côté,4,2,2,0,1,1,1,0,1,50,2,2,1,0,0,1,44.0,29.0,voiture,voiture,1,2,3,1,3
202000038950,2020-05-26 12:44:00,2020,5,26,12,44,75,75106,RUE DU VIEUX COLOMBIER,48.851304,2.332846,Plein jour,En agglomération,Intersection en X,Normale,Autre collision,4,2,3,0,1,1,1,0,1,50,1,4,3,1,0,0,58.0,,voiture,,1,2,2,1,6
202000038951,2020-05-28 16:50:00,2020,5,28,16,50,75,75105,BOULEVARD DE L HOPITAL,48.841119,2.362659,Plein jour,En agglomération,Hors intersection,Normale,Deux véhicules - arrière,4,2,6,0,1,1,1,0,1,50,2,2,1,0,0,1,37.0,18.0,utilitaire_camion,deux_roues,1,2,1,1,2
202000038952,2020-05-28 09:40:00,2020,5,28,9,40,75,75106,RUE DE FLEURUS,48.847044,2.331585,Plein jour,En agglomération,Intersection en X,Normale,Autre collision,4,2,2,0,1,1,1,0,1,50,1,2,1,0,0,1,26.0,,utilitaire_camion,,1,2,2,1,6
202000038953,2020-05-27 08:25:00,2020,5,27,8,25,75,75106,BOULEVARD SAINT MICHEL,48.8503006,2.342636,Plein jour,En agglomération,Intersection à plus de 4 branches,Normale,Autre collision,4,2,4,0,2,1,1,0,1,30,1,2,1,0,0,1,57.0,,deux_roues,,1,2,5,1,6
202000038954,2020-05-28 17:20:00,2020,5,28,17,20,75,75120,RUE DES PYRENEES,48.850493,2.406403,Plein jour,En agglomération,Intersection en T,Normale,Deux véhicules - côté,4,2,2,0,2,1,1,0,1,50,2,2,1,0,0,1,27.0,53.0,deux_roues,voiture,1,2,3,1,3
202000038955,2020-05-28 10:20:00,2020,5,28,10,20,75,75120,RUE DES PYRENEES,48.857638,2.403904,Plein jour,En agglomération,Intersection en X,Normale,Deux véhicules - côté,4,2,4,0,2,1,1,0,1,50,2,2,1,0,0,1,51.0,48.0,deux_roues,voiture,1,2,2,1,3
202000038956,2020-05-28 11:50:00,2020,5,28,11,50,75,75118,BOULEVARD DE LA CHAPELLE,48.884468,2.358296,Plein jour,En agglomération,Hors intersection,Normale,Autre collision,4,1,2,1,2,1,1,0,1,50,1,2,1,0,0,1,33.0,,voiture,,1,2,1,1,6
202000038957,2020-05-28 17:00:00,2020,5,28,17,0,75,75117,BOULEVARD PEREIRE,48.883732,2.295306,Plein jour,En agglomération,Intersection en X,Normale,Deux véhicules - côté,4,2,2,0,1,1,1,0,1,50,2,2,1,0,0,1,17.0,48.0,deux_roues,voiture,1,2,2,1,3
202000038958,2020-05-27 12:10:00,2020,5,27,12,10,75,75117,PLACE DE LA PORTE MAILLOT,48.8773961,2.2840498,Plein jour,En agglomération,Place,Normale,Deux véhicules - côté,4,1,4,0,1,3,1,8,1,30,2,2,1,0,0,1,48.0,25.0,deux_roues,deux_roues,1,2,7,1,3
202000038959,2020-05-28 13:50:00,2020,5,28,13,50,75,75114,RUE RAYMOND LOSSERAND,48.830947,2.312295,Plein jour,En agglomération,Intersection en X,Normale,,4,1,1,0,1,1,1,0,1,30,2,3,2,0,0,1,49.0,48.0,voiture,utilitaire_camion,1,2,2,1,-1
202000038960,2020-05-28 10:10:00,2020,5,28,10,10,75,75114,RUE DE L AMIRAL MOUCHEZ,48.819922,2.344253,Plein jour,En agglomération,Hors intersection,Normale,Deux véhicules - côté,4,1,2,3,2,1,1,-1,6,50,2,2,1,0,0,1,35.0,49.0,deux_roues,voiture,1,2,1,1,3
202000038961,2020-05-27 20:30:00,2020,5,27,20,30,75,75114,BOULEVARD RASPAIL,48.8405743,2.330114,Plein jour,En agglomération,Intersection en Y,Normale,Deux véhicules - arrière,4,2,4,3,1,1,1,-1,6,50,2,2,1,0,0,1,45.0,18.0,voiture,deux_roues,1,2,4,1,2
202000038962,2020-05-28 07:30:00,2020,5,28,7,30,75,75112,QUAI DE BERCY,48.833721,2.382485,Plein jour,En agglomération,Intersection en X,Normale,Deux véhicules - côté,4,1,3,0,1,1,1,-1,5,50,2,2,1,0,0,1,24.0,57.0,voiture,deux_roues,1,2,2,1,3
202000038963,2020-05-28 15:30:00,2020,5,28,15,30,75,75111,BOULEVARD DE MENILMONTANT,48.860965,2.388208,Plein jour,En agglomération,Intersection en T,Normale,Deux véhicules - côté,4,2,4,1,1,1,1,-1,5,50,2,2,1,0,0,1,61.0,42.0,utilitaire_camion,deux_roues,1,2,3,1,3
202000038964,2020-05-27 19:00:00,2020,5,27,19,0,75,75109,RUE LA FAYETTE,48.87701,2.348263,Plein jour,En agglomération,Hors intersection,Normale,Deux véhicules - côté,4,2,4,0,1,1,1,0,1,50,2,2,1,0,0,1,25.0,47.0,deux_roues,voiture,1,2,1,1,3
202000038965,2020-05-28 17:30:00,2020,5,28,17,30,75,75108,RUE D AMSTERDAM,48.877849,2.326965,Plein jour,En agglomération,Intersection à plus de 4 branches,Normale,Deux véhicules - côté,4,1,1,0,2,1,1,0,1,50,2,2,0,0,0,2,45.0,27.0,deux_roues,deux_roues,1,2,5,1,3
202000038966,2020-05-28 23:00:00,2020,5,28,23,0,75,75107,QUAI D ORSAY,48.862565,2.310416,Nuit avec éclairage allumé,En agglomération,Intersection en X,Normale,Deux véhicules - frontale,4,2,12,1,1,1,1,-1,5,50,2,2,1,0,0,1,22.0,58.0,deux_roues,deux_roues,5,2,2,1,1
202000038967,2020-05-28 13:35:00,2020,5,28,13,35,75,75101,RUE DE RIVOLI,48.862698,2.335393,Plein jour,En agglomération,Place,Normale,Deux véhicules - côté,4,2,2,1,1,1,1,-1,5,50,2,1,0,0,0,1,33.0,,deux_roues,,1,2,7,1,3
202000038968,2020-05-25 20:00:00,2020,5,25,20,0,94,94081,JULES GUESDE (QU),48.802521,2.41072,Plein jour,En agglomération,Hors intersection,Normale,Deux véhicules - arrière,3,2,2,0,1,1,1,0,1,50,2,1,0,0,0,1,7.0,,deux_roues,,1,2,1,1,2
202000038969,2020-05-28 22:00:00,2020,5,28,22,0,94,94074,COLONEL FABIEN (R),48.7449452,2.4696369,Crépuscule ou aube,En agglomération,Autre intersection,Normale,Deux véhicules - frontale,3,2,2,0,2,1,1,0,1,50,2,3,1,0,0,2,30.0,36.0,voiture,deux_roues,2,2,9,1,1
202000038970,2020-05-27 21:59:00,2020,5,27,21,59,94,94015,147 Boulevard Pasteur,48.835427,2.526125,Nuit avec éclairage allumé,En agglomération,Hors intersection,Normale,Trois véhicules et plus - collisions multiples,3,2,2,1,2,2,1,0,1,50,4,2,1,1,0,0,32.0,30.0,deux_roues,deux_roues,5,2,1,1,5
202000038971,2020-05-28 07:15:00,2020,5,28,7,15,94,94076,PARIS (AV DE),48.79999,2.36539,Plein jour,En agglomération,Hors intersection,Normale,Deux véhicules - frontale,3,2,2,2,2,2,1,0,1,50,2,2,1,0,0,1,32.0,20.0,voiture,deux_roues,1,2,1,1,1
202000038972,2020-05-27 12:50:00,2020,5,27,12,50,94,94041,GASTON CORNAVIN (R),48.8103,2.38199,Plein jour,En agglomération,Hors intersection,Normale,Deux véhicules - côté,4,1,1,0,2,1,1,0,1,50,2,2,1,0,0,1,19.0,49.0,deux_roues,voiture,1,2,1,1,3
202000038973,2020-05-28 14:55:00,2020,5,28,14,55,94,94059,HUGUENOTS (AV DES),48.82043,2.5583,Plein jour,En agglomération,Intersection en X,Normale,Deux véhicules - côté,4,2,2,0,1,1,1,0,1,50,2,3,2,0,0,1,46.0,36.0,voiture,voiture,1,2,2,1,3
202000038974,2020-05-28 15:45:00,2020,5,28,15,45,94,94017,GENERAL DE GAULLE (AV DU),48.825381,2.502181,Plein jour,En agglomération,Hors intersection,Normale,Deux véhicules - frontale,3,1,2,0,1,1,1,0,1,50,2,2,1,0,0,1,40.0,23.0,voiture,deux_roues,1,2,1,1,1
202000038975,2020-05-28 00:15:00,2020,5,28,0,15,94,94015,MARAIS (R DES),48.8293396,2.5176644,Nuit avec éclairage allumé,En agglomération,Intersection en T,Normale,Deux véhicules - côté,3,2,2,0,2,1,1,0,1,50,2,2,1,0,1,0,25.0,20.0,voiture,deux_roues,5,2,3,1,3
202000038976,2020-05-28 02:00:00,2020,5,28,2,0,93,93071,LIVRY (AVENUE DE),48.9297404,2.540643,Nuit sans éclairage public,En agglomération,Intersection en T,Normale,Trois véhicules et plus - en chaîne,4,2,2,0,1,1,1,0,1,50,3,6,3,0,0,3,22.0,26.0,voiture,voiture,3,2,3,1,4
202000038977,2020-05-28 17:30:00,2020,5,28,17,30,93,93066,JAURES JEAN,48.93668,2.36088,Plein jour,En agglomération,Hors intersection,Normale,Autre collision,4,2,2,0,1,1,1,0,1,30,1,2,1,0,0,1,32.0,,voiture,,1,2,1,1,6
202000038978,2020-05-28 10:45:00,2020,5,28,10,45,93,93064,R LAENNEC,48.880539,2.495856,Plein jour,En agglomération,Hors intersection,Normale,Deux véhicules - arrière,4,4,3,0,1,1,1,0,1,50,2,2,1,0,0,1,76.0,41.0,voiture,voiture,1,2,1,1,2
202000038979,2020-05-28 12:49:00,2020,5,28,12,49,93,93055,JEAN JAURES (AVENUE) (76/128),48.90646,2.39524,Plein jour,En agglomération,Hors intersection,Normale,,3,1,2,1,1,1,1,0,5,50,2,1,0,0,0,1,32.0,,deux_roues,,1,2,1,1,-1
202000038980,2020-05-28 08:35:00,2020,5,28,8,35,93,93057,AV ARISTIDE BRIAND,48.9076627,2.4923737,Plein jour,En agglomération,Hors intersection,Normale,Deux véhicules - arrière,3,3,4,2,1,1,1,0,1,50,2,3,2,0,0,1,45.0,36.0,voiture,voiture,1,2,1,1,2
202000038981,2020-05-28 20:30:00,2020,5,28,20,30,92,92046,Charles de gaulle,48.8216288,2.2976488,Plein jour,En agglomération,Hors intersection,Normale,Autre collision,3,-1,0,1,1,1,1,0,5,30,1,1,0,0,1,0,64.0,,autre,,1,2,1,1,6
202000038982,2020-05-28 16:25:00,2020,5,28,16,25,92,92075,ERNEST LAVAL (RUE),48.819955,2.292441,Plein jour,En agglomération,Hors intersection,Normale,Autre collision,3,1,2,1,2,1,1,0,1,50,1,2,1,0,0,1,28.0,,deux_roues,,1,2,1,1,6
202000038983,2020-05-27 21:55:00,2020,5,27,21,55,92,92049,JAURES AVENUE JEAN N°53 A FIN,48.815397,2.310011,Nuit avec éclairage allumé,En agglomération,Hors intersection,Normale,Autre collision,3,2,2,0,1,1,1,0,1,50,1,2,1,1,0,0,27.0,,utilitaire_camion,,5,2,1,1,6
202000038984,2020-05-27 08:30:00,2020,5,27,8,30,92,92020,VANVES BOULEVARD N° IMPAIRS,48.80704,2.28547,Plein jour,En agglomération,Autre intersection,Temps éblouissant,Deux véhicules - côté,3,2,2,0,1,1,1,0,1,50,2,2,1,0,0,1,40.0,37.0,deux_roues,voiture,1,2,9,7,3
202000038985,2020-05-28 15:10:00,2020,5,28,15,10,92,92048,MAL DE LATTRE DE TASSIGNY (AVENUE),48.7868693,2.2312012,Plein jour,En agglomération,Hors intersection,Normale,Sans collision,4,2,2,0,1,1,1,0,1,50,1,1,0,0,0,1,34.0,,voiture,,1,2,1,1,7
202000038986,2020-05-27 19:05:00,2020,5,27,19,5,92,92036,GRESILLONS (AVENUE DES) (1/45),48.917239,2.307553,Plein jour,En agglomération,Intersection en X,Normale,Deux véhicules - côté,3,2,2,0,1,1,1,0,1,2,2,2,1,0,0,1,36.0,70.0,deux_roues,voiture,1,2,2,1,3
202000038987,2020-05-28 20:15:00,2020,5,28,20,15,92,92035,Gare des Vallées ( place de la ),48.9134,2.2577,Plein jour,En agglomération,Hors intersection,Normale,Autre collision,4,1,1,0,1,1,1,0,1,50,1,2,1,0,0,1,32.0,,voiture,,1,2,1,1,6
202000038988,2020-05-27 10:00:00,2020,5,27,10,0,92,92014,LEON BLOY (RUE),48.7873202,2.3209584,Plein jour,En agglomération,Hors intersection,Normale,,3,2,2,0,1,1,1,0,1,50,2,2,1,0,0,1,39.0,32.0,utilitaire_camion,deux_roues,1,2,1,1,-1
202000038989,2020-05-28 17:15:00,2020,5,28,17,15,50,50027,La Moelle,48.699161,-1.420305,Plein jour,Hors agglomération,Intersection en T,Normale,Deux véhicules - côté,3,2,2,0,1,1,1,0,1,80,2,3,2,0,0,1,20.0,66.0,voiture,deux_roues,1,1,3,1,3
202000038990,2020-04-13 02:00:00,2020,4,13,2,0,51,51065,N4,48.7344218,4.5560836,Nuit sans éclairage public,Hors agglomération,Giratoire,Normale,Autre collision,2,3,2,0,1,1,1,5,8,80,1,1,0,1,0,0,18.0,,deux_roues,,3,1,6,1,6
202000038991,2020-05-29 06:30:00,2020,5,29,6,30,40,40296,D 89 entrée d'agglomération du penon,43.70778,-1.422129,Crépuscule ou aube,En agglomération,Hors intersection,Normale,Sans collision,3,2,2,0,1,3,1,0,1,50,1,8,0,0,4,4,22.0,,voiture,,2,2,1,1,7
202000038992,2020-05-29 12:00:00,2020,5,29,12,0,46,46148,Piboulède,44.335134,1.599863,Plein jour,Hors agglomération,Intersection en X,Normale,Deux véhicules - côté,3,2,2,0,2,4,1,0,1,80,2,2,1,0,1,0,14.0,55.0,deux_roues,utilitaire_camion,1,1,2,1,3
202000038993,2020-05-29 18:05:00,2020,5,29,18,5,12,12033,Allee Denys Puech,44.474335,2.726372,Plein jour,En agglomération,Hors intersection,Normale,Autre collision,4,2,2,0,1,1,1,0,4,50,1,1,0,0,1,0,53.0,,voiture,,1,2,1,1,6
202000038994,2020-05-28 15:05:00,2020,5,28,15,5,06,06064,120 Chemin de la Halte,43.768287,7.178007,Plein jour,Hors agglomération,Hors intersection,Normale,Sans collision,7,2,2,0,2,2,1,0,1,90,1,1,0,0,0,1,20.0,,deux_roues,,1,1,1,1,7
202000038995,2020-05-28 10:00:00,2020,5,28,10,0,74,74256,Route du Fayet,45.931573,6.634439,Plein jour,En agglomération,Hors intersection,Normale,Autre collision,3,2,2,2,1,1,1,0,3,50,1,1,0,0,1,0,34.0,,utilitaire_camion,,1,2,1,1,6
202000038996,2020-05-28 23:10:00,2020,5,28,23,10,80,80782,Vaux-en-Amiénois,49.956936,2.228851,Nuit sans éclairage public,Hors agglomération,Hors intersection,Normale,Deux véhicules - arrière,3,2,2,0,2,1,1,0,1,-1,2,2,0,0,1,1,57.0,25.0,deux_roues,voiture,3,1,1,1,2
202000038997,2020-05-25 18:10:00,2020,5,25,18,10,32,32301,Chemin de Saint-louis,43.653163,0.478318,Plein jour,Hors agglomération,Hors intersection,Normale,Autre collision,4,2,2,0,1,2,1,0,3,50,1,1,0,0,1,0,85.0,,voiture,,1,1,1,1,6
202000038998,2020-05-29 19:00:00,2020,5,29,19,0,55,55307,Louvemont-Côte-du-Poivre,49.240158,5.391154,Plein jour,Hors agglomération,Hors intersection,Normale,Sans collision,9,2,2,0,1,1,1,0,3,80,1,1,0,0,1,0,42.0,,deux_roues,,1,1,1,1,7
202000038999,2020-05-28 05:20:00,2020,5,28,5,20,49,49331,Le Pont de Montreuil (Châtelais),47.7317601,-0.9228315,Crépuscule ou aube,Hors agglomération,Hors intersection,Normale,Autre collision,3,2,2,0,2,2,1,0,3,80,1,2,1,0,1,0,22.0,,voiture,,2,1,1,1,6
202000039000,2020-05-28 15:20:00,2020,5,28,15,20,49,49060,Bellevigne-les-Châteaux,47.209948,-0.054524,Plein jour,Hors agglomération,Hors intersection,Normale,Autre collision,3,2,3,0,1,1,1,0,3,80,1,1,0,0,1,0,17.0,,deux_roues,,1,1,1,1,6
202000039001,2020-05-27 18:50:00,2020,5,27,18,50,46,46334,Impasse du Domaine,44.742645,1.423813,Plein jour,Hors agglomération,Hors intersection,Normale,,3,2,2,0,1,2,1,0,3,80,1,1,0,0,1,0,18.0,,deux_roues,,1,1,1,1,-1
202000039002,2020-05-29 15:45:00,2020,5,29,15,45,39,39279,,46.688387,5.47366,Plein jour,Hors agglomération,Hors intersection,Normale,Autre collision,3,2,2,0,1,2,1,0,3,80,1,1,0,1,0,0,15.0,,deux_roues,,1,1,1,1,6
202000039003,2020-05-27 11:15:00,2020,5,27,11,15,39,39114,Chemin des Granges Bernard,46.775619,5.658334,Plein jour,Hors agglomération,Hors intersection,Normale,Deux véhicules - frontale,4,2,2,0,2,2,1,0,1,80,2,3,2,0,1,0,83.0,64.0,voiture,deux_roues,1,1,1,1,1
202000039004,2020-05-29 15:00:00,2020,5,29,15,0,44,44087,RD95 route de challans,46.976341,-1.8067199,Plein jour,Hors agglomération,Hors intersection,Normale,Deux véhicules - frontale,3,1,2,0,1,1,1,0,1,80,2,3,1,1,1,0,65.0,29.0,voiture,voiture,1,1,1,1,1
202000039005,2020-05-29 18:10:00,2020,5,29,18,10,29,29075,Boulevard François Mitterrand,48.419048,-4.441926,Plein jour,En agglomération,Hors intersection,Normale,Deux véhicules - arrière,3,3,2,0,1,1,1,0,1,50,2,2,1,0,0,1,46.0,32.0,voiture,deux_roues,1,2,1,1,2
202000039006,2020-05-29 14:15:00,2020,5,29,14,15,03,03307,1 Rue du Pigeonnier,46.347878,3.2530367,Plein jour,En agglomération,Hors intersection,Normale,Sans collision,3,2,2,0,1,3,1,0,1,30,1,1,0,1,0,0,54.0,,deux_roues,,1,2,1,1,7
202000039007,2020-05-28 18:20:00,2020,5,28,18,20,03,03083,Les Taxins,46.3389792,3.2994121,Plein jour,Hors agglomération,Hors intersection,Normale,Deux véhicules - frontale,4,2,2,0,1,1,1,0,1,80,2,3,2,0,0,1,47.0,27.0,voiture,voiture,1,1,1,1,1
202000039008,2020-05-27 11:15:00,2020,5,27,11,15,01,01163,Route de Jayat,46.367372,5.154347,Plein jour,Hors agglomération,Hors intersection,Normale,Autre collision,4,2,2,0,2,1,1,0,3,80,1,1,0,0,0,1,62.0,,voiture,,1,1,1,1,6
202000039009,2020-05-28 22:55:00,2020,5,28,22,55,54,54363,Route Départementale 24,49.372824,5.816706,Nuit sans éclairage public,Hors agglomération,Hors intersection,Normale,Autre collision,3,3,2,0,1,2,1,0,3,80,1,3,0,0,1,2,26.0,,voiture,,3,1,1,1,6
202000039010,2020-05-28 10:20:00,2020,5,28,10,20,06,06079,Av Mal de Lattre de Tassigny,43.550442,6.947079,Plein jour,En agglomération,Hors intersection,Normale,Autre collision,3,1,1,0,2,1,1,0,8,50,1,2,1,0,0,1,58.0,,voiture,,1,2,1,1,6
202000039011,2020-05-29 16:34:00,2020,5,29,16,34,50,50457,D2,49.420654,-1.497467,Plein jour,Hors agglomération,Hors intersection,Normale,Autre collision,3,2,2,0,1,1,1,0,1,-1,1,3,0,0,1,2,22.0,,voiture,,1,1,1,1,6
202000039012,2020-05-29 08:30:00,2020,5,29,8,30,50,50648,Mesnil Grand,49.500012,-1.5034,Plein jour,Hors agglomération,Hors intersection,Normale,Deux véhicules - frontale,3,2,2,0,1,3,1,0,1,80,2,2,1,0,1,0,53.0,28.0,voiture,voiture,1,1,1,1,1
202000039013,2020-05-27 17:40:00,2020,5,27,17,40,21,21423,Rue de l'Eglise,46.98951,4.851516,Plein jour,En agglomération,Hors intersection,Normale,Deux véhicules - frontale,3,2,2,0,2,1,1,0,1,50,2,2,1,0,1,0,36.0,21.0,voiture,voiture,1,2,1,1,1
202000039014,2020-05-28 20:40:00,2020,5,28,20,40,37,37007,D115,47.0780137,0.2442022,Plein jour,Hors agglomération,Hors intersection,Normale,Sans collision,3,2,2,0,1,1,1,0,1,80,1,1,0,0,0,1,39.0,,deux_roues,,1,1,1,1,7
202000039015,2020-05-29 20:10:00,2020,5,29,20,10,91,91405,D837,48.405642,2.516497,Plein jour,Hors agglomération,Hors intersection,Normale,Autre collision,3,2,2,0,1,2,1,0,1,80,1,2,0,1,1,0,54.0,,voiture,,1,1,1,1,6
202000039016,2020-05-29 12:15:00,2020,5,29,12,15,78,78239,258 Rue Jean Jaurès,49.019106,1.697077,Plein jour,Hors agglomération,Intersection en X,Normale,Deux véhicules - côté,3,2,2,0,4,1,1,5,1,50,2,3,1,0,2,0,29.0,32.0,deux_roues,utilitaire_camion,1,1,2,1,3
202000039017,2020-05-26 10:44:00,2020,5,26,10,44,11,11076,Avenue du Languedoc,43.316701,1.966392,Plein jour,En agglomération,Hors intersection,Normale,Sans collision,3,2,2,0,1,1,1,0,1,50,1,2,1,0,1,0,81.0,,voiture,,1,2,1,1,7
202000039018,2020-05-22 13:40:00,2020,5,22,13,40,34,34165,D2,43.513296,3.677802,Plein jour,Hors agglomération,Intersection en T,Normale,Deux véhicules - côté,3,2,1,0,1,1,1,0,1,-1,2,2,1,0,0,1,62.0,67.0,deux_roues,voiture,1,1,3,1,3
202000039019,2020-05-28 15:50:00,2020,5,28,15,50,06,06134,route départementale 6085 PK 10+500,43.755719,6.720255,Plein jour,Hors agglomération,Hors intersection,Normale,Deux véhicules - frontale,3,2,2,0,2,3,1,0,1,80,2,2,1,0,1,0,66.0,71.0,deux_roues,voiture,1,1,1,1,1
202000039020,2020-05-28 07:55:00,2020,5,28,7,55,13,13064,ROND POINT CD 99 MOLLEGES GARE,43.788267,4.953965,Crépuscule ou aube,Hors agglomération,Giratoire,Normale,Autre collision,3,2,2,0,1,1,1,5,1,80,1,2,1,0,1,0,54.0,,utilitaire_camion,,2,1,6,1,6
202000039021,2020-05-29 15:45:00,2020,5,29,15,45,89,89055,RD 84,48.0087739,3.6153764,Plein jour,Hors agglomération,Hors intersection,Normale,Deux véhicules - arrière,3,3,2,0,1,1,1,0,1,80,2,2,1,0,0,1,27.0,63.0,deux_roues,voiture,1,1,1,1,2
202000039022,2020-05-27 08:45:00,2020,5,27,8,45,67,67519,Rue de Limoges,48.651224,7.826074,Plein jour,En agglomération,Intersection en T,Temps éblouissant,Deux véhicules - côté,4,2,2,0,1,1,1,0,1,30,2,2,1,0,1,0,56.0,58.0,deux_roues,voiture,1,2,3,7,3
202000039023,2020-05-26 09:20:00,2020,5,26,9,20,69,69010,Place de la Liberté,45.835262,4.617847,Plein jour,En agglomération,Hors intersection,Normale,Autre collision,3,2,1,0,1,3,1,0,1,30,1,2,1,0,1,0,88.0,,voiture,,1,2,1,1,6
202000039024,2020-05-29 08:30:00,2020,5,29,8,30,81,81039,5 Route de Lavaur,43.755148,1.90203,Plein jour,En agglomération,Giratoire,Temps éblouissant,Autre collision,3,2,2,0,1,1,1,0,1,50,1,3,2,0,0,1,34.0,,voiture,,1,2,6,7,6
202000039025,2020-05-29 18:15:00,2020,5,29,18,15,33,33056,avenue du général de gaulle,44.900359,-0.640125,Plein jour,Hors agglomération,Hors intersection,Temps éblouissant,Deux véhicules - frontale,4,2,2,0,1,1,1,0,1,70,2,2,1,0,1,0,25.0,59.0,voiture,deux_roues,1,1,1,7,1
202000039026,2020-05-26 14:30:00,2020,5,26,14,30,33,33051,route des lacs,44.636933,-0.966926,Plein jour,En agglomération,Hors intersection,Normale,Autre collision,3,2,4,2,4,1,1,1,5,-1,1,2,1,0,1,0,14.0,,deux_roues,,1,2,1,1,6
202000039027,2020-05-29 11:20:00,2020,5,29,11,20,27,27196,D77,49.297493,1.169336,Plein jour,Hors agglomération,Hors intersection,Normale,,3,3,4,0,1,1,1,0,1,90,2,2,1,0,1,0,45.0,55.0,utilitaire_camion,voiture,1,1,1,1,-1
202000039028,2020-05-28 13:15:00,2020,5,28,13,15,76,76057,Avenue de la Porte Océane,49.548902,0.953391,Plein jour,En agglomération,Hors intersection,Normale,Deux véhicules - arrière,3,2,0,0,2,1,1,9,1,50,2,2,1,0,1,0,55.0,32.0,voiture,deux_roues,1,2,1,1,2
202000039029,2020-05-28 18:30:00,2020,5,28,18,30,62,62318,Rue du Port,50.5134026,1.636901,Plein jour,En agglomération,Hors intersection,Normale,Autre collision,3,2,3,0,1,1,1,2,1,50,1,2,1,0,1,0,50.0,,voiture,,1,2,1,1,6
202000039030,2020-05-27 17:45:00,2020,5,27,17,45,13,13055,A507 sens Aubagne- Marseille,43.3215,5.42285,Plein jour,Hors agglomération,Autre intersection,Normale,Deux véhicules - arrière,1,1,3,0,2,1,1,0,1,70,2,2,1,0,0,1,36.0,28.0,deux_roues,voiture,1,1,9,1,2
202000039031,2020-05-27 12:40:00,2020,5,27,12,40,83,83126,A50,43.1198434,5.8539426,Plein jour,Hors agglomération,Hors intersection,Normale,Deux véhicules - côté,1,3,6,0,1,1,1,0,1,110,2,2,1,0,0,1,28.0,49.0,voiture,deux_roues,1,1,1,1,3
202000039032,2020-05-24 14:17:00,2020,5,24,14,17,69,69266,RD 383   ,45.7761,4.8975,Plein jour,Hors agglomération,Hors intersection,Normale,Autre collision,3,3,3,0,1,1,1,3,6,70,1,4,0,0,4,0,22.0,,utilitaire_camion,,1,1,1,1,6