accident_id,datetime,annee,mois,jour,heure,minute,departement,commune_insee,adresse,latitude,longitude,luminosite,agglomeration,intersection,meteo,collision,catr,circ,nbv,vosp,prof,plan,surf,infra,situ,vma,nb_vehicules,nb_usagers,nb_indemnes,nb_tues,nb_blesses_hosp,nb_blesses_legers,age_cond_1,age_cond_2,veh_type_cond_1,veh_type_cond_2,lum_code,agg_code,int_code,atm_code,col_code
202000039124,2020-07-25 17:50:00,2020,7,25,17,50,18,18033,MITTERRAND (AVENUE FRANCOIS),47.08717,2.38722,Plein jour,En agglomération,Hors intersection,Normale,,4,2,4,0,1,3,1,0,1,50,2,3,2,0,1,0,23.0,47.0,voiture,voiture,1,2,1,1,-1
202000039125,2020-12-08 07:15:00,2020,12,8,7,15,91,91286,AUTOROUTE A6,48.64756,2.38683,Nuit sans éclairage public,Hors agglomération,Hors intersection,Normale,Trois véhicules et plus - collisions multiples,1,1,3,0,1,1,1,0,1,110,3,3,2,0,0,1,53.0,19.0,voiture,voiture,3,1,1,1,5
202000039126,2020-07-29 10:55:00,2020,7,29,10,55,17,17306,GAMBETTA,45.622612,-1.030915,Plein jour,En agglomération,Hors intersection,Normale,Deux véhicules - frontale,4,2,2,0,2,1,1,0,1,50,2,2,1,0,0,1,45.0,31.0,deux_roues,voiture,1,2,1,1,1
202000039127,2020-07-29 21:05:00,2020,7,29,21,5,17,17300,CRAPAUDIERES   AVENUE DES,46.17253,-1.17423,Plein jour,En agglomération,Hors intersection,Normale,Deux véhicules - côté,9,3,2,0,1,1,1,0,1,30,2,2,1,0,0,1,40.0,84.0,voiture,deux_roues,1,2,1,1,3
202000039128,2020-12-08 07:15:00,2020,12,8,7,15,91,91549,RN 104,48.625,2.341,Nuit avec éclairage allumé,Hors agglomération,Hors intersection,Normale,Deux véhicules - arrière,2,1,1,0,1,1,1,0,1,50,2,2,1,0,0,1,58.0,45.0,voiture,voiture,5,1,1,1,2
202000039129,2020-12-07 22:30:00,2020,12,7,22,30,94,94034,AUTOROUTE A86,48.75921,2.32333,Nuit avec éclairage allumé,Hors agglomération,Hors intersection,Normale,Deux véhicules - arrière,1,1,3,0,2,1,1,1,1,70,2,2,1,0,0,1,47.0,60.0,utilitaire_camion,utilitaire_camion,5,1,1,1,2
202000039130,2020-07-29 18:20:00,2020,7,29,18,20,17,17300,LEMOYNE D'IBERVILLE   RUE,46.161706,-1.210868,Plein jour,En agglomération,Intersection en X,Normale,Deux véhicules - côté,4,2,2,0,1,1,1,0,1,50,2,3,2,0,0,1,52.0,38.0,voiture,voiture,1,2,2,1,3
202000039131,2020-12-08 18:20:00,2020,12,8,18,20,92,92064,A13,48.845463,2.2232242,Nuit avec éclairage allumé,En agglomération,Hors intersection,Normale,Deux véhicules - côté,1,-1,3,0,1,1,1,1,1,70,2,2,1,0,0,1,65.0,24.0,voiture,deux_roues,5,2,1,1,3
202000039132,2020-07-27 17:30:00,2020,7,27,17,30,16,16102,Rue Montesquieu,45.68083,-0.3359,Plein jour,En agglomération,Intersection en X,Normale,Deux véhicules - côté,4,2,2,0,1,1,1,0,1,50,2,2,1,0,0,1,55.0,57.0,deux_roues,voiture,1,2,2,1,3
202000039133,2020-12-08 16:20:00,2020,12,8,16,20,78,78646,RN12,48.793304,2.075872,Plein jour,Hors agglomération,Hors intersection,Normale,Deux véhicules - arrière,2,3,3,0,1,1,1,0,1,110,2,2,0,0,0,2,24.0,24.0,voiture,transport_commun,1,1,1,1,2
202000039134,2020-12-08 10:10:00,2020,12,8,10,10,92,92036,A86,48.9374713,2.2956603,Plein jour,Hors agglomération,Hors intersection,Temps couvert,Trois véhicules et plus - en chaîne,1,1,1,0,2,1,1,3,1,70,3,3,2,0,0,1,43.0,43.0,voiture,utilitaire_camion,1,1,1,8,4
202000039135,2020-07-28 09:55:00,2020,7,28,9,55,14,14366,SAINTE THERESE (AVENUE),49.1423684,0.2314093,Plein jour,En agglomération,Hors intersection,Normale,Autre collision,4,2,2,0,4,1,1,0,1,50,1,2,1,0,0,1,86.0,,voiture,,1,2,1,1,6
202000039136,2020-12-08 09:10:00,2020,12,8,9,10,78,78043,A12 W,48.835128,2.087685,Plein jour,Hors agglomération,Hors intersection,Normale,Deux véhicules - côté,1,3,7,0,1,1,1,0,1,110,2,2,1,0,0,1,49.0,46.0,voiture,deux_roues,1,1,1,1,3
202000039137,2020-07-29 21:50:00,2020,7,29,21,50,13,13071,D113 AGAVON,43.4165591,5.2787536,Nuit sans éclairage public,En agglomération,Autre intersection,Normale,Deux véhicules - frontale,3,3,1,0,1,1,1,3,1,50,2,6,1,0,0,5,47.0,28.0,voiture,voiture,3,2,9,1,1
202000039138,2020-07-27 17:10:00,2020,7,27,17,10,13,13005,VERDUN (AVENUE DE),43.28814,5.57533,Plein jour,En agglomération,Hors intersection,Normale,Deux véhicules - arrière,4,2,2,0,1,1,1,0,1,50,2,2,1,0,1,0,36.0,22.0,voiture,deux_roues,1,2,1,1,2
202000039139,2020-12-08 08:10:00,2020,12,8,8,10,78,78007,A13,48.89807,2.006002,Plein jour,Hors agglomération,Hors intersection,Normale,Trois véhicules et plus - en chaîne,1,3,4,0,1,1,1,0,1,110,3,3,1,0,0,2,26.0,26.0,voiture,voiture,1,1,1,1,4
202000039140,2020-07-29 23:20:00,2020,7,29,23,20,10,10387,MARGUERITE FLAVIEN BUFFARD (RUE),48.30386,4.06171,Nuit avec éclairage allumé,En agglomération,Intersection à plus de 4 branches,Normale,Deux véhicules - côté,7,2,6,0,1,2,1,5,1,50,2,2,1,0,0,1,35.0,57.0,deux_roues,voiture,5,2,5,1,3
202000039141,2020-12-08 18:15:00,2020,12,8,18,15,94,94073,A86 INT,48.7709388,2.3875608,Nuit sans éclairage public,Hors agglomération,Hors intersection,Normale,Trois véhicules et plus - en chaîne,1,1,3,0,1,1,1,0,1,90,3,3,2,0,0,1,61.0,52.0,deux_roues,voiture,3,1,1,1,4
202000039142,2020-07-29 14:20:00,2020,7,29,14,20,75,75114,BOULEVARD PERIPHERIQUE,48.822847,2.312865,Plein jour,En agglomération,Hors intersection,Normale,Deux véhicules - côté,4,1,3,0,1,1,1,0,1,70,2,2,1,0,0,1,33.0,61.0,utilitaire_camion,deux_roues,1,2,1,1,3
202000039143,2020-12-06 11:50:00,2020,12,6,11,50,974,97411,BERTHO (RUE JEAN),-20.89275,55.4888,Plein jour,En agglomération,Hors intersection,Normale,Autre collision,4,2,2,0,1,1,1,0,1,50,1,2,1,0,1,0,22.0,,deux_roues,,1,2,1,1,6
202000039144,2020-07-29 09:00:00,2020,7,29,9,0,75,75119,BOULEVARD PERIPHERIQUE,48.900606,2.373933,Plein jour,En agglomération,Hors intersection,Normale,Deux véhicules - côté,4,1,4,0,1,1,1,0,1,70,2,2,1,0,1,0,34.0,44.0,deux_roues,voiture,1,2,1,1,3
202000039145,2020-12-07 09:20:00,2020,12,7,9,20,69,69387,JEAN JAURES                         (AV),45.72684,4.83103,Plein jour,En agglomération,Hors intersection,Normale,Deux véhicules - côté,4,2,4,0,1,1,1,0,1,50,2,2,1,0,0,1,50.0,36.0,voiture,deux_roues,1,2,1,1,3
202000039146,2020-07-29 18:20:00,2020,7,29,18,20,75,75119,PLACE AUGUSTE BARON,48.900155,2.387303,Plein jour,En agglomération,Place,Normale,Deux véhicules - arrière,4,1,3,0,1,1,1,0,1,50,2,2,1,0,0,1,25.0,56.0,voiture,voiture,1,2,7,1,2
202000039147,2020-12-07 07:10:00,2020,12,7,7,10,69,69259,AMBROISE CROIZAT                    (BD),45.70644,4.88758,Nuit avec éclairage allumé,En agglomération,Intersection en X,Temps couvert,Deux véhicules - arrière,3,1,3,0,1,1,1,0,1,50,2,2,1,0,0,1,60.0,35.0,voiture,utilitaire_camion,5,2,2,8,2
202000039148,2020-07-29 13:20:00,2020,7,29,13,20,75,75119,AVENUE CORENTIN CARIOU,48.895848,2.38355,Plein jour,En agglomération,Intersection en T,Normale,Deux véhicules - arrière,4,2,4,0,1,1,1,2,1,50,2,2,1,0,0,1,23.0,36.0,deux_roues,voiture,1,2,3,1,2
202000039149,2020-12-04 17:10:00,2020,12,4,17,10,69,69034,COSTE                               (R ),45.7912599,4.8371537,Nuit avec éclairage non allumé,En agglomération,Hors intersection,Normale,Deux véhicules - côté,4,3,2,0,1,1,1,0,1,50,2,2,1,0,0,1,40.0,22.0,voiture,deux_roues,4,2,1,1,3
202000039150,2020-07-29 12:45:00,2020,7,29,12,45,75,75119,BOULEVARD DE LA VILLETTE,48.879793,2.370418,Plein jour,En agglomération,Hors intersection,Normale,Deux véhicules - côté,4,1,2,1,1,2,1,-1,5,50,2,2,1,0,0,1,27.0,34.0,deux_roues,utilitaire_camion,1,2,1,1,3
202000039151,2020-07-29 10:00:00,2020,7,29,10,0,75,75119,BOULEVARD MACDONALD,48.897412,2.388837,Plein jour,En agglomération,Hors intersection,Normale,Deux véhicules - côté,4,1,4,1,1,1,1,-1,5,50,2,2,1,0,0,1,44.0,37.0,deux_roues,transport_commun,1,2,1,1,3
202000039152,2020-12-06 17:30:00,2020,12,6,17,30,971,97101,GRAND CAMP(SECTION),16.25037,-61.53241,Crépuscule ou aube,En agglomération,Hors intersection,Normale,Deux véhicules - frontale,4,2,2,0,1,3,1,0,1,50,2,3,0,0,0,3,19.0,25.0,voiture,voiture,2,2,1,1,1
202000039153,2020-12-04 21:50:00,2020,12,4,21,50,89,89387,ERNEST LANDRY (QUAI),48.1972,3.27651,Nuit avec éclairage allumé,En agglomération,Hors intersection,Normale,Autre collision,4,3,2,0,3,1,1,0,3,50,1,1,0,0,0,1,34.0,,voiture,,5,2,1,1,6
202000039154,2020-07-28 01:45:00,2020,7,28,1,45,75,75116,BOULEVARD EXELMANS,48.845337,2.258681,Nuit avec éclairage allumé,En agglomération,Intersection en X,Normale,Deux véhicules - arrière,4,1,4,0,1,1,1,0,1,50,2,7,3,0,0,4,20.0,20.0,voiture,voiture,5,2,2,1,2
202000039155,2020-12-04 08:10:00,2020,12,4,8,10,76,76681,JAURES. AVENUE JEAN,49.41456,1.09158,Nuit avec éclairage allumé,En agglomération,Intersection en X,Normale,Autre collision,4,2,4,3,1,1,1,0,1,50,1,3,1,0,0,2,30.0,,utilitaire_camion,,5,2,2,1,6
202000039156,2020-07-28 09:06:00,2020,7,28,9,6,75,75115,BOULEVARD LEFEBVRE,48.828645,2.301422,Plein jour,En agglomération,Intersection en X,Normale,Autre collision,4,1,1,1,1,1,1,-1,5,50,1,2,1,0,0,1,20.0,,deux_roues,,1,2,2,1,6
202000039157,2020-07-29 17:55:00,2020,7,29,17,55,75,75113,AVENUE DES GOBELINS,48.834205,2.353656,Plein jour,En agglomération,Hors intersection,Normale,Deux véhicules - côté,4,2,4,3,2,1,1,-1,6,50,2,2,1,0,0,1,15.0,31.0,deux_roues,transport_commun,1,2,1,1,3
202000039158,2020-12-04 15:20:00,2020,12,4,15,20,76,76351,DRAPIERS (DES),49.48728,0.10901,Plein jour,En agglomération,Intersection en Y,Normale,Autre collision,4,2,2,0,1,2,2,0,1,50,1,1,0,0,1,0,25.0,,deux_roues,,1,2,4,1,6
202000039159,2020-07-28 21:10:00,2020,7,28,21,10,75,75112,PONT MORLAND,48.846933,2.36624,Crépuscule ou aube,En agglomération,Hors intersection,Normale,Sans collision,4,-1,3,1,1,1,9,-1,5,50,1,1,0,0,0,1,21.0,,deux_roues,,2,2,1,1,7
202000039160,2020-12-04 14:50:00,2020,12,4,14,50,76,76351,FELIX FAURE,49.502035,0.117175,Plein jour,En agglomération,Intersection en T,Pluie légère,Deux véhicules - côté,4,3,6,0,1,1,2,0,1,50,2,2,1,0,1,0,27.0,23.0,deux_roues,utilitaire_camion,1,2,3,2,3
202000039161,2020-07-29 10:00:00,2020,7,29,10,0,75,75109,RUE DE LA CHAUSSEE D ANTIN,48.871954,2.333745,Plein jour,En agglomération,Hors intersection,Normale,,4,1,1,0,1,1,1,0,1,50,2,3,2,0,0,1,59.0,29.0,utilitaire_camion,deux_roues,1,2,1,1,-1
202000039162,2020-07-29 19:30:00,2020,7,29,19,30,75,75108,PLACE DE L ALMA,48.864665,2.301328,Plein jour,En agglomération,Place,Normale,Deux véhicules - côté,4,1,3,0,1,2,1,0,1,50,2,2,1,0,0,1,36.0,24.0,voiture,deux_roues,1,2,7,1,3
202000039163,2020-12-01 19:35:00,2020,12,1,19,35,74,74012,PASTEUR (AVENUE),46.19259,6.23894,Nuit avec éclairage allumé,En agglomération,Intersection en T,Pluie légère,Deux véhicules - arrière,4,1,2,0,1,1,2,0,1,50,2,1,0,0,1,0,22.0,,deux_roues,,5,2,3,2,2
202000039164,2020-07-28 17:55:00,2020,7,28,17,55,94,94081,ABBE ROGER DERRY (AV DE L),48.7901895,2.3915038,Plein jour,En agglomération,Intersection en T,Normale,Deux véhicules - côté,3,2,3,3,1,1,1,0,6,30,2,2,1,0,0,1,21.0,58.0,deux_roues,voiture,1,2,3,1,3
202000039165,2020-12-05 13:50:00,2020,12,5,13,50,67,67482,BROGLIE (PLACE),48.58455,7.74857,Plein jour,En agglomération,Intersection en T,Normale,Deux véhicules - côté,4,2,2,0,1,1,1,5,1,50,2,2,1,0,0,1,22.0,52.0,deux_roues,voiture,1,2,3,1,3
202000039166,2020-07-28 23:45:00,2020,7,28,23,45,94,94068,VARENNE (R DE LA),48.8074,2.4744,Nuit avec éclairage allumé,En agglomération,Intersection en T,Normale,Deux véhicules - côté,3,2,3,0,1,1,1,0,1,50,2,2,1,0,0,1,34.0,19.0,voiture,deux_roues,5,2,3,1,3
202000039167,2020-12-07 09:20:00,2020,12,7,9,20,64,64445,HENRI  IV,43.29463,-0.37282,Plein jour,En agglomération,Intersection en T,Pluie forte,Deux véhicules - côté,4,1,1,0,1,1,2,0,1,30,2,3,1,0,0,2,20.0,45.0,utilitaire_camion,voiture,1,2,3,3,3
202000039168,2020-07-29 18:45:00,2020,7,29,18,45,94,94046,JEAN JAURES (R),48.7890304,2.4355102,Plein jour,En agglomération,Hors intersection,Normale,Deux véhicules - côté,3,2,4,0,1,1,1,0,1,50,2,2,1,0,0,1,28.0,26.0,voiture,deux_roues,1,2,1,1,3
202000039169,2020-11-30 19:30:00,2020,11,30,19,30,64,64445,YITZHAK RABIN,43.30794,-0.33938,Nuit avec éclairage allumé,En agglomération,Autre intersection,Normale,Deux véhicules - côté,4,1,2,2,1,2,1,0,5,30,2,2,1,0,0,1,25.0,51.0,deux_roues,voiture,5,2,9,1,3
202000039170,2020-12-07 14:45:00,2020,12,7,14,45,64,64102,PAULMY (AVENUE DES ALLEES),43.48858,-1.48267,Plein jour,En agglomération,Giratoire,Pluie forte,Deux véhicules - arrière,4,-1,3,0,1,1,2,0,1,50,2,2,1,0,0,1,21.0,59.0,voiture,utilitaire_camion,1,2,6,3,2
202000039171,2020-07-28 18:50:00,2020,7,28,18,50,94,94076,PAUL VAILLANT COUTURIER (AV),48.79497,2.3664,Plein jour,En agglomération,Intersection en X,Normale,Deux véhicules - côté,3,2,3,0,1,1,1,0,1,50,2,3,2,0,0,1,29.0,19.0,voiture,voiture,1,2,2,1,3
202000039172,2020-12-07 10:30:00,2020,12,7,10,30,64,64102,MAI 1945 (AVENUE DU 8),43.45908,-1.49556,Plein jour,En agglomération,Hors intersection,Pluie forte,Deux véhicules - arrière,3,3,4,0,2,1,2,0,1,80,2,2,1,0,0,1,35.0,38.0,utilitaire_camion,utilitaire_camion,1,2,1,3,2
202000039173,2020-12-03 17:55:00,2020,12,3,17,55,62,62160,MARIETTE (Bld Auguste ),50.726921,1.616535,Nuit avec éclairage allumé,En agglomération,Giratoire,Pluie légère,Autre collision,4,2,3,0,3,1,2,5,1,50,1,1,0,0,0,1,,,,,5,2,6,2,6
202000039174,2020-07-29 04:30:00,2020,7,29,4,30,94,94022,LEON GOURDAULT (AV),48.76417,2.4055,Nuit avec éclairage allumé,En agglomération,Intersection en X,Normale,Deux véhicules - côté,3,2,1,0,1,1,1,5,1,50,2,2,1,0,1,0,52.0,19.0,voiture,deux_roues,5,2,2,1,3
202000039175,2020-07-28 20:20:00,2020,7,28,20,20,94,94002,VAILLANT COUTURIER (R),48.810312,2.416966,Plein jour,En agglomération,Intersection en X,Normale,Deux véhicules - côté,4,1,1,0,1,1,1,0,1,50,2,2,1,0,0,1,28.0,29.0,deux_roues,voiture,1,2,2,1,3
202000039176,2020-07-29 12:35:00,2020,7,29,12,35,93,93078,CLEMENCEAU (AVENUE GEORGES),48.9581,2.5584,Plein jour,En agglomération,Intersection en X,Normale,Deux véhicules - frontale,3,2,5,0,1,1,1,5,1,50,2,2,1,0,1,0,37.0,48.0,deux_roues,voiture,1,2,2,1,1
202000039177,2020-07-29 20:09:00,2020,7,29,20,9,93,93066,HUIT MAI 1945 (PLACE),48.9397329,2.3560154,Crépuscule ou aube,En agglomération,Hors intersection,Normale,Sans collision,9,4,0,3,1,1,1,0,8,7,1,1,0,0,0,1,33.0,,deux_roues,,2,2,1,1,7
202000039178,2020-07-29 15:30:00,2020,7,29,15,30,93,93066,GORKI MAXIME,48.9441454,2.3868495,Plein jour,En agglomération,Autre intersection,Normale,Deux véhicules - frontale,3,1,0,0,1,1,1,0,1,30,2,2,0,0,0,2,12.0,33.0,deux_roues,voiture,1,2,9,1,1
202000039179,2020-07-28 14:30:00,2020,7,28,14,30,93,93066,"""BROSSOLETTE PIERRE, NR IMPAIRS""",48.9416525,2.3487145,Plein jour,En agglomération,Hors intersection,Normale,Deux véhicules - côté,4,-1,2,0,1,3,1,0,1,50,2,4,3,0,0,1,24.0,59.0,voiture,voiture,1,2,1,1,3
202000039180,2020-07-28 12:50:00,2020,7,28,12,50,93,93066,DIDEROT,48.9359843,2.3776335,Plein jour,En agglomération,Intersection en T,Normale,Deux véhicules - frontale,4,2,2,0,1,1,1,0,1,50,2,1,0,0,0,1,21.0,,deux_roues,,1,2,3,1,1
202000039181,2020-12-03 17:25:00,2020,12,3,17,25,59,59560,LILLE ROUTE DE,50.55902,3.03475,Crépuscule ou aube,En agglomération,Hors intersection,Pluie forte,Autre collision,7,2,2,0,1,1,2,0,1,50,1,2,1,0,1,0,84.0,,voiture,,2,2,1,3,6
202000039182,2020-07-29 19:00:00,2020,7,29,19,0,93,93064,ALSACE-LORRAINE (BOULEVARD),48.8846764,2.4834767,Plein jour,En agglomération,Hors intersection,Normale,Deux véhicules - côté,3,1,2,0,1,1,1,0,1,50,2,3,2,0,0,1,29.0,44.0,voiture,deux_roues,1,2,1,1,3
202000039183,2020-12-03 16:55:00,2020,12,3,16,55,59,59560,DORMOY MARX RUE,50.55071,3.02605,Crépuscule ou aube,En agglomération,Hors intersection,Pluie légère,Autre collision,4,-1,1,0,1,1,2,0,1,50,1,2,1,0,1,0,59.0,,voiture,,2,2,1,2,6
202000039184,2020-07-29 16:30:00,2020,7,29,16,30,93,93049,GENERAL DE GAULLE (RUE),48.8615541,2.5061987,Plein jour,En agglomération,Autre intersection,Normale,Autre collision,4,1,1,0,1,1,1,0,1,50,1,2,1,0,0,1,87.0,,voiture,,1,2,9,1,6
202000039185,2020-12-06 20:45:00,2020,12,6,20,45,54,54357,LAFAYETTE (RUE),48.708503,6.17175,Nuit avec éclairage allumé,En agglomération,Intersection en X,Normale,Deux véhicules - côté,4,2,2,0,1,1,1,0,1,30,2,2,1,0,0,1,48.0,29.0,utilitaire_camion,voiture,5,2,2,1,3
202000039186,2020-07-29 14:20:00,2020,7,29,14,20,93,93046,ARISTIDE BRIAND AVENUE,48.911686,2.5197497,Plein jour,En agglomération,Hors intersection,Normale,Deux véhicules - arrière,3,1,2,0,1,1,1,0,1,50,2,3,2,0,0,1,32.0,24.0,voiture,voiture,1,2,1,1,2
202000039187,2020-12-06 18:10:00,2020,12,6,18,10,51,51454,Rue Emile Zola,49.2667066,4.0274857,Nuit avec éclairage allumé,En agglomération,Intersection en X,Brouillard / fumée,Deux véhicules - côté,3,2,2,0,1,1,2,0,1,50,2,4,3,0,0,1,46.0,32.0,deux_roues,voiture,5,2,2,5,3
202000039188,2020-07-28 20:40:00,2020,7,28,20,40,93,93007,DESCARTES (CITE),48.95107,2.44224,Plein jour,En agglomération,Autre intersection,Normale,Autre collision,9,2,2,0,1,1,1,0,1,30,1,3,2,0,0,1,31.0,,voiture,,1,2,9,1,6
202000039189,2020-12-04 07:35:00,2020,12,4,7,35,50,50129,TOUR CARREE (RUE),49.64213,-1.62533,Nuit avec éclairage allumé,En agglomération,Intersection en X,Pluie légère,,4,1,4,0,1,1,2,0,1,30,2,2,1,0,0,1,42.0,25.0,voiture,deux_roues,5,2,2,2,-1
202000039190,2020-11-28 14:30:00,2020,11,28,14,30,50,50203,ROUGES TERRES (LES),49.6096,-1.60024,Plein jour,En agglomération,Hors intersection,Normale,Deux véhicules - arrière,2,3,4,0,3,1,1,0,1,50,2,2,1,0,0,1,26.0,33.0,deux_roues,voiture,1,2,1,1,2
202000039191,2020-07-26 05:18:00,2020,7,26,5,18,92,92044,CARNOT(RUE) 73+ ET 60+,48.8926463,2.2858948,Nuit avec éclairage allumé,En agglomération,Intersection en X,Normale,Deux véhicules - côté,4,1,1,0,1,1,2,0,1,50,2,4,0,0,0,4,25.0,53.0,voiture,voiture,5,2,2,1,3
202000039192,2020-12-05 20:00:00,2020,12,5,20,0,49,49007,Rue Saint-Léonard,47.46002,-0.52424,Nuit avec éclairage allumé,En agglomération,Intersection en X,Pluie légère,Deux véhicules - côté,4,2,2,0,1,1,2,0,1,50,2,3,2,0,1,0,21.0,48.0,voiture,voiture,5,2,2,2,3
202000039193,2020-07-28 17:00:00,2020,7,28,17,0,87,87038,Blemont,45.935371,1.246154,Plein jour,Hors agglomération,Hors intersection,Normale,Autre collision,4,2,2,0,2,3,1,0,1,80,1,1,0,0,0,1,40.0,,deux_roues,,1,1,1,1,6
202000039194,2020-12-07 20:23:00,2020,12,7,20,23,45,45234,Avenue Roger Secretain,47.88408,1.89821,Nuit avec éclairage allumé,En agglomération,Hors intersection,Temps couvert,Deux véhicules - côté,4,3,4,0,1,1,1,0,1,50,2,2,1,0,0,1,28.0,56.0,voiture,voiture,5,2,1,8,3
202000039195,2020-12-07 10:15:00,2020,12,7,10,15,45,45232,Avenue de Sologne,47.87007,1.91194,Plein jour,En agglomération,Hors intersection,Normale,Deux véhicules - arrière,4,3,4,0,1,1,2,0,1,70,2,3,2,0,0,1,20.0,41.0,deux_roues,voiture,1,2,1,1,2
202000039196,2020-12-07 19:00:00,2020,12,7,19,0,44,44114,ROUTE DE RENNES,47.25371,-1.57641,Nuit avec éclairage allumé,En agglomération,Hors intersection,Pluie légère,Deux véhicules - arrière,4,2,0,0,1,1,2,0,1,50,2,2,1,0,0,1,20.0,67.0,deux_roues,voiture,5,2,1,2,2
202000039197,2020-12-07 19:30:00,2020,12,7,19,30,41,41226,CARTIER (RUE JACQUES),47.81096,1.07188,Nuit avec éclairage allumé,En agglomération,Hors intersection,Normale,Deux véhicules - frontale,4,2,2,0,1,1,1,0,1,50,2,2,1,0,1,0,47.0,16.0,voiture,deux_roues,5,2,1,1,1
202000039198,2020-12-02 08:30:00,2020,12,2,8,30,40,40192,JUIN (V DU MARECHAL),43.8984,-0.48744,Nuit avec éclairage allumé,En agglomération,Intersection en X,Normale,Deux véhicules - côté,3,2,3,1,1,1,1,0,1,50,2,3,2,0,0,1,55.0,24.0,deux_roues,voiture,5,2,2,1,3
202000039199,2020-12-04 17:40:00,2020,12,4,17,40,40,40192,VIGNAU (AV DU),43.87712,-0.46356,Nuit avec éclairage allumé,Hors agglomération,Hors intersection,Pluie légère,Autre collision,6,4,1,0,1,1,2,9,1,30,1,2,1,0,1,0,66.0,,voiture,,5,1,1,2,6
202000039200,2020-12-06 01:35:00,2020,12,6,1,35,38,38185,Boulevard Jean Pain,45.18943,5.74192,Nuit avec éclairage allumé,En agglomération,Intersection en X,Normale,Deux véhicules - côté,3,2,6,0,1,1,1,0,1,30,2,2,0,0,1,1,31.0,30.0,voiture,utilitaire_camion,5,2,2,1,3
202000039201,2020-11-30 08:25:00,2020,11,30,8,25,37,37122,VERDUN (RUE DE),47.3469774,0.66544,Plein jour,En agglomération,Autre intersection,Normale,Sans collision,3,2,2,0,1,1,1,0,1,50,1,1,0,0,0,1,20.0,,deux_roues,,1,2,9,1,7
202000039202,2020-12-01 17:30:00,2020,12,1,17,30,35,35093,LIBERATION (BOULEVARD DE LA),48.61711,-2.05757,Crépuscule ou aube,En agglomération,Intersection en T,Normale,Deux véhicules - côté,3,3,4,0,2,1,1,0,1,50,2,2,1,0,1,0,46.0,88.0,deux_roues,voiture,2,2,3,1,3
202000039203,2020-12-07 18:20:00,2020,12,7,18,20,35,35238,RN136,48.13189,-1.70873,Nuit sans éclairage public,Hors agglomération,Hors intersection,Normale,Trois véhicules et plus - en chaîne,2,3,2,0,1,1,1,0,1,90,5,5,3,0,0,2,35.0,54.0,voiture,voiture,3,1,1,1,4
202000039204,2020-12-07 16:15:00,2020,12,7,16,15,35,35238,MALAKOFF,48.10647,-1.69311,Plein jour,En agglomération,Hors intersection,Temps couvert,Autre collision,4,-1,2,0,2,1,1,8,1,50,1,2,1,0,0,1,55.0,,utilitaire_camion,,1,2,1,8,6
202000039205,2020-07-19 01:00:00,2020,7,19,1,0,33,33221,1 Les Granges Sud,44.564881,0.041655,Nuit sans éclairage public,Hors agglomération,Hors intersection,Normale,Deux véhicules - côté,3,2,2,0,1,1,1,0,1,80,2,3,1,0,1,1,53.0,23.0,voiture,voiture,3,1,1,1,3
202000039206,2020-12-06 19:40:00,2020,12,6,19,40,34,34172,PENELOPE (BOULEVARD),43.6022508,3.9152752,Nuit avec éclairage non allumé,En agglomération,Hors intersection,Normale,Autre collision,4,2,2,0,2,1,1,0,1,50,1,2,1,0,0,1,25.0,,voiture,,4,2,1,1,6
202000039207,2020-07-29 16:33:00,2020,7,29,16,33,01,01143,D984c,46.358602,6.130001,Plein jour,Hors agglomération,Hors intersection,Normale,Deux véhicules - frontale,3,2,2,0,4,3,1,0,1,80,2,2,1,0,1,0,54.0,64.0,voiture,voiture,1,1,1,1,1
202000039208,2020-11-30 11:30:00,2020,11,30,11,30,33,33200,AVE PASTEUR,44.88005,-0.68493,Plein jour,En agglomération,Hors intersection,Autre,Deux véhicules - frontale,4,2,4,2,1,1,1,0,1,50,2,2,1,0,0,1,69.0,71.0,deux_roues,voiture,1,2,1,9,1
202000039209,2020-07-29 19:30:00,2020,7,29,19,30,85,85082,"LA MEILLERAIE, D752",46.90004,-0.89855,Plein jour,Hors agglomération,Hors intersection,Normale,Deux véhicules - côté,3,2,2,0,2,1,1,0,1,80,2,2,1,0,1,0,17.0,17.0,deux_roues,deux_roues,1,1,1,1,3
202000039210,2020-12-06 10:15:00,2020,12,6,10,15,31,31555,RUE CLAIRE PAUILHAC,43.6108095,1.4452949,Plein jour,En agglomération,Hors intersection,Normale,Deux véhicules - arrière,4,1,1,0,1,1,1,0,1,50,2,2,1,0,0,1,37.0,35.0,deux_roues,voiture,1,2,1,1,2
202000039211,2020-12-06 02:30:00,2020,12,6,2,30,31,31555,VA007331 A620,43.57548,1.44087,Nuit avec éclairage non allumé,Hors agglomération,Hors intersection,Pluie légère,Deux véhicules - côté,1,1,3,3,1,1,2,0,1,90,2,4,1,0,0,3,20.0,19.0,voiture,voiture,4,1,1,2,3
202000039212,2020-07-29 10:45:00,2020,7,29,10,45,56,56123,Kermoblo,47.694252,-2.308459,Plein jour,Hors agglomération,Intersection en Y,Normale,Deux véhicules - frontale,3,2,2,0,1,1,1,5,1,80,2,2,0,0,2,0,75.0,66.0,voiture,voiture,1,1,4,1,1
202000039213,2020-12-04 21:10:00,2020,12,4,21,10,31,31555,Place de la patte d'oie,43.59633,1.42288,Nuit avec éclairage allumé,En agglomération,Hors intersection,Normale,Deux véhicules - côté,4,1,2,0,1,3,1,0,1,50,2,1,0,0,0,1,56.0,,deux_roues,,5,2,1,1,3