accident_id,datetime,annee,mois,jour,heure,minute,departement,commune_insee,adresse,latitude,longitude,luminosite,agglomeration,intersection,meteo,collision,catr,circ,nbv,vosp,prof,plan,surf,infra,situ,vma,nb_vehicules,nb_usagers,nb_indemnes,nb_tues,nb_blesses_hosp,nb_blesses_legers,age_cond_1,age_cond_2,veh_type_cond_1,veh_type_cond_2,lum_code,agg_code,int_code,atm_code,col_code
202000039214,2020-07-28 20:50:00,2020,7,28,20,50,74,74289,D910,45.885408,5.938824,Plein jour,Hors agglomération,Hors intersection,Normale,Autre collision,3,2,2,0,1,3,1,0,3,70,1,1,0,0,1,0,22.0,,voiture,,1,1,1,1,6
202000039215,2020-11-29 09:30:00,2020,11,29,9,30,27,27375,SAINT PIERRE (ROUTE DE),49.243019,1.198358,Plein jour,Hors agglomération,Hors intersection,Normale,Deux véhicules - arrière,3,2,2,0,1,1,2,0,1,70,2,2,1,0,0,1,40.0,39.0,voiture,deux_roues,1,1,1,1,2
202000039216,2020-07-30 08:00:00,2020,7,30,8,0,76,76651,1360 Route de l'Aerodrome,49.838674,0.662248,Plein jour,En agglomération,Intersection en X,Normale,Deux véhicules - côté,3,2,2,0,1,1,1,0,1,50,2,2,1,0,1,0,57.0,36.0,voiture,voiture,1,2,2,1,3
202000039217,2020-11-26 15:50:00,2020,11,26,15,50,22,22187,RN12,48.54278,-2.76714,Plein jour,Hors agglomération,Hors intersection,Normale,Autre collision,2,3,4,0,1,1,8,8,1,90,1,1,0,0,1,0,20.0,,deux_roues,,1,1,1,1,6
202000039218,2020-07-30 21:00:00,2020,7,30,21,0,79,79079,Lieu Dit le Puy Riou,46.916961,-0.760733,Plein jour,Hors agglomération,Hors intersection,Normale,Deux véhicules - arrière,3,2,2,0,1,1,1,0,8,80,2,3,2,0,0,1,17.0,18.0,deux_roues,deux_roues,1,1,1,1,2
202000039219,2020-12-07 20:25:00,2020,12,7,20,25,17,17300,ORBIGNY   RUE ALCIDE D',46.16318,-1.14581,Nuit avec éclairage allumé,En agglomération,Intersection en X,Pluie légère,Deux véhicules - côté,4,2,2,0,1,1,2,0,1,50,2,2,1,0,0,1,59.0,23.0,voiture,deux_roues,5,2,2,2,3
202000039220,2020-07-29 17:40:00,2020,7,29,17,40,2B,2B050,T30,42.557806,8.795993,Plein jour,Hors agglomération,Hors intersection,Normale,Deux véhicules - côté,2,2,2,0,1,1,1,0,1,70,2,2,0,1,0,1,27.0,47.0,voiture,deux_roues,1,1,1,1,3
202000039221,2020-12-05 11:35:00,2020,12,5,11,35,17,17274,D108,46.16053,-1.08201,Plein jour,Hors agglomération,Hors intersection,Normale,Sans collision,3,2,2,0,1,1,1,0,1,80,1,3,2,0,0,1,25.0,,voiture,,1,1,1,1,7
202000039222,2020-07-30 10:00:00,2020,7,30,10,0,55,55543,37 rue de tronville,48.704174,5.298318,Plein jour,En agglomération,Hors intersection,Normale,Autre collision,2,2,2,0,1,1,1,0,1,50,1,2,1,1,0,0,42.0,,voiture,,1,2,1,1,6
202000039223,2020-12-03 17:40:00,2020,12,3,17,40,15,15014,Avenue du Général Leclerc,44.91,2.44527,Nuit avec éclairage allumé,En agglomération,Autre intersection,Pluie légère,Autre collision,4,2,2,0,1,1,2,9,8,50,1,3,2,0,1,0,45.0,,voiture,,5,2,9,2,6
202000039224,2020-07-27 19:24:00,2020,7,27,19,24,49,49050,Lieu Dit la Gonorderie,47.3440353,-0.4368198,Plein jour,Hors agglomération,Giratoire,Normale,Deux véhicules - frontale,3,2,2,0,1,2,1,0,1,80,2,2,1,0,1,0,15.0,51.0,deux_roues,voiture,1,1,6,1,1
202000039225,2020-12-06 06:55:00,2020,12,6,6,55,14,14437,ECHANGEUR N° 6 ( VALLEE DES JARDINS ),49.16658,-0.30337,Nuit sans éclairage public,En agglomération,Hors intersection,Pluie légère,Autre collision,2,3,4,0,1,1,2,0,1,90,1,1,0,0,0,1,29.0,,voiture,,3,2,1,2,6
202000039226,2020-07-18 08:24:00,2020,7,18,8,24,44,44069,rd 774,47.327545,-2.41563,Plein jour,Hors agglomération,Giratoire,Normale,Deux véhicules - côté,3,1,2,0,1,2,1,9,1,80,2,2,1,0,1,0,59.0,18.0,voiture,deux_roues,1,1,6,1,3
202000039227,2020-12-06 05:20:00,2020,12,6,5,20,14,14118,ADAM (RUE MONSEIGNEUR),49.18287,-0.39758,Nuit avec éclairage allumé,En agglomération,Hors intersection,Temps couvert,Autre collision,4,2,0,0,1,1,2,0,3,50,1,1,0,0,1,0,25.0,,voiture,,5,2,1,8,6
202000039228,2020-07-21 18:00:00,2020,7,21,18,0,38,38500,D1092,45.179169,5.376756,Plein jour,Hors agglomération,Hors intersection,Normale,Deux véhicules - frontale,3,3,2,0,2,1,1,0,1,80,2,3,0,0,1,2,68.0,29.0,voiture,voiture,1,1,1,1,1
202000039229,2020-12-02 10:05:00,2020,12,2,10,5,14,14118,FALAISE (RUE DE  - 90-142 IMPAIR - 95),49.16905,-0.35265,Plein jour,En agglomération,Hors intersection,Normale,Autre collision,4,2,2,0,1,1,1,0,1,50,1,2,1,0,0,1,42.0,,voiture,,1,2,1,1,6
202000039230,2020-07-30 06:40:00,2020,7,30,6,40,03,03250,,46.2218142,3.7579804,Plein jour,Hors agglomération,Hors intersection,Temps éblouissant,Autre collision,2,3,4,0,1,1,1,0,1,110,1,2,0,0,1,1,22.0,,utilitaire_camion,,1,1,1,7,6
202000039231,2020-12-04 19:30:00,2020,12,4,19,30,13,13117,ROND POINT DE PIERRE PLANTEE,43.44664,5.2483,Nuit avec éclairage allumé,En agglomération,Giratoire,Normale,Deux véhicules - côté,4,1,1,0,1,3,1,0,1,30,2,3,2,0,0,1,55.0,64.0,voiture,voiture,5,2,6,1,3
202000039232,2020-07-24 15:30:00,2020,7,24,15,30,03,03292,Le Bois de l'Espau,46.4167243,3.0561162,Plein jour,Hors agglomération,Intersection en Y,Normale,Deux véhicules - côté,3,2,2,0,1,1,1,0,1,80,2,2,1,0,0,1,64.0,23.0,deux_roues,voiture,1,1,4,1,3
202000039233,2020-12-07 17:50:00,2020,12,7,17,50,13,13208,PRADO (AVENUE DU),43.2772926,5.3888015,Nuit avec éclairage allumé,En agglomération,Hors intersection,Pluie légère,Autre collision,4,1,2,3,1,1,2,0,1,50,1,1,0,0,0,1,20.0,,deux_roues,,5,2,1,2,6
202000039234,2020-07-19 08:00:00,2020,7,19,8,0,26,26183,1175 avenue des 3 becs ,44.710741,5.090149,Plein jour,En agglomération,Hors intersection,Temps éblouissant,Autre collision,3,2,2,0,1,1,1,9,1,50,1,2,1,0,1,0,63.0,,voiture,,1,2,1,7,6
202000039235,2020-12-07 17:00:00,2020,12,7,17,0,13,13208,HAMBOURG (BOULEVARD),43.24,5.38,Nuit avec éclairage allumé,En agglomération,Giratoire,Pluie légère,Trois véhicules et plus - collisions multiples,4,3,4,0,2,1,2,0,1,30,4,4,2,0,0,2,19.0,38.0,voiture,voiture,5,2,6,2,5
202000039236,2020-12-07 16:20:00,2020,12,7,16,20,13,13203,PLOMBIERES (BOULEVARD DES),43.315661,5.385627,Crépuscule ou aube,En agglomération,Hors intersection,Normale,Deux véhicules - arrière,4,1,2,0,1,1,1,0,1,50,2,2,1,0,0,1,25.0,31.0,voiture,voiture,2,2,1,1,2
202000039237,2020-07-30 10:40:00,2020,7,30,10,40,14,14494,D400,49.271463,-0.103614,Plein jour,Hors agglomération,Hors intersection,Normale,Deux véhicules - arrière,3,2,2,0,1,1,1,0,1,80,2,2,1,0,0,1,55.0,27.0,deux_roues,utilitaire_camion,1,1,1,1,2
202000039238,2020-12-07 13:00:00,2020,12,7,13,0,13,13211,CAMOINS (AVENUE DES),43.3002358,5.5028039,Plein jour,En agglomération,Hors intersection,Normale,,4,2,2,0,1,1,1,0,4,50,2,2,1,0,0,1,29.0,60.0,deux_roues,voiture,1,2,1,1,-1
202000039239,2020-12-07 12:15:00,2020,12,7,12,15,13,13002,AUBAGNENS (AVENUE DES),43.327451,5.4816504,Plein jour,En agglomération,Hors intersection,Normale,Autre collision,4,2,2,0,2,1,1,0,1,50,1,2,0,0,0,2,16.0,,deux_roues,,1,2,1,1,6
202000039240,2020-07-29 12:15:00,2020,7,29,12,15,14,14370,Route de Balleroy,49.220274,-0.870693,Plein jour,En agglomération,Intersection en X,Normale,Sans collision,3,2,2,0,1,1,1,0,1,30,1,1,0,0,0,1,25.0,,deux_roues,,1,2,2,1,7
202000039241,2020-07-29 18:08:00,2020,7,29,18,8,50,50215,D74,49.102834,-1.527811,Plein jour,Hors agglomération,Hors intersection,Temps éblouissant,Sans collision,3,2,2,0,1,1,1,0,8,80,1,1,0,0,1,0,28.0,,deux_roues,,1,1,1,7,7
202000039242,2020-11-24 08:22:00,2020,11,24,8,22,11,11262,MISTRAL (BOULEVARD FREDERIC),43.18822,3.0042,Plein jour,En agglomération,Hors intersection,Normale,Sans collision,4,2,2,0,1,1,1,0,1,50,1,2,1,0,0,1,20.0,,voiture,,1,2,1,1,7
202000039243,2020-07-30 12:00:00,2020,7,30,12,0,83,83082,D955,43.634717,6.4827374,Plein jour,Hors agglomération,Hors intersection,Normale,Autre collision,3,2,2,0,1,3,1,0,1,80,1,1,0,0,1,0,25.0,,voiture,,1,1,1,1,6
202000039244,2020-12-07 14:40:00,2020,12,7,14,40,07,07102,CAMUS (RUE ALBERT),44.9388755,4.8760374,Plein jour,En agglomération,Intersection en T,Normale,Deux véhicules - côté,4,2,2,0,1,1,1,0,5,50,2,2,1,0,0,1,57.0,61.0,voiture,deux_roues,1,2,3,1,3
202000039245,2020-07-30 15:10:00,2020,7,30,15,10,83,83007,Route de Villecroze,43.6192,6.222693,Plein jour,En agglomération,Hors intersection,Normale,,3,2,2,0,2,1,1,0,3,50,2,2,1,0,1,0,67.0,34.0,voiture,deux_roues,1,2,1,1,-1
202000039246,2020-12-07 15:00:00,2020,12,7,15,0,06,06069,Pénétrante,43.63035,6.94732,Plein jour,Hors agglomération,Hors intersection,Normale,Deux véhicules - côté,3,1,2,0,2,1,1,0,1,90,2,2,1,0,0,1,58.0,37.0,voiture,deux_roues,1,1,1,1,3
202000039247,2020-07-30 17:00:00,2020,7,30,17,0,83,83046,D13,43.535908,6.139784,Plein jour,Hors agglomération,Hors intersection,Normale,Autre collision,3,2,2,0,3,2,1,0,1,-1,1,1,0,0,0,1,47.0,,deux_roues,,1,1,1,1,6
202000039248,2020-12-07 10:40:00,2020,12,7,10,40,06,06069,MADELEINE,43.65529,6.93827,Plein jour,En agglomération,Hors intersection,Normale,Deux véhicules - côté,4,2,1,0,4,1,1,0,1,50,2,2,1,0,0,1,47.0,44.0,deux_roues,voiture,1,2,1,1,3
202000039249,2020-07-30 16:15:00,2020,7,30,16,15,60,60040,D75,49.4073274,2.5751893,Plein jour,Hors agglomération,Hors intersection,Normale,Autre collision,3,2,2,0,1,3,1,0,8,80,1,1,0,1,0,0,27.0,,voiture,,1,1,1,1,6
202000039250,2020-07-29 00:20:00,2020,7,29,0,20,45,45146,D2020-53+870,47.687904,1.958817,Nuit sans éclairage public,Hors agglomération,Hors intersection,Normale,Sans collision,3,2,2,0,1,1,1,0,1,80,1,1,0,0,1,0,32.0,,deux_roues,,3,1,1,1,7
202000039251,2020-12-07 14:40:00,2020,12,7,14,40,75,75116,PORTE DAUPHINE,48.869676,2.271235,Plein jour,En agglomération,Intersection en Y,Normale,Trois véhicules et plus - en chaîne,4,1,1,0,1,1,1,0,1,50,3,3,2,0,0,1,37.0,57.0,utilitaire_camion,voiture,1,2,4,1,4
202000039252,2020-07-29 11:45:00,2020,7,29,11,45,64,64368,D11,43.386712,-1.096938,Plein jour,Hors agglomération,Hors intersection,Normale,Deux véhicules - frontale,3,2,2,0,2,1,1,0,1,80,2,2,1,0,0,1,49.0,60.0,voiture,voiture,1,1,1,1,1
202000039253,2020-12-07 18:25:00,2020,12,7,18,25,75,75106,RUE D ASSAS,48.84506,2.332301,Nuit avec éclairage allumé,En agglomération,Intersection en Y,Normale,Autre collision,4,3,2,0,1,1,1,0,1,50,1,2,1,0,0,1,63.0,,voiture,,5,2,4,1,6
202000039254,2020-07-30 03:30:00,2020,7,30,3,30,64,64538,Lasse,43.134032,-1.267118,Nuit sans éclairage public,Hors agglomération,Hors intersection,Normale,Autre collision,3,2,2,0,1,3,2,0,8,80,1,1,0,1,0,0,20.0,,voiture,,3,1,1,1,6
202000039255,2020-12-07 18:40:00,2020,12,7,18,40,75,75112,BOULEVARD PERIPHERIQUE EXTERIEUR NORD  ,48.845831,2.414445,Nuit avec éclairage allumé,En agglomération,Hors intersection,Normale,Deux véhicules - arrière,4,1,4,0,1,1,1,0,1,70,2,3,1,0,0,2,24.0,29.0,voiture,voiture,5,2,1,1,2
202000039256,2020-07-29 16:45:00,2020,7,29,16,45,18,18197,Avenue de la Vigne du Prince,46.728897,2.494556,Plein jour,En agglomération,Hors intersection,Normale,Deux véhicules - frontale,3,2,2,0,1,1,1,0,1,50,2,2,1,0,1,0,45.0,38.0,voiture,voiture,1,2,1,1,1
202000039257,2020-12-07 19:20:00,2020,12,7,19,20,75,75117,BOULEVARD PEREIRE,48.887765,2.30631,Nuit avec éclairage allumé,En agglomération,Intersection en T,Normale,Deux véhicules - côté,4,1,1,0,1,1,1,0,1,50,2,2,1,0,0,1,37.0,60.0,deux_roues,voiture,5,2,3,1,3
202000039258,2020-07-30 12:50:00,2020,7,30,12,50,10,10323,rond point des anciens combattants d'afrique du nord,48.513989,3.725352,Plein jour,En agglomération,Giratoire,Normale,Sans collision,3,1,1,1,1,2,1,0,1,50,1,1,0,0,0,1,40.0,,deux_roues,,1,2,6,1,7
202000039259,2020-12-07 18:25:00,2020,12,7,18,25,75,75114,RUE FRIANT,48.827015,2.324918,Nuit avec éclairage allumé,En agglomération,Intersection en Y,Normale,Autre collision,4,1,2,1,1,2,1,-1,5,30,1,1,0,0,0,1,49.0,,deux_roues,,5,2,4,1,6
202000039260,2020-07-30 11:00:00,2020,7,30,11,0,07,07255,Avenue Louis Blanchon,44.751497,4.689775,Plein jour,En agglomération,Hors intersection,Normale,Deux véhicules - arrière,3,2,2,0,1,3,1,0,1,50,2,2,1,0,0,1,34.0,41.0,voiture,voiture,1,2,1,1,2
202000039261,2020-07-25 10:10:00,2020,7,25,10,10,21,21519,Route Dijon,47.783292,4.851817,Plein jour,Hors agglomération,Intersection en Y,Normale,Deux véhicules - arrière,3,2,2,0,4,2,1,0,1,50,2,2,1,0,0,1,44.0,73.0,utilitaire_camion,deux_roues,1,1,4,1,2
202000039262,2020-07-30 12:00:00,2020,7,30,12,0,40,40175,Route du stade,43.825123,-0.372097,Plein jour,En agglomération,Hors intersection,Normale,Deux véhicules - côté,3,2,2,0,2,1,1,0,1,50,2,3,2,0,1,0,53.0,30.0,deux_roues,voiture,1,2,1,1,3
202000039263,2020-07-30 13:20:00,2020,7,30,13,20,40,40312,Boulevard de la Yayi,43.548128,-1.460838,Plein jour,En agglomération,Hors intersection,Normale,Deux véhicules - arrière,3,1,2,3,2,1,1,0,1,50,2,2,1,0,0,1,69.0,33.0,deux_roues,voiture,1,2,1,1,2
202000039264,2020-07-29 08:45:00,2020,7,29,8,45,24,24520,7 rue du 26ème Régiment d'infanterie,44.877358,1.231241,Plein jour,En agglomération,Hors intersection,Normale,,4,2,2,0,2,1,1,0,1,50,3,3,2,0,1,0,59.0,75.0,deux_roues,voiture,1,2,1,1,-1
202000039265,2020-12-07 18:00:00,2020,12,7,18,0,75,75112,AVENUE DE SAINT MANDE,48.844676,2.405724,Nuit avec éclairage allumé,En agglomération,Intersection à plus de 4 branches,Normale,Deux véhicules - côté,4,2,2,0,1,1,1,0,1,50,2,2,1,0,0,1,16.0,33.0,deux_roues,utilitaire_camion,5,2,5,1,3
202000039266,2020-07-28 17:05:00,2020,7,28,17,5,85,85001,7 Avenue Amiral Courbet,46.335584,-1.313853,Plein jour,En agglomération,Hors intersection,Normale,Deux véhicules - frontale,3,2,2,0,1,1,1,0,1,50,2,2,1,0,0,1,75.0,19.0,voiture,deux_roues,1,2,1,1,1
202000039267,2020-12-07 08:40:00,2020,12,7,8,40,75,75112,AVENUE DE GRAVELLE,48.824175,2.42291,Plein jour,En agglomération,Intersection en T,Normale,Deux véhicules - côté,4,2,2,0,1,1,1,0,1,30,2,4,2,0,0,2,40.0,56.0,voiture,voiture,1,2,3,1,3
202000039268,2020-07-23 10:00:00,2020,7,23,10,0,85,85004,D747,46.3937,-1.4,Plein jour,Hors agglomération,Hors intersection,Normale,Autre collision,3,2,2,0,1,1,1,0,3,80,1,2,1,0,0,1,52.0,,utilitaire_camion,,1,1,1,1,6
202000039269,2020-12-07 16:45:00,2020,12,7,16,45,75,75110,RUE LOUIS BLANC,48.879208,2.3686,Plein jour,En agglomération,Hors intersection,Normale,Autre collision,4,1,1,0,1,1,1,0,4,50,1,2,1,0,0,1,24.0,,voiture,,1,2,1,1,6
202000039270,2020-12-07 17:50:00,2020,12,7,17,50,75,75110,BOULEVARD DE STRASBOURG,48.873363,2.356519,Nuit avec éclairage allumé,En agglomération,Intersection en T,Normale,Deux véhicules - côté,4,2,4,1,1,1,1,-1,5,50,2,2,1,0,0,1,63.0,45.0,deux_roues,deux_roues,5,2,3,1,3
202000039271,2020-07-30 16:00:00,2020,7,30,16,0,27,27083,D92,49.254053,0.759033,Plein jour,Hors agglomération,Intersection en T,Normale,Deux véhicules - côté,3,2,2,0,1,1,1,0,1,80,2,2,1,0,0,1,22.0,32.0,deux_roues,utilitaire_camion,1,1,3,1,3
202000039272,2020-07-30 09:45:00,2020,7,30,9,45,27,27207,D138,49.131212,0.467134,Plein jour,Hors agglomération,Hors intersection,Normale,Deux véhicules - arrière,3,1,1,0,1,1,1,0,1,80,2,2,1,0,0,1,67.0,25.0,deux_roues,voiture,1,1,1,1,2
202000039273,2020-07-29 16:00:00,2020,7,29,16,0,27,27032,24 bis rue des chenes - D32,48.928625,1.140293,Plein jour,En agglomération,Hors intersection,Normale,Autre collision,3,2,2,0,1,1,1,0,1,50,1,2,1,0,1,0,43.0,,voiture,,1,2,1,1,6
202000039274,2020-12-07 17:35:00,2020,12,7,17,35,75,75109,BOULEVARD DE CLICHY,48.883616,2.332673,Nuit avec éclairage allumé,En agglomération,Place,Normale,Autre collision,4,1,0,0,1,1,1,0,1,50,1,2,1,0,0,1,45.0,,deux_roues,,5,2,7,1,6
202000039275,2020-07-30 11:15:00,2020,7,30,11,15,52,52486,D155,47.904037,5.123631,Plein jour,Hors agglomération,Hors intersection,Normale,Sans collision,3,2,2,0,1,4,1,0,1,80,1,1,0,0,0,1,21.0,,deux_roues,,1,1,1,1,7
202000039276,2020-12-07 13:50:00,2020,12,7,13,50,75,75108,AVENUE MATIGNON,48.871768,2.314168,Plein jour,En agglomération,Intersection en X,Normale,Autre collision,4,1,3,0,1,1,1,0,1,50,1,2,1,0,0,1,39.0,,voiture,,1,2,2,1,6
202000039277,2020-12-07 15:45:00,2020,12,7,15,45,94,94080,VICTOR BASCH (R),48.8475,2.42744,Plein jour,En agglomération,Hors intersection,Normale,Deux véhicules - arrière,4,2,2,0,1,1,1,0,1,50,2,2,1,0,0,1,57.0,48.0,deux_roues,utilitaire_camion,1,2,1,1,2
202000039278,2020-07-30 07:30:00,2020,7,30,7,30,52,52251,17 Route de Paris,48.135385,5.084203,Plein jour,En agglomération,Intersection en X,Normale,Deux véhicules - arrière,3,2,2,0,1,1,1,0,1,50,2,2,1,0,0,1,35.0,19.0,deux_roues,voiture,1,2,2,1,2
202000039279,2020-12-06 15:40:00,2020,12,6,15,40,94,94068,BAC (AV DU),48.7975,2.5039,Plein jour,En agglomération,Intersection en T,Normale,Deux véhicules - côté,3,2,2,0,1,1,1,0,1,50,2,3,2,0,0,1,42.0,26.0,voiture,deux_roues,1,2,3,1,3
202000039280,2020-07-29 10:15:00,2020,7,29,10,15,46,46220,A20,44.869238,1.506028,Plein jour,Hors agglomération,Hors intersection,Normale,Deux véhicules - arrière,1,3,5,3,2,2,1,0,6,130,2,4,1,0,2,1,35.0,59.0,voiture,utilitaire_camion,1,1,1,1,2
202000039281,2020-12-07 14:55:00,2020,12,7,14,55,94,94046,GAMBETTA (AV),48.80973,2.45371,Plein jour,En agglomération,Hors intersection,Normale,Deux véhicules - côté,4,2,2,0,1,1,1,0,1,50,2,2,1,0,0,1,44.0,44.0,deux_roues,voiture,1,2,1,1,3
202000039282,2020-07-26 23:18:00,2020,7,26,23,18,40,40209,A63,43.574445,-1.428459,Nuit sans éclairage public,Hors agglomération,Hors intersection,Normale,Deux véhicules - arrière,1,3,5,0,1,1,1,0,1,130,2,6,2,0,0,4,54.0,31.0,voiture,voiture,3,1,1,1,2
202000039283,2020-12-07 07:45:00,2020,12,7,7,45,94,94076,MAXIME GORKI (BD),48.7967,2.36812,Nuit avec éclairage allumé,En agglomération,Hors intersection,Normale,Deux véhicules - côté,3,1,2,1,2,1,1,0,1,50,2,2,1,0,0,1,19.0,45.0,deux_roues,voiture,5,2,1,1,3
202000039284,2020-07-30 13:15:00,2020,7,30,13,15,18,18140,A20,47.138884,1.963034,Plein jour,Hors agglomération,Hors intersection,Normale,Autre collision,1,3,4,3,1,3,1,0,3,130,1,1,0,0,0,1,68.0,,deux_roues,,1,1,1,1,6
202000039285,2020-07-24 21:30:00,2020,7,24,21,30,38,38048,Chemin de Vignieu,45.578555,5.127859,Nuit sans éclairage public,Hors agglomération,Hors intersection,Normale,Autre collision,4,2,2,0,1,2,1,0,3,50,1,1,0,0,0,1,22.0,,voiture,,3,1,1,1,6
202000039286,2020-12-07 15:25:00,2020,12,7,15,25,93,93073,COLONGO (RUE PIERRE),48.9387,2.58168,Plein jour,En agglomération,Intersection en X,Normale,Deux véhicules - côté,4,-1,1,0,1,1,1,0,1,50,2,1,0,0,0,1,26.0,,voiture,,1,2,2,1,3
202000039287,2020-07-30 15:35:00,2020,7,30,15,35,988,98816,RT1 - PK 127+030,-21.7062,165.709147,Plein jour,Hors agglomération,Hors intersection,Normale,Deux véhicules - frontale,2,2,2,0,2,1,1,0,1,110,2,3,0,0,3,0,28.0,28.0,voiture,voiture,1,1,1,1,1
202000039288,2020-07-29 13:50:00,2020,7,29,13,50,973,97306,CD9,5.6521168,-53.8219357,Plein jour,Hors agglomération,Hors intersection,Normale,Sans collision,3,2,2,0,1,1,9,0,1,80,1,1,0,1,0,0,30.0,,voiture,,1,1,1,1,7
202000039289,2020-12-07 21:20:00,2020,12,7,21,20,93,93070,CAPITAINE-GLARNER (AV),48.90725,2.3264,Nuit avec éclairage allumé,En agglomération,Intersection en Y,Normale,Deux véhicules - arrière,3,2,2,0,1,1,1,0,1,50,2,3,2,0,0,1,39.0,19.0,voiture,deux_roues,5,2,4,1,2
202000039290,2020-07-28 20:00:00,2020,7,28,20,0,973,97311,Avenue Jean Galmot,5.551406,-53.935575,Nuit sans éclairage public,Hors agglomération,Hors intersection,Normale,Autre collision,3,2,2,0,1,1,1,0,1,80,1,1,0,0,1,0,,,,,3,1,1,1,6
202000039291,2020-12-07 21:25:00,2020,12,7,21,25,93,93045,R DE PARIS,48.8785879,2.4114459,Nuit avec éclairage allumé,En agglomération,Hors intersection,Normale,Deux véhicules - arrière,3,2,2,0,1,1,1,0,1,50,2,2,1,0,0,1,31.0,47.0,deux_roues,voiture,5,2,1,1,2
202000039292,2020-07-29 18:50:00,2020,7,29,18,50,973,97305,PK 14.5,4.926864,-52.392426,Plein jour,Hors agglomération,Hors intersection,Normale,Deux véhicules - frontale,2,2,2,0,1,1,1,0,1,80,2,2,0,1,1,0,33.0,55.0,deux_roues,deux_roues,1,1,1,1,1
202000039293,2020-12-07 09:00:00,2020,12,7,9,0,93,93063,R MARCEL ETHIS / R JEAN JAURES,48.8783,2.44546,Plein jour,En agglomération,Intersection en X,Brouillard / fumée,Autre collision,4,2,2,0,1,1,1,0,1,30,1,2,1,0,0,1,24.0,,voiture,,1,2,2,5,6
202000039294,2020-07-28 11:30:00,2020,7,28,11,30,971,97129,Desbonnes,16.3296301,-61.7535101,Plein jour,En agglomération,Hors intersection,Normale,Autre collision,3,2,3,0,2,2,1,0,3,50,1,2,1,0,1,0,25.0,,utilitaire_camion,,1,2,1,1,6
202000039295,2020-12-05 11:40:00,2020,12,5,11,40,93,93032,RAMBOUILLET   (AVENUE DE),48.87606,2.54463,Plein jour,En agglomération,Intersection en T,Normale,Deux véhicules - côté,4,2,2,0,1,4,1,0,1,50,2,3,2,0,0,1,21.0,28.0,voiture,voiture,1,2,3,1,3
202000039296,2020-12-07 12:20:00,2020,12,7,12,20,92,92046,PIERRE BROSSOLETTE (AVENUE),48.8115225,2.3002278,Plein jour,En agglomération,Intersection en X,Normale,Deux véhicules - côté,3,2,4,1,2,1,1,0,1,50,2,2,1,0,0,1,34.0,46.0,deux_roues,utilitaire_camion,1,2,2,1,3
202000039297,2020-12-07 10:20:00,2020,12,7,10,20,92,92044,CHARLES PASQUA (QUAI) 58 A90,48.9014756,2.2852421,Plein jour,En agglomération,Hors intersection,Temps couvert,Deux véhicules - côté,3,2,2,0,1,1,1,0,1,50,2,1,0,0,0,1,48.0,,deux_roues,,1,2,1,8,3
202000039298,2020-07-19 17:10:00,2020,7,19,17,10,44,44020,,47.173746,-1.612684,Plein jour,Hors agglomération,Hors intersection,Normale,Trois véhicules et plus - en chaîne,3,3,4,0,1,1,1,0,1,90,3,4,2,0,0,2,32.0,29.0,voiture,voiture,1,1,1,1,4
202000039299,2020-12-06 15:00:00,2020,12,6,15,0,92,92024,MARTRE DE (4 A 54),48.9009006,2.3080531,Plein jour,En agglomération,Intersection en X,Normale,Deux véhicules - côté,3,1,3,1,1,1,1,0,5,50,2,2,1,0,0,1,33.0,25.0,voiture,deux_roues,1,2,2,1,3
202000039300,2020-07-29 16:50:00,2020,7,29,16,50,29,29147,N165 - Quimperlé,47.8698533,-3.5945414,Plein jour,Hors agglomération,Hors intersection,Normale,Trois véhicules et plus - collisions multiples,2,3,4,0,1,1,1,0,1,110,3,4,2,0,1,1,46.0,80.0,utilitaire_camion,voiture,1,1,1,1,5
202000039301,2020-12-03 16:00:00,2020,12,3,16,0,92,92012,AUTEUIL (BOULEVARD D') - COTE IMPAIR,48.8454699,2.2530636,Crépuscule ou aube,En agglomération,Autre intersection,Pluie légère,Deux véhicules - arrière,4,2,2,0,1,1,2,0,1,50,2,2,1,0,0,1,43.0,30.0,voiture,deux_roues,2,2,9,2,2
202000039302,2020-07-30 16:20:00,2020,7,30,16,20,45,45049,Route de la Prevotee-chemin de la Tuilerie,47.853378,2.354557,Plein jour,Hors agglomération,Intersection en X,Normale,Deux véhicules - côté,4,-1,2,0,2,1,1,0,1,80,2,3,2,1,0,0,41.0,58.0,deux_roues,voiture,1,1,2,1,3
202000039303,2020-12-08 12:45:00,2020,12,8,12,45,62,62364,RD928,50.505979,2.131267,Plein jour,Hors agglomération,Intersection en T,Brouillard / fumée,Deux véhicules - côté,3,2,3,0,1,1,1,5,1,70,2,2,0,0,1,1,50.0,76.0,voiture,voiture,1,1,3,5,3
202000039304,2020-07-30 18:20:00,2020,7,30,18,20,04,04069,RD 102,43.8690142,6.5746622,Plein jour,Hors agglomération,Hors intersection,Normale,Sans collision,3,2,2,0,2,3,1,0,3,80,1,2,1,0,0,1,62.0,,deux_roues,,1,1,1,1,7
202000039305,2020-12-04 15:45:00,2020,12,4,15,45,49,49355,La ménardière,47.100278,-0.773849,Plein jour,Hors agglomération,Hors intersection,Normale,Deux véhicules - côté,3,3,2,0,1,1,1,0,1,90,2,2,1,0,1,0,56.0,38.0,autre,deux_roues,1,1,1,1,3
202000039306,2020-12-07 19:40:00,2020,12,7,19,40,52,52114,A5 PK 200+080,48.054799,4.961877,Nuit sans éclairage public,Hors agglomération,Hors intersection,Normale,Autre collision,1,1,1,0,1,3,1,0,3,50,1,2,1,0,1,0,23.0,,utilitaire_camion,,3,1,1,1,6