accident_id,datetime,annee,mois,jour,heure,minute,departement,commune_insee,adresse,latitude,longitude,luminosite,agglomeration,intersection,meteo,collision,catr,circ,nbv,vosp,prof,plan,surf,infra,situ,vma,nb_vehicules,nb_usagers,nb_indemnes,nb_tues,nb_blesses_hosp,nb_blesses_legers,age_cond_1,age_cond_2,veh_type_cond_1,veh_type_cond_2,lum_code,agg_code,int_code,atm_code,col_code
202000039307,2020-12-08 10:45:00,2020,12,8,10,45,35,35139,Route nationale 137,47.966939,-1.691723,Plein jour,Hors agglomération,Hors intersection,Temps couvert,Deux véhicules - arrière,2,3,4,0,2,2,2,0,1,110,2,2,1,0,1,0,22.0,46.0,voiture,utilitaire_camion,1,1,1,8,2
202000039308,2020-07-30 00:22:00,2020,7,30,0,22,04,04019,RD 9 (11 Avenue Ernest Pellotier),44.3876571,6.6397141,Nuit avec éclairage allumé,En agglomération,Hors intersection,Normale,Sans collision,3,2,2,0,1,1,9,0,1,50,1,2,0,0,0,2,28.0,,voiture,,5,2,1,1,7
202000039309,2020-12-08 16:25:00,2020,12,8,16,25,15,15207,A75 - PK 078.350 - sens nord vers sud,45.166859,3.158111,Plein jour,Hors agglomération,Hors intersection,Neige / grêle,Sans collision,1,3,4,0,2,1,5,0,2,130,1,1,0,0,0,1,72.0,,voiture,,1,1,1,4,7
202000039310,2020-07-30 08:05:00,2020,7,30,8,5,67,67329,D426,48.451268,7.521236,Plein jour,Hors agglomération,Intersection en X,Temps éblouissant,Deux véhicules - frontale,3,2,2,0,1,2,1,0,1,-1,2,2,0,0,0,2,21.0,41.0,voiture,voiture,1,1,2,7,1
202000039311,2020-12-08 07:30:00,2020,12,8,7,30,62,62754,D9,50.1754,2.84231,Nuit sans éclairage public,Hors agglomération,Hors intersection,Brouillard / fumée,Deux véhicules - frontale,3,2,2,0,1,1,2,0,1,80,2,3,0,0,2,1,43.0,28.0,voiture,voiture,3,1,1,5,1
202000039312,2020-07-29 19:20:00,2020,7,29,19,20,03,03102,361 Rue de 7 Fons,46.5236275,3.6862916,Plein jour,En agglomération,Intersection en T,Normale,Deux véhicules - côté,3,2,2,0,1,1,1,0,1,50,2,4,3,0,0,1,26.0,24.0,voiture,deux_roues,1,2,3,1,3
202000039313,2020-07-29 20:30:00,2020,7,29,20,30,07,07247,rn 102 saint jean le centenier,44.578616,4.526399,Plein jour,Hors agglomération,Intersection en X,Normale,Deux véhicules - arrière,2,-1,2,0,1,1,1,0,1,80,2,2,1,1,0,0,35.0,26.0,deux_roues,voiture,1,1,2,1,2
202000039314,2020-12-08 16:00:00,2020,12,8,16,0,77,77022,1 Avenue du général de Gaulle - D64,48.446388,2.601678,Plein jour,En agglomération,Intersection en X,Temps éblouissant,Autre collision,3,2,2,0,1,1,1,6,4,50,1,1,0,0,0,1,23.0,,voiture,,1,2,2,7,6
202000039315,2020-07-30 01:00:00,2020,7,30,1,0,69,69156,D306,45.962502,4.715747,Nuit avec éclairage allumé,Hors agglomération,Hors intersection,Normale,Sans collision,3,2,2,0,1,1,1,0,1,50,1,1,0,0,1,0,24.0,,deux_roues,,5,1,1,1,7
202000039316,2020-12-08 10:40:00,2020,12,8,10,40,83,83116,235 Avenue Gabriel Péri,43.453737,5.855759,Plein jour,En agglomération,Autre intersection,Pluie légère,Autre collision,6,-1,-1,0,1,1,2,0,1,50,1,2,1,0,1,0,31.0,,utilitaire_camion,,1,2,9,2,6
202000039317,2020-07-29 11:01:00,2020,7,29,11,1,86,86222,D20,46.681026,0.388539,Plein jour,Hors agglomération,Intersection en T,Normale,,3,2,2,0,1,1,1,0,1,70,2,2,1,0,1,0,27.0,76.0,deux_roues,voiture,1,1,3,1,-1
202000039318,2020-12-07 15:15:00,2020,12,7,15,15,2B,2B281,RD 80,42.801502,9.490487,Plein jour,Hors agglomération,Hors intersection,Temps couvert,Deux véhicules - côté,3,2,2,0,1,1,1,0,1,80,2,2,1,0,0,1,57.0,54.0,utilitaire_camion,deux_roues,1,1,1,8,3
202000039319,2020-07-30 11:00:00,2020,7,30,11,0,64,64376,5 Rue du Moulin,43.265763,-0.316293,Plein jour,En agglomération,Intersection en T,Normale,Deux véhicules - côté,4,2,2,0,1,1,1,0,1,50,2,2,1,0,0,1,28.0,14.0,voiture,deux_roues,1,2,3,1,3
202000039320,2020-12-08 12:45:00,2020,12,8,12,45,33,33485,"Route de Saint-Pey, D936 E7",44.84876,-0.10996,Plein jour,Hors agglomération,Intersection en X,Normale,Deux véhicules - côté,3,2,2,0,1,1,1,0,1,80,2,3,2,0,0,1,34.0,42.0,voiture,voiture,1,1,2,1,3
202000039321,2020-07-30 14:20:00,2020,7,30,14,20,44,44195,La Gouairie,47.351094,-1.914239,Plein jour,En agglomération,Hors intersection,Normale,Deux véhicules - frontale,4,2,2,0,2,4,1,0,1,80,2,2,1,1,0,0,19.0,45.0,voiture,deux_roues,1,2,1,1,1
202000039322,2020-12-08 17:55:00,2020,12,8,17,55,32,32107,Boulevard Saint-jacques,43.956499,0.365333,Nuit avec éclairage allumé,En agglomération,Hors intersection,Normale,Autre collision,3,2,2,0,1,1,1,0,1,50,1,2,1,0,1,0,59.0,,voiture,,5,2,1,1,6
202000039323,2020-07-27 16:00:00,2020,7,27,16,0,22,22143,Moulin de la Mer,48.60732,-2.278504,Plein jour,Hors agglomération,Hors intersection,Normale,Deux véhicules - arrière,3,2,2,0,1,1,1,0,1,70,2,2,1,0,1,0,55.0,21.0,deux_roues,voiture,1,1,1,1,2
202000039324,2020-12-07 13:30:00,2020,12,7,13,30,61,61038,Rue Apollo XI,48.372473,0.568596,Plein jour,En agglomération,Hors intersection,Normale,Deux véhicules - frontale,4,2,2,0,1,1,2,0,1,30,2,3,1,0,0,2,43.0,17.0,voiture,deux_roues,1,2,1,1,1
202000039325,2020-07-29 14:30:00,2020,7,29,14,30,22,22054,56 Rue des Hôpitaux,48.631253,-2.451872,Plein jour,En agglomération,Autre intersection,Normale,Sans collision,4,2,2,0,1,1,1,0,1,50,1,1,0,0,1,0,15.0,,deux_roues,,1,2,9,1,7
202000039326,2020-12-07 22:50:00,2020,12,7,22,50,86,86263,D741,46.503717,0.362383,Nuit sans éclairage public,Hors agglomération,Hors intersection,Pluie forte,Autre collision,3,2,2,1,1,1,2,0,3,90,1,1,0,0,1,0,18.0,,voiture,,3,1,1,3,6
202000039327,2020-07-30 16:00:00,2020,7,30,16,0,76,76057,1 Rue Pierre et Marie Curie,49.543633,0.955174,Plein jour,En agglomération,Intersection en T,Normale,Deux véhicules - côté,3,2,2,0,1,1,1,0,1,50,2,2,1,0,1,0,41.0,64.0,deux_roues,voiture,1,2,3,1,3
202000039328,2020-12-07 17:45:00,2020,12,7,17,45,68,68135,D105,47.588119,7.545998,Nuit avec éclairage allumé,Hors agglomération,Intersection en Y,Normale,Deux véhicules - côté,1,3,4,0,3,3,1,3,8,50,2,2,1,0,0,1,19.0,64.0,deux_roues,voiture,5,1,4,1,3
202000039329,2020-07-29 16:00:00,2020,7,29,16,0,59,59224,Rue Louis Chantreau,50.265702,3.212197,Plein jour,En agglomération,Hors intersection,Normale,Autre collision,3,2,2,0,1,1,1,6,1,50,1,3,1,0,2,0,33.0,,utilitaire_camion,,1,2,1,1,6
202000039330,2020-12-07 18:10:00,2020,12,7,18,10,22,22158,N164,48.200422,-2.890949,Nuit sans éclairage public,Hors agglomération,Giratoire,Pluie légère,Sans collision,2,3,4,0,1,1,2,0,8,70,1,1,0,0,0,1,60.0,,voiture,,3,1,6,2,7
202000039331,2020-07-26 19:10:00,2020,7,26,19,10,13,13071,A55 - Sens Marseille vers Martigues,43.384302,5.312748,Plein jour,Hors agglomération,Hors intersection,Temps éblouissant,Deux véhicules - arrière,1,1,3,0,1,1,1,0,1,90,2,4,2,0,0,2,33.0,27.0,utilitaire_camion,voiture,1,1,1,7,2
202000039332,2020-12-04 13:40:00,2020,12,4,13,40,22,22283,Convenant Trémeur,48.675561,-3.14928,Plein jour,Hors agglomération,Hors intersection,Neige / grêle,Deux véhicules - frontale,4,2,2,0,4,2,2,0,1,80,2,4,3,0,0,1,55.0,50.0,voiture,voiture,1,1,1,4,1
202000039333,2020-12-08 09:40:00,2020,12,8,9,40,29,29162,D785 - Lieu Dit le Grand Pont,48.289875,-3.950014,Plein jour,Hors agglomération,Hors intersection,Pluie légère,Sans collision,3,2,2,0,4,3,7,0,1,80,1,1,0,0,0,1,35.0,,deux_roues,,1,1,1,2,7
202000039334,2020-07-28 14:00:00,2020,7,28,14,0,83,83137,A57,43.12132,5.95331,Plein jour,Hors agglomération,Hors intersection,Normale,Deux véhicules - arrière,1,3,4,0,1,1,1,0,1,110,2,2,1,0,1,0,45.0,54.0,deux_roues,utilitaire_camion,1,1,1,1,2
202000039335,2020-12-07 07:35:00,2020,12,7,7,35,31,31118,D29,43.793201,1.353121,Crépuscule ou aube,Hors agglomération,Hors intersection,Pluie légère,Deux véhicules - côté,3,2,2,0,2,4,2,0,1,80,2,2,1,0,1,0,24.0,29.0,deux_roues,voiture,2,1,1,2,3
202000039336,2020-07-29 17:11:00,2020,7,29,17,11,33,33080,AUTOROUTE A 62,44.73825,-0.53456,Plein jour,Hors agglomération,Hors intersection,Normale,Trois véhicules et plus - collisions multiples,1,3,4,0,1,1,1,0,1,130,3,3,2,0,0,1,34.0,45.0,deux_roues,voiture,1,1,1,1,5
202000039337,2020-12-07 17:00:00,2020,12,7,17,0,38,38538,Rue Paul Crétien,45.215475,5.861917,Crépuscule ou aube,En agglomération,Intersection en X,Temps couvert,Deux véhicules - arrière,3,2,2,0,1,1,1,0,1,30,2,2,1,0,1,0,14.0,49.0,deux_roues,voiture,2,2,2,8,2
202000039338,2020-12-07 20:57:00,2020,12,7,20,57,02,02614,D57,49.902448,3.217601,Nuit avec éclairage allumé,En agglomération,Autre intersection,Brouillard / fumée,Autre collision,3,2,2,0,1,1,2,0,1,50,1,2,1,1,0,0,28.0,,voiture,,5,2,9,5,6
202000039339,2020-07-28 10:20:00,2020,7,28,10,20,33,33013,ROUTE NATIONALE 230,44.86143,-0.50387,Plein jour,Hors agglomération,Hors intersection,Pluie légère,Deux véhicules - arrière,2,3,6,0,1,1,2,0,1,90,2,2,1,0,0,1,24.0,57.0,utilitaire_camion,voiture,1,1,1,2,2
202000039340,2020-12-07 18:30:00,2020,12,7,18,30,06,06032,avenue prince rainier III de Monaco,43.725452,7.40677,Nuit avec éclairage allumé,En agglomération,Hors intersection,Normale,Deux véhicules - arrière,7,2,3,0,1,1,1,0,1,50,2,2,1,0,0,1,51.0,58.0,deux_roues,voiture,5,2,1,1,2
202000039341,2020-07-29 05:00:00,2020,7,29,5,0,94,94003,AUTOROUTE A6B,48.79906,2.34388,Nuit sans éclairage public,Hors agglomération,Hors intersection,Normale,Sans collision,1,-1,2,0,1,1,1,0,1,90,1,1,0,0,0,1,21.0,,voiture,,3,1,1,1,7
202000039342,2020-12-07 17:10:00,2020,12,7,17,10,05,05115,Les combes du seigneur,44.46687,6.17871,Nuit avec éclairage allumé,Hors agglomération,Hors intersection,Normale,Autre collision,6,-1,0,0,1,1,2,9,8,50,1,2,1,0,1,0,84.0,,voiture,,5,1,1,1,6
202000039343,2020-07-29 00:43:00,2020,7,29,0,43,94,94034,AUTOROUTE A86,48.75746,2.33488,Nuit sans éclairage public,Hors agglomération,Hors intersection,Normale,Sans collision,1,1,2,0,2,2,1,0,1,70,1,1,0,0,0,1,23.0,,utilitaire_camion,,3,1,1,1,7
202000039344,2020-12-08 06:30:00,2020,12,8,6,30,50,50082,Le Pommeret le Vretot (Le Vrétot),49.468855,-1.7191,Crépuscule ou aube,Hors agglomération,Hors intersection,Normale,Autre collision,3,2,2,0,1,1,7,0,3,80,1,1,0,0,0,1,65.0,,voiture,,2,1,1,1,6
202000039345,2020-07-29 00:10:00,2020,7,29,0,10,78,78140,A13,48.961039,1.930159,Nuit avec éclairage non allumé,Hors agglomération,Hors intersection,Normale,Sans collision,1,3,6,0,1,1,1,0,2,130,1,1,0,0,0,1,29.0,,voiture,,4,1,1,1,7
202000039346,2020-12-08 09:55:00,2020,12,8,9,55,60,60405,D68 ,49.688122,1.808796,Plein jour,Hors agglomération,Hors intersection,Brouillard / fumée,Deux véhicules - arrière,3,2,2,0,1,2,2,0,1,80,2,6,3,1,2,0,23.0,56.0,voiture,utilitaire_camion,1,1,1,5,2
202000039347,2020-07-27 12:45:00,2020,7,27,12,45,92,92036,A86,48.9339888,2.2774024,Plein jour,Hors agglomération,Hors intersection,Normale,Deux véhicules - arrière,1,3,4,0,1,1,1,0,2,90,2,2,0,0,0,2,46.0,31.0,voiture,utilitaire_camion,1,1,1,1,2
202000039348,2020-12-08 19:30:00,2020,12,8,19,30,60,60333,Avenue Tristan Klingsor,49.4474804,1.9005656,Nuit avec éclairage allumé,En agglomération,Hors intersection,Brouillard / fumée,Autre collision,3,2,2,0,4,3,2,0,8,50,1,2,1,0,1,0,42.0,,voiture,,5,2,1,5,6
202000039349,2020-12-07 07:30:00,2020,12,7,7,30,36,36064,,46.8290468,1.79804,Crépuscule ou aube,Hors agglomération,Hors intersection,Temps couvert,Deux véhicules - arrière,3,2,2,0,1,1,2,0,1,90,2,2,1,0,1,0,55.0,52.0,voiture,deux_roues,2,1,1,8,2
202000039350,2020-12-08 09:00:00,2020,12,8,9,0,85,85023,RD 19,46.539528,-1.194549,Plein jour,Hors agglomération,Hors intersection,Normale,Deux véhicules - arrière,3,2,2,0,1,1,1,0,1,80,2,3,1,0,2,0,84.0,53.0,voiture,utilitaire_camion,1,1,1,1,2
202000039351,2020-05-25 19:01:00,2020,5,25,19,1,42,42218,Rue Edouard Martel,45.42402,4.37515,Plein jour,En agglomération,Intersection en X,Normale,Deux véhicules - côté,4,2,-1,0,2,1,1,0,1,50,2,2,1,0,1,0,36.0,41.0,deux_roues,voiture,1,2,2,1,3
202000039352,2020-12-08 00:15:00,2020,12,8,0,15,28,28025,RD2020,48.257554,1.966424,Nuit sans éclairage public,Hors agglomération,Hors intersection,Normale,Deux véhicules - frontale,3,2,3,0,1,1,1,0,1,90,2,3,0,0,2,1,31.0,44.0,utilitaire_camion,utilitaire_camion,3,1,1,1,1
202000039353,2020-04-28 06:54:00,2020,4,28,6,54,42,42218,Rue Camélinat,45.44478,4.38429,Plein jour,En agglomération,Intersection en X,Normale,Sans collision,4,1,1,0,1,1,2,0,1,50,1,1,0,0,0,1,31.0,,deux_roues,,1,2,2,1,7
202000039354,2020-12-07 09:42:00,2020,12,7,9,42,17,17197,Boulevard Rene Gautret,45.448398,-0.43749,Crépuscule ou aube,En agglomération,Hors intersection,Pluie forte,Autre collision,3,2,2,0,1,1,2,0,1,50,1,2,1,0,1,0,42.0,,voiture,,2,2,1,3,6
202000039355,2020-12-07 17:20:00,2020,12,7,17,20,52,52247,Rue de Corrupt,48.208359,5.559742,Nuit avec éclairage allumé,En agglomération,Hors intersection,Normale,Autre collision,4,2,2,0,1,2,1,0,1,50,1,2,1,0,0,1,71.0,,voiture,,5,2,1,1,6
202000039356,2020-02-26 14:40:00,2020,2,26,14,40,17,17306,PONTAILLAC (DE) (AVENUE),45.62259,-1.04097,Plein jour,En agglomération,Intersection en X,Normale,Deux véhicules - côté,4,-1,1,0,1,1,1,0,1,50,2,3,2,0,0,1,71.0,67.0,voiture,voiture,1,2,2,1,3
202000039357,2020-05-28 17:45:00,2020,5,28,17,45,13,13208,RAY GRASSI (Allée),43.2709796,5.3967065,Plein jour,En agglomération,Hors intersection,Normale,Autre collision,4,2,-1,0,1,1,1,0,1,30,1,2,1,0,1,0,23.0,,voiture,,1,2,1,1,6
202000039358,2020-12-08 04:50:00,2020,12,8,4,50,53,53007,A81,48.070132,-0.563399,Nuit sans éclairage public,Hors agglomération,Hors intersection,Autre,Deux véhicules - arrière,1,3,4,0,1,1,2,0,1,130,2,4,2,0,2,0,48.0,67.0,utilitaire_camion,utilitaire_camion,3,1,1,9,2
202000039359,2020-07-28 14:00:00,2020,7,28,14,0,69,69259,CHARLES DE GAULLE                   (AV),45.71742,4.89143,Plein jour,En agglomération,Intersection en T,Normale,Deux véhicules - côté,3,1,4,3,1,1,1,0,1,70,2,2,1,0,0,1,71.0,30.0,voiture,deux_roues,1,2,3,1,3
202000039360,2020-12-02 10:30:00,2020,12,2,10,30,06,06149,A8 PK 204.500 chaussée nord,43.743352,7.336893,Plein jour,Hors agglomération,Hors intersection,Normale,Deux véhicules - arrière,1,3,4,0,2,2,2,0,1,90,2,3,2,0,0,1,57.0,37.0,voiture,voiture,1,1,1,1,2
202000039361,2020-07-28 08:25:00,2020,7,28,8,25,69,69276,ONZE NOVEMBRE 1918                 R,45.6692,4.8505,Plein jour,En agglomération,Hors intersection,Normale,Deux véhicules - arrière,4,-1,2,0,1,1,1,0,1,50,2,2,1,0,0,1,32.0,21.0,autre,voiture,1,2,1,1,2
202000039362,2020-12-07 08:10:00,2020,12,7,8,10,69,69013,A6,46.010972,4.729786,Plein jour,Hors agglomération,Hors intersection,Normale,Autre collision,1,3,3,0,1,1,2,0,1,130,1,1,0,0,0,1,39.0,,voiture,,1,1,1,1,6
202000039363,2020-07-27 11:45:00,2020,7,27,11,45,69,69034,GEORGES CLEMENCEAU                  (QU),45.79152,4.82307,Plein jour,En agglomération,Intersection en T,Normale,Deux véhicules - côté,4,2,2,0,1,1,1,5,1,50,2,2,1,0,0,1,46.0,67.0,voiture,deux_roues,1,2,3,1,3
202000039364,2020-12-08 08:05:00,2020,12,8,8,5,971,97107,bel air,16.088068,-61.56322,Plein jour,Hors agglomération,Hors intersection,Normale,Deux véhicules - côté,2,2,2,0,1,1,1,0,1,80,2,2,0,0,1,1,40.0,37.0,deux_roues,voiture,1,1,1,1,3
202000039365,2020-07-27 10:15:00,2020,7,27,10,15,69,69389,GARE D'EAU (DE LA)                  (QU),45.78094,4.80832,Plein jour,En agglomération,Intersection en T,Normale,Autre collision,4,2,4,0,1,1,1,0,1,50,1,2,1,0,1,0,65.0,,voiture,,1,2,3,1,6
202000039366,2020-12-06 21:45:00,2020,12,6,21,45,972,97228,Boulevard Antonin Jerome Mercan,14.773643,-60.989528,Nuit avec éclairage allumé,En agglomération,Hors intersection,Normale,Autre collision,2,2,2,0,1,4,1,0,3,50,1,1,0,0,1,0,21.0,,voiture,,5,2,1,1,6
202000039367,2020-07-27 09:50:00,2020,7,27,9,50,69,69382,REPUBLIQUE (DE LA)                  (R ),45.76375,4.83582,Plein jour,En agglomération,Autre intersection,Normale,Autre collision,9,2,2,3,1,1,1,9,4,50,1,2,1,0,0,1,28.0,,utilitaire_camion,,1,2,9,1,6
202000039368,2020-12-08 07:35:00,2020,12,8,7,35,95,95199,1 Avenue Jean Jaurés,49.029645,2.330174,Nuit avec éclairage allumé,En agglomération,Giratoire,Normale,Deux véhicules - frontale,4,1,2,0,2,1,1,9,1,30,2,2,1,0,1,0,57.0,23.0,voiture,deux_roues,5,2,6,1,1
202000039369,2020-12-07 16:30:00,2020,12,7,16,30,84,84132,3008 Route d'Orange,43.957115,4.984523,Crépuscule ou aube,Hors agglomération,Hors intersection,Pluie légère,Autre collision,3,2,2,0,1,1,2,0,3,80,1,1,0,1,0,0,42.0,,voiture,,2,1,1,2,6
202000039370,2020-07-28 16:30:00,2020,7,28,16,30,95,95268,RD 84A,48.9648423,2.4175911,Plein jour,En agglomération,Hors intersection,Normale,Deux véhicules - côté,3,2,2,0,1,1,1,0,1,80,2,3,1,0,0,2,48.0,50.0,deux_roues,voiture,1,2,1,1,3
202000039371,2020-07-28 19:00:00,2020,7,28,19,0,91,91421,NATIONALE 6 (PARTIE FORET),48.690056,2.465822,Plein jour,Hors agglomération,Hors intersection,Normale,Autre collision,2,3,4,0,1,1,1,0,1,90,1,4,0,0,0,4,28.0,,voiture,,1,1,1,1,6
202000039372,2020-12-08 07:25:00,2020,12,8,7,25,13,13049,D17d,43.69633,5.079038,Crépuscule ou aube,Hors agglomération,Hors intersection,Pluie légère,,3,2,2,0,1,1,2,9,6,30,2,3,2,0,0,1,57.0,65.0,autre,voiture,2,1,1,2,-1
202000039373,2020-07-27 14:00:00,2020,7,27,14,0,91,91228,MITTERAND (BD FRANCOIS),48.625074,2.424065,Plein jour,En agglomération,Hors intersection,Normale,Autre collision,3,2,2,0,1,1,1,0,1,50,1,2,1,0,0,1,26.0,,voiture,,1,2,1,1,6
202000039374,2020-12-07 18:00:00,2020,12,7,18,0,13,13101,D46,43.413091,5.535398,Nuit sans éclairage public,Hors agglomération,Hors intersection,Pluie légère,Deux véhicules - frontale,3,2,2,0,2,3,2,0,1,80,2,2,0,0,1,1,29.0,41.0,voiture,voiture,3,1,1,2,1
202000039375,2020-07-28 21:06:00,2020,7,28,21,6,91,91657,PAUL VAILLANT COUTURIER (AVENUE),48.6966,2.43594,Plein jour,En agglomération,Intersection en X,Normale,Deux véhicules - côté,4,2,2,0,1,1,1,0,1,50,2,2,1,0,0,1,23.0,54.0,voiture,voiture,1,2,2,1,3
202000039376,2020-12-06 15:48:00,2020,12,6,15,48,57,57205,D23,49.219189,6.637888,Plein jour,En agglomération,Hors intersection,Normale,Autre collision,3,2,2,0,1,1,1,0,1,50,1,1,0,0,1,0,53.0,,deux_roues,,1,2,1,1,6
202000039377,2020-12-08 11:00:00,2020,12,8,11,0,03,03298,chantalouette,46.3329613,3.4111859,Plein jour,Hors agglomération,Intersection en X,Pluie légère,Deux véhicules - côté,3,2,2,0,1,1,2,0,1,80,2,2,0,0,0,2,89.0,19.0,voiture,voiture,1,1,2,2,3
202000039378,2020-07-06 16:40:00,2020,7,6,16,40,84,84007,MORIERES (Route de ),43.95102,4.82968,Plein jour,En agglomération,Hors intersection,Normale,Trois véhicules et plus - en chaîne,4,2,2,0,1,1,1,0,1,50,4,4,2,0,0,2,44.0,21.0,voiture,voiture,1,2,1,1,4
202000039379,2020-12-06 11:15:00,2020,12,6,11,15,22,22376,14 rue Bellevue,48.2080498,-2.7918193,Plein jour,En agglomération,Hors intersection,Normale,Deux véhicules - frontale,3,2,2,0,2,1,1,0,1,50,2,3,0,0,0,3,21.0,43.0,voiture,voiture,1,2,1,1,1
202000039380,2020-07-27 21:35:00,2020,7,27,21,35,82,82121,SAINT-MARTIAL D 8 (ROUTE DE),44.0070125,1.3913745,Plein jour,Hors agglomération,Hors intersection,Normale,Autre collision,3,2,0,0,1,1,1,0,3,70,1,5,0,0,5,0,30.0,,voiture,,1,1,1,1,6
202000039381,2020-12-08 17:55:00,2020,12,8,17,55,27,27025,D316,49.092375,1.274092,Nuit avec éclairage allumé,En agglomération,Hors intersection,Normale,,3,4,2,0,1,1,1,9,1,50,2,2,1,0,1,0,27.0,80.0,voiture,voiture,5,2,1,1,-1
202000039382,2020-07-28 01:20:00,2020,7,28,1,20,80,80001,CHARTREUX (des),50.118352,1.837973,Nuit avec éclairage allumé,En agglomération,Hors intersection,Normale,Deux véhicules - côté,4,2,2,0,3,3,1,0,1,50,2,9,6,0,0,3,48.0,18.0,voiture,voiture,5,2,1,1,3
202000039383,2020-12-08 08:45:00,2020,12,8,8,45,27,27539,Rue des Etangs,49.11264,1.394888,Plein jour,En agglomération,Hors intersection,Brouillard / fumée,Autre collision,9,2,2,0,2,1,1,0,1,50,1,2,1,0,0,1,64.0,,voiture,,1,2,1,5,6
202000039384,2020-07-28 17:55:00,2020,7,28,17,55,77,77243,STADE  (AVENUE DU),48.87337,2.72172,Plein jour,En agglomération,Hors intersection,Normale,Autre collision,4,2,2,0,1,1,1,0,8,30,1,2,1,0,0,1,40.0,,voiture,,1,2,1,1,6
202000039385,2020-12-07 14:25:00,2020,12,7,14,25,13,13202,A55-Sens Marseille vers Martigues,43.314927,5.366783,Plein jour,Hors agglomération,Hors intersection,Normale,Autre collision,1,1,1,0,3,2,1,0,1,70,1,1,0,0,0,1,18.0,,voiture,,1,1,1,1,6
202000039386,2020-07-27 17:30:00,2020,7,27,17,30,76,76451,CD 31 (CHEMIN DE CLERES),49.4572945,1.0947892,Plein jour,En agglomération,Autre intersection,Normale,Deux véhicules - côté,3,2,2,0,1,1,1,0,1,50,2,2,1,0,0,1,62.0,46.0,deux_roues,voiture,1,2,9,1,3
202000039387,2020-12-07 17:20:00,2020,12,7,17,20,33,33162,ROCADE A 630,44.87798,-0.63036,Plein jour,Hors agglomération,Hors intersection,Pluie légère,Deux véhicules - arrière,1,3,4,0,1,1,2,8,1,70,2,2,1,0,0,1,26.0,40.0,voiture,voiture,1,1,1,2,2
202000039388,2020-12-04 19:20:00,2020,12,4,19,20,59,59646,ROUTE DEPARTEMENTALE 652,50.682846,3.116321,Nuit avec éclairage allumé,Hors agglomération,Hors intersection,Normale,Deux véhicules - arrière,7,3,4,0,1,3,1,0,1,90,2,2,1,0,0,1,34.0,35.0,voiture,deux_roues,5,1,1,1,2
202000039389,2020-07-27 08:08:00,2020,7,27,8,8,76,76351,BIGNE A FOSSE,49.52369,0.1126,Plein jour,En agglomération,Intersection en X,Normale,Deux véhicules - arrière,4,1,2,0,1,1,1,0,1,50,2,3,2,0,1,0,64.0,40.0,deux_roues,utilitaire_camion,1,2,2,1,2
202000039390,2020-07-27 19:52:00,2020,7,27,19,52,71,71153,EUROPE (AVENUE DE L'),46.8083058,4.4204371,Plein jour,En agglomération,Hors intersection,Normale,Sans collision,4,2,2,0,1,1,1,0,3,50,1,1,0,0,0,1,50.0,,deux_roues,,1,2,1,1,7
202000039391,2020-12-07 08:00:00,2020,12,7,8,0,78,78423,RN12,48.794337,2.050145,Plein jour,Hors agglomération,Hors intersection,Normale,,2,3,4,0,1,1,1,0,1,110,3,6,4,0,0,2,42.0,20.0,voiture,voiture,1,1,1,1,-1
202000039392,2020-07-27 17:15:00,2020,7,27,17,15,64,64445,EUROPE DE L',43.3295,-0.3535,Plein jour,En agglomération,Hors intersection,Temps éblouissant,Trois véhicules et plus - en chaîne,4,2,3,0,1,1,1,0,1,50,3,3,1,0,0,2,29.0,48.0,voiture,voiture,1,2,1,7,4
202000039393,2020-12-07 18:30:00,2020,12,7,18,30,77,77373,RN104,48.773978,2.611871,Nuit sans éclairage public,Hors agglomération,Hors intersection,Pluie légère,Sans collision,2,3,2,0,1,3,2,3,3,90,1,1,0,0,0,1,53.0,,voiture,,3,1,1,2,7
202000039394,2020-06-23 10:35:00,2020,6,23,10,35,64,64445,CAMOU,43.2998,-0.37924,Plein jour,En agglomération,Intersection en T,Normale,Autre collision,4,2,2,0,1,1,1,0,1,50,1,2,1,0,0,1,84.0,,voiture,,1,2,3,1,6
202000039395,2020-12-07 01:05:00,2020,12,7,1,5,988,98818,VE1/VE1 direction MONT-DORE,-22.2244,166.46779,Nuit avec éclairage non allumé,En agglomération,Intersection en Y,Normale,Autre collision,1,3,4,0,4,2,1,0,1,70,1,1,0,0,0,1,55.0,,voiture,,4,2,4,1,6
202000039396,2020-07-27 16:05:00,2020,7,27,16,5,64,64122,GRAMMONT (AVENUE - IMPASSE),43.4739,-1.55477,Plein jour,En agglomération,Hors intersection,Temps éblouissant,Deux véhicules - frontale,4,2,2,0,1,1,1,5,1,50,2,2,1,0,0,1,59.0,28.0,deux_roues,voiture,1,2,1,7,1
202000039397,2020-07-28 19:20:00,2020,7,28,19,20,64,64102,BOUFFLERS (ALLEES),43.4922,-1.4709,Plein jour,En agglomération,Hors intersection,Normale,Deux véhicules - côté,4,2,3,0,1,1,1,0,1,30,2,2,1,0,0,1,22.0,58.0,deux_roues,voiture,1,2,1,1,3