accident_id,datetime,annee,mois,jour,heure,minute,departement,commune_insee,adresse,latitude,longitude,luminosite,agglomeration,intersection,meteo,collision,catr,circ,nbv,vosp,prof,plan,surf,infra,situ,vma,nb_vehicules,nb_usagers,nb_indemnes,nb_tues,nb_blesses_hosp,nb_blesses_legers,age_cond_1,age_cond_2,veh_type_cond_1,veh_type_cond_2,lum_code,agg_code,int_code,atm_code,col_code
202000039488,2020-09-25 08:30:00,2020,9,25,8,30,69,69266,EMILE ZOLA     (Cours),45.7704284,4.8745946,Plein jour,En agglomération,Hors intersection,Temps couvert,Deux véhicules - côté,4,2,2,1,1,1,2,0,1,50,2,2,1,0,0,1,58.0,40.0,deux_roues,voiture,1,2,1,8,3
202000039489,2020-06-29 10:32:00,2020,6,29,10,32,49,49007,BEAUSSIER BOULEVARD,47.46877,-0.60024,Plein jour,En agglomération,Hors intersection,Normale,Deux véhicules - côté,4,2,2,0,1,1,1,0,1,60,2,2,1,0,0,1,24.0,42.0,deux_roues,voiture,1,2,1,1,3
202000039490,2020-09-24 09:00:00,2020,9,24,9,0,69,69256,PAUL MARCELLIN                      (AV),45.77406,4.93232,Plein jour,En agglomération,Intersection en T,Pluie légère,Deux véhicules - côté,4,2,2,2,1,1,2,0,1,50,2,2,1,0,0,1,17.0,25.0,deux_roues,voiture,1,2,3,2,3
202000039491,2020-06-26 16:08:00,2020,6,26,16,8,47,47001,SCALIGER (BOULEVARD),44.20752,0.61645,Plein jour,En agglomération,Hors intersection,Normale,Autre collision,4,2,2,0,1,1,1,0,1,30,1,2,1,0,0,1,38.0,,voiture,,1,2,1,1,6
202000039492,2020-06-29 14:30:00,2020,6,29,14,30,38,38185,Cours de la Libération,45.16817,5.71226,Plein jour,En agglomération,Hors intersection,Normale,Autre collision,3,3,1,0,1,1,1,0,1,50,1,2,1,0,1,0,52.0,,voiture,,1,2,1,1,6
202000039493,2020-09-25 07:30:00,2020,9,25,7,30,69,69264,Boulevard Louis Blanc,45.98479,4.72049,Plein jour,En agglomération,Intersection en T,Normale,Autre collision,4,3,4,0,1,1,1,0,1,50,1,1,0,0,0,1,,,,,1,2,3,1,6
202000039494,2020-06-29 10:00:00,2020,6,29,10,0,38,38151,Avenue de Grugliasco,45.1507,5.7101,Plein jour,En agglomération,Hors intersection,Normale,,4,2,2,0,1,1,1,0,1,50,2,2,1,0,1,0,38.0,56.0,deux_roues,utilitaire_camion,1,2,1,1,-1
202000039495,2020-09-24 16:48:00,2020,9,24,16,48,67,67180,FERME FALK (RUE DE LA),48.8098429,7.7840495,Plein jour,En agglomération,Hors intersection,Normale,Autre collision,4,2,2,0,1,1,1,0,1,50,1,2,1,0,1,0,44.0,,utilitaire_camion,,1,2,1,1,6
202000039496,2020-06-30 14:10:00,2020,6,30,14,10,37,37261,CHEVALLIER (RUE AUGUSTE),47.3775228,0.679563,Plein jour,En agglomération,Hors intersection,Normale,Autre collision,4,2,2,0,2,1,1,0,1,30,1,2,1,0,0,1,47.0,,voiture,,1,2,1,1,6
202000039497,2020-09-24 21:50:00,2020,9,24,21,50,66,66136,CASSANYES (PLACE JOSEPH),42.69706,2.90224,Nuit avec éclairage allumé,En agglomération,Hors intersection,Normale,Autre collision,4,1,1,0,1,1,1,0,1,30,1,1,0,0,0,1,,,,,5,2,1,1,6
202000039498,2020-06-27 10:00:00,2020,6,27,10,0,35,35288,52 Rue de la Balue,48.62653,-2.00198,Plein jour,En agglomération,Intersection en T,Normale,Autre collision,4,2,2,0,1,1,1,5,1,50,1,2,1,1,0,0,85.0,,voiture,,1,2,3,1,6
202000039499,2020-09-23 17:35:00,2020,9,23,17,35,66,66136,GIRAL (ALLEE AIME),42.71528,2.89361,Plein jour,En agglomération,Hors intersection,Normale,Autre collision,4,1,1,0,1,1,1,0,4,50,1,2,1,0,0,1,51.0,,voiture,,1,2,1,1,6
202000039500,2020-06-25 17:50:00,2020,6,25,17,50,35,35115,12 Boulevard de Saint Germain,48.3572411,-1.2045008,Plein jour,En agglomération,Hors intersection,Normale,Deux véhicules - arrière,4,2,2,0,4,1,1,0,1,50,2,2,1,0,0,1,81.0,20.0,voiture,voiture,1,2,1,1,2
202000039501,2020-09-22 11:10:00,2020,9,22,11,10,64,64483,HUGO VICTOR (BOULEVARD),43.38748,-1.66156,Plein jour,En agglomération,Hors intersection,Pluie légère,Autre collision,4,2,2,0,1,1,2,9,1,30,1,2,1,0,0,1,95.0,,voiture,,1,2,1,2,6
202000039502,2020-06-30 20:30:00,2020,6,30,20,30,34,34172,TOULOUSE (AVENUE DE,43.60042,3.86751,Plein jour,En agglomération,Hors intersection,Normale,Deux véhicules - arrière,4,2,4,1,1,1,1,0,1,50,2,1,0,0,0,1,36.0,,deux_roues,,1,2,1,1,2
202000039503,2020-09-25 23:00:00,2020,9,25,23,0,64,64445,PHILIPPON,43.32562,-0.36047,Nuit avec éclairage allumé,En agglomération,Hors intersection,Pluie légère,Sans collision,4,3,4,1,1,1,2,9,1,50,1,1,0,0,0,1,23.0,,deux_roues,,5,2,1,2,7
202000039504,2020-06-30 16:02:00,2020,6,30,16,2,34,34172,APOTHICAIRES (AVENUE DES),43.6418992,3.8349856,Plein jour,En agglomération,Hors intersection,Normale,Sans collision,5,2,1,0,2,1,1,0,1,50,1,2,1,0,0,1,37.0,,utilitaire_camion,,1,2,1,1,7
202000039505,2020-09-01 20:05:00,2020,9,1,20,5,64,64445,LEON BERARD,43.3132,-0.36906,Plein jour,En agglomération,Hors intersection,Temps éblouissant,Sans collision,4,3,2,0,1,1,1,0,1,50,1,2,1,0,0,1,20.0,,voiture,,1,2,1,7,7
202000039506,2020-09-23 16:07:00,2020,9,23,16,7,63,63113,FALLIERES (RUE ARMAND),45.7893025,3.0627836,Plein jour,En agglomération,Intersection en X,Normale,Autre collision,7,-1,1,0,1,1,1,0,1,50,1,2,1,0,1,0,34.0,,utilitaire_camion,,1,2,2,1,6
202000039507,2020-06-30 09:00:00,2020,6,30,9,0,34,34172,LIBERTE (AVENUE DE LA,43.6119,3.82486,Plein jour,En agglomération,Hors intersection,Normale,Deux véhicules - côté,3,2,2,0,1,1,1,0,1,50,2,2,1,0,0,1,22.0,38.0,utilitaire_camion,deux_roues,1,2,1,1,3
202000039508,2020-09-23 08:45:00,2020,9,23,8,45,62,62193,ST EXUPERY (AVENUE),50.94646,1.89366,Plein jour,En agglomération,Giratoire,Pluie légère,Deux véhicules - côté,4,4,2,0,1,2,2,0,1,50,2,2,1,0,1,0,31.0,21.0,deux_roues,voiture,1,2,6,2,3
202000039509,2020-06-30 08:45:00,2020,6,30,8,45,33,33063,AVE DU MAL DE LATTRE DE TASSIGNY CAUD,44.8596747,-0.632166,Plein jour,En agglomération,Hors intersection,Normale,Deux véhicules - arrière,4,2,4,2,1,1,1,0,1,50,2,2,1,0,0,1,49.0,28.0,deux_roues,voiture,1,2,1,1,2
202000039510,2020-09-25 10:00:00,2020,9,25,10,0,62,62041,DUMETZ ( DU COMMANDANT ),50.28334,2.78456,Plein jour,En agglomération,Hors intersection,Pluie légère,Autre collision,4,2,2,0,1,1,2,0,1,30,1,1,0,0,1,0,69.0,,voiture,,1,2,1,2,6
202000039511,2020-06-23 17:15:00,2020,6,23,17,15,33,33281,AVE FRANCOIS MITTERRAND,44.8119384,-0.7109778,Plein jour,En agglomération,Hors intersection,Normale,Deux véhicules - côté,4,2,2,0,1,1,1,0,1,50,2,2,1,0,1,0,23.0,55.0,utilitaire_camion,deux_roues,1,2,1,1,3
202000039512,2020-09-24 21:15:00,2020,9,24,21,15,60,60159,PARIS (DE),49.4114,2.81837,Nuit avec éclairage allumé,En agglomération,Intersection en T,Normale,Deux véhicules - côté,4,2,2,0,1,1,2,0,1,50,2,2,1,0,0,1,48.0,21.0,deux_roues,voiture,5,2,3,1,3
202000039513,2020-06-28 05:00:00,2020,6,28,5,0,33,33063,RUE GIACOMO MATTEOTI,44.832,-0.5437,Nuit avec éclairage allumé,En agglomération,Hors intersection,Normale,Autre collision,4,2,2,0,1,1,1,0,1,50,1,1,0,0,0,1,32.0,,voiture,,5,2,1,1,6
202000039514,2020-09-24 07:40:00,2020,9,24,7,40,59,59017,DEPORTES (RUE DES),50.6857426,2.8915983,Plein jour,En agglomération,Hors intersection,Normale,Autre collision,7,2,2,0,1,1,1,0,1,50,1,2,1,0,0,1,22.0,,voiture,,1,2,1,1,6
202000039515,2020-06-30 11:30:00,2020,6,30,11,30,29,29232,Avenue Leon Blum,47.98355,-4.07557,Plein jour,En agglomération,Hors intersection,Pluie légère,Sans collision,4,2,2,0,1,3,2,0,1,50,1,1,0,0,0,1,16.0,,deux_roues,,1,2,1,2,7
202000039516,2020-09-24 17:40:00,2020,9,24,17,40,58,58194,BERNARD PALISSY,46.9856,3.1745,Plein jour,En agglomération,Hors intersection,Normale,Deux véhicules - arrière,4,2,2,1,1,1,1,0,1,50,2,2,1,0,0,1,18.0,24.0,deux_roues,voiture,1,2,1,1,2
202000039517,2020-09-25 10:15:00,2020,9,25,10,15,54,54395,CHARLES V (BOULEVARD),48.7,6.17613,Plein jour,En agglomération,Hors intersection,Normale,Deux véhicules - arrière,4,2,2,0,1,1,1,0,1,30,2,1,0,0,0,1,88.0,,deux_roues,,1,2,1,1,2
202000039518,2020-06-29 13:20:00,2020,6,29,13,20,29,29232,Rue Saint Marc,47.99632,-4.10966,Plein jour,En agglomération,Intersection en T,Normale,Deux véhicules - arrière,4,1,1,0,1,1,1,0,1,50,2,2,1,0,0,1,48.0,50.0,deux_roues,voiture,1,2,3,1,2
202000039519,2020-06-24 08:05:00,2020,6,24,8,5,17,17306,Rue Gambetta,45.62406,-1.02898,Plein jour,En agglomération,Hors intersection,Normale,Autre collision,4,2,4,0,1,1,1,0,1,30,1,2,1,0,0,1,81.0,,voiture,,1,2,1,1,6
202000039520,2020-07-01 00:00:00,2020,7,1,0,0,14,14118,LEBISEY (RUE DE),49.194763,-0.356334,Nuit avec éclairage non allumé,En agglomération,Hors intersection,Normale,Autre collision,4,2,2,0,1,1,1,0,1,50,1,2,1,0,0,1,30.0,,voiture,,4,2,1,1,6
202000039521,2020-06-27 14:50:00,2020,6,27,14,50,30,30032,saint gilles route de D38,43.790414,4.581312,Plein jour,Hors agglomération,Hors intersection,Normale,Deux véhicules - frontale,3,2,2,0,1,2,1,0,1,80,2,4,0,0,2,2,57.0,87.0,voiture,voiture,1,1,1,1,1
202000039522,2020-09-04 17:00:00,2020,9,4,17,0,54,54547,BELGIQUE (RUE DE),48.6659,6.17098,Plein jour,En agglomération,Hors intersection,Normale,Trois véhicules et plus - en chaîne,4,-1,2,0,1,1,1,0,1,30,3,3,2,0,0,1,51.0,67.0,voiture,voiture,1,2,1,1,4
202000039523,2020-06-30 20:03:00,2020,6,30,20,3,13,13210,L ARMEE D AFRIQUE (CHEMIN DE L'),43.286757,5.414178,Plein jour,En agglomération,Hors intersection,Normale,Autre collision,3,2,2,0,1,1,1,0,1,50,1,2,1,0,1,0,21.0,,deux_roues,,1,2,1,1,6
202000039524,2020-09-25 17:35:00,2020,9,25,17,35,51,51454,Rue de Solférino,49.2662312,4.0507993,Plein jour,En agglomération,Hors intersection,Pluie forte,Sans collision,4,2,2,0,1,1,2,0,1,50,1,2,1,0,0,1,45.0,,voiture,,1,2,1,3,7
202000039525,2020-06-30 20:50:00,2020,6,30,20,50,13,13215,LYON (RUE DE),43.32892,5.3657,Crépuscule ou aube,En agglomération,Hors intersection,Normale,Deux véhicules - côté,4,2,2,0,1,1,1,0,1,50,2,2,1,0,1,0,33.0,29.0,voiture,deux_roues,2,2,1,1,3
202000039526,2020-06-30 18:50:00,2020,6,30,18,50,13,13214,DANIELLE CASANOVA PROLONGE (BD),43.328709,5.375509,Plein jour,En agglomération,Hors intersection,Normale,Deux véhicules - frontale,4,2,2,0,1,1,1,0,1,50,2,3,2,0,0,1,37.0,40.0,deux_roues,voiture,1,2,1,1,1
202000039527,2020-09-25 08:20:00,2020,9,25,8,20,51,51454,Boulevard Lundy,49.2581431,4.0383072,Plein jour,En agglomération,Intersection en X,Normale,Sans collision,2,3,3,1,1,1,1,0,1,50,1,2,1,0,0,1,58.0,,voiture,,1,2,2,1,7
202000039528,2020-06-30 17:15:00,2020,6,30,17,15,13,13213,ALPHONSE DAUDET (RUE),43.32159,5.41175,Plein jour,En agglomération,Hors intersection,Normale,Deux véhicules - côté,4,2,2,0,1,1,1,0,1,50,2,2,1,0,0,1,30.0,19.0,deux_roues,voiture,1,2,1,1,3
202000039529,2020-09-24 15:20:00,2020,9,24,15,20,51,51230,Rue Flodoard,49.044311,3.9557286,Plein jour,En agglomération,Intersection en X,Normale,Deux véhicules - côté,4,1,1,0,1,1,1,0,1,50,2,2,1,0,1,0,29.0,45.0,utilitaire_camion,deux_roues,1,2,2,1,3
202000039530,2020-09-24 09:30:00,2020,9,24,9,30,50,50173,SALINE (BOULEVARD DE LA),49.6539,-1.64909,Plein jour,En agglomération,Intersection en X,Pluie légère,Deux véhicules - côté,4,3,4,0,1,1,2,0,1,70,2,2,0,0,0,2,24.0,50.0,voiture,voiture,1,2,2,2,3
202000039531,2020-06-30 15:50:00,2020,6,30,15,50,13,13202,LITTORAL (CHEMIN DU),43.3278694,5.3549453,Plein jour,En agglomération,Intersection en T,Normale,Deux véhicules - arrière,3,3,0,0,1,2,1,0,1,50,2,5,3,0,0,2,25.0,54.0,utilitaire_camion,voiture,1,2,3,1,2
202000039532,2020-09-22 20:30:00,2020,9,22,20,30,49,49007,LAFAYETTE PLACE,47.4624993,-0.5538225,Crépuscule ou aube,En agglomération,Hors intersection,Normale,Deux véhicules - côté,4,-1,2,0,1,1,1,0,1,50,2,2,1,0,0,1,55.0,29.0,deux_roues,voiture,2,2,1,1,3
202000039533,2020-06-29 19:00:00,2020,6,29,19,0,13,13203,BELLE DE MAI (RUE),43.309622,5.382535,Plein jour,En agglomération,Intersection en Y,Normale,Autre collision,4,-1,1,0,1,1,1,0,1,50,1,2,1,0,0,1,23.0,,voiture,,1,2,4,1,6
202000039534,2020-09-24 07:10:00,2020,9,24,7,10,49,49007,CHAUVIRE RUE ET SQUARE,47.47184,-0.56714,Crépuscule ou aube,En agglomération,Giratoire,Normale,Deux véhicules - côté,4,-1,2,0,1,1,1,0,1,50,2,2,1,0,0,1,39.0,27.0,voiture,deux_roues,2,2,6,1,3
202000039535,2020-06-29 14:42:00,2020,6,29,14,42,10,10387,MARECHAL DE LATTRE DE TASSIGNY (RUE DU),48.30538,4.09253,Plein jour,En agglomération,Intersection à plus de 4 branches,Normale,Deux véhicules - côté,4,2,2,0,1,1,1,0,1,50,2,2,1,0,0,1,74.0,22.0,voiture,voiture,1,2,5,1,3
202000039536,2020-09-25 06:20:00,2020,9,25,6,20,46,46042,départementale 653 (cahors - montcuq),44.41468,1.43437,Nuit avec éclairage allumé,Hors agglomération,Hors intersection,Autre,Deux véhicules - côté,3,2,2,0,1,1,2,0,1,80,2,2,1,0,0,1,51.0,19.0,utilitaire_camion,utilitaire_camion,5,1,1,9,3
202000039537,2020-02-01 19:45:00,2020,2,1,19,45,06,06088,MADELEINE (BD DE LA),43.7034,7.235,Nuit sans éclairage public,En agglomération,Hors intersection,Normale,Autre collision,4,-1,1,0,1,1,1,0,1,50,1,2,1,1,0,0,42.0,,utilitaire_camion,,3,2,1,1,6
202000039538,2020-09-25 18:50:00,2020,9,25,18,50,37,37261,EIFFEL (AVENUE GUSTAVE),47.4355949,0.6984942,Plein jour,En agglomération,Hors intersection,Normale,Deux véhicules - arrière,3,1,2,0,1,2,2,0,1,50,2,2,1,0,0,1,26.0,49.0,deux_roues,voiture,1,2,1,1,2
202000039539,2020-06-30 07:05:00,2020,6,30,7,5,06,06069,SEMARD (AVENUE PIERRE),43.65597,6.92472,Plein jour,En agglomération,Giratoire,Normale,Autre collision,3,2,2,0,2,2,1,1,1,50,1,2,1,0,0,1,23.0,,voiture,,1,2,6,1,6
202000039540,2020-09-25 16:25:00,2020,9,25,16,25,37,37261,ROND POINT EMMAUS,47.4301551,0.7052488,Plein jour,En agglomération,Hors intersection,Pluie légère,Sans collision,3,1,2,0,1,2,2,0,1,50,1,1,0,0,0,1,21.0,,deux_roues,,1,2,1,2,7
202000039541,2020-06-30 00:04:00,2020,6,30,0,4,06,06069,Route de Cannes,43.6449,6.941,Nuit avec éclairage allumé,En agglomération,Hors intersection,Normale,Deux véhicules - frontale,4,2,2,0,2,4,1,0,8,50,2,2,1,0,0,1,79.0,19.0,voiture,voiture,5,2,1,1,1
202000039542,2020-09-18 14:00:00,2020,9,18,14,0,37,37261,MIRABEAU (PONT),47.3990174,0.7000854,Plein jour,En agglomération,Hors intersection,Normale,Deux véhicules - arrière,4,2,4,0,1,1,1,2,1,50,2,2,1,0,0,1,46.0,50.0,voiture,deux_roues,1,2,1,1,2
202000039543,2020-06-29 14:20:00,2020,6,29,14,20,06,06027,GRASSE AVENUE DE,43.65896,7.13705,Plein jour,En agglomération,Giratoire,Normale,Deux véhicules - côté,7,2,2,0,1,2,1,5,1,50,2,3,1,0,1,1,20.0,56.0,voiture,deux_roues,1,2,6,1,3
202000039544,2020-09-25 08:00:00,2020,9,25,8,0,37,37261,HEURTELOUP (BOULEVARD),47.3921288,0.7004766,Plein jour,En agglomération,Autre intersection,Normale,Autre collision,4,2,6,0,1,1,1,0,1,50,1,1,0,0,1,0,,,,,1,2,9,1,6
202000039545,2020-06-28 11:00:00,2020,6,28,11,0,06,06027,PLAGE BOULEVARD DE LA,43.6496,7.151,Plein jour,En agglomération,Hors intersection,Normale,Deux véhicules - côté,4,3,2,0,1,1,1,0,1,50,2,3,2,0,0,1,50.0,29.0,voiture,voiture,1,2,1,1,3
202000039546,2020-09-24 22:53:00,2020,9,24,22,53,37,37195,PROUDHON (AVENUE),47.3893324,0.6470353,Nuit sans éclairage public,En agglomération,Hors intersection,Temps couvert,Sans collision,3,2,4,0,2,3,2,1,3,50,1,1,0,0,1,0,43.0,,voiture,,3,2,1,8,7
202000039547,2020-06-29 16:15:00,2020,6,29,16,15,05,05061,EMILE DIDIER ( AV ),44.56639,6.09464,Plein jour,En agglomération,Hors intersection,Normale,Trois véhicules et plus - en chaîne,2,2,2,0,1,1,1,0,1,50,3,3,1,0,0,2,46.0,56.0,voiture,voiture,1,2,1,1,4
202000039548,2020-09-24 20:30:00,2020,9,24,20,30,37,37261,NIESSEL (AVENUE DU GENERAL),47.3661608,0.700594,Nuit avec éclairage allumé,En agglomération,Hors intersection,Pluie légère,Sans collision,4,2,2,0,2,3,2,0,1,50,1,1,0,0,0,1,20.0,,deux_roues,,5,2,1,2,7
202000039549,2020-06-29 09:35:00,2020,6,29,9,35,04,04112,RD 907 / RD 6,43.8323464,5.7622939,Plein jour,Hors agglomération,Intersection en Y,Normale,Deux véhicules - frontale,3,2,2,0,2,2,1,5,1,80,2,2,1,0,0,1,67.0,53.0,voiture,voiture,1,1,4,1,1
202000039550,2020-09-24 17:15:00,2020,9,24,17,15,37,37122,JAURES (BOULEVARD JEAN),47.3477029,0.6556795,Plein jour,En agglomération,Intersection en X,Normale,Deux véhicules - frontale,3,2,2,0,1,1,1,5,1,50,2,2,1,0,0,1,18.0,20.0,voiture,voiture,1,2,2,1,1
202000039551,2020-06-30 19:50:00,2020,6,30,19,50,75,75117,PORTE DE CHAMPERRET,48.885193,2.287302,Plein jour,En agglomération,Hors intersection,Normale,Deux véhicules - côté,4,1,4,0,1,1,1,0,1,70,2,2,1,0,0,1,29.0,34.0,deux_roues,voiture,1,2,1,1,3
202000039552,2020-09-24 13:00:00,2020,9,24,13,0,37,37261,CHEVALLIER (RUE AUGUSTE),47.3839814,0.6782207,Plein jour,En agglomération,Hors intersection,Pluie légère,Sans collision,4,1,1,0,1,1,2,0,1,50,1,1,0,0,0,1,49.0,,voiture,,1,2,1,2,7
202000039553,2020-06-30 14:35:00,2020,6,30,14,35,75,75119,PORTE DE PANTIN,48.891777,2.395562,Plein jour,En agglomération,Hors intersection,Normale,Deux véhicules - côté,4,1,4,0,1,1,1,0,1,70,2,3,2,0,0,1,32.0,47.0,voiture,deux_roues,1,2,1,1,3
202000039554,2020-09-24 09:00:00,2020,9,24,9,0,37,37214,RD 37,47.4273739,0.6381326,Plein jour,Hors agglomération,Hors intersection,Autre,Trois véhicules et plus - en chaîne,3,3,4,0,1,1,2,0,1,90,4,4,0,0,0,4,34.0,41.0,voiture,voiture,1,1,1,9,4
202000039555,2020-06-30 13:15:00,2020,6,30,13,15,75,75120,BOULEVARD PERIPHERIQUE INTERIEUR NORD  ,48.877218,2.408928,Plein jour,En agglomération,Hors intersection,Normale,Trois véhicules et plus - collisions multiples,4,1,4,0,1,1,1,1,1,70,3,3,2,0,0,1,22.0,34.0,voiture,voiture,1,2,1,1,5
202000039556,2020-09-24 14:10:00,2020,9,24,14,10,35,35288,DEMALVILLAIN LEONCE (BOULEVARD),48.631736,-2.001003,Plein jour,En agglomération,Giratoire,Pluie légère,Autre collision,4,2,2,0,1,1,2,5,1,50,1,2,1,0,1,0,81.0,,voiture,,1,2,6,2,6
202000039557,2020-06-29 11:40:00,2020,6,29,11,40,75,75120,PORTE DE MONTREUIL,48.849145,2.41514,Plein jour,En agglomération,Intersection en Y,Normale,Trois véhicules et plus - en chaîne,4,1,4,0,1,1,1,0,1,70,3,2,1,0,0,1,61.0,24.0,voiture,voiture,1,2,4,1,4
202000039558,2020-09-25 22:20:00,2020,9,25,22,20,35,35238,BRETAGNE (PLACE DE),48.109293,-1.684556,Nuit avec éclairage allumé,En agglomération,Hors intersection,Normale,Autre collision,4,3,4,2,1,1,1,5,1,50,1,2,1,0,0,1,27.0,,deux_roues,,5,2,1,1,6
202000039559,2020-06-29 22:40:00,2020,6,29,22,40,75,75114,PLACE DENFERT ROCHEREAU,48.833933,2.331348,Nuit avec éclairage allumé,En agglomération,Place,Normale,Sans collision,4,1,1,0,1,1,1,0,1,50,1,1,0,0,0,1,46.0,,deux_roues,,5,2,7,1,7
202000039560,2020-09-25 15:05:00,2020,9,25,15,5,35,35238,PORTE DE VILLEJEAN,48.13221,-1.7082,Plein jour,Hors agglomération,Hors intersection,Pluie légère,Deux véhicules - arrière,2,3,4,0,1,1,2,0,1,90,2,2,1,0,1,0,52.0,52.0,voiture,voiture,1,1,1,2,2
202000039561,2020-06-30 18:30:00,2020,6,30,18,30,75,75118,RUE LABAT,48.889489,2.349594,Plein jour,En agglomération,Intersection en X,Normale,Autre collision,4,1,2,0,1,1,1,0,1,50,1,2,1,0,1,0,54.0,,utilitaire_camion,,1,2,2,1,6
202000039562,2020-09-25 08:15:00,2020,9,25,8,15,35,35238,MONTS D'ARREE (AVENUE DES),48.1356922,-1.6601126,Plein jour,En agglomération,Hors intersection,Pluie légère,Deux véhicules - côté,4,1,2,1,2,1,2,9,1,50,2,2,1,0,0,1,26.0,47.0,voiture,deux_roues,1,2,1,2,3
202000039563,2020-06-30 00:35:00,2020,6,30,0,35,75,75118,BOULEVARD NEY,48.898714,2.37036,Nuit avec éclairage allumé,En agglomération,Intersection en X,Normale,Autre collision,4,2,2,3,1,1,1,0,1,50,1,2,1,0,0,1,26.0,,voiture,,5,2,2,1,6
202000039564,2020-09-25 20:13:00,2020,9,25,20,13,34,34172,FLAHAULT (AVENUE CHARLES,43.61915,3.86584,Nuit avec éclairage allumé,En agglomération,Hors intersection,Pluie légère,Autre collision,4,2,4,0,1,1,2,0,1,50,1,2,1,0,1,0,41.0,,voiture,,5,2,1,2,6
202000039565,2020-06-30 17:20:00,2020,6,30,17,20,75,75117,BOULEVARD BERTHIER,48.894038,2.313037,Plein jour,En agglomération,Hors intersection,Temps couvert,Deux véhicules - arrière,4,1,2,0,1,1,1,0,1,50,2,2,1,0,0,1,33.0,55.0,voiture,utilitaire_camion,1,2,1,8,2
202000039566,2020-09-25 09:40:00,2020,9,25,9,40,34,34172,FLAHAULT (AVENUE CHARLES,43.62369,3.86218,Plein jour,En agglomération,Hors intersection,Normale,,4,3,3,1,1,1,1,5,5,50,2,2,1,0,1,0,25.0,39.0,deux_roues,voiture,1,2,1,1,-1
202000039567,2020-06-30 09:30:00,2020,6,30,9,30,75,75117,RUE FLOREAL,48.900274,2.320065,Plein jour,En agglomération,Hors intersection,Normale,Deux véhicules - arrière,4,2,2,0,1,1,1,0,1,50,2,2,1,0,0,1,27.0,48.0,deux_roues,voiture,1,2,1,1,2
202000039568,2020-09-22 17:55:00,2020,9,22,17,55,34,34172,NIMES (AVENUE DE),43.62353,3.89221,Plein jour,En agglomération,Intersection en T,Normale,Deux véhicules - frontale,4,2,2,1,1,1,1,5,1,50,2,2,1,0,0,1,21.0,21.0,deux_roues,utilitaire_camion,1,2,3,1,1
202000039569,2020-09-24 17:10:00,2020,9,24,17,10,34,34336,SERIGNAN (ANCIENNE ROUTE DE),43.30822,3.27835,Plein jour,Hors agglomération,Hors intersection,Normale,Sans collision,3,2,2,0,1,3,1,0,1,90,1,1,0,0,1,0,55.0,,voiture,,1,1,1,1,7
202000039570,2020-06-30 00:10:00,2020,6,30,0,10,75,75113,RUE DE TOLBIAC,48.825944,2.345214,Nuit avec éclairage allumé,En agglomération,Intersection en X,Normale,Deux véhicules - côté,4,2,2,0,1,1,1,0,1,50,2,2,1,0,0,1,27.0,62.0,deux_roues,voiture,5,2,2,1,3
202000039571,2020-09-26 00:50:00,2020,9,26,0,50,33,33069,ALL DE BOUTAUT / RUE RIGAL,44.86872,-0.57612,Nuit avec éclairage allumé,En agglomération,Intersection en X,Temps couvert,Deux véhicules - arrière,4,2,8,-1,1,1,2,5,1,50,2,2,1,0,0,1,23.0,39.0,voiture,voiture,5,2,2,8,2
202000039572,2020-06-30 19:45:00,2020,6,30,19,45,75,75112,AVENUE DAUMESNIL,48.839949,2.43214,Plein jour,En agglomération,Intersection en T,Normale,Deux véhicules - côté,4,-1,2,0,1,1,1,0,1,50,2,2,1,0,0,1,45.0,26.0,deux_roues,deux_roues,1,2,3,1,3
202000039573,2020-09-25 23:50:00,2020,9,25,23,50,33,33192,RUE DES AUBEPINES,44.78912,-0.60877,Nuit avec éclairage allumé,En agglomération,Hors intersection,Pluie légère,Autre collision,4,2,2,0,1,1,2,0,1,50,1,2,0,0,2,0,23.0,,deux_roues,,5,2,1,2,6
202000039574,2020-06-30 14:40:00,2020,6,30,14,40,75,75112,RUE RONDELET,48.847149,2.385001,Plein jour,En agglomération,Intersection en Y,Normale,Autre collision,4,1,0,0,1,1,1,0,1,30,1,2,1,0,0,1,54.0,,utilitaire_camion,,1,2,4,1,6
202000039575,2020-06-30 13:50:00,2020,6,30,13,50,75,75111,RUE DE MONTREUIL,48.851216,2.397855,Plein jour,En agglomération,Hors intersection,Temps couvert,Deux véhicules - côté,4,3,2,0,1,1,1,0,1,30,2,2,1,0,0,1,37.0,25.0,voiture,deux_roues,1,2,1,8,3
202000039576,2020-09-25 19:00:00,2020,9,25,19,0,33,33063,RUE STEHELIN CAUD / RUE DELACROIX / RUE CARTON,44.85705,-0.63218,Plein jour,En agglomération,Intersection en X,Pluie légère,Trois véhicules et plus - en chaîne,4,2,4,2,1,3,2,0,1,50,4,3,2,0,0,1,25.0,29.0,voiture,voiture,1,2,2,2,4
202000039577,2020-06-30 09:30:00,2020,6,30,9,30,75,75111,BOULEVARD BEAUMARCHAIS,48.859477,2.367615,Plein jour,En agglomération,Intersection en T,Temps couvert,Deux véhicules - côté,4,-1,4,3,1,1,1,-1,6,30,2,2,1,0,0,1,21.0,61.0,deux_roues,deux_roues,1,2,3,8,3
202000039578,2020-09-24 19:40:00,2020,9,24,19,40,33,33063,BD MARECHAL LECLERC,44.8302,-0.59673,Nuit avec éclairage allumé,En agglomération,Hors intersection,Pluie forte,Autre collision,4,3,6,2,1,1,2,5,1,50,1,2,0,0,0,2,21.0,,deux_roues,,5,2,1,3,6
202000039579,2020-06-30 09:25:00,2020,6,30,9,25,75,75110,RUE LA FAYETTE,48.880723,2.36242,Plein jour,En agglomération,Intersection en X,Normale,Deux véhicules - côté,4,2,4,3,1,1,1,-1,6,50,2,2,1,0,0,1,59.0,47.0,utilitaire_camion,deux_roues,1,2,2,1,3