accident_id,datetime,annee,mois,jour,heure,minute,departement,commune_insee,adresse,latitude,longitude,luminosite,agglomeration,intersection,meteo,collision,catr,circ,nbv,vosp,prof,plan,surf,infra,situ,vma,nb_vehicules,nb_usagers,nb_indemnes,nb_tues,nb_blesses_hosp,nb_blesses_legers,age_cond_1,age_cond_2,veh_type_cond_1,veh_type_cond_2,lum_code,agg_code,int_code,atm_code,col_code
202000039580,2020-06-30 14:55:00,2020,6,30,14,55,75,75108,RUE DE SAINT PETERSBOURG,48.880698,2.324783,Plein jour,En agglomération,Intersection à plus de 4 branches,Temps couvert,Sans collision,4,2,2,0,2,1,1,8,1,50,1,1,0,0,0,1,16.0,,deux_roues,,1,2,5,8,7
202000039581,2020-06-30 09:00:00,2020,6,30,9,0,75,75108,RUE DU FAUBOURG SAINT HONORE,48.876548,2.301693,Plein jour,En agglomération,Intersection en X,Normale,Deux véhicules - arrière,4,2,2,0,1,1,1,0,1,50,2,2,1,0,0,1,26.0,57.0,deux_roues,deux_roues,1,2,2,1,2
202000039582,2020-06-29 16:50:00,2020,6,29,16,50,75,75108,COURS ALBERT 1ER,48.864568,2.308817,Plein jour,En agglomération,Hors intersection,Normale,Deux véhicules - frontale,4,2,2,2,1,1,1,-1,5,50,2,2,0,0,0,2,17.0,25.0,deux_roues,deux_roues,1,2,1,1,1
202000039583,2020-06-30 16:45:00,2020,6,30,16,45,75,75114,RUE DE GERGOVIE,48.834651,2.31307,Plein jour,En agglomération,Hors intersection,Normale,Trois véhicules et plus - collisions multiples,4,1,1,0,1,1,1,0,1,50,3,3,2,0,0,1,22.0,26.0,voiture,voiture,1,2,1,1,5
202000039584,2020-09-24 01:45:00,2020,9,24,1,45,33,33522,Boulevard GEORGE V,44.82202,-0.58413,Nuit avec éclairage allumé,En agglomération,Hors intersection,Normale,Autre collision,4,3,6,2,1,1,1,1,1,50,1,2,0,1,0,1,31.0,,voiture,,5,2,1,1,6
202000039585,2020-06-30 14:00:00,2020,6,30,14,0,75,75101,RUE DES PETITS CHAMPS,48.866978,2.335874,Plein jour,En agglomération,Intersection en X,Normale,Autre collision,4,-1,2,1,1,1,1,-1,5,30,1,2,1,0,0,1,25.0,,deux_roues,,1,2,2,1,6
202000039586,2020-09-15 17:30:00,2020,9,15,17,30,33,33281,AVE DE LA GRANGE NOIRE  / AVE MAURICE LEVY,44.85073,-0.67847,Plein jour,Hors agglomération,Intersection en X,Normale,Trois véhicules et plus - collisions multiples,4,2,4,2,1,1,1,0,1,50,3,3,2,0,1,0,62.0,17.0,voiture,deux_roues,1,1,2,1,5
202000039587,2020-06-29 15:30:00,2020,6,29,15,30,94,94068,LIBERATION (AV DE LA),48.80718,2.47553,Plein jour,En agglomération,Intersection en T,Normale,Autre collision,3,1,1,0,1,1,1,9,1,50,1,2,1,0,0,1,30.0,,voiture,,1,2,3,1,6
202000039588,2020-09-27 16:50:00,2020,9,27,16,50,33,33063,RUE DU GRAND MAURIAN,44.83124,-0.60597,Plein jour,En agglomération,Hors intersection,Normale,Deux véhicules - frontale,4,2,0,0,1,1,1,0,1,50,2,1,0,0,1,0,61.0,,deux_roues,,1,2,1,1,1
202000039589,2020-06-30 19:40:00,2020,6,30,19,40,94,94043,SEVERINE (R),48.80812,2.35702,Plein jour,En agglomération,Intersection en X,Normale,,3,1,1,0,2,1,1,0,1,50,2,2,1,0,0,1,34.0,41.0,voiture,deux_roues,1,2,2,1,-1
202000039590,2020-09-25 14:15:00,2020,9,25,14,15,33,33009,GAMBETTA (AVE) DU 30 ET +,44.65857,-1.16828,Plein jour,En agglomération,Intersection en X,Pluie forte,Deux véhicules - arrière,7,2,2,0,2,1,2,0,1,50,2,2,1,0,0,1,55.0,24.0,voiture,voiture,1,2,2,3,2
202000039591,2020-06-30 10:20:00,2020,6,30,10,20,94,94021,STALINGRAD (AV DE),48.769454,2.367893,Plein jour,En agglomération,Hors intersection,Normale,Deux véhicules - arrière,3,3,2,1,1,1,1,0,1,50,2,2,1,0,0,1,34.0,20.0,deux_roues,voiture,1,2,1,1,2
202000039592,2020-09-24 16:25:00,2020,9,24,16,25,31,31557,LARRAMET (CH DE),43.56071,1.35169,Plein jour,En agglomération,Hors intersection,Normale,Deux véhicules - côté,3,2,2,0,1,1,1,0,1,50,2,2,1,0,0,1,26.0,11.0,voiture,deux_roues,1,2,1,1,3
202000039593,2020-06-30 13:55:00,2020,6,30,13,55,94,94028,PARIS.(RUE DE),48.794984,2.45943,Plein jour,En agglomération,Hors intersection,Normale,Deux véhicules - côté,3,2,0,1,1,1,1,9,5,50,2,2,1,0,0,1,23.0,53.0,deux_roues,voiture,1,2,1,1,3
202000039594,2020-09-24 19:00:00,2020,9,24,19,0,31,31555,RUE EMILE HEYBRARD,43.60819,1.40922,Plein jour,En agglomération,Hors intersection,Normale,Deux véhicules - côté,4,2,2,0,1,1,1,0,1,50,2,2,1,0,0,1,58.0,26.0,deux_roues,voiture,1,2,1,1,3
202000039595,2020-06-29 12:30:00,2020,6,29,12,30,94,94028,Avenue du Maréchal Foch,48.78128,2.4376,Plein jour,En agglomération,Hors intersection,Normale,Deux véhicules - arrière,2,1,0,0,1,1,1,0,1,50,2,2,1,0,0,1,19.0,60.0,voiture,voiture,1,2,1,1,2
202000039596,2020-09-24 17:24:00,2020,9,24,17,24,31,31555,LARDENNE (AV DE),43.59286,1.40333,Plein jour,En agglomération,Hors intersection,Normale,Autre collision,3,2,3,3,2,1,1,0,1,50,1,2,1,0,0,1,32.0,,voiture,,1,2,1,1,6
202000039597,2020-06-30 00:00:00,2020,6,30,0,0,93,93066,CACHIN MARCEL (AVENUE),48.9385608,2.3702948,Nuit avec éclairage allumé,En agglomération,Hors intersection,Normale,Trois véhicules et plus - collisions multiples,3,1,4,0,1,1,1,9,1,50,3,3,2,0,0,1,27.0,39.0,utilitaire_camion,voiture,5,2,1,1,5
202000039598,2020-06-30 10:20:00,2020,6,30,10,20,93,93053,ANATOLE FRANCE (RUE),48.8847739,2.441529,Plein jour,En agglomération,Hors intersection,Normale,Autre collision,3,3,2,0,2,3,1,0,1,50,1,1,0,0,1,0,,,,,1,2,1,1,6
202000039599,2020-09-24 15:30:00,2020,9,24,15,30,31,31555,VA007331 A620,43.59939,1.39727,Plein jour,Hors agglomération,Hors intersection,Normale,Trois véhicules et plus - en chaîne,1,3,4,0,1,2,1,0,1,90,3,7,3,0,0,4,40.0,41.0,voiture,utilitaire_camion,1,1,1,1,4
202000039600,2020-06-30 18:30:00,2020,6,30,18,30,93,93049,MARECHAL FOCH (AVENUE) F.BUISSON->PL J.M,48.8635,2.5012,Plein jour,En agglomération,Intersection en X,Normale,Autre collision,4,1,1,0,2,1,1,0,1,30,1,2,1,0,0,1,,,voiture,,1,2,2,1,6
202000039601,2020-09-23 22:05:00,2020,9,23,22,5,31,31044,VA007553 A61,43.58584,1.49635,Nuit avec éclairage non allumé,Hors agglomération,Hors intersection,Normale,,1,3,3,0,1,1,1,0,1,90,2,3,1,1,0,1,35.0,59.0,voiture,voiture,4,1,1,1,-1
202000039602,2020-06-29 18:07:00,2020,6,29,18,7,93,93027,VAILLANT-COUTURIER (AVENUE PAUL),48.9229797,2.4132959,Plein jour,En agglomération,Intersection en T,Normale,Trois véhicules et plus - collisions multiples,3,3,2,0,1,1,1,0,1,50,3,2,0,0,0,2,28.0,22.0,deux_roues,deux_roues,1,2,3,1,5
202000039603,2020-06-30 20:45:00,2020,6,30,20,45,93,93010,GALLIENI (AV.) DE 177 A 211,48.9066572,2.4853115,Plein jour,En agglomération,Autre intersection,Normale,,3,-1,3,0,1,1,1,0,1,50,2,3,2,0,0,1,39.0,36.0,voiture,voiture,1,2,9,1,-1
202000039604,2020-09-25 13:55:00,2020,9,25,13,55,30,30189,PUITS DE ROULLE (CHEMIN OU IMPASSE),43.83013,4.33266,Plein jour,Hors agglomération,Autre intersection,Normale,Deux véhicules - frontale,4,2,1,0,1,2,2,0,1,30,2,2,1,0,1,0,32.0,27.0,voiture,deux_roues,1,1,9,1,1
202000039605,2020-06-30 11:20:00,2020,6,30,11,20,93,93057,AV ALBERT THOMAS / AV FRANKLIN,48.89914,2.50455,Plein jour,En agglomération,Intersection en T,Normale,Autre collision,3,2,2,0,1,1,1,0,1,50,1,1,0,0,0,1,,,,,1,2,3,1,6
202000039606,2020-09-24 09:00:00,2020,9,24,9,0,30,30189,AERODROME (CHEMIN),43.8516,4.4079,Plein jour,En agglomération,Intersection en T,Normale,Deux véhicules - côté,4,2,2,0,1,1,1,0,1,50,2,2,0,0,0,2,29.0,50.0,utilitaire_camion,voiture,1,2,3,1,3
202000039607,2020-06-29 20:30:00,2020,6,29,20,30,93,93007,CONCORDE (RUE DE LA),48.9373505,2.4631798,Plein jour,En agglomération,Intersection en X,Normale,Deux véhicules - côté,4,-1,1,0,1,1,1,8,1,50,2,2,1,0,0,1,45.0,21.0,voiture,voiture,1,2,2,1,3
202000039608,2020-09-25 20:00:00,2020,9,25,20,0,29,29039,Avenue Alain le Lay,47.8774237,-3.9138114,Crépuscule ou aube,En agglomération,Intersection en T,Normale,Deux véhicules - côté,4,1,1,1,1,1,1,0,1,50,2,1,0,0,0,1,16.0,,deux_roues,,2,2,3,1,3
202000039609,2020-06-29 19:24:00,2020,6,29,19,24,93,93001,R ANDRE KARMAN / R DES ECOLES,48.9061,2.3842,Plein jour,En agglomération,Intersection en X,Normale,Deux véhicules - côté,4,1,1,0,1,1,1,0,1,50,2,1,0,0,0,1,26.0,,deux_roues,,1,2,2,1,3
202000039610,2020-09-25 17:15:00,2020,9,25,17,15,29,29039,D44 - Chemin de Langoat,47.9207976,-3.9171946,Plein jour,Hors agglomération,Intersection en X,Normale,Deux véhicules - côté,3,2,2,0,1,1,1,5,1,80,2,4,2,0,0,2,23.0,80.0,voiture,voiture,1,1,2,1,3
202000039611,2020-06-29 18:40:00,2020,6,29,18,40,93,93001,R DU GOULET / R VILLEBOIS MAREUIL,48.91213,2.37745,Plein jour,En agglomération,Intersection en X,Normale,Deux véhicules - côté,4,1,1,1,1,1,1,0,1,50,2,3,2,0,0,1,56.0,41.0,voiture,voiture,1,2,2,1,3
202000039612,2020-09-25 12:35:00,2020,9,25,12,35,29,29019, Rue de Gouesnou,48.4063918,-4.4676382,Plein jour,En agglomération,Intersection en T,Normale,Deux véhicules - côté,4,3,2,0,2,1,1,0,1,50,2,2,1,0,0,1,74.0,34.0,voiture,voiture,1,2,3,1,3
202000039613,2020-06-30 22:00:00,2020,6,30,22,0,92,92051,SEINE (PORTE DE LA),48.8762,2.2464,Crépuscule ou aube,En agglomération,Intersection en X,Normale,Deux véhicules - côté,3,2,4,0,2,1,1,2,1,50,2,2,1,0,0,1,37.0,47.0,deux_roues,voiture,2,2,2,1,3
202000039614,2020-09-26 01:09:00,2020,9,26,1,9,25,25056,ALLENDE  BOULEVARD SALVADOR,47.21819,5.9682,Nuit avec éclairage allumé,En agglomération,Hors intersection,Temps couvert,Autre collision,4,3,4,0,1,2,2,0,8,50,1,2,1,0,0,1,20.0,,voiture,,5,2,1,8,6
202000039615,2020-06-30 17:10:00,2020,6,30,17,10,92,92062,JAURES (RUE JEAN) DU 165 AU 99,48.8818,2.239,Plein jour,En agglomération,Hors intersection,Normale,Autre collision,4,1,1,0,1,1,1,0,1,30,1,2,1,0,0,1,23.0,,voiture,,1,2,1,1,6
202000039616,2020-06-30 17:35:00,2020,6,30,17,35,92,92007,DORMOY AVENUE MARX N°2 A 100,48.81011,2.31443,Plein jour,En agglomération,Hors intersection,Normale,Deux véhicules - côté,3,2,2,0,1,1,1,0,1,50,2,2,1,0,0,1,43.0,36.0,voiture,deux_roues,1,2,1,1,3
202000039617,2020-06-29 19:10:00,2020,6,29,19,10,92,92036,PRINCIPALE DU PORT (ROUTE) (19/+),48.940743,2.292333,Plein jour,En agglomération,Intersection en Y,Normale,Deux véhicules - frontale,4,2,4,1,1,1,1,0,1,50,2,2,1,0,0,1,42.0,42.0,deux_roues,deux_roues,1,2,4,1,1
202000039618,2020-09-24 14:15:00,2020,9,24,14,15,24,24322,POMPIDOU (AVENUE GEORGES),45.1884,0.72265,Plein jour,En agglomération,Intersection en T,Normale,Deux véhicules - côté,3,2,2,0,2,1,2,5,1,50,2,2,1,0,1,0,47.0,17.0,voiture,deux_roues,1,2,3,1,3
202000039619,2020-06-30 08:40:00,2020,6,30,8,40,92,92035,Général de Gaulle  ( avenue du ),48.90964,2.25504,Plein jour,En agglomération,Intersection en T,Normale,Deux véhicules - côté,3,2,2,0,1,1,1,0,1,50,2,2,1,0,0,1,71.0,23.0,voiture,deux_roues,1,2,3,1,3
202000039620,2020-09-25 21:15:00,2020,9,25,21,15,17,17291,LOGIS   RUE DU,46.1885,-1.12166,Nuit avec éclairage allumé,En agglomération,Intersection en T,Normale,Deux véhicules - côté,4,-1,2,0,1,1,1,0,1,30,2,2,1,0,0,1,36.0,19.0,voiture,deux_roues,5,2,3,1,3
202000039621,2020-06-30 18:30:00,2020,6,30,18,30,92,92026,JOFFRE ( DE 52 A FIN ET DE 61 A FIN ),48.900589,2.275257,Plein jour,En agglomération,Intersection en T,Normale,Deux véhicules - côté,3,3,5,0,1,1,1,0,1,50,2,2,1,0,0,1,21.0,37.0,deux_roues,voiture,1,2,3,1,3
202000039622,2020-09-24 14:30:00,2020,9,24,14,30,14,14366,HENRY CHERON (RUE),49.14596,0.22717,Plein jour,En agglomération,Intersection en T,Normale,Sans collision,4,-1,2,0,2,1,1,0,8,30,1,1,0,0,1,0,29.0,,deux_roues,,1,2,3,1,7
202000039623,2020-06-28 14:40:00,2020,6,28,14,40,92,92025,CHARLES DE GAULLE (BD),48.91483,2.228414,Plein jour,En agglomération,Hors intersection,Normale,Deux véhicules - arrière,3,1,7,0,1,1,1,0,1,50,2,2,1,0,0,1,28.0,29.0,voiture,voiture,1,2,1,1,2
202000039624,2020-09-25 19:40:00,2020,9,25,19,40,13,13203,NATIONAL (BOULEVARD),43.30199,5.38726,Crépuscule ou aube,En agglomération,Hors intersection,Normale,Deux véhicules - côté,4,1,0,0,1,1,1,0,1,50,2,1,0,0,0,1,48.0,,voiture,,2,2,1,1,3
202000039625,2020-06-30 11:20:00,2020,6,30,11,20,92,92024,FOURNIER (RUE),48.906347,2.297126,Plein jour,En agglomération,Hors intersection,Normale,Deux véhicules - côté,4,2,3,0,1,1,1,0,1,50,2,2,1,0,0,1,22.0,56.0,utilitaire_camion,utilitaire_camion,1,2,1,1,3
202000039626,2020-09-25 17:50:00,2020,9,25,17,50,13,13213,ALBERT EINSTEIN (RUE),43.3333494,5.4307484,Plein jour,En agglomération,Hors intersection,Normale,Autre collision,4,2,2,3,1,1,1,9,1,50,1,2,1,0,1,0,54.0,,transport_commun,,1,2,1,1,6
202000039627,2020-06-30 20:16:00,2020,6,30,20,16,92,92023,BOURGEOIS (VILLA),48.800445,2.268932,Plein jour,En agglomération,Autre intersection,Normale,Sans collision,4,1,1,0,1,3,1,0,8,30,1,3,0,0,0,3,19.0,,voiture,,1,2,9,1,7
202000039628,2020-09-25 13:15:00,2020,9,25,13,15,13,13206,BONS ENFANT (RUE DES),43.2893,5.3883,Plein jour,En agglomération,Intersection en X,Normale,Deux véhicules - côté,4,1,1,0,1,1,1,5,1,50,2,2,1,0,0,1,50.0,25.0,deux_roues,utilitaire_camion,1,2,2,1,3
202000039629,2020-07-01 10:20:00,2020,7,1,10,20,91,91086,38 Rue Napoleon Bonaparte,48.614141,2.390917,Plein jour,Hors agglomération,Hors intersection,Normale,Trois véhicules et plus - en chaîne,3,2,2,0,1,3,1,0,1,70,3,3,2,0,1,0,36.0,30.0,voiture,utilitaire_camion,1,1,1,1,4
202000039630,2020-07-01 16:10:00,2020,7,1,16,10,10,10248,D'141,48.30278,3.974068,Plein jour,Hors agglomération,Hors intersection,Normale,Deux véhicules - arrière,3,2,2,0,2,3,1,0,1,80,2,4,0,0,0,4,62.0,19.0,voiture,voiture,1,1,1,1,2
202000039631,2020-09-11 21:00:00,2020,9,11,21,0,13,13203,BRIANCON (BOULEVARD),43.3164531,5.3684507,Nuit avec éclairage allumé,En agglomération,Intersection en X,Normale,Deux véhicules - côté,7,-1,4,0,1,1,1,0,1,50,2,2,1,0,0,1,53.0,20.0,voiture,autre,5,2,2,1,3
202000039632,2020-07-01 08:30:00,2020,7,1,8,30,974,97422,Rue des Palmiers,-21.292259,55.526329,Plein jour,Hors agglomération,Hors intersection,Temps éblouissant,Autre collision,9,2,2,0,1,1,1,0,1,50,1,2,1,0,0,1,74.0,,voiture,,1,1,1,7,6
202000039633,2020-09-11 21:00:00,2020,9,11,21,0,13,13203,BRIANCON (BOULEVARD),43.316806,5.369275,Nuit avec éclairage allumé,En agglomération,Hors intersection,Normale,Deux véhicules - côté,4,-1,0,0,1,1,1,0,1,50,2,2,1,0,0,1,53.0,20.0,utilitaire_camion,deux_roues,5,2,1,1,3
202000039634,2020-07-01 16:00:00,2020,7,1,16,0,974,97401,59 Chemin Dep 11 le Brule,-21.252877,55.348252,Plein jour,Hors agglomération,Hors intersection,Normale,Deux véhicules - côté,3,2,2,0,2,3,1,0,1,90,2,2,1,0,0,1,34.0,56.0,deux_roues,voiture,1,1,1,1,3
202000039635,2020-09-25 00:10:00,2020,9,25,0,10,13,13210,PAUL CLAUDEL (BOULEVARD),43.26815,5.41671,Nuit avec éclairage allumé,En agglomération,Hors intersection,Normale,Autre collision,4,2,2,0,1,1,1,0,4,50,1,1,0,0,0,1,51.0,,voiture,,5,2,1,1,6
202000039636,2020-07-01 02:50:00,2020,7,1,2,50,26,26353,1145 Route Nationale 7,44.664838,4.791584,Nuit sans éclairage public,Hors agglomération,Hors intersection,Normale,Deux véhicules - arrière,2,2,2,0,1,1,1,0,1,80,2,5,1,2,2,0,56.0,24.0,utilitaire_camion,voiture,3,1,1,1,2
202000039637,2020-06-30 19:45:00,2020,6,30,19,45,63,63048,D2089,45.6482321,2.6038805,Crépuscule ou aube,Hors agglomération,Hors intersection,Normale,Autre collision,3,2,2,0,3,1,1,0,1,80,1,2,1,1,0,0,73.0,,voiture,,2,1,1,1,6
202000039638,2020-09-24 21:00:00,2020,9,24,21,0,13,13205,SAKAKINI (BOULEVARD),43.29584,5.40026,Nuit avec éclairage allumé,En agglomération,Intersection en X,Normale,Deux véhicules - côté,4,2,10,0,1,1,1,5,1,50,2,2,1,0,0,1,37.0,63.0,voiture,voiture,5,2,2,1,3
202000039639,2020-09-24 10:40:00,2020,9,24,10,40,13,13207,Corniche John Fitzgérald Kennedy,43.2837301,5.3500489,Plein jour,En agglomération,Hors intersection,Normale,Autre collision,4,2,2,0,1,1,1,0,1,50,1,1,0,0,0,1,,,,,1,2,1,1,6
202000039640,2020-06-16 17:30:00,2020,6,16,17,30,57,57690,Rue du Wenheck,49.094191,6.71734,Plein jour,En agglomération,Giratoire,Normale,Deux véhicules - côté,3,1,1,0,2,3,1,5,1,50,2,2,1,0,0,1,61.0,17.0,voiture,deux_roues,1,2,6,1,3
202000039641,2020-06-30 13:00:00,2020,6,30,13,0,76,76454,A29,49.737988,1.54536,Plein jour,Hors agglomération,Hors intersection,Temps couvert,Autre collision,1,3,4,0,2,1,1,9,2,130,1,2,1,0,0,1,25.0,,utilitaire_camion,,1,1,1,8,6
202000039642,2020-09-24 16:50:00,2020,9,24,16,50,11,11069,CHEMIN D'HERMINIS - GREZES -,43.22468,2.28509,Plein jour,En agglomération,Hors intersection,Temps couvert,Autre collision,4,2,2,0,1,3,1,0,3,50,1,1,0,1,0,0,21.0,,voiture,,1,2,1,8,6
202000039643,2020-07-01 14:00:00,2020,7,1,14,0,83,83070,Avenue de la Baou,43.139137,6.355162,Plein jour,En agglomération,Hors intersection,Normale,Deux véhicules - frontale,3,2,2,1,1,1,1,0,1,50,2,3,2,0,1,0,20.0,39.0,voiture,deux_roues,1,2,1,1,1
202000039644,2020-09-25 18:55:00,2020,9,25,18,55,07,07281,GROSS-UMSTADT (AVENUE DE),44.9410311,4.8625965,Plein jour,En agglomération,Hors intersection,Normale,Deux véhicules - arrière,3,2,2,0,1,1,1,0,1,50,2,3,1,0,0,2,22.0,42.0,voiture,voiture,1,2,1,1,2
202000039645,2020-06-28 12:00:00,2020,6,28,12,0,30,30030,D981,44.060144,4.262567,Plein jour,Hors agglomération,Hors intersection,Normale,Autre collision,3,2,2,0,1,1,1,0,3,80,1,1,0,0,1,0,20.0,,voiture,,1,1,1,1,6
202000039646,2020-09-22 08:45:00,2020,9,22,8,45,07,07052,,44.939494,4.762865,Plein jour,Hors agglomération,Hors intersection,Pluie légère,Deux véhicules - frontale,3,2,2,0,2,4,2,0,1,70,2,2,1,0,1,0,60.0,39.0,voiture,utilitaire_camion,1,1,1,2,1
202000039647,2020-06-29 19:00:00,2020,6,29,19,0,51,51237,D934,48.720924,3.536943,Plein jour,Hors agglomération,Intersection en T,Temps éblouissant,Deux véhicules - frontale,3,2,2,0,2,1,1,0,1,80,2,2,0,0,0,2,32.0,67.0,voiture,voiture,1,1,3,7,1
202000039648,2020-06-02 08:12:00,2020,6,2,8,12,19,19194,La Croix Bourrue,45.3487501,1.697672,Plein jour,Hors agglomération,Hors intersection,Normale,Sans collision,4,2,2,0,1,1,1,0,1,90,1,1,0,0,1,0,16.0,,deux_roues,,1,1,1,1,7
202000039649,2020-09-24 10:00:00,2020,9,24,10,0,06,06029,HIBERT (BOULEVARD JEAN),43.54872,7.00803,Plein jour,En agglomération,Hors intersection,Normale,Deux véhicules - arrière,4,2,2,0,1,1,1,0,1,50,2,2,1,1,0,0,49.0,72.0,utilitaire_camion,deux_roues,1,2,1,1,2
202000039650,2020-07-01 12:05:00,2020,7,1,12,5,56,56155,Rue du Calvaire,47.481796,-2.475749,Plein jour,En agglomération,Hors intersection,Temps couvert,Autre collision,6,-1,-1,0,1,1,1,0,1,50,1,2,1,0,1,0,24.0,,voiture,,1,2,1,8,6
202000039651,2020-09-23 06:55:00,2020,9,23,6,55,75,75117,BOULEVARD PERIPHERIQUE,48.883046,2.283677,Crépuscule ou aube,En agglomération,Intersection en Y,Normale,Autre collision,4,1,4,0,1,1,1,0,1,70,1,1,0,0,0,1,38.0,,voiture,,2,2,4,1,6
202000039652,2020-06-29 10:50:00,2020,6,29,10,50,32,32389,51 Route de Tarbes,43.502013,0.394982,Plein jour,Hors agglomération,Hors intersection,Normale,Deux véhicules - arrière,2,2,2,0,1,1,1,0,1,70,2,2,1,0,0,1,55.0,58.0,voiture,utilitaire_camion,1,1,1,1,2
202000039653,2020-06-30 15:30:00,2020,6,30,15,30,12,12238,Départementale 911,44.23782,2.960215,Plein jour,Hors agglomération,Hors intersection,Normale,Autre collision,3,2,2,0,1,1,1,0,3,80,1,2,1,0,1,0,69.0,,autre,,1,1,1,1,6
202000039654,2020-09-25 10:42:00,2020,9,25,10,42,75,75113,PORTE D ITALIE,48.816037,2.360114,Plein jour,En agglomération,Intersection en X,Temps couvert,Deux véhicules - côté,4,1,5,1,1,1,2,-1,5,30,2,2,1,1,0,0,33.0,50.0,deux_roues,utilitaire_camion,1,2,2,8,3
202000039655,2020-06-29 15:00:00,2020,6,29,15,0,39,39449,,47.153276,5.487024,Plein jour,Hors agglomération,Intersection en T,Normale,Sans collision,3,2,2,0,2,2,1,5,1,80,1,3,2,0,1,0,18.0,,voiture,,1,1,3,1,7
202000039656,2020-09-25 22:00:00,2020,9,25,22,0,75,75119,RUE CURIAL,48.890396,2.371808,Nuit avec éclairage allumé,En agglomération,Hors intersection,Normale,Deux véhicules - côté,4,1,1,0,1,1,2,0,1,30,2,2,1,0,0,1,31.0,47.0,deux_roues,utilitaire_camion,5,2,1,1,3
202000039657,2020-06-25 15:16:00,2020,6,25,15,16,44,44005,La Biche,47.154777,-1.878383,Plein jour,Hors agglomération,Hors intersection,Normale,Autre collision,3,2,2,0,1,2,1,0,3,80,1,1,0,1,0,0,59.0,,voiture,,1,1,1,1,6
202000039658,2020-09-25 08:10:00,2020,9,25,8,10,75,75119,AVENUE JEAN JAURES,48.882764,2.370293,Plein jour,En agglomération,Intersection en X,Pluie légère,Deux véhicules - côté,4,2,4,1,1,1,2,0,1,50,2,2,1,0,0,1,62.0,48.0,voiture,deux_roues,1,2,2,2,3
202000039659,2020-06-30 18:05:00,2020,6,30,18,5,15,15138,départementale 3,45.114042,2.86056,Plein jour,Hors agglomération,Hors intersection,Normale,Deux véhicules - côté,3,2,3,0,2,1,1,0,1,90,2,2,1,0,0,1,45.0,32.0,deux_roues,utilitaire_camion,1,1,1,1,3
202000039660,2020-09-25 06:25:00,2020,9,25,6,25,75,75119,BOULEVARD MACDONALD,48.897591,2.386226,Nuit avec éclairage allumé,En agglomération,Hors intersection,Normale,Autre collision,4,2,1,0,2,1,2,0,4,50,1,2,1,0,0,1,47.0,,deux_roues,,5,2,1,1,6
202000039661,2020-07-01 09:40:00,2020,7,1,9,40,01,01034,57 Rue Saint Jean,45.757714,5.688139,Plein jour,En agglomération,Hors intersection,Normale,Autre collision,4,2,2,0,1,1,1,0,1,30,1,2,1,0,0,1,82.0,,voiture,,1,2,1,1,6
202000039662,2020-07-01 01:00:00,2020,7,1,1,0,70,70429,12 Rue Ruffier d'Epenoux,47.671095,6.164296,Nuit avec éclairage allumé,En agglomération,Hors intersection,Normale,Autre collision,3,2,1,0,1,1,1,0,8,50,1,2,0,1,1,0,31.0,,voiture,,5,2,1,1,6
202000039663,2020-09-25 12:40:00,2020,9,25,12,40,75,75116,AVENUE DE VERSAILLES,48.849104,2.275449,Plein jour,En agglomération,Intersection en T,Pluie légère,Deux véhicules - côté,4,3,2,0,1,1,2,0,1,50,2,2,1,0,0,1,22.0,28.0,utilitaire_camion,deux_roues,1,2,3,2,3
202000039664,2020-09-25 12:00:00,2020,9,25,12,0,75,75116,RUE PERGOLESE,48.874946,2.283701,Plein jour,En agglomération,Hors intersection,Pluie légère,Autre collision,4,1,1,0,1,1,2,0,1,50,1,1,0,0,0,1,29.0,,deux_roues,,1,2,1,2,6
202000039665,2020-06-28 11:30:00,2020,6,28,11,30,26,26005,24 bis route d'Aiguebelle ,44.49649,4.78858,Plein jour,Hors agglomération,Autre intersection,Normale,Deux véhicules - côté,3,2,2,0,1,1,1,0,8,80,2,3,1,0,1,1,23.0,44.0,voiture,deux_roues,1,1,9,1,3
202000039666,2020-09-25 11:20:00,2020,9,25,11,20,75,75116,AVENUE MOZART,48.854684,2.269387,Plein jour,En agglomération,Intersection en X,Pluie légère,Deux véhicules - arrière,4,-1,3,0,1,1,2,0,1,50,2,2,1,0,0,1,58.0,66.0,utilitaire_camion,deux_roues,1,2,2,2,2
202000039667,2020-07-01 16:35:00,2020,7,1,16,35,60,60531,RD 36,49.429838,2.717067,Plein jour,Hors agglomération,Hors intersection,Pluie légère,Trois véhicules et plus - collisions multiples,3,2,2,0,1,1,2,0,3,80,3,4,1,0,0,3,25.0,42.0,voiture,voiture,1,1,1,2,5
202000039668,2020-09-25 19:00:00,2020,9,25,19,0,75,75115,RUE LECOURBE,48.843187,2.304617,Plein jour,En agglomération,Intersection en T,Normale,Autre collision,4,1,2,1,1,1,2,-1,5,50,1,2,1,0,0,1,30.0,,deux_roues,,1,2,3,1,6
202000039669,2020-07-01 02:15:00,2020,7,1,2,15,53,53010,17 Route d'Evron,48.155295,-0.32558,Nuit avec éclairage allumé,En agglomération,Autre intersection,Normale,Autre collision,3,2,2,0,1,1,1,0,3,50,1,4,3,0,1,0,20.0,,voiture,,5,2,9,1,6
202000039670,2020-09-25 12:05:00,2020,9,25,12,5,75,75115,BOULEVARD DE GRENELLE,48.84971,2.296336,Plein jour,En agglomération,Hors intersection,Pluie forte,Autre collision,4,1,2,1,1,1,2,-1,5,50,1,2,0,0,0,2,15.0,,deux_roues,,1,2,1,3,6
202000039671,2020-06-30 22:00:00,2020,6,30,22,0,24,24581,1245 Route de Perigueux,45.0294,0.554928,Nuit sans éclairage public,Hors agglomération,Hors intersection,Normale,Autre collision,3,2,2,0,1,2,1,0,3,80,1,1,0,1,0,0,44.0,,voiture,,3,1,1,1,6