accident_id,datetime,annee,mois,jour,heure,minute,departement,commune_insee,adresse,latitude,longitude,luminosite,agglomeration,intersection,meteo,collision,catr,circ,nbv,vosp,prof,plan,surf,infra,situ,vma,nb_vehicules,nb_usagers,nb_indemnes,nb_tues,nb_blesses_hosp,nb_blesses_legers,age_cond_1,age_cond_2,veh_type_cond_1,veh_type_cond_2,lum_code,agg_code,int_code,atm_code,col_code
202000039672,2020-09-25 08:20:00,2020,9,25,8,20,75,75115,RUE DE VAUGIRARD,48.843567,2.314662,Plein jour,En agglomération,Intersection en T,Pluie légère,Autre collision,4,1,2,0,1,1,2,0,1,50,1,2,1,0,0,1,46.0,,voiture,,1,2,3,2,6
202000039673,2020-06-20 17:45:00,2020,6,20,17,45,24,24312,Route de Pomarede,45.10013,0.804566,Plein jour,Hors agglomération,Hors intersection,Normale,Deux véhicules - frontale,4,2,1,0,1,1,1,0,8,50,2,3,2,0,1,0,15.0,57.0,deux_roues,deux_roues,1,1,1,1,1
202000039674,2020-09-24 14:15:00,2020,9,24,14,15,75,75115,AVENUE EMILE ZOLA,48.84622,2.279416,Plein jour,En agglomération,Intersection en T,Pluie légère,Deux véhicules - frontale,4,2,2,0,1,1,2,0,1,50,2,2,0,0,0,2,28.0,20.0,deux_roues,deux_roues,1,2,3,2,1
202000039675,2020-06-29 22:00:00,2020,6,29,22,0,04,04244,Chemin de Femuy,44.115394,6.007499,Nuit sans éclairage public,En agglomération,Hors intersection,Normale,Autre collision,3,2,2,0,1,1,1,0,3,50,1,2,1,0,0,1,33.0,,voiture,,3,2,1,1,6
202000039676,2020-09-25 13:30:00,2020,9,25,13,30,75,75114,RUE DELAMBRE,48.841368,2.325634,Plein jour,En agglomération,Hors intersection,Pluie forte,Deux véhicules - arrière,4,1,1,0,1,1,2,0,1,50,2,2,1,0,0,1,39.0,31.0,voiture,deux_roues,1,2,1,3,2
202000039677,2020-06-30 20:35:00,2020,6,30,20,35,27,27251,Route de Serquigny,49.100889,0.692385,Plein jour,Hors agglomération,Hors intersection,Normale,Sans collision,3,2,2,0,1,1,1,0,8,70,1,2,1,0,1,0,32.0,,voiture,,1,1,1,1,7
202000039678,2020-06-29 13:30:00,2020,6,29,13,30,87,87095,Les trois fonds,45.543389,1.45468,Plein jour,Hors agglomération,Autre intersection,Normale,Autre collision,9,-1,1,0,2,1,9,0,8,-1,1,1,0,0,1,0,35.0,,deux_roues,,1,1,9,1,6
202000039679,2020-09-25 07:15:00,2020,9,25,7,15,75,75114,RUE DELAMBRE,48.841665,2.327773,Crépuscule ou aube,En agglomération,Hors intersection,Pluie légère,Autre collision,4,1,1,0,1,1,2,0,1,50,1,2,1,0,0,1,23.0,,deux_roues,,2,2,1,2,6
202000039680,2020-09-25 15:18:00,2020,9,25,15,18,75,75110,BOULEVARD DE LA VILLETTE,48.872865,2.3758,Plein jour,En agglomération,Hors intersection,Normale,Autre collision,4,1,1,0,1,1,2,0,1,30,1,1,0,0,1,0,,,,,1,2,1,1,6
202000039681,2020-06-30 16:30:00,2020,6,30,16,30,37,37028,Cinge,46.8090992,0.9705439,Plein jour,Hors agglomération,Hors intersection,Normale,Deux véhicules - frontale,3,2,2,0,1,1,1,0,1,80,2,2,1,1,0,0,33.0,37.0,voiture,utilitaire_camion,1,1,1,1,1
202000039682,2020-09-24 22:00:00,2020,9,24,22,0,75,75109,RUE DE DOUAI,48.881209,2.336162,Nuit avec éclairage allumé,En agglomération,Intersection en X,Pluie légère,Autre collision,4,1,1,0,1,1,2,0,4,50,1,2,1,0,0,1,20.0,,voiture,,5,2,2,2,6
202000039683,2020-07-01 06:00:00,2020,7,1,6,0,37,37001,57 Route du Blanc,46.9623654,0.7054625,Nuit sans éclairage public,Hors agglomération,Hors intersection,Normale,Deux véhicules - côté,3,2,2,0,1,1,1,0,1,80,2,2,1,0,1,0,21.0,58.0,voiture,deux_roues,3,1,1,1,3
202000039684,2020-06-30 10:51:00,2020,6,30,10,51,63,63164,"A71 , péage clermont-barrière , parking",45.8395566,3.1607887,Plein jour,Hors agglomération,Autre intersection,Normale,Autre collision,1,3,4,0,1,3,1,9,1,90,1,1,0,0,1,0,49.0,,utilitaire_camion,,1,1,9,1,6
202000039685,2020-09-25 13:20:00,2020,9,25,13,20,75,75117,BOULEVARD DE COURCELLES,48.879052,2.302669,Plein jour,En agglomération,Hors intersection,Pluie légère,Deux véhicules - côté,4,2,5,0,1,1,2,0,1,50,2,3,2,0,0,1,48.0,31.0,utilitaire_camion,deux_roues,1,2,1,2,3
202000039686,2020-06-29 11:30:00,2020,6,29,11,30,976,97607,N2,-12.839314,45.160578,Plein jour,Hors agglomération,Hors intersection,Normale,Deux véhicules - côté,2,2,2,0,2,3,1,0,1,70,2,2,1,1,0,0,35.0,38.0,voiture,utilitaire_camion,1,1,1,1,3
202000039687,2020-06-29 14:50:00,2020,6,29,14,50,95,95039,30 Rue des Gords,49.065822,2.1581972,Plein jour,En agglomération,Hors intersection,Normale,Autre collision,4,2,2,0,1,1,1,9,1,50,1,1,0,0,1,0,77.0,,autre,,1,2,1,1,6
202000039688,2020-09-25 12:20:00,2020,9,25,12,20,75,75117,BOULEVARD DE COURCELLES,48.878989,2.302403,Plein jour,En agglomération,Intersection en T,Pluie légère,Deux véhicules - côté,4,2,6,0,1,1,2,0,1,50,2,2,1,0,0,1,44.0,38.0,voiture,deux_roues,1,2,3,2,3
202000039689,2020-09-25 08:59:00,2020,9,25,8,59,75,75108,AVENUE DES CHAMPS ELYSEES,48.869818,2.307275,Plein jour,En agglomération,Hors intersection,Pluie légère,Sans collision,4,2,6,1,2,1,2,-1,5,50,1,1,0,0,0,1,50.0,,deux_roues,,1,2,1,2,7
202000039690,2020-06-28 17:45:00,2020,6,28,17,45,91,91661,19 Rue de Villiers,48.697203,2.246709,Plein jour,En agglomération,Intersection en X,Normale,Deux véhicules - côté,3,-1,2,0,1,1,1,5,1,50,2,4,2,0,0,2,41.0,61.0,deux_roues,voiture,1,2,2,1,3
202000039691,2020-09-25 09:10:00,2020,9,25,9,10,75,75103,BOULEVARD BEAUMARCHAIS,48.856948,2.368227,Plein jour,En agglomération,Intersection en T,Temps couvert,Sans collision,4,3,4,3,1,1,2,0,1,50,1,1,0,0,0,1,35.0,,deux_roues,,1,2,3,8,7
202000039692,2020-06-30 18:30:00,2020,6,30,18,30,2A,2A247,T10,41.5978487,9.2669289,Plein jour,Hors agglomération,Autre intersection,Normale,Autre collision,2,2,2,0,1,1,1,9,1,50,1,2,1,0,0,1,88.0,,voiture,,1,1,9,1,6
202000039693,2020-09-24 18:25:00,2020,9,24,18,25,75,75101,RUE DE L AMIRAL DE COLIGNY,48.860909,2.340852,Plein jour,En agglomération,Intersection en X,Pluie forte,Sans collision,4,2,3,1,1,1,2,0,1,30,1,1,0,0,0,1,57.0,,deux_roues,,1,2,2,3,7
202000039694,2020-07-01 01:30:00,2020,7,1,1,30,83,83042,D98,43.242592,6.530997,Nuit sans éclairage public,Hors agglomération,Hors intersection,Normale,Sans collision,3,2,2,0,1,1,1,0,3,70,1,1,0,0,0,1,31.0,,voiture,,3,1,1,1,7
202000039695,2020-09-25 13:00:00,2020,9,25,13,0,94,94074,FERME (COUR DE LA),48.77007,2.44167,Plein jour,En agglomération,Hors intersection,Pluie légère,Deux véhicules - frontale,3,2,2,0,1,3,2,0,1,50,2,2,0,0,0,2,39.0,76.0,deux_roues,voiture,1,2,1,2,1
202000039696,2020-07-01 13:00:00,2020,7,1,13,0,83,83106,route departementale 43,43.323023,6.078229,Plein jour,Hors agglomération,Hors intersection,Normale,Trois véhicules et plus - collisions multiples,3,2,2,0,1,1,1,0,1,80,3,3,2,1,0,0,53.0,44.0,utilitaire_camion,utilitaire_camion,1,1,1,1,5
202000039697,2020-09-25 09:40:00,2020,9,25,9,40,94,94078,THIMONNIER (R),48.75126,2.44566,Plein jour,En agglomération,Intersection en T,Pluie légère,Sans collision,4,2,2,0,1,1,2,0,1,50,1,1,0,0,0,1,61.0,,deux_roues,,1,2,3,2,7
202000039698,2020-07-01 13:15:00,2020,7,1,13,15,05,05134,N94,44.639735,6.568676,Plein jour,Hors agglomération,Hors intersection,Normale,Trois véhicules et plus - en chaîne,2,2,2,0,2,1,1,0,1,80,3,3,2,0,0,1,32.0,26.0,voiture,voiture,1,1,1,1,4
202000039699,2020-09-24 13:15:00,2020,9,24,13,15,94,94042,GENERAL GALLIENI (AV DU),48.820078,2.476683,Plein jour,En agglomération,Hors intersection,Normale,Autre collision,3,2,4,1,1,1,1,0,1,50,1,2,1,0,0,1,17.0,,deux_roues,,1,2,1,1,6
202000039700,2020-09-25 09:10:00,2020,9,25,9,10,94,94046,GENERAL DE GAULLE (AV DU),48.81399,2.42094,Plein jour,En agglomération,Hors intersection,Pluie légère,Sans collision,3,2,4,0,1,1,2,0,1,50,1,1,0,0,0,1,38.0,,deux_roues,,1,2,1,2,7
202000039701,2020-07-01 07:15:00,2020,7,1,7,15,13,13092,D10,43.535677,5.047477,Plein jour,Hors agglomération,Hors intersection,Normale,Trois véhicules et plus - en chaîne,3,2,2,0,2,3,1,0,1,80,3,4,1,0,3,0,39.0,32.0,voiture,voiture,1,1,1,1,4
202000039702,2020-09-25 22:30:00,2020,9,25,22,30,94,94076,PARIS (AV DE),48.80651,2.36337,Nuit avec éclairage allumé,En agglomération,Hors intersection,Normale,Deux véhicules - côté,3,2,4,1,1,1,1,0,1,50,2,2,1,0,0,1,32.0,41.0,deux_roues,voiture,5,2,1,1,3
202000039703,2020-06-27 04:30:00,2020,6,27,4,30,67,67544,D3,49.014943,8.025647,Nuit sans éclairage public,Hors agglomération,Hors intersection,Normale,Autre collision,3,2,2,0,1,1,1,0,1,80,1,1,0,0,1,0,55.0,,deux_roues,,3,1,1,1,6
202000039704,2020-09-25 07:45:00,2020,9,25,7,45,94,94028,MATISSE(RUE HENRI),48.78252,2.45867,Plein jour,En agglomération,Intersection en T,Pluie légère,Deux véhicules - côté,3,1,2,0,1,1,2,0,1,50,2,2,1,0,0,1,51.0,34.0,voiture,voiture,1,2,3,2,3
202000039705,2020-06-30 15:15:00,2020,6,30,15,15,73,73064,D1006 Avenue de chambery,45.548369,5.985328,Plein jour,En agglomération,Intersection en X,Normale,Autre collision,3,2,2,0,1,1,1,5,1,30,1,2,1,1,0,0,53.0,,voiture,,1,2,2,1,6
202000039706,2020-09-25 08:30:00,2020,9,25,8,30,94,94069,SAINT MAURICE DU VALAIS (AV),48.8171,2.459371,Plein jour,En agglomération,Hors intersection,Pluie légère,Deux véhicules - frontale,3,2,3,0,2,1,2,0,1,50,2,3,2,0,0,1,56.0,42.0,deux_roues,voiture,1,2,1,2,1
202000039707,2020-06-30 20:50:00,2020,6,30,20,50,38,38106,Les Arêtes,45.008187,5.791131,Plein jour,Hors agglomération,Hors intersection,Normale,Autre collision,4,2,2,0,2,2,1,0,3,80,1,1,0,0,1,0,45.0,,voiture,,1,1,1,1,6
202000039708,2020-09-24 21:00:00,2020,9,24,21,0,94,94002,VICTOR HUGO (R),48.80507,2.41572,Nuit avec éclairage allumé,En agglomération,Intersection en X,Pluie légère,,4,1,1,0,1,2,2,0,1,50,2,2,1,0,0,1,51.0,27.0,voiture,deux_roues,5,2,2,2,-1
202000039709,2020-09-25 14:00:00,2020,9,25,14,0,93,93078,BD ROBERT BALLANGER / RTE DES PETITS PONTS,48.96114,2.55651,Plein jour,En agglomération,Giratoire,Pluie légère,Deux véhicules - côté,3,1,2,0,1,2,2,5,1,50,2,2,1,0,0,1,33.0,24.0,voiture,voiture,1,2,6,2,3
202000039710,2020-07-01 18:00:00,2020,7,1,18,0,69,69078,D489,45.690128,4.505446,Plein jour,Hors agglomération,Hors intersection,Pluie légère,Sans collision,3,2,2,0,1,3,2,9,3,80,1,1,0,0,1,0,20.0,,voiture,,1,1,1,2,7
202000039711,2020-09-25 15:00:00,2020,9,25,15,0,93,93073,CHAPIT RE ( RUE DU),49.0062972,2.5578444,Plein jour,En agglomération,Hors intersection,Pluie légère,Deux véhicules - côté,7,3,2,0,1,3,2,0,1,50,2,6,5,0,0,1,24.0,45.0,voiture,voiture,1,2,1,2,3
202000039712,2020-06-30 18:50:00,2020,6,30,18,50,09,09199,Montaut,43.2133626,1.6312649,Plein jour,Hors agglomération,Hors intersection,Normale,Deux véhicules - côté,3,2,2,0,1,1,1,0,1,80,2,2,1,0,1,0,68.0,16.0,voiture,deux_roues,1,1,1,1,3
202000039713,2020-09-25 19:00:00,2020,9,25,19,0,93,93070,MICHELET (AVE) : DU 1 AU 103,48.9016045,2.3441222,Crépuscule ou aube,En agglomération,Autre intersection,Normale,Autre collision,3,3,2,1,2,1,1,0,1,50,1,1,0,0,0,1,,,,,2,2,9,1,6
202000039714,2020-09-25 14:30:00,2020,9,25,14,30,93,93064,MANOUCHIAN (RUE MISSAK),48.86414,2.49669,Plein jour,En agglomération,Hors intersection,Pluie légère,Autre collision,4,2,2,0,1,1,2,0,1,50,1,2,1,0,0,1,20.0,,deux_roues,,1,2,1,2,6
202000039715,2020-06-29 16:30:00,2020,6,29,16,30,33,33256,Chemin du Roy,44.98142,-0.59259,Plein jour,Hors agglomération,Hors intersection,Normale,Trois véhicules et plus - collisions multiples,3,2,2,0,1,2,1,0,1,70,3,7,2,0,2,3,52.0,40.0,voiture,voiture,1,1,1,1,5
202000039716,2020-06-30 12:45:00,2020,6,30,12,45,85,85222,Quai Marcel Bernard,46.695536,-1.94127,Plein jour,En agglomération,Hors intersection,Normale,Autre collision,6,-1,-1,0,1,1,1,0,1,20,1,2,1,0,1,0,68.0,,utilitaire_camion,,1,2,1,1,6
202000039717,2020-09-25 17:00:00,2020,9,25,17,0,93,93046,JEAN JAURES BOULEVARD,48.9202327,2.5266699,Plein jour,En agglomération,Hors intersection,Temps couvert,Deux véhicules - côté,3,2,2,3,1,1,2,0,6,30,2,2,1,0,1,0,35.0,,transport_commun,,1,2,1,8,3
202000039718,2020-07-01 01:15:00,2020,7,1,1,15,85,85097,Rue de la Frèrie,46.93838,-1.06104,Nuit avec éclairage allumé,En agglomération,Hors intersection,Pluie légère,Sans collision,4,2,2,0,1,1,2,0,1,50,1,1,0,0,1,0,22.0,,deux_roues,,5,2,1,2,7
202000039719,2020-09-25 08:40:00,2020,9,25,8,40,93,93074,R ALEXANDRE BOUCHER,48.9342,2.56645,Plein jour,En agglomération,Hors intersection,Pluie légère,Deux véhicules - arrière,3,2,2,0,1,1,2,0,1,50,2,2,1,0,0,1,36.0,29.0,voiture,voiture,1,2,1,2,2
202000039720,2020-07-01 00:00:00,2020,7,1,0,0,50,50444,Les Rouges Terres,49.0529758,-0.9260267,Nuit sans éclairage public,Hors agglomération,Hors intersection,Pluie légère,Autre collision,3,2,2,0,1,1,2,0,3,80,1,1,0,1,0,0,21.0,,voiture,,3,1,1,2,6
202000039721,2020-09-24 18:10:00,2020,9,24,18,10,93,93032,R DU GENERAL LECLERC / R DE LA MAISON ROUGE,48.8901374,2.5392589,Plein jour,En agglomération,Intersection en Y,Pluie légère,Autre collision,3,1,1,0,4,3,2,0,1,50,1,2,0,0,0,2,31.0,,deux_roues,,1,2,4,2,6
202000039722,2020-06-30 18:05:00,2020,6,30,18,5,50,50099,1 Rue de l'Abreuvoir,49.304926,-1.245645,Plein jour,En agglomération,Intersection en T,Temps couvert,Autre collision,4,2,1,0,1,1,1,9,1,-1,1,2,1,0,0,1,21.0,,voiture,,1,2,3,8,6
202000039723,2020-09-25 15:10:00,2020,9,25,15,10,93,93031,JOFFRE (AVENUE),48.9616276,2.2949474,Plein jour,En agglomération,Intersection en X,Pluie légère,Autre collision,3,2,3,0,1,1,1,0,8,50,1,1,0,0,0,1,21.0,,voiture,,1,2,2,2,6
202000039724,2020-09-25 14:55:00,2020,9,25,14,55,93,93027,SALENGRO (AVENUE ROGER),48.938,2.3883,Plein jour,En agglomération,Hors intersection,Pluie légère,Sans collision,3,1,2,0,1,1,2,0,3,50,1,1,0,0,0,1,28.0,,autre,,1,2,1,2,7
202000039725,2020-09-24 21:55:00,2020,9,24,21,55,93,93027,SALENGRO (AVENUE ROGER),48.93762,2.38882,Nuit sans éclairage public,Hors agglomération,Hors intersection,Pluie légère,Sans collision,3,1,2,0,1,1,2,0,1,50,1,1,0,0,0,1,24.0,,voiture,,3,1,1,2,7
202000039726,2020-06-23 15:30:00,2020,6,23,15,30,76,76203,D6015,49.612086,0.840213,Plein jour,Hors agglomération,Intersection en T,Temps éblouissant,Deux véhicules - côté,3,2,2,0,1,1,1,0,1,80,2,2,1,0,1,0,27.0,58.0,deux_roues,voiture,1,1,3,7,3
202000039727,2020-09-25 16:30:00,2020,9,25,16,30,93,93047,BARGUE  (BOULEVARD),48.90065,2.55737,Plein jour,En agglomération,Hors intersection,Normale,Autre collision,4,-1,2,0,1,1,1,0,1,50,1,2,1,0,0,1,43.0,,voiture,,1,2,1,1,6
202000039728,2020-06-30 20:00:00,2020,6,30,20,0,13,13055,A507 sens Marseille - Aubagne,43.32614,5.42114,Plein jour,Hors agglomération,Hors intersection,Normale,Deux véhicules - arrière,1,3,3,0,1,1,1,0,1,70,2,2,0,0,0,2,21.0,29.0,voiture,voiture,1,1,1,1,2
202000039729,2020-09-25 10:55:00,2020,9,25,10,55,93,93047,PECHES  (AVENUE DES),48.8984297,2.5604281,Plein jour,En agglomération,Hors intersection,Pluie légère,Autre collision,4,1,1,0,1,1,2,0,1,30,1,2,1,0,0,1,44.0,,voiture,,1,2,1,2,6
202000039730,2020-09-25 18:20:00,2020,9,25,18,20,93,93007,ARISTIDE BRIAND (AVENUE COTE IMPAIRS),48.94531,2.45116,Plein jour,En agglomération,Intersection en X,Temps couvert,Trois véhicules et plus - en chaîne,3,2,2,0,1,1,1,0,1,50,4,7,4,0,0,3,57.0,52.0,voiture,voiture,1,2,2,8,4
202000039731,2020-09-25 17:05:00,2020,9,25,17,5,93,93005,CAMILLE PELLETAN (RUE),48.9439546,2.4953951,Plein jour,En agglomération,Hors intersection,Pluie légère,Autre collision,4,2,1,0,1,2,2,0,1,50,1,2,1,0,1,0,22.0,,voiture,,1,2,1,2,6
202000039732,2020-06-30 09:20:00,2020,6,30,9,20,13,13055,A507 sens Marseille - Aubagne,43.2965317,5.4245381,Plein jour,Hors agglomération,Hors intersection,Normale,Deux véhicules - arrière,1,1,3,0,2,1,1,1,1,70,2,2,1,0,0,1,40.0,34.0,voiture,voiture,1,1,1,1,2
202000039733,2020-06-30 05:53:00,2020,6,30,5,53,13,13117,A7-Sens Marseille vers Lyon,43.4299,5.2601,Crépuscule ou aube,Hors agglomération,Hors intersection,Normale,Deux véhicules - arrière,1,1,2,0,1,1,1,0,1,110,2,2,1,0,0,1,37.0,29.0,utilitaire_camion,utilitaire_camion,2,1,1,1,2
202000039734,2020-09-25 17:20:00,2020,9,25,17,20,93,93005,BD MARC CHAGALL / R PAUL CEZANNE,48.9525373,2.4970078,Plein jour,En agglomération,Intersection en X,Pluie légère,Deux véhicules - côté,3,3,4,0,1,1,2,0,1,50,2,4,2,0,0,2,19.0,69.0,utilitaire_camion,utilitaire_camion,1,2,2,2,3
202000039735,2020-09-25 09:10:00,2020,9,25,9,10,93,93001,R CHAPON / R DU COMMANDANT L'HERMINIER,48.91509,2.38611,Plein jour,En agglomération,Intersection en X,Pluie légère,Autre collision,4,1,1,0,1,1,2,0,1,50,1,2,1,0,0,1,44.0,,voiture,,1,2,2,2,6
202000039736,2020-06-29 18:30:00,2020,6,29,18,30,13,13106,A51-Sens Aix en Provence vers Marseille,43.40325,5.35691,Plein jour,Hors agglomération,Hors intersection,Normale,Trois véhicules et plus - en chaîne,1,1,3,3,1,1,1,0,1,90,3,3,2,0,0,1,47.0,35.0,voiture,voiture,1,1,1,1,4
202000039737,2020-09-25 08:05:00,2020,9,25,8,5,92,92064,LOUIS LOUCHEUR,48.8601002,2.2133893,Crépuscule ou aube,En agglomération,Hors intersection,Pluie légère,Sans collision,3,2,4,0,2,1,2,0,1,50,1,1,0,0,1,0,50.0,,deux_roues,,2,2,1,2,7
202000039738,2020-06-29 13:15:00,2020,6,29,13,15,91,91339,RN 104,48.6257,2.26151,Plein jour,Hors agglomération,Hors intersection,Normale,Deux véhicules - arrière,2,-1,3,0,1,1,1,0,1,110,2,2,1,0,0,1,33.0,50.0,voiture,utilitaire_camion,1,1,1,1,2
202000039739,2020-09-25 09:05:00,2020,9,25,9,5,92,92051,"CHARLES DE GAULLE (AVENUE, N°27 A 129)",48.8802589,2.2737944,Plein jour,En agglomération,Autre intersection,Autre,Deux véhicules - côté,4,1,1,1,1,1,2,0,5,50,2,2,1,0,0,1,34.0,43.0,deux_roues,voiture,1,2,9,9,3
202000039740,2020-09-25 13:10:00,2020,9,25,13,10,92,92049,DORMOY AVENUE MARX N°2 A 100,48.80977,2.32258,Plein jour,En agglomération,Hors intersection,Pluie légère,Sans collision,3,1,2,3,1,1,2,0,1,50,1,1,0,0,0,1,21.0,,deux_roues,,1,2,1,2,7
202000039741,2020-06-29 08:54:00,2020,6,29,8,54,91,91687,AUTOROUTE A6,48.66391,2.36586,Plein jour,Hors agglomération,Hors intersection,Normale,Trois véhicules et plus - en chaîne,1,1,3,0,1,1,1,0,1,110,6,6,2,0,0,4,54.0,36.0,utilitaire_camion,voiture,1,1,1,1,4
202000039742,2020-09-25 19:45:00,2020,9,25,19,45,92,92012,MARECHAL DE LATTRE DE TASSIGNY (AVENUE),48.8407283,2.2281432,Nuit avec éclairage allumé,En agglomération,Giratoire,Normale,Deux véhicules - arrière,3,3,2,0,1,1,2,0,1,50,2,3,2,0,0,1,51.0,38.0,voiture,voiture,5,2,6,1,2
202000039743,2020-06-30 18:10:00,2020,6,30,18,10,92,92063,A86,48.88928,2.16846,Plein jour,Hors agglomération,Hors intersection,Normale,Deux véhicules - côté,1,1,5,0,1,3,1,0,1,70,2,2,1,0,0,1,60.0,28.0,deux_roues,voiture,1,1,1,1,3
202000039744,2020-09-24 12:00:00,2020,9,24,12,0,92,92012,REINE (ROUTE DE LA) 1/37- 6/80,48.8391572,2.2461838,Plein jour,En agglomération,Hors intersection,Temps couvert,Sans collision,3,2,2,0,1,1,1,0,1,50,1,1,0,0,1,0,62.0,,utilitaire_camion,,1,2,1,8,7
202000039745,2020-09-25 09:50:00,2020,9,25,9,50,92,92012,GENERAL LECLERC (AVENUE DU) 1/33 - 2/58,48.8328423,2.2408611,Plein jour,En agglomération,Hors intersection,Normale,Deux véhicules - côté,3,3,6,0,1,1,2,0,1,50,2,2,1,0,0,1,27.0,52.0,utilitaire_camion,deux_roues,1,2,1,1,3
202000039746,2020-09-25 07:40:00,2020,9,25,7,40,92,92004,MARNE   ( AVENUE DE LA ),48.9072505,2.2829028,Crépuscule ou aube,En agglomération,Hors intersection,Temps couvert,,3,2,4,0,1,1,2,0,1,50,2,3,2,0,0,1,70.0,27.0,voiture,deux_roues,2,2,1,8,-1
202000039747,2020-06-29 10:05:00,2020,6,29,10,5,92,92036,A86,48.9357641,2.2872225,Plein jour,Hors agglomération,Hors intersection,Normale,Trois véhicules et plus - en chaîne,1,3,3,0,1,1,1,0,1,90,4,4,3,0,0,1,38.0,23.0,voiture,utilitaire_camion,1,1,1,1,4
202000039748,2020-09-25 15:30:00,2020,9,25,15,30,92,92002,PRESIDENT KENNEDY (50 A LA FIN),48.7376237,2.2955954,Plein jour,En agglomération,Hors intersection,Temps couvert,Deux véhicules - arrière,3,2,2,2,1,1,2,0,1,50,2,2,1,0,0,1,30.0,24.0,voiture,voiture,1,2,1,8,2
202000039749,2020-08-11 11:28:00,2020,8,11,11,28,974,97415,Route du Maïdo,-21.026037,55.322492,Plein jour,Hors agglomération,Hors intersection,Normale,Sans collision,4,2,2,0,2,2,1,0,3,80,1,4,1,0,0,3,21.0,,autre,,1,1,1,1,7
202000039750,2020-06-29 10:20:00,2020,6,29,10,20,95,95572,RN 184,49.03509,2.11501,Plein jour,Hors agglomération,Hors intersection,Normale,Trois véhicules et plus - en chaîne,2,3,6,0,1,1,1,0,1,90,3,3,2,0,0,1,58.0,58.0,utilitaire_camion,voiture,1,1,1,1,4
202000039751,2020-09-24 17:50:00,2020,9,24,17,50,49,49082,D961,47.320825,-0.742151,Plein jour,Hors agglomération,Hors intersection,Temps couvert,Autre collision,3,2,2,0,2,2,2,0,3,-1,1,1,0,0,1,0,47.0,,voiture,,1,1,1,8,6
202000039752,2020-09-26 17:15:00,2020,9,26,17,15,2A,2A272,D69,41.624618,8.980722,Plein jour,En agglomération,Hors intersection,Vent fort / tempête,Autre collision,3,2,2,0,2,3,1,0,3,50,1,1,0,0,1,0,56.0,,deux_roues,,1,2,1,6,6
202000039753,2020-06-29 09:00:00,2020,6,29,9,0,93,93078,AUTOROUTE A104,48.96725,2.51206,Plein jour,Hors agglomération,Hors intersection,Normale,Trois véhicules et plus - collisions multiples,1,3,8,0,1,1,1,0,1,110,3,3,1,0,0,2,52.0,36.0,voiture,voiture,1,1,1,1,5
202000039754,2020-09-25 20:30:00,2020,9,25,20,30,62,62811,D190,50.638466,2.23913,Nuit sans éclairage public,Hors agglomération,Hors intersection,Normale,Autre collision,3,2,2,0,2,3,1,0,3,80,1,2,1,1,0,0,23.0,,voiture,,3,1,1,1,6
202000039755,2020-06-30 17:15:00,2020,6,30,17,15,94,94073,A86 INT,48.7716646,2.3931443,Plein jour,Hors agglomération,Hors intersection,Normale,,1,3,6,0,1,1,1,1,1,90,2,2,1,0,0,1,26.0,22.0,utilitaire_camion,deux_roues,1,1,1,1,-1
202000039756,2020-09-26 06:35:00,2020,9,26,6,35,42,42176,Route de Renaison,46.048358,3.977383,Nuit sans éclairage public,En agglomération,Hors intersection,Normale,Autre collision,3,2,2,0,1,1,2,0,3,80,1,1,0,0,1,0,22.0,,voiture,,3,2,1,1,6
202000039757,2020-09-23 16:40:00,2020,9,23,16,40,51,51547,D931,49.1045459,4.6476244,Plein jour,Hors agglomération,Hors intersection,Normale,Sans collision,3,2,2,0,1,1,1,0,1,80,1,1,0,0,1,0,35.0,,voiture,,1,1,1,1,7
202000039758,2020-09-26 18:00:00,2020,9,26,18,0,62,62408,D231,50.861414,1.832716,Plein jour,Hors agglomération,Hors intersection,Pluie forte,Autre collision,3,2,2,0,2,2,2,0,3,80,1,1,0,1,0,0,60.0,,voiture,,1,1,1,3,6
202000039759,2020-06-30 11:30:00,2020,6,30,11,30,94,94028,A86 EXT,48.8001614,2.4465546,Plein jour,Hors agglomération,Hors intersection,Normale,Trois véhicules et plus - collisions multiples,1,3,4,0,1,2,1,0,1,90,3,4,1,0,0,3,39.0,61.0,voiture,voiture,1,1,1,1,5
202000039760,2020-06-21 20:45:00,2020,6,21,20,45,77,77294,A104,48.9670192,2.6049477,Plein jour,Hors agglomération,Hors intersection,Pluie légère,Autre collision,1,-1,2,0,1,1,2,0,1,90,1,1,0,0,0,1,42.0,,voiture,,1,1,1,2,6
202000039761,2020-06-29 19:30:00,2020,6,29,19,30,69,69259,MARCEL SEMBAT                       (BD),45.7136,4.8778,Plein jour,En agglomération,Hors intersection,Normale,Deux véhicules - côté,4,2,0,0,1,1,1,0,1,50,2,2,1,0,0,1,39.0,18.0,voiture,deux_roues,1,2,1,1,3
202000039762,2020-09-25 23:40:00,2020,9,25,23,40,77,77398,D6,48.859972,3.290148,Nuit sans éclairage public,Hors agglomération,Hors intersection,Pluie légère,Sans collision,3,2,2,0,1,1,2,0,3,80,1,4,2,0,2,0,19.0,,voiture,,3,1,1,2,7
202000039763,2020-06-29 12:50:00,2020,6,29,12,50,69,69276,312                                     ,45.67672,4.84883,Plein jour,Hors agglomération,Hors intersection,Normale,Deux véhicules - côté,3,2,2,0,1,1,1,0,1,70,2,2,1,0,0,1,25.0,55.0,voiture,voiture,1,1,1,1,3