accident_id,datetime,annee,mois,jour,heure,minute,departement,commune_insee,adresse,latitude,longitude,luminosite,agglomeration,intersection,meteo,collision,catr,circ,nbv,vosp,prof,plan,surf,infra,situ,vma,nb_vehicules,nb_usagers,nb_indemnes,nb_tues,nb_blesses_hosp,nb_blesses_legers,age_cond_1,age_cond_2,veh_type_cond_1,veh_type_cond_2,lum_code,agg_code,int_code,atm_code,col_code
202000039856,2020-10-26 07:50:00,2020,10,26,7,50,35,35238,FOUGERES (ROUTE DE),48.1318985,-1.6355271,Plein jour,En agglomération,Intersection en X,Normale,Deux véhicules - côté,4,2,2,0,1,1,1,0,1,50,2,2,1,0,0,1,32.0,31.0,voiture,deux_roues,1,2,2,1,3
202000039857,2020-10-24 16:40:00,2020,10,24,16,40,34,34172,CINQUANTE SIXIEME REGIMENT D'ARTILLERIE,43.6012245,3.8626027,Plein jour,En agglomération,Hors intersection,Normale,Sans collision,4,1,2,0,1,1,1,0,1,50,1,2,1,0,0,1,30.0,,voiture,,1,2,1,1,7
202000039858,2020-10-24 00:05:00,2020,10,24,0,5,34,34032,RD 612,43.35337,3.25065,Plein jour,En agglomération,Hors intersection,Normale,Deux véhicules - côté,3,2,2,0,1,1,1,9,1,50,2,2,0,0,2,0,18.0,24.0,voiture,voiture,1,2,1,1,3
202000039859,2020-10-27 00:15:00,2020,10,27,0,15,33,33063,BD ALBERT 1ER,44.81351,-0.56471,Nuit avec éclairage allumé,En agglomération,Intersection en X,Pluie forte,Sans collision,4,3,5,0,1,1,2,0,1,50,1,1,0,0,0,1,22.0,,deux_roues,,5,2,2,3,7
202000039860,2020-10-26 08:40:00,2020,10,26,8,40,33,33529,PYLA (BD DU),44.63375,-1.16867,Plein jour,En agglomération,Giratoire,Pluie légère,Deux véhicules - arrière,3,2,2,0,2,1,2,0,1,50,2,2,1,0,0,1,64.0,48.0,voiture,voiture,1,2,6,2,2
202000039861,2020-10-26 00:10:00,2020,10,26,0,10,31,31555,RTE DE SEYSSES,43.57745,1.42221,Nuit avec éclairage allumé,En agglomération,Hors intersection,Pluie forte,Deux véhicules - arrière,4,2,2,0,1,1,2,0,1,50,2,2,1,0,0,1,29.0,50.0,voiture,voiture,5,2,1,3,2
202000039862,2020-10-25 20:45:00,2020,10,25,20,45,31,31555,STRASBOURG (BD DE) DU 1AU 33,43.60874,1.44552,Nuit avec éclairage allumé,En agglomération,Hors intersection,Normale,Deux véhicules - côté,4,3,1,0,1,1,1,0,1,50,2,2,1,0,0,1,30.0,56.0,utilitaire_camion,deux_roues,5,2,1,1,3
202000039863,2020-10-25 16:38:00,2020,10,25,16,38,31,31555,Chemin de Tissié,43.59354,1.39345,Plein jour,En agglomération,Hors intersection,Normale,Autre collision,4,2,1,0,1,1,1,5,4,50,1,1,0,0,1,0,44.0,,voiture,,1,2,1,1,6
202000039864,2020-10-25 14:35:00,2020,10,25,14,35,31,31555,RUE JEAN PHILIPPE RAMEAU,43.61885,1.42379,Plein jour,En agglomération,Hors intersection,Normale,Deux véhicules - côté,4,-1,1,0,1,1,1,0,1,50,2,3,2,0,0,1,38.0,66.0,voiture,utilitaire_camion,1,2,1,1,3
202000039865,2020-10-26 07:45:00,2020,10,26,7,45,29,29051,D15 - Avenue de Garsalec,48.0143639,-4.007026,Crépuscule ou aube,Hors agglomération,Hors intersection,Pluie légère,Deux véhicules - frontale,3,2,2,0,1,1,2,0,1,70,2,2,0,0,0,2,18.0,21.0,voiture,voiture,2,1,1,2,1
202000039866,2020-10-26 12:55:00,2020,10,26,12,55,29,29039,D70 - La Boissiere,47.9188833,-3.9033061,Plein jour,Hors agglomération,Hors intersection,Pluie légère,Deux véhicules - arrière,3,2,2,0,1,1,2,0,1,70,2,2,1,0,0,1,56.0,26.0,voiture,voiture,1,1,1,2,2
202000039867,2020-10-25 11:27:00,2020,10,25,11,27,16,16102,Av Victor HUGO,45.68861,-0.314931,Plein jour,En agglomération,Intersection en T,Normale,Autre collision,3,2,2,0,1,1,1,0,1,50,1,2,1,0,1,0,58.0,,voiture,,1,2,3,1,6
202000039868,2020-10-26 10:50:00,2020,10,26,10,50,13,13211,VALENTINE (ROUTE DE LA),43.2893,5.4659,Plein jour,En agglomération,Hors intersection,Normale,Deux véhicules - côté,4,2,2,0,1,1,1,0,1,50,2,1,0,0,0,1,20.0,,deux_roues,,1,2,1,1,3
202000039869,2020-10-26 14:48:00,2020,10,26,14,48,13,13063,RENE CASSIN ROND POINT,43.5987,5.0056,Plein jour,En agglomération,Hors intersection,Normale,Sans collision,4,1,1,0,1,1,1,9,1,50,1,2,1,0,0,1,19.0,,deux_roues,,1,2,1,1,7
202000039870,2020-10-24 11:55:00,2020,10,24,11,55,11,11069,Avenue du Président Franklin Roosevelt ,43.22607,2.33205,Plein jour,En agglomération,Giratoire,Normale,,4,2,2,0,1,1,1,0,8,50,2,2,1,0,1,0,26.0,85.0,deux_roues,voiture,1,2,6,1,-1
202000039871,2020-10-26 13:13:00,2020,10,26,13,13,10,10362,BENOIT MALON (RUE),48.293,4.0612,Plein jour,En agglomération,Intersection en X,Normale,Deux véhicules - frontale,4,1,1,0,2,1,1,0,1,50,2,2,1,0,0,1,19.0,78.0,deux_roues,voiture,1,2,2,1,1
202000039872,2020-10-25 11:00:00,2020,10,25,11,0,05,05061,FAUVINS ( ROUTE  DES ),44.56822,6.12818,Plein jour,Hors agglomération,Hors intersection,Normale,Sans collision,4,-1,2,0,1,1,1,0,1,50,1,1,0,0,0,1,19.0,,deux_roues,,1,1,1,1,7
202000039873,2020-10-22 17:04:00,2020,10,22,17,4,05,05061,PROVENCE ( AVENUE DE ),44.54084,6.05743,Plein jour,En agglomération,Hors intersection,Pluie légère,Sans collision,2,2,2,0,1,1,2,0,1,50,1,1,0,0,0,1,15.0,,deux_roues,,1,2,1,2,7
202000039874,2020-10-21 19:05:00,2020,10,21,19,5,05,05061,PROVENCE (AVENUE DE),44.53929,6.05571,Nuit avec éclairage non allumé,En agglomération,Hors intersection,Normale,Deux véhicules - côté,2,2,2,0,2,1,1,0,1,50,2,2,1,0,0,1,51.0,59.0,utilitaire_camion,deux_roues,4,2,1,1,3
202000039875,2020-10-23 05:30:00,2020,10,23,5,30,75,75114,BOULEVARD PERIPHERIQUE,48.820274,2.324397,Nuit avec éclairage allumé,En agglomération,Hors intersection,Normale,Deux véhicules - côté,4,1,3,0,1,1,1,0,1,70,2,2,1,0,0,1,50.0,37.0,voiture,utilitaire_camion,5,2,1,1,3
202000039876,2020-10-25 19:50:00,2020,10,25,19,50,75,75114,AVENUE DU MAINE,48.836184,2.323477,Nuit avec éclairage allumé,En agglomération,Intersection en Y,Pluie légère,Autre collision,4,2,4,3,1,1,2,0,1,50,1,1,0,0,1,0,48.0,,deux_roues,,5,2,4,2,6
202000039877,2020-10-26 21:00:00,2020,10,26,21,0,75,75118,AVENUE DE LA PORTE DE CLIGNANCOURT,48.900696,2.344268,Nuit avec éclairage allumé,En agglomération,Intersection à plus de 4 branches,Normale,Deux véhicules - côté,4,2,4,0,1,1,1,0,1,50,2,1,0,0,0,1,35.0,,deux_roues,,5,2,5,1,3
202000039878,2020-10-26 17:15:00,2020,10,26,17,15,75,75118,RUE BELLIARD,48.897422,2.343671,Plein jour,En agglomération,Hors intersection,Temps couvert,Autre collision,4,1,1,0,1,1,8,0,1,50,1,1,0,0,0,1,55.0,,deux_roues,,1,2,1,8,6
202000039879,2020-10-26 14:45:00,2020,10,26,14,45,75,75117,BOULEVARD DU FORT DE VAUX,48.89182,2.301578,Plein jour,En agglomération,Intersection en X,Normale,Autre collision,4,1,3,0,1,1,1,1,1,30,1,2,0,0,0,2,19.0,,deux_roues,,1,2,2,1,6
202000039880,2020-10-25 20:41:00,2020,10,25,20,41,75,75115,RUE DE LA CONVENTION,48.843435,2.282742,Nuit avec éclairage allumé,En agglomération,Intersection en X,Temps couvert,Trois véhicules et plus - collisions multiples,4,2,3,3,1,1,2,0,1,50,3,7,3,0,1,3,21.0,37.0,voiture,voiture,5,2,2,8,5
202000039881,2020-10-26 11:40:00,2020,10,26,11,40,75,75113,AVENUE DE CHOISY,48.82726,2.359079,Plein jour,En agglomération,Intersection en T,Normale,Deux véhicules - arrière,4,2,3,0,1,1,1,0,1,50,2,2,1,0,0,1,47.0,28.0,voiture,voiture,1,2,3,1,2
202000039882,2020-10-26 08:45:00,2020,10,26,8,45,75,75112,AVENUE DAUMESNIL,48.843124,2.383986,Plein jour,En agglomération,Hors intersection,Normale,Deux véhicules - côté,4,2,4,0,1,1,1,0,1,50,2,2,1,0,0,1,27.0,37.0,utilitaire_camion,deux_roues,1,2,1,1,3
202000039883,2020-10-26 19:15:00,2020,10,26,19,15,75,75107,PONT DE L ALMA,48.862878,2.301712,Nuit avec éclairage allumé,En agglomération,Intersection en X,Normale,Deux véhicules - côté,4,2,10,1,1,1,1,-1,5,50,2,2,0,0,0,2,62.0,38.0,deux_roues,deux_roues,5,2,2,1,3
202000039884,2020-10-26 16:14:00,2020,10,26,16,14,75,75107,RUE DU BAC,48.857167,2.327619,Plein jour,En agglomération,Hors intersection,Normale,Sans collision,4,2,2,0,1,1,1,0,1,50,1,1,0,0,0,1,39.0,,deux_roues,,1,2,1,1,7
202000039885,2020-10-26 16:50:00,2020,10,26,16,50,75,75104,BOULEVARD HENRI IV,48.850808,2.361434,Crépuscule ou aube,En agglomération,Intersection en X,Normale,Autre collision,4,2,4,0,1,1,1,0,1,30,1,2,1,0,0,1,26.0,,deux_roues,,2,2,2,1,6
202000039886,2020-10-26 09:40:00,2020,10,26,9,40,75,75104,RUE SAINT PAUL,48.854526,2.362636,Plein jour,En agglomération,Hors intersection,Normale,Deux véhicules - côté,4,2,2,0,1,1,1,0,1,30,2,2,1,0,0,1,33.0,34.0,utilitaire_camion,deux_roues,1,2,1,1,3
202000039887,2020-10-25 20:45:00,2020,10,25,20,45,94,94068,JEAN MOULIN (PL),48.79796,2.50267,Nuit avec éclairage allumé,En agglomération,Place,Pluie légère,Deux véhicules - côté,3,2,2,0,1,1,2,5,1,50,2,2,1,0,0,1,54.0,33.0,voiture,voiture,5,2,7,2,3
202000039888,2020-10-26 20:45:00,2020,10,26,20,45,94,94081,ROUGET DE L ISLE (AV),48.77967,2.39568,Nuit avec éclairage allumé,En agglomération,Hors intersection,Normale,Autre collision,3,1,2,0,1,1,1,5,1,50,1,2,1,0,0,1,21.0,,voiture,,5,2,1,1,6
202000039889,2020-10-26 16:40:00,2020,10,26,16,40,94,94041,Quai Auguste Deshaies,48.81531,2.40896,Plein jour,En agglomération,Hors intersection,Normale,Deux véhicules - côté,3,1,1,0,1,1,1,0,1,50,2,2,1,0,0,1,67.0,58.0,voiture,deux_roues,1,2,1,1,3
202000039890,2020-10-26 02:14:00,2020,10,26,2,14,94,94065,rue d'auvergne,48.7603,2.35441,Nuit avec éclairage allumé,En agglomération,Intersection en T,Pluie légère,Deux véhicules - côté,4,1,1,0,1,1,2,0,1,50,2,3,2,0,0,1,30.0,28.0,voiture,voiture,5,2,3,2,3
202000039891,2020-10-26 09:05:00,2020,10,26,9,5,94,94054,Route Charles Tillon,48.74158,2.38625,Plein jour,En agglomération,Hors intersection,Normale,Deux véhicules - arrière,3,2,2,0,1,1,1,0,1,50,2,5,4,0,0,1,20.0,35.0,voiture,voiture,1,2,1,1,2
202000039892,2020-10-23 21:40:00,2020,10,23,21,40,94,94079,MONTRICHARD (AV),48.830703,2.548469,Nuit avec éclairage allumé,En agglomération,Intersection en X,Normale,Deux véhicules - côté,4,2,2,0,1,1,1,0,1,50,2,2,1,0,0,1,27.0,41.0,voiture,deux_roues,5,2,2,1,3
202000039893,2020-10-26 08:15:00,2020,10,26,8,15,93,93070,MICHELET(AV):N°1AU 103,48.9050537,2.3441496,Plein jour,En agglomération,Hors intersection,Normale,Deux véhicules - côté,3,2,4,3,1,1,1,0,6,50,2,2,1,0,1,0,30.0,41.0,deux_roues,voiture,1,2,1,1,3
202000039894,2020-10-26 09:10:00,2020,10,26,9,10,93,93046,FRANCOIS VILLON RUE,48.9211413,2.5379794,Plein jour,En agglomération,Intersection en X,Normale,Autre collision,4,2,2,0,1,1,1,0,8,50,1,2,1,0,0,1,22.0,,voiture,,1,2,2,1,6
202000039895,2020-10-25 00:40:00,2020,10,25,0,40,93,93027,RATEAU (RUE),48.9251886,2.4008958,Nuit avec éclairage allumé,En agglomération,Hors intersection,Pluie légère,Deux véhicules - arrière,4,3,2,0,1,3,2,0,1,50,2,2,1,0,0,1,29.0,29.0,utilitaire_camion,deux_roues,5,2,1,2,2
202000039896,2020-10-26 16:15:00,2020,10,26,16,15,93,93001,AV VICTOR HUGO / R DU GOULET,48.908825,2.378093,Plein jour,En agglomération,Intersection à plus de 4 branches,Normale,Autre collision,3,2,4,0,1,1,1,0,1,50,1,1,0,0,1,0,,,,,1,2,5,1,6
202000039897,2020-10-25 17:40:00,2020,10,25,17,40,93,93001,DANIELLE CASANOVA (RUE)  59 =>,48.9186602,2.3923066,Nuit avec éclairage allumé,En agglomération,Autre intersection,Pluie forte,Autre collision,3,2,0,0,1,1,2,0,1,50,1,2,1,0,0,1,58.0,,voiture,,5,2,9,3,6
202000039898,2020-10-24 14:25:00,2020,10,24,14,25,92,92022,PAVE DES GARDES (ROUTE DU),48.807644,2.189552,Plein jour,En agglomération,Hors intersection,Pluie légère,Autre collision,5,2,1,0,2,1,2,0,1,30,1,2,1,0,1,0,40.0,,utilitaire_camion,,1,2,1,2,6
202000039899,2020-10-21 11:30:00,2020,10,21,11,30,92,92063,POMPIDOU (AVENUE DU PRESIDENT),48.8671387,2.2002556,Plein jour,En agglomération,Hors intersection,Normale,Autre collision,4,2,2,0,2,1,2,0,1,50,1,2,1,0,0,1,67.0,,voiture,,1,2,1,1,6
202000039900,2020-10-26 18:20:00,2020,10,26,18,20,92,92040,FRERES VOISIN (BOULEVARD DES),48.827831,2.270787,Crépuscule ou aube,En agglomération,Hors intersection,Normale,Sans collision,3,3,4,0,1,3,1,0,1,30,1,1,0,0,0,1,29.0,,deux_roues,,2,2,1,1,7
202000039901,2020-10-26 17:40:00,2020,10,26,17,40,92,92040,RODIN (BOULEVARD),48.8173877,2.2556573,Crépuscule ou aube,En agglomération,Hors intersection,Normale,Deux véhicules - arrière,3,1,1,0,2,1,1,0,1,50,2,3,2,0,0,1,52.0,37.0,voiture,deux_roues,2,2,1,1,2
202000039902,2020-10-23 12:05:00,2020,10,23,12,5,92,92036,EUGENE VARLIN (RUE) (2),48.933159,2.29414,Plein jour,En agglomération,Intersection en X,Normale,Deux véhicules - côté,3,2,2,0,1,1,1,0,1,50,2,2,1,0,0,1,19.0,11.0,voiture,deux_roues,1,2,2,1,3
202000039903,2020-10-26 19:30:00,2020,10,26,19,30,92,92078,VERDUN (AVENUE) (PAIRS 92 ET PLUS),48.93489,2.32515,Nuit avec éclairage allumé,En agglomération,Hors intersection,Normale,Deux véhicules - arrière,3,1,1,1,1,1,1,0,1,50,2,2,1,0,0,1,41.0,32.0,voiture,deux_roues,5,2,1,1,2
202000039904,2020-10-26 18:45:00,2020,10,26,18,45,92,92012,GENERAL LECLERC (AVENUE DU) 1/33 - 2/58,48.8327329,2.2408474,Crépuscule ou aube,En agglomération,Hors intersection,Normale,Autre collision,3,1,2,0,1,1,1,0,1,50,1,2,1,0,0,1,40.0,,deux_roues,,2,2,1,1,6
202000039905,2020-10-26 08:30:00,2020,10,26,8,30,92,92012,REINE (ROUTE DE LA) 39/107 BIS,48.8398634,2.2377402,Plein jour,En agglomération,Hors intersection,Normale,,3,3,4,2,1,1,1,0,5,50,2,2,1,0,1,0,29.0,32.0,utilitaire_camion,deux_roues,1,2,1,1,-1
202000039906,2020-10-26 06:50:00,2020,10,26,6,50,92,92012,GENERAL LECLERC (AVENUE DU) 35/FIN - 60/,48.83067,2.23436,Crépuscule ou aube,En agglomération,Hors intersection,Normale,Sans collision,3,3,8,0,1,1,2,0,1,50,1,1,0,0,0,1,45.0,,deux_roues,,2,2,1,1,7
202000039907,2020-10-26 11:00:00,2020,10,26,11,0,86,86174,D21,46.796347,0.501447,Plein jour,Hors agglomération,Hors intersection,Pluie légère,Sans collision,3,2,2,0,1,1,2,0,1,80,1,2,0,0,1,1,38.0,,voiture,,1,1,1,2,7
202000039908,2020-10-27 18:00:00,2020,10,27,18,0,62,62038,Avenue de Saint-omer,50.855962,1.979948,Nuit avec éclairage allumé,En agglomération,Autre intersection,Pluie forte,Autre collision,3,2,2,0,1,1,2,0,1,50,1,2,1,0,1,0,61.0,,voiture,,5,2,9,3,6
202000039909,2020-10-26 19:00:00,2020,10,26,19,0,19,19162,A20,45.342441,1.571571,Nuit sans éclairage public,Hors agglomération,Hors intersection,Pluie légère,Deux véhicules - frontale,1,2,4,0,2,1,2,0,1,130,2,2,0,2,0,0,48.0,65.0,voiture,utilitaire_camion,3,1,1,2,1
202000039910,2020-10-24 19:10:00,2020,10,24,19,10,62,62397,Rue Narcisse Boulanger,50.868716,1.873885,Plein jour,En agglomération,Giratoire,Normale,Deux véhicules - côté,3,2,2,0,1,1,1,0,1,50,2,3,1,0,0,2,15.0,44.0,deux_roues,voiture,1,2,6,1,3
202000039911,2020-10-26 16:45:00,2020,10,26,16,45,41,41149,Avenue Gambetta,47.757308,0.871171,Plein jour,En agglomération,Intersection en T,Normale,Deux véhicules - côté,3,2,2,0,1,1,1,5,1,50,2,3,2,0,1,0,93.0,70.0,voiture,deux_roues,1,2,3,1,3
202000039912,2020-10-25 15:35:00,2020,10,25,15,35,76,76670,RD925,49.766963,0.416322,Plein jour,Hors agglomération,Intersection en Y,Normale,Deux véhicules - côté,3,2,2,0,1,3,1,0,1,70,2,2,1,0,0,1,57.0,47.0,voiture,deux_roues,1,1,4,1,3
202000039913,2020-10-24 18:30:00,2020,10,24,18,30,61,61464,D438,48.624357,0.180953,Crépuscule ou aube,Hors agglomération,Giratoire,Pluie légère,Sans collision,3,2,2,0,1,1,2,5,1,90,1,1,0,0,1,0,21.0,,deux_roues,,2,1,6,2,7
202000039914,2020-10-27 07:25:00,2020,10,27,7,25,49,49125,D70,47.267902,-0.374351,Crépuscule ou aube,Hors agglomération,Intersection en X,Pluie légère,Deux véhicules - côté,3,2,2,0,1,1,2,0,1,80,2,3,1,0,1,1,23.0,42.0,utilitaire_camion,voiture,2,1,2,2,3
202000039915,2020-10-26 18:00:00,2020,10,26,18,0,86,86286,Lieu Dit la Balbiniere,46.887086,0.139078,Nuit sans éclairage public,Hors agglomération,Hors intersection,Temps couvert,Autre collision,3,2,2,0,1,1,2,0,5,90,1,1,0,0,0,1,51.0,,deux_roues,,3,1,1,8,6
202000039916,2020-10-22 10:51:00,2020,10,22,10,51,68,68183,D9b,47.503127,7.446671,Plein jour,Hors agglomération,Hors intersection,Normale,Deux véhicules - frontale,3,2,2,0,2,3,1,0,1,80,2,2,1,0,1,0,72.0,67.0,deux_roues,voiture,1,1,1,1,1
202000039917,2020-10-26 17:34:00,2020,10,26,17,34,35,35360,route de Janzé,48.109445,-1.215758,Crépuscule ou aube,En agglomération,Giratoire,Pluie légère,Autre collision,3,3,4,0,1,4,2,5,1,50,1,2,1,0,0,1,50.0,,voiture,,2,2,6,2,6
202000039918,2020-10-27 14:00:00,2020,10,27,14,0,50,50064,D15,49.388292,-1.46334,Plein jour,Hors agglomération,Hors intersection,Pluie légère,Autre collision,3,2,2,0,1,1,2,0,1,80,1,1,0,0,0,1,69.0,,voiture,,1,1,1,2,6
202000039919,2020-10-17 09:30:00,2020,10,17,9,30,50,50029,15 Rue Pierre Crestey,48.599342,-0.83296,Plein jour,En agglomération,Hors intersection,Temps éblouissant,Autre collision,3,2,2,0,2,1,1,9,1,50,1,2,1,0,0,1,95.0,,voiture,,1,2,1,7,6
202000039920,2020-10-26 08:00:00,2020,10,26,8,0,16,16072,lieu dit Le Pont des Tempes,45.512805,0.166769,Crépuscule ou aube,Hors agglomération,Hors intersection,Pluie légère,Deux véhicules - frontale,3,2,2,0,2,2,2,0,1,90,2,2,1,0,1,0,53.0,49.0,voiture,voiture,2,1,1,2,1
202000039921,2020-10-26 17:38:00,2020,10,26,17,38,85,85047,Chemin de Baudu,46.826526,-1.880207,Crépuscule ou aube,En agglomération,Passage à niveau,Pluie légère,Deux véhicules - côté,4,2,2,0,1,1,2,4,6,50,2,2,1,1,0,0,17.0,33.0,deux_roues,transport_commun,2,2,8,2,3
202000039922,2020-10-27 09:50:00,2020,10,27,9,50,52,52140,D203,48.246933,4.888414,Plein jour,Hors agglomération,Hors intersection,Normale,Deux véhicules - frontale,3,2,2,0,2,1,1,0,1,80,2,2,1,0,1,0,36.0,18.0,utilitaire_camion,voiture,1,1,1,1,1
202000039923,2020-10-27 08:45:00,2020,10,27,8,45,08,08363,Route d'Anchamps,49.929498,4.641994,Plein jour,Hors agglomération,Hors intersection,Normale,,3,2,2,0,1,3,1,0,3,80,2,2,1,0,1,0,20.0,,voiture,,1,1,1,1,-1
202000039924,2020-10-25 10:30:00,2020,10,25,10,30,88,88012,D42,48.135621,6.515365,Plein jour,Hors agglomération,Hors intersection,Normale,Deux véhicules - frontale,3,2,2,0,1,1,1,0,1,70,2,3,0,0,1,2,58.0,24.0,voiture,voiture,1,1,1,1,1
202000039925,2020-10-26 18:40:00,2020,10,26,18,40,45,45345,A77 - PK36+600,47.95021,2.672912,Crépuscule ou aube,Hors agglomération,Hors intersection,Normale,Sans collision,1,3,4,0,1,1,2,0,1,130,1,1,0,0,1,0,53.0,,utilitaire_camion,,2,1,1,1,7
202000039926,2020-10-26 19:10:00,2020,10,26,19,10,64,64061,A64,43.399804,-0.551885,Nuit sans éclairage public,Hors agglomération,Hors intersection,Pluie légère,Sans collision,1,3,2,0,1,2,2,0,2,130,1,2,0,0,1,1,65.0,,voiture,,3,1,1,2,7
202000039927,2020-10-27 13:20:00,2020,10,27,13,20,2B,2B057,T10,42.248558,9.545531,Plein jour,Hors agglomération,Hors intersection,Normale,Deux véhicules - côté,2,2,2,0,1,1,1,0,1,80,2,2,1,0,0,1,49.0,48.0,utilitaire_camion,voiture,1,1,1,1,3
202000039928,2020-10-27 02:00:00,2020,10,27,2,0,17,17184,D733,45.798454,-0.936069,Nuit sans éclairage public,Hors agglomération,Hors intersection,Pluie légère,Autre collision,3,2,2,0,1,1,2,0,1,80,1,3,1,0,2,0,22.0,,voiture,,3,1,1,2,6
202000039929,2020-10-26 15:45:00,2020,10,26,15,45,50,50099,Rue du Grand Valnoble,49.303112,-1.243164,Plein jour,En agglomération,Intersection en X,Pluie légère,Deux véhicules - côté,4,2,2,0,1,1,2,0,1,30,2,3,2,0,1,0,42.0,83.0,deux_roues,voiture,1,2,2,2,3
202000039930,2020-10-26 15:00:00,2020,10,26,15,0,29,29006,Rue de Kerguélen,47.8768126,-4.1129694,Plein jour,En agglomération,Giratoire,Normale,Sans collision,4,1,1,0,1,2,1,5,1,50,1,1,0,0,1,0,51.0,,deux_roues,,1,2,6,1,7
202000039931,2020-10-27 06:45:00,2020,10,27,6,45,60,60028,D1330,49.2181318,2.5598814,Crépuscule ou aube,Hors agglomération,Hors intersection,Normale,Trois véhicules et plus - collisions multiples,3,2,2,0,1,1,1,0,1,80,4,6,5,0,0,1,54.0,32.0,voiture,utilitaire_camion,2,1,1,1,5
202000039932,2020-10-26 16:55:00,2020,10,26,16,55,59,59593,D61,50.224425,3.278233,Plein jour,Hors agglomération,Hors intersection,Temps couvert,Deux véhicules - côté,3,3,2,0,2,3,1,0,1,80,2,3,1,0,1,1,21.0,19.0,deux_roues,voiture,1,1,1,8,3
202000039933,2020-10-26 16:37:00,2020,10,26,16,37,13,13211,A50-Sens Aubagne vers Marseille,43.29298,5.45517,Plein jour,Hors agglomération,Hors intersection,Normale,Deux véhicules - côté,1,-1,3,0,1,1,1,0,1,90,2,1,0,0,0,1,37.0,,deux_roues,,1,1,1,1,3
202000039934,2020-10-16 16:37:00,2020,10,16,16,37,13,13211,A50-Sens Marseille vers Aubagne,43.29202,5.45252,Plein jour,Hors agglomération,Hors intersection,Normale,Trois véhicules et plus - en chaîne,1,1,3,0,1,1,1,0,1,90,3,4,2,0,0,2,19.0,35.0,utilitaire_camion,utilitaire_camion,1,1,1,1,4
202000039935,2020-10-26 06:30:00,2020,10,26,6,30,91,91377,AUTOROUTE A10,48.71126,2.2892,Nuit sans éclairage public,Hors agglomération,Hors intersection,Normale,Autre collision,1,1,2,0,1,2,2,0,1,50,1,1,0,0,0,1,41.0,,voiture,,3,1,1,1,6
202000039936,2020-10-26 17:40:00,2020,10,26,17,40,92,92036,AUTOROUTE A15,48.944153,2.2863669,Plein jour,Hors agglomération,Hors intersection,Normale,Trois véhicules et plus - en chaîne,1,3,4,0,1,1,1,0,1,90,3,4,1,0,0,3,42.0,41.0,utilitaire_camion,voiture,1,1,1,1,4
202000039937,2020-10-25 03:12:00,2020,10,25,3,12,988,98818,ROUTE EXPRESS DU MONT DORE,-22.24597,166.46955,Nuit avec éclairage allumé,En agglomération,Hors intersection,Normale,Autre collision,1,2,2,0,1,1,1,0,3,50,1,2,1,0,0,1,49.0,,voiture,,5,2,1,1,6
202000039938,2020-10-25 00:05:00,2020,10,25,0,5,974,97416,RN1 (ROUTE NATIONALE),-21.3139,55.4391,Nuit sans éclairage public,Hors agglomération,Hors intersection,Normale,Sans collision,2,1,2,0,1,1,1,0,2,110,1,2,0,0,0,2,,,,,3,1,1,1,7
202000039939,2020-10-25 17:39:00,2020,10,25,17,39,974,97416,Rue Émilien Adam de Villiers,-21.31073,55.43418,Plein jour,Hors agglomération,Hors intersection,Normale,Sans collision,4,2,2,3,1,1,1,9,6,50,1,1,0,0,1,0,30.0,,deux_roues,,1,1,1,1,7
202000039940,2020-10-24 19:05:00,2020,10,24,19,5,974,97416,EUGENE DAYOT(RUE),-21.3249,55.48212,Nuit avec éclairage allumé,En agglomération,Hors intersection,Normale,Deux véhicules - arrière,4,2,2,0,1,2,1,0,1,50,2,3,1,0,0,2,56.0,,voiture,,5,2,1,1,2
202000039941,2020-10-25 07:50:00,2020,10,25,7,50,974,97416,GENERAL DE GAULLE(AVENUE),-21.3556,55.51635,Plein jour,En agglomération,Giratoire,Normale,Deux véhicules - frontale,2,2,2,0,2,1,1,5,1,50,2,1,0,0,0,1,31.0,,deux_roues,,1,2,6,1,1
202000039942,2020-10-25 13:40:00,2020,10,25,13,40,971,97101,BOULEVARD DES HEROS,16.24764,-61.52719,Plein jour,En agglomération,Giratoire,Normale,Deux véhicules - côté,3,1,2,0,1,1,1,5,1,50,2,4,3,0,0,1,72.0,39.0,voiture,voiture,1,2,6,1,3
202000039943,2020-10-25 17:10:00,2020,10,25,17,10,971,97107,ELIE CHAUFFREIN ( RUE ),16.047944,-61.56232,Crépuscule ou aube,En agglomération,Hors intersection,Normale,Autre collision,4,2,2,0,2,3,1,0,1,50,1,1,0,0,0,1,19.0,,deux_roues,,2,2,1,1,6
202000039944,2020-10-24 17:10:00,2020,10,24,17,10,971,97107,USINE (RUE DE L'),16.0465627,-61.5670073,Crépuscule ou aube,En agglomération,Hors intersection,Normale,Sans collision,4,2,2,0,1,1,1,0,1,50,1,1,0,0,0,1,25.0,,autre,,2,2,1,1,7
202000039945,2020-10-25 16:15:00,2020,10,25,16,15,2A,2A004,RECCO ABBE BOULEVARD,41.9385,8.7411,Plein jour,En agglomération,Hors intersection,Temps couvert,Deux véhicules - arrière,4,2,4,3,1,1,1,5,1,50,2,2,1,0,0,1,54.0,46.0,voiture,deux_roues,1,2,1,8,2
202000039946,2020-09-22 21:40:00,2020,9,22,21,40,86,86194,Avenue du 11 Novembre,46.56725,0.36589,Nuit avec éclairage allumé,En agglomération,Autre intersection,Normale,Deux véhicules - côté,3,3,5,0,1,1,1,0,1,50,2,5,2,0,0,3,19.0,23.0,voiture,voiture,5,2,9,1,3