accident_id,datetime,annee,mois,jour,heure,minute,departement,commune_insee,adresse,latitude,longitude,luminosite,agglomeration,intersection,meteo,collision,catr,circ,nbv,vosp,prof,plan,surf,infra,situ,vma,nb_vehicules,nb_usagers,nb_indemnes,nb_tues,nb_blesses_hosp,nb_blesses_legers,age_cond_1,age_cond_2,veh_type_cond_1,veh_type_cond_2,lum_code,agg_code,int_code,atm_code,col_code
202000039947,2020-10-25 18:20:00,2020,10,25,18,20,83,83137,RIVIERE (QUAI COMMANDANT),43.13943,5.90959,Nuit avec éclairage allumé,En agglomération,Hors intersection,Normale,Autre collision,4,2,4,0,1,1,1,0,1,50,1,2,1,0,0,1,42.0,,utilitaire_camion,,5,2,1,1,6
202000039948,2020-10-25 17:15:00,2020,10,25,17,15,64,64102,NAVARRE (AVENUE HENRI DE),43.5013,-1.44581,Crépuscule ou aube,En agglomération,Autre intersection,Pluie forte,Deux véhicules - arrière,3,2,2,0,1,3,2,5,1,50,2,4,0,0,0,4,35.0,31.0,voiture,voiture,2,2,9,3,2
202000039949,2020-10-25 18:10:00,2020,10,25,18,10,35,35238,PORTE DE CLEUNAY,48.10212,-1.71608,Nuit sans éclairage public,Hors agglomération,Autre intersection,Pluie légère,Deux véhicules - côté,2,3,7,0,4,3,2,3,1,90,2,2,1,0,0,1,22.0,22.0,voiture,voiture,3,1,9,2,3
202000039950,2020-10-25 23:15:00,2020,10,25,23,15,33,33063,AVE DES TROIS CARDINAUX,44.88753,-0.54937,Nuit avec éclairage allumé,En agglomération,Giratoire,Normale,Autre collision,4,2,2,0,1,1,2,5,1,50,1,1,0,0,0,1,33.0,,voiture,,5,2,6,1,6
202000039951,2020-10-24 12:37:00,2020,10,24,12,37,29,29151,Avenue de Wurselen,48.5834191,-3.8148415,Plein jour,En agglomération,Hors intersection,Normale,Sans collision,4,2,2,0,2,1,1,0,1,50,1,1,0,0,0,1,23.0,,deux_roues,,1,2,1,1,7
202000039952,2020-10-22 10:00:00,2020,10,22,10,0,22,22113,DE BROGLIE (RUE DE),48.7591,-3.47042,Plein jour,En agglomération,Autre intersection,Temps couvert,Deux véhicules - côté,3,1,2,0,1,1,2,9,1,50,2,2,1,0,0,1,71.0,69.0,voiture,deux_roues,1,2,9,8,3
202000039953,2020-10-25 12:05:00,2020,10,25,12,5,13,13205,SAINTE-CECILE (RUE),43.28721,5.39184,Plein jour,En agglomération,Place,Normale,Deux véhicules - côté,4,1,2,0,1,3,1,0,1,30,2,3,2,0,0,1,50.0,22.0,voiture,voiture,1,2,7,1,3
202000039954,2020-10-24 13:30:00,2020,10,24,13,30,13,13047,PASSE PIERRE ALL‚E DE LA,43.50045,4.96811,Plein jour,En agglomération,Hors intersection,Normale,Autre collision,6,-1,-1,0,1,1,1,9,1,30,1,2,1,0,0,1,32.0,,voiture,,1,2,1,1,6
202000039955,2020-10-25 17:30:00,2020,10,25,17,30,75,75106,RUE CASSETTE,48.851082,2.330666,Nuit avec éclairage allumé,En agglomération,Intersection en Y,Pluie forte,Autre collision,4,1,1,0,1,1,2,0,1,50,1,3,1,0,1,1,49.0,,voiture,,5,2,4,3,6
202000039956,2020-10-25 18:00:00,2020,10,25,18,0,75,75120,RUE DES PYRENEES,48.872762,2.390823,Nuit avec éclairage allumé,En agglomération,Hors intersection,Pluie forte,Autre collision,4,2,2,3,1,1,2,-1,6,50,1,2,1,0,0,1,35.0,,deux_roues,,5,2,1,3,6
202000039957,2020-10-25 00:50:00,2020,10,25,0,50,75,75119,BOULEVARD DE LA VILLETTE,48.880527,2.370415,Nuit sans éclairage public,En agglomération,Hors intersection,Pluie légère,Autre collision,4,1,2,0,1,1,2,0,1,50,1,1,0,0,0,1,25.0,,deux_roues,,3,2,1,2,6
202000039958,2020-10-25 21:30:00,2020,10,25,21,30,75,75116,ALLEE DU BORD DE L EAU,48.868868,2.238343,Nuit sans éclairage public,En agglomération,Hors intersection,Normale,Autre collision,4,1,1,0,1,1,2,0,1,50,1,4,3,0,0,1,26.0,,voiture,,3,2,1,1,6
202000039959,2020-10-25 20:33:00,2020,10,25,20,33,75,75112,AVENUE LEDRU ROLLIN,48.848935,2.373078,Nuit avec éclairage allumé,En agglomération,Hors intersection,Pluie légère,Autre collision,4,2,2,0,1,1,2,0,1,50,1,1,0,0,0,1,,,,,5,2,1,2,6
202000039960,2020-10-25 12:25:00,2020,10,25,12,25,75,75112,AVENUE DU GENERAL MICHEL BIZOT,48.834158,2.400122,Plein jour,En agglomération,Hors intersection,Pluie légère,Deux véhicules - côté,4,2,2,0,2,4,2,0,1,50,2,2,1,0,0,1,54.0,33.0,voiture,deux_roues,1,2,1,2,3
202000039961,2020-10-25 20:30:00,2020,10,25,20,30,75,75111,BOULEVARD DE BELLEVILLE,48.871323,2.377529,Nuit avec éclairage allumé,En agglomération,Hors intersection,Temps couvert,Deux véhicules - côté,4,1,2,1,1,1,2,0,1,30,2,2,1,0,0,1,30.0,31.0,voiture,deux_roues,5,2,1,8,3
202000039962,2020-10-25 20:30:00,2020,10,25,20,30,75,75105,QUAI SAINT BERNARD,48.845574,2.362855,Nuit avec éclairage allumé,En agglomération,Hors intersection,Pluie légère,Deux véhicules - arrière,4,2,4,3,1,1,2,0,1,50,2,3,1,0,0,2,77.0,21.0,voiture,voiture,5,2,1,2,2
202000039963,2020-10-25 21:30:00,2020,10,25,21,30,75,75101,SOUTERRAIN TRANSIT HALLES,48.862219,2.344133,Nuit avec éclairage allumé,En agglomération,Hors intersection,Normale,Autre collision,4,1,1,0,1,3,1,1,1,50,1,3,2,0,0,1,22.0,,voiture,,5,2,1,1,6
202000039964,2020-10-25 10:45:00,2020,10,25,10,45,94,94080,PARIS (AV DE),48.8452841,2.4310732,Plein jour,En agglomération,Hors intersection,Pluie légère,Deux véhicules - arrière,3,2,4,1,1,1,2,0,1,50,2,2,1,0,0,1,21.0,54.0,autre,voiture,1,2,1,2,2
202000039965,2020-10-25 18:00:00,2020,10,25,18,0,93,93070,GABRIEL-PERI (AV),48.90654,2.33202,Crépuscule ou aube,En agglomération,Hors intersection,Pluie légère,Autre collision,3,2,4,1,1,1,2,5,1,50,1,2,1,0,1,0,20.0,,voiture,,2,2,1,2,6
202000039966,2020-10-25 20:50:00,2020,10,25,20,50,93,93048,PAUL DOUMER (RUE),48.8591587,2.4568423,Nuit avec éclairage allumé,En agglomération,Intersection en T,Pluie légère,Autre collision,4,-1,2,0,1,1,2,0,1,50,1,2,1,0,0,1,28.0,,voiture,,5,2,3,2,6
202000039967,2020-10-25 18:45:00,2020,10,25,18,45,93,93048,BOISSIERE (BOULEVARD DE LA),48.8777449,2.4597168,Nuit avec éclairage allumé,En agglomération,Hors intersection,Normale,Autre collision,3,-1,2,0,1,1,1,0,1,50,1,2,1,0,0,1,22.0,,voiture,,5,2,1,1,6
202000039968,2020-10-25 17:50:00,2020,10,25,17,50,93,93006,FRATERNITE RUE DE LA,48.8593,2.42337,Nuit avec éclairage allumé,En agglomération,Hors intersection,Pluie légère,Deux véhicules - arrière,4,1,1,0,2,1,2,0,1,50,2,1,0,0,0,1,25.0,,deux_roues,,5,2,1,2,2
202000039969,2020-10-24 21:30:00,2020,10,24,21,30,93,93063,VAILLANT-COUTURIER AV. PAUL,48.8849698,2.4332541,Nuit avec éclairage allumé,En agglomération,Hors intersection,Normale,Deux véhicules - côté,3,1,1,0,1,1,1,0,1,50,2,2,1,0,0,1,46.0,25.0,voiture,deux_roues,5,2,1,1,3
202000039970,2020-10-25 19:30:00,2020,10,25,19,30,93,93031,AV GALLIENI / R DE ST GRATIEN,48.96337,2.29745,Nuit avec éclairage allumé,En agglomération,Intersection en X,Pluie légère,Autre collision,3,2,2,0,1,1,2,0,1,50,1,1,0,0,1,0,,,,,5,2,2,2,6
202000039971,2020-10-25 00:50:00,2020,10,25,0,50,93,93029,JEAN JAURES (AVENUE),48.9174439,2.4562535,Nuit avec éclairage allumé,En agglomération,Hors intersection,Pluie légère,Autre collision,3,2,2,0,1,1,2,0,1,50,1,2,1,0,1,0,69.0,,utilitaire_camion,,5,2,1,2,6
202000039972,2020-10-25 19:53:00,2020,10,25,19,53,93,93007,DE LA REPUBLIQUE (AVENUE),48.9356396,2.4754742,Nuit avec éclairage allumé,En agglomération,Intersection en X,Pluie légère,Trois véhicules et plus - collisions multiples,3,2,2,0,1,1,2,0,1,50,3,5,3,0,0,2,26.0,44.0,voiture,voiture,5,2,2,2,5
202000039973,2020-10-25 19:15:00,2020,10,25,19,15,92,92073,RATRAIT (RUE DU),48.8766592,2.2304138,Nuit avec éclairage allumé,En agglomération,Autre intersection,Pluie légère,Autre collision,4,2,2,0,1,1,2,0,1,50,1,2,1,0,0,1,26.0,,voiture,,5,2,9,2,6
202000039974,2020-10-25 17:20:00,2020,10,25,17,20,92,92048,BANES (RUE) N° 3 A 19,48.808225,2.239988,Crépuscule ou aube,En agglomération,Hors intersection,Pluie forte,Autre collision,4,-1,2,0,1,1,4,0,1,50,1,2,1,0,0,1,49.0,,transport_commun,,2,2,1,3,6
202000039975,2020-10-25 11:30:00,2020,10,25,11,30,92,92044,BAUDIN (RUE) 27A83 ET 36 A84,48.8973311,2.2829742,Plein jour,En agglomération,Intersection en X,Pluie légère,Sans collision,4,1,1,0,1,1,2,0,1,50,1,1,0,0,0,1,34.0,,deux_roues,,1,2,2,2,7
202000039976,2020-10-24 23:40:00,2020,10,24,23,40,92,92044,MAL JUIN(PLACE DU),48.8979118,2.2803206,Nuit avec éclairage allumé,En agglomération,Intersection en Y,Normale,Sans collision,4,1,1,0,1,1,1,0,4,30,1,1,0,0,0,1,34.0,,deux_roues,,5,2,4,1,7
202000039977,2020-10-25 17:59:00,2020,10,25,17,59,92,92024,GENERAL LECLERC (BD DU) (9 A 59)   (4 A,48.9021017,2.3142656,Crépuscule ou aube,En agglomération,Intersection en X,Pluie légère,Deux véhicules - côté,3,2,2,0,1,1,2,9,1,30,2,4,3,0,0,1,30.0,21.0,utilitaire_camion,voiture,2,2,2,2,3
202000039978,2020-10-22 15:10:00,2020,10,22,15,10,35,35180,La Tannerie,48.296292,-1.935219,Plein jour,Hors agglomération,Hors intersection,Normale,Deux véhicules - côté,3,2,2,0,2,3,2,0,1,80,2,2,1,0,1,0,53.0,64.0,deux_roues,voiture,1,1,1,1,3
202000039979,2020-10-25 18:40:00,2020,10,25,18,40,38,38318,Route de Cancanne,45.540667,4.916089,Nuit sans éclairage public,Hors agglomération,Hors intersection,Normale,,3,2,2,0,1,1,1,5,1,70,2,3,2,0,0,1,69.0,43.0,voiture,voiture,3,1,1,1,-1
202000039980,2020-10-16 09:54:00,2020,10,16,9,54,2A,2A158,D268,41.6992109,9.0923142,Plein jour,Hors agglomération,Hors intersection,Normale,Sans collision,3,2,2,0,2,4,2,0,8,80,1,2,1,0,1,0,61.0,,voiture,,1,1,1,1,7
202000039981,2020-10-26 08:30:00,2020,10,26,8,30,45,45017,D2060 - PK45+204,47.9695021,2.5203179,Plein jour,Hors agglomération,Hors intersection,Normale,Trois véhicules et plus - en chaîne,3,2,2,0,1,1,1,0,1,80,3,3,2,0,1,0,18.0,51.0,utilitaire_camion,voiture,1,1,1,1,4
202000039982,2020-10-26 09:40:00,2020,10,26,9,40,17,17183,D730,45.586804,-0.8535,Plein jour,Hors agglomération,Hors intersection,Pluie légère,Deux véhicules - arrière,3,2,2,0,1,1,2,0,1,80,2,2,1,1,0,0,80.0,54.0,deux_roues,voiture,1,1,1,2,2
202000039983,2020-10-25 14:15:00,2020,10,25,14,15,31,31409,Avenue d'Occitanie,43.500445,1.508265,Plein jour,En agglomération,Hors intersection,Normale,Autre collision,3,2,2,0,2,3,1,0,8,-1,1,1,0,0,1,0,30.0,,voiture,,1,2,1,1,6
202000039984,2020-10-25 10:30:00,2020,10,25,10,30,974,97412,Rue Marius et Ary Leblond,-21.371889,55.612401,Plein jour,Hors agglomération,Hors intersection,Normale,Autre collision,3,2,2,0,2,3,1,0,3,80,1,1,0,0,0,1,45.0,,deux_roues,,1,1,1,1,6
202000039985,2020-10-25 18:15:00,2020,10,25,18,15,35,35225,Pilleverte,48.434511,-1.933486,Crépuscule ou aube,Hors agglomération,Hors intersection,Pluie légère,Deux véhicules - frontale,3,2,2,0,1,1,2,0,1,70,2,2,1,0,0,1,22.0,63.0,deux_roues,voiture,2,1,1,2,1
202000039986,2020-10-25 18:30:00,2020,10,25,18,30,38,38113,D1075,44.82604,5.61449,Nuit sans éclairage public,Hors agglomération,Hors intersection,Normale,Deux véhicules - frontale,3,2,2,0,1,1,1,0,1,80,2,3,1,1,0,1,30.0,35.0,deux_roues,voiture,3,1,1,1,1
202000039987,2020-10-25 18:40:00,2020,10,25,18,40,30,30060,Route de Saint Gilles,43.784289,4.391956,Nuit sans éclairage public,En agglomération,Hors intersection,Normale,Autre collision,3,2,2,0,4,1,1,0,1,50,1,1,0,0,1,0,50.0,,deux_roues,,3,2,1,1,6
202000039988,2020-10-24 17:20:00,2020,10,24,17,20,59,59331,Route d'Happegarbes,50.12355,3.669541,Crépuscule ou aube,Hors agglomération,Hors intersection,Normale,Sans collision,3,2,2,0,2,2,1,0,3,80,1,1,0,0,1,0,53.0,,voiture,,2,1,1,1,7
202000039989,2020-10-26 09:00:00,2020,10,26,9,0,56,56131,Kerhouat,48.00984,-3.436827,Plein jour,Hors agglomération,Hors intersection,Temps éblouissant,Autre collision,3,2,2,0,4,3,8,0,3,80,1,2,1,0,1,0,38.0,,voiture,,1,1,1,7,6
202000039990,2020-10-26 10:15:00,2020,10,26,10,15,74,74208,Avenue de Saint Martin,45.919311,6.678926,Plein jour,Hors agglomération,Hors intersection,Pluie légère,Deux véhicules - frontale,3,2,2,0,1,1,2,0,1,70,2,2,1,1,0,0,54.0,41.0,utilitaire_camion,voiture,1,1,1,2,1
202000039991,2020-10-26 19:50:00,2020,10,26,19,50,76,76469,Rue du Tilleul,49.485806,1.455726,Nuit sans éclairage public,Hors agglomération,Hors intersection,Normale,Deux véhicules - arrière,3,2,2,0,1,1,1,0,1,80,2,2,1,0,1,0,19.0,54.0,voiture,deux_roues,3,1,1,1,2
202000039992,2020-10-25 16:40:00,2020,10,25,16,40,2B,2B342,T10,41.925462,9.390607,Plein jour,En agglomération,Intersection en X,Normale,Deux véhicules - côté,4,2,2,0,1,1,1,5,1,50,2,2,0,0,1,1,59.0,38.0,voiture,deux_roues,1,2,2,1,3
202000039993,2020-10-26 08:40:00,2020,10,26,8,40,2B,2B305,74 Route du Cap,42.729361,9.459819,Plein jour,En agglomération,Hors intersection,Normale,Deux véhicules - arrière,3,2,2,0,1,3,1,0,1,50,2,2,1,0,0,1,59.0,72.0,voiture,deux_roues,1,2,1,1,2
202000039994,2020-09-21 09:00:00,2020,9,21,9,0,80,80368,Rue du 8 Mai 1945,50.087737,1.552184,Plein jour,En agglomération,Hors intersection,Normale,Autre collision,4,2,2,0,2,1,1,0,1,50,1,2,1,0,0,1,49.0,,voiture,,1,2,1,1,6
202000039995,2020-10-25 19:40:00,2020,10,25,19,40,32,32132,lieu dit les moulins rouges,43.846498,0.687311,Nuit sans éclairage public,Hors agglomération,Hors intersection,Pluie forte,Deux véhicules - frontale,3,2,2,0,2,2,2,0,1,80,2,2,0,0,0,2,45.0,50.0,voiture,voiture,3,1,1,3,1
202000039996,2020-10-25 17:24:00,2020,10,25,17,24,39,39068,,46.272576,5.78759,Crépuscule ou aube,Hors agglomération,Hors intersection,Vent fort / tempête,Deux véhicules - arrière,3,2,2,0,2,3,1,0,1,80,2,3,0,0,2,1,54.0,52.0,deux_roues,deux_roues,2,1,1,6,2
202000039997,2020-10-25 13:04:00,2020,10,25,13,4,25,25178,CROISÉE DES ROUTES,47.354149,6.502281,Plein jour,Hors agglomération,Intersection en X,Normale,Deux véhicules - côté,3,4,2,0,1,1,1,0,1,80,2,2,1,0,1,0,24.0,75.0,voiture,voiture,1,1,2,1,3
202000039998,2020-10-26 03:00:00,2020,10,26,3,0,29,29069,Rue Charles de Gaulle,48.420669,-4.5537702,Nuit avec éclairage allumé,En agglomération,Intersection en T,Normale,Sans collision,4,2,2,1,1,1,2,5,1,50,1,1,0,0,1,0,16.0,,deux_roues,,5,2,3,1,7
202000039999,2020-10-25 15:05:00,2020,10,25,15,5,01,01208,D992,45.809598,5.77632,Plein jour,Hors agglomération,Hors intersection,Temps couvert,Deux véhicules - côté,3,2,2,0,1,1,2,0,1,80,2,2,1,0,1,0,56.0,63.0,deux_roues,deux_roues,1,1,1,8,3
202000040000,2020-10-23 14:00:00,2020,10,23,14,0,14,14654,D102,48.964021,-0.002262,Plein jour,Hors agglomération,Hors intersection,Normale,Sans collision,3,2,2,0,1,3,9,0,1,80,1,1,0,0,1,0,75.0,,deux_roues,,1,1,1,1,7
202000040001,2020-10-23 15:14:00,2020,10,23,15,14,73,73298,Impasse du Bebier PN37,45.6476023,6.4402233,Plein jour,En agglomération,Passage à niveau,Normale,Deux véhicules - côté,4,2,2,0,2,4,1,4,1,50,2,2,1,1,0,0,78.0,29.0,voiture,transport_commun,1,2,8,1,3
202000040002,2020-10-26 11:20:00,2020,10,26,11,20,43,43170,Route du Bosbomparent,45.275762,3.26795,Plein jour,En agglomération,Hors intersection,Normale,Sans collision,4,2,2,0,1,3,1,0,1,50,1,1,0,0,1,0,73.0,,utilitaire_camion,,1,2,1,1,7
202000040003,2020-10-26 16:20:00,2020,10,26,16,20,04,04209,D53 (Av du Jabron) / Lot Montcalm,44.187126,5.9407363,Plein jour,En agglomération,Intersection en Y,Normale,Autre collision,3,2,2,0,1,1,1,0,4,50,1,2,1,0,0,1,20.0,,voiture,,1,2,4,1,6
202000040004,2020-10-24 11:00:00,2020,10,24,11,0,987,98752,PK 46.800,-17.7627061,-149.3954166,Plein jour,En agglomération,Hors intersection,Normale,Autre collision,2,2,2,0,1,2,1,0,3,60,1,1,0,0,1,0,16.0,,deux_roues,,1,2,1,1,6
202000040005,2020-10-26 14:50:00,2020,10,26,14,50,77,77279,A5,48.3785195,3.0103533,Plein jour,Hors agglomération,Hors intersection,Normale,Deux véhicules - arrière,1,3,4,0,1,1,1,0,1,130,2,5,1,0,2,2,23.0,33.0,utilitaire_camion,voiture,1,1,1,1,2
202000040006,2020-10-25 12:40:00,2020,10,25,12,40,13,13069,D572,43.626298,5.150979,Plein jour,Hors agglomération,Giratoire,Normale,Deux véhicules - côté,3,2,2,0,1,2,1,0,1,90,2,2,1,0,0,1,54.0,58.0,deux_roues,voiture,1,1,6,1,3
202000040007,2020-09-19 05:14:00,2020,9,19,5,14,38,38400,A48,45.333998,5.585555,Nuit sans éclairage public,Hors agglomération,Hors intersection,Pluie légère,Autre collision,1,1,4,0,1,1,2,2,1,130,1,3,2,0,1,0,41.0,,utilitaire_camion,,3,1,1,2,6
202000040008,2020-10-25 19:00:00,2020,10,25,19,0,974,97420,Avenue Pierre Mendès France,-20.905008,55.605744,Nuit avec éclairage non allumé,En agglomération,Hors intersection,Normale,Autre collision,2,2,2,0,1,1,1,0,1,50,1,2,0,0,0,2,60.0,,deux_roues,,4,2,1,1,6
202000040009,2020-10-24 14:55:00,2020,10,24,14,55,77,77283,D405,49.063519,3.012528,Plein jour,Hors agglomération,Hors intersection,Temps couvert,Trois véhicules et plus - en chaîne,3,2,2,0,1,1,2,0,1,80,3,5,3,0,0,2,36.0,63.0,voiture,voiture,1,1,1,8,4
202000040010,2020-10-22 16:30:00,2020,10,22,16,30,83,83053,Route des Gorges,43.158416,5.835838,Plein jour,Hors agglomération,Hors intersection,Normale,Deux véhicules - côté,3,2,2,0,1,1,1,0,1,70,2,2,1,0,1,0,32.0,20.0,voiture,deux_roues,1,1,1,1,3
202000040011,2020-10-26 10:05:00,2020,10,26,10,5,04,04092,RD4085,43.827244,6.567155,Plein jour,Hors agglomération,Hors intersection,Pluie légère,Sans collision,3,2,2,0,1,2,2,0,3,80,1,2,0,0,0,2,69.0,,voiture,,1,1,1,2,7
202000040012,2020-10-26 07:35:00,2020,10,26,7,35,89,89257,Rue Victor Hugo,47.960352,3.527609,Plein jour,En agglomération,Hors intersection,Temps couvert,Sans collision,3,2,2,0,1,1,2,0,1,50,1,1,0,0,0,1,21.0,,deux_roues,,1,2,1,8,7
202000040013,2020-10-17 16:50:00,2020,10,17,16,50,67,67520,Rue de la Haul,48.640509,7.452582,Plein jour,En agglomération,Intersection en T,Normale,Deux véhicules - frontale,4,1,1,3,1,1,1,0,1,30,2,2,1,0,0,1,26.0,14.0,voiture,deux_roues,1,2,3,1,1
202000040014,2020-10-25 19:32:00,2020,10,25,19,32,57,57058,Boulevard Charlemagne,49.17194,6.934272,Nuit avec éclairage allumé,En agglomération,Hors intersection,Pluie forte,Autre collision,4,2,2,0,2,1,2,0,4,50,1,5,0,0,1,4,17.0,,voiture,,5,2,1,3,6
202000040015,2020-10-26 17:48:00,2020,10,26,17,48,74,74175,D1005,46.406129,6.729641,Nuit sans éclairage public,Hors agglomération,Hors intersection,Pluie forte,Autre collision,3,2,2,0,1,2,2,0,8,80,1,1,0,1,0,0,21.0,,voiture,,3,1,1,3,6
202000040016,2020-10-25 16:50:00,2020,10,25,16,50,73,73030,Route de la Trousse,45.5695338,5.9758669,Plein jour,En agglomération,Giratoire,Normale,Deux véhicules - côté,4,2,2,0,1,3,1,0,1,50,2,2,1,0,1,0,67.0,15.0,voiture,autre,1,2,6,1,3
202000040017,2020-10-26 08:00:00,2020,10,26,8,0,17,17393,Route de la Jacqueline,45.664806,-0.889335,Crépuscule ou aube,Hors agglomération,Intersection en Y,Pluie légère,Sans collision,4,2,2,0,1,3,2,0,1,80,1,1,0,0,1,0,17.0,,deux_roues,,2,1,4,2,7
202000040018,2020-10-26 01:30:00,2020,10,26,1,30,22,22162,1 Rue Guillardon,48.757708,-3.003253,Nuit avec éclairage allumé,En agglomération,Hors intersection,Normale,Autre collision,3,2,2,0,2,1,2,0,1,50,1,4,0,1,3,0,18.0,,voiture,,5,2,1,1,6
202000040019,2020-10-24 16:40:00,2020,10,24,16,40,62,62443,Rue Arthur Lamendin,50.442116,2.654598,Plein jour,En agglomération,Hors intersection,Normale,Sans collision,4,2,2,0,2,3,9,0,1,50,1,2,0,0,1,1,17.0,,deux_roues,,1,2,1,1,7
202000040020,2020-10-24 13:27:00,2020,10,24,13,27,13,13071,A51-Sens Aix en Provence vers Marseille,43.418921,5.366583,Plein jour,Hors agglomération,Hors intersection,Normale,Deux véhicules - arrière,1,1,4,3,1,2,1,0,1,90,2,3,2,0,0,1,33.0,50.0,voiture,voiture,1,1,1,1,2
202000040021,2020-10-25 05:50:00,2020,10,25,5,50,91,91340,RN 104,48.60881,2.4365,Nuit sans éclairage public,Hors agglomération,Hors intersection,Pluie légère,Sans collision,2,3,6,0,1,3,2,0,1,70,1,2,0,0,0,2,25.0,,utilitaire_camion,,3,1,1,2,7
202000040022,2020-10-25 20:40:00,2020,10,25,20,40,78,78238,A13,48.9701,1.8701,Nuit avec éclairage allumé,Hors agglomération,Hors intersection,Normale,Trois véhicules et plus - en chaîne,1,3,6,0,1,1,2,0,1,130,3,3,1,0,0,2,33.0,20.0,voiture,voiture,5,1,1,1,4
202000040023,2020-10-25 21:40:00,2020,10,25,21,40,93,93053,AUTOROUTE A86,48.9004,2.46979,Nuit sans éclairage public,Hors agglomération,Hors intersection,Pluie légère,Sans collision,1,1,2,0,3,3,2,3,1,50,1,2,0,0,0,2,25.0,,voiture,,3,1,1,2,7
202000040024,2020-10-25 18:30:00,2020,10,25,18,30,60,60494,AUTOROUTE A1,49.1317094,2.560277,Nuit sans éclairage public,Hors agglomération,Hors intersection,Pluie légère,Deux véhicules - côté,1,3,6,0,1,1,2,0,1,130,2,2,1,0,0,1,41.0,26.0,voiture,voiture,3,1,1,2,3
202000040025,2020-10-25 13:30:00,2020,10,25,13,30,95,95394,AUTOROUTE A115,49.051063,2.181832,Plein jour,Hors agglomération,Hors intersection,Normale,Autre collision,1,3,3,0,1,2,2,0,1,70,1,1,0,0,0,1,33.0,,voiture,,1,1,1,1,6
202000040026,2020-10-24 20:00:00,2020,10,24,20,0,93,93006,AUTOROUTE A3,48.8657716,2.4174963,Nuit avec éclairage allumé,Hors agglomération,Hors intersection,Normale,Deux véhicules - arrière,1,1,8,0,1,1,1,0,1,90,2,2,1,0,0,1,22.0,71.0,voiture,voiture,5,1,1,1,2
202000040027,2020-10-25 12:30:00,2020,10,25,12,30,93,93010,AUTOROUTE A3,48.892,2.4732,Plein jour,Hors agglomération,Autre intersection,Pluie légère,Deux véhicules - arrière,1,4,10,0,2,3,2,3,1,70,2,2,1,0,0,1,32.0,45.0,voiture,voiture,1,1,9,2,2
202000040028,2020-10-24 20:20:00,2020,10,24,20,20,93,93078,AUTOROUTE A104,48.9584243,2.53351,Nuit sans éclairage public,Hors agglomération,Hors intersection,Pluie légère,Trois véhicules et plus - en chaîne,1,1,6,0,1,1,2,0,1,90,3,3,2,0,0,1,28.0,50.0,voiture,voiture,3,1,1,2,4
202000040029,2020-10-24 19:30:00,2020,10,24,19,30,93,93006,AUTOROUTE A3,48.8669025,2.4253006,Nuit sans éclairage public,Hors agglomération,Hors intersection,Normale,Trois véhicules et plus - en chaîne,1,3,8,0,1,1,1,0,1,70,3,3,2,0,0,1,44.0,20.0,voiture,deux_roues,3,1,1,1,4
202000040030,2020-10-24 12:30:00,2020,10,24,12,30,95,95572, A15,49.032216,2.112943,Plein jour,Hors agglomération,Hors intersection,Normale,Deux véhicules - arrière,1,1,4,0,1,1,1,0,1,90,2,3,2,0,0,1,31.0,28.0,voiture,voiture,1,1,1,1,2
202000040031,2020-10-25 20:50:00,2020,10,25,20,50,77,77175,RN104,48.670115,2.611817,Nuit sans éclairage public,Hors agglomération,Hors intersection,Temps couvert,Autre collision,2,3,6,0,1,1,2,0,1,110,1,1,0,0,0,1,18.0,,utilitaire_camion,,3,1,1,8,6
202000040032,2020-10-24 11:00:00,2020,10,24,11,0,94,94028,A86 EXT,48.8030108,2.448313,Plein jour,Hors agglomération,Hors intersection,Normale,Deux véhicules - arrière,1,3,4,0,1,2,1,0,1,90,2,2,1,0,0,1,62.0,49.0,voiture,utilitaire_camion,1,1,1,1,2
202000040033,2020-10-25 09:23:00,2020,10,25,9,23,988,98818,RUR AUGUSTE BENEBIG/RUEbJEAN OHLEN,-22.26767,166.45585,Plein jour,En agglomération,Intersection en T,Normale,Deux véhicules - côté,4,2,2,0,2,2,1,0,1,50,2,3,2,0,0,1,56.0,65.0,deux_roues,voiture,1,2,3,1,3
202000040034,2020-10-24 11:00:00,2020,10,24,11,0,988,98818,RUE CECILE PERONNET/RUE AYMARD,-22.26141,166.46449,Plein jour,En agglomération,Intersection en T,Normale,Deux véhicules - côté,4,2,2,0,2,3,1,0,1,50,2,3,2,0,0,1,48.0,32.0,transport_commun,voiture,1,2,3,1,3
202000040035,2020-10-05 13:05:00,2020,10,5,13,5,988,98818,AVENUE DE LA VICTOIRE H. LA FLEUR/RUE DU DOCTEUR LE SCOUR,-22.27441,166.44564,Plein jour,En agglomération,Intersection en X,Normale,Autre collision,4,3,5,0,1,1,1,0,1,50,1,3,0,0,0,3,22.0,,voiture,,1,2,2,1,6
202000040036,2020-10-24 19:22:00,2020,10,24,19,22,976,97611,mamoudzou centre-Haladi Selemani ( rue ),-12.780491,45.2300348,Nuit avec éclairage allumé,En agglomération,Hors intersection,Normale,Deux véhicules - côté,2,2,0,0,2,1,1,0,1,50,2,2,1,0,0,1,29.0,31.0,voiture,deux_roues,5,2,1,1,3