accident_id,datetime,annee,mois,jour,heure,minute,departement,commune_insee,adresse,latitude,longitude,luminosite,agglomeration,intersection,meteo,collision,catr,circ,nbv,vosp,prof,plan,surf,infra,situ,vma,nb_vehicules,nb_usagers,nb_indemnes,nb_tues,nb_blesses_hosp,nb_blesses_legers,age_cond_1,age_cond_2,veh_type_cond_1,veh_type_cond_2,lum_code,agg_code,int_code,atm_code,col_code
202000040037,2020-10-24 12:05:00,2020,10,24,12,5,69,69386,JEAN BROQUIN                        (R ),45.7682,4.86319,Plein jour,En agglomération,Intersection en X,Normale,Deux véhicules - côté,4,2,2,0,1,1,1,0,1,50,2,2,1,0,0,1,30.0,77.0,deux_roues,voiture,1,2,2,1,3
202000040038,2020-10-24 12:45:00,2020,10,24,12,45,69,69388,Avenue Jean Mermoz,45.7356627,4.8716611,Plein jour,Hors agglomération,Hors intersection,Normale,Deux véhicules - arrière,4,2,4,3,1,1,1,0,1,50,2,3,1,0,0,2,39.0,27.0,voiture,voiture,1,1,1,1,2
202000040039,2020-10-24 11:30:00,2020,10,24,11,30,69,69259,FRANCIS DE PRESSENSE                (AV),45.72321,4.86538,Plein jour,En agglomération,Hors intersection,Normale,,4,2,4,2,1,1,1,0,1,50,2,2,1,0,0,1,31.0,24.0,deux_roues,voiture,1,2,1,1,-1
202000040040,2020-10-24 11:10:00,2020,10,24,11,10,69,69199,JEAN JAURES                         (AV),45.71283,4.85471,Plein jour,En agglomération,Hors intersection,Normale,Autre collision,4,2,0,0,1,1,2,9,8,10,1,2,1,0,0,1,59.0,,voiture,,1,2,1,1,6
202000040041,2020-10-23 16:30:00,2020,10,23,16,30,69,69259,FRANCIS DE PRESSENSE                (AV),45.72042,4.867724,Plein jour,En agglomération,Hors intersection,Pluie légère,Trois véhicules et plus - en chaîne,4,2,4,0,2,1,2,2,1,50,3,4,3,0,1,0,56.0,41.0,voiture,voiture,1,2,1,2,4
202000040042,2020-10-24 15:00:00,2020,10,24,15,0,91,91103,DEVI DU CD 19,48.60437,2.3205,Plein jour,Hors agglomération,Hors intersection,Pluie légère,Trois véhicules et plus - collisions multiples,4,3,6,0,1,1,2,0,1,90,3,6,4,0,0,2,49.0,26.0,voiture,voiture,1,1,1,2,5
202000040043,2020-10-24 22:30:00,2020,10,24,22,30,91,91657,RUE HENRI ROSSIGNOL,48.70495,2.41047,Nuit avec éclairage allumé,En agglomération,Hors intersection,Normale,Autre collision,4,2,2,0,1,1,1,0,1,30,1,1,0,0,0,1,32.0,,voiture,,5,2,1,1,6
202000040044,2020-10-24 12:30:00,2020,10,24,12,30,91,91223,R.D.20,48.40252,2.12027,Plein jour,Hors agglomération,Hors intersection,Pluie légère,Deux véhicules - côté,2,3,4,0,1,1,1,0,1,90,2,4,3,0,0,1,24.0,35.0,voiture,voiture,1,1,1,2,3
202000040045,2020-10-14 14:06:00,2020,10,14,14,6,88,88413,Rue de LA BOLLE,48.28536,6.9362,Plein jour,En agglomération,Hors intersection,Normale,Sans collision,4,2,2,0,1,1,1,0,4,50,1,2,1,1,0,0,36.0,,utilitaire_camion,,1,2,1,1,7
202000040046,2020-10-24 16:33:00,2020,10,24,16,33,83,83137,ARMARIS (BD DES),43.13188,5.98234,Plein jour,En agglomération,Hors intersection,Normale,Autre collision,4,3,1,0,3,3,1,2,8,50,1,1,0,0,1,0,18.0,,deux_roues,,1,2,1,1,6
202000040047,2020-10-23 11:55:00,2020,10,23,11,55,82,82121,DAGUERRE (RUE JEAN),43.9777047,1.3313037,Plein jour,En agglomération,Hors intersection,Pluie légère,Deux véhicules - côté,4,2,2,0,1,2,2,0,1,30,2,3,2,0,1,0,47.0,47.0,utilitaire_camion,voiture,1,2,1,2,3
202000040048,2020-02-21 13:50:00,2020,2,21,13,50,69,69296,A7,45.6570985,4.8401986,Plein jour,Hors agglomération,Hors intersection,Pluie légère,Autre collision,1,3,6,0,1,1,2,0,1,110,1,1,0,0,0,1,59.0,,utilitaire_camion,,1,1,1,2,6
202000040049,2020-03-11 04:55:00,2020,3,11,4,55,69,69142,A7   ,45.72787,4.81655,Nuit avec éclairage non allumé,En agglomération,Hors intersection,Normale,Trois véhicules et plus - collisions multiples,7,3,6,0,1,1,1,0,1,50,3,3,1,0,1,1,49.0,33.0,voiture,voiture,4,2,1,1,5
202000040050,2020-03-13 16:55:00,2020,3,13,16,55,33,33162,ROCADE A 630,44.86224,-0.65711,Plein jour,Hors agglomération,Hors intersection,Pluie légère,Trois véhicules et plus - en chaîne,1,3,4,0,1,1,2,0,1,90,3,5,4,0,0,1,27.0,31.0,voiture,voiture,1,1,1,2,4
202000040051,2020-03-13 17:00:00,2020,3,13,17,0,91,91136,AUTOROUTE A126,48.7156,2.2682,Plein jour,Hors agglomération,Hors intersection,Normale,Deux véhicules - côté,1,3,1,0,1,1,1,0,1,90,2,2,1,0,0,1,23.0,64.0,voiture,voiture,1,1,1,1,3
202000040052,2020-03-13 08:53:00,2020,3,13,8,53,78,78466,A13,48.934752,1.966577,Plein jour,Hors agglomération,Hors intersection,Normale,Deux véhicules - arrière,1,3,3,0,1,1,1,0,1,110,2,2,1,0,0,1,49.0,42.0,deux_roues,voiture,1,1,1,1,2
202000040053,2020-03-12 18:50:00,2020,3,12,18,50,93,93007,AUTOROUTE A3,48.91808,2.47839,Nuit sans éclairage public,Hors agglomération,Hors intersection,Normale,Trois véhicules et plus - collisions multiples,1,3,6,0,1,1,1,2,1,110,3,3,2,0,0,1,54.0,54.0,voiture,deux_roues,3,1,1,1,5
202000040054,2020-03-12 17:50:00,2020,3,12,17,50,93,93005,AUTOROUTE A3,48.96803,2.47787,Plein jour,Hors agglomération,Hors intersection,Normale,Deux véhicules - arrière,1,4,5,0,1,2,1,0,1,90,2,2,1,0,0,1,47.0,47.0,voiture,utilitaire_camion,1,1,1,1,2
202000040055,2020-03-12 10:10:00,2020,3,12,10,10,95,95527,A3,48.9891,2.510457,Plein jour,Hors agglomération,Hors intersection,Normale,Autre collision,1,3,9,0,1,1,1,0,1,90,1,1,0,0,1,0,24.0,,utilitaire_camion,,1,1,1,1,6
202000040056,2020-03-12 07:45:00,2020,3,12,7,45,93,93010,AUTOROUTE A3,48.90232,2.47055,Plein jour,Hors agglomération,Hors intersection,Normale,Deux véhicules - côté,1,3,8,0,1,1,1,2,1,70,2,2,1,0,0,1,31.0,49.0,deux_roues,voiture,1,1,1,1,3
202000040057,2020-03-10 20:30:00,2020,3,10,20,30,95,95365,RN 104,49.05969,2.41845,Nuit sans éclairage public,Hors agglomération,Hors intersection,Normale,Deux véhicules - arrière,2,3,4,0,1,1,1,0,1,110,2,2,1,0,0,1,46.0,26.0,voiture,voiture,3,1,1,1,2
202000040058,2020-03-13 19:20:00,2020,3,13,19,20,77,77249,RN104,48.7474435,2.6137645,Nuit sans éclairage public,Hors agglomération,Hors intersection,Normale,,2,3,4,0,1,1,1,0,1,110,2,2,0,0,0,2,21.0,40.0,voiture,deux_roues,3,1,1,1,-1
202000040059,2020-03-13 16:25:00,2020,3,13,16,25,94,94017,A4,48.82981,2.49797,Plein jour,Hors agglomération,Autre intersection,Normale,,1,3,8,0,1,1,1,3,1,90,6,6,5,0,0,1,51.0,19.0,voiture,voiture,1,1,9,1,-1
202000040060,2020-01-12 09:50:00,2020,1,12,9,50,77,77487,SEINE (DE),48.522666,2.67678,Plein jour,En agglomération,Hors intersection,Normale,Deux véhicules - frontale,4,2,2,0,2,1,1,9,1,50,2,3,0,0,1,2,71.0,22.0,voiture,voiture,1,2,1,1,1
202000040061,2020-01-07 10:10:00,2020,1,7,10,10,59,59569,VERDUN (RUE DE),50.363675,3.1132722,Plein jour,En agglomération,Hors intersection,Normale,Autre collision,3,2,2,0,1,1,1,0,1,50,1,2,1,0,1,0,88.0,,voiture,,1,2,1,1,6
202000040062,2020-01-05 08:20:00,2020,1,5,8,20,49,49328,FLEURET (ROND-POINT DU) N 347,47.2864,-0.0486,Plein jour,Hors agglomération,Hors intersection,Normale,Sans collision,3,3,4,0,1,1,1,5,1,90,1,3,1,0,0,2,65.0,,voiture,,1,1,1,1,7
202000040063,2020-03-12 20:30:00,2020,3,12,20,30,69,69199,Avenue des Frères Perret,45.6885,4.8465,Nuit sans éclairage public,Hors agglomération,Hors intersection,Pluie forte,Sans collision,3,2,2,0,1,1,2,8,1,50,1,1,0,0,0,1,30.0,,deux_roues,,3,1,1,3,7
202000040064,2020-02-12 17:20:00,2020,2,12,17,20,69,69383,LAFAYETTE                           (PT),45.7636,4.8459,Plein jour,En agglomération,Intersection en T,Normale,Deux véhicules - arrière,4,1,2,1,1,1,1,0,1,50,2,2,1,0,0,1,20.0,48.0,autre,voiture,1,2,3,1,2
202000040065,2020-03-12 12:10:00,2020,3,12,12,10,69,69199,VALENCE (DE)                        (R ),45.6958389,4.8555493,Plein jour,En agglomération,Hors intersection,Normale,Autre collision,4,2,2,0,1,1,1,0,1,50,1,2,1,0,0,1,29.0,,transport_commun,,1,2,1,1,6
202000040066,2020-03-11 21:10:00,2020,3,11,21,10,69,69388,FRERES LUMIERE (DES)                (AV),45.74403,4.87046,Nuit sans éclairage public,En agglomération,Intersection en X,Normale,Deux véhicules - côté,4,1,2,0,1,1,1,0,1,50,2,3,1,0,1,1,33.0,34.0,deux_roues,voiture,3,2,2,1,3
202000040067,2020-03-12 15:45:00,2020,3,12,15,45,972,97209,EMMANUEL GROS-DUBOIS (RUE) EX AV A,14.61491,-61.05404,Plein jour,En agglomération,Intersection en T,Normale,Deux véhicules - côté,4,1,1,0,1,1,1,0,1,50,2,2,1,0,0,1,15.0,52.0,deux_roues,voiture,1,2,3,1,3
202000040068,2020-03-11 12:30:00,2020,3,11,12,30,972,97209,CLUNY (ROUTE DE),14.61593,-61.08235,Plein jour,En agglomération,Hors intersection,Normale,Sans collision,5,1,1,0,2,1,1,0,4,30,1,2,1,0,0,1,60.0,,voiture,,1,2,1,1,7
202000040069,2020-03-12 19:20:00,2020,3,12,19,20,69,69034,STRASBOURG (DE)                     (RO),45.792663,4.869561,Crépuscule ou aube,En agglomération,Hors intersection,Pluie légère,Autre collision,3,2,2,0,1,1,2,8,1,50,1,2,1,0,0,1,52.0,,voiture,,2,2,1,2,6
202000040070,2020-03-11 15:10:00,2020,3,11,15,10,971,97101,CHAZEAU,16.28157,-61.49116,Plein jour,En agglomération,Intersection en T,Normale,Trois véhicules et plus - collisions multiples,3,2,1,0,1,1,1,0,1,50,3,4,1,0,0,3,83.0,20.0,voiture,voiture,1,2,3,1,5
202000040071,2020-03-11 16:00:00,2020,3,11,16,0,971,97101,PERRIN (SECTEUR),16.29369,-61.51125,Plein jour,Hors agglomération,Hors intersection,Normale,Trois véhicules et plus - collisions multiples,3,2,2,0,1,1,1,0,1,70,3,3,2,0,0,1,20.0,51.0,voiture,voiture,1,1,1,1,5
202000040072,2020-03-12 09:20:00,2020,3,12,9,20,95,95127,RN 14 (PROLONGEMENT A15),49.056047,2.047181,Plein jour,Hors agglomération,Hors intersection,Normale,Deux véhicules - côté,2,3,4,0,1,1,1,0,1,110,2,2,1,0,0,1,21.0,37.0,utilitaire_camion,deux_roues,1,1,1,1,3
202000040073,2020-03-12 08:20:00,2020,3,12,8,20,91,91174,LISSES (ROUTE DE),48.61014,2.46206,Plein jour,En agglomération,Hors intersection,Normale,Deux véhicules - côté,4,2,0,1,2,1,1,9,5,30,2,2,1,0,0,1,35.0,14.0,voiture,deux_roues,1,2,1,1,3
202000040074,2020-03-11 16:51:00,2020,3,11,16,51,91,91103,COMMUNE DE PARIS (RUE DE LA),48.587,2.3,Plein jour,En agglomération,Hors intersection,Normale,Autre collision,4,-1,2,0,1,1,1,0,1,50,1,1,0,0,0,1,37.0,,voiture,,1,2,1,1,6
202000040075,2020-03-11 15:00:00,2020,3,11,15,0,91,91339,RN 20,48.635,2.266,Plein jour,En agglomération,Hors intersection,Normale,Trois véhicules et plus - en chaîne,2,-1,4,0,1,1,1,0,1,50,3,3,2,0,0,1,44.0,60.0,utilitaire_camion,voiture,1,2,1,1,4
202000040076,2020-03-12 08:54:00,2020,3,12,8,54,87,87085,PONT NEUF,45.82603,1.26802,Plein jour,En agglomération,Intersection en X,Normale,Deux véhicules - côté,2,3,5,0,1,1,1,5,1,50,2,2,1,0,0,1,22.0,46.0,voiture,voiture,1,2,2,1,3
202000040077,2020-03-10 12:04:00,2020,3,10,12,4,87,87085,SAGNES (RUE DES),45.87791,1.2932,Plein jour,En agglomération,Hors intersection,Pluie légère,Deux véhicules - frontale,4,2,2,0,1,1,2,0,1,50,2,2,1,0,0,1,39.0,51.0,utilitaire_camion,utilitaire_camion,1,2,1,2,1
202000040078,2020-03-12 07:30:00,2020,3,12,7,30,83,83090,NATIONALE 8 (ROUTE),43.13561,5.85208,Plein jour,En agglomération,Autre intersection,Normale,Deux véhicules - arrière,4,2,2,0,2,1,1,9,1,50,2,3,2,0,1,0,61.0,54.0,voiture,deux_roues,1,2,9,1,2
202000040079,2020-03-12 02:05:00,2020,3,12,2,5,83,83090,NATIONALE 8 (ROUTE),43.13494,5.853,Nuit avec éclairage allumé,En agglomération,Hors intersection,Normale,Autre collision,3,3,1,0,2,3,1,9,4,50,1,2,0,0,1,1,24.0,,voiture,,5,2,1,1,6
202000040080,2020-03-11 13:35:00,2020,3,11,13,35,80,80021,GENERAL LECLERC (RUE DU ),49.89672,2.29433,Plein jour,En agglomération,Intersection en T,Pluie légère,Deux véhicules - côté,4,2,3,0,1,1,2,0,1,30,2,2,1,0,0,1,25.0,53.0,deux_roues,voiture,1,2,3,2,3
202000040081,2020-03-12 07:50:00,2020,3,12,7,50,77,77037,GARE (PLACE DE LA),48.47523,2.69208,Plein jour,En agglomération,Hors intersection,Normale,Autre collision,4,2,2,0,1,1,1,0,1,30,1,2,1,0,0,1,45.0,,voiture,,1,2,1,1,6
202000040082,2020-01-23 09:05:00,2020,1,23,9,5,76,76351,SAULES (DES),49.50976,0.15305,Plein jour,En agglomération,Intersection en T,Normale,Autre collision,4,2,2,0,1,1,1,0,1,50,1,2,1,0,0,1,24.0,,voiture,,1,2,3,1,6
202000040083,2020-03-10 15:50:00,2020,3,10,15,50,74,74133,GENOT (RUE DU LIEUTENANT Y.),46.183262,6.197858,Plein jour,En agglomération,Hors intersection,Normale,,3,2,2,0,2,1,2,0,1,50,2,2,1,0,1,0,69.0,36.0,voiture,deux_roues,1,2,1,1,-1
202000040084,2020-03-12 08:21:00,2020,3,12,8,21,74,74093,REPUBLIQUE (AVENUE DE LA),45.90813,6.1033,Plein jour,En agglomération,Hors intersection,Normale,Autre collision,4,2,3,0,1,1,1,0,1,50,1,2,1,0,0,1,70.0,,utilitaire_camion,,1,2,1,1,6
202000040085,2020-03-11 19:46:00,2020,3,11,19,46,72,72181,TOURS (RTE) LIGNE DROITE DES HUNAUDIERES,47.95197,0.22978,Nuit sans éclairage public,Hors agglomération,Hors intersection,Normale,Trois véhicules et plus - en chaîne,3,2,2,0,1,1,1,0,1,80,4,4,2,0,0,2,25.0,27.0,voiture,voiture,3,1,1,1,4
202000040086,2020-03-11 18:10:00,2020,3,11,18,10,72,72181,BOLLEE (AV) N° PAIRS 64 A 146,48.00083,0.21151,Plein jour,En agglomération,Hors intersection,Normale,Deux véhicules - arrière,4,2,4,0,2,1,1,0,1,50,2,2,1,0,0,1,41.0,17.0,voiture,deux_roues,1,2,1,1,2
202000040087,2020-03-11 18:31:00,2020,3,11,18,31,66,66136,PRADES (AVENUE DE ) ST CHARLES,42.69676,2.86495,Plein jour,En agglomération,Hors intersection,Normale,Deux véhicules - arrière,4,2,2,0,1,1,1,0,1,50,2,2,1,0,0,1,58.0,35.0,voiture,voiture,1,2,1,1,2
202000040088,2020-03-11 19:35:00,2020,3,11,19,35,64,64445,ALSACE LORRAINE D',43.30527,-0.37314,Nuit avec éclairage allumé,En agglomération,Hors intersection,Normale,Deux véhicules - côté,4,2,2,2,1,1,1,0,1,50,2,2,1,0,0,1,27.0,21.0,utilitaire_camion,deux_roues,5,2,1,1,3
202000040089,2020-03-11 17:10:00,2020,3,11,17,10,64,64024,Rue de Mirambeau,43.4751,-1.5098,Plein jour,En agglomération,Hors intersection,Normale,Autre collision,4,2,2,0,2,1,1,0,1,30,1,2,1,0,0,1,36.0,,voiture,,1,2,1,1,6
202000040090,2020-03-09 04:55:00,2020,3,9,4,55,63,63113,FLAUBERT (BD GUSTAVE),45.76076,3.12841,Nuit avec éclairage allumé,En agglomération,Hors intersection,Normale,,6,-1,-1,0,1,1,1,9,8,30,2,2,1,0,0,1,58.0,34.0,deux_roues,voiture,5,2,1,1,-1
202000040091,2020-03-12 18:15:00,2020,3,12,18,15,61,61001,JEAN HENRI FABRE (RUE  ),48.4114,0.09335,Plein jour,En agglomération,Hors intersection,Normale,Autre collision,4,2,2,0,1,1,1,0,1,50,1,2,1,0,1,0,54.0,,voiture,,1,2,1,1,6
202000040092,2020-03-12 09:30:00,2020,3,12,9,30,59,59295,CD 916,50.72629,2.51414,Plein jour,Hors agglomération,Hors intersection,Normale,Deux véhicules - frontale,3,2,0,0,1,1,1,0,1,70,2,2,1,1,0,0,29.0,68.0,utilitaire_camion,voiture,1,1,1,1,1
202000040093,2020-03-11 09:10:00,2020,3,11,9,10,54,54575,D26B,49.478,5.8564,Plein jour,Hors agglomération,Hors intersection,Pluie légère,Deux véhicules - côté,3,2,2,0,2,3,2,0,1,80,2,3,0,0,1,2,56.0,35.0,voiture,utilitaire_camion,1,1,1,2,3
202000040094,2020-03-12 17:15:00,2020,3,12,17,15,51,51454,Route de Witry,49.269798,4.0727544,Plein jour,En agglomération,Hors intersection,Normale,Deux véhicules - arrière,3,2,2,0,1,1,1,0,1,50,2,3,2,0,0,1,68.0,36.0,voiture,voiture,1,2,1,1,2
202000040095,2020-03-12 01:40:00,2020,3,12,1,40,50,50129,ERMITAGE (RUE DE L'),49.63634,-1.61366,Nuit avec éclairage allumé,En agglomération,Hors intersection,Pluie forte,Autre collision,6,-1,-1,0,1,1,3,0,4,30,1,1,0,0,0,1,24.0,,voiture,,5,2,1,3,6
202000040096,2020-03-11 20:20:00,2020,3,11,20,20,49,49267,JAUDETTE,47.46384,-0.49094,Nuit avec éclairage allumé,En agglomération,Hors intersection,Normale,Deux véhicules - côté,4,2,2,0,1,1,2,0,1,60,2,2,1,0,1,0,41.0,26.0,voiture,deux_roues,5,2,1,1,3
202000040097,2020-03-11 08:13:00,2020,3,11,8,13,49,49007,BOREAU,47.47567,-0.54562,Plein jour,En agglomération,Hors intersection,Normale,Deux véhicules - frontale,4,2,2,0,1,1,1,0,1,60,2,2,1,0,1,0,22.0,53.0,deux_roues,voiture,1,2,1,1,1
202000040098,2020-03-11 08:13:00,2020,3,11,8,13,49,49246,RD 112 - CHAUVIN AVENUE,47.43361,-0.53014,Plein jour,En agglomération,Hors intersection,Normale,Deux véhicules - côté,3,2,2,0,1,1,1,0,1,50,2,2,1,0,0,1,8.0,21.0,deux_roues,voiture,1,2,1,1,3
202000040099,2020-03-12 14:05:00,2020,3,12,14,5,35,35238,BREST (DE),48.11229,-1.68729,Plein jour,En agglomération,Intersection en X,Normale,Deux véhicules - côté,4,3,2,2,1,1,1,9,1,50,2,2,1,0,0,1,42.0,24.0,voiture,deux_roues,1,2,2,1,3
202000040100,2020-03-06 17:10:00,2020,3,6,17,10,35,35206,RD 837,48.062735,-1.699494,Plein jour,Hors agglomération,Intersection en T,Normale,Deux véhicules - côté,3,3,5,0,1,1,1,5,1,70,2,2,1,0,0,1,58.0,24.0,voiture,utilitaire_camion,1,1,3,1,3
202000040101,2020-03-12 19:00:00,2020,3,12,19,0,34,34129,AGAU (AVENUE DE L'),43.59065,3.90842,Nuit sans éclairage public,Hors agglomération,Hors intersection,Normale,Trois véhicules et plus - en chaîne,3,2,2,0,1,1,1,0,1,70,4,4,1,0,0,3,34.0,56.0,voiture,voiture,3,1,1,1,4
202000040102,2020-03-12 13:35:00,2020,3,12,13,35,34,34172,POSEIDON (RUE),43.60748,3.89414,Plein jour,En agglomération,Hors intersection,Normale,Sans collision,4,2,2,3,1,1,1,0,1,50,1,2,1,0,0,1,43.0,,deux_roues,,1,2,1,1,7
202000040103,2020-03-12 08:10:00,2020,3,12,8,10,33,33529,BISSERIE (AVE DE),44.6266,-1.1412,Plein jour,En agglomération,Giratoire,Normale,Sans collision,4,-1,4,2,1,1,1,0,1,30,1,1,0,0,0,1,17.0,,deux_roues,,1,2,6,1,7
202000040104,2020-02-26 06:50:00,2020,2,26,6,50,31,31555,337 Route de Launaguet,43.65673,1.43811,Crépuscule ou aube,En agglomération,Hors intersection,Pluie légère,Trois véhicules et plus - collisions multiples,3,2,2,0,1,1,2,0,1,50,3,2,1,0,0,1,27.0,38.0,voiture,voiture,2,2,1,2,5
202000040105,2020-03-12 18:59:00,2020,3,12,18,59,29,29232,D34 - Route de Benodet,47.9633827,-4.0838018,Plein jour,En agglomération,Giratoire,Normale,Autre collision,3,1,1,0,1,2,1,5,4,50,1,1,0,0,0,1,81.0,,voiture,,1,2,6,1,6
202000040106,2020-03-12 17:09:00,2020,3,12,17,9,29,29232,Route de Kervern,47.97024,-4.04218,Plein jour,Hors agglomération,Intersection en Y,Normale,Autre collision,4,2,2,0,2,1,1,5,1,50,1,1,0,0,0,1,19.0,,voiture,,1,1,4,1,6
202000040107,2020-03-11 11:20:00,2020,3,11,11,20,29,29232,Avenue de la France Libre,48.00384,-4.09826,Plein jour,En agglomération,Hors intersection,Pluie légère,Deux véhicules - arrière,4,2,2,0,1,1,2,0,1,30,2,3,1,0,0,2,42.0,55.0,voiture,voiture,1,2,1,2,2
202000040108,2020-03-12 05:55:00,2020,3,12,5,55,28,28085,PATTON (RUE DU GENERAL),48.44086,1.47221,Nuit avec éclairage allumé,En agglomération,Intersection en T,Pluie légère,Deux véhicules - côté,3,2,4,0,1,1,2,0,1,50,2,2,0,0,1,1,42.0,55.0,voiture,voiture,5,2,3,2,3
202000040109,2020-03-11 08:35:00,2020,3,11,8,35,27,27229,RUGBY (RUE DE),49.00861,1.15979,Plein jour,En agglomération,Hors intersection,Temps couvert,Autre collision,4,2,0,0,1,1,1,9,8,50,1,1,0,0,0,1,,,,,1,2,1,8,6
202000040110,2020-03-09 15:20:00,2020,3,9,15,20,27,27229,JOSEPHINE (RUE),49.024591,1.145055,Plein jour,En agglomération,Hors intersection,Normale,Autre collision,4,1,1,0,1,1,1,0,1,50,1,1,0,0,0,1,50.0,,voiture,,1,2,1,1,6
202000040111,2020-03-11 18:25:00,2020,3,11,18,25,26,26198,KENNEDY(Avenue John F.),44.55334,4.74723,Crépuscule ou aube,En agglomération,Hors intersection,Normale,Deux véhicules - côté,3,1,3,0,1,1,1,0,1,50,2,2,1,0,1,0,53.0,51.0,deux_roues,voiture,2,2,1,1,3
202000040112,2020-03-06 17:00:00,2020,3,6,17,0,18,18033,TURLY (RUE DE),47.10073,2.42175,Plein jour,En agglomération,Hors intersection,Normale,Deux véhicules - côté,4,2,1,0,1,1,1,0,3,50,2,2,1,0,1,0,65.0,23.0,voiture,voiture,1,2,1,1,3
202000040113,2020-03-12 16:58:00,2020,3,12,16,58,17,17200,ONZE NOVEMBRE 1918   AVENUE DU,46.17712,-1.15227,Plein jour,En agglomération,Intersection en X,Normale,Deux véhicules - côté,4,2,2,1,1,1,1,0,5,50,2,2,1,0,0,1,52.0,16.0,voiture,deux_roues,1,2,2,1,3
202000040114,2020-03-12 16:44:00,2020,3,12,16,44,17,17300,CHURCHILL   BOULEVARD WINSTON,46.15452,-1.19019,Plein jour,En agglomération,Intersection en T,Normale,Deux véhicules - côté,4,2,2,0,1,1,1,0,1,30,2,2,1,0,0,1,20.0,54.0,voiture,utilitaire_camion,1,2,3,1,3
202000040115,2020-03-12 01:40:00,2020,3,12,1,40,13,13203,FÉLIX PYAT (RUE),43.32079,5.37472,Nuit avec éclairage allumé,En agglomération,Intersection en T,Normale,Autre collision,4,2,3,0,1,1,1,0,1,50,1,3,2,0,1,0,32.0,,voiture,,5,2,3,1,6
202000040116,2020-03-11 18:15:00,2020,3,11,18,15,13,13208,PRADO (AVENUE DU),43.2659,5.381,Plein jour,En agglomération,Hors intersection,Normale,Deux véhicules - côté,4,2,6,3,1,1,1,0,1,50,2,2,1,0,1,0,45.0,34.0,deux_roues,voiture,1,2,1,1,3
202000040117,2020-03-11 13:56:00,2020,3,11,13,56,13,13207,Corniche John Fitzgérald Kennedy,43.2777,5.3559,Plein jour,En agglomération,Hors intersection,Normale,Deux véhicules - frontale,4,2,2,1,1,1,1,8,1,30,2,4,0,0,0,4,43.0,53.0,voiture,voiture,1,2,1,1,1
202000040118,2020-03-11 09:00:00,2020,3,11,9,0,13,13204,BLANCARDE (BOULEVARD),43.3028911,5.4002638,Plein jour,En agglomération,Hors intersection,Normale,Autre collision,4,2,0,0,1,1,1,0,1,50,1,1,0,0,0,1,,,,,1,2,1,1,6
202000040119,2020-03-12 06:55:00,2020,3,12,6,55,13,13005,MERMOZ (RUE JEAN),43.28582,5.57626,Crépuscule ou aube,En agglomération,Hors intersection,Normale,Deux véhicules - côté,3,2,2,0,1,3,1,0,1,30,2,2,1,0,0,1,30.0,35.0,voiture,deux_roues,2,2,1,1,3
202000040120,2020-03-11 20:37:00,2020,3,11,20,37,13,13001,R.N 7,43.5579,5.4162,Nuit sans éclairage public,Hors agglomération,Hors intersection,Normale,Deux véhicules - côté,3,2,2,0,1,1,1,0,1,70,2,2,1,0,0,1,49.0,52.0,voiture,deux_roues,3,1,1,1,3
202000040121,2020-03-10 16:45:00,2020,3,10,16,45,11,11262,CARNOT (AVENUE),43.19382,3.00975,Plein jour,En agglomération,Hors intersection,Normale,Sans collision,4,2,2,0,1,1,1,9,1,50,1,1,0,0,0,1,27.0,,deux_roues,,1,2,1,1,7
202000040122,2020-03-11 14:30:00,2020,3,11,14,30,09,09122,BOUYCHERES (COURS),42.966362,1.6094259,Plein jour,En agglomération,Hors intersection,Normale,Trois véhicules et plus - en chaîne,3,3,2,0,1,1,1,2,1,50,3,3,2,0,0,1,45.0,69.0,voiture,voiture,1,2,1,1,4
202000040123,2020-03-12 07:40:00,2020,3,12,7,40,04,04112,Chemin Leon Foucault / Ch des Chaurannes,43.8378274,5.8268899,Plein jour,Hors agglomération,Intersection en T,Normale,Deux véhicules - côté,4,2,2,0,1,1,1,0,1,70,2,2,0,0,1,1,26.0,49.0,voiture,voiture,1,1,3,1,3
202000040124,2020-03-12 18:20:00,2020,3,12,18,20,01,01053,MAIL (AVENUE DU ),46.201626,5.207457,Crépuscule ou aube,En agglomération,Intersection en X,Normale,Deux véhicules - côté,4,2,2,0,1,1,1,0,1,50,2,2,1,0,0,1,83.0,33.0,voiture,deux_roues,2,2,2,1,3
202000040125,2020-03-12 16:20:00,2020,3,12,16,20,75,75113,QUAI D IVRY,48.825675,2.386693,Plein jour,En agglomération,Hors intersection,Normale,Deux véhicules - arrière,4,1,4,0,1,1,1,0,1,70,2,3,2,0,0,1,43.0,32.0,deux_roues,voiture,1,2,1,1,2
202000040126,2020-03-10 17:40:00,2020,3,10,17,40,75,75119,PORTE DE PANTIN,48.89361,2.395287,Plein jour,En agglomération,Hors intersection,Normale,Trois véhicules et plus - collisions multiples,4,1,4,0,1,1,1,0,1,70,3,3,2,0,0,1,46.0,29.0,voiture,deux_roues,1,2,1,1,5
202000040127,2020-03-12 16:35:00,2020,3,12,16,35,75,75120,AVENUE GAMBETTA,48.865427,2.398932,Plein jour,En agglomération,Intersection en Y,Normale,Autre collision,4,2,2,0,1,1,1,0,1,50,1,2,1,0,1,0,71.0,,voiture,,1,2,4,1,6
202000040128,2020-03-12 10:20:00,2020,3,12,10,20,75,75120,RUE DES ORTEAUX,48.856561,2.402249,Plein jour,En agglomération,Intersection en X,Normale,Autre collision,4,1,2,0,1,1,1,0,1,30,1,2,1,0,0,1,57.0,,utilitaire_camion,,1,2,2,1,6