accident_id,datetime,annee,mois,jour,heure,minute,departement,commune_insee,adresse,latitude,longitude,luminosite,agglomeration,intersection,meteo,collision,catr,circ,nbv,vosp,prof,plan,surf,infra,situ,vma,nb_vehicules,nb_usagers,nb_indemnes,nb_tues,nb_blesses_hosp,nb_blesses_legers,age_cond_1,age_cond_2,veh_type_cond_1,veh_type_cond_2,lum_code,agg_code,int_code,atm_code,col_code
202000040129,2020-03-11 17:00:00,2020,3,11,17,0,75,75118,RUE DU DEPARTEMENT,48.885752,2.364987,Plein jour,En agglomération,Intersection en T,Normale,Deux véhicules - côté,4,1,1,0,1,1,1,0,1,20,2,2,1,0,0,1,52.0,34.0,deux_roues,voiture,1,2,3,1,3
202000040130,2020-03-12 18:45:00,2020,3,12,18,45,75,75116,AVENUE MARCEAU,48.866153,2.2996,Nuit avec éclairage allumé,En agglomération,Place,Normale,Deux véhicules - côté,4,2,4,3,2,1,1,0,1,50,2,2,1,0,0,1,30.0,33.0,deux_roues,deux_roues,5,2,7,1,3
202000040131,2020-03-12 09:15:00,2020,3,12,9,15,75,75116,ALLEE DU BORD DE L EAU,48.856412,2.226481,Plein jour,En agglomération,Hors intersection,Normale,Deux véhicules - arrière,4,2,2,0,1,1,2,0,1,50,2,2,1,0,0,1,35.0,50.0,deux_roues,deux_roues,1,2,1,1,2
202000040132,2020-03-12 20:20:00,2020,3,12,20,20,75,75114,RUE DES PLANTES,48.828613,2.322065,Nuit avec éclairage allumé,En agglomération,Intersection en X,Normale,Sans collision,4,1,1,0,1,1,1,0,1,50,1,1,0,0,0,1,22.0,,deux_roues,,5,2,2,1,7
202000040133,2020-03-12 16:50:00,2020,3,12,16,50,75,75114,AVENUE DE LA PORTE DE CHATILLON,48.82334,2.316586,Plein jour,En agglomération,Hors intersection,Normale,Autre collision,4,2,6,0,1,1,1,0,1,50,1,1,0,0,0,1,60.0,,deux_roues,,1,2,1,1,6
202000040134,2020-03-12 08:10:00,2020,3,12,8,10,75,75113,RUE DE TOLBIAC,48.825937,2.352757,Plein jour,En agglomération,Intersection en T,Pluie légère,Deux véhicules - côté,4,2,3,3,1,1,2,0,1,50,2,2,1,0,0,1,22.0,29.0,deux_roues,voiture,1,2,3,2,3
202000040135,2020-03-12 07:15:00,2020,3,12,7,15,75,75113,BOULEVARD VINCENT AURIOL,48.836392,2.371351,Plein jour,En agglomération,Intersection en X,Pluie légère,Deux véhicules - côté,4,3,3,0,1,1,2,0,1,50,2,2,1,0,0,1,53.0,50.0,deux_roues,deux_roues,1,2,2,2,3
202000040136,2020-03-12 15:50:00,2020,3,12,15,50,75,75112,SOUTERRAIN QUAI DE LA RAPEE,48.843564,2.370218,Plein jour,En agglomération,Hors intersection,Normale,Deux véhicules - côté,4,3,3,0,2,1,1,0,1,50,2,2,1,0,0,1,25.0,47.0,deux_roues,voiture,1,2,1,1,3
202000040137,2020-03-12 20:00:00,2020,3,12,20,0,75,75110,BOULEVARD DE MAGENTA,48.869724,2.361958,Nuit avec éclairage allumé,En agglomération,Hors intersection,Normale,Autre collision,4,2,4,3,1,1,1,-1,6,50,1,2,1,0,0,1,38.0,,transport_commun,,5,2,1,1,6
202000040138,2020-03-12 15:40:00,2020,3,12,15,40,75,75110,BOULEVARD DE LA CHAPELLE,48.883725,2.351256,Plein jour,En agglomération,Intersection en T,Normale,Autre collision,4,1,2,0,1,1,1,0,1,50,1,2,1,0,0,1,62.0,,voiture,,1,2,3,1,6
202000040139,2020-03-11 22:00:00,2020,3,11,22,0,75,75110,PLACE DE VALENCIENNES,48.878534,2.354038,Nuit avec éclairage allumé,En agglomération,Place,Temps couvert,Deux véhicules - côté,4,4,1,0,2,1,1,0,1,50,2,2,0,0,0,2,49.0,59.0,deux_roues,voiture,5,2,7,8,3
202000040140,2020-03-12 01:00:00,2020,3,12,1,0,75,75109,BOULEVARD POISSONNIERE,48.870705,2.347882,Nuit avec éclairage allumé,En agglomération,Intersection en X,Normale,Deux véhicules - côté,4,2,5,0,1,1,1,0,1,50,2,1,0,0,0,1,29.0,,deux_roues,,5,2,2,1,3
202000040141,2020-03-12 08:30:00,2020,3,12,8,30,75,75108,RUE DE MONCEAU,48.880489,2.316492,Plein jour,En agglomération,Intersection en T,Temps couvert,Autre collision,4,2,2,0,1,1,1,0,1,50,1,2,1,0,0,1,41.0,,utilitaire_camion,,1,2,3,8,6
202000040142,2020-03-10 08:30:00,2020,3,10,8,30,75,75108,AVENUE MONTAIGNE,48.867029,2.306301,Plein jour,En agglomération,Intersection en X,Pluie légère,Autre collision,4,3,2,0,1,1,2,0,1,50,1,2,0,0,0,2,38.0,,deux_roues,,1,2,2,2,6
202000040143,2020-03-11 16:35:00,2020,3,11,16,35,75,75107,AVENUE DE LA MOTTE PICQUET,48.855965,2.308034,Plein jour,En agglomération,Intersection en T,Normale,Deux véhicules - arrière,4,2,3,3,1,1,1,0,1,50,2,2,1,0,0,1,35.0,41.0,voiture,deux_roues,1,2,3,1,2
202000040144,2020-03-12 10:45:00,2020,3,12,10,45,75,75104,RUE SAINT ANTOINE,48.854785,2.362415,Plein jour,En agglomération,Intersection en T,Normale,Autre collision,4,1,5,1,1,1,1,0,1,50,1,1,0,0,0,1,39.0,,deux_roues,,1,2,3,1,6
202000040145,2020-03-11 23:20:00,2020,3,11,23,20,75,75101,RUE DE RIVOLI,48.8588008,2.3474576,Nuit avec éclairage allumé,En agglomération,Intersection à plus de 4 branches,Normale,Autre collision,4,2,3,2,1,1,1,0,5,50,1,1,0,0,0,1,31.0,,deux_roues,,5,2,5,1,6
202000040146,2020-03-12 09:00:00,2020,3,12,9,0,75,75103,RUE DU TEMPLE,48.867168,2.36281,Plein jour,En agglomération,Intersection en Y,Normale,Sans collision,4,2,6,0,1,1,2,0,1,50,1,1,0,0,0,1,54.0,,deux_roues,,1,2,4,1,7
202000040147,2020-03-12 13:55:00,2020,3,12,13,55,94,94058,LEDRU ROLLIN (AV),48.838474,2.4949803,Plein jour,En agglomération,Hors intersection,Normale,Deux véhicules - arrière,3,2,0,0,1,1,1,0,1,50,2,2,1,0,0,1,25.0,36.0,voiture,voiture,1,2,1,1,2
202000040148,2020-03-12 08:35:00,2020,3,12,8,35,94,94042,EUROPE (BD DE L),48.81375,2.46515,Plein jour,En agglomération,Intersection en T,Normale,,3,2,4,0,1,1,2,0,1,50,2,2,1,0,0,1,34.0,43.0,voiture,deux_roues,1,2,3,1,-1
202000040149,2020-03-12 09:00:00,2020,3,12,9,0,94,94046,VICTOR HUGO (R),48.80025,2.43651,Plein jour,En agglomération,Hors intersection,Normale,Autre collision,3,2,2,0,1,1,1,0,4,50,1,2,1,0,0,1,36.0,,utilitaire_camion,,1,2,1,1,6
202000040150,2020-03-12 21:30:00,2020,3,12,21,30,94,94016,CAMILLE DESMOULINS (R),48.79478,2.33506,Nuit avec éclairage allumé,En agglomération,Intersection en T,Normale,Autre collision,3,2,2,0,1,1,1,0,1,50,1,1,0,0,0,1,,,,,5,2,3,1,6
202000040151,2020-03-12 10:45:00,2020,3,12,10,45,94,94076,MAXIME GORKI (BD),48.79705,2.36767,Plein jour,En agglomération,Hors intersection,Pluie légère,Deux véhicules - arrière,3,3,4,0,1,1,2,0,1,50,2,2,1,0,0,1,35.0,43.0,voiture,voiture,1,2,1,2,2
202000040152,2020-03-12 07:30:00,2020,3,12,7,30,94,94004,AV DU GENERAL LECLERC,48.7352,2.51976,Plein jour,En agglomération,Hors intersection,Pluie légère,Deux véhicules - arrière,2,1,2,0,1,1,2,0,1,50,2,2,1,0,0,1,44.0,30.0,deux_roues,utilitaire_camion,1,2,1,2,2
202000040153,2020-03-12 02:30:00,2020,3,12,2,30,94,94075,MARECHAL DE LATTRE DE TASSIGNY (AV),48.7273586,2.5359696,Nuit avec éclairage allumé,En agglomération,Intersection en X,Normale,Deux véhicules - côté,2,2,2,0,1,1,1,5,1,50,2,3,2,0,0,1,63.0,32.0,voiture,voiture,5,2,2,1,3
202000040154,2020-03-12 19:10:00,2020,3,12,19,10,93,93064,AV DU PDT JOHN KENNEDY / R DU CLOS BARON,48.87825,2.4884,Nuit avec éclairage allumé,En agglomération,Intersection en Y,Normale,Autre collision,3,2,2,0,1,1,1,0,1,50,1,1,0,0,0,1,16.0,,deux_roues,,5,2,4,1,6
202000040155,2020-03-12 12:25:00,2020,3,12,12,25,93,93001,AV JEAN JAURES,48.9073,2.39609,Plein jour,En agglomération,Hors intersection,Normale,Deux véhicules - côté,3,2,4,0,1,1,1,9,1,50,2,2,1,0,1,0,57.0,47.0,autre,deux_roues,1,2,1,1,3
202000040156,2020-03-11 15:00:00,2020,3,11,15,0,93,93001,129 AV VICTOR HUGO,48.909297,2.378338,Plein jour,En agglomération,Hors intersection,Normale,Deux véhicules - arrière,3,2,4,0,1,1,1,0,1,50,2,2,1,0,0,1,44.0,28.0,voiture,deux_roues,1,2,1,1,2
202000040157,2020-03-12 08:14:00,2020,3,12,8,14,92,92049,JAURES PLACE JEAN,48.8162,2.3116,Plein jour,En agglomération,Hors intersection,Pluie légère,Autre collision,9,2,2,0,1,1,2,0,1,50,1,2,1,0,0,1,31.0,,voiture,,1,2,1,2,6
202000040158,2020-03-12 09:20:00,2020,3,12,9,20,92,92040,VERDUN (AVENUE DE) DU 152 AU 226,48.8184849,2.252554,Plein jour,En agglomération,Hors intersection,Pluie légère,Deux véhicules - côté,3,2,2,1,1,1,2,0,1,50,2,2,1,0,0,1,56.0,42.0,deux_roues,voiture,1,2,1,2,3
202000040159,2020-03-11 12:05:00,2020,3,11,12,5,92,92036,GENERAL DE GAULLE (AVENUE) (PAIRS),48.933784,2.313424,Plein jour,En agglomération,Intersection en T,Normale,Deux véhicules - côté,3,2,2,0,1,1,1,0,1,50,2,2,1,0,0,1,21.0,46.0,voiture,utilitaire_camion,1,2,3,1,3
202000040160,2020-03-12 15:50:00,2020,3,12,15,50,92,92025,CHARLES DE GAULLE (BD),48.916211,2.226474,Plein jour,En agglomération,Intersection en T,Normale,Deux véhicules - côté,3,3,6,2,2,1,1,0,1,50,2,2,1,0,0,1,30.0,62.0,deux_roues,voiture,1,2,3,1,3
202000040161,2020-03-12 16:20:00,2020,3,12,16,20,92,92023,EUGENE BEAUJARD (CARREFOUR)/ PORTE DE TRIVAUX (RUE DE) N°57 A 197 ET,48.78964,2.25242,Plein jour,En agglomération,Giratoire,Normale,Autre collision,3,2,1,0,1,1,1,0,1,50,1,2,1,0,1,0,60.0,,voiture,,1,2,6,1,6
202000040162,2020-03-12 20:10:00,2020,3,12,20,10,92,92012,JEAN BAPTISTE CLEMENT (AVENUE) 49/FIN -,48.842859,2.2315255,Nuit avec éclairage allumé,En agglomération,Hors intersection,Normale,Deux véhicules - côté,4,2,2,0,1,1,2,0,1,50,2,2,1,0,0,1,28.0,32.0,deux_roues,voiture,5,2,1,1,3
202000040163,2020-02-26 14:00:00,2020,2,26,14,0,49,49244,Lieu Dit la Motte (Saint-Laurent-du-Mottay),47.372564,-0.953467,Plein jour,Hors agglomération,Intersection en X,Normale,Deux véhicules - côté,4,2,2,0,1,1,1,0,1,80,2,2,1,0,1,0,25.0,60.0,deux_roues,voiture,1,1,2,1,3
202000040164,2020-03-12 20:30:00,2020,3,12,20,30,54,54006,Rue Jean Mermoz,48.725546,6.237627,Nuit sans éclairage public,Hors agglomération,Hors intersection,Normale,Deux véhicules - côté,3,2,2,0,1,1,1,0,1,80,2,2,1,0,0,1,20.0,16.0,voiture,deux_roues,3,1,1,1,3
202000040165,2020-03-13 14:10:00,2020,3,13,14,10,01,01004,D1075,45.969184,5.339613,Plein jour,Hors agglomération,Hors intersection,Normale,Deux véhicules - côté,3,2,2,0,1,1,1,0,1,80,2,3,1,0,0,2,72.0,52.0,voiture,voiture,1,1,1,1,3
202000040166,2020-03-12 23:00:00,2020,3,12,23,0,33,33021,D10,44.506966,-0.155375,Nuit sans éclairage public,Hors agglomération,Hors intersection,Normale,Autre collision,3,2,2,0,2,2,1,0,3,80,1,4,0,0,0,4,19.0,,voiture,,3,1,1,1,6
202000040167,2020-03-10 07:15:00,2020,3,10,7,15,35,35286,La Croix,48.3961584,-1.6559992,Crépuscule ou aube,Hors agglomération,Hors intersection,Normale,Deux véhicules - frontale,3,2,2,0,1,1,1,9,1,70,2,2,1,0,1,0,63.0,50.0,voiture,utilitaire_camion,2,1,1,1,1
202000040168,2020-03-12 17:00:00,2020,3,12,17,0,57,57015,D22,49.062338,6.751356,Plein jour,Hors agglomération,Hors intersection,Pluie légère,Deux véhicules - côté,3,2,2,0,1,3,2,0,1,80,2,2,1,0,0,1,36.0,35.0,voiture,voiture,1,1,1,2,3
202000040169,2020-03-13 12:00:00,2020,3,13,12,0,35,35165,10 Grande Rue,47.94916,-1.362396,Plein jour,En agglomération,Hors intersection,Normale,Deux véhicules - côté,3,2,2,0,1,1,1,0,1,50,2,2,1,0,1,0,86.0,16.0,voiture,deux_roues,1,2,1,1,3
202000040170,2020-03-13 15:28:00,2020,3,13,15,28,44,44137,RN 165  -  PK 40+300,47.394689,-1.999683,Plein jour,Hors agglomération,Hors intersection,Normale,,2,3,4,0,1,1,1,0,1,110,2,3,2,0,1,0,43.0,,utilitaire_camion,,1,1,1,1,-1
202000040171,2020-03-12 12:32:00,2020,3,12,12,32,40,40295,RD10E,44.3760619,-0.8410277,Plein jour,Hors agglomération,Hors intersection,Normale,,3,2,2,0,1,2,1,0,1,80,2,2,1,0,1,0,61.0,49.0,voiture,utilitaire_camion,1,1,1,1,-1
202000040172,2020-03-13 12:10:00,2020,3,13,12,10,56,56125,Kergurhan,48.072975,-3.076086,Plein jour,Hors agglomération,Hors intersection,Normale,Autre collision,4,2,2,0,4,2,1,0,3,80,1,1,0,0,1,0,67.0,,deux_roues,,1,1,1,1,6
202000040173,2020-02-03 14:20:00,2020,2,3,14,20,56,56047,Le Salut,48.059008,-2.778634,Plein jour,Hors agglomération,Intersection en T,Normale,Deux véhicules - frontale,3,-1,2,0,1,2,1,0,1,80,2,3,0,0,0,3,21.0,35.0,voiture,voiture,1,1,3,1,1
202000040174,2020-03-13 19:25:00,2020,3,13,19,25,79,79202,Boulevard de l'Europe,46.652249,-0.228031,Crépuscule ou aube,En agglomération,Intersection en X,Normale,Deux véhicules - côté,2,3,6,2,3,1,1,5,1,50,2,2,1,0,1,0,47.0,18.0,voiture,deux_roues,2,2,2,1,3
202000040175,2020-03-13 12:30:00,2020,3,13,12,30,2B,2B049,D81,42.515639,8.690529,Plein jour,Hors agglomération,Hors intersection,Normale,Deux véhicules - côté,3,2,2,0,2,1,1,0,1,80,2,2,1,0,1,0,61.0,61.0,deux_roues,voiture,1,1,1,1,3
202000040176,2020-03-13 16:15:00,2020,3,13,16,15,60,60102,48 Rue de la Libération,49.301446,2.530157,Plein jour,En agglomération,Intersection en T,Normale,Deux véhicules - frontale,4,2,2,0,1,1,1,0,1,50,2,2,1,1,0,0,66.0,27.0,deux_roues,voiture,1,2,3,1,1
202000040177,2020-03-13 14:40:00,2020,3,13,14,40,80,80761,Départementale 8,49.7628606,2.1663237,Plein jour,Hors agglomération,Hors intersection,Normale,Trois véhicules et plus - en chaîne,3,2,2,0,1,2,1,0,1,80,3,3,1,0,1,1,94.0,75.0,voiture,deux_roues,1,1,1,1,4
202000040178,2020-03-12 23:40:00,2020,3,12,23,40,29,29140,Chemin de la Pointe,48.344676,-4.3254863,Nuit sans éclairage public,Hors agglomération,Hors intersection,Normale,Sans collision,4,-1,2,0,2,1,1,0,1,70,1,1,0,0,1,0,32.0,,voiture,,3,1,1,1,7
202000040179,2020-03-13 14:45:00,2020,3,13,14,45,68,68270,2 Rue de Kingersheim,47.788681,7.291596,Plein jour,En agglomération,Intersection en T,Normale,Deux véhicules - côté,3,2,2,0,1,1,1,0,1,70,2,2,1,0,1,0,21.0,39.0,voiture,deux_roues,1,2,3,1,3
202000040180,2020-03-12 18:20:00,2020,3,12,18,20,44,44175,D47,47.383685,-2.315283,Plein jour,Hors agglomération,Intersection en X,Normale,Deux véhicules - arrière,3,2,2,0,1,1,1,0,1,80,2,2,1,0,0,1,27.0,50.0,voiture,voiture,1,1,2,1,2
202000040181,2020-03-12 17:15:00,2020,3,12,17,15,38,38117,D1532,45.16423,5.39823,Plein jour,Hors agglomération,Autre intersection,Normale,Deux véhicules - arrière,3,2,2,0,1,1,1,0,1,80,2,4,2,0,1,1,26.0,42.0,voiture,voiture,1,1,9,1,2
202000040182,2020-03-10 19:50:00,2020,3,10,19,50,01,01093,Route de Belleville,46.116547,4.946522,Nuit avec éclairage allumé,En agglomération,Intersection en X,Normale,Deux véhicules - arrière,3,2,2,0,1,1,1,0,1,80,2,2,1,0,0,1,44.0,51.0,voiture,voiture,5,2,2,1,2
202000040183,2020-03-12 17:20:00,2020,3,12,17,20,14,14726,D56,48.869127,-0.693419,Plein jour,Hors agglomération,Intersection en T,Normale,Deux véhicules - frontale,3,2,2,0,1,1,1,0,1,80,2,2,1,0,0,1,57.0,27.0,voiture,voiture,1,1,3,1,1
202000040184,2020-03-12 19:30:00,2020,3,12,19,30,50,50490,D650,49.37698,-1.738232,Nuit sans éclairage public,Hors agglomération,Hors intersection,Vent fort / tempête,Autre collision,3,2,2,0,1,1,1,0,3,80,1,1,0,0,0,1,56.0,,voiture,,3,1,1,6,6
202000040185,2020-03-13 07:50:00,2020,3,13,7,50,50,50069,19 Route de l'Epine,48.788093,-1.267612,Plein jour,Hors agglomération,Intersection en X,Normale,Trois véhicules et plus - en chaîne,3,2,2,0,1,1,1,9,1,80,3,3,2,0,0,1,18.0,41.0,deux_roues,voiture,1,1,2,1,4
202000040186,2020-03-12 16:13:00,2020,3,12,16,13,73,73274,D912,45.424344,5.864003,Plein jour,Hors agglomération,Hors intersection,Normale,Trois véhicules et plus - collisions multiples,3,2,2,0,2,2,1,0,1,80,3,3,0,0,3,0,47.0,51.0,deux_roues,deux_roues,1,1,1,1,5
202000040187,2020-03-08 15:30:00,2020,3,8,15,30,36,36224,Rue de la Gare,46.734408,0.954008,Plein jour,En agglomération,Intersection en X,Pluie légère,Deux véhicules - côté,3,2,2,0,1,1,2,0,1,50,2,5,3,0,0,2,19.0,66.0,voiture,voiture,1,2,2,2,3
202000040188,2020-03-13 18:35:00,2020,3,13,18,35,21,21527,D906,46.9379622,4.6838216,Plein jour,Hors agglomération,Hors intersection,Normale,Autre collision,3,2,2,0,2,2,1,0,3,90,1,1,0,0,1,0,76.0,,voiture,,1,1,1,1,6
202000040189,2020-03-11 16:30:00,2020,3,11,16,30,40,40110,Route de la Chalosse,43.639997,-0.378181,Plein jour,En agglomération,Hors intersection,Normale,Sans collision,3,2,2,0,1,1,1,0,1,50,1,3,2,0,1,0,55.0,,voiture,,1,2,1,1,7
202000040190,2020-03-11 08:00:00,2020,3,11,8,0,88,88438,D32,48.326606,6.787425,Plein jour,Hors agglomération,Hors intersection,Pluie légère,Deux véhicules - frontale,3,2,2,0,2,4,2,0,1,80,2,2,1,0,0,1,53.0,21.0,voiture,voiture,1,1,1,2,1
202000040191,2020-03-07 18:00:00,2020,3,7,18,0,67,67008,A352,48.5187592,7.5182889,Plein jour,Hors agglomération,Hors intersection,Normale,Sans collision,1,3,4,0,1,1,1,0,2,130,1,1,0,0,1,0,37.0,,voiture,,1,1,1,1,7
202000040192,2020-03-13 06:00:00,2020,3,13,6,0,39,39434,,46.845864,5.703254,Nuit sans éclairage public,Hors agglomération,Hors intersection,Normale,Trois véhicules et plus - collisions multiples,2,2,2,0,1,1,1,0,1,80,3,3,2,0,1,0,38.0,55.0,voiture,utilitaire_camion,3,1,1,1,5
202000040193,2020-03-11 00:10:00,2020,3,11,0,10,66,66172,D5,42.727387,2.850609,Plein jour,Hors agglomération,Hors intersection,Normale,Sans collision,3,2,2,0,1,1,1,0,8,80,1,3,2,0,1,0,24.0,,voiture,,1,1,1,1,7
202000040194,2020-03-13 08:25:00,2020,3,13,8,25,57,57413,A4,49.137431,6.638832,Plein jour,Hors agglomération,Hors intersection,Normale,Deux véhicules - côté,1,3,5,0,4,1,1,0,3,130,2,3,1,0,1,1,29.0,22.0,voiture,voiture,1,1,1,1,3
202000040195,2020-03-12 11:30:00,2020,3,12,11,30,971,97103,rue de la république,16.265547,-61.58741,Plein jour,En agglomération,Hors intersection,Normale,Autre collision,4,1,1,0,1,1,1,0,4,-1,1,2,0,0,1,1,23.0,,autre,,1,2,1,1,6
202000040196,2020-03-11 21:15:00,2020,3,11,21,15,971,97103,D1,16.263681,-61.627057,Nuit avec éclairage allumé,Hors agglomération,Hors intersection,Normale,Deux véhicules - frontale,3,2,2,0,1,3,1,0,1,70,2,2,1,0,1,0,37.0,36.0,voiture,voiture,5,1,1,1,1
202000040197,2020-03-12 08:30:00,2020,3,12,8,30,971,97118,Route de la Traversee,16.175894,-61.699047,Plein jour,Hors agglomération,Hors intersection,Normale,Sans collision,3,2,2,0,2,3,1,0,3,70,1,1,0,0,1,0,59.0,,deux_roues,,1,1,1,1,7
202000040198,2020-03-13 09:15:00,2020,3,13,9,15,977,97701,saint jean,17.902894,-62.839125,Plein jour,En agglomération,Autre intersection,Normale,Deux véhicules - frontale,3,2,2,0,1,1,1,0,1,30,2,2,1,0,1,0,35.0,58.0,utilitaire_camion,deux_roues,1,2,9,1,1
202000040199,2020-03-12 18:45:00,2020,3,12,18,45,95,95641,D9,49.060637,2.552884,Plein jour,Hors agglomération,Hors intersection,Normale,Sans collision,3,2,2,0,1,2,1,0,1,80,1,1,0,0,0,1,33.0,,deux_roues,,1,1,1,1,7
202000040200,2020-03-12 13:15:00,2020,3,12,13,15,34,34056,D32,43.43106,3.437304,Plein jour,Hors agglomération,Autre intersection,Normale,Sans collision,3,2,2,0,1,3,1,0,3,80,1,1,0,0,1,0,19.0,,voiture,,1,1,9,1,7
202000040201,2020-03-10 17:00:00,2020,3,10,17,0,13,13015,Rue paul émile victor,43.43988,5.416694,Plein jour,En agglomération,Giratoire,Normale,Deux véhicules - côté,4,3,2,0,1,1,1,0,8,50,2,2,1,0,0,1,57.0,18.0,voiture,deux_roues,1,2,6,1,3
202000040202,2020-03-13 14:50:00,2020,3,13,14,50,68,68012,34 Grand Rue,47.774568,7.129301,Plein jour,En agglomération,Hors intersection,Normale,Deux véhicules - côté,3,2,2,0,1,1,1,0,1,50,2,2,1,0,1,0,12.0,31.0,deux_roues,voiture,1,2,1,1,3
202000040203,2020-03-12 15:00:00,2020,3,12,15,0,54,54557,89 Chemin de la Poste,48.693222,6.031212,Plein jour,En agglomération,Hors intersection,Temps couvert,Deux véhicules - côté,3,2,2,0,1,1,1,0,1,50,2,2,1,0,0,1,66.0,41.0,deux_roues,voiture,1,2,1,8,3
202000040204,2020-03-13 16:00:00,2020,3,13,16,0,57,57481,Route de Moyeuvre,49.236361,6.031902,Plein jour,Hors agglomération,Autre intersection,Normale,Autre collision,3,2,2,0,1,1,1,0,1,90,1,2,0,1,0,1,26.0,,voiture,,1,1,9,1,6
202000040205,2020-03-11 12:30:00,2020,3,11,12,30,03,03102,589 Rue du Port,46.5244149,3.6890286,Plein jour,En agglomération,Intersection en X,Normale,Deux véhicules - côté,3,2,2,0,4,2,1,0,1,50,2,3,2,0,0,1,41.0,18.0,voiture,voiture,1,2,2,1,3
202000040206,2020-03-12 17:50:00,2020,3,12,17,50,64,64230,RN 134,43.219327,-0.400051,Plein jour,Hors agglomération,Hors intersection,Normale,Sans collision,2,2,2,0,1,3,2,2,8,80,1,1,0,0,0,1,39.0,,voiture,,1,1,1,1,7
202000040207,2020-03-03 02:47:00,2020,3,3,2,47,33,33272,nationale 10,45.060927,-0.397965,Nuit sans éclairage public,Hors agglomération,Hors intersection,Temps couvert,Autre collision,2,3,4,0,1,1,2,0,3,110,1,1,0,0,1,0,27.0,,utilitaire_camion,,3,1,1,8,6
202000040208,2020-03-11 16:50:00,2020,3,11,16,50,13,13216,A55-Sens Martigues vers Marseille,43.3634,5.3401,Plein jour,Hors agglomération,Hors intersection,Normale,Trois véhicules et plus - en chaîne,1,1,1,0,1,3,1,0,1,50,3,4,3,0,0,1,38.0,31.0,utilitaire_camion,voiture,1,1,1,1,4
202000040209,2020-02-09 04:08:00,2020,2,9,4,8,57,57221,Autoroute A31,49.3472559,6.111306,Nuit sans éclairage public,Hors agglomération,Hors intersection,Normale,Sans collision,1,1,1,0,1,3,1,3,3,70,1,1,0,0,1,0,25.0,,voiture,,3,1,1,1,7
202000040210,2020-03-12 09:15:00,2020,3,12,9,15,94,94034,AUTOROUTE A86,48.76165,2.31569,Plein jour,Hors agglomération,Hors intersection,Normale,Trois véhicules et plus - en chaîne,1,3,2,0,1,1,2,0,1,70,3,3,2,0,0,1,66.0,30.0,voiture,voiture,1,1,1,1,4
202000040211,2020-03-12 05:20:00,2020,3,12,5,20,91,91086,RN 104,48.62398,2.37376,Nuit sans éclairage public,Hors agglomération,Hors intersection,Pluie légère,Deux véhicules - arrière,2,2,4,0,1,1,2,0,1,110,2,2,1,0,0,1,52.0,39.0,autre,utilitaire_camion,3,1,1,2,2
202000040212,2020-03-12 21:00:00,2020,3,12,21,0,78,78402,A13,48.96528,1.804187,Nuit sans éclairage public,Hors agglomération,Hors intersection,Normale,Sans collision,1,3,3,0,1,1,1,0,2,110,1,2,0,0,0,2,24.0,,voiture,,3,1,1,1,7
202000040213,2020-03-12 07:40:00,2020,3,12,7,40,78,78029,A13W,48.964471,1.845573,Plein jour,Hors agglomération,Hors intersection,Normale,Deux véhicules - côté,1,3,3,0,1,1,1,0,1,130,2,2,1,0,0,1,22.0,20.0,voiture,voiture,1,1,1,1,3
202000040214,2020-03-08 21:15:00,2020,3,8,21,15,95,95582,RD 170,48.96715,2.27351,Nuit sans éclairage public,Hors agglomération,Hors intersection,Normale,Trois véhicules et plus - en chaîne,3,3,4,0,1,3,1,0,1,90,3,3,1,0,0,2,24.0,48.0,voiture,voiture,3,1,1,1,4
202000040215,2020-03-08 20:20:00,2020,3,8,20,20,95,95582,AUTOROUTE A115,48.97363,2.24521,Nuit sans éclairage public,Hors agglomération,Hors intersection,Normale,Autre collision,1,1,2,0,1,2,2,3,1,70,1,2,1,0,0,1,20.0,,voiture,,3,1,1,1,6
202000040216,2020-03-12 14:45:00,2020,3,12,14,45,94,94069,A4,48.8167,2.4333,Plein jour,Hors agglomération,Hors intersection,Normale,Deux véhicules - arrière,1,-1,5,0,1,1,1,0,1,90,2,2,1,0,0,1,37.0,30.0,utilitaire_camion,deux_roues,1,1,1,1,2
202000040217,2020-03-12 08:30:00,2020,3,12,8,30,94,94017,A4,48.8291401,2.48038,Plein jour,Hors agglomération,Hors intersection,Normale,Deux véhicules - côté,1,3,3,0,1,1,1,0,1,90,2,2,1,0,0,1,25.0,25.0,deux_roues,voiture,1,1,1,1,3
202000040218,2020-03-11 16:00:00,2020,3,11,16,0,77,77249,RN104,48.7316626,2.6092624,Plein jour,Hors agglomération,Hors intersection,Normale,Deux véhicules - arrière,2,3,4,0,1,1,1,0,1,110,2,2,1,0,0,1,31.0,41.0,voiture,voiture,1,1,1,1,2
202000040219,2020-03-11 12:00:00,2020,3,11,12,0,94,94069,A4,48.8175409,2.435045,Plein jour,Hors agglomération,Hors intersection,Normale,Trois véhicules et plus - collisions multiples,1,3,3,0,1,1,1,0,1,90,3,2,1,0,1,0,44.0,20.0,deux_roues,utilitaire_camion,1,1,1,1,5
202000040220,2020-01-07 16:20:00,2020,1,7,16,20,974,97409,137 Chemin du volcan,-21.209677,55.591059,Plein jour,En agglomération,Hors intersection,Normale,Deux véhicules - côté,4,2,2,0,2,2,2,9,-1,50,2,2,1,0,0,1,35.0,35.0,autre,voiture,1,2,1,1,3
202000040221,2020-01-06 15:10:00,2020,1,6,15,10,50,50218,WINSTON CHURCHILL (RUE),48.836258,-1.57949,Plein jour,En agglomération,Hors intersection,Normale,,4,2,2,0,1,1,1,0,1,50,2,2,1,0,0,1,62.0,,voiture,,1,2,1,1,-1