accident_id,datetime,annee,mois,jour,heure,minute,departement,commune_insee,adresse,latitude,longitude,luminosite,agglomeration,intersection,meteo,collision,catr,circ,nbv,vosp,prof,plan,surf,infra,situ,vma,nb_vehicules,nb_usagers,nb_indemnes,nb_tues,nb_blesses_hosp,nb_blesses_legers,age_cond_1,age_cond_2,veh_type_cond_1,veh_type_cond_2,lum_code,agg_code,int_code,atm_code,col_code
202000040222,2020-03-12 07:10:00,2020,3,12,7,10,988,98818,RUE AUGUSTE BENEBIG,-22.2677,166.45592,Plein jour,En agglomération,Intersection en T,Normale,Deux véhicules - frontale,4,2,2,0,2,2,1,0,1,50,2,3,1,0,0,2,18.0,39.0,deux_roues,utilitaire_camion,1,2,3,1,1
202000040223,2020-03-11 17:00:00,2020,3,11,17,0,988,98818,GERVOLINO (RUE ROGER) / MARTINET (RUE HENRI),-22.26449,166.47194,Plein jour,En agglomération,Intersection en T,Normale,Deux véhicules - côté,4,2,2,0,1,1,1,0,1,50,2,1,0,0,0,1,48.0,,deux_roues,,1,2,3,1,3
202000040224,2020-03-11 10:55:00,2020,3,11,10,55,974,97411,Rue Monthyon,-20.88737,55.455658,Plein jour,En agglomération,Hors intersection,Normale,Autre collision,4,2,1,0,1,1,1,0,1,30,1,2,1,0,0,1,36.0,,voiture,,1,2,1,1,6
202000040225,2020-03-11 09:15:00,2020,3,11,9,15,974,97411,RAMBAUD (LEOPOLD),-20.88584,55.47493,Plein jour,En agglomération,Hors intersection,Normale,Trois véhicules et plus - en chaîne,2,1,3,0,1,1,1,0,1,70,4,4,3,0,0,1,47.0,26.0,voiture,voiture,1,2,1,1,4
202000040226,2020-03-10 19:00:00,2020,3,10,19,0,974,97411,BEARN (RUE DU),-20.90326,55.48862,Nuit avec éclairage allumé,En agglomération,Hors intersection,Normale,Autre collision,4,2,1,0,1,1,1,0,1,50,1,2,1,0,1,0,66.0,,utilitaire_camion,,5,2,1,1,6
202000040227,2020-03-11 18:36:00,2020,3,11,18,36,69,69199,COMMUNE DE PARIS 1871 (DE LA)       (R ),45.7095,4.86272,Crépuscule ou aube,En agglomération,Intersection en T,Normale,Deux véhicules - côté,4,2,2,0,1,1,1,0,1,50,2,2,1,0,0,1,30.0,64.0,deux_roues,voiture,2,2,3,1,3
202000040228,2020-03-11 16:27:00,2020,3,11,16,27,69,69388,ETATS UNIS (DES)                    (BD),45.73339,4.8646,Plein jour,En agglomération,Intersection en T,Normale,Deux véhicules - côté,4,3,2,2,1,1,1,0,1,50,2,3,2,0,0,1,27.0,22.0,voiture,voiture,1,2,3,1,3
202000040229,2020-03-11 10:20:00,2020,3,11,10,20,69,69259,MARTYRS DE LA RESISTANCE (DES)      (AV),45.6913212,4.8707271,Plein jour,En agglomération,Hors intersection,Normale,Autre collision,6,-1,0,0,1,1,1,9,6,50,1,2,1,0,0,1,47.0,,voiture,,1,2,1,1,6
202000040230,2020-03-11 09:10:00,2020,3,11,9,10,69,69388,FRANCIS DE PRESSENSE                (AV),45.7309304,4.8597805,Plein jour,En agglomération,Hors intersection,Normale,Autre collision,4,2,4,3,1,1,1,0,1,50,1,2,1,0,1,0,49.0,,transport_commun,,1,2,1,1,6
202000040231,2020-03-11 08:32:00,2020,3,11,8,32,69,69386,Rue Molière,45.73339,4.8646,Plein jour,En agglomération,Intersection en T,Normale,Deux véhicules - côté,4,1,1,2,1,1,1,0,1,30,2,2,1,0,0,1,41.0,50.0,deux_roues,voiture,1,2,3,1,3
202000040232,2020-03-10 12:00:00,2020,3,10,12,0,972,97209,RAVINE VILAINE (CHEMIN DEPARTEMENTAL DE),14.63543,-61.05964,Plein jour,En agglomération,Intersection en T,Normale,Autre collision,3,2,2,0,1,1,1,0,4,50,1,1,0,0,0,1,,,,,1,2,3,1,6
202000040233,2020-03-09 13:00:00,2020,3,9,13,0,972,97209,RD 41 (ROCADE),14.61431,-61.0703,Plein jour,En agglomération,Hors intersection,Normale,Deux véhicules - frontale,3,3,2,0,1,3,1,0,1,60,2,2,1,0,0,1,51.0,78.0,deux_roues,voiture,1,2,1,1,1
202000040234,2020-02-25 20:30:00,2020,2,25,20,30,972,97209,REDOUTE (ROUTE DE LA),14.6256,-61.06051,Nuit avec éclairage allumé,En agglomération,Hors intersection,Normale,Deux véhicules - frontale,2,2,2,0,2,1,1,0,1,50,2,2,1,0,0,1,58.0,34.0,voiture,voiture,5,2,1,1,1
202000040235,2020-03-11 18:22:00,2020,3,11,18,22,69,69382,ANCIENNE PREFECTURE (DE L')         (R ),45.7609396,4.8328693,Nuit avec éclairage allumé,En agglomération,Hors intersection,Normale,Deux véhicules - frontale,4,2,2,1,1,1,1,0,1,50,2,1,0,0,1,0,30.0,,deux_roues,,5,2,1,1,1
202000040236,2020-03-11 18:10:00,2020,3,11,18,10,69,69034,CREPIEUX (DE)                       (CH),45.8009493,4.8546595,Plein jour,En agglomération,Hors intersection,Normale,Autre collision,4,2,3,0,1,3,1,0,1,50,1,2,1,0,0,1,74.0,,voiture,,1,2,1,1,6
202000040237,2020-03-11 14:00:00,2020,3,11,14,0,69,69382,BARRE (DE LA)                       (R ),45.7577961,4.8346745,Plein jour,En agglomération,Hors intersection,Normale,,4,2,5,2,2,1,1,0,5,30,2,3,1,0,0,2,47.0,52.0,deux_roues,voiture,1,2,1,1,-1
202000040238,2020-08-30 02:55:00,2020,8,30,2,55,35,35266,La Frogerais,48.018041,-1.660397,Nuit sans éclairage public,En agglomération,Giratoire,Normale,Autre collision,3,2,2,0,1,1,1,5,1,50,1,1,0,0,1,0,26.0,,deux_roues,,3,2,6,1,6
202000040239,2020-08-30 03:15:00,2020,8,30,3,15,45,45146,Autouroute A71 - P.K. 118+700 - Sens 2,47.721535,1.890174,Nuit sans éclairage public,Hors agglomération,Hors intersection,Normale,Autre collision,1,3,4,0,1,1,2,0,3,130,1,5,3,0,1,1,35.0,,voiture,,3,1,1,1,6
202000040240,2020-08-31 10:40:00,2020,8,31,10,40,13,13051,A7,43.585624,5.203046,Plein jour,Hors agglomération,Hors intersection,Normale,Deux véhicules - arrière,1,3,3,0,1,1,1,0,1,130,2,3,2,0,1,0,62.0,69.0,voiture,voiture,1,1,1,1,2
202000040241,2020-08-30 03:00:00,2020,8,30,3,0,987,98753,RT 301,-23.399063,-149.495044,Nuit avec éclairage non allumé,Hors agglomération,Hors intersection,Normale,Autre collision,2,2,2,0,1,1,1,0,3,90,1,3,2,0,1,0,35.0,,voiture,,4,1,1,1,6
202000040242,2020-08-30 20:30:00,2020,8,30,20,30,986,98613,RT1,-22.280387,166.448943,Nuit avec éclairage allumé,En agglomération,Hors intersection,Normale,Sans collision,2,2,2,0,1,1,1,0,1,70,1,1,0,0,1,0,26.0,,deux_roues,,5,2,1,1,7
202000040243,2020-08-25 14:45:00,2020,8,25,14,45,974,97418,Route de la Ressource,-20.929875,55.536247,Plein jour,Hors agglomération,Hors intersection,Pluie légère,,3,2,2,0,1,3,2,0,1,80,2,2,1,0,1,0,26.0,33.0,voiture,voiture,1,1,1,2,-1
202000040244,2020-08-30 21:45:00,2020,8,30,21,45,973,97305,N1,4.920322,-52.384443,Nuit avec éclairage allumé,Hors agglomération,Intersection en X,Normale,Deux véhicules - frontale,2,2,2,0,1,1,1,0,1,80,2,7,0,0,4,3,20.0,41.0,voiture,voiture,5,1,2,1,1
202000040245,2020-08-31 12:10:00,2020,8,31,12,10,45,45312,D2007 PR28+700,47.917584,2.736513,Plein jour,En agglomération,Intersection en T,Normale,Deux véhicules - arrière,3,2,2,0,1,1,1,8,1,50,2,2,1,0,1,0,27.0,55.0,utilitaire_camion,deux_roues,1,2,3,1,2
202000040246,2020-08-30 19:45:00,2020,8,30,19,45,2A,2A247,Route de Palombaggia,41.586809,9.301697,Crépuscule ou aube,Hors agglomération,Hors intersection,Normale,Deux véhicules - frontale,3,2,2,0,1,1,1,0,1,30,2,3,1,0,0,2,28.0,21.0,voiture,voiture,2,1,1,1,1
202000040247,2020-08-30 18:45:00,2020,8,30,18,45,84,84065,Rue du Portail,43.745879,5.312218,Plein jour,En agglomération,Intersection en T,Normale,Deux véhicules - côté,4,2,2,0,2,1,1,0,1,50,2,2,1,0,0,1,28.0,13.0,voiture,deux_roues,1,2,3,1,3
202000040248,2020-08-31 11:35:00,2020,8,31,11,35,83,83027,D66,43.201168,5.733281,Plein jour,Hors agglomération,Hors intersection,Normale,Deux véhicules - arrière,3,2,2,0,1,1,1,0,1,80,2,2,1,0,1,0,62.0,72.0,utilitaire_camion,utilitaire_camion,1,1,1,1,2
202000040249,2020-08-12 15:28:00,2020,8,12,15,28,06,06147,2054 Route de Levens,43.815553,7.265363,Plein jour,Hors agglomération,Hors intersection,Normale,Deux véhicules - côté,7,2,2,0,2,3,1,0,1,70,2,2,1,0,0,1,20.0,21.0,deux_roues,voiture,1,1,1,1,3
202000040250,2020-08-28 00:00:00,2020,8,28,0,0,73,73015,D90 ROUTE DE MOTTARET,45.38415,6.574781,Nuit sans éclairage public,Hors agglomération,Hors intersection,Normale,Autre collision,3,2,2,0,2,2,1,0,8,80,1,1,0,0,1,0,27.0,,voiture,,3,1,1,1,6
202000040251,2020-08-30 21:30:00,2020,8,30,21,30,38,38565,Avenue de Juin 1940,45.299506,5.627934,Nuit sans éclairage public,En agglomération,Hors intersection,Normale,Deux véhicules - arrière,3,1,2,0,1,1,1,0,1,70,2,3,2,0,0,1,24.0,58.0,voiture,voiture,3,2,1,1,2
202000040252,2020-08-31 12:10:00,2020,8,31,12,10,81,81011,route de Sainte Cécile,43.727677,1.830683,Plein jour,Hors agglomération,Intersection en T,Normale,Deux véhicules - côté,4,2,2,0,1,1,1,0,1,80,2,2,1,0,1,0,49.0,49.0,utilitaire_camion,deux_roues,1,1,3,1,3
202000040253,2020-08-31 13:30:00,2020,8,31,13,30,65,65295,Route de Gavarnie,42.852365,-0.006545,Plein jour,Hors agglomération,Hors intersection,Normale,Sans collision,3,2,2,0,1,2,1,0,1,80,1,1,0,0,1,0,43.0,,deux_roues,,1,1,1,1,7
202000040254,2020-08-30 14:05:00,2020,8,30,14,5,56,56176,1 Rue André Ampère,47.67116,-2.961419,Plein jour,En agglomération,Hors intersection,Normale,Autre collision,4,2,2,0,1,1,1,0,1,50,1,1,0,0,1,0,71.0,,deux_roues,,1,2,1,1,6
202000040255,2020-08-30 16:35:00,2020,8,30,16,35,13,13055,A507 sens Aubagne- Marseille,43.3299,5.4,Plein jour,Hors agglomération,Hors intersection,Normale,Deux véhicules - arrière,1,1,3,0,2,1,1,1,1,70,2,4,3,0,0,1,24.0,40.0,voiture,voiture,1,1,1,1,2
202000040256,2020-08-29 15:25:00,2020,8,29,15,25,13,13216,A55-Sens Marseille vers Martigues,43.33915,5.34862,Plein jour,Hors agglomération,Hors intersection,Pluie légère,Autre collision,1,3,3,0,1,3,2,0,1,90,1,1,0,0,0,1,26.0,,voiture,,1,1,1,2,6
202000040257,2020-08-28 13:05:00,2020,8,28,13,5,13,13211,A50-Sens Marseille vers Aubagne,43.28644,5.50837,Plein jour,Hors agglomération,Hors intersection,Normale,Trois véhicules et plus - collisions multiples,1,1,3,0,1,1,1,0,2,90,3,1,0,0,0,1,27.0,,voiture,,1,1,1,1,5
202000040258,2020-08-30 20:57:00,2020,8,30,20,57,94,94034,AUTOROUTE A86,48.756617,2.332975,Crépuscule ou aube,Hors agglomération,Hors intersection,Pluie légère,Autre collision,1,1,2,0,1,2,2,3,1,70,1,1,0,0,0,1,43.0,,voiture,,2,1,1,2,6
202000040259,2020-08-30 13:35:00,2020,8,30,13,35,94,94021,AUTOROUTE A6B,48.7602,2.33841,Plein jour,Hors agglomération,Hors intersection,Normale,Deux véhicules - côté,1,-1,3,0,1,1,2,0,1,110,2,3,1,0,0,2,46.0,21.0,voiture,voiture,1,1,1,1,3
202000040260,2020-08-29 23:37:00,2020,8,29,23,37,91,91235,RN 104,48.626288,2.352716,Nuit sans éclairage public,Hors agglomération,Hors intersection,Pluie légère,Autre collision,2,3,2,0,2,3,1,3,1,50,1,1,0,0,0,1,22.0,,utilitaire_camion,,3,1,1,2,6
202000040261,2020-08-30 11:20:00,2020,8,30,11,20,78,78646,RN12,48.78943,2.127406,Plein jour,Hors agglomération,Hors intersection,Pluie légère,Autre collision,2,1,1,0,2,3,2,3,1,30,1,2,0,0,0,2,21.0,,voiture,,1,1,1,2,6
202000040262,2020-08-30 10:30:00,2020,8,30,10,30,92,92050,A14,48.9012,2.2058,Plein jour,Hors agglomération,Hors intersection,Pluie légère,Autre collision,1,1,4,0,1,1,2,1,1,70,1,2,0,0,0,2,33.0,,voiture,,1,1,1,2,6
202000040263,2020-08-29 13:35:00,2020,8,29,13,35,92,92036,A86,48.9364215,2.2894558,Plein jour,Hors agglomération,Hors intersection,Pluie forte,Trois véhicules et plus - en chaîne,1,3,4,0,1,1,2,3,1,90,4,6,5,0,0,1,18.0,35.0,voiture,voiture,1,1,1,3,4
202000040264,2020-08-30 19:20:00,2020,8,30,19,20,93,93027,BDL,48.92586,2.40016,Plein jour,Hors agglomération,Hors intersection,Pluie légère,Autre collision,1,3,10,0,2,2,2,0,1,50,1,1,0,0,0,1,26.0,,voiture,,1,1,1,2,6
202000040265,2020-08-30 20:00:00,2020,8,30,20,0,93,93005,AUTOROUTE A1,48.96056,2.46798,Nuit sans éclairage public,Hors agglomération,Hors intersection,Pluie légère,Deux véhicules - arrière,1,3,-1,0,1,1,2,0,1,110,2,2,1,0,0,1,38.0,45.0,voiture,voiture,3,1,1,2,2
202000040266,2020-08-30 13:30:00,2020,8,30,13,30,95,95582, A9015036,48.96396,2.26841,Plein jour,Hors agglomération,Hors intersection,Normale,Autre collision,1,3,7,0,2,3,1,0,1,50,1,1,0,0,0,1,43.0,,voiture,,1,1,1,1,6
202000040267,2020-08-30 03:45:00,2020,8,30,3,45,95,95212,RN 104,49.03294,2.54267,Nuit sans éclairage public,Hors agglomération,Hors intersection,Normale,Autre collision,2,3,2,0,1,2,1,3,1,70,1,1,0,0,0,1,28.0,,utilitaire_camion,,3,1,1,1,6
202000040268,2020-08-30 01:30:00,2020,8,30,1,30,93,93066,AUTOROUTE A1,48.92626,2.35672,Nuit avec éclairage allumé,Hors agglomération,Hors intersection,Normale,Deux véhicules - côté,1,3,6,0,2,2,1,0,1,90,2,3,2,0,0,1,26.0,26.0,voiture,voiture,5,1,1,1,3
202000040269,2020-08-29 16:30:00,2020,8,29,16,30,93,93053,AUTOROUTE A103,48.8896938,2.4729458,Plein jour,Hors agglomération,Hors intersection,Pluie forte,Sans collision,1,3,11,0,2,1,2,0,2,90,1,2,0,0,0,2,33.0,,voiture,,1,1,1,3,7
202000040270,2020-08-30 12:30:00,2020,8,30,12,30,77,77373,RN104,48.771118,2.611932,Plein jour,Hors agglomération,Hors intersection,Normale,Autre collision,2,3,3,0,1,3,2,0,1,90,1,1,0,0,0,1,24.0,,voiture,,1,1,1,1,6
202000040271,2020-01-16 04:10:00,2020,1,16,4,10,60,60057,8 MAI 1945 (AVENUE DU),49.44128,2.09526,Nuit avec éclairage allumé,En agglomération,Intersection en X,Brouillard / fumée,Autre collision,4,-1,1,0,1,1,2,0,1,50,1,1,0,0,1,0,18.0,,deux_roues,,5,2,2,5,6
202000040272,2020-08-28 11:20:00,2020,8,28,11,20,973,97302,MONTABO (ROUTE DE) 1,4.930616,-52.290566,Plein jour,En agglomération,Hors intersection,Normale,Deux véhicules - côté,3,2,2,1,1,1,1,0,1,70,2,2,1,0,0,1,56.0,21.0,voiture,deux_roues,1,2,1,1,3
202000040273,2020-08-26 18:30:00,2020,8,26,18,30,69,69384,BIRMINGHAM (DE)                     (AV),45.7747,4.81315,Plein jour,En agglomération,Hors intersection,Normale,,4,-1,0,1,1,1,1,0,5,30,1,1,0,0,0,1,14.0,,deux_roues,,1,2,1,1,-1
202000040274,2020-08-28 17:50:00,2020,8,28,17,50,971,97101,CARAQUE,16.2504888,-61.4883451,Plein jour,Hors agglomération,Intersection en Y,Normale,Deux véhicules - frontale,4,2,2,0,2,2,1,0,1,50,2,4,3,0,0,1,20.0,63.0,voiture,voiture,1,1,4,1,1
202000040275,2020-08-29 16:18:00,2020,8,29,16,18,95,95539,RD 301,48.9932,2.3607,Plein jour,Hors agglomération,Hors intersection,Pluie légère,Trois véhicules et plus - collisions multiples,3,-1,0,0,1,1,2,0,1,70,3,7,5,0,1,1,43.0,32.0,voiture,voiture,1,1,1,2,5
202000040276,2020-08-29 22:50:00,2020,8,29,22,50,95,95428,RD 124 ,49.00074,2.32029,Nuit avec éclairage allumé,En agglomération,Hors intersection,Normale,Deux véhicules - côté,3,2,2,0,1,1,1,9,1,50,2,2,1,0,0,1,29.0,20.0,deux_roues,voiture,5,2,1,1,3
202000040277,2020-08-28 20:19:00,2020,8,28,20,19,91,91691,PAUL DOUMER(RUE),48.71794,2.51384,Plein jour,En agglomération,Intersection en X,Normale,Deux véhicules - côté,4,2,2,0,1,1,1,0,1,50,2,2,1,0,0,1,9.0,40.0,deux_roues,transport_commun,1,2,2,1,3
202000040278,2020-08-29 17:05:00,2020,8,29,17,5,91,91433,R.N. 20,48.43798,2.16367,Plein jour,Hors agglomération,Giratoire,Normale,Autre collision,3,3,4,0,1,1,1,5,1,50,1,2,1,0,0,1,57.0,,voiture,,1,1,6,1,6
202000040279,2020-08-21 08:50:00,2020,8,21,8,50,83,83123,GARE (ROUTE),43.121674,5.818893,Plein jour,En agglomération,Hors intersection,Normale,Autre collision,3,3,2,0,1,1,1,0,8,50,1,2,1,0,1,0,71.0,,voiture,,1,2,1,1,6
202000040280,2020-08-29 02:50:00,2020,8,29,2,50,78,78384,BOIS DE MEDAN (ROUTE DU),48.95516,1.98055,Nuit sans éclairage public,Hors agglomération,Hors intersection,Temps couvert,Sans collision,3,2,2,0,1,1,1,0,1,70,1,3,0,0,1,2,32.0,,voiture,,3,1,1,8,7
202000040281,2020-08-29 00:20:00,2020,8,29,0,20,77,77404,RUE VICTOR HUGO,48.5270273,3.2614035,Nuit avec éclairage allumé,En agglomération,Hors intersection,Normale,Deux véhicules - frontale,4,2,2,0,2,1,1,0,1,30,2,1,0,0,1,0,36.0,,deux_roues,,5,2,1,1,1
202000040282,2020-08-29 09:55:00,2020,8,29,9,55,74,74298,TANINGES (ROUTE DE ),46.18589,6.27532,Plein jour,En agglomération,Hors intersection,Normale,Deux véhicules - côté,3,2,2,0,1,1,2,0,1,50,2,2,1,0,0,1,60.0,59.0,autre,deux_roues,1,2,1,1,3
202000040283,2020-08-29 20:18:00,2020,8,29,20,18,69,69275,JEAN JAURES                         (AV),45.77062,4.95728,Crépuscule ou aube,En agglomération,Intersection en T,Normale,,4,2,4,2,1,1,1,0,1,50,1,2,1,0,1,0,19.0,,voiture,,2,2,3,1,-1
202000040284,2020-08-28 21:00:00,2020,8,28,21,0,65,65047,BOIS (RUE DU),43.24302,0.10253,Crépuscule ou aube,En agglomération,Hors intersection,Normale,Autre collision,4,2,2,0,1,1,1,0,1,50,1,2,1,0,0,1,38.0,,voiture,,2,2,1,1,6
202000040285,2020-08-29 01:45:00,2020,8,29,1,45,59,59350,ERFURT PONT,50.63993,3.07662,Nuit avec éclairage allumé,En agglomération,Intersection en T,Normale,Deux véhicules - arrière,4,2,2,0,1,1,1,2,1,50,2,2,1,1,0,0,51.0,23.0,deux_roues,voiture,5,2,3,1,2
202000040286,2020-08-29 15:10:00,2020,8,29,15,10,56,56260,BOUCICAUT (RUE ARISTIDE),47.67071,-2.7914,Plein jour,En agglomération,Hors intersection,Normale,Autre collision,4,-1,1,0,1,1,1,0,1,30,1,2,1,0,0,1,49.0,,voiture,,1,2,1,1,6
202000040287,2020-08-30 00:15:00,2020,8,30,0,15,44,44109,RUE DE L'HOTEL DE VILLE,47.21791,-1.55345,Nuit avec éclairage allumé,En agglomération,Intersection en T,Temps couvert,Deux véhicules - côté,4,2,0,0,1,1,1,0,1,30,2,2,1,0,0,1,47.0,31.0,transport_commun,deux_roues,5,2,3,8,3
202000040288,2020-08-29 18:35:00,2020,8,29,18,35,41,41295,RUE PIERRE GILLES DE GENNES,47.56993,1.37411,Plein jour,En agglomération,Hors intersection,Pluie légère,Deux véhicules - arrière,4,2,2,0,1,1,2,9,1,30,2,2,1,0,0,1,39.0,20.0,voiture,deux_roues,1,2,1,2,2
202000040289,2020-08-29 22:40:00,2020,8,29,22,40,35,35238,HERMINE (DE L'),48.11175,-1.68017,Nuit avec éclairage allumé,En agglomération,Intersection en X,Normale,Deux véhicules - côté,4,2,1,1,2,1,1,5,1,30,2,4,3,0,0,1,22.0,27.0,utilitaire_camion,deux_roues,5,2,2,1,3
202000040290,2020-08-29 20:00:00,2020,8,29,20,0,35,35238,MONNAIE ( DE LA),48.11132,-1.68448,Plein jour,En agglomération,Autre intersection,Normale,Deux véhicules - arrière,4,1,1,0,1,3,1,0,1,50,2,2,0,0,0,2,91.0,26.0,voiture,deux_roues,1,2,9,1,2
202000040291,2020-08-29 02:40:00,2020,8,29,2,40,35,35238,VERN (DE),48.0962376,-1.6522378,Nuit avec éclairage allumé,En agglomération,Intersection en T,Normale,Autre collision,4,1,1,-1,1,1,1,0,1,-1,1,1,0,0,0,1,40.0,,voiture,,5,2,3,1,6
202000040292,2020-08-29 01:27:00,2020,8,29,1,27,34,34172,FABRE DE MORLHON (BOULEVARD JACQUES),43.58898,3.88958,Nuit avec éclairage allumé,En agglomération,Hors intersection,Pluie légère,Autre collision,4,1,2,0,2,2,2,0,1,50,1,2,1,0,0,1,22.0,,voiture,,5,2,1,2,6
202000040293,2020-08-29 22:40:00,2020,8,29,22,40,33,33063,JARDIN PUBLIC (RUE DU),44.85936,-0.57118,Nuit avec éclairage allumé,En agglomération,Intersection en X,Normale,Deux véhicules - côté,4,2,1,0,1,1,1,0,1,50,2,1,0,0,0,1,32.0,,deux_roues,,5,2,2,1,3
202000040294,2020-08-29 22:10:00,2020,8,29,22,10,30,30189,FONTAINE (QUAI),43.83885,4.35266,Nuit avec éclairage allumé,En agglomération,Hors intersection,Normale,Deux véhicules - côté,9,1,1,0,1,1,1,0,1,50,2,2,0,0,1,1,23.0,28.0,deux_roues,voiture,5,2,1,1,3
202000040295,2020-08-29 19:15:00,2020,8,29,19,15,30,30189,JAURES JEAN (BOULEVARD),43.8352,4.3506,Plein jour,En agglomération,Hors intersection,Normale,Deux véhicules - arrière,4,1,2,0,1,1,1,0,1,50,2,2,1,0,0,1,26.0,22.0,voiture,voiture,1,2,1,1,2
202000040296,2020-08-29 10:00:00,2020,8,29,10,0,26,26198,20 rue Pierre Julien ,44.556252,4.750041,Plein jour,En agglomération,Hors intersection,Temps couvert,Autre collision,4,1,1,0,1,1,1,6,1,30,1,2,1,0,0,1,28.0,,utilitaire_camion,,1,2,1,8,6
202000040297,2020-08-29 13:00:00,2020,8,29,13,0,25,25056,RUE DE BELFORT,47.25975,6.04641,Plein jour,En agglomération,Hors intersection,Normale,Deux véhicules - arrière,3,-1,2,0,1,1,1,0,1,50,2,2,1,0,1,0,23.0,32.0,voiture,voiture,1,2,1,1,2
202000040298,2020-08-29 16:34:00,2020,8,29,16,34,17,17300,REPUBLIQUE   BOULEVARD DE LA,46.13997,-1.14504,Plein jour,En agglomération,Giratoire,Normale,Deux véhicules - côté,4,3,4,1,1,1,1,9,5,50,2,2,1,0,0,1,27.0,67.0,deux_roues,voiture,1,2,6,1,3
202000040299,2020-08-29 08:25:00,2020,8,29,8,25,17,17291,N11,46.17254,-1.11902,Plein jour,Hors agglomération,Hors intersection,Normale,Deux véhicules - arrière,2,3,4,0,1,1,2,0,1,70,2,5,3,0,0,2,22.0,74.0,voiture,voiture,1,1,1,1,2
202000040300,2020-08-28 16:40:00,2020,8,28,16,40,15,15014,BRIAND (AVENUE ARISTIDE),44.924304,2.471647,Plein jour,Hors agglomération,Hors intersection,Pluie légère,Autre collision,3,2,2,0,1,2,2,0,3,70,1,1,0,0,0,1,19.0,,voiture,,1,1,1,2,6
202000040301,2020-08-15 21:50:00,2020,8,15,21,50,13,13043,LOUBATIER (CHE DU ),43.3956,5.2444,Nuit avec éclairage allumé,En agglomération,Hors intersection,Normale,Sans collision,4,2,2,0,2,2,1,0,1,30,1,1,0,0,1,0,53.0,,deux_roues,,5,2,1,1,7
202000040302,2020-08-29 23:00:00,2020,8,29,23,0,13,13204,CHARTREUX (AVENUE DES),43.31128,5.40106,Nuit avec éclairage allumé,En agglomération,Hors intersection,Normale,Deux véhicules - côté,4,2,3,0,1,1,1,0,1,50,2,1,0,0,0,1,51.0,,deux_roues,,5,2,1,1,3
202000040303,2020-08-29 12:30:00,2020,8,29,12,30,13,13204,LIBERATION (BOULEVARD),43.301589,5.39294,Plein jour,En agglomération,Hors intersection,Pluie légère,Autre collision,4,2,2,0,1,1,2,0,1,50,1,2,1,0,1,0,27.0,,deux_roues,,1,2,1,2,6
202000040304,2020-08-29 06:10:00,2020,8,29,6,10,13,13212,POILUS (AVENUE DES),43.315443,5.461651,Nuit avec éclairage allumé,En agglomération,Hors intersection,Temps couvert,Autre collision,3,2,3,3,1,1,1,0,1,50,1,1,0,0,1,0,28.0,,deux_roues,,5,2,1,8,6
202000040305,2020-08-29 00:25:00,2020,8,29,0,25,13,13204,SAINT JUST (AVENUE DE),43.3126,5.4016,Nuit avec éclairage allumé,En agglomération,Hors intersection,Temps couvert,,4,2,2,0,1,1,1,0,1,50,2,2,0,0,2,0,22.0,,deux_roues,,5,2,1,8,-1
202000040306,2020-08-28 11:40:00,2020,8,28,11,40,13,13005,LONGUELANCE (CHEMIN DE ),43.31782,5.57976,Plein jour,Hors agglomération,Intersection en T,Normale,Deux véhicules - côté,4,2,2,0,2,1,1,0,1,50,2,3,1,0,1,1,81.0,37.0,voiture,deux_roues,1,1,3,1,3
202000040307,2020-08-29 19:55:00,2020,8,29,19,55,06,06088,MARNE (AV. DE LA),43.72604,7.26977,Crépuscule ou aube,En agglomération,Hors intersection,Pluie légère,Trois véhicules et plus - collisions multiples,4,2,2,0,2,1,2,0,1,50,3,3,2,0,1,0,21.0,55.0,deux_roues,transport_commun,2,2,1,2,5
202000040308,2020-08-29 21:55:00,2020,8,29,21,55,06,06069,DRAGUIGNAN (ROUTE DE) - D2562-,43.642966,6.908417,Nuit avec éclairage allumé,Hors agglomération,Hors intersection,Pluie légère,Deux véhicules - côté,3,2,2,0,2,2,2,0,1,50,2,2,1,0,0,1,56.0,54.0,voiture,voiture,5,1,1,2,3
202000040309,2020-08-29 14:55:00,2020,8,29,14,55,06,06123,ISCLES CHEMIN DES,43.7008,7.18482,Plein jour,En agglomération,Hors intersection,Pluie forte,Deux véhicules - côté,7,2,2,0,1,1,2,0,1,50,2,2,1,0,0,1,63.0,64.0,voiture,deux_roues,1,2,1,3,3
202000040310,2020-08-28 16:55:00,2020,8,28,16,55,01,01344,BRESSE (AVENUE DE),46.20437,5.19812,Plein jour,En agglomération,Giratoire,Pluie légère,Deux véhicules - côté,3,2,2,0,1,1,2,0,1,50,2,3,1,0,0,2,20.0,41.0,voiture,utilitaire_camion,1,2,6,2,3
202000040311,2020-08-29 00:15:00,2020,8,29,0,15,75,75115,BOULEVARD DE GRENELLE,48.849804,2.296029,Nuit avec éclairage allumé,En agglomération,Intersection en T,Normale,Autre collision,4,1,1,1,1,1,1,-1,5,50,1,1,0,0,0,1,30.0,,deux_roues,,5,2,3,1,6
202000040312,2020-08-27 14:30:00,2020,8,27,14,30,75,75115,RUE LINOIS,48.848041,2.283605,Plein jour,En agglomération,Hors intersection,Normale,Deux véhicules - côté,4,2,4,1,1,1,1,-1,5,50,2,2,1,0,0,1,80.0,33.0,voiture,deux_roues,1,2,1,1,3