accident_id,datetime,annee,mois,jour,heure,minute,departement,commune_insee,adresse,latitude,longitude,luminosite,agglomeration,intersection,meteo,collision,catr,circ,nbv,vosp,prof,plan,surf,infra,situ,vma,nb_vehicules,nb_usagers,nb_indemnes,nb_tues,nb_blesses_hosp,nb_blesses_legers,age_cond_1,age_cond_2,veh_type_cond_1,veh_type_cond_2,lum_code,agg_code,int_code,atm_code,col_code
202000040313,2020-08-29 21:40:00,2020,8,29,21,40,75,75113,RUE DE TOLBIAC,48.825758,2.349235,Nuit avec éclairage allumé,En agglomération,Hors intersection,Autre,Autre collision,4,2,3,0,1,1,2,0,1,50,1,2,1,0,0,1,47.0,,voiture,,5,2,1,9,6
202000040314,2020-08-29 19:08:00,2020,8,29,19,8,75,75113,BOULEVARD DE L HOPITAL,48.839986,2.361769,Plein jour,En agglomération,Intersection en Y,Normale,Deux véhicules - côté,4,2,4,0,1,1,1,0,1,50,2,2,1,0,0,1,27.0,40.0,voiture,deux_roues,1,2,4,1,3
202000040315,2020-08-29 14:20:00,2020,8,29,14,20,75,75110,RUE DU FAUBOURG SAINT MARTIN,48.883102,2.367644,Plein jour,En agglomération,Hors intersection,Pluie forte,Deux véhicules - arrière,4,2,3,0,1,1,2,0,1,50,2,1,0,0,0,1,39.0,,deux_roues,,1,2,1,3,2
202000040316,2020-08-29 17:30:00,2020,8,29,17,30,75,75107,RUE SAINT DOMINIQUE,48.859804,2.318154,Plein jour,En agglomération,Intersection en X,Pluie légère,Deux véhicules - côté,4,1,1,0,1,1,2,0,1,50,2,3,1,0,0,2,45.0,55.0,deux_roues,voiture,1,2,2,2,3
202000040317,2020-08-29 10:30:00,2020,8,29,10,30,75,75102,PLACE DE L OPERA,48.870626,2.332078,Plein jour,En agglomération,Place,Normale,Deux véhicules - côté,4,1,2,3,1,1,1,0,1,50,2,2,1,0,0,1,31.0,46.0,voiture,deux_roues,1,2,7,1,3
202000040318,2020-08-29 05:05:00,2020,8,29,5,5,75,75101,QUAI FRANCOIS MITTERRAND,48.860768,2.330401,Nuit avec éclairage allumé,En agglomération,Intersection en T,Pluie légère,Deux véhicules - côté,4,1,3,3,1,1,2,0,1,50,2,3,0,0,1,2,40.0,27.0,voiture,voiture,5,2,3,2,3
202000040319,2020-08-29 07:10:00,2020,8,29,7,10,75,75101,QUAI FRANCOIS MITTERRAND,48.860111,2.333332,Plein jour,En agglomération,Intersection en T,Normale,Deux véhicules - frontale,4,1,3,3,1,1,1,-1,5,50,2,2,1,0,0,1,46.0,26.0,deux_roues,deux_roues,1,2,3,1,1
202000040320,2020-08-29 04:15:00,2020,8,29,4,15,94,94028,POMPADOUR(ROUTE DE LA),48.77716,2.44206,Nuit sans éclairage public,Hors agglomération,Hors intersection,Normale,Trois véhicules et plus - en chaîne,3,1,0,0,1,2,1,3,1,50,3,2,0,0,0,2,81.0,44.0,voiture,voiture,3,1,1,1,4
202000040321,2020-08-28 18:50:00,2020,8,28,18,50,94,94002,EMILE ZOLA (R),48.79826,2.42062,Plein jour,En agglomération,Intersection en X,Normale,Autre collision,3,2,2,0,1,1,2,5,8,50,1,2,1,0,1,0,30.0,,voiture,,1,2,2,1,6
202000040322,2020-08-29 17:45:00,2020,8,29,17,45,93,93059,ETIENNE DOLET (RUE),48.9664,2.3661,Plein jour,En agglomération,Intersection en X,Pluie légère,Autre collision,3,1,1,0,1,1,2,0,1,50,1,2,1,0,0,1,69.0,,voiture,,1,2,2,2,6
202000040323,2020-08-29 15:05:00,2020,8,29,15,5,93,93066,GENIN,48.9308204,2.35299,Plein jour,En agglomération,Intersection en Y,Pluie forte,Deux véhicules - côté,4,1,2,1,1,3,2,0,1,50,2,2,1,0,0,1,16.0,21.0,autre,utilitaire_camion,1,2,4,3,3
202000040324,2020-08-29 19:25:00,2020,8,29,19,25,93,93077,GRANDE RUE,48.8843845,2.5081814,Plein jour,En agglomération,Hors intersection,Pluie légère,Trois véhicules et plus - en chaîne,3,1,1,0,1,1,2,0,1,50,3,3,2,0,0,1,24.0,52.0,voiture,utilitaire_camion,1,2,1,2,4
202000040325,2020-08-29 10:30:00,2020,8,29,10,30,93,93057,BRIAND (AV. ARISTIDE) 214A 236,48.9103495,2.5110643,Plein jour,En agglomération,Hors intersection,Normale,Autre collision,3,-1,2,0,1,1,1,0,1,50,1,2,0,0,2,0,41.0,,deux_roues,,1,2,1,1,6
202000040326,2020-07-29 18:00:00,2020,7,29,18,0,87,87157,Saint-Laurent-les-Églises,45.970601,1.482682,Plein jour,Hors agglomération,Intersection en T,Normale,Deux véhicules - côté,3,2,2,0,1,2,1,0,1,80,2,3,1,0,0,2,26.0,27.0,utilitaire_camion,voiture,1,1,3,1,3
202000040327,2020-08-28 19:00:00,2020,8,28,19,0,68,68005,D11.8,48.108119,7.236203,Plein jour,Hors agglomération,Hors intersection,Normale,Autre collision,3,2,2,0,2,1,2,0,3,80,1,1,0,0,0,1,33.0,,deux_roues,,1,1,1,1,6
202000040328,2020-08-28 09:35:00,2020,8,28,9,35,68,68277,5 Route de Colmar,48.164231,7.305798,Plein jour,En agglomération,Hors intersection,Normale,Autre collision,3,2,2,0,1,1,2,0,1,50,1,2,1,0,1,0,73.0,,voiture,,1,2,1,1,6
202000040329,2020-08-29 15:35:00,2020,8,29,15,35,28,28286,Rue des Tilleuls,48.38738,1.296633,Plein jour,En agglomération,Intersection en X,Normale,Deux véhicules - côté,4,2,2,0,1,1,1,0,1,50,2,2,1,0,1,0,79.0,14.0,voiture,deux_roues,1,2,2,1,3
202000040330,2020-08-30 14:30:00,2020,8,30,14,30,974,97412,Rue Jules Hoareau,-21.350632,55.612471,Plein jour,En agglomération,Hors intersection,Normale,Deux véhicules - côté,3,2,2,0,2,1,1,0,3,70,2,2,0,2,0,0,65.0,56.0,deux_roues,deux_roues,1,2,1,1,3
202000040331,2020-08-29 03:20:00,2020,8,29,3,20,972,97234,Rue du Bateau,14.668403,-61.155519,Nuit sans éclairage public,Hors agglomération,Hors intersection,Normale,Deux véhicules - frontale,2,2,3,0,4,2,1,0,1,50,2,3,1,0,0,2,29.0,37.0,voiture,voiture,3,1,1,1,1
202000040332,2020-08-29 14:40:00,2020,8,29,14,40,62,62645,275 Rue Marcel Dalle,50.982735,2.056632,Plein jour,En agglomération,Hors intersection,Vent fort / tempête,Autre collision,4,2,2,0,1,3,1,0,3,50,1,2,0,0,2,0,19.0,,deux_roues,,1,2,1,6,6
202000040333,2020-08-29 17:10:00,2020,8,29,17,10,46,46103,D19,44.310476,1.432847,Plein jour,Hors agglomération,Intersection en X,Normale,,3,2,2,0,1,1,1,0,1,80,2,5,4,0,1,0,43.0,16.0,voiture,deux_roues,1,1,2,1,-1
202000040334,2020-08-28 12:15:00,2020,8,28,12,15,69,69283,983 Rue des Albatros,45.679721,4.957747,Plein jour,Hors agglomération,Autre intersection,Pluie légère,Deux véhicules - frontale,6,-1,-1,0,1,3,3,0,1,50,2,3,2,0,0,1,58.0,25.0,voiture,voiture,1,1,9,2,1
202000040335,2020-08-30 12:55:00,2020,8,30,12,55,44,44033,La Chapelle-Launay,47.389452,-1.987131,Plein jour,Hors agglomération,Hors intersection,Normale,Autre collision,2,3,4,0,1,1,1,0,3,110,1,3,0,1,0,2,19.0,,voiture,,1,1,1,1,6
202000040336,2020-08-30 07:10:00,2020,8,30,7,10,44,44089,N165 - PK 29.300,47.349931,-1.875132,Crépuscule ou aube,Hors agglomération,Hors intersection,Normale,Autre collision,2,3,4,0,1,2,1,0,8,90,1,1,0,0,0,1,41.0,,voiture,,2,1,1,1,6
202000040337,2020-08-28 23:47:00,2020,8,28,23,47,62,62376,D182,50.562339,2.603363,Nuit avec éclairage allumé,Hors agglomération,Intersection en X,Normale,Deux véhicules - côté,3,2,2,0,1,1,1,5,1,80,2,5,0,0,0,5,27.0,48.0,voiture,voiture,5,1,2,1,3
202000040338,2020-08-30 10:25:00,2020,8,30,10,25,57,57540,Rue du General Rottenbourg,48.763227,7.260429,Plein jour,En agglomération,Hors intersection,Pluie légère,Deux véhicules - arrière,3,2,2,0,1,1,2,0,1,50,2,3,2,0,0,1,56.0,72.0,deux_roues,voiture,1,2,1,2,2
202000040339,2020-08-30 15:45:00,2020,8,30,15,45,74,74173,1775 Route du Leutaz,45.830043,6.596591,Plein jour,Hors agglomération,Hors intersection,Pluie légère,Autre collision,6,-1,-1,0,1,1,2,9,8,-1,1,3,0,1,2,0,87.0,,voiture,,1,1,1,2,6
202000040340,2020-08-30 17:45:00,2020,8,30,17,45,79,79157,,47.010335,-0.19696,Plein jour,Hors agglomération,Hors intersection,Pluie légère,Trois véhicules et plus - en chaîne,3,2,2,0,1,1,2,0,1,90,3,5,1,0,1,3,50.0,32.0,utilitaire_camion,utilitaire_camion,1,1,1,2,4
202000040341,2020-08-29 16:25:00,2020,8,29,16,25,19,19030,A89,45.169066,1.32455,Plein jour,Hors agglomération,Hors intersection,Pluie forte,Autre collision,1,3,4,3,2,1,2,0,6,130,1,1,0,0,0,1,22.0,,voiture,,1,1,1,3,6
202000040342,2020-08-30 01:40:00,2020,8,30,1,40,89,89237,D100,47.6137819,3.6757958,Nuit sans éclairage public,Hors agglomération,Hors intersection,Normale,Autre collision,3,2,2,0,1,1,1,0,1,80,1,3,2,0,1,0,68.0,,voiture,,3,1,1,1,6
202000040343,2020-08-30 11:00:00,2020,8,30,11,0,63,63465,D205,45.42402,3.890147,Plein jour,Hors agglomération,Intersection en T,Normale,Deux véhicules - côté,3,2,2,0,1,1,1,0,1,70,2,3,1,0,1,1,63.0,36.0,voiture,voiture,1,1,3,1,3
202000040344,2020-08-27 09:00:00,2020,8,27,9,0,42,42248,Rue d'Urfé,45.9144,3.846175,Plein jour,En agglomération,Place,Temps éblouissant,Autre collision,3,2,2,0,1,1,1,0,1,50,1,2,1,0,1,0,83.0,,voiture,,1,2,7,7,6
202000040345,2020-08-29 08:05:00,2020,8,29,8,5,86,86180,Route de Poitiers,46.522633,0.409128,Plein jour,Hors agglomération,Hors intersection,Normale,Sans collision,3,2,2,0,2,1,1,0,3,80,1,1,0,0,1,0,20.0,,voiture,,1,1,1,1,7
202000040346,2020-07-31 14:30:00,2020,7,31,14,30,34,34335,Avenue Jean Jaurès,43.617633,3.117404,Plein jour,En agglomération,Hors intersection,Normale,Sans collision,3,2,2,0,1,2,1,0,4,50,1,1,0,0,1,0,61.0,,utilitaire_camion,,1,2,1,1,7
202000040347,2020-08-29 03:20:00,2020,8,29,3,20,22,22229,Les Isles,48.268366,-3.276023,Nuit sans éclairage public,Hors agglomération,Hors intersection,Pluie légère,Sans collision,3,2,2,0,1,1,2,0,3,80,1,4,2,0,2,0,20.0,,voiture,,3,1,1,2,7
202000040348,2020-08-28 15:45:00,2020,8,28,15,45,44,44090,D117,46.998121,-1.741285,Plein jour,Hors agglomération,Hors intersection,Normale,Deux véhicules - frontale,3,2,2,3,1,1,1,0,1,80,2,6,1,0,1,4,37.0,67.0,voiture,voiture,1,1,1,1,1
202000040349,2020-08-29 23:50:00,2020,8,29,23,50,29,29145,D765 - Menez Nevez,48.050862,-4.444098,Nuit sans éclairage public,Hors agglomération,Hors intersection,Normale,Sans collision,3,2,2,0,2,1,1,0,1,80,1,1,0,0,1,0,34.0,,voiture,,3,1,1,1,7
202000040350,2020-08-30 03:00:00,2020,8,30,3,0,38,38249,Rue General de Gaulle,45.226619,5.802764,Nuit avec éclairage allumé,En agglomération,Hors intersection,Pluie légère,Autre collision,3,2,2,0,1,2,2,0,4,50,1,1,0,0,0,1,22.0,,voiture,,5,2,1,2,6
202000040351,2020-08-30 02:50:00,2020,8,30,2,50,03,03312,,46.4905369,2.8978531,Nuit sans éclairage public,Hors agglomération,Hors intersection,Normale,Autre collision,3,-1,2,0,1,2,1,0,3,80,1,1,0,0,1,0,24.0,,voiture,,3,1,1,1,6
202000040352,2020-08-30 06:15:00,2020,8,30,6,15,72,72183,La Parrerie,47.702975,0.529039,Crépuscule ou aube,Hors agglomération,Hors intersection,Normale,Sans collision,3,2,2,0,1,1,1,0,1,-1,1,2,0,1,0,1,26.0,,voiture,,2,1,1,1,7
202000040353,2020-08-29 21:15:00,2020,8,29,21,15,60,60178,Rue de la Rochefoucauld,49.604187,2.078174,Nuit avec éclairage allumé,En agglomération,Hors intersection,Normale,Deux véhicules - frontale,3,2,2,0,1,1,1,0,1,50,2,2,0,0,1,1,66.0,48.0,voiture,deux_roues,5,2,1,1,1
202000040354,2020-08-29 17:30:00,2020,8,29,17,30,60,60319,lieu dit le chêne poulleux,49.364957,1.942563,Plein jour,Hors agglomération,Hors intersection,Pluie légère,Sans collision,5,-1,1,0,2,1,6,0,8,50,1,1,0,0,1,0,40.0,,deux_roues,,1,1,1,2,7
202000040355,2020-08-24 14:15:00,2020,8,24,14,15,64,64013,D422,43.2185,-1.178455,Plein jour,Hors agglomération,Hors intersection,Normale,Sans collision,3,2,2,0,2,4,1,0,3,80,1,1,0,0,0,1,44.0,,deux_roues,,1,1,1,1,7
202000040356,2020-08-30 08:20:00,2020,8,30,8,20,64,64452,2 Chemin de la Carrere,43.311651,-0.056569,Nuit sans éclairage public,En agglomération,Hors intersection,Temps couvert,Sans collision,4,2,2,0,1,1,2,0,1,50,1,1,0,0,1,0,19.0,,deux_roues,,3,2,1,8,7
202000040357,2020-08-29 18:30:00,2020,8,29,18,30,10,10323,Avenue Diderot,48.516334,3.714902,Plein jour,En agglomération,Intersection en X,Normale,Deux véhicules - côté,4,2,2,0,1,1,1,0,1,50,2,6,5,0,1,0,18.0,40.0,voiture,voiture,1,2,2,1,3
202000040358,2020-08-30 02:10:00,2020,8,30,2,10,10,10317,RD 17,47.976263,4.387161,Nuit sans éclairage public,Hors agglomération,Hors intersection,Normale,Sans collision,3,2,2,0,2,3,1,0,8,80,1,2,0,0,2,0,24.0,,voiture,,3,1,1,1,7
202000040359,2020-08-30 10:35:00,2020,8,30,10,35,07,07038,D19,44.636078,4.09157,Plein jour,Hors agglomération,Hors intersection,Temps couvert,Sans collision,3,2,2,0,2,1,9,0,1,80,1,1,0,0,1,0,36.0,,deux_roues,,1,1,1,8,7
202000040360,2020-08-30 04:30:00,2020,8,30,4,30,85,85280,Route du Molin,46.869959,-1.93333,Nuit sans éclairage public,Hors agglomération,Hors intersection,Normale,Autre collision,4,2,2,0,1,3,1,0,3,80,1,3,0,2,1,0,23.0,,voiture,,3,1,1,1,6
202000040361,2020-08-28 13:24:00,2020,8,28,13,24,28,28401,29 Rue Emile Richard,48.459754,0.991377,Plein jour,En agglomération,Intersection en T,Normale,Autre collision,3,2,2,0,1,3,1,0,3,50,1,3,2,0,1,0,19.0,,voiture,,1,2,3,1,6
202000040362,2020-08-28 04:35:00,2020,8,28,4,35,17,17340,D911,46.084275,-0.775051,Nuit sans éclairage public,Hors agglomération,Hors intersection,Normale,Autre collision,3,2,2,0,1,1,1,0,3,80,1,1,0,0,0,1,54.0,,voiture,,3,1,1,1,6
202000040363,2020-08-29 11:10:00,2020,8,29,11,10,30,30053,d8,43.976927,4.207742,Plein jour,En agglomération,Hors intersection,Normale,Deux véhicules - arrière,3,2,2,0,1,1,1,0,1,50,2,2,1,0,1,0,48.0,80.0,voiture,voiture,1,2,1,1,2
202000040364,2020-08-30 11:29:00,2020,8,30,11,29,48,48146,D986,44.360679,3.405858,Plein jour,Hors agglomération,Hors intersection,Normale,Sans collision,3,2,2,0,2,2,1,0,1,80,1,1,0,0,0,1,70.0,,deux_roues,,1,1,1,1,7
202000040365,2020-08-29 13:20:00,2020,8,29,13,20,67,67506,A35,48.673968,7.7423829,Plein jour,Hors agglomération,Hors intersection,Normale,Autre collision,1,3,2,0,1,2,1,0,3,90,1,2,0,1,1,0,53.0,,utilitaire_camion,,1,1,1,1,6
202000040366,2020-08-28 14:00:00,2020,8,28,14,0,01,01024,A40,46.261427,5.168794,Plein jour,Hors agglomération,Hors intersection,Pluie forte,Deux véhicules - côté,1,3,2,0,1,1,3,0,1,130,2,2,1,0,0,1,28.0,46.0,voiture,voiture,1,1,1,3,3
202000040367,2020-08-30 05:15:00,2020,8,30,5,15,95,95580,RD 317,49.084994,2.5299186,Nuit sans éclairage public,Hors agglomération,Hors intersection,Normale,Deux véhicules - frontale,3,-1,3,0,1,1,2,0,1,80,2,2,0,0,1,1,55.0,30.0,voiture,utilitaire_camion,3,1,1,1,1
202000040368,2020-08-17 15:20:00,2020,8,17,15,20,13,13103,A54,43.627452,5.106223,Plein jour,Hors agglomération,Hors intersection,Normale,Deux véhicules - arrière,1,3,4,0,1,1,1,0,1,130,2,3,2,0,0,1,33.0,30.0,voiture,voiture,1,1,1,1,2
202000040369,2020-08-30 01:00:00,2020,8,30,1,0,988,98823,RT3 Tribu de Monéo,-21.17101,165.51393,Nuit sans éclairage public,Hors agglomération,Hors intersection,Normale,Sans collision,2,2,2,0,4,1,1,0,3,110,1,5,0,1,4,0,26.0,,voiture,,3,1,1,1,7
202000040370,2020-08-29 21:00:00,2020,8,29,21,0,973,97306,Route Nationale N 1 PK 241,5.462896,-53.892027,Nuit sans éclairage public,Hors agglomération,Hors intersection,Pluie légère,Sans collision,2,2,2,0,2,1,2,0,8,80,1,3,0,1,0,2,36.0,,voiture,,3,1,1,2,7
202000040371,2020-08-30 18:05:00,2020,8,30,18,5,77,77476,D401,49.041272,2.955666,Plein jour,Hors agglomération,Hors intersection,Temps couvert,Deux véhicules - frontale,3,2,2,0,2,3,1,0,1,90,2,2,0,0,2,0,28.0,27.0,deux_roues,deux_roues,1,1,1,8,1
202000040372,2020-08-30 09:50:00,2020,8,30,9,50,34,34209,D37,43.289233,3.36261,Plein jour,Hors agglomération,Intersection en T,Normale,Sans collision,3,2,2,0,1,1,1,5,1,80,1,2,1,0,1,0,70.0,,voiture,,1,1,3,1,7
202000040373,2020-08-29 17:15:00,2020,8,29,17,15,13,13015,AVENUE PIERRE BROSSOLETTE,43.457132,5.412912,Plein jour,En agglomération,Hors intersection,Pluie légère,Deux véhicules - côté,9,2,2,0,2,3,2,0,1,50,2,2,0,0,0,2,33.0,56.0,voiture,utilitaire_camion,1,2,1,2,3
202000040374,2020-08-29 23:35:00,2020,8,29,23,35,13,13109,664 Avenue Paul Julien,43.510645,5.488076,Nuit avec éclairage allumé,En agglomération,Hors intersection,Normale,Autre collision,3,2,2,1,1,1,1,0,3,50,1,3,0,0,1,2,21.0,,voiture,,5,2,1,1,6
202000040375,2020-08-29 20:55:00,2020,8,29,20,55,71,71583,D906,46.2611348,4.792506,Nuit sans éclairage public,Hors agglomération,Hors intersection,Normale,Deux véhicules - frontale,3,2,2,0,1,1,1,8,1,50,2,2,1,0,1,0,48.0,46.0,voiture,deux_roues,3,1,1,1,1
202000040376,2020-08-29 14:20:00,2020,8,29,14,20,88,88273,D66,48.234643,6.509335,Plein jour,Hors agglomération,Hors intersection,Normale,Autre collision,3,2,2,0,1,4,1,0,3,80,1,1,0,0,1,0,82.0,,voiture,,1,1,1,1,6
202000040377,2020-08-29 14:10:00,2020,8,29,14,10,57,57663,289 Rue de Metz,49.227148,6.166989,Plein jour,En agglomération,Hors intersection,Normale,Deux véhicules - côté,3,2,2,0,1,1,1,0,1,50,2,3,2,0,0,1,24.0,34.0,voiture,voiture,1,2,1,1,3
202000040378,2020-08-29 23:40:00,2020,8,29,23,40,81,81140,7 Rue d'Escaluffe,43.68895,1.813758,Nuit avec éclairage allumé,En agglomération,Hors intersection,Normale,Sans collision,4,2,2,0,1,1,1,0,4,50,1,1,0,0,1,0,17.0,,deux_roues,,5,2,1,1,7
202000040379,2020-08-29 17:00:00,2020,8,29,17,0,17,17336,Rue des Grands Maurices,45.769274,-0.718135,Plein jour,En agglomération,Intersection en X,Normale,Deux véhicules - côté,4,2,2,0,1,1,1,0,1,50,2,3,2,0,1,0,47.0,47.0,deux_roues,voiture,1,2,2,1,3
202000040380,2020-08-29 10:25:00,2020,8,29,10,25,17,17240,Avenue de la République,45.28213,-0.396994,Plein jour,En agglomération,Intersection en X,Normale,Deux véhicules - côté,3,2,2,0,1,1,1,0,1,50,2,4,0,0,1,3,62.0,67.0,voiture,voiture,1,2,2,1,3
202000040381,2020-08-29 16:30:00,2020,8,29,16,30,85,85151,13 Rue Dauphine,46.991993,-0.954114,Plein jour,En agglomération,Place,Normale,Autre collision,4,2,2,0,1,2,1,0,8,50,1,1,0,0,0,1,16.0,,deux_roues,,1,2,7,1,6
202000040382,2020-08-28 12:35:00,2020,8,28,12,35,29,29058,D45 - Route de Beg-meil,47.882888,-4.005327,Plein jour,Hors agglomération,Hors intersection,Normale,Deux véhicules - côté,3,2,2,1,1,1,1,0,5,70,2,2,1,0,1,0,66.0,36.0,deux_roues,voiture,1,1,1,1,3
202000040383,2020-08-17 18:40:00,2020,8,17,18,40,80,80025,Route de Vron,50.341381,1.834902,Plein jour,En agglomération,Hors intersection,Normale,Sans collision,3,2,2,0,2,3,9,9,4,50,1,1,0,0,1,0,41.0,,deux_roues,,1,2,1,1,7
202000040384,2020-08-28 10:20:00,2020,8,28,10,20,62,62505,autoroute A 16,50.847139,1.719146,Plein jour,Hors agglomération,Hors intersection,Pluie forte,Autre collision,1,3,4,0,2,1,2,0,1,130,1,1,0,0,1,0,25.0,,voiture,,1,1,1,3,6
202000040385,2020-08-28 19:30:00,2020,8,28,19,30,13,13203,A7-Sens Lyon vers Marseille,43.3238,5.3782,Plein jour,Hors agglomération,Hors intersection,Normale,Deux véhicules - côté,1,1,4,0,2,1,1,0,1,90,2,2,1,0,0,1,26.0,22.0,deux_roues,voiture,1,1,1,1,3
202000040386,2020-08-29 03:45:00,2020,8,29,3,45,13,13071,A55 - Sens Marseille vers Martigues,43.39759,5.298339,Nuit sans éclairage public,Hors agglomération,Hors intersection,Normale,,1,-1,2,0,2,2,2,0,1,90,2,2,0,0,1,1,39.0,25.0,voiture,voiture,3,1,1,1,-1
202000040387,2020-08-29 15:17:00,2020,8,29,15,17,91,91689,AUTOROUTE A6,48.72886,2.3144,Plein jour,Hors agglomération,Hors intersection,Pluie légère,Trois véhicules et plus - en chaîne,1,3,6,0,1,1,2,0,1,110,4,7,2,0,0,5,21.0,77.0,voiture,voiture,1,1,1,2,4
202000040388,2020-08-29 00:50:00,2020,8,29,0,50,91,91689,AUTOROUTE A6,48.7268816,2.3135977,Nuit sans éclairage public,Hors agglomération,Hors intersection,Normale,Deux véhicules - arrière,1,3,6,0,1,1,1,0,1,110,2,3,2,0,0,1,32.0,38.0,voiture,voiture,3,1,1,1,2
202000040389,2020-08-29 11:00:00,2020,8,29,11,0,92,92062,RN1014 W,48.887565,2.251437,Plein jour,Hors agglomération,Hors intersection,Normale,Sans collision,2,1,2,0,1,1,1,1,1,70,1,2,1,0,0,1,42.0,,deux_roues,,1,1,1,1,7
202000040390,2020-08-29 04:50:00,2020,8,29,4,50,78,78321,RN12 EXT,48.799001,1.919703,Nuit sans éclairage public,Hors agglomération,Hors intersection,Normale,Deux véhicules - arrière,2,1,3,0,3,1,1,0,1,90,2,2,1,0,0,1,41.0,43.0,utilitaire_camion,utilitaire_camion,3,1,1,1,2
202000040391,2020-08-28 15:10:00,2020,8,28,15,10,78,78640,A86 EXT,48.777562,2.219701,Plein jour,Hors agglomération,Hors intersection,Normale,Trois véhicules et plus - collisions multiples,1,-1,3,0,1,1,1,0,1,90,3,6,2,0,0,4,59.0,51.0,voiture,voiture,1,1,1,1,5
202000040392,2020-08-29 18:25:00,2020,8,29,18,25,95,95572, A15,49.03467,2.10025,Plein jour,Hors agglomération,Hors intersection,Temps couvert,,1,3,8,0,1,1,1,0,1,90,2,2,1,0,0,1,36.0,25.0,utilitaire_camion,voiture,1,1,1,8,-1
202000040393,2020-08-29 14:45:00,2020,8,29,14,45,95,95424, A15,48.9898361,2.1985679,Plein jour,Hors agglomération,Hors intersection,Pluie forte,Sans collision,1,3,9,0,1,1,2,0,1,50,1,1,0,0,0,1,60.0,,voiture,,1,1,1,3,7
202000040394,2020-08-29 08:00:00,2020,8,29,8,0,93,93027,AUTOROUTE A1,48.93397,2.38339,Plein jour,Hors agglomération,Hors intersection,Normale,Deux véhicules - arrière,1,3,6,0,1,1,1,0,1,90,2,2,1,0,0,1,28.0,51.0,voiture,voiture,1,1,1,1,2
202000040395,2020-09-06 02:00:00,2020,9,6,2,0,94,94018,A4,48.8174,2.4218,Nuit sans éclairage public,Hors agglomération,Hors intersection,Normale,Deux véhicules - côté,1,-1,4,0,1,1,1,0,1,90,2,2,0,0,0,2,30.0,34.0,voiture,voiture,3,1,1,1,3
202000040396,2020-08-29 20:10:00,2020,8,29,20,10,94,94018,A4,48.8232003,2.3958043,Crépuscule ou aube,Hors agglomération,Hors intersection,Pluie légère,Deux véhicules - arrière,1,3,10,0,1,1,2,0,1,90,2,2,1,0,0,1,57.0,22.0,voiture,deux_roues,2,1,1,2,2
202000040397,2020-08-29 08:00:00,2020,8,29,8,0,94,94028,RN406.Y,48.7766802,2.4422998,Plein jour,Hors agglomération,Hors intersection,Normale,Sans collision,2,3,3,0,1,1,1,0,1,90,1,1,0,0,0,1,28.0,,deux_roues,,1,1,1,1,7
202000040398,2020-02-26 17:55:00,2020,2,26,17,55,94,94028,BORDIERES(RUE DES),48.80042,2.45129,Plein jour,En agglomération,Intersection en T,Temps couvert,Deux véhicules - côté,3,1,3,1,1,1,2,0,1,50,2,2,1,0,0,1,36.0,48.0,voiture,deux_roues,1,2,3,8,3
202000040399,2020-08-28 13:30:00,2020,8,28,13,30,974,97416,DELISLES (ROUTE HUBERT) CD3,-21.31194,55.54335,Plein jour,Hors agglomération,Autre intersection,Normale,Deux véhicules - côté,3,2,2,0,2,3,1,0,1,70,2,2,0,0,2,0,39.0,48.0,deux_roues,autre,1,1,9,1,3
202000040400,2020-08-28 14:15:00,2020,8,28,14,15,974,97411,Rue des Jacinthes,-20.91046,55.48171,Plein jour,En agglomération,Hors intersection,Normale,Autre collision,4,2,0,0,2,1,1,0,1,50,1,2,1,0,0,1,57.0,,voiture,,1,2,1,1,6
202000040401,2020-08-27 07:25:00,2020,8,27,7,25,974,97411,MALARTIC (RUE),-20.88682,55.45218,Plein jour,En agglomération,Hors intersection,Normale,Autre collision,4,2,0,0,1,1,1,0,1,30,1,2,1,0,0,1,60.0,,transport_commun,,1,2,1,1,6
202000040402,2020-08-28 15:10:00,2020,8,28,15,10,69,69386,LAFAYETTE                           (CO),45.7636,4.84829,Plein jour,En agglomération,Intersection en X,Pluie forte,Deux véhicules - côté,4,2,5,1,1,1,2,0,6,50,2,2,1,0,1,0,19.0,57.0,deux_roues,voiture,1,2,2,3,3
202000040403,2020-08-28 14:30:00,2020,8,28,14,30,972,97209,TOUSSAINT LOUVERTURE (RUE),14.60817,-61.06813,Plein jour,En agglomération,Intersection en T,Normale,Deux véhicules - côté,4,1,1,0,1,1,1,0,1,30,2,2,1,0,0,1,27.0,53.0,deux_roues,voiture,1,2,3,1,3
202000040404,2020-08-28 18:00:00,2020,8,28,18,0,69,69081,PROFESSEUR PAUL SANTY (DU)   AL,45.77,4.77,Plein jour,En agglomération,Hors intersection,Pluie forte,Deux véhicules - arrière,4,2,2,3,1,1,2,0,1,50,2,2,1,0,0,1,21.0,53.0,deux_roues,voiture,1,2,1,3,2
202000040405,2020-08-27 12:23:00,2020,8,27,12,23,69,69384,CANUTS (DES)                        (BD),45.7799216,4.8274192,Plein jour,En agglomération,Hors intersection,Normale,Deux véhicules - frontale,4,2,1,1,1,1,1,0,5,50,2,2,1,1,0,0,55.0,18.0,deux_roues,deux_roues,1,2,1,1,1
202000040406,2020-08-27 12:10:00,2020,8,27,12,10,87,87085,RN520,45.89133,1.28429,Plein jour,Hors agglomération,Hors intersection,Normale,Deux véhicules - arrière,2,2,2,0,1,1,1,0,1,80,2,2,1,0,0,1,56.0,38.0,deux_roues,voiture,1,1,1,1,2