accident_id,datetime,annee,mois,jour,heure,minute,departement,commune_insee,adresse,latitude,longitude,luminosite,agglomeration,intersection,meteo,collision,catr,circ,nbv,vosp,prof,plan,surf,infra,situ,vma,nb_vehicules,nb_usagers,nb_indemnes,nb_tues,nb_blesses_hosp,nb_blesses_legers,age_cond_1,age_cond_2,veh_type_cond_1,veh_type_cond_2,lum_code,agg_code,int_code,atm_code,col_code
202000040407,2020-08-28 17:45:00,2020,8,28,17,45,86,86194,Rocade Ouest,46.6086626,0.3429018,Plein jour,En agglomération,Intersection en T,Normale,Deux véhicules - arrière,3,3,4,0,1,1,1,0,1,50,2,3,2,0,0,1,73.0,31.0,voiture,voiture,1,2,3,1,2
202000040408,2020-08-28 13:45:00,2020,8,28,13,45,83,83069,TOULON (VIEUX CHEMIN DE),43.12336,6.10124,Plein jour,En agglomération,Hors intersection,Normale,Deux véhicules - côté,4,2,2,0,1,1,1,0,1,50,2,2,1,0,0,1,37.0,43.0,utilitaire_camion,deux_roues,1,2,1,1,3
202000040409,2020-08-28 12:30:00,2020,8,28,12,30,83,83069,DECUGIS (AVENUE ALFRED),43.11639,6.14674,Plein jour,En agglomération,Giratoire,Normale,Deux véhicules - côté,4,2,2,0,1,2,1,5,1,50,2,2,1,0,1,0,74.0,54.0,voiture,deux_roues,1,2,6,1,3
202000040410,2020-08-27 07:15:00,2020,8,27,7,15,77,77337,D199 - MARNE VPN (ROUTE DE LA),48.8462233,2.6301431,Plein jour,Hors agglomération,Hors intersection,Normale,Autre collision,3,3,4,0,1,1,1,0,1,110,1,1,0,0,0,1,21.0,,voiture,,1,1,1,1,6
202000040411,2020-08-28 14:55:00,2020,8,28,14,55,77,77040,D607,48.51261,2.56894,Plein jour,Hors agglomération,Intersection en X,Normale,,3,2,2,0,1,1,1,0,1,70,3,3,2,0,1,0,52.0,19.0,utilitaire_camion,deux_roues,1,1,2,1,-1
202000040412,2020-08-27 16:45:00,2020,8,27,16,45,77,77013,D402,48.8503,3.0902,Plein jour,Hors agglomération,Hors intersection,Normale,Trois véhicules et plus - collisions multiples,3,2,2,0,1,1,1,0,1,80,5,5,3,0,1,1,55.0,62.0,utilitaire_camion,utilitaire_camion,1,1,1,1,5
202000040413,2020-08-27 22:20:00,2020,8,27,22,20,74,74008,HELVETIE (RUE DE L'),46.19443,6.22417,Nuit avec éclairage allumé,En agglomération,Hors intersection,Normale,Deux véhicules - côté,4,2,2,0,1,1,1,6,1,50,2,2,1,0,0,1,24.0,28.0,autre,voiture,5,2,1,1,3
202000040414,2020-08-26 19:20:00,2020,8,26,19,20,71,71306,LUCY (RUE DE),46.6661548,4.3332367,Plein jour,En agglomération,Hors intersection,Normale,,3,2,2,0,1,1,1,0,1,50,2,2,1,0,0,1,48.0,56.0,deux_roues,voiture,1,2,1,1,-1
202000040415,2020-08-28 19:10:00,2020,8,28,19,10,69,69256,8 MAI 1945 (DU)                     (AV),45.78691,4.91942,Plein jour,En agglomération,Hors intersection,Pluie légère,Trois véhicules et plus - en chaîne,4,2,2,0,1,1,2,0,1,50,4,4,3,0,0,1,40.0,61.0,voiture,voiture,1,2,1,2,4
202000040416,2020-08-28 17:46:00,2020,8,28,17,46,69,69290,TEMPS MODERNES (DES)            (AV),45.71123,4.9123,Plein jour,En agglomération,Intersection en X,Pluie forte,Deux véhicules - côté,4,2,4,1,1,1,2,0,1,50,2,6,1,0,1,4,32.0,57.0,utilitaire_camion,voiture,1,2,2,3,3
202000040417,2020-08-28 13:00:00,2020,8,28,13,0,69,69290,ST BONNET DE MURE (DE)              (CH),45.69199,4.96696,Plein jour,En agglomération,Intersection en Y,Pluie forte,Deux véhicules - côté,1,1,1,0,4,1,2,0,1,50,2,4,1,0,0,3,22.0,36.0,utilitaire_camion,voiture,1,2,4,3,3
202000040418,2020-08-28 13:50:00,2020,8,28,13,50,69,69091,NEUVE (RTE),45.56565,4.77583,Plein jour,Hors agglomération,Hors intersection,Pluie légère,Deux véhicules - côté,3,2,2,0,2,2,2,0,1,50,2,2,0,0,1,1,30.0,54.0,voiture,voiture,1,1,1,2,3
202000040419,2020-08-28 10:15:00,2020,8,28,10,15,65,65440,GONNES (RUE DE),43.22856,0.07504,Plein jour,En agglomération,Hors intersection,Pluie forte,Autre collision,4,1,1,0,1,1,2,0,1,50,1,2,1,0,1,0,59.0,,voiture,,1,2,1,3,6
202000040420,2020-08-28 13:50:00,2020,8,28,13,50,64,64024,BARRE (PROMENADE DE LA),43.5087357,-1.5216535,Plein jour,En agglomération,Hors intersection,Pluie légère,Deux véhicules - arrière,4,2,2,0,1,1,2,0,1,50,2,2,1,0,0,1,85.0,26.0,voiture,voiture,1,2,1,2,2
202000040421,2020-08-27 15:34:00,2020,8,27,15,34,63,63113,lafayette/sablon,45.77357,3.09,Plein jour,En agglomération,Intersection en X,Normale,Trois véhicules et plus - collisions multiples,4,2,4,0,1,1,1,5,1,50,3,3,0,0,0,3,28.0,82.0,voiture,voiture,1,2,2,1,5
202000040422,2020-08-27 16:50:00,2020,8,27,16,50,62,62119,AIRE ( RUE D' ),50.5389614,2.6293676,Plein jour,En agglomération,Autre intersection,Temps couvert,Autre collision,4,2,2,0,1,1,1,0,1,50,1,2,1,0,1,0,70.0,,voiture,,1,2,9,8,6
202000040423,2020-08-27 13:25:00,2020,8,27,13,25,56,56162,PINS (RUE DES),47.73225,-3.43253,Plein jour,En agglomération,Intersection en T,Pluie légère,Deux véhicules - côté,3,2,2,0,1,1,2,0,1,30,2,3,1,0,0,2,24.0,28.0,voiture,voiture,1,2,3,2,3
202000040424,2020-08-28 11:50:00,2020,8,28,11,50,54,54184,BRIGACHTAL (AVENUE DE),48.7032892,6.2290066,Plein jour,En agglomération,Hors intersection,Normale,Deux véhicules - arrière,4,2,3,0,1,1,1,0,1,50,2,2,0,0,0,2,44.0,85.0,voiture,voiture,1,2,1,1,2
202000040425,2020-08-28 07:50:00,2020,8,28,7,50,54,54526,JAURES (BOULEVARD JEAN),48.6883399,6.2097269,Plein jour,En agglomération,Intersection en X,Normale,Deux véhicules - côté,4,2,2,0,1,1,1,0,1,50,2,2,1,0,0,1,33.0,60.0,deux_roues,transport_commun,1,2,2,1,3
202000040426,2020-08-27 08:30:00,2020,8,27,8,30,54,54395,VINGT SIXIEME R.I. (BOULEVARD DU 2 A 44),48.6960054,6.1897344,Plein jour,En agglomération,Hors intersection,Normale,Deux véhicules - côté,4,2,4,0,1,1,1,0,1,50,2,2,1,0,0,1,51.0,67.0,voiture,voiture,1,2,1,1,3
202000040427,2020-08-27 14:30:00,2020,8,27,14,30,46,46042,RACINE (RUE JEAN),44.46173,1.45223,Plein jour,En agglomération,Hors intersection,Normale,Deux véhicules - côté,4,2,2,0,1,1,1,0,1,50,2,2,1,0,0,1,24.0,53.0,deux_roues,voiture,1,2,1,1,3
202000040428,2020-08-28 13:45:00,2020,8,28,13,45,45,45302,Route d’Ormes,47.9523,1.8575,Plein jour,Hors agglomération,Autre intersection,Normale,Deux véhicules - arrière,3,3,4,0,1,1,1,0,1,80,2,3,1,0,0,2,42.0,45.0,voiture,voiture,1,1,9,1,2
202000040429,2020-08-28 10:20:00,2020,8,28,10,20,45,45285,Rue Charles Beauhaire,47.9151201,1.8680476,Plein jour,En agglomération,Hors intersection,Normale,Deux véhicules - arrière,4,2,2,0,1,1,1,0,1,50,2,2,1,0,0,1,21.0,21.0,voiture,voiture,1,2,1,1,2
202000040430,2020-02-08 15:00:00,2020,2,8,15,0,74,74011,rue de Verdun,45.907051,6.158808,Plein jour,En agglomération,Hors intersection,Normale,Deux véhicules - arrière,4,2,2,0,1,1,1,0,1,50,2,2,1,0,0,1,55.0,44.0,voiture,deux_roues,1,2,1,1,2
202000040431,2020-02-07 18:00:00,2020,2,7,18,0,47,47185,17 Rue des Coccinelles,44.48713,0.966357,Nuit sans éclairage public,En agglomération,Intersection en T,Normale,Trois véhicules et plus - collisions multiples,3,2,2,0,1,1,1,5,1,50,3,5,2,0,1,2,31.0,43.0,voiture,voiture,3,2,3,1,5
202000040432,2020-02-08 09:50:00,2020,2,8,9,50,29,29160,Lieu-dit Pellan,48.523739,-4.422984,Plein jour,Hors agglomération,Intersection en T,Normale,Autre collision,4,2,2,0,1,1,1,5,3,80,1,1,0,0,0,1,28.0,,voiture,,1,1,3,1,6
202000040433,2020-02-03 17:30:00,2020,2,3,17,30,31,31115,27 Embourasso,43.3439261,0.9033402,Plein jour,Hors agglomération,Hors intersection,Normale,Autre collision,3,2,2,0,2,3,1,0,1,90,1,1,0,0,1,0,49.0,,deux_roues,,1,1,1,1,6
202000040434,2020-02-09 19:15:00,2020,2,9,19,15,38,38449,D1006,45.66044,5.1025,Nuit sans éclairage public,En agglomération,Hors intersection,Normale,Autre collision,3,3,2,0,1,1,2,0,1,80,1,1,0,0,1,0,24.0,,deux_roues,,3,2,1,1,6
202000040435,2020-02-09 03:50:00,2020,2,9,3,50,02,02352,9 Route Nationale,50.004219,3.24801,Nuit avec éclairage allumé,En agglomération,Hors intersection,Normale,Autre collision,3,2,2,0,4,3,1,0,4,50,1,3,0,1,1,1,19.0,,voiture,,5,2,1,1,6
202000040436,2020-02-09 05:45:00,2020,2,9,5,45,02,02303,D1029,49.858837,3.244658,Nuit sans éclairage public,Hors agglomération,Hors intersection,Normale,Autre collision,3,3,4,0,1,1,2,0,1,90,1,2,1,0,1,0,52.0,,voiture,,3,1,1,1,6
202000040437,2020-02-08 14:30:00,2020,2,8,14,30,01,01245,D 979,46.164488,5.397334,Plein jour,Hors agglomération,Hors intersection,Normale,Trois véhicules et plus - collisions multiples,3,2,2,0,2,3,9,0,8,80,3,3,1,0,2,0,26.0,24.0,deux_roues,deux_roues,1,1,1,1,5
202000040438,2020-02-08 07:30:00,2020,2,8,7,30,70,70060,Route communale 3,47.317981,5.840092,Crépuscule ou aube,Hors agglomération,Hors intersection,Normale,Sans collision,4,-1,2,0,1,1,1,0,3,80,1,3,2,0,1,0,19.0,,voiture,,2,1,1,1,7
202000040439,2020-02-09 19:00:00,2020,2,9,19,0,54,54427,D182a,48.452846,6.925354,Nuit sans éclairage public,Hors agglomération,Hors intersection,Vent fort / tempête,Autre collision,3,-1,2,0,2,3,1,0,3,-1,1,4,0,0,1,3,39.0,,voiture,,3,1,1,6,6
202000040440,2020-02-07 16:20:00,2020,2,7,16,20,06,06102,M66,44.070829,7.145367,Plein jour,Hors agglomération,Hors intersection,Normale,Autre collision,7,2,2,0,2,2,1,0,1,80,1,1,0,0,0,1,69.0,,deux_roues,,1,1,1,1,6
202000040441,2020-02-07 19:20:00,2020,2,7,19,20,50,50111,Les Petites Landes,49.035941,-1.297905,Nuit sans éclairage public,Hors agglomération,Intersection en X,Normale,Deux véhicules - côté,3,2,2,0,3,1,1,0,1,80,2,2,1,0,1,0,27.0,33.0,voiture,deux_roues,3,1,2,1,3
202000040442,2020-02-08 18:30:00,2020,2,8,18,30,90,90009,41 Rue du Docteur Julg,47.491167,6.921937,Nuit avec éclairage allumé,En agglomération,Intersection en T,Normale,Trois véhicules et plus - en chaîne,4,2,2,0,1,1,1,0,1,50,3,6,5,0,0,1,29.0,48.0,deux_roues,voiture,5,2,3,1,4
202000040443,2020-02-09 06:05:00,2020,2,9,6,5,64,64268,Place de Mendy,43.174512,-0.916436,Nuit sans éclairage public,En agglomération,Hors intersection,Brouillard / fumée,Autre collision,4,2,2,0,1,2,2,9,8,50,1,2,1,0,0,1,23.0,,voiture,,3,2,1,5,6
202000040444,2020-02-08 20:00:00,2020,2,8,20,0,18,18160,62 Grande Rue,46.996864,2.824176,Nuit avec éclairage allumé,En agglomération,Hors intersection,Normale,Autre collision,3,2,2,0,1,1,1,0,8,50,1,4,0,1,2,1,22.0,,voiture,,5,2,1,1,6
202000040445,2020-02-07 16:30:00,2020,2,7,16,30,40,40287,RD 46,44.501342,-1.051426,Plein jour,Hors agglomération,Hors intersection,Normale,Autre collision,3,2,2,0,1,1,1,0,3,80,1,2,1,1,0,0,71.0,,voiture,,1,1,1,1,6
202000040446,2020-02-08 19:40:00,2020,2,8,19,40,28,28305,Bullainville,48.18567,1.498926,Nuit sans éclairage public,Hors agglomération,Intersection en X,Temps couvert,Deux véhicules - côté,3,2,2,0,1,1,2,0,1,80,2,3,2,0,1,0,59.0,55.0,voiture,deux_roues,3,1,2,8,3
202000040447,2020-02-08 17:00:00,2020,2,8,17,0,37,37085,La Grande Couture,47.2197056,0.8890701,Plein jour,Hors agglomération,Hors intersection,Pluie légère,Deux véhicules - arrière,3,2,2,0,1,1,2,0,1,80,2,2,1,0,0,1,55.0,57.0,utilitaire_camion,utilitaire_camion,1,1,1,2,2
202000040448,2020-02-08 17:45:00,2020,2,8,17,45,30,30085,D3,43.966581,4.480577,Plein jour,Hors agglomération,Hors intersection,Normale,Deux véhicules - frontale,3,2,2,0,1,3,1,0,1,80,2,3,1,0,0,2,30.0,45.0,voiture,voiture,1,1,1,1,1
202000040449,2020-01-29 18:50:00,2020,1,29,18,50,33,33122,Avenue Salvador Allende,44.781176,-0.687781,Nuit avec éclairage allumé,Hors agglomération,Hors intersection,Normale,Deux véhicules - frontale,3,-1,6,2,2,3,1,-1,5,80,2,2,0,0,0,2,60.0,63.0,deux_roues,deux_roues,5,1,1,1,1
202000040450,2020-02-09 02:30:00,2020,2,9,2,30,06,06085,Avenue Notre-dame de Vie,43.600285,7.003541,Nuit avec éclairage allumé,En agglomération,Hors intersection,Normale,Sans collision,3,3,2,0,2,3,1,0,1,30,1,1,0,0,1,0,21.0,,deux_roues,,5,2,1,1,7
202000040451,2020-02-08 07:00:00,2020,2,8,7,0,987,98733,pk 27.500,-17.689931,-149.548349,Plein jour,En agglomération,Hors intersection,Normale,Autre collision,2,2,2,0,1,2,1,0,3,60,1,3,1,0,1,1,21.0,,voiture,,1,2,1,1,6
202000040452,2020-02-09 17:05:00,2020,2,9,17,5,83,83035,412 Montée du Vieux Camp,43.233752,5.765939,Plein jour,Hors agglomération,Hors intersection,Normale,Deux véhicules - frontale,3,2,2,0,2,3,1,0,1,80,2,2,1,1,0,0,55.0,64.0,voiture,deux_roues,1,1,1,1,1
202000040453,2020-02-08 17:15:00,2020,2,8,17,15,83,83055,D562,43.587762,6.670015,Crépuscule ou aube,Hors agglomération,Hors intersection,Normale,Sans collision,3,2,2,0,1,3,1,0,3,90,1,1,0,0,1,0,24.0,,deux_roues,,2,1,1,1,7
202000040454,2020-01-25 17:54:00,2020,1,25,17,54,68,68021,D66,47.638545,7.513275,Nuit avec éclairage allumé,En agglomération,Intersection en T,Normale,Deux véhicules - côté,3,2,2,0,1,3,1,0,1,50,2,2,0,0,0,2,27.0,46.0,voiture,voiture,5,2,3,1,3
202000040455,2020-02-09 18:30:00,2020,2,9,18,30,73,73006,N90 Aime-la-Plagne,45.5524537,6.63594,Nuit sans éclairage public,Hors agglomération,Hors intersection,Normale,Deux véhicules - frontale,2,2,3,0,2,4,1,0,1,80,2,4,1,0,1,2,34.0,52.0,voiture,voiture,3,1,1,1,1
202000040456,2020-02-09 00:10:00,2020,2,9,0,10,01,01313,Prévessin-Moëns,46.254163,6.059142,Nuit sans éclairage public,Hors agglomération,Hors intersection,Normale,Deux véhicules - arrière,3,2,2,0,1,1,1,0,1,80,2,5,4,0,0,1,28.0,28.0,voiture,voiture,3,1,1,1,2
202000040457,2020-02-08 11:45:00,2020,2,8,11,45,69,69037,le lozet,46.022014,4.500597,Plein jour,En agglomération,Hors intersection,Normale,Sans collision,3,2,2,0,1,2,2,0,1,50,1,1,0,0,0,1,52.0,,deux_roues,,1,2,1,1,7
202000040458,2020-02-09 10:45:00,2020,2,9,10,45,09,09334,D208,42.763681,1.495471,Plein jour,Hors agglomération,Hors intersection,Normale,Deux véhicules - côté,3,2,2,0,2,1,1,0,1,80,2,3,2,0,1,0,56.0,45.0,voiture,voiture,1,1,1,1,3
202000040459,2020-02-08 18:45:00,2020,2,8,18,45,33,33248,16 Rue Maxime Hostein,45.07322,-0.79065,Nuit sans éclairage public,En agglomération,Intersection en Y,Pluie légère,Autre collision,4,1,1,0,1,1,2,0,1,50,1,2,1,0,0,1,22.0,,voiture,,3,2,4,2,6
202000040460,2020-02-09 01:50:00,2020,2,9,1,50,27,27242,D23,48.973865,0.786928,Nuit sans éclairage public,Hors agglomération,Autre intersection,Vent fort / tempête,Autre collision,3,3,2,0,2,3,2,0,3,80,1,3,1,0,1,1,56.0,,voiture,,3,1,9,6,6
202000040461,2020-02-07 15:56:00,2020,2,7,15,56,27,27684,Route nationale 13,49.015124,1.193025,Plein jour,En agglomération,Hors intersection,Normale,Deux véhicules - arrière,4,1,4,0,1,1,1,0,1,70,2,2,1,0,0,1,42.0,36.0,voiture,utilitaire_camion,1,2,1,1,2
202000040462,2020-02-09 10:00:00,2020,2,9,10,0,60,60282,,49.2060754,2.4613986,Plein jour,Hors agglomération,Hors intersection,Normale,Deux véhicules - frontale,3,2,2,0,1,1,1,0,1,70,2,2,0,0,1,1,30.0,37.0,voiture,voiture,1,1,1,1,1
202000040463,2020-02-09 08:30:00,2020,2,9,8,30,60,60355,Route nationale 31,49.4124885,2.2122284,Plein jour,Hors agglomération,Hors intersection,Vent fort / tempête,Sans collision,2,3,2,0,1,1,1,0,2,110,1,1,0,0,0,1,19.0,,voiture,,1,1,1,6,7
202000040464,2020-02-07 13:00:00,2020,2,7,13,0,13,13071,A55- Sens Marseille vers Martigues,43.375801,5.319002,Plein jour,Hors agglomération,Hors intersection,Normale,Deux véhicules - arrière,1,3,3,0,2,1,1,0,1,90,2,2,1,0,0,1,25.0,63.0,voiture,utilitaire_camion,1,1,1,1,2
202000040465,2020-02-06 23:54:00,2020,2,6,23,54,13,13215,A7-Sens Lyon vers Marseille,43.3789471,5.3548422,Nuit sans éclairage public,Hors agglomération,Hors intersection,Normale,Deux véhicules - côté,1,3,3,0,1,1,1,0,1,90,2,2,1,0,0,1,72.0,51.0,voiture,voiture,3,1,1,1,3
202000040466,2020-02-04 19:00:00,2020,2,4,19,0,69,69290,A 43   ,45.70528,4.96081,Nuit sans éclairage public,Hors agglomération,Autre intersection,Pluie forte,Trois véhicules et plus - en chaîne,1,3,3,0,1,1,2,3,1,90,3,3,2,0,0,1,55.0,52.0,voiture,voiture,3,1,9,3,4
202000040467,2020-02-08 08:00:00,2020,2,8,8,0,33,33063,ROCADE A 630,44.88298,-0.56128,Plein jour,Hors agglomération,Hors intersection,Pluie légère,Autre collision,1,3,2,0,1,4,8,3,1,30,1,1,0,0,0,1,44.0,,voiture,,1,1,1,2,6
202000040468,2020-02-08 17:25:00,2020,2,8,17,25,91,91174,RN 104,48.6113,2.4471,Plein jour,Hors agglomération,Hors intersection,Pluie forte,Deux véhicules - côté,2,1,2,0,1,1,2,0,1,90,2,2,1,0,0,1,26.0,20.0,deux_roues,voiture,1,1,1,3,3
202000040469,2020-02-08 05:45:00,2020,2,8,5,45,91,91589,AUTOROUTE A6,48.67893,2.33456,Nuit avec éclairage non allumé,Hors agglomération,Hors intersection,Normale,Trois véhicules et plus - en chaîne,1,1,3,0,1,1,1,0,1,110,3,4,2,0,0,2,33.0,24.0,voiture,voiture,4,1,1,1,4
202000040470,2020-02-07 19:45:00,2020,2,7,19,45,94,94034,AUTOROUTE A86,48.7562,2.336,Nuit sans éclairage public,Hors agglomération,Hors intersection,Normale,Sans collision,1,1,3,0,1,3,1,0,1,70,1,1,0,0,0,1,22.0,,deux_roues,,3,1,1,1,7
202000040471,2020-02-07 13:40:00,2020,2,7,13,40,93,93030,AUTOROUTE A1,48.93968,2.42092,Plein jour,Hors agglomération,Hors intersection,Normale,Deux véhicules - arrière,1,3,10,0,1,1,1,0,1,90,2,5,3,0,0,2,34.0,63.0,voiture,voiture,1,1,1,1,2
202000040472,2020-02-07 12:20:00,2020,2,7,12,20,60,60505,AUTOROUTE A1,49.16958,2.59949,Plein jour,Hors agglomération,Hors intersection,Normale,Trois véhicules et plus - collisions multiples,1,3,6,0,1,3,1,0,1,130,4,5,4,0,1,0,33.0,47.0,voiture,voiture,1,1,1,1,5
202000040473,2020-02-07 12:15:00,2020,2,7,12,15,988,98818,ROUTE DE LA BAIE DES DAMES/RUE HENRI SIMONIN,-22.23478,166.44259,Plein jour,En agglomération,Intersection en T,Normale,Deux véhicules - côté,4,2,-1,0,1,1,1,0,1,50,2,2,1,0,0,1,32.0,25.0,utilitaire_camion,voiture,1,2,3,1,3
202000040474,2020-02-06 20:35:00,2020,2,6,20,35,988,98818,VE1 SENS SUD/NORD,-22.24961,166.45041,Nuit avec éclairage allumé,En agglomération,Hors intersection,Pluie légère,Autre collision,1,3,4,0,1,3,2,9,1,70,1,2,1,0,0,1,48.0,,voiture,,5,2,1,2,6
202000040475,2020-02-07 07:50:00,2020,2,7,7,50,974,97409,Avenue Ile de France,-20.958148,55.649799,Plein jour,En agglomération,Intersection en T,Normale,Deux véhicules - côté,4,2,2,0,1,3,1,0,1,20,2,2,1,0,0,1,72.0,30.0,deux_roues,voiture,1,2,3,1,3
202000040476,2020-02-07 18:14:00,2020,2,7,18,14,973,97302,BADUEL (ROUTE DE),4.930926,-52.3058224,Plein jour,En agglomération,Hors intersection,Normale,Deux véhicules - côté,3,2,2,0,1,1,1,0,1,50,2,2,1,0,0,1,30.0,49.0,deux_roues,voiture,1,2,1,1,3
202000040477,2020-02-07 14:17:00,2020,2,7,14,17,973,97302,RABAN (ROUTE DE),4.9335556,-52.3133111,Plein jour,En agglomération,Intersection en T,Normale,,4,-1,1,0,1,1,1,0,1,50,2,2,1,0,0,1,24.0,33.0,voiture,deux_roues,1,2,3,1,-1
202000040478,2020-02-07 08:10:00,2020,2,7,8,10,973,97302,CABASSOU (ROUTE DE),4.9171583,-52.3123884,Plein jour,En agglomération,Hors intersection,Normale,Autre collision,3,2,2,0,1,1,1,0,1,50,1,3,2,0,0,1,42.0,,deux_roues,,1,2,1,1,6
202000040479,2020-02-07 08:30:00,2020,2,7,8,30,972,97209,GOUVENEUR GENERAL F. EBOUE (AVENUE),14.605,-61.066,Plein jour,En agglomération,Hors intersection,Normale,Autre collision,4,2,2,0,1,1,1,0,1,50,1,2,1,0,0,1,85.0,,voiture,,1,2,1,1,6
202000040480,2020-02-07 21:00:00,2020,2,7,21,0,69,69389,ARLOING                             (QU),45.7724,4.81103,Nuit avec éclairage allumé,En agglomération,Autre intersection,Normale,,4,2,2,0,1,1,1,0,1,50,2,1,0,0,0,1,40.0,,deux_roues,,5,2,9,1,-1
202000040481,2020-02-04 20:20:00,2020,2,4,20,20,69,69149,GRANDE RUE                          (GR),45.71736,4.80957,Nuit avec éclairage allumé,En agglomération,Intersection en X,Pluie légère,Deux véhicules - côté,4,2,4,0,2,1,2,0,1,30,2,3,2,0,0,1,19.0,30.0,deux_roues,voiture,5,2,2,2,3
202000040482,2020-02-04 19:10:00,2020,2,4,19,10,69,69381,POUTEAU                             (R ),45.77177,4.83315,Nuit avec éclairage allumé,En agglomération,Hors intersection,Autre,Sans collision,4,2,2,0,2,2,2,0,1,50,1,1,0,0,0,1,20.0,,deux_roues,,5,2,1,9,7
202000040483,2020-02-06 18:25:00,2020,2,6,18,25,2A,2A004,LEVIE JEAN JEROME AVENUE,41.9264097,8.7385633,Nuit avec éclairage allumé,En agglomération,Hors intersection,Normale,,4,2,2,0,2,1,1,0,1,50,2,2,1,0,0,1,47.0,36.0,deux_roues,voiture,5,2,1,1,-1
202000040484,2020-02-07 13:00:00,2020,2,7,13,0,2A,2A004,MARECHAL JUIN AVENUE,41.9387803,8.750935,Plein jour,En agglomération,Intersection en X,Normale,Deux véhicules - côté,4,1,1,0,2,1,1,0,1,50,2,2,1,0,0,1,31.0,70.0,deux_roues,voiture,1,2,2,1,3
202000040485,2020-02-06 19:36:00,2020,2,6,19,36,91,91223,BRIERES LES SCELLES (ROUTE DE),48.452729,2.167159,Nuit avec éclairage allumé,En agglomération,Autre intersection,Normale,Deux véhicules - frontale,3,2,2,0,1,1,1,0,1,50,2,2,1,0,0,1,34.0,41.0,voiture,voiture,5,2,9,1,1
202000040486,2020-02-06 17:05:00,2020,2,6,17,5,91,91223,HENRI IV (BOULEVARD),48.434318,2.15463,Plein jour,En agglomération,Hors intersection,Normale,Deux véhicules - arrière,4,1,1,0,1,1,1,0,1,50,2,2,1,0,0,1,50.0,20.0,voiture,utilitaire_camion,1,2,1,1,2
202000040487,2020-02-06 19:40:00,2020,2,6,19,40,91,91201,PIERRE BROSSOLETTE (RUE),48.68893,2.42228,Nuit avec éclairage allumé,En agglomération,Intersection en X,Normale,Deux véhicules - côté,4,2,2,0,1,1,1,5,1,50,2,2,1,0,0,1,36.0,49.0,transport_commun,voiture,5,2,2,1,3
202000040488,2020-02-07 21:10:00,2020,2,7,21,10,91,91174,PATTON (PONT),48.61343,2.48417,Nuit avec éclairage allumé,En agglomération,Autre intersection,Normale,Trois véhicules et plus - en chaîne,4,2,2,0,2,1,1,1,1,50,3,3,2,0,0,1,52.0,43.0,voiture,voiture,5,2,9,1,4
202000040489,2020-02-07 13:15:00,2020,2,7,13,15,91,91347,MORT RU (VOIE DU),48.652253,2.275462,Plein jour,En agglomération,Hors intersection,Normale,Autre collision,6,-1,0,0,1,1,1,0,6,30,1,2,1,0,0,1,68.0,,voiture,,1,2,1,1,6
202000040490,2020-02-06 22:35:00,2020,2,6,22,35,87,87085,LIBERATION (AVENUE DE LA),45.83413,1.25982,Nuit avec éclairage allumé,En agglomération,Hors intersection,Normale,Deux véhicules - arrière,4,2,2,0,2,1,1,0,1,50,2,2,1,0,0,1,40.0,24.0,voiture,voiture,5,2,1,1,2
202000040491,2020-02-06 08:05:00,2020,2,6,8,5,86,86194,Rue de l’Intendant le Nain,46.5921068,0.3403386,Plein jour,En agglomération,Hors intersection,Normale,Autre collision,4,2,5,0,1,1,1,0,1,50,1,2,1,0,0,1,71.0,,voiture,,1,2,1,1,6
202000040492,2020-02-07 23:10:00,2020,2,7,23,10,85,85191,Rue Olof Palme,46.64826,-1.41531,Nuit avec éclairage non allumé,En agglomération,Hors intersection,Normale,Autre collision,3,2,2,0,2,1,1,0,1,70,1,2,1,1,0,0,56.0,,voiture,,4,2,1,1,6
202000040493,2020-02-07 12:55:00,2020,2,7,12,55,83,83069,NOCART (AVENUE),43.12042,6.13538,Plein jour,En agglomération,Hors intersection,Normale,Deux véhicules - arrière,4,2,2,0,1,1,1,8,1,30,2,2,1,0,0,1,34.0,20.0,utilitaire_camion,deux_roues,1,2,1,1,2
202000040494,2020-02-07 18:55:00,2020,2,7,18,55,82,82121,MOULIN N 2020 (AVENUE JEAN),44.02665,1.366851,Nuit avec éclairage allumé,En agglomération,Hors intersection,Normale,Deux véhicules - côté,4,2,2,2,1,1,1,0,1,50,2,3,2,0,1,0,26.0,43.0,deux_roues,utilitaire_camion,5,2,1,1,3
202000040495,2020-02-05 17:05:00,2020,2,5,17,5,80,80021,CHATEAU MILAN (RUE DU),49.90257,2.28504,Plein jour,En agglomération,Hors intersection,Normale,Deux véhicules - côté,4,2,2,0,1,1,1,0,1,50,2,2,1,0,0,1,62.0,36.0,utilitaire_camion,deux_roues,1,2,1,1,3
202000040496,2020-02-04 19:05:00,2020,2,4,19,5,77,77373,REPUBLIQUE (AV. DE LA),48.80166,2.60613,Nuit avec éclairage allumé,En agglomération,Hors intersection,Normale,Autre collision,4,2,2,1,1,1,1,6,1,50,1,2,1,0,0,1,79.0,,voiture,,5,2,1,1,6
202000040497,2020-02-06 19:30:00,2020,2,6,19,30,77,77243,D934,48.8678247,2.7040783,Nuit sans éclairage public,Hors agglomération,Hors intersection,Autre,Deux véhicules - arrière,3,2,2,0,1,1,1,0,1,90,2,2,1,0,0,1,23.0,22.0,voiture,deux_roues,3,1,1,9,2