accident_id,datetime,annee,mois,jour,heure,minute,departement,commune_insee,adresse,latitude,longitude,luminosite,agglomeration,intersection,meteo,collision,catr,circ,nbv,vosp,prof,plan,surf,infra,situ,vma,nb_vehicules,nb_usagers,nb_indemnes,nb_tues,nb_blesses_hosp,nb_blesses_legers,age_cond_1,age_cond_2,veh_type_cond_1,veh_type_cond_2,lum_code,agg_code,int_code,atm_code,col_code
202000040589,2020-12-07 08:15:00,2020,12,7,8,15,60,60030,Route Départementale 927,49.3252133,2.0862526,Crépuscule ou aube,Hors agglomération,Hors intersection,Brouillard / fumée,Deux véhicules - frontale,3,2,2,0,2,3,7,2,1,80,2,2,1,0,0,1,26.0,47.0,voiture,voiture,2,1,1,5,1
202000040590,2020-02-07 08:30:00,2020,2,7,8,30,75,75117,RUE CARDINET,48.891984,2.309851,Plein jour,En agglomération,Hors intersection,Normale,Autre collision,4,2,2,0,2,1,1,0,1,30,1,2,1,0,0,1,40.0,,voiture,,1,2,1,1,6
202000040591,2020-12-06 17:10:00,2020,12,6,17,10,13,13018,A7 - PK 201+400 sens MARSEILLE/LYON,43.878593,4.931016,Nuit sans éclairage public,Hors agglomération,Hors intersection,Temps couvert,Trois véhicules et plus - collisions multiples,1,3,5,0,1,1,2,0,1,130,4,9,4,0,0,5,39.0,23.0,voiture,voiture,3,1,1,8,5
202000040592,2020-02-06 23:25:00,2020,2,6,23,25,75,75117,RUE BAYEN,48.882153,2.291693,Nuit avec éclairage allumé,En agglomération,Intersection en X,Normale,Deux véhicules - côté,4,1,1,0,1,1,1,0,1,30,2,2,1,0,0,1,37.0,43.0,deux_roues,deux_roues,5,2,2,1,3
202000040593,2020-12-05 20:00:00,2020,12,5,20,0,987,98729,RT91 route du belvédère en dessus du sofitel,-17.533189,-149.838611,Nuit sans éclairage public,Hors agglomération,Hors intersection,Normale,Deux véhicules - frontale,2,2,2,1,2,2,1,0,5,60,2,2,0,0,2,0,45.0,22.0,deux_roues,deux_roues,3,1,1,1,1
202000040594,2020-02-07 11:20:00,2020,2,7,11,20,75,75115,RUE DU HAMEAU,48.835133,2.289027,Plein jour,En agglomération,Intersection en X,Normale,Autre collision,4,1,2,0,1,1,1,0,1,50,1,2,1,0,0,1,37.0,,utilitaire_camion,,1,2,2,1,6
202000040595,2020-12-06 02:40:00,2020,12,6,2,40,988,98815,Tribu de Tadine,-21.54674,167.8823,Nuit avec éclairage allumé,En agglomération,Hors intersection,Normale,Sans collision,3,2,2,0,2,3,1,0,8,50,1,6,3,0,1,2,20.0,,utilitaire_camion,,5,2,1,1,7
202000040596,2020-02-07 22:00:00,2020,2,7,22,0,75,75114,RUE DE LA TOMBE ISSOIRE,48.832068,2.335353,Nuit avec éclairage allumé,En agglomération,Intersection en T,Normale,Autre collision,4,2,1,0,1,1,1,0,1,50,1,1,0,0,0,1,55.0,,deux_roues,,5,2,3,1,6
202000040597,2020-12-07 22:00:00,2020,12,7,22,0,988,98817,PK 13 route de la corniche,-22.275823,166.622461,Nuit sans éclairage public,Hors agglomération,Intersection en T,Pluie légère,Autre collision,3,2,2,0,1,2,2,0,3,70,1,2,1,0,0,1,31.0,,utilitaire_camion,,3,1,3,2,6
202000040598,2020-02-07 12:30:00,2020,2,7,12,30,75,75115,RUE LECOURBE,48.842606,2.302695,Plein jour,En agglomération,Intersection en X,Normale,Deux véhicules - arrière,4,1,2,0,1,1,1,0,1,50,2,1,0,0,0,1,56.0,,voiture,,1,2,2,1,2
202000040599,2020-12-06 20:30:00,2020,12,6,20,30,976,97607,Route Nationale - Ironi Be,-12.834544,45.188248,Nuit sans éclairage public,Hors agglomération,Hors intersection,Normale,Deux véhicules - frontale,2,-1,2,0,2,1,1,0,1,70,2,2,1,0,0,1,34.0,25.0,voiture,voiture,3,1,1,1,1
202000040600,2020-02-07 11:00:00,2020,2,7,11,0,75,75109,RUE MONCEY,48.879933,2.329544,Plein jour,En agglomération,Hors intersection,Normale,,4,1,1,0,1,1,1,0,1,50,2,2,1,0,0,1,60.0,83.0,utilitaire_camion,voiture,1,2,1,1,-1
202000040601,2020-02-07 10:30:00,2020,2,7,10,30,75,75108,RUE CAMBACERES,48.873236,2.317945,Plein jour,En agglomération,Intersection en X,Normale,Deux véhicules - côté,4,1,2,0,1,1,1,0,1,50,2,3,2,0,0,1,27.0,25.0,utilitaire_camion,deux_roues,1,2,2,1,3
202000040602,2020-12-06 17:35:00,2020,12,6,17,35,974,97422,Rue Jean de Fos du Rau,-21.220692,55.559955,Plein jour,En agglomération,Intersection en T,Normale,Deux véhicules - côté,2,2,2,0,1,1,1,0,1,50,2,2,1,0,1,0,10.0,39.0,deux_roues,deux_roues,1,2,3,1,3
202000040603,2020-11-22 02:00:00,2020,11,22,2,0,973,97305,RN1 PK 19.950,4.9625223,-52.4341393,Nuit sans éclairage public,Hors agglomération,Hors intersection,Pluie légère,Deux véhicules - frontale,2,2,2,0,1,1,2,0,1,80,2,3,2,1,0,0,68.0,34.0,utilitaire_camion,voiture,3,1,1,2,1
202000040604,2020-02-07 09:00:00,2020,2,7,9,0,75,75108,COURS ALBERT 1ER,48.864614,2.310323,Plein jour,En agglomération,Intersection en X,Normale,Deux véhicules - côté,4,3,3,3,1,1,1,-1,5,50,2,2,1,0,0,1,34.0,40.0,deux_roues,deux_roues,1,2,2,1,3
202000040605,2020-12-06 12:22:00,2020,12,6,12,22,971,97107,morne salé,15.999636,-61.603947,Plein jour,Hors agglomération,Hors intersection,Normale,Sans collision,2,2,2,0,4,1,8,0,3,80,1,1,0,0,1,0,40.0,,deux_roues,,1,1,1,1,7
202000040606,2020-02-07 12:45:00,2020,2,7,12,45,75,75107,PONT ALEXANDRE III,48.862837,2.313485,Plein jour,En agglomération,Intersection en X,Normale,Deux véhicules - côté,4,2,4,0,1,1,1,0,1,50,2,2,1,0,0,1,36.0,24.0,transport_commun,deux_roues,1,2,2,1,3
202000040607,2020-12-07 07:40:00,2020,12,7,7,40,95,95142,Rue de Marines,49.158011,1.942853,Crépuscule ou aube,En agglomération,Hors intersection,Brouillard / fumée,Deux véhicules - côté,3,2,2,0,2,2,2,0,1,50,2,2,1,0,1,0,21.0,19.0,voiture,deux_roues,2,2,1,5,3
202000040608,2020-12-06 21:12:00,2020,12,6,21,12,2B,2B354,RT 20,42.170533,9.171953,Nuit sans éclairage public,En agglomération,Hors intersection,Pluie légère,Deux véhicules - frontale,2,2,2,0,2,3,2,0,1,50,2,1,0,0,1,0,44.0,,voiture,,3,2,1,2,1
202000040609,2020-02-07 19:20:00,2020,2,7,19,20,75,75104,BOULEVARD HENRI IV,48.852231,2.36597,Nuit avec éclairage allumé,En agglomération,Intersection en Y,Normale,Deux véhicules - côté,4,2,4,3,1,1,1,-1,6,50,2,2,1,0,0,1,49.0,47.0,deux_roues,deux_roues,5,2,4,1,3
202000040610,2020-12-07 07:50:00,2020,12,7,7,50,13,13093,RD 561 1901,43.7004831,5.3774953,Crépuscule ou aube,Hors agglomération,Hors intersection,Normale,Autre collision,3,2,2,0,1,3,2,0,3,80,1,2,0,0,2,0,47.0,,voiture,,2,1,1,1,6
202000040611,2020-02-07 15:15:00,2020,2,7,15,15,75,75103,RUE BEAUBOURG,48.862028,2.353926,Plein jour,En agglomération,Intersection en T,Normale,Autre collision,4,1,3,0,1,1,1,0,1,50,1,2,1,0,0,1,34.0,,deux_roues,,1,2,3,1,6
202000040612,2020-12-07 17:30:00,2020,12,7,17,30,57,57209,JEAN MONNET,49.03197,6.597226,Nuit sans éclairage public,Hors agglomération,Hors intersection,Normale,Deux véhicules - arrière,3,3,4,0,1,1,1,0,1,110,2,3,2,0,1,0,44.0,26.0,voiture,utilitaire_camion,3,1,1,1,2
202000040613,2020-02-07 19:20:00,2020,2,7,19,20,75,75101,BOULEVARD DE SEBASTOPOL,48.862152,2.350242,Nuit avec éclairage allumé,En agglomération,Hors intersection,Normale,Deux véhicules - côté,4,1,4,1,1,1,1,-1,5,50,2,2,1,0,0,1,21.0,32.0,voiture,deux_roues,5,2,1,1,3
202000040614,2020-02-06 23:35:00,2020,2,6,23,35,75,75101,PLACE DU PONT NEUF,48.856933,2.341373,Nuit avec éclairage allumé,En agglomération,Hors intersection,Normale,Sans collision,4,2,2,0,1,1,1,2,1,50,1,1,0,0,0,1,44.0,,deux_roues,,5,2,1,1,7
202000040615,2020-12-07 07:30:00,2020,12,7,7,30,63,63284,D1093,45.7927961,3.2268745,Crépuscule ou aube,Hors agglomération,Giratoire,Normale,Deux véhicules - côté,3,1,2,0,1,2,1,0,1,50,2,2,1,0,0,1,57.0,39.0,deux_roues,autre,2,1,6,1,3
202000040616,2020-12-05 18:04:00,2020,12,5,18,4,33,33496,29 Avenue de la Tour,44.848598,-0.397063,Nuit sans éclairage public,En agglomération,Hors intersection,Pluie légère,Autre collision,3,2,2,0,1,1,2,0,3,50,1,1,0,0,0,1,27.0,,voiture,,3,2,1,2,6
202000040617,2020-02-07 09:40:00,2020,2,7,9,40,94,94080,Avenue de Paris,48.845208,2.431947,Plein jour,En agglomération,Hors intersection,Normale,Deux véhicules - côté,3,2,3,0,1,1,1,0,1,50,2,2,1,0,0,1,31.0,28.0,deux_roues,utilitaire_camion,1,2,1,1,3
202000040618,2020-02-05 16:40:00,2020,2,5,16,40,94,94068,RASPAIL (AV),48.786,2.487,Plein jour,En agglomération,Intersection en X,Normale,Deux véhicules - côté,4,2,2,0,1,1,1,0,1,50,2,2,1,0,0,1,34.0,17.0,voiture,deux_roues,1,2,2,1,3
202000040619,2020-02-07 12:00:00,2020,2,7,12,0,94,94052,STRASBOURG (BD DE),48.8359,2.4748,Plein jour,En agglomération,Hors intersection,Normale,Autre collision,3,3,4,0,1,1,1,5,1,50,1,2,1,0,0,1,68.0,,voiture,,1,2,1,1,6
202000040620,2020-02-07 13:02:00,2020,2,7,13,2,94,94003,ASPASIE JULES CARON (R),48.80096,2.33235,Plein jour,En agglomération,Hors intersection,Temps éblouissant,Trois véhicules et plus - collisions multiples,4,1,1,0,1,1,1,0,1,50,3,2,1,0,0,1,40.0,62.0,voiture,voiture,1,2,1,7,5
202000040621,2020-02-07 05:13:00,2020,2,7,5,13,94,94011,Avenue Jean Rostand,48.76832,2.48736,Nuit avec éclairage allumé,En agglomération,Giratoire,Normale,Autre collision,3,3,0,3,1,4,1,0,4,50,1,2,0,1,1,0,57.0,,deux_roues,,5,2,6,1,6
202000040622,2020-12-07 08:20:00,2020,12,7,8,20,14,14658,D524,48.830812,-1.077137,Crépuscule ou aube,Hors agglomération,Hors intersection,Brouillard / fumée,Trois véhicules et plus - collisions multiples,3,2,2,0,4,1,7,0,1,90,3,3,1,2,0,0,41.0,46.0,utilitaire_camion,voiture,2,1,1,5,5
202000040623,2020-02-10 17:30:00,2020,2,10,17,30,94,94077,VOEUX SAINT GEORGES (R DES),48.731093,2.437098,Plein jour,En agglomération,Hors intersection,Pluie légère,Deux véhicules - arrière,4,2,2,0,1,1,2,0,1,50,2,2,1,0,1,0,38.0,32.0,deux_roues,voiture,1,2,1,2,2
202000040624,2020-12-07 12:15:00,2020,12,7,12,15,14,14047,rue des fossés fondues,49.269282,-0.681421,Plein jour,En agglomération,Hors intersection,Brouillard / fumée,Deux véhicules - frontale,3,2,2,0,1,3,1,0,1,50,2,2,1,0,1,0,66.0,23.0,voiture,deux_roues,1,2,1,5,1
202000040625,2020-12-06 09:10:00,2020,12,6,9,10,29,29103,Rue Théodore Botrel,48.443604,-4.258012,Plein jour,En agglomération,Hors intersection,Normale,Autre collision,4,2,2,0,2,1,2,0,1,50,1,1,0,0,0,1,57.0,,deux_roues,,1,2,1,1,6
202000040626,2020-02-07 16:55:00,2020,2,7,16,55,94,94079,ANDRE ROUY (R),48.82237,2.55355,Plein jour,En agglomération,Hors intersection,Normale,Trois véhicules et plus - collisions multiples,3,2,2,0,1,1,1,0,1,50,3,2,1,0,0,1,43.0,66.0,voiture,voiture,1,2,1,1,5
202000040627,2020-12-07 07:40:00,2020,12,7,7,40,76,76678,D915,49.636273,1.44761,Nuit sans éclairage public,Hors agglomération,Hors intersection,Brouillard / fumée,Deux véhicules - côté,3,2,2,0,1,1,2,0,1,80,2,1,0,0,0,1,62.0,,deux_roues,,3,1,1,5,3
202000040628,2020-02-07 19:30:00,2020,2,7,19,30,94,94018,CARRIERES (QU DES),48.81804,2.41472,Nuit avec éclairage allumé,En agglomération,Hors intersection,Normale,Deux véhicules - arrière,3,2,2,1,2,1,1,0,1,50,2,2,1,0,0,1,56.0,37.0,voiture,deux_roues,5,2,1,1,2
202000040629,2020-02-04 13:00:00,2020,2,4,13,0,94,94018,PARIS (R DE),48.8215,2.41374,Plein jour,En agglomération,Intersection en X,Normale,Autre collision,3,2,4,0,1,1,1,0,1,30,1,2,1,0,0,1,38.0,,voiture,,1,2,2,1,6
202000040630,2020-02-06 19:50:00,2020,2,6,19,50,94,94069,REPUBLIQUE (QU DE LA),48.8178773,2.4238694,Nuit avec éclairage allumé,En agglomération,Hors intersection,Normale,Deux véhicules - côté,3,2,2,0,2,1,1,0,1,50,2,3,1,0,0,2,52.0,26.0,voiture,deux_roues,5,2,1,1,3
202000040631,2020-12-05 20:30:00,2020,12,5,20,30,13,13071,A7-Sens Marseille vers Lyon,43.40692,5.32734,Nuit sans éclairage public,Hors agglomération,Hors intersection,Normale,Trois véhicules et plus - en chaîne,1,1,2,0,2,2,1,0,2,90,3,3,2,0,0,1,35.0,29.0,voiture,deux_roues,3,1,1,1,4
202000040632,2020-02-07 18:00:00,2020,2,7,18,0,94,94017,CHARLES BAUDIN (AV),48.81756,2.55519,Nuit avec éclairage allumé,En agglomération,Autre intersection,Normale,Deux véhicules - côté,4,2,2,0,1,1,1,0,1,50,2,3,2,0,0,1,39.0,20.0,voiture,voiture,5,2,9,1,3
202000040633,2020-12-04 16:30:00,2020,12,4,16,30,13,13215,A7-Sens Lyon vers Marseille,43.3647,5.3604,Plein jour,Hors agglomération,Hors intersection,Pluie légère,Deux véhicules - arrière,1,1,3,0,1,1,2,0,2,90,2,2,1,0,0,1,33.0,58.0,voiture,voiture,1,1,1,2,2
202000040634,2020-02-07 17:30:00,2020,2,7,17,30,94,94071,PENDANTS (R DES),48.772706,2.528037,Plein jour,En agglomération,Hors intersection,Normale,Autre collision,4,2,2,0,3,1,1,0,1,50,1,2,1,0,0,1,19.0,,voiture,,1,2,1,1,6
202000040635,2020-12-05 12:10:00,2020,12,5,12,10,13,13005,A501-Sens Aubagne vers Pont de l'Etoile,43.28863,5.54988,Plein jour,Hors agglomération,Hors intersection,Pluie légère,Autre collision,1,3,2,0,1,1,2,0,1,90,1,1,0,0,1,0,40.0,,deux_roues,,1,1,1,2,6
202000040636,2020-02-07 09:45:00,2020,2,7,9,45,93,93066,"""LANDY RD 20, NR IMPAIRS 146 A 254""",48.9150399,2.3501683,Plein jour,En agglomération,Hors intersection,Normale,Deux véhicules - côté,3,2,2,1,1,1,1,0,1,50,2,2,1,0,0,1,23.0,47.0,voiture,deux_roues,1,2,1,1,3
202000040637,2020-02-03 22:00:00,2020,2,3,22,0,93,93066,WILSON (AVENUE DU PRESIDENT),48.9150827,2.3580224,Nuit avec éclairage allumé,En agglomération,Hors intersection,Pluie forte,Autre collision,3,1,1,0,1,1,2,0,1,50,1,2,1,0,0,1,54.0,,deux_roues,,5,2,1,3,6
202000040638,2020-02-07 12:35:00,2020,2,7,12,35,93,93055,JEAN JAURES (AVENUE) ,48.90362,2.39215,Plein jour,En agglomération,Hors intersection,Normale,Autre collision,3,-1,0,0,1,1,1,9,6,50,1,1,0,0,0,1,,,,,1,2,1,1,6
202000040639,2020-02-07 14:14:00,2020,2,7,14,14,93,93048,PAUL VAILLANT COUTURIER (BOULEVARD),48.8627651,2.4416526,Plein jour,En agglomération,Place,Normale,Autre collision,3,2,1,0,1,1,1,0,1,50,1,1,0,0,0,1,,,,,1,2,7,1,6
202000040640,2020-02-07 08:39:00,2020,2,7,8,39,93,93045,SABLONS RUE DES,48.8822,2.4233,Plein jour,En agglomération,Intersection en X,Normale,Deux véhicules - frontale,4,2,2,0,1,3,1,0,4,30,2,1,0,0,0,1,44.0,,voiture,,1,2,2,1,1
202000040641,2020-12-06 15:45:00,2020,12,6,15,45,33,33096,AUTOROUTE A 10,44.88852,-0.50454,Plein jour,Hors agglomération,Hors intersection,Normale,Autre collision,1,3,6,0,1,1,1,0,3,110,1,2,0,0,0,2,34.0,,voiture,,1,1,1,1,6
202000040642,2020-02-07 09:05:00,2020,2,7,9,5,93,93045,Boulevard Eugène Decros,48.8822916,2.414993,Plein jour,En agglomération,Hors intersection,Normale,Deux véhicules - côté,3,2,2,0,1,1,1,0,1,50,2,2,1,0,0,1,39.0,55.0,deux_roues,voiture,1,2,1,1,3
202000040643,2020-12-06 01:25:00,2020,12,6,1,25,78,78043,A12 Y,48.8414,2.0941,Nuit sans éclairage public,Hors agglomération,Hors intersection,Pluie légère,Sans collision,1,3,6,0,2,2,2,0,1,110,1,1,0,0,0,1,32.0,,voiture,,3,1,1,2,7
202000040644,2020-02-07 22:00:00,2020,2,7,22,0,93,93027,PASTEUR (BOULEVARD) DE 1 A 39,48.92098,2.38311,Nuit avec éclairage allumé,En agglomération,Intersection en T,Normale,Deux véhicules - côté,3,2,2,0,1,1,1,0,1,50,2,2,1,0,0,1,26.0,26.0,deux_roues,voiture,5,2,3,1,3
202000040645,2020-12-06 21:00:00,2020,12,6,21,0,60,60631,AUTOROUTE A1,49.14576,2.57766,Nuit sans éclairage public,Hors agglomération,Hors intersection,Normale,Sans collision,1,3,6,0,1,1,1,0,1,130,1,1,0,0,0,1,28.0,,voiture,,3,1,1,1,7
202000040646,2020-12-06 19:10:00,2020,12,6,19,10,95,95563, A115,49.0115,2.2254,Nuit sans éclairage public,Hors agglomération,Hors intersection,Normale,Autre collision,1,3,4,0,1,1,1,0,1,90,1,2,1,0,0,1,28.0,,voiture,,3,1,1,1,6
202000040647,2020-02-07 15:20:00,2020,2,7,15,20,93,93007,"""JEAN BART (AVENUE """"COTE IMPAIRS"""")""",48.92245,2.46953,Plein jour,En agglomération,Intersection en X,Normale,Autre collision,4,1,1,0,1,2,1,6,1,50,1,2,1,0,0,1,67.0,,utilitaire_camion,,1,2,2,1,6
202000040648,2020-12-06 11:20:00,2020,12,6,11,20,93,93010,AUTOROUTE A3,48.90277,2.47079,Plein jour,Hors agglomération,Hors intersection,Normale,Deux véhicules - arrière,1,3,9,0,1,1,1,0,1,90,2,2,0,0,0,2,19.0,63.0,voiture,voiture,1,1,1,1,2
202000040649,2020-02-06 10:05:00,2020,2,6,10,5,92,92075,LARMEROUX (RUE)/ PAIX (AVENUE DE LA),48.8148,2.27816,Plein jour,En agglomération,Intersection en Y,Normale,Deux véhicules - arrière,3,2,4,0,4,3,1,5,1,50,2,2,1,0,0,1,54.0,29.0,deux_roues,voiture,1,2,4,1,2
202000040650,2020-12-06 06:55:00,2020,12,6,6,55,95,95491, A115,49.00646,2.24352,Nuit sans éclairage public,Hors agglomération,Hors intersection,Pluie légère,Autre collision,1,3,4,0,1,3,2,0,1,90,1,2,0,0,0,2,46.0,,voiture,,3,1,1,2,6
202000040651,2020-02-06 15:25:00,2020,2,6,15,25,92,92022,FRANCE (RUE ANATOLE),48.80472,2.18817,Plein jour,En agglomération,Hors intersection,Normale,Autre collision,3,2,2,0,1,1,1,0,3,50,1,1,0,0,0,1,85.0,,voiture,,1,2,1,1,6
202000040652,2020-12-06 14:30:00,2020,12,6,14,30,94,94069,A4,48.8168253,2.44611,Plein jour,Hors agglomération,Hors intersection,Normale,Deux véhicules - arrière,1,1,4,0,1,1,1,0,1,90,2,3,0,0,0,3,24.0,37.0,utilitaire_camion,voiture,1,1,1,1,2
202000040653,2020-02-05 11:34:00,2020,2,5,11,34,92,92022,CARNOT (RUE),48.811476,2.188611,Plein jour,En agglomération,Hors intersection,Normale,Autre collision,4,1,1,0,2,1,1,0,3,30,1,9,8,0,0,1,55.0,,transport_commun,,1,2,1,1,6
202000040654,2020-02-07 12:55:00,2020,2,7,12,55,92,92033,RAYMOND POINCARE,48.8431169,2.1735086,Plein jour,En agglomération,Autre intersection,Normale,Deux véhicules - frontale,4,2,4,0,1,1,1,0,1,50,2,2,0,0,0,2,39.0,91.0,voiture,voiture,1,2,9,1,1
202000040655,2020-12-06 03:16:00,2020,12,6,3,16,988,98818,ROUTE EXPRESS DU MONT DORE/RUE GEORGES LEQUES,-22.23428,166.48762,Nuit sans éclairage public,Hors agglomération,Intersection en X,Normale,Deux véhicules - frontale,1,3,2,0,4,2,1,2,1,50,2,2,1,0,1,0,47.0,34.0,voiture,voiture,3,1,2,1,1
202000040656,2020-02-07 19:00:00,2020,2,7,19,0,92,92051,CHARTRES (RUE DE ),48.880188,2.2795522,Nuit avec éclairage allumé,En agglomération,Hors intersection,Normale,Autre collision,4,2,2,0,1,1,1,0,1,50,1,2,1,0,0,1,86.0,,voiture,,5,2,1,1,6
202000040657,2020-12-04 07:50:00,2020,12,4,7,50,974,97411,JAURES (BOULEVARD JEAN),-20.92316,55.50148,Plein jour,En agglomération,Autre intersection,Normale,Sans collision,4,1,4,0,1,1,1,0,1,70,1,1,0,0,1,0,31.0,,deux_roues,,1,2,9,1,7
202000040658,2020-02-07 18:25:00,2020,2,7,18,25,92,92062,PESARO BOULEVARD DE,48.8909429,2.2300966,Nuit avec éclairage allumé,En agglomération,Intersection en X,Normale,Deux véhicules - côté,3,1,3,0,1,1,1,0,1,50,2,2,1,0,0,1,31.0,57.0,voiture,deux_roues,5,2,2,1,3
202000040659,2020-12-05 02:00:00,2020,12,5,2,0,973,97302,ROUTE NATIONALE 3,4.90198,-52.31238,Nuit avec éclairage non allumé,Hors agglomération,Hors intersection,Normale,Autre collision,3,2,4,0,1,1,1,0,1,70,1,2,1,0,1,0,37.0,,voiture,,4,1,1,1,6
202000040660,2020-02-06 17:15:00,2020,2,6,17,15,92,92050,JOLIOT CURIE F. ET IRENE AVENUE  N°PAIRS,48.8916732,2.2083807,Crépuscule ou aube,En agglomération,Hors intersection,Normale,Deux véhicules - arrière,3,3,2,0,1,1,1,0,1,50,2,2,1,0,0,1,20.0,42.0,deux_roues,voiture,2,2,1,1,2
202000040661,2020-12-05 16:45:00,2020,12,5,16,45,972,97209,PROFESSEUR RAYMOND GARCIN (RUE DU),14.62469,-61.07865,Plein jour,Hors agglomération,Hors intersection,Normale,Deux véhicules - arrière,3,2,2,0,2,1,1,0,1,50,2,2,1,0,0,1,57.0,47.0,voiture,voiture,1,1,1,1,2
202000040662,2020-02-06 17:28:00,2020,2,6,17,28,92,92007,DORMOY AVENUE MARX N°102 A FIN,48.80966,2.32246,Plein jour,En agglomération,Hors intersection,Normale,Trois véhicules et plus - en chaîne,3,1,2,0,1,1,1,0,1,50,3,3,2,0,0,1,39.0,57.0,voiture,voiture,1,2,1,1,4
202000040663,2020-12-05 08:15:00,2020,12,5,8,15,972,97209,FONTAINE DIDIER (RUE DE LA),14.64334,-61.08587,Plein jour,Hors agglomération,Hors intersection,Normale,Autre collision,4,2,2,0,1,1,1,1,1,30,1,2,1,0,0,1,54.0,,voiture,,1,1,1,1,6
202000040664,2020-02-07 09:45:00,2020,2,7,9,45,92,92026,ABREUVOIR,48.89216,2.25356,Plein jour,Hors agglomération,Giratoire,Normale,Deux véhicules - arrière,3,2,2,0,1,2,1,0,1,50,2,2,1,0,0,1,36.0,76.0,voiture,voiture,1,1,6,1,2
202000040665,2020-02-06 13:35:00,2020,2,6,13,35,92,92024,GENERAL LECLERC (BD DU) (9 A 59)   (4 A,48.9021166,2.3143148,Plein jour,En agglomération,Intersection en X,Normale,Autre collision,3,2,2,0,1,1,1,0,1,50,1,2,1,0,0,1,29.0,,deux_roues,,1,2,2,1,6
202000040666,2020-12-05 01:00:00,2020,12,5,1,0,972,97209,RN9,14.61427,-61.04124,Nuit sans éclairage public,En agglomération,Intersection en Y,Normale,,1,3,6,0,2,4,1,3,1,50,2,1,0,0,0,1,39.0,,deux_roues,,3,2,4,1,-1
202000040667,2020-02-07 17:20:00,2020,2,7,17,20,92,92023,DIVISION LECLERC (RUE DE LA),48.7957,2.2701,Plein jour,En agglomération,Hors intersection,Temps couvert,Autre collision,4,1,1,0,2,1,1,0,1,30,1,2,1,0,0,1,50.0,,voiture,,1,2,1,8,6
202000040668,2020-09-26 15:30:00,2020,9,26,15,30,01,01112,D12,46.10478,5.548868,Plein jour,Hors agglomération,Hors intersection,Pluie forte,Trois véhicules et plus - collisions multiples,3,2,2,0,1,3,2,0,1,-1,3,5,3,0,0,2,42.0,20.0,voiture,voiture,1,1,1,3,5
202000040669,2020-02-07 20:35:00,2020,2,7,20,35,92,92012,JEAN JAURES (BOULEVARD) 63/215 - 70/208,48.8315991,2.2446764,Nuit avec éclairage allumé,En agglomération,Hors intersection,Normale,Deux véhicules - côté,3,2,2,0,1,1,1,0,1,50,2,2,1,0,0,1,42.0,45.0,utilitaire_camion,deux_roues,5,2,1,1,3
202000040670,2020-12-03 22:40:00,2020,12,3,22,40,972,97209,CHATEAUBOEUF (ROUTE DE),14.61879,-61.04503,Nuit avec éclairage allumé,En agglomération,Hors intersection,Normale,Deux véhicules - côté,3,2,2,0,2,1,1,9,1,30,2,3,2,0,1,0,41.0,29.0,voiture,voiture,5,2,1,1,3
202000040671,2020-09-25 21:00:00,2020,9,25,21,0,69,69039,D385,45.9928702,4.5036551,Nuit sans éclairage public,Hors agglomération,Hors intersection,Pluie légère,Deux véhicules - frontale,3,2,2,0,1,2,2,0,1,80,2,2,0,1,0,1,71.0,19.0,voiture,voiture,3,1,1,2,1
202000040672,2020-12-05 14:25:00,2020,12,5,14,25,69,69382,DENUZIERE                           (R ),45.74499,4.81987,Plein jour,En agglomération,Intersection en X,Normale,Deux véhicules - côté,4,1,2,0,1,1,1,0,1,50,2,2,1,0,0,1,48.0,44.0,deux_roues,voiture,1,2,2,1,3
202000040673,2020-09-25 18:35:00,2020,9,25,18,35,69,69227,D311,45.6645565,4.5803564,Crépuscule ou aube,Hors agglomération,Hors intersection,Pluie légère,Trois véhicules et plus - en chaîne,3,2,3,0,2,3,2,0,1,80,3,4,2,1,1,0,39.0,66.0,voiture,voiture,2,1,1,2,4
202000040674,2020-02-07 12:25:00,2020,2,7,12,25,92,92012,PARIS (RUE DE) 97BIS/FIN - 116/FIN,48.841641,2.235863,Plein jour,En agglomération,Intersection en T,Normale,Deux véhicules - côté,3,2,2,0,1,1,1,0,1,50,2,2,1,0,0,1,35.0,38.0,deux_roues,voiture,1,2,3,1,3
202000040675,2020-09-19 15:20:00,2020,9,19,15,20,27,27448,14 Rue Pasteur,49.01835,1.374573,Plein jour,En agglomération,Hors intersection,Normale,,4,2,2,0,1,1,1,0,1,50,2,2,1,0,0,1,34.0,4.0,voiture,deux_roues,1,2,1,1,-1
202000040676,2020-02-08 10:00:00,2020,2,8,10,0,12,12300,107 avenue du Quercy,44.355997,2.026995,Plein jour,En agglomération,Hors intersection,Normale,Sans collision,3,2,2,0,2,1,1,0,1,50,1,1,0,0,1,0,16.0,,deux_roues,,1,2,1,1,7
202000040677,2020-09-26 15:10:00,2020,9,26,15,10,60,60639,Route de l'Aéorport,49.460541,2.113162,Plein jour,En agglomération,Hors intersection,Normale,Sans collision,3,2,2,0,1,2,1,0,1,50,1,1,0,0,0,1,40.0,,deux_roues,,1,2,1,1,7
202000040678,2020-02-07 23:15:00,2020,2,7,23,15,86,86183,105 Route Nationale Dix,46.967344,0.607778,Nuit avec éclairage allumé,En agglomération,Hors intersection,Normale,Autre collision,3,3,1,0,1,1,1,0,4,50,1,1,0,0,1,0,42.0,,utilitaire_camion,,5,2,1,1,6