accident_id,datetime,annee,mois,jour,heure,minute,departement,commune_insee,adresse,latitude,longitude,luminosite,agglomeration,intersection,meteo,collision,catr,circ,nbv,vosp,prof,plan,surf,infra,situ,vma,nb_vehicules,nb_usagers,nb_indemnes,nb_tues,nb_blesses_hosp,nb_blesses_legers,age_cond_1,age_cond_2,veh_type_cond_1,veh_type_cond_2,lum_code,agg_code,int_code,atm_code,col_code
202000040770,2020-09-24 16:25:00,2020,9,24,16,25,78,78029,GARE (RUE DE LA),48.97182,1.84859,Plein jour,En agglomération,Hors intersection,Pluie légère,Autre collision,4,1,2,3,1,1,2,0,1,30,1,2,1,0,0,1,32.0,,voiture,,1,2,1,2,6
202000040771,2020-09-24 17:00:00,2020,9,24,17,0,77,77258,BRIE VPO (ROUTE DE LA BRIE),48.83887,2.62625,Plein jour,En agglomération,Intersection en T,Pluie légère,Deux véhicules - arrière,3,1,1,0,3,1,2,5,1,70,2,2,1,0,0,1,20.0,29.0,voiture,voiture,1,2,3,2,2
202000040772,2020-12-04 15:20:00,2020,12,4,15,20,01,01289,Route de Lent,46.16486,5.22075,Plein jour,Hors agglomération,Intersection en X,Normale,Trois véhicules et plus - collisions multiples,3,2,2,0,1,1,1,5,1,80,3,5,0,0,0,5,22.0,20.0,voiture,voiture,1,1,2,1,5
202000040773,2020-09-24 15:59:00,2020,9,24,15,59,77,77083,ALBERT SCHWEITZER (RUE),48.85417,2.5774,Plein jour,En agglomération,Hors intersection,Pluie légère,Deux véhicules - frontale,4,2,2,0,2,3,2,0,1,50,2,3,2,0,0,1,20.0,25.0,voiture,voiture,1,2,1,2,1
202000040774,2020-12-05 16:20:00,2020,12,5,16,20,75,75116,ECHANGEUR MAILLOT,48.876779,2.278831,Crépuscule ou aube,En agglomération,Intersection en Y,Normale,Sans collision,4,1,2,0,1,3,8,1,1,50,1,1,0,0,0,1,36.0,,deux_roues,,2,2,4,1,7
202000040775,2020-09-24 15:35:00,2020,9,24,15,35,77,77506,D148,48.31375,2.80201,Plein jour,Hors agglomération,Hors intersection,Pluie légère,Deux véhicules - frontale,3,2,2,0,3,3,2,0,1,80,2,2,0,1,0,1,26.0,57.0,deux_roues,voiture,1,1,1,2,1
202000040776,2020-12-04 18:20:00,2020,12,4,18,20,75,75118,BOULEVARD PERIPHERIQUE,48.900931,2.345297,Nuit avec éclairage allumé,En agglomération,Hors intersection,Pluie légère,Deux véhicules - côté,4,1,4,0,1,1,2,0,1,70,2,2,1,0,0,1,77.0,36.0,voiture,utilitaire_camion,5,2,1,2,3
202000040777,2020-09-23 07:15:00,2020,9,23,7,15,76,76540,PONT MATHILDE,49.43067,1.10206,Plein jour,En agglomération,Hors intersection,Normale,Deux véhicules - arrière,3,3,3,0,1,1,1,2,1,70,2,2,1,0,0,1,47.0,24.0,voiture,voiture,1,2,1,1,2
202000040778,2020-12-05 10:50:00,2020,12,5,10,50,75,75120,RUE D AVRON,48.852212,2.403393,Plein jour,En agglomération,Hors intersection,Temps couvert,Deux véhicules - côté,4,2,2,0,1,1,1,0,1,50,2,2,1,0,0,1,40.0,53.0,voiture,deux_roues,1,2,1,8,3
202000040779,2020-09-23 15:52:00,2020,9,23,15,52,76,76351,VALLEE (RUE DE LA),49.4981,0.1612,Plein jour,En agglomération,Hors intersection,Normale,Autre collision,4,2,2,0,1,1,1,0,1,50,1,1,0,0,0,1,24.0,,voiture,,1,2,1,1,6
202000040780,2020-09-23 18:15:00,2020,9,23,18,15,74,74281,GENEVE (AVE DE) JUSQUE CROISEE ANTHY,46.3545624,6.4456523,Plein jour,En agglomération,Hors intersection,Normale,,3,2,2,0,1,1,1,0,1,50,3,3,0,0,2,1,57.0,62.0,deux_roues,voiture,1,2,1,1,-1
202000040781,2020-09-23 07:45:00,2020,9,23,7,45,74,74012,ARVE (QUAI D'),46.18404,6.22984,Crépuscule ou aube,En agglomération,Hors intersection,Pluie légère,Deux véhicules - côté,3,-1,1,0,1,1,2,0,1,50,2,2,1,0,1,0,17.0,28.0,deux_roues,autre,2,2,1,2,3
202000040782,2020-09-23 18:05:00,2020,9,23,18,5,72,72181,BOLLEE (AV) N° PAIRS 64 A 146,48.00201,0.20896,Plein jour,En agglomération,Hors intersection,Pluie légère,Deux véhicules - côté,4,2,4,0,1,1,2,0,1,50,2,2,1,0,0,1,50.0,22.0,voiture,deux_roues,1,2,1,2,3
202000040783,2020-09-22 12:15:00,2020,9,22,12,15,69,69275,ALSACE (D')                         (R ),45.7677,4.95564,Plein jour,En agglomération,Hors intersection,Normale,Autre collision,4,1,1,0,1,1,1,0,1,50,1,2,1,0,1,0,58.0,,voiture,,1,2,1,1,6
202000040784,2020-12-05 14:55:00,2020,12,5,14,55,75,75115,BOULEVARD GARIBALDI,48.84779,2.302494,Plein jour,En agglomération,Intersection en T,Normale,Deux véhicules - côté,4,1,2,1,1,1,1,-1,5,50,2,2,1,0,0,1,21.0,49.0,deux_roues,utilitaire_camion,1,2,3,1,3
202000040785,2020-09-24 07:30:00,2020,9,24,7,30,69,69266,CONDORCET    (Avenue),45.77736,4.86705,Plein jour,En agglomération,Hors intersection,Temps couvert,Deux véhicules - côté,4,2,2,3,1,1,1,0,1,50,2,2,1,0,1,0,20.0,61.0,deux_roues,utilitaire_camion,1,2,1,8,3
202000040786,2020-09-23 16:15:00,2020,9,23,16,15,69,69275,EMILE ZOLA                          (R ),45.76398,4.95618,Plein jour,En agglomération,Hors intersection,Normale,Autre collision,4,2,2,0,1,1,1,0,1,50,1,2,1,0,0,1,44.0,,voiture,,1,2,1,1,6
202000040787,2020-09-23 15:28:00,2020,9,23,15,28,66,66136,SAINT-ASSISCLE (BOULEVARD DE),42.69771,2.87802,Plein jour,En agglomération,Hors intersection,Normale,Autre collision,4,2,4,0,1,1,1,6,1,50,1,2,1,0,1,0,76.0,,voiture,,1,2,1,1,6
202000040788,2020-08-23 07:25:00,2020,8,23,7,25,62,62250,GARE D'HARNES (R DE LA),50.445648,2.920024,Crépuscule ou aube,En agglomération,Hors intersection,Normale,Autre collision,3,2,2,0,1,2,1,0,1,50,1,1,0,0,1,0,54.0,,voiture,,2,2,1,1,6
202000040789,2020-08-17 12:20:00,2020,8,17,12,20,62,62628,RD 262,50.43264,2.86556,Plein jour,En agglomération,Hors intersection,Normale,Deux véhicules - côté,3,2,3,0,1,1,1,0,1,50,2,2,1,0,0,1,29.0,37.0,voiture,deux_roues,1,2,1,1,3
202000040790,2020-09-18 13:15:00,2020,9,18,13,15,62,62643,ROUTE DE LE PORTEL,50.706693,1.579912,Plein jour,En agglomération,Intersection en Y,Normale,Autre collision,3,2,1,0,1,1,1,6,1,50,1,2,1,0,1,0,24.0,,voiture,,1,2,4,1,6
202000040791,2020-09-23 10:10:00,2020,9,23,10,10,56,56185,RN 165,47.77098,-3.37816,Plein jour,Hors agglomération,Hors intersection,Temps couvert,Autre collision,2,1,2,0,1,3,2,3,3,70,1,2,0,0,0,2,41.0,,voiture,,1,1,1,8,6
202000040792,2020-09-23 08:00:00,2020,9,23,8,0,56,56121,KERGUESTENEN (RUE  DE ),47.75141,-3.39289,Crépuscule ou aube,En agglomération,Intersection en T,Pluie légère,Deux véhicules - arrière,4,2,2,0,1,1,2,0,1,30,2,2,1,0,0,1,35.0,18.0,voiture,deux_roues,2,2,3,2,2
202000040793,2020-09-23 08:50:00,2020,9,23,8,50,54,54395,POINCARE (RUE RAYMOND 31-32 A FIN),48.6910312,6.1751774,Plein jour,En agglomération,Intersection en Y,Normale,Autre collision,4,1,3,3,1,1,1,0,1,30,1,2,1,0,0,1,53.0,,voiture,,1,2,4,1,6
202000040794,2020-09-22 04:05:00,2020,9,22,4,5,50,50129,TOUR CARREE (RUE),49.64095,-1.62307,Nuit avec éclairage allumé,En agglomération,Intersection en T,Normale,Autre collision,4,1,1,0,1,1,1,0,1,30,1,2,1,0,0,1,20.0,,voiture,,5,2,3,1,6
202000040795,2020-09-23 12:15:00,2020,9,23,12,15,49,49007,MAINE,47.47833,-0.54697,Plein jour,En agglomération,Intersection en X,Normale,Deux véhicules - côté,4,1,1,0,1,1,1,0,1,30,2,2,0,0,1,1,34.0,71.0,utilitaire_camion,voiture,1,2,2,1,3
202000040796,2020-09-21 16:45:00,2020,9,21,16,45,45,45004,Rue Raymond Tellier,47.97344,2.76839,Plein jour,En agglomération,Hors intersection,Normale,Deux véhicules - arrière,4,2,2,0,2,1,1,0,1,30,2,2,1,0,0,1,32.0,72.0,voiture,deux_roues,1,2,1,1,2
202000040797,2020-09-23 18:30:00,2020,9,23,18,30,44,44114,Route de Basse Indre,47.26721,-1.62207,Plein jour,Hors agglomération,Hors intersection,Normale,,7,2,0,0,2,4,2,0,1,50,2,2,1,0,0,1,56.0,34.0,transport_commun,voiture,1,1,1,1,-1
202000040798,2020-09-18 15:45:00,2020,9,18,15,45,44,44109,Boulevard Pasteur,47.21272,-1.58104,Plein jour,En agglomération,Hors intersection,Normale,Autre collision,4,2,0,0,1,1,2,0,1,50,1,2,1,0,1,0,77.0,,voiture,,1,2,1,1,6
202000040799,2020-09-18 12:57:00,2020,9,18,12,57,37,37261,MALRAUX (QUAI ANDRE),47.3975083,0.6994517,Plein jour,En agglomération,Intersection en X,Normale,Deux véhicules - côté,3,-1,-1,0,1,1,1,5,1,50,2,3,1,0,0,2,19.0,24.0,voiture,deux_roues,1,2,2,1,3
202000040800,2020-12-04 13:00:00,2020,12,4,13,0,75,75115,RUE DE LA CROIX NIVERT,48.845948,2.298703,Plein jour,En agglomération,Intersection en X,Normale,Autre collision,4,2,2,0,1,1,1,0,1,50,1,3,2,0,0,1,24.0,,utilitaire_camion,,1,2,2,1,6
202000040801,2020-09-24 17:20:00,2020,9,24,17,20,35,35238,CANADA (AVENUE DU),48.085471,-1.682294,Plein jour,En agglomération,Hors intersection,Normale,Autre collision,4,2,2,2,1,1,1,0,1,50,1,2,1,0,0,1,20.0,,voiture,,1,2,1,1,6
202000040802,2020-09-24 14:30:00,2020,9,24,14,30,35,35238,RN136 porte de Lorient,48.111,-1.7181,Plein jour,Hors agglomération,Autre intersection,Pluie légère,Trois véhicules et plus - en chaîne,2,3,6,0,1,1,2,0,1,90,3,4,2,0,0,2,54.0,31.0,utilitaire_camion,utilitaire_camion,1,1,9,2,4
202000040803,2020-09-24 17:36:00,2020,9,24,17,36,33,33063,RUE DE LA BENAUGE,44.8395793,-0.5585347,Plein jour,En agglomération,Hors intersection,Pluie forte,Deux véhicules - côté,4,2,2,0,1,1,2,0,1,30,2,2,1,0,0,1,8.0,26.0,deux_roues,voiture,1,2,1,3,3
202000040804,2020-09-24 17:00:00,2020,9,24,17,0,33,33063,RUE LAJAUNIE,44.85448,-0.54389,Plein jour,En agglomération,Hors intersection,Normale,Autre collision,4,1,3,2,1,1,1,0,1,50,1,1,0,0,0,1,,,,,1,2,1,1,6
202000040805,2020-09-24 09:00:00,2020,9,24,9,0,33,33318,AVE DU GENERAL LECLERC,44.78615,-0.68133,Plein jour,En agglomération,Giratoire,Pluie légère,Sans collision,4,2,4,2,1,1,2,5,1,50,1,1,0,0,0,1,21.0,,deux_roues,,1,2,6,2,7
202000040806,2020-09-22 13:35:00,2020,9,22,13,35,31,31555,CHE DU CHATEAU DE L HERS,43.60148,1.48258,Plein jour,En agglomération,Hors intersection,Normale,Autre collision,4,2,2,0,1,1,1,0,1,30,1,2,1,0,1,0,31.0,,voiture,,1,2,1,1,6
202000040807,2020-09-24 23:05:00,2020,9,24,23,5,30,30189,TRIAIRE SERGENT (BOULEVARD),43.82588,4.35559,Nuit avec éclairage allumé,En agglomération,Hors intersection,Pluie légère,,4,3,4,0,1,1,2,0,1,50,2,3,1,0,0,2,19.0,,voiture,,5,2,1,2,-1
202000040808,2020-09-24 21:20:00,2020,9,24,21,20,29,29232,Rue du Frugy,47.98812,-4.10553,Nuit avec éclairage allumé,En agglomération,Hors intersection,Pluie forte,Autre collision,4,2,2,0,2,2,2,0,4,50,1,5,0,0,0,5,19.0,,voiture,,5,2,1,3,6
202000040809,2020-12-05 18:35:00,2020,12,5,18,35,75,75113,RUE DE TOLBIAC,48.825955,2.352772,Nuit avec éclairage allumé,En agglomération,Intersection en T,Pluie légère,Autre collision,4,2,3,0,2,1,2,0,1,50,1,2,1,0,0,1,21.0,,voiture,,5,2,3,2,6
202000040810,2020-09-24 07:20:00,2020,9,24,7,20,29,29019,Rue Marcellin Duval,48.4144412,-4.4868042,Nuit avec éclairage allumé,En agglomération,Intersection en T,Pluie légère,Deux véhicules - frontale,4,2,2,0,2,1,2,5,1,50,2,2,1,0,1,0,49.0,24.0,deux_roues,voiture,5,2,3,2,1
202000040811,2020-12-05 16:45:00,2020,12,5,16,45,75,75113,RUE PINEL,48.834264,2.358857,Nuit avec éclairage allumé,En agglomération,Hors intersection,Pluie légère,Autre collision,4,2,2,0,1,1,2,0,1,50,1,1,0,0,0,1,29.0,,voiture,,5,2,1,2,6
202000040812,2020-09-24 08:00:00,2020,9,24,8,0,22,22278,71° RI (DU),48.510877,-2.759189,Crépuscule ou aube,En agglomération,Giratoire,Pluie forte,,4,2,2,1,1,1,2,0,1,50,2,2,1,0,0,1,51.0,24.0,voiture,deux_roues,2,2,6,3,-1
202000040813,2020-12-03 22:35:00,2020,12,3,22,35,75,75112,RUE DU FAUBOURG SAINT ANTOINE,48.849679,2.387352,Nuit avec éclairage allumé,En agglomération,Intersection en T,Pluie légère,Autre collision,4,2,4,0,1,1,2,0,1,50,1,1,0,0,0,1,82.0,,voiture,,5,2,3,2,6
202000040814,2020-12-05 17:00:00,2020,12,5,17,0,75,75103,RUE VIEILLE DU TEMPLE,48.859129,2.359437,Nuit avec éclairage allumé,En agglomération,Hors intersection,Pluie légère,Autre collision,4,1,1,0,1,1,2,0,1,50,1,2,1,0,0,1,58.0,,voiture,,5,2,1,2,6
202000040815,2020-09-19 15:30:00,2020,9,19,15,30,22,22106,EIFFEL (RUE GUSTAVE),48.50038,-2.73598,Plein jour,En agglomération,Intersection en T,Normale,Deux véhicules - côté,4,-1,2,0,1,1,1,0,1,50,2,3,2,0,0,1,18.0,51.0,voiture,voiture,1,2,3,1,3
202000040816,2020-12-05 09:20:00,2020,12,5,9,20,75,75103,RUE REAUMUR,48.865974,2.353779,Crépuscule ou aube,En agglomération,Intersection en X,Normale,,4,1,3,0,1,1,1,0,1,50,2,1,0,0,0,1,40.0,,deux_roues,,2,2,2,1,-1
202000040817,2020-09-24 17:20:00,2020,9,24,17,20,17,17300,GRASSET   AVENUE EDMOND (159),46.16412,-1.17506,Plein jour,En agglomération,Hors intersection,Pluie forte,Autre collision,4,2,2,0,3,1,2,0,1,50,1,3,2,0,0,1,80.0,,voiture,,1,2,1,3,6
202000040818,2020-11-07 15:20:00,2020,11,7,15,20,94,94081,HENRI BARBUSSE (AV),48.79277,2.39064,Plein jour,En agglomération,Hors intersection,Normale,Deux véhicules - côté,3,2,2,0,1,1,1,0,1,50,2,2,1,0,0,1,41.0,26.0,voiture,deux_roues,1,2,1,1,3
202000040819,2020-12-05 13:00:00,2020,12,5,13,0,94,94073,Boulevard du Nord,48.7593049,2.3710643,Plein jour,En agglomération,Hors intersection,Normale,Autre collision,4,1,1,0,1,2,1,0,1,50,1,2,1,0,0,1,21.0,,voiture,,1,2,1,1,6
202000040820,2020-09-23 16:23:00,2020,9,23,16,23,16,16015,PERGAUD (RUE LOUIS),45.64129,0.13169,Plein jour,En agglomération,Hors intersection,Normale,Deux véhicules - frontale,4,2,2,0,1,1,1,0,1,50,2,2,0,0,1,1,50.0,44.0,voiture,deux_roues,1,2,1,1,1
202000040821,2020-12-05 14:50:00,2020,12,5,14,50,94,94002,LATERAL (CHE),48.8147,2.41667,Plein jour,En agglomération,Intersection en T,Normale,Autre collision,3,2,2,-1,1,1,1,0,1,-1,1,2,1,0,0,1,28.0,,voiture,,1,2,3,1,6
202000040822,2020-09-22 12:40:00,2020,9,22,12,40,14,14366,LIVAROT (CD579 ROUTE DE),49.130068,0.225121,Plein jour,Hors agglomération,Intersection en T,Normale,Deux véhicules - côté,3,2,2,0,1,1,1,9,1,50,2,2,1,0,0,1,70.0,20.0,voiture,voiture,1,1,3,1,3
202000040823,2020-12-04 19:15:00,2020,12,4,19,15,94,94002,BLANQUI (QU),48.79819,2.42042,Nuit avec éclairage allumé,En agglomération,Intersection en X,Pluie légère,Deux véhicules - côté,3,1,3,0,1,1,2,5,1,50,2,2,1,0,0,1,44.0,38.0,voiture,voiture,5,2,2,2,3
202000040824,2020-09-24 17:05:00,2020,9,24,17,5,13,13117,LA BASTIDE BLANCHE CD 9,43.4311253,5.2655217,Plein jour,En agglomération,Giratoire,Pluie légère,Deux véhicules - côté,3,3,4,0,1,1,2,5,1,50,2,1,0,0,0,1,18.0,,deux_roues,,1,2,6,2,3
202000040825,2020-09-19 04:40:00,2020,9,19,4,40,13,13209,LA PUGETTE (BOULEVARD),43.268212,5.400336,Nuit avec éclairage allumé,En agglomération,Hors intersection,Normale,Deux véhicules - côté,4,2,2,0,1,1,1,0,1,50,2,4,3,0,0,1,22.0,,voiture,,5,2,1,1,3
202000040826,2020-12-04 23:15:00,2020,12,4,23,15,93,93066,WILSON (AVENUE DU PRESIDENT),48.9065415,2.3587832,Nuit avec éclairage allumé,En agglomération,Intersection en X,Pluie légère,Deux véhicules - côté,3,1,2,0,1,1,2,0,1,50,2,2,1,0,0,1,55.0,18.0,voiture,deux_roues,5,2,2,2,3
202000040827,2020-12-05 19:05:00,2020,12,5,19,5,93,93031,RTE DE SAINT LEU,48.95303,2.33677,Nuit avec éclairage allumé,En agglomération,Hors intersection,Pluie légère,Autre collision,3,2,4,1,1,1,2,9,5,50,1,1,0,0,0,1,,,,,5,2,1,2,6
202000040828,2020-09-24 18:15:00,2020,9,24,18,15,13,13214,SAINTE MARTHE (chemin),43.34362,5.385347,Plein jour,En agglomération,Intersection en T,Temps couvert,Deux véhicules - côté,3,2,4,0,1,1,1,0,1,50,2,4,0,0,0,4,26.0,22.0,voiture,voiture,1,2,3,8,3
202000040829,2020-12-05 17:40:00,2020,12,5,17,40,92,92073,DUCLAUX (RUE EMILE),48.8779258,2.2340123,Nuit avec éclairage allumé,En agglomération,Hors intersection,Pluie forte,Deux véhicules - côté,4,1,1,0,1,1,3,0,1,30,2,2,1,0,0,1,48.0,41.0,voiture,deux_roues,5,2,1,3,3
202000040830,2020-09-24 15:50:00,2020,9,24,15,50,13,13208,ROUET (RUE DU),43.2761821,5.3948826,Plein jour,En agglomération,Intersection en X,Temps couvert,Deux véhicules - côté,4,2,2,1,1,1,1,0,1,30,2,3,2,0,0,1,72.0,35.0,deux_roues,voiture,1,2,2,8,3
202000040831,2020-12-05 11:25:00,2020,12,5,11,25,92,92035,Aigle ( rue de l' ),48.9033333,2.2443491,Plein jour,En agglomération,Hors intersection,Temps couvert,Autre collision,4,2,2,0,1,1,1,0,4,50,1,2,1,0,0,1,40.0,,utilitaire_camion,,1,2,1,8,6
202000040832,2020-09-24 14:03:00,2020,9,24,14,3,13,13202,CAMILLE PELLETAN (AVENUE),43.3038352,5.3736823,Plein jour,En agglomération,Hors intersection,Normale,Autre collision,4,2,3,3,1,1,1,9,6,50,1,2,1,0,0,1,46.0,,voiture,,1,2,1,1,6
202000040833,2020-09-24 13:15:00,2020,9,24,13,15,13,13212,24 AVRIL 15 (AVENUE DU),43.3078,5.429,Plein jour,En agglomération,Hors intersection,Normale,Deux véhicules - côté,4,2,2,0,1,1,1,0,1,50,2,2,0,0,0,2,56.0,52.0,voiture,voiture,1,2,1,1,3
202000040834,2020-12-05 11:35:00,2020,12,5,11,35,92,92060,LEON BLUM (AVENUE) (RD 75),48.77489,2.25476,Plein jour,En agglomération,Autre intersection,Normale,Deux véhicules - côté,3,2,5,0,1,1,1,0,1,50,2,2,1,0,0,1,35.0,19.0,deux_roues,utilitaire_camion,1,2,9,1,3
202000040835,2020-09-24 06:45:00,2020,9,24,6,45,13,13213,ALBERT EINSTEIN (RUE),43.339255,5.439155,Nuit avec éclairage allumé,En agglomération,Hors intersection,Normale,Autre collision,4,2,2,0,1,1,1,0,1,50,1,1,0,0,0,1,,,,,5,2,1,1,6
202000040836,2020-12-04 22:50:00,2020,12,4,22,50,92,92012,MEUDON (RUE DE) - COTE PAIR,48.82552,2.24193,Nuit avec éclairage allumé,En agglomération,Intersection en X,Normale,Deux véhicules - frontale,4,2,2,0,1,1,2,0,1,50,2,2,0,0,0,2,34.0,23.0,deux_roues,voiture,5,2,2,1,1
202000040837,2020-09-24 06:20:00,2020,9,24,6,20,13,13075,MARIUS MASSE (BD),43.36214,5.46396,Crépuscule ou aube,En agglomération,Hors intersection,Normale,Autre collision,4,2,-1,0,1,1,1,0,1,50,1,1,0,0,0,1,,,,,2,2,1,1,6
202000040838,2020-09-23 20:45:00,2020,9,23,20,45,13,13205,SAINT JEAN DU DESERT (CHEMIN),43.2936,5.407,Nuit avec éclairage allumé,En agglomération,Hors intersection,Normale,Deux véhicules - côté,4,2,2,0,1,1,1,0,1,50,2,2,1,0,1,0,32.0,31.0,utilitaire_camion,deux_roues,5,2,1,1,3
202000040839,2020-09-23 14:15:00,2020,9,23,14,15,13,13047,AVENUE DE LA CRAU,43.591955,4.94033,Plein jour,Hors agglomération,Hors intersection,Normale,Trois véhicules et plus - collisions multiples,4,2,-1,0,1,1,1,0,1,80,3,3,2,0,0,1,35.0,50.0,voiture,voiture,1,1,1,1,5
202000040840,2020-09-23 11:45:00,2020,9,23,11,45,13,13047,FREDERIC MISTRAL BOULEVARD,43.514753,4.989059,Plein jour,En agglomération,Hors intersection,Normale,Autre collision,4,1,1,0,1,3,1,8,4,50,1,2,1,0,0,1,39.0,,voiture,,1,2,1,1,6
202000040841,2020-12-05 17:20:00,2020,12,5,17,20,2A,2A071,Celaccia,41.739761,8.927904,Nuit sans éclairage public,Hors agglomération,Hors intersection,Pluie forte,Deux véhicules - frontale,2,2,2,0,2,2,2,0,1,80,2,3,0,1,0,2,73.0,34.0,voiture,voiture,3,1,1,3,1
202000040842,2020-09-23 14:20:00,2020,9,23,14,20,13,13005,RD 43 C,43.30562,5.59217,Plein jour,Hors agglomération,Intersection en T,Normale,Deux véhicules - côté,3,2,2,1,1,1,1,0,1,70,2,2,1,0,0,1,70.0,18.0,voiture,deux_roues,1,1,3,1,3
202000040843,2020-12-05 14:50:00,2020,12,5,14,50,83,83057,A8,43.406419,6.189165,Plein jour,Hors agglomération,Hors intersection,Pluie légère,Deux véhicules - côté,1,3,5,0,4,2,2,0,1,110,2,4,1,0,0,3,46.0,40.0,voiture,voiture,1,1,1,2,3
202000040844,2020-12-06 16:45:00,2020,12,6,16,45,974,97412,Chemin de Cap Blanc,-21.31126,55.639999,Plein jour,En agglomération,Hors intersection,Normale,Deux véhicules - frontale,4,2,2,0,2,1,1,0,1,30,2,2,1,0,1,0,37.0,27.0,voiture,deux_roues,1,2,1,1,1
202000040845,2020-12-04 17:35:00,2020,12,4,17,35,51,51093,D951,48.990194,3.887669,Nuit sans éclairage public,Hors agglomération,Hors intersection,Normale,Sans collision,3,2,2,0,3,1,2,0,3,80,1,1,0,0,1,0,85.0,,voiture,,3,1,1,1,7
202000040846,2020-12-06 04:15:00,2020,12,6,4,15,60,60102,D200,49.3114687,2.549899,Nuit sans éclairage public,Hors agglomération,Hors intersection,Pluie légère,Autre collision,3,2,3,0,2,1,2,0,1,80,1,4,3,1,0,0,45.0,,voiture,,3,1,1,2,6
202000040847,2020-09-20 03:35:00,2020,9,20,3,35,12,12174,RN88 (ROCADE),44.334157,2.554897,Nuit sans éclairage public,Hors agglomération,Hors intersection,Pluie forte,Autre collision,2,3,3,0,1,3,2,0,1,70,1,2,0,0,1,1,22.0,,voiture,,3,1,1,3,6
202000040848,2020-12-06 04:22:00,2020,12,6,4,22,80,80637,D40,50.140028,1.76396,Nuit sans éclairage public,Hors agglomération,Hors intersection,Normale,Autre collision,3,3,2,0,1,1,2,0,8,80,1,1,0,1,0,0,33.0,,voiture,,3,1,1,1,6
202000040849,2020-11-23 19:00:00,2020,11,23,19,0,80,80282,Rue de la Gatelette,50.052902,1.876618,Nuit avec éclairage allumé,En agglomération,Intersection en T,Normale,Autre collision,4,2,2,0,1,1,1,0,1,50,1,2,1,0,1,0,33.0,,voiture,,5,2,3,1,6
202000040850,2020-09-24 12:33:00,2020,9,24,12,33,06,06088,MERCANTOUR (BD),43.713741,7.18718,Plein jour,En agglomération,Hors intersection,Normale,Deux véhicules - arrière,4,1,3,0,1,1,2,0,1,50,2,2,0,0,0,2,41.0,67.0,voiture,voiture,1,2,1,1,2
202000040851,2020-09-25 00:05:00,2020,9,25,0,5,06,06069,BASSES RIBES (CHEMIN DES),43.650992,6.908899,Nuit sans éclairage public,En agglomération,Hors intersection,Normale,Sans collision,3,2,1,0,1,1,2,9,1,50,1,2,1,0,0,1,19.0,,voiture,,3,2,1,1,7
202000040852,2020-12-02 14:30:00,2020,12,2,14,30,89,89378,D957,47.507853,3.934886,Plein jour,Hors agglomération,Intersection en X,Normale,Deux véhicules - frontale,3,2,2,0,1,1,1,9,1,80,2,3,2,0,1,0,67.0,28.0,voiture,utilitaire_camion,1,1,2,1,1
202000040853,2020-12-05 18:00:00,2020,12,5,18,0,42,42136,Route de Saint Bonnet,45.696828,3.978682,Nuit sans éclairage public,Hors agglomération,Hors intersection,Normale,Sans collision,3,2,2,0,1,3,1,0,1,80,1,1,0,0,0,1,21.0,,voiture,,3,1,1,1,7
202000040854,2020-09-24 19:05:00,2020,9,24,19,5,01,01344,TREVOUX (AVENUE DE),46.20033,5.19503,Crépuscule ou aube,En agglomération,Hors intersection,Pluie légère,Autre collision,3,-1,2,0,1,1,2,0,1,50,1,3,1,0,0,2,70.0,,voiture,,2,2,1,2,6
202000040855,2020-12-06 06:15:00,2020,12,6,6,15,34,34332,D612,43.310382,3.402285,Nuit sans éclairage public,Hors agglomération,Autre intersection,Normale,Autre collision,3,3,2,0,1,1,1,0,1,90,1,2,1,0,1,0,20.0,,voiture,,3,1,9,1,6
202000040856,2020-09-23 17:55:00,2020,9,23,17,55,75,75118,BOULEVARD PERIPHERIQUE,48.900899,2.361608,Plein jour,En agglomération,Hors intersection,Normale,Deux véhicules - côté,4,1,4,0,1,1,1,0,1,70,2,2,1,0,0,1,27.0,58.0,deux_roues,voiture,1,2,1,1,3
202000040857,2020-09-23 18:04:00,2020,9,23,18,4,75,75119,BOULEVARD PERIPHERIQUE,48.882809,2.400819,Plein jour,En agglomération,Hors intersection,Temps couvert,Deux véhicules - arrière,4,1,4,0,1,1,2,0,1,70,2,2,1,0,0,1,53.0,22.0,deux_roues,voiture,1,2,1,8,2
202000040858,2020-12-06 06:40:00,2020,12,6,6,40,44,44005,D751,47.115584,-1.950942,Nuit avec éclairage allumé,Hors agglomération,Hors intersection,Normale,Autre collision,3,1,1,0,1,3,2,0,3,-1,1,2,0,0,0,2,23.0,,voiture,,5,1,1,1,6
202000040859,2020-09-24 19:01:00,2020,9,24,19,1,75,75112,BOULEVARD PERIPHERIQUE EXTERIEUR SUD,48.835917,2.412257,Nuit avec éclairage allumé,En agglomération,Hors intersection,Pluie forte,Deux véhicules - arrière,4,1,5,0,1,2,2,0,1,70,2,4,3,0,0,1,29.0,23.0,deux_roues,utilitaire_camion,5,2,1,3,2
202000040860,2020-12-05 08:50:00,2020,12,5,8,50,84,84052,D 956 PK 9 + 500,43.768971,5.604637,Plein jour,Hors agglomération,Hors intersection,Pluie légère,Autre collision,3,2,2,0,1,1,7,0,3,80,1,1,0,0,1,0,19.0,,voiture,,1,1,1,2,6
202000040861,2020-09-24 18:35:00,2020,9,24,18,35,75,75119,RUE CURIAL,48.892577,2.372796,Plein jour,En agglomération,Hors intersection,Pluie légère,Autre collision,4,1,2,1,1,1,2,-1,5,30,1,2,0,0,0,2,19.0,,deux_roues,,1,2,1,2,6
202000040862,2020-12-05 13:40:00,2020,12,5,13,40,90,90097,D437,47.572476,6.860796,Plein jour,En agglomération,Hors intersection,Normale,Sans collision,3,2,2,0,1,1,1,0,1,50,1,1,0,0,1,0,47.0,,deux_roues,,1,2,1,1,7