accident_id,datetime,annee,mois,jour,heure,minute,departement,commune_insee,adresse,latitude,longitude,luminosite,agglomeration,intersection,meteo,collision,catr,circ,nbv,vosp,prof,plan,surf,infra,situ,vma,nb_vehicules,nb_usagers,nb_indemnes,nb_tues,nb_blesses_hosp,nb_blesses_legers,age_cond_1,age_cond_2,veh_type_cond_1,veh_type_cond_2,lum_code,agg_code,int_code,atm_code,col_code
202000040863,2020-09-24 15:00:00,2020,9,24,15,0,75,75119,AVENUE SIMON BOLIVAR,48.875989,2.381313,Plein jour,En agglomération,Intersection en Y,Pluie légère,Deux véhicules - côté,4,2,4,0,3,1,2,0,1,50,2,2,1,0,0,1,61.0,25.0,voiture,deux_roues,1,2,4,2,3
202000040864,2020-09-23 23:50:00,2020,9,23,23,50,75,75118,RUE ORDENER,48.892041,2.346964,Nuit avec éclairage allumé,En agglomération,Intersection en T,Pluie légère,Autre collision,4,2,2,0,1,1,2,0,1,50,1,2,1,0,0,1,40.0,,voiture,,5,2,3,2,6
202000040865,2020-09-24 19:05:00,2020,9,24,19,5,75,75117,AVENUE DE CLICHY,48.889713,2.321714,Crépuscule ou aube,En agglomération,Intersection en X,Pluie légère,Sans collision,4,2,2,3,2,1,2,0,1,50,1,1,0,0,0,1,46.0,,deux_roues,,2,2,2,2,7
202000040866,2020-09-24 08:45:00,2020,9,24,8,45,75,75117,AVENUE DE VILLIERS,48.883065,2.308348,Plein jour,En agglomération,Intersection à plus de 4 branches,Normale,Deux véhicules - côté,4,2,2,0,1,1,1,0,1,30,2,2,1,0,0,1,23.0,50.0,deux_roues,voiture,1,2,5,1,3
202000040867,2020-12-05 02:30:00,2020,12,5,2,30,53,53165,Grugé,47.844561,-1.011477,Nuit sans éclairage public,Hors agglomération,Hors intersection,Normale,Sans collision,3,2,2,0,1,1,1,0,3,80,1,1,0,0,1,0,25.0,,voiture,,3,1,1,1,7
202000040868,2020-01-09 17:55:00,2020,1,9,17,55,2B,2B042,28 Rue des Alouettes,42.550796,9.442236,Nuit avec éclairage allumé,En agglomération,Hors intersection,Normale,Autre collision,2,3,2,0,1,1,1,6,1,50,1,2,1,1,0,0,58.0,,utilitaire_camion,,5,2,1,1,6
202000040869,2020-09-24 02:10:00,2020,9,24,2,10,75,75116,PLACE DE LA PORTE MAILLOT,48.878196,2.281148,Nuit avec éclairage allumé,En agglomération,Place,Normale,Deux véhicules - arrière,4,1,0,0,1,3,1,0,1,50,2,4,2,0,0,2,28.0,36.0,voiture,voiture,5,2,7,1,2
202000040870,2020-12-06 16:30:00,2020,12,6,16,30,04,04004,Ch du Vallon de Pinet,43.807534,6.010809,Plein jour,Hors agglomération,Hors intersection,Normale,Autre collision,4,2,1,0,1,1,3,0,1,80,1,1,0,0,1,0,18.0,,deux_roues,,1,1,1,1,6
202000040871,2020-01-09 13:50:00,2020,1,9,13,50,84,84078,Quartier les genestes,44.242394,4.734616,Plein jour,Hors agglomération,Autre intersection,Normale,Deux véhicules - côté,4,2,2,0,1,2,1,9,1,80,2,2,1,0,1,0,16.0,44.0,deux_roues,voiture,1,1,9,1,3
202000040872,2020-01-08 17:30:00,2020,1,8,17,30,06,06157,1055 Avenue Rhin et Danube,43.725307,7.094304,Nuit sans éclairage public,En agglomération,Hors intersection,Normale,Deux véhicules - côté,9,2,2,2,1,1,1,0,1,50,2,2,1,0,0,1,29.0,45.0,voiture,deux_roues,3,2,1,1,3
202000040873,2020-09-24 09:25:00,2020,9,24,9,25,75,75115,RUE DE JAVEL,48.844441,2.284671,Plein jour,En agglomération,Intersection en T,Normale,Autre collision,4,1,1,0,1,1,1,0,1,50,1,2,1,0,0,1,54.0,,deux_roues,,1,2,3,1,6
202000040874,2020-12-06 04:00:00,2020,12,6,4,0,85,85095,Le Rorthais,46.856244,-1.762555,Nuit sans éclairage public,Hors agglomération,Hors intersection,Temps couvert,Autre collision,3,2,2,0,1,1,2,0,1,80,1,2,1,1,0,0,30.0,,voiture,,3,1,1,8,6
202000040875,2020-01-08 18:02:00,2020,1,8,18,2,04,04245,RD 4096 Av des Farigoules num 402,43.8753039,5.8435267,Nuit sans éclairage public,En agglomération,Hors intersection,Normale,Autre collision,3,2,2,0,1,1,1,0,1,50,1,2,1,0,1,0,57.0,,utilitaire_camion,,3,2,1,1,6
202000040876,2020-09-22 22:35:00,2020,9,22,22,35,75,75115,RUE LINOIS,48.849164,2.281788,Nuit avec éclairage allumé,En agglomération,Place,Normale,,4,2,2,1,1,1,1,-1,5,50,2,1,0,0,0,1,22.0,,deux_roues,,5,2,7,1,-1
202000040877,2020-09-24 19:15:00,2020,9,24,19,15,35,35210,Lieu dit Beauséjour,48.163252,-1.770644,Plein jour,Hors agglomération,Hors intersection,Normale,Deux véhicules - côté,4,2,2,0,2,3,1,0,1,80,2,2,1,0,0,1,51.0,30.0,voiture,voiture,1,1,1,1,3
202000040878,2020-12-05 17:35:00,2020,12,5,17,35,68,68278,Rue de Zimmersheim,47.728182,7.380624,Nuit sans éclairage public,Hors agglomération,Hors intersection,Normale,Autre collision,3,2,2,1,1,3,1,0,1,70,1,1,0,0,0,1,51.0,,deux_roues,,3,1,1,1,6
202000040879,2020-01-05 14:45:00,2020,1,5,14,45,13,13022,CD 59 A,43.224466,5.551686,Plein jour,Hors agglomération,Hors intersection,Normale,Sans collision,3,2,2,0,2,1,1,0,3,80,1,2,0,0,2,0,27.0,,deux_roues,,1,1,1,1,7
202000040880,2020-09-24 19:50:00,2020,9,24,19,50,75,75114,BOULEVARD PERIPHERIQUE,48.820927,2.321828,Nuit sans éclairage public,En agglomération,Hors intersection,Pluie légère,Trois véhicules et plus - en chaîne,4,1,6,0,1,1,2,0,1,70,4,4,3,0,0,1,35.0,44.0,deux_roues,deux_roues,3,2,1,2,4
202000040881,2020-12-06 18:40:00,2020,12,6,18,40,13,13018,A7 - Pk 202+000 - Sens S/N,43.871416,4.956894,Nuit sans éclairage public,Hors agglomération,Hors intersection,Normale,Deux véhicules - arrière,1,3,5,0,1,1,2,0,1,130,2,2,0,0,0,2,32.0,22.0,voiture,voiture,3,1,1,1,2
202000040882,2020-01-08 12:20:00,2020,1,8,12,20,71,71024,D982,46.2956083,4.0402719,Plein jour,Hors agglomération,Intersection en X,Pluie légère,Deux véhicules - arrière,3,2,2,0,1,1,2,0,1,80,2,2,1,0,1,0,59.0,86.0,voiture,voiture,1,1,2,2,2
202000040883,2020-09-24 19:05:00,2020,9,24,19,5,75,75113,BOULEVARD DE L HOPITAL,48.836569,2.359296,Crépuscule ou aube,En agglomération,Intersection à plus de 4 branches,Pluie légère,Autre collision,4,2,4,3,2,1,2,0,1,50,1,2,1,0,0,1,19.0,,deux_roues,,2,2,5,2,6
202000040884,2020-12-05 12:50:00,2020,12,5,12,50,971,97117,Chemin Departemental 117 de Ste Marie d'Arles,16.3022398,-61.3286448,Plein jour,Hors agglomération,Hors intersection,Normale,Deux véhicules - frontale,3,2,2,0,1,1,1,0,1,80,2,2,0,1,0,1,83.0,27.0,voiture,utilitaire_camion,1,1,1,1,1
202000040885,2020-01-08 09:52:00,2020,1,8,9,52,74,74018,D19,46.095994,6.341783,Plein jour,Hors agglomération,Hors intersection,Temps éblouissant,Deux véhicules - frontale,3,2,2,0,1,3,1,0,1,-1,2,2,1,0,1,0,39.0,74.0,utilitaire_camion,voiture,1,1,1,7,1
202000040886,2020-09-24 16:30:00,2020,9,24,16,30,75,75112,PASSAGE DRIANCOURT,48.849327,2.38065,Plein jour,En agglomération,Hors intersection,Normale,Autre collision,4,2,1,0,1,1,1,0,1,30,1,2,1,0,0,1,75.0,,voiture,,1,2,1,1,6
202000040887,2020-12-06 15:45:00,2020,12,6,15,45,971,97131,Rue du Fort Napoleon,15.8727892,-61.5818593,Plein jour,En agglomération,Hors intersection,Normale,Autre collision,3,2,2,0,1,3,1,0,1,30,1,1,0,0,0,1,48.0,,deux_roues,,1,2,1,1,6
202000040888,2020-01-07 11:35:00,2020,1,7,11,35,85,85222,Avenue de la Liberté,46.692359,-1.925922,Plein jour,En agglomération,Giratoire,Temps couvert,Deux véhicules - côté,4,2,2,0,1,2,1,0,1,50,2,2,1,1,0,0,40.0,51.0,voiture,deux_roues,1,2,6,8,3
202000040889,2020-09-24 19:20:00,2020,9,24,19,20,75,75111,RUE ALEXANDRE DUMAS,48.854087,2.39498,Nuit avec éclairage allumé,En agglomération,Hors intersection,Pluie légère,Deux véhicules - côté,4,1,1,0,2,1,2,0,1,50,2,2,1,0,0,1,22.0,42.0,deux_roues,voiture,5,2,1,2,3
202000040890,2020-01-03 18:40:00,2020,1,3,18,40,44,44215,Route du vignoble - Rue des Rochais,47.175953,-1.500351,Nuit sans éclairage public,En agglomération,Giratoire,Pluie légère,Autre collision,4,2,2,1,1,3,2,5,1,50,1,2,1,0,0,1,55.0,,voiture,,3,2,6,2,6
202000040891,2020-01-08 08:00:00,2020,1,8,8,0,56,56176,11 Rue de Lann Guerban,47.681748,-2.961703,Nuit avec éclairage allumé,En agglomération,Hors intersection,Pluie légère,Autre collision,3,2,2,0,1,1,2,0,1,50,1,2,1,0,1,0,71.0,,voiture,,5,2,1,2,6
202000040892,2020-12-06 13:20:00,2020,12,6,13,20,95,95254,CD 28,49.125118,1.982174,Plein jour,Hors agglomération,Hors intersection,Normale,Deux véhicules - frontale,3,2,2,0,1,4,9,0,1,80,2,2,1,0,1,0,84.0,27.0,voiture,voiture,1,1,1,1,1
202000040893,2020-09-24 19:50:00,2020,9,24,19,50,75,75111,BOULEVARD VOLTAIRE,48.863767,2.370111,Nuit avec éclairage allumé,En agglomération,Intersection en X,Pluie forte,Autre collision,4,2,4,1,1,1,2,-1,5,30,1,2,1,0,0,1,40.0,,deux_roues,,5,2,2,3,6
202000040894,2020-01-09 08:50:00,2020,1,9,8,50,22,22198,5 Route de Trégastel,48.7799176,-3.488302,Plein jour,Hors agglomération,Hors intersection,Temps couvert,Deux véhicules - frontale,3,2,2,0,2,3,2,0,1,70,2,3,0,1,2,0,51.0,82.0,utilitaire_camion,voiture,1,1,1,8,1
202000040895,2020-01-09 19:00:00,2020,1,9,19,0,35,35012,Les Riais,47.845847,-1.663585,Nuit sans éclairage public,Hors agglomération,Intersection en X,Pluie forte,Trois véhicules et plus - collisions multiples,3,2,2,0,2,1,2,0,1,80,3,4,2,0,2,0,26.0,23.0,voiture,voiture,3,1,2,3,5
202000040896,2020-12-04 11:50:00,2020,12,4,11,50,66,66065,D914,42.616144,2.978966,Plein jour,Hors agglomération,Hors intersection,Pluie légère,Deux véhicules - arrière,3,3,4,0,1,2,2,0,2,-1,2,2,1,0,1,0,59.0,,autre,,1,1,1,2,2
202000040897,2020-01-09 14:30:00,2020,1,9,14,30,76,76578,D1,49.6524,1.427647,Plein jour,Hors agglomération,Intersection en X,Pluie légère,Deux véhicules - côté,3,2,2,0,1,1,2,5,1,80,2,6,2,0,2,2,39.0,72.0,voiture,voiture,1,1,2,2,3
202000040898,2020-09-24 00:40:00,2020,9,24,0,40,75,75111,RUE FAIDHERBE,48.8525,2.3832,Nuit avec éclairage allumé,En agglomération,Intersection en X,Temps couvert,Deux véhicules - côté,4,2,2,0,1,1,2,0,1,50,2,2,1,0,0,1,29.0,22.0,voiture,deux_roues,5,2,2,8,3
202000040899,2020-09-24 14:30:00,2020,9,24,14,30,75,75118,RUE CUSTINE,48.889325,2.344683,Plein jour,En agglomération,Intersection en Y,Pluie légère,Deux véhicules - côté,4,2,2,0,2,1,2,0,1,50,2,2,1,0,0,1,38.0,38.0,voiture,deux_roues,1,2,4,2,3
202000040900,2020-01-02 11:35:00,2020,1,2,11,35,62,62444,Hameau de Rameseau,50.891035,1.735872,Plein jour,En agglomération,Intersection en X,Normale,Deux véhicules - côté,4,2,1,0,1,1,2,0,1,50,2,2,1,0,0,1,24.0,66.0,voiture,deux_roues,1,2,2,1,3
202000040901,2020-12-04 18:50:00,2020,12,4,18,50,30,30258,RD 6572,43.669688,4.384704,Nuit sans éclairage public,Hors agglomération,Hors intersection,Pluie légère,Deux véhicules - frontale,3,2,2,0,1,4,2,0,1,30,2,3,1,0,1,1,20.0,58.0,voiture,voiture,3,1,1,2,1
202000040902,2020-12-06 12:10:00,2020,12,6,12,10,13,13109,RD7N,43.509941,5.5033826,Plein jour,Hors agglomération,Hors intersection,Normale,Autre collision,3,2,2,0,2,3,2,0,3,50,1,1,0,1,0,0,17.0,,deux_roues,,1,1,1,1,6
202000040903,2020-11-30 07:55:00,2020,11,30,7,55,57,57061,rue de la gare,49.137824,6.828609,Crépuscule ou aube,En agglomération,Hors intersection,Normale,Autre collision,3,2,2,0,1,1,1,0,1,50,1,2,1,0,0,1,42.0,,voiture,,2,2,1,1,6
202000040904,2020-01-08 08:25:00,2020,1,8,8,25,91,91161,AUTOROUTE A6,48.7010819,2.3096852,Plein jour,Hors agglomération,Hors intersection,Temps couvert,Deux véhicules - côté,1,1,4,0,1,1,1,0,1,110,2,2,1,0,0,1,43.0,54.0,utilitaire_camion,voiture,1,1,1,8,3
202000040905,2020-09-24 08:35:00,2020,9,24,8,35,75,75110,BOULEVARD DE STRASBOURG,48.871019,2.355219,Plein jour,En agglomération,Intersection en X,Normale,Autre collision,4,2,4,1,2,1,1,-1,5,50,1,2,1,0,0,1,44.0,,deux_roues,,1,2,2,1,6
202000040906,2020-07-28 07:00:00,2020,7,28,7,0,75,75117,ECHANGEUR SAINT OUEN,48.900488,2.322065,Plein jour,En agglomération,Hors intersection,Normale,Deux véhicules - côté,4,1,4,0,1,1,1,0,1,70,2,3,1,0,0,2,25.0,60.0,voiture,voiture,1,2,1,1,3
202000040907,2020-09-24 08:30:00,2020,9,24,8,30,75,75108,AVENUE DE FRIEDLAND,48.874398,2.30107,Plein jour,En agglomération,Intersection en X,Normale,Deux véhicules - côté,4,-1,4,3,2,1,1,0,1,50,2,2,1,0,0,1,24.0,29.0,utilitaire_camion,deux_roues,1,2,2,1,3
202000040908,2020-01-08 08:35:00,2020,1,8,8,35,78,78007,A13W,48.89531,2.00713,Plein jour,Hors agglomération,Hors intersection,Normale,Trois véhicules et plus - en chaîne,1,3,2,0,2,1,1,0,1,110,4,4,1,0,0,3,23.0,27.0,utilitaire_camion,voiture,1,1,1,1,4
202000040909,2020-12-05 15:35:00,2020,12,5,15,35,13,13216,A55-Sens Martigues vers Marseille,43.3510396,5.3477453,Plein jour,Hors agglomération,Hors intersection,Normale,Sans collision,1,1,3,0,1,3,1,0,1,90,1,2,0,0,0,2,20.0,,voiture,,1,1,1,1,7
202000040910,2020-07-27 23:07:00,2020,7,27,23,7,75,75119,AVENUE DE FLANDRE,48.885413,2.370565,Nuit avec éclairage allumé,En agglomération,Hors intersection,Normale,Deux véhicules - arrière,4,3,3,0,1,1,1,0,1,50,2,2,1,0,0,1,51.0,31.0,voiture,deux_roues,5,2,1,1,2
202000040911,2020-09-22 11:50:00,2020,9,22,11,50,75,75108,RUE CAMBACERES,48.874197,2.317509,Plein jour,En agglomération,Intersection en X,Normale,Deux véhicules - côté,4,1,1,0,2,1,1,0,1,50,2,2,1,0,0,1,30.0,38.0,voiture,deux_roues,1,2,2,1,3
202000040912,2020-12-04 22:20:00,2020,12,4,22,20,13,13005,A50-Sens Marseille vers Aubagne,43.287515,5.542517,Nuit sans éclairage public,Hors agglomération,Hors intersection,Pluie légère,Trois véhicules et plus - en chaîne,1,1,3,0,1,1,1,0,1,90,3,4,1,0,0,3,61.0,59.0,voiture,voiture,3,1,1,2,4
202000040913,2020-07-28 19:07:00,2020,7,28,19,7,75,75118,BOULEVARD DE CLICHY,48.883421,2.334305,Plein jour,En agglomération,Intersection en Y,Normale,Autre collision,4,1,2,3,1,1,1,-1,6,50,1,2,1,0,0,1,43.0,,transport_commun,,1,2,4,1,6
202000040914,2020-09-24 02:30:00,2020,9,24,2,30,75,75102,RUE DAUNOU,48.869991,2.330523,Nuit avec éclairage allumé,En agglomération,Intersection en T,Temps couvert,Sans collision,4,1,1,1,1,1,2,0,1,50,1,1,0,0,0,1,30.0,,deux_roues,,5,2,3,8,7
202000040915,2020-12-04 14:00:00,2020,12,4,14,0,13,13015,A51-Sens Aix en Provence vers Marseille,43.461,5.405,Plein jour,Hors agglomération,Hors intersection,Normale,Trois véhicules et plus - en chaîne,1,1,2,0,1,1,1,0,1,90,3,3,2,0,0,1,34.0,40.0,voiture,voiture,1,1,1,1,4
202000040916,2020-01-07 18:00:00,2020,1,7,18,0,78,78073,A12 Y,48.80247,2.0474,Nuit sans éclairage public,Hors agglomération,Hors intersection,Normale,Trois véhicules et plus - en chaîne,1,1,2,0,1,1,2,0,1,90,3,3,2,0,0,1,36.0,51.0,voiture,voiture,3,1,1,1,4
202000040917,2020-09-24 06:20:00,2020,9,24,6,20,75,75102,RUE D ABOUKIR,48.86788,2.347371,Crépuscule ou aube,En agglomération,Intersection en X,Normale,Autre collision,4,1,1,0,1,1,1,0,1,50,1,1,0,0,0,1,22.0,,deux_roues,,2,2,2,1,6
202000040918,2020-01-07 20:00:00,2020,1,7,20,0,95,95018,AUTOROUTE A15,48.96295,2.26829,Nuit sans éclairage public,Hors agglomération,Hors intersection,Normale,Autre collision,1,1,2,0,2,3,1,3,1,70,1,1,0,0,0,1,34.0,,voiture,,3,1,1,1,6
202000040919,2020-01-07 16:00:00,2020,1,7,16,0,92,92078,AUTOROUTE A86,48.93044,2.3244,Plein jour,Hors agglomération,Hors intersection,Normale,Sans collision,1,3,6,0,1,2,1,0,1,90,1,1,0,0,0,1,44.0,,deux_roues,,1,1,1,1,7
202000040920,2020-09-24 20:45:00,2020,9,24,20,45,94,94044,VERDUN (AV DE),48.74971,2.48101,Nuit avec éclairage allumé,En agglomération,Intersection en T,Pluie légère,Deux véhicules - côté,3,4,3,0,1,1,2,0,1,50,2,2,1,0,1,0,24.0,19.0,voiture,voiture,5,2,3,2,3
202000040921,2020-07-28 06:32:00,2020,7,28,6,32,75,75118,RUE DOUDEAUVILLE,48.888475,2.353567,Crépuscule ou aube,En agglomération,Intersection en X,Normale,Deux véhicules - côté,4,1,1,0,1,1,1,0,1,50,2,1,0,0,0,1,56.0,,deux_roues,,2,2,2,1,3
202000040922,2020-07-28 09:10:00,2020,7,28,9,10,75,75117,RUE POUCHET,48.891559,2.318476,Plein jour,En agglomération,Intersection en X,Normale,Autre collision,4,2,2,0,1,1,1,0,1,50,1,2,1,0,0,1,38.0,,deux_roues,,1,2,2,1,6
202000040923,2020-07-28 09:00:00,2020,7,28,9,0,75,75117,PLACE DU MARECHAL JUIN,48.885308,2.296911,Plein jour,En agglomération,Place,Normale,Deux véhicules - côté,4,1,1,0,1,2,1,0,1,30,2,2,1,0,0,1,28.0,33.0,deux_roues,voiture,1,2,7,1,3
202000040924,2020-09-24 14:30:00,2020,9,24,14,30,94,94068,REMISES (R DES),48.804113,2.47173,Plein jour,En agglomération,Intersection en Y,Pluie forte,Deux véhicules - côté,3,1,1,0,1,1,2,0,1,50,2,2,1,0,0,1,73.0,26.0,voiture,deux_roues,1,2,4,3,3
202000040925,2020-12-01 17:59:00,2020,12,1,17,59,13,13210,A50-Sens Marseille vers Aubagne,43.282624,5.39542,Nuit sans éclairage public,Hors agglomération,Hors intersection,Normale,Trois véhicules et plus - en chaîne,1,1,3,0,1,1,1,0,1,90,4,4,2,0,1,1,58.0,54.0,voiture,voiture,3,1,1,1,4
202000040926,2020-01-07 05:50:00,2020,1,7,5,50,92,92036,AUTOROUTE A15,48.94588,2.28321,Nuit sans éclairage public,Hors agglomération,Hors intersection,Normale,Trois véhicules et plus - collisions multiples,1,3,8,0,2,2,2,2,1,90,3,3,2,0,0,1,52.0,61.0,voiture,utilitaire_camion,3,1,1,1,5
202000040927,2020-07-28 20:00:00,2020,7,28,20,0,75,75116,CHAUSSEE LA MUETTE,48.858155,2.272624,Plein jour,En agglomération,Intersection à plus de 4 branches,Temps couvert,Deux véhicules - côté,4,2,4,0,1,1,1,0,1,50,2,2,1,0,0,1,57.0,57.0,deux_roues,deux_roues,1,2,5,8,3
202000040928,2020-12-05 18:55:00,2020,12,5,18,55,33,33013,ROUTE NATIONALE 230,44.85435,-0.5054,Nuit sans éclairage public,Hors agglomération,Hors intersection,Pluie légère,Deux véhicules - côté,2,-1,6,0,1,1,2,0,1,90,2,2,1,0,0,1,61.0,38.0,utilitaire_camion,voiture,3,1,1,2,3
202000040929,2020-09-24 20:10:00,2020,9,24,20,10,94,94041,REPUBLIQUE (AV DE LA),48.80243,2.39735,Nuit avec éclairage allumé,En agglomération,Intersection en T,Pluie légère,Deux véhicules - frontale,3,2,5,0,1,1,2,0,1,50,2,2,1,0,0,1,22.0,33.0,voiture,deux_roues,5,2,3,2,1
202000040930,2020-07-28 21:15:00,2020,7,28,21,15,75,75115,PLACE DUPLEIX,48.850664,2.295628,Nuit avec éclairage allumé,En agglomération,Place,Normale,Deux véhicules - côté,4,1,1,1,1,1,1,0,1,30,2,2,1,0,0,1,25.0,28.0,deux_roues,deux_roues,5,2,7,1,3
202000040931,2020-09-24 17:30:00,2020,9,24,17,30,94,94041,STALINGRAD (BD DE),48.80305,2.37801,Plein jour,En agglomération,Hors intersection,Temps couvert,Autre collision,3,2,1,2,1,1,2,0,5,1,1,2,0,0,0,2,42.0,,deux_roues,,1,2,1,8,6
202000040932,2020-07-28 17:20:00,2020,7,28,17,20,75,75115,RUE DE LA CONVENTION,48.838071,2.294593,Plein jour,En agglomération,Intersection en Y,Normale,Deux véhicules - arrière,4,2,2,1,1,1,1,0,1,30,2,2,1,0,0,1,23.0,44.0,deux_roues,voiture,1,2,4,1,2
202000040933,2020-09-24 11:05:00,2020,9,24,11,5,94,94041,DANIELLE CASANOVA (AV),48.81318,2.38552,Plein jour,En agglomération,Hors intersection,Normale,Deux véhicules - côté,3,2,4,1,1,1,1,0,1,50,2,2,1,0,0,1,38.0,41.0,voiture,deux_roues,1,2,1,1,3
202000040934,2020-01-07 01:30:00,2020,1,7,1,30,92,92036,AUTOROUTE A86,48.93259,2.32197,Nuit sans éclairage public,Hors agglomération,Hors intersection,Normale,Autre collision,1,3,8,0,2,3,2,0,1,90,1,1,0,0,0,1,20.0,,voiture,,3,1,1,1,6
202000040935,2020-07-23 21:00:00,2020,7,23,21,0,75,75114,BOULEVARD ARAGO,48.834484,2.33402,Crépuscule ou aube,En agglomération,Hors intersection,Normale,Deux véhicules - côté,4,2,4,0,1,1,1,0,1,50,2,2,1,0,0,1,65.0,31.0,voiture,deux_roues,2,2,1,1,3
202000040936,2020-12-05 17:30:00,2020,12,5,17,30,91,91340,AUTOROUTE A6,48.60208,2.43809,Nuit sans éclairage public,Hors agglomération,Hors intersection,Pluie légère,Trois véhicules et plus - en chaîne,1,3,6,0,1,1,2,0,1,110,3,3,2,0,0,1,55.0,35.0,voiture,voiture,3,1,1,2,4
202000040937,2020-01-08 20:00:00,2020,1,8,20,0,94,94017,A4,48.8271602,2.5103399,Nuit avec éclairage allumé,Hors agglomération,Hors intersection,Normale,Deux véhicules - côté,1,1,4,0,1,1,1,1,1,90,2,2,1,0,0,1,28.0,31.0,voiture,deux_roues,5,1,1,1,3
202000040938,2020-07-28 18:55:00,2020,7,28,18,55,75,75113,RUE DE TOLBIAC,48.826065,2.355204,Plein jour,En agglomération,Intersection en T,Normale,Deux véhicules - arrière,4,-1,2,0,1,1,1,0,1,50,2,2,1,0,0,1,60.0,35.0,deux_roues,voiture,1,2,3,1,2
202000040939,2020-12-05 00:20:00,2020,12,5,0,20,92,92036,A86,48.9357475,2.2624784,Nuit sans éclairage public,Hors agglomération,Hors intersection,Pluie légère,Autre collision,1,3,4,0,2,1,2,0,1,90,1,1,0,0,0,1,20.0,,voiture,,3,1,1,2,6
202000040940,2020-08-25 00:00:00,2020,8,25,0,0,94,94046,REPUBLIQUE (AV DE LA),48.80582,2.440987,Nuit avec éclairage allumé,En agglomération,Intersection en X,Pluie légère,Deux véhicules - arrière,3,2,2,0,1,1,2,5,1,50,2,5,2,0,0,3,28.0,42.0,voiture,voiture,5,2,2,2,2
202000040941,2020-07-28 18:40:00,2020,7,28,18,40,75,75110,BOULEVARD DE MAGENTA,48.873182,2.358843,Plein jour,En agglomération,Intersection en Y,Normale,,4,1,1,1,1,1,1,-1,5,50,2,1,0,0,0,1,27.0,,deux_roues,,1,2,4,1,-1
202000040942,2020-09-22 23:10:00,2020,9,22,23,10,94,94041,VERDUN (AV DE),48.809,2.373,Nuit avec éclairage allumé,En agglomération,Autre intersection,Normale,Deux véhicules - côté,3,3,2,0,1,1,1,5,1,50,2,2,1,0,0,1,47.0,29.0,voiture,voiture,5,2,9,1,3
202000040943,2020-01-06 14:40:00,2020,1,6,14,40,92,92023,HENRI BARBUSSE (AVENUE),48.810793,2.258344,Plein jour,En agglomération,Hors intersection,Normale,Deux véhicules - arrière,3,2,2,0,2,1,1,0,3,50,2,3,2,0,0,1,36.0,69.0,voiture,voiture,1,2,1,1,2
202000040944,2020-12-04 19:10:00,2020,12,4,19,10,78,78073,N12Y,48.796935,2.021897,Nuit sans éclairage public,Hors agglomération,Hors intersection,Pluie légère,Trois véhicules et plus - en chaîne,2,3,4,0,1,1,2,0,1,90,6,8,7,0,0,1,22.0,41.0,voiture,voiture,3,1,1,2,4
202000040945,2020-07-28 03:40:00,2020,7,28,3,40,75,75108,PONT DE L ALMA,48.864525,2.301327,Nuit avec éclairage allumé,En agglomération,Place,Normale,Deux véhicules - côté,4,1,2,0,1,2,1,2,1,50,2,3,1,0,0,2,23.0,32.0,voiture,voiture,5,2,7,1,3
202000040946,2020-01-06 19:40:00,2020,1,6,19,40,973,97302,BADUEL (ROUTE DE),4.9320804,-52.3077536,Nuit sans éclairage public,En agglomération,Hors intersection,Normale,Autre collision,3,2,2,2,1,1,1,0,1,50,1,2,1,0,0,1,44.0,,utilitaire_camion,,3,2,1,1,6
202000040947,2020-12-05 01:30:00,2020,12,5,1,30,93,93064,AUTOROUTE A86,48.89891,2.46926,Nuit sans éclairage public,Hors agglomération,Hors intersection,Normale,Autre collision,1,3,10,0,2,3,2,0,1,50,1,1,0,0,0,1,29.0,,voiture,,3,1,1,1,6
202000040948,2020-07-28 10:25:00,2020,7,28,10,25,75,75116,AVENUE PAUL DOUMER,48.858323,2.274938,Plein jour,En agglomération,Intersection en X,Normale,Autre collision,4,2,3,0,1,1,1,0,1,50,1,2,1,0,0,1,42.0,,transport_commun,,1,2,2,1,6
202000040949,2020-01-06 16:30:00,2020,1,6,16,30,973,97302,BADUEL (ROUTE DE),4.9343893,-52.3114443,Plein jour,En agglomération,Hors intersection,Normale,Deux véhicules - frontale,3,2,2,2,1,1,1,0,1,50,2,2,1,0,0,1,27.0,28.0,deux_roues,utilitaire_camion,1,2,1,1,1
202000040950,2020-12-04 23:15:00,2020,12,4,23,15,95,95582, A15,48.9639519,2.2631139,Nuit sans éclairage public,Hors agglomération,Hors intersection,Normale,Autre collision,1,3,4,0,1,1,1,0,1,110,1,1,0,0,0,1,64.0,,voiture,,3,1,1,1,6
202000040951,2020-09-20 00:30:00,2020,9,20,0,30,94,94073,RN 186,48.7730954,2.4014654,Nuit sans éclairage public,Hors agglomération,Hors intersection,Temps couvert,Deux véhicules - arrière,2,1,3,0,1,1,1,3,1,90,2,4,3,0,0,1,24.0,45.0,voiture,voiture,3,1,1,8,2
202000040952,2020-07-27 22:59:00,2020,7,27,22,59,75,75108,BOULEVARD HAUSSMANN,48.875033,2.309191,Nuit avec éclairage allumé,En agglomération,Intersection en X,Normale,,4,2,4,0,1,1,1,0,1,50,2,2,1,0,0,1,23.0,22.0,voiture,deux_roues,5,2,2,1,-1