accident_id,datetime,annee,mois,jour,heure,minute,departement,commune_insee,adresse,latitude,longitude,luminosite,agglomeration,intersection,meteo,collision,catr,circ,nbv,vosp,prof,plan,surf,infra,situ,vma,nb_vehicules,nb_usagers,nb_indemnes,nb_tues,nb_blesses_hosp,nb_blesses_legers,age_cond_1,age_cond_2,veh_type_cond_1,veh_type_cond_2,lum_code,agg_code,int_code,atm_code,col_code
202000040953,2020-01-07 07:40:00,2020,1,7,7,40,973,97302,MADELEINE (ROUTE DE LA),4.9114501,-52.3214436,Plein jour,Hors agglomération,Intersection en T,Normale,Deux véhicules - côté,3,2,1,0,1,1,1,0,1,50,2,3,1,0,0,2,58.0,33.0,voiture,deux_roues,1,1,3,1,3
202000040954,2020-09-22 08:20:00,2020,9,22,8,20,94,94033,MARAIS (R DES),48.8581163,2.491807,Plein jour,En agglomération,Autre intersection,Normale,Deux véhicules - côté,4,1,2,0,1,1,1,9,1,50,2,2,1,0,0,1,44.0,35.0,deux_roues,deux_roues,1,2,9,1,3
202000040955,2020-07-28 08:55:00,2020,7,28,8,55,75,75107,QUAI D ORSAY,48.862793,2.31166,Plein jour,En agglomération,Place,Normale,Autre collision,4,2,2,1,1,1,1,0,1,50,1,2,1,0,0,1,51.0,,voiture,,1,2,7,1,6
202000040956,2020-12-04 20:15:00,2020,12,4,20,15,60,60138,AUTOROUTE A1,49.21514,2.62636,Nuit sans éclairage public,Hors agglomération,Hors intersection,Pluie légère,Trois véhicules et plus - en chaîne,1,1,-1,0,1,1,2,7,1,70,3,3,1,0,2,0,34.0,34.0,voiture,deux_roues,3,1,1,2,4
202000040957,2020-09-24 09:00:00,2020,9,24,9,0,94,94017,GENERAL DE GAULLE (AV DU),48.82719,2.51447,Plein jour,En agglomération,Hors intersection,Normale,Deux véhicules - côté,3,2,0,0,2,1,1,0,4,50,2,2,1,0,1,0,42.0,35.0,utilitaire_camion,deux_roues,1,2,1,1,3
202000040958,2020-07-28 09:00:00,2020,7,28,9,0,75,75104,PLACE DU CHATELET,48.857181,2.347331,Plein jour,En agglomération,Place,Normale,Deux véhicules - côté,4,1,3,0,1,1,1,0,1,50,2,2,1,0,0,1,39.0,42.0,voiture,deux_roues,1,2,7,1,3
202000040959,2020-01-07 20:15:00,2020,1,7,20,15,69,69259,PIERRE SEMARD                       (AV),45.70618,4.87792,Nuit avec éclairage allumé,En agglomération,Intersection en T,Normale,Autre collision,4,2,4,0,1,1,1,0,1,50,1,1,0,0,0,1,,,,,5,2,3,1,6
202000040960,2020-09-24 10:20:00,2020,9,24,10,20,94,94004,GENERAL LECLERC (AV DU),48.749812,2.508086,Plein jour,En agglomération,Autre intersection,Normale,Deux véhicules - côté,2,2,2,0,1,1,1,0,1,50,2,2,1,0,0,1,46.0,31.0,utilitaire_camion,voiture,1,2,9,1,3
202000040961,2020-12-05 02:35:00,2020,12,5,2,35,94,94017,A4,48.82692,2.52353,Nuit sans éclairage public,Hors agglomération,Hors intersection,Pluie légère,Autre collision,1,3,4,0,1,3,2,0,1,110,1,2,0,0,0,2,26.0,,voiture,,3,1,1,2,6
202000040962,2020-07-27 18:00:00,2020,7,27,18,0,94,94068,BAC (AV DU),48.79684,2.50561,Plein jour,En agglomération,Hors intersection,Normale,,3,2,2,0,1,1,1,0,1,50,2,2,1,0,0,1,24.0,22.0,voiture,deux_roues,1,2,1,1,-1
202000040963,2020-07-25 23:40:00,2020,7,25,23,40,94,94052,CHARLES DE GAULLE (GRAND RUE),48.83642,2.47816,Nuit avec éclairage allumé,En agglomération,Hors intersection,Pluie légère,Sans collision,3,-1,2,0,1,1,2,0,1,50,1,1,0,0,0,1,33.0,,voiture,,5,2,1,2,7
202000040964,2020-10-03 18:15:00,2020,10,3,18,15,974,97416,HUBERT DE LISLE(BOULEVARD),-21.34379,55.47751,Plein jour,En agglomération,Hors intersection,Normale,Autre collision,9,1,1,0,2,1,1,9,1,30,1,2,1,0,1,0,19.0,,voiture,,1,2,1,1,6
202000040965,2020-01-06 16:35:00,2020,1,6,16,35,2B,2B033,CARDO - RT INFERIEURE DE,42.69389,9.43963,Plein jour,Hors agglomération,Intersection en T,Normale,Autre collision,4,2,2,0,4,1,1,0,1,50,1,1,0,0,0,1,67.0,,voiture,,1,1,3,1,6
202000040966,2020-09-23 14:10:00,2020,9,23,14,10,94,94071,CHARLES DE GAULLE (R),48.7657,2.5336,Plein jour,En agglomération,Intersection en X,Temps couvert,Deux véhicules - côté,4,2,2,0,1,1,1,0,1,50,2,2,1,0,0,1,25.0,37.0,voiture,deux_roues,1,2,2,8,3
202000040967,2020-07-28 16:30:00,2020,7,28,16,30,94,94046,JEAN JAURES (R),48.78818,2.43512,Plein jour,En agglomération,Hors intersection,Normale,Deux véhicules - côté,3,2,4,0,1,1,1,0,1,50,2,2,1,0,0,1,30.0,41.0,voiture,voiture,1,2,1,1,3
202000040968,2020-08-12 10:04:00,2020,8,12,10,4,87,87085,AUTOROUTE A20,45.90875,1.29231,Plein jour,Hors agglomération,Hors intersection,Normale,Autre collision,1,1,1,0,1,1,1,0,1,30,1,2,1,0,0,1,43.0,,voiture,,1,1,1,1,6
202000040969,2020-09-24 20:15:00,2020,9,24,20,15,93,93048,FRANKLIN (RUE),48.8620446,2.4436183,Nuit avec éclairage allumé,En agglomération,Hors intersection,Pluie légère,Deux véhicules - côté,4,2,2,0,2,1,2,0,1,30,2,2,1,0,0,1,18.0,51.0,deux_roues,voiture,5,2,1,2,3
202000040970,2020-07-28 14:15:00,2020,7,28,14,15,94,94041,MAURICE GUNSBOURG (R),48.81224,2.40469,Plein jour,En agglomération,Autre intersection,Normale,Autre collision,5,1,1,0,1,1,1,0,8,30,1,2,1,0,0,1,41.0,,autre,,1,2,9,1,6
202000040971,2020-01-07 12:55:00,2020,1,7,12,55,2A,2A004,NAPOLEON III AVENUE PAIR,41.9257673,8.7344008,Plein jour,En agglomération,Intersection en T,Temps couvert,Deux véhicules - côté,4,2,2,0,2,1,1,0,1,50,2,2,1,0,0,1,31.0,39.0,voiture,deux_roues,1,2,3,8,3
202000040972,2020-07-28 10:45:00,2020,7,28,10,45,94,94021,HELENE BOUCHER (R),48.76977,2.336951,Plein jour,En agglomération,Hors intersection,Normale,Deux véhicules - frontale,4,1,1,0,1,1,1,0,4,50,2,2,1,0,0,1,61.0,34.0,voiture,deux_roues,1,2,1,1,1
202000040973,2020-08-25 16:15:00,2020,8,25,16,15,83,83144,LAVOISIER (AVE / IMP),43.13701,6.00025,Plein jour,En agglomération,Hors intersection,Normale,Autre collision,3,1,2,0,1,3,1,0,1,50,1,3,2,0,0,1,32.0,,voiture,,1,2,1,1,6
202000040974,2020-09-24 15:00:00,2020,9,24,15,0,93,93046,CARNOT ALLEE,48.9104472,2.524547,Plein jour,En agglomération,Intersection en X,Pluie légère,Deux véhicules - côté,4,1,1,0,1,1,2,0,1,50,2,2,1,0,0,1,33.0,70.0,voiture,voiture,1,2,2,2,3
202000040975,2020-07-28 22:30:00,2020,7,28,22,30,94,94028,BROSSOLETTE(AVENUE PIERRE),48.7934,2.4611,Nuit avec éclairage allumé,En agglomération,Autre intersection,Normale,Autre collision,7,3,4,0,1,1,1,0,1,30,1,2,1,0,0,1,42.0,,deux_roues,,5,2,9,1,6
202000040976,2020-09-30 10:07:00,2020,9,30,10,7,68,68256,RICHWILLER (RUE DE),47.77451,7.29464,Plein jour,En agglomération,Hors intersection,Normale,Autre collision,4,2,2,1,1,1,1,0,8,50,1,2,1,1,0,0,92.0,,voiture,,1,2,1,1,6
202000040977,2020-09-24 17:45:00,2020,9,24,17,45,93,93079,DIVISION LECLERC (AV),48.9547623,2.3438819,Crépuscule ou aube,En agglomération,Passage à niveau,Pluie légère,,3,1,1,0,4,3,2,0,1,50,2,1,0,0,0,1,16.0,,deux_roues,,2,2,8,2,-1
202000040978,2020-07-27 17:45:00,2020,7,27,17,45,94,94028,BROSSOLETTE(AVENUE PIERRE),48.79032,2.46337,Plein jour,En agglomération,Hors intersection,Normale,Autre collision,3,2,4,2,1,1,1,0,1,50,1,2,0,0,0,2,58.0,,deux_roues,,1,2,1,1,6
202000040979,2020-07-28 08:19:00,2020,7,28,8,19,94,94022,STALINGRAD (BD DE),48.77142,2.401048,Plein jour,En agglomération,Autre intersection,Normale,Sans collision,3,1,2,0,1,1,1,0,1,50,1,1,0,0,0,1,53.0,,deux_roues,,1,2,9,1,7
202000040980,2020-01-07 16:00:00,2020,1,7,16,0,91,91421,REPUBLIQUE (AVENUE DE LA),48.70028,2.46758,Plein jour,En agglomération,Hors intersection,Normale,,4,3,4,2,1,1,1,0,1,30,2,3,1,0,0,2,48.0,82.0,voiture,voiture,1,2,1,1,-1
202000040981,2020-09-29 09:00:00,2020,9,29,9,0,44,44162,BOULEVARD MARCEL PAUL,47.22372,-1.63901,Plein jour,En agglomération,Hors intersection,Brouillard / fumée,Autre collision,4,2,2,0,1,1,1,0,1,50,1,2,1,0,0,1,35.0,,voiture,,1,2,1,5,6
202000040982,2020-09-24 07:10:00,2020,9,24,7,10,93,93031,MARNE (AVENUE DE LA),48.9582882,2.3255578,Crépuscule ou aube,En agglomération,Intersection en T,Normale,Autre collision,3,2,2,0,1,1,1,0,1,50,1,2,1,0,0,1,51.0,,voiture,,2,2,3,1,6
202000040983,2020-01-06 14:50:00,2020,1,6,14,50,91,91021,VERDUN (AVENUE DE),48.58452,2.2443,Plein jour,En agglomération,Intersection en Y,Normale,Deux véhicules - côté,4,1,1,0,2,1,1,0,1,50,2,2,1,0,0,1,21.0,75.0,voiture,voiture,1,2,4,1,3
202000040984,2020-07-28 18:10:00,2020,7,28,18,10,94,94071,18 R MAURICE BERTEAUX,48.773816,2.517272,Plein jour,En agglomération,Intersection en T,Normale,Deux véhicules - côté,3,2,2,0,2,1,1,0,1,50,2,2,1,0,0,1,10.0,70.0,deux_roues,voiture,1,2,3,1,3
202000040985,2020-09-28 10:45:00,2020,9,28,10,45,44,44162,BOULEVARD SALVADOR ALLENDE,47.218,-1.61523,Plein jour,En agglomération,Hors intersection,Normale,Trois véhicules et plus - en chaîne,4,3,0,0,1,1,1,0,1,50,3,4,3,0,1,0,38.0,25.0,voiture,voiture,1,2,1,1,4
202000040986,2020-07-27 08:50:00,2020,7,27,8,50,93,93066,FAURE FELIX (BOULEVARD),48.9386573,2.3587509,Plein jour,En agglomération,Hors intersection,Normale,Autre collision,4,2,1,0,1,1,1,0,1,50,1,2,1,0,0,1,36.0,,voiture,,1,2,1,1,6
202000040987,2020-01-07 14:00:00,2020,1,7,14,0,83,83069,MILLET (AVENUE ERNEST),43.118,6.127,Plein jour,En agglomération,Hors intersection,Normale,Autre collision,4,2,2,0,1,1,1,0,1,50,1,2,1,0,0,1,55.0,,voiture,,1,2,1,1,6
202000040988,2020-09-24 07:20:00,2020,9,24,7,20,93,93030,CROIZAT (AVENUE AMBROISE),48.95641,2.41604,Plein jour,En agglomération,Intersection en X,Normale,Deux véhicules - côté,3,-1,2,0,1,1,1,0,1,50,2,3,2,0,0,1,43.0,50.0,voiture,deux_roues,1,2,2,1,3
202000040989,2020-07-28 19:40:00,2020,7,28,19,40,93,93064,PERI (BOULEVARD GABRIEL) 39 / 44 - FIN,48.878494,2.4730082,Plein jour,En agglomération,Hors intersection,Temps éblouissant,Autre collision,3,2,2,0,2,1,1,0,1,50,1,4,3,0,0,1,45.0,,utilitaire_camion,,1,2,1,7,6
202000040990,2020-02-26 09:07:00,2020,2,26,9,7,92,92044,BAUDIN (RUE) 27A83 ET 36 A84,48.895966,2.277222,Nuit avec éclairage allumé,En agglomération,Intersection en X,Normale,Sans collision,4,1,1,0,1,1,2,0,1,50,1,1,0,0,0,1,66.0,,voiture,,5,2,2,1,7
202000040991,2020-01-06 17:30:00,2020,1,6,17,30,83,83069,ROUTE DEPARTEMENTALE 12,43.20544,6.13623,Nuit sans éclairage public,Hors agglomération,Hors intersection,Normale,Deux véhicules - frontale,3,2,2,0,1,1,1,0,1,70,2,3,2,0,1,0,62.0,44.0,autre,voiture,3,1,1,1,1
202000040992,2020-07-28 13:30:00,2020,7,28,13,30,93,93074,R ALEXANDRE BOUCHER,48.93306,2.56707,Plein jour,En agglomération,Hors intersection,Normale,Deux véhicules - arrière,4,2,2,0,1,1,1,2,1,50,2,4,1,0,0,3,25.0,29.0,voiture,voiture,1,2,1,1,2
202000040993,2020-09-24 17:15:00,2020,9,24,17,15,93,93057,AV ARISTIDE BRIAND / ALL EMILE ZOLA,48.9091815,2.5033215,Plein jour,En agglomération,Intersection en X,Temps couvert,Deux véhicules - côté,3,3,6,3,1,1,1,5,1,50,2,3,2,0,0,1,37.0,41.0,utilitaire_camion,voiture,1,2,2,8,3
202000040994,2020-07-28 12:20:00,2020,7,28,12,20,93,93063,AV GASTON ROUSSEL,48.8935,2.43676,Plein jour,En agglomération,Hors intersection,Normale,Deux véhicules - côté,3,2,2,0,1,1,1,0,1,50,2,2,1,0,0,1,29.0,30.0,voiture,deux_roues,1,2,1,1,3
202000040995,2020-01-07 18:45:00,2020,1,7,18,45,77,77284,BRIAND (RUE ARISTIDE) - D405,48.9562387,2.8821228,Nuit avec éclairage allumé,En agglomération,Intersection en X,Normale,Autre collision,3,1,2,-1,1,1,-1,5,1,-1,1,1,0,0,1,0,,,,,5,2,2,1,6
202000040996,2020-12-05 02:55:00,2020,12,5,2,55,988,98818,LEVESQUE (RUE EUGENE),-22.2324,166.46176,Nuit sans éclairage public,En agglomération,Hors intersection,Normale,Autre collision,4,2,2,0,1,1,1,0,4,50,1,2,1,0,0,1,38.0,,voiture,,3,2,1,1,6
202000040997,2020-07-27 18:10:00,2020,7,27,18,10,93,93006,BROSSOLETTE PIERRE,48.87,2.4269,Plein jour,En agglomération,Hors intersection,Normale,Autre collision,4,1,1,0,1,1,1,0,1,30,1,2,1,0,0,1,33.0,,voiture,,1,2,1,1,6
202000040998,2020-12-03 17:25:00,2020,12,3,17,25,988,98818,VE1 SENS SUD/NORD,-22.2333,166.4577,Plein jour,En agglomération,Hors intersection,Normale,Trois véhicules et plus - collisions multiples,1,3,4,0,1,1,1,0,1,70,3,3,2,0,1,0,48.0,20.0,deux_roues,voiture,1,2,1,1,5
202000040999,2020-07-28 00:50:00,2020,7,28,0,50,93,93014,GAGARINE (BOULEVARD),48.90488,2.54625,Nuit avec éclairage allumé,En agglomération,Autre intersection,Normale,Trois véhicules et plus - en chaîne,3,1,1,0,1,1,1,0,1,30,3,5,2,0,0,3,33.0,31.0,voiture,voiture,5,2,9,1,4
202000041000,2020-09-24 09:00:00,2020,9,24,9,0,93,93010,GALLIENI (AV.) DE 111 A 175,48.9063808,2.482796,Plein jour,En agglomération,Hors intersection,Normale,Trois véhicules et plus - en chaîne,3,3,3,0,1,1,1,0,1,50,3,3,2,0,0,1,45.0,47.0,deux_roues,voiture,1,2,1,1,4
202000041001,2020-01-06 07:13:00,2020,1,6,7,13,74,74012,ARVE (QUAI D'),46.18526,6.22591,Nuit avec éclairage allumé,En agglomération,Intersection en T,Normale,Deux véhicules - côté,3,2,2,0,1,1,1,0,1,50,2,2,1,0,0,1,63.0,30.0,voiture,deux_roues,5,2,3,1,3
202000041002,2020-12-05 01:15:00,2020,12,5,1,15,974,97416,Boulevard Bank,-21.331273,55.476762,Nuit avec éclairage allumé,En agglomération,Autre intersection,Normale,Autre collision,9,-1,0,0,1,1,1,9,8,10,1,2,1,0,0,1,19.0,,voiture,,5,2,9,1,6
202000041003,2020-07-28 08:15:00,2020,7,28,8,15,93,93001,CHARRON (RUE),48.9146,2.38424,Plein jour,En agglomération,Hors intersection,Normale,Autre collision,7,1,1,0,1,1,1,0,1,30,1,2,1,0,0,1,33.0,,voiture,,1,2,1,1,6
202000041004,2020-09-24 15:50:00,2020,9,24,15,50,93,93001,CHARRON (RUE),48.9146136,2.3842933,Plein jour,En agglomération,Hors intersection,Pluie légère,Deux véhicules - arrière,4,2,2,0,1,1,2,0,1,50,2,2,1,0,0,1,34.0,57.0,deux_roues,voiture,1,2,1,2,2
202000041005,2020-01-06 09:25:00,2020,1,6,9,25,71,71499,Rue Jean Zay,46.6486952,4.3000788,Plein jour,En agglomération,Hors intersection,Normale,Autre collision,3,2,2,0,1,2,1,0,1,50,1,1,0,0,0,1,23.0,,utilitaire_camion,,1,2,1,1,6
202000041006,2020-12-04 06:05:00,2020,12,4,6,5,974,97416,ANCIENNE RN 1,-21.31736,55.4431,Plein jour,En agglomération,Hors intersection,Normale,Deux véhicules - frontale,4,2,2,0,1,1,1,0,1,50,2,2,1,0,0,1,49.0,30.0,voiture,deux_roues,1,2,1,1,1
202000041007,2020-07-28 17:01:00,2020,7,28,17,1,92,92072,EUROPE (AVENUE DE L'),48.82322,2.2098,Plein jour,En agglomération,Hors intersection,Normale,Deux véhicules - côté,3,2,3,1,1,1,1,0,1,50,2,2,1,0,0,1,38.0,62.0,deux_roues,voiture,1,2,1,1,3
202000041008,2020-01-06 15:00:00,2020,1,6,15,0,71,71306,N70/E607,46.6904526,4.3692202,Plein jour,En agglomération,Hors intersection,Normale,Sans collision,2,1,1,0,1,3,1,0,1,70,1,1,0,0,0,1,26.0,,voiture,,1,2,1,1,7
202000041009,2020-07-28 11:30:00,2020,7,28,11,30,92,92044,PDT WILSON(RUE)107A131 ET 110A130,48.8970392,2.2860414,Plein jour,En agglomération,Hors intersection,Normale,Sans collision,4,1,2,0,1,1,3,0,1,50,1,1,0,0,0,1,27.0,,deux_roues,,1,2,1,1,7
202000041010,2020-12-04 10:25:00,2020,12,4,10,25,974,97407,ROUTE DU SACRE COEUR,-20.95689,55.3139,Plein jour,En agglomération,Intersection en T,Normale,Deux véhicules - côté,4,2,2,0,1,1,1,0,1,50,2,2,1,0,0,1,27.0,41.0,voiture,deux_roues,1,2,3,1,3
202000041011,2020-09-24 17:20:00,2020,9,24,17,20,92,92075,PIERRE BROSSOLETTE (AVENUE),48.8198315,2.3107807,Plein jour,En agglomération,Intersection en X,Temps couvert,Deux véhicules - côté,3,2,4,1,1,1,2,0,1,50,2,2,1,0,0,1,32.0,22.0,deux_roues,voiture,1,2,2,8,3
202000041012,2020-12-04 12:30:00,2020,12,4,12,30,973,97302,MADELEINE (ROUTE DE LA),4.93184,-52.32653,Plein jour,En agglomération,Hors intersection,Normale,Deux véhicules - arrière,3,2,3,0,1,1,1,0,1,50,2,2,1,0,0,1,31.0,21.0,voiture,deux_roues,1,2,1,1,2
202000041013,2020-01-06 17:20:00,2020,1,6,17,20,71,71153,Rue Maréchal Foch,46.8035344,4.4523673,Crépuscule ou aube,En agglomération,Intersection en T,Normale,Deux véhicules - côté,3,2,2,0,1,1,1,0,1,50,2,2,1,0,0,1,15.0,21.0,deux_roues,voiture,2,2,3,1,3
202000041014,2020-09-24 20:30:00,2020,9,24,20,30,92,92076,LA CELLE SAINT CLOUD,48.8447398,2.1731263,Nuit avec éclairage allumé,En agglomération,Intersection en X,Pluie légère,Deux véhicules - côté,4,-1,2,0,1,1,2,0,1,50,2,3,2,0,0,1,43.0,68.0,voiture,voiture,5,2,2,2,3
202000041015,2020-07-28 12:45:00,2020,7,28,12,45,92,92036,LOUISE MICHEL (PAIRS),48.922196,2.320096,Plein jour,En agglomération,Hors intersection,Normale,Deux véhicules - côté,3,2,2,0,1,1,1,0,1,50,2,2,1,0,0,1,23.0,47.0,deux_roues,voiture,1,2,1,1,3
202000041016,2020-12-04 08:20:00,2020,12,4,8,20,69,69383,MARECHAL DE SAXE                    (AV),45.7633541,4.8450083,Plein jour,En agglomération,Hors intersection,Temps couvert,Sans collision,4,-1,0,0,1,1,2,0,4,25,1,1,0,0,0,1,42.0,,deux_roues,,1,2,1,8,7
202000041017,2020-07-26 02:16:00,2020,7,26,2,16,92,92024,GENNEVILLIERS (PONT DE),48.9120745,2.3116614,Nuit avec éclairage allumé,En agglomération,Hors intersection,Normale,Deux véhicules - côté,3,2,3,0,1,1,1,2,1,50,2,1,0,0,0,1,43.0,,deux_roues,,5,2,1,1,3
202000041018,2020-09-24 20:05:00,2020,9,24,20,5,92,92064,MONT VALERIEN,48.85277,2.21614,Nuit avec éclairage allumé,En agglomération,Hors intersection,Pluie légère,Sans collision,3,2,2,0,1,1,2,0,1,30,1,1,0,0,0,1,20.0,,deux_roues,,5,2,1,2,7
202000041019,2020-01-07 15:45:00,2020,1,7,15,45,69,69029,PARC (DU)                           (R ),45.7303483,4.8913554,Plein jour,En agglomération,Autre intersection,Temps éblouissant,Autre collision,4,1,1,0,1,1,1,0,1,50,1,2,1,0,0,1,26.0,,voiture,,1,2,9,7,6
202000041020,2020-12-04 07:30:00,2020,12,4,7,30,69,69383,DOCTEUR LONG (DU)                   (CO),45.7510054,4.889133,Crépuscule ou aube,En agglomération,Intersection en X,Pluie légère,Deux véhicules - côté,4,1,2,1,1,1,2,0,1,50,2,2,1,0,0,1,23.0,21.0,voiture,voiture,2,2,2,2,3
202000041021,2020-01-06 11:30:00,2020,1,6,11,30,69,69290,GRENOBLE (DE)  -  RN 6              (RO),45.71827,4.95484,Plein jour,Hors agglomération,Giratoire,Normale,Deux véhicules - côté,3,1,2,0,1,3,1,9,1,50,2,2,0,0,0,2,34.0,48.0,utilitaire_camion,voiture,1,1,6,1,3
202000041022,2020-09-24 12:35:00,2020,9,24,12,35,92,92064,MARECHAL FOCH,48.847946,2.205362,Plein jour,En agglomération,Hors intersection,Pluie légère,Autre collision,4,2,2,0,1,1,2,0,4,50,1,2,1,0,0,1,87.0,,voiture,,1,2,1,2,6
202000041023,2020-07-28 16:10:00,2020,7,28,16,10,60,60609,D501,49.458571,1.957283,Plein jour,Hors agglomération,Hors intersection,Normale,Sans collision,3,2,2,0,4,4,9,8,3,30,1,5,2,0,0,3,21.0,,voiture,,1,1,1,1,7
202000041024,2020-01-04 11:57:00,2020,1,4,11,57,66,66136,SAUVY (ALFRED),42.670545,2.859106,Crépuscule ou aube,Hors agglomération,Hors intersection,Normale,,4,2,2,0,1,3,1,0,1,50,2,2,0,0,0,2,21.0,40.0,voiture,voiture,2,1,1,1,-1
202000041025,2020-12-04 15:09:00,2020,12,4,15,9,972,97213,ROUTE DEPARTEMENTALE 3,14.6175,-60.99522,Plein jour,Hors agglomération,Hors intersection,Normale,Sans collision,3,2,2,0,1,1,1,0,1,50,1,2,1,0,0,1,45.0,,voiture,,1,1,1,1,7
202000041026,2020-09-24 18:50:00,2020,9,24,18,50,75,75116,PUTEAUX (PONT DE),48.876165,2.24628,Nuit avec éclairage allumé,En agglomération,Intersection en X,Pluie forte,Deux véhicules - côté,4,3,2,1,1,1,2,0,1,50,2,2,0,0,1,1,50.0,50.0,deux_roues,voiture,5,2,2,3,3
202000041027,2020-07-28 19:00:00,2020,7,28,19,0,86,86190,N147,46.373753,0.759687,Plein jour,Hors agglomération,Autre intersection,Normale,Deux véhicules - arrière,2,2,2,0,2,1,1,0,1,80,2,4,3,0,1,0,38.0,62.0,voiture,voiture,1,1,9,1,2
202000041028,2020-12-03 19:10:00,2020,12,3,19,10,972,97213,ROUTE DEPARTEMENTALE 14,14.62264,-61.01887,Nuit sans éclairage public,Hors agglomération,Hors intersection,Normale,Deux véhicules - côté,3,2,2,0,2,1,1,0,1,50,2,2,1,0,1,0,58.0,30.0,voiture,deux_roues,3,1,1,1,3
202000041029,2020-01-04 19:36:00,2020,1,4,19,36,66,66136, DALBIEZ (AVENUE VICTOR),42.68776,2.8826,Plein jour,En agglomération,Hors intersection,Normale,Deux véhicules - côté,4,2,2,0,1,1,1,0,1,50,2,3,2,0,0,1,35.0,21.0,voiture,voiture,1,2,1,1,3
202000041030,2020-09-23 07:30:00,2020,9,23,7,30,92,92036,BASSIN N°6 (ROUTE DU),48.9430617,2.293978,Crépuscule ou aube,En agglomération,Passage à niveau,Normale,Sans collision,4,2,2,0,1,2,1,4,6,50,1,1,0,0,0,1,20.0,,deux_roues,,2,2,8,1,7
202000041031,2020-07-28 14:12:00,2020,7,28,14,12,86,86092,D1,46.928286,0.591073,Plein jour,Hors agglomération,Intersection en T,Normale,Deux véhicules - côté,3,2,2,0,1,1,1,0,1,80,2,2,0,0,0,2,45.0,24.0,voiture,voiture,1,1,3,1,3
202000041032,2020-01-05 07:58:00,2020,1,5,7,58,66,66136,SAUVY (ALFRED),42.67991,2.8978,Crépuscule ou aube,En agglomération,Hors intersection,Normale,Sans collision,4,2,2,0,1,2,1,0,1,50,1,2,1,1,0,0,83.0,,voiture,,2,2,1,1,7
202000041033,2020-01-07 10:50:00,2020,1,7,10,50,64,64445,SARAGOSSE DE,43.30735,-0.35525,Plein jour,En agglomération,Intersection en T,Normale,Deux véhicules - côté,4,2,2,0,1,1,1,0,1,50,2,2,1,0,0,1,47.0,64.0,voiture,voiture,1,2,3,1,3
202000041034,2020-01-06 08:52:00,2020,1,6,8,52,64,64024,BUTTE AUX CAILLES (ROND POINT DE LA),43.49716,-1.50996,Plein jour,En agglomération,Hors intersection,Brouillard / fumée,Autre collision,4,1,2,0,1,4,1,0,3,50,1,1,0,0,1,0,89.0,,voiture,,1,2,1,5,6
202000041035,2020-09-23 20:30:00,2020,9,23,20,30,92,92036,GENERAL DE GAULLE (AVENUE) (PAIRS),48.9337691,2.3133904,Nuit avec éclairage allumé,En agglomération,Intersection en T,Normale,Autre collision,3,2,2,0,1,1,1,0,1,50,1,1,0,0,0,1,,,,,5,2,3,1,6
202000041036,2020-12-04 18:40:00,2020,12,4,18,40,69,69081,GRANDVAUX (DE)                 CH,45.7733,4.77377,Nuit avec éclairage allumé,En agglomération,Hors intersection,Pluie légère,Sans collision,4,2,2,0,1,1,2,0,1,50,1,1,0,0,0,1,24.0,,deux_roues,,5,2,1,2,7
202000041037,2020-07-28 20:30:00,2020,7,28,20,30,52,52235,"Route Nationale 4, PK 5+500",48.65049,4.848533,Plein jour,Hors agglomération,Hors intersection,Normale,Sans collision,2,3,4,0,1,1,1,0,3,110,1,1,0,0,0,1,28.0,,voiture,,1,1,1,1,7
202000041038,2020-09-24 20:35:00,2020,9,24,20,35,92,92026,RÉPUBLIQUE ( DE 82 A FIN ),48.9026581,2.254755,Nuit sans éclairage public,En agglomération,Hors intersection,Pluie légère,Deux véhicules - côté,3,2,2,0,1,1,1,0,1,50,2,3,2,0,0,1,15.0,25.0,deux_roues,voiture,3,2,1,2,3
202000041039,2020-12-04 18:40:00,2020,12,4,18,40,69,69152,EUROPE (DE L')                      (BD),45.70135,4.82223,Nuit avec éclairage allumé,En agglomération,Hors intersection,Temps couvert,Autre collision,3,2,2,0,1,2,2,0,1,50,1,2,1,0,0,1,74.0,,utilitaire_camion,,5,2,1,8,6
202000041040,2020-09-24 21:00:00,2020,9,24,21,0,92,92012,Avenue du General Leclerc,48.8308492,2.2352132,Nuit avec éclairage allumé,En agglomération,Hors intersection,Pluie légère,Autre collision,3,2,4,0,1,1,2,0,6,50,1,2,1,0,0,1,22.0,,deux_roues,,5,2,1,2,6
202000041041,2020-12-03 19:20:00,2020,12,3,19,20,69,69389,CLAIRE (DE LA)                      (R ),45.77852,4.80253,Nuit avec éclairage allumé,En agglomération,Hors intersection,Normale,Autre collision,4,1,1,0,1,1,1,0,1,50,1,1,0,0,0,1,,,,,5,2,1,1,6
202000041042,2020-07-27 22:24:00,2020,7,27,22,24,57,57065,D79,48.939393,6.709128,Nuit sans éclairage public,Hors agglomération,Hors intersection,Normale,Autre collision,3,2,2,0,1,3,1,0,1,80,1,1,0,0,0,1,55.0,,deux_roues,,3,1,1,1,6
202000041043,2020-09-24 14:15:00,2020,9,24,14,15,92,92012,GENERAL LECLERC (AVENUE DU) 1/33 - 2/58,48.832799,2.241098,Plein jour,En agglomération,Hors intersection,Temps couvert,Deux véhicules - arrière,3,3,5,0,1,1,2,0,1,50,2,2,1,0,0,1,47.0,25.0,voiture,deux_roues,1,2,1,8,2
202000041044,2020-12-04 11:55:00,2020,12,4,11,55,69,69034,CANUTS (DES)                        (BD),45.78296,4.82969,Plein jour,En agglomération,Hors intersection,Pluie forte,Autre collision,4,2,2,0,1,1,2,0,1,50,1,2,1,0,1,0,70.0,,utilitaire_camion,,1,2,1,3,6