accident_id,datetime,annee,mois,jour,heure,minute,departement,commune_insee,adresse,latitude,longitude,luminosite,agglomeration,intersection,meteo,collision,catr,circ,nbv,vosp,prof,plan,surf,infra,situ,vma,nb_vehicules,nb_usagers,nb_indemnes,nb_tues,nb_blesses_hosp,nb_blesses_legers,age_cond_1,age_cond_2,veh_type_cond_1,veh_type_cond_2,lum_code,agg_code,int_code,atm_code,col_code
202000041045,2020-09-24 17:10:00,2020,9,24,17,10,92,92002,DOCTEUR TENINE (AVENUE DU),48.7633641,2.3107589,Plein jour,En agglomération,Hors intersection,Temps couvert,Deux véhicules - arrière,3,1,3,3,2,1,1,0,1,50,2,2,1,0,0,1,44.0,36.0,voiture,deux_roues,1,2,1,8,2
202000041046,2020-01-06 17:55:00,2020,1,6,17,55,57,57463,PAIXHANS (BOULEVARD ),49.1224645,6.1829649,Nuit avec éclairage allumé,En agglomération,Intersection en X,Brouillard / fumée,Autre collision,4,1,2,0,1,1,1,0,1,50,1,2,1,0,1,0,66.0,,voiture,,5,2,2,5,6
202000041047,2020-01-06 16:45:00,2020,1,6,16,45,54,54482,CARNOT (AVENUE),48.7007985,6.2086762,Nuit sans éclairage public,En agglomération,Hors intersection,Normale,Deux véhicules - côté,4,-1,3,0,1,1,1,0,1,50,2,2,1,0,0,1,22.0,24.0,voiture,deux_roues,3,2,1,1,3
202000041048,2020-09-25 07:08:00,2020,9,25,7,8,14,14251,D6,48.972943,-0.443809,Nuit sans éclairage public,Hors agglomération,Hors intersection,Pluie légère,Deux véhicules - frontale,3,2,2,0,2,3,2,0,1,80,2,2,0,0,0,2,38.0,45.0,voiture,voiture,3,1,1,2,1
202000041049,2020-07-29 00:02:00,2020,7,29,0,2,57,57625,D674,48.792277,6.487513,Nuit sans éclairage public,Hors agglomération,Intersection en T,Normale,Deux véhicules - côté,3,2,2,0,3,1,1,0,1,80,2,4,3,0,1,0,25.0,18.0,deux_roues,voiture,3,1,3,1,3
202000041050,2020-12-03 16:15:00,2020,12,3,16,15,971,97113,RN4 - SECTION RIVIERA,16.2179324,-61.4876133,Plein jour,En agglomération,Hors intersection,Normale,Autre collision,2,2,2,0,1,1,1,0,1,50,1,2,0,0,1,1,30.0,,deux_roues,,1,2,1,1,6
202000041051,2020-01-06 16:35:00,2020,1,6,16,35,54,54395,ARC (RUE JEANNE D' N,48.6878,6.1706,Plein jour,En agglomération,Hors intersection,Normale,Autre collision,4,2,3,3,1,1,1,0,6,50,1,2,1,0,0,1,37.0,,utilitaire_camion,,1,2,1,1,6
202000041052,2020-07-29 10:41:00,2020,7,29,10,41,41,41296,A71,47.644575,1.94345,Plein jour,Hors agglomération,Hors intersection,Normale,Sans collision,1,3,4,0,1,1,1,0,1,130,1,2,0,0,0,2,74.0,,voiture,,1,1,1,1,7
202000041053,2020-01-06 12:08:00,2020,1,6,12,8,54,54547,FORET DE HAYE (RUE DE LA),48.6533603,6.1354879,Plein jour,En agglomération,Intersection en X,Normale,Autre collision,3,3,5,0,1,1,1,0,1,50,1,2,1,0,0,1,48.0,,voiture,,1,2,2,1,6
202000041054,2020-07-28 14:05:00,2020,7,28,14,5,28,28253,Route nationale 10,48.3521,1.440732,Plein jour,Hors agglomération,Hors intersection,Normale,Autre collision,2,2,4,0,1,1,1,0,1,80,1,2,1,0,1,0,29.0,,utilitaire_camion,,1,1,1,1,6
202000041055,2020-01-06 15:05:00,2020,1,6,15,5,54,54493,NONNEL (RUE DE),49.5342,5.8236,Plein jour,En agglomération,Hors intersection,Normale,Autre collision,4,1,1,0,1,1,1,0,1,50,1,1,0,0,0,1,26.0,,voiture,,1,2,1,1,6
202000041056,2020-07-29 15:10:00,2020,7,29,15,10,50,50607,A84 PR 184+500,48.786453,-1.265337,Plein jour,Hors agglomération,Hors intersection,Normale,Sans collision,1,3,4,0,1,3,1,0,3,130,1,2,1,0,0,1,23.0,,voiture,,1,1,1,1,7
202000041057,2020-09-24 11:30:00,2020,9,24,11,30,86,86111,D910,46.864505,0.557395,Plein jour,Hors agglomération,Hors intersection,Pluie légère,Deux véhicules - frontale,3,2,3,0,1,1,2,0,1,90,2,2,1,0,1,0,44.0,21.0,voiture,voiture,1,1,1,2,1
202000041058,2020-01-07 17:30:00,2020,1,7,17,30,51,51454,Rue Colbert,49.2566033,4.0330786,Nuit avec éclairage allumé,En agglomération,Intersection en X,Normale,Sans collision,4,1,2,0,1,1,1,5,1,30,1,2,1,0,0,1,38.0,,voiture,,5,2,2,1,7
202000041059,2020-08-29 15:25:00,2020,8,29,15,25,95,95445,D64,49.0940347,2.2730792,Plein jour,Hors agglomération,Hors intersection,Pluie légère,Deux véhicules - côté,3,2,2,0,1,1,2,0,1,80,2,2,1,0,0,1,48.0,70.0,voiture,voiture,1,1,1,2,3
202000041060,2020-09-24 11:50:00,2020,9,24,11,50,10,10003,"RD 660, PR n° 24 + 700",48.260802,3.739192,Plein jour,Hors agglomération,Hors intersection,Normale,Autre collision,3,2,2,0,4,1,1,0,3,80,1,1,0,0,0,1,31.0,,voiture,,1,1,1,1,6
202000041061,2020-01-06 15:13:00,2020,1,6,15,13,49,49007,MAINE,47.47831,-0.54702,Plein jour,En agglomération,Hors intersection,Normale,Deux véhicules - côté,4,2,2,0,1,1,1,0,1,60,2,2,1,0,0,1,81.0,29.0,voiture,voiture,1,2,1,1,3
202000041062,2020-09-24 21:20:00,2020,9,24,21,20,01,01288,D884,46.177409,5.922854,Nuit sans éclairage public,Hors agglomération,Hors intersection,Pluie forte,Autre collision,3,3,4,0,1,1,4,0,1,110,1,1,0,0,1,0,28.0,,voiture,,3,1,1,3,6
202000041063,2020-09-24 04:30:00,2020,9,24,4,30,14,14650,RD675 PK 087.650,49.0298,-0.7791,Nuit sans éclairage public,Hors agglomération,Hors intersection,Normale,Sans collision,3,2,2,0,2,1,1,0,1,80,1,2,0,0,1,1,28.0,,voiture,,3,1,1,1,7
202000041064,2020-09-22 11:25:00,2020,9,22,11,25,34,34064,A75,43.888738,3.289204,Plein jour,Hors agglomération,Hors intersection,Normale,Autre collision,1,-1,4,0,1,3,1,0,2,130,1,2,0,0,0,2,73.0,,voiture,,1,1,1,1,6
202000041065,2020-01-06 18:15:00,2020,1,6,18,15,48,48095,PIENCOURT (ALLEE),44.5203989,3.5036773,Nuit avec éclairage allumé,En agglomération,Hors intersection,Normale,Autre collision,4,2,3,0,1,1,1,9,1,50,1,2,1,0,1,0,66.0,,voiture,,5,2,1,1,6
202000041066,2020-07-29 18:30:00,2020,7,29,18,30,83,83092,Route de Gonfaron,43.314535,6.269281,Plein jour,En agglomération,Hors intersection,Normale,Deux véhicules - frontale,3,2,2,0,1,1,1,0,1,50,2,4,2,0,1,1,17.0,17.0,voiture,deux_roues,1,2,1,1,1
202000041067,2020-01-07 07:25:00,2020,1,7,7,25,45,45302,Rue du Veau,47.93898,1.869446,Nuit avec éclairage allumé,Hors agglomération,Giratoire,Normale,Deux véhicules - côté,4,2,1,0,1,1,1,0,1,50,2,3,1,0,0,2,25.0,38.0,voiture,voiture,5,1,6,1,3
202000041068,2020-07-23 09:00:00,2020,7,23,9,0,62,62452,36 Rue de Saintes,50.695724,2.2817,Plein jour,En agglomération,Hors intersection,Normale,,4,2,2,0,1,1,1,0,1,50,3,2,1,0,1,0,49.0,60.0,voiture,voiture,1,2,1,1,-1
202000041069,2020-07-26 16:15:00,2020,7,26,16,15,51,51549,D994,48.9461175,4.7332044,Plein jour,Hors agglomération,Intersection en X,Normale,Deux véhicules - côté,3,2,2,0,1,1,1,5,1,80,2,5,4,0,0,1,20.0,38.0,voiture,voiture,1,1,2,1,3
202000041070,2020-07-28 14:35:00,2020,7,28,14,35,74,74256,Avenue André Lasquin,45.950844,6.63483,Plein jour,En agglomération,Giratoire,Normale,Deux véhicules - côté,3,1,2,0,1,2,1,5,1,50,2,3,2,0,1,0,61.0,52.0,utilitaire_camion,deux_roues,1,2,6,1,3
202000041071,2020-07-29 17:00:00,2020,7,29,17,0,76,76159,Avenue de Maximiliansau,49.791651,0.633581,Plein jour,En agglomération,Intersection en X,Normale,Deux véhicules - côté,4,2,2,0,1,1,1,0,1,50,2,4,1,0,1,2,60.0,73.0,deux_roues,voiture,1,2,2,1,3
202000041072,2020-09-21 14:45:00,2020,9,21,14,45,56,56133,Rue des Freres Entremont,47.809955,-2.339181,Plein jour,Hors agglomération,Hors intersection,Normale,Deux véhicules - frontale,3,2,2,0,1,2,1,0,1,80,2,3,0,1,1,1,20.0,81.0,voiture,voiture,1,1,1,1,1
202000041073,2020-01-07 09:40:00,2020,1,7,9,40,44,44184,RD 492/BD SARRELOUIS,47.2715427,-2.2497617,Plein jour,En agglomération,Giratoire,Pluie légère,Deux véhicules - arrière,3,2,1,0,1,2,2,9,1,50,2,2,1,0,0,1,63.0,35.0,voiture,deux_roues,1,2,6,2,2
202000041074,2020-07-28 19:25:00,2020,7,28,19,25,32,32269,D151,43.795168,0.826936,Plein jour,Hors agglomération,Hors intersection,Normale,Autre collision,3,2,2,0,1,2,1,0,3,80,1,4,0,0,1,3,29.0,,voiture,,1,1,1,1,6
202000041075,2020-01-06 17:27:00,2020,1,6,17,27,44,44109,Bd de la Prairie de Mauves,47.22174,-1.50901,Plein jour,Hors agglomération,Hors intersection,Normale,Deux véhicules - côté,4,2,0,0,1,1,1,0,1,80,2,2,1,1,0,0,51.0,38.0,deux_roues,voiture,1,1,1,1,3
202000041076,2020-07-29 11:30:00,2020,7,29,11,30,11,11440,D110,43.084914,2.489648,Plein jour,Hors agglomération,Intersection en X,Normale,Deux véhicules - côté,3,2,2,0,1,1,1,0,1,80,2,2,0,0,2,0,66.0,50.0,voiture,voiture,1,1,2,1,3
202000041077,2020-09-24 17:35:00,2020,9,24,17,35,76,76397,65 Route de Newton Longville,49.796912,1.105453,Plein jour,En agglomération,Hors intersection,Pluie forte,Deux véhicules - côté,3,2,2,0,1,1,2,0,1,50,2,2,1,0,0,1,67.0,,voiture,,1,2,1,3,3
202000041078,2020-01-06 11:40:00,2020,1,6,11,40,42,42183,RD 201,45.4050115,4.3762949,Plein jour,Hors agglomération,Hors intersection,Normale,Deux véhicules - arrière,3,2,4,0,1,1,1,3,1,80,2,2,1,0,0,1,47.0,53.0,voiture,voiture,1,1,1,1,2
202000041079,2020-07-28 20:50:00,2020,7,28,20,50,63,63448,losemont,45.4652966,3.4704484,Plein jour,Hors agglomération,Autre intersection,Normale,Deux véhicules - frontale,3,2,2,0,2,3,1,0,1,80,2,2,1,1,0,0,61.0,44.0,voiture,voiture,1,1,9,1,1
202000041080,2020-09-25 11:00:00,2020,9,25,11,0,65,65231,90 Route d'Espagne,43.066858,0.372677,Plein jour,Hors agglomération,Hors intersection,Pluie forte,Deux véhicules - frontale,3,2,2,0,1,1,2,0,1,70,2,2,0,1,0,1,67.0,21.0,voiture,voiture,1,1,1,3,1
202000041081,2020-01-07 22:30:00,2020,1,7,22,30,34,34172,LODEVE (ROUTE DE),43.61575,3.82125,Nuit avec éclairage allumé,En agglomération,Autre intersection,Normale,Deux véhicules - côté,4,2,5,0,1,1,1,5,1,50,2,2,0,0,0,2,32.0,21.0,deux_roues,voiture,5,2,9,1,3
202000041082,2020-09-24 18:10:00,2020,9,24,18,10,32,32462,Au Petit Carlat,43.74808,0.337325,Plein jour,Hors agglomération,Intersection en X,Normale,Trois véhicules et plus - en chaîne,2,2,2,0,3,1,1,0,1,80,3,3,1,0,0,2,23.0,44.0,voiture,voiture,1,1,2,1,4
202000041083,2020-01-07 17:40:00,2020,1,7,17,40,33,33063,ALL DE BOUTAUT / AVE MARCEL DASSAULT,44.87723,-0.576915,Crépuscule ou aube,En agglomération,Giratoire,Pluie légère,Deux véhicules - côté,4,3,6,2,1,1,2,0,1,50,2,2,1,0,0,1,17.0,36.0,deux_roues,utilitaire_camion,2,2,6,2,3
202000041084,2020-09-24 21:40:00,2020,9,24,21,40,11,11191,Route départemantale 613,42.962007,2.570761,Nuit sans éclairage public,Hors agglomération,Hors intersection,Pluie légère,Autre collision,3,2,2,0,1,3,2,0,3,80,1,1,0,0,1,0,50.0,,voiture,,3,1,1,2,6
202000041085,2020-09-23 15:07:00,2020,9,23,15,7,71,71056,Rue de la Creusette,46.6434547,5.179501,Plein jour,En agglomération,Hors intersection,Normale,Autre collision,4,2,2,0,2,1,1,0,4,50,1,1,0,0,1,0,,,,,1,2,1,1,6
202000041086,2020-09-25 12:05:00,2020,9,25,12,5,42,42274,D8,45.9066984,4.0020812,Plein jour,Hors agglomération,Hors intersection,Normale,Deux véhicules - frontale,3,2,2,0,1,1,1,0,1,50,2,3,0,1,2,0,78.0,32.0,voiture,voiture,1,1,1,1,1
202000041087,2020-07-24 18:30:00,2020,7,24,18,30,46,46231,7 Rue de la Cale,44.502852,1.137974,Plein jour,En agglomération,Intersection en T,Normale,Deux véhicules - côté,4,1,1,0,1,1,1,0,1,30,2,2,1,0,1,0,17.0,39.0,deux_roues,utilitaire_camion,1,2,3,1,3
202000041088,2020-01-07 18:00:00,2020,1,7,18,0,33,33119,AVE HUBERT DUBEDOUT / RUE PAUL VALERY,44.84746,-0.50778,Nuit avec éclairage allumé,En agglomération,Intersection en T,Normale,Deux véhicules - côté,4,2,2,0,1,1,2,0,1,50,2,2,1,0,1,0,20.0,29.0,deux_roues,voiture,5,2,3,1,3
202000041089,2020-01-06 08:12:00,2020,1,6,8,12,31,31483,GAMBETTA (BOULEVARD),43.09738,0.710919,Crépuscule ou aube,Hors agglomération,Hors intersection,Brouillard / fumée,Deux véhicules - arrière,3,2,1,0,1,3,1,0,1,70,2,2,1,0,0,1,31.0,74.0,voiture,voiture,2,1,1,5,2
202000041090,2020-07-28 17:15:00,2020,7,28,17,15,47,47274,D813,44.149396,0.756598,Plein jour,Hors agglomération,Intersection en T,Normale,Deux véhicules - côté,3,2,2,0,1,1,1,0,1,80,2,2,1,0,1,0,46.0,41.0,deux_roues,voiture,1,1,3,1,3
202000041091,2020-07-28 18:50:00,2020,7,28,18,50,44,44072,Le Bignon d'Hoscas,47.419682,-2.287753,Plein jour,En agglomération,Hors intersection,Normale,Autre collision,3,2,2,0,1,1,1,9,1,50,1,1,0,0,1,0,17.0,,deux_roues,,1,2,1,1,6
202000041092,2020-07-25 19:40:00,2020,7,25,19,40,44,44199,Landasson,47.730289,-1.275187,Plein jour,Hors agglomération,Hors intersection,Normale,Autre collision,3,2,2,0,1,1,1,0,3,80,1,1,0,1,0,0,23.0,,voiture,,1,1,1,1,6
202000041093,2020-07-29 19:20:00,2020,7,29,19,20,13,13027,rd 34,43.895449,4.8189,Crépuscule ou aube,Hors agglomération,Intersection en T,Normale,Deux véhicules - côté,3,2,2,0,1,1,1,3,1,80,2,4,2,0,1,1,71.0,35.0,voiture,deux_roues,2,1,3,1,3
202000041094,2020-09-17 08:20:00,2020,9,17,8,20,68,68050,D32,47.652243,7.046775,Plein jour,Hors agglomération,Intersection en X,Normale,Deux véhicules - côté,3,2,2,0,1,1,1,0,8,80,2,3,2,0,1,0,32.0,46.0,voiture,voiture,1,1,2,1,3
202000041095,2020-01-07 16:00:00,2020,1,7,16,0,29,29232,Route de Brest,47.99931,-4.09166,Plein jour,En agglomération,Hors intersection,Pluie légère,Sans collision,4,2,2,0,1,1,2,0,1,50,1,2,1,0,0,1,83.0,,voiture,,1,2,1,2,7
202000041096,2020-07-29 17:44:00,2020,7,29,17,44,13,13017,RD 35,43.895623,4.710454,Plein jour,Hors agglomération,Hors intersection,Normale,Deux véhicules - côté,3,2,2,0,1,2,1,0,1,80,2,2,1,0,1,0,75.0,54.0,voiture,deux_roues,1,1,1,1,3
202000041097,2020-01-07 18:29:00,2020,1,7,18,29,29,29039,RD 783,47.88332,-3.91164,Nuit sans éclairage public,Hors agglomération,Hors intersection,Pluie légère,Deux véhicules - frontale,3,2,2,0,1,1,2,0,1,70,2,2,0,0,0,2,23.0,82.0,voiture,voiture,3,1,1,2,1
202000041098,2020-01-06 12:20:00,2020,1,6,12,20,28,28085,COURTILLE (BOULEVARD DE LA),48.44447,1.49629,Plein jour,En agglomération,Hors intersection,Normale,Autre collision,4,1,3,0,1,1,1,0,1,50,1,2,1,0,1,0,41.0,,voiture,,1,2,1,1,6
202000041099,2020-09-20 02:00:00,2020,9,20,2,0,22,22344,4 Renun,48.33138,-3.488556,Nuit sans éclairage public,Hors agglomération,Hors intersection,Normale,Autre collision,4,2,2,0,1,1,1,0,1,80,1,2,1,0,1,0,50.0,,utilitaire_camion,,3,1,1,1,6
202000041100,2020-07-27 14:20:00,2020,7,27,14,20,84,84089,D973,43.683861,5.484307,Plein jour,En agglomération,Hors intersection,Normale,Trois véhicules et plus - collisions multiples,3,2,2,0,3,1,1,2,1,80,3,3,1,0,1,1,64.0,43.0,voiture,voiture,1,2,1,1,5
202000041101,2020-01-06 15:30:00,2020,1,6,15,30,22,22278,35 rue de cornouaile,48.5165416,-2.7878451,Plein jour,En agglomération,Hors intersection,Normale,Deux véhicules - arrière,4,2,2,0,1,1,1,0,1,50,2,2,1,0,0,1,53.0,63.0,voiture,voiture,1,2,1,1,2
202000041102,2020-09-25 12:20:00,2020,9,25,12,20,25,25190,Rue de la Feschotte du Haut,47.506059,6.914253,Plein jour,En agglomération,Hors intersection,Normale,Deux véhicules - frontale,4,2,2,0,2,3,1,0,1,50,2,2,1,0,1,0,42.0,24.0,voiture,utilitaire_camion,1,2,1,1,1
202000041103,2020-07-29 17:50:00,2020,7,29,17,50,03,03146,le bourg,46.6758507,3.0521429,Plein jour,En agglomération,Hors intersection,Normale,Deux véhicules - frontale,3,2,2,0,1,1,1,0,1,50,2,4,3,0,1,0,69.0,54.0,voiture,voiture,1,2,1,1,1
202000041104,2020-07-29 09:00:00,2020,7,29,9,0,15,15221,Puy d'Ytrac,44.905713,2.32672,Plein jour,Hors agglomération,Intersection en X,Normale,Deux véhicules - frontale,3,2,2,0,3,1,1,5,1,90,2,2,0,0,1,1,47.0,56.0,utilitaire_camion,utilitaire_camion,1,1,2,1,1
202000041105,2020-07-29 11:00:00,2020,7,29,11,0,66,66052,N116,42.6135137,2.4110558,Plein jour,Hors agglomération,Hors intersection,Normale,Autre collision,2,2,2,0,2,1,1,0,1,70,1,2,1,1,0,0,75.0,,voiture,,1,1,1,1,6
202000041106,2020-07-28 14:15:00,2020,7,28,14,15,14,14726,4 Rue 11e Div Blindee Britannique,48.853061,-0.676979,Plein jour,En agglomération,Intersection en T,Normale,Sans collision,3,2,2,0,2,2,1,0,1,50,1,1,0,0,0,1,56.0,,deux_roues,,1,2,3,1,7
202000041107,2020-07-29 19:15:00,2020,7,29,19,15,50,50049,D130,49.384852,-1.634324,Plein jour,Hors agglomération,Intersection en X,Normale,Deux véhicules - côté,3,2,2,0,1,1,1,0,1,80,2,4,3,0,0,1,54.0,19.0,voiture,voiture,1,1,2,1,3
202000041108,2020-07-29 07:10:00,2020,7,29,7,10,43,43267,D103,45.198528,3.924447,Plein jour,Hors agglomération,Intersection en Y,Temps éblouissant,Deux véhicules - côté,3,2,2,0,1,3,1,0,1,80,2,2,1,0,1,0,38.0,30.0,voiture,deux_roues,1,1,4,7,3
202000041109,2020-01-06 12:30:00,2020,1,6,12,30,13,13054,LIBERATION (AV DE LA ),43.41899,5.21645,Plein jour,En agglomération,Hors intersection,Normale,Autre collision,4,2,2,0,1,1,1,9,1,30,1,2,1,0,0,1,,,,,1,2,1,1,6
202000041110,2020-09-25 06:45:00,2020,9,25,6,45,25,25578,31 Grande Rue,47.147831,6.3413,Nuit avec éclairage allumé,En agglomération,Hors intersection,Temps couvert,Deux véhicules - côté,3,2,2,0,1,1,2,9,1,50,2,2,1,0,1,0,27.0,9.0,voiture,deux_roues,5,2,1,8,3
202000041111,2020-01-06 06:55:00,2020,1,6,6,55,13,13071,VIEILLE ROUTE DE LA GAVOTTE,43.39328,5.34107,Plein jour,En agglomération,Autre intersection,Normale,Deux véhicules - côté,3,2,2,0,2,1,1,0,1,30,2,2,1,0,0,1,22.0,35.0,voiture,voiture,1,2,9,1,3
202000041112,2020-01-07 22:05:00,2020,1,7,22,5,13,13208,TUNNEL PRADO SUD,43.27477,5.39459,Nuit avec éclairage allumé,En agglomération,Hors intersection,Normale,Sans collision,3,1,1,0,1,2,1,1,3,50,1,1,0,0,1,0,61.0,,deux_roues,,5,2,1,1,7
202000041113,2020-08-15 22:20:00,2020,8,15,22,20,44,44048,Bois de la Motte,47.374763,-1.240307,Nuit sans éclairage public,Hors agglomération,Hors intersection,Normale,Autre collision,3,2,2,0,1,1,1,0,3,80,1,3,0,1,0,2,21.0,,voiture,,3,1,1,1,6
202000041114,2020-07-29 18:40:00,2020,7,29,18,40,10,10034,Avenue du Général Leclerc,48.114828,4.376904,Plein jour,En agglomération,Intersection en X,Normale,Autre collision,3,2,2,0,1,1,1,0,4,50,1,3,1,0,0,2,62.0,,voiture,,1,2,2,1,6
202000041115,2020-01-07 21:10:00,2020,1,7,21,10,13,13213,POILUS (AVENUE DES),43.3256315,5.4515402,Nuit avec éclairage allumé,En agglomération,Hors intersection,Normale,Autre collision,4,-1,2,0,1,3,1,0,1,50,1,3,2,0,0,1,,,,,5,2,1,1,6
202000041116,2020-08-15 11:38:00,2020,8,15,11,38,31,31092,Muna,42.899146,0.630995,Plein jour,Hors agglomération,Hors intersection,Normale,Sans collision,3,2,2,0,2,1,1,0,1,80,1,1,0,0,1,0,58.0,,deux_roues,,1,1,1,1,7
202000041117,2020-07-29 08:30:00,2020,7,29,8,30,21,21684,Chemin de la Barretiere,47.025636,4.884553,Plein jour,En agglomération,Intersection en T,Normale,Deux véhicules - côté,3,2,2,0,1,1,1,0,1,50,2,2,1,0,1,0,53.0,46.0,deux_roues,voiture,1,2,3,1,3
202000041118,2020-01-07 16:20:00,2020,1,7,16,20,13,13002,SALVADOR ALLENDE (avenue),43.352732,5.482115,Plein jour,En agglomération,Hors intersection,Normale,Deux véhicules - arrière,3,2,2,0,1,1,1,0,1,50,2,2,1,0,0,1,29.0,18.0,utilitaire_camion,deux_roues,1,2,1,1,2
202000041119,2020-09-25 09:20:00,2020,9,25,9,20,38,38070,D10A,45.28056,5.9208,Plein jour,Hors agglomération,Hors intersection,Pluie légère,Deux véhicules - arrière,3,2,2,0,1,1,2,9,1,80,2,2,1,0,0,1,78.0,22.0,voiture,voiture,1,1,1,2,2
202000041120,2020-01-07 07:30:00,2020,1,7,7,30,13,13208,PARADIS (RUE),43.275629,5.384281,Plein jour,En agglomération,Hors intersection,Normale,Autre collision,4,2,2,0,2,1,1,0,1,50,1,2,1,0,0,1,32.0,,voiture,,1,2,1,1,6
202000041121,2020-07-26 19:50:00,2020,7,26,19,50,24,24172,D47,44.945058,1.053856,Crépuscule ou aube,Hors agglomération,Hors intersection,Normale,Deux véhicules - frontale,3,2,2,0,1,2,1,0,1,80,2,3,0,0,0,3,73.0,20.0,voiture,voiture,2,1,1,1,1
202000041122,2020-01-07 07:45:00,2020,1,7,7,45,13,13002,SALVATORE ALLENDE (BOULEVARD),43.35207,5.47923,Crépuscule ou aube,En agglomération,Hors intersection,Normale,Autre collision,3,2,-1,0,1,1,1,0,1,50,1,2,1,1,0,0,56.0,,deux_roues,,2,2,1,1,6
202000041123,2020-07-28 16:00:00,2020,7,28,16,0,27,27219,Rue René Lothon,49.178611,0.866466,Plein jour,En agglomération,Hors intersection,Normale,Deux véhicules - frontale,4,2,2,3,1,1,1,0,1,-1,2,2,1,0,1,0,28.0,12.0,voiture,deux_roues,1,2,1,1,1
202000041124,2020-08-25 13:20:00,2020,8,25,13,20,13,13045,Route des Palunettes,43.884215,4.791799,Plein jour,Hors agglomération,Hors intersection,Normale,Deux véhicules - arrière,3,2,2,0,1,3,1,0,1,80,2,2,1,0,1,0,19.0,25.0,deux_roues,voiture,1,1,1,1,2
202000041125,2020-09-24 15:15:00,2020,9,24,15,15,70,70232,D56,47.654346,5.996089,Plein jour,Hors agglomération,Hors intersection,Pluie légère,Deux véhicules - arrière,3,2,2,0,1,1,1,0,1,80,2,2,1,0,1,0,55.0,81.0,utilitaire_camion,deux_roues,1,1,1,2,2
202000041126,2020-07-27 09:35:00,2020,7,27,9,35,28,28023,D106.4,48.522176,1.647305,Plein jour,Hors agglomération,Intersection en X,Normale,Deux véhicules - côté,3,2,2,0,1,1,1,0,1,80,2,2,0,0,1,1,63.0,79.0,voiture,voiture,1,1,2,1,3
202000041127,2020-09-24 11:05:00,2020,9,24,11,5,26,26357,Route de Valreas,44.295934,4.943161,Plein jour,Hors agglomération,Hors intersection,Normale,Deux véhicules - côté,3,2,2,0,2,1,1,0,1,80,2,2,1,0,1,0,85.0,72.0,voiture,utilitaire_camion,1,1,1,1,3
202000041128,2020-07-29 16:00:00,2020,7,29,16,0,30,30280,D25,43.939069,3.680463,Plein jour,Hors agglomération,Hors intersection,Normale,Deux véhicules - côté,3,2,2,0,1,4,1,0,1,80,2,2,1,0,1,0,30.0,48.0,voiture,deux_roues,1,1,1,1,3
202000041129,2020-07-29 10:50:00,2020,7,29,10,50,30,30346,La Bégude Poulon (Restaurant),43.960062,4.518403,Plein jour,Hors agglomération,Intersection en T,Normale,Deux véhicules - côté,3,2,2,0,1,1,9,5,1,80,2,2,1,0,0,1,33.0,17.0,voiture,deux_roues,1,1,3,1,3
202000041130,2020-09-25 12:50:00,2020,9,25,12,50,72,72064,D303,47.859908,0.745139,Plein jour,Hors agglomération,Intersection en Y,Normale,Deux véhicules - côté,3,2,2,0,4,2,1,5,1,90,2,2,1,0,0,1,67.0,51.0,voiture,voiture,1,1,4,1,3
202000041131,2020-07-28 17:20:00,2020,7,28,17,20,88,88461,D14,48.180685,5.850123,Plein jour,Hors agglomération,Hors intersection,Temps éblouissant,Sans collision,3,2,2,0,1,3,1,0,1,80,1,2,0,0,1,1,61.0,,deux_roues,,1,1,1,7,7
202000041132,2020-09-25 11:50:00,2020,9,25,11,50,60,60063,Grande Rue de Vaux,49.37471,2.049927,Plein jour,Hors agglomération,Hors intersection,Pluie forte,Sans collision,3,2,2,0,1,3,2,0,3,80,1,2,1,0,0,1,35.0,,voiture,,1,1,1,3,7
202000041133,2020-07-28 15:30:00,2020,7,28,15,30,45,45189,"A19, PK 46+10",48.044295,2.891683,Plein jour,Hors agglomération,Hors intersection,Normale,Deux véhicules - arrière,1,3,4,0,1,2,1,0,1,130,2,3,2,0,1,0,27.0,31.0,utilitaire_camion,utilitaire_camion,1,1,1,1,2
202000041134,2020-01-07 08:20:00,2020,1,7,8,20,06,06088,VEROLA (AV. AUGUSTE),43.711,7.1937,Plein jour,En agglomération,Hors intersection,Temps couvert,Autre collision,4,2,2,0,1,1,1,9,1,30,1,2,1,0,0,1,50.0,,voiture,,1,2,1,8,6
202000041135,2020-07-29 07:09:00,2020,7,29,7,9,65,65010,A64,43.19974,0.153492,Plein jour,Hors agglomération,Hors intersection,Normale,Autre collision,1,3,4,3,2,1,1,0,1,130,1,2,0,0,0,2,45.0,,utilitaire_camion,,1,1,1,1,6
202000041136,2020-07-28 21:35:00,2020,7,28,21,35,978,97801,8 Au Rambaud,18.08189,-63.068089,Nuit avec éclairage allumé,En agglomération,Intersection en T,Normale,Deux véhicules - côté,2,2,2,0,2,1,1,0,1,50,2,2,1,0,1,0,28.0,23.0,voiture,deux_roues,5,2,3,1,3
202000041137,2020-01-06 12:00:00,2020,1,6,12,0,06,06069,SIDI BRAHIM (AVENUE),43.649641,6.932254,Plein jour,En agglomération,Autre intersection,Normale,Deux véhicules - côté,4,2,2,0,2,3,1,0,1,50,2,2,1,0,0,1,79.0,19.0,voiture,deux_roues,1,2,9,1,3
202000041138,2020-07-27 23:15:00,2020,7,27,23,15,978,97801,N7,18.083527,-63.025888,Nuit sans éclairage public,Hors agglomération,Hors intersection,Normale,Deux véhicules - frontale,2,2,2,0,2,1,1,0,1,70,2,5,0,1,1,3,18.0,62.0,deux_roues,voiture,3,1,1,1,1