accident_id,datetime,annee,mois,jour,heure,minute,departement,commune_insee,adresse,latitude,longitude,luminosite,agglomeration,intersection,meteo,collision,catr,circ,nbv,vosp,prof,plan,surf,infra,situ,vma,nb_vehicules,nb_usagers,nb_indemnes,nb_tues,nb_blesses_hosp,nb_blesses_legers,age_cond_1,age_cond_2,veh_type_cond_1,veh_type_cond_2,lum_code,agg_code,int_code,atm_code,col_code
202000041139,2020-07-27 03:00:00,2020,7,27,3,0,42,42282,A89,45.873368,3.848734,Nuit sans éclairage public,Hors agglomération,Hors intersection,Normale,Autre collision,1,3,4,0,2,3,1,0,1,110,1,1,0,0,1,0,21.0,,voiture,,3,1,1,1,6
202000041140,2020-01-07 11:15:00,2020,1,7,11,15,01,01283,MICHELET (RUE DU 40-27 A LA FIN),46.2609822,5.6352967,Plein jour,En agglomération,Giratoire,Normale,Deux véhicules - frontale,3,1,1,0,1,2,1,3,1,50,2,3,0,1,1,1,54.0,71.0,utilitaire_camion,voiture,1,2,6,1,1
202000041141,2020-07-28 15:00:00,2020,7,28,15,0,57,57419,Autoroute A4,49.0731,6.9038,Plein jour,Hors agglomération,Hors intersection,Normale,Autre collision,1,3,4,0,1,1,1,7,1,130,1,1,0,0,1,0,53.0,,voiture,,1,1,1,1,6
202000041142,2020-01-01 03:05:00,2020,1,1,3,5,75,75118,BD PERIPHERIQUE INTERIEUR,48.900954,2.3466667,Nuit avec éclairage allumé,En agglomération,Hors intersection,Normale,Trois véhicules et plus - en chaîne,4,1,4,0,1,1,1,0,1,70,3,7,4,0,0,3,43.0,51.0,voiture,voiture,5,2,1,1,4
202000041143,2020-09-23 09:05:00,2020,9,23,9,5,07,07050,Le coussillon,44.41362,4.146856,Plein jour,Hors agglomération,Intersection en T,Normale,Deux véhicules - frontale,3,2,2,0,2,2,2,5,4,70,2,2,1,0,0,1,53.0,21.0,voiture,voiture,1,1,3,1,1
202000041144,2020-07-28 10:20:00,2020,7,28,10,20,69,69077,A6,46.144488,4.768894,Plein jour,Hors agglomération,Hors intersection,Normale,,1,1,3,0,1,1,1,0,2,130,3,2,1,0,0,1,20.0,52.0,voiture,autre,1,1,1,1,-1
202000041145,2020-01-07 13:50:00,2020,1,7,13,50,75,75105,BOULEVARD DE L HOPITAL,48.840608,2.362278,Plein jour,En agglomération,Hors intersection,Normale,Deux véhicules - côté,4,2,5,0,2,1,1,0,1,50,2,3,2,0,0,1,21.0,47.0,deux_roues,voiture,1,2,1,1,3
202000041146,2020-09-24 09:15:00,2020,9,24,9,15,24,24011,31 Route de Limoges,45.213696,0.831521,Plein jour,En agglomération,Hors intersection,Pluie légère,,2,2,2,0,2,1,2,0,1,50,2,3,0,0,3,0,56.0,44.0,voiture,voiture,1,2,1,2,-1
202000041147,2020-01-07 09:35:00,2020,1,7,9,35,75,75106,RUE DE VAUGIRARD,48.846419,2.32474,Plein jour,En agglomération,Hors intersection,Normale,Trois véhicules et plus - en chaîne,4,1,2,0,1,1,1,0,1,50,3,3,1,0,0,2,40.0,27.0,voiture,deux_roues,1,2,1,1,4
202000041148,2020-01-07 17:10:00,2020,1,7,17,10,75,75119,BOULEVARD MACDONALD,48.897484,2.389714,Crépuscule ou aube,En agglomération,Hors intersection,Normale,Deux véhicules - côté,4,2,2,0,2,1,1,1,1,50,2,1,0,0,0,1,31.0,,deux_roues,,2,2,1,1,3
202000041149,2020-09-24 20:45:00,2020,9,24,20,45,85,85006,L'Hommelet,46.784781,-1.733034,Nuit sans éclairage public,Hors agglomération,Intersection en X,Normale,Deux véhicules - côté,3,2,2,0,1,3,1,0,1,80,2,3,1,1,1,0,24.0,37.0,voiture,voiture,3,1,2,1,3
202000041150,2020-01-07 14:00:00,2020,1,7,14,0,75,75118,RUE CAULAINCOURT,48.8849999,2.3299399,Plein jour,En agglomération,Hors intersection,Temps couvert,Deux véhicules - côté,4,2,3,0,1,1,1,0,1,30,2,1,0,0,0,1,16.0,,deux_roues,,1,2,1,8,3
202000041151,2020-07-29 15:25:00,2020,7,29,15,25,60,60172,grande rue,49.1433132,2.4681473,Plein jour,En agglomération,Hors intersection,Normale,Sans collision,3,2,2,0,1,1,1,0,1,50,1,1,0,0,0,1,51.0,,deux_roues,,1,2,1,1,7
202000041152,2020-01-06 18:35:00,2020,1,6,18,35,75,75118,AVENUE DE LA PORTE DES POISSONNIERS,48.8991529,2.3524114,Nuit avec éclairage allumé,En agglomération,Hors intersection,Normale,Deux véhicules - arrière,4,2,2,0,1,1,1,0,1,50,2,2,1,0,0,1,34.0,53.0,voiture,voiture,5,2,1,1,2
202000041153,2020-09-24 14:20:00,2020,9,24,14,20,17,17256,D230,45.855654,-0.480587,Plein jour,Hors agglomération,Hors intersection,Pluie légère,Sans collision,3,2,2,0,1,2,2,0,1,80,1,1,0,0,1,0,16.0,,deux_roues,,1,1,1,2,7
202000041154,2020-01-07 19:45:00,2020,1,7,19,45,75,75117,BOULEVARD DE REIMS,48.8895275,2.2980818,Nuit avec éclairage allumé,En agglomération,Hors intersection,Pluie légère,Autre collision,4,1,2,0,1,1,2,0,1,50,1,2,1,0,0,1,42.0,,deux_roues,,5,2,1,2,6
202000041155,2020-01-06 15:00:00,2020,1,6,15,0,75,75116,AVENUE D IENA,48.8671804,2.2953782,Plein jour,En agglomération,Intersection à plus de 4 branches,Normale,Autre collision,4,2,2,0,1,1,1,0,1,50,1,2,1,0,0,1,65.0,,deux_roues,,1,2,5,1,6
202000041156,2020-09-25 01:15:00,2020,9,25,1,15,87,87149,D61,46.249243,1.307375,Nuit sans éclairage public,Hors agglomération,Hors intersection,Pluie forte,Autre collision,3,-1,2,0,1,3,2,0,3,80,1,1,0,0,1,0,25.0,,voiture,,3,1,1,3,6
202000041157,2020-01-06 16:30:00,2020,1,6,16,30,75,75115,BOULEVARD GARIBALDI,48.8470985,2.3039933,Plein jour,En agglomération,Hors intersection,Normale,Sans collision,4,3,2,0,1,1,1,0,1,50,1,1,0,0,0,1,64.0,,deux_roues,,1,2,1,1,7
202000041158,2020-09-24 22:55:00,2020,9,24,22,55,30,30046,PK28 RN106 Bretelle de sortie NERS dans le sens Alès vers Nîmes,44.01433,4.156571,Nuit sans éclairage public,Hors agglomération,Autre intersection,Normale,Autre collision,2,3,4,0,3,3,1,3,2,110,1,4,0,2,1,1,26.0,,voiture,,3,1,9,1,6
202000041159,2020-01-07 17:45:00,2020,1,7,17,45,75,75113,BOULEVARD MASSENA,48.8188898,2.359541,Nuit avec éclairage allumé,En agglomération,Intersection en X,Normale,Autre collision,4,3,6,0,1,1,2,0,1,50,1,1,0,0,0,1,,,,,5,2,2,1,6
202000041160,2020-07-29 10:30:00,2020,7,29,10,30,33,33199,119 Route des Lacs,44.62609,-1.11033,Plein jour,En agglomération,Hors intersection,Normale,Deux véhicules - côté,3,2,2,0,1,3,1,0,1,50,2,2,1,1,0,0,24.0,35.0,deux_roues,voiture,1,2,1,1,3
202000041161,2020-01-07 15:50:00,2020,1,7,15,50,75,75113,BOULEVARD DU GENERAL JEAN SIMON,48.824031,2.3770195,Plein jour,En agglomération,Intersection en X,Normale,Deux véhicules - côté,4,3,2,1,1,1,1,0,5,50,2,2,1,0,0,1,24.0,48.0,deux_roues,voiture,1,2,2,1,3
202000041162,2020-01-07 00:01:00,2020,1,7,0,1,75,75112,BOULEVARD PONIATOWSKI,48.8291034,2.3898706,Nuit avec éclairage allumé,En agglomération,Hors intersection,Pluie légère,Deux véhicules - côté,4,2,5,0,1,1,2,0,1,50,2,2,1,0,0,1,31.0,53.0,deux_roues,voiture,5,2,1,2,3
202000041163,2020-07-28 17:30:00,2020,7,28,17,30,37,37027,19 Rue de Tours,47.327793,0.987315,Plein jour,En agglomération,Intersection en T,Normale,Deux véhicules - côté,3,2,2,0,1,1,1,0,1,50,2,2,1,0,1,0,18.0,79.0,deux_roues,voiture,1,2,3,1,3
202000041164,2020-01-07 19:05:00,2020,1,7,19,5,75,75111,AVENUE DE LA REPUBLIQUE,48.863794,2.3822947,Nuit avec éclairage allumé,En agglomération,Intersection en T,Pluie légère,Deux véhicules - côté,4,2,4,0,1,1,2,0,1,30,2,2,0,0,0,2,23.0,,deux_roues,,5,2,3,2,3
202000041165,2020-01-07 09:50:00,2020,1,7,9,50,75,75110,RUE DE LA GRANGE AUX BELLES,48.873714,2.364901,Plein jour,En agglomération,Intersection en X,Normale,Deux véhicules - côté,4,1,2,0,2,1,1,0,1,50,2,2,1,0,0,1,38.0,15.0,voiture,deux_roues,1,2,2,1,3
202000041166,2020-07-28 17:30:00,2020,7,28,17,30,77,77527,34 Rue de la Libération,48.693248,3.009417,Plein jour,En agglomération,Hors intersection,Normale,Sans collision,4,2,2,0,1,1,1,0,1,50,1,1,0,1,0,0,33.0,,deux_roues,,1,2,1,1,7
202000041167,2020-09-17 18:55:00,2020,9,17,18,55,52,52423,D674,48.261884,5.351586,Plein jour,Hors agglomération,Hors intersection,Normale,Sans collision,3,2,2,0,1,2,1,0,1,90,1,2,1,0,1,0,47.0,,deux_roues,,1,1,1,1,7
202000041168,2020-01-07 14:45:00,2020,1,7,14,45,75,75108,AVENUE DELCASSE,48.8726051,2.3147728,Plein jour,En agglomération,Intersection en X,Normale,Autre collision,4,1,3,0,1,1,1,0,1,50,1,2,1,0,0,1,74.0,,voiture,,1,2,2,1,6
202000041169,2020-01-07 12:10:00,2020,1,7,12,10,75,75108,AVENUE MARCEAU,48.8659288,2.2997171,Plein jour,En agglomération,Hors intersection,Normale,Autre collision,4,2,4,0,2,1,1,0,1,50,1,2,1,0,0,1,39.0,,deux_roues,,1,2,1,1,6
202000041170,2020-01-07 08:53:00,2020,1,7,8,53,75,75108,PLACE DU CANADA,48.8646018,2.3103341,Plein jour,En agglomération,Place,Normale,Deux véhicules - arrière,4,2,3,0,1,1,2,5,1,50,2,2,1,0,0,1,71.0,53.0,voiture,deux_roues,1,2,7,1,2
202000041171,2020-01-07 11:45:00,2020,1,7,11,45,75,75102,RUE BEAUREGARD,48.8692502,2.3489774,Plein jour,En agglomération,Intersection en T,Normale,Deux véhicules - côté,4,2,2,0,1,1,1,0,1,30,2,2,1,0,0,1,60.0,36.0,deux_roues,voiture,1,2,3,1,3
202000041172,2020-07-28 19:10:00,2020,7,28,19,10,95,95489,1 Rue de Paris,49.014174,2.351503,Plein jour,Hors agglomération,Hors intersection,Normale,Deux véhicules - arrière,3,2,2,0,2,1,1,0,1,50,2,3,1,0,0,2,40.0,54.0,voiture,deux_roues,1,1,1,1,2
202000041173,2020-09-25 00:15:00,2020,9,25,0,15,31,31212,A68,43.719999,1.567546,Nuit sans éclairage public,Hors agglomération,Hors intersection,Pluie forte,Deux véhicules - côté,1,3,4,0,4,2,2,0,2,130,2,4,0,1,1,2,30.0,56.0,voiture,voiture,3,1,1,3,3
202000041174,2020-01-07 10:00:00,2020,1,7,10,0,75,75110,BOULEVARD SAINT MARTIN,48.8679509,2.3623805,Plein jour,En agglomération,Place,Normale,Deux véhicules - côté,4,2,6,-1,1,1,1,0,1,50,2,2,1,0,0,1,18.0,25.0,deux_roues,deux_roues,1,2,7,1,3
202000041175,2020-09-25 19:30:00,2020,9,25,19,30,65,65127,A64,43.103258,0.336879,Crépuscule ou aube,Hors agglomération,Autre intersection,Pluie forte,Autre collision,1,3,5,0,2,2,2,3,3,110,1,1,0,0,1,0,22.0,,voiture,,2,1,9,3,6
202000041176,2020-07-29 14:24:00,2020,7,29,14,24,83,83133,D37,43.572743,6.804957,Plein jour,Hors agglomération,Hors intersection,Normale,Deux véhicules - côté,3,2,3,0,1,1,1,5,1,80,2,5,3,0,0,2,41.0,24.0,voiture,deux_roues,1,1,1,1,3
202000041177,2020-01-06 18:20:00,2020,1,6,18,20,75,75102,BOULEVARD DE SEBASTOPOL,48.866231,2.3525315,Nuit avec éclairage allumé,En agglomération,Intersection en X,Normale,Autre collision,4,2,4,1,1,1,1,5,5,50,1,2,0,0,0,2,49.0,,deux_roues,,5,2,2,1,6
202000041178,2020-09-24 12:12:00,2020,9,24,12,12,40,40227,D834,44.288784,-0.768517,Plein jour,Hors agglomération,Hors intersection,Pluie légère,Trois véhicules et plus - collisions multiples,3,2,2,0,1,3,2,0,1,80,4,4,3,0,0,1,41.0,53.0,utilitaire_camion,utilitaire_camion,1,1,1,2,5
202000041179,2020-01-07 08:35:00,2020,1,7,8,35,75,75101,AVENUE VICTORIA,48.8577217,2.3477764,Plein jour,En agglomération,Intersection en X,Normale,Deux véhicules - côté,4,-1,5,3,1,1,1,-1,6,50,2,2,1,0,0,1,31.0,31.0,utilitaire_camion,deux_roues,1,2,2,1,3
202000041180,2020-09-25 05:00:00,2020,9,25,5,0,77,77185,A6,48.425808,2.540288,Nuit avec éclairage allumé,Hors agglomération,Hors intersection,Normale,Deux véhicules - arrière,1,3,5,0,1,1,1,7,1,70,2,2,1,0,1,0,55.0,51.0,utilitaire_camion,utilitaire_camion,5,1,1,1,2
202000041181,2020-07-29 12:00:00,2020,7,29,12,0,04,04062,RD 900,44.4714131,6.7637214,Plein jour,Hors agglomération,Hors intersection,Normale,Autre collision,3,2,2,0,1,2,1,0,1,80,1,1,0,1,0,0,57.0,,deux_roues,,1,1,1,1,6
202000041182,2020-01-06 20:20:00,2020,1,6,20,20,75,75111,AVENUE DE LA REPUBLIQUE,48.8659682,2.3708446,Nuit avec éclairage allumé,En agglomération,Intersection en X,Normale,Autre collision,4,2,4,0,1,1,1,0,1,50,1,2,1,0,0,1,72.0,,voiture,,5,2,2,1,6
202000041183,2020-07-29 15:00:00,2020,7,29,15,0,54,54505,D59,48.617052,6.068959,Plein jour,Hors agglomération,Hors intersection,Normale,Sans collision,3,2,2,0,2,2,1,0,3,80,1,1,0,0,1,0,43.0,,utilitaire_camion,,1,1,1,1,7
202000041184,2020-09-25 12:50:00,2020,9,25,12,50,34,34182,d13,43.427468,3.408865,Plein jour,En agglomération,Giratoire,Vent fort / tempête,Sans collision,3,1,1,0,1,2,1,5,1,50,1,1,0,0,1,0,29.0,,deux_roues,,1,2,6,6,7
202000041185,2020-01-07 18:20:00,2020,1,7,18,20,94,94042,JEAN JAURES (AV),48.82016,2.46436,Nuit avec éclairage allumé,En agglomération,Hors intersection,Pluie légère,Deux véhicules - côté,3,1,2,0,1,1,2,0,1,50,2,1,0,0,0,1,32.0,,deux_roues,,5,2,1,2,3
202000041186,2020-07-28 14:55:00,2020,7,28,14,55,81,81112,Route de Marssac,43.92098,2.026001,Plein jour,Hors agglomération,Intersection en Y,Normale,Sans collision,3,2,2,0,4,2,1,0,1,80,1,1,0,0,0,1,42.0,,deux_roues,,1,1,4,1,7
202000041187,2020-07-29 12:15:00,2020,7,29,12,15,09,09074,D7,43.018549,1.968656,Plein jour,Hors agglomération,Hors intersection,Normale,Autre collision,3,2,2,0,1,2,1,2,8,80,1,2,0,2,0,0,74.0,,voiture,,1,1,1,1,6
202000041188,2020-01-07 10:00:00,2020,1,7,10,0,94,94034,DIVISION LECLERC (AV DE LA),48.76012,2.32161,Plein jour,En agglomération,Hors intersection,Temps couvert,Autre collision,3,3,4,0,3,1,1,0,1,50,1,2,1,0,0,1,31.0,,voiture,,1,2,1,8,6
202000041189,2020-01-06 12:10:00,2020,1,6,12,10,94,94028,MAURIAC.(RUE FRANCOIS),48.7856375,2.453584,Plein jour,En agglomération,Autre intersection,Normale,Deux véhicules - frontale,4,4,0,0,1,1,1,0,1,50,2,2,1,0,0,1,58.0,,voiture,,1,2,9,1,1
202000041190,2020-09-25 12:55:00,2020,9,25,12,55,84,84055,Route de Caumont,43.948281,4.940554,Plein jour,En agglomération,Hors intersection,Normale,Deux véhicules - arrière,3,2,2,1,1,1,1,0,1,50,2,2,1,0,1,0,23.0,18.0,utilitaire_camion,deux_roues,1,2,1,1,2
202000041191,2020-01-06 16:50:00,2020,1,6,16,50,94,94019,COEUILLY (AV DE),48.80254,2.53831,Plein jour,En agglomération,Hors intersection,Normale,Autre collision,4,2,2,0,1,1,1,0,3,50,1,2,1,0,0,1,48.0,,voiture,,1,2,1,1,6
202000041192,2020-07-29 11:50:00,2020,7,29,11,50,79,79049,16 Rue du Petit Patis,46.847762,-0.485888,Plein jour,En agglomération,Hors intersection,Normale,Deux véhicules - arrière,4,2,2,0,2,1,1,0,1,50,2,1,0,0,0,1,58.0,,voiture,,1,2,1,1,2
202000041193,2020-01-04 11:00:00,2020,1,4,11,0,94,94019,BORDES (R DES),48.7980667,2.5512904,Plein jour,En agglomération,Autre intersection,Normale,,4,2,2,0,1,1,1,0,1,50,2,4,3,0,0,1,35.0,57.0,deux_roues,voiture,1,2,9,1,-1
202000041194,2020-09-25 13:20:00,2020,9,25,13,20,13,13015,Avenue de Provence,43.449831,5.426712,Plein jour,En agglomération,Intersection en T,Normale,Deux véhicules - arrière,3,2,2,0,2,1,1,0,1,50,2,2,1,0,1,0,24.0,73.0,deux_roues,voiture,1,2,3,1,2
202000041195,2020-01-07 14:21:00,2020,1,7,14,21,94,94018,CARRIERES (QU DES),48.81991,2.40484,Plein jour,En agglomération,Hors intersection,Normale,Deux véhicules - côté,3,3,3,0,1,1,1,0,3,30,2,1,0,0,0,1,34.0,,deux_roues,,1,2,1,1,3
202000041196,2020-07-28 17:35:00,2020,7,28,17,35,79,79184,Route de Saint-maixent,46.363344,-0.114841,Plein jour,En agglomération,Intersection en Y,Normale,Deux véhicules - côté,3,2,2,0,1,3,1,5,1,70,2,2,1,0,1,0,19.0,23.0,deux_roues,voiture,1,2,4,1,3
202000041197,2020-09-24 22:00:00,2020,9,24,22,0,13,13041,D6,43.470355,5.469925,Nuit sans éclairage public,Hors agglomération,Hors intersection,Normale,Deux véhicules - arrière,3,3,4,0,1,1,1,0,1,110,2,2,0,1,0,1,19.0,58.0,voiture,voiture,3,1,1,1,2
202000041198,2020-07-29 00:49:00,2020,7,29,0,49,17,17064,1 Route de Taupignac,45.6755228,-1.0566818,Nuit sans éclairage public,En agglomération,Hors intersection,Normale,Deux véhicules - arrière,3,2,2,0,1,1,1,0,1,50,2,2,1,0,1,0,36.0,19.0,voiture,deux_roues,3,2,1,1,2
202000041199,2020-01-07 05:45:00,2020,1,7,5,45,93,93071,AV DU GENERAL LECLERC / AV DE LATTRE DE TASSIGNY,48.939851,2.523395,Nuit avec éclairage allumé,En agglomération,Intersection en Y,Temps couvert,Autre collision,3,2,2,0,1,1,2,0,1,50,1,2,1,0,0,1,43.0,,voiture,,5,2,4,8,6
202000041200,2020-09-25 19:50:00,2020,9,25,19,50,55,55122,Route de Chonville,48.751082,5.554898,Nuit sans éclairage public,Hors agglomération,Hors intersection,Pluie légère,Autre collision,4,2,2,0,1,1,2,0,8,50,1,2,0,0,0,2,18.0,,voiture,,3,1,1,2,6
202000041201,2020-07-29 20:45:00,2020,7,29,20,45,64,64230,N134,43.174857,-0.434625,Plein jour,Hors agglomération,Hors intersection,Normale,Sans collision,2,2,3,0,2,1,1,0,3,90,1,3,2,0,1,0,20.0,,voiture,,1,1,1,1,7
202000041202,2020-01-07 13:40:00,2020,1,7,13,40,93,93071,DUMONT D'URVILLE (AVENUE),48.9463891,2.5222015,Plein jour,En agglomération,Hors intersection,Normale,Autre collision,4,2,2,0,1,1,1,0,1,50,1,2,1,0,0,1,41.0,,utilitaire_camion,,1,2,1,1,6
202000041203,2020-09-25 12:10:00,2020,9,25,12,10,38,38146,VC La Gagne,45.70784,5.297878,Plein jour,Hors agglomération,Hors intersection,Normale,Autre collision,4,2,2,0,2,1,2,0,3,80,1,1,0,0,1,0,38.0,,voiture,,1,1,1,1,6
202000041204,2020-07-28 22:10:00,2020,7,28,22,10,85,85300,Rue de Lattre de Tassigny,46.686081,-1.512203,Nuit avec éclairage allumé,En agglomération,Hors intersection,Normale,Sans collision,3,-1,2,0,4,3,1,0,1,50,1,2,1,0,1,0,15.0,,deux_roues,,5,2,1,1,7
202000041205,2020-08-29 22:55:00,2020,8,29,22,55,26,26064,D236,44.88498,4.991984,Nuit sans éclairage public,Hors agglomération,Hors intersection,Normale,Sans collision,3,2,2,0,1,1,1,0,8,80,1,1,0,0,1,0,31.0,,voiture,,3,1,1,1,7
202000041206,2020-01-07 19:30:00,2020,1,7,19,30,93,93062,AV THIERS,48.89609,2.5256,Nuit avec éclairage allumé,En agglomération,Hors intersection,Pluie légère,,3,2,2,0,2,1,2,0,4,50,2,2,1,0,0,1,33.0,75.0,voiture,voiture,5,2,1,2,-1
202000041207,2020-07-27 17:15:00,2020,7,27,17,15,72,72154,Chemin de la Landelière,47.685315,-0.021152,Plein jour,Hors agglomération,Hors intersection,Normale,Deux véhicules - frontale,4,2,2,0,1,2,1,0,1,80,2,2,0,0,1,1,65.0,19.0,voiture,voiture,1,1,1,1,1
202000041208,2020-01-07 09:00:00,2020,1,7,9,0,93,93051,DOCTEUR JEAN VAQUIER,48.84788,2.55629,Plein jour,En agglomération,Hors intersection,Normale,Autre collision,4,2,1,0,1,1,1,0,1,30,1,2,1,0,0,1,55.0,,utilitaire_camion,,1,2,1,1,6
202000041209,2020-07-22 11:50:00,2020,7,22,11,50,44,44198,A83,47.159067,-1.513216,Plein jour,Hors agglomération,Hors intersection,Normale,Deux véhicules - côté,1,1,4,0,1,1,1,0,1,-1,2,2,1,0,1,0,66.0,57.0,deux_roues,voiture,1,1,1,1,3
202000041210,2020-07-28 12:25:00,2020,7,28,12,25,44,44026,Route de Paris,47.275611,-1.468306,Plein jour,Hors agglomération,Giratoire,Normale,Sans collision,7,2,2,0,1,2,1,5,1,70,1,2,1,0,0,1,60.0,,deux_roues,,1,1,6,1,7
202000041211,2020-01-06 11:15:00,2020,1,6,11,15,93,93048,BD DE VERDUN,48.85693,2.46723,Plein jour,En agglomération,Hors intersection,Normale,Deux véhicules - arrière,3,2,1,0,1,1,1,0,1,50,2,4,2,0,0,2,42.0,53.0,voiture,transport_commun,1,2,1,1,2
202000041212,2020-07-29 07:45:00,2020,7,29,7,45,14,14258,D511,48.912234,-0.199127,Plein jour,Hors agglomération,Hors intersection,Normale,Autre collision,3,2,2,0,1,1,1,0,3,70,1,1,0,0,1,0,59.0,,voiture,,1,1,1,1,6
202000041213,2020-01-07 08:20:00,2020,1,7,8,20,93,93014,ALL DE MONTFERMEIL,48.89914,2.54292,Plein jour,En agglomération,Hors intersection,Temps couvert,Deux véhicules - côté,3,2,2,2,1,1,2,0,1,50,2,2,1,0,0,1,46.0,32.0,deux_roues,voiture,1,2,1,8,3
202000041214,2020-01-06 17:30:00,2020,1,6,17,30,92,92049,BROSSOLETTE AVENUE PIERRE,48.81765,2.30786,Nuit avec éclairage allumé,En agglomération,Intersection en X,Normale,Deux véhicules - côté,3,2,2,3,1,1,1,5,3,50,2,2,1,0,0,1,50.0,57.0,deux_roues,voiture,5,2,2,1,3
202000041215,2020-07-03 13:40:00,2020,7,3,13,40,29,29042,D887 - Route de Chateaulin,48.245682,-4.387016,Plein jour,Hors agglomération,Intersection en T,Normale,Deux véhicules - arrière,3,2,2,0,2,2,1,5,1,80,2,2,1,0,1,0,33.0,74.0,voiture,voiture,1,1,3,1,2
202000041216,2020-01-07 18:00:00,2020,1,7,18,0,92,92040,ARISTIDE BRIAND,48.8212566,2.2556091,Nuit avec éclairage allumé,En agglomération,Autre intersection,Temps couvert,Sans collision,3,3,3,0,1,1,8,5,1,30,1,1,0,0,0,1,18.0,,deux_roues,,5,2,9,8,7
202000041217,2020-07-28 20:50:00,2020,7,28,20,50,59,59136,Rd 643,50.108992,3.518715,Crépuscule ou aube,Hors agglomération,Hors intersection,Normale,Deux véhicules - arrière,3,2,3,0,1,1,1,0,1,90,2,2,1,0,0,1,46.0,59.0,deux_roues,voiture,2,1,1,1,2
202000041218,2020-01-07 08:40:00,2020,1,7,8,40,92,92036,LAURENT CELY (AVENUE) (1/143),48.9321,2.30188,Plein jour,En agglomération,Hors intersection,Normale,,3,3,4,0,1,1,1,0,1,50,2,2,1,0,0,1,36.0,38.0,deux_roues,voiture,1,2,1,1,-1
202000041219,2020-07-28 18:00:00,2020,7,28,18,0,13,13026,A55-Sens Martigues vers Marseille,43.39033,5.1357,Plein jour,Hors agglomération,Hors intersection,Normale,Deux véhicules - arrière,1,1,3,0,1,1,1,0,2,110,2,2,1,0,1,0,57.0,30.0,utilitaire_camion,voiture,1,1,1,1,2
202000041220,2020-01-07 11:15:00,2020,1,7,11,15,92,92026,VERDUN (DE 62 A FIN),48.90272,2.2585,Plein jour,En agglomération,Hors intersection,Normale,Deux véhicules - côté,3,2,2,0,1,1,1,0,1,50,2,2,1,0,0,1,29.0,24.0,deux_roues,voiture,1,2,1,1,3
202000041221,2020-07-27 13:21:00,2020,7,27,13,21,13,13055,A507 sens Aubagne- Marseille,43.30223,5.42552,Plein jour,Hors agglomération,Hors intersection,Normale,Trois véhicules et plus - en chaîne,1,3,4,0,2,1,1,1,1,70,3,4,2,0,0,2,28.0,23.0,utilitaire_camion,voiture,1,1,1,1,4
202000041222,2020-01-02 11:50:00,2020,1,2,11,50,92,92012,VICTOR HUGO (AVENUE) 49/FIN - 60/FIN,48.839622,2.247128,Plein jour,En agglomération,Hors intersection,Normale,Sans collision,4,2,1,0,1,1,1,9,4,50,1,1,0,0,0,1,60.0,,deux_roues,,1,2,1,1,7
202000041223,2020-01-07 09:30:00,2020,1,7,9,30,92,92036,BAS ( RUE DES ),48.920321,2.2886109,Plein jour,En agglomération,Hors intersection,Pluie légère,Trois véhicules et plus - en chaîne,3,2,4,0,1,1,1,0,1,50,3,3,2,0,0,1,69.0,29.0,deux_roues,voiture,1,2,1,2,4
202000041224,2020-01-08 11:55:00,2020,1,8,11,55,60,60387,D901,49.5846486,1.9533085,Plein jour,Hors agglomération,Hors intersection,Pluie légère,Deux véhicules - frontale,3,2,1,0,1,3,2,0,1,80,2,4,0,0,0,4,23.0,33.0,voiture,voiture,1,1,1,2,1
202000041225,2020-07-27 08:15:00,2020,7,27,8,15,13,13202,A55-Sens Marseille vers Martigues,43.3097,5.3683,Plein jour,Hors agglomération,Hors intersection,Normale,Deux véhicules - arrière,1,1,1,0,1,1,1,1,1,50,2,1,0,0,0,1,43.0,,utilitaire_camion,,1,1,1,1,2
202000041226,2020-07-27 19:20:00,2020,7,27,19,20,83,83137,BRETELLE17  ACCES TOULON CENTRE N -T,43.12132,5.95331,Plein jour,Hors agglomération,Hors intersection,Normale,Deux véhicules - arrière,1,3,8,0,1,1,1,3,1,70,2,2,1,0,1,0,54.0,57.0,utilitaire_camion,deux_roues,1,1,1,1,2
202000041227,2020-07-27 17:40:00,2020,7,27,17,40,42,42044,RN88,45.39529,4.33663,Plein jour,Hors agglomération,Hors intersection,Normale,Deux véhicules - arrière,2,3,4,0,1,1,1,0,1,110,2,2,1,0,1,0,52.0,26.0,deux_roues,voiture,1,1,1,1,2
202000041228,2020-07-28 18:40:00,2020,7,28,18,40,33,33192,AUTOROUTE A 63,44.78118,-0.63657,Plein jour,Hors agglomération,Hors intersection,Normale,Deux véhicules - côté,1,3,6,0,1,1,1,0,1,90,2,2,1,0,0,1,47.0,52.0,deux_roues,utilitaire_camion,1,1,1,1,3
202000041229,2020-07-28 15:11:00,2020,7,28,15,11,91,91689,AUTOROUTE A6B,48.74625,2.32585,Plein jour,Hors agglomération,Hors intersection,Normale,Deux véhicules - arrière,1,3,3,0,4,1,1,0,1,110,2,3,2,0,0,1,34.0,54.0,utilitaire_camion,voiture,1,1,1,1,2
202000041230,2020-01-08 13:24:00,2020,1,8,13,24,01,01361,D65,45.844986,5.190455,Plein jour,Hors agglomération,Hors intersection,Normale,Deux véhicules - frontale,3,2,2,0,1,2,1,0,1,80,2,2,0,0,2,0,47.0,22.0,voiture,voiture,1,1,1,1,1