accident_id,datetime,annee,mois,jour,heure,minute,departement,commune_insee,adresse,latitude,longitude,luminosite,agglomeration,intersection,meteo,collision,catr,circ,nbv,vosp,prof,plan,surf,infra,situ,vma,nb_vehicules,nb_usagers,nb_indemnes,nb_tues,nb_blesses_hosp,nb_blesses_legers,age_cond_1,age_cond_2,veh_type_cond_1,veh_type_cond_2,lum_code,agg_code,int_code,atm_code,col_code
202000041323,2020-06-24 17:42:00,2020,6,24,17,42,66,66136,BOURRAT BOULEVARD JEAN,42.70054,2.90254,Plein jour,En agglomération,Hors intersection,Normale,Deux véhicules - frontale,4,2,4,1,1,1,1,0,1,50,2,2,1,0,0,1,12.0,77.0,deux_roues,voiture,1,2,1,1,1
202000041324,2020-07-24 16:46:00,2020,7,24,16,46,66,66136,MAILLOLES (CHEMIN),42.6841869,2.8784776,Plein jour,En agglomération,Hors intersection,Normale,Deux véhicules - frontale,4,2,2,1,1,1,1,0,1,50,2,2,1,0,0,1,28.0,22.0,voiture,deux_roues,1,2,1,1,1
202000041325,2020-07-20 09:05:00,2020,7,20,9,5,64,64445,Allee de Morlaas,43.3045,-0.34903,Plein jour,En agglomération,Hors intersection,Normale,Autre collision,4,1,1,0,1,1,1,9,1,50,1,2,1,0,0,1,29.0,,utilitaire_camion,,1,2,1,1,6
202000041326,2020-07-07 16:55:00,2020,7,7,16,55,64,64445,DESPOURRINS,43.29993,-0.36703,Plein jour,En agglomération,Intersection en X,Normale,Autre collision,4,2,2,0,1,1,1,0,1,50,1,2,1,0,1,0,30.0,,transport_commun,,1,2,2,1,6
202000041327,2020-01-07 18:45:00,2020,1,7,18,45,91,91553,RN 104,48.6288,2.4814,Nuit sans éclairage public,Hors agglomération,Hors intersection,Pluie légère,Trois véhicules et plus - en chaîne,2,3,4,0,4,1,2,0,1,90,4,7,2,0,0,5,48.0,30.0,voiture,voiture,3,1,1,2,4
202000041328,2020-07-27 15:30:00,2020,7,27,15,30,64,64102,HENRI DE NAVARRE (AVENUE),43.5085,-1.4444,Plein jour,En agglomération,Intersection en T,Normale,Deux véhicules - côté,3,2,2,0,1,1,1,0,1,50,2,2,1,0,0,1,21.0,48.0,voiture,voiture,1,2,3,1,3
202000041329,2020-07-25 22:35:00,2020,7,25,22,35,63,63113,PUY DE DOME (AVENUE DU),45.7879,3.0578,Crépuscule ou aube,En agglomération,Autre intersection,Normale,Deux véhicules - arrière,7,2,2,0,2,1,1,0,1,50,2,2,1,0,0,1,60.0,36.0,deux_roues,voiture,2,2,9,1,2
202000041330,2020-07-20 16:00:00,2020,7,20,16,0,62,62178,EVRARD ( FLORENT ),50.48531,2.5464,Plein jour,En agglomération,Giratoire,Normale,Deux véhicules - côté,4,2,2,0,1,1,1,9,1,50,2,5,4,0,0,1,73.0,32.0,voiture,voiture,1,2,6,1,3
202000041331,2020-07-22 14:00:00,2020,7,22,14,0,54,54270,rue Jean Jaurès,49.497504,5.864027,Plein jour,En agglomération,Intersection en T,Normale,Deux véhicules - côté,4,2,2,0,2,1,1,0,1,50,2,2,1,0,1,0,52.0,44.0,deux_roues,voiture,1,2,3,1,3
202000041332,2020-07-25 09:40:00,2020,7,25,9,40,49,49246,DAVID D'ANGERS,47.43768,-0.5318,Plein jour,En agglomération,Hors intersection,Normale,Autre collision,3,2,2,0,1,1,1,0,1,60,1,1,0,0,0,1,,,,,1,2,1,1,6
202000041333,2020-07-27 19:11:00,2020,7,27,19,11,37,37233,MOULIN (PONT JEAN),47.3853066,0.7288077,Plein jour,En agglomération,Hors intersection,Normale,Sans collision,4,2,2,0,1,1,1,9,1,50,1,1,0,0,0,1,52.0,,deux_roues,,1,2,1,1,7
202000041334,2020-07-27 12:05:00,2020,7,27,12,5,37,37261,GRAMMONT (AVENUE DE),47.3857369,0.69074,Plein jour,En agglomération,Hors intersection,Normale,Deux véhicules - côté,3,4,4,1,1,1,1,0,1,50,2,3,2,0,0,1,63.0,26.0,transport_commun,voiture,1,2,1,1,3
202000041335,2020-01-07 10:00:00,2020,1,7,10,0,94,94003,AUTOROUTE A6A,48.80331,2.34211,Plein jour,Hors agglomération,Hors intersection,Normale,Deux véhicules - côté,1,3,3,0,4,1,1,0,1,70,2,2,1,0,0,1,43.0,64.0,deux_roues,voiture,1,1,1,1,3
202000041336,2020-07-27 19:20:00,2020,7,27,19,20,35,35051,LONGCHAMPS (PORTE DES),48.14058,-1.62666,Plein jour,Hors agglomération,Giratoire,Normale,Sans collision,3,1,2,0,1,2,1,0,1,50,1,1,0,0,0,1,51.0,,deux_roues,,1,1,6,1,7
202000041337,2020-01-07 06:54:00,2020,1,7,6,54,91,91161,AUTOROUTE A6,48.6960598,2.317031,Nuit sans éclairage public,Hors agglomération,Hors intersection,Normale,Deux véhicules - côté,1,3,6,0,1,1,1,0,1,110,2,2,1,0,0,1,59.0,48.0,deux_roues,voiture,3,1,1,1,3
202000041338,2020-07-17 18:00:00,2020,7,17,18,0,34,34003, NOTRE DAME A ST. MARTIN (O8 A Q13,43.2894649,3.469153,Plein jour,En agglomération,Hors intersection,Normale,Deux véhicules - côté,4,2,2,0,1,1,1,9,8,50,2,3,1,0,0,2,17.0,64.0,voiture,deux_roues,1,2,1,1,3
202000041339,2020-01-07 19:00:00,2020,1,7,19,0,78,78646,RN12 INT,48.79388,2.07627,Nuit sans éclairage public,Hors agglomération,Hors intersection,Pluie légère,Deux véhicules - côté,2,1,3,0,1,1,2,3,1,50,2,2,1,0,0,1,50.0,32.0,deux_roues,voiture,3,1,1,2,3
202000041340,2020-07-08 09:00:00,2020,7,8,9,0,33,33063,RUE MALLERET,44.84795,-0.58587,Plein jour,En agglomération,Intersection en X,Normale,Deux véhicules - côté,4,1,1,0,1,1,1,0,1,50,2,2,1,0,0,1,65.0,29.0,voiture,deux_roues,1,2,2,1,3
202000041341,2020-01-06 12:10:00,2020,1,6,12,10,93,93066,AUTOROUTE A86,48.92431,2.3417,Plein jour,Hors agglomération,Hors intersection,Normale,Deux véhicules - arrière,1,3,10,0,1,1,1,0,1,70,2,3,2,0,0,1,29.0,34.0,voiture,utilitaire_camion,1,1,1,1,2
202000041342,2020-07-05 23:15:00,2020,7,5,23,15,33,33063,RUE DU MIRAIL / RUE CAUSSEROUGE,44.83317,-0.57096,Nuit avec éclairage allumé,En agglomération,Intersection en T,Normale,Sans collision,4,1,1,0,1,1,1,0,1,30,1,1,0,0,0,1,23.0,,deux_roues,,5,2,3,1,7
202000041343,2020-01-06 18:40:00,2020,1,6,18,40,93,93066,AUTOROUTE A86,48.92206,2.35861,Nuit sans éclairage public,Hors agglomération,Hors intersection,Normale,Trois véhicules et plus - en chaîne,1,3,10,0,1,1,1,0,1,90,4,4,3,0,0,1,46.0,47.0,utilitaire_camion,voiture,3,1,1,1,4
202000041344,2020-01-06 08:10:00,2020,1,6,8,10,95,95488,AUTOROUTE A15,49.01287,2.14929,Crépuscule ou aube,Hors agglomération,Hors intersection,Normale,Autre collision,1,3,7,0,1,1,1,0,1,110,1,2,0,0,0,2,29.0,,voiture,,2,1,1,1,6
202000041345,2020-07-05 18:50:00,2020,7,5,18,50,33,33063,AVE DE MERIGNAC / RUE MAC CARTHY,44.83859,-0.62104,Plein jour,En agglomération,Intersection en T,Normale,Deux véhicules - côté,4,2,2,0,1,1,1,5,1,50,2,2,1,0,0,1,65.0,35.0,voiture,deux_roues,1,2,3,1,3
202000041346,2020-01-04 22:40:00,2020,1,4,22,40,95,95203,RD 170,48.97751,2.28604,Nuit sans éclairage public,Hors agglomération,Hors intersection,Normale,Sans collision,3,3,4,0,1,2,2,0,1,90,1,1,0,0,0,1,24.0,,deux_roues,,3,1,1,1,7
202000041347,2020-07-16 14:35:00,2020,7,16,14,35,33,33063,BD DU PRESIDENT WILSON / RUE DE LA LIBERTE,44.84207,-0.59951,Plein jour,En agglomération,Intersection en Y,Normale,,4,3,6,2,1,1,1,5,1,50,2,2,1,0,0,1,58.0,25.0,deux_roues,deux_roues,1,2,4,1,-1
202000041348,2020-01-05 01:00:00,2020,1,5,1,0,93,93066,AUTOROUTE A1,48.92267,2.35728,Nuit avec éclairage allumé,Hors agglomération,Hors intersection,Normale,Trois véhicules et plus - en chaîne,1,3,8,0,1,1,1,0,1,90,3,3,2,0,0,1,25.0,38.0,voiture,voiture,5,1,1,1,4
202000041349,2020-01-07 09:50:00,2020,1,7,9,50,94,94028,A86 EXT,48.7941122,2.4417939,Plein jour,Hors agglomération,Hors intersection,Normale,Sans collision,1,3,3,0,1,1,1,0,1,90,1,1,0,0,0,1,30.0,,voiture,,1,1,1,1,7
202000041350,2020-07-06 12:10:00,2020,7,6,12,10,33,33281,AVE DE LA LIBERATION / PCE JEAN JAURES,44.85109,-0.64468,Plein jour,En agglomération,Intersection en X,Normale,Deux véhicules - côté,4,2,6,2,1,1,1,5,1,30,2,3,1,0,0,2,51.0,70.0,voiture,voiture,1,2,2,1,3
202000041351,2020-01-07 08:30:00,2020,1,7,8,30,77,77337,A4,48.8301655,2.6152881,Plein jour,Hors agglomération,Hors intersection,Normale,Deux véhicules - arrière,1,1,5,0,1,1,2,0,1,110,2,2,1,0,0,1,25.0,53.0,deux_roues,utilitaire_camion,1,1,1,1,2
202000041352,2020-07-27 05:30:00,2020,7,27,5,30,33,33529,RD650 / Rue de Bordes,44.63717,-1.12904,Nuit avec éclairage allumé,En agglomération,Giratoire,Normale,Autre collision,3,2,2,0,1,2,1,9,1,50,1,1,0,0,1,0,19.0,,deux_roues,,5,2,6,1,6
202000041353,2020-01-07 08:15:00,2020,1,7,8,15,94,94018,A4,48.8204863,2.401386,Crépuscule ou aube,Hors agglomération,Hors intersection,Normale,Sans collision,1,1,5,0,1,1,2,0,1,90,1,1,0,0,0,1,51.0,,deux_roues,,2,1,1,1,7
202000041354,2020-07-27 10:10:00,2020,7,27,10,10,31,31555,RUE ANDRE ETCHEVERLEPO,43.63936,1.4598,Plein jour,En agglomération,Hors intersection,Normale,Deux véhicules - côté,4,2,2,1,1,1,1,0,5,5,2,2,1,0,0,1,55.0,19.0,deux_roues,voiture,1,2,1,1,3
202000041355,2020-01-06 18:15:00,2020,1,6,18,15,77,77058,A4,48.8290044,2.7378711,Nuit sans éclairage public,Hors agglomération,Hors intersection,Normale,Deux véhicules - arrière,1,3,6,0,1,1,1,0,1,130,2,2,1,0,0,1,42.0,41.0,voiture,voiture,3,1,1,1,2
202000041356,2020-07-26 22:30:00,2020,7,26,22,30,31,31555,BD DE SUISSE,43.62004,1.42396,Nuit avec éclairage allumé,En agglomération,Intersection en X,Normale,Deux véhicules - côté,4,2,2,0,1,1,1,0,1,50,2,2,1,0,0,1,42.0,29.0,voiture,voiture,5,2,2,1,3
202000041357,2020-01-06 11:30:00,2020,1,6,11,30,973,97302,FELIX EBOUE(ROCADE),4.930926,-52.3132467,Plein jour,En agglomération,Intersection en X,Normale,Deux véhicules - côté,3,2,1,0,1,1,1,0,1,50,2,2,1,0,0,1,61.0,28.0,voiture,deux_roues,1,2,2,1,3
202000041358,2020-07-25 21:15:00,2020,7,25,21,15,31,31555,CHE DES ETROITS,43.5677,1.43973,Plein jour,Hors agglomération,Hors intersection,Normale,Deux véhicules - côté,3,2,2,0,1,1,1,0,1,50,2,2,1,0,0,1,22.0,21.0,voiture,deux_roues,1,1,1,1,3
202000041359,2020-01-06 11:00:00,2020,1,6,11,0,69,69383,LACASSAGNE                          (AV),45.7506979,4.8739515,Plein jour,En agglomération,Intersection en X,Normale,Autre collision,4,1,3,3,2,1,1,0,1,50,1,2,1,0,0,1,78.0,,voiture,,1,2,2,1,6
202000041360,2020-07-25 08:50:00,2020,7,25,8,50,31,31555,RUE DU FERETRA,43.58142,1.44377,Plein jour,En agglomération,Hors intersection,Normale,Autre collision,4,2,2,0,1,1,1,0,1,50,1,1,0,0,0,1,22.0,,voiture,,1,2,1,1,6
202000041361,2020-01-06 16:00:00,2020,1,6,16,0,972,97209,AUTOROUTE (A1),14.61827,-61.03587,Plein jour,En agglomération,Hors intersection,Normale,Deux véhicules - côté,1,2,2,0,1,1,1,2,1,80,2,2,1,0,0,1,23.0,51.0,voiture,utilitaire_camion,1,2,1,1,3
202000041362,2020-07-25 07:45:00,2020,7,25,7,45,31,31555,VA007331 A620,43.59087,1.39943,Plein jour,Hors agglomération,Hors intersection,Normale,Deux véhicules - arrière,1,3,4,0,1,1,1,0,1,90,2,5,3,0,1,1,42.0,22.0,utilitaire_camion,voiture,1,1,1,1,2
202000041363,2020-01-06 09:10:00,2020,1,6,9,10,69,69034,GENERAL DE GAULLE                   (AV),45.8086,4.8565,Plein jour,En agglomération,Hors intersection,Normale,Autre collision,3,2,1,0,1,1,1,0,1,50,1,2,1,0,0,1,45.0,,voiture,,1,2,1,1,6
202000041364,2020-07-25 07:35:00,2020,7,25,7,35,31,31557,AV JEAN JAURES,43.58874,1.36012,Plein jour,En agglomération,Hors intersection,Normale,Autre collision,3,2,2,1,1,1,1,0,1,50,1,2,1,0,0,1,31.0,,voiture,,1,2,1,1,6
202000041365,2020-01-05 21:00:00,2020,1,5,21,0,69,69384,MAIL (DU)                           (R ),45.7771968,4.8331841,Nuit avec éclairage allumé,En agglomération,Intersection en X,Normale,Deux véhicules - côté,4,1,1,0,1,1,1,0,1,50,2,2,1,0,0,1,18.0,29.0,deux_roues,voiture,5,2,2,1,3
202000041366,2020-07-27 19:20:00,2020,7,27,19,20,17,17415,YSER 1 A 35 QUAI DE L',45.7471,-0.63047,Plein jour,En agglomération,Intersection en X,Normale,Deux véhicules - côté,4,2,1,0,1,1,1,0,1,50,2,2,1,0,0,1,56.0,18.0,voiture,deux_roues,1,2,2,1,3
202000041367,2020-01-05 10:25:00,2020,1,5,10,25,2A,2A004,T21,41.9335502,8.7543297,Plein jour,En agglomération,Giratoire,Normale,Deux véhicules - côté,2,1,3,0,1,1,1,0,1,50,2,2,1,0,1,0,43.0,40.0,voiture,deux_roues,1,2,6,1,3
202000041368,2020-07-27 23:30:00,2020,7,27,23,30,17,17300,DELMAS   BOULEVARD EMILE,46.16101,-1.146172,Plein jour,Hors agglomération,Intersection en X,Normale,Deux véhicules - côté,4,1,1,0,1,1,2,0,1,30,2,2,1,0,0,1,31.0,21.0,deux_roues,voiture,1,1,2,1,3
202000041369,2020-07-27 02:00:00,2020,7,27,2,0,13,13202,DUNKERQUE  (BOULEVARD DE),43.310836,5.368939,Nuit avec éclairage allumé,En agglomération,Hors intersection,Normale,Autre collision,4,1,1,0,1,3,1,0,4,50,1,1,0,0,1,0,23.0,,deux_roues,,5,2,1,1,6
202000041370,2020-01-05 23:15:00,2020,1,5,23,15,95,95539,DIVISION LECLERC (AVENUE DE LA ),48.99166,2.36296,Nuit avec éclairage allumé,Hors agglomération,Hors intersection,Normale,Deux véhicules - côté,3,-1,2,0,1,1,1,0,1,50,2,5,1,0,0,4,23.0,34.0,voiture,utilitaire_camion,5,1,1,1,3
202000041371,2020-01-06 09:20:00,2020,1,6,9,20,91,91432,PASCAL (AVENUE BLAISE),48.69553,2.33639,Plein jour,En agglomération,Hors intersection,Temps éblouissant,Deux véhicules - arrière,4,2,2,0,1,1,1,0,1,50,2,2,1,0,0,1,84.0,68.0,voiture,voiture,1,2,1,7,2
202000041372,2020-07-27 15:40:00,2020,7,27,15,40,13,13207,Corniche John Fitzgérald Kennedy,43.29062,5.35544,Plein jour,En agglomération,Intersection en Y,Normale,Deux véhicules - frontale,7,2,2,0,1,3,1,0,1,50,2,2,1,0,0,1,69.0,30.0,deux_roues,deux_roues,1,2,4,1,1
202000041373,2020-01-06 07:45:00,2020,1,6,7,45,91,91691,RIVES DE L'YERRES,48.71518,2.47861,Crépuscule ou aube,En agglomération,Autre intersection,Normale,Autre collision,4,2,1,0,1,1,1,2,1,30,1,2,1,0,0,1,27.0,,voiture,,2,2,9,1,6
202000041374,2020-01-03 18:08:00,2020,1,3,18,8,91,91223,C.D. 21,48.417535,2.1313809,Nuit sans éclairage public,Hors agglomération,Hors intersection,Normale,Sans collision,3,2,2,0,1,4,1,0,1,50,1,1,0,0,0,1,27.0,,voiture,,3,1,1,1,7
202000041375,2020-07-27 12:15:00,2020,7,27,12,15,13,13209,MICHELET (BOULEVARD),43.26512,5.3955,Plein jour,En agglomération,Hors intersection,Normale,Deux véhicules - côté,4,2,4,3,1,1,1,0,1,50,2,2,1,0,1,0,39.0,19.0,utilitaire_camion,deux_roues,1,2,1,1,3
202000041376,2020-07-27 07:15:00,2020,7,27,7,15,13,13208,TURCAT MERY ALLÉE (ALLEE),43.28052,5.38781,Crépuscule ou aube,En agglomération,Hors intersection,Normale,Autre collision,4,3,-1,0,1,1,1,0,1,50,1,2,1,0,1,0,30.0,,voiture,,2,2,1,1,6
202000041377,2020-07-26 08:00:00,2020,7,26,8,0,13,13206,FRIEDLAND (RUE),43.28588,5.39001,Plein jour,En agglomération,Intersection en X,Normale,Deux véhicules - côté,4,1,1,0,1,1,1,0,1,50,2,1,0,0,0,1,17.0,,deux_roues,,1,2,2,1,3
202000041378,2020-07-27 16:25:00,2020,7,27,16,25,07,07316,LONES (PONT DES),44.911289,4.862967,Plein jour,Hors agglomération,Hors intersection,Normale,Trois véhicules et plus - en chaîne,3,3,4,0,2,3,1,2,1,90,3,4,2,0,0,2,31.0,68.0,voiture,voiture,1,1,1,1,4
202000041379,2020-07-23 14:45:00,2020,7,23,14,45,06,06083,"SOLEIL (PROMENADE DU, N° 1294 ET +)",43.774084,7.502604,Plein jour,En agglomération,Hors intersection,Normale,Deux véhicules - arrière,3,2,2,0,1,1,1,0,1,50,2,2,0,0,1,1,69.0,37.0,deux_roues,voiture,1,2,1,1,2
202000041380,2020-07-25 19:30:00,2020,7,25,19,30,06,06069,FONT VIEILLE (CHEMIN),43.642053,6.980572,Plein jour,En agglomération,Hors intersection,Normale,Deux véhicules - côté,4,2,2,0,1,1,1,0,1,50,2,2,1,0,1,0,34.0,,utilitaire_camion,,1,2,1,1,3
202000041381,2020-07-26 03:35:00,2020,7,26,3,35,04,04112,RD 5 (9 bd Elémir Bourges),43.83142,5.7829,Nuit avec éclairage allumé,En agglomération,Hors intersection,Normale,Sans collision,3,1,2,0,2,1,1,0,4,30,1,3,0,0,2,1,19.0,,voiture,,5,2,1,1,7
202000041382,2020-07-27 08:00:00,2020,7,27,8,0,02,02738,GAMBETTA (BOULEVARD),49.655,3.2963,Plein jour,En agglomération,Hors intersection,Normale,,3,2,2,0,1,1,1,0,1,50,3,3,2,0,0,1,26.0,56.0,voiture,voiture,1,2,1,1,-1
202000041383,2020-07-27 01:20:00,2020,7,27,1,20,01,01053,Avenue Jean-Marie Verne,46.19537,5.22523,Nuit avec éclairage allumé,En agglomération,Intersection en X,Normale,Deux véhicules - côté,4,2,4,1,1,1,1,8,1,50,2,3,1,0,2,0,22.0,22.0,deux_roues,voiture,5,2,2,1,3
202000041384,2020-07-27 09:20:00,2020,7,27,9,20,75,75120,BOULEVARD PERIPHERIQUE,48.874876,2.410697,Plein jour,En agglomération,Hors intersection,Normale,Deux véhicules - arrière,4,1,4,0,1,1,1,0,1,70,2,2,1,0,0,1,33.0,43.0,deux_roues,voiture,1,2,1,1,2
202000041385,2020-07-27 08:10:00,2020,7,27,8,10,75,75120,ECHANGEUR BAGNOLET,48.864455,2.413633,Plein jour,En agglomération,Hors intersection,Normale,Autre collision,4,1,2,0,2,2,1,2,1,50,1,2,0,0,0,2,31.0,,voiture,,1,2,1,1,6
202000041386,2020-07-26 00:01:00,2020,7,26,0,1,75,75113,BOULEVARD PERIPHERIQUE,48.817614,2.367469,Nuit avec éclairage allumé,En agglomération,Hors intersection,Pluie légère,Deux véhicules - arrière,4,1,4,0,1,1,2,0,1,70,2,4,3,0,0,1,29.0,46.0,voiture,voiture,5,2,1,2,2
202000041387,2020-05-27 19:25:00,2020,5,27,19,25,34,34172,FRANKLIN (ROND POINT BENJAMIN),43.619,3.91281,Plein jour,En agglomération,Autre intersection,Normale,Deux véhicules - côté,4,4,2,1,1,2,1,0,1,50,2,2,1,0,0,1,37.0,36.0,deux_roues,voiture,1,2,9,1,3
202000041388,2020-05-27 15:52:00,2020,5,27,15,52,34,34172,COMEDIE (PLACE DE LA),43.60914,3.88027,Plein jour,En agglomération,Hors intersection,Normale,Deux véhicules - côté,9,-1,0,0,1,1,1,6,4,30,2,2,1,0,0,1,29.0,20.0,deux_roues,deux_roues,1,2,1,1,3
202000041389,2020-05-27 12:30:00,2020,5,27,12,30,34,34172,MILHAUD (BOULEVARD BENJAMIN),43.61119,3.8576,Plein jour,En agglomération,Intersection en T,Normale,Deux véhicules - côté,4,2,2,0,2,1,1,5,1,50,2,2,1,0,0,1,21.0,50.0,deux_roues,voiture,1,2,3,1,3
202000041390,2020-05-26 10:50:00,2020,5,26,10,50,33,33281,AVE DES FRERES ROBIN/SON / AVE DU TRUC,44.84959,-0.65602,Plein jour,En agglomération,Intersection en X,Normale,Deux véhicules - frontale,4,2,4,2,1,1,1,5,8,50,2,2,0,0,0,2,46.0,90.0,voiture,voiture,1,2,2,1,1
202000041391,2020-05-21 22:44:00,2020,5,21,22,44,33,33318,AVE DE SAIGE / RUE EDOUARD HERRIOT,44.78996,-0.63455,Nuit avec éclairage allumé,En agglomération,Giratoire,Normale,Deux véhicules - frontale,4,2,2,0,1,1,1,0,1,50,2,3,1,0,0,2,17.0,27.0,deux_roues,voiture,5,2,6,1,1
202000041392,2020-05-15 14:20:00,2020,5,15,14,20,33,33063,QUAI DES CHARTRONS / CRS DU MEDOC,44.85569,-0.56354,Plein jour,En agglomération,Passage à niveau,Normale,Deux véhicules - arrière,4,3,7,3,1,1,1,4,6,50,2,2,1,0,0,1,29.0,51.0,deux_roues,transport_commun,1,2,8,1,2
202000041393,2020-05-26 20:20:00,2020,5,26,20,20,31,31555,CHE DE LAPUJADE,43.62758,1.4564,Plein jour,En agglomération,Intersection en T,Normale,,4,2,2,0,1,1,1,0,1,50,3,2,1,0,0,1,22.0,29.0,deux_roues,voiture,1,2,3,1,-1
202000041394,2020-05-27 19:45:00,2020,5,27,19,45,30,30189,ROUSSEY COMPERE,43.82739,4.3795,Plein jour,En agglomération,Intersection en X,Normale,Deux véhicules - côté,4,2,2,0,1,1,1,0,1,50,2,3,0,0,0,3,18.0,39.0,deux_roues,voiture,1,2,2,1,3
202000041395,2020-05-16 11:15:00,2020,5,16,11,15,30,30243,MOULIN (AVENUE J.),44.072029,4.081424,Plein jour,Hors agglomération,Intersection en T,Normale,Deux véhicules - côté,3,2,2,0,1,1,1,0,1,70,2,5,1,0,0,4,24.0,43.0,voiture,voiture,1,1,3,1,3
202000041396,2020-05-26 21:00:00,2020,5,26,21,0,29,29019,Route de Traon Bihan,48.4384498,-4.4891092,Plein jour,Hors agglomération,Hors intersection,Normale,Autre collision,4,2,1,0,2,3,1,0,3,50,1,1,0,1,0,0,23.0,,deux_roues,,1,1,1,1,6
202000041397,2020-05-26 19:00:00,2020,5,26,19,0,29,29019,Rue Général Paulet - Bld Europe,48.4154575,-4.4753787,Plein jour,En agglomération,Giratoire,Normale,Deux véhicules - arrière,4,3,-1,0,1,3,1,5,1,50,2,2,1,0,0,1,54.0,19.0,voiture,voiture,1,2,6,1,2
202000041398,2020-05-23 20:30:00,2020,5,23,20,30,25,25056,CHURCHILL BD WINSTON (entre 12 ET 19),47.24742,5.99895,Plein jour,En agglomération,Intersection en X,Pluie légère,Deux véhicules - côté,4,1,3,3,1,1,2,5,1,50,2,2,1,0,0,1,28.0,23.0,deux_roues,voiture,1,2,2,2,3
202000041399,2020-05-20 10:45:00,2020,5,20,10,45,22,22113,KERILLIS HUELLAN (RUE),48.7288,-3.4817,Plein jour,Hors agglomération,Hors intersection,Normale,Sans collision,4,2,2,0,2,3,1,0,1,50,1,1,0,0,0,1,27.0,,deux_roues,,1,1,1,1,7
202000041400,2020-05-25 16:50:00,2020,5,25,16,50,18,18033,VERLAINE (RUE PAUL),47.10064,2.41641,Plein jour,En agglomération,Giratoire,Normale,Deux véhicules - côté,4,-1,1,0,1,1,1,0,1,50,2,2,0,0,0,2,22.0,25.0,voiture,voiture,1,2,6,1,3
202000041401,2020-05-27 14:55:00,2020,5,27,14,55,14,14118,TOURAINE (RUE DE),49.19469,-0.39741,Plein jour,En agglomération,Intersection en X,Normale,Deux véhicules - côté,2,1,1,3,3,3,1,3,1,50,2,2,0,0,0,2,42.0,71.0,voiture,voiture,1,2,2,1,3
202000041402,2020-05-27 21:50:00,2020,5,27,21,50,13,13210,MARCEL ACHILLE (BOULEVARD),43.279381,5.425937,Nuit avec éclairage allumé,En agglomération,Hors intersection,Normale,Deux véhicules - arrière,4,1,3,0,1,3,1,8,1,30,2,2,1,0,0,1,48.0,46.0,voiture,deux_roues,5,2,1,1,2
202000041403,2020-05-27 20:40:00,2020,5,27,20,40,13,13208,MONTREDON (AVENUE DE),43.239189,5.365789,Plein jour,En agglomération,Hors intersection,Normale,Deux véhicules - arrière,4,2,2,0,1,1,1,0,1,50,2,5,1,0,0,4,27.0,25.0,voiture,voiture,1,2,1,1,2
202000041404,2020-05-27 18:50:00,2020,5,27,18,50,13,13201,LIBERTE (BOULEVARD DE LA),43.3008,5.3815,Crépuscule ou aube,En agglomération,Hors intersection,Normale,Deux véhicules - côté,7,1,1,0,1,1,1,0,1,50,2,2,1,0,0,1,36.0,54.0,voiture,voiture,2,2,1,1,3
202000041405,2020-05-27 17:45:00,2020,5,27,17,45,13,13213,JEAN PAUL SARTRE (AVENUE),43.3208035,5.4164765,Plein jour,En agglomération,Hors intersection,Normale,Trois véhicules et plus - collisions multiples,3,2,2,0,1,1,1,0,1,50,5,6,3,0,1,2,50.0,45.0,voiture,deux_roues,1,2,1,1,5
202000041406,2020-05-25 17:35:00,2020,5,25,17,35,13,13211,WILLIAM BOOTH (AVENUE),43.2960601,5.4477902,Plein jour,En agglomération,Intersection en T,Normale,Deux véhicules - arrière,4,2,3,0,1,1,1,0,1,50,2,2,1,0,0,1,58.0,22.0,transport_commun,voiture,1,2,3,1,2
202000041407,2020-05-26 11:20:00,2020,5,26,11,20,13,13001,BLUM LEON (AV),43.5238,5.429564,Plein jour,En agglomération,Autre intersection,Normale,,4,2,8,0,2,3,1,0,1,50,2,2,1,0,0,1,48.0,51.0,deux_roues,voiture,1,2,9,1,-1
202000041408,2020-05-27 02:30:00,2020,5,27,2,30,06,06088,GOUNOD (RUE),43.701823,7.260804,Nuit avec éclairage allumé,En agglomération,Intersection en X,Normale,Deux véhicules - côté,4,1,1,0,1,1,1,0,1,50,2,2,1,0,0,1,27.0,34.0,voiture,voiture,5,2,2,1,3
202000041409,2020-05-27 13:10:00,2020,5,27,13,10,06,06069,ROUQUIER (BOULEVARD EMMANUEL),43.633594,6.939317,Plein jour,En agglomération,Hors intersection,Normale,Autre collision,4,2,1,0,2,1,1,0,1,50,1,2,1,0,0,1,29.0,,voiture,,1,2,1,1,6
202000041410,2020-05-27 16:00:00,2020,5,27,16,0,75,75113,BD PERIPHERIQUE EXTERIEUR,48.818263,2.369457,Plein jour,En agglomération,Hors intersection,Normale,Trois véhicules et plus - en chaîne,4,1,4,0,1,1,1,0,1,70,3,3,2,0,0,1,36.0,47.0,utilitaire_camion,voiture,1,2,1,1,4
202000041411,2020-05-26 18:20:00,2020,5,26,18,20,75,75120,PORTE DE BAGNOLET,48.867845,2.413241,Plein jour,En agglomération,Hors intersection,Normale,Deux véhicules - arrière,4,1,4,0,1,1,1,0,1,70,2,2,1,0,0,1,20.0,22.0,voiture,voiture,1,2,1,1,2
202000041412,2020-05-27 10:02:00,2020,5,27,10,2,75,75105,RUE SAINT JACQUES,48.850382,2.34531,Plein jour,En agglomération,Hors intersection,Normale,Autre collision,4,1,2,0,2,1,1,0,1,50,1,1,0,0,0,1,,,,,1,2,1,1,6
202000041413,2020-05-27 16:45:00,2020,5,27,16,45,75,75119,RUE DE BELLEVILLE,48.875785,2.400981,Plein jour,En agglomération,Hors intersection,Normale,Deux véhicules - côté,4,2,3,0,2,1,1,0,1,50,2,2,1,0,0,1,34.0,51.0,deux_roues,voiture,1,2,1,1,3