accident_id,datetime,annee,mois,jour,heure,minute,departement,commune_insee,adresse,latitude,longitude,luminosite,agglomeration,intersection,meteo,collision,catr,circ,nbv,vosp,prof,plan,surf,infra,situ,vma,nb_vehicules,nb_usagers,nb_indemnes,nb_tues,nb_blesses_hosp,nb_blesses_legers,age_cond_1,age_cond_2,veh_type_cond_1,veh_type_cond_2,lum_code,agg_code,int_code,atm_code,col_code
202000041508,2020-05-26 22:30:00,2020,5,26,22,30,69,69387,GAMBETTA                            (CO),45.7544,4.8455,Nuit avec éclairage allumé,En agglomération,Intersection en X,Normale,,4,1,4,1,1,1,1,0,5,50,2,2,1,0,0,1,39.0,37.0,voiture,deux_roues,5,2,2,1,-1
202000041509,2020-05-26 16:30:00,2020,5,26,16,30,69,69386,MICHEL RAMBAUD                      (R ),45.76896,4.86057,Plein jour,En agglomération,Intersection en X,Normale,Deux véhicules - côté,4,1,2,0,1,1,1,0,1,50,2,2,1,0,0,1,29.0,21.0,deux_roues,utilitaire_camion,1,2,2,1,3
202000041510,2020-05-26 15:10:00,2020,5,26,15,10,69,69388,VIENNE (DE)                         (RO),45.72401,4.85411,Plein jour,En agglomération,Intersection en T,Normale,Deux véhicules - côté,4,2,3,3,1,1,1,0,1,50,2,2,0,0,0,2,38.0,43.0,voiture,voiture,1,2,3,1,3
202000041511,2020-05-26 06:00:00,2020,5,26,6,0,69,69383,GARIBALDI                           (R ),45.75712,4.85273,Crépuscule ou aube,En agglomération,Intersection en X,Normale,Deux véhicules - côté,4,2,5,0,1,1,1,0,1,50,2,5,0,0,1,4,24.0,33.0,voiture,voiture,2,2,2,1,3
202000041512,2020-05-25 20:18:00,2020,5,25,20,18,69,69259,Avenue Charles de Gaulle,45.7193759,4.8883459,Plein jour,En agglomération,Intersection en T,Normale,Deux véhicules - frontale,3,1,2,0,1,1,1,9,1,50,2,2,0,0,1,1,23.0,49.0,deux_roues,voiture,1,2,3,1,1
202000041513,2020-05-26 13:21:00,2020,5,26,13,21,972,97213,VIEUX CHEMIN CALIFORNIE (RUE DU),14.620585,-61.031495,Plein jour,Hors agglomération,Hors intersection,Normale,Deux véhicules - côté,4,2,2,0,1,1,1,0,1,50,2,2,1,0,0,1,27.0,51.0,deux_roues,voiture,1,1,1,1,3
202000041514,2020-05-26 01:40:00,2020,5,26,1,40,2A,2A004,ALATA ROUTE,41.94183,8.73563,Nuit avec éclairage allumé,Hors agglomération,Hors intersection,Normale,Autre collision,3,2,2,0,2,3,1,0,1,50,1,1,0,0,0,1,38.0,,voiture,,5,1,1,1,6
202000041515,2020-05-26 20:41:00,2020,5,26,20,41,95,95306,ARGENTEUIL(RUE D'),48.99003,2.16786,Nuit avec éclairage allumé,En agglomération,Hors intersection,Normale,Autre collision,4,1,1,0,1,1,1,0,1,50,1,1,0,0,1,0,,,,,5,2,1,1,6
202000041516,2020-05-26 18:20:00,2020,5,26,18,20,91,91477,HUIT MAI 1945 (AVENUE DU),48.70976,2.24312,Plein jour,En agglomération,Intersection en X,Normale,Deux véhicules - côté,4,2,2,0,2,1,1,0,1,50,2,2,0,0,0,2,47.0,31.0,deux_roues,deux_roues,1,2,2,1,3
202000041517,2020-05-22 15:50:00,2020,5,22,15,50,91,91339,BENOIST ROBERT (AVENUE),48.6365,2.2668,Plein jour,En agglomération,Hors intersection,Normale,Deux véhicules - côté,2,3,4,0,1,1,1,0,1,50,2,3,2,0,0,1,34.0,73.0,voiture,voiture,1,2,1,1,3
202000041518,2020-05-26 09:05:00,2020,5,26,9,5,88,88413,QUAI CARNOT,48.28435,6.95398,Plein jour,En agglomération,Hors intersection,Normale,Deux véhicules - côté,4,2,2,0,1,1,1,0,1,50,2,3,2,0,0,1,67.0,51.0,voiture,deux_roues,1,2,1,1,3
202000041519,2020-05-25 16:35:00,2020,5,25,16,35,87,87085,BORIE (BOULEVARD DE LA),45.84314,1.23891,Plein jour,En agglomération,Hors intersection,Normale,Trois véhicules et plus - en chaîne,4,3,6,0,1,1,1,0,1,50,3,3,1,0,0,2,15.0,15.0,deux_roues,deux_roues,1,2,1,1,4
202000041520,2020-05-22 17:26:00,2020,5,22,17,26,87,87050,,45.90176,1.22853,Plein jour,Hors agglomération,Intersection en T,Normale,Deux véhicules - arrière,2,2,2,0,1,2,1,5,1,70,2,3,1,0,0,2,28.0,28.0,voiture,voiture,1,1,3,1,2
202000041521,2020-05-25 09:41:00,2020,5,25,9,41,87,87085,DUTREIX (RUE ARMAND),45.8314,1.23854,Plein jour,En agglomération,Hors intersection,Normale,Autre collision,4,2,2,0,1,1,1,0,1,50,1,2,1,0,0,1,38.0,,voiture,,1,2,1,1,6
202000041522,2020-05-23 09:20:00,2020,5,23,9,20,78,78646,ETATS UNIS (AVENUE DES),48.81132,2.15147,Plein jour,En agglomération,Intersection en T,Normale,Trois véhicules et plus - collisions multiples,3,2,2,0,2,1,1,5,1,50,3,3,2,0,1,0,40.0,52.0,voiture,deux_roues,1,2,3,1,5
202000041523,2020-05-16 19:05:00,2020,5,16,19,5,77,77288,ANTOINE DE SAINT EXUPERY(AVENUE),48.55115,2.65473,Plein jour,En agglomération,Hors intersection,Normale,Autre collision,4,-1,2,0,1,1,1,0,1,30,1,2,1,0,0,1,65.0,,voiture,,1,2,1,1,6
202000041524,2020-05-25 20:40:00,2020,5,25,20,40,76,76540,LA FAYETTE. RUE,49.43092,1.08642,Plein jour,En agglomération,Hors intersection,Normale,Autre collision,9,-1,2,0,1,1,1,6,6,20,1,2,1,0,0,1,18.0,,deux_roues,,1,2,1,1,6
202000041525,2020-05-26 09:20:00,2020,5,26,9,20,76,76351,BOIS AU COQ (AVENUE),49.5197,0.1153,Plein jour,En agglomération,Hors intersection,Normale,Deux véhicules - côté,4,3,4,0,1,1,1,0,4,50,2,2,1,0,1,0,27.0,26.0,voiture,deux_roues,1,2,1,1,3
202000041526,2020-05-25 17:15:00,2020,5,25,17,15,76,76351,RAYMOND GUENOT,49.4943,0.1037,Plein jour,En agglomération,Intersection en X,Normale,Deux véhicules - frontale,4,2,1,0,1,1,1,0,1,50,2,3,1,0,0,2,36.0,49.0,voiture,voiture,1,2,2,1,1
202000041527,2020-05-23 22:20:00,2020,5,23,22,20,76,76351,LOUIS BLANC,49.5078,0.1338,Nuit avec éclairage allumé,Hors agglomération,Giratoire,Normale,Autre collision,3,2,2,0,2,1,1,0,4,50,1,2,0,0,0,2,20.0,,voiture,,5,1,6,1,6
202000041528,2020-05-24 12:10:00,2020,5,24,12,10,67,67180,PREFET LEZAY-MARNEZIA (RUE DU),48.798954,7.782546,Plein jour,En agglomération,Hors intersection,Temps couvert,Autre collision,4,2,2,0,2,1,1,0,4,50,1,2,1,0,1,0,42.0,,voiture,,1,2,1,8,6
202000041529,2020-05-23 12:19:00,2020,5,23,12,19,66,66136,ARCADES (RD POINT),42.674254,2.88768,Plein jour,Hors agglomération,Hors intersection,Normale,Deux véhicules - côté,4,1,3,0,1,2,1,0,1,50,2,3,1,0,0,2,36.0,42.0,voiture,deux_roues,1,1,1,1,3
202000041530,2020-05-26 12:05:00,2020,5,26,12,5,65,65440,FOCH (RUE DU MARECHAL),43.232,0.0754,Plein jour,En agglomération,Hors intersection,Normale,Autre collision,4,1,1,0,1,1,1,0,6,50,1,2,1,0,0,1,68.0,,voiture,,1,2,1,1,6
202000041531,2020-05-26 10:50:00,2020,5,26,10,50,64,64260,ALLEES (RUE DES),43.356565,-1.774368,Plein jour,En agglomération,Hors intersection,Normale,Deux véhicules - côté,4,2,2,0,1,1,1,0,1,30,2,2,1,0,0,1,86.0,88.0,deux_roues,voiture,1,2,1,1,3
202000041532,2020-05-25 18:00:00,2020,5,25,18,0,64,64269,TARBES DE,43.2988,-0.3054,Plein jour,Hors agglomération,Hors intersection,Normale,Trois véhicules et plus - en chaîne,4,2,5,1,1,1,1,0,1,70,3,5,2,0,0,3,47.0,50.0,utilitaire_camion,utilitaire_camion,1,1,1,1,4
202000041533,2020-05-26 17:40:00,2020,5,26,17,40,64,64024,AGUILERA (ALLEE D'),43.48362,-1.53526,Plein jour,En agglomération,Hors intersection,Normale,Sans collision,4,-1,2,0,1,1,1,0,1,50,1,1,0,0,0,1,15.0,,deux_roues,,1,2,1,1,7
202000041534,2020-05-20 19:10:00,2020,5,20,19,10,60,60057,MARECHAL LECLERC (RUE DU),49.43347,2.07741,Plein jour,En agglomération,Hors intersection,Temps éblouissant,Deux véhicules - frontale,4,2,2,0,1,1,1,0,1,30,2,3,2,0,0,1,39.0,19.0,voiture,voiture,1,2,1,7,1
202000041535,2020-05-26 10:25:00,2020,5,26,10,25,59,59230,CLEMENCEAU (AVENUE),50.2600592,4.0036323,Plein jour,En agglomération,Hors intersection,Normale,Deux véhicules - côté,3,2,2,0,2,1,1,0,1,50,2,2,1,0,1,0,89.0,26.0,voiture,voiture,1,2,1,1,3
202000041536,2020-05-25 09:45:00,2020,5,25,9,45,56,56260,RESISTANCE(BLD DE LA) 4 A DDASS,47.64617,-2.78027,Plein jour,En agglomération,Intersection en X,Normale,Deux véhicules - côté,4,2,3,0,2,1,1,0,1,50,2,2,1,0,1,0,24.0,61.0,voiture,deux_roues,1,2,2,1,3
202000041537,2020-05-26 13:35:00,2020,5,26,13,35,51,51454,Boulevard de la Paix,49.2517888,4.041808,Plein jour,En agglomération,Hors intersection,Normale,Deux véhicules - côté,2,2,2,1,1,1,1,5,5,50,2,3,2,0,0,1,23.0,52.0,deux_roues,voiture,1,2,1,1,3
202000041538,2020-05-24 23:20:00,2020,5,24,23,20,50,50602,GAULLE (RUE DU GENERAL DE),49.6395,-1.56965,Nuit avec éclairage allumé,En agglomération,Intersection en Y,Normale,,4,2,2,0,1,1,1,5,1,50,2,5,4,0,0,1,34.0,38.0,voiture,voiture,5,2,4,1,-1
202000041539,2020-05-24 11:05:00,2020,5,24,11,5,40,40088,HUGO (AVENUE VICTOR),43.70301,-1.05304,Plein jour,En agglomération,Autre intersection,Normale,Deux véhicules - arrière,4,2,2,0,1,1,1,0,1,50,2,2,0,0,1,1,67.0,,voiture,,1,2,9,1,2
202000041540,2020-05-26 21:30:00,2020,5,26,21,30,35,35238,CHAMPION DE CICE,48.10205,-1.705704,Plein jour,En agglomération,Hors intersection,Autre,Autre collision,4,2,2,0,1,1,1,0,1,50,1,1,0,0,0,1,20.0,,deux_roues,,1,2,1,9,6
202000041541,2020-05-26 17:15:00,2020,5,26,17,15,35,35115,COINTAT (BD MICHEL),48.3436385,-1.1754229,Plein jour,En agglomération,Hors intersection,Normale,Deux véhicules - côté,4,2,2,0,1,1,1,0,1,50,2,2,1,0,1,0,55.0,17.0,utilitaire_camion,deux_roues,1,2,1,1,3
202000041542,2020-05-26 10:15:00,2020,5,26,10,15,34,34108,RD 600,43.4307,3.72132,Plein jour,Hors agglomération,Hors intersection,Normale,Trois véhicules et plus - collisions multiples,3,2,2,0,1,1,1,0,1,80,3,4,1,1,0,2,71.0,46.0,voiture,voiture,1,1,1,1,5
202000041543,2020-05-26 23:34:00,2020,5,26,23,34,34,34172,JUSTICE DE CASTELNAU (AVENUE DE LA),43.62597,3.88212,Nuit avec éclairage allumé,En agglomération,Intersection en X,Normale,Deux véhicules - arrière,4,2,2,0,2,1,1,9,1,50,2,2,1,0,0,1,33.0,,voiture,,5,2,2,1,2
202000041544,2020-05-26 08:00:00,2020,5,26,8,0,33,33063,PONT JACQUES CHABAN-DELMAS / QUAI DE BACALAN,44.86016,-0.5536,Plein jour,En agglomération,Intersection en X,Normale,Deux véhicules - côté,4,3,8,2,4,1,1,5,1,50,2,2,1,0,0,1,54.0,58.0,deux_roues,transport_commun,1,2,2,1,3
202000041545,2020-05-26 07:35:00,2020,5,26,7,35,33,33162,AVE DU TAILLAN-MEDOC / RUE DU BRETEIL / RUE PAUL DUMONT,44.87976,-0.64755,Plein jour,En agglomération,Intersection en X,Normale,Deux véhicules - frontale,4,2,5,2,1,1,1,5,1,50,2,2,1,0,0,1,39.0,43.0,deux_roues,voiture,1,2,2,1,1
202000041546,2020-05-15 18:30:00,2020,5,15,18,30,33,33063,ALL DE TOURNY / RUE GOBINEAU,44.8436651,-0.5751517,Plein jour,En agglomération,Intersection en T,Normale,Deux véhicules - côté,4,1,2,1,1,1,1,0,1,30,2,4,3,0,0,1,44.0,25.0,voiture,deux_roues,1,2,3,1,3
202000041547,2020-05-26 14:15:00,2020,5,26,14,15,29,29232,Rond Point du Loch,48.01222,-4.07757,Plein jour,Hors agglomération,Giratoire,Normale,Deux véhicules - arrière,3,1,2,0,1,2,1,5,1,50,2,2,1,0,0,1,19.0,18.0,voiture,deux_roues,1,1,6,1,2
202000041548,2020-05-25 11:20:00,2020,5,25,11,20,29,29232,Route de Benodet,47.9863104,-4.1072711,Plein jour,En agglomération,Hors intersection,Normale,Deux véhicules - arrière,4,3,2,0,2,1,1,0,1,50,2,2,1,0,0,1,18.0,53.0,deux_roues,voiture,1,2,1,1,2
202000041549,2020-05-25 18:25:00,2020,5,25,18,25,29,29232,Rue Paul Borrossi,47.9883,-4.13006,Plein jour,En agglomération,Hors intersection,Normale,Deux véhicules - arrière,4,2,2,0,1,1,1,5,1,50,2,3,2,0,0,1,31.0,68.0,voiture,voiture,1,2,1,1,2
202000041550,2020-05-26 13:15:00,2020,5,26,13,15,22,22113,MORLAIX (ROUTE DE),48.721771,-3.481857,Plein jour,En agglomération,Hors intersection,Normale,Autre collision,3,2,1,0,1,3,1,0,1,50,1,2,1,0,1,0,63.0,,voiture,,1,2,1,1,6
202000041551,2020-05-22 20:45:00,2020,5,22,20,45,22,22113,ROND POINT COPPENS,48.735399,-3.4372508,Plein jour,En agglomération,Giratoire,Normale,Deux véhicules - côté,3,1,2,0,1,2,1,9,1,30,2,2,1,0,1,0,46.0,43.0,voiture,voiture,1,2,6,1,3
202000041552,2020-05-26 17:45:00,2020,5,26,17,45,14,14167,JEAN JAURES (RUE ),49.20125,-0.30094,Plein jour,En agglomération,Intersection en X,Normale,Deux véhicules - côté,3,2,3,0,1,1,1,0,1,50,2,4,1,0,0,3,32.0,30.0,deux_roues,voiture,1,2,2,1,3
202000041553,2020-05-26 05:50:00,2020,5,26,5,50,13,13103,ROUTE DE JEAN MOULIN-RN 538,43.6729,5.09229,Nuit sans éclairage public,Hors agglomération,Hors intersection,Normale,Deux véhicules - arrière,3,2,2,0,1,2,1,0,1,80,2,2,1,0,1,0,39.0,27.0,voiture,utilitaire_camion,3,1,1,1,2
202000041554,2020-05-27 00:00:00,2020,5,27,0,0,13,13210,OCTROI (PLACE GARE DE L'),43.28153,5.42685,Nuit avec éclairage allumé,En agglomération,Hors intersection,Normale,Autre collision,4,1,1,3,1,1,1,9,6,50,1,2,1,0,0,1,50.0,,voiture,,5,2,1,1,6
202000041555,2020-05-26 22:45:00,2020,5,26,22,45,13,13215,DE SAINT LOUIS AU ROVE (chemin),43.3538618,5.3525519,Nuit avec éclairage non allumé,En agglomération,Hors intersection,Normale,Deux véhicules - côté,3,-1,2,0,1,3,1,0,1,50,2,1,0,0,0,1,23.0,,voiture,,4,2,1,1,3
202000041556,2020-05-26 14:20:00,2020,5,26,14,20,13,13206,SYLVABELLE (RUE),43.2894,5.3793,Plein jour,En agglomération,Hors intersection,Normale,Autre collision,4,1,1,0,1,1,1,0,4,50,1,2,1,0,0,1,40.0,,voiture,,1,2,1,1,6
202000041557,2020-05-25 16:50:00,2020,5,25,16,50,13,13004,AV DES ALYSCAMPS,43.6750519,4.6325196,Plein jour,En agglomération,Autre intersection,Normale,Autre collision,4,3,4,0,2,1,1,5,1,50,1,2,1,0,1,0,74.0,,voiture,,1,2,9,1,6
202000041558,2020-05-25 16:19:00,2020,5,25,16,19,10,10387,PASTEUR (RUE),48.29891,4.06613,Plein jour,En agglomération,Hors intersection,Temps éblouissant,Deux véhicules - arrière,7,2,2,0,1,1,1,0,1,50,2,2,1,0,0,1,28.0,51.0,voiture,voiture,1,2,1,7,2
202000041559,2020-05-25 18:25:00,2020,5,25,18,25,07,07281,C.D. 287 (VERS ST ROMAIN DE LERPS),44.94738,4.82938,Plein jour,Hors agglomération,Hors intersection,Normale,Sans collision,3,2,2,0,2,1,9,0,1,80,1,1,0,0,0,1,31.0,,deux_roues,,1,1,1,1,7
202000041560,2020-05-25 17:20:00,2020,5,25,17,20,07,07102,REPUBLIQUE (AV. DE LA) [DU N° AU N°],44.93648,4.87299,Plein jour,En agglomération,Hors intersection,Normale,Autre collision,3,2,2,1,1,1,1,0,1,50,1,2,1,0,0,1,67.0,,deux_roues,,1,2,1,1,6
202000041561,2020-05-25 18:50:00,2020,5,25,18,50,07,07102,BEAUCAIRE (AVENUE DE),44.931,4.85699,Plein jour,En agglomération,Hors intersection,Normale,Deux véhicules - arrière,3,3,2,0,1,1,1,0,1,30,2,2,1,0,0,1,20.0,52.0,voiture,voiture,1,2,1,1,2
202000041562,2020-05-26 11:30:00,2020,5,26,11,30,06,06069,Route de la Paoute,43.632441,6.957613,Plein jour,En agglomération,Hors intersection,Normale,Deux véhicules - arrière,3,2,2,0,2,1,1,0,1,50,2,3,2,0,0,1,45.0,19.0,voiture,voiture,1,2,1,1,2
202000041563,2020-05-25 10:40:00,2020,5,25,10,40,06,06029,LECLERC (SQUARE GENERAL),43.5483,7.01192,Plein jour,En agglomération,Hors intersection,Temps éblouissant,Deux véhicules - arrière,4,3,2,0,1,1,1,0,1,50,2,2,1,0,0,1,61.0,43.0,deux_roues,utilitaire_camion,1,2,1,7,2
202000041564,2020-05-26 11:50:00,2020,5,26,11,50,06,06027,RENOIR AVENUE AUGUSTE,43.664,7.152,Plein jour,En agglomération,Hors intersection,Normale,,7,1,2,0,1,1,1,0,1,50,2,2,0,0,1,1,76.0,68.0,deux_roues,deux_roues,1,2,1,1,-1
202000041565,2020-05-26 08:45:00,2020,5,26,8,45,75,75106,RUE NOTRE DAME DES CHAMPS,48.846455,2.327327,Plein jour,En agglomération,Intersection en T,Normale,Autre collision,4,1,1,1,1,1,1,0,1,50,1,2,1,0,1,0,30.0,,utilitaire_camion,,1,2,3,1,6
202000041566,2020-05-26 18:55:00,2020,5,26,18,55,75,75120,RUE DES PYRENEES,48.857886,2.403636,Plein jour,En agglomération,Hors intersection,Normale,Sans collision,4,2,3,3,2,1,1,0,1,50,1,1,0,0,0,1,28.0,,deux_roues,,1,2,1,1,7
202000041567,2020-05-25 21:00:00,2020,5,25,21,0,75,75119,BOULEVARD SERURIER,48.87961,2.399678,Crépuscule ou aube,En agglomération,Intersection en X,Normale,Autre collision,4,2,2,0,2,1,1,0,1,50,1,1,0,0,0,1,38.0,,voiture,,2,2,2,1,6
202000041568,2020-05-26 08:50:00,2020,5,26,8,50,75,75118,BOULEVARD ORNANO,48.897327,2.344859,Plein jour,En agglomération,Intersection en Y,Normale,Deux véhicules - côté,4,2,0,3,1,1,1,-1,6,50,2,2,1,0,0,1,59.0,23.0,deux_roues,voiture,1,2,4,1,3
202000041569,2020-05-26 10:05:00,2020,5,26,10,5,75,75117,BOULEVARD BESSIERES,48.894287,2.31378,Plein jour,En agglomération,Intersection en X,Normale,Deux véhicules - arrière,4,3,1,1,1,1,1,0,1,50,2,2,1,0,0,1,26.0,57.0,deux_roues,voiture,1,2,2,1,2
202000041570,2020-05-26 17:40:00,2020,5,26,17,40,75,75116,AVENUE DU PRESIDENT KENNEDY,48.853532,2.28216,Plein jour,En agglomération,Hors intersection,Normale,Deux véhicules - côté,4,2,2,3,1,1,1,0,1,50,2,2,1,0,0,1,27.0,39.0,deux_roues,voiture,1,2,1,1,3
202000041571,2020-05-26 11:00:00,2020,5,26,11,0,75,75116,AVENUE DE NEW YORK,48.861591,2.292771,Plein jour,En agglomération,Hors intersection,Normale,Deux véhicules - arrière,4,1,1,0,3,1,1,0,1,50,2,2,1,0,0,1,38.0,52.0,utilitaire_camion,voiture,1,2,1,1,2
202000041572,2020-05-26 18:00:00,2020,5,26,18,0,75,75115,RUE DE LA CROIX NIVERT,48.839978,2.290352,Plein jour,En agglomération,Intersection en X,Normale,Deux véhicules - côté,4,2,3,0,1,1,1,0,1,50,2,2,1,0,0,1,35.0,66.0,deux_roues,voiture,1,2,2,1,3
202000041573,2020-05-26 19:11:00,2020,5,26,19,11,75,75114,BOULEVARD BRUNE,48.826591,2.310657,Plein jour,En agglomération,Hors intersection,Temps éblouissant,Deux véhicules - côté,4,3,2,0,1,1,1,0,1,50,2,2,1,0,0,1,35.0,55.0,voiture,deux_roues,1,2,1,7,3
202000041574,2020-05-26 13:32:00,2020,5,26,13,32,75,75113,BOULEVARD AUGUSTE BLANQUI,48.831122,2.344232,Plein jour,En agglomération,Intersection en X,Normale,Deux véhicules - côté,4,1,3,1,2,1,1,0,1,50,2,2,1,0,0,1,22.0,39.0,voiture,deux_roues,1,2,2,1,3
202000041575,2020-05-26 20:10:00,2020,5,26,20,10,75,75108,RUE D ANJOU,48.870738,2.321373,Crépuscule ou aube,En agglomération,Intersection en X,Normale,Deux véhicules - côté,4,1,1,0,1,1,1,0,1,50,2,2,1,0,0,1,45.0,22.0,utilitaire_camion,deux_roues,2,2,2,1,3
202000041576,2020-05-26 18:50:00,2020,5,26,18,50,75,75107,AVENUE DE SAXE,48.849269,2.308784,Plein jour,En agglomération,Hors intersection,Normale,Autre collision,4,1,1,0,1,1,1,0,1,50,1,2,1,0,0,1,33.0,,voiture,,1,2,1,1,6
202000041577,2020-05-26 21:10:00,2020,5,26,21,10,75,75104,RUE DE RIVOLI,48.85713,2.353039,Nuit avec éclairage allumé,En agglomération,Hors intersection,Normale,Deux véhicules - côté,4,1,3,3,1,1,1,0,1,50,2,3,1,0,0,2,22.0,49.0,deux_roues,voiture,5,2,1,1,3
202000041578,2020-05-26 16:45:00,2020,5,26,16,45,75,75102,BOULEVARD DES CAPUCINES,48.869918,2.328034,Plein jour,En agglomération,Intersection à plus de 4 branches,Normale,Deux véhicules - côté,4,2,4,3,1,1,1,0,1,50,2,2,1,0,0,1,77.0,35.0,deux_roues,utilitaire_camion,1,2,5,1,3
202000041579,2020-06-25 18:45:00,2020,6,25,18,45,31,31555,AV RAYMOND NAVES,43.59515,1.48436,Plein jour,En agglomération,Hors intersection,Normale,Deux véhicules - côté,4,2,2,0,2,1,1,0,1,50,2,2,1,0,0,1,52.0,58.0,voiture,deux_roues,1,2,1,1,3
202000041580,2020-06-22 10:40:00,2020,6,22,10,40,29,29039,Avenue Pierre Gueguin,47.8738293,-3.9183424,Plein jour,En agglomération,Hors intersection,Normale,Deux véhicules - arrière,4,3,4,0,1,1,1,0,1,50,2,4,3,0,0,1,31.0,67.0,voiture,voiture,1,2,1,1,2
202000041581,2020-06-27 03:55:00,2020,6,27,3,55,22,22360,GUERNEAU (RUE DU),48.4780708,-2.7679467,Nuit sans éclairage public,En agglomération,Giratoire,Normale,Autre collision,3,3,4,0,1,1,1,0,1,70,1,1,0,1,0,0,39.0,,voiture,,3,2,6,1,6
202000041582,2020-06-29 19:25:00,2020,6,29,19,25,21,21231,26 Rue Chevreul,47.30844,5.03946,Plein jour,En agglomération,Hors intersection,Normale,Autre collision,4,-1,2,0,1,1,1,0,1,50,1,2,1,0,0,1,38.0,,deux_roues,,1,2,1,1,6
202000041583,2020-06-29 20:50:00,2020,6,29,20,50,21,21054,Rue Gustave Eiffel,47.039529,4.84566,Plein jour,En agglomération,Intersection en X,Normale,Deux véhicules - côté,4,2,2,0,1,1,1,5,1,50,2,2,1,0,0,1,80.0,44.0,deux_roues,voiture,1,2,2,1,3
202000041584,2020-06-29 22:30:00,2020,6,29,22,30,14,14118,CHEMIN VERT (RUE DU - N°79),49.18989,-0.3908,Nuit avec éclairage allumé,En agglomération,Hors intersection,Normale,Autre collision,4,1,2,0,2,1,1,0,1,50,1,1,0,0,0,1,20.0,,voiture,,5,2,1,1,6
202000041585,2020-06-27 19:25:00,2020,6,27,19,25,30,30032,saint gilles route de D38,43.79463,4.59535,Plein jour,Hors agglomération,Hors intersection,Normale,Deux véhicules - frontale,3,2,2,0,1,2,1,0,1,80,2,3,0,0,2,1,24.0,20.0,voiture,voiture,1,1,1,1,1
202000041586,2020-06-28 12:58:00,2020,6,28,12,58,13,13056,ROUTE DE SAINT PIERRE,43.38756,5.06317,Plein jour,Hors agglomération,Hors intersection,Normale,Autre collision,3,2,2,2,2,1,1,0,3,70,1,1,0,1,0,0,57.0,,voiture,,1,1,1,1,6
202000041587,2020-06-29 21:00:00,2020,6,29,21,0,13,13215,VALLON DES TUVES,43.37064,5.36937,Plein jour,En agglomération,Hors intersection,Normale,Autre collision,4,2,1,0,1,1,1,0,1,50,1,1,0,0,0,1,,,,,1,2,1,1,6
202000041588,2020-06-28 23:00:00,2020,6,28,23,0,13,13208,ANDRE ZENATTI (AVENUE),43.246328,5.388127,Nuit avec éclairage allumé,En agglomération,Hors intersection,Normale,Autre collision,4,2,3,1,2,1,1,0,4,50,1,2,0,0,0,2,23.0,,voiture,,5,2,1,1,6
202000041589,2020-06-29 00:10:00,2020,6,29,0,10,13,13212,PEINTRES ROUX (AVENUE DES),43.305633,5.470416,Nuit avec éclairage allumé,En agglomération,Hors intersection,Normale,Sans collision,3,-1,2,0,1,1,1,0,8,50,1,1,0,0,1,0,39.0,,deux_roues,,5,2,1,1,7
202000041590,2020-06-28 18:00:00,2020,6,28,18,0,11,11262,FRANCE (AVENUE ANATOLE),43.18702,2.99083,Plein jour,En agglomération,Intersection en T,Normale,Deux véhicules - côté,4,2,2,0,1,1,1,0,1,50,2,2,1,0,0,1,48.0,30.0,voiture,deux_roues,1,2,3,1,3
202000041591,2020-06-29 15:30:00,2020,6,29,15,30,06,06088,GAIRAUT (AV. DE),43.73225,7.25833,Plein jour,En agglomération,Hors intersection,Normale,Autre collision,4,2,2,0,2,4,1,0,1,50,1,2,1,0,0,1,73.0,,voiture,,1,2,1,1,6
202000041592,2020-06-19 16:50:00,2020,6,19,16,50,06,06088,GENDARMERIE (R. DE LA),43.7112,7.2802,Plein jour,En agglomération,Hors intersection,Normale,Deux véhicules - côté,4,2,2,0,1,1,1,0,1,50,2,2,1,0,1,0,41.0,37.0,voiture,deux_roues,1,2,1,1,3
202000041593,2020-06-29 17:20:00,2020,6,29,17,20,06,06027,CAMPANETTE CHEMIN DE LA,43.67532,7.16389,Plein jour,En agglomération,Hors intersection,Normale,Deux véhicules - arrière,4,2,2,0,1,1,1,0,1,30,2,2,1,0,0,1,68.0,28.0,utilitaire_camion,deux_roues,1,2,1,1,2
202000041594,2020-06-28 10:00:00,2020,6,28,10,0,05,05061,RN 85,44.526239,6.0483,Plein jour,Hors agglomération,Hors intersection,Normale,Trois véhicules et plus - collisions multiples,2,2,3,0,2,1,1,0,1,80,4,9,5,0,0,4,21.0,44.0,voiture,voiture,1,1,1,1,5
202000041595,2020-06-29 00:25:00,2020,6,29,0,25,75,75118,PORTE DE CLIGNANCOURT,48.901041,2.350764,Nuit avec éclairage allumé,En agglomération,Hors intersection,Normale,Trois véhicules et plus - collisions multiples,4,1,4,0,1,1,1,0,1,70,4,4,1,0,1,2,56.0,33.0,voiture,voiture,5,2,1,1,5
202000041596,2020-06-27 09:45:00,2020,6,27,9,45,75,75113,BOULEVARD PERIPHERIQUE,48.82158,2.379131,Plein jour,En agglomération,Hors intersection,Normale,Deux véhicules - arrière,4,1,4,0,1,1,1,0,1,70,2,2,1,0,0,1,56.0,39.0,voiture,deux_roues,1,2,1,1,2
202000041597,2020-06-29 18:00:00,2020,6,29,18,0,75,75119,RUE HAXO,48.876908,2.402152,Plein jour,En agglomération,Intersection en T,Normale,Autre collision,4,1,1,0,2,1,1,0,1,50,1,2,1,0,0,1,60.0,,voiture,,1,2,3,1,6
202000041598,2020-06-29 08:20:00,2020,6,29,8,20,75,75119,RUE DE LORRAINE,48.886325,2.382464,Plein jour,En agglomération,Hors intersection,Normale,Sans collision,4,1,1,0,1,1,1,0,1,50,1,1,0,0,0,1,54.0,,deux_roues,,1,2,1,1,7