accident_id,datetime,annee,mois,jour,heure,minute,departement,commune_insee,adresse,latitude,longitude,luminosite,agglomeration,intersection,meteo,collision,catr,circ,nbv,vosp,prof,plan,surf,infra,situ,vma,nb_vehicules,nb_usagers,nb_indemnes,nb_tues,nb_blesses_hosp,nb_blesses_legers,age_cond_1,age_cond_2,veh_type_cond_1,veh_type_cond_2,lum_code,agg_code,int_code,atm_code,col_code
202000041693,2020-06-25 17:35:00,2020,6,25,17,35,74,74056,960 Route des Gaillands,45.915557,6.849166,Plein jour,Hors agglomération,Hors intersection,Pluie légère,,3,2,2,0,1,3,2,0,1,50,2,2,1,0,0,1,50.0,67.0,voiture,deux_roues,1,1,1,2,-1
202000041694,2020-06-29 12:26:00,2020,6,29,12,26,38,38068,RN85,45.101123,5.715723,Plein jour,Hors agglomération,Hors intersection,Normale,Deux véhicules - arrière,2,2,2,0,1,1,1,0,2,80,2,2,1,0,1,0,60.0,28.0,voiture,deux_roues,1,1,1,1,2
202000041695,2020-06-29 19:20:00,2020,6,29,19,20,26,26206,D538A,44.822243,5.002524,Plein jour,Hors agglomération,Intersection en T,Temps éblouissant,Deux véhicules - côté,3,2,2,0,1,1,1,0,1,80,2,2,1,0,1,0,59.0,60.0,utilitaire_camion,deux_roues,1,1,3,7,3
202000041696,2020-06-27 17:15:00,2020,6,27,17,15,44,44025,Les Rotis,47.436811,-1.92574,Plein jour,Hors agglomération,Hors intersection,Temps couvert,,3,2,2,0,1,1,2,0,3,80,2,2,1,0,1,0,31.0,21.0,utilitaire_camion,voiture,1,1,1,8,-1
202000041697,2020-06-28 22:40:00,2020,6,28,22,40,69,69259,RD 383  ,45.7197792,4.8797169,Nuit avec éclairage allumé,Hors agglomération,Hors intersection,Normale,Deux véhicules - arrière,3,3,3,0,1,1,1,0,1,70,2,3,0,0,0,3,30.0,22.0,voiture,voiture,5,1,1,1,2
202000041698,2020-06-29 19:25:00,2020,6,29,19,25,33,33003,AUTOROUTE A 10,44.93691,-0.46706,Plein jour,Hors agglomération,Hors intersection,Normale,Trois véhicules et plus - collisions multiples,1,-1,6,0,1,1,1,0,1,130,3,3,2,0,1,0,37.0,57.0,deux_roues,utilitaire_camion,1,1,1,1,5
202000041699,2020-06-26 18:45:00,2020,6,26,18,45,59,59143,AUTOROUTE A25,50.6589167,2.8973182,Plein jour,Hors agglomération,Hors intersection,Normale,Trois véhicules et plus - en chaîne,1,3,2,0,1,1,1,0,1,110,3,3,2,0,0,1,30.0,31.0,voiture,voiture,1,1,1,1,4
202000041700,2020-06-29 08:13:00,2020,6,29,8,13,91,91521,RD 31,48.64966,2.38436,Plein jour,Hors agglomération,Hors intersection,Normale,Sans collision,3,-1,2,0,1,1,1,0,1,2,1,1,0,0,0,1,32.0,,utilitaire_camion,,1,1,1,1,7
202000041701,2020-06-29 09:17:00,2020,6,29,9,17,91,91064,RN 118,48.75366,2.22347,Plein jour,Hors agglomération,Hors intersection,Normale,Deux véhicules - arrière,2,3,4,0,1,1,1,0,1,90,2,2,1,0,0,1,53.0,42.0,deux_roues,voiture,1,1,1,1,2
202000041702,2020-06-29 09:30:00,2020,6,29,9,30,95,95582,A15,48.96542,2.25989,Plein jour,Hors agglomération,Hors intersection,Normale,Trois véhicules et plus - collisions multiples,1,3,4,0,1,1,1,0,1,110,4,4,2,0,0,2,47.0,45.0,voiture,deux_roues,1,1,1,1,5
202000041703,2020-06-28 22:00:00,2020,6,28,22,0,94,94046,A86 EXT,48.7978,2.445,Crépuscule ou aube,Hors agglomération,Hors intersection,Normale,,1,3,4,0,1,1,1,0,1,90,2,2,1,0,0,1,24.0,21.0,voiture,utilitaire_camion,2,1,1,1,-1
202000041704,2020-03-03 11:00:00,2020,3,3,11,0,03,03265,,46.4611445,3.7428293,Plein jour,Hors agglomération,Hors intersection,Normale,Sans collision,3,2,2,0,1,2,8,0,1,80,1,1,0,0,0,1,46.0,,voiture,,1,1,1,1,7
202000041705,2020-06-28 18:00:00,2020,6,28,18,0,988,98818,RUE BOUGAINVILLE,-22.2786,166.45107,Nuit avec éclairage allumé,En agglomération,Intersection en X,Normale,Deux véhicules - côté,4,2,3,0,2,1,1,5,1,50,2,2,1,0,0,1,47.0,16.0,voiture,deux_roues,5,2,2,1,3
202000041706,2020-06-28 06:30:00,2020,6,28,6,30,974,97411,RN2 - Virage de la Jamaïque,-20.885969,55.498917,Crépuscule ou aube,Hors agglomération,Hors intersection,Temps couvert,Autre collision,2,2,2,0,2,2,2,0,1,90,1,2,0,0,0,2,53.0,,voiture,,2,1,1,8,6
202000041707,2020-06-28 15:10:00,2020,6,28,15,10,69,69276,LYON (DE)                               ,45.67622,4.8609,Plein jour,En agglomération,Intersection en T,Normale,Deux véhicules - arrière,4,2,2,0,2,1,1,0,1,50,2,4,3,0,0,1,27.0,42.0,deux_roues,voiture,1,2,3,1,2
202000041708,2020-06-28 03:20:00,2020,6,28,3,20,69,69386,VAUBAN                              (R ),45.7661,4.8567,Nuit avec éclairage allumé,En agglomération,Hors intersection,Normale,Deux véhicules - côté,4,1,1,1,1,1,1,0,1,50,2,2,1,0,1,0,23.0,23.0,deux_roues,utilitaire_camion,5,2,1,1,3
202000041709,2020-06-17 12:30:00,2020,6,17,12,30,972,97213,NELSON MANDELA,14.612556,-60.99825,Plein jour,En agglomération,Hors intersection,Normale,Deux véhicules - côté,3,2,2,0,1,1,1,0,1,50,2,2,1,0,0,1,34.0,67.0,deux_roues,voiture,1,2,1,1,3
202000041710,2020-06-27 23:10:00,2020,6,27,23,10,69,69149,JEAN JAURES                         (AV),45.7115404,4.8199474,Nuit avec éclairage allumé,En agglomération,Intersection en T,Normale,Deux véhicules - côté,3,2,3,0,1,1,2,0,1,50,2,3,2,0,0,1,27.0,58.0,voiture,transport_commun,5,2,3,1,3
202000041711,2020-06-28 15:06:00,2020,6,28,15,6,91,91421,NATIONALE 6 (REVEIL MATIN),48.72006,2.44281,Plein jour,Hors agglomération,Hors intersection,Normale,Deux véhicules - côté,2,1,2,0,1,1,1,3,1,90,2,2,1,0,0,1,36.0,29.0,deux_roues,utilitaire_camion,1,1,1,1,3
202000041712,2020-06-28 03:00:00,2020,6,28,3,0,91,91161,HENRI BARBUSSE (RUE),48.69961,2.30697,Nuit avec éclairage allumé,En agglomération,Hors intersection,Normale,Autre collision,4,2,2,0,1,1,1,0,1,30,1,1,0,0,0,1,46.0,,voiture,,5,2,1,1,6
202000041713,2020-06-28 09:50:00,2020,6,28,9,50,91,91201,PORT AUX CERISES (RUE DU),48.69087,2.40942,Plein jour,En agglomération,Intersection en X,Normale,Sans collision,4,-1,0,0,1,1,1,0,1,50,1,1,0,0,0,1,30.0,,deux_roues,,1,2,2,1,7
202000041714,2020-06-27 15:45:00,2020,6,27,15,45,83,83137,REPUBLIQUE (AVE DE LA),43.12125,5.9302,Plein jour,En agglomération,Hors intersection,Normale,Sans collision,4,2,4,0,1,1,1,0,1,50,1,1,0,0,0,1,20.0,,deux_roues,,1,2,1,1,7
202000041715,2020-06-28 18:45:00,2020,6,28,18,45,83,83069,DECUGIS (AVENUE ALFRED),43.116,6.146,Plein jour,En agglomération,Giratoire,Normale,Deux véhicules - côté,4,1,2,0,1,2,1,5,1,50,2,3,1,0,0,2,30.0,49.0,deux_roues,voiture,1,2,6,1,3
202000041716,2020-06-28 06:19:00,2020,6,28,6,19,78,78172,REPUBLIQUE (QUAI DE LA),48.991238,2.089133,Crépuscule ou aube,En agglomération,Hors intersection,Normale,Autre collision,3,-1,2,0,1,1,1,9,8,50,1,1,0,0,1,0,24.0,,deux_roues,,2,2,1,1,6
202000041717,2020-06-28 19:30:00,2020,6,28,19,30,69,69266,RD 383   ,45.7543,4.9158,Nuit avec éclairage allumé,Hors agglomération,Hors intersection,Normale,Deux véhicules - arrière,4,2,2,0,1,1,1,0,1,50,2,3,2,0,0,1,52.0,4.0,voiture,deux_roues,5,1,1,1,2
202000041718,2020-06-25 15:42:00,2020,6,25,15,42,67,67462,LIBERTE (AVENUE DE LA),48.25872,7.4487455,Plein jour,En agglomération,Intersection en X,Temps éblouissant,Autre collision,4,3,5,1,1,1,1,0,1,50,1,2,1,0,1,0,34.0,,voiture,,1,2,2,7,6
202000041719,2020-06-28 20:26:00,2020,6,28,20,26,64,64445,EMILE GINOT,43.29433,-0.35642,Plein jour,En agglomération,Hors intersection,Normale,Sans collision,4,-1,0,0,1,1,1,0,1,50,1,1,0,0,0,1,60.0,,voiture,,1,2,1,1,7
202000041720,2020-06-28 21:10:00,2020,6,28,21,10,62,62643,LIBERTE ( Bld de la ),50.7144157,1.5916978,Plein jour,En agglomération,Hors intersection,Normale,Deux véhicules - côté,4,2,2,0,2,1,1,0,1,30,2,3,2,0,1,0,19.0,37.0,deux_roues,voiture,1,2,1,1,3
202000041721,2020-06-28 20:10:00,2020,6,28,20,10,44,44162,N844,47.24357,-1.62234,Plein jour,En agglomération,Hors intersection,Normale,Deux véhicules - côté,2,3,4,0,1,1,1,0,1,90,2,2,0,1,0,1,31.0,40.0,utilitaire_camion,voiture,1,2,1,1,3
202000041722,2020-06-27 08:05:00,2020,6,27,8,5,38,38053,Rue de la Poste,45.5861,5.2736,Plein jour,Hors agglomération,Hors intersection,Normale,Deux véhicules - côté,4,2,4,0,1,1,1,0,1,80,2,2,1,0,1,0,46.0,50.0,voiture,deux_roues,1,1,1,1,3
202000041723,2020-06-28 00:17:00,2020,6,28,0,17,34,34172,VALERY (BOULEVARD PAUL,43.5835679,3.8662048,Nuit avec éclairage allumé,En agglomération,Intersection en X,Normale,Deux véhicules - côté,4,2,2,0,1,1,1,0,1,50,2,2,1,0,0,1,35.0,35.0,voiture,voiture,5,2,2,1,3
202000041724,2020-06-28 20:10:00,2020,6,28,20,10,34,34003,MERIC (P3 A S2,43.28741,3.44499,Plein jour,En agglomération,Hors intersection,Normale,Deux véhicules - côté,4,1,1,0,1,1,1,9,8,50,2,2,1,0,0,1,23.0,77.0,deux_roues,voiture,1,2,1,1,3
202000041725,2020-06-28 13:35:00,2020,6,28,13,35,33,33063,AVE THIERS / RUE DE LAUZAC,44.85245,-0.53997,Plein jour,En agglomération,Passage à niveau,Normale,Deux véhicules - côté,4,3,2,3,1,1,1,4,6,50,2,3,2,0,0,1,38.0,20.0,transport_commun,voiture,1,2,8,1,3
202000041726,2020-06-23 08:35:00,2020,6,23,8,35,33,33281,RUE DE STRASBOURG,44.82428,-0.61619,Plein jour,En agglomération,Hors intersection,Normale,Deux véhicules - côté,4,2,2,0,2,1,1,0,1,50,2,2,1,0,1,0,56.0,43.0,deux_roues,voiture,1,2,1,1,3
202000041727,2020-06-28 18:25:00,2020,6,28,18,25,33,33529,FOIX (RUE GASTON) DU 01 ET +,44.62995,-1.13732,Plein jour,En agglomération,Giratoire,Normale,,4,2,2,0,1,1,1,5,1,50,2,3,1,0,0,2,34.0,35.0,voiture,voiture,1,2,6,1,-1
202000041728,2020-06-26 14:20:00,2020,6,26,14,20,31,31483,FRANCOIS MITTERAND ( AVENUE),43.11215,0.74537,Plein jour,En agglomération,Hors intersection,Normale,Autre collision,3,2,1,0,1,1,1,0,1,30,1,1,0,0,0,1,62.0,,voiture,,1,2,1,1,6
202000041729,2020-06-27 13:50:00,2020,6,27,13,50,29,29232,Avenue de la France Libre,48.0090094,-4.0962114,Plein jour,En agglomération,Hors intersection,Normale,Trois véhicules et plus - collisions multiples,4,2,2,0,1,1,1,0,1,50,3,4,3,0,1,0,23.0,47.0,deux_roues,voiture,1,2,1,1,5
202000041730,2020-06-28 14:50:00,2020,6,28,14,50,13,13202,FORBIN (RUE DE),43.3053798,5.3695866,Plein jour,En agglomération,Autre intersection,Normale,Deux véhicules - côté,4,-1,2,0,3,1,1,0,1,30,2,3,0,0,0,3,23.0,25.0,voiture,voiture,1,2,9,1,3
202000041731,2020-06-28 05:50:00,2020,6,28,5,50,13,13205,SAKAKINI (BOULEVARD),43.2954563,5.400573,Crépuscule ou aube,En agglomération,Hors intersection,Normale,Sans collision,7,2,4,0,1,1,1,0,1,50,1,1,0,0,1,0,32.0,,deux_roues,,2,2,1,1,7
202000041732,2020-06-28 04:35:00,2020,6,28,4,35,13,13208,PARANGON (TRAVERSE),43.244103,5.37989,Nuit avec éclairage allumé,En agglomération,Giratoire,Normale,Autre collision,4,-1,1,0,1,1,1,0,1,50,1,1,0,0,0,1,24.0,,voiture,,5,2,6,1,6
202000041733,2020-06-27 12:20:00,2020,6,27,12,20,13,13047,RASSUEN ROUTE DE,43.49799,4.97763,Plein jour,En agglomération,Hors intersection,Normale,Autre collision,6,2,1,0,1,1,1,6,6,30,1,2,1,0,0,1,26.0,,voiture,,1,2,1,1,6
202000041734,2020-06-28 19:00:00,2020,6,28,19,0,13,13028,FARDELOUP (CHEMIN DE),43.184531,5.594231,Plein jour,En agglomération,Hors intersection,Normale,Deux véhicules - côté,4,2,2,0,2,1,1,0,1,50,2,2,1,0,0,1,48.0,20.0,voiture,deux_roues,1,2,1,1,3
202000041735,2020-06-26 11:01:00,2020,6,26,11,1,08,08497,PIERQUIN L. BOULEVARD,49.79,4.67,Plein jour,En agglomération,Hors intersection,Normale,Deux véhicules - côté,4,2,2,0,2,1,1,0,1,50,2,3,2,0,1,0,17.0,81.0,voiture,voiture,1,2,1,1,3
202000041736,2020-06-27 22:08:00,2020,6,27,22,8,03,03185,Rue Bretonnie,46.3379992,2.6023559,Nuit avec éclairage non allumé,En agglomération,Intersection en Y,Normale,Sans collision,4,1,1,0,1,3,1,0,1,50,1,1,0,0,1,0,16.0,,deux_roues,,4,2,4,1,7
202000041737,2020-06-28 03:10:00,2020,6,28,3,10,75,75114,BOULEVARD PERIPHERIQUE,48.823011,2.312096,Nuit avec éclairage allumé,En agglomération,Intersection en Y,Normale,Autre collision,4,1,3,0,1,1,1,0,1,70,1,2,0,0,0,2,27.0,,voiture,,5,2,4,1,6
202000041738,2020-06-26 18:50:00,2020,6,26,18,50,75,75119,BOULEVARD PERIPHERIQUE,48.881,2.403653,Plein jour,En agglomération,Hors intersection,Normale,Deux véhicules - arrière,4,1,4,0,1,1,1,0,1,70,2,2,1,0,0,1,31.0,60.0,voiture,deux_roues,1,2,1,1,2
202000041739,2020-06-27 22:00:00,2020,6,27,22,0,75,75104,BOULEVARD DE SEBASTOPOL,48.85987,2.348975,Crépuscule ou aube,En agglomération,Hors intersection,Normale,,4,1,3,1,1,1,1,-1,5,50,4,5,2,0,0,3,36.0,19.0,deux_roues,deux_roues,2,2,1,1,-1
202000041740,2020-06-28 12:55:00,2020,6,28,12,55,75,75113,BOULEVARD DE L HOPITAL,48.842707,2.363997,Plein jour,En agglomération,Intersection en T,Normale,Deux véhicules - côté,4,2,6,3,1,1,1,-1,6,50,2,2,1,0,0,1,46.0,61.0,deux_roues,voiture,1,2,3,1,3
202000041741,2020-06-28 05:45:00,2020,6,28,5,45,75,75105,PORT SAINT BERNARD,48.847616,2.360903,Plein jour,En agglomération,Hors intersection,Normale,Autre collision,4,-1,1,0,1,1,1,6,1,1,1,1,0,0,0,1,,,,,1,2,1,1,6
202000041742,2020-06-28 01:50:00,2020,6,28,1,50,75,75119,AVENUE DE LAUMIERE,48.884675,2.379789,Nuit avec éclairage allumé,En agglomération,Intersection en X,Normale,Autre collision,4,2,2,0,1,2,1,0,1,50,1,2,1,0,0,1,25.0,,voiture,,5,2,2,1,6
202000041743,2020-06-28 04:45:00,2020,6,28,4,45,75,75118,RUE HERMEL,48.890172,2.344072,Nuit avec éclairage allumé,En agglomération,Intersection en X,Normale,Autre collision,4,1,1,0,1,1,1,0,1,50,1,1,0,0,0,1,,,,,5,2,2,1,6
202000041744,2020-06-28 15:20:00,2020,6,28,15,20,75,75114,RUE D ALESIA,48.827842,2.3293,Plein jour,En agglomération,Hors intersection,Normale,Autre collision,4,2,3,0,1,1,1,0,1,50,1,1,0,0,0,1,,,,,1,2,1,1,6
202000041745,2020-06-28 07:00:00,2020,6,28,7,0,75,75111,BOULEVARD DE CHARONNE,48.857831,2.391282,Plein jour,En agglomération,Hors intersection,Normale,Autre collision,4,3,2,0,1,1,1,0,1,30,1,1,0,0,0,1,29.0,,voiture,,1,2,1,1,6
202000041746,2020-06-28 13:33:00,2020,6,28,13,33,75,75110,AVENUE PARMENTIER,48.870493,2.37068,Plein jour,En agglomération,Hors intersection,Normale,Deux véhicules - côté,4,2,4,0,1,1,1,0,1,50,2,3,1,0,0,2,32.0,33.0,voiture,deux_roues,1,2,1,1,3
202000041747,2020-06-28 01:10:00,2020,6,28,1,10,75,75110,BOULEVARD DE MAGENTA,48.873761,2.358329,Nuit avec éclairage allumé,En agglomération,Intersection en X,Normale,Autre collision,4,2,4,0,1,1,1,0,1,50,1,1,0,0,0,1,32.0,,deux_roues,,5,2,2,1,6
202000041748,2020-06-28 01:35:00,2020,6,28,1,35,75,75103,RUE VIEILLE DU TEMPLE,48.861763,2.364232,Nuit avec éclairage allumé,En agglomération,Hors intersection,Normale,Deux véhicules - frontale,4,1,1,0,1,1,1,0,1,30,2,2,1,0,0,1,25.0,31.0,deux_roues,deux_roues,5,2,1,1,1
202000041749,2020-06-27 17:00:00,2020,6,27,17,0,94,94076,PARIS (AV DE),48.8062936,2.3634037,Plein jour,En agglomération,Autre intersection,Normale,,3,2,4,2,1,1,1,0,5,50,2,2,1,0,0,1,62.0,28.0,deux_roues,voiture,1,2,9,1,-1
202000041750,2020-06-28 00:10:00,2020,6,28,0,10,94,94073,VERSAILLES (AV DE),48.75709,2.38881,Nuit avec éclairage allumé,En agglomération,Autre intersection,Normale,Autre collision,3,1,1,0,3,1,1,0,1,50,1,2,1,0,0,1,26.0,,voiture,,5,2,9,1,6
202000041751,2020-06-27 05:15:00,2020,6,27,5,15,94,94002,VILLENEUVE ST GEORGES (CHE DE),48.78187,2.42883,Crépuscule ou aube,En agglomération,Hors intersection,Normale,Sans collision,3,2,2,0,1,1,1,0,3,50,1,1,0,0,0,1,36.0,,utilitaire_camion,,2,2,1,1,7
202000041752,2020-06-28 02:45:00,2020,6,28,2,45,93,93070,MICHELET(AV):N°1AU 103,48.90148,2.34421,Nuit avec éclairage allumé,En agglomération,Intersection à plus de 4 branches,Normale,Autre collision,3,2,5,1,1,1,1,0,1,50,1,1,0,0,0,1,,,,,5,2,5,1,6
202000041753,2020-06-28 15:20:00,2020,6,28,15,20,93,93031,AV LEON BLUM,48.95895,2.31292,Plein jour,En agglomération,Hors intersection,Normale,Autre collision,4,2,2,0,1,1,1,0,1,50,1,1,0,0,0,1,22.0,,voiture,,1,2,1,1,6
202000041754,2020-06-28 19:15:00,2020,6,28,19,15,93,93027,JAURES (AVENUE JEAN),48.9229414,2.4060713,Plein jour,En agglomération,Hors intersection,Normale,Deux véhicules - côté,3,2,4,0,1,1,1,0,1,50,2,2,1,0,0,1,20.0,39.0,voiture,deux_roues,1,2,1,1,3
202000041755,2020-06-28 18:40:00,2020,6,28,18,40,92,92078,GALLIENI (BD) (1 A 79 ET 22 A 102),48.926416,2.328416,Nuit avec éclairage allumé,En agglomération,Autre intersection,Normale,,6,-1,-1,0,2,2,8,0,6,10,2,3,0,0,0,3,26.0,31.0,deux_roues,deux_roues,5,2,9,1,-1
202000041756,2020-06-28 18:15:00,2020,6,28,18,15,92,92076,REPUBLIQUE,48.8375,2.154894,Plein jour,En agglomération,Autre intersection,Normale,Deux véhicules - côté,3,2,1,0,1,1,1,0,1,50,2,2,1,0,0,1,52.0,31.0,voiture,deux_roues,1,2,9,1,3
202000041757,2020-06-28 07:00:00,2020,6,28,7,0,92,92012,PONT DE SEVRES (ROND POINT DU),48.8281005,2.2296924,Plein jour,En agglomération,Hors intersection,Temps couvert,Sans collision,3,1,1,0,2,2,1,8,1,30,1,1,0,0,1,0,24.0,,deux_roues,,1,2,1,8,7
202000041758,2020-06-29 09:10:00,2020,6,29,9,10,2A,2A348,Pied Arena,42.147904,8.72451,Plein jour,Hors agglomération,Hors intersection,Normale,Deux véhicules - côté,3,2,2,0,1,1,1,0,1,80,2,2,1,0,1,0,25.0,37.0,utilitaire_camion,deux_roues,1,1,1,1,3
202000041759,2020-06-29 05:48:00,2020,6,29,5,48,95,95313,Avenue de Paris,49.105329,2.244108,Nuit sans éclairage public,Hors agglomération,Hors intersection,Normale,Autre collision,3,2,2,0,1,1,1,0,1,90,1,1,0,0,0,1,61.0,,deux_roues,,3,1,1,1,6
202000041760,2020-06-27 09:55:00,2020,6,27,9,55,33,33225,16 Rue des Frères Bordes,44.5711,-0.42063,Plein jour,En agglomération,Hors intersection,Normale,Autre collision,3,2,2,0,1,1,1,0,3,50,1,1,0,1,0,0,57.0,,deux_roues,,1,2,1,1,6
202000041761,2020-06-28 16:20:00,2020,6,28,16,20,17,17015,D145,45.55553,-0.922508,Plein jour,Hors agglomération,Hors intersection,Pluie légère,Trois véhicules et plus - en chaîne,3,2,2,0,1,1,2,0,1,80,4,9,7,0,1,1,74.0,69.0,voiture,voiture,1,1,1,2,4
202000041762,2020-06-22 14:10:00,2020,6,22,14,10,18,18258,Les Egrots,47.360132,2.816421,Plein jour,Hors agglomération,Intersection en X,Normale,Deux véhicules - côté,3,2,2,0,1,1,1,0,1,80,2,3,2,0,0,1,36.0,76.0,voiture,voiture,1,1,2,1,3
202000041763,2020-06-27 10:50:00,2020,6,27,10,50,972,97221,Habitation Mareuil,14.526822,-60.990869,Plein jour,Hors agglomération,Hors intersection,Normale,Deux véhicules - arrière,3,2,2,0,1,1,1,0,1,80,2,2,1,0,1,0,29.0,34.0,voiture,deux_roues,1,1,1,1,2
202000041764,2020-06-28 20:30:00,2020,6,28,20,30,38,38108,Route des Gorges de la Bourne,45.066383,5.365357,Crépuscule ou aube,Hors agglomération,Hors intersection,Pluie légère,Sans collision,3,2,2,0,1,4,2,0,1,80,1,2,1,0,1,0,22.0,,deux_roues,,2,1,1,2,7
202000041765,2020-06-24 17:40:00,2020,6,24,17,40,62,62849,9 Route de Montreuil,50.403095,1.656607,Plein jour,Hors agglomération,Hors intersection,Normale,Trois véhicules et plus - en chaîne,3,2,2,0,1,1,1,0,1,80,3,12,10,0,1,1,20.0,22.0,voiture,voiture,1,1,1,1,4
202000041766,2020-06-28 16:50:00,2020,6,28,16,50,83,83067,RD93,43.315468,6.276305,Plein jour,En agglomération,Giratoire,Temps éblouissant,Autre collision,3,-1,2,0,1,1,1,5,8,50,1,1,0,0,1,0,58.0,,deux_roues,,1,2,6,7,6
202000041767,2020-06-29 17:35:00,2020,6,29,17,35,79,79066,9 Chemin du Tram,46.486545,-0.407242,Plein jour,En agglomération,Hors intersection,Normale,Autre collision,4,2,2,0,1,1,1,0,1,30,1,2,1,0,1,0,15.0,,deux_roues,,1,2,1,1,6
202000041768,2020-06-27 09:15:00,2020,6,27,9,15,80,80338,Rue de Cachy,49.883077,2.497973,Plein jour,Hors agglomération,Intersection en X,Normale,Deux véhicules - côté,3,2,2,0,2,1,1,0,1,80,2,2,1,0,0,1,60.0,64.0,voiture,voiture,1,1,2,1,3
202000041769,2020-06-29 16:25:00,2020,6,29,16,25,82,82020,Intersection D3 / D55,43.851489,1.138716,Plein jour,Hors agglomération,Intersection en T,Normale,Deux véhicules - frontale,3,2,2,0,1,1,1,0,1,80,2,2,1,0,1,0,43.0,18.0,voiture,deux_roues,1,1,3,1,1
202000041770,2020-06-28 01:30:00,2020,6,28,1,30,11,11253,Route de la Montagne Noire,43.291951,2.223862,Nuit sans éclairage public,Hors agglomération,Autre intersection,Normale,Sans collision,3,2,2,0,2,3,1,0,1,80,1,3,2,0,1,0,18.0,,voiture,,3,1,9,1,7
202000041771,2020-10-24 11:18:00,2020,10,24,11,18,79,79191,Rue de la Corderie,46.3292,-0.46806,Plein jour,En agglomération,Intersection en T,Normale,Autre collision,4,1,1,0,1,1,1,0,1,50,1,2,1,0,0,1,29.0,,utilitaire_camion,,1,2,3,1,6
202000041772,2020-10-23 10:20:00,2020,10,23,10,20,74,74305,ROTONDE (RUE DE LA),46.20154,6.23612,Plein jour,En agglomération,Hors intersection,Pluie forte,Deux véhicules - côté,4,1,1,0,1,2,2,0,1,50,2,2,1,0,0,1,23.0,54.0,deux_roues,voiture,1,2,1,3,3
202000041773,2020-10-24 20:50:00,2020,10,24,20,50,64,64129,2 Avenue Montilleul,43.3087612,-0.3802536,Nuit avec éclairage allumé,En agglomération,Intersection en X,Normale,Deux véhicules - frontale,4,2,2,0,1,1,1,0,1,50,2,2,1,0,0,1,25.0,35.0,deux_roues,voiture,5,2,2,1,1
202000041774,2020-10-24 21:05:00,2020,10,24,21,5,64,64102,GRAND HARGOUS (rue du),43.50446,-1.46718,Nuit avec éclairage allumé,En agglomération,Intersection en X,Normale,Sans collision,3,2,2,0,1,2,1,0,1,50,1,2,1,0,0,1,59.0,,deux_roues,,5,2,2,1,7
202000041775,2020-10-24 11:00:00,2020,10,24,11,0,64,64102,AVRIL (AVENUE DU 14),43.50334,-1.46578,Plein jour,En agglomération,Hors intersection,Normale,Deux véhicules - côté,3,2,2,0,1,1,1,0,1,50,2,3,1,0,0,2,20.0,22.0,voiture,deux_roues,1,2,1,1,3
202000041776,2020-10-01 14:05:00,2020,10,1,14,5,59,59350,SAINT AMAND RUE,50.621938,3.092662,Plein jour,En agglomération,Intersection en Y,Pluie légère,Deux véhicules - côté,7,2,2,2,2,1,2,0,1,50,2,2,1,0,0,1,33.0,39.0,voiture,voiture,1,2,4,2,3
202000041777,2020-10-24 11:30:00,2020,10,24,11,30,54,54184,RD83,48.70881,6.2439,Plein jour,En agglomération,Giratoire,Normale,Deux véhicules - côté,3,1,1,0,1,1,1,0,1,50,2,4,2,0,0,2,30.0,62.0,voiture,voiture,1,2,6,1,3
202000041778,2020-10-23 12:00:00,2020,10,23,12,0,51,51454,Rue Charles Lafite,49.2517922,4.0614192,Plein jour,En agglomération,Intersection en T,Normale,Sans collision,4,2,2,0,1,1,1,0,1,50,1,2,1,0,0,1,66.0,,voiture,,1,2,3,1,7
202000041779,2020-10-24 09:45:00,2020,10,24,9,45,45,45284,SOULAS (AVENUE LOUIS JOSEPH),47.90802,1.96238,Plein jour,En agglomération,Hors intersection,Normale,Autre collision,6,-1,-1,0,1,1,1,0,8,30,1,2,1,0,0,1,75.0,,voiture,,1,2,1,1,6
202000041780,2020-10-24 02:15:00,2020,10,24,2,15,39,39150,,47.062666,5.448832,Nuit sans éclairage public,Hors agglomération,Hors intersection,Temps couvert,Autre collision,3,1,1,0,1,3,2,3,3,80,1,4,3,0,1,0,19.0,,voiture,,3,1,1,8,6
202000041781,2020-10-24 18:50:00,2020,10,24,18,50,38,38169,Avenue Aristide Briand,45.1903,5.6902,Nuit avec éclairage allumé,Hors agglomération,Hors intersection,Normale,Deux véhicules - côté,3,2,4,0,1,1,1,0,1,30,2,2,1,0,0,1,49.0,33.0,transport_commun,voiture,5,1,1,1,3
202000041782,2020-10-23 22:30:00,2020,10,23,22,30,37,37195,,47.3849424,0.6508182,Nuit sans éclairage public,Hors agglomération,Hors intersection,Normale,Sans collision,3,1,4,0,1,2,1,0,1,90,1,5,0,0,1,4,19.0,,voiture,,3,1,1,1,7
202000041783,2020-10-24 17:30:00,2020,10,24,17,30,35,35238,PATTON (AVENUE DU GENERAL SIR GEORGES),48.13731,-1.65883,Crépuscule ou aube,En agglomération,Hors intersection,Pluie légère,Deux véhicules - arrière,4,2,2,1,2,1,2,9,1,50,2,3,2,0,0,1,27.0,28.0,voiture,voiture,2,2,1,2,2
202000041784,2020-10-24 18:45:00,2020,10,24,18,45,34,34172,TOULOUSE (AVENUE DE,43.59518,3.861869,Plein jour,En agglomération,Intersection en T,Normale,Deux véhicules - côté,4,2,0,0,2,1,1,0,1,50,2,3,2,0,0,1,40.0,20.0,voiture,deux_roues,1,2,3,1,3