accident_id,datetime,annee,mois,jour,heure,minute,departement,commune_insee,adresse,latitude,longitude,luminosite,agglomeration,intersection,meteo,collision,catr,circ,nbv,vosp,prof,plan,surf,infra,situ,vma,nb_vehicules,nb_usagers,nb_indemnes,nb_tues,nb_blesses_hosp,nb_blesses_legers,age_cond_1,age_cond_2,veh_type_cond_1,veh_type_cond_2,lum_code,agg_code,int_code,atm_code,col_code
202000042607,2020-07-26 17:05:00,2020,7,26,17,5,971,97104,Chemin des Pyrenees,16.030465,-61.742928,Plein jour,En agglomération,Hors intersection,Normale,,4,2,2,0,2,2,1,0,1,50,2,3,2,0,1,0,32.0,33.0,voiture,deux_roues,1,2,1,1,-1
202000042608,2020-09-23 01:00:00,2020,9,23,1,0,75,75118,BOULEVARD BARBES,48.891562,2.349597,Nuit avec éclairage allumé,En agglomération,Place,Normale,Deux véhicules - côté,4,2,2,0,1,1,1,0,1,50,2,2,1,0,0,1,40.0,51.0,deux_roues,voiture,5,2,7,1,3
202000042609,2020-07-28 12:49:00,2020,7,28,12,49,83,83143,RD 562,43.443936,6.06428,Plein jour,Hors agglomération,Hors intersection,Normale,Trois véhicules et plus - collisions multiples,3,2,2,0,1,1,1,0,1,80,3,5,1,0,3,1,81.0,34.0,voiture,voiture,1,1,1,1,5
202000042610,2020-09-22 14:50:00,2020,9,22,14,50,75,75116,RUE RAYNOUARD,48.854041,2.277902,Plein jour,En agglomération,Intersection en T,Normale,Deux véhicules - côté,4,2,2,0,2,1,1,0,1,50,2,2,1,0,0,1,22.0,35.0,deux_roues,voiture,1,2,3,1,3
202000042611,2020-09-23 17:45:00,2020,9,23,17,45,75,75115,AVENUE DU MAINE,48.844,2.320291,Plein jour,En agglomération,Hors intersection,Pluie légère,Deux véhicules - côté,4,2,4,0,1,1,2,0,1,50,2,2,1,0,0,1,29.0,21.0,deux_roues,voiture,1,2,1,2,3
202000042612,2020-09-23 18:45:00,2020,9,23,18,45,75,75114,AVENUE RENE COTY,48.830468,2.333972,Crépuscule ou aube,En agglomération,Hors intersection,Pluie légère,Autre collision,4,3,2,0,1,1,2,0,1,30,1,1,0,0,0,1,33.0,,deux_roues,,2,2,1,2,6
202000042613,2020-07-28 11:20:00,2020,7,28,11,20,26,26041,Aurotroute du Soleil ,45.2087904,4.870108,Plein jour,Hors agglomération,Hors intersection,Normale,Trois véhicules et plus - collisions multiples,1,3,3,0,3,2,1,0,1,130,4,6,3,0,1,2,20.0,23.0,voiture,voiture,1,1,1,1,5
202000042614,2020-09-23 08:40:00,2020,9,23,8,40,75,75114,RUE DIDOT,48.831338,2.319806,Plein jour,En agglomération,Intersection en X,Normale,Sans collision,4,1,1,0,1,1,1,0,1,30,1,1,0,0,0,1,52.0,,deux_roues,,1,2,2,1,7
202000042615,2020-07-27 09:50:00,2020,7,27,9,50,25,25043,1 Rue de Chataillon,47.489311,6.776719,Plein jour,Hors agglomération,Hors intersection,Normale,Deux véhicules - frontale,3,2,2,0,1,1,1,0,1,70,2,2,1,0,1,0,28.0,42.0,voiture,voiture,1,1,1,1,1
202000042616,2020-07-27 15:20:00,2020,7,27,15,20,67,67364,D131,48.3882756,7.6736659,Plein jour,Hors agglomération,Hors intersection,Normale,Deux véhicules - côté,3,2,2,0,1,3,1,0,1,80,2,2,1,0,0,1,26.0,65.0,voiture,deux_roues,1,1,1,1,3
202000042617,2020-01-02 18:33:00,2020,1,2,18,33,92,92063,COLMAR (AVENUE DE),48.88718,2.17954,Nuit avec éclairage allumé,En agglomération,Intersection en X,Normale,Deux véhicules - côté,3,3,4,0,1,1,2,5,1,50,2,2,1,0,0,1,34.0,25.0,deux_roues,voiture,5,2,2,1,3
202000042618,2020-07-28 10:30:00,2020,7,28,10,30,73,73116,Rue des Chasseurs Alpins,45.256737,6.271737,Plein jour,Hors agglomération,Hors intersection,Normale,Sans collision,4,2,2,0,2,1,1,0,1,80,1,1,0,0,1,0,55.0,,deux_roues,,1,1,1,1,7
202000042619,2020-01-06 10:30:00,2020,1,6,10,30,92,92062,GODEFROY (RUE) DU 1 AU 17,48.88097,2.2427291,Plein jour,En agglomération,Hors intersection,Normale,Autre collision,4,2,2,0,1,1,1,0,1,30,1,2,1,0,0,1,33.0,,voiture,,1,2,1,1,6
202000042620,2020-09-22 04:00:00,2020,9,22,4,0,75,75114,BOULEVARD ADOLPHE PINARD,48.822378,2.314248,Nuit avec éclairage allumé,En agglomération,Intersection en X,Normale,Trois véhicules et plus - en chaîne,4,1,1,0,1,1,1,0,1,50,3,3,1,0,0,2,31.0,44.0,deux_roues,voiture,5,2,2,1,4
202000042621,2020-07-27 11:45:00,2020,7,27,11,45,38,38565,Route de Voiron,45.31292,5.62231,Plein jour,Hors agglomération,Hors intersection,Normale,Autre collision,3,2,2,0,1,1,1,0,3,70,1,2,1,1,0,0,49.0,,utilitaire_camion,,1,1,1,1,6
202000042622,2020-09-21 19:40:00,2020,9,21,19,40,75,75114,RUE BREZIN,48.830976,2.328728,Plein jour,En agglomération,Hors intersection,Normale,Deux véhicules - côté,4,1,1,0,1,1,1,0,1,50,2,2,1,0,0,1,34.0,34.0,utilitaire_camion,deux_roues,1,2,1,1,3
202000042623,2020-07-27 16:15:00,2020,7,27,16,15,26,26064,D538,44.892224,5.016643,Plein jour,Hors agglomération,Giratoire,Normale,Autre collision,3,1,1,0,1,2,1,0,4,80,1,4,0,0,0,4,38.0,,voiture,,1,1,6,1,6
202000042624,2020-09-23 22:25:00,2020,9,23,22,25,75,75112,AVENUE DE SAINT MAURICE,48.827565,2.419386,Nuit avec éclairage allumé,En agglomération,Intersection en Y,Pluie forte,Autre collision,4,2,4,0,1,1,2,0,1,50,1,1,0,0,0,1,60.0,,deux_roues,,5,2,4,3,6
202000042625,2020-01-06 11:40:00,2020,1,6,11,40,92,92012,ANDRE MORIZET (AVENUE) - 49/FIN - 54/FIN,48.83903,2.23201,Plein jour,En agglomération,Intersection en X,Normale,Deux véhicules - côté,3,-1,2,0,1,1,1,0,1,50,2,2,1,0,1,0,39.0,43.0,deux_roues,voiture,1,2,2,1,3
202000042626,2020-09-23 15:15:00,2020,9,23,15,15,75,75112,RUE DE REUILLY,48.842536,2.392304,Plein jour,En agglomération,Hors intersection,Pluie forte,Deux véhicules - frontale,4,2,2,0,1,1,2,0,1,50,2,2,1,0,0,1,63.0,45.0,utilitaire_camion,deux_roues,1,2,1,3,1
202000042627,2020-09-23 14:40:00,2020,9,23,14,40,75,75112,AVENUE DAUMESNIL,48.84029,2.392761,Plein jour,En agglomération,Intersection en T,Pluie forte,Autre collision,4,2,4,0,2,1,2,0,1,50,1,2,1,0,0,1,48.0,,voiture,,1,2,3,3,6
202000042628,2020-07-28 09:15:00,2020,7,28,9,15,69,69095,Route de Chazelles sur Lyon,45.653942,4.413983,Plein jour,Hors agglomération,Hors intersection,Normale,Trois véhicules et plus - collisions multiples,3,2,2,0,1,1,1,0,1,-1,3,3,2,0,1,0,47.0,53.0,utilitaire_camion,utilitaire_camion,1,1,1,1,5
202000042629,2020-07-28 14:15:00,2020,7,28,14,15,81,81104,A68,43.790614,1.746697,Plein jour,Hors agglomération,Hors intersection,Normale,Deux véhicules - frontale,1,4,2,0,1,2,1,8,1,50,2,2,0,0,1,1,69.0,33.0,voiture,voiture,1,1,1,1,1
202000042630,2020-09-23 00:35:00,2020,9,23,0,35,75,75112,COURS DE VINCENNES,48.847163,2.406242,Nuit avec éclairage allumé,En agglomération,Intersection en X,Normale,Deux véhicules - côté,4,2,6,0,1,1,1,0,1,50,2,2,1,0,0,1,38.0,26.0,deux_roues,voiture,5,2,2,1,3
202000042631,2020-07-28 14:15:00,2020,7,28,14,15,85,85222,Rue du Pont Jaunay,46.674637,-1.913928,Plein jour,Hors agglomération,Intersection en X,Normale,Deux véhicules - côté,4,2,2,0,1,1,1,0,1,80,2,2,1,0,1,0,41.0,35.0,deux_roues,voiture,1,1,2,1,3
202000042632,2020-09-22 17:10:00,2020,9,22,17,10,75,75112,BOULEVARD DIDEROT,48.846336,2.378079,Plein jour,En agglomération,Hors intersection,Normale,Sans collision,4,2,2,3,1,1,1,-1,6,50,1,1,0,0,0,1,33.0,,deux_roues,,1,2,1,1,7
202000042633,2020-07-28 09:30:00,2020,7,28,9,30,22,22054,D34,48.614431,-2.470655,Plein jour,Hors agglomération,Intersection en T,Normale,Deux véhicules - côté,3,2,2,0,2,3,1,5,1,80,2,2,1,0,1,0,64.0,21.0,deux_roues,voiture,1,1,3,1,3
202000042634,2020-07-28 19:20:00,2020,7,28,19,20,76,76718,D6015,49.616522,0.712631,Plein jour,Hors agglomération,Hors intersection,Temps éblouissant,Sans collision,3,2,3,0,1,1,1,0,8,70,1,1,0,1,0,0,43.0,,utilitaire_camion,,1,1,1,7,7
202000042635,2020-07-28 14:45:00,2020,7,28,14,45,80,80185,D186 / D5186 champien,49.693081,2.850877,Plein jour,Hors agglomération,Intersection en Y,Normale,Deux véhicules - frontale,3,2,2,0,1,1,1,5,1,80,2,2,0,0,2,0,91.0,30.0,voiture,voiture,1,1,4,1,1
202000042636,2020-01-03 09:35:00,2020,1,3,9,35,92,92012,GENERAL LECLERC (AVENUE DU) 1/33 - 2/58,48.8320472,2.2385466,Plein jour,En agglomération,Hors intersection,Normale,Deux véhicules - côté,3,2,2,0,1,1,1,0,1,50,2,2,1,0,0,1,39.0,39.0,voiture,deux_roues,1,2,1,1,3
202000042637,2020-07-28 09:20:00,2020,7,28,9,20,59,59237,Route Nationale,50.753699,2.646208,Plein jour,En agglomération,Hors intersection,Temps éblouissant,Autre collision,3,2,2,0,1,3,1,0,1,50,1,2,1,0,1,0,53.0,,voiture,,1,2,1,7,6
202000042638,2020-01-07 08:50:00,2020,1,7,8,50,52,52282,RD154,47.976153,5.171172,Plein jour,Hors agglomération,Hors intersection,Temps couvert,Deux véhicules - frontale,3,2,2,0,3,3,8,0,1,80,2,2,1,0,1,0,38.0,65.0,utilitaire_camion,voiture,1,1,1,8,1
202000042639,2020-01-06 16:45:00,2020,1,6,16,45,67,67445,24 Rue de Selestat,48.282724,7.427629,Nuit avec éclairage allumé,En agglomération,Hors intersection,Brouillard / fumée,Trois véhicules et plus - collisions multiples,4,2,2,1,1,1,1,9,1,30,3,5,1,0,1,3,22.0,21.0,voiture,voiture,5,2,1,5,5
202000042640,2020-09-23 18:00:00,2020,9,23,18,0,75,75111,BOULEVARD DE CHARONNE,48.854681,2.395618,Plein jour,En agglomération,Hors intersection,Pluie légère,Trois véhicules et plus - en chaîne,4,3,2,1,1,1,2,-1,5,50,3,3,2,0,0,1,38.0,32.0,deux_roues,voiture,1,2,1,2,4
202000042641,2020-01-06 11:45:00,2020,1,6,11,45,19,19031,A20,45.150651,1.484445,Plein jour,Hors agglomération,Hors intersection,Normale,Deux véhicules - arrière,1,3,4,0,1,1,1,0,1,110,2,3,1,0,0,2,31.0,46.0,utilitaire_camion,utilitaire_camion,1,1,1,1,2
202000042642,2020-09-23 14:10:00,2020,9,23,14,10,75,75111,RUE OBERKAMPF,48.865026,2.374673,Plein jour,En agglomération,Intersection en X,Temps couvert,Deux véhicules - côté,4,1,2,0,2,1,1,0,1,30,2,2,1,0,0,1,53.0,25.0,utilitaire_camion,deux_roues,1,2,2,8,3
202000042643,2020-09-23 11:40:00,2020,9,23,11,40,75,75110,RUE LA FAYETTE,48.88006,2.359889,Plein jour,En agglomération,Hors intersection,Normale,Deux véhicules - côté,4,2,4,0,1,1,1,0,1,50,2,3,2,0,0,1,26.0,23.0,deux_roues,deux_roues,1,2,1,1,3
202000042644,2020-09-23 16:30:00,2020,9,23,16,30,75,75108,BOULEVARD DES BATIGNOLLES,48.881331,2.317304,Plein jour,En agglomération,Hors intersection,Normale,Autre collision,4,3,1,0,1,1,1,0,1,50,1,1,0,0,0,1,70.0,,voiture,,1,2,1,1,6
202000042645,2020-09-23 16:40:00,2020,9,23,16,40,75,75104,RUE SAINT ANTOINE,48.853363,2.367594,Plein jour,En agglomération,Intersection en T,Pluie légère,Autre collision,4,2,2,0,1,1,2,0,1,50,1,2,1,0,0,1,72.0,,voiture,,1,2,3,2,6
202000042646,2020-07-27 14:38:00,2020,7,27,14,38,57,57757,Autoroute A31,49.3363,6.1855,Plein jour,Hors agglomération,Hors intersection,Normale,Trois véhicules et plus - collisions multiples,1,1,5,0,3,1,1,0,1,110,6,13,7,0,1,5,48.0,29.0,utilitaire_camion,utilitaire_camion,1,1,1,1,5
202000042647,2020-01-07 09:10:00,2020,1,7,9,10,62,62649,La Briqueterie d'Hénu,50.154096,2.51423,Plein jour,Hors agglomération,Hors intersection,Normale,Autre collision,3,2,2,0,2,2,2,0,3,80,1,1,0,1,0,0,66.0,,voiture,,1,1,1,1,6
202000042648,2020-09-22 16:15:00,2020,9,22,16,15,75,75104,RUE SAINT ANTOINE,48.853426,2.367119,Plein jour,En agglomération,Intersection en X,Normale,Deux véhicules - côté,4,2,4,0,1,1,1,0,1,30,2,2,1,0,0,1,40.0,27.0,voiture,deux_roues,1,2,2,1,3
202000042649,2020-01-05 16:50:00,2020,1,5,16,50,2A,2A104,route territoriale 40,41.910875,8.855797,Crépuscule ou aube,Hors agglomération,Autre intersection,Normale,Trois véhicules et plus - collisions multiples,2,2,2,0,1,1,1,0,1,80,3,5,4,0,0,1,78.0,66.0,voiture,voiture,2,1,9,1,5
202000042650,2020-09-23 10:45:00,2020,9,23,10,45,94,94078,PARIS (R DE),48.729638,2.446854,Plein jour,En agglomération,Giratoire,Normale,Autre collision,2,3,4,0,1,1,1,6,1,50,1,2,1,0,0,1,36.0,,utilitaire_camion,,1,2,6,1,6
202000042651,2020-09-23 16:00:00,2020,9,23,16,0,94,94015,GENERAL GALLIENI (BD DU),48.845,2.527,Plein jour,En agglomération,Hors intersection,Normale,Deux véhicules - côté,3,2,2,0,1,1,1,0,1,50,2,2,1,0,0,1,31.0,22.0,deux_roues,voiture,1,2,1,1,3
202000042652,2020-01-05 11:40:00,2020,1,5,11,40,80,80192,Rue d'Etinehem,49.915706,2.659192,Plein jour,Hors agglomération,Hors intersection,Normale,Sans collision,4,2,2,0,3,1,1,0,1,80,1,1,0,0,1,0,65.0,,deux_roues,,1,1,1,1,7
202000042653,2020-09-22 09:35:00,2020,9,22,9,35,94,94046,PROFESSEUR CADIOT (AV DU),48.80556,2.43153,Plein jour,En agglomération,Hors intersection,Normale,Deux véhicules - côté,3,-1,2,0,1,1,1,0,1,50,2,1,0,0,1,0,26.0,,deux_roues,,1,2,1,1,3
202000042654,2020-01-06 04:00:00,2020,1,6,4,0,89,89369,D82,48.247236,3.156764,Nuit sans éclairage public,En agglomération,Hors intersection,Normale,Autre collision,3,2,2,0,1,1,7,0,8,50,1,3,1,0,2,0,26.0,,voiture,,3,2,1,1,6
202000042655,2020-01-05 06:10:00,2020,1,5,6,10,61,61015,D8,48.610967,0.232496,Nuit avec éclairage allumé,En agglomération,Hors intersection,Normale,Sans collision,3,2,2,0,1,1,1,5,4,50,1,3,0,0,1,2,23.0,,voiture,,5,2,1,1,7
202000042656,2020-09-23 11:45:00,2020,9,23,11,45,94,94081,GABRIEL PERI (R),48.80132,2.39861,Plein jour,En agglomération,Intersection en Y,Normale,Autre collision,3,2,2,0,1,1,1,0,8,50,1,2,1,0,0,1,,,,,1,2,4,1,6
202000042657,2020-07-27 08:30:00,2020,7,27,8,30,33,33550,AUTOROUTE A 62,44.77214,-0.55538,Plein jour,Hors agglomération,Hors intersection,Normale,Autre collision,1,3,4,0,1,1,1,0,1,90,1,1,0,0,0,1,31.0,,utilitaire_camion,,1,1,1,1,6
202000042658,2020-07-27 09:15:00,2020,7,27,9,15,91,91345,AUTOROUTE A6,48.6894,2.3243,Plein jour,Hors agglomération,Hors intersection,Normale,Trois véhicules et plus - en chaîne,1,3,6,0,1,1,1,0,1,110,3,3,2,0,0,1,32.0,51.0,voiture,voiture,1,1,1,1,4
202000042659,2020-07-27 04:50:00,2020,7,27,4,50,78,78133,A13,48.893452,2.00823,Nuit sans éclairage public,Hors agglomération,Hors intersection,Normale,Autre collision,1,3,4,0,1,1,1,0,1,110,1,1,0,0,0,1,20.0,,utilitaire_camion,,3,1,1,1,6
202000042660,2020-07-27 14:51:00,2020,7,27,14,51,93,93053,AUTOROUTE A3,48.8821388,2.4551985,Plein jour,Hors agglomération,Hors intersection,Normale,Deux véhicules - côté,1,3,8,0,2,1,1,0,1,90,2,2,1,0,0,1,62.0,54.0,voiture,utilitaire_camion,1,1,1,1,3
202000042661,2020-09-23 21:22:00,2020,9,23,21,22,94,94073,LUXEMBOURG (AV DU),48.75853,2.372722,Nuit avec éclairage allumé,En agglomération,Hors intersection,Pluie légère,Sans collision,4,2,1,0,1,1,2,9,1,50,1,1,0,0,0,1,42.0,,deux_roues,,5,2,1,2,7
202000042662,2020-01-06 04:45:00,2020,1,6,4,45,55,55458,D603,49.165383,5.740607,Nuit sans éclairage public,Hors agglomération,Hors intersection,Brouillard / fumée,Deux véhicules - arrière,3,2,2,0,1,1,1,0,1,80,2,2,1,0,1,0,35.0,16.0,voiture,deux_roues,3,1,1,5,2
202000042663,2020-09-23 07:45:00,2020,9,23,7,45,94,94018,L'EGLISE (PL DE),48.821,2.415,Plein jour,En agglomération,Intersection en T,Normale,Autre collision,3,1,2,3,1,1,1,8,1,30,1,2,1,0,0,1,51.0,,voiture,,1,2,3,1,6
202000042664,2020-07-27 18:35:00,2020,7,27,18,35,77,77294,A104,48.96438,2.61062,Plein jour,Hors agglomération,Hors intersection,Normale,Deux véhicules - côté,1,3,6,0,1,1,1,0,1,90,2,2,1,0,0,1,27.0,31.0,deux_roues,voiture,1,1,1,1,3
202000042665,2020-01-06 07:35:00,2020,1,6,7,35,49,49377,Rives-du-Loir-en-Anjou,47.541343,-0.435635,Nuit sans éclairage public,Hors agglomération,Hors intersection,Normale,Deux véhicules - frontale,3,2,2,0,1,2,1,0,1,80,2,2,1,0,1,0,50.0,20.0,voiture,voiture,3,1,1,1,1
202000042666,2020-09-23 11:50:00,2020,9,23,11,50,93,93005,PLACE DU GENERAL DE GAULLE,48.9316771,2.4937087,Plein jour,En agglomération,Place,Normale,Autre collision,4,2,2,0,1,1,1,9,1,50,1,2,1,0,0,1,53.0,,utilitaire_camion,,1,2,7,1,6
202000042667,2020-01-07 18:05:00,2020,1,7,18,5,22,22212,Rue de la Forge,48.675012,-3.190356,Nuit avec éclairage allumé,En agglomération,Hors intersection,Normale,Autre collision,3,2,2,0,1,1,1,0,1,50,1,2,1,0,1,0,19.0,,deux_roues,,5,2,1,1,6
202000042668,2020-01-04 11:00:00,2020,1,4,11,0,44,44131,Rue Jules Ferry,47.121122,-2.094564,Plein jour,Hors agglomération,Intersection en T,Normale,Deux véhicules - côté,4,2,1,0,2,4,1,5,1,30,2,2,1,0,1,0,40.0,27.0,voiture,deux_roues,1,1,3,1,3
202000042669,2020-09-22 18:30:00,2020,9,22,18,30,93,93070,R LAFONTAINE,48.90148,2.32771,Plein jour,En agglomération,Hors intersection,Normale,Deux véhicules - côté,4,1,2,1,1,1,1,1,5,50,2,2,1,0,0,1,49.0,49.0,deux_roues,voiture,1,2,1,1,3
202000042670,2020-08-10 16:00:00,2020,8,10,16,0,93,93064,BD ALSACE-LORRAINE,48.88517,2.4804,Plein jour,En agglomération,Hors intersection,Normale,Autre collision,3,3,4,0,2,1,1,0,1,50,1,1,0,0,1,0,,,,,1,2,1,1,6
202000042671,2020-09-23 18:30:00,2020,9,23,18,30,93,93051,CHARLES PRANARD,48.8484693,2.5745121,Plein jour,En agglomération,Hors intersection,Pluie légère,Deux véhicules - côté,4,2,1,0,2,1,2,0,1,30,2,2,1,0,0,1,10.0,24.0,deux_roues,voiture,1,2,1,2,3
202000042672,2020-09-23 17:46:00,2020,9,23,17,46,93,93049,CAHOUETTES (RUE),48.8641703,2.5084865,Plein jour,En agglomération,Hors intersection,Pluie légère,Autre collision,4,2,1,0,2,1,2,0,1,30,1,1,0,0,0,1,34.0,,voiture,,1,2,1,2,6
202000042673,2020-07-27 16:15:00,2020,7,27,16,15,77,77373,RN104,48.76206,2.61599,Plein jour,Hors agglomération,Hors intersection,Normale,Deux véhicules - arrière,2,3,4,0,1,1,1,0,1,110,2,4,1,0,0,3,40.0,48.0,voiture,voiture,1,1,1,1,2
202000042674,2020-01-07 11:55:00,2020,1,7,11,55,03,03321,D779,46.5795088,3.3934106,Plein jour,Hors agglomération,Intersection en T,Pluie légère,Deux véhicules - arrière,3,2,2,0,1,1,2,0,1,80,2,3,2,0,0,1,39.0,65.0,voiture,voiture,1,1,3,2,2
202000042675,2020-07-27 13:00:00,2020,7,27,13,0,94,94017,A4,48.8302009,2.495767,Plein jour,Hors agglomération,Hors intersection,Normale,Sans collision,1,3,10,0,1,1,1,0,1,70,1,1,0,0,1,0,42.0,,deux_roues,,1,1,1,1,7
202000042676,2020-07-27 06:45:00,2020,7,27,6,45,988,98818,PROMENADE PIERRE VERNIER,-22.2927,166.45927,Plein jour,En agglomération,Hors intersection,Normale,Deux véhicules - frontale,4,2,2,1,1,3,1,9,5,50,2,2,0,0,1,1,78.0,56.0,deux_roues,deux_roues,1,2,1,1,1
202000042677,2020-07-26 20:00:00,2020,7,26,20,0,69,69199,YVES FARGE                          (BD),45.69183,4.86079,Plein jour,En agglomération,Intersection en T,Normale,Deux véhicules - arrière,3,2,4,0,1,1,1,0,1,50,2,8,5,0,0,3,44.0,36.0,voiture,voiture,1,2,3,1,2
202000042678,2020-07-26 11:45:00,2020,7,26,11,45,69,69259,LUDOVIC BONIN                       (R ),45.7274,4.8538,Plein jour,En agglomération,Intersection en T,Normale,Autre collision,4,2,2,0,1,2,1,0,1,50,1,2,1,0,0,1,26.0,,voiture,,1,2,3,1,6
202000042679,2020-07-26 00:15:00,2020,7,26,0,15,972,97209,BISHOP (Avenue Maurice),14.60309,-61.06359,Nuit avec éclairage allumé,En agglomération,Hors intersection,Normale,Deux véhicules - frontale,2,2,6,3,2,2,1,0,1,30,2,3,1,0,1,1,43.0,17.0,voiture,deux_roues,5,2,1,1,1
202000042680,2020-07-25 01:05:00,2020,7,25,1,5,972,97209,RD 41 (ROCADE),14.61683,-61.07328,Nuit sans éclairage public,En agglomération,Autre intersection,Normale,Deux véhicules - arrière,3,3,4,0,2,2,9,9,1,60,2,2,0,0,0,2,49.0,20.0,voiture,voiture,3,2,9,1,2
202000042681,2020-01-06 23:30:00,2020,1,6,23,30,54,54157,RD657,48.837966,6.073051,Nuit avec éclairage allumé,En agglomération,Hors intersection,Normale,Autre collision,3,2,2,0,1,1,1,0,1,50,1,2,1,0,1,0,24.0,,voiture,,5,2,1,1,6
202000042682,2020-07-26 04:25:00,2020,7,26,4,25,69,69389,ARLOING                             (QU),45.77221,4.81093,Nuit avec éclairage allumé,En agglomération,Hors intersection,Normale,Autre collision,4,2,4,3,1,1,1,0,1,50,1,1,0,0,0,1,42.0,,voiture,,5,2,1,1,6
202000042683,2020-01-07 03:05:00,2020,1,7,3,5,60,60072,D81,49.4114999,3.0880069,Nuit sans éclairage public,Hors agglomération,Hors intersection,Normale,Autre collision,3,2,2,0,1,1,2,0,3,80,1,1,0,1,0,0,27.0,,voiture,,3,1,1,1,6
202000042684,2020-07-25 11:30:00,2020,7,25,11,30,2B,2B033,IMPERIALE - ROUTE,42.63852,9.43594,Plein jour,Hors agglomération,Giratoire,Normale,Deux véhicules - côté,3,2,1,0,1,1,1,0,1,50,2,4,2,0,1,1,53.0,29.0,voiture,deux_roues,1,1,6,1,3
202000042685,2020-01-07 07:40:00,2020,1,7,7,40,60,60556,C9 - Royaucourt,49.6127676,2.5325901,Crépuscule ou aube,Hors agglomération,Hors intersection,Temps couvert,Sans collision,4,2,2,0,1,2,2,0,3,70,1,1,0,0,0,1,55.0,,voiture,,2,1,1,8,7
202000042686,2020-07-25 20:45:00,2020,7,25,20,45,971,97120,MARTIN LUTHER KING,16.24637,-61.5355,Nuit avec éclairage allumé,En agglomération,Hors intersection,Normale,Deux véhicules - frontale,4,2,2,0,1,1,1,9,1,50,2,2,0,0,1,1,27.0,25.0,deux_roues,deux_roues,5,2,1,1,1
202000042687,2020-07-26 05:05:00,2020,7,26,5,5,91,91549,PIERRE SEMARD (RUE),48.648071,2.31388,Nuit avec éclairage allumé,En agglomération,Hors intersection,Pluie légère,Sans collision,4,2,1,0,1,1,2,0,1,50,1,1,0,0,0,1,24.0,,voiture,,5,2,1,2,7
202000042688,2020-09-23 07:45:00,2020,9,23,7,45,93,93074,LATTRE DE TASSIGNY AVENUE DU MARECHAL DE,48.9603584,2.5431626,Plein jour,En agglomération,Hors intersection,Normale,Deux véhicules - frontale,4,2,2,0,2,1,1,0,1,50,2,3,0,0,0,3,20.0,22.0,voiture,voiture,1,2,1,1,1
202000042689,2020-01-06 15:00:00,2020,1,6,15,0,64,64029,D919,43.126728,-0.719735,Plein jour,Hors agglomération,Hors intersection,Normale,Sans collision,3,2,2,0,1,3,1,0,1,80,1,1,0,0,1,0,50.0,,voiture,,1,1,1,1,7
202000042690,2020-09-23 18:15:00,2020,9,23,18,15,93,93029,JEAN JAURES (AVENUE),48.9218912,2.4468237,Crépuscule ou aube,En agglomération,Hors intersection,Normale,Deux véhicules - côté,3,2,2,0,1,1,1,0,1,50,2,3,2,0,0,1,37.0,26.0,voiture,deux_roues,2,2,1,1,3
202000042691,2020-09-23 07:50:00,2020,9,23,7,50,93,93027,R DE LA CONVENTION,48.927381,2.392258,Nuit sans éclairage public,En agglomération,Hors intersection,Normale,Autre collision,3,3,4,1,1,1,1,0,1,50,1,1,0,0,0,1,,,,,3,2,1,1,6
202000042692,2020-01-05 14:50:00,2020,1,5,14,50,24,24355,D703,44.813053,1.211205,Plein jour,Hors agglomération,Hors intersection,Normale,Deux véhicules - frontale,3,2,2,0,1,1,1,0,1,70,2,3,1,0,1,1,21.0,33.0,deux_roues,voiture,1,1,1,1,1
202000042693,2020-01-06 16:00:00,2020,1,6,16,0,27,27116,Rue Tragin,49.195405,0.713049,Plein jour,En agglomération,Intersection en X,Normale,Deux véhicules - côté,4,2,2,0,1,1,1,0,1,50,2,3,0,1,0,2,19.0,39.0,deux_roues,voiture,1,2,2,1,3
202000042694,2020-09-23 02:00:00,2020,9,23,2,0,93,93010,GALLIENI (AV.) CONFORAMA 53,48.9057189,2.4802694,Nuit sans éclairage public,En agglomération,Intersection en X,Normale,Deux véhicules - côté,3,-1,6,0,1,1,1,0,1,50,2,2,1,0,0,1,25.0,,voiture,,3,2,2,1,3
202000042695,2020-01-06 07:15:00,2020,1,6,7,15,33,33284,A63,44.64731,-0.83742,Nuit sans éclairage public,Hors agglomération,Hors intersection,Temps couvert,Trois véhicules et plus - collisions multiples,1,3,4,0,1,1,2,0,1,130,4,6,4,0,0,2,46.0,54.0,voiture,voiture,3,1,1,8,5
202000042696,2020-09-23 03:10:00,2020,9,23,3,10,93,93007,"""PAUL VAILLANT COUTURIER (AVENUE """"DU 01",48.92913,2.47916,Nuit avec éclairage allumé,En agglomération,Hors intersection,Normale,Autre collision,3,2,2,0,1,1,1,0,1,50,1,2,0,0,0,2,23.0,,voiture,,5,2,1,1,6
202000042697,2020-07-26 02:15:00,2020,7,26,2,15,79,79259,Route de Bressuire,46.9632514,-0.2099144,Nuit sans éclairage public,Hors agglomération,Hors intersection,Normale,Sans collision,3,2,2,0,1,3,1,0,3,80,1,3,1,0,0,2,43.0,,voiture,,3,1,1,1,7
202000042698,2020-07-26 08:35:00,2020,7,26,8,35,77,77118,ROUTE NATIONALE 3,48.94694,2.71873,Plein jour,Hors agglomération,Hors intersection,Temps couvert,Deux véhicules - frontale,2,3,4,0,2,1,1,3,1,110,2,2,0,0,0,2,24.0,20.0,voiture,voiture,1,1,1,8,1