accident_id,datetime,annee,mois,jour,heure,minute,departement,commune_insee,adresse,latitude,longitude,luminosite,agglomeration,intersection,meteo,collision,catr,circ,nbv,vosp,prof,plan,surf,infra,situ,vma,nb_vehicules,nb_usagers,nb_indemnes,nb_tues,nb_blesses_hosp,nb_blesses_legers,age_cond_1,age_cond_2,veh_type_cond_1,veh_type_cond_2,lum_code,agg_code,int_code,atm_code,col_code
202000042883,2020-01-05 19:15:00,2020,1,5,19,15,75,75113,RUE DE TOLBIAC,48.829453,2.3747105,Nuit avec éclairage allumé,En agglomération,Hors intersection,Normale,Deux véhicules - côté,4,2,3,0,1,1,1,0,1,50,2,2,1,0,0,1,20.0,32.0,deux_roues,voiture,5,2,1,1,3
202000042884,2020-07-26 19:50:00,2020,7,26,19,50,50,50044,D52,49.067006,-1.345804,Plein jour,Hors agglomération,Hors intersection,Normale,Autre collision,3,2,2,0,3,2,1,0,3,80,1,1,0,0,1,0,22.0,,deux_roues,,1,1,1,1,6
202000042885,2020-02-07 08:00:00,2020,2,7,8,0,59,59285,D88,50.27272,3.432069,Plein jour,Hors agglomération,Hors intersection,Temps éblouissant,Deux véhicules - frontale,3,2,2,0,1,1,1,0,1,90,2,2,1,0,1,0,20.0,36.0,voiture,utilitaire_camion,1,1,1,7,1
202000042886,2020-07-27 14:30:00,2020,7,27,14,30,16,16064,,45.934837,0.879684,Plein jour,Hors agglomération,Hors intersection,Normale,Deux véhicules - frontale,3,2,2,0,2,2,1,0,1,80,2,2,1,0,1,0,31.0,60.0,utilitaire_camion,deux_roues,1,1,1,1,1
202000042887,2020-02-07 14:20:00,2020,2,7,14,20,13,13215,A7-Sens Marseille vers Lyon,43.3779,5.3578,Plein jour,Hors agglomération,Hors intersection,Normale,Deux véhicules - côté,1,1,2,0,2,3,1,9,1,50,2,2,1,0,0,1,28.0,44.0,deux_roues,voiture,1,1,1,1,3
202000042888,2020-07-27 15:30:00,2020,7,27,15,30,07,07080,RD9,45.063594,4.393501,Plein jour,Hors agglomération,Hors intersection,Normale,Sans collision,3,2,2,0,1,2,1,0,3,80,1,1,0,0,0,1,16.0,,deux_roues,,1,1,1,1,7
202000042889,2020-07-25 01:55:00,2020,7,25,1,55,24,24520,Pechs Planchou,44.925523,1.202102,Nuit sans éclairage public,En agglomération,Hors intersection,Normale,Autre collision,4,2,2,0,1,1,1,0,3,50,1,1,0,0,1,0,18.0,,deux_roues,,3,2,1,1,6
202000042890,2020-02-07 09:15:00,2020,2,7,9,15,13,13071,A55 - Sens Marseille vers Martigues,43.375801,5.319002,Plein jour,Hors agglomération,Hors intersection,Normale,Deux véhicules - arrière,1,1,3,0,1,1,1,0,1,90,2,2,1,0,0,1,54.0,56.0,utilitaire_camion,utilitaire_camion,1,1,1,1,2
202000042891,2020-09-24 08:45:00,2020,9,24,8,45,74,74222,D902,46.331091,6.581165,Plein jour,Hors agglomération,Hors intersection,Temps couvert,Deux véhicules - frontale,3,2,2,0,1,3,2,0,1,80,2,2,1,0,1,0,59.0,19.0,voiture,deux_roues,1,1,1,8,1
202000042892,2020-07-26 09:40:00,2020,7,26,9,40,85,85143,La Grande Perrure,46.51152,-0.74058,Plein jour,Hors agglomération,Hors intersection,Normale,Sans collision,3,2,2,0,2,3,1,0,1,80,1,1,0,0,1,0,64.0,,deux_roues,,1,1,1,1,7
202000042893,2020-09-23 19:15:00,2020,9,23,19,15,22,22093,Rue du Bout du Val,48.472984,-2.50357,Plein jour,En agglomération,Giratoire,Normale,Deux véhicules - côté,4,1,1,0,4,2,1,0,1,50,2,2,1,0,1,0,36.0,51.0,voiture,deux_roues,1,2,6,1,3
202000042894,2020-07-23 19:30:00,2020,7,23,19,30,27,27251,Route de Serquigny,49.0923705,0.6795796,Plein jour,Hors agglomération,Hors intersection,Normale,Deux véhicules - arrière,3,2,2,0,1,1,1,0,1,70,2,2,0,0,1,1,21.0,31.0,deux_roues,utilitaire_camion,1,1,1,1,2
202000042895,2020-01-05 12:42:00,2020,1,5,12,42,75,75112,BOULEVARD DE LA GUYANE,48.839782,2.413897,Plein jour,En agglomération,Intersection en X,Normale,Deux véhicules - côté,4,2,2,1,1,1,1,-1,5,30,2,2,1,0,0,1,24.0,61.0,voiture,deux_roues,1,2,2,1,3
202000042896,2020-02-07 07:20:00,2020,2,7,7,20,83,83144,A57,43.140076,5.9988141,Crépuscule ou aube,Hors agglomération,Hors intersection,Normale,,1,3,5,0,1,1,1,0,1,110,2,2,1,0,0,1,40.0,37.0,deux_roues,voiture,2,1,1,1,-1
202000042897,2020-09-22 17:15:00,2020,9,22,17,15,57,57487,Autoroute A31,49.085412,6.105751,Plein jour,Hors agglomération,Hors intersection,Normale,Deux véhicules - côté,1,3,6,0,1,3,1,0,1,110,2,2,1,0,0,1,50.0,47.0,utilitaire_camion,voiture,1,1,1,1,3
202000042898,2020-07-21 13:11:00,2020,7,21,13,11,27,27679,Route de Francheville,48.779044,0.854756,Plein jour,Hors agglomération,Hors intersection,Normale,Deux véhicules - côté,3,2,2,0,1,3,1,0,1,80,2,2,1,0,1,0,80.0,77.0,voiture,utilitaire_camion,1,1,1,1,3
202000042899,2020-01-05 17:05:00,2020,1,5,17,5,75,75111,AVENUE PHILIPPE AUGUSTE,48.854813,2.39193,Crépuscule ou aube,En agglomération,Hors intersection,Normale,Autre collision,4,2,2,0,1,1,1,0,1,50,1,3,1,0,0,2,29.0,,deux_roues,,2,2,1,1,6
202000042900,2020-02-06 14:46:00,2020,2,6,14,46,83,83137,A57,43.12132,5.95331,Plein jour,Hors agglomération,Hors intersection,Normale,Trois véhicules et plus - en chaîne,1,3,5,0,1,1,1,0,1,90,5,7,2,0,0,5,61.0,24.0,voiture,voiture,1,1,1,1,4
202000042901,2020-07-26 16:20:00,2020,7,26,16,20,52,52123,Grande Rue (Sommeville),48.531551,5.106811,Plein jour,Hors agglomération,Hors intersection,Normale,Autre collision,3,2,2,0,1,2,1,0,3,80,1,1,0,0,1,0,34.0,,deux_roues,,1,1,1,1,6
202000042902,2020-01-04 09:10:00,2020,1,4,9,10,75,75108,BOULEVARD MALESHERBES,48.879431,2.314282,Plein jour,En agglomération,Intersection en X,Normale,Deux véhicules - côté,4,2,2,0,4,1,1,5,1,50,2,2,1,0,0,1,43.0,56.0,voiture,deux_roues,1,2,2,1,3
202000042903,2020-09-23 17:35:00,2020,9,23,17,35,33,33063,ROCADE A 630,44.88338,-0.5556,Plein jour,Hors agglomération,Hors intersection,Normale,Trois véhicules et plus - collisions multiples,1,3,6,0,1,1,1,0,1,70,3,3,2,0,0,1,27.0,40.0,utilitaire_camion,deux_roues,1,1,1,1,5
202000042904,2020-07-23 18:00:00,2020,7,23,18,0,88,88165,N59,48.372093,6.880626,Plein jour,Hors agglomération,Hors intersection,Normale,Sans collision,2,3,4,0,2,1,1,0,2,110,1,1,0,0,1,0,56.0,,voiture,,1,1,1,1,7
202000042905,2020-07-27 11:40:00,2020,7,27,11,40,01,01331,A40,46.105388,5.446923,Plein jour,Hors agglomération,Hors intersection,Normale,Autre collision,1,3,4,3,2,1,1,0,6,110,1,3,2,0,0,1,38.0,,utilitaire_camion,,1,1,1,1,6
202000042906,2020-01-05 02:30:00,2020,1,5,2,30,75,75101,RUE DE RIVOLI,48.8608187,2.3412077,Nuit avec éclairage allumé,En agglomération,Intersection en T,Normale,Deux véhicules - arrière,4,2,3,0,1,1,1,0,1,50,2,3,1,0,0,2,36.0,49.0,voiture,voiture,5,2,3,1,2
202000042907,2020-09-23 12:25:00,2020,9,23,12,25,33,33550,ROCADE A 630,44.78038,-0.57776,Plein jour,Hors agglomération,Hors intersection,Normale,Trois véhicules et plus - en chaîne,1,3,6,0,1,1,1,0,1,90,5,5,2,0,0,3,30.0,21.0,voiture,voiture,1,1,1,1,4
202000042908,2020-07-26 17:30:00,2020,7,26,17,30,95,95604,Rue Jean Jaurès,49.097088,2.544694,Plein jour,En agglomération,Hors intersection,Normale,Sans collision,3,2,2,0,1,1,1,0,1,50,1,1,0,0,1,0,57.0,,deux_roues,,1,2,1,1,7
202000042909,2020-07-22 11:50:00,2020,7,22,11,50,78,78003,A11,48.526084,1.833022,Plein jour,Hors agglomération,Hors intersection,Normale,Autre collision,1,3,3,0,2,1,1,0,2,130,1,1,0,1,0,0,50.0,,utilitaire_camion,,1,1,1,1,6
202000042910,2020-09-22 07:15:00,2020,9,22,7,15,59,59350,ROUTE NATIONALE 356,50.636887,3.088735,Nuit sans éclairage public,Hors agglomération,Hors intersection,Brouillard / fumée,Autre collision,2,3,6,0,1,1,1,0,1,90,1,1,0,0,1,0,52.0,,deux_roues,,3,1,1,5,6
202000042911,2020-02-07 14:25:00,2020,2,7,14,25,91,91377,RD 444,48.7304,2.24183,Plein jour,Hors agglomération,Hors intersection,Normale,Deux véhicules - côté,3,2,2,0,1,2,1,0,3,70,2,2,1,0,0,1,42.0,24.0,voiture,voiture,1,1,1,1,3
202000042912,2020-01-04 20:55:00,2020,1,4,20,55,94,94078,PARIS (R DE),48.75227,2.44512,Nuit avec éclairage allumé,En agglomération,Hors intersection,Normale,Deux véhicules - arrière,2,1,4,0,1,1,1,0,1,50,2,2,1,0,0,1,42.0,40.0,deux_roues,voiture,5,2,1,1,2
202000042913,2020-07-25 15:50:00,2020,7,25,15,50,987,98729,RT 91,-17.494923,-149.816844,Plein jour,En agglomération,Hors intersection,Normale,Autre collision,2,2,2,0,1,1,1,0,1,60,1,2,1,0,1,0,23.0,,voiture,,1,2,1,1,6
202000042914,2020-07-25 02:45:00,2020,7,25,2,45,971,97116,rue martial Luce,16.312087,-61.477566,Nuit avec éclairage allumé,En agglomération,Hors intersection,Normale,Deux véhicules - côté,4,-1,2,0,1,1,1,0,1,50,2,3,2,0,1,0,53.0,46.0,voiture,voiture,5,2,1,1,3
202000042915,2020-01-04 15:00:00,2020,1,4,15,0,94,94003,AUGUSTE DELAUNE (R),48.801143,2.336791,Plein jour,Hors agglomération,Intersection en T,Temps couvert,Deux véhicules - frontale,4,2,2,0,1,1,1,0,1,30,2,3,2,0,0,1,33.0,50.0,deux_roues,voiture,1,1,3,8,1
202000042916,2020-09-20 03:50:00,2020,9,20,3,50,59,59554,AUTOROUTE A23,50.450538,3.33899,Nuit sans éclairage public,Hors agglomération,Hors intersection,Normale,Trois véhicules et plus - en chaîne,1,3,4,0,1,1,1,0,1,130,4,4,3,0,0,1,34.0,30.0,voiture,voiture,3,1,1,1,4
202000042917,2020-01-04 03:15:00,2020,1,4,3,15,94,94076,MAXIME GORKI (BD),48.79296,2.36935,Nuit avec éclairage allumé,En agglomération,Hors intersection,Normale,Deux véhicules - arrière,3,3,4,1,1,1,1,0,1,50,2,4,3,0,0,1,27.0,37.0,voiture,voiture,5,2,1,1,2
202000042918,2020-07-27 12:30:00,2020,7,27,12,30,45,45137,D2152-PR 24 + 950,48.136924,2.207217,Plein jour,Hors agglomération,Hors intersection,Normale,Deux véhicules - côté,3,2,2,0,1,1,1,0,1,80,2,2,1,1,0,0,27.0,40.0,deux_roues,voiture,1,1,1,1,3
202000042919,2020-01-05 13:20:00,2020,1,5,13,20,93,93077,R DE NEUILLY,48.87886,2.51629,Plein jour,En agglomération,Intersection à plus de 4 branches,Normale,Trois véhicules et plus - collisions multiples,3,2,2,0,1,1,1,5,1,50,3,3,2,0,0,1,29.0,24.0,voiture,deux_roues,1,2,5,1,5
202000042920,2020-09-23 06:05:00,2020,9,23,6,5,78,78402,A13,48.963831,1.789778,Nuit sans éclairage public,Hors agglomération,Hors intersection,Normale,Trois véhicules et plus - en chaîne,1,3,6,0,1,1,1,0,1,130,3,4,0,0,0,4,37.0,57.0,voiture,voiture,3,1,1,1,4
202000042921,2020-07-26 12:38:00,2020,7,26,12,38,95,95039,8 Rue du Général de Gaulle,49.071043,2.176416,Plein jour,En agglomération,Hors intersection,Normale,Sans collision,3,2,2,0,1,1,1,0,1,50,1,1,0,0,0,1,22.0,,deux_roues,,1,2,1,1,7
202000042922,2020-02-07 09:30:00,2020,2,7,9,30,78,78291,A13,48.970478,1.734143,Plein jour,Hors agglomération,Hors intersection,Normale,Deux véhicules - arrière,1,3,3,0,1,1,1,0,1,110,2,2,1,0,0,1,37.0,64.0,voiture,voiture,1,1,1,1,2
202000042923,2020-01-04 12:40:00,2020,1,4,12,40,93,93027,SALENGRO (AVENUE ROGER),48.9363311,2.3878324,Plein jour,En agglomération,Hors intersection,Normale,Deux véhicules - arrière,3,2,2,0,1,1,1,0,3,50,2,3,0,0,0,3,71.0,70.0,voiture,voiture,1,2,1,1,2
202000042924,2020-02-06 08:45:00,2020,2,6,8,45,78,78362,A13,48.977763,1.711841,Plein jour,Hors agglomération,Hors intersection,Normale,Trois véhicules et plus - en chaîne,1,3,3,0,1,1,1,1,1,110,5,6,2,0,0,4,52.0,43.0,voiture,voiture,1,1,1,1,4
202000042925,2020-02-07 07:00:00,2020,2,7,7,0,95,95212,AUTOROUTE A1,49.03348,2.54083,Nuit sans éclairage public,Hors agglomération,Hors intersection,Normale,Autre collision,1,1,1,0,2,3,1,3,1,50,1,1,0,0,0,1,21.0,,voiture,,3,1,1,1,6
202000042926,2020-01-04 19:26:00,2020,1,4,19,26,22,22118,9 Rue Charles de Gaulle,48.4538476,-2.0251413,Nuit avec éclairage allumé,En agglomération,Autre intersection,Normale,Deux véhicules - côté,3,2,2,0,1,1,1,5,1,50,2,2,1,0,1,0,37.0,32.0,voiture,voiture,5,2,9,1,3
202000042927,2020-02-06 19:50:00,2020,2,6,19,50,93,93027,AUTOROUTE A1,48.93723,2.41061,Nuit sans éclairage public,Hors agglomération,Hors intersection,Normale,Deux véhicules - arrière,1,3,10,0,1,1,1,0,1,90,2,2,1,0,0,1,26.0,28.0,utilitaire_camion,deux_roues,3,1,1,1,2
202000042928,2020-01-05 16:00:00,2020,1,5,16,0,63,63302,D800,45.717612,3.11519,Plein jour,Hors agglomération,Hors intersection,Temps éblouissant,Autre collision,3,2,2,0,2,1,1,0,1,80,1,1,0,0,1,0,,,,,1,1,1,7,6
202000042929,2020-02-06 17:00:00,2020,2,6,17,0,95,95252,AUTOROUTE A115,48.98597,2.24207,Plein jour,Hors agglomération,Hors intersection,Normale,Deux véhicules - côté,1,3,6,0,1,2,1,0,1,90,2,3,1,0,2,0,21.0,33.0,deux_roues,voiture,1,1,1,1,3
202000042930,2020-01-06 10:30:00,2020,1,6,10,30,37,37125,D114,47.0970426,0.3232927,Plein jour,Hors agglomération,Hors intersection,Normale,Autre collision,3,2,2,0,1,2,1,0,3,80,1,1,0,1,0,0,73.0,,voiture,,1,1,1,1,6
202000042931,2020-02-06 18:30:00,2020,2,6,18,30,93,93006,AUTOROUTE A3,48.86678,2.42556,Nuit sans éclairage public,Hors agglomération,Hors intersection,Normale,Deux véhicules - côté,1,3,8,0,1,1,1,0,1,90,2,1,0,0,0,1,22.0,,deux_roues,,3,1,1,1,3
202000042932,2020-01-06 09:15:00,2020,1,6,9,15,68,68162,Rocade Verte,48.135345,7.265926,Plein jour,En agglomération,Intersection en T,Autre,Sans collision,3,2,2,0,1,1,7,0,1,50,1,1,0,0,0,1,31.0,,deux_roues,,1,2,3,9,7
202000042933,2020-01-05 21:15:00,2020,1,5,21,15,14,14129,D674,48.933814,-0.918927,Nuit sans éclairage public,Hors agglomération,Hors intersection,Normale,Deux véhicules - frontale,3,2,2,3,2,1,1,5,1,80,2,2,0,0,0,2,40.0,48.0,voiture,voiture,3,1,1,1,1
202000042934,2020-02-06 12:20:00,2020,2,6,12,20,93,93005,AUTOROUTE A3,48.96017,2.47352,Plein jour,Hors agglomération,Hors intersection,Normale,Trois véhicules et plus - collisions multiples,1,3,6,0,1,3,1,0,1,90,4,4,3,0,0,1,45.0,36.0,voiture,voiture,1,1,1,1,5
202000042935,2020-02-04 05:30:00,2020,2,4,5,30,95,95394,AUTOROUTE A115,49.05235,2.18474,Nuit sans éclairage public,Hors agglomération,Hors intersection,Normale,Autre collision,1,3,4,0,2,2,1,0,1,70,1,1,0,0,0,1,41.0,,voiture,,3,1,1,1,6
202000042936,2020-01-06 12:00:00,2020,1,6,12,0,62,62610,D126,50.4805726,1.7737347,Plein jour,Hors agglomération,Intersection en X,Normale,Deux véhicules - côté,3,2,2,0,2,2,1,5,1,50,2,2,1,0,1,0,31.0,34.0,voiture,utilitaire_camion,1,1,2,1,3
202000042937,2020-02-07 12:45:00,2020,2,7,12,45,94,94073,A86 INT,48.7627,2.3817,Plein jour,Hors agglomération,Hors intersection,Normale,Deux véhicules - arrière,1,1,3,0,1,1,1,1,1,90,2,2,1,0,0,1,28.0,45.0,voiture,voiture,1,1,1,1,2
202000042938,2020-01-06 19:11:00,2020,1,6,19,11,89,89291,D606,48.118655,3.2908,Nuit sans éclairage public,Hors agglomération,Hors intersection,Normale,Autre collision,3,2,3,0,1,1,1,0,1,90,1,1,0,0,0,1,58.0,,deux_roues,,3,1,1,1,6
202000042939,2020-02-06 08:45:00,2020,2,6,8,45,988,98818,PROMENADE ROGER LAROQUE/RUE LORIOT DE ROUVRAY,-22.29785,166.43845,Plein jour,En agglomération,Intersection en T,Normale,Deux véhicules - côté,4,2,2,0,1,1,1,0,1,50,2,2,1,0,0,1,52.0,37.0,deux_roues,voiture,1,2,3,1,3
202000042940,2020-01-05 06:30:00,2020,1,5,6,30,76,76352,route de rouen,49.46388,1.46504,Nuit sans éclairage public,Hors agglomération,Hors intersection,Brouillard / fumée,Autre collision,2,2,2,0,1,2,2,0,3,80,1,7,5,0,2,0,19.0,,voiture,,3,1,1,5,6
202000042941,2020-02-04 03:30:00,2020,2,4,3,30,974,97409,Avenue Ile de France,-20.958148,55.649799,Plein jour,En agglomération,Intersection en T,Normale,Deux véhicules - côté,4,4,4,0,1,1,1,0,1,50,2,2,0,0,0,2,58.0,21.0,voiture,voiture,1,2,3,1,3
202000042942,2020-01-06 13:25:00,2020,1,6,13,25,76,76111,N31,49.462862,1.252702,Plein jour,Hors agglomération,Hors intersection,Normale,Deux véhicules - frontale,2,2,2,0,1,1,1,0,1,80,2,2,1,0,1,0,46.0,66.0,voiture,utilitaire_camion,1,1,1,1,1
202000042943,2020-01-05 06:20:00,2020,1,5,6,20,34,34284,850 Castel Fadeze,43.486258,2.77693,Nuit avec éclairage allumé,En agglomération,Hors intersection,Normale,Autre collision,3,2,2,0,1,1,1,0,1,50,1,1,0,0,1,0,27.0,,voiture,,5,2,1,1,6
202000042944,2020-02-06 06:00:00,2020,2,6,6,0,974,97409,Chemin Agenor,-20.952793,55.68772,Crépuscule ou aube,Hors agglomération,Autre intersection,Normale,Deux véhicules - côté,3,2,2,0,1,1,1,0,1,70,2,2,1,0,0,1,66.0,66.0,voiture,deux_roues,2,1,9,1,3
202000042945,2020-01-06 07:40:00,2020,1,6,7,40,43,43038,RD 17,45.325568,3.322343,Plein jour,Hors agglomération,Hors intersection,Normale,Sans collision,3,2,2,0,1,2,9,0,3,80,1,3,1,0,0,2,44.0,,transport_commun,,1,1,1,1,7
202000042946,2020-02-05 22:20:00,2020,2,5,22,20,973,97302,FLAMBOYANTS (RUE DES),4.9239781,-52.318992,Nuit avec éclairage allumé,En agglomération,Hors intersection,Normale,Autre collision,4,2,2,0,4,2,1,0,4,50,1,1,0,0,0,1,36.0,,voiture,,5,2,1,1,6
202000042947,2020-01-05 18:10:00,2020,1,5,18,10,25,25371,,47.251013,5.885103,Nuit sans éclairage public,Hors agglomération,Intersection en X,Normale,Deux véhicules - côté,3,2,2,0,1,1,1,5,1,80,2,3,0,0,2,1,78.0,22.0,voiture,voiture,3,1,2,1,3
202000042948,2020-02-06 22:15:00,2020,2,6,22,15,69,69386,MARECHAL DE SAXE                    (R ),45.7668,4.8442,Nuit avec éclairage allumé,En agglomération,Hors intersection,Normale,Deux véhicules - côté,9,1,3,3,1,1,1,0,1,50,2,3,2,0,0,1,22.0,30.0,deux_roues,deux_roues,5,2,1,1,3
202000042949,2020-01-06 01:40:00,2020,1,6,1,40,02,02399,D89,49.451415,3.901482,Nuit sans éclairage public,Hors agglomération,Hors intersection,Normale,Sans collision,3,2,2,0,1,1,1,0,3,80,1,1,0,0,1,0,58.0,,voiture,,3,1,1,1,7
202000042950,2020-02-06 19:30:00,2020,2,6,19,30,69,69199,LOUIS AULAGNE                       (QU),45.7031,4.8455,Nuit avec éclairage allumé,En agglomération,Hors intersection,Normale,Deux véhicules - arrière,4,2,2,0,1,1,1,0,1,50,2,2,1,0,0,1,49.0,60.0,deux_roues,utilitaire_camion,5,2,1,1,2
202000042951,2020-01-06 06:55:00,2020,1,6,6,55,15,15202,D922,45.130637,2.413572,Nuit sans éclairage public,Hors agglomération,Intersection en X,Normale,Deux véhicules - côté,3,2,2,0,1,1,1,0,1,80,2,2,1,0,1,0,61.0,53.0,voiture,voiture,3,1,2,1,3
202000042952,2020-02-06 09:50:00,2020,2,6,9,50,972,97209,MORNE SUREY (RUE),14.64356,-61.05337,Plein jour,En agglomération,Hors intersection,Normale,Sans collision,2,2,2,0,2,2,1,0,1,50,1,1,0,0,0,1,28.0,,transport_commun,,1,2,1,1,7
202000042953,2020-01-06 08:00:00,2020,1,6,8,0,26,26357,Chemin de Bomparet,44.278281,4.90176,Plein jour,Hors agglomération,Intersection en X,Normale,Deux véhicules - côté,3,2,2,0,1,1,1,0,1,80,2,2,0,0,1,1,70.0,35.0,voiture,voiture,1,1,2,1,3
202000042954,2020-02-06 15:15:00,2020,2,6,15,15,69,69389,PROFESSEUR GUERIN (DU)              (R ),45.7656,4.8038,Plein jour,En agglomération,Hors intersection,Normale,Sans collision,4,2,2,0,2,3,1,0,1,50,1,1,0,0,0,1,78.0,,voiture,,1,2,1,1,7
202000042955,2020-01-06 17:45:00,2020,1,6,17,45,58,58095,105 Avenue de Verdun,46.828558,3.47776,Nuit avec éclairage allumé,En agglomération,Hors intersection,Normale,Autre collision,3,2,2,0,1,1,1,0,1,50,1,2,1,1,0,0,84.0,,voiture,,5,2,1,1,6
202000042956,2020-01-06 07:35:00,2020,1,6,7,35,14,14138,RD15,49.2311312,-1.001559,Nuit sans éclairage public,Hors agglomération,Hors intersection,Normale,Deux véhicules - frontale,3,2,2,0,1,1,1,0,1,70,2,1,0,0,1,0,46.0,,deux_roues,,3,1,1,1,1
202000042957,2020-02-06 07:25:00,2020,2,6,7,25,69,69202,COMMANDANT CHARCOT (DU)             (R ),45.7511126,4.8009119,Nuit avec éclairage allumé,En agglomération,Intersection en T,Normale,Deux véhicules - côté,4,2,2,0,1,1,1,0,1,50,2,2,1,0,0,1,40.0,52.0,deux_roues,voiture,5,2,3,1,3
202000042958,2020-01-06 12:05:00,2020,1,6,12,5,60,60513,40 Rue du Havre,49.204261,2.377229,Plein jour,En agglomération,Hors intersection,Temps éblouissant,Deux véhicules - côté,3,2,2,0,1,1,1,0,1,50,2,2,1,0,1,0,29.0,25.0,deux_roues,voiture,1,2,1,7,3
202000042959,2020-02-05 20:50:00,2020,2,5,20,50,69,69382,VERDUN RECAMIER                     (VO),45.7491701,4.8295319,Nuit avec éclairage allumé,En agglomération,Hors intersection,Normale,Sans collision,4,2,1,3,1,1,1,0,6,50,1,1,0,0,1,0,26.0,,deux_roues,,5,2,1,1,7
202000042960,2020-01-03 12:30:00,2020,1,3,12,30,64,64509,Sauguis-Saint-Étienne,43.157337,-0.871334,Plein jour,Hors agglomération,Hors intersection,Normale,Autre collision,4,2,2,0,2,2,1,0,3,50,1,1,0,0,1,0,73.0,,voiture,,1,1,1,1,6
202000042961,2020-01-06 10:35:00,2020,1,6,10,35,16,16065,Lieu-dit Beaulieu,46.074511,0.792409,Plein jour,Hors agglomération,Hors intersection,Normale,Autre collision,3,2,1,0,1,4,1,0,3,80,1,1,0,0,1,0,70.0,,utilitaire_camion,,1,1,1,1,6
202000042962,2020-01-06 08:00:00,2020,1,6,8,0,07,07255,avenue Louis Blanchon,44.7513403,4.6892023,Crépuscule ou aube,En agglomération,Hors intersection,Normale,Autre collision,3,2,2,0,2,2,1,0,1,50,1,2,1,0,0,1,47.0,,voiture,,2,2,1,1,6
202000042963,2020-02-02 19:30:00,2020,2,2,19,30,971,97101,BESSON,16.23883,-61.51438,Nuit avec éclairage allumé,Hors agglomération,Hors intersection,Normale,,3,-1,0,0,2,1,1,0,1,70,2,4,1,0,0,3,41.0,45.0,voiture,voiture,5,1,1,1,-1
202000042964,2020-01-06 18:00:00,2020,1,6,18,0,85,85081,Les Gats,46.77068,-1.35173,Nuit sans éclairage public,Hors agglomération,Hors intersection,Normale,Trois véhicules et plus - collisions multiples,3,2,2,0,1,1,2,0,1,80,3,3,1,0,1,1,66.0,81.0,voiture,voiture,3,1,1,1,5
202000042965,2020-01-04 11:40:00,2020,1,4,11,40,13,13065,"RD 24, ROUTE D'EYGALIÈRE",43.730343,4.905601,Plein jour,Hors agglomération,Hors intersection,Normale,Autre collision,3,2,2,0,2,2,1,0,3,80,1,1,0,0,1,0,29.0,,deux_roues,,1,1,1,1,6
202000042966,2020-01-05 21:30:00,2020,1,5,21,30,28,28303,A10,48.105431,1.851072,Nuit sans éclairage public,Hors agglomération,Hors intersection,Normale,Autre collision,1,3,2,0,1,1,1,0,3,130,1,4,0,0,2,2,34.0,,voiture,,3,1,1,1,6
202000042967,2020-01-05 16:00:00,2020,1,5,16,0,2B,2B182,Reginu,42.60575,9.004069,Plein jour,Hors agglomération,Hors intersection,Normale,Deux véhicules - frontale,3,2,2,0,1,1,1,0,1,80,2,3,1,0,1,1,29.0,20.0,voiture,voiture,1,1,1,1,1
202000042968,2020-01-05 20:00:00,2020,1,5,20,0,2B,2B185,D82,42.664656,9.310567,Nuit sans éclairage public,Hors agglomération,Hors intersection,Normale,Autre collision,3,2,2,0,1,1,1,0,3,70,1,2,1,0,0,1,26.0,,voiture,,3,1,1,1,6
202000042969,2020-01-06 11:50:00,2020,1,6,11,50,30,30258,D42,43.722229,4.416515,Plein jour,Hors agglomération,Hors intersection,Normale,Deux véhicules - côté,3,2,2,0,1,1,1,0,1,80,2,3,1,0,1,1,46.0,57.0,voiture,voiture,1,1,1,1,3
202000042970,2020-02-05 18:03:00,2020,2,5,18,3,971,97101,BOULEVARD DES HEROS,16.24816,-61.52781,Plein jour,En agglomération,Autre intersection,Normale,Deux véhicules - côté,3,3,2,0,1,1,1,0,1,50,2,2,0,0,0,2,45.0,71.0,deux_roues,voiture,1,2,9,1,3
202000042971,2020-02-05 13:35:00,2020,2,5,13,35,971,97113,RN4 - SECTION RIVIERA,16.21755,-61.49498,Plein jour,Hors agglomération,Hors intersection,Normale,Trois véhicules et plus - collisions multiples,2,2,3,0,1,1,1,0,1,80,3,3,2,0,0,1,41.0,67.0,voiture,voiture,1,1,1,1,5
202000042972,2020-02-04 16:38:00,2020,2,4,16,38,971,97113,SECTION MOREAU,16.2493105,-61.451211,Plein jour,Hors agglomération,Hors intersection,Normale,Trois véhicules et plus - collisions multiples,4,2,2,0,1,1,1,0,1,50,3,3,2,0,0,1,25.0,25.0,voiture,voiture,1,1,1,1,5
202000042973,2020-02-06 20:35:00,2020,2,6,20,35,2A,2A004,CHIAPPE JEAN  RUE,41.9344165,8.7425648,Nuit avec éclairage allumé,En agglomération,Hors intersection,Normale,Deux véhicules - côté,4,-1,2,0,1,1,1,0,1,30,2,2,0,0,0,2,18.0,59.0,deux_roues,voiture,5,2,1,1,3
202000042974,2020-02-05 18:20:00,2020,2,5,18,20,95,95277,PERI GABRIEL (AVENUE),48.99315,2.42633,Plein jour,En agglomération,Hors intersection,Normale,Trois véhicules et plus - en chaîne,3,2,2,0,1,1,1,0,1,50,3,3,2,0,0,1,24.0,43.0,voiture,voiture,1,2,1,1,4