accident_id,datetime,annee,mois,jour,heure,minute,departement,commune_insee,adresse,latitude,longitude,luminosite,agglomeration,intersection,meteo,collision,catr,circ,nbv,vosp,prof,plan,surf,infra,situ,vma,nb_vehicules,nb_usagers,nb_indemnes,nb_tues,nb_blesses_hosp,nb_blesses_legers,age_cond_1,age_cond_2,veh_type_cond_1,veh_type_cond_2,lum_code,agg_code,int_code,atm_code,col_code
202000043067,2020-02-05 15:00:00,2020,2,5,15,0,94,94019,PONT (R DU),48.7902,2.5225,Plein jour,En agglomération,Intersection en X,Normale,Deux véhicules - côté,3,2,2,0,4,1,1,2,1,50,2,2,1,0,0,1,33.0,34.0,utilitaire_camion,utilitaire_camion,1,2,2,1,3
202000043068,2020-02-04 18:42:00,2020,2,4,18,42,94,94053,HAUTE BORNE (SEN DE LA),48.772522,2.5442195,Nuit sans éclairage public,En agglomération,Autre intersection,Pluie légère,Autre collision,4,-1,1,0,1,1,2,0,1,10,1,2,1,0,0,1,26.0,,deux_roues,,3,2,9,2,6
202000043069,2020-02-06 12:30:00,2020,2,6,12,30,94,94017,PLESSIS A CHENNEVIERES (RTE DU),48.80497,2.55388,Plein jour,En agglomération,Hors intersection,Normale,Autre collision,7,-1,2,0,1,2,1,0,1,50,1,1,0,0,1,0,,,,,1,2,1,1,6
202000043070,2020-02-06 18:20:00,2020,2,6,18,20,94,94071,GENERAL LECLERC (R DU),48.77728,2.5115,Nuit avec éclairage allumé,En agglomération,Hors intersection,Normale,Autre collision,3,2,2,0,1,1,1,0,1,50,1,2,1,0,0,1,30.0,,deux_roues,,5,2,1,1,6
202000043071,2020-02-04 12:55:00,2020,2,4,12,55,94,94002,JEAN BAPTISTE PREUX (ALL),48.77768,2.42099,Plein jour,En agglomération,Hors intersection,Temps couvert,Deux véhicules - côté,4,2,2,0,1,1,1,0,1,50,2,4,3,0,0,1,33.0,26.0,utilitaire_camion,voiture,1,2,1,8,3
202000043072,2020-02-06 06:40:00,2020,2,6,6,40,93,93033,CHAMPS (AVENUE),48.8594813,2.5810672,Nuit avec éclairage allumé,En agglomération,Hors intersection,Normale,Autre collision,3,2,2,0,1,1,1,5,1,50,1,2,1,0,0,1,26.0,,voiture,,5,2,1,1,6
202000043073,2020-02-06 09:25:00,2020,2,6,9,25,93,93031,AV JEAN JAURES,48.95852,2.32642,Plein jour,En agglomération,Hors intersection,Normale,Autre collision,3,2,2,0,1,1,1,0,1,50,1,2,1,0,0,1,59.0,,utilitaire_camion,,1,2,1,1,6
202000043074,2020-02-06 08:45:00,2020,2,6,8,45,93,93007,PASTEUR (AVENUE),48.94048,2.47016,Plein jour,En agglomération,Hors intersection,Normale,Autre collision,3,2,2,0,1,1,7,0,1,50,1,2,0,0,0,2,45.0,,deux_roues,,1,2,1,1,6
202000043075,2020-02-04 18:26:00,2020,2,4,18,26,92,92072,VILLE D'AVRAY (RUE DE ),48.825854,2.20435,Nuit avec éclairage allumé,En agglomération,Hors intersection,Normale,Autre collision,3,2,2,0,2,1,1,0,1,50,1,2,1,0,0,1,84.0,,voiture,,5,2,1,1,6
202000043076,2020-02-05 12:15:00,2020,2,5,12,15,92,92063,DIX-NEUF JANVIER (RUE DU),48.8610342,2.190541,Plein jour,En agglomération,Intersection en T,Normale,Autre collision,4,2,2,0,1,1,1,0,1,50,1,2,1,0,1,0,57.0,,voiture,,1,2,3,1,6
202000043077,2020-02-06 19:00:00,2020,2,6,19,0,92,92062,CIRCULAIRE (boulevard),48.8874396,2.2443493,Nuit avec éclairage allumé,En agglomération,Autre intersection,Normale,Deux véhicules - arrière,3,1,2,0,2,3,1,9,1,50,2,2,1,0,0,1,38.0,25.0,voiture,deux_roues,5,2,9,1,2
202000043078,2020-02-06 18:20:00,2020,2,6,18,20,92,92062,DE DION BOUTON (QUAI) DU 29 AU 65,48.8845146,2.2500783,Plein jour,En agglomération,Hors intersection,Normale,Deux véhicules - arrière,3,1,3,0,1,1,1,0,1,50,2,2,1,0,0,1,36.0,53.0,voiture,deux_roues,1,2,1,1,2
202000043079,2020-02-06 15:24:00,2020,2,6,15,24,92,92050,POINCARE RAYMOND RUE,48.889768,2.186811,Plein jour,En agglomération,Intersection en X,Normale,Deux véhicules - côté,4,1,1,0,1,1,1,0,1,50,2,3,1,0,0,2,61.0,29.0,utilitaire_camion,utilitaire_camion,1,2,2,1,3
202000043080,2020-02-06 06:55:00,2020,2,6,6,55,92,92036,GENERAL DE GAULLE (AVENUE) (PAIRS),48.93379,2.313457,Nuit avec éclairage allumé,En agglomération,Intersection en T,Normale,Autre collision,3,2,2,0,1,1,1,0,1,50,1,2,1,0,0,1,30.0,,voiture,,5,2,3,1,6
202000043081,2020-02-04 21:50:00,2020,2,4,21,50,92,92025,PAUL BERT (RUE),48.930893,2.244448,Nuit avec éclairage allumé,En agglomération,Intersection en X,Normale,Deux véhicules - côté,3,2,0,0,1,1,1,2,1,50,2,2,0,0,0,2,59.0,26.0,voiture,voiture,5,2,2,1,3
202000043082,2020-01-29 19:50:00,2020,1,29,19,50,92,92024,MADAME DE SANZILLON (RUE),48.90357,2.317,Nuit avec éclairage allumé,En agglomération,Hors intersection,Normale,,3,2,2,0,1,1,1,0,1,50,2,2,1,0,0,1,17.0,36.0,deux_roues,voiture,5,2,1,1,-1
202000043083,2020-02-06 13:10:00,2020,2,6,13,10,92,92012,GENERAL LECLERC (AVENUE DU) 1/33 - 2/58,48.83265,2.2406,Plein jour,En agglomération,Hors intersection,Normale,Autre collision,3,-1,4,0,1,1,1,0,1,50,1,2,1,0,0,1,49.0,,voiture,,1,2,1,1,6
202000043084,2020-02-06 18:30:00,2020,2,6,18,30,62,62812,D191,50.632206,2.077838,Nuit avec éclairage allumé,En agglomération,Hors intersection,Normale,Deux véhicules - frontale,3,2,2,0,2,1,2,0,1,70,2,2,1,0,1,0,18.0,72.0,deux_roues,voiture,5,2,1,1,1
202000043085,2020-02-06 14:30:00,2020,2,6,14,30,973,97310,N2,4.4240106,-52.326558,Plein jour,Hors agglomération,Hors intersection,Normale,Sans collision,2,2,2,0,2,2,1,0,1,70,1,12,0,0,3,9,27.0,,utilitaire_camion,,1,1,1,1,7
202000043086,2020-02-04 14:50:00,2020,2,4,14,50,59,59067,Chemin Departemental 916,50.968802,2.426305,Plein jour,En agglomération,Intersection en T,Normale,Deux véhicules - côté,3,2,2,0,1,1,1,0,1,50,2,2,1,0,0,1,28.0,61.0,voiture,voiture,1,2,3,1,3
202000043087,2020-02-03 07:15:00,2020,2,3,7,15,974,97413,5 Impasse Matutina,-21.205698,55.296346,Plein jour,En agglomération,Hors intersection,Normale,Autre collision,3,2,2,0,2,3,1,0,1,50,1,2,1,0,1,0,37.0,,utilitaire_camion,,1,2,1,1,6
202000043088,2020-02-07 16:10:00,2020,2,7,16,10,74,74299,Vieille Route des Pensières,45.887551,6.173195,Plein jour,En agglomération,Intersection en Y,Normale,Deux véhicules - frontale,4,1,1,2,3,1,1,0,1,-1,2,2,1,0,0,1,23.0,48.0,voiture,deux_roues,1,2,4,1,1
202000043089,2020-02-06 19:30:00,2020,2,6,19,30,76,76738,196 Route de la Gare,49.555013,1.279435,Nuit avec éclairage allumé,Hors agglomération,Intersection en X,Normale,Deux véhicules - côté,3,2,2,0,1,1,1,0,1,80,2,3,1,0,0,2,44.0,61.0,voiture,voiture,5,1,2,1,3
202000043090,2020-02-06 10:30:00,2020,2,6,10,30,76,76152,14 Rue de l'Eglise,49.578598,1.228355,Plein jour,En agglomération,Hors intersection,Temps éblouissant,Autre collision,3,2,2,0,2,1,1,0,8,50,1,1,0,0,1,0,71.0,,voiture,,1,2,1,7,6
202000043091,2020-02-06 18:45:00,2020,2,6,18,45,79,79066,Route de Bressuire,46.485617,-0.40459,Nuit avec éclairage allumé,En agglomération,Hors intersection,Normale,Autre collision,3,2,2,0,1,1,1,6,1,50,1,1,0,0,0,1,,,,,5,2,1,1,6
202000043092,2020-02-05 17:30:00,2020,2,5,17,30,82,82125,D813,43.9344,1.2205,Plein jour,Hors agglomération,Hors intersection,Normale,Trois véhicules et plus - collisions multiples,3,2,2,0,1,1,1,0,1,80,4,4,3,0,1,0,55.0,26.0,voiture,voiture,1,1,1,1,5
202000043093,2020-01-29 13:40:00,2020,1,29,13,40,61,61421,La Bouhardiere,48.539341,-0.784981,Plein jour,Hors agglomération,Intersection en X,Normale,Deux véhicules - côté,3,2,2,0,1,1,1,0,1,80,2,2,1,0,1,0,47.0,54.0,voiture,utilitaire_camion,1,1,2,1,3
202000043094,2020-02-07 11:27:00,2020,2,7,11,27,41,41249,D724,47.442827,2.117143,Plein jour,Hors agglomération,Hors intersection,Normale,Deux véhicules - frontale,3,2,2,0,1,1,1,0,1,80,2,4,0,0,3,1,59.0,68.0,voiture,voiture,1,1,1,1,1
202000043095,2020-02-05 18:38:00,2020,2,5,18,38,25,25321,Quartier Malpas,47.056722,6.705464,Nuit sans éclairage public,Hors agglomération,Autre intersection,Neige / grêle,Deux véhicules - côté,3,2,2,0,2,3,7,0,1,80,2,5,2,0,1,2,33.0,55.0,voiture,voiture,3,1,9,4,3
202000043096,2020-02-05 14:00:00,2020,2,5,14,0,29,29119,Lieu-dit Lanvenec,48.4671466,-4.6406052,Plein jour,Hors agglomération,Giratoire,Normale,Deux véhicules - côté,3,2,2,0,1,4,1,0,1,80,2,2,1,0,0,1,56.0,32.0,voiture,deux_roues,1,1,6,1,3
202000043097,2020-02-06 19:40:00,2020,2,6,19,40,29,29174,Rue de Canapé,47.868186,-4.232896,Nuit avec éclairage allumé,En agglomération,Intersection en T,Normale,Deux véhicules - frontale,4,2,2,0,1,1,1,5,1,30,2,2,1,0,1,0,41.0,16.0,voiture,deux_roues,5,2,3,1,1
202000043098,2020-02-06 10:30:00,2020,2,6,10,30,31,31356,Route de Lévignac,43.690605,1.229382,Plein jour,Hors agglomération,Hors intersection,Temps éblouissant,Deux véhicules - frontale,2,2,2,0,1,1,1,0,1,80,2,2,1,0,1,0,62.0,73.0,voiture,voiture,1,1,1,7,1
202000043099,2020-02-06 19:35:00,2020,2,6,19,35,31,31467,Route de Paris,43.68464,1.406132,Nuit avec éclairage non allumé,En agglomération,Hors intersection,Normale,Autre collision,3,3,2,3,1,1,1,9,6,70,1,1,0,0,1,0,30.0,,deux_roues,,4,2,1,1,6
202000043100,2020-02-06 16:20:00,2020,2,6,16,20,02,02627,D966,49.490408,4.041182,Plein jour,Hors agglomération,Hors intersection,Normale,Deux véhicules - frontale,3,2,2,0,1,1,1,0,1,80,2,2,1,0,1,0,28.0,55.0,utilitaire_camion,voiture,1,1,1,1,1
202000043101,2020-02-06 09:00:00,2020,2,6,9,0,54,54275,route de Preny,48.95689,5.902662,Plein jour,Hors agglomération,Intersection en X,Normale,Deux véhicules - côté,4,2,2,0,1,1,1,0,1,80,2,2,1,0,1,0,63.0,24.0,voiture,voiture,1,1,2,1,3
202000043102,2020-02-06 17:45:00,2020,2,6,17,45,64,64371,Rue Jeanne d'Arc,43.228241,-0.886095,Plein jour,En agglomération,Hors intersection,Temps éblouissant,Deux véhicules - arrière,3,2,2,0,1,1,1,0,1,70,2,2,1,0,1,0,57.0,24.0,utilitaire_camion,deux_roues,1,2,1,7,2
202000043103,2020-02-06 17:50:00,2020,2,6,17,50,43,43084,42 Rue du 19 Mars 1962,44.993864,3.867188,Crépuscule ou aube,Hors agglomération,Intersection en T,Normale,Deux véhicules - côté,2,2,2,0,1,1,1,5,1,70,2,2,1,0,1,0,37.0,61.0,deux_roues,voiture,2,1,3,1,3
202000043104,2020-01-24 07:25:00,2020,1,24,7,25,10,10345,D960,48.413458,4.506541,Crépuscule ou aube,Hors agglomération,Autre intersection,Normale,Deux véhicules - côté,3,2,2,0,1,1,1,5,1,80,2,4,2,0,1,1,57.0,56.0,voiture,voiture,2,1,9,1,3
202000043105,2020-02-07 14:00:00,2020,2,7,14,0,07,07117,D104,44.455754,4.21914,Plein jour,En agglomération,Hors intersection,Normale,Deux véhicules - frontale,3,2,2,0,1,2,1,0,1,70,2,1,0,0,1,0,32.0,,deux_roues,,1,2,1,1,1
202000043106,2020-02-05 17:25:00,2020,2,5,17,25,40,40059,471 Route de Cazordite,43.607012,-1.063528,Plein jour,En agglomération,Intersection en X,Normale,Deux véhicules - côté,4,2,2,0,1,1,1,0,1,50,2,3,2,0,1,0,47.0,53.0,voiture,voiture,1,2,2,1,3
202000043107,2020-02-07 11:45:00,2020,2,7,11,45,24,24577,D57,44.850073,1.182103,Plein jour,Hors agglomération,Intersection en T,Normale,Deux véhicules - côté,3,2,2,0,1,1,1,0,1,80,2,4,3,0,1,0,25.0,24.0,voiture,deux_roues,1,1,3,1,3
202000043108,2020-02-07 18:00:00,2020,2,7,18,0,04,04166,RD 953,43.820637,6.08958,Nuit avec éclairage allumé,En agglomération,Hors intersection,Normale,Autre collision,3,2,2,0,1,1,1,0,3,50,1,1,0,0,0,1,88.0,,voiture,,5,2,1,1,6
202000043109,2020-02-06 19:45:00,2020,2,6,19,45,27,27378,D59,48.777658,1.214375,Nuit sans éclairage public,Hors agglomération,Intersection en X,Normale,Deux véhicules - côté,3,2,2,0,1,1,1,0,1,80,2,3,0,0,1,2,22.0,32.0,voiture,voiture,3,1,2,1,3
202000043110,2020-06-26 18:00:00,2020,6,26,18,0,71,71014,Avenue Charles de Gaulle,46.9534109,4.2956786,Plein jour,En agglomération,Intersection en X,Normale,Deux véhicules - frontale,4,-1,3,0,1,1,1,9,1,50,2,2,1,0,0,1,15.0,48.0,deux_roues,voiture,1,2,2,1,1
202000043111,2020-06-28 21:45:00,2020,6,28,21,45,89,89426,D38,47.6873149,3.5955388,Crépuscule ou aube,Hors agglomération,Hors intersection,Temps couvert,Deux véhicules - côté,3,2,2,0,1,1,2,0,1,80,2,5,2,1,2,0,42.0,62.0,voiture,voiture,2,1,1,8,3
202000043112,2020-06-29 19:15:00,2020,6,29,19,15,42,42058,D44,45.540037,4.00044,Plein jour,En agglomération,Intersection en Y,Normale,Sans collision,3,2,2,0,2,2,9,0,1,50,1,1,0,0,0,1,16.0,,deux_roues,,1,2,4,1,7
202000043113,2020-06-29 14:32:00,2020,6,29,14,32,42,42021,Route de Saint Marcellin,45.507129,4.13322,Plein jour,Hors agglomération,Intersection en T,Normale,Deux véhicules - frontale,3,2,2,0,2,2,1,0,1,80,2,2,0,0,1,1,23.0,45.0,deux_roues,voiture,1,1,3,1,1
202000043114,2020-06-27 18:15:00,2020,6,27,18,15,26,26165,Route d' Allex,44.795967,4.872994,Plein jour,Hors agglomération,Intersection en T,Normale,Deux véhicules - côté,3,2,2,0,1,1,1,0,1,80,2,2,1,0,1,0,39.0,49.0,voiture,deux_roues,1,1,3,1,3
202000043115,2020-06-28 13:35:00,2020,6,28,13,35,72,72338,D148,48.108721,0.176425,Plein jour,Hors agglomération,Intersection en X,Normale,,3,2,2,0,1,1,1,0,1,80,2,2,1,0,1,0,20.0,49.0,deux_roues,voiture,1,1,2,1,-1
202000043116,2020-05-30 14:45:00,2020,5,30,14,45,72,72289,antoigne,48.149138,0.154753,Plein jour,Hors agglomération,Hors intersection,Normale,Deux véhicules - côté,3,2,2,0,3,2,1,0,1,80,2,2,1,0,1,0,57.0,37.0,deux_roues,deux_roues,1,1,1,1,3
202000043117,2020-06-29 14:00:00,2020,6,29,14,0,06,06151,M2565,43.882483,7.243713,Plein jour,Hors agglomération,Hors intersection,Temps éblouissant,Autre collision,7,2,2,0,1,1,1,0,1,80,1,1,0,0,1,0,72.0,,voiture,,1,1,1,7,6
202000043118,2020-06-25 15:10:00,2020,6,25,15,10,60,60496,8 Rue des Bois,49.6143229,2.4484739,Plein jour,En agglomération,Intersection en Y,Normale,Sans collision,3,2,2,0,1,1,1,0,1,50,1,1,0,0,0,1,29.0,,deux_roues,,1,2,4,1,7
202000043119,2020-06-28 17:18:00,2020,6,28,17,18,10,10080,D443,48.05869,4.106364,Plein jour,Hors agglomération,Hors intersection,Pluie légère,Deux véhicules - côté,3,2,2,0,2,1,2,0,1,60,2,6,1,3,2,0,25.0,53.0,utilitaire_camion,voiture,1,1,1,2,3
202000043120,2020-06-28 16:45:00,2020,6,28,16,45,07,07228,RD406,45.258289,4.778634,Plein jour,Hors agglomération,Hors intersection,Normale,Deux véhicules - frontale,3,2,2,0,2,2,1,0,1,80,2,2,1,0,0,1,16.0,41.0,deux_roues,voiture,1,1,1,1,1
202000043121,2020-06-28 13:15:00,2020,6,28,13,15,04,04090,RD 908,43.99266,6.646299,Plein jour,Hors agglomération,Hors intersection,Normale,Sans collision,3,2,2,0,1,3,1,0,1,80,1,2,0,0,0,2,54.0,,deux_roues,,1,1,1,1,7
202000043122,2020-06-28 16:15:00,2020,6,28,16,15,27,27361,Route du Calvaire,49.303632,0.346305,Plein jour,Hors agglomération,Intersection en X,Normale,,3,2,2,0,1,1,1,0,3,90,2,4,1,0,2,1,21.0,45.0,voiture,voiture,1,1,2,1,-1
202000043123,2020-06-28 17:15:00,2020,6,28,17,15,28,28172,D28,48.561727,1.681209,Plein jour,Hors agglomération,Hors intersection,Normale,Sans collision,3,2,2,0,4,2,1,0,3,80,1,1,0,0,1,0,34.0,,deux_roues,,1,1,1,1,7
202000043124,2020-06-24 16:19:00,2020,6,24,16,19,48,48034,IMBEQUE,44.443037,3.214941,Plein jour,Hors agglomération,Intersection en Y,Normale,Deux véhicules - frontale,4,2,2,0,2,3,1,0,1,50,2,2,1,0,1,0,37.0,16.0,utilitaire_camion,deux_roues,1,1,4,1,1
202000043125,2020-06-27 11:28:00,2020,6,27,11,28,72,72350,A28,47.882046,0.304527,Plein jour,Hors agglomération,Hors intersection,Normale,Sans collision,1,3,5,0,1,1,1,0,3,130,1,2,1,0,1,0,83.0,,voiture,,1,1,1,1,7
202000043126,2020-06-28 11:15:00,2020,6,28,11,15,24,24189,Bois de l'Etat,44.860983,0.200983,Plein jour,Hors agglomération,Hors intersection,Normale,Autre collision,3,2,2,0,2,2,1,0,1,80,1,2,0,0,1,1,51.0,,deux_roues,,1,1,1,1,6
202000043127,2020-06-29 07:30:00,2020,6,29,7,30,68,68297,A35,47.59697,7.540837,Plein jour,Hors agglomération,Hors intersection,Pluie légère,Deux véhicules - côté,1,3,4,0,1,1,2,0,2,90,2,2,1,0,0,1,62.0,21.0,deux_roues,voiture,1,1,1,2,3
202000043128,2020-06-29 15:35:00,2020,6,29,15,35,62,62286,A26,50.557206,2.441282,Plein jour,Hors agglomération,Hors intersection,Normale,Trois véhicules et plus - en chaîne,1,3,4,0,1,1,1,8,1,130,5,3,2,1,0,0,47.0,22.0,utilitaire_camion,utilitaire_camion,1,1,1,1,4
202000043129,2020-06-29 17:10:00,2020,6,29,17,10,74,74021,A40,46.1555724,6.2852886,Plein jour,Hors agglomération,Hors intersection,Normale,Deux véhicules - arrière,1,2,4,0,1,1,1,0,1,130,2,2,1,0,1,0,47.0,58.0,deux_roues,voiture,1,1,1,1,2
202000043130,2020-06-27 15:00:00,2020,6,27,15,0,987,98722,RT2 Pk 28.600 - District de Tiarei,-17.591429,-149.382126,Plein jour,En agglomération,Hors intersection,Normale,Deux véhicules - frontale,2,2,2,0,1,1,1,0,1,40,2,2,1,0,1,0,58.0,37.0,voiture,deux_roues,1,2,1,1,1
202000043131,2020-06-26 13:23:00,2020,6,26,13,23,971,97116,Rue du Moule,16.328989,-61.452284,Plein jour,En agglomération,Intersection en T,Normale,Deux véhicules - frontale,2,2,2,0,1,1,1,0,1,50,2,2,1,0,1,0,23.0,21.0,deux_roues,voiture,1,2,3,1,1
202000043132,2020-06-28 17:55:00,2020,6,28,17,55,978,97801,rue de sandy ground,18.061251,-63.110147,Crépuscule ou aube,En agglomération,Hors intersection,Normale,Deux véhicules - frontale,9,2,2,0,1,1,1,0,1,50,2,3,1,0,2,0,26.0,48.0,deux_roues,voiture,2,2,1,1,1
202000043133,2020-06-29 08:30:00,2020,6,29,8,30,45,45191,D25 - PR  0 + 400,48.2848345,2.4165881,Plein jour,Hors agglomération,Hors intersection,Normale,Autre collision,3,2,2,0,2,1,1,0,3,70,1,2,1,0,1,0,51.0,,utilitaire_camion,,1,1,1,1,6
202000043134,2020-06-28 20:45:00,2020,6,28,20,45,45,45170,D 921 - P.R. 07+972,48.2634557,2.2113133,Plein jour,Hors agglomération,Hors intersection,Normale,Deux véhicules - frontale,3,2,2,0,1,1,1,0,1,80,2,2,0,1,1,0,48.0,64.0,voiture,voiture,1,1,1,1,1
202000043135,2020-06-28 18:30:00,2020,6,28,18,30,78,78009,N191,48.460307,1.894722,Plein jour,Hors agglomération,Hors intersection,Normale,Deux véhicules - frontale,2,2,2,0,1,1,1,0,1,80,2,5,0,0,4,1,43.0,30.0,voiture,voiture,1,1,1,1,1
202000043136,2020-06-28 01:28:00,2020,6,28,1,28,78,78239,Route de Limay,49.014373,1.717344,Nuit sans éclairage public,Hors agglomération,Hors intersection,Normale,Autre collision,4,2,2,0,1,1,1,0,3,70,1,1,0,0,1,0,20.0,,voiture,,3,1,1,1,6
202000043137,2020-06-25 17:00:00,2020,6,25,17,0,66,66037,D81a,42.66972,3.033149,Plein jour,Hors agglomération,Hors intersection,Normale,Trois véhicules et plus - collisions multiples,3,2,2,0,1,2,1,0,1,70,3,4,0,0,3,1,26.0,25.0,deux_roues,deux_roues,1,1,1,1,5
202000043138,2020-06-27 08:00:00,2020,6,27,8,0,30,30307,L'Habitarelle,44.199051,4.045801,Plein jour,En agglomération,Hors intersection,Normale,Autre collision,2,2,2,0,1,1,1,0,1,-1,1,2,1,0,1,0,80.0,,voiture,,1,2,1,1,6
202000043139,2020-06-28 19:55:00,2020,6,28,19,55,84,84026,D973,43.720187,5.39212,Plein jour,Hors agglomération,Intersection en T,Normale,Deux véhicules - côté,3,2,2,0,1,1,1,5,1,80,2,3,2,0,0,1,55.0,40.0,voiture,voiture,1,1,3,1,3
202000043140,2020-06-28 18:00:00,2020,6,28,18,0,83,83016,Dn8,43.19994,5.807709,Plein jour,Hors agglomération,Hors intersection,Normale,Deux véhicules - frontale,3,2,2,0,2,3,1,0,1,-1,2,5,1,0,0,4,72.0,40.0,voiture,voiture,1,1,1,1,1
202000043141,2020-06-29 09:15:00,2020,6,29,9,15,83,83042,N 98,43.237012,6.526394,Plein jour,Hors agglomération,Hors intersection,Normale,,3,2,2,0,1,1,1,0,1,70,3,3,1,0,1,1,45.0,26.0,utilitaire_camion,deux_roues,1,1,1,1,-1
202000043142,2020-06-28 18:30:00,2020,6,28,18,30,13,13100,Route d'Avignon,43.803492,4.832965,Plein jour,Hors agglomération,Hors intersection,Normale,Sans collision,3,2,2,0,1,1,1,0,3,80,1,5,3,0,0,2,26.0,,voiture,,1,1,1,1,7
202000043143,2020-06-26 16:49:00,2020,6,26,16,49,26,26362,Autoroute du Soleil,44.906104,4.876213,Plein jour,Hors agglomération,Hors intersection,Normale,Deux véhicules - arrière,1,3,3,0,1,1,1,9,1,90,2,2,1,0,0,1,21.0,27.0,deux_roues,voiture,1,1,1,1,2
202000043144,2020-06-27 19:00:00,2020,6,27,19,0,57,57762,Rue Mozart,49.120575,6.58389,Plein jour,En agglomération,Hors intersection,Normale,Autre collision,3,2,2,0,1,1,1,0,4,50,1,1,0,0,1,0,79.0,,voiture,,1,2,1,1,6
202000043145,2020-06-26 12:30:00,2020,6,26,12,30,42,42168,Route de Maclas,45.401923,4.685889,Plein jour,En agglomération,Hors intersection,Normale,Deux véhicules - côté,3,2,2,0,1,1,1,0,1,50,2,2,1,0,1,0,16.0,53.0,deux_roues,utilitaire_camion,1,2,1,1,3
202000043146,2020-06-29 08:30:00,2020,6,29,8,30,38,38110,Grande rue,45.585681,4.876842,Plein jour,En agglomération,Intersection en T,Normale,Deux véhicules - côté,3,2,2,0,1,1,1,0,1,30,2,2,1,0,0,1,24.0,54.0,voiture,deux_roues,1,2,3,1,3
202000043147,2020-06-29 15:45:00,2020,6,29,15,45,38,38135,Route de Sablonnieres,45.69997,5.38669,Plein jour,Hors agglomération,Hors intersection,Normale,Autre collision,3,2,2,0,1,1,1,0,3,80,1,1,0,1,0,0,52.0,,voiture,,1,1,1,1,6
202000043148,2020-06-26 16:10:00,2020,6,26,16,10,65,65411,RD 12,42.885418,-0.01639,Plein jour,Hors agglomération,Intersection en T,Normale,Deux véhicules - frontale,3,2,2,0,1,1,1,0,1,80,2,2,1,0,1,0,34.0,34.0,voiture,deux_roues,1,1,3,1,1
202000043149,2020-06-27 16:00:00,2020,6,27,16,0,40,40182,Pitschon,44.067058,-1.154745,Plein jour,En agglomération,Hors intersection,Temps éblouissant,Autre collision,9,2,2,0,1,2,1,0,3,50,1,1,0,0,1,0,49.0,,deux_roues,,1,2,1,7,6
202000043150,2020-06-29 08:40:00,2020,6,29,8,40,33,33080,Avenue de Saint-médard-d'Eyrans,44.75336,-0.53044,Plein jour,En agglomération,Intersection en Y,Normale,Deux véhicules - côté,3,1,2,0,1,3,1,0,1,50,2,2,0,0,0,2,50.0,21.0,deux_roues,voiture,1,2,4,1,3
202000043151,2020-06-28 15:30:00,2020,6,28,15,30,35,35228,Rue du Pre de la Roche,48.582921,-2.052475,Plein jour,En agglomération,Hors intersection,Normale,Sans collision,4,2,2,0,1,1,1,0,1,50,1,2,1,0,0,1,13.0,,deux_roues,,1,2,1,1,7
202000043152,2020-06-29 15:30:00,2020,6,29,15,30,76,76551,Route d'Etainhus,49.562289,0.303181,Plein jour,Hors agglomération,Intersection en Y,Vent fort / tempête,Sans collision,3,2,2,0,4,2,1,0,1,80,1,1,0,0,1,0,23.0,,deux_roues,,1,1,4,6,7
202000043153,2020-06-26 16:50:00,2020,6,26,16,50,76,76647,Route de la Cerlangue,49.523586,0.367323,Plein jour,En agglomération,Hors intersection,Normale,Sans collision,3,2,2,0,2,1,1,0,1,50,1,1,0,1,0,0,65.0,,deux_roues,,1,2,1,1,7
202000043154,2020-06-29 12:35:00,2020,6,29,12,35,60,60282,Rue Hurst Mahieu,49.184598,2.411098,Plein jour,En agglomération,Hors intersection,Normale,Autre collision,3,2,2,0,1,1,1,0,1,50,1,1,0,0,0,1,67.0,,voiture,,1,2,1,1,6
202000043155,2020-06-24 15:50:00,2020,6,24,15,50,59,59228,Route Départementale 65,50.3354598,3.0949527,Plein jour,Hors agglomération,Hors intersection,Temps éblouissant,Trois véhicules et plus - collisions multiples,3,2,2,0,1,1,1,0,1,80,5,5,2,0,1,2,39.0,69.0,voiture,voiture,1,1,1,7,5
202000043156,2020-06-27 03:00:00,2020,6,27,3,0,13,13207,Tunnel Prado Carénage,43.2909,5.36556,Nuit avec éclairage allumé,Hors agglomération,Hors intersection,Normale,Deux véhicules - arrière,7,1,2,0,1,1,1,1,1,60,2,2,1,0,0,1,23.0,40.0,voiture,voiture,5,1,1,1,2
202000043157,2020-06-27 23:05:00,2020,6,27,23,5,13,13071,A7-Sens Marseille vers Lyon,43.40364,5.3099,Nuit sans éclairage public,Hors agglomération,Hors intersection,Normale,Deux véhicules - arrière,1,1,3,0,1,1,1,0,1,110,2,3,1,0,0,2,41.0,28.0,voiture,voiture,3,1,1,1,2
202000043158,2020-06-27 12:25:00,2020,6,27,12,25,13,13214,A7-Sens Marseille vers Lyon,43.331116,5.377818,Plein jour,Hors agglomération,Hors intersection,Normale,Trois véhicules et plus - en chaîne,1,3,3,0,1,1,1,0,1,90,3,3,2,0,0,1,75.0,45.0,voiture,utilitaire_camion,1,1,1,1,4
202000043159,2020-06-27 11:45:00,2020,6,27,11,45,13,13215,A7-Sens Marseille vers Lyon,43.368938,5.360967,Plein jour,Hors agglomération,Hors intersection,Normale,Trois véhicules et plus - en chaîne,1,1,3,0,1,1,1,0,1,90,3,5,3,0,0,2,20.0,29.0,voiture,voiture,1,1,1,1,4