accident_id,datetime,annee,mois,jour,heure,minute,departement,commune_insee,adresse,latitude,longitude,luminosite,agglomeration,intersection,meteo,collision,catr,circ,nbv,vosp,prof,plan,surf,infra,situ,vma,nb_vehicules,nb_usagers,nb_indemnes,nb_tues,nb_blesses_hosp,nb_blesses_legers,age_cond_1,age_cond_2,veh_type_cond_1,veh_type_cond_2,lum_code,agg_code,int_code,atm_code,col_code
202000043160,2020-06-28 16:16:00,2020,6,28,16,16,33,33122,AUTOROUTE A 63,44.73309,-0.72234,Plein jour,Hors agglomération,Hors intersection,Normale,Deux véhicules - arrière,1,3,2,0,1,1,1,0,1,110,2,4,3,0,0,1,65.0,43.0,voiture,voiture,1,1,1,1,2
202000043161,2020-06-28 18:45:00,2020,6,28,18,45,91,91161,AUTOROUTE A126,48.7107,2.3003,Plein jour,Hors agglomération,Hors intersection,Normale,Deux véhicules - arrière,1,3,2,0,1,1,1,0,1,90,2,2,1,0,0,1,36.0,24.0,voiture,voiture,1,1,1,1,2
202000043162,2020-06-28 17:00:00,2020,6,28,17,0,91,91471,RN 118,48.70999,2.1876,Plein jour,Hors agglomération,Hors intersection,Normale,Trois véhicules et plus - en chaîne,2,3,5,0,2,1,1,0,1,110,4,4,3,0,0,1,53.0,42.0,voiture,voiture,1,1,1,1,4
202000043163,2020-06-28 13:10:00,2020,6,28,13,10,94,94038,AUTOROUTE A6A,48.7749,2.34622,Plein jour,Hors agglomération,Hors intersection,Normale,Deux véhicules - arrière,1,-1,2,0,1,1,1,0,1,90,2,2,0,0,0,2,56.0,31.0,voiture,voiture,1,1,1,1,2
202000043164,2020-06-28 03:15:00,2020,6,28,3,15,92,92036,A86,48.9337093,2.2742213,Nuit avec éclairage allumé,Hors agglomération,Hors intersection,Normale,Autre collision,1,1,3,0,1,3,1,0,1,70,1,1,0,0,0,1,25.0,,voiture,,5,1,1,1,6
202000043165,2020-06-27 02:08:00,2020,6,27,2,8,92,92064,A13,48.8394617,2.2142842,Nuit avec éclairage allumé,Hors agglomération,Hors intersection,Normale,Deux véhicules - côté,1,1,3,0,1,1,1,1,1,70,2,5,3,0,0,2,26.0,,voiture,,5,1,1,1,3
202000043166,2020-06-28 18:40:00,2020,6,28,18,40,93,93013,AUTOROUTE A1,48.93876,2.41629,Plein jour,Hors agglomération,Hors intersection,Normale,Trois véhicules et plus - en chaîne,1,3,8,0,1,1,1,0,1,90,3,5,4,0,0,1,27.0,35.0,voiture,voiture,1,1,1,1,4
202000043167,2020-06-28 17:20:00,2020,6,28,17,20,93,93029,AUTOROUTE A86,48.92464,2.42588,Plein jour,Hors agglomération,Hors intersection,Normale,Autre collision,1,3,6,0,1,3,1,0,1,90,1,2,1,0,0,1,36.0,,voiture,,1,1,1,1,6
202000043168,2020-06-28 14:05:00,2020,6,28,14,5,92,92036,AUTOROUTE A86,48.93876,2.30924,Plein jour,Hors agglomération,Hors intersection,Normale,Trois véhicules et plus - en chaîne,1,3,3,0,1,1,1,0,1,110,3,3,2,0,0,1,38.0,39.0,voiture,utilitaire_camion,1,1,1,1,4
202000043169,2020-06-27 19:30:00,2020,6,27,19,30,95,95018, A15,48.95653,2.27468,Plein jour,Hors agglomération,Hors intersection,Pluie légère,Autre collision,1,3,5,0,2,2,2,0,1,50,1,3,0,0,0,3,40.0,,voiture,,1,1,1,2,6
202000043170,2020-06-27 09:50:00,2020,6,27,9,50,974,97411,GARROS (ROLAND),-20.8815,55.4557,Plein jour,En agglomération,Hors intersection,Normale,Autre collision,9,-1,1,0,1,1,1,9,8,50,1,2,1,0,0,1,41.0,,voiture,,1,2,1,1,6
202000043171,2020-06-22 01:10:00,2020,6,22,1,10,972,97213,BASSE GONDEAU (CHEMIN RURAL N°3 DE),14.62498,-61.02441,Nuit sans éclairage public,Hors agglomération,Hors intersection,Normale,Autre collision,4,2,2,0,2,1,1,0,1,50,1,2,0,0,0,2,30.0,,autre,,3,1,1,1,6
202000043172,2020-06-27 21:10:00,2020,6,27,21,10,2A,2A004,MAGNOLIAS RUE DES,41.94772,8.75365,Crépuscule ou aube,En agglomération,Hors intersection,Normale,Deux véhicules - frontale,4,1,1,0,2,3,1,0,1,50,2,2,1,0,0,1,18.0,60.0,deux_roues,voiture,2,2,1,1,1
202000043173,2020-06-26 17:53:00,2020,6,26,17,53,95,95539,RD 301,48.99598,2.36113,Plein jour,Hors agglomération,Hors intersection,Normale,Trois véhicules et plus - en chaîne,3,3,4,0,1,1,1,0,1,90,3,4,3,0,1,0,57.0,29.0,voiture,voiture,1,1,1,1,4
202000043174,2020-06-18 10:55:00,2020,6,18,10,55,91,91027,FROIDES BOUILLIES (RUE DES),48.70562,2.36309,Plein jour,En agglomération,Intersection en X,Normale,Autre collision,4,2,1,0,1,1,1,5,1,50,1,2,1,0,0,1,80.0,,voiture,,1,2,2,1,6
202000043175,2020-06-26 20:35:00,2020,6,26,20,35,76,76575,MACE. PERIPHERIQUE JEAN,49.39491,1.06652,Plein jour,En agglomération,Intersection en X,Normale,Deux véhicules - côté,4,2,2,0,1,1,1,0,1,30,2,1,0,0,0,1,36.0,,deux_roues,,1,2,2,1,3
202000043176,2020-06-26 21:10:00,2020,6,26,21,10,74,74133,BOIS DE VERNAZ (CHEMIN DES),46.181376,6.191735,Nuit avec éclairage allumé,En agglomération,Hors intersection,Normale,Autre collision,4,3,2,0,1,4,1,9,1,50,1,4,1,0,0,3,18.0,,autre,,5,2,1,1,6
202000043177,2020-06-20 18:50:00,2020,6,20,18,50,74,74012,ETOILE (PLACE DE L'),46.19395,6.24048,Plein jour,En agglomération,Giratoire,Normale,Deux véhicules - arrière,3,1,1,0,1,1,1,0,1,50,2,3,2,0,0,1,45.0,27.0,utilitaire_camion,utilitaire_camion,1,2,6,1,2
202000043178,2020-06-26 19:40:00,2020,6,26,19,40,69,69266,EMILE ZOLA     (Cours),45.76364,4.91164,Plein jour,En agglomération,Hors intersection,Normale,Autre collision,4,1,2,0,1,1,1,9,1,50,1,2,1,0,0,1,29.0,,voiture,,1,2,1,1,6
202000043179,2020-06-23 18:30:00,2020,6,23,18,30,54,54431,EUROPE (AVENUE DE L'),48.9169,6.06538,Plein jour,En agglomération,Intersection en T,Normale,Deux véhicules - côté,3,2,3,0,2,1,1,5,6,50,2,2,1,0,0,1,24.0,57.0,deux_roues,voiture,1,2,3,1,3
202000043180,2020-06-27 23:30:00,2020,6,27,23,30,38,38185,Boulevard Clemenceau,45.1837,5.7386,Nuit avec éclairage allumé,En agglomération,Hors intersection,Normale,Deux véhicules - côté,4,2,4,1,1,1,1,0,1,50,2,2,1,0,1,0,71.0,35.0,voiture,deux_roues,5,2,1,1,3
202000043181,2020-06-27 09:30:00,2020,6,27,9,30,33,33238,RTE DE LEOGNAN,44.74854,-0.61675,Plein jour,Hors agglomération,Giratoire,Normale,Autre collision,3,2,4,2,1,1,1,0,3,50,1,2,1,0,1,0,19.0,,voiture,,1,1,6,1,6
202000043182,2020-06-27 13:30:00,2020,6,27,13,30,33,33529,FORET (AVE DE LA),44.60404,-1.20254,Plein jour,En agglomération,Hors intersection,Normale,Sans collision,4,2,2,0,2,2,1,0,1,50,1,2,0,0,0,2,21.0,,deux_roues,,1,2,1,1,7
202000043183,2020-06-26 15:40:00,2020,6,26,15,40,26,26198,MEYNOT (Boulevard),44.5554,4.75094,Plein jour,En agglomération,Hors intersection,Normale,Autre collision,3,2,2,0,1,1,1,0,1,50,1,2,1,0,1,0,90.0,,voiture,,1,2,1,1,6
202000043184,2020-06-27 10:20:00,2020,6,27,10,20,25,25056,KENNEDY  BOULEVARD J.F.,47.2345,5.98424,Plein jour,En agglomération,Intersection en T,Normale,Deux véhicules - frontale,4,2,2,0,1,1,1,5,1,50,2,3,0,0,0,3,31.0,51.0,voiture,voiture,1,2,3,1,1
202000043185,2020-06-27 20:50:00,2020,6,27,20,50,14,14118,ORATOIRE (RUE DE L'),49.18078,-0.36053,Plein jour,En agglomération,Intersection en X,Normale,Deux véhicules - côté,4,2,2,0,1,1,1,0,1,50,2,2,0,0,0,2,21.0,31.0,deux_roues,deux_roues,1,2,2,1,3
202000043186,2020-06-27 19:00:00,2020,6,27,19,0,13,13211,CESAR BOY (AVENUE),43.297029,5.483968,Plein jour,En agglomération,Intersection en Y,Normale,Deux véhicules - arrière,3,2,2,0,1,2,1,0,1,30,2,2,1,0,0,1,28.0,52.0,voiture,deux_roues,1,2,4,1,2
202000043187,2020-06-27 15:25:00,2020,6,27,15,25,13,13213,ALBERT EINSTEIN (RUE),43.346,5.4486,Plein jour,En agglomération,Hors intersection,Normale,Autre collision,4,-1,2,0,1,1,1,0,1,50,1,2,1,0,1,0,36.0,,voiture,,1,2,1,1,6
202000043188,2020-06-27 23:05:00,2020,6,27,23,5,13,13004,RTE DE FONTVIEILLE RAPHELE,43.654411,4.716243,Nuit sans éclairage public,Hors agglomération,Hors intersection,Normale,Autre collision,3,2,2,0,1,1,1,0,3,70,1,1,0,0,1,0,20.0,,voiture,,3,1,1,1,6
202000043189,2020-06-27 14:58:00,2020,6,27,14,58,10,10387,GIRARDON (RUE),48.3011,4.0798,Plein jour,En agglomération,Hors intersection,Normale,Deux véhicules - côté,4,1,1,0,1,1,1,0,1,30,2,2,1,0,1,0,37.0,40.0,deux_roues,voiture,1,2,1,1,3
202000043190,2020-06-27 15:30:00,2020,6,27,15,30,75,75119,BOULEVARD PERIPHERIQUE,48.884922,2.398276,Plein jour,En agglomération,Hors intersection,Normale,Deux véhicules - arrière,4,1,4,0,1,1,1,0,1,70,2,1,0,0,0,1,28.0,,deux_roues,,1,2,1,1,2
202000043191,2020-06-24 16:40:00,2020,6,24,16,40,75,75112,BOULEVARD PERIPHERIQUE,48.827744,2.39308,Plein jour,En agglomération,Intersection en Y,Normale,Deux véhicules - côté,4,1,4,0,1,1,1,0,1,70,2,2,1,1,0,0,67.0,51.0,deux_roues,utilitaire_camion,1,2,4,1,3
202000043192,2020-06-27 02:10:00,2020,6,27,2,10,75,75120,RUE D AVRON,48.852477,2.40487,Nuit avec éclairage allumé,En agglomération,Hors intersection,Pluie légère,Deux véhicules - côté,4,2,2,0,1,1,2,0,1,50,2,2,0,0,2,0,19.0,24.0,deux_roues,deux_roues,5,2,1,2,3
202000043193,2020-06-27 16:35:00,2020,6,27,16,35,75,75119,AVENUE JEAN JAURES,48.8833,2.372209,Plein jour,En agglomération,Hors intersection,Normale,Autre collision,4,2,4,1,1,1,1,0,1,50,1,3,2,0,0,1,26.0,,deux_roues,,1,2,1,1,6
202000043194,2020-06-27 00:15:00,2020,6,27,0,15,75,75117,RUE GUY MOQUET,48.892195,2.32358,Nuit avec éclairage allumé,En agglomération,Intersection en Y,Pluie légère,Deux véhicules - côté,4,2,2,0,1,1,2,0,1,30,2,2,1,0,0,1,39.0,31.0,voiture,deux_roues,5,2,4,2,3
202000043195,2020-06-27 12:20:00,2020,6,27,12,20,75,75116,AVENUE DE NEW YORK,48.859258,2.289699,Plein jour,En agglomération,Hors intersection,Normale,Deux véhicules - arrière,4,3,1,0,2,1,1,0,1,50,2,2,1,0,0,1,58.0,32.0,voiture,deux_roues,1,2,1,1,2
202000043196,2020-06-26 21:20:00,2020,6,26,21,20,75,75116,RUE DE LA POMPE,48.859543,2.27523,Plein jour,En agglomération,Intersection en X,Normale,Deux véhicules - côté,4,2,2,0,1,1,1,0,1,50,2,3,2,0,0,1,43.0,37.0,voiture,deux_roues,1,2,2,1,3
202000043197,2020-06-25 20:40:00,2020,6,25,20,40,75,75116,AVENUE KLEBER,48.869605,2.291974,Crépuscule ou aube,En agglomération,Hors intersection,Normale,Deux véhicules - côté,4,2,3,3,1,1,1,0,1,50,2,2,1,0,0,1,40.0,24.0,voiture,deux_roues,2,2,1,1,3
202000043198,2020-06-27 08:35:00,2020,6,27,8,35,75,75114,PLACE DU VINGT CINQ AOUT 1944,48.823048,2.325491,Plein jour,En agglomération,Place,Normale,Deux véhicules - côté,4,1,3,0,1,1,1,-1,5,50,2,3,1,0,0,2,32.0,61.0,utilitaire_camion,deux_roues,1,2,7,1,3
202000043199,2020-06-27 09:00:00,2020,6,27,9,0,75,75110,PLACE DE LA REPUBLIQUE,48.8681323,2.3637276,Plein jour,En agglomération,Hors intersection,Normale,Deux véhicules - côté,4,2,2,3,1,1,1,-1,6,30,2,2,1,0,0,1,32.0,28.0,deux_roues,transport_commun,1,2,1,1,3
202000043200,2020-06-26 21:15:00,2020,6,26,21,15,75,75107,BOULEVARD DES INVALIDES,48.848265,2.315707,Crépuscule ou aube,En agglomération,Intersection en T,Normale,Deux véhicules - côté,4,2,4,0,1,1,1,0,1,50,2,2,1,0,0,1,27.0,28.0,deux_roues,deux_roues,2,2,3,1,3
202000043201,2020-06-27 19:45:00,2020,6,27,19,45,75,75104,VOIE GEORGES POMPIDOU,48.851033,2.361127,Plein jour,En agglomération,Intersection en Y,Pluie légère,Sans collision,4,2,1,1,1,2,2,6,1,30,1,1,0,0,0,1,60.0,,deux_roues,,1,2,4,2,7
202000043202,2020-06-27 08:55:00,2020,6,27,8,55,94,94081,YOURI GAGARINE (AV),48.786027,2.3916119,Plein jour,En agglomération,Intersection en X,Normale,Deux véhicules - côté,3,2,2,0,1,1,1,8,1,50,2,2,1,0,0,1,49.0,79.0,voiture,voiture,1,2,2,1,3
202000043203,2020-06-27 16:05:00,2020,6,27,16,5,94,94076,PARIS (AV DE),48.8033165,2.3644088,Plein jour,En agglomération,Hors intersection,Pluie légère,Deux véhicules - côté,3,2,2,0,1,1,2,0,1,50,2,2,1,0,0,1,27.0,25.0,voiture,deux_roues,1,2,1,2,3
202000043204,2020-06-27 07:30:00,2020,6,27,7,30,94,94041,DANIELLE CASANOVA (AV),48.81359,2.38523,Plein jour,En agglomération,Hors intersection,Normale,Sans collision,3,2,2,1,1,1,1,0,1,50,1,2,0,0,0,2,21.0,,deux_roues,,1,2,1,1,7
202000043205,2020-06-27 19:30:00,2020,6,27,19,30,94,94022,LUGO (AV DE),48.771151,2.409108,Plein jour,En agglomération,Hors intersection,Normale,Deux véhicules - frontale,3,3,2,0,1,3,2,0,1,50,2,2,1,0,0,1,52.0,29.0,deux_roues,voiture,1,2,1,1,1
202000043206,2020-06-27 18:45:00,2020,6,27,18,45,94,94028,Av du Mal de Lattre de Tassigny,48.79775,2.45601,Plein jour,En agglomération,Hors intersection,Pluie légère,Deux véhicules - côté,3,2,4,1,1,1,2,9,5,50,2,2,1,1,0,0,52.0,58.0,voiture,deux_roues,1,2,1,2,3
202000043207,2020-06-27 02:37:00,2020,6,27,2,37,93,93072,MAXIME GORKI (BOULEVARD) DES N°89 A ...,48.9454,2.3868,Nuit avec éclairage allumé,En agglomération,Autre intersection,Pluie légère,Deux véhicules - côté,3,2,4,0,1,1,2,5,1,50,2,2,1,0,0,1,20.0,,voiture,,5,2,9,2,3
202000043208,2020-06-27 18:46:00,2020,6,27,18,46,93,93066,86 R CROISAT AMBROISE,48.9306048,2.3501612,Plein jour,En agglomération,Hors intersection,Normale,Deux véhicules - arrière,3,2,2,0,1,1,1,0,1,50,2,3,1,1,1,0,54.0,47.0,deux_roues,voiture,1,2,1,1,2
202000043209,2020-06-27 16:15:00,2020,6,27,16,15,93,93064,ALSACE-LORRAINE (BOULEVARD),48.8847494,2.4827778,Plein jour,En agglomération,Hors intersection,Normale,Trois véhicules et plus - collisions multiples,3,2,4,0,1,1,1,0,1,50,3,4,3,0,0,1,75.0,21.0,voiture,voiture,1,2,1,1,5
202000043210,2020-06-27 18:30:00,2020,6,27,18,30,93,93048,PASTEUR S3 (AVENUE),48.8701509,2.4319219,Plein jour,En agglomération,Hors intersection,Pluie légère,Deux véhicules - côté,3,1,2,0,2,1,1,0,1,50,2,3,2,0,0,1,52.0,,voiture,,1,2,1,2,3
202000043211,2020-06-27 17:50:00,2020,6,27,17,50,93,93031,JOFFRE (AVENUE),48.9567138,2.3042219,Plein jour,En agglomération,Intersection en T,Normale,Deux véhicules - côté,3,3,4,0,1,1,1,0,1,50,2,3,1,0,0,2,40.0,28.0,voiture,voiture,1,2,3,1,3
202000043212,2020-06-27 10:15:00,2020,6,27,10,15,93,93029,R HENRI LANGLOIS / R CHARLES GIDE,48.9152,2.446,Plein jour,En agglomération,Intersection en T,Normale,Deux véhicules - côté,4,2,2,0,1,1,2,0,1,50,2,2,1,0,1,0,53.0,66.0,voiture,deux_roues,1,2,3,1,3
202000043213,2020-06-27 16:14:00,2020,6,27,16,14,93,93013,LECLERC (AVENU DE LA DIVISION),48.93316,2.42391,Plein jour,En agglomération,Intersection en X,Normale,Autre collision,3,3,5,0,1,1,1,0,1,50,1,2,1,0,1,0,26.0,,deux_roues,,1,2,2,1,6
202000043214,2020-06-26 14:45:00,2020,6,26,14,45,92,92072,GRANDE RUE,48.8264,2.21933,Plein jour,En agglomération,Intersection en X,Normale,Deux véhicules - côté,3,4,5,0,1,1,1,5,1,50,2,2,1,0,0,1,25.0,51.0,deux_roues,voiture,1,2,2,1,3
202000043215,2020-06-27 04:05:00,2020,6,27,4,5,92,92051,GENERAL KOENIG (BOULEVARD DU),48.8840648,2.254597,Nuit avec éclairage allumé,En agglomération,Hors intersection,Normale,Autre collision,3,-1,4,0,1,1,1,0,1,50,1,2,1,0,1,0,41.0,,voiture,,5,2,1,1,6
202000043216,2020-06-27 16:45:00,2020,6,27,16,45,92,92050,CLEMENCEAU GEORGES AVENUE N°IMPAIR,48.88648,2.2093,Plein jour,En agglomération,Intersection à plus de 4 branches,Temps couvert,Deux véhicules - côté,3,3,4,0,2,1,1,0,1,50,2,1,0,0,0,1,17.0,,deux_roues,,1,2,5,8,3
202000043217,2020-06-27 12:45:00,2020,6,27,12,45,92,92050,JOLIOT CURIE F. ET IRENE AVENUE  N°PAIRS,48.8882314,2.2022022,Plein jour,En agglomération,Hors intersection,Normale,Sans collision,3,3,3,0,1,1,1,0,1,50,1,1,0,0,0,1,39.0,,deux_roues,,1,2,1,1,7
202000043218,2020-06-27 19:40:00,2020,6,27,19,40,92,92020,DIVISION LECLERC AVENUE DE LA,48.79526,2.27433,Plein jour,En agglomération,Intersection en X,Temps couvert,Sans collision,3,2,2,0,1,1,2,0,1,50,1,1,0,0,0,1,21.0,,deux_roues,,1,2,2,8,7
202000043219,2020-06-27 16:30:00,2020,6,27,16,30,92,92048,REPUBLIQUE (RUE DE LA) N° 1 A 45,48.809101,2.236159,Plein jour,En agglomération,Hors intersection,Temps couvert,Autre collision,3,2,2,0,1,1,1,0,1,50,1,3,2,0,0,1,27.0,,voiture,,1,2,1,8,6
202000043220,2020-06-27 22:10:00,2020,6,27,22,10,92,92044,Rue Victor Hugo,48.8971856,2.2953379,Nuit avec éclairage allumé,En agglomération,Hors intersection,Normale,Deux véhicules - côté,4,1,2,3,1,1,1,0,1,50,2,1,0,0,0,1,37.0,,deux_roues,,5,2,1,1,3
202000043221,2020-06-27 15:00:00,2020,6,27,15,0,92,92062,BOULEVARD CIRCULAIRE,48.8885766,2.2348836,Plein jour,En agglomération,Hors intersection,Pluie légère,Deux véhicules - côté,3,1,2,0,1,2,1,8,1,50,2,4,3,0,0,1,16.0,24.0,deux_roues,voiture,1,2,1,2,3
202000043222,2020-06-27 05:10:00,2020,6,27,5,10,92,92012,GENERAL LECLERC (AVENUE DU) 35/FIN - 60/,48.83092,2.23459,Crépuscule ou aube,En agglomération,Intersection en X,Normale,Deux véhicules - côté,3,1,3,0,1,1,1,0,1,50,2,4,3,0,0,1,39.0,43.0,utilitaire_camion,utilitaire_camion,2,2,2,1,3
202000043223,2020-06-28 10:50:00,2020,6,28,10,50,35,35120,Champ Pécor,48.220112,-1.809976,Plein jour,Hors agglomération,Hors intersection,Normale,Trois véhicules et plus - en chaîne,3,2,2,0,1,1,1,0,1,80,3,3,1,0,1,1,32.0,64.0,voiture,deux_roues,1,1,1,1,4
202000043224,2020-06-26 17:25:00,2020,6,26,17,25,54,54374,Départementale 674,48.769626,6.44361,Plein jour,Hors agglomération,Hors intersection,Normale,Sans collision,3,2,2,0,2,1,1,0,1,-1,1,1,0,0,1,0,61.0,,voiture,,1,1,1,1,7
202000043225,2020-06-27 05:30:00,2020,6,27,5,30,38,38199,Route de Saint-sorlin,45.482386,4.917347,Crépuscule ou aube,Hors agglomération,Hors intersection,Normale,Sans collision,3,2,2,0,1,4,1,0,1,80,1,2,0,0,1,1,22.0,,voiture,,2,1,1,1,7
202000043226,2020-06-27 17:35:00,2020,6,27,17,35,68,68112,6 Rue Joseph Schmitt,47.909297,7.212295,Plein jour,En agglomération,Hors intersection,Normale,Autre collision,4,2,2,0,1,1,1,0,1,50,1,2,1,0,0,1,27.0,,voiture,,1,2,1,1,6
202000043227,2020-06-26 18:25:00,2020,6,26,18,25,49,49092,D762,47.293268,-0.846038,Plein jour,Hors agglomération,Hors intersection,Normale,Sans collision,3,2,2,0,1,1,1,0,3,80,1,1,0,0,1,0,57.0,,voiture,,1,1,1,1,7
202000043228,2020-06-28 09:10:00,2020,6,28,9,10,12,12267,D902,44.074911,2.526566,Plein jour,Hors agglomération,Hors intersection,Normale,Sans collision,3,2,2,0,1,3,1,0,8,80,1,1,0,1,0,0,81.0,,voiture,,1,1,1,1,7
202000043229,2020-06-27 23:20:00,2020,6,27,23,20,54,54314,ZAC les Quemenes,49.510034,5.71468,Nuit avec éclairage allumé,Hors agglomération,Giratoire,Normale,Deux véhicules - arrière,3,2,2,0,1,1,1,5,1,80,2,3,1,0,0,2,29.0,68.0,voiture,voiture,5,1,6,1,2
202000043230,2020-06-27 16:22:00,2020,6,27,16,22,01,01448,D991,46.09448,5.775005,Plein jour,Hors agglomération,Hors intersection,Normale,Deux véhicules - arrière,3,2,2,0,2,1,1,0,1,80,2,2,1,0,1,0,53.0,71.0,deux_roues,deux_roues,1,1,1,1,2
202000043231,2020-06-27 22:20:00,2020,6,27,22,20,23,23219,Saint-Maurice-la-Souterraine,46.215851,1.414393,Nuit sans éclairage public,Hors agglomération,Hors intersection,Normale,Autre collision,4,2,2,0,1,1,1,0,1,80,1,1,0,0,1,0,28.0,,voiture,,3,1,1,1,6
202000043232,2020-06-25 21:04:00,2020,6,25,21,4,83,83043,Route des Maures,43.232572,6.265469,Crépuscule ou aube,Hors agglomération,Hors intersection,Normale,Deux véhicules - arrière,3,2,2,0,1,1,1,0,1,80,2,2,0,0,0,2,67.0,61.0,voiture,utilitaire_camion,2,1,1,1,2
202000043233,2020-06-23 16:25:00,2020,6,23,16,25,21,21485,A38,47.337172,4.955462,Plein jour,Hors agglomération,Hors intersection,Normale,Deux véhicules - frontale,4,2,2,1,2,2,1,0,1,-1,2,3,2,0,0,1,47.0,23.0,deux_roues,deux_roues,1,1,1,1,1
202000043234,2020-06-26 22:15:00,2020,6,26,22,15,57,57250,D83,48.962789,7.36892,Crépuscule ou aube,Hors agglomération,Hors intersection,Normale,Autre collision,3,2,2,0,2,2,1,0,3,80,1,1,0,0,1,0,86.0,,voiture,,2,1,1,1,6
202000043235,2020-06-28 04:30:00,2020,6,28,4,30,19,19152,la bastière D.940,45.0149683,1.809268,Nuit sans éclairage public,Hors agglomération,Hors intersection,Normale,Autre collision,3,2,2,0,1,3,1,0,3,90,1,4,3,0,1,0,21.0,,voiture,,3,1,1,1,6
202000043236,2020-06-27 19:45:00,2020,6,27,19,45,95,95612,Route de Gonesse,48.998219,2.464526,Plein jour,Hors agglomération,Hors intersection,Normale,Autre collision,4,2,1,0,2,1,2,9,3,70,1,2,0,0,1,1,45.0,,voiture,,1,1,1,1,6
202000043237,2020-06-28 09:20:00,2020,6,28,9,20,56,56017,Kohkastel,47.85618,-2.80398,Plein jour,Hors agglomération,Intersection en T,Normale,Deux véhicules - côté,4,2,2,0,1,1,1,0,1,80,2,2,1,0,1,0,53.0,51.0,deux_roues,voiture,1,1,3,1,3
202000043238,2020-06-24 11:45:00,2020,6,24,11,45,56,56034,Kergroix RD768,47.637869,-3.049811,Plein jour,Hors agglomération,Hors intersection,Normale,Deux véhicules - côté,3,2,2,0,1,1,1,0,1,80,2,3,1,0,2,0,24.0,56.0,voiture,deux_roues,1,1,1,1,3
202000043239,2020-06-28 00:45:00,2020,6,28,0,45,76,76183,D68,49.7568328,0.4616931,Nuit sans éclairage public,Hors agglomération,Hors intersection,Temps couvert,Sans collision,3,2,2,0,2,4,2,0,3,80,1,3,1,0,1,1,17.0,,utilitaire_camion,,3,1,1,8,7
202000043240,2020-06-26 23:15:00,2020,6,26,23,15,76,76348,Route du Grand Tôt,49.676772,0.733579,Nuit sans éclairage public,Hors agglomération,Intersection en T,Normale,Deux véhicules - côté,4,2,2,0,1,1,1,0,1,80,2,3,2,0,0,1,41.0,24.0,voiture,voiture,3,1,3,1,3
202000043241,2020-06-28 11:45:00,2020,6,28,11,45,2A,2A330,D29,42.0481085,8.9780156,Plein jour,Hors agglomération,Hors intersection,Normale,Deux véhicules - côté,3,2,2,0,2,2,1,0,1,80,2,7,2,0,0,5,19.0,30.0,voiture,voiture,1,1,1,1,3
202000043242,2020-06-27 17:40:00,2020,6,27,17,40,80,80793,D12,49.985807,2.192245,Plein jour,Hors agglomération,Hors intersection,Normale,Trois véhicules et plus - collisions multiples,3,2,2,0,1,1,1,0,1,80,3,4,3,0,0,1,60.0,36.0,voiture,voiture,1,1,1,1,5
202000043243,2020-06-27 11:45:00,2020,6,27,11,45,71,71137,6 Rue Saint-mayeul,46.437081,4.65676,Plein jour,En agglomération,Hors intersection,Normale,Sans collision,4,-1,2,0,2,1,1,9,1,50,1,1,0,0,1,0,66.0,,deux_roues,,1,2,1,1,7
202000043244,2020-06-27 19:00:00,2020,6,27,19,0,49,49377,Route de Corze (Villevêque),47.557628,-0.412953,Plein jour,Hors agglomération,Intersection en Y,Normale,Autre collision,3,2,2,0,1,2,1,0,3,80,1,2,0,0,2,0,37.0,,deux_roues,,1,1,4,1,6
202000043245,2020-06-27 16:15:00,2020,6,27,16,15,12,12025,Hlm Traversous,43.819919,2.753542,Plein jour,En agglomération,Hors intersection,Normale,Autre collision,4,2,2,0,3,1,1,0,3,50,1,1,0,0,1,0,85.0,,voiture,,1,2,1,1,6
202000043246,2020-06-27 19:30:00,2020,6,27,19,30,39,39452,,47.144223,5.725947,Plein jour,En agglomération,Intersection en Y,Normale,Deux véhicules - frontale,3,2,2,0,2,2,1,5,1,50,2,2,1,0,1,0,18.0,24.0,deux_roues,voiture,1,2,4,1,1
202000043247,2020-06-28 03:30:00,2020,6,28,3,30,25,25560,1 Rue de l'Ecluse,47.271442,6.084755,Nuit sans éclairage public,Hors agglomération,Giratoire,Normale,Sans collision,3,1,5,0,1,2,8,5,1,80,1,1,0,0,1,0,33.0,,deux_roues,,3,1,6,1,7
202000043248,2020-06-27 16:20:00,2020,6,27,16,20,35,35109,Le Parson,48.088153,-1.241647,Plein jour,Hors agglomération,Hors intersection,Normale,Sans collision,4,2,2,0,1,2,9,0,1,70,1,1,0,0,0,1,41.0,,deux_roues,,1,1,1,1,7
202000043249,2020-06-28 04:10:00,2020,6,28,4,10,29,29205,lieu dit Garsanhore,48.30253,-3.561609,Nuit sans éclairage public,Hors agglomération,Hors intersection,Normale,Autre collision,4,2,2,0,1,2,1,0,3,80,1,1,0,0,1,0,22.0,,voiture,,3,1,1,1,6
202000043250,2020-06-27 17:15:00,2020,6,27,17,15,38,38108,Route de Villard de Lans,45.070096,5.439885,Plein jour,Hors agglomération,Hors intersection,Temps éblouissant,Deux véhicules - côté,3,2,2,0,1,3,1,0,1,80,2,2,1,0,1,0,75.0,54.0,voiture,deux_roues,1,1,1,7,3
202000043251,2020-06-28 03:00:00,2020,6,28,3,0,03,03217,,46.3386591,2.6632972,Nuit sans éclairage public,Hors agglomération,Hors intersection,Normale,Sans collision,3,2,2,0,1,1,1,0,1,80,1,1,0,0,0,1,22.0,,voiture,,3,1,1,1,7
202000043252,2020-06-27 17:10:00,2020,6,27,17,10,15,15154,N122,44.9567034,2.5900668,Plein jour,Hors agglomération,Hors intersection,Normale,Deux véhicules - arrière,2,2,2,0,1,1,1,0,1,80,2,2,1,0,1,0,53.0,60.0,voiture,deux_roues,1,1,1,1,2