accident_id,datetime,annee,mois,jour,heure,minute,departement,commune_insee,adresse,latitude,longitude,luminosite,agglomeration,intersection,meteo,collision,catr,circ,nbv,vosp,prof,plan,surf,infra,situ,vma,nb_vehicules,nb_usagers,nb_indemnes,nb_tues,nb_blesses_hosp,nb_blesses_legers,age_cond_1,age_cond_2,veh_type_cond_1,veh_type_cond_2,lum_code,agg_code,int_code,atm_code,col_code
202000043345,2020-05-25 16:45:00,2020,5,25,16,45,69,69249,D311,45.6740503,4.6255774,Plein jour,Hors agglomération,Hors intersection,Normale,Deux véhicules - arrière,3,2,2,0,2,2,1,0,1,80,2,2,1,0,1,0,28.0,25.0,voiture,deux_roues,1,1,1,1,2
202000043346,2020-05-27 02:08:00,2020,5,27,2,8,33,33198,3 Grand-rue,45.041728,-0.185287,Nuit avec éclairage allumé,En agglomération,Intersection en Y,Normale,Autre collision,3,2,2,0,4,3,1,0,8,50,1,4,0,0,1,3,20.0,,voiture,,5,2,4,1,6
202000043347,2020-05-25 14:10:00,2020,5,25,14,10,72,72154,19 Avenue d'Obernkirchen,47.70135,-0.054948,Plein jour,En agglomération,Hors intersection,Normale,Deux véhicules - arrière,3,2,2,0,1,1,1,5,1,70,2,6,5,0,1,0,47.0,79.0,voiture,voiture,1,2,1,1,2
202000043348,2020-05-26 16:50:00,2020,5,26,16,50,59,59497,Route départemental 642,50.732907,2.348274,Plein jour,Hors agglomération,Hors intersection,Normale,Deux véhicules - côté,3,2,2,0,1,1,1,0,1,80,2,3,1,0,1,1,53.0,63.0,deux_roues,voiture,1,1,1,1,3
202000043349,2020-05-26 03:05:00,2020,5,26,3,5,13,13215,A7-Sens Marseille vers Lyon,43.34176,5.37723,Nuit avec éclairage allumé,Hors agglomération,Hors intersection,Normale,Sans collision,1,1,2,0,1,1,1,0,1,70,1,1,0,0,1,0,26.0,,voiture,,5,1,1,1,7
202000043350,2020-05-26 14:10:00,2020,5,26,14,10,33,33318,AUTOROUTE A 63,44.78374,-0.63141,Plein jour,Hors agglomération,Hors intersection,Normale,Trois véhicules et plus - en chaîne,1,3,4,0,1,1,1,0,1,110,3,3,2,0,0,1,24.0,83.0,utilitaire_camion,voiture,1,1,1,1,4
202000043351,2020-05-20 16:45:00,2020,5,20,16,45,62,62186,AUTOROUTE A21,50.434944,2.71564,Plein jour,Hors agglomération,Hors intersection,Normale,Deux véhicules - arrière,1,3,4,0,1,1,1,0,1,110,2,3,2,0,1,0,32.0,36.0,voiture,voiture,1,1,1,1,2
202000043352,2020-05-26 08:45:00,2020,5,26,8,45,94,94034,AUTOROUTE A6A,48.75721,2.33538,Plein jour,Hors agglomération,Hors intersection,Normale,Sans collision,1,1,3,0,1,1,1,0,1,90,1,1,0,0,0,1,27.0,,deux_roues,,1,1,1,1,7
202000043353,2020-05-26 19:45:00,2020,5,26,19,45,92,92036,AUTOROUTE A86,48.93889,2.30809,Plein jour,Hors agglomération,Hors intersection,Normale,Trois véhicules et plus - collisions multiples,1,3,4,0,1,1,1,0,1,90,4,4,2,0,0,2,38.0,49.0,voiture,voiture,1,1,1,1,5
202000043354,2020-05-26 14:20:00,2020,5,26,14,20,93,93066,AUTOROUTE A1,48.91757,2.35769,Plein jour,Hors agglomération,Hors intersection,Normale,Trois véhicules et plus - en chaîne,1,3,8,0,1,1,1,0,1,90,3,4,2,0,0,2,32.0,33.0,voiture,voiture,1,1,1,1,4
202000043355,2020-05-25 19:05:00,2020,5,25,19,5,93,93005,AUTOROUTE A3,48.96796,2.4795,Plein jour,Hors agglomération,Hors intersection,Normale,Trois véhicules et plus - collisions multiples,1,3,-1,0,1,1,1,0,1,90,3,4,2,0,0,2,25.0,47.0,voiture,utilitaire_camion,1,1,1,1,5
202000043356,2020-05-26 13:35:00,2020,5,26,13,35,94,94028,A86 EXT,48.7894964,2.4402226,Plein jour,Hors agglomération,Hors intersection,Normale,Sans collision,1,3,3,0,1,1,1,0,1,90,1,1,0,0,0,1,51.0,,voiture,,1,1,1,1,7
202000043357,2020-05-26 07:30:00,2020,5,26,7,30,94,94052,A4,48.826414,2.4658983,Plein jour,Hors agglomération,Hors intersection,Normale,Deux véhicules - arrière,1,1,5,0,1,3,1,0,1,90,2,2,1,0,0,1,25.0,59.0,deux_roues,voiture,1,1,1,1,2
202000043358,2020-03-23 20:30:00,2020,3,23,20,30,986,98613,Lavegahau,-22.238151,166.451722,Nuit avec éclairage allumé,Hors agglomération,Hors intersection,Normale,Deux véhicules - côté,2,2,2,0,1,1,1,0,1,70,2,4,3,0,0,1,20.0,48.0,deux_roues,voiture,5,1,1,1,3
202000043359,2020-05-24 18:55:00,2020,5,24,18,55,974,97411,SAINT-DENIS(TOUS SECTEURS),-20.88629,55.43619,Nuit sans éclairage public,Hors agglomération,Hors intersection,Normale,Trois véhicules et plus - collisions multiples,3,2,2,0,2,2,1,0,1,50,3,4,3,0,0,1,49.0,75.0,voiture,voiture,3,1,1,1,5
202000043360,2020-05-25 10:15:00,2020,5,25,10,15,974,97409,LAGOURGUE(CHEMIN),-20.947599,55.66286,Plein jour,Hors agglomération,Hors intersection,Normale,Deux véhicules - côté,4,2,2,0,1,1,1,0,1,50,2,2,1,0,0,1,64.0,69.0,deux_roues,autre,1,1,1,1,3
202000043361,2020-03-06 21:15:00,2020,3,6,21,15,974,97409,Lefaguyes (chemin),-20.9614338,55.6612364,Nuit sans éclairage public,En agglomération,Hors intersection,Pluie légère,Autre collision,3,2,2,0,1,1,2,0,1,50,1,2,1,0,0,1,23.0,,voiture,,3,2,1,2,6
202000043362,2020-05-25 21:00:00,2020,5,25,21,0,69,69387,UNIVERSITE (DE L')                  (R ),45.75156,4.83787,Crépuscule ou aube,En agglomération,Intersection en X,Normale,,4,1,3,0,1,1,1,0,1,50,2,2,1,0,0,1,56.0,26.0,voiture,voiture,2,2,2,1,-1
202000043363,2020-05-25 05:20:00,2020,5,25,5,20,69,69382,JEAN MOULIN                         (QU),45.76352,4.83818,Crépuscule ou aube,En agglomération,Intersection en X,Normale,Deux véhicules - côté,4,1,0,0,1,1,1,0,1,50,2,4,1,0,0,3,64.0,,voiture,,2,2,2,1,3
202000043364,2020-05-24 18:33:00,2020,5,24,18,33,971,97113,RN4-ROND POINT SAINT FELIX,16.2075626,-61.4566344,Nuit avec éclairage allumé,Hors agglomération,Hors intersection,Normale,Deux véhicules - arrière,2,2,2,0,1,1,1,0,1,70,2,4,1,0,0,3,63.0,38.0,voiture,voiture,5,1,1,1,2
202000043365,2020-05-24 09:18:00,2020,5,24,9,18,971,97107,DUMANOIR ( ALLEE ),16.03604,-61.56751,Plein jour,En agglomération,Autre intersection,Normale,Deux véhicules - côté,2,2,2,0,1,1,1,0,1,50,2,3,1,0,0,2,56.0,81.0,utilitaire_camion,voiture,1,2,9,1,3
202000043366,2020-05-25 17:40:00,2020,5,25,17,40,91,91692,OCEANIE (AVENUE DE L'),48.67774,2.19849,Plein jour,En agglomération,Hors intersection,Normale,Deux véhicules - arrière,3,1,2,0,1,2,1,0,1,50,2,2,1,0,1,0,28.0,35.0,deux_roues,utilitaire_camion,1,2,1,1,2
202000043367,2020-05-25 04:55:00,2020,5,25,4,55,91,91345,CORBEIL (ROUTE DE),48.68344,2.30954,Nuit avec éclairage allumé,En agglomération,Hors intersection,Normale,Autre collision,3,-1,0,0,2,1,1,0,4,50,1,3,2,0,1,0,19.0,,voiture,,5,2,1,1,6
202000043368,2020-05-25 17:10:00,2020,5,25,17,10,91,91657,HENRI BARBUSSE (AVENUE),48.702482,2.427603,Plein jour,En agglomération,Intersection en X,Normale,,4,2,2,0,1,1,1,0,1,50,2,1,0,0,0,1,44.0,,deux_roues,,1,2,2,1,-1
202000043369,2020-05-22 18:59:00,2020,5,22,18,59,87,87085,BEAUBLANC (BOULEVARD DE),45.8441016,1.2406755,Plein jour,En agglomération,Intersection en X,Normale,Deux véhicules - côté,4,3,3,0,1,1,1,5,1,50,2,3,2,0,0,1,23.0,42.0,voiture,voiture,1,2,2,1,3
202000043370,2020-05-23 15:54:00,2020,5,23,15,54,86,86158,Route de Poitiers,46.6259097,0.3069642,Plein jour,En agglomération,Hors intersection,Normale,Deux véhicules - arrière,3,2,2,0,1,1,1,0,1,50,2,1,0,0,0,1,77.0,,deux_roues,,1,2,1,1,2
202000043371,2020-05-15 12:15:00,2020,5,15,12,15,84,84035,ROBION (AVENUE DE),43.83947,5.0539,Plein jour,En agglomération,Hors intersection,Normale,Autre collision,3,2,2,0,1,3,1,9,1,50,1,2,1,0,1,0,19.0,,voiture,,1,2,1,1,6
202000043372,2020-05-24 03:50:00,2020,5,24,3,50,80,80489,HENRI BARBUSSE (RUE),49.87277,2.35182,Nuit avec éclairage allumé,En agglomération,Intersection en T,Normale,Deux véhicules - côté,4,2,2,0,2,1,1,0,1,50,2,3,1,0,0,2,55.0,24.0,voiture,voiture,5,2,3,1,3
202000043373,2020-05-22 14:18:00,2020,5,22,14,18,80,80021,GORLITZ (PLACE DE),49.8713,2.31883,Plein jour,En agglomération,Hors intersection,Pluie légère,Autre collision,4,2,2,0,1,1,2,0,1,50,1,2,1,0,0,1,67.0,,voiture,,1,2,1,2,6
202000043374,2020-05-24 18:00:00,2020,5,24,18,0,77,77350,AUGUSTE HUDIER (RUE),48.763399,2.676056,Plein jour,En agglomération,Hors intersection,Normale,Deux véhicules - côté,4,2,2,1,1,1,1,0,1,30,2,2,1,0,0,1,25.0,17.0,voiture,deux_roues,1,2,1,1,3
202000043375,2020-05-23 11:15:00,2020,5,23,11,15,76,76319,CLEMENCEAU. RUE GEORGES,49.3566,1.00751,Plein jour,En agglomération,Hors intersection,Normale,Autre collision,3,2,2,0,1,1,1,0,1,50,1,2,1,0,0,1,59.0,,voiture,,1,2,1,1,6
202000043376,2020-05-21 14:09:00,2020,5,21,14,9,69,69256,MARCEL CACHIN                       (AV),45.7805606,4.9455588,Plein jour,En agglomération,Giratoire,Normale,Deux véhicules - frontale,3,-1,2,1,1,2,1,0,1,50,2,3,2,0,1,0,25.0,72.0,voiture,deux_roues,1,2,6,1,1
202000043377,2020-05-23 13:05:00,2020,5,23,13,5,67,67482,PALERME (RUE DE),48.57573,7.7637,Plein jour,En agglomération,Intersection en T,Normale,Deux véhicules - côté,4,2,2,1,1,1,1,0,1,50,2,2,1,0,0,1,53.0,22.0,voiture,deux_roues,1,2,3,1,3
202000043378,2020-05-22 15:05:00,2020,5,22,15,5,66,66136,POINCARE (BOULEVARD HENRI),42.69116,2.89819,Plein jour,En agglomération,Hors intersection,Normale,Deux véhicules - arrière,4,2,3,0,1,1,1,0,1,50,2,4,0,0,0,4,53.0,77.0,voiture,voiture,1,2,1,1,2
202000043379,2020-05-21 23:58:00,2020,5,21,23,58,66,66136,ROSERAIE (CHEMIN DE LA),42.69306,2.94385,Nuit sans éclairage public,En agglomération,Hors intersection,Normale,Autre collision,4,2,2,0,1,1,1,0,1,50,1,2,0,0,1,1,26.0,,voiture,,3,2,1,1,6
202000043380,2020-05-20 14:02:00,2020,5,20,14,2,66,66136,BART JEAN,42.71258,2.89362,Plein jour,En agglomération,Intersection en T,Normale,Deux véhicules - côté,4,2,2,0,1,1,1,0,1,50,2,2,1,0,0,1,46.0,19.0,voiture,voiture,1,2,3,1,3
202000043381,2020-05-20 16:24:00,2020,5,20,16,24,66,66136,AGASSE PASCAL MARIE,42.69427,2.8724,Plein jour,En agglomération,Hors intersection,Normale,Autre collision,4,2,3,0,1,1,1,0,1,50,1,2,1,0,0,1,69.0,,voiture,,1,2,1,1,6
202000043382,2020-05-24 21:45:00,2020,5,24,21,45,64,64445,RESISTANCE,43.30542,-0.37608,Crépuscule ou aube,En agglomération,Autre intersection,Normale,Trois véhicules et plus - collisions multiples,4,2,3,3,1,1,1,0,1,50,3,3,2,0,0,1,30.0,21.0,voiture,voiture,2,2,9,1,5
202000043383,2020-05-25 18:42:00,2020,5,25,18,42,64,64102,Giratoire de Lachepaillet,43.48492,-1.49005,Plein jour,En agglomération,Giratoire,Normale,Deux véhicules - côté,4,1,2,0,1,2,1,0,1,50,2,2,1,0,0,1,19.0,49.0,deux_roues,utilitaire_camion,1,2,6,1,3
202000043384,2020-05-25 12:50:00,2020,5,25,12,50,64,64024,BAYONNE (AVENUE DE),43.48114,-1.51168,Plein jour,En agglomération,Hors intersection,Normale,Trois véhicules et plus - en chaîne,3,3,4,0,1,1,1,0,1,50,3,3,2,0,0,1,21.0,41.0,deux_roues,voiture,1,2,1,1,4
202000043385,2020-05-24 17:35:00,2020,5,24,17,35,63,63019,CD 54,45.80127,3.17536,Plein jour,Hors agglomération,Hors intersection,Normale,Sans collision,3,2,2,0,1,1,1,0,1,80,1,1,0,0,1,0,20.0,,deux_roues,,1,1,1,1,7
202000043386,2020-05-22 19:30:00,2020,5,22,19,30,63,63113,CARNOT (AVENUE),45.7763,3.09016,Plein jour,En agglomération,Intersection en X,Normale,Deux véhicules - côté,4,3,2,0,1,1,1,0,1,50,2,2,1,0,1,0,19.0,33.0,deux_roues,voiture,1,2,2,1,3
202000043387,2020-05-08 11:30:00,2020,5,8,11,30,62,62523,JACOB (MICHEL),50.45123,2.85124,Plein jour,En agglomération,Hors intersection,Normale,Autre collision,4,1,1,0,1,1,1,0,8,50,1,2,0,0,1,1,16.0,,deux_roues,,1,2,1,1,6
202000043388,2020-05-23 15:40:00,2020,5,23,15,40,59,59603,EGALITE (RUE DE L'),50.331857,3.483322,Plein jour,En agglomération,Hors intersection,Normale,Autre collision,4,2,2,0,1,1,1,9,1,50,1,1,0,1,0,0,59.0,,deux_roues,,1,2,1,1,6
202000043389,2020-05-25 22:50:00,2020,5,25,22,50,59,59599,GAND (RUE DE),50.73796,3.16225,Nuit avec éclairage allumé,En agglomération,Intersection en X,Normale,Deux véhicules - frontale,7,3,2,0,1,1,1,0,1,50,2,6,1,0,1,4,20.0,21.0,voiture,voiture,5,2,2,1,1
202000043390,2020-05-19 11:10:00,2020,5,19,11,10,59,59178,LEQUIEN (RUE DU DOCTEUR),50.38547,3.08631,Plein jour,En agglomération,Hors intersection,Normale,Deux véhicules - frontale,4,2,2,0,1,3,1,0,1,50,2,2,1,0,1,0,53.0,47.0,voiture,voiture,1,2,1,1,1
202000043391,2020-05-24 16:40:00,2020,5,24,16,40,56,56121,BLUM ( BD LEON ),47.74917,-3.37357,Plein jour,En agglomération,Giratoire,Normale,Deux véhicules - côté,4,2,2,0,1,1,1,5,1,50,2,2,1,0,0,1,21.0,24.0,deux_roues,voiture,1,2,6,1,3
202000043392,2020-05-24 10:50:00,2020,5,24,10,50,56,56121,MONISTROL (RUE),47.73877,-3.38123,Plein jour,En agglomération,Hors intersection,Normale,Autre collision,4,2,2,1,2,2,1,0,5,50,1,1,0,0,0,1,53.0,,deux_roues,,1,2,1,1,6
202000043393,2020-05-23 14:35:00,2020,5,23,14,35,56,56098,ALLENDE ( AV. PRESIDENT SALVADOR ),47.75647,-3.32431,Plein jour,En agglomération,Hors intersection,Normale,Sans collision,3,2,2,0,1,1,1,0,1,50,1,1,0,0,0,1,29.0,,deux_roues,,1,2,1,1,7
202000043394,2020-05-25 19:00:00,2020,5,25,19,0,54,54395,MILLENAIRE (PONT DU),48.6772826,6.205544,Plein jour,En agglomération,Giratoire,Normale,Deux véhicules - arrière,7,2,3,0,1,1,1,0,1,50,2,3,2,0,0,1,53.0,70.0,voiture,voiture,1,2,6,1,2
202000043395,2020-05-25 13:45:00,2020,5,25,13,45,51,51058,Impasse des Alouettes,49.2266534,3.9939513,Plein jour,En agglomération,Intersection en T,Temps éblouissant,Deux véhicules - côté,4,2,2,0,1,1,1,0,1,50,2,2,1,0,0,1,19.0,25.0,deux_roues,voiture,1,2,3,7,3
202000043396,2020-05-19 15:12:00,2020,5,19,15,12,45,45208,Avenue Louis-maurice Chautemps,48.00709,2.746868,Plein jour,En agglomération,Giratoire,Normale,Deux véhicules - côté,4,-1,2,0,1,1,1,0,1,50,2,2,1,0,0,1,20.0,43.0,voiture,voiture,1,2,6,1,3
202000043397,2020-05-25 05:30:00,2020,5,25,5,30,42,42044,Rue des Halles,45.39608,4.32341,Plein jour,En agglomération,Intersection en X,Normale,Deux véhicules - côté,3,1,1,0,1,1,1,0,1,50,2,2,1,0,0,1,50.0,21.0,voiture,deux_roues,1,2,2,1,3
202000043398,2020-05-25 13:00:00,2020,5,25,13,0,35,35238,GAYEULLES (AVENUE DES),48.12796,-1.65202,Plein jour,En agglomération,Hors intersection,Normale,Autre collision,4,2,1,2,1,3,1,0,1,50,1,1,0,0,0,1,73.0,,voiture,,1,2,1,1,6
202000043399,2020-05-22 16:50:00,2020,5,22,16,50,33,33162,RUE DU BRETEIL / RUE PAUL DUMONT / AVE DU TAILLAN-MEDOC,44.87974,-0.64752,Plein jour,En agglomération,Intersection en X,Normale,Deux véhicules - frontale,4,2,3,0,1,1,1,5,1,50,2,3,2,0,0,1,19.0,28.0,voiture,voiture,1,2,2,1,1
202000043400,2020-05-25 02:20:00,2020,5,25,2,20,33,33063,BD JOLIOT-CURIE / QUAI DESCHAMPS,44.8360164,-0.5502682,Nuit avec éclairage allumé,En agglomération,Intersection en T,Normale,Autre collision,4,2,3,0,1,1,1,5,3,50,1,1,0,0,1,0,37.0,,voiture,,5,2,3,1,6
202000043401,2020-05-22 15:15:00,2020,5,22,15,15,31,31149,HUGO (BOULEVARD VICTOR),43.61607,1.31095,Plein jour,En agglomération,Hors intersection,Normale,Deux véhicules - frontale,4,2,2,0,1,1,1,0,1,50,2,3,2,0,0,1,57.0,35.0,utilitaire_camion,voiture,1,2,1,1,1
202000043402,2020-05-24 20:20:00,2020,5,24,20,20,31,31555,BD DE STRASBOURG,43.60816,1.44639,Plein jour,En agglomération,Hors intersection,Normale,Deux véhicules - côté,4,2,2,0,1,1,1,0,1,50,2,3,1,0,0,2,32.0,24.0,deux_roues,voiture,1,2,1,1,3
202000043403,2020-05-24 21:00:00,2020,5,24,21,0,31,31555,BD DES RECOLLETS,43.58391,1.44431,Nuit avec éclairage allumé,En agglomération,Hors intersection,Normale,Deux véhicules - côté,4,2,2,1,1,1,1,0,1,50,2,2,1,0,0,1,23.0,23.0,deux_roues,voiture,5,2,1,1,3
202000043404,2020-05-24 10:22:00,2020,5,24,10,22,31,31555,VA007331 A620,43.56954,1.4135,Plein jour,Hors agglomération,Hors intersection,Normale,Deux véhicules - arrière,1,3,3,0,1,1,1,0,1,90,2,4,0,0,2,2,35.0,59.0,voiture,utilitaire_camion,1,1,1,1,2
202000043405,2020-05-25 08:10:00,2020,5,25,8,10,29,29232,Rond point  de Ti Douar,47.98053,-4.07289,Plein jour,En agglomération,Giratoire,Temps éblouissant,Deux véhicules - côté,3,-1,2,0,1,2,1,5,1,50,2,2,1,0,0,1,31.0,41.0,voiture,deux_roues,1,2,6,7,3
202000043406,2020-05-24 15:55:00,2020,5,24,15,55,29,29019,D205 - Boulevard Francois Mitterand,48.41882,-4.45228,Plein jour,En agglomération,Intersection en T,Normale,Deux véhicules - côté,4,-1,4,0,1,1,1,0,1,30,2,3,1,0,0,2,54.0,25.0,deux_roues,voiture,1,2,3,1,3
202000043407,2020-05-25 17:05:00,2020,5,25,17,5,17,17300,SCHOELCHER   AVENUE VICTOR,46.1537873,-1.1275469,Plein jour,En agglomération,Intersection en T,Normale,Deux véhicules - côté,4,-1,2,0,1,1,1,9,1,50,2,2,1,0,0,1,68.0,11.0,voiture,deux_roues,1,2,3,1,3
202000043408,2020-05-25 12:30:00,2020,5,25,12,30,17,17028,TIR   RUE DU CHAMP DE,46.1374,-1.13301,Plein jour,En agglomération,Intersection en T,Normale,Autre collision,4,2,2,0,1,1,1,0,3,50,1,2,1,0,0,1,49.0,,utilitaire_camion,,1,2,3,1,6
202000043409,2020-05-21 15:25:00,2020,5,21,15,25,14,14220,JEAN-MERMOZ (RUE),49.36023,0.0719,Plein jour,En agglomération,Hors intersection,Temps éblouissant,Autre collision,4,2,2,0,1,1,1,0,4,50,1,2,1,0,0,1,80.0,,voiture,,1,2,1,7,6
202000043410,2020-05-19 17:20:00,2020,5,19,17,20,13,13004,RTE DE CRAU,43.67308,4.64017,Plein jour,En agglomération,Autre intersection,Normale,Deux véhicules - frontale,4,3,2,0,2,1,1,0,1,50,2,2,1,0,1,0,76.0,59.0,voiture,deux_roues,1,2,9,1,1
202000043411,2020-05-24 15:45:00,2020,5,24,15,45,11,11262,RD 6009 NARBONNE - BEZIERS,43.20079,3.01623,Plein jour,Hors agglomération,Hors intersection,Normale,Autre collision,3,2,2,0,1,1,2,0,1,80,1,1,0,0,0,1,16.0,,deux_roues,,1,1,1,1,6
202000043412,2020-05-22 14:12:00,2020,5,22,14,12,11,11262,ESPAGNE (AVENUE D'),43.171943,2.990551,Plein jour,En agglomération,Hors intersection,Normale,Trois véhicules et plus - collisions multiples,4,2,2,0,1,1,1,0,1,50,3,3,2,0,0,1,36.0,38.0,voiture,voiture,1,2,1,1,5
202000043413,2020-05-25 17:34:00,2020,5,25,17,34,10,10362,PAUL DOUMER (RUE),48.289554,4.042293,Plein jour,En agglomération,Autre intersection,Normale,Deux véhicules - côté,4,2,2,0,1,1,1,0,1,50,2,2,1,0,0,1,18.0,47.0,deux_roues,voiture,1,2,9,1,3
202000043414,2020-05-25 18:30:00,2020,5,25,18,30,08,08409,MARNE (AVENUE DE LA),49.69663,4.91654,Plein jour,En agglomération,Hors intersection,Normale,,4,3,2,0,1,1,1,0,1,50,3,3,2,0,0,1,19.0,47.0,voiture,voiture,1,2,1,1,-1
202000043415,2020-05-24 10:00:00,2020,5,24,10,0,02,02738,CAMILLE DESMOULIN,49.65698,3.30481,Plein jour,En agglomération,Intersection en T,Normale,Deux véhicules - côté,3,1,2,0,1,1,1,0,1,50,2,2,1,0,0,1,21.0,20.0,deux_roues,voiture,1,2,3,1,3
202000043416,2020-05-24 19:15:00,2020,5,24,19,15,75,75116,PORTE DE PASSY,48.857989,2.260251,Plein jour,En agglomération,Intersection en Y,Normale,Deux véhicules - côté,4,1,4,0,1,1,1,1,1,70,2,3,2,0,0,1,45.0,36.0,voiture,deux_roues,1,2,4,1,3
202000043417,2020-05-24 22:06:00,2020,5,24,22,6,75,75107,QUAI D ORSAY,48.862875,2.315178,Nuit avec éclairage allumé,En agglomération,Intersection en T,Normale,Deux véhicules - côté,4,2,0,1,1,1,1,0,1,30,2,5,4,0,1,0,35.0,37.0,deux_roues,voiture,5,2,3,1,3
202000043418,2020-05-25 22:15:00,2020,5,25,22,15,75,75117,RUE RAYMOND PITET,48.88999,2.296554,Nuit avec éclairage allumé,En agglomération,Hors intersection,Normale,Deux véhicules - côté,4,2,2,0,1,1,1,0,1,30,2,2,1,0,0,1,21.0,21.0,deux_roues,voiture,5,2,1,1,3
202000043419,2020-05-25 16:50:00,2020,5,25,16,50,75,75117,BOULEVARD DE COURCELLES,48.879546,2.304988,Plein jour,En agglomération,Intersection en T,Normale,Autre collision,4,1,2,0,1,1,1,0,1,50,1,1,0,0,0,1,40.0,,deux_roues,,1,2,3,1,6
202000043420,2020-05-25 09:00:00,2020,5,25,9,0,75,75108,RUE LA BOETIE,48.874207,2.317533,Plein jour,En agglomération,Intersection en X,Normale,Deux véhicules - côté,4,1,3,3,1,1,1,-1,6,50,2,2,1,0,0,1,25.0,26.0,utilitaire_camion,deux_roues,1,2,2,1,3
202000043421,2020-05-25 09:20:00,2020,5,25,9,20,75,75115,RUE DU COMMERCE,48.848198,2.296925,Plein jour,En agglomération,Hors intersection,Normale,Autre collision,4,1,1,0,1,1,1,0,1,30,1,2,1,0,0,1,87.0,,voiture,,1,2,1,1,6
202000043422,2020-05-24 17:40:00,2020,5,24,17,40,75,75115,RUE DE LA CONVENTION,48.840532,2.289156,Plein jour,En agglomération,Hors intersection,Normale,Deux véhicules - arrière,4,2,2,0,1,1,1,0,1,50,2,2,1,0,0,1,23.0,44.0,voiture,deux_roues,1,2,1,1,2
202000043423,2020-05-25 09:48:00,2020,5,25,9,48,75,75109,RUE DE MAUBEUGE,48.876555,2.341299,Plein jour,En agglomération,Intersection en X,Normale,Deux véhicules - côté,4,1,2,3,2,1,1,-1,6,50,2,2,1,0,0,1,26.0,47.0,deux_roues,voiture,1,2,2,1,3
202000043424,2020-05-25 09:00:00,2020,5,25,9,0,75,75108,AVENUE WINSTON CHURCHILL,48.867726,2.313996,Plein jour,En agglomération,Intersection à plus de 4 branches,Normale,Deux véhicules - arrière,4,2,4,0,1,1,1,0,1,50,2,3,2,0,0,1,38.0,51.0,voiture,deux_roues,1,2,5,1,2
202000043425,2020-05-25 21:55:00,2020,5,25,21,55,75,75107,QUAI BRANLY,48.86243,2.301598,Nuit avec éclairage allumé,En agglomération,Intersection en X,Normale,Deux véhicules - côté,4,2,3,1,1,1,1,-1,5,50,2,2,1,0,0,1,34.0,23.0,deux_roues,voiture,5,2,2,1,3
202000043426,2020-05-25 15:35:00,2020,5,25,15,35,75,75103,RUE DES ARCHIVES,48.862253,2.359372,Plein jour,En agglomération,Hors intersection,Normale,Autre collision,4,1,1,0,1,1,1,0,1,30,1,1,0,0,0,1,56.0,,deux_roues,,1,2,1,1,6
202000043427,2020-05-24 18:15:00,2020,5,24,18,15,94,94003,CONVENTION (AV DE LA),48.80366,2.33525,Plein jour,En agglomération,Intersection en X,Normale,Deux véhicules - côté,3,2,2,0,1,1,1,0,1,50,2,3,2,0,0,1,36.0,21.0,voiture,deux_roues,1,2,2,1,3
202000043428,2020-05-24 19:45:00,2020,5,24,19,45,94,94041,JEAN JACQUES ROUSSEAU (R),48.81735,2.39465,Plein jour,En agglomération,Hors intersection,Normale,Autre collision,4,1,1,0,1,1,1,0,1,30,1,2,1,0,0,1,18.0,,deux_roues,,1,2,1,1,6
202000043429,2020-05-25 00:00:00,2020,5,25,0,0,94,94022,LEON GOURDAULT (AV),48.76434,2.40571,Nuit avec éclairage allumé,En agglomération,Intersection en X,Normale,Deux véhicules - côté,3,3,2,0,1,1,1,5,1,50,2,2,1,0,0,1,22.0,33.0,voiture,voiture,5,2,2,1,3
202000043430,2020-05-25 11:25:00,2020,5,25,11,25,94,94047,CAZEAUX (R),48.702,2.5456,Plein jour,En agglomération,Intersection en T,Normale,Deux véhicules - côté,3,2,0,0,1,2,1,0,1,50,2,1,0,0,0,1,51.0,,deux_roues,,1,2,3,1,3
202000043431,2020-05-25 13:05:00,2020,5,25,13,5,93,93059,BD JEAN MERMOZ,48.9683,2.36513,Plein jour,En agglomération,Hors intersection,Normale,Deux véhicules - côté,3,3,4,0,1,1,1,0,6,50,2,2,1,0,0,1,22.0,75.0,deux_roues,voiture,1,2,1,1,3
202000043432,2020-05-25 02:20:00,2020,5,25,2,20,93,93050,AV LEON BLUM / AV DU 8 MAI 1945,48.86786,2.53391,Nuit avec éclairage allumé,En agglomération,Intersection en X,Normale,Autre collision,3,2,2,2,1,1,1,0,1,50,1,1,0,0,0,1,21.0,,voiture,,5,2,2,1,6
202000043433,2020-05-25 17:45:00,2020,5,25,17,45,93,93057,AV ARISTIDE BRIAND,48.9107069,2.5135601,Plein jour,En agglomération,Hors intersection,Normale,Deux véhicules - côté,3,3,4,0,1,1,1,0,1,50,2,3,1,0,2,0,43.0,23.0,voiture,deux_roues,1,2,1,1,3
202000043434,2020-05-25 18:20:00,2020,5,25,18,20,92,92076,COLLEGE,48.83292,2.15037,Plein jour,En agglomération,Hors intersection,Normale,Deux véhicules - arrière,4,3,2,0,1,1,1,0,1,50,2,2,1,0,0,1,30.0,33.0,voiture,utilitaire_camion,1,2,1,1,2
202000043435,2020-05-24 21:35:00,2020,5,24,21,35,92,92047,JARDY,48.8315657,2.1527326,Crépuscule ou aube,Hors agglomération,Intersection en X,Normale,Deux véhicules - côté,1,1,1,0,2,1,1,3,1,50,2,2,0,0,0,2,51.0,23.0,voiture,voiture,2,1,2,1,3
202000043436,2020-05-21 20:00:00,2020,5,21,20,0,92,92063,POMPIDOU (AVENUE DU PRESIDENT),48.86936,2.19784,Plein jour,En agglomération,Intersection en Y,Normale,Deux véhicules - côté,4,2,2,0,2,1,1,0,1,50,2,2,1,0,0,1,17.0,32.0,deux_roues,voiture,1,2,4,1,3