accident_id,datetime,annee,mois,jour,heure,minute,departement,commune_insee,adresse,latitude,longitude,luminosite,agglomeration,intersection,meteo,collision,catr,circ,nbv,vosp,prof,plan,surf,infra,situ,vma,nb_vehicules,nb_usagers,nb_indemnes,nb_tues,nb_blesses_hosp,nb_blesses_legers,age_cond_1,age_cond_2,veh_type_cond_1,veh_type_cond_2,lum_code,agg_code,int_code,atm_code,col_code
202000043437,2020-05-20 19:15:00,2020,5,20,19,15,92,92073,DIX-HUIT JUIN 1940 (AVENUE DU) EST,48.8648496,2.2060357,Plein jour,En agglomération,Intersection en T,Normale,Deux véhicules - côté,3,2,2,0,1,1,1,5,1,50,2,2,1,0,0,1,31.0,38.0,deux_roues,voiture,1,2,3,1,3
202000043438,2020-05-23 14:50:00,2020,5,23,14,50,92,92025,BOURNARD (RUE DU),48.9235712,2.2596538,Plein jour,En agglomération,Hors intersection,Normale,Autre collision,3,3,6,0,1,1,1,2,1,50,1,2,1,1,0,0,33.0,,voiture,,1,2,1,1,6
202000043439,2020-05-25 15:45:00,2020,5,25,15,45,92,92048,VILLACOUBLAY (AVENUE DE),48.784,2.2325,Plein jour,En agglomération,Autre intersection,Normale,Deux véhicules - arrière,4,1,1,0,1,1,1,0,1,30,2,3,2,0,0,1,26.0,22.0,deux_roues,voiture,1,2,9,1,2
202000043440,2020-04-18 20:00:00,2020,4,18,20,0,92,92004,FAIDHERBE ( AVENUE ),48.90819,2.26823,Crépuscule ou aube,En agglomération,Autre intersection,Normale,Sans collision,3,2,2,0,1,1,1,0,1,50,1,1,0,0,0,1,26.0,,deux_roues,,2,2,9,1,7
202000043441,2020-05-20 18:30:00,2020,5,20,18,30,92,92004,GAMBETTA (RUE),48.90973,2.29284,Plein jour,En agglomération,Hors intersection,Normale,Autre collision,4,1,1,1,1,1,1,0,1,50,1,2,1,0,0,1,32.0,,deux_roues,,1,2,1,1,6
202000043442,2020-05-26 14:30:00,2020,5,26,14,30,37,37240,Lieu Dit la suarderie,47.5964107,0.9383428,Plein jour,Hors agglomération,Hors intersection,Normale,Deux véhicules - côté,4,2,2,0,1,1,1,0,1,50,2,2,1,0,1,0,17.0,47.0,deux_roues,voiture,1,1,1,1,3
202000043443,2020-05-24 20:30:00,2020,5,24,20,30,09,09079,D14,43.160315,1.370579,Crépuscule ou aube,Hors agglomération,Hors intersection,Normale,Deux véhicules - arrière,3,2,2,0,2,1,1,0,1,80,2,4,0,0,0,4,34.0,62.0,utilitaire_camion,utilitaire_camion,2,1,1,1,2
202000043444,2020-05-26 01:10:00,2020,5,26,1,10,45,45339,Les Brosses,47.990252,2.545395,Nuit sans éclairage public,Hors agglomération,Hors intersection,Normale,Autre collision,4,2,2,0,1,4,1,0,3,50,1,4,3,0,1,0,20.0,,voiture,,3,1,1,1,6
202000043445,2020-05-22 15:15:00,2020,5,22,15,15,14,14453,Mosles,49.302331,-0.80278,Plein jour,Hors agglomération,Hors intersection,Normale,Deux véhicules - arrière,2,3,2,0,1,1,1,0,1,110,2,3,1,0,2,0,57.0,34.0,utilitaire_camion,utilitaire_camion,1,1,1,1,2
202000043446,2020-05-25 10:55:00,2020,5,25,10,55,83,83087,D80,43.359338,5.786383,Plein jour,Hors agglomération,Hors intersection,Normale,Sans collision,3,2,2,0,2,3,9,0,1,80,1,1,0,0,0,1,61.0,,deux_roues,,1,1,1,1,7
202000043447,2020-05-25 17:00:00,2020,5,25,17,0,79,79147,Lieu Dit Les Jarzelieres,46.652588,-0.508118,Plein jour,Hors agglomération,Hors intersection,Normale,Sans collision,4,2,2,0,1,3,9,0,1,80,1,1,0,0,1,0,65.0,,deux_roues,,1,1,1,1,7
202000043448,2020-05-24 16:00:00,2020,5,24,16,0,25,25347,D131,47.0339,6.475329,Plein jour,Hors agglomération,Hors intersection,Normale,Sans collision,3,2,2,0,2,3,9,0,1,80,1,1,0,0,1,0,28.0,,deux_roues,,1,1,1,1,7
202000043449,2020-05-25 11:55:00,2020,5,25,11,55,44,44069,Route de la Vallée,47.362527,-2.457536,Plein jour,Hors agglomération,Hors intersection,Normale,Sans collision,4,2,2,0,2,4,1,0,1,50,1,1,0,0,1,0,67.0,,deux_roues,,1,1,1,1,7
202000043450,2020-10-23 18:10:00,2020,10,23,18,10,75,75118,BOULEVARD PERIPHERIQUE,48.900955,2.347623,Nuit avec éclairage allumé,En agglomération,Intersection en Y,Normale,Deux véhicules - arrière,4,1,4,0,2,1,1,0,1,70,2,2,1,0,0,1,24.0,25.0,deux_roues,voiture,5,2,4,1,2
202000043451,2020-05-24 19:00:00,2020,5,24,19,0,44,44131,Le Port,47.11128,-1.982324,Plein jour,Hors agglomération,Hors intersection,Normale,Deux véhicules - côté,3,2,2,0,1,1,1,0,1,80,2,2,1,0,1,0,60.0,46.0,voiture,deux_roues,1,1,1,1,3
202000043452,2020-10-23 09:00:00,2020,10,23,9,0,75,75113,BOULEVARD PERIPHERIQUE,48.816783,2.355855,Plein jour,En agglomération,Hors intersection,Normale,Deux véhicules - côté,4,1,4,0,1,1,1,0,1,70,2,2,1,0,0,1,39.0,34.0,voiture,deux_roues,1,2,1,1,3
202000043453,2020-05-26 09:20:00,2020,5,26,9,20,29,29173,Route de Douarnenez,48.011781,-4.197603,Plein jour,Hors agglomération,Giratoire,Normale,Deux véhicules - côté,3,1,1,0,1,1,1,5,1,80,2,2,1,0,1,0,57.0,71.0,deux_roues,voiture,1,1,6,1,3
202000043454,2020-10-23 09:10:00,2020,10,23,9,10,75,75113,RUE DES PEUPLIERS,48.823455,2.353184,Plein jour,En agglomération,Hors intersection,Temps couvert,Autre collision,4,2,2,0,1,1,1,0,1,50,1,2,1,0,1,0,30.0,,transport_commun,,1,2,1,8,6
202000043455,2020-05-25 19:05:00,2020,5,25,19,5,02,02374,D31,49.924091,3.278038,Plein jour,Hors agglomération,Intersection en X,Normale,Deux véhicules - côté,3,2,2,0,1,1,1,0,1,80,2,2,1,0,0,1,35.0,26.0,voiture,deux_roues,1,1,2,1,3
202000043456,2020-10-23 07:26:00,2020,10,23,7,26,75,75117,PLACE GENERAL CATROUX,48.883372,2.30963,Crépuscule ou aube,En agglomération,Place,Normale,Deux véhicules - côté,4,1,2,0,1,1,1,0,1,50,2,3,2,0,0,1,34.0,36.0,utilitaire_camion,voiture,2,2,7,1,3
202000043457,2020-05-21 15:25:00,2020,5,21,15,25,03,03107,,46.1082343,3.0714036,Plein jour,Hors agglomération,Hors intersection,Normale,Sans collision,3,2,2,0,1,1,1,0,1,80,1,1,0,0,1,0,74.0,,deux_roues,,1,1,1,1,7
202000043458,2020-10-22 08:45:00,2020,10,22,8,45,75,75107,QUAI ANATOLE FRANCE,48.861783,2.321868,Plein jour,En agglomération,Hors intersection,Normale,,4,1,3,0,1,1,1,0,1,50,2,3,2,0,0,1,32.0,44.0,deux_roues,voiture,1,2,1,1,-1
202000043459,2020-05-21 19:30:00,2020,5,21,19,30,01,01001,D7,46.132642,4.928859,Plein jour,Hors agglomération,Intersection en T,Temps éblouissant,Deux véhicules - côté,3,2,2,0,1,1,1,0,1,80,2,2,1,0,1,0,21.0,54.0,deux_roues,voiture,1,1,3,7,3
202000043460,2020-10-23 13:30:00,2020,10,23,13,30,75,75106,BOULEVARD SAINT MICHEL,48.849693,2.342244,Plein jour,En agglomération,Hors intersection,Normale,Autre collision,4,2,4,3,2,1,1,-1,6,50,1,3,1,0,1,1,24.0,,deux_roues,,1,2,1,1,6
202000043461,2020-05-26 11:25:00,2020,5,26,11,25,06,06079,Avenue du Général Garbay,43.568195,6.939658,Plein jour,En agglomération,Hors intersection,Normale,Deux véhicules - côté,3,2,2,0,1,1,1,9,1,50,2,2,1,0,1,0,29.0,20.0,utilitaire_camion,deux_roues,1,2,1,1,3
202000043462,2020-10-23 11:07:00,2020,10,23,11,7,75,75119,AVENUE DE FLANDRE,48.884472,2.368976,Plein jour,En agglomération,Intersection en T,Pluie légère,Deux véhicules - côté,4,3,2,3,1,1,2,-1,6,50,2,2,1,0,0,1,27.0,,deux_roues,,1,2,3,2,3
202000043463,2020-05-04 08:00:00,2020,5,4,8,0,06,06090,575 Avenue de Cannes,43.592062,6.931152,Plein jour,En agglomération,Hors intersection,Temps éblouissant,Autre collision,3,3,2,0,1,1,1,0,1,50,1,2,1,0,0,1,80.0,,voiture,,1,2,1,7,6
202000043464,2020-05-25 17:35:00,2020,5,25,17,35,05,05012,N94,44.548647,6.484745,Plein jour,Hors agglomération,Giratoire,Normale,Deux véhicules - côté,2,2,2,0,1,1,1,0,1,50,2,5,3,0,0,2,20.0,27.0,voiture,deux_roues,1,1,6,1,3
202000043465,2020-10-22 21:10:00,2020,10,22,21,10,75,75119,AVENUE CORENTIN CARIOU,48.895142,2.382726,Nuit avec éclairage allumé,En agglomération,Intersection en T,Normale,Deux véhicules - arrière,4,1,4,0,1,1,1,2,1,30,2,3,1,0,0,2,60.0,42.0,deux_roues,deux_roues,5,2,3,1,2
202000043466,2020-05-26 19:55:00,2020,5,26,19,55,50,50272,8 Rue Jouvin,48.941417,-1.537614,Crépuscule ou aube,Hors agglomération,Intersection en X,Normale,Deux véhicules - côté,4,2,2,0,1,1,1,0,1,80,2,3,2,0,1,0,55.0,65.0,deux_roues,voiture,2,1,2,1,3
202000043467,2020-10-23 13:25:00,2020,10,23,13,25,75,75118,BOULEVARD BARBES,48.884227,2.349463,Plein jour,En agglomération,Intersection en T,Normale,Deux véhicules - côté,4,2,4,0,1,1,1,0,1,50,2,1,0,0,0,1,54.0,,deux_roues,,1,2,3,1,3
202000043468,2020-10-23 12:40:00,2020,10,23,12,40,75,75118,BOULEVARD NEY,48.898369,2.363447,Plein jour,En agglomération,Hors intersection,Normale,Sans collision,4,2,4,1,1,1,1,-1,5,50,1,1,0,0,0,1,31.0,,deux_roues,,1,2,1,1,7
202000043469,2020-05-25 14:30:00,2020,5,25,14,30,60,60315,RD22,49.480767,1.900222,Plein jour,Hors agglomération,Intersection en X,Normale,Deux véhicules - côté,3,2,2,0,1,1,1,0,1,80,2,2,0,0,2,0,65.0,27.0,voiture,voiture,1,1,2,1,3
202000043470,2020-10-23 12:50:00,2020,10,23,12,50,75,75118,BOULEVARD NEY,48.898238,2.352502,Plein jour,En agglomération,Intersection en X,Normale,Deux véhicules - côté,4,3,2,0,2,1,1,0,1,50,2,2,1,0,0,1,20.0,21.0,deux_roues,voiture,1,2,2,1,3
202000043471,2020-05-24 20:30:00,2020,5,24,20,30,18,18266,La Cote Maloche,46.725245,2.183576,Nuit sans éclairage public,Hors agglomération,Intersection en Y,Normale,Autre collision,4,-1,2,0,2,3,1,0,3,80,1,1,0,0,1,0,56.0,,deux_roues,,3,1,4,1,6
202000043472,2020-10-23 19:45:00,2020,10,23,19,45,75,75116,PLACE DU MARECHAL DE LATTRE DE TASSIGNY,48.871717,2.275803,Nuit avec éclairage allumé,En agglomération,Place,Normale,Deux véhicules - côté,4,1,4,0,1,2,1,0,1,50,2,2,1,0,0,1,35.0,25.0,voiture,deux_roues,5,2,7,1,3
202000043473,2020-10-22 17:30:00,2020,10,22,17,30,75,75115,QUAI DE GRENELLE,48.852401,2.286253,Plein jour,En agglomération,Hors intersection,Normale,Deux véhicules - frontale,4,2,6,1,1,1,1,-1,5,50,2,2,1,0,0,1,37.0,32.0,deux_roues,deux_roues,1,2,1,1,1
202000043474,2020-05-25 20:00:00,2020,5,25,20,0,53,53009,D20,47.997852,-0.600531,Plein jour,Hors agglomération,Intersection en T,Temps éblouissant,Deux véhicules - côté,3,2,2,0,1,1,1,0,1,80,2,2,1,1,0,0,65.0,60.0,voiture,voiture,1,1,3,7,3
202000043475,2020-10-20 12:25:00,2020,10,20,12,25,75,75115,RUE DU COMMERCE,48.845717,2.294781,Plein jour,En agglomération,Hors intersection,Pluie légère,Deux véhicules - côté,4,1,1,0,1,1,2,0,1,50,2,2,1,0,0,1,41.0,62.0,utilitaire_camion,deux_roues,1,2,1,2,3
202000043476,2020-05-22 09:45:00,2020,5,22,9,45,67,67309,11 a Rue de Strasbourg,48.637971,7.711603,Plein jour,En agglomération,Autre intersection,Normale,Deux véhicules - côté,4,-1,2,1,1,1,1,9,6,40,2,2,1,0,1,0,24.0,77.0,utilitaire_camion,deux_roues,1,2,9,1,3
202000043477,2020-05-21 16:20:00,2020,5,21,16,20,06,06152,1260 Chemin du Val Martin,43.6263,7.014819,Plein jour,Hors agglomération,Hors intersection,Normale,Sans collision,4,2,2,0,1,2,1,9,1,30,1,1,0,0,1,0,60.0,,deux_roues,,1,1,1,1,7
202000043478,2020-10-23 10:00:00,2020,10,23,10,0,75,75112,AVENUE DE NOGENT,48.84441,2.441039,Plein jour,En agglomération,Intersection en T,Temps couvert,Deux véhicules - côté,4,2,4,0,1,1,1,0,1,50,2,2,1,0,0,1,26.0,29.0,voiture,deux_roues,1,2,3,8,3
202000043479,2020-05-25 18:47:00,2020,5,25,18,47,27,27378,N12,48.775636,1.211736,Plein jour,Hors agglomération,Hors intersection,Normale,Trois véhicules et plus - collisions multiples,2,2,0,0,1,1,1,9,1,90,3,3,0,0,0,3,45.0,46.0,utilitaire_camion,utilitaire_camion,1,1,1,1,5
202000043480,2020-10-23 13:50:00,2020,10,23,13,50,75,75111,AVENUE LEDRU ROLLIN,48.851303,2.376149,Plein jour,En agglomération,Intersection à plus de 4 branches,Normale,Deux véhicules - côté,4,2,3,3,1,1,1,-1,6,50,2,3,2,0,0,1,58.0,37.0,utilitaire_camion,deux_roues,1,2,5,1,3
202000043481,2020-05-26 07:25:00,2020,5,26,7,25,988,98817,ROUTE DU VALLON DORE,-22.24108,166.577561,Plein jour,En agglomération,Hors intersection,Normale,Autre collision,3,2,2,0,1,1,1,0,1,50,1,2,1,0,1,0,26.0,,voiture,,1,2,1,1,6
202000043482,2020-10-23 10:15:00,2020,10,23,10,15,75,75110,BOULEVARD SAINT DENIS,48.869612,2.353006,Plein jour,En agglomération,Intersection en T,Normale,Deux véhicules - côté,4,2,5,0,1,1,1,0,1,50,2,2,1,0,0,1,58.0,31.0,utilitaire_camion,deux_roues,1,2,3,1,3
202000043483,2020-05-25 05:20:00,2020,5,25,5,20,45,45312,D2007-PR28+550,47.9148099,2.7356537,Crépuscule ou aube,En agglomération,Hors intersection,Normale,Deux véhicules - frontale,3,3,2,0,1,1,1,0,1,70,2,4,1,0,0,3,45.0,23.0,voiture,voiture,2,2,1,1,1
202000043484,2020-10-13 16:10:00,2020,10,13,16,10,75,75109,BOULEVARD HAUSSMANN,48.872972,2.333111,Plein jour,En agglomération,Intersection à plus de 4 branches,Temps couvert,Deux véhicules - côté,4,1,3,0,2,2,2,0,1,50,2,2,1,0,0,1,39.0,25.0,deux_roues,voiture,1,2,5,8,3
202000043485,2020-05-26 12:00:00,2020,5,26,12,0,45,45336,D120 - PR 2+700,47.754486,2.318145,Plein jour,Hors agglomération,Hors intersection,Normale,Autre collision,3,2,2,0,2,2,1,0,3,80,1,2,1,0,1,0,20.0,,voiture,,1,1,1,1,6
202000043486,2020-10-23 18:30:00,2020,10,23,18,30,94,94003,PAUL VAILLANT COUTURIER (AV),48.80142,2.33957,Crépuscule ou aube,En agglomération,Hors intersection,Normale,Deux véhicules - côté,3,2,2,0,2,1,1,0,1,50,2,2,1,0,0,1,30.0,21.0,voiture,deux_roues,2,2,1,1,3
202000043487,2020-10-23 06:00:00,2020,10,23,6,0,94,94065,Zone SOGARIS,48.750702,2.364117,Nuit avec éclairage allumé,En agglomération,Hors intersection,Normale,Autre collision,5,1,1,0,1,1,1,9,1,50,1,2,1,0,0,1,31.0,,deux_roues,,5,2,1,1,6
202000043488,2020-05-25 11:37:00,2020,5,25,11,37,77,77248,D89 - D45A,48.9093118,2.7809468,Plein jour,En agglomération,Intersection en T,Normale,Deux véhicules - côté,3,2,2,0,1,1,1,0,1,50,2,2,1,0,0,1,67.0,45.0,deux_roues,voiture,1,2,3,1,3
202000043489,2020-10-22 21:15:00,2020,10,22,21,15,94,94060,COMBAULT (RTE DE),48.78581,2.58289,Nuit avec éclairage allumé,En agglomération,Giratoire,Normale,Sans collision,4,2,2,0,1,3,1,0,1,50,1,1,0,0,0,1,30.0,,deux_roues,,5,2,6,1,7
202000043490,2020-05-12 03:00:00,2020,5,12,3,0,91,91207,1 Chemin des Petits Bois,48.579995,2.219715,Nuit sans éclairage public,Hors agglomération,Hors intersection,Normale,Autre collision,3,3,2,0,1,1,1,0,1,90,1,2,1,1,0,0,30.0,,utilitaire_camion,,3,1,1,1,6
202000043491,2020-10-23 08:50:00,2020,10,23,8,50,93,93066,LIBERATION RD14 (BOULEVARD),48.9319799,2.3420205,Plein jour,En agglomération,Autre intersection,Temps couvert,Deux véhicules - côté,3,2,2,0,1,3,1,5,1,50,2,1,0,0,0,1,48.0,,deux_roues,,1,2,9,8,3
202000043492,2020-02-21 12:35:00,2020,2,21,12,35,13,13084,200 Longues Lées,43.723917,5.315173,Plein jour,Hors agglomération,Autre intersection,Normale,Deux véhicules - frontale,3,4,5,0,1,1,1,3,1,80,2,3,0,0,3,0,56.0,64.0,voiture,voiture,1,1,9,1,1
202000043493,2020-10-23 05:20:00,2020,10,23,5,20,93,93066,EL OUAFI HAMED BOUGERA,48.9227927,2.364168,Nuit avec éclairage allumé,En agglomération,Hors intersection,Normale,Deux véhicules - côté,4,2,0,0,1,1,1,0,1,50,2,2,1,0,0,1,37.0,50.0,voiture,utilitaire_camion,5,2,1,1,3
202000043494,2020-10-22 17:55:00,2020,10,22,17,55,93,93066,CROIZAT AMBROISE ,48.9322733,2.3489704,Crépuscule ou aube,En agglomération,Hors intersection,Normale,Deux véhicules - arrière,3,3,2,0,1,1,1,0,1,50,2,2,1,0,0,1,19.0,44.0,voiture,voiture,2,2,1,1,2
202000043495,2020-05-24 19:10:00,2020,5,24,19,10,13,13046,Avenue Emile Zola Prolongée,43.428924,5.542679,Plein jour,En agglomération,Hors intersection,Normale,Autre collision,3,2,2,0,1,1,1,0,1,50,1,2,1,0,1,0,17.0,,deux_roues,,1,2,1,1,6
202000043496,2020-10-13 08:10:00,2020,10,13,8,10,93,93050,PAUL ET CAMILLE THOMOUX (RUE) COTE PAIR,48.86882,2.52864,Plein jour,En agglomération,Autre intersection,Pluie légère,Deux véhicules - côté,3,3,3,0,1,2,2,0,1,50,2,2,1,0,1,0,39.0,29.0,utilitaire_camion,voiture,1,2,9,2,3
202000043497,2020-10-21 12:00:00,2020,10,21,12,0,93,93048,ERNEST SAVART (AVENUE),48.8683734,2.4392192,Plein jour,En agglomération,Hors intersection,Normale,Deux véhicules - côté,4,2,2,0,2,1,1,0,1,50,2,2,1,0,0,1,40.0,39.0,utilitaire_camion,deux_roues,1,2,1,1,3
202000043498,2020-05-25 12:14:00,2020,5,25,12,14,67,67112,2 rue Ampère,48.538989,7.566555,Plein jour,Hors agglomération,Intersection en T,Normale,Deux véhicules - côté,3,2,2,0,1,1,1,5,1,70,2,2,1,0,0,1,48.0,32.0,utilitaire_camion,deux_roues,1,1,3,1,3
202000043499,2020-10-23 09:35:00,2020,10,23,9,35,93,93031,JEAN JAURES (AVENUE),48.9582212,2.3252914,Plein jour,En agglomération,Intersection en T,Normale,Deux véhicules - côté,3,-1,2,0,1,1,1,9,1,50,2,2,1,0,0,1,25.0,24.0,utilitaire_camion,voiture,1,2,3,1,3
202000043500,2020-05-26 16:30:00,2020,5,26,16,30,55,55184,D36 AULNOIS SOUS VERTUZEY,48.746101,5.676219,Plein jour,En agglomération,Intersection en X,Normale,Sans collision,3,2,2,0,1,1,1,0,1,50,1,1,0,0,1,0,56.0,,deux_roues,,1,2,2,1,7
202000043501,2020-10-23 17:34:00,2020,10,23,17,34,93,93001,SAINT DENIS (RUE DE),48.9221147,2.3730994,Crépuscule ou aube,En agglomération,Autre intersection,Normale,Deux véhicules - côté,3,-1,2,0,1,1,1,0,1,30,2,2,0,0,0,2,55.0,55.0,deux_roues,voiture,2,2,9,1,3
202000043502,2020-05-26 17:30:00,2020,5,26,17,30,74,74220,197 Grande Rue,46.136829,6.269791,Plein jour,En agglomération,Intersection en T,Normale,Deux véhicules - côté,3,2,2,0,1,1,1,0,1,50,2,2,1,0,0,1,34.0,29.0,deux_roues,voiture,1,2,3,1,3
202000043503,2020-10-23 19:45:00,2020,10,23,19,45,92,92075,MARCEL MARTINIE (AVENUE),48.8231066,2.2924947,Nuit avec éclairage allumé,En agglomération,Intersection en Y,Normale,Deux véhicules - côté,3,2,2,1,1,1,1,0,1,50,2,2,1,0,0,1,23.0,42.0,deux_roues,voiture,5,2,4,1,3
202000043504,2020-05-25 14:25:00,2020,5,25,14,25,26,26116,RD93N,44.407052,4.698887,Plein jour,Hors agglomération,Intersection en T,Vent fort / tempête,Deux véhicules - côté,3,2,2,0,1,1,1,0,1,80,2,3,0,0,1,2,38.0,67.0,utilitaire_camion,voiture,1,1,3,6,3
202000043505,2020-10-22 17:50:00,2020,10,22,17,50,92,92050,CLEMENCEAU GEORGES AVENUE N° PAIR,48.8855894,2.2199652,Plein jour,En agglomération,Hors intersection,Normale,Deux véhicules - côté,3,3,5,2,1,1,1,0,5,50,2,2,1,0,0,1,37.0,21.0,voiture,deux_roues,1,2,1,1,3
202000043506,2020-05-26 19:15:00,2020,5,26,19,15,69,69163,1 Rue de la République,45.916872,4.774927,Plein jour,En agglomération,Giratoire,Normale,Deux véhicules - côté,3,-1,2,1,1,2,1,0,1,50,2,2,1,0,0,1,28.0,40.0,voiture,deux_roues,1,2,6,1,3
202000043507,2020-10-23 12:40:00,2020,10,23,12,40,92,92020,LASSEGUE RUE N° PAIRS,48.8015059,2.2845723,Plein jour,En agglomération,Intersection en T,Normale,Deux véhicules - côté,3,2,2,0,2,1,1,0,1,50,2,2,1,0,0,1,56.0,33.0,deux_roues,voiture,1,2,3,1,3
202000043508,2020-05-26 13:00:00,2020,5,26,13,0,64,64421,7 Rue du Pont de Salles,43.148693,-0.506075,Plein jour,En agglomération,Intersection en T,Normale,Deux véhicules - frontale,4,2,2,0,1,1,1,0,1,50,2,2,1,0,0,1,41.0,70.0,voiture,deux_roues,1,2,3,1,1
202000043509,2020-10-23 14:55:00,2020,10,23,14,55,92,92040,GENERAL LECLERC (DU) DU 41 A 71),48.8240671,2.2730769,Plein jour,En agglomération,Place,Normale,Autre collision,3,1,2,0,1,1,1,0,3,30,1,2,1,0,0,1,49.0,,utilitaire_camion,,1,2,7,1,6
202000043510,2020-10-23 08:00:00,2020,10,23,8,0,92,92026,BOULEVARD CIRCULAIRE,48.8895581,2.2500502,Plein jour,En agglomération,Autre intersection,Normale,Deux véhicules - côté,3,1,2,1,1,3,1,0,5,50,2,2,1,0,0,1,50.0,36.0,voiture,deux_roues,1,2,9,1,3
202000043511,2020-05-26 06:10:00,2020,5,26,6,10,44,44179,La Banque,47.359352,-1.455438,Plein jour,Hors agglomération,Autre intersection,Normale,Trois véhicules et plus - collisions multiples,3,2,2,0,2,3,1,0,1,70,3,3,2,1,0,0,52.0,53.0,utilitaire_camion,deux_roues,1,1,9,1,5
202000043512,2020-10-22 16:10:00,2020,10,22,16,10,92,92025,CHARLES DE GAULLE (BD),48.91452,2.228833,Plein jour,En agglomération,Intersection en X,Normale,Deux véhicules - côté,3,3,6,0,1,1,1,0,1,50,2,3,2,0,0,1,19.0,42.0,voiture,voiture,1,2,2,1,3
202000043513,2020-05-25 11:00:00,2020,5,25,11,0,60,60674,carrefour du marais - RD 14,49.392381,2.918179,Plein jour,Hors agglomération,Hors intersection,Normale,Deux véhicules - frontale,9,2,2,1,2,1,1,0,5,80,2,2,1,0,1,0,78.0,42.0,deux_roues,deux_roues,1,1,1,1,1
202000043514,2020-10-23 18:15:00,2020,10,23,18,15,47,47291,lieu-dit castagne,44.4823195,0.7181717,Plein jour,Hors agglomération,Hors intersection,Normale,Deux véhicules - frontale,4,2,2,0,1,1,1,0,1,80,2,2,1,0,0,1,19.0,27.0,voiture,voiture,1,1,1,1,1
202000043515,2020-05-25 15:30:00,2020,5,25,15,30,59,59053,45 Rue de la Chaussée,50.294734,3.789371,Plein jour,En agglomération,Intersection en T,Normale,Autre collision,3,2,2,0,3,1,1,0,4,50,1,1,0,0,1,0,43.0,,voiture,,1,2,3,1,6
202000043516,2020-10-24 15:50:00,2020,10,24,15,50,33,33120,Saint-cricq,44.619291,-0.337556,Plein jour,Hors agglomération,Hors intersection,Normale,Sans collision,4,2,2,0,1,1,1,0,3,80,1,1,0,0,1,0,16.0,,deux_roues,,1,1,1,1,7
202000043517,2020-05-25 08:12:00,2020,5,25,8,12,13,13215,A7-Sens Marseille vers Lyon,43.37286,5.36143,Plein jour,Hors agglomération,Hors intersection,Normale,,1,-1,3,0,1,1,1,0,1,3,2,2,1,0,0,1,65.0,42.0,utilitaire_camion,voiture,1,1,1,1,-1
202000043518,2020-05-25 06:48:00,2020,5,25,6,48,13,13056,A55-Sens Martigues vers Marseille,43.3994,5.0934,Plein jour,Hors agglomération,Hors intersection,Normale,Sans collision,1,1,2,0,1,1,1,0,1,90,1,1,0,0,0,1,44.0,,deux_roues,,1,1,1,1,7
202000043519,2020-10-23 18:50:00,2020,10,23,18,50,17,17310,D129,45.607309,-0.745955,Crépuscule ou aube,En agglomération,Intersection en Y,Pluie légère,Deux véhicules - frontale,3,2,2,0,1,2,2,0,1,50,2,3,2,0,1,0,15.0,77.0,deux_roues,voiture,2,2,4,2,1
202000043520,2020-05-24 22:20:00,2020,5,24,22,20,13,13055,A507 sens Marseille - Aubagne,43.32985,5.40673,Nuit avec éclairage allumé,Hors agglomération,Hors intersection,Normale,Deux véhicules - arrière,1,1,3,0,1,1,1,1,1,70,2,3,0,0,0,3,29.0,,voiture,,5,1,1,1,2
202000043521,2020-10-22 19:15:00,2020,10,22,19,15,13,13078,D268,43.403473,4.788215,Nuit sans éclairage public,Hors agglomération,Hors intersection,Temps couvert,Deux véhicules - frontale,3,3,2,0,1,2,1,0,1,70,2,2,1,0,1,0,41.0,35.0,voiture,utilitaire_camion,3,1,1,8,1
202000043522,2020-10-24 11:25:00,2020,10,24,11,25,69,69277,Rue Jacquard,45.740996,5.019027,Plein jour,En agglomération,Hors intersection,Normale,Autre collision,4,2,2,0,1,1,1,0,1,50,1,2,1,0,1,0,58.0,,voiture,,1,2,1,1,6
202000043523,2020-05-25 16:09:00,2020,5,25,16,9,91,91521,AUTOROUTE A6,48.6399,2.3946,Plein jour,Hors agglomération,Hors intersection,Normale,Deux véhicules - côté,1,1,3,0,1,1,1,8,1,70,2,3,1,0,0,2,41.0,23.0,utilitaire_camion,voiture,1,1,1,1,3
202000043524,2020-05-25 05:00:00,2020,5,25,5,0,78,78362,A13,48.976353,1.720329,Crépuscule ou aube,Hors agglomération,Hors intersection,Normale,Autre collision,1,3,3,0,1,1,1,7,1,30,1,1,0,0,0,1,24.0,,utilitaire_camion,,2,1,1,1,6
202000043525,2020-10-23 14:20:00,2020,10,23,14,20,79,79177,,46.267581,0.114691,Plein jour,Hors agglomération,Intersection en Y,Normale,Deux véhicules - côté,3,2,2,0,1,1,1,0,1,80,2,3,0,0,1,2,24.0,33.0,voiture,voiture,1,1,4,1,3
202000043526,2020-05-25 22:25:00,2020,5,25,22,25,94,94069,A4,48.81738,2.42758,Nuit avec éclairage allumé,Hors agglomération,Hors intersection,Normale,,1,1,5,0,1,1,1,0,1,90,3,4,3,0,0,1,21.0,26.0,voiture,voiture,5,1,1,1,-1
202000043527,2020-10-24 17:55:00,2020,10,24,17,55,26,26010,1555 Route de Saint-martin,45.244486,4.902241,Plein jour,Hors agglomération,Hors intersection,Normale,Autre collision,3,2,2,0,1,1,1,0,8,80,1,4,3,1,0,0,22.0,,voiture,,1,1,1,1,6