accident_id,datetime,annee,mois,jour,heure,minute,departement,commune_insee,adresse,latitude,longitude,luminosite,agglomeration,intersection,meteo,collision,catr,circ,nbv,vosp,prof,plan,surf,infra,situ,vma,nb_vehicules,nb_usagers,nb_indemnes,nb_tues,nb_blesses_hosp,nb_blesses_legers,age_cond_1,age_cond_2,veh_type_cond_1,veh_type_cond_2,lum_code,agg_code,int_code,atm_code,col_code
202000043528,2020-05-23 22:00:00,2020,5,23,22,0,75,75112,A4,48.820132,2.460217,Nuit avec éclairage allumé,Hors agglomération,Hors intersection,Normale,,1,1,5,0,1,2,1,0,1,90,2,3,0,0,0,3,61.0,38.0,utilitaire_camion,voiture,5,1,1,1,-1
202000043529,2020-10-23 15:20:00,2020,10,23,15,20,59,59309,46 Rue Coppens,50.983424,2.584571,Plein jour,En agglomération,Intersection en T,Normale,Sans collision,3,2,2,0,1,1,1,0,1,50,1,1,0,0,1,0,16.0,,deux_roues,,1,2,3,1,7
202000043530,2020-10-24 15:25:00,2020,10,24,15,25,60,60176,D332,49.223347,2.892242,Plein jour,En agglomération,Giratoire,Normale,Sans collision,3,2,2,0,2,1,2,0,5,50,1,1,0,0,0,1,15.0,,deux_roues,,1,2,6,1,7
202000043531,2020-05-24 16:00:00,2020,5,24,16,0,988,98818,RUE COPERNIC,-22.23186,166.42324,Plein jour,En agglomération,Hors intersection,Normale,Autre collision,4,2,2,0,1,1,1,0,4,50,1,2,1,0,0,1,24.0,,voiture,,1,2,1,1,6
202000043532,2020-10-24 01:30:00,2020,10,24,1,30,60,60380,D922,49.1449721,3.0578606,Nuit sans éclairage public,Hors agglomération,Hors intersection,Normale,Autre collision,3,2,2,0,2,1,1,0,1,80,1,1,0,1,0,0,40.0,,voiture,,3,1,1,1,6
202000043533,2020-05-22 15:05:00,2020,5,22,15,5,988,98818,RUE AUGUSTE BENEBIG,-22.26861,166.46128,Plein jour,En agglomération,Hors intersection,Normale,Deux véhicules - côté,4,2,2,0,2,1,1,0,1,50,2,3,2,0,0,1,35.0,53.0,deux_roues,utilitaire_camion,1,2,1,1,3
202000043534,2020-10-23 21:00:00,2020,10,23,21,0,23,23165,D3,45.82776,1.915301,Nuit sans éclairage public,Hors agglomération,Hors intersection,Temps couvert,Sans collision,3,2,2,0,2,2,2,0,3,90,1,3,2,0,0,1,18.0,,voiture,,3,1,1,8,7
202000043535,2020-05-23 22:50:00,2020,5,23,22,50,973,97302,MONTABO (ROUTE DE) 1,4.9369333,-52.2975397,Nuit avec éclairage allumé,En agglomération,Hors intersection,Pluie légère,Trois véhicules et plus - en chaîne,3,2,4,2,1,1,2,0,3,50,3,4,0,0,0,4,23.0,,utilitaire_camion,,5,2,1,2,4
202000043536,2020-10-23 15:29:00,2020,10,23,15,29,57,57018,D955,48.830091,6.493821,Plein jour,Hors agglomération,Intersection en X,Pluie légère,Deux véhicules - côté,3,2,2,0,1,1,2,5,1,80,2,2,1,0,1,0,20.0,43.0,voiture,utilitaire_camion,1,1,2,2,3
202000043537,2020-05-24 20:10:00,2020,5,24,20,10,69,69383,MARIUS VIVIER MERLE                 (BD),45.75365,4.85923,Crépuscule ou aube,En agglomération,Intersection en X,Normale,,4,2,5,3,1,1,1,5,1,50,2,2,1,0,0,1,22.0,52.0,voiture,deux_roues,2,2,2,1,-1
202000043538,2020-10-22 14:00:00,2020,10,22,14,0,51,51090,D39,48.785767,3.861716,Plein jour,Hors agglomération,Intersection en T,Normale,Deux véhicules - côté,3,2,2,0,1,1,1,0,1,80,2,6,2,0,1,3,70.0,57.0,voiture,utilitaire_camion,1,1,3,1,3
202000043539,2020-05-24 06:45:00,2020,5,24,6,45,69,69388,FRERES LUMIERE (DES)                (AV),45.74363,4.8725946,Plein jour,En agglomération,Hors intersection,Normale,Autre collision,4,1,3,1,1,1,1,0,4,50,1,2,1,0,1,0,22.0,,voiture,,1,2,1,1,6
202000043540,2020-05-23 21:30:00,2020,5,23,21,30,972,97213,ROUTE DEPARTEMENTALE 3,14.6308,-60.9892,Nuit avec éclairage allumé,Hors agglomération,Giratoire,Normale,Sans collision,3,2,2,0,1,1,1,0,1,70,1,2,0,0,0,2,29.0,,deux_roues,,5,1,6,1,7
202000043541,2020-10-19 15:50:00,2020,10,19,15,50,19,19274,La Gare,45.179602,1.494999,Plein jour,Hors agglomération,Hors intersection,Pluie légère,Sans collision,3,2,2,0,1,1,2,0,3,90,1,1,0,0,1,0,47.0,,deux_roues,,1,1,1,2,7
202000043542,2020-10-23 12:35:00,2020,10,23,12,35,56,56185,Rue Professeur René Lote,47.777245,-3.406491,Plein jour,Hors agglomération,Hors intersection,Normale,Sans collision,3,2,2,1,1,3,1,0,5,80,1,1,0,0,1,0,18.0,,deux_roues,,1,1,1,1,7
202000043543,2020-05-24 13:05:00,2020,5,24,13,5,95,95637,OISE (BOULEVARD DE L'),49.035721,2.017477,Plein jour,En agglomération,Giratoire,Normale,Deux véhicules - côté,4,2,2,0,1,3,1,9,1,50,2,2,1,0,0,1,42.0,32.0,deux_roues,voiture,1,2,6,1,3
202000043544,2020-10-24 00:24:00,2020,10,24,0,24,32,32208,12 Lieu Dit Vieille Cote,43.927483,0.627573,Nuit sans éclairage public,Hors agglomération,Autre intersection,Normale,Autre collision,2,2,2,0,2,2,1,0,3,70,1,2,1,0,1,0,20.0,,voiture,,3,1,9,1,6
202000043545,2020-10-24 09:45:00,2020,10,24,9,45,80,80533,D925,50.059126,1.408685,Plein jour,Hors agglomération,Hors intersection,Normale,Deux véhicules - arrière,3,2,2,0,1,1,1,0,1,80,2,2,0,0,0,2,23.0,34.0,voiture,voiture,1,1,1,1,2
202000043546,2020-10-24 17:20:00,2020,10,24,17,20,47,47315,D911,44.423544,0.842954,Plein jour,Hors agglomération,Intersection en X,Normale,Deux véhicules - côté,3,2,2,0,1,1,1,0,1,80,2,2,0,0,1,1,83.0,23.0,voiture,deux_roues,1,1,2,1,3
202000043547,2020-10-24 07:15:00,2020,10,24,7,15,34,34126,3 Route du Poujol,43.587152,3.080184,Nuit avec éclairage allumé,En agglomération,Hors intersection,Normale,Autre collision,3,2,2,0,1,1,2,0,3,70,1,1,0,0,1,0,21.0,,voiture,,5,2,1,1,6
202000043548,2020-10-24 10:30:00,2020,10,24,10,30,25,25248,30 rue principale,47.200262,6.745788,Plein jour,En agglomération,Hors intersection,Normale,Autre collision,3,2,2,0,1,1,1,0,3,50,1,1,0,1,0,0,87.0,,voiture,,1,2,1,1,6
202000043549,2020-10-23 10:15:00,2020,10,23,10,15,29,29056,D233,48.441273,-4.284539,Plein jour,Hors agglomération,Hors intersection,Normale,Autre collision,3,2,2,0,2,3,2,0,3,80,1,1,0,0,1,0,15.0,,deux_roues,,1,1,1,1,6
202000043550,2020-10-24 16:45:00,2020,10,24,16,45,05,05130,2133 Rue du Rocher,44.556243,6.363337,Plein jour,Hors agglomération,Hors intersection,Normale,Deux véhicules - frontale,3,2,2,0,1,4,1,0,3,80,2,2,1,0,0,1,73.0,31.0,deux_roues,deux_roues,1,1,1,1,1
202000043551,2020-10-24 17:05:00,2020,10,24,17,5,50,50468,La Briquerie,49.230294,-1.118674,Plein jour,Hors agglomération,Hors intersection,Temps couvert,Sans collision,3,2,2,0,1,1,2,0,1,80,1,2,0,0,0,2,28.0,,deux_roues,,1,1,1,8,7
202000043552,2020-10-24 16:22:00,2020,10,24,16,22,18,18058,D35,46.843227,2.329853,Plein jour,Hors agglomération,Hors intersection,Temps couvert,Autre collision,3,2,2,0,1,1,1,0,3,80,1,1,0,0,1,0,64.0,,voiture,,1,1,1,8,6
202000043553,2020-10-24 08:55:00,2020,10,24,8,55,07,07066,D2,44.705224,4.657425,Plein jour,Hors agglomération,Autre intersection,Brouillard / fumée,Autre collision,3,3,2,0,1,1,1,9,1,70,1,2,1,1,0,0,82.0,,voiture,,1,1,9,5,6
202000043554,2020-10-23 09:15:00,2020,10,23,9,15,53,53014,D22,47.804628,-0.6594372,Plein jour,Hors agglomération,Hors intersection,Brouillard / fumée,Deux véhicules - côté,3,2,2,0,4,1,1,0,1,80,2,2,1,0,1,0,18.0,46.0,utilitaire_camion,deux_roues,1,1,1,5,3
202000043555,2020-10-19 20:20:00,2020,10,19,20,20,21,21425,Rue du Parc,47.624511,4.337255,Nuit sans éclairage public,En agglomération,Hors intersection,Pluie légère,Autre collision,4,1,1,0,1,1,2,0,1,50,1,2,1,0,1,0,18.0,,voiture,,3,2,1,2,6
202000043556,2020-10-20 08:45:00,2020,10,20,8,45,24,24521,lieu dit Brugeaud,45.244331,0.873156,Plein jour,Hors agglomération,Hors intersection,Temps couvert,Deux véhicules - frontale,4,2,2,0,2,4,2,0,1,80,2,2,1,0,0,1,48.0,48.0,voiture,voiture,1,1,1,8,1
202000043557,2020-10-24 13:15:00,2020,10,24,13,15,24,24156,D710,45.049046,0.858198,Plein jour,Hors agglomération,Hors intersection,Normale,Deux véhicules - frontale,3,2,2,0,1,1,1,0,1,80,2,3,1,0,1,1,55.0,24.0,voiture,voiture,1,1,1,1,1
202000043558,2020-10-23 06:40:00,2020,10,23,6,40,27,27011,D81,49.220393,0.916232,Nuit sans éclairage public,Hors agglomération,Intersection en Y,Brouillard / fumée,Sans collision,3,2,2,0,1,1,2,0,1,80,1,1,0,0,0,1,30.0,,deux_roues,,3,1,4,5,7
202000043559,2020-10-24 01:00:00,2020,10,24,1,0,17,17024,Chemin des Tanneries,46.01966,-0.359824,Nuit sans éclairage public,Hors agglomération,Hors intersection,Normale,Autre collision,3,2,2,0,1,1,1,0,3,80,1,3,1,0,1,1,19.0,,voiture,,3,1,1,1,6
202000043560,2020-10-24 10:20:00,2020,10,24,10,20,68,68021,A35,47.64628,7.494628,Plein jour,Hors agglomération,Hors intersection,Temps éblouissant,Trois véhicules et plus - en chaîne,1,3,4,0,1,1,2,8,1,90,3,3,2,0,0,1,47.0,27.0,voiture,utilitaire_camion,1,1,1,7,4
202000043561,2020-10-24 14:20:00,2020,10,24,14,20,66,66228,Route de Baixas,42.708713,2.795543,Plein jour,Hors agglomération,Intersection en T,Normale,Deux véhicules - côté,3,2,2,0,2,1,1,5,1,80,2,2,1,0,1,0,73.0,58.0,voiture,deux_roues,1,1,3,1,3
202000043562,2020-10-22 17:55:00,2020,10,22,17,55,976,97603,N3,-12.893852,45.201077,Crépuscule ou aube,En agglomération,Hors intersection,Normale,Autre collision,2,2,2,0,1,1,1,0,1,50,1,2,1,0,1,0,30.0,,voiture,,2,2,1,1,6
202000043563,2020-10-23 11:35:00,2020,10,23,11,35,17,17099,D730,45.263802,-0.33298,Plein jour,Hors agglomération,Intersection en T,Temps couvert,Deux véhicules - arrière,3,2,2,0,1,1,2,0,1,80,2,3,1,0,0,2,82.0,49.0,voiture,utilitaire_camion,1,1,3,8,2
202000043564,2020-10-22 22:00:00,2020,10,22,22,0,34,34213,Avenue d'Issanka,43.481885,3.686256,Nuit sans éclairage public,Hors agglomération,Hors intersection,Normale,Deux véhicules - arrière,1,3,4,0,1,1,1,0,1,130,2,5,4,0,1,0,46.0,23.0,voiture,voiture,3,1,1,1,2
202000043565,2020-10-24 19:15:00,2020,10,24,19,15,988,98817,Route du Sud,-22.30064,166.6858,Nuit sans éclairage public,Hors agglomération,Hors intersection,Normale,Autre collision,3,2,2,0,1,1,1,0,3,70,1,2,0,0,2,0,25.0,,utilitaire_camion,,3,1,1,1,6
202000043566,2020-10-23 21:00:00,2020,10,23,21,0,973,97311,31 Rue Simon,5.498032,-54.029276,Nuit avec éclairage allumé,En agglomération,Intersection en X,Normale,Deux véhicules - côté,4,2,2,0,1,1,1,5,1,50,2,4,2,0,2,0,20.0,36.0,deux_roues,voiture,5,2,2,1,3
202000043567,2020-10-22 18:20:00,2020,10,22,18,20,971,97117,Route de Neron,16.32955,-61.396413,Nuit sans éclairage public,En agglomération,Autre intersection,Normale,Autre collision,2,2,2,0,1,1,1,0,3,80,1,2,1,0,0,1,52.0,,voiture,,3,2,9,1,6
202000043568,2020-10-23 18:40:00,2020,10,23,18,40,91,91630,2 Chemin des Bienfaits,48.572941,2.069814,Crépuscule ou aube,En agglomération,Intersection en X,Normale,Deux véhicules - frontale,4,2,2,0,2,1,1,5,1,-1,2,2,1,0,1,0,59.0,17.0,voiture,deux_roues,2,2,2,1,1
202000043569,2020-10-24 16:45:00,2020,10,24,16,45,11,11379,D6009,43.035781,2.96892,Plein jour,Hors agglomération,Hors intersection,Normale,Deux véhicules - frontale,3,-1,3,0,1,1,1,0,1,80,2,3,0,0,1,2,31.0,36.0,voiture,deux_roues,1,1,1,1,1
202000043570,2020-10-23 15:40:00,2020,10,23,15,40,67,67282,6 Impasse du Capitaine North,48.619309,7.484042,Plein jour,Hors agglomération,Hors intersection,Pluie légère,Deux véhicules - frontale,3,2,2,0,1,1,2,0,1,80,2,3,0,0,0,3,56.0,27.0,voiture,utilitaire_camion,1,1,1,2,1
202000043571,2020-10-23 16:00:00,2020,10,23,16,0,74,74226,D20,46.18158,6.373438,Plein jour,Hors agglomération,Hors intersection,Pluie légère,Sans collision,3,2,2,0,2,1,2,2,1,80,1,1,0,0,0,1,47.0,,utilitaire_camion,,1,1,1,2,7
202000043572,2020-10-24 16:20:00,2020,10,24,16,20,38,38205,Route Forestière de Servagnet,45.12379,5.55695,Plein jour,Hors agglomération,Hors intersection,Normale,Deux véhicules - frontale,5,2,2,0,2,3,9,0,1,-1,2,3,2,1,0,0,45.0,13.0,voiture,deux_roues,1,1,1,1,1
202000043573,2020-10-23 17:55:00,2020,10,23,17,55,69,69227,Route de Rontalon,45.657818,4.556451,Crépuscule ou aube,En agglomération,Hors intersection,Temps couvert,Sans collision,3,2,2,0,2,3,2,0,1,50,1,1,0,0,1,0,71.0,,deux_roues,,2,2,1,8,7
202000043574,2020-10-23 19:45:00,2020,10,23,19,45,61,61341,La Pesantiere Radon,48.496545,0.086839,Nuit avec éclairage allumé,En agglomération,Intersection en T,Normale,Autre collision,3,2,2,0,1,1,1,0,3,50,1,1,0,0,1,0,51.0,,voiture,,5,2,3,1,6
202000043575,2020-10-24 09:30:00,2020,10,24,9,30,22,22171,D790,48.421056,-2.831533,Plein jour,Hors agglomération,Hors intersection,Normale,Deux véhicules - frontale,3,2,2,0,2,1,2,0,1,80,2,3,0,2,1,0,21.0,75.0,voiture,voiture,1,1,1,1,1
202000043576,2020-10-23 19:10:00,2020,10,23,19,10,59,59228,CHEMIN DU HALAGE,50.327902,3.06555,Nuit sans éclairage public,Hors agglomération,Hors intersection,Normale,Sans collision,9,-1,5,0,1,1,1,0,8,-1,1,1,0,0,0,1,18.0,,deux_roues,,3,1,1,1,7
202000043577,2020-10-23 10:00:00,2020,10,23,10,0,59,59440,Residence au Dela de l'Eau,50.285384,3.392876,Plein jour,En agglomération,Intersection en T,Normale,Deux véhicules - côté,4,2,2,0,2,1,1,0,1,50,2,2,1,0,0,1,69.0,71.0,voiture,deux_roues,1,2,3,1,3
202000043578,2020-10-23 13:20:00,2020,10,23,13,20,13,13055,A507 sens Marseille - Aubagne,43.3371356,5.3788765,Plein jour,Hors agglomération,Hors intersection,Temps couvert,Autre collision,7,1,1,0,1,1,2,0,1,70,1,4,0,0,1,3,47.0,,voiture,,1,1,1,8,6
202000043579,2020-10-23 09:10:00,2020,10,23,9,10,13,13117,A7-Sens Lyon vers Marseille,43.4421279,5.2470394,Plein jour,Hors agglomération,Hors intersection,Pluie légère,Deux véhicules - côté,1,1,2,0,1,1,2,0,1,90,2,2,1,0,0,1,20.0,24.0,voiture,deux_roues,1,1,1,2,3
202000043580,2020-10-23 12:56:00,2020,10,23,12,56,69,69271,RN346  38+250,45.72647,4.976,Plein jour,Hors agglomération,Hors intersection,Pluie légère,,2,3,2,0,1,1,2,0,1,90,2,3,1,0,0,2,46.0,30.0,utilitaire_camion,voiture,1,1,1,2,-1
202000043581,2020-10-23 07:10:00,2020,10,23,7,10,33,33249,ROUTE NATIONALE 230,44.8796,-0.50993,Nuit avec éclairage allumé,Hors agglomération,Hors intersection,Pluie légère,Trois véhicules et plus - en chaîne,2,3,6,0,1,1,2,0,1,90,3,3,2,0,0,1,30.0,44.0,utilitaire_camion,voiture,5,1,1,2,4
202000043582,2020-10-23 18:15:00,2020,10,23,18,15,91,91161,AUTOROUTE A6,48.71612,2.3094,Crépuscule ou aube,Hors agglomération,Hors intersection,Normale,Deux véhicules - côté,1,3,6,0,1,1,1,0,1,110,2,2,1,0,0,1,20.0,34.0,voiture,deux_roues,2,1,1,1,3
202000043583,2020-10-23 18:20:00,2020,10,23,18,20,94,94038,AUTOROUTE A6B,48.77637,2.34657,Plein jour,Hors agglomération,Hors intersection,Normale,Trois véhicules et plus - en chaîne,1,3,3,0,1,1,1,0,1,90,3,4,3,0,0,1,21.0,83.0,utilitaire_camion,voiture,1,1,1,1,4
202000043584,2020-10-23 16:45:00,2020,10,23,16,45,91,91377,AUTOROUTE A10,48.7285,2.30506,Plein jour,Hors agglomération,Hors intersection,Normale,Deux véhicules - arrière,1,-1,3,0,1,1,1,0,1,90,2,4,3,0,0,1,71.0,36.0,voiture,voiture,1,1,1,1,2
202000043585,2020-10-23 14:40:00,2020,10,23,14,40,94,94038,AUTOROUTE A6A,48.7792381,2.3464069,Plein jour,Hors agglomération,Hors intersection,Normale,Trois véhicules et plus - collisions multiples,1,-1,3,0,1,1,1,0,1,90,3,3,1,0,0,2,41.0,53.0,utilitaire_camion,voiture,1,1,1,1,5
202000043586,2020-10-23 07:10:00,2020,10,23,7,10,93,93007,AUTOROUTE A3,48.9354256,2.4803821,Nuit sans éclairage public,Hors agglomération,Hors intersection,Normale,Deux véhicules - côté,1,3,6,0,1,1,1,0,1,90,2,2,1,0,0,1,35.0,45.0,utilitaire_camion,voiture,3,1,1,1,3
202000043587,2020-10-23 00:45:00,2020,10,23,0,45,988,98818,RUE CHARLES PEGUY/RUE VICTOR HUGO,-22.28233,166.44529,Nuit avec éclairage allumé,En agglomération,Intersection en X,Normale,Autre collision,4,2,2,0,2,1,1,0,1,50,1,5,2,0,0,3,19.0,,voiture,,5,2,2,1,6
202000043588,2020-10-22 12:15:00,2020,10,22,12,15,976,97611,tsoundzou-KOUALE ( rue de ),-12.80747,45.2053,Plein jour,En agglomération,Intersection en T,Normale,Deux véhicules - côté,4,2,0,0,1,1,1,0,1,50,2,2,1,0,0,1,52.0,16.0,voiture,deux_roues,1,2,3,1,3
202000043589,2020-10-21 18:50:00,2020,10,21,18,50,974,97411,BONNIER (ALLEE),-20.88136,55.45964,Nuit avec éclairage allumé,En agglomération,Giratoire,Normale,Autre collision,4,2,2,0,1,1,1,9,1,50,1,2,1,0,0,1,70.0,,voiture,,5,2,6,1,6
202000043590,2020-10-21 16:34:00,2020,10,21,16,34,974,97411,JAURES (BLD 1 JEAN),-20.8903,55.4599,Plein jour,En agglomération,Hors intersection,Normale,Deux véhicules - côté,2,1,2,0,1,1,1,1,1,70,2,2,1,0,0,1,45.0,29.0,voiture,deux_roues,1,2,1,1,3
202000043591,2020-10-21 07:45:00,2020,10,21,7,45,974,97411,Chemin de la convalescence,-20.922805,55.448781,Plein jour,Hors agglomération,Autre intersection,Normale,Deux véhicules - côté,4,2,2,0,2,2,1,0,1,50,2,4,0,0,0,4,20.0,51.0,voiture,voiture,1,1,9,1,3
202000043592,2020-10-22 08:10:00,2020,10,22,8,10,973,97302,SOURCE DE BADUEL (CHEMIN DE LA),4.9309474,-52.3091054,Plein jour,En agglomération,Hors intersection,Normale,Deux véhicules - côté,4,2,2,0,1,1,1,0,1,50,2,4,2,0,0,2,40.0,58.0,deux_roues,voiture,1,2,1,1,3
202000043593,2020-10-22 13:34:00,2020,10,22,13,34,69,69387,MARSEILLE (DE)                      (R ),45.74831,4.83786,Plein jour,En agglomération,Hors intersection,Pluie légère,Trois véhicules et plus - en chaîne,4,1,2,2,1,1,2,0,1,50,3,2,1,0,0,1,33.0,34.0,utilitaire_camion,voiture,1,2,1,2,4
202000043594,2020-10-22 11:35:00,2020,10,22,11,35,69,69259,PIERRE SEMARD                       (AV),45.71184,4.87481,Plein jour,En agglomération,Intersection en X,Pluie légère,Deux véhicules - côté,4,2,5,1,2,1,2,2,5,50,2,2,1,0,0,1,36.0,33.0,voiture,deux_roues,1,2,2,2,3
202000043595,2020-10-21 02:05:00,2020,10,21,2,5,972,97209,LEOPOLD BISSOL (BOULEVARD),14.6145448,-61.0731006,Nuit avec éclairage allumé,En agglomération,Intersection en T,Normale,Deux véhicules - arrière,4,2,2,0,1,1,1,0,1,50,2,3,1,0,2,0,30.0,33.0,deux_roues,voiture,5,2,3,1,2
202000043596,2020-10-22 20:00:00,2020,10,22,20,0,95,95252,MAURICE DALESME (RUE),48.99241,2.2374,Nuit avec éclairage allumé,En agglomération,Intersection en T,Normale,Deux véhicules - frontale,4,1,1,1,1,1,1,0,1,50,2,2,1,0,0,1,48.0,20.0,deux_roues,voiture,5,2,3,1,1
202000043597,2020-10-22 03:40:00,2020,10,22,3,40,84,84087,MARTIGNAN (CHEMIN),44.1352,4.7818,Nuit sans éclairage public,Hors agglomération,Hors intersection,Autre,Autre collision,4,2,1,0,1,1,1,0,1,50,1,1,0,0,1,0,28.0,,voiture,,3,1,1,9,6
202000043598,2020-10-21 10:10:00,2020,10,21,10,10,83,83069,MOULIN (AVENUE JEAN),43.10686,6.12958,Plein jour,En agglomération,Hors intersection,Normale,Trois véhicules et plus - collisions multiples,4,2,2,0,1,2,1,0,1,50,3,4,3,0,0,1,35.0,80.0,voiture,voiture,1,2,1,1,5
202000043599,2020-08-02 19:30:00,2020,8,2,19,30,78,78126,ETANGS  (AVENUE DES),48.845229,2.130461,Plein jour,En agglomération,Hors intersection,Normale,Deux véhicules - frontale,4,1,-1,-1,1,1,1,0,1,-1,2,2,1,0,1,0,17.0,31.0,deux_roues,deux_roues,1,2,1,1,1
202000043600,2020-10-22 10:40:00,2020,10,22,10,40,78,78551,RD 190,48.918733,2.058614,Plein jour,Hors agglomération,Autre intersection,Normale,Autre collision,6,-1,0,0,1,1,1,0,8,10,1,1,0,0,0,1,86.0,,voiture,,1,1,9,1,6
202000043601,2020-10-22 14:20:00,2020,10,22,14,20,78,78440,VERNEUIL (ROUTE DE),48.997572,1.913766,Plein jour,En agglomération,Intersection en X,Normale,Deux véhicules - côté,3,-1,2,0,1,1,1,0,1,50,2,4,3,0,1,0,24.0,49.0,voiture,voiture,1,2,2,1,3
202000043602,2020-10-22 09:35:00,2020,10,22,9,35,69,69290,JULES FERRY                         (R ),45.69508,4.94709,Plein jour,En agglomération,Intersection en X,Normale,Deux véhicules - arrière,4,3,3,1,2,1,1,0,1,50,2,2,1,0,0,1,20.0,51.0,voiture,transport_commun,1,2,2,1,2
202000043603,2020-10-21 01:05:00,2020,10,21,1,5,67,67482,DORDOGNE (BOULEVARD DE LA),48.589859,7.767125,Nuit avec éclairage allumé,En agglomération,Hors intersection,Normale,Autre collision,4,2,2,0,1,1,1,0,1,50,1,2,1,0,0,1,76.0,,voiture,,5,2,1,1,6
202000043604,2020-10-21 13:45:00,2020,10,21,13,45,66,66136,POUDRIERE (CHEMIN DE LA),42.71541,2.89556,Plein jour,En agglomération,Hors intersection,Normale,Deux véhicules - arrière,4,2,2,0,1,1,1,0,1,50,2,2,0,0,0,2,57.0,,transport_commun,,1,2,1,1,2
202000043605,2020-10-21 09:04:00,2020,10,21,9,4,66,66136,LANGEVIN (BOULEVARD PAUL),42.68557,2.87327,Plein jour,En agglomération,Intersection en T,Normale,Deux véhicules - côté,4,2,2,0,1,1,1,0,1,50,2,2,0,0,0,2,36.0,53.0,voiture,voiture,1,2,3,1,3
202000043606,2020-10-20 21:07:00,2020,10,20,21,7,66,66136,JOFFRE (AVENUE DU MARECHAL CD 88),42.70413,2.89274,Nuit avec éclairage allumé,En agglomération,Hors intersection,Normale,Autre collision,4,2,3,0,1,1,1,0,1,50,1,2,1,0,1,0,32.0,,voiture,,5,2,1,1,6
202000043607,2020-10-21 16:35:00,2020,10,21,16,35,64,64445,LYAUTEY,43.3044,-0.3674,Plein jour,En agglomération,Hors intersection,Normale,Deux véhicules - côté,4,1,1,0,1,3,1,0,1,30,2,2,1,0,0,1,4.0,25.0,deux_roues,voiture,1,2,1,1,3
202000043608,2020-10-21 22:48:00,2020,10,21,22,48,63,63113,JACOBINS (RUE DES),45.7808492,3.0914886,Nuit avec éclairage allumé,En agglomération,Intersection en T,Normale,Autre collision,4,2,2,0,1,1,1,0,1,50,1,2,0,0,0,2,19.0,,voiture,,5,2,3,1,6
202000043609,2020-10-16 08:30:00,2020,10,16,8,30,62,62193,VERDUN (RUE DE),50.952,1.83254,Plein jour,En agglomération,Giratoire,Normale,Autre collision,3,1,1,0,1,1,1,0,1,50,1,2,1,0,1,0,39.0,,utilitaire_camion,,1,2,6,1,6
202000043610,2020-10-20 18:25:00,2020,10,20,18,25,54,54079,D657,48.883,6.0534,Crépuscule ou aube,En agglomération,Hors intersection,Pluie légère,Autre collision,3,2,3,0,1,1,2,0,1,50,1,2,1,0,0,1,57.0,,voiture,,2,2,1,2,6
202000043611,2020-10-19 18:10:00,2020,10,19,18,10,52,52534,Route de Saint-Dizier,48.65621,4.91735,Plein jour,Hors agglomération,Hors intersection,Normale,Autre collision,4,-1,2,0,1,4,1,0,8,50,1,2,1,0,1,0,25.0,,voiture,,1,1,1,1,6
202000043612,2020-10-22 17:15:00,2020,10,22,17,15,50,50218,CRETE  (RUE DE LA),48.8246,-1.57659,Plein jour,Hors agglomération,Hors intersection,Normale,Deux véhicules - frontale,3,2,2,3,2,1,1,0,1,70,2,2,0,0,0,2,54.0,66.0,deux_roues,deux_roues,1,1,1,1,1
202000043613,2020-10-21 10:50:00,2020,10,21,10,50,50,50129,NORMANDIE (AVENUE DE),49.62694,-1.63543,Plein jour,En agglomération,Intersection en T,Pluie légère,Deux véhicules - frontale,4,2,2,0,1,1,2,5,1,50,2,2,1,0,0,1,18.0,76.0,deux_roues,voiture,1,2,3,2,1
202000043614,2020-10-22 12:10:00,2020,10,22,12,10,45,45234,D951 PR 92 + 120,47.89478,1.90299,Plein jour,En agglomération,Intersection en T,Normale,Trois véhicules et plus - en chaîne,3,2,2,0,1,1,2,0,1,50,3,3,2,0,0,1,52.0,73.0,voiture,voiture,1,2,3,1,4
202000043615,2020-10-21 10:55:00,2020,10,21,10,55,37,37261,POMPIDOU (AVENUE GEORGES),47.3836624,0.710987,Plein jour,En agglomération,Hors intersection,Normale,Deux véhicules - arrière,4,2,4,0,4,1,1,0,2,50,2,2,1,0,0,1,36.0,23.0,voiture,voiture,1,2,1,1,2
202000043616,2020-10-21 08:30:00,2020,10,21,8,30,37,37233,LOIRE (LEVEE DE LA),47.3991346,0.7362049,Plein jour,En agglomération,Hors intersection,Normale,Sans collision,3,2,2,0,1,1,2,0,1,50,1,1,0,0,0,1,39.0,,voiture,,1,2,1,1,7
202000043617,2020-10-22 15:55:00,2020,10,22,15,55,35,35238,VOLTAIRE (BD),48.105112,-1.69837,Plein jour,En agglomération,Hors intersection,Normale,Autre collision,4,2,3,0,1,1,1,0,1,50,1,2,1,0,0,1,30.0,,voiture,,1,2,1,1,6
202000043618,2020-10-22 14:15:00,2020,10,22,14,15,35,35051,DOMLOUP (ROUTE DE),48.11057,-1.5853,Plein jour,En agglomération,Hors intersection,Normale,Sans collision,4,1,1,0,1,2,1,5,1,50,1,1,0,0,0,1,64.0,,deux_roues,,1,2,1,1,7
202000043619,2020-10-22 07:55:00,2020,10,22,7,55,35,35278,BOUTIERE (BOULEVARD DE LA),48.14733,-1.69656,Crépuscule ou aube,En agglomération,Autre intersection,Pluie légère,Sans collision,4,2,2,0,1,1,2,0,1,50,1,1,0,0,0,1,17.0,,deux_roues,,2,2,9,2,7