accident_id,datetime,annee,mois,jour,heure,minute,departement,commune_insee,adresse,latitude,longitude,luminosite,agglomeration,intersection,meteo,collision,catr,circ,nbv,vosp,prof,plan,surf,infra,situ,vma,nb_vehicules,nb_usagers,nb_indemnes,nb_tues,nb_blesses_hosp,nb_blesses_legers,age_cond_1,age_cond_2,veh_type_cond_1,veh_type_cond_2,lum_code,agg_code,int_code,atm_code,col_code
202000043800,2020-12-04 19:10:00,2020,12,4,19,10,92,92044,ARISTIDE BRIAND(RUE)1A49 ET 2A52,48.8904158,2.283646,Nuit avec éclairage allumé,En agglomération,Intersection en X,Pluie légère,Deux véhicules - côté,4,1,2,0,1,1,2,0,1,50,2,2,1,0,0,1,23.0,28.0,deux_roues,voiture,5,2,2,2,3
202000043801,2020-12-04 15:30:00,2020,12,4,15,30,92,92026,ALMA,48.8968,2.25465,Plein jour,En agglomération,Hors intersection,Normale,Deux véhicules - côté,3,2,4,1,1,1,1,0,1,50,2,2,1,0,0,1,28.0,49.0,deux_roues,voiture,1,2,1,1,3
202000043802,2020-12-04 15:40:00,2020,12,4,15,40,92,92012,SILLY (RUE DE) 1/87 - 2/88,48.8390552,2.2320022,Plein jour,En agglomération,Intersection en X,Normale,Sans collision,3,2,2,0,1,1,8,0,1,50,1,1,0,0,1,0,21.0,,deux_roues,,1,2,2,1,7
202000043803,2020-12-04 11:10:00,2020,12,4,11,10,92,92012,RHIN ET DANUBE (ROND POINT),48.840824,2.228824,Plein jour,En agglomération,Giratoire,Normale,,3,2,2,0,1,1,1,0,1,50,2,2,1,0,0,1,46.0,35.0,deux_roues,voiture,1,2,6,1,-1
202000043804,2020-12-03 20:15:00,2020,12,3,20,15,92,92009,CHEVREUL ( AVENUE ),48.9084284,2.2655815,Nuit avec éclairage allumé,En agglomération,Autre intersection,Pluie légère,Autre collision,4,1,1,0,1,1,2,0,1,50,1,2,1,0,0,1,70.0,,voiture,,5,2,9,2,6
202000043805,2020-12-04 10:50:00,2020,12,4,10,50,86,86107,Le Ponteil,46.368834,0.654526,Plein jour,Hors agglomération,Intersection en Y,Normale,Deux véhicules - frontale,3,2,2,0,2,2,2,0,1,80,2,3,1,0,1,1,32.0,62.0,voiture,voiture,1,1,4,1,1
202000043806,2020-12-04 19:25:00,2020,12,4,19,25,972,97218,Boulevard General de Gaulle,14.767035,-61.123356,Nuit avec éclairage allumé,En agglomération,Hors intersection,Normale,Autre collision,2,2,2,0,2,2,1,0,8,-1,1,4,0,2,0,2,37.0,,voiture,,5,2,1,1,6
202000043807,2020-12-05 04:45:00,2020,12,5,4,45,14,14027,Hamel aux Helenes - Aunay (Aunay-sur-Odon),49.006289,-0.633023,Nuit sans éclairage public,Hors agglomération,Hors intersection,Neige / grêle,Autre collision,3,2,2,0,2,3,7,0,3,80,1,1,0,0,1,0,24.0,,voiture,,3,1,1,4,6
202000043808,2020-12-04 17:40:00,2020,12,4,17,40,72,72008,Avenue de la Gautrie,47.945934,0.182644,Nuit avec éclairage allumé,En agglomération,Hors intersection,Normale,Deux véhicules - côté,3,2,2,0,1,1,1,0,1,50,2,2,1,0,1,0,59.0,52.0,deux_roues,voiture,5,2,1,1,3
202000043809,2020-12-04 15:10:00,2020,12,4,15,10,59,59331,Route d'Happegarbes,50.129572,3.682582,Plein jour,En agglomération,Hors intersection,Temps éblouissant,Autre collision,3,2,2,0,1,1,1,0,1,50,1,2,1,1,0,0,49.0,,voiture,,1,2,1,7,6
202000043810,2020-12-04 12:30:00,2020,12,4,12,30,74,74228,D1201,46.070685,6.079946,Plein jour,Hors agglomération,Hors intersection,Neige / grêle,Deux véhicules - frontale,3,2,3,0,2,1,5,0,1,80,2,6,1,0,0,5,40.0,19.0,voiture,voiture,1,1,1,4,1
202000043811,2020-12-04 15:32:00,2020,12,4,15,32,76,76550,route de la foret,49.384028,0.969801,Crépuscule ou aube,Hors agglomération,Hors intersection,Normale,Deux véhicules - arrière,3,2,2,0,4,1,1,0,1,80,2,2,1,0,1,0,64.0,66.0,voiture,deux_roues,2,1,1,1,2
202000043812,2020-12-04 20:10:00,2020,12,4,20,10,81,81128,21 avenue de castres,43.662342,2.346421,Nuit avec éclairage allumé,En agglomération,Hors intersection,Pluie légère,Autre collision,3,2,2,0,1,1,2,0,6,50,1,2,1,0,1,0,64.0,,voiture,,5,2,1,2,6
202000043813,2020-12-03 18:40:00,2020,12,3,18,40,32,32132,La Pachère,43.848881,0.676925,Nuit sans éclairage public,Hors agglomération,Intersection en T,Normale,Deux véhicules - côté,3,2,2,0,1,1,2,5,1,80,2,2,1,0,0,1,18.0,77.0,deux_roues,voiture,3,1,3,1,3
202000043814,2020-12-05 03:10:00,2020,12,5,3,10,71,71056,1275 Route des Vernets,46.645904,5.1509141,Nuit sans éclairage public,Hors agglomération,Hors intersection,Normale,Deux véhicules - frontale,3,2,2,0,1,1,2,0,1,80,2,3,1,0,2,0,43.0,55.0,utilitaire_camion,voiture,3,1,1,1,1
202000043815,2020-12-05 15:30:00,2020,12,5,15,30,61,61275,Les Quinze Sillons,48.714327,0.284861,Plein jour,Hors agglomération,Hors intersection,Pluie légère,Autre collision,3,2,2,0,4,2,2,0,3,90,1,1,0,1,0,0,47.0,,voiture,,1,1,1,2,6
202000043816,2020-12-05 00:00:00,2020,12,5,0,0,46,46340,Chemin des Pastourelles,44.51187,1.444327,Nuit sans éclairage public,Hors agglomération,Hors intersection,Pluie légère,Sans collision,3,2,2,0,1,1,2,0,8,80,1,1,0,1,0,0,56.0,,voiture,,3,1,1,2,7
202000043817,2020-12-03 15:40:00,2020,12,3,15,40,34,34084,Chemin de la Medaille,43.397814,3.206602,Plein jour,Hors agglomération,Hors intersection,Normale,Sans collision,4,2,1,0,2,2,1,0,3,80,1,1,0,0,1,0,65.0,,deux_roues,,1,1,1,1,7
202000043818,2020-12-05 13:15:00,2020,12,5,13,15,25,25240,D437,47.075754,6.617779,Plein jour,Hors agglomération,Intersection en X,Neige / grêle,Deux véhicules - côté,3,2,2,0,2,3,5,5,1,70,2,2,1,0,0,1,49.0,32.0,voiture,voiture,1,1,2,4,3
202000043819,2020-12-05 13:50:00,2020,12,5,13,50,29,29117,Lieu-dit Guervian,48.561176,-4.494363,Plein jour,Hors agglomération,Hors intersection,Pluie légère,Autre collision,4,2,2,0,1,3,2,0,3,80,1,2,0,0,0,2,42.0,,voiture,,1,1,1,2,6
202000043820,2020-12-05 12:50:00,2020,12,5,12,50,31,31208,D26,43.062899,0.822043,Plein jour,Hors agglomération,Intersection en T,Normale,Deux véhicules - côté,3,2,2,0,4,1,1,5,1,80,2,4,3,0,0,1,71.0,35.0,voiture,voiture,1,1,3,1,3
202000043821,2020-12-05 09:20:00,2020,12,5,9,20,15,15246,Route départementale RD 678,45.266279,2.602923,Plein jour,En agglomération,Hors intersection,Neige / grêle,Autre collision,3,2,2,0,1,2,5,0,3,-1,1,2,1,0,1,0,48.0,,voiture,,1,2,1,4,6
202000043822,2020-12-04 17:20:00,2020,12,4,17,20,50,50615,Boulevard de Verdun,49.507981,-1.466592,Nuit avec éclairage allumé,En agglomération,Hors intersection,Normale,Autre collision,3,3,2,0,1,1,2,0,1,50,1,4,2,0,2,0,77.0,,voiture,,5,2,1,1,6
202000043823,2020-12-05 16:00:00,2020,12,5,16,0,18,18012,rue Saint Denis,47.132724,2.999654,Plein jour,En agglomération,Intersection en T,Normale,Autre collision,3,2,2,0,1,1,1,0,3,80,1,1,0,0,1,0,48.0,,deux_roues,,1,2,3,1,6
202000043824,2020-12-05 14:45:00,2020,12,5,14,45,27,27354,D80,49.169291,0.905957,Plein jour,Hors agglomération,Hors intersection,Pluie légère,Deux véhicules - frontale,3,2,2,0,1,3,2,0,1,80,2,3,0,0,2,1,23.0,77.0,voiture,voiture,1,1,1,2,1
202000043825,2020-12-04 19:45:00,2020,12,4,19,45,973,97309,Route de Degrad des Cannes,4.883422,-52.281994,Nuit sans éclairage public,Hors agglomération,Hors intersection,Normale,Deux véhicules - côté,3,2,2,0,1,1,1,0,1,-1,2,2,1,0,1,0,29.0,22.0,deux_roues,voiture,3,1,1,1,3
202000043826,2020-12-04 18:45:00,2020,12,4,18,45,973,97309,Avenue Gaston Monnerville,4.887628,-52.284831,Nuit avec éclairage allumé,Hors agglomération,Giratoire,Normale,Deux véhicules - frontale,3,1,1,0,1,3,1,0,1,50,2,2,1,0,0,1,56.0,15.0,voiture,deux_roues,5,1,6,1,1
202000043827,2020-12-05 13:10:00,2020,12,5,13,10,06,06059,A8 pk207.550 nord,43.744104,7.372255,Plein jour,Hors agglomération,Hors intersection,Temps couvert,Autre collision,1,3,4,0,2,1,1,0,1,90,1,1,0,0,1,0,49.0,,deux_roues,,1,1,1,8,6
202000043828,2020-12-04 20:05:00,2020,12,4,20,5,976,97607,"Route nationale 2 PK8,5",-12.835109,45.187626,Nuit sans éclairage public,Hors agglomération,Hors intersection,Normale,Deux véhicules - frontale,2,2,2,0,1,1,1,0,1,70,2,2,1,0,0,1,28.0,33.0,deux_roues,voiture,3,1,1,1,1
202000043829,2020-12-04 17:30:00,2020,12,4,17,30,57,57206,D952a,49.310629,6.115666,Nuit avec éclairage allumé,En agglomération,Intersection en T,Temps couvert,Trois véhicules et plus - collisions multiples,1,1,1,0,1,2,2,0,1,70,3,4,2,0,0,2,38.0,21.0,utilitaire_camion,voiture,5,2,3,8,5
202000043830,2020-12-04 12:25:00,2020,12,4,12,25,42,42037,Route de Saint Paul,45.661931,4.073723,Plein jour,Hors agglomération,Intersection en X,Normale,Trois véhicules et plus - collisions multiples,3,2,2,0,1,1,1,0,1,80,3,3,1,0,1,1,34.0,58.0,voiture,voiture,1,1,2,1,5
202000043831,2020-12-05 13:30:00,2020,12,5,13,30,38,38487,Chemin des Combes,45.568623,4.837353,Plein jour,Hors agglomération,Hors intersection,Normale,Deux véhicules - frontale,4,2,2,0,2,3,2,0,1,50,2,2,1,0,1,0,26.0,52.0,deux_roues,deux_roues,1,1,1,1,1
202000043832,2020-12-05 16:30:00,2020,12,5,16,30,26,26347,117 Avenue du Jean Jaures,45.069259,4.841511,Plein jour,En agglomération,Hors intersection,Normale,Deux véhicules - frontale,2,2,2,0,1,1,1,0,1,50,2,3,2,0,1,0,21.0,22.0,deux_roues,voiture,1,2,1,1,1
202000043833,2020-12-05 10:00:00,2020,12,5,10,0,07,07245,Chemin des près,45.077827,4.800376,Plein jour,En agglomération,Hors intersection,Normale,Autre collision,4,2,2,0,1,1,2,0,1,50,1,2,0,0,0,2,57.0,,voiture,,1,2,1,1,6
202000043834,2020-12-04 17:20:00,2020,12,4,17,20,69,69215,Route du Beaujolais,46.02448,4.663814,Nuit sans éclairage public,Hors agglomération,Hors intersection,Normale,Deux véhicules - frontale,3,2,2,0,2,1,2,0,1,80,2,2,0,0,2,0,22.0,39.0,voiture,voiture,3,1,1,1,1
202000043835,2020-12-05 11:10:00,2020,12,5,11,10,69,69067,D50e,45.754619,4.561343,Plein jour,Hors agglomération,Hors intersection,Normale,Deux véhicules - frontale,3,2,2,0,1,3,7,0,1,80,2,2,1,0,0,1,73.0,29.0,voiture,voiture,1,1,1,1,1
202000043836,2020-12-04 18:25:00,2020,12,4,18,25,17,17240,Landes du Lezard,45.251696,-0.403533,Nuit sans éclairage public,Hors agglomération,Hors intersection,Temps couvert,Deux véhicules - frontale,3,2,2,0,1,1,2,0,1,80,2,2,1,1,0,0,20.0,65.0,voiture,voiture,3,1,1,8,1
202000043837,2020-12-04 19:28:00,2020,12,4,19,28,33,33227,Boulevard François Mauriac,44.547,-0.255089,Nuit avec éclairage allumé,En agglomération,Intersection en X,Pluie légère,Deux véhicules - frontale,4,2,2,-1,1,1,2,0,1,50,2,2,1,0,1,0,15.0,56.0,deux_roues,voiture,5,2,2,2,1
202000043838,2020-12-05 04:15:00,2020,12,5,4,15,60,60282,route départementale 44,49.208135,2.453685,Nuit sans éclairage public,Hors agglomération,Hors intersection,Temps couvert,Autre collision,3,2,2,0,1,1,2,0,3,80,1,1,0,0,1,0,21.0,,voiture,,3,1,1,8,6
202000043839,2020-12-04 17:35:00,2020,12,4,17,35,59,59449,D938,50.480087,3.247463,Nuit avec éclairage allumé,En agglomération,Hors intersection,Normale,Deux véhicules - côté,3,2,2,1,2,1,1,2,1,50,2,2,1,0,1,0,39.0,21.0,voiture,deux_roues,5,2,1,1,3
202000043840,2020-12-04 14:35:00,2020,12,4,14,35,13,13005,A50-Sens Marseille vers Aubagne,43.27689,5.58748,Plein jour,Hors agglomération,Autre intersection,Normale,Trois véhicules et plus - collisions multiples,1,3,4,0,4,3,1,3,1,90,3,4,1,0,0,3,24.0,28.0,voiture,utilitaire_camion,1,1,9,1,5
202000043841,2020-12-01 18:16:00,2020,12,1,18,16,13,13055,A507 sens Aubagne- Marseille,43.31911,5.42257,Plein jour,Hors agglomération,Hors intersection,Normale,Deux véhicules - arrière,1,3,3,0,1,1,1,1,1,70,2,3,0,0,0,3,25.0,22.0,voiture,voiture,1,1,1,1,2
202000043842,2020-12-03 01:10:00,2020,12,3,1,10,69,69266,RD 383  ,45.77239,4.90058,Nuit avec éclairage allumé,Hors agglomération,Hors intersection,Pluie légère,Trois véhicules et plus - collisions multiples,3,3,7,0,1,1,2,0,1,70,3,3,2,0,0,1,20.0,42.0,voiture,voiture,5,1,1,2,5
202000043843,2020-10-02 17:03:00,2020,10,2,17,3,42,42218,A72,45.45022,4.42051,Plein jour,Hors agglomération,Hors intersection,Pluie forte,Trois véhicules et plus - en chaîne,1,3,4,0,1,1,2,0,1,90,3,4,3,0,0,1,41.0,20.0,voiture,voiture,1,1,1,3,4
202000043844,2020-12-01 08:45:00,2020,12,1,8,45,67,67152,Route Nationale 83,48.53067,7.69321,Plein jour,Hors agglomération,Hors intersection,Pluie légère,Deux véhicules - côté,2,3,2,0,2,2,2,3,1,50,2,2,1,0,0,1,52.0,20.0,utilitaire_camion,voiture,1,1,1,2,3
202000043845,2020-12-04 20:40:00,2020,12,4,20,40,33,33550,A62,44.77802,-0.55657,Nuit avec éclairage allumé,Hors agglomération,Hors intersection,Pluie légère,Autre collision,1,1,1,0,1,2,2,3,3,90,1,1,0,0,0,1,23.0,,voiture,,5,1,1,2,6
202000043846,2020-12-04 18:35:00,2020,12,4,18,35,33,33249,ROUTE NATIONALE 230,44.87949,-0.50975,Nuit avec éclairage allumé,Hors agglomération,Hors intersection,Normale,Trois véhicules et plus - collisions multiples,2,1,1,0,1,1,1,3,1,70,3,6,4,0,0,2,28.0,28.0,voiture,voiture,5,1,1,1,5
202000043847,2020-12-04 16:50:00,2020,12,4,16,50,33,33063,ROCADE A 630,44.8812,-0.54399,Plein jour,Hors agglomération,Hors intersection,Normale,Trois véhicules et plus - en chaîne,1,3,6,0,2,1,2,2,1,70,4,4,3,0,0,1,27.0,52.0,voiture,utilitaire_camion,1,1,1,1,4
202000043848,2020-12-04 18:05:00,2020,12,4,18,5,91,91136,AUTOROUTE A126,48.71305,2.27954,Nuit sans éclairage public,Hors agglomération,Hors intersection,Pluie légère,Deux véhicules - arrière,1,1,3,0,1,1,2,0,1,90,2,5,3,0,0,2,30.0,45.0,voiture,voiture,3,1,1,2,2
202000043849,2020-12-04 07:30:00,2020,12,4,7,30,91,91235,RN 104,48.6259,2.3566,Nuit sans éclairage public,Hors agglomération,Hors intersection,Normale,Autre collision,2,3,2,0,1,1,2,9,1,110,1,1,0,0,0,1,57.0,,deux_roues,,3,1,1,1,6
202000043850,2020-12-04 13:10:00,2020,12,4,13,10,92,92025,A86,48.9228185,2.227622,Plein jour,Hors agglomération,Hors intersection,Normale,Trois véhicules et plus - collisions multiples,1,3,4,0,1,1,1,0,1,90,3,3,2,0,0,1,51.0,57.0,utilitaire_camion,voiture,1,1,1,1,5
202000043851,2020-12-04 08:40:00,2020,12,4,8,40,92,92072,N118,48.8174026,2.2162952,Plein jour,Hors agglomération,Hors intersection,Temps couvert,Deux véhicules - côté,2,3,4,0,2,1,2,0,1,70,2,2,1,0,0,1,19.0,45.0,deux_roues,voiture,1,1,1,8,3
202000043852,2020-12-03 19:55:00,2020,12,3,19,55,92,92050,A14,48.8986348,2.2163851,Nuit avec éclairage allumé,Hors agglomération,Hors intersection,Pluie légère,Trois véhicules et plus - collisions multiples,1,3,3,0,1,1,1,1,1,70,3,3,2,0,0,1,36.0,26.0,voiture,voiture,5,1,1,2,5
202000043853,2020-12-04 20:10:00,2020,12,4,20,10,95,95488,A15,49.01532,2.14536,Nuit sans éclairage public,Hors agglomération,Hors intersection,Pluie légère,Autre collision,1,3,4,0,1,1,2,0,1,110,1,1,0,0,0,1,20.0,,utilitaire_camion,,3,1,1,2,6
202000043854,2020-12-04 15:00:00,2020,12,4,15,0,93,93005,AUTOROUTE A3,48.954,2.47336,Nuit sans éclairage public,Hors agglomération,Hors intersection,Pluie forte,Deux véhicules - arrière,1,3,8,0,1,1,2,0,1,90,2,2,1,0,0,1,30.0,30.0,deux_roues,utilitaire_camion,3,1,1,3,2
202000043855,2020-12-04 00:40:00,2020,12,4,0,40,93,93029,AUTOROUTE A86,48.92853,2.41583,Nuit sans éclairage public,Hors agglomération,Hors intersection,Pluie légère,Autre collision,1,3,6,0,1,2,2,0,1,70,1,1,0,0,0,1,20.0,,voiture,,3,1,1,2,6
202000043856,2020-12-03 23:10:00,2020,12,3,23,10,93,93064,AUTOROUTE A3,48.883901,2.464511,Nuit sans éclairage public,Hors agglomération,Hors intersection,Pluie légère,Sans collision,1,3,6,0,2,1,2,0,1,90,1,1,0,0,0,1,54.0,,deux_roues,,3,1,1,2,7
202000043857,2020-12-03 04:50:00,2020,12,3,4,50,95,95154, A1,49.03451,2.54071,Nuit sans éclairage public,Hors agglomération,Hors intersection,Normale,Deux véhicules - côté,1,3,6,0,1,1,1,0,1,110,2,2,1,0,0,1,29.0,32.0,utilitaire_camion,voiture,3,1,1,1,3
202000043858,2020-12-04 21:00:00,2020,12,4,21,0,77,77249,RN104,48.7292704,2.6072715,Nuit sans éclairage public,Hors agglomération,Hors intersection,Pluie légère,Sans collision,2,-1,2,0,1,3,2,0,3,90,1,1,0,0,0,1,20.0,,voiture,,3,1,1,2,7
202000043859,2020-12-04 19:25:00,2020,12,4,19,25,77,77450,RN104,48.7244655,2.5979457,Nuit sans éclairage public,Hors agglomération,Hors intersection,Pluie légère,,2,3,2,0,1,1,2,0,1,90,4,4,3,0,0,1,48.0,27.0,voiture,utilitaire_camion,3,1,1,2,-1
202000043860,2020-10-04 18:05:00,2020,10,4,18,5,82,82121,2 Avenue Aristide Briand,44.017057,1.338629,Plein jour,En agglomération,Hors intersection,Normale,Autre collision,3,2,2,0,1,1,1,0,1,50,1,2,1,0,1,0,64.0,,voiture,,1,2,1,1,6
202000043861,2020-09-30 16:40:00,2020,9,30,16,40,27,27229,JACQUARD (RUE),49.00192,1.13443,Plein jour,En agglomération,Hors intersection,Normale,Autre collision,4,2,2,0,1,1,1,0,1,50,1,2,1,0,1,0,18.0,,voiture,,1,2,1,1,6
202000043862,2020-09-05 19:00:00,2020,9,5,19,0,35,35221,Rue de Rennes,47.869495,-1.67917,Plein jour,En agglomération,Hors intersection,Normale,Deux véhicules - arrière,3,2,2,0,4,1,1,0,1,80,2,2,1,0,0,1,15.0,14.0,deux_roues,deux_roues,1,2,1,1,2
202000043863,2020-12-02 19:36:00,2020,12,2,19,36,988,98818,AVENUE DU MARÉCHAL FOCH/RUE DE LA RÉPUBLIQUE,-22.26865,166.44233,Nuit avec éclairage allumé,En agglomération,Intersection en T,Normale,Deux véhicules - côté,4,2,2,0,1,1,1,0,1,50,2,5,2,0,0,3,36.0,25.0,voiture,utilitaire_camion,5,2,3,1,3
202000043864,2020-12-03 08:45:00,2020,12,3,8,45,974,97416,DIAGONAL (CHEMIN) (2),-21.2982,55.4737,Plein jour,Hors agglomération,Hors intersection,Normale,Deux véhicules - côté,4,2,1,0,1,2,1,0,1,50,2,1,0,0,0,1,41.0,,deux_roues,,1,1,1,1,3
202000043865,2020-12-03 16:28:00,2020,12,3,16,28,974,97416,SOWETO (AVENUE DE),-21.34207,55.48984,Plein jour,Hors agglomération,Hors intersection,Normale,Autre collision,4,2,2,0,1,1,1,0,1,30,1,2,1,0,0,1,38.0,,voiture,,1,1,1,1,6
202000043866,2020-12-03 08:10:00,2020,12,3,8,10,974,97411,Route du Littoral,-20.87564,55.43119,Plein jour,Hors agglomération,Hors intersection,Normale,Deux véhicules - côté,2,1,2,0,1,1,1,0,1,70,2,2,1,0,1,0,38.0,37.0,deux_roues,voiture,1,1,1,1,3
202000043867,2020-12-02 17:50:00,2020,12,2,17,50,974,97407,ROUTE NATIONALE N° 1,-20.94297,55.32723,Plein jour,Hors agglomération,Hors intersection,Normale,Trois véhicules et plus - en chaîne,2,2,4,0,1,1,1,0,1,110,4,7,2,0,0,5,33.0,19.0,voiture,voiture,1,1,1,1,4
202000043868,2020-12-02 11:00:00,2020,12,2,11,0,974,97407,ROUTE DU SACRE COEUR,-20.9563,55.3126,Plein jour,Hors agglomération,Hors intersection,Normale,Deux véhicules - arrière,2,-1,2,0,1,1,1,0,1,50,2,2,1,0,0,1,47.0,21.0,utilitaire_camion,voiture,1,1,1,1,2
202000043869,2020-12-03 17:34:00,2020,12,3,17,34,973,97302,FELIX EBOUE(ROCADE),4.9364416,-52.3073673,Plein jour,En agglomération,Intersection en T,Normale,Deux véhicules - côté,3,2,1,0,1,1,1,0,1,50,2,2,1,0,1,0,40.0,16.0,voiture,deux_roues,1,2,3,1,3
202000043870,2020-12-02 13:09:00,2020,12,2,13,9,973,97302,MADELEINE (ROUTE DE LA),4.9144164,-52.3209071,Plein jour,En agglomération,Intersection en T,Normale,,3,2,1,0,1,1,1,0,1,50,2,2,1,0,0,1,26.0,30.0,voiture,deux_roues,1,2,3,1,-1
202000043871,2020-12-03 06:45:00,2020,12,3,6,45,973,97302,MADELEINE (ROUTE DE LA),4.9166773,-52.3214865,Plein jour,En agglomération,Hors intersection,Normale,Deux véhicules - côté,3,2,2,0,1,1,1,0,1,50,2,2,1,0,0,1,48.0,15.0,voiture,deux_roues,1,2,1,1,3
202000043872,2020-12-03 19:10:00,2020,12,3,19,10,69,69259,AMBROISE CROIZAT                    (BD),45.70259,4.88772,Nuit avec éclairage allumé,En agglomération,Hors intersection,Normale,Autre collision,3,3,4,0,1,1,1,6,1,50,1,3,2,0,1,0,19.0,,voiture,,5,2,1,1,6
202000043873,2020-11-29 20:30:00,2020,11,29,20,30,972,97209,AUTOROUTE (A1),14.6177,-61.04028,Nuit avec éclairage allumé,Hors agglomération,Hors intersection,Pluie légère,Deux véhicules - frontale,1,-1,3,0,2,1,2,9,1,90,2,2,1,0,1,0,33.0,28.0,voiture,deux_roues,5,1,1,2,1
202000043874,2020-12-03 09:50:00,2020,12,3,9,50,69,69389,PIERRE SCIZE                        (QU),45.7668,4.8207,Plein jour,En agglomération,Hors intersection,Normale,Deux véhicules - côté,4,2,1,1,1,1,2,0,5,30,2,2,1,0,0,1,35.0,51.0,deux_roues,deux_roues,1,2,1,1,3
202000043875,2020-12-02 11:45:00,2020,12,2,11,45,69,69286,VICTOR HUGO                         (AV),45.82056,4.88203,Plein jour,En agglomération,Hors intersection,Temps couvert,Autre collision,4,2,2,0,1,1,1,0,1,50,1,2,1,0,0,1,25.0,,utilitaire_camion,,1,2,1,8,6
202000043876,2020-11-30 16:45:00,2020,11,30,16,45,69,69149,EMILE ZOLA                          (BD),45.7198,4.79926,Crépuscule ou aube,En agglomération,Hors intersection,Normale,Autre collision,3,1,2,0,1,1,1,0,1,50,1,2,1,0,0,1,68.0,,voiture,,2,2,1,1,6
202000043877,2020-12-03 18:18:00,2020,12,3,18,18,2B,2B033,SAMPIERO CORSO - AV,42.67106,9.44283,Nuit avec éclairage allumé,En agglomération,Giratoire,Normale,Deux véhicules - arrière,3,2,2,0,2,1,1,0,1,500,2,3,0,0,0,3,34.0,31.0,voiture,voiture,5,2,6,1,2
202000043878,2020-11-29 19:39:00,2020,11,29,19,39,95,95306,CONFLANS(ROUTE DE),49.0004679,2.1447426,Nuit avec éclairage allumé,En agglomération,Hors intersection,Normale,Deux véhicules - frontale,3,2,2,1,1,1,1,0,1,50,2,2,0,0,1,1,37.0,56.0,voiture,transport_commun,5,2,1,1,1
202000043879,2020-12-02 21:09:00,2020,12,2,21,9,87,87085,GAMBETTA (BOULEVARD),45.82858,1.25616,Nuit avec éclairage allumé,En agglomération,Intersection en T,Pluie légère,Autre collision,4,4,3,0,2,1,2,0,1,50,1,1,0,0,0,1,30.0,,deux_roues,,5,2,3,2,6
202000043880,2020-12-03 13:03:00,2020,12,3,13,3,83,83069,ALMANARRE (ROUTE DE L'),43.08229,6.12828,Plein jour,En agglomération,Hors intersection,Normale,Deux véhicules - côté,3,2,3,0,1,1,1,0,1,70,2,2,1,0,1,0,56.0,48.0,utilitaire_camion,deux_roues,1,2,1,1,3
202000043881,2020-11-30 08:13:00,2020,11,30,8,13,78,78382,DE LATTRE DE TASSIGNY (RUE DU MARECHAL),48.99312,2.06656,Plein jour,En agglomération,Intersection en T,Temps couvert,Autre collision,3,2,2,0,1,1,7,0,1,50,1,2,1,0,0,1,48.0,,voiture,,1,2,3,8,6
202000043882,2020-09-23 06:00:00,2020,9,23,6,0,93,93064,AUTOROUTE A86,48.8749409,2.4788535,Nuit sans éclairage public,Hors agglomération,Hors intersection,Normale,Deux véhicules - arrière,1,3,6,0,1,2,1,0,1,90,2,1,0,0,0,1,47.0,,voiture,,3,1,1,1,2
202000043883,2020-07-20 16:45:00,2020,7,20,16,45,95,95268,RUE DES GAILLARDS,48.96641,2.40088,Plein jour,En agglomération,Hors intersection,Normale,Autre collision,4,1,1,0,1,3,1,0,4,50,1,2,1,0,1,0,26.0,,deux_roues,,1,2,1,1,6
202000043884,2020-05-30 22:02:00,2020,5,30,22,2,57,57283,CD 112 F,49.24494,6.14498,Nuit sans éclairage public,Hors agglomération,Hors intersection,Normale,Autre collision,3,2,2,0,4,1,1,0,8,80,1,3,0,1,0,2,26.0,,voiture,,3,1,1,1,6
202000043885,2020-09-22 11:40:00,2020,9,22,11,40,988,98818,ROUTE DE L'ANSE VATA/RUE DU PASTEUR LEENHARDT,-22.30019,166.44487,Plein jour,En agglomération,Intersection en T,Normale,Deux véhicules - côté,4,2,2,0,1,1,1,0,1,50,2,2,1,0,0,1,44.0,16.0,deux_roues,voiture,1,2,3,1,3
202000043886,2020-09-22 15:35:00,2020,9,22,15,35,974,97416,ISAUTIER (AVENUE CHARLES),-21.32378,55.44783,Plein jour,Hors agglomération,Hors intersection,Normale,Sans collision,4,2,2,0,1,1,1,0,8,90,1,2,0,0,0,2,31.0,,voiture,,1,1,1,1,7
202000043887,2020-09-22 08:45:00,2020,9,22,8,45,974,97416,LIGNE PARADIS(ROUTE DE LA),-21.3013,55.4575,Plein jour,Hors agglomération,Hors intersection,Normale,Deux véhicules - frontale,3,2,2,0,1,1,1,0,1,50,2,2,1,0,0,1,49.0,38.0,voiture,deux_roues,1,1,1,1,1
202000043888,2020-09-22 07:03:00,2020,9,22,7,3,973,97302,LALLOUETTE(RUE),4.9405622,-52.3298871,Plein jour,En agglomération,Hors intersection,Normale,Autre collision,4,1,1,0,1,1,1,0,1,50,1,2,1,0,0,1,39.0,,voiture,,1,2,1,1,6
202000043889,2020-09-22 18:40:00,2020,9,22,18,40,69,69387,YVES FARGES                         (BD),45.74312,4.83403,Plein jour,En agglomération,Hors intersection,Normale,Deux véhicules - côté,4,2,2,0,1,1,1,0,1,50,2,2,1,0,0,1,32.0,22.0,deux_roues,voiture,1,2,1,1,3