accident_id,datetime,annee,mois,jour,heure,minute,departement,commune_insee,adresse,latitude,longitude,luminosite,agglomeration,intersection,meteo,collision,catr,circ,nbv,vosp,prof,plan,surf,infra,situ,vma,nb_vehicules,nb_usagers,nb_indemnes,nb_tues,nb_blesses_hosp,nb_blesses_legers,age_cond_1,age_cond_2,veh_type_cond_1,veh_type_cond_2,lum_code,agg_code,int_code,atm_code,col_code
202000043982,2020-09-22 09:40:00,2020,9,22,9,40,75,75113,AVENUE DE CHOISY,48.828481,2.358102,Plein jour,En agglomération,Intersection en T,Normale,Deux véhicules - côté,4,-1,2,0,1,1,1,0,1,50,2,2,1,0,0,1,30.0,51.0,deux_roues,voiture,1,2,3,1,3
202000043983,2020-09-22 18:40:00,2020,9,22,18,40,75,75112,ROUTE DE LA TOURELLE,48.824527,2.432279,Plein jour,En agglomération,Hors intersection,Normale,Autre collision,4,-1,1,0,1,1,1,-1,5,50,1,1,0,0,0,1,75.0,,deux_roues,,1,2,1,1,6
202000043984,2020-09-22 14:30:00,2020,9,22,14,30,75,75112,BOULEVARD DE LA GUYANE,48.843874,2.414665,Plein jour,En agglomération,Intersection en X,Normale,Sans collision,4,2,1,0,1,1,8,0,1,50,1,1,0,0,0,1,35.0,,deux_roues,,1,2,2,1,7
202000043985,2020-09-22 09:30:00,2020,9,22,9,30,75,75112,RUE CHALIGNY,48.84597,2.383591,Plein jour,En agglomération,Hors intersection,Normale,Deux véhicules - côté,4,2,2,0,1,1,1,0,1,50,2,2,1,0,0,1,39.0,25.0,deux_roues,voiture,1,2,1,1,3
202000043986,2020-09-22 22:30:00,2020,9,22,22,30,75,75111,PLACE DE LA BASTILLE,48.853328,2.369783,Nuit avec éclairage allumé,En agglomération,Place,Normale,Autre collision,4,-1,0,3,1,1,1,0,4,1,1,2,0,0,0,2,21.0,,deux_roues,,5,2,7,1,6
202000043987,2020-09-22 18:30:00,2020,9,22,18,30,75,75109,BOULEVARD DE CLICHY,48.883867,2.331707,Plein jour,En agglomération,Hors intersection,Normale,Trois véhicules et plus - collisions multiples,4,1,1,0,1,1,1,0,1,50,3,3,2,0,0,1,33.0,51.0,voiture,voiture,1,2,1,1,5
202000043988,2020-09-22 18:35:00,2020,9,22,18,35,75,75108,PLACE CHARLES DE GAULLE,48.874098,2.295763,Plein jour,En agglomération,Place,Normale,Deux véhicules - arrière,4,1,4,0,1,2,1,0,1,50,2,2,1,0,0,1,29.0,63.0,deux_roues,voiture,1,2,7,1,2
202000043989,2020-09-22 15:30:00,2020,9,22,15,30,75,75108,RUE ROYALE,48.868387,2.32325,Plein jour,En agglomération,Intersection en X,Normale,Sans collision,4,2,2,0,1,1,1,0,1,50,1,1,0,0,0,1,85.0,,deux_roues,,1,2,2,1,7
202000043990,2020-09-22 02:05:00,2020,9,22,2,5,75,75108,RUE JOSEPH SANSBOEUF,48.875135,2.322926,Nuit avec éclairage allumé,En agglomération,Intersection en X,Normale,Deux véhicules - côté,4,1,1,0,2,1,1,0,1,50,2,3,2,0,0,1,26.0,25.0,voiture,deux_roues,5,2,2,1,3
202000043991,2020-09-22 09:42:00,2020,9,22,9,42,75,75107,RUE DU BAC,48.859563,2.329276,Plein jour,En agglomération,Intersection en X,Normale,Deux véhicules - arrière,4,1,3,0,2,1,1,0,1,50,2,2,1,0,0,1,64.0,67.0,deux_roues,voiture,1,2,2,1,2
202000043992,2020-09-21 15:35:00,2020,9,21,15,35,75,75107,RUE DU GENERAL BERTRAND,48.847691,2.313352,Plein jour,En agglomération,Intersection en X,Normale,Autre collision,4,2,2,0,1,1,1,0,1,50,1,2,1,0,0,1,49.0,,voiture,,1,2,2,1,6
202000043993,2020-09-22 08:30:00,2020,9,22,8,30,75,75103,RUE DE BRETAGNE,48.862289,2.363734,Plein jour,En agglomération,Intersection en X,Normale,Deux véhicules - côté,4,1,1,0,1,1,1,0,1,30,2,2,1,0,0,1,54.0,29.0,deux_roues,deux_roues,1,2,2,1,3
202000043994,2020-09-22 17:25:00,2020,9,22,17,25,94,94074,HENRI BARBUSSE (AV),48.76384,2.44193,Plein jour,En agglomération,Hors intersection,Normale,Trois véhicules et plus - en chaîne,2,1,2,0,1,1,1,0,1,50,3,3,2,0,0,1,55.0,26.0,voiture,voiture,1,2,1,1,4
202000043995,2020-09-22 10:50:00,2020,9,22,10,50,94,94058,PAUL DOUMER (R),48.83245,2.50882,Plein jour,En agglomération,Hors intersection,Normale,Autre collision,4,1,1,0,1,1,1,0,1,30,1,2,1,0,0,1,23.0,,voiture,,1,2,1,1,6
202000043996,2020-09-22 08:30:00,2020,9,22,8,30,94,94046,GENERAL DE GAULLE (AV DU),48.809466,2.423987,Plein jour,En agglomération,Hors intersection,Normale,Sans collision,3,2,0,1,1,1,1,0,1,30,1,1,0,0,0,1,18.0,,deux_roues,,1,2,1,1,7
202000043997,2020-09-21 10:40:00,2020,9,21,10,40,94,94076,PAUL VAILLANT COUTURIER (AV),48.7946,2.3602,Plein jour,En agglomération,Intersection en T,Normale,Sans collision,3,2,2,0,1,1,1,0,1,50,1,2,1,0,0,1,67.0,,utilitaire_camion,,1,2,3,1,7
202000043998,2020-09-22 16:40:00,2020,9,22,16,40,94,94038,CHEVILLY (R DE),48.77582,2.34354,Plein jour,En agglomération,Hors intersection,Normale,Autre collision,4,2,2,0,1,1,1,0,1,50,1,2,1,0,0,1,24.0,,voiture,,1,2,1,1,6
202000043999,2020-09-22 18:45:00,2020,9,22,18,45,94,94011,ROSTAND.(RUE JEAN),48.76521,2.48076,Plein jour,En agglomération,Intersection en X,Normale,Deux véhicules - côté,3,3,4,0,1,1,1,0,1,50,2,2,1,0,0,1,21.0,22.0,deux_roues,voiture,1,2,2,1,3
202000044000,2020-09-22 19:05:00,2020,9,22,19,5,94,94054,PAUL VAILLANT COUTURIER (R),48.747867,2.398523,Plein jour,En agglomération,Hors intersection,Normale,Deux véhicules - côté,4,2,0,0,1,1,1,0,1,50,2,2,0,0,0,2,37.0,25.0,deux_roues,voiture,1,2,1,1,3
202000044001,2020-09-22 12:25:00,2020,9,22,12,25,94,94018,GRAVELLE (AV DE),48.824999,2.410584,Plein jour,En agglomération,Hors intersection,Normale,Trois véhicules et plus - collisions multiples,4,2,1,0,1,1,1,0,1,50,3,3,2,0,1,0,28.0,40.0,deux_roues,deux_roues,1,2,1,1,5
202000044002,2020-09-22 12:15:00,2020,9,22,12,15,93,93078,BD ROBERT BALLANGER / AV VAUBAN,48.96147,2.5564,Plein jour,En agglomération,Giratoire,Normale,Deux véhicules - côté,3,2,2,0,1,2,1,0,1,50,2,3,1,0,1,1,53.0,38.0,voiture,voiture,1,2,6,1,3
202000044003,2020-09-22 16:07:00,2020,9,22,16,7,93,93070,MICHELET(AV):N°1AU 103,48.9033618,2.3441244,Plein jour,En agglomération,Hors intersection,Normale,Deux véhicules - arrière,3,2,2,1,1,1,1,0,5,50,2,1,0,0,0,1,38.0,,deux_roues,,1,2,1,1,2
202000044004,2020-09-21 21:20:00,2020,9,21,21,20,93,93066,JEANNE D'ARC,48.93065,2.3652,Nuit avec éclairage allumé,En agglomération,Intersection en X,Normale,Deux véhicules - côté,4,-1,2,0,1,1,1,0,1,50,2,3,2,0,0,1,37.0,48.0,deux_roues,voiture,5,2,2,1,3
202000044005,2020-09-21 11:30:00,2020,9,21,11,30,93,93066,RESISTANCE (PLACE),48.9326473,2.3548719,Plein jour,En agglomération,Hors intersection,Normale,Deux véhicules - frontale,4,1,1,0,1,1,1,9,1,50,2,3,1,0,0,2,24.0,25.0,deux_roues,autre,1,2,1,1,1
202000044006,2020-09-22 09:10:00,2020,9,22,9,10,93,93062,EST (BOULEVARD DE L'),48.9024284,2.5252547,Plein jour,En agglomération,Intersection en Y,Normale,Deux véhicules - côté,4,2,2,0,1,1,1,0,1,50,2,2,1,0,0,1,56.0,39.0,voiture,voiture,1,2,4,1,3
202000044007,2020-09-22 09:00:00,2020,9,22,9,0,93,93055,JEAN JAURES (AVENUE)(130 AU 172),48.9073,2.3962,Plein jour,En agglomération,Hors intersection,Normale,Deux véhicules - arrière,3,1,2,1,1,1,1,0,1,50,2,2,1,0,0,1,38.0,52.0,deux_roues,utilitaire_camion,1,2,1,1,2
202000044008,2020-09-22 14:00:00,2020,9,22,14,0,93,93048,HENRI BARBUSSE (BOULEVARD),48.8673424,2.4421928,Plein jour,En agglomération,Hors intersection,Normale,Deux véhicules - arrière,3,2,2,1,2,1,1,0,1,30,2,2,1,0,0,1,26.0,24.0,utilitaire_camion,deux_roues,1,2,1,1,2
202000044009,2020-09-22 21:30:00,2020,9,22,21,30,93,93046,MAURICE BERTHEAUX ALLEE,48.91973,2.51504,Nuit avec éclairage allumé,En agglomération,Intersection en X,Normale,Deux véhicules - côté,4,1,1,0,1,1,1,0,1,50,2,2,1,0,0,1,47.0,27.0,voiture,deux_roues,5,2,2,1,3
202000044010,2020-09-22 07:20:00,2020,9,22,7,20,93,93046,THIERS AVENUE,48.8980937,2.5205803,Crépuscule ou aube,En agglomération,Intersection en T,Normale,Deux véhicules - frontale,3,2,2,0,1,1,1,0,1,50,2,2,1,0,0,1,24.0,60.0,deux_roues,voiture,2,2,3,1,1
202000044011,2020-09-22 15:30:00,2020,9,22,15,30,93,93010,REPUBLIQUE (AV. DE LA) 121 A FIN,48.8964812,2.4781169,Plein jour,En agglomération,Intersection en X,Normale,Autre collision,4,-1,2,0,1,1,1,0,1,30,1,2,1,0,0,1,74.0,,voiture,,1,2,2,1,6
202000044012,2020-09-22 09:50:00,2020,9,22,9,50,93,93001,JEAN JAURES (AVE) 55 A 129,48.9048677,2.3933122,Plein jour,En agglomération,Hors intersection,Normale,Deux véhicules - côté,3,3,4,3,1,1,1,0,6,50,2,1,0,0,0,1,20.0,,deux_roues,,1,2,1,1,3
202000044013,2020-09-21 23:20:00,2020,9,21,23,20,92,92078,HAUT DE LA NOUE (RUE),48.9348532,2.3264869,Nuit avec éclairage allumé,En agglomération,Intersection en X,Normale,Deux véhicules - côté,3,2,-1,-1,1,1,1,5,1,-1,2,4,1,0,0,3,27.0,35.0,voiture,voiture,5,2,2,1,3
202000044014,2020-09-21 22:25:00,2020,9,21,22,25,92,92063,DIX-HUIT JUIN 1940 (AVENUE DU) EST,48.8661714,2.2020205,Nuit avec éclairage allumé,En agglomération,Intersection en T,Normale,Deux véhicules - côté,3,3,2,0,2,1,1,5,1,50,2,3,1,0,1,1,25.0,27.0,deux_roues,utilitaire_camion,5,2,3,1,3
202000044015,2020-09-22 17:20:00,2020,9,22,17,20,92,92048,HENRI SAVIGNAC (RUE),48.81937,2.23423,Plein jour,En agglomération,Hors intersection,Normale,Sans collision,4,-1,2,0,2,1,1,0,1,30,1,1,0,0,0,1,85.0,,voiture,,1,2,1,1,7
202000044016,2020-09-22 13:25:00,2020,9,22,13,25,92,92040,PDT ROOSEVELT (QUAI DU),48.8316063,2.2623553,Plein jour,En agglomération,Hors intersection,Normale,Sans collision,3,2,6,1,1,1,9,0,5,50,1,1,0,0,0,1,41.0,,deux_roues,,1,2,1,1,7
202000044017,2020-09-22 09:55:00,2020,9,22,9,55,92,92040,JULES GUESDES,48.8195463,2.2789176,Plein jour,En agglomération,Intersection en X,Normale,Deux véhicules - frontale,3,2,2,0,1,1,1,0,1,50,2,2,1,0,0,1,53.0,39.0,deux_roues,voiture,1,2,2,1,1
202000044018,2020-09-22 03:18:00,2020,9,22,3,18,92,92036,PRINCIPALE DU PORT (ROUTE) (19/+),48.9356378,2.2664615,Nuit avec éclairage allumé,En agglomération,Hors intersection,Normale,Sans collision,4,-1,4,0,1,1,1,0,1,50,1,1,0,0,0,1,26.0,,voiture,,5,2,1,1,7
202000044019,2020-09-21 20:40:00,2020,9,21,20,40,92,92036,HENRI BARBUSSE (RUE) (37/135),48.9273845,2.3002889,Nuit avec éclairage allumé,Hors agglomération,Hors intersection,Normale,Deux véhicules - côté,3,2,2,0,1,1,1,0,1,50,2,2,1,0,0,1,30.0,,voiture,,5,1,1,1,3
202000044020,2020-09-19 13:05:00,2020,9,19,13,5,08,08101,La Chapelle,49.753407,5.02809,Plein jour,Hors agglomération,Hors intersection,Normale,Deux véhicules - frontale,3,2,2,0,1,2,1,0,1,80,2,5,0,0,0,5,47.0,42.0,voiture,voiture,1,1,1,1,1
202000044021,2020-09-23 07:45:00,2020,9,23,7,45,33,33478,62 Rue Eugène Leroy,45.00818,0.010811,Crépuscule ou aube,En agglomération,Intersection en Y,Brouillard / fumée,Deux véhicules - frontale,4,2,2,0,2,3,1,0,1,50,2,2,1,1,0,0,41.0,57.0,voiture,deux_roues,2,2,4,5,1
202000044022,2020-09-20 00:00:00,2020,9,20,0,0,49,49220,rosseau,47.680905,-0.370488,Nuit sans éclairage public,Hors agglomération,Hors intersection,Pluie forte,Sans collision,4,2,2,0,1,2,2,0,3,80,1,2,0,0,0,2,21.0,,voiture,,3,1,1,3,7
202000044023,2020-08-17 14:00:00,2020,8,17,14,0,26,26005,Autoroute du Soleil,44.507922,4.772873,Plein jour,Hors agglomération,Hors intersection,Normale,Sans collision,1,3,3,0,1,1,1,0,1,130,1,2,0,0,0,2,23.0,,utilitaire_camion,,1,1,1,1,7
202000044024,2020-09-22 20:20:00,2020,9,22,20,20,91,91553,3 Rue Jean de la Fontaine,48.628768,2.491751,Nuit avec éclairage allumé,En agglomération,Giratoire,Normale,Deux véhicules - frontale,3,1,2,0,1,2,1,0,1,50,2,2,1,0,1,0,40.0,26.0,voiture,deux_roues,5,2,6,1,1
202000044025,2020-09-20 19:10:00,2020,9,20,19,10,95,95612,25 Rue des Ecoles,48.996406,2.477449,Plein jour,En agglomération,Hors intersection,Normale,Deux véhicules - frontale,4,2,2,0,1,3,1,0,1,50,2,2,1,0,1,0,36.0,25.0,voiture,deux_roues,1,2,1,1,1
202000044026,2020-09-23 11:30:00,2020,9,23,11,30,76,76159,Rue de Greenock,49.791938,0.63578,Plein jour,En agglomération,Hors intersection,Pluie légère,Sans collision,4,2,2,0,1,1,2,0,1,50,1,1,0,0,0,1,15.0,,deux_roues,,1,2,1,2,7
202000044027,2020-09-19 17:37:00,2020,9,19,17,37,33,33316,D15E2/D15,44.72239,0.105228,Plein jour,Hors agglomération,Intersection en X,Pluie légère,Sans collision,3,2,2,0,1,1,2,0,8,80,1,1,0,0,1,0,25.0,,deux_roues,,1,1,2,2,7
202000044028,2020-09-23 14:25:00,2020,9,23,14,25,69,69033,Route du Favret,45.8474657,4.8752318,Plein jour,En agglomération,Intersection en X,Normale,Deux véhicules - côté,4,2,2,0,2,1,1,0,1,-1,2,2,1,0,1,0,17.0,31.0,deux_roues,voiture,1,2,2,1,3
202000044029,2020-09-22 19:50:00,2020,9,22,19,50,42,42177,Route de Roanne,46.130244,4.108844,Nuit avec éclairage allumé,En agglomération,Hors intersection,Pluie légère,Deux véhicules - frontale,3,2,2,0,1,1,2,0,1,50,2,1,0,0,0,1,42.0,,voiture,,5,2,1,2,1
202000044030,2020-09-23 09:15:00,2020,9,23,9,15,47,47306,D911,44.384391,0.5423,Plein jour,Hors agglomération,Hors intersection,Normale,Autre collision,3,2,2,0,3,1,1,8,1,80,1,2,1,0,1,0,87.0,,voiture,,1,1,1,1,6
202000044031,2020-09-23 12:40:00,2020,9,23,12,40,68,68258,Rue du Docteur Schweitzer,47.836745,7.303113,Plein jour,En agglomération,Intersection en X,Normale,Deux véhicules - côté,4,2,2,0,1,1,1,0,1,50,2,2,1,0,1,0,57.0,16.0,voiture,deux_roues,1,2,2,1,3
202000044032,2020-07-14 22:45:00,2020,7,14,22,45,35,35338,Le Petit Minbier,48.054286,-1.281519,Nuit sans éclairage public,Hors agglomération,Hors intersection,Normale,,4,2,2,0,2,3,1,0,3,80,2,6,1,0,3,2,41.0,28.0,voiture,voiture,3,1,1,1,-1
202000044033,2020-09-23 11:30:00,2020,9,23,11,30,26,26124,15 Grande Rue,44.837088,4.895148,Plein jour,En agglomération,Hors intersection,Normale,Autre collision,4,1,1,0,2,2,1,0,3,30,1,2,0,0,1,1,36.0,,deux_roues,,1,2,1,1,6
202000044034,2020-09-21 13:15:00,2020,9,21,13,15,72,72176,Boulevard Fisson,47.642411,0.156453,Plein jour,En agglomération,Hors intersection,Normale,Deux véhicules - frontale,3,2,2,2,1,1,1,6,1,50,2,2,1,0,1,0,55.0,33.0,deux_roues,voiture,1,2,1,1,1
202000044035,2020-09-21 07:15:00,2020,9,21,7,15,72,72191,Avenue du 14 Juillet,47.761101,0.274969,Nuit avec éclairage non allumé,En agglomération,Hors intersection,Brouillard / fumée,Autre collision,3,2,2,0,1,1,1,0,1,50,1,2,1,0,1,0,23.0,,voiture,,4,2,1,5,6
202000044036,2020-09-22 08:50:00,2020,9,22,8,50,72,72359,D301,48.140003,0.3792,Plein jour,Hors agglomération,Intersection en X,Normale,Deux véhicules - côté,3,2,2,0,3,1,1,5,1,70,2,2,1,0,0,1,51.0,34.0,voiture,deux_roues,1,1,2,1,3
202000044037,2020-09-23 12:35:00,2020,9,23,12,35,14,14227,D27,49.2672998,-0.0387463,Plein jour,Hors agglomération,Hors intersection,Pluie légère,Deux véhicules - frontale,3,2,2,0,1,3,2,0,1,70,2,2,1,1,0,0,55.0,38.0,utilitaire_camion,utilitaire_camion,1,1,1,2,1
202000044038,2020-09-23 14:10:00,2020,9,23,14,10,60,60650,D98,49.2460879,2.7970333,Plein jour,Hors agglomération,Hors intersection,Normale,Sans collision,3,2,2,0,1,1,1,0,1,80,1,1,0,0,1,0,33.0,,deux_roues,,1,1,1,1,7
202000044039,2020-09-19 18:15:00,2020,9,19,18,15,64,64513,6 Chemin d'Oreyte,43.391744,-0.942855,Crépuscule ou aube,En agglomération,Intersection en T,Pluie légère,Deux véhicules - frontale,3,2,2,0,1,1,2,9,1,70,2,3,2,0,0,1,42.0,41.0,voiture,voiture,2,2,3,2,1
202000044040,2020-09-23 13:13:00,2020,9,23,13,13,64,64138,Avenue Joseph Szydlowski,43.235726,-0.282383,Plein jour,En agglomération,Hors intersection,Normale,Sans collision,3,2,2,0,1,1,1,0,1,50,1,1,0,0,0,1,69.0,,voiture,,1,2,1,1,7
202000044041,2020-09-23 12:00:00,2020,9,23,12,0,64,64059,ROUTE D'ASSAT,43.274147,-0.250411,Plein jour,En agglomération,Hors intersection,Normale,Autre collision,3,2,1,0,1,1,1,2,3,50,1,1,0,0,1,0,,,,,1,2,1,1,6
202000044042,2020-09-09 11:25:00,2020,9,9,11,25,43,43020,Route de Beauzac,45.300513,4.111199,Plein jour,En agglomération,Intersection en X,Normale,Deux véhicules - côté,4,2,2,0,1,1,1,0,1,50,2,2,1,0,1,0,57.0,16.0,voiture,deux_roues,1,2,2,1,3
202000044043,2020-09-22 15:10:00,2020,9,22,15,10,21,21023,D16,47.099508,4.473168,Plein jour,Hors agglomération,Hors intersection,Normale,Autre collision,3,2,2,0,1,1,1,0,3,80,1,1,0,0,1,0,69.0,,voiture,,1,1,1,1,6
202000044044,2020-09-21 17:45:00,2020,9,21,17,45,27,27467,233 Rue du Gaillon,49.346644,0.525096,Plein jour,En agglomération,Intersection en T,Normale,Deux véhicules - frontale,4,2,2,0,1,1,1,0,1,50,2,2,1,0,1,0,21.0,75.0,deux_roues,voiture,1,2,3,1,1
202000044045,2020-09-23 07:19:00,2020,9,23,7,19,28,28219,Les Marchais,48.235121,1.036363,Plein jour,Hors agglomération,Hors intersection,Normale,Trois véhicules et plus - collisions multiples,3,2,2,0,1,1,1,0,1,80,3,3,1,0,1,1,39.0,48.0,utilitaire_camion,voiture,1,1,1,1,5
202000044046,2020-09-21 13:50:00,2020,9,21,13,50,28,28422,2 Rue Saint-lubin,48.269563,1.629508,Plein jour,En agglomération,Autre intersection,Normale,Deux véhicules - arrière,3,2,2,0,1,1,1,0,1,50,2,2,1,0,0,1,49.0,41.0,deux_roues,voiture,1,2,9,1,2
202000044047,2020-09-22 20:15:00,2020,9,22,20,15,973,97307,Rue du Cap,4.901498,-52.339114,Nuit avec éclairage allumé,En agglomération,Hors intersection,Normale,Sans collision,4,2,2,0,1,1,1,0,4,50,1,2,0,0,2,0,22.0,,deux_roues,,5,2,1,1,7
202000044048,2020-09-23 18:44:00,2020,9,23,18,44,80,80156,Bussy-lès-Daours,49.9162486,2.4076581,Plein jour,Hors agglomération,Hors intersection,Pluie légère,Sans collision,4,2,2,0,1,1,2,0,3,80,1,1,0,0,0,1,20.0,,voiture,,1,1,1,2,7
202000044049,2020-08-14 21:30:00,2020,8,14,21,30,13,13112,Avenue Jean Pallet,43.519412,5.232797,Nuit sans éclairage public,Hors agglomération,Intersection en T,Normale,Deux véhicules - côté,3,2,2,0,1,1,1,5,1,80,2,3,0,0,0,3,39.0,19.0,voiture,voiture,3,1,3,1,3
202000044050,2020-09-21 17:30:00,2020,9,21,17,30,06,06088,A8 PK 199+600 SUD,43.733112,7.282594,Plein jour,Hors agglomération,Hors intersection,Normale,Trois véhicules et plus - en chaîne,1,3,4,0,2,1,1,1,1,90,4,3,1,0,0,2,20.0,31.0,voiture,voiture,1,1,1,1,4
202000044051,2020-09-20 04:30:00,2020,9,20,4,30,76,76484,A13,49.343251,1.055884,Nuit sans éclairage public,Hors agglomération,Hors intersection,Normale,Autre collision,1,-1,5,0,2,2,1,0,1,110,1,1,0,0,1,0,25.0,,voiture,,3,1,1,1,6
202000044052,2020-09-22 22:40:00,2020,9,22,22,40,973,97311,avenue paul castaing,5.484896,-54.0155487,Nuit avec éclairage allumé,En agglomération,Hors intersection,Normale,Deux véhicules - côté,4,2,2,0,1,1,1,0,1,50,2,4,3,0,0,1,31.0,26.0,voiture,voiture,5,2,1,1,3
202000044053,2020-09-22 16:15:00,2020,9,22,16,15,971,97116,Chemin Departemental 107 Dit de Vieux Bourg,16.3297,-61.492753,Plein jour,Hors agglomération,Hors intersection,Normale,Deux véhicules - frontale,3,2,2,0,1,1,2,0,1,80,2,4,2,0,0,2,47.0,36.0,voiture,voiture,1,1,1,1,1
202000044054,2020-09-23 05:29:00,2020,9,23,5,29,77,77003,Chemin des Manneries,48.277095,2.527971,Nuit sans éclairage public,En agglomération,Hors intersection,Normale,Autre collision,3,2,2,0,1,2,1,0,4,50,1,2,0,0,2,0,44.0,,voiture,,3,2,1,1,6
202000044055,2020-09-23 05:45:00,2020,9,23,5,45,91,91494,D19,48.615193,2.351562,Nuit avec éclairage allumé,Hors agglomération,Giratoire,Normale,Deux véhicules - frontale,3,4,4,0,1,2,1,5,1,50,2,2,1,0,0,1,29.0,33.0,voiture,voiture,5,1,6,1,1
202000044056,2020-09-22 19:00:00,2020,9,22,19,0,78,78162,D906,48.685691,2.008524,Crépuscule ou aube,Hors agglomération,Hors intersection,Normale,Deux véhicules - côté,3,2,2,0,2,1,1,0,1,70,2,2,1,0,1,0,46.0,65.0,deux_roues,voiture,2,1,1,1,3
202000044057,2020-09-22 18:15:00,2020,9,22,18,15,2B,2B314,D81,42.656655,9.160967,Plein jour,Hors agglomération,Hors intersection,Normale,Deux véhicules - côté,3,2,2,0,1,3,2,0,1,80,2,3,0,0,0,3,31.0,64.0,voiture,voiture,1,1,1,1,3
202000044058,2020-09-22 17:30:00,2020,9,22,17,30,2B,2B188,Chemin du VVF lieu-dit Licampi,42.614633,9.351436,Plein jour,En agglomération,Hors intersection,Pluie légère,Deux véhicules - frontale,4,2,2,0,2,2,2,0,1,50,2,3,1,0,0,2,73.0,30.0,voiture,deux_roues,1,2,1,2,1
202000044059,2020-09-21 19:20:00,2020,9,21,19,20,66,66037,D617,42.698669,3.022345,Plein jour,Hors agglomération,Hors intersection,Normale,Deux véhicules - côté,3,3,4,0,1,1,1,0,1,90,2,2,1,0,1,0,24.0,31.0,voiture,deux_roues,1,1,1,1,3
202000044060,2020-09-22 09:40:00,2020,9,22,9,40,84,84003,Avenue Victor Hugo,43.87872,5.386155,Plein jour,En agglomération,Hors intersection,Pluie forte,Autre collision,4,2,2,0,1,2,2,0,1,30,1,2,1,0,0,1,61.0,,voiture,,1,2,1,3,6
202000044061,2020-09-22 11:30:00,2020,9,22,11,30,13,13027,Chemin de la Croix du Vigneron,43.875213,4.863435,Plein jour,En agglomération,Giratoire,Pluie légère,Deux véhicules - côté,3,1,1,0,1,2,2,5,1,50,2,2,1,0,1,0,47.0,38.0,deux_roues,voiture,1,2,6,2,3
202000044062,2020-09-23 15:30:00,2020,9,23,15,30,39,39070,,46.739088,5.960044,Plein jour,Hors agglomération,Hors intersection,Normale,Autre collision,3,2,2,0,1,3,1,0,3,80,1,1,0,0,1,0,19.0,,voiture,,1,1,1,1,6
202000044063,2020-09-22 14:50:00,2020,9,22,14,50,68,68106,D431,47.889982,7.11339,Plein jour,Hors agglomération,Hors intersection,Normale,Sans collision,3,2,2,0,2,3,1,0,1,80,1,1,0,1,0,0,62.0,,deux_roues,,1,1,1,1,7
202000044064,2020-09-22 18:28:00,2020,9,22,18,28,88,88483,13 Rue d'Epinal,48.193125,6.3778,Plein jour,En agglomération,Hors intersection,Normale,Deux véhicules - côté,3,2,2,0,1,1,1,0,1,50,2,2,0,0,0,2,14.0,,deux_roues,,1,2,1,1,3
202000044065,2020-09-22 17:00:00,2020,9,22,17,0,74,74042,Avenue du Côteau,46.080548,6.408001,Plein jour,En agglomération,Hors intersection,Temps couvert,Deux véhicules - arrière,4,2,2,0,1,1,1,0,1,50,2,2,1,0,0,1,18.0,16.0,voiture,deux_roues,1,2,1,8,2
202000044066,2020-09-23 15:10:00,2020,9,23,15,10,42,42188,D44,45.6124364,3.9459868,Plein jour,En agglomération,Hors intersection,Normale,Deux véhicules - côté,3,2,2,0,1,3,1,0,1,50,2,2,1,0,0,1,56.0,18.0,voiture,deux_roues,1,2,1,1,3
202000044067,2020-09-22 19:50:00,2020,9,22,19,50,69,69117,1 Chemin des Calles,45.858239,4.739538,Crépuscule ou aube,Hors agglomération,Hors intersection,Temps couvert,Deux véhicules - frontale,3,2,2,0,1,1,2,9,1,70,2,3,0,1,2,0,25.0,73.0,voiture,voiture,2,1,1,8,1
202000044068,2020-09-22 07:45:00,2020,9,22,7,45,09,09199,223 Lieu Dit Mourie,43.183525,1.653995,Plein jour,Hors agglomération,Hors intersection,Temps couvert,Sans collision,4,-1,2,0,1,1,1,0,3,80,1,1,0,0,1,0,24.0,,deux_roues,,1,1,1,8,7
202000044069,2020-09-23 15:40:00,2020,9,23,15,40,31,31458,20 Chemin des Cujalas,43.504029,1.347145,Plein jour,En agglomération,Hors intersection,Normale,Deux véhicules - côté,4,2,2,0,1,1,1,0,1,50,2,2,1,0,1,0,59.0,5.0,utilitaire_camion,deux_roues,1,2,1,1,3
202000044070,2020-09-22 17:15:00,2020,9,22,17,15,22,22389,Rue du Pontpin,48.475489,-2.669281,Plein jour,Hors agglomération,Hors intersection,Normale,Sans collision,4,2,2,0,2,1,1,0,3,80,1,1,0,0,1,0,64.0,,utilitaire_camion,,1,1,1,1,7
202000044071,2020-09-22 18:15:00,2020,9,22,18,15,80,80685,D1017,49.7035979,2.8093886,Plein jour,Hors agglomération,Hors intersection,Normale,Trois véhicules et plus - collisions multiples,3,2,2,0,1,1,1,0,1,80,3,4,3,0,1,0,31.0,31.0,utilitaire_camion,voiture,1,1,1,1,5
202000044072,2020-03-10 20:40:00,2020,3,10,20,40,17,17333,RD 730 - BORDEAUX (ROUTE DE),45.605789,-0.962895,Nuit sans éclairage public,Hors agglomération,Hors intersection,Pluie légère,Autre collision,3,2,2,0,1,1,2,0,1,80,1,2,1,1,0,0,57.0,,voiture,,3,1,1,2,6
202000044073,2020-03-06 09:30:00,2020,3,6,9,30,13,13103,ROUTE D'ARLES-RN 113,43.64006,4.978416,Plein jour,Hors agglomération,Intersection en T,Normale,Deux véhicules - côté,1,2,2,0,1,1,1,0,1,80,2,2,1,0,0,1,23.0,22.0,voiture,utilitaire_camion,1,1,3,1,3