accident_id,datetime,annee,mois,jour,heure,minute,departement,commune_insee,adresse,latitude,longitude,luminosite,agglomeration,intersection,meteo,collision,catr,circ,nbv,vosp,prof,plan,surf,infra,situ,vma,nb_vehicules,nb_usagers,nb_indemnes,nb_tues,nb_blesses_hosp,nb_blesses_legers,age_cond_1,age_cond_2,veh_type_cond_1,veh_type_cond_2,lum_code,agg_code,int_code,atm_code,col_code
202000044074,2020-03-10 18:15:00,2020,3,10,18,15,13,13214,CADE (RUE),43.3315,5.39365,Plein jour,En agglomération,Hors intersection,Normale,Deux véhicules - côté,4,2,2,0,2,3,1,1,1,50,2,5,2,0,0,3,35.0,28.0,voiture,voiture,1,2,1,1,3
202000044075,2020-03-10 15:30:00,2020,3,10,15,30,13,13215,SAINT ANTOINE (AVENUE DE),43.36498,5.35687,Plein jour,En agglomération,Hors intersection,Normale,Autre collision,3,2,2,0,1,1,1,0,1,50,1,1,0,0,0,1,,,,,1,2,1,1,6
202000044076,2020-03-10 14:31:00,2020,3,10,14,31,13,13202,LITTORAL (CHEMIN DU),43.326864,5.358311,Plein jour,En agglomération,Intersection en T,Normale,Deux véhicules - côté,3,3,2,0,1,1,1,9,1,50,2,2,1,0,0,1,48.0,39.0,deux_roues,voiture,1,2,3,1,3
202000044077,2020-03-10 12:30:00,2020,3,10,12,30,13,13206,TROIS ROIS (RUE DES),43.2940905,5.3847331,Plein jour,En agglomération,Hors intersection,Normale,Autre collision,7,1,1,0,1,1,1,0,1,50,1,1,0,0,0,1,,,,,1,2,1,1,6
202000044078,2020-03-09 11:50:00,2020,3,9,11,50,13,13208,HAIFA (AVENUE),43.2497901,5.3878874,Plein jour,En agglomération,Hors intersection,Normale,Trois véhicules et plus - collisions multiples,4,2,0,0,1,1,1,0,1,50,3,2,1,0,1,0,46.0,58.0,voiture,deux_roues,1,2,1,1,5
202000044079,2020-03-10 20:50:00,2020,3,10,20,50,13,13001,FERRINI FORTUNE (AV),43.48795,5.42374,Nuit avec éclairage allumé,En agglomération,Hors intersection,Normale,Deux véhicules - côté,3,3,2,0,4,1,1,0,1,50,2,2,1,0,0,1,55.0,26.0,deux_roues,voiture,5,2,1,1,3
202000044080,2020-03-10 17:45:00,2020,3,10,17,45,13,13001,PETIT MOULIN (RTE DU),43.5026,5.34608,Plein jour,Hors agglomération,Hors intersection,Normale,Sans collision,3,2,2,0,1,3,1,0,1,70,1,3,0,0,0,3,30.0,,autre,,1,1,1,1,7
202000044081,2020-03-05 13:25:00,2020,3,5,13,25,11,11262,DE GAULLE (BOULEVARD DU GENERAL),43.184846,3.009207,Plein jour,En agglomération,Hors intersection,Normale,Autre collision,4,2,2,0,1,1,1,9,1,50,1,2,1,0,0,1,41.0,,voiture,,1,2,1,1,6
202000044082,2020-03-06 14:15:00,2020,3,6,14,15,11,11262,ETANGS  (AVENUE DES),43.15587,2.99617,Plein jour,En agglomération,Hors intersection,Normale,Autre collision,4,2,2,0,1,1,1,0,1,50,1,1,0,0,0,1,28.0,,deux_roues,,1,2,1,1,6
202000044083,2020-03-09 08:00:00,2020,3,9,8,0,11,11069,RD 6113,43.23166,2.37416,Crépuscule ou aube,En agglomération,Hors intersection,Pluie forte,Trois véhicules et plus - en chaîne,3,2,2,0,1,1,2,0,1,80,3,4,2,0,0,2,52.0,40.0,voiture,voiture,2,2,1,3,4
202000044084,2020-03-10 18:06:00,2020,3,10,18,6,06,06088,GAMBETTA (JUSQU'AU N° 62-73),43.6952,7.2562,Crépuscule ou aube,En agglomération,Intersection en X,Normale,Deux véhicules - côté,4,2,3,0,1,1,1,0,1,50,2,2,1,0,1,0,91.0,40.0,voiture,deux_roues,2,2,2,1,3
202000044085,2020-03-09 09:30:00,2020,3,9,9,30,05,05061,SANTOS DUMONT ( RUE ),44.55489,6.07008,Plein jour,En agglomération,Intersection en T,Normale,Deux véhicules - arrière,4,2,2,0,1,1,1,0,1,50,2,2,1,0,0,1,72.0,29.0,voiture,deux_roues,1,2,3,1,2
202000044086,2020-03-09 08:30:00,2020,3,9,8,30,75,75120,BOULEVARD PERIPHERIQUE,48.855447,2.413826,Plein jour,En agglomération,Hors intersection,Normale,Sans collision,4,1,4,0,1,1,1,0,1,70,1,1,0,0,0,1,55.0,,deux_roues,,1,2,1,1,7
202000044087,2020-03-09 08:20:00,2020,3,9,8,20,75,75116,BOULEVARD PERIPHERIQUE,48.855195,2.25585,Plein jour,En agglomération,Hors intersection,Normale,Sans collision,4,1,4,0,1,1,1,1,1,70,1,1,0,0,0,1,44.0,,deux_roues,,1,2,1,1,7
202000044088,2020-03-10 00:11:00,2020,3,10,0,11,75,75120,AVENUE CARTELLIER,48.86445,2.41361,Nuit avec éclairage allumé,En agglomération,Intersection en Y,Pluie légère,Autre collision,4,3,4,0,1,1,2,0,1,50,1,1,0,0,1,0,50.0,,voiture,,5,2,4,2,6
202000044089,2020-03-09 06:30:00,2020,3,9,6,30,75,75118,BOULEVARD NEY,48.897986,2.342417,Nuit sans éclairage public,En agglomération,Intersection en T,Pluie légère,,4,3,3,0,1,1,2,-1,6,50,2,3,2,0,0,1,53.0,57.0,transport_commun,transport_commun,3,2,3,2,-1
202000044090,2020-03-10 10:50:00,2020,3,10,10,50,75,75117,RUE PIERRE DEMOURS,48.8812733,2.295527,Plein jour,En agglomération,Intersection à plus de 4 branches,Temps couvert,,4,1,1,0,1,1,2,0,1,30,2,2,1,0,0,1,64.0,54.0,voiture,deux_roues,1,2,5,8,-1
202000044091,2020-03-08 16:00:00,2020,3,8,16,0,75,75117,AVENUE DE CLICHY,48.889126,2.32275,Plein jour,En agglomération,Intersection en X,Pluie légère,Autre collision,4,2,4,0,1,1,2,0,1,50,1,2,1,0,0,1,30.0,,voiture,,1,2,2,2,6
202000044092,2020-03-10 11:20:00,2020,3,10,11,20,75,75114,AVENUE DU GENERAL LECLERC,48.824813,2.325921,Plein jour,En agglomération,Intersection en T,Normale,Deux véhicules - côté,4,2,6,3,1,1,2,0,6,50,2,2,1,0,0,1,55.0,35.0,deux_roues,voiture,1,2,3,1,3
202000044093,2020-03-09 13:55:00,2020,3,9,13,55,75,75114,RUE RAYMOND LOSSERAND,48.832943,2.316249,Plein jour,En agglomération,Intersection en X,Pluie légère,Sans collision,4,1,1,0,1,1,2,0,1,30,1,1,0,0,0,1,51.0,,deux_roues,,1,2,2,2,7
202000044094,2020-03-10 19:05:00,2020,3,10,19,5,75,75112,RUE DE BERCY,48.842113,2.376422,Crépuscule ou aube,En agglomération,Intersection en X,Normale,Deux véhicules - arrière,4,1,3,0,1,1,1,0,1,30,2,1,0,0,0,1,24.0,,deux_roues,,2,2,2,1,2
202000044095,2020-03-10 18:55:00,2020,3,10,18,55,75,75109,RUE LA FAYETTE,48.877206,2.348993,Nuit avec éclairage allumé,En agglomération,Intersection en X,Normale,Autre collision,4,1,2,2,2,1,1,0,5,50,1,2,0,0,0,2,41.0,,deux_roues,,5,2,2,1,6
202000044096,2020-03-10 08:30:00,2020,3,10,8,30,75,75108,Place de l'Alma,48.864391,2.301804,Nuit avec éclairage allumé,En agglomération,Place,Pluie légère,Deux véhicules - côté,4,1,4,3,1,1,2,0,1,50,2,2,1,0,0,1,44.0,46.0,deux_roues,voiture,5,2,7,2,3
202000044097,2020-03-09 23:45:00,2020,3,9,23,45,75,75107,RUE DE LILLE,48.858523,2.329712,Nuit avec éclairage allumé,En agglomération,Intersection en X,Pluie légère,Deux véhicules - côté,4,2,2,0,1,1,2,0,1,30,2,2,1,0,0,1,27.0,40.0,voiture,voiture,5,2,2,2,3
202000044098,2020-03-10 20:10:00,2020,3,10,20,10,75,75103,RUE SAINT MARTIN,48.861648,2.351655,Nuit avec éclairage allumé,En agglomération,Intersection en X,Normale,Autre collision,4,1,2,0,1,1,1,6,1,50,1,1,0,0,0,1,,,,,5,2,2,1,6
202000044099,2020-03-10 08:15:00,2020,3,10,8,15,94,94044,GABRIEL PERI (AV),48.75356,2.4853,Plein jour,En agglomération,Hors intersection,Pluie légère,Deux véhicules - côté,3,2,2,0,1,1,2,0,1,50,2,2,1,0,1,0,52.0,41.0,voiture,deux_roues,1,2,1,2,3
202000044100,2020-03-09 10:00:00,2020,3,9,10,0,94,94068,LEON BOCQUET (R),48.79,2.48,Plein jour,En agglomération,Intersection en T,Temps couvert,Autre collision,4,1,1,0,1,1,1,0,1,50,1,1,0,0,0,1,28.0,,voiture,,1,2,3,8,6
202000044101,2020-03-07 14:30:00,2020,3,7,14,30,94,94068,LOUIS BLANC (AV),48.7933,2.4979,Plein jour,En agglomération,Hors intersection,Normale,Autre collision,3,2,3,0,1,1,1,0,1,50,1,2,1,0,0,1,30.0,,voiture,,1,2,1,1,6
202000044102,2020-03-09 09:00:00,2020,3,9,9,0,94,94041,VICTOR HUGO (R),48.818573,2.383934,Plein jour,En agglomération,Intersection en T,Normale,Deux véhicules - côté,3,2,2,0,1,1,1,0,1,50,2,1,0,0,0,1,44.0,,deux_roues,,1,2,3,1,3
202000044103,2020-02-26 15:10:00,2020,2,26,15,10,94,94073,GUY MOCQUET (R),48.77297,2.39814,Plein jour,En agglomération,Hors intersection,Normale,Autre collision,4,2,2,0,2,1,2,5,1,30,1,2,1,0,0,1,67.0,,voiture,,1,2,1,1,6
202000044104,2020-03-10 18:00:00,2020,3,10,18,0,94,94028,CHOISY(ROUTE DE),48.79032,2.45319,Crépuscule ou aube,En agglomération,Hors intersection,Normale,Deux véhicules - côté,3,1,4,0,1,1,1,0,1,50,2,2,0,0,0,2,41.0,20.0,voiture,voiture,2,2,1,1,3
202000044105,2020-03-10 20:30:00,2020,3,10,20,30,93,93072,BD MAXIME GORKI,48.94535,2.38691,Nuit avec éclairage allumé,En agglomération,Hors intersection,Normale,Deux véhicules - côté,3,3,6,3,1,1,1,0,1,30,2,4,1,0,0,3,33.0,56.0,voiture,voiture,5,2,1,1,3
202000044106,2020-03-10 09:15:00,2020,3,10,9,15,93,93071,VICTOR HUGO (AVENUE),48.9329362,2.5334919,Plein jour,Hors agglomération,Hors intersection,Normale,Deux véhicules - côté,9,-1,0,0,1,1,2,0,1,30,2,1,0,0,0,1,68.0,,deux_roues,,1,1,1,1,3
202000044107,2020-03-10 11:50:00,2020,3,10,11,50,93,93070,CAPITAINE-GLARNER (AV),48.9050124,2.3283346,Plein jour,En agglomération,Hors intersection,Normale,Deux véhicules - côté,4,2,2,0,1,1,1,0,1,50,2,2,1,0,0,1,47.0,41.0,deux_roues,voiture,1,2,1,1,3
202000044108,2020-03-10 15:40:00,2020,3,10,15,40,93,93051,LEVANT (BD),48.8372738,2.5477166,Plein jour,En agglomération,Giratoire,Normale,Autre collision,3,1,2,0,1,1,1,5,1,50,1,2,1,0,1,0,62.0,,voiture,,1,2,6,1,6
202000044109,2020-03-10 13:48:00,2020,3,10,13,48,93,93048,PAUL VAILLANT COUTURIER (BOULEVARD),48.864392,2.4425649,Plein jour,En agglomération,Hors intersection,Normale,Deux véhicules - côté,3,2,2,0,1,1,1,0,1,25,2,2,1,0,0,1,18.0,65.0,deux_roues,voiture,1,2,1,1,3
202000044110,2020-03-10 12:30:00,2020,3,10,12,30,93,93046,REPUBLIQUE AVENUE DE LA,48.90826,2.51814,Plein jour,En agglomération,Hors intersection,Normale,Autre collision,4,1,1,0,1,1,1,0,1,30,1,2,1,0,1,0,34.0,,utilitaire_camion,,1,2,1,1,6
202000044111,2020-03-10 07:40:00,2020,3,10,7,40,93,93074,R PIERRE DE NOLHAC,48.9345495,2.5727001,Plein jour,En agglomération,Hors intersection,Pluie légère,Autre collision,4,2,2,0,1,1,2,2,1,50,1,2,1,0,0,1,56.0,,voiture,,1,2,1,2,6
202000044112,2020-03-10 12:20:00,2020,3,10,12,20,93,93063,172 Avenue Gaston Roussel,48.8932471,2.4377937,Plein jour,En agglomération,Hors intersection,Pluie légère,Deux véhicules - côté,3,2,2,0,1,1,2,0,1,50,2,2,1,0,0,1,43.0,36.0,utilitaire_camion,deux_roues,1,2,1,2,3
202000044113,2020-02-28 21:27:00,2020,2,28,21,27,93,93013,LECLERC (AVENU DE LA DIVISION),48.9330595,2.4240016,Nuit avec éclairage allumé,En agglomération,Hors intersection,Pluie légère,Autre collision,3,2,2,0,1,1,2,0,1,50,1,2,0,0,0,2,18.0,,deux_roues,,5,2,1,2,6
202000044114,2020-03-10 19:10:00,2020,3,10,19,10,93,93008,ARAGON (AVENUE LOUIS),48.9148827,2.4411428,Nuit avec éclairage allumé,En agglomération,Hors intersection,Temps couvert,Autre collision,3,3,4,0,1,1,1,0,1,50,1,2,1,0,1,0,23.0,,voiture,,5,2,1,8,6
202000044115,2020-03-10 22:20:00,2020,3,10,22,20,93,93001,9 R SADI CARNOT,48.906712,2.387881,Nuit avec éclairage allumé,En agglomération,Hors intersection,Normale,Autre collision,4,1,1,0,1,3,1,0,1,50,1,1,0,0,0,1,,,,,5,2,1,1,6
202000044116,2020-03-10 17:32:00,2020,3,10,17,32,93,93001,121 BD FELIX FAURE,48.9079383,2.3786974,Plein jour,En agglomération,Hors intersection,Normale,Trois véhicules et plus - collisions multiples,4,2,2,0,1,1,1,0,1,50,3,3,2,0,0,1,43.0,24.0,voiture,deux_roues,1,2,1,1,5
202000044117,2020-03-10 17:35:00,2020,3,10,17,35,92,92051,"VICTOR HUGO (BOULEVARD, N° 9 A 49 ET 16",48.8873405,2.2786937,Plein jour,En agglomération,Hors intersection,Normale,Autre collision,4,2,2,0,1,1,1,0,1,50,1,1,0,0,0,1,72.0,,voiture,,1,2,1,1,6
202000044118,2020-03-09 18:30:00,2020,3,9,18,30,92,92050,PICASSO PABLO AVENUE,48.893692,2.212052,Plein jour,En agglomération,Intersection en X,Normale,Deux véhicules - côté,3,3,3,1,1,1,1,0,1,50,2,2,1,0,0,1,41.0,,voiture,,1,2,2,1,3
202000044119,2020-03-10 17:25:00,2020,3,10,17,25,92,92020,EXUPERY AVENUE SAINT,48.808566,2.298342,Plein jour,En agglomération,Hors intersection,Normale,Deux véhicules - frontale,3,-1,2,0,2,1,1,0,1,50,2,2,1,0,0,1,61.0,44.0,deux_roues,voiture,1,2,1,1,1
202000044120,2020-03-10 08:25:00,2020,3,10,8,25,92,92020,PARIS AVENUE DE N° IMPAIRS,48.808146,2.295617,Plein jour,En agglomération,Hors intersection,Temps couvert,Deux véhicules - côté,3,2,2,0,1,1,2,0,1,50,2,2,1,0,0,1,39.0,33.0,deux_roues,deux_roues,1,2,1,8,3
202000044121,2020-03-10 12:40:00,2020,3,10,12,40,92,92062,LAFARGUES (RUE PAUL),48.88488,2.2475,Plein jour,En agglomération,Hors intersection,Temps couvert,Sans collision,3,1,3,0,1,1,1,0,4,50,1,1,0,0,0,1,46.0,,voiture,,1,2,1,8,7
202000044122,2020-02-25 17:35:00,2020,2,25,17,35,92,92004,RPC GILBERT,48.91613,2.28503,Plein jour,En agglomération,Intersection en T,Normale,Deux véhicules - côté,4,1,1,0,1,1,1,0,1,50,2,4,2,0,0,2,42.0,38.0,voiture,voiture,1,2,3,1,3
202000044123,2020-03-11 10:50:00,2020,3,11,10,50,29,29262,Rue de Lampaul Guimiliau,48.4470685,-4.0058061,Plein jour,En agglomération,Giratoire,Pluie forte,Deux véhicules - côté,3,2,2,0,2,1,2,0,1,50,2,5,4,0,1,0,35.0,21.0,voiture,deux_roues,1,2,6,3,3
202000044124,2020-03-08 21:30:00,2020,3,8,21,30,66,66136,A9 - sens Espagne France,42.704592,2.865717,Nuit sans éclairage public,Hors agglomération,Hors intersection,Normale,Deux véhicules - arrière,1,1,3,0,1,1,1,0,1,130,2,3,1,0,1,1,25.0,48.0,voiture,voiture,3,1,1,1,2
202000044125,2020-03-10 19:45:00,2020,3,10,19,45,74,74295,D902- route des grandes alpes,46.31764,6.602826,Nuit sans éclairage public,Hors agglomération,Hors intersection,Pluie légère,Deux véhicules - frontale,3,2,2,0,2,4,2,0,1,80,2,4,2,0,0,2,37.0,18.0,voiture,voiture,3,1,1,2,1
202000044126,2020-03-09 13:45:00,2020,3,9,13,45,22,22354,RN12 PR 99+050,48.569913,-3.274044,Plein jour,Hors agglomération,Hors intersection,Pluie légère,Sans collision,2,3,4,0,1,2,2,0,3,100,1,1,0,0,1,0,35.0,,voiture,,1,1,1,2,7
202000044127,2020-03-11 17:10:00,2020,3,11,17,10,83,83049,Avenue Léon Amic,43.225232,6.069914,Plein jour,En agglomération,Hors intersection,Normale,Deux véhicules - côté,3,2,2,0,1,1,1,0,1,50,2,2,0,0,1,1,15.0,21.0,deux_roues,deux_roues,1,2,1,1,3
202000044128,2020-03-09 22:30:00,2020,3,9,22,30,51,51562,D9,49.1945438,4.0616634,Nuit sans éclairage public,Hors agglomération,Hors intersection,Normale,Trois véhicules et plus - en chaîne,3,2,2,0,3,3,1,0,1,80,3,4,0,0,1,3,27.0,27.0,voiture,voiture,3,1,1,1,4
202000044129,2020-03-02 08:45:00,2020,3,2,8,45,56,56185,Quéven,47.780034,-3.422762,Plein jour,Hors agglomération,Hors intersection,Temps éblouissant,Deux véhicules - arrière,2,3,2,0,1,1,1,0,1,110,2,3,1,0,0,2,23.0,53.0,voiture,voiture,1,1,1,7,2
202000044130,2020-03-11 11:30:00,2020,3,11,11,30,2B,2B167,D451,42.536188,8.873359,Plein jour,En agglomération,Autre intersection,Normale,Sans collision,3,2,2,0,2,3,1,0,1,50,1,1,0,0,1,0,48.0,,voiture,,1,2,9,1,7
202000044131,2020-03-11 18:15:00,2020,3,11,18,15,80,80002,Rue de Chaulnes,49.838062,2.820911,Crépuscule ou aube,En agglomération,Intersection en X,Normale,Deux véhicules - côté,3,2,2,0,1,4,1,0,1,50,2,4,0,0,1,3,35.0,22.0,voiture,voiture,2,2,2,1,3
202000044132,2020-02-22 00:10:00,2020,2,22,0,10,80,80618,16 Rue du General de Gaulle,50.1718191,1.572934,Nuit avec éclairage allumé,En agglomération,Hors intersection,Pluie légère,Deux véhicules - frontale,3,-1,2,0,1,1,2,0,1,50,2,3,2,0,0,1,61.0,44.0,voiture,voiture,5,2,1,2,1
202000044133,2020-03-11 10:25:00,2020,3,11,10,25,89,89010,D956,47.702238,3.950679,Plein jour,Hors agglomération,Hors intersection,Normale,Trois véhicules et plus - collisions multiples,3,2,2,0,3,1,1,0,1,80,3,6,1,0,1,4,80.0,47.0,utilitaire_camion,voiture,1,1,1,1,5
202000044134,2020-03-10 12:00:00,2020,3,10,12,0,12,12219,Hameau de Lous,44.478566,2.92887,Plein jour,Hors agglomération,Hors intersection,Pluie légère,Deux véhicules - côté,3,2,2,0,1,3,2,0,1,80,2,3,1,0,1,1,46.0,83.0,utilitaire_camion,voiture,1,1,1,2,3
202000044135,2020-02-29 17:30:00,2020,2,29,17,30,42,42222,Parking du stade,45.594435,4.307976,Plein jour,En agglomération,Hors intersection,Pluie légère,Deux véhicules - côté,6,-1,-1,0,1,1,2,0,8,50,2,3,2,0,0,1,17.0,21.0,deux_roues,voiture,1,2,1,2,3
202000044136,2020-03-10 16:45:00,2020,3,10,16,45,29,29199,D712 - Route de la Chapelle du Mur,48.57577,-3.767205,Plein jour,En agglomération,Hors intersection,Pluie légère,Autre collision,3,2,2,0,1,1,2,9,1,50,1,1,0,0,1,0,62.0,,voiture,,1,2,1,2,6
202000044137,2020-03-11 16:30:00,2020,3,11,16,30,38,38049,Chemin de Chassagne,45.40585,5.18772,Plein jour,Hors agglomération,Intersection en X,Normale,Deux véhicules - côté,4,2,2,0,1,1,1,0,1,50,2,2,1,0,1,0,77.0,87.0,deux_roues,voiture,1,1,2,1,3
202000044138,2020-03-11 14:30:00,2020,3,11,14,30,02,02360,D925,49.425386,3.931947,Plein jour,Hors agglomération,Hors intersection,Normale,Deux véhicules - arrière,3,2,2,0,1,1,1,0,1,80,2,5,4,0,0,1,46.0,61.0,voiture,voiture,1,1,1,1,2
202000044139,2020-03-10 21:30:00,2020,3,10,21,30,03,03158,,46.4524788,2.7101968,Nuit sans éclairage public,Hors agglomération,Hors intersection,Pluie légère,Autre collision,3,2,2,0,1,3,2,0,3,80,1,1,0,1,0,0,40.0,,voiture,,3,1,1,2,6
202000044140,2020-03-09 15:50:00,2020,3,9,15,50,66,66137,Avenue de France,42.46055,2.864084,Plein jour,En agglomération,Hors intersection,Vent fort / tempête,Sans collision,3,3,2,0,2,1,1,0,1,50,1,2,1,0,1,0,51.0,,voiture,,1,2,1,6,7
202000044141,2020-03-10 08:10:00,2020,3,10,8,10,06,06079,Avenue de Cannes,43.54208,6.936623,Plein jour,En agglomération,Hors intersection,Normale,Autre collision,3,2,2,0,1,1,1,0,8,50,1,3,2,0,0,1,36.0,,voiture,,1,2,1,1,6
202000044142,2020-03-10 19:45:00,2020,3,10,19,45,53,53196,D3,48.452515,-0.305991,Nuit sans éclairage public,Hors agglomération,Hors intersection,Pluie légère,Sans collision,3,2,2,0,4,1,2,2,1,80,1,1,0,0,1,0,27.0,,voiture,,3,1,1,2,7
202000044143,2020-03-10 14:45:00,2020,3,10,14,45,04,04230,RD 6,43.831814,5.951484,Plein jour,Hors agglomération,Hors intersection,Normale,Deux véhicules - arrière,3,2,2,0,2,1,1,0,1,80,2,2,1,0,1,0,39.0,76.0,voiture,deux_roues,1,1,1,1,2
202000044144,2020-03-10 16:45:00,2020,3,10,16,45,30,30089,D763,43.846908,4.573274,Plein jour,Hors agglomération,Hors intersection,Normale,Sans collision,3,2,2,0,1,2,1,0,3,-1,1,4,2,0,1,1,21.0,,voiture,,1,1,1,1,7
202000044145,2020-03-11 11:50:00,2020,3,11,11,50,48,48101,D16,44.295166,3.500347,Plein jour,Hors agglomération,Hors intersection,Normale,Sans collision,3,2,2,0,1,2,1,0,1,80,1,1,0,0,0,1,27.0,,deux_roues,,1,1,1,1,7
202000044146,2020-03-11 19:45:00,2020,3,11,19,45,78,78455,D161,48.845034,2.057866,Nuit avec éclairage allumé,En agglomération,Giratoire,Normale,Autre collision,3,1,2,0,1,2,1,0,1,30,1,2,1,0,0,1,26.0,,voiture,,5,2,6,1,6
202000044147,2020-03-10 18:30:00,2020,3,10,18,30,06,06018,1450 Route des Lucioles,43.616499,7.068397,Crépuscule ou aube,Hors agglomération,Hors intersection,Normale,Autre collision,3,3,2,0,1,2,1,0,1,70,1,2,1,0,0,1,21.0,,voiture,,2,1,1,1,6
202000044148,2020-03-11 05:05:00,2020,3,11,5,5,72,72165,A11,48.071857,0.439174,Nuit sans éclairage public,Hors agglomération,Hors intersection,Temps couvert,Autre collision,1,3,5,0,1,1,2,8,1,130,1,2,1,1,0,0,53.0,,utilitaire_camion,,3,1,1,8,6
202000044149,2020-03-08 14:40:00,2020,3,8,14,40,06,06085,A8,43.57823,6.984429,Plein jour,Hors agglomération,Hors intersection,Normale,Deux véhicules - arrière,1,3,3,0,1,1,1,0,1,110,2,4,0,0,2,2,37.0,25.0,voiture,voiture,1,1,1,1,2
202000044150,2020-03-11 13:00:00,2020,3,11,13,0,973,97308,RN2 Sud,3.902292,-51.811304,Plein jour,Hors agglomération,Hors intersection,Normale,Sans collision,2,2,2,0,1,2,1,0,1,80,1,2,1,0,1,0,21.0,,voiture,,1,1,1,1,7
202000044151,2020-03-10 10:07:00,2020,3,10,10,7,971,97106,Route de la Traversee,16.179799,-61.750267,Plein jour,Hors agglomération,Hors intersection,Pluie légère,Deux véhicules - côté,3,2,2,0,2,2,2,0,1,70,2,6,4,0,1,1,26.0,57.0,voiture,voiture,1,1,1,2,3
202000044152,2020-02-26 20:00:00,2020,2,26,20,0,77,77161,Route de Dormelles,48.32547,2.912278,Nuit sans éclairage public,Hors agglomération,Hors intersection,Normale,Sans collision,4,2,2,0,2,1,6,0,3,80,1,1,0,0,0,1,25.0,,voiture,,3,1,1,1,7
202000044153,2020-02-25 11:30:00,2020,2,25,11,30,83,83001,Rond-point du Violon,43.529404,6.82104,Plein jour,En agglomération,Giratoire,Normale,Deux véhicules - côté,3,2,2,0,1,3,1,0,1,50,2,2,1,0,0,1,82.0,68.0,voiture,deux_roues,1,2,6,1,3
202000044154,2020-03-09 15:20:00,2020,3,9,15,20,67,67313,8 Rue Hermes ZAC Atrium,48.5316235,7.4710921,Plein jour,En agglomération,Hors intersection,Normale,Sans collision,4,1,1,0,1,1,1,9,8,50,1,3,2,0,1,0,75.0,,voiture,,1,2,1,1,7
202000044155,2020-03-11 07:35:00,2020,3,11,7,35,88,88464,D11,48.109609,6.68355,Crépuscule ou aube,Hors agglomération,Hors intersection,Pluie légère,Autre collision,3,2,2,0,2,3,2,0,3,80,1,1,0,0,1,0,28.0,,voiture,,2,1,1,2,6
202000044156,2020-03-11 14:00:00,2020,3,11,14,0,38,38110,Route de Leveau,45.56173,4.8696,Plein jour,Hors agglomération,Hors intersection,Temps éblouissant,Sans collision,3,2,2,0,2,4,1,0,8,70,1,1,0,0,1,0,20.0,,deux_roues,,1,1,1,7,7
202000044157,2020-03-11 08:15:00,2020,3,11,8,15,69,69159,Route de Tarare,45.9510592,4.6629274,Plein jour,Hors agglomération,Hors intersection,Pluie légère,Deux véhicules - frontale,3,2,2,0,1,1,2,0,1,80,2,2,1,0,0,1,52.0,34.0,deux_roues,voiture,1,1,1,2,1
202000044158,2020-03-04 13:00:00,2020,3,4,13,0,69,69140,570 Chemin des Beluises,45.897882,4.682826,Plein jour,En agglomération,Hors intersection,Normale,Deux véhicules - frontale,4,2,2,0,2,3,1,0,1,50,2,4,2,0,0,2,22.0,17.0,voiture,voiture,1,2,1,1,1
202000044159,2020-03-11 06:50:00,2020,3,11,6,50,27,27203,D533,49.04329,1.407838,Crépuscule ou aube,Hors agglomération,Intersection en T,Normale,Deux véhicules - côté,3,2,3,0,1,1,1,0,1,80,2,2,1,0,0,1,40.0,33.0,voiture,voiture,2,1,3,1,3
202000044160,2020-03-10 14:30:00,2020,3,10,14,30,13,13215,A7-Sens Marseille vers Lyon,43.3454529,5.374184,Plein jour,Hors agglomération,Hors intersection,Normale,Trois véhicules et plus - collisions multiples,1,1,4,0,1,1,1,3,1,70,4,5,2,0,0,3,41.0,40.0,voiture,utilitaire_camion,1,1,1,1,5
202000044161,2020-03-10 09:05:00,2020,3,10,9,5,13,13210,A50-Sens Marseille vers Aubagne,43.28469,5.41689,Plein jour,Hors agglomération,Hors intersection,Normale,Trois véhicules et plus - en chaîne,1,1,3,0,1,1,1,0,1,90,3,4,1,0,0,3,46.0,44.0,voiture,voiture,1,1,1,1,4
202000044162,2020-03-05 08:30:00,2020,3,5,8,30,69,69040,A6 ,45.7995,4.7751,Plein jour,Hors agglomération,Hors intersection,Pluie légère,Deux véhicules - arrière,7,3,3,0,1,1,2,0,1,70,2,4,2,0,0,2,34.0,30.0,voiture,deux_roues,1,1,1,2,2
202000044163,2020-03-09 08:55:00,2020,3,9,8,55,67,67482,Autoroute A.35,48.5783521,7.7252503,Plein jour,Hors agglomération,Hors intersection,Normale,Trois véhicules et plus - en chaîne,1,3,4,0,2,1,1,0,1,90,6,7,3,0,0,4,55.0,43.0,voiture,utilitaire_camion,1,1,1,1,4
202000044164,2020-03-10 18:45:00,2020,3,10,18,45,33,33192,AUTOROUTE A 63,44.77779,-0.64492,Plein jour,Hors agglomération,Hors intersection,Normale,Trois véhicules et plus - en chaîne,1,3,6,0,1,1,2,0,1,110,3,5,3,0,0,2,27.0,27.0,voiture,voiture,1,1,1,1,4
202000044165,2020-03-09 07:45:00,2020,3,9,7,45,59,59636,ROUTE DEPARTEMENTALE 652,50.680735,3.056891,Plein jour,Hors agglomération,Hors intersection,Normale,Deux véhicules - côté,7,-1,4,0,1,1,1,0,1,90,2,2,1,0,0,1,22.0,46.0,deux_roues,voiture,1,1,1,1,3
202000044166,2020-03-07 05:15:00,2020,3,7,5,15,59,59346,AUTOROUTE A27,50.600999,3.132574,Nuit sans éclairage public,Hors agglomération,Hors intersection,Normale,Deux véhicules - frontale,1,3,6,0,1,1,1,0,1,90,2,3,1,0,2,0,28.0,42.0,voiture,voiture,3,1,1,1,1