accident_id,datetime,annee,mois,jour,heure,minute,departement,commune_insee,adresse,latitude,longitude,luminosite,agglomeration,intersection,meteo,collision,catr,circ,nbv,vosp,prof,plan,surf,infra,situ,vma,nb_vehicules,nb_usagers,nb_indemnes,nb_tues,nb_blesses_hosp,nb_blesses_legers,age_cond_1,age_cond_2,veh_type_cond_1,veh_type_cond_2,lum_code,agg_code,int_code,atm_code,col_code
202000044349,2020-06-26 09:30:00,2020,6,26,9,30,75,75118,BOULEVARD BARBES,48.884218,2.34948,Plein jour,En agglomération,Intersection en Y,Normale,Deux véhicules - côté,4,2,4,0,1,1,1,0,1,50,2,2,1,0,0,1,41.0,35.0,voiture,deux_roues,1,2,4,1,3
202000044350,2020-06-26 07:00:00,2020,6,26,7,0,75,75118,BOULEVARD ORNANO,48.895374,2.346627,Plein jour,En agglomération,Intersection en Y,Normale,Deux véhicules - côté,4,2,6,1,1,1,1,-1,5,50,2,1,0,0,0,1,31.0,,deux_roues,,1,2,4,1,3
202000044351,2020-08-27 13:15:00,2020,8,27,13,15,75,75115,RUE OLIVIER DE SERRES,48.833926,2.295137,Plein jour,En agglomération,Intersection en T,Normale,Autre collision,4,2,2,0,1,1,1,0,1,30,1,2,1,0,0,1,80.0,,voiture,,1,2,3,1,6
202000044352,2020-06-26 02:45:00,2020,6,26,2,45,75,75118,PLACE ALBERT KAHN,48.895835,2.3458,Nuit avec éclairage allumé,En agglomération,Place,Normale,Autre collision,4,1,0,0,1,2,1,0,1,30,1,1,0,0,0,1,,,,,5,2,7,1,6
202000044353,2020-08-26 22:20:00,2020,8,26,22,20,75,75113,BOULEVARD DU GENERAL JEAN SIMON,48.826746,2.384841,Nuit avec éclairage allumé,En agglomération,Hors intersection,Normale,Deux véhicules - arrière,4,3,2,0,1,1,1,0,1,50,2,5,2,0,0,3,50.0,46.0,voiture,voiture,5,2,1,1,2
202000044354,2020-06-25 14:15:00,2020,6,25,14,15,75,75117,AVENUE DE LA GRANDE ARMEE,48.876888,2.285268,Plein jour,En agglomération,Intersection en T,Normale,Sans collision,4,2,8,0,1,1,1,0,1,50,1,1,0,0,0,1,51.0,,deux_roues,,1,2,3,1,7
202000044355,2020-08-26 22:20:00,2020,8,26,22,20,75,75113,RUE DARMESTETER,48.823393,2.375025,Nuit avec éclairage allumé,En agglomération,Intersection en T,Normale,Deux véhicules - côté,4,2,2,0,2,3,1,0,1,50,2,2,1,0,0,1,26.0,52.0,deux_roues,voiture,5,2,3,1,3
202000044356,2020-06-25 23:32:00,2020,6,25,23,32,75,75116,BOULEVARD LANNES,48.868846,2.273525,Nuit avec éclairage allumé,En agglomération,Intersection en T,Normale,Deux véhicules - côté,4,2,4,0,1,1,1,0,1,50,2,2,1,0,0,1,25.0,28.0,voiture,deux_roues,5,2,3,1,3
202000044357,2020-08-27 20:00:00,2020,8,27,20,0,75,75111,AVENUE PHILIPPE AUGUSTE,48.851167,2.394195,Crépuscule ou aube,En agglomération,Hors intersection,Pluie légère,Deux véhicules - côté,4,2,2,0,1,1,2,0,1,50,2,2,1,0,0,1,21.0,50.0,voiture,deux_roues,2,2,1,2,3
202000044358,2020-06-22 13:30:00,2020,6,22,13,30,75,75116,AVENUE DU PRESIDENT WILSON,48.863928,2.290499,Plein jour,En agglomération,Intersection en X,Normale,Deux véhicules - côté,4,3,6,3,2,1,1,0,1,50,2,2,1,0,0,1,30.0,47.0,deux_roues,deux_roues,1,2,2,1,3
202000044359,2020-08-27 16:13:00,2020,8,27,16,13,75,75110,QUAI DE JEMMAPES,48.871419,2.365606,Plein jour,En agglomération,Hors intersection,Normale,Deux véhicules - côté,4,1,2,1,1,1,1,-1,5,50,2,1,0,0,0,1,36.0,,deux_roues,,1,2,1,1,3
202000044360,2020-06-26 06:00:00,2020,6,26,6,0,75,75115,BOULEVARD GENERAL MARTIAL VALIN,48.837994,2.27165,Crépuscule ou aube,En agglomération,Hors intersection,Normale,Sans collision,4,2,6,1,2,1,1,-1,5,50,1,1,0,0,0,1,30.0,,deux_roues,,2,2,1,1,7
202000044361,2020-06-24 17:00:00,2020,6,24,17,0,75,75115,RUE CAUCHY,48.842284,2.277997,Plein jour,En agglomération,Hors intersection,Normale,Autre collision,4,1,0,0,1,1,1,0,1,50,1,2,1,0,0,1,36.0,,voiture,,1,2,1,1,6
202000044362,2020-06-25 00:00:00,2020,6,25,0,0,75,75112,RUE DE LYON,48.849811,2.370609,Nuit avec éclairage allumé,En agglomération,Intersection en Y,Temps éblouissant,Autre collision,4,2,3,1,1,1,1,-1,5,50,1,1,0,0,1,0,60.0,,deux_roues,,5,2,4,7,6
202000044363,2020-08-26 23:35:00,2020,8,26,23,35,75,75109,BOULEVARD HAUSSMANN,48.872373,2.337431,Nuit avec éclairage allumé,En agglomération,Intersection en X,Normale,Deux véhicules - côté,4,1,3,0,1,1,1,0,1,50,2,2,1,0,0,1,57.0,25.0,deux_roues,deux_roues,5,2,2,1,3
202000044364,2020-06-26 18:25:00,2020,6,26,18,25,75,75110,RUE DU HUIT MAI 1945,48.87594,2.35941,Plein jour,En agglomération,Intersection en T,Normale,Autre collision,4,2,4,0,1,1,1,0,1,50,1,2,1,0,0,1,64.0,,voiture,,1,2,3,1,6
202000044365,2020-06-26 09:30:00,2020,6,26,9,30,75,75108,PLACE CHARLES DE GAULLE,48.873853,2.295923,Plein jour,En agglomération,Place,Normale,Trois véhicules et plus - collisions multiples,4,1,4,0,1,2,1,0,1,50,3,3,1,0,0,2,48.0,37.0,deux_roues,deux_roues,1,2,7,1,5
202000044366,2020-08-27 09:30:00,2020,8,27,9,30,75,75108,AVENUE GABRIEL,48.868057,2.317367,Plein jour,En agglomération,Hors intersection,Normale,Deux véhicules - côté,4,2,3,0,1,1,1,0,1,50,2,3,2,0,0,1,33.0,25.0,utilitaire_camion,deux_roues,1,2,1,1,3
202000044367,2020-06-26 20:23:00,2020,6,26,20,23,75,75104,RUE DES JARDINS SAINT PAUL,48.853132,2.360319,Plein jour,En agglomération,Hors intersection,Normale,Sans collision,4,1,1,0,1,1,1,0,1,30,1,1,0,0,0,1,20.0,,deux_roues,,1,2,1,1,7
202000044368,2020-08-27 08:35:00,2020,8,27,8,35,75,75108,AVENUE DES CHAMPS ELYSEES,48.873129,2.297065,Plein jour,En agglomération,Intersection en X,Normale,Autre collision,4,2,7,0,2,1,1,0,1,50,1,2,1,0,0,1,53.0,,deux_roues,,1,2,2,1,6
202000044369,2020-06-26 12:20:00,2020,6,26,12,20,75,75101,RUE DU CYGNE,48.862913,2.35069,Plein jour,En agglomération,Intersection en T,Normale,Deux véhicules - côté,4,1,3,1,1,1,1,-1,5,50,2,2,1,0,0,1,38.0,46.0,deux_roues,voiture,1,2,3,1,3
202000044370,2020-08-27 00:05:00,2020,8,27,0,5,75,75107,RUE DE LILLE,48.860827,2.321938,Nuit avec éclairage allumé,En agglomération,Hors intersection,Normale,Autre collision,4,2,2,0,1,1,1,0,1,30,1,1,0,0,0,1,58.0,,deux_roues,,5,2,1,1,6
202000044371,2020-06-26 09:30:00,2020,6,26,9,30,75,75102,RUE MEHUL,48.867307,2.334626,Plein jour,En agglomération,Intersection en X,Normale,Autre collision,4,2,2,0,1,1,1,-1,5,50,1,2,1,0,0,1,34.0,,deux_roues,,1,2,2,1,6
202000044372,2020-08-27 12:15:00,2020,8,27,12,15,94,94068,SAINT LOUIS (AV),48.7865588,2.5127883,Plein jour,En agglomération,Intersection en T,Normale,Deux véhicules - côté,4,2,2,0,1,1,1,0,1,50,2,2,1,0,0,1,25.0,21.0,deux_roues,utilitaire_camion,1,2,3,1,3
202000044373,2020-06-26 12:10:00,2020,6,26,12,10,94,94046,GAMBETTA (AV),48.8098,2.451,Plein jour,En agglomération,Hors intersection,Normale,Deux véhicules - côté,4,2,2,0,1,1,1,0,1,50,2,2,1,0,0,1,20.0,66.0,deux_roues,voiture,1,2,1,1,3
202000044374,2020-08-27 07:54:00,2020,8,27,7,54,94,94017,REPUBLIQUE (AV DE LA),48.817732,2.511682,Plein jour,En agglomération,Hors intersection,Normale,Deux véhicules - côté,3,1,1,0,1,1,1,0,1,50,2,2,1,0,0,1,52.0,38.0,voiture,voiture,1,2,1,1,3
202000044375,2020-06-26 09:05:00,2020,6,26,9,5,94,94003,PRESIDENT NELSON MANDELA (AV),48.8107,2.32678,Plein jour,En agglomération,Autre intersection,Pluie légère,Deux véhicules - côté,4,3,6,2,1,1,2,0,1,50,2,2,1,0,0,1,38.0,22.0,voiture,deux_roues,1,2,9,2,3
202000044376,2020-06-25 09:30:00,2020,6,25,9,30,94,94041,ERNEST RENAN (R),48.8069798,2.399811,Plein jour,En agglomération,Hors intersection,Normale,Deux véhicules - arrière,4,2,2,0,1,1,1,0,1,50,2,2,1,0,0,1,53.0,38.0,voiture,deux_roues,1,2,1,1,2
202000044377,2020-06-26 15:20:00,2020,6,26,15,20,94,94033,PASTEUR (R),48.848106,2.459402,Plein jour,En agglomération,Intersection en T,Normale,Deux véhicules - côté,4,1,1,0,1,1,1,0,1,50,2,2,1,0,0,1,62.0,17.0,voiture,deux_roues,1,2,3,1,3
202000044378,2020-08-27 21:30:00,2020,8,27,21,30,94,94003,GENERAL MALLERET JOINVILLE (AV DU),48.8039,2.34243,Nuit avec éclairage non allumé,En agglomération,Intersection en T,Pluie légère,Deux véhicules - côté,4,4,3,0,4,3,2,0,1,50,2,2,1,0,0,1,24.0,32.0,deux_roues,voiture,4,2,3,2,3
202000044379,2020-06-26 08:20:00,2020,6,26,8,20,94,94011,MOULIN BATEAU.(RUE DU),48.78247,2.49611,Plein jour,En agglomération,Hors intersection,Normale,Sans collision,4,2,2,0,1,1,1,0,4,50,1,1,0,0,0,1,24.0,,utilitaire_camion,,1,2,1,1,7
202000044380,2020-08-27 18:20:00,2020,8,27,18,20,94,94076,MAXIME GORKI (BD),48.78202,2.36724,Plein jour,En agglomération,Autre intersection,Normale,Trois véhicules et plus - collisions multiples,3,3,2,1,1,1,1,0,1,50,3,3,2,0,0,1,30.0,75.0,voiture,voiture,1,2,9,1,5
202000044381,2020-08-27 21:20:00,2020,8,27,21,20,94,94041,LENINE (R),48.81749,2.396827,Nuit avec éclairage allumé,En agglomération,Hors intersection,Pluie légère,Deux véhicules - côté,3,1,1,0,1,1,2,0,1,50,2,1,0,0,0,1,39.0,,deux_roues,,5,2,1,2,3
202000044382,2020-06-25 17:05:00,2020,6,25,17,5,94,94046,CONVENTION (R DE LA),48.81333,2.44981,Plein jour,En agglomération,Intersection en X,Normale,,4,2,2,0,1,1,1,8,1,50,3,4,0,0,0,4,26.0,64.0,voiture,voiture,1,2,2,1,-1
202000044383,2020-08-26 21:10:00,2020,8,26,21,10,94,94073,RN 186,48.75443,2.37531,Nuit avec éclairage allumé,En agglomération,Hors intersection,Normale,Deux véhicules - arrière,2,1,1,0,1,1,1,0,1,50,2,2,1,0,0,1,47.0,34.0,voiture,voiture,5,2,1,1,2
202000044384,2020-06-26 23:10:00,2020,6,26,23,10,93,93066,PORTE DE PARIS (PLACE),48.9294,2.35644,Nuit avec éclairage allumé,En agglomération,Hors intersection,Normale,Deux véhicules - arrière,3,1,1,1,1,3,1,2,1,30,2,2,1,0,0,1,59.0,,voiture,,5,2,1,1,2
202000044385,2020-06-25 22:05:00,2020,6,25,22,5,93,93053,PARIS (RUE DE),48.9022304,2.4621534,Nuit sans éclairage public,En agglomération,Intersection en X,Pluie légère,Deux véhicules - frontale,3,2,4,0,1,1,2,0,1,50,2,2,1,0,1,0,25.0,54.0,voiture,deux_roues,3,2,2,2,1
202000044386,2020-08-27 08:53:00,2020,8,27,8,53,94,94022,MARECHAL DE LATTRE DE TASSIGNY (AV),48.75669,2.40453,Plein jour,En agglomération,Intersection en T,Normale,Deux véhicules - côté,3,2,2,0,1,1,1,0,1,50,2,2,1,0,0,1,53.0,35.0,voiture,deux_roues,1,2,3,1,3
202000044387,2020-06-26 19:10:00,2020,6,26,19,10,93,93079,JEAN JAURES (AV),48.96418,2.34752,Plein jour,En agglomération,Hors intersection,Pluie forte,Deux véhicules - côté,3,2,2,0,2,3,2,0,1,50,2,2,1,0,0,1,30.0,23.0,deux_roues,voiture,1,2,1,3,3
202000044388,2020-08-27 20:48:00,2020,8,27,20,48,94,94075,Av du Mal de Lattre de Tassigny & Rue du Lieutenant Dagorno,48.7272776,2.5309583,Crépuscule ou aube,En agglomération,Intersection en T,Pluie légère,Trois véhicules et plus - en chaîne,2,3,2,0,1,1,2,0,1,50,3,3,1,0,0,2,37.0,20.0,voiture,voiture,2,2,3,2,4
202000044389,2020-06-26 12:25:00,2020,6,26,12,25,93,93001,R FRANCIS DE PRESSENCE / R DE SAINT DENIS,48.92324,2.37015,Plein jour,En agglomération,Intersection en X,Normale,Deux véhicules - frontale,3,3,4,0,1,1,1,5,1,50,2,2,1,0,0,1,31.0,46.0,voiture,voiture,1,2,2,1,1
202000044390,2020-08-27 17:00:00,2020,8,27,17,0,93,93066,CHEMIN VERT,48.94518,2.38129,Plein jour,En agglomération,Intersection en X,Temps couvert,Deux véhicules - côté,4,2,2,0,1,1,1,0,1,50,2,3,1,0,0,2,66.0,26.0,voiture,voiture,1,2,2,8,3
202000044391,2020-06-25 16:45:00,2020,6,25,16,45,92,92035,CHARLES DE GAULLE (BD) (71 AU 153),48.907289,2.255626,Plein jour,En agglomération,Autre intersection,Normale,Deux véhicules - côté,3,2,10,0,1,1,1,0,1,50,2,2,1,0,0,1,41.0,57.0,voiture,deux_roues,1,2,9,1,3
202000044392,2020-08-27 20:00:00,2020,8,27,20,0,93,93077,GRANDE RUE,48.8834851,2.511481,Plein jour,En agglomération,Hors intersection,Pluie légère,Autre collision,3,2,4,0,1,1,2,0,1,50,1,1,0,0,0,1,,,,,1,2,1,2,6
202000044393,2020-06-24 22:10:00,2020,6,24,22,10,92,92077,SEVRES (RUE DE),48.826341,2.19154,Nuit avec éclairage allumé,En agglomération,Autre intersection,Normale,Deux véhicules - côté,3,3,3,0,2,1,1,5,1,30,2,2,1,0,0,1,18.0,55.0,deux_roues,voiture,5,2,9,1,3
202000044394,2020-08-27 14:55:00,2020,8,27,14,55,93,93027,VAILLANT-COUTURIER (AVENUE PAUL),48.92003,2.40993,Plein jour,En agglomération,Hors intersection,Normale,Deux véhicules - côté,3,3,4,1,1,1,1,0,5,50,2,2,1,0,0,1,42.0,43.0,deux_roues,voiture,1,2,1,1,3
202000044395,2020-08-27 19:05:00,2020,8,27,19,5,93,93010,AV GALLIENI / RUE AUGUSTE POLISSARD,48.9057177,2.4802802,Plein jour,En agglomération,Intersection en X,Normale,Deux véhicules - côté,3,-1,2,0,1,1,1,2,1,50,2,2,1,0,0,1,23.0,74.0,deux_roues,utilitaire_camion,1,2,2,1,3
202000044396,2020-08-27 13:15:00,2020,8,27,13,15,93,93007,AV ARISTIDE BRIAND,48.94401,2.44637,Plein jour,En agglomération,Hors intersection,Normale,Autre collision,3,2,2,0,1,1,1,0,8,50,1,2,1,0,0,1,28.0,,voiture,,1,2,1,1,6
202000044397,2020-08-27 16:10:00,2020,8,27,16,10,93,93001,HAIE COQ (RUE DE LA ) => 91/92,48.91205,2.37322,Plein jour,En agglomération,Hors intersection,Normale,Deux véhicules - côté,4,1,2,3,1,1,1,0,6,50,2,3,2,0,0,1,58.0,56.0,deux_roues,voiture,1,2,1,1,3
202000044398,2020-08-27 17:45:00,2020,8,27,17,45,92,92072,GRANDE RUE,48.8258536,2.2175699,Plein jour,En agglomération,Hors intersection,Normale,Autre collision,3,1,4,1,1,1,1,0,5,50,1,2,1,0,0,1,48.0,,deux_roues,,1,2,1,1,6
202000044399,2020-08-26 19:00:00,2020,8,26,19,0,92,92049,BROSSOLETTE AVENUE PIERRE,48.819902,2.31092,Plein jour,En agglomération,Intersection en T,Normale,Deux véhicules - côté,3,2,4,0,1,1,1,0,1,50,2,2,1,0,0,1,37.0,26.0,deux_roues,deux_roues,1,2,3,1,3
202000044400,2020-06-25 16:43:00,2020,6,25,16,43,92,92050,NATIONAL BOULEVARD,48.8914781,2.1774615,Plein jour,En agglomération,Intersection à plus de 4 branches,Normale,Deux véhicules - côté,3,4,1,0,1,1,1,5,1,50,2,2,1,0,0,1,52.0,28.0,deux_roues,voiture,1,2,5,1,3
202000044401,2020-08-27 07:15:00,2020,8,27,7,15,92,92026,HUDRI,48.9001575,2.2656751,Plein jour,En agglomération,Intersection en Y,Normale,Deux véhicules - côté,4,2,2,0,1,1,1,0,1,30,2,2,1,0,0,1,51.0,57.0,deux_roues,utilitaire_camion,1,2,4,1,3
202000044402,2020-08-27 17:30:00,2020,8,27,17,30,92,92024,MARTRE (RUE) DE (1 A 41),48.89887,2.30992,Plein jour,En agglomération,Intersection en X,Normale,Trois véhicules et plus - collisions multiples,3,1,3,1,1,1,1,0,5,50,3,3,1,0,0,2,42.0,35.0,deux_roues,deux_roues,1,2,2,1,5
202000044403,2020-08-27 15:00:00,2020,8,27,15,0,92,92023,PORTE DE TRIVAUX (RUE DE) N°57 A 197 ET,48.7899606,2.2537757,Plein jour,En agglomération,Hors intersection,Normale,Deux véhicules - côté,3,2,2,0,1,1,1,0,1,50,2,2,1,0,0,1,28.0,37.0,deux_roues,utilitaire_camion,1,2,1,1,3
202000044404,2020-08-27 20:30:00,2020,8,27,20,30,92,92007,BLANCHARD (RUE),48.796,2.2923,Nuit avec éclairage allumé,En agglomération,Intersection en X,Pluie légère,Autre collision,3,2,2,0,1,1,2,0,1,50,1,2,1,0,1,0,30.0,,voiture,,5,2,2,2,6
202000044405,2020-06-26 22:00:00,2020,6,26,22,0,92,92020,ESTIENNE D'ORVES RUE D',48.79948,2.286341,Nuit sans éclairage public,En agglomération,Hors intersection,Normale,Sans collision,3,2,2,0,2,1,8,0,1,50,1,1,0,0,0,1,37.0,,deux_roues,,3,2,1,1,7
202000044406,2020-08-28 20:35:00,2020,8,28,20,35,974,97415,Chemin de Ligne,-21.097736,55.288232,Nuit sans éclairage public,En agglomération,Hors intersection,Normale,Autre collision,3,2,2,0,4,1,1,0,1,50,1,1,0,1,0,0,44.0,,voiture,,3,2,1,1,6
202000044407,2020-06-26 17:30:00,2020,6,26,17,30,92,92048,HENRI BARBUSSE (RUE),48.8088672,2.2435591,Plein jour,En agglomération,Autre intersection,Normale,Sans collision,4,2,1,0,1,1,1,0,1,50,1,1,0,0,1,0,32.0,,deux_roues,,1,2,9,1,7
202000044408,2020-08-27 17:30:00,2020,8,27,17,30,07,07167,,44.806583,4.610889,Plein jour,En agglomération,Hors intersection,Normale,Deux véhicules - frontale,3,2,2,0,2,3,1,0,1,50,2,2,1,0,1,0,33.0,19.0,voiture,deux_roues,1,2,1,1,1
202000044409,2020-06-25 20:25:00,2020,6,25,20,25,92,92036,GRESILLONS (QUAI DES),48.921194,2.325028,Plein jour,En agglomération,Intersection en X,Normale,Deux véhicules - frontale,3,2,4,0,1,1,1,0,1,50,2,2,1,0,0,1,29.0,48.0,deux_roues,voiture,1,2,2,1,1
202000044410,2020-06-26 18:41:00,2020,6,26,18,41,92,92025,BOURNARD (RUE DU),48.923032,2.256336,Plein jour,En agglomération,Hors intersection,Pluie forte,Deux véhicules - arrière,3,2,3,0,2,1,2,0,1,50,2,3,2,0,0,1,21.0,33.0,voiture,voiture,1,2,1,3,2
202000044411,2020-08-28 20:30:00,2020,8,28,20,30,34,34225,D16,43.366584,3.050401,Nuit sans éclairage public,En agglomération,Hors intersection,Pluie forte,Autre collision,3,2,2,0,1,1,2,0,3,50,1,1,0,0,1,0,41.0,,voiture,,3,2,1,3,6
202000044412,2020-06-25 21:10:00,2020,6,25,21,10,92,92009,PAUL DEROULEDE ( RUE ),48.912988,2.2709332,Plein jour,En agglomération,Hors intersection,Normale,Deux véhicules - arrière,4,1,1,2,1,1,1,0,1,50,2,2,1,0,0,1,18.0,57.0,deux_roues,voiture,1,2,1,1,2
202000044413,2020-06-26 19:45:00,2020,6,26,19,45,60,60286,Rue Frédéric Petit,49.668711,1.934436,Plein jour,En agglomération,Intersection en X,Normale,Deux véhicules - côté,3,2,2,0,1,1,1,0,1,50,2,2,0,0,0,2,30.0,26.0,deux_roues,voiture,1,2,2,1,3
202000044414,2020-06-27 04:15:00,2020,6,27,4,15,14,14162,lieu dit le Fresne,48.8870257,-0.5019853,Nuit sans éclairage public,Hors agglomération,Hors intersection,Normale,Sans collision,3,2,2,0,2,1,1,0,1,70,1,1,0,0,1,0,25.0,,deux_roues,,3,1,1,1,7
202000044415,2020-08-27 15:00:00,2020,8,27,15,0,66,66136,A9,42.734878,2.883482,Plein jour,Hors agglomération,Hors intersection,Normale,Trois véhicules et plus - en chaîne,1,1,5,0,1,1,1,0,1,130,5,11,10,0,1,0,56.0,60.0,utilitaire_camion,voiture,1,1,1,1,4
202000044416,2020-08-27 16:30:00,2020,8,27,16,30,2A,2A254,D420,41.7712576,9.1634164,Plein jour,Hors agglomération,Hors intersection,Normale,Deux véhicules - frontale,3,2,2,0,1,1,1,0,1,80,2,2,1,0,1,0,60.0,81.0,voiture,voiture,1,1,1,1,1
202000044417,2020-06-26 16:55:00,2020,6,26,16,55,43,43043,Chadernac,45.1575751,3.758601,Plein jour,Hors agglomération,Hors intersection,Normale,Deux véhicules - côté,3,2,2,0,1,1,1,0,1,80,2,2,1,0,1,0,52.0,58.0,deux_roues,utilitaire_camion,1,1,1,1,3
202000044418,2020-08-27 12:42:00,2020,8,27,12,42,06,06161,Route Rd6007,43.625175,7.131677,Plein jour,En agglomération,Intersection en X,Normale,Deux véhicules - côté,3,2,2,0,1,1,1,0,1,50,2,2,1,0,0,1,20.0,22.0,voiture,deux_roues,1,2,2,1,3
202000044419,2020-06-27 07:40:00,2020,6,27,7,40,21,21614,A31,47.4315878,5.167864,Plein jour,Hors agglomération,Hors intersection,Normale,Deux véhicules - arrière,1,3,5,0,1,1,1,0,1,130,2,3,1,0,1,1,39.0,44.0,utilitaire_camion,voiture,1,1,1,1,2
202000044420,2020-08-28 17:00:00,2020,8,28,17,0,42,42166,Chemin de Sayette,45.9799128,4.0716692,Plein jour,Hors agglomération,Hors intersection,Pluie légère,Deux véhicules - frontale,3,2,2,0,2,1,2,0,1,70,2,3,1,0,0,2,70.0,46.0,utilitaire_camion,voiture,1,1,1,2,1
202000044421,2020-06-26 07:15:00,2020,6,26,7,15,74,74272,Route de Bellegarde,45.942914,6.060199,Plein jour,Hors agglomération,Hors intersection,Normale,Deux véhicules - côté,3,2,2,0,1,1,1,8,1,50,2,2,1,0,0,1,34.0,21.0,deux_roues,utilitaire_camion,1,1,1,1,3
202000044422,2020-08-28 02:10:00,2020,8,28,2,10,31,31418,38 Route de Balma,43.623695,1.526672,Nuit avec éclairage allumé,En agglomération,Hors intersection,Normale,Autre collision,3,2,2,0,2,1,1,5,1,50,1,1,0,0,1,0,17.0,,deux_roues,,5,2,1,1,6
202000044423,2020-06-23 07:15:00,2020,6,23,7,15,83,83019,Avenue Lou Mistraou,43.149417,6.298131,Plein jour,En agglomération,Hors intersection,Normale,Deux véhicules - côté,3,2,2,1,1,1,1,0,5,-1,2,2,1,0,0,1,48.0,59.0,voiture,deux_roues,1,2,1,1,3
202000044424,2020-08-28 07:10:00,2020,8,28,7,10,58,58088,"Autoroute A77, PK 153.500",47.018785,3.1960239,Plein jour,Hors agglomération,Hors intersection,Pluie forte,Sans collision,1,1,2,0,1,3,2,0,3,110,1,1,0,0,0,1,23.0,,voiture,,1,1,1,3,7
202000044425,2020-06-27 10:40:00,2020,6,27,10,40,74,74071,D992,46.027463,5.889713,Plein jour,En agglomération,Hors intersection,Normale,Deux véhicules - frontale,3,-1,2,0,1,4,1,0,1,50,2,6,4,0,1,1,38.0,23.0,voiture,voiture,1,2,1,1,1
202000044426,2020-06-27 01:30:00,2020,6,27,1,30,74,74278,Route de Chatillon,46.0884544,6.5394777,Nuit avec éclairage non allumé,En agglomération,Intersection en T,Normale,Deux véhicules - côté,3,2,2,0,2,1,1,0,1,50,2,2,1,0,0,1,41.0,,voiture,,4,2,3,1,3
202000044427,2020-06-26 21:50:00,2020,6,26,21,50,76,76531,D131,49.671072,0.718381,Plein jour,Hors agglomération,Intersection en X,Normale,Deux véhicules - côté,3,2,2,0,1,1,1,0,1,80,2,2,1,0,1,0,23.0,33.0,voiture,voiture,1,1,2,1,3
202000044428,2020-06-27 02:00:00,2020,6,27,2,0,79,79188,Rue de la Saminière,46.690112,-0.620384,Nuit sans éclairage public,Hors agglomération,Hors intersection,Normale,Sans collision,3,2,2,0,2,2,1,0,3,80,1,1,0,0,1,0,17.0,,deux_roues,,3,1,1,1,7
202000044429,2020-06-24 16:55:00,2020,6,24,16,55,71,71565,D325,46.622339,4.067912,Plein jour,Hors agglomération,Hors intersection,Temps éblouissant,Autre collision,3,2,2,0,1,2,1,0,1,80,1,1,0,0,0,1,14.0,,deux_roues,,1,1,1,7,6
202000044430,2020-08-27 19:10:00,2020,8,27,19,10,74,74256,Avenue de Geneve,45.94692,6.629874,Plein jour,En agglomération,Hors intersection,Normale,Deux véhicules - côté,3,2,2,1,1,1,1,0,1,50,2,3,2,0,1,0,53.0,22.0,deux_roues,voiture,1,2,1,1,3
202000044431,2020-06-02 21:20:00,2020,6,2,21,20,49,49214,Chemin de l'Epine,47.551214,-0.604188,Crépuscule ou aube,Hors agglomération,Hors intersection,Normale,Deux véhicules - côté,3,2,2,1,1,1,1,0,1,80,2,2,1,0,1,0,12.0,21.0,deux_roues,voiture,2,1,1,1,3
202000044432,2020-08-16 07:55:00,2020,8,16,7,55,74,74242,Route de la Tuilerie,45.832317,6.172916,Plein jour,En agglomération,Hors intersection,Normale,Autre collision,4,2,2,0,1,3,1,0,3,50,1,1,0,0,1,0,23.0,,deux_roues,,1,2,1,1,6
202000044433,2020-06-25 18:55:00,2020,6,25,18,55,49,49248,Route de la Prévière,47.700982,-1.179829,Plein jour,Hors agglomération,Hors intersection,Normale,Deux véhicules - frontale,3,2,2,0,1,3,1,0,1,80,2,2,1,0,0,1,67.0,22.0,voiture,voiture,1,1,1,1,1
202000044434,2020-08-27 16:15:00,2020,8,27,16,15,76,76035,Départementale 929,49.767268,1.762791,Plein jour,Hors agglomération,Hors intersection,Normale,Deux véhicules - frontale,3,2,2,0,2,2,1,0,1,80,2,2,0,0,0,2,55.0,41.0,utilitaire_camion,utilitaire_camion,1,1,1,1,1
202000044435,2020-06-26 20:30:00,2020,6,26,20,30,22,22046,Lieu Dit Quilloury,48.349982,-2.495822,Plein jour,Hors agglomération,Intersection en X,Normale,Deux véhicules - côté,3,2,2,1,1,1,1,0,1,80,2,3,1,0,2,0,63.0,48.0,voiture,voiture,1,1,2,1,3
202000044436,2020-06-27 04:15:00,2020,6,27,4,15,44,44067,Friguel,47.645315,-1.875776,Nuit sans éclairage public,Hors agglomération,Hors intersection,Pluie forte,Sans collision,3,2,2,0,1,3,2,0,8,80,1,3,0,0,1,2,20.0,,voiture,,3,1,1,3,7
202000044437,2020-08-28 08:49:00,2020,8,28,8,49,2B,2B346,Venzolasca,42.505254,9.472028,Plein jour,Hors agglomération,Hors intersection,Normale,Deux véhicules - arrière,2,3,4,0,1,1,1,0,1,110,2,2,1,0,0,1,76.0,46.0,voiture,voiture,1,1,1,1,2
202000044438,2020-08-26 17:25:00,2020,8,26,17,25,63,63271,Le Moulin d'Auvergne,45.938232,3.517352,Plein jour,Hors agglomération,Intersection en Y,Normale,Deux véhicules - côté,3,2,2,0,2,1,1,0,1,70,2,2,1,0,1,0,16.0,19.0,deux_roues,voiture,1,1,4,1,3
202000044439,2020-06-26 16:00:00,2020,6,26,16,0,29,29033,Lieu Dit Saint Jean,48.2661306,-3.9088088,Plein jour,Hors agglomération,Intersection en T,Normale,Deux véhicules - côté,3,2,2,0,1,1,2,0,1,80,2,3,0,0,0,3,58.0,59.0,voiture,voiture,1,1,3,1,3