accident_id,datetime,annee,mois,jour,heure,minute,departement,commune_insee,adresse,latitude,longitude,luminosite,agglomeration,intersection,meteo,collision,catr,circ,nbv,vosp,prof,plan,surf,infra,situ,vma,nb_vehicules,nb_usagers,nb_indemnes,nb_tues,nb_blesses_hosp,nb_blesses_legers,age_cond_1,age_cond_2,veh_type_cond_1,veh_type_cond_2,lum_code,agg_code,int_code,atm_code,col_code
202000044901,2020-08-26 10:30:00,2020,8,26,10,30,75,75115,RUE LECOURBE,48.844092,2.307617,Plein jour,En agglomération,Hors intersection,Normale,Autre collision,4,1,3,0,1,1,1,0,4,50,1,1,0,0,0,1,,,,,1,2,1,1,6
202000044902,2020-05-24 17:20:00,2020,5,24,17,20,88,88196,Route de la Bresse,48.064795,6.861005,Plein jour,Hors agglomération,Autre intersection,Normale,Deux véhicules - frontale,3,2,2,0,2,3,1,0,1,-1,2,2,1,0,1,0,34.0,62.0,deux_roues,voiture,1,1,9,1,1
202000044903,2020-02-04 19:35:00,2020,2,4,19,35,25,25075,D9,46.811604,6.190485,Nuit sans éclairage public,Hors agglomération,Hors intersection,Neige / grêle,Deux véhicules - côté,3,2,2,0,1,1,5,0,1,80,2,2,1,0,1,0,46.0,29.0,voiture,voiture,3,1,1,4,3
202000044904,2020-05-24 19:10:00,2020,5,24,19,10,57,57683,18 Rue Anatole France,49.299561,6.15089,Plein jour,En agglomération,Giratoire,Normale,Autre collision,4,2,2,0,1,1,1,0,1,50,1,1,0,1,0,0,32.0,,autre,,1,2,6,1,6
202000044905,2020-08-26 17:20:00,2020,8,26,17,20,75,75114,RUE D ALESIA,48.827119,2.337229,Plein jour,En agglomération,Hors intersection,Normale,Trois véhicules et plus - en chaîne,4,2,3,1,2,1,1,-1,5,50,3,3,1,0,0,2,34.0,25.0,utilitaire_camion,deux_roues,1,2,1,1,4
202000044906,2020-02-05 15:00:00,2020,2,5,15,0,44,44087,Rue du Falleron,46.9872152,-1.8110562,Plein jour,En agglomération,Intersection en T,Normale,Deux véhicules - côté,4,2,2,0,1,1,1,0,1,30,2,3,2,0,1,0,15.0,55.0,deux_roues,voiture,1,2,3,1,3
202000044907,2020-05-24 17:30:00,2020,5,24,17,30,57,57644,51 rue Principale,49.114034,6.829956,Plein jour,En agglomération,Hors intersection,Normale,Deux véhicules - côté,3,2,2,0,1,3,1,0,1,30,2,2,1,0,1,0,20.0,20.0,deux_roues,voiture,1,2,1,1,3
202000044908,2020-08-26 09:25:00,2020,8,26,9,25,75,75113,PONT CHARLES DE GAULLE,48.841918,2.367872,Plein jour,En agglomération,Intersection en X,Normale,Deux véhicules - frontale,4,2,5,0,1,1,1,2,1,50,2,2,1,0,0,1,35.0,25.0,deux_roues,deux_roues,1,2,2,1,1
202000044909,2020-02-06 12:54:00,2020,2,6,12,54,38,38409,Les Loyes - Jallinière,45.09691,5.27687,Plein jour,Hors agglomération,Hors intersection,Normale,Autre collision,3,2,2,0,1,2,1,0,3,80,1,1,0,1,0,0,20.0,,voiture,,1,1,1,1,6
202000044910,2020-05-21 13:05:00,2020,5,21,13,5,74,74224,Avenue Lucien Rannard,46.069569,6.302687,Plein jour,En agglomération,Hors intersection,Normale,Sans collision,4,2,2,0,2,1,1,0,1,50,1,1,0,0,1,0,48.0,,deux_roues,,1,2,1,1,7
202000044911,2020-08-26 19:15:00,2020,8,26,19,15,75,75113,PONT CHARLES DE GAULLE,48.841913,2.367874,Plein jour,En agglomération,Intersection en X,Normale,Deux véhicules - côté,4,2,5,0,1,1,1,0,1,50,2,2,1,0,0,1,27.0,48.0,deux_roues,voiture,1,2,2,1,3
202000044912,2020-05-24 14:55:00,2020,5,24,14,55,73,73294,La Thuile,45.532011,6.053944,Plein jour,En agglomération,Hors intersection,Normale,Autre collision,4,2,2,0,2,1,1,0,1,50,1,3,1,0,1,1,17.0,,deux_roues,,1,2,1,1,6
202000044913,2020-08-26 15:40:00,2020,8,26,15,40,75,75112,BOULEVARD PERIPHERIQUE,48.829525,2.401228,Plein jour,En agglomération,Hors intersection,Normale,Deux véhicules - arrière,4,1,4,0,1,1,1,0,1,70,2,3,2,0,0,1,40.0,28.0,voiture,voiture,1,2,1,1,2
202000044914,2020-01-01 17:15:00,2020,1,1,17,15,93,93005,ERABLES (RUE DES),48.9471718,2.5076634,Crépuscule ou aube,En agglomération,Intersection en X,Pluie légère,Deux véhicules - frontale,4,-1,2,0,1,1,2,0,1,50,2,4,1,0,0,3,20.0,19.0,voiture,voiture,2,2,2,2,1
202000044915,2020-05-22 16:20:00,2020,5,22,16,20,38,38562,Route d'Uriage,45.076368,5.772615,Plein jour,En agglomération,Hors intersection,Normale,,3,2,2,1,1,1,1,0,1,30,3,3,2,0,1,0,49.0,21.0,voiture,voiture,1,2,1,1,-1
202000044916,2020-08-26 13:55:00,2020,8,26,13,55,75,75112,AVENUE DAUMESNIL,48.834201,2.410766,Plein jour,En agglomération,Intersection à plus de 4 branches,Normale,Deux véhicules - côté,4,2,4,0,1,1,1,0,1,50,2,2,1,0,0,1,56.0,22.0,deux_roues,voiture,1,2,5,1,3
202000044917,2020-01-04 16:00:00,2020,1,4,16,0,93,93001,R HELENE COCHENNEC,48.91958,2.39517,Plein jour,En agglomération,Autre intersection,Temps couvert,Autre collision,6,-1,-1,0,1,1,1,9,8,15,1,2,1,0,0,1,30.0,,autre,,1,2,9,8,6
202000044918,2020-08-26 00:30:00,2020,8,26,0,30,75,75108,AVENUE DES CHAMPS ELYSEES,48.871088,2.303486,Nuit avec éclairage allumé,En agglomération,Intersection en T,Normale,Deux véhicules - côté,4,2,6,1,1,1,1,-1,5,50,2,2,1,0,0,1,25.0,26.0,voiture,deux_roues,5,2,3,1,3
202000044919,2020-05-25 09:45:00,2020,5,25,9,45,01,01424,Rue du Marquis de Sallmard,45.889127,4.969752,Plein jour,Hors agglomération,Intersection en X,Normale,Deux véhicules - frontale,3,-1,2,0,1,1,1,0,1,80,2,4,2,0,0,2,65.0,61.0,voiture,voiture,1,1,2,1,1
202000044920,2020-02-05 08:07:00,2020,2,5,8,7,06,06105,Route Departementale 2085,43.665016,7.052649,Plein jour,En agglomération,Giratoire,Normale,Deux véhicules - côté,3,1,2,0,1,2,1,5,1,50,2,2,1,0,1,0,50.0,20.0,deux_roues,voiture,1,2,6,1,3
202000044921,2020-01-05 12:25:00,2020,1,5,12,25,62,62295,D341,50.621402,2.2808718,Plein jour,Hors agglomération,Hors intersection,Normale,Deux véhicules - frontale,3,2,2,0,1,1,1,0,1,80,2,2,0,0,2,0,77.0,25.0,voiture,voiture,1,1,1,1,1
202000044922,2020-02-06 07:50:00,2020,2,6,7,50,06,06108,925 Chemin de la Lévade,43.573808,6.941235,Crépuscule ou aube,En agglomération,Hors intersection,Normale,Deux véhicules - frontale,4,2,2,0,1,1,1,0,1,50,2,2,1,0,0,1,26.0,59.0,voiture,voiture,2,2,1,1,1
202000044923,2020-01-05 15:30:00,2020,1,5,15,30,91,91511,D838,48.34635,1.987658,Plein jour,Hors agglomération,Hors intersection,Normale,Sans collision,3,-1,1,0,1,1,6,0,6,80,1,1,0,0,0,1,47.0,,deux_roues,,1,1,1,1,7
202000044924,2020-02-06 07:55:00,2020,2,6,7,55,14,14518,Pce de Préaux,48.999268,0.352324,Nuit sans éclairage public,Hors agglomération,Hors intersection,Brouillard / fumée,Autre collision,3,2,2,0,1,1,1,0,1,80,1,2,1,1,0,0,45.0,,voiture,,3,1,1,5,6
202000044925,2020-01-05 12:50:00,2020,1,5,12,50,22,22182,Plélo,48.574421,-2.903955,Plein jour,Hors agglomération,Intersection en T,Normale,Deux véhicules - côté,3,2,2,0,4,3,1,0,1,-1,2,3,0,2,0,1,54.0,45.0,voiture,voiture,1,1,3,1,3
202000044926,2020-02-06 08:20:00,2020,2,6,8,20,50,50168,30 Rue du Génie,48.618758,-1.290961,Plein jour,En agglomération,Hors intersection,Normale,Autre collision,3,2,2,0,2,1,1,0,1,50,1,2,1,0,1,0,51.0,,voiture,,1,2,1,1,6
202000044927,2020-02-05 15:40:00,2020,2,5,15,40,90,90052,44 Grande Rue,47.741545,6.826527,Plein jour,En agglomération,Hors intersection,Normale,Deux véhicules - arrière,3,2,2,0,2,1,1,0,1,50,2,3,2,0,1,0,19.0,69.0,deux_roues,voiture,1,2,1,1,2
202000044928,2020-02-06 18:30:00,2020,2,6,18,30,60,60021,D'Route Departementale 1032,49.5950386,3.1211887,Crépuscule ou aube,Hors agglomération,Intersection en X,Normale,Deux véhicules - arrière,3,2,2,0,1,1,1,0,1,80,2,2,1,0,0,1,71.0,54.0,voiture,deux_roues,2,1,2,1,2
202000044929,2020-05-24 16:30:00,2020,5,24,16,30,01,01386,D60,45.885468,5.374589,Plein jour,Hors agglomération,Hors intersection,Normale,Autre collision,3,2,2,0,2,2,9,0,1,90,1,2,0,0,1,1,55.0,,deux_roues,,1,1,1,1,6
202000044930,2020-01-03 12:55:00,2020,1,3,12,55,28,28253,A11,48.347106,1.416159,Plein jour,Hors agglomération,Hors intersection,Normale,Deux véhicules - côté,1,3,5,0,1,1,1,0,1,130,2,3,1,0,2,0,79.0,19.0,voiture,voiture,1,1,1,1,3
202000044931,2020-08-26 02:55:00,2020,8,26,2,55,75,75107,QUAI ANATOLE FRANCE,48.861871,2.321549,Nuit avec éclairage allumé,En agglomération,Hors intersection,Normale,Autre collision,4,1,3,0,1,1,1,0,1,50,1,1,0,0,1,0,30.0,,deux_roues,,5,2,1,1,6
202000044932,2020-02-06 15:30:00,2020,2,6,15,30,60,60104,Rue des Cordonniers,49.630926,2.293176,Plein jour,En agglomération,Intersection en T,Temps éblouissant,Autre collision,3,2,2,0,1,1,1,0,1,50,1,2,1,0,1,0,26.0,,voiture,,1,2,3,7,6
202000044933,2020-08-25 20:40:00,2020,8,25,20,40,75,75104,AVENUE VICTORIA,48.856814,2.351059,Crépuscule ou aube,En agglomération,Intersection en T,Normale,Autre collision,4,1,5,0,1,2,1,0,1,50,1,2,1,0,0,1,26.0,,deux_roues,,2,2,3,1,6
202000044934,2020-02-04 03:30:00,2020,2,4,3,30,10,10151,D619,48.426591,3.917001,Nuit avec éclairage allumé,En agglomération,Place,Normale,Autre collision,3,2,2,0,1,1,1,0,8,50,1,1,0,0,1,0,54.0,,voiture,,5,2,7,1,6
202000044935,2020-08-26 11:45:00,2020,8,26,11,45,94,94015,FRERES LUMIERE (AV DES),48.83857,2.5364,Plein jour,En agglomération,Hors intersection,Normale,,4,2,1,0,1,1,1,0,1,50,2,2,1,0,0,1,32.0,28.0,utilitaire_camion,voiture,1,2,1,1,-1
202000044936,2020-08-25 18:00:00,2020,8,25,18,0,94,94019,AUGUSTE COMTE (R),48.80215,2.54851,Plein jour,En agglomération,Hors intersection,Normale,Autre collision,4,2,1,0,1,1,1,0,1,50,1,2,1,0,1,0,35.0,,voiture,,1,2,1,1,6
202000044937,2020-01-05 00:40:00,2020,1,5,0,40,52,52307,,47.9134541,5.2207345,Nuit sans éclairage public,Hors agglomération,Hors intersection,Brouillard / fumée,Autre collision,1,3,4,0,1,2,9,0,2,130,1,1,0,0,1,0,75.0,,voiture,,3,1,1,5,6
202000044938,2020-05-24 07:25:00,2020,5,24,7,25,59,59357,D649,50.284171,3.877839,Plein jour,Hors agglomération,Hors intersection,Normale,Autre collision,3,3,2,0,1,1,1,0,1,80,1,2,0,0,1,1,27.0,,voiture,,1,1,1,1,6
202000044939,2020-07-27 12:45:00,2020,7,27,12,45,66,66230,La Balma,42.644911,2.508077,Plein jour,Hors agglomération,Hors intersection,Normale,Deux véhicules - arrière,2,3,3,0,1,1,1,0,1,90,2,2,1,0,1,0,54.0,55.0,deux_roues,voiture,1,1,1,1,2
202000044940,2020-02-06 15:40:00,2020,2,6,15,40,85,85169,Rue du Pont Chanterelle,46.80409,-1.62313,Plein jour,En agglomération,Hors intersection,Normale,Autre collision,3,2,2,0,1,1,1,0,1,30,1,3,1,0,2,0,33.0,,utilitaire_camion,,1,2,1,1,6
202000044941,2020-07-26 00:11:00,2020,7,26,0,11,66,66195,rd37,42.6752355,2.7892882,Nuit sans éclairage public,Hors agglomération,Hors intersection,Normale,Deux véhicules - frontale,3,2,2,0,1,3,1,0,1,-1,2,4,1,0,0,3,19.0,53.0,voiture,voiture,3,1,1,1,1
202000044942,2020-07-21 16:30:00,2020,7,21,16,30,48,48119,D906,44.477799,3.931067,Plein jour,Hors agglomération,Intersection en T,Normale,Sans collision,3,2,2,0,1,1,1,0,1,50,1,2,1,0,1,0,54.0,,deux_roues,,1,1,3,1,7
202000044943,2020-01-04 13:30:00,2020,1,4,13,30,58,58086,31 Rue de Predelle,47.410347,2.936331,Plein jour,En agglomération,Hors intersection,Temps éblouissant,Autre collision,3,2,2,0,1,1,1,0,1,50,1,2,1,0,1,0,70.0,,voiture,,1,2,1,7,6
202000044944,2020-05-23 12:40:00,2020,5,23,12,40,13,13106,A51-Sens Marseille vers Aix en Provence,43.4027821,5.3566499,Plein jour,Hors agglomération,Hors intersection,Normale,Autre collision,1,1,2,0,1,1,1,0,3,90,1,2,0,0,0,2,24.0,,utilitaire_camion,,1,1,1,1,6
202000044945,2020-02-06 12:10:00,2020,2,6,12,10,27,27467,4 Rue des Déportés,49.354473,0.517995,Plein jour,En agglomération,Hors intersection,Normale,Deux véhicules - frontale,4,2,2,0,1,1,1,0,1,50,2,2,1,0,1,0,48.0,18.0,voiture,deux_roues,1,2,1,1,1
202000044946,2020-07-27 13:55:00,2020,7,27,13,55,34,34289,21 Avenue de Pezenas,43.397673,3.414103,Plein jour,En agglomération,Intersection en X,Normale,Deux véhicules - côté,3,2,2,0,1,1,1,5,1,50,2,3,1,0,2,0,55.0,16.0,voiture,deux_roues,1,2,2,1,3
202000044947,2020-02-06 07:25:00,2020,2,6,7,25,27,27486,D66,49.1204,1.001129,Nuit sans éclairage public,Hors agglomération,Hors intersection,Normale,Sans collision,3,2,2,0,1,1,1,0,3,80,1,1,0,0,1,0,22.0,,voiture,,3,1,1,1,7
202000044948,2020-07-26 08:30:00,2020,7,26,8,30,84,84026,Route de Pertuis,43.719707,5.403364,Plein jour,Hors agglomération,Hors intersection,Normale,Autre collision,3,2,2,0,1,1,1,0,3,-1,1,1,0,0,0,1,23.0,,voiture,,1,1,1,1,6
202000044949,2020-05-22 12:30:00,2020,5,22,12,30,13,13215,A7-Sens Marseille vers Lyon,43.318775,5.3775162,Plein jour,Hors agglomération,Hors intersection,Normale,Trois véhicules et plus - en chaîne,1,1,2,0,1,1,1,0,1,90,3,5,1,0,0,4,28.0,28.0,voiture,voiture,1,1,1,1,4
202000044950,2020-01-05 14:30:00,2020,1,5,14,30,62,62820,RD 939,50.3527455,2.5007046,Plein jour,Hors agglomération,Hors intersection,Normale,Trois véhicules et plus - collisions multiples,3,2,2,0,1,1,1,0,1,80,3,8,0,0,3,5,41.0,72.0,voiture,voiture,1,1,1,1,5
202000044951,2020-01-04 23:30:00,2020,1,4,23,30,04,04033,RD 900B,44.4482868,6.3322958,Nuit sans éclairage public,Hors agglomération,Hors intersection,Normale,Autre collision,3,2,2,0,2,2,7,0,1,80,1,1,0,0,0,1,22.0,,voiture,,3,1,1,1,6
202000044952,2020-05-23 17:30:00,2020,5,23,17,30,94,94033,A86.INT,48.8606308,2.4846399,Plein jour,Hors agglomération,Hors intersection,Normale,Deux véhicules - arrière,1,-1,2,0,1,1,1,0,1,90,2,2,1,0,0,1,58.0,29.0,voiture,utilitaire_camion,1,1,1,1,2
202000044953,2020-07-27 18:40:00,2020,7,27,18,40,05,05110,D4,44.823342,6.510188,Plein jour,Hors agglomération,Hors intersection,Normale,Deux véhicules - frontale,3,2,2,0,2,4,1,0,1,-1,2,2,1,0,1,0,62.0,28.0,voiture,deux_roues,1,1,1,1,1
202000044954,2020-02-05 16:15:00,2020,2,5,16,15,17,17447,RD 939,46.0957089,-0.9046447,Plein jour,Hors agglomération,Hors intersection,Normale,Deux véhicules - frontale,3,2,2,0,1,1,1,0,1,80,2,3,0,0,1,2,71.0,79.0,voiture,voiture,1,1,1,1,1
202000044955,2020-01-05 16:10:00,2020,1,5,16,10,74,74235,Route des bois,46.070277,5.839441,Crépuscule ou aube,Hors agglomération,Autre intersection,Temps éblouissant,Deux véhicules - frontale,3,2,2,0,1,1,2,0,3,80,2,2,1,0,1,0,63.0,33.0,deux_roues,voiture,2,1,9,7,1
202000044956,2020-07-27 04:00:00,2020,7,27,4,0,13,13100,D99,43.788843,4.850761,Nuit sans éclairage public,Hors agglomération,Hors intersection,Normale,Autre collision,3,2,2,0,1,1,1,0,3,80,1,1,0,0,1,0,21.0,,voiture,,3,1,1,1,6
202000044957,2020-05-23 06:50:00,2020,5,23,6,50,69,69383,LAFAYETTE                           (CO),45.7635426,4.8418209,Plein jour,En agglomération,Intersection en X,Normale,Deux véhicules - côté,4,2,2,3,1,1,1,0,1,50,2,2,0,0,0,2,21.0,47.0,voiture,transport_commun,1,2,2,1,3
202000044958,2020-01-05 04:50:00,2020,1,5,4,50,82,82123,2988 Route du Frontonnais,43.900204,1.3051052,Nuit sans éclairage public,Hors agglomération,Hors intersection,Brouillard / fumée,Autre collision,3,2,2,0,1,2,2,0,3,80,1,3,0,1,1,1,21.0,,voiture,,3,1,1,5,6
202000044959,2020-02-05 17:40:00,2020,2,5,17,40,87,87026,D5,46.052759,0.868242,Crépuscule ou aube,Hors agglomération,Hors intersection,Normale,Autre collision,3,2,2,0,1,2,1,0,3,80,1,1,0,0,1,0,62.0,,voiture,,2,1,1,1,6
202000044960,2020-10-19 10:30:00,2020,10,19,10,30,61,61404,6 Rue de Nully,48.561244,0.527086,Plein jour,En agglomération,Hors intersection,Normale,Autre collision,4,2,2,0,1,1,1,0,1,50,1,2,1,0,0,1,45.0,,voiture,,1,2,1,1,6
202000044961,2020-02-04 08:50:00,2020,2,4,8,50,37,37132,D943,47.1086747,0.9882467,Plein jour,Hors agglomération,Hors intersection,Normale,Deux véhicules - frontale,3,2,2,0,2,3,1,0,1,80,2,2,0,0,1,1,78.0,44.0,voiture,voiture,1,1,1,1,1
202000044962,2020-05-23 01:55:00,2020,5,23,1,55,69,69388,VIENNE (DE)                         (RO),45.72826,4.85381,Nuit avec éclairage allumé,En agglomération,Intersection en T,Normale,Autre collision,4,2,2,1,1,1,1,0,3,50,1,1,0,0,1,0,46.0,,deux_roues,,5,2,3,1,6
202000044963,2020-07-24 11:10:00,2020,7,24,11,10,13,13107,Route de Mimet,43.429479,5.441526,Plein jour,En agglomération,Hors intersection,Normale,Sans collision,3,2,2,0,1,2,1,0,1,50,1,1,0,1,0,0,51.0,,deux_roues,,1,2,1,1,7
202000044964,2020-01-05 13:00:00,2020,1,5,13,0,69,69033,D1,45.859801,4.88159,Plein jour,Hors agglomération,Hors intersection,Normale,Autre collision,3,-1,2,0,4,3,1,0,8,80,1,1,0,1,0,0,46.0,,deux_roues,,1,1,1,1,6
202000044965,2020-02-03 11:27:00,2020,2,3,11,27,52,52204,impasse du moulin,48.152792,5.357627,Plein jour,En agglomération,Hors intersection,Pluie légère,Sans collision,4,2,2,0,1,1,2,0,3,50,1,1,0,1,0,0,64.0,,voiture,,1,2,1,2,7
202000044966,2020-02-05 11:27:00,2020,2,5,11,27,01,01067,A40,46.114472,5.489784,Plein jour,Hors agglomération,Hors intersection,Normale,Autre collision,1,1,4,3,1,1,1,3,1,130,1,1,0,0,1,0,76.0,,voiture,,1,1,1,1,6
202000044967,2020-01-04 20:25:00,2020,1,4,20,25,81,81195,D85,43.5766865,2.223122,Nuit sans éclairage public,Hors agglomération,Hors intersection,Normale,Sans collision,3,2,2,0,1,1,2,0,3,80,1,1,0,1,0,0,50.0,,voiture,,3,1,1,1,7
202000044968,2020-10-23 07:45:00,2020,10,23,7,45,47,47203,Troupenat,44.3785318,0.8802314,Crépuscule ou aube,Hors agglomération,Hors intersection,Pluie légère,Sans collision,4,2,2,0,1,4,2,2,3,50,1,1,0,0,1,0,50.0,,utilitaire_camion,,2,1,1,2,7
202000044969,2020-05-23 19:10:00,2020,5,23,19,10,91,91223,RD 191,48.432812,2.175801,Plein jour,En agglomération,Intersection en X,Normale,Deux véhicules - arrière,3,2,2,0,1,1,1,0,1,2,2,2,1,0,0,1,19.0,49.0,voiture,deux_roues,1,2,2,1,2
202000044970,2020-07-26 11:25:00,2020,7,26,11,25,71,71453,D982,46.2435699,4.0450601,Plein jour,Hors agglomération,Hors intersection,Normale,Sans collision,3,2,2,0,1,2,1,0,1,80,1,1,0,0,1,0,68.0,,deux_roues,,1,1,1,1,7
202000044971,2020-02-02 08:42:00,2020,2,2,8,42,38,38553,Boulevard de Villefontaine,45.621639,5.14181,Plein jour,En agglomération,Hors intersection,Pluie légère,Autre collision,3,3,1,0,1,2,2,0,1,50,1,2,1,0,1,0,23.0,,voiture,,1,2,1,2,6
202000044972,2020-01-03 15:45:00,2020,1,3,15,45,61,61412,Le Carre,48.507076,0.362103,Plein jour,En agglomération,Intersection en T,Pluie légère,Autre collision,3,2,2,0,1,1,2,9,1,50,1,2,1,0,0,1,90.0,,voiture,,1,2,3,2,6
202000044973,2020-02-06 06:50:00,2020,2,6,6,50,68,68309,A35,47.652145,7.490439,Crépuscule ou aube,Hors agglomération,Hors intersection,Normale,Deux véhicules - arrière,1,3,4,0,1,1,1,0,1,130,2,2,1,0,0,1,32.0,31.0,voiture,voiture,2,1,1,1,2
202000044974,2020-01-04 14:45:00,2020,1,4,14,45,41,41151,107 Route de Tours,47.3457672,1.2107278,Plein jour,En agglomération,Hors intersection,Normale,Autre collision,3,-1,2,0,1,1,1,9,8,50,1,2,1,0,1,0,32.0,,voiture,,1,2,1,1,6
202000044975,2020-07-26 20:00:00,2020,7,26,20,0,68,68163,42 Rue du Moulin,47.659094,7.510904,Crépuscule ou aube,En agglomération,Hors intersection,Normale,Sans collision,4,2,2,0,1,1,1,0,1,50,1,1,0,0,1,0,30.0,,deux_roues,,2,2,1,1,7
202000044976,2020-10-22 17:00:00,2020,10,22,17,0,41,41161,D2020,47.518025,2.035437,Plein jour,Hors agglomération,Hors intersection,Normale,Deux véhicules - frontale,3,2,2,0,1,1,1,0,5,80,2,3,1,0,2,0,26.0,55.0,voiture,voiture,1,1,1,1,1
202000044977,2020-02-05 12:55:00,2020,2,5,12,55,68,68300,A36,47.775942,7.390091,Plein jour,Hors agglomération,Hors intersection,Normale,Autre collision,1,3,4,0,1,3,1,3,3,90,1,1,0,0,0,1,20.0,,voiture,,1,1,1,1,6
202000044978,2020-01-04 07:55:00,2020,1,4,7,55,86,86082,Allée du Haut Poitou,46.361665,0.199745,Crépuscule ou aube,En agglomération,Giratoire,Pluie légère,,3,2,2,0,2,3,2,2,1,80,2,2,1,0,1,0,42.0,50.0,deux_roues,utilitaire_camion,2,2,6,2,-1
202000044979,2020-02-01 03:00:00,2020,2,1,3,0,76,76457,A13,49.338127,0.975573,Nuit sans éclairage public,Hors agglomération,Hors intersection,Pluie légère,Deux véhicules - arrière,1,3,5,0,3,1,2,0,1,130,2,2,1,0,0,1,45.0,25.0,voiture,voiture,3,1,1,2,2
202000044980,2020-07-27 09:30:00,2020,7,27,9,30,33,33227,Rue Jules Ferry,44.54968,-0.25215,Plein jour,En agglomération,Intersection en T,Temps éblouissant,Deux véhicules - frontale,3,2,2,0,1,1,1,0,1,50,2,2,1,0,1,0,70.0,68.0,voiture,deux_roues,1,2,3,7,1
202000044981,2020-07-25 18:00:00,2020,7,25,18,0,33,33483,48 Route de Bordeaux,44.913269,-0.405872,Plein jour,Hors agglomération,Hors intersection,Normale,Autre collision,3,2,2,0,1,1,1,0,3,80,1,1,0,0,1,0,38.0,,voiture,,1,1,1,1,6
202000044982,2020-02-05 12:50:00,2020,2,5,12,50,34,34202,CD5,43.582485,3.773235,Plein jour,Hors agglomération,Intersection en T,Normale,Deux véhicules - côté,3,2,2,0,1,1,1,0,1,80,2,2,1,0,1,0,59.0,62.0,deux_roues,utilitaire_camion,1,1,3,1,3
202000044983,2020-10-22 15:05:00,2020,10,22,15,5,25,25112,Rue des Valieres Nord,47.265936,6.06095,Crépuscule ou aube,Hors agglomération,Intersection en X,Normale,Deux véhicules - côté,3,2,3,0,1,1,1,5,1,70,2,2,1,0,1,0,41.0,29.0,voiture,deux_roues,2,1,2,1,3
202000044984,2020-07-19 02:30:00,2020,7,19,2,30,59,59422,Rue de Cagnoncles,50.199529,3.312775,Nuit avec éclairage allumé,En agglomération,Giratoire,Normale,Sans collision,3,2,2,0,1,1,1,0,8,50,1,2,1,0,1,0,39.0,,voiture,,5,2,6,1,7
202000044985,2020-01-04 12:15:00,2020,1,4,12,15,68,68141,D8b3,47.712134,7.284105,Plein jour,Hors agglomération,Hors intersection,Normale,Deux véhicules - côté,3,2,2,0,1,1,1,0,1,70,2,3,2,0,0,1,39.0,47.0,voiture,voiture,1,1,1,1,3
202000044986,2020-05-22 11:50:00,2020,5,22,11,50,91,91174,Emile ZOLA (rue),48.61979,2.4673,Plein jour,En agglomération,Intersection en T,Temps éblouissant,Deux véhicules - frontale,4,2,2,0,1,1,1,0,1,50,2,2,1,0,0,1,52.0,32.0,voiture,voiture,1,2,3,7,1
202000044987,2020-01-02 05:25:00,2020,1,2,5,25,974,97415,Avenue de Bourbon,-21.071506,55.222801,Nuit avec éclairage allumé,En agglomération,Hors intersection,Normale,Deux véhicules - arrière,4,2,1,0,1,3,1,0,1,50,2,5,3,0,1,1,32.0,20.0,voiture,voiture,5,2,1,1,2
202000044988,2020-10-21 08:10:00,2020,10,21,8,10,44,44099,rd 178,47.663769,-1.379642,Crépuscule ou aube,Hors agglomération,Autre intersection,Pluie forte,Deux véhicules - frontale,3,2,2,0,1,3,2,0,1,80,2,3,1,0,2,0,45.0,87.0,voiture,voiture,2,1,9,3,1
202000044989,2020-02-06 17:27:00,2020,2,6,17,27,37,37072,Avenue François Mitterrand,47.1714399,0.2451309,Crépuscule ou aube,En agglomération,Hors intersection,Temps éblouissant,Autre collision,3,2,2,0,1,1,1,0,1,50,1,2,1,0,1,0,34.0,,voiture,,2,2,1,7,6
202000044990,2020-01-04 21:50:00,2020,1,4,21,50,68,68096,D419,47.608338,7.36,Nuit sans éclairage public,Hors agglomération,Hors intersection,Normale,Deux véhicules - arrière,3,2,2,0,1,1,1,0,1,80,2,3,2,0,0,1,71.0,37.0,voiture,voiture,3,1,1,1,2
202000044991,2020-10-22 16:30:00,2020,10,22,16,30,44,44095,9 Le Bas Fouy,47.58191,-1.410005,Plein jour,Hors agglomération,Hors intersection,Temps éblouissant,Sans collision,3,2,2,0,1,2,1,0,3,80,1,1,0,0,0,1,54.0,,voiture,,1,1,1,7,7
202000044992,2020-07-25 21:00:00,2020,7,25,21,0,13,13210,A50-Sens Aubagne vers Marseille,43.2836,5.4014,Plein jour,En agglomération,Hors intersection,Normale,Deux véhicules - arrière,1,1,2,0,1,1,1,3,1,90,2,3,0,0,0,3,41.0,67.0,voiture,voiture,1,2,1,1,2
202000044993,2020-02-06 14:10:00,2020,2,6,14,10,28,28279,2 Rue de la Volaille,48.648154,1.532582,Plein jour,En agglomération,Intersection en T,Normale,Autre collision,3,2,2,0,1,1,1,0,1,50,1,4,2,0,2,0,25.0,,voiture,,1,2,3,1,6
202000044994,2020-10-22 15:53:00,2020,10,22,15,53,29,29010,Lieu Dit Kervennou,48.51255,-4.109386,Plein jour,Hors agglomération,Autre intersection,Normale,Autre collision,6,-1,-1,0,2,1,1,9,8,-1,1,1,0,0,1,0,,,,,1,1,9,1,6