accident_id,datetime,annee,mois,jour,heure,minute,departement,commune_insee,adresse,latitude,longitude,luminosite,agglomeration,intersection,meteo,collision,catr,circ,nbv,vosp,prof,plan,surf,infra,situ,vma,nb_vehicules,nb_usagers,nb_indemnes,nb_tues,nb_blesses_hosp,nb_blesses_legers,age_cond_1,age_cond_2,veh_type_cond_1,veh_type_cond_2,lum_code,agg_code,int_code,atm_code,col_code
202000045269,2020-07-24 13:50:00,2020,7,24,13,50,75,75108,BOULEVARD MALESHERBES,48.878379,2.315558,Plein jour,En agglomération,Intersection en X,Normale,Deux véhicules - côté,4,2,5,0,1,1,1,0,1,50,2,2,1,0,0,1,36.0,23.0,deux_roues,utilitaire_camion,1,2,2,1,3
202000045270,2020-01-03 09:10:00,2020,1,3,9,10,45,45147,RUE PIERRE SEMARD,47.931666,1.904508,Plein jour,En agglomération,Hors intersection,Pluie légère,Deux véhicules - frontale,4,-1,2,0,1,1,2,5,1,50,2,3,2,0,0,1,26.0,20.0,transport_commun,voiture,1,2,1,2,1
202000045271,2020-10-21 12:55:00,2020,10,21,12,55,91,91645,GABRIEL PERI (RUE),48.74094,2.26555,Plein jour,En agglomération,Autre intersection,Normale,Deux véhicules - côté,4,4,5,0,1,3,1,0,1,50,2,4,2,0,0,2,26.0,45.0,autre,autre,1,2,9,1,3
202000045272,2020-01-02 07:30:00,2020,1,2,7,30,45,45298,RUE GASTON DEFFIE,47.89287,1.876151,Crépuscule ou aube,En agglomération,Giratoire,Pluie légère,Sans collision,4,1,2,0,1,4,2,0,1,50,1,1,0,0,0,1,31.0,,voiture,,2,2,6,2,7
202000045273,2020-10-21 13:40:00,2020,10,21,13,40,91,91223,C.D. 836,48.45776,2.08993,Plein jour,Hors agglomération,Hors intersection,Normale,Deux véhicules - arrière,3,2,2,0,1,1,1,0,1,70,2,4,3,0,0,1,52.0,64.0,utilitaire_camion,voiture,1,1,1,1,2
202000045274,2020-01-02 12:14:00,2020,1,2,12,14,37,37122,ROTIERE (RUE DE LA),47.3469133,0.6621157,Plein jour,En agglomération,Hors intersection,Normale,Autre collision,4,2,2,3,1,1,1,9,6,30,1,2,1,0,1,0,31.0,,transport_commun,,1,2,1,1,6
202000045275,2020-07-25 16:35:00,2020,7,25,16,35,75,75104,RUE DE RIVOLI,48.855065,2.361682,Plein jour,En agglomération,Intersection en T,Normale,Autre collision,4,2,4,1,1,1,1,-1,5,30,1,1,0,0,0,1,30.0,,deux_roues,,1,2,3,1,6
202000045276,2020-05-24 20:40:00,2020,5,24,20,40,57,57498,D57,49.311575,6.016484,Plein jour,Hors agglomération,Hors intersection,Normale,Autre collision,3,2,2,0,3,2,1,0,3,80,1,1,0,0,1,0,45.0,,deux_roues,,1,1,1,1,6
202000045277,2020-01-03 23:10:00,2020,1,3,23,10,35,35238,BRETAGNE (PLACE DE),48.1097,-1.6841,Nuit avec éclairage allumé,En agglomération,Hors intersection,Pluie légère,Sans collision,4,3,5,1,1,1,2,5,1,50,1,1,0,0,0,1,25.0,,deux_roues,,5,2,1,2,7
202000045278,2020-10-21 15:28:00,2020,10,21,15,28,86,86066,Avenue Honoré de Balzac,46.78865,0.52562,Plein jour,En agglomération,Giratoire,Normale,Deux véhicules - côté,3,1,1,0,1,2,1,5,1,50,2,1,0,0,0,1,22.0,,deux_roues,,1,2,6,1,3
202000045279,2020-07-24 17:10:00,2020,7,24,17,10,75,75102,PLACE DE LA BOURSE,48.868651,2.341336,Plein jour,En agglomération,Place,Normale,Deux véhicules - côté,4,1,4,3,1,1,1,-1,6,30,2,2,1,0,0,1,57.0,31.0,deux_roues,voiture,1,2,7,1,3
202000045280,2020-01-02 21:00:00,2020,1,2,21,0,35,35115,TRIBUNAL (RUE DU),48.35305,-1.200778,Nuit avec éclairage allumé,En agglomération,Hors intersection,Temps couvert,Deux véhicules - arrière,4,1,1,0,2,1,2,0,1,30,2,2,1,0,0,1,27.0,20.0,voiture,voiture,5,2,1,8,2
202000045281,2020-01-03 22:10:00,2020,1,3,22,10,33,33063,CRS GEORGES CLEMENCEAU / RUE LAFAURIE DE MONBADON,44.842852,-0.579341,Nuit avec éclairage allumé,En agglomération,Intersection en T,Temps couvert,Deux véhicules - côté,4,2,4,2,2,1,2,0,1,50,2,3,2,0,0,1,35.0,27.0,deux_roues,voiture,5,2,3,8,3
202000045282,2020-02-27 14:20:00,2020,2,27,14,20,33,33281,AVE DE MAGUDAS / RUE D'EYSINES,44.85653,-0.65312,Plein jour,En agglomération,Intersection en X,Pluie légère,Autre collision,4,2,5,2,1,1,2,5,1,50,1,2,1,0,0,1,52.0,,voiture,,1,2,2,2,6
202000045283,2020-05-09 11:55:00,2020,5,9,11,55,56,56137,Kermabolivier,47.760943,-2.686796,Plein jour,Hors agglomération,Intersection en T,Normale,Deux véhicules - côté,3,2,2,0,1,1,1,0,1,80,2,2,1,0,0,1,42.0,41.0,voiture,voiture,1,1,3,1,3
202000045284,2020-07-25 21:05:00,2020,7,25,21,5,94,94081,CHOISY (R DE),48.7877,2.3981,Crépuscule ou aube,En agglomération,Intersection en T,Temps couvert,Deux véhicules - frontale,4,2,2,0,1,1,1,0,1,50,2,2,1,0,0,1,21.0,43.0,deux_roues,utilitaire_camion,2,2,3,8,1
202000045285,2020-01-02 21:45:00,2020,1,2,21,45,31,31555,BD DE LA GARE,43.60935,1.45459,Nuit avec éclairage allumé,En agglomération,Hors intersection,Normale,Deux véhicules - côté,4,1,2,0,1,1,1,0,1,50,2,2,1,0,0,1,28.0,26.0,deux_roues,voiture,5,2,1,1,3
202000045286,2020-10-19 17:02:00,2020,10,19,17,2,86,86066,Route de Valette,46.83683,0.53351,Plein jour,En agglomération,Giratoire,Normale,Deux véhicules - côté,3,2,2,0,1,3,1,5,1,50,2,2,1,0,0,1,23.0,16.0,voiture,deux_roues,1,2,6,1,3
202000045287,2020-05-23 18:40:00,2020,5,23,18,40,79,79130,,46.266076,-0.530026,Plein jour,Hors agglomération,Hors intersection,Normale,Autre collision,3,2,0,0,1,1,1,0,3,80,1,1,0,0,1,0,21.0,,voiture,,1,1,1,1,6
202000045288,2020-07-25 16:10:00,2020,7,25,16,10,94,94028,Rue de Paris,48.795158,2.45919,Plein jour,En agglomération,Hors intersection,Normale,Autre collision,3,2,2,0,1,1,1,9,1,50,1,2,0,0,0,2,51.0,,deux_roues,,1,2,1,1,6
202000045289,2020-01-03 19:45:00,2020,1,3,19,45,14,14383,Route Nationale 814,49.1436,-0.40453,Nuit avec éclairage allumé,En agglomération,Hors intersection,Normale,Deux véhicules - côté,2,2,4,3,1,1,1,0,1,110,2,3,2,0,0,1,64.0,25.0,voiture,voiture,5,2,1,1,3
202000045290,2020-08-22 19:45:00,2020,8,22,19,45,83,83098,JAURES (BD JEAN),43.10443,6.02361,Nuit avec éclairage allumé,En agglomération,Giratoire,Normale,Deux véhicules - frontale,3,2,2,0,1,2,1,0,1,50,2,3,1,0,1,1,78.0,34.0,voiture,voiture,5,2,6,1,1
202000045291,2020-07-25 19:00:00,2020,7,25,19,0,93,93066,MERMOZ JEAN,48.9416103,2.3540279,Plein jour,En agglomération,Hors intersection,Normale,Deux véhicules - côté,4,2,1,0,1,1,1,0,1,30,2,2,1,0,0,1,44.0,43.0,voiture,deux_roues,1,2,1,1,3
202000045292,2020-10-21 20:30:00,2020,10,21,20,30,77,77350,AV DU GENERAL DE GAULLE,48.76434,2.6604,Nuit avec éclairage allumé,Hors agglomération,Hors intersection,Normale,Autre collision,3,2,2,0,1,1,1,0,1,50,1,1,0,1,0,0,44.0,,voiture,,5,1,1,1,6
202000045293,2020-07-24 20:00:00,2020,7,24,20,0,93,93039,QU DE LA MARINE / R DU 8 MAI 1945,48.936758,2.340463,Plein jour,En agglomération,Intersection en T,Normale,Deux véhicules - côté,4,2,2,0,1,1,1,0,1,30,2,4,2,0,0,2,20.0,22.0,voiture,voiture,1,2,3,1,3
202000045294,2020-10-20 16:00:00,2020,10,20,16,0,77,77053,RUE DE LA BUTTE AUX BERGERS,48.70368,2.60694,Plein jour,En agglomération,Giratoire,Pluie légère,Deux véhicules - arrière,3,2,2,0,1,1,2,0,1,50,2,2,1,0,0,1,32.0,33.0,voiture,utilitaire_camion,1,2,6,2,2
202000045295,2020-07-25 19:28:00,2020,7,25,19,28,93,93049,AV DU PRESIDENT JOHN KENNEDY / R PAUL LETOMBE,48.86419,2.51232,Plein jour,En agglomération,Intersection en T,Normale,Deux véhicules - côté,4,2,2,0,1,1,1,0,1,50,2,2,1,0,0,1,30.0,22.0,voiture,deux_roues,1,2,3,1,3
202000045296,2020-10-20 09:43:00,2020,10,20,9,43,76,76305,ESTUAIRE,49.4563659,0.232178,Plein jour,Hors agglomération,Hors intersection,Normale,Sans collision,4,2,2,0,1,1,2,0,1,50,1,1,0,0,1,0,42.0,,deux_roues,,1,1,1,1,7
202000045297,2020-07-25 20:30:00,2020,7,25,20,30,93,93029,FAIDHERBE,48.9160792,2.4303591,Plein jour,En agglomération,Hors intersection,Pluie légère,Deux véhicules - arrière,4,1,1,0,1,1,2,0,1,50,2,2,1,0,0,1,31.0,44.0,voiture,voiture,1,2,1,2,2
202000045298,2020-05-22 21:15:00,2020,5,22,21,15,80,80025,264 Rue d'Argoules,50.344978,1.834432,Crépuscule ou aube,Hors agglomération,Hors intersection,Normale,Sans collision,3,2,2,0,2,3,1,2,1,80,1,2,1,0,1,0,61.0,,deux_roues,,2,1,1,1,7
202000045299,2020-01-03 19:30:00,2020,1,3,19,30,13,13207,Corniche John Fitzgérald Kennedy,43.2765336,5.3581578,Nuit avec éclairage non allumé,En agglomération,Hors intersection,Normale,Deux véhicules - côté,4,2,2,0,1,1,1,0,1,50,2,2,1,0,1,0,49.0,60.0,deux_roues,utilitaire_camion,4,2,1,1,3
202000045300,2020-10-20 14:45:00,2020,10,20,14,45,76,76351,Rue Demidoff,49.49759,0.13415,Plein jour,En agglomération,Intersection en T,Normale,Deux véhicules - côté,4,2,2,0,1,1,1,0,1,30,2,2,1,0,0,1,22.0,30.0,voiture,voiture,1,2,3,1,3
202000045301,2020-10-17 18:00:00,2020,10,17,18,0,71,71499,SAINT EUGENE (RUE ),46.6672981,4.2875433,Crépuscule ou aube,Hors agglomération,Hors intersection,Normale,Sans collision,3,2,2,0,2,4,1,0,1,80,1,1,0,0,0,1,67.0,,utilitaire_camion,,2,1,1,1,7
202000045302,2020-05-22 19:51:00,2020,5,22,19,51,33,33093,D119,44.71006,-0.33695,Plein jour,Hors agglomération,Hors intersection,Normale,Autre collision,3,2,2,0,1,2,1,0,3,80,1,1,0,1,0,0,25.0,,voiture,,1,1,1,1,6
202000045303,2020-10-20 12:15:00,2020,10,20,12,15,71,71306,HOSPICE (RUE DE L'),46.6659376,4.3626724,Plein jour,En agglomération,Hors intersection,Normale,Autre collision,4,2,2,0,2,1,1,0,1,50,1,2,1,0,0,1,54.0,,voiture,,1,2,1,1,6
202000045304,2020-05-23 17:45:00,2020,5,23,17,45,89,89311,Route impériale,47.756406,3.418669,Plein jour,En agglomération,Hors intersection,Normale,Sans collision,3,2,2,0,4,1,1,0,1,50,1,1,0,0,1,0,20.0,,deux_roues,,1,2,1,1,7
202000045305,2020-10-17 16:45:00,2020,10,17,16,45,69,69115,HERRIOT (rue Edouard),45.97839,4.72528,Plein jour,En agglomération,Hors intersection,Normale,Sans collision,3,2,4,0,2,2,1,0,4,50,1,1,0,0,0,1,61.0,,utilitaire_camion,,1,2,1,1,7
202000045306,2020-05-24 17:45:00,2020,5,24,17,45,42,42153,Chemin Patiras,45.9518694,4.1856452,Plein jour,Hors agglomération,Hors intersection,Normale,Sans collision,4,2,1,0,2,1,1,0,1,80,1,1,0,0,1,0,67.0,,deux_roues,,1,1,1,1,7
202000045307,2020-10-20 15:30:00,2020,10,20,15,30,69,69013,D306,46.0215594,4.7202453,Plein jour,Hors agglomération,Hors intersection,Normale,Autre collision,3,2,2,0,1,1,1,0,3,70,1,1,0,0,0,1,20.0,,voiture,,1,1,1,1,6
202000045308,2020-05-24 10:30:00,2020,5,24,10,30,42,42172,Route de Bourg-argental,45.375675,4.443229,Plein jour,En agglomération,Hors intersection,Normale,Deux véhicules - arrière,3,2,2,0,2,3,1,9,1,50,2,2,1,0,1,0,33.0,34.0,deux_roues,deux_roues,1,2,1,1,2
202000045309,2020-01-03 14:15:00,2020,1,3,14,15,13,13214,CAPITAINE GEZE (BOULEVARD),43.3302708,5.3700726,Plein jour,En agglomération,Hors intersection,Normale,Deux véhicules - arrière,7,2,4,0,1,1,1,0,1,50,2,2,0,0,0,2,36.0,,voiture,,1,2,1,1,2
202000045310,2020-07-24 19:20:00,2020,7,24,19,20,92,92073,SELLIER (BOULEVARD HENRI),48.868035,2.225359,Plein jour,En agglomération,Intersection en T,Normale,Deux véhicules - côté,3,-1,4,0,1,1,1,0,1,50,2,2,1,0,0,1,53.0,47.0,utilitaire_camion,utilitaire_camion,1,2,3,1,3
202000045311,2020-01-03 17:30:00,2020,1,3,17,30,13,13210,ROMAIN ROLLAND (BOULEVARD),43.274939,5.415753,Nuit avec éclairage allumé,En agglomération,Hors intersection,Normale,Autre collision,9,1,1,3,2,1,1,6,1,30,1,2,1,0,1,0,21.0,,utilitaire_camion,,5,2,1,1,6
202000045312,2020-05-24 18:25:00,2020,5,24,18,25,31,31407,D32,43.740245,1.566609,Plein jour,Hors agglomération,Autre intersection,Normale,Autre collision,3,2,2,0,1,3,1,5,3,80,1,1,0,0,0,1,58.0,,deux_roues,,1,1,9,1,6
202000045313,2020-05-24 16:30:00,2020,5,24,16,30,02,02619,D14,49.5300831,3.4103107,Plein jour,Hors agglomération,Autre intersection,Normale,Deux véhicules - côté,3,2,2,0,1,1,1,0,1,80,2,2,1,0,0,1,49.0,16.0,voiture,deux_roues,1,1,9,1,3
202000045314,2020-05-24 11:15:00,2020,5,24,11,15,03,03217,,46.3609799,2.6920152,Plein jour,Hors agglomération,Hors intersection,Normale,Autre collision,3,2,2,0,1,1,1,0,3,80,1,1,0,1,0,0,56.0,,utilitaire_camion,,1,1,1,1,6
202000045315,2020-07-24 15:21:00,2020,7,24,15,21,92,92073,SELLIER (BOULEVARD HENRI),48.8676148,2.2261586,Plein jour,En agglomération,Hors intersection,Normale,Autre collision,3,1,3,0,1,1,1,0,1,50,1,2,1,0,0,1,84.0,,utilitaire_camion,,1,2,1,1,6
202000045316,2020-05-22 23:30:00,2020,5,22,23,30,70,70104,D474,47.419616,5.821778,Nuit sans éclairage public,Hors agglomération,Hors intersection,Temps couvert,Sans collision,3,2,2,0,1,3,1,0,8,80,1,1,0,1,0,0,58.0,,voiture,,3,1,1,8,7
202000045317,2020-07-25 11:00:00,2020,7,25,11,0,92,92035,Sartoris ( rue ),48.9070356,2.2444504,Plein jour,En agglomération,Hors intersection,Normale,Autre collision,4,2,2,0,1,1,1,0,1,30,1,2,1,0,0,1,61.0,,voiture,,1,2,1,1,6
202000045318,2020-10-21 15:50:00,2020,10,21,15,50,64,64545,RD810,43.34967,-1.74283,Plein jour,Hors agglomération,Intersection en T,Normale,Deux véhicules - côté,3,2,0,0,2,1,1,0,1,50,2,3,2,0,0,1,25.0,36.0,voiture,utilitaire_camion,1,1,3,1,3
202000045319,2020-05-24 21:00:00,2020,5,24,21,0,64,64504,Route de la Platriere,43.324553,-1.586602,Nuit sans éclairage public,Hors agglomération,Hors intersection,Normale,Autre collision,4,2,2,0,2,1,1,0,1,80,1,1,0,0,1,0,54.0,,voiture,,3,1,1,1,6
202000045320,2020-10-20 08:55:00,2020,10,20,8,55,64,64102,LOEB (AVENUE DE L'INTERNE JACQUES),43.48603,-1.48269,Crépuscule ou aube,En agglomération,Hors intersection,Pluie légère,Autre collision,4,2,2,0,1,1,2,9,1,50,1,2,1,0,0,1,89.0,,voiture,,2,2,1,2,6
202000045321,2020-10-20 11:25:00,2020,10,20,11,25,62,62108,NAMUR,50.41905,1.570484,Plein jour,En agglomération,Hors intersection,Normale,Autre collision,4,-1,2,0,1,1,1,0,4,50,1,1,0,0,0,1,,,,,1,2,1,1,6
202000045322,2020-05-24 13:15:00,2020,5,24,13,15,10,10355,departemantale 951,48.520811,3.484554,Plein jour,Hors agglomération,Hors intersection,Normale,Deux véhicules - frontale,3,2,2,0,1,2,1,0,1,80,2,4,0,2,2,0,45.0,47.0,deux_roues,voiture,1,1,1,1,1
202000045323,2020-01-03 13:45:00,2020,1,3,13,45,13,13002,PICHAURIS (CHEMIN DE... A GRÉASQUE),43.38,5.54256,Plein jour,Hors agglomération,Hors intersection,Temps couvert,Autre collision,3,2,2,1,2,2,1,9,3,70,1,1,0,0,0,1,41.0,,voiture,,1,1,1,8,6
202000045324,2020-10-16 08:30:00,2020,10,16,8,30,58,58194,SAINT BENIN,46.98705,3.14664,Plein jour,En agglomération,Hors intersection,Normale,Deux véhicules - côté,3,2,2,0,1,1,1,0,1,50,2,2,1,0,0,1,25.0,80.0,deux_roues,voiture,1,2,1,1,3
202000045325,2020-05-24 01:45:00,2020,5,24,1,45,10,10011,D384,48.286484,4.727104,Nuit sans éclairage public,Hors agglomération,Hors intersection,Normale,Sans collision,3,2,2,0,2,2,1,0,3,80,1,4,2,0,1,1,22.0,,voiture,,3,1,1,1,7
202000045326,2020-06-06 12:45:00,2020,6,6,12,45,974,97415,RN1,-20.979913,55.294801,Plein jour,Hors agglomération,Hors intersection,Normale,Deux véhicules - arrière,2,3,4,0,1,1,1,0,1,90,2,2,1,0,1,0,19.0,65.0,voiture,deux_roues,1,1,1,1,2
202000045327,2020-01-01 05:50:00,2020,1,1,5,50,11,11262,CHAUX (CHEMIN DES FOURS A),43.17529,2.98381,Nuit avec éclairage allumé,En agglomération,Hors intersection,Normale,Autre collision,4,2,2,0,1,1,1,0,3,30,1,5,2,1,0,2,25.0,,voiture,,5,2,1,1,6
202000045328,2020-05-24 08:50:00,2020,5,24,8,50,07,07197,568 Route de Malbati,45.213463,4.685175,Plein jour,Hors agglomération,Hors intersection,Normale,Deux véhicules - frontale,4,2,2,0,1,1,1,0,1,-1,2,4,3,1,0,0,66.0,20.0,deux_roues,voiture,1,1,1,1,1
202000045329,2020-10-20 20:10:00,2020,10,20,20,10,54,54395,BRIAND (RUE ARISTIDE),48.6820925,6.1649153,Nuit avec éclairage allumé,En agglomération,Intersection en Y,Normale,Autre collision,3,1,-1,-1,1,2,1,0,1,-1,1,2,1,0,0,1,23.0,,voiture,,5,2,4,1,6
202000045330,2020-07-25 14:15:00,2020,7,25,14,15,24,24372,D3,45.158196,0.541141,Plein jour,Hors agglomération,Hors intersection,Normale,Autre collision,3,2,2,0,1,2,1,0,1,70,1,1,0,0,1,0,22.0,,voiture,,1,1,1,1,6
202000045331,2020-07-24 16:15:00,2020,7,24,16,15,73,73218,D991,45.8498917,5.8379483,Plein jour,Hors agglomération,Hors intersection,Normale,Sans collision,3,2,2,2,2,1,1,-1,3,70,1,1,0,0,1,0,71.0,,deux_roues,,1,1,1,1,7
202000045332,2020-10-20 16:20:00,2020,10,20,16,20,54,54395,BROT (Rue Marcel),48.681266,6.203781,Plein jour,En agglomération,Hors intersection,Normale,Trois véhicules et plus - en chaîne,4,2,4,0,1,1,1,0,1,50,3,3,2,0,0,1,31.0,31.0,voiture,voiture,1,2,1,1,4
202000045333,2020-05-24 02:00:00,2020,5,24,2,0,40,40195,D52,43.75414,-0.448551,Nuit sans éclairage public,Hors agglomération,Hors intersection,Normale,Autre collision,3,2,2,0,2,2,1,0,8,80,1,1,0,0,1,0,37.0,,voiture,,3,1,1,1,6
202000045334,2020-01-02 14:19:00,2020,1,2,14,19,10,10387,ETIENNE PEDRON (RUE),48.31492,4.07475,Plein jour,En agglomération,Hors intersection,Temps couvert,Autre collision,4,2,1,0,1,1,2,9,4,50,1,1,0,0,0,1,46.0,,voiture,,1,2,1,8,6
202000045335,2020-01-02 06:39:00,2020,1,2,6,39,10,10343,VERRIERES (RUE),48.266764,4.108061,Nuit sans éclairage public,Hors agglomération,Hors intersection,Pluie légère,Autre collision,3,2,2,0,2,2,2,0,1,80,1,1,0,0,0,1,21.0,,voiture,,3,1,1,2,6
202000045336,2020-10-21 09:00:00,2020,10,21,9,0,35,35055,PARC (RUE DU),48.08799,-1.60848,Plein jour,En agglomération,Giratoire,Pluie légère,Deux véhicules - côté,4,2,2,0,1,2,2,0,1,50,2,2,1,0,0,1,49.0,18.0,voiture,deux_roues,1,2,6,2,3
202000045337,2020-01-02 19:00:00,2020,1,2,19,0,09,09225,MIREPOIX ROUTE DE,43.101661,1.635806,Nuit avec éclairage non allumé,Hors agglomération,Autre intersection,Normale,Trois véhicules et plus - en chaîne,3,2,2,0,1,1,1,3,1,70,3,3,2,0,1,0,47.0,67.0,voiture,voiture,4,1,9,1,4
202000045338,2020-10-21 08:10:00,2020,10,21,8,10,35,35238,RN 137,48.077806,-1.675231,Crépuscule ou aube,Hors agglomération,Hors intersection,Pluie forte,Deux véhicules - côté,2,3,4,0,1,2,2,0,1,50,2,2,1,0,0,1,20.0,33.0,voiture,voiture,2,1,1,3,3
202000045339,2020-01-01 12:15:00,2020,1,1,12,15,06,06083,SOSPEL (ROUTE DE ),43.790133,7.492472,Plein jour,En agglomération,Autre intersection,Temps éblouissant,Autre collision,4,2,2,0,1,1,1,9,1,50,1,3,1,0,1,1,68.0,,voiture,,1,2,9,7,6
202000045340,2020-05-24 18:10:00,2020,5,24,18,10,85,85288,Rue du Gué Robert,46.4741,-1.61736,Plein jour,Hors agglomération,Hors intersection,Normale,Autre collision,3,2,2,0,2,4,1,0,1,80,1,2,1,0,0,1,59.0,,deux_roues,,1,1,1,1,6
202000045341,2020-10-21 07:20:00,2020,10,21,7,20,35,35238,ANJOU (D'),48.1191,-1.71349,Nuit avec éclairage allumé,En agglomération,Intersection en X,Pluie forte,Deux véhicules - frontale,4,2,2,0,1,1,2,0,1,50,2,3,2,0,0,1,25.0,73.0,voiture,voiture,5,2,2,3,1
202000045342,2020-01-03 19:35:00,2020,1,3,19,35,06,06027,NICE AVENUE DE (RN7),43.6602,7.173,Nuit avec éclairage allumé,En agglomération,Intersection en T,Normale,Deux véhicules - frontale,7,2,3,0,1,1,1,0,1,50,2,2,1,0,0,1,23.0,56.0,voiture,deux_roues,5,2,3,1,1
202000045343,2020-01-04 00:20:00,2020,1,4,0,20,03,03321,20 Rue Jenner,46.5514596,3.3485395,Nuit avec éclairage allumé,En agglomération,Hors intersection,Pluie légère,Autre collision,4,-1,2,0,1,1,2,0,4,50,1,1,0,0,0,1,36.0,,voiture,,5,2,1,2,6
202000045344,2020-05-23 20:30:00,2020,5,23,20,30,17,17213,D107,46.046936,-0.530884,Crépuscule ou aube,Hors agglomération,Hors intersection,Normale,Deux véhicules - frontale,3,2,2,0,1,4,1,0,1,80,2,2,1,0,0,1,23.0,62.0,voiture,voiture,2,1,1,1,1
202000045345,2020-01-02 18:30:00,2020,1,2,18,30,75,75116,BD PERIPHERIQUE INTERIEUR,48.861934,2.2646,Crépuscule ou aube,En agglomération,Hors intersection,Normale,Deux véhicules - côté,4,1,4,0,1,1,1,0,1,70,2,2,1,0,0,1,24.0,28.0,voiture,deux_roues,2,2,1,1,3
202000045346,2020-01-02 16:30:00,2020,1,2,16,30,75,75120,BD PERIPHERIQUE INTERIEUR,48.873182,2.411905,Nuit avec éclairage allumé,En agglomération,Hors intersection,Normale,Deux véhicules - côté,4,1,4,0,1,1,1,1,1,70,2,2,1,0,0,1,60.0,22.0,deux_roues,voiture,5,2,1,1,3
202000045347,2020-05-22 19:40:00,2020,5,22,19,40,17,17268,16 Chemin de la Garenne,46.0123952,-0.4340726,Plein jour,En agglomération,Hors intersection,Normale,Deux véhicules - arrière,3,2,2,0,1,1,1,0,1,50,2,3,0,0,1,2,15.0,15.0,deux_roues,deux_roues,1,2,1,1,2
202000045348,2020-10-20 17:30:00,2020,10,20,17,30,35,35238,PARIS (RUE DE),48.11247,-1.66617,Plein jour,En agglomération,Intersection en X,Normale,Deux véhicules - côté,4,1,1,0,2,1,1,0,1,50,2,2,1,0,0,1,29.0,50.0,voiture,deux_roues,1,2,2,1,3
202000045349,2020-01-02 13:20:00,2020,1,2,13,20,75,75106,RUE NOTRE DAME DES CHAMPS,48.841621,2.332582,Plein jour,En agglomération,Intersection en T,Normale,Deux véhicules - côté,4,2,2,0,1,1,1,0,1,30,2,2,1,0,0,1,31.0,48.0,deux_roues,utilitaire_camion,1,2,3,1,3
202000045350,2020-07-25 17:20:00,2020,7,25,17,20,41,41029,Route de blois,47.493797,1.260268,Plein jour,En agglomération,Hors intersection,Normale,Autre collision,3,2,2,0,1,1,1,0,1,50,1,2,1,0,1,0,38.0,,voiture,,1,2,1,1,6
202000045351,2020-10-21 21:25:00,2020,10,21,21,25,33,33200,AVE PASTEUR,44.87531,-0.67932,Nuit avec éclairage allumé,En agglomération,Hors intersection,Normale,Deux véhicules - côté,4,2,2,0,1,1,2,0,1,50,2,2,1,0,0,1,48.0,23.0,deux_roues,voiture,5,2,1,1,3
202000045352,2020-07-25 16:40:00,2020,7,25,16,40,974,97422,100 Rue de France,-21.274798,55.507135,Crépuscule ou aube,En agglomération,Intersection en T,Normale,Deux véhicules - côté,4,2,2,0,3,1,1,0,1,50,2,2,1,0,0,1,38.0,40.0,voiture,voiture,2,2,3,1,3
202000045353,2020-10-21 14:00:00,2020,10,21,14,0,33,33234,CHEM DE LA MATTE,44.80338,-0.50921,Plein jour,En agglomération,Hors intersection,Normale,Deux véhicules - côté,4,2,2,0,1,3,1,0,1,30,2,2,0,0,0,2,27.0,38.0,utilitaire_camion,voiture,1,2,1,1,3
202000045354,2020-10-21 15:25:00,2020,10,21,15,25,33,33529,PROCESSION (CH. DE LA),44.6237286,-1.128193,Plein jour,En agglomération,Hors intersection,Normale,Sans collision,4,-1,2,0,1,1,1,0,1,50,1,1,0,0,0,1,56.0,,deux_roues,,1,2,1,1,7
202000045355,2020-07-26 19:20:00,2020,7,26,19,20,974,97404,Avenue Octave Bénard,-21.279347,55.341643,Nuit sans éclairage public,Hors agglomération,Hors intersection,Normale,Autre collision,4,2,2,0,1,1,1,9,5,80,1,5,4,0,1,0,25.0,,voiture,,3,1,1,1,6
202000045356,2020-10-21 07:55:00,2020,10,21,7,55,33,33529,D112,44.55666,-1.15333,Crépuscule ou aube,Hors agglomération,Hors intersection,Normale,Sans collision,3,2,2,0,1,1,2,0,1,80,1,1,0,0,0,1,21.0,,voiture,,2,1,1,1,7
202000045357,2020-07-26 08:00:00,2020,7,26,8,0,972,97208,N3,14.724583,-61.10218,Plein jour,Hors agglomération,Hors intersection,Normale,Sans collision,2,4,2,0,1,3,1,0,3,70,1,1,0,0,1,0,39.0,,voiture,,1,1,1,1,7
202000045358,2020-12-03 16:50:00,2020,12,3,16,50,77,77307,AV FRANCOIS MITTERRAND,48.8674625,2.7570622,Nuit avec éclairage allumé,En agglomération,Hors intersection,Pluie forte,Deux véhicules - côté,4,3,2,0,1,1,2,0,1,50,2,3,2,0,0,1,19.0,30.0,voiture,voiture,5,2,1,3,3
202000045359,2020-10-21 19:55:00,2020,10,21,19,55,31,31565,D 8,43.09463,0.6919,Nuit sans éclairage public,Hors agglomération,Hors intersection,Normale,Autre collision,3,3,3,0,3,2,1,0,1,80,1,2,1,0,1,0,51.0,,voiture,,3,1,1,1,6
202000045360,2020-01-03 19:40:00,2020,1,3,19,40,75,75119,BOULEVARD SERURIER,48.879141,2.400639,Nuit avec éclairage allumé,En agglomération,Hors intersection,Pluie légère,Deux véhicules - arrière,4,3,1,0,1,1,2,0,1,50,2,2,1,0,0,1,34.0,23.0,voiture,voiture,5,2,1,2,2
202000045361,2020-01-03 18:40:00,2020,1,3,18,40,75,75119,BOULEVARD SERURIER,48.877889,2.405107,Nuit avec éclairage allumé,En agglomération,Hors intersection,Pluie légère,Deux véhicules - côté,4,3,2,0,2,1,2,0,1,50,2,3,2,0,0,1,23.0,44.0,utilitaire_camion,utilitaire_camion,5,2,1,2,3