accident_id,datetime,annee,mois,jour,heure,minute,departement,commune_insee,adresse,latitude,longitude,luminosite,agglomeration,intersection,meteo,collision,catr,circ,nbv,vosp,prof,plan,surf,infra,situ,vma,nb_vehicules,nb_usagers,nb_indemnes,nb_tues,nb_blesses_hosp,nb_blesses_legers,age_cond_1,age_cond_2,veh_type_cond_1,veh_type_cond_2,lum_code,agg_code,int_code,atm_code,col_code
202000045455,2020-05-24 07:30:00,2020,5,24,7,30,29,29169,Ker Elisa,48.072444,-4.185523,Plein jour,Hors agglomération,Hors intersection,Normale,Autre collision,3,2,2,0,1,1,1,0,3,80,1,1,0,0,0,1,,,,,1,1,1,1,6
202000045456,2020-01-03 20:20:00,2020,1,3,20,20,92,92012,CHATEAU (RUE DU) 127/FIN - 133/FIN,48.8416711,2.2369878,Nuit avec éclairage allumé,En agglomération,Intersection en X,Pluie légère,Deux véhicules - côté,3,2,2,0,1,1,2,0,1,50,2,2,1,0,0,1,56.0,40.0,voiture,deux_roues,5,2,2,2,3
202000045457,2020-12-03 07:55:00,2020,12,3,7,55,50,50129,CESSART (AVENUE DE),49.64451,-1.63148,Nuit avec éclairage non allumé,En agglomération,Hors intersection,Pluie forte,Autre collision,4,3,4,0,1,1,2,0,1,50,1,2,1,0,1,0,26.0,,voiture,,4,2,1,3,6
202000045458,2020-01-04 14:25:00,2020,1,4,14,25,71,71305,Autoroute du Soleil,46.4663906,4.8802595,Plein jour,Hors agglomération,Hors intersection,Normale,Deux véhicules - arrière,1,3,5,0,1,1,1,0,1,130,2,4,3,0,1,0,65.0,27.0,voiture,voiture,1,1,1,1,2
202000045459,2020-07-26 13:00:00,2020,7,26,13,0,11,11209,D118,42.970127,2.259445,Plein jour,Hors agglomération,Hors intersection,Normale,,3,2,2,0,1,2,1,0,1,80,2,8,5,0,3,0,44.0,35.0,voiture,voiture,1,1,1,1,-1
202000045460,2020-10-21 13:45:00,2020,10,21,13,45,09,09122,RD 919,42.987973,1.615711,Plein jour,Hors agglomération,Hors intersection,Normale,Trois véhicules et plus - en chaîne,3,2,3,0,1,1,1,0,1,70,3,4,3,0,0,1,26.0,44.0,voiture,voiture,1,1,1,1,4
202000045461,2020-12-02 18:15:00,2020,12,2,18,15,50,50173,ARAGO (RUE),49.65333,-1.66328,Nuit sans éclairage public,En agglomération,Intersection en X,Pluie légère,Deux véhicules - côté,4,2,4,0,2,1,2,0,2,50,2,2,0,0,0,2,20.0,47.0,voiture,voiture,3,2,2,2,3
202000045462,2020-10-20 10:28:00,2020,10,20,10,28,06,06004,GAMBETTA AV.,43.5825,7.1202,Plein jour,En agglomération,Intersection en T,Normale,Autre collision,4,1,2,0,1,3,1,5,1,50,1,2,1,0,1,0,24.0,,voiture,,1,2,3,1,6
202000045463,2020-01-04 04:35:00,2020,1,4,4,35,85,85144,La Boule,46.848312,-1.088111,Nuit sans éclairage public,Hors agglomération,Hors intersection,Brouillard / fumée,Autre collision,4,2,2,0,4,2,2,0,3,80,1,2,0,0,2,0,39.0,,voiture,,3,1,1,5,6
202000045464,2020-11-30 14:00:00,2020,11,30,14,0,50,50602,BRIAND (RUE ARISTIDE),49.64743,-1.59125,Plein jour,En agglomération,Intersection en T,Normale,Deux véhicules - côté,4,2,2,1,1,1,1,0,1,50,2,2,1,0,0,1,21.0,22.0,deux_roues,voiture,1,2,3,1,3
202000045465,2020-05-24 17:45:00,2020,5,24,17,45,60,60241,D126,49.170093,2.6748195,Plein jour,Hors agglomération,Hors intersection,Normale,Sans collision,3,2,2,0,2,1,1,0,1,80,1,1,0,0,0,1,22.0,,deux_roues,,1,1,1,1,7
202000045466,2020-07-25 17:30:00,2020,7,25,17,30,55,55571,Grande Rue,49.329555,5.233494,Plein jour,En agglomération,Intersection à plus de 4 branches,Normale,Sans collision,3,2,2,0,1,3,1,0,1,50,1,1,0,0,0,1,19.0,,deux_roues,,1,2,5,1,7
202000045467,2020-10-21 17:25:00,2020,10,21,17,25,75,75116,ECHANGEUR MUETTE,48.861171,2.263891,Plein jour,En agglomération,Hors intersection,Normale,Deux véhicules - arrière,4,1,4,0,1,1,1,1,1,70,2,2,1,0,0,1,36.0,20.0,voiture,deux_roues,1,2,1,1,2
202000045468,2020-07-26 10:00:00,2020,7,26,10,0,49,49200,D775,47.5435601,-0.65308,Plein jour,Hors agglomération,Hors intersection,Normale,Autre collision,3,3,2,0,1,1,1,0,1,110,1,1,0,0,1,0,26.0,,voiture,,1,1,1,1,6
202000045469,2020-01-03 22:30:00,2020,1,3,22,30,41,41120,La Prazerie,47.793306,0.937665,Nuit sans éclairage public,En agglomération,Hors intersection,Normale,Autre collision,3,2,2,0,1,2,2,0,8,50,1,2,0,0,1,1,41.0,,voiture,,3,2,1,1,6
202000045470,2020-10-21 10:35:00,2020,10,21,10,35,75,75119,AVENUE DE LA PORTE DE LA VILLETTE,48.898345,2.386162,Plein jour,En agglomération,Intersection en T,Normale,Deux véhicules - côté,4,1,3,0,1,1,1,0,1,50,2,2,1,0,0,1,34.0,20.0,voiture,deux_roues,1,2,3,1,3
202000045471,2020-06-25 11:00:00,2020,6,25,11,0,86,86244,D29,46.35688,0.019913,Plein jour,Hors agglomération,Hors intersection,Normale,Sans collision,3,2,2,0,1,1,1,0,3,80,1,2,1,0,1,0,58.0,,utilitaire_camion,,1,1,1,1,7
202000045472,2020-12-02 15:30:00,2020,12,2,15,30,49,49353,Rue des Acacias,47.45349,-0.49807,Plein jour,En agglomération,Hors intersection,Normale,Deux véhicules - frontale,3,-1,2,0,1,1,1,0,1,50,2,5,3,0,0,2,31.0,38.0,voiture,voiture,1,2,1,1,1
202000045473,2020-01-03 20:40:00,2020,1,3,20,40,56,56218,Route de Peillac,47.725459,-2.270184,Nuit sans éclairage public,Hors agglomération,Hors intersection,Normale,Deux véhicules - frontale,3,2,2,0,1,1,1,0,1,80,2,2,0,0,2,0,49.0,30.0,voiture,voiture,3,1,1,1,1
202000045474,2020-10-20 11:15:00,2020,10,20,11,15,75,75118,RUE ORDENER,48.893502,2.337449,Plein jour,En agglomération,Hors intersection,Temps couvert,Autre collision,4,2,2,0,1,1,2,0,1,50,1,2,1,0,0,1,35.0,,deux_roues,,1,2,1,8,6
202000045475,2020-01-04 04:00:00,2020,1,4,4,0,65,65460,Route de Rabastens,43.38538,0.098083,Nuit sans éclairage public,Hors agglomération,Hors intersection,Normale,Autre collision,3,2,2,0,1,1,1,0,3,80,1,1,0,0,1,0,41.0,,utilitaire_camion,,3,1,1,1,6
202000045476,2020-12-03 17:58:00,2020,12,3,17,58,45,45068,Rue Aristide Briand,48.012169,2.739453,Nuit avec éclairage non allumé,En agglomération,Autre intersection,Pluie légère,Autre collision,4,1,1,0,1,1,2,0,1,50,1,2,1,0,1,0,63.0,,voiture,,4,2,9,2,6
202000045477,2020-07-25 16:25:00,2020,7,25,16,25,22,22207,Rue du Lity,48.618513,-3.462378,Plein jour,En agglomération,Intersection en X,Normale,Deux véhicules - côté,4,2,2,0,1,1,2,0,1,50,2,2,1,0,0,1,14.0,38.0,deux_roues,voiture,1,2,2,1,3
202000045478,2020-10-21 11:20:00,2020,10,21,11,20,75,75117,RUE DE TILSITT,48.875274,2.295443,Plein jour,En agglomération,Hors intersection,Normale,Deux véhicules - frontale,4,2,2,1,1,1,1,-1,5,30,2,2,1,0,0,1,29.0,19.0,deux_roues,deux_roues,1,2,1,1,1
202000045479,2020-01-03 13:45:00,2020,1,3,13,45,89,89081,D91,47.84285,3.777654,Plein jour,Hors agglomération,Hors intersection,Temps couvert,Autre collision,3,2,2,0,1,2,2,0,3,80,1,1,0,0,1,0,50.0,,voiture,,1,1,1,8,6
202000045480,2020-11-21 11:10:00,2020,11,21,11,10,44,44109,BOULEVARD ROBERT SCHUMAN,47.23523,-1.56753,Plein jour,En agglomération,Hors intersection,Normale,Autre collision,4,2,0,0,1,1,1,0,1,30,1,1,0,0,1,0,,,,,1,2,1,1,6
202000045481,2020-07-26 17:45:00,2020,7,26,17,45,22,22346,30 rue des chataigniers,48.359571,-2.624713,Plein jour,En agglomération,Hors intersection,Normale,Sans collision,4,2,2,0,2,2,1,0,3,50,1,2,0,0,2,0,51.0,,voiture,,1,2,1,1,7
202000045482,2020-05-24 08:32:00,2020,5,24,8,32,62,62543,212 grand rue,50.635295,2.304082,Plein jour,En agglomération,Hors intersection,Normale,Deux véhicules - frontale,3,2,2,0,1,1,1,0,1,50,2,2,1,0,1,0,31.0,45.0,deux_roues,voiture,1,2,1,1,1
202000045483,2020-07-26 04:25:00,2020,7,26,4,25,25,25083,D117,47.475404,6.494764,Nuit sans éclairage public,Hors agglomération,Hors intersection,Normale,Autre collision,3,2,2,0,1,2,1,0,3,80,1,2,1,0,1,0,22.0,,voiture,,3,1,1,1,6
202000045484,2020-01-03 13:35:00,2020,1,3,13,35,39,39323,,47.16813,5.496554,Plein jour,Hors agglomération,Hors intersection,Pluie légère,Deux véhicules - frontale,3,2,2,0,2,1,2,0,1,80,2,7,0,3,4,0,43.0,53.0,voiture,voiture,1,1,1,2,1
202000045485,2020-10-21 07:50:00,2020,10,21,7,50,75,75117,RUE LEMERCIER,48.889435,2.318702,Nuit sans éclairage public,En agglomération,Intersection en X,Normale,Autre collision,4,1,1,0,1,1,2,0,1,30,1,2,1,0,0,1,38.0,,utilitaire_camion,,3,2,2,1,6
202000045486,2020-11-30 06:20:00,2020,11,30,6,20,41,41018,RIFFAULT (RUE EUGENE),47.58991,1.341866,Nuit avec éclairage allumé,En agglomération,Intersection en T,Normale,Deux véhicules - côté,4,2,4,0,1,1,1,5,1,50,2,3,2,0,0,1,52.0,43.0,voiture,deux_roues,5,2,3,1,3
202000045487,2020-07-26 00:25:00,2020,7,26,0,25,44,44216,Avenue de la Vendée,46.969711,-1.430857,Nuit sans éclairage public,En agglomération,Hors intersection,Pluie légère,Autre collision,3,2,2,0,2,2,2,0,4,50,1,1,0,0,1,0,24.0,,voiture,,3,2,1,2,6
202000045488,2020-01-04 11:00:00,2020,1,4,11,0,35,35297,Rue de Plumaugat,48.198043,-2.197078,Plein jour,En agglomération,Hors intersection,Normale,Autre collision,3,2,2,0,1,1,1,0,4,50,1,1,0,0,1,0,21.0,,deux_roues,,1,2,1,1,6
202000045489,2020-10-19 20:50:00,2020,10,19,20,50,75,75117,AVENUE DE VILLIERS,48.885149,2.295667,Nuit avec éclairage allumé,En agglomération,Intersection en X,Normale,Deux véhicules - arrière,4,2,4,3,1,1,1,-1,6,50,2,3,2,0,0,1,47.0,30.0,deux_roues,voiture,5,2,2,1,2
202000045490,2020-12-03 08:40:00,2020,12,3,8,40,38,38421,Avenue Potier,45.17537,5.75321,Plein jour,En agglomération,Hors intersection,Normale,Autre collision,3,2,1,0,1,1,1,0,8,50,1,2,1,0,1,0,31.0,,utilitaire_camion,,1,2,1,1,6
202000045491,2020-10-19 20:40:00,2020,10,19,20,40,75,75116,RUE DE L ASSOMPTION,48.855342,2.266988,Nuit avec éclairage allumé,En agglomération,Hors intersection,Normale,Deux véhicules - côté,4,1,1,0,1,1,1,0,1,30,2,3,2,0,0,1,81.0,36.0,voiture,deux_roues,5,2,1,1,3
202000045492,2020-07-26 10:45:00,2020,7,26,10,45,44,44015,st cloud,47.46219,-1.879542,Plein jour,Hors agglomération,Intersection à plus de 4 branches,Normale,Deux véhicules - côté,3,2,2,0,4,1,1,5,1,70,2,2,1,0,1,0,51.0,39.0,deux_roues,voiture,1,1,5,1,3
202000045493,2020-07-24 17:30:00,2020,7,24,17,30,44,44003,Place Jeanne-d'Arc,47.365415,-1.177264,Plein jour,En agglomération,Place,Normale,Autre collision,4,2,2,0,1,1,1,0,1,50,1,4,3,0,0,1,27.0,,utilitaire_camion,,1,2,7,1,6
202000045494,2020-10-21 20:50:00,2020,10,21,20,50,75,75115,RUE DE VAUGIRARD,48.835223,2.292328,Nuit avec éclairage allumé,En agglomération,Hors intersection,Normale,Deux véhicules - côté,4,1,2,3,1,1,1,-1,6,50,2,4,3,0,0,1,17.0,67.0,deux_roues,voiture,5,2,1,1,3
202000045495,2020-07-24 16:05:00,2020,7,24,16,5,31,31188,35 Route de Fonsorbes,43.5460399,1.2054054,Plein jour,Hors agglomération,Hors intersection,Temps éblouissant,Trois véhicules et plus - collisions multiples,3,2,2,0,1,1,1,0,1,80,3,3,2,0,1,0,26.0,29.0,voiture,voiture,1,1,1,7,5
202000045496,2020-10-21 17:55:00,2020,10,21,17,55,75,75115,RUE BRANCION,48.829683,2.301763,Plein jour,En agglomération,Intersection en Y,Normale,Autre collision,4,1,1,0,1,1,1,0,1,50,1,2,0,0,0,2,29.0,,deux_roues,,1,2,4,1,6
202000045497,2020-01-03 18:00:00,2020,1,3,18,0,29,29130,D789,48.358728,-4.6305333,Nuit sans éclairage public,Hors agglomération,Intersection en T,Normale,Deux véhicules - côté,3,2,2,0,1,1,1,0,3,80,2,1,0,0,0,1,52.0,,voiture,,3,1,3,1,3
202000045498,2020-12-01 08:55:00,2020,12,1,8,55,37,37261,JAURES (PLACE JEAN),47.3899119,0.6882891,Plein jour,En agglomération,Hors intersection,Normale,Sans collision,4,1,2,0,1,3,1,0,1,50,1,1,0,0,0,1,43.0,,deux_roues,,1,2,1,1,7
202000045499,2020-10-21 10:50:00,2020,10,21,10,50,75,75115,AVENUE DE BRETEUIL,48.845377,2.311004,Plein jour,En agglomération,Place,Pluie légère,Autre collision,4,1,1,0,1,1,2,0,1,50,1,3,2,0,0,1,25.0,,voiture,,1,2,7,2,6
202000045500,2020-12-03 08:15:00,2020,12,3,8,15,37,37233,FLORENCE (AVENUE DE),47.3783083,0.7416408,Crépuscule ou aube,En agglomération,Intersection en T,Pluie légère,Deux véhicules - arrière,4,2,2,0,1,1,2,0,1,50,2,2,1,0,0,1,34.0,24.0,voiture,utilitaire_camion,2,2,3,2,2
202000045501,2020-10-21 20:21:00,2020,10,21,20,21,75,75112,AVENUE DU TRONE,48.848141,2.397476,Nuit avec éclairage allumé,En agglomération,Place,Normale,Deux véhicules - côté,4,1,4,0,1,1,1,0,1,50,2,2,1,0,0,1,51.0,25.0,deux_roues,voiture,5,2,7,1,3
202000045502,2020-01-03 23:40:00,2020,1,3,23,40,26,26155,Route de Beaurepaire,45.32223,5.002101,Nuit sans éclairage public,Hors agglomération,Hors intersection,Temps couvert,Autre collision,3,2,2,0,1,3,2,0,3,70,1,1,0,1,0,0,20.0,,voiture,,3,1,1,8,6
202000045503,2020-12-03 07:30:00,2020,12,3,7,30,37,37195,,47.3893889,0.6487258,Nuit sans éclairage public,Hors agglomération,Hors intersection,Pluie légère,Sans collision,3,3,4,0,1,1,2,0,1,90,1,1,0,0,0,1,21.0,,voiture,,3,1,1,2,7
202000045504,2020-10-19 20:30:00,2020,10,19,20,30,75,75112,RUE DE REUILLY,48.847347,2.386786,Nuit avec éclairage allumé,En agglomération,Intersection en X,Normale,Deux véhicules - côté,4,2,2,0,1,1,1,0,1,50,2,1,0,0,0,1,49.0,,deux_roues,,5,2,2,1,3
202000045505,2020-07-25 18:00:00,2020,7,25,18,0,38,38015,Route de Roche,45.536874,5.16381,Plein jour,En agglomération,Hors intersection,Normale,Deux véhicules - côté,3,2,2,0,2,3,1,0,1,50,2,2,1,0,1,0,38.0,16.0,voiture,deux_roues,1,2,1,1,3
202000045506,2020-05-23 13:00:00,2020,5,23,13,0,62,62355,Route Departementale 950,50.333203,2.914542,Plein jour,Hors agglomération,Hors intersection,Normale,Deux véhicules - arrière,3,2,0,0,1,1,1,0,1,70,2,2,0,0,0,2,48.0,27.0,voiture,voiture,1,1,1,1,2
202000045507,2020-11-30 16:23:00,2020,11,30,16,23,37,37261,FAURE (RUE GABRIEL),47.373583,0.6982547,Plein jour,En agglomération,Hors intersection,Normale,Sans collision,4,1,1,0,1,1,1,0,4,50,1,1,0,0,1,0,91.0,,voiture,,1,2,1,1,7
202000045508,2020-05-23 12:15:00,2020,5,23,12,15,62,62557,Rue de Neuville,50.32803,2.712296,Plein jour,En agglomération,Hors intersection,Normale,Deux véhicules - arrière,3,2,2,0,1,1,1,0,1,50,2,2,1,0,1,0,25.0,61.0,voiture,deux_roues,1,2,1,1,2
202000045509,2020-05-24 01:15:00,2020,5,24,1,15,62,62801,74 Rue Raoul Briquet,50.393582,2.749967,Nuit avec éclairage allumé,En agglomération,Hors intersection,Normale,Autre collision,4,2,2,0,2,1,1,0,4,50,1,1,0,0,1,0,18.0,,deux_roues,,5,2,1,1,6
202000045510,2020-12-03 00:00:00,2020,12,3,0,0,34,34172,BLUM (RUE LEON),43.60892,3.89085,Nuit avec éclairage allumé,En agglomération,Intersection en T,Normale,Deux véhicules - côté,4,1,2,0,1,1,1,0,1,50,2,7,0,0,0,7,32.0,19.0,voiture,voiture,5,2,3,1,3
202000045511,2020-05-23 09:40:00,2020,5,23,9,40,94,94034,AUTOROUTE A86,48.7559073,2.3351273,Plein jour,Hors agglomération,Hors intersection,Pluie légère,Sans collision,1,1,2,0,3,2,2,0,2,90,1,1,0,0,0,1,21.0,,voiture,,1,1,1,2,7
202000045512,2020-05-23 01:00:00,2020,5,23,1,0,94,94037,AUTOROUTE A6B,48.81532,2.35619,Nuit avec éclairage allumé,Hors agglomération,Hors intersection,Pluie légère,Sans collision,1,1,2,0,2,2,2,1,1,50,1,2,0,0,0,2,36.0,,utilitaire_camion,,5,1,1,2,7
202000045513,2020-10-21 15:10:00,2020,10,21,15,10,75,75110,BOULEVARD DE MAGENTA,48.870491,2.361193,Plein jour,En agglomération,Intersection en X,Normale,Trois véhicules et plus - en chaîne,4,3,4,0,1,1,8,0,1,50,3,3,0,0,0,3,23.0,48.0,deux_roues,deux_roues,1,2,2,1,4
202000045514,2020-12-03 14:00:00,2020,12,3,14,0,33,33039,RTE DE TOULOUSE / AVE FAVARQUE,44.80459,-0.57214,Plein jour,En agglomération,Intersection en T,Pluie légère,Deux véhicules - côté,4,2,2,0,1,1,2,0,1,50,2,2,1,0,0,1,25.0,63.0,deux_roues,voiture,1,2,3,2,3
202000045515,2020-10-20 15:45:00,2020,10,20,15,45,75,75108,BOULEVARD MALESHERBES,48.87976,2.313905,Plein jour,En agglomération,Hors intersection,Pluie légère,Deux véhicules - côté,4,2,4,0,1,1,2,0,1,50,2,2,1,0,0,1,25.0,40.0,deux_roues,voiture,1,2,1,2,3
202000045516,2020-05-22 18:22:00,2020,5,22,18,22,91,91468,AUTOROUTE A6,48.57627,2.46472,Plein jour,Hors agglomération,Hors intersection,Normale,Autre collision,1,3,6,0,1,1,1,0,1,110,1,2,1,1,0,0,30.0,,utilitaire_camion,,1,1,1,1,6
202000045517,2020-07-10 06:00:00,2020,7,10,6,0,03,03258,Rue des Barathons,46.1914093,3.3846577,Plein jour,Hors agglomération,Hors intersection,Normale,Autre collision,4,2,2,0,1,1,1,0,1,80,1,1,0,0,0,1,35.0,,deux_roues,,1,1,1,1,6
202000045518,2020-07-25 10:20:00,2020,7,25,10,20,15,15258,D8,44.969506,2.622624,Plein jour,Hors agglomération,Hors intersection,Normale,Deux véhicules - frontale,3,2,2,0,1,2,1,0,1,90,2,2,1,0,1,0,68.0,23.0,voiture,voiture,1,1,1,1,1
202000045519,2020-11-28 18:45:00,2020,11,28,18,45,33,33063,GAUTIER (BD ANTOINE) (20-40) PAIRS,44.83341,-0.59854,Nuit avec éclairage allumé,En agglomération,Intersection en X,Normale,Deux véhicules - côté,4,3,8,2,1,1,1,0,1,50,2,2,1,0,0,1,55.0,27.0,transport_commun,deux_roues,5,2,2,1,3
202000045520,2020-10-19 11:15:00,2020,10,19,11,15,94,94068,BELLECHASSE (BD DE),48.793705,2.488728,Plein jour,En agglomération,Hors intersection,Normale,Trois véhicules et plus - collisions multiples,4,2,1,0,1,1,1,0,1,50,3,4,2,0,0,2,49.0,41.0,voiture,deux_roues,1,2,1,1,5
202000045521,2020-05-23 07:00:00,2020,5,23,7,0,95,95582,AUTOROUTE A115,48.97248,2.24734,Plein jour,Hors agglomération,Hors intersection,Pluie légère,Autre collision,1,3,2,0,1,3,2,0,1,70,1,1,0,0,0,1,26.0,,voiture,,1,1,1,2,6
202000045522,2020-07-25 17:15:00,2020,7,25,17,15,06,06059,389 Avenue des Diables Bleus,43.724425,7.337027,Plein jour,Hors agglomération,Hors intersection,Normale,Deux véhicules - frontale,7,2,2,0,2,4,1,0,1,-1,2,3,2,0,1,0,23.0,37.0,voiture,voiture,1,1,1,1,1
202000045523,2020-12-02 16:00:00,2020,12,2,16,0,31,31069,GUYENNE (RUE DE),43.63117,1.38992,Plein jour,En agglomération,Hors intersection,Pluie légère,Deux véhicules - côté,4,2,2,0,1,1,2,0,1,50,2,5,3,0,0,2,58.0,21.0,voiture,voiture,1,2,1,2,3
202000045524,2020-10-21 20:30:00,2020,10,21,20,30,94,94052,CHARLES DE GAULLE (GRAND RUE),48.837048,2.483756,Nuit avec éclairage allumé,En agglomération,Hors intersection,Normale,Sans collision,4,2,0,0,1,3,1,0,1,50,1,1,0,0,0,1,34.0,,deux_roues,,5,2,1,1,7
202000045525,2020-07-26 02:40:00,2020,7,26,2,40,14,14143,D71,49.0924859,-0.8518255,Nuit sans éclairage public,Hors agglomération,Hors intersection,Pluie légère,Autre collision,3,2,2,0,1,2,2,0,3,80,1,1,0,0,1,0,24.0,,voiture,,3,1,1,2,6
202000045526,2020-05-22 11:30:00,2020,5,22,11,30,974,97411,Route des Eucalyptus,-20.88811,55.43335,Plein jour,Hors agglomération,Autre intersection,Normale,Deux véhicules - côté,3,-1,2,0,2,3,1,0,1,50,2,2,0,0,1,1,48.0,28.0,voiture,voiture,1,1,9,1,3
202000045527,2020-12-03 13:25:00,2020,12,3,13,25,30,30189,LASSERRE JEAN (AVENUE),43.82156,4.35811,Plein jour,En agglomération,Hors intersection,Normale,Deux véhicules - côté,4,2,2,0,1,1,1,0,1,50,2,2,1,0,0,1,57.0,32.0,deux_roues,voiture,1,2,1,1,3
202000045528,2020-07-25 12:10:00,2020,7,25,12,10,90,90082,1 Rue de Rechotte,47.591618,6.955912,Plein jour,En agglomération,Intersection en T,Normale,Deux véhicules - arrière,3,2,2,0,1,2,1,0,1,50,2,2,1,1,0,0,72.0,28.0,voiture,deux_roues,1,2,3,1,2
202000045529,2020-10-21 17:00:00,2020,10,21,17,0,94,94041,VERDUN (AV DE),48.80911,2.37367,Plein jour,En agglomération,Intersection en X,Normale,Autre collision,3,2,2,0,1,1,1,0,1,50,1,3,2,0,0,1,41.0,,voiture,,1,2,2,1,6
202000045530,2020-05-22 18:55:00,2020,5,22,18,55,69,69387,GEORGES GOUY                        (R ),45.73051,4.83512,Plein jour,En agglomération,Hors intersection,Normale,Autre collision,4,-1,2,0,1,1,1,0,1,50,1,2,1,0,0,1,41.0,,utilitaire_camion,,1,2,1,1,6
202000045531,2020-07-23 09:40:00,2020,7,23,9,40,83,83007,Route de Salernes,43.617534,6.220397,Plein jour,En agglomération,Giratoire,Normale,Deux véhicules - côté,3,1,1,0,1,2,1,0,1,50,2,2,1,0,1,0,33.0,68.0,utilitaire_camion,deux_roues,1,2,6,1,3
202000045532,2020-12-03 18:29:00,2020,12,3,18,29,29,29232,Rue de Kerlerec,47.9967174,-4.1115351,Nuit avec éclairage allumé,En agglomération,Intersection en T,Pluie légère,Autre collision,4,1,1,0,2,1,2,5,1,50,1,2,1,0,0,1,82.0,,voiture,,5,2,3,2,6
202000045533,2020-05-22 09:15:00,2020,5,22,9,15,69,69388,ST MAURICE                          (R ),45.74288,4.86744,Plein jour,En agglomération,Intersection en X,Normale,Deux véhicules - côté,4,1,2,0,1,1,1,0,1,50,2,2,1,0,0,1,59.0,37.0,deux_roues,voiture,1,2,2,1,3
202000045534,2020-07-22 23:10:00,2020,7,22,23,10,60,60155,Route de Balagny,49.28573,2.348939,Nuit sans éclairage public,Hors agglomération,Hors intersection,Normale,Sans collision,3,2,2,0,1,3,1,2,1,80,1,1,0,0,0,1,22.0,,deux_roues,,3,1,1,1,7
202000045535,2020-12-03 16:25:00,2020,12,3,16,25,29,29232,Rue de Kerfeunteun,48.00036,-4.10125,Plein jour,En agglomération,Intersection en T,Pluie légère,Deux véhicules - côté,4,2,2,0,2,1,2,5,1,50,2,3,1,0,0,2,18.0,39.0,deux_roues,voiture,1,2,3,2,3
202000045536,2020-10-21 15:25:00,2020,10,21,15,25,94,94073,SAUSSAIE (R DE LA),48.7666,2.38623,Plein jour,En agglomération,Intersection en X,Normale,Deux véhicules - côté,4,1,1,0,1,1,1,0,1,50,2,2,1,0,0,1,36.0,41.0,voiture,deux_roues,1,2,2,1,3
202000045537,2020-07-26 07:30:00,2020,7,26,7,30,64,64477,Route de Banca,43.172079,-1.351866,Plein jour,Hors agglomération,Hors intersection,Normale,Sans collision,3,-1,2,0,1,1,1,0,3,80,1,1,0,0,1,0,20.0,,voiture,,1,1,1,1,7
202000045538,2020-05-16 00:35:00,2020,5,16,0,35,69,69386,VAUBAN                              (R ),45.7663,4.8596,Nuit avec éclairage allumé,En agglomération,Intersection en T,Normale,Deux véhicules - côté,4,1,2,0,1,1,1,0,1,50,2,2,1,0,0,1,32.0,22.0,deux_roues,voiture,5,2,3,1,3
202000045539,2020-10-21 16:45:00,2020,10,21,16,45,94,94054,MARTYRS DE CHATEAUBRIANT (AV DES),48.74801,2.406832,Plein jour,En agglomération,Hors intersection,Normale,Autre collision,3,2,2,0,1,3,1,0,1,50,1,2,0,0,0,2,,,,,1,2,1,1,6
202000045540,2020-12-03 08:00:00,2020,12,3,8,0,29,29232,D765 - Route de Rosporden,47.9817192,-4.035278,Crépuscule ou aube,Hors agglomération,Giratoire,Pluie forte,Deux véhicules - frontale,3,2,2,0,4,2,2,5,1,50,2,2,1,0,0,1,30.0,24.0,voiture,voiture,2,1,6,3,1
202000045541,2020-07-26 07:25:00,2020,7,26,7,25,36,36078,Les Champs de Montabin,46.5857658,1.8770581,Crépuscule ou aube,Hors agglomération,Hors intersection,Normale,Autre collision,3,2,2,0,1,4,2,0,3,70,1,1,0,0,0,1,20.0,,voiture,,2,1,1,1,6
202000045542,2020-09-11 08:00:00,2020,9,11,8,0,28,28134,KENNEDY (AVENUE DU PRESIDENT),48.73029,1.37973,Plein jour,En agglomération,Hors intersection,Normale,Autre collision,3,2,2,0,1,1,1,0,1,50,1,1,0,0,0,1,,,,,1,2,1,1,6
202000045543,2020-05-22 19:50:00,2020,5,22,19,50,972,97209,REDOUTE (ROUTE DE LA),14.61536,-61.06172,Nuit avec éclairage allumé,Hors agglomération,Intersection en T,Normale,Deux véhicules - côté,2,2,2,0,2,3,1,5,1,30,2,3,2,0,0,1,21.0,24.0,voiture,voiture,5,1,3,1,3
202000045544,2020-11-09 22:45:00,2020,11,9,22,45,27,27528,RD6015,49.2723,1.15945,Nuit sans éclairage public,Hors agglomération,Hors intersection,Normale,Autre collision,3,2,3,0,2,1,1,0,1,90,1,1,0,0,0,1,30.0,,voiture,,3,1,1,1,6
202000045545,2020-07-23 11:45:00,2020,7,23,11,45,36,36055,Maubert,46.9296674,1.2154053,Plein jour,Hors agglomération,Hors intersection,Temps éblouissant,Deux véhicules - côté,3,2,2,0,1,1,1,0,1,80,2,2,1,0,1,0,61.0,74.0,deux_roues,voiture,1,1,1,7,3
202000045546,2020-12-03 17:50:00,2020,12,3,17,50,19,19272,Dr Aimé Audubert (Rue),45.2519476,1.7650759,Nuit avec éclairage allumé,En agglomération,Hors intersection,Pluie forte,Autre collision,3,2,2,0,1,1,2,9,1,50,1,3,2,0,0,1,69.0,,voiture,,5,2,1,3,6