accident_id,datetime,annee,mois,jour,heure,minute,departement,commune_insee,adresse,latitude,longitude,luminosite,agglomeration,intersection,meteo,collision,catr,circ,nbv,vosp,prof,plan,surf,infra,situ,vma,nb_vehicules,nb_usagers,nb_indemnes,nb_tues,nb_blesses_hosp,nb_blesses_legers,age_cond_1,age_cond_2,veh_type_cond_1,veh_type_cond_2,lum_code,agg_code,int_code,atm_code,col_code
202000045547,2020-12-03 17:55:00,2020,12,3,17,55,17,17300,KENNEDY   AVENUE DU PRESIDENT J,46.16752,-1.18072,Nuit avec éclairage allumé,En agglomération,Hors intersection,Pluie forte,Autre collision,4,2,2,0,1,1,2,6,1,30,1,2,1,0,0,1,38.0,,voiture,,5,2,1,3,6
202000045548,2020-05-22 06:30:00,2020,5,22,6,30,972,97209,RD 41 (ROCADE),14.60546,-61.09,Plein jour,Hors agglomération,Hors intersection,Normale,Deux véhicules - arrière,3,3,2,0,1,1,1,3,1,60,2,2,1,0,0,1,25.0,53.0,voiture,voiture,1,1,1,1,2
202000045549,2020-12-03 15:45:00,2020,12,3,15,45,17,17300,SCHWEITZER   RUE DU DOCTEUR ALB,46.15832,-1.14431,Plein jour,En agglomération,Hors intersection,Pluie forte,Autre collision,4,2,2,0,1,1,2,0,1,50,1,2,1,0,0,1,76.0,,voiture,,1,2,1,3,6
202000045550,2020-10-21 07:10:00,2020,10,21,7,10,94,94071,PARIS (R DE),48.773577,2.50448,Nuit avec éclairage allumé,En agglomération,Hors intersection,Pluie légère,Sans collision,3,1,0,0,1,1,2,0,4,50,1,1,0,0,0,1,21.0,,deux_roues,,5,2,1,2,7
202000045551,2020-05-22 22:25:00,2020,5,22,22,25,69,69382,MARECHAL JOFFRE (DU)                (QU),45.7526,4.8245,Nuit avec éclairage allumé,En agglomération,Hors intersection,Normale,Autre collision,4,1,3,3,1,1,1,0,1,50,1,1,0,0,0,1,37.0,,deux_roues,,5,2,1,1,6
202000045552,2020-07-25 18:10:00,2020,7,25,18,10,16,16393,Lieu dit Le Deroc,45.763392,0.157413,Plein jour,Hors agglomération,Hors intersection,Normale,Sans collision,4,2,2,0,2,1,1,0,3,70,1,1,0,0,1,0,46.0,,deux_roues,,1,1,1,1,7
202000045553,2020-10-21 17:55:00,2020,10,21,17,55,93,93078,BALLANGER (BD ROBERT),48.955525,2.5390381,Plein jour,En agglomération,Intersection en X,Normale,Autre collision,3,2,2,0,1,1,1,0,1,50,1,2,1,0,0,1,53.0,,voiture,,1,2,2,1,6
202000045554,2020-12-03 16:25:00,2020,12,3,16,25,17,17300,POINCARE   AVENUE RAYMOND,46.16692,-1.19237,Plein jour,En agglomération,Hors intersection,Pluie forte,Sans collision,4,2,2,0,1,1,2,2,1,50,1,1,0,0,0,1,61.0,,deux_roues,,1,2,1,3,7
202000045555,2020-07-26 12:00:00,2020,7,26,12,0,53,53059,D20,48.102402,-0.504813,Plein jour,Hors agglomération,Hors intersection,Normale,Deux véhicules - côté,3,2,2,0,1,3,1,0,1,80,2,3,2,0,1,0,33.0,26.0,voiture,voiture,1,1,1,1,3
202000045556,2020-10-21 14:50:00,2020,10,21,14,50,93,93066,LIBERATION RD14 (BOULEVARD),48.9334435,2.3423428,Plein jour,En agglomération,Hors intersection,Normale,Deux véhicules - côté,3,-1,1,1,1,1,1,0,1,50,2,2,1,0,0,1,56.0,41.0,voiture,deux_roues,1,2,1,1,3
202000045557,2020-07-25 04:20:00,2020,7,25,4,20,04,04031,RD 953,43.901186,6.138761,Nuit sans éclairage public,Hors agglomération,Hors intersection,Normale,Sans collision,3,2,2,0,3,2,1,0,3,80,1,1,0,0,1,0,38.0,,voiture,,3,1,1,1,7
202000045558,2020-10-20 15:25:00,2020,10,20,15,25,93,93048,PARIS (RUE DE),48.85781,2.43501,Plein jour,En agglomération,Hors intersection,Pluie légère,Deux véhicules - arrière,3,2,2,0,1,1,2,0,1,50,2,2,1,0,0,1,44.0,18.0,voiture,deux_roues,1,2,1,2,2
202000045559,2020-07-24 23:30:00,2020,7,24,23,30,27,27209,D88,49.303727,0.73603,Nuit sans éclairage public,Hors agglomération,Hors intersection,Normale,Autre collision,3,2,2,0,1,1,1,0,3,80,1,1,0,1,0,0,34.0,,voiture,,3,1,1,1,6
202000045560,2020-10-21 16:50:00,2020,10,21,16,50,93,93046,ROBERT SCHUMANN BOULEVARD,48.928677,2.5504766,Plein jour,En agglomération,Autre intersection,Normale,Autre collision,4,2,2,0,1,1,1,0,1,50,1,5,2,0,0,3,72.0,,voiture,,1,2,9,1,6
202000045561,2020-10-21 16:20:00,2020,10,21,16,20,93,93001,JEAN JAURES (AVE)  215 =>,48.9153791,2.4046205,Plein jour,En agglomération,Hors intersection,Normale,,3,3,4,1,1,1,1,0,1,50,2,2,1,0,0,1,45.0,,deux_roues,,1,2,1,1,-1
202000045562,2020-07-25 14:20:00,2020,7,25,14,20,28,28394,3 Rue de Châteauneuf,48.67402,1.322168,Plein jour,Hors agglomération,Hors intersection,Normale,Sans collision,3,2,2,0,1,1,1,0,1,80,1,1,0,0,1,0,59.0,,voiture,,1,1,1,1,7
202000045563,2020-12-03 14:20:00,2020,12,3,14,20,14,14118,RN 814,49.19953,-0.34497,Plein jour,En agglomération,Hors intersection,Normale,Deux véhicules - arrière,2,3,4,0,1,1,1,0,1,90,2,2,1,0,0,1,50.0,36.0,voiture,voiture,1,2,1,1,2
202000045564,2020-10-21 18:35:00,2020,10,21,18,35,92,92051,"GENERAL LECLERC (BOULEVARD DU, N° 1 A 27",48.8880952,2.2577092,Crépuscule ou aube,En agglomération,Intersection en T,Normale,Deux véhicules - arrière,3,3,2,0,1,1,1,0,1,50,2,3,1,0,0,2,47.0,18.0,utilitaire_camion,deux_roues,2,2,3,1,2
202000045565,2020-10-21 19:30:00,2020,10,21,19,30,92,92025,CHARLES DE GAULLE (BD),48.914539,2.229167,Nuit avec éclairage allumé,En agglomération,Intersection en X,Normale,Deux véhicules - côté,3,2,4,0,1,1,1,0,1,50,2,2,1,0,0,1,19.0,46.0,deux_roues,deux_roues,5,2,2,1,3
202000045566,2020-12-03 18:00:00,2020,12,3,18,0,13,13205,DOCTEUR SIM. SEDAN (RUE),43.2954585,5.3978754,Plein jour,En agglomération,Hors intersection,Normale,Autre collision,4,2,2,0,1,1,1,0,1,50,1,2,1,0,0,1,45.0,,voiture,,1,2,1,1,6
202000045567,2020-12-03 07:45:00,2020,12,3,7,45,13,13201,LIEUTAUD (COURS)      2 A 52,43.295882,5.381528,Plein jour,En agglomération,Hors intersection,Normale,Autre collision,4,2,2,0,1,1,1,0,1,50,1,1,0,0,0,1,,,,,1,2,1,1,6
202000045568,2020-07-25 06:15:00,2020,7,25,6,15,17,17314,RD129E3,45.77342,-0.500135,Crépuscule ou aube,Hors agglomération,Hors intersection,Normale,Sans collision,3,2,2,0,2,1,1,0,3,80,1,1,0,0,0,1,21.0,,voiture,,2,1,1,1,7
202000045569,2020-10-20 20:30:00,2020,10,20,20,30,92,92025,AGENT SARRE (AV DE L'),48.924661,2.265726,Nuit avec éclairage allumé,En agglomération,Hors intersection,Normale,Deux véhicules - arrière,3,2,2,0,1,1,2,0,1,50,2,2,0,0,0,2,28.0,29.0,deux_roues,deux_roues,5,2,1,1,2
202000045570,2020-12-03 06:40:00,2020,12,3,6,40,13,13211,FALAISE (RUE DE LA),43.29,5.43,Crépuscule ou aube,En agglomération,Hors intersection,Normale,,4,2,2,0,1,4,1,0,1,30,2,1,0,0,0,1,42.0,,voiture,,2,2,1,1,-1
202000045571,2020-07-23 18:55:00,2020,7,23,18,55,30,30116,D351,43.911034,4.599822,Plein jour,Hors agglomération,Hors intersection,Temps couvert,Sans collision,3,2,2,0,2,1,2,0,3,80,1,1,0,0,1,0,19.0,,voiture,,1,1,1,8,7
202000045572,2020-10-21 17:15:00,2020,10,21,17,15,92,92024,JEAN JAURES (BD) DE 47 A 109)   (56 A 14,48.934138,2.259325,Plein jour,En agglomération,Hors intersection,Normale,Deux véhicules - arrière,3,1,3,3,1,1,1,0,1,50,2,2,1,0,0,1,37.0,20.0,voiture,deux_roues,1,2,1,1,2
202000045573,2020-07-24 21:45:00,2020,7,24,21,45,973,97307,N2,4.8271725,-52.3385658,Nuit avec éclairage allumé,Hors agglomération,Hors intersection,Normale,Sans collision,2,2,2,0,1,3,9,0,1,50,1,1,0,0,1,0,46.0,,deux_roues,,5,1,1,1,7
202000045574,2020-12-02 10:30:00,2020,12,2,10,30,13,13211,SAINT MARCEL (BOULEVARD DE ),43.286243,5.4740836,Plein jour,En agglomération,Hors intersection,Normale,Autre collision,3,2,2,0,1,1,1,0,1,50,1,3,0,0,0,3,20.0,,deux_roues,,1,2,1,1,6
202000045575,2020-10-21 12:20:00,2020,10,21,12,20,92,92012,TRAVERSIERE (RUE),48.8250987,2.2455539,Plein jour,En agglomération,Hors intersection,Normale,Deux véhicules - arrière,4,1,1,0,1,1,1,0,1,50,2,1,0,0,0,1,,,,,1,2,1,1,2
202000045576,2020-10-21 11:40:00,2020,10,21,11,40,974,97415,Route de l'Eperon,-21.044092,55.257856,Plein jour,En agglomération,Hors intersection,Normale,Deux véhicules - côté,3,2,2,0,2,1,1,0,1,50,2,2,1,0,1,0,59.0,60.0,voiture,deux_roues,1,2,1,1,3
202000045577,2020-12-02 17:25:00,2020,12,2,17,25,13,13063,RN 1569 LA TRANSHUMANCE,43.58646,4.98898,Nuit avec éclairage non allumé,Hors agglomération,Autre intersection,Normale,Deux véhicules - côté,2,2,2,0,3,1,1,0,1,80,2,7,6,0,0,1,20.0,25.0,voiture,voiture,4,1,9,1,3
202000045578,2020-07-26 15:00:00,2020,7,26,15,0,24,24063,La Franquie,44.734754,1.215985,Plein jour,Hors agglomération,Hors intersection,Normale,Trois véhicules et plus - collisions multiples,3,2,2,0,1,1,1,0,1,80,3,5,2,0,0,3,42.0,69.0,voiture,voiture,1,1,1,1,5
202000045579,2020-10-21 19:15:00,2020,10,21,19,15,08,08088,D29,49.614019,4.913721,Crépuscule ou aube,Hors agglomération,Hors intersection,Normale,Autre collision,3,2,2,0,2,1,2,0,3,80,1,1,0,1,0,0,22.0,,voiture,,2,1,1,1,6
202000045580,2020-10-19 14:20:00,2020,10,19,14,20,25,25518,A36,47.34256,6.24135,Plein jour,Hors agglomération,Hors intersection,Normale,Deux véhicules - arrière,1,3,4,3,1,1,1,0,2,90,2,2,1,0,1,0,46.0,48.0,utilitaire_camion,utilitaire_camion,1,1,1,1,2
202000045581,2020-07-25 17:50:00,2020,7,25,17,50,80,80021,A16,49.89885,2.232563,Plein jour,Hors agglomération,Hors intersection,Normale,Autre collision,1,3,2,0,2,1,1,0,2,130,1,1,0,0,0,1,22.0,,voiture,,1,1,1,1,6
202000045582,2020-10-21 14:35:00,2020,10,21,14,35,81,81113,D31,43.855868,2.194347,Plein jour,Hors agglomération,Hors intersection,Normale,Sans collision,3,-1,2,0,1,2,1,0,1,80,1,1,0,0,1,0,18.0,,deux_roues,,1,1,1,1,7
202000045583,2020-10-21 22:50:00,2020,10,21,22,50,28,28012,3 Route du Poislay,48.06895,1.131318,Nuit sans éclairage public,Hors agglomération,Hors intersection,Pluie légère,Autre collision,3,2,2,0,1,3,2,0,8,80,1,1,0,0,0,1,26.0,,utilitaire_camion,,3,1,1,2,6
202000045584,2020-10-22 16:00:00,2020,10,22,16,0,974,97412,94 Rue Edmond Albius,-21.362462,55.606319,Plein jour,Hors agglomération,Hors intersection,Normale,Deux véhicules - côté,3,2,2,0,2,3,1,0,1,50,2,2,1,0,1,0,14.0,30.0,deux_roues,voiture,1,1,1,1,3
202000045585,2020-10-16 17:44:00,2020,10,16,17,44,01,01238,312 Route de Reyrieux,45.90929,4.823009,Plein jour,En agglomération,Hors intersection,Normale,Deux véhicules - côté,3,2,2,0,1,1,1,0,1,50,2,2,1,0,0,1,35.0,18.0,voiture,deux_roues,1,2,1,1,3
202000045586,2020-10-22 00:00:00,2020,10,22,0,0,76,76122,A28,49.837595,1.531477,Nuit sans éclairage public,Hors agglomération,Hors intersection,Normale,,1,1,4,0,1,1,1,0,1,130,3,3,2,0,1,0,25.0,38.0,utilitaire_camion,utilitaire_camion,3,1,1,1,-1
202000045587,2020-07-26 10:40:00,2020,7,26,10,40,31,31074,A680,43.668865,1.619239,Plein jour,Hors agglomération,Hors intersection,Normale,Deux véhicules - frontale,1,2,2,0,1,3,1,0,1,90,2,4,0,0,4,0,20.0,41.0,voiture,voiture,1,1,1,1,1
202000045588,2020-12-02 18:15:00,2020,12,2,18,15,10,10387,MARECHAL DE LATTRE DE TASSIGNY (RUE DU),48.30466,4.09461,Nuit avec éclairage allumé,En agglomération,Hors intersection,Pluie légère,Trois véhicules et plus - en chaîne,4,2,2,0,1,1,2,0,1,50,4,4,3,0,0,1,64.0,18.0,voiture,voiture,5,2,1,2,4
202000045589,2020-10-22 11:15:00,2020,10,22,11,15,974,97414,N5,-21.226602,55.455658,Plein jour,Hors agglomération,Hors intersection,Normale,Autre collision,2,2,2,0,2,4,1,0,3,70,1,1,0,0,1,0,26.0,,voiture,,1,1,1,1,6
202000045590,2020-12-02 08:40:00,2020,12,2,8,40,06,06088,EUCALYPTUS (AV. DES),43.67423,7.22123,Plein jour,En agglomération,Hors intersection,Normale,Autre collision,5,-1,1,0,2,2,1,9,1,10,1,2,1,1,0,0,32.0,,utilitaire_camion,,1,2,1,1,6
202000045591,2020-07-24 11:56:00,2020,7,24,11,56,86,86123,A10,46.507663,0.116137,Plein jour,Hors agglomération,Hors intersection,Normale,Deux véhicules - arrière,1,3,4,0,1,1,1,0,1,130,2,6,1,0,1,4,46.0,57.0,utilitaire_camion,voiture,1,1,1,1,2
202000045592,2020-12-03 07:48:00,2020,12,3,7,48,04,04112,RD 907 / Ch de la source,43.833267,5.76901,Plein jour,Hors agglomération,Giratoire,Normale,Deux véhicules - côté,3,2,2,0,1,1,1,5,1,50,2,2,1,0,1,0,12.0,55.0,deux_roues,utilitaire_camion,1,1,6,1,3
202000045593,2020-07-25 20:20:00,2020,7,25,20,20,973,97312,N1,5.331174,-52.914426,Nuit sans éclairage public,Hors agglomération,Hors intersection,Normale,Autre collision,2,2,2,0,1,1,1,0,1,80,1,4,1,0,1,2,36.0,,utilitaire_camion,,3,1,1,1,6
202000045594,2020-10-21 06:50:00,2020,10,21,6,50,38,38400,Avenue Abel Rossignol,45.349412,5.59534,Nuit avec éclairage allumé,En agglomération,Hors intersection,Normale,Deux véhicules - côté,3,2,2,0,1,1,1,0,1,50,2,2,1,0,1,0,29.0,50.0,deux_roues,utilitaire_camion,5,2,1,1,3
202000045595,2020-10-22 12:30:00,2020,10,22,12,30,83,83019,Avenue Lou Mistraou,43.1499057,6.2911606,Plein jour,Hors agglomération,Hors intersection,Normale,Deux véhicules - frontale,3,2,3,3,2,1,1,5,1,-1,2,2,0,0,0,2,39.0,39.0,voiture,voiture,1,1,1,1,1
202000045596,2020-12-03 08:05:00,2020,12,3,8,5,75,75119,BOULEVARD PERIPHERIQUE,48.900327,2.379367,Plein jour,En agglomération,Hors intersection,Normale,Deux véhicules - côté,4,1,4,0,1,1,2,0,1,70,2,3,1,0,0,2,36.0,54.0,deux_roues,voiture,1,2,1,1,3
202000045597,2020-07-24 18:45:00,2020,7,24,18,45,971,97111,295 Chemin de Petite Rivière,16.277929,-61.800081,Crépuscule ou aube,En agglomération,Intersection en T,Normale,Deux véhicules - côté,4,2,2,0,4,1,1,0,1,-1,2,3,1,0,2,0,49.0,,utilitaire_camion,,2,2,3,1,3
202000045598,2020-12-02 21:25:00,2020,12,2,21,25,75,75120,BOULEVARD PERIPHERIQUE,48.868824,2.413173,Nuit avec éclairage allumé,En agglomération,Intersection en Y,Normale,Autre collision,4,1,4,0,2,1,1,0,1,50,1,1,0,0,0,1,60.0,,voiture,,5,2,4,1,6
202000045599,2020-07-26 14:50:00,2020,7,26,14,50,37,37131,,47.4398585,1.0291113,Plein jour,Hors agglomération,Hors intersection,Normale,Deux véhicules - frontale,3,2,2,0,1,1,1,0,1,80,2,2,0,0,2,0,53.0,21.0,deux_roues,voiture,1,1,1,1,1
202000045600,2020-10-22 16:30:00,2020,10,22,16,30,71,71167,D139,46.820238,5.019379,Plein jour,Hors agglomération,Hors intersection,Pluie légère,Deux véhicules - frontale,3,2,2,0,1,3,2,0,1,80,2,3,1,0,2,0,36.0,24.0,voiture,utilitaire_camion,1,1,1,2,1
202000045601,2020-12-02 06:45:00,2020,12,2,6,45,75,75120,BOULEVARD PERIPHERIQUE,48.862608,2.413553,Nuit sans éclairage public,En agglomération,Hors intersection,Normale,Sans collision,4,1,4,0,1,1,1,0,1,70,1,1,0,0,0,1,31.0,,deux_roues,,3,2,1,1,7
202000045602,2020-07-26 03:15:00,2020,7,26,3,15,34,34145,Route de la Petite Camargue,43.668927,4.14354,Nuit sans éclairage public,Hors agglomération,Intersection en X,Normale,Deux véhicules - frontale,3,2,2,0,1,1,1,0,1,80,2,6,0,1,2,3,23.0,42.0,voiture,voiture,3,1,2,1,1
202000045603,2020-12-03 10:50:00,2020,12,3,10,50,75,75119,BOULEVARD DE LA COMMANDERIE,48.900749,2.386967,Plein jour,En agglomération,Place,Pluie légère,Sans collision,4,2,4,0,1,3,8,0,1,50,1,1,0,0,0,1,57.0,,deux_roues,,1,2,7,2,7
202000045604,2020-07-26 14:50:00,2020,7,26,14,50,05,05063,D1091,45.042427,6.271468,Plein jour,Hors agglomération,Hors intersection,Normale,Deux véhicules - côté,3,2,2,0,1,3,1,0,1,90,2,2,1,0,0,1,34.0,53.0,voiture,deux_roues,1,1,1,1,3
202000045605,2020-10-22 17:58:00,2020,10,22,17,58,62,62279,Ruelle Tombree route de dainville,50.293856,2.709095,Crépuscule ou aube,En agglomération,Intersection en X,Normale,Deux véhicules - côté,3,2,2,0,2,1,1,0,1,50,2,5,3,0,2,0,35.0,40.0,deux_roues,voiture,2,2,2,1,3
202000045606,2020-12-03 08:35:00,2020,12,3,8,35,75,75119,RUE GASTON TESSIER,48.895905,2.373761,Plein jour,En agglomération,Hors intersection,Pluie légère,Autre collision,4,2,2,0,1,1,2,0,1,50,1,2,1,0,0,1,42.0,,voiture,,1,2,1,2,6
202000045607,2020-10-22 06:30:00,2020,10,22,6,30,57,57108,D962,49.133637,7.421417,Nuit sans éclairage public,Hors agglomération,Hors intersection,Normale,Deux véhicules - frontale,3,2,2,0,2,1,1,0,1,80,2,2,1,0,0,1,16.0,60.0,deux_roues,voiture,3,1,1,1,1
202000045608,2020-07-26 11:35:00,2020,7,26,11,35,26,26058,Autoroute du Soleil,44.949803,4.889587,Plein jour,Hors agglomération,Hors intersection,Normale,Trois véhicules et plus - en chaîne,1,3,5,0,1,2,1,0,1,90,4,9,6,0,1,2,69.0,28.0,voiture,voiture,1,1,1,1,4
202000045609,2020-12-03 19:00:00,2020,12,3,19,0,75,75116,AVENUE THEOPHILE GAUTIER,48.847512,2.269133,Nuit avec éclairage allumé,En agglomération,Intersection en X,Pluie légère,Autre collision,4,2,2,0,1,1,2,0,1,50,1,2,1,0,0,1,60.0,,voiture,,5,2,2,2,6
202000045610,2020-07-26 15:40:00,2020,7,26,15,40,68,68269,D11.5,48.195845,7.228253,Plein jour,Hors agglomération,Hors intersection,Pluie légère,Sans collision,3,2,2,0,2,1,2,0,3,80,1,1,0,0,1,0,66.0,,voiture,,1,1,1,2,7
202000045611,2020-10-22 20:50:00,2020,10,22,20,50,95,95026,RD 922,49.13847,2.357726,Nuit sans éclairage public,Hors agglomération,Hors intersection,Normale,Deux véhicules - côté,3,2,2,0,1,1,1,0,1,80,2,2,0,0,1,1,60.0,32.0,voiture,voiture,3,1,1,1,3
202000045612,2020-10-22 10:00:00,2020,10,22,10,0,56,56230,Le Landier,47.786522,-2.218063,Plein jour,Hors agglomération,Hors intersection,Brouillard / fumée,Sans collision,3,2,2,0,1,1,2,0,3,80,1,1,0,0,1,0,55.0,,voiture,,1,1,1,5,7
202000045613,2020-12-02 22:30:00,2020,12,2,22,30,75,75116,BOULEVARD DE BEAUSEJOUR,48.856602,2.266294,Nuit avec éclairage allumé,En agglomération,Intersection en Y,Normale,Deux véhicules - arrière,4,1,1,0,1,2,1,0,1,50,2,1,0,0,0,1,33.0,,deux_roues,,5,2,4,1,2
202000045614,2020-07-25 07:40:00,2020,7,25,7,40,67,67351,Rue Principale Niederseebach,48.9515,7.998111,Plein jour,En agglomération,Hors intersection,Temps éblouissant,,3,2,2,0,1,1,1,0,1,50,2,2,1,0,1,0,49.0,23.0,deux_roues,voiture,1,2,1,7,-1
202000045615,2020-07-26 16:50:00,2020,7,26,16,50,55,55340,15 Rue de Rippe,48.779839,5.003393,Plein jour,Hors agglomération,Autre intersection,Normale,Sans collision,4,-1,1,0,1,1,1,0,8,-1,1,1,0,0,1,0,32.0,,deux_roues,,1,1,9,1,7
202000045616,2020-10-21 17:03:00,2020,10,21,17,3,77,77509,D213,48.491487,3.023681,Plein jour,Hors agglomération,Hors intersection,Normale,Sans collision,3,2,2,0,1,1,2,0,8,80,1,1,0,0,0,1,23.0,,voiture,,1,1,1,1,7
202000045617,2020-07-25 22:00:00,2020,7,25,22,0,57,57122,D656,49.078364,6.827466,Nuit sans éclairage public,Hors agglomération,Hors intersection,Normale,Deux véhicules - côté,3,2,2,0,3,2,1,0,1,80,2,3,0,0,2,1,60.0,17.0,voiture,deux_roues,3,1,1,1,3
202000045618,2020-07-25 17:45:00,2020,7,25,17,45,57,57460,D55,49.252814,6.680439,Plein jour,Hors agglomération,Hors intersection,Normale,Sans collision,3,2,2,0,1,2,1,0,8,80,1,1,0,0,1,0,46.0,,deux_roues,,1,1,1,1,7
202000045619,2020-10-21 21:25:00,2020,10,21,21,25,67,67276,RD 392,48.51217,7.27855,Nuit sans éclairage public,Hors agglomération,Hors intersection,Normale,Autre collision,3,2,2,0,1,1,1,0,1,80,1,2,1,0,1,0,25.0,,voiture,,3,1,1,1,6
202000045620,2020-07-26 15:30:00,2020,7,26,15,30,03,03066,,46.0741434,3.7785716,Plein jour,Hors agglomération,Hors intersection,Normale,Autre collision,4,2,2,0,2,1,1,0,1,80,1,2,0,0,2,0,69.0,,deux_roues,,1,1,1,1,6
202000045621,2020-10-20 22:45:00,2020,10,20,22,45,79,79063,Lieu-dit l'Ebaupinaie,47.085882,-0.352464,Nuit sans éclairage public,Hors agglomération,Hors intersection,Pluie légère,Sans collision,3,2,2,0,1,4,2,0,3,80,1,1,0,0,1,0,48.0,,voiture,,3,1,1,2,7
202000045622,2020-07-26 16:00:00,2020,7,26,16,0,73,73054,D1090 Lieu dit LE MOLLARD,45.6254916,6.7812414,Plein jour,En agglomération,Hors intersection,Normale,Deux véhicules - frontale,3,2,2,0,1,3,1,0,1,50,2,2,1,0,1,0,53.0,53.0,voiture,deux_roues,1,2,1,1,1
202000045623,2020-10-21 09:10:00,2020,10,21,9,10,19,19030,A89,45.159981,1.33604,Plein jour,Hors agglomération,Hors intersection,Normale,Autre collision,1,3,4,0,1,2,1,0,1,-1,1,1,0,1,0,0,57.0,,utilitaire_camion,,1,1,1,1,6
202000045624,2020-07-24 17:30:00,2020,7,24,17,30,69,69191,47 Route de Lyon,45.807178,4.821086,Plein jour,En agglomération,Hors intersection,Normale,Autre collision,3,2,2,0,2,1,1,0,1,50,1,2,1,0,0,1,18.0,,deux_roues,,1,2,1,1,6
202000045625,2020-10-21 17:40:00,2020,10,21,17,40,11,11036,D222,42.837914,2.074077,Plein jour,Hors agglomération,Hors intersection,Normale,Autre collision,3,2,2,0,2,2,1,0,3,80,1,1,0,1,0,0,41.0,,voiture,,1,1,1,1,6
202000045626,2020-10-21 08:00:00,2020,10,21,8,0,49,49248,16 Rue de Bretagne (Combrée),47.711204,-0.990566,Nuit avec éclairage non allumé,En agglomération,Autre intersection,Pluie forte,Autre collision,4,2,2,1,1,1,2,0,1,50,1,2,1,0,1,0,17.0,,deux_roues,,4,2,9,3,6
202000045627,2020-07-25 10:45:00,2020,7,25,10,45,33,33297,115 Route d'Avensan,45.046344,-0.773428,Plein jour,En agglomération,Hors intersection,Normale,Deux véhicules - côté,3,2,2,0,1,1,1,0,1,50,2,2,1,0,1,0,83.0,33.0,deux_roues,utilitaire_camion,1,2,1,1,3
202000045628,2020-12-03 19:41:00,2020,12,3,19,41,75,75113,BOULEVARD DU GENERAL JEAN SIMON,48.824107,2.376916,Nuit avec éclairage allumé,En agglomération,Intersection en X,Pluie légère,Autre collision,4,3,2,0,2,1,2,0,1,50,1,2,1,0,1,0,28.0,,voiture,,5,2,2,2,6
202000045629,2020-07-26 03:50:00,2020,7,26,3,50,14,14009,3 Route de l'Arbre au Canu,49.251994,-0.230316,Nuit avec éclairage non allumé,En agglomération,Hors intersection,Normale,Sans collision,4,2,1,0,1,1,2,0,1,50,1,1,0,0,1,0,30.0,,deux_roues,,4,2,1,1,7
202000045630,2020-10-20 09:15:00,2020,10,20,9,15,47,47168,Rue Henri Caillavet,44.598951,0.356208,Plein jour,En agglomération,Hors intersection,Normale,Autre collision,4,2,2,1,1,1,1,9,1,50,1,2,1,0,1,0,75.0,,voiture,,1,2,1,1,6
202000045631,2020-07-25 05:30:00,2020,7,25,5,30,80,80721,Route de Gamaches,50.162536,1.619668,Crépuscule ou aube,En agglomération,Hors intersection,Normale,Autre collision,3,2,2,0,1,2,1,0,1,50,1,1,0,0,1,0,20.0,,voiture,,2,2,1,1,6
202000045632,2020-10-21 19:10:00,2020,10,21,19,10,22,22226,Prat An Vel,48.678884,-3.540215,Crépuscule ou aube,Hors agglomération,Hors intersection,Normale,Sans collision,3,2,2,0,3,2,1,0,3,70,1,1,0,0,1,0,74.0,,deux_roues,,2,1,1,1,7
202000045633,2020-07-24 16:30:00,2020,7,24,16,30,13,13055,A507 sens Marseille - Aubagne,43.28624,5.43193,Plein jour,Hors agglomération,Hors intersection,Normale,Deux véhicules - côté,1,1,4,0,1,1,1,0,1,90,2,2,1,0,0,1,58.0,25.0,deux_roues,voiture,1,1,1,1,3
202000045634,2020-07-25 02:35:00,2020,7,25,2,35,33,33122,AUTOROUTE A 63,44.72049,-0.73798,Nuit sans éclairage public,Hors agglomération,Hors intersection,Normale,Deux véhicules - arrière,1,3,4,0,1,1,1,0,1,130,2,2,1,0,1,0,22.0,52.0,voiture,utilitaire_camion,3,1,1,1,2
202000045635,2020-07-25 02:40:00,2020,7,25,2,40,78,78431,A13,48.94343,1.951,Nuit avec éclairage allumé,Hors agglomération,Hors intersection,Normale,Deux véhicules - arrière,1,3,6,0,1,3,1,0,1,130,2,3,1,0,1,1,49.0,21.0,utilitaire_camion,voiture,5,1,1,1,2
202000045636,2020-07-25 16:45:00,2020,7,25,16,45,95,95018,AUTOROUTE A15,48.9604322,2.2709389,Plein jour,Hors agglomération,Hors intersection,Normale,Sans collision,1,3,11,0,1,1,1,0,1,110,1,1,0,0,0,1,26.0,,deux_roues,,1,1,1,1,7
202000045637,2020-07-25 10:30:00,2020,7,25,10,30,95,95555,RD 170,48.97372,2.27716,Plein jour,Hors agglomération,Hors intersection,Normale,Autre collision,3,3,4,0,1,3,1,1,1,90,1,1,0,0,0,1,30.0,,voiture,,1,1,1,1,6
202000045638,2020-07-25 07:50:00,2020,7,25,7,50,95,95306, A15,48.99844,2.1771,Plein jour,Hors agglomération,Hors intersection,Normale,Deux véhicules - arrière,1,3,9,0,1,1,1,0,1,110,2,2,0,0,0,2,20.0,47.0,voiture,voiture,1,1,1,1,2
202000045639,2020-10-22 14:15:00,2020,10,22,14,15,29,29227,Lieu Dit Trohoat,48.353483,-3.599364,Plein jour,Hors agglomération,Intersection en X,Normale,Deux véhicules - côté,4,2,2,0,1,1,1,0,1,80,2,2,1,0,1,0,75.0,17.0,voiture,deux_roues,1,1,2,1,3