accident_id,datetime,annee,mois,jour,heure,minute,departement,commune_insee,adresse,latitude,longitude,luminosite,agglomeration,intersection,meteo,collision,catr,circ,nbv,vosp,prof,plan,surf,infra,situ,vma,nb_vehicules,nb_usagers,nb_indemnes,nb_tues,nb_blesses_hosp,nb_blesses_legers,age_cond_1,age_cond_2,veh_type_cond_1,veh_type_cond_2,lum_code,agg_code,int_code,atm_code,col_code
202000045640,2020-07-24 22:50:00,2020,7,24,22,50,93,93066,AUTOROUTE A1,48.9348,2.3722,Nuit sans éclairage public,Hors agglomération,Hors intersection,Normale,Deux véhicules - côté,1,3,4,0,2,1,1,2,1,70,2,2,1,0,0,1,28.0,21.0,deux_roues,voiture,3,1,1,1,3
202000045641,2020-07-24 15:30:00,2020,7,24,15,30,93,93007,AUTOROUTE A3,48.92594,2.48123,Plein jour,Hors agglomération,Hors intersection,Normale,Deux véhicules - arrière,1,3,8,0,1,1,1,0,1,110,2,2,1,0,0,1,54.0,27.0,voiture,deux_roues,1,1,1,1,2
202000045642,2020-07-25 09:20:00,2020,7,25,9,20,94,94065,A86 EXT,48.75385,2.35034,Plein jour,Hors agglomération,Hors intersection,Normale,Deux véhicules - côté,2,-1,3,0,1,1,1,0,1,90,2,2,1,0,0,1,27.0,25.0,deux_roues,voiture,1,1,1,1,3
202000045643,2020-12-03 19:05:00,2020,12,3,19,5,75,75113,AVENUE DE LA PORTE D IVRY,48.821582,2.369325,Nuit avec éclairage allumé,En agglomération,Intersection en X,Pluie légère,Autre collision,4,2,4,0,1,1,2,0,1,50,1,2,1,0,0,1,51.0,,voiture,,5,2,2,2,6
202000045644,2020-02-17 12:10:00,2020,2,17,12,10,05,05061,Rue du Fleurendon (Gap),44.54425,6.06278,Plein jour,En agglomération,Autre intersection,Normale,Autre collision,4,2,1,0,1,1,1,0,8,50,1,2,1,0,0,1,47.0,,voiture,,1,2,9,1,6
202000045645,2020-10-20 10:30:00,2020,10,20,10,30,01,01072,RD 979,46.184117,5.305313,Plein jour,Hors agglomération,Intersection en T,Normale,Deux véhicules - frontale,3,2,2,0,4,1,1,0,1,90,2,4,0,0,0,4,72.0,18.0,voiture,voiture,1,1,3,1,1
202000045646,2020-02-04 13:50:00,2020,2,4,13,50,75,75120,BOULEVARD DE BELLEVILLE,48.869764,2.379358,Plein jour,En agglomération,Hors intersection,Normale,Autre collision,4,1,4,0,1,1,1,0,1,50,1,4,2,0,0,2,50.0,,transport_commun,,1,2,1,1,6
202000045647,2020-10-21 17:15:00,2020,10,21,17,15,70,70311,58 Avenue du Marechal Turenne,47.812254,6.364295,Plein jour,En agglomération,Hors intersection,Normale,Deux véhicules - côté,4,2,2,0,1,1,1,0,1,50,2,2,1,0,1,0,23.0,12.0,voiture,deux_roues,1,2,1,1,3
202000045648,2020-07-24 07:30:00,2020,7,24,7,30,974,97416,PASTEUR (RUE),-21.2829,55.4725,Plein jour,En agglomération,Hors intersection,Normale,Deux véhicules - côté,3,2,2,0,1,1,1,0,1,30,2,2,1,0,0,1,23.0,29.0,utilitaire_camion,deux_roues,1,2,1,1,3
202000045649,2020-10-21 07:25:00,2020,10,21,7,25,06,06032,37 Route Moyenne Corniche,43.725095,7.401098,Crépuscule ou aube,En agglomération,Giratoire,Normale,Deux véhicules - côté,7,1,1,0,2,2,1,5,1,50,2,2,1,0,0,1,26.0,53.0,deux_roues,voiture,2,2,6,1,3
202000045650,2020-12-02 20:45:00,2020,12,2,20,45,75,75112,RUE DU FAUBOURG SAINT ANTOINE,48.852181,2.372701,Nuit avec éclairage non allumé,En agglomération,Hors intersection,Normale,Autre collision,4,2,2,1,1,1,1,-1,5,50,1,1,0,0,0,1,31.0,,deux_roues,,4,2,1,1,6
202000045651,2020-07-16 06:40:00,2020,7,16,6,40,974,97407,COMMUNE DE PARIS (AVENUE),-20.93,55.29,Crépuscule ou aube,En agglomération,Hors intersection,Normale,Sans collision,4,1,1,0,1,1,1,0,1,50,1,1,0,0,0,1,42.0,,deux_roues,,2,2,1,1,7
202000045652,2020-07-25 02:00:00,2020,7,25,2,0,69,69383,VICTOR AUGAGNEUR                    (QU),45.75667,4.8406,Nuit avec éclairage allumé,En agglomération,Hors intersection,Normale,Deux véhicules - côté,4,-1,3,0,1,3,1,0,1,50,2,1,0,0,0,1,26.0,,deux_roues,,5,2,1,1,3
202000045653,2020-10-20 12:00:00,2020,10,20,12,0,06,06032,11 Route de la Turbie,43.72518,7.393927,Plein jour,En agglomération,Hors intersection,Normale,Deux véhicules - frontale,7,2,2,0,1,1,1,0,1,50,2,2,1,0,1,0,62.0,38.0,deux_roues,utilitaire_camion,1,2,1,1,1
202000045654,2020-07-24 14:10:00,2020,7,24,14,10,972,97209,ARAWAKS (AVENUE DES),14.6184,-61.0417,Plein jour,En agglomération,Intersection en T,Normale,Deux véhicules - frontale,4,2,2,0,2,1,1,0,1,50,2,2,1,0,1,0,52.0,25.0,voiture,autre,1,2,3,1,1
202000045655,2020-10-19 15:45:00,2020,10,19,15,45,50,50419,Pont d'Hyenville,48.994808,-1.463225,Plein jour,Hors agglomération,Hors intersection,Normale,Deux véhicules - frontale,3,2,2,0,1,3,1,2,1,50,2,2,1,0,0,1,27.0,64.0,voiture,utilitaire_camion,1,1,1,1,1
202000045656,2020-07-24 13:40:00,2020,7,24,13,40,971,97101,PALAIS ROYAL,16.2937,-61.49466,Plein jour,Hors agglomération,Intersection en X,Normale,Deux véhicules - arrière,2,2,2,0,1,1,1,0,1,70,2,3,1,0,0,2,35.0,30.0,voiture,voiture,1,1,2,1,2
202000045657,2020-07-23 17:30:00,2020,7,23,17,30,971,97101,PROVIDENCE,16.26512,-61.51107,Plein jour,En agglomération,Hors intersection,Normale,Deux véhicules - côté,2,3,4,0,1,1,1,2,1,50,2,2,0,0,0,2,47.0,,voiture,,1,2,1,1,3
202000045658,2020-07-24 20:39:00,2020,7,24,20,39,95,95680,PIERRE SEMARD (AVENUE),49.001976,2.4046518,Plein jour,En agglomération,Hors intersection,Normale,Deux véhicules - arrière,3,3,2,0,1,1,1,0,1,30,2,2,1,0,0,1,18.0,28.0,voiture,deux_roues,1,2,1,1,2
202000045659,2020-10-22 15:30:00,2020,10,22,15,30,50,50562,Rue d'Isamberville,49.584909,-1.266384,Plein jour,En agglomération,Intersection en Y,Normale,Deux véhicules - côté,3,2,2,0,1,1,1,0,1,50,2,2,1,0,1,0,14.0,63.0,deux_roues,voiture,1,2,4,1,3
202000045660,2020-07-22 12:15:00,2020,7,22,12,15,91,91589,DE GAULLE  (AVENUE CHARLES),48.70523,2.33792,Plein jour,En agglomération,Hors intersection,Normale,Autre collision,3,3,4,0,2,1,1,1,1,50,1,2,1,0,0,1,21.0,,voiture,,1,2,1,1,6
202000045661,2020-12-02 13:45:00,2020,12,2,13,45,75,75112,AVENUE DES CANADIENS,48.8172117,2.458646,Plein jour,En agglomération,Intersection en X,Normale,Deux véhicules - côté,4,2,2,0,1,1,1,0,1,50,2,2,1,0,0,1,52.0,57.0,voiture,voiture,1,2,2,1,3
202000045662,2020-10-22 12:37:00,2020,10,22,12,37,60,60443,215 Rue du Marais de Chevoyeux,49.654223,2.992873,Plein jour,En agglomération,Hors intersection,Normale,Deux véhicules - arrière,3,2,2,0,1,1,1,0,1,50,2,2,1,0,0,1,52.0,21.0,voiture,voiture,1,2,1,1,2
202000045663,2020-07-22 21:50:00,2020,7,22,21,50,91,91201,FERDINAND BUISSON(RUE),48.67606,2.40682,Crépuscule ou aube,En agglomération,Hors intersection,Normale,Sans collision,4,2,2,0,1,1,1,0,1,50,1,1,0,0,0,1,59.0,,voiture,,2,2,1,1,7
202000045664,2020-10-21 23:50:00,2020,10,21,23,50,88,88313,Rue du Haut de Fosse,48.348388,6.429824,Nuit sans éclairage public,En agglomération,Hors intersection,Normale,Autre collision,3,2,2,0,1,3,1,0,1,50,1,2,0,2,0,0,27.0,,voiture,,3,2,1,1,6
202000045665,2020-07-22 16:09:00,2020,7,22,16,9,91,91103,CAROUGE  (RUE DU),48.61324,2.29938,Plein jour,En agglomération,Hors intersection,Normale,Sans collision,4,2,2,0,4,1,1,0,1,50,1,1,0,0,0,1,33.0,,deux_roues,,1,2,1,1,7
202000045666,2020-07-23 17:16:00,2020,7,23,17,16,87,87085,ARMAND (AVE Z.A.C,45.86166,1.27465,Plein jour,En agglomération,Hors intersection,Normale,Deux véhicules - arrière,4,3,2,0,3,1,1,0,1,50,2,2,1,0,0,1,53.0,21.0,voiture,voiture,1,2,1,1,2
202000045667,2020-07-23 08:14:00,2020,7,23,8,14,87,87085,VALOINE (BOULEVARD DE LA),45.8224456,1.2154537,Plein jour,En agglomération,Hors intersection,Normale,Deux véhicules - arrière,3,3,4,0,1,1,1,0,1,70,2,2,1,0,1,0,53.0,35.0,utilitaire_camion,voiture,1,2,1,1,2
202000045668,2020-06-13 09:45:00,2020,6,13,9,45,86,86066,Av du Mal de Lattre de Tassigny,46.81869,0.52568,Plein jour,En agglomération,Autre intersection,Normale,Autre collision,3,3,3,0,1,1,1,5,1,50,1,3,1,1,1,0,59.0,,voiture,,1,2,9,1,6
202000045669,2020-10-19 15:00:00,2020,10,19,15,0,78,78575,1 Rue du Moulin,48.702135,2.06514,Plein jour,En agglomération,Giratoire,Normale,Deux véhicules - côté,4,2,2,0,1,1,1,0,1,50,2,6,3,0,1,2,31.0,29.0,voiture,voiture,1,2,6,1,3
202000045670,2020-07-23 11:35:00,2020,7,23,11,35,85,85194,RUE JACQUES BREL,46.5045,-1.7276,Plein jour,En agglomération,Intersection en X,Normale,Deux véhicules - côté,4,2,2,0,1,1,1,0,1,50,2,2,1,0,1,0,69.0,83.0,voiture,deux_roues,1,2,2,1,3
202000045671,2020-07-21 17:50:00,2020,7,21,17,50,77,77118,ROUTE NATIONALE 3,48.94752,2.66209,Plein jour,En agglomération,Hors intersection,Normale,Autre collision,6,-1,0,0,1,1,1,9,1,50,1,1,0,0,0,1,,,,,1,2,1,1,6
202000045672,2020-07-22 19:50:00,2020,7,22,19,50,77,77468,LEON BLUM (RUE),48.8397,2.65309,Plein jour,En agglomération,Hors intersection,Normale,Autre collision,4,2,2,0,4,1,1,0,1,50,1,2,1,0,0,1,32.0,,voiture,,1,2,1,1,6
202000045673,2020-07-24 14:20:00,2020,7,24,14,20,77,77122,LOUIS ET AUGUSTE LUMIERE(RUE),48.65565,2.56029,Plein jour,En agglomération,Intersection en Y,Normale,Deux véhicules - côté,4,2,2,0,1,2,1,0,1,50,2,2,1,0,0,1,28.0,54.0,deux_roues,voiture,1,2,4,1,3
202000045674,2020-07-24 23:25:00,2020,7,24,23,25,77,77335,RN3 (ROUTE NATIONALE),48.95755,2.8485,Nuit sans éclairage public,Hors agglomération,Autre intersection,Normale,Autre collision,2,3,2,0,1,1,1,0,3,80,1,1,0,1,0,0,47.0,,voiture,,3,1,9,1,6
202000045675,2020-12-03 01:30:00,2020,12,3,1,30,75,75111,PLACE DE LA REPUBLIQUE,48.866642,2.36529,Nuit avec éclairage allumé,En agglomération,Place,Normale,Deux véhicules - côté,4,2,6,0,1,1,1,0,1,50,2,3,2,0,0,1,23.0,47.0,deux_roues,voiture,5,2,7,1,3
202000045676,2020-10-22 13:15:00,2020,10,22,13,15,34,34337,D185,43.5392,3.882573,Plein jour,Hors agglomération,Hors intersection,Pluie légère,Trois véhicules et plus - collisions multiples,3,2,2,0,1,1,2,0,1,80,3,7,2,0,1,4,36.0,44.0,voiture,voiture,1,1,1,2,5
202000045677,2020-07-23 09:40:00,2020,7,23,9,40,77,77320,GENERAL DE GAULLE (AVENUE DU) - D934,48.8235465,3.0415786,Plein jour,En agglomération,Intersection en T,Normale,Deux véhicules - frontale,3,2,3,0,2,1,1,0,1,50,2,2,0,0,0,2,69.0,45.0,voiture,voiture,1,2,3,1,1
202000045678,2020-10-22 00:45:00,2020,10,22,0,45,49,49222,A87,47.358649,-0.57977,Nuit sans éclairage public,Hors agglomération,Hors intersection,Normale,Sans collision,1,3,4,0,1,1,1,0,3,130,1,1,0,0,1,0,47.0,,voiture,,3,1,1,1,7
202000045679,2020-07-23 16:30:00,2020,7,23,16,30,76,76575,A 13 - D 18 E (BRETELLE D'ACCES),49.3589,1.0856,Plein jour,Hors agglomération,Hors intersection,Normale,Deux véhicules - arrière,3,1,2,0,1,1,1,0,1,70,2,3,2,0,0,1,22.0,22.0,utilitaire_camion,voiture,1,1,1,1,2
202000045680,2020-10-21 14:27:00,2020,10,21,14,27,77,77069,D637 / route de Saint Martin,48.457427,2.587886,Plein jour,Hors agglomération,Intersection en X,Normale,Deux véhicules - côté,3,2,2,0,1,1,1,0,1,90,2,3,2,0,1,0,59.0,45.0,voiture,voiture,1,1,2,1,3
202000045681,2020-12-03 17:50:00,2020,12,3,17,50,75,75110,RUE DU FAUBOURG SAINT DENIS,48.882351,2.358743,Nuit avec éclairage allumé,En agglomération,Hors intersection,Pluie légère,Autre collision,4,2,2,0,1,1,2,0,1,50,1,2,1,0,0,1,49.0,,deux_roues,,5,2,1,2,6
202000045682,2020-12-03 17:40:00,2020,12,3,17,40,75,75110,BOULEVARD DE LA VILLETTE,48.874945,2.373502,Nuit avec éclairage allumé,En agglomération,Intersection en T,Pluie légère,Autre collision,4,3,2,0,1,1,2,0,1,50,1,2,1,0,0,1,40.0,,voiture,,5,2,3,2,6
202000045683,2020-12-02 15:00:00,2020,12,2,15,0,75,75110,RUE LA FAYETTE,48.881622,2.365804,Plein jour,En agglomération,Intersection en X,Normale,Autre collision,4,2,4,0,1,1,1,0,1,50,1,2,0,0,0,2,32.0,,deux_roues,,1,2,2,1,6
202000045684,2020-12-03 11:09:00,2020,12,3,11,9,75,75108,RUE DE COURCELLES,48.875404,2.308835,Plein jour,En agglomération,Intersection en T,Temps couvert,Deux véhicules - côté,4,2,2,0,2,1,2,0,1,50,2,3,2,0,0,1,25.0,77.0,deux_roues,voiture,1,2,3,8,3
202000045685,2020-12-02 17:20:00,2020,12,2,17,20,75,75101,RUE DE RIVOLI,48.866298,2.324168,Nuit avec éclairage allumé,En agglomération,Intersection en T,Pluie légère,Autre collision,4,2,6,0,1,1,2,0,1,50,1,2,1,0,0,1,28.0,,deux_roues,,5,2,3,2,6
202000045686,2020-12-03 08:20:00,2020,12,3,8,20,94,94081,GENERAL MALLERET JOINVILLE (R DU),48.781112,2.403065,Plein jour,En agglomération,Intersection en T,Pluie légère,Autre collision,4,2,2,0,1,1,2,0,1,50,1,2,1,0,0,1,32.0,,utilitaire_camion,,1,2,3,2,6
202000045687,2020-12-03 18:20:00,2020,12,3,18,20,94,94068,MARNE (BD DE LA),48.790512,2.507764,Nuit avec éclairage allumé,En agglomération,Intersection en X,Pluie légère,Autre collision,4,2,2,0,1,1,2,5,1,50,1,1,0,0,0,1,15.0,,deux_roues,,5,2,2,2,6
202000045688,2020-12-02 18:30:00,2020,12,2,18,30,94,94068,Boulevard de Champigny,48.800762,2.505403,Nuit avec éclairage allumé,En agglomération,Hors intersection,Pluie légère,Deux véhicules - côté,3,2,1,3,1,1,2,9,6,50,2,2,1,0,0,1,25.0,23.0,voiture,voiture,5,2,1,2,3
202000045689,2020-12-03 11:30:00,2020,12,3,11,30,94,94052,JOINVILLE (AV DE),48.831055,2.468773,Plein jour,En agglomération,Intersection en X,Pluie légère,Deux véhicules - côté,3,1,2,0,1,1,2,0,1,50,2,2,1,0,0,1,38.0,70.0,deux_roues,voiture,1,2,2,2,3
202000045690,2020-12-03 18:56:00,2020,12,3,18,56,94,94046, PONT DE CHARENTON (RTE),48.81657,2.41965,Nuit sans éclairage public,En agglomération,Hors intersection,Pluie légère,Deux véhicules - côté,3,-1,0,0,1,1,2,2,4,15,2,2,1,0,0,1,55.0,39.0,deux_roues,deux_roues,3,2,1,2,3
202000045691,2020-12-03 19:20:00,2020,12,3,19,20,94,94038,MARC SANGNIER (R),48.76598,2.32433,Nuit avec éclairage allumé,En agglomération,Hors intersection,Pluie légère,Autre collision,4,2,2,0,2,1,2,0,1,50,1,2,1,0,0,1,25.0,,deux_roues,,5,2,1,2,6
202000045692,2020-12-03 11:35:00,2020,12,3,11,35,94,94073,Avenue de Versailles,48.76136,2.40336,Plein jour,En agglomération,Intersection en T,Pluie légère,Autre collision,3,2,2,0,2,1,2,0,1,50,1,3,0,0,0,3,23.0,,voiture,,1,2,3,2,6
202000045693,2020-12-03 14:28:00,2020,12,3,14,28,94,94022,Avenue Louis Luc,48.7607511,2.4143624,Plein jour,En agglomération,Giratoire,Pluie légère,Deux véhicules - côté,4,1,1,0,1,1,2,0,1,50,2,2,1,0,0,1,49.0,56.0,voiture,deux_roues,1,2,6,2,3
202000045694,2020-12-03 17:00:00,2020,12,3,17,0,94,94055,OLIVIER D ORMESSON (AV),48.78501,2.53856,Nuit avec éclairage allumé,En agglomération,Hors intersection,Pluie légère,Trois véhicules et plus - en chaîne,3,2,2,0,1,1,2,0,1,50,3,3,2,0,0,1,33.0,49.0,voiture,voiture,5,2,1,2,4
202000045695,2020-12-03 20:10:00,2020,12,3,20,10,94,94017,MUSSELBURGH (R DE),48.80751,2.52208,Nuit avec éclairage allumé,En agglomération,Hors intersection,Pluie légère,Deux véhicules - frontale,3,2,2,2,1,1,2,6,1,30,2,2,1,0,0,1,36.0,50.0,voiture,deux_roues,5,2,1,2,1
202000045696,2020-12-03 08:45:00,2020,12,3,8,45,93,93071,AULNAY (RUE D'),48.9398862,2.5164768,Plein jour,En agglomération,Hors intersection,Pluie légère,Autre collision,3,-1,2,0,1,1,2,0,1,50,1,2,1,0,0,1,39.0,,autre,,1,2,1,2,6
202000045697,2020-12-03 20:00:00,2020,12,3,20,0,93,93057,CHANZY ( AV.),48.9105486,2.5195706,Nuit avec éclairage allumé,En agglomération,Hors intersection,Pluie légère,Autre collision,4,1,1,0,1,1,2,0,1,30,1,2,1,0,0,1,32.0,,voiture,,5,2,1,2,6
202000045698,2020-12-02 11:45:00,2020,12,2,11,45,93,93010,BARBUSSE (AV. HENRI) DE 115 A FIN COTE I,48.9001597,2.4922859,Plein jour,En agglomération,Autre intersection,Normale,Autre collision,3,2,0,0,1,1,1,0,1,50,1,2,1,0,0,1,75.0,,voiture,,1,2,9,1,6
202000045699,2020-12-03 19:00:00,2020,12,3,19,0,92,92020,DIVISION LECLERC AVENUE DE LA,48.7968593,2.2805375,Nuit avec éclairage allumé,En agglomération,Autre intersection,Pluie légère,Sans collision,4,2,2,0,2,3,2,0,1,50,1,1,0,0,0,1,35.0,,deux_roues,,5,2,9,2,7
202000045700,2020-12-03 18:31:00,2020,12,3,18,31,92,92040,RODIN (BOULEVARD),48.8200294,2.2610687,Nuit avec éclairage allumé,En agglomération,Hors intersection,Pluie légère,Autre collision,3,-1,2,0,2,1,2,0,1,50,1,2,1,0,0,1,37.0,,deux_roues,,5,2,1,2,6
202000045701,2020-12-03 07:50:00,2020,12,3,7,50,92,92025,CHARLES DE GAULLE (BD),48.914541,2.229176,Nuit avec éclairage allumé,En agglomération,Intersection à plus de 4 branches,Pluie légère,Deux véhicules - côté,3,3,2,0,1,1,2,0,1,50,2,3,2,0,0,1,32.0,33.0,utilitaire_camion,utilitaire_camion,5,2,5,2,3
202000045702,2020-12-03 18:20:00,2020,12,3,18,20,92,92012,SAUSSIERE (RUE DE LA),48.837303,2.240538,Nuit avec éclairage allumé,En agglomération,Hors intersection,Pluie légère,Sans collision,4,1,1,3,1,1,2,0,1,30,1,1,0,0,0,1,52.0,,deux_roues,,5,2,1,2,7
202000045703,2020-12-03 18:30:00,2020,12,3,18,30,92,92007,RAVERA (AVENUE HENRI) N° 1 A 109 ET 2 A,48.799773,2.3074763,Nuit avec éclairage allumé,En agglomération,Hors intersection,Pluie légère,Autre collision,3,1,1,0,1,1,2,0,1,50,1,2,1,0,0,1,76.0,,voiture,,5,2,1,2,6
202000045704,2020-12-03 22:00:00,2020,12,3,22,0,95,95353,A16,49.0872539,2.3148952,Nuit sans éclairage public,Hors agglomération,Hors intersection,Pluie forte,Deux véhicules - arrière,1,3,2,0,3,1,2,0,1,100,2,2,1,0,1,0,42.0,25.0,utilitaire_camion,deux_roues,3,1,1,3,2
202000045705,2020-12-03 15:00:00,2020,12,3,15,0,37,37031,10 Rue du Boeuf,47.2747971,0.1824862,Plein jour,En agglomération,Hors intersection,Pluie légère,Autre collision,4,2,2,0,1,1,2,0,1,50,1,1,0,0,1,0,71.0,,voiture,,1,2,1,2,6
202000045706,2020-12-03 17:10:00,2020,12,3,17,10,08,08362,19 Avenue Charles de Gaulle,49.515921,4.364305,Crépuscule ou aube,En agglomération,Hors intersection,Pluie légère,Autre collision,3,2,2,0,2,1,2,0,1,50,1,2,1,1,0,0,38.0,,voiture,,2,2,1,2,6
202000045707,2020-12-04 12:25:00,2020,12,4,12,25,71,71195,"Autoroute A6, sens Lyon/Paris, PK 364+400",46.508712,4.9087877,Plein jour,Hors agglomération,Hors intersection,Pluie forte,Autre collision,1,3,5,0,1,1,2,0,1,110,1,1,0,0,0,1,31.0,,voiture,,1,1,1,3,6
202000045708,2020-12-04 15:20:00,2020,12,4,15,20,29,29181,N12 - Keriel Plouedern,48.4883635,-4.2620409,Plein jour,Hors agglomération,Hors intersection,Pluie légère,Autre collision,2,3,4,0,1,1,2,0,1,110,1,1,0,0,0,1,25.0,,voiture,,1,1,1,2,6
202000045709,2020-12-03 18:50:00,2020,12,3,18,50,91,91587,15 avenue de la division leclerc,48.672097,2.280618,Nuit avec éclairage allumé,En agglomération,Hors intersection,Pluie forte,Deux véhicules - côté,2,1,4,0,2,1,2,0,1,-1,2,2,1,0,1,0,49.0,32.0,deux_roues,voiture,5,2,1,3,3
202000045710,2020-12-03 12:30:00,2020,12,3,12,30,71,71336,34 Route de Colombey,46.7280049,4.9500584,Plein jour,En agglomération,Hors intersection,Pluie légère,Autre collision,4,2,2,0,1,1,2,0,1,50,1,2,1,0,1,0,66.0,,voiture,,1,2,1,2,6
202000045711,2020-12-02 15:10:00,2020,12,2,15,10,22,22312,Le Pont de Rance,48.32619,-2.067366,Plein jour,Hors agglomération,Hors intersection,Normale,Autre collision,3,2,2,0,1,1,1,2,1,90,1,1,0,0,0,1,54.0,,deux_roues,,1,1,1,1,6
202000045712,2020-11-30 08:45:00,2020,11,30,8,45,22,22185,les vallées,48.375067,-2.360344,Crépuscule ou aube,Hors agglomération,Giratoire,Brouillard / fumée,Deux véhicules - arrière,2,1,1,0,3,3,2,3,1,70,2,2,1,0,0,1,47.0,41.0,voiture,voiture,2,1,6,5,2
202000045713,2020-12-04 11:00:00,2020,12,4,11,0,56,56036,Lieu-Dit Kerihuet Nord,47.79372,-3.3102,Plein jour,Hors agglomération,Hors intersection,Normale,Deux véhicules - côté,2,1,1,0,2,1,1,3,1,80,2,2,1,1,0,0,57.0,70.0,voiture,deux_roues,1,1,1,1,3
202000045714,2020-12-04 13:50:00,2020,12,4,13,50,82,82123,Route de Claou,43.909397,1.306779,Plein jour,Hors agglomération,Intersection en T,Normale,Autre collision,4,2,2,0,4,1,1,0,3,80,1,1,0,0,1,0,48.0,,deux_roues,,1,1,3,1,6
202000045715,2020-12-02 17:20:00,2020,12,2,17,20,63,63132,D996,45.597814,3.581205,Nuit sans éclairage public,Hors agglomération,Hors intersection,Brouillard / fumée,Sans collision,3,2,2,0,2,1,5,0,3,80,1,1,0,0,1,0,79.0,,voiture,,3,1,1,5,7
202000045716,2020-12-03 06:15:00,2020,12,3,6,15,49,49170,D770,47.674794,-0.520906,Nuit sans éclairage public,Hors agglomération,Hors intersection,Normale,Autre collision,3,2,2,0,2,1,2,5,3,90,1,1,0,0,1,0,55.0,,voiture,,3,1,1,1,6
202000045717,2020-12-03 19:05:00,2020,12,3,19,5,49,49218,Avenue de Bon Air (Saint-Pierre-Montlimart),47.263861,-1.032822,Nuit avec éclairage allumé,En agglomération,Intersection en T,Pluie forte,Deux véhicules - côté,3,2,2,0,1,1,2,0,1,50,2,3,2,0,1,0,26.0,51.0,deux_roues,voiture,5,2,3,3,3
202000045718,2020-12-01 14:40:00,2020,12,1,14,40,22,22211,D11 kerauzern,48.655738,-3.444514,Plein jour,Hors agglomération,Intersection en X,Normale,Sans collision,3,2,2,0,1,1,1,0,1,80,1,1,0,0,1,0,63.0,,deux_roues,,1,1,2,1,7
202000045719,2020-12-04 17:30:00,2020,12,4,17,30,39,39422,D1083,46.72633,5.557617,Nuit sans éclairage public,Hors agglomération,Hors intersection,Pluie légère,Deux véhicules - arrière,3,3,4,0,2,1,2,0,1,110,2,2,1,0,1,0,53.0,52.0,voiture,deux_roues,3,1,1,2,2
202000045720,2020-12-04 07:45:00,2020,12,4,7,45,44,44014,rue des prés,47.097601,-1.488181,Nuit avec éclairage allumé,En agglomération,Hors intersection,Pluie légère,Autre collision,4,2,2,0,1,1,2,0,1,50,1,2,1,0,0,1,30.0,,voiture,,5,2,1,2,6
202000045721,2020-12-04 13:15:00,2020,12,4,13,15,44,44014,Rue du Moulin,47.097116,-1.493014,Plein jour,En agglomération,Hors intersection,Normale,Autre collision,3,2,2,0,1,1,1,9,8,30,1,2,1,0,1,0,17.0,,deux_roues,,1,2,1,1,6
202000045722,2020-12-03 08:25:00,2020,12,3,8,25,29,29160,D59 - Avenue Waltenhoffen,48.499175,-4.430891,Crépuscule ou aube,En agglomération,Hors intersection,Pluie forte,Autre collision,3,2,2,0,1,1,2,0,1,50,1,2,1,0,0,1,37.0,,voiture,,2,2,1,3,6
202000045723,2020-12-03 18:45:00,2020,12,3,18,45,03,03275,Route de la Folie,46.5379931,3.1977182,Nuit avec éclairage allumé,En agglomération,Intersection en X,Normale,Autre collision,3,2,2,0,2,1,2,0,1,50,1,1,0,0,1,0,,,,,5,2,2,1,6
202000045724,2020-12-03 18:00:00,2020,12,3,18,0,72,72132,Avenue Pierre Brulé,48.180572,0.661559,Nuit avec éclairage allumé,En agglomération,Hors intersection,Pluie forte,Autre collision,3,2,2,0,1,1,2,0,1,-1,1,3,2,0,1,0,67.0,,voiture,,5,2,1,3,6
202000045725,2020-12-04 07:00:00,2020,12,4,7,0,14,14172,Route d'Escures,49.327723,-0.757627,Nuit sans éclairage public,Hors agglomération,Hors intersection,Pluie légère,Autre collision,3,2,2,0,1,2,2,0,8,70,1,1,0,0,1,0,22.0,,voiture,,3,1,1,2,6
202000045726,2020-12-02 18:25:00,2020,12,2,18,25,14,14610,rue des trois hameaux,49.180651,-0.495619,Nuit avec éclairage allumé,Hors agglomération,Hors intersection,Normale,Deux véhicules - frontale,4,2,2,0,1,1,1,0,1,80,2,3,1,0,2,0,30.0,52.0,voiture,voiture,5,1,1,1,1
202000045727,2020-12-04 17:15:00,2020,12,4,17,15,53,53064,D5,48.339426,-0.740371,Nuit sans éclairage public,Hors agglomération,Autre intersection,Pluie légère,Deux véhicules - frontale,3,2,2,0,1,1,2,0,1,80,2,4,3,0,1,0,16.0,38.0,utilitaire_camion,voiture,3,1,9,2,1
202000045728,2020-11-30 07:45:00,2020,11,30,7,45,40,40233,Route de Labatut,43.578487,-1.008368,Crépuscule ou aube,Hors agglomération,Intersection en T,Normale,Deux véhicules - côté,3,-1,2,0,4,1,1,0,1,80,2,2,1,0,1,0,27.0,44.0,deux_roues,utilitaire_camion,2,1,3,1,3
202000045729,2020-12-04 01:00:00,2020,12,4,1,0,27,27395,Route de l'Aigle,48.90678,0.51943,Nuit sans éclairage public,Hors agglomération,Hors intersection,Vent fort / tempête,Sans collision,3,2,2,0,1,1,2,0,1,80,1,1,0,0,1,0,26.0,,voiture,,3,1,1,6,7
202000045730,2020-12-04 11:30:00,2020,12,4,11,30,17,17140,Route des Huîtres,45.932406,-1.252166,Plein jour,Hors agglomération,Hors intersection,Pluie forte,Deux véhicules - frontale,4,2,2,0,1,1,2,0,1,80,2,2,1,0,1,0,30.0,20.0,voiture,deux_roues,1,1,1,3,1