accident_id,datetime,annee,mois,jour,heure,minute,departement,commune_insee,adresse,latitude,longitude,luminosite,agglomeration,intersection,meteo,collision,catr,circ,nbv,vosp,prof,plan,surf,infra,situ,vma,nb_vehicules,nb_usagers,nb_indemnes,nb_tues,nb_blesses_hosp,nb_blesses_legers,age_cond_1,age_cond_2,veh_type_cond_1,veh_type_cond_2,lum_code,agg_code,int_code,atm_code,col_code
202000045731,2020-12-03 10:45:00,2020,12,3,10,45,37,37050,12 Avenue des Platanes,47.3393504,0.7152009,Plein jour,En agglomération,Hors intersection,Pluie légère,Autre collision,4,1,1,0,1,1,2,0,1,50,1,2,1,0,1,0,80.0,,voiture,,1,2,1,2,6
202000045732,2020-12-03 16:25:00,2020,12,3,16,25,30,30303,D51,44.247778,4.214882,Plein jour,Hors agglomération,Intersection en Y,Normale,Deux véhicules - côté,3,2,2,0,1,1,1,0,1,70,2,3,2,0,1,0,19.0,45.0,voiture,voiture,1,1,4,1,3
202000045733,2020-12-04 13:25:00,2020,12,4,13,25,52,52194,RD213 - Bois mont Gérard,48.565135,5.015452,Plein jour,Hors agglomération,Hors intersection,Normale,Deux véhicules - frontale,3,2,2,0,3,1,1,0,1,80,2,4,0,0,1,3,23.0,26.0,voiture,voiture,1,1,1,1,1
202000045734,2020-11-30 17:35:00,2020,11,30,17,35,52,52058,D200,48.190438,5.14143,Crépuscule ou aube,Hors agglomération,Hors intersection,Normale,Deux véhicules - arrière,3,2,2,0,1,1,1,0,1,90,2,2,1,0,0,1,16.0,24.0,voiture,voiture,2,1,1,1,2
202000045735,2020-12-04 09:40:00,2020,12,4,9,40,08,08198,RD 946,49.339519,4.84848,Plein jour,Hors agglomération,Hors intersection,Autre,Autre collision,3,2,2,0,1,3,1,0,8,80,1,1,0,0,1,0,42.0,,voiture,,1,1,1,9,6
202000045736,2020-12-03 15:30:00,2020,12,3,15,30,88,88319,D259,48.394099,6.858044,Plein jour,Hors agglomération,Intersection en T,Normale,Deux véhicules - côté,3,3,2,0,2,1,1,5,1,80,2,3,1,0,1,1,33.0,50.0,voiture,voiture,1,1,3,1,3
202000045737,2020-12-03 20:30:00,2020,12,3,20,30,67,67388,D28,48.9421133,7.6955932,Nuit sans éclairage public,Hors agglomération,Hors intersection,Normale,Sans collision,3,2,2,0,2,2,1,0,3,80,1,1,0,0,1,0,39.0,,voiture,,3,1,1,1,7
202000045738,2020-12-03 21:00:00,2020,12,3,21,0,973,97307,RN 2,4.856739,-52.334211,Nuit sans éclairage public,Hors agglomération,Hors intersection,Normale,Trois véhicules et plus - collisions multiples,2,2,2,0,4,3,1,0,1,50,3,4,2,0,1,1,26.0,56.0,voiture,voiture,3,1,1,1,5
202000045739,2020-12-03 17:15:00,2020,12,3,17,15,37,37015,,47.3603098,0.859659,Plein jour,Hors agglomération,Hors intersection,Pluie légère,Sans collision,3,2,2,0,1,1,2,0,3,80,1,4,0,0,0,4,28.0,,utilitaire_camion,,1,1,1,2,7
202000045740,2020-11-30 23:30:00,2020,11,30,23,30,06,06088,A8 PK 194+500 SUD,43.724429,7.229422,Nuit avec éclairage allumé,Hors agglomération,Hors intersection,Pluie légère,Sans collision,1,4,1,0,2,2,2,8,6,50,1,1,0,0,1,0,41.0,,deux_roues,,5,1,1,2,7
202000045741,2020-12-03 17:39:00,2020,12,3,17,39,34,34270,Gare de péage de St Jean de Vedas ( Nord) - A709,43.562166,3.829947,Nuit avec éclairage allumé,Hors agglomération,Autre intersection,Normale,Autre collision,1,1,5,0,1,1,1,9,8,30,1,1,0,0,1,0,62.0,,utilitaire_camion,,5,1,9,1,6
202000045742,2020-12-04 20:45:00,2020,12,4,20,45,988,98817,RP1/RUE DES LIBELLULES,-22.271862,166.619564,Nuit sans éclairage public,En agglomération,Intersection en T,Normale,Autre collision,3,2,2,0,1,1,1,0,1,50,1,2,1,0,0,1,20.0,,voiture,,3,2,3,1,6
202000045743,2020-09-12 00:30:00,2020,9,12,0,30,988,98817,RPS2 ROUTE DE LA CORNICHE,-22.27572,166.57276,Nuit sans éclairage public,En agglomération,Hors intersection,Normale,Autre collision,3,2,2,0,1,1,1,0,3,50,1,4,3,0,0,1,20.0,,voiture,,3,2,1,1,6
202000045744,2020-12-02 18:00:00,2020,12,2,18,0,988,98821,Route du COL DE LA PIROGUE,-22.091172,166.320211,Plein jour,Hors agglomération,Hors intersection,Normale,Autre collision,2,2,3,0,2,4,1,0,3,90,1,3,1,0,1,1,21.0,,voiture,,1,1,1,1,6
202000045745,2020-12-03 09:00:00,2020,12,3,9,0,78,78206,Route Departementale 113,48.94029,1.936598,Crépuscule ou aube,Hors agglomération,Hors intersection,Temps couvert,Deux véhicules - côté,3,2,3,0,2,1,2,0,1,80,2,2,1,0,1,0,37.0,27.0,voiture,deux_roues,2,1,1,8,3
202000045746,2020-12-02 18:20:00,2020,12,2,18,20,34,34324,Boulevard Roger Audoux,43.248736,3.287792,Nuit avec éclairage allumé,En agglomération,Hors intersection,Normale,Autre collision,4,2,1,0,1,1,1,0,8,-1,1,2,1,0,1,0,67.0,,voiture,,5,2,1,1,6
202000045747,2020-12-04 17:15:00,2020,12,4,17,15,06,06157,79 Avenue des Poilus,43.723754,7.10868,Nuit avec éclairage allumé,En agglomération,Hors intersection,Pluie légère,Autre collision,7,1,1,0,1,1,2,0,4,30,1,2,1,0,0,1,77.0,,voiture,,5,2,1,2,6
202000045748,2020-11-24 15:40:00,2020,11,24,15,40,26,26085,539 Chemin du Bros,44.513263,4.744527,Plein jour,Hors agglomération,Hors intersection,Normale,Deux véhicules - arrière,2,2,2,0,1,1,1,0,1,80,2,2,1,0,0,1,49.0,43.0,deux_roues,utilitaire_camion,1,1,1,1,2
202000045749,2020-12-04 17:35:00,2020,12,4,17,35,69,69154,308 Route de Grezieu,45.756798,4.672323,Nuit sans éclairage public,En agglomération,Hors intersection,Pluie légère,Deux véhicules - frontale,3,2,2,0,2,2,2,0,1,70,2,2,0,0,2,0,28.0,48.0,voiture,voiture,3,2,1,2,1
202000045750,2020-12-04 08:30:00,2020,12,4,8,30,29,29001,Voie Communale 49,48.218697,-4.321361,Crépuscule ou aube,Hors agglomération,Hors intersection,Neige / grêle,Deux véhicules - frontale,4,2,2,0,2,3,5,0,1,80,2,9,0,0,0,9,38.0,58.0,utilitaire_camion,utilitaire_camion,2,1,1,4,1
202000045751,2020-11-28 12:00:00,2020,11,28,12,0,29,29066,Ancienne Voie Ferrée,48.0432452,-4.1880534,Plein jour,Hors agglomération,Hors intersection,Normale,Deux véhicules - arrière,9,2,1,3,1,1,1,9,6,-1,2,2,1,0,1,0,68.0,77.0,deux_roues,deux_roues,1,1,1,1,2
202000045752,2020-12-04 08:39:00,2020,12,4,8,39,35,35152,La Gaucheraie,48.232849,-1.531305,Crépuscule ou aube,Hors agglomération,Intersection en T,Autre,Deux véhicules - côté,3,2,2,0,1,3,2,0,1,80,2,2,1,1,0,0,78.0,51.0,voiture,transport_commun,2,1,3,9,3
202000045753,2020-12-04 08:30:00,2020,12,4,8,30,60,60016,D929,49.3444081,2.3428579,Crépuscule ou aube,Hors agglomération,Hors intersection,Normale,Sans collision,3,2,2,0,1,1,2,0,3,80,1,1,0,0,0,1,24.0,,voiture,,2,1,1,1,7
202000045754,2020-12-04 07:06:00,2020,12,4,7,6,60,60628,N31,49.422364,2.152247,Nuit sans éclairage public,Hors agglomération,Hors intersection,Temps couvert,Trois véhicules et plus - en chaîne,2,3,4,0,1,1,2,0,1,-1,3,6,5,0,1,0,38.0,31.0,voiture,voiture,3,1,1,8,4
202000045755,2020-12-04 07:40:00,2020,12,4,7,40,02,02020,D1043,49.864045,4.235557,Nuit sans éclairage public,Hors agglomération,Hors intersection,Temps couvert,Autre collision,3,2,2,0,1,1,2,0,1,80,1,2,1,1,0,0,57.0,,utilitaire_camion,,3,1,1,8,6
202000045756,2020-11-30 15:00:00,2020,11,30,15,0,59,59379,Rue de l'Egalite,50.303376,3.241535,Plein jour,Hors agglomération,Hors intersection,Normale,Sans collision,3,2,2,0,1,3,1,0,3,80,1,1,0,0,1,0,34.0,,voiture,,1,1,1,1,7
202000045757,2020-12-02 17:00:00,2020,12,2,17,0,13,13015,A515CD-Gardanne vers A51-Marseille,43.42887,5.40064,Nuit sans éclairage public,Hors agglomération,Hors intersection,Normale,Trois véhicules et plus - en chaîne,1,-1,2,0,1,1,1,0,1,90,5,5,3,0,0,2,55.0,48.0,voiture,utilitaire_camion,3,1,1,1,4
202000045758,2020-12-02 17:30:00,2020,12,2,17,30,13,13026,A55-Sens Martigues vers Marseille,43.4001,5.0996,Nuit sans éclairage public,Hors agglomération,Hors intersection,Normale,Deux véhicules - arrière,1,1,2,0,1,1,1,0,1,90,2,3,2,0,0,1,35.0,27.0,voiture,voiture,3,1,1,1,2
202000045759,2020-12-03 08:35:00,2020,12,3,8,35,83,83027,A50,43.1732899,5.7700321,Plein jour,Hors agglomération,Hors intersection,Normale,Trois véhicules et plus - en chaîne,1,3,6,0,1,1,1,0,1,130,3,2,1,0,0,1,32.0,30.0,voiture,utilitaire_camion,1,1,1,1,4
202000045760,2020-12-03 17:35:00,2020,12,3,17,35,33,33063,ROCADE A 630,44.88339,-0.55559,Nuit avec éclairage non allumé,Hors agglomération,Hors intersection,Pluie forte,Sans collision,1,3,6,0,1,1,4,0,1,90,1,1,0,0,0,1,25.0,,deux_roues,,4,1,1,3,7
202000045761,2020-12-03 15:15:00,2020,12,3,15,15,94,94037,AUTOROUTE A6B,48.8035695,2.3439041,Plein jour,Hors agglomération,Hors intersection,Normale,Trois véhicules et plus - en chaîne,1,3,2,0,1,3,1,1,1,70,3,3,2,0,0,1,40.0,26.0,voiture,voiture,1,1,1,1,4
202000045762,2020-12-03 12:30:00,2020,12,3,12,30,77,77251,AUTOROUTE A5A,48.62047,2.5483,Plein jour,Hors agglomération,Hors intersection,Pluie légère,Trois véhicules et plus - collisions multiples,1,2,6,0,1,1,2,0,1,110,4,4,3,0,0,1,24.0,63.0,voiture,voiture,1,1,1,2,5
202000045763,2020-12-03 09:10:00,2020,12,3,9,10,91,91161,AUTOROUTE A6,48.69799,2.31438,Plein jour,Hors agglomération,Hors intersection,Normale,Deux véhicules - côté,1,1,6,0,1,1,2,0,1,110,2,2,1,0,0,1,61.0,30.0,deux_roues,voiture,1,1,1,1,3
202000045764,2020-12-03 08:00:00,2020,12,3,8,0,78,78043,A13W,48.846599,2.080759,Crépuscule ou aube,Hors agglomération,Hors intersection,Pluie légère,Deux véhicules - arrière,1,3,4,0,1,1,2,0,1,110,2,2,1,0,0,1,24.0,49.0,voiture,voiture,2,1,1,2,2
202000045765,2020-12-03 07:00:00,2020,12,3,7,0,78,78007,A13W,48.897079,2.006319,Crépuscule ou aube,Hors agglomération,Hors intersection,Normale,Deux véhicules - arrière,1,3,4,0,2,1,2,0,1,110,2,2,1,0,0,1,24.0,41.0,voiture,voiture,2,1,1,1,2
202000045766,2020-12-03 17:50:00,2020,12,3,17,50,93,93064,AUTOROUTE A86,48.87337,2.48,Nuit sans éclairage public,Hors agglomération,Hors intersection,Pluie légère,Deux véhicules - arrière,1,3,6,0,1,3,2,0,1,90,2,2,1,0,0,1,49.0,42.0,deux_roues,utilitaire_camion,3,1,1,2,2
202000045767,2020-12-03 18:40:00,2020,12,3,18,40,93,93066,AUTOROUTE A1,48.91987,2.35726,Nuit avec éclairage allumé,Hors agglomération,Hors intersection,Pluie légère,Trois véhicules et plus - collisions multiples,1,3,4,0,1,1,2,1,1,90,3,3,2,0,1,0,79.0,44.0,voiture,voiture,5,1,1,2,5
202000045768,2020-12-03 18:00:00,2020,12,3,18,0,93,93066,AUTOROUTE A1,48.9162604,2.357805,Nuit sans éclairage public,Hors agglomération,Hors intersection,Normale,Deux véhicules - arrière,1,3,4,0,1,1,2,1,1,90,2,1,0,0,0,1,40.0,,deux_roues,,3,1,1,1,2
202000045769,2020-12-03 08:00:00,2020,12,3,8,0,93,93064,AUTOROUTE A103,48.88591,2.48631,Nuit sans éclairage public,Hors agglomération,Hors intersection,Pluie légère,Autre collision,1,3,4,0,1,1,2,0,1,70,1,2,1,0,1,0,33.0,,voiture,,3,1,1,2,6
202000045770,2020-12-03 09:20:00,2020,12,3,9,20,94,94052,A86 INT,48.8343892,2.4932069,Plein jour,Hors agglomération,Hors intersection,Pluie légère,Sans collision,1,1,2,0,1,1,2,1,1,90,1,1,0,0,0,1,23.0,,utilitaire_camion,,1,1,1,2,7
202000045771,2020-12-03 08:20:00,2020,12,3,8,20,94,94079,A4,48.8294536,2.5282723,Plein jour,Hors agglomération,Hors intersection,Pluie légère,Autre collision,1,3,4,0,1,1,2,0,1,110,1,1,0,0,0,1,55.0,,deux_roues,,1,1,1,2,6
202000045772,2020-12-02 20:00:00,2020,12,2,20,0,93,93051,A4,48.8352563,2.5706879,Nuit sans éclairage public,Hors agglomération,Autre intersection,Normale,Deux véhicules - côté,1,-1,3,0,1,1,1,0,1,110,2,2,1,0,0,1,29.0,30.0,voiture,deux_roues,3,1,9,1,3
202000045773,2020-11-14 19:37:00,2020,11,14,19,37,59,59183,HUGO VICTOR - BOULEVARD,51.0280343,2.381347,Nuit avec éclairage allumé,En agglomération,Intersection en T,Normale,Autre collision,4,2,2,0,1,1,1,0,1,50,1,3,2,1,0,0,40.0,,voiture,,5,2,3,1,6
202000045774,2020-09-15 19:00:00,2020,9,15,19,0,13,13108,MARGUARIDO (AVENUE),43.80671,4.66408,Plein jour,En agglomération,Hors intersection,Normale,Deux véhicules - arrière,3,2,-1,0,1,1,1,0,1,50,2,2,1,0,1,0,46.0,61.0,deux_roues,voiture,1,2,1,1,2
202000045775,2020-07-02 22:40:00,2020,7,2,22,40,95,95199,9 Rue de Bretagne,49.0299442,2.325663,Nuit sans éclairage public,Hors agglomération,Hors intersection,Normale,Sans collision,4,-1,2,0,1,3,9,0,3,-1,1,2,0,0,0,2,22.0,,deux_roues,,3,1,1,1,7
202000045776,2020-12-02 19:15:00,2020,12,2,19,15,974,97411,PAYET (RUE ROGER),-20.89301,55.48728,Nuit avec éclairage allumé,En agglomération,Intersection en T,Normale,Deux véhicules - arrière,4,1,1,0,1,1,1,0,1,30,2,2,1,0,0,1,66.0,26.0,deux_roues,voiture,5,2,3,1,2
202000045777,2020-12-02 10:20:00,2020,12,2,10,20,973,97302,MADELEINE (ROUTE DE LA),4.9301992,-52.3260784,Plein jour,En agglomération,Hors intersection,Normale,Deux véhicules - côté,3,2,1,0,1,1,1,0,1,50,2,2,0,0,0,2,25.0,,deux_roues,,1,2,1,1,3
202000045778,2020-11-18 19:30:00,2020,11,18,19,30,69,69388,MARYSE BASTIE                       (R ),45.73714,4.87384,Nuit avec éclairage allumé,En agglomération,Hors intersection,Normale,Sans collision,4,1,1,0,1,1,1,0,1,50,1,1,0,0,0,1,23.0,,deux_roues,,5,2,1,1,7
202000045779,2020-12-02 17:00:00,2020,12,2,17,0,972,97213,AUTOROUTE A1,14.6185609,-61.0251142,Plein jour,Hors agglomération,Hors intersection,Normale,Deux véhicules - arrière,1,1,4,3,1,1,1,0,1,90,2,5,4,0,0,1,49.0,50.0,voiture,utilitaire_camion,1,1,1,1,2
202000045780,2020-12-01 20:05:00,2020,12,1,20,5,972,97209,BISHOP (Avenue Maurice),14.61239,-61.05317,Nuit avec éclairage allumé,En agglomération,Giratoire,Normale,Deux véhicules - côté,4,3,6,0,1,2,1,5,1,30,2,3,2,1,0,0,20.0,56.0,deux_roues,voiture,5,2,6,1,3
202000045781,2020-12-01 19:12:00,2020,12,1,19,12,972,97209,BALATA (ROUTE DE),14.63546,-61.07209,Crépuscule ou aube,Hors agglomération,Hors intersection,Normale,Autre collision,2,2,2,0,2,2,1,0,1,50,1,2,1,0,0,1,49.0,,voiture,,2,1,1,1,6
202000045782,2020-12-02 18:35:00,2020,12,2,18,35,69,69389,DUMAS DE LOIRE                      (PL),45.77308,4.8054,Nuit avec éclairage allumé,En agglomération,Hors intersection,Normale,Autre collision,4,2,2,3,1,1,1,9,6,50,1,2,1,0,0,1,19.0,,deux_roues,,5,2,1,1,6
202000045783,2020-12-02 07:40:00,2020,12,2,7,40,69,69149,GRANDE RUE                          (GR),45.72102,4.81122,Nuit avec éclairage allumé,En agglomération,Hors intersection,Temps couvert,Autre collision,3,3,4,0,2,1,1,0,1,50,1,2,1,0,0,1,31.0,,voiture,,5,2,1,8,6
202000045784,2020-12-02 19:10:00,2020,12,2,19,10,2A,2A004,MEZZAVIA ROUTE DE,41.9482638,8.7654215,Nuit avec éclairage allumé,En agglomération,Hors intersection,Pluie forte,Deux véhicules - côté,2,2,2,0,1,1,2,0,1,50,2,2,0,0,0,2,30.0,36.0,deux_roues,voiture,5,2,1,3,3
202000045785,2020-12-21 15:45:00,2020,12,21,15,45,2A,2A004,PRINCE IMPERIAL COURS,41.9341993,8.7455367,Nuit avec éclairage allumé,En agglomération,Autre intersection,Pluie légère,Deux véhicules - côté,2,1,3,0,1,1,2,0,1,50,2,2,1,0,0,1,44.0,64.0,deux_roues,voiture,5,2,9,2,3
202000045786,2020-11-03 17:25:00,2020,11,3,17,25,95,95680,RD 970,49.01481,2.40979,Plein jour,Hors agglomération,Giratoire,Pluie légère,Sans collision,3,-1,0,0,1,1,2,0,1,80,1,2,1,0,1,0,31.0,,utilitaire_camion,,1,1,6,2,7
202000045787,2020-12-01 15:25:00,2020,12,1,15,25,91,91021,Avenue de la Division Leclerc,48.59677,2.24592,Plein jour,En agglomération,Hors intersection,Normale,Deux véhicules - frontale,3,2,2,0,1,1,1,0,1,50,2,3,2,0,0,1,40.0,58.0,voiture,voiture,1,2,1,1,1
202000045788,2020-12-01 19:00:00,2020,12,1,19,0,91,91201,RUE DU BAS DE CHAMPROSAY,48.66271,2.41762,Nuit avec éclairage non allumé,En agglomération,Intersection en X,Normale,Deux véhicules - côté,3,2,2,0,2,1,1,0,1,50,2,2,1,0,0,1,24.0,43.0,voiture,autre,4,2,2,1,3
202000045789,2020-11-23 15:40:00,2020,11,23,15,40,88,88413,AVENUE JEAN JAURES,48.28149,6.95855,Plein jour,En agglomération,Hors intersection,Normale,Autre collision,4,2,2,0,1,1,1,0,8,50,1,2,1,0,0,1,71.0,,autre,,1,2,1,1,6
202000045790,2020-12-02 08:00:00,2020,12,2,8,0,83,83137,INFANTERIE DE MARINE (AVE D'),43.1173781,5.9355864,Plein jour,En agglomération,Hors intersection,Normale,Sans collision,4,1,1,0,1,3,1,0,1,30,1,2,1,0,1,0,56.0,,utilitaire_camion,,1,2,1,1,7
202000045791,2020-12-02 08:35:00,2020,12,2,8,35,83,83144,SAINTE CLAIRE (AVENUE),43.13605,6.00523,Plein jour,En agglomération,Hors intersection,Normale,,3,1,4,0,2,1,1,0,1,50,2,2,1,0,0,1,24.0,53.0,utilitaire_camion,deux_roues,1,2,1,1,-1
202000045792,2020-12-01 14:50:00,2020,12,1,14,50,80,80021,JEAN MOULIN (RUE),49.87842,2.27242,Plein jour,En agglomération,Hors intersection,Normale,,3,2,3,0,1,1,1,0,1,50,2,3,2,0,0,1,20.0,57.0,voiture,voiture,1,2,1,1,-1
202000045793,2020-12-01 07:00:00,2020,12,1,7,0,76,76270,RD 6382,49.53077,0.13351,Nuit sans éclairage public,Hors agglomération,Hors intersection,Normale,Deux véhicules - arrière,3,3,4,0,2,1,2,0,1,90,2,2,0,1,0,1,50.0,34.0,voiture,voiture,3,1,1,1,2
202000045794,2020-12-01 09:45:00,2020,12,1,9,45,74,74133,LIBERATION (RUE DE LA),46.18591,6.20738,Plein jour,En agglomération,Autre intersection,Temps couvert,Deux véhicules - arrière,4,2,2,0,1,1,2,0,1,50,2,2,1,0,0,1,24.0,28.0,deux_roues,voiture,1,2,9,8,2
202000045795,2020-11-30 18:05:00,2020,11,30,18,5,74,74012,THONON (ROUTE DE),46.1975,6.2672,Nuit avec éclairage allumé,Hors agglomération,Intersection en T,Normale,Deux véhicules - côté,3,-1,2,0,1,1,1,0,1,70,2,2,1,0,0,1,52.0,58.0,deux_roues,voiture,5,1,3,1,3
202000045796,2020-12-02 16:13:00,2020,12,2,16,13,69,69290,GENAS (DE)                          (CH),45.7169,4.96404,Plein jour,En agglomération,Autre intersection,Temps couvert,Deux véhicules - côté,4,2,2,0,1,1,1,9,1,50,2,2,1,0,0,1,26.0,30.0,deux_roues,voiture,1,2,9,8,3
202000045797,2020-12-01 17:30:00,2020,12,1,17,30,69,69264,BURDEAU BD,45.99805,4.73508,Nuit avec éclairage allumé,En agglomération,Hors intersection,Pluie légère,Trois véhicules et plus - en chaîne,3,2,4,0,1,1,2,0,1,50,3,4,2,0,0,2,19.0,38.0,voiture,voiture,5,2,1,2,4
202000045798,2020-12-02 21:14:00,2020,12,2,21,14,64,64445,TOURASSE,43.3112911,-0.3564334,Nuit avec éclairage allumé,En agglomération,Intersection en X,Normale,Deux véhicules - côté,4,2,3,0,1,1,1,0,1,50,2,2,1,0,0,1,22.0,22.0,voiture,voiture,5,2,2,1,3
202000045799,2020-11-25 18:40:00,2020,11,25,18,40,63,63014,LANDAIS (AVENUE DES),45.76414,3.11199,Nuit avec éclairage allumé,En agglomération,Hors intersection,Normale,Autre collision,7,3,5,0,1,1,1,0,1,70,1,2,1,0,1,0,54.0,,voiture,,5,2,1,1,6
202000045800,2020-12-02 08:25:00,2020,12,2,8,25,62,62083,HOUDAIN (RUE D')  OU CD 179,50.4606,2.61243,Plein jour,En agglomération,Hors intersection,Normale,Autre collision,4,-1,-1,-1,1,1,1,0,1,-1,1,2,1,0,0,1,50.0,,voiture,,1,2,1,1,6
202000045801,2020-12-02 19:25:00,2020,12,2,19,25,62,62445,route départementale 941,50.492269,2.604876,Nuit sans éclairage public,Hors agglomération,Hors intersection,Normale,Deux véhicules - frontale,3,2,2,0,1,1,1,0,1,80,2,2,0,1,1,0,50.0,37.0,voiture,voiture,3,1,1,1,1
202000045802,2020-12-02 15:25:00,2020,12,2,15,25,59,59378,DUCROQUET RUE DU DOC. N°24-170,50.678413,3.090703,Plein jour,En agglomération,Intersection en X,Pluie légère,Deux véhicules - côté,4,2,2,0,1,1,2,0,1,50,2,2,1,0,0,1,66.0,33.0,deux_roues,utilitaire_camion,1,2,2,2,3
202000045803,2020-12-01 17:50:00,2020,12,1,17,50,59,59028,GAULLE (RUE DU GENERAL DE),50.41327,3.05233,Nuit avec éclairage allumé,En agglomération,Giratoire,Temps couvert,Deux véhicules - côté,3,2,2,0,1,1,2,0,1,50,2,2,1,0,0,1,68.0,13.0,voiture,deux_roues,5,2,6,8,3
202000045804,2020-12-02 07:50:00,2020,12,2,7,50,59,59017,FAIDHERBE (BD ),50.68468,2.86959,Nuit avec éclairage allumé,En agglomération,Hors intersection,Autre,Autre collision,7,-1,2,0,1,1,2,0,1,50,1,2,1,0,0,1,49.0,,voiture,,5,2,1,9,6
202000045805,2020-12-02 08:24:00,2020,12,2,8,24,57,57306,TOURNEUR (RUE) ,49.32853,6.064,Plein jour,En agglomération,Hors intersection,Normale,Autre collision,3,2,2,0,1,1,2,0,1,50,1,2,1,0,0,1,23.0,,voiture,,1,2,1,1,6
202000045806,2020-12-01 11:56:00,2020,12,1,11,56,56,56162,FORT BLOQUE (RUE DU),47.73689,-3.4367,Plein jour,En agglomération,Giratoire,Normale,Autre collision,3,2,2,0,4,1,1,5,3,50,1,1,0,0,0,1,67.0,,voiture,,1,2,6,1,6
202000045807,2020-11-13 16:18:00,2020,11,13,16,18,54,54174,15EME GENIE (AVENUE),48.67988,5.87167,Plein jour,En agglomération,Intersection en T,Normale,,3,2,3,-1,1,1,1,0,1,50,2,2,1,0,0,1,24.0,68.0,voiture,deux_roues,1,2,3,1,-1
202000045808,2020-11-17 18:05:00,2020,11,17,18,5,54,54528,PINTEVILLE (BOULEVARD),48.67203,5.88519,Nuit avec éclairage allumé,En agglomération,Intersection en T,Normale,Deux véhicules - côté,3,2,2,0,1,1,1,0,1,50,2,2,1,0,0,1,51.0,28.0,voiture,deux_roues,5,2,3,1,3
202000045809,2020-09-23 14:50:00,2020,9,23,14,50,59,59626,Chemin Departemental 934 les Quatre Vents,50.291423,3.629394,Plein jour,Hors agglomération,Hors intersection,Temps couvert,Deux véhicules - frontale,3,2,2,0,1,1,1,0,1,80,2,2,0,1,0,1,34.0,19.0,utilitaire_camion,voiture,1,1,1,8,1
202000045810,2020-09-23 05:20:00,2020,9,23,5,20,59,59250,Rue Thiers,50.584122,2.884512,Nuit avec éclairage allumé,En agglomération,Intersection en T,Normale,Sans collision,7,2,2,0,1,1,1,0,4,50,1,1,0,0,0,1,40.0,,deux_roues,,5,2,3,1,7
202000045811,2020-09-22 17:10:00,2020,9,22,17,10,13,13088,A55-Sens Marseille vers Martigues,43.39149,5.26444,Plein jour,Hors agglomération,Hors intersection,Normale,Deux véhicules - arrière,1,1,2,0,1,1,1,0,1,110,2,2,1,0,0,1,45.0,21.0,voiture,voiture,1,1,1,1,2
202000045812,2020-09-22 13:05:00,2020,9,22,13,5,13,13056,A55-Sens Martigues vers Marseille,43.4076991,5.0358855,Plein jour,Hors agglomération,Hors intersection,Normale,Deux véhicules - côté,1,1,2,0,2,2,1,0,1,70,2,3,2,0,0,1,49.0,42.0,voiture,voiture,1,1,1,1,3
202000045813,2020-09-22 06:55:00,2020,9,22,6,55,83,83137,A57,43.1277682,5.9753394,Nuit sans éclairage public,Hors agglomération,Hors intersection,Pluie légère,Trois véhicules et plus - en chaîne,1,3,5,0,1,1,2,0,1,90,4,4,2,0,0,2,21.0,28.0,voiture,voiture,3,1,1,2,4
202000045814,2020-09-21 21:10:00,2020,9,21,21,10,57,57498,Autoroute A30,49.330949,6.011959,Nuit sans éclairage public,Hors agglomération,Hors intersection,Normale,Sans collision,1,3,4,0,3,1,1,2,3,110,1,1,0,0,1,0,33.0,,voiture,,3,1,1,1,7
202000045815,2020-09-22 16:55:00,2020,9,22,16,55,33,33013,ROUTE NATIONALE 230,44.8604,-0.50407,Plein jour,Hors agglomération,Hors intersection,Pluie forte,Deux véhicules - côté,2,3,6,0,1,1,2,0,1,90,2,2,1,0,0,1,23.0,38.0,utilitaire_camion,deux_roues,1,1,1,3,3
202000045816,2020-09-21 16:55:00,2020,9,21,16,55,33,33192,AUTOROUTE A 63,44.77784,-0.64488,Plein jour,Hors agglomération,Hors intersection,Normale,Sans collision,1,3,4,0,1,1,2,0,1,90,1,1,0,0,1,0,25.0,,deux_roues,,1,1,1,1,7
202000045817,2020-09-21 20:50:00,2020,9,21,20,50,59,59143,AUTOROUTE A25,50.663526,2.886874,Nuit avec éclairage non allumé,Hors agglomération,Hors intersection,Normale,Autre collision,1,3,1,0,1,2,1,0,1,70,1,1,0,0,0,1,31.0,,deux_roues,,4,1,1,1,6
202000045818,2020-09-22 16:11:00,2020,9,22,16,11,94,94037,AUTOROUTE A6B,48.8139086,2.3549439,Plein jour,Hors agglomération,Hors intersection,Normale,Deux véhicules - côté,1,3,4,0,1,1,1,1,1,70,2,2,1,0,0,1,34.0,31.0,voiture,deux_roues,1,1,1,1,3
202000045819,2020-09-22 07:40:00,2020,9,22,7,40,91,91687,AUTOROUTE A6,48.65686,2.37756,Plein jour,Hors agglomération,Hors intersection,Normale,Trois véhicules et plus - en chaîne,1,1,6,0,1,1,1,0,1,110,3,4,2,0,0,2,32.0,28.0,voiture,deux_roues,1,1,1,1,4
202000045820,2020-09-22 07:30:00,2020,9,22,7,30,91,91534,RN 118,48.72332,2.16758,Plein jour,Hors agglomération,Hors intersection,Normale,Trois véhicules et plus - en chaîne,2,3,4,0,1,1,1,0,1,90,3,3,2,0,0,1,56.0,43.0,voiture,voiture,1,1,1,1,4