accident_id,datetime,annee,mois,jour,heure,minute,departement,commune_insee,adresse,latitude,longitude,luminosite,agglomeration,intersection,meteo,collision,catr,circ,nbv,vosp,prof,plan,surf,infra,situ,vma,nb_vehicules,nb_usagers,nb_indemnes,nb_tues,nb_blesses_hosp,nb_blesses_legers,age_cond_1,age_cond_2,veh_type_cond_1,veh_type_cond_2,lum_code,agg_code,int_code,atm_code,col_code
202000045821,2020-09-21 18:08:00,2020,9,21,18,8,94,94034,AUTOROUTE A86,48.7597943,2.3218478,Plein jour,Hors agglomération,Hors intersection,Normale,Deux véhicules - arrière,1,3,4,0,1,1,1,0,1,70,2,2,1,0,0,1,35.0,47.0,voiture,deux_roues,1,1,1,1,2
202000045822,2020-09-21 19:47:00,2020,9,21,19,47,94,94034,AUTOROUTE A86,48.75897,2.32389,Plein jour,Hors agglomération,Hors intersection,Normale,Deux véhicules - côté,1,3,5,0,1,1,1,1,1,90,2,2,1,0,0,1,24.0,28.0,voiture,deux_roues,1,1,1,1,3
202000045823,2020-09-22 17:10:00,2020,9,22,17,10,75,75116,A13Y,48.8484485,2.2418386,Nuit sans éclairage public,Hors agglomération,Hors intersection,Normale,Trois véhicules et plus - en chaîne,1,1,3,0,1,1,1,1,1,70,3,4,3,0,0,1,59.0,35.0,voiture,voiture,3,1,1,1,4
202000045824,2020-09-22 20:00:00,2020,9,22,20,0,93,93078,AUTOROUTE A104,48.9726252,2.4940069,Nuit sans éclairage public,Hors agglomération,Autre intersection,Normale,Trois véhicules et plus - en chaîne,1,3,6,0,2,1,1,0,1,90,3,2,0,0,0,2,39.0,38.0,voiture,voiture,3,1,9,1,4
202000045825,2020-09-22 17:55:00,2020,9,22,17,55,95,95277, A3,48.97387,2.48839,Plein jour,Hors agglomération,Hors intersection,Normale,Trois véhicules et plus - collisions multiples,1,3,2,0,1,1,1,0,1,90,4,4,2,0,0,2,22.0,67.0,voiture,voiture,1,1,1,1,5
202000045826,2020-09-22 18:30:00,2020,9,22,18,30,93,93063,AUTOROUTE A3,48.873949,2.437663,Plein jour,Hors agglomération,Autre intersection,Normale,Deux véhicules - côté,1,3,1,0,1,1,1,0,1,50,2,3,1,0,0,2,39.0,28.0,voiture,voiture,1,1,9,1,3
202000045827,2020-09-22 17:25:00,2020,9,22,17,25,95,95394,RN 184,49.05175,2.15407,Plein jour,Hors agglomération,Hors intersection,Normale,Deux véhicules - côté,2,3,4,0,1,1,1,0,1,110,2,2,1,0,0,1,25.0,29.0,voiture,deux_roues,1,1,1,1,3
202000045828,2020-09-22 11:50:00,2020,9,22,11,50,93,93066,AUTOROUTE A86,48.92607,2.33783,Plein jour,Hors agglomération,Hors intersection,Normale,Autre collision,1,3,8,0,1,1,1,2,1,70,1,1,0,0,0,1,47.0,,utilitaire_camion,,1,1,1,1,6
202000045829,2020-09-22 09:40:00,2020,9,22,9,40,93,93001,AUTOROUTE A86,48.92106,2.37306,Plein jour,Hors agglomération,Hors intersection,Normale,Deux véhicules - côté,1,3,8,0,3,3,1,0,1,90,2,2,1,0,0,1,27.0,29.0,deux_roues,voiture,1,1,1,1,3
202000045830,2020-09-21 19:10:00,2020,9,21,19,10,93,93027,AUTOROUTE A1,48.93663,2.40803,Plein jour,Hors agglomération,Hors intersection,Normale,Deux véhicules - côté,1,3,10,0,2,1,1,0,1,90,2,2,1,0,0,1,64.0,30.0,deux_roues,voiture,1,1,1,1,3
202000045831,2020-09-21 18:10:00,2020,9,21,18,10,93,93053,AUTOROUTE A103,48.88699,2.47354,Plein jour,Hors agglomération,Hors intersection,Normale,Deux véhicules - côté,1,3,9,0,2,1,1,0,1,70,2,2,1,0,0,1,42.0,23.0,deux_roues,voiture,1,1,1,1,3
202000045832,2020-09-21 10:40:00,2020,9,21,10,40,95,95277, A104,48.97375,2.48666,Plein jour,Hors agglomération,Hors intersection,Normale,Deux véhicules - arrière,1,3,-1,0,2,3,1,0,1,50,2,2,1,0,0,1,20.0,28.0,voiture,utilitaire_camion,1,1,1,1,2
202000045833,2020-09-21 09:15:00,2020,9,21,9,15,92,92036,AUTOROUTE A15,48.9411978,2.2914822,Plein jour,Hors agglomération,Hors intersection,Normale,Trois véhicules et plus - collisions multiples,1,3,8,0,1,1,1,2,1,90,3,3,1,0,0,2,32.0,56.0,deux_roues,deux_roues,1,1,1,1,5
202000045834,2020-09-22 17:40:00,2020,9,22,17,40,94,94042,A4,48.82714,2.46885,Plein jour,Hors agglomération,Hors intersection,Normale,Deux véhicules - arrière,1,3,8,0,1,1,1,0,1,90,2,3,1,0,0,2,54.0,44.0,deux_roues,voiture,1,1,1,1,2
202000045835,2020-09-22 15:25:00,2020,9,22,15,25,94,94073,A86 EXT,48.76006,2.38325,Plein jour,Hors agglomération,Hors intersection,Normale,Trois véhicules et plus - collisions multiples,1,1,3,0,1,1,1,0,1,90,3,3,1,0,0,2,39.0,26.0,deux_roues,deux_roues,1,1,1,1,5
202000045836,2020-09-22 10:45:00,2020,9,22,10,45,77,77468,A104,48.851229,2.661658,Plein jour,Hors agglomération,Hors intersection,Normale,,1,3,3,0,3,2,1,0,1,90,3,4,2,0,0,2,32.0,42.0,voiture,utilitaire_camion,1,1,1,1,-1
202000045837,2020-09-22 09:55:00,2020,9,22,9,55,94,94074,RN406.W,48.7646002,2.4619531,Plein jour,Hors agglomération,Hors intersection,Normale,Deux véhicules - arrière,2,3,2,0,1,1,1,0,1,90,2,2,1,0,0,1,32.0,30.0,deux_roues,deux_roues,1,1,1,1,2
202000045838,2020-09-22 08:30:00,2020,9,22,8,30,94,94046,A86 EXT,48.8048919,2.4488496,Plein jour,Hors agglomération,Hors intersection,Normale,Deux véhicules - côté,1,3,4,0,1,1,1,0,1,90,2,2,1,0,0,1,36.0,58.0,deux_roues,voiture,1,1,1,1,3
202000045839,2020-09-22 06:45:00,2020,9,22,6,45,94,94017,A4,48.8302009,2.495767,Nuit sans éclairage public,Hors agglomération,Hors intersection,Normale,Trois véhicules et plus - collisions multiples,1,1,2,0,1,1,1,0,1,70,3,2,1,0,0,1,28.0,33.0,voiture,voiture,3,1,1,1,5
202000045840,2020-09-21 05:55:00,2020,9,21,5,55,94,94028,A86 INT,48.776362,2.433254,Nuit sans éclairage public,Hors agglomération,Hors intersection,Normale,Trois véhicules et plus - en chaîne,1,3,3,0,1,1,1,0,1,90,3,3,2,0,0,1,47.0,25.0,deux_roues,utilitaire_camion,3,1,1,1,4
202000045841,2020-09-19 21:30:00,2020,9,19,21,30,94,94042,A4,48.8269503,2.4680133,Crépuscule ou aube,Hors agglomération,Hors intersection,Normale,,1,3,4,0,1,1,1,2,1,90,3,4,3,0,0,1,34.0,32.0,voiture,voiture,2,1,1,1,-1
202000045842,2020-07-23 20:10:00,2020,7,23,20,10,64,64024,LAROCHEFOUCAULD (AVENUE DE),43.48806,-1.53281,Plein jour,En agglomération,Hors intersection,Normale,,4,-1,2,0,1,1,9,8,1,50,2,2,1,0,0,1,20.0,59.0,voiture,deux_roues,1,2,1,1,-1
202000045843,2020-09-21 21:05:00,2020,9,21,21,5,974,97416,RN1,-21.322906,55.446231,Plein jour,Hors agglomération,Autre intersection,Normale,Autre collision,3,3,2,0,1,1,1,0,1,30,1,1,0,0,1,0,23.0,,deux_roues,,1,1,9,1,6
202000045844,2020-09-21 14:20:00,2020,9,21,14,20,974,97411,Rue du Bois de Nèfles,-20.8889,55.4611,Plein jour,En agglomération,Hors intersection,Normale,Trois véhicules et plus - collisions multiples,2,1,2,0,2,2,1,0,1,110,3,6,5,0,1,0,21.0,67.0,voiture,utilitaire_camion,1,2,1,1,5
202000045845,2020-09-16 11:10:00,2020,9,16,11,10,974,97407,PASTEUR(AVENUE),-20.95116,55.29236,Plein jour,En agglomération,Hors intersection,Normale,Sans collision,4,1,1,0,1,1,1,0,1,50,1,1,0,0,0,1,16.0,,deux_roues,,1,2,1,1,7
202000045846,2020-09-21 13:20:00,2020,9,21,13,20,973,97302,BADUEL (ROUTE DE),4.9321873,-52.3078823,Plein jour,En agglomération,Hors intersection,Normale,,3,2,1,0,1,1,1,0,1,50,2,2,1,0,0,1,62.0,60.0,deux_roues,voiture,1,2,1,1,-1
202000045847,2020-09-21 08:31:00,2020,9,21,8,31,973,97302,TIGRE (ROUTE DU),4.9091198,-52.3077536,Plein jour,Hors agglomération,Hors intersection,Normale,Deux véhicules - côté,3,1,1,0,1,1,1,0,1,50,2,2,1,0,0,1,39.0,31.0,deux_roues,voiture,1,1,1,1,3
202000045848,2020-09-21 08:13:00,2020,9,21,8,13,973,97302,TIGRE (ROUTE DU),4.9202796,-52.3206711,Plein jour,En agglomération,Hors intersection,Normale,Autre collision,3,2,1,0,1,1,1,0,1,50,1,2,1,0,0,1,30.0,,deux_roues,,1,2,1,1,6
202000045849,2020-09-21 16:50:00,2020,9,21,16,50,69,69259,FRANCIS DE PRESSENSE                (AV),45.72162,4.86662,Plein jour,En agglomération,Hors intersection,Pluie légère,Autre collision,4,2,2,1,1,1,2,9,1,50,1,2,1,0,0,1,35.0,,voiture,,1,2,1,2,6
202000045850,2020-09-21 12:10:00,2020,9,21,12,10,69,69383,FERDINAND BUISSON                   (R ),45.75167,4.89499,Plein jour,En agglomération,Intersection en X,Normale,Deux véhicules - côté,4,1,1,0,1,1,1,0,1,50,2,2,1,0,0,1,46.0,69.0,utilitaire_camion,voiture,1,2,2,1,3
202000045851,2020-09-19 00:20:00,2020,9,19,0,20,69,69387,PROFESSEUR GRIGNARD (DU)            (R ),45.74665,4.83992,Nuit avec éclairage allumé,En agglomération,Hors intersection,Normale,Autre collision,4,1,-1,1,1,1,1,9,8,30,1,1,0,0,1,0,40.0,,voiture,,5,2,1,1,6
202000045852,2020-09-21 09:15:00,2020,9,21,9,15,972,97213,ROUTE NATIONALE 1,14.62637,-60.9788,Plein jour,Hors agglomération,Hors intersection,Normale,Deux véhicules - arrière,2,1,2,0,1,1,2,0,1,90,2,4,2,0,0,2,35.0,61.0,voiture,utilitaire_camion,1,1,1,1,2
202000045853,2020-09-19 21:00:00,2020,9,19,21,0,972,97209,MARTIN LUTHER KING (RUE),14.60493,-61.07541,Nuit sans éclairage public,En agglomération,Hors intersection,Normale,Sans collision,4,1,1,0,2,2,1,0,1,30,1,1,0,0,1,0,42.0,,deux_roues,,3,2,1,1,7
202000045854,2020-09-21 19:45:00,2020,9,21,19,45,69,69389,MARIETTON                           (R ),45.7750999,4.8066716,Nuit avec éclairage allumé,En agglomération,Hors intersection,Normale,Deux véhicules - arrière,4,2,2,0,1,1,1,0,1,50,2,2,1,0,0,1,22.0,32.0,deux_roues,voiture,5,2,1,1,2
202000045855,2020-09-20 19:15:00,2020,9,20,19,15,69,69384,AIME BOUSSANGE                      (R ),45.7749023,4.8338219,Crépuscule ou aube,En agglomération,Hors intersection,Pluie légère,Deux véhicules - côté,4,2,2,0,2,1,2,0,1,50,2,2,1,0,0,1,34.0,47.0,deux_roues,voiture,2,2,1,2,3
202000045856,2020-09-21 07:55:00,2020,9,21,7,55,69,69149,GRANDE RUE                          (GR),45.71108,4.80118,Plein jour,En agglomération,Hors intersection,Normale,Deux véhicules - côté,4,2,2,2,2,1,2,0,5,30,2,2,1,0,0,1,55.0,41.0,deux_roues,voiture,1,2,1,1,3
202000045857,2020-09-21 08:55:00,2020,9,21,8,55,95,95018,COLOMBES (PONT AQUEDUC DE),48.93403,2.24021,Plein jour,En agglomération,Hors intersection,Normale,Autre collision,3,2,2,0,2,1,1,2,8,50,1,2,1,0,1,0,46.0,,deux_roues,,1,2,1,1,6
202000045858,2020-09-21 19:30:00,2020,9,21,19,30,91,91687,OCTAVE LONGUET (RUE),48.66836,2.38043,Crépuscule ou aube,En agglomération,Autre intersection,Normale,Deux véhicules - frontale,9,2,2,0,1,1,1,9,8,50,2,2,1,0,0,1,81.0,14.0,voiture,deux_roues,2,2,9,1,1
202000045859,2020-09-20 22:40:00,2020,9,20,22,40,91,91552,CORBEIL (ROUTE DE),48.59523,2.26606,Nuit avec éclairage allumé,En agglomération,Hors intersection,Normale,Sans collision,3,2,2,0,2,1,1,0,1,50,1,1,0,0,1,0,18.0,,deux_roues,,5,2,1,1,7
202000045860,2020-09-20 17:50:00,2020,9,20,17,50,91,91339,BENOIST ROBERT (AVENUE),48.62142,2.2597,Plein jour,En agglomération,Hors intersection,Normale,Trois véhicules et plus - collisions multiples,2,2,4,0,1,1,1,0,1,70,4,12,9,0,0,3,58.0,53.0,voiture,voiture,1,2,1,1,5
202000045861,2020-09-19 19:45:00,2020,9,19,19,45,91,91425,TEMERAIRE (BOULEVARD DU),48.67833,2.27742,Plein jour,En agglomération,Hors intersection,Normale,Autre collision,4,1,1,0,1,4,1,0,1,50,1,1,0,0,0,1,,,,,1,2,1,1,6
202000045862,2020-09-19 19:25:00,2020,9,19,19,25,91,91021,VERDIER (RUE DU DOCTEUR),48.58727,2.24871,Plein jour,En agglomération,Intersection en X,Normale,Autre collision,4,2,2,0,1,1,1,0,1,50,1,2,1,0,0,1,44.0,,voiture,,1,2,2,1,6
202000045863,2020-09-19 11:47:00,2020,9,19,11,47,90,90010,LILLE (RUE DE),47.647298,6.850913,Plein jour,En agglomération,Hors intersection,Normale,Deux véhicules - frontale,4,2,2,0,1,1,1,0,1,50,2,2,1,0,0,1,20.0,43.0,deux_roues,voiture,1,2,1,1,1
202000045864,2020-09-19 17:23:00,2020,9,19,17,23,87,87085,GOUJAUD (QUAI LOUIS),45.82606,1.26791,Plein jour,En agglomération,Intersection en X,Pluie forte,Deux véhicules - côté,2,3,4,0,1,1,2,0,1,50,2,3,2,0,0,1,26.0,31.0,voiture,utilitaire_camion,1,2,2,3,3
202000045865,2020-09-14 14:40:00,2020,9,14,14,40,84,84007,SOURCES (Avenue des),43.9311,4.8237,Plein jour,En agglomération,Hors intersection,Normale,Deux véhicules - arrière,4,1,2,1,1,1,1,0,1,50,2,1,0,0,1,0,52.0,,deux_roues,,1,2,1,1,2
202000045866,2020-09-19 20:30:00,2020,9,19,20,30,83,83137,RIVIERE NEUVE (QUAI DE LA),43.129,5.90215,Nuit avec éclairage allumé,En agglomération,Intersection en X,Normale,Deux véhicules - côté,4,2,2,0,1,1,1,0,1,50,2,2,1,0,1,0,18.0,44.0,deux_roues,voiture,5,2,2,1,3
202000045867,2020-09-17 08:25:00,2020,9,17,8,25,83,83069,NATIONS UNIES (AVENUE DES),43.11757,6.1214,Plein jour,En agglomération,Hors intersection,Normale,Autre collision,4,2,2,0,1,1,1,0,1,50,1,3,0,0,0,3,54.0,,voiture,,1,2,1,1,6
202000045868,2020-09-21 20:30:00,2020,9,21,20,30,81,81065,MONTREVEIL (CHE.DE),43.5931561,2.2131618,Nuit sans éclairage public,En agglomération,Hors intersection,Normale,Deux véhicules - côté,4,2,2,0,1,1,1,0,1,50,2,2,1,0,0,1,25.0,49.0,voiture,voiture,3,2,1,1,3
202000045869,2020-09-19 18:20:00,2020,9,19,18,20,80,80021,PARIS (RUE DE),49.88835,2.28956,Plein jour,En agglomération,Hors intersection,Normale,Deux véhicules - arrière,4,2,2,0,1,1,1,0,1,50,2,2,1,0,1,0,32.0,23.0,voiture,deux_roues,1,2,1,1,2
202000045870,2020-09-17 17:28:00,2020,9,17,17,28,79,79191,88 Avenue de la Rochelle,46.318227,-0.47017,Plein jour,En agglomération,Hors intersection,Normale,Deux véhicules - côté,3,2,2,0,1,1,1,0,3,50,2,2,1,0,1,0,18.0,79.0,deux_roues,voiture,1,2,1,1,3
202000045871,2020-09-21 08:15:00,2020,9,21,8,15,77,77491,SCIERIE (RUE DE LA),48.37523,2.81008,Plein jour,En agglomération,Hors intersection,Normale,Autre collision,4,1,1,0,1,1,1,0,1,50,1,2,1,0,1,0,38.0,,voiture,,1,2,1,1,6
202000045872,2020-09-20 16:30:00,2020,9,20,16,30,76,76540,SAINT SEVER. QUAI (BAS),49.43642,1.09016,Plein jour,En agglomération,Hors intersection,Normale,Autre collision,9,-1,0,0,1,1,1,6,6,10,1,2,1,0,1,0,17.0,,deux_roues,,1,2,1,1,6
202000045873,2020-09-20 17:00:00,2020,9,20,17,0,76,76157,A150,49.4565714,1.0496788,Plein jour,Hors agglomération,Hors intersection,Normale,Deux véhicules - côté,1,3,4,0,1,1,1,0,1,110,2,4,2,0,1,1,46.0,71.0,voiture,deux_roues,1,1,1,1,3
202000045874,2020-09-19 02:45:00,2020,9,19,2,45,76,76351,BELLOT,49.484,0.1275,Nuit avec éclairage allumé,En agglomération,Hors intersection,Normale,Autre collision,4,2,2,0,1,1,1,0,1,50,1,1,0,0,1,0,22.0,,deux_roues,,5,2,1,1,6
202000045875,2020-09-20 15:10:00,2020,9,20,15,10,76,76351,GRAVILLE (BD DE),49.4889,0.15006,Plein jour,En agglomération,Intersection en T,Normale,Deux véhicules - arrière,4,2,5,0,2,1,1,0,1,50,2,3,2,0,0,1,17.0,56.0,voiture,deux_roues,1,2,3,1,2
202000045876,2020-09-14 21:30:00,2020,9,14,21,30,73,73008,D913 COTES BOULEVARD DES,45.6899756,5.9190551,Nuit avec éclairage allumé,En agglomération,Giratoire,Normale,Autre collision,3,2,2,0,2,2,1,0,1,50,1,1,0,0,1,0,32.0,,deux_roues,,5,2,6,1,6
202000045877,2020-09-08 12:12:00,2020,9,8,12,12,71,71076,NIEPCE (AVENUE NICEPHORE),46.7789212,4.850083,Plein jour,En agglomération,Hors intersection,Normale,Autre collision,3,2,5,0,1,1,1,0,1,50,1,2,1,0,0,1,30.0,,voiture,,1,2,1,1,6
202000045878,2020-09-17 16:40:00,2020,9,17,16,40,67,67482,RENE FONCK (RUE),48.5531225,7.7696319,Plein jour,En agglomération,Intersection en T,Normale,Deux véhicules - arrière,4,2,2,0,1,1,1,0,1,30,2,2,1,0,0,1,24.0,16.0,voiture,deux_roues,1,2,3,1,2
202000045879,2020-09-17 15:10:00,2020,9,17,15,10,67,67482,VIEUX MARCHE AUX VINS (RUE DU),48.5841473,7.7431414,Plein jour,En agglomération,Hors intersection,Normale,Deux véhicules - arrière,4,2,2,3,1,1,9,6,6,50,2,2,1,0,0,1,17.0,69.0,deux_roues,deux_roues,1,2,1,1,2
202000045880,2020-09-21 12:54:00,2020,9,21,12,54,66,66136,GUYNEMER (AVENUE GEORGES),42.69439,2.9041,Plein jour,En agglomération,Hors intersection,Normale,Autre collision,4,2,2,0,1,1,1,0,1,50,1,2,1,0,0,1,63.0,,voiture,,1,2,1,1,6
202000045881,2020-09-19 17:40:00,2020,9,19,17,40,66,66136,ARCADES (RD POINT),42.67412,2.88752,Plein jour,Hors agglomération,Hors intersection,Normale,Deux véhicules - arrière,4,1,2,0,1,3,1,0,1,50,2,3,2,0,0,1,64.0,30.0,deux_roues,voiture,1,1,1,1,2
202000045882,2020-09-20 10:45:00,2020,9,20,10,45,65,65286,LAGARDERE (AVENUE FRANCIS),43.08629,-0.045988,Plein jour,En agglomération,Hors intersection,Normale,Deux véhicules - côté,4,2,0,0,1,1,1,0,1,50,2,2,1,0,1,0,49.0,60.0,voiture,deux_roues,1,2,1,1,3
202000045883,2020-08-06 13:50:00,2020,8,6,13,50,64,64483,LARRAMENDY PIERRE (AVENUE),43.38256,-1.65794,Plein jour,En agglomération,Autre intersection,Normale,Autre collision,9,2,2,1,1,1,1,9,5,30,1,2,0,0,1,1,60.0,,deux_roues,,1,2,9,1,6
202000045884,2020-09-21 17:30:00,2020,9,21,17,30,64,64445,ALFRED NOBEL,43.31522,-0.31519,Plein jour,En agglomération,Intersection en T,Pluie forte,Trois véhicules et plus - en chaîne,4,2,2,0,1,1,2,0,1,50,3,3,2,0,0,1,24.0,30.0,voiture,voiture,1,2,3,3,4
202000045885,2020-09-19 12:15:00,2020,9,19,12,15,64,64284,MASSENET,43.29111,-0.38662,Plein jour,En agglomération,Hors intersection,Normale,Sans collision,4,2,2,0,1,1,1,0,1,30,1,1,0,0,0,1,33.0,,deux_roues,,1,2,1,1,7
202000045886,2020-09-08 17:15:00,2020,9,8,17,15,59,59526,RTE DE NIVELLE,50.454352,3.432466,Plein jour,En agglomération,Hors intersection,Normale,Deux véhicules - frontale,3,2,2,0,1,1,1,0,1,50,2,2,1,0,0,1,41.0,23.0,voiture,voiture,1,2,1,1,1
202000045887,2020-09-21 16:45:00,2020,9,21,16,45,59,59350,BRULE MAISON             RESTE,50.62606,3.06257,Plein jour,En agglomération,Hors intersection,Normale,Sans collision,4,2,0,0,1,1,1,0,1,30,1,2,1,0,1,0,29.0,,voiture,,1,2,1,1,7
202000045888,2020-09-19 14:15:00,2020,9,19,14,15,59,59329,JOFFRE (RUE DU MARECHAL),50.34368,3.09025,Plein jour,En agglomération,Hors intersection,Normale,Deux véhicules - frontale,3,2,2,0,1,1,1,0,1,50,2,2,1,1,0,0,34.0,36.0,voiture,deux_roues,1,2,1,1,1
202000045889,2020-09-17 07:55:00,2020,9,17,7,55,58,58194,PRE PLANTIN (BOULEVARD),46.9832,3.1231,Plein jour,En agglomération,Hors intersection,Normale,Deux véhicules - frontale,4,2,2,0,1,1,1,0,1,50,2,2,1,0,0,1,15.0,18.0,deux_roues,voiture,1,2,1,1,1
202000045890,2020-09-20 03:45:00,2020,9,20,3,45,57,57441,GARCHE (ROUTE DE),49.3769432,6.191664,Nuit sans éclairage public,En agglomération,Hors intersection,Normale,Autre collision,3,2,2,0,1,1,1,0,1,70,1,1,0,0,1,0,61.0,,voiture,,3,2,1,1,6
202000045891,2020-09-19 03:03:00,2020,9,19,3,3,57,57306,MENDES FRANCE (RUE PIERRE),49.33967,6.09231,Nuit sans éclairage public,Hors agglomération,Hors intersection,Normale,Autre collision,4,2,2,0,1,2,1,0,3,50,1,3,1,1,1,0,18.0,,voiture,,3,1,1,1,6
202000045892,2020-09-20 11:42:00,2020,9,20,11,42,57,57630,MALRAUX (VOIE ANDRE),48.7335096,7.0409917,Plein jour,En agglomération,Intersection en X,Normale,Autre collision,4,2,1,0,1,2,1,0,4,50,1,2,0,0,0,2,76.0,,deux_roues,,1,2,2,1,6
202000045893,2020-09-19 02:38:00,2020,9,19,2,38,56,56121,BLUM ( BD LEON ),47.75134,-3.37168,Nuit avec éclairage allumé,En agglomération,Intersection en X,Normale,Deux véhicules - frontale,4,2,2,0,1,1,1,0,1,50,2,6,0,0,4,2,23.0,46.0,voiture,voiture,5,2,2,1,1
202000045894,2020-09-18 21:00:00,2020,9,18,21,0,56,56083,ALLENDE ( AV. PRES. SALVADOR ),47.81066,-3.25237,Nuit avec éclairage allumé,En agglomération,Intersection en X,Normale,Deux véhicules - côté,3,2,2,0,2,1,1,0,1,50,2,4,1,0,0,3,37.0,27.0,voiture,voiture,5,2,2,1,3
202000045895,2020-09-21 14:19:00,2020,9,21,14,19,51,51454,Avenue Jean Jaurès,49.2603784,4.0475382,Plein jour,En agglomération,Intersection en X,Normale,Deux véhicules - côté,4,2,4,3,1,1,1,0,1,50,2,2,1,0,1,0,64.0,29.0,deux_roues,utilitaire_camion,1,2,2,1,3
202000045896,2020-09-20 09:40:00,2020,9,20,9,40,49,49007,ATLANTIQUE  AVENUE DE L',47.4688,-0.58771,Plein jour,Hors agglomération,Hors intersection,Normale,Deux véhicules - côté,3,-1,2,0,1,1,1,0,1,50,2,2,1,0,0,1,20.0,21.0,voiture,voiture,1,1,1,1,3
202000045897,2020-09-20 23:00:00,2020,9,20,23,0,49,49015,MENDES FRANCE AVENUE PIERRE,47.50049,-0.58363,Nuit avec éclairage allumé,En agglomération,Hors intersection,Normale,Autre collision,4,-1,2,0,1,1,1,0,1,50,1,1,0,0,0,1,49.0,,voiture,,5,2,1,1,6
202000045898,2020-09-17 14:00:00,2020,9,17,14,0,49,49007,ALLONNEAU(AUGUSTE) BOULEVARD,47.48089,-0.52738,Plein jour,En agglomération,Hors intersection,Normale,Deux véhicules - côté,4,-1,2,0,1,1,1,0,1,50,2,3,2,0,0,1,47.0,21.0,transport_commun,voiture,1,2,1,1,3
202000045899,2020-09-21 17:15:00,2020,9,21,17,15,45,45286,D951 PR 90 + 400,47.8896224,1.9235842,Plein jour,En agglomération,Hors intersection,Normale,Deux véhicules - arrière,3,2,2,0,1,1,1,0,1,50,2,3,2,0,0,1,59.0,21.0,voiture,deux_roues,1,2,1,1,2
202000045900,2020-09-21 00:50:00,2020,9,21,0,50,45,45302,D520 - Tangentielle,47.9310016,1.8785068,Nuit avec éclairage allumé,Hors agglomération,Hors intersection,Normale,Deux véhicules - arrière,3,3,4,0,1,1,1,0,1,90,2,1,0,0,1,0,,,,,5,1,1,1,2
202000045901,2020-09-21 09:30:00,2020,9,21,9,30,37,37261,SUEDE (RUE DE),47.4328057,0.6863047,Plein jour,En agglomération,Hors intersection,Normale,Deux véhicules - côté,4,2,2,1,1,1,1,0,5,50,2,2,1,0,0,1,69.0,35.0,deux_roues,utilitaire_camion,1,2,1,1,3
202000045902,2020-09-21 16:00:00,2020,9,21,16,0,34,34129,FIGUIERES (AVENUE DE),43.5844218,3.9269096,Plein jour,En agglomération,Hors intersection,Normale,Deux véhicules - côté,4,2,2,0,1,1,1,0,1,50,2,2,1,0,0,1,41.0,47.0,deux_roues,voiture,1,2,1,1,3
202000045903,2020-09-21 22:30:00,2020,9,21,22,30,33,33063,PLACE RAVEZIES / BD GODARD,44.86575,-0.57601,Nuit avec éclairage allumé,En agglomération,Intersection à plus de 4 branches,Temps couvert,Deux véhicules - côté,4,1,3,2,1,2,2,5,8,50,2,2,1,0,0,1,21.0,27.0,voiture,voiture,5,2,5,8,3
202000045904,2020-09-20 05:45:00,2020,9,20,5,45,33,33249,QUAI CARRIET,44.8854,-0.52991,Nuit avec éclairage allumé,En agglomération,Intersection en T,Normale,Deux véhicules - côté,4,2,4,2,1,1,1,0,1,50,2,2,1,0,0,1,30.0,,voiture,,5,2,3,1,3
202000045905,2020-09-21 00:45:00,2020,9,21,0,45,33,33065,RTE DE LATRESNE (D113),44.80852,-0.51892,Nuit avec éclairage non allumé,Hors agglomération,Hors intersection,Temps couvert,Deux véhicules - arrière,4,2,0,0,1,1,2,0,1,80,2,1,0,1,0,0,82.0,,deux_roues,,4,1,1,8,2
202000045906,2020-09-05 20:30:00,2020,9,5,20,30,33,33550,AVE DES PYRENEES,44.76916,-0.56374,Nuit avec éclairage allumé,En agglomération,Intersection en T,Normale,Trois véhicules et plus - collisions multiples,4,2,4,2,1,1,1,0,1,50,3,2,1,0,1,0,40.0,26.0,voiture,deux_roues,5,2,3,1,5
202000045907,2020-09-04 13:20:00,2020,9,4,13,20,33,33032,RUE LAFONTAINE / RUE DE MEIGNAN,44.9036269,-0.5091355,Plein jour,En agglomération,Intersection en T,Normale,Autre collision,4,2,4,2,1,1,1,0,1,50,1,2,1,0,0,1,46.0,,voiture,,1,2,3,1,6
202000045908,2020-09-20 03:30:00,2020,9,20,3,30,31,31555,BD GABRIEL KOENIGS,43.59136,1.41905,Nuit avec éclairage allumé,En agglomération,Hors intersection,Normale,Deux véhicules - frontale,4,2,4,0,1,1,1,0,1,50,2,2,0,0,0,2,29.0,19.0,deux_roues,voiture,5,2,1,1,1
202000045909,2020-09-18 19:05:00,2020,9,18,19,5,31,31555,BD DES MINIMES,43.61504,1.44884,Plein jour,Hors agglomération,Hors intersection,Normale,Trois véhicules et plus - collisions multiples,4,1,4,0,1,1,1,0,1,50,4,4,3,0,0,1,31.0,36.0,deux_roues,voiture,1,1,1,1,5
202000045910,2020-09-21 12:40:00,2020,9,21,12,40,29,29019,Rue Amiral Romain-desfossés,48.4253173,-4.4810071,Plein jour,Hors agglomération,Intersection en T,Normale,Autre collision,4,-1,2,0,1,1,1,5,1,50,1,1,0,1,0,0,62.0,,utilitaire_camion,,1,1,3,1,6
202000045911,2020-09-20 01:35:00,2020,9,20,1,35,29,29019,Rue Docteur Kerrien,48.3866695,-4.5185044,Nuit avec éclairage allumé,En agglomération,Intersection en T,Normale,Deux véhicules - frontale,4,2,2,0,1,1,1,0,1,50,2,3,2,0,0,1,56.0,28.0,voiture,voiture,5,2,3,1,1