accident_id,datetime,annee,mois,jour,heure,minute,departement,commune_insee,adresse,latitude,longitude,luminosite,agglomeration,intersection,meteo,collision,catr,circ,nbv,vosp,prof,plan,surf,infra,situ,vma,nb_vehicules,nb_usagers,nb_indemnes,nb_tues,nb_blesses_hosp,nb_blesses_legers,age_cond_1,age_cond_2,veh_type_cond_1,veh_type_cond_2,lum_code,agg_code,int_code,atm_code,col_code
202000046003,2020-03-09 18:45:00,2020,3,9,18,45,94,94074,HENRI BARBUSSE (AV),48.7658,2.44143,Nuit avec éclairage allumé,En agglomération,Hors intersection,Normale,Trois véhicules et plus - en chaîne,2,3,4,0,1,1,1,0,1,50,3,3,2,0,0,1,52.0,30.0,voiture,voiture,5,2,1,1,4
202000046004,2020-03-08 20:25:00,2020,3,8,20,25,94,94068,CHANZY (AV),48.79205,2.513,Nuit avec éclairage allumé,En agglomération,Intersection en X,Normale,Deux véhicules - côté,4,1,1,0,1,1,2,0,1,50,2,2,1,0,0,1,42.0,59.0,utilitaire_camion,voiture,5,2,2,1,3
202000046005,2020-03-09 10:00:00,2020,3,9,10,0,94,94046,GABRIEL PERI (R),48.809256,2.436805,Plein jour,En agglomération,Intersection en X,Normale,Deux véhicules - côté,4,1,1,0,1,1,1,0,1,50,2,2,1,0,1,0,32.0,33.0,deux_roues,voiture,1,2,2,1,3
202000046006,2020-03-08 20:00:00,2020,3,8,20,0,94,94003,ARISTIDE BRIAND (AV),48.81042,2.32667,Nuit avec éclairage allumé,En agglomération,Place,Pluie légère,Deux véhicules - arrière,3,-1,0,0,1,1,2,0,8,50,2,3,2,0,0,1,53.0,72.0,voiture,voiture,5,2,7,2,2
202000046007,2020-03-08 16:00:00,2020,3,8,16,0,94,94028,GAULLE(AVENUE DU GENERAL DE),48.77999,2.45698,Plein jour,En agglomération,Hors intersection,Pluie légère,Autre collision,6,-1,0,0,1,1,2,0,1,50,1,2,1,0,0,1,22.0,,voiture,,1,2,1,2,6
202000046008,2020-03-08 22:15:00,2020,3,8,22,15,94,94022,LUGO (AV DE),48.771,2.40893,Nuit avec éclairage allumé,En agglomération,Intersection en X,Normale,Deux véhicules - côté,3,1,0,0,1,1,2,0,1,50,2,3,1,0,0,2,49.0,21.0,utilitaire_camion,utilitaire_camion,5,2,2,1,3
202000046009,2020-03-09 08:30:00,2020,3,9,8,30,94,94004,BREVANNES (R DE),48.7496884,2.5060582,Plein jour,En agglomération,Hors intersection,Normale,Autre collision,4,2,2,0,2,1,1,0,8,50,1,3,1,0,0,2,37.0,,voiture,,1,2,1,1,6
202000046010,2020-03-09 18:50:00,2020,3,9,18,50,94,94002,Boulevard Carnot & Rue Etienne Dolet,48.795733,2.42528,Plein jour,En agglomération,Autre intersection,Normale,Autre collision,4,2,2,0,1,1,1,0,1,50,1,2,1,0,0,1,39.0,,voiture,,1,2,9,1,6
202000046011,2020-03-09 07:45:00,2020,3,9,7,45,94,94002,SEINE (R DE),48.80996,2.41439,Plein jour,En agglomération,Hors intersection,Normale,Autre collision,4,2,2,0,1,1,1,0,1,50,1,2,1,0,0,1,38.0,,voiture,,1,2,1,1,6
202000046012,2020-03-09 20:00:00,2020,3,9,20,0,93,93073,D40,48.9788,2.537,Nuit avec éclairage non allumé,En agglomération,Hors intersection,Normale,Deux véhicules - frontale,3,2,2,0,1,1,1,0,1,50,2,4,0,0,0,4,28.0,30.0,voiture,voiture,4,2,1,1,1
202000046013,2020-03-09 18:30:00,2020,3,9,18,30,93,93073,SAINT-DENIS (CHEMIN DE),48.9785,2.5285,Nuit avec éclairage allumé,En agglomération,Hors intersection,Normale,Deux véhicules - arrière,3,1,1,0,1,1,1,0,1,50,2,2,1,0,0,1,25.0,23.0,voiture,voiture,5,2,1,1,2
202000046014,2020-03-09 08:05:00,2020,3,9,8,5,93,93064,AV DU PDT JOHN KENNEDY,48.87835,2.48881,Plein jour,En agglomération,Hors intersection,Normale,Deux véhicules - arrière,3,2,2,1,1,1,1,0,1,50,2,2,1,0,0,1,19.0,52.0,voiture,voiture,1,2,1,1,2
202000046015,2020-03-09 17:15:00,2020,3,9,17,15,93,93046,AV JULES GUESDE / AV ARISTIDE BRIAND,48.91069,2.51209,Plein jour,En agglomération,Intersection à plus de 4 branches,Normale,Deux véhicules - arrière,3,2,2,0,1,1,1,0,1,50,2,2,1,0,0,1,32.0,,voiture,,1,2,5,1,2
202000046016,2020-03-09 07:50:00,2020,3,9,7,50,93,93074,R DE MEAUX / R DU BEARN,48.93741,2.59132,Plein jour,En agglomération,Intersection en T,Normale,Deux véhicules - arrière,3,2,2,1,1,1,1,0,1,50,2,2,1,0,0,1,33.0,43.0,voiture,utilitaire_camion,1,2,3,1,2
202000046017,2020-03-08 01:55:00,2020,3,8,1,55,93,93006,AV DE LA REPUBLIQUE,48.86011,2.42165,Nuit avec éclairage allumé,En agglomération,Hors intersection,Normale,Deux véhicules - frontale,3,2,2,1,1,1,1,0,1,50,2,3,1,0,1,1,30.0,57.0,deux_roues,voiture,5,2,1,1,1
202000046018,2020-03-09 10:15:00,2020,3,9,10,15,92,92050,KLEBER RUE,48.901464,2.190101,Plein jour,En agglomération,Hors intersection,Normale,Deux véhicules - côté,4,2,2,0,1,1,1,0,1,50,2,2,1,0,0,1,25.0,33.0,transport_commun,voiture,1,2,1,1,3
202000046019,2020-01-05 14:44:00,2020,1,5,14,44,92,92025,GABRIEL PERI (RUE),48.915735,2.232445,Plein jour,En agglomération,Intersection en X,Normale,Deux véhicules - côté,3,2,2,0,1,1,1,0,1,50,2,2,1,0,0,1,39.0,49.0,deux_roues,voiture,1,2,2,1,3
202000046020,2020-03-08 23:55:00,2020,3,8,23,55,92,92024,CLICHY (QUAI DE) DE (8 A 60),48.907517,2.297874,Nuit avec éclairage allumé,En agglomération,Intersection en T,Normale,Deux véhicules - côté,3,1,1,0,1,1,1,0,1,50,2,3,2,0,0,1,24.0,42.0,voiture,deux_roues,5,2,3,1,3
202000046021,2020-03-06 09:00:00,2020,3,6,9,0,80,80385,A16,50.144943,1.802529,Plein jour,Hors agglomération,Autre intersection,Normale,Autre collision,1,3,4,0,2,1,2,0,8,130,1,2,0,1,1,0,79.0,,voiture,,1,1,9,1,6
202000046022,2020-03-09 19:45:00,2020,3,9,19,45,18,18032,La Folie,47.432177,2.854187,Nuit sans éclairage public,Hors agglomération,Hors intersection,Normale,Autre collision,3,2,2,0,1,3,1,0,3,80,1,1,0,0,0,1,24.0,,voiture,,3,1,1,1,6
202000046023,2020-03-09 17:50:00,2020,3,9,17,50,54,54277,A4,49.1824748,5.7940489,Plein jour,Hors agglomération,Hors intersection,Normale,Autre collision,1,-1,4,0,1,1,1,0,3,130,1,1,0,1,0,0,36.0,,utilitaire_camion,,1,1,1,1,6
202000046024,2020-03-09 17:15:00,2020,3,9,17,15,68,68144,23 Rue du Canal d'Alsace,47.759854,7.512653,Plein jour,En agglomération,Hors intersection,Temps éblouissant,Autre collision,4,2,2,0,1,2,1,0,4,50,1,1,0,0,0,1,15.0,,deux_roues,,1,2,1,7,6
202000046025,2020-03-08 10:30:00,2020,3,8,10,30,59,59463,D110,50.911848,2.339015,Plein jour,Hors agglomération,Hors intersection,Pluie légère,Sans collision,3,2,2,0,1,2,2,0,8,80,1,2,1,0,1,0,21.0,,deux_roues,,1,1,1,2,7
202000046026,2020-03-09 12:00:00,2020,3,9,12,0,60,60176,Rue saint thomas,49.237709,2.896346,Plein jour,En agglomération,Hors intersection,Normale,Autre collision,9,2,2,0,1,3,1,0,1,50,1,1,0,0,0,1,,,,,1,2,1,1,6
202000046027,2020-03-09 19:15:00,2020,3,9,19,15,67,67356,Route de Gambsheim,48.7063114,7.9077227,Nuit sans éclairage public,Hors agglomération,Hors intersection,Normale,Deux véhicules - frontale,4,2,2,0,1,1,1,0,1,80,2,2,1,0,0,1,45.0,39.0,voiture,voiture,3,1,1,1,1
202000046028,2020-03-10 13:40:00,2020,3,10,13,40,37,37261,A10,47.4077953,0.7203703,Plein jour,Hors agglomération,Hors intersection,Pluie légère,Trois véhicules et plus - collisions multiples,1,3,5,0,1,1,2,8,1,90,7,12,8,0,0,4,49.0,43.0,voiture,voiture,1,1,1,2,5
202000046029,2020-03-08 11:09:00,2020,3,8,11,9,56,56166,Rue des Alliés,47.917608,-3.330982,Plein jour,En agglomération,Hors intersection,Normale,Autre collision,3,2,2,0,2,1,1,0,1,50,1,2,1,0,1,0,47.0,,voiture,,1,2,1,1,6
202000046030,2020-03-08 05:00:00,2020,3,8,5,0,74,74035,D910,45.824414,5.951409,Nuit sans éclairage public,En agglomération,Giratoire,Normale,Autre collision,3,2,2,0,1,3,1,0,4,50,1,4,3,0,1,0,20.0,,voiture,,3,2,6,1,6
202000046031,2020-03-10 16:15:00,2020,3,10,16,15,76,76222,Route de Saint Paer,49.493087,0.874191,Plein jour,Hors agglomération,Intersection en X,Pluie légère,Deux véhicules - côté,3,2,2,0,1,1,2,0,1,80,2,2,0,0,1,1,48.0,71.0,voiture,voiture,1,1,2,2,3
202000046032,2020-03-06 20:30:00,2020,3,6,20,30,33,33108,65 Rue Michel de Montaigne,44.85469,-0.038963,Nuit avec éclairage allumé,En agglomération,Hors intersection,Normale,Deux véhicules - arrière,3,2,2,0,1,1,1,0,1,50,2,4,1,0,0,3,42.0,47.0,voiture,voiture,5,2,1,1,2
202000046033,2020-03-10 10:00:00,2020,3,10,10,0,29,29266,32 Rue de la Gare,48.518836,-3.944521,Plein jour,En agglomération,Hors intersection,Pluie légère,Autre collision,4,2,2,0,2,1,2,0,3,30,1,1,0,1,0,0,88.0,,voiture,,1,2,1,2,6
202000046034,2020-03-09 21:00:00,2020,3,9,21,0,29,29250,Pont Born,48.218188,-3.585639,Nuit sans éclairage public,Hors agglomération,Hors intersection,Pluie légère,Autre collision,3,2,2,0,1,1,2,0,3,70,1,3,0,0,1,2,31.0,,utilitaire_camion,,3,1,1,2,6
202000046035,2020-03-09 06:00:00,2020,3,9,6,0,66,66063,D900,42.486894,2.837257,Nuit sans éclairage public,Hors agglomération,Hors intersection,Pluie légère,Sans collision,3,2,2,0,2,3,2,0,1,80,1,3,2,1,0,0,45.0,,utilitaire_camion,,3,1,1,2,7
202000046036,2020-03-10 13:45:00,2020,3,10,13,45,05,05068,D942,44.5065272,6.1095847,Plein jour,En agglomération,Hors intersection,Normale,Autre collision,3,2,2,0,2,1,1,0,1,50,1,2,1,0,1,0,73.0,,voiture,,1,2,1,1,6
202000046037,2020-03-10 19:15:00,2020,3,10,19,15,73,73204,D82M,45.5311117,5.6810797,Nuit sans éclairage public,En agglomération,Giratoire,Normale,Autre collision,3,2,2,0,1,3,1,5,1,50,1,2,1,0,0,1,47.0,,voiture,,3,2,6,1,6
202000046038,2020-03-10 08:33:00,2020,3,10,8,33,40,40119,Rue Victor Hugo,43.65633,-0.591191,Plein jour,En agglomération,Hors intersection,Normale,Autre collision,9,2,2,0,1,1,1,9,1,30,1,2,1,0,1,0,46.0,,voiture,,1,2,1,1,6
202000046039,2020-03-09 21:30:00,2020,3,9,21,30,24,24451,Route de Nontron,45.518406,0.652163,Nuit sans éclairage public,Hors agglomération,Intersection en X,Pluie légère,Deux véhicules - arrière,3,4,1,0,1,1,2,5,1,70,2,2,1,0,1,0,65.0,27.0,voiture,deux_roues,3,1,2,2,2
202000046040,2020-03-10 08:50:00,2020,3,10,8,50,04,04108,RN 85 / VC la draille,44.046481,6.030164,Plein jour,En agglomération,Intersection en Y,Normale,Deux véhicules - arrière,2,2,2,0,1,1,1,5,1,50,2,2,1,0,0,1,46.0,54.0,deux_roues,voiture,1,2,4,1,2
202000046041,2020-03-10 18:35:00,2020,3,10,18,35,85,85213,D36,46.59531,-1.31251,Crépuscule ou aube,Hors agglomération,Hors intersection,Pluie légère,Autre collision,3,2,2,0,1,2,2,0,3,80,1,4,3,0,1,0,35.0,,voiture,,2,1,1,2,6
202000046042,2020-03-09 11:00:00,2020,3,9,11,0,17,17253,19 Rue de la Libération,46.0372215,-0.8289447,Plein jour,En agglomération,Intersection en Y,Normale,Autre collision,4,2,2,0,1,3,1,0,1,50,1,2,1,0,1,0,75.0,,voiture,,1,2,4,1,6
202000046043,2020-03-10 13:45:00,2020,3,10,13,45,988,98805,RTE DE KOE RM6/RM12,-22.14562,166.47337,Plein jour,Hors agglomération,Intersection en T,Normale,Deux véhicules - frontale,4,2,2,0,1,1,1,0,1,50,2,2,0,1,0,1,71.0,54.0,voiture,voiture,1,1,3,1,1
202000046044,2020-02-18 16:11:00,2020,2,18,16,11,01,01229,Route de Bourg,46.3249982,5.1361333,Plein jour,Hors agglomération,Hors intersection,Temps couvert,Trois véhicules et plus - en chaîne,3,2,2,0,1,1,1,0,1,80,3,3,2,0,1,0,38.0,48.0,voiture,voiture,1,1,1,8,4
202000046045,2020-03-10 10:00:00,2020,3,10,10,0,33,33122,"A63, PK 013",44.71045,-0.74865,Plein jour,Hors agglomération,Hors intersection,Temps couvert,Deux véhicules - arrière,1,3,4,3,1,1,1,0,1,130,2,2,1,0,1,0,66.0,24.0,utilitaire_camion,utilitaire_camion,1,1,1,8,2
202000046046,2020-02-17 05:40:00,2020,2,17,5,40,06,06004,A8 PK 174.300 chaussée sud,43.60984,7.100451,Nuit sans éclairage public,Hors agglomération,Hors intersection,Normale,Deux véhicules - arrière,1,1,3,0,1,1,2,0,1,110,2,2,1,1,0,0,61.0,32.0,deux_roues,utilitaire_camion,3,1,1,1,2
202000046047,2020-02-12 15:00:00,2020,2,12,15,0,971,97103,Rue Henri Becquerel-jarry,16.242339,-61.564556,Plein jour,En agglomération,Autre intersection,Normale,Deux véhicules - côté,4,2,2,0,1,1,1,0,1,50,2,2,1,0,1,0,45.0,35.0,voiture,deux_roues,1,2,9,1,3
202000046048,2020-03-09 12:40:00,2020,3,9,12,40,91,91441,Autoroute A6,48.506824,2.51117,Plein jour,Hors agglomération,Hors intersection,Pluie légère,Deux véhicules - frontale,1,3,5,0,1,1,3,9,1,110,2,3,2,0,0,1,60.0,68.0,voiture,voiture,1,1,1,2,1
202000046049,2020-03-09 15:15:00,2020,3,9,15,15,987,98729,Pk 12+100 - Pihaena,-17.533189,-149.838611,Plein jour,En agglomération,Hors intersection,Normale,Autre collision,2,2,2,0,1,1,1,0,1,60,1,2,1,0,1,0,57.0,,voiture,,1,2,1,1,6
202000046050,2020-03-09 14:30:00,2020,3,9,14,30,28,28054,3 Rue de la Forge,48.648573,1.403332,Plein jour,En agglomération,Hors intersection,Normale,Autre collision,3,2,2,0,1,2,1,0,4,50,1,2,0,0,0,2,25.0,,deux_roues,,1,2,1,1,6
202000046051,2020-03-05 14:05:00,2020,3,5,14,5,78,78164,Route de Sonchamp,48.610652,1.90392,Plein jour,Hors agglomération,Hors intersection,Pluie forte,Autre collision,4,2,2,0,1,3,3,0,3,80,1,1,0,0,1,0,47.0,,voiture,,1,1,1,3,6
202000046052,2020-03-08 13:35:00,2020,3,8,13,35,38,38298,A7,45.380573,4.8051985,Plein jour,Hors agglomération,Hors intersection,Normale,Deux véhicules - côté,1,3,3,0,2,1,1,0,1,110,2,4,2,0,1,1,68.0,39.0,voiture,voiture,1,1,1,1,3
202000046053,2020-03-09 11:15:00,2020,3,9,11,15,68,68104,RD 52,47.992765,7.605318,Plein jour,Hors agglomération,Hors intersection,Normale,Deux véhicules - côté,3,2,2,0,1,1,1,0,3,80,2,2,1,0,1,0,29.0,85.0,voiture,deux_roues,1,1,1,1,3
202000046054,2020-03-07 11:30:00,2020,3,7,11,30,69,69228,"route departementale 342,",45.5621392,4.6423227,Plein jour,En agglomération,Hors intersection,Normale,Autre collision,3,2,2,0,1,1,1,0,8,70,1,1,0,0,0,1,21.0,,voiture,,1,2,1,1,6
202000046055,2020-03-10 18:00:00,2020,3,10,18,0,81,81251,N126,43.558019,2.070258,Plein jour,En agglomération,Hors intersection,Normale,Autre collision,2,2,2,0,1,1,1,0,1,80,1,2,1,0,0,1,35.0,,voiture,,1,2,1,1,6
202000046056,2020-03-09 17:50:00,2020,3,9,17,50,09,09236,D8A,42.919337,1.6299,Plein jour,Hors agglomération,Hors intersection,Normale,Autre collision,3,2,2,0,1,1,1,0,3,80,1,2,0,0,1,1,39.0,,voiture,,1,1,1,1,6
202000046057,2020-03-09 01:10:00,2020,3,9,1,10,33,33243,D670 / D1089 - perte de contrôle VU venant de la D1089 et terminant sur le toit D670,44.90031,-0.21452,Nuit sans éclairage public,En agglomération,Giratoire,Normale,Autre collision,3,2,2,0,1,1,1,5,3,50,1,1,0,0,0,1,29.0,,utilitaire_camion,,3,2,6,1,6
202000046058,2020-03-10 08:40:00,2020,3,10,8,40,61,61104,D908,48.586796,-0.275012,Plein jour,Hors agglomération,Hors intersection,Pluie légère,Autre collision,3,2,2,0,2,3,2,0,3,80,1,1,0,0,1,0,33.0,,voiture,,1,1,1,2,6
202000046059,2020-03-10 16:20:00,2020,3,10,16,20,59,59523,Route de Peronne,50.57285,3.170527,Plein jour,Hors agglomération,Hors intersection,Pluie légère,Deux véhicules - frontale,7,2,2,0,1,1,2,0,1,70,2,2,0,0,1,1,47.0,31.0,voiture,voiture,1,1,1,2,1
202000046060,2020-03-09 23:21:00,2020,3,9,23,21,13,13081,A7-Sens Marseille vers Lyon,43.488426,5.240671,Nuit sans éclairage public,Hors agglomération,Autre intersection,Pluie légère,Sans collision,1,1,2,0,2,2,2,0,1,50,1,1,0,0,0,1,23.0,,voiture,,3,1,9,2,7
202000046061,2020-03-06 21:40:00,2020,3,6,21,40,83,83112,A50,43.19705,5.70657,Nuit sans éclairage public,Hors agglomération,Hors intersection,Normale,,1,3,6,0,1,1,1,0,1,130,2,2,1,0,1,0,33.0,42.0,voiture,voiture,3,1,1,1,-1
202000046062,2020-03-06 09:15:00,2020,3,6,9,15,59,59512,ROUTE DEPARTEMENTALE 656,50.70274,3.159872,Plein jour,Hors agglomération,Hors intersection,Pluie légère,Deux véhicules - arrière,7,3,4,0,1,1,2,0,1,90,2,2,1,0,0,1,63.0,25.0,voiture,voiture,1,1,1,2,2
202000046063,2020-03-09 09:00:00,2020,3,9,9,0,91,91363,RN 104,48.64136,2.19955,Plein jour,Hors agglomération,Hors intersection,Normale,Trois véhicules et plus - en chaîne,2,3,4,0,1,1,2,0,1,110,3,4,2,0,0,2,39.0,61.0,voiture,voiture,1,1,1,1,4
202000046064,2020-03-08 22:08:00,2020,3,8,22,8,91,91064,RN 118,48.74906,2.2194,Nuit sans éclairage public,Hors agglomération,Hors intersection,Normale,,2,-1,2,0,1,1,1,0,1,90,2,1,0,0,0,1,22.0,,deux_roues,,3,1,1,1,-1
202000046065,2020-03-09 09:05:00,2020,3,9,9,5,78,78217,A13,48.965114,1.818676,Plein jour,Hors agglomération,Hors intersection,Pluie légère,Deux véhicules - arrière,1,3,3,0,1,1,2,0,1,130,2,3,2,0,0,1,37.0,21.0,utilitaire_camion,voiture,1,1,1,2,2
202000046066,2020-03-09 08:34:00,2020,3,9,8,34,92,92025,A86,48.9324839,2.248488,Plein jour,Hors agglomération,Hors intersection,Temps couvert,Trois véhicules et plus - collisions multiples,1,3,3,0,1,1,1,0,1,90,3,4,3,0,0,1,58.0,19.0,deux_roues,voiture,1,1,1,8,5
202000046067,2020-03-07 11:05:00,2020,3,7,11,5,95,95424,AUTOROUTE A15,48.99374,2.18547,Plein jour,Hors agglomération,Hors intersection,Normale,Deux véhicules - arrière,1,3,10,0,1,3,1,0,1,110,2,2,1,0,0,1,47.0,24.0,voiture,voiture,1,1,1,1,2
202000046068,2020-03-06 12:30:00,2020,3,6,12,30,93,93027,AUTOROUTE A86,48.92362,2.38471,Plein jour,Hors agglomération,Hors intersection,Normale,Trois véhicules et plus - collisions multiples,1,3,8,0,1,1,1,1,1,90,3,2,0,0,0,2,46.0,35.0,voiture,utilitaire_camion,1,1,1,1,5
202000046069,2020-03-09 12:45:00,2020,3,9,12,45,94,94033,A86.INT,48.8608,2.4843,Plein jour,Hors agglomération,Hors intersection,Normale,Trois véhicules et plus - en chaîne,1,1,2,0,1,1,2,0,1,90,3,3,1,0,0,2,39.0,42.0,voiture,voiture,1,1,1,1,4
202000046070,2020-03-07 17:30:00,2020,3,7,17,30,988,98818,FRANCE (RUE ANATOLE),-22.27155,166.44177,Plein jour,En agglomération,Hors intersection,Normale,Autre collision,4,1,1,0,1,1,1,0,1,50,1,2,1,0,0,1,35.0,,voiture,,1,2,1,1,6
202000046071,2020-03-08 17:30:00,2020,3,8,17,30,974,97409,Grand Canal ( chemin),-20.9635224,55.687276,Plein jour,En agglomération,Autre intersection,Pluie légère,Deux véhicules - frontale,3,2,2,0,2,1,1,0,1,50,2,2,0,0,0,2,27.0,28.0,utilitaire_camion,utilitaire_camion,1,2,9,2,1
202000046072,2020-03-08 21:30:00,2020,3,8,21,30,69,69388,VIVIANI                             (AV),45.72645,4.86453,Nuit avec éclairage allumé,En agglomération,Intersection en X,Pluie légère,Deux véhicules - côté,4,3,4,1,1,1,2,0,1,50,2,2,1,0,0,1,20.0,20.0,voiture,deux_roues,5,2,2,2,3
202000046073,2020-03-08 10:50:00,2020,3,8,10,50,69,69259,MAURICE THOREZ                      (AV),45.70258,4.87002,Plein jour,En agglomération,Autre intersection,Normale,Deux véhicules - frontale,4,2,2,0,1,1,1,0,1,50,2,2,1,0,0,1,35.0,42.0,voiture,voiture,1,2,9,1,1
202000046074,2020-03-08 07:00:00,2020,3,8,7,0,69,69388,MARYSE BASTIE                       (R ),45.7367,4.87399,Plein jour,En agglomération,Hors intersection,Normale,Autre collision,4,1,1,0,1,1,1,0,4,50,1,1,0,0,0,1,43.0,,utilitaire_camion,,1,2,1,1,6
202000046075,2020-03-07 15:30:00,2020,3,7,15,30,69,69259,DOCTEUR COBLOD (DU)                 (BD),45.70169,4.89124,Plein jour,En agglomération,Giratoire,Normale,Deux véhicules - côté,4,1,0,0,1,2,1,5,1,50,2,2,1,0,0,1,20.0,,voiture,,1,2,6,1,3
202000046076,2020-03-08 22:00:00,2020,3,8,22,0,69,69384,SCHUMAN                      (PT),45.78034,4.80969,Nuit avec éclairage allumé,En agglomération,Hors intersection,Pluie légère,Deux véhicules - arrière,4,2,4,0,1,1,2,2,1,50,2,3,0,0,0,3,19.0,38.0,voiture,voiture,5,2,1,2,2
202000046077,2020-03-08 21:25:00,2020,3,8,21,25,2A,2A004,FABIANI  DOMINIQUE,41.916194,8.7265028,Nuit avec éclairage allumé,En agglomération,Hors intersection,Normale,Sans collision,4,1,1,0,1,1,1,0,1,50,1,1,0,0,0,1,56.0,,deux_roues,,5,2,1,1,7
202000046078,2020-03-02 13:20:00,2020,3,2,13,20,95,95427,EPINAY (RUE D'),48.9639486,2.3355744,Plein jour,En agglomération,Intersection en T,Normale,Autre collision,3,2,2,0,1,1,1,0,1,50,1,2,1,0,0,1,72.0,,voiture,,1,2,3,1,6
202000046079,2020-03-07 11:00:00,2020,3,7,11,0,91,91326,CAMILLE DESMOULINS (RUE),48.69454,2.35849,Plein jour,En agglomération,Hors intersection,Normale,Autre collision,6,-1,0,0,1,1,1,0,1,50,1,3,1,0,0,2,35.0,,voiture,,1,2,1,1,6
202000046080,2020-03-08 20:05:00,2020,3,8,20,5,69,69275,JEAN JAURES                         (AV),45.77156,4.96788,Nuit avec éclairage allumé,En agglomération,Intersection en X,Pluie légère,Deux véhicules - côté,4,3,2,0,2,1,2,0,1,50,2,1,0,0,0,1,30.0,,deux_roues,,5,2,2,2,3
202000046081,2020-03-08 10:45:00,2020,3,8,10,45,69,69256,TITTA COIS                          (R ),45.7726,4.9071,Plein jour,En agglomération,Hors intersection,Normale,Autre collision,6,-1,-1,0,1,1,1,0,1,30,1,2,1,0,0,1,79.0,,voiture,,1,2,1,1,6
202000046082,2020-03-07 20:45:00,2020,3,7,20,45,69,69266,FRANCIS DE PRESSENSE    (Rue),45.77142,4.88317,Nuit avec éclairage allumé,En agglomération,Hors intersection,Normale,Deux véhicules - côté,4,2,2,1,1,1,1,0,1,50,2,6,5,0,0,1,36.0,19.0,voiture,voiture,5,2,1,1,3
202000046083,2020-03-07 13:00:00,2020,3,7,13,0,64,64102,NAVARRE (AVENUE HENRI DE),43.49809,-1.44849,Plein jour,En agglomération,Hors intersection,Pluie légère,Deux véhicules - arrière,4,-1,4,0,1,1,2,0,1,50,2,2,1,0,0,1,18.0,54.0,deux_roues,voiture,1,2,1,2,2
202000046084,2020-03-07 02:50:00,2020,3,7,2,50,60,60463,RD 200_SORTIE PONT BURTON_R.VACHETTE INC,49.2862894,2.468006,Nuit sans éclairage public,Hors agglomération,Autre intersection,Normale,Trois véhicules et plus - collisions multiples,3,-1,2,0,2,2,2,3,1,70,3,3,1,0,0,2,25.0,37.0,voiture,voiture,3,1,9,1,5
202000046085,2020-03-07 18:48:00,2020,3,7,18,48,57,57616,PAUL LANGEVIN (AVENUE ),49.14284,6.20063,Nuit avec éclairage allumé,En agglomération,Hors intersection,Normale,Deux véhicules - arrière,3,2,2,0,1,1,1,0,1,80,2,2,1,0,1,0,40.0,38.0,voiture,deux_roues,5,2,1,1,2
202000046086,2020-03-07 09:26:00,2020,3,7,9,26,42,42207,Rue de la Maladiere,45.48317,4.52806,Plein jour,En agglomération,Intersection en Y,Pluie légère,Deux véhicules - côté,3,2,2,0,3,1,2,3,1,50,2,2,1,0,0,1,31.0,70.0,voiture,voiture,1,2,4,2,3
202000046087,2020-03-08 05:53:00,2020,3,8,5,53,35,35238,VOLTAIRE (BD),48.1051,-1.6935,Nuit avec éclairage allumé,En agglomération,Intersection en T,Pluie légère,Trois véhicules et plus - en chaîne,4,2,2,1,1,1,2,5,1,50,3,3,1,0,0,2,43.0,22.0,utilitaire_camion,voiture,5,2,3,2,4
202000046088,2020-03-07 16:10:00,2020,3,7,16,10,35,35115,JAURES (BD JEAN),48.35259,-1.19954,Plein jour,En agglomération,Giratoire,Pluie légère,Deux véhicules - côté,4,2,2,0,2,1,2,5,1,30,2,3,2,0,1,0,17.0,42.0,deux_roues,voiture,1,2,6,2,3
202000046089,2020-03-08 21:10:00,2020,3,8,21,10,33,33281,Avenue Marcel Dassault,44.8434,-0.67267,Nuit avec éclairage allumé,En agglomération,Hors intersection,Pluie légère,Trois véhicules et plus - collisions multiples,4,2,3,0,1,1,2,0,1,50,3,2,1,0,0,1,32.0,25.0,voiture,deux_roues,5,2,1,2,5
202000046090,2020-03-07 12:30:00,2020,3,7,12,30,29,29232,Quai de l'Odet,47.9918147,-4.1099615,Plein jour,En agglomération,Hors intersection,Normale,Deux véhicules - côté,4,2,2,0,1,1,1,5,1,50,2,2,1,0,0,1,49.0,71.0,deux_roues,voiture,1,2,1,1,3
202000046091,2020-03-08 13:40:00,2020,3,8,13,40,27,27229,ORLEANS (RUE D'),48.99997,1.15389,Plein jour,En agglomération,Hors intersection,Pluie légère,Deux véhicules - frontale,3,3,0,0,1,1,2,0,1,50,2,3,1,0,0,2,59.0,24.0,voiture,voiture,1,2,1,2,1
202000046092,2020-03-07 19:02:00,2020,3,7,19,2,13,13211,COMMANDANT DE ROBIEN (RUE),43.28978,5.48283,Nuit sans éclairage public,En agglomération,Autre intersection,Normale,Autre collision,3,-1,0,0,2,1,1,0,8,30,1,2,1,0,0,1,24.0,,deux_roues,,3,2,9,1,6
202000046093,2020-03-08 04:35:00,2020,3,8,4,35,13,13213,POILUS (AVENUE DES),43.3223,5.4572,Nuit avec éclairage allumé,En agglomération,Giratoire,Normale,Autre collision,3,2,2,0,2,1,1,0,1,50,1,2,1,0,0,1,20.0,,utilitaire_camion,,5,2,6,1,6
202000046094,2020-03-08 03:10:00,2020,3,8,3,10,13,13047,RN 1569,43.510837,4.964649,Nuit sans éclairage public,Hors agglomération,Hors intersection,Normale,Sans collision,2,4,2,0,1,1,1,0,3,90,1,2,1,0,0,1,28.0,,voiture,,3,1,1,1,7