accident_id,datetime,annee,mois,jour,heure,minute,departement,commune_insee,adresse,latitude,longitude,luminosite,agglomeration,intersection,meteo,collision,catr,circ,nbv,vosp,prof,plan,surf,infra,situ,vma,nb_vehicules,nb_usagers,nb_indemnes,nb_tues,nb_blesses_hosp,nb_blesses_legers,age_cond_1,age_cond_2,veh_type_cond_1,veh_type_cond_2,lum_code,agg_code,int_code,atm_code,col_code
202000046095,2020-03-07 12:00:00,2020,3,7,12,0,06,06069,CROISSET (AVENUE FR. DE),43.665688,6.935192,Plein jour,En agglomération,Hors intersection,Normale,Deux véhicules - côté,3,2,2,0,2,2,1,0,1,50,2,2,1,0,0,1,59.0,75.0,deux_roues,utilitaire_camion,1,2,1,1,3
202000046096,2020-03-07 22:23:00,2020,3,7,22,23,75,75114,PORTE DE GENTILLY,48.816504,2.340294,Nuit avec éclairage allumé,En agglomération,Hors intersection,Normale,,4,1,3,0,1,1,1,0,1,70,2,2,1,0,0,1,22.0,33.0,voiture,voiture,5,2,1,1,-1
202000046097,2020-03-07 00:10:00,2020,3,7,0,10,75,75104,BOULEVARD DE MAGENTA,48.854041,2.36892,Plein jour,En agglomération,Intersection en X,Normale,,4,2,5,3,1,1,1,0,1,50,2,8,6,0,0,2,29.0,26.0,voiture,voiture,1,2,2,1,-1
202000046098,2020-03-08 09:55:00,2020,3,8,9,55,75,75120,RUE D AVRON,48.852705,2.406125,Plein jour,En agglomération,Intersection en X,Normale,Deux véhicules - côté,4,2,3,0,1,1,1,0,1,30,2,2,1,0,0,1,63.0,26.0,voiture,deux_roues,1,2,2,1,3
202000046099,2020-03-08 04:45:00,2020,3,8,4,45,75,75118,BOULEVARD DE CLICHY,48.884127,2.331826,Nuit avec éclairage allumé,En agglomération,Intersection en T,Normale,Autre collision,4,3,2,3,1,1,1,0,1,50,1,1,0,0,0,1,,,,,5,2,3,1,6
202000046100,2020-03-08 16:50:00,2020,3,8,16,50,75,75117,RUE DE PRONY,48.882839,2.303003,Plein jour,En agglomération,Intersection en X,Pluie légère,Deux véhicules - arrière,4,2,2,0,1,1,2,0,1,30,2,2,1,0,0,1,45.0,44.0,deux_roues,voiture,1,2,2,2,2
202000046101,2020-03-07 12:15:00,2020,3,7,12,15,75,75117,RUE LEGENDRE,48.889114,2.322751,Plein jour,En agglomération,Intersection en X,Normale,Deux véhicules - arrière,4,1,1,0,1,1,1,0,1,30,2,2,1,0,0,1,25.0,22.0,voiture,deux_roues,1,2,2,1,2
202000046102,2020-03-08 04:30:00,2020,3,8,4,30,75,75112,RUE DU FAUBOURG SAINT ANTOINE,48.850116,2.38444,Nuit avec éclairage allumé,En agglomération,Intersection à plus de 4 branches,Normale,Deux véhicules - côté,4,2,2,0,1,1,1,0,1,30,2,2,1,0,0,1,44.0,30.0,voiture,deux_roues,5,2,5,1,3
202000046103,2020-03-08 14:30:00,2020,3,8,14,30,75,75111,AVENUE LEDRU ROLLIN,48.855706,2.378717,Plein jour,En agglomération,Intersection en X,Normale,,4,2,2,0,1,1,2,0,1,50,2,2,1,0,0,1,35.0,48.0,voiture,deux_roues,1,2,2,1,-1
202000046104,2020-03-08 02:13:00,2020,3,8,2,13,75,75110,QUAI DE JEMMAPES,48.877444,2.365879,Nuit avec éclairage allumé,En agglomération,Intersection en X,Normale,Deux véhicules - côté,4,1,2,0,1,1,1,9,1,50,2,2,1,0,0,1,36.0,21.0,deux_roues,voiture,5,2,2,1,3
202000046105,2020-03-07 13:45:00,2020,3,7,13,45,75,75107,RUE BOSQUET,48.856127,2.306739,Plein jour,En agglomération,Intersection en T,Normale,Autre collision,4,2,3,1,1,1,1,0,1,50,1,2,1,0,0,1,37.0,,deux_roues,,1,2,3,1,6
202000046106,2020-03-08 13:55:00,2020,3,8,13,55,75,75103,RUE REAUMUR,48.865345,2.356633,Plein jour,En agglomération,Intersection en T,Pluie légère,Deux véhicules - côté,4,1,2,0,1,1,2,0,1,50,2,2,0,0,0,2,33.0,53.0,deux_roues,deux_roues,1,2,3,2,3
202000046107,2020-03-08 16:45:00,2020,3,8,16,45,93,93031,AV DE LA REPUBLIQUE  / BD FOCH,48.9497952,2.3289871,Plein jour,En agglomération,Intersection en X,Pluie légère,Deux véhicules - côté,3,2,2,0,1,1,2,0,1,50,2,2,1,0,0,1,42.0,37.0,voiture,voiture,1,2,2,2,3
202000046108,2020-03-08 18:15:00,2020,3,8,18,15,93,93007,FRANCOIS GARCIA (RUE),48.93841,2.45877,Plein jour,En agglomération,Hors intersection,Pluie légère,Autre collision,4,1,1,0,1,1,2,0,1,50,1,2,1,0,0,1,44.0,,voiture,,1,2,1,2,6
202000046109,2020-03-08 11:30:00,2020,3,8,11,30,974,97415,109 Chaussee Royale,-21.0110996,55.273692,Plein jour,En agglomération,Intersection en T,Normale,Deux véhicules - côté,2,1,2,0,1,1,1,0,1,50,2,2,1,0,0,1,36.0,26.0,deux_roues,voiture,1,2,3,1,3
202000046110,2020-03-08 18:10:00,2020,3,8,18,10,47,47178,Touron,44.498503,0.850722,Plein jour,Hors agglomération,Hors intersection,Pluie légère,,3,2,2,0,2,2,2,0,1,80,2,5,1,0,1,3,65.0,28.0,voiture,voiture,1,1,1,2,-1
202000046111,2020-03-09 10:00:00,2020,3,9,10,0,06,06149,Route de Laghet,43.748669,7.343497,Plein jour,Hors agglomération,Hors intersection,Normale,Deux véhicules - côté,7,2,2,0,2,4,1,0,1,50,2,3,0,2,0,1,34.0,33.0,utilitaire_camion,deux_roues,1,1,1,1,3
202000046112,2020-03-09 16:25:00,2020,3,9,16,25,95,95313,16 Grande Rue,49.112492,2.214936,Plein jour,En agglomération,Hors intersection,Normale,Autre collision,3,1,1,0,1,1,1,0,1,50,1,2,1,0,0,1,59.0,,voiture,,1,2,1,1,6
202000046113,2020-03-09 10:20:00,2020,3,9,10,20,71,71494,A6,46.40965,4.858425,Plein jour,Hors agglomération,Hors intersection,Normale,Deux véhicules - arrière,1,3,5,0,1,1,1,0,1,130,2,3,1,0,1,1,29.0,48.0,utilitaire_camion,utilitaire_camion,1,1,1,1,2
202000046114,2020-03-09 12:00:00,2020,3,9,12,0,26,26138,Autoroute du soleil,44.411206,4.730086,Plein jour,Hors agglomération,Hors intersection,Normale,Deux véhicules - arrière,1,2,5,0,1,1,1,0,1,130,2,4,1,0,1,2,26.0,56.0,utilitaire_camion,utilitaire_camion,1,1,1,1,2
202000046115,2020-02-14 23:45:00,2020,2,14,23,45,41,41161,A71 - PK 143+500 - Snes Orléans/Vierzon,47.527272,2.003546,Nuit sans éclairage public,Hors agglomération,Hors intersection,Normale,Trois véhicules et plus - en chaîne,1,3,2,0,1,2,1,0,1,130,3,6,5,0,0,1,25.0,45.0,voiture,voiture,3,1,1,1,4
202000046116,2020-03-07 18:45:00,2020,3,7,18,45,62,62338,69 Rue Louis Bouquet,50.6330253,2.828073,Crépuscule ou aube,Hors agglomération,Hors intersection,Normale,Deux véhicules - frontale,3,2,2,0,1,3,1,0,1,70,2,3,2,0,1,0,58.0,40.0,voiture,voiture,2,1,1,1,1
202000046117,2020-03-07 15:30:00,2020,3,7,15,30,74,74112,Route de Sillingy,45.939167,6.0937568,Plein jour,En agglomération,Intersection en T,Normale,Deux véhicules - côté,3,2,2,0,1,4,1,0,1,50,2,2,1,0,1,0,53.0,19.0,voiture,deux_roues,1,2,3,1,3
202000046118,2020-03-08 22:00:00,2020,3,8,22,0,14,14380,Loucelles,49.227856,-0.570173,Nuit sans éclairage public,Hors agglomération,Hors intersection,Pluie légère,Sans collision,2,3,4,0,2,1,2,0,3,110,1,2,1,0,1,0,25.0,,voiture,,3,1,1,2,7
202000046119,2020-03-06 13:15:00,2020,3,6,13,15,83,83057,DN7,43.384653,6.172643,Plein jour,Hors agglomération,Hors intersection,Normale,Deux véhicules - arrière,3,3,4,0,1,1,1,0,1,110,2,2,1,0,1,0,46.0,52.0,voiture,utilitaire_camion,1,1,1,1,2
202000046120,2020-03-02 19:27:00,2020,3,2,19,27,91,91577,D446,48.606144,2.494026,Nuit avec éclairage allumé,En agglomération,Autre intersection,Normale,Deux véhicules - côté,3,2,2,0,4,1,1,0,1,50,2,2,1,0,0,1,48.0,26.0,voiture,voiture,5,2,9,1,3
202000046121,2020-03-08 08:40:00,2020,3,8,8,40,62,62075,D 341 Route de Desvres,50.705638,1.6939467,Plein jour,Hors agglomération,Hors intersection,Pluie légère,Deux véhicules - frontale,3,2,2,0,1,1,2,0,1,80,2,2,1,0,1,0,24.0,50.0,voiture,voiture,1,1,1,2,1
202000046122,2020-03-08 22:30:00,2020,3,8,22,30,80,80709,23 Rue Feret,49.901159,1.826561,Nuit avec éclairage allumé,En agglomération,Hors intersection,Normale,Autre collision,3,2,2,0,1,3,1,0,3,50,1,1,0,0,0,1,56.0,,voiture,,5,2,1,1,6
202000046123,2020-02-25 11:40:00,2020,2,25,11,40,80,80611,D1001,49.766055,2.252621,Plein jour,Hors agglomération,Intersection en X,Pluie légère,Deux véhicules - côté,3,2,2,0,1,1,2,5,1,80,2,3,2,0,1,0,56.0,85.0,voiture,voiture,1,1,2,2,3
202000046124,2020-03-08 12:15:00,2020,3,8,12,15,89,89224,D91,47.7226969,3.85324,Plein jour,Hors agglomération,Intersection en T,Normale,Deux véhicules - côté,3,2,2,0,1,1,1,0,1,80,2,4,2,0,0,2,22.0,69.0,voiture,voiture,1,1,3,1,3
202000046125,2020-03-08 16:40:00,2020,3,8,16,40,61,61507,N12,48.556231,0.598197,Plein jour,Hors agglomération,Intersection en Y,Normale,Deux véhicules - arrière,2,2,2,0,1,1,2,0,1,80,2,3,0,0,1,2,70.0,32.0,voiture,voiture,1,1,4,1,2
202000046126,2020-03-07 23:00:00,2020,3,7,23,0,49,49307,Les Rouages (Corné),47.448686,-0.349953,Nuit sans éclairage public,Hors agglomération,Hors intersection,Normale,Autre collision,3,2,2,0,1,1,1,2,3,80,1,1,0,0,1,0,52.0,,voiture,,3,1,1,1,6
202000046127,2020-03-07 10:00:00,2020,3,7,10,0,46,46127,Route de Cahors,44.731781,1.375421,Plein jour,En agglomération,Hors intersection,Normale,Sans collision,6,-1,1,0,1,1,1,9,8,50,1,2,1,0,1,0,40.0,,voiture,,1,2,1,1,7
202000046128,2020-03-06 18:45:00,2020,3,6,18,45,86,86014,D131,46.778544,0.5550385,Nuit sans éclairage public,Hors agglomération,Hors intersection,Normale,Deux véhicules - frontale,3,2,2,-1,1,1,2,0,1,80,2,4,1,0,1,2,55.0,33.0,voiture,voiture,3,1,1,1,1
202000046129,2020-03-02 22:55:00,2020,3,2,22,55,34,34125,D9,43.664286,3.537657,Nuit sans éclairage public,Hors agglomération,Hors intersection,Normale,Autre collision,3,2,2,0,2,2,1,2,3,80,1,1,0,0,1,0,48.0,,voiture,,3,1,1,1,6
202000046130,2020-03-08 18:30:00,2020,3,8,18,30,31,31052,Route de Toulouse,43.403428,1.368029,Crépuscule ou aube,Hors agglomération,Hors intersection,Pluie légère,Autre collision,3,2,2,0,1,1,2,0,3,80,1,1,0,0,1,0,39.0,,voiture,,2,1,1,2,6
202000046131,2020-03-09 06:45:00,2020,3,9,6,45,31,31341,1297 Route des Platanes,43.718947,1.319003,Crépuscule ou aube,Hors agglomération,Hors intersection,Pluie légère,Autre collision,3,2,2,0,1,1,2,0,3,80,1,1,0,1,0,0,28.0,,voiture,,2,1,1,2,6
202000046132,2020-03-08 01:30:00,2020,3,8,1,30,01,01269,29 Route de La-cluse,46.164619,5.586206,Nuit sans éclairage public,Hors agglomération,Hors intersection,Normale,Deux véhicules - frontale,3,2,2,0,1,4,1,0,1,70,2,1,0,0,0,1,23.0,,voiture,,3,1,1,1,1
202000046133,2020-03-09 15:45:00,2020,3,9,15,45,72,72230,CD 213 La Croix,47.856597,0.132136,Plein jour,Hors agglomération,Intersection en X,Normale,Deux véhicules - côté,3,2,2,0,2,1,1,0,1,80,2,3,2,0,1,0,24.0,20.0,voiture,voiture,1,1,2,1,3
202000046134,2020-03-09 14:30:00,2020,3,9,14,30,14,14303,Route de Courtonne,49.126031,0.281562,Plein jour,Hors agglomération,Hors intersection,Normale,Deux véhicules - frontale,3,2,2,0,4,4,1,0,1,70,2,3,0,0,1,2,63.0,31.0,voiture,voiture,1,1,1,1,1
202000046135,2020-03-02 17:00:00,2020,3,2,17,0,50,50435,D50,49.495288,-1.608033,Plein jour,Hors agglomération,Hors intersection,Pluie légère,Deux véhicules - frontale,3,1,2,0,1,1,2,0,1,-1,2,2,0,0,0,2,26.0,30.0,voiture,voiture,1,1,1,2,1
202000046136,2020-03-09 15:15:00,2020,3,9,15,15,50,50283,D6,49.147005,-1.049119,Plein jour,Hors agglomération,Intersection en X,Temps couvert,Deux véhicules - côté,3,2,2,0,1,1,1,0,1,80,2,2,1,0,1,0,33.0,65.0,voiture,voiture,1,1,2,8,3
202000046137,2020-03-09 11:30:00,2020,3,9,11,30,16,16064,Lieu Dit la Tuiliere,45.9551148,0.8448369,Plein jour,Hors agglomération,Hors intersection,Normale,Autre collision,3,2,2,0,2,4,1,0,3,80,1,1,0,0,1,0,28.0,,voiture,,1,1,1,1,6
202000046138,2020-03-08 05:45:00,2020,3,8,5,45,53,53222,D12,48.211923,-0.708822,Nuit sans éclairage public,Hors agglomération,Hors intersection,Normale,Autre collision,3,2,2,0,1,4,1,0,3,80,1,2,0,0,2,0,28.0,,voiture,,3,1,1,1,6
202000046139,2020-03-06 17:15:00,2020,3,6,17,15,40,40017,Avenue des Pyrénées,43.731926,-0.571439,Plein jour,Hors agglomération,Hors intersection,Temps couvert,Trois véhicules et plus - collisions multiples,3,2,2,0,4,3,2,0,1,80,3,4,2,1,0,1,21.0,56.0,voiture,voiture,1,1,1,8,5
202000046140,2020-03-09 13:25:00,2020,3,9,13,25,40,40274,Route de Campagne,43.908365,-0.659078,Plein jour,Hors agglomération,Hors intersection,Pluie légère,Deux véhicules - frontale,3,2,2,0,1,2,2,0,1,80,2,2,1,1,0,0,72.0,38.0,voiture,voiture,1,1,1,2,1
202000046141,2020-03-07 09:50:00,2020,3,7,9,50,24,24352,Avenue Lakanal,45.254849,0.34144,Plein jour,En agglomération,Hors intersection,Normale,Autre collision,3,2,2,0,1,1,1,0,1,50,1,2,1,0,1,0,61.0,,voiture,,1,2,1,1,6
202000046142,2020-03-07 20:20:00,2020,3,7,20,20,37,37122,départementale 751,47.3405984,0.6427583,Nuit sans éclairage public,Hors agglomération,Hors intersection,Normale,Deux véhicules - arrière,3,3,2,0,3,2,1,2,1,50,2,4,1,0,0,3,37.0,44.0,utilitaire_camion,utilitaire_camion,3,1,1,1,2
202000046143,2020-03-08 16:00:00,2020,3,8,16,0,30,30228,D979,43.934673,4.385058,Plein jour,Hors agglomération,Hors intersection,Normale,Autre collision,3,2,2,0,2,2,1,0,1,80,1,1,0,0,1,0,23.0,,deux_roues,,1,1,1,1,6
202000046144,2020-03-07 12:00:00,2020,3,7,12,0,13,13051,Route Départementale 21,43.57544,5.130047,Plein jour,Hors agglomération,Hors intersection,Normale,Deux véhicules - côté,3,2,2,0,2,3,1,0,1,80,2,2,1,0,0,1,63.0,55.0,deux_roues,voiture,1,1,1,1,3
202000046145,2020-03-09 12:50:00,2020,3,9,12,50,01,01069,A40 PK 154+300,46.1282653,5.2827174,Plein jour,Hors agglomération,Hors intersection,Pluie légère,Deux véhicules - arrière,1,1,1,0,1,1,2,0,1,130,2,3,2,0,0,1,55.0,65.0,utilitaire_camion,voiture,1,1,1,2,2
202000046146,2020-03-08 17:30:00,2020,3,8,17,30,68,68309,a 35 pk 112+700,47.673819,7.469115,Plein jour,Hors agglomération,Hors intersection,Normale,Autre collision,1,3,4,0,1,1,1,0,1,130,1,2,1,0,1,0,37.0,,voiture,,1,1,1,1,6
202000046147,2020-03-09 02:15:00,2020,3,9,2,15,89,89339,A6,47.5707129,3.938176,Nuit sans éclairage public,Hors agglomération,Hors intersection,Pluie légère,Trois véhicules et plus - collisions multiples,1,3,4,0,1,1,2,0,1,130,3,6,5,1,0,0,78.0,67.0,voiture,utilitaire_camion,3,1,1,2,5
202000046148,2020-03-07 02:26:00,2020,3,7,2,26,57,57073,A4 PK 370+100 SENS STRASBOURG - PARIS,49.138498,6.815472,Nuit sans éclairage public,Hors agglomération,Hors intersection,Normale,Autre collision,1,3,4,0,1,2,1,9,1,110,1,4,3,1,0,0,36.0,,voiture,,3,1,1,1,6
202000046149,2020-03-08 15:11:00,2020,3,8,15,11,13,13011,ROUTE DÉPARTEMENTALE 5,43.737244,4.825723,Plein jour,Hors agglomération,Intersection en T,Normale,Trois véhicules et plus - collisions multiples,3,2,2,0,2,1,1,0,1,80,4,7,5,1,1,0,73.0,32.0,voiture,voiture,1,1,3,1,5
202000046150,2020-03-09 10:30:00,2020,3,9,10,30,27,27203,,49.053606,1.439359,Plein jour,Hors agglomération,Hors intersection,Pluie légère,Deux véhicules - arrière,1,3,5,0,1,1,2,0,1,130,2,3,1,0,0,2,60.0,56.0,voiture,voiture,1,1,1,2,2
202000046151,2020-03-09 07:32:00,2020,3,9,7,32,27,27388,D6178,49.450941,0.44632,Crépuscule ou aube,Hors agglomération,Hors intersection,Neige / grêle,Deux véhicules - frontale,3,2,2,0,1,1,9,0,1,80,2,2,1,0,1,0,47.0,24.0,utilitaire_camion,voiture,2,1,1,4,1
202000046152,2020-03-07 17:45:00,2020,3,7,17,45,987,98724,RT 113,-16.707602,-150.980902,Crépuscule ou aube,Hors agglomération,Hors intersection,Normale,Sans collision,2,2,2,0,1,3,1,0,3,60,1,3,1,0,2,0,29.0,,voiture,,2,1,1,1,7
202000046153,2020-03-08 03:15:00,2020,3,8,3,15,988,98821,COL DE LA PIROGUE,-22.08154,166.31874,Nuit sans éclairage public,Hors agglomération,Hors intersection,Normale,Deux véhicules - frontale,2,2,2,0,2,4,1,0,1,70,2,2,1,0,1,0,21.0,49.0,voiture,voiture,3,1,1,1,1
202000046154,2020-03-09 02:00:00,2020,3,9,2,0,971,97107,Rue de Neuf - Chateau,16.087321,-61.568316,Nuit sans éclairage public,Hors agglomération,Hors intersection,Normale,Autre collision,3,2,2,0,1,1,1,0,1,80,1,2,0,1,1,0,25.0,,deux_roues,,3,1,1,1,6
202000046155,2020-03-09 05:50:00,2020,3,9,5,50,971,97107,8 Rue de l'Ilet Perou,16.055237,-61.566986,Plein jour,Hors agglomération,Hors intersection,Normale,Autre collision,2,3,2,0,1,1,1,0,1,70,1,2,1,0,1,0,60.0,,voiture,,1,1,1,1,6
202000046156,2020-03-07 21:00:00,2020,3,7,21,0,972,97230,N1,14.753563,-60.978101,Nuit sans éclairage public,Hors agglomération,Hors intersection,Normale,Deux véhicules - frontale,2,2,3,0,2,3,2,0,1,80,2,3,0,0,1,2,63.0,38.0,voiture,voiture,3,1,1,1,1
202000046157,2020-03-08 16:55:00,2020,3,8,16,55,70,70416,Pomoy,47.657888,6.362819,Plein jour,Hors agglomération,Hors intersection,Normale,Trois véhicules et plus - collisions multiples,2,2,2,0,1,3,1,0,1,80,3,6,3,0,1,2,70.0,51.0,voiture,voiture,1,1,1,1,5
202000046158,2020-03-06 08:30:00,2020,3,6,8,30,67,67067,25 Rue du Général Duport,48.7317063,7.7055344,Plein jour,En agglomération,Hors intersection,Normale,,3,2,2,0,1,1,1,0,1,50,2,2,1,0,1,0,84.0,81.0,deux_roues,voiture,1,2,1,1,-1
202000046159,2020-03-07 15:50:00,2020,3,7,15,50,67,67345,69 Rue de la Gare,48.789456,7.8489091,Plein jour,Hors agglomération,Autre intersection,Normale,Deux véhicules - côté,3,2,2,0,1,1,1,0,1,80,2,2,1,0,1,0,54.0,75.0,deux_roues,voiture,1,1,9,1,3
202000046160,2020-03-07 10:30:00,2020,3,7,10,30,67,67131,32 Rue de la 1ere Division Blindee,48.4883098,7.7158293,Plein jour,En agglomération,Hors intersection,Normale,Autre collision,7,2,2,0,1,1,1,9,1,30,1,2,1,0,0,1,66.0,,voiture,,1,2,1,1,6
202000046161,2020-03-08 20:35:00,2020,3,8,20,35,69,69296,D312,45.634739,4.822322,Nuit avec éclairage allumé,Hors agglomération,Hors intersection,Normale,Deux véhicules - arrière,3,2,2,0,1,1,1,8,1,80,2,3,2,0,0,1,36.0,35.0,voiture,voiture,5,1,1,1,2
202000046162,2020-03-03 16:00:00,2020,3,3,16,0,69,69295,1280 route de marennes,45.6085,4.8699,Plein jour,Hors agglomération,Hors intersection,Normale,Autre collision,3,2,2,0,1,3,1,0,3,80,1,2,0,0,2,0,23.0,,voiture,,1,1,1,1,6
202000046163,2020-03-08 15:50:00,2020,3,8,15,50,09,09199,Lieu Dit l'Alma,43.211976,1.608011,Plein jour,Hors agglomération,Hors intersection,Normale,Deux véhicules - frontale,3,2,2,0,1,1,1,0,1,80,2,3,0,0,2,1,19.0,23.0,deux_roues,voiture,1,1,1,1,1
202000046164,2020-03-06 15:30:00,2020,3,6,15,30,19,19098,Lagarde-Marc-la-Tour,45.196797,1.835532,Plein jour,Hors agglomération,Hors intersection,Pluie forte,Deux véhicules - frontale,3,2,2,0,2,2,2,0,1,90,2,2,1,0,1,0,29.0,20.0,utilitaire_camion,voiture,1,1,1,3,1
202000046165,2020-03-07 19:00:00,2020,3,7,19,0,62,62604,Rue de la Buqueuse,50.617756,1.6537025,Nuit avec éclairage allumé,En agglomération,Hors intersection,Normale,,3,2,2,0,1,1,1,0,1,50,2,5,3,0,1,1,52.0,47.0,voiture,voiture,5,2,1,1,-1
202000046166,2020-03-06 17:05:00,2020,3,6,17,5,62,62560,Rue pasteur,50.816887,1.708395,Plein jour,En agglomération,Hors intersection,Normale,Autre collision,3,2,2,0,1,1,1,9,1,50,1,2,1,0,1,0,16.0,,deux_roues,,1,2,1,1,6
202000046167,2020-03-07 15:13:00,2020,3,7,15,13,13,13056,A55-Sens Martigues vers Marseille,43.3982334,5.0803347,Plein jour,Hors agglomération,Hors intersection,Normale,Deux véhicules - côté,1,-1,2,0,1,1,1,0,1,90,2,3,2,0,0,1,46.0,47.0,deux_roues,voiture,1,1,1,1,3
202000046168,2020-03-07 12:10:00,2020,3,7,12,10,13,13055,A507 sens Marseille - Aubagne,43.3024,5.4253,Plein jour,Hors agglomération,Hors intersection,Normale,Deux véhicules - côté,1,3,3,0,2,1,1,1,1,70,2,2,1,0,0,1,64.0,51.0,voiture,voiture,1,1,1,1,3
202000046169,2020-03-08 02:25:00,2020,3,8,2,25,13,13215,A7-Sens Marseille vers Lyon,43.3442,5.3754,Nuit avec éclairage allumé,Hors agglomération,Hors intersection,Normale,Deux véhicules - côté,1,1,4,0,1,1,1,0,1,70,2,1,0,0,0,1,28.0,,voiture,,5,1,1,1,3
202000046170,2020-03-07 11:20:00,2020,3,7,11,20,13,13071,A55-Sens Martigues vers Marseille,43.39687,5.28654,Plein jour,Hors agglomération,Hors intersection,Normale,Sans collision,1,1,2,0,1,1,1,0,3,90,1,1,0,0,0,1,27.0,,voiture,,1,1,1,1,7
202000046171,2020-03-06 19:33:00,2020,3,6,19,33,13,13055,A507 sens Marseille - Aubagne,43.3061,5.42511,Crépuscule ou aube,Hors agglomération,Hors intersection,Normale,Trois véhicules et plus - en chaîne,1,1,3,0,1,1,1,1,1,70,3,3,2,0,0,1,55.0,25.0,voiture,voiture,2,1,1,1,4
202000046172,2020-01-29 14:40:00,2020,1,29,14,40,13,13106,A51-Sens Aix en Provence vers Marseille,43.41274,5.36425,Plein jour,Hors agglomération,Hors intersection,Temps couvert,Deux véhicules - côté,1,-1,3,0,1,1,1,0,1,90,2,3,1,0,0,2,22.0,47.0,voiture,voiture,1,1,1,8,3
202000046173,2020-03-08 02:00:00,2020,3,8,2,0,38,38087,A7,45.58054,4.80208,Nuit sans éclairage public,Hors agglomération,Hors intersection,Normale,Deux véhicules - arrière,1,3,3,0,1,1,1,0,1,110,2,3,2,0,1,0,31.0,48.0,voiture,utilitaire_camion,3,1,1,1,2
202000046174,2020-03-08 00:10:00,2020,3,8,0,10,69,69256,A42    ,45.78458,4.89621,Nuit sans éclairage public,Hors agglomération,Hors intersection,Normale,Deux véhicules - côté,1,3,2,0,1,3,1,3,1,70,2,3,2,0,0,1,38.0,23.0,voiture,voiture,3,1,1,1,3
202000046175,2020-03-08 18:25:00,2020,3,8,18,25,94,94034,AUTOROUTE A86,48.7597,2.322,Nuit sans éclairage public,Hors agglomération,Hors intersection,Pluie légère,Trois véhicules et plus - en chaîne,1,2,2,0,1,1,2,0,1,70,3,4,3,0,0,1,48.0,45.0,voiture,voiture,3,1,1,2,4
202000046176,2020-03-08 07:48:00,2020,3,8,7,48,94,94037,AUTOROUTE A6B,48.80743,2.34683,Crépuscule ou aube,Hors agglomération,Hors intersection,Normale,Trois véhicules et plus - collisions multiples,1,3,2,0,1,1,1,1,1,70,3,3,2,0,0,1,34.0,53.0,voiture,voiture,2,1,1,1,5
202000046177,2020-03-08 05:20:00,2020,3,8,5,20,91,91689,AUTOROUTE A6B,48.74306,2.3229,Nuit sans éclairage public,Hors agglomération,Hors intersection,Normale,Deux véhicules - arrière,1,3,12,0,1,1,1,0,1,110,2,2,1,0,1,0,49.0,33.0,voiture,voiture,3,1,1,1,2
202000046178,2020-03-07 19:30:00,2020,3,7,19,30,77,77251,AUTOROUTE A5A,48.6188,2.5535,Nuit sans éclairage public,Hors agglomération,Hors intersection,Normale,Trois véhicules et plus - en chaîne,1,1,1,0,1,1,1,3,1,70,3,3,2,0,0,1,23.0,32.0,voiture,voiture,3,1,1,1,4
202000046179,2020-03-07 21:40:00,2020,3,7,21,40,78,78423,A12 Y,48.7953,2.0418,Nuit sans éclairage public,Hors agglomération,Hors intersection,Normale,Deux véhicules - côté,1,3,2,0,1,1,1,0,1,110,2,2,1,0,0,1,74.0,34.0,voiture,voiture,3,1,1,1,3
202000046180,2020-03-07 19:30:00,2020,3,7,19,30,94,94017,A4,48.82672,2.51579,Nuit avec éclairage allumé,Hors agglomération,Hors intersection,Normale,Deux véhicules - côté,1,3,4,0,1,1,1,1,1,90,2,5,4,0,0,1,23.0,34.0,deux_roues,voiture,5,1,1,1,3
202000046181,2020-03-07 15:40:00,2020,3,7,15,40,77,77517,A104.EXT,48.9052517,2.6427821,Plein jour,Hors agglomération,Hors intersection,Normale,,1,3,2,0,1,1,1,0,1,90,2,2,1,0,0,1,45.0,23.0,voiture,voiture,1,1,1,1,-1
202000046182,2020-03-03 11:00:00,2020,3,3,11,0,94,94018,A4,48.8175,2.4229,Plein jour,Hors agglomération,Hors intersection,Normale,Deux véhicules - arrière,1,1,5,0,1,1,1,0,1,90,2,3,2,0,0,1,31.0,29.0,voiture,voiture,1,1,1,1,2
202000046183,2020-03-07 11:55:00,2020,3,7,11,55,988,98818,RUE TEYSSANDIER DE LAUBAREDE,-22.26118,166.45071,Plein jour,En agglomération,Hors intersection,Normale,Sans collision,4,2,2,0,3,4,1,0,3,50,1,2,0,0,2,0,23.0,,voiture,,1,2,1,1,7
202000046184,2020-03-06 20:15:00,2020,3,6,20,15,974,97411,JAURES (BOULEVARD JEAN),-20.894148,55.471355,Nuit avec éclairage allumé,En agglomération,Hors intersection,Pluie légère,Trois véhicules et plus - en chaîne,2,3,0,0,1,1,2,5,1,50,3,4,3,0,0,1,36.0,25.0,voiture,voiture,5,2,1,2,4
202000046185,2020-03-07 10:29:00,2020,3,7,10,29,973,97302,SOURCE DE BADUEL (CHEMIN DE LA),4.9291516,-52.3086763,Plein jour,En agglomération,Hors intersection,Normale,Deux véhicules - côté,4,2,1,0,1,1,1,0,1,50,2,3,0,0,0,3,46.0,46.0,voiture,voiture,1,2,1,1,3