accident_id,datetime,annee,mois,jour,heure,minute,departement,commune_insee,adresse,latitude,longitude,luminosite,agglomeration,intersection,meteo,collision,catr,circ,nbv,vosp,prof,plan,surf,infra,situ,vma,nb_vehicules,nb_usagers,nb_indemnes,nb_tues,nb_blesses_hosp,nb_blesses_legers,age_cond_1,age_cond_2,veh_type_cond_1,veh_type_cond_2,lum_code,agg_code,int_code,atm_code,col_code
202000046279,2020-06-24 18:41:00,2020,6,24,18,41,67,67115,D1083,48.299803,7.494523,Plein jour,Hors agglomération,Intersection en Y,Normale,Trois véhicules et plus - collisions multiples,3,2,2,0,2,3,1,0,1,80,3,5,2,0,3,0,41.0,58.0,voiture,voiture,1,1,4,1,5
202000046280,2020-06-25 15:15:00,2020,6,25,15,15,52,52384,A31 PK 103+800,47.821863,5.224896,Plein jour,Hors agglomération,Hors intersection,Normale,Deux véhicules - arrière,1,1,5,0,1,1,1,0,1,130,2,3,1,0,1,1,27.0,69.0,utilitaire_camion,voiture,1,1,1,1,2
202000046281,2020-06-15 20:20:00,2020,6,15,20,20,62,62502,21 Rue Adam Grunewald,50.624035,2.681866,Plein jour,En agglomération,Hors intersection,Normale,Deux véhicules - frontale,3,2,2,0,1,3,1,0,1,50,2,4,2,0,1,1,19.0,39.0,voiture,voiture,1,2,1,1,1
202000046282,2020-06-22 15:25:00,2020,6,22,15,25,34,34032,A75,43.364174,3.275852,Plein jour,Hors agglomération,Hors intersection,Normale,Deux véhicules - côté,1,3,1,0,1,3,9,3,1,110,2,2,0,0,0,2,47.0,52.0,voiture,voiture,1,1,1,1,3
202000046283,2020-06-21 06:21:00,2020,6,21,6,21,61,61194,A88,48.738592,-0.072806,Crépuscule ou aube,Hors agglomération,Hors intersection,Normale,Autre collision,1,3,4,0,1,1,1,0,1,130,1,1,0,0,0,1,29.0,,voiture,,2,1,1,1,6
202000046284,2020-06-25 10:00:00,2020,6,25,10,0,57,57043,D1,49.255727,6.20086,Plein jour,Hors agglomération,Intersection en T,Normale,Deux véhicules - côté,3,2,2,0,1,1,1,5,1,80,2,2,1,0,1,0,42.0,44.0,utilitaire_camion,deux_roues,1,1,3,1,3
202000046285,2020-06-23 12:30:00,2020,6,23,12,30,19,19237,D145,45.159822,2.124336,Plein jour,Hors agglomération,Hors intersection,Normale,,3,2,1,0,1,3,1,0,1,90,2,2,1,0,0,1,36.0,56.0,utilitaire_camion,voiture,1,1,1,1,-1
202000046286,2020-06-26 15:15:00,2020,6,26,15,15,74,74309,Route de Frangy,46.112486,6.040184,Plein jour,En agglomération,Intersection en Y,Normale,Trois véhicules et plus - collisions multiples,3,2,2,0,2,2,1,0,1,50,3,3,2,0,1,0,47.0,47.0,deux_roues,voiture,1,2,4,1,5
202000046287,2020-06-26 04:45:00,2020,6,26,4,45,74,74309,route de bellegarde - lieu dit germagny,46.113557,6.008266,Crépuscule ou aube,Hors agglomération,Hors intersection,Normale,,3,2,2,0,1,1,1,0,1,80,2,1,0,0,1,0,50.0,,deux_roues,,2,1,1,1,-1
202000046288,2020-06-25 22:15:00,2020,6,25,22,15,79,79063,Rue de la Forge Fleurie,47.031203,-0.299809,Crépuscule ou aube,Hors agglomération,Hors intersection,Normale,Autre collision,4,2,2,0,1,1,1,0,1,50,1,2,1,0,0,1,62.0,,voiture,,2,1,1,1,6
202000046289,2020-06-25 07:00:00,2020,6,25,7,0,79,79117,Chemin de la Rue,46.4474,-0.50813,Plein jour,Hors agglomération,Hors intersection,Normale,Sans collision,4,2,2,0,1,1,1,0,3,50,1,1,0,0,1,0,45.0,,deux_roues,,1,1,1,1,7
202000046290,2020-06-25 14:45:00,2020,6,25,14,45,80,80315,15 Route Nationale,49.73531,2.253824,Plein jour,En agglomération,Hors intersection,Normale,Deux véhicules - frontale,3,2,2,0,1,1,1,0,1,50,2,2,1,0,1,0,70.0,74.0,voiture,voiture,1,2,1,1,1
202000046291,2020-06-26 11:05:00,2020,6,26,11,5,89,89418,12 b Avenue de la Gare,47.85818,3.974599,Plein jour,En agglomération,Autre intersection,Normale,Autre collision,4,1,1,0,1,1,1,9,1,50,1,2,1,0,1,0,35.0,,voiture,,1,2,9,1,6
202000046292,2020-06-25 15:25:00,2020,6,25,15,25,49,49160,D723,47.411229,-0.93039,Plein jour,Hors agglomération,Hors intersection,Normale,Deux véhicules - frontale,3,2,2,0,4,1,1,0,1,80,2,3,0,1,2,0,55.0,77.0,voiture,voiture,1,1,1,1,1
202000046293,2020-06-25 17:10:00,2020,6,25,17,10,42,42224,Route du Col de la Republique,45.352873,4.469687,Plein jour,Hors agglomération,Hors intersection,Normale,Deux véhicules - frontale,3,2,2,0,1,1,1,0,1,80,2,2,1,0,0,1,63.0,47.0,utilitaire_camion,deux_roues,1,1,1,1,1
202000046294,2020-06-26 08:35:00,2020,6,26,8,35,34,34234,D13,43.532943,3.22894,Plein jour,Hors agglomération,Intersection en T,Normale,Deux véhicules - frontale,3,2,2,0,2,1,1,0,1,80,2,3,0,0,2,1,35.0,56.0,utilitaire_camion,voiture,1,1,3,1,1
202000046295,2020-06-24 11:25:00,2020,6,24,11,25,44,44125,Avenue Louis Clément,47.367619,-2.537785,Plein jour,Hors agglomération,Intersection en Y,Normale,Deux véhicules - côté,3,2,2,0,1,3,1,0,1,70,2,2,1,0,0,1,56.0,71.0,utilitaire_camion,deux_roues,1,1,4,1,3
202000046296,2020-06-25 15:45:00,2020,6,25,15,45,44,44117,4 Rue de la Rochelle,47.137994,-1.341652,Nuit avec éclairage allumé,En agglomération,Intersection en T,Normale,Deux véhicules - côté,4,2,2,0,2,1,1,5,1,50,2,2,1,0,0,1,64.0,17.0,voiture,deux_roues,5,2,3,1,3
202000046297,2020-06-25 14:40:00,2020,6,25,14,40,35,35248,N176,48.566242,-1.589971,Plein jour,Hors agglomération,Hors intersection,Normale,Trois véhicules et plus - collisions multiples,2,3,4,0,1,1,1,8,1,110,3,5,2,0,0,3,37.0,34.0,voiture,utilitaire_camion,1,1,1,1,5
202000046298,2020-06-25 08:40:00,2020,6,25,8,40,35,35133,La Petite Pommeraie,48.131398,-2.070938,Plein jour,Hors agglomération,Intersection en T,Normale,Deux véhicules - côté,3,2,2,0,2,1,1,0,1,80,2,2,1,0,1,0,24.0,52.0,voiture,voiture,1,1,3,1,3
202000046299,2020-06-25 17:10:00,2020,6,25,17,10,35,35133,Trémelin,48.102416,-2.039766,Plein jour,Hors agglomération,Intersection en T,Normale,Deux véhicules - côté,3,2,2,0,1,1,1,0,1,80,2,2,1,0,1,0,36.0,16.0,utilitaire_camion,deux_roues,1,1,3,1,3
202000046300,2020-06-08 15:00:00,2020,6,8,15,0,31,31230,Rue des Pyrénées,43.719455,1.436623,Plein jour,En agglomération,Hors intersection,Normale,Deux véhicules - frontale,4,2,2,0,1,2,1,0,1,50,2,1,0,0,0,1,54.0,,voiture,,1,2,1,1,1
202000046301,2020-06-26 13:44:00,2020,6,26,13,44,85,85108,21 Rue de la Clairière,46.906171,-1.375021,Plein jour,En agglomération,Hors intersection,Temps couvert,Deux véhicules - frontale,4,2,2,0,1,2,1,0,1,50,2,2,1,0,0,1,33.0,50.0,voiture,transport_commun,1,2,1,8,1
202000046302,2020-06-26 08:05:00,2020,6,26,8,5,26,26086,29 Rue de la Gare,44.693857,5.483047,Plein jour,En agglomération,Hors intersection,Normale,Deux véhicules - arrière,3,2,2,0,1,1,1,0,1,50,2,2,1,0,0,1,53.0,21.0,utilitaire_camion,deux_roues,1,2,1,1,2
202000046303,2020-06-25 12:40:00,2020,6,25,12,40,54,54008,D674,48.553227,5.895785,Plein jour,Hors agglomération,Hors intersection,Normale,Autre collision,3,3,4,0,1,1,1,0,3,80,1,1,0,0,1,0,32.0,,voiture,,1,1,1,1,6
202000046304,2020-06-25 17:45:00,2020,6,25,17,45,54,54589,RD657,48.969199,6.050747,Plein jour,Hors agglomération,Intersection en X,Temps éblouissant,Deux véhicules - arrière,3,2,2,0,1,1,1,0,1,80,2,2,1,0,1,0,39.0,49.0,voiture,voiture,1,1,2,7,2
202000046305,2020-06-20 12:35:00,2020,6,20,12,35,14,14294,24 Chemin de la Haie Morin,49.101273,-0.287991,Plein jour,En agglomération,Hors intersection,Normale,Autre collision,4,2,2,0,1,1,1,0,1,50,1,1,0,0,0,1,31.0,,deux_roues,,1,2,1,1,6
202000046306,2020-06-26 09:55:00,2020,6,26,9,55,05,05164,RN94,44.526259,6.407091,Plein jour,En agglomération,Hors intersection,Normale,Autre collision,2,2,2,0,2,1,1,0,4,50,1,2,1,0,0,1,40.0,,voiture,,1,2,1,1,6
202000046307,2020-06-26 15:30:00,2020,6,26,15,30,50,50399,D106,48.691885,-1.210155,Plein jour,Hors agglomération,Autre intersection,Normale,Sans collision,3,-1,2,0,1,1,1,0,3,80,1,1,0,0,0,1,70.0,,voiture,,1,1,9,1,7
202000046308,2020-06-26 11:40:00,2020,6,26,11,40,50,50453,Avenue du President,48.845485,-1.201243,Plein jour,Hors agglomération,Intersection en X,Normale,Deux véhicules - côté,3,3,4,0,4,1,1,5,1,80,2,2,1,0,0,1,42.0,22.0,voiture,utilitaire_camion,1,1,2,1,3
202000046309,2020-06-23 18:10:00,2020,6,23,18,10,45,45098,Rue du Moulin,47.8168635,1.7658079,Plein jour,En agglomération,Hors intersection,Normale,Autre collision,4,2,2,0,1,2,1,0,3,50,1,1,0,0,1,0,27.0,,deux_roues,,1,2,1,1,6
202000046310,2020-06-25 17:15:00,2020,6,25,17,15,64,64160,1 Rue Etchegorria,43.362388,-1.407092,Plein jour,En agglomération,Intersection en T,Normale,Deux véhicules - côté,4,2,2,0,1,1,2,0,1,50,2,3,1,0,2,0,21.0,41.0,deux_roues,voiture,1,2,3,1,3
202000046311,2020-06-25 19:20:00,2020,6,25,19,20,18,18100,8 Rue du Haut Bourg,47.193015,1.895292,Plein jour,En agglomération,Intersection en Y,Temps éblouissant,Deux véhicules - côté,3,2,2,0,1,1,1,0,1,50,2,3,2,0,0,1,31.0,15.0,voiture,deux_roues,1,2,4,7,3
202000046312,2020-06-26 05:38:00,2020,6,26,5,38,40,40303,Route de Montine,44.090082,-0.917702,Crépuscule ou aube,Hors agglomération,Hors intersection,Normale,Autre collision,3,2,2,0,1,1,1,0,3,40,1,1,0,1,0,0,37.0,,utilitaire_camion,,2,1,1,1,6
202000046313,2020-06-25 08:50:00,2020,6,25,8,50,85,85128,Boulevard de l'Océan,46.451142,-1.159884,Plein jour,En agglomération,Intersection en X,Normale,Deux véhicules - côté,3,2,2,0,1,1,1,0,1,50,2,2,1,0,1,0,46.0,73.0,utilitaire_camion,deux_roues,1,2,2,1,3
202000046314,2020-06-25 23:30:00,2020,6,25,23,30,27,27065,Rue Louis Gillain,49.349737,0.367436,Nuit sans éclairage public,Hors agglomération,Hors intersection,Normale,Sans collision,3,2,2,0,1,1,1,0,1,-1,1,1,0,0,0,1,17.0,,deux_roues,,3,1,1,1,7
202000046315,2020-06-25 23:10:00,2020,6,25,23,10,17,17041,D116,46.189457,-0.828824,Nuit sans éclairage public,Hors agglomération,Hors intersection,Normale,Deux véhicules - côté,3,2,2,0,1,1,1,0,3,80,2,3,0,0,3,0,26.0,29.0,voiture,voiture,3,1,1,1,3
202000046316,2020-06-26 07:20:00,2020,6,26,7,20,52,52057,D227,48.352178,4.880837,Plein jour,Hors agglomération,Hors intersection,Normale,Deux véhicules - frontale,3,2,2,0,1,1,1,0,1,80,2,2,0,0,2,0,51.0,52.0,voiture,voiture,1,1,1,1,1
202000046317,2020-06-25 19:00:00,2020,6,25,19,0,24,24194,Rue du Grand Caminel,44.833991,0.338704,Crépuscule ou aube,En agglomération,Passage à niveau,Normale,Autre collision,4,2,2,0,1,1,1,4,1,50,1,2,1,1,0,0,44.0,,transport_commun,,2,2,8,1,6
202000046318,2020-06-26 11:40:00,2020,6,26,11,40,06,06161,91 Chemin du Val de Pomme,43.625922,7.116151,Plein jour,Hors agglomération,Hors intersection,Normale,Deux véhicules - arrière,1,3,5,0,1,1,1,0,1,110,2,2,1,1,0,0,51.0,61.0,voiture,deux_roues,1,1,1,1,2
202000046319,2020-06-26 10:30:00,2020,6,26,10,30,69,69089,14 Rue des Ecoles,45.737829,4.773266,Plein jour,En agglomération,Hors intersection,Pluie légère,Autre collision,3,2,2,0,1,1,2,0,1,50,1,2,1,1,0,0,50.0,,utilitaire_camion,,1,2,1,2,6
202000046320,2020-06-26 10:15:00,2020,6,26,10,15,45,45169,A10 PK 101+500 sens Paris Province,47.8995736,1.8052098,Plein jour,Hors agglomération,Hors intersection,Normale,Autre collision,1,3,6,0,1,1,1,0,3,130,1,2,0,0,1,1,32.0,,voiture,,1,1,1,1,6
202000046321,2020-06-25 15:25:00,2020,6,25,15,25,987,98747,RT3 PK 12+800 sens TAUTIRA / TARAVAO,-17.75024,-149.192147,Plein jour,Hors agglomération,Hors intersection,Normale,Deux véhicules - côté,2,2,2,0,1,3,1,0,1,60,2,2,0,0,0,2,88.0,24.0,voiture,voiture,1,1,1,1,3
202000046322,2020-06-24 07:05:00,2020,6,24,7,5,971,97112,D203,15.870215,-61.281374,Plein jour,En agglomération,Intersection en X,Temps éblouissant,Deux véhicules - frontale,3,2,2,0,1,1,1,0,1,70,2,2,1,0,1,0,62.0,71.0,deux_roues,voiture,1,2,2,7,1
202000046323,2020-06-25 16:00:00,2020,6,25,16,0,2B,2B036,D5,42.540481,9.296451,Plein jour,Hors agglomération,Hors intersection,Normale,Autre collision,3,2,2,0,2,2,1,0,3,80,1,1,0,0,1,0,53.0,,deux_roues,,1,1,1,1,6
202000046324,2020-06-25 19:05:00,2020,6,25,19,5,34,34285,D131,43.51632,3.513842,Plein jour,Hors agglomération,Hors intersection,Normale,Autre collision,3,-1,2,0,1,1,1,0,3,80,1,1,0,0,1,0,57.0,,voiture,,1,1,1,1,6
202000046325,2020-06-26 00:30:00,2020,6,26,0,30,58,58160,Route de Marcé,46.990389,3.101792,Nuit sans éclairage public,Hors agglomération,Hors intersection,Normale,Deux véhicules - arrière,4,2,2,0,1,1,1,0,1,80,2,4,0,0,0,4,44.0,30.0,voiture,voiture,3,1,1,1,2
202000046326,2020-06-25 16:40:00,2020,6,25,16,40,74,74080,D909,45.886902,6.433396,Plein jour,Hors agglomération,Intersection en X,Normale,Deux véhicules - côté,3,2,2,0,2,2,1,0,1,50,2,2,1,0,1,0,35.0,36.0,deux_roues,voiture,1,1,2,1,3
202000046327,2020-06-26 07:55:00,2020,6,26,7,55,38,38449,Boulevard de Tharabie,45.647765,5.101816,Plein jour,En agglomération,Intersection en X,Normale,Deux véhicules - côté,3,3,2,0,1,1,1,0,1,70,2,4,2,0,0,2,36.0,36.0,voiture,voiture,1,2,2,1,3
202000046328,2020-06-25 15:50:00,2020,6,25,15,50,46,46102,1 Rue Lucien Cavalie,44.607303,2.032346,Plein jour,En agglomération,Hors intersection,Normale,,3,2,2,0,1,1,1,0,1,50,1,2,1,0,1,0,62.0,,voiture,,1,2,1,1,-1
202000046329,2020-06-26 12:15:00,2020,6,26,12,15,64,64261,N 134,43.173081,-0.540969,Plein jour,Hors agglomération,Hors intersection,Normale,Trois véhicules et plus - en chaîne,2,2,2,0,1,1,1,0,1,80,3,3,2,0,1,0,33.0,31.0,voiture,utilitaire_camion,1,1,1,1,4
202000046330,2020-06-25 10:00:00,2020,6,25,10,0,27,27016,Cote de Clery,49.238683,1.425299,Plein jour,Hors agglomération,Hors intersection,Normale,Sans collision,3,2,2,0,2,2,1,0,1,80,1,1,0,0,1,0,28.0,,deux_roues,,1,1,1,1,7
202000046331,2020-06-26 12:40:00,2020,6,26,12,40,60,60141,Avenue du Général Leclerc,49.184189,2.459832,Plein jour,En agglomération,Hors intersection,Normale,Autre collision,3,2,2,0,2,1,1,2,1,50,1,1,0,0,0,1,32.0,,utilitaire_camion,,1,2,1,1,6
202000046332,2020-06-26 12:05:00,2020,6,26,12,5,80,80685,Autoroute A1,49.7217393,2.7778146,Plein jour,Hors agglomération,Autre intersection,Temps couvert,Deux véhicules - côté,1,1,3,0,1,1,1,0,5,130,2,4,3,0,1,0,59.0,27.0,utilitaire_camion,voiture,1,1,9,8,3
202000046333,2020-06-25 12:00:00,2020,6,25,12,0,13,13005,A50-Sens Aubagne vers Marseille,43.2886595,5.5492683,Plein jour,Hors agglomération,Hors intersection,Normale,Autre collision,1,3,3,0,1,1,1,0,1,90,1,1,0,0,1,0,60.0,,voiture,,1,1,1,1,6
202000046334,2020-06-24 22:20:00,2020,6,24,22,20,13,13085,A50-Sens Aubagne vers Toulon,43.246877,5.596261,Nuit sans éclairage public,Hors agglomération,Hors intersection,Normale,,1,1,3,0,2,3,1,0,1,110,2,3,1,0,1,1,49.0,30.0,deux_roues,voiture,3,1,1,1,-1
202000046335,2020-06-24 17:20:00,2020,6,24,17,20,13,13005,A50 - Sens Aubagne vers Marseille,43.2690344,5.5881518,Plein jour,Hors agglomération,Hors intersection,Normale,Sans collision,1,-1,3,0,2,3,1,0,1,110,1,1,0,0,1,0,32.0,,deux_roues,,1,1,1,1,7
202000046336,2020-06-24 22:40:00,2020,6,24,22,40,83,83137,A50 Accès Tunnel Tube Nord,43.12506,5.90625,Nuit avec éclairage allumé,Hors agglomération,Hors intersection,Normale,Sans collision,1,3,6,0,1,1,1,0,1,6,1,1,0,0,0,1,54.0,,deux_roues,,5,1,1,1,7
202000046337,2020-06-25 13:10:00,2020,6,25,13,10,69,69199,A7 ,45.6936772,4.8434024,Plein jour,Hors agglomération,Hors intersection,Normale,Deux véhicules - côté,1,3,4,0,1,2,1,3,1,90,2,2,1,0,0,1,50.0,19.0,deux_roues,voiture,1,1,1,1,3
202000046338,2020-06-25 14:30:00,2020,6,25,14,30,92,92002,AUTOROUTE A86,48.7632364,2.305309,Plein jour,Hors agglomération,Hors intersection,Normale,Trois véhicules et plus - collisions multiples,1,3,3,0,2,1,1,0,1,90,3,3,1,0,0,2,45.0,69.0,utilitaire_camion,voiture,1,1,1,1,5
202000046339,2020-06-25 20:11:00,2020,6,25,20,11,92,92036,RN315 Y,48.9290645,2.302478,Plein jour,Hors agglomération,Hors intersection,Normale,Autre collision,2,2,1,0,1,1,1,0,1,90,1,2,1,0,0,1,45.0,,deux_roues,,1,1,1,1,6
202000046340,2020-06-24 10:45:00,2020,6,24,10,45,92,92036,A86,48.9343472,2.2696661,Plein jour,Hors agglomération,Hors intersection,Normale,Trois véhicules et plus - en chaîne,1,3,2,0,1,1,1,0,1,90,4,5,4,0,0,1,38.0,52.0,voiture,voiture,1,1,1,1,4
202000046341,2020-06-25 18:15:00,2020,6,25,18,15,92,92036,AUTOROUTE A86,48.93839,2.3133,Plein jour,Hors agglomération,Hors intersection,Normale,Trois véhicules et plus - en chaîne,1,3,3,0,1,1,1,0,1,90,3,3,2,0,0,1,54.0,25.0,utilitaire_camion,voiture,1,1,1,1,4
202000046342,2020-06-25 10:30:00,2020,6,25,10,30,95,95604, A1,49.12312,2.55677,Plein jour,Hors agglomération,Hors intersection,Normale,Deux véhicules - arrière,1,3,6,0,1,2,1,0,1,130,2,2,0,0,1,1,24.0,39.0,voiture,voiture,1,1,1,1,2
202000046343,2020-06-25 11:30:00,2020,6,25,11,30,93,93006,AUTOROUTE A3,48.86657,2.42402,Plein jour,Hors agglomération,Hors intersection,Normale,Deux véhicules - côté,1,3,8,0,2,1,1,0,1,90,2,2,1,0,0,1,33.0,44.0,voiture,utilitaire_camion,1,1,1,1,3
202000046344,2020-06-25 09:30:00,2020,6,25,9,30,93,93066,AUTOROUTE A1,48.92997,2.36353,Plein jour,Hors agglomération,Hors intersection,Normale,Deux véhicules - arrière,1,3,10,3,1,1,1,0,1,90,2,2,1,0,0,1,44.0,23.0,utilitaire_camion,deux_roues,1,1,1,1,2
202000046345,2020-06-24 17:30:00,2020,6,24,17,30,93,93005,AUTOROUTE A1,48.96072,2.4679,Plein jour,Hors agglomération,Hors intersection,Temps éblouissant,Trois véhicules et plus - collisions multiples,1,3,-1,0,1,1,1,0,1,90,5,6,4,0,0,2,46.0,41.0,utilitaire_camion,utilitaire_camion,1,1,1,7,5
202000046346,2020-06-24 14:00:00,2020,6,24,14,0,93,93007,AUTOROUTE A3,48.92071,2.47937,Plein jour,Hors agglomération,Hors intersection,Normale,Sans collision,1,3,6,0,1,1,1,0,1,110,1,1,0,0,0,1,38.0,,deux_roues,,1,1,1,1,7
202000046347,2020-06-21 21:20:00,2020,6,21,21,20,95,95212,A1,49.03355,2.54136,Plein jour,Hors agglomération,Hors intersection,Normale,Autre collision,1,3,1,0,2,3,1,0,1,50,1,2,0,0,2,0,34.0,,voiture,,1,1,1,1,6
202000046348,2020-06-24 08:05:00,2020,6,24,8,5,95,95018,A15,48.96292,2.26538,Plein jour,Hors agglomération,Hors intersection,Normale,Deux véhicules - côté,1,3,5,0,1,1,1,0,1,110,2,2,1,0,0,1,55.0,26.0,voiture,deux_roues,1,1,1,1,3
202000046349,2020-06-24 08:15:00,2020,6,24,8,15,93,93005,AUTOROUTE A3,48.93125,2.48096,Plein jour,Hors agglomération,Hors intersection,Normale,Deux véhicules - côté,1,3,8,0,1,1,1,0,1,110,2,2,1,0,0,1,25.0,47.0,voiture,deux_roues,1,1,1,1,3
202000046350,2020-06-25 18:45:00,2020,6,25,18,45,77,77175,A5b,48.6653712,2.6131588,Plein jour,Hors agglomération,Hors intersection,Normale,Deux véhicules - arrière,1,-1,3,0,1,1,1,0,1,110,2,2,1,0,0,1,38.0,22.0,voiture,voiture,1,1,1,1,2
202000046351,2020-06-25 16:55:00,2020,6,25,16,55,94,94022,A86 EXT,48.776,2.42932,Plein jour,Hors agglomération,Hors intersection,Normale,,1,-1,4,0,2,1,1,0,1,90,2,2,1,0,0,1,22.0,33.0,deux_roues,utilitaire_camion,1,1,1,1,-1
202000046352,2020-06-25 15:00:00,2020,6,25,15,0,77,77258,A4.W,48.8323001,2.6531658,Plein jour,Hors agglomération,Hors intersection,Normale,,1,-1,4,0,1,1,1,0,1,110,3,5,2,0,0,3,24.0,50.0,deux_roues,voiture,1,1,1,1,-1
202000046353,2020-06-25 10:30:00,2020,6,25,10,30,94,94017,A4,48.82767,2.50665,Plein jour,Hors agglomération,Hors intersection,Normale,Deux véhicules - arrière,1,1,8,0,1,1,1,1,1,90,2,2,1,0,0,1,23.0,31.0,voiture,voiture,1,1,1,1,2
202000046354,2020-06-25 08:40:00,2020,6,25,8,40,93,93051,A4,48.8352,2.5727,Plein jour,Hors agglomération,Hors intersection,Normale,Deux véhicules - arrière,1,3,8,0,1,1,1,0,1,110,2,2,1,0,0,1,31.0,42.0,deux_roues,voiture,1,1,1,1,2
202000046355,2020-06-24 19:45:00,2020,6,24,19,45,94,94046,A86 EXT,48.8118278,2.4491292,Plein jour,Hors agglomération,Hors intersection,Normale,,1,-1,4,0,1,1,1,0,1,90,3,3,2,0,0,1,40.0,25.0,deux_roues,voiture,1,1,1,1,-1
202000046356,2020-06-24 17:15:00,2020,6,24,17,15,94,94046,A86 EXT,48.8155602,2.4506905,Plein jour,Hors agglomération,Hors intersection,Normale,,1,-1,2,0,1,3,1,2,1,70,2,2,1,0,1,0,38.0,50.0,voiture,deux_roues,1,1,1,1,-1
202000046357,2020-06-24 15:15:00,2020,6,24,15,15,94,94073,A86 EXT,48.7551121,2.38274,Plein jour,Hors agglomération,Hors intersection,Normale,Deux véhicules - arrière,1,3,2,0,1,2,1,0,1,90,2,2,1,0,0,1,34.0,34.0,voiture,utilitaire_camion,1,1,1,1,2
202000046358,2020-04-16 20:05:00,2020,4,16,20,5,91,91657,EDELWEISS (RUE DES),48.70051,2.440342,Plein jour,En agglomération,Intersection en T,Autre,Deux véhicules - côté,4,2,2,0,1,1,1,0,1,50,2,3,2,0,1,0,23.0,27.0,deux_roues,voiture,1,2,3,9,3
202000046359,2020-02-26 19:40:00,2020,2,26,19,40,06,06069,CANNES (ROUTE DE)  -RD 6085-,43.63177,6.95712,Nuit avec éclairage allumé,En agglomération,Hors intersection,Normale,Deux véhicules - côté,4,2,3,0,1,1,1,9,1,50,2,2,1,0,0,1,43.0,39.0,voiture,deux_roues,5,2,1,1,3
202000046360,2020-06-23 08:35:00,2020,6,23,8,35,974,97416,TROIS MARRE (CHEMIN),-21.29832,55.44279,Plein jour,Hors agglomération,Hors intersection,Normale,Trois véhicules et plus - en chaîne,3,-1,3,0,1,1,1,0,1,70,3,3,2,0,0,1,26.0,71.0,utilitaire_camion,voiture,1,1,1,1,4
202000046361,2020-06-24 09:45:00,2020,6,24,9,45,972,97209,SALVADOR ALLENDE (AVENUE),14.61058,-61.0484,Plein jour,En agglomération,Autre intersection,Normale,Deux véhicules - côté,4,2,2,0,1,1,1,0,1,50,2,2,1,0,1,0,20.0,48.0,autre,utilitaire_camion,1,2,9,1,3
202000046362,2020-06-24 07:25:00,2020,6,24,7,25,69,69149,EMILE ZOLA                          (BD),45.7181478,4.80825,Plein jour,En agglomération,Hors intersection,Normale,,3,2,2,0,2,1,1,0,1,30,2,2,1,0,0,1,34.0,67.0,utilitaire_camion,deux_roues,1,2,1,1,-1
202000046363,2020-06-24 06:40:00,2020,6,24,6,40,971,97113,RN4 - SECTION RIVIERA,16.28267,-61.28267,Plein jour,Hors agglomération,Autre intersection,Normale,Deux véhicules - côté,2,3,2,0,1,1,1,0,1,70,2,2,1,0,1,0,40.0,37.0,voiture,deux_roues,1,1,9,1,3
202000046364,2020-06-24 01:30:00,2020,6,24,1,30,2A,2A004,AVENUE DU DOCTEUR NOEL FRANCHINI,41.9415778,8.7561195,Nuit avec éclairage allumé,En agglomération,Giratoire,Normale,Sans collision,2,3,2,0,2,4,1,5,4,50,1,2,0,0,0,2,14.0,,deux_roues,,5,2,6,1,7
202000046365,2020-06-23 12:35:00,2020,6,23,12,35,95,95268,AV DE STALINGRAD,48.9733314,2.4179389,Plein jour,En agglomération,Autre intersection,Normale,Deux véhicules - côté,3,-1,-1,0,1,1,1,9,1,30,2,3,1,0,0,2,28.0,50.0,voiture,voiture,1,2,9,1,3
202000046366,2020-06-24 19:18:00,2020,6,24,19,18,91,91434,GRIBELETTE (BOULEVARD DE LA),48.6466,2.3583,Plein jour,En agglomération,Hors intersection,Normale,Deux véhicules - frontale,4,2,2,0,1,1,1,0,1,50,2,2,1,0,0,1,30.0,26.0,voiture,deux_roues,1,2,1,1,1
202000046367,2020-06-23 08:10:00,2020,6,23,8,10,91,91521,REMY (RUE ALBERT),48.65925,2.40527,Plein jour,En agglomération,Intersection en T,Normale,Deux véhicules - côté,2,3,4,0,1,1,1,0,1,50,2,2,0,0,1,1,54.0,22.0,voiture,voiture,1,2,3,1,3
202000046368,2020-06-24 15:00:00,2020,6,24,15,0,91,91657,LONGUERAIE (RUE DE LA ) FOSSE MONTALBOT,48.716688,2.437731,Plein jour,En agglomération,Intersection en X,Normale,Sans collision,4,2,2,0,1,1,1,0,1,50,1,1,0,0,0,1,34.0,,deux_roues,,1,2,2,1,7
202000046369,2020-06-24 11:30:00,2020,6,24,11,30,91,91174,PARIS (RUE),48.602601,2.469158,Plein jour,En agglomération,Intersection en T,Temps éblouissant,Deux véhicules - côté,2,2,4,0,4,1,1,6,1,50,2,2,1,0,0,1,45.0,22.0,voiture,deux_roues,1,2,3,7,3
202000046370,2020-06-24 18:00:00,2020,6,24,18,0,90,90010,CRONSTADT (RUE DE),47.63105,6.86074,Plein jour,En agglomération,Intersection en T,Normale,Autre collision,4,1,1,0,1,1,1,0,1,50,1,2,1,0,1,0,44.0,,voiture,,1,2,3,1,6