accident_id,datetime,annee,mois,jour,heure,minute,departement,commune_insee,adresse,latitude,longitude,luminosite,agglomeration,intersection,meteo,collision,catr,circ,nbv,vosp,prof,plan,surf,infra,situ,vma,nb_vehicules,nb_usagers,nb_indemnes,nb_tues,nb_blesses_hosp,nb_blesses_legers,age_cond_1,age_cond_2,veh_type_cond_1,veh_type_cond_2,lum_code,agg_code,int_code,atm_code,col_code
202000046371,2020-06-23 15:31:00,2020,6,23,15,31,87,87085,BOURGEOIS (RUE LEON),45.84236,1.2445,Plein jour,En agglomération,Hors intersection,Normale,Autre collision,4,1,1,0,1,1,1,0,1,30,1,2,1,0,0,1,46.0,,utilitaire_camion,,1,2,1,1,6
202000046372,2020-06-22 12:35:00,2020,6,22,12,35,83,83009,PIERREPLANE (BD DE),43.14018,5.74006,Plein jour,En agglomération,Intersection en Y,Normale,Deux véhicules - frontale,4,2,2,0,1,1,1,0,1,50,2,2,1,0,0,1,62.0,59.0,voiture,deux_roues,1,2,4,1,1
202000046373,2020-06-24 20:47:00,2020,6,24,20,47,83,83069,ST LAZARE (CHEMIN),43.11684,6.17018,Plein jour,Hors agglomération,Hors intersection,Normale,Autre collision,4,2,2,0,1,1,1,0,1,50,1,2,0,0,1,1,28.0,,voiture,,1,1,1,1,6
202000046374,2020-06-23 19:00:00,2020,6,23,19,0,80,80021,LA CANTATE À TROIS VOIES,49.879427,2.279234,Plein jour,En agglomération,Hors intersection,Normale,Autre collision,4,1,1,0,1,1,1,0,1,30,1,2,1,0,0,1,67.0,,deux_roues,,1,2,1,1,6
202000046375,2020-06-23 15:35:00,2020,6,23,15,35,80,80131,MICHEL STROGOFF (BOULEVARD°,49.86525,2.37122,Plein jour,En agglomération,Hors intersection,Normale,Deux véhicules - côté,4,1,2,0,1,1,1,0,1,50,2,3,2,0,0,1,18.0,27.0,voiture,voiture,1,2,1,1,3
202000046376,2020-06-24 17:25:00,2020,6,24,17,25,78,78440,CHARDONNERETS (RUE DES),48.99318,1.91676,Plein jour,En agglomération,Hors intersection,Normale,Autre collision,4,2,2,0,1,1,1,0,4,50,1,1,0,0,0,1,61.0,,voiture,,1,2,1,1,6
202000046377,2020-06-24 16:56:00,2020,6,24,16,56,78,78440,PRÉS (AVENUE DES),48.99903,1.91343,Plein jour,En agglomération,Intersection en X,Normale,Deux véhicules - côté,4,-1,1,0,1,1,1,0,1,50,2,2,1,0,0,1,12.0,42.0,deux_roues,voiture,1,2,2,1,3
202000046378,2020-06-19 23:30:00,2020,6,19,23,30,77,77226,COMMIER (CHEMIN DU),48.45084,2.77007,Nuit avec éclairage allumé,En agglomération,Hors intersection,Normale,Sans collision,4,2,2,0,2,2,1,0,1,50,1,2,0,0,0,2,18.0,,deux_roues,,5,2,1,1,7
202000046379,2020-06-23 18:42:00,2020,6,23,18,42,76,76682,VILLAGE RUE DU,49.31883,1.11394,Plein jour,Hors agglomération,Intersection en T,Normale,Deux véhicules - frontale,3,2,2,0,1,1,1,0,1,70,2,2,1,0,0,1,51.0,22.0,deux_roues,utilitaire_camion,1,1,3,1,1
202000046380,2020-06-23 14:15:00,2020,6,23,14,15,73,73031,RN 201 (VRU),45.572185,5.935962,Plein jour,Hors agglomération,Hors intersection,Normale,Trois véhicules et plus - en chaîne,2,3,8,0,1,1,1,0,1,90,3,3,2,0,0,1,44.0,26.0,voiture,voiture,1,1,1,1,4
202000046381,2020-06-24 21:15:00,2020,6,24,21,15,69,69256,VOLTAIRE                            (CH),45.77551,4.92431,Plein jour,En agglomération,Hors intersection,Normale,Deux véhicules - côté,4,2,2,0,1,1,1,0,1,50,2,2,0,0,1,1,25.0,5.0,deux_roues,deux_roues,1,2,1,1,3
202000046382,2020-06-24 20:00:00,2020,6,24,20,0,69,69256,FERME (DE LA)                       (CH),45.78679,4.9138,Plein jour,En agglomération,Hors intersection,Temps éblouissant,Deux véhicules - frontale,4,2,1,0,1,1,1,0,1,50,2,1,0,0,0,1,12.0,,deux_roues,,1,2,1,7,1
202000046383,2020-06-23 21:15:00,2020,6,23,21,15,69,69256,8 MAI 1945 (DU)                     (AV),45.78737,4.91649,Plein jour,En agglomération,Autre intersection,Pluie légère,Deux véhicules - côté,4,2,2,0,1,1,2,0,1,50,2,3,0,0,2,1,26.0,19.0,deux_roues,autre,1,2,9,2,3
202000046384,2020-06-23 16:30:00,2020,6,23,16,30,64,64448,LESCAR DE (ROCADE),43.3457,-0.4498,Plein jour,En agglomération,Hors intersection,Normale,Deux véhicules - arrière,3,2,2,0,1,1,1,0,1,70,2,2,1,0,0,1,55.0,31.0,voiture,deux_roues,1,2,1,1,2
202000046385,2020-06-20 15:20:00,2020,6,20,15,20,64,64122,HENRI HAGET (AVENUE),43.4810262,-1.5399259,Plein jour,En agglomération,Intersection en T,Normale,Sans collision,4,1,1,0,2,1,1,0,1,50,1,1,0,0,1,0,74.0,,deux_roues,,1,2,3,1,7
202000046386,2020-06-24 10:20:00,2020,6,24,10,20,64,64102,ESTUNARD (Marais de l'),43.49262,-1.4943,Plein jour,En agglomération,Hors intersection,Normale,Deux véhicules - côté,4,2,2,0,1,1,1,0,1,50,2,2,1,0,0,1,17.0,66.0,deux_roues,voiture,1,2,1,1,3
202000046387,2020-06-24 02:50:00,2020,6,24,2,50,64,64024,VAGUES (AVENUE DES),43.49845,-1.5441,Nuit avec éclairage allumé,En agglomération,Hors intersection,Normale,Sans collision,4,2,1,0,4,3,1,0,4,30,1,1,0,0,0,1,18.0,,deux_roues,,5,2,1,1,7
202000046388,2020-06-23 18:32:00,2020,6,23,18,32,63,63164,LIMAGNE (RUE DE LA),45.832649,3.1443971,Plein jour,En agglomération,Hors intersection,Normale,Sans collision,7,2,2,0,1,1,1,0,1,50,1,1,0,0,0,1,20.0,,deux_roues,,1,2,1,1,7
202000046389,2020-06-23 19:55:00,2020,6,23,19,55,51,51454,Rue de Courlancy,49.2390605,4.0310918,Plein jour,En agglomération,Intersection à plus de 4 branches,Normale,Deux véhicules - arrière,4,2,2,0,1,1,1,0,1,50,2,2,1,0,0,1,29.0,69.0,voiture,voiture,1,2,5,1,2
202000046390,2020-06-23 13:56:00,2020,6,23,13,56,49,49246,CHAUVIN AVENUE,47.43,-0.54195,Plein jour,En agglomération,Hors intersection,Normale,Deux véhicules - arrière,3,2,2,0,1,1,1,0,1,60,2,2,1,0,1,0,32.0,58.0,deux_roues,voiture,1,2,1,1,2
202000046391,2020-01-04 11:50:00,2020,1,4,11,50,06,06074,M2565,43.95871,7.3007,Plein jour,Hors agglomération,Hors intersection,Normale,Sans collision,7,2,2,0,2,1,1,0,1,80,1,1,0,0,0,1,76.0,,deux_roues,,1,1,1,1,7
202000046392,2020-01-03 13:27:00,2020,1,3,13,27,06,06059,111 Avenue des Diables Bleus,43.722474,7.33409,Plein jour,Hors agglomération,Hors intersection,Normale,Autre collision,7,2,2,0,2,2,1,0,3,80,1,1,0,0,1,0,35.0,,deux_roues,,1,1,1,1,6
202000046393,2020-01-03 21:10:00,2020,1,3,21,10,05,05106,Chemin du Serre,44.5495077,6.3290052,Nuit sans éclairage public,Hors agglomération,Hors intersection,Normale,Sans collision,3,2,2,0,2,1,1,0,3,80,1,1,0,0,0,1,65.0,,voiture,,3,1,1,1,7
202000046394,2020-01-04 02:00:00,2020,1,4,2,0,07,07188,Route de Saint Alban d'Ay,45.1897624,4.6732267,Nuit sans éclairage public,Hors agglomération,Hors intersection,Pluie légère,Autre collision,4,2,1,0,1,1,2,0,3,50,1,3,0,1,2,0,23.0,,voiture,,3,1,1,2,6
202000046395,2020-01-04 10:20:00,2020,1,4,10,20,28,28378,La Brosse,48.282275,0.873029,Plein jour,Hors agglomération,Hors intersection,Normale,Deux véhicules - côté,3,2,2,0,2,1,1,0,1,80,2,2,1,0,1,0,68.0,58.0,voiture,deux_roues,1,1,1,1,3
202000046396,2020-01-01 02:30:00,2020,1,1,2,30,17,17312,RD 145 ,45.350884,-0.642811,Nuit sans éclairage public,Hors agglomération,Intersection en Y,Normale,Sans collision,3,2,2,0,1,2,1,0,1,-1,1,2,1,0,1,0,30.0,,deux_roues,,3,1,4,1,7
202000046397,2020-01-02 11:45:00,2020,1,2,11,45,30,30082,Route de Langlade,43.822901,4.227612,Plein jour,En agglomération,Hors intersection,Normale,Sans collision,3,2,2,0,1,1,1,0,1,-1,1,1,0,0,1,0,52.0,,deux_roues,,1,2,1,1,7
202000046398,2020-02-03 08:15:00,2020,2,3,8,15,83,83061,RUE DES COMBATTANTS D'AFRIQUE DU NORD,43.509531,6.71555,Plein jour,Hors agglomération,Autre intersection,Normale,Trois véhicules et plus - collisions multiples,3,2,2,0,1,1,1,0,1,70,3,4,1,0,1,2,41.0,28.0,voiture,autre,1,1,9,1,5
202000046399,2020-01-04 17:00:00,2020,1,4,17,0,08,08090,D19,49.623899,5.142494,Crépuscule ou aube,Hors agglomération,Hors intersection,Temps couvert,Deux véhicules - frontale,3,2,2,0,4,1,2,0,1,80,2,6,0,0,3,3,19.0,24.0,voiture,voiture,2,1,1,8,1
202000046400,2020-02-04 09:00:00,2020,2,4,9,0,78,78133,POISSY (DE),48.914728,2.04005,Crépuscule ou aube,En agglomération,Hors intersection,Normale,Deux véhicules - côté,4,3,4,0,1,1,1,0,1,70,2,1,0,0,0,1,18.0,,deux_roues,,2,2,1,1,3
202000046401,2020-01-03 19:30:00,2020,1,3,19,30,978,97801,RN 7 - Grand Case,18.079394,-63.061327,Nuit sans éclairage public,Hors agglomération,Hors intersection,Normale,Deux véhicules - frontale,2,2,1,0,1,1,1,0,1,70,2,3,0,1,2,0,60.0,46.0,voiture,voiture,3,1,1,1,1
202000046402,2020-01-03 13:30:00,2020,1,3,13,30,01,01451,A40,46.2580727,5.2275379,Plein jour,Hors agglomération,Hors intersection,Normale,Deux véhicules - arrière,1,1,2,0,1,1,1,0,1,130,2,4,3,0,0,1,53.0,44.0,utilitaire_camion,voiture,1,1,1,1,2
202000046403,2020-02-04 20:15:00,2020,2,4,20,15,78,78486,PARIS (RUE DE COTE PAIR),48.6938074,1.8537724,Nuit avec éclairage allumé,En agglomération,Autre intersection,Normale,Sans collision,3,-1,2,0,1,1,1,0,1,50,1,1,0,0,1,0,61.0,,voiture,,5,2,9,1,7
202000046404,2020-01-04 09:50:00,2020,1,4,9,50,971,97129,Plessis Nogent,16.354011,-61.742889,Plein jour,Hors agglomération,Hors intersection,Normale,Autre collision,2,2,2,0,3,2,1,0,3,70,1,1,0,1,0,0,43.0,,deux_roues,,1,1,1,1,6
202000046405,2020-02-05 22:00:00,2020,2,5,22,0,77,77294,ROUTE NATIONALE 2,48.99765,2.63244,Nuit sans éclairage public,Hors agglomération,Hors intersection,Temps couvert,,2,3,2,0,1,1,1,0,1,110,2,2,0,0,1,1,43.0,62.0,autre,voiture,3,1,1,8,-1
202000046406,2020-01-03 17:45:00,2020,1,3,17,45,83,83071,intersection avenue 1ère DFL - Rue de la Madrague,43.142111,6.243829,Nuit avec éclairage allumé,En agglomération,Hors intersection,Normale,Deux véhicules - arrière,3,4,2,0,1,1,1,0,1,50,2,2,1,0,1,0,87.0,29.0,voiture,deux_roues,5,2,1,1,2
202000046407,2020-01-03 23:45:00,2020,1,3,23,45,13,13059,D 556,43.613221,5.495195,Nuit sans éclairage public,Hors agglomération,Hors intersection,Normale,Deux véhicules - frontale,3,3,2,0,2,3,1,0,5,80,2,2,0,1,1,0,19.0,34.0,voiture,voiture,3,1,1,1,1
202000046408,2020-02-04 10:40:00,2020,2,4,10,40,77,77475,D603-JOFFRE (RUE DU MAL.),48.957785,2.947286,Plein jour,En agglomération,Intersection en X,Temps couvert,Autre collision,3,2,4,0,1,1,2,0,1,50,1,2,1,0,0,1,70.0,,voiture,,1,2,2,8,6
202000046409,2020-01-03 20:30:00,2020,1,3,20,30,67,67028,rd 5,48.375971,7.587184,Nuit sans éclairage public,Hors agglomération,Hors intersection,Pluie légère,Deux véhicules - frontale,3,2,2,0,3,1,2,2,1,80,2,5,0,0,1,4,51.0,72.0,voiture,voiture,3,1,1,2,1
202000046410,2020-01-03 17:45:00,2020,1,3,17,45,07,07034,,44.3546824,4.5667366,Nuit sans éclairage public,Hors agglomération,Hors intersection,Normale,Autre collision,3,2,2,0,1,1,1,0,1,80,1,2,1,0,1,0,60.0,,voiture,,3,1,1,1,6
202000046411,2020-02-02 00:25:00,2020,2,2,0,25,76,76351,CAVEE VERTE (RUE DE LA),49.50221,0.10344,Nuit avec éclairage allumé,En agglomération,Intersection en T,Normale,Deux véhicules - côté,3,2,2,0,1,1,2,0,1,50,2,2,1,0,0,1,27.0,21.0,voiture,voiture,5,2,3,1,3
202000046412,2020-01-04 06:15:00,2020,1,4,6,15,57,57588,D57,49.474485,6.246323,Nuit sans éclairage public,Hors agglomération,Hors intersection,Autre,Autre collision,3,2,2,0,2,1,2,0,3,80,1,1,0,1,0,0,20.0,,voiture,,3,1,1,9,6
202000046413,2020-01-03 18:00:00,2020,1,3,18,0,60,60628,Rue du Général de Gaulle,49.4261918,2.1317965,Nuit sans éclairage public,Hors agglomération,Hors intersection,Pluie légère,Deux véhicules - arrière,2,1,1,0,2,2,2,0,8,50,2,2,1,0,0,1,42.0,32.0,voiture,voiture,3,1,1,2,2
202000046414,2020-01-01 06:05:00,2020,1,1,6,5,69,69199,A7,45.6906635,4.8455772,Nuit avec éclairage non allumé,Hors agglomération,Hors intersection,Brouillard / fumée,Trois véhicules et plus - en chaîne,1,3,3,0,1,1,2,0,1,80,3,5,1,0,1,3,45.0,50.0,voiture,voiture,4,1,1,5,4
202000046415,2020-02-03 17:20:00,2020,2,3,17,20,76,76351,Rue Pierre Curie,49.50961,0.12764,Crépuscule ou aube,En agglomération,Intersection en X,Pluie légère,Deux véhicules - côté,4,2,2,0,2,1,2,0,1,50,2,2,0,0,0,2,24.0,24.0,voiture,voiture,2,2,2,2,3
202000046416,2020-01-30 19:40:00,2020,1,30,19,40,73,73029,D1006 - CHALLES (ROUTE DE),45.5705011,5.9485823,Nuit avec éclairage allumé,En agglomération,Intersection en T,Pluie légère,,3,2,3,0,1,1,2,5,1,50,2,1,0,0,0,1,18.0,,deux_roues,,5,2,3,2,-1
202000046417,2020-02-02 19:45:00,2020,2,2,19,45,71,71076,Avenue Monnot,46.787129,4.8583768,Nuit avec éclairage allumé,En agglomération,Autre intersection,Pluie légère,Autre collision,3,2,3,0,1,1,-1,0,1,50,1,2,1,0,1,0,61.0,,voiture,,5,2,9,2,6
202000046418,2020-02-04 14:15:00,2020,2,4,14,15,69,69029,LIONEL TERRAY                       (R ),45.7296,4.894,Plein jour,En agglomération,Intersection en T,Normale,Deux véhicules - côté,1,3,4,0,1,1,1,3,1,50,2,3,1,0,0,2,24.0,52.0,utilitaire_camion,voiture,1,2,3,1,3
202000046419,2020-02-03 21:40:00,2020,2,3,21,40,66,66136,Départementale  617,42.714815,2.939041,Nuit avec éclairage non allumé,Hors agglomération,Hors intersection,Normale,Deux véhicules - arrière,3,3,2,0,1,1,1,0,1,110,2,2,0,0,0,2,40.0,29.0,voiture,voiture,4,1,1,1,2
202000046420,2020-01-03 13:25:00,2020,1,3,13,25,91,91689,AUTOROUTE A6A,48.74292,2.32239,Plein jour,Hors agglomération,Hors intersection,Pluie légère,Autre collision,1,3,-1,0,2,1,2,0,1,110,1,2,1,0,0,1,39.0,,voiture,,1,1,1,2,6
202000046421,2020-02-03 07:50:00,2020,2,3,7,50,65,65286,MOULIN (AVENUE JEAN),43.108721,-0.028493,Crépuscule ou aube,En agglomération,Intersection en T,Normale,Deux véhicules - côté,4,2,2,0,3,1,1,0,1,50,2,2,1,0,0,1,67.0,34.0,voiture,deux_roues,2,2,3,1,3
202000046422,2020-02-03 17:20:00,2020,2,3,17,20,64,64122,VERDUN (AVENUE DE),43.48138,-1.54525,Plein jour,En agglomération,Hors intersection,Normale,Deux véhicules - frontale,4,2,2,0,4,1,1,0,1,30,2,3,1,0,1,1,56.0,19.0,voiture,deux_roues,1,2,1,1,1
202000046423,2020-02-04 09:50:00,2020,2,4,9,50,64,64102,AQUITAINE (AVENUE DE L'),43.48699,-1.46856,Plein jour,En agglomération,Giratoire,Pluie légère,Sans collision,3,2,2,0,4,1,2,0,1,50,1,1,0,0,0,1,17.0,,deux_roues,,1,2,6,2,7
202000046424,2020-02-03 13:40:00,2020,2,3,13,40,64,64102,BEYRIS (GIRATOIRE),43.478,-1.49242,Plein jour,En agglomération,Giratoire,Normale,Deux véhicules - côté,4,1,2,0,1,1,1,0,1,50,2,2,1,0,0,1,18.0,27.0,deux_roues,voiture,1,2,6,1,3
202000046425,2020-01-09 13:40:00,2020,1,9,13,40,63,63113,BLUM (AVENUE LEON),45.76754,3.09578,Plein jour,En agglomération,Hors intersection,Normale,Autre collision,4,2,2,0,1,1,1,0,1,50,1,2,1,0,1,0,36.0,,voiture,,1,2,1,1,6
202000046426,2020-01-09 19:25:00,2020,1,9,19,25,63,63113,SABLON (COURS),45.7735405,3.0901385,Nuit avec éclairage allumé,En agglomération,Intersection en X,Normale,Deux véhicules - côté,4,1,4,0,1,1,1,5,1,50,2,2,1,0,0,1,36.0,25.0,voiture,deux_roues,5,2,2,1,3
202000046427,2020-02-03 18:10:00,2020,2,3,18,10,62,62774,COSTES ET BELLONTES (RUE),50.95748,1.820403,Nuit avec éclairage allumé,En agglomération,Intersection en X,Pluie légère,Autre collision,3,2,2,0,2,1,2,0,1,50,1,2,1,0,0,1,82.0,,voiture,,5,2,2,2,6
202000046428,2020-02-04 15:20:00,2020,2,4,15,20,59,59017,SAINT VAAST (PLACE),50.68698,2.88274,Plein jour,En agglomération,Hors intersection,Pluie légère,Autre collision,7,2,2,0,1,2,2,0,1,50,1,2,1,0,1,0,51.0,,transport_commun,,1,2,1,2,6
202000046429,2020-02-04 22:45:00,2020,2,4,22,45,54,54184,avenue de Brigachtal,48.700774,6.224576,Nuit avec éclairage allumé,En agglomération,Intersection en X,Normale,Deux véhicules - côté,9,1,2,0,1,1,2,5,1,50,2,2,1,0,0,1,19.0,24.0,voiture,voiture,5,2,2,1,3
202000046430,2020-02-03 18:30:00,2020,2,3,18,30,50,50218,VENDEENS (AV DES),48.829595,-1.567204,Nuit avec éclairage allumé,En agglomération,Intersection en X,Pluie forte,Autre collision,3,-1,2,0,1,1,3,5,1,50,1,2,1,1,0,0,41.0,,voiture,,5,2,2,3,6
202000046431,2020-02-03 07:35:00,2020,2,3,7,35,50,50129,MILLET (AVENUE JEAN-FRANCOIS),49.63397,-1.62112,Nuit avec éclairage allumé,En agglomération,Hors intersection,Normale,Autre collision,3,1,1,0,1,1,1,0,1,50,1,2,1,0,0,1,41.0,,voiture,,5,2,1,1,6
202000046432,2020-02-03 08:04:00,2020,2,3,8,4,49,49007,SAUMUROISE IMPASSE ET RUE,47.45918,-0.53547,Crépuscule ou aube,En agglomération,Hors intersection,Normale,Deux véhicules - arrière,4,2,2,0,1,1,2,0,1,60,2,2,1,0,0,1,16.0,51.0,deux_roues,voiture,2,2,1,1,2
202000046433,2020-02-03 22:00:00,2020,2,3,22,0,47,47001,PELLETAN (BOULEVARD EUGENE),44.19916,0.62632,Nuit avec éclairage allumé,En agglomération,Intersection en X,Normale,Deux véhicules - côté,3,2,2,0,1,1,1,0,1,50,2,3,2,0,1,0,51.0,45.0,deux_roues,autre,5,2,2,1,3
202000046434,2020-01-03 13:45:00,2020,1,3,13,45,91,91182,RN 104,48.6205377,2.4253653,Plein jour,Hors agglomération,Hors intersection,Pluie légère,Sans collision,2,3,3,0,1,1,2,0,1,70,1,1,0,0,0,1,80.0,,voiture,,1,1,1,2,7
202000046435,2020-02-04 12:40:00,2020,2,4,12,40,44,44162,ROUTE ARMOR,47.22556,-1.62237,Plein jour,En agglomération,Giratoire,Normale,Deux véhicules - côté,2,1,0,0,1,2,1,0,1,50,2,2,1,0,0,1,53.0,22.0,utilitaire_camion,voiture,1,2,6,1,3
202000046436,2020-02-04 09:45:00,2020,2,4,9,45,44,44109,Boulevard Robert Schuman,47.24165,-1.57337,Plein jour,En agglomération,Hors intersection,Normale,Autre collision,4,2,0,0,1,1,1,0,1,50,1,2,1,0,1,0,61.0,,voiture,,1,2,1,1,6
202000046437,2020-02-04 12:50:00,2020,2,4,12,50,37,37261,GRAMMONT (AVENUE DE),47.3856158,0.6909247,Plein jour,En agglomération,Hors intersection,Normale,Trois véhicules et plus - collisions multiples,3,2,4,3,1,1,1,0,1,50,3,5,3,0,0,2,71.0,19.0,voiture,voiture,1,2,1,1,5
202000046438,2020-02-04 12:20:00,2020,2,4,12,20,37,37261,RICHER (RUE FRANCOIS),47.3833427,0.6661874,Plein jour,En agglomération,Intersection en X,Normale,Deux véhicules - côté,4,2,2,0,1,1,1,0,1,50,2,2,1,0,0,1,51.0,22.0,voiture,voiture,1,2,2,1,3
202000046439,2020-02-04 08:00:00,2020,2,4,8,0,37,37195,CHER (LEVEE DU),47.3761775,0.6521925,Plein jour,En agglomération,Intersection en T,Normale,Deux véhicules - côté,3,1,1,0,2,1,1,5,1,50,2,3,1,0,0,2,36.0,29.0,voiture,voiture,1,2,3,1,3
202000046440,2020-02-04 16:15:00,2020,2,4,16,15,35,35238,METZ (BD DE),48.12047,-1.66169,Plein jour,En agglomération,Hors intersection,Temps couvert,Deux véhicules - arrière,4,2,2,0,1,1,1,0,1,50,2,3,2,0,0,1,69.0,56.0,voiture,voiture,1,2,1,8,2
202000046441,2020-02-03 17:15:00,2020,2,3,17,15,34,34108,RD 612,43.42191,3.73953,Crépuscule ou aube,Hors agglomération,Autre intersection,Normale,Deux véhicules - frontale,3,2,2,0,1,1,1,0,1,80,2,2,0,1,0,1,76.0,56.0,voiture,utilitaire_camion,2,1,9,1,1
202000046442,2020-02-04 14:15:00,2020,2,4,14,15,34,34172,TOULOUSE (AVENUE DE,43.59431,3.86081,Plein jour,En agglomération,Hors intersection,Normale,Trois véhicules et plus - en chaîne,4,2,4,0,2,1,1,0,1,50,4,4,2,0,0,2,40.0,38.0,voiture,voiture,1,2,1,1,4
202000046443,2020-02-02 05:25:00,2020,2,2,5,25,34,34032,FABRE (AV.DU DOCTEUR JEAN MARIE),43.35462,3.22998,Nuit avec éclairage allumé,En agglomération,Autre intersection,Normale,Deux véhicules - côté,4,2,3,0,1,1,1,0,1,50,2,5,2,0,1,2,26.0,23.0,voiture,voiture,5,2,9,1,3
202000046444,2020-02-05 02:00:00,2020,2,5,2,0,33,33063,ALL HAUSMANN / PCE RAVEZIES,44.86582,-0.57514,Nuit avec éclairage allumé,En agglomération,Giratoire,Normale,Deux véhicules - frontale,4,3,2,0,1,1,1,0,1,50,2,4,2,0,0,2,47.0,30.0,utilitaire_camion,voiture,5,2,6,1,1
202000046445,2020-02-04 17:50:00,2020,2,4,17,50,33,33550,Avenue des Pyrénées,44.77867,-0.5664,Plein jour,En agglomération,Intersection en X,Normale,Deux véhicules - côté,1,1,1,0,1,1,1,3,8,50,2,2,1,0,0,1,24.0,42.0,deux_roues,utilitaire_camion,1,2,2,1,3
202000046446,2020-01-03 14:38:00,2020,1,3,14,38,91,91589,A6,48.6783188,2.335855,Nuit sans éclairage public,Hors agglomération,Hors intersection,Normale,Trois véhicules et plus - en chaîne,1,3,6,0,1,1,2,0,1,110,3,6,3,0,0,3,51.0,26.0,voiture,voiture,3,1,1,1,4
202000046447,2020-01-27 07:20:00,2020,1,27,7,20,33,33075,AVE DU LAC / RUE DAUGERE / RUE DE FIEUZAL,44.885326,-0.59232,Crépuscule ou aube,En agglomération,Intersection en X,Normale,Autre collision,4,2,4,2,1,1,1,5,8,50,1,2,1,0,0,1,33.0,,voiture,,2,2,2,1,6
202000046448,2020-01-03 00:00:00,2020,1,3,0,0,91,91659,AUTOROUTE A6,48.5803569,2.4606939,Nuit sans éclairage public,Hors agglomération,Hors intersection,Normale,Autre collision,1,1,3,0,1,1,1,0,1,110,1,4,3,0,0,1,34.0,,voiture,,3,1,1,1,6
202000046449,2020-02-04 08:15:00,2020,2,4,8,15,32,32013,ROUGE-GORGES,43.63942,0.59036,Crépuscule ou aube,En agglomération,Hors intersection,Pluie forte,Sans collision,4,2,2,0,1,1,2,0,1,30,1,1,0,0,0,1,43.0,,deux_roues,,2,2,1,3,7
202000046450,2020-01-03 18:28:00,2020,1,3,18,28,78,78545,A12 W,48.80919,2.054533,Nuit sans éclairage public,Hors agglomération,Hors intersection,Pluie légère,Autre collision,1,2,4,0,1,1,2,0,1,110,1,1,0,0,0,1,30.0,,deux_roues,,3,1,1,2,6
202000046451,2020-02-03 23:15:00,2020,2,3,23,15,31,31555,R-PT CHARLES FABRE,43.57441,1.40544,Nuit avec éclairage allumé,En agglomération,Hors intersection,Normale,Autre collision,4,1,0,0,1,1,1,0,1,50,1,3,2,0,0,1,41.0,,autre,,5,2,1,1,6
202000046452,2020-01-03 17:50:00,2020,1,3,17,50,92,92047,A4,48.8363264,2.1847581,Nuit sans éclairage public,Hors agglomération,Hors intersection,Normale,Deux véhicules - arrière,1,1,3,0,1,1,2,0,1,90,2,2,1,0,0,1,34.0,50.0,deux_roues,voiture,3,1,1,1,2
202000046453,2020-02-03 08:10:00,2020,2,3,8,10,31,31555,AV DE FRONTON,43.6635719,1.4307684,Plein jour,En agglomération,Hors intersection,Normale,Deux véhicules - arrière,3,2,2,0,1,1,1,0,1,50,2,2,1,0,0,1,55.0,40.0,deux_roues,voiture,1,2,1,1,2
202000046454,2020-01-03 14:39:00,2020,1,3,14,39,95,95675,AUTOROUTE A1,49.05888,2.5504,Plein jour,Hors agglomération,Hors intersection,Normale,Deux véhicules - côté,1,3,7,0,1,1,1,0,1,130,2,2,0,0,0,2,24.0,23.0,voiture,voiture,1,1,1,1,3
202000046455,2020-02-05 00:55:00,2020,2,5,0,55,30,30007,BLANC (BD LOUIS),44.1262,4.0799,Nuit avec éclairage allumé,En agglomération,Hors intersection,Normale,Autre collision,4,2,2,0,1,1,1,0,3,50,1,1,0,0,0,1,51.0,,voiture,,5,2,1,1,6
202000046456,2020-05-21 21:15:00,2020,5,21,21,15,69,69034,PASTEUR                             (R ),45.79518,4.84744,Nuit avec éclairage allumé,En agglomération,Intersection en T,Normale,Deux véhicules - arrière,4,2,4,1,3,1,1,0,1,50,2,3,1,0,1,1,45.0,34.0,deux_roues,voiture,5,2,3,1,2
202000046457,2020-01-03 12:20:00,2020,1,3,12,20,93,93010,AUTOROUTE A3,48.88803,2.4739,Plein jour,Hors agglomération,Hors intersection,Normale,Sans collision,1,3,10,0,1,3,2,0,2,70,1,1,0,0,0,1,48.0,,deux_roues,,1,1,1,1,7
202000046458,2020-05-21 22:20:00,2020,5,21,22,20,971,97101,COCOYER,16.29222,-61.48905,Nuit sans éclairage public,Hors agglomération,Hors intersection,Normale,Deux véhicules - côté,4,-1,1,0,1,1,1,0,1,70,2,3,2,0,0,1,28.0,62.0,deux_roues,voiture,3,1,1,1,3
202000046459,2020-01-02 17:15:00,2020,1,2,17,15,60,60494,AUTOROUTE A1,49.13662,2.56614,Nuit sans éclairage public,Hors agglomération,Hors intersection,Pluie légère,Autre collision,1,3,6,0,1,1,2,0,3,130,1,1,0,0,0,1,76.0,,voiture,,3,1,1,2,6
202000046460,2020-05-21 19:40:00,2020,5,21,19,40,971,97113,PETIT HAVRE (SECTEUR),16.21589,-61.42259,Nuit sans éclairage public,Hors agglomération,Hors intersection,Normale,Trois véhicules et plus - collisions multiples,2,3,2,0,1,1,1,0,1,70,3,4,0,1,1,2,50.0,60.0,voiture,voiture,3,1,1,1,5
202000046461,2020-05-20 08:00:00,2020,5,20,8,0,86,86194,Route de Bonnes,46.58428,0.39374,Plein jour,Hors agglomération,Autre intersection,Normale,Deux véhicules - côté,3,2,2,0,1,1,1,0,1,50,2,2,1,0,0,1,26.0,23.0,voiture,voiture,1,1,9,1,3