accident_id,datetime,annee,mois,jour,heure,minute,departement,commune_insee,adresse,latitude,longitude,luminosite,agglomeration,intersection,meteo,collision,catr,circ,nbv,vosp,prof,plan,surf,infra,situ,vma,nb_vehicules,nb_usagers,nb_indemnes,nb_tues,nb_blesses_hosp,nb_blesses_legers,age_cond_1,age_cond_2,veh_type_cond_1,veh_type_cond_2,lum_code,agg_code,int_code,atm_code,col_code
202000046738,2020-05-22 13:35:00,2020,5,22,13,35,94,94038,PAUL VAILLANT COUTURIER (BD),48.78196,2.34138,Plein jour,En agglomération,Hors intersection,Normale,Trois véhicules et plus - en chaîne,3,1,3,0,1,1,1,0,4,50,3,3,2,0,0,1,38.0,35.0,voiture,voiture,1,2,1,1,4
202000046739,2020-01-01 04:04:00,2020,1,1,4,4,988,98812,LIEU DIT CHAGRIN/RT1/KOUMAC,-20.45747,164.25122,Nuit sans éclairage public,Hors agglomération,Hors intersection,Normale,Sans collision,2,2,2,0,2,2,1,0,1,90,1,1,0,0,1,0,23.0,,voiture,,3,1,1,1,7
202000046740,2020-08-25 15:59:00,2020,8,25,15,59,69,69383,EUGENE DERUELLE                     (BD),45.763086,4.855316,Plein jour,En agglomération,Intersection en T,Normale,Autre collision,4,2,2,0,1,1,1,0,1,50,1,2,1,0,0,1,54.0,,voiture,,1,2,3,1,6
202000046741,2020-01-01 15:00:00,2020,1,1,15,0,92,92035,National ( boulevard ),48.9067,2.23888,Plein jour,En agglomération,Intersection en X,Normale,Deux véhicules - côté,3,1,2,0,1,1,1,0,1,50,2,2,1,0,0,1,52.0,17.0,voiture,deux_roues,1,2,2,1,3
202000046742,2020-07-23 14:30:00,2020,7,23,14,30,72,72181,TIRONNEAU ADRIEN (PL),47.98294,0.21055,Plein jour,En agglomération,Giratoire,Normale,Deux véhicules - côté,4,1,4,0,1,2,1,0,1,50,2,2,1,0,0,1,67.0,45.0,voiture,deux_roues,1,2,6,1,3
202000046743,2020-10-21 06:30:00,2020,10,21,6,30,78,78206,A13,48.952347,1.94145,Nuit sans éclairage public,Hors agglomération,Hors intersection,Pluie légère,Autre collision,1,3,6,0,1,1,2,0,1,130,1,1,0,0,0,1,57.0,,voiture,,3,1,1,2,6
202000046744,2020-07-22 12:50:00,2020,7,22,12,50,69,69282,GARE (DE LA)                          (R,45.77182,4.9957,Plein jour,En agglomération,Hors intersection,Temps éblouissant,Deux véhicules - frontale,4,2,2,0,1,4,1,0,1,50,2,2,0,0,1,1,30.0,61.0,voiture,voiture,1,2,1,7,1
202000046745,2020-10-21 11:45:00,2020,10,21,11,45,93,93078,AUTOROUTE A104,48.9651,2.51717,Plein jour,Hors agglomération,Hors intersection,Normale,Autre collision,1,1,2,0,2,2,2,0,1,50,1,1,0,0,0,1,27.0,,voiture,,1,1,1,1,6
202000046746,2020-10-21 11:30:00,2020,10,21,11,30,77,77294,A104,48.964142,2.611061,Plein jour,Hors agglomération,Autre intersection,Normale,Trois véhicules et plus - en chaîne,1,1,2,0,1,1,1,0,1,90,4,4,3,0,0,1,27.0,49.0,utilitaire_camion,utilitaire_camion,1,1,9,1,4
202000046747,2020-10-21 07:25:00,2020,10,21,7,25,94,94033,A86.INT,48.8482013,2.491075,Nuit sans éclairage public,Hors agglomération,Hors intersection,Normale,Deux véhicules - arrière,1,1,2,0,1,1,2,1,1,90,2,2,1,0,0,1,21.0,33.0,deux_roues,voiture,3,1,1,1,2
202000046748,2020-05-22 15:15:00,2020,5,22,15,15,94,94054,MARCEL CACHIN (AV),48.746981,2.411224,Plein jour,En agglomération,Hors intersection,Normale,Trois véhicules et plus - en chaîne,3,3,0,0,1,1,1,0,1,50,3,5,4,0,0,1,54.0,28.0,voiture,voiture,1,2,1,1,4
202000046749,2020-05-21 16:55:00,2020,5,21,16,55,94,94002,JEAN BAPTISTE PREUX (ALL),48.77803,2.42229,Plein jour,En agglomération,Hors intersection,Normale,Sans collision,4,2,2,0,1,1,1,0,1,50,1,1,0,0,0,1,25.0,,deux_roues,,1,2,1,1,7
202000046750,2020-10-21 06:40:00,2020,10,21,6,40,77,77175,RN104,48.666797,2.612635,Nuit sans éclairage public,Hors agglomération,Autre intersection,Pluie légère,Trois véhicules et plus - en chaîne,2,1,3,0,1,1,2,0,1,90,3,3,1,0,0,2,39.0,50.0,voiture,voiture,3,1,9,2,4
202000046751,2020-01-31 07:30:00,2020,1,31,7,30,972,97217,Montgérald,14.473276,-60.87401,Plein jour,En agglomération,Hors intersection,Normale,Autre collision,2,2,2,0,2,1,1,0,1,50,1,2,1,0,1,0,69.0,,voiture,,1,2,1,1,6
202000046752,2020-08-25 14:50:00,2020,8,25,14,50,69,69259,LAURENT BONNEVAY                    (BD),45.72014,4.88169,Plein jour,Hors agglomération,Hors intersection,Normale,Deux véhicules - arrière,3,1,2,0,1,3,1,0,1,70,2,4,3,0,0,1,22.0,46.0,voiture,voiture,1,1,1,1,2
202000046753,2020-10-21 05:50:00,2020,10,21,5,50,77,77169,RN104,48.81667,2.62123,Nuit sans éclairage public,Hors agglomération,Autre intersection,Pluie légère,Deux véhicules - arrière,2,1,4,0,1,1,2,0,1,90,2,2,1,0,0,1,20.0,55.0,voiture,voiture,3,1,9,2,2
202000046754,2020-02-02 20:45:00,2020,2,2,20,45,972,97217,N5,14.4552,-60.903445,Nuit sans éclairage public,Hors agglomération,Hors intersection,Normale,Trois véhicules et plus - collisions multiples,2,2,2,0,3,1,1,0,1,80,3,6,3,0,2,1,42.0,24.0,voiture,voiture,3,1,1,1,5
202000046755,2020-08-25 14:40:00,2020,8,25,14,40,69,69386,DE LATTRE DE TASSIGNY               (PT),45.77249,4.83972,Plein jour,En agglomération,Hors intersection,Normale,Deux véhicules - arrière,4,2,6,0,1,1,1,0,1,50,2,2,1,0,0,1,50.0,35.0,voiture,voiture,1,2,1,1,2
202000046756,2020-06-23 14:45:00,2020,6,23,14,45,62,62758,MONT D'OSTROHOVE ( Rue du ),50.708925,1.618018,Plein jour,Hors agglomération,Hors intersection,Normale,Autre collision,4,2,2,0,3,1,1,0,1,50,1,1,0,0,1,0,,,,,1,1,1,1,6
202000046757,2020-02-05 17:25:00,2020,2,5,17,25,01,01354,9 Chemin de la Léchere,46.256629,6.03283,Crépuscule ou aube,Hors agglomération,Hors intersection,Normale,Deux véhicules - frontale,4,2,2,0,1,1,1,0,1,80,2,2,0,0,1,1,34.0,59.0,voiture,voiture,2,1,1,1,1
202000046758,2020-07-24 13:10:00,2020,7,24,13,10,69,69264,ZOLA EMILE  R,45.98499,4.73164,Plein jour,En agglomération,Intersection en T,Normale,Deux véhicules - côté,3,1,2,0,1,3,1,0,1,50,2,2,1,0,0,1,41.0,53.0,utilitaire_camion,utilitaire_camion,1,2,3,1,3
202000046759,2020-01-01 18:15:00,2020,1,1,18,15,92,92025,PIERRE DE COUBERTIN (BD),48.928417,2.249729,Nuit avec éclairage allumé,En agglomération,Hors intersection,Normale,Sans collision,4,1,1,0,1,1,1,0,3,50,1,3,1,0,0,2,20.0,,voiture,,5,2,1,1,7
202000046760,2020-05-22 16:15:00,2020,5,22,16,15,93,93078,VAILLANT-COUTURIER (AVENUE PAUL),48.9590157,2.533501,Plein jour,En agglomération,Autre intersection,Normale,Deux véhicules - arrière,4,1,0,0,2,1,1,2,1,50,2,2,1,0,0,1,21.0,20.0,deux_roues,deux_roues,1,2,9,1,2
202000046761,2020-08-24 11:20:00,2020,8,24,11,20,69,69382,COLONEL CHAMBONNET                  (R ),45.7589,4.8304,Plein jour,En agglomération,Hors intersection,Normale,Deux véhicules - arrière,4,1,2,0,1,1,1,0,1,50,2,2,1,0,0,1,49.0,45.0,deux_roues,voiture,1,2,1,1,2
202000046762,2020-05-22 11:15:00,2020,5,22,11,15,93,93078,BERT (AVENUE PAUL),48.9528425,2.5402686,Plein jour,En agglomération,Giratoire,Normale,Deux véhicules - côté,4,-1,1,0,1,1,1,9,1,50,2,3,2,0,0,1,20.0,25.0,voiture,voiture,1,2,6,1,3
202000046763,2020-08-25 07:00:00,2020,8,25,7,0,69,69381,CONSTANTINE (DE)                    (R ),45.76706,4.83216,Plein jour,En agglomération,Hors intersection,Normale,Sans collision,4,2,1,0,1,1,1,0,1,50,1,2,1,0,0,1,52.0,,autre,,1,2,1,1,7
202000046764,2020-08-25 16:20:00,2020,8,25,16,20,971,97101,ROUTE DE CHAZEAU,16.28913,-61.47849,Plein jour,Hors agglomération,Hors intersection,Normale,Deux véhicules - côté,3,2,1,0,1,1,1,0,1,70,2,2,1,0,0,1,23.0,50.0,voiture,deux_roues,1,1,1,1,3
202000046765,2020-01-02 16:30:00,2020,1,2,16,30,92,92012,GENERAL LECLERC (AVENUE DU) 35/FIN - 60/,48.83058,2.23342,Crépuscule ou aube,En agglomération,Hors intersection,Temps couvert,Sans collision,3,3,3,0,1,1,2,0,1,50,1,1,0,0,0,1,40.0,,deux_roues,,2,2,1,8,7
202000046766,2020-02-04 16:45:00,2020,2,4,16,45,42,42182,1013 Route de St Germain,46.0664868,3.9330882,Plein jour,Hors agglomération,Hors intersection,Normale,Autre collision,3,2,2,0,1,1,2,0,1,70,1,2,0,0,2,0,30.0,,voiture,,1,1,1,1,6
202000046767,2020-10-19 19:30:00,2020,10,19,19,30,988,98818,RUE KERSAINT/ROGER GERVOLINO,-22.26665,166.46829,Nuit avec éclairage allumé,En agglomération,Intersection en T,Normale,Deux véhicules - côté,4,2,2,0,1,1,1,0,1,50,2,2,1,0,0,1,32.0,50.0,deux_roues,voiture,5,2,3,1,3
202000046768,2020-05-22 14:55:00,2020,5,22,14,55,93,93070,BD JEAN-JAURES / R AMILCAR CIPRIANI,48.914,2.3362,Plein jour,En agglomération,Intersection en T,Normale,Deux véhicules - côté,3,2,2,2,1,1,1,0,1,50,2,2,1,0,0,1,52.0,29.0,utilitaire_camion,deux_roues,1,2,3,1,3
202000046769,2020-10-18 14:30:00,2020,10,18,14,30,974,97416,RN2 (2),-21.34334,55.49655,Plein jour,Hors agglomération,Hors intersection,Normale,Deux véhicules - frontale,2,2,2,0,1,1,1,0,1,80,2,3,1,0,2,0,53.0,24.0,utilitaire_camion,voiture,1,1,1,1,1
202000046770,2020-05-22 14:00:00,2020,5,22,14,0,93,93057,HUGO (AV. VICTOR),48.9099385,2.5139633,Plein jour,En agglomération,Hors intersection,Normale,Deux véhicules - arrière,3,3,4,0,1,1,1,0,1,50,2,2,1,0,0,1,47.0,35.0,voiture,utilitaire_camion,1,2,1,1,2
202000046771,2020-02-05 19:10:00,2020,2,5,19,10,974,97417,Rue Leconte de Lisle,-21.358021,55.770083,Plein jour,En agglomération,Hors intersection,Normale,Autre collision,3,2,2,0,1,1,1,0,1,50,1,1,0,1,0,0,30.0,,deux_roues,,1,2,1,1,6
202000046772,2020-07-23 10:40:00,2020,7,23,10,40,67,67482,CIRIERS (RUE DES),48.557877,7.759683,Plein jour,En agglomération,Intersection en T,Temps éblouissant,Deux véhicules - côté,4,2,2,0,1,1,1,0,5,30,2,2,1,0,1,0,57.0,66.0,voiture,deux_roues,1,2,3,7,3
202000046773,2020-05-22 18:45:00,2020,5,22,18,45,93,93005,R DU HAMEAU,48.94819,2.50386,Plein jour,En agglomération,Hors intersection,Normale,Deux véhicules - arrière,4,1,1,0,1,1,1,0,1,50,2,2,1,0,0,1,31.0,19.0,deux_roues,voiture,1,2,1,1,2
202000046774,2020-10-20 13:10:00,2020,10,20,13,10,974,97411,BOYER DE LA GIRODAY (RUE),-20.90677,55.50107,Plein jour,En agglomération,Intersection en T,Normale,Deux véhicules - frontale,4,2,2,0,1,1,1,0,1,50,2,2,1,0,0,1,40.0,34.0,deux_roues,voiture,1,2,3,1,1
202000046775,2020-08-23 20:40:00,2020,8,23,20,40,971,97101,RN1 ROCADE DE CHAUVEL,16.2363489,-61.5232658,Nuit avec éclairage allumé,Hors agglomération,Autre intersection,Normale,Trois véhicules et plus - collisions multiples,2,3,2,0,1,1,1,2,1,90,3,4,0,0,0,4,63.0,32.0,voiture,voiture,5,1,9,1,5
202000046776,2020-01-03 14:28:00,2020,1,3,14,28,22,22369,N12,48.348398,-2.290312,Plein jour,Hors agglomération,Hors intersection,Pluie légère,Sans collision,2,3,4,0,2,1,2,0,8,110,1,3,0,0,0,3,22.0,,voiture,,1,1,1,2,7
202000046777,2020-01-02 21:50:00,2020,1,2,21,50,38,38383,Route de Voiron,45.36756,5.63335,Nuit sans éclairage public,Hors agglomération,Hors intersection,Normale,,3,2,2,0,1,1,1,0,3,80,2,2,1,0,1,0,19.0,45.0,deux_roues,voiture,3,1,1,1,-1
202000046778,2020-01-03 07:38:00,2020,1,3,7,38,72,72008,D323,47.943158,0.192079,Nuit sans éclairage public,Hors agglomération,Hors intersection,Normale,Autre collision,3,1,4,0,1,1,1,0,3,90,1,1,0,0,1,0,53.0,,deux_roues,,3,1,1,1,6
202000046779,2020-10-20 16:00:00,2020,10,20,16,0,69,69259,FRANCIS DE PRESSENSE                (AV),45.7252002,4.863704,Plein jour,En agglomération,Hors intersection,Normale,Autre collision,4,2,2,1,1,1,1,0,1,50,1,1,0,0,1,0,,,,,1,2,1,1,6
202000046780,2020-10-20 11:35:00,2020,10,20,11,35,69,69386,EMERAUDES (DES)                     (R ),45.76989,4.86202,Plein jour,En agglomération,Hors intersection,Normale,Autre collision,4,1,2,0,1,1,1,0,1,50,1,2,1,0,1,0,65.0,,voiture,,1,2,1,1,6
202000046781,2020-01-02 04:30:00,2020,1,2,4,30,19,19120,lieud-dit charniac,45.208882,1.2890716,Nuit sans éclairage public,Hors agglomération,Hors intersection,Brouillard / fumée,Sans collision,3,2,2,0,2,2,2,0,8,80,1,6,1,0,0,5,35.0,,utilitaire_camion,,3,1,1,5,7
202000046782,2020-10-20 10:25:00,2020,10,20,10,25,69,69388,GENERAL FRERE (DU)                  (AV),45.73335,4.87388,Plein jour,En agglomération,Intersection en X,Normale,Deux véhicules - côté,4,2,2,0,1,1,1,0,1,50,2,2,1,0,0,1,32.0,20.0,voiture,voiture,1,2,2,1,3
202000046783,2020-10-20 08:10:00,2020,10,20,8,10,69,69259,PIERRE SEMARD                       (AV),45.70911,4.87597,Plein jour,En agglomération,Hors intersection,Normale,Deux véhicules - côté,4,2,1,0,1,1,1,0,1,50,2,2,1,0,0,1,41.0,20.0,voiture,utilitaire_camion,1,2,1,1,3
202000046784,2020-01-02 11:15:00,2020,1,2,11,15,56,56078,Kerméné VC n° 12,47.776848,-3.468019,Plein jour,Hors agglomération,Hors intersection,Normale,Sans collision,4,2,2,0,2,1,1,0,1,50,1,1,0,1,0,0,64.0,,deux_roues,,1,1,1,1,7
202000046785,2020-10-20 08:50:00,2020,10,20,8,50,69,69383,FELIX FAURE                         (AV),45.75368,4.85977,Plein jour,En agglomération,Hors intersection,Normale,Autre collision,4,2,6,1,1,1,1,0,1,50,1,2,1,0,0,1,41.0,,deux_roues,,1,2,1,1,6
202000046786,2020-05-22 13:00:00,2020,5,22,13,0,93,93005,R JACQUES DUCLOS,48.9468149,2.492583,Plein jour,En agglomération,Hors intersection,Normale,Trois véhicules et plus - collisions multiples,3,3,4,0,1,1,1,0,1,50,3,3,2,0,0,1,46.0,25.0,utilitaire_camion,utilitaire_camion,1,2,1,1,5
202000046787,2020-02-05 10:45:00,2020,2,5,10,45,974,97413,Rue Georges Pompidou,-21.140178,55.285842,Plein jour,Hors agglomération,Intersection en T,Normale,Sans collision,3,2,2,0,2,2,1,0,1,50,1,1,0,0,1,0,60.0,,deux_roues,,1,1,3,1,7
202000046788,2020-08-25 16:30:00,2020,8,25,16,30,91,91216,GRANDE RUE,48.676756,2.321121,Plein jour,En agglomération,Hors intersection,Normale,Deux véhicules - arrière,3,2,0,0,1,1,1,0,1,50,2,5,2,0,0,3,50.0,20.0,voiture,voiture,1,2,1,1,2
202000046789,2020-07-21 21:13:00,2020,7,21,21,13,67,67482,CICERON (RUE),48.58183,7.70351,Crépuscule ou aube,En agglomération,Intersection en X,Normale,Deux véhicules - côté,4,2,2,2,1,1,1,5,1,50,2,3,1,1,0,1,19.0,42.0,deux_roues,voiture,2,2,2,1,3
202000046790,2020-05-21 23:45:00,2020,5,21,23,45,93,93005,BD MARC CHAGALL,48.9518878,2.4918258,Nuit avec éclairage allumé,En agglomération,Hors intersection,Normale,Trois véhicules et plus - en chaîne,3,1,2,0,1,1,1,0,1,50,3,3,2,0,0,1,48.0,39.0,utilitaire_camion,utilitaire_camion,5,2,1,1,4
202000046791,2020-10-19 15:40:00,2020,10,19,15,40,972,97209,CARLOS FINLAY (RUE),14.61147,-61.07415,Plein jour,En agglomération,Intersection en T,Normale,Autre collision,4,1,1,0,3,1,1,0,1,50,1,2,1,0,0,1,35.0,,voiture,,1,2,3,1,6
202000046792,2020-05-22 01:26:00,2020,5,22,1,26,92,92046,HENRI BARBUSSE (ROND POINT),48.8145055,2.2878706,Nuit avec éclairage allumé,En agglomération,Giratoire,Normale,Autre collision,4,2,2,0,3,1,1,0,1,50,1,1,0,0,1,0,38.0,,deux_roues,,5,2,6,1,6
202000046793,2020-01-03 13:30:00,2020,1,3,13,30,80,80330,Forceville-en-Vimeu,49.966461,1.795705,Plein jour,Hors agglomération,Intersection en X,Pluie légère,Deux véhicules - côté,3,2,2,0,1,1,2,0,1,80,2,3,0,0,1,2,30.0,65.0,voiture,voiture,1,1,2,2,3
202000046794,2020-08-25 17:55:00,2020,8,25,17,55,91,91687,DU QUINCONCE (PLACE),48.65281,2.37149,Plein jour,En agglomération,Place,Normale,Autre collision,4,1,1,0,1,1,1,0,1,50,1,2,1,0,0,1,35.0,,voiture,,1,2,7,1,6
202000046795,2020-08-23 14:55:00,2020,8,23,14,55,91,91103,VALORGE (RUE DE),48.614447,2.282022,Plein jour,Hors agglomération,Autre intersection,Normale,Autre collision,4,2,2,0,1,1,1,0,3,50,1,1,0,0,0,1,25.0,,voiture,,1,1,9,1,6
202000046796,2020-08-11 10:10:00,2020,8,11,10,10,88,88429,faubourg de Remiremont,48.027,6.5801,Plein jour,En agglomération,Hors intersection,Normale,Autre collision,4,2,2,0,1,1,1,0,1,50,1,2,1,0,1,0,86.0,,voiture,,1,2,1,1,6
202000046797,2020-08-22 02:07:00,2020,8,22,2,7,87,87085,LANDOUGE (AVENUE DE),45.8442,1.19094,Nuit avec éclairage allumé,En agglomération,Hors intersection,Pluie légère,Autre collision,4,2,2,0,1,1,2,0,4,50,1,1,0,0,0,1,18.0,,deux_roues,,5,2,1,2,6
202000046798,2020-08-23 11:28:00,2020,8,23,11,28,87,87075,Route de Périgueux,45.8021,1.23182,Plein jour,En agglomération,Intersection en T,Normale,Deux véhicules - côté,2,2,2,0,1,1,1,5,1,50,2,2,1,0,0,1,60.0,27.0,deux_roues,voiture,1,2,3,1,3
202000046799,2020-08-24 18:07:00,2020,8,24,18,7,87,87113,Rue d’Anguernaud,45.87674,1.30392,Plein jour,En agglomération,Hors intersection,Pluie légère,Sans collision,4,2,2,0,1,1,2,5,1,50,1,2,1,0,0,1,18.0,,deux_roues,,1,2,1,2,7
202000046800,2020-08-22 00:36:00,2020,8,22,0,36,87,87050,HIPPODROME (ALLEE DE L'),45.88716,1.1884,Nuit sans éclairage public,Hors agglomération,Hors intersection,Pluie légère,Autre collision,4,2,2,0,1,1,2,0,1,70,1,1,0,0,0,1,20.0,,voiture,,3,1,1,2,6
202000046801,2020-08-25 16:15:00,2020,8,25,16,15,83,83090,SEYNE (ROUTE DE LA),43.1222133,5.8508886,Plein jour,En agglomération,Hors intersection,Normale,Deux véhicules - côté,4,1,2,0,1,3,1,9,1,50,2,1,0,0,0,1,63.0,,deux_roues,,1,2,1,1,3
202000046802,2020-08-24 14:25:00,2020,8,24,14,25,80,80021,PRESIDENT KENNEDY (RUE DU),49.90599,2.30263,Plein jour,En agglomération,Hors intersection,Normale,Deux véhicules - côté,6,-1,-1,0,1,1,1,0,1,30,2,2,1,0,0,1,73.0,47.0,voiture,voiture,1,2,1,1,3
202000046803,2020-08-25 05:57:00,2020,8,25,5,57,76,76599,PTT (ROUTE DE LYONS LA FORET),49.4330871,1.1529744,Nuit avec éclairage allumé,En agglomération,Hors intersection,Pluie légère,Autre collision,3,2,2,0,1,1,2,0,4,50,1,1,0,1,0,0,56.0,,transport_commun,,5,2,1,2,6
202000046804,2020-05-22 18:00:00,2020,5,22,18,0,92,92026,PAUL DOUMER,48.8957309,2.2626016,Plein jour,En agglomération,Autre intersection,Pluie légère,Deux véhicules - côté,3,1,3,0,1,1,2,0,1,50,2,2,1,0,0,1,51.0,52.0,deux_roues,deux_roues,1,2,9,2,3
202000046805,2020-02-03 18:00:00,2020,2,3,18,0,08,08402,A34,49.599537,4.510285,Crépuscule ou aube,Hors agglomération,Hors intersection,Pluie forte,Deux véhicules - arrière,1,3,4,0,1,1,2,0,1,130,2,2,1,0,1,0,53.0,50.0,utilitaire_camion,voiture,2,1,1,3,2
202000046806,2020-08-24 16:30:00,2020,8,24,16,30,76,76351,ARMAND BARBES,49.5004,0.1502,Plein jour,En agglomération,Hors intersection,Normale,Sans collision,4,2,1,0,1,1,1,0,1,50,1,1,0,0,0,1,46.0,,voiture,,1,2,1,1,7
202000046807,2020-07-19 23:30:00,2020,7,19,23,30,67,67482,MACON (RUE DE),48.546782,7.763163,Nuit avec éclairage allumé,En agglomération,Hors intersection,Normale,Autre collision,4,1,1,0,1,1,1,0,1,30,1,2,1,0,0,1,18.0,,voiture,,5,2,1,1,6
202000046808,2020-10-20 19:10:00,2020,10,20,19,10,69,69385,SOEUR JANIN                         (R ),45.76121,4.80089,Nuit avec éclairage allumé,En agglomération,Hors intersection,Normale,Autre collision,6,-1,-1,0,1,1,1,0,1,50,1,1,0,0,0,1,,,,,5,2,1,1,6
202000046809,2020-05-22 16:50:00,2020,5,22,16,50,92,92023,HENRI BARBUSSE (AVENUE),48.81196,2.25815,Plein jour,En agglomération,Hors intersection,Pluie légère,Deux véhicules - frontale,3,2,2,0,1,1,1,0,1,50,2,2,0,0,0,2,69.0,53.0,utilitaire_camion,utilitaire_camion,1,2,1,2,1
202000046810,2020-02-05 15:20:00,2020,2,5,15,20,87,87177,D10,45.80713,1.096562,Plein jour,Hors agglomération,Hors intersection,Normale,Deux véhicules - côté,3,2,2,0,1,1,1,0,1,80,2,4,2,0,1,1,31.0,31.0,voiture,utilitaire_camion,1,1,1,1,3
202000046811,2020-08-23 09:40:00,2020,8,23,9,40,76,76351,FRISSARD (QUAI),49.48939,0.12353,Plein jour,En agglomération,Hors intersection,Pluie forte,Autre collision,4,2,2,0,2,1,2,2,1,50,1,1,0,0,0,1,27.0,,deux_roues,,1,2,1,3,6
202000046812,2020-05-22 16:05:00,2020,5,22,16,5,92,92012,REINE (ROUTE DE LA) 82/FIN - 107TER/FIN,48.8397592,2.2393441,Plein jour,En agglomération,Hors intersection,Normale,Deux véhicules - côté,3,2,4,2,1,1,1,0,1,50,2,2,1,0,0,1,40.0,29.0,deux_roues,utilitaire_camion,1,2,1,1,3
202000046813,2020-08-21 22:45:00,2020,8,21,22,45,76,76351,GUSTAVE BRINDEAU (RUE),49.49247,0.13964,Nuit avec éclairage allumé,En agglomération,Intersection en X,Normale,Deux véhicules - côté,4,2,2,0,1,1,1,0,1,50,2,2,1,0,0,1,45.0,25.0,deux_roues,voiture,5,2,2,1,3
202000046814,2020-01-26 12:10:00,2020,1,26,12,10,80,80241,Route départementale 118,50.08025,2.132506,Plein jour,Hors agglomération,Hors intersection,Temps couvert,Autre collision,3,2,2,0,2,3,2,0,8,80,1,2,0,0,0,2,30.0,,voiture,,1,1,1,8,6
202000046815,2020-10-20 09:00:00,2020,10,20,9,0,69,69034,LOUIS GUYOT                         (R ),45.79034,4.83236,Plein jour,En agglomération,Hors intersection,Normale,Autre collision,4,1,1,0,1,1,1,0,1,50,1,1,0,0,0,1,65.0,,voiture,,1,2,1,1,6
202000046816,2020-01-02 12:25:00,2020,1,2,12,25,65,65258,Quartier des Barraques,43.145111,0.393116,Plein jour,Hors agglomération,Hors intersection,Normale,Deux véhicules - frontale,3,2,2,0,4,4,1,0,1,70,2,2,0,0,1,1,30.0,45.0,voiture,voiture,1,1,1,1,1
202000046817,2020-01-02 15:50:00,2020,1,2,15,50,71,71559,Route de Macon,46.2803837,4.366105,Plein jour,Hors agglomération,Hors intersection,Normale,Sans collision,3,2,2,0,1,2,1,0,3,80,1,2,0,0,2,0,22.0,,deux_roues,,1,1,1,1,7
202000046818,2020-02-02 06:20:00,2020,2,2,6,20,82,82087,Route de Moissac,44.133974,1.190772,Nuit sans éclairage public,Hors agglomération,Hors intersection,Normale,Sans collision,3,2,2,0,1,1,1,0,3,80,1,2,0,0,1,1,22.0,,voiture,,3,1,1,1,7
202000046819,2020-07-24 14:30:00,2020,7,24,14,30,66,66136,MERCADER (BOULEVARD FELIX),42.6944194,2.8894998,Plein jour,En agglomération,Hors intersection,Normale,Deux véhicules - arrière,4,2,4,0,1,1,1,0,1,50,2,2,1,0,0,1,27.0,24.0,voiture,voiture,1,2,1,1,2
202000046820,2020-05-22 17:20:00,2020,5,22,17,20,92,92002,DOCTEUR TENINE (AVENUE DU),48.7628735,2.3105286,Plein jour,En agglomération,Intersection en T,Normale,Deux véhicules - côté,4,1,3,3,2,1,1,0,1,50,2,4,3,0,1,0,46.0,21.0,voiture,deux_roues,1,2,3,1,3
202000046821,2020-10-19 14:55:00,2020,10,19,14,55,971,97101,DES MILLE FLEURS - PETIT PEROU (RUE),16.25501,-61.51336,Plein jour,En agglomération,Hors intersection,Normale,Deux véhicules - frontale,2,2,2,3,1,1,1,0,1,50,2,4,2,0,2,0,22.0,30.0,deux_roues,voiture,1,2,1,1,1
202000046822,2020-12-02 12:10:00,2020,12,2,12,10,51,51454,Avenue du Président Kennedy,49.2367589,4.0136695,Plein jour,En agglomération,Hors intersection,Normale,Sans collision,4,2,-1,0,1,1,1,5,1,50,1,2,1,0,0,1,28.0,,voiture,,1,2,1,1,7
202000046823,2020-08-25 22:10:00,2020,8,25,22,10,69,69266,DEDIEU     (Rue),45.76965,4.87112,Nuit avec éclairage allumé,En agglomération,Autre intersection,Autre,Deux véhicules - côté,9,1,1,0,1,1,1,0,1,50,2,2,1,0,0,1,31.0,54.0,voiture,voiture,5,2,9,9,3
202000046824,2020-01-03 11:35:00,2020,1,3,11,35,42,42222,Route des Lavandes,45.610028,4.30699,Plein jour,En agglomération,Intersection en X,Temps couvert,Deux véhicules - frontale,4,2,1,0,1,1,1,0,1,50,2,2,1,0,1,0,28.0,63.0,voiture,deux_roues,1,2,2,8,1
202000046825,2020-07-23 19:00:00,2020,7,23,19,0,66,66136,JUIN (AVENUE DU MARECHAL),42.68853,2.8952,Plein jour,En agglomération,Hors intersection,Pluie légère,Autre collision,4,2,2,0,1,1,2,0,1,50,1,2,1,0,1,0,69.0,,voiture,,1,2,1,2,6
202000046826,2020-05-23 19:50:00,2020,5,23,19,50,976,97610,Rue Mtsanga Ylang Ylang,-12.73566,45.205371,Nuit avec éclairage allumé,En agglomération,Hors intersection,Normale,Autre collision,4,2,2,0,1,1,1,0,1,50,1,2,0,0,1,1,19.0,,deux_roues,,5,2,1,1,6
202000046827,2020-07-24 19:05:00,2020,7,24,19,5,64,64445,PAIX,43.32096,-0.35548,Plein jour,En agglomération,Hors intersection,Temps éblouissant,Deux véhicules - arrière,4,2,4,0,1,1,1,0,1,30,2,2,1,0,0,1,51.0,39.0,voiture,deux_roues,1,2,1,7,2