accident_id,datetime,annee,mois,jour,heure,minute,departement,commune_insee,adresse,latitude,longitude,luminosite,agglomeration,intersection,meteo,collision,catr,circ,nbv,vosp,prof,plan,surf,infra,situ,vma,nb_vehicules,nb_usagers,nb_indemnes,nb_tues,nb_blesses_hosp,nb_blesses_legers,age_cond_1,age_cond_2,veh_type_cond_1,veh_type_cond_2,lum_code,agg_code,int_code,atm_code,col_code
202000046828,2020-05-21 16:45:00,2020,5,21,16,45,83,83072,D50,43.502679,6.3215,Plein jour,Hors agglomération,Hors intersection,Normale,Autre collision,3,2,2,0,1,2,1,8,1,80,1,2,1,0,0,1,62.0,,deux_roues,,1,1,1,1,6
202000046829,2020-01-03 16:20:00,2020,1,3,16,20,22,22251,RUE DELATTRE DE TASSIGNY,48.564503,-2.812775,Plein jour,Hors agglomération,Hors intersection,Pluie légère,Autre collision,3,3,4,0,1,3,2,0,8,110,1,1,0,1,0,0,24.0,,voiture,,1,1,1,2,6
202000046830,2020-02-05 05:35:00,2020,2,5,5,35,89,89210,D953,47.7890505,4.2805114,Nuit sans éclairage public,Hors agglomération,Intersection en Y,Pluie légère,Autre collision,3,2,2,0,2,2,2,0,3,80,1,1,0,0,1,0,19.0,,voiture,,3,1,4,2,6
202000046831,2020-10-20 10:00:00,2020,10,20,10,0,2A,2A004,CALVI  ROUTE,41.951139,8.7796805,Plein jour,En agglomération,Hors intersection,Normale,Trois véhicules et plus - collisions multiples,3,3,2,0,1,1,1,0,1,50,4,3,2,0,0,1,26.0,57.0,voiture,voiture,1,2,1,1,5
202000046832,2020-08-24 11:30:00,2020,8,24,11,30,69,69282,LIBERATION (DE LA)                  (AV),45.77714,4.99781,Plein jour,En agglomération,Hors intersection,Normale,Deux véhicules - frontale,4,2,2,0,1,1,1,0,1,50,2,3,2,0,0,1,34.0,41.0,transport_commun,utilitaire_camion,1,2,1,1,1
202000046833,2020-11-29 18:25:00,2020,11,29,18,25,49,49099,LATTRE DE TASSIGNY (PONT DE),47.05556,-0.87921,Nuit avec éclairage allumé,En agglomération,Intersection en X,Normale,Deux véhicules - côté,7,2,5,0,1,1,1,0,1,50,2,3,2,0,1,0,19.0,42.0,deux_roues,voiture,5,2,2,1,3
202000046834,2020-10-19 18:40:00,2020,10,19,18,40,91,91691,MARCEAU BAILLIOTI(RUE),48.70829,2.49496,Plein jour,En agglomération,Hors intersection,Normale,Deux véhicules - arrière,3,2,2,0,1,1,1,0,1,50,2,2,1,0,0,1,21.0,41.0,voiture,voiture,1,2,1,1,2
202000046835,2020-08-25 00:07:00,2020,8,25,0,7,69,69256,EMILE ZOLA                          (R ),45.7782619,4.9172508,Nuit avec éclairage allumé,En agglomération,Hors intersection,Normale,Autre collision,4,3,4,0,1,1,1,0,1,50,1,2,1,0,1,0,20.0,,voiture,,5,2,1,1,6
202000046836,2020-02-05 10:55:00,2020,2,5,10,55,49,49331,28 Avenue des Acacias,47.693265,-0.875985,Plein jour,En agglomération,Giratoire,Normale,Deux véhicules - frontale,4,-1,1,0,2,1,1,5,1,50,2,2,1,0,1,0,86.0,74.0,voiture,deux_roues,1,2,6,1,1
202000046837,2020-11-21 14:00:00,2020,11,21,14,0,49,49007,MARIANNE BOULEVARD,47.45107,-0.52748,Plein jour,En agglomération,Hors intersection,Normale,Sans collision,4,1,1,0,1,1,1,0,1,50,1,2,0,0,0,2,17.0,,deux_roues,,1,2,1,1,7
202000046838,2020-10-20 15:45:00,2020,10,20,15,45,91,91377,PREMIER MAI (BOULEVARD DU),48.73374,2.26047,Plein jour,En agglomération,Autre intersection,Pluie légère,Autre collision,4,3,2,0,1,1,2,6,1,30,1,2,1,0,0,1,35.0,,voiture,,1,2,9,2,6
202000046839,2020-02-04 18:50:00,2020,2,4,18,50,25,25527,Rue de Besançon,47.187911,5.829753,Nuit sans éclairage public,Hors agglomération,Hors intersection,Pluie forte,Autre collision,3,2,3,0,1,1,2,0,1,80,1,2,1,0,1,0,49.0,,voiture,,3,1,1,3,6
202000046840,2020-08-24 18:07:00,2020,8,24,18,7,66,66136,GAUGUIN (AVENUE PAUL),42.71848,2.89008,Plein jour,En agglomération,Hors intersection,Normale,,4,2,2,0,1,3,1,0,1,50,2,3,2,0,0,1,65.0,51.0,voiture,voiture,1,2,1,1,-1
202000046841,2020-01-31 09:50:00,2020,1,31,9,50,35,35299,Les Petits Douets,48.653105,-1.937816,Plein jour,Hors agglomération,Hors intersection,Normale,Autre collision,3,2,2,0,4,2,2,0,3,70,1,1,0,0,1,0,20.0,,voiture,,1,1,1,1,6
202000046842,2020-11-23 14:00:00,2020,11,23,14,0,49,49007,AYRAULT,47.47739,-0.55324,Plein jour,En agglomération,Hors intersection,Normale,Deux véhicules - côté,3,2,4,0,1,1,1,0,1,50,2,2,1,0,0,1,22.0,40.0,voiture,deux_roues,1,2,1,1,3
202000046843,2020-08-25 09:35:00,2020,8,25,9,35,64,64483,ITHURRALDE ANDRE (AVENUE),43.39629,-1.64611,Plein jour,En agglomération,Intersection en T,Normale,Autre collision,3,2,2,0,1,1,1,0,1,50,1,2,0,0,1,1,19.0,,deux_roues,,1,2,3,1,6
202000046844,2020-01-24 08:25:00,2020,1,24,8,25,29,29069,D5 - Route de St Renan,48.4277653,-4.5824747,Crépuscule ou aube,Hors agglomération,Hors intersection,Temps couvert,Deux véhicules - frontale,3,2,2,0,1,1,2,0,1,80,2,5,4,0,0,1,38.0,30.0,voiture,voiture,2,1,1,8,1
202000046845,2020-01-03 12:30:00,2020,1,3,12,30,54,54027,D120,48.889814,6.104122,Plein jour,Hors agglomération,Hors intersection,Pluie légère,Trois véhicules et plus - collisions multiples,3,2,2,0,1,1,2,0,1,80,3,5,0,0,3,2,21.0,46.0,voiture,voiture,1,1,1,2,5
202000046846,2020-10-18 03:37:00,2020,10,18,3,37,89,89387,MAXIME COURTIS (RUE),48.2019428,3.2987309,Nuit avec éclairage allumé,En agglomération,Intersection en X,Temps couvert,Deux véhicules - côté,3,2,2,0,1,1,2,2,1,50,2,2,0,0,0,2,37.0,32.0,voiture,voiture,5,2,2,8,3
202000046847,2020-02-04 18:00:00,2020,2,4,18,0,29,29174,Route de Saint-julien,47.87517,-4.226126,Plein jour,En agglomération,Hors intersection,Normale,Sans collision,4,2,2,0,2,1,1,0,1,50,1,1,0,0,0,1,40.0,,deux_roues,,1,2,1,1,7
202000046848,2020-10-20 12:20:00,2020,10,20,12,20,87,87085,LEROUX (RUE PIERRE),45.83362,1.2543,Plein jour,En agglomération,Hors intersection,Normale,Autre collision,4,1,1,0,2,1,1,0,4,50,1,2,1,0,0,1,20.0,,voiture,,1,2,1,1,6
202000046849,2020-01-02 12:50:00,2020,1,2,12,50,06,06059,Avenue de Verdun,43.726801,7.352536,Plein jour,Hors agglomération,Autre intersection,Normale,Trois véhicules et plus - collisions multiples,7,3,4,0,2,3,1,0,1,70,3,5,4,0,0,1,64.0,29.0,voiture,deux_roues,1,1,9,1,5
202000046850,2020-10-19 17:51:00,2020,10,19,17,51,87,87050,BIARDS (RUE DES),45.85642,1.24528,Plein jour,En agglomération,Hors intersection,Normale,Sans collision,3,2,1,0,1,1,1,0,1,50,1,1,0,0,1,0,62.0,,deux_roues,,1,2,1,1,7
202000046851,2020-02-04 14:35:00,2020,2,4,14,35,70,70325,D474,47.4978069,5.978665,Plein jour,Hors agglomération,Hors intersection,Normale,Trois véhicules et plus - collisions multiples,3,2,2,0,1,1,2,0,1,80,5,7,5,0,2,0,68.0,41.0,voiture,voiture,1,1,1,1,5
202000046852,2020-01-03 15:15:00,2020,1,3,15,15,50,50270,Le Haut Pitois,49.469535,-1.482332,Plein jour,Hors agglomération,Hors intersection,Normale,Deux véhicules - frontale,3,2,2,0,2,1,1,0,1,80,2,4,0,0,4,0,25.0,86.0,voiture,voiture,1,1,1,1,1
202000046853,2020-10-20 07:42:00,2020,10,20,7,42,87,87085,GALLIENI (RUE),45.84243,1.24296,Nuit avec éclairage allumé,En agglomération,Intersection en X,Normale,Deux véhicules - côté,4,2,2,0,1,1,1,0,1,50,2,2,1,0,0,1,57.0,58.0,deux_roues,voiture,5,2,2,1,3
202000046854,2020-08-25 17:00:00,2020,8,25,17,0,64,64445,LESPY,43.29928,-0.36334,Plein jour,En agglomération,Intersection en X,Normale,Deux véhicules - côté,4,1,2,1,1,1,1,5,1,30,2,2,1,0,0,1,38.0,78.0,voiture,deux_roues,1,2,2,1,3
202000046855,2020-07-22 16:10:00,2020,7,22,16,10,64,64102,BAB (Boulevard),43.497096,-1.48776,Plein jour,En agglomération,Hors intersection,Normale,Autre collision,4,1,1,0,1,1,1,0,1,50,1,2,1,0,0,1,23.0,,voiture,,1,2,1,1,6
202000046856,2020-01-03 09:25:00,2020,1,3,9,25,48,48009,D50,44.7016695,3.320519,Plein jour,Hors agglomération,Hors intersection,Normale,Sans collision,3,2,2,0,1,2,7,0,3,80,1,1,0,0,0,1,22.0,,voiture,,1,1,1,1,7
202000046857,2020-12-01 20:35:00,2020,12,1,20,35,49,49007,LETANDUERE,47.45799,-0.55418,Nuit avec éclairage allumé,En agglomération,Hors intersection,Normale,Deux véhicules - côté,4,1,1,0,1,1,1,0,1,50,2,2,1,0,0,1,22.0,23.0,voiture,deux_roues,5,2,1,1,3
202000046858,2020-02-04 14:20:00,2020,2,4,14,20,58,58274,La Sarree,46.779763,3.843273,Plein jour,Hors agglomération,Hors intersection,Pluie légère,Autre collision,3,2,2,0,1,1,2,0,3,80,1,1,0,0,1,0,44.0,,voiture,,1,1,1,2,6
202000046859,2020-10-19 12:10:00,2020,10,19,12,10,86,86194,Route de Gencay,46.567536,0.357516,Plein jour,En agglomération,Intersection en X,Normale,Autre collision,4,2,4,0,1,1,1,0,2,50,1,2,1,0,0,1,19.0,,utilitaire_camion,,1,2,2,1,6
202000046860,2020-05-23 17:20:00,2020,5,23,17,20,974,97412,Rue Edgard Duchemann,-21.333713,55.632269,Plein jour,En agglomération,Hors intersection,Normale,Sans collision,4,2,2,0,2,1,1,0,1,-1,1,1,0,0,0,1,14.0,,deux_roues,,1,2,1,1,7
202000046861,2020-08-25 08:45:00,2020,8,25,8,45,64,64102,BAB (Boulevard),43.49827,-1.49109,Plein jour,En agglomération,Hors intersection,Temps éblouissant,Deux véhicules - arrière,4,2,4,0,1,1,1,0,1,50,2,3,1,0,0,2,19.0,58.0,deux_roues,voiture,1,2,1,7,2
202000046862,2020-02-02 17:00:00,2020,2,2,17,0,58,58144,voie communale 7 - Alligny Taloux,46.773209,3.06319,Plein jour,Hors agglomération,Hors intersection,Pluie légère,Sans collision,4,2,1,0,1,1,6,0,8,50,1,1,0,0,1,0,24.0,,deux_roues,,1,1,1,2,7
202000046863,2020-01-02 22:00:00,2020,1,2,22,0,48,48016,N88,44.4909708,3.4182648,Nuit sans éclairage public,Hors agglomération,Hors intersection,Autre,Autre collision,2,2,3,0,1,1,7,0,1,90,1,4,2,0,0,2,19.0,,voiture,,3,1,1,9,6
202000046864,2020-12-01 17:28:00,2020,12,1,17,28,49,49246,DAVID D'ANGERS,47.43599,-0.53086,Plein jour,En agglomération,Hors intersection,Normale,Autre collision,4,2,2,0,1,1,1,0,1,50,1,1,0,0,0,1,,,,,1,2,1,1,6
202000046865,2020-07-23 17:00:00,2020,7,23,17,0,64,64102,HENRI DE NAVARRE (AVENUE),43.4943,-1.4527,Plein jour,En agglomération,Hors intersection,Normale,Trois véhicules et plus - en chaîne,3,2,4,0,1,1,1,0,1,50,3,7,5,0,0,2,30.0,53.0,voiture,voiture,1,2,1,1,4
202000046866,2020-08-24 21:20:00,2020,8,24,21,20,63,63124,REPUBLIQUE (AVENUE DE LA),45.7406507,3.1890805,Nuit avec éclairage allumé,En agglomération,Hors intersection,Normale,Deux véhicules - frontale,7,2,2,0,1,1,1,0,1,50,2,2,1,0,1,0,17.0,57.0,deux_roues,voiture,5,2,1,1,1
202000046867,2020-10-18 01:50:00,2020,10,18,1,50,84,84031,ORANGE (ROUTE),44.06416,5.03151,Nuit avec éclairage allumé,Hors agglomération,Hors intersection,Normale,Autre collision,3,2,1,0,1,1,1,0,3,50,1,1,0,1,0,0,80.0,,voiture,,5,1,1,1,6
202000046868,2020-05-23 15:30:00,2020,5,23,15,30,83,83086,D125,43.447755,6.571391,Plein jour,Hors agglomération,Hors intersection,Normale,Deux véhicules - côté,3,2,2,0,1,2,1,5,1,70,2,2,1,0,1,0,27.0,56.0,voiture,deux_roues,1,1,1,1,3
202000046869,2020-02-03 17:20:00,2020,2,3,17,20,64,64506,rn 134,43.0428138,-0.6005734,Plein jour,Hors agglomération,Hors intersection,Normale,Autre collision,2,2,2,0,1,2,1,0,1,80,1,1,0,1,0,0,21.0,,deux_roues,,1,1,1,1,6
202000046870,2020-07-23 17:00:00,2020,7,23,17,0,63,63164,VICHY (ROUTE DE),45.83502,3.14769,Plein jour,En agglomération,Hors intersection,Normale,Sans collision,7,2,2,0,1,2,1,0,1,50,1,1,0,0,1,0,16.0,,deux_roues,,1,2,1,1,7
202000046871,2020-01-02 16:00:00,2020,1,2,16,0,42,42020,A72,45.6172768,4.2042285,Plein jour,Hors agglomération,Hors intersection,Normale,Autre collision,1,1,2,3,1,1,1,0,3,130,1,3,2,0,1,0,30.0,,voiture,,1,1,1,1,6
202000046872,2020-12-01 17:25:00,2020,12,1,17,25,44,44184,MUN (RUE ALBERT DE) DU 57 AU 97 - 60 AU,47.279133,-2.215485,Plein jour,En agglomération,Hors intersection,Normale,Autre collision,4,3,1,0,1,1,1,0,1,50,1,2,1,1,0,0,75.0,,voiture,,1,2,1,1,6
202000046873,2020-10-20 02:40:00,2020,10,20,2,40,76,76351,AMIRAL DU CHILLOU,49.47243,0.1796,Nuit sans éclairage public,Hors agglomération,Hors intersection,Normale,Sans collision,4,2,2,0,1,1,1,0,1,50,1,1,0,0,0,1,35.0,,deux_roues,,3,1,1,1,7
202000046874,2020-08-24 12:56:00,2020,8,24,12,56,63,63032,HOTEL DE VILLE (RUE DE L'),45.75356,3.08599,Plein jour,En agglomération,Intersection en T,Normale,Deux véhicules - arrière,7,2,3,0,1,1,1,0,1,50,2,2,1,0,0,1,21.0,38.0,voiture,voiture,1,2,3,1,2
202000046875,2020-07-22 08:45:00,2020,7,22,8,45,62,62724,RD 40,50.39805,2.89679,Plein jour,Hors agglomération,Hors intersection,Normale,Deux véhicules - arrière,3,2,2,0,1,1,1,0,1,80,2,2,1,0,1,0,73.0,57.0,utilitaire_camion,deux_roues,1,1,1,1,2
202000046876,2020-01-01 13:15:00,2020,1,1,13,15,987,98747,"RT3 sens TAUTIRA TARAVAO, PK 07+400 district de PUEU",-17.735936,-149.238011,Plein jour,Hors agglomération,Hors intersection,Normale,Deux véhicules - côté,2,-1,2,0,1,1,1,0,1,50,2,2,1,0,1,0,32.0,67.0,deux_roues,voiture,1,1,1,1,3
202000046877,2020-10-15 13:40:00,2020,10,15,13,40,72,72181,POLOGNE (RUE DE),47.99186,0.23367,Plein jour,En agglomération,Hors intersection,Normale,Autre collision,4,2,2,0,1,1,1,0,1,50,1,2,1,0,0,1,22.0,,voiture,,1,2,1,1,6
202000046878,2020-12-02 07:50:00,2020,12,2,7,50,44,44109,PLACE VICTOR MANGIN,47.20031,-1.54439,Nuit avec éclairage allumé,En agglomération,Giratoire,Normale,Deux véhicules - côté,4,2,0,0,1,1,1,0,1,30,2,2,1,0,1,0,48.0,41.0,deux_roues,voiture,5,2,6,1,3
202000046879,2020-10-13 12:54:00,2020,10,13,12,54,72,72181,NOTRE DAME (RUE),48.0028,0.20948,Plein jour,En agglomération,Hors intersection,Normale,Autre collision,4,1,1,0,1,1,1,0,1,50,1,1,0,0,0,1,,,,,1,2,1,1,6
202000046880,2020-01-01 06:00:00,2020,1,1,6,0,987,98722,PK 43 district de HITIAA,-17.591429,-149.382126,Crépuscule ou aube,Hors agglomération,Hors intersection,Normale,Autre collision,4,2,2,0,1,3,1,0,3,40,1,2,0,0,2,0,18.0,,deux_roues,,2,1,1,1,6
202000046881,2020-08-23 17:50:00,2020,8,23,17,50,63,63113,GANTIERE (RUE DE LA),45.76504,3.12301,Plein jour,En agglomération,Intersection en X,Normale,Trois véhicules et plus - en chaîne,7,2,3,0,2,1,1,9,1,50,3,3,2,0,0,1,42.0,20.0,deux_roues,voiture,1,2,2,1,4
202000046882,2020-07-20 19:20:00,2020,7,20,19,20,62,62215,MEURCHIN (RTE DE),50.498826,2.940499,Plein jour,Hors agglomération,Hors intersection,Normale,Autre collision,3,3,2,0,1,1,1,0,1,50,1,2,1,0,1,0,37.0,,voiture,,1,1,1,1,6
202000046883,2020-05-23 18:30:00,2020,5,23,18,30,62,62567,Rue Wattre,50.784525,2.081158,Plein jour,En agglomération,Hors intersection,Vent fort / tempête,Deux véhicules - frontale,4,2,2,0,2,2,1,0,1,50,2,3,2,0,1,0,54.0,16.0,voiture,deux_roues,1,2,1,6,1
202000046884,2020-11-29 17:30:00,2020,11,29,17,30,43,43251,46 Avenue de Vals,45.0357797,3.8814189,Crépuscule ou aube,En agglomération,Hors intersection,Normale,Sans collision,3,2,2,0,1,1,2,0,1,50,1,1,0,0,0,1,16.0,,deux_roues,,2,2,1,1,7
202000046885,2020-10-08 16:40:00,2020,10,8,16,40,42,42218,Rue Palluat de Besset,45.44326,4.37457,Plein jour,En agglomération,Intersection en T,Normale,Autre collision,4,1,1,0,3,1,1,0,1,30,1,2,1,0,1,0,54.0,,voiture,,1,2,3,1,6
202000046886,2020-12-02 17:50:00,2020,12,2,17,50,38,38516,Boulevard de la Chantourne,45.19859,5.75496,Crépuscule ou aube,En agglomération,Intersection en Y,Pluie légère,Deux véhicules - frontale,4,2,-1,0,1,2,2,0,1,50,2,2,1,0,1,0,60.0,38.0,voiture,deux_roues,2,2,4,2,1
202000046887,2020-05-23 15:55:00,2020,5,23,15,55,22,22389,RN12 PR 050+150,48.480254,-2.675353,Plein jour,Hors agglomération,Hors intersection,Normale,Deux véhicules - arrière,2,3,4,0,2,1,1,0,1,110,2,5,2,0,0,3,50.0,24.0,utilitaire_camion,voiture,1,1,1,1,2
202000046888,2020-05-11 20:45:00,2020,5,11,20,45,974,97413,203 Rue Georges Pompidou,-21.141572,55.291664,Nuit sans éclairage public,Hors agglomération,Hors intersection,Normale,Autre collision,3,2,2,0,2,3,1,0,3,60,1,1,0,0,1,0,33.0,,deux_roues,,3,1,1,1,6
202000046889,2020-12-02 07:15:00,2020,12,2,7,15,35,35238,HENRY (RECTEUR PAUL),48.121433,-1.700832,Nuit avec éclairage allumé,En agglomération,Intersection en T,Normale,Autre collision,4,2,2,1,1,1,1,0,1,50,1,2,1,0,0,1,64.0,,voiture,,5,2,3,1,6
202000046890,2020-08-23 03:24:00,2020,8,23,3,24,54,54395,LORRAIN (QUAI CLAUDE,48.69197,6.17269,Nuit avec éclairage allumé,En agglomération,Hors intersection,Normale,Autre collision,4,1,1,0,1,1,1,0,1,50,1,1,0,0,0,1,26.0,,voiture,,5,2,1,1,6
202000046891,2020-05-22 15:50:00,2020,5,22,15,50,51,51210,D951,49.0784543,3.9780552,Plein jour,Hors agglomération,Hors intersection,Normale,Sans collision,3,2,2,0,2,2,1,0,1,70,1,1,0,0,1,0,28.0,,deux_roues,,1,1,1,1,7
202000046892,2020-02-05 12:55:00,2020,2,5,12,55,53,53003,Rue de Saint-mars,48.398084,-0.633602,Plein jour,En agglomération,Intersection en X,Normale,,3,2,2,0,1,1,1,0,8,50,2,2,1,0,1,0,16.0,49.0,deux_roues,voiture,1,2,2,1,-1
202000046893,2020-07-03 19:25:00,2020,7,3,19,25,57,57672,CLEMENCEAU (AVENUE) 1 A 31 ET 2 A 72,49.35935,6.16996,Plein jour,En agglomération,Hors intersection,Normale,Autre collision,4,3,4,0,1,1,1,0,1,50,1,2,1,0,0,1,22.0,,voiture,,1,2,1,1,6
202000046894,2020-01-03 10:45:00,2020,1,3,10,45,77,77259,46 Rue du Ponceau,49.0505431,2.6592751,Plein jour,En agglomération,Hors intersection,Temps couvert,Sans collision,4,2,2,0,2,1,2,0,1,50,1,1,0,0,1,0,40.0,,deux_roues,,1,2,1,8,7
202000046895,2020-10-20 14:00:00,2020,10,20,14,0,67,67482,GENERAL OFFENSTEIN (RUE DU),48.55583,7.75206,Plein jour,En agglomération,Hors intersection,Normale,Deux véhicules - côté,4,2,2,0,1,1,1,0,1,50,2,3,2,0,0,1,7.0,24.0,deux_roues,voiture,1,2,1,1,3
202000046896,2020-12-01 12:45:00,2020,12,1,12,45,34,34172,VALERY (BOULEVARD PAUL),43.58364,3.86612,Plein jour,En agglomération,Intersection en X,Pluie légère,Deux véhicules - côté,4,2,2,0,1,1,2,5,1,50,2,3,0,0,0,3,41.0,66.0,voiture,voiture,1,2,2,2,3
202000046897,2020-08-24 11:40:00,2020,8,24,11,40,52,52448,ROND POINT DES BAS FOURNEAUX,48.626361,4.963395,Plein jour,En agglomération,Giratoire,Normale,,4,1,1,1,1,2,1,5,5,50,2,2,1,0,1,0,25.0,64.0,utilitaire_camion,deux_roues,1,2,6,1,-1
202000046898,2020-01-03 08:30:00,2020,1,3,8,30,34,34157,RD 5E8,43.46067,3.591465,Plein jour,Hors agglomération,Hors intersection,Normale,Deux véhicules - côté,3,2,2,0,1,1,1,0,3,70,2,2,1,0,1,0,47.0,53.0,utilitaire_camion,voiture,1,1,1,1,3
202000046899,2020-07-22 08:15:00,2020,7,22,8,15,56,56260,ANCIENS COMBATTANTS EN AFN(PLACE DES,47.66405,-2.75567,Plein jour,En agglomération,Giratoire,Normale,Deux véhicules - arrière,4,1,2,0,1,2,1,5,1,30,2,2,1,0,0,1,49.0,47.0,voiture,voiture,1,2,6,1,2
202000046900,2020-01-03 01:30:00,2020,1,3,1,30,34,34246,768 Chemin des Ranquets,43.715623,4.065724,Nuit sans éclairage public,Hors agglomération,Hors intersection,Normale,Sans collision,3,2,2,0,1,3,1,0,3,-1,1,1,0,0,1,0,50.0,,voiture,,3,1,1,1,7
202000046901,2020-08-25 19:45:00,2020,8,25,19,45,51,51454,Rue André Huet,49.271935,4.010124,Plein jour,En agglomération,Hors intersection,Normale,Deux véhicules - arrière,4,2,2,1,1,1,1,0,1,50,2,5,4,0,0,1,34.0,64.0,voiture,utilitaire_camion,1,2,1,1,2
202000046902,2020-07-23 20:10:00,2020,7,23,20,10,56,56098,PERI (RUE GABRIEL),47.75941,-3.35264,Plein jour,En agglomération,Hors intersection,Normale,Autre collision,4,2,2,0,1,1,1,0,1,30,1,1,0,0,0,1,27.0,,deux_roues,,1,2,1,1,6
202000046903,2020-02-03 09:15:00,2020,2,3,9,15,17,17025,D124,45.880516,-0.412846,Plein jour,Hors agglomération,Hors intersection,Normale,Autre collision,3,2,2,0,1,2,2,0,3,80,1,1,0,0,0,1,26.0,,voiture,,1,1,1,1,6
202000046904,2020-01-02 07:45:00,2020,1,2,7,45,67,67130,Rue Saint Antoine,48.418303,7.66014,Crépuscule ou aube,En agglomération,Intersection en T,Temps couvert,Deux véhicules - frontale,4,2,2,0,1,1,1,0,1,50,2,2,1,0,0,1,44.0,52.0,voiture,deux_roues,2,2,3,8,1
202000046905,2020-08-24 12:30:00,2020,8,24,12,30,50,50129,PARIS (AVENUE DE),49.62812,-1.61803,Plein jour,En agglomération,Hors intersection,Normale,Trois véhicules et plus - en chaîne,3,3,2,0,1,1,1,0,1,50,3,4,3,0,0,1,30.0,53.0,voiture,voiture,1,2,1,1,4
202000046906,2020-01-03 10:44:00,2020,1,3,10,44,33,33378,Route des Petits Briands,44.8399413,0.2769324,Plein jour,Hors agglomération,Intersection en X,Pluie légère,Deux véhicules - arrière,3,2,2,0,1,1,2,0,1,80,2,3,1,0,1,1,72.0,48.0,voiture,utilitaire_camion,1,1,2,2,2
202000046907,2020-08-25 12:42:00,2020,8,25,12,42,49,49007,JEAN XXIII AVENUE,47.4476,-0.56256,Plein jour,En agglomération,Hors intersection,Normale,Deux véhicules - frontale,4,2,2,0,1,1,1,0,1,50,2,3,2,0,1,0,26.0,19.0,voiture,voiture,1,2,1,1,1
202000046908,2020-12-01 08:50:00,2020,12,1,8,50,34,34172,MENDES FRANCE (AVENUE PRESIDENT PIERRE),43.60887,3.91075,Plein jour,En agglomération,Hors intersection,Pluie légère,Trois véhicules et plus - en chaîne,4,1,2,0,1,1,2,0,1,70,3,3,1,0,2,0,37.0,25.0,voiture,voiture,1,2,1,2,4
202000046909,2020-05-22 21:00:00,2020,5,22,21,0,51,51605,3 Rue de Champagne,49.0808683,3.8422327,Crépuscule ou aube,En agglomération,Intersection en T,Normale,Deux véhicules - côté,3,-1,2,0,2,1,1,0,1,50,2,3,2,0,1,0,14.0,27.0,deux_roues,voiture,2,2,3,1,3
202000046910,2020-02-04 17:00:00,2020,2,4,17,0,52,52524,N67,48.264413,5.12347,Plein jour,Hors agglomération,Hors intersection,Temps couvert,Trois véhicules et plus - collisions multiples,2,2,2,0,2,2,2,0,1,80,3,3,2,1,0,0,72.0,21.0,utilitaire_camion,voiture,1,1,1,8,5
202000046911,2020-12-02 17:00:00,2020,12,2,17,0,29,29173,D784 - Route d'Audierne,48.0016932,-4.1576136,Plein jour,Hors agglomération,Giratoire,Temps couvert,Deux véhicules - côté,3,2,2,0,1,3,1,5,1,50,2,2,1,0,0,1,28.0,29.0,deux_roues,voiture,1,1,6,8,3
202000046912,2020-01-01 19:30:00,2020,1,1,19,30,13,13106,A51-Sens Aix en Provence vers Marseille,43.40688,5.36196,Nuit sans éclairage public,Hors agglomération,Hors intersection,Normale,Deux véhicules - arrière,1,1,3,0,1,1,1,0,1,90,2,2,1,0,0,1,24.0,23.0,voiture,voiture,3,1,1,1,2
202000046913,2020-02-05 02:00:00,2020,2,5,2,0,67,67237,A35,48.694105,7.829164,Nuit sans éclairage public,Hors agglomération,Hors intersection,Normale,Autre collision,1,-1,-1,0,1,1,1,9,1,50,1,2,1,0,1,0,43.0,,utilitaire_camion,,3,1,1,1,6
202000046914,2020-11-30 07:25:00,2020,11,30,7,25,29,29019,Rue de Paris,48.40375,-4.46556,Nuit avec éclairage allumé,En agglomération,Autre intersection,Normale,Autre collision,4,2,2,0,1,1,1,0,1,50,1,2,1,0,0,1,47.0,,voiture,,5,2,9,1,6
202000046915,2020-12-02 18:15:00,2020,12,2,18,15,26,26198,29 Avenue du Meyrol,44.578822,4.74466,Nuit avec éclairage allumé,En agglomération,Hors intersection,Autre,Autre collision,2,2,2,0,1,1,1,0,1,70,1,2,1,0,1,0,33.0,,voiture,,5,2,1,9,6
202000046916,2020-02-05 12:30:00,2020,2,5,12,30,34,34159,RD 612 - lieu dit La Baussas,43.518147,3.808388,Plein jour,Hors agglomération,Giratoire,Normale,Deux véhicules - arrière,3,3,4,3,2,1,1,5,1,80,2,2,1,0,1,0,54.0,51.0,deux_roues,utilitaire_camion,1,1,6,1,2
202000046917,2020-01-01 01:50:00,2020,1,1,1,50,13,13055,A507 sens Marseille - Aubagne,43.2854253,5.4272636,Nuit avec éclairage allumé,Hors agglomération,Hors intersection,Normale,Deux véhicules - côté,1,1,2,0,1,2,1,1,1,70,2,3,1,0,0,2,32.0,31.0,voiture,voiture,5,1,1,1,3
202000046918,2020-07-23 14:40:00,2020,7,23,14,40,56,56121,Boulevard Flandres-dunkerque 1940,47.74452,-3.39549,Plein jour,En agglomération,Hors intersection,Temps éblouissant,Autre collision,4,2,3,1,1,1,1,0,1,50,1,2,1,0,0,1,72.0,,voiture,,1,2,1,7,6
202000046919,2020-08-19 21:45:00,2020,8,19,21,45,47,47001,14 JUILLET (COURS DU),44.20402,0.62482,Crépuscule ou aube,En agglomération,Hors intersection,Normale,Autre collision,3,3,3,0,1,1,1,0,1,50,1,2,1,0,1,0,70.0,,voiture,,2,2,1,1,6