accident_id,datetime,annee,mois,jour,heure,minute,departement,commune_insee,adresse,latitude,longitude,luminosite,agglomeration,intersection,meteo,collision,catr,circ,nbv,vosp,prof,plan,surf,infra,situ,vma,nb_vehicules,nb_usagers,nb_indemnes,nb_tues,nb_blesses_hosp,nb_blesses_legers,age_cond_1,age_cond_2,veh_type_cond_1,veh_type_cond_2,lum_code,agg_code,int_code,atm_code,col_code
202000047378,2020-08-26 10:20:00,2020,8,26,10,20,01,01454,D1504,45.709277,5.726173,Plein jour,Hors agglomération,Hors intersection,Normale,Deux véhicules - frontale,3,2,2,0,2,3,8,0,1,80,2,3,1,1,0,1,48.0,36.0,voiture,deux_roues,1,1,1,1,1
202000047379,2020-07-24 18:30:00,2020,7,24,18,30,75,75119,AVENUE DE FLANDRE,48.885058,2.36971,Plein jour,En agglomération,Hors intersection,Normale,Deux véhicules - arrière,4,1,2,3,1,1,1,-1,6,50,2,2,1,0,0,1,39.0,22.0,voiture,deux_roues,1,2,1,1,2
202000047380,2020-07-24 10:00:00,2020,7,24,10,0,75,75119,AVENUE JEAN JAURES,48.888767,2.393068,Plein jour,En agglomération,Intersection en T,Normale,Deux véhicules - côté,4,2,3,1,1,1,1,-1,5,50,2,2,1,0,0,1,31.0,53.0,deux_roues,voiture,1,2,3,1,3
202000047381,2020-10-20 07:30:00,2020,10,20,7,30,94,94018,PARIS (R DE),48.82775,2.404,Nuit avec éclairage allumé,En agglomération,Intersection en X,Pluie légère,Deux véhicules - côté,3,-1,4,1,1,1,2,0,1,30,2,2,1,0,0,1,69.0,33.0,voiture,deux_roues,5,2,2,2,3
202000047382,2020-08-26 11:55:00,2020,8,26,11,55,01,01323,"Les quatre vents, 23 route de macon",46.4279603,4.9371921,Plein jour,En agglomération,Hors intersection,Normale,Deux véhicules - arrière,3,2,2,0,1,1,1,0,1,50,2,3,2,0,0,1,34.0,26.0,voiture,utilitaire_camion,1,2,1,1,2
202000047383,2020-07-24 16:39:00,2020,7,24,16,39,75,75118,RUE DOUDEAUVILLE,48.888385,2.352641,Plein jour,En agglomération,Hors intersection,Normale,Autre collision,4,2,2,1,1,1,1,0,1,30,1,2,1,0,0,1,31.0,,deux_roues,,1,2,1,1,6
202000047384,2020-08-25 20:55:00,2020,8,25,20,55,26,26368,Avenue de la Clairette,44.725134,5.267086,Nuit sans éclairage public,Hors agglomération,Hors intersection,Normale,Autre collision,3,2,2,0,1,1,1,0,8,80,1,3,0,0,0,3,31.0,,voiture,,3,1,1,1,6
202000047385,2020-07-24 20:00:00,2020,7,24,20,0,75,75117,RUE DAVY,48.891182,2.324709,Plein jour,En agglomération,Intersection en T,Normale,Sans collision,4,2,2,0,1,1,1,0,4,30,1,1,0,0,0,1,28.0,,deux_roues,,1,2,3,1,7
202000047386,2020-08-26 14:20:00,2020,8,26,14,20,72,72316,13 Rue du Vairais,48.307769,0.401226,Plein jour,En agglomération,Hors intersection,Normale,Autre collision,3,2,2,0,1,1,1,0,1,50,1,2,1,0,1,0,20.0,,voiture,,1,2,1,1,6
202000047387,2020-07-24 11:20:00,2020,7,24,11,20,75,75117,AVENUE DE LA GRANDE ARMEE,48.875089,2.290899,Plein jour,En agglomération,Hors intersection,Normale,Deux véhicules - côté,4,2,8,1,1,1,1,-1,5,50,2,2,1,0,0,1,59.0,37.0,deux_roues,utilitaire_camion,1,2,1,1,3
202000047388,2020-07-24 15:00:00,2020,7,24,15,0,75,75116,PORT DEBILLY,48.858306,2.288939,Plein jour,En agglomération,Hors intersection,Normale,Sans collision,4,-1,4,0,1,1,1,9,1,20,1,1,0,0,0,1,60.0,,deux_roues,,1,2,1,1,7
202000047389,2020-07-24 10:00:00,2020,7,24,10,0,75,75116,BOULEVARD LANNES,48.866714,2.271683,Plein jour,En agglomération,Intersection en T,Normale,Deux véhicules - côté,4,2,4,0,1,1,1,0,1,50,2,2,1,0,0,1,27.0,26.0,deux_roues,utilitaire_camion,1,2,3,1,3
202000047390,2020-12-03 14:40:00,2020,12,3,14,40,973,97309,Route de Rémire,4.907698,-52.272804,Plein jour,En agglomération,Intersection en X,Normale,Deux véhicules - côté,3,2,2,0,1,1,1,0,1,50,2,3,1,0,0,2,51.0,45.0,deux_roues,voiture,1,2,2,1,3
202000047391,2020-08-26 16:45:00,2020,8,26,16,45,60,60029,Route départmentale 2,49.360981,2.017043,Plein jour,Hors agglomération,Hors intersection,Normale,Deux véhicules - frontale,3,2,2,0,2,4,1,0,1,90,2,2,0,0,2,0,46.0,20.0,deux_roues,voiture,1,1,1,1,1
202000047392,2020-07-24 01:30:00,2020,7,24,1,30,75,75116,AVENUE DE VERSAILLES,48.847387,2.273739,Nuit avec éclairage allumé,En agglomération,Intersection à plus de 4 branches,Normale,Sans collision,4,2,4,0,1,1,1,0,1,50,1,1,0,0,0,1,57.0,,deux_roues,,5,2,5,1,7
202000047393,2020-10-18 21:22:00,2020,10,18,21,22,93,93066,LENINE (AVENUE) NR 28 A 62 ET 13 A 41,48.94167,2.36579,Nuit avec éclairage allumé,En agglomération,Hors intersection,Normale,Deux véhicules - arrière,3,3,2,0,1,1,1,0,1,50,2,2,1,1,0,0,26.0,29.0,deux_roues,transport_commun,5,2,1,1,2
202000047394,2020-07-24 10:00:00,2020,7,24,10,0,75,75115,RUE DU HAMEAU,48.835131,2.289028,Plein jour,En agglomération,Intersection en X,Normale,Deux véhicules - côté,4,2,2,0,1,1,1,0,1,30,2,2,1,0,0,1,39.0,53.0,deux_roues,voiture,1,2,2,1,3
202000047395,2020-10-20 09:07:00,2020,10,20,9,7,93,93077,REGLEY (RUE),48.8753298,2.5291505,Plein jour,En agglomération,Intersection en T,Pluie légère,Deux véhicules - côté,4,1,1,0,1,1,2,0,1,30,2,2,1,0,0,1,28.0,50.0,voiture,voiture,1,2,3,2,3
202000047396,2020-07-24 07:30:00,2020,7,24,7,30,75,75114,BOULEVARD JOURDAN,48.822226,2.330408,Plein jour,En agglomération,Intersection en X,Normale,Autre collision,4,3,2,0,1,1,1,0,1,50,1,1,0,0,0,1,,,,,1,2,2,1,6
202000047397,2020-07-24 22:10:00,2020,7,24,22,10,75,75112,RUE DE LYON,48.851436,2.369914,Nuit avec éclairage allumé,En agglomération,Intersection en T,Normale,Deux véhicules - côté,4,2,6,3,1,1,1,-1,6,50,2,2,1,0,0,1,21.0,50.0,deux_roues,voiture,5,2,3,1,3
202000047398,2020-10-20 07:55:00,2020,10,20,7,55,93,93046,R AMEDEE DUNOIS,48.92355,2.5417481,Plein jour,En agglomération,Hors intersection,Pluie légère,Deux véhicules - côté,4,1,1,0,1,1,2,0,1,30,2,2,1,0,0,1,25.0,38.0,deux_roues,voiture,1,2,1,2,3
202000047399,2020-07-24 15:05:00,2020,7,24,15,5,75,75112,AVENUE DU TREMBLAY,48.827255,2.46438,Plein jour,En agglomération,Place,Normale,Deux véhicules - côté,4,2,4,0,1,1,1,0,1,50,2,2,1,0,0,1,30.0,16.0,voiture,deux_roues,1,2,7,1,3
202000047400,2020-10-20 07:10:00,2020,10,20,7,10,93,93005,R JULES PRINCET,48.9378,2.5008,Nuit avec éclairage allumé,En agglomération,Hors intersection,Pluie légère,Deux véhicules - côté,3,2,2,0,1,1,2,0,1,50,2,2,1,0,0,1,41.0,38.0,utilitaire_camion,deux_roues,5,2,1,2,3
202000047401,2020-07-23 14:30:00,2020,7,23,14,30,75,75112,ROUTE DE LA FERME,48.822183,2.454511,Plein jour,En agglomération,Hors intersection,Normale,Deux véhicules - côté,4,2,2,0,2,1,1,0,1,50,2,2,1,0,0,1,28.0,77.0,voiture,deux_roues,1,2,1,1,3
202000047402,2020-10-20 15:49:00,2020,10,20,15,49,92,92046,DE STALINGRAD,48.8119396,2.294444,Plein jour,En agglomération,Hors intersection,Normale,Autre collision,3,2,2,0,1,1,2,9,1,50,1,1,0,0,0,1,75.0,,voiture,,1,2,1,1,6
202000047403,2020-10-18 18:45:00,2020,10,18,18,45,92,92050,BOUVETS BOULEVARD DES,48.89688,2.22403,Crépuscule ou aube,En agglomération,Intersection en X,Normale,Deux véhicules - côté,3,1,2,0,1,1,1,0,1,50,2,5,0,0,0,5,43.0,28.0,utilitaire_camion,voiture,2,2,2,1,3
202000047404,2020-07-24 12:15:00,2020,7,24,12,15,75,75117,AVENUE DE CLICHY,48.889369,2.322352,Plein jour,En agglomération,Intersection en T,Normale,Sans collision,4,2,3,3,2,1,1,-1,6,50,1,1,0,0,0,1,62.0,,deux_roues,,1,2,3,1,7
202000047405,2020-10-19 19:45:00,2020,10,19,19,45,92,92036,GENEAL DE GAULLE (AVENUE) (1/41),48.9339398,2.3151102,Nuit avec éclairage allumé,En agglomération,Hors intersection,Normale,Autre collision,3,2,4,0,1,1,1,0,1,50,1,1,0,0,0,1,,,,,5,2,1,1,6
202000047406,2020-10-20 11:45:00,2020,10,20,11,45,92,92035,République ( boulevard de la ),48.90592,2.25185,Plein jour,En agglomération,Autre intersection,Pluie légère,Deux véhicules - arrière,3,2,2,0,1,1,1,0,1,50,2,2,1,0,0,1,58.0,27.0,utilitaire_camion,voiture,1,2,9,2,2
202000047407,2020-08-26 18:00:00,2020,8,26,18,0,64,64080,D817,43.351344,-0.486739,Plein jour,Hors agglomération,Hors intersection,Normale,Deux véhicules - arrière,3,2,2,0,1,1,1,0,1,80,2,2,1,0,0,1,26.0,47.0,voiture,voiture,1,1,1,1,2
202000047408,2020-05-21 18:08:00,2020,5,21,18,8,37,37261,GRAMMONT (AVENUE DE),47.3850647,0.6909398,Plein jour,En agglomération,Hors intersection,Normale,Deux véhicules - côté,3,2,5,0,1,1,1,0,1,50,2,3,2,0,0,1,19.0,19.0,voiture,voiture,1,2,1,1,3
202000047409,2020-07-24 18:30:00,2020,7,24,18,30,75,75108,BOULEVARD MALESHERBES,48.876625,2.317685,Plein jour,En agglomération,Intersection en X,Normale,Deux véhicules - côté,4,2,-1,0,1,1,1,0,1,50,2,3,2,0,0,1,24.0,33.0,voiture,deux_roues,1,2,2,1,3
202000047410,2020-12-03 14:30:00,2020,12,3,14,30,01,01027,D84 PR : 002+450 CROISSANT/ rue du stade,45.833195,5.115037,Plein jour,Hors agglomération,Intersection en T,Normale,Deux véhicules - côté,3,2,2,0,1,2,1,9,1,80,2,3,2,1,0,0,35.0,77.0,utilitaire_camion,deux_roues,1,1,3,1,3
202000047411,2020-05-21 19:52:00,2020,5,21,19,52,34,34172,VALERY (BOULEVARD PAUL,43.596735,3.849216,Plein jour,En agglomération,Hors intersection,Temps éblouissant,Autre collision,4,1,1,0,1,3,1,9,1,50,1,2,1,0,0,1,21.0,,voiture,,1,2,1,7,6
202000047412,2020-07-24 14:30:00,2020,7,24,14,30,75,75104,RUE DE RIVOLI,48.855238,2.361124,Plein jour,En agglomération,Intersection en T,Temps couvert,Sans collision,4,2,4,1,1,1,1,-1,5,30,1,1,0,0,0,1,46.0,,deux_roues,,1,2,3,8,7
202000047413,2020-12-02 20:15:00,2020,12,2,20,15,68,68297,A35,47.614134,7.518721,Nuit sans éclairage public,Hors agglomération,Hors intersection,Normale,Deux véhicules - arrière,1,3,4,0,1,1,2,0,1,130,2,3,2,0,0,1,40.0,19.0,voiture,voiture,3,1,1,1,2
202000047414,2020-10-20 19:30:00,2020,10,20,19,30,92,92024,GENERAL LECLERC (RUE DU) DE (59 ET PLUS),48.90917,2.3071,Nuit avec éclairage allumé,En agglomération,Hors intersection,Pluie légère,Deux véhicules - côté,3,2,2,0,1,1,2,0,1,50,2,2,1,0,0,1,59.0,27.0,voiture,deux_roues,5,2,1,2,3
202000047415,2020-07-24 13:35:00,2020,7,24,13,35,94,94046,GENERAL LECLERC (AV DU),48.80749,2.43768,Plein jour,En agglomération,Hors intersection,Normale,Deux véhicules - arrière,3,2,4,0,1,1,1,0,1,50,2,2,1,0,0,1,50.0,66.0,voiture,voiture,1,2,1,1,2
202000047416,2020-08-26 02:05:00,2020,8,26,2,5,43,43217,D26,45.2672,3.882809,Nuit sans éclairage public,Hors agglomération,Hors intersection,Normale,Sans collision,3,2,2,0,1,3,1,0,3,80,1,1,0,0,1,0,19.0,,voiture,,3,1,1,1,7
202000047417,2020-12-03 01:40:00,2020,12,3,1,40,69,69102,A 89,45.86857,4.39714,Nuit sans éclairage public,Hors agglomération,Hors intersection,Pluie légère,Autre collision,1,1,3,0,2,2,2,0,1,110,1,1,0,0,0,1,51.0,,utilitaire_camion,,3,1,1,2,6
202000047418,2020-05-21 13:30:00,2020,5,21,13,30,33,33063,AVE EMILE COUNORD / RUE BARREYRE,44.85901,-0.5749,Plein jour,En agglomération,Intersection en X,Normale,Deux véhicules - côté,4,2,2,3,1,1,1,5,6,50,2,2,0,0,0,2,26.0,84.0,voiture,voiture,1,2,2,1,3
202000047419,2020-07-24 16:05:00,2020,7,24,16,5,94,94076,PARIS (AV DE),48.80106,2.36517,Plein jour,En agglomération,Hors intersection,Normale,Deux véhicules - côté,3,2,4,1,2,1,1,9,5,50,2,2,1,0,0,1,25.0,36.0,utilitaire_camion,deux_roues,1,2,1,1,3
202000047420,2020-10-10 10:10:00,2020,10,10,10,10,22,22118,Rue de Rennes,48.45594,-2.028249,Plein jour,En agglomération,Hors intersection,Normale,Autre collision,3,2,2,0,1,1,1,0,1,30,1,2,1,0,1,0,54.0,,transport_commun,,1,2,1,1,6
202000047421,2020-07-24 15:30:00,2020,7,24,15,30,94,94041,WESTERMEYER (R),48.81851,2.39601,Plein jour,En agglomération,Autre intersection,Normale,Deux véhicules - côté,3,1,2,0,1,1,1,0,4,30,2,2,1,0,0,1,25.0,72.0,deux_roues,voiture,1,2,9,1,3
202000047422,2020-08-26 15:50:00,2020,8,26,15,50,53,53161,Rue de la Libération,48.140436,-0.555684,Plein jour,En agglomération,Intersection en T,Normale,,3,2,2,0,2,1,1,0,1,50,2,2,1,0,1,0,81.0,17.0,voiture,deux_roues,1,2,3,1,-1
202000047423,2020-12-02 13:45:00,2020,12,2,13,45,976,97601,"CCD1, Mtsangadoua",-12.712102,45.052593,Plein jour,En agglomération,Hors intersection,Normale,Autre collision,3,2,2,0,1,1,1,0,1,50,1,2,1,0,1,0,19.0,,utilitaire_camion,,1,2,1,1,6
202000047424,2020-07-24 20:25:00,2020,7,24,20,25,94,94034,JEAN JAURES (BD),48.75503,2.31918,Plein jour,En agglomération,Hors intersection,Normale,Autre collision,3,2,2,0,1,1,1,0,1,50,1,2,0,0,0,2,36.0,,voiture,,1,2,1,1,6
202000047425,2020-10-17 15:30:00,2020,10,17,15,30,47,47015,RN 21,44.065362,0.649717,Plein jour,En agglomération,Intersection en T,Normale,Deux véhicules - frontale,2,2,2,0,2,1,1,0,1,50,2,2,1,0,0,1,72.0,14.0,voiture,deux_roues,1,2,3,1,1
202000047426,2020-08-26 13:10:00,2020,8,26,13,10,21,21244,D970,47.294905,4.514282,Plein jour,Hors agglomération,Hors intersection,Normale,Deux véhicules - frontale,3,2,2,0,4,2,1,0,1,90,2,3,0,0,0,3,38.0,63.0,voiture,voiture,1,1,1,1,1
202000047427,2020-07-22 21:40:00,2020,7,22,21,40,94,94028,PASTEUR VALERY RADOT(IMPASSE ET RUE),48.7891,2.44127,Crépuscule ou aube,En agglomération,Hors intersection,Normale,Deux véhicules - frontale,4,2,2,0,1,2,1,0,1,50,2,2,1,0,0,1,23.0,22.0,voiture,autre,2,2,1,1,1
202000047428,2020-10-20 14:35:00,2020,10,20,14,35,18,18272,38 Route de Sancerre,47.267953,2.768115,Plein jour,Hors agglomération,Hors intersection,Pluie légère,Autre collision,3,2,2,0,1,2,2,0,3,80,1,2,0,0,0,2,19.0,,voiture,,1,1,1,2,6
202000047429,2020-08-25 18:15:00,2020,8,25,18,15,04,04076,RD 4202,43.954456,6.802297,Plein jour,Hors agglomération,Hors intersection,Normale,Deux véhicules - côté,3,2,2,0,2,3,1,0,1,80,2,2,0,0,1,1,56.0,28.0,voiture,voiture,1,1,1,1,3
202000047430,2020-08-25 14:10:00,2020,8,25,14,10,04,04204,RD 4085,43.915292,6.409326,Plein jour,Hors agglomération,Hors intersection,Normale,Sans collision,3,2,2,0,1,2,1,0,1,50,1,1,0,0,0,1,59.0,,deux_roues,,1,1,1,1,7
202000047431,2020-12-02 06:50:00,2020,12,2,6,50,987,98729,pk 5.300 vaiare,-17.523091,-149.780903,Plein jour,En agglomération,Hors intersection,Normale,Deux véhicules - frontale,2,2,2,2,1,1,1,0,1,60,2,2,1,0,1,0,30.0,31.0,deux_roues,voiture,1,2,1,1,1
202000047432,2020-05-20 18:35:00,2020,5,20,18,35,27,27701,ANDELLE (CHAUSSEE D'),49.2756,1.2302,Plein jour,En agglomération,Intersection en T,Normale,Deux véhicules - côté,3,2,3,0,1,1,1,5,1,80,2,3,2,0,0,1,50.0,50.0,voiture,voiture,1,2,3,1,3
202000047433,2020-10-06 06:30:00,2020,10,6,6,30,57,57177,Av 1ere Div Polonaise Grenadiers,48.813533,6.72124,Crépuscule ou aube,En agglomération,Hors intersection,Autre,Autre collision,3,2,2,0,1,1,9,9,1,30,1,2,1,0,1,0,48.0,,voiture,,2,2,1,9,6
202000047434,2020-08-25 18:30:00,2020,8,25,18,30,04,04094,Station TOTAL Av des Alpes,43.75619,5.887063,Plein jour,En agglomération,Hors intersection,Normale,Autre collision,3,-1,1,0,1,1,1,9,8,5,1,2,1,1,0,0,80.0,,voiture,,1,2,1,1,6
202000047435,2020-12-02 19:00:00,2020,12,2,19,0,972,97230,Bonnin,14.709578,-60.976122,Nuit sans éclairage public,En agglomération,Hors intersection,Normale,Autre collision,4,2,2,0,2,3,1,0,8,50,1,1,0,1,0,0,47.0,,voiture,,3,2,1,1,6
202000047436,2020-07-24 14:46:00,2020,7,24,14,46,94,94018,PARIS (R DE),48.82221,2.41268,Plein jour,En agglomération,Intersection en T,Normale,Deux véhicules - côté,3,2,4,1,1,1,1,0,1,30,2,2,1,0,0,1,24.0,19.0,voiture,deux_roues,1,2,3,1,3
202000047437,2020-07-29 21:30:00,2020,7,29,21,30,37,37021,,47.5592832,0.6810597,Crépuscule ou aube,En agglomération,Hors intersection,Normale,Autre collision,3,2,2,0,2,1,1,9,1,50,1,1,0,0,1,0,37.0,,deux_roues,,2,2,1,1,6
202000047438,2020-05-20 20:23:00,2020,5,20,20,23,25,25580,1 Rue Etienne Oehmichen,47.4632,6.832386,Plein jour,En agglomération,Intersection en X,Normale,Deux véhicules - côté,4,-1,1,0,1,1,1,0,1,50,2,2,1,0,1,0,31.0,34.0,voiture,deux_roues,1,2,2,1,3
202000047439,2020-10-20 07:15:00,2020,10,20,7,15,972,97201,N3,14.831818,-61.100818,Plein jour,Hors agglomération,Hors intersection,Normale,Deux véhicules - côté,2,2,2,0,2,3,1,0,1,30,2,6,3,0,0,3,20.0,61.0,voiture,transport_commun,1,1,1,1,3
202000047440,2020-05-20 11:10:00,2020,5,20,11,10,17,17306,DOUMER PAUL (PARKING),45.627,-1.02,Plein jour,En agglomération,Hors intersection,Normale,Deux véhicules - arrière,4,2,2,0,2,1,1,0,1,30,2,2,1,0,0,1,54.0,,voiture,,1,2,1,1,2
202000047441,2020-12-03 08:30:00,2020,12,3,8,30,45,45315,D948 PR 34 + 670,47.760413,2.374045,Plein jour,En agglomération,Intersection en X,Temps couvert,Deux véhicules - côté,3,2,2,0,1,1,2,0,1,50,2,2,1,0,0,1,47.0,8.0,voiture,deux_roues,1,2,2,8,3
202000047442,2020-10-21 08:02:00,2020,10,21,8,2,01,01209,D1206,46.091954,5.867651,Plein jour,Hors agglomération,Hors intersection,Normale,Deux véhicules - frontale,3,2,2,0,2,3,1,0,1,70,2,2,1,1,0,0,39.0,26.0,utilitaire_camion,voiture,1,1,1,1,1
202000047443,2020-05-21 22:50:00,2020,5,21,22,50,17,17300,COLLEGE   RUE DU,46.1631,-1.1493,Nuit avec éclairage allumé,En agglomération,Intersection en X,Normale,Deux véhicules - côté,4,1,2,0,1,1,1,0,1,30,2,2,1,0,1,0,30.0,40.0,voiture,voiture,5,2,2,1,3
202000047444,2020-12-02 17:50:00,2020,12,2,17,50,83,83108,Route de Toulon,43.319433,5.988965,Nuit sans éclairage public,Hors agglomération,Hors intersection,Normale,Sans collision,3,2,2,0,1,1,1,0,3,80,1,1,0,0,1,0,27.0,,deux_roues,,3,1,1,1,7
202000047445,2020-05-21 20:00:00,2020,5,21,20,0,13,13209,SAINTE MARGUERITE (BOULEVARD),43.265308,5.408972,Plein jour,En agglomération,Hors intersection,Normale,Deux véhicules - arrière,4,2,2,0,1,1,1,0,1,50,2,2,1,0,0,1,27.0,41.0,deux_roues,voiture,1,2,1,1,2
202000047446,2020-12-03 09:20:00,2020,12,3,9,20,13,13004,D24,43.567387,4.742312,Plein jour,Hors agglomération,Intersection en T,Normale,Deux véhicules - frontale,3,2,2,0,1,1,1,0,1,80,2,3,0,0,0,3,25.0,32.0,voiture,voiture,1,1,3,1,1
202000047447,2020-05-21 16:30:00,2020,5,21,16,30,13,13203,JUNOT (RUE),43.310986,5.376379,Plein jour,En agglomération,Hors intersection,Normale,Deux véhicules - côté,4,1,0,0,2,1,1,0,1,50,2,1,0,0,0,1,28.0,,deux_roues,,1,2,1,1,3
202000047448,2020-08-26 07:45:00,2020,8,26,7,45,30,30123,N113,43.6947154,4.1682476,Plein jour,Hors agglomération,Intersection en X,Normale,Sans collision,2,2,2,0,1,1,1,5,1,80,1,1,0,0,1,0,33.0,,deux_roues,,1,1,2,1,7
202000047449,2020-10-20 19:52:00,2020,10,20,19,52,50,50498,1 Chemin de l'Hommee,49.533634,-1.531702,Nuit sans éclairage public,Hors agglomération,Hors intersection,Normale,Deux véhicules - arrière,2,3,2,0,1,1,1,2,1,90,2,6,0,0,1,5,26.0,38.0,voiture,voiture,3,1,1,1,2
202000047450,2020-07-24 06:55:00,2020,7,24,6,55,94,94017,MAURICE THOREZ (AV),48.80596,2.53376,Crépuscule ou aube,En agglomération,Hors intersection,Normale,Deux véhicules - côté,3,3,4,0,1,1,1,0,8,50,2,2,1,0,0,1,27.0,19.0,utilitaire_camion,deux_roues,2,2,1,1,3
202000047451,2020-05-22 00:10:00,2020,5,22,0,10,13,13001,REPUBLIQUE (BD DE LA),43.5289371,5.439463,Nuit avec éclairage allumé,En agglomération,Hors intersection,Normale,Deux véhicules - côté,4,2,2,0,1,1,1,0,1,50,2,2,1,0,0,1,20.0,19.0,deux_roues,deux_roues,5,2,1,1,3
202000047452,2020-12-03 18:12:00,2020,12,3,18,12,89,89337,D606,47.739868,3.605345,Nuit sans éclairage public,Hors agglomération,Intersection en X,Pluie légère,Deux véhicules - côté,3,2,3,0,1,2,2,0,1,70,2,2,1,0,0,1,50.0,54.0,utilitaire_camion,voiture,3,1,2,2,3
202000047453,2020-10-20 15:45:00,2020,10,20,15,45,67,67106,40 Rue du Rhin,48.757383,7.958061,Plein jour,En agglomération,Hors intersection,Normale,,3,2,2,0,1,1,1,0,1,50,2,2,1,0,0,1,65.0,54.0,deux_roues,voiture,1,2,1,1,-1
202000047454,2020-07-24 17:30:00,2020,7,24,17,30,94,94071,WINSTON CHURCHILL (R),48.77071,2.52238,Plein jour,En agglomération,Hors intersection,Normale,Deux véhicules - arrière,3,4,5,0,2,1,1,5,1,50,2,1,0,0,0,1,22.0,,deux_roues,,1,2,1,1,2
202000047455,2020-05-20 15:00:00,2020,5,20,15,0,09,09122,RD 919,42.9873149,1.6157211,Plein jour,En agglomération,Hors intersection,Normale,Deux véhicules - arrière,3,3,2,0,1,1,1,5,1,70,2,3,0,0,0,3,27.0,32.0,voiture,voiture,1,2,1,1,2
202000047456,2020-08-26 01:12:00,2020,8,26,1,12,30,30033,D6572,43.655205,4.345039,Nuit sans éclairage public,Hors agglomération,Hors intersection,Normale,Deux véhicules - arrière,3,2,2,0,1,1,1,0,1,80,2,2,0,0,1,1,34.0,24.0,voiture,utilitaire_camion,3,1,1,1,2
202000047457,2020-10-13 16:00:00,2020,10,13,16,0,23,23176,Rue Pasteur,46.236287,1.483208,Plein jour,En agglomération,Hors intersection,Pluie légère,Deux véhicules - côté,4,2,2,0,1,1,2,0,1,50,2,3,2,0,1,0,58.0,76.0,voiture,voiture,1,2,1,2,3
202000047458,2020-05-21 07:00:00,2020,5,21,7,0,75,75120,ECHANGEUR BAGNOLET,48.866366,2.413939,Plein jour,En agglomération,Intersection en Y,Normale,Autre collision,4,-1,2,0,2,2,1,0,1,50,1,1,0,0,0,1,29.0,,voiture,,1,2,4,1,6
202000047459,2020-07-24 12:20:00,2020,7,24,12,20,94,94002,EMILE ZOLA (R),48.798285,2.420562,Plein jour,En agglomération,Intersection en X,Normale,Deux véhicules - côté,3,3,2,0,1,1,1,5,1,50,2,2,1,0,0,1,22.0,54.0,voiture,deux_roues,1,2,2,1,3
202000047460,2020-10-21 07:35:00,2020,10,21,7,35,62,62649,La Briqueterie d'Hénu,50.154136,2.512994,Nuit sans éclairage public,Hors agglomération,Hors intersection,Pluie légère,Autre collision,3,2,2,0,1,2,2,0,3,80,1,1,0,0,0,1,22.0,,voiture,,3,1,1,2,6
202000047461,2020-08-26 18:55:00,2020,8,26,18,55,08,08410,D977,49.33066,4.564004,Plein jour,Hors agglomération,Hors intersection,Normale,Deux véhicules - frontale,3,2,2,0,1,1,1,0,1,80,2,2,0,0,2,0,47.0,45.0,voiture,utilitaire_camion,1,1,1,1,1
202000047462,2020-07-22 10:30:00,2020,7,22,10,30,94,94002,NAPLES (R DE),48.789356,2.431435,Plein jour,En agglomération,Hors intersection,Normale,Deux véhicules - côté,4,1,1,0,1,1,1,0,1,50,2,2,1,0,1,0,72.0,22.0,voiture,deux_roues,1,2,1,1,3
202000047463,2020-05-20 23:45:00,2020,5,20,23,45,75,75119,PORTE DE LA VILLETTE,48.900425,2.390207,Nuit avec éclairage allumé,En agglomération,Hors intersection,Normale,Deux véhicules - côté,4,1,4,0,1,1,1,0,1,70,2,2,1,0,0,1,22.0,23.0,voiture,voiture,5,2,1,1,3
202000047464,2020-12-02 20:50:00,2020,12,2,20,50,67,67526,D206,48.401247,7.57157,Nuit sans éclairage public,Hors agglomération,Hors intersection,Normale,Autre collision,3,2,2,0,1,1,1,0,3,80,1,1,0,1,0,0,29.0,,voiture,,3,1,1,1,6
202000047465,2020-07-23 09:30:00,2020,7,23,9,30,93,93070,GABRIEL-PERI (AV),48.9062568,2.3319039,Plein jour,En agglomération,Hors intersection,Normale,Autre collision,3,1,0,2,1,1,1,0,1,50,1,2,1,0,0,1,26.0,,voiture,,1,2,1,1,6
202000047466,2020-12-03 06:40:00,2020,12,3,6,40,38,38475,Route de la Bourbre,45.669691,5.14386,Nuit avec éclairage allumé,Hors agglomération,Hors intersection,Pluie légère,Autre collision,3,2,2,0,2,3,2,0,1,50,1,2,1,0,1,0,45.0,,voiture,,5,1,1,2,6
202000047467,2020-05-20 14:45:00,2020,5,20,14,45,75,75117,PORTE DE CHAMPERRET,48.885809,2.288302,Plein jour,En agglomération,Hors intersection,Normale,Deux véhicules - arrière,4,1,4,0,1,1,1,0,1,70,2,2,1,0,0,1,46.0,42.0,deux_roues,voiture,1,2,1,1,2
202000047468,2020-10-21 12:15:00,2020,10,21,12,15,69,69046,Chemin du Poizat,45.651946,4.776172,Plein jour,Hors agglomération,Intersection en T,Normale,Deux véhicules - côté,4,2,2,0,1,1,1,0,1,50,2,2,1,0,0,1,67.0,32.0,voiture,utilitaire_camion,1,1,3,1,3
202000047469,2020-07-24 14:15:00,2020,7,24,14,15,93,93048,RESISTANCE (AVENUE DE LA),48.8626467,2.4367125,Plein jour,En agglomération,Hors intersection,Normale,Autre collision,3,-1,1,0,2,1,1,0,1,50,1,1,0,0,0,1,44.0,,voiture,,1,2,1,1,6
202000047470,2020-11-17 15:50:00,2020,11,17,15,50,26,26206,1 Chemin du Tacot,44.832393,4.974237,Plein jour,En agglomération,Hors intersection,Normale,Autre collision,4,1,1,0,1,1,1,6,1,50,1,1,0,0,1,0,75.0,,voiture,,1,2,1,1,6