accident_id,datetime,annee,mois,jour,heure,minute,departement,commune_insee,adresse,latitude,longitude,luminosite,agglomeration,intersection,meteo,collision,catr,circ,nbv,vosp,prof,plan,surf,infra,situ,vma,nb_vehicules,nb_usagers,nb_indemnes,nb_tues,nb_blesses_hosp,nb_blesses_legers,age_cond_1,age_cond_2,veh_type_cond_1,veh_type_cond_2,lum_code,agg_code,int_code,atm_code,col_code
202000047471,2020-10-21 16:45:00,2020,10,21,16,45,91,91225,Avenue de la Fontaine au Soulier,48.640736,2.457461,Crépuscule ou aube,En agglomération,Giratoire,Temps éblouissant,Autre collision,3,1,1,0,2,3,1,0,1,50,1,2,1,0,1,0,58.0,,voiture,,2,2,6,7,6
202000047472,2020-05-19 14:00:00,2020,5,19,14,0,75,75117,BOULEVARD PERIPHERIQUE INTERIEUR OUEST,48.880992,2.282333,Plein jour,En agglomération,Hors intersection,Normale,Trois véhicules et plus - collisions multiples,4,1,4,0,1,1,1,0,1,70,3,3,2,0,0,1,49.0,65.0,deux_roues,utilitaire_camion,1,2,1,1,5
202000047473,2020-07-23 23:00:00,2020,7,23,23,0,93,93031,RTE DE SAINT LEU,48.95176,2.33864,Nuit avec éclairage allumé,En agglomération,Hors intersection,Normale,Deux véhicules - côté,3,2,2,1,1,1,1,0,1,50,2,1,0,0,1,0,22.0,,deux_roues,,5,2,1,1,3
202000047474,2020-10-20 17:25:00,2020,10,20,17,25,19,19250,RD902,45.475224,1.525362,Plein jour,En agglomération,Hors intersection,Normale,Deux véhicules - frontale,3,2,2,0,1,1,1,0,1,90,2,4,0,0,2,2,21.0,42.0,utilitaire_camion,voiture,1,2,1,1,1
202000047475,2020-05-21 13:00:00,2020,5,21,13,0,75,75119,RUE MANIN,48.881403,2.380701,Plein jour,En agglomération,Intersection en Y,Normale,Deux véhicules - côté,4,2,2,0,1,1,1,0,1,50,2,2,1,0,0,1,59.0,22.0,deux_roues,voiture,1,2,4,1,3
202000047476,2020-07-24 16:45:00,2020,7,24,16,45,93,93029,PAUL VAILLANT COUTURIER (BD),48.9239,2.4626,Plein jour,En agglomération,Hors intersection,Normale,Deux véhicules - arrière,3,3,1,0,1,1,1,0,1,50,2,2,1,0,0,1,48.0,43.0,voiture,voiture,1,2,1,1,2
202000047477,2020-12-01 17:35:00,2020,12,1,17,35,33,33533,D1113,44.568544,-0.284202,Nuit avec éclairage allumé,Hors agglomération,Intersection en T,Brouillard / fumée,Deux véhicules - côté,3,2,2,0,1,1,1,0,1,80,2,2,1,0,0,1,29.0,44.0,voiture,deux_roues,5,1,3,5,3
202000047478,2020-05-21 00:15:00,2020,5,21,0,15,75,75111,BOULEVARD DE BELLEVILLE,48.86769,2.382152,Nuit avec éclairage allumé,En agglomération,Hors intersection,Normale,Autre collision,4,3,2,0,1,1,1,6,4,30,1,1,0,0,0,1,,,,,5,2,1,1,6
202000047479,2020-07-24 15:35:00,2020,7,24,15,35,93,93001,JEAN JAURES  (AVE)  157 A 213,48.9096069,2.3984179,Plein jour,En agglomération,Hors intersection,Normale,Deux véhicules - côté,3,1,4,1,1,1,1,0,1,50,2,2,1,0,0,1,46.0,31.0,voiture,deux_roues,1,2,1,1,3
202000047480,2020-12-02 17:50:00,2020,12,2,17,50,49,49035,Rue Chevrière,47.417097,-0.614161,Nuit avec éclairage allumé,En agglomération,Hors intersection,Normale,Autre collision,3,2,2,0,1,4,1,0,1,50,1,2,1,0,1,0,39.0,,voiture,,5,2,1,1,6
202000047481,2020-10-20 18:10:00,2020,10,20,18,10,56,56206,Les Trois Rois,47.685145,-2.762933,Plein jour,Hors agglomération,Hors intersection,Normale,Trois véhicules et plus - en chaîne,3,3,2,0,1,1,1,0,1,70,3,3,1,0,0,2,22.0,49.0,voiture,voiture,1,1,1,1,4
202000047482,2020-05-21 00:55:00,2020,5,21,0,55,75,75101,AVENUE GENERAL LEMONNIER,48.861301,2.330352,Nuit avec éclairage allumé,En agglomération,Hors intersection,Normale,Sans collision,4,-1,1,0,2,1,9,0,4,30,1,1,0,0,0,1,36.0,,deux_roues,,5,2,1,1,7
202000047483,2020-12-03 19:48:00,2020,12,3,19,48,60,60338,D932a,49.3408643,2.7694398,Nuit sans éclairage public,Hors agglomération,Hors intersection,Pluie légère,Deux véhicules - frontale,3,2,2,0,1,1,2,0,1,80,2,3,2,0,1,0,28.0,18.0,voiture,deux_roues,3,1,1,2,1
202000047484,2020-10-20 15:55:00,2020,10,20,15,55,82,82125,route de la ville dieu du temple,43.969121,1.231633,Plein jour,En agglomération,Hors intersection,Normale,Deux véhicules - frontale,3,2,2,0,1,3,1,0,1,50,2,2,1,0,1,0,45.0,19.0,voiture,deux_roues,1,2,1,1,1
202000047485,2020-05-21 17:30:00,2020,5,21,17,30,94,94067,FOCH (AV),48.84589,2.41855,Plein jour,En agglomération,Hors intersection,Normale,Autre collision,3,2,2,0,1,1,1,0,1,50,1,2,1,0,0,1,33.0,,voiture,,1,2,1,1,6
202000047486,2020-10-20 19:50:00,2020,10,20,19,50,82,82085,1809 Route de Bressols,43.977831,1.280937,Nuit sans éclairage public,Hors agglomération,Hors intersection,Vent fort / tempête,Sans collision,3,2,2,0,1,1,1,0,1,80,1,1,0,0,1,0,21.0,,deux_roues,,3,1,1,6,7
202000047487,2020-05-21 21:05:00,2020,5,21,21,5,94,94016,GALLIENI (R),48.79569,2.33267,Plein jour,En agglomération,Hors intersection,Normale,Sans collision,4,2,2,0,1,1,1,0,1,50,1,1,0,0,0,1,38.0,,deux_roues,,1,2,1,1,7
202000047488,2020-10-21 11:45:00,2020,10,21,11,45,63,63430,Rue du Point du Jour,45.867866,3.557535,Plein jour,Hors agglomération,Hors intersection,Normale,Autre collision,4,2,2,0,2,2,1,0,3,80,1,1,0,0,1,0,21.0,,voiture,,1,1,1,1,6
202000047489,2020-07-24 23:45:00,2020,7,24,23,45,92,92051,"ACHILLE PERETTI (AVENUE, N° 90 A 96 ET 9",48.8836263,2.2725462,Nuit avec éclairage allumé,En agglomération,Intersection en X,Normale,Deux véhicules - côté,4,4,4,2,1,1,1,0,5,50,2,2,1,0,0,1,49.0,49.0,deux_roues,deux_roues,5,2,2,1,3
202000047490,2020-05-21 19:30:00,2020,5,21,19,30,94,94016,EUROPE (AV DE L),48.7862,2.32564,Plein jour,En agglomération,Hors intersection,Normale,Deux véhicules - côté,3,-1,1,0,1,1,1,9,1,50,2,2,1,0,0,1,21.0,51.0,voiture,voiture,1,2,1,1,3
202000047491,2020-05-21 13:00:00,2020,5,21,13,0,94,94054,LOUIS BONIN (R),48.74442,2.39319,Plein jour,En agglomération,Autre intersection,Normale,Autre collision,4,1,1,0,2,2,1,0,1,50,1,2,1,0,1,0,70.0,,voiture,,1,2,9,1,6
202000047492,2020-12-01 20:45:00,2020,12,1,20,45,13,13055,A507 sens Marseille - Aubagne,43.2861093,5.4308295,Nuit avec éclairage allumé,Hors agglomération,Hors intersection,Normale,Deux véhicules - arrière,1,3,4,0,2,1,1,1,1,70,2,4,2,0,1,1,40.0,26.0,voiture,voiture,5,1,1,1,2
202000047493,2020-05-21 18:20:00,2020,5,21,18,20,94,94017,ROGER SALENGRO (AV),48.81985,2.48533,Plein jour,En agglomération,Intersection en T,Normale,Deux véhicules - arrière,3,2,3,0,1,1,1,0,1,50,2,2,1,0,0,1,39.0,55.0,voiture,deux_roues,1,2,3,1,2
202000047494,2020-07-24 19:45:00,2020,7,24,19,45,92,92020,VERDUN AVENUE DE AUTRES N°,48.798848,2.280384,Plein jour,En agglomération,Hors intersection,Normale,Deux véhicules - arrière,3,2,3,0,2,1,1,0,1,50,2,4,3,0,0,1,42.0,21.0,voiture,voiture,1,2,1,1,2
202000047495,2020-11-28 17:30:00,2020,11,28,17,30,69,69029,A43   0.550 A 3.353,45.72829,4.90364,Crépuscule ou aube,Hors agglomération,Hors intersection,Normale,Trois véhicules et plus - en chaîne,1,3,6,0,1,1,1,3,1,70,3,3,2,0,0,1,32.0,33.0,voiture,voiture,2,1,1,1,4
202000047496,2020-07-24 12:39:00,2020,7,24,12,39,92,92036,ARGENTEUIL (AVENUE D'),48.939247,2.256124,Plein jour,En agglomération,Intersection en T,Normale,Deux véhicules - arrière,3,2,2,0,1,1,1,0,1,50,2,2,1,0,0,1,30.0,26.0,voiture,deux_roues,1,2,3,1,2
202000047497,2020-11-28 18:40:00,2020,11,28,18,40,42,42237,RN88,45.4451,4.465993,Nuit avec éclairage allumé,Hors agglomération,Autre intersection,Autre,Autre collision,2,1,1,0,1,3,1,9,8,50,1,2,0,0,0,2,18.0,,voiture,,5,1,9,9,6
202000047498,2020-05-21 08:00:00,2020,5,21,8,0,93,93073,CHAPIT RE ( RUE DU),49.0038121,2.5367702,Plein jour,Hors agglomération,Hors intersection,Normale,Deux véhicules - côté,4,1,1,0,1,1,1,0,1,70,2,1,0,0,1,0,52.0,,deux_roues,,1,1,1,1,3
202000047499,2020-10-21 10:00:00,2020,10,21,10,0,63,63295,D210,46.016124,3.349172,Plein jour,En agglomération,Giratoire,Vent fort / tempête,Sans collision,3,1,2,0,1,2,1,0,1,50,1,1,0,0,0,1,24.0,,utilitaire_camion,,1,2,6,6,7
202000047500,2020-12-01 22:00:00,2020,12,1,22,0,67,67482,Bretelle accès autoroute,48.59232,7.73664,Nuit sans éclairage public,Hors agglomération,Hors intersection,Normale,Sans collision,1,3,2,0,2,2,2,3,1,50,1,1,0,0,0,1,56.0,,voiture,,3,1,1,1,7
202000047501,2020-07-23 19:10:00,2020,7,23,19,10,92,92025,CHARLES DE GAULLE (BD),48.9180447,2.2243345,Plein jour,En agglomération,Intersection à plus de 4 branches,Normale,Deux véhicules - côté,3,2,10,2,1,1,1,0,1,50,2,2,1,0,0,1,19.0,34.0,deux_roues,deux_roues,1,2,5,1,3
202000047502,2020-10-14 18:00:00,2020,10,14,18,0,33,33075,ROCADE A 630,44.88898,-0.59534,Plein jour,Hors agglomération,Hors intersection,Pluie légère,Trois véhicules et plus - en chaîne,1,3,4,0,1,1,2,0,1,90,3,5,4,0,0,1,25.0,46.0,voiture,voiture,1,1,1,2,4
202000047503,2020-12-02 18:42:00,2020,12,2,18,42,91,91661,RD 188 CHEVREUSE,48.69709,2.23807,Nuit sans éclairage public,Hors agglomération,Hors intersection,Normale,Deux véhicules - arrière,3,1,2,0,1,1,2,2,1,70,2,2,1,0,0,1,21.0,57.0,utilitaire_camion,utilitaire_camion,3,1,1,1,2
202000047504,2020-07-24 11:50:00,2020,7,24,11,50,92,92071,HOUDAN (RUE),48.7788205,2.2878291,Plein jour,En agglomération,Hors intersection,Normale,Deux véhicules - arrière,3,2,2,0,1,1,1,0,1,50,2,2,1,0,0,1,29.0,66.0,transport_commun,voiture,1,2,1,1,2
202000047505,2020-05-21 23:15:00,2020,5,21,23,15,93,93046,MARX DORMOY BOULEVARD,48.9085646,2.5256414,Nuit avec éclairage allumé,En agglomération,Hors intersection,Normale,Deux véhicules - côté,3,2,2,0,1,1,1,0,1,50,2,2,1,0,0,1,41.0,38.0,deux_roues,autre,5,2,1,1,3
202000047506,2020-10-21 16:50:00,2020,10,21,16,50,55,55150,Rue du Boutrea,48.583024,5.457893,Plein jour,En agglomération,Hors intersection,Normale,Autre collision,9,-1,2,0,1,1,1,0,4,50,1,1,0,0,1,0,55.0,,deux_roues,,1,2,1,1,6
202000047507,2020-12-02 07:30:00,2020,12,2,7,30,92,92078,AUTOROUTE A86,48.92732,2.33341,Crépuscule ou aube,Hors agglomération,Hors intersection,Normale,Trois véhicules et plus - en chaîne,1,3,8,0,1,1,1,0,1,90,3,3,2,0,0,1,30.0,40.0,utilitaire_camion,voiture,2,1,1,1,4
202000047508,2020-10-20 15:51:00,2020,10,20,15,51,47,47195,Rue de Bordeaux,44.153075,0.319161,Plein jour,Hors agglomération,Hors intersection,Pluie légère,Sans collision,3,2,2,0,1,1,2,0,3,80,1,1,0,0,1,0,75.0,,voiture,,1,1,1,2,7
202000047509,2020-07-24 11:25:00,2020,7,24,11,25,92,92012,CHARLES DE GAULLE (AVENUE) - COTE PAIR,48.8496167,2.2376027,Plein jour,En agglomération,Intersection en T,Temps couvert,Deux véhicules - arrière,3,2,2,0,1,1,1,0,1,50,2,2,1,0,1,0,44.0,35.0,deux_roues,deux_roues,1,2,3,8,2
202000047510,2020-05-21 13:15:00,2020,5,21,13,15,92,92075,VICTOR HUGO (RUE),48.8263033,2.2933705,Plein jour,En agglomération,Hors intersection,Normale,Deux véhicules - frontale,4,2,2,0,1,1,1,0,1,50,2,2,1,0,0,1,76.0,61.0,voiture,voiture,1,2,1,1,1
202000047511,2020-05-21 17:30:00,2020,5,21,17,30,92,92072,LECLERC (AVENUE DE LA DIVISION),48.82316,2.22339,Plein jour,En agglomération,Hors intersection,Normale,Sans collision,3,2,2,0,2,2,1,0,1,50,1,1,0,0,0,1,26.0,,deux_roues,,1,2,1,1,7
202000047512,2020-12-01 18:45:00,2020,12,1,18,45,95,95582, A15,48.96855,2.25163,Nuit sans éclairage public,Hors agglomération,Hors intersection,Normale,Trois véhicules et plus - en chaîne,1,3,8,0,1,1,1,0,1,110,3,3,2,0,0,1,64.0,38.0,voiture,voiture,3,1,1,1,4
202000047513,2020-10-20 14:00:00,2020,10,20,14,0,47,47325,D120,44.383778,0.298262,Plein jour,Hors agglomération,Intersection en X,Normale,Deux véhicules - côté,3,2,2,0,1,1,1,0,1,70,2,2,1,1,0,0,53.0,80.0,utilitaire_camion,deux_roues,1,1,2,1,3
202000047514,2020-12-01 13:20:00,2020,12,1,13,20,93,93008,AUTOROUTE A86,48.9093,2.4477,Plein jour,Hors agglomération,Hors intersection,Autre,Deux véhicules - arrière,1,3,6,0,1,1,1,1,1,90,2,1,0,0,0,1,42.0,,voiture,,1,1,1,9,2
202000047515,2020-05-21 08:10:00,2020,5,21,8,10,92,92051,"VICTOR HUGO (BOULEVARD, N° 9 A 49 ET 16",48.8867,2.2792,Plein jour,En agglomération,Hors intersection,Normale,Deux véhicules - côté,4,2,2,0,1,1,1,0,1,50,2,2,1,0,0,1,25.0,52.0,voiture,deux_roues,1,2,1,1,3
202000047516,2020-07-23 18:25:00,2020,7,23,18,25,92,92004,TILLEULS,48.90806,2.26771,Plein jour,En agglomération,Intersection en T,Normale,,3,2,2,0,1,1,1,0,1,50,2,2,1,0,0,1,45.0,33.0,voiture,deux_roues,1,2,3,1,-1
202000047517,2020-10-01 11:45:00,2020,10,1,11,45,31,31555,FEUGA (ALL PAUL) DU 1AU 13,43.5922926,1.4424545,Plein jour,En agglomération,Hors intersection,Normale,Autre collision,4,-1,2,0,1,1,1,0,1,50,1,2,1,0,0,1,23.0,,voiture,,1,2,1,1,6
202000047518,2020-05-21 21:50:00,2020,5,21,21,50,92,92012,GALLIENI (RUE) 1/53 - 2/48,48.83758,2.247946,Nuit avec éclairage allumé,En agglomération,Intersection à plus de 4 branches,Normale,Deux véhicules - côté,4,-1,8,0,1,1,1,0,1,50,2,2,0,0,0,2,25.0,,deux_roues,,5,2,5,1,3
202000047519,2020-09-05 17:20:00,2020,9,5,17,20,05,05061,COMMERCE ( RUE DU ),44.56241,6.0947,Plein jour,En agglomération,Hors intersection,Normale,Autre collision,6,-1,0,0,1,1,1,9,8,50,1,1,0,0,0,1,,,,,1,2,1,1,6
202000047520,2020-10-20 12:15:00,2020,10,20,12,15,29,29189,D29 - Route de Landerneau,48.390387,-4.342561,Plein jour,Hors agglomération,Hors intersection,Normale,Deux véhicules - frontale,3,2,2,0,1,1,1,0,1,80,2,3,1,0,2,0,30.0,37.0,voiture,voiture,1,1,1,1,1
202000047521,2020-07-24 22:30:00,2020,7,24,22,30,65,65240,54 Route des Pyrénées,43.5073941,0.0407652,Nuit sans éclairage public,Hors agglomération,Hors intersection,Normale,Deux véhicules - frontale,3,2,2,0,1,3,1,9,1,80,2,6,4,0,1,1,50.0,39.0,voiture,voiture,3,1,1,1,1
202000047522,2020-10-21 08:10:00,2020,10,21,8,10,01,01123,Route de Noaillat,46.238366,4.841505,Crépuscule ou aube,Hors agglomération,Hors intersection,Vent fort / tempête,Autre collision,3,2,2,0,2,3,1,0,1,70,1,2,1,1,0,0,35.0,,voiture,,2,1,1,6,6
202000047523,2020-12-01 10:00:00,2020,12,1,10,0,974,97411,Rue du Général de Gaulle,-20.88514,55.46265,Plein jour,En agglomération,Intersection en T,Normale,Deux véhicules - côté,4,1,1,0,2,1,1,0,1,50,2,2,1,0,1,0,17.0,35.0,deux_roues,voiture,1,2,3,1,3
202000047524,2020-10-21 16:00:00,2020,10,21,16,0,66,66147,N320,42.564567,1.775166,Plein jour,Hors agglomération,Hors intersection,Normale,Sans collision,2,2,2,0,1,1,1,0,8,80,1,3,1,0,2,0,19.0,,voiture,,1,1,1,1,7
202000047525,2020-06-24 21:55:00,2020,6,24,21,55,38,38238,Mouterle,45.500812,5.011989,Nuit sans éclairage public,Hors agglomération,Hors intersection,Normale,Deux véhicules - frontale,3,2,2,0,1,1,1,0,1,70,2,3,1,0,1,1,79.0,45.0,utilitaire_camion,voiture,3,1,1,1,1
202000047526,2020-11-26 14:20:00,2020,11,26,14,20,974,97409,Chemin Doriot,-20.967988,55.648611,Plein jour,En agglomération,Hors intersection,Pluie légère,Deux véhicules - frontale,4,2,2,0,2,4,2,0,1,90,2,2,0,0,0,2,37.0,22.0,voiture,voiture,1,2,1,2,1
202000047527,2020-12-01 12:40:00,2020,12,1,12,40,973,97302,HEDER (place),4.9389802,-52.3351282,Plein jour,En agglomération,Hors intersection,Normale,Autre collision,4,1,1,0,1,1,1,0,1,50,1,2,1,0,0,1,31.0,,voiture,,1,2,1,1,6
202000047528,2020-07-25 16:15:00,2020,7,25,16,15,67,67347,D91,48.834611,7.53675,Plein jour,Hors agglomération,Hors intersection,Normale,,3,2,2,0,2,2,1,0,1,80,2,2,1,0,1,0,53.0,18.0,deux_roues,utilitaire_camion,1,1,1,1,-1
202000047529,2020-05-20 17:00:00,2020,5,20,17,0,35,35177,Route de Dinan,48.204134,-1.742898,Plein jour,Hors agglomération,Intersection en T,Normale,Trois véhicules et plus - collisions multiples,3,2,2,0,2,3,1,0,1,70,3,3,2,0,0,1,78.0,29.0,voiture,voiture,1,1,3,1,5
202000047530,2020-10-21 19:35:00,2020,10,21,19,35,72,72054,70 Route de Paris,48.012836,0.317831,Nuit avec éclairage allumé,Hors agglomération,Autre intersection,Normale,,3,2,4,0,1,1,1,5,1,70,3,6,1,0,0,5,84.0,39.0,voiture,voiture,5,1,9,1,-1
202000047531,2020-10-17 12:45:00,2020,10,17,12,45,06,06079,Avenue Marcel Pagnol,43.546169,6.943043,Plein jour,En agglomération,Hors intersection,Normale,Deux véhicules - côté,4,2,2,0,1,1,1,0,1,50,2,2,1,0,1,0,76.0,62.0,voiture,deux_roues,1,2,1,1,3
202000047532,2020-10-20 17:00:00,2020,10,20,17,0,14,14614,D66,49.2082663,-1.025961,Plein jour,En agglomération,Hors intersection,Normale,Deux véhicules - côté,3,2,2,0,1,1,1,0,1,50,2,3,2,0,0,1,61.0,13.0,voiture,deux_roues,1,2,1,1,3
202000047533,2020-10-20 13:05:00,2020,10,20,13,5,60,60303,D7,49.635019,1.876758,Plein jour,Hors agglomération,Intersection en X,Normale,Deux véhicules - côté,3,2,2,0,1,1,2,0,1,80,2,2,1,0,1,0,21.0,46.0,voiture,voiture,1,1,2,1,3
202000047534,2020-10-21 09:05:00,2020,10,21,9,5,43,43258,Route des Barthes - Intersection RD17/ Route du parc,45.380306,3.31785,Plein jour,Hors agglomération,Intersection en T,Normale,Trois véhicules et plus - collisions multiples,3,2,2,0,1,1,1,0,1,70,3,3,2,0,1,0,44.0,46.0,voiture,voiture,1,1,3,1,5
202000047535,2020-07-25 10:40:00,2020,7,25,10,40,69,69285,Villette-d'Anthon,45.773547,5.064472,Plein jour,Hors agglomération,Hors intersection,Normale,Sans collision,9,2,2,0,1,1,2,0,3,80,1,1,0,0,0,1,37.0,,voiture,,1,1,1,1,7
202000047536,2020-12-01 07:56:00,2020,12,1,7,56,973,97302,MONTABO (ROUTE DE) 1,4.9384939,-52.2996855,Plein jour,En agglomération,Hors intersection,Normale,Deux véhicules - côté,3,2,1,0,1,1,1,0,1,50,2,2,1,0,0,1,49.0,15.0,voiture,deux_roues,1,2,1,1,3
202000047537,2020-10-20 07:15:00,2020,10,20,7,15,10,10310,RD79,48.221928,4.500532,Crépuscule ou aube,Hors agglomération,Hors intersection,Normale,,3,2,2,0,1,2,1,0,1,80,3,7,3,0,0,4,21.0,36.0,voiture,utilitaire_camion,2,1,1,1,-1
202000047538,2020-07-25 18:40:00,2020,7,25,18,40,974,97412,152 Rue Marcel Pagnol,-21.372653,55.669854,Nuit sans éclairage public,En agglomération,Hors intersection,Normale,Autre collision,2,2,2,0,2,1,1,0,1,50,1,2,1,0,1,0,57.0,,voiture,,3,2,1,1,6
202000047539,2020-10-17 14:40:00,2020,10,17,14,40,37,37050,,47.3274532,0.7594593,Plein jour,Hors agglomération,Hors intersection,Normale,Deux véhicules - arrière,3,3,2,0,1,1,1,0,1,110,2,3,0,0,0,3,48.0,52.0,voiture,voiture,1,1,1,1,2
202000047540,2020-07-25 09:56:00,2020,7,25,9,56,35,35167,D94,47.820762,-1.31866,Plein jour,Hors agglomération,Intersection en T,Normale,Deux véhicules - frontale,3,2,2,0,1,1,1,0,1,80,2,2,1,0,1,0,65.0,31.0,voiture,deux_roues,1,1,3,1,1
202000047541,2020-10-20 14:25:00,2020,10,20,14,25,24,24167,Boulevard national,44.665677,0.398818,Plein jour,En agglomération,Hors intersection,Normale,Autre collision,3,2,2,0,1,1,1,0,1,50,1,2,1,0,1,0,55.0,,voiture,,1,2,1,1,6
202000047542,2020-07-24 17:55:00,2020,7,24,17,55,59,59653,24 Rue Faidherbe,50.574332,2.941772,Plein jour,En agglomération,Intersection en T,Normale,Deux véhicules - côté,4,2,2,0,1,1,1,0,1,50,2,2,1,0,1,0,45.0,56.0,utilitaire_camion,deux_roues,1,2,3,1,3
202000047543,2020-10-12 09:41:00,2020,10,12,9,41,67,67389,A4,48.6558758,7.7368615,Plein jour,Hors agglomération,Hors intersection,Normale,Deux véhicules - côté,1,3,4,0,1,1,1,0,1,130,2,4,1,0,0,3,47.0,55.0,utilitaire_camion,voiture,1,1,1,1,3
202000047544,2020-10-21 06:40:00,2020,10,21,6,40,988,98802,Lieu-dit Tontouta PK 56+900,-21.968838,166.19173,Plein jour,Hors agglomération,Hors intersection,Normale,Deux véhicules - frontale,2,2,2,0,1,1,1,0,1,90,2,5,0,1,4,0,32.0,18.0,utilitaire_camion,voiture,1,1,1,1,1
202000047545,2020-10-18 14:00:00,2020,10,18,14,0,971,97125,Rue de la République,16.250626,-61.271455,Plein jour,En agglomération,Hors intersection,Normale,Autre collision,4,1,1,0,1,1,1,0,8,50,1,1,0,0,1,0,30.0,,deux_roues,,1,2,1,1,6
202000047546,2020-10-19 08:40:00,2020,10,19,8,40,971,97117,Route de Chateau Gaillard,16.308553,-61.394005,Plein jour,Hors agglomération,Intersection en Y,Normale,Deux véhicules - côté,3,2,2,0,1,2,1,0,1,80,2,3,2,0,1,0,80.0,43.0,voiture,voiture,1,1,4,1,3
202000047547,2020-09-23 17:35:00,2020,9,23,17,35,971,97117,Rue Joffre,16.331136,-61.343912,Plein jour,En agglomération,Intersection en T,Normale,Deux véhicules - côté,4,1,1,0,1,1,1,0,5,50,2,2,1,0,1,0,59.0,60.0,deux_roues,voiture,1,2,3,1,3
202000047548,2020-12-01 20:00:00,2020,12,1,20,0,69,69383,FELIX FAURE                         (AV),45.752459,4.8496028,Nuit avec éclairage allumé,En agglomération,Autre intersection,Pluie légère,Sans collision,4,3,3,0,1,1,2,0,1,50,1,1,0,0,0,1,47.0,,deux_roues,,5,2,9,2,7
202000047549,2020-07-24 18:25:00,2020,7,24,18,25,71,71456,D970,46.8253605,5.0934486,Plein jour,En agglomération,Intersection en X,Normale,Deux véhicules - frontale,3,2,2,0,1,1,1,0,1,80,2,2,0,0,1,1,43.0,35.0,voiture,voiture,1,2,2,1,1
202000047550,2020-05-22 12:17:00,2020,5,22,12,17,26,26140,route de la grande route,45.122596,5.107741,Plein jour,Hors agglomération,Hors intersection,Normale,Sans collision,3,2,2,0,1,2,1,0,8,80,1,1,0,0,1,0,76.0,,voiture,,1,1,1,1,7
202000047551,2020-10-21 09:58:00,2020,10,21,9,58,77,77095,25 Rue Vigne Croix - D139,48.970959,2.763729,Plein jour,En agglomération,Intersection en X,Normale,Deux véhicules - côté,3,2,2,0,1,1,1,5,1,50,2,2,1,0,0,1,45.0,24.0,deux_roues,voiture,1,2,2,1,3
202000047552,2020-12-01 17:45:00,2020,12,1,17,45,69,69387,GARIBALDI                           (R ),45.74456,4.84818,Nuit avec éclairage allumé,En agglomération,Hors intersection,Pluie légère,Deux véhicules - arrière,4,1,4,3,1,1,2,0,1,50,2,2,1,0,0,1,37.0,38.0,deux_roues,voiture,5,2,1,2,2
202000047553,2020-05-22 12:45:00,2020,5,22,12,45,73,73073,D18,45.8144481,5.8139993,Plein jour,Hors agglomération,Intersection en Y,Normale,Deux véhicules - côté,3,2,2,0,1,3,1,0,1,80,2,3,1,0,2,0,44.0,45.0,deux_roues,voiture,1,1,4,1,3
202000047554,2020-05-21 12:00:00,2020,5,21,12,0,972,97215,D10,14.871371,-61.133412,Plein jour,Hors agglomération,Hors intersection,Normale,Sans collision,3,2,2,0,1,3,1,0,3,80,1,1,0,0,1,0,41.0,,deux_roues,,1,1,1,1,7
202000047555,2020-10-20 15:03:00,2020,10,20,15,3,77,77107,D48,48.666226,2.819356,Plein jour,Hors agglomération,Hors intersection,Pluie légère,Autre collision,3,2,2,0,1,1,2,0,3,80,1,2,0,0,1,1,20.0,,voiture,,1,1,1,2,6
202000047556,2020-07-24 21:20:00,2020,7,24,21,20,71,71054,rue des vendanges,46.911957,5.0231445,Plein jour,Hors agglomération,Hors intersection,Normale,Autre collision,4,2,2,0,1,1,1,0,3,-1,1,3,1,1,0,1,44.0,,voiture,,1,1,1,1,6
202000047557,2020-07-24 19:11:00,2020,7,24,19,11,62,62283,Rue de Nuncq,50.317809,2.28404,Plein jour,Hors agglomération,Intersection en X,Normale,Deux véhicules - côté,3,2,2,0,1,1,1,0,1,80,2,2,0,0,1,1,31.0,72.0,voiture,voiture,1,1,2,1,3
202000047558,2020-05-21 17:35:00,2020,5,21,17,35,01,01173,D1005,46.35922,6.043596,Plein jour,Hors agglomération,Hors intersection,Normale,Trois véhicules et plus - collisions multiples,3,2,2,0,2,4,1,0,1,80,4,4,3,0,1,0,43.0,46.0,voiture,voiture,1,1,1,1,5
202000047559,2020-12-01 14:20:00,2020,12,1,14,20,972,97209,BEAUSEJOUR JAMBETTE (ROUTE),14.63575,-61.03997,Plein jour,Hors agglomération,Giratoire,Normale,Deux véhicules - côté,3,2,2,0,1,2,9,0,1,50,2,2,1,0,0,1,23.0,23.0,deux_roues,voiture,1,1,6,1,3
202000047560,2020-07-25 18:00:00,2020,7,25,18,0,77,77492,Rue Pascal Jardin,48.876512,3.362558,Plein jour,En agglomération,Hors intersection,Normale,Autre collision,4,2,2,0,2,2,1,0,3,50,1,2,0,0,1,1,17.0,,voiture,,1,2,1,1,6
202000047561,2020-05-21 17:45:00,2020,5,21,17,45,86,86202,1 Route de Piogeard,46.6441755,0.7573499,Plein jour,En agglomération,Hors intersection,Normale,Sans collision,6,-1,0,0,1,1,9,0,8,-1,1,2,1,0,1,0,21.0,,deux_roues,,1,2,1,1,7