accident_id,datetime,annee,mois,jour,heure,minute,departement,commune_insee,adresse,latitude,longitude,luminosite,agglomeration,intersection,meteo,collision,catr,circ,nbv,vosp,prof,plan,surf,infra,situ,vma,nb_vehicules,nb_usagers,nb_indemnes,nb_tues,nb_blesses_hosp,nb_blesses_legers,age_cond_1,age_cond_2,veh_type_cond_1,veh_type_cond_2,lum_code,agg_code,int_code,atm_code,col_code
202000047562,2020-11-30 09:22:00,2020,11,30,9,22,972,97209,CHATEAUBOEUF (ROUTE DE),14.61652,-61.04942,Plein jour,Hors agglomération,Hors intersection,Normale,Deux véhicules - arrière,3,2,2,0,1,1,1,0,1,50,2,2,1,0,1,0,35.0,60.0,voiture,deux_roues,1,1,1,1,2
202000047563,2020-07-24 20:30:00,2020,7,24,20,30,59,59135,1860 Rue Verte,50.8234118,2.5135577,Crépuscule ou aube,Hors agglomération,Hors intersection,Normale,Deux véhicules - frontale,4,2,2,0,2,1,1,0,1,50,2,2,1,0,1,0,68.0,21.0,voiture,deux_roues,2,1,1,1,1
202000047564,2020-05-21 18:25:00,2020,5,21,18,25,91,91666,D118,48.683254,2.234999,Plein jour,Hors agglomération,Hors intersection,Normale,Sans collision,3,2,2,0,1,3,1,0,1,80,1,1,0,0,0,1,36.0,,deux_roues,,1,1,1,1,7
202000047565,2020-06-19 17:15:00,2020,6,19,17,15,74,74282,Route des Glières (Pont),45.964814,6.299983,Plein jour,Hors agglomération,Hors intersection,Normale,Deux véhicules - frontale,3,2,2,0,2,4,1,0,1,80,2,2,1,0,1,0,24.0,61.0,voiture,deux_roues,1,1,1,1,1
202000047566,2020-11-30 06:35:00,2020,11,30,6,35,972,97209,JULES MONNEROT (RUE),14.61116,-61.07077,Plein jour,En agglomération,Intersection en X,Normale,Deux véhicules - côté,4,1,1,0,1,1,1,0,1,50,2,2,1,0,0,1,57.0,46.0,utilitaire_camion,voiture,1,2,2,1,3
202000047567,2020-10-18 10:45:00,2020,10,18,10,45,13,13049,D23,43.708997,5.115438,Plein jour,Hors agglomération,Intersection en X,Normale,Deux véhicules - côté,3,2,2,0,1,1,1,0,1,80,2,3,1,0,1,1,59.0,76.0,deux_roues,voiture,1,1,2,1,3
202000047568,2020-03-11 17:15:00,2020,3,11,17,15,06,06033,1ère Avenue,43.771834,7.208657,Plein jour,En agglomération,Hors intersection,Temps couvert,,7,2,1,0,1,1,1,0,1,50,2,2,1,0,1,0,27.0,34.0,voiture,deux_roues,1,2,1,8,-1
202000047569,2020-10-20 14:55:00,2020,10,20,14,55,74,74003,D16,45.899135,6.213678,Plein jour,Hors agglomération,Hors intersection,Normale,Deux véhicules - côté,3,3,2,1,1,3,1,0,1,80,2,3,2,0,1,0,53.0,68.0,voiture,deux_roues,1,1,1,1,3
202000047570,2020-10-06 09:05:00,2020,10,6,9,5,69,69227,D122,45.682019,4.568971,Plein jour,Hors agglomération,Hors intersection,Temps couvert,Deux véhicules - frontale,3,2,2,0,2,3,2,0,1,80,2,2,1,0,1,0,32.0,56.0,utilitaire_camion,voiture,1,1,1,8,1
202000047571,2020-10-21 19:45:00,2020,10,21,19,45,81,81105,Route de Busque,43.7686265,1.9652681,Nuit sans éclairage public,Hors agglomération,Hors intersection,Vent fort / tempête,Deux véhicules - frontale,3,2,2,0,1,3,1,0,1,70,2,5,1,0,0,4,24.0,40.0,voiture,voiture,3,1,1,6,1
202000047572,2020-10-20 17:00:00,2020,10,20,17,0,50,50149,1 Village de la Gare,49.553774,-1.669616,Plein jour,En agglomération,Intersection en T,Normale,Deux véhicules - frontale,3,2,2,0,1,1,1,0,1,70,2,3,0,0,0,3,73.0,33.0,voiture,voiture,1,2,3,1,1
202000047573,2020-12-01 20:20:00,2020,12,1,20,20,69,69381,CROIX ROUSSE (DE LA)                (BD),45.7741833,4.8296204,Nuit avec éclairage allumé,En agglomération,Hors intersection,Pluie forte,Autre collision,4,2,2,0,1,1,2,0,1,30,1,2,1,0,0,1,18.0,,deux_roues,,5,2,1,3,6
202000047574,2020-07-21 01:10:00,2020,7,21,1,10,80,80572,Rue d'albert,49.953325,2.630426,Nuit sans éclairage public,En agglomération,Hors intersection,Normale,Sans collision,3,2,2,0,2,1,1,9,1,50,1,1,0,0,0,1,54.0,,deux_roues,,3,2,1,1,7
202000047575,2020-05-22 15:13:00,2020,5,22,15,13,83,83070,Avenue du Président Vincent Auriol,43.136404,6.365971,Plein jour,En agglomération,Hors intersection,Normale,Autre collision,3,2,2,1,1,1,1,0,1,30,1,3,2,0,0,1,85.0,,voiture,,1,2,1,1,6
202000047576,2020-10-21 11:55:00,2020,10,21,11,55,14,14737,D248,48.9151664,-0.1704758,Plein jour,En agglomération,Hors intersection,Temps couvert,Deux véhicules - frontale,3,2,2,0,1,1,2,0,1,30,2,2,0,0,0,2,44.0,57.0,voiture,voiture,1,2,1,8,1
202000047577,2020-07-24 22:00:00,2020,7,24,22,0,80,80162,D165,49.822383,2.637362,Crépuscule ou aube,Hors agglomération,Hors intersection,Normale,Autre collision,3,2,2,0,1,2,1,0,3,80,1,2,0,1,0,1,30.0,,voiture,,2,1,1,1,6
202000047578,2020-05-22 02:35:00,2020,5,22,2,35,62,62181,4 Rue Dierville,50.139774,2.709622,Nuit avec éclairage allumé,En agglomération,Hors intersection,Normale,Autre collision,3,2,2,0,1,1,1,0,3,50,1,2,0,0,1,1,16.0,,deux_roues,,5,2,1,1,6
202000047579,2020-10-21 16:05:00,2020,10,21,16,5,22,22242,D786,48.6191048,-2.4227788,Plein jour,Hors agglomération,Hors intersection,Normale,Deux véhicules - côté,3,2,2,0,1,1,1,0,1,80,2,2,1,0,0,1,79.0,17.0,voiture,deux_roues,1,1,1,1,3
202000047580,2020-05-21 15:46:00,2020,5,21,15,46,57,57682,RD993,48.571137,7.09463,Plein jour,Hors agglomération,Hors intersection,Normale,Autre collision,3,-1,2,0,4,4,1,0,8,80,1,1,0,1,0,0,55.0,,deux_roues,,1,1,1,1,6
202000047581,2020-07-16 07:20:00,2020,7,16,7,20,65,65025,8 Place du Marechal Joffre,43.005318,-0.101902,Plein jour,En agglomération,Hors intersection,Normale,Autre collision,6,-1,-1,0,1,1,1,0,1,50,1,2,1,0,0,1,38.0,,voiture,,1,2,1,1,6
202000047582,2020-12-01 13:10:00,2020,12,1,13,10,2B,2B037,TOUTES RUES,42.62884,9.43775,Plein jour,En agglomération,Giratoire,Normale,Autre collision,2,1,2,0,1,3,1,0,1,30,1,1,0,0,1,0,,,,,1,2,6,1,6
202000047583,2020-05-22 16:05:00,2020,5,22,16,5,95,95056,ROUTE DE PARIS,49.10058,2.363756,Plein jour,Hors agglomération,Autre intersection,Normale,Sans collision,3,2,2,0,1,1,1,0,1,80,1,1,0,0,1,0,22.0,,deux_roues,,1,1,9,1,7
202000047584,2020-07-24 09:35:00,2020,7,24,9,35,12,12246,Mas Pourquet,44.637937,2.245331,Plein jour,Hors agglomération,Intersection en X,Normale,Deux véhicules - côté,3,2,2,0,2,2,1,0,1,70,2,3,2,0,1,0,43.0,22.0,utilitaire_camion,deux_roues,1,1,2,1,3
202000047585,2020-05-21 17:13:00,2020,5,21,17,13,51,51532,D22,49.1560477,3.9617118,Plein jour,Hors agglomération,Hors intersection,Temps éblouissant,Sans collision,3,2,2,0,2,1,1,0,1,80,1,1,0,0,1,0,55.0,,deux_roues,,1,1,1,7,7
202000047586,2020-12-01 17:20:00,2020,12,1,17,20,971,97101,LEOPOLD SEDAR SENGHOR (AVENUE),16.2753856,-61.5045547,Plein jour,En agglomération,Intersection en T,Normale,Deux véhicules - côté,4,2,2,0,1,2,1,0,1,50,2,2,1,0,0,1,30.0,26.0,voiture,deux_roues,1,2,3,1,3
202000047587,2020-11-30 08:05:00,2020,11,30,8,5,971,97120,HANNE (BOULEVARD),16.2404,-61.53295,Plein jour,En agglomération,Hors intersection,Normale,Autre collision,3,1,2,0,1,1,1,0,1,50,1,2,1,0,0,1,62.0,,voiture,,1,2,1,1,6
202000047588,2020-07-25 16:00:00,2020,7,25,16,0,42,42159,Chanet,45.808356,3.734343,Plein jour,Hors agglomération,Intersection en X,Normale,Deux véhicules - côté,3,2,2,0,2,1,1,0,1,80,2,2,1,0,1,0,39.0,29.0,voiture,voiture,1,1,2,1,3
202000047589,2020-10-20 23:28:00,2020,10,20,23,28,76,76758,PONT VI (DU),49.621679,0.76125,Plein jour,En agglomération,Intersection en T,Normale,Deux véhicules - côté,3,2,2,0,1,1,2,0,1,50,2,3,2,0,1,0,17.0,55.0,deux_roues,utilitaire_camion,1,2,3,1,3
202000047590,2020-05-19 18:50:00,2020,5,19,18,50,56,56190,Rue Jean-pierre Calloc'h,47.9717536,-2.74029,Plein jour,En agglomération,Intersection en T,Temps éblouissant,Deux véhicules - côté,3,3,2,0,2,1,1,0,1,50,2,2,1,0,1,0,61.0,9.0,voiture,deux_roues,1,2,3,7,3
202000047591,2020-11-20 19:15:00,2020,11,20,19,15,95,95539,RD 301,48.99144,2.36038,Nuit avec éclairage allumé,En agglomération,Intersection à plus de 4 branches,Normale,Deux véhicules - côté,3,2,4,0,1,1,1,5,1,50,2,2,1,0,0,1,43.0,21.0,voiture,voiture,5,2,5,1,3
202000047592,2020-07-25 10:40:00,2020,7,25,10,40,41,41296,D129,47.62697,2.10628,Plein jour,Hors agglomération,Intersection en X,Normale,Deux véhicules - côté,3,2,2,0,1,1,1,0,1,80,2,4,0,1,1,2,27.0,21.0,voiture,voiture,1,1,2,1,3
202000047593,2020-05-22 00:30:00,2020,5,22,0,30,67,67019,32 Rue de Schwobsheim,48.2375028,7.5464564,Nuit avec éclairage allumé,En agglomération,Hors intersection,Normale,Autre collision,3,2,2,0,1,1,1,9,1,80,1,1,0,1,0,0,44.0,,voiture,,5,2,1,1,6
202000047594,2020-07-25 18:30:00,2020,7,25,18,30,34,34150,2 Rue des Metairies,43.320557,3.53601,Plein jour,Hors agglomération,Giratoire,Normale,Deux véhicules - côté,3,2,2,0,1,1,1,5,1,70,2,3,1,0,0,2,59.0,40.0,deux_roues,voiture,1,1,6,1,3
202000047595,2020-10-19 19:00:00,2020,10,19,19,0,13,13106,A7-Sens Lyon vers Marseille,43.39455,5.35077,Nuit avec éclairage non allumé,Hors agglomération,Hors intersection,Normale,Deux véhicules - arrière,1,1,2,0,1,1,1,0,1,90,2,2,1,0,0,1,79.0,47.0,voiture,voiture,4,1,1,1,2
202000047596,2020-12-01 10:05:00,2020,12,1,10,5,95,95018,FEIX (BOULEVARD LEON),48.94825,2.25209,Plein jour,En agglomération,Intersection en X,Normale,Autre collision,4,2,0,0,1,1,1,0,1,50,1,2,1,0,0,1,54.0,,voiture,,1,2,2,1,6
202000047597,2020-12-01 17:40:00,2020,12,1,17,40,91,91201,RUE ALPHONSE DAUDET,48.65824,2.43181,Nuit sans éclairage public,En agglomération,Autre intersection,Normale,Autre collision,3,-1,1,0,1,1,1,0,1,50,1,1,0,0,0,1,40.0,,utilitaire_camion,,3,2,9,1,6
202000047598,2020-05-21 20:40:00,2020,5,21,20,40,76,76325,route de rouen,49.649542,0.838158,Plein jour,Hors agglomération,Hors intersection,Normale,Deux véhicules - arrière,3,2,2,0,1,1,1,0,1,80,2,3,2,0,0,1,55.0,32.0,deux_roues,voiture,1,1,1,1,2
202000047599,2020-10-20 11:14:00,2020,10,20,11,14,13,13211,A50-Sens Marseille vers Aubagne,43.29067,5.44933,Plein jour,Hors agglomération,Hors intersection,Normale,Deux véhicules - arrière,1,1,3,0,1,1,1,0,1,90,2,1,0,0,0,1,29.0,,deux_roues,,1,1,1,1,2
202000047600,2020-07-25 18:05:00,2020,7,25,18,5,25,25534,Route de Charbonnieres,46.678947,6.247444,Plein jour,Hors agglomération,Hors intersection,Normale,Autre collision,3,2,2,0,2,3,9,0,3,80,1,4,2,0,2,0,22.0,,voiture,,1,1,1,1,6
202000047601,2020-12-01 16:00:00,2020,12,1,16,0,91,91286,CORBEIL (ROUTE DE),48.65312,2.39485,Plein jour,En agglomération,Hors intersection,Normale,Deux véhicules - côté,4,-1,1,0,1,1,1,6,1,50,2,2,1,0,0,1,26.0,47.0,deux_roues,voiture,1,2,1,1,3
202000047602,2020-07-25 02:30:00,2020,7,25,2,30,31,31182,1 Route de Lacourtensourt,43.6714544,1.400421,Nuit avec éclairage allumé,Hors agglomération,Hors intersection,Normale,Deux véhicules - frontale,3,2,2,0,1,2,1,0,1,80,2,2,0,1,1,0,28.0,53.0,deux_roues,deux_roues,5,1,1,1,1
202000047603,2020-11-26 18:00:00,2020,11,26,18,0,91,91174,BD FONTAINEBLEAU,48.59975,2.47156,Nuit avec éclairage allumé,En agglomération,Intersection en X,Normale,Deux véhicules - côté,2,2,3,0,2,1,1,0,1,50,2,2,1,0,1,0,22.0,44.0,deux_roues,utilitaire_camion,5,2,2,1,3
202000047604,2020-10-16 20:42:00,2020,10,16,20,42,54,54571,Autoroute A 33,48.618585,6.266154,Nuit sans éclairage public,Hors agglomération,Hors intersection,Normale,Deux véhicules - arrière,1,3,4,0,1,1,1,0,1,110,2,4,2,0,1,1,50.0,32.0,voiture,voiture,3,1,1,1,2
202000047605,2020-11-22 01:20:00,2020,11,22,1,20,89,89387,VAUBAN (AVENUE),48.19796,3.27144,Nuit avec éclairage allumé,En agglomération,Hors intersection,Normale,Autre collision,4,1,1,0,1,1,1,0,4,50,1,1,0,0,0,1,39.0,,voiture,,5,2,1,1,6
202000047606,2020-07-24 14:40:00,2020,7,24,14,40,02,02370,D332,49.970093,3.192987,Plein jour,Hors agglomération,Intersection en X,Normale,Deux véhicules - côté,3,2,2,0,1,1,1,5,1,80,2,3,1,0,2,0,17.0,59.0,utilitaire_camion,voiture,1,1,2,1,3
202000047607,2020-10-20 16:50:00,2020,10,20,16,50,91,91617,RN6 / A5A,48.64118,2.53543,Plein jour,Hors agglomération,Hors intersection,Pluie légère,Deux véhicules - arrière,2,3,8,0,1,1,2,0,1,70,2,3,2,0,0,1,30.0,46.0,utilitaire_camion,utilitaire_camion,1,1,1,2,2
202000047608,2020-11-30 12:16:00,2020,11,30,12,16,87,87085,GIFFARD (RUE HENRI),45.87152,1.26795,Plein jour,En agglomération,Hors intersection,Normale,Deux véhicules - côté,4,2,2,0,1,1,1,0,1,50,2,2,1,0,0,1,34.0,54.0,utilitaire_camion,deux_roues,1,2,1,1,3
202000047609,2020-10-20 17:20:00,2020,10,20,17,20,91,91521,RN 104,48.63375,2.40072,Plein jour,Hors agglomération,Hors intersection,Pluie légère,Autre collision,2,1,3,0,2,2,2,0,1,50,1,1,0,0,0,1,54.0,,voiture,,1,1,1,2,6
202000047610,2020-11-27 14:10:00,2020,11,27,14,10,86,86194,Rue de la Bugellerie,46.604635,0.326463,Plein jour,En agglomération,Intersection en X,Normale,Deux véhicules - côté,4,2,2,0,1,1,1,0,1,50,2,2,1,0,0,1,19.0,27.0,voiture,voiture,1,2,2,1,3
202000047611,2020-10-20 13:55:00,2020,10,20,13,55,94,94076,AUTOROUTE A6B,48.7969368,2.344674,Plein jour,Hors agglomération,Hors intersection,Pluie légère,Deux véhicules - côté,1,1,2,0,2,1,2,0,1,90,2,2,1,0,0,1,52.0,36.0,voiture,deux_roues,1,1,1,2,3
202000047612,2020-07-24 16:00:00,2020,7,24,16,0,02,02292,Avenue de Montmirail,49.027292,3.409474,Plein jour,En agglomération,Hors intersection,Normale,Deux véhicules - arrière,3,2,2,0,1,1,1,0,1,50,2,3,1,0,0,2,36.0,20.0,voiture,voiture,1,2,1,1,2
202000047613,2020-11-23 17:10:00,2020,11,23,17,10,84,84007,MOULIN NOTRE DAME (Rue),43.93436,4.81437,Plein jour,En agglomération,Intersection en T,Normale,Autre collision,4,2,2,0,1,1,1,0,1,50,1,2,1,0,1,0,20.0,,voiture,,1,2,3,1,6
202000047614,2020-07-25 04:50:00,2020,7,25,4,50,03,03264,Rue des Petits Bois,46.0726742,3.4742321,Nuit sans éclairage public,Hors agglomération,Hors intersection,Normale,Sans collision,4,2,2,0,1,1,1,0,8,80,1,2,1,0,0,1,26.0,,voiture,,3,1,1,1,7
202000047615,2020-12-01 12:42:00,2020,12,1,12,42,79,79191,Boulevard René Cassin,46.321842,-0.45267,Plein jour,En agglomération,Hors intersection,Normale,Deux véhicules - côté,4,2,2,0,2,3,1,0,1,50,2,2,1,0,0,1,68.0,22.0,voiture,voiture,1,2,1,1,3
202000047616,2020-07-25 00:30:00,2020,7,25,0,30,70,70343,D28,47.781018,6.122453,Nuit sans éclairage public,Hors agglomération,Hors intersection,Normale,Sans collision,3,2,2,0,1,2,1,0,3,80,1,5,0,0,2,3,21.0,,voiture,,3,1,1,1,7
202000047617,2020-07-25 10:30:00,2020,7,25,10,30,70,70115,D26,47.604051,6.313469,Plein jour,Hors agglomération,Hors intersection,Normale,Sans collision,3,2,2,0,2,1,1,0,1,-1,1,1,0,0,1,0,25.0,,deux_roues,,1,1,1,1,7
202000047618,2020-10-20 09:25:00,2020,10,20,9,25,94,94038,AUTOROUTE A6B,48.78496,2.34683,Plein jour,Hors agglomération,Hors intersection,Temps couvert,Trois véhicules et plus - en chaîne,1,3,3,0,1,1,2,0,1,90,3,3,2,0,0,1,34.0,29.0,voiture,deux_roues,1,1,1,8,4
202000047619,2020-07-24 22:15:00,2020,7,24,22,15,58,58051,Route de Lyon,46.961033,3.157116,Nuit avec éclairage allumé,En agglomération,Intersection en T,Normale,Deux véhicules - côté,3,2,2,3,1,1,1,5,1,50,2,4,2,0,2,0,50.0,37.0,voiture,deux_roues,5,2,3,1,3
202000047620,2020-10-20 09:30:00,2020,10,20,9,30,94,94076,AUTOROUTE A6A,48.79257,2.3447,Plein jour,Hors agglomération,Hors intersection,Temps couvert,Deux véhicules - côté,1,1,3,0,4,1,2,0,1,90,2,2,1,0,0,1,44.0,56.0,deux_roues,voiture,1,1,1,8,3
202000047621,2020-11-27 20:55:00,2020,11,27,20,55,76,76351,rue de verdun,49.502515,0.169851,Plein jour,Hors agglomération,Intersection en T,Normale,Deux véhicules - frontale,3,2,2,0,1,1,2,0,1,50,2,2,1,1,0,0,24.0,60.0,deux_roues,utilitaire_camion,1,1,3,1,1
202000047622,2020-10-20 08:15:00,2020,10,20,8,15,94,94021,AUTOROUTE A106,48.768,2.34548,Plein jour,Hors agglomération,Hors intersection,Normale,Deux véhicules - côté,1,3,4,0,1,1,2,0,1,90,2,2,1,0,0,1,50.0,28.0,voiture,deux_roues,1,1,1,1,3
202000047623,2020-07-21 11:40:00,2020,7,21,11,40,14,14582,INTERSECTION RD 519/RD268A,49.074864,0.189788,Plein jour,Hors agglomération,Intersection en X,Normale,Deux véhicules - arrière,3,2,2,0,1,1,1,5,1,70,2,6,5,0,1,0,22.0,43.0,voiture,voiture,1,1,2,1,2
202000047624,2020-10-20 18:00:00,2020,10,20,18,0,78,78640,N118,48.78282,2.223165,Nuit sans éclairage public,Hors agglomération,Hors intersection,Pluie légère,Deux véhicules - arrière,2,3,8,0,1,1,2,0,1,90,2,8,7,0,0,1,28.0,43.0,voiture,voiture,3,1,1,2,2
202000047625,2020-11-30 11:20:00,2020,11,30,11,20,72,72181,EINSTEIN ALBERT (RUE),48.03094,0.17193,Plein jour,En agglomération,Hors intersection,Normale,Deux véhicules - arrière,4,2,4,2,1,3,1,0,1,50,2,3,0,0,0,3,44.0,52.0,voiture,utilitaire_camion,1,2,1,1,2
202000047626,2020-11-30 12:13:00,2020,11,30,12,13,72,72181,MAILLETS (RUE DES) IMP 1 A 29,48.01231,0.20561,Plein jour,En agglomération,Hors intersection,Normale,Autre collision,4,3,2,0,1,1,1,0,1,50,1,2,1,0,0,1,16.0,,deux_roues,,1,2,1,1,6
202000047627,2020-07-24 19:15:00,2020,7,24,19,15,21,21227,13 Route de Troyes,47.388184,4.938588,Crépuscule ou aube,En agglomération,Hors intersection,Normale,Autre collision,3,2,2,0,2,1,1,0,1,50,1,2,1,0,1,0,35.0,,voiture,,2,2,1,1,6
202000047628,2020-11-30 12:35:00,2020,11,30,12,35,71,71306,COUDRAIE (RUE DE LA),46.6920524,4.3503821,Plein jour,En agglomération,Hors intersection,Normale,Deux véhicules - côté,3,2,2,0,1,1,1,0,1,50,2,2,0,0,0,2,37.0,83.0,voiture,voiture,1,2,1,1,3
202000047629,2020-11-27 12:40:00,2020,11,27,12,40,69,69092,EPINAY (route d'),46.00437,4.68892,Plein jour,Hors agglomération,Intersection en X,Normale,Deux véhicules - côté,4,2,2,0,1,3,1,0,1,80,2,4,2,0,0,2,45.0,28.0,voiture,utilitaire_camion,1,1,2,1,3
202000047630,2020-07-25 08:52:00,2020,7,25,8,52,21,21558,D23,46.957703,4.889774,Plein jour,Hors agglomération,Hors intersection,Normale,Autre collision,3,2,2,0,1,1,1,0,3,70,1,1,0,1,0,0,20.0,,voiture,,1,1,1,1,6
202000047631,2020-11-30 18:55:00,2020,11,30,18,55,67,67482,4 Route d’Altenheim,48.5437845,7.7652556,Nuit avec éclairage allumé,En agglomération,Hors intersection,Normale,Deux véhicules - côté,4,2,2,0,1,1,1,0,1,50,2,2,1,0,0,1,29.0,16.0,deux_roues,voiture,5,2,1,1,3
202000047632,2020-10-20 12:55:00,2020,10,20,12,55,78,78466,A13,48.923,2.00103,Plein jour,Hors agglomération,Hors intersection,Pluie légère,Deux véhicules - côté,1,1,2,0,1,3,2,0,1,90,2,3,1,0,0,2,36.0,25.0,voiture,voiture,1,1,1,2,3
202000047633,2020-07-25 04:10:00,2020,7,25,4,10,40,40310,D189,43.716161,-1.358976,Nuit sans éclairage public,Hors agglomération,Hors intersection,Normale,Autre collision,3,2,2,0,1,3,1,0,3,80,1,2,0,1,1,0,18.0,,voiture,,3,1,1,1,6
202000047634,2020-10-20 09:35:00,2020,10,20,9,35,92,92076,A13,48.8320354,2.1517684,Plein jour,Hors agglomération,Hors intersection,Temps couvert,Deux véhicules - arrière,1,3,6,0,1,1,2,0,1,110,2,4,3,0,0,1,42.0,35.0,voiture,voiture,1,1,1,8,2
202000047635,2020-07-25 05:05:00,2020,7,25,5,5,24,24214,Jomelière,45.554418,0.57425,Nuit sans éclairage public,Hors agglomération,Hors intersection,Normale,Autre collision,3,2,2,0,1,1,1,0,3,-1,1,1,0,0,1,0,61.0,,utilitaire_camion,,3,1,1,1,6
202000047636,2020-12-01 12:10:00,2020,12,1,12,10,64,64024,PITOYS (ROUTE DE),43.4636972,-1.5156841,Plein jour,En agglomération,Hors intersection,Normale,Deux véhicules - arrière,4,2,2,0,1,1,1,0,1,50,2,2,1,0,0,1,53.0,19.0,utilitaire_camion,deux_roues,1,2,1,1,2
202000047637,2020-07-25 11:10:00,2020,7,25,11,10,04,04236,RN 202,43.932888,6.629455,Plein jour,Hors agglomération,Hors intersection,Normale,Deux véhicules - frontale,2,2,2,0,2,3,1,0,1,80,2,2,1,0,1,0,33.0,34.0,deux_roues,voiture,1,1,1,1,1
202000047638,2020-07-25 00:15:00,2020,7,25,0,15,85,85081,Créancière (Arrêt de bus),46.725629,-1.397315,Nuit sans éclairage public,Hors agglomération,Hors intersection,Normale,Sans collision,3,2,2,0,1,1,1,0,1,-1,1,1,0,0,1,0,22.0,,voiture,,3,1,1,1,7
202000047639,2020-12-01 08:15:00,2020,12,1,8,15,64,64102,LABOURD (PONT DU),43.4859,-1.47381,Crépuscule ou aube,En agglomération,Hors intersection,Normale,Trois véhicules et plus - collisions multiples,3,2,6,1,1,1,1,2,1,50,4,4,3,0,0,1,28.0,59.0,utilitaire_camion,voiture,2,2,1,1,5
202000047640,2020-07-24 10:00:00,2020,7,24,10,0,88,88114,Parking Bonne Source,48.190374,5.917473,Plein jour,Hors agglomération,Giratoire,Normale,Deux véhicules - côté,3,3,4,0,1,2,1,5,1,-1,2,2,1,0,1,0,47.0,52.0,utilitaire_camion,deux_roues,1,1,6,1,3
202000047641,2020-11-28 19:25:00,2020,11,28,19,25,64,64102,SAINT ETIENNE (CHEMIN DE ),43.4979196,-1.4610744,Nuit avec éclairage allumé,En agglomération,Intersection en T,Normale,Deux véhicules - côté,4,2,2,0,1,1,1,0,1,50,2,2,1,0,0,1,30.0,17.0,voiture,deux_roues,5,2,3,1,3
202000047642,2020-07-25 16:45:00,2020,7,25,16,45,47,47046,A62,44.373669,0.234688,Plein jour,Hors agglomération,Hors intersection,Normale,Deux véhicules - arrière,1,3,4,0,1,1,1,0,1,130,2,6,4,0,1,1,23.0,49.0,voiture,voiture,1,1,1,1,2
202000047643,2020-07-25 14:30:00,2020,7,25,14,30,06,06088,A8 PK 200+000 SUD,43.712762,7.255837,Plein jour,Hors agglomération,Hors intersection,Normale,Autre collision,1,1,1,0,2,3,1,3,3,50,1,1,0,0,0,1,38.0,,deux_roues,,1,1,1,1,6
202000047644,2020-11-28 17:30:00,2020,11,28,17,30,63,63300,ROCADE RD 446,45.87615,3.09967,Plein jour,Hors agglomération,Intersection en T,Normale,Deux véhicules - côté,3,2,2,0,1,1,1,0,1,80,2,2,1,0,0,1,31.0,73.0,deux_roues,voiture,1,1,3,1,3
202000047645,2020-10-20 06:55:00,2020,10,20,6,55,78,78498,A13,48.907911,2.005246,Nuit sans éclairage public,Hors agglomération,Hors intersection,Pluie légère,Trois véhicules et plus - en chaîne,1,3,5,0,3,1,2,0,1,110,3,3,2,0,0,1,55.0,42.0,voiture,voiture,3,1,1,2,4
202000047646,2020-07-24 23:35:00,2020,7,24,23,35,21,21436,A36,47.031203,5.082164,Nuit sans éclairage public,Hors agglomération,Hors intersection,Normale,Sans collision,1,3,4,0,1,1,1,0,2,130,1,4,3,0,1,0,21.0,,voiture,,3,1,1,1,7
202000047647,2020-12-01 09:10:00,2020,12,1,9,10,63,63113,DELILLE (PLACE),45.7800298,3.091355,Plein jour,En agglomération,Hors intersection,Normale,Autre collision,4,2,2,0,1,1,1,0,1,50,1,2,1,0,0,1,69.0,,voiture,,1,2,1,1,6
202000047648,2020-07-15 15:15:00,2020,7,15,15,15,976,97614,Kahani,-12.824557,45.131537,Plein jour,En agglomération,Hors intersection,Normale,Autre collision,3,2,2,0,1,1,1,0,1,-1,1,2,1,0,1,0,30.0,,voiture,,1,2,1,1,6
202000047649,2020-10-20 19:20:00,2020,10,20,19,20,92,92036,AUTOROUTE A86,48.9381763,2.3134449,Nuit sans éclairage public,Hors agglomération,Hors intersection,Pluie légère,Deux véhicules - côté,1,3,6,0,1,1,2,0,1,90,2,2,1,0,0,1,47.0,21.0,deux_roues,voiture,3,1,1,2,3
202000047650,2020-11-24 18:20:00,2020,11,24,18,20,63,63113,PASTEUR (BD),45.7725631,3.0790442,Nuit avec éclairage allumé,En agglomération,Intersection en X,Normale,Autre collision,4,1,1,0,1,1,1,0,1,50,1,2,1,0,0,1,53.0,,voiture,,5,2,2,1,6
202000047651,2020-10-20 18:10:00,2020,10,20,18,10,93,93027,AUTOROUTE A86,48.9283651,2.413558,Nuit avec éclairage allumé,Hors agglomération,Hors intersection,Pluie légère,Deux véhicules - côté,1,3,6,0,1,1,3,0,1,90,2,2,1,0,0,1,48.0,25.0,voiture,voiture,5,1,1,2,3
202000047652,2020-11-26 20:48:00,2020,11,26,20,48,63,63075,BOSQUET (RUE DU),45.7765539,3.066399,Nuit avec éclairage allumé,En agglomération,Intersection en X,Normale,Deux véhicules - côté,4,1,1,0,1,1,1,0,1,50,2,2,1,0,0,1,34.0,25.0,deux_roues,voiture,5,2,2,1,3
202000047653,2020-12-01 13:25:00,2020,12,1,13,25,59,59599,GAMBETTA (BOULEVARD),50.70821,3.15975,Plein jour,En agglomération,Hors intersection,Pluie légère,Autre collision,7,2,4,0,1,1,2,0,1,50,1,2,1,0,0,1,20.0,,voiture,,1,2,1,2,6