accident_id,datetime,annee,mois,jour,heure,minute,departement,commune_insee,adresse,latitude,longitude,luminosite,agglomeration,intersection,meteo,collision,catr,circ,nbv,vosp,prof,plan,surf,infra,situ,vma,nb_vehicules,nb_usagers,nb_indemnes,nb_tues,nb_blesses_hosp,nb_blesses_legers,age_cond_1,age_cond_2,veh_type_cond_1,veh_type_cond_2,lum_code,agg_code,int_code,atm_code,col_code
202000047654,2020-12-01 08:00:00,2020,12,1,8,0,59,59650,MONGE (RUE),50.70197,3.20049,Nuit avec éclairage allumé,En agglomération,Hors intersection,Pluie légère,Autre collision,4,2,2,0,1,1,2,0,1,50,1,2,0,0,2,0,,,,,5,2,1,2,6
202000047655,2020-07-25 04:30:00,2020,7,25,4,30,974,97418,Avenue des Corossols,-20.902317,55.54651,Nuit sans éclairage public,Hors agglomération,Hors intersection,Normale,Autre collision,2,3,4,0,1,1,1,0,2,-1,1,1,0,1,0,0,31.0,,deux_roues,,3,1,1,1,6
202000047656,2020-11-30 14:25:00,2020,11,30,14,25,59,59360,FOCH RUE DU MARECHAL,50.61543,3.01934,Plein jour,En agglomération,Hors intersection,Normale,Deux véhicules - côté,7,2,4,1,1,1,1,0,5,50,2,2,1,0,1,0,29.0,60.0,utilitaire_camion,deux_roues,1,2,1,1,3
202000047657,2020-07-24 10:25:00,2020,7,24,10,25,45,45042,D961-PR 26 + 625,47.8381183,2.4324145,Plein jour,Hors agglomération,Intersection en X,Normale,Deux véhicules - côté,3,2,2,0,1,1,1,0,1,80,2,3,2,0,0,1,47.0,47.0,voiture,utilitaire_camion,1,1,2,1,3
202000047658,2020-07-25 00:00:00,2020,7,25,0,0,77,77437,Saint-Soupplets,49.04488,2.807994,Nuit sans éclairage public,Hors agglomération,Hors intersection,Normale,Sans collision,9,-1,2,0,3,2,1,0,1,-1,1,1,0,0,1,0,37.0,,voiture,,3,1,1,1,7
202000047659,2020-10-29 22:25:00,2020,10,29,22,25,59,59360,DOUMER PAUL RUE,50.60302,3.04056,Nuit avec éclairage allumé,En agglomération,Autre intersection,Normale,Deux véhicules - côté,7,2,2,0,1,1,1,5,1,50,2,4,3,0,0,1,30.0,,voiture,,5,2,9,1,3
202000047660,2020-07-24 21:00:00,2020,7,24,21,0,77,77309,route nationale 330,49.007425,2.839644,Nuit sans éclairage public,Hors agglomération,Hors intersection,Normale,Sans collision,2,-1,2,0,1,1,9,0,1,90,1,1,0,0,1,0,35.0,,deux_roues,,3,1,1,1,7
202000047661,2020-10-05 11:55:00,2020,10,5,11,55,59,59350,ZOLA EMILE RUE,50.63357,3.00524,Plein jour,En agglomération,Intersection en X,Normale,Autre collision,7,2,3,0,1,1,1,5,1,30,1,2,1,0,1,0,49.0,,voiture,,1,2,2,1,6
202000047662,2020-07-24 20:30:00,2020,7,24,20,30,95,95199,RD301,49.027746,2.347622,Crépuscule ou aube,Hors agglomération,Hors intersection,Normale,Deux véhicules - arrière,3,3,4,0,1,1,1,0,1,90,2,2,1,0,1,0,23.0,37.0,voiture,voiture,2,1,1,1,2
202000047663,2020-11-30 13:54:00,2020,11,30,13,54,56,56121,PORT DE PECHE (ENCEINTE DU),47.72967,-3.36544,Plein jour,En agglomération,Hors intersection,Normale,Deux véhicules - frontale,5,2,2,0,1,3,1,0,1,30,2,2,1,0,0,1,46.0,57.0,utilitaire_camion,deux_roues,1,2,1,1,1
202000047664,2020-10-20 14:30:00,2020,10,20,14,30,95,95241,RN 104,49.046333,2.440172,Plein jour,Hors agglomération,Hors intersection,Pluie légère,Deux véhicules - côté,2,3,6,0,1,1,2,0,1,110,2,2,0,0,0,2,20.0,51.0,voiture,voiture,1,1,1,2,3
202000047665,2020-07-25 10:00:00,2020,7,25,10,0,2B,2B042,route de la gare,42.562137,9.441569,Plein jour,En agglomération,Autre intersection,Normale,Autre collision,3,2,2,0,1,1,1,6,1,-1,1,2,1,1,0,0,51.0,,utilitaire_camion,,1,2,9,1,6
202000047666,2020-06-20 14:30:00,2020,6,20,14,30,06,06147,806 Avenue de la Conca d'Or,43.777931,7.275506,Plein jour,Hors agglomération,Hors intersection,Normale,Trois véhicules et plus - collisions multiples,7,2,2,0,1,3,1,0,1,70,3,3,2,0,1,0,60.0,47.0,deux_roues,voiture,1,1,1,1,5
202000047667,2020-10-20 10:00:00,2020,10,20,10,0,93,93064,AUTOROUTE A86,48.8867063,2.4778327,Nuit avec éclairage allumé,Hors agglomération,Hors intersection,Pluie légère,Autre collision,1,3,4,0,1,2,2,0,1,70,1,1,0,0,0,1,26.0,,voiture,,5,1,1,2,6
202000047668,2020-07-24 08:49:00,2020,7,24,8,49,71,71062,D222,46.9268665,4.2403175,Plein jour,Hors agglomération,Hors intersection,Normale,Sans collision,3,2,2,0,2,1,1,0,3,80,1,1,0,0,1,0,29.0,,voiture,,1,1,1,1,7
202000047669,2020-10-20 07:00:00,2020,10,20,7,0,93,93007,AUTOROUTE A3,48.9333379,2.4806899,Nuit sans éclairage public,Hors agglomération,Hors intersection,Pluie légère,Trois véhicules et plus - en chaîne,1,3,6,0,1,1,2,0,1,90,4,4,3,0,0,1,49.0,19.0,voiture,voiture,3,1,1,2,4
202000047670,2020-07-25 17:11:00,2020,7,25,17,11,67,67520,D75,48.615626,7.442105,Plein jour,Hors agglomération,Hors intersection,Normale,Sans collision,3,2,2,0,3,3,9,8,1,50,1,1,0,0,0,1,51.0,,deux_roues,,1,1,1,1,7
202000047671,2020-10-20 09:00:00,2020,10,20,9,0,93,93048,AUTOROUTE A3,48.8691,2.4297,Plein jour,Hors agglomération,Hors intersection,Temps couvert,Deux véhicules - arrière,1,3,8,0,1,1,2,0,1,90,2,2,1,0,0,1,30.0,52.0,deux_roues,utilitaire_camion,1,1,1,8,2
202000047672,2020-10-20 06:10:00,2020,10,20,6,10,92,92036,AUTOROUTE A15,48.9484735,2.2806708,Nuit sans éclairage public,Hors agglomération,Hors intersection,Pluie légère,Trois véhicules et plus - en chaîne,1,3,6,0,1,2,2,2,1,90,3,3,2,0,0,1,41.0,49.0,voiture,deux_roues,3,1,1,2,4
202000047673,2020-07-25 02:20:00,2020,7,25,2,20,74,74024,RD19,46.075921,6.43558,Nuit sans éclairage public,Hors agglomération,Hors intersection,Normale,Deux véhicules - arrière,3,1,1,0,1,1,1,0,1,90,2,1,0,0,1,0,39.0,,voiture,,3,1,1,1,2
202000047674,2020-11-30 08:15:00,2020,11,30,8,15,54,54395,OBERLIN (RUE),48.70331,6.18177,Plein jour,En agglomération,Intersection en X,Normale,Deux véhicules - côté,4,2,2,0,1,1,1,0,1,50,2,1,0,0,0,1,44.0,,deux_roues,,1,2,2,1,3
202000047675,2020-10-20 19:35:00,2020,10,20,19,35,94,94033,A86.EXT,48.85216,2.49044,Nuit sans éclairage public,Hors agglomération,Hors intersection,Pluie légère,,1,3,6,0,1,1,2,0,1,90,2,1,0,0,0,1,38.0,,voiture,,3,1,1,2,-1
202000047676,2020-12-01 09:30:00,2020,12,1,9,30,54,54395,DEGLIN (RUE HENRI),48.70043,6.17825,Plein jour,En agglomération,Intersection en X,Normale,Autre collision,4,1,2,0,1,1,2,0,1,30,1,2,1,0,0,1,52.0,,utilitaire_camion,,1,2,2,1,6
202000047677,2020-10-20 18:40:00,2020,10,20,18,40,94,94018,A4,48.8238,2.3948,Nuit sans éclairage public,Hors agglomération,Hors intersection,Pluie légère,,1,3,10,0,1,1,2,0,1,70,3,2,1,0,0,1,41.0,36.0,voiture,voiture,3,1,1,2,-1
202000047678,2020-12-01 08:30:00,2020,12,1,8,30,54,54395,DAUM (RUE DU COLONEL PAUL),48.6966,6.197,Plein jour,En agglomération,Intersection en T,Pluie forte,Autre collision,4,1,1,0,1,1,2,0,1,50,1,2,1,0,0,1,41.0,,voiture,,1,2,3,3,6
202000047679,2020-10-20 15:35:00,2020,10,20,15,35,77,77294,A104,48.970233,2.57057,Plein jour,Hors agglomération,Hors intersection,Pluie légère,Trois véhicules et plus - en chaîne,1,-1,6,0,1,1,2,0,1,110,4,4,2,0,0,2,44.0,20.0,voiture,voiture,1,1,1,2,4
202000047680,2020-10-19 16:05:00,2020,10,19,16,5,988,98818,RUE DE PAPEETE,-22.24348,166.44238,Plein jour,En agglomération,Intersection en T,Normale,Deux véhicules - côté,4,2,2,0,2,1,1,0,1,50,2,2,1,0,0,1,24.0,72.0,utilitaire_camion,voiture,1,2,3,1,3
202000047681,2020-07-25 01:30:00,2020,7,25,1,30,73,73197,D87,45.539045,6.762021,Nuit avec éclairage allumé,En agglomération,Hors intersection,Normale,Autre collision,3,2,2,0,2,3,1,0,1,50,1,1,0,0,1,0,27.0,,deux_roues,,5,2,1,1,6
202000047682,2020-07-25 11:49:00,2020,7,25,11,49,01,01376,Route de Genève,45.827984,4.972939,Plein jour,En agglomération,Intersection en T,Normale,Deux véhicules - côté,3,3,2,0,1,1,1,0,1,50,2,2,1,0,1,0,77.0,28.0,voiture,deux_roues,1,2,3,1,3
202000047683,2020-10-19 14:45:00,2020,10,19,14,45,988,98818,VDE/RUE ARNOLD DALY,-22.26836,166.47256,Plein jour,En agglomération,Intersection en T,Normale,Deux véhicules - arrière,4,2,2,0,4,1,1,5,1,50,2,5,3,0,0,2,47.0,34.0,voiture,voiture,1,2,3,1,2
202000047684,2020-07-23 17:00:00,2020,7,23,17,0,81,81117,D43,43.801115,2.040925,Plein jour,Hors agglomération,Hors intersection,Normale,Autre collision,3,2,2,0,1,2,1,0,3,80,1,1,0,0,0,1,36.0,,voiture,,1,1,1,1,6
202000047685,2020-07-25 18:30:00,2020,7,25,18,30,60,60367,RD 923,49.2529045,1.934613,Plein jour,Hors agglomération,Hors intersection,Normale,Autre collision,3,-1,2,0,1,1,1,0,1,80,1,1,0,0,0,1,26.0,,voiture,,1,1,1,1,6
202000047686,2020-07-24 22:30:00,2020,7,24,22,30,59,59254,D140a,50.282844,3.193604,Nuit avec éclairage allumé,En agglomération,Giratoire,Normale,Autre collision,3,2,2,0,1,2,1,0,4,-1,1,1,0,0,0,1,37.0,,voiture,,5,2,6,1,6
202000047687,2020-07-23 00:40:00,2020,7,23,0,40,59,59285,D955,50.273845,3.407521,Nuit sans éclairage public,Hors agglomération,Hors intersection,Normale,Sans collision,3,2,2,0,1,1,1,0,1,90,1,3,1,0,2,0,21.0,,voiture,,3,1,1,1,7
202000047688,2020-11-30 17:38:00,2020,11,30,17,38,49,49007,DAVIERS BOULEVARD,47.47931,-0.56034,Plein jour,En agglomération,Hors intersection,Normale,Deux véhicules - côté,4,2,2,0,1,1,1,0,1,50,2,2,1,0,0,1,66.0,89.0,deux_roues,voiture,1,2,1,1,3
202000047689,2020-07-22 11:00:00,2020,7,22,11,0,13,13055,A507 sens Marseille - Aubagne,43.30334,5.42532,Plein jour,Hors agglomération,Hors intersection,Normale,Trois véhicules et plus - collisions multiples,1,3,3,0,2,1,1,1,1,70,3,3,2,0,0,1,57.0,21.0,voiture,deux_roues,1,1,1,1,5
202000047690,2020-10-11 21:24:00,2020,10,11,21,24,988,98818,IEKAWE (RUE JACQUES),-22.24836,166.46374,Nuit avec éclairage allumé,En agglomération,Intersection en X,Pluie forte,Deux véhicules - côté,4,2,2,3,2,1,2,0,1,50,2,7,5,0,0,2,44.0,30.0,voiture,voiture,5,2,2,3,3
202000047691,2020-10-18 11:40:00,2020,10,18,11,40,974,97416,CONCESSION CONDE(CHEMIN),-21.29689,55.50041,Plein jour,Hors agglomération,Hors intersection,Normale,Deux véhicules - arrière,4,2,2,0,2,1,1,0,1,30,2,1,0,0,0,1,33.0,,deux_roues,,1,1,1,1,2
202000047692,2020-07-22 08:05:00,2020,7,22,8,5,69,69276,BUS (RD301)   0.000 A 2.800,45.68684,4.86969,Plein jour,Hors agglomération,Hors intersection,Normale,Trois véhicules et plus - collisions multiples,3,1,2,0,1,1,1,0,1,90,4,5,4,0,0,1,60.0,25.0,utilitaire_camion,utilitaire_camion,1,1,1,1,5
202000047693,2020-11-15 16:25:00,2020,11,15,16,25,49,49007,A87N,47.45697,-0.51668,Plein jour,En agglomération,Hors intersection,Normale,Trois véhicules et plus - en chaîne,1,3,4,0,1,1,1,0,1,90,3,5,2,0,0,3,29.0,48.0,voiture,utilitaire_camion,1,2,1,1,4
202000047694,2020-10-18 10:30:00,2020,10,18,10,30,974,97416,BASSIN PLAT(CHEMIN),-21.3252,55.48789,Plein jour,Hors agglomération,Hors intersection,Normale,Deux véhicules - côté,4,2,2,0,1,1,1,0,1,50,2,2,1,0,0,1,64.0,33.0,deux_roues,autre,1,1,1,1,3
202000047695,2020-07-24 16:48:00,2020,7,24,16,48,33,33249,ROUTE NATIONALE 230,44.87159,-0.50586,Plein jour,Hors agglomération,Hors intersection,Normale,Deux véhicules - arrière,2,3,6,0,1,1,1,0,1,90,2,3,2,0,0,1,32.0,77.0,voiture,voiture,1,1,1,1,2
202000047696,2020-07-24 18:05:00,2020,7,24,18,5,91,91432,AUTOROUTE A6,48.694,2.3197,Plein jour,Hors agglomération,Hors intersection,Normale,Deux véhicules - côté,1,3,6,0,2,1,1,0,1,110,2,2,1,0,0,1,42.0,23.0,voiture,deux_roues,1,1,1,1,3
202000047697,2020-07-24 09:30:00,2020,7,24,9,30,91,91235,RN 104,48.62464,2.37201,Plein jour,Hors agglomération,Hors intersection,Normale,Deux véhicules - côté,2,3,4,0,1,1,1,0,1,110,2,2,1,0,0,1,61.0,47.0,utilitaire_camion,voiture,1,1,1,1,3
202000047698,2020-07-24 15:30:00,2020,7,24,15,30,78,78640,N118,48.772374,2.226435,Plein jour,Hors agglomération,Hors intersection,Normale,Deux véhicules - arrière,2,1,4,0,1,1,1,0,1,90,2,3,2,0,0,1,30.0,42.0,utilitaire_camion,voiture,1,1,1,1,2
202000047699,2020-07-24 05:35:00,2020,7,24,5,35,78,78498,A13,48.904948,2.005279,Crépuscule ou aube,Hors agglomération,Hors intersection,Normale,,1,-1,3,0,1,1,1,0,1,110,2,2,1,0,0,1,49.0,49.0,utilitaire_camion,voiture,2,1,1,1,-1
202000047700,2020-07-24 15:30:00,2020,7,24,15,30,95,95219, A115,48.98943,2.24381,Plein jour,Hors agglomération,Hors intersection,Normale,Deux véhicules - arrière,1,3,4,0,1,1,1,0,1,90,2,2,0,0,1,1,31.0,62.0,deux_roues,voiture,1,1,1,1,2
202000047701,2020-07-24 13:00:00,2020,7,24,13,0,93,93029,AUTOROUTE A86,48.92088,2.4279,Plein jour,Hors agglomération,Hors intersection,Normale,Deux véhicules - arrière,1,3,6,0,1,1,1,1,1,90,2,2,1,0,0,1,48.0,34.0,utilitaire_camion,utilitaire_camion,1,1,1,1,2
202000047702,2020-07-24 00:45:00,2020,7,24,0,45,93,93010,AUTOROUTE A3,48.89068,2.47322,Nuit sans éclairage public,Hors agglomération,Hors intersection,Normale,Deux véhicules - côté,1,3,10,0,1,1,1,3,1,70,2,2,1,0,0,1,41.0,25.0,voiture,utilitaire_camion,3,1,1,1,3
202000047703,2020-07-24 09:35:00,2020,7,24,9,35,77,77237,A4,48.8303101,2.7550341,Plein jour,Hors agglomération,Hors intersection,Normale,,1,1,3,0,1,1,1,0,1,130,3,3,1,0,0,2,31.0,26.0,voiture,utilitaire_camion,1,1,1,1,-1
202000047704,2020-04-18 21:45:00,2020,4,18,21,45,92,92078,VERDUN (AVENUE) (IMPAIRS 27 AU 73)/ DUPONT DU CHAMBON (RUE),48.935426,2.33159,Nuit avec éclairage allumé,En agglomération,Intersection en X,Normale,Deux véhicules - arrière,3,3,4,2,1,1,1,0,1,50,2,4,3,0,1,0,30.0,35.0,deux_roues,voiture,5,2,2,1,2
202000047705,2020-07-23 08:15:00,2020,7,23,8,15,974,97416,RN3 (ANCIENNE ROUTE),-21.29522,55.50872,Plein jour,En agglomération,Hors intersection,Temps éblouissant,Deux véhicules - frontale,4,2,2,0,2,3,1,0,1,50,2,2,1,0,0,1,40.0,40.0,utilitaire_camion,voiture,1,2,1,7,1
202000047706,2020-06-07 09:50:00,2020,6,7,9,50,974,97411,Rue Maxime Vallon-Hoarau,-20.88701,55.47621,Nuit avec éclairage allumé,En agglomération,Autre intersection,Normale,,2,2,2,0,1,1,1,0,1,50,2,2,1,0,1,0,42.0,33.0,deux_roues,voiture,5,2,9,1,-1
202000047707,2020-07-17 22:10:00,2020,7,17,22,10,69,69266,ANATOLE FRANCE     (Rue),45.7691173,4.8850773,Nuit avec éclairage allumé,En agglomération,Hors intersection,Normale,Sans collision,4,1,1,0,1,1,1,0,1,50,1,1,0,0,0,1,43.0,,voiture,,5,2,1,1,7
202000047708,2020-07-23 14:20:00,2020,7,23,14,20,69,69383,FELIX FAURE                         (AV),45.75351,4.85814,Plein jour,En agglomération,Hors intersection,Normale,Trois véhicules et plus - collisions multiples,4,2,3,3,1,1,1,0,1,50,4,6,5,0,0,1,57.0,45.0,voiture,voiture,1,2,1,1,5
202000047709,2020-07-23 02:30:00,2020,7,23,2,30,69,69266,MARTERET    (Rue),45.7772,4.8721,Nuit avec éclairage allumé,En agglomération,Intersection en T,Normale,Deux véhicules - côté,4,2,1,0,1,1,1,0,1,50,2,4,2,0,1,1,21.0,26.0,voiture,voiture,5,2,3,1,3
202000047710,2020-07-23 02:55:00,2020,7,23,2,55,69,69387,PIERRE DE COUBERTIN                 (AL),45.72184,4.83198,Nuit avec éclairage allumé,En agglomération,Hors intersection,Normale,Autre collision,4,2,2,1,1,1,1,0,5,50,1,2,0,0,1,1,,,,,5,2,1,1,6
202000047711,2020-07-23 15:40:00,2020,7,23,15,40,972,97213,ROUTE NATIONALE 6,14.597,-60.979,Plein jour,Hors agglomération,Hors intersection,Normale,Deux véhicules - arrière,2,2,0,0,1,1,1,0,1,90,2,2,0,0,1,1,34.0,28.0,deux_roues,voiture,1,1,1,1,2
202000047712,2020-07-22 16:20:00,2020,7,22,16,20,972,97213,ROUTE NATIONALE 1,14.601,-61.001,Plein jour,Hors agglomération,Autre intersection,Normale,Deux véhicules - arrière,1,1,4,0,1,1,1,9,1,90,2,2,1,0,0,1,55.0,42.0,deux_roues,autre,1,1,9,1,2
202000047713,2020-07-22 06:00:00,2020,7,22,6,0,972,97213,ROUTE NATIONALE 5,14.59466,-60.9843,Plein jour,Hors agglomération,Hors intersection,Pluie légère,Autre collision,2,1,3,0,1,3,2,0,1,70,1,1,0,0,0,1,30.0,,utilitaire_camion,,1,1,1,2,6
202000047714,2020-12-01 11:11:00,2020,12,1,11,11,45,45285,Rue Léon Foucault-rue Charles Coulomb,47.91269,1.864,Plein jour,En agglomération,Intersection en T,Normale,Deux véhicules - côté,4,2,2,0,1,1,1,0,1,50,2,2,1,0,0,1,66.0,49.0,deux_roues,voiture,1,2,3,1,3
202000047715,2020-12-01 07:35:00,2020,12,1,7,35,45,45302,Rue de la Montjoie,47.95121,1.88228,Nuit avec éclairage allumé,En agglomération,Hors intersection,Temps couvert,Autre collision,4,2,2,0,1,1,2,0,1,50,1,3,2,1,0,0,43.0,,transport_commun,,5,2,1,8,6
202000047716,2020-12-01 08:20:00,2020,12,1,8,20,44,44162,ROUTE DE VANNES,47.2454319,-1.6020479,Crépuscule ou aube,En agglomération,Giratoire,Pluie légère,Deux véhicules - côté,4,2,2,0,1,1,2,0,1,50,2,2,1,0,0,1,39.0,55.0,deux_roues,utilitaire_camion,2,2,6,2,3
202000047717,2020-12-01 09:03:00,2020,12,1,9,3,43,43089,43 Avenue de la Mairie,45.04545,3.86865,Plein jour,En agglomération,Hors intersection,Pluie légère,Deux véhicules - côté,3,2,2,0,1,1,2,0,1,50,2,3,1,1,0,1,42.0,15.0,utilitaire_camion,deux_roues,1,2,1,2,3
202000047718,2020-11-23 12:10:00,2020,11,23,12,10,37,37261,STENDHAL (AVENUE),47.3683521,0.70943,Plein jour,En agglomération,Hors intersection,Normale,Sans collision,4,2,2,1,1,1,1,0,3,50,1,1,0,0,1,0,34.0,,deux_roues,,1,2,1,1,7
202000047719,2020-12-01 23:27:00,2020,12,1,23,27,33,33192,AVE FAVARD,44.78124,-0.60238,Nuit avec éclairage allumé,En agglomération,Hors intersection,Normale,Deux véhicules - frontale,4,2,2,0,1,1,1,0,1,50,2,3,1,0,0,2,25.0,26.0,voiture,voiture,5,2,1,1,1
202000047720,2020-07-23 17:30:00,2020,7,23,17,30,69,69286,VICTOR HUGO                         (AV),45.8192,4.8936,Plein jour,En agglomération,Intersection en T,Normale,Deux véhicules - arrière,3,2,2,0,2,1,1,5,1,50,2,2,1,0,0,1,21.0,54.0,voiture,voiture,1,2,3,1,2
202000047721,2020-12-01 21:00:00,2020,12,1,21,0,33,33063,QUAI DES CHARTRONS,44.84993,-0.56977,Nuit avec éclairage allumé,En agglomération,Hors intersection,Autre,Autre collision,4,2,10,-1,1,1,1,0,5,25,1,2,1,0,0,1,31.0,,deux_roues,,5,2,1,9,6
202000047722,2020-12-01 13:30:00,2020,12,1,13,30,33,33522,RUE FREDERIC SEVENE,44.80423,-0.58127,Plein jour,En agglomération,Intersection en Y,Pluie légère,Deux véhicules - côté,4,2,2,0,2,3,2,0,8,50,2,2,1,0,0,1,55.0,60.0,voiture,deux_roues,1,2,4,2,3
202000047723,2020-11-30 10:05:00,2020,11,30,10,5,33,33063,BLANQUI (RUE ),44.87128,-0.55016,Plein jour,En agglomération,Intersection en X,Pluie légère,Deux véhicules - côté,4,1,2,2,1,1,2,0,1,50,2,2,1,0,0,1,76.0,14.0,voiture,voiture,1,2,2,2,3
202000047724,2020-11-30 19:06:00,2020,11,30,19,6,31,31555,IMP DU MIRAILHON,43.57786,1.39499,Nuit avec éclairage allumé,En agglomération,Hors intersection,Normale,Deux véhicules - frontale,4,2,1,0,1,1,1,0,1,50,2,3,1,0,2,0,15.0,37.0,deux_roues,voiture,5,2,1,1,1
202000047725,2020-11-30 19:03:00,2020,11,30,19,3,31,31555,AV PAUL SEJOURNE,43.60594,1.42814,Nuit avec éclairage allumé,En agglomération,Hors intersection,Normale,Deux véhicules - côté,4,2,5,0,1,1,1,0,1,50,2,1,0,0,1,0,58.0,,deux_roues,,5,2,1,1,3
202000047726,2020-12-01 18:15:00,2020,12,1,18,15,29,29232,Avenue Pierre Mendes-France,47.9770766,-4.1246116,Nuit avec éclairage allumé,En agglomération,Hors intersection,Normale,Autre collision,4,-1,2,0,1,1,1,0,1,50,1,2,1,0,1,0,39.0,,voiture,,5,2,1,1,6
202000047727,2020-11-29 21:10:00,2020,11,29,21,10,22,22360,RD700,48.48259,-2.76578,Nuit avec éclairage allumé,Hors agglomération,Hors intersection,Normale,Autre collision,3,3,4,0,1,1,1,0,1,90,1,1,0,0,1,0,41.0,,voiture,,5,1,1,1,6
202000047728,2020-11-30 14:00:00,2020,11,30,14,0,21,21231,Rue Berbisey,47.3172414,5.0335226,Plein jour,En agglomération,Intersection en T,Normale,Deux véhicules - côté,4,1,2,0,1,1,1,0,1,30,2,2,1,0,0,1,59.0,34.0,voiture,deux_roues,1,2,3,1,3
202000047729,2020-11-28 18:00:00,2020,11,28,18,0,21,21231,39 Rue Berbisey,47.318184,5.035889,Nuit avec éclairage allumé,En agglomération,Intersection en X,Normale,Deux véhicules - côté,4,2,2,0,1,1,1,0,1,30,2,2,1,0,0,1,19.0,55.0,deux_roues,voiture,5,2,2,1,3
202000047730,2020-11-30 16:30:00,2020,11,30,16,30,19,19031,SALOMON-A-CHANOUX (CHEMIN DE),45.17338,1.49177,Plein jour,Hors agglomération,Intersection en T,Temps éblouissant,Deux véhicules - frontale,3,2,2,0,1,2,1,0,1,90,2,2,1,0,1,0,63.0,28.0,deux_roues,utilitaire_camion,1,1,3,7,1
202000047731,2020-12-01 21:15:00,2020,12,1,21,15,13,13208,PARANGON (TRAVERSE),43.24248,5.37965,Nuit avec éclairage allumé,En agglomération,Intersection en T,Normale,Deux véhicules - côté,4,2,1,0,1,1,1,0,1,50,2,3,1,0,1,1,14.0,46.0,deux_roues,voiture,5,2,3,1,3
202000047732,2020-12-02 00:35:00,2020,12,2,0,35,13,13211,ADRIEN LEGROS (ROND POINT),43.287928,5.466257,Nuit avec éclairage allumé,En agglomération,Giratoire,Normale,Autre collision,4,2,2,0,1,1,1,0,1,50,1,1,0,0,0,1,20.0,,voiture,,5,2,6,1,6
202000047733,2020-12-01 18:15:00,2020,12,1,18,15,13,13212,SAINT PIERRE (RUE),43.29008,5.42602,Nuit avec éclairage allumé,En agglomération,Hors intersection,Normale,Deux véhicules - arrière,4,-1,1,0,1,1,1,0,1,50,2,2,1,0,0,1,22.0,35.0,deux_roues,voiture,5,2,1,1,2
202000047734,2020-12-01 14:45:00,2020,12,1,14,45,13,13212,TROIS LUCS (AVENUE DES),43.31177,5.464693,Plein jour,En agglomération,Intersection en T,Normale,Deux véhicules - côté,3,2,2,0,2,1,1,3,1,50,2,2,0,0,0,2,70.0,21.0,voiture,voiture,1,2,3,1,3
202000047735,2020-12-01 15:20:00,2020,12,1,15,20,13,13208,JEAN MERMOZ (RUE),43.2745742,5.3868728,Plein jour,En agglomération,Intersection en X,Temps couvert,Autre collision,4,1,1,0,1,1,1,0,1,50,1,2,1,0,0,1,33.0,,voiture,,1,2,2,8,6
202000047736,2020-12-01 12:20:00,2020,12,1,12,20,13,13210,ANDRE BARDON (rue),43.28521,5.42515,Plein jour,En agglomération,Hors intersection,Normale,Deux véhicules - arrière,4,2,4,0,1,1,1,2,1,50,2,1,0,0,0,1,63.0,,deux_roues,,1,2,1,1,2
202000047737,2020-11-30 17:30:00,2020,11,30,17,30,13,13211,SAINT MARCEL (BOULEVARD DE ),43.2873998,5.4655314,Crépuscule ou aube,En agglomération,Hors intersection,Normale,,4,-1,1,0,1,1,1,0,1,50,2,2,1,0,0,1,15.0,61.0,deux_roues,voiture,2,2,1,1,-1
202000047738,2020-11-30 11:40:00,2020,11,30,11,40,13,13208,PRADO (AVENUE DU),43.272734,5.39111,Plein jour,En agglomération,Autre intersection,Normale,Deux véhicules - côté,7,2,6,0,1,1,1,5,1,50,2,2,1,0,0,1,57.0,28.0,voiture,deux_roues,1,2,9,1,3
202000047739,2020-12-01 14:05:00,2020,12,1,14,5,13,13028,RIPERT (AVENUE EMILE),43.18844,5.61603,Plein jour,En agglomération,Hors intersection,Normale,Autre collision,4,2,2,0,1,1,1,0,1,50,1,2,1,0,0,1,32.0,,utilitaire_camion,,1,2,1,1,6
202000047740,2020-11-30 07:50:00,2020,11,30,7,50,13,13028,PUITS DE BRUNET (CHEMIN DU),43.186575,5.600381,Plein jour,En agglomération,Hors intersection,Normale,Trois véhicules et plus - en chaîne,3,1,1,0,1,1,1,0,1,50,3,4,0,0,0,4,26.0,29.0,utilitaire_camion,utilitaire_camion,1,2,1,1,4
202000047741,2020-11-30 17:00:00,2020,11,30,17,0,06,06083,CASTAGNINS (ROUTE DES),43.779957,7.481898,Crépuscule ou aube,En agglomération,Hors intersection,Autre,Deux véhicules - côté,3,4,2,0,2,1,1,0,1,30,2,2,1,0,0,1,40.0,29.0,utilitaire_camion,deux_roues,2,2,1,9,3
202000047742,2020-12-01 10:00:00,2020,12,1,10,0,06,06069,MADELEINE,43.6571157,6.9337155,Plein jour,En agglomération,Hors intersection,Normale,Trois véhicules et plus - collisions multiples,3,2,2,0,2,3,1,0,1,50,3,2,1,0,0,1,27.0,41.0,voiture,voiture,1,2,1,1,5
202000047743,2020-11-28 11:45:00,2020,11,28,11,45,05,05061,Bernard GIVAUDAN (Avenue) D900B,44.54068,6.06419,Plein jour,Hors agglomération,Hors intersection,Normale,Deux véhicules - arrière,3,2,2,0,1,1,1,0,1,50,2,3,0,0,0,3,39.0,22.0,voiture,voiture,1,1,1,1,2
202000047744,2020-11-18 17:44:00,2020,11,18,17,44,05,05061,JEAN MACE ( RUE ),44.561481,6.074027,Nuit avec éclairage non allumé,En agglomération,Hors intersection,Normale,Autre collision,4,-1,2,0,2,1,1,0,1,30,1,2,1,0,0,1,53.0,,deux_roues,,4,2,1,1,6